# D1 OCS2 DTC reference | source=ocs2_rollout primary=fk stair_rise=0.1 lane_y=0.0 comH=0.34
# frames: world=MuJoCo(x fwd,z up); rel=yaw-only base (Rz(-yaw)*(foot-base), z=foot_z-base_z)
# primary foothold = OCS2 FK foot (dynamically feasible) if primary=fk; region_*=terrain-snap sanity; st=stance valid=region_valid
base_x,base_y,base_z,base_pitch,base_yaw,FL_wx,FL_wy,FL_wz,FL_rx,FL_ry,FL_rz,FL_fkx,FL_fky,FL_fkz,FL_regx,FL_regy,FL_regz,FL_st,FL_valid,FR_wx,FR_wy,FR_wz,FR_rx,FR_ry,FR_rz,FR_fkx,FR_fky,FR_fkz,FR_regx,FR_regy,FR_regz,FR_st,FR_valid,HL_wx,HL_wy,HL_wz,HL_rx,HL_ry,HL_rz,HL_fkx,HL_fky,HL_fkz,HL_regx,HL_regy,HL_regz,HL_st,HL_valid,HR_wx,HR_wy,HR_wz,HR_rx,HR_ry,HR_rz,HR_fkx,HR_fky,HR_fkz,HR_regx,HR_regy,HR_regz,HR_st,HR_valid
0.0000,0.0000,0.3400,0.0000,0.0000,0.1934,0.1420,-0.0000,0.1934,0.1420,-0.3400,0.1934,0.1420,-0.0000,0.2918,0.1420,0.0000,1,1,0.1934,-0.1420,-0.0000,0.1934,-0.1420,-0.3400,0.1934,-0.1420,-0.0000,0.2918,-0.1420,0.0000,1,1,-0.1934,0.1420,-0.0000,-0.1934,0.1420,-0.3400,-0.1934,0.1420,-0.0000,-0.0950,0.1420,0.0000,1,1,-0.1934,-0.1420,-0.0000,-0.1934,-0.1420,-0.3400,-0.1934,-0.1420,-0.0000,-0.0950,-0.1420,0.0000,1,1
0.0003,0.0001,0.3401,-0.0018,0.0001,0.1933,0.1420,-0.0000,0.1930,0.1419,-0.3401,0.1933,0.1420,-0.0000,0.2251,0.1421,0.0000,1,1,0.1987,-0.1437,0.0043,0.1984,-0.1438,-0.3358,0.1987,-0.1437,0.0043,0.2921,-0.1419,0.0000,0,1,-0.1876,0.1422,0.0044,-0.1879,0.1421,-0.3357,-0.1876,0.1422,0.0044,-0.0947,0.1421,0.0000,0,1,-0.1935,-0.1420,0.0000,-0.1938,-0.1421,-0.3401,-0.1935,-0.1420,0.0000,-0.1617,-0.1419,0.0000,1,1
0.0012,0.0005,0.3405,-0.0065,0.0001,0.1933,0.1420,-0.0001,0.1921,0.1415,-0.3406,0.1933,0.1420,-0.0001,0.2240,0.1425,0.0000,1,1,0.2058,-0.1451,0.0128,0.2046,-0.1456,-0.3277,0.2058,-0.1451,0.0128,0.2930,-0.1415,0.0000,0,1,-0.1799,0.1420,0.0129,-0.1811,0.1415,-0.3276,-0.1799,0.1420,0.0129,-0.0938,0.1425,0.0000,0,1,-0.1935,-0.1420,0.0000,-0.1947,-0.1425,-0.3405,-0.1935,-0.1420,0.0000,-0.1628,-0.1415,0.0000,1,1
0.0025,0.0011,0.3410,-0.0118,0.0002,0.1933,0.1421,-0.0001,0.1908,0.1410,-0.3411,0.1933,0.1421,-0.0001,0.2233,0.1431,0.0000,1,1,0.2131,-0.1461,0.0240,0.2106,-0.1472,-0.3170,0.2131,-0.1461,0.0240,0.2944,-0.1409,0.0000,0,1,-0.1720,0.1420,0.0242,-0.1745,0.1409,-0.3168,-0.1720,0.1420,0.0242,-0.0925,0.1431,0.0000,0,1,-0.1935,-0.1419,0.0000,-0.1960,-0.1430,-0.3410,-0.1935,-0.1419,0.0000,-0.1634,-0.1409,0.0000,1,1
0.0041,0.0019,0.3416,-0.0166,0.0002,0.1933,0.1421,-0.0001,0.1892,0.1402,-0.3417,0.1933,0.1421,-0.0001,0.2229,0.1440,0.0000,1,1,0.2199,-0.1464,0.0368,0.2158,-0.1483,-0.3048,0.2199,-0.1464,0.0368,0.2960,-0.1400,0.0000,0,1,-0.1649,0.1424,0.0370,-0.1690,0.1405,-0.3046,-0.1649,0.1424,0.0370,-0.0909,0.1439,0.0000,0,1,-0.1935,-0.1419,-0.0000,-0.1976,-0.1438,-0.3416,-0.1935,-0.1419,-0.0000,-0.1638,-0.1401,0.0000,1,1
0.0060,0.0029,0.3422,-0.0205,0.0003,0.1933,0.1421,-0.0001,0.1873,0.1391,-0.3423,0.1933,0.1421,-0.0001,0.2227,0.1450,0.0000,1,1,0.2259,-0.1460,0.0499,0.2199,-0.1490,-0.2923,0.2259,-0.1460,0.0499,0.2978,-0.1390,0.0000,0,1,-0.1588,0.1432,0.0501,-0.1648,0.1403,-0.2921,-0.1588,0.1432,0.0501,-0.0891,0.1449,0.0000,0,1,-0.1935,-0.1419,-0.0000,-0.1995,-0.1447,-0.3422,-0.1935,-0.1419,-0.0000,-0.1640,-0.1391,0.0000,1,1
0.0080,0.0041,0.3426,-0.0231,0.0005,0.1933,0.1421,-0.0001,0.1854,0.1379,-0.3427,0.1933,0.1421,-0.0001,0.2227,0.1462,0.0000,1,1,0.2311,-0.1450,0.0619,0.2230,-0.1492,-0.2807,0.2311,-0.1450,0.0619,0.2998,-0.1378,0.0000,0,1,-0.1536,0.1444,0.0621,-0.1615,0.1404,-0.2805,-0.1536,0.1444,0.0621,-0.0871,0.1460,0.0000,0,1,-0.1935,-0.1419,-0.0000,-0.2016,-0.1459,-0.3426,-0.1935,-0.1419,-0.0000,-0.1640,-0.1380,0.0000,1,1
0.0101,0.0055,0.3430,-0.0248,0.0006,0.1933,0.1421,-0.0000,0.1833,0.1365,-0.3430,0.1933,0.1421,-0.0000,0.2228,0.1476,0.0000,1,1,0.2358,-0.1436,0.0716,0.2256,-0.1492,-0.2714,0.2358,-0.1436,0.0716,0.3020,-0.1364,0.0000,0,1,-0.1491,0.1459,0.0718,-0.1591,0.1405,-0.2712,-0.1491,0.1459,0.0718,-0.0850,0.1474,0.0000,0,1,-0.1935,-0.1419,-0.0000,-0.2037,-0.1473,-0.3430,-0.1935,-0.1419,-0.0000,-0.1638,-0.1366,0.0000,1,1
0.0123,0.0069,0.3433,-0.0254,0.0006,0.1933,0.1421,-0.0000,0.1811,0.1351,-0.3433,0.1933,0.1421,-0.0000,0.2230,0.1490,0.0000,1,1,0.2401,-0.1418,0.0778,0.2277,-0.1488,-0.2655,0.2401,-0.1418,0.0778,0.3042,-0.1350,0.0000,0,1,-0.1451,0.1478,0.0780,-0.1573,0.1410,-0.2653,-0.1451,0.1478,0.0780,-0.0828,0.1488,0.0000,0,1,-0.1935,-0.1419,-0.0001,-0.2059,-0.1487,-0.3434,-0.1935,-0.1419,-0.0001,-0.1636,-0.1352,0.0000,1,1
0.0146,0.0085,0.3435,-0.0250,0.0005,0.1933,0.1421,-0.0000,0.1788,0.1335,-0.3435,0.1933,0.1421,-0.0000,0.2234,0.1506,0.0000,1,1,0.2443,-0.1400,0.0792,0.2296,-0.1486,-0.2643,0.2443,-0.1400,0.0792,0.3065,-0.1334,0.0000,0,1,-0.1413,0.1500,0.0794,-0.1558,0.1416,-0.2641,-0.1413,0.1500,0.0794,-0.0804,0.1504,0.0000,0,1,-0.1935,-0.1419,-0.0001,-0.2082,-0.1503,-0.3436,-0.1935,-0.1419,-0.0001,-0.1633,-0.1336,0.0000,1,1
0.0170,0.0101,0.3435,-0.0239,0.0003,0.1933,0.1422,0.0000,0.1763,0.1320,-0.3435,0.1933,0.1422,0.0000,0.2238,0.1522,0.0000,1,1,0.2484,-0.1382,0.0756,0.2314,-0.1484,-0.2679,0.2484,-0.1382,0.0756,0.3089,-0.1318,0.0000,0,1,-0.1375,0.1526,0.0758,-0.1545,0.1425,-0.2677,-0.1375,0.1526,0.0758,-0.0780,0.1521,0.0000,0,1,-0.1935,-0.1418,-0.0001,-0.2105,-0.1518,-0.3436,-0.1935,-0.1418,-0.0001,-0.1629,-0.1319,0.0000,1,1
0.0195,0.0119,0.3435,-0.0221,0.0001,0.1933,0.1422,0.0000,0.1738,0.1303,-0.3435,0.1933,0.1422,0.0000,0.2243,0.1539,0.0000,1,1,0.2527,-0.1363,0.0680,0.2332,-0.1482,-0.2755,0.2527,-0.1363,0.0680,0.3113,-0.1301,0.0000,0,1,-0.1336,0.1556,0.0682,-0.1531,0.1437,-0.2753,-0.1336,0.1556,0.0682,-0.0755,0.1539,0.0000,0,1,-0.1935,-0.1418,-0.0001,-0.2130,-0.1537,-0.3436,-0.1935,-0.1418,-0.0001,-0.1625,-0.1301,0.0000,1,1
0.0221,0.0137,0.3434,-0.0200,-0.0003,0.1934,0.1422,0.0000,0.1713,0.1286,-0.3434,0.1934,0.1422,0.0000,0.2249,0.1556,0.0000,1,1,0.2571,-0.1344,0.0577,0.2350,-0.1480,-0.2857,0.2571,-0.1344,0.0577,0.3138,-0.1284,0.0000,0,1,-0.1297,0.1591,0.0578,-0.1518,0.1454,-0.2856,-0.1297,0.1591,0.0578,-0.0729,0.1557,0.0000,0,1,-0.1934,-0.1418,-0.0001,-0.2155,-0.1556,-0.3435,-0.1934,-0.1418,-0.0001,-0.1620,-0.1283,0.0000,1,1
0.0248,0.0155,0.3433,-0.0176,-0.0008,0.1934,0.1422,0.0001,0.1685,0.1268,-0.3432,0.1934,0.1422,0.0001,0.2257,0.1574,0.0000,1,1,0.2616,-0.1325,0.0456,0.2369,-0.1478,-0.2977,0.2616,-0.1325,0.0456,0.3164,-0.1266,0.0000,0,1,-0.1258,0.1630,0.0457,-0.1507,0.1474,-0.2976,-0.1258,0.1630,0.0457,-0.0701,0.1577,0.0000,0,1,-0.1934,-0.1418,-0.0001,-0.2181,-0.1575,-0.3434,-0.1934,-0.1418,-0.0001,-0.1614,-0.1263,0.0000,1,1
0.0276,0.0174,0.3431,-0.0154,-0.0013,0.1934,0.1422,0.0001,0.1656,0.1250,-0.3430,0.1934,0.1422,0.0001,0.2266,0.1592,0.0000,1,1,0.2664,-0.1306,0.0329,0.2390,-0.1477,-0.3102,0.2664,-0.1306,0.0329,0.3192,-0.1248,0.0000,0,1,-0.1219,0.1672,0.0330,-0.1497,0.1496,-0.3101,-0.1219,0.1672,0.0330,-0.0672,0.1597,0.0000,0,1,-0.1934,-0.1418,-0.0002,-0.2208,-0.1595,-0.3433,-0.1934,-0.1418,-0.0002,-0.1606,-0.1243,0.0000,1,1
0.0306,0.0194,0.3431,-0.0135,-0.0020,0.1934,0.1423,0.0001,0.1626,0.1232,-0.3430,0.1934,0.1423,0.0001,0.2277,0.1610,0.0000,1,1,0.2715,-0.1285,0.0207,0.2412,-0.1474,-0.3224,0.2715,-0.1285,0.0207,0.3221,-0.1230,0.0000,0,1,-0.1178,0.1714,0.0209,-0.1487,0.1517,-0.3222,-0.1178,0.1714,0.0209,-0.0641,0.1618,0.0000,0,1,-0.1934,-0.1417,-0.0002,-0.2237,-0.1615,-0.3433,-0.1934,-0.1417,-0.0002,-0.1597,-0.1222,0.0000,1,1
0.0338,0.0215,0.3432,-0.0123,-0.0026,0.1934,0.1423,0.0001,0.1593,0.1212,-0.3431,0.1934,0.1423,0.0001,0.2290,0.1630,0.0000,1,1,0.2771,-0.1264,0.0102,0.2437,-0.1473,-0.3330,0.2771,-0.1264,0.0102,0.3253,-0.1210,0.0000,0,1,-0.1133,0.1752,0.0103,-0.1475,0.1533,-0.3329,-0.1133,0.1752,0.0103,-0.0608,0.1640,0.0000,0,1,-0.1933,-0.1418,-0.0002,-0.2267,-0.1639,-0.3434,-0.1933,-0.1418,-0.0002,-0.1585,-0.1200,0.0000,1,1
0.0374,0.0236,0.3433,-0.0123,-0.0032,0.1935,0.1422,0.0001,0.1557,0.1191,-0.3432,0.1935,0.1422,0.0001,0.2307,0.1650,0.0000,1,1,0.2836,-0.1254,0.0024,0.2467,-0.1482,-0.3409,0.2836,-0.1254,0.0024,0.3288,-0.1190,0.0000,0,1,-0.1079,0.1774,0.0025,-0.1458,0.1533,-0.3408,-0.1079,0.1774,0.0025,-0.0571,0.1662,0.0000,0,1,-0.1933,-0.1418,-0.0002,-0.2302,-0.1661,-0.3435,-0.1933,-0.1418,-0.0002,-0.1570,-0.1178,0.0000,1,1
0.0414,0.0257,0.3433,-0.0136,-0.0037,0.2000,0.1424,0.0017,0.1582,0.1173,-0.3416,0.2000,0.1424,0.0017,0.3338,0.1669,0.0000,0,1,0.2873,-0.1259,-0.0004,0.2465,-0.1507,-0.3437,0.2873,-0.1259,-0.0004,0.2667,-0.1171,0.0000,1,1,-0.1046,0.1776,-0.0006,-0.1466,0.1514,-0.3439,-0.1046,0.1776,-0.0006,-0.1190,0.1684,0.0000,1,1,-0.1874,-0.1425,0.0015,-0.2282,-0.1690,-0.3418,-0.1874,-0.1425,0.0015,-0.0541,-0.1156,0.0000,0,1
0.0459,0.0270,0.3434,-0.0143,-0.0040,0.2128,0.1444,0.0083,0.1664,0.1181,-0.3351,0.2128,0.1444,0.0083,0.3383,0.1682,0.0000,0,1,0.2873,-0.1259,-0.0004,0.2420,-0.1519,-0.3438,0.2873,-0.1259,-0.0004,0.2691,-0.1158,0.0000,1,1,-0.1046,0.1775,-0.0007,-0.1511,0.1499,-0.3441,-0.1046,0.1775,-0.0007,-0.1165,0.1698,0.0000,1,1,-0.1753,-0.1415,0.0081,-0.2205,-0.1694,-0.3353,-0.1753,-0.1415,0.0081,-0.0497,-0.1142,0.0000,0,1
0.0507,0.0276,0.3436,-0.0143,-0.0040,0.2252,0.1468,0.0183,0.1740,0.1199,-0.3253,0.2252,0.1468,0.0183,0.3431,0.1689,0.0000,0,1,0.2873,-0.1259,-0.0003,0.2372,-0.1526,-0.3439,0.2873,-0.1259,-0.0003,0.2719,-0.1151,0.0000,1,1,-0.1046,0.1775,-0.0007,-0.1559,0.1493,-0.3443,-0.1046,0.1775,-0.0007,-0.1137,0.1704,0.0000,1,1,-0.1633,-0.1399,0.0181,-0.2133,-0.1684,-0.3255,-0.1633,-0.1399,0.0181,-0.0449,-0.1136,0.0000,0,1
0.0557,0.0277,0.3439,-0.0138,-0.0040,0.2370,0.1488,0.0305,0.1808,0.1218,-0.3134,0.2370,0.1488,0.0305,0.3481,0.1690,0.0000,0,1,0.2873,-0.1259,-0.0003,0.2322,-0.1527,-0.3442,0.2873,-0.1259,-0.0003,0.2749,-0.1150,0.0000,1,1,-0.1045,0.1775,-0.0007,-0.1608,0.1492,-0.3446,-0.1045,0.1775,-0.0007,-0.1107,0.1705,0.0000,1,1,-0.1517,-0.1385,0.0303,-0.2067,-0.1670,-0.3136,-0.1517,-0.1385,0.0303,-0.0399,-0.1135,0.0000,0,1
0.0608,0.0274,0.3442,-0.0132,-0.0039,0.2482,0.1504,0.0436,0.1869,0.1237,-0.3006,0.2482,0.1504,0.0436,0.3532,0.1686,0.0000,0,1,0.2874,-0.1259,-0.0003,0.2272,-0.1524,-0.3445,0.2874,-0.1259,-0.0003,0.2781,-0.1154,0.0000,1,1,-0.1045,0.1775,-0.0007,-0.1659,0.1495,-0.3449,-0.1045,0.1775,-0.0007,-0.1076,0.1701,0.0000,1,1,-0.1407,-0.1374,0.0434,-0.2009,-0.1656,-0.3008,-0.1407,-0.1374,0.0434,-0.0347,-0.1139,0.0000,0,1
0.0661,0.0267,0.3445,-0.0124,-0.0037,0.2587,0.1515,0.0563,0.1921,0.1255,-0.2882,0.2587,0.1515,0.0563,0.3584,0.1680,0.0000,0,1,0.2874,-0.1259,-0.0003,0.2219,-0.1518,-0.3448,0.2874,-0.1259,-0.0003,0.2813,-0.1160,0.0000,1,1,-0.1045,0.1775,-0.0008,-0.1712,0.1502,-0.3453,-0.1045,0.1775,-0.0008,-0.1044,0.1694,0.0000,1,1,-0.1302,-0.1366,0.0561,-0.1957,-0.1640,-0.2884,-0.1302,-0.1366,0.0561,-0.0295,-0.1146,0.0000,0,1
0.0713,0.0257,0.3446,-0.0116,-0.0035,0.2687,0.1521,0.0674,0.1970,0.1271,-0.2772,0.2687,0.1521,0.0674,0.3636,0.1671,0.0000,0,1,0.2874,-0.1260,-0.0003,0.2166,-0.1509,-0.3449,0.2874,-0.1260,-0.0003,0.2846,-0.1169,0.0000,1,1,-0.1045,0.1775,-0.0008,-0.1763,0.1512,-0.3454,-0.1045,0.1775,-0.0008,-0.1012,0.1684,0.0000,1,1,-0.1203,-0.1362,0.0671,-0.1910,-0.1626,-0.2775,-0.1203,-0.1362,0.0671,-0.0242,-0.1156,0.0000,0,1
0.0766,0.0246,0.3448,-0.0109,-0.0031,0.2780,0.1522,0.0755,0.2010,0.1282,-0.2693,0.2780,0.1522,0.0755,0.3689,0.1660,0.0000,0,1,0.2874,-0.1260,-0.0002,0.2113,-0.1499,-0.3450,0.2874,-0.1260,-0.0002,0.2880,-0.1180,0.0000,1,1,-0.1044,0.1775,-0.0008,-0.1815,0.1523,-0.3456,-0.1044,0.1775,-0.0008,-0.0979,0.1672,0.0000,1,1,-0.1109,-0.1361,0.0752,-0.1870,-0.1613,-0.2696,-0.1109,-0.1361,0.0752,-0.0188,-0.1168,0.0000,0,1
0.0819,0.0233,0.3448,-0.0102,-0.0027,0.2870,0.1521,0.0794,0.2048,0.1294,-0.2654,0.2870,0.1521,0.0794,0.3741,0.1648,0.0000,0,1,0.2875,-0.1260,-0.0002,0.2060,-0.1487,-0.3450,0.2875,-0.1260,-0.0002,0.2913,-0.1192,0.0000,1,1,-0.1044,0.1775,-0.0008,-0.1867,0.1537,-0.3456,-0.1044,0.1775,-0.0008,-0.0947,0.1659,0.0000,1,1,-0.1019,-0.1365,0.0791,-0.1834,-0.1603,-0.2657,-0.1019,-0.1365,0.0791,-0.0135,-0.1181,0.0000,0,1
0.0871,0.0220,0.3448,-0.0095,-0.0022,0.2958,0.1517,0.0782,0.2084,0.1302,-0.2666,0.2958,0.1517,0.0782,0.3792,0.1636,0.0000,0,1,0.2875,-0.1260,-0.0002,0.2007,-0.1476,-0.3450,0.2875,-0.1260,-0.0002,0.2946,-0.1204,0.0000,1,1,-0.1044,0.1774,-0.0008,-0.1918,0.1550,-0.3456,-0.1044,0.1774,-0.0008,-0.0916,0.1644,0.0000,1,1,-0.0932,-0.1374,0.0779,-0.1799,-0.1598,-0.2669,-0.0932,-0.1374,0.0779,-0.0082,-0.1196,0.0000,0,1
0.0923,0.0206,0.3447,-0.0088,-0.0016,0.3045,0.1512,0.0725,0.2120,0.1309,-0.2722,0.3045,0.1512,0.0725,0.3844,0.1623,0.0000,0,1,0.2875,-0.1260,-0.0002,0.1954,-0.1463,-0.3449,0.2875,-0.1260,-0.0002,0.2979,-0.1217,0.0000,1,1,-0.1044,0.1774,-0.0009,-0.1970,0.1565,-0.3456,-0.1044,0.1774,-0.0009,-0.0884,0.1629,0.0000,1,1,-0.0845,-0.1387,0.0722,-0.1765,-0.1596,-0.2725,-0.0845,-0.1387,0.0722,-0.0029,-0.1211,0.0000,0,1
0.0975,0.0192,0.3445,-0.0082,-0.0010,0.3133,0.1507,0.0634,0.2157,0.1317,-0.2811,0.3133,0.1507,0.0634,0.3894,0.1610,0.0000,0,1,0.2875,-0.1260,-0.0002,0.1901,-0.1450,-0.3447,0.2875,-0.1260,-0.0002,0.3012,-0.1230,0.0000,1,1,-0.1043,0.1774,-0.0009,-0.2020,0.1580,-0.3454,-0.1043,0.1774,-0.0009,-0.0854,0.1613,0.0000,1,1,-0.0758,-0.1404,0.0631,-0.1731,-0.1598,-0.2814,-0.0758,-0.1404,0.0631,0.0024,-0.1227,0.0000,0,1
0.1026,0.0177,0.3443,-0.0076,-0.0003,0.3223,0.1503,0.0520,0.2197,0.1327,-0.2923,0.3223,0.1503,0.0520,0.3945,0.1596,0.0000,0,1,0.2875,-0.1261,-0.0001,0.1849,-0.1437,-0.3444,0.2875,-0.1261,-0.0001,0.3044,-0.1244,0.0000,1,1,-0.1043,0.1774,-0.0009,-0.2069,0.1596,-0.3452,-0.1043,0.1774,-0.0009,-0.0823,0.1598,0.0000,1,1,-0.0669,-0.1423,0.0517,-0.1695,-0.1601,-0.2926,-0.0669,-0.1423,0.0517,0.0076,-0.1242,0.0000,0,1
0.1078,0.0163,0.3440,-0.0071,0.0004,0.3316,0.1499,0.0395,0.2239,0.1335,-0.3045,0.3316,0.1499,0.0395,0.3995,0.1583,0.0000,0,1,0.2876,-0.1261,-0.0001,0.1797,-0.1425,-0.3441,0.2876,-0.1261,-0.0001,0.3076,-0.1257,0.0000,1,1,-0.1043,0.1774,-0.0009,-0.2120,0.1612,-0.3449,-0.1043,0.1774,-0.0009,-0.0793,0.1582,0.0000,1,1,-0.0578,-0.1444,0.0391,-0.1657,-0.1606,-0.3049,-0.0578,-0.1444,0.0391,0.0128,-0.1258,0.0000,0,1
0.1129,0.0148,0.3439,-0.0066,0.0011,0.3410,0.1494,0.0269,0.2282,0.1343,-0.3170,0.3410,0.1494,0.0269,0.4046,0.1570,0.0000,0,1,0.2876,-0.1261,-0.0001,0.1745,-0.1411,-0.3440,0.2876,-0.1261,-0.0001,0.3109,-0.1270,0.0000,1,1,-0.1043,0.1774,-0.0009,-0.2170,0.1628,-0.3448,-0.1043,0.1774,-0.0009,-0.0762,0.1566,0.0000,1,1,-0.0486,-0.1466,0.0266,-0.1617,-0.1612,-0.3173,-0.0486,-0.1466,0.0266,0.0181,-0.1274,0.0000,0,1
0.1182,0.0134,0.3438,-0.0059,0.0018,0.3505,0.1487,0.0154,0.2325,0.1349,-0.3284,0.3505,0.1487,0.0154,0.4097,0.1557,0.0000,0,1,0.2876,-0.1261,-0.0001,0.1691,-0.1398,-0.3439,0.2876,-0.1261,-0.0001,0.3142,-0.1283,0.0000,1,1,-0.1043,0.1773,-0.0010,-0.2222,0.1643,-0.3448,-0.1043,0.1773,-0.0010,-0.0731,0.1550,0.0000,1,1,-0.0393,-0.1486,0.0151,-0.1578,-0.1617,-0.3287,-0.0393,-0.1486,0.0151,0.0234,-0.1290,0.0000,0,1
0.1235,0.0119,0.3438,-0.0041,0.0025,0.3597,0.1477,0.0061,0.2365,0.1352,-0.3377,0.3597,0.1477,0.0061,0.4149,0.1544,0.0000,0,1,0.2876,-0.1261,-0.0001,0.1638,-0.1384,-0.3439,0.2876,-0.1261,-0.0001,0.3177,-0.1296,0.0000,1,1,-0.1043,0.1773,-0.0010,-0.2274,0.1660,-0.3448,-0.1043,0.1773,-0.0010,-0.0699,0.1534,0.0000,1,1,-0.0302,-0.1504,0.0058,-0.1541,-0.1619,-0.3380,-0.0302,-0.1504,0.0058,0.0289,-0.1306,0.0000,0,1
0.1289,0.0104,0.3438,-0.0001,0.0032,0.3684,0.1467,-0.0005,0.2399,0.1355,-0.3443,0.3684,0.1467,-0.0005,0.3553,0.1530,0.0000,1,1,0.2875,-0.1261,-0.0001,0.1582,-0.1370,-0.3439,0.2875,-0.1261,-0.0001,0.4212,-0.1310,0.0000,0,1,-0.1044,0.1773,-0.0009,-0.2328,0.1676,-0.3447,-0.1044,0.1773,-0.0009,0.0335,0.1517,0.0000,0,1,-0.0219,-0.1518,-0.0006,-0.1513,-0.1617,-0.3444,-0.0219,-0.1518,-0.0006,-0.0306,-0.1323,0.0000,1,1
0.1345,0.0089,0.3437,0.0030,0.0039,0.3684,0.1468,-0.0005,0.2344,0.1370,-0.3442,0.3684,0.1468,-0.0005,0.3587,0.1517,0.0000,1,1,0.2987,-0.1280,0.0043,0.1637,-0.1375,-0.3394,0.2987,-0.1280,0.0043,0.4268,-0.1323,0.0000,0,1,-0.0936,0.1753,0.0035,-0.2274,0.1673,-0.3402,-0.0936,0.1753,0.0035,0.0389,0.1502,0.0000,0,1,-0.0219,-0.1518,-0.0006,-0.1570,-0.1601,-0.3443,-0.0219,-0.1518,-0.0006,-0.0270,-0.1338,0.0000,1,1
0.1398,0.0077,0.3438,0.0038,0.0044,0.3684,0.1468,-0.0005,0.2292,0.1381,-0.3443,0.3684,0.1468,-0.0005,0.3620,0.1505,0.0000,1,1,0.3107,-0.1300,0.0127,0.1703,-0.1385,-0.3311,0.3107,-0.1300,0.0127,0.4322,-0.1335,0.0000,0,1,-0.0816,0.1725,0.0120,-0.2207,0.1658,-0.3318,-0.0816,0.1725,0.0120,0.0442,0.1488,0.0000,0,1,-0.0219,-0.1518,-0.0006,-0.1624,-0.1588,-0.3444,-0.0219,-0.1518,-0.0006,-0.0236,-0.1351,0.0000,1,1
0.1448,0.0067,0.3440,0.0035,0.0047,0.3684,0.1467,-0.0005,0.2243,0.1389,-0.3445,0.3684,0.1467,-0.0005,0.3650,0.1496,0.0000,1,1,0.3223,-0.1319,0.0240,0.1768,-0.1394,-0.3200,0.3223,-0.1319,0.0240,0.4373,-0.1344,0.0000,0,1,-0.0699,0.1698,0.0233,-0.2139,0.1641,-0.3207,-0.0699,0.1698,0.0233,0.0492,0.1478,0.0000,0,1,-0.0219,-0.1518,-0.0006,-0.1674,-0.1577,-0.3446,-0.0219,-0.1518,-0.0006,-0.0205,-0.1362,0.0000,1,1
0.1497,0.0058,0.3443,0.0027,0.0049,0.3684,0.1467,-0.0005,0.2194,0.1398,-0.3448,0.3684,0.1467,-0.0005,0.3678,0.1488,0.0000,1,1,0.3332,-0.1337,0.0368,0.1828,-0.1404,-0.3075,0.3332,-0.1337,0.0368,0.4422,-0.1352,0.0000,0,1,-0.0588,0.1673,0.0360,-0.2077,0.1625,-0.3083,-0.0588,0.1673,0.0360,0.0540,0.1469,0.0000,0,1,-0.0219,-0.1518,-0.0007,-0.1724,-0.1568,-0.3450,-0.0219,-0.1518,-0.0007,-0.0176,-0.1371,0.0000,1,1
0.1543,0.0052,0.3446,0.0017,0.0049,0.3684,0.1467,-0.0005,0.2148,0.1404,-0.3451,0.3684,0.1467,-0.0005,0.3704,0.1481,0.0000,1,1,0.3434,-0.1353,0.0499,0.1884,-0.1414,-0.2947,0.3434,-0.1353,0.0499,0.4468,-0.1359,0.0000,0,1,-0.0483,0.1649,0.0491,-0.2018,0.1607,-0.2955,-0.0483,0.1649,0.0491,0.0586,0.1462,0.0000,0,1,-0.0219,-0.1518,-0.0007,-0.1770,-0.1561,-0.3453,-0.0219,-0.1518,-0.0007,-0.0150,-0.1378,0.0000,1,1
0.1587,0.0046,0.3448,0.0006,0.0048,0.3685,0.1467,-0.0004,0.2105,0.1411,-0.3452,0.3685,0.1467,-0.0004,0.3729,0.1475,0.0000,1,1,0.3527,-0.1366,0.0620,0.1933,-0.1421,-0.2828,0.3527,-0.1366,0.0620,0.4512,-0.1365,0.0000,0,1,-0.0386,0.1627,0.0611,-0.1965,0.1590,-0.2837,-0.0386,0.1627,0.0611,0.0631,0.1457,0.0000,0,1,-0.0218,-0.1518,-0.0007,-0.1812,-0.1555,-0.3455,-0.0218,-0.1518,-0.0007,-0.0126,-0.1383,0.0000,1,1
0.1631,0.0041,0.3450,-0.0005,0.0045,0.3685,0.1467,-0.0004,0.2060,0.1417,-0.3454,0.3685,0.1467,-0.0004,0.3752,0.1470,0.0000,1,1,0.3613,-0.1377,0.0717,0.1976,-0.1427,-0.2733,0.3613,-0.1377,0.0717,0.4555,-0.1370,0.0000,0,1,-0.0297,0.1607,0.0708,-0.1921,0.1575,-0.2742,-0.0297,0.1607,0.0708,0.0674,0.1453,0.0000,0,1,-0.0218,-0.1519,-0.0007,-0.1856,-0.1552,-0.3457,-0.0218,-0.1519,-0.0007,-0.0103,-0.1387,0.0000,1,1
0.1673,0.0038,0.3450,-0.0015,0.0042,0.3685,0.1467,-0.0004,0.2018,0.1421,-0.3454,0.3685,0.1467,-0.0004,0.3775,0.1466,0.0000,1,1,0.3693,-0.1387,0.0779,0.2014,-0.1433,-0.2671,0.3693,-0.1387,0.0779,0.4597,-0.1374,0.0000,0,1,-0.0214,0.1590,0.0770,-0.1880,0.1560,-0.2680,-0.0214,0.1590,0.0770,0.0717,0.1450,0.0000,0,1,-0.0218,-0.1519,-0.0007,-0.1898,-0.1549,-0.3457,-0.0218,-0.1519,-0.0007,-0.0081,-0.1390,0.0000,1,1
0.1714,0.0035,0.3450,-0.0023,0.0037,0.3685,0.1467,-0.0004,0.1976,0.1425,-0.3454,0.3685,0.1467,-0.0004,0.3797,0.1462,0.0000,1,1,0.3769,-0.1397,0.0793,0.2050,-0.1440,-0.2657,0.3769,-0.1397,0.0793,0.4637,-0.1378,0.0000,0,1,-0.0136,0.1577,0.0783,-0.1844,0.1549,-0.2667,-0.0136,0.1577,0.0783,0.0759,0.1448,0.0000,0,1,-0.0218,-0.1519,-0.0007,-0.1938,-0.1547,-0.3457,-0.0218,-0.1519,-0.0007,-0.0061,-0.1392,0.0000,1,1
0.1754,0.0032,0.3449,-0.0029,0.0031,0.3685,0.1467,-0.0004,0.1935,0.1429,-0.3453,0.3685,0.1467,-0.0004,0.3818,0.1458,0.0000,1,1,0.3841,-0.1408,0.0757,0.2083,-0.1446,-0.2692,0.3841,-0.1408,0.0757,0.4677,-0.1382,0.0000,0,1,-0.0062,0.1568,0.0747,-0.1811,0.1542,-0.2702,-0.0062,0.1568,0.0747,0.0800,0.1446,0.0000,0,1,-0.0218,-0.1519,-0.0007,-0.1977,-0.1545,-0.3456,-0.0218,-0.1519,-0.0007,-0.0041,-0.1394,0.0000,1,1
0.1795,0.0030,0.3447,-0.0033,0.0025,0.3686,0.1467,-0.0004,0.1895,0.1432,-0.3451,0.3686,0.1467,-0.0004,0.3839,0.1455,0.0000,1,1,0.3914,-0.1420,0.0681,0.2115,-0.1455,-0.2766,0.3914,-0.1420,0.0681,0.4716,-0.1385,0.0000,0,1,0.0012,0.1562,0.0672,-0.1779,0.1536,-0.2775,0.0012,0.1562,0.0672,0.0841,0.1445,0.0000,0,1,-0.0217,-0.1519,-0.0007,-0.2016,-0.1544,-0.3454,-0.0217,-0.1519,-0.0007,-0.0022,-0.1395,0.0000,1,1
0.1835,0.0028,0.3445,-0.0035,0.0018,0.3686,0.1467,-0.0004,0.1854,0.1436,-0.3449,0.3686,0.1467,-0.0004,0.3860,0.1452,0.0000,1,1,0.3987,-0.1434,0.0578,0.2149,-0.1466,-0.2867,0.3987,-0.1434,0.0578,0.4756,-0.1388,0.0000,0,1,0.0086,0.1557,0.0568,-0.1746,0.1532,-0.2877,0.0086,0.1557,0.0568,0.0882,0.1445,0.0000,0,1,-0.0217,-0.1519,-0.0007,-0.2055,-0.1543,-0.3452,-0.0217,-0.1519,-0.0007,-0.0002,-0.1395,0.0000,1,1
0.1876,0.0027,0.3443,-0.0035,0.0011,0.3686,0.1467,-0.0004,0.1812,0.1438,-0.3447,0.3686,0.1467,-0.0004,0.3882,0.1449,0.0000,1,1,0.4061,-0.1449,0.0457,0.2183,-0.1478,-0.2986,0.4061,-0.1449,0.0457,0.4795,-0.1391,0.0000,0,1,0.0161,0.1554,0.0447,-0.1713,0.1529,-0.2996,0.0161,0.1554,0.0447,0.0924,0.1445,0.0000,0,1,-0.0217,-0.1519,-0.0007,-0.2095,-0.1544,-0.3450,-0.0217,-0.1519,-0.0007,0.0017,-0.1395,0.0000,1,1
0.1917,0.0026,0.3441,-0.0033,0.0004,0.3686,0.1467,-0.0004,0.1770,0.1440,-0.3445,0.3686,0.1467,-0.0004,0.3904,0.1446,0.0000,1,1,0.4136,-0.1464,0.0330,0.2218,-0.1491,-0.3111,0.4136,-0.1464,0.0330,0.4835,-0.1394,0.0000,0,1,0.0237,0.1552,0.0320,-0.1679,0.1527,-0.3121,0.0237,0.1552,0.0320,0.0966,0.1445,0.0000,0,1,-0.0217,-0.1519,-0.0007,-0.2135,-0.1544,-0.3448,-0.0217,-0.1519,-0.0007,0.0037,-0.1395,0.0000,1,1
0.1959,0.0024,0.3439,-0.0027,-0.0004,0.3686,0.1467,-0.0004,0.1726,0.1444,-0.3443,0.3686,0.1467,-0.0004,0.3928,0.1444,0.0000,1,1,0.4213,-0.1478,0.0208,0.2255,-0.1501,-0.3231,0.4213,-0.1478,0.0208,0.4877,-0.1396,0.0000,0,1,0.0314,0.1549,0.0198,-0.1646,0.1524,-0.3241,0.0314,0.1549,0.0198,0.1010,0.1445,0.0000,0,1,-0.0217,-0.1519,-0.0007,-0.2175,-0.1544,-0.3446,-0.0217,-0.1519,-0.0007,0.0059,-0.1395,0.0000,1,1
0.2004,0.0023,0.3439,-0.0014,-0.0012,0.3686,0.1467,-0.0004,0.1680,0.1446,-0.3443,0.3686,0.1467,-0.0004,0.3953,0.1441,0.0000,1,1,0.4288,-0.1489,0.0103,0.2286,-0.1509,-0.3336,0.4288,-0.1489,0.0103,0.4920,-0.1399,0.0000,0,1,0.0390,0.1543,0.0092,-0.1616,0.1518,-0.3347,0.0390,0.1543,0.0092,0.1055,0.1446,0.0000,0,1,-0.0217,-0.1519,-0.0007,-0.2219,-0.1545,-0.3446,-0.0217,-0.1519,-0.0007,0.0082,-0.1394,0.0000,1,1
0.2050,0.0022,0.3440,0.0016,-0.0020,0.3686,0.1467,-0.0004,0.1633,0.1448,-0.3444,0.3686,0.1467,-0.0004,0.3981,0.1439,0.0000,1,1,0.4361,-0.1496,0.0025,0.2314,-0.1513,-0.3415,0.4361,-0.1496,0.0025,0.4965,-0.1401,0.0000,0,1,0.0462,0.1535,0.0015,-0.1591,0.1510,-0.3425,0.0462,0.1535,0.0015,0.1103,0.1446,0.0000,0,1,-0.0217,-0.1519,-0.0007,-0.2264,-0.1546,-0.3447,-0.0217,-0.1519,-0.0007,0.0107,-0.1394,0.0000,1,1
0.2098,0.0022,0.3439,0.0059,-0.0028,0.3732,0.1468,0.0012,0.1630,0.1451,-0.3427,0.3732,0.1468,0.0012,0.5020,0.1437,0.0000,0,1,0.4395,-0.1499,-0.0006,0.2301,-0.1515,-0.3445,0.4395,-0.1499,-0.0006,0.4352,-0.1403,0.0000,1,1,0.0494,0.1531,-0.0015,-0.1608,0.1505,-0.3454,0.0494,0.1531,-0.0015,0.0492,0.1447,0.0000,1,1,-0.0173,-0.1521,0.0010,-0.2267,-0.1549,-0.3429,-0.0173,-0.1521,0.0010,0.1144,-0.1393,0.0000,0,1
0.2146,0.0021,0.3438,0.0073,-0.0034,0.3841,0.1469,0.0078,0.1690,0.1454,-0.3360,0.3841,0.1469,0.0078,0.5069,0.1435,0.0000,0,1,0.4395,-0.1499,-0.0006,0.2254,-0.1512,-0.3444,0.4395,-0.1499,-0.0006,0.4379,-0.1405,0.0000,1,1,0.0494,0.1531,-0.0015,-0.1657,0.1504,-0.3453,0.0494,0.1531,-0.0015,0.0521,0.1448,0.0000,1,1,-0.0067,-0.1520,0.0076,-0.2208,-0.1549,-0.3362,-0.0067,-0.1520,0.0076,0.1191,-0.1392,0.0000,0,1
0.2192,0.0020,0.3440,0.0069,-0.0038,0.3952,0.1470,0.0178,0.1754,0.1457,-0.3262,0.3952,0.1470,0.0178,0.5115,0.1433,0.0000,0,1,0.4395,-0.1499,-0.0006,0.2209,-0.1511,-0.3446,0.4395,-0.1499,-0.0006,0.4405,-0.1407,0.0000,1,1,0.0494,0.1531,-0.0015,-0.1704,0.1505,-0.3455,0.0494,0.1531,-0.0015,0.0547,0.1448,0.0000,1,1,0.0044,-0.1515,0.0176,-0.2142,-0.1543,-0.3264,0.0044,-0.1515,0.0176,0.1237,-0.1392,0.0000,0,1
0.2236,0.0019,0.3442,0.0058,-0.0042,0.4059,0.1471,0.0300,0.1817,0.1460,-0.3142,0.4059,0.1471,0.0300,0.5160,0.1431,0.0000,0,1,0.4395,-0.1499,-0.0006,0.2165,-0.1509,-0.3448,0.4395,-0.1499,-0.0006,0.4428,-0.1409,0.0000,1,1,0.0494,0.1531,-0.0015,-0.1748,0.1505,-0.3457,0.0494,0.1531,-0.0015,0.0572,0.1447,0.0000,1,1,0.0152,-0.1509,0.0298,-0.2078,-0.1537,-0.3144,0.0152,-0.1509,0.0298,0.1280,-0.1393,0.0000,0,1
0.2278,0.0017,0.3445,0.0044,-0.0044,0.4159,0.1471,0.0431,0.1875,0.1462,-0.3014,0.4159,0.1471,0.0431,0.5202,0.1429,0.0000,0,1,0.4395,-0.1499,-0.0006,0.2124,-0.1507,-0.3451,0.4395,-0.1499,-0.0006,0.4450,-0.1411,0.0000,1,1,0.0494,0.1531,-0.0015,-0.1791,0.1506,-0.3460,0.0494,0.1531,-0.0015,0.0594,0.1446,0.0000,1,1,0.0253,-0.1503,0.0429,-0.2018,-0.1529,-0.3016,0.0253,-0.1503,0.0429,0.1322,-0.1394,0.0000,0,1
0.2319,0.0015,0.3447,0.0029,-0.0045,0.4251,0.1470,0.0558,0.1925,0.1464,-0.2889,0.4251,0.1470,0.0558,0.5243,0.1426,0.0000,0,1,0.4396,-0.1499,-0.0006,0.2084,-0.1505,-0.3453,0.4396,-0.1499,-0.0006,0.4470,-0.1414,0.0000,1,1,0.0495,0.1531,-0.0015,-0.1831,0.1508,-0.3462,0.0495,0.1531,-0.0015,0.0615,0.1444,0.0000,1,1,0.0347,-0.1497,0.0556,-0.1965,-0.1521,-0.2891,0.0347,-0.1497,0.0556,0.1362,-0.1396,0.0000,0,1
0.2358,0.0012,0.3448,0.0015,-0.0045,0.4335,0.1469,0.0669,0.1970,0.1466,-0.2779,0.4335,0.1469,0.0669,0.5282,0.1424,0.0000,0,1,0.4396,-0.1499,-0.0006,0.2045,-0.1502,-0.3454,0.4396,-0.1499,-0.0006,0.4490,-0.1416,0.0000,1,1,0.0495,0.1531,-0.0015,-0.1870,0.1511,-0.3463,0.0495,0.1531,-0.0015,0.0634,0.1441,0.0000,1,1,0.0434,-0.1491,0.0666,-0.1917,-0.1512,-0.2782,0.0434,-0.1491,0.0666,0.1402,-0.1399,0.0000,0,1
0.2396,0.0010,0.3449,0.0002,-0.0043,0.4413,0.1467,0.0750,0.2011,0.1466,-0.2699,0.4413,0.1467,0.0750,0.5321,0.1422,0.0000,0,1,0.4396,-0.1499,-0.0006,0.2006,-0.1500,-0.3455,0.4396,-0.1499,-0.0006,0.4508,-0.1418,0.0000,1,1,0.0495,0.1531,-0.0016,-0.1908,0.1513,-0.3465,0.0495,0.1531,-0.0016,0.0653,0.1438,0.0000,1,1,0.0513,-0.1486,0.0747,-0.1877,-0.1504,-0.2702,0.0513,-0.1486,0.0747,0.1440,-0.1402,0.0000,0,1
0.2434,0.0007,0.3449,-0.0010,-0.0041,0.4485,0.1466,0.0789,0.2045,0.1467,-0.2660,0.4485,0.1466,0.0789,0.5358,0.1419,0.0000,0,1,0.4396,-0.1499,-0.0006,0.1968,-0.1498,-0.3455,0.4396,-0.1499,-0.0006,0.4526,-0.1421,0.0000,1,1,0.0495,0.1530,-0.0016,-0.1945,0.1515,-0.3465,0.0495,0.1530,-0.0016,0.0670,0.1435,0.0000,1,1,0.0587,-0.1483,0.0786,-0.1841,-0.1498,-0.2663,0.0587,-0.1483,0.0786,0.1478,-0.1405,0.0000,0,1
0.2471,0.0005,0.3448,-0.0018,-0.0037,0.4554,0.1467,0.0777,0.2078,0.1470,-0.2671,0.4554,0.1467,0.0777,0.5395,0.1418,0.0000,0,1,0.4396,-0.1499,-0.0006,0.1931,-0.1497,-0.3454,0.4396,-0.1499,-0.0006,0.4544,-0.1422,0.0000,1,1,0.0495,0.1530,-0.0016,-0.1982,0.1518,-0.3464,0.0495,0.1530,-0.0016,0.0687,0.1432,0.0000,1,1,0.0658,-0.1483,0.0774,-0.1807,-0.1495,-0.2674,0.0658,-0.1483,0.0774,0.1516,-0.1408,0.0000,0,1
0.2508,0.0002,0.3447,-0.0023,-0.0032,0.4622,0.1470,0.0720,0.2109,0.1475,-0.2727,0.4622,0.1470,0.0720,0.5431,0.1416,0.0000,0,1,0.4396,-0.1499,-0.0006,0.1893,-0.1495,-0.3453,0.4396,-0.1499,-0.0006,0.4562,-0.1424,0.0000,1,1,0.0495,0.1530,-0.0016,-0.2018,0.1522,-0.3463,0.0495,0.1530,-0.0016,0.0703,0.1428,0.0000,1,1,0.0726,-0.1485,0.0717,-0.1777,-0.1493,-0.2730,0.0726,-0.1485,0.0717,0.1554,-0.1412,0.0000,0,1
0.2545,-0.0000,0.3445,-0.0027,-0.0027,0.4690,0.1474,0.0629,0.2141,0.1480,-0.2816,0.4690,0.1474,0.0629,0.5467,0.1414,0.0000,0,1,0.4397,-0.1499,-0.0005,0.1856,-0.1494,-0.3450,0.4397,-0.1499,-0.0005,0.4579,-0.1426,0.0000,1,1,0.0496,0.1530,-0.0016,-0.2053,0.1524,-0.3461,0.0496,0.1530,-0.0016,0.0719,0.1425,0.0000,1,1,0.0795,-0.1490,0.0625,-0.1746,-0.1495,-0.2820,0.0795,-0.1490,0.0625,0.1591,-0.1415,0.0000,0,1
0.2583,-0.0003,0.3442,-0.0028,-0.0022,0.4758,0.1480,0.0515,0.2172,0.1488,-0.2927,0.4758,0.1480,0.0515,0.5504,0.1413,0.0000,0,1,0.4397,-0.1499,-0.0005,0.1817,-0.1492,-0.3447,0.4397,-0.1499,-0.0005,0.4597,-0.1427,0.0000,1,1,0.0496,0.1530,-0.0016,-0.2090,0.1528,-0.3458,0.0496,0.1530,-0.0016,0.0736,0.1422,0.0000,1,1,0.0864,-0.1496,0.0512,-0.1716,-0.1497,-0.2930,0.0864,-0.1496,0.0512,0.1629,-0.1418,0.0000,0,1
0.2621,-0.0004,0.3440,-0.0026,-0.0016,0.4828,0.1488,0.0390,0.2205,0.1496,-0.3050,0.4828,0.1488,0.0390,0.5541,0.1412,0.0000,0,1,0.4397,-0.1499,-0.0005,0.1778,-0.1492,-0.3445,0.4397,-0.1499,-0.0005,0.4616,-0.1428,0.0000,1,1,0.0496,0.1530,-0.0016,-0.2127,0.1531,-0.3456,0.0496,0.1530,-0.0016,0.0753,0.1419,0.0000,1,1,0.0935,-0.1503,0.0386,-0.1684,-0.1502,-0.3054,0.0935,-0.1503,0.0386,0.1668,-0.1421,0.0000,0,1
0.2660,-0.0006,0.3439,-0.0023,-0.0010,0.4899,0.1496,0.0264,0.2237,0.1504,-0.3175,0.4899,0.1496,0.0264,0.5579,0.1412,0.0000,0,1,0.4397,-0.1499,-0.0005,0.1738,-0.1491,-0.3444,0.4397,-0.1499,-0.0005,0.4636,-0.1428,0.0000,1,1,0.0496,0.1530,-0.0016,-0.2166,0.1534,-0.3455,0.0496,0.1530,-0.0016,0.0771,0.1416,0.0000,1,1,0.1007,-0.1510,0.0260,-0.1651,-0.1506,-0.3179,0.1007,-0.1510,0.0260,0.1708,-0.1424,0.0000,0,1
0.2701,-0.0008,0.3438,-0.0014,-0.0003,0.4970,0.1501,0.0149,0.2269,0.1510,-0.3289,0.4970,0.1501,0.0149,0.5619,0.1412,0.0000,0,1,0.4397,-0.1499,-0.0005,0.1696,-0.1490,-0.3443,0.4397,-0.1499,-0.0005,0.4658,-0.1428,0.0000,1,1,0.0496,0.1530,-0.0016,-0.2205,0.1537,-0.3454,0.0496,0.1530,-0.0016,0.0791,0.1413,0.0000,1,1,0.1079,-0.1515,0.0145,-0.1622,-0.1507,-0.3293,0.1079,-0.1515,0.0145,0.1750,-0.1427,0.0000,0,1
0.2744,-0.0009,0.3438,0.0005,0.0004,0.5041,0.1504,0.0056,0.2298,0.1512,-0.3382,0.5041,0.1504,0.0056,0.5661,0.1412,0.0000,0,1,0.4397,-0.1499,-0.0005,0.1652,-0.1491,-0.3443,0.4397,-0.1499,-0.0005,0.4682,-0.1428,0.0000,1,1,0.0496,0.1530,-0.0016,-0.2247,0.1540,-0.3454,0.0496,0.1530,-0.0016,0.0813,0.1410,0.0000,1,1,0.1150,-0.1516,0.0052,-0.1595,-0.1506,-0.3386,0.1150,-0.1516,0.0052,0.1794,-0.1430,0.0000,0,1
0.2789,-0.0010,0.3439,0.0045,0.0012,0.5106,0.1505,-0.0009,0.2319,0.1512,-0.3448,0.5106,0.1505,-0.0009,0.5705,0.1412,0.0000,0,1,0.4396,-0.1499,-0.0006,0.1605,-0.1491,-0.3445,0.4396,-0.1499,-0.0006,0.4708,-0.1428,0.0000,1,1,0.0495,0.1530,-0.0015,-0.2292,0.1543,-0.3454,0.0495,0.1530,-0.0015,0.0837,0.1407,0.0000,1,1,0.1214,-0.1513,-0.0012,-0.1577,-0.1501,-0.3451,0.1214,-0.1513,-0.0012,0.1840,-0.1433,0.0000,0,1
0.2835,-0.0011,0.3438,0.0071,0.0019,0.5106,0.1505,-0.0010,0.2274,0.1512,-0.3448,0.5106,0.1505,-0.0010,0.5081,0.1412,0.0000,1,1,0.4496,-0.1499,0.0038,0.1658,-0.1491,-0.3400,0.4496,-0.1499,0.0038,0.5756,-0.1428,0.0000,0,1,0.0591,0.1531,0.0029,-0.2241,0.1546,-0.3409,0.0591,0.1531,0.0029,0.1883,0.1405,0.0000,0,1,0.1214,-0.1513,-0.0012,-0.1624,-0.1499,-0.3450,0.1214,-0.1513,-0.0012,0.1218,-0.1435,0.0000,1,1
0.2881,-0.0012,0.3438,0.0072,0.0025,0.5106,0.1505,-0.0010,0.2229,0.1511,-0.3448,0.5106,0.1505,-0.0010,0.5105,0.1413,0.0000,1,1,0.4606,-0.1498,0.0123,0.1721,-0.1490,-0.3315,0.4606,-0.1498,0.0123,0.5802,-0.1427,0.0000,0,1,0.0700,0.1526,0.0114,-0.2177,0.1543,-0.3324,0.0700,0.1526,0.0114,0.1927,0.1403,0.0000,0,1,0.1214,-0.1513,-0.0012,-0.1671,-0.1497,-0.3450,0.1214,-0.1513,-0.0012,0.1244,-0.1437,0.0000,1,1
0.2924,-0.0012,0.3440,0.0064,0.0030,0.5106,0.1505,-0.0010,0.2187,0.1510,-0.3450,0.5106,0.1505,-0.0010,0.5128,0.1414,0.0000,1,1,0.4714,-0.1496,0.0236,0.1786,-0.1489,-0.3204,0.4714,-0.1496,0.0236,0.5846,-0.1426,0.0000,0,1,0.0810,0.1518,0.0226,-0.2109,0.1536,-0.3214,0.0810,0.1518,0.0226,0.1970,0.1402,0.0000,0,1,0.1214,-0.1513,-0.0012,-0.1714,-0.1496,-0.3452,0.1214,-0.1513,-0.0012,0.1268,-0.1438,0.0000,1,1
0.2966,-0.0011,0.3443,0.0050,0.0034,0.5106,0.1505,-0.0009,0.2145,0.1509,-0.3452,0.5106,0.1505,-0.0009,0.5149,0.1415,0.0000,1,1,0.4817,-0.1494,0.0364,0.1846,-0.1489,-0.3079,0.4817,-0.1494,0.0364,0.5889,-0.1425,0.0000,0,1,0.0913,0.1511,0.0354,-0.2048,0.1529,-0.3089,0.0913,0.1511,0.0354,0.2011,0.1402,0.0000,0,1,0.1214,-0.1513,-0.0012,-0.1757,-0.1496,-0.3455,0.1214,-0.1513,-0.0012,0.1291,-0.1438,0.0000,1,1
0.3006,-0.0010,0.3445,0.0035,0.0037,0.5106,0.1505,-0.0009,0.2106,0.1507,-0.3454,0.5106,0.1505,-0.0009,0.5169,0.1417,0.0000,1,1,0.4912,-0.1492,0.0495,0.1901,-0.1489,-0.2950,0.4912,-0.1492,0.0495,0.5929,-0.1423,0.0000,0,1,0.1010,0.1504,0.0485,-0.1990,0.1521,-0.2960,0.1010,0.1504,0.0485,0.2051,0.1403,0.0000,0,1,0.1214,-0.1513,-0.0012,-0.1798,-0.1496,-0.3457,0.1214,-0.1513,-0.0012,0.1311,-0.1437,0.0000,1,1
0.3045,-0.0008,0.3447,0.0020,0.0038,0.5106,0.1505,-0.0009,0.2067,0.1505,-0.3456,0.5106,0.1505,-0.0009,0.5188,0.1419,0.0000,1,1,0.5000,-0.1489,0.0615,0.1949,-0.1488,-0.2832,0.5000,-0.1489,0.0615,0.5969,-0.1421,0.0000,0,1,0.1099,0.1496,0.0605,-0.1940,0.1511,-0.2842,0.1099,0.1496,0.0605,0.2090,0.1404,0.0000,0,1,0.1215,-0.1513,-0.0013,-0.1836,-0.1498,-0.3460,0.1215,-0.1513,-0.0013,0.1331,-0.1436,0.0000,1,1
0.3083,-0.0006,0.3448,0.0006,0.0038,0.5107,0.1506,-0.0009,0.2030,0.1504,-0.3457,0.5107,0.1506,-0.0009,0.5206,0.1421,0.0000,1,1,0.5080,-0.1485,0.0712,0.1991,-0.1487,-0.2736,0.5080,-0.1485,0.0712,0.6007,-0.1419,0.0000,0,1,0.1181,0.1490,0.0702,-0.1896,0.1503,-0.2746,0.1181,0.1490,0.0702,0.2128,0.1406,0.0000,0,1,0.1215,-0.1513,-0.0013,-0.1874,-0.1500,-0.3461,0.1215,-0.1513,-0.0013,0.1349,-0.1434,0.0000,1,1
0.3121,-0.0004,0.3448,-0.0007,0.0037,0.5107,0.1506,-0.0009,0.1992,0.1503,-0.3457,0.5107,0.1506,-0.0009,0.5224,0.1423,0.0000,1,1,0.5154,-0.1482,0.0774,0.2028,-0.1486,-0.2674,0.5154,-0.1482,0.0774,0.6044,-0.1417,0.0000,0,1,0.1257,0.1485,0.0764,-0.1858,0.1496,-0.2684,0.1257,0.1485,0.0764,0.2166,0.1409,0.0000,0,1,0.1215,-0.1513,-0.0013,-0.1912,-0.1502,-0.3461,0.1215,-0.1513,-0.0013,0.1366,-0.1431,0.0000,1,1
0.3158,-0.0002,0.3448,-0.0016,0.0035,0.5107,0.1506,-0.0009,0.1954,0.1501,-0.3457,0.5107,0.1506,-0.0009,0.5241,0.1425,0.0000,1,1,0.5224,-0.1481,0.0788,0.2061,-0.1486,-0.2660,0.5224,-0.1481,0.0788,0.6081,-0.1415,0.0000,0,1,0.1328,0.1483,0.0777,-0.1825,0.1491,-0.2671,0.1328,0.1483,0.0777,0.2203,0.1411,0.0000,0,1,0.1215,-0.1513,-0.0013,-0.1948,-0.1504,-0.3461,0.1215,-0.1513,-0.0013,0.1383,-0.1429,0.0000,1,1
0.3194,0.0000,0.3447,-0.0023,0.0032,0.5107,0.1506,-0.0009,0.1918,0.1500,-0.3456,0.5107,0.1506,-0.0009,0.5258,0.1426,0.0000,1,1,0.5291,-0.1482,0.0752,0.2092,-0.1489,-0.2695,0.5291,-0.1482,0.0752,0.6117,-0.1414,0.0000,0,1,0.1396,0.1483,0.0741,-0.1793,0.1489,-0.2706,0.1396,0.1483,0.0741,0.2240,0.1414,0.0000,0,1,0.1215,-0.1513,-0.0013,-0.1984,-0.1507,-0.3460,0.1215,-0.1513,-0.0013,0.1399,-0.1426,0.0000,1,1
0.3231,0.0002,0.3445,-0.0027,0.0028,0.5107,0.1506,-0.0009,0.1880,0.1499,-0.3454,0.5107,0.1506,-0.0009,0.5275,0.1428,0.0000,1,1,0.5358,-0.1484,0.0677,0.2123,-0.1492,-0.2768,0.5358,-0.1484,0.0677,0.6153,-0.1412,0.0000,0,1,0.1464,0.1486,0.0666,-0.1763,0.1489,-0.2779,0.1464,0.1486,0.0666,0.2277,0.1417,0.0000,0,1,0.1215,-0.1513,-0.0013,-0.2020,-0.1509,-0.3458,0.1215,-0.1513,-0.0013,0.1415,-0.1423,0.0000,1,1
0.3267,0.0004,0.3443,-0.0028,0.0023,0.5107,0.1506,-0.0009,0.1843,0.1498,-0.3452,0.5107,0.1506,-0.0009,0.5292,0.1429,0.0000,1,1,0.5425,-0.1489,0.0573,0.2155,-0.1498,-0.2870,0.5425,-0.1489,0.0573,0.6189,-0.1411,0.0000,0,1,0.1533,0.1492,0.0562,-0.1731,0.1492,-0.2881,0.1533,0.1492,0.0562,0.2314,0.1420,0.0000,0,1,0.1216,-0.1513,-0.0013,-0.2054,-0.1512,-0.3456,0.1216,-0.1513,-0.0013,0.1431,-0.1420,0.0000,1,1
0.3305,0.0006,0.3440,-0.0028,0.0018,0.5108,0.1506,-0.0008,0.1806,0.1497,-0.3448,0.5108,0.1506,-0.0008,0.5310,0.1430,0.0000,1,1,0.5493,-0.1495,0.0452,0.2185,-0.1505,-0.2988,0.5493,-0.1495,0.0452,0.6225,-0.1410,0.0000,0,1,0.1602,0.1499,0.0441,-0.1700,0.1496,-0.2999,0.1602,0.1499,0.0441,0.2352,0.1423,0.0000,0,1,0.1216,-0.1513,-0.0013,-0.2092,-0.1515,-0.3453,0.1216,-0.1513,-0.0013,0.1447,-0.1417,0.0000,1,1
0.3343,0.0008,0.3438,-0.0025,0.0012,0.5108,0.1506,-0.0008,0.1767,0.1496,-0.3446,0.5108,0.1506,-0.0008,0.5329,0.1430,0.0000,1,1,0.5562,-0.1501,0.0325,0.2217,-0.1512,-0.3113,0.5562,-0.1501,0.0325,0.6263,-0.1410,0.0000,0,1,0.1673,0.1506,0.0314,-0.1668,0.1500,-0.3124,0.1673,0.1506,0.0314,0.2391,0.1425,0.0000,0,1,0.1216,-0.1513,-0.0013,-0.2129,-0.1518,-0.3451,0.1216,-0.1513,-0.0013,0.1465,-0.1415,0.0000,1,1
0.3383,0.0009,0.3437,-0.0019,0.0006,0.5108,0.1506,-0.0008,0.1726,0.1496,-0.3445,0.5108,0.1506,-0.0008,0.5350,0.1430,0.0000,1,1,0.5633,-0.1507,0.0203,0.2249,-0.1517,-0.3234,0.5633,-0.1507,0.0203,0.6302,-0.1410,0.0000,0,1,0.1745,0.1513,0.0192,-0.1637,0.1505,-0.3245,0.1745,0.1513,0.0192,0.2432,0.1428,0.0000,0,1,0.1216,-0.1513,-0.0013,-0.2168,-0.1521,-0.3450,0.1216,-0.1513,-0.0013,0.1484,-0.1412,0.0000,1,1
0.3424,0.0010,0.3437,-0.0006,-0.0001,0.5108,0.1506,-0.0008,0.1684,0.1496,-0.3445,0.5108,0.1506,-0.0008,0.5372,0.1430,0.0000,1,1,0.5703,-0.1510,0.0098,0.2279,-0.1520,-0.3339,0.5703,-0.1510,0.0098,0.6342,-0.1410,0.0000,0,1,0.1816,0.1516,0.0086,-0.1608,0.1506,-0.3351,0.1816,0.1516,0.0086,0.2474,0.1430,0.0000,0,1,0.1216,-0.1513,-0.0013,-0.2208,-0.1523,-0.3450,0.1216,-0.1513,-0.0013,0.1504,-0.1410,0.0000,1,1
0.3468,0.0011,0.3438,0.0021,-0.0009,0.5108,0.1506,-0.0009,0.1639,0.1496,-0.3447,0.5108,0.1506,-0.0009,0.5397,0.1429,0.0000,1,1,0.5770,-0.1510,0.0020,0.2303,-0.1519,-0.3418,0.5770,-0.1510,0.0020,0.6385,-0.1411,0.0000,0,1,0.1883,0.1515,0.0009,-0.1586,0.1503,-0.3429,0.1883,0.1515,0.0009,0.2519,0.1433,0.0000,0,1,0.1216,-0.1513,-0.0013,-0.2251,-0.1526,-0.3451,0.1216,-0.1513,-0.0013,0.1527,-0.1407,0.0000,1,1
0.3514,0.0012,0.3437,0.0062,-0.0017,0.5153,0.1505,0.0007,0.1636,0.1496,-0.3430,0.5153,0.1505,0.0007,0.6434,0.1429,0.0000,0,1,0.5801,-0.1511,-0.0011,0.2290,-0.1519,-0.3448,0.5801,-0.1511,-0.0011,0.5769,-0.1411,0.0000,1,1,0.1914,0.1512,-0.0021,-0.1603,0.1497,-0.3458,0.1914,0.1512,-0.0021,0.1906,0.1435,0.0000,1,1,0.1259,-0.1516,0.0004,-0.2252,-0.1532,-0.3433,0.1259,-0.1516,0.0004,0.2561,-0.1405,0.0000,0,1
0.3559,0.0012,0.3437,0.0073,-0.0023,0.5259,0.1503,0.0073,0.1697,0.1495,-0.3364,0.5259,0.1503,0.0073,0.6481,0.1428,0.0000,0,1,0.5801,-0.1511,-0.0011,0.2245,-0.1518,-0.3448,0.5801,-0.1511,-0.0011,0.5794,-0.1412,0.0000,1,1,0.1914,0.1512,-0.0021,-0.1648,0.1496,-0.3458,0.1914,0.1512,-0.0021,0.1933,0.1437,0.0000,1,1,0.1364,-0.1515,0.0070,-0.2191,-0.1532,-0.3367,0.1364,-0.1515,0.0070,0.2606,-0.1403,0.0000,0,1
0.3604,0.0012,0.3438,0.0068,-0.0029,0.5369,0.1500,0.0173,0.1761,0.1493,-0.3265,0.5369,0.1500,0.0173,0.6526,0.1427,0.0000,0,1,0.5801,-0.1511,-0.0011,0.2201,-0.1517,-0.3449,0.5801,-0.1511,-0.0011,0.5817,-0.1413,0.0000,1,1,0.1914,0.1512,-0.0021,-0.1694,0.1495,-0.3459,0.1914,0.1512,-0.0021,0.1958,0.1438,0.0000,1,1,0.1473,-0.1510,0.0170,-0.2127,-0.1528,-0.3268,0.1473,-0.1510,0.0170,0.2649,-0.1402,0.0000,0,1
0.3646,0.0012,0.3441,0.0055,-0.0034,0.5473,0.1497,0.0295,0.1822,0.1491,-0.3146,0.5473,0.1497,0.0295,0.6569,0.1425,0.0000,0,1,0.5801,-0.1511,-0.0011,0.2160,-0.1516,-0.3452,0.5801,-0.1511,-0.0011,0.5839,-0.1415,0.0000,1,1,0.1914,0.1512,-0.0021,-0.1737,0.1494,-0.3462,0.1914,0.1512,-0.0021,0.1981,0.1438,0.0000,1,1,0.1580,-0.1505,0.0292,-0.2061,-0.1524,-0.3149,0.1580,-0.1505,0.0292,0.2691,-0.1402,0.0000,0,1
0.3687,0.0010,0.3443,0.0041,-0.0037,0.5571,0.1494,0.0426,0.1878,0.1491,-0.3017,0.5571,0.1494,0.0426,0.6610,0.1423,0.0000,0,1,0.5801,-0.1511,-0.0011,0.2120,-0.1513,-0.3454,0.5801,-0.1511,-0.0011,0.5860,-0.1417,0.0000,1,1,0.1914,0.1512,-0.0021,-0.1779,0.1495,-0.3464,0.1914,0.1512,-0.0021,0.2002,0.1438,0.0000,1,1,0.1680,-0.1499,0.0423,-0.2001,-0.1516,-0.3020,0.1680,-0.1499,0.0423,0.2732,-0.1402,0.0000,0,1
0.3726,0.0009,0.3445,0.0025,-0.0039,0.5661,0.1491,0.0553,0.1929,0.1490,-0.2892,0.5661,0.1491,0.0553,0.6650,0.1421,0.0000,0,1,0.5802,-0.1511,-0.0011,0.2082,-0.1512,-0.3456,0.5802,-0.1511,-0.0011,0.5879,-0.1419,0.0000,1,1,0.1915,0.1512,-0.0021,-0.1817,0.1496,-0.3466,0.1915,0.1512,-0.0021,0.2022,0.1436,0.0000,1,1,0.1773,-0.1493,0.0550,-0.1947,-0.1510,-0.2895,0.1773,-0.1493,0.0550,0.2771,-0.1404,0.0000,0,1
0.3765,0.0007,0.3447,0.0010,-0.0039,0.5744,0.1487,0.0664,0.1973,0.1488,-0.2783,0.5744,0.1487,0.0664,0.6689,0.1419,0.0000,0,1,0.5802,-0.1511,-0.0011,0.2043,-0.1510,-0.3458,0.5802,-0.1511,-0.0011,0.5898,-0.1421,0.0000,1,1,0.1915,0.1512,-0.0022,-0.1856,0.1498,-0.3469,0.1915,0.1512,-0.0022,0.2041,0.1434,0.0000,1,1,0.1858,-0.1487,0.0660,-0.1901,-0.1501,-0.2787,0.1858,-0.1487,0.0660,0.2810,-0.1406,0.0000,0,1
0.3803,0.0005,0.3447,-0.0003,-0.0038,0.5820,0.1483,0.0745,0.2011,0.1486,-0.2702,0.5820,0.1483,0.0745,0.6726,0.1417,0.0000,0,1,0.5802,-0.1511,-0.0010,0.2005,-0.1508,-0.3457,0.5802,-0.1511,-0.0010,0.5915,-0.1423,0.0000,1,1,0.1915,0.1512,-0.0022,-0.1894,0.1500,-0.3469,0.1915,0.1512,-0.0022,0.2058,0.1432,0.0000,1,1,0.1937,-0.1483,0.0741,-0.1860,-0.1495,-0.2706,0.1937,-0.1483,0.0741,0.2848,-0.1408,0.0000,0,1
0.3840,0.0002,0.3448,-0.0015,-0.0036,0.5891,0.1480,0.0784,0.2046,0.1485,-0.2664,0.5891,0.1480,0.0784,0.6763,0.1415,0.0000,0,1,0.5802,-0.1511,-0.0010,0.1967,-0.1506,-0.3458,0.5802,-0.1511,-0.0010,0.5933,-0.1425,0.0000,1,1,0.1915,0.1512,-0.0022,-0.1930,0.1503,-0.3470,0.1915,0.1512,-0.0022,0.2075,0.1429,0.0000,1,1,0.2010,-0.1480,0.0780,-0.1825,-0.1489,-0.2668,0.2010,-0.1480,0.0780,0.2885,-0.1411,0.0000,0,1
0.3877,-0.0000,0.3447,-0.0023,-0.0032,0.5959,0.1480,0.0772,0.2077,0.1487,-0.2675,0.5959,0.1480,0.0772,0.6799,0.1414,0.0000,0,1,0.5802,-0.1511,-0.0010,0.1930,-0.1505,-0.3457,0.5802,-0.1511,-0.0010,0.5950,-0.1426,0.0000,1,1,0.1915,0.1512,-0.0022,-0.1967,0.1506,-0.3469,0.1915,0.1512,-0.0022,0.2091,0.1426,0.0000,1,1,0.2080,-0.1481,0.0768,-0.1792,-0.1487,-0.2679,0.2080,-0.1481,0.0768,0.2922,-0.1414,0.0000,0,1
0.3913,-0.0002,0.3445,-0.0028,-0.0028,0.6025,0.1481,0.0715,0.2108,0.1489,-0.2730,0.6025,0.1481,0.0715,0.6835,0.1412,0.0000,0,1,0.5803,-0.1511,-0.0010,0.1894,-0.1504,-0.3455,0.5803,-0.1511,-0.0010,0.5967,-0.1428,0.0000,1,1,0.1916,0.1512,-0.0022,-0.2001,0.1508,-0.3467,0.1916,0.1512,-0.0022,0.2107,0.1423,0.0000,1,1,0.2148,-0.1483,0.0711,-0.1761,-0.1486,-0.2734,0.2148,-0.1483,0.0711,0.2959,-0.1417,0.0000,0,1
0.3950,-0.0004,0.3443,-0.0031,-0.0023,0.6091,0.1485,0.0624,0.2138,0.1494,-0.2819,0.6091,0.1485,0.0624,0.6871,0.1411,0.0000,0,1,0.5803,-0.1511,-0.0010,0.1856,-0.1503,-0.3453,0.5803,-0.1511,-0.0010,0.5985,-0.1429,0.0000,1,1,0.1916,0.1512,-0.0022,-0.2037,0.1511,-0.3465,0.1916,0.1512,-0.0022,0.2123,0.1420,0.0000,1,1,0.2217,-0.1488,0.0620,-0.1730,-0.1488,-0.2823,0.2217,-0.1488,0.0620,0.2997,-0.1420,0.0000,0,1
0.3987,-0.0006,0.3441,-0.0032,-0.0018,0.6158,0.1490,0.0510,0.2168,0.1500,-0.2931,0.6158,0.1490,0.0510,0.6908,0.1410,0.0000,0,1,0.5803,-0.1511,-0.0010,0.1819,-0.1502,-0.3451,0.5803,-0.1511,-0.0010,0.6003,-0.1430,0.0000,1,1,0.1916,0.1512,-0.0022,-0.2074,0.1514,-0.3463,0.1916,0.1512,-0.0022,0.2140,0.1417,0.0000,1,1,0.2286,-0.1495,0.0506,-0.1698,-0.1492,-0.2935,0.2286,-0.1495,0.0506,0.3035,-0.1423,0.0000,0,1
0.4025,-0.0008,0.3439,-0.0031,-0.0012,0.6226,0.1497,0.0385,0.2199,0.1508,-0.3054,0.6226,0.1497,0.0385,0.6945,0.1410,0.0000,0,1,0.5803,-0.1511,-0.0010,0.1780,-0.1501,-0.3449,0.5803,-0.1511,-0.0010,0.6022,-0.1430,0.0000,1,1,0.1916,0.1512,-0.0022,-0.2111,0.1517,-0.3461,0.1916,0.1512,-0.0022,0.2157,0.1414,0.0000,1,1,0.2358,-0.1503,0.0380,-0.1665,-0.1497,-0.3059,0.2358,-0.1503,0.0380,0.3074,-0.1426,0.0000,0,1
0.4064,-0.0009,0.3437,-0.0029,-0.0005,0.6295,0.1503,0.0259,0.2230,0.1513,-0.3178,0.6295,0.1503,0.0259,0.6983,0.1409,0.0000,0,1,0.5803,-0.1511,-0.0010,0.1740,-0.1501,-0.3447,0.5803,-0.1511,-0.0010,0.6042,-0.1431,0.0000,1,1,0.1916,0.1512,-0.0022,-0.2149,0.1520,-0.3459,0.1916,0.1512,-0.0022,0.2175,0.1412,0.0000,1,1,0.2431,-0.1512,0.0254,-0.1632,-0.1504,-0.3183,0.2431,-0.1512,0.0254,0.3114,-0.1428,0.0000,0,1
0.4105,-0.0011,0.3437,-0.0022,0.0002,0.6363,0.1507,0.0144,0.2258,0.1518,-0.3293,0.6363,0.1507,0.0144,0.7023,0.1410,0.0000,0,1,0.5803,-0.1511,-0.0010,0.1698,-0.1500,-0.3447,0.5803,-0.1511,-0.0010,0.6064,-0.1430,0.0000,1,1,0.1916,0.1512,-0.0022,-0.2189,0.1523,-0.3459,0.1916,0.1512,-0.0022,0.2195,0.1409,0.0000,1,1,0.2505,-0.1517,0.0139,-0.1600,-0.1506,-0.3298,0.2505,-0.1517,0.0139,0.3156,-0.1431,0.0000,0,1
0.4148,-0.0011,0.3437,-0.0005,0.0010,0.6431,0.1509,0.0052,0.2285,0.1518,-0.3385,0.6431,0.1509,0.0052,0.7065,0.1410,0.0000,0,1,0.5803,-0.1511,-0.0010,0.1653,-0.1502,-0.3447,0.5803,-0.1511,-0.0010,0.6088,-0.1430,0.0000,1,1,0.1916,0.1512,-0.0022,-0.2230,0.1525,-0.3459,0.1916,0.1512,-0.0022,0.2217,0.1407,0.0000,1,1,0.2578,-0.1519,0.0046,-0.1572,-0.1506,-0.3391,0.2578,-0.1519,0.0046,0.3200,-0.1433,0.0000,0,1
0.4193,-0.0012,0.3438,0.0035,0.0018,0.6493,0.1510,-0.0014,0.2303,0.1518,-0.3452,0.6493,0.1510,-0.0014,0.7109,0.1411,0.0000,0,1,0.5802,-0.1511,-0.0010,0.1606,-0.1502,-0.3448,0.5802,-0.1511,-0.0010,0.6114,-0.1429,0.0000,1,1,0.1915,0.1512,-0.0021,-0.2275,0.1528,-0.3459,0.1915,0.1512,-0.0021,0.2241,0.1404,0.0000,1,1,0.2643,-0.1516,-0.0018,-0.1553,-0.1501,-0.3456,0.2643,-0.1516,-0.0018,0.3246,-0.1436,0.0000,0,1
0.4240,-0.0013,0.3437,0.0061,0.0025,0.6493,0.1510,-0.0014,0.2257,0.1517,-0.3451,0.6493,0.1510,-0.0014,0.6484,0.1412,0.0000,1,1,0.5899,-0.1509,0.0034,0.1655,-0.1500,-0.3403,0.5899,-0.1509,0.0034,0.7162,-0.1428,0.0000,0,1,0.2010,0.1515,0.0023,-0.2226,0.1534,-0.3414,0.2010,0.1515,0.0023,0.3287,0.1402,0.0000,0,1,0.2643,-0.1516,-0.0018,-0.1601,-0.1499,-0.3455,0.2643,-0.1516,-0.0018,0.2624,-0.1438,0.0000,1,1
0.4285,-0.0013,0.3437,0.0062,0.0031,0.6493,0.1510,-0.0014,0.2213,0.1516,-0.3451,0.6493,0.1510,-0.0014,0.6509,0.1413,0.0000,1,1,0.6006,-0.1506,0.0118,0.1716,-0.1498,-0.3319,0.6006,-0.1506,0.0118,0.7208,-0.1427,0.0000,0,1,0.2120,0.1512,0.0108,-0.2160,0.1532,-0.3329,0.2120,0.1512,0.0108,0.3331,0.1401,0.0000,0,1,0.2643,-0.1516,-0.0018,-0.1647,-0.1498,-0.3455,0.2643,-0.1516,-0.0018,0.2650,-0.1439,0.0000,1,1
0.4329,-0.0013,0.3439,0.0052,0.0036,0.6493,0.1510,-0.0014,0.2169,0.1515,-0.3453,0.6493,0.1510,-0.0014,0.6531,0.1414,0.0000,1,1,0.6113,-0.1502,0.0231,0.1779,-0.1495,-0.3208,0.6113,-0.1502,0.0231,0.7252,-0.1426,0.0000,0,1,0.2230,0.1507,0.0220,-0.2094,0.1528,-0.3219,0.2230,0.1507,0.0220,0.3374,0.1401,0.0000,0,1,0.2643,-0.1516,-0.0018,-0.1691,-0.1497,-0.3457,0.2643,-0.1516,-0.0018,0.2674,-0.1439,0.0000,1,1
0.4370,-0.0012,0.3442,0.0038,0.0039,0.6494,0.1510,-0.0014,0.2130,0.1514,-0.3456,0.6494,0.1510,-0.0014,0.6553,0.1416,0.0000,1,1,0.6213,-0.1499,0.0359,0.1837,-0.1494,-0.3083,0.6213,-0.1499,0.0359,0.7294,-0.1424,0.0000,0,1,0.2334,0.1501,0.0348,-0.2030,0.1521,-0.3094,0.2334,0.1501,0.0348,0.3415,0.1401,0.0000,0,1,0.2643,-0.1516,-0.0018,-0.1733,-0.1497,-0.3460,0.2643,-0.1516,-0.0018,0.2696,-0.1439,0.0000,1,1
0.4410,-0.0010,0.3444,0.0022,0.0041,0.6494,0.1510,-0.0014,0.2090,0.1511,-0.3458,0.6494,0.1510,-0.0014,0.6573,0.1418,0.0000,1,1,0.6307,-0.1496,0.0490,0.1891,-0.1494,-0.2954,0.6307,-0.1496,0.0490,0.7334,-0.1422,0.0000,0,1,0.2430,0.1496,0.0479,-0.1974,0.1514,-0.2965,0.2430,0.1496,0.0479,0.3455,0.1402,0.0000,0,1,0.2643,-0.1516,-0.0018,-0.1773,-0.1499,-0.3462,0.2643,-0.1516,-0.0018,0.2716,-0.1438,0.0000,1,1
0.4449,-0.0008,0.3446,0.0002,0.0041,0.6494,0.1510,-0.0014,0.2051,0.1510,-0.3460,0.6494,0.1510,-0.0014,0.6592,0.1420,0.0000,1,1,0.6392,-0.1491,0.0610,0.1937,-0.1491,-0.2836,0.6392,-0.1491,0.0610,0.7373,-0.1420,0.0000,0,1,0.2521,0.1490,0.0599,-0.1922,0.1506,-0.2847,0.2521,0.1490,0.0599,0.3494,0.1404,0.0000,0,1,0.2644,-0.1516,-0.0019,-0.1811,-0.1501,-0.3465,0.2644,-0.1516,-0.0019,0.2735,-0.1436,0.0000,1,1
0.4488,-0.0006,0.3447,-0.0022,0.0040,0.6494,0.1510,-0.0014,0.2012,0.1508,-0.3461,0.6494,0.1510,-0.0014,0.6610,0.1421,0.0000,1,1,0.6471,-0.1487,0.0708,0.1977,-0.1489,-0.2739,0.6471,-0.1487,0.0708,0.7411,-0.1419,0.0000,0,1,0.2605,0.1486,0.0696,-0.1877,0.1500,-0.2751,0.2605,0.1486,0.0696,0.3532,0.1406,0.0000,0,1,0.2644,-0.1516,-0.0019,-0.1850,-0.1503,-0.3466,0.2644,-0.1516,-0.0019,0.2753,-0.1434,0.0000,1,1
0.4525,-0.0004,0.3448,-0.0045,0.0036,0.6494,0.1510,-0.0014,0.1974,0.1507,-0.3462,0.6494,0.1510,-0.0014,0.6628,0.1423,0.0000,1,1,0.6545,-0.1483,0.0769,0.2015,-0.1486,-0.2679,0.6545,-0.1483,0.0769,0.7448,-0.1417,0.0000,0,1,0.2684,0.1483,0.0758,-0.1836,0.1494,-0.2690,0.2684,0.1483,0.0758,0.3570,0.1409,0.0000,0,1,0.2644,-0.1516,-0.0019,-0.1886,-0.1505,-0.3467,0.2644,-0.1516,-0.0019,0.2770,-0.1431,0.0000,1,1
0.4562,-0.0002,0.3448,-0.0065,0.0032,0.6494,0.1510,-0.0014,0.1937,0.1506,-0.3462,0.6494,0.1510,-0.0014,0.6646,0.1424,0.0000,1,1,0.6615,-0.1481,0.0783,0.2048,-0.1486,-0.2665,0.6615,-0.1481,0.0783,0.7485,-0.1416,0.0000,0,1,0.2759,0.1482,0.0771,-0.1798,0.1490,-0.2677,0.2759,0.1482,0.0771,0.3608,0.1412,0.0000,0,1,0.2644,-0.1516,-0.0019,-0.1923,-0.1508,-0.3467,0.2644,-0.1516,-0.0019,0.2787,-0.1428,0.0000,1,1
0.4598,0.0001,0.3447,-0.0081,0.0026,0.6495,0.1510,-0.0014,0.1901,0.1504,-0.3461,0.6495,0.1510,-0.0014,0.6663,0.1426,0.0000,1,1,0.6681,-0.1482,0.0747,0.2079,-0.1488,-0.2700,0.6681,-0.1482,0.0747,0.7520,-0.1414,0.0000,0,1,0.2831,0.1484,0.0735,-0.1763,0.1488,-0.2712,0.2831,0.1484,0.0735,0.3645,0.1416,0.0000,0,1,0.2644,-0.1516,-0.0019,-0.1958,-0.1512,-0.3466,0.2644,-0.1516,-0.0019,0.2802,-0.1424,0.0000,1,1
0.4635,0.0003,0.3445,-0.0093,0.0019,0.6495,0.1510,-0.0014,0.1863,0.1503,-0.3459,0.6495,0.1510,-0.0014,0.6680,0.1427,0.0000,1,1,0.6747,-0.1485,0.0672,0.2109,-0.1492,-0.2773,0.6747,-0.1485,0.0672,0.7556,-0.1413,0.0000,0,1,0.2903,0.1489,0.0660,-0.1729,0.1489,-0.2785,0.2903,0.1489,0.0660,0.3682,0.1419,0.0000,0,1,0.2644,-0.1516,-0.0019,-0.1994,-0.1515,-0.3464,0.2644,-0.1516,-0.0019,0.2818,-0.1421,0.0000,1,1
0.4671,0.0005,0.3443,-0.0102,0.0012,0.6495,0.1510,-0.0014,0.1826,0.1503,-0.3457,0.6495,0.1510,-0.0014,0.6698,0.1427,0.0000,1,1,0.6812,-0.1489,0.0568,0.2139,-0.1497,-0.2875,0.6812,-0.1489,0.0568,0.7591,-0.1413,0.0000,0,1,0.2975,0.1496,0.0556,-0.1694,0.1493,-0.2887,0.2975,0.1496,0.0556,0.3720,0.1423,0.0000,0,1,0.2645,-0.1516,-0.0019,-0.2028,-0.1519,-0.3462,0.2645,-0.1516,-0.0019,0.2833,-0.1417,0.0000,1,1
0.4708,0.0007,0.3441,-0.0107,0.0005,0.6495,0.1510,-0.0013,0.1788,0.1502,-0.3454,0.6495,0.1510,-0.0013,0.6716,0.1428,0.0000,1,1,0.6879,-0.1495,0.0447,0.2170,-0.1503,-0.2994,0.6879,-0.1495,0.0447,0.7627,-0.1412,0.0000,0,1,0.3048,0.1505,0.0435,-0.1659,0.1499,-0.3006,0.3048,0.1505,0.0435,0.3758,0.1426,0.0000,0,1,0.2645,-0.1516,-0.0019,-0.2064,-0.1522,-0.3460,0.2645,-0.1516,-0.0019,0.2849,-0.1414,0.0000,1,1
0.4746,0.0009,0.3439,-0.0109,-0.0003,0.6495,0.1510,-0.0013,0.1749,0.1502,-0.3452,0.6495,0.1510,-0.0013,0.6735,0.1429,0.0000,1,1,0.6946,-0.1502,0.0320,0.2200,-0.1510,-0.3119,0.6946,-0.1502,0.0320,0.7664,-0.1411,0.0000,0,1,0.3121,0.1514,0.0308,-0.1625,0.1505,-0.3131,0.3121,0.1514,0.0308,0.3797,0.1430,0.0000,0,1,0.2645,-0.1516,-0.0019,-0.2101,-0.1526,-0.3458,0.2645,-0.1516,-0.0019,0.2866,-0.1410,0.0000,1,1
0.4786,0.0011,0.3438,-0.0107,-0.0011,0.6496,0.1510,-0.0013,0.1708,0.1501,-0.3451,0.6496,0.1510,-0.0013,0.6755,0.1429,0.0000,1,1,0.7014,-0.1507,0.0198,0.2230,-0.1516,-0.3240,0.7014,-0.1507,0.0198,0.7702,-0.1411,0.0000,0,1,0.3196,0.1523,0.0186,-0.1592,0.1510,-0.3252,0.3196,0.1523,0.0186,0.3837,0.1433,0.0000,0,1,0.2645,-0.1516,-0.0019,-0.2139,-0.1529,-0.3457,0.2645,-0.1516,-0.0019,0.2884,-0.1407,0.0000,1,1
0.4827,0.0013,0.3438,-0.0099,-0.0018,0.6495,0.1510,-0.0013,0.1665,0.1500,-0.3451,0.6495,0.1510,-0.0013,0.6778,0.1429,0.0000,1,1,0.7080,-0.1508,0.0093,0.2256,-0.1517,-0.3345,0.7080,-0.1508,0.0093,0.7743,-0.1411,0.0000,0,1,0.3268,0.1528,0.0080,-0.1562,0.1512,-0.3358,0.3268,0.1528,0.0080,0.3880,0.1436,0.0000,0,1,0.2645,-0.1516,-0.0019,-0.2179,-0.1533,-0.3457,0.2645,-0.1516,-0.0019,0.2905,-0.1404,0.0000,1,1
0.4871,0.0014,0.3439,-0.0084,-0.0025,0.6495,0.1510,-0.0014,0.1620,0.1500,-0.3453,0.6495,0.1510,-0.0014,0.6803,0.1429,0.0000,1,1,0.7145,-0.1508,0.0015,0.2278,-0.1516,-0.3424,0.7145,-0.1508,0.0015,0.7786,-0.1411,0.0000,0,1,0.3341,0.1529,0.0003,-0.1534,0.1511,-0.3436,0.3341,0.1529,0.0003,0.3925,0.1439,0.0000,0,1,0.2645,-0.1516,-0.0019,-0.2222,-0.1536,-0.3458,0.2645,-0.1516,-0.0019,0.2928,-0.1401,0.0000,1,1
0.4917,0.0016,0.3439,-0.0057,-0.0032,0.6541,0.1509,0.0002,0.1619,0.1498,-0.3437,0.6541,0.1509,0.0002,0.7840,0.1429,0.0000,0,1,0.7175,-0.1509,-0.0016,0.2263,-0.1518,-0.3455,0.7175,-0.1509,-0.0016,0.7171,-0.1411,0.0000,1,1,0.3376,0.1527,-0.0027,-0.1546,0.1506,-0.3466,0.3376,0.1527,-0.0027,0.3312,0.1442,0.0000,1,1,0.2690,-0.1520,-0.0002,-0.2222,-0.1543,-0.3441,0.2690,-0.1520,-0.0002,0.3963,-0.1398,0.0000,0,1
0.4963,0.0017,0.3438,-0.0061,-0.0038,0.6649,0.1504,0.0068,0.1680,0.1493,-0.3370,0.6649,0.1504,0.0068,0.7887,0.1429,0.0000,0,1,0.7175,-0.1509,-0.0016,0.2218,-0.1518,-0.3454,0.7175,-0.1509,-0.0016,0.7196,-0.1410,0.0000,1,1,0.3376,0.1527,-0.0027,-0.1593,0.1504,-0.3465,0.3376,0.1527,-0.0027,0.3339,0.1444,0.0000,1,1,0.2802,-0.1521,0.0064,-0.2155,-0.1546,-0.3374,0.2802,-0.1521,0.0064,0.4008,-0.1396,0.0000,0,1
0.5008,0.0017,0.3440,-0.0081,-0.0042,0.6761,0.1500,0.0168,0.1747,0.1490,-0.3272,0.6761,0.1500,0.0168,0.7932,0.1429,0.0000,0,1,0.7175,-0.1509,-0.0016,0.2173,-0.1517,-0.3456,0.7175,-0.1509,-0.0016,0.7220,-0.1411,0.0000,1,1,0.3376,0.1527,-0.0027,-0.1638,0.1503,-0.3467,0.3376,0.1527,-0.0027,0.3364,0.1445,0.0000,1,1,0.2920,-0.1517,0.0164,-0.2082,-0.1543,-0.3276,0.2920,-0.1517,0.0164,0.4052,-0.1395,0.0000,0,1
0.5050,0.0017,0.3442,-0.0107,-0.0044,0.6867,0.1497,0.0290,0.1810,0.1488,-0.3152,0.6867,0.1497,0.0290,0.7974,0.1429,0.0000,0,1,0.7176,-0.1509,-0.0016,0.2133,-0.1517,-0.3458,0.7176,-0.1509,-0.0016,0.7242,-0.1411,0.0000,1,1,0.3376,0.1527,-0.0027,-0.1681,0.1503,-0.3469,0.3376,0.1527,-0.0027,0.3386,0.1446,0.0000,1,1,0.3031,-0.1512,0.0286,-0.2012,-0.1538,-0.3156,0.3031,-0.1512,0.0286,0.4094,-0.1394,0.0000,0,1
0.5091,0.0016,0.3445,-0.0133,-0.0044,0.6966,0.1494,0.0421,0.1868,0.1486,-0.3024,0.6966,0.1494,0.0421,0.8015,0.1428,0.0000,0,1,0.7176,-0.1509,-0.0016,0.2092,-0.1516,-0.3461,0.7176,-0.1509,-0.0016,0.7263,-0.1412,0.0000,1,1,0.3376,0.1527,-0.0027,-0.1722,0.1503,-0.3472,0.3376,0.1527,-0.0027,0.3407,0.1445,0.0000,1,1,0.3135,-0.1507,0.0417,-0.1949,-0.1532,-0.3028,0.3135,-0.1507,0.0417,0.4135,-0.1395,0.0000,0,1
0.5130,0.0015,0.3447,-0.0158,-0.0043,0.7056,0.1491,0.0548,0.1920,0.1484,-0.2899,0.7056,0.1491,0.0548,0.8054,0.1426,0.0000,0,1,0.7176,-0.1509,-0.0015,0.2053,-0.1515,-0.3462,0.7176,-0.1509,-0.0015,0.7282,-0.1414,0.0000,1,1,0.3376,0.1527,-0.0028,-0.1760,0.1504,-0.3475,0.3376,0.1527,-0.0028,0.3426,0.1443,0.0000,1,1,0.3231,-0.1501,0.0544,-0.1892,-0.1524,-0.2903,0.3231,-0.1501,0.0544,0.4174,-0.1397,0.0000,0,1
0.5168,0.0013,0.3449,-0.0181,-0.0041,0.7138,0.1487,0.0659,0.1964,0.1482,-0.2790,0.7138,0.1487,0.0659,0.8092,0.1425,0.0000,0,1,0.7176,-0.1509,-0.0015,0.2014,-0.1514,-0.3464,0.7176,-0.1509,-0.0015,0.7301,-0.1415,0.0000,1,1,0.3377,0.1527,-0.0028,-0.1797,0.1507,-0.3477,0.3377,0.1527,-0.0028,0.3444,0.1440,0.0000,1,1,0.3317,-0.1496,0.0654,-0.1845,-0.1517,-0.2795,0.3317,-0.1496,0.0654,0.4213,-0.1399,0.0000,0,1
0.5206,0.0010,0.3450,-0.0201,-0.0037,0.7213,0.1483,0.0740,0.2002,0.1480,-0.2710,0.7213,0.1483,0.0740,0.8129,0.1423,0.0000,0,1,0.7176,-0.1509,-0.0015,0.1976,-0.1512,-0.3465,0.7176,-0.1509,-0.0015,0.7318,-0.1417,0.0000,1,1,0.3377,0.1527,-0.0028,-0.1835,0.1510,-0.3478,0.3377,0.1527,-0.0028,0.3461,0.1437,0.0000,1,1,0.3397,-0.1492,0.0735,-0.1803,-0.1509,-0.2715,0.3397,-0.1492,0.0735,0.4250,-0.1403,0.0000,0,1
0.5242,0.0008,0.3450,-0.0223,-0.0031,0.7281,0.1480,0.0779,0.2034,0.1478,-0.2671,0.7281,0.1480,0.0779,0.8165,0.1422,0.0000,0,1,0.7176,-0.1509,-0.0015,0.1939,-0.1511,-0.3465,0.7176,-0.1509,-0.0015,0.7336,-0.1418,0.0000,1,1,0.3377,0.1527,-0.0028,-0.1870,0.1513,-0.3478,0.3377,0.1527,-0.0028,0.3477,0.1434,0.0000,1,1,0.3471,-0.1491,0.0774,-0.1766,-0.1504,-0.2676,0.3471,-0.1491,0.0774,0.4288,-0.1406,0.0000,0,1
0.5279,0.0005,0.3449,-0.0248,-0.0025,0.7347,0.1478,0.0767,0.2064,0.1478,-0.2682,0.7347,0.1478,0.0767,0.8200,0.1420,0.0000,0,1,0.7177,-0.1509,-0.0015,0.1902,-0.1509,-0.3464,0.7177,-0.1509,-0.0015,0.7354,-0.1420,0.0000,1,1,0.3377,0.1527,-0.0028,-0.1906,0.1517,-0.3477,0.3377,0.1527,-0.0028,0.3492,0.1430,0.0000,1,1,0.3545,-0.1493,0.0762,-0.1730,-0.1502,-0.2687,0.3545,-0.1493,0.0762,0.4326,-0.1410,0.0000,0,1
0.5315,0.0002,0.3448,-0.0270,-0.0017,0.7412,0.1479,0.0710,0.2094,0.1481,-0.2738,0.7412,0.1479,0.0710,0.8236,0.1419,0.0000,0,1,0.7177,-0.1509,-0.0015,0.1865,-0.1508,-0.3463,0.7177,-0.1509,-0.0015,0.7371,-0.1421,0.0000,1,1,0.3377,0.1527,-0.0028,-0.1941,0.1522,-0.3476,0.3377,0.1527,-0.0028,0.3508,0.1425,0.0000,1,1,0.3619,-0.1498,0.0705,-0.1693,-0.1503,-0.2743,0.3619,-0.1498,0.0705,0.4363,-0.1415,0.0000,0,1
0.5352,-0.0001,0.3446,-0.0288,-0.0008,0.7476,0.1482,0.0619,0.2123,0.1485,-0.2827,0.7476,0.1482,0.0619,0.8271,0.1418,0.0000,0,1,0.7177,-0.1509,-0.0015,0.1826,-0.1507,-0.3461,0.7177,-0.1509,-0.0015,0.7389,-0.1422,0.0000,1,1,0.3377,0.1527,-0.0028,-0.1976,0.1526,-0.3474,0.3377,0.1527,-0.0028,0.3523,0.1421,0.0000,1,1,0.3693,-0.1505,0.0614,-0.1658,-0.1505,-0.2832,0.3693,-0.1505,0.0614,0.4401,-0.1419,0.0000,0,1
0.5388,-0.0003,0.3444,-0.0302,0.0001,0.7540,0.1487,0.0505,0.2152,0.1490,-0.2939,0.7540,0.1487,0.0505,0.8306,0.1417,0.0000,0,1,0.7177,-0.1509,-0.0015,0.1789,-0.1506,-0.3459,0.7177,-0.1509,-0.0015,0.7407,-0.1423,0.0000,1,1,0.3377,0.1527,-0.0028,-0.2011,0.1530,-0.3472,0.3377,0.1527,-0.0028,0.3538,0.1416,0.0000,1,1,0.3768,-0.1514,0.0500,-0.1620,-0.1511,-0.2944,0.3768,-0.1514,0.0500,0.4439,-0.1424,0.0000,0,1
0.5426,-0.0006,0.3442,-0.0310,0.0011,0.7604,0.1493,0.0380,0.2180,0.1497,-0.3062,0.7604,0.1493,0.0380,0.8342,0.1416,0.0000,0,1,0.7177,-0.1509,-0.0015,0.1749,-0.1505,-0.3457,0.7177,-0.1509,-0.0015,0.7425,-0.1424,0.0000,1,1,0.3378,0.1527,-0.0028,-0.2046,0.1535,-0.3470,0.3378,0.1527,-0.0028,0.3554,0.1412,0.0000,1,1,0.3845,-0.1525,0.0374,-0.1583,-0.1517,-0.3068,0.3845,-0.1525,0.0374,0.4477,-0.1428,0.0000,0,1
0.5464,-0.0009,0.3441,-0.0314,0.0020,0.7668,0.1498,0.0254,0.2207,0.1503,-0.3187,0.7668,0.1498,0.0254,0.8380,0.1415,0.0000,0,1,0.7177,-0.1509,-0.0014,0.1710,-0.1503,-0.3455,0.7177,-0.1509,-0.0014,0.7445,-0.1425,0.0000,1,1,0.3378,0.1526,-0.0028,-0.2083,0.1539,-0.3469,0.3378,0.1526,-0.0028,0.3572,0.1407,0.0000,1,1,0.3920,-0.1535,0.0249,-0.1547,-0.1523,-0.3192,0.3920,-0.1535,0.0249,0.4517,-0.1433,0.0000,0,1
0.5505,-0.0012,0.3441,-0.0311,0.0029,0.7731,0.1500,0.0139,0.2230,0.1506,-0.3302,0.7731,0.1500,0.0139,0.8419,0.1414,0.0000,0,1,0.7177,-0.1509,-0.0014,0.1668,-0.1502,-0.3455,0.7177,-0.1509,-0.0014,0.7467,-0.1426,0.0000,1,1,0.3378,0.1526,-0.0028,-0.2123,0.1544,-0.3469,0.3378,0.1526,-0.0028,0.3591,0.1402,0.0000,1,1,0.3994,-0.1543,0.0134,-0.1515,-0.1527,-0.3307,0.3994,-0.1543,0.0134,0.4559,-0.1438,0.0000,0,1
0.5547,-0.0015,0.3441,-0.0297,0.0037,0.7793,0.1500,0.0047,0.2252,0.1507,-0.3394,0.7793,0.1500,0.0047,0.8460,0.1412,0.0000,0,1,0.7178,-0.1509,-0.0014,0.1625,-0.1500,-0.3455,0.7178,-0.1509,-0.0014,0.7490,-0.1428,0.0000,1,1,0.3378,0.1527,-0.0028,-0.2163,0.1550,-0.3469,0.3378,0.1527,-0.0028,0.3612,0.1398,0.0000,1,1,0.4066,-0.1546,0.0041,-0.1487,-0.1526,-0.3400,0.4066,-0.1546,0.0041,0.4602,-0.1442,0.0000,0,1
0.5591,-0.0018,0.3442,-0.0260,0.0044,0.7851,0.1501,-0.0019,0.2267,0.1509,-0.3461,0.7851,0.1501,-0.0019,0.8503,0.1410,0.0000,0,1,0.7176,-0.1509,-0.0015,0.1578,-0.1498,-0.3457,0.7176,-0.1509,-0.0015,0.7516,-0.1430,0.0000,1,1,0.3377,0.1527,-0.0027,-0.2207,0.1555,-0.3469,0.3377,0.1527,-0.0027,0.3635,0.1393,0.0000,1,1,0.4131,-0.1542,-0.0024,-0.1467,-0.1518,-0.3466,0.4131,-0.1542,-0.0024,0.4648,-0.1447,0.0000,0,1
0.5638,-0.0022,0.3442,-0.0240,0.0049,0.7851,0.1501,-0.0019,0.2220,0.1512,-0.3461,0.7851,0.1501,-0.0019,0.7879,0.1408,0.0000,1,1,0.7274,-0.1504,0.0029,0.1629,-0.1490,-0.3413,0.7274,-0.1504,0.0029,0.8563,-0.1432,0.0000,0,1,0.3474,0.1532,0.0017,-0.2156,0.1565,-0.3425,0.3474,0.1532,0.0017,0.4681,0.1389,0.0000,0,1,0.4130,-0.1542,-0.0024,-0.1515,-0.1513,-0.3466,0.4130,-0.1542,-0.0024,0.4025,-0.1451,0.0000,1,1
0.5683,-0.0024,0.3443,-0.0253,0.0053,0.7851,0.1501,-0.0019,0.2176,0.1513,-0.3462,0.7851,0.1501,-0.0019,0.7904,0.1406,0.0000,1,1,0.7385,-0.1499,0.0113,0.1694,-0.1484,-0.3330,0.7385,-0.1499,0.0113,0.8609,-0.1434,0.0000,0,1,0.3590,0.1530,0.0102,-0.2085,0.1565,-0.3341,0.3590,0.1530,0.0102,0.4726,0.1386,0.0000,0,1,0.4130,-0.1542,-0.0024,-0.1561,-0.1510,-0.3467,0.4130,-0.1542,-0.0024,0.4051,-0.1454,0.0000,1,1
0.5727,-0.0025,0.3445,-0.0281,0.0053,0.7851,0.1501,-0.0019,0.2132,0.1515,-0.3464,0.7851,0.1501,-0.0019,0.7927,0.1405,0.0000,1,1,0.7497,-0.1495,0.0226,0.1762,-0.1479,-0.3219,0.7497,-0.1495,0.0226,0.8653,-0.1435,0.0000,0,1,0.3709,0.1525,0.0214,-0.2010,0.1561,-0.3231,0.3709,0.1525,0.0214,0.4770,0.1384,0.0000,0,1,0.4130,-0.1542,-0.0024,-0.1605,-0.1509,-0.3469,0.4130,-0.1542,-0.0024,0.4075,-0.1456,0.0000,1,1
0.5769,-0.0026,0.3448,-0.0313,0.0052,0.7851,0.1501,-0.0019,0.2090,0.1516,-0.3467,0.7851,0.1501,-0.0019,0.7950,0.1404,0.0000,1,1,0.7602,-0.1493,0.0354,0.1825,-0.1477,-0.3094,0.7602,-0.1493,0.0354,0.8695,-0.1436,0.0000,0,1,0.3821,0.1518,0.0342,-0.1940,0.1554,-0.3106,0.3821,0.1518,0.0342,0.4812,0.1384,0.0000,0,1,0.4131,-0.1542,-0.0024,-0.1646,-0.1507,-0.3472,0.4131,-0.1542,-0.0024,0.4097,-0.1456,0.0000,1,1
0.5810,-0.0026,0.3451,-0.0346,0.0050,0.7851,0.1501,-0.0019,0.2049,0.1517,-0.3470,0.7851,0.1501,-0.0019,0.7971,0.1404,0.0000,1,1,0.7700,-0.1491,0.0485,0.1883,-0.1474,-0.2966,0.7700,-0.1491,0.0485,0.8735,-0.1436,0.0000,0,1,0.3924,0.1511,0.0473,-0.1878,0.1546,-0.2978,0.3924,0.1511,0.0473,0.4853,0.1384,0.0000,0,1,0.4131,-0.1542,-0.0024,-0.1687,-0.1508,-0.3475,0.4131,-0.1542,-0.0024,0.4117,-0.1456,0.0000,1,1
0.5849,-0.0025,0.3453,-0.0376,0.0045,0.7851,0.1501,-0.0019,0.2009,0.1517,-0.3472,0.7851,0.1501,-0.0019,0.7991,0.1404,0.0000,1,1,0.7788,-0.1488,0.0605,0.1932,-0.1472,-0.2848,0.7788,-0.1488,0.0605,0.8774,-0.1436,0.0000,0,1,0.4018,0.1504,0.0593,-0.1824,0.1537,-0.2860,0.4018,0.1504,0.0593,0.4893,0.1386,0.0000,0,1,0.4131,-0.1542,-0.0024,-0.1725,-0.1509,-0.3477,0.4131,-0.1542,-0.0024,0.4136,-0.1454,0.0000,1,1
0.5888,-0.0023,0.3454,-0.0403,0.0039,0.7851,0.1501,-0.0019,0.1969,0.1516,-0.3473,0.7851,0.1501,-0.0019,0.8010,0.1404,0.0000,1,1,0.7869,-0.1485,0.0703,0.1975,-0.1470,-0.2751,0.7869,-0.1485,0.0703,0.8811,-0.1436,0.0000,0,1,0.4103,0.1498,0.0690,-0.1779,0.1528,-0.2764,0.4103,0.1498,0.0690,0.4932,0.1389,0.0000,0,1,0.4131,-0.1542,-0.0024,-0.1763,-0.1512,-0.3478,0.4131,-0.1542,-0.0024,0.4153,-0.1451,0.0000,1,1
0.5925,-0.0021,0.3455,-0.0425,0.0032,0.7852,0.1501,-0.0019,0.1932,0.1516,-0.3474,0.7852,0.1501,-0.0019,0.8029,0.1405,0.0000,1,1,0.7942,-0.1483,0.0764,0.2012,-0.1468,-0.2691,0.7942,-0.1483,0.0764,0.8848,-0.1435,0.0000,0,1,0.4182,0.1494,0.0752,-0.1738,0.1521,-0.2703,0.4182,0.1494,0.0752,0.4971,0.1392,0.0000,0,1,0.4131,-0.1542,-0.0025,-0.1799,-0.1515,-0.3480,0.4131,-0.1542,-0.0025,0.4170,-0.1448,0.0000,1,1
0.5962,-0.0019,0.3455,-0.0442,0.0024,0.7852,0.1501,-0.0019,0.1894,0.1515,-0.3474,0.7852,0.1501,-0.0019,0.8047,0.1406,0.0000,1,1,0.8010,-0.1481,0.0778,0.2044,-0.1467,-0.2677,0.8010,-0.1481,0.0778,0.8884,-0.1434,0.0000,0,1,0.4256,0.1493,0.0765,-0.1702,0.1516,-0.2690,0.4256,0.1493,0.0765,0.5009,0.1396,0.0000,0,1,0.4132,-0.1542,-0.0025,-0.1834,-0.1519,-0.3480,0.4132,-0.1542,-0.0025,0.4186,-0.1444,0.0000,1,1
0.5999,-0.0016,0.3454,-0.0454,0.0015,0.7852,0.1501,-0.0019,0.1855,0.1514,-0.3473,0.7852,0.1501,-0.0019,0.8065,0.1407,0.0000,1,1,0.8074,-0.1482,0.0742,0.2073,-0.1469,-0.2712,0.8074,-0.1482,0.0742,0.8919,-0.1433,0.0000,0,1,0.4329,0.1496,0.0729,-0.1668,0.1515,-0.2725,0.4329,0.1496,0.0729,0.5047,0.1401,0.0000,0,1,0.4132,-0.1542,-0.0025,-0.1869,-0.1523,-0.3479,0.4132,-0.1542,-0.0025,0.4201,-0.1439,0.0000,1,1
0.6035,-0.0013,0.3452,-0.0463,0.0006,0.7852,0.1501,-0.0019,0.1818,0.1513,-0.3471,0.7852,0.1501,-0.0019,0.8082,0.1408,0.0000,1,1,0.8135,-0.1483,0.0667,0.2099,-0.1471,-0.2785,0.8135,-0.1483,0.0667,0.8954,-0.1432,0.0000,0,1,0.4401,0.1502,0.0654,-0.1633,0.1516,-0.2798,0.4401,0.1502,0.0654,0.5084,0.1406,0.0000,0,1,0.4132,-0.1542,-0.0025,-0.1904,-0.1528,-0.3477,0.4132,-0.1542,-0.0025,0.4216,-0.1434,0.0000,1,1
0.6072,-0.0010,0.3450,-0.0476,-0.0003,0.7852,0.1501,-0.0019,0.1780,0.1512,-0.3469,0.7852,0.1501,-0.0019,0.8101,0.1409,0.0000,1,1,0.8199,-0.1486,0.0563,0.2127,-0.1475,-0.2887,0.8199,-0.1486,0.0563,0.8990,-0.1431,0.0000,0,1,0.4476,0.1510,0.0550,-0.1596,0.1520,-0.2900,0.4476,0.1510,0.0550,0.5123,0.1411,0.0000,0,1,0.4132,-0.1542,-0.0025,-0.1940,-0.1533,-0.3475,0.4132,-0.1542,-0.0025,0.4232,-0.1429,0.0000,1,1
0.6110,-0.0007,0.3448,-0.0490,-0.0013,0.7852,0.1501,-0.0018,0.1740,0.1510,-0.3466,0.7852,0.1501,-0.0018,0.8120,0.1411,0.0000,1,1,0.8271,-0.1490,0.0442,0.2163,-0.1480,-0.3006,0.8271,-0.1490,0.0442,0.9026,-0.1429,0.0000,0,1,0.4551,0.1519,0.0429,-0.1561,0.1524,-0.3019,0.4551,0.1519,0.0429,0.5162,0.1416,0.0000,0,1,0.4132,-0.1542,-0.0025,-0.1976,-0.1538,-0.3473,0.4132,-0.1542,-0.0025,0.4248,-0.1424,0.0000,1,1
0.6149,-0.0003,0.3446,-0.0501,-0.0022,0.7853,0.1501,-0.0018,0.1701,0.1508,-0.3464,0.7853,0.1501,-0.0018,0.8140,0.1413,0.0000,1,1,0.8351,-0.1493,0.0315,0.2205,-0.1485,-0.3131,0.8351,-0.1493,0.0315,0.9064,-0.1427,0.0000,0,1,0.4627,0.1528,0.0302,-0.1525,0.1528,-0.3144,0.4627,0.1528,0.0302,0.5202,0.1421,0.0000,0,1,0.4132,-0.1542,-0.0025,-0.2014,-0.1543,-0.3471,0.4132,-0.1542,-0.0025,0.4266,-0.1419,0.0000,1,1
0.6190,0.0001,0.3446,-0.0508,-0.0030,0.7853,0.1501,-0.0018,0.1658,0.1505,-0.3464,0.7853,0.1501,-0.0018,0.8162,0.1415,0.0000,1,1,0.8444,-0.1496,0.0193,0.2258,-0.1490,-0.3253,0.8444,-0.1496,0.0193,0.9104,-0.1425,0.0000,0,1,0.4700,0.1536,0.0180,-0.1495,0.1531,-0.3266,0.4700,0.1536,0.0180,0.5244,0.1426,0.0000,0,1,0.4132,-0.1542,-0.0025,-0.2053,-0.1549,-0.3471,0.4132,-0.1542,-0.0025,0.4286,-0.1414,0.0000,1,1
0.6233,0.0005,0.3447,-0.0509,-0.0036,0.7853,0.1501,-0.0018,0.1615,0.1502,-0.3465,0.7853,0.1501,-0.0018,0.8186,0.1418,0.0000,1,1,0.8553,-0.1495,0.0088,0.2325,-0.1492,-0.3359,0.8553,-0.1495,0.0088,0.9146,-0.1422,0.0000,0,1,0.4769,0.1538,0.0075,-0.1470,0.1528,-0.3372,0.4769,0.1538,0.0075,0.5288,0.1432,0.0000,0,1,0.4132,-0.1542,-0.0025,-0.2095,-0.1555,-0.3472,0.4132,-0.1542,-0.0025,0.4308,-0.1408,0.0000,1,1
0.6279,0.0011,0.3448,-0.0493,-0.0041,0.7852,0.1500,-0.0019,0.1567,0.1495,-0.3467,0.7852,0.1500,-0.0019,0.8213,0.1423,0.0000,1,1,0.8692,-0.1496,0.0010,0.2419,-0.1497,-0.3438,0.8692,-0.1496,0.0010,0.9191,-0.1417,0.0000,0,1,0.4827,0.1531,-0.0003,-0.1458,0.1514,-0.3451,0.4827,0.1531,-0.0003,0.5335,0.1439,0.0000,0,1,0.4132,-0.1542,-0.0025,-0.2141,-0.1562,-0.3473,0.4132,-0.1542,-0.0025,0.4333,-0.1401,0.0000,1,1
0.6329,0.0017,0.3449,-0.0458,-0.0044,0.7903,0.1498,-0.0004,0.1567,0.1488,-0.3453,0.7903,0.1498,-0.0004,0.9253,0.1429,0.0000,0,1,0.8789,-0.1503,-0.0020,0.2467,-0.1509,-0.3469,0.8789,-0.1503,-0.0020,0.8580,-0.1411,0.0000,1,1,0.4846,0.1522,-0.0033,-0.1490,0.1498,-0.3482,0.4846,0.1522,-0.0033,0.4725,0.1446,0.0000,1,1,0.4183,-0.1548,-0.0007,-0.2139,-0.1574,-0.3456,0.4183,-0.1548,-0.0007,0.5372,-0.1394,0.0000,0,1
0.6379,0.0022,0.3448,-0.0460,-0.0038,0.8019,0.1495,0.0062,0.1634,0.1479,-0.3386,0.8019,0.1495,0.0062,0.9303,0.1434,0.0000,0,1,0.8789,-0.1503,-0.0020,0.2416,-0.1516,-0.3468,0.8789,-0.1503,-0.0020,0.8612,-0.1406,0.0000,1,1,0.4846,0.1522,-0.0033,-0.1539,0.1494,-0.3481,0.4846,0.1522,-0.0033,0.4755,0.1449,0.0000,1,1,0.4306,-0.1549,0.0059,-0.2067,-0.1579,-0.3389,0.4306,-0.1549,0.0059,0.5424,-0.1391,0.0000,0,1
0.6428,0.0025,0.3450,-0.0477,-0.0033,0.8129,0.1493,0.0162,0.1696,0.1474,-0.3288,0.8129,0.1493,0.0162,0.9351,0.1439,0.0000,0,1,0.8790,-0.1504,-0.0020,0.2367,-0.1521,-0.3470,0.8790,-0.1504,-0.0020,0.8641,-0.1401,0.0000,1,1,0.4847,0.1522,-0.0033,-0.1586,0.1492,-0.3483,0.4847,0.1522,-0.0033,0.4783,0.1452,0.0000,1,1,0.4429,-0.1543,0.0159,-0.1994,-0.1575,-0.3291,0.4429,-0.1543,0.0159,0.5473,-0.1388,0.0000,0,1
0.6474,0.0028,0.3453,-0.0505,-0.0028,0.8234,0.1491,0.0284,0.1756,0.1468,-0.3169,0.8234,0.1491,0.0284,0.9396,0.1442,0.0000,0,1,0.8790,-0.1503,-0.0020,0.2320,-0.1525,-0.3473,0.8790,-0.1503,-0.0020,0.8669,-0.1398,0.0000,1,1,0.4847,0.1522,-0.0033,-0.1631,0.1489,-0.3486,0.4847,0.1522,-0.0033,0.4808,0.1453,0.0000,1,1,0.4549,-0.1534,0.0281,-0.1921,-0.1567,-0.3172,0.4549,-0.1534,0.0281,0.5521,-0.1387,0.0000,0,1
0.6519,0.0029,0.3456,-0.0538,-0.0021,0.8334,0.1489,0.0415,0.1812,0.1464,-0.3041,0.8334,0.1489,0.0415,0.9440,0.1445,0.0000,0,1,0.8790,-0.1503,-0.0020,0.2274,-0.1527,-0.3476,0.8790,-0.1503,-0.0020,0.8694,-0.1395,0.0000,1,1,0.4847,0.1522,-0.0033,-0.1675,0.1489,-0.3489,0.4847,0.1522,-0.0033,0.4832,0.1453,0.0000,1,1,0.4660,-0.1525,0.0412,-0.1856,-0.1558,-0.3044,0.4660,-0.1525,0.0412,0.5566,-0.1387,0.0000,0,1
0.6561,0.0029,0.3458,-0.0570,-0.0013,0.8427,0.1486,0.0543,0.1864,0.1459,-0.2915,0.8427,0.1486,0.0543,0.9481,0.1447,0.0000,0,1,0.8790,-0.1503,-0.0020,0.2231,-0.1529,-0.3478,0.8790,-0.1503,-0.0020,0.8717,-0.1393,0.0000,1,1,0.4847,0.1522,-0.0033,-0.1716,0.1491,-0.3491,0.4847,0.1522,-0.0033,0.4853,0.1452,0.0000,1,1,0.4761,-0.1516,0.0539,-0.1798,-0.1547,-0.2919,0.4761,-0.1516,0.0539,0.5609,-0.1388,0.0000,0,1
0.6602,0.0028,0.3460,-0.0600,-0.0005,0.8512,0.1484,0.0653,0.1909,0.1457,-0.2807,0.8512,0.1484,0.0653,0.9521,0.1448,0.0000,0,1,0.8790,-0.1504,-0.0020,0.2189,-0.1531,-0.3480,0.8790,-0.1504,-0.0020,0.8739,-0.1392,0.0000,1,1,0.4847,0.1522,-0.0033,-0.1756,0.1493,-0.3493,0.4847,0.1522,-0.0033,0.4873,0.1449,0.0000,1,1,0.4851,-0.1509,0.0649,-0.1750,-0.1538,-0.2811,0.4851,-0.1509,0.0649,0.5651,-0.1391,0.0000,0,1
0.6641,0.0027,0.3461,-0.0624,0.0005,0.8590,0.1480,0.0734,0.1950,0.1452,-0.2727,0.8590,0.1480,0.0734,0.9559,0.1448,0.0000,0,1,0.8790,-0.1504,-0.0019,0.2148,-0.1532,-0.3480,0.8790,-0.1504,-0.0019,0.8760,-0.1392,0.0000,1,1,0.4848,0.1522,-0.0034,-0.1792,0.1496,-0.3495,0.4848,0.1522,-0.0034,0.4891,0.1446,0.0000,1,1,0.4933,-0.1503,0.0730,-0.1709,-0.1529,-0.2731,0.4933,-0.1503,0.0730,0.5692,-0.1394,0.0000,0,1
0.6679,0.0025,0.3461,-0.0644,0.0014,0.8662,0.1477,0.0773,0.1985,0.1449,-0.2688,0.8662,0.1477,0.0773,0.9595,0.1448,0.0000,0,1,0.8791,-0.1504,-0.0019,0.2110,-0.1532,-0.3480,0.8791,-0.1504,-0.0019,0.8779,-0.1392,0.0000,1,1,0.4848,0.1522,-0.0034,-0.1829,0.1500,-0.3495,0.4848,0.1522,-0.0034,0.4907,0.1442,0.0000,1,1,0.5009,-0.1500,0.0769,-0.1672,-0.1523,-0.2692,0.5009,-0.1500,0.0769,0.5731,-0.1398,0.0000,0,1
0.6716,0.0022,0.3461,-0.0659,0.0025,0.8730,0.1475,0.0762,0.2018,0.1448,-0.2699,0.8730,0.1475,0.0762,0.9631,0.1447,0.0000,0,1,0.8791,-0.1504,-0.0019,0.2071,-0.1531,-0.3480,0.8791,-0.1504,-0.0019,0.8798,-0.1393,0.0000,1,1,0.4848,0.1522,-0.0034,-0.1864,0.1505,-0.3495,0.4848,0.1522,-0.0034,0.4923,0.1437,0.0000,1,1,0.5081,-0.1500,0.0757,-0.1639,-0.1518,-0.2704,0.5081,-0.1500,0.0757,0.5770,-0.1403,0.0000,0,1
0.6753,0.0018,0.3460,-0.0669,0.0035,0.8796,0.1473,0.0704,0.2048,0.1448,-0.2756,0.8796,0.1473,0.0704,0.9666,0.1445,0.0000,0,1,0.8791,-0.1504,-0.0019,0.2033,-0.1529,-0.3479,0.8791,-0.1504,-0.0019,0.8816,-0.1395,0.0000,1,1,0.4848,0.1522,-0.0034,-0.1900,0.1511,-0.3494,0.4848,0.1522,-0.0034,0.4938,0.1432,0.0000,1,1,0.5152,-0.1504,0.0700,-0.1606,-0.1516,-0.2760,0.5152,-0.1504,0.0700,0.5808,-0.1408,0.0000,0,1
0.6789,0.0014,0.3458,-0.0675,0.0045,0.8864,0.1473,0.0613,0.2082,0.1450,-0.2845,0.8864,0.1473,0.0613,0.9701,0.1443,0.0000,0,1,0.8791,-0.1504,-0.0019,0.1995,-0.1527,-0.3477,0.8791,-0.1504,-0.0019,0.8833,-0.1397,0.0000,1,1,0.4848,0.1522,-0.0034,-0.1934,0.1517,-0.3492,0.4848,0.1522,-0.0034,0.4953,0.1426,0.0000,1,1,0.5222,-0.1511,0.0609,-0.1574,-0.1518,-0.2849,0.5222,-0.1511,0.0609,0.5845,-0.1414,0.0000,0,1
0.6825,0.0010,0.3456,-0.0679,0.0054,0.8922,0.1470,0.0500,0.2105,0.1449,-0.2956,0.8922,0.1470,0.0500,0.9336,0.1040,0.0000,0,1,0.8791,-0.1504,-0.0019,0.1958,-0.1525,-0.3475,0.8791,-0.1504,-0.0019,0.8851,-0.1400,0.0000,1,1,0.4848,0.1522,-0.0034,-0.1969,0.1523,-0.3490,0.4848,0.1522,-0.0034,0.4968,0.1419,0.0000,1,1,0.5295,-0.1520,0.0495,-0.1538,-0.1522,-0.2961,0.5295,-0.1520,0.0495,0.5883,-0.1421,0.0000,0,1
0.6862,0.0005,0.3454,-0.0687,0.0062,0.8959,0.1465,0.0374,0.2106,0.1447,-0.3080,0.8959,0.1465,0.0374,0.9371,0.1037,0.0000,0,1,0.8791,-0.1504,-0.0019,0.1920,-0.1521,-0.3473,0.8791,-0.1504,-0.0019,0.8869,-0.1403,0.0000,1,1,0.4849,0.1521,-0.0034,-0.2004,0.1528,-0.3488,0.4849,0.1521,-0.0034,0.4983,0.1413,0.0000,1,1,0.5376,-0.1530,0.0370,-0.1495,-0.1526,-0.3084,0.5376,-0.1530,0.0370,0.5921,-0.1427,0.0000,0,1
0.6900,0.0001,0.3454,-0.0696,0.0074,0.9002,0.1461,0.0248,0.2113,0.1444,-0.3206,0.9002,0.1461,0.0248,0.9407,0.1035,0.0000,0,1,0.8792,-0.1504,-0.0019,0.1881,-0.1519,-0.3473,0.8792,-0.1504,-0.0019,0.8888,-0.1405,0.0000,1,1,0.4849,0.1521,-0.0034,-0.2040,0.1535,-0.3488,0.4849,0.1521,-0.0034,0.4999,0.1406,0.0000,1,1,0.5455,-0.1539,0.0244,-0.1456,-0.1529,-0.3210,0.5455,-0.1539,0.0244,0.5960,-0.1434,0.0000,0,1
0.6938,-0.0004,0.3455,-0.0702,0.0085,0.9044,0.1454,0.0134,0.2118,0.1440,-0.3321,0.9044,0.1454,0.0134,0.9444,0.1032,0.0000,0,1,0.8792,-0.1504,-0.0018,0.1841,-0.1516,-0.3473,0.8792,-0.1504,-0.0018,0.8908,-0.1408,0.0000,1,1,0.4849,0.1521,-0.0034,-0.2076,0.1543,-0.3489,0.4849,0.1521,-0.0034,0.5016,0.1399,0.0000,1,1,0.5535,-0.1544,0.0129,-0.1416,-0.1528,-0.3326,0.5535,-0.1544,0.0129,0.6000,-0.1441,0.0000,0,1
0.6978,-0.0009,0.3458,-0.0700,0.0095,0.9093,0.1441,0.0041,0.2129,0.1430,-0.3417,0.9093,0.1441,0.0041,0.9482,0.1029,0.0000,0,1,0.8792,-0.1504,-0.0019,0.1800,-0.1512,-0.3477,0.8792,-0.1504,-0.0019,0.8929,-0.1411,0.0000,1,1,0.4849,0.1522,-0.0034,-0.2114,0.1551,-0.3492,0.4849,0.1522,-0.0034,0.5035,0.1392,0.0000,1,1,0.5609,-0.1542,0.0036,-0.1384,-0.1520,-0.3422,0.5609,-0.1542,0.0036,0.6041,-0.1448,0.0000,0,1
0.7019,-0.0015,0.3461,-0.0674,0.0100,0.9141,0.1425,-0.0025,0.2136,0.1419,-0.3486,0.9141,0.1425,-0.0025,0.9523,0.1024,0.0000,0,1,0.8790,-0.1503,-0.0020,0.1756,-0.1506,-0.3481,0.8790,-0.1503,-0.0020,0.8951,-0.1416,0.0000,1,1,0.4847,0.1523,-0.0033,-0.2157,0.1560,-0.3494,0.4847,0.1523,-0.0033,0.5055,0.1385,0.0000,1,1,0.5678,-0.1520,-0.0029,-0.1356,-0.1492,-0.3490,0.5678,-0.1520,-0.0029,0.6083,-0.1455,0.0000,0,1
0.7062,-0.0021,0.3461,-0.0662,0.0102,0.9140,0.1425,-0.0025,0.2093,0.1425,-0.3486,0.9140,0.1425,-0.0025,0.9296,0.1418,0.0000,1,1,0.8853,-0.1488,0.0024,0.1776,-0.1485,-0.3437,0.8853,-0.1488,0.0024,0.9594,-0.1821,0.0000,0,1,0.4953,0.1533,0.0012,-0.2093,0.1575,-0.3449,0.4953,0.1533,0.0012,0.6098,0.1379,0.0000,0,1,0.5677,-0.1520,-0.0029,-0.1400,-0.1485,-0.3490,0.5677,-0.1520,-0.0029,0.5457,-0.1461,0.0000,1,1
0.7104,-0.0025,0.3463,-0.0674,0.0099,0.9140,0.1425,-0.0025,0.2050,0.1430,-0.3488,0.9140,0.1425,-0.0025,0.9318,0.1414,0.0000,1,1,0.8924,-0.1479,0.0108,0.1806,-0.1472,-0.3355,0.8924,-0.1479,0.0108,0.9636,-0.1826,0.0000,0,1,0.5078,0.1530,0.0096,-0.2011,0.1575,-0.3367,0.5078,0.1530,0.0096,0.6140,0.1375,0.0000,0,1,0.5677,-0.1520,-0.0029,-0.1442,-0.1481,-0.3492,0.5677,-0.1520,-0.0029,0.5478,-0.1465,0.0000,1,1
0.7145,-0.0028,0.3466,-0.0698,0.0092,0.9140,0.1425,-0.0025,0.2008,0.1435,-0.3491,0.9140,0.1425,-0.0025,0.9340,0.1409,0.0000,1,1,0.8998,-0.1473,0.0221,0.1840,-0.1462,-0.3245,0.8998,-0.1473,0.0221,0.9676,-0.1831,0.0000,0,1,0.5203,0.1522,0.0209,-0.1928,0.1568,-0.3257,0.5203,0.1522,0.0209,0.6182,0.1374,0.0000,0,1,0.5677,-0.1520,-0.0029,-0.1482,-0.1478,-0.3495,0.5677,-0.1520,-0.0029,0.5498,-0.1466,0.0000,1,1
0.7184,-0.0030,0.3470,-0.0726,0.0082,0.9141,0.1425,-0.0025,0.1969,0.1439,-0.3495,0.9141,0.1425,-0.0025,0.9361,0.1406,0.0000,1,1,0.9069,-0.1470,0.0349,0.1873,-0.1455,-0.3121,0.9069,-0.1470,0.0349,0.9714,-0.1834,0.0000,0,1,0.5320,0.1515,0.0337,-0.1851,0.1560,-0.3133,0.5320,0.1515,0.0337,0.6223,0.1374,0.0000,0,1,0.5678,-0.1520,-0.0030,-0.1518,-0.1478,-0.3500,0.5678,-0.1520,-0.0030,0.5516,-0.1466,0.0000,1,1
0.7222,-0.0030,0.3473,-0.0757,0.0069,0.9141,0.1425,-0.0025,0.1929,0.1442,-0.3498,0.9141,0.1425,-0.0025,0.8980,0.1003,0.0000,1,1,0.9140,-0.1467,0.0480,0.1908,-0.1450,-0.2993,0.9140,-0.1467,0.0480,1.0550,-0.1837,0.1000,0,1,0.5421,0.1506,0.0467,-0.1790,0.1548,-0.3006,0.5421,0.1506,0.0467,0.6263,0.1376,0.0000,0,1,0.5678,-0.1520,-0.0030,-0.1554,-0.1479,-0.3503,0.5678,-0.1520,-0.0030,0.5532,-0.1464,0.0000,1,1
0.7260,-0.0029,0.3477,-0.0792,0.0053,0.9141,0.1425,-0.0025,0.1889,0.1444,-0.3502,0.9141,0.1425,-0.0025,0.9400,0.1401,0.0000,1,1,0.9197,-0.1463,0.0600,0.1929,-0.1444,-0.2877,0.9197,-0.1463,0.0600,1.0585,-0.1839,0.1000,0,1,0.5510,0.1497,0.0588,-0.1742,0.1535,-0.2889,0.5510,0.1497,0.0588,0.6302,0.1380,0.0000,0,1,0.5678,-0.1520,-0.0030,-0.1590,-0.1483,-0.3507,0.5678,-0.1520,-0.0030,0.5547,-0.1460,0.0000,1,1
0.7296,-0.0028,0.3480,-0.0826,0.0034,0.9141,0.1425,-0.0024,0.1850,0.1447,-0.3504,0.9141,0.1425,-0.0024,0.9419,0.1399,0.0000,1,1,0.9248,-0.1460,0.0698,0.1947,-0.1439,-0.2782,0.9248,-0.1460,0.0698,1.0619,-0.1841,0.1000,0,1,0.5591,0.1491,0.0685,-0.1700,0.1525,-0.2795,0.5591,0.1491,0.0685,0.6341,0.1386,0.0000,0,1,0.5678,-0.1520,-0.0030,-0.1623,-0.1486,-0.3510,0.5678,-0.1520,-0.0030,0.5561,-0.1454,0.0000,1,1
0.7331,-0.0025,0.3483,-0.0853,0.0013,0.9141,0.1425,-0.0024,0.1812,0.1448,-0.3507,0.9141,0.1425,-0.0024,0.9438,0.1398,0.0000,1,1,0.9295,-0.1459,0.0759,0.1962,-0.1437,-0.2724,0.9295,-0.1459,0.0759,1.0651,-0.1842,0.1000,0,1,0.5665,0.1487,0.0747,-0.1664,0.1514,-0.2736,0.5665,0.1487,0.0747,0.6380,0.1393,0.0000,0,1,0.5678,-0.1520,-0.0030,-0.1655,-0.1493,-0.3513,0.5678,-0.1520,-0.0030,0.5573,-0.1447,0.0000,1,1
0.7366,-0.0021,0.3486,-0.0872,-0.0010,0.9141,0.1425,-0.0024,0.1774,0.1448,-0.3510,0.9141,0.1425,-0.0024,0.9456,0.1397,0.0000,1,1,0.9334,-0.1460,0.0773,0.1969,-0.1437,-0.2713,0.9334,-0.1460,0.0773,1.0683,-0.1843,0.1000,0,1,0.5734,0.1488,0.0760,-0.1634,0.1507,-0.2726,0.5734,0.1488,0.0760,0.6418,0.1401,0.0000,0,1,0.5678,-0.1520,-0.0030,-0.1687,-0.1501,-0.3516,0.5678,-0.1520,-0.0030,0.5585,-0.1439,0.0000,1,1
0.7401,-0.0016,0.3487,-0.0881,-0.0033,0.9141,0.1425,-0.0024,0.1735,0.1447,-0.3511,0.9141,0.1425,-0.0024,0.9473,0.1397,0.0000,1,1,0.9368,-0.1463,0.0737,0.1972,-0.1441,-0.2750,0.9368,-0.1463,0.0737,1.0714,-0.1843,0.1000,0,1,0.5801,0.1493,0.0724,-0.1605,0.1504,-0.2763,0.5801,0.1493,0.0724,0.6455,0.1410,0.0000,0,1,0.5679,-0.1520,-0.0030,-0.1717,-0.1510,-0.3517,0.5679,-0.1520,-0.0030,0.5596,-0.1430,0.0000,1,1
0.7435,-0.0010,0.3488,-0.0883,-0.0055,0.9142,0.1425,-0.0024,0.1699,0.1444,-0.3512,0.9142,0.1425,-0.0024,0.9491,0.1399,0.0000,1,1,0.9405,-0.1470,0.0662,0.1978,-0.1449,-0.2826,0.9405,-0.1470,0.0662,1.0745,-0.1841,0.1000,0,1,0.5865,0.1500,0.0649,-0.1578,0.1501,-0.2839,0.5865,0.1500,0.0649,0.6493,0.1420,0.0000,0,1,0.5679,-0.1520,-0.0030,-0.1748,-0.1520,-0.3518,0.5679,-0.1520,-0.0030,0.5607,-0.1420,0.0000,1,1
0.7470,-0.0004,0.3489,-0.0878,-0.0074,0.9142,0.1425,-0.0024,0.1661,0.1441,-0.3513,0.9142,0.1425,-0.0024,0.9508,0.1402,0.0000,1,1,0.9439,-0.1477,0.0558,0.1980,-0.1458,-0.2931,0.9439,-0.1477,0.0558,1.0777,-0.1838,0.1000,0,1,0.5929,0.1509,0.0545,-0.1552,0.1502,-0.2944,0.5929,0.1509,0.0545,0.6530,0.1431,0.0000,0,1,0.5679,-0.1520,-0.0030,-0.1780,-0.1529,-0.3519,0.5679,-0.1520,-0.0030,0.5619,-0.1409,0.0000,1,1
0.7506,0.0004,0.3489,-0.0872,-0.0086,0.9142,0.1426,-0.0023,0.1624,0.1436,-0.3512,0.9142,0.1426,-0.0023,0.9526,0.1408,0.0000,1,1,0.9474,-0.1485,0.0437,0.1981,-0.1472,-0.3052,0.9474,-0.1485,0.0437,1.0811,-0.1832,0.1000,0,1,0.5992,0.1519,0.0424,-0.1527,0.1502,-0.3065,0.5992,0.1519,0.0424,0.6568,0.1441,0.0000,0,1,0.5679,-0.1520,-0.0030,-0.1814,-0.1540,-0.3519,0.5679,-0.1520,-0.0030,0.5633,-0.1399,0.0000,1,1
0.7543,0.0013,0.3489,-0.0875,-0.0091,0.9143,0.1426,-0.0023,0.1587,0.1428,-0.3512,0.9143,0.1426,-0.0023,0.9544,0.1415,0.0000,1,1,0.9548,-0.1493,0.0310,0.2019,-0.1488,-0.3179,0.9548,-0.1493,0.0310,1.0848,-0.1825,0.1000,0,1,0.6056,0.1526,0.0297,-0.1501,0.1499,-0.3192,0.6056,0.1526,0.0297,0.6606,0.1450,0.0000,0,1,0.5680,-0.1519,-0.0031,-0.1849,-0.1549,-0.3520,0.5680,-0.1519,-0.0031,0.5650,-0.1389,0.0000,1,1
0.7584,0.0022,0.3491,-0.0901,-0.0085,0.9143,0.1426,-0.0023,0.1547,0.1417,-0.3514,0.9143,0.1426,-0.0023,0.9564,0.1426,0.0000,1,1,0.9658,-0.1491,0.0189,0.2087,-0.1495,-0.3302,0.9658,-0.1491,0.0189,1.0890,-0.1814,0.1000,0,1,0.6128,0.1535,0.0175,-0.1469,0.1501,-0.3316,0.6128,0.1535,0.0175,0.6646,0.1459,0.0000,0,1,0.5680,-0.1519,-0.0031,-0.1891,-0.1557,-0.3522,0.5680,-0.1519,-0.0031,0.5672,-0.1381,0.0000,1,1
0.7630,0.0032,0.3493,-0.0965,-0.0057,0.9143,0.1427,-0.0023,0.1505,0.1404,-0.3516,0.9143,0.1427,-0.0023,0.9186,0.1041,0.0000,1,1,0.9654,-0.1439,0.0094,0.2032,-0.1459,-0.3399,0.9654,-0.1439,0.0094,1.0540,-0.1399,0.1000,0,1,0.6250,0.1557,0.0070,-0.1389,0.1517,-0.3423,0.6250,0.1557,0.0070,0.6688,0.1463,0.0000,0,1,0.5681,-0.1518,-0.0032,-0.1940,-0.1561,-0.3525,0.5681,-0.1518,-0.0032,0.5702,-0.1377,0.0000,1,1
0.7671,0.0042,0.3499,-0.0967,-0.0063,0.9140,0.1425,-0.0025,0.1460,0.1392,-0.3524,0.9140,0.1425,-0.0025,0.9208,0.1050,0.0000,1,1,0.9985,-0.1407,0.0025,0.2323,-0.1434,-0.3474,0.9985,-0.1407,0.0025,1.0580,-0.1390,0.1000,0,1,0.6306,0.1549,-0.0007,-0.1374,0.1498,-0.3506,0.6306,0.1549,-0.0007,0.6730,0.1475,0.0000,0,1,0.5677,-0.1520,-0.0030,-0.1984,-0.1575,-0.3529,0.5677,-0.1520,-0.0030,0.5723,-0.1365,0.0000,1,1
0.7715,0.0053,0.3504,-0.0932,-0.0062,0.9156,0.1422,-0.0010,0.1432,0.1378,-0.3514,0.9156,0.1422,-0.0010,1.0642,0.1461,0.1000,0,1,1.0180,-0.1409,-0.0001,0.2474,-0.1447,-0.3505,1.0180,-0.1409,-0.0001,0.9164,-0.2179,0.0000,1,1,0.6323,0.1534,-0.0037,-0.1401,0.1472,-0.3541,0.6323,0.1534,-0.0037,0.6114,0.1485,0.0000,1,1,0.5721,-0.1527,-0.0011,-0.1984,-0.1592,-0.3515,0.5721,-0.1527,-0.0011,0.6756,-0.1355,0.0000,0,1
0.7762,0.0061,0.3508,-0.0937,-0.0046,0.9217,0.1422,0.0055,0.1449,0.1368,-0.3453,0.9217,0.1422,0.0055,1.0687,0.1472,0.1000,0,1,1.0180,-0.1409,-0.0001,0.2425,-0.1459,-0.3509,1.0180,-0.1409,-0.0001,0.9194,-0.2168,0.0000,1,1,0.6323,0.1534,-0.0037,-0.1446,0.1466,-0.3545,0.6323,0.1534,-0.0037,0.6139,0.1490,0.0000,1,1,0.5840,-0.1524,0.0055,-0.1915,-0.1594,-0.3453,0.5840,-0.1524,0.0055,0.6806,-0.1350,0.0000,0,1
0.7808,0.0067,0.3513,-0.0955,-0.0028,0.9281,0.1426,0.0156,0.1469,0.1363,-0.3357,0.9281,0.1426,0.0156,1.0730,0.1481,0.1000,0,1,1.0180,-0.1409,-0.0001,0.2376,-0.1469,-0.3514,1.0180,-0.1409,-0.0001,0.9222,-0.2159,0.0000,1,1,0.6323,0.1534,-0.0037,-0.1489,0.1463,-0.3550,0.6323,0.1534,-0.0037,0.6162,0.1492,0.0000,1,1,0.5962,-0.1513,0.0155,-0.1842,-0.1585,-0.3358,0.5962,-0.1513,0.0155,0.6854,-0.1348,0.0000,0,1
0.7853,0.0069,0.3519,-0.0978,-0.0009,0.9348,0.1431,0.0277,0.1494,0.1363,-0.3242,0.9348,0.1431,0.0277,1.0772,0.1488,0.1000,0,1,1.0180,-0.1409,-0.0001,0.2328,-0.1476,-0.3520,1.0180,-0.1409,-0.0001,0.9249,-0.2152,0.0000,1,1,0.6323,0.1534,-0.0038,-0.1531,0.1464,-0.3557,0.6323,0.1534,-0.0038,0.6184,0.1491,0.0000,1,1,0.6078,-0.1500,0.0276,-0.1774,-0.1571,-0.3243,0.6078,-0.1500,0.0276,0.6901,-0.1349,0.0000,0,1
0.7895,0.0070,0.3526,-0.1001,0.0013,0.9413,0.1436,0.0408,0.1520,0.1364,-0.3118,0.9413,0.1436,0.0408,1.0811,0.1493,0.1000,0,1,1.0181,-0.1409,-0.0001,0.2284,-0.1482,-0.3527,1.0181,-0.1409,-0.0001,0.9275,-0.2147,0.0000,1,1,0.6324,0.1534,-0.0038,-0.1569,0.1466,-0.3564,0.6324,0.1534,-0.0038,0.6203,0.1488,0.0000,1,1,0.6182,-0.1489,0.0407,-0.1715,-0.1557,-0.3119,0.6182,-0.1489,0.0407,0.6947,-0.1352,0.0000,0,1
0.7936,0.0069,0.3531,-0.1022,0.0037,0.9476,0.1437,0.0535,0.1545,0.1362,-0.2996,0.9476,0.1437,0.0535,1.0849,0.1496,0.1000,0,1,1.0181,-0.1409,-0.0001,0.2240,-0.1486,-0.3532,1.0181,-0.1409,-0.0001,0.9299,-0.2144,0.0000,1,1,0.6324,0.1534,-0.0038,-0.1607,0.1471,-0.3569,0.6324,0.1534,-0.0038,0.6221,0.1482,0.0000,1,1,0.6276,-0.1480,0.0534,-0.1666,-0.1543,-0.2997,0.6276,-0.1480,0.0534,0.6991,-0.1358,0.0000,0,1
0.7976,0.0066,0.3536,-0.1046,0.0063,0.9537,0.1437,0.0646,0.1570,0.1361,-0.2890,0.9537,0.1437,0.0646,1.0885,0.1498,0.1000,0,1,1.0181,-0.1409,-0.0001,0.2196,-0.1489,-0.3537,1.0181,-0.1409,-0.0001,0.9723,-0.1742,0.0000,1,1,0.6324,0.1534,-0.0038,-0.1643,0.1478,-0.3574,0.6324,0.1534,-0.0038,0.6237,0.1474,0.0000,1,1,0.6362,-0.1475,0.0645,-0.1624,-0.1531,-0.2891,0.6362,-0.1475,0.0645,0.7035,-0.1366,0.0000,0,1
0.8014,0.0062,0.3541,-0.1068,0.0090,0.9590,0.1434,0.0727,0.1588,0.1358,-0.2814,0.9590,0.1434,0.0727,1.0919,0.1499,0.1000,0,1,1.0181,-0.1409,-0.0001,0.2154,-0.1490,-0.3542,1.0181,-0.1409,-0.0001,1.0545,-0.1741,0.1000,1,1,0.6324,0.1534,-0.0038,-0.1677,0.1487,-0.3579,0.6324,0.1534,-0.0038,0.6252,0.1464,0.0000,1,1,0.6439,-0.1471,0.0726,-0.1589,-0.1519,-0.2815,0.6439,-0.1471,0.0726,0.7077,-0.1376,0.0000,0,1
0.8052,0.0056,0.3545,-0.1093,0.0120,0.9609,0.1427,0.0766,0.1573,0.1352,-0.2779,0.9609,0.1427,0.0766,1.0953,0.1499,0.1000,0,1,1.0181,-0.1409,-0.0001,0.2111,-0.1490,-0.3546,1.0181,-0.1409,-0.0001,1.0567,-0.1741,0.1000,1,1,0.6324,0.1534,-0.0038,-0.1710,0.1499,-0.3583,0.6324,0.1534,-0.0038,0.6265,0.1453,0.0000,1,1,0.6510,-0.1471,0.0764,-0.1560,-0.1508,-0.2781,0.6510,-0.1471,0.0764,0.7119,-0.1387,0.0000,0,1
0.8088,0.0049,0.3551,-0.1114,0.0153,0.9611,0.1425,0.0754,0.1544,0.1353,-0.2797,0.9611,0.1425,0.0754,1.0984,0.1499,0.1000,0,1,1.0181,-0.1410,-0.0001,0.2070,-0.1491,-0.3552,1.0181,-0.1410,-0.0001,1.0588,-0.1741,0.1000,1,1,0.6325,0.1534,-0.0038,-0.1740,0.1512,-0.3589,0.6325,0.1534,-0.0038,0.6277,0.1439,0.0000,1,1,0.6581,-0.1474,0.0753,-0.1530,-0.1500,-0.2798,0.6581,-0.1474,0.0753,0.7160,-0.1400,0.0000,0,1
0.8124,0.0042,0.3556,-0.1127,0.0187,0.9596,0.1426,0.0697,0.1498,0.1356,-0.2859,0.9596,0.1426,0.0697,1.1015,0.1497,0.1000,0,1,1.0182,-0.1410,-0.0000,0.2030,-0.1490,-0.3556,1.0182,-0.1410,-0.0000,1.0608,-0.1742,0.1000,1,1,0.6325,0.1534,-0.0038,-0.1771,0.1525,-0.3594,0.6325,0.1534,-0.0038,0.6288,0.1425,0.0000,1,1,0.6652,-0.1479,0.0695,-0.1500,-0.1493,-0.2861,0.6652,-0.1479,0.0695,0.7201,-0.1415,0.0000,0,1
0.8159,0.0032,0.3562,-0.1133,0.0219,0.9567,0.1428,0.0606,0.1438,0.1365,-0.2956,0.9567,0.1428,0.0606,1.1045,0.1494,0.1000,0,1,1.0182,-0.1410,-0.0000,0.1991,-0.1486,-0.3562,1.0182,-0.1410,-0.0000,1.0627,-0.1745,0.1000,1,1,0.6325,0.1534,-0.0039,-0.1801,0.1542,-0.3601,0.6325,0.1534,-0.0039,0.6298,0.1409,0.0000,1,1,0.6722,-0.1484,0.0604,-0.1470,-0.1484,-0.2958,0.6722,-0.1484,0.0604,0.7240,-0.1430,0.0000,0,1
0.8194,0.0022,0.3567,-0.1137,0.0245,0.9546,0.1433,0.0492,0.1386,0.1377,-0.3075,0.9546,0.1433,0.0492,1.1076,0.1488,0.1000,0,1,1.0182,-0.1410,0.0000,0.1952,-0.1480,-0.3567,1.0182,-0.1410,0.0000,1.0646,-0.1751,0.1000,1,1,0.6325,0.1534,-0.0039,-0.1831,0.1557,-0.3606,0.6325,0.1534,-0.0039,0.6309,0.1394,0.0000,1,1,0.6790,-0.1488,0.0490,-0.1441,-0.1475,-0.3077,0.6790,-0.1488,0.0490,0.7279,-0.1446,0.0000,0,1
0.8229,0.0010,0.3572,-0.1146,0.0259,0.9526,0.1438,0.0367,0.1334,0.1394,-0.3205,0.9526,0.1438,0.0367,1.1110,0.1479,0.1000,0,1,1.0183,-0.1410,0.0001,0.1917,-0.1470,-0.3571,1.0183,-0.1410,0.0001,1.0663,-0.1760,0.1000,1,1,0.6326,0.1533,-0.0039,-0.1863,0.1572,-0.3611,0.6326,0.1533,-0.0039,0.6323,0.1379,0.0000,1,1,0.6859,-0.1492,0.0365,-0.1408,-0.1466,-0.3207,0.6859,-0.1492,0.0365,0.7317,-0.1460,0.0000,0,1
0.8267,-0.0003,0.3577,-0.1184,0.0254,0.9549,0.1429,0.0241,0.1318,0.1399,-0.3336,0.9549,0.1429,0.0241,1.1148,0.1465,0.1000,0,1,1.0183,-0.1411,0.0001,0.1880,-0.1456,-0.3576,1.0183,-0.1411,0.0001,1.0680,-0.1774,0.1000,1,1,0.6327,0.1533,-0.0040,-0.1900,0.1585,-0.3617,0.6327,0.1533,-0.0040,0.6341,0.1367,0.0000,1,1,0.6936,-0.1495,0.0239,-0.1368,-0.1458,-0.3338,0.6936,-0.1495,0.0239,0.7353,-0.1472,0.0000,0,1
0.8305,-0.0017,0.3583,-0.1256,0.0236,0.9794,0.1394,0.0126,0.1522,0.1375,-0.3457,0.9794,0.1394,0.0126,1.1189,0.1448,0.1000,0,1,1.0183,-0.1412,0.0002,0.1845,-0.1439,-0.3581,1.0183,-0.1412,0.0002,1.0696,-0.1791,0.1000,1,1,0.6327,0.1532,-0.0040,-0.1941,0.1595,-0.3623,0.6327,0.1532,-0.0040,0.6362,0.1357,0.0000,1,1,0.7009,-0.1503,0.0124,-0.1331,-0.1455,-0.3459,0.7009,-0.1503,0.0124,0.7389,-0.1482,0.0000,0,1
0.8344,-0.0032,0.3591,-0.1345,0.0206,1.0247,0.1324,0.0030,0.1931,0.1317,-0.3561,1.0247,0.1324,0.0030,1.1233,0.1427,0.1000,0,1,1.0181,-0.1410,-0.0000,0.1808,-0.1416,-0.3591,1.0181,-0.1410,-0.0000,1.0711,-0.1812,0.1000,1,1,0.6324,0.1534,-0.0038,-0.1987,0.1607,-0.3629,0.6324,0.1534,-0.0038,0.6386,0.1347,0.0000,1,1,0.7069,-0.1516,0.0032,-0.1305,-0.1457,-0.3559,0.7069,-0.1516,0.0032,0.7424,-0.1492,0.0000,0,1
0.8379,-0.0051,0.3599,-0.1316,0.0185,1.0853,0.1294,-0.0025,0.2498,0.1299,-0.3624,1.0853,0.1294,-0.0025,1.1270,0.1405,0.1000,0,1,1.0173,-0.1406,-0.0006,0.1769,-0.1388,-0.3605,1.0173,-0.1406,-0.0006,1.0723,-0.1835,0.1000,1,1,0.6316,0.1537,-0.0032,-0.2033,0.1626,-0.3631,0.6316,0.1537,-0.0032,0.6403,0.1333,0.0000,1,1,0.7077,-0.1497,-0.0033,-0.1329,-0.1422,-0.3632,0.7077,-0.1497,-0.0033,0.7455,-0.1506,0.0000,0,1
0.8424,-0.0067,0.3601,-0.1306,0.0130,1.0853,0.1295,-0.0024,0.2447,0.1330,-0.3625,1.0853,0.1295,-0.0024,1.0654,0.1378,0.1000,1,1,0.9965,-0.1438,0.0040,0.1523,-0.1391,-0.3561,0.9965,-0.1438,0.0040,1.1360,-0.1462,0.1000,0,1,0.6439,0.1541,0.0012,-0.1964,0.1634,-0.3589,0.6439,0.1541,0.0012,0.7456,0.1328,0.0000,0,1,0.7078,-0.1496,-0.0033,-0.1364,-0.1411,-0.3634,0.7078,-0.1496,-0.0033,0.6823,-0.1512,0.0000,1,1
0.8468,-0.0079,0.3605,-0.1280,0.0071,1.0854,0.1296,-0.0023,0.2396,0.1358,-0.3628,1.0854,0.1296,-0.0023,1.0686,0.1355,0.1000,1,1,0.9745,-0.1477,0.0125,0.1267,-0.1407,-0.3480,0.9745,-0.1477,0.0125,1.1396,-0.1485,0.1000,0,1,0.6569,0.1525,0.0097,-0.1888,0.1617,-0.3508,0.6569,0.1525,0.0097,0.7508,0.1327,0.0000,0,1,0.7079,-0.1495,-0.0034,-0.1399,-0.1406,-0.3639,0.7079,-0.1495,-0.0034,0.6838,-0.1513,0.0000,1,1
0.8511,-0.0087,0.3611,-0.1267,0.0016,1.0854,0.1296,-0.0023,0.2345,0.1379,-0.3634,1.0854,0.1296,-0.0023,1.0717,0.1336,0.1000,1,1,0.9598,-0.1493,0.0239,0.1085,-0.1408,-0.3372,0.9598,-0.1493,0.0239,1.1431,-0.1504,0.1000,0,1,0.6696,0.1510,0.0209,-0.1812,0.1600,-0.3402,0.6696,0.1510,0.0209,0.7559,0.1330,0.0000,0,1,0.7079,-0.1495,-0.0034,-0.1434,-0.1406,-0.3645,0.7079,-0.1495,-0.0034,0.6853,-0.1510,0.0000,1,1
0.8553,-0.0092,0.3619,-0.1271,-0.0036,1.0854,0.1295,-0.0023,0.2296,0.1395,-0.3642,1.0854,0.1295,-0.0023,1.0746,0.1321,0.1000,1,1,0.9621,-0.1484,0.0367,0.1073,-0.1388,-0.3252,0.9621,-0.1484,0.0367,1.1466,-0.1519,0.1000,0,1,0.6812,0.1496,0.0337,-0.1747,0.1582,-0.3282,0.6812,0.1496,0.0337,0.7608,0.1335,0.0000,0,1,0.7079,-0.1496,-0.0034,-0.1469,-0.1409,-0.3653,0.7079,-0.1496,-0.0034,0.6868,-0.1505,0.0000,1,1
0.8594,-0.0095,0.3626,-0.1291,-0.0082,1.0854,0.1295,-0.0023,0.2249,0.1408,-0.3649,1.0854,0.1295,-0.0023,1.0773,0.1309,0.1000,1,1,0.9689,-0.1471,0.0497,0.1106,-0.1367,-0.3129,0.9689,-0.1471,0.0497,1.1500,-0.1530,0.1000,0,1,0.6921,0.1486,0.0467,-0.1686,0.1567,-0.3159,0.6921,0.1486,0.0467,0.7655,0.1341,0.0000,0,1,0.7079,-0.1496,-0.0034,-0.1503,-0.1413,-0.3660,0.7079,-0.1496,-0.0034,0.6882,-0.1499,0.0000,1,1
0.8634,-0.0095,0.3632,-0.1318,-0.0122,1.0854,0.1295,-0.0023,0.2203,0.1417,-0.3655,1.0854,0.1295,-0.0023,1.0800,0.1301,0.1000,1,1,0.9741,-0.1459,0.0618,0.1124,-0.1350,-0.3014,0.9741,-0.1459,0.0618,1.1535,-0.1539,0.1000,0,1,0.7023,0.1478,0.0588,-0.1630,0.1553,-0.3044,0.7023,0.1478,0.0588,0.7702,0.1349,0.0000,0,1,0.7079,-0.1496,-0.0034,-0.1538,-0.1420,-0.3666,0.7079,-0.1496,-0.0034,0.6897,-0.1491,0.0000,1,1
0.8674,-0.0093,0.3638,-0.1344,-0.0161,1.0854,0.1295,-0.0023,0.2157,0.1423,-0.3661,1.0854,0.1295,-0.0023,1.0825,0.1296,0.1000,1,1,0.9784,-0.1452,0.0715,0.1132,-0.1341,-0.2923,0.9784,-0.1452,0.0715,1.1569,-0.1544,0.1000,0,1,0.7116,0.1470,0.0685,-0.1583,0.1538,-0.2953,0.7116,0.1470,0.0685,0.7747,0.1358,0.0000,0,1,0.7079,-0.1496,-0.0034,-0.1572,-0.1428,-0.3672,0.7079,-0.1496,-0.0034,0.6912,-0.1482,0.0000,1,1
0.8713,-0.0090,0.3642,-0.1365,-0.0198,1.0855,0.1295,-0.0023,0.2114,0.1427,-0.3665,1.0855,0.1295,-0.0023,1.0849,0.1292,0.1000,1,1,0.9817,-0.1447,0.0777,0.1131,-0.1335,-0.2865,0.9817,-0.1447,0.0777,1.1603,-0.1548,0.1000,0,1,0.7203,0.1464,0.0747,-0.1540,0.1524,-0.2895,0.7203,0.1464,0.0747,0.7791,0.1368,0.0000,0,1,0.7080,-0.1496,-0.0034,-0.1605,-0.1438,-0.3676,0.7080,-0.1496,-0.0034,0.6925,-0.1471,0.0000,1,1
0.8751,-0.0085,0.3646,-0.1388,-0.0233,1.0855,0.1295,-0.0023,0.2071,0.1429,-0.3669,1.0855,0.1295,-0.0023,1.0872,0.1290,0.1000,1,1,0.9834,-0.1441,0.0791,0.1114,-0.1330,-0.2855,0.9834,-0.1441,0.0791,1.1635,-0.1549,0.1000,0,1,0.7286,0.1462,0.0760,-0.1501,0.1512,-0.2886,0.7286,0.1462,0.0760,0.7835,0.1380,0.0000,0,1,0.7080,-0.1496,-0.0035,-0.1638,-0.1450,-0.3681,0.7080,-0.1496,-0.0035,0.6938,-0.1459,0.0000,1,1
0.8788,-0.0078,0.3649,-0.1412,-0.0266,1.0855,0.1295,-0.0023,0.2030,0.1427,-0.3672,1.0855,0.1295,-0.0023,1.0893,0.1290,0.1000,1,1,0.9837,-0.1434,0.0755,0.1085,-0.1328,-0.2894,0.9837,-0.1434,0.0755,1.1668,-0.1549,0.1000,0,1,0.7370,0.1462,0.0724,-0.1458,0.1502,-0.2925,0.7370,0.1462,0.0724,0.7877,0.1393,0.0000,0,1,0.7080,-0.1496,-0.0035,-0.1670,-0.1463,-0.3684,0.7080,-0.1496,-0.0035,0.6951,-0.1446,0.0000,1,1
0.8825,-0.0071,0.3652,-0.1434,-0.0294,1.0855,0.1296,-0.0022,0.1989,0.1426,-0.3674,1.0855,0.1296,-0.0022,1.0914,0.1292,0.1000,1,1,0.9788,-0.1424,0.0680,0.1002,-0.1324,-0.2972,0.9788,-0.1424,0.0680,1.1700,-0.1547,0.1000,0,1,0.7463,0.1464,0.0649,-0.1407,0.1494,-0.3003,0.7463,0.1464,0.0649,0.7918,0.1406,0.0000,0,1,0.7080,-0.1495,-0.0035,-0.1702,-0.1475,-0.3687,0.7080,-0.1495,-0.0035,0.6964,-0.1433,0.0000,1,1
0.8861,-0.0063,0.3654,-0.1457,-0.0320,1.0855,0.1296,-0.0022,0.1949,0.1422,-0.3676,1.0855,0.1296,-0.0022,1.0933,0.1295,0.1000,1,1,0.9695,-0.1419,0.0576,0.0877,-0.1329,-0.3078,0.9695,-0.1419,0.0576,1.1732,-0.1543,0.1000,0,1,0.7558,0.1463,0.0545,-0.1351,0.1484,-0.3109,0.7558,0.1463,0.0545,0.7957,0.1419,0.0000,0,1,0.7081,-0.1495,-0.0035,-0.1733,-0.1488,-0.3689,0.7081,-0.1495,-0.0035,0.6976,-0.1420,0.0000,1,1
0.8895,-0.0054,0.3657,-0.1478,-0.0338,1.0856,0.1297,-0.0022,0.1914,0.1416,-0.3679,1.0856,0.1297,-0.0022,1.0950,0.1300,0.1000,1,1,0.9576,-0.1428,0.0454,0.0727,-0.1350,-0.3203,0.9576,-0.1428,0.0454,1.1764,-0.1538,0.1000,0,1,0.7656,0.1460,0.0424,-0.1289,0.1471,-0.3233,0.7656,0.1460,0.0424,0.7994,0.1431,0.0000,0,1,0.7081,-0.1495,-0.0036,-0.1764,-0.1501,-0.3693,0.7081,-0.1495,-0.0036,0.6988,-0.1408,0.0000,1,1
0.8929,-0.0045,0.3661,-0.1511,-0.0347,1.0856,0.1298,-0.0021,0.1879,0.1409,-0.3682,1.0856,0.1298,-0.0021,1.0965,0.1307,0.1000,1,1,0.9493,-0.1445,0.0327,0.0612,-0.1380,-0.3334,0.9493,-0.1445,0.0327,1.1797,-0.1531,0.1000,0,1,0.7755,0.1457,0.0297,-0.1225,0.1460,-0.3364,0.7755,0.1457,0.0297,0.8029,0.1442,0.0000,0,1,0.7082,-0.1494,-0.0036,-0.1796,-0.1512,-0.3697,0.7082,-0.1494,-0.0036,0.7001,-0.1397,0.0000,1,1
0.8963,-0.0036,0.3665,-0.1576,-0.0338,1.0857,0.1299,-0.0020,0.1848,0.1398,-0.3685,1.0857,0.1299,-0.0020,1.0978,0.1319,0.1000,1,1,0.9513,-0.1424,0.0207,0.0597,-0.1369,-0.3458,0.9513,-0.1424,0.0207,1.1832,-0.1520,0.1000,0,1,0.7861,0.1461,0.0176,-0.1152,0.1459,-0.3489,0.7861,0.1461,0.0176,0.8062,0.1449,0.0000,0,1,0.7083,-0.1493,-0.0037,-0.1830,-0.1520,-0.3702,0.7083,-0.1493,-0.0037,0.7016,-0.1389,0.0000,1,1
0.8997,-0.0026,0.3671,-0.1670,-0.0313,1.0856,0.1299,-0.0021,0.1817,0.1383,-0.3692,1.0856,0.1299,-0.0021,1.0989,0.1333,0.1000,1,1,0.9854,-0.1319,0.0100,0.0897,-0.1266,-0.3571,0.9854,-0.1319,0.0100,1.1870,-0.1506,0.1000,0,1,0.7955,0.1463,0.0071,-0.1088,0.1456,-0.3600,0.7955,0.1463,0.0071,0.8093,0.1454,0.0000,0,1,0.7081,-0.1493,-0.0036,-0.1869,-0.1526,-0.3707,0.7081,-0.1493,-0.0036,0.7034,-0.1384,0.0000,1,1
0.9028,-0.0015,0.3679,-0.1706,-0.0278,1.0853,0.1294,-0.0024,0.1788,0.1359,-0.3703,1.0853,0.1294,-0.0024,1.0995,0.1351,0.1000,1,1,1.0406,-0.1194,0.0024,0.1410,-0.1140,-0.3655,1.0406,-0.1194,0.0024,1.1906,-0.1488,0.1000,0,1,0.8000,0.1455,-0.0008,-0.1068,0.1441,-0.3687,0.8000,0.1455,-0.0008,0.8119,0.1459,0.0000,0,1,0.7078,-0.1497,-0.0033,-0.1908,-0.1536,-0.3712,0.7078,-0.1497,-0.0033,0.7050,-0.1380,0.0000,1,1
0.9059,-0.0002,0.3683,-0.1655,-0.0230,1.0707,0.1313,-0.0010,0.1617,0.1353,-0.3693,1.0707,0.1313,-0.0010,1.2010,0.1373,0.1000,0,1,1.0705,-0.1155,0.0001,0.1672,-0.1115,-0.3682,1.0705,-0.1155,0.0001,1.1284,-0.1466,0.1000,1,1,0.8000,0.1431,-0.0038,-0.1092,0.1408,-0.3721,0.8000,0.1431,-0.0038,0.7483,0.1462,0.0000,1,1,0.7124,-0.1503,-0.0013,-0.1900,-0.1545,-0.3696,0.7124,-0.1503,-0.0013,0.8077,-0.1377,0.0000,0,1
0.9095,0.0007,0.3685,-0.1619,-0.0169,1.0342,0.1364,0.0056,0.1224,0.1378,-0.3629,1.0342,0.1364,0.0056,1.2036,0.1395,0.1000,0,1,1.0706,-0.1156,0.0002,0.1630,-0.1136,-0.3683,1.0706,-0.1156,0.0002,1.1309,-0.1445,0.1000,1,1,0.8001,0.1431,-0.0038,-0.1118,0.1405,-0.3723,0.8001,0.1431,-0.0038,0.7489,0.1460,0.0000,1,1,0.7254,-0.1493,0.0053,-0.1815,-0.1531,-0.3632,0.7254,-0.1493,0.0053,0.8121,-0.1379,0.0000,0,1
0.9129,0.0014,0.3688,-0.1586,-0.0111,1.0009,0.1404,0.0158,0.0865,0.1400,-0.3530,1.0009,0.1404,0.0158,1.2062,0.1413,0.1000,0,1,1.0706,-0.1157,0.0002,0.1590,-0.1153,-0.3686,1.0706,-0.1157,0.0002,1.1331,-0.1427,0.1000,1,1,0.8002,0.1430,-0.0039,-0.1143,0.1403,-0.3727,0.8002,0.1430,-0.0039,0.7494,0.1456,0.0000,1,1,0.7375,-0.1481,0.0153,-0.1737,-0.1514,-0.3535,0.7375,-0.1481,0.0153,0.8163,-0.1384,0.0000,0,1
0.9162,0.0019,0.3692,-0.1582,-0.0053,0.9876,0.1413,0.0281,0.0707,0.1398,-0.3411,0.9876,0.1413,0.0281,1.2087,0.1429,0.1000,0,1,1.0706,-0.1156,0.0002,0.1550,-0.1167,-0.3690,1.0706,-0.1156,0.0002,1.1352,-0.1411,0.1000,1,1,0.8002,0.1431,-0.0039,-0.1167,0.1406,-0.3731,0.8002,0.1431,-0.0039,0.7499,0.1450,0.0000,1,1,0.7485,-0.1476,0.0274,-0.1669,-0.1504,-0.3418,0.7485,-0.1476,0.0274,0.8204,-0.1390,0.0000,0,1
0.9194,0.0022,0.3696,-0.1605,0.0002,0.9897,0.1394,0.0412,0.0703,0.1372,-0.3284,0.9897,0.1394,0.0412,1.2112,0.1443,0.1000,0,1,1.0706,-0.1156,0.0002,0.1512,-0.1178,-0.3694,1.0706,-0.1156,0.0002,1.1372,-0.1397,0.1000,1,1,0.8001,0.1431,-0.0038,-0.1193,0.1409,-0.3734,0.8001,0.1431,-0.0038,0.7504,0.1442,0.0000,1,1,0.7589,-0.1470,0.0405,-0.1605,-0.1492,-0.3291,0.7589,-0.1470,0.0405,0.8244,-0.1398,0.0000,0,1
0.9227,0.0024,0.3700,-0.1647,0.0046,0.9778,0.1366,0.0545,0.0557,0.1339,-0.3155,0.9778,0.1366,0.0545,1.2138,0.1453,0.1000,0,1,1.0707,-0.1157,0.0002,0.1475,-0.1188,-0.3698,1.0707,-0.1157,0.0002,1.1391,-0.1387,0.1000,1,1,0.8002,0.1431,-0.0039,-0.1219,0.1413,-0.3739,0.8002,0.1431,-0.0039,0.7510,0.1435,0.0000,1,1,0.7693,-0.1468,0.0532,-0.1541,-0.1485,-0.3168,0.7693,-0.1468,0.0532,0.8284,-0.1405,0.0000,0,1
0.9257,0.0024,0.3703,-0.1668,0.0096,0.9753,0.1347,0.0657,0.0509,0.1318,-0.3046,0.9753,0.1347,0.0657,1.2161,0.1462,0.1000,0,1,1.0707,-0.1157,0.0002,0.1439,-0.1195,-0.3701,1.0707,-0.1157,0.0002,1.1408,-0.1378,0.1000,1,1,0.8002,0.1430,-0.0039,-0.1241,0.1418,-0.3742,0.8002,0.1430,-0.0039,0.7513,0.1425,0.0000,1,1,0.7771,-0.1471,0.0642,-0.1500,-0.1481,-0.3061,0.7771,-0.1471,0.0642,0.8320,-0.1415,0.0000,0,1
0.9285,0.0022,0.3707,-0.1692,0.0142,0.9789,0.1321,0.0738,0.0522,0.1292,-0.2969,0.9789,0.1321,0.0738,1.2183,0.1469,0.1000,0,1,1.0707,-0.1156,0.0002,0.1405,-0.1198,-0.3705,1.0707,-0.1156,0.0002,1.1423,-0.1370,0.1000,1,1,0.8002,0.1431,-0.0039,-0.1263,0.1427,-0.3746,0.8002,0.1431,-0.0039,0.7515,0.1414,0.0000,1,1,0.7842,-0.1471,0.0723,-0.1464,-0.1472,-0.2984,0.7842,-0.1471,0.0723,0.8355,-0.1425,0.0000,0,1
0.9313,0.0019,0.3709,-0.1714,0.0178,0.9826,0.1296,0.0777,0.0536,0.1268,-0.2932,0.9826,0.1296,0.0777,1.2205,0.1473,0.1000,0,1,1.0707,-0.1156,0.0002,0.1373,-0.1200,-0.3707,1.0707,-0.1156,0.0002,1.1436,-0.1367,0.1000,1,1,0.8002,0.1431,-0.0039,-0.1286,0.1435,-0.3748,0.8002,0.1431,-0.0039,0.7518,0.1404,0.0000,1,1,0.7911,-0.1474,0.0762,-0.1428,-0.1468,-0.2947,0.7911,-0.1474,0.0762,0.8388,-0.1435,0.0000,0,1
0.9340,0.0015,0.3710,-0.1726,0.0201,0.9841,0.1280,0.0765,0.0526,0.1255,-0.2945,0.9841,0.1280,0.0765,1.2229,0.1473,0.1000,0,1,1.0707,-0.1156,0.0002,0.1343,-0.1198,-0.3708,1.0707,-0.1156,0.0002,1.1446,-0.1367,0.1000,1,1,0.8002,0.1431,-0.0039,-0.1309,0.1443,-0.3749,0.8002,0.1431,-0.0039,0.7522,0.1395,0.0000,1,1,0.7976,-0.1481,0.0750,-0.1394,-0.1468,-0.2960,0.7976,-0.1481,0.0750,0.8419,-0.1444,0.0000,0,1
0.9366,0.0009,0.3709,-0.1727,0.0213,0.9823,0.1271,0.0708,0.0484,0.1252,-0.3001,0.9823,0.1271,0.0708,1.2254,0.1469,0.1000,0,1,1.0707,-0.1156,0.0002,0.1316,-0.1193,-0.3707,1.0707,-0.1156,0.0002,1.1454,-0.1370,0.1000,1,1,0.8002,0.1431,-0.0039,-0.1333,0.1451,-0.3748,0.8002,0.1431,-0.0039,0.7527,0.1387,0.0000,1,1,0.8039,-0.1488,0.0693,-0.1359,-0.1468,-0.3016,0.8039,-0.1488,0.0693,0.8447,-0.1452,0.0000,0,1
0.9393,0.0001,0.3708,-0.1715,0.0215,0.9764,0.1277,0.0617,0.0398,0.1268,-0.3091,0.9764,0.1277,0.0617,1.2280,0.1462,0.1000,0,1,1.0707,-0.1156,0.0002,0.1289,-0.1185,-0.3706,1.0707,-0.1156,0.0002,1.1461,-0.1377,0.1000,1,1,0.8002,0.1431,-0.0039,-0.1360,0.1460,-0.3747,0.8002,0.1431,-0.0039,0.7533,0.1379,0.0000,1,1,0.8099,-0.1495,0.0602,-0.1326,-0.1468,-0.3106,0.8099,-0.1495,0.0602,0.8474,-0.1460,0.0000,0,1
0.9419,-0.0008,0.3706,-0.1694,0.0208,0.9661,0.1311,0.0502,0.0269,0.1314,-0.3204,0.9661,0.1311,0.0502,1.2307,0.1452,0.1000,0,1,1.0708,-0.1157,0.0003,0.1265,-0.1176,-0.3703,1.0708,-0.1157,0.0003,1.1466,-0.1388,0.1000,1,1,0.8003,0.1431,-0.0039,-0.1386,0.1468,-0.3745,0.8003,0.1431,-0.0039,0.7540,0.1371,0.0000,1,1,0.8158,-0.1501,0.0488,-0.1292,-0.1466,-0.3218,0.8158,-0.1501,0.0488,0.8499,-0.1468,0.0000,0,1
0.9447,-0.0019,0.3704,-0.1689,0.0190,0.9538,0.1365,0.0377,0.0117,0.1382,-0.3327,0.9538,0.1365,0.0377,1.2338,0.1437,0.1000,0,1,1.0710,-0.1159,0.0004,0.1241,-0.1164,-0.3700,1.0710,-0.1159,0.0004,1.1472,-0.1402,0.1000,1,1,0.8005,0.1429,-0.0041,-0.1414,0.1475,-0.3745,0.8005,0.1429,-0.0041,0.7550,0.1364,0.0000,1,1,0.8222,-0.1514,0.0363,-0.1253,-0.1471,-0.3341,0.8222,-0.1514,0.0363,0.8524,-0.1476,0.0000,0,1
0.9477,-0.0031,0.3704,-0.1729,0.0164,0.9601,0.1353,0.0257,0.0147,0.1382,-0.3447,0.9601,0.1353,0.0257,1.2371,0.1420,0.1000,0,1,1.0711,-0.1159,0.0005,0.1215,-0.1148,-0.3699,1.0711,-0.1159,0.0005,1.1478,-0.1420,0.1000,1,1,0.8006,0.1429,-0.0041,-0.1447,0.1484,-0.3745,0.8006,0.1429,-0.0041,0.7564,0.1356,0.0000,1,1,0.8303,-0.1533,0.0237,-0.1198,-0.1483,-0.3467,0.8303,-0.1533,0.0237,0.8550,-0.1483,0.0000,0,1
0.9512,-0.0045,0.3707,-0.1832,0.0129,0.9988,0.1224,0.0143,0.0492,0.1263,-0.3564,0.9988,0.1224,0.0143,1.2411,0.1400,0.1000,0,1,1.0710,-0.1159,0.0005,0.1184,-0.1129,-0.3702,1.0710,-0.1159,0.0005,1.1488,-0.1440,0.1000,1,1,0.8006,0.1429,-0.0041,-0.1487,0.1493,-0.3748,0.8006,0.1429,-0.0041,0.7584,0.1350,0.0000,1,1,0.8395,-0.1533,0.0123,-0.1136,-0.1473,-0.3584,0.8395,-0.1533,0.0123,0.8580,-0.1490,0.0000,0,1
0.9548,-0.0061,0.3714,-0.1950,0.0111,1.0966,0.1076,0.0049,0.1431,0.1121,-0.3665,1.0966,0.1076,0.0049,1.2450,0.1381,0.1000,0,1,1.0706,-0.1155,0.0002,0.1146,-0.1107,-0.3712,1.0706,-0.1155,0.0002,1.1502,-0.1459,0.1000,1,1,0.8000,0.1431,-0.0037,-0.1531,0.1509,-0.3751,0.8000,0.1431,-0.0037,0.7602,0.1337,0.0000,1,1,0.8415,-0.1509,0.0030,-0.1149,-0.1435,-0.3684,0.8415,-0.1509,0.0030,0.8614,-0.1502,0.0000,0,1
0.9576,-0.0082,0.3723,-0.1894,0.0119,1.2071,0.1065,0.0025,0.2508,0.1117,-0.3698,1.2071,0.1065,0.0025,1.2477,0.1361,0.1000,0,1,1.0695,-0.1150,-0.0003,0.1106,-0.1081,-0.3726,1.0695,-0.1150,-0.0003,1.1511,-0.1479,0.1000,1,1,0.7988,0.1435,-0.0032,-0.1570,0.1536,-0.3755,0.7988,0.1435,-0.0032,0.7609,0.1315,0.0000,1,1,0.8390,-0.1436,-0.0034,-0.1202,-0.1340,-0.3757,0.8390,-0.1436,-0.0034,0.8643,-0.1525,0.0000,0,1
0.9619,-0.0100,0.3723,-0.1895,0.0061,1.2071,0.1068,0.0026,0.2459,0.1153,-0.3697,1.2071,0.1068,0.0026,1.1858,0.1332,0.1000,1,1,1.0533,-0.1159,0.0041,0.0908,-0.1065,-0.3682,1.0533,-0.1159,0.0041,1.2545,-0.1508,0.1000,0,1,0.8075,0.1457,0.0013,-0.1534,0.1566,-0.3710,0.8075,0.1457,0.0013,0.8660,0.1308,0.0000,0,1,0.8390,-0.1433,-0.0036,-0.1237,-0.1325,-0.3759,0.8390,-0.1433,-0.0036,0.8008,-0.1532,0.0000,1,1
0.9662,-0.0112,0.3722,-0.1870,0.0008,1.2072,0.1073,0.0029,0.2411,0.1183,-0.3693,1.2072,0.1073,0.0029,1.1889,0.1310,0.1000,1,1,1.0011,-0.1356,0.0132,0.0348,-0.1244,-0.3590,1.0011,-0.1356,0.0132,1.2582,-0.1530,0.1000,0,1,0.8169,0.1482,0.0099,-0.1492,0.1595,-0.3623,0.8169,0.1482,0.0099,0.8711,0.1307,0.0000,0,1,0.8392,-0.1429,-0.0038,-0.1271,-0.1316,-0.3760,0.8392,-0.1429,-0.0038,0.8024,-0.1533,0.0000,1,1
0.9704,-0.0119,0.3725,-0.1834,-0.0053,1.2072,0.1075,0.0029,0.2362,0.1207,-0.3696,1.2072,0.1075,0.0029,1.1920,0.1291,0.1000,1,1,0.9713,-0.1510,0.0264,0.0016,-0.1391,-0.3461,0.9713,-0.1510,0.0264,1.2615,-0.1549,0.1000,0,1,0.8249,0.1480,0.0212,-0.1463,0.1591,-0.3513,0.8249,0.1480,0.0212,0.8762,0.1311,0.0000,0,1,0.8392,-0.1428,-0.0038,-0.1305,-0.1316,-0.3763,0.8392,-0.1428,-0.0038,0.8037,-0.1529,0.0000,1,1
0.9746,-0.0124,0.3730,-0.1821,-0.0111,1.2073,0.1073,0.0029,0.2314,0.1223,-0.3701,1.2073,0.1073,0.0029,1.1950,0.1275,0.1000,1,1,0.9644,-0.1445,0.0393,-0.0087,-0.1322,-0.3337,0.9644,-0.1445,0.0393,1.2648,-0.1565,0.1000,0,1,0.8331,0.1460,0.0339,-0.1432,0.1568,-0.3391,0.8331,0.1460,0.0339,0.8812,0.1318,0.0000,0,1,0.8393,-0.1429,-0.0038,-0.1338,-0.1320,-0.3768,0.8393,-0.1429,-0.0038,0.8051,-0.1522,0.0000,1,1
0.9785,-0.0125,0.3735,-0.1810,-0.0176,1.2073,0.1071,0.0028,0.2267,0.1236,-0.3707,1.2073,0.1071,0.0028,1.1978,0.1261,0.1000,1,1,0.9781,-0.1305,0.0528,0.0017,-0.1180,-0.3207,0.9781,-0.1305,0.0528,1.2678,-0.1578,0.1000,0,1,0.8400,0.1451,0.0469,-0.1413,0.1551,-0.3266,0.8400,0.1451,0.0469,0.8861,0.1329,0.0000,0,1,0.8393,-0.1431,-0.0037,-0.1369,-0.1330,-0.3772,0.8393,-0.1431,-0.0037,0.8061,-0.1510,0.0000,1,1
0.9824,-0.0122,0.3739,-0.1803,-0.0236,1.2073,0.1071,0.0028,0.2220,0.1246,-0.3711,1.2073,0.1071,0.0028,1.2005,0.1252,0.1000,1,1,0.9865,-0.1263,0.0651,0.0068,-0.1140,-0.3088,0.9865,-0.1263,0.0651,1.2708,-0.1587,0.1000,0,1,0.8457,0.1458,0.0589,-0.1404,0.1547,-0.3150,0.8457,0.1458,0.0589,0.8908,0.1343,0.0000,0,1,0.8393,-0.1431,-0.0038,-0.1400,-0.1342,-0.3777,0.8393,-0.1431,-0.0038,0.8071,-0.1496,0.0000,1,1
0.9861,-0.0117,0.3743,-0.1804,-0.0285,1.2073,0.1072,0.0028,0.2177,0.1252,-0.3715,1.2073,0.1072,0.0028,1.2029,0.1248,0.1000,1,1,0.9949,-0.1257,0.0749,0.0120,-0.1137,-0.2994,0.9949,-0.1257,0.0749,1.2738,-0.1591,0.1000,0,1,0.8510,0.1471,0.0687,-0.1396,0.1549,-0.3056,0.8510,0.1471,0.0687,0.8953,0.1358,0.0000,0,1,0.8393,-0.1431,-0.0038,-0.1430,-0.1355,-0.3781,0.8393,-0.1431,-0.0038,0.8082,-0.1480,0.0000,1,1
0.9899,-0.0108,0.3747,-0.1808,-0.0323,1.2073,0.1072,0.0028,0.2135,0.1250,-0.3719,1.2073,0.1072,0.0028,1.2052,0.1249,0.1000,1,1,1.0021,-0.1265,0.0811,0.0159,-0.1152,-0.2936,1.0021,-0.1265,0.0811,1.2770,-0.1589,0.1000,0,1,0.8561,0.1485,0.0748,-0.1389,0.1549,-0.2999,0.8561,0.1485,0.0748,0.8996,0.1374,0.0000,0,1,0.8393,-0.1430,-0.0038,-0.1463,-0.1370,-0.3785,0.8393,-0.1430,-0.0038,0.8094,-0.1464,0.0000,1,1
0.9936,-0.0097,0.3752,-0.1814,-0.0348,1.2073,0.1072,0.0028,0.2095,0.1243,-0.3724,1.2073,0.1072,0.0028,1.2072,0.1255,0.1000,1,1,1.0044,-0.1281,0.0825,0.0149,-0.1180,-0.2927,1.0044,-0.1281,0.0825,1.2803,-0.1583,0.1000,0,1,0.8611,0.1503,0.0762,-0.1380,0.1553,-0.2990,0.8611,0.1503,0.0762,0.9036,0.1390,0.0000,0,1,0.8393,-0.1430,-0.0038,-0.1496,-0.1386,-0.3790,0.8393,-0.1430,-0.0038,0.8108,-0.1448,0.0000,1,1
0.9972,-0.0084,0.3756,-0.1822,-0.0358,1.2073,0.1071,0.0028,0.2058,0.1229,-0.3728,1.2073,0.1071,0.0028,1.2090,0.1267,0.1000,1,1,1.0080,-0.1315,0.0789,0.0152,-0.1226,-0.2967,1.0080,-0.1315,0.0789,1.2838,-0.1571,0.1000,0,1,0.8659,0.1523,0.0726,-0.1370,0.1559,-0.3030,0.8659,0.1523,0.0726,0.9075,0.1405,0.0000,0,1,0.8393,-0.1431,-0.0038,-0.1530,-0.1403,-0.3794,0.8393,-0.1431,-0.0038,0.8123,-0.1433,0.0000,1,1
1.0009,-0.0068,0.3761,-0.1821,-0.0353,1.2073,0.1071,0.0028,0.2023,0.1211,-0.3733,1.2073,0.1071,0.0028,1.2106,0.1284,0.1000,1,1,1.0050,-0.1401,0.0713,0.0088,-0.1331,-0.3048,1.0050,-0.1401,0.0713,1.2875,-0.1555,0.1000,0,1,0.8704,0.1533,0.0650,-0.1361,0.1554,-0.3111,0.8704,0.1533,0.0650,0.9110,0.1420,0.0000,0,1,0.8393,-0.1431,-0.0038,-0.1567,-0.1419,-0.3799,0.8393,-0.1431,-0.0038,0.8140,-0.1418,0.0000,1,1
1.0043,-0.0049,0.3766,-0.1789,-0.0335,1.2075,0.1073,0.0030,0.1993,0.1189,-0.3736,1.2075,0.1073,0.0030,1.2117,0.1306,0.1000,1,1,0.9760,-0.1560,0.0608,-0.0232,-0.1520,-0.3158,0.9760,-0.1560,0.0608,1.2912,-0.1532,0.1000,0,1,0.8748,0.1549,0.0547,-0.1348,0.1554,-0.3219,0.8748,0.1549,0.0547,0.9141,0.1436,0.0000,0,1,0.8395,-0.1430,-0.0039,-0.1601,-0.1435,-0.3805,0.8395,-0.1430,-0.0039,0.8156,-0.1402,0.0000,1,1
1.0071,-0.0026,0.3771,-0.1741,-0.0315,1.2075,0.1071,0.0029,0.1968,0.1160,-0.3742,1.2075,0.1071,0.0029,1.2123,0.1333,0.1000,1,1,0.9732,-0.1676,0.0529,-0.0287,-0.1660,-0.3242,0.9732,-0.1676,0.0529,1.2943,-0.1506,0.1000,0,1,0.8781,0.1590,0.0424,-0.1340,0.1575,-0.3347,0.8781,0.1590,0.0424,0.9167,0.1455,0.0000,0,1,0.8395,-0.1431,-0.0039,-0.1631,-0.1457,-0.3810,0.8395,-0.1431,-0.0039,0.8167,-0.1384,0.0000,1,1
1.0104,-0.0005,0.3778,-0.1742,-0.0260,1.2078,0.1072,0.0031,0.1945,0.1128,-0.3747,1.2078,0.1072,0.0031,1.2129,0.1365,0.1000,1,1,1.0034,-0.1432,0.0408,-0.0033,-0.1428,-0.3370,1.0034,-0.1432,0.0408,1.2985,-0.1474,0.1000,0,1,0.8837,0.1557,0.0298,-0.1307,0.1529,-0.3480,0.8837,0.1557,0.0298,0.9192,0.1465,0.0000,0,1,0.8398,-0.1430,-0.0040,-0.1668,-0.1469,-0.3818,0.8398,-0.1430,-0.0040,0.8188,-0.1374,0.0000,1,1
1.0134,0.0017,0.3788,-0.1797,-0.0219,1.2073,0.1066,0.0027,0.1916,0.1091,-0.3761,1.2073,0.1066,0.0027,1.2133,0.1395,0.1000,1,1,1.1227,-0.1074,0.0366,0.1117,-0.1067,-0.3422,1.1227,-0.1074,0.0366,1.3021,-0.1444,0.1000,0,1,0.8857,0.1538,0.0175,-0.1310,0.1493,-0.3613,0.8857,0.1538,0.0175,0.9216,0.1480,0.0000,0,1,0.8392,-0.1434,-0.0037,-0.1710,-0.1489,-0.3825,0.8392,-0.1434,-0.0037,0.8204,-0.1360,0.0000,1,1
1.0165,0.0043,0.3800,-0.1885,-0.0144,1.2071,0.1067,0.0026,0.1891,0.1051,-0.3774,1.2071,0.1067,0.0026,1.2133,0.1435,0.1000,1,1,1.1950,-0.1082,0.0272,0.1801,-0.1099,-0.3528,1.1950,-0.1082,0.0272,1.3063,-0.1404,0.1000,0,1,0.8880,0.1578,0.0070,-0.1307,0.1516,-0.3730,0.8880,0.1578,0.0070,0.9236,0.1491,0.0000,0,1,0.8389,-0.1433,-0.0036,-0.1755,-0.1501,-0.3836,0.8389,-0.1433,-0.0036,0.8225,-0.1349,0.0000,1,1
1.0196,0.0072,0.3810,-0.1940,-0.0044,1.2067,0.1062,0.0022,0.1867,0.0998,-0.3788,1.2067,0.1062,0.0022,1.2130,0.1483,0.1000,1,1,1.2435,-0.1161,0.0195,0.2244,-0.1223,-0.3615,1.2435,-0.1161,0.0195,1.3108,-0.1357,0.1000,0,1,0.8893,0.1603,-0.0008,-0.1310,0.1525,-0.3818,0.8893,0.1603,-0.0008,0.9252,0.1500,0.0000,0,1,0.8384,-0.1437,-0.0033,-0.1805,-0.1517,-0.3843,0.8384,-0.1437,-0.0033,0.8250,-0.1340,0.0000,1,1
1.0228,0.0103,0.3818,-0.1900,0.0040,1.1856,0.1034,0.0036,0.1632,0.0924,-0.3782,1.1856,0.1034,0.0036,1.3141,0.1531,0.1000,0,1,1.2708,-0.1220,0.0174,0.2475,-0.1333,-0.3644,1.2708,-0.1220,0.0174,1.2492,-0.1309,0.1000,1,1,0.8887,0.1581,-0.0037,-0.1335,0.1483,-0.3855,0.8887,0.1581,-0.0037,0.8613,0.1515,0.0000,1,1,0.8437,-0.1456,-0.0013,-0.1797,-0.1552,-0.3831,0.8437,-0.1456,-0.0013,0.9284,-0.1325,0.0000,0,1
1.0273,0.0126,0.3824,-0.1838,0.0100,1.1038,0.1293,0.0099,0.0777,0.1159,-0.3725,1.1038,0.1293,0.0099,1.3176,0.1565,0.1000,0,1,1.2711,-0.1230,0.0179,0.2424,-0.1380,-0.3645,1.2711,-0.1230,0.0179,1.2525,-0.1275,0.1000,1,1,0.8892,0.1573,-0.0042,-0.1366,0.1461,-0.3866,0.8892,0.1573,-0.0042,0.8629,0.1526,0.0000,1,1,0.8528,-0.1440,0.0055,-0.1761,-0.1548,-0.3769,0.8528,-0.1440,0.0055,0.9337,-0.1313,0.0000,0,1
1.0310,0.0140,0.3838,-0.1697,0.0187,1.0459,0.1571,0.0266,0.0176,0.1428,-0.3572,1.0459,0.1571,0.0266,1.2801,0.1195,0.1000,0,1,1.2711,-0.1226,0.0178,0.2375,-0.1411,-0.3660,1.2711,-0.1226,0.0178,1.2554,-0.1244,0.1000,1,1,0.8893,0.1577,-0.0042,-0.1390,0.1463,-0.3880,0.8893,0.1577,-0.0042,0.8634,0.1523,0.0000,1,1,0.8603,-0.1388,0.0154,-0.1735,-0.1496,-0.3684,0.8603,-0.1388,0.0154,0.9387,-0.1316,0.0000,0,1
1.0353,0.0150,0.3855,-0.1563,0.0257,1.0193,0.1558,0.0402,-0.0124,0.1412,-0.3453,1.0193,0.1558,0.0402,1.2834,0.1219,0.1000,0,1,1.2716,-0.1227,0.0180,0.2327,-0.1437,-0.3675,1.2716,-0.1227,0.0180,1.2587,-0.1220,0.1000,1,1,0.8898,0.1577,-0.0043,-0.1418,0.1464,-0.3898,0.8898,0.1577,-0.0043,0.8647,0.1520,0.0000,1,1,0.8672,-0.1255,0.0275,-0.1717,-0.1361,-0.3580,0.8672,-0.1255,0.0275,0.9440,-0.1319,0.0000,0,1
1.0401,0.0158,0.3867,-0.1502,0.0290,1.0049,0.1527,0.0535,-0.0312,0.1379,-0.3332,1.0049,0.1527,0.0535,1.2877,0.1233,0.1000,0,1,1.2715,-0.1226,0.0180,0.2273,-0.1451,-0.3687,1.2715,-0.1226,0.0180,1.2620,-0.1206,0.1000,1,1,0.8898,0.1578,-0.0043,-0.1461,0.1463,-0.3910,0.8898,0.1578,-0.0043,0.8671,0.1521,0.0000,1,1,0.8738,-0.1216,0.0406,-0.1702,-0.1325,-0.3461,0.8738,-0.1216,0.0406,0.9094,-0.1718,0.0000,0,1
1.0449,0.0160,0.3880,-0.1454,0.0317,0.9898,0.1588,0.0673,-0.0505,0.1445,-0.3207,0.9898,0.1588,0.0673,1.2921,0.1240,0.1000,0,1,1.2717,-0.1226,0.0181,0.2223,-0.1457,-0.3699,1.2717,-0.1226,0.0181,1.2651,-0.1198,0.1000,1,1,0.8900,0.1578,-0.0044,-0.1503,0.1466,-0.3924,0.8900,0.1578,-0.0044,0.8695,0.1518,0.0000,1,1,0.8808,-0.1173,0.0532,-0.1682,-0.1280,-0.3348,0.8808,-0.1173,0.0532,0.9145,-0.1721,0.0000,0,1
1.0502,0.0162,0.3892,-0.1487,0.0310,1.0020,0.1507,0.0787,-0.0440,0.1359,-0.3105,1.0020,0.1507,0.0787,1.2975,0.1241,0.1000,0,1,1.2718,-0.1228,0.0182,0.2172,-0.1458,-0.3710,1.2718,-0.1228,0.0182,1.2683,-0.1198,0.1000,1,1,0.8901,0.1576,-0.0045,-0.1556,0.1463,-0.3937,0.8901,0.1576,-0.0045,0.8729,0.1521,0.0000,1,1,0.8875,-0.1166,0.0643,-0.1667,-0.1277,-0.3249,0.8875,-0.1166,0.0643,0.9197,-0.1718,0.0000,0,1
1.0549,0.0162,0.3906,-0.1562,0.0320,1.1146,0.1201,0.0920,0.0630,0.1019,-0.2986,1.1146,0.1201,0.0920,1.3020,0.1243,0.1000,0,1,1.2715,-0.1220,0.0177,0.2121,-0.1451,-0.3729,1.2715,-0.1220,0.0177,1.2711,-0.1195,0.1000,1,1,0.8896,0.1583,-0.0041,-0.1607,0.1473,-0.3947,0.8896,0.1583,-0.0041,0.8754,0.1519,0.0000,1,1,0.8924,-0.1168,0.0723,-0.1667,-0.1277,-0.3183,0.8924,-0.1168,0.0723,0.9245,-0.1719,0.0000,0,1
1.0594,0.0159,0.3923,-0.1632,0.0330,1.2014,0.1055,0.0993,0.1449,0.0849,-0.2930,1.2014,0.1055,0.0993,1.3064,0.1242,0.1000,0,1,1.2714,-0.1219,0.0176,0.2073,-0.1447,-0.3747,1.2714,-0.1219,0.0176,1.2737,-0.1197,0.1000,1,1,0.8894,0.1583,-0.0041,-0.1652,0.1479,-0.3964,0.8894,0.1583,-0.0041,0.8778,0.1514,0.0000,1,1,0.8982,-0.1154,0.0762,-0.1654,-0.1259,-0.3161,0.8982,-0.1154,0.0762,0.9292,-0.1724,0.0000,0,1
1.0641,0.0154,0.3936,-0.1697,0.0315,1.2482,0.0999,0.0988,0.1867,0.0787,-0.2948,1.2482,0.0999,0.0988,1.3113,0.1234,0.1000,0,1,1.2713,-0.1218,0.0175,0.2028,-0.1437,-0.3761,1.2713,-0.1218,0.0175,1.2762,-0.1204,0.1000,1,1,0.8894,0.1584,-0.0040,-0.1701,0.1484,-0.3976,0.8894,0.1584,-0.0040,0.8807,0.1512,0.0000,1,1,0.9038,-0.1160,0.0750,-0.1644,-0.1263,-0.3186,0.9038,-0.1160,0.0750,0.9336,-0.1726,0.0000,0,1
1.0691,0.0148,0.3947,-0.1755,0.0270,1.2591,0.1024,0.0932,0.1923,0.0824,-0.3015,1.2591,0.1024,0.0932,1.3170,0.1219,0.1000,0,1,1.2714,-0.1218,0.0175,0.1985,-0.1420,-0.3772,1.2714,-0.1218,0.0175,1.2787,-0.1220,0.1000,1,1,0.8894,0.1584,-0.0040,-0.1758,0.1484,-0.3987,0.8894,0.1584,-0.0040,0.8844,0.1515,0.0000,1,1,0.9109,-0.1180,0.0693,-0.1617,-0.1285,-0.3254,0.9109,-0.1180,0.0693,0.9380,-0.1724,0.0000,0,1
1.0746,0.0141,0.3957,-0.1803,0.0201,1.2460,0.1199,0.0840,0.1735,0.1023,-0.3117,1.2460,0.1199,0.0840,1.4035,0.1199,0.2000,0,1,1.2715,-0.1221,0.0177,0.1941,-0.1401,-0.3780,1.2715,-0.1221,0.0177,1.2812,-0.1241,0.1000,1,1,0.8895,0.1581,-0.0042,-0.1822,0.1477,-0.3999,0.8895,0.1581,-0.0042,0.8888,0.1521,0.0000,1,1,0.9172,-0.1193,0.0602,-0.1600,-0.1302,-0.3355,0.9172,-0.1193,0.0602,0.9425,-0.1718,0.0000,0,1
1.0804,0.0132,0.3966,-0.1864,0.0112,1.2253,0.1616,0.0720,0.1466,0.1468,-0.3246,1.2253,0.1616,0.0720,1.4106,0.1174,0.2000,0,1,1.2714,-0.1229,0.0179,0.1895,-0.1382,-0.3787,1.2714,-0.1229,0.0179,1.2837,-0.1266,0.1000,1,1,0.8896,0.1574,-0.0045,-0.1892,0.1463,-0.4011,0.8896,0.1574,-0.0045,0.8938,0.1531,0.0000,1,1,0.9240,-0.1206,0.0491,-0.1579,-0.1320,-0.3475,0.9240,-0.1206,0.0491,1.0270,-0.1709,0.1000,0,1
1.0861,0.0123,0.3974,-0.1946,0.0028,1.2156,0.2212,0.0588,0.1301,0.2085,-0.3386,1.2156,0.2212,0.0588,1.4175,0.1148,0.2000,0,1,1.2715,-0.1239,0.0183,0.1850,-0.1367,-0.3791,1.2715,-0.1239,0.0183,1.2863,-0.1292,0.1000,1,1,0.8898,0.1566,-0.0049,-0.1959,0.1448,-0.4023,0.8898,0.1566,-0.0049,0.8987,0.1537,0.0000,1,1,0.9265,-0.1250,0.0369,-0.1600,-0.1369,-0.3605,0.9265,-0.1250,0.0369,1.0315,-0.1703,0.1000,0,1
1.0912,0.0111,0.3985,-0.2026,-0.0012,1.2421,0.2521,0.0521,0.1506,0.2412,-0.3464,1.2421,0.2521,0.0521,1.4232,0.1128,0.2000,0,1,1.2713,-0.1240,0.0182,0.1803,-0.1349,-0.3803,1.2713,-0.1240,0.0182,1.2889,-0.1312,0.1000,1,1,0.8896,0.1565,-0.0049,-0.2018,0.1452,-0.4034,0.8896,0.1565,-0.0049,0.9024,0.1533,0.0000,1,1,0.9304,-0.1347,0.0244,-0.1606,-0.1460,-0.3741,0.9304,-0.1347,0.0244,0.9161,-0.2107,0.0000,0,1
1.0967,0.0096,0.4002,-0.2106,-0.0019,1.2851,0.2128,0.0406,0.1880,0.2036,-0.3596,1.2851,0.2128,0.0406,1.4287,0.1113,0.2000,0,1,1.2714,-0.1240,0.0183,0.1750,-0.1333,-0.3819,1.2714,-0.1240,0.0183,1.2922,-0.1327,0.1000,1,1,0.8898,0.1566,-0.0050,-0.2072,0.1466,-0.4052,0.8898,0.1566,-0.0050,0.9059,0.1520,0.0000,1,1,0.9391,-0.1362,0.0128,-0.1573,-0.1461,-0.3874,0.9391,-0.1362,0.0128,0.9214,-0.2120,0.0000,0,1
1.1018,0.0078,0.4023,-0.2097,0.0017,1.3404,0.1430,0.0349,0.2388,0.1348,-0.3674,1.3404,0.1430,0.0349,1.4333,0.1101,0.2000,0,1,1.2712,-0.1233,0.0179,0.1692,-0.1314,-0.3844,1.2712,-0.1233,0.0179,1.2958,-0.1339,0.1000,1,1,0.8894,0.1571,-0.0046,-0.2121,0.1497,-0.4069,0.8894,0.1571,-0.0046,0.9085,0.1495,0.0000,1,1,0.9635,-0.1391,0.0040,-0.1385,-0.1467,-0.3983,0.9635,-0.1391,0.0040,1.0470,-0.1745,0.1000,0,1
1.1064,0.0055,0.4043,-0.1871,0.0043,1.3958,0.1102,0.0290,0.2898,0.1035,-0.3753,1.3958,0.1102,0.0290,1.2926,0.1083,0.1000,1,1,1.2700,-0.1230,0.0174,0.1630,-0.1292,-0.3869,1.2700,-0.1230,0.0174,1.4388,-0.1757,0.2000,0,1,0.8880,0.1572,-0.0039,-0.2177,0.1526,-0.4082,0.8880,0.1572,-0.0039,0.9308,0.0667,0.0000,0,1,1.0092,-0.1421,-0.0011,-0.0978,-0.1472,-0.4054,1.0092,-0.1421,-0.0011,0.9470,-0.1373,0.0000,1,1
1.1134,0.0031,0.4044,-0.1789,0.0059,1.3959,0.1103,0.0292,0.2831,0.1055,-0.3752,1.3959,0.1103,0.0292,1.2573,0.0662,0.1000,1,1,1.2569,-0.1513,0.0219,0.1426,-0.1552,-0.3825,1.2569,-0.1513,0.0219,1.4060,-0.1378,0.2000,0,1,0.8927,0.1548,0.0001,-0.2198,0.1530,-0.4043,0.8927,0.1548,0.0001,0.9375,0.0639,0.0000,0,1,1.0093,-0.1420,-0.0012,-0.1050,-0.1445,-0.4056,1.0093,-0.1420,-0.0012,0.9522,-0.1401,0.0000,1,1
1.1204,0.0010,0.4049,-0.1790,0.0066,1.3951,0.1137,0.0296,0.2754,0.1109,-0.3753,1.3951,0.1137,0.0296,1.2623,0.0641,0.1000,1,1,1.2567,-0.1282,0.0329,0.1354,-0.1301,-0.3720,1.2567,-0.1282,0.0329,1.4130,-0.1399,0.2000,0,1,0.9085,0.1408,0.0105,-0.2110,0.1412,-0.3944,0.9085,0.1408,0.0105,1.0645,0.1017,0.1000,0,1,1.0089,-0.1390,-0.0023,-0.1124,-0.1393,-0.4072,1.0089,-0.1390,-0.0023,0.9172,-0.1822,0.0000,1,1
1.1261,-0.0008,0.4062,-0.1754,-0.0002,1.3954,0.1074,0.0281,0.2693,0.1083,-0.3781,1.3954,0.1074,0.0281,1.2669,0.0613,0.1000,1,1,1.2765,-0.0603,0.0510,0.1504,-0.0595,-0.3552,1.2765,-0.0603,0.0510,1.4180,-0.1427,0.2000,0,1,0.9244,0.1128,0.0207,-0.2017,0.1136,-0.3855,0.9244,0.1128,0.0207,1.0711,0.1011,0.1000,0,1,1.0083,-0.1443,-0.0001,-0.1178,-0.1435,-0.4063,1.0083,-0.1443,-0.0001,0.9202,-0.1829,0.0000,1,1
1.1321,-0.0018,0.4062,-0.1740,0.0005,1.3964,0.1071,0.0286,0.2644,0.1088,-0.3776,1.3964,0.1071,0.0286,1.2709,0.0603,0.1000,1,1,1.2435,-0.0550,0.0649,0.1114,-0.0533,-0.3413,1.2435,-0.0550,0.0649,1.4240,-0.1437,0.2000,0,1,0.9328,0.1123,0.0329,-0.1992,0.1142,-0.3733,0.9328,0.1123,0.0329,1.0771,0.1001,0.1000,0,1,1.0094,-0.1447,-0.0003,-0.1228,-0.1428,-0.4065,1.0094,-0.1447,-0.0003,0.9242,-0.1839,0.0000,1,1
1.1381,-0.0023,0.4059,-0.1749,0.0030,1.3963,0.1077,0.0287,0.2585,0.1092,-0.3772,1.3963,0.1077,0.0287,1.2745,0.0602,0.1000,1,1,1.2182,-0.0729,0.0784,0.0799,-0.0708,-0.3275,1.2182,-0.0729,0.0784,1.4303,-0.1438,0.2000,0,1,0.9406,0.1172,0.0461,-0.1971,0.1201,-0.3598,0.9406,0.1172,0.0461,1.0827,0.0991,0.1000,0,1,1.0094,-0.1443,-0.0005,-0.1291,-0.1416,-0.4064,1.0094,-0.1443,-0.0005,0.9285,-0.1849,0.0000,1,1
1.1434,-0.0026,0.4058,-0.1785,0.0041,1.3963,0.1075,0.0286,0.2533,0.1091,-0.3772,1.3963,0.1075,0.0286,1.3177,0.1002,0.1000,1,1,1.2413,-0.0803,0.0906,0.0976,-0.0781,-0.3152,1.2413,-0.0803,0.0906,1.4358,-0.1438,0.2000,0,1,0.9468,0.1206,0.0582,-0.1961,0.1240,-0.3476,0.9468,0.1206,0.0582,1.0879,0.0986,0.1000,0,1,1.0093,-0.1444,-0.0004,-0.1347,-0.1412,-0.4062,1.0093,-0.1444,-0.0004,0.9320,-0.1854,0.0000,1,1
1.1483,-0.0025,0.4062,-0.1830,0.0047,1.3962,0.1073,0.0285,0.2484,0.1086,-0.3777,1.3962,0.1073,0.0285,1.3205,0.1004,0.1000,1,1,1.2796,-0.0819,0.1006,0.1309,-0.0800,-0.3056,1.2796,-0.0819,0.1006,1.4408,-0.1436,0.2000,0,1,0.9526,0.1219,0.0679,-0.1951,0.1253,-0.3383,0.9526,0.1219,0.0679,1.0927,0.0986,0.1000,0,1,1.0092,-0.1446,-0.0003,-0.1398,-0.1414,-0.4065,1.0092,-0.1446,-0.0003,0.9350,-0.1854,0.0000,1,1
1.1531,-0.0020,0.4067,-0.1881,0.0066,1.3963,0.1074,0.0286,0.2439,0.1078,-0.3781,1.3963,0.1074,0.0286,1.4030,0.1012,0.2000,1,1,1.2865,-0.0895,0.1070,0.1328,-0.0884,-0.2997,1.2865,-0.0895,0.1070,1.4459,-0.1428,0.2000,0,1,0.9586,0.1233,0.0740,-0.1937,0.1266,-0.3327,0.9586,0.1233,0.0740,1.0972,0.0987,0.1000,0,1,1.0093,-0.1445,-0.0004,-0.1447,-0.1415,-0.4071,1.0093,-0.1445,-0.0004,0.9381,-0.1853,0.0000,1,1
1.1577,-0.0013,0.4074,-0.1908,0.0088,1.3963,0.1074,0.0286,0.2395,0.1066,-0.3788,1.3963,0.1074,0.0286,1.4052,0.1024,0.2000,1,1,1.2817,-0.1027,0.1084,0.1231,-0.1025,-0.2990,1.2817,-0.1027,0.1084,1.4508,-0.1416,0.2000,0,1,0.9634,0.1239,0.0754,-0.1932,0.1269,-0.3320,0.9634,0.1239,0.0754,1.1015,0.0990,0.1000,0,1,1.0094,-0.1445,-0.0004,-0.1496,-0.1419,-0.4078,1.0094,-0.1445,-0.0004,0.9410,-0.1850,0.0000,1,1
1.1620,-0.0003,0.4082,-0.1921,0.0118,1.3963,0.1072,0.0286,0.2356,0.1047,-0.3796,1.3963,0.1072,0.0286,1.4071,0.1039,0.2000,1,1,1.2771,-0.1235,0.1052,0.1136,-0.1245,-0.3030,1.2771,-0.1235,0.1052,1.4555,-0.1400,0.2000,0,1,0.9672,0.1226,0.0720,-0.1933,0.1252,-0.3362,0.9672,0.1226,0.0720,1.0654,0.1394,0.1000,0,1,1.0094,-0.1447,-0.0003,-0.1543,-0.1426,-0.4085,1.0094,-0.1447,-0.0003,0.9037,-0.2246,0.0000,1,1
1.1661,0.0009,0.4090,-0.1917,0.0151,1.3963,0.1076,0.0286,0.2318,0.1032,-0.3804,1.3963,0.1076,0.0286,1.4087,0.1058,0.2000,1,1,1.2592,-0.1592,0.0968,0.0907,-0.1615,-0.3122,1.2592,-0.1592,0.0968,1.4600,-0.1381,0.2000,0,1,0.9671,0.1209,0.0643,-0.1972,0.1230,-0.3447,0.9671,0.1209,0.0643,1.0690,0.1400,0.1000,0,1,1.0094,-0.1443,-0.0005,-0.1589,-0.1428,-0.4095,1.0094,-0.1443,-0.0005,0.9063,-0.2240,0.0000,1,1
1.1697,0.0026,0.4097,-0.1901,0.0183,1.3964,0.1083,0.0289,0.2286,0.1015,-0.3808,1.3964,0.1083,0.0289,1.4099,0.1080,0.2000,1,1,1.2289,-0.2099,0.0858,0.0553,-0.2135,-0.3239,1.2289,-0.2099,0.0858,1.4641,-0.1359,0.2000,0,1,0.9614,0.1241,0.0540,-0.2060,0.1253,-0.3557,0.9614,0.1241,0.0540,1.0722,0.1410,0.1000,0,1,1.0096,-0.1437,-0.0008,-0.1628,-0.1433,-0.4105,1.0096,-0.1437,-0.0008,0.9083,-0.2230,0.0000,1,1
1.1722,0.0046,0.4109,-0.1882,0.0167,1.3963,0.1081,0.0287,0.2258,0.0997,-0.3822,1.3963,0.1081,0.0287,1.4106,0.1098,0.2000,1,1,1.2400,-0.2350,0.0792,0.0638,-0.2407,-0.3317,1.2400,-0.2350,0.0792,1.4664,-0.1342,0.2000,0,1,0.9541,0.1290,0.0419,-0.2160,0.1280,-0.3690,0.9541,0.1290,0.0419,1.0749,0.1433,0.1000,0,1,1.0094,-0.1439,-0.0007,-0.1653,-0.1458,-0.4116,1.0094,-0.1439,-0.0007,0.9086,-0.2206,0.0000,1,1
1.1750,0.0066,0.4123,-0.1894,0.0154,1.3964,0.1086,0.0290,0.2229,0.0986,-0.3833,1.3964,0.1086,0.0290,1.4116,0.1116,0.2000,1,1,1.2599,-0.2121,0.0673,0.0815,-0.2200,-0.3450,1.2599,-0.2121,0.0673,1.4690,-0.1324,0.2000,0,1,0.9521,0.1219,0.0293,-0.2211,0.1187,-0.3830,0.9521,0.1219,0.0293,1.0779,0.1456,0.1000,0,1,1.0097,-0.1435,-0.0010,-0.1676,-0.1475,-0.4133,1.0097,-0.1435,-0.0010,0.9493,-0.1783,0.0000,1,1
1.1778,0.0088,0.4139,-0.1988,0.0127,1.3969,0.1075,0.0289,0.2203,0.0959,-0.3850,1.3969,0.1075,0.0289,1.4128,0.1132,0.2000,1,1,1.2945,-0.1391,0.0579,0.1148,-0.1494,-0.3560,1.2945,-0.1391,0.0579,1.4714,-0.1308,0.2000,0,1,0.9619,0.1128,0.0170,-0.2146,0.1067,-0.3969,0.9619,0.1128,0.0170,1.0810,0.1483,0.1000,0,1,1.0100,-0.1444,-0.0008,-0.1697,-0.1511,-0.4147,1.0100,-0.1444,-0.0008,0.9496,-0.1757,0.0000,1,1
1.1798,0.0112,0.4153,-0.2096,0.0086,1.3965,0.1075,0.0287,0.2175,0.0944,-0.3866,1.3965,0.1075,0.0287,1.4134,0.1148,0.2000,1,1,1.3489,-0.0939,0.0481,0.1682,-0.1066,-0.3672,1.3489,-0.0939,0.0481,1.4728,-0.1292,0.2000,0,1,0.9916,0.1190,0.0067,-0.1873,0.1094,-0.4086,0.9916,0.1190,0.0067,1.0836,0.1515,0.1000,0,1,1.0095,-0.1443,-0.0006,-0.1716,-0.1540,-0.4159,1.0095,-0.1443,-0.0006,0.9490,-0.1725,0.0000,1,1
1.1810,0.0139,0.4166,-0.2114,0.0040,1.3959,0.1071,0.0283,0.2153,0.0923,-0.3883,1.3959,0.1071,0.0283,1.4133,0.1167,0.2000,1,1,1.4054,-0.0579,0.0407,0.2241,-0.0727,-0.3759,1.4054,-0.0579,0.0407,1.4734,-0.1273,0.2000,0,1,1.0274,0.1296,-0.0010,-0.1531,0.1163,-0.4176,1.0274,0.1296,-0.0010,1.0855,0.1552,0.1000,0,1,1.0088,-0.1446,-0.0002,-0.1728,-0.1578,-0.4168,1.0088,-0.1446,-0.0002,0.9476,-0.1688,0.0000,1,1
1.1828,0.0172,0.4171,-0.2040,-0.0013,1.3720,0.1230,0.0295,0.1891,0.1060,-0.3876,1.3720,0.1230,0.0295,1.4748,0.1589,0.2000,0,1,1.4340,-0.0448,0.0383,0.2513,-0.0617,-0.3788,1.4340,-0.0448,0.0383,1.4084,-0.1251,0.2000,1,1,1.0459,0.1363,-0.0031,-0.1371,0.1189,-0.4202,1.0459,0.1363,-0.0031,1.0620,0.1194,0.1000,1,1,1.0009,-0.1416,0.0017,-0.1817,-0.1590,-0.4154,1.0009,-0.1416,0.0017,1.0876,-0.1246,0.1000,0,1
1.1862,0.0197,0.4169,-0.2045,-0.0082,1.3154,0.1655,0.0399,0.1280,0.1469,-0.3770,1.3154,0.1655,0.0399,1.4791,0.1602,0.2000,0,1,1.4341,-0.0457,0.0385,0.2484,-0.0634,-0.3784,1.4341,-0.0457,0.0385,1.4488,-0.1638,0.2000,1,1,1.0461,0.1354,-0.0035,-0.1410,0.1145,-0.4204,1.0461,0.1354,-0.0035,1.0644,0.1233,0.1000,1,1,0.9819,-0.1486,0.0087,-0.2029,-0.1700,-0.4082,0.9819,-0.1486,0.0087,1.0900,-0.1207,0.1000,0,1
1.1887,0.0218,0.4186,-0.1978,-0.0035,1.3227,0.1129,0.0522,0.1337,0.0916,-0.3664,1.3227,0.1129,0.0522,1.4810,0.1631,0.2000,0,1,1.4345,-0.0441,0.0385,0.2460,-0.0650,-0.3801,1.4345,-0.0441,0.0385,1.4500,-0.1609,0.2000,1,1,1.0464,0.1369,-0.0031,-0.1427,0.1146,-0.4217,1.0464,0.1369,-0.0031,1.0642,0.1245,0.1000,1,1,0.9803,-0.1203,0.0190,-0.2079,-0.1428,-0.3996,0.9803,-0.1203,0.0190,1.0932,-0.1195,0.1000,0,1
1.1914,0.0232,0.4197,-0.1908,-0.0004,1.3079,0.0804,0.0655,0.1165,0.0572,-0.3542,1.3079,0.0804,0.0655,1.4833,0.1651,0.2000,0,1,1.4348,-0.0437,0.0385,0.2434,-0.0668,-0.3812,1.4348,-0.0437,0.0385,1.4112,-0.1189,0.2000,1,1,1.0467,0.1374,-0.0031,-0.1447,0.1141,-0.4228,1.0467,0.1374,-0.0031,1.0645,0.1253,0.1000,1,1,0.9784,-0.1098,0.0311,-0.2129,-0.1331,-0.3886,0.9784,-0.1098,0.0311,1.0964,-0.1187,0.1000,0,1
1.1948,0.0239,0.4201,-0.1902,-0.0022,1.2663,0.0823,0.0794,0.0714,0.0586,-0.3407,1.2663,0.0823,0.0794,1.4869,0.1655,0.2000,0,1,1.4348,-0.0440,0.0386,0.2401,-0.0674,-0.3815,1.4348,-0.0440,0.0386,1.4123,-0.1185,0.2000,1,1,1.0468,0.1370,-0.0032,-0.1482,0.1128,-0.4233,1.0468,0.1370,-0.0032,1.0662,0.1263,0.1000,1,1,0.9819,-0.1140,0.0443,-0.2126,-0.1384,-0.3758,0.9819,-0.1140,0.0443,1.0995,-0.1177,0.1000,0,1
1.1983,0.0242,0.4205,-0.1924,-0.0033,1.2593,0.0871,0.0923,0.0608,0.0631,-0.3282,1.2593,0.0871,0.0923,1.4906,0.1656,0.2000,0,1,1.4347,-0.0441,0.0386,0.2366,-0.0675,-0.3819,1.4347,-0.0441,0.0386,1.4137,-0.1184,0.2000,1,1,1.0467,0.1370,-0.0032,-0.1520,0.1123,-0.4237,1.0467,0.1370,-0.0032,1.0678,0.1268,0.1000,1,1,0.9853,-0.1184,0.0570,-0.2125,-0.1433,-0.3635,0.9853,-0.1184,0.0570,1.1029,-0.1172,0.1000,0,1
1.2018,0.0240,0.4211,-0.1969,-0.0029,1.2766,0.0873,0.1035,0.0746,0.0635,-0.3176,1.2766,0.0873,0.1035,1.4940,0.1655,0.2000,0,1,1.4348,-0.0439,0.0386,0.2332,-0.0672,-0.3825,1.4348,-0.0439,0.0386,1.4152,-0.1185,0.2000,1,1,1.0468,0.1371,-0.0032,-0.1553,0.1127,-0.4243,1.0468,0.1371,-0.0032,1.0292,0.1666,0.1000,1,1,0.9792,-0.1213,0.0681,-0.2222,-0.1459,-0.3530,0.9792,-0.1213,0.0681,1.1064,-0.1174,0.1000,0,1
1.2053,0.0234,0.4218,-0.1978,-0.0036,1.2838,0.0903,0.1116,0.0783,0.0672,-0.3102,1.2838,0.0903,0.1116,1.4976,0.1647,0.2000,0,1,1.4348,-0.0440,0.0386,0.2297,-0.0666,-0.3832,1.4348,-0.0440,0.0386,1.4166,-0.1193,0.2000,1,1,1.0468,0.1371,-0.0032,-0.1589,0.1131,-0.4250,1.0468,0.1371,-0.0032,1.0308,0.1661,0.1000,1,1,0.9791,-0.1253,0.0763,-0.2257,-0.1495,-0.3455,0.9791,-0.1253,0.0763,1.1098,-0.1179,0.1000,0,1
1.2088,0.0223,0.4227,-0.1985,-0.0046,1.2895,0.0968,0.1155,0.0804,0.0749,-0.3072,1.2895,0.0968,0.1155,1.5013,0.1634,0.2000,0,1,1.4348,-0.0440,0.0386,0.2263,-0.0653,-0.3841,1.4348,-0.0440,0.0386,1.4180,-0.1206,0.2000,1,1,1.0468,0.1371,-0.0032,-0.1625,0.1141,-0.4259,1.0468,0.1371,-0.0032,1.0725,0.1252,0.1000,1,1,0.9791,-0.1291,0.0802,-0.2290,-0.1525,-0.3425,0.9791,-0.1291,0.0802,1.1132,-0.1188,0.1000,0,1
1.2124,0.0209,0.4237,-0.1979,-0.0061,1.2880,0.1074,0.1143,0.0751,0.0870,-0.3094,1.2880,0.1074,0.1143,1.5051,0.1617,0.2000,0,1,1.4348,-0.0439,0.0386,0.2228,-0.0634,-0.3851,1.4348,-0.0439,0.0386,1.4194,-0.1222,0.2000,1,1,1.0467,0.1371,-0.0032,-0.1664,0.1152,-0.4269,1.0467,0.1371,-0.0032,1.0743,0.1241,0.1000,1,1,0.9776,-0.1319,0.0790,-0.2339,-0.1542,-0.3447,0.9776,-0.1319,0.0790,1.1166,-0.1199,0.1000,0,1
1.2161,0.0192,0.4247,-0.1949,-0.0080,1.2699,0.1277,0.1084,0.0529,0.1089,-0.3163,1.2699,0.1277,0.1084,1.5090,0.1596,0.2000,0,1,1.4348,-0.0440,0.0386,0.2192,-0.0614,-0.3861,1.4348,-0.0440,0.0386,1.4207,-0.1244,0.2000,1,1,1.0468,0.1370,-0.0033,-0.1702,0.1164,-0.4280,1.0468,0.1370,-0.0033,1.0762,0.1227,0.1000,1,1,0.9747,-0.1331,0.0733,-0.2402,-0.1542,-0.3514,0.9747,-0.1331,0.0733,1.1199,-0.1213,0.1000,0,1
1.2196,0.0170,0.4256,-0.1913,-0.0099,1.2315,0.1618,0.0987,0.0105,0.1449,-0.3269,1.2315,0.1618,0.0987,1.5128,0.1571,0.2000,0,1,1.4349,-0.0446,0.0388,0.2159,-0.0595,-0.3868,1.4349,-0.0446,0.0388,1.4220,-0.1269,0.2000,1,1,1.0470,0.1365,-0.0035,-0.1738,0.1178,-0.4291,1.0470,0.1365,-0.0035,1.0781,0.1210,0.1000,1,1,0.9707,-0.1358,0.0643,-0.2474,-0.1553,-0.3613,0.9707,-0.1358,0.0643,1.1232,-0.1230,0.1000,0,1
1.2225,0.0144,0.4265,-0.1886,-0.0084,1.2264,0.1908,0.0918,0.0024,0.1764,-0.3347,1.2264,0.1908,0.0918,1.5155,0.1548,0.2000,0,1,1.4348,-0.0445,0.0386,0.2128,-0.0571,-0.3879,1.4348,-0.0445,0.0386,1.4231,-0.1292,0.2000,1,1,1.0467,0.1366,-0.0034,-0.1768,0.1207,-0.4299,1.0467,0.1366,-0.0034,1.0787,0.1181,0.1000,1,1,0.9642,-0.1430,0.0530,-0.2570,-0.1596,-0.3735,0.9642,-0.1430,0.0530,1.1263,-0.1259,0.1000,0,1
1.2254,0.0117,0.4274,-0.1874,-0.0050,1.2515,0.1855,0.0814,0.0252,0.1739,-0.3460,1.2515,0.1855,0.0814,1.5179,0.1528,0.2000,0,1,1.4349,-0.0450,0.0388,0.2098,-0.0557,-0.3886,1.4349,-0.0450,0.0388,1.4245,-0.1312,0.2000,1,1,1.0470,0.1361,-0.0037,-0.1790,0.1235,-0.4311,1.0470,0.1361,-0.0037,1.0792,0.1147,0.1000,1,1,0.9615,-0.1407,0.0405,-0.2631,-0.1537,-0.3869,0.9615,-0.1407,0.0405,1.1297,-0.1293,0.1000,0,1
1.2287,0.0090,0.4280,-0.1935,-0.0023,1.2920,0.1309,0.0720,0.0630,0.1220,-0.3560,1.2920,0.1309,0.0720,1.5208,0.1505,0.2000,0,1,1.4351,-0.0442,0.0388,0.2065,-0.0527,-0.3892,1.4351,-0.0442,0.0388,1.4262,-0.1335,0.2000,1,1,1.0471,0.1368,-0.0035,-0.1819,0.1274,-0.4315,1.0471,0.1368,-0.0035,1.0800,0.1114,0.1000,1,1,0.9713,-0.1375,0.0276,-0.2571,-0.1471,-0.4004,0.9713,-0.1375,0.0276,1.1334,-0.1326,0.1000,0,1
1.2318,0.0059,0.4285,-0.2106,0.0028,1.3159,0.0888,0.0629,0.0843,0.0827,-0.3656,1.3159,0.0888,0.0629,1.5232,0.1484,0.2000,0,1,1.4353,-0.0444,0.0389,0.2034,-0.0509,-0.3896,1.4353,-0.0444,0.0389,1.4280,-0.1356,0.2000,1,1,1.0473,0.1367,-0.0036,-0.1841,0.1313,-0.4321,1.0473,0.1367,-0.0036,1.0804,0.1073,0.1000,1,1,0.9823,-0.1375,0.0162,-0.2499,-0.1427,-0.4123,0.9823,-0.1375,0.0162,1.1372,-0.1367,0.1000,0,1
1.2337,0.0026,0.4289,-0.2205,0.0071,1.3907,0.0566,0.0542,0.1574,0.0529,-0.3747,1.3907,0.0566,0.0542,1.5244,0.1460,0.2000,0,1,1.4346,-0.0439,0.0385,0.2006,-0.0479,-0.3904,1.4346,-0.0439,0.0385,1.4285,-0.1380,0.2000,1,1,1.0464,0.1370,-0.0031,-0.1863,0.1357,-0.4320,1.0464,0.1370,-0.0031,1.0797,0.1032,0.1000,1,1,1.0215,-0.1413,0.0075,-0.2132,-0.1424,-0.4214,1.0215,-0.1413,0.0075,1.1397,-0.1408,0.1000,0,1
1.2348,-0.0012,0.4293,-0.2118,0.0111,1.4363,0.0397,0.0482,0.2019,0.0387,-0.3811,1.4363,0.0397,0.0482,1.4601,0.1429,0.2000,1,1,1.4332,-0.0433,0.0379,0.1979,-0.0443,-0.3914,1.4332,-0.0433,0.0379,1.5282,-0.1411,0.2000,0,1,1.0449,0.1376,-0.0024,-0.1883,0.1409,-0.4317,1.0449,0.1376,-0.0024,1.1383,0.1386,0.1000,0,1,1.0612,-0.1436,0.0018,-0.1752,-0.1405,-0.4275,1.0612,-0.1436,0.0018,1.0764,-0.1454,0.1000,1,1
1.2379,-0.0049,0.4290,-0.2130,0.0163,1.4363,0.0399,0.0483,0.1991,0.0416,-0.3807,1.4363,0.0399,0.0483,1.4604,0.1402,0.2000,1,1,1.3847,-0.0609,0.0423,0.1459,-0.0584,-0.3867,1.3847,-0.0609,0.0423,1.5320,-0.1438,0.2000,0,1,1.0250,0.1363,0.0020,-0.2106,0.1447,-0.4270,1.0250,0.1363,0.0020,1.1406,0.1339,0.1000,0,1,1.0614,-0.1435,0.0017,-0.1787,-0.1357,-0.4273,1.0614,-0.1435,0.0017,1.0783,-0.1501,0.1000,1,1
1.2408,-0.0078,0.4293,-0.2076,0.0204,1.4365,0.0406,0.0484,0.1966,0.0444,-0.3809,1.4365,0.0406,0.0484,1.4607,0.1381,0.2000,1,1,1.3112,-0.1028,0.0532,0.0684,-0.0964,-0.3761,1.3112,-0.1028,0.0532,1.5355,-0.1459,0.2000,0,1,1.0003,0.1393,0.0106,-0.2374,0.1520,-0.4187,1.0003,0.1393,0.0106,1.1430,0.1302,0.1000,0,1,1.0616,-0.1429,0.0013,-0.1819,-0.1314,-0.4280,1.0616,-0.1429,0.0013,1.0797,-0.1537,0.1000,1,1
1.2437,-0.0102,0.4303,-0.2036,0.0201,1.4370,0.0405,0.0485,0.1943,0.0468,-0.3818,1.4370,0.0405,0.0485,1.4616,0.1356,0.2000,1,1,1.2874,-0.1113,0.0675,0.0417,-0.1020,-0.3628,1.2874,-0.1113,0.0675,1.5383,-0.1483,0.2000,0,1,0.9677,0.1348,0.0222,-0.2730,0.1505,-0.4081,0.9677,0.1348,0.0222,1.1458,0.1278,0.1000,0,1,1.0621,-0.1430,0.0010,-0.1842,-0.1291,-0.4293,1.0621,-0.1430,0.0010,1.0806,-0.1561,0.1000,1,1
1.2459,-0.0123,0.4318,-0.1959,0.0179,1.4371,0.0399,0.0484,0.1921,0.0488,-0.3834,1.4371,0.0399,0.0484,1.4621,0.1331,0.2000,1,1,1.3031,-0.0859,0.0827,0.0559,-0.0746,-0.3491,1.3031,-0.0859,0.0827,1.5402,-0.1508,0.2000,0,1,0.9628,0.1261,0.0349,-0.2806,0.1434,-0.3969,0.9628,0.1261,0.0349,1.1484,0.1262,0.1000,0,1,1.0622,-0.1436,0.0012,-0.1860,-0.1280,-0.4306,1.0622,-0.1436,0.0012,1.0804,-0.1578,0.1000,1,1
1.2483,-0.0139,0.4328,-0.1908,0.0172,1.4371,0.0401,0.0485,0.1897,0.0507,-0.3843,1.4371,0.0401,0.0485,1.4626,0.1314,0.2000,1,1,1.2889,-0.0831,0.0961,0.0394,-0.0699,-0.3367,1.2889,-0.0831,0.0961,1.5425,-0.1525,0.2000,0,1,0.9631,0.1253,0.0480,-0.2828,0.1441,-0.3848,0.9631,0.1253,0.0480,1.1508,0.1248,0.1000,0,1,1.0623,-0.1434,0.0011,-0.1882,-0.1263,-0.4317,1.0623,-0.1434,0.0011,1.0807,-0.1592,0.1000,1,1
1.2509,-0.0150,0.4336,-0.1905,0.0174,1.4371,0.0402,0.0485,0.1871,0.0520,-0.3851,1.4371,0.0402,0.0485,1.4632,0.1303,0.2000,1,1,1.2795,-0.0873,0.1082,0.0273,-0.0728,-0.3254,1.2795,-0.0873,0.1082,1.5452,-0.1537,0.2000,0,1,0.9651,0.1269,0.0600,-0.2833,0.1469,-0.3736,0.9651,0.1269,0.0600,1.1535,0.1235,0.1000,0,1,1.0622,-0.1433,0.0011,-0.1909,-0.1250,-0.4325,1.0622,-0.1433,0.0011,1.0814,-0.1604,0.1000,1,1
1.2535,-0.0159,0.4342,-0.1927,0.0172,1.4370,0.0401,0.0484,0.1844,0.0528,-0.3858,1.4370,0.0401,0.0484,1.4639,0.1293,0.2000,1,1,1.2904,-0.0855,0.1179,0.0357,-0.0702,-0.3163,1.2904,-0.0855,0.1179,1.5477,-0.1546,0.2000,0,1,0.9684,0.1277,0.0698,-0.2826,0.1485,-0.3644,0.9684,0.1277,0.0698,1.1561,0.1227,0.1000,0,1,1.0622,-0.1434,0.0011,-0.1935,-0.1242,-0.4331,1.0622,-0.1434,0.0011,1.0820,-0.1613,0.1000,1,1
1.2562,-0.0165,0.4348,-0.1956,0.0172,1.4370,0.0400,0.0484,0.1817,0.0534,-0.3864,1.4370,0.0400,0.0484,1.4645,0.1288,0.2000,1,1,1.3009,-0.0846,0.1241,0.0435,-0.0689,-0.3107,1.3009,-0.0846,0.1241,1.5504,-0.1552,0.2000,0,1,0.9710,0.1282,0.0759,-0.2827,0.1496,-0.3589,0.9710,0.1282,0.0759,1.1588,0.1221,0.1000,0,1,1.0621,-0.1435,0.0012,-0.1963,-0.1236,-0.4336,1.0621,-0.1435,0.0012,1.0827,-0.1619,0.1000,1,1
1.2590,-0.0168,0.4353,-0.1980,0.0179,1.4370,0.0400,0.0484,0.1790,0.0536,-0.3869,1.4370,0.0400,0.0484,1.4652,0.1286,0.2000,1,1,1.3043,-0.0882,0.1255,0.0440,-0.0722,-0.3098,1.3043,-0.0882,0.1255,1.5533,-0.1554,0.2000,0,1,0.9726,0.1286,0.0773,-0.2838,0.1505,-0.3580,0.9726,0.1286,0.0773,1.1615,0.1217,0.1000,0,1,1.0621,-0.1435,0.0012,-0.1991,-0.1232,-0.4341,1.0621,-0.1435,0.0012,1.0835,-0.1623,0.1000,1,1
1.2618,-0.0168,0.4357,-0.1988,0.0190,1.4369,0.0399,0.0484,0.1761,0.0534,-0.3873,1.4369,0.0399,0.0484,1.4658,0.1288,0.2000,1,1,1.3027,-0.0975,0.1219,0.0394,-0.0815,-0.3138,1.3027,-0.0975,0.1219,1.5562,-0.1551,0.2000,0,1,0.9719,0.1284,0.0737,-0.2871,0.1507,-0.3620,0.9719,0.1284,0.0737,1.1641,0.1214,0.1000,0,1,1.0621,-0.1435,0.0012,-0.2021,-0.1229,-0.4345,1.0621,-0.1435,0.0012,1.0845,-0.1625,0.1000,1,1
1.2647,-0.0165,0.4359,-0.1974,0.0202,1.4370,0.0401,0.0484,0.1734,0.0531,-0.3875,1.4370,0.0401,0.0484,1.4666,0.1293,0.2000,1,1,1.2811,-0.1169,0.1141,0.0144,-0.1007,-0.3218,1.2811,-0.1169,0.1141,1.5594,-0.1546,0.2000,0,1,0.9691,0.1272,0.0662,-0.2926,0.1496,-0.3697,0.9691,0.1272,0.0662,1.1669,0.1215,0.1000,0,1,1.0621,-0.1434,0.0011,-0.2051,-0.1228,-0.4348,1.0621,-0.1434,0.0011,1.0856,-0.1624,0.1000,1,1
1.2675,-0.0158,0.4359,-0.1962,0.0208,1.4371,0.0403,0.0485,0.1707,0.0526,-0.3874,1.4371,0.0403,0.0485,1.4674,0.1301,0.2000,1,1,1.2532,-0.1459,0.1043,-0.0170,-0.1298,-0.3316,1.2532,-0.1459,0.1043,1.5623,-0.1538,0.2000,0,1,0.9641,0.1293,0.0558,-0.3003,0.1514,-0.3801,0.9641,0.1293,0.0558,1.1696,0.1221,0.1000,0,1,1.0622,-0.1432,0.0011,-0.2079,-0.1231,-0.4348,1.0622,-0.1432,0.0011,1.0866,-0.1619,0.1000,1,1
1.2699,-0.0149,0.4359,-0.1938,0.0187,1.4369,0.0404,0.0484,0.1680,0.0522,-0.3875,1.4369,0.0404,0.0484,1.4681,0.1307,0.2000,1,1,1.2698,-0.1609,0.0954,-0.0028,-0.1460,-0.3405,1.2698,-0.1609,0.0954,1.5644,-0.1533,0.2000,0,1,0.9594,0.1330,0.0438,-0.3077,0.1537,-0.3921,0.9594,0.1330,0.0438,1.1723,0.1234,0.1000,0,1,1.0621,-0.1431,0.0010,-0.2102,-0.1243,-0.4349,1.0621,-0.1431,0.0010,1.0866,-0.1605,0.1000,1,1
1.2727,-0.0138,0.4359,-0.1927,0.0153,1.4375,0.0402,0.0487,0.1656,0.0515,-0.3872,1.4375,0.0402,0.0487,1.4693,0.1311,0.2000,1,1,1.2858,-0.1391,0.0833,0.0112,-0.1255,-0.3526,1.2858,-0.1391,0.0833,1.5666,-0.1529,0.2000,0,1,0.9621,0.1260,0.0308,-0.3084,0.1445,-0.4051,0.9621,0.1260,0.0308,1.1755,0.1252,0.1000,0,1,1.0627,-0.1433,0.0009,-0.2120,-0.1263,-0.4350,1.0627,-0.1433,0.0009,1.0869,-0.1588,0.1000,1,1
1.2757,-0.0126,0.4356,-0.1987,0.0110,1.4379,0.0397,0.0489,0.1628,0.0505,-0.3867,1.4379,0.0397,0.0489,1.4709,0.1315,0.2000,1,1,1.3146,-0.0941,0.0709,0.0380,-0.0819,-0.3647,1.3146,-0.0941,0.0709,1.5691,-0.1525,0.2000,0,1,0.9758,0.1156,0.0184,-0.2985,0.1315,-0.4172,0.9758,0.1156,0.0184,1.1792,0.1272,0.1000,0,1,1.0632,-0.1438,0.0009,-0.2139,-0.1289,-0.4347,1.0632,-0.1438,0.0009,1.0873,-0.1568,0.1000,1,1
1.2786,-0.0112,0.4354,-0.2080,0.0068,1.4375,0.0395,0.0487,0.1592,0.0496,-0.3867,1.4375,0.0395,0.0487,1.4724,0.1321,0.2000,1,1,1.3910,-0.0597,0.0608,0.1121,-0.0493,-0.3746,1.3910,-0.0597,0.0608,1.5714,-0.1519,0.2000,0,1,1.0220,0.1093,0.0080,-0.2558,0.1222,-0.4274,1.0220,0.1093,0.0080,1.1826,0.1294,0.1000,0,1,1.0626,-0.1440,0.0012,-0.2169,-0.1313,-0.4342,1.0626,-0.1440,0.0012,1.0876,-0.1545,0.1000,1,1
1.2811,-0.0093,0.4354,-0.2074,0.0048,1.4367,0.0391,0.0484,0.1558,0.0477,-0.3870,1.4367,0.0391,0.0484,1.4732,0.1336,0.2000,1,1,1.4596,-0.0501,0.0537,0.1783,-0.0417,-0.3817,1.4596,-0.0501,0.0537,1.5736,-0.1504,0.2000,0,1,1.0773,0.1093,0.0006,-0.2032,0.1196,-0.4348,1.0773,0.1093,0.0006,1.1855,0.1317,0.1000,0,1,1.0617,-0.1443,0.0018,-0.2200,-0.1339,-0.4336,1.0617,-0.1443,0.0018,1.0878,-0.1523,0.1000,1,1
1.2840,-0.0069,0.4353,-0.1951,0.0010,1.4240,0.0403,0.0494,0.1400,0.0471,-0.3859,1.4240,0.0403,0.0494,1.5756,0.1353,0.2000,0,1,1.4937,-0.0511,0.0513,0.2097,-0.0444,-0.3840,1.4937,-0.0511,0.0513,1.5099,-0.1487,0.2000,1,1,1.1057,0.1082,-0.0011,-0.1782,0.1153,-0.4364,1.1057,0.1082,-0.0011,1.1228,0.1349,0.1000,1,1,1.0435,-0.1479,0.0046,-0.2406,-0.1408,-0.4307,1.0435,-0.1479,0.0046,1.1891,-0.1491,0.1000,0,1
1.2879,-0.0047,0.4353,-0.1912,-0.0037,1.3665,0.0654,0.0558,0.0783,0.0704,-0.3795,1.3665,0.0654,0.0558,1.5803,0.1366,0.2000,0,1,1.4940,-0.0519,0.0515,0.2063,-0.0464,-0.3838,1.4940,-0.0519,0.0515,1.5112,-0.1474,0.2000,1,1,1.1062,0.1074,-0.0015,-0.1821,0.1114,-0.4368,1.1062,0.1074,-0.0015,1.1255,0.1380,0.1000,1,1,1.0073,-0.1497,0.0112,-0.2801,-0.1460,-0.4241,1.0073,-0.1497,0.0112,1.1924,-0.1460,0.1000,0,1
1.2913,-0.0030,0.4359,-0.1839,-0.0070,1.3204,0.0992,0.0691,0.0284,0.1024,-0.3668,1.3204,0.0992,0.0691,1.5841,0.1376,0.2000,0,1,1.4940,-0.0520,0.0515,0.2030,-0.0476,-0.3844,1.4940,-0.0520,0.0515,1.5121,-0.1464,0.2000,1,1,1.1062,0.1073,-0.0016,-0.1859,0.1090,-0.4375,1.1062,0.1073,-0.0016,1.1273,0.1403,0.1000,1,1,0.9776,-0.1534,0.0215,-0.3126,-0.1526,-0.4144,0.9776,-0.1534,0.0215,1.1953,-0.1437,0.1000,0,1
1.2947,-0.0014,0.4370,-0.1805,-0.0082,1.3067,0.0968,0.0815,0.0112,0.0983,-0.3555,1.3067,0.0968,0.0815,1.5877,0.1390,0.2000,0,1,1.4941,-0.0517,0.0515,0.1998,-0.0487,-0.3855,1.4941,-0.0517,0.0515,1.5134,-0.1449,0.2000,1,1,1.1063,0.1076,-0.0015,-0.1893,0.1075,-0.4385,1.1063,0.1076,-0.0015,1.1289,0.1422,0.1000,1,1,0.9713,-0.1464,0.0336,-0.3222,-0.1476,-0.4034,0.9713,-0.1464,0.0336,1.1986,-0.1418,0.1000,0,1
1.2978,0.0001,0.4380,-0.1791,-0.0076,1.3126,0.0798,0.0958,0.0142,0.0798,-0.3422,1.3126,0.0798,0.0958,1.5907,0.1406,0.2000,0,1,1.4942,-0.0511,0.0515,0.1968,-0.0497,-0.3865,1.4942,-0.0511,0.0515,1.5145,-0.1434,0.2000,1,1,1.1063,0.1082,-0.0014,-0.1923,0.1066,-0.4394,1.1063,0.1082,-0.0014,1.1299,0.1436,0.1000,1,1,0.9748,-0.1390,0.0465,-0.3219,-0.1416,-0.3915,0.9748,-0.1390,0.0465,1.2017,-0.1404,0.1000,0,1
1.3008,0.0012,0.4386,-0.1800,-0.0076,1.3053,0.0786,0.1087,0.0039,0.0774,-0.3299,1.3053,0.0786,0.1087,1.5936,0.1417,0.2000,0,1,1.4942,-0.0511,0.0515,0.1938,-0.0508,-0.3871,1.4942,-0.0511,0.0515,1.5155,-0.1422,0.2000,1,1,1.1064,0.1082,-0.0014,-0.1952,0.1055,-0.4400,1.1064,0.1082,-0.0014,1.1309,0.1447,0.1000,1,1,0.9798,-0.1373,0.0593,-0.3199,-0.1409,-0.3793,0.9798,-0.1373,0.0593,1.2047,-0.1393,0.1000,0,1
1.3037,0.0022,0.4389,-0.1841,-0.0071,1.3069,0.0781,0.1198,0.0027,0.0759,-0.3191,1.3069,0.0781,0.1198,1.5965,0.1428,0.2000,0,1,1.4942,-0.0511,0.0514,0.1909,-0.0519,-0.3875,1.4942,-0.0511,0.0514,1.5165,-0.1412,0.2000,1,1,1.1063,0.1082,-0.0014,-0.1981,0.1046,-0.4403,1.1063,0.1082,-0.0014,1.1317,0.1455,0.1000,1,1,0.9861,-0.1373,0.0703,-0.3166,-0.1418,-0.3686,0.9861,-0.1373,0.0703,1.2077,-0.1384,0.1000,0,1
1.3066,0.0029,0.4392,-0.1898,-0.0064,1.3191,0.0754,0.1279,0.0120,0.0726,-0.3113,1.3191,0.0754,0.1279,1.5993,0.1437,0.2000,0,1,1.4941,-0.0510,0.0514,0.1878,-0.0527,-0.3878,1.4941,-0.0510,0.0514,1.5175,-0.1403,0.2000,1,1,1.1062,0.1083,-0.0013,-0.2011,0.1041,-0.4405,1.1062,0.1083,-0.0013,1.1325,0.1461,0.1000,1,1,0.9926,-0.1380,0.0785,-0.3131,-0.1429,-0.3607,0.9926,-0.1380,0.0785,1.2107,-0.1378,0.1000,0,1
1.3096,0.0034,0.4392,-0.1944,-0.0056,1.3285,0.0757,0.1318,0.0185,0.0724,-0.3074,1.3285,0.0757,0.1318,1.6022,0.1444,0.2000,0,1,1.4940,-0.0510,0.0514,0.1847,-0.0534,-0.3878,1.4940,-0.0510,0.0514,1.5186,-0.1396,0.2000,1,1,1.1062,0.1083,-0.0013,-0.2040,0.1038,-0.4405,1.1062,0.1083,-0.0013,1.1334,0.1465,0.1000,1,1,0.9983,-0.1390,0.0824,-0.3105,-0.1441,-0.3568,0.9983,-0.1390,0.0824,1.2138,-0.1375,0.1000,0,1
1.3126,0.0037,0.4392,-0.1961,-0.0053,1.3203,0.0810,0.1308,0.0073,0.0773,-0.3084,1.3203,0.0810,0.1308,1.6052,0.1447,0.2000,0,1,1.4941,-0.0509,0.0514,0.1818,-0.0536,-0.3878,1.4941,-0.0509,0.0514,1.5197,-0.1393,0.2000,1,1,1.1063,0.1084,-0.0013,-0.2069,0.1036,-0.4405,1.1063,0.1084,-0.0013,1.1344,0.1468,0.1000,1,1,1.0018,-0.1396,0.0811,-0.3100,-0.1449,-0.3581,1.0018,-0.1396,0.0811,1.2169,-0.1372,0.1000,0,1
1.3155,0.0038,0.4389,-0.1916,-0.0045,1.3021,0.0938,0.1250,-0.0138,0.0899,-0.3139,1.3021,0.0938,0.1250,1.6079,0.1449,0.2000,0,1,1.4942,-0.0509,0.0514,0.1789,-0.0539,-0.3875,1.4942,-0.0509,0.0514,1.5207,-0.1391,0.2000,1,1,1.1064,0.1084,-0.0013,-0.2096,0.1037,-0.4402,1.1064,0.1084,-0.0013,1.1351,0.1467,0.1000,1,1,1.0002,-0.1417,0.0753,-0.3146,-0.1469,-0.3636,1.0002,-0.1417,0.0753,1.2199,-0.1373,0.1000,0,1
1.3182,0.0035,0.4387,-0.1837,-0.0034,1.2764,0.1205,0.1156,-0.0422,0.1169,-0.3231,1.2764,0.1205,0.1156,1.6105,0.1449,0.2000,0,1,1.4943,-0.0512,0.0515,0.1763,-0.0541,-0.3872,1.4943,-0.0512,0.0515,1.5215,-0.1391,0.2000,1,1,1.1065,0.1082,-0.0014,-0.2121,0.1040,-0.4401,1.1065,0.1082,-0.0014,1.1357,0.1462,0.1000,1,1,0.9934,-0.1464,0.0662,-0.3243,-0.1510,-0.3725,0.9934,-0.1464,0.0662,1.2227,-0.1378,0.1000,0,1
1.3203,0.0030,0.4384,-0.1723,-0.0002,1.2919,0.1426,0.1093,-0.0284,0.1396,-0.3291,1.2919,0.1426,0.1093,1.6122,0.1450,0.2000,0,1,1.4942,-0.0513,0.0515,0.1739,-0.0543,-0.3869,1.4942,-0.0513,0.0515,1.5221,-0.1390,0.2000,1,1,1.1064,0.1081,-0.0015,-0.2139,0.1051,-0.4399,1.1064,0.1081,-0.0015,1.1354,0.1451,0.1000,1,1,0.9786,-0.1561,0.0549,-0.3417,-0.1592,-0.3835,0.9786,-0.1561,0.0549,1.2253,-0.1389,0.1000,0,1
1.3233,0.0026,0.4383,-0.1650,0.0009,1.3044,0.1307,0.0972,-0.0188,0.1281,-0.3411,1.3044,0.1307,0.0972,1.6150,0.1448,0.2000,0,1,1.4948,-0.0511,0.0517,0.1715,-0.0539,-0.3866,1.4948,-0.0511,0.0517,1.5232,-0.1392,0.2000,1,1,1.1070,0.1083,-0.0017,-0.2162,0.1059,-0.4400,1.1070,0.1083,-0.0017,1.1362,0.1444,0.1000,1,1,0.9587,-0.1559,0.0420,-0.3647,-0.1582,-0.3963,0.9587,-0.1559,0.0420,1.2284,-0.1396,0.1000,0,1
1.3271,0.0022,0.4382,-0.1704,0.0017,1.3516,0.0895,0.0842,0.0246,0.0873,-0.3540,1.3516,0.0895,0.0842,1.6187,0.1445,0.2000,0,1,1.4949,-0.0507,0.0518,0.1677,-0.0532,-0.3864,1.4949,-0.0507,0.0518,1.5251,-0.1395,0.2000,1,1,1.1071,0.1086,-0.0016,-0.2198,0.1068,-0.4398,1.1071,0.1086,-0.0016,1.1379,0.1438,0.1000,1,1,0.9614,-0.1489,0.0305,-0.3660,-0.1505,-0.4077,0.9614,-0.1489,0.0305,1.2323,-0.1402,0.1000,0,1
1.3306,0.0014,0.4388,-0.1844,0.0065,1.4718,0.0575,0.0815,0.1416,0.0552,-0.3573,1.4718,0.0575,0.0815,1.6215,0.1447,0.2000,0,1,1.4944,-0.0507,0.0514,0.1635,-0.0532,-0.3874,1.4944,-0.0507,0.0514,1.5273,-0.1393,0.2000,1,1,1.1065,0.1085,-0.0014,-0.2234,0.1086,-0.4402,1.1065,0.1085,-0.0014,1.1387,0.1422,0.1000,1,1,1.0219,-0.1284,0.0188,-0.3095,-0.1278,-0.4200,1.0219,-0.1284,0.0188,1.2365,-0.1418,0.1000,0,1
1.3344,0.0004,0.4395,-0.1994,0.0051,1.5347,0.0497,0.0722,0.2005,0.0483,-0.3673,1.5347,0.0497,0.0722,1.6255,0.1434,0.2000,0,1,1.4933,-0.0505,0.0511,0.1586,-0.0517,-0.3884,1.4933,-0.0505,0.0511,1.5290,-0.1406,0.2000,1,1,1.1053,0.1087,-0.0007,-0.2285,0.1095,-0.4402,1.1053,0.1087,-0.0007,1.1407,0.1414,0.1000,1,1,1.1158,-0.1179,0.0107,-0.2192,-0.1172,-0.4288,1.1158,-0.1179,0.0107,1.2402,-0.1426,0.1000,0,1
1.3375,-0.0012,0.4405,-0.1807,0.0038,1.5876,0.0563,0.0658,0.2503,0.0565,-0.3747,1.5876,0.0563,0.0658,1.5638,0.1415,0.2000,1,1,1.4916,-0.0498,0.0504,0.1539,-0.0492,-0.3901,1.4916,-0.0498,0.0504,1.6299,-0.1425,0.2000,0,1,1.1032,0.1092,0.0006,-0.2339,0.1113,-0.4399,1.1032,0.1092,0.0006,1.2420,0.1400,0.1000,0,1,1.2020,-0.1088,0.0077,-0.1359,-0.1071,-0.4328,1.2020,-0.1088,0.0077,1.1781,-0.1440,0.1000,1,1
1.3430,-0.0032,0.4407,-0.1804,0.0064,1.5877,0.0569,0.0659,0.2451,0.0585,-0.3748,1.5877,0.0569,0.0659,1.5669,0.1401,0.2000,1,1,1.4587,-0.0538,0.0546,0.1154,-0.0513,-0.3861,1.4587,-0.0538,0.0546,1.6357,-0.1439,0.2000,0,1,1.0673,0.1192,0.0051,-0.2749,0.1242,-0.4356,1.0673,0.1192,0.0051,1.2471,0.1376,0.1000,0,1,1.2022,-0.1083,0.0075,-0.1415,-0.1042,-0.4332,1.2022,-0.1083,0.0075,1.1820,-0.1464,0.1000,1,1
1.3479,-0.0046,0.4409,-0.1731,0.0099,1.5878,0.0575,0.0661,0.2405,0.0597,-0.3748,1.5878,0.0575,0.0661,1.5693,0.1393,0.2000,1,1,1.3871,-0.0960,0.0661,0.0383,-0.0918,-0.3748,1.3871,-0.0960,0.0661,1.6411,-0.1447,0.2000,0,1,1.0190,0.1327,0.0139,-0.3275,0.1405,-0.4270,1.0190,0.1327,0.0139,1.2515,0.1355,0.1000,0,1,1.2024,-0.1077,0.0073,-0.1465,-0.1017,-0.4336,1.2024,-0.1077,0.0073,1.1853,-0.1485,0.1000,1,1
1.3519,-0.0059,0.4420,-0.1598,0.0078,1.5882,0.0577,0.0663,0.2368,0.0618,-0.3757,1.5882,0.0577,0.0663,1.5716,0.1376,0.2000,1,1,1.3598,-0.1089,0.0803,0.0071,-0.1031,-0.3617,1.3598,-0.1089,0.0803,1.6448,-0.1464,0.2000,0,1,0.9950,0.1259,0.0256,-0.3559,0.1346,-0.4164,0.9950,0.1259,0.0256,1.2558,0.1346,0.1000,0,1,1.2028,-0.1076,0.0071,-0.1499,-0.1005,-0.4349,1.2028,-0.1076,0.0071,1.1870,-0.1494,0.1000,1,1
1.3556,-0.0072,0.4426,-0.1480,0.0028,1.5886,0.0569,0.0665,0.2332,0.0634,-0.3761,1.5886,0.0569,0.0665,1.5740,0.1353,0.2000,1,1,1.3385,-0.0758,0.0946,-0.0173,-0.0686,-0.3480,1.3385,-0.0758,0.0946,1.6478,-0.1487,0.2000,0,1,0.9925,0.1066,0.0382,-0.3628,0.1148,-0.4044,0.9925,0.1066,0.0382,1.2602,0.1343,0.1000,0,1,1.2033,-0.1082,0.0071,-0.1526,-0.1006,-0.4355,1.2033,-0.1082,0.0071,1.1880,-0.1497,0.1000,1,1
1.3584,-0.0083,0.4428,-0.1372,-0.0030,1.5887,0.0572,0.0665,0.2301,0.0662,-0.3763,1.5887,0.0572,0.0665,1.5757,0.1331,0.2000,1,1,1.3201,-0.0651,0.1094,-0.0381,-0.0569,-0.3334,1.3201,-0.0651,0.1094,1.6498,-0.1509,0.2000,0,1,0.9974,0.0975,0.0514,-0.3613,0.1047,-0.3914,0.9974,0.0975,0.0514,1.2639,0.1343,0.1000,0,1,1.2034,-0.1080,0.0070,-0.1547,-0.1002,-0.4358,1.2034,-0.1080,0.0070,1.1880,-0.1497,0.1000,1,1
1.3613,-0.0092,0.4428,-0.1366,-0.0066,1.5886,0.0574,0.0665,0.2269,0.0681,-0.3763,1.5886,0.0574,0.0665,1.5771,0.1315,0.2000,1,1,1.2976,-0.0811,0.1221,-0.0632,-0.0723,-0.3207,1.2976,-0.0811,0.1221,1.6522,-0.1525,0.2000,0,1,1.0027,0.1003,0.0636,-0.3593,0.1071,-0.3792,1.0027,0.1003,0.0636,1.2673,0.1340,0.1000,0,1,1.2032,-0.1077,0.0070,-0.1574,-0.0995,-0.4358,1.2032,-0.1077,0.0070,1.1884,-0.1499,0.1000,1,1
1.3642,-0.0101,0.4426,-0.1425,-0.0097,1.5886,0.0574,0.0665,0.2237,0.0697,-0.3761,1.5886,0.0574,0.0665,1.5784,0.1300,0.2000,1,1,1.2984,-0.0863,0.1319,-0.0651,-0.0768,-0.3107,1.2984,-0.0863,0.1319,1.6546,-0.1540,0.2000,0,1,0.9865,0.1026,0.0739,-0.3788,0.1090,-0.3687,0.9865,0.1026,0.0739,1.2706,0.1338,0.1000,0,1,1.2033,-0.1078,0.0069,-0.1599,-0.0993,-0.4357,1.2033,-0.1078,0.0069,1.1888,-0.1502,0.1000,1,1
1.3667,-0.0109,0.4427,-0.1470,-0.0124,1.5886,0.0572,0.0665,0.2210,0.0708,-0.3762,1.5886,0.0572,0.0665,1.5793,0.1288,0.2000,1,1,1.3199,-0.0810,0.1386,-0.0459,-0.0707,-0.3041,1.3199,-0.0810,0.1386,1.6568,-0.1552,0.2000,0,1,0.9861,0.1042,0.0801,-0.3820,0.1104,-0.3626,0.9861,0.1042,0.0801,1.2735,0.1335,0.1000,0,1,1.2033,-0.1080,0.0070,-0.1622,-0.0991,-0.4357,1.2033,-0.1080,0.0070,1.1890,-0.1504,0.1000,1,1
1.3693,-0.0113,0.4428,-0.1502,-0.0146,1.5886,0.0572,0.0665,0.2183,0.0717,-0.3763,1.5886,0.0572,0.0665,1.5802,0.1279,0.2000,1,1,1.3263,-0.0858,0.1401,-0.0419,-0.0751,-0.3027,1.3263,-0.0858,0.1401,1.6590,-0.1560,0.2000,0,1,0.9855,0.1073,0.0816,-0.3855,0.1130,-0.3612,0.9855,0.1073,0.0816,1.2764,0.1336,0.1000,0,1,1.2033,-0.1079,0.0070,-0.1646,-0.0990,-0.4358,1.2033,-0.1079,0.0070,1.1893,-0.1504,0.1000,1,1
1.3721,-0.0113,0.4433,-0.1532,-0.0161,1.5886,0.0571,0.0664,0.2154,0.0719,-0.3769,1.5886,0.0571,0.0664,1.5812,0.1276,0.2000,1,1,1.3306,-0.0949,0.1365,-0.0401,-0.0843,-0.3068,1.3306,-0.0949,0.1365,1.6616,-0.1564,0.2000,0,1,0.9867,0.1120,0.0781,-0.3873,0.1171,-0.3652,0.9867,0.1120,0.0781,1.2794,0.1338,0.1000,0,1,1.2032,-0.1081,0.0071,-0.1673,-0.0995,-0.4362,1.2032,-0.1081,0.0071,1.1899,-0.1502,0.1000,1,1
1.3751,-0.0110,0.4441,-0.1538,-0.0170,1.5887,0.0575,0.0666,0.2124,0.0721,-0.3775,1.5887,0.0575,0.0666,1.5823,0.1278,0.2000,1,1,1.3186,-0.1193,0.1286,-0.0547,-0.1092,-0.3155,1.3186,-0.1193,0.1286,1.6645,-0.1562,0.2000,0,1,0.9850,0.1210,0.0706,-0.3923,0.1253,-0.3735,0.9850,0.1210,0.0706,1.2825,0.1343,0.1000,0,1,1.2034,-0.1077,0.0069,-0.1700,-0.0996,-0.4372,1.2034,-0.1077,0.0069,1.1907,-0.1496,0.1000,1,1
1.3777,-0.0102,0.4451,-0.1493,-0.0169,1.5885,0.0574,0.0664,0.2096,0.0712,-0.3787,1.5885,0.0574,0.0664,1.5828,0.1285,0.2000,1,1,1.3291,-0.1546,0.1236,-0.0462,-0.1452,-0.3215,1.3291,-0.1546,0.1236,1.6670,-0.1554,0.2000,0,1,0.9716,0.1474,0.0600,-0.4087,0.1507,-0.3851,0.9716,0.1474,0.0600,1.2851,0.1351,0.1000,0,1,1.2031,-0.1078,0.0070,-0.1729,-0.1005,-0.4381,1.2031,-0.1078,0.0070,1.1913,-0.1489,0.1000,1,1
1.3807,-0.0094,0.4464,-0.1423,-0.0152,1.5888,0.0577,0.0666,0.2071,0.0703,-0.3798,1.5888,0.0577,0.0666,1.5837,0.1296,0.2000,1,1,1.3423,-0.1468,0.1133,-0.0363,-0.1380,-0.3331,1.3423,-0.1468,0.1133,1.6304,-0.1943,0.2000,0,1,0.9827,0.1547,0.0519,-0.4004,0.1580,-0.3945,0.9827,0.1547,0.0519,1.2879,0.1355,0.1000,0,1,1.2036,-0.1076,0.0067,-0.1756,-0.1009,-0.4397,1.2036,-0.1076,0.0067,1.1926,-0.1485,0.1000,1,1
1.3851,-0.0084,0.4474,-0.1602,-0.0231,1.5884,0.0575,0.0663,0.2017,0.0706,-0.3811,1.5884,0.0575,0.0663,1.5871,0.1291,0.2000,1,1,1.4539,-0.1045,0.1127,0.0710,-0.0945,-0.3347,1.4539,-0.1045,0.1127,1.6335,-0.1948,0.2000,0,1,1.0131,0.1319,0.0402,-0.3751,0.1317,-0.4072,1.0131,0.1319,0.0402,1.2934,0.1381,0.1000,0,1,1.2029,-0.1074,0.0068,-0.1799,-0.1032,-0.4406,1.2029,-0.1074,0.0068,1.1938,-0.1459,0.1000,1,1
1.3885,-0.0071,0.4498,-0.1855,-0.0276,1.5875,0.0577,0.0657,0.1971,0.0703,-0.3841,1.5875,0.0577,0.0657,1.5892,0.1295,0.2000,1,1,1.5611,-0.0975,0.1056,0.1750,-0.0856,-0.3442,1.5611,-0.0975,0.1056,1.6363,-0.1944,0.2000,0,1,1.1332,0.1126,0.0367,-0.2585,0.1126,-0.4131,1.1332,0.1126,0.0367,1.2975,0.1402,0.1000,0,1,1.2020,-0.1074,0.0069,-0.1837,-0.1054,-0.4429,1.2020,-0.1074,0.0069,1.1947,-0.1437,0.1000,1,1
1.3927,-0.0057,0.4518,-0.2159,-0.0235,1.5869,0.0576,0.0653,0.1927,0.0678,-0.3865,1.5869,0.0576,0.0653,1.5907,0.1318,0.2000,1,1,1.6194,-0.1138,0.0944,0.2292,-0.1027,-0.3574,1.6194,-0.1138,0.0944,1.6411,-0.1921,0.2000,0,1,1.1966,0.1287,0.0274,-0.1992,0.1298,-0.4244,1.1966,0.1287,0.0274,1.2610,0.1009,0.1000,0,1,1.2012,-0.1073,0.0072,-0.1891,-0.1061,-0.4446,1.2012,-0.1073,0.0072,1.1974,-0.1431,0.1000,1,1
1.3965,-0.0038,0.4534,-0.2354,-0.0214,1.5862,0.0573,0.0649,0.1883,0.0651,-0.3885,1.5862,0.0573,0.0649,1.5923,0.1340,0.2000,1,1,1.6624,-0.1413,0.0863,0.2688,-0.1318,-0.3671,1.6624,-0.1413,0.0863,1.6453,-0.1899,0.2000,0,1,1.2225,0.1339,0.0200,-0.1769,0.1339,-0.4334,1.2225,0.1339,0.0200,1.2646,0.1023,0.1000,0,1,1.2003,-0.1076,0.0076,-0.1939,-0.1080,-0.4458,1.2003,-0.1076,0.0076,1.1996,-0.1416,0.1000,1,1
1.4003,-0.0020,0.4548,-0.2431,-0.0245,1.5810,0.0515,0.0660,0.1793,0.0579,-0.3888,1.5810,0.0515,0.0660,1.6155,0.0553,0.2000,0,1,1.6771,-0.1566,0.0895,0.2805,-0.1478,-0.3653,1.6771,-0.1566,0.0895,1.6226,-0.1486,0.2000,1,1,1.2323,0.1349,0.0176,-0.1713,0.1327,-0.4372,1.2323,0.1349,0.0176,1.2428,0.1448,0.1000,1,1,1.1897,-0.1240,0.0098,-0.2075,-0.1271,-0.4450,1.1897,-0.1240,0.0098,1.2619,-0.1792,0.1000,0,1
1.4055,-0.0011,0.4557,-0.2359,-0.0323,1.5169,0.1003,0.0745,0.1081,0.1049,-0.3812,1.5169,0.1003,0.0745,1.6218,0.0546,0.2000,0,1,1.6778,-0.1579,0.0903,0.2772,-0.1479,-0.3654,1.6778,-0.1579,0.0903,1.6246,-0.1493,0.2000,1,1,1.2334,0.1338,0.0168,-0.1764,0.1293,-0.4389,1.2334,0.1338,0.0168,1.2472,0.1471,0.1000,1,1,1.1331,-0.1779,0.0161,-0.2665,-0.1855,-0.4396,1.1331,-0.1779,0.0161,1.2660,-0.1768,0.1000,0,1
1.4099,-0.0010,0.4575,-0.2005,-0.0308,1.4362,0.1261,0.1086,0.0224,0.1278,-0.3489,1.4362,0.1261,0.1086,1.6260,0.0550,0.2000,0,1,1.6779,-0.1594,0.0907,0.2728,-0.1501,-0.3668,1.6779,-0.1594,0.0907,1.6272,-0.1489,0.2000,1,1,1.2334,0.1318,0.0158,-0.1805,0.1273,-0.4417,1.2334,0.1318,0.0158,1.2493,0.1469,0.1000,1,1,1.0521,-0.1605,0.0352,-0.3527,-0.1704,-0.4223,1.0521,-0.1605,0.0352,1.2706,-0.1769,0.1000,0,1
1.4159,-0.0010,0.4594,-0.1792,-0.0254,1.3845,0.0864,0.1285,-0.0336,0.0866,-0.3309,1.3845,0.0864,0.1285,1.6313,0.0561,0.2000,0,1,1.6778,-0.1596,0.0907,0.2658,-0.1519,-0.3687,1.6778,-0.1596,0.0907,1.6321,-0.1478,0.2000,1,1,1.2333,0.1314,0.0157,-0.1859,0.1277,-0.4437,1.2333,0.1314,0.0157,1.2526,0.1459,0.1000,1,1,1.0144,-0.1115,0.0490,-0.3986,-0.1207,-0.4104,1.0144,-0.1115,0.0490,1.2774,-0.1780,0.1000,0,1
1.4210,-0.0013,0.4604,-0.1598,-0.0220,1.3715,0.0814,0.1440,-0.0513,0.0816,-0.3164,1.3715,0.0814,0.1440,1.7559,0.0965,0.3000,0,1,1.6778,-0.1597,0.0907,0.2602,-0.1527,-0.3697,1.6778,-0.1597,0.0907,1.6356,-0.1475,0.2000,1,1,1.2333,0.1313,0.0157,-0.1906,0.1284,-0.4447,1.2333,0.1313,0.0157,1.2552,0.1450,0.1000,1,1,1.0060,-0.0876,0.0627,-0.4130,-0.0954,-0.3977,1.0060,-0.0876,0.0627,1.2829,-0.1790,0.1000,0,1
1.4264,-0.0017,0.4611,-0.1486,-0.0241,1.3517,0.1008,0.1569,-0.0771,0.1007,-0.3042,1.3517,0.1008,0.1569,1.7615,0.0957,0.3000,0,1,1.6777,-0.1597,0.0907,0.2550,-0.1519,-0.3704,1.6777,-0.1597,0.0907,1.6387,-0.1483,0.2000,1,1,1.2332,0.1314,0.0157,-0.1964,0.1284,-0.4454,1.2332,0.1314,0.0157,1.2588,0.1450,0.1000,1,1,1.0028,-0.0894,0.0756,-0.4214,-0.0979,-0.3855,1.0028,-0.0894,0.0756,1.2880,-0.1789,0.1000,0,1
1.4322,-0.0022,0.4621,-0.1456,-0.0265,1.3442,0.1194,0.1680,-0.0912,0.1192,-0.2941,1.3442,0.1194,0.1680,1.7677,0.0947,0.3000,0,1,1.6776,-0.1597,0.0906,0.2495,-0.1509,-0.3715,1.6776,-0.1597,0.0906,1.6422,-0.1492,0.2000,1,1,1.2331,0.1314,0.0158,-0.2026,0.1283,-0.4463,1.2331,0.1314,0.0158,1.2630,0.1449,0.1000,1,1,1.0057,-0.0966,0.0868,-0.4238,-0.1057,-0.3753,1.0057,-0.0966,0.0868,1.2535,-0.2190,0.1000,0,1
1.4379,-0.0028,0.4634,-0.1413,-0.0244,1.3405,0.1269,0.1763,-0.1005,0.1273,-0.2871,1.3405,0.1269,0.1763,1.7731,0.0945,0.3000,0,1,1.6779,-0.1594,0.0907,0.2437,-0.1507,-0.3727,1.6779,-0.1594,0.0907,1.6462,-0.1495,0.2000,1,1,1.2334,0.1318,0.0157,-0.2077,0.1296,-0.4477,1.2334,0.1318,0.0157,1.2664,0.1439,0.1000,1,1,1.0079,-0.1079,0.0947,-0.4273,-0.1156,-0.3687,1.0079,-0.1079,0.0947,1.2595,-0.2200,0.1000,0,1
1.4434,-0.0034,0.4647,-0.1334,-0.0214,1.3447,0.1330,0.1807,-0.1016,0.1343,-0.2840,1.3447,0.1330,0.1807,1.7782,0.0945,0.3000,0,1,1.6779,-0.1593,0.0906,0.2378,-0.1508,-0.3741,1.6779,-0.1593,0.0906,1.6501,-0.1494,0.2000,1,1,1.2334,0.1319,0.0158,-0.2128,0.1308,-0.4489,1.2334,0.1319,0.0158,1.2695,0.1428,0.1000,1,1,0.9967,-0.1335,0.0990,-0.4438,-0.1396,-0.3657,0.9967,-0.1335,0.0990,1.2654,-0.2212,0.1000,0,1
1.4492,-0.0037,0.4663,-0.1261,-0.0205,1.3482,0.1272,0.1797,-0.1037,0.1288,-0.2866,1.3482,0.1272,0.1797,1.7839,0.0943,0.3000,0,1,1.6779,-0.1592,0.0907,0.2318,-0.1508,-0.3756,1.6779,-0.1592,0.0907,1.6541,-0.1496,0.2000,1,1,1.2335,0.1320,0.0159,-0.2184,0.1312,-0.4504,1.2335,0.1320,0.0159,1.2732,0.1422,0.1000,1,1,1.0062,-0.1495,0.1003,-0.4399,-0.1549,-0.3660,1.0062,-0.1495,0.1003,1.2714,-0.2217,0.1000,0,1
1.4562,-0.0041,0.4677,-0.1370,-0.0126,1.4084,0.1026,0.1732,-0.0491,0.1061,-0.2945,1.4084,0.1026,0.1732,1.7898,0.0954,0.3000,0,1,1.6782,-0.1594,0.0909,0.2239,-0.1525,-0.3768,1.6782,-0.1594,0.0909,1.6602,-0.1485,0.2000,1,1,1.2337,0.1317,0.0158,-0.2242,0.1330,-0.4519,1.2337,0.1317,0.0158,1.2770,0.1403,0.1000,1,1,1.0247,-0.1418,0.0943,-0.4297,-0.1431,-0.3734,1.0247,-0.1418,0.0943,1.2794,-0.2237,0.1000,0,1
1.4624,-0.0043,0.4698,-0.1569,0.0002,1.5514,0.0750,0.1724,0.0890,0.0793,-0.2974,1.5514,0.0750,0.1724,1.7542,0.1377,0.3000,0,1,1.6771,-0.1594,0.0902,0.2147,-0.1551,-0.3796,1.6771,-0.1594,0.0902,1.6263,-0.1863,0.2000,1,1,1.2326,0.1318,0.0162,-0.2298,0.1361,-0.4536,1.2326,0.1318,0.0162,1.2794,0.1377,0.1000,1,1,1.1343,-0.1131,0.0904,-0.3281,-0.1087,-0.3794,1.1343,-0.1131,0.0904,1.4075,-0.1863,0.2000,0,1
1.4691,-0.0041,0.4723,-0.1784,0.0065,1.5683,0.0648,0.1647,0.0996,0.0683,-0.3076,1.5683,0.0648,0.1647,1.7600,0.1392,0.3000,0,1,1.6770,-0.1595,0.0900,0.2069,-0.1567,-0.3823,1.6770,-0.1595,0.0900,1.6318,-0.1848,0.2000,1,1,1.2324,0.1318,0.0161,-0.2358,0.1374,-0.4562,1.2324,0.1318,0.0161,1.2832,0.1367,0.1000,1,1,1.2269,-0.1000,0.0824,-0.2428,-0.0943,-0.3899,1.2269,-0.1000,0.0824,1.4150,-0.1873,0.2000,0,1
1.4762,-0.0039,0.4739,-0.1966,0.0088,1.5665,0.0853,0.1519,0.0911,0.0884,-0.3220,1.5665,0.0853,0.1519,1.7667,0.1398,0.3000,0,1,1.6765,-0.1596,0.0895,0.1989,-0.1575,-0.3844,1.6765,-0.1596,0.0895,1.6372,-0.1842,0.2000,1,1,1.2319,0.1317,0.0163,-0.2431,0.1377,-0.4576,1.2319,0.1317,0.0163,1.2879,0.1364,0.1000,1,1,1.2588,-0.0966,0.0708,-0.2182,-0.0908,-0.4031,1.2588,-0.0966,0.0708,1.3824,-0.1476,0.2000,0,1
1.4831,-0.0039,0.4743,-0.2010,0.0084,1.5541,0.1361,0.1393,0.0722,0.1394,-0.3350,1.5541,0.1361,0.1393,1.7737,0.1397,0.3000,0,1,1.6769,-0.1615,0.0911,0.1925,-0.1592,-0.3832,1.6769,-0.1615,0.0911,1.6421,-0.1843,0.2000,1,1,1.2327,0.1299,0.0153,-0.2493,0.1359,-0.4590,1.2327,0.1299,0.0153,1.2929,0.1365,0.1000,1,1,1.2645,-0.0996,0.0584,-0.2194,-0.0939,-0.4159,1.2645,-0.0996,0.0584,1.3893,-0.1475,0.2000,0,1
1.4893,-0.0037,0.4745,-0.2023,0.0093,1.5984,0.1486,0.1297,0.1105,0.1513,-0.3448,1.5984,0.1486,0.1297,1.7798,0.1401,0.3000,0,1,1.6770,-0.1616,0.0912,0.1862,-0.1596,-0.3833,1.6770,-0.1616,0.0912,1.6464,-0.1839,0.2000,1,1,1.2329,0.1298,0.0150,-0.2551,0.1359,-0.4595,1.2329,0.1298,0.0150,1.2970,0.1365,0.1000,1,1,1.2896,-0.1121,0.0467,-0.2007,-0.1065,-0.4278,1.2896,-0.1121,0.0467,1.3956,-0.1475,0.2000,0,1
1.4952,-0.0035,0.4747,-0.2033,0.0132,1.6754,0.1266,0.1204,0.1819,0.1277,-0.3543,1.6754,0.1266,0.1204,1.7851,0.1411,0.3000,0,1,1.6767,-0.1604,0.0912,0.1794,-0.1593,-0.3835,1.6767,-0.1604,0.0912,1.6509,-0.1829,0.2000,1,1,1.2323,0.1310,0.0160,-0.2611,0.1380,-0.4587,1.2323,0.1310,0.0160,1.3004,0.1359,0.1000,1,1,1.3215,-0.1148,0.0373,-0.1752,-0.1090,-0.4374,1.3215,-0.1148,0.0373,1.4021,-0.1480,0.2000,0,1
1.5006,-0.0039,0.4756,-0.1794,0.0264,1.7462,0.1091,0.1156,0.2485,0.1065,-0.3600,1.7462,0.1091,0.1156,1.7636,0.1031,0.3000,1,1,1.6749,-0.1555,0.1013,0.1702,-0.1561,-0.3743,1.6749,-0.1555,0.1013,1.7961,-0.1408,0.3000,0,1,1.2305,0.1360,0.0235,-0.2663,0.1470,-0.4521,1.2305,0.1360,0.0235,1.4419,0.0929,0.2000,0,1,1.3591,-0.0446,0.0373,-0.1425,-0.0370,-0.4383,1.3591,-0.0446,0.0373,1.3044,-0.1910,0.1000,1,1
1.5070,-0.0023,0.4754,-0.1785,0.0138,1.7464,0.1099,0.1159,0.2409,0.1089,-0.3595,1.7464,0.1099,0.1159,1.7699,0.1023,0.3000,1,1,1.6302,-0.1737,0.1055,0.1208,-0.1731,-0.3699,1.6302,-0.1737,0.1055,1.8008,-0.1417,0.3000,0,1,1.2373,0.1582,0.0291,-0.2675,0.1642,-0.4463,1.2373,0.1582,0.0291,1.4501,0.0970,0.2000,0,1,1.3595,-0.0439,0.0370,-0.1481,-0.0396,-0.4384,1.3595,-0.0439,0.0370,1.3070,-0.1870,0.1000,1,1
1.5135,-0.0014,0.4782,-0.1851,-0.0087,1.7463,0.1108,0.1160,0.2318,0.1142,-0.3622,1.7463,0.1108,0.1160,1.7775,0.0989,0.3000,1,1,1.6072,-0.1087,0.1252,0.0946,-0.1065,-0.3530,1.6072,-0.1087,0.1252,1.8041,-0.1451,0.3000,0,1,1.2845,0.0879,0.0485,-0.2298,0.0873,-0.4297,1.2845,0.0879,0.0485,1.4198,0.1423,0.2000,0,1,1.3592,-0.0426,0.0368,-0.1539,-0.0425,-0.4414,1.3592,-0.0426,0.0368,1.3883,-0.1817,0.2000,1,1
1.5183,-0.0009,0.4820,-0.1818,-0.0278,1.7468,0.1109,0.1162,0.2253,0.1181,-0.3658,1.7468,0.1109,0.1162,1.7830,0.0957,0.3000,1,1,1.6298,-0.0474,0.1400,0.1127,-0.0434,-0.3420,1.6298,-0.0474,0.1400,1.8061,-0.1482,0.3000,0,1,1.2637,0.0513,0.0611,-0.2560,0.0451,-0.4209,1.2637,0.0513,0.0611,1.4273,0.1465,0.2000,0,1,1.3599,-0.0425,0.0365,-0.1572,-0.0460,-0.4455,1.3599,-0.0425,0.0365,1.3884,-0.1774,0.2000,1,1
1.5237,-0.0007,0.4842,-0.1822,-0.0303,1.7473,0.1113,0.1166,0.2201,0.1187,-0.3676,1.7473,0.1113,0.1166,1.7867,0.0954,0.3000,1,1,1.5988,-0.0490,0.1538,0.0765,-0.0460,-0.3304,1.5988,-0.0490,0.1538,1.8111,-0.1485,0.3000,0,1,1.2480,0.0632,0.0739,-0.2775,0.0555,-0.4103,1.2480,0.0632,0.0739,1.4331,0.1471,0.2000,0,1,1.3604,-0.0420,0.0362,-0.1620,-0.0462,-0.4480,1.3604,-0.0420,0.0362,1.3915,-0.1767,0.2000,1,1
1.5292,-0.0008,0.4860,-0.1884,-0.0275,1.7473,0.1114,0.1166,0.2149,0.1182,-0.3694,1.7473,0.1114,0.1166,1.7898,0.0959,0.3000,1,1,1.5866,-0.0685,0.1673,0.0592,-0.0661,-0.3187,1.5866,-0.0685,0.1673,1.8170,-0.1480,0.3000,0,1,1.2495,0.0865,0.0871,-0.2820,0.0796,-0.3989,1.2495,0.0865,0.0871,1.4382,0.1465,0.2000,0,1,1.3604,-0.0419,0.0362,-0.1676,-0.0457,-0.4498,1.3604,-0.0419,0.0362,1.3954,-0.1774,0.2000,1,1
1.5345,-0.0012,0.4884,-0.1968,-0.0259,1.7471,0.1113,0.1164,0.2096,0.1180,-0.3720,1.7471,0.1113,0.1164,1.7929,0.0958,0.3000,1,1,1.6152,-0.0750,0.1796,0.0826,-0.0717,-0.3088,1.6152,-0.0750,0.1796,1.8226,-0.1481,0.3000,0,1,1.2666,0.0972,0.0993,-0.2704,0.0914,-0.3891,1.2666,0.0972,0.0993,1.4432,0.1458,0.2000,0,1,1.3602,-0.0420,0.0362,-0.1732,-0.0453,-0.4522,1.3602,-0.0420,0.0362,1.2789,-0.2181,0.1000,1,1
1.5399,-0.0018,0.4910,-0.2054,-0.0228,1.7471,0.1113,0.1164,0.2046,0.1178,-0.3746,1.7471,0.1113,0.1164,1.7959,0.0958,0.3000,1,1,1.6384,-0.0832,0.1897,0.1003,-0.0791,-0.3013,1.6384,-0.0832,0.1897,1.8285,-0.1482,0.3000,0,1,1.2850,0.1031,0.1091,-0.2572,0.0991,-0.3819,1.2850,0.1031,0.1091,1.4482,0.1446,0.2000,0,1,1.3602,-0.0420,0.0363,-0.1787,-0.0443,-0.4547,1.3602,-0.0420,0.0363,1.2828,-0.2193,0.1000,1,1
1.5456,-0.0028,0.4936,-0.2124,-0.0183,1.7471,0.1114,0.1164,0.1994,0.1179,-0.3772,1.7471,0.1114,0.1164,1.7590,0.1357,0.3000,1,1,1.6367,-0.0954,0.1960,0.0928,-0.0909,-0.2976,1.6367,-0.0954,0.1960,1.8348,-0.1483,0.3000,0,1,1.2979,0.1101,0.1153,-0.2497,0.1083,-0.3783,1.2979,0.1101,0.1153,1.4532,0.1428,0.2000,0,1,1.3602,-0.0419,0.0362,-0.1847,-0.0425,-0.4574,1.3602,-0.0419,0.0362,1.2870,-0.2212,0.1000,1,1
1.5511,-0.0040,0.4964,-0.2141,-0.0135,1.7471,0.1114,0.1164,0.1944,0.1180,-0.3800,1.7471,0.1114,0.1164,1.7618,0.1354,0.3000,1,1,1.6305,-0.1126,0.1974,0.0809,-0.1075,-0.2990,1.6305,-0.1126,0.1974,1.8409,-0.1486,0.3000,0,1,1.3031,0.1198,0.1167,-0.2496,0.1204,-0.3797,1.3031,0.1198,0.1167,1.4580,0.1406,0.2000,0,1,1.3602,-0.0419,0.0362,-0.1904,-0.0405,-0.4602,1.3602,-0.0419,0.0362,1.4112,-0.1834,0.2000,1,1
1.5565,-0.0056,0.4992,-0.2118,-0.0082,1.7472,0.1114,0.1165,0.1897,0.1186,-0.3827,1.7472,0.1114,0.1165,1.7645,0.1348,0.3000,1,1,1.6172,-0.1390,0.1936,0.0618,-0.1329,-0.3056,1.6172,-0.1390,0.1936,1.8471,-0.1491,0.3000,0,1,1.2834,0.1293,0.1131,-0.2742,0.1327,-0.3861,1.2834,0.1293,0.1131,1.4627,0.1380,0.2000,0,1,1.3603,-0.0418,0.0361,-0.1959,-0.0378,-0.4631,1.3603,-0.0418,0.0361,1.4154,-0.1860,0.2000,1,1
1.5619,-0.0075,0.5020,-0.2077,-0.0016,1.7475,0.1118,0.1168,0.1854,0.1196,-0.3852,1.7475,0.1118,0.1168,1.7669,0.1342,0.3000,1,1,1.5804,-0.1808,0.1853,0.0188,-0.1733,-0.3167,1.5804,-0.1808,0.1853,1.8535,-0.1498,0.3000,0,1,1.2576,0.1490,0.1052,-0.3046,0.1560,-0.3968,1.2576,0.1490,0.1052,1.4671,0.1348,0.2000,0,1,1.3607,-0.0414,0.0359,-0.2011,-0.0342,-0.4661,1.3607,-0.0414,0.0359,1.4197,-0.1892,0.2000,1,1
1.5665,-0.0096,0.5044,-0.2060,0.0019,1.7471,0.1114,0.1164,0.1808,0.1207,-0.3880,1.7471,0.1114,0.1164,1.7690,0.1328,0.3000,1,1,1.5826,-0.2249,0.1811,0.0157,-0.2153,-0.3233,1.5826,-0.2249,0.1811,1.8585,-0.1512,0.3000,0,1,1.2260,0.1863,0.0947,-0.3401,0.1965,-0.4097,1.2260,0.1863,0.0947,1.4712,0.1321,0.2000,0,1,1.3602,-0.0419,0.0361,-0.2064,-0.0319,-0.4683,1.3602,-0.0419,0.0361,1.4227,-0.1919,0.2000,1,1
1.5708,-0.0123,0.5069,-0.1984,0.0021,1.7464,0.1113,0.1158,0.1759,0.1232,-0.3911,1.7464,0.1113,0.1158,1.7714,0.1301,0.3000,1,1,1.6152,-0.2270,0.1726,0.0439,-0.2148,-0.3343,1.6152,-0.2270,0.1726,1.8629,-0.1539,0.3000,0,1,1.2320,0.1843,0.0870,-0.3384,0.1973,-0.4199,1.2320,0.1843,0.0870,1.4756,0.1293,0.2000,0,1,1.3594,-0.0419,0.0363,-0.2115,-0.0292,-0.4706,1.3594,-0.0419,0.0363,1.4251,-0.1947,0.2000,1,1
1.5767,-0.0152,0.5078,-0.1921,0.0008,1.7471,0.1112,0.1165,0.1705,0.1263,-0.3913,1.7471,0.1112,0.1165,1.7754,0.1270,0.3000,1,1,1.6162,-0.1865,0.1603,0.0394,-0.1713,-0.3475,1.6162,-0.1865,0.1603,1.8687,-0.1570,0.3000,0,1,1.2521,0.1530,0.0743,-0.3245,0.1685,-0.4335,1.2521,0.1530,0.0743,1.4816,0.1266,0.2000,0,1,1.3602,-0.0419,0.0360,-0.2165,-0.0265,-0.4718,1.3602,-0.0419,0.0360,1.4289,-0.1974,0.2000,1,1
1.5832,-0.0182,0.5075,-0.1953,-0.0155,1.7474,0.1118,0.1174,0.1622,0.1325,-0.3901,1.7474,0.1118,0.1174,1.7822,0.1208,0.3000,1,1,1.6596,-0.1334,0.1569,0.0782,-0.1140,-0.3506,1.6596,-0.1334,0.1569,1.8728,-0.1631,0.3000,0,1,1.2904,0.0910,0.0642,-0.2945,0.1046,-0.4433,1.2904,0.0910,0.0642,1.4905,0.1268,0.2000,0,1,1.3604,-0.0414,0.0360,-0.2224,-0.0267,-0.4715,1.3604,-0.0414,0.0360,1.4311,-0.1971,0.2000,1,1
1.5890,-0.0217,0.5064,-0.1948,-0.0244,1.7469,0.1120,0.1175,0.1546,0.1375,-0.3889,1.7469,0.1120,0.1175,1.7872,0.1156,0.3000,1,1,1.7039,-0.1198,0.1468,0.1173,-0.0953,-0.3596,1.7039,-0.1198,0.1468,1.8773,-0.1683,0.3000,0,1,1.3510,0.0501,0.0544,-0.2397,0.0660,-0.4520,1.3510,0.0501,0.0544,1.4975,0.1250,0.2000,0,1,1.3599,-0.0413,0.0363,-0.2286,-0.0252,-0.4701,1.3599,-0.0413,0.0363,1.4336,-0.1989,0.2000,1,1
1.5947,-0.0256,0.5051,-0.1888,-0.0301,1.7463,0.1117,0.1171,0.1474,0.1418,-0.3880,1.7463,0.1117,0.1171,1.7917,0.1105,0.3000,1,1,1.7719,-0.1184,0.1394,0.1799,-0.0874,-0.3657,1.7719,-0.1184,0.1394,1.8822,-0.1734,0.3000,0,1,1.3789,0.0191,0.0477,-0.2170,0.0382,-0.4574,1.3789,0.0191,0.0477,1.5041,0.1222,0.2000,0,1,1.3591,-0.0416,0.0367,-0.2350,-0.0231,-0.4684,1.3591,-0.0416,0.0367,1.3966,-0.1617,0.2000,1,1
1.6012,-0.0299,0.5032,-0.1798,-0.0304,1.7353,0.1144,0.1185,0.1297,0.1483,-0.3847,1.7353,0.1144,0.1185,1.8973,0.1062,0.3000,0,1,1.7907,-0.1184,0.1364,0.1921,-0.0827,-0.3668,1.7907,-0.1184,0.1364,1.8226,-0.1777,0.3000,1,1,1.3847,0.0023,0.0454,-0.2174,0.0256,-0.4578,1.3847,0.0023,0.0454,1.4446,0.1179,0.2000,1,1,1.3326,-0.0585,0.0404,-0.2676,-0.0368,-0.4628,1.3326,-0.0585,0.0404,1.5020,-0.1659,0.2000,0,1
1.6082,-0.0333,0.5028,-0.1845,-0.0281,1.6843,0.0966,0.1262,0.0724,0.1320,-0.3766,1.6843,0.0966,0.1262,1.9039,0.1032,0.3000,0,1,1.7907,-0.1190,0.1365,0.1848,-0.0805,-0.3663,1.7907,-0.1190,0.1365,1.8280,-0.1807,0.3000,1,1,1.3847,0.0018,0.0454,-0.2244,0.0288,-0.4574,1.3847,0.0018,0.0454,1.4493,0.1141,0.2000,1,1,1.3198,-0.0625,0.0490,-0.2875,-0.0373,-0.4538,1.3198,-0.0625,0.0490,1.5093,-0.1698,0.2000,0,1
1.6128,-0.0360,0.5036,-0.1773,-0.0214,1.6850,0.0368,0.1425,0.0706,0.0743,-0.3611,1.6850,0.0368,0.1425,1.9076,0.1019,0.3000,0,1,1.7911,-0.1179,0.1363,0.1800,-0.0781,-0.3673,1.7911,-0.1179,0.1363,1.8315,-0.1820,0.3000,1,1,1.3850,0.0027,0.0452,-0.2286,0.0338,-0.4584,1.3850,0.0027,0.0452,1.4509,0.1102,0.2000,1,1,1.3034,-0.0578,0.0607,-0.3089,-0.0284,-0.4429,1.3034,-0.0578,0.0607,1.5148,-0.1737,0.2000,0,1
1.6165,-0.0381,0.5047,-0.1675,-0.0224,1.6269,0.0479,0.1570,0.0085,0.0862,-0.3477,1.6269,0.0479,0.1570,1.9114,0.0996,0.3000,0,1,1.7913,-0.1185,0.1365,0.1766,-0.0765,-0.3682,1.7913,-0.1185,0.1365,1.8330,-0.1843,0.3000,1,1,1.3854,0.0021,0.0449,-0.2319,0.0350,-0.4598,1.3854,0.0021,0.0449,1.4527,0.1083,0.2000,1,1,1.2556,-0.0861,0.0739,-0.3597,-0.0561,-0.4308,1.2556,-0.0861,0.0739,1.5183,-0.1757,0.2000,0,1
1.6195,-0.0397,0.5063,-0.1608,-0.0218,1.5868,0.0791,0.1737,-0.0353,0.1181,-0.3326,1.5868,0.0791,0.1737,1.9143,0.0981,0.3000,0,1,1.7914,-0.1190,0.1366,0.1736,-0.0755,-0.3697,1.7914,-0.1190,0.1366,1.8341,-0.1859,0.3000,1,1,1.3856,0.0016,0.0446,-0.2347,0.0362,-0.4617,1.3856,0.0016,0.0446,1.4536,0.1065,0.2000,1,1,1.2404,-0.1055,0.0880,-0.3776,-0.0740,-0.4183,1.2404,-0.1055,0.0880,1.5214,-0.1774,0.2000,0,1
1.6222,-0.0407,0.5078,-0.1678,-0.0160,1.5874,0.0713,0.1862,-0.0366,0.1114,-0.3216,1.5874,0.0713,0.1862,1.9163,0.0982,0.3000,0,1,1.7914,-0.1192,0.1366,0.1704,-0.0758,-0.3712,1.7914,-0.1192,0.1366,1.8357,-0.1858,0.3000,1,1,1.3856,0.0015,0.0447,-0.2372,0.0384,-0.4631,1.3856,0.0015,0.0447,1.4535,0.1044,0.2000,1,1,1.2724,-0.0970,0.1012,-0.3489,-0.0619,-0.4066,1.2724,-0.0970,0.1012,1.5250,-0.1796,0.2000,0,1
1.6240,-0.0411,0.5089,-0.1790,-0.0108,1.6339,0.0414,0.1998,0.0090,0.0826,-0.3091,1.6339,0.0414,0.1998,1.9173,0.0988,0.3000,0,1,1.7913,-0.1186,0.1364,0.1681,-0.0757,-0.3725,1.7913,-0.1186,0.1364,1.8362,-0.1852,0.3000,1,1,1.3854,0.0021,0.0448,-0.2391,0.0406,-0.4641,1.3854,0.0021,0.0448,1.4525,0.1030,0.2000,1,1,1.3032,-0.0986,0.1131,-0.3202,-0.0610,-0.3958,1.3032,-0.0986,0.1131,1.5275,-0.1810,0.2000,0,1
1.6257,-0.0413,0.5096,-0.1914,-0.0087,1.6373,0.0395,0.2084,0.0109,0.0809,-0.3012,1.6373,0.0395,0.2084,1.9187,0.0990,0.3000,0,1,1.7913,-0.1187,0.1365,0.1663,-0.0760,-0.3731,1.7913,-0.1187,0.1365,1.8362,-0.1850,0.3000,1,1,1.3854,0.0019,0.0448,-0.2407,0.0411,-0.4648,1.3854,0.0019,0.0448,1.4519,0.1024,0.2000,1,1,1.3127,-0.1084,0.1212,-0.3124,-0.0698,-0.3884,1.3127,-0.1084,0.1212,1.5295,-0.1816,0.2000,0,1
1.6273,-0.0411,0.5102,-0.2027,-0.0085,1.6318,0.0479,0.2123,0.0037,0.0890,-0.2979,1.6318,0.0479,0.2123,1.9203,0.0992,0.3000,0,1,1.7913,-0.1189,0.1365,0.1647,-0.0764,-0.3737,1.7913,-0.1189,0.1365,1.8359,-0.1848,0.3000,1,1,1.3854,0.0018,0.0448,-0.2423,0.0408,-0.4654,1.3854,0.0018,0.0448,1.4515,0.1025,0.2000,1,1,1.3175,-0.1200,0.1252,-0.3091,-0.0815,-0.3850,1.3175,-0.1200,0.1252,1.5311,-0.1815,0.2000,0,1
1.6287,-0.0407,0.5110,-0.2094,-0.0089,1.6365,0.0534,0.2112,0.0070,0.0942,-0.2998,1.6365,0.0534,0.2112,1.9217,0.0995,0.3000,0,1,1.7912,-0.1187,0.1364,0.1632,-0.0766,-0.3746,1.7912,-0.1187,0.1364,1.8352,-0.1844,0.3000,1,1,1.3852,0.0019,0.0449,-0.2439,0.0404,-0.4661,1.3852,0.0019,0.0449,1.4510,0.1030,0.2000,1,1,1.3178,-0.1300,0.1241,-0.3101,-0.0921,-0.3869,1.3178,-0.1300,0.1241,1.5324,-0.1810,0.2000,0,1
1.6300,-0.0401,0.5120,-0.2082,-0.0113,1.6304,0.0647,0.2055,-0.0008,0.1048,-0.3065,1.6304,0.0647,0.2055,1.9234,0.0997,0.3000,0,1,1.7912,-0.1187,0.1364,0.1621,-0.0768,-0.3756,1.7912,-0.1187,0.1364,1.8342,-0.1843,0.3000,1,1,1.3852,0.0020,0.0449,-0.2453,0.0393,-0.4671,1.3852,0.0020,0.0449,1.4506,0.1041,0.2000,1,1,1.3106,-0.1381,0.1183,-0.3183,-0.1016,-0.3937,1.3106,-0.1381,0.1183,1.5334,-0.1799,0.2000,0,1
1.6312,-0.0394,0.5130,-0.2015,-0.0158,1.6007,0.0956,0.1958,-0.0326,0.1345,-0.3172,1.6007,0.0956,0.1958,1.9252,0.0996,0.3000,0,1,1.7915,-0.1191,0.1366,0.1615,-0.0772,-0.3764,1.7915,-0.1191,0.1366,1.8328,-0.1844,0.3000,1,1,1.3856,0.0016,0.0447,-0.2462,0.0371,-0.4683,1.3856,0.0016,0.0447,1.4505,0.1057,0.2000,1,1,1.2824,-0.1531,0.1089,-0.3470,-0.1192,-0.4041,1.2824,-0.1531,0.1089,1.5340,-0.1783,0.2000,0,1
1.6316,-0.0383,0.5138,-0.1912,-0.0195,1.6113,0.1251,0.1897,-0.0235,0.1630,-0.3241,1.6113,0.1251,0.1897,1.9261,0.0999,0.3000,0,1,1.7911,-0.1189,0.1364,0.1610,-0.0775,-0.3774,1.7911,-0.1189,0.1364,1.8306,-0.1841,0.3000,1,1,1.3851,0.0017,0.0449,-0.2472,0.0352,-0.4689,1.3851,0.0017,0.0449,1.4494,0.1074,0.2000,1,1,1.2503,-0.1740,0.0993,-0.3786,-0.1431,-0.4145,1.2503,-0.1740,0.0993,1.5339,-0.1765,0.2000,0,1
1.6326,-0.0369,0.5145,-0.1824,-0.0227,1.6212,0.1136,0.1783,-0.0148,0.1502,-0.3362,1.6212,0.1136,0.1783,1.9276,0.1007,0.3000,0,1,1.7911,-0.1187,0.1364,0.1603,-0.0782,-0.3781,1.7911,-0.1187,0.1364,1.8291,-0.1832,0.3000,1,1,1.3854,0.0024,0.0466,-0.2480,0.0337,-0.4679,1.3854,0.0024,0.0466,1.4489,0.1095,0.2000,1,1,1.2646,-0.1597,0.0891,-0.3651,-0.1311,-0.4254,1.2646,-0.1597,0.0891,1.5344,-0.1745,0.2000,0,1
1.6349,-0.0352,0.5136,-0.1930,-0.0204,1.6375,0.0809,0.1665,0.0002,0.1161,-0.3471,1.6375,0.0809,0.1665,1.9296,0.1028,0.3000,0,1,1.7914,-0.1188,0.1365,0.1582,-0.0804,-0.3771,1.7914,-0.1188,0.1365,1.8298,-0.1811,0.3000,1,1,1.3857,0.0022,0.0465,-0.2499,0.0323,-0.4671,1.3857,0.0022,0.0465,1.4489,0.1107,0.2000,1,1,1.2807,-0.1289,0.0762,-0.3522,-0.1009,-0.4374,1.2807,-0.1289,0.0762,1.5371,-0.1732,0.2000,0,1
1.6378,-0.0333,0.5127,-0.2186,-0.0147,1.6808,0.0557,0.1552,0.0417,0.0896,-0.3575,1.6808,0.0557,0.1552,1.9316,0.1059,0.3000,0,1,1.7914,-0.1191,0.1367,0.1548,-0.0835,-0.3760,1.7914,-0.1191,0.1367,1.8315,-0.1781,0.3000,1,1,1.3858,0.0019,0.0465,-0.2525,0.0315,-0.4662,1.3858,0.0019,0.0465,1.4489,0.1116,0.2000,1,1,1.3195,-0.0956,0.0640,-0.3173,-0.0670,-0.4487,1.3195,-0.0956,0.0640,1.5407,-0.1724,0.2000,0,1
1.6403,-0.0309,0.5121,-0.2400,-0.0108,1.7743,0.0449,0.1472,0.1332,0.0772,-0.3649,1.7743,0.0449,0.1472,1.9337,0.1090,0.3000,0,1,1.7904,-0.1185,0.1362,0.1510,-0.0860,-0.3759,1.7904,-0.1185,0.1362,1.8326,-0.1750,0.3000,1,1,1.3846,0.0025,0.0472,-0.2560,0.0306,-0.4649,1.3846,0.0025,0.0472,1.4489,0.1132,0.2000,1,1,1.4012,-0.0781,0.0570,-0.2386,-0.0498,-0.4551,1.4012,-0.0781,0.0570,1.5438,-0.1708,0.2000,0,1
1.6422,-0.0283,0.5125,-0.2328,-0.0096,1.8566,0.0580,0.1427,0.2136,0.0884,-0.3698,1.8566,0.0580,0.1427,1.8704,0.1119,0.3000,1,1,1.7893,-0.1178,0.1356,0.1480,-0.0881,-0.3769,1.7893,-0.1178,0.1356,1.9326,-0.1721,0.3000,0,1,1.3832,0.0033,0.0481,-0.2593,0.0291,-0.4644,1.3832,0.0033,0.0481,1.5486,0.1156,0.2000,0,1,1.4671,-0.0682,0.0527,-0.1747,-0.0416,-0.4598,1.4671,-0.0682,0.0527,1.4809,-0.1684,0.2000,1,1
1.6461,-0.0258,0.5128,-0.2387,-0.0072,1.8569,0.0585,0.1429,0.2102,0.0858,-0.3699,1.8569,0.0585,0.1429,1.8719,0.1148,0.3000,1,1,1.7634,-0.1156,0.1399,0.1179,-0.0890,-0.3729,1.7634,-0.1156,0.1399,1.9369,-0.1692,0.3000,0,1,1.3657,0.0233,0.0523,-0.2807,0.0471,-0.4605,1.3657,0.0233,0.0523,1.5521,0.1176,0.2000,0,1,1.4676,-0.0678,0.0523,-0.1782,-0.0433,-0.4605,1.4676,-0.0678,0.0523,1.4831,-0.1664,0.2000,1,1
1.6494,-0.0235,0.5135,-0.2330,0.0002,1.8575,0.0591,0.1432,0.2081,0.0826,-0.3703,1.8575,0.0591,0.1432,1.8722,0.1184,0.3000,1,1,1.6949,-0.1526,0.1530,0.0455,-0.1291,-0.3605,1.6949,-0.1526,0.1530,1.9411,-0.1656,0.3000,0,1,1.3094,0.0638,0.0636,-0.3400,0.0874,-0.4499,1.3094,0.0638,0.0636,1.5544,0.1186,0.2000,0,1,1.4683,-0.0672,0.0519,-0.1811,-0.0437,-0.4616,1.4683,-0.0672,0.0519,1.4853,-0.1654,0.2000,1,1
1.6520,-0.0213,0.5156,-0.2164,-0.0003,1.8571,0.0580,0.1428,0.2051,0.0794,-0.3728,1.8571,0.0580,0.1428,1.8730,0.1207,0.3000,1,1,1.6727,-0.1600,0.1649,0.0207,-0.1387,-0.3507,1.6727,-0.1600,0.1649,1.9439,-0.1633,0.3000,0,1,1.2980,0.0654,0.0753,-0.3540,0.0866,-0.4403,1.2980,0.0654,0.0753,1.5572,0.1207,0.2000,0,1,1.4678,-0.0684,0.0523,-0.1842,-0.0472,-0.4633,1.4678,-0.0684,0.0523,1.4861,-0.1633,0.2000,1,1
1.6554,-0.0196,0.5171,-0.2147,-0.0006,1.8569,0.0589,0.1429,0.2015,0.0786,-0.3742,1.8569,0.0589,0.1429,1.8743,0.1223,0.3000,1,1,1.6580,-0.1351,0.1802,0.0027,-0.1155,-0.3369,1.6580,-0.1351,0.1802,1.9471,-0.1617,0.3000,0,1,1.3051,0.0508,0.0898,-0.3503,0.0702,-0.4273,1.3051,0.0508,0.0898,1.5605,0.1225,0.2000,0,1,1.4676,-0.0674,0.0521,-0.1878,-0.0479,-0.4650,1.4676,-0.0674,0.0521,1.4873,-0.1615,0.2000,1,1
1.6578,-0.0180,0.5183,-0.2108,-0.0015,1.8571,0.0587,0.1429,0.1992,0.0770,-0.3754,1.8571,0.0587,0.1429,1.8748,0.1237,0.3000,1,1,1.6684,-0.1134,0.1950,0.0107,-0.0954,-0.3233,1.6684,-0.1134,0.1950,1.9494,-0.1603,0.3000,0,1,1.2982,0.0506,0.1029,-0.3597,0.0681,-0.4154,1.2982,0.0506,0.1029,1.5630,0.1243,0.2000,0,1,1.4678,-0.0676,0.0521,-0.1899,-0.0499,-0.4662,1.4678,-0.0676,0.0521,1.4876,-0.1597,0.2000,1,1
1.6602,-0.0165,0.5189,-0.2117,-0.0007,1.8572,0.0589,0.1430,0.1969,0.0755,-0.3759,1.8572,0.0589,0.1430,1.8751,0.1253,0.3000,1,1,1.6584,-0.1111,0.2071,-0.0017,-0.0946,-0.3118,1.6584,-0.1111,0.2071,1.9520,-0.1587,0.3000,0,1,1.2926,0.0580,0.1149,-0.3677,0.0742,-0.4040,1.2926,0.0580,0.1149,1.5653,0.1256,0.2000,0,1,1.4679,-0.0674,0.0520,-0.1923,-0.0510,-0.4669,1.4679,-0.0674,0.0520,1.4882,-0.1584,0.2000,1,1
1.6626,-0.0152,0.5191,-0.2162,-0.0005,1.8571,0.0589,0.1430,0.1945,0.0742,-0.3761,1.8571,0.0589,0.1430,1.8755,0.1267,0.3000,1,1,1.6455,-0.1086,0.2171,-0.0171,-0.0934,-0.3020,1.6455,-0.1086,0.2171,1.9543,-0.1573,0.3000,0,1,1.3052,0.0629,0.1247,-0.3574,0.0779,-0.3944,1.3052,0.0629,0.1247,1.5677,0.1269,0.2000,0,1,1.4679,-0.0674,0.0520,-0.1947,-0.0523,-0.4671,1.4679,-0.0674,0.0520,1.4885,-0.1571,0.2000,1,1
1.6646,-0.0141,0.5192,-0.2198,-0.0008,1.8571,0.0589,0.1429,0.1924,0.0732,-0.3763,1.8571,0.0589,0.1429,1.8756,0.1277,0.3000,1,1,1.6448,-0.1038,0.2232,-0.0197,-0.0897,-0.2960,1.6448,-0.1038,0.2232,1.9563,-0.1563,0.3000,0,1,1.3208,0.0674,0.1310,-0.3439,0.0812,-0.3882,1.3208,0.0674,0.1310,1.5698,0.1281,0.2000,0,1,1.4678,-0.0674,0.0521,-0.1968,-0.0535,-0.4671,1.4678,-0.0674,0.0521,1.4885,-0.1559,0.2000,1,1
1.6667,-0.0130,0.5194,-0.2205,-0.0010,1.8570,0.0589,0.1429,0.1902,0.0721,-0.3765,1.8570,0.0589,0.1429,1.8756,0.1288,0.3000,1,1,1.6476,-0.1016,0.2246,-0.0190,-0.0886,-0.2948,1.6476,-0.1016,0.2246,1.9584,-0.1552,0.3000,0,1,1.3269,0.0741,0.1325,-0.3399,0.0868,-0.3869,1.3269,0.0741,0.1325,1.5718,0.1291,0.2000,0,1,1.4677,-0.0674,0.0521,-0.1989,-0.0546,-0.4673,1.4677,-0.0674,0.0521,1.4886,-0.1549,0.2000,1,1
1.6688,-0.0120,0.5199,-0.2155,0.0001,1.8570,0.0589,0.1429,0.1882,0.0709,-0.3770,1.8570,0.0589,0.1429,1.8756,0.1300,0.3000,1,1,1.6462,-0.1067,0.2210,-0.0226,-0.0947,-0.2989,1.6462,-0.1067,0.2210,1.9606,-0.1540,0.3000,0,1,1.3253,0.0830,0.1289,-0.3435,0.0950,-0.3910,1.3253,0.0830,0.1289,1.5738,0.1300,0.2000,0,1,1.4677,-0.0674,0.0521,-0.2011,-0.0554,-0.4678,1.4677,-0.0674,0.0521,1.4888,-0.1540,0.2000,1,1
1.6711,-0.0109,0.5206,-0.2062,0.0031,1.8572,0.0593,0.1431,0.1863,0.0696,-0.3775,1.8572,0.0593,0.1431,1.8755,0.1317,0.3000,1,1,1.6235,-0.1298,0.2129,-0.0480,-0.1188,-0.3077,1.6235,-0.1298,0.2129,1.9634,-0.1523,0.3000,0,1,1.3073,0.0989,0.1211,-0.3635,0.1109,-0.3995,1.3073,0.0989,0.1211,1.5757,0.1305,0.2000,0,1,1.4680,-0.0670,0.0519,-0.2033,-0.0555,-0.4687,1.4680,-0.0670,0.0519,1.4896,-0.1535,0.2000,1,1
1.6729,-0.0098,0.5216,-0.1943,0.0073,1.8568,0.0592,0.1428,0.1844,0.0677,-0.3788,1.8568,0.0592,0.1428,1.8746,0.1336,0.3000,1,1,1.6309,-0.1599,0.2070,-0.0431,-0.1498,-0.3146,1.6309,-0.1599,0.2070,1.9657,-0.1504,0.3000,0,1,1.2756,0.1261,0.1124,-0.3963,0.1388,-0.4092,1.2756,0.1261,0.1124,1.5769,0.1308,0.2000,0,1,1.4674,-0.0670,0.0521,-0.2059,-0.0557,-0.4695,1.4674,-0.0670,0.0521,1.4899,-0.1532,0.2000,1,1
1.6745,-0.0089,0.5225,-0.1750,0.0120,1.8566,0.0593,0.1428,0.1829,0.0660,-0.3797,1.8566,0.0593,0.1428,1.8736,0.1354,0.3000,1,1,1.6437,-0.1555,0.1970,-0.0326,-0.1462,-0.3255,1.6437,-0.1555,0.1970,1.9680,-0.1486,0.3000,0,1,1.2977,0.1201,0.1058,-0.3752,0.1335,-0.4167,1.2977,0.1201,0.1058,1.5778,0.1308,0.2000,0,1,1.4673,-0.0672,0.0530,-0.2079,-0.0558,-0.4695,1.4673,-0.0672,0.0530,1.4902,-0.1532,0.2000,1,1
1.6787,-0.0082,0.5221,-0.1883,0.0139,1.8567,0.0594,0.1429,0.1789,0.0651,-0.3792,1.8567,0.0594,0.1429,1.8755,0.1365,0.3000,1,1,1.6814,-0.1160,0.1835,0.0012,-0.1078,-0.3386,1.6814,-0.1160,0.1835,1.9724,-0.1475,0.3000,0,1,1.3045,0.0898,0.0931,-0.3728,0.1032,-0.4290,1.3045,0.0898,0.0931,1.5817,0.1311,0.2000,0,1,1.4675,-0.0671,0.0535,-0.2120,-0.0560,-0.4686,1.4675,-0.0671,0.0535,1.4927,-0.1529,0.2000,1,1
1.6822,-0.0074,0.5221,-0.2140,0.0081,1.8559,0.0592,0.1424,0.1742,0.0652,-0.3797,1.8559,0.0592,0.1424,1.8778,0.1361,0.3000,1,1,1.8195,-0.0683,0.1851,0.1368,-0.0620,-0.3370,1.8195,-0.0683,0.1851,1.9751,-0.1479,0.3000,0,1,1.3747,0.0495,0.0858,-0.3070,0.0594,-0.4363,1.3747,0.0495,0.0858,1.5860,0.1330,0.2000,0,1,1.4664,-0.0672,0.0536,-0.2163,-0.0581,-0.4685,1.4664,-0.0672,0.0536,1.4933,-0.1510,0.2000,1,1
1.6855,-0.0068,0.5224,-0.2344,0.0119,1.8553,0.0587,0.1420,0.1706,0.0635,-0.3804,1.8553,0.0587,0.1420,1.8786,0.1375,0.3000,1,1,1.8820,-0.0530,0.1750,0.1959,-0.0485,-0.3474,1.8820,-0.0530,0.1750,1.9790,-0.1465,0.3000,0,1,1.4711,0.0494,0.0788,-0.2137,0.0587,-0.4436,1.4711,0.0494,0.0788,1.5889,0.1329,0.2000,0,1,1.4656,-0.0678,0.0539,-0.2206,-0.0584,-0.4685,1.4656,-0.0678,0.0539,1.4952,-0.1511,0.2000,1,1
1.6893,-0.0060,0.5228,-0.2410,0.0177,1.8547,0.0582,0.1417,0.1665,0.0613,-0.3811,1.8547,0.0582,0.1417,1.8796,0.1394,0.3000,1,1,1.9223,-0.0551,0.1672,0.2321,-0.0532,-0.3556,1.9223,-0.0551,0.1672,1.9836,-0.1446,0.3000,0,1,1.5254,0.0581,0.0715,-0.1627,0.0670,-0.4513,1.5254,0.0581,0.0715,1.5918,0.1325,0.2000,0,1,1.4650,-0.0683,0.0543,-0.2254,-0.0583,-0.4685,1.4650,-0.0683,0.0543,1.4979,-0.1514,0.2000,1,1
1.6936,-0.0049,0.5231,-0.2306,0.0190,1.8407,0.0599,0.1428,0.1483,0.0620,-0.3803,1.8407,0.0599,0.1428,1.9826,0.1407,0.3000,0,1,1.9440,-0.0564,0.1639,0.2494,-0.0562,-0.3592,1.9440,-0.0564,0.1639,1.9220,-0.1433,0.3000,1,1,1.5522,0.0573,0.0699,-0.1402,0.0649,-0.4532,1.5522,0.0573,0.0699,1.5299,0.1334,0.2000,1,1,1.4575,-0.0760,0.0569,-0.2374,-0.0666,-0.4662,1.4575,-0.0760,0.0569,1.6013,-0.1506,0.2000,0,1
1.6986,-0.0039,0.5236,-0.2250,0.0153,1.7753,0.0903,0.1495,0.0781,0.0930,-0.3741,1.7753,0.0903,0.1495,1.9883,0.1410,0.3000,0,1,1.9445,-0.0569,0.1643,0.2451,-0.0568,-0.3593,1.9445,-0.0569,0.1643,1.9246,-0.1430,0.3000,1,1,1.5530,0.0568,0.0696,-0.1447,0.0629,-0.4540,1.5530,0.0568,0.0696,1.5335,0.1351,0.2000,1,1,1.4040,-0.0988,0.0636,-0.2960,-0.0904,-0.4600,1.4040,-0.0988,0.0636,1.6059,-0.1489,0.2000,0,1
1.7018,-0.0032,0.5252,-0.2043,0.0160,1.7265,0.1105,0.1696,0.0265,0.1133,-0.3556,1.7265,0.1105,0.1696,1.9913,0.1419,0.3000,0,1,1.9443,-0.0568,0.1640,0.2416,-0.0575,-0.3612,1.9443,-0.0568,0.1640,1.9259,-0.1421,0.3000,1,1,1.5526,0.0570,0.0696,-0.1482,0.0626,-0.4556,1.5526,0.0570,0.0696,1.5346,0.1357,0.2000,1,1,1.3664,-0.1090,0.0802,-0.3370,-0.1004,-0.4450,1.3664,-0.1090,0.0802,1.6091,-0.1483,0.2000,0,1
1.7056,-0.0021,0.5268,-0.1871,0.0201,1.6791,0.0844,0.1856,-0.0248,0.0870,-0.3412,1.6791,0.0844,0.1856,1.9945,0.1437,0.3000,0,1,1.9446,-0.0572,0.1643,0.2378,-0.0599,-0.3625,1.9446,-0.0572,0.1643,1.9282,-0.1403,0.3000,1,1,1.5530,0.0565,0.0695,-0.1514,0.0617,-0.4573,1.5530,0.0565,0.0695,1.5358,0.1359,0.2000,1,1,1.3426,-0.0840,0.0921,-0.3646,-0.0746,-0.4347,1.3426,-0.0840,0.0921,1.6135,-0.1480,0.2000,0,1
1.7084,-0.0012,0.5272,-0.1757,0.0258,1.6662,0.0691,0.2004,-0.0404,0.0714,-0.3268,1.6662,0.0691,0.2004,1.9965,0.1457,0.3000,0,1,1.9448,-0.0575,0.1645,0.2349,-0.0624,-0.3627,1.9448,-0.0575,0.1645,1.9298,-0.1382,0.3000,1,1,1.5533,0.0561,0.0694,-0.1536,0.0613,-0.4578,1.5533,0.0561,0.0694,1.5358,0.1358,0.2000,1,1,1.3332,-0.0627,0.1051,-0.3767,-0.0518,-0.4221,1.3332,-0.0627,0.1051,1.6172,-0.1481,0.2000,0,1
1.7112,-0.0001,0.5274,-0.1784,0.0254,1.6750,0.0639,0.2139,-0.0346,0.0649,-0.3135,1.6750,0.0639,0.2139,1.9993,0.1467,0.3000,0,1,1.9448,-0.0572,0.1644,0.2321,-0.0630,-0.3630,1.9448,-0.0572,0.1644,1.9305,-0.1372,0.3000,1,1,1.5532,0.0565,0.0695,-0.1565,0.0606,-0.4579,1.5532,0.0565,0.0695,1.5366,0.1369,0.2000,1,1,1.3394,-0.0612,0.1184,-0.3732,-0.0516,-0.4090,1.3394,-0.0612,0.1184,1.6198,-0.1470,0.2000,0,1
1.7134,0.0011,0.5277,-0.1828,0.0224,1.7385,0.0592,0.2279,0.0264,0.0575,-0.2998,1.7385,0.0592,0.2279,2.0020,0.1474,0.3000,0,1,1.9448,-0.0567,0.1643,0.2300,-0.0630,-0.3634,1.9448,-0.0567,0.1643,1.9303,-0.1366,0.3000,1,1,1.5533,0.0570,0.0695,-0.1588,0.0595,-0.4582,1.5533,0.0570,0.0695,1.5373,0.1387,0.2000,1,1,1.3110,-0.0701,0.1310,-0.4039,-0.0622,-0.3967,1.3110,-0.0701,0.1310,1.6216,-0.1452,0.2000,0,1
1.7160,0.0021,0.5277,-0.1876,0.0168,1.7005,0.0842,0.2377,-0.0141,0.0823,-0.2900,1.7005,0.0842,0.2377,2.0054,0.1473,0.3000,0,1,1.9450,-0.0573,0.1645,0.2280,-0.0632,-0.3632,1.9450,-0.0573,0.1645,1.9302,-0.1366,0.3000,1,1,1.5535,0.0564,0.0694,-0.1616,0.0570,-0.4583,1.5535,0.0564,0.0694,1.5387,0.1408,0.2000,1,1,1.3080,-0.0696,0.1391,-0.4091,-0.0648,-0.3886,1.3080,-0.0696,0.1391,1.6235,-0.1431,0.2000,0,1
1.7187,0.0031,0.5278,-0.1932,0.0130,1.6547,0.1107,0.2418,-0.0626,0.1084,-0.2860,1.6547,0.1107,0.2418,2.0086,0.1476,0.3000,0,1,1.9449,-0.0576,0.1645,0.2254,-0.0636,-0.3633,1.9449,-0.0576,0.1645,1.9304,-0.1364,0.3000,1,1,1.5535,0.0561,0.0693,-0.1645,0.0551,-0.4585,1.5535,0.0561,0.0693,1.5399,0.1425,0.2000,1,1,1.3173,-0.0647,0.1432,-0.4022,-0.0626,-0.3846,1.3173,-0.0647,0.1432,1.6256,-0.1415,0.2000,0,1
1.7212,0.0039,0.5278,-0.1983,0.0125,1.6340,0.1339,0.2417,-0.0856,0.1311,-0.2861,1.6340,0.1339,0.2417,2.0113,0.1483,0.3000,0,1,1.9449,-0.0576,0.1645,0.2229,-0.0643,-0.3633,1.9449,-0.0576,0.1645,1.9308,-0.1357,0.3000,1,1,1.5534,0.0561,0.0694,-0.1671,0.0543,-0.4584,1.5534,0.0561,0.0694,1.5405,0.1434,0.2000,1,1,1.3202,-0.0665,0.1421,-0.4018,-0.0654,-0.3857,1.3202,-0.0665,0.1421,1.6280,-0.1405,0.2000,0,1
1.7236,0.0045,0.5280,-0.2006,0.0150,1.6442,0.1470,0.2363,-0.0773,0.1437,-0.2917,1.6442,0.1470,0.2363,2.0133,0.1494,0.3000,0,1,1.9449,-0.0576,0.1645,0.2203,-0.0654,-0.3635,1.9449,-0.0576,0.1645,1.9315,-0.1346,0.3000,1,1,1.5534,0.0561,0.0694,-0.1694,0.0541,-0.4586,1.5534,0.0561,0.0694,1.5405,0.1436,0.2000,1,1,1.3236,-0.0758,0.1365,-0.4012,-0.0743,-0.3915,1.3236,-0.0758,0.1365,1.6308,-0.1404,0.2000,0,1
1.7260,0.0051,0.5284,-0.1966,0.0178,1.6708,0.1570,0.2286,-0.0525,0.1529,-0.2998,1.6708,0.1570,0.2286,2.0152,0.1505,0.3000,0,1,1.9448,-0.0572,0.1644,0.2177,-0.0662,-0.3640,1.9448,-0.0572,0.1644,1.9322,-0.1335,0.3000,1,1,1.5532,0.0565,0.0695,-0.1719,0.0545,-0.4589,1.5532,0.0565,0.0695,1.5405,0.1436,0.2000,1,1,1.3078,-0.1046,0.1271,-0.4201,-0.1022,-0.4013,1.3078,-0.1046,0.1271,1.6335,-0.1404,0.2000,0,1
1.7290,0.0059,0.5292,-0.1903,0.0145,1.6766,0.1529,0.2175,-0.0503,0.1477,-0.3117,1.6766,0.1529,0.2175,2.0188,0.1507,0.3000,0,1,1.9449,-0.0574,0.1645,0.2150,-0.0664,-0.3647,1.9449,-0.0574,0.1645,1.9329,-0.1333,0.3000,1,1,1.5535,0.0565,0.0693,-0.1747,0.0531,-0.4599,1.5535,0.0565,0.0693,1.5420,0.1451,0.2000,1,1,1.3276,-0.1226,0.1216,-0.4032,-0.1227,-0.4076,1.3276,-0.1226,0.1216,1.6361,-0.1389,0.2000,0,1
1.7338,0.0066,0.5302,-0.2049,0.0208,1.7375,0.1096,0.2061,0.0058,0.1029,-0.3241,1.7375,0.1096,0.2061,1.9826,0.1125,0.3000,0,1,1.9451,-0.0574,0.1647,0.2099,-0.0684,-0.3655,1.9451,-0.0574,0.1647,1.9365,-0.1314,0.3000,1,1,1.5536,0.0562,0.0693,-0.1791,0.0533,-0.4609,1.5536,0.0562,0.0693,1.5439,0.1445,0.2000,1,1,1.3408,-0.1000,0.1092,-0.3951,-0.0984,-0.4210,1.3408,-0.1000,0.1092,1.6418,-0.1395,0.2000,0,1
1.7379,0.0070,0.5320,-0.2294,0.0322,1.8767,0.0816,0.2074,0.1411,0.0701,-0.3246,1.8767,0.0816,0.2074,1.9850,0.1151,0.3000,0,1,1.9442,-0.0572,0.1639,0.2041,-0.0708,-0.3681,1.9442,-0.0572,0.1639,1.9401,-0.1288,0.3000,1,1,1.5526,0.0566,0.0694,-0.1836,0.0555,-0.4626,1.5526,0.0566,0.0694,1.5444,0.1426,0.2000,1,1,1.4520,-0.0649,0.1059,-0.2881,-0.0627,-0.4261,1.4520,-0.0649,0.1059,1.6475,-0.1412,0.2000,0,1
1.7428,0.0075,0.5339,-0.2566,0.0318,1.9381,0.0865,0.1962,0.1977,0.0728,-0.3377,1.9381,0.0865,0.1962,1.9900,0.1155,0.3000,0,1,1.9438,-0.0569,0.1636,0.1989,-0.0708,-0.3703,1.9438,-0.0569,0.1636,1.9431,-0.1284,0.3000,1,1,1.5521,0.0570,0.0696,-0.1890,0.0555,-0.4643,1.5521,0.0570,0.0696,1.5474,0.1432,0.2000,1,1,1.5388,-0.0793,0.0973,-0.2067,-0.0803,-0.4366,1.5388,-0.0793,0.0973,1.6125,-0.1807,0.2000,0,1
1.7489,0.0077,0.5354,-0.2794,0.0278,1.9689,0.1068,0.1868,0.2227,0.0929,-0.3486,1.9689,0.1068,0.1868,1.9967,0.1150,0.3000,0,1,1.9432,-0.0564,0.1632,0.1924,-0.0695,-0.3722,1.9432,-0.0564,0.1632,1.9466,-0.1289,0.3000,1,1,1.5513,0.0575,0.0700,-0.1961,0.0553,-0.4654,1.5513,0.0575,0.0700,1.5521,0.1442,0.2000,1,1,1.5851,-0.1110,0.0884,-0.1670,-0.1141,-0.4470,1.5851,-0.1110,0.0884,1.6179,-0.1797,0.2000,0,1
1.7551,0.0076,0.5365,-0.2764,0.0248,1.9903,0.1413,0.1808,0.2384,0.1278,-0.3557,1.9903,0.1413,0.1808,1.9784,0.1543,0.3000,1,1,1.9421,-0.0555,0.1623,0.1854,-0.0677,-0.3742,1.9421,-0.0555,0.1623,1.9704,-0.2096,0.3000,0,1,1.5498,0.0584,0.0705,-0.2040,0.0559,-0.4660,1.5498,0.0584,0.0705,1.6167,0.1047,0.2000,0,1,1.6025,-0.1393,0.0826,-0.1562,-0.1431,-0.4539,1.6025,-0.1393,0.0826,1.5987,-0.1392,0.2000,1,1
1.7625,0.0075,0.5373,-0.2697,0.0315,1.9904,0.1413,0.1809,0.2320,0.1266,-0.3564,1.9904,0.1413,0.1809,1.9827,0.1555,0.3000,1,1,1.8969,-0.0648,0.1667,0.1321,-0.0765,-0.3706,1.8969,-0.0648,0.1667,1.9786,-0.2084,0.3000,0,1,1.5115,0.0758,0.0749,-0.2487,0.0762,-0.4624,1.5115,0.0758,0.0749,1.6231,0.1033,0.2000,0,1,1.6026,-0.1393,0.0826,-0.1644,-0.1417,-0.4547,1.6026,-0.1393,0.0826,1.6050,-0.1406,0.2000,1,1
1.7686,0.0078,0.5379,-0.2459,0.0407,1.9905,0.1414,0.1808,0.2272,0.1245,-0.3571,1.9905,0.1414,0.1808,1.9855,0.1575,0.3000,1,1,1.7922,-0.1233,0.1943,0.0182,-0.1320,-0.3436,1.7922,-0.1233,0.1943,1.9860,-0.2063,0.3000,0,1,1.4120,0.1158,0.0952,-0.3519,0.1224,-0.4427,1.4120,0.1158,0.0952,1.6280,0.1018,0.2000,0,1,1.6027,-0.1391,0.0822,-0.1717,-0.1400,-0.4557,1.6027,-0.1391,0.0822,1.6105,-0.1420,0.2000,1,1
1.7741,0.0079,0.5399,-0.2136,0.0365,1.9909,0.1423,0.1812,0.2216,0.1264,-0.3587,1.9909,0.1423,0.1812,1.9495,0.1168,0.3000,1,1,1.7371,-0.0919,0.2127,-0.0406,-0.0984,-0.3272,1.7371,-0.0919,0.2127,2.1109,-0.1670,0.4000,0,1,1.3892,0.0824,0.1103,-0.3819,0.0885,-0.4296,1.3892,0.0824,0.1103,1.6340,0.1026,0.2000,0,1,1.6033,-0.1382,0.0817,-0.1760,-0.1398,-0.4582,1.6033,-0.1382,0.0817,1.6134,-0.1412,0.2000,1,1
1.7790,0.0076,0.5403,-0.1936,0.0340,1.9909,0.1417,0.1810,0.2163,0.1268,-0.3593,1.9909,0.1417,0.1810,1.9929,0.1560,0.3000,1,1,1.7214,-0.0780,0.2279,-0.0605,-0.0836,-0.3124,1.7214,-0.0780,0.2279,2.1155,-0.1678,0.4000,0,1,1.3737,0.0649,0.1271,-0.4031,0.0710,-0.4132,1.3737,0.0649,0.1271,1.6393,0.1029,0.2000,0,1,1.6034,-0.1388,0.0819,-0.1805,-0.1403,-0.4584,1.6034,-0.1388,0.0819,1.6160,-0.1410,0.2000,1,1
1.7832,0.0070,0.5409,-0.1746,0.0379,1.9910,0.1412,0.1809,0.2127,0.1262,-0.3600,1.9910,0.1412,0.1809,1.9945,0.1562,0.3000,1,1,1.7029,-0.0921,0.2415,-0.0840,-0.0960,-0.2994,1.7029,-0.0921,0.2415,2.1203,-0.1676,0.4000,0,1,1.3576,0.0843,0.1409,-0.4224,0.0934,-0.4000,1.3576,0.0843,0.1409,1.6030,0.0615,0.2000,0,1,1.6035,-0.1395,0.0822,-0.1851,-0.1396,-0.4587,1.6035,-0.1395,0.0822,1.6187,-0.1422,0.2000,1,1
1.7873,0.0065,0.5413,-0.1645,0.0355,1.9911,0.1411,0.1809,0.2084,0.1273,-0.3604,1.9911,0.1411,0.1809,1.9969,0.1552,0.3000,1,1,1.6900,-0.1054,0.2536,-0.1012,-0.1084,-0.2877,1.6900,-0.1054,0.2536,2.1240,-0.1686,0.4000,0,1,1.3505,0.1005,0.1530,-0.4332,0.1094,-0.3883,1.3505,0.1005,0.1530,1.6074,0.0614,0.2000,0,1,1.6037,-0.1397,0.0821,-0.1887,-0.1396,-0.4592,1.6037,-0.1397,0.0821,1.6205,-0.1424,0.2000,1,1
1.7916,0.0059,0.5419,-0.1640,0.0320,1.9909,0.1407,0.1807,0.2035,0.1284,-0.3612,1.9909,0.1407,0.1807,1.9998,0.1540,0.3000,1,1,1.6883,-0.1208,0.2637,-0.1073,-0.1233,-0.2782,1.6883,-0.1208,0.2637,2.1279,-0.1699,0.4000,0,1,1.3478,0.1143,0.1632,-0.4401,0.1225,-0.3787,1.3478,0.1143,0.1632,1.6121,0.0616,0.2000,0,1,1.6034,-0.1401,0.0827,-0.1928,-0.1399,-0.4592,1.6034,-0.1401,0.0827,1.6222,-0.1423,0.2000,1,1
1.7962,0.0049,0.5429,-0.1660,0.0354,1.9908,0.1411,0.1808,0.1993,0.1292,-0.3621,1.9908,0.1411,0.1808,2.0019,0.1536,0.3000,1,1,1.6899,-0.1305,0.2701,-0.1110,-0.1316,-0.2728,1.6899,-0.1305,0.2701,2.1329,-0.1702,0.4000,0,1,1.3438,0.1219,0.1701,-0.4480,0.1329,-0.3728,1.3438,0.1219,0.1701,1.6163,0.0599,0.2000,0,1,1.6032,-0.1397,0.0827,-0.1980,-0.1377,-0.4602,1.6032,-0.1397,0.0827,1.6254,-0.1439,0.2000,1,1
1.8009,0.0036,0.5436,-0.1714,0.0436,1.9908,0.1412,0.1809,0.1957,0.1292,-0.3627,1.9908,0.1412,0.1809,2.0033,0.1538,0.3000,1,1,1.7147,-0.1236,0.2707,-0.0917,-0.1233,-0.2729,1.7147,-0.1236,0.2707,2.1387,-0.1699,0.4000,0,1,1.3497,0.1291,0.1732,-0.4453,0.1450,-0.3704,1.3497,0.1291,0.1732,1.6199,0.0570,0.2000,0,1,1.6033,-0.1395,0.0828,-0.2036,-0.1344,-0.4608,1.6033,-0.1395,0.0828,1.6293,-0.1468,0.2000,1,1
1.8053,0.0027,0.5449,-0.1876,0.0388,1.9908,0.1407,0.1806,0.1907,0.1307,-0.3643,1.9908,0.1407,0.1806,2.0065,0.1520,0.3000,1,1,1.8525,-0.0921,0.2744,0.0435,-0.0966,-0.2705,1.8525,-0.0921,0.2744,2.1425,-0.1718,0.4000,0,1,1.3592,0.1135,0.1694,-0.4415,0.1280,-0.3755,1.3592,0.1135,0.1694,1.6249,0.0570,0.2000,0,1,1.6031,-0.1399,0.0829,-0.2076,-0.1346,-0.4620,1.6031,-0.1399,0.0829,1.6310,-0.1468,0.2000,1,1
1.8092,0.0015,0.5477,-0.2075,0.0331,1.9898,0.1407,0.1800,0.1851,0.1331,-0.3677,1.9898,0.1407,0.1800,2.0092,0.1497,0.3000,1,1,1.9527,-0.0756,0.2723,0.1409,-0.0818,-0.2754,1.9527,-0.0756,0.2723,2.1456,-0.1741,0.4000,0,1,1.4999,0.0784,0.1724,-0.3066,0.0871,-0.3753,1.4999,0.0784,0.1724,1.6296,0.0569,0.2000,0,1,1.6021,-0.1403,0.0829,-0.2117,-0.1349,-0.4648,1.6021,-0.1403,0.0829,1.6320,-0.1469,0.2000,1,1
1.8138,-0.0001,0.5509,-0.2259,0.0346,1.9898,0.1404,0.1797,0.1808,0.1343,-0.3712,1.9898,0.1404,0.1797,1.9716,0.1085,0.3000,1,1,1.9526,-0.0710,0.2625,0.1363,-0.0757,-0.2884,1.9526,-0.0710,0.2625,2.1104,-0.1353,0.4000,0,1,1.5903,0.0751,0.1666,-0.2208,0.0829,-0.3843,1.5903,0.0751,0.1666,1.6341,0.0551,0.2000,0,1,1.6020,-0.1407,0.0825,-0.2165,-0.1332,-0.4684,1.6020,-0.1407,0.0825,1.6349,-0.1487,0.2000,1,1
1.8194,-0.0014,0.5535,-0.2473,0.0405,1.9896,0.1406,0.1796,0.1758,0.1350,-0.3739,1.9896,0.1406,0.1796,1.9743,0.1083,0.3000,1,1,1.9287,-0.0906,0.2502,0.1056,-0.0936,-0.3033,1.9287,-0.0906,0.2502,2.1168,-0.1355,0.4000,0,1,1.6252,0.0811,0.1552,-0.1907,0.0903,-0.3983,1.6252,0.0811,0.1552,1.6388,0.0526,0.2000,0,1,1.6018,-0.1405,0.0825,-0.2231,-0.1302,-0.4710,1.6018,-0.1405,0.0825,1.6393,-0.1512,0.2000,1,1
1.8255,-0.0024,0.5554,-0.2657,0.0461,1.9893,0.1410,0.1794,0.1702,0.1357,-0.3760,1.9893,0.1410,0.1794,1.9775,0.1083,0.3000,1,1,1.9027,-0.1364,0.2374,0.0709,-0.1374,-0.3180,1.9027,-0.1364,0.2374,2.1236,-0.1354,0.4000,0,1,1.6176,0.0800,0.1429,-0.2039,0.0919,-0.4125,1.6176,0.0800,0.1429,1.7641,0.0904,0.3000,0,1,1.6016,-0.1401,0.0824,-0.2300,-0.1272,-0.4730,1.6016,-0.1401,0.0824,1.6042,-0.1932,0.2000,1,1
1.8306,-0.0032,0.5565,-0.2645,0.0476,1.9898,0.1424,0.1815,0.1659,0.1379,-0.3750,1.9898,0.1424,0.1815,1.9804,0.1078,0.3000,1,1,1.9179,-0.1786,0.2281,0.0789,-0.1794,-0.3284,1.9179,-0.1786,0.2281,2.1290,-0.1359,0.4000,0,1,1.6205,0.0834,0.1309,-0.2057,0.0965,-0.4256,1.6205,0.0834,0.1309,1.7691,0.0894,0.3000,0,1,1.6024,-0.1387,0.0816,-0.2344,-0.1245,-0.4749,1.6024,-0.1387,0.0816,1.6076,-0.1943,0.2000,1,1
1.8351,-0.0037,0.5574,-0.2577,0.0407,1.9897,0.1413,0.1812,0.1604,0.1386,-0.3762,1.9897,0.1413,0.1812,1.9839,0.1060,0.3000,1,1,1.9927,-0.1519,0.2176,0.1514,-0.1545,-0.3398,1.9927,-0.1519,0.2176,2.1325,-0.1378,0.4000,0,1,1.6608,0.0841,0.1202,-0.1706,0.0948,-0.4372,1.6608,0.0841,0.1202,1.7745,0.0903,0.3000,0,1,1.6023,-0.1399,0.0829,-0.2381,-0.1266,-0.4745,1.6023,-0.1399,0.0829,1.6490,-0.1535,0.2000,1,1
1.8403,-0.0040,0.5576,-0.2520,0.0343,1.9888,0.1396,0.1806,0.1533,0.1384,-0.3770,1.9888,0.1396,0.1806,1.9881,0.1044,0.3000,1,1,2.0601,-0.1172,0.2102,0.2158,-0.1207,-0.3474,2.0601,-0.1172,0.2102,2.1369,-0.1394,0.4000,0,1,1.7091,0.0880,0.1125,-0.1280,0.0964,-0.4451,1.7091,0.0880,0.1125,1.7806,0.0912,0.3000,0,1,1.6009,-0.1417,0.0848,-0.2440,-0.1294,-0.4728,1.6009,-0.1417,0.0848,1.6513,-0.1526,0.2000,1,1
1.8446,-0.0043,0.5598,-0.2212,0.0166,1.9885,0.1527,0.1836,0.1465,0.1546,-0.3762,1.9885,0.1527,0.1836,2.1340,0.1409,0.4000,0,1,2.0971,-0.0995,0.2098,0.2509,-0.0994,-0.3500,2.0971,-0.0995,0.2098,2.1127,-0.1831,0.4000,1,1,1.7387,0.0278,0.1157,-0.1054,0.0339,-0.4441,1.7387,0.0278,0.1157,1.6412,0.0944,0.2000,1,1,1.5849,-0.1708,0.1056,-0.2624,-0.1622,-0.4542,1.5849,-0.1708,0.1056,1.7519,-0.1495,0.3000,0,1
1.8515,-0.0054,0.5629,-0.2216,0.0277,2.0195,0.0926,0.2053,0.1706,0.0933,-0.3576,2.0195,0.0926,0.2053,2.1393,0.1419,0.4000,0,1,2.0972,-0.1002,0.2098,0.2430,-0.1016,-0.3531,2.0972,-0.1002,0.2098,2.0792,-0.1420,0.4000,1,1,1.7389,0.0272,0.1153,-0.1117,0.0357,-0.4476,1.7389,0.0272,0.1153,1.6447,0.0911,0.2000,1,1,1.5720,-0.1465,0.1196,-0.2833,-0.1333,-0.4433,1.5720,-0.1465,0.1196,1.7606,-0.1527,0.3000,0,1
1.8570,-0.0062,0.5675,-0.2071,0.0377,1.9289,0.0189,0.2240,0.0728,0.0224,-0.3435,1.9289,0.0189,0.2240,2.1433,0.1429,0.4000,0,1,2.0979,-0.1015,0.2103,0.2371,-0.1043,-0.3572,2.0979,-0.1015,0.2103,2.0840,-0.1409,0.4000,1,1,1.7399,0.0258,0.1148,-0.1158,0.0364,-0.4527,1.7399,0.0258,0.1148,1.6468,0.0884,0.2000,1,1,1.6296,-0.0730,0.1420,-0.2298,-0.0582,-0.4255,1.6296,-0.0730,0.1420,1.7675,-0.1554,0.3000,0,1
1.8632,-0.0070,0.5699,-0.2037,0.0305,1.8387,0.0571,0.2416,-0.0225,0.0648,-0.3283,1.8387,0.0571,0.2416,2.1505,0.1408,0.4000,0,1,2.0983,-0.1037,0.2111,0.2320,-0.1038,-0.3588,2.0983,-0.1037,0.2111,2.1272,-0.1831,0.4000,1,1,1.7406,0.0237,0.1144,-0.1216,0.0344,-0.4555,1.7406,0.0237,0.1144,1.7319,0.0890,0.3000,1,1,1.6186,-0.0833,0.1547,-0.2468,-0.0688,-0.4152,1.6186,-0.0833,0.1547,1.7726,-0.1549,0.3000,0,1
1.8692,-0.0075,0.5720,-0.2086,0.0215,1.8221,0.0894,0.2579,-0.0450,0.0979,-0.3141,1.8221,0.0894,0.2579,2.1580,0.1386,0.4000,0,1,2.0985,-0.1039,0.2112,0.2272,-0.1013,-0.3608,2.0985,-0.1039,0.2112,2.1301,-0.1854,0.4000,1,1,1.7409,0.0234,0.1142,-0.1276,0.0337,-0.4578,1.7409,0.0234,0.1142,1.7372,0.0903,0.3000,1,1,1.5985,-0.1091,0.1680,-0.2728,-0.0958,-0.4040,1.5985,-0.1091,0.1680,1.7773,-0.1537,0.3000,0,1
1.8750,-0.0077,0.5741,-0.2188,0.0164,1.8948,0.0760,0.2717,0.0212,0.0834,-0.3024,1.8948,0.0760,0.2717,2.1644,0.1374,0.4000,0,1,2.0984,-0.1031,0.2110,0.2218,-0.0991,-0.3631,2.0984,-0.1031,0.2110,2.1331,-0.1865,0.4000,1,1,1.7406,0.0243,0.1143,-0.1339,0.0342,-0.4598,1.7406,0.0243,0.1143,1.7417,0.0911,0.3000,1,1,1.5941,-0.1261,0.1807,-0.2828,-0.1138,-0.3934,1.5941,-0.1261,0.1807,1.7824,-0.1529,0.3000,0,1
1.8803,-0.0078,0.5764,-0.2279,0.0151,1.9743,0.0626,0.2877,0.0951,0.0690,-0.2887,1.9743,0.0626,0.2877,2.1699,0.1371,0.4000,0,1,2.0983,-0.1030,0.2109,0.2165,-0.0985,-0.3655,2.0983,-0.1030,0.2109,2.1362,-0.1869,0.4000,1,1,1.7405,0.0243,0.1144,-0.1393,0.0342,-0.4620,1.7405,0.0243,0.1144,1.6252,0.0513,0.2000,1,1,1.6080,-0.1286,0.1920,-0.2741,-0.1167,-0.3844,1.6080,-0.1286,0.1920,1.7875,-0.1527,0.3000,0,1
1.8861,-0.0077,0.5783,-0.2374,0.0111,1.9950,0.0693,0.2958,0.1097,0.0758,-0.2825,1.9950,0.0693,0.2958,2.1763,0.1364,0.4000,0,1,2.0982,-0.1032,0.2109,0.2110,-0.0978,-0.3674,2.0982,-0.1032,0.2109,2.1395,-0.1876,0.4000,1,1,1.7404,0.0241,0.1144,-0.1453,0.0334,-0.4639,1.7404,0.0241,0.1144,1.6296,0.0521,0.2000,1,1,1.6269,-0.1304,0.2002,-0.2605,-0.1198,-0.3781,1.6269,-0.1304,0.2002,1.7927,-0.1519,0.3000,0,1
1.8921,-0.0075,0.5800,-0.2454,0.0057,2.0065,0.0860,0.3001,0.1149,0.0928,-0.2799,2.0065,0.0860,0.3001,2.1831,0.1356,0.4000,0,1,2.0980,-0.1032,0.2108,0.2054,-0.0969,-0.3692,2.0980,-0.1032,0.2108,2.1027,-0.1484,0.4000,1,1,1.7402,0.0242,0.1145,-0.1517,0.0326,-0.4655,1.7402,0.0242,0.1145,1.6343,0.0534,0.2000,1,1,1.6437,-0.1366,0.2047,-0.2491,-0.1277,-0.3753,1.6437,-0.1366,0.2047,1.7979,-0.1506,0.3000,0,1
1.8980,-0.0070,0.5819,-0.2479,-0.0008,1.9915,0.1052,0.2985,0.0934,0.1123,-0.2834,1.9915,0.1052,0.2985,2.1900,0.1349,0.4000,0,1,2.0980,-0.1034,0.2108,0.2001,-0.0962,-0.3711,2.0980,-0.1034,0.2108,2.1057,-0.1491,0.4000,1,1,1.7402,0.0239,0.1144,-0.1578,0.0308,-0.4675,1.7402,0.0239,0.1144,1.6392,0.0552,0.2000,1,1,1.6507,-0.1469,0.2032,-0.2472,-0.1401,-0.3787,1.6507,-0.1469,0.2032,1.8029,-0.1488,0.3000,0,1
1.9036,-0.0063,0.5840,-0.2418,-0.0067,1.9648,0.1327,0.2925,0.0603,0.1394,-0.2915,1.9648,0.1327,0.2925,2.1964,0.1344,0.4000,0,1,2.0982,-0.1035,0.2109,0.1952,-0.0959,-0.3731,2.0982,-0.1035,0.2109,2.1085,-0.1496,0.4000,1,1,1.7405,0.0238,0.1143,-0.1633,0.0290,-0.4697,1.7405,0.0238,0.1143,1.7636,0.0970,0.3000,1,1,1.6363,-0.1632,0.1975,-0.2662,-0.1587,-0.3865,1.6363,-0.1632,0.1975,1.8077,-0.1470,0.3000,0,1
1.9090,-0.0054,0.5859,-0.2310,-0.0134,1.9205,0.1760,0.2828,0.0091,0.1815,-0.3031,1.9205,0.1760,0.2828,2.2026,0.1340,0.4000,0,1,2.0986,-0.1037,0.2112,0.1909,-0.0958,-0.3747,2.0986,-0.1037,0.2112,2.1108,-0.1500,0.4000,1,1,1.7410,0.0236,0.1141,-0.1684,0.0267,-0.4718,1.7410,0.0236,0.1141,1.7679,0.0992,0.3000,1,1,1.6064,-0.1948,0.1877,-0.3000,-0.1934,-0.3982,1.6064,-0.1948,0.1877,1.8121,-0.1448,0.3000,0,1
1.9132,-0.0042,0.5882,-0.2188,-0.0173,1.9170,0.2172,0.2781,-0.0000,0.2214,-0.3101,1.9170,0.2172,0.2781,2.2074,0.1344,0.4000,0,1,2.0982,-0.1036,0.2109,0.1867,-0.0962,-0.3773,2.0982,-0.1036,0.2109,2.1125,-0.1495,0.4000,1,1,1.7404,0.0236,0.1142,-0.1733,0.0248,-0.4740,1.7404,0.0236,0.1142,1.7707,0.1011,0.3000,1,1,1.5793,-0.2291,0.1790,-0.3300,-0.2306,-0.4092,1.5793,-0.2291,0.1790,1.8158,-0.1429,0.3000,0,1
1.9179,-0.0026,0.5907,-0.2111,-0.0154,1.9269,0.1981,0.2674,0.0059,0.2008,-0.3233,1.9269,0.1981,0.2674,2.2119,0.1364,0.4000,0,1,2.0982,-0.1039,0.2110,0.1818,-0.0985,-0.3797,2.0982,-0.1039,0.2110,2.1155,-0.1476,0.4000,1,1,1.7405,0.0233,0.1142,-0.1778,0.0232,-0.4765,1.7405,0.0233,0.1142,1.7731,0.1024,0.3000,1,1,1.5909,-0.2113,0.1703,-0.3237,-0.2137,-0.4204,1.5909,-0.2113,0.1703,1.8208,-0.1416,0.3000,0,1
1.9239,-0.0008,0.5921,-0.2237,-0.0021,1.9833,0.1389,0.2599,0.0591,0.1398,-0.3322,1.9833,0.1389,0.2599,2.2160,0.1408,0.4000,0,1,2.0983,-0.1031,0.2108,0.1746,-0.1019,-0.3813,2.0983,-0.1031,0.2108,2.1214,-0.1432,0.4000,1,1,1.7404,0.0240,0.1142,-0.1836,0.0244,-0.4779,1.7404,0.0240,0.1142,1.7752,0.1016,0.3000,1,1,1.6097,-0.1760,0.1571,-0.3138,-0.1759,-0.4350,1.6097,-0.1760,0.1571,1.8286,-0.1424,0.3000,0,1
1.9296,0.0013,0.5935,-0.2421,0.0152,2.0179,0.0977,0.2508,0.0898,0.0950,-0.3427,2.0179,0.0977,0.2508,2.2192,0.1461,0.4000,0,1,2.0983,-0.1034,0.2109,0.1671,-0.1073,-0.3826,2.0983,-0.1034,0.2109,2.1275,-0.1378,0.4000,1,1,1.7406,0.0238,0.1142,-0.1886,0.0254,-0.4793,1.7406,0.0238,0.1142,1.7765,0.1003,0.3000,1,1,1.6468,-0.1147,0.1500,-0.2845,-0.1117,-0.4435,1.6468,-0.1147,0.1500,1.8368,-0.1437,0.3000,0,1
1.9344,0.0039,0.5945,-0.2436,0.0243,2.0797,0.0851,0.2416,0.1472,0.0776,-0.3529,2.0797,0.0851,0.2416,2.2227,0.1505,0.4000,0,1,2.0976,-0.1033,0.2106,0.1605,-0.1111,-0.3839,2.0976,-0.1033,0.2106,2.1316,-0.1334,0.4000,1,1,1.7397,0.0240,0.1146,-0.1942,0.0248,-0.4799,1.7397,0.0240,0.1146,1.7780,0.1011,0.3000,1,1,1.7110,-0.0741,0.1422,-0.2252,-0.0725,-0.4523,1.7110,-0.0741,0.1422,1.8429,-0.1428,0.3000,0,1
1.9390,0.0066,0.5958,-0.2267,0.0323,2.1064,0.0731,0.2353,0.1695,0.0611,-0.3605,2.1064,0.0731,0.2353,2.1611,0.1547,0.4000,1,1,2.0964,-0.1019,0.2099,0.1538,-0.1135,-0.3859,2.0964,-0.1019,0.2099,2.2353,-0.1292,0.4000,0,1,1.7381,0.0256,0.1163,-0.2002,0.0255,-0.4795,1.7381,0.0256,0.1163,1.8395,0.1422,0.3000,0,1,1.7660,-0.0111,0.1392,-0.1735,-0.0121,-0.4566,1.7660,-0.0111,0.1392,1.7837,-0.1416,0.3000,1,1
1.9444,0.0093,0.5964,-0.2222,0.0386,2.1063,0.0731,0.2352,0.1642,0.0575,-0.3612,2.1063,0.0731,0.2352,2.1635,0.1586,0.4000,1,1,2.0644,-0.1002,0.2146,0.1157,-0.1140,-0.3818,2.0644,-0.1002,0.2146,2.2415,-0.1252,0.4000,0,1,1.7043,0.0768,0.1229,-0.2373,0.0767,-0.4735,1.7043,0.0768,0.1229,1.8440,0.1436,0.3000,0,1,1.7659,-0.0112,0.1391,-0.1792,-0.0136,-0.4573,1.7659,-0.0112,0.1391,1.7880,-0.1402,0.3000,1,1
1.9498,0.0115,0.5980,-0.2204,0.0343,2.1071,0.0728,0.2353,0.1593,0.0559,-0.3627,2.1071,0.0728,0.2353,2.1676,0.1600,0.4000,1,1,2.0334,-0.0561,0.2280,0.0812,-0.0704,-0.3700,2.0334,-0.0561,0.2280,2.2464,-0.1238,0.4000,0,1,1.6584,0.0685,0.1324,-0.2893,0.0670,-0.4656,1.6584,0.0685,0.1324,1.8501,0.1468,0.3000,0,1,1.7669,-0.0114,0.1386,-0.1836,-0.0166,-0.4594,1.7669,-0.0114,0.1386,1.7908,-0.1371,0.3000,1,1
1.9535,0.0134,0.5995,-0.2118,0.0241,2.1071,0.0725,0.2351,0.1550,0.0554,-0.3644,2.1071,0.0725,0.2351,2.1708,0.1600,0.4000,1,1,1.9893,-0.0227,0.2443,0.0349,-0.0370,-0.3552,1.9893,-0.0227,0.2443,2.2487,-0.1239,0.4000,0,1,1.6566,0.0419,0.1527,-0.2961,0.0356,-0.4468,1.6566,0.0419,0.1527,1.8551,0.1507,0.3000,0,1,1.7669,-0.0119,0.1384,-0.1872,-0.0208,-0.4611,1.7669,-0.0119,0.1384,1.7910,-0.1332,0.3000,1,1
1.9566,0.0150,0.6005,-0.1967,0.0283,2.1072,0.0728,0.2351,0.1522,0.0535,-0.3654,2.1072,0.0728,0.2351,2.1713,0.1624,0.4000,1,1,1.9323,-0.0730,0.2615,-0.0268,-0.0873,-0.3390,1.9323,-0.0730,0.2615,2.2523,-0.1215,0.4000,0,1,1.5988,0.0794,0.1665,-0.3558,0.0745,-0.4340,1.5988,0.0794,0.1665,1.8576,0.1515,0.3000,0,1,1.7671,-0.0116,0.1382,-0.1902,-0.0212,-0.4623,1.7671,-0.0116,0.1382,1.7926,-0.1324,0.3000,1,1
1.9592,0.0160,0.6024,-0.1822,0.0313,2.1074,0.0728,0.2351,0.1499,0.0521,-0.3673,2.1074,0.0728,0.2351,2.1715,0.1640,0.4000,1,1,1.9202,-0.0871,0.2759,-0.0422,-0.1018,-0.3265,1.9202,-0.0871,0.2759,2.2554,-0.1199,0.4000,0,1,1.5704,0.1084,0.1821,-0.3857,0.1045,-0.4203,1.5704,0.1084,0.1821,1.8599,0.1519,0.3000,0,1,1.7673,-0.0117,0.1381,-0.1927,-0.0217,-0.4643,1.7673,-0.0117,0.1381,1.7938,-0.1320,0.3000,1,1
1.9620,0.0169,0.6042,-0.1829,0.0261,2.1074,0.0725,0.2351,0.1468,0.0518,-0.3691,2.1074,0.0725,0.2351,2.1730,0.1638,0.4000,1,1,1.9643,-0.0629,0.2897,0.0002,-0.0798,-0.3145,1.9643,-0.0629,0.2897,2.2574,-0.1201,0.4000,0,1,1.5700,0.1072,0.1940,-0.3895,0.1005,-0.4102,1.5700,0.1072,0.1940,1.8633,0.1537,0.3000,0,1,1.7673,-0.0119,0.1382,-0.1954,-0.0237,-0.4660,1.7673,-0.0119,0.1382,1.7937,-0.1302,0.3000,1,1
1.9644,0.0175,0.6056,-0.1931,0.0186,2.1070,0.0726,0.2349,0.1436,0.0524,-0.3707,2.1070,0.0726,0.2349,2.1746,0.1630,0.4000,1,1,1.9994,-0.0463,0.3013,0.0338,-0.0644,-0.3043,1.9994,-0.0463,0.3013,2.2588,-0.1209,0.4000,0,1,1.6251,0.0923,0.2060,-0.3379,0.0811,-0.3996,1.6251,0.0923,0.2060,1.8668,0.1558,0.3000,0,1,1.7668,-0.0119,0.1383,-0.1981,-0.0257,-0.4673,1.7668,-0.0119,0.1383,1.7931,-0.1281,0.3000,1,1
1.9670,0.0178,0.6064,-0.2051,0.0159,2.1069,0.0726,0.2349,0.1408,0.0526,-0.3715,2.1069,0.0726,0.2349,2.1755,0.1629,0.4000,1,1,2.0084,-0.0489,0.3075,0.0403,-0.0673,-0.2989,2.0084,-0.0489,0.3075,2.2610,-0.1211,0.4000,0,1,1.6504,0.0959,0.2130,-0.3153,0.0831,-0.3934,1.6504,0.0959,0.2130,1.8697,0.1567,0.3000,0,1,1.7667,-0.0119,0.1384,-0.2007,-0.0265,-0.4680,1.7667,-0.0119,0.1384,1.7933,-0.1273,0.3000,1,1
1.9695,0.0180,0.6071,-0.2148,0.0149,2.1068,0.0725,0.2349,0.1381,0.0524,-0.3722,2.1068,0.0725,0.2349,2.1762,0.1628,0.4000,1,1,2.0140,-0.0581,0.3089,0.0434,-0.0768,-0.2982,2.0140,-0.0581,0.3089,2.2634,-0.1212,0.4000,0,1,1.6565,0.1042,0.2145,-0.3117,0.0909,-0.3926,1.6565,0.1042,0.2145,1.8724,0.1570,0.3000,0,1,1.7665,-0.0120,0.1385,-0.2034,-0.0270,-0.4686,1.7665,-0.0120,0.1385,1.7937,-0.1269,0.3000,1,1
1.9719,0.0179,0.6080,-0.2158,0.0156,2.1067,0.0725,0.2349,0.1356,0.0525,-0.3731,2.1067,0.0725,0.2349,2.1765,0.1629,0.4000,1,1,2.0024,-0.0750,0.3054,0.0290,-0.0934,-0.3026,2.0024,-0.0750,0.3054,2.2659,-0.1211,0.4000,0,1,1.6558,0.1129,0.2110,-0.3146,0.0999,-0.3970,1.6558,0.1129,0.2110,1.8748,0.1569,0.3000,0,1,1.7665,-0.0120,0.1385,-0.2058,-0.0267,-0.4695,1.7665,-0.0120,0.1385,1.7942,-0.1271,0.3000,1,1
1.9741,0.0178,0.6087,-0.2075,0.0184,2.1071,0.0729,0.2350,0.1340,0.0526,-0.3737,2.1071,0.0729,0.2350,2.1762,0.1633,0.4000,1,1,1.9594,-0.1069,0.2970,-0.0170,-0.1244,-0.3117,1.9594,-0.1069,0.2970,2.2685,-0.1207,0.4000,0,1,1.6359,0.1290,0.2030,-0.3361,0.1174,-0.4057,1.6359,0.1290,0.2030,1.8765,0.1562,0.3000,0,1,1.7669,-0.0116,0.1382,-0.2077,-0.0256,-0.4705,1.7669,-0.0116,0.1382,1.7947,-0.1278,0.3000,1,1
1.9754,0.0175,0.6097,-0.1964,0.0213,2.1068,0.0728,0.2349,0.1325,0.0525,-0.3748,2.1068,0.0728,0.2349,2.1751,0.1636,0.4000,1,1,1.9466,-0.1468,0.2912,-0.0323,-0.1636,-0.3185,1.9466,-0.1468,0.2912,2.2702,-0.1204,0.4000,0,1,1.5979,0.1612,0.1937,-0.3744,0.1517,-0.4160,1.5979,0.1612,0.1937,1.8774,0.1553,0.3000,0,1,1.7666,-0.0116,0.1383,-0.2094,-0.0246,-0.4714,1.7666,-0.0116,0.1383,1.7945,-0.1286,0.3000,1,1
1.9764,0.0170,0.6104,-0.1829,0.0228,2.1063,0.0725,0.2347,0.1311,0.0525,-0.3757,2.1063,0.0725,0.2347,2.1739,0.1633,0.4000,1,1,1.9697,-0.1506,0.2829,-0.0105,-0.1674,-0.3275,1.9697,-0.1506,0.2829,2.2714,-0.1206,0.4000,0,1,1.6190,0.1652,0.1869,-0.3539,0.1563,-0.4235,1.6190,0.1652,0.1869,1.8782,0.1545,0.3000,0,1,1.7661,-0.0125,0.1404,-0.2109,-0.0247,-0.4700,1.7661,-0.0125,0.1404,1.7937,-0.1294,0.3000,1,1
1.9790,0.0162,0.6098,-0.1837,0.0192,2.1068,0.0727,0.2349,0.1289,0.0540,-0.3749,2.1068,0.0727,0.2349,2.1750,0.1619,0.4000,1,1,1.9671,-0.1195,0.2697,-0.0145,-0.1354,-0.3401,1.9671,-0.1195,0.2697,2.2735,-0.1221,0.4000,0,1,1.6322,0.1350,0.1741,-0.3445,0.1254,-0.4357,1.6322,0.1350,0.1741,1.8813,0.1545,0.3000,0,1,1.7668,-0.0123,0.1403,-0.2127,-0.0244,-0.4695,1.7668,-0.0123,0.1403,1.7937,-0.1295,0.3000,1,1
1.9824,0.0153,0.6085,-0.2027,0.0082,2.1070,0.0730,0.2351,0.1251,0.0567,-0.3734,2.1070,0.0730,0.2351,2.1780,0.1588,0.4000,1,1,1.9909,-0.0706,0.2582,0.0078,-0.0860,-0.3503,1.9909,-0.0706,0.2582,2.2754,-0.1252,0.4000,0,1,1.6541,0.0791,0.1640,-0.3278,0.0665,-0.4445,1.6541,0.0791,0.1640,1.8862,0.1556,0.3000,0,1,1.7671,-0.0121,0.1404,-0.2155,-0.0256,-0.4681,1.7671,-0.0121,0.1404,1.7936,-0.1283,0.3000,1,1
1.9854,0.0139,0.6075,-0.2226,0.0013,2.1067,0.0727,0.2350,0.1214,0.0586,-0.3725,2.1067,0.0727,0.2350,2.1801,0.1562,0.4000,1,1,2.0751,-0.0460,0.2479,0.0896,-0.0600,-0.3596,2.0751,-0.0460,0.2479,2.2774,-0.1278,0.4000,0,1,1.6962,0.0554,0.1530,-0.2891,0.0419,-0.4545,1.6962,0.0554,0.1530,1.8903,0.1557,0.3000,0,1,1.7667,-0.0124,0.1407,-0.2187,-0.0260,-0.4668,1.7667,-0.0124,0.1407,1.7936,-0.1283,0.3000,1,1
1.9880,0.0124,0.6074,-0.2276,-0.0014,2.1061,0.0722,0.2347,0.1180,0.0600,-0.3727,2.1061,0.0722,0.2347,2.1810,0.1542,0.4000,1,1,2.1592,-0.0486,0.2413,0.1713,-0.0608,-0.3661,2.1592,-0.0486,0.2413,2.2796,-0.1298,0.4000,0,1,1.7752,0.0466,0.1464,-0.2128,0.0339,-0.4610,1.7752,0.0466,0.1464,1.8932,0.1547,0.3000,0,1,1.7659,-0.0129,0.1411,-0.2221,-0.0256,-0.4663,1.7659,-0.0129,0.1411,1.7938,-0.1293,0.3000,1,1
1.9910,0.0108,0.6077,-0.2213,-0.0034,2.0984,0.0780,0.2366,0.1072,0.0676,-0.3711,2.0984,0.0780,0.2366,2.2833,0.1522,0.4000,0,1,2.2019,-0.0558,0.2399,0.2111,-0.0659,-0.3678,2.2019,-0.0558,0.2399,2.2163,-0.1318,0.4000,1,1,1.8159,0.0431,0.1448,-0.1752,0.0317,-0.4629,1.8159,0.0431,0.1448,1.8305,0.1535,0.3000,1,1,1.7526,-0.0243,0.1429,-0.2383,-0.0359,-0.4648,1.7526,-0.0243,0.1429,1.8955,-0.1305,0.3000,0,1
1.9951,0.0095,0.6084,-0.2219,-0.0086,2.0596,0.1143,0.2429,0.0636,0.1054,-0.3655,2.0596,0.1143,0.2429,2.2881,0.1498,0.4000,0,1,2.2024,-0.0562,0.2402,0.2079,-0.0639,-0.3682,2.2024,-0.0562,0.2402,2.2176,-0.1342,0.4000,1,1,1.8166,0.0427,0.1444,-0.1788,0.0317,-0.4640,1.8166,0.0427,0.1444,1.8333,0.1531,0.3000,1,1,1.6994,-0.0567,0.1492,-0.2951,-0.0687,-0.4592,1.6994,-0.0567,0.1492,1.8988,-0.1309,0.3000,0,1
1.9978,0.0082,0.6101,-0.2100,-0.0103,2.0269,0.1576,0.2582,0.0276,0.1497,-0.3519,2.0269,0.1576,0.2582,2.2911,0.1482,0.4000,0,1,2.2024,-0.0561,0.2400,0.2053,-0.0622,-0.3701,2.2024,-0.0561,0.2400,2.2182,-0.1358,0.4000,1,1,1.8166,0.0428,0.1443,-0.1815,0.0327,-0.4658,1.8166,0.0428,0.1443,1.8343,0.1522,0.3000,1,1,1.6601,-0.0821,0.1635,-0.3368,-0.0938,-0.4466,1.6601,-0.0821,0.1635,1.9014,-0.1318,0.3000,0,1
2.0010,0.0073,0.6123,-0.2048,-0.0053,2.0011,0.1520,0.2710,-0.0007,0.1447,-0.3413,2.0011,0.1520,0.2710,2.2937,0.1482,0.4000,0,1,2.2024,-0.0572,0.2401,0.2017,-0.0634,-0.3722,2.2024,-0.0572,0.2401,2.2200,-0.1358,0.4000,1,1,1.8167,0.0418,0.1441,-0.1845,0.0335,-0.4682,1.8167,0.0418,0.1441,1.8349,0.1505,0.3000,1,1,1.6628,-0.0564,0.1774,-0.3379,-0.0655,-0.4349,1.6628,-0.0564,0.1774,1.9053,-0.1335,0.3000,0,1
2.0037,0.0069,0.6138,-0.2018,-0.0037,2.0090,0.1224,0.2871,0.0049,0.1155,-0.3267,2.0090,0.1224,0.2871,2.2960,0.1482,0.4000,0,1,2.2024,-0.0563,0.2401,0.1989,-0.0625,-0.3737,2.2024,-0.0563,0.2401,2.2209,-0.1358,0.4000,1,1,1.8166,0.0426,0.1444,-0.1872,0.0350,-0.4694,1.8166,0.0426,0.1444,1.8352,0.1496,0.3000,1,1,1.6472,-0.0551,0.1902,-0.3563,-0.0633,-0.4236,1.6472,-0.0551,0.1902,1.9082,-0.1344,0.3000,0,1
2.0058,0.0064,0.6146,-0.2011,-0.0021,2.0153,0.1113,0.3008,0.0093,0.1049,-0.3138,2.0153,0.1113,0.3008,2.2979,0.1480,0.4000,0,1,2.2026,-0.0561,0.2401,0.1969,-0.0621,-0.3745,2.2026,-0.0561,0.2401,2.2213,-0.1360,0.4000,1,1,1.8168,0.0428,0.1443,-0.1891,0.0360,-0.4703,1.8168,0.0428,0.1443,1.8351,0.1489,0.3000,1,1,1.6192,-0.0688,0.2032,-0.3864,-0.0760,-0.4114,1.6192,-0.0688,0.2032,1.9105,-0.1351,0.3000,0,1
2.0080,0.0061,0.6150,-0.2079,-0.0004,2.0100,0.1112,0.3119,0.0020,0.1051,-0.3031,2.0100,0.1112,0.3119,2.2999,0.1480,0.4000,0,1,2.2025,-0.0563,0.2401,0.1945,-0.0623,-0.3749,2.2025,-0.0563,0.2401,2.2218,-0.1360,0.4000,1,1,1.8168,0.0426,0.1443,-0.1912,0.0364,-0.4707,1.8168,0.0426,0.1443,1.8351,0.1482,0.3000,1,1,1.6243,-0.0751,0.2145,-0.3837,-0.0814,-0.4005,1.6243,-0.0751,0.2145,1.9130,-0.1358,0.3000,0,1
2.0103,0.0059,0.6152,-0.2189,0.0017,2.0141,0.1088,0.3200,0.0040,0.1029,-0.2952,2.0141,0.1088,0.3200,2.3019,0.1483,0.4000,0,1,2.2023,-0.0564,0.2400,0.1919,-0.0626,-0.3752,2.2023,-0.0564,0.2400,2.2224,-0.1357,0.4000,1,1,1.8165,0.0425,0.1444,-0.1937,0.0369,-0.4708,1.8165,0.0425,0.1444,1.8351,0.1476,0.3000,1,1,1.6598,-0.0738,0.2233,-0.3506,-0.0791,-0.3919,1.6598,-0.0738,0.2233,1.9156,-0.1364,0.3000,0,1
2.0126,0.0058,0.6153,-0.2251,0.0036,2.0022,0.1087,0.3241,-0.0100,0.1029,-0.2912,2.0022,0.1087,0.3241,2.3039,0.1485,0.4000,0,1,2.2023,-0.0564,0.2401,0.1895,-0.0629,-0.3752,2.2023,-0.0564,0.2401,2.2229,-0.1355,0.4000,1,1,1.8165,0.0425,0.1444,-0.1960,0.0374,-0.4709,1.8165,0.0425,0.1444,1.8351,0.1471,0.3000,1,1,1.6771,-0.0794,0.2274,-0.3358,-0.0840,-0.3879,1.6771,-0.0794,0.2274,1.9181,-0.1369,0.3000,0,1
2.0147,0.0058,0.6156,-0.2247,0.0051,1.9963,0.1107,0.3230,-0.0179,0.1050,-0.2926,1.9963,0.1107,0.3230,2.3058,0.1488,0.4000,0,1,2.2023,-0.0563,0.2401,0.1873,-0.0631,-0.3755,2.2023,-0.0563,0.2401,2.2232,-0.1352,0.4000,1,1,1.8165,0.0426,0.1445,-0.1980,0.0378,-0.4711,1.8165,0.0426,0.1445,1.8350,0.1468,0.3000,1,1,1.6766,-0.0891,0.2262,-0.3386,-0.0932,-0.3894,1.6766,-0.0891,0.2262,1.9204,-0.1372,0.3000,0,1
2.0168,0.0058,0.6162,-0.2173,0.0058,1.9942,0.1172,0.3173,-0.0220,0.1115,-0.2989,1.9942,0.1172,0.3173,2.3078,0.1489,0.4000,0,1,2.2024,-0.0563,0.2401,0.1852,-0.0632,-0.3761,2.2024,-0.0563,0.2401,2.2234,-0.1351,0.4000,1,1,1.8166,0.0427,0.1444,-0.2000,0.0381,-0.4718,1.8166,0.0427,0.1444,1.8350,0.1467,0.3000,1,1,1.6641,-0.1024,0.2203,-0.3533,-0.1062,-0.3959,1.6641,-0.1024,0.2203,1.9226,-0.1373,0.3000,0,1
2.0192,0.0058,0.6169,-0.2073,0.0030,1.9724,0.1482,0.3078,-0.0464,0.1425,-0.3091,1.9724,0.1482,0.3078,2.3106,0.1484,0.4000,0,1,2.2027,-0.0565,0.2402,0.1833,-0.0629,-0.3767,2.2027,-0.0565,0.2402,2.2234,-0.1356,0.4000,1,1,1.8169,0.0425,0.1443,-0.2022,0.0373,-0.4726,1.8169,0.0425,0.1443,1.8358,0.1473,0.3000,1,1,1.6316,-0.1310,0.2105,-0.3880,-0.1356,-0.4064,1.6316,-0.1310,0.2105,1.9246,-0.1367,0.3000,0,1
2.0203,0.0060,0.6180,-0.1886,-0.0015,1.9862,0.1729,0.3024,-0.0344,0.1668,-0.3156,1.9862,0.1729,0.3024,2.3123,0.1477,0.4000,0,1,2.2018,-0.0561,0.2397,0.1816,-0.0618,-0.3783,2.2018,-0.0561,0.2397,2.2219,-0.1363,0.4000,1,1,1.8159,0.0430,0.1451,-0.2045,0.0367,-0.4729,1.8159,0.0430,0.1451,1.8355,0.1483,0.3000,1,1,1.6463,-0.1547,0.2049,-0.3738,-0.1613,-0.4131,1.6463,-0.1547,0.2049,1.9251,-0.1357,0.3000,0,1
2.0238,0.0063,0.6183,-0.1919,-0.0010,1.9949,0.1519,0.2902,-0.0290,0.1456,-0.3281,1.9949,0.1519,0.2902,2.3157,0.1482,0.4000,0,1,2.2020,-0.0569,0.2401,0.1783,-0.0630,-0.3782,2.2020,-0.0569,0.2401,2.2234,-0.1358,0.4000,1,1,1.8163,0.0423,0.1456,-0.2075,0.0358,-0.4727,1.8163,0.0423,0.1456,1.8369,0.1485,0.3000,1,1,1.6527,-0.1175,0.1939,-0.3710,-0.1242,-0.4244,1.6527,-0.1175,0.1939,1.9286,-0.1355,0.3000,0,1
2.0278,0.0070,0.6180,-0.2140,0.0017,2.0930,0.1039,0.2854,0.0654,0.0968,-0.3326,2.0930,0.1039,0.2854,2.3193,0.1493,0.4000,0,1,2.2021,-0.0567,0.2400,0.1742,-0.0640,-0.3780,2.2021,-0.0567,0.2400,2.2258,-0.1347,0.4000,1,1,1.8162,0.0421,0.1455,-0.2115,0.0355,-0.4725,1.8162,0.0421,0.1455,1.8385,0.1487,0.3000,1,1,1.6678,-0.0738,0.1817,-0.3601,-0.0802,-0.4363,1.6678,-0.0738,0.1817,1.9330,-0.1353,0.3000,0,1
2.0305,0.0076,0.6181,-0.2315,0.0026,2.1944,0.0823,0.2790,0.1641,0.0743,-0.3391,2.1944,0.0823,0.2790,2.3219,0.1501,0.4000,0,1,2.2013,-0.0558,0.2394,0.1706,-0.0638,-0.3787,2.2013,-0.0558,0.2394,2.2267,-0.1339,0.4000,1,1,1.8153,0.0434,0.1456,-0.2151,0.0364,-0.4725,1.8153,0.0434,0.1456,1.8391,0.1491,0.3000,1,1,1.7884,-0.0427,0.1813,-0.2422,-0.0497,-0.4368,1.7884,-0.0427,0.1813,1.9359,-0.1349,0.3000,0,1
2.0341,0.0084,0.6183,-0.2453,-0.0033,2.2433,0.0843,0.2695,0.2089,0.0766,-0.3488,2.2433,0.0843,0.2695,2.3264,0.1498,0.4000,0,1,2.2005,-0.0554,0.2390,0.1666,-0.0633,-0.3793,2.2005,-0.0554,0.2390,2.2274,-0.1342,0.4000,1,1,1.8143,0.0438,0.1460,-0.2199,0.0347,-0.4723,1.8143,0.0438,0.1460,1.8416,0.1511,0.3000,1,1,1.8542,-0.0443,0.1732,-0.1797,-0.0533,-0.4451,1.8542,-0.0443,0.1732,1.9386,-0.1329,0.3000,0,1
2.0375,0.0091,0.6191,-0.2331,-0.0062,2.2892,0.0833,0.2632,0.2512,0.0758,-0.3559,2.2892,0.0833,0.2632,2.3302,0.1500,0.4000,0,1,2.1993,-0.0546,0.2384,0.1622,-0.0627,-0.3807,2.1993,-0.0546,0.2384,2.2284,-0.1340,0.4000,1,1,1.8129,0.0448,0.1470,-0.2248,0.0343,-0.4721,1.8129,0.0448,0.1470,1.8434,0.1523,0.3000,1,1,1.9008,-0.0314,0.1681,-0.1364,-0.0413,-0.4510,1.9008,-0.0314,0.1681,1.9416,-0.1317,0.3000,0,1
2.0431,0.0097,0.6196,-0.2344,-0.0081,2.2892,0.0835,0.2633,0.2455,0.0758,-0.3563,2.2892,0.0835,0.2633,2.2691,0.1502,0.4000,1,1,2.1676,-0.0622,0.2432,0.1251,-0.0709,-0.3764,2.1676,-0.0622,0.2432,2.3338,-0.1338,0.4000,0,1,1.7893,0.0674,0.1515,-0.2543,0.0556,-0.4681,1.7893,0.0674,0.1515,1.9493,0.1533,0.3000,0,1,1.9008,-0.0312,0.1681,-0.1420,-0.0421,-0.4515,1.9008,-0.0312,0.1681,1.8800,-0.1307,0.3000,1,1
2.0479,0.0102,0.6205,-0.2271,-0.0039,2.2891,0.0836,0.2632,0.2409,0.0743,-0.3573,2.2891,0.0836,0.2632,2.2712,0.1515,0.4000,1,1,2.0943,-0.1101,0.2570,0.0469,-0.1201,-0.3635,2.0943,-0.1101,0.2570,2.3391,-0.1325,0.4000,0,1,1.7281,0.1125,0.1661,-0.3202,0.1011,-0.4544,1.7281,0.1125,0.1661,1.9534,0.1530,0.3000,0,1,1.9007,-0.0312,0.1680,-0.1470,-0.0420,-0.4525,1.9007,-0.0312,0.1680,1.8833,-0.1310,0.3000,1,1
2.0517,0.0107,0.6229,-0.2084,-0.0110,2.2896,0.0839,0.2635,0.2371,0.0758,-0.3594,2.2896,0.0839,0.2635,2.2741,0.1506,0.4000,1,1,2.0597,-0.1022,0.2721,0.0092,-0.1128,-0.3508,2.0597,-0.1022,0.2721,2.3419,-0.1334,0.4000,0,1,1.7024,0.0966,0.1797,-0.3502,0.0821,-0.4432,1.7024,0.0966,0.1797,1.9583,0.1548,0.3000,0,1,1.9014,-0.0308,0.1677,-0.1498,-0.0432,-0.4552,1.9014,-0.0308,0.1677,1.8842,-0.1291,0.3000,1,1
2.0555,0.0108,0.6240,-0.1921,-0.0170,2.2903,0.0838,0.2640,0.2335,0.0770,-0.3600,2.2903,0.0838,0.2640,2.2766,0.1496,0.4000,1,1,2.0296,-0.0763,0.2847,-0.0244,-0.0875,-0.3393,2.0296,-0.0763,0.2847,2.3448,-0.1344,0.4000,0,1,1.6820,0.0762,0.1921,-0.3746,0.0590,-0.4319,1.6820,0.0762,0.1921,1.9629,0.1561,0.3000,0,1,1.9023,-0.0309,0.1676,-0.1525,-0.0443,-0.4564,1.9023,-0.0309,0.1676,1.8851,-0.1278,0.3000,1,1
2.0589,0.0108,0.6243,-0.1905,-0.0228,2.2903,0.0836,0.2640,0.2297,0.0781,-0.3603,2.2903,0.0836,0.2640,2.2789,0.1484,0.4000,1,1,2.0632,-0.0537,0.2961,0.0058,-0.0644,-0.3282,2.0632,-0.0537,0.2961,2.3474,-0.1355,0.4000,0,1,1.6830,0.0634,0.2053,-0.3770,0.0440,-0.4190,1.6830,0.0634,0.2053,1.9672,0.1572,0.3000,0,1,1.9022,-0.0311,0.1678,-0.1557,-0.0455,-0.4565,1.9022,-0.0311,0.1678,1.8857,-0.1267,0.3000,1,1
2.0614,0.0105,0.6251,-0.1924,-0.0250,2.2900,0.0836,0.2637,0.2267,0.0788,-0.3614,2.2900,0.0836,0.2637,2.2797,0.1476,0.4000,1,1,2.1862,-0.0484,0.3207,0.1262,-0.0558,-0.3044,2.1862,-0.0484,0.3207,2.3496,-0.1363,0.4000,0,1,1.6732,0.0708,0.2196,-0.3896,0.0506,-0.4055,1.6732,0.0708,0.2196,1.9700,0.1573,0.3000,0,1,1.9018,-0.0310,0.1678,-0.1585,-0.0455,-0.4573,1.9018,-0.0310,0.1678,1.8859,-0.1266,0.3000,1,1
2.0644,0.0100,0.6256,-0.1988,-0.0191,2.2900,0.0837,0.2637,0.2242,0.0780,-0.3619,2.2900,0.0837,0.2637,2.2799,0.1483,0.4000,1,1,2.1905,-0.0744,0.3314,0.1277,-0.0820,-0.2942,2.1905,-0.0744,0.3314,2.3535,-0.1357,0.4000,0,1,1.6503,0.0887,0.2298,-0.4155,0.0708,-0.3958,1.6503,0.0887,0.2298,1.9722,0.1557,0.3000,0,1,1.9019,-0.0309,0.1677,-0.1617,-0.0440,-0.4579,1.9019,-0.0309,0.1677,1.8877,-0.1283,0.3000,1,1
2.0676,0.0092,0.6266,-0.2014,-0.0127,2.2903,0.0840,0.2639,0.2217,0.0776,-0.3627,2.2903,0.0840,0.2639,2.2802,0.1488,0.4000,1,1,2.1300,-0.1031,0.3375,0.0638,-0.1115,-0.2891,2.1300,-0.1031,0.3375,2.3576,-0.1352,0.4000,0,1,1.6351,0.0986,0.2358,-0.4336,0.0839,-0.3908,1.6351,0.0986,0.2358,1.9745,0.1537,0.3000,0,1,1.9021,-0.0305,0.1676,-0.1650,-0.0418,-0.4590,1.9021,-0.0305,0.1676,1.8898,-0.1303,0.3000,1,1
2.0707,0.0085,0.6281,-0.1992,-0.0086,2.2904,0.0841,0.2640,0.2190,0.0775,-0.3641,2.2904,0.0841,0.2640,2.2808,0.1489,0.4000,1,1,2.0585,-0.1327,0.3400,-0.0110,-0.1413,-0.2881,2.0585,-0.1327,0.3400,2.3613,-0.1351,0.4000,0,1,1.6307,0.1046,0.2384,-0.4408,0.0923,-0.3897,1.6307,0.1046,0.2384,1.9770,0.1522,0.3000,0,1,1.9024,-0.0306,0.1674,-0.1680,-0.0405,-0.4607,1.9024,-0.0306,0.1674,1.8915,-0.1318,0.3000,1,1
2.0737,0.0082,0.6300,-0.1976,-0.0120,2.2902,0.0845,0.2639,0.2156,0.0789,-0.3661,2.2902,0.0845,0.2639,2.2822,0.1479,0.4000,1,1,2.0184,-0.1558,0.3366,-0.0533,-0.1647,-0.2934,2.0184,-0.1558,0.3366,2.3638,-0.1361,0.4000,0,1,1.6620,0.0909,0.2362,-0.4127,0.0778,-0.3938,1.6620,0.0909,0.2362,1.9804,0.1525,0.3000,0,1,1.9021,-0.0302,0.1675,-0.1711,-0.0405,-0.4625,1.9021,-0.0302,0.1675,1.8920,-0.1315,0.3000,1,1
2.0758,0.0080,0.6322,-0.1869,-0.0186,2.2903,0.0840,0.2639,0.2130,0.0800,-0.3683,2.2903,0.0840,0.2639,2.2832,0.1464,0.4000,1,1,2.0224,-0.1678,0.3316,-0.0501,-0.1768,-0.3006,2.0224,-0.1678,0.3316,2.3649,-0.1375,0.4000,0,1,1.6713,0.0985,0.2303,-0.4061,0.0830,-0.4019,1.6713,0.0985,0.2303,1.9835,0.1536,0.3000,0,1,1.9022,-0.0307,0.1675,-0.1729,-0.0419,-0.4647,1.9022,-0.0307,0.1675,1.8912,-0.1303,0.3000,1,1
2.0780,0.0073,0.6342,-0.1695,-0.0181,2.2898,0.0837,0.2636,0.2104,0.0802,-0.3706,2.2898,0.0837,0.2636,2.2833,0.1458,0.4000,1,1,2.0363,-0.1642,0.3235,-0.0386,-0.1722,-0.3107,2.0363,-0.1642,0.3235,2.3672,-0.1381,0.4000,0,1,1.6790,0.1247,0.2265,-0.4011,0.1102,-0.4077,1.6790,0.1247,0.2265,1.9856,0.1528,0.3000,0,1,1.9017,-0.0313,0.1678,-0.1756,-0.0418,-0.4664,1.9017,-0.0313,0.1678,1.8914,-0.1311,0.3000,1,1
2.0823,0.0065,0.6355,-0.1679,-0.0216,2.2903,0.0838,0.2639,0.2063,0.0818,-0.3716,2.2903,0.0838,0.2639,2.2862,0.1443,0.4000,1,1,2.0480,-0.1371,0.3109,-0.0312,-0.1443,-0.3246,2.0480,-0.1371,0.3109,2.3310,-0.1796,0.4000,0,1,1.6964,0.1091,0.2163,-0.3880,0.0942,-0.4192,1.6964,0.1091,0.2163,1.9904,0.1527,0.3000,0,1,1.9023,-0.0313,0.1683,-0.1791,-0.0417,-0.4672,1.9023,-0.0313,0.1683,1.8933,-0.1312,0.3000,1,1
2.0868,0.0057,0.6368,-0.1917,-0.0374,2.2892,0.0830,0.2630,0.1994,0.0848,-0.3738,2.2892,0.0830,0.2630,2.2908,0.1404,0.4000,1,1,2.1938,-0.0928,0.3110,0.1106,-0.0944,-0.3258,2.1938,-0.0928,0.3110,2.3332,-0.1834,0.4000,0,1,1.7827,0.0663,0.2145,-0.3062,0.0492,-0.4223,1.7827,0.0663,0.2145,1.9973,0.1549,0.3000,0,1,1.9010,-0.0322,0.1683,-0.1843,-0.0448,-0.4685,1.9010,-0.0322,0.1683,1.8936,-0.1289,0.3000,1,1
2.0915,0.0045,0.6386,-0.2191,-0.0412,2.2891,0.0829,0.2628,0.1942,0.0865,-0.3758,2.2891,0.0829,0.2628,2.2940,0.1385,0.4000,1,1,2.2401,-0.0943,0.3026,0.1525,-0.0926,-0.3360,2.2401,-0.0943,0.3026,2.3373,-0.1852,0.4000,0,1,1.8913,0.0763,0.2066,-0.2030,0.0635,-0.4320,1.8913,0.0763,0.2066,1.9625,0.1145,0.3000,0,1,1.9008,-0.0325,0.1679,-0.1890,-0.0448,-0.4707,1.9008,-0.0325,0.1679,1.8958,-0.1293,0.3000,1,1
2.0968,0.0034,0.6404,-0.2522,-0.0452,2.2885,0.0829,0.2624,0.1879,0.0881,-0.3780,2.2885,0.0829,0.2624,2.2979,0.1366,0.4000,1,1,2.2940,-0.1120,0.2915,0.2022,-0.1064,-0.3489,2.2940,-0.1120,0.2915,2.3420,-0.1872,0.4000,0,1,1.9369,0.0889,0.1967,-0.1636,0.0782,-0.4437,1.9369,0.0889,0.1967,1.9685,0.1140,0.3000,0,1,1.9001,-0.0324,0.1682,-0.1949,-0.0447,-0.4722,1.9001,-0.0324,0.1682,1.8986,-0.1297,0.3000,1,1
2.1021,0.0022,0.6423,-0.2731,-0.0499,2.2880,0.0825,0.2619,0.1817,0.0895,-0.3804,2.2880,0.0825,0.2619,2.3018,0.1344,0.4000,1,1,2.3317,-0.1348,0.2838,0.2361,-0.1254,-0.3585,2.3317,-0.1348,0.2838,2.3466,-0.1892,0.4000,0,1,1.9602,0.0983,0.1891,-0.1465,0.0889,-0.4532,1.9602,0.0983,0.1891,1.9745,0.1137,0.3000,0,1,1.8994,-0.0328,0.1685,-0.2007,-0.0451,-0.4738,1.8994,-0.0328,0.1685,1.9013,-0.1299,0.3000,1,1
2.1076,0.0009,0.6435,-0.2783,-0.0578,2.2906,0.0850,0.2632,0.1778,0.0945,-0.3803,2.2906,0.0850,0.2632,2.3273,0.0516,0.4000,0,1,2.3485,-0.1494,0.2818,0.2492,-0.1361,-0.3617,2.3485,-0.1494,0.2818,2.3249,-0.1519,0.4000,1,1,1.9607,0.1007,0.1862,-0.1524,0.0911,-0.4573,1.9607,0.1007,0.1862,1.9551,0.1540,0.3000,1,1,1.8903,-0.0392,0.1713,-0.2146,-0.0526,-0.4722,1.8903,-0.0392,0.1713,1.9647,-0.1696,0.3000,0,1
2.1139,-0.0005,0.6444,-0.2791,-0.0728,2.2960,0.1112,0.2757,0.1735,0.1246,-0.3687,2.2960,0.1112,0.2757,2.3355,0.0472,0.4000,0,1,2.3488,-0.1502,0.2821,0.2452,-0.1322,-0.3623,2.3488,-0.1502,0.2821,2.3268,-0.1561,0.4000,1,1,1.9612,0.1000,0.1857,-0.1596,0.0891,-0.4587,1.9612,0.1000,0.1857,1.9617,0.1553,0.3000,1,1,1.8066,-0.0834,0.1780,-0.3005,-0.1050,-0.4664,1.8066,-0.0834,0.1780,1.9691,-0.1679,0.3000,0,1
2.1182,-0.0018,0.6470,-0.2589,-0.0609,2.3350,0.0049,0.3253,0.2160,0.0199,-0.3217,2.3350,0.0049,0.3253,2.3383,0.0483,0.4000,0,1,2.3492,-0.1509,0.2822,0.2396,-0.1348,-0.3648,2.3492,-0.1509,0.2822,2.3310,-0.1552,0.4000,1,1,1.9617,0.0991,0.1851,-0.1624,0.0912,-0.4619,1.9617,0.0991,0.1851,1.9623,0.1519,0.3000,1,1,1.7439,-0.0459,0.2037,-0.3709,-0.0668,-0.4433,1.7439,-0.0459,0.2037,1.9750,-0.1716,0.3000,0,1
2.1237,-0.0031,0.6467,-0.2507,-0.0679,2.2882,-0.0004,0.3389,0.1639,0.0139,-0.3078,2.2882,-0.0004,0.3389,2.4647,0.0855,0.5000,0,1,2.3490,-0.1522,0.2828,0.2349,-0.1335,-0.3639,2.3490,-0.1522,0.2828,2.3335,-0.1578,0.4000,1,1,1.9616,0.0978,0.1851,-0.1686,0.0897,-0.4616,1.9616,0.0978,0.1851,1.9668,0.1518,0.3000,1,1,1.7229,-0.0523,0.2169,-0.3965,-0.0763,-0.4298,1.7229,-0.0523,0.2169,1.9796,-0.1716,0.3000,0,1
2.1288,-0.0044,0.6455,-0.2424,-0.0771,2.2770,0.0305,0.3520,0.1451,0.0462,-0.2935,2.2770,0.0305,0.3520,2.4710,0.0824,0.5000,0,1,2.3488,-0.1529,0.2830,0.2308,-0.1311,-0.3625,2.3488,-0.1529,0.2830,2.3351,-0.1608,0.4000,1,1,1.9616,0.0971,0.1849,-0.1745,0.0883,-0.4606,1.9616,0.0971,0.1849,1.9713,0.1522,0.3000,1,1,1.7111,-0.0619,0.2314,-0.4120,-0.0895,-0.4141,1.7111,-0.0619,0.2314,2.0234,-0.1310,0.3000,0,1
2.1334,-0.0055,0.6451,-0.2324,-0.0834,2.2937,0.0634,0.3649,0.1540,0.0820,-0.2802,2.2937,0.0634,0.3649,2.4764,0.0800,0.5000,0,1,2.3488,-0.1532,0.2830,0.2270,-0.1292,-0.3621,2.3488,-0.1532,0.2830,2.3367,-0.1630,0.4000,1,1,1.9615,0.0968,0.1849,-0.1798,0.0876,-0.4602,1.9615,0.0968,0.1849,1.9749,0.1523,0.3000,1,1,1.6999,-0.0759,0.2443,-0.4261,-0.1063,-0.4008,1.6999,-0.0759,0.2443,1.9873,-0.1708,0.3000,0,1
2.1381,-0.0064,0.6457,-0.2277,-0.0838,2.3211,0.0846,0.3761,0.1747,0.1060,-0.2696,2.3211,0.0846,0.3761,2.4811,0.0790,0.5000,0,1,2.3486,-0.1533,0.2830,0.2221,-0.1288,-0.3627,2.3486,-0.1533,0.2830,2.3394,-0.1640,0.4000,1,1,1.9614,0.0968,0.1849,-0.1847,0.0880,-0.4608,1.9614,0.0968,0.1849,1.9777,0.1514,0.3000,1,1,1.7005,-0.0824,0.2555,-0.4297,-0.1124,-0.3902,1.7005,-0.0824,0.2555,1.9919,-0.1716,0.3000,0,1
2.1430,-0.0073,0.6471,-0.2250,-0.0823,2.3291,0.0954,0.3843,0.1770,0.1177,-0.2628,2.3291,0.0954,0.3843,2.4858,0.0785,0.5000,0,1,2.3485,-0.1534,0.2830,0.2168,-0.1287,-0.3641,2.3485,-0.1534,0.2830,2.3425,-0.1646,0.4000,1,1,1.9612,0.0966,0.1849,-0.1897,0.0886,-0.4622,1.9612,0.0966,0.1849,1.9803,0.1503,0.3000,1,1,1.7096,-0.0852,0.2640,-0.4255,-0.1133,-0.3831,1.7096,-0.0852,0.2640,1.9970,-0.1728,0.3000,0,1
2.1480,-0.0077,0.6488,-0.2208,-0.0862,2.3282,0.1157,0.3882,0.1689,0.1385,-0.2606,2.3282,0.1157,0.3882,2.4913,0.0772,0.5000,0,1,2.3486,-0.1533,0.2830,0.2124,-0.1278,-0.3658,2.3486,-0.1533,0.2830,2.3448,-0.1657,0.4000,1,1,1.9613,0.0966,0.1849,-0.1950,0.0878,-0.4639,1.9613,0.0966,0.1849,1.9839,0.1505,0.3000,1,1,1.6942,-0.0948,0.2681,-0.4446,-0.1258,-0.3807,1.6942,-0.0948,0.2681,2.0015,-0.1724,0.3000,0,1
2.1527,-0.0076,0.6509,-0.2109,-0.0960,2.3188,0.1582,0.3865,0.1494,0.1810,-0.2644,2.3188,0.1582,0.3865,2.4973,0.0753,0.5000,0,1,2.3482,-0.1533,0.2828,0.2086,-0.1263,-0.3681,2.3482,-0.1533,0.2828,2.3461,-0.1673,0.4000,1,1,1.9608,0.0968,0.1851,-0.2010,0.0855,-0.4658,1.9608,0.0968,0.1851,1.9883,0.1524,0.3000,1,1,1.6996,-0.1125,0.2717,-0.4410,-0.1478,-0.3792,1.6996,-0.1125,0.2717,2.0050,-0.1703,0.3000,0,1
2.1579,-0.0078,0.6530,-0.2043,-0.0953,2.3103,0.2287,0.3794,0.1292,0.2499,-0.2736,2.3103,0.2287,0.3794,2.5024,0.0753,0.5000,0,1,2.3483,-0.1543,0.2832,0.2035,-0.1277,-0.3698,2.3483,-0.1543,0.2832,2.3493,-0.1674,0.4000,1,1,1.9612,0.0958,0.1847,-0.2057,0.0844,-0.4683,1.9612,0.0958,0.1847,1.9913,0.1522,0.3000,1,1,1.7067,-0.1042,0.2670,-0.4400,-0.1389,-0.3860,1.7067,-0.1042,0.2670,2.0103,-0.1706,0.3000,0,1
2.1634,-0.0081,0.6550,-0.2171,-0.0871,2.2992,0.2890,0.3727,0.1094,0.3078,-0.2823,2.2992,0.2890,0.3727,2.4668,0.1167,0.5000,0,1,2.3481,-0.1550,0.2834,0.1968,-0.1303,-0.3716,2.3481,-0.1550,0.2834,2.3141,-0.2062,0.4000,1,1,1.9610,0.0950,0.1845,-0.2106,0.0851,-0.4705,1.9610,0.0950,0.1845,1.9935,0.1503,0.3000,1,1,1.7700,-0.0801,0.2571,-0.3856,-0.1059,-0.3979,1.7700,-0.0801,0.2571,2.0168,-0.1726,0.3000,0,1
2.1683,-0.0076,0.6579,-0.2292,-0.0813,2.2787,0.2823,0.3662,0.0865,0.2979,-0.2917,2.2787,0.2823,0.3662,2.4710,0.1183,0.5000,0,1,2.3476,-0.1553,0.2831,0.1907,-0.1327,-0.3748,2.3476,-0.1553,0.2831,2.3180,-0.2047,0.4000,1,1,1.9607,0.0949,0.1845,-0.2152,0.0853,-0.4734,1.9607,0.0949,0.1845,1.9955,0.1497,0.3000,1,1,1.9115,-0.0638,0.2610,-0.2514,-0.0769,-0.3969,1.9115,-0.0638,0.2610,2.0225,-0.1733,0.3000,0,1
2.1739,-0.0070,0.6610,-0.2449,-0.0734,2.3004,0.2043,0.3574,0.1107,0.2200,-0.3036,2.3004,0.2043,0.3574,2.4756,0.1206,0.5000,0,1,2.3479,-0.1540,0.2826,0.1843,-0.1338,-0.3784,2.3479,-0.1540,0.2826,2.3227,-0.2027,0.4000,1,1,1.9607,0.0960,0.1841,-0.2202,0.0871,-0.4769,1.9607,0.0960,0.1841,1.9578,0.1089,0.3000,1,1,1.9491,-0.0580,0.2501,-0.2205,-0.0673,-0.4109,1.9491,-0.0580,0.2501,2.1090,-0.1743,0.4000,0,1
2.1789,-0.0066,0.6629,-0.2517,-0.0615,2.3115,0.1513,0.3477,0.1226,0.1658,-0.3152,2.3115,0.1513,0.3477,2.4790,0.1234,0.5000,0,1,2.3481,-0.1541,0.2826,0.1779,-0.1368,-0.3803,2.3481,-0.1541,0.2826,2.3276,-0.2001,0.4000,1,1,1.9610,0.0960,0.1837,-0.2238,0.0890,-0.4792,1.9610,0.0960,0.1837,1.9590,0.1072,0.3000,1,1,1.9487,-0.0587,0.2375,-0.2266,-0.0661,-0.4254,1.9487,-0.0587,0.2375,2.1155,-0.1763,0.4000,0,1
2.1839,-0.0060,0.6628,-0.2485,-0.0535,2.3367,0.1436,0.3363,0.1446,0.1576,-0.3265,2.3367,0.1436,0.3363,2.4830,0.1255,0.5000,0,1,2.3483,-0.1540,0.2841,0.1721,-0.1390,-0.3787,2.3483,-0.1540,0.2841,2.3318,-0.1981,0.4000,1,1,1.9611,0.0961,0.1840,-0.2279,0.0900,-0.4788,1.9611,0.0961,0.1840,1.9607,0.1062,0.3000,1,1,1.9810,-0.0928,0.2262,-0.1980,-0.0975,-0.4366,1.9810,-0.0928,0.2262,2.1216,-0.1774,0.4000,0,1
2.1896,-0.0056,0.6625,-0.2457,-0.0431,2.3872,0.1288,0.3268,0.1916,0.1428,-0.3357,2.3872,0.1288,0.3268,2.4873,0.1280,0.5000,0,1,2.3480,-0.1534,0.2841,0.1646,-0.1408,-0.3784,2.3480,-0.1534,0.2841,2.3371,-0.1957,0.4000,1,1,1.9606,0.0967,0.1847,-0.2332,0.0923,-0.4778,1.9606,0.0967,0.1847,2.0029,0.1446,0.3000,1,1,2.0275,-0.1179,0.2166,-0.1571,-0.1192,-0.4459,2.0275,-0.1179,0.2166,2.1287,-0.1791,0.4000,0,1
2.1955,-0.0054,0.6618,-0.2294,-0.0365,2.4499,0.1359,0.3214,0.2491,0.1505,-0.3404,2.4499,0.1359,0.3214,2.4923,0.1295,0.5000,0,1,2.3474,-0.1531,0.2835,0.1572,-0.1421,-0.3783,2.3474,-0.1531,0.2835,2.3419,-0.1943,0.4000,1,1,1.9604,0.0974,0.1893,-0.2387,0.0942,-0.4725,1.9604,0.0974,0.1893,2.0058,0.1436,0.3000,1,1,2.0922,-0.1399,0.2133,-0.0983,-0.1382,-0.4485,2.0922,-0.1399,0.2133,2.1354,-0.1802,0.4000,0,1
2.2041,-0.0053,0.6614,-0.2336,-0.0180,2.4501,0.1356,0.3211,0.2434,0.1453,-0.3403,2.4501,0.1356,0.3211,2.4315,0.1332,0.5000,1,1,2.3598,-0.1675,0.2902,0.1586,-0.1594,-0.3712,2.3598,-0.1675,0.2902,2.4933,-0.1508,0.5000,0,1,1.9618,0.1083,0.1958,-0.2443,0.1092,-0.4656,1.9618,0.1083,0.1958,2.1117,0.1402,0.4000,0,1,2.0925,-0.1401,0.2131,-0.1092,-0.1368,-0.4483,2.0925,-0.1401,0.2131,1.9996,-0.1838,0.3000,1,1
2.2114,-0.0051,0.6637,-0.2304,-0.0162,2.4507,0.1347,0.3207,0.2370,0.1437,-0.3430,2.4507,0.1347,0.3207,2.4364,0.1338,0.5000,1,1,2.3267,-0.0623,0.3214,0.1162,-0.0553,-0.3423,2.3267,-0.0623,0.3214,2.5008,-0.1502,0.5000,0,1,2.0280,0.0265,0.2344,-0.1839,0.0286,-0.4293,2.0280,0.0265,0.2344,2.1187,0.1400,0.4000,0,1,2.0926,-0.1404,0.2127,-0.1166,-0.1372,-0.4510,2.0926,-0.1404,0.2127,2.0851,-0.1839,0.4000,1,1
2.2184,-0.0045,0.6654,-0.2331,-0.0060,2.4509,0.1345,0.3207,0.2317,0.1404,-0.3447,2.4509,0.1345,0.3207,2.4799,0.0964,0.5000,1,1,2.2470,-0.0479,0.3377,0.0289,-0.0432,-0.3277,2.2470,-0.0479,0.3377,2.5094,-0.1476,0.5000,0,1,1.9564,0.0169,0.2480,-0.2621,0.0198,-0.4174,1.9564,0.0169,0.2480,2.1241,0.1385,0.4000,0,1,2.0929,-0.1406,0.2126,-0.1247,-0.1369,-0.4528,2.0929,-0.1406,0.2126,2.0916,-0.1855,0.4000,1,1
2.2249,-0.0038,0.6663,-0.2354,0.0136,2.4523,0.1356,0.3218,0.2293,0.1363,-0.3445,2.4523,0.1356,0.3218,2.4818,0.1008,0.5000,1,1,2.2036,-0.0927,0.3536,-0.0225,-0.0886,-0.3127,2.2036,-0.0927,0.3536,2.5187,-0.1432,0.5000,0,1,1.9076,0.0605,0.2603,-0.3164,0.0686,-0.4060,1.9076,0.0605,0.2603,2.1280,0.1355,0.4000,0,1,2.0948,-0.1394,0.2116,-0.1319,-0.1338,-0.4547,2.0948,-0.1394,0.2116,2.0989,-0.1884,0.4000,1,1
2.2308,-0.0033,0.6681,-0.2445,0.0270,2.4523,0.1352,0.3217,0.2252,0.1325,-0.3464,2.4523,0.1352,0.3217,2.4837,0.1039,0.5000,1,1,2.2435,-0.0927,0.3672,0.0103,-0.0897,-0.3009,2.2435,-0.0927,0.3672,2.5263,-0.1400,0.5000,0,1,1.8973,0.0851,0.2744,-0.3310,0.0974,-0.3937,1.8973,0.0851,0.2744,2.1320,0.1334,0.4000,0,1,2.0947,-0.1398,0.2117,-0.1397,-0.1328,-0.4564,2.0947,-0.1398,0.2117,2.1047,-0.1905,0.4000,1,1
2.2356,-0.0029,0.6708,-0.2526,0.0351,2.4520,0.1350,0.3214,0.2211,0.1302,-0.3494,2.4520,0.1350,0.3214,2.4853,0.1057,0.5000,1,1,2.3248,-0.0661,0.3836,0.0869,-0.0663,-0.2872,2.3248,-0.0661,0.3836,2.5323,-0.1381,0.5000,0,1,1.9461,0.0877,0.2870,-0.2861,0.1007,-0.3838,1.9461,0.0877,0.2870,2.1357,0.1322,0.4000,0,1,2.0943,-0.1401,0.2119,-0.1460,-0.1322,-0.4589,2.0943,-0.1401,0.2119,2.1087,-0.1917,0.4000,1,1
2.2406,-0.0024,0.6732,-0.2614,0.0450,2.4517,0.1349,0.3212,0.2171,0.1277,-0.3520,2.4517,0.1349,0.3212,2.4469,0.1481,0.5000,1,1,2.3510,-0.0633,0.3938,0.1075,-0.0658,-0.2794,2.3510,-0.0633,0.3938,2.5387,-0.1356,0.5000,0,1,1.9795,0.0940,0.2976,-0.2565,0.1080,-0.3756,1.9795,0.0940,0.2976,2.1395,0.1307,0.4000,0,1,2.0939,-0.1402,0.2120,-0.1528,-0.1311,-0.4612,2.0939,-0.1402,0.2120,2.1133,-0.1930,0.4000,1,1
2.2457,-0.0018,0.6753,-0.2691,0.0558,2.4520,0.1354,0.3215,0.2136,0.1255,-0.3538,2.4520,0.1354,0.3215,2.4483,0.1507,0.5000,1,1,2.3409,-0.0736,0.3998,0.0910,-0.0770,-0.2755,2.3409,-0.0736,0.3998,2.5452,-0.1328,0.5000,0,1,1.9938,0.1062,0.3035,-0.2455,0.1219,-0.3718,1.9938,0.1062,0.3035,2.1431,0.1292,0.4000,0,1,2.0944,-0.1397,0.2117,-0.1588,-0.1292,-0.4636,2.0944,-0.1397,0.2117,2.1180,-0.1944,0.4000,1,1
2.2504,-0.0010,0.6777,-0.2718,0.0652,2.4519,0.1354,0.3215,0.2100,0.1230,-0.3562,2.4519,0.1354,0.3215,2.4496,0.1532,0.5000,1,1,2.3340,-0.0862,0.4012,0.0779,-0.0905,-0.2765,2.3340,-0.0862,0.4012,2.5511,-0.1302,0.5000,0,1,2.0025,0.1220,0.3050,-0.2394,0.1389,-0.3727,2.0025,0.1220,0.3050,2.1466,0.1280,0.4000,0,1,2.0943,-0.1396,0.2117,-0.1648,-0.1281,-0.4660,2.0943,-0.1396,0.2117,2.0821,-0.1554,0.4000,1,1
2.2548,-0.0001,0.6804,-0.2710,0.0740,2.4521,0.1354,0.3216,0.2068,0.1205,-0.3588,2.4521,0.1354,0.3216,2.4506,0.1557,0.5000,1,1,2.3237,-0.1040,0.3975,0.0610,-0.1087,-0.2829,2.3237,-0.1040,0.3975,2.5566,-0.1275,0.5000,0,1,1.9829,0.1394,0.3014,-0.2608,0.1592,-0.3790,1.9829,0.1394,0.3014,2.1498,0.1271,0.4000,0,1,2.0945,-0.1396,0.2116,-0.1702,-0.1273,-0.4688,2.0945,-0.1396,0.2116,2.0858,-0.1561,0.4000,1,1
2.2588,0.0009,0.6830,-0.2631,0.0832,2.4524,0.1355,0.3218,0.2041,0.1180,-0.3612,2.4524,0.1355,0.3218,2.4511,0.1583,0.5000,1,1,2.2890,-0.1336,0.3896,0.0189,-0.1365,-0.2934,2.2890,-0.1336,0.3896,2.5617,-0.1247,0.5000,0,1,1.9586,0.1700,0.2933,-0.2851,0.1935,-0.3897,1.9586,0.1700,0.2933,2.1527,0.1262,0.4000,0,1,2.0949,-0.1395,0.2114,-0.1750,-0.1263,-0.4716,2.0949,-0.1395,0.2114,2.0893,-0.1568,0.4000,1,1
2.2624,0.0018,0.6858,-0.2579,0.0931,2.4525,0.1351,0.3217,0.2017,0.1150,-0.3641,2.4525,0.1351,0.3217,2.4512,0.1610,0.5000,1,1,2.2544,-0.1767,0.3810,-0.0246,-0.1770,-0.3048,2.2544,-0.1767,0.3810,2.5666,-0.1218,0.5000,0,1,1.9239,0.2138,0.2823,-0.3173,0.2426,-0.4035,1.9239,0.2138,0.2823,2.1551,0.1251,0.4000,0,1,2.0949,-0.1399,0.2115,-0.1799,-0.1255,-0.4743,2.0949,-0.1399,0.2115,2.0924,-0.1577,0.4000,1,1
2.2648,0.0024,0.6892,-0.2494,0.0966,2.4519,0.1357,0.3215,0.1991,0.1146,-0.3677,2.4519,0.1357,0.3215,2.4511,0.1623,0.5000,1,1,2.2741,-0.1883,0.3748,-0.0091,-0.1907,-0.3144,2.2741,-0.1883,0.3748,2.5694,-0.1204,0.5000,0,1,1.9267,0.2197,0.2772,-0.3156,0.2489,-0.4120,1.9267,0.2197,0.2772,2.1571,0.1250,0.4000,0,1,2.0942,-0.1392,0.2117,-0.1835,-0.1245,-0.4775,2.0942,-0.1392,0.2117,2.0934,-0.1577,0.4000,1,1
2.2690,0.0032,0.6917,-0.2585,0.0909,2.4523,0.1350,0.3214,0.1945,0.1146,-0.3703,2.4523,0.1350,0.3214,2.4541,0.1620,0.5000,1,1,2.2941,-0.1464,0.3627,0.0114,-0.1513,-0.3290,2.2941,-0.1464,0.3627,2.5729,-0.1209,0.5000,0,1,1.9397,0.1969,0.2645,-0.3104,0.2228,-0.4272,1.9397,0.1969,0.2645,2.1619,0.1269,0.4000,0,1,2.0945,-0.1398,0.2118,-0.1868,-0.1266,-0.4799,2.0945,-0.1398,0.2118,2.0947,-0.1560,0.4000,1,1
2.2732,0.0038,0.6938,-0.2775,0.0744,2.4521,0.1354,0.3215,0.1882,0.1179,-0.3723,2.4521,0.1354,0.3215,2.4589,0.1597,0.5000,1,1,2.3392,-0.0867,0.3579,0.0591,-0.0952,-0.3359,2.3392,-0.0867,0.3579,2.5750,-0.1235,0.5000,0,1,1.9742,0.1377,0.2564,-0.2882,0.1558,-0.4374,1.9742,0.1377,0.2564,2.1682,0.1310,0.4000,0,1,2.0945,-0.1394,0.2115,-0.1888,-0.1295,-0.4823,2.0945,-0.1394,0.2115,2.1343,-0.1923,0.4000,1,1
2.2765,0.0042,0.6953,-0.2890,0.0668,2.4516,0.1356,0.3214,0.1835,0.1194,-0.3739,2.4516,0.1356,0.3214,2.5014,0.1187,0.5000,1,1,2.3873,-0.0621,0.3469,0.1061,-0.0735,-0.3484,2.3873,-0.0621,0.3469,2.5774,-0.1246,0.5000,0,1,2.0345,0.1070,0.2465,-0.2346,0.1187,-0.4488,2.0345,0.1070,0.2465,2.1725,0.1329,0.4000,0,1,2.0939,-0.1393,0.2118,-0.1918,-0.1310,-0.4835,2.0939,-0.1393,0.2118,2.1344,-0.1905,0.4000,1,1
2.2794,0.0049,0.6962,-0.2865,0.0607,2.4510,0.1354,0.3216,0.1792,0.1198,-0.3746,2.4510,0.1354,0.3216,2.5033,0.1183,0.5000,1,1,2.4612,-0.0494,0.3395,0.1782,-0.0652,-0.3567,2.4612,-0.0494,0.3395,2.5795,-0.1252,0.5000,0,1,2.1005,0.0991,0.2396,-0.1729,0.1049,-0.4566,2.1005,0.0991,0.2396,2.1762,0.1348,0.4000,0,1,2.0930,-0.1395,0.2126,-0.1948,-0.1328,-0.4836,2.0930,-0.1395,0.2126,2.1344,-0.1886,0.4000,1,1
2.2830,0.0061,0.6958,-0.2772,0.0557,2.4305,0.1423,0.3235,0.1549,0.1278,-0.3723,2.4305,0.1423,0.3235,2.5666,0.1585,0.5000,0,1,2.5001,-0.0736,0.3383,0.2123,-0.0917,-0.3575,2.5001,-0.0736,0.3383,2.5164,-0.1250,0.5000,1,1,2.1364,0.1073,0.2387,-0.1407,0.1092,-0.4571,2.1364,0.1073,0.2387,2.1144,0.1370,0.4000,1,1,2.0902,-0.1537,0.2235,-0.2014,-0.1488,-0.4723,2.0902,-0.1537,0.2235,2.1962,-0.1466,0.4000,0,1
2.2872,0.0065,0.6967,-0.2753,0.0480,2.3911,0.1430,0.3312,0.1103,0.1314,-0.3655,2.3911,0.1430,0.3312,2.5720,0.1576,0.5000,0,1,2.5008,-0.0737,0.3385,0.2095,-0.0904,-0.3582,2.5008,-0.0737,0.3385,2.5176,-0.1261,0.5000,1,1,2.1373,0.1072,0.2383,-0.1449,0.1078,-0.4584,2.1373,0.1072,0.2383,2.1176,0.1390,0.4000,1,1,2.0313,-0.1679,0.2345,-0.2640,-0.1619,-0.4622,2.0313,-0.1679,0.2345,2.1992,-0.1447,0.4000,0,1
2.2906,0.0070,0.6995,-0.2650,0.0519,2.3690,0.0625,0.3511,0.0812,0.0514,-0.3484,2.3690,0.0625,0.3511,2.5748,0.1587,0.5000,0,1,2.5007,-0.0740,0.3385,0.2056,-0.0918,-0.3610,2.5007,-0.0740,0.3385,2.5196,-0.1249,0.5000,1,1,2.1372,0.1067,0.2382,-0.1480,0.1075,-0.4613,2.1372,0.1067,0.2382,2.1185,0.1387,0.4000,1,1,2.0372,-0.0910,0.2490,-0.2581,-0.0847,-0.4505,2.0372,-0.0910,0.2490,2.2033,-0.1450,0.4000,0,1
2.2938,0.0070,0.7012,-0.2513,0.0462,2.3220,0.0553,0.3643,0.0304,0.0469,-0.3369,2.3220,0.0553,0.3643,2.5788,0.1577,0.5000,0,1,2.5014,-0.0743,0.3388,0.2036,-0.0908,-0.3624,2.5014,-0.0743,0.3388,2.5199,-0.1260,0.5000,1,1,2.1380,0.1064,0.2377,-0.1510,0.1065,-0.4635,2.1380,0.1064,0.2377,2.1204,0.1398,0.4000,1,1,1.9816,-0.0737,0.2631,-0.3156,-0.0662,-0.4381,1.9816,-0.0737,0.2631,2.2056,-0.1439,0.4000,0,1
2.2970,0.0068,0.7024,-0.2394,0.0313,2.2628,0.0922,0.3805,-0.0315,0.0864,-0.3219,2.2628,0.0922,0.3805,2.5842,0.1547,0.5000,0,1,2.5018,-0.0745,0.3391,0.2022,-0.0877,-0.3633,2.5018,-0.0745,0.3391,2.5191,-0.1291,0.5000,1,1,2.1386,0.1062,0.2374,-0.1552,0.1043,-0.4650,2.1386,0.1062,0.2374,2.1236,0.1426,0.4000,1,1,1.9214,-0.1031,0.2783,-0.3789,-0.0981,-0.4241,1.9214,-0.1031,0.2783,2.2065,-0.1413,0.4000,0,1
2.2998,0.0066,0.7043,-0.2269,0.0187,2.2549,0.1004,0.3934,-0.0431,0.0946,-0.3109,2.2549,0.1004,0.3934,2.5889,0.1521,0.5000,0,1,2.5018,-0.0742,0.3389,0.2005,-0.0846,-0.3654,2.5018,-0.0742,0.3389,2.5182,-0.1318,0.5000,1,1,2.1385,0.1065,0.2375,-0.1594,0.1029,-0.4668,2.1385,0.1065,0.2375,2.1262,0.1449,0.4000,1,1,1.8996,-0.1183,0.2914,-0.4025,-0.1174,-0.4129,1.8996,-0.1183,0.2914,2.2075,-0.1390,0.4000,0,1
2.3029,0.0063,0.7059,-0.2301,0.0105,2.2982,0.0842,0.4046,-0.0039,0.0779,-0.3013,2.2982,0.0842,0.4046,2.5932,0.1504,0.5000,0,1,2.5018,-0.0739,0.3389,0.1980,-0.0823,-0.3670,2.5018,-0.0739,0.3389,2.5182,-0.1336,0.5000,1,1,2.1384,0.1068,0.2376,-0.1634,0.1022,-0.4683,2.1384,0.1068,0.2376,2.1284,0.1463,0.4000,1,1,1.9092,-0.1130,0.3024,-0.3949,-0.1152,-0.4035,1.9092,-0.1130,0.3024,2.2094,-0.1377,0.4000,0,1
2.3057,0.0062,0.7075,-0.2398,0.0036,2.3455,0.0667,0.4143,0.0400,0.0604,-0.2932,2.3455,0.0667,0.4143,2.5970,0.1488,0.5000,0,1,2.5013,-0.0740,0.3386,0.1953,-0.0809,-0.3689,2.5013,-0.0740,0.3386,2.5180,-0.1352,0.5000,1,1,2.1379,0.1067,0.2377,-0.1674,0.1011,-0.4698,2.1379,0.1067,0.2377,2.1302,0.1475,0.4000,1,1,1.9692,-0.0948,0.3125,-0.3369,-0.0998,-0.3950,1.9692,-0.0948,0.3125,2.2112,-0.1365,0.4000,0,1
2.3089,0.0058,0.7087,-0.2475,-0.0056,2.3553,0.0654,0.4184,0.0461,0.0599,-0.2903,2.3553,0.0654,0.4184,2.6014,0.1468,0.5000,0,1,2.5013,-0.0740,0.3387,0.1928,-0.0787,-0.3700,2.5013,-0.0740,0.3387,2.5179,-0.1372,0.5000,1,1,2.1379,0.1067,0.2377,-0.1716,0.0999,-0.4710,2.1379,0.1067,0.2377,2.1327,0.1489,0.4000,1,1,1.9951,-0.0933,0.3171,-0.3132,-0.1009,-0.3916,1.9951,-0.0933,0.3171,2.2131,-0.1351,0.4000,0,1
2.3120,0.0053,0.7098,-0.2501,-0.0150,2.3579,0.0734,0.4172,0.0449,0.0688,-0.2926,2.3579,0.0734,0.4172,2.6059,0.1444,0.5000,0,1,2.5012,-0.0740,0.3386,0.1904,-0.0765,-0.3712,2.5012,-0.0740,0.3386,2.5176,-0.1396,0.5000,1,1,2.1377,0.1067,0.2378,-0.1758,0.0988,-0.4720,2.1377,0.1067,0.2378,2.1351,0.1502,0.4000,1,1,1.9975,-0.0991,0.3160,-0.3129,-0.1091,-0.3938,1.9975,-0.0991,0.3160,2.2149,-0.1338,0.4000,0,1
2.3149,0.0045,0.7112,-0.2450,-0.0236,2.3453,0.0865,0.4114,0.0285,0.0827,-0.2998,2.3453,0.0865,0.4114,2.6100,0.1420,0.5000,0,1,2.5012,-0.0740,0.3386,0.1881,-0.0741,-0.3726,2.5012,-0.0740,0.3386,2.5173,-0.1420,0.5000,1,1,2.1377,0.1067,0.2377,-0.1796,0.0980,-0.4735,2.1377,0.1067,0.2377,2.1373,0.1511,0.4000,1,1,1.9895,-0.1075,0.3102,-0.3227,-0.1196,-0.4010,1.9895,-0.1075,0.3102,2.2166,-0.1328,0.4000,0,1
2.3181,0.0035,0.7126,-0.2371,-0.0327,2.3105,0.1156,0.4017,-0.0113,0.1118,-0.3109,2.3105,0.1156,0.4017,2.6144,0.1392,0.5000,0,1,2.5017,-0.0743,0.3389,0.1860,-0.0718,-0.3737,2.5017,-0.0743,0.3389,2.5171,-0.1447,0.5000,1,1,2.1384,0.1064,0.2374,-0.1830,0.0970,-0.4752,2.1384,0.1064,0.2374,2.1398,0.1518,0.4000,1,1,1.9535,-0.1291,0.3003,-0.3601,-0.1444,-0.4123,1.9535,-0.1291,0.3003,2.2185,-0.1320,0.4000,0,1
2.3202,0.0026,0.7140,-0.2252,-0.0439,2.2964,0.1461,0.3930,-0.0301,0.1423,-0.3210,2.2964,0.1461,0.3930,2.6181,0.1360,0.5000,0,1,2.5011,-0.0741,0.3386,0.1841,-0.0687,-0.3754,2.5011,-0.0741,0.3386,2.5156,-0.1477,0.5000,1,1,2.1377,0.1067,0.2378,-0.1869,0.0960,-0.4762,2.1377,0.1067,0.2378,2.1417,0.1530,0.4000,1,1,1.9462,-0.1580,0.2937,-0.3666,-0.1769,-0.4203,1.9462,-0.1580,0.2937,2.2192,-0.1307,0.4000,0,1
2.3226,0.0013,0.7150,-0.2173,-0.0449,2.3154,0.1479,0.3825,-0.0138,0.1461,-0.3325,2.3154,0.1479,0.3825,2.6206,0.1346,0.5000,0,1,2.5009,-0.0743,0.3386,0.1815,-0.0675,-0.3764,2.5009,-0.0743,0.3386,2.5159,-0.1491,0.5000,1,1,2.1375,0.1065,0.2395,-0.1896,0.0968,-0.4755,2.1375,0.1065,0.2395,2.1422,0.1519,0.4000,1,1,1.9642,-0.1329,0.2827,-0.3520,-0.1502,-0.4323,1.9642,-0.1329,0.2827,2.2215,-0.1318,0.4000,0,1
2.3256,0.0006,0.7153,-0.2283,-0.0442,2.3367,0.1032,0.3692,0.0066,0.1030,-0.3461,2.3367,0.1032,0.3692,2.6234,0.1340,0.5000,0,1,2.5017,-0.0745,0.3390,0.1792,-0.0672,-0.3763,2.5017,-0.0745,0.3390,2.5169,-0.1498,0.5000,1,1,2.1383,0.1062,0.2392,-0.1918,0.0972,-0.4761,2.1383,0.1062,0.2392,2.1430,0.1511,0.4000,1,1,1.9771,-0.0866,0.2695,-0.3443,-0.1025,-0.4458,1.9771,-0.0866,0.2695,2.2245,-0.1327,0.4000,0,1
2.3280,0.0002,0.7150,-0.2539,-0.0430,2.4444,0.0481,0.3626,0.1142,0.0529,-0.3524,2.4444,0.0481,0.3626,2.6257,0.1339,0.5000,0,1,2.5008,-0.0741,0.3385,0.1758,-0.0668,-0.3765,2.5008,-0.0741,0.3385,2.5175,-0.1499,0.5000,1,1,2.1372,0.1066,0.2397,-0.1952,0.0981,-0.4753,2.1372,0.1066,0.2397,2.1433,0.1505,0.4000,1,1,2.0293,-0.0478,0.2592,-0.2964,-0.0608,-0.4558,2.0293,-0.0478,0.2592,2.2271,-0.1333,0.4000,0,1
2.3300,-0.0004,0.7150,-0.2731,-0.0482,2.5296,0.0334,0.3547,0.1977,0.0434,-0.3603,2.5296,0.0334,0.3547,2.6284,0.1322,0.5000,0,1,2.5001,-0.0734,0.3381,0.1734,-0.0647,-0.3769,2.5001,-0.0734,0.3381,2.5168,-0.1514,0.5000,1,1,2.1362,0.1072,0.2402,-0.1988,0.0981,-0.4748,2.1362,0.1072,0.2402,2.1441,0.1509,0.4000,1,1,2.0903,-0.0513,0.2498,-0.2370,-0.0624,-0.4652,2.0903,-0.0513,0.2498,2.2284,-0.1328,0.4000,0,1
2.3315,-0.0015,0.7149,-0.2616,-0.0524,2.5903,0.0409,0.3490,0.2562,0.0559,-0.3659,2.5903,0.0409,0.3490,2.6304,0.1302,0.5000,0,1,2.4989,-0.0732,0.3376,0.1709,-0.0628,-0.3773,2.4989,-0.0732,0.3376,2.5156,-0.1534,0.5000,1,1,2.1347,0.1075,0.2409,-0.2022,0.0985,-0.4740,2.1347,0.1075,0.2409,2.1442,0.1505,0.4000,1,1,2.1497,-0.0667,0.2454,-0.1781,-0.0746,-0.4695,2.1497,-0.0667,0.2454,2.2293,-0.1331,0.4000,0,1
2.3354,-0.0028,0.7149,-0.2638,-0.0493,2.5904,0.0411,0.3491,0.2525,0.0564,-0.3658,2.5904,0.0411,0.3491,2.5670,0.1295,0.5000,1,1,2.4687,-0.0889,0.3422,0.1374,-0.0794,-0.3727,2.4687,-0.0889,0.3422,2.6200,-0.1541,0.5000,0,1,2.1011,0.1155,0.2455,-0.2398,0.1066,-0.4694,2.1011,0.1155,0.2455,2.2477,0.1486,0.4000,0,1,2.1498,-0.0665,0.2452,-0.1822,-0.0728,-0.4697,2.1498,-0.0665,0.2452,2.1667,-0.1350,0.4000,1,1
2.3390,-0.0039,0.7153,-0.2540,-0.0383,2.5905,0.0410,0.3491,0.2496,0.0545,-0.3662,2.5905,0.0410,0.3491,2.5671,0.1307,0.5000,1,1,2.4023,-0.1424,0.3537,0.0686,-0.1360,-0.3616,2.4023,-0.1424,0.3537,2.6252,-0.1531,0.5000,0,1,2.0388,0.1541,0.2586,-0.3060,0.1464,-0.4567,2.0388,0.1541,0.2586,2.2495,0.1455,0.4000,0,1,2.1499,-0.0665,0.2451,-0.1866,-0.0698,-0.4702,2.1499,-0.0665,0.2451,2.1697,-0.1383,0.4000,1,1
2.3420,-0.0046,0.7174,-0.2315,-0.0390,2.5913,0.0412,0.3496,0.2473,0.0555,-0.3678,2.5913,0.0412,0.3496,2.5682,0.1298,0.5000,1,1,2.3601,-0.1390,0.3676,0.0233,-0.1336,-0.3498,2.3601,-0.1390,0.3676,2.6281,-0.1540,0.5000,0,1,2.0072,0.1357,0.2716,-0.3400,0.1271,-0.4458,2.0072,0.1357,0.2716,2.2527,0.1449,0.4000,0,1,2.1510,-0.0663,0.2447,-0.1884,-0.0691,-0.4727,2.1510,-0.0663,0.2447,2.1706,-0.1389,0.4000,1,1
2.3453,-0.0054,0.7186,-0.2238,-0.0451,2.5911,0.0412,0.3494,0.2434,0.0576,-0.3692,2.5911,0.0412,0.3494,2.5704,0.1278,0.5000,1,1,2.3666,-0.1025,0.3829,0.0257,-0.0960,-0.3357,2.3666,-0.1025,0.3829,2.6305,-0.1559,0.5000,0,1,2.0108,0.0900,0.2879,-0.3385,0.0802,-0.4307,2.0108,0.0900,0.2879,2.2569,0.1453,0.4000,0,1,2.1507,-0.0665,0.2449,-0.1916,-0.0698,-0.4737,2.1507,-0.0665,0.2449,2.1711,-0.1385,0.4000,1,1
2.3480,-0.0062,0.7190,-0.2158,-0.0449,2.5914,0.0411,0.3496,0.2410,0.0582,-0.3694,2.5914,0.0411,0.3496,2.5709,0.1271,0.5000,1,1,2.3554,-0.0958,0.3969,0.0114,-0.0892,-0.3221,2.3554,-0.0958,0.3969,2.6332,-0.1566,0.5000,0,1,2.0043,0.0793,0.3021,-0.3472,0.0700,-0.4169,2.0043,0.0793,0.3021,2.2595,0.1445,0.4000,0,1,2.1510,-0.0665,0.2448,-0.1941,-0.0691,-0.4742,2.1510,-0.0665,0.2448,2.1718,-0.1393,0.4000,1,1
2.3508,-0.0070,0.7186,-0.2171,-0.0410,2.5914,0.0411,0.3496,0.2384,0.0579,-0.3690,2.5914,0.0411,0.3496,2.5713,0.1271,0.5000,1,1,2.3424,-0.1055,0.4091,-0.0044,-0.0988,-0.3095,2.3424,-0.1055,0.4091,2.6366,-0.1567,0.5000,0,1,1.9903,0.0873,0.3142,-0.3641,0.0794,-0.4044,1.9903,0.0873,0.3142,2.2618,0.1429,0.4000,0,1,2.1511,-0.0665,0.2448,-0.1971,-0.0676,-0.4738,2.1511,-0.0665,0.2448,2.1732,-0.1409,0.4000,1,1
2.3536,-0.0077,0.7183,-0.2240,-0.0380,2.5912,0.0410,0.3495,0.2356,0.0577,-0.3688,2.5912,0.0410,0.3495,2.5717,0.1269,0.5000,1,1,2.3530,-0.1081,0.4189,0.0032,-0.1004,-0.2994,2.3530,-0.1081,0.4189,2.6399,-0.1569,0.5000,0,1,1.9971,0.0906,0.3241,-0.3600,0.0847,-0.3942,1.9971,0.0906,0.3241,2.2642,0.1416,0.4000,0,1,2.1509,-0.0666,0.2449,-0.2003,-0.0666,-0.4734,2.1509,-0.0666,0.2449,2.1744,-0.1422,0.4000,1,1
2.3564,-0.0084,0.7183,-0.2316,-0.0361,2.5911,0.0409,0.3494,0.2328,0.0577,-0.3689,2.5911,0.0409,0.3494,2.5722,0.1265,0.5000,1,1,2.3672,-0.1085,0.4252,0.0144,-0.0996,-0.2931,2.3672,-0.1085,0.4252,2.6429,-0.1573,0.5000,0,1,2.0101,0.0922,0.3304,-0.3497,0.0880,-0.3879,2.0101,0.0922,0.3304,2.2666,0.1405,0.4000,0,1,2.1507,-0.0667,0.2450,-0.2035,-0.0657,-0.4733,2.1507,-0.0667,0.2450,2.1754,-0.1433,0.4000,1,1
2.3593,-0.0090,0.7185,-0.2372,-0.0338,2.5911,0.0409,0.3494,0.2300,0.0577,-0.3691,2.5911,0.0409,0.3494,2.5728,0.1264,0.5000,1,1,2.3693,-0.1135,0.4266,0.0135,-0.1041,-0.2919,2.3693,-0.1135,0.4266,2.6462,-0.1574,0.5000,0,1,2.0171,0.0957,0.3318,-0.3455,0.0931,-0.3867,2.0171,0.0957,0.3318,2.2692,0.1395,0.4000,0,1,2.1507,-0.0667,0.2450,-0.2065,-0.0647,-0.4735,2.1507,-0.0667,0.2450,2.1766,-0.1443,0.4000,1,1
2.3623,-0.0094,0.7191,-0.2380,-0.0325,2.5910,0.0409,0.3494,0.2269,0.0577,-0.3697,2.5910,0.0409,0.3494,2.5736,0.1263,0.5000,1,1,2.3624,-0.1181,0.4232,0.0036,-0.1086,-0.2959,2.3624,-0.1181,0.4232,2.6494,-0.1576,0.5000,0,1,2.0196,0.1016,0.3282,-0.3461,0.0998,-0.3909,2.0196,0.1016,0.3282,2.2721,0.1389,0.4000,0,1,2.1506,-0.0668,0.2450,-0.2097,-0.0642,-0.4741,2.1506,-0.0668,0.2450,2.1778,-0.1450,0.4000,1,1
2.3653,-0.0096,0.7198,-0.2291,-0.0319,2.5913,0.0408,0.3495,0.2243,0.0576,-0.3703,2.5913,0.0408,0.3495,2.5745,0.1262,0.5000,1,1,2.3478,-0.1282,0.4156,-0.0137,-0.1191,-0.3042,2.3478,-0.1282,0.4156,2.6525,-0.1577,0.5000,0,1,2.0083,0.1160,0.3203,-0.3608,0.1141,-0.3995,2.0083,0.1160,0.3203,2.2749,0.1385,0.4000,0,1,2.1510,-0.0669,0.2449,-0.2124,-0.0641,-0.4749,2.1510,-0.0669,0.2449,2.1788,-0.1453,0.4000,1,1
2.3681,-0.0097,0.7206,-0.2182,-0.0298,2.5914,0.0410,0.3496,0.2217,0.0573,-0.3710,2.5914,0.0410,0.3496,2.5750,0.1265,0.5000,1,1,2.3253,-0.1565,0.4053,-0.0384,-0.1480,-0.3153,2.3253,-0.1565,0.4053,2.6556,-0.1574,0.5000,0,1,1.9796,0.1478,0.3101,-0.3930,0.1459,-0.4105,1.9796,0.1478,0.3101,2.2774,0.1380,0.4000,0,1,2.1511,-0.0667,0.2447,-0.2152,-0.0634,-0.4759,2.1511,-0.0667,0.2447,2.1799,-0.1458,0.4000,1,1
2.3706,-0.0096,0.7213,-0.2078,-0.0295,2.5907,0.0405,0.3492,0.2185,0.0566,-0.3721,2.5907,0.0405,0.3492,2.5755,0.1267,0.5000,1,1,2.3428,-0.1715,0.3982,-0.0230,-0.1626,-0.3231,2.3428,-0.1715,0.3982,2.6581,-0.1572,0.5000,0,1,1.9992,0.1531,0.3024,-0.3760,0.1517,-0.4189,1.9992,0.1531,0.3024,2.2799,0.1380,0.4000,0,1,2.1502,-0.0673,0.2456,-0.2186,-0.0642,-0.4757,2.1502,-0.0673,0.2456,2.1805,-0.1458,0.4000,1,1
2.3745,-0.0099,0.7212,-0.2101,-0.0337,2.5912,0.0413,0.3496,0.2149,0.0585,-0.3716,2.5912,0.0413,0.3496,2.5780,0.1256,0.5000,1,1,2.3538,-0.1373,0.3855,-0.0164,-0.1280,-0.3357,2.3538,-0.1373,0.3855,2.6614,-0.1583,0.5000,0,1,2.0079,0.1138,0.2898,-0.3706,0.1113,-0.4314,2.0079,0.1138,0.2898,2.2844,0.1386,0.4000,0,1,2.1510,-0.0665,0.2459,-0.2215,-0.0641,-0.4753,2.1510,-0.0665,0.2459,2.1819,-0.1452,0.4000,1,1
2.3790,-0.0102,0.7204,-0.2326,-0.0390,2.5907,0.0413,0.3494,0.2095,0.0597,-0.3710,2.5907,0.0413,0.3494,2.5812,0.1242,0.5000,1,1,2.4636,-0.0944,0.3816,0.0878,-0.0808,-0.3388,2.4636,-0.0944,0.3816,2.6651,-0.1595,0.5000,0,1,2.0499,0.0733,0.2783,-0.3321,0.0706,-0.4421,2.0499,0.0733,0.2783,2.2897,0.1393,0.4000,0,1,2.1503,-0.0663,0.2459,-0.2263,-0.0650,-0.4745,2.1503,-0.0663,0.2459,2.1836,-0.1445,0.4000,1,1
2.3828,-0.0104,0.7206,-0.2537,-0.0377,2.5899,0.0409,0.3488,0.2050,0.0591,-0.3718,2.5899,0.0409,0.3488,2.5828,0.1243,0.5000,1,1,2.5505,-0.0835,0.3729,0.1703,-0.0667,-0.3477,2.5505,-0.0835,0.3729,2.6691,-0.1595,0.5000,0,1,2.1594,0.0583,0.2739,-0.2258,0.0602,-0.4467,2.1594,0.0583,0.2739,2.2933,0.1389,0.4000,0,1,2.1492,-0.0668,0.2462,-0.2313,-0.0652,-0.4744,2.1492,-0.0668,0.2462,2.1856,-0.1449,0.4000,1,1
2.3870,-0.0104,0.7213,-0.2619,-0.0330,2.5891,0.0403,0.3483,0.2003,0.0573,-0.3730,2.5891,0.0403,0.3483,2.5844,0.1252,0.5000,1,1,2.6052,-0.0836,0.3651,0.2205,-0.0660,-0.3562,2.6052,-0.0836,0.3651,2.6740,-0.1586,0.5000,0,1,2.2247,0.0623,0.2668,-0.1646,0.0673,-0.4545,2.2247,0.0623,0.2668,2.2968,0.1380,0.4000,0,1,2.1482,-0.0673,0.2468,-0.2368,-0.0647,-0.4745,2.1482,-0.0673,0.2468,2.1884,-0.1458,0.4000,1,1
2.3920,-0.0100,0.7220,-0.2508,-0.0325,2.5707,0.0468,0.3499,0.1768,0.0626,-0.3721,2.5707,0.0468,0.3499,2.6483,0.0857,0.5000,0,1,2.6347,-0.0846,0.3622,0.2450,-0.0667,-0.3598,2.6347,-0.0846,0.3622,2.6130,-0.1581,0.5000,1,1,2.2573,0.0627,0.2659,-0.1370,0.0683,-0.4561,2.2573,0.0627,0.2659,2.2357,0.1383,0.4000,1,1,2.1449,-0.0716,0.2493,-0.2450,-0.0696,-0.4727,2.1449,-0.0716,0.2493,2.2925,-0.1455,0.4000,0,1
2.3984,-0.0097,0.7229,-0.2486,-0.0365,2.4922,0.0885,0.3563,0.0902,0.1016,-0.3666,2.4922,0.0885,0.3563,2.6553,0.0852,0.5000,0,1,2.6352,-0.0853,0.3626,0.2394,-0.0669,-0.3603,2.6352,-0.0853,0.3626,2.6169,-0.1586,0.5000,1,1,2.2580,0.0621,0.2655,-0.1429,0.0666,-0.4574,2.2580,0.0621,0.2655,2.2407,0.1393,0.4000,1,1,2.1026,-0.0940,0.2561,-0.2925,-0.0950,-0.4668,2.1026,-0.0940,0.2561,2.2984,-0.1445,0.4000,0,1
2.4027,-0.0096,0.7250,-0.2313,-0.0330,2.4308,0.1104,0.3763,0.0241,0.1209,-0.3487,2.4308,0.1104,0.3763,2.6591,0.0860,0.5000,0,1,2.6349,-0.0849,0.3623,0.2346,-0.0676,-0.3627,2.6349,-0.0849,0.3623,2.6197,-0.1579,0.5000,1,1,2.2577,0.0625,0.2655,-0.1473,0.0673,-0.4595,2.2577,0.0625,0.2655,2.2425,0.1387,0.4000,1,1,2.0663,-0.1001,0.2737,-0.3332,-0.1015,-0.4513,2.0663,-0.1001,0.2737,2.3031,-0.1451,0.4000,0,1
2.4074,-0.0092,0.7271,-0.2145,-0.0271,2.3840,0.0890,0.3924,-0.0261,0.0975,-0.3347,2.3840,0.0890,0.3924,2.6629,0.0875,0.5000,0,1,2.6351,-0.0854,0.3625,0.2297,-0.0700,-0.3646,2.6351,-0.0854,0.3625,2.6233,-0.1564,0.5000,1,1,2.2579,0.0619,0.2655,-0.1514,0.0670,-0.4616,2.2579,0.0619,0.2655,2.2443,0.1380,0.4000,1,1,2.0460,-0.0782,0.2856,-0.3594,-0.0788,-0.4415,2.0460,-0.0782,0.2856,2.3086,-0.1459,0.4000,0,1
2.4116,-0.0088,0.7278,-0.2090,-0.0196,2.3700,0.0805,0.4059,-0.0433,0.0885,-0.3219,2.3700,0.0805,0.4059,2.7062,0.1294,0.5000,0,1,2.6353,-0.0859,0.3628,0.2252,-0.0727,-0.3650,2.6353,-0.0859,0.3628,2.6266,-0.1546,0.5000,1,1,2.2583,0.0614,0.2654,-0.1546,0.0672,-0.4624,2.2583,0.0614,0.2654,2.2455,0.1369,0.4000,1,1,2.0314,-0.0618,0.2980,-0.3791,-0.0604,-0.4298,2.0314,-0.0618,0.2980,2.3139,-0.1470,0.4000,0,1
2.4149,-0.0081,0.7286,-0.2111,-0.0165,2.4385,0.0473,0.4229,0.0227,0.0558,-0.3057,2.4385,0.0473,0.4229,2.7090,0.1307,0.5000,0,1,2.6352,-0.0848,0.3625,0.2215,-0.0731,-0.3661,2.6352,-0.0848,0.3625,2.6283,-0.1532,0.5000,1,1,2.2580,0.0625,0.2656,-0.1580,0.0680,-0.4630,2.2580,0.0625,0.2656,2.2463,0.1371,0.4000,1,1,2.0330,-0.0562,0.3151,-0.3811,-0.0544,-0.4135,2.0330,-0.0562,0.3151,2.3176,-0.1468,0.4000,0,1
2.4176,-0.0072,0.7304,-0.2106,-0.0195,2.4834,0.0542,0.4382,0.0646,0.0627,-0.2922,2.4834,0.0542,0.4382,2.7121,0.1310,0.5000,0,1,2.6351,-0.0847,0.3623,0.2190,-0.0732,-0.3681,2.6351,-0.0847,0.3623,2.6286,-0.1529,0.5000,1,1,2.2579,0.0627,0.2656,-0.1610,0.0668,-0.4648,2.2579,0.0627,0.2656,2.2474,0.1386,0.4000,1,1,1.9915,-0.0804,0.3277,-0.4246,-0.0815,-0.4027,1.9915,-0.0804,0.3277,2.3199,-0.1454,0.4000,0,1
2.4208,-0.0064,0.7327,-0.2109,-0.0231,2.4333,0.0802,0.4467,0.0105,0.0869,-0.2860,2.4333,0.0802,0.4467,2.7158,0.1311,0.5000,0,1,2.6352,-0.0849,0.3623,0.2162,-0.0735,-0.3704,2.6352,-0.0849,0.3623,2.6292,-0.1528,0.5000,1,1,2.2580,0.0625,0.2655,-0.1643,0.0651,-0.4672,2.2580,0.0625,0.2655,2.2491,0.1400,0.4000,1,1,1.9802,-0.0990,0.3379,-0.4383,-0.1028,-0.3948,1.9802,-0.0990,0.3379,2.3225,-0.1439,0.4000,0,1
2.4242,-0.0058,0.7354,-0.2158,-0.0219,2.3756,0.1084,0.4508,-0.0511,0.1131,-0.2846,2.3756,0.1084,0.4508,2.7191,0.1319,0.5000,0,1,2.6353,-0.0852,0.3624,0.2128,-0.0748,-0.3730,2.6353,-0.0852,0.3624,2.6309,-0.1520,0.5000,1,1,2.2582,0.0622,0.2654,-0.1674,0.0643,-0.4700,2.2582,0.0622,0.2654,2.2504,0.1404,0.4000,1,1,1.9817,-0.1023,0.3417,-0.4403,-0.1062,-0.3937,1.9817,-0.1023,0.3417,2.3262,-0.1435,0.4000,0,1
2.4279,-0.0055,0.7383,-0.2294,-0.0149,2.3504,0.1299,0.4523,-0.0795,0.1342,-0.2860,2.3504,0.1299,0.4523,2.7218,0.1336,0.5000,0,1,2.6351,-0.0854,0.3624,0.2084,-0.0768,-0.3759,2.6351,-0.0854,0.3624,2.6335,-0.1504,0.5000,1,1,2.2580,0.0620,0.2654,-0.1709,0.0650,-0.4729,2.2580,0.0620,0.2654,2.2510,0.1394,0.4000,1,1,1.9980,-0.0939,0.3405,-0.4285,-0.0948,-0.3978,1.9980,-0.0939,0.3405,2.3308,-0.1446,0.4000,0,1
2.4313,-0.0052,0.7413,-0.2404,-0.0067,2.3603,0.1277,0.4474,-0.0719,0.1324,-0.2939,2.3603,0.1277,0.4474,2.6840,0.0955,0.5000,0,1,2.6350,-0.0854,0.3623,0.2042,-0.0788,-0.3790,2.6350,-0.0854,0.3623,2.6361,-0.1485,0.5000,1,1,2.2579,0.0621,0.2654,-0.1738,0.0661,-0.4759,2.2579,0.0621,0.2654,2.2512,0.1381,0.4000,1,1,2.0302,-0.0919,0.3380,-0.4005,-0.0894,-0.4033,2.0302,-0.0919,0.3380,2.3353,-0.1459,0.4000,0,1
2.4343,-0.0049,0.7443,-0.2467,-0.0017,2.3859,0.1305,0.4405,-0.0486,0.1353,-0.3038,2.3859,0.1305,0.4405,2.6863,0.0968,0.5000,0,1,2.6346,-0.0851,0.3620,0.2004,-0.0799,-0.3823,2.6346,-0.0851,0.3620,2.6378,-0.1472,0.5000,1,1,2.2574,0.0624,0.2656,-0.1770,0.0670,-0.4787,2.2574,0.0624,0.2656,2.2515,0.1375,0.4000,1,1,2.0252,-0.1183,0.3289,-0.4089,-0.1141,-0.4154,2.0252,-0.1183,0.3289,2.3390,-0.1465,0.4000,0,1
2.4376,-0.0043,0.7472,-0.2462,-0.0017,2.3967,0.1179,0.4306,-0.0411,0.1221,-0.3166,2.3967,0.1179,0.4306,2.6896,0.0974,0.5000,0,1,2.6343,-0.0848,0.3615,0.1968,-0.0802,-0.3857,2.6343,-0.0848,0.3615,2.6391,-0.1466,0.5000,1,1,2.2570,0.0628,0.2655,-0.1807,0.0668,-0.4817,2.2570,0.0628,0.2655,2.2528,0.1380,0.4000,1,1,2.0493,-0.1274,0.3252,-0.3881,-0.1238,-0.4220,2.0493,-0.1274,0.3252,2.3423,-0.1460,0.4000,0,1
2.4417,-0.0038,0.7485,-0.2493,0.0066,2.4699,0.0752,0.4229,0.0287,0.0788,-0.3256,2.4699,0.0752,0.4229,2.6926,0.0994,0.5000,0,1,2.6344,-0.0853,0.3617,0.1922,-0.0828,-0.3868,2.6344,-0.0853,0.3617,2.6425,-0.1446,0.5000,1,1,2.2570,0.0620,0.2654,-0.1843,0.0670,-0.4831,2.2570,0.0620,0.2654,2.2538,0.1369,0.4000,1,1,2.0615,-0.0965,0.3124,-0.3808,-0.0902,-0.4361,2.0615,-0.0965,0.3124,2.3077,-0.1871,0.4000,0,1
2.4452,-0.0038,0.7484,-0.2466,0.0144,2.5771,0.0795,0.4191,0.1331,0.0814,-0.3293,2.5771,0.0795,0.4191,2.6950,0.1009,0.5000,0,1,2.6335,-0.0853,0.3615,0.1871,-0.0842,-0.3869,2.6335,-0.0853,0.3615,2.6450,-0.1431,0.5000,1,1,2.2561,0.0623,0.2658,-0.1881,0.0688,-0.4826,2.2561,0.0623,0.2658,2.2542,0.1353,0.4000,1,1,2.1865,-0.0758,0.3110,-0.2597,-0.0683,-0.4374,2.1865,-0.0758,0.3110,2.3123,-0.1886,0.4000,0,1
2.4497,-0.0038,0.7482,-0.2458,0.0145,2.6089,0.0980,0.4077,0.1607,0.0995,-0.3405,2.6089,0.0980,0.4077,2.6994,0.1010,0.5000,0,1,2.6337,-0.0850,0.3615,0.1828,-0.0839,-0.3867,2.6337,-0.0850,0.3615,2.6475,-0.1430,0.5000,1,1,2.2562,0.0625,0.2656,-0.1925,0.0691,-0.4826,2.2562,0.0625,0.2656,2.2567,0.1354,0.4000,1,1,2.2552,-0.1004,0.3020,-0.1959,-0.0938,-0.4462,2.2552,-0.1004,0.3020,2.3168,-0.1886,0.4000,0,1
2.4545,-0.0037,0.7481,-0.2461,0.0151,2.6359,0.1102,0.3986,0.1831,0.1111,-0.3495,2.6359,0.1102,0.3986,2.7042,0.1012,0.5000,0,1,2.6336,-0.0847,0.3616,0.1779,-0.0837,-0.3865,2.6336,-0.0847,0.3616,2.6504,-0.1428,0.5000,1,1,2.2561,0.0629,0.2657,-0.1974,0.0696,-0.4824,2.2561,0.0629,0.2657,2.2594,0.1353,0.4000,1,1,2.2960,-0.1284,0.2930,-0.1604,-0.1223,-0.4551,2.2960,-0.1284,0.2930,2.3217,-0.1886,0.4000,0,1
2.4595,-0.0037,0.7478,-0.2409,0.0185,2.6664,0.1316,0.3930,0.2094,0.1314,-0.3548,2.6664,0.1316,0.3930,2.7086,0.1018,0.5000,0,1,2.6332,-0.0835,0.3615,0.1722,-0.0830,-0.3863,2.6332,-0.0835,0.3615,2.6539,-0.1421,0.5000,1,1,2.2555,0.0642,0.2663,-0.2027,0.0717,-0.4815,2.2555,0.0642,0.2663,2.2619,0.1347,0.4000,1,1,2.3127,-0.1482,0.2869,-0.1494,-0.1418,-0.4609,2.3127,-0.1482,0.2869,2.3271,-0.1892,0.4000,0,1
2.4654,-0.0036,0.7476,-0.2449,0.0325,2.6662,0.1319,0.3929,0.2051,0.1289,-0.3547,2.6662,0.1319,0.3929,2.6854,0.1446,0.5000,1,1,2.6339,-0.1163,0.3662,0.1647,-0.1181,-0.3814,2.6339,-0.1163,0.3662,2.6817,-0.2193,0.5000,0,1,2.2737,0.1052,0.2707,-0.1881,0.1150,-0.4769,2.2737,0.1052,0.2707,2.3258,0.0920,0.4000,0,1,2.3125,-0.1479,0.2867,-0.1575,-0.1393,-0.4609,2.3125,-0.1479,0.2867,2.3081,-0.1518,0.4000,1,1
2.4725,-0.0033,0.7483,-0.2620,0.0298,2.6665,0.1324,0.3921,0.1980,0.1299,-0.3562,2.6665,0.1324,0.3921,2.6510,0.1043,0.5000,1,1,2.6587,-0.0724,0.4193,0.1841,-0.0746,-0.3290,2.6587,-0.0724,0.4193,2.8085,-0.1795,0.6000,0,1,2.3024,0.0669,0.3186,-0.1679,0.0752,-0.4297,2.3024,0.0669,0.3186,2.3334,0.0928,0.4000,0,1,2.3131,-0.1475,0.2850,-0.1636,-0.1394,-0.4633,2.3131,-0.1475,0.2850,2.3129,-0.1511,0.4000,1,1
2.4779,-0.0029,0.7509,-0.2675,0.0170,2.6669,0.1325,0.3923,0.1913,0.1322,-0.3586,2.6669,0.1325,0.3923,2.6560,0.1027,0.5000,1,1,2.6318,-0.0117,0.4343,0.1537,-0.0114,-0.3166,2.6318,-0.0117,0.4343,2.8124,-0.1812,0.6000,0,1,2.2936,-0.0136,0.3337,-0.1845,-0.0076,-0.4172,2.2936,-0.0136,0.3337,2.3403,0.0954,0.4000,0,1,2.3136,-0.1473,0.2846,-0.1667,-0.1416,-0.4663,2.3136,-0.1473,0.2846,2.3147,-0.1486,0.4000,1,1
2.4835,-0.0026,0.7514,-0.2717,0.0227,2.6664,0.1354,0.3932,0.1860,0.1338,-0.3582,2.6664,0.1354,0.3932,2.6590,0.1037,0.5000,1,1,2.6140,-0.0281,0.4474,0.1299,-0.0285,-0.3040,2.6140,-0.0281,0.4474,2.8185,-0.1802,0.6000,0,1,2.3036,-0.0063,0.3472,-0.1799,0.0004,-0.4042,2.3036,-0.0063,0.3472,2.3053,0.0549,0.4000,0,1,2.3136,-0.1444,0.2837,-0.1731,-0.1379,-0.4677,2.3136,-0.1444,0.2837,2.3188,-0.1491,0.4000,1,1
2.4890,-0.0027,0.7508,-0.2800,0.0337,2.6673,0.1359,0.3937,0.1829,0.1325,-0.3571,2.6673,0.1359,0.3937,2.7009,0.1457,0.5000,1,1,2.6505,-0.0720,0.4617,0.1591,-0.0747,-0.2891,2.6505,-0.0720,0.4617,2.8255,-0.1781,0.6000,0,1,2.2863,0.0381,0.3603,-0.2012,0.0476,-0.3905,2.2863,0.0381,0.3603,2.3093,0.0527,0.4000,0,1,2.3148,-0.1439,0.2830,-0.1789,-0.1353,-0.4678,2.3148,-0.1439,0.2830,2.3239,-0.1511,0.4000,1,1
2.4943,-0.0028,0.7500,-0.2910,0.0429,2.6674,0.1354,0.3936,0.1789,0.1306,-0.3564,2.6674,0.1354,0.3936,2.7028,0.1473,0.5000,1,1,2.6740,-0.1071,0.4746,0.1751,-0.1119,-0.2754,2.6740,-0.1071,0.4746,2.8320,-0.1764,0.6000,0,1,2.2824,0.0872,0.3729,-0.2078,0.0990,-0.3771,2.2824,0.0872,0.3729,2.3134,0.0507,0.4000,0,1,2.3148,-0.1444,0.2832,-0.1854,-0.1338,-0.4668,2.3148,-0.1444,0.2832,2.3286,-0.1530,0.4000,1,1
2.4990,-0.0030,0.7504,-0.2942,0.0515,2.6675,0.1346,0.3933,0.1754,0.1287,-0.3571,2.6675,0.1346,0.3933,2.7042,0.1487,0.5000,1,1,2.6790,-0.1185,0.4846,0.1738,-0.1246,-0.2658,2.6790,-0.1185,0.4846,2.8379,-0.1749,0.6000,0,1,2.3169,0.1267,0.3826,-0.1752,0.1389,-0.3678,2.3169,0.1267,0.3826,2.3170,0.0488,0.4000,0,1,2.3147,-0.1452,0.2834,-0.1914,-0.1325,-0.4670,2.3147,-0.1452,0.2834,2.3326,-0.1548,0.4000,1,1
2.5035,-0.0033,0.7513,-0.2937,0.0598,2.6676,0.1338,0.3930,0.1720,0.1270,-0.3583,2.6676,0.1338,0.3930,2.7055,0.1499,0.5000,1,1,2.6808,-0.1284,0.4910,0.1695,-0.1355,-0.2603,2.6808,-0.1284,0.4910,2.8434,-0.1735,0.6000,0,1,2.3397,0.1573,0.3893,-0.1539,0.1701,-0.3620,2.3397,0.1573,0.3893,2.3204,0.0468,0.4000,0,1,2.3148,-0.1460,0.2837,-0.1969,-0.1312,-0.4676,2.3148,-0.1460,0.2837,2.3363,-0.1567,0.4000,1,1
2.5083,-0.0034,0.7530,-0.2935,0.0615,2.6675,0.1342,0.3931,0.1674,0.1276,-0.3599,2.6675,0.1342,0.3931,2.7081,0.1501,0.5000,1,1,2.6890,-0.1474,0.4922,0.1715,-0.1548,-0.2608,2.6890,-0.1474,0.4922,2.8485,-0.1734,0.6000,0,1,2.3277,0.1456,0.3910,-0.1711,0.1598,-0.3620,2.3277,0.1456,0.3910,2.3250,0.0463,0.4000,0,1,2.3147,-0.1456,0.2835,-0.2020,-0.1300,-0.4695,2.3147,-0.1456,0.2835,2.3394,-0.1571,0.4000,1,1
2.5134,-0.0037,0.7550,-0.2910,0.0629,2.6676,0.1345,0.3932,0.1626,0.1282,-0.3618,2.6676,0.1345,0.3932,2.6709,0.1101,0.5000,1,1,2.6783,-0.1770,0.4888,0.1537,-0.1833,-0.2662,2.6783,-0.1770,0.4888,2.8137,-0.1334,0.6000,0,1,2.2953,0.1268,0.3875,-0.2095,0.1440,-0.3675,2.2953,0.1268,0.3875,2.3298,0.0458,0.4000,0,1,2.3148,-0.1453,0.2834,-0.2071,-0.1288,-0.4716,2.3148,-0.1453,0.2834,2.3427,-0.1577,0.4000,1,1
2.5178,-0.0041,0.7572,-0.2777,0.0659,2.6678,0.1349,0.3934,0.1588,0.1288,-0.3638,2.6678,0.1349,0.3934,2.6728,0.1102,0.5000,1,1,2.6576,-0.2281,0.4809,0.1247,-0.2327,-0.2763,2.6576,-0.2281,0.4809,2.8185,-0.1332,0.6000,0,1,2.2497,0.1296,0.3796,-0.2587,0.1511,-0.3776,2.2497,0.1296,0.3796,2.3339,0.0447,0.4000,0,1,2.3153,-0.1450,0.2830,-0.2113,-0.1273,-0.4742,2.3153,-0.1450,0.2830,2.3456,-0.1586,0.4000,1,1
2.5214,-0.0045,0.7593,-0.2638,0.0684,2.6684,0.1349,0.3936,0.1562,0.1290,-0.3657,2.6684,0.1349,0.3936,2.6740,0.1103,0.5000,1,1,2.6459,-0.2899,0.4714,0.1047,-0.2932,-0.2879,2.6459,-0.2899,0.4714,2.8224,-0.1330,0.6000,0,1,2.1794,0.1579,0.3682,-0.3301,0.1854,-0.3911,2.1794,0.1579,0.3682,2.4571,0.0838,0.5000,0,1,2.3159,-0.1448,0.2823,-0.2146,-0.1259,-0.4770,2.3159,-0.1448,0.2823,2.3075,-0.1995,0.4000,1,1
2.5255,-0.0055,0.7616,-0.2644,0.0747,2.6679,0.1345,0.3933,0.1525,0.1290,-0.3683,2.6679,0.1345,0.3933,2.6751,0.1105,0.5000,1,1,2.6396,-0.2924,0.4664,0.0924,-0.2946,-0.2952,2.6396,-0.2924,0.4664,2.8273,-0.1327,0.6000,0,1,2.1449,0.1819,0.3610,-0.3656,0.2153,-0.4006,2.1449,0.1819,0.3610,2.4604,0.0816,0.5000,0,1,2.3153,-0.1452,0.2846,-0.2200,-0.1236,-0.4770,2.3153,-0.1452,0.2846,2.3106,-0.2016,0.4000,1,1
2.5306,-0.0066,0.7632,-0.2734,0.0777,2.6680,0.1344,0.3932,0.1479,0.1299,-0.3700,2.6680,0.1344,0.3932,2.6778,0.1098,0.5000,1,1,2.6584,-0.2504,0.4532,0.1085,-0.2530,-0.3100,2.6584,-0.2504,0.4532,2.8329,-0.1333,0.6000,0,1,2.2032,0.1741,0.3498,-0.3124,0.2056,-0.4134,2.2032,0.1741,0.3498,2.4652,0.0798,0.5000,0,1,2.3155,-0.1455,0.2848,-0.2252,-0.1218,-0.4784,2.3155,-0.1455,0.2848,2.3142,-0.2034,0.4000,1,1
2.5354,-0.0079,0.7652,-0.2774,0.0718,2.6678,0.1348,0.3930,0.1423,0.1328,-0.3722,2.6678,0.1348,0.3930,2.6815,0.1075,0.5000,1,1,2.6815,-0.1694,0.4492,0.1341,-0.1716,-0.3160,2.6815,-0.1694,0.4492,2.8369,-0.1357,0.6000,0,1,2.2868,0.1178,0.3448,-0.2389,0.1432,-0.4204,2.2868,0.1178,0.3448,2.4707,0.0798,0.5000,0,1,2.3152,-0.1448,0.2846,-0.2295,-0.1208,-0.4806,2.3152,-0.1448,0.2846,2.3161,-0.2035,0.4000,1,1
2.5402,-0.0089,0.7657,-0.2765,0.0671,2.6679,0.1346,0.3946,0.1370,0.1346,-0.3711,2.6679,0.1346,0.3946,2.6850,0.1057,0.5000,1,1,2.7208,-0.1447,0.4389,0.1711,-0.1476,-0.3268,2.7208,-0.1447,0.4389,2.8411,-0.1377,0.6000,0,1,2.3456,0.1116,0.3345,-0.1861,0.1333,-0.4312,2.3456,0.1116,0.3345,2.4761,0.0797,0.5000,0,1,2.3150,-0.1450,0.2852,-0.2338,-0.1207,-0.4805,2.3150,-0.1450,0.2852,2.3181,-0.2036,0.4000,1,1
2.5459,-0.0095,0.7654,-0.2713,0.0621,2.6671,0.1353,0.3948,0.1300,0.1370,-0.3706,2.6671,0.1353,0.3948,2.6895,0.1042,0.5000,1,1,2.7743,-0.1400,0.4306,0.2199,-0.1444,-0.3348,2.7743,-0.1400,0.4306,2.8461,-0.1393,0.6000,0,1,2.4057,0.1176,0.3274,-0.1320,0.1356,-0.4380,2.4057,0.1176,0.3274,2.4824,0.0802,0.5000,0,1,2.3140,-0.1441,0.2860,-0.2398,-0.1199,-0.4794,2.3140,-0.1441,0.2860,2.3211,-0.2033,0.4000,1,1
2.5523,-0.0095,0.7651,-0.2557,0.0514,2.6662,0.1446,0.3971,0.1217,0.1480,-0.3680,2.6662,0.1446,0.3971,2.8366,0.1422,0.6000,0,1,2.8070,-0.1518,0.4279,0.2471,-0.1552,-0.3372,2.8070,-0.1518,0.4279,2.7852,-0.1414,0.6000,1,1,2.4422,0.1242,0.3272,-0.1031,0.1392,-0.4379,2.4422,0.1242,0.3272,2.3443,0.0823,0.4000,1,1,2.3262,-0.1497,0.2891,-0.2330,-0.1284,-0.4760,2.3262,-0.1497,0.2891,2.4649,-0.1613,0.5000,0,1
2.5598,-0.0096,0.7670,-0.2530,0.0462,2.6561,0.0752,0.4260,0.1001,0.0803,-0.3410,2.6561,0.0752,0.4260,2.8448,0.1411,0.6000,0,1,2.8071,-0.1515,0.4274,0.2405,-0.1532,-0.3396,2.8071,-0.1515,0.4274,2.7900,-0.1426,0.6000,1,1,2.4420,0.1241,0.3267,-0.1115,0.1390,-0.4403,2.4420,0.1241,0.3267,2.3505,0.0832,0.4000,1,1,2.3883,-0.0913,0.3134,-0.1751,-0.0737,-0.4536,2.3883,-0.0913,0.3134,2.4716,-0.1605,0.5000,0,1
2.5658,-0.0101,0.7695,-0.2544,0.0458,2.6842,0.0231,0.4391,0.1198,0.0277,-0.3304,2.6842,0.0231,0.4391,2.8509,0.1405,0.6000,0,1,2.8081,-0.1503,0.4274,0.2356,-0.1511,-0.3421,2.8081,-0.1503,0.4274,2.7939,-0.1432,0.6000,1,1,2.4428,0.1251,0.3267,-0.1167,0.1407,-0.4428,2.4428,0.1251,0.3267,2.4345,0.0828,0.5000,1,1,2.3056,-0.0621,0.3307,-0.2623,-0.0400,-0.4388,2.3056,-0.0621,0.3307,2.4775,-0.1609,0.5000,0,1
2.5717,-0.0109,0.7712,-0.2511,0.0313,2.6675,0.0371,0.4521,0.0973,0.0450,-0.3191,2.6675,0.0371,0.4521,2.8589,0.1370,0.6000,0,1,2.8088,-0.1502,0.4278,0.2326,-0.1467,-0.3434,2.8088,-0.1502,0.4278,2.8358,-0.1868,0.6000,1,1,2.4438,0.1253,0.3264,-0.1236,0.1401,-0.4448,2.4438,0.1253,0.3264,2.4403,0.0849,0.5000,1,1,2.2279,-0.0910,0.3442,-0.3461,-0.0693,-0.4270,2.2279,-0.0910,0.3442,2.4812,-0.1589,0.5000,0,1
2.5772,-0.0118,0.7731,-0.2468,0.0149,2.6447,0.0666,0.4657,0.0687,0.0774,-0.3074,2.6447,0.0666,0.4657,2.8669,0.1330,0.6000,0,1,2.8093,-0.1501,0.4280,0.2300,-0.1417,-0.3451,2.8093,-0.1501,0.4280,2.8371,-0.1909,0.6000,1,1,2.4443,0.1253,0.3261,-0.1308,0.1391,-0.4470,2.4443,0.1253,0.3261,2.4461,0.0873,0.5000,1,1,2.1781,-0.1256,0.3626,-0.4008,-0.1078,-0.4105,2.1781,-0.1256,0.3626,2.4844,-0.1567,0.5000,0,1
2.5823,-0.0128,0.7757,-0.2473,0.0043,2.6421,0.0750,0.4786,0.0602,0.0875,-0.2971,2.6421,0.0750,0.4786,2.8735,0.1300,0.6000,0,1,2.8090,-0.1506,0.4280,0.2261,-0.1388,-0.3477,2.8090,-0.1506,0.4280,2.8387,-0.1940,0.6000,1,1,2.4440,0.1248,0.3260,-0.1377,0.1382,-0.4497,2.4440,0.1248,0.3260,2.4507,0.0884,0.5000,1,1,2.2345,-0.1157,0.3762,-0.3482,-0.1014,-0.3995,2.2345,-0.1157,0.3762,2.4879,-0.1556,0.5000,0,1
2.5867,-0.0135,0.7790,-0.2502,-0.0059,2.6693,0.0649,0.4897,0.0821,0.0789,-0.2893,2.6693,0.0649,0.4897,2.8794,0.1273,0.6000,0,1,2.8088,-0.1504,0.4278,0.2229,-0.1356,-0.3512,2.8088,-0.1504,0.4278,2.8397,-0.1967,0.6000,1,1,2.4438,0.1251,0.3262,-0.1437,0.1378,-0.4528,2.4438,0.1251,0.3262,2.4546,0.0896,0.5000,1,1,2.3193,-0.1038,0.3916,-0.2669,-0.0919,-0.3874,2.3193,-0.1038,0.3916,2.4909,-0.1544,0.5000,0,1
2.5914,-0.0144,0.7817,-0.2574,-0.0172,2.6940,0.0668,0.4980,0.1012,0.0830,-0.2837,2.6940,0.0668,0.4980,2.8857,0.1242,0.6000,0,1,2.8088,-0.1503,0.4277,0.2197,-0.1321,-0.3540,2.8088,-0.1503,0.4277,2.8008,-0.1597,0.6000,1,1,2.4437,0.1252,0.3262,-0.1501,0.1370,-0.4555,2.4437,0.1252,0.3262,2.4589,0.0909,0.5000,1,1,2.3422,-0.1089,0.3999,-0.2475,-0.0988,-0.3818,2.3422,-0.1089,0.3999,2.4940,-0.1531,0.5000,0,1
2.5962,-0.0155,0.7842,-0.2641,-0.0289,2.6892,0.0758,0.5021,0.0903,0.0939,-0.2821,2.6892,0.0758,0.5021,2.8920,0.1209,0.6000,0,1,2.8088,-0.1503,0.4278,0.2164,-0.1286,-0.3564,2.8088,-0.1503,0.4278,2.8018,-0.1630,0.6000,1,1,2.4438,0.1251,0.3262,-0.1564,0.1361,-0.4580,2.4438,0.1251,0.3262,2.4634,0.0921,0.5000,1,1,2.3531,-0.1198,0.4038,-0.2400,-0.1113,-0.3804,2.3531,-0.1198,0.4038,2.4972,-0.1518,0.5000,0,1
2.6005,-0.0167,0.7869,-0.2643,-0.0395,2.6792,0.0918,0.5008,0.0744,0.1115,-0.2861,2.6792,0.0918,0.5008,2.8978,0.1176,0.6000,0,1,2.8087,-0.1503,0.4277,0.2133,-0.1253,-0.3592,2.8087,-0.1503,0.4277,2.8026,-0.1662,0.6000,1,1,2.4437,0.1251,0.3262,-0.1623,0.1355,-0.4607,2.4437,0.1251,0.3262,2.4273,0.1329,0.5000,1,1,2.3574,-0.1340,0.4027,-0.2383,-0.1268,-0.3842,2.3574,-0.1340,0.4027,2.5001,-0.1509,0.5000,0,1
2.6045,-0.0181,0.7897,-0.2591,-0.0484,2.6514,0.1180,0.4948,0.0403,0.1382,-0.2949,2.6514,0.1180,0.4948,2.9030,0.1144,0.6000,0,1,2.8089,-0.1506,0.4279,0.2106,-0.1225,-0.3618,2.8089,-0.1506,0.4279,2.8032,-0.1693,0.6000,1,1,2.4440,0.1249,0.3260,-0.1672,0.1351,-0.4637,2.4440,0.1249,0.3260,2.4306,0.1331,0.5000,1,1,2.3334,-0.1486,0.3970,-0.2645,-0.1435,-0.3927,2.3334,-0.1486,0.3970,2.5029,-0.1505,0.5000,0,1
2.6079,-0.0198,0.7926,-0.2502,-0.0565,2.6084,0.1573,0.4856,-0.0095,0.1768,-0.3070,2.6084,0.1573,0.4856,2.9074,0.1112,0.6000,0,1,2.8093,-0.1508,0.4282,0.2085,-0.1194,-0.3644,2.8093,-0.1508,0.4282,2.8034,-0.1724,0.6000,1,1,2.4445,0.1247,0.3257,-0.1713,0.1350,-0.4669,2.4445,0.1247,0.3257,2.4333,0.1330,0.5000,1,1,2.3032,-0.1792,0.3873,-0.2952,-0.1764,-0.4053,2.3032,-0.1792,0.3873,2.5052,-0.1505,0.5000,0,1
2.6101,-0.0212,0.7956,-0.2411,-0.0617,2.6291,0.1884,0.4817,0.0060,0.2104,-0.3139,2.6291,0.1884,0.4817,2.9103,0.1087,0.6000,0,1,2.8087,-0.1507,0.4278,0.2062,-0.1170,-0.3678,2.8087,-0.1507,0.4278,2.8028,-0.1748,0.6000,1,1,2.4437,0.1246,0.3259,-0.1751,0.1353,-0.4697,2.4437,0.1246,0.3259,2.4742,0.0925,0.5000,1,1,2.2693,-0.2206,0.3778,-0.3279,-0.2200,-0.4178,2.2693,-0.2206,0.3778,2.5067,-0.1509,0.5000,0,1
2.6126,-0.0223,0.7989,-0.2352,-0.0657,2.6306,0.1579,0.4710,0.0061,0.1810,-0.3279,2.6306,0.1579,0.4710,2.9133,0.1069,0.6000,0,1,2.8087,-0.1510,0.4278,0.2041,-0.1155,-0.3711,2.8087,-0.1510,0.4278,2.8027,-0.1765,0.6000,1,1,2.4437,0.1243,0.3262,-0.1782,0.1352,-0.4727,2.4437,0.1243,0.3262,2.4754,0.0922,0.5000,1,1,2.2885,-0.2143,0.3700,-0.3108,-0.2129,-0.4289,2.2885,-0.2143,0.3700,2.5087,-0.1512,0.5000,0,1
2.6162,-0.0234,0.8013,-0.2479,-0.0566,2.6756,0.0883,0.4646,0.0530,0.1149,-0.3367,2.6756,0.0883,0.4646,2.9157,0.1075,0.6000,0,1,2.8091,-0.1503,0.4278,0.1998,-0.1158,-0.3735,2.8091,-0.1503,0.4278,2.8056,-0.1760,0.6000,1,1,2.4439,0.1249,0.3263,-0.1804,0.1383,-0.4750,2.4439,0.1249,0.3263,2.4755,0.0894,0.5000,1,1,2.2982,-0.1827,0.3576,-0.3085,-0.1770,-0.4437,2.2982,-0.1827,0.3576,2.5134,-0.1541,0.5000,0,1
2.6192,-0.0245,0.8035,-0.2637,-0.0441,2.7022,0.0495,0.4544,0.0797,0.0776,-0.3491,2.7022,0.0495,0.4544,2.9171,0.1089,0.6000,0,1,2.8085,-0.1513,0.4278,0.1947,-0.1183,-0.3757,2.8085,-0.1513,0.4278,2.8085,-0.1748,0.6000,1,1,2.4436,0.1240,0.3261,-0.1820,0.1406,-0.4774,2.4436,0.1240,0.3261,2.4746,0.0860,0.5000,1,1,2.3599,-0.1309,0.3506,-0.2544,-0.1177,-0.4529,2.3599,-0.1309,0.3506,2.5181,-0.1577,0.5000,0,1
2.6213,-0.0254,0.8049,-0.2718,-0.0382,2.7673,0.0277,0.4449,0.1439,0.0586,-0.3600,2.7673,0.0277,0.4449,2.9184,0.1092,0.6000,0,1,2.8080,-0.1511,0.4276,0.1914,-0.1185,-0.3773,2.8080,-0.1511,0.4276,2.8096,-0.1746,0.6000,1,1,2.4428,0.1242,0.3266,-0.1841,0.1427,-0.4783,2.4428,0.1242,0.3266,2.4739,0.0840,0.5000,1,1,2.4211,-0.1158,0.3416,-0.1966,-0.0980,-0.4633,2.4211,-0.1158,0.3416,2.5211,-0.1598,0.5000,0,1
2.6226,-0.0271,0.8051,-0.2523,-0.0342,2.8390,0.0625,0.4408,0.2132,0.0969,-0.3643,2.8390,0.0625,0.4408,2.9192,0.1082,0.6000,0,1,2.8065,-0.1504,0.4294,0.1880,-0.1169,-0.3757,2.8065,-0.1504,0.4294,2.8094,-0.1756,0.6000,1,1,2.4409,0.1251,0.3304,-0.1868,0.1459,-0.4747,2.4409,0.1251,0.3304,2.4726,0.0815,0.5000,1,1,2.4821,-0.1239,0.3381,-0.1371,-0.1015,-0.4670,2.4821,-0.1239,0.3381,2.5229,-0.1624,0.5000,0,1
2.6263,-0.0281,0.8052,-0.2596,-0.0254,2.8391,0.0628,0.4410,0.2104,0.0963,-0.3642,2.8391,0.0628,0.4410,2.8547,0.1090,0.6000,1,1,2.7664,-0.1669,0.4341,0.1436,-0.1352,-0.3711,2.7664,-0.1669,0.4341,2.9145,-0.1749,0.6000,0,1,2.4030,0.1384,0.3344,-0.2275,0.1608,-0.4708,2.4030,0.1384,0.3344,2.5350,0.1188,0.5000,0,1,2.4823,-0.1236,0.3378,-0.1415,-0.0991,-0.4674,2.4823,-0.1236,0.3378,2.4608,-0.1651,0.5000,1,1
2.6306,-0.0285,0.8060,-0.2667,-0.0262,2.8394,0.0631,0.4412,0.2063,0.0970,-0.3648,2.8394,0.0631,0.4412,2.8570,0.1084,0.6000,1,1,2.7246,-0.1479,0.4436,0.0971,-0.1169,-0.3624,2.7246,-0.1479,0.4436,2.9186,-0.1755,0.6000,0,1,2.3742,0.1015,0.3484,-0.2597,0.1232,-0.4576,2.3742,0.1015,0.3484,2.5394,0.1185,0.5000,0,1,2.4827,-0.1233,0.3376,-0.1454,-0.0986,-0.4684,2.4827,-0.1233,0.3376,2.4629,-0.1654,0.5000,1,1
2.6333,-0.0289,0.8078,-0.2546,-0.0272,2.8400,0.0631,0.4414,0.2041,0.0976,-0.3664,2.8400,0.0631,0.4414,2.8579,0.1078,0.6000,1,1,2.6884,-0.0993,0.4565,0.0570,-0.0689,-0.3513,2.6884,-0.0993,0.4565,2.9212,-0.1761,0.6000,0,1,2.3569,0.0524,0.3617,-0.2785,0.0738,-0.4461,2.3569,0.0524,0.3617,2.5423,0.1184,0.5000,0,1,2.4835,-0.1233,0.3374,-0.1472,-0.0984,-0.4704,2.4835,-0.1233,0.3374,2.4635,-0.1655,0.5000,1,1
2.6364,-0.0290,0.8083,-0.2459,-0.0190,2.8404,0.0629,0.4416,0.2022,0.0958,-0.3667,2.8404,0.0629,0.4416,2.8579,0.1093,0.6000,1,1,2.6661,-0.0981,0.4699,0.0310,-0.0685,-0.3384,2.6661,-0.0981,0.4699,2.9255,-0.1746,0.6000,0,1,2.3075,0.0654,0.3748,-0.3306,0.0881,-0.4335,2.3075,0.0654,0.3748,2.5441,0.1167,0.5000,0,1,2.4839,-0.1235,0.3372,-0.1507,-0.0974,-0.4711,2.4839,-0.1235,0.3372,2.4657,-0.1673,0.5000,1,1
2.6396,-0.0290,0.8086,-0.2426,-0.0104,2.8407,0.0624,0.4416,0.2001,0.0935,-0.3670,2.8407,0.0624,0.4416,2.8578,0.1110,0.6000,1,1,2.6714,-0.0943,0.4836,0.0325,-0.0650,-0.3250,2.6714,-0.0943,0.4836,2.9299,-0.1730,0.6000,0,1,2.2795,0.0821,0.3892,-0.3612,0.1073,-0.4194,2.2795,0.0821,0.3892,2.5461,0.1150,0.5000,0,1,2.4842,-0.1241,0.3372,-0.1544,-0.0967,-0.4714,2.4842,-0.1241,0.3372,2.4681,-0.1690,0.5000,1,1
2.6428,-0.0289,0.8092,-0.2442,-0.0043,2.8406,0.0625,0.4416,0.1974,0.0922,-0.3676,2.8406,0.0625,0.4416,2.8582,0.1122,0.6000,1,1,2.6847,-0.0845,0.4959,0.0421,-0.0554,-0.3133,2.6847,-0.0845,0.4959,2.9340,-0.1718,0.6000,0,1,2.3010,0.0742,0.4011,-0.3422,0.1016,-0.4081,2.3010,0.0742,0.4011,2.5484,0.1139,0.5000,0,1,2.4841,-0.1239,0.3372,-0.1583,-0.0957,-0.4720,2.4841,-0.1239,0.3372,2.4702,-0.1701,0.5000,1,1
2.6463,-0.0288,0.8097,-0.2472,0.0038,2.8405,0.0627,0.4416,0.1945,0.0908,-0.3681,2.8405,0.0627,0.4416,2.8585,0.1139,0.6000,1,1,2.6837,-0.0850,0.5056,0.0372,-0.0563,-0.3041,2.6837,-0.0850,0.5056,2.9386,-0.1701,0.6000,0,1,2.3267,0.0670,0.4115,-0.3192,0.0970,-0.3982,2.3267,0.0670,0.4115,2.5507,0.1125,0.5000,0,1,2.4841,-0.1237,0.3372,-0.1626,-0.0943,-0.4725,2.4841,-0.1237,0.3372,2.4728,-0.1715,0.5000,1,1
2.6499,-0.0285,0.8102,-0.2518,0.0132,2.8405,0.0628,0.4416,0.1918,0.0888,-0.3686,2.8405,0.0628,0.4416,2.8588,0.1160,0.6000,1,1,2.6884,-0.0909,0.5119,0.0377,-0.0629,-0.2983,2.6884,-0.0909,0.5119,2.9435,-0.1680,0.6000,0,1,2.3335,0.0687,0.4178,-0.3151,0.1014,-0.3924,2.3335,0.0687,0.4178,2.5530,0.1109,0.5000,0,1,2.4841,-0.1236,0.3372,-0.1670,-0.0929,-0.4730,2.4841,-0.1236,0.3372,2.4758,-0.1731,0.5000,1,1
2.6535,-0.0282,0.8109,-0.2555,0.0227,2.8404,0.0627,0.4416,0.1889,0.0866,-0.3693,2.8404,0.0627,0.4416,2.8591,0.1182,0.6000,1,1,2.6946,-0.0952,0.5133,0.0396,-0.0679,-0.2976,2.6946,-0.0952,0.5133,2.9485,-0.1658,0.6000,0,1,2.3384,0.0712,0.4192,-0.3128,0.1065,-0.3917,2.3384,0.0712,0.4192,2.5554,0.1094,0.5000,0,1,2.4840,-0.1237,0.3372,-0.1716,-0.0916,-0.4737,2.4840,-0.1237,0.3372,2.4788,-0.1745,0.5000,1,1
2.6572,-0.0276,0.8119,-0.2550,0.0319,2.8403,0.0627,0.4415,0.1859,0.0844,-0.3704,2.8403,0.0627,0.4415,2.8593,0.1204,0.6000,1,1,2.6974,-0.1030,0.5097,0.0378,-0.0766,-0.3022,2.6974,-0.1030,0.5097,2.9534,-0.1634,0.6000,0,1,2.3405,0.0754,0.4157,-0.3133,0.1130,-0.3962,2.3405,0.0754,0.4157,2.5577,0.1081,0.5000,0,1,2.4838,-0.1237,0.3373,-0.1764,-0.0905,-0.4746,2.4838,-0.1237,0.3373,2.4818,-0.1758,0.5000,1,1
2.6608,-0.0269,0.8131,-0.2459,0.0406,2.8405,0.0629,0.4416,0.1832,0.0824,-0.3715,2.8405,0.0629,0.4416,2.8597,0.1228,0.6000,1,1,2.6765,-0.1235,0.5019,0.0118,-0.0972,-0.3112,2.6765,-0.1235,0.5019,2.9582,-0.1610,0.6000,0,1,2.3291,0.0849,0.4080,-0.3269,0.1252,-0.4051,2.3291,0.0849,0.4080,2.5602,0.1071,0.5000,0,1,2.4840,-0.1235,0.3372,-0.1806,-0.0893,-0.4759,2.4840,-0.1235,0.3372,2.4847,-0.1767,0.5000,1,1
2.6643,-0.0260,0.8143,-0.2360,0.0492,2.8408,0.0631,0.4418,0.1807,0.0803,-0.3725,2.8408,0.0631,0.4418,2.8599,0.1253,0.6000,1,1,2.6444,-0.1587,0.4922,-0.0264,-0.1316,-0.3221,2.6444,-0.1587,0.4922,2.9628,-0.1584,0.6000,0,1,2.2937,0.1088,0.3968,-0.3635,0.1529,-0.4175,2.2937,0.1088,0.3968,2.5626,0.1063,0.5000,0,1,2.4844,-0.1233,0.3369,-0.1845,-0.0883,-0.4774,2.4844,-0.1233,0.3369,2.4875,-0.1774,0.5000,1,1
2.6667,-0.0251,0.8159,-0.2178,0.0549,2.8402,0.0631,0.4415,0.1781,0.0785,-0.3744,2.8402,0.0631,0.4415,2.8595,0.1272,0.6000,1,1,2.6650,-0.1774,0.4844,-0.0101,-0.1520,-0.3315,2.6650,-0.1774,0.4844,2.9661,-0.1564,0.6000,0,1,2.3007,0.1193,0.3894,-0.3575,0.1643,-0.4265,2.3007,0.1193,0.3894,2.5642,0.1060,0.5000,0,1,2.4837,-0.1235,0.3396,-0.1881,-0.0882,-0.4763,2.4837,-0.1235,0.3396,2.4888,-0.1776,0.5000,1,1
2.6710,-0.0243,0.8163,-0.2167,0.0577,2.8404,0.0632,0.4416,0.1742,0.0776,-0.3747,2.8404,0.0632,0.4416,2.8613,0.1286,0.6000,1,1,2.6802,-0.1537,0.4719,0.0017,-0.1297,-0.3444,2.6802,-0.1537,0.4719,2.9707,-0.1550,0.6000,0,1,2.3233,0.1007,0.3775,-0.3399,0.1448,-0.4388,2.3233,0.1007,0.3775,2.5681,0.1063,0.5000,0,1,2.4840,-0.1236,0.3405,-0.1924,-0.0884,-0.4758,2.4840,-0.1236,0.3405,2.4915,-0.1773,0.5000,1,1
2.6760,-0.0235,0.8157,-0.2346,0.0519,2.8405,0.0631,0.4418,0.1688,0.0779,-0.3739,2.8405,0.0631,0.4418,2.8652,0.1283,0.6000,1,1,2.7278,-0.0941,0.4600,0.0481,-0.0732,-0.3557,2.7278,-0.0941,0.4600,2.9750,-0.1553,0.6000,0,1,2.3425,0.0550,0.3651,-0.3290,0.0957,-0.4506,2.3425,0.0550,0.3651,2.5739,0.1082,0.5000,0,1,2.4841,-0.1235,0.3406,-0.1968,-0.0899,-0.4751,2.4841,-0.1235,0.3406,2.4937,-0.1754,0.5000,1,1
2.6804,-0.0228,0.8150,-0.2521,0.0479,2.8402,0.0635,0.4417,0.1637,0.0785,-0.3733,2.8402,0.0635,0.4417,2.8681,0.1284,0.6000,1,1,2.8462,-0.0510,0.4566,0.1643,-0.0361,-0.3584,2.8462,-0.0510,0.4566,2.9789,-0.1553,0.6000,0,1,2.4053,0.0282,0.3555,-0.2723,0.0641,-0.4595,2.4053,0.0282,0.3555,2.5787,0.1096,0.5000,0,1,2.4837,-0.1231,0.3406,-0.2013,-0.0908,-0.4744,2.4837,-0.1231,0.3406,2.4955,-0.1741,0.5000,1,1
2.6847,-0.0216,0.8146,-0.2533,0.0508,2.8387,0.0624,0.4409,0.1581,0.0761,-0.3737,2.8387,0.0624,0.4409,2.8701,0.1300,0.6000,1,1,2.9074,-0.0504,0.4475,0.2210,-0.0401,-0.3671,2.9074,-0.0504,0.4475,2.9835,-0.1537,0.6000,0,1,2.4716,0.0377,0.3489,-0.2098,0.0700,-0.4657,2.4716,0.0377,0.3489,2.5828,0.1103,0.5000,0,1,2.4816,-0.1242,0.3416,-0.2080,-0.0922,-0.4730,2.4816,-0.1242,0.3416,2.4982,-0.1733,0.5000,1,1
2.6896,-0.0201,0.8141,-0.2412,0.0499,2.8320,0.0678,0.4426,0.1466,0.0807,-0.3715,2.8320,0.0678,0.4426,2.9741,0.1313,0.6000,0,1,2.9440,-0.0536,0.4453,0.2524,-0.0461,-0.3688,2.9440,-0.0536,0.4453,2.9222,-0.1523,0.6000,1,1,2.5030,0.0464,0.3477,-0.1831,0.0757,-0.4664,2.5030,0.0464,0.3477,2.5217,0.1120,0.5000,1,1,2.4740,-0.1260,0.3442,-0.2206,-0.0950,-0.4699,2.4740,-0.1260,0.3442,2.6019,-0.1716,0.5000,0,1
2.6957,-0.0186,0.8142,-0.2382,0.0430,2.7813,0.1046,0.4490,0.0908,0.1194,-0.3652,2.7813,0.1046,0.4490,2.9812,0.1315,0.6000,0,1,2.9445,-0.0540,0.4455,0.2470,-0.0461,-0.3687,2.9445,-0.0540,0.4455,2.9254,-0.1523,0.6000,1,1,2.5036,0.0461,0.3473,-0.1891,0.0729,-0.4669,2.5036,0.0461,0.3473,2.5267,0.1148,0.5000,1,1,2.4286,-0.1475,0.3506,-0.2724,-0.1173,-0.4636,2.4286,-0.1475,0.3506,2.6069,-0.1689,0.5000,0,1
2.7001,-0.0174,0.8155,-0.2231,0.0380,2.7302,0.1354,0.4633,0.0359,0.1515,-0.3522,2.7302,0.1354,0.4633,2.9863,0.1318,0.6000,0,1,2.9444,-0.0541,0.4454,0.2427,-0.0460,-0.3701,2.9444,-0.0541,0.4454,2.9271,-0.1520,0.6000,1,1,2.5035,0.0459,0.3473,-0.1941,0.0707,-0.4682,2.5035,0.0459,0.3473,2.5298,0.1171,0.5000,1,1,2.3833,-0.1566,0.3646,-0.3219,-0.1271,-0.4509,2.3833,-0.1566,0.3646,2.6106,-0.1667,0.5000,0,1
2.7045,-0.0162,0.8172,-0.2117,0.0390,2.7054,0.1306,0.4760,0.0066,0.1467,-0.3412,2.7054,0.1306,0.4760,2.9907,0.1332,0.6000,0,1,2.9447,-0.0545,0.4456,0.2385,-0.0476,-0.3716,2.9447,-0.0545,0.4456,2.9297,-0.1506,0.6000,1,1,2.5039,0.0455,0.3472,-0.1980,0.0695,-0.4700,2.5039,0.0455,0.3472,2.5322,0.1181,0.5000,1,1,2.3606,-0.1293,0.3768,-0.3480,-0.0996,-0.4404,2.3606,-0.1293,0.3768,2.6152,-0.1657,0.5000,0,1
2.7083,-0.0148,0.8182,-0.2085,0.0389,2.7154,0.0992,0.4910,0.0115,0.1136,-0.3272,2.7154,0.0992,0.4910,2.9944,0.1346,0.6000,0,1,2.9446,-0.0540,0.4455,0.2346,-0.0484,-0.3727,2.9446,-0.0540,0.4455,2.9315,-0.1492,0.6000,1,1,2.5037,0.0460,0.3473,-0.2021,0.0687,-0.4709,2.5037,0.0460,0.3473,2.5339,0.1195,0.5000,1,1,2.3665,-0.1000,0.3929,-0.3449,-0.0718,-0.4253,2.3665,-0.1000,0.3929,2.6190,-0.1643,0.5000,0,1
2.7114,-0.0134,0.8186,-0.2080,0.0351,2.7179,0.0926,0.5044,0.0102,0.1057,-0.3142,2.7179,0.0926,0.5044,2.9981,0.1352,0.6000,0,1,2.9447,-0.0539,0.4455,0.2317,-0.0487,-0.3731,2.9447,-0.0539,0.4455,2.9321,-0.1486,0.6000,1,1,2.5039,0.0461,0.3473,-0.2053,0.0667,-0.4713,2.5039,0.0461,0.3473,2.5356,0.1216,0.5000,1,1,2.3495,-0.1007,0.4056,-0.3647,-0.0745,-0.4130,2.3495,-0.1007,0.4056,2.6215,-0.1622,0.5000,0,1
2.7144,-0.0121,0.8182,-0.2135,0.0312,2.6978,0.0952,0.5159,-0.0132,0.1078,-0.3023,2.6978,0.0952,0.5159,3.0017,0.1359,0.6000,0,1,2.9448,-0.0540,0.4456,0.2290,-0.0491,-0.3726,2.9448,-0.0540,0.4456,2.9325,-0.1480,0.6000,1,1,2.5040,0.0461,0.3472,-0.2085,0.0647,-0.4710,2.5040,0.0461,0.3472,2.5371,0.1238,0.5000,1,1,2.3477,-0.1049,0.4167,-0.3694,-0.0813,-0.4015,2.3477,-0.1049,0.4167,2.6239,-0.1601,0.5000,0,1
2.7170,-0.0107,0.8178,-0.2202,0.0291,2.6902,0.0973,0.5240,-0.0236,0.1087,-0.2938,2.6902,0.0973,0.5240,3.0045,0.1368,0.6000,0,1,2.9447,-0.0540,0.4455,0.2263,-0.0499,-0.3723,2.9447,-0.0540,0.4455,2.9328,-0.1471,0.6000,1,1,2.5039,0.0460,0.3473,-0.2114,0.0629,-0.4705,2.5039,0.0460,0.3473,2.5379,0.1255,0.5000,1,1,2.3648,-0.1042,0.4250,-0.3548,-0.0832,-0.3928,2.3648,-0.1042,0.4250,2.6262,-0.1583,0.5000,0,1
2.7193,-0.0094,0.8176,-0.2248,0.0284,2.6930,0.0973,0.5279,-0.0233,0.1074,-0.2897,2.6930,0.0973,0.5279,3.0070,0.1380,0.6000,0,1,2.9446,-0.0540,0.4455,0.2239,-0.0510,-0.3721,2.9446,-0.0540,0.4455,2.9331,-0.1459,0.6000,1,1,2.5038,0.0460,0.3474,-0.2138,0.0615,-0.4702,2.5038,0.0460,0.3474,2.5384,0.1270,0.5000,1,1,2.3774,-0.1061,0.4290,-0.3445,-0.0870,-0.3886,2.3774,-0.1061,0.4290,2.6284,-0.1569,0.5000,0,1
2.7216,-0.0082,0.8178,-0.2262,0.0280,2.7003,0.0990,0.5268,-0.0183,0.1078,-0.2910,2.7003,0.0990,0.5268,3.0094,0.1391,0.6000,0,1,2.9446,-0.0540,0.4455,0.2216,-0.0520,-0.3723,2.9446,-0.0540,0.4455,2.9333,-0.1448,0.6000,1,1,2.5038,0.0461,0.3474,-0.2162,0.0604,-0.4704,2.5038,0.0461,0.3474,2.5387,0.1283,0.5000,1,1,2.3694,-0.1110,0.4280,-0.3549,-0.0929,-0.3898,2.3694,-0.1110,0.4280,2.6307,-0.1556,0.5000,0,1
2.7238,-0.0071,0.8183,-0.2206,0.0265,2.7013,0.1077,0.5211,-0.0195,0.1154,-0.2972,2.7013,0.1077,0.5211,3.0118,0.1399,0.6000,0,1,2.9447,-0.0539,0.4455,0.2196,-0.0526,-0.3728,2.9447,-0.0539,0.4455,2.9333,-0.1440,0.6000,1,1,2.5039,0.0461,0.3473,-0.2184,0.0590,-0.4710,2.5039,0.0461,0.3473,2.5392,0.1297,0.5000,1,1,2.3531,-0.1192,0.4221,-0.3735,-0.1022,-0.3962,2.3531,-0.1192,0.4221,2.6327,-0.1542,0.5000,0,1
2.7262,-0.0061,0.8191,-0.2121,0.0210,2.6809,0.1388,0.5115,-0.0422,0.1458,-0.3076,2.6809,0.1388,0.5115,3.0149,0.1399,0.6000,0,1,2.9448,-0.0542,0.4456,0.2175,-0.0527,-0.3735,2.9448,-0.0542,0.4456,2.9329,-0.1440,0.6000,1,1,2.5040,0.0459,0.3472,-0.2211,0.0567,-0.4719,2.5040,0.0459,0.3472,2.5402,0.1318,0.5000,1,1,2.3227,-0.1421,0.4127,-0.4063,-0.1275,-0.4064,2.3227,-0.1421,0.4127,2.6342,-0.1521,0.5000,0,1
2.7271,-0.0052,0.8203,-0.1939,0.0160,2.6923,0.1658,0.5056,-0.0321,0.1715,-0.3147,2.6923,0.1658,0.5056,3.0166,0.1399,0.6000,0,1,2.9440,-0.0536,0.4451,0.2161,-0.0519,-0.3752,2.9440,-0.0536,0.4451,2.9312,-0.1441,0.6000,1,1,2.5031,0.0466,0.3481,-0.2231,0.0554,-0.4722,2.5031,0.0466,0.3481,2.5399,0.1337,0.5000,1,1,2.3449,-0.1556,0.4083,-0.3846,-0.1443,-0.4120,2.3449,-0.1556,0.4083,2.6344,-0.1503,0.5000,0,1
2.7305,-0.0041,0.8202,-0.1983,0.0162,2.7059,0.1542,0.4937,-0.0220,0.1587,-0.3265,2.7059,0.1542,0.4937,3.0200,0.1410,0.6000,0,1,2.9441,-0.0543,0.4454,0.2128,-0.0537,-0.3748,2.9441,-0.0543,0.4454,2.9326,-0.1430,0.6000,1,1,2.5034,0.0460,0.3488,-0.2263,0.0538,-0.4714,2.5034,0.0460,0.3488,2.5413,0.1347,0.5000,1,1,2.3530,-0.1243,0.3960,-0.3794,-0.1141,-0.4242,2.3530,-0.1243,0.3960,2.6379,-0.1493,0.5000,0,1
2.7347,-0.0029,0.8194,-0.2246,0.0203,2.8073,0.1127,0.4909,0.0749,0.1141,-0.3285,2.8073,0.1127,0.4909,3.0236,0.1429,0.6000,0,1,2.9439,-0.0541,0.4451,0.2081,-0.0554,-0.3743,2.9439,-0.0541,0.4451,2.9354,-0.1410,0.6000,1,1,2.5030,0.0460,0.3488,-0.2307,0.0536,-0.4706,2.5030,0.0460,0.3488,2.5429,0.1351,0.5000,1,1,2.3841,-0.0844,0.3839,-0.3522,-0.0744,-0.4355,2.3841,-0.0844,0.3839,2.6427,-0.1489,0.5000,0,1
2.7375,-0.0019,0.8200,-0.2461,0.0219,2.9026,0.0923,0.4832,0.1671,0.0906,-0.3368,2.9026,0.0923,0.4832,3.0261,0.1443,0.6000,0,1,2.9431,-0.0532,0.4444,0.2044,-0.0558,-0.3756,2.9431,-0.0532,0.4444,2.9363,-0.1397,0.6000,1,1,2.5020,0.0471,0.3490,-0.2344,0.0541,-0.4710,2.5020,0.0471,0.3490,2.5434,0.1358,0.5000,1,1,2.5117,-0.0569,0.3870,-0.2270,-0.0500,-0.4330,2.5117,-0.0569,0.3870,2.6456,-0.1481,0.5000,0,1
2.7410,-0.0008,0.8207,-0.2625,0.0174,2.9506,0.0872,0.4739,0.2111,0.0843,-0.3468,2.9506,0.0872,0.4739,3.0303,0.1445,0.6000,0,1,2.9425,-0.0528,0.4441,0.2006,-0.0555,-0.3766,2.9425,-0.0528,0.4441,2.9372,-0.1395,0.6000,1,1,2.5012,0.0475,0.3494,-0.2389,0.0525,-0.4713,2.5012,0.0475,0.3494,2.5456,0.1377,0.5000,1,1,2.5696,-0.0568,0.3786,-0.1723,-0.0530,-0.4421,2.5696,-0.0568,0.3786,2.6485,-0.1462,0.5000,0,1
2.7442,0.0000,0.8215,-0.2518,0.0105,2.9931,0.1044,0.4676,0.2500,0.1018,-0.3539,2.9931,0.1044,0.4676,3.0345,0.1440,0.6000,0,1,2.9412,-0.0531,0.4435,0.1964,-0.0552,-0.3780,2.9412,-0.0531,0.4435,2.9375,-0.1400,0.6000,1,1,2.4997,0.0472,0.3502,-0.2440,0.0498,-0.4713,2.4997,0.0472,0.3502,2.5478,0.1399,0.5000,1,1,2.6103,-0.0692,0.3735,-0.1346,-0.0678,-0.4480,2.6103,-0.0692,0.3735,2.6507,-0.1440,0.5000,0,1
2.7496,0.0008,0.8226,-0.2508,0.0115,2.9931,0.1045,0.4677,0.2447,0.1009,-0.3549,2.9931,0.1045,0.4677,2.9728,0.1450,0.6000,1,1,2.8906,-0.0708,0.4484,0.1402,-0.0732,-0.3742,2.8906,-0.0708,0.4484,3.0430,-0.1390,0.6000,0,1,2.4821,0.0617,0.3546,-0.2668,0.0640,-0.4680,2.4821,0.0617,0.3546,2.6530,0.1406,0.5000,0,1,2.6104,-0.0691,0.3734,-0.1400,-0.0683,-0.4492,2.6104,-0.0691,0.3734,2.5892,-0.1434,0.5000,1,1
2.7540,0.0017,0.8238,-0.2413,0.0162,2.9931,0.1041,0.4675,0.2407,0.0985,-0.3563,2.9931,0.1041,0.4675,2.9745,0.1468,0.6000,1,1,2.7986,-0.1135,0.4641,0.0427,-0.1159,-0.3597,2.7986,-0.1135,0.4641,3.0481,-0.1372,0.6000,0,1,2.4278,0.0979,0.3673,-0.3246,0.1015,-0.4565,2.4278,0.0979,0.3673,2.6567,0.1405,0.5000,0,1,2.6103,-0.0696,0.3735,-0.1448,-0.0690,-0.4503,2.6103,-0.0696,0.3735,2.5923,-0.1434,0.5000,1,1
2.7567,0.0025,0.8265,-0.2089,0.0084,2.9939,0.1043,0.4680,0.2380,0.0998,-0.3585,2.9939,0.1043,0.4680,2.9763,0.1461,0.6000,1,1,2.7535,-0.0904,0.4794,-0.0040,-0.0929,-0.3471,2.7535,-0.0904,0.4794,3.0497,-0.1379,0.6000,0,1,2.4152,0.0774,0.3804,-0.3409,0.0778,-0.4461,2.4152,0.0774,0.3804,2.6605,0.1429,0.5000,0,1,2.6114,-0.0694,0.3732,-0.1459,-0.0707,-0.4533,2.6114,-0.0694,0.3732,2.5919,-0.1411,0.5000,1,1
2.7598,0.0029,0.8265,-0.1892,0.0021,2.9941,0.1042,0.4682,0.2345,0.1008,-0.3583,2.9941,0.1042,0.4682,2.9783,0.1453,0.6000,1,1,2.7255,-0.0696,0.4933,-0.0345,-0.0724,-0.3332,2.7255,-0.0696,0.4933,3.0519,-0.1387,0.6000,0,1,2.3898,0.0659,0.3927,-0.3699,0.0638,-0.4338,2.3898,0.0659,0.3927,2.6645,0.1445,0.5000,0,1,2.6115,-0.0694,0.3733,-0.1485,-0.0720,-0.4532,2.6115,-0.0694,0.3733,2.5921,-0.1395,0.5000,1,1
2.7624,0.0031,0.8260,-0.1805,-0.0056,2.9938,0.1048,0.4682,0.2308,0.1030,-0.3578,2.9938,0.1048,0.4682,2.9800,0.1441,0.6000,1,1,2.7143,-0.0622,0.5075,-0.0477,-0.0656,-0.3185,2.7143,-0.0622,0.5075,3.0535,-0.1399,0.6000,0,1,2.3850,0.0500,0.4068,-0.3777,0.0448,-0.4192,2.3850,0.0500,0.4068,2.6682,0.1462,0.5000,0,1,2.6113,-0.0688,0.3733,-0.1507,-0.0727,-0.4527,2.6113,-0.0688,0.3733,2.5917,-0.1378,0.5000,1,1
2.7644,0.0030,0.8253,-0.1754,-0.0049,2.9940,0.1046,0.4683,0.2291,0.1027,-0.3570,2.9940,0.1046,0.4683,2.9799,0.1441,0.6000,1,1,2.6972,-0.0731,0.5203,-0.0668,-0.0764,-0.3050,2.6972,-0.0731,0.5203,3.0555,-0.1399,0.6000,0,1,2.3615,0.0638,0.4196,-0.4032,0.0588,-0.4057,2.3615,0.0638,0.4196,2.6701,0.1460,0.5000,0,1,2.6115,-0.0690,0.3733,-0.1525,-0.0727,-0.4520,2.6115,-0.0690,0.3733,2.5917,-0.1380,0.5000,1,1
2.7663,0.0026,0.8249,-0.1764,-0.0022,2.9940,0.1041,0.4681,0.2275,0.1020,-0.3568,2.9940,0.1041,0.4681,2.9794,0.1442,0.6000,1,1,2.7094,-0.0723,0.5300,-0.0567,-0.0750,-0.2949,2.7094,-0.0723,0.5300,3.0578,-0.1398,0.6000,0,1,2.3359,0.0859,0.4306,-0.4306,0.0824,-0.3943,2.3359,0.0859,0.4306,2.6716,0.1451,0.5000,0,1,2.6114,-0.0695,0.3734,-0.1547,-0.0724,-0.4515,2.6114,-0.0695,0.3734,2.5920,-0.1389,0.5000,1,1
2.7684,0.0024,0.8249,-0.1815,-0.0027,2.9940,0.1042,0.4681,0.2253,0.1024,-0.3568,2.9940,0.1042,0.4681,2.9796,0.1439,0.6000,1,1,2.7227,-0.0736,0.5365,-0.0455,-0.0761,-0.2884,2.7227,-0.0736,0.5365,3.0598,-0.1401,0.6000,0,1,2.3337,0.0893,0.4369,-0.4349,0.0857,-0.3880,2.3337,0.0893,0.4369,2.6738,0.1450,0.5000,0,1,2.6115,-0.0694,0.3733,-0.1567,-0.0722,-0.4516,2.6115,-0.0694,0.3733,2.5920,-0.1390,0.5000,1,1
2.7709,0.0023,0.8250,-0.1916,-0.0038,2.9938,0.1044,0.4681,0.2225,0.1029,-0.3569,2.9938,0.1044,0.4681,2.9803,0.1436,0.6000,1,1,2.7264,-0.0812,0.5379,-0.0442,-0.0837,-0.2871,2.7264,-0.0812,0.5379,3.0622,-0.1404,0.6000,0,1,2.3550,0.0813,0.4392,-0.4162,0.0774,-0.3858,2.3550,0.0813,0.4392,2.6765,0.1451,0.5000,0,1,2.6113,-0.0692,0.3733,-0.1593,-0.0721,-0.4517,2.6113,-0.0692,0.3733,2.5924,-0.1389,0.5000,1,1
2.7736,0.0023,0.8256,-0.1968,-0.0037,2.9938,0.1044,0.4681,0.2198,0.1029,-0.3575,2.9938,0.1044,0.4681,2.9809,0.1436,0.6000,1,1,2.7290,-0.0920,0.5343,-0.0443,-0.0945,-0.2913,2.7290,-0.0920,0.5343,3.0648,-0.1404,0.6000,0,1,2.3708,0.0791,0.4360,-0.4031,0.0753,-0.3896,2.3708,0.0791,0.4360,2.6791,0.1450,0.5000,0,1,2.6112,-0.0692,0.3734,-0.1621,-0.0721,-0.4522,2.6112,-0.0692,0.3734,2.5930,-0.1390,0.5000,1,1
2.7765,0.0024,0.8267,-0.1981,-0.0019,2.9940,0.1046,0.4683,0.2173,0.1026,-0.3584,2.9940,0.1046,0.4683,2.9816,0.1441,0.6000,1,1,2.7125,-0.1175,0.5263,-0.0638,-0.1200,-0.3004,2.7125,-0.1175,0.5263,3.0680,-0.1399,0.6000,0,1,2.3646,0.0926,0.4285,-0.4121,0.0894,-0.3982,2.3646,0.0926,0.4285,2.6818,0.1448,0.5000,0,1,2.6115,-0.0691,0.3733,-0.1649,-0.0718,-0.4534,2.6115,-0.0691,0.3733,2.5942,-0.1392,0.5000,1,1
2.7788,0.0027,0.8284,-0.1927,0.0018,2.9933,0.1044,0.4678,0.2147,0.1013,-0.3606,2.9933,0.1044,0.4678,2.9814,0.1450,0.6000,1,1,2.7250,-0.1469,0.5209,-0.0541,-0.1495,-0.3075,2.7250,-0.1469,0.5209,3.0709,-0.1390,0.6000,0,1,2.3682,0.1232,0.4229,-0.4104,0.1212,-0.4055,2.3682,0.1232,0.4229,2.6836,0.1443,0.5000,0,1,2.6107,-0.0693,0.3735,-0.1682,-0.0717,-0.4549,2.6107,-0.0693,0.3735,2.5951,-0.1397,0.5000,1,1
2.7821,0.0030,0.8305,-0.1884,-0.0013,2.9941,0.1047,0.4683,0.2119,0.1020,-0.3622,2.9941,0.1047,0.4683,2.9831,0.1447,0.6000,1,1,2.7380,-0.1324,0.5100,-0.0439,-0.1355,-0.3205,2.7380,-0.1324,0.5100,3.0337,-0.1793,0.6000,0,1,2.3906,0.1114,0.4125,-0.3916,0.1079,-0.4180,2.3906,0.1114,0.4125,2.6873,0.1452,0.5000,0,1,2.6117,-0.0690,0.3732,-0.1703,-0.0722,-0.4573,2.6117,-0.0690,0.3732,2.5959,-0.1388,0.5000,1,1
2.7864,0.0031,0.8320,-0.2131,-0.0132,2.9933,0.1045,0.4677,0.2055,0.1041,-0.3643,2.9933,0.1045,0.4677,2.9870,0.1425,0.6000,1,1,2.8529,-0.0892,0.5086,0.0677,-0.0914,-0.3234,2.8529,-0.0892,0.5086,3.0363,-0.1815,0.6000,0,1,2.4495,0.0756,0.4035,-0.3378,0.0680,-0.4285,2.4495,0.0756,0.4035,2.6933,0.1476,0.5000,0,1,2.6107,-0.0692,0.3734,-0.1747,-0.0746,-0.4586,2.6107,-0.0692,0.3734,2.5965,-0.1363,0.5000,1,1
2.7894,0.0029,0.8352,-0.2351,-0.0203,2.9927,0.1042,0.4671,0.2012,0.1054,-0.3681,2.9927,0.1042,0.4671,2.9891,0.1410,0.6000,1,1,2.9525,-0.0811,0.5022,0.1648,-0.0807,-0.3330,2.9525,-0.0811,0.5022,3.0383,-0.1829,0.6000,0,1,2.5806,0.0696,0.4012,-0.2101,0.0624,-0.4340,2.5806,0.0696,0.4012,2.6973,0.1489,0.5000,0,1,2.6099,-0.0697,0.3735,-0.1780,-0.0762,-0.4617,2.6099,-0.0697,0.3735,2.5966,-0.1351,0.5000,1,1
2.7935,0.0028,0.8382,-0.2663,-0.0220,2.9921,0.1042,0.4667,0.1963,0.1057,-0.3715,2.9921,0.1042,0.4667,2.9914,0.1405,0.6000,1,1,3.0041,-0.1031,0.4911,0.2129,-0.1012,-0.3471,3.0041,-0.1031,0.4911,3.0421,-0.1834,0.6000,0,1,2.6315,0.0897,0.3915,-0.1639,0.0833,-0.4467,2.6315,0.0897,0.3915,2.6617,0.1090,0.5000,0,1,2.6092,-0.0696,0.3737,-0.1827,-0.0764,-0.4645,2.6092,-0.0696,0.3737,2.5984,-0.1349,0.5000,1,1
2.7975,0.0028,0.8411,-0.2865,-0.0248,2.9918,0.1039,0.4663,0.1917,0.1059,-0.3748,2.9918,0.1039,0.4663,2.9938,0.1400,0.6000,1,1,3.0330,-0.1302,0.4834,0.2387,-0.1271,-0.3577,3.0330,-0.1302,0.4834,3.0457,-0.1840,0.6000,0,1,2.6547,0.1057,0.3838,-0.1453,0.0993,-0.4573,2.6547,0.1057,0.3838,2.6661,0.1095,0.5000,0,1,2.6087,-0.0699,0.3739,-0.1869,-0.0774,-0.4672,2.6087,-0.0699,0.3739,2.6001,-0.1344,0.5000,1,1
2.8015,0.0027,0.8437,-0.2912,-0.0314,2.9958,0.1029,0.4672,0.1911,0.1063,-0.3765,2.9958,0.1029,0.4672,3.0177,0.0586,0.6000,0,1,3.0482,-0.1465,0.4818,0.2513,-0.1414,-0.3619,3.0482,-0.1465,0.4818,3.0227,-0.1452,0.6000,1,1,2.6567,0.1086,0.3809,-0.1481,0.1013,-0.4628,2.6567,0.1086,0.3809,2.6451,0.1508,0.5000,1,1,2.5958,-0.0776,0.3770,-0.2031,-0.0867,-0.4667,2.5958,-0.0776,0.3770,2.6621,-0.1731,0.5000,0,1
2.8068,0.0022,0.8451,-0.2875,-0.0437,3.0145,0.1335,0.4844,0.2018,0.1402,-0.3607,3.0145,0.1335,0.4844,3.0246,0.0557,0.6000,0,1,3.0482,-0.1481,0.4823,0.2477,-0.1396,-0.3628,3.0482,-0.1481,0.4823,3.0242,-0.1481,0.6000,1,1,2.6568,0.1069,0.3802,-0.1544,0.0980,-0.4649,2.6568,0.1069,0.3802,2.6502,0.1526,0.5000,1,1,2.5059,-0.1233,0.3840,-0.2951,-0.1385,-0.4611,2.5059,-0.1233,0.3840,2.6658,-0.1712,0.5000,0,1
2.8113,0.0018,0.8496,-0.2773,-0.0199,2.9897,-0.0229,0.5271,0.1789,-0.0211,-0.3225,2.9897,-0.0229,0.5271,3.0658,0.1000,0.6000,0,1,3.0477,-0.1493,0.4828,0.2394,-0.1464,-0.3668,3.0477,-0.1493,0.4828,3.0302,-0.1439,0.6000,1,1,2.6566,0.1057,0.3795,-0.1567,0.1008,-0.4701,2.6566,0.1057,0.3795,2.6491,0.1477,0.5000,1,1,2.4234,-0.0339,0.4082,-0.3871,-0.0434,-0.4414,2.4234,-0.0339,0.4082,2.6735,-0.1763,0.5000,0,1
2.8154,0.0011,0.8505,-0.2548,-0.0226,2.9842,-0.0432,0.5406,0.1698,-0.0405,-0.3099,2.9842,-0.0432,0.5406,3.0704,0.0987,0.6000,0,1,3.0480,-0.1487,0.4828,0.2359,-0.1445,-0.3677,3.0480,-0.1487,0.4828,3.0320,-0.1452,0.6000,1,1,2.6569,0.1064,0.3797,-0.1608,0.1017,-0.4708,2.6569,0.1064,0.3797,2.6517,0.1474,0.5000,1,1,2.4084,-0.0366,0.4228,-0.4060,-0.0469,-0.4277,2.4084,-0.0366,0.4228,2.6773,-0.1765,0.5000,0,1
2.8206,-0.0003,0.8490,-0.2399,-0.0404,3.0046,0.0310,0.5562,0.1826,0.0387,-0.2928,3.0046,0.0310,0.5562,3.1579,0.0938,0.7000,0,1,3.0485,-0.1483,0.4830,0.2337,-0.1387,-0.3660,3.0485,-0.1483,0.4830,3.0325,-0.1499,0.6000,1,1,2.6574,0.1066,0.3796,-0.1674,0.1002,-0.4694,2.6574,0.1066,0.3796,2.6574,0.1494,0.5000,1,1,2.3989,-0.0609,0.4362,-0.4189,-0.0776,-0.4128,2.3989,-0.0609,0.4362,2.6800,-0.1744,0.5000,0,1
2.8261,-0.0014,0.8478,-0.2318,-0.0530,3.0079,0.0988,0.5672,0.1762,0.1097,-0.2806,3.0079,0.0988,0.5672,3.1651,0.0902,0.7000,0,1,3.0474,-0.1520,0.4839,0.2290,-0.1387,-0.3639,3.0474,-0.1520,0.4839,3.0341,-0.1534,0.6000,1,1,2.6567,0.1029,0.3790,-0.1747,0.0952,-0.4688,2.6567,0.1029,0.3790,2.6629,0.1507,0.5000,1,1,2.3936,-0.0765,0.4500,-0.4279,-0.0979,-0.3978,2.3936,-0.0765,0.4500,2.6838,-0.1729,0.5000,0,1
2.8316,-0.0022,0.8474,-0.2296,-0.0588,3.0184,0.1491,0.5784,0.1776,0.1620,-0.2690,3.0184,0.1491,0.5784,3.1714,0.0882,0.7000,0,1,3.0471,-0.1529,0.4841,0.2240,-0.1378,-0.3633,3.0471,-0.1529,0.4841,3.0367,-0.1553,0.6000,1,1,2.6565,0.1020,0.3789,-0.1809,0.0937,-0.4685,2.6565,0.1020,0.3789,2.6673,0.1510,0.5000,1,1,2.3973,-0.0899,0.4615,-0.4284,-0.1131,-0.3859,2.3973,-0.0899,0.4615,2.6486,-0.2125,0.5000,0,1
2.8367,-0.0031,0.8482,-0.2273,-0.0596,3.0345,0.1542,0.5873,0.1881,0.1688,-0.2609,3.0345,0.1542,0.5873,3.1766,0.0872,0.7000,0,1,3.0471,-0.1526,0.4839,0.2189,-0.1367,-0.3643,3.0471,-0.1526,0.4839,3.0397,-0.1563,0.6000,1,1,2.6564,0.1023,0.3789,-0.1863,0.0945,-0.4693,2.6564,0.1023,0.3789,2.6705,0.1502,0.5000,1,1,2.4094,-0.1061,0.4698,-0.4204,-0.1283,-0.3784,2.4094,-0.1061,0.4698,2.6536,-0.2133,0.5000,0,1
2.8415,-0.0039,0.8503,-0.2229,-0.0572,3.0350,0.1113,0.5916,0.1866,0.1261,-0.2587,3.0350,0.1113,0.5916,3.1811,0.0869,0.7000,0,1,3.0474,-0.1515,0.4837,0.2140,-0.1356,-0.3666,3.0474,-0.1515,0.4837,3.0429,-0.1566,0.6000,1,1,2.6567,0.1035,0.3791,-0.1906,0.0967,-0.4712,2.6567,0.1035,0.3791,2.6730,0.1491,0.5000,1,1,2.4004,-0.1263,0.4731,-0.4334,-0.1474,-0.3772,2.4004,-0.1263,0.4731,2.6587,-0.2145,0.5000,0,1
2.8464,-0.0043,0.8526,-0.2121,-0.0606,3.0189,0.0902,0.5907,0.1665,0.1048,-0.2619,3.0189,0.0902,0.5907,3.1865,0.0859,0.7000,0,1,3.0470,-0.1516,0.4836,0.2092,-0.1349,-0.3690,3.0470,-0.1516,0.4836,3.0453,-0.1576,0.6000,1,1,2.6563,0.1034,0.3792,-0.1963,0.0960,-0.4734,2.6563,0.1034,0.3792,2.6764,0.1493,0.5000,1,1,2.4001,-0.1484,0.4766,-0.4368,-0.1709,-0.3760,2.4001,-0.1484,0.4766,2.6632,-0.2142,0.5000,0,1
2.8524,-0.0050,0.8540,-0.2095,-0.0576,3.0043,0.1097,0.5850,0.1450,0.1233,-0.2690,3.0043,0.1097,0.5850,3.1920,0.0857,0.7000,0,1,3.0472,-0.1519,0.4838,0.2029,-0.1354,-0.3702,3.0472,-0.1519,0.4838,3.0497,-0.1578,0.6000,1,1,2.6565,0.1031,0.3792,-0.2018,0.0966,-0.4748,2.6565,0.1031,0.3792,2.6799,0.1480,0.5000,1,1,2.4097,-0.1401,0.4723,-0.4342,-0.1604,-0.3817,2.4097,-0.1401,0.4723,2.6695,-0.2155,0.5000,0,1
2.8594,-0.0054,0.8550,-0.2229,-0.0551,2.9955,0.1684,0.5745,0.1263,0.1810,-0.2805,2.9955,0.1684,0.5745,3.1987,0.0858,0.7000,0,1,3.0465,-0.1532,0.4839,0.1950,-0.1373,-0.3711,3.0465,-0.1532,0.4839,3.0551,-0.1578,0.6000,1,1,2.6560,0.1020,0.3793,-0.2090,0.0960,-0.4757,2.6560,0.1020,0.3793,2.6845,0.1471,0.5000,1,1,2.5078,-0.1074,0.4680,-0.3454,-0.1212,-0.3870,2.5078,-0.1074,0.4680,2.6768,-0.2165,0.5000,0,1
2.8666,-0.0053,0.8564,-0.2430,-0.0598,2.9796,0.2396,0.5633,0.0982,0.2512,-0.2931,2.9796,0.2396,0.5633,3.1665,0.1250,0.7000,0,1,3.0455,-0.1545,0.4840,0.1875,-0.1382,-0.3724,3.0455,-0.1545,0.4840,3.0196,-0.1985,0.6000,1,1,2.6549,0.1007,0.3796,-0.2177,0.0932,-0.4768,2.6549,0.1007,0.3796,2.6904,0.1481,0.5000,1,1,2.6056,-0.1041,0.4650,-0.2546,-0.1142,-0.3914,2.6056,-0.1041,0.4650,2.6834,-0.2154,0.5000,0,1
2.8728,-0.0052,0.8580,-0.2600,-0.0592,2.9892,0.2762,0.5594,0.0995,0.2878,-0.2986,2.9892,0.2762,0.5594,3.1727,0.1252,0.7000,0,1,3.0449,-0.1548,0.4837,0.1806,-0.1392,-0.3743,3.0449,-0.1548,0.4837,3.0239,-0.1983,0.6000,1,1,2.6542,0.1003,0.3796,-0.2245,0.0924,-0.4784,2.6542,0.1003,0.3796,2.6546,0.1081,0.5000,1,1,2.6510,-0.1149,0.4533,-0.2149,-0.1226,-0.4047,2.6510,-0.1149,0.4533,2.8098,-0.1754,0.6000,0,1
2.8792,-0.0050,0.8598,-0.2693,-0.0539,3.0154,0.2270,0.5482,0.1235,0.2390,-0.3116,3.0154,0.2270,0.5482,3.1784,0.1265,0.7000,0,1,3.0453,-0.1546,0.4837,0.1739,-0.1404,-0.3761,3.0453,-0.1546,0.4837,3.0291,-0.1971,0.6000,1,1,2.6547,0.1005,0.3794,-0.2299,0.0933,-0.4804,2.6547,0.1005,0.3794,2.6581,0.1073,0.5000,1,1,2.6561,-0.0928,0.4409,-0.2180,-0.0997,-0.4189,2.6561,-0.0928,0.4409,2.8169,-0.1763,0.6000,0,1
2.8848,-0.0049,0.8603,-0.2639,-0.0445,3.0492,0.1700,0.5392,0.1565,0.1820,-0.3211,3.0492,0.1700,0.5392,3.1827,0.1284,0.7000,0,1,3.0454,-0.1540,0.4845,0.1671,-0.1418,-0.3758,3.0454,-0.1540,0.4845,3.0341,-0.1953,0.6000,1,1,2.6548,0.1012,0.3804,-0.2345,0.0958,-0.4799,2.6548,0.1012,0.3804,2.6603,0.1056,0.5000,1,1,2.6874,-0.0958,0.4296,-0.1932,-0.0996,-0.4307,2.6874,-0.0958,0.4296,2.8236,-0.1781,0.6000,0,1
2.8910,-0.0047,0.8600,-0.2614,-0.0370,3.0928,0.1416,0.5298,0.1963,0.1537,-0.3302,3.0928,0.1416,0.5298,3.1879,0.1301,0.7000,0,1,3.0452,-0.1534,0.4848,0.1596,-0.1429,-0.3752,3.0452,-0.1534,0.4848,3.0394,-0.1937,0.6000,1,1,2.6544,0.1018,0.3811,-0.2404,0.0977,-0.4789,2.6544,0.1018,0.3811,2.7034,0.1444,0.5000,1,1,2.7318,-0.1175,0.4201,-0.1549,-0.1186,-0.4399,2.7318,-0.1175,0.4201,2.8309,-0.1794,0.6000,0,1
2.8972,-0.0045,0.8595,-0.2453,-0.0336,3.1507,0.1391,0.5244,0.2485,0.1520,-0.3351,3.1507,0.1391,0.5244,3.1937,0.1310,0.7000,0,1,3.0447,-0.1524,0.4840,0.1524,-0.1429,-0.3755,3.0447,-0.1524,0.4840,3.0441,-0.1929,0.6000,1,1,2.6541,0.1030,0.3854,-0.2466,0.0993,-0.4741,2.6541,0.1030,0.3854,2.7071,0.1440,0.5000,1,1,2.7940,-0.1372,0.4160,-0.0987,-0.1361,-0.4435,2.7940,-0.1372,0.4160,2.8376,-0.1799,0.6000,0,1
2.9060,-0.0044,0.8596,-0.2444,-0.0182,3.1510,0.1387,0.5242,0.2424,0.1475,-0.3354,3.1510,0.1387,0.5242,3.1333,0.1341,0.7000,1,1,3.0488,-0.1606,0.4923,0.1456,-0.1536,-0.3673,3.0488,-0.1606,0.4923,3.1952,-0.1499,0.7000,0,1,2.6738,0.1114,0.3919,-0.2343,0.1116,-0.4677,2.6738,0.1114,0.3919,2.8136,0.1411,0.6000,0,1,2.7942,-0.1374,0.4158,-0.1094,-0.1350,-0.4438,2.7942,-0.1374,0.4158,2.7014,-0.1829,0.5000,1,1
2.9133,-0.0041,0.8621,-0.2365,-0.0223,3.1515,0.1393,0.5242,0.2349,0.1487,-0.3379,3.1515,0.1393,0.5242,3.1392,0.1336,0.7000,1,1,3.0342,-0.0747,0.5271,0.1224,-0.0679,-0.3350,3.0342,-0.0747,0.5271,3.2019,-0.1504,0.7000,0,1,2.7233,0.0284,0.4325,-0.1907,0.0283,-0.4296,2.7233,0.0284,0.4325,2.8215,0.1422,0.6000,0,1,2.7946,-0.1363,0.4147,-0.1157,-0.1348,-0.4474,2.7946,-0.1363,0.4147,2.7862,-0.1817,0.6000,1,1
2.9205,-0.0037,0.8638,-0.2386,-0.0138,3.1517,0.1391,0.5242,0.2292,0.1460,-0.3396,3.1517,0.1391,0.5242,3.1832,0.0957,0.7000,1,1,3.0012,-0.0776,0.5394,0.0817,-0.0728,-0.3244,3.0012,-0.0776,0.5394,3.2103,-0.1483,0.7000,0,1,2.6349,0.0270,0.4470,-0.2860,0.0268,-0.4168,2.6349,0.0270,0.4470,2.8274,0.1409,0.6000,0,1,2.7949,-0.1366,0.4147,-0.1238,-0.1346,-0.4491,2.7949,-0.1366,0.4147,2.7926,-0.1831,0.6000,1,1
2.9274,-0.0033,0.8649,-0.2406,0.0035,3.1529,0.1396,0.5250,0.2260,0.1421,-0.3399,3.1529,0.1396,0.5250,3.1857,0.0993,0.7000,1,1,2.9607,-0.1199,0.5538,0.0329,-0.1167,-0.3111,2.9607,-0.1199,0.5538,3.2197,-0.1447,0.7000,0,1,2.5808,0.0671,0.4597,-0.3464,0.0716,-0.4052,2.5808,0.0671,0.4597,2.8319,0.1380,0.6000,0,1,2.7964,-0.1359,0.4139,-0.1315,-0.1321,-0.4510,2.7964,-0.1359,0.4139,2.7999,-0.1860,0.6000,1,1
2.9336,-0.0029,0.8668,-0.2488,0.0162,3.1529,0.1394,0.5249,0.2216,0.1387,-0.3419,3.1529,0.1394,0.5249,3.1881,0.1021,0.7000,1,1,2.9672,-0.1283,0.5683,0.0316,-0.1259,-0.2985,2.9672,-0.1283,0.5683,3.2277,-0.1418,0.7000,0,1,2.5797,0.0878,0.4741,-0.3524,0.0964,-0.3927,2.5797,0.0878,0.4741,2.8364,0.1359,0.6000,0,1,2.7964,-0.1361,0.4140,-0.1393,-0.1310,-0.4528,2.7964,-0.1361,0.4140,2.8060,-0.1881,0.6000,1,1
2.9388,-0.0027,0.8698,-0.2555,0.0241,3.1526,0.1390,0.5245,0.2172,0.1365,-0.3453,3.1526,0.1390,0.5245,3.1901,0.1039,0.7000,1,1,3.0283,-0.1007,0.5817,0.0871,-0.1001,-0.2881,3.0283,-0.1007,0.5817,3.2340,-0.1400,0.7000,0,1,2.6472,0.0860,0.4874,-0.2894,0.0957,-0.3824,2.6472,0.0860,0.4874,2.8404,0.1346,0.6000,0,1,2.7959,-0.1366,0.4143,-0.1461,-0.1304,-0.4555,2.7959,-0.1366,0.4143,2.8103,-0.1893,0.6000,1,1
2.9442,-0.0024,0.8725,-0.2629,0.0351,3.1527,0.1390,0.5246,0.2133,0.1340,-0.3479,3.1527,0.1390,0.5246,3.1519,0.1463,0.7000,1,1,3.0405,-0.0933,0.5920,0.0931,-0.0942,-0.2805,3.0405,-0.0933,0.5920,3.2408,-0.1376,0.7000,0,1,2.6826,0.0931,0.4977,-0.2581,0.1046,-0.3748,2.6826,0.0931,0.4977,2.8443,0.1327,0.6000,0,1,2.7960,-0.1365,0.4142,-0.1528,-0.1288,-0.4583,2.7960,-0.1365,0.4142,2.8153,-0.1911,0.6000,1,1
2.9494,-0.0020,0.8749,-0.2656,0.0470,3.1527,0.1391,0.5246,0.2097,0.1314,-0.3503,3.1527,0.1391,0.5246,3.1533,0.1488,0.7000,1,1,3.0360,-0.1009,0.5981,0.0819,-0.1029,-0.2768,3.0360,-0.1009,0.5981,3.2476,-0.1348,0.7000,0,1,2.6981,0.1057,0.5039,-0.2460,0.1194,-0.3710,2.6981,0.1057,0.5039,2.8479,0.1307,0.6000,0,1,2.7960,-0.1365,0.4142,-0.1595,-0.1271,-0.4607,2.7960,-0.1365,0.4142,2.8203,-0.1930,0.6000,1,1
2.9544,-0.0015,0.8774,-0.2640,0.0584,3.1527,0.1391,0.5246,0.2062,0.1288,-0.3528,3.1527,0.1391,0.5246,3.1546,0.1514,0.7000,1,1,3.0265,-0.1160,0.5994,0.0653,-0.1185,-0.2780,3.0265,-0.1160,0.5994,3.2541,-0.1321,0.7000,0,1,2.6958,0.1167,0.5054,-0.2513,0.1331,-0.3720,2.6958,0.1167,0.5054,2.8514,0.1289,0.6000,0,1,2.7960,-0.1365,0.4142,-0.1660,-0.1255,-0.4632,2.7960,-0.1365,0.4142,2.7850,-0.1547,0.6000,1,1
2.9590,-0.0010,0.8799,-0.2536,0.0705,3.1528,0.1394,0.5248,0.2032,0.1264,-0.3551,3.1528,0.1394,0.5248,3.1553,0.1542,0.7000,1,1,2.9935,-0.1443,0.5953,0.0243,-0.1454,-0.2846,2.9935,-0.1443,0.5953,3.2603,-0.1291,0.7000,0,1,2.6818,0.1301,0.5018,-0.2673,0.1503,-0.3781,2.6818,0.1301,0.5018,2.8545,0.1269,0.6000,0,1,2.7962,-0.1361,0.4139,-0.1719,-0.1233,-0.4660,2.7962,-0.1361,0.4139,2.7895,-0.1564,0.6000,1,1
2.9631,-0.0002,0.8823,-0.2406,0.0816,3.1531,0.1396,0.5250,0.2008,0.1238,-0.3573,3.1531,0.1396,0.5250,3.1557,0.1569,0.7000,1,1,2.9468,-0.1841,0.5879,-0.0312,-0.1820,-0.2944,2.9468,-0.1841,0.5879,3.2658,-0.1261,0.7000,0,1,2.6599,0.1592,0.4937,-0.2892,0.1836,-0.3886,2.6599,0.1592,0.4937,2.8571,0.1254,0.6000,0,1,2.7966,-0.1360,0.4137,-0.1770,-0.1218,-0.4686,2.7966,-0.1360,0.4137,2.7933,-0.1577,0.6000,1,1
2.9662,0.0003,0.8847,-0.2299,0.0893,3.1528,0.1392,0.5247,0.1982,0.1217,-0.3600,3.1528,0.1392,0.5247,3.1556,0.1589,0.7000,1,1,2.9648,-0.2138,0.5845,-0.0205,-0.2131,-0.3002,2.9648,-0.2138,0.5845,3.2699,-0.1240,0.7000,0,1,2.6227,0.2008,0.4828,-0.3243,0.2303,-0.4019,2.6227,0.2008,0.4828,2.8593,0.1244,0.6000,0,1,2.7962,-0.1362,0.4139,-0.1815,-0.1208,-0.4708,2.7962,-0.1362,0.4139,2.7957,-0.1585,0.6000,1,1
2.9697,0.0002,0.8871,-0.2203,0.1004,3.1527,0.1397,0.5247,0.1961,0.1205,-0.3624,3.1527,0.1397,0.5247,3.1553,0.1607,0.7000,1,1,2.9743,-0.1962,0.5738,-0.0151,-0.1959,-0.3133,2.9743,-0.1962,0.5738,3.2748,-0.1218,0.7000,0,1,2.6279,0.2084,0.4772,-0.3192,0.2414,-0.4099,2.6279,0.2084,0.4772,2.8615,0.1220,0.6000,0,1,2.7960,-0.1357,0.4140,-0.1864,-0.1178,-0.4731,2.7960,-0.1357,0.4140,2.7989,-0.1606,0.6000,1,1
2.9740,0.0003,0.8890,-0.2237,0.0968,3.1528,0.1388,0.5245,0.1913,0.1206,-0.3645,3.1528,0.1388,0.5245,3.1982,0.1202,0.7000,1,1,3.0236,-0.1294,0.5682,0.0368,-0.1339,-0.3208,3.0236,-0.1294,0.5682,3.2786,-0.1224,0.7000,0,1,2.6384,0.1811,0.4650,-0.3166,0.2124,-0.4240,2.6384,0.1811,0.4650,2.8662,0.1228,0.6000,0,1,2.7960,-0.1364,0.4141,-0.1904,-0.1189,-0.4749,2.7960,-0.1364,0.4141,2.8006,-0.1598,0.6000,1,1
2.9786,0.0005,0.8908,-0.2386,0.0849,3.1526,0.1400,0.5248,0.1852,0.1242,-0.3660,3.1526,0.1400,0.5248,3.2027,0.1182,0.7000,1,1,3.0412,-0.0955,0.5583,0.0542,-0.1010,-0.3325,3.0412,-0.0955,0.5583,3.2818,-0.1248,0.7000,0,1,2.6807,0.1179,0.4570,-0.2869,0.1422,-0.4338,2.6807,0.1179,0.4570,2.8723,0.1254,0.6000,0,1,2.7960,-0.1353,0.4137,-0.1935,-0.1198,-0.4771,2.7960,-0.1353,0.4137,2.8414,-0.1975,0.6000,1,1
2.9828,0.0002,0.8926,-0.2522,0.0800,3.1521,0.1401,0.5247,0.1799,0.1259,-0.3679,3.1521,0.1401,0.5247,3.1656,0.1570,0.7000,1,1,3.0850,-0.0785,0.5471,0.0956,-0.0866,-0.3455,3.0850,-0.0785,0.5471,3.2853,-0.1261,0.7000,0,1,2.7378,0.0897,0.4469,-0.2371,0.1088,-0.4457,2.7378,0.0897,0.4469,2.8770,0.1261,0.6000,0,1,2.7954,-0.1352,0.4140,-0.1976,-0.1200,-0.4786,2.7954,-0.1352,0.4140,2.8427,-0.1970,0.6000,1,1
2.9863,-0.0001,0.8942,-0.2534,0.0759,3.1513,0.1392,0.5241,0.1751,0.1264,-0.3701,3.1513,0.1392,0.5241,3.1678,0.1561,0.7000,1,1,3.1648,-0.0640,0.5394,0.1731,-0.0773,-0.3548,3.1648,-0.0640,0.5394,3.2883,-0.1271,0.7000,0,1,2.8054,0.0801,0.4400,-0.1743,0.0937,-0.4542,2.8054,0.0801,0.4400,2.8811,0.1267,0.6000,0,1,2.7942,-0.1362,0.4153,-0.2019,-0.1211,-0.4789,2.7942,-0.1362,0.4153,2.8437,-0.1964,0.6000,1,1
2.9898,-0.0003,0.8942,-0.2410,0.0828,3.1385,0.1303,0.5263,0.1590,0.1179,-0.3679,3.1385,0.1303,0.5263,3.2692,0.1571,0.7000,0,1,3.2075,-0.1351,0.5455,0.2058,-0.1523,-0.3487,3.2075,-0.1351,0.5455,3.2266,-0.1259,0.7000,1,1,2.8404,0.1146,0.4417,-0.1394,0.1269,-0.4525,2.8404,0.1146,0.4417,2.8177,0.1251,0.6000,1,1,2.7827,-0.1420,0.4181,-0.2181,-0.1241,-0.4761,2.7827,-0.1420,0.4181,2.9072,-0.1579,0.6000,0,1
2.9943,-0.0011,0.8954,-0.2442,0.0737,3.0542,0.1459,0.5382,0.0706,0.1422,-0.3572,3.0542,0.1459,0.5382,3.2752,0.1546,0.7000,0,1,3.2078,-0.1363,0.5461,0.2030,-0.1506,-0.3493,3.2078,-0.1363,0.5461,3.2281,-0.1286,0.7000,1,1,2.8410,0.1133,0.4411,-0.1445,0.1254,-0.4543,2.8410,0.1133,0.4411,2.8214,0.1262,0.6000,1,1,2.7427,-0.1482,0.4262,-0.2617,-0.1282,-0.4692,2.7427,-0.1482,0.4262,2.9103,-0.1571,0.6000,0,1
2.9981,-0.0020,0.8979,-0.2454,0.0753,3.0574,0.0954,0.5524,0.0665,0.0927,-0.3455,3.0574,0.0954,0.5524,3.2787,0.1541,0.7000,0,1,3.2075,-0.1363,0.5459,0.1987,-0.1497,-0.3520,3.2075,-0.1363,0.5459,3.2301,-0.1291,0.7000,1,1,2.8406,0.1133,0.4410,-0.1484,0.1268,-0.4569,2.8406,0.1133,0.4410,2.8230,0.1250,0.6000,1,1,2.7123,-0.0938,0.4472,-0.2919,-0.0700,-0.4507,2.7123,-0.0938,0.4472,2.9144,-0.1582,0.6000,0,1
3.0007,-0.0028,0.9002,-0.2316,0.0651,3.0376,0.0768,0.5666,0.0420,0.0770,-0.3336,3.0376,0.0768,0.5666,3.2828,0.1514,0.7000,0,1,3.2081,-0.1360,0.5460,0.1983,-0.1464,-0.3542,3.2081,-0.1360,0.5460,3.2293,-0.1320,0.7000,1,1,2.8413,0.1136,0.4408,-0.1515,0.1265,-0.4594,2.8413,0.1136,0.4408,2.8248,0.1262,0.6000,1,1,2.6534,-0.1001,0.4602,-0.3529,-0.0745,-0.4400,2.6534,-0.1001,0.4602,2.9153,-0.1572,0.6000,0,1
3.0034,-0.0037,0.9020,-0.2196,0.0475,2.9833,0.0952,0.5813,-0.0154,0.0997,-0.3207,2.9833,0.0952,0.5813,3.2882,0.1472,0.7000,0,1,3.2084,-0.1362,0.5461,0.1985,-0.1421,-0.3559,3.2084,-0.1362,0.5461,3.2277,-0.1365,0.7000,1,1,2.8417,0.1135,0.4405,-0.1560,0.1247,-0.4615,2.8417,0.1135,0.4405,2.8279,0.1289,0.6000,1,1,2.6234,-0.1233,0.4766,-0.3853,-0.1014,-0.4254,2.6234,-0.1233,0.4766,2.9153,-0.1548,0.6000,0,1
3.0064,-0.0046,0.9040,-0.2203,0.0351,2.9725,0.0961,0.5951,-0.0303,0.1018,-0.3089,2.9725,0.0961,0.5951,3.2931,0.1441,0.7000,0,1,3.2081,-0.1368,0.5462,0.1969,-0.1392,-0.3578,3.2081,-0.1368,0.5462,3.2271,-0.1397,0.7000,1,1,2.8415,0.1129,0.4405,-0.1607,0.1232,-0.4635,2.8415,0.1129,0.4405,2.8305,0.1305,0.6000,1,1,2.6507,-0.1081,0.4896,-0.3591,-0.0910,-0.4144,2.6507,-0.1081,0.4896,2.9165,-0.1533,0.6000,0,1
3.0091,-0.0051,0.9057,-0.2267,0.0224,3.0186,0.0758,0.6067,0.0113,0.0807,-0.2990,3.0186,0.0758,0.6067,3.2977,0.1412,0.7000,0,1,3.2080,-0.1363,0.5460,0.1959,-0.1356,-0.3597,3.2080,-0.1363,0.5460,3.2260,-0.1427,0.7000,1,1,2.8412,0.1133,0.4407,-0.1652,0.1221,-0.4650,2.8412,0.1133,0.4407,2.8330,0.1325,0.6000,1,1,2.6880,-0.0969,0.5029,-0.3231,-0.0846,-0.4028,2.6880,-0.0969,0.5029,2.9173,-0.1514,0.6000,0,1
3.0119,-0.0056,0.9071,-0.2351,0.0085,3.0519,0.0675,0.6157,0.0406,0.0728,-0.2914,3.0519,0.0675,0.6157,3.3025,0.1381,0.7000,0,1,3.2080,-0.1363,0.5460,0.1950,-0.1324,-0.3611,3.2080,-0.1363,0.5460,3.2249,-0.1459,0.7000,1,1,2.8412,0.1134,0.4407,-0.1697,0.1204,-0.4664,2.8412,0.1134,0.4407,2.8357,0.1348,0.6000,1,1,2.6943,-0.0986,0.5110,-0.3184,-0.0903,-0.3961,2.6943,-0.0986,0.5110,2.9182,-0.1492,0.6000,0,1
3.0150,-0.0062,0.9083,-0.2430,-0.0061,3.0577,0.0695,0.6196,0.0422,0.0760,-0.2887,3.0577,0.0695,0.6196,3.3077,0.1347,0.7000,0,1,3.2079,-0.1364,0.5460,0.1937,-0.1290,-0.3623,3.2079,-0.1364,0.5460,3.2240,-0.1493,0.7000,1,1,2.8411,0.1133,0.4407,-0.1746,0.1184,-0.4676,2.8411,0.1133,0.4407,2.8389,0.1370,0.6000,1,1,2.6987,-0.1016,0.5150,-0.3157,-0.0973,-0.3933,2.6987,-0.1016,0.5150,2.9192,-0.1470,0.6000,0,1
3.0181,-0.0069,0.9095,-0.2457,-0.0207,3.0603,0.0761,0.6184,0.0405,0.0839,-0.2911,3.0603,0.0761,0.6184,3.3128,0.1312,0.7000,0,1,3.2077,-0.1363,0.5459,0.1922,-0.1254,-0.3636,3.2077,-0.1363,0.5459,3.2229,-0.1528,0.7000,1,1,2.8409,0.1133,0.4408,-0.1796,0.1165,-0.4687,2.8409,0.1133,0.4408,2.8421,0.1391,0.6000,1,1,2.7033,-0.1062,0.5140,-0.3127,-0.1058,-0.3955,2.7033,-0.1062,0.5140,2.9202,-0.1448,0.6000,0,1
3.0210,-0.0077,0.9109,-0.2386,-0.0349,3.0449,0.0910,0.6125,0.0204,0.0995,-0.2984,3.0449,0.0910,0.6125,3.3176,0.1275,0.7000,0,1,3.2078,-0.1364,0.5459,0.1912,-0.1221,-0.3650,3.2078,-0.1364,0.5459,3.2217,-0.1563,0.7000,1,1,2.8410,0.1132,0.4407,-0.1841,0.1145,-0.4702,2.8410,0.1132,0.4407,2.8450,0.1410,0.6000,1,1,2.6936,-0.1135,0.5081,-0.3235,-0.1172,-0.4028,2.6936,-0.1135,0.5081,2.9211,-0.1428,0.6000,0,1
3.0238,-0.0087,0.9122,-0.2281,-0.0499,3.0014,0.1226,0.6030,-0.0289,0.1300,-0.3092,3.0014,0.1226,0.6030,3.3225,0.1236,0.7000,0,1,3.2083,-0.1367,0.5463,0.1907,-0.1186,-0.3659,3.2083,-0.1367,0.5463,3.2203,-0.1601,0.7000,1,1,2.8417,0.1129,0.4403,-0.1879,0.1124,-0.4719,2.8417,0.1129,0.4403,2.8481,0.1429,0.6000,1,1,2.6542,-0.1346,0.4981,-0.3629,-0.1442,-0.4141,2.6542,-0.1346,0.4981,2.9220,-0.1408,0.6000,0,1
3.0252,-0.0094,0.9137,-0.2116,-0.0652,3.0008,0.1486,0.5965,-0.0346,0.1561,-0.3172,3.0008,0.1486,0.5965,3.3259,0.1198,0.7000,0,1,3.2075,-0.1363,0.5458,0.1902,-0.1148,-0.3679,3.2075,-0.1363,0.5458,3.2174,-0.1636,0.7000,1,1,2.8407,0.1134,0.4414,-0.1921,0.1105,-0.4723,2.8407,0.1134,0.4414,2.8499,0.1450,0.6000,1,1,2.6542,-0.1602,0.4926,-0.3604,-0.1747,-0.4211,2.6542,-0.1602,0.4926,2.9214,-0.1384,0.6000,0,1
3.0278,-0.0100,0.9141,-0.2092,-0.0754,3.0192,0.1378,0.5851,-0.0197,0.1467,-0.3290,3.0192,0.1378,0.5851,3.3298,0.1171,0.7000,0,1,3.2076,-0.1364,0.5459,0.1888,-0.1125,-0.3682,3.2076,-0.1364,0.5459,3.2164,-0.1661,0.7000,1,1,2.8408,0.1133,0.4425,-0.1958,0.1089,-0.4716,2.8408,0.1133,0.4425,2.8521,0.1463,0.6000,1,1,2.6774,-0.1447,0.4813,-0.3393,-0.1607,-0.4328,2.6774,-0.1447,0.4813,2.9227,-0.1369,0.6000,0,1
3.0318,-0.0105,0.9135,-0.2253,-0.0774,3.0357,0.0978,0.5718,-0.0045,0.1083,-0.3417,3.0357,0.0978,0.5718,3.3340,0.1162,0.7000,0,1,3.2080,-0.1369,0.5463,0.1854,-0.1124,-0.3672,3.2080,-0.1369,0.5463,3.2180,-0.1669,0.7000,1,1,2.8414,0.1127,0.4422,-0.1994,0.1081,-0.4713,2.8414,0.1127,0.4422,2.8543,0.1461,0.6000,1,1,2.6860,-0.1003,0.4682,-0.3378,-0.1163,-0.4453,2.6860,-0.1003,0.4682,2.9264,-0.1370,0.6000,0,1
3.0354,-0.0105,0.9125,-0.2522,-0.0772,3.1366,0.0492,0.5649,0.0963,0.0673,-0.3476,3.1366,0.0492,0.5649,3.3376,0.1163,0.7000,0,1,3.2077,-0.1367,0.5461,0.1815,-0.1125,-0.3664,3.2077,-0.1367,0.5461,3.2197,-0.1669,0.7000,1,1,2.8409,0.1128,0.4424,-0.2034,0.1079,-0.4701,2.8409,0.1128,0.4424,2.8559,0.1461,0.6000,1,1,2.7117,-0.0692,0.4581,-0.3182,-0.0835,-0.4544,2.7117,-0.0692,0.4581,2.9300,-0.1371,0.6000,0,1
3.0382,-0.0105,0.9121,-0.2714,-0.0778,3.2297,0.0361,0.5570,0.1873,0.0613,-0.3551,3.2297,0.0361,0.5570,3.3405,0.1162,0.7000,0,1,3.2067,-0.1365,0.5457,0.1778,-0.1125,-0.3664,3.2067,-0.1365,0.5457,3.2204,-0.1670,0.7000,1,1,2.8396,0.1130,0.4430,-0.2076,0.1077,-0.4691,2.8396,0.1130,0.4430,2.8568,0.1462,0.6000,1,1,2.7845,-0.0626,0.4492,-0.2489,-0.0717,-0.4629,2.7845,-0.0626,0.4492,2.9328,-0.1369,0.6000,0,1
3.0404,-0.0107,0.9123,-0.2684,-0.0771,3.3030,0.0441,0.5522,0.2576,0.0749,-0.3601,3.3030,0.0441,0.5522,3.3426,0.1161,0.7000,0,1,3.2056,-0.1362,0.5450,0.1744,-0.1124,-0.3673,3.2056,-0.1362,0.5450,3.2207,-0.1671,0.7000,1,1,2.8381,0.1132,0.4437,-0.2112,0.1080,-0.4686,2.8381,0.1132,0.4437,2.8569,0.1459,0.6000,1,1,2.8295,-0.0677,0.4445,-0.2059,-0.0731,-0.4678,2.8295,-0.0677,0.4445,2.9350,-0.1373,0.6000,0,1
3.0445,-0.0110,0.9127,-0.2711,-0.0732,3.3032,0.0442,0.5523,0.2540,0.0740,-0.3604,3.3032,0.0442,0.5523,3.2792,0.1166,0.7000,1,1,3.1777,-0.1426,0.5496,0.1425,-0.1215,-0.3631,3.1777,-0.1426,0.5496,3.3254,-0.1667,0.7000,0,1,2.8123,0.1233,0.4484,-0.2414,0.1170,-0.4643,2.8123,0.1233,0.4484,2.9605,0.1449,0.6000,0,1,2.8297,-0.0675,0.4443,-0.2101,-0.0721,-0.4684,2.8297,-0.0675,0.4443,2.8727,-0.1384,0.6000,1,1
3.0480,-0.0112,0.9137,-0.2571,-0.0627,3.3035,0.0442,0.5524,0.2515,0.0713,-0.3613,3.3035,0.0442,0.5524,3.2794,0.1185,0.7000,1,1,3.1131,-0.1840,0.5596,0.0758,-0.1684,-0.3541,3.1131,-0.1840,0.5596,3.3306,-0.1650,0.7000,0,1,2.7502,0.1589,0.4596,-0.3079,0.1511,-0.4541,2.7502,0.1589,0.4596,2.9623,0.1427,0.6000,0,1,2.8301,-0.0675,0.4440,-0.2139,-0.0698,-0.4697,2.8301,-0.0675,0.4440,2.8755,-0.1407,0.6000,1,1
3.0510,-0.0113,0.9162,-0.2351,-0.0607,3.3041,0.0444,0.5527,0.2493,0.0710,-0.3635,3.3041,0.0444,0.5527,3.2801,0.1188,0.7000,1,1,3.0667,-0.1776,0.5739,0.0258,-0.1650,-0.3423,3.0667,-0.1776,0.5739,3.3338,-0.1647,0.7000,0,1,2.7174,0.1388,0.4727,-0.3421,0.1296,-0.4435,2.7174,0.1388,0.4727,2.9650,0.1423,0.6000,0,1,2.8308,-0.0672,0.4436,-0.2164,-0.0692,-0.4726,2.8308,-0.0672,0.4436,2.8767,-0.1412,0.6000,1,1
3.0541,-0.0115,0.9182,-0.2238,-0.0611,3.3040,0.0445,0.5526,0.2460,0.0712,-0.3656,3.3040,0.0445,0.5526,3.2812,0.1185,0.7000,1,1,3.0608,-0.1444,0.5877,0.0148,-0.1322,-0.3305,3.0608,-0.1444,0.5877,3.3369,-0.1650,0.7000,0,1,2.7154,0.0978,0.4869,-0.3447,0.0884,-0.4313,2.7154,0.0978,0.4869,2.9681,0.1421,0.6000,0,1,2.8307,-0.0672,0.4437,-0.2196,-0.0692,-0.4745,2.8307,-0.0672,0.4437,2.8778,-0.1414,0.6000,1,1
3.0565,-0.0118,0.9192,-0.2154,-0.0576,3.3041,0.0441,0.5526,0.2440,0.0701,-0.3666,3.3041,0.0441,0.5526,3.2811,0.1189,0.7000,1,1,3.0640,-0.1287,0.6018,0.0142,-0.1163,-0.3174,3.0640,-0.1287,0.6018,3.3398,-0.1646,0.7000,0,1,2.7000,0.0874,0.5006,-0.3616,0.0785,-0.4186,2.7000,0.0874,0.5006,2.9700,0.1412,0.6000,0,1,2.8308,-0.0676,0.4438,-0.2221,-0.0687,-0.4754,2.8308,-0.0676,0.4438,2.8786,-0.1424,0.6000,1,1
3.0592,-0.0122,0.9193,-0.2170,-0.0511,3.3042,0.0442,0.5527,0.2418,0.0688,-0.3666,3.3042,0.0442,0.5527,3.2810,0.1198,0.7000,1,1,3.0584,-0.1312,0.6139,0.0053,-0.1189,-0.3054,3.0584,-0.1312,0.6139,3.3435,-0.1639,0.7000,0,1,2.6857,0.0908,0.5128,-0.3783,0.0838,-0.4065,2.6857,0.0908,0.5128,2.9717,0.1395,0.6000,0,1,2.8310,-0.0675,0.4439,-0.2251,-0.0669,-0.4754,2.8310,-0.0675,0.4439,2.8802,-0.1441,0.6000,1,1
3.0621,-0.0127,0.9190,-0.2297,-0.0452,3.3038,0.0441,0.5525,0.2389,0.0677,-0.3665,3.3038,0.0441,0.5525,3.2811,0.1205,0.7000,1,1,3.0605,-0.1305,0.6237,0.0037,-0.1178,-0.2953,3.0605,-0.1305,0.6237,3.3473,-0.1632,0.7000,0,1,2.7001,0.0900,0.5230,-0.3663,0.0862,-0.3960,2.7001,0.0900,0.5230,2.9737,0.1380,0.6000,0,1,2.8305,-0.0676,0.4443,-0.2289,-0.0653,-0.4747,2.8305,-0.0676,0.4443,2.8819,-0.1458,0.6000,1,1
3.0648,-0.0132,0.9185,-0.2384,-0.0411,3.3037,0.0440,0.5525,0.2363,0.0670,-0.3660,3.3037,0.0440,0.5525,3.2812,0.1208,0.7000,1,1,3.0588,-0.1279,0.6299,-0.0013,-0.1148,-0.2886,3.0588,-0.1279,0.6299,3.3506,-0.1629,0.7000,0,1,2.7213,0.0890,0.5294,-0.3474,0.0880,-0.3891,2.7213,0.0890,0.5294,2.9758,0.1367,0.6000,0,1,2.8303,-0.0677,0.4444,-0.2321,-0.0641,-0.4741,2.8303,-0.0677,0.4444,2.8831,-0.1470,0.6000,1,1
3.0674,-0.0136,0.9181,-0.2423,-0.0385,3.3036,0.0440,0.5524,0.2338,0.0666,-0.3657,3.3036,0.0440,0.5524,3.2815,0.1209,0.7000,1,1,3.0569,-0.1284,0.6313,-0.0061,-0.1151,-0.2868,3.0569,-0.1284,0.6313,3.3536,-0.1629,0.7000,0,1,2.7296,0.0931,0.5310,-0.3417,0.0936,-0.3871,2.7296,0.0931,0.5310,2.9780,0.1358,0.6000,0,1,2.8302,-0.0676,0.4444,-0.2349,-0.0631,-0.4737,2.8302,-0.0676,0.4444,2.8840,-0.1480,0.6000,1,1
3.0700,-0.0139,0.9181,-0.2401,-0.0366,3.3036,0.0439,0.5524,0.2313,0.0663,-0.3657,3.3036,0.0439,0.5524,3.2819,0.1210,0.7000,1,1,3.0536,-0.1316,0.6277,-0.0121,-0.1182,-0.2904,3.0536,-0.1316,0.6277,3.3565,-0.1628,0.7000,0,1,2.7269,0.1021,0.5274,-0.3471,0.1034,-0.3907,2.7269,0.1021,0.5274,2.9804,0.1351,0.6000,0,1,2.8302,-0.0678,0.4445,-0.2377,-0.0626,-0.4736,2.8302,-0.0678,0.4445,2.8850,-0.1487,0.6000,1,1
3.0729,-0.0142,0.9185,-0.2326,-0.0342,3.3039,0.0442,0.5526,0.2289,0.0663,-0.3659,3.3039,0.0442,0.5526,3.2825,0.1212,0.7000,1,1,3.0414,-0.1467,0.6199,-0.0270,-0.1335,-0.2986,3.0414,-0.1467,0.6199,3.3598,-0.1626,0.7000,0,1,2.6952,0.1161,0.5194,-0.3819,0.1173,-0.3991,2.6952,0.1161,0.5194,2.9829,0.1344,0.6000,0,1,2.8305,-0.0675,0.4442,-0.2404,-0.0616,-0.4743,2.8305,-0.0675,0.4442,2.8862,-0.1494,0.6000,1,1
3.0752,-0.0144,0.9193,-0.2213,-0.0283,3.3036,0.0442,0.5524,0.2267,0.0650,-0.3669,3.3036,0.0442,0.5524,3.2820,0.1221,0.7000,1,1,3.0274,-0.1777,0.6111,-0.0432,-0.1646,-0.3082,3.0274,-0.1777,0.6111,3.3629,-0.1618,0.7000,0,1,2.6743,0.1434,0.5116,-0.4052,0.1464,-0.4077,2.6743,0.1434,0.5116,2.9843,0.1330,0.6000,0,1,2.8302,-0.0675,0.4443,-0.2434,-0.0600,-0.4750,2.8302,-0.0675,0.4443,2.8873,-0.1509,0.6000,1,1
3.0772,-0.0147,0.9201,-0.2072,-0.0252,3.3031,0.0442,0.5522,0.2243,0.0646,-0.3679,3.3031,0.0442,0.5522,3.2816,0.1225,0.7000,1,1,3.0473,-0.1851,0.6030,-0.0256,-0.1711,-0.3171,3.0473,-0.1851,0.6030,3.3654,-0.1615,0.7000,0,1,2.6993,0.1362,0.5037,-0.3816,0.1413,-0.4164,2.6993,0.1362,0.5037,2.9859,0.1322,0.6000,0,1,2.8300,-0.0680,0.4473,-0.2458,-0.0595,-0.4728,2.8300,-0.0680,0.4473,2.8877,-0.1517,0.6000,1,1
3.0818,-0.0153,0.9195,-0.2208,-0.0250,3.3037,0.0444,0.5526,0.2203,0.0652,-0.3669,3.3037,0.0444,0.5526,3.2841,0.1219,0.7000,1,1,3.0719,-0.1573,0.5894,-0.0063,-0.1422,-0.3301,3.0719,-0.1573,0.5894,3.3700,-0.1620,0.7000,0,1,2.7030,0.1021,0.4903,-0.3816,0.1079,-0.4292,2.7030,0.1021,0.4903,2.9904,0.1316,0.6000,0,1,2.8308,-0.0677,0.4471,-0.2496,-0.0587,-0.4724,2.8308,-0.0677,0.4471,2.8903,-0.1523,0.6000,1,1
3.0856,-0.0158,0.9193,-0.2471,-0.0327,3.3029,0.0437,0.5519,0.2152,0.0666,-0.3674,3.3029,0.0437,0.5519,3.2870,0.1199,0.7000,1,1,3.1963,-0.1093,0.5864,0.1137,-0.0898,-0.3329,3.1963,-0.1093,0.5864,3.3727,-0.1640,0.7000,0,1,2.7928,0.0505,0.4882,-0.2948,0.0567,-0.4311,2.7928,0.0505,0.4882,2.9954,0.1325,0.6000,0,1,2.8297,-0.0686,0.4475,-0.2540,-0.0611,-0.4718,2.8297,-0.0686,0.4475,2.8911,-0.1513,0.6000,1,1
3.0891,-0.0164,0.9199,-0.2657,-0.0308,3.3023,0.0433,0.5515,0.2113,0.0662,-0.3684,3.3023,0.0433,0.5515,3.2882,0.1196,0.7000,1,1,3.2669,-0.0983,0.5768,0.1802,-0.0764,-0.3431,3.2669,-0.0983,0.5768,3.3764,-0.1642,0.7000,0,1,2.8879,0.0428,0.4812,-0.2029,0.0530,-0.4387,2.8879,0.0428,0.4812,2.9985,0.1315,0.6000,0,1,2.8289,-0.0690,0.4478,-0.2585,-0.0606,-0.4721,2.8289,-0.0690,0.4478,2.8928,-0.1523,0.6000,1,1
3.0932,-0.0168,0.9205,-0.2734,-0.0244,3.3017,0.0434,0.5512,0.2070,0.0653,-0.3693,3.3017,0.0434,0.5512,3.2894,0.1204,0.7000,1,1,3.3153,-0.1096,0.5691,0.2243,-0.0874,-0.3514,3.3153,-0.1096,0.5691,3.3815,-0.1635,0.7000,0,1,2.9380,0.0538,0.4741,-0.1569,0.0668,-0.4464,2.9380,0.0538,0.4741,3.0018,0.1299,0.6000,0,1,2.8281,-0.0688,0.4482,-0.2638,-0.0585,-0.4723,2.8281,-0.0688,0.4482,2.8958,-0.1540,0.6000,1,1
3.0978,-0.0171,0.9214,-0.2625,-0.0216,3.2822,0.0506,0.5529,0.1829,0.0717,-0.3685,3.2822,0.0506,0.5529,3.3927,0.1207,0.7000,0,1,3.3422,-0.1230,0.5665,0.2466,-0.1006,-0.3549,3.3422,-0.1230,0.5665,3.3205,-0.1632,0.7000,1,1,2.9623,0.0657,0.4728,-0.1373,0.0799,-0.4486,2.9623,0.0657,0.4728,2.9399,0.1291,0.6000,1,1,2.8296,-0.0721,0.4501,-0.2669,-0.0608,-0.4713,2.8296,-0.0721,0.4501,2.9998,-0.1549,0.6000,0,1
3.1036,-0.0175,0.9228,-0.2575,-0.0253,3.1952,0.0840,0.5593,0.0890,0.1038,-0.3635,3.1952,0.0840,0.5593,3.3589,0.0796,0.7000,0,1,3.3427,-0.1236,0.5669,0.2417,-0.1000,-0.3559,3.3427,-0.1236,0.5669,3.3237,-0.1643,0.7000,1,1,2.9630,0.0651,0.4724,-0.1426,0.0790,-0.4504,2.9630,0.0651,0.4724,2.9442,0.1294,0.6000,1,1,2.7973,-0.0924,0.4567,-0.3043,-0.0826,-0.4661,2.7973,-0.0924,0.4567,3.0050,-0.1545,0.6000,0,1
3.1071,-0.0179,0.9248,-0.2359,-0.0238,3.1251,0.1033,0.5794,0.0151,0.1216,-0.3454,3.1251,0.1033,0.5794,3.3622,0.0795,0.7000,0,1,3.3425,-0.1232,0.5666,0.2378,-0.0997,-0.3582,3.3425,-0.1232,0.5666,3.3254,-0.1645,0.7000,1,1,2.9627,0.0656,0.4725,-0.1463,0.0800,-0.4523,2.9627,0.0656,0.4725,2.9455,0.1287,0.6000,1,1,2.7665,-0.1078,0.4746,-0.3384,-0.0980,-0.4502,2.7665,-0.1078,0.4746,3.0087,-0.1553,0.6000,0,1
3.1105,-0.0181,0.9268,-0.2120,-0.0161,3.0842,0.0785,0.5924,-0.0279,0.0962,-0.3344,3.0842,0.0785,0.5924,3.4046,0.1208,0.7000,0,1,3.3427,-0.1234,0.5668,0.2339,-0.1015,-0.3600,3.3427,-0.1234,0.5668,3.3280,-0.1632,0.7000,1,1,2.9630,0.0653,0.4725,-0.1488,0.0810,-0.4543,2.9630,0.0653,0.4725,2.9458,0.1270,0.6000,1,1,2.7483,-0.0887,0.4864,-0.3610,-0.0764,-0.4404,2.7483,-0.0887,0.4864,3.0132,-0.1569,0.6000,0,1
3.1135,-0.0177,0.9267,-0.2001,-0.0104,3.0753,0.0561,0.6069,-0.0390,0.0734,-0.3198,3.0753,0.0561,0.6069,3.4067,0.1223,0.7000,0,1,3.3428,-0.1232,0.5668,0.2304,-0.1031,-0.3599,3.3428,-0.1232,0.5668,3.3298,-0.1617,0.7000,1,1,2.9631,0.0656,0.4727,-0.1513,0.0817,-0.4540,2.9631,0.0656,0.4727,2.9460,0.1263,0.6000,1,1,2.7241,-0.0820,0.4996,-0.3887,-0.0683,-0.4271,2.7241,-0.0820,0.4996,3.0170,-0.1577,0.6000,0,1
3.1160,-0.0173,0.9262,-0.1964,-0.0041,3.0707,0.0545,0.6198,-0.0456,0.0716,-0.3064,3.0707,0.0545,0.6198,3.4084,0.1239,0.7000,0,1,3.3425,-0.1235,0.5668,0.2269,-0.1053,-0.3594,3.3425,-0.1235,0.5668,3.3312,-0.1601,0.7000,1,1,2.9629,0.0653,0.4727,-0.1534,0.0820,-0.4535,2.9629,0.0653,0.4727,2.9456,0.1255,0.6000,1,1,2.7251,-0.0664,0.5141,-0.3907,-0.0507,-0.4121,2.7251,-0.0664,0.5141,3.0204,-0.1585,0.6000,0,1
3.1180,-0.0166,0.9257,-0.1925,-0.0036,3.0674,0.0598,0.6309,-0.0509,0.0762,-0.2948,3.0674,0.0598,0.6309,3.4103,0.1247,0.7000,0,1,3.3427,-0.1233,0.5668,0.2251,-0.1059,-0.3589,3.3427,-0.1233,0.5668,3.3313,-0.1593,0.7000,1,1,2.9631,0.0655,0.4726,-0.1552,0.0815,-0.4531,2.9631,0.0655,0.4726,2.9455,0.1261,0.6000,1,1,2.7163,-0.0723,0.5259,-0.4015,-0.0571,-0.3998,2.7163,-0.0723,0.5259,3.0225,-0.1579,0.6000,0,1
3.1201,-0.0159,0.9252,-0.1960,-0.0047,3.0762,0.0648,0.6391,-0.0443,0.0805,-0.2861,3.0762,0.0648,0.6391,3.4126,0.1252,0.7000,0,1,3.3427,-0.1232,0.5667,0.2231,-0.1063,-0.3585,3.3427,-0.1232,0.5667,3.3313,-0.1588,0.7000,1,1,2.9630,0.0657,0.4727,-0.1575,0.0809,-0.4525,2.9630,0.0657,0.4727,2.9458,0.1270,0.6000,1,1,2.7048,-0.0825,0.5343,-0.4150,-0.0686,-0.3909,2.7048,-0.0825,0.5343,3.0245,-0.1570,0.6000,0,1
3.1224,-0.0152,0.9251,-0.2022,-0.0055,3.0805,0.0706,0.6431,-0.0424,0.0856,-0.2820,3.0805,0.0706,0.6431,3.4150,0.1257,0.7000,0,1,3.3426,-0.1232,0.5667,0.2208,-0.1068,-0.3584,3.3426,-0.1232,0.5667,3.3315,-0.1582,0.7000,1,1,2.9629,0.0656,0.4727,-0.1599,0.0799,-0.4524,2.9629,0.0656,0.4727,2.9462,0.1279,0.6000,1,1,2.7127,-0.0845,0.5383,-0.4093,-0.0716,-0.3868,2.7127,-0.0845,0.5383,3.0267,-0.1561,0.6000,0,1
3.1250,-0.0146,0.9252,-0.2075,-0.0064,3.0842,0.0793,0.6419,-0.0414,0.0936,-0.2833,3.0842,0.0793,0.6419,3.4177,0.1261,0.7000,0,1,3.3425,-0.1232,0.5667,0.2182,-0.1072,-0.3585,3.3425,-0.1232,0.5667,3.3319,-0.1578,0.7000,1,1,2.9628,0.0656,0.4727,-0.1627,0.0792,-0.4525,2.9628,0.0656,0.4727,2.9469,0.1286,0.6000,1,1,2.7201,-0.0871,0.5373,-0.4044,-0.0751,-0.3879,2.7201,-0.0871,0.5373,3.0291,-0.1554,0.6000,0,1
3.1278,-0.0142,0.9258,-0.2080,-0.0079,3.0793,0.0946,0.6361,-0.0494,0.1084,-0.2897,3.0793,0.0946,0.6361,3.4207,0.1262,0.7000,0,1,3.3426,-0.1234,0.5668,0.2157,-0.1075,-0.3590,3.3426,-0.1234,0.5668,3.3324,-0.1577,0.7000,1,1,2.9629,0.0655,0.4727,-0.1655,0.0784,-0.4531,2.9629,0.0655,0.4727,2.9479,0.1293,0.6000,1,1,2.7245,-0.0937,0.5317,-0.4027,-0.0827,-0.3941,2.7245,-0.0937,0.5317,3.0316,-0.1547,0.6000,0,1
3.1306,-0.0140,0.9270,-0.2050,-0.0118,3.0656,0.1251,0.6275,-0.0666,0.1383,-0.2995,3.0656,0.1251,0.6275,3.3840,0.0857,0.7000,0,1,3.3424,-0.1232,0.5666,0.2131,-0.1067,-0.3604,3.3424,-0.1232,0.5666,3.3327,-0.1583,0.7000,1,1,2.9626,0.0656,0.4728,-0.1689,0.0776,-0.4542,2.9626,0.0656,0.4728,2.9493,0.1303,0.6000,1,1,2.7087,-0.1220,0.5234,-0.4206,-0.1130,-0.4036,2.7087,-0.1220,0.5234,3.0339,-0.1537,0.6000,0,1
3.1326,-0.0139,0.9289,-0.1923,-0.0135,3.0818,0.1398,0.6215,-0.0529,0.1530,-0.3074,3.0818,0.1398,0.6215,3.3864,0.0855,0.7000,0,1,3.3424,-0.1232,0.5665,0.2113,-0.1065,-0.3624,3.3424,-0.1232,0.5665,3.3325,-0.1585,0.7000,1,1,2.9627,0.0657,0.4726,-0.1710,0.0773,-0.4563,2.9627,0.0657,0.4726,2.9496,0.1307,0.6000,1,1,2.7345,-0.1335,0.5182,-0.3964,-0.1250,-0.4107,2.7345,-0.1335,0.5182,3.0357,-0.1532,0.6000,0,1
3.1371,-0.0137,0.9302,-0.2065,-0.0074,3.1196,0.1068,0.6088,-0.0184,0.1204,-0.3214,3.1196,0.1068,0.6088,3.3900,0.0869,0.7000,0,1,3.3428,-0.1235,0.5669,0.2065,-0.1083,-0.3633,3.3428,-0.1235,0.5669,3.3359,-0.1571,0.7000,1,1,2.9632,0.0653,0.4726,-0.1745,0.0777,-0.4576,2.9632,0.0653,0.4726,2.9512,0.1298,0.6000,1,1,2.7512,-0.1053,0.5053,-0.3852,-0.0945,-0.4249,2.7512,-0.1053,0.5053,3.0411,-0.1542,0.6000,0,1
3.1403,-0.0132,0.9325,-0.2258,0.0022,3.2536,0.0626,0.6106,0.1135,0.0756,-0.3219,3.2536,0.0626,0.6106,3.3918,0.0892,0.7000,0,1,3.3414,-0.1228,0.5658,0.2009,-0.1100,-0.3667,3.3414,-0.1228,0.5658,3.3384,-0.1548,0.7000,1,1,2.9616,0.0663,0.4730,-0.1785,0.0799,-0.4595,2.9616,0.0663,0.4730,2.9510,0.1283,0.6000,1,1,2.8856,-0.0768,0.5055,-0.2548,-0.0630,-0.4270,2.8856,-0.0768,0.5055,3.0056,-0.1957,0.6000,0,1
3.1441,-0.0127,0.9352,-0.2483,0.0022,3.3115,0.0685,0.6000,0.1676,0.0808,-0.3352,3.3115,0.0685,0.6000,3.3956,0.0897,0.7000,0,1,3.3410,-0.1224,0.5653,0.1967,-0.1101,-0.3699,3.3410,-0.1224,0.5653,3.3403,-0.1543,0.7000,1,1,2.9610,0.0667,0.4732,-0.1829,0.0798,-0.4620,2.9610,0.0667,0.4732,2.9528,0.1288,0.6000,1,1,2.9675,-0.1004,0.4961,-0.1768,-0.0873,-0.4391,2.9675,-0.1004,0.4961,3.0095,-0.1952,0.6000,0,1
3.1489,-0.0125,0.9377,-0.2705,0.0035,3.3393,0.0858,0.5906,0.1907,0.0976,-0.3471,3.3393,0.0858,0.5906,3.4002,0.0901,0.7000,0,1,3.3406,-0.1221,0.5650,0.1913,-0.1103,-0.3727,3.3406,-0.1221,0.5650,3.3432,-0.1539,0.7000,1,1,2.9605,0.0671,0.4734,-0.1881,0.0803,-0.4643,2.9605,0.0671,0.4734,2.9554,0.1288,0.6000,1,1,2.9984,-0.1330,0.4873,-0.1509,-0.1200,-0.4504,2.9984,-0.1330,0.4873,3.0144,-0.1952,0.6000,0,1
3.1534,-0.0128,0.9395,-0.2704,0.0093,3.3640,0.1079,0.5841,0.2117,0.1187,-0.3554,3.3640,0.1079,0.5841,3.4039,0.0909,0.7000,0,1,3.3397,-0.1222,0.5643,0.1853,-0.1111,-0.3752,3.3397,-0.1222,0.5643,3.3466,-0.1530,0.7000,1,1,2.9593,0.0668,0.4736,-0.1934,0.0814,-0.4659,2.9593,0.0668,0.4736,2.9571,0.1274,0.6000,1,1,3.0085,-0.1646,0.4819,-0.1463,-0.1504,-0.4576,3.0085,-0.1646,0.4819,3.0198,-0.1966,0.6000,0,1
3.1592,-0.0130,0.9406,-0.2687,0.0226,3.3641,0.1085,0.5843,0.2076,0.1168,-0.3563,3.3641,0.1085,0.5843,3.3807,0.1333,0.7000,1,1,3.3374,-0.1515,0.5689,0.1750,-0.1425,-0.3717,3.3374,-0.1515,0.5689,3.4142,-0.1906,0.7000,0,1,2.9070,0.0800,0.4791,-0.2500,0.0987,-0.4615,2.9070,0.0800,0.4791,3.0210,0.0846,0.6000,0,1,3.0089,-0.1641,0.4816,-0.1537,-0.1477,-0.4590,3.0089,-0.1641,0.4816,3.0005,-0.1594,0.6000,1,1
3.1645,-0.0134,0.9427,-0.2648,0.0275,3.3642,0.1075,0.5836,0.2029,0.1154,-0.3591,3.3642,0.1075,0.5836,3.3833,0.1338,0.7000,1,1,3.3797,-0.0838,0.6125,0.2132,-0.0763,-0.3302,3.3797,-0.0838,0.6125,3.3801,-0.2301,0.7000,0,1,2.8017,0.0751,0.4940,-0.3602,0.0984,-0.4487,2.8017,0.0751,0.4940,3.0256,0.0832,0.6000,0,1,3.0084,-0.1647,0.4817,-0.1602,-0.1470,-0.4610,3.0084,-0.1647,0.4817,3.0044,-0.1607,0.6000,1,1
3.1675,-0.0140,0.9456,-0.2503,0.0203,3.3644,0.1067,0.5834,0.1993,0.1167,-0.3622,3.3644,0.1067,0.5834,3.3854,0.1319,0.7000,1,1,3.3819,0.0309,0.6296,0.2153,0.0405,-0.3160,3.3819,0.0309,0.6296,3.4221,-0.1920,0.7000,0,1,2.7777,0.0421,0.5103,-0.3886,0.0640,-0.4353,2.7777,0.0421,0.5103,3.0296,0.0840,0.6000,0,1,3.0084,-0.1654,0.4821,-0.1621,-0.1481,-0.4635,3.0084,-0.1654,0.4821,3.0044,-0.1599,0.6000,1,1
3.1713,-0.0143,0.9463,-0.2436,0.0277,3.3642,0.1063,0.5832,0.1962,0.1152,-0.3631,3.3642,0.1063,0.5832,3.3861,0.1330,0.7000,1,1,3.3925,0.0582,0.6449,0.2231,0.0663,-0.3014,3.3925,0.0582,0.6449,3.5070,-0.1909,0.8000,0,1,2.7622,0.0331,0.5250,-0.4076,0.0587,-0.4213,2.7622,0.0331,0.5250,3.0325,0.0823,0.6000,0,1,3.0082,-0.1659,0.4821,-0.1672,-0.1470,-0.4642,3.0082,-0.1659,0.4821,3.0073,-0.1616,0.6000,1,1
3.1764,-0.0136,0.9450,-0.2352,0.0527,3.3642,0.1080,0.5837,0.1939,0.1115,-0.3613,3.3642,0.1080,0.5837,3.3855,0.1383,0.7000,1,1,3.3540,-0.0195,0.6586,0.1770,-0.0152,-0.2864,3.3540,-0.0195,0.6586,3.5155,-0.1853,0.8000,0,1,2.7452,0.0585,0.5389,-0.4268,0.0947,-0.4061,2.7452,0.0585,0.5389,3.0342,0.0780,0.6000,0,1,3.0086,-0.1641,0.4814,-0.1755,-0.1415,-0.4636,3.0086,-0.1641,0.4814,3.0142,-0.1656,0.6000,1,1
3.1814,-0.0130,0.9441,-0.2298,0.0698,3.3641,0.1089,0.5839,0.1908,0.1089,-0.3602,3.3641,0.1089,0.5839,3.3858,0.1421,0.7000,1,1,3.3361,-0.0918,0.6716,0.1488,-0.0894,-0.2725,3.3361,-0.0918,0.6716,3.5226,-0.1812,0.8000,0,1,2.7391,0.0738,0.5514,-0.4352,0.1174,-0.3927,2.7391,0.0738,0.5514,2.9969,0.0351,0.6000,0,1,3.0085,-0.1633,0.4811,-0.1830,-0.1379,-0.4630,3.0085,-0.1633,0.4811,3.0198,-0.1682,0.6000,1,1
3.1859,-0.0125,0.9444,-0.2312,0.0772,3.3638,0.1092,0.5839,0.1868,0.1076,-0.3605,3.3638,0.1092,0.5839,3.3872,0.1439,0.7000,1,1,3.3426,-0.1266,0.6819,0.1474,-0.1258,-0.2625,3.3426,-0.1266,0.6819,3.5281,-0.1793,0.8000,0,1,2.7494,0.0787,0.5615,-0.4282,0.1246,-0.3829,2.7494,0.0787,0.5615,3.0405,0.0740,0.6000,0,1,3.0083,-0.1630,0.4811,-0.1887,-0.1364,-0.4633,3.0083,-0.1630,0.4811,3.0234,-0.1691,0.6000,1,1
3.1896,-0.0120,0.9462,-0.2296,0.0782,3.3638,0.1086,0.5837,0.1831,0.1066,-0.3625,3.3638,0.1086,0.5837,3.3887,0.1445,0.7000,1,1,3.3671,-0.1232,0.6885,0.1683,-0.1247,-0.2577,3.3671,-0.1232,0.6885,3.5319,-0.1786,0.8000,0,1,2.7575,0.0877,0.5680,-0.4230,0.1332,-0.3782,2.7575,0.0877,0.5680,3.0441,0.0743,0.6000,0,1,3.0082,-0.1636,0.4813,-0.1927,-0.1370,-0.4649,3.0082,-0.1636,0.4813,3.0253,-0.1688,0.6000,1,1
3.1932,-0.0116,0.9487,-0.2245,0.0807,3.3637,0.1084,0.5836,0.1796,0.1059,-0.3651,3.3637,0.1084,0.5836,3.3899,0.1454,0.7000,1,1,3.3751,-0.1167,0.6900,0.1728,-0.1194,-0.2587,3.3751,-0.1167,0.6900,3.5358,-0.1777,0.8000,0,1,2.7401,0.1072,0.5704,-0.4420,0.1549,-0.3783,2.7401,0.1072,0.5704,3.0474,0.0742,0.6000,0,1,3.0080,-0.1638,0.4814,-0.1969,-0.1368,-0.4673,3.0080,-0.1638,0.4814,3.0273,-0.1689,0.6000,1,1
3.1969,-0.0112,0.9509,-0.2171,0.0853,3.3638,0.1082,0.5835,0.1765,0.1047,-0.3674,3.3638,0.1082,0.5835,3.3909,0.1466,0.7000,1,1,3.3656,-0.1313,0.6865,0.1579,-0.1340,-0.2644,3.3656,-0.1313,0.6865,3.5401,-0.1764,0.8000,0,1,2.7480,0.1177,0.5713,-0.4363,0.1667,-0.3796,2.7480,0.1177,0.5713,3.0505,0.0736,0.6000,0,1,3.0081,-0.1640,0.4813,-0.2011,-0.1362,-0.4696,3.0081,-0.1640,0.4813,3.0297,-0.1693,0.6000,1,1
3.2018,-0.0105,0.9525,-0.2270,0.0818,3.3637,0.1087,0.5836,0.1711,0.1056,-0.3689,3.3637,0.1087,0.5836,3.3943,0.1467,0.7000,1,1,3.3606,-0.1767,0.6784,0.1447,-0.1786,-0.2741,3.3606,-0.1767,0.6784,3.5445,-0.1763,0.8000,0,1,2.7857,0.0938,0.5631,-0.4062,0.1380,-0.3894,2.7857,0.0938,0.5631,3.0558,0.0751,0.6000,0,1,3.0081,-0.1636,0.4821,-0.2056,-0.1368,-0.4704,3.0081,-0.1636,0.4821,3.0320,-0.1679,0.6000,1,1
3.2067,-0.0103,0.9540,-0.2429,0.0864,3.3628,0.1097,0.5836,0.1659,0.1061,-0.3704,3.3628,0.1097,0.5836,3.3966,0.1478,0.7000,1,1,3.3535,-0.2477,0.6664,0.1258,-0.2492,-0.2876,3.3535,-0.2477,0.6664,3.5501,-0.1752,0.8000,0,1,2.9266,0.0764,0.5652,-0.2716,0.1105,-0.3888,2.9266,0.0764,0.5652,3.0602,0.0744,0.6000,0,1,3.0074,-0.1628,0.4824,-0.2117,-0.1347,-0.4716,3.0074,-0.1628,0.4824,3.0357,-0.1686,0.6000,1,1
3.2110,-0.0100,0.9556,-0.2614,0.0886,3.3626,0.1092,0.5832,0.1616,0.1053,-0.3724,3.3626,0.1092,0.5832,3.3584,0.1084,0.7000,1,1,3.3588,-0.3006,0.6619,0.1215,-0.3025,-0.2937,3.3588,-0.3006,0.6619,3.5146,-0.1345,0.8000,0,1,2.9937,0.0926,0.5558,-0.2074,0.1214,-0.3998,2.9937,0.0926,0.5558,3.0642,0.0742,0.6000,0,1,3.0072,-0.1634,0.4825,-0.2166,-0.1348,-0.4731,3.0072,-0.1634,0.4825,3.0383,-0.1687,0.6000,1,1
3.2161,-0.0096,0.9582,-0.2820,0.0860,3.3628,0.1093,0.5832,0.1564,0.1059,-0.3750,3.3628,0.1093,0.5832,3.3620,0.1083,0.7000,1,1,3.3522,-0.2631,0.6521,0.1138,-0.2643,-0.3061,3.3522,-0.2631,0.6521,3.5193,-0.1346,0.8000,0,1,2.9999,0.0722,0.5432,-0.2084,0.1001,-0.4150,2.9999,0.0722,0.5432,3.0696,0.0751,0.6000,0,1,3.0074,-0.1632,0.4823,-0.2211,-0.1351,-0.4759,3.0074,-0.1632,0.4823,3.0410,-0.1678,0.6000,1,1
3.2200,-0.0090,0.9605,-0.2867,0.0772,3.3630,0.1090,0.5830,0.1517,0.1066,-0.3775,3.3630,0.1090,0.5830,3.3652,0.1074,0.7000,1,1,3.3661,-0.1825,0.6424,0.1323,-0.1843,-0.3181,3.3661,-0.1825,0.6424,3.5221,-0.1357,0.8000,0,1,3.0257,0.0512,0.5314,-0.1891,0.0750,-0.4291,3.0257,0.0512,0.5314,3.0746,0.0776,0.6000,0,1,3.0076,-0.1636,0.4823,-0.2237,-0.1378,-0.4782,3.0076,-0.1636,0.4823,3.0415,-0.1656,0.6000,1,1
3.2235,-0.0080,0.9609,-0.2859,0.0671,3.3632,0.1083,0.5845,0.1472,0.1067,-0.3764,3.3632,0.1083,0.5845,3.3684,0.1065,0.7000,1,1,3.4060,-0.1401,0.6325,0.1732,-0.1440,-0.3284,3.4060,-0.1401,0.6325,3.5244,-0.1368,0.8000,0,1,3.0560,0.0695,0.5207,-0.1619,0.0886,-0.4402,3.0560,0.0695,0.5207,3.1594,0.0806,0.7000,0,1,3.0075,-0.1643,0.4834,-0.2260,-0.1415,-0.4775,3.0075,-0.1643,0.4834,3.0015,-0.2028,0.6000,1,1
3.2277,-0.0069,0.9609,-0.2812,0.0578,3.3625,0.1081,0.5845,0.1412,0.1070,-0.3764,3.3625,0.1081,0.5845,3.3719,0.1060,0.7000,1,1,3.4572,-0.1107,0.6246,0.2231,-0.1169,-0.3363,3.4572,-0.1107,0.6246,3.5273,-0.1376,0.8000,0,1,3.0976,0.0922,0.5132,-0.1242,0.1065,-0.4477,3.0976,0.0922,0.5132,3.1648,0.0836,0.7000,0,1,3.0065,-0.1644,0.4844,-0.2299,-0.1445,-0.4765,3.0065,-0.1644,0.4844,3.0422,-0.1599,0.6000,1,1
3.2330,-0.0053,0.9606,-0.2738,0.0415,3.3653,0.1195,0.5863,0.1374,0.1192,-0.3743,3.3653,0.1195,0.5863,3.5187,0.1446,0.8000,0,1,3.4875,-0.0973,0.6223,0.2505,-0.1025,-0.3383,3.4875,-0.0973,0.6223,3.5045,-0.1792,0.8000,1,1,3.1245,0.0977,0.5113,-0.1041,0.1074,-0.4493,3.1245,0.0977,0.5113,3.0263,0.0885,0.6000,1,1,3.0091,-0.1681,0.4892,-0.2305,-0.1534,-0.4714,3.0091,-0.1681,0.4892,3.1441,-0.1552,0.7000,0,1
3.2395,-0.0041,0.9624,-0.2704,0.0396,3.3983,0.0539,0.6228,0.1610,0.0517,-0.3396,3.3983,0.0539,0.6228,3.5255,0.1454,0.8000,0,1,3.4877,-0.0972,0.6218,0.2443,-0.1029,-0.3406,3.4877,-0.0972,0.6218,3.5088,-0.1784,0.8000,1,1,3.1246,0.0977,0.5106,-0.1108,0.1063,-0.4518,3.1246,0.0977,0.5106,3.0310,0.0901,0.6000,1,1,3.0469,-0.0892,0.5177,-0.1958,-0.0774,-0.4447,3.0469,-0.0892,0.5177,3.1503,-0.1537,0.7000,0,1
3.2448,-0.0037,0.9652,-0.2551,0.0428,3.3631,-0.0035,0.6376,0.1182,-0.0049,-0.3276,3.3631,-0.0035,0.6376,3.5304,0.1464,0.8000,0,1,3.4888,-0.0980,0.6226,0.2397,-0.1047,-0.3426,3.4888,-0.0980,0.6226,3.5125,-0.1773,0.8000,1,1,3.1260,0.0966,0.5099,-0.1144,0.1053,-0.4553,3.1260,0.0966,0.5099,3.0339,0.0899,0.6000,1,1,3.0213,-0.0118,0.5312,-0.2236,0.0015,-0.4340,3.0213,-0.0118,0.5312,3.1561,-0.1539,0.7000,0,1
3.2515,-0.0036,0.9654,-0.2526,0.0237,3.3026,0.0407,0.6524,0.0521,0.0431,-0.3130,3.3026,0.0407,0.6524,3.5398,0.1429,0.8000,0,1,3.4892,-0.0984,0.6229,0.2354,-0.1004,-0.3425,3.4892,-0.0984,0.6229,3.5145,-0.1810,0.8000,1,1,3.1266,0.0961,0.5096,-0.1225,0.1026,-0.4558,3.1266,0.0961,0.5096,3.0411,0.0938,0.6000,1,1,2.9573,-0.0397,0.5457,-0.2950,-0.0291,-0.4197,2.9573,-0.0397,0.5457,3.1599,-0.1501,0.7000,0,1
3.2578,-0.0035,0.9658,-0.2556,0.0053,3.2861,0.0820,0.6663,0.0288,0.0853,-0.2995,3.2861,0.0820,0.6663,3.5488,0.1395,0.8000,0,1,3.4899,-0.0984,0.6233,0.2316,-0.0961,-0.3425,3.4899,-0.0984,0.6233,3.5163,-0.1845,0.8000,1,1,3.1275,0.0962,0.5094,-0.1298,0.1004,-0.4564,3.1275,0.0962,0.5094,3.0480,0.0974,0.6000,1,1,2.9274,-0.0827,0.5590,-0.3308,-0.0774,-0.4068,2.9274,-0.0827,0.5590,3.1636,-0.1466,0.7000,0,1
3.2633,-0.0036,0.9677,-0.2639,-0.0049,3.3340,0.0790,0.6795,0.0703,0.0829,-0.2882,3.3340,0.0790,0.6795,3.5558,0.1375,0.8000,0,1,3.4896,-0.0982,0.6231,0.2268,-0.0935,-0.3446,3.4896,-0.0982,0.6231,3.5184,-0.1865,0.8000,1,1,3.1270,0.0964,0.5096,-0.1368,0.0993,-0.4581,3.1270,0.0964,0.5096,3.1330,0.0994,0.7000,1,1,2.9618,-0.0923,0.5718,-0.3011,-0.0902,-0.3959,2.9618,-0.0923,0.5718,3.1676,-0.1446,0.7000,0,1
3.2687,-0.0038,0.9702,-0.2696,-0.0136,3.3679,0.0710,0.6912,0.0982,0.0761,-0.2790,3.3679,0.0710,0.6912,3.5624,0.1356,0.8000,0,1,3.4896,-0.0981,0.6230,0.2222,-0.0913,-0.3472,3.4896,-0.0981,0.6230,3.5205,-0.1884,0.8000,1,1,3.1270,0.0964,0.5095,-0.1430,0.0983,-0.4607,3.1270,0.0964,0.5095,3.1376,0.1009,0.7000,1,1,3.0044,-0.0940,0.5839,-0.2630,-0.0938,-0.3863,3.0044,-0.0940,0.5839,3.1718,-0.1431,0.7000,0,1
3.2742,-0.0043,0.9724,-0.2727,-0.0231,3.3806,0.0772,0.6993,0.1045,0.0839,-0.2731,3.3806,0.0772,0.6993,3.5692,0.1333,0.8000,0,1,3.4895,-0.0983,0.6231,0.2174,-0.0890,-0.3493,3.4895,-0.0983,0.6231,3.5226,-0.1906,0.8000,1,1,3.1270,0.0963,0.5095,-0.1495,0.0972,-0.4629,3.1270,0.0963,0.5095,3.1425,0.1022,0.7000,1,1,3.0219,-0.1031,0.5921,-0.2500,-0.1046,-0.3803,3.0219,-0.1031,0.5921,3.1759,-0.1417,0.7000,0,1
3.2795,-0.0050,0.9747,-0.2732,-0.0324,3.3890,0.0880,0.7032,0.1064,0.0965,-0.2715,3.3890,0.0880,0.7032,3.5759,0.1307,0.8000,0,1,3.4894,-0.0983,0.6230,0.2128,-0.0865,-0.3517,3.4894,-0.0983,0.6230,3.5246,-0.1931,0.8000,1,1,3.1269,0.0963,0.5096,-0.1558,0.0963,-0.4651,3.1269,0.0963,0.5096,3.1473,0.1033,0.7000,1,1,3.0322,-0.1166,0.5961,-0.2436,-0.1196,-0.3786,3.0322,-0.1166,0.5961,3.1800,-0.1406,0.7000,0,1
3.2847,-0.0059,0.9771,-0.2669,-0.0416,3.3866,0.1036,0.7020,0.0973,0.1136,-0.2751,3.3866,0.1036,0.7020,3.5822,0.1280,0.8000,0,1,3.4894,-0.0983,0.6230,0.2084,-0.0838,-0.3541,3.4894,-0.0983,0.6230,3.5264,-0.1958,0.8000,1,1,3.1269,0.0963,0.5095,-0.1619,0.0955,-0.4676,3.1269,0.0963,0.5095,3.1517,0.1041,0.7000,1,1,3.0300,-0.1372,0.5948,-0.2490,-0.1418,-0.3823,3.0300,-0.1372,0.5948,3.1839,-0.1397,0.7000,0,1
3.2895,-0.0071,0.9796,-0.2537,-0.0505,3.3651,0.1270,0.6961,0.0687,0.1377,-0.2835,3.3651,0.1270,0.6961,3.5883,0.1250,0.8000,0,1,3.4897,-0.0982,0.6231,0.2045,-0.0809,-0.3565,3.4897,-0.0982,0.6231,3.5279,-0.1986,0.8000,1,1,3.1272,0.0964,0.5094,-0.1673,0.0952,-0.4702,3.1272,0.0964,0.5094,3.1559,0.1046,0.7000,1,1,3.0067,-0.1699,0.5886,-0.2742,-0.1769,-0.3910,3.0067,-0.1699,0.5886,3.1876,-0.1391,0.7000,0,1
3.2943,-0.0082,0.9820,-0.2406,-0.0619,3.3226,0.1671,0.6872,0.0174,0.1767,-0.2948,3.3226,0.1671,0.6872,3.5945,0.1217,0.8000,0,1,3.4904,-0.0976,0.6233,0.2013,-0.0771,-0.3587,3.4904,-0.0976,0.6233,3.4889,-0.1618,0.8000,1,1,3.1280,0.0970,0.5093,-0.1725,0.0947,-0.4727,3.1280,0.0970,0.5093,3.1604,0.1056,0.7000,1,1,2.9674,-0.2192,0.5785,-0.3132,-0.2308,-0.4035,2.9674,-0.2192,0.5785,3.1908,-0.1378,0.7000,0,1
3.2975,-0.0091,0.9850,-0.2234,-0.0726,3.2926,0.1970,0.6808,-0.0198,0.2052,-0.3042,3.2926,0.1970,0.6808,3.5991,0.1186,0.8000,0,1,3.4900,-0.0978,0.6231,0.1984,-0.0745,-0.3619,3.4900,-0.0978,0.6231,3.4885,-0.1647,0.8000,1,1,3.1275,0.0967,0.5092,-0.1772,0.0932,-0.4758,3.1275,0.0967,0.5092,3.1633,0.1067,0.7000,1,1,2.9761,-0.2405,0.5767,-0.3038,-0.2541,-0.4083,2.9761,-0.2405,0.5767,3.1927,-0.1366,0.7000,0,1
3.3020,-0.0105,0.9875,-0.2215,-0.0654,3.3012,0.1824,0.6716,-0.0134,0.1924,-0.3159,3.3012,0.1824,0.6716,3.6027,0.1187,0.8000,0,1,3.4900,-0.0972,0.6230,0.1933,-0.0742,-0.3645,3.4900,-0.0972,0.6230,3.4921,-0.1647,0.8000,1,1,3.1274,0.0974,0.5104,-0.1813,0.0963,-0.4771,3.1274,0.0974,0.5104,3.1647,0.1040,0.7000,1,1,2.9934,-0.2194,0.5650,-0.2943,-0.2286,-0.4225,2.9934,-0.2194,0.5650,3.1982,-0.1394,0.7000,0,1
3.3075,-0.0115,0.9894,-0.2363,-0.0496,3.3396,0.1163,0.6627,0.0257,0.1292,-0.3267,3.3396,0.1163,0.6627,3.6062,0.1209,0.8000,0,1,3.4900,-0.0982,0.6232,0.1866,-0.0775,-0.3662,3.4900,-0.0982,0.6232,3.4981,-0.1628,0.8000,1,1,3.1275,0.0962,0.5102,-0.1851,0.0986,-0.4792,3.1275,0.0962,0.5102,3.1658,0.1000,0.7000,1,1,3.0206,-0.1380,0.5579,-0.2803,-0.1406,-0.4315,3.0206,-0.1380,0.5579,3.2057,-0.1436,0.7000,0,1
3.3125,-0.0123,0.9903,-0.2577,-0.0417,3.3931,0.0847,0.6526,0.0765,0.1003,-0.3377,3.3931,0.0847,0.6526,3.6101,0.1215,0.8000,0,1,3.4901,-0.0981,0.6232,0.1810,-0.0783,-0.3671,3.4901,-0.0981,0.6232,3.5022,-0.1622,0.8000,1,1,3.1275,0.0963,0.5103,-0.1894,0.1008,-0.4800,3.1275,0.0963,0.5103,3.1676,0.0977,0.7000,1,1,3.0343,-0.1072,0.5486,-0.2740,-0.1064,-0.4417,3.0343,-0.1072,0.5486,3.2118,-0.1461,0.7000,0,1
3.3166,-0.0131,0.9916,-0.2737,-0.0362,3.4602,0.0561,0.6428,0.1410,0.0744,-0.3488,3.4602,0.0561,0.6428,3.6134,0.1218,0.8000,0,1,3.4893,-0.0980,0.6230,0.1757,-0.0786,-0.3686,3.4893,-0.0980,0.6230,3.5051,-0.1620,0.8000,1,1,3.1265,0.0964,0.5109,-0.1939,0.1025,-0.4807,3.1265,0.0964,0.5109,3.1689,0.0958,0.7000,1,1,3.1041,-0.0994,0.5395,-0.2092,-0.0939,-0.4521,3.1041,-0.0994,0.5395,3.2166,-0.1480,0.7000,0,1
3.3190,-0.0143,0.9935,-0.2578,-0.0287,3.5348,0.0394,0.6376,0.2142,0.0599,-0.3559,3.5348,0.0394,0.6376,3.6148,0.1221,0.8000,0,1,3.4882,-0.0981,0.6225,0.1715,-0.0789,-0.3710,3.4882,-0.0981,0.6225,3.5067,-0.1618,0.8000,1,1,3.1251,0.0962,0.5122,-0.1970,0.1049,-0.4813,3.1251,0.0962,0.5122,3.1682,0.0932,0.7000,1,1,3.1785,-0.1061,0.5361,-0.1378,-0.0958,-0.4574,3.1785,-0.1061,0.5361,3.2200,-0.1507,0.7000,0,1
3.3246,-0.0156,0.9947,-0.2606,-0.0164,3.5349,0.0399,0.6377,0.2094,0.0589,-0.3570,3.5349,0.0399,0.6377,3.5517,0.1232,0.8000,1,1,3.4507,-0.1439,0.6282,0.1282,-0.1262,-0.3665,3.4507,-0.1439,0.6282,3.6140,-0.1607,0.8000,0,1,3.0901,0.1041,0.5168,-0.2364,0.1158,-0.4779,3.0901,0.1041,0.5168,3.2319,0.1296,0.7000,0,1,3.1787,-0.1056,0.5359,-0.1444,-0.0924,-0.4588,3.1787,-0.1056,0.5359,3.1603,-0.1544,0.7000,1,1
3.3299,-0.0164,0.9968,-0.2600,-0.0120,3.5350,0.0405,0.6377,0.2044,0.0594,-0.3591,3.5350,0.0405,0.6377,3.5544,0.1233,0.8000,1,1,3.4050,-0.1702,0.6413,0.0769,-0.1529,-0.3555,3.4050,-0.1702,0.6413,3.6200,-0.1606,0.8000,0,1,3.0748,0.0807,0.5356,-0.2562,0.0940,-0.4612,3.0748,0.0807,0.5356,3.2366,0.1280,0.7000,0,1,3.1788,-0.1048,0.5355,-0.1500,-0.0902,-0.4613,3.1788,-0.1048,0.5355,3.1642,-0.1560,0.7000,1,1
3.3340,-0.0171,1.0005,-0.2489,-0.0147,3.5356,0.0402,0.6379,0.2007,0.0603,-0.3626,3.5356,0.0402,0.6379,3.5569,0.1221,0.8000,1,1,3.3956,-0.1108,0.6560,0.0630,-0.0928,-0.3445,3.3956,-0.1108,0.6560,3.6237,-0.1619,0.8000,0,1,3.0656,0.0126,0.5502,-0.2688,0.0258,-0.4503,3.0656,0.0126,0.5502,3.2411,0.1278,0.7000,0,1,3.1795,-0.1050,0.5353,-0.1532,-0.0902,-0.4652,3.1795,-0.1050,0.5353,3.1659,-0.1562,0.7000,1,1
3.3377,-0.0175,1.0030,-0.2313,-0.0101,3.5368,0.0401,0.6384,0.1985,0.0596,-0.3646,3.5368,0.0401,0.6384,3.5579,0.1225,0.8000,1,1,3.3712,-0.1019,0.6708,0.0344,-0.0841,-0.3322,3.3712,-0.1019,0.6708,3.6280,-0.1615,0.8000,0,1,3.0097,0.0136,0.5628,-0.3283,0.0278,-0.4402,3.0097,0.0136,0.5628,3.2441,0.1264,0.7000,0,1,3.1810,-0.1053,0.5347,-0.1558,-0.0894,-0.4683,3.1810,-0.1053,0.5347,3.1683,-0.1576,0.7000,1,1
3.3415,-0.0179,1.0046,-0.2170,0.0003,3.5372,0.0400,0.6385,0.1957,0.0578,-0.3661,3.5372,0.0400,0.6385,3.5583,0.1242,0.8000,1,1,3.3274,-0.1207,0.6855,-0.0141,-0.1028,-0.3191,3.3274,-0.1207,0.6855,3.6334,-0.1598,0.8000,0,1,2.9567,0.0464,0.5780,-0.3848,0.0644,-0.4266,2.9567,0.0464,0.5780,3.2465,0.1240,0.7000,0,1,3.1815,-0.1053,0.5344,-0.1600,-0.0874,-0.4702,3.1815,-0.1053,0.5344,3.1716,-0.1600,0.7000,1,1
3.3451,-0.0181,1.0062,-0.2077,0.0058,3.5374,0.0402,0.6386,0.1926,0.0572,-0.3676,3.5374,0.0402,0.6386,3.5591,0.1250,0.8000,1,1,3.3268,-0.1201,0.6982,-0.0189,-0.1019,-0.3080,3.3268,-0.1201,0.6982,3.6378,-0.1590,0.8000,0,1,2.9505,0.0556,0.5912,-0.3942,0.0760,-0.4150,2.9505,0.0556,0.5912,3.2493,0.1228,0.7000,0,1,3.1818,-0.1052,0.5345,-0.1638,-0.0862,-0.4717,3.1818,-0.1052,0.5345,3.1740,-0.1612,0.7000,1,1
3.3488,-0.0183,1.0073,-0.2123,0.0087,3.5370,0.0401,0.6384,0.1887,0.0568,-0.3689,3.5370,0.0401,0.6384,3.5604,0.1254,0.8000,1,1,3.3714,-0.1027,0.7085,0.0219,-0.0846,-0.2988,3.3714,-0.1027,0.7085,3.6418,-0.1586,0.8000,0,1,3.0067,0.0447,0.6025,-0.3415,0.0660,-0.4048,3.0067,0.0447,0.6025,3.2526,0.1220,0.7000,0,1,3.1813,-0.1052,0.5346,-0.1682,-0.0854,-0.4727,3.1813,-0.1052,0.5346,3.1760,-0.1619,0.7000,1,1
3.3528,-0.0184,1.0076,-0.2236,0.0152,3.5367,0.0399,0.6383,0.1848,0.0555,-0.3693,3.5367,0.0399,0.6383,3.5614,0.1265,0.8000,1,1,3.3908,-0.1003,0.7149,0.0368,-0.0825,-0.2927,3.3908,-0.1003,0.7149,3.6467,-0.1575,0.8000,0,1,3.0331,0.0535,0.6096,-0.3186,0.0768,-0.3980,3.0331,0.0535,0.6096,3.2557,0.1206,0.7000,0,1,3.1810,-0.1054,0.5343,-0.1731,-0.0844,-0.4733,3.1810,-0.1054,0.5343,3.1790,-0.1634,0.7000,1,1
3.3568,-0.0185,1.0081,-0.2330,0.0212,3.5366,0.0398,0.6383,0.1810,0.0545,-0.3698,3.5366,0.0398,0.6383,3.5625,0.1276,0.8000,1,1,3.3983,-0.1032,0.7163,0.0397,-0.0856,-0.2918,3.3983,-0.1032,0.7163,3.6516,-0.1564,0.8000,0,1,3.0406,0.0631,0.6112,-0.3144,0.0883,-0.3969,3.0406,0.0631,0.6112,3.2588,0.1193,0.7000,0,1,3.1808,-0.1055,0.5344,-0.1778,-0.0832,-0.4737,3.1808,-0.1055,0.5344,3.1819,-0.1646,0.7000,1,1
3.3605,-0.0183,1.0091,-0.2332,0.0262,3.5365,0.0399,0.6382,0.1775,0.0536,-0.3709,3.5365,0.0399,0.6382,3.5636,0.1286,0.8000,1,1,3.3938,-0.1122,0.7127,0.0308,-0.0947,-0.2964,3.3938,-0.1122,0.7127,3.6560,-0.1553,0.8000,0,1,3.0414,0.0714,0.6077,-0.3166,0.0980,-0.4014,3.0414,0.0714,0.6077,3.2619,0.1185,0.7000,0,1,3.1807,-0.1054,0.5345,-0.1820,-0.0824,-0.4746,3.1807,-0.1054,0.5345,3.1843,-0.1654,0.7000,1,1
3.3641,-0.0180,1.0102,-0.2247,0.0307,3.5369,0.0404,0.6385,0.1745,0.0531,-0.3717,3.5369,0.0404,0.6385,3.5644,0.1298,0.8000,1,1,3.3576,-0.1353,0.7045,-0.0101,-0.1170,-0.3057,3.3576,-0.1353,0.7045,3.6602,-0.1540,0.8000,0,1,3.0234,0.0867,0.5996,-0.3373,0.1151,-0.4106,3.0234,0.0867,0.5996,3.2648,0.1180,0.7000,0,1,3.1812,-0.1049,0.5341,-0.1855,-0.0812,-0.4761,3.1812,-0.1049,0.5341,3.1865,-0.1659,0.7000,1,1
3.3671,-0.0176,1.0114,-0.2189,0.0360,3.5366,0.0400,0.6383,0.1715,0.0515,-0.3731,3.5366,0.0400,0.6383,3.5646,0.1313,0.8000,1,1,3.3306,-0.1641,0.6969,-0.0417,-0.1451,-0.3145,3.3306,-0.1641,0.6969,3.6639,-0.1526,0.8000,0,1,2.9902,0.1198,0.5901,-0.3717,0.1509,-0.4213,2.9902,0.1198,0.5901,3.2671,0.1173,0.7000,0,1,3.1808,-0.1052,0.5342,-0.1893,-0.0808,-0.4772,3.1808,-0.1052,0.5342,3.1883,-0.1665,0.7000,1,1
3.3692,-0.0171,1.0121,-0.2067,0.0400,3.5361,0.0400,0.6381,0.1690,0.0504,-0.3740,3.5361,0.0400,0.6381,3.5642,0.1324,0.8000,1,1,3.3532,-0.1806,0.6878,-0.0225,-0.1627,-0.3243,3.3532,-0.1806,0.6878,3.6666,-0.1513,0.8000,0,1,3.0232,0.1300,0.5821,-0.3398,0.1608,-0.4300,3.0232,0.1300,0.5821,3.2687,0.1170,0.7000,0,1,3.1802,-0.1054,0.5359,-0.1924,-0.0807,-0.4762,3.1802,-0.1054,0.5359,3.1891,-0.1668,0.7000,1,1
3.3729,-0.0168,1.0120,-0.2103,0.0381,3.5365,0.0400,0.6383,0.1656,0.0505,-0.3737,3.5365,0.0400,0.6383,3.5662,0.1324,0.8000,1,1,3.3635,-0.1454,0.6753,-0.0143,-0.1281,-0.3367,3.3635,-0.1454,0.6753,3.6700,-0.1514,0.8000,0,1,3.0377,0.1047,0.5701,-0.3303,0.1342,-0.4419,3.0377,0.1047,0.5701,3.2727,0.1176,0.7000,0,1,3.1807,-0.1054,0.5362,-0.1954,-0.0812,-0.4758,3.1807,-0.1054,0.5362,3.1905,-0.1662,0.7000,1,1
3.3770,-0.0165,1.0110,-0.2306,0.0265,3.5364,0.0407,0.6385,0.1609,0.0530,-0.3725,3.5364,0.0407,0.6385,3.5700,0.1305,0.8000,1,1,3.3846,-0.0966,0.6674,0.0055,-0.0803,-0.3436,3.3846,-0.0966,0.6674,3.6726,-0.1534,0.8000,0,1,3.0577,0.0509,0.5617,-0.3174,0.0758,-0.4493,3.0577,0.0509,0.5617,3.2784,0.1203,0.7000,0,1,3.1807,-0.1048,0.5361,-0.1986,-0.0831,-0.4749,3.1807,-0.1048,0.5361,3.1909,-0.1636,0.7000,1,1
3.3806,-0.0163,1.0102,-0.2493,0.0242,3.5360,0.0405,0.6383,0.1567,0.0530,-0.3719,3.5360,0.0405,0.6383,3.5719,0.1303,0.8000,1,1,3.4363,-0.0720,0.6564,0.0543,-0.0570,-0.3538,3.4363,-0.0720,0.6564,3.6758,-0.1536,0.8000,0,1,3.1151,0.0386,0.5509,-0.2641,0.0613,-0.4593,3.1151,0.0386,0.5509,3.2822,0.1210,0.7000,0,1,3.1802,-0.1050,0.5365,-0.2025,-0.0838,-0.4737,3.1802,-0.1050,0.5365,3.1921,-0.1630,0.7000,1,1
3.3833,-0.0159,1.0102,-0.2510,0.0230,3.5357,0.0404,0.6381,0.1537,0.0528,-0.3721,3.5357,0.0404,0.6381,3.5728,0.1305,0.8000,1,1,3.5179,-0.0587,0.6496,0.1336,-0.0459,-0.3606,3.5179,-0.0587,0.6496,3.6783,-0.1534,0.8000,0,1,3.1758,0.0455,0.5439,-0.2060,0.0662,-0.4663,3.1758,0.0455,0.5439,3.2851,0.1216,0.7000,0,1,3.1798,-0.1051,0.5367,-0.2055,-0.0845,-0.4735,3.1798,-0.1051,0.5367,3.1926,-0.1623,0.7000,1,1
3.3863,-0.0152,1.0103,-0.2416,0.0189,3.5257,0.0515,0.6399,0.1406,0.0641,-0.3704,3.5257,0.0515,0.6399,3.6753,0.1304,0.8000,0,1,3.5592,-0.0551,0.6479,0.1721,-0.0432,-0.3624,3.5592,-0.0551,0.6479,3.6147,-0.1536,0.8000,1,1,3.2059,0.0515,0.5425,-0.1791,0.0701,-0.4678,3.2059,0.0515,0.5425,3.2226,0.1231,0.7000,1,1,3.1702,-0.1071,0.5392,-0.2178,-0.0878,-0.4711,3.1702,-0.1071,0.5392,3.2940,-0.1609,0.7000,0,1
3.3903,-0.0146,1.0110,-0.2375,0.0095,3.4710,0.1010,0.6462,0.0818,0.1148,-0.3648,3.4710,0.1010,0.6462,3.6808,0.1292,0.8000,0,1,3.5597,-0.0555,0.6481,0.1690,-0.0425,-0.3629,3.5597,-0.0555,0.6481,3.6155,-0.1548,0.8000,1,1,3.2066,0.0512,0.5422,-0.1831,0.0675,-0.4688,3.2066,0.0512,0.5422,3.2260,0.1255,0.7000,1,1,3.1199,-0.1278,0.5457,-0.2715,-0.1106,-0.4653,3.1199,-0.1278,0.5457,3.2967,-0.1585,0.7000,0,1
3.3928,-0.0141,1.0126,-0.2193,0.0043,3.4278,0.1412,0.6622,0.0357,0.1551,-0.3504,3.4278,0.1412,0.6622,3.6840,0.1287,0.8000,0,1,3.5590,-0.0554,0.6478,0.1660,-0.0420,-0.3648,3.5590,-0.0554,0.6478,3.6152,-0.1553,0.8000,1,1,3.2056,0.0512,0.5425,-0.1869,0.0661,-0.4701,3.2056,0.0512,0.5425,3.2272,0.1270,0.7000,1,1,3.0744,-0.1383,0.5600,-0.3189,-0.1228,-0.4526,3.0744,-0.1383,0.5600,3.2984,-0.1570,0.7000,0,1
3.3956,-0.0136,1.0148,-0.2040,0.0063,3.3957,0.1347,0.6748,0.0010,0.1483,-0.3400,3.3957,0.1347,0.6748,3.6865,0.1297,0.8000,0,1,3.5591,-0.0562,0.6480,0.1632,-0.0436,-0.3668,3.5591,-0.0562,0.6480,3.6163,-0.1543,0.8000,1,1,3.2059,0.0504,0.5424,-0.1893,0.0652,-0.4724,3.2059,0.0504,0.5424,3.2277,0.1272,0.7000,1,1,3.0604,-0.1033,0.5726,-0.3358,-0.0876,-0.4422,3.0604,-0.1033,0.5726,3.3015,-0.1568,0.7000,0,1
3.3979,-0.0127,1.0159,-0.1952,0.0063,3.4008,0.1026,0.6900,0.0036,0.1153,-0.3259,3.4008,0.1026,0.6900,3.6888,0.1305,0.8000,0,1,3.5590,-0.0552,0.6478,0.1608,-0.0435,-0.3681,3.5590,-0.0552,0.6478,3.6166,-0.1535,0.8000,1,1,3.2056,0.0516,0.5433,-0.1919,0.0655,-0.4726,3.2056,0.0516,0.5433,3.2280,0.1280,0.7000,1,1,3.0552,-0.0818,0.5882,-0.3431,-0.0669,-0.4277,3.0552,-0.0818,0.5882,3.3038,-0.1560,0.7000,0,1
3.4000,-0.0119,1.0159,-0.1921,0.0032,3.4126,0.0980,0.7040,0.0130,0.1099,-0.3119,3.4126,0.0980,0.7040,3.6914,0.1307,0.8000,0,1,3.5591,-0.0549,0.6478,0.1590,-0.0435,-0.3681,3.5591,-0.0549,0.6478,3.6163,-0.1533,0.8000,1,1,3.2058,0.0519,0.5435,-0.1940,0.0644,-0.4724,3.2058,0.0519,0.5435,3.2286,0.1295,0.7000,1,1,3.0207,-0.0935,0.6012,-0.3796,-0.0804,-0.4147,3.0207,-0.0935,0.6012,3.3055,-0.1545,0.7000,0,1
3.4024,-0.0109,1.0154,-0.1989,0.0011,3.4073,0.1025,0.7151,0.0050,0.1134,-0.3003,3.4073,0.1025,0.7151,3.6941,0.1313,0.8000,0,1,3.5592,-0.0550,0.6478,0.1568,-0.0443,-0.3676,3.5592,-0.0550,0.6478,3.6164,-0.1527,0.8000,1,1,3.2059,0.0518,0.5435,-0.1964,0.0629,-0.4719,3.2059,0.0518,0.5435,3.2293,0.1308,0.7000,1,1,3.0102,-0.1032,0.6130,-0.3923,-0.0919,-0.4024,3.0102,-0.1032,0.6130,3.3076,-0.1532,0.7000,0,1
3.4046,-0.0100,1.0149,-0.2097,0.0015,3.4095,0.1039,0.7232,0.0051,0.1139,-0.2917,3.4095,0.1039,0.7232,3.6962,0.1323,0.8000,0,1,3.5588,-0.0551,0.6478,0.1541,-0.0453,-0.3671,3.5588,-0.0551,0.6478,3.6166,-0.1517,0.8000,1,1,3.2055,0.0516,0.5437,-0.1990,0.0619,-0.4712,3.2055,0.0516,0.5437,3.2294,0.1317,0.7000,1,1,3.0467,-0.0982,0.6216,-0.3580,-0.0877,-0.3933,3.0467,-0.0982,0.6216,3.3098,-0.1523,0.7000,0,1
3.4066,-0.0091,1.0148,-0.2165,0.0023,3.4152,0.1026,0.7271,0.0089,0.1117,-0.2877,3.4152,0.1026,0.7271,3.6981,0.1334,0.8000,0,1,3.5588,-0.0551,0.6477,0.1521,-0.0463,-0.3671,3.5588,-0.0551,0.6477,3.6167,-0.1506,0.8000,1,1,3.2054,0.0517,0.5438,-0.2011,0.0613,-0.4710,3.2054,0.0517,0.5438,3.2293,0.1325,0.7000,1,1,3.0682,-0.0977,0.6261,-0.3386,-0.0878,-0.3887,3.0682,-0.0977,0.6261,3.3119,-0.1515,0.7000,0,1
3.4086,-0.0082,1.0151,-0.2196,0.0031,3.4185,0.1048,0.7259,0.0103,0.1130,-0.2892,3.4185,0.1048,0.7259,3.6999,0.1344,0.8000,0,1,3.5587,-0.0551,0.6477,0.1500,-0.0474,-0.3674,3.5587,-0.0551,0.6477,3.6168,-0.1496,0.8000,1,1,3.2053,0.0517,0.5438,-0.2031,0.0605,-0.4713,3.2053,0.0517,0.5438,3.2291,0.1332,0.7000,1,1,3.0690,-0.1045,0.6249,-0.3399,-0.0952,-0.3902,3.0690,-0.1045,0.6249,3.3140,-0.1508,0.7000,0,1
3.4105,-0.0074,1.0159,-0.2164,0.0043,3.4188,0.1074,0.7203,0.0088,0.1148,-0.2956,3.4188,0.1074,0.7203,3.7017,0.1354,0.8000,0,1,3.5588,-0.0549,0.6477,0.1481,-0.0481,-0.3682,3.5588,-0.0549,0.6477,3.6169,-0.1486,0.8000,1,1,3.2054,0.0519,0.5438,-0.2048,0.0602,-0.4721,3.2054,0.0519,0.5438,3.2289,0.1338,0.7000,1,1,3.0572,-0.1162,0.6190,-0.3538,-0.1073,-0.3969,3.0572,-0.1162,0.6190,3.3161,-0.1502,0.7000,0,1
3.4125,-0.0066,1.0168,-0.2079,0.0031,3.3905,0.1201,0.7111,-0.0216,0.1268,-0.3057,3.3905,0.1201,0.7111,3.7038,0.1360,0.8000,0,1,3.5592,-0.0548,0.6479,0.1465,-0.0487,-0.3689,3.5592,-0.0548,0.6479,3.6167,-0.1480,0.8000,1,1,3.2059,0.0520,0.5436,-0.2064,0.0592,-0.4732,3.2059,0.0520,0.5436,3.2290,0.1348,0.7000,1,1,3.0244,-0.1449,0.6091,-0.3885,-0.1371,-0.4077,3.0244,-0.1449,0.6091,3.3179,-0.1492,0.7000,0,1
3.4132,-0.0058,1.0179,-0.1899,-0.0016,3.3667,0.1428,0.7016,-0.0467,0.1485,-0.3163,3.3667,0.1428,0.7016,3.7053,0.1359,0.8000,0,1,3.5585,-0.0544,0.6476,0.1454,-0.0484,-0.3703,3.5585,-0.0544,0.6476,3.6148,-0.1481,0.8000,1,1,3.2050,0.0526,0.5443,-0.2083,0.0581,-0.4736,3.2050,0.0526,0.5443,3.2285,0.1365,0.7000,1,1,3.0469,-0.1723,0.6052,-0.3660,-0.1671,-0.4127,3.0469,-0.1723,0.6052,3.3180,-0.1475,0.7000,0,1
3.4150,-0.0052,1.0182,-0.1848,0.0059,3.3824,0.1401,0.6922,-0.0317,0.1455,-0.3260,3.3824,0.1401,0.6922,3.7060,0.1380,0.8000,0,1,3.5583,-0.0548,0.6476,0.1430,-0.0504,-0.3706,3.5583,-0.0548,0.6476,3.6157,-0.1460,0.8000,1,1,3.2049,0.0523,0.5453,-0.2098,0.0587,-0.4729,3.2049,0.0523,0.5453,3.2272,0.1357,0.7000,1,1,3.0620,-0.1483,0.5941,-0.3538,-0.1410,-0.4241,3.0620,-0.1483,0.5941,3.3209,-0.1483,0.7000,0,1
3.4187,-0.0043,1.0176,-0.1969,0.0146,3.3948,0.1133,0.6796,-0.0222,0.1179,-0.3380,3.3948,0.1133,0.6796,3.7084,0.1405,0.8000,0,1,3.5589,-0.0549,0.6479,0.1394,-0.0526,-0.3697,3.5589,-0.0549,0.6479,3.6185,-0.1435,0.8000,1,1,3.2057,0.0521,0.5450,-0.2122,0.0595,-0.4726,3.2057,0.0521,0.5450,3.2276,0.1348,0.7000,1,1,3.0639,-0.1063,0.5810,-0.3563,-0.0968,-0.4366,3.0639,-0.1063,0.5810,3.3258,-0.1491,0.7000,0,1
3.4224,-0.0033,1.0170,-0.2207,0.0219,3.4375,0.0808,0.6677,0.0169,0.0837,-0.3493,3.4375,0.0808,0.6677,3.7111,0.1429,0.8000,0,1,3.5585,-0.0547,0.6477,0.1349,-0.0544,-0.3693,3.5585,-0.0547,0.6477,3.6213,-0.1411,0.8000,1,1,3.2052,0.0526,0.5452,-0.2159,0.0606,-0.4718,3.2052,0.0526,0.5452,3.2284,0.1344,0.7000,1,1,3.1665,-0.0603,0.5790,-0.2571,-0.0514,-0.4380,3.1665,-0.0603,0.5790,3.3306,-0.1495,0.7000,0,1
3.4259,-0.0021,1.0172,-0.2399,0.0215,3.5195,0.0744,0.6590,0.0952,0.0745,-0.3582,3.5195,0.0744,0.6590,3.7147,0.1440,0.8000,0,1,3.5576,-0.0543,0.6474,0.1305,-0.0550,-0.3698,3.5576,-0.0543,0.6474,3.6228,-0.1400,0.8000,1,1,3.2040,0.0530,0.5457,-0.2207,0.0599,-0.4715,3.2040,0.0530,0.5457,3.2299,0.1357,0.7000,1,1,3.2478,-0.0594,0.5723,-0.1793,-0.0535,-0.4449,3.2478,-0.0594,0.5723,3.3340,-0.1483,0.7000,0,1
3.4291,-0.0012,1.0180,-0.2407,0.0220,3.6011,0.0790,0.6543,0.1737,0.0764,-0.3637,3.6011,0.0790,0.6543,3.7178,0.1450,0.8000,0,1,3.5564,-0.0542,0.6468,0.1261,-0.0558,-0.3712,3.5564,-0.0542,0.6468,3.6240,-0.1390,0.8000,1,1,3.2026,0.0531,0.5464,-0.2253,0.0593,-0.4716,3.2026,0.0531,0.5464,3.2310,0.1365,0.7000,1,1,3.3015,-0.0583,0.5673,-0.1288,-0.0543,-0.4507,3.3015,-0.0583,0.5673,3.3373,-0.1475,0.7000,0,1
3.4339,-0.0003,1.0189,-0.2432,0.0246,3.6016,0.0791,0.6544,0.1696,0.0753,-0.3645,3.6016,0.0791,0.6544,3.6552,0.1463,0.8000,1,1,3.5351,-0.0684,0.6517,0.0995,-0.0706,-0.3672,3.5351,-0.0684,0.6517,3.7291,-0.1376,0.8000,0,1,3.1803,0.0670,0.5505,-0.2519,0.0735,-0.4684,3.1803,0.0670,0.5505,3.3355,0.1368,0.7000,0,1,3.3021,-0.0582,0.5670,-0.1332,-0.0546,-0.4519,3.3021,-0.0582,0.5670,3.2755,-0.1471,0.7000,1,1
3.4376,0.0004,1.0204,-0.2304,0.0313,3.6014,0.0792,0.6543,0.1662,0.0736,-0.3661,3.6014,0.0792,0.6543,3.6559,0.1484,0.8000,1,1,3.4750,-0.1165,0.6631,0.0337,-0.1180,-0.3573,3.4750,-0.1165,0.6631,3.7337,-0.1355,0.8000,0,1,3.1130,0.1055,0.5671,-0.3212,0.1152,-0.4533,3.1130,0.1055,0.5671,3.3383,0.1363,0.7000,0,1,3.3019,-0.0582,0.5670,-0.1375,-0.0543,-0.4534,3.3019,-0.0582,0.5670,3.2781,-0.1476,0.7000,1,1
3.4402,0.0011,1.0235,-0.2015,0.0263,3.6016,0.0796,0.6544,0.1634,0.0742,-0.3691,3.6016,0.0796,0.6544,3.6572,0.1481,0.8000,1,1,3.4402,-0.1115,0.6790,-0.0030,-0.1126,-0.3445,3.4402,-0.1115,0.6790,3.7357,-0.1358,0.8000,0,1,3.0971,0.0893,0.5806,-0.3407,0.0972,-0.4429,3.0971,0.0893,0.5806,3.3415,0.1379,0.7000,0,1,3.3022,-0.0577,0.5668,-0.1395,-0.0552,-0.4567,3.3022,-0.0577,0.5668,3.2780,-0.1460,0.7000,1,1
3.4434,0.0013,1.0256,-0.1781,0.0251,3.6015,0.0795,0.6544,0.1600,0.0742,-0.3712,3.6015,0.0795,0.6544,3.6586,0.1481,0.8000,1,1,3.4163,-0.0960,0.6933,-0.0295,-0.0966,-0.3323,3.4163,-0.0960,0.6933,3.7387,-0.1358,0.8000,0,1,3.0781,0.0774,0.5936,-0.3633,0.0852,-0.4320,3.0781,0.0774,0.5936,3.3449,0.1384,0.7000,0,1,3.3020,-0.0578,0.5669,-0.1428,-0.0555,-0.4587,3.3020,-0.0578,0.5669,3.2790,-0.1455,0.7000,1,1
3.4462,0.0016,1.0273,-0.1600,0.0170,3.6017,0.0797,0.6545,0.1568,0.0754,-0.3728,3.6017,0.0797,0.6545,3.6606,0.1468,0.8000,1,1,3.4282,-0.0831,0.7077,-0.0194,-0.0844,-0.3196,3.4282,-0.0831,0.7077,3.7404,-0.1371,0.8000,0,1,3.0584,0.0573,0.6061,-0.3868,0.0623,-0.4212,3.0584,0.0573,0.6061,3.3488,0.1403,0.7000,0,1,3.3023,-0.0576,0.5667,-0.1449,-0.0567,-0.4606,3.3023,-0.0576,0.5667,3.2787,-0.1437,0.7000,1,1
3.4489,0.0018,1.0283,-0.1499,0.0098,3.6015,0.0794,0.6543,0.1534,0.0761,-0.3740,3.6015,0.0794,0.6543,3.6623,0.1457,0.8000,1,1,3.4246,-0.0806,0.7200,-0.0251,-0.0822,-0.3083,3.4246,-0.0806,0.7200,3.7421,-0.1383,0.8000,0,1,3.0770,0.0406,0.6204,-0.3715,0.0424,-0.4079,3.0770,0.0406,0.6204,3.3526,0.1419,0.7000,0,1,3.3020,-0.0580,0.5669,-0.1475,-0.0584,-0.4614,3.3020,-0.0580,0.5669,3.2783,-0.1421,0.7000,1,1
3.4520,0.0018,1.0282,-0.1457,0.0084,3.6016,0.0795,0.6544,0.1502,0.0764,-0.3738,3.6016,0.0795,0.6544,3.6636,0.1454,0.8000,1,1,3.4030,-0.1025,0.7306,-0.0499,-0.1039,-0.2976,3.4030,-0.1025,0.7306,3.7450,-0.1386,0.8000,0,1,3.0783,0.0485,0.6303,-0.3733,0.0498,-0.3979,3.0783,0.0485,0.6303,3.3558,0.1421,0.7000,0,1,3.3021,-0.0579,0.5673,-0.1504,-0.0584,-0.4609,3.3021,-0.0579,0.5673,3.2792,-0.1419,0.7000,1,1
3.4553,0.0014,1.0274,-0.1522,0.0053,3.6013,0.0793,0.6543,0.1464,0.0771,-0.3731,3.6013,0.0793,0.6543,3.6653,0.1444,0.8000,1,1,3.4026,-0.1046,0.7371,-0.0533,-0.1057,-0.2903,3.4026,-0.1046,0.7371,3.7478,-0.1396,0.8000,0,1,3.0820,0.0582,0.6366,-0.3730,0.0588,-0.3908,3.0820,0.0582,0.6366,3.3595,0.1424,0.7000,0,1,3.3018,-0.0582,0.5675,-0.1538,-0.0588,-0.4599,3.3018,-0.0582,0.5675,3.2800,-0.1416,0.7000,1,1
3.4582,0.0009,1.0268,-0.1551,-0.0004,3.6012,0.0792,0.6542,0.1430,0.0784,-0.3726,3.6012,0.0792,0.6542,3.6670,0.1428,0.8000,1,1,3.4144,-0.0978,0.7387,-0.0438,-0.0987,-0.2881,3.4144,-0.0978,0.7387,3.7499,-0.1412,0.8000,0,1,3.0923,0.0656,0.6382,-0.3659,0.0646,-0.3886,3.0923,0.0656,0.6382,3.3632,0.1430,0.7000,0,1,3.3016,-0.0583,0.5676,-0.1566,-0.0593,-0.4592,3.3016,-0.0583,0.5676,3.2801,-0.1410,0.7000,1,1
3.4609,0.0004,1.0264,-0.1514,-0.0067,3.6011,0.0792,0.6542,0.1397,0.0797,-0.3722,3.6011,0.0792,0.6542,3.6687,0.1411,0.8000,1,1,3.4171,-0.0948,0.7351,-0.0432,-0.0955,-0.2913,3.4171,-0.0948,0.7351,3.7518,-0.1429,0.8000,0,1,3.0972,0.0768,0.6347,-0.3642,0.0740,-0.3917,3.0972,0.0768,0.6347,3.3669,0.1437,0.7000,0,1,3.3015,-0.0583,0.5676,-0.1590,-0.0598,-0.4588,3.3015,-0.0583,0.5676,3.2800,-0.1403,0.7000,1,1
3.4637,-0.0002,1.0264,-0.1436,-0.0110,3.6014,0.0790,0.6543,0.1368,0.0807,-0.3721,3.6014,0.0790,0.6543,3.6701,0.1397,0.8000,1,1,3.4136,-0.1000,0.7277,-0.0490,-0.1003,-0.2987,3.4136,-0.1000,0.7277,3.7540,-0.1443,0.8000,0,1,3.0648,0.0976,0.6267,-0.4000,0.0934,-0.3997,3.0648,0.0976,0.6267,3.3703,0.1439,0.7000,0,1,3.3018,-0.0584,0.5676,-0.1613,-0.0600,-0.4588,3.3018,-0.0584,0.5676,3.2802,-0.1401,0.7000,1,1
3.4657,-0.0009,1.0267,-0.1251,-0.0106,3.6009,0.0787,0.6541,0.1343,0.0810,-0.3726,3.6009,0.0787,0.6541,3.6700,0.1391,0.8000,1,1,3.3899,-0.1302,0.7176,-0.0744,-0.1301,-0.3091,3.3899,-0.1302,0.7176,3.7560,-0.1449,0.8000,0,1,3.0776,0.1253,0.6257,-0.3894,0.1221,-0.4010,3.0776,0.1253,0.6257,3.3722,0.1432,0.7000,0,1,3.3014,-0.0590,0.5678,-0.1637,-0.0598,-0.4589,3.3014,-0.0590,0.5678,3.2802,-0.1408,0.7000,1,1
3.4686,-0.0012,1.0268,-0.1152,-0.0257,3.6010,0.0794,0.6542,0.1303,0.0840,-0.3726,3.6010,0.0794,0.6542,3.6730,0.1358,0.8000,1,1,3.4114,-0.1525,0.7101,-0.0533,-0.1527,-0.3167,3.4114,-0.1525,0.7101,3.7567,-0.1481,0.8000,0,1,3.0872,0.1014,0.6147,-0.3839,0.0928,-0.4121,3.0872,0.1014,0.6147,3.3773,0.1458,0.7000,0,1,3.3013,-0.0585,0.5697,-0.1658,-0.0616,-0.4571,3.3013,-0.0585,0.5697,3.2790,-0.1381,0.7000,1,1
3.4734,-0.0019,1.0263,-0.1293,-0.0372,3.6009,0.0789,0.6541,0.1244,0.0855,-0.3722,3.6009,0.0789,0.6541,3.6773,0.1328,0.8000,1,1,3.4191,-0.1322,0.6981,-0.0494,-0.1322,-0.3282,3.4191,-0.1322,0.6981,3.7598,-0.1510,0.8000,0,1,3.1910,0.0551,0.6156,-0.2843,0.0465,-0.4107,3.1910,0.0551,0.6156,3.3838,0.1472,0.7000,0,1,3.3014,-0.0594,0.5695,-0.1697,-0.0639,-0.4568,3.3014,-0.0594,0.5695,3.2802,-0.1366,0.7000,1,1
3.4778,-0.0034,1.0266,-0.1420,-0.0374,3.6006,0.0776,0.6536,0.1197,0.0855,-0.3730,3.6006,0.0776,0.6536,3.6798,0.1314,0.8000,1,1,3.4747,-0.1030,0.6863,0.0006,-0.0996,-0.3403,3.4747,-0.1030,0.6863,3.7642,-0.1524,0.8000,0,1,3.3005,0.0684,0.6080,-0.1799,0.0651,-0.4186,3.3005,0.0684,0.6080,3.3883,0.1458,0.7000,0,1,3.3010,-0.0610,0.5695,-0.1745,-0.0642,-0.4571,3.3010,-0.0610,0.5695,3.2826,-0.1380,0.7000,1,1
3.4828,-0.0046,1.0276,-0.1638,-0.0407,3.5999,0.0777,0.6534,0.1137,0.0870,-0.3742,3.5999,0.0777,0.6534,3.6833,0.1294,0.8000,1,1,3.5704,-0.1022,0.6800,0.0915,-0.0940,-0.3476,3.5704,-0.1022,0.6800,3.7687,-0.1543,0.8000,0,1,3.3339,0.0862,0.5980,-0.1525,0.0847,-0.4296,3.3339,0.0862,0.5980,3.3938,0.1452,0.7000,0,1,3.3002,-0.0607,0.5696,-0.1802,-0.0635,-0.4580,3.3002,-0.0607,0.5696,3.2852,-0.1386,0.7000,1,1
3.4880,-0.0057,1.0292,-0.1762,-0.0439,3.5997,0.0779,0.6533,0.1079,0.0884,-0.3759,3.5997,0.0779,0.6533,3.6868,0.1277,0.8000,1,1,3.6262,-0.1104,0.6724,0.1427,-0.0985,-0.3568,3.6262,-0.1104,0.6724,3.7734,-0.1560,0.8000,0,1,3.3511,0.1050,0.5904,-0.1416,0.1046,-0.4388,3.3511,0.1050,0.5904,3.3994,0.1447,0.7000,0,1,3.2999,-0.0605,0.5697,-0.1855,-0.0630,-0.4595,3.2999,-0.0605,0.5697,3.2879,-0.1390,0.7000,1,1
3.4933,-0.0066,1.0305,-0.1696,-0.0496,3.6012,0.0960,0.6551,0.1027,0.1078,-0.3754,3.6012,0.0960,0.6551,3.7919,0.1257,0.8000,0,1,3.6547,-0.1136,0.6696,0.1665,-0.0989,-0.3609,3.6547,-0.1136,0.6696,3.7119,-0.1580,0.8000,1,1,3.3606,0.1174,0.5886,-0.1387,0.1173,-0.4419,3.3606,0.1174,0.5886,3.3396,0.1449,0.7000,1,1,3.2831,-0.0605,0.5724,-0.2073,-0.0643,-0.4581,3.2831,-0.0605,0.5724,3.3515,-0.1788,0.7000,0,1
3.4998,-0.0075,1.0308,-0.1695,-0.0636,3.5903,0.1569,0.6746,0.0799,0.1698,-0.3562,3.5903,0.1569,0.6746,3.8002,0.1220,0.8000,0,1,3.6547,-0.1151,0.6698,0.1614,-0.0975,-0.3610,3.6547,-0.1151,0.6698,3.7142,-0.1615,0.8000,1,1,3.3608,0.1157,0.5878,-0.1465,0.1141,-0.4430,3.3608,0.1157,0.5878,3.3462,0.1466,0.7000,1,1,3.2100,-0.1085,0.5792,-0.2828,-0.1192,-0.4516,3.2100,-0.1085,0.5792,3.3562,-0.1769,0.7000,0,1
3.5031,-0.0081,1.0350,-0.1588,-0.0474,3.7378,0.0260,0.7061,0.2328,0.0452,-0.3289,3.7378,0.0260,0.7061,3.8014,0.1246,0.8000,0,1,3.6549,-0.1132,0.6691,0.1566,-0.0978,-0.3659,3.6549,-0.1132,0.6691,3.7180,-0.1590,0.8000,1,1,3.3604,0.1174,0.5885,-0.1485,0.1186,-0.4465,3.3604,0.1174,0.5885,3.3451,0.1430,0.7000,1,1,3.1431,-0.0662,0.6033,-0.3568,-0.0751,-0.4317,3.1431,-0.0662,0.6033,3.3616,-0.1807,0.7000,0,1
3.5061,-0.0083,1.0373,-0.1579,-0.0336,3.8685,-0.0407,0.7250,0.3633,-0.0202,-0.3123,3.8685,-0.0407,0.7250,3.8025,0.1272,0.8000,0,1,3.6543,-0.1117,0.6683,0.1516,-0.0984,-0.3690,3.6543,-0.1117,0.6683,3.7210,-0.1566,0.8000,1,1,3.3594,0.1190,0.5892,-0.1509,0.1223,-0.4481,3.3594,0.1190,0.5892,3.3440,0.1402,0.7000,1,1,3.1088,-0.0418,0.6219,-0.3960,-0.0468,-0.4154,3.1088,-0.0418,0.6219,3.3664,-0.1836,0.7000,0,1
3.5093,-0.0086,1.0373,-0.1493,-0.0492,3.9425,-0.0140,0.7438,0.4329,0.0159,-0.2935,3.9425,-0.0140,0.7438,3.8078,0.1238,0.8000,0,1,3.6538,-0.1123,0.6681,0.1494,-0.0965,-0.3692,3.6538,-0.1123,0.6681,3.7198,-0.1598,0.8000,1,1,3.3589,0.1184,0.5888,-0.1565,0.1194,-0.4485,3.3589,0.1184,0.5888,3.3475,0.1429,0.7000,1,1,3.0898,-0.0766,0.6372,-0.4156,-0.0885,-0.4001,3.0898,-0.0766,0.6372,3.3675,-0.1808,0.7000,0,1
3.5150,-0.0091,1.0378,-0.1519,-0.0620,3.8672,0.0102,0.7578,0.3503,0.0411,-0.2800,3.8672,0.0102,0.7578,3.8153,0.1207,0.8000,0,1,3.6544,-0.1128,0.6684,0.1456,-0.0949,-0.3694,3.6544,-0.1128,0.6684,3.7217,-0.1628,0.8000,1,1,3.3596,0.1177,0.5884,-0.1630,0.1169,-0.4494,3.3596,0.1177,0.5884,3.3532,0.1447,0.7000,1,1,3.0873,-0.0808,0.6497,-0.4224,-0.0981,-0.3881,3.0873,-0.0808,0.6497,3.3716,-0.1788,0.7000,0,1
3.5207,-0.0097,1.0379,-0.1478,-0.0731,3.7731,0.0350,0.7737,0.2485,0.0630,-0.2642,3.7731,0.0350,0.7737,3.8223,0.1179,0.8000,0,1,3.6542,-0.1139,0.6685,0.1408,-0.0942,-0.3694,3.6542,-0.1139,0.6685,3.7236,-0.1654,0.8000,1,1,3.3596,0.1167,0.5880,-0.1699,0.1143,-0.4499,3.3596,0.1167,0.5880,3.3586,0.1461,0.7000,1,1,3.0874,-0.0819,0.6613,-0.4269,-0.1037,-0.3766,3.0874,-0.0819,0.6613,3.3758,-0.1771,0.7000,0,1
3.5251,-0.0101,1.0387,-0.1431,-0.0786,3.7553,0.0576,0.7823,0.2242,0.0856,-0.2564,3.7553,0.0576,0.7823,3.8275,0.1164,0.8000,0,1,3.6541,-0.1141,0.6685,0.1368,-0.0935,-0.3702,3.6541,-0.1141,0.6685,3.7252,-0.1667,0.8000,1,1,3.3595,0.1165,0.5880,-0.1750,0.1132,-0.4507,3.3595,0.1165,0.5880,3.3619,0.1468,0.7000,1,1,3.0883,-0.0859,0.6695,-0.4295,-0.1099,-0.3692,3.0883,-0.0859,0.6695,3.4196,-0.1363,0.7000,0,1
3.5294,-0.0104,1.0403,-0.1429,-0.0801,3.7670,0.0726,0.7862,0.2302,0.1017,-0.2541,3.7670,0.0726,0.7862,3.8319,0.1158,0.8000,0,1,3.6539,-0.1141,0.6684,0.1324,-0.0934,-0.3719,3.6539,-0.1141,0.6684,3.7272,-0.1672,0.8000,1,1,3.3593,0.1165,0.5880,-0.1797,0.1129,-0.4523,3.3593,0.1165,0.5880,3.3644,0.1468,0.7000,1,1,3.0995,-0.0919,0.6737,-0.4220,-0.1156,-0.3666,3.0995,-0.0919,0.6737,3.4236,-0.1363,0.7000,0,1
3.5337,-0.0104,1.0427,-0.1449,-0.0812,3.7859,0.0878,0.7851,0.2434,0.1183,-0.2576,3.7859,0.0878,0.7851,3.8364,0.1156,0.8000,0,1,3.6541,-0.1138,0.6684,0.1284,-0.0933,-0.3743,3.6541,-0.1138,0.6684,3.7293,-0.1675,0.8000,1,1,3.3595,0.1167,0.5880,-0.1839,0.1126,-0.4547,3.3595,0.1167,0.5880,3.3668,0.1469,0.7000,1,1,3.0921,-0.1119,0.6723,-0.4319,-0.1370,-0.3704,3.0921,-0.1119,0.6723,3.3878,-0.1761,0.7000,0,1
3.5379,-0.0101,1.0455,-0.1473,-0.0849,3.8092,0.1146,0.7790,0.2597,0.1473,-0.2665,3.8092,0.1146,0.7790,3.8411,0.1151,0.8000,0,1,3.6537,-0.1136,0.6682,0.1242,-0.0933,-0.3773,3.6537,-0.1136,0.6682,3.7310,-0.1678,0.8000,1,1,3.3590,0.1170,0.5882,-0.1890,0.1115,-0.4573,3.3590,0.1170,0.5882,3.3697,0.1479,0.7000,1,1,3.0987,-0.1379,0.6694,-0.4268,-0.1646,-0.3761,3.0987,-0.1379,0.6694,3.3916,-0.1750,0.7000,0,1
3.5424,-0.0100,1.0480,-0.1540,-0.0789,3.8542,0.1703,0.7686,0.2966,0.2043,-0.2794,3.8542,0.1703,0.7686,3.8448,0.1165,0.8000,0,1,3.6536,-0.1140,0.6683,0.1191,-0.0949,-0.3797,3.6536,-0.1140,0.6683,3.7344,-0.1666,0.8000,1,1,3.3590,0.1167,0.5882,-0.1928,0.1119,-0.4598,3.3590,0.1167,0.5882,3.3712,0.1470,0.7000,1,1,3.1136,-0.1374,0.6621,-0.4174,-0.1608,-0.3859,3.1136,-0.1374,0.6621,3.3968,-0.1761,0.7000,0,1
3.5468,-0.0098,1.0494,-0.1647,-0.0637,3.9113,0.2453,0.7594,0.3475,0.2778,-0.2900,3.9113,0.2453,0.7594,3.8473,0.1197,0.8000,0,1,3.6530,-0.1155,0.6685,0.1127,-0.0987,-0.3809,3.6530,-0.1155,0.6685,3.7392,-0.1638,0.8000,1,1,3.3584,0.1151,0.5880,-0.1960,0.1127,-0.4614,3.3584,0.1151,0.5880,3.3713,0.1443,0.7000,1,1,3.1870,-0.1188,0.6522,-0.3521,-0.1317,-0.3972,3.1870,-0.1188,0.6522,3.3632,-0.2191,0.7000,0,1
3.5520,-0.0092,1.0513,-0.1751,-0.0601,3.8884,0.2702,0.7539,0.3190,0.2991,-0.2974,3.8884,0.2702,0.7539,3.8520,0.1210,0.8000,0,1,3.6527,-0.1155,0.6683,0.1069,-0.1001,-0.3830,3.6527,-0.1155,0.6683,3.7429,-0.1625,0.8000,1,1,3.3580,0.1149,0.5877,-0.2011,0.1122,-0.4636,3.3580,0.1149,0.5877,3.3739,0.1443,0.7000,1,1,3.3218,-0.1104,0.6524,-0.2237,-0.1148,-0.3989,3.3218,-0.1104,0.6524,3.3688,-0.2192,0.7000,0,1
3.5581,-0.0088,1.0538,-0.1904,-0.0520,3.8676,0.2285,0.7429,0.2967,0.2531,-0.3109,3.8676,0.2285,0.7429,3.8570,0.1230,0.8000,0,1,3.6527,-0.1151,0.6680,0.1000,-0.1012,-0.3858,3.6527,-0.1151,0.6680,3.7482,-0.1606,0.8000,1,1,3.3580,0.1153,0.5877,-0.2063,0.1135,-0.4661,3.3580,0.1153,0.5877,3.3767,0.1431,0.7000,1,1,3.3601,-0.0950,0.6402,-0.1933,-0.0964,-0.4136,3.3601,-0.0950,0.6402,3.3760,-0.2205,0.7000,0,1
3.5631,-0.0084,1.0549,-0.1904,-0.0412,3.8462,0.1977,0.7339,0.2744,0.2176,-0.3210,3.8462,0.1977,0.7339,3.8606,0.1256,0.8000,0,1,3.6531,-0.1155,0.6693,0.0943,-0.1033,-0.3856,3.6531,-0.1155,0.6693,3.7529,-0.1582,0.8000,1,1,3.3581,0.1150,0.5877,-0.2099,0.1149,-0.4672,3.3581,0.1150,0.5877,3.3782,0.1415,0.7000,1,1,3.3885,-0.1077,0.6290,-0.1704,-0.1064,-0.4259,3.3885,-0.1077,0.6290,3.3825,-0.2223,0.7000,0,1
3.5685,-0.0080,1.0541,-0.1864,-0.0323,3.8424,0.2045,0.7252,0.2669,0.2212,-0.3289,3.8424,0.2045,0.7252,3.8648,0.1277,0.8000,0,1,3.6533,-0.1150,0.6699,0.0882,-0.1042,-0.3842,3.6533,-0.1150,0.6699,3.7576,-0.1561,0.8000,1,1,3.3581,0.1156,0.5881,-0.2143,0.1167,-0.4660,3.3581,0.1156,0.5881,3.3802,0.1402,0.7000,1,1,3.4096,-0.1541,0.6200,-0.1541,-0.1512,-0.4341,3.4096,-0.1541,0.6200,3.3890,-0.2236,0.7000,0,1
3.5741,-0.0075,1.0538,-0.1761,-0.0303,3.8225,0.1989,0.7197,0.2420,0.2138,-0.3341,3.8225,0.1989,0.7197,3.8701,0.1286,0.8000,0,1,3.6536,-0.1150,0.6700,0.0827,-0.1050,-0.3838,3.6536,-0.1150,0.6700,3.7615,-0.1552,0.8000,1,1,3.3583,0.1156,0.5888,-0.2194,0.1165,-0.4650,3.3583,0.1156,0.5888,3.3835,0.1403,0.7000,1,1,3.4741,-0.1776,0.6193,-0.0948,-0.1731,-0.4345,3.4741,-0.1776,0.6193,3.5149,-0.1835,0.8000,0,1
3.5815,-0.0072,1.0538,-0.1773,-0.0141,3.8230,0.1983,0.7195,0.2386,0.2089,-0.3343,3.8230,0.1983,0.7195,3.8083,0.1321,0.8000,1,1,3.6705,-0.1475,0.6746,0.0910,-0.1390,-0.3792,3.6705,-0.1475,0.6746,3.8713,-0.1519,0.8000,0,1,3.3521,0.1215,0.5959,-0.2312,0.1255,-0.4579,3.3521,0.1215,0.5959,3.4885,0.1375,0.8000,0,1,3.4747,-0.1783,0.6192,-0.1044,-0.1726,-0.4346,3.4747,-0.1783,0.6192,3.3775,-0.1864,0.7000,1,1
3.5894,-0.0069,1.0551,-0.1884,-0.0098,3.8227,0.1992,0.7195,0.2313,0.2084,-0.3356,3.8227,0.1992,0.7195,3.8136,0.1332,0.8000,1,1,3.7300,-0.0786,0.7139,0.1413,-0.0703,-0.3412,3.7300,-0.0786,0.7139,3.8798,-0.1508,0.8000,0,1,3.3847,0.0349,0.6303,-0.2051,0.0398,-0.4248,3.3847,0.0349,0.6303,3.4958,0.1370,0.8000,0,1,3.4741,-0.1769,0.6184,-0.1136,-0.1711,-0.4367,3.4741,-0.1769,0.6184,3.3841,-0.1870,0.7000,1,1
3.5942,-0.0064,1.0567,-0.1883,-0.0054,3.8222,0.1988,0.7187,0.2269,0.2064,-0.3380,3.8222,0.1988,0.7187,3.8158,0.1345,0.8000,1,1,3.8949,-0.0653,0.7362,0.3010,-0.0573,-0.3205,3.8949,-0.0653,0.7362,3.8853,-0.1495,0.8000,0,1,3.3116,0.0156,0.6447,-0.2827,0.0205,-0.4120,3.3116,0.0156,0.6447,3.5000,0.1366,0.8000,0,1,3.4732,-0.1771,0.6184,-0.1201,-0.1714,-0.4383,3.4732,-0.1771,0.6184,3.3875,-0.1874,0.7000,1,1
3.5993,-0.0060,1.0565,-0.1905,0.0140,3.8220,0.1991,0.7185,0.2255,0.2020,-0.3380,3.8220,0.1991,0.7185,3.8161,0.1387,0.8000,1,1,3.9882,-0.0946,0.7555,0.3876,-0.0940,-0.3010,3.9882,-0.0946,0.7555,3.8931,-0.1453,0.8000,0,1,3.2722,0.0560,0.6603,-0.3262,0.0666,-0.3962,3.2722,0.0560,0.6603,3.5423,0.0933,0.8000,0,1,3.4727,-0.1767,0.6182,-0.1290,-0.1689,-0.4383,3.4727,-0.1767,0.6182,3.3933,-0.1907,0.7000,1,1
3.6058,-0.0055,1.0572,-0.1938,0.0323,3.8220,0.1992,0.7185,0.2227,0.1976,-0.3387,3.8220,0.1992,0.7185,3.8179,0.1426,0.8000,1,1,3.9399,-0.0844,0.7702,0.3314,-0.0896,-0.2870,3.9399,-0.0844,0.7702,3.9021,-0.1412,0.8000,0,1,3.3400,0.0652,0.6746,-0.2634,0.0792,-0.3826,3.3400,0.0652,0.6746,3.5463,0.0901,0.8000,0,1,3.4726,-0.1764,0.6181,-0.1386,-0.1665,-0.4391,3.4726,-0.1764,0.6181,3.4005,-0.1937,0.7000,1,1
3.6121,-0.0049,1.0580,-0.1893,0.0485,3.8220,0.1998,0.7188,0.2196,0.1943,-0.3392,3.8220,0.1998,0.7188,3.8198,0.1462,0.8000,1,1,3.8574,-0.0710,0.7860,0.2418,-0.0779,-0.2720,3.8574,-0.0710,0.7860,3.9106,-0.1374,0.8000,0,1,3.3878,0.0706,0.6879,-0.2204,0.0863,-0.3701,3.3878,0.0706,0.6879,3.5105,0.1275,0.8000,0,1,3.4728,-0.1758,0.6178,-0.1474,-0.1639,-0.4402,3.4728,-0.1758,0.6178,3.4873,-0.1962,0.8000,1,1
3.6174,-0.0041,1.0589,-0.1830,0.0610,3.8220,0.1999,0.7189,0.2167,0.1911,-0.3400,3.8220,0.1999,0.7189,3.8212,0.1493,0.8000,1,1,3.8417,-0.0774,0.7962,0.2194,-0.0868,-0.2627,3.8417,-0.0774,0.7962,3.9175,-0.1342,0.8000,0,1,3.3838,0.0812,0.6979,-0.2280,0.0994,-0.3610,3.3838,0.0812,0.6979,3.5141,0.1258,0.8000,0,1,3.4729,-0.1757,0.6176,-0.1547,-0.1625,-0.4413,3.4729,-0.1757,0.6176,3.4925,-0.1977,0.8000,1,1
3.6223,-0.0033,1.0604,-0.1756,0.0709,3.8220,0.1999,0.7189,0.2136,0.1885,-0.3415,3.8220,0.1999,0.7189,3.8225,0.1520,0.8000,1,1,3.8481,-0.0861,0.8023,0.2194,-0.0986,-0.2581,3.8481,-0.0861,0.8023,3.9236,-0.1313,0.8000,0,1,3.3816,0.0962,0.7041,-0.2330,0.1163,-0.3563,3.3816,0.0962,0.7041,3.5177,0.1246,0.8000,0,1,3.4729,-0.1757,0.6176,-0.1612,-0.1614,-0.4428,3.4729,-0.1757,0.6176,3.4968,-0.1987,0.8000,1,1
3.6268,-0.0025,1.0624,-0.1689,0.0793,3.8220,0.2000,0.7189,0.2106,0.1864,-0.3435,3.8220,0.2000,0.7189,3.8238,0.1543,0.8000,1,1,3.8592,-0.0942,0.8037,0.2244,-0.1098,-0.2587,3.8592,-0.0942,0.8037,3.9293,-0.1289,0.8000,0,1,3.3785,0.1160,0.7054,-0.2381,0.1378,-0.3570,3.3785,0.1160,0.7054,3.5212,0.1236,0.8000,0,1,3.4729,-0.1756,0.6176,-0.1671,-0.1604,-0.4448,3.4729,-0.1756,0.6176,3.5007,-0.1995,0.8000,1,1
3.6313,-0.0018,1.0646,-0.1637,0.0877,3.8222,0.1999,0.7190,0.2078,0.1842,-0.3456,3.8222,0.1999,0.7190,3.8249,0.1565,0.8000,1,1,3.8734,-0.1044,0.8002,0.2322,-0.1234,-0.2644,3.8734,-0.1044,0.8002,3.9348,-0.1264,0.8000,0,1,3.3717,0.1460,0.7016,-0.2457,0.1700,-0.3630,3.3717,0.1460,0.7016,3.5246,0.1226,0.8000,0,1,3.4731,-0.1757,0.6175,-0.1728,-0.1594,-0.4471,3.4731,-0.1757,0.6175,3.5045,-0.2003,0.8000,1,1
3.6358,-0.0012,1.0666,-0.1647,0.0983,3.8223,0.1996,0.7188,0.2053,0.1815,-0.3478,3.8223,0.1996,0.7188,3.8258,0.1589,0.8000,1,1,3.8957,-0.1242,0.7927,0.2466,-0.1479,-0.2739,3.8957,-0.1242,0.7927,3.9407,-0.1237,0.8000,0,1,3.3611,0.1930,0.6934,-0.2543,0.2202,-0.3732,3.3611,0.1930,0.6934,3.5279,0.1209,0.8000,0,1,3.4732,-0.1761,0.6177,-0.1790,-0.1581,-0.4489,3.4732,-0.1761,0.6177,3.5087,-0.2017,0.8000,1,1
3.6404,-0.0011,1.0682,-0.1682,0.1142,3.8220,0.1995,0.7186,0.2033,0.1786,-0.3496,3.8220,0.1995,0.7186,3.8257,0.1618,0.8000,1,1,3.9294,-0.1742,0.7817,0.2674,-0.2049,-0.2865,3.9294,-0.1742,0.7817,3.9471,-0.1203,0.8000,0,1,3.3426,0.2494,0.6845,-0.2673,0.2828,-0.3837,3.3426,0.2494,0.6845,3.5305,0.1178,0.8000,0,1,3.4728,-0.1762,0.6179,-0.1865,-0.1549,-0.4503,3.4728,-0.1762,0.6179,3.5138,-0.2044,0.8000,1,1
3.6443,-0.0008,1.0703,-0.1624,0.1174,3.8219,0.2003,0.7190,0.1999,0.1789,-0.3513,3.8219,0.2003,0.7190,3.8272,0.1627,0.8000,1,1,3.9736,-0.2290,0.7672,0.3003,-0.2652,-0.3031,3.9736,-0.2290,0.7672,3.9514,-0.1194,0.8000,0,1,3.3450,0.2455,0.6792,-0.2684,0.2797,-0.3911,3.3450,0.2455,0.6792,3.5340,0.1174,0.8000,0,1,3.4728,-0.1752,0.6176,-0.1907,-0.1531,-0.4527,3.4728,-0.1752,0.6176,3.5163,-0.2047,0.8000,1,1
3.6496,-0.0001,1.0719,-0.1648,0.1031,3.8218,0.2008,0.7192,0.1920,0.1821,-0.3527,3.8218,0.2008,0.7192,3.8327,0.1609,0.8000,1,1,3.9910,-0.2552,0.7605,0.3133,-0.2889,-0.3114,3.9910,-0.2552,0.7605,3.9550,-0.1216,0.8000,0,1,3.3699,0.2081,0.6667,-0.2568,0.2359,-0.4052,3.3699,0.2081,0.6667,3.5410,0.1210,0.8000,0,1,3.4726,-0.1746,0.6174,-0.1940,-0.1554,-0.4545,3.4726,-0.1746,0.6174,3.5172,-0.2015,0.8000,1,1
3.6561,0.0006,1.0744,-0.1813,0.0867,3.8219,0.2011,0.7194,0.1825,0.1854,-0.3550,3.8219,0.2011,0.7194,3.8399,0.1587,0.8000,1,1,3.9996,-0.2194,0.7501,0.3232,-0.2489,-0.3243,3.9996,-0.2194,0.7501,3.9595,-0.1243,0.8000,0,1,3.3868,0.1324,0.6603,-0.2569,0.1546,-0.4141,3.3868,0.1324,0.6603,3.5495,0.1252,0.8000,0,1,3.4728,-0.1743,0.6171,-0.1978,-0.1584,-0.4573,3.4728,-0.1743,0.6171,3.5191,-0.1978,0.8000,1,1
3.6627,0.0008,1.0768,-0.1977,0.0761,3.8219,0.2003,0.7190,0.1739,0.1868,-0.3578,3.8219,0.2003,0.7190,3.8461,0.1570,0.8000,1,1,3.9575,-0.1422,0.7447,0.2831,-0.1650,-0.3321,3.9575,-0.1422,0.7447,3.9647,-0.1262,0.8000,0,1,3.4261,0.0904,0.6507,-0.2291,0.1073,-0.4261,3.4261,0.0904,0.6507,3.5574,0.1276,0.8000,0,1,3.4727,-0.1751,0.6176,-0.2028,-0.1609,-0.4592,3.4727,-0.1751,0.6176,3.5220,-0.1956,0.8000,1,1
3.6681,0.0008,1.0781,-0.1982,0.0697,3.8212,0.2004,0.7187,0.1666,0.1885,-0.3594,3.8212,0.2004,0.7187,3.8506,0.1558,0.8000,1,1,3.9344,-0.1160,0.7381,0.2575,-0.1351,-0.3400,3.9344,-0.1160,0.7381,3.9694,-0.1275,0.8000,0,1,3.4871,0.1002,0.6436,-0.1736,0.1118,-0.4345,3.4871,0.1002,0.6436,3.5637,0.1289,0.8000,0,1,3.4719,-0.1751,0.6181,-0.2080,-0.1618,-0.4600,3.4719,-0.1751,0.6181,3.5245,-0.1944,0.8000,1,1
3.6735,0.0009,1.0784,-0.1872,0.0604,3.8217,0.2042,0.7201,0.1602,0.1940,-0.3583,3.8217,0.2042,0.7201,3.9564,0.1543,0.8000,0,1,3.9181,-0.1142,0.7348,0.2372,-0.1297,-0.3436,3.9181,-0.1142,0.7348,3.9076,-0.1292,0.8000,1,1,3.5227,0.1134,0.6426,-0.1437,0.1214,-0.4358,3.5227,0.1134,0.6426,3.5043,0.1309,0.8000,1,1,3.4621,-0.1720,0.6201,-0.2215,-0.1598,-0.4583,3.4621,-0.1720,0.6201,3.5875,-0.1526,0.8000,0,1
3.6795,0.0008,1.0788,-0.1789,0.0464,3.8261,0.2241,0.7303,0.1568,0.2163,-0.3485,3.8261,0.2241,0.7303,3.9645,0.1515,0.8000,0,1,3.9184,-0.1152,0.7353,0.2333,-0.1270,-0.3435,3.9184,-0.1152,0.7353,3.9097,-0.1322,0.8000,1,1,3.5233,0.1123,0.6420,-0.1509,0.1186,-0.4368,3.5233,0.1123,0.6420,3.5101,0.1336,0.8000,1,1,3.4353,-0.1617,0.6296,-0.2515,-0.1510,-0.4492,3.4353,-0.1617,0.6296,3.5913,-0.1501,0.8000,0,1
3.6848,0.0002,1.0816,-0.1673,0.0489,3.8590,0.1065,0.7506,0.1792,0.0977,-0.3310,3.8590,0.1065,0.7506,3.9694,0.1514,0.8000,0,1,3.9188,-0.1142,0.7351,0.2281,-0.1257,-0.3465,3.9188,-0.1142,0.7351,3.9133,-0.1322,0.8000,1,1,3.5234,0.1128,0.6420,-0.1557,0.1204,-0.4396,3.5234,0.1128,0.6420,3.5131,0.1325,0.8000,1,1,3.4178,-0.0601,0.6484,-0.2696,-0.0472,-0.4332,3.4178,-0.0601,0.6484,3.5969,-0.1511,0.8000,0,1
3.6892,-0.0003,1.0836,-0.1493,0.0426,3.8923,0.0556,0.7648,0.2053,0.0472,-0.3188,3.8923,0.0556,0.7648,3.9750,0.1495,0.8000,0,1,3.9192,-0.1138,0.7351,0.2250,-0.1232,-0.3485,3.9192,-0.1138,0.7351,3.9147,-0.1343,0.8000,1,1,3.5237,0.1131,0.6420,-0.1605,0.1203,-0.4416,3.5237,0.1131,0.6420,3.5165,0.1335,0.8000,1,1,3.3705,-0.0295,0.6621,-0.3197,-0.0156,-0.4215,3.3705,-0.0295,0.6621,3.6002,-0.1502,0.8000,0,1
3.6944,-0.0008,1.0839,-0.1406,0.0232,3.9063,0.0678,0.7782,0.2134,0.0637,-0.3057,3.9063,0.0678,0.7782,3.9828,0.1456,0.8000,0,1,3.9195,-0.1141,0.7354,0.2224,-0.1185,-0.3485,3.9195,-0.1141,0.7354,3.9154,-0.1383,0.8000,1,1,3.5241,0.1127,0.6416,-0.1676,0.1174,-0.4423,3.5241,0.1127,0.6416,3.5221,0.1366,0.8000,1,1,3.3426,-0.0473,0.6756,-0.3528,-0.0383,-0.4083,3.3426,-0.0473,0.6756,3.6027,-0.1473,0.8000,0,1
3.6997,-0.0013,1.0841,-0.1381,0.0076,3.9151,0.0806,0.7908,0.2160,0.0803,-0.2933,3.9151,0.0806,0.7908,3.9904,0.1422,0.8000,0,1,3.9193,-0.1144,0.7354,0.2187,-0.1148,-0.3487,3.9193,-0.1144,0.7354,3.9166,-0.1418,0.8000,1,1,3.5239,0.1124,0.6417,-0.1749,0.1150,-0.4424,3.5239,0.1124,0.6417,3.5276,0.1392,0.8000,1,1,3.3561,-0.0532,0.6885,-0.3440,-0.0493,-0.3956,3.3561,-0.0532,0.6885,3.6058,-0.1448,0.8000,0,1
3.7047,-0.0016,1.0849,-0.1371,-0.0033,3.9216,0.0864,0.8018,0.2166,0.0887,-0.2831,3.9216,0.0864,0.8018,3.9970,0.1397,0.8000,0,1,3.9193,-0.1144,0.7354,0.2150,-0.1121,-0.3495,3.9193,-0.1144,0.7354,3.9181,-0.1443,0.8000,1,1,3.5239,0.1124,0.6416,-0.1812,0.1134,-0.4433,3.5239,0.1124,0.6416,3.5322,0.1410,0.8000,1,1,3.3780,-0.0544,0.6999,-0.3265,-0.0539,-0.3850,3.3780,-0.0544,0.6999,3.6093,-0.1430,0.8000,0,1
3.7095,-0.0019,1.0863,-0.1369,-0.0103,3.9280,0.0916,0.8099,0.2175,0.0957,-0.2764,3.9280,0.0916,0.8099,4.0027,0.1381,0.8000,0,1,3.9193,-0.1144,0.7354,0.2109,-0.1103,-0.3509,3.9193,-0.1144,0.7354,3.9198,-0.1459,0.8000,1,1,3.5240,0.1124,0.6416,-0.1867,0.1124,-0.4447,3.5240,0.1124,0.6416,3.5360,0.1421,0.8000,1,1,3.3861,-0.0598,0.7081,-0.3228,-0.0612,-0.3782,3.3861,-0.0598,0.7081,3.6131,-0.1419,0.8000,0,1
3.7139,-0.0020,1.0886,-0.1369,-0.0140,3.9346,0.0967,0.8138,0.2193,0.1018,-0.2748,3.9346,0.0967,0.8138,4.0077,0.1373,0.8000,0,1,3.9193,-0.1144,0.7354,0.2070,-0.1095,-0.3532,3.9193,-0.1144,0.7354,3.9217,-0.1467,0.8000,1,1,3.5239,0.1124,0.6416,-0.1916,0.1117,-0.4470,3.5239,0.1124,0.6416,3.5389,0.1427,0.8000,1,1,3.3922,-0.0669,0.7120,-0.3208,-0.0694,-0.3766,3.3922,-0.0669,0.7120,3.6169,-0.1413,0.8000,0,1
3.7180,-0.0021,1.0920,-0.1361,-0.0159,3.9422,0.1028,0.8126,0.2225,0.1085,-0.2794,3.9422,0.1028,0.8126,4.0120,0.1368,0.8000,0,1,3.9193,-0.1144,0.7353,0.2031,-0.1091,-0.3567,3.9193,-0.1144,0.7353,3.9235,-0.1471,0.8000,1,1,3.5239,0.1124,0.6416,-0.1959,0.1114,-0.4504,3.5239,0.1124,0.6416,3.5413,0.1430,0.8000,1,1,3.3968,-0.0770,0.7108,-0.3200,-0.0800,-0.3812,3.3968,-0.0770,0.7108,3.6208,-0.1410,0.8000,0,1
3.7218,-0.0021,1.0962,-0.1351,-0.0171,3.9538,0.1127,0.8069,0.2300,0.1188,-0.2893,3.9538,0.1127,0.8069,4.0160,0.1366,0.8000,0,1,3.9195,-0.1144,0.7354,0.1996,-0.1089,-0.3608,3.9195,-0.1144,0.7354,3.9252,-0.1473,0.8000,1,1,3.5242,0.1124,0.6414,-0.1995,0.1111,-0.4548,3.5242,0.1124,0.6414,3.5433,0.1432,0.8000,1,1,3.3838,-0.0929,0.7047,-0.3364,-0.0966,-0.3915,3.3838,-0.0929,0.7047,3.6244,-0.1407,0.8000,0,1
3.7255,-0.0018,1.1005,-0.1404,-0.0196,3.9769,0.1324,0.7979,0.2487,0.1391,-0.3026,3.9769,0.1324,0.7979,4.0201,0.1364,0.8000,0,1,3.9196,-0.1140,0.7353,0.1963,-0.1084,-0.3652,3.9196,-0.1140,0.7353,3.9265,-0.1475,0.8000,1,1,3.5242,0.1128,0.6414,-0.2035,0.1106,-0.4591,3.5242,0.1128,0.6414,3.5453,0.1440,0.8000,1,1,3.3490,-0.1247,0.6950,-0.3740,-0.1303,-0.4055,3.3490,-0.1247,0.6950,3.6277,-0.1399,0.8000,0,1
3.7293,-0.0011,1.1042,-0.1513,-0.0313,3.9849,0.1742,0.7863,0.2500,0.1832,-0.3179,3.9849,0.1742,0.7863,4.0254,0.1348,0.8000,0,1,3.9190,-0.1138,0.7350,0.1931,-0.1067,-0.3692,3.9190,-0.1138,0.7350,3.9265,-0.1490,0.8000,1,1,3.5236,0.1132,0.6425,-0.2092,0.1078,-0.4617,3.5236,0.1132,0.6425,3.5488,0.1469,0.8000,1,1,3.3741,-0.1581,0.6899,-0.3501,-0.1680,-0.4143,3.3741,-0.1581,0.6899,3.6299,-0.1369,0.8000,0,1
3.7335,-0.0006,1.1071,-0.1716,-0.0294,4.0120,0.2175,0.7713,0.2720,0.2262,-0.3358,4.0120,0.2175,0.7713,4.0294,0.1357,0.8000,0,1,3.9187,-0.1150,0.7353,0.1885,-0.1089,-0.3718,3.9187,-0.1150,0.7353,3.9290,-0.1482,0.8000,1,1,3.5233,0.1119,0.6424,-0.2134,0.1063,-0.4647,3.5233,0.1119,0.6424,3.5508,0.1470,0.8000,1,1,3.3902,-0.1437,0.6798,-0.3389,-0.1531,-0.4273,3.3902,-0.1437,0.6798,3.6344,-0.1368,0.8000,0,1
3.7374,-0.0000,1.1101,-0.1962,-0.0112,4.0460,0.2152,0.7642,0.3062,0.2186,-0.3459,4.0460,0.2152,0.7642,4.0307,0.1398,0.8000,0,1,3.9184,-0.1158,0.7353,0.1823,-0.1138,-0.3748,3.9184,-0.1158,0.7353,3.9335,-0.1442,0.8000,1,1,3.5230,0.1112,0.6422,-0.2156,0.1088,-0.4679,3.5230,0.1112,0.6422,3.5500,0.1442,0.8000,1,1,3.3992,-0.0885,0.6697,-0.3372,-0.0923,-0.4404,3.3992,-0.0885,0.6697,3.6408,-0.1398,0.8000,0,1
3.7412,0.0008,1.1139,-0.2162,0.0020,4.0413,0.1560,0.7532,0.3004,0.1546,-0.3607,4.0413,0.1560,0.7532,4.0327,0.1432,0.8000,0,1,3.9185,-0.1156,0.7352,0.1771,-0.1168,-0.3787,3.9185,-0.1156,0.7352,3.9373,-0.1408,0.8000,1,1,3.5233,0.1115,0.6421,-0.2177,0.1111,-0.4718,3.5233,0.1115,0.6421,3.5499,0.1424,0.8000,1,1,3.4295,-0.0411,0.6600,-0.3118,-0.0413,-0.4539,3.4295,-0.0411,0.6600,3.6465,-0.1416,0.8000,0,1
3.7447,0.0018,1.1166,-0.2243,0.0119,3.9933,0.0908,0.7475,0.2496,0.0860,-0.3691,3.9933,0.0908,0.7475,4.0348,0.1461,0.8000,0,1,3.9182,-0.1153,0.7350,0.1721,-0.1192,-0.3816,3.9182,-0.1153,0.7350,3.9402,-0.1379,0.8000,1,1,3.5229,0.1119,0.6428,-0.2205,0.1127,-0.4738,3.5229,0.1119,0.6428,3.5501,0.1414,0.8000,1,1,3.4922,-0.0204,0.6527,-0.2527,-0.0192,-0.4639,3.4922,-0.0204,0.6527,3.6514,-0.1425,0.8000,0,1
3.7475,0.0029,1.1172,-0.2213,0.0164,3.9755,0.0579,0.7409,0.2289,0.0513,-0.3763,3.9755,0.0579,0.7409,3.9720,0.1480,0.8000,1,1,3.9177,-0.1157,0.7348,0.1682,-0.1214,-0.3824,3.9177,-0.1157,0.7348,4.0416,-0.1359,0.8000,0,1,3.5224,0.1116,0.6430,-0.2233,0.1124,-0.4742,3.5224,0.1116,0.6430,3.6502,0.1417,0.8000,0,1,3.5337,-0.0292,0.6467,-0.2143,-0.0286,-0.4705,3.5337,-0.0292,0.6467,3.5899,-0.1423,0.8000,1,1
3.7511,0.0042,1.1160,-0.2133,0.0166,3.9756,0.0583,0.7409,0.2254,0.0504,-0.3751,3.9756,0.0583,0.7409,3.9735,0.1493,0.8000,1,1,3.9391,-0.1431,0.7420,0.1855,-0.1504,-0.3740,3.9391,-0.1431,0.7420,4.0452,-0.1346,0.8000,0,1,3.4823,0.1073,0.6481,-0.2671,0.1075,-0.4679,3.4823,0.1073,0.6481,3.6538,0.1429,0.8000,0,1,3.5339,-0.0288,0.6465,-0.2177,-0.0294,-0.4695,3.5339,-0.0288,0.6465,3.5915,-0.1410,0.8000,1,1
3.7540,0.0056,1.1157,-0.1969,0.0032,3.9763,0.0565,0.7410,0.2225,0.0502,-0.3747,3.9763,0.0565,0.7410,3.9764,0.1482,0.8000,1,1,3.9629,-0.0764,0.7542,0.2086,-0.0827,-0.3615,3.9629,-0.0764,0.7542,4.0463,-0.1358,0.8000,0,1,3.4396,0.0692,0.6628,-0.3142,0.0646,-0.4529,3.4396,0.0692,0.6628,3.6586,0.1469,0.8000,0,1,3.5347,-0.0308,0.6463,-0.2194,-0.0357,-0.4694,3.5347,-0.0308,0.6463,3.5905,-0.1371,0.8000,1,1
3.7565,0.0067,1.1139,-0.1732,0.0028,3.9763,0.0557,0.7409,0.2199,0.0484,-0.3730,3.9763,0.0557,0.7409,3.9770,0.1492,0.8000,1,1,3.9509,-0.0470,0.7660,0.1942,-0.0542,-0.3479,3.9509,-0.0470,0.7660,4.0487,-0.1348,0.8000,0,1,3.4048,0.0842,0.6758,-0.3515,0.0785,-0.4381,3.4048,0.0842,0.6758,3.6612,0.1482,0.8000,0,1,3.5347,-0.0317,0.6465,-0.2219,-0.0378,-0.4674,3.5347,-0.0317,0.6465,3.5909,-0.1358,0.8000,1,1
3.7596,0.0080,1.1115,-0.1557,0.0042,3.9762,0.0558,0.7409,0.2168,0.0469,-0.3706,3.9762,0.0558,0.7409,3.9778,0.1508,0.8000,1,1,3.9404,-0.0448,0.7790,0.1806,-0.0536,-0.3325,3.9404,-0.0448,0.7790,4.0520,-0.1332,0.8000,0,1,3.3996,0.0900,0.6891,-0.3597,0.0835,-0.4224,3.3996,0.0900,0.6891,3.6640,0.1491,0.8000,0,1,3.5346,-0.0317,0.6467,-0.2252,-0.0388,-0.4648,3.5346,-0.0317,0.6467,3.5922,-0.1349,0.8000,1,1
3.7627,0.0090,1.1088,-0.1437,0.0065,3.9763,0.0568,0.7411,0.2139,0.0464,-0.3677,3.9763,0.0568,0.7411,3.9786,0.1523,0.8000,1,1,3.9505,-0.0513,0.7919,0.1874,-0.0615,-0.3169,3.9505,-0.0513,0.7919,4.0554,-0.1317,0.8000,0,1,3.4068,0.0855,0.7026,-0.3554,0.0788,-0.4062,3.4068,0.0855,0.7026,3.6668,0.1498,0.8000,0,1,3.5348,-0.0307,0.6465,-0.2282,-0.0382,-0.4623,3.5348,-0.0307,0.6465,3.5936,-0.1342,0.8000,1,1
3.7659,0.0100,1.1058,-0.1429,0.0115,3.9762,0.0566,0.7410,0.2108,0.0442,-0.3648,3.9762,0.0566,0.7410,3.9791,0.1542,0.8000,1,1,3.9706,-0.0590,0.8040,0.2039,-0.0713,-0.3018,3.9706,-0.0590,0.8040,4.0594,-0.1298,0.8000,0,1,3.4081,0.0911,0.7148,-0.3568,0.0852,-0.3910,3.4081,0.0911,0.7148,3.6693,0.1497,0.8000,0,1,3.5346,-0.0309,0.6469,-0.2318,-0.0382,-0.4589,3.5346,-0.0309,0.6469,3.5956,-0.1343,0.8000,1,1
3.7690,0.0108,1.1035,-0.1420,0.0173,3.9761,0.0566,0.7410,0.2079,0.0422,-0.3625,3.9761,0.0566,0.7410,3.9794,0.1561,0.8000,1,1,3.9870,-0.0646,0.8137,0.2167,-0.0792,-0.2898,3.9870,-0.0646,0.8137,4.0633,-0.1279,0.8000,0,1,3.4172,0.0940,0.7246,-0.3503,0.0893,-0.3789,3.4172,0.0940,0.7246,3.6716,0.1494,0.8000,0,1,3.5345,-0.0309,0.6469,-0.2352,-0.0376,-0.4566,3.5345,-0.0309,0.6469,3.5975,-0.1345,0.8000,1,1
3.7722,0.0116,1.1020,-0.1408,0.0243,3.9762,0.0566,0.7410,0.2050,0.0400,-0.3610,3.9762,0.0566,0.7410,3.9795,0.1582,0.8000,1,1,3.9987,-0.0676,0.8199,0.2245,-0.0847,-0.2821,3.9987,-0.0676,0.8199,4.0674,-0.1257,0.8000,0,1,3.4150,0.0941,0.7310,-0.3551,0.0912,-0.3710,3.4150,0.0941,0.7310,3.6738,0.1488,0.8000,0,1,3.5346,-0.0308,0.6469,-0.2386,-0.0366,-0.4551,3.5346,-0.0308,0.6469,3.5997,-0.1351,0.8000,1,1
3.7751,0.0123,1.1015,-0.1358,0.0344,3.9762,0.0567,0.7410,0.2025,0.0375,-0.3605,3.9762,0.0567,0.7410,3.9789,0.1608,0.8000,1,1,4.0072,-0.0716,0.8213,0.2291,-0.0918,-0.2802,4.0072,-0.0716,0.8213,4.0717,-0.1230,0.8000,0,1,3.4047,0.0954,0.7324,-0.3673,0.0958,-0.3691,3.4047,0.0954,0.7324,3.6753,0.1475,0.8000,0,1,3.5347,-0.0307,0.6468,-0.2417,-0.0347,-0.4547,3.5347,-0.0307,0.6468,3.6021,-0.1363,0.8000,1,1
3.7778,0.0130,1.1022,-0.1296,0.0463,3.9763,0.0569,0.7411,0.2003,0.0347,-0.3611,3.9763,0.0569,0.7411,3.9779,0.1637,0.8000,1,1,4.0157,-0.0741,0.8177,0.2336,-0.0980,-0.2845,4.0157,-0.0741,0.8177,4.0760,-0.1200,0.8000,0,1,3.3976,0.0978,0.7287,-0.3759,0.1023,-0.3735,3.3976,0.0978,0.7287,3.6765,0.1458,0.8000,0,1,3.5348,-0.0305,0.6467,-0.2448,-0.0322,-0.4555,3.5348,-0.0305,0.6467,3.6046,-0.1379,0.8000,1,1
3.7805,0.0134,1.1040,-0.1305,0.0609,3.9767,0.0568,0.7412,0.1985,0.0314,-0.3628,3.9767,0.0568,0.7412,3.9763,0.1668,0.8000,1,1,4.0296,-0.0772,0.8103,0.2431,-0.1056,-0.2937,4.0296,-0.0772,0.8103,4.0806,-0.1167,0.8000,0,1,3.3726,0.1100,0.7205,-0.4013,0.1212,-0.3835,3.3726,0.1100,0.7205,3.6773,0.1433,0.8000,0,1,3.5353,-0.0305,0.6464,-0.2474,-0.0289,-0.4576,3.5353,-0.0305,0.6464,3.6075,-0.1402,0.8000,1,1
3.7832,0.0135,1.1064,-0.1424,0.0811,3.9763,0.0568,0.7410,0.1960,0.0275,-0.3654,3.9763,0.0568,0.7410,3.9739,0.1706,0.8000,1,1,4.0424,-0.0888,0.7997,0.2501,-0.1230,-0.3067,4.0424,-0.0888,0.7997,4.0859,-0.1124,0.8000,0,1,3.3695,0.1305,0.7121,-0.4029,0.1501,-0.3943,3.3695,0.1305,0.7121,3.6774,0.1393,0.8000,0,1,3.5349,-0.0306,0.6469,-0.2511,-0.0238,-0.4595,3.5349,-0.0306,0.6469,3.6114,-0.1438,0.8000,1,1
3.7861,0.0137,1.1088,-0.1690,0.0955,3.9760,0.0571,0.7408,0.1932,0.0251,-0.3680,3.9760,0.0571,0.7408,3.9725,0.1734,0.8000,1,1,4.0684,-0.1085,0.7868,0.2694,-0.1486,-0.3220,4.0684,-0.1085,0.7868,4.0906,-0.1093,0.8000,0,1,3.3924,0.1313,0.7027,-0.3807,0.1546,-0.4061,3.3924,0.1313,0.7027,3.6784,0.1365,0.8000,0,1,3.5344,-0.0303,0.6468,-0.2547,-0.0198,-0.4620,3.5344,-0.0303,0.6468,3.6145,-0.1462,0.8000,1,1
3.7887,0.0140,1.1111,-0.2022,0.0954,3.9756,0.0579,0.7408,0.1902,0.0259,-0.3703,3.9756,0.0579,0.7408,3.9731,0.1736,0.8000,1,1,4.1211,-0.1284,0.7730,0.3173,-0.1734,-0.3381,4.1211,-0.1284,0.7730,4.0931,-0.1091,0.8000,0,1,3.3968,0.1110,0.6905,-0.3809,0.1339,-0.4206,3.3968,0.1110,0.6905,3.6810,0.1368,0.8000,0,1,3.5338,-0.0294,0.6469,-0.2579,-0.0189,-0.4642,3.5338,-0.0294,0.6469,3.6151,-0.1459,0.8000,1,1
3.7910,0.0142,1.1134,-0.2320,0.0882,3.9756,0.0581,0.7407,0.1877,0.0275,-0.3727,3.9756,0.0581,0.7407,3.9746,0.1726,0.8000,1,1,4.1371,-0.1271,0.7638,0.3323,-0.1712,-0.3496,4.1371,-0.1271,0.7638,4.0946,-0.1103,0.8000,0,1,3.4190,0.0943,0.6785,-0.3635,0.1126,-0.4349,3.4190,0.0943,0.6785,3.6843,0.1385,0.8000,0,1,3.5339,-0.0291,0.6469,-0.2599,-0.0205,-0.4665,3.5339,-0.0291,0.6469,3.6143,-0.1444,0.8000,1,1
3.7939,0.0144,1.1161,-0.2629,0.0772,3.9755,0.0577,0.7406,0.1844,0.0292,-0.3755,3.9755,0.0577,0.7406,3.9772,0.1707,0.8000,1,1,4.1106,-0.0934,0.7549,0.3074,-0.1319,-0.3612,4.1106,-0.0934,0.7549,4.0961,-0.1124,0.8000,0,1,3.4857,0.0754,0.6689,-0.3026,0.0846,-0.4472,3.4857,0.0754,0.6689,3.6886,0.1409,0.8000,0,1,3.5337,-0.0296,0.6470,-0.2628,-0.0238,-0.4691,3.5337,-0.0296,0.6470,3.6135,-0.1423,0.8000,1,1
3.7967,0.0143,1.1183,-0.2801,0.0671,3.9758,0.0571,0.7406,0.1816,0.0307,-0.3777,3.9758,0.0571,0.7406,3.9795,0.1689,0.8000,1,1,4.0813,-0.0684,0.7474,0.2784,-0.1016,-0.3709,4.0813,-0.0684,0.7474,4.0976,-0.1145,0.8000,0,1,3.5515,0.0695,0.6623,-0.2409,0.0715,-0.4560,3.5515,0.0695,0.6623,3.6926,0.1429,0.8000,0,1,3.5341,-0.0304,0.6468,-0.2650,-0.0270,-0.4715,3.5341,-0.0304,0.6468,3.6126,-0.1404,0.8000,1,1
3.7991,0.0141,1.1194,-0.2905,0.0582,4.0054,0.0497,0.7422,0.2080,0.0235,-0.3772,4.0054,0.0497,0.7422,4.0823,0.1671,0.8000,0,1,4.0611,-0.0629,0.7450,0.2571,-0.0921,-0.3744,4.0611,-0.0629,0.7450,4.0329,-0.1165,0.8000,1,1,3.5831,0.0667,0.6602,-0.2126,0.0651,-0.4592,3.5831,0.0667,0.6602,3.6302,0.1445,0.8000,1,1,3.5328,-0.0382,0.6488,-0.2689,-0.0367,-0.4706,3.5328,-0.0382,0.6488,3.7127,-0.1390,0.8000,0,1
3.8023,0.0135,1.1196,-0.2752,0.0473,4.0269,0.0507,0.7493,0.2261,0.0265,-0.3703,4.0269,0.0507,0.7493,4.0872,0.1644,0.8000,0,1,4.0618,-0.0626,0.7454,0.2556,-0.0883,-0.3742,4.0618,-0.0626,0.7454,4.0326,-0.1193,0.8000,1,1,3.5840,0.0670,0.6598,-0.2155,0.0638,-0.4598,3.5840,0.0670,0.6598,3.6328,0.1461,0.8000,1,1,3.4905,-0.0646,0.6549,-0.3151,-0.0633,-0.4647,3.4905,-0.0646,0.6549,3.7142,-0.1376,0.8000,0,1
3.8053,0.0127,1.1182,-0.2342,0.0260,3.9849,0.0732,0.7603,0.1811,0.0558,-0.3579,3.9849,0.0732,0.7603,4.0934,0.1596,0.8000,0,1,4.0621,-0.0627,0.7457,0.2548,-0.0821,-0.3725,4.0621,-0.0627,0.7457,4.0308,-0.1243,0.8000,1,1,3.5843,0.0670,0.6595,-0.2195,0.0600,-0.4587,3.5843,0.0670,0.6595,3.6367,0.1496,0.8000,1,1,3.4615,-0.1021,0.6730,-0.3467,-0.1058,-0.4452,3.4615,-0.1021,0.6730,3.7141,-0.1343,0.8000,0,1
3.8087,0.0116,1.1166,-0.1935,0.0194,3.9596,0.0753,0.7732,0.1521,0.0608,-0.3434,3.9596,0.0753,0.7732,4.0977,0.1573,0.8000,0,1,4.0624,-0.0630,0.7460,0.2522,-0.0795,-0.3706,4.0624,-0.0630,0.7460,4.0312,-0.1267,0.8000,1,1,3.5847,0.0667,0.6593,-0.2229,0.0594,-0.4573,3.5847,0.0667,0.6593,3.6390,0.1498,0.8000,1,1,3.4371,-0.0917,0.6862,-0.3735,-0.0961,-0.4304,3.4371,-0.0917,0.6862,3.7165,-0.1342,0.8000,0,1
3.8116,0.0106,1.1147,-0.1613,0.0165,3.9700,0.0718,0.7861,0.1594,0.0586,-0.3286,3.9700,0.0718,0.7861,4.1010,0.1557,0.8000,0,1,4.0620,-0.0635,0.7459,0.2491,-0.0782,-0.3688,4.0620,-0.0635,0.7459,4.0317,-0.1282,0.8000,1,1,3.5843,0.0662,0.6594,-0.2264,0.0593,-0.4553,3.5843,0.0662,0.6594,3.6403,0.1493,0.8000,1,1,3.4349,-0.0636,0.7017,-0.3779,-0.0680,-0.4130,3.4349,-0.0636,0.7017,3.7190,-0.1346,0.8000,0,1
3.8142,0.0099,1.1122,-0.1322,0.0074,3.9831,0.0762,0.7990,0.1694,0.0650,-0.3132,3.9831,0.0762,0.7990,4.1049,0.1533,0.8000,0,1,4.0622,-0.0634,0.7460,0.2475,-0.0751,-0.3662,4.0622,-0.0634,0.7460,4.0310,-0.1307,0.8000,1,1,3.5845,0.0664,0.6594,-0.2293,0.0582,-0.4528,3.5845,0.0664,0.6594,3.6421,0.1505,0.8000,1,1,3.4100,-0.0610,0.7152,-0.4047,-0.0679,-0.3970,3.4100,-0.0610,0.7152,3.7202,-0.1335,0.8000,0,1
3.8167,0.0094,1.1094,-0.1126,-0.0037,3.9965,0.0863,0.8101,0.1795,0.0776,-0.2993,3.9965,0.0863,0.8101,4.1090,0.1507,0.8000,0,1,4.0622,-0.0634,0.7461,0.2458,-0.0719,-0.3633,4.0622,-0.0634,0.7461,4.0300,-0.1333,0.8000,1,1,3.5846,0.0664,0.6594,-0.2323,0.0561,-0.4500,3.5846,0.0664,0.6594,3.6442,0.1522,0.8000,1,1,3.3931,-0.0631,0.7266,-0.4233,-0.0741,-0.3828,3.3931,-0.0631,0.7266,3.7212,-0.1318,0.8000,0,1
3.8194,0.0091,1.1066,-0.1047,-0.0129,4.0129,0.0932,0.8181,0.1924,0.0866,-0.2885,4.0129,0.0932,0.8181,4.1130,0.1486,0.8000,0,1,4.0621,-0.0635,0.7460,0.2436,-0.0695,-0.3606,4.0621,-0.0635,0.7460,4.0294,-0.1354,0.8000,1,1,3.5845,0.0663,0.6594,-0.2356,0.0542,-0.4472,3.5845,0.0663,0.6594,3.6463,0.1536,0.8000,1,1,3.4021,-0.0542,0.7348,-0.4164,-0.0687,-0.3718,3.4021,-0.0542,0.7348,3.7226,-0.1304,0.8000,0,1
3.8221,0.0090,1.1043,-0.1021,-0.0228,4.0292,0.0981,0.8220,0.2050,0.0938,-0.2823,4.0292,0.0981,0.8220,4.1171,0.1465,0.8000,0,1,4.0621,-0.0635,0.7460,0.2416,-0.0670,-0.3583,4.0621,-0.0635,0.7460,4.0286,-0.1374,0.8000,1,1,3.5844,0.0663,0.6595,-0.2389,0.0519,-0.4448,3.5844,0.0663,0.6595,3.6484,0.1554,0.8000,1,1,3.4170,-0.0485,0.7393,-0.4037,-0.0667,-0.3650,3.4170,-0.0485,0.7393,3.7239,-0.1286,0.8000,0,1
3.8247,0.0090,1.1026,-0.1023,-0.0343,4.0460,0.1039,0.8207,0.2179,0.1024,-0.2819,4.0460,0.1039,0.8207,4.1213,0.1443,0.8000,0,1,4.0620,-0.0635,0.7460,0.2396,-0.0643,-0.3566,4.0620,-0.0635,0.7460,4.0276,-0.1395,0.8000,1,1,3.5844,0.0663,0.6595,-0.2421,0.0490,-0.4431,3.5844,0.0663,0.6595,3.6507,0.1576,0.8000,1,1,3.4213,-0.0494,0.7381,-0.4012,-0.0722,-0.3645,3.4213,-0.0494,0.7381,3.7250,-0.1263,0.8000,0,1
3.8274,0.0091,1.1018,-0.1055,-0.0474,4.0661,0.1108,0.8150,0.2336,0.1129,-0.2868,4.0661,0.1108,0.8150,4.1257,0.1419,0.8000,0,1,4.0621,-0.0635,0.7460,0.2379,-0.0614,-0.3558,4.0621,-0.0635,0.7460,4.0263,-0.1418,0.8000,1,1,3.5845,0.0663,0.6594,-0.2453,0.0456,-0.4424,3.5845,0.0663,0.6594,3.6534,0.1602,0.8000,1,1,3.4152,-0.0569,0.7324,-0.4086,-0.0855,-0.3694,3.4152,-0.0569,0.7324,3.7259,-0.1235,0.8000,0,1
3.8302,0.0096,1.1019,-0.1153,-0.0651,4.0939,0.1227,0.8058,0.2558,0.1300,-0.2961,4.0939,0.1227,0.8058,4.1308,0.1388,0.8000,0,1,4.0621,-0.0632,0.7459,0.2361,-0.0576,-0.3560,4.0621,-0.0632,0.7459,4.0243,-0.1446,0.8000,1,1,3.5844,0.0664,0.6595,-0.2490,0.0407,-0.4424,3.5844,0.0664,0.6595,3.6568,0.1640,0.8000,1,1,3.3926,-0.0812,0.7229,-0.4308,-0.1191,-0.3790,3.3926,-0.0812,0.7229,3.7264,-0.1194,0.8000,0,1
3.8323,0.0104,1.1028,-0.1255,-0.0861,4.1276,0.1402,0.7938,0.2830,0.1547,-0.3090,4.1276,0.1402,0.7938,4.1356,0.1354,0.8000,0,1,4.0616,-0.0631,0.7456,0.2348,-0.0535,-0.3572,4.0616,-0.0631,0.7456,4.0212,-0.1475,0.8000,1,1,3.5839,0.0667,0.6597,-0.2523,0.0347,-0.4431,3.5839,0.0667,0.6597,3.6602,0.1687,0.8000,1,1,3.4183,-0.1002,0.7177,-0.4030,-0.1458,-0.3851,3.4183,-0.1002,0.7177,3.7258,-0.1143,0.8000,0,1
3.8349,0.0111,1.1037,-0.1432,-0.0938,4.1742,0.1622,0.7802,0.3237,0.1822,-0.3235,4.1742,0.1622,0.7802,4.1392,0.1345,0.8000,0,1,4.0615,-0.0637,0.7456,0.2326,-0.0532,-0.3581,4.0615,-0.0637,0.7456,4.0206,-0.1483,0.8000,1,1,3.5836,0.0660,0.6598,-0.2553,0.0311,-0.4439,3.5836,0.0660,0.6598,3.6621,0.1707,0.8000,1,1,3.4240,-0.0844,0.7061,-0.4001,-0.1336,-0.3976,3.4240,-0.0844,0.7061,3.7275,-0.1120,0.8000,0,1
3.8377,0.0118,1.1043,-0.1637,-0.0927,4.2079,0.1805,0.7686,0.3530,0.2022,-0.3357,4.2079,0.1805,0.7686,4.1419,0.1354,0.8000,0,1,4.0614,-0.0643,0.7457,0.2298,-0.0551,-0.3586,4.0614,-0.0643,0.7457,4.0216,-0.1474,0.8000,1,1,3.5835,0.0653,0.6598,-0.2581,0.0297,-0.4445,3.5835,0.0653,0.6598,3.6627,0.1712,0.8000,1,1,3.4318,-0.0636,0.6933,-0.3972,-0.1126,-0.4110,3.4318,-0.0636,0.6933,3.7304,-0.1116,0.8000,0,1
3.8414,0.0124,1.1058,-0.1880,-0.0845,4.2031,0.1687,0.7598,0.3472,0.1863,-0.3460,4.2031,0.1687,0.7598,4.1445,0.1377,0.8000,0,1,4.0611,-0.0644,0.7455,0.2254,-0.0580,-0.3603,4.0611,-0.0644,0.7455,4.0245,-0.1453,0.8000,1,1,3.5832,0.0655,0.6598,-0.2618,0.0311,-0.4460,3.5832,0.0655,0.6598,3.6631,0.1703,0.8000,1,1,3.5154,-0.0366,0.6863,-0.3207,-0.0763,-0.4195,3.5154,-0.0366,0.6863,3.7351,-0.1127,0.8000,0,1
3.8457,0.0131,1.1086,-0.2056,-0.0751,4.1909,0.1387,0.7515,0.3348,0.1511,-0.3571,4.1909,0.1387,0.7515,4.1476,0.1403,0.8000,0,1,4.0611,-0.0638,0.7453,0.2206,-0.0605,-0.3633,4.0611,-0.0638,0.7453,4.0283,-0.1429,0.8000,1,1,3.5833,0.0662,0.6599,-0.2656,0.0333,-0.4487,3.5833,0.0662,0.6599,3.6639,0.1693,0.8000,1,1,3.6081,-0.0293,0.6795,-0.2337,-0.0601,-0.4291,3.6081,-0.0293,0.6795,3.7406,-0.1139,0.8000,0,1
3.8503,0.0140,1.1102,-0.2170,-0.0652,4.1804,0.1356,0.7460,0.3215,0.1428,-0.3642,4.1804,0.1356,0.7460,4.0859,0.1432,0.8000,1,1,4.0610,-0.0631,0.7449,0.2153,-0.0632,-0.3653,4.0610,-0.0631,0.7449,4.1324,-0.1402,0.8000,0,1,3.5831,0.0670,0.6598,-0.2701,0.0355,-0.4504,3.5831,0.0670,0.6598,3.7649,0.1684,0.8000,0,1,3.6630,-0.0370,0.6737,-0.1836,-0.0631,-0.4365,3.6630,-0.0370,0.6737,3.6814,-0.1150,0.8000,1,1
3.8547,0.0151,1.1108,-0.2120,-0.0528,4.1803,0.1361,0.7462,0.3188,0.1380,-0.3646,4.1803,0.1361,0.7462,4.0867,0.1468,0.8000,1,1,4.1321,-0.0902,0.7524,0.2826,-0.0905,-0.3584,4.1321,-0.0902,0.7524,4.1387,-0.1368,0.8000,0,1,3.5619,0.0918,0.6645,-0.2964,0.0611,-0.4463,3.5619,0.0918,0.6645,3.7675,0.1672,0.8000,0,1,3.6630,-0.0365,0.6736,-0.1887,-0.0616,-0.4372,3.6630,-0.0365,0.6736,3.6855,-0.1164,0.8000,1,1
3.8594,0.0162,1.1114,-0.1876,-0.0317,4.1806,0.1357,0.7463,0.3173,0.1296,-0.3651,4.1806,0.1357,0.7463,4.0866,0.1521,0.8000,1,1,4.1148,-0.0963,0.7612,0.2588,-0.1043,-0.3502,4.1148,-0.0963,0.7612,4.1466,-0.1318,0.8000,0,1,3.4864,0.1344,0.6869,-0.3766,0.1063,-0.4245,3.4864,0.1344,0.6869,3.7690,0.1643,0.8000,0,1,3.6633,-0.0370,0.6734,-0.1943,-0.0594,-0.4380,3.6633,-0.0370,0.6734,3.6910,-0.1196,0.8000,1,1
3.8639,0.0174,1.1121,-0.1525,-0.0204,4.1811,0.1357,0.7468,0.3147,0.1247,-0.3653,4.1811,0.1357,0.7468,4.0875,0.1554,0.8000,1,1,4.0652,-0.0716,0.7742,0.2031,-0.0849,-0.3379,4.0652,-0.0716,0.7742,4.1527,-0.1285,0.8000,0,1,3.4668,0.1179,0.7018,-0.3991,0.0924,-0.4103,3.4668,0.1179,0.7018,3.7718,0.1633,0.8000,0,1,3.6640,-0.0368,0.6730,-0.1988,-0.0583,-0.4391,3.6640,-0.0368,0.6730,3.6950,-0.1206,0.8000,1,1
3.8676,0.0183,1.1115,-0.1300,-0.0163,4.1808,0.1361,0.7467,0.3112,0.1229,-0.3648,4.1808,0.1361,0.7467,4.0887,0.1571,0.8000,1,1,4.0556,-0.0604,0.7871,0.1893,-0.0756,-0.3244,4.0556,-0.0604,0.7871,4.1571,-0.1268,0.8000,0,1,3.4543,0.0810,0.7172,-0.4143,0.0560,-0.3943,3.4543,0.0810,0.7172,3.7749,0.1634,0.8000,0,1,3.6637,-0.0367,0.6731,-0.2030,-0.0583,-0.4384,3.6637,-0.0367,0.6731,3.6973,-0.1205,0.8000,1,1
3.8703,0.0186,1.1108,-0.1047,-0.0058,4.1810,0.1358,0.7468,0.3100,0.1190,-0.3640,4.1810,0.1358,0.7468,4.0879,0.1595,0.8000,1,1,4.0543,-0.0631,0.8003,0.1845,-0.0806,-0.3105,4.0543,-0.0631,0.8003,4.1612,-0.1245,0.8000,0,1,3.4373,0.0786,0.7312,-0.4333,0.0575,-0.3796,3.4373,0.0786,0.7312,3.7761,0.1618,0.8000,0,1,3.6640,-0.0370,0.6730,-0.2060,-0.0568,-0.4378,3.6640,-0.0370,0.6730,3.6994,-0.1222,0.8000,1,1
3.8727,0.0186,1.1101,-0.0882,0.0049,4.1810,0.1357,0.7467,0.3089,0.1156,-0.3634,4.1810,0.1357,0.7467,4.0869,0.1615,0.8000,1,1,4.0582,-0.0700,0.8124,0.1851,-0.0895,-0.2977,4.0582,-0.0700,0.8124,4.1653,-0.1225,0.8000,0,1,3.4200,0.0912,0.7434,-0.4523,0.0748,-0.3667,3.4200,0.0912,0.7434,3.7771,0.1596,0.8000,0,1,3.6639,-0.0371,0.6730,-0.2091,-0.0547,-0.4371,3.6639,-0.0371,0.6730,3.7015,-0.1244,0.8000,1,1
3.8751,0.0182,1.1097,-0.0790,0.0135,4.1808,0.1356,0.7466,0.3073,0.1133,-0.3631,4.1808,0.1356,0.7466,4.0860,0.1628,0.8000,1,1,4.0648,-0.0756,0.8221,0.1884,-0.0964,-0.2876,4.0648,-0.0756,0.8221,4.1689,-0.1212,0.8000,0,1,3.4126,0.1069,0.7534,-0.4613,0.0949,-0.3563,3.4126,0.1069,0.7534,3.7783,0.1576,0.8000,0,1,3.6638,-0.0373,0.6731,-0.2120,-0.0526,-0.4366,3.6638,-0.0373,0.6731,3.7031,-0.1264,0.8000,1,1
3.8775,0.0177,1.1099,-0.0737,0.0181,4.1808,0.1354,0.7465,0.3054,0.1122,-0.3634,4.1808,0.1354,0.7465,4.0857,0.1631,0.8000,1,1,4.0716,-0.0812,0.8283,0.1923,-0.1024,-0.2816,4.0716,-0.0812,0.8283,4.1719,-0.1208,0.8000,0,1,3.4128,0.1178,0.7600,-0.4628,0.1085,-0.3499,3.4128,0.1178,0.7600,3.7800,0.1561,0.8000,0,1,3.6637,-0.0375,0.6732,-0.2148,-0.0513,-0.4367,3.6637,-0.0375,0.6732,3.7041,-0.1278,0.8000,1,1
3.8802,0.0170,1.1104,-0.0757,0.0152,4.1809,0.1355,0.7466,0.3025,0.1139,-0.3638,4.1809,0.1355,0.7466,4.0869,0.1619,0.8000,1,1,4.0822,-0.0894,0.8297,0.2004,-0.1095,-0.2807,4.0822,-0.0894,0.8297,4.1742,-0.1221,0.8000,0,1,3.4108,0.1116,0.7612,-0.4679,0.1017,-0.3492,3.4108,0.1116,0.7612,3.7831,0.1560,0.8000,0,1,3.6639,-0.0374,0.6731,-0.2171,-0.0511,-0.4373,3.6639,-0.0374,0.6731,3.7044,-0.1279,0.8000,1,1
3.8831,0.0162,1.1113,-0.0864,0.0076,4.1807,0.1357,0.7465,0.2985,0.1172,-0.3648,4.1807,0.1357,0.7465,4.0888,0.1596,0.8000,1,1,4.0973,-0.0985,0.8259,0.2133,-0.1163,-0.2854,4.0973,-0.0985,0.8259,4.1760,-0.1244,0.8000,0,1,3.4366,0.0932,0.7595,-0.4459,0.0804,-0.3518,3.4366,0.0932,0.7595,3.7870,0.1567,0.8000,0,1,3.6636,-0.0373,0.6732,-0.2199,-0.0518,-0.4381,3.6636,-0.0373,0.6732,3.7042,-0.1273,0.8000,1,1
3.8859,0.0149,1.1125,-0.0958,0.0023,4.1808,0.1356,0.7466,0.2952,0.1200,-0.3659,4.1808,0.1356,0.7466,4.0904,0.1574,0.8000,1,1,4.1118,-0.1111,0.8184,0.2256,-0.1265,-0.2941,4.1118,-0.1111,0.8184,4.1780,-0.1266,0.8000,0,1,3.4480,0.0952,0.7529,-0.4377,0.0813,-0.3596,3.4480,0.0952,0.7529,3.7906,0.1565,0.8000,0,1,3.6638,-0.0374,0.6731,-0.2222,-0.0518,-0.4394,3.6638,-0.0374,0.6731,3.7042,-0.1275,0.8000,1,1
3.8889,0.0132,1.1138,-0.1114,0.0005,4.1804,0.1355,0.7462,0.2916,0.1222,-0.3676,4.1804,0.1355,0.7462,4.0917,0.1553,0.8000,1,1,4.1319,-0.1367,0.8077,0.2429,-0.1500,-0.3061,4.1319,-0.1367,0.8077,4.1808,-0.1287,0.8000,0,1,3.4409,0.1212,0.7435,-0.4479,0.1082,-0.3703,3.4409,0.1212,0.7435,3.7939,0.1551,0.8000,0,1,3.6633,-0.0375,0.6733,-0.2256,-0.0506,-0.4405,3.6633,-0.0375,0.6733,3.7050,-0.1289,0.8000,1,1
3.8919,0.0114,1.1152,-0.1242,-0.0056,4.1805,0.1357,0.7463,0.2879,0.1259,-0.3689,4.1805,0.1357,0.7463,4.0935,0.1523,0.8000,1,1,4.1565,-0.1744,0.7951,0.2656,-0.1843,-0.3201,4.1565,-0.1744,0.7951,4.1829,-0.1317,0.8000,0,1,3.4597,0.1325,0.7364,-0.4329,0.1187,-0.3788,3.4597,0.1325,0.7364,3.7977,0.1545,0.8000,0,1,3.6634,-0.0374,0.6732,-0.2282,-0.0501,-0.4420,3.6634,-0.0374,0.6732,3.7051,-0.1295,0.8000,1,1
3.8958,0.0099,1.1160,-0.1459,-0.0251,4.1805,0.1366,0.7466,0.2814,0.1338,-0.3694,4.1805,0.1366,0.7466,4.0981,0.1470,0.8000,1,1,4.1885,-0.2166,0.7821,0.2983,-0.2191,-0.3339,4.1885,-0.2166,0.7821,4.1839,-0.1369,0.8000,0,1,3.4871,0.1125,0.7240,-0.4111,0.0923,-0.3920,3.4871,0.1125,0.7240,3.8044,0.1567,0.8000,0,1,3.6635,-0.0366,0.6731,-0.2311,-0.0523,-0.4429,3.6635,-0.0366,0.6731,3.7042,-0.1272,0.8000,1,1
3.8995,0.0080,1.1176,-0.1642,-0.0428,4.1800,0.1365,0.7461,0.2747,0.1404,-0.3715,4.1800,0.1365,0.7461,4.1022,0.1416,0.8000,1,1,4.1912,-0.2245,0.7714,0.3014,-0.2198,-0.3462,4.1912,-0.2245,0.7714,4.1851,-0.1421,0.8000,0,1,3.6004,0.0995,0.7192,-0.3027,0.0786,-0.3984,3.6004,0.0995,0.7192,3.8108,0.1582,0.8000,0,1,3.6630,-0.0369,0.6732,-0.2344,-0.0550,-0.4444,3.6630,-0.0369,0.6732,3.7036,-0.1256,0.8000,1,1
3.9040,0.0058,1.1200,-0.1783,-0.0588,4.1799,0.1363,0.7459,0.2678,0.1465,-0.3741,4.1799,0.1363,0.7459,4.1068,0.1363,0.8000,1,1,4.1771,-0.2046,0.7609,0.2850,-0.1940,-0.3591,4.1771,-0.2046,0.7609,4.1871,-0.1472,0.8000,0,1,3.6574,0.1035,0.7096,-0.2519,0.0830,-0.4104,3.6574,0.1035,0.7096,3.8176,0.1590,0.8000,0,1,3.6629,-0.0372,0.6733,-0.2382,-0.0571,-0.4467,3.6629,-0.0372,0.6733,3.7040,-0.1245,0.8000,1,1
3.9086,0.0036,1.1218,-0.1821,-0.0713,4.1797,0.1358,0.7455,0.2610,0.1512,-0.3763,4.1797,0.1358,0.7455,4.1110,0.1315,0.8000,1,1,4.1634,-0.1908,0.7532,0.2680,-0.1758,-0.3686,4.1634,-0.1908,0.7532,4.1898,-0.1517,0.8000,0,1,3.6886,0.1132,0.7018,-0.2272,0.0936,-0.4200,3.6886,0.1132,0.7018,3.8242,0.1591,0.8000,0,1,3.6626,-0.0378,0.6734,-0.2424,-0.0588,-0.4484,3.6626,-0.0378,0.6734,3.7050,-0.1242,0.8000,1,1
3.9131,0.0012,1.1223,-0.1673,-0.0824,4.1859,0.1536,0.7480,0.2593,0.1743,-0.3743,4.1859,0.1536,0.7480,4.2160,0.1270,0.8000,0,1,4.1555,-0.1868,0.7499,0.2571,-0.1674,-0.3724,4.1555,-0.1868,0.7499,4.1266,-0.1561,0.8000,1,1,3.7060,0.1157,0.6994,-0.2158,0.0971,-0.4229,3.7060,0.1157,0.6994,3.7645,0.1588,0.8000,1,1,3.6531,-0.0487,0.6758,-0.2550,-0.0711,-0.4465,3.6531,-0.0487,0.6758,3.8071,-0.1242,0.8000,0,1
3.9182,-0.0012,1.1230,-0.1486,-0.0922,4.1828,0.1390,0.7564,0.2506,0.1640,-0.3666,4.1828,0.1390,0.7564,4.2223,0.1226,0.8000,0,1,4.1561,-0.1858,0.7497,0.2539,-0.1619,-0.3733,4.1561,-0.1858,0.7497,4.1281,-0.1602,0.8000,1,1,3.7066,0.1167,0.6993,-0.2216,0.0979,-0.4237,3.7066,0.1167,0.6993,3.7691,0.1582,0.8000,1,1,3.5839,-0.0708,0.6828,-0.3265,-0.1001,-0.4402,3.5839,-0.0708,0.6828,3.8110,-0.1246,0.8000,0,1
3.9227,-0.0036,1.1239,-0.1146,-0.0990,4.1425,0.1000,0.7687,0.2085,0.1248,-0.3552,4.1425,0.1000,0.7687,4.2276,0.1188,0.8000,0,1,4.1570,-0.1852,0.7498,0.2511,-0.1576,-0.3741,4.1570,-0.1852,0.7498,4.1296,-0.1638,0.8000,1,1,3.7077,0.1173,0.6987,-0.2259,0.0991,-0.4252,3.7077,0.1173,0.6987,3.7727,0.1570,0.8000,1,1,3.5386,-0.0822,0.7153,-0.3745,-0.1162,-0.4086,3.5386,-0.0822,0.7153,3.8147,-0.1256,0.8000,0,1
3.9281,-0.0062,1.1237,-0.0980,-0.0877,4.1311,0.0652,0.7817,0.1960,0.0889,-0.3420,4.1311,0.0652,0.7817,4.2316,0.1185,0.8000,0,1,4.1566,-0.1851,0.7495,0.2433,-0.1582,-0.3742,4.1566,-0.1851,0.7495,4.1348,-0.1644,0.8000,1,1,3.7074,0.1177,0.6988,-0.2307,0.1041,-0.4249,3.7074,0.1177,0.6988,3.7743,0.1524,0.8000,1,1,3.5162,-0.0476,0.7357,-0.4067,-0.0773,-0.3880,3.5162,-0.0476,0.7357,3.8214,-0.1305,0.8000,0,1
3.9324,-0.0081,1.1233,-0.0684,-0.0855,4.1259,0.0564,0.7952,0.1873,0.0808,-0.3281,4.1259,0.0564,0.7952,4.2356,0.1170,0.8000,0,1,4.1569,-0.1848,0.7496,0.2388,-0.1569,-0.3737,4.1569,-0.1848,0.7496,4.1374,-0.1659,0.8000,1,1,3.7079,0.1181,0.6987,-0.2345,0.1066,-0.4246,3.7079,0.1181,0.6987,3.7762,0.1501,0.8000,1,1,3.5130,-0.0593,0.7526,-0.4135,-0.0868,-0.3707,3.5130,-0.0593,0.7526,3.8260,-0.1329,0.8000,0,1
3.9367,-0.0094,1.1229,-0.0435,-0.0884,4.1247,0.0598,0.8078,0.1812,0.0855,-0.3151,4.1247,0.0598,0.8078,4.2403,0.1152,0.8000,0,1,4.1565,-0.1847,0.7494,0.2344,-0.1552,-0.3735,4.1565,-0.1847,0.7494,4.1393,-0.1677,0.8000,1,1,3.7075,0.1183,0.6989,-0.2396,0.1070,-0.4240,3.7075,0.1183,0.6989,3.7790,0.1493,0.8000,1,1,3.4784,-0.0943,0.7691,-0.4490,-0.1250,-0.3538,3.4784,-0.0943,0.7691,3.8300,-0.1336,0.8000,0,1
3.9412,-0.0105,1.1226,-0.0208,-0.0862,4.1244,0.0624,0.8190,0.1762,0.0884,-0.3036,4.1244,0.0624,0.8190,4.2446,0.1144,0.8000,0,1,4.1567,-0.1847,0.7495,0.2297,-0.1550,-0.3731,4.1567,-0.1847,0.7495,4.1421,-0.1685,0.8000,1,1,3.7077,0.1183,0.6988,-0.2437,0.1082,-0.4238,3.7077,0.1183,0.6988,3.7812,0.1477,0.8000,1,1,3.4770,-0.1098,0.7822,-0.4539,-0.1389,-0.3404,3.4770,-0.1098,0.7822,3.8347,-0.1352,0.8000,0,1
3.9466,-0.0118,1.1222,-0.0103,-0.0744,4.1341,0.0667,0.8272,0.1811,0.0922,-0.2950,4.1341,0.0667,0.8272,4.2484,0.1156,0.8000,0,1,4.1569,-0.1849,0.7497,0.2226,-0.1570,-0.3725,4.1569,-0.1849,0.7497,4.1473,-0.1676,0.8000,1,1,3.7080,0.1181,0.6986,-0.2476,0.1118,-0.4236,3.7080,0.1181,0.6986,3.7827,0.1444,0.8000,1,1,3.4753,-0.1029,0.7897,-0.4632,-0.1259,-0.3325,3.4753,-0.1029,0.7897,3.8416,-0.1389,0.8000,0,1
3.9522,-0.0124,1.1220,-0.0156,-0.0606,4.1495,0.0715,0.8309,0.1919,0.0957,-0.2911,4.1495,0.0715,0.8309,4.2523,0.1177,0.8000,0,1,4.1568,-0.1850,0.7497,0.2147,-0.1599,-0.3723,4.1568,-0.1850,0.7497,4.1531,-0.1658,0.8000,1,1,3.7078,0.1181,0.6987,-0.2519,0.1155,-0.4233,3.7078,0.1181,0.6987,3.7842,0.1411,0.8000,1,1,3.5428,-0.0906,0.7930,-0.4039,-0.1029,-0.3290,3.5428,-0.0906,0.7930,3.8490,-0.1423,0.8000,0,1
3.9579,-0.0122,1.1228,-0.0261,-0.0479,4.1604,0.0703,0.8297,0.1983,0.0921,-0.2931,4.1604,0.0703,0.8297,4.2562,0.1205,0.8000,0,1,4.1563,-0.1847,0.7493,0.2064,-0.1628,-0.3735,4.1563,-0.1847,0.7493,4.1586,-0.1632,0.8000,1,1,3.7075,0.1186,0.6990,-0.2564,0.1187,-0.4238,3.7075,0.1186,0.6990,3.7859,0.1390,0.8000,1,1,3.6807,-0.0917,0.7994,-0.2731,-0.0927,-0.3234,3.6807,-0.0917,0.7994,3.8563,-0.1447,0.8000,0,1
3.9640,-0.0115,1.1237,-0.0426,-0.0357,4.1764,0.0808,0.8239,0.2090,0.0998,-0.2998,4.1764,0.0808,0.8239,4.2608,0.1236,0.8000,0,1,4.1562,-0.1846,0.7492,0.1983,-0.1661,-0.3745,4.1562,-0.1846,0.7492,4.1646,-0.1603,0.8000,1,1,3.7074,0.1188,0.6990,-0.2611,0.1211,-0.4247,3.7074,0.1188,0.6990,3.7882,0.1374,0.8000,1,1,3.7570,-0.1092,0.7950,-0.2034,-0.1050,-0.3287,3.7570,-0.1092,0.7950,3.8641,-0.1464,0.8000,0,1
3.9705,-0.0105,1.1247,-0.0618,-0.0223,4.1972,0.1016,0.8147,0.2241,0.1171,-0.3100,4.1972,0.1016,0.8147,4.2654,0.1272,0.8000,0,1,4.1562,-0.1845,0.7491,0.1895,-0.1698,-0.3756,4.1562,-0.1845,0.7491,4.1711,-0.1568,0.8000,1,1,3.7074,0.1189,0.6991,-0.2659,0.1235,-0.4256,3.7074,0.1189,0.6991,3.7907,0.1358,0.8000,1,1,3.8048,-0.1271,0.7860,-0.1631,-0.1203,-0.3387,3.8048,-0.1271,0.7860,3.8724,-0.1481,0.8000,0,1
3.9771,-0.0092,1.1259,-0.0790,-0.0082,4.2194,0.1312,0.8033,0.2411,0.1424,-0.3226,4.2194,0.1312,0.8033,4.2701,0.1312,0.8000,0,1,4.1562,-0.1845,0.7491,0.1805,-0.1738,-0.3768,4.1562,-0.1845,0.7491,4.1778,-0.1528,0.8000,1,1,3.7074,0.1190,0.6991,-0.2707,0.1260,-0.4268,3.7074,0.1190,0.6991,3.7933,0.1344,0.8000,1,1,3.8444,-0.1489,0.7746,-0.1316,-0.1408,-0.3513,3.8444,-0.1489,0.7746,3.8810,-0.1496,0.8000,0,1
3.9838,-0.0077,1.1270,-0.0921,0.0053,4.2389,0.1672,0.7908,0.2560,0.1735,-0.3362,4.2389,0.1672,0.7908,4.2748,0.1353,0.8000,0,1,4.1561,-0.1843,0.7489,0.1714,-0.1775,-0.3781,4.1561,-0.1843,0.7489,4.1843,-0.1487,0.8000,1,1,3.7073,0.1193,0.6992,-0.2758,0.1285,-0.4278,3.7073,0.1193,0.6992,3.7960,0.1333,0.8000,1,1,3.8822,-0.1808,0.7620,-0.1025,-0.1726,-0.3650,3.8822,-0.1808,0.7620,3.8895,-0.1507,0.8000,0,1
3.9905,-0.0060,1.1280,-0.0993,0.0184,4.2497,0.2026,0.7787,0.2630,0.2038,-0.3493,4.2497,0.2026,0.7787,4.2797,0.1395,0.8000,0,1,4.1561,-0.1839,0.7487,0.1623,-0.1809,-0.3793,4.1561,-0.1839,0.7487,4.1909,-0.1445,0.8000,1,1,3.7073,0.1197,0.6993,-0.2808,0.1309,-0.4287,3.7073,0.1197,0.6993,3.7990,0.1324,0.8000,1,1,3.9127,-0.2156,0.7499,-0.0816,-0.2081,-0.3781,3.9127,-0.2156,0.7499,3.8982,-0.1516,0.8000,0,1
3.9981,-0.0043,1.1293,-0.1025,0.0360,4.2521,0.2157,0.7677,0.2618,0.2107,-0.3616,4.2521,0.2157,0.7677,4.2847,0.1446,0.8000,0,1,4.1561,-0.1839,0.7486,0.1514,-0.1852,-0.3807,4.1561,-0.1839,0.7486,4.1989,-0.1393,0.8000,1,1,3.7073,0.1197,0.6992,-0.2861,0.1344,-0.4301,3.7073,0.1197,0.6992,3.8021,0.1306,0.8000,1,1,3.9198,-0.2188,0.7395,-0.0860,-0.2115,-0.3898,3.9198,-0.2188,0.7395,3.9084,-0.1532,0.8000,0,1
4.0066,-0.0024,1.1308,-0.1025,0.0568,4.2526,0.2042,0.7584,0.2573,0.1923,-0.3724,4.2526,0.2042,0.7584,4.2901,0.1503,0.8000,0,1,4.1561,-0.1843,0.7488,0.1389,-0.1901,-0.3820,4.1561,-0.1843,0.7488,4.2082,-0.1333,0.8000,1,1,3.7073,0.1194,0.6991,-0.2919,0.1386,-0.4317,3.7073,0.1194,0.6991,3.8059,0.1283,0.8000,1,1,3.9075,-0.1904,0.7305,-0.1096,-0.1821,-0.4003,3.9075,-0.1904,0.7305,3.9200,-0.1552,0.8000,0,1
4.0153,-0.0004,1.1315,-0.0930,0.0713,4.2481,0.1980,0.7515,0.2463,0.1813,-0.3800,4.2481,0.1980,0.7515,4.2315,0.1549,0.8000,1,1,4.1556,-0.1844,0.7487,0.1268,-0.1935,-0.3828,4.1556,-0.1844,0.7487,4.3168,-0.1283,0.8000,0,1,3.7071,0.1194,0.6998,-0.2989,0.1415,-0.4317,3.7071,0.1194,0.6998,3.9107,0.1274,0.8000,0,1,3.8924,-0.1732,0.7244,-0.1349,-0.1636,-0.4071,3.8924,-0.1732,0.7244,3.8659,-0.1559,0.8000,1,1
4.0236,0.0018,1.1309,-0.0764,0.0802,4.2481,0.1979,0.7515,0.2395,0.1775,-0.3794,4.2481,0.1979,0.7515,4.2364,0.1587,0.8000,1,1,4.1648,-0.1989,0.7534,0.1247,-0.2114,-0.3775,4.1648,-0.1989,0.7534,4.3262,-0.1244,0.8000,0,1,3.7250,0.1342,0.7043,-0.2870,0.1559,-0.4266,3.7250,0.1342,0.7043,3.9179,0.1277,0.8000,0,1,3.8925,-0.1733,0.7243,-0.1447,-0.1640,-0.4066,3.8925,-0.1733,0.7243,3.8736,-0.1554,0.8000,1,1
4.0322,0.0038,1.1310,-0.0690,0.0783,4.2484,0.1974,0.7512,0.2307,0.1761,-0.3798,4.2484,0.1974,0.7512,4.2433,0.1603,0.8000,1,1,4.1748,-0.1554,0.7657,0.1297,-0.1699,-0.3653,4.1748,-0.1554,0.7657,4.3345,-0.1228,0.8000,0,1,3.8001,0.0947,0.7322,-0.2243,0.1088,-0.3988,3.8001,0.0947,0.7322,3.9267,0.1301,0.8000,0,1,3.8926,-0.1737,0.7242,-0.1531,-0.1660,-0.4068,3.8926,-0.1737,0.7242,3.8799,-0.1530,0.8000,1,1
4.0389,0.0052,1.1328,-0.0499,0.0698,4.2483,0.1979,0.7514,0.2223,0.1776,-0.3814,4.2483,0.1979,0.7514,4.2494,0.1602,0.8000,1,1,4.1920,-0.0858,0.7802,0.1464,-0.1015,-0.3526,4.1920,-0.0858,0.7802,4.3402,-0.1231,0.8000,0,1,3.8976,0.0368,0.7485,-0.1388,0.0414,-0.3843,3.8976,0.0368,0.7485,3.9345,0.1333,0.8000,0,1,3.8924,-0.1730,0.7240,-0.1586,-0.1675,-0.4088,3.8924,-0.1730,0.7240,3.8833,-0.1500,0.8000,1,1
4.0457,0.0063,1.1329,-0.0421,0.0672,4.2483,0.1979,0.7514,0.2150,0.1776,-0.3815,4.2483,0.1979,0.7514,4.2545,0.1608,0.8000,1,1,4.2127,-0.0721,0.7932,0.1614,-0.0894,-0.3397,4.2127,-0.0721,0.7932,4.3466,-0.1225,0.8000,0,1,3.9335,0.0347,0.7624,-0.1100,0.0359,-0.3705,3.9335,0.0347,0.7624,3.9416,0.1348,0.8000,0,1,3.8925,-0.1731,0.7240,-0.1649,-0.1687,-0.4089,3.8925,-0.1731,0.7240,3.8877,-0.1485,0.8000,1,1
4.0529,0.0071,1.1318,-0.0453,0.0664,4.2485,0.1978,0.7514,0.2078,0.1773,-0.3804,4.2485,0.1978,0.7514,4.2599,0.1615,0.8000,1,1,4.2386,-0.0821,0.8065,0.1794,-0.1013,-0.3253,4.2386,-0.0821,0.8065,4.3537,-0.1219,0.8000,0,1,3.8987,0.0523,0.7756,-0.1509,0.0553,-0.3562,3.8987,0.0523,0.7756,3.9489,0.1358,0.8000,0,1,3.8927,-0.1732,0.7240,-0.1718,-0.1693,-0.4078,3.8927,-0.1732,0.7240,3.8928,-0.1475,0.8000,1,1
4.0595,0.0077,1.1309,-0.0450,0.0642,4.2487,0.1977,0.7514,0.2010,0.1775,-0.3795,4.2487,0.1977,0.7514,4.2648,0.1618,0.8000,1,1,4.2577,-0.0908,0.8186,0.1915,-0.1110,-0.3123,4.2577,-0.0908,0.8186,4.3600,-0.1217,0.8000,0,1,3.8662,0.0674,0.7879,-0.1891,0.0720,-0.3430,3.8662,0.0674,0.7879,3.9558,0.1369,0.8000,0,1,3.8929,-0.1733,0.7239,-0.1779,-0.1699,-0.4070,3.8929,-0.1733,0.7239,3.8970,-0.1465,0.8000,1,1
4.0655,0.0081,1.1305,-0.0416,0.0606,4.2487,0.1977,0.7514,0.1943,0.1782,-0.3791,4.2487,0.1977,0.7514,4.2694,0.1614,0.8000,1,1,4.2691,-0.0952,0.8284,0.1970,-0.1154,-0.3021,4.2691,-0.0952,0.8284,4.3656,-0.1221,0.8000,0,1,3.8595,0.0794,0.7977,-0.2013,0.0836,-0.3328,3.8595,0.0794,0.7977,3.9623,0.1380,0.8000,0,1,3.8929,-0.1733,0.7239,-0.1833,-0.1706,-0.4066,3.8929,-0.1733,0.7239,3.9005,-0.1455,0.8000,1,1
4.0713,0.0081,1.1305,-0.0389,0.0553,4.2487,0.1977,0.7515,0.1876,0.1795,-0.3790,4.2487,0.1977,0.7515,4.2740,0.1605,0.8000,1,1,4.2776,-0.0983,0.8345,0.2001,-0.1176,-0.2960,4.2776,-0.0983,0.8345,4.3707,-0.1231,0.8000,0,1,3.8686,0.0893,0.8039,-0.1979,0.0923,-0.3266,3.8686,0.0893,0.8039,3.9688,0.1391,0.8000,0,1,3.8929,-0.1732,0.7239,-0.1881,-0.1712,-0.4066,3.8929,-0.1732,0.7239,3.9035,-0.1445,0.8000,1,1
4.0770,0.0078,1.1310,-0.0378,0.0489,4.2487,0.1977,0.7515,0.1808,0.1813,-0.3795,4.2487,0.1977,0.7515,4.2786,0.1590,0.8000,1,1,4.2858,-0.1027,0.8359,0.2031,-0.1206,-0.2951,4.2858,-0.1027,0.8359,4.3755,-0.1246,0.8000,0,1,3.8818,0.1005,0.8053,-0.1904,0.1021,-0.3257,3.8818,0.1005,0.8053,3.9753,0.1401,0.8000,0,1,3.8929,-0.1732,0.7239,-0.1927,-0.1718,-0.4071,3.8929,-0.1732,0.7239,3.9061,-0.1435,0.8000,1,1
4.0824,0.0073,1.1319,-0.0375,0.0422,4.2487,0.1978,0.7515,0.1742,0.1833,-0.3804,4.2487,0.1978,0.7515,4.2831,0.1572,0.8000,1,1,4.2939,-0.1096,0.8323,0.2064,-0.1257,-0.2996,4.2939,-0.1096,0.8323,4.3800,-0.1265,0.8000,0,1,3.8944,0.1182,0.8016,-0.1832,0.1187,-0.3303,3.8944,0.1182,0.8016,3.9816,0.1409,0.8000,0,1,3.8929,-0.1732,0.7239,-0.1969,-0.1723,-0.4080,3.8929,-0.1732,0.7239,3.9086,-0.1428,0.8000,1,1
4.0877,0.0064,1.1331,-0.0372,0.0359,4.2488,0.1977,0.7515,0.1679,0.1854,-0.3816,4.2488,0.1977,0.7515,4.2872,0.1552,0.8000,1,1,4.3023,-0.1187,0.8248,0.2100,-0.1327,-0.3083,4.3023,-0.1187,0.8248,4.3844,-0.1286,0.8000,0,1,3.9060,0.1487,0.7939,-0.1765,0.1487,-0.3392,3.9060,0.1487,0.7939,3.9877,0.1414,0.8000,0,1,3.8930,-0.1732,0.7238,-0.2010,-0.1725,-0.4093,3.8930,-0.1732,0.7238,3.9109,-0.1425,0.8000,1,1
4.0926,0.0053,1.1344,-0.0380,0.0309,4.2489,0.1974,0.7513,0.1622,0.1872,-0.3831,4.2489,0.1974,0.7513,4.2910,0.1532,0.8000,1,1,4.3116,-0.1316,0.8146,0.2147,-0.1436,-0.3198,4.3116,-0.1316,0.8146,4.3887,-0.1307,0.8000,0,1,3.9194,0.1997,0.7829,-0.1671,0.1997,-0.3515,3.9194,0.1997,0.7829,3.9934,0.1412,0.8000,0,1,3.8931,-0.1736,0.7240,-0.2049,-0.1727,-0.4104,3.8931,-0.1736,0.7240,3.9131,-0.1426,0.8000,1,1
4.0974,0.0039,1.1355,-0.0386,0.0292,4.2488,0.1967,0.7510,0.1570,0.1883,-0.3845,4.2488,0.1967,0.7510,4.2940,0.1514,0.8000,1,1,4.3207,-0.1603,0.8027,0.2184,-0.1706,-0.3328,4.3207,-0.1603,0.8027,4.3933,-0.1325,0.8000,0,1,3.9310,0.2669,0.7702,-0.1587,0.2677,-0.3653,3.9310,0.2669,0.7702,3.9983,0.1401,0.8000,0,1,3.8930,-0.1743,0.7244,-0.2095,-0.1722,-0.4111,3.8930,-0.1743,0.7244,3.9156,-0.1438,0.8000,1,1
4.1026,0.0023,1.1372,-0.0371,0.0204,4.2490,0.1971,0.7512,0.1503,0.1918,-0.3860,4.2490,0.1971,0.7512,4.2984,0.1482,0.8000,1,1,4.3293,-0.1866,0.7900,0.2228,-0.1935,-0.3472,4.3293,-0.1866,0.7900,4.3972,-0.1357,0.8000,0,1,3.9211,0.2817,0.7647,-0.1758,0.2830,-0.3725,3.9211,0.2817,0.7647,4.0047,0.1403,0.8000,0,1,3.8931,-0.1738,0.7240,-0.2130,-0.1718,-0.4132,3.8931,-0.1738,0.7240,3.9175,-0.1436,0.8000,1,1
4.1088,0.0006,1.1392,-0.0381,0.0012,4.2490,0.1971,0.7512,0.1404,0.1963,-0.3880,4.2490,0.1971,0.7512,4.3055,0.1428,0.8000,1,1,4.3385,-0.1935,0.7778,0.2295,-0.1944,-0.3614,4.3385,-0.1935,0.7778,4.4008,-0.1412,0.8000,0,1,3.9267,0.2577,0.7530,-0.1818,0.2573,-0.3862,3.9267,0.2577,0.7530,4.0137,0.1424,0.8000,0,1,3.8931,-0.1738,0.7240,-0.2159,-0.1741,-0.4152,3.8931,-0.1738,0.7240,3.9190,-0.1416,0.8000,1,1
4.1154,-0.0014,1.1408,-0.0380,-0.0192,4.2489,0.1977,0.7515,0.1297,0.2016,-0.3893,4.2489,0.1977,0.7515,4.3129,0.1369,0.8000,1,1,4.3435,-0.1942,0.7670,0.2318,-0.1884,-0.3738,4.3435,-0.1942,0.7670,4.4045,-0.1471,0.8000,0,1,3.9390,0.2118,0.7437,-0.1805,0.2098,-0.3971,3.9390,0.2118,0.7437,4.0232,0.1443,0.8000,0,1,3.8931,-0.1732,0.7237,-0.2190,-0.1760,-0.4171,3.8931,-0.1732,0.7237,3.9207,-0.1397,0.8000,1,1
4.1216,-0.0037,1.1415,-0.0321,-0.0333,4.2490,0.1980,0.7516,0.1206,0.2058,-0.3899,4.2490,0.1980,0.7516,4.3190,0.1318,0.8000,1,1,4.3450,-0.1957,0.7591,0.2297,-0.1845,-0.3824,4.3450,-0.1957,0.7591,4.4086,-0.1520,0.8000,0,1,3.9486,0.1857,0.7364,-0.1792,0.1835,-0.4051,3.9486,0.1857,0.7364,4.0314,0.1447,0.8000,0,1,3.8932,-0.1730,0.7235,-0.2226,-0.1768,-0.4180,3.8932,-0.1730,0.7235,3.9230,-0.1391,0.8000,1,1
4.1279,-0.0060,1.1407,-0.0247,-0.0439,4.2541,0.2028,0.7534,0.1169,0.2141,-0.3873,4.2541,0.2028,0.7534,4.4258,0.1275,0.8000,0,1,4.3448,-0.1956,0.7556,0.2250,-0.1799,-0.3851,4.3448,-0.1956,0.7556,4.3473,-0.1563,0.8000,1,1,3.9527,0.1791,0.7336,-0.1832,0.1772,-0.4071,3.9527,0.1791,0.7336,3.9733,0.1444,0.8000,1,1,3.8952,-0.1774,0.7250,-0.2250,-0.1814,-0.4157,3.8952,-0.1774,0.7250,4.0269,-0.1393,0.8000,0,1
4.1341,-0.0078,1.1395,-0.0219,-0.0524,4.2744,0.2039,0.7606,0.1290,0.2188,-0.3789,4.2744,0.2039,0.7606,4.4331,0.1240,0.8000,0,1,4.3451,-0.1950,0.7554,0.2205,-0.1759,-0.3841,4.3451,-0.1950,0.7554,4.3502,-0.1597,0.8000,1,1,3.9530,0.1797,0.7337,-0.1907,0.1778,-0.4058,3.9530,0.1797,0.7337,3.9788,0.1442,0.8000,1,1,3.9027,-0.1888,0.7344,-0.2216,-0.1929,-0.4051,3.9027,-0.1888,0.7344,4.0319,-0.1394,0.8000,0,1
4.1408,-0.0094,1.1403,-0.0246,-0.0436,4.2910,0.1240,0.7757,0.1442,0.1398,-0.3646,4.2910,0.1240,0.7757,4.4386,0.1241,0.8000,0,1,4.3448,-0.1960,0.7557,0.2119,-0.1775,-0.3846,4.3448,-0.1960,0.7557,4.3562,-0.1596,0.8000,1,1,3.9526,0.1784,0.7332,-0.1962,0.1794,-0.4071,3.9526,0.1784,0.7332,3.9822,0.1410,0.8000,1,1,3.9392,-0.0900,0.7516,-0.1979,-0.0893,-0.3887,3.9392,-0.0900,0.7516,4.0398,-0.1428,0.8000,0,1
4.1460,-0.0105,1.1407,-0.0251,-0.0372,4.3164,0.0851,0.7888,0.1667,0.1019,-0.3519,4.3164,0.0851,0.7888,4.4430,0.1243,0.8000,0,1,4.3449,-0.1963,0.7558,0.2057,-0.1783,-0.3849,4.3449,-0.1963,0.7558,4.3604,-0.1595,0.8000,1,1,3.9526,0.1781,0.7331,-0.2003,0.1813,-0.4076,3.9526,0.1781,0.7331,3.9844,0.1387,0.8000,1,1,3.9552,-0.0381,0.7652,-0.1896,-0.0347,-0.3755,3.9552,-0.0381,0.7652,4.0459,-0.1451,0.8000,0,1
4.1508,-0.0108,1.1397,-0.0297,-0.0402,4.3360,0.0831,0.8021,0.1813,0.1013,-0.3376,4.3360,0.0831,0.8021,4.4481,0.1233,0.8000,0,1,4.3449,-0.1960,0.7557,0.2014,-0.1772,-0.3840,4.3449,-0.1960,0.7557,4.3627,-0.1604,0.8000,1,1,3.9526,0.1784,0.7332,-0.2056,0.1811,-0.4065,3.9526,0.1784,0.7332,3.9876,0.1389,0.8000,1,1,3.9686,-0.0469,0.7784,-0.1806,-0.0434,-0.3613,3.9686,-0.0469,0.7784,4.0502,-0.1449,0.8000,0,1
4.1551,-0.0108,1.1384,-0.0341,-0.0446,4.3509,0.0885,0.8149,0.1912,0.1079,-0.3235,4.3509,0.0885,0.8149,4.4531,0.1225,0.8000,0,1,4.3449,-0.1958,0.7556,0.1979,-0.1764,-0.3828,4.3449,-0.1958,0.7556,4.3644,-0.1612,0.8000,1,1,3.9526,0.1786,0.7333,-0.2107,0.1802,-0.4051,3.9526,0.1786,0.7333,3.9907,0.1397,0.8000,1,1,3.9793,-0.0732,0.7911,-0.1728,-0.0702,-0.3473,3.9793,-0.0732,0.7911,4.0540,-0.1440,0.8000,0,1
4.1592,-0.0107,1.1375,-0.0364,-0.0455,4.3618,0.0914,0.8260,0.1977,0.1112,-0.3115,4.3618,0.0914,0.8260,4.4573,0.1225,0.8000,0,1,4.3450,-0.1957,0.7556,0.1940,-0.1764,-0.3819,4.3450,-0.1957,0.7556,4.3664,-0.1612,0.8000,1,1,3.9526,0.1787,0.7333,-0.2150,0.1798,-0.4042,3.9526,0.1787,0.7333,3.9929,0.1401,0.8000,1,1,3.9845,-0.0902,0.8022,-0.1709,-0.0874,-0.3353,3.9845,-0.0902,0.8022,4.0580,-0.1436,0.8000,0,1
4.1631,-0.0103,1.1370,-0.0371,-0.0428,4.3699,0.0940,0.8341,0.2021,0.1131,-0.3029,4.3699,0.0940,0.8341,4.4608,0.1234,0.8000,0,1,4.3450,-0.1958,0.7557,0.1897,-0.1775,-0.3813,4.3450,-0.1958,0.7557,4.3687,-0.1604,0.8000,1,1,3.9527,0.1786,0.7332,-0.2183,0.1797,-0.4038,3.9527,0.1786,0.7332,3.9944,0.1399,0.8000,1,1,3.9859,-0.0977,0.8103,-0.1733,-0.0949,-0.3267,3.9859,-0.0977,0.8103,4.0622,-0.1438,0.8000,0,1
4.1669,-0.0098,1.1369,-0.0370,-0.0376,4.3764,0.0979,0.8380,0.2053,0.1155,-0.2989,4.3764,0.0979,0.8380,4.4640,0.1249,0.8000,0,1,4.3451,-0.1958,0.7557,0.1851,-0.1792,-0.3812,4.3451,-0.1958,0.7557,4.3713,-0.1589,0.8000,1,1,3.9527,0.1785,0.7332,-0.2211,0.1801,-0.4037,3.9527,0.1785,0.7332,3.9954,0.1395,0.8000,1,1,3.9866,-0.1021,0.8142,-0.1767,-0.0990,-0.3227,3.9866,-0.1021,0.8142,4.0668,-0.1443,0.8000,0,1
4.1707,-0.0090,1.1373,-0.0367,-0.0308,4.3820,0.1037,0.8368,0.2077,0.1192,-0.3005,4.3820,0.1037,0.8368,4.4668,0.1271,0.8000,0,1,4.3451,-0.1959,0.7557,0.1801,-0.1814,-0.3816,4.3451,-0.1959,0.7557,4.3740,-0.1568,0.8000,1,1,3.9527,0.1785,0.7332,-0.2237,0.1807,-0.4041,3.9527,0.1785,0.7332,3.9961,0.1390,0.8000,1,1,3.9883,-0.1081,0.8130,-0.1793,-0.1047,-0.3243,3.9883,-0.1081,0.8130,4.0714,-0.1449,0.8000,0,1
4.1744,-0.0079,1.1381,-0.0364,-0.0231,4.3872,0.1118,0.8311,0.2100,0.1246,-0.3070,4.3872,0.1118,0.8311,4.4694,0.1296,0.8000,0,1,4.3451,-0.1958,0.7557,0.1750,-0.1839,-0.3824,4.3451,-0.1958,0.7557,4.3768,-0.1543,0.8000,1,1,3.9528,0.1785,0.7332,-0.2258,0.1812,-0.4049,3.9528,0.1785,0.7332,3.9967,0.1385,0.8000,1,1,3.9918,-0.1188,0.8073,-0.1800,-0.1151,-0.3308,3.9918,-0.1188,0.8073,4.0761,-0.1454,0.8000,0,1
4.1780,-0.0067,1.1392,-0.0363,-0.0148,4.3922,0.1230,0.8220,0.2123,0.1329,-0.3172,4.3922,0.1230,0.8220,4.4719,0.1325,0.8000,0,1,4.3451,-0.1958,0.7557,0.1699,-0.1866,-0.3835,4.3451,-0.1958,0.7557,4.3797,-0.1515,0.8000,1,1,3.9528,0.1786,0.7332,-0.2279,0.1819,-0.4060,3.9528,0.1786,0.7332,3.9972,0.1382,0.8000,1,1,3.9974,-0.1368,0.7981,-0.1787,-0.1328,-0.3411,3.9974,-0.1368,0.7981,4.0810,-0.1458,0.8000,0,1
4.1817,-0.0052,1.1405,-0.0362,-0.0064,4.3972,0.1387,0.8107,0.2146,0.1453,-0.3298,4.3972,0.1387,0.8107,4.4744,0.1356,0.8000,0,1,4.3452,-0.1956,0.7556,0.1647,-0.1893,-0.3849,4.3452,-0.1956,0.7556,4.3826,-0.1484,0.8000,1,1,3.9529,0.1788,0.7332,-0.2300,0.1825,-0.4073,3.9529,0.1788,0.7332,3.9976,0.1381,0.8000,1,1,4.0061,-0.1652,0.7865,-0.1746,-0.1611,-0.3540,4.0061,-0.1652,0.7865,4.0858,-0.1459,0.8000,0,1
4.1854,-0.0035,1.1419,-0.0365,0.0018,4.4021,0.1601,0.7983,0.2170,0.1632,-0.3436,4.4021,0.1601,0.7983,4.4770,0.1389,0.8000,0,1,4.3452,-0.1952,0.7554,0.1595,-0.1920,-0.3865,4.3452,-0.1952,0.7554,4.3855,-0.1451,0.8000,1,1,3.9529,0.1793,0.7334,-0.2322,0.1832,-0.4085,3.9529,0.1793,0.7334,3.9982,0.1382,0.8000,1,1,4.0171,-0.2025,0.7736,-0.1687,-0.1987,-0.3683,4.0171,-0.2025,0.7736,4.0907,-0.1458,0.8000,0,1
4.1894,-0.0015,1.1433,-0.0362,0.0112,4.4057,0.1858,0.7859,0.2184,0.1849,-0.3574,4.4057,0.1858,0.7859,4.4796,0.1426,0.8000,0,1,4.3451,-0.1949,0.7552,0.1535,-0.1951,-0.3881,4.3451,-0.1949,0.7552,4.3888,-0.1414,0.8000,1,1,3.9528,0.1795,0.7335,-0.2346,0.1836,-0.4098,3.9528,0.1795,0.7335,3.9988,0.1383,0.8000,1,1,4.0265,-0.2316,0.7615,-0.1655,-0.2283,-0.3818,4.0265,-0.2316,0.7615,4.0960,-0.1457,0.8000,0,1
4.1939,0.0005,1.1448,-0.0354,0.0260,4.4083,0.2005,0.7745,0.2195,0.1944,-0.3703,4.4083,0.2005,0.7745,4.4820,0.1475,0.8000,0,1,4.3451,-0.1951,0.7552,0.1461,-0.1995,-0.3896,4.3451,-0.1951,0.7552,4.3933,-0.1364,0.8000,1,1,3.9528,0.1794,0.7335,-0.2364,0.1851,-0.4113,3.9528,0.1794,0.7335,3.9993,0.1374,0.8000,1,1,4.0307,-0.2244,0.7509,-0.1690,-0.2206,-0.3939,4.0307,-0.2244,0.7509,4.1027,-0.1465,0.8000,0,1
4.1990,0.0027,1.1461,-0.0334,0.0435,4.4095,0.2004,0.7649,0.2189,0.1884,-0.3812,4.4095,0.2004,0.7649,4.4844,0.1529,0.8000,0,1,4.3450,-0.1956,0.7555,0.1372,-0.2045,-0.3906,4.3450,-0.1956,0.7555,4.3988,-0.1308,0.8000,1,1,3.9528,0.1789,0.7333,-0.2383,0.1867,-0.4128,3.9528,0.1789,0.7333,4.0000,0.1361,0.8000,1,1,4.0326,-0.1923,0.7419,-0.1747,-0.1876,-0.4042,4.0326,-0.1923,0.7419,4.1104,-0.1476,0.8000,0,1
4.2041,0.0050,1.1462,-0.0279,0.0561,4.4086,0.1982,0.7579,0.2150,0.1814,-0.3883,4.4086,0.1982,0.7579,4.4226,0.1576,0.8000,1,1,4.3449,-0.1962,0.7556,0.1293,-0.2088,-0.3906,4.3449,-0.1962,0.7556,4.5036,-0.1260,0.8000,0,1,3.9527,0.1783,0.7329,-0.2413,0.1871,-0.4133,3.9527,0.1783,0.7329,4.1014,0.1358,0.8000,0,1,4.0329,-0.1751,0.7357,-0.1810,-0.1702,-0.4105,4.0329,-0.1751,0.7357,4.0524,-0.1477,0.8000,1,1
4.2092,0.0071,1.1449,-0.0224,0.0658,4.4087,0.1982,0.7579,0.2116,0.1776,-0.3870,4.4087,0.1982,0.7579,4.4242,0.1614,0.8000,1,1,4.3553,-0.2052,0.7602,0.1318,-0.2214,-0.3847,4.3553,-0.2052,0.7602,4.5099,-0.1220,0.8000,0,1,3.9570,0.1906,0.7372,-0.2396,0.1997,-0.4077,3.9570,0.1906,0.7372,4.1053,0.1360,0.8000,0,1,4.0330,-0.1751,0.7357,-0.1878,-0.1702,-0.4092,4.0330,-0.1751,0.7357,4.0569,-0.1474,0.8000,1,1
4.2148,0.0088,1.1442,-0.0241,0.0652,4.4087,0.1984,0.7580,0.2058,0.1766,-0.3862,4.4087,0.1984,0.7580,4.4279,0.1630,0.8000,1,1,4.3729,-0.1709,0.7701,0.1461,-0.1896,-0.3741,4.3729,-0.1709,0.7701,4.5154,-0.1204,0.8000,0,1,3.9854,0.1540,0.7497,-0.2195,0.1598,-0.3945,3.9854,0.1540,0.7497,4.1110,0.1378,0.8000,0,1,4.0329,-0.1748,0.7356,-0.1935,-0.1714,-0.4086,4.0329,-0.1748,0.7356,4.0605,-0.1456,0.8000,1,1
4.2196,0.0101,1.1447,-0.0239,0.0561,4.4086,0.1987,0.7581,0.1993,0.1777,-0.3866,4.4086,0.1987,0.7581,4.4322,0.1627,0.8000,1,1,4.3918,-0.1073,0.7845,0.1653,-0.1269,-0.3602,4.3918,-0.1073,0.7845,4.5191,-0.1209,0.8000,0,1,4.0207,0.0800,0.7646,-0.1947,0.0809,-0.3801,4.0207,0.0800,0.7646,4.1170,0.1410,0.8000,0,1,4.0328,-0.1744,0.7354,-0.1969,-0.1737,-0.4093,4.0328,-0.1744,0.7354,4.0619,-0.1426,0.8000,1,1
4.2238,0.0109,1.1439,-0.0262,0.0536,4.4086,0.1987,0.7581,0.1946,0.1776,-0.3858,4.4086,0.1987,0.7581,4.4348,0.1630,0.8000,1,1,4.4088,-0.0905,0.7975,0.1793,-0.1112,-0.3464,4.4088,-0.0905,0.7975,4.5230,-0.1206,0.8000,0,1,4.0375,0.0626,0.7778,-0.1833,0.0616,-0.3661,4.0375,0.0626,0.7778,4.1215,0.1423,0.8000,0,1,4.0328,-0.1744,0.7354,-0.2007,-0.1748,-0.4085,4.0328,-0.1744,0.7354,4.0637,-0.1413,0.8000,1,1
4.2278,0.0113,1.1426,-0.0298,0.0541,4.4087,0.1986,0.7580,0.1908,0.1772,-0.3846,4.4087,0.1986,0.7580,4.4366,0.1635,0.8000,1,1,4.4232,-0.0902,0.8107,0.1896,-0.1119,-0.3319,4.4232,-0.0902,0.8107,4.5270,-0.1201,0.8000,0,1,4.0469,0.0720,0.7908,-0.1774,0.0704,-0.3518,4.0469,0.0720,0.7908,4.1254,0.1425,0.8000,0,1,4.0328,-0.1746,0.7354,-0.2048,-0.1751,-0.4072,4.0328,-0.1746,0.7354,4.0658,-0.1410,0.8000,1,1
4.2315,0.0114,1.1414,-0.0324,0.0534,4.4087,0.1985,0.7580,0.1869,0.1774,-0.3834,4.4087,0.1985,0.7580,4.4384,0.1634,0.8000,1,1,4.4346,-0.0917,0.8228,0.1973,-0.1138,-0.3186,4.4346,-0.0917,0.8228,4.5306,-0.1201,0.8000,0,1,4.0510,0.0837,0.8028,-0.1764,0.0818,-0.3386,4.0510,0.0837,0.8028,4.1292,0.1428,0.8000,0,1,4.0329,-0.1746,0.7354,-0.2082,-0.1751,-0.4060,4.0329,-0.1746,0.7354,4.0673,-0.1408,0.8000,1,1
4.2350,0.0113,1.1405,-0.0334,0.0504,4.4087,0.1985,0.7580,0.1829,0.1782,-0.3825,4.4087,0.1985,0.7580,4.4404,0.1628,0.8000,1,1,4.4431,-0.0932,0.8325,0.2026,-0.1149,-0.3080,4.4431,-0.0932,0.8325,4.5337,-0.1208,0.8000,0,1,4.0526,0.0921,0.8126,-0.1781,0.0899,-0.3279,4.0526,0.0921,0.8126,4.1331,0.1433,0.8000,0,1,4.0329,-0.1746,0.7354,-0.2112,-0.1755,-0.4051,4.0329,-0.1746,0.7354,4.0684,-0.1403,0.8000,1,1
4.2384,0.0111,1.1399,-0.0334,0.0454,4.4088,0.1985,0.7581,0.1787,0.1795,-0.3818,4.4088,0.1985,0.7581,4.4426,0.1616,0.8000,1,1,4.4495,-0.0954,0.8387,0.2060,-0.1160,-0.3012,4.4495,-0.0954,0.8387,4.5365,-0.1221,0.8000,0,1,4.0542,0.0986,0.8187,-0.1800,0.0958,-0.3212,4.0542,0.0986,0.8187,4.1372,0.1441,0.8000,0,1,4.0330,-0.1746,0.7354,-0.2136,-0.1762,-0.4045,4.0330,-0.1746,0.7354,4.0691,-0.1397,0.8000,1,1
4.2418,0.0106,1.1398,-0.0331,0.0386,4.4088,0.1985,0.7581,0.1741,0.1813,-0.3817,4.4088,0.1985,0.7581,4.4450,0.1598,0.8000,1,1,4.4548,-0.0993,0.8401,0.2086,-0.1180,-0.2997,4.4548,-0.0993,0.8401,4.5390,-0.1239,0.8000,0,1,4.0562,0.1053,0.8201,-0.1818,0.1018,-0.3197,4.0562,0.1053,0.8201,4.1415,0.1449,0.8000,0,1,4.0330,-0.1746,0.7354,-0.2158,-0.1770,-0.4044,4.0330,-0.1746,0.7354,4.0694,-0.1389,0.8000,1,1
4.2452,0.0098,1.1402,-0.0327,0.0304,4.4088,0.1985,0.7581,0.1693,0.1836,-0.3821,4.4088,0.1985,0.7581,4.4476,0.1576,0.8000,1,1,4.4597,-0.1053,0.8365,0.2109,-0.1216,-0.3037,4.4597,-0.1053,0.8365,4.5412,-0.1263,0.8000,0,1,4.0590,0.1141,0.8165,-0.1829,0.1099,-0.3237,4.0590,0.1141,0.8165,4.1460,0.1458,0.8000,0,1,4.0330,-0.1746,0.7354,-0.2177,-0.1779,-0.4048,4.0330,-0.1746,0.7354,4.0696,-0.1380,0.8000,1,1
4.2487,0.0089,1.1409,-0.0325,0.0211,4.4088,0.1985,0.7581,0.1641,0.1862,-0.3828,4.4088,0.1985,0.7581,4.4504,0.1549,0.8000,1,1,4.4645,-0.1142,0.8289,0.2132,-0.1276,-0.3120,4.4645,-0.1142,0.8289,4.5434,-0.1290,0.8000,0,1,4.0628,0.1266,0.8089,-0.1834,0.1216,-0.3320,4.0628,0.1266,0.8089,4.1507,0.1467,0.8000,0,1,4.0330,-0.1746,0.7354,-0.2195,-0.1789,-0.4055,4.0330,-0.1746,0.7354,4.0697,-0.1372,0.8000,1,1
4.2522,0.0077,1.1420,-0.0324,0.0109,4.4089,0.1984,0.7580,0.1588,0.1890,-0.3840,4.4089,0.1984,0.7580,4.4534,0.1518,0.8000,1,1,4.4696,-0.1270,0.8186,0.2159,-0.1371,-0.3234,4.4696,-0.1270,0.8186,4.5455,-0.1322,0.8000,0,1,4.0678,0.1439,0.7984,-0.1829,0.1382,-0.3436,4.0678,0.1439,0.7984,4.1557,0.1476,0.8000,0,1,4.0331,-0.1747,0.7354,-0.2211,-0.1800,-0.4066,4.0331,-0.1747,0.7354,4.0698,-0.1364,0.8000,1,1
4.2558,0.0063,1.1434,-0.0324,0.0002,4.4089,0.1983,0.7580,0.1531,0.1920,-0.3854,4.4089,0.1983,0.7580,4.4566,0.1483,0.8000,1,1,4.4745,-0.1442,0.8065,0.2187,-0.1505,-0.3369,4.4745,-0.1442,0.8065,4.5477,-0.1357,0.8000,0,1,4.0744,0.1663,0.7862,-0.1814,0.1600,-0.3572,4.0744,0.1663,0.7862,4.1608,0.1483,0.8000,0,1,4.0331,-0.1748,0.7354,-0.2227,-0.1811,-0.4080,4.0331,-0.1748,0.7354,4.0699,-0.1357,0.8000,1,1
4.2596,0.0047,1.1448,-0.0321,-0.0112,4.4089,0.1982,0.7579,0.1471,0.1952,-0.3869,4.4089,0.1982,0.7579,4.4600,0.1445,0.8000,1,1,4.4786,-0.1654,0.7938,0.2209,-0.1676,-0.3510,4.4786,-0.1654,0.7938,4.5498,-0.1395,0.8000,0,1,4.0820,0.1901,0.7734,-0.1797,0.1834,-0.3714,4.0820,0.1901,0.7734,4.1662,0.1488,0.8000,0,1,4.0331,-0.1750,0.7355,-0.2245,-0.1822,-0.4093,4.0331,-0.1750,0.7355,4.0701,-0.1351,0.8000,1,1
4.2637,0.0028,1.1463,-0.0312,-0.0243,4.4089,0.1982,0.7578,0.1404,0.1989,-0.3885,4.4089,0.1982,0.7578,4.4639,0.1401,0.8000,1,1,4.4811,-0.1843,0.7817,0.2219,-0.1818,-0.3646,4.4811,-0.1843,0.7817,4.5520,-0.1438,0.8000,0,1,4.0890,0.2023,0.7614,-0.1795,0.1952,-0.3849,4.0890,0.2023,0.7614,4.1722,0.1495,0.8000,0,1,4.0331,-0.1750,0.7355,-0.2262,-0.1834,-0.4108,4.0331,-0.1750,0.7355,4.0703,-0.1344,0.8000,1,1
4.2681,0.0008,1.1476,-0.0290,-0.0391,4.4088,0.1983,0.7579,0.1329,0.2028,-0.3897,4.4088,0.1983,0.7579,4.4684,0.1352,0.8000,1,1,4.4819,-0.1950,0.7711,0.2213,-0.1873,-0.3765,4.4819,-0.1950,0.7711,4.5542,-0.1486,0.8000,0,1,4.0945,0.1966,0.7510,-0.1811,0.1889,-0.3966,4.0945,0.1966,0.7510,4.1788,0.1503,0.8000,0,1,4.0330,-0.1749,0.7354,-0.2281,-0.1848,-0.4122,4.0330,-0.1749,0.7354,4.0707,-0.1335,0.8000,1,1
4.2728,-0.0014,1.1483,-0.0238,-0.0528,4.4089,0.1986,0.7580,0.1254,0.2069,-0.3903,4.4089,0.1986,0.7580,4.4728,0.1303,0.8000,1,1,4.4818,-0.1983,0.7632,0.2191,-0.1856,-0.3851,4.4818,-0.1983,0.7632,4.5569,-0.1533,0.8000,0,1,4.0980,0.1854,0.7433,-0.1844,0.1773,-0.4050,4.0980,0.1854,0.7433,4.1856,0.1507,0.8000,0,1,4.0332,-0.1746,0.7352,-0.2301,-0.1856,-0.4131,4.0332,-0.1746,0.7352,4.0716,-0.1329,0.8000,1,1
4.2777,-0.0036,1.1474,-0.0175,-0.0634,4.4131,0.2044,0.7597,0.1219,0.2162,-0.3877,4.4131,0.2044,0.7597,4.5781,0.1260,0.8000,0,1,4.4815,-0.1977,0.7598,0.2157,-0.1808,-0.3876,4.4815,-0.1977,0.7598,4.4942,-0.1575,0.8000,1,1,4.0993,0.1818,0.7404,-0.1898,0.1737,-0.4070,4.0993,0.1818,0.7404,4.1261,0.1505,0.8000,1,1,4.0343,-0.1795,0.7367,-0.2318,-0.1910,-0.4107,4.0343,-0.1795,0.7367,4.1741,-0.1330,0.8000,0,1
4.2828,-0.0054,1.1461,-0.0158,-0.0704,4.4315,0.2037,0.7668,0.1336,0.2190,-0.3793,4.4315,0.2037,0.7668,4.5841,0.1228,0.8000,0,1,4.4818,-0.1972,0.7597,0.2120,-0.1773,-0.3864,4.4818,-0.1972,0.7597,4.4961,-0.1605,0.8000,1,1,4.0996,0.1823,0.7405,-0.1959,0.1743,-0.4056,4.0996,0.1823,0.7405,4.1302,0.1500,0.8000,1,1,4.0408,-0.1875,0.7449,-0.2286,-0.1987,-0.4012,4.0408,-0.1875,0.7449,4.1783,-0.1333,0.8000,0,1
4.2882,-0.0070,1.1463,-0.0185,-0.0627,4.4488,0.1379,0.7798,0.1512,0.1547,-0.3665,4.4488,0.1379,0.7798,4.5885,0.1228,0.8000,0,1,4.4815,-0.1980,0.7599,0.2049,-0.1785,-0.3864,4.4815,-0.1980,0.7599,4.5007,-0.1607,0.8000,1,1,4.0992,0.1814,0.7402,-0.2004,0.1762,-0.4061,4.0992,0.1814,0.7402,4.1325,0.1470,0.8000,1,1,4.0781,-0.1085,0.7593,-0.2033,-0.1145,-0.3870,4.0781,-0.1085,0.7593,4.1847,-0.1365,0.8000,0,1
4.2926,-0.0080,1.1462,-0.0201,-0.0567,4.4686,0.1026,0.7928,0.1694,0.1204,-0.3534,4.4686,0.1026,0.7928,4.5921,0.1229,0.8000,0,1,4.4815,-0.1982,0.7600,0.1994,-0.1792,-0.3862,4.4815,-0.1982,0.7600,4.5040,-0.1607,0.8000,1,1,4.0991,0.1812,0.7401,-0.2039,0.1779,-0.4061,4.0991,0.1812,0.7401,4.1340,0.1448,0.8000,1,1,4.0987,-0.0657,0.7726,-0.1903,-0.0686,-0.3736,4.0987,-0.0657,0.7726,4.1899,-0.1387,0.8000,0,1
4.2966,-0.0086,1.1451,-0.0240,-0.0561,4.4847,0.0966,0.8060,0.1819,0.1156,-0.3391,4.4847,0.0966,0.8060,4.5961,0.1224,0.8000,0,1,4.4815,-0.1980,0.7599,0.1952,-0.1787,-0.3852,4.4815,-0.1980,0.7599,4.5062,-0.1612,0.8000,1,1,4.0991,0.1814,0.7401,-0.2078,0.1786,-0.4050,4.0991,0.1814,0.7401,4.1359,0.1441,0.8000,1,1,4.1113,-0.0647,0.7857,-0.1819,-0.0664,-0.3594,4.1113,-0.0647,0.7857,4.1940,-0.1395,0.8000,0,1
4.3004,-0.0089,1.1438,-0.0278,-0.0557,4.4979,0.0969,0.8187,0.1913,0.1166,-0.3251,4.4979,0.0969,0.8187,4.5998,0.1222,0.8000,0,1,4.4815,-0.1979,0.7599,0.1913,-0.1786,-0.3839,4.4815,-0.1979,0.7599,4.5080,-0.1614,0.8000,1,1,4.0992,0.1815,0.7402,-0.2115,0.1789,-0.4036,4.0992,0.1815,0.7402,4.1376,0.1437,0.8000,1,1,4.1189,-0.0756,0.7984,-0.1775,-0.0767,-0.3454,4.1189,-0.0756,0.7984,4.1978,-0.1398,0.8000,0,1
4.3040,-0.0090,1.1427,-0.0300,-0.0534,4.5084,0.0974,0.8298,0.1984,0.1172,-0.3129,4.5084,0.0974,0.8298,4.6031,0.1226,0.8000,0,1,4.4816,-0.1979,0.7599,0.1874,-0.1792,-0.3828,4.4816,-0.1979,0.7599,4.5099,-0.1610,0.8000,1,1,4.0992,0.1815,0.7402,-0.2147,0.1793,-0.4025,4.0992,0.1815,0.7402,4.1388,0.1432,0.8000,1,1,4.1219,-0.0851,0.8095,-0.1778,-0.0857,-0.3332,4.1219,-0.0851,0.8095,4.2017,-0.1404,0.8000,0,1
4.3075,-0.0089,1.1419,-0.0308,-0.0488,4.5163,0.0984,0.8379,0.2033,0.1174,-0.3040,4.5163,0.0984,0.8379,4.6060,0.1235,0.8000,0,1,4.4816,-0.1979,0.7599,0.1831,-0.1803,-0.3820,4.4816,-0.1979,0.7599,4.5121,-0.1601,0.8000,1,1,4.0993,0.1815,0.7402,-0.2172,0.1800,-0.4017,4.0993,0.1815,0.7402,4.1396,0.1424,0.8000,1,1,4.1233,-0.0923,0.8176,-0.1799,-0.0923,-0.3243,4.1233,-0.0923,0.8176,4.2058,-0.1413,0.8000,0,1
4.3109,-0.0087,1.1416,-0.0309,-0.0424,4.5226,0.1008,0.8418,0.2069,0.1184,-0.2998,4.5226,0.1008,0.8418,4.6085,0.1251,0.8000,0,1,4.4816,-0.1979,0.7599,0.1786,-0.1818,-0.3817,4.4816,-0.1979,0.7599,4.5145,-0.1587,0.8000,1,1,4.0993,0.1815,0.7401,-0.2195,0.1811,-0.4015,4.0993,0.1815,0.7401,4.1401,0.1414,0.8000,1,1,4.1249,-0.0989,0.8214,-0.1820,-0.0980,-0.3202,4.1249,-0.0989,0.8214,4.2100,-0.1423,0.8000,0,1
4.3143,-0.0082,1.1417,-0.0307,-0.0342,4.5280,0.1048,0.8407,0.2097,0.1202,-0.3010,4.5280,0.1048,0.8407,4.6108,0.1271,0.8000,0,1,4.4816,-0.1979,0.7599,0.1737,-0.1839,-0.3818,4.4816,-0.1979,0.7599,4.5171,-0.1567,0.8000,1,1,4.0993,0.1815,0.7401,-0.2214,0.1822,-0.4016,4.0993,0.1815,0.7401,4.1402,0.1404,0.8000,1,1,4.1270,-0.1064,0.8202,-0.1838,-0.1045,-0.3215,4.1270,-0.1064,0.8202,4.2145,-0.1435,0.8000,0,1
4.3177,-0.0075,1.1422,-0.0305,-0.0248,4.5331,0.1111,0.8350,0.2124,0.1239,-0.3072,4.5331,0.1111,0.8350,4.6130,0.1297,0.8000,0,1,4.4817,-0.1979,0.7599,0.1687,-0.1863,-0.3823,4.4817,-0.1979,0.7599,4.5199,-0.1542,0.8000,1,1,4.0993,0.1815,0.7401,-0.2230,0.1835,-0.4021,4.0993,0.1815,0.7401,4.1403,0.1393,0.8000,1,1,4.1298,-0.1167,0.8145,-0.1851,-0.1138,-0.3277,4.1298,-0.1167,0.8145,4.2192,-0.1447,0.8000,0,1
4.3212,-0.0066,1.1432,-0.0304,-0.0143,4.5384,0.1205,0.8259,0.2154,0.1302,-0.3173,4.5384,0.1205,0.8259,4.6150,0.1326,0.8000,0,1,4.4817,-0.1979,0.7599,0.1632,-0.1890,-0.3833,4.4817,-0.1979,0.7599,4.5229,-0.1514,0.8000,1,1,4.0994,0.1815,0.7401,-0.2245,0.1849,-0.4031,4.0994,0.1815,0.7401,4.1402,0.1381,0.8000,1,1,4.1334,-0.1310,0.8053,-0.1860,-0.1271,-0.3379,4.1334,-0.1310,0.8053,4.2242,-0.1458,0.8000,0,1
4.3248,-0.0055,1.1445,-0.0304,-0.0031,4.5440,0.1341,0.8145,0.2188,0.1403,-0.3300,4.5440,0.1341,0.8145,4.6170,0.1359,0.8000,0,1,4.4817,-0.1978,0.7599,0.1575,-0.1918,-0.3846,4.4817,-0.1978,0.7599,4.5262,-0.1481,0.8000,1,1,4.0994,0.1816,0.7401,-0.2260,0.1864,-0.4044,4.0994,0.1816,0.7401,4.1402,0.1371,0.8000,1,1,4.1382,-0.1505,0.7939,-0.1861,-0.1456,-0.3506,4.1382,-0.1505,0.7939,4.2294,-0.1469,0.8000,0,1
4.3286,-0.0042,1.1459,-0.0304,0.0087,4.5493,0.1520,0.8020,0.2221,0.1543,-0.3439,4.5493,0.1520,0.8020,4.6191,0.1394,0.8000,0,1,4.4817,-0.1977,0.7598,0.1514,-0.1948,-0.3861,4.4817,-0.1977,0.7598,4.5296,-0.1445,0.8000,1,1,4.0994,0.1817,0.7402,-0.2276,0.1879,-0.4057,4.0994,0.1817,0.7402,4.1403,0.1361,0.8000,1,1,4.1443,-0.1734,0.7812,-0.1858,-0.1676,-0.3647,4.1443,-0.1734,0.7812,4.2348,-0.1479,0.8000,0,1
4.3325,-0.0027,1.1474,-0.0301,0.0214,4.5532,0.1718,0.7894,0.2244,0.1697,-0.3580,4.5532,0.1718,0.7894,4.6213,0.1434,0.8000,0,1,4.4817,-0.1976,0.7597,0.1450,-0.1980,-0.3877,4.4817,-0.1976,0.7597,4.5333,-0.1405,0.8000,1,1,4.0994,0.1818,0.7402,-0.2291,0.1894,-0.4072,4.0994,0.1818,0.7402,4.1405,0.1351,0.8000,1,1,4.1512,-0.1929,0.7686,-0.1853,-0.1863,-0.3788,4.1512,-0.1929,0.7686,4.2406,-0.1488,0.8000,0,1
4.3368,-0.0009,1.1488,-0.0287,0.0355,4.5548,0.1876,0.7779,0.2246,0.1806,-0.3709,4.5548,0.1876,0.7779,4.6234,0.1478,0.8000,0,1,4.4817,-0.1977,0.7597,0.1378,-0.2018,-0.3891,4.4817,-0.1977,0.7597,4.5375,-0.1360,0.8000,1,1,4.0994,0.1818,0.7402,-0.2308,0.1910,-0.4086,4.0994,0.1818,0.7402,4.1409,0.1341,0.8000,1,1,4.1577,-0.1989,0.7573,-0.1860,-0.1915,-0.3915,4.1577,-0.1989,0.7573,4.2470,-0.1498,0.8000,0,1
4.3413,0.0010,1.1499,-0.0253,0.0502,4.5550,0.1950,0.7685,0.2232,0.1830,-0.3814,4.5550,0.1950,0.7685,4.6258,0.1524,0.8000,0,1,4.4816,-0.1979,0.7599,0.1301,-0.2057,-0.3900,4.4816,-0.1979,0.7599,4.5420,-0.1312,0.8000,1,1,4.0993,0.1816,0.7401,-0.2326,0.1925,-0.4098,4.0993,0.1816,0.7401,4.1415,0.1330,0.8000,1,1,4.1629,-0.1912,0.7482,-0.1878,-0.1830,-0.4017,4.1629,-0.1912,0.7482,4.2537,-0.1506,0.8000,0,1
4.3461,0.0030,1.1499,-0.0192,0.0620,4.5542,0.1956,0.7616,0.2196,0.1793,-0.3883,4.5542,0.1956,0.7616,4.5637,0.1567,0.8000,1,1,4.4814,-0.1984,0.7599,0.1226,-0.2094,-0.3900,4.4814,-0.1984,0.7599,4.6463,-0.1268,0.8000,0,1,4.0993,0.1812,0.7398,-0.2353,0.1931,-0.4101,4.0993,0.1812,0.7398,4.2427,0.1327,0.8000,0,1,4.1660,-0.1845,0.7418,-0.1914,-0.1760,-0.4081,4.1660,-0.1845,0.7418,4.1953,-0.1508,0.8000,1,1
4.3510,0.0049,1.1485,-0.0147,0.0719,4.5542,0.1955,0.7615,0.2164,0.1755,-0.3870,4.5542,0.1955,0.7615,4.5651,0.1603,0.8000,1,1,4.4923,-0.2070,0.7646,0.1257,-0.2215,-0.3839,4.4923,-0.2070,0.7646,4.6525,-0.1230,0.8000,0,1,4.1022,0.1924,0.7441,-0.2347,0.2049,-0.4044,4.1022,0.1924,0.7441,4.2463,0.1325,0.8000,0,1,4.1661,-0.1846,0.7418,-0.1980,-0.1757,-0.4067,4.1661,-0.1846,0.7418,4.1997,-0.1507,0.8000,1,1
4.3564,0.0064,1.1477,-0.0171,0.0713,4.5542,0.1957,0.7616,0.2108,0.1747,-0.3861,4.5542,0.1957,0.7616,4.5686,0.1617,0.8000,1,1,4.5130,-0.1760,0.7738,0.1432,-0.1931,-0.3739,4.5130,-0.1760,0.7738,4.6578,-0.1215,0.8000,0,1,4.1262,0.1597,0.7551,-0.2187,0.1693,-0.3926,4.1262,0.1597,0.7551,4.2518,0.1342,0.8000,0,1,4.1660,-0.1844,0.7417,-0.2035,-0.1768,-0.4060,4.1660,-0.1844,0.7417,4.2030,-0.1491,0.8000,1,1
4.3612,0.0076,1.1478,-0.0188,0.0633,4.5541,0.1959,0.7617,0.2044,0.1757,-0.3861,4.5541,0.1959,0.7617,4.5726,0.1614,0.8000,1,1,4.5325,-0.1198,0.7875,0.1629,-0.1380,-0.3603,4.5325,-0.1198,0.7875,4.6616,-0.1220,0.8000,0,1,4.1572,0.0935,0.7694,-0.1982,0.0986,-0.3784,4.1572,0.0935,0.7694,4.2576,0.1370,0.8000,0,1,4.1659,-0.1841,0.7416,-0.2070,-0.1790,-0.4062,4.1659,-0.1841,0.7416,4.2045,-0.1465,0.8000,1,1
4.3653,0.0083,1.1470,-0.0218,0.0603,4.5541,0.1959,0.7617,0.1998,0.1759,-0.3853,4.5541,0.1959,0.7617,4.5752,0.1616,0.8000,1,1,4.5493,-0.1030,0.8005,0.1770,-0.1222,-0.3465,4.5493,-0.1030,0.8005,4.6653,-0.1219,0.8000,0,1,4.1736,0.0754,0.7825,-0.1873,0.0785,-0.3645,4.1736,0.0754,0.7825,4.2621,0.1383,0.8000,0,1,4.1659,-0.1841,0.7416,-0.2106,-0.1800,-0.4054,4.1659,-0.1841,0.7416,4.2062,-0.1452,0.8000,1,1
4.3692,0.0087,1.1457,-0.0255,0.0591,4.5542,0.1958,0.7617,0.1957,0.1758,-0.3840,4.5542,0.1958,0.7617,4.5773,0.1618,0.8000,1,1,4.5631,-0.0997,0.8136,0.1872,-0.1197,-0.3321,4.5631,-0.0997,0.8136,4.6690,-0.1217,0.8000,0,1,4.1842,0.0779,0.7956,-0.1806,0.0800,-0.3501,4.1842,0.0779,0.7956,4.2661,0.1389,0.8000,0,1,4.1659,-0.1842,0.7416,-0.2143,-0.1806,-0.4041,4.1659,-0.1842,0.7416,4.2079,-0.1446,0.8000,1,1
4.3728,0.0088,1.1445,-0.0285,0.0567,4.5542,0.1958,0.7616,0.1917,0.1764,-0.3829,4.5542,0.1958,0.7616,4.5793,0.1615,0.8000,1,1,4.5744,-0.0993,0.8257,0.1952,-0.1194,-0.3188,4.5744,-0.0993,0.8257,4.6724,-0.1221,0.8000,0,1,4.1896,0.0846,0.8076,-0.1786,0.0861,-0.3369,4.1896,0.0846,0.8076,4.2701,0.1395,0.8000,0,1,4.1660,-0.1842,0.7417,-0.2174,-0.1810,-0.4028,4.1660,-0.1842,0.7417,4.2092,-0.1440,0.8000,1,1
4.3763,0.0088,1.1434,-0.0301,0.0527,4.5542,0.1958,0.7617,0.1875,0.1774,-0.3817,4.5542,0.1958,0.7617,4.5813,0.1607,0.8000,1,1,4.5836,-0.0999,0.8354,0.2013,-0.1195,-0.3080,4.5836,-0.0999,0.8354,4.6753,-0.1229,0.8000,0,1,4.1918,0.0911,0.8173,-0.1799,0.0919,-0.3261,4.1918,0.0911,0.8173,4.2741,0.1403,0.8000,0,1,4.1660,-0.1843,0.7416,-0.2202,-0.1818,-0.4018,4.1660,-0.1843,0.7416,4.2100,-0.1433,0.8000,1,1
4.3797,0.0086,1.1427,-0.0306,0.0467,4.5543,0.1958,0.7617,0.1831,0.1788,-0.3810,4.5543,0.1958,0.7617,4.5836,0.1594,0.8000,1,1,4.5907,-0.1012,0.8416,0.2056,-0.1195,-0.3011,4.5907,-0.1012,0.8416,4.6779,-0.1243,0.8000,0,1,4.1932,0.0972,0.8235,-0.1822,0.0972,-0.3192,4.1932,0.0972,0.8235,4.2782,0.1414,0.8000,0,1,4.1661,-0.1843,0.7416,-0.2224,-0.1827,-0.4011,4.1661,-0.1843,0.7416,4.2105,-0.1423,0.8000,1,1
4.3830,0.0083,1.1425,-0.0306,0.0389,4.5543,0.1958,0.7617,0.1785,0.1807,-0.3808,4.5543,0.1958,0.7617,4.5861,0.1576,0.8000,1,1,4.5965,-0.1040,0.8430,0.2090,-0.1205,-0.2995,4.5965,-0.1040,0.8430,4.6802,-0.1262,0.8000,0,1,4.1947,0.1038,0.8248,-0.1844,0.1028,-0.3177,4.1947,0.1038,0.8248,4.2826,0.1426,0.8000,0,1,4.1661,-0.1843,0.7416,-0.2242,-0.1840,-0.4009,4.1661,-0.1843,0.7416,4.2107,-0.1412,0.8000,1,1
4.3863,0.0077,1.1427,-0.0306,0.0295,4.5543,0.1957,0.7617,0.1735,0.1830,-0.3810,4.5543,0.1957,0.7617,4.5889,0.1553,0.8000,1,1,4.6016,-0.1086,0.8394,0.2118,-0.1226,-0.3033,4.6016,-0.1086,0.8394,4.6823,-0.1286,0.8000,0,1,4.1967,0.1122,0.8212,-0.1864,0.1100,-0.3215,4.1967,0.1122,0.8212,4.2872,0.1439,0.8000,0,1,4.1661,-0.1843,0.7416,-0.2258,-0.1854,-0.4011,4.1661,-0.1843,0.7416,4.2106,-0.1400,0.8000,1,1
4.3897,0.0069,1.1434,-0.0308,0.0188,4.5543,0.1957,0.7617,0.1681,0.1857,-0.3817,4.5543,0.1957,0.7617,4.5918,0.1525,0.8000,1,1,4.6068,-0.1159,0.8319,0.2148,-0.1269,-0.3115,4.6068,-0.1159,0.8319,4.6842,-0.1314,0.8000,0,1,4.1993,0.1234,0.8136,-0.1882,0.1201,-0.3298,4.1993,0.1234,0.8136,4.2921,0.1452,0.8000,0,1,4.1661,-0.1843,0.7416,-0.2272,-0.1870,-0.4018,4.1661,-0.1843,0.7416,4.2105,-0.1387,0.8000,1,1
4.3933,0.0060,1.1444,-0.0313,0.0070,4.5544,0.1957,0.7616,0.1624,0.1886,-0.3828,4.5544,0.1957,0.7616,4.5951,0.1493,0.8000,1,1,4.6122,-0.1269,0.8215,0.2180,-0.1344,-0.3229,4.6122,-0.1269,0.8215,4.6861,-0.1347,0.8000,0,1,4.2031,0.1382,0.8032,-0.1893,0.1335,-0.3412,4.2031,0.1382,0.8032,4.2973,0.1466,0.8000,0,1,4.1662,-0.1844,0.7416,-0.2284,-0.1888,-0.4028,4.1662,-0.1844,0.7416,4.2103,-0.1374,0.8000,1,1
4.3969,0.0048,1.1458,-0.0320,-0.0057,4.5544,0.1956,0.7616,0.1564,0.1917,-0.3842,4.5544,0.1956,0.7616,4.5985,0.1457,0.8000,1,1,4.6178,-0.1423,0.8094,0.2217,-0.1458,-0.3364,4.6178,-0.1423,0.8094,4.6879,-0.1383,0.8000,0,1,4.2081,0.1565,0.7910,-0.1897,0.1506,-0.3548,4.2081,0.1565,0.7910,4.3028,0.1479,0.8000,0,1,4.1662,-0.1844,0.7416,-0.2296,-0.1905,-0.4042,4.1662,-0.1844,0.7416,4.2101,-0.1361,0.8000,1,1
4.4008,0.0034,1.1474,-0.0327,-0.0191,4.5544,0.1956,0.7616,0.1499,0.1951,-0.3858,4.5544,0.1956,0.7616,4.6023,0.1417,0.8000,1,1,4.6228,-0.1616,0.7967,0.2251,-0.1607,-0.3507,4.6228,-0.1616,0.7967,4.6898,-0.1422,0.8000,0,1,4.2143,0.1759,0.7783,-0.1898,0.1689,-0.3691,4.2143,0.1759,0.7783,4.3085,0.1491,0.8000,0,1,4.1662,-0.1845,0.7416,-0.2310,-0.1923,-0.4058,4.1662,-0.1845,0.7416,4.2101,-0.1348,0.8000,1,1
4.4049,0.0019,1.1489,-0.0326,-0.0335,4.5543,0.1956,0.7615,0.1428,0.1986,-0.3874,4.5543,0.1956,0.7615,4.6063,0.1374,0.8000,1,1,4.6256,-0.1796,0.7845,0.2267,-0.1740,-0.3644,4.6256,-0.1796,0.7845,4.6918,-0.1465,0.8000,0,1,4.2207,0.1894,0.7661,-0.1904,0.1812,-0.3828,4.2207,0.1894,0.7661,4.3147,0.1503,0.8000,0,1,4.1662,-0.1845,0.7416,-0.2323,-0.1943,-0.4073,4.1662,-0.1845,0.7416,4.2102,-0.1335,0.8000,1,1
4.4092,0.0001,1.1502,-0.0306,-0.0481,4.5542,0.1957,0.7616,0.1354,0.2023,-0.3886,4.5542,0.1957,0.7616,4.6106,0.1328,0.8000,1,1,4.6261,-0.1915,0.7739,0.2259,-0.1809,-0.3763,4.6261,-0.1915,0.7739,4.6939,-0.1509,0.8000,0,1,4.2266,0.1928,0.7557,-0.1917,0.1837,-0.3945,4.2266,0.1928,0.7557,4.3212,0.1514,0.8000,0,1,4.1661,-0.1844,0.7416,-0.2339,-0.1960,-0.4086,4.1661,-0.1844,0.7416,4.2106,-0.1323,0.8000,1,1
4.4137,-0.0017,1.1508,-0.0256,-0.0612,4.5544,0.1960,0.7617,0.1283,0.2059,-0.3891,4.5544,0.1960,0.7617,4.6148,0.1283,0.8000,1,1,4.6250,-0.1961,0.7661,0.2228,-0.1811,-0.3847,4.6250,-0.1961,0.7661,4.6964,-0.1552,0.8000,0,1,4.2304,0.1907,0.7480,-0.1947,0.1808,-0.4028,4.2304,0.1907,0.7480,4.3277,0.1519,0.8000,0,1,4.1662,-0.1841,0.7413,-0.2359,-0.1972,-0.4095,4.1662,-0.1841,0.7413,4.2114,-0.1315,0.8000,1,1
4.4185,-0.0036,1.1500,-0.0193,-0.0716,4.5580,0.2029,0.7634,0.1244,0.2160,-0.3866,4.5580,0.2029,0.7634,4.7199,0.1243,0.8000,0,1,4.6244,-0.1955,0.7627,0.2191,-0.1767,-0.3873,4.6244,-0.1955,0.7627,4.6336,-0.1590,0.8000,1,1,4.2315,0.1905,0.7451,-0.2004,0.1802,-0.4049,4.2315,0.1905,0.7451,4.2681,0.1520,0.8000,1,1,4.1675,-0.1880,0.7429,-0.2372,-0.2019,-0.4071,4.1675,-0.1880,0.7429,4.3138,-0.1313,0.8000,0,1
4.4234,-0.0052,1.1487,-0.0173,-0.0777,4.5762,0.2010,0.7704,0.1363,0.2174,-0.3783,4.5762,0.2010,0.7704,4.7256,0.1215,0.8000,0,1,4.6246,-0.1951,0.7626,0.2153,-0.1737,-0.3861,4.6246,-0.1951,0.7626,4.6356,-0.1616,0.8000,1,1,4.2317,0.1909,0.7452,-0.2063,0.1806,-0.4035,4.2317,0.1909,0.7452,4.2720,0.1515,0.8000,1,1,4.1746,-0.1919,0.7503,-0.2336,-0.2054,-0.3984,4.1746,-0.1919,0.7503,4.3180,-0.1316,0.8000,0,1
4.4286,-0.0065,1.1487,-0.0197,-0.0709,4.5943,0.1440,0.7825,0.1546,0.1619,-0.3662,4.5943,0.1440,0.7825,4.7300,0.1216,0.8000,0,1,4.6244,-0.1957,0.7627,0.2087,-0.1749,-0.3860,4.6244,-0.1957,0.7627,4.6399,-0.1617,0.8000,1,1,4.2314,0.1902,0.7450,-0.2106,0.1822,-0.4037,4.2314,0.1902,0.7450,4.2742,0.1490,0.8000,1,1,4.2115,-0.1228,0.7639,-0.2083,-0.1314,-0.3848,4.2115,-0.1228,0.7639,4.3240,-0.1343,0.8000,0,1
4.4329,-0.0074,1.1484,-0.0211,-0.0654,4.6116,0.1112,0.7953,0.1706,0.1300,-0.3531,4.6116,0.1112,0.7953,4.7336,0.1218,0.8000,0,1,4.6244,-0.1958,0.7628,0.2034,-0.1755,-0.3856,4.6244,-0.1958,0.7628,4.6430,-0.1616,0.8000,1,1,4.2314,0.1901,0.7450,-0.2140,0.1839,-0.4034,4.2314,0.1901,0.7450,4.2756,0.1471,0.8000,1,1,4.2341,-0.0840,0.7770,-0.1934,-0.0894,-0.3714,4.2341,-0.0840,0.7770,4.3290,-0.1363,0.8000,0,1
4.4369,-0.0079,1.1473,-0.0242,-0.0632,4.6261,0.1033,0.8085,0.1818,0.1229,-0.3388,4.6261,0.1033,0.8085,4.7373,0.1217,0.8000,0,1,4.6244,-0.1957,0.7627,0.1990,-0.1756,-0.3846,4.6244,-0.1957,0.7627,4.6453,-0.1617,0.8000,1,1,4.2314,0.1902,0.7450,-0.2176,0.1847,-0.4023,4.2314,0.1902,0.7450,4.2772,0.1461,0.8000,1,1,4.2475,-0.0783,0.7902,-0.1846,-0.0822,-0.3571,4.2475,-0.0783,0.7902,4.3333,-0.1373,0.8000,0,1
4.4406,-0.0082,1.1460,-0.0272,-0.0609,4.6382,0.1015,0.8212,0.1906,0.1215,-0.3248,4.6382,0.1015,0.8212,4.7407,0.1219,0.8000,0,1,4.6244,-0.1957,0.7627,0.1949,-0.1760,-0.3833,4.6244,-0.1957,0.7627,4.6474,-0.1616,0.8000,1,1,4.2314,0.1902,0.7450,-0.2209,0.1853,-0.4010,4.2314,0.1902,0.7450,4.2786,0.1454,0.8000,1,1,4.2557,-0.0825,0.8029,-0.1800,-0.0854,-0.3431,4.2557,-0.0825,0.8029,4.3373,-0.1380,0.8000,0,1
4.4441,-0.0082,1.1449,-0.0293,-0.0572,4.6484,0.1012,0.8323,0.1977,0.1209,-0.3126,4.6484,0.1012,0.8323,4.7437,0.1226,0.8000,0,1,4.6244,-0.1957,0.7627,0.1907,-0.1769,-0.3822,4.6244,-0.1957,0.7627,4.6495,-0.1610,0.8000,1,1,4.2315,0.1903,0.7450,-0.2236,0.1860,-0.3999,4.2315,0.1903,0.7450,4.2796,0.1447,0.8000,1,1,4.2596,-0.0882,0.8139,-0.1796,-0.0904,-0.3310,4.2596,-0.0882,0.8139,4.3413,-0.1389,0.8000,0,1
4.4475,-0.0082,1.1440,-0.0303,-0.0517,4.6567,0.1020,0.8405,0.2032,0.1209,-0.3035,4.6567,0.1020,0.8405,4.7464,0.1237,0.8000,0,1,4.6245,-0.1956,0.7627,0.1864,-0.1780,-0.3813,4.6245,-0.1956,0.7627,4.6518,-0.1599,0.8000,1,1,4.2315,0.1903,0.7450,-0.2260,0.1871,-0.3990,4.2315,0.1903,0.7450,4.2802,0.1437,0.8000,1,1,4.2613,-0.0939,0.8220,-0.1815,-0.0952,-0.3220,4.2613,-0.0939,0.8220,4.3455,-0.1399,0.8000,0,1
4.4509,-0.0079,1.1435,-0.0305,-0.0445,4.6633,0.1039,0.8444,0.2072,0.1211,-0.2991,4.6633,0.1039,0.8444,4.7488,0.1254,0.8000,0,1,4.6245,-0.1956,0.7627,0.1818,-0.1798,-0.3808,4.6245,-0.1956,0.7627,4.6542,-0.1583,0.8000,1,1,4.2315,0.1903,0.7450,-0.2280,0.1882,-0.3985,4.2315,0.1903,0.7450,4.2804,0.1426,0.8000,1,1,4.2627,-0.1000,0.8258,-0.1839,-0.1004,-0.3177,4.2627,-0.1000,0.8258,4.3498,-0.1411,0.8000,0,1
4.4543,-0.0075,1.1434,-0.0304,-0.0354,4.6689,0.1071,0.8432,0.2104,0.1221,-0.3002,4.6689,0.1071,0.8432,4.7510,0.1276,0.8000,0,1,4.6245,-0.1956,0.7627,0.1768,-0.1820,-0.3807,4.6245,-0.1956,0.7627,4.6569,-0.1562,0.8000,1,1,4.2315,0.1903,0.7450,-0.2297,0.1898,-0.3984,4.2315,0.1903,0.7450,4.2804,0.1413,0.8000,1,1,4.2643,-0.1071,0.8246,-0.1864,-0.1063,-0.3188,4.2643,-0.1071,0.8246,4.3544,-0.1425,0.8000,0,1
4.4576,-0.0069,1.1438,-0.0304,-0.0248,4.6742,0.1124,0.8375,0.2136,0.1246,-0.3063,4.6742,0.1124,0.8375,4.7529,0.1303,0.8000,0,1,4.6245,-0.1956,0.7627,0.1715,-0.1845,-0.3811,4.6245,-0.1956,0.7627,4.6599,-0.1536,0.8000,1,1,4.2316,0.1903,0.7450,-0.2308,0.1915,-0.3988,4.2316,0.1903,0.7450,4.2802,0.1399,0.8000,1,1,4.2662,-0.1165,0.8189,-0.1886,-0.1143,-0.3249,4.2662,-0.1165,0.8189,4.3592,-0.1440,0.8000,0,1
4.4611,-0.0061,1.1447,-0.0306,-0.0130,4.6797,0.1205,0.8284,0.2169,0.1294,-0.3163,4.6797,0.1205,0.8284,4.7547,0.1333,0.8000,0,1,4.6246,-0.1956,0.7627,0.1659,-0.1874,-0.3820,4.6246,-0.1956,0.7627,4.6630,-0.1506,0.8000,1,1,4.2316,0.1904,0.7450,-0.2320,0.1935,-0.3997,4.2316,0.1904,0.7450,4.2800,0.1384,0.8000,1,1,4.2688,-0.1290,0.8098,-0.1907,-0.1254,-0.3349,4.2688,-0.1290,0.8098,4.3643,-0.1456,0.8000,0,1
4.4647,-0.0052,1.1459,-0.0312,-0.0003,4.6856,0.1325,0.8170,0.2209,0.1378,-0.3289,4.6856,0.1325,0.8170,4.7566,0.1368,0.8000,0,1,4.6246,-0.1955,0.7627,0.1600,-0.1903,-0.3832,4.6246,-0.1955,0.7627,4.6665,-0.1472,0.8000,1,1,4.2316,0.1904,0.7450,-0.2332,0.1955,-0.4009,4.2316,0.1904,0.7450,4.2798,0.1369,0.8000,1,1,4.2726,-0.1454,0.7983,-0.1921,-0.1403,-0.3476,4.2726,-0.1454,0.7983,4.3697,-0.1471,0.8000,0,1
4.4685,-0.0040,1.1474,-0.0321,0.0132,4.6915,0.1487,0.8044,0.2250,0.1497,-0.3430,4.6915,0.1487,0.8044,4.7584,0.1405,0.8000,0,1,4.6246,-0.1955,0.7627,0.1536,-0.1935,-0.3847,4.6246,-0.1955,0.7627,4.6702,-0.1435,0.8000,1,1,4.2316,0.1905,0.7450,-0.2343,0.1976,-0.4024,4.2316,0.1905,0.7450,4.2796,0.1354,0.8000,1,1,4.2777,-0.1641,0.7857,-0.1929,-0.1576,-0.3617,4.2777,-0.1641,0.7857,4.3754,-0.1486,0.8000,0,1
4.4725,-0.0027,1.1490,-0.0327,0.0274,4.6962,0.1667,0.7918,0.2283,0.1632,-0.3572,4.6962,0.1667,0.7918,4.7604,0.1445,0.8000,0,1,4.6246,-0.1955,0.7626,0.1468,-0.1969,-0.3864,4.6246,-0.1955,0.7626,4.6741,-0.1394,0.8000,1,1,4.2316,0.1905,0.7450,-0.2355,0.1997,-0.4040,4.2316,0.1905,0.7450,4.2797,0.1339,0.8000,1,1,4.2838,-0.1809,0.7731,-0.1935,-0.1730,-0.3759,4.2838,-0.1809,0.7731,4.3815,-0.1500,0.8000,0,1
4.4768,-0.0012,1.1504,-0.0322,0.0421,4.6985,0.1820,0.7803,0.2292,0.1737,-0.3701,4.6985,0.1820,0.7803,4.7624,0.1488,0.8000,0,1,4.6245,-0.1955,0.7626,0.1394,-0.2003,-0.3878,4.6245,-0.1955,0.7626,4.6784,-0.1350,0.8000,1,1,4.2316,0.1905,0.7450,-0.2369,0.2019,-0.4054,4.2316,0.1905,0.7450,4.2800,0.1325,0.8000,1,1,4.2902,-0.1906,0.7617,-0.1944,-0.1814,-0.3887,4.2902,-0.1906,0.7617,4.3879,-0.1513,0.8000,0,1
4.4812,0.0005,1.1514,-0.0292,0.0562,4.6984,0.1906,0.7710,0.2275,0.1776,-0.3804,4.6984,0.1906,0.7710,4.7648,0.1530,0.8000,0,1,4.6244,-0.1957,0.7627,0.1320,-0.2039,-0.3887,4.6244,-0.1957,0.7627,4.6827,-0.1305,0.8000,1,1,4.2316,0.1903,0.7449,-0.2385,0.2035,-0.4065,4.2316,0.1903,0.7449,4.2806,0.1313,0.8000,1,1,4.2955,-0.1919,0.7525,-0.1962,-0.1817,-0.3989,4.2955,-0.1919,0.7525,4.3945,-0.1522,0.8000,0,1
4.4859,0.0022,1.1515,-0.0233,0.0675,4.6969,0.1917,0.7640,0.2233,0.1748,-0.3875,4.6969,0.1917,0.7640,4.7027,0.1569,0.8000,1,1,4.6243,-0.1962,0.7627,0.1247,-0.2073,-0.3888,4.6243,-0.1962,0.7627,4.7868,-0.1265,0.8000,0,1,4.2315,0.1900,0.7446,-0.2412,0.2045,-0.4069,4.2315,0.1900,0.7446,4.3818,0.1308,0.8000,0,1,4.2983,-0.1923,0.7463,-0.2003,-0.1814,-0.4052,4.2983,-0.1923,0.7463,4.3359,-0.1526,0.8000,1,1
4.4908,0.0039,1.1502,-0.0181,0.0768,4.6970,0.1915,0.7640,0.2200,0.1712,-0.3862,4.6970,0.1915,0.7640,4.7041,0.1602,0.8000,1,1,4.6348,-0.2057,0.7675,0.1275,-0.2200,-0.3827,4.6348,-0.2057,0.7675,4.7929,-0.1230,0.8000,0,1,4.2350,0.1982,0.7489,-0.2401,0.2134,-0.4013,4.2350,0.1982,0.7489,4.3855,0.1305,0.8000,0,1,4.2983,-0.1924,0.7463,-0.2070,-0.1810,-0.4039,4.2983,-0.1924,0.7463,4.3402,-0.1527,0.8000,1,1
4.4960,0.0052,1.1494,-0.0196,0.0758,4.6970,0.1916,0.7641,0.2145,0.1706,-0.3853,4.6970,0.1916,0.7641,4.7075,0.1613,0.8000,1,1,4.6561,-0.1772,0.7764,0.1458,-0.1940,-0.3730,4.6561,-0.1772,0.7764,4.7981,-0.1218,0.8000,0,1,4.2587,0.1668,0.7592,-0.2244,0.1791,-0.3902,4.2587,0.1668,0.7592,4.3909,0.1320,0.8000,0,1,4.2983,-0.1922,0.7462,-0.2121,-0.1819,-0.4032,4.2983,-0.1922,0.7462,4.3434,-0.1511,0.8000,1,1
4.5007,0.0062,1.1493,-0.0208,0.0687,4.6969,0.1918,0.7641,0.2085,0.1717,-0.3852,4.6969,0.1918,0.7641,4.7113,0.1611,0.8000,1,1,4.6744,-0.1265,0.7896,0.1642,-0.1443,-0.3597,4.6744,-0.1265,0.7896,4.8018,-0.1223,0.8000,0,1,4.2909,0.1071,0.7731,-0.2024,0.1151,-0.3762,4.2909,0.1071,0.7731,4.3965,0.1345,0.8000,0,1,4.2982,-0.1920,0.7461,-0.2156,-0.1838,-0.4032,4.2982,-0.1920,0.7461,4.3449,-0.1488,0.8000,1,1
4.5049,0.0069,1.1485,-0.0229,0.0653,4.6969,0.1918,0.7641,0.2037,0.1720,-0.3844,4.6969,0.1918,0.7641,4.7140,0.1611,0.8000,1,1,4.6897,-0.1099,0.8025,0.1768,-0.1286,-0.3460,4.6897,-0.1099,0.8025,4.8055,-0.1223,0.8000,0,1,4.3083,0.0889,0.7862,-0.1908,0.0947,-0.3623,4.3083,0.0889,0.7862,4.4010,0.1358,0.8000,0,1,4.2982,-0.1920,0.7461,-0.2192,-0.1850,-0.4024,4.2982,-0.1920,0.7461,4.3466,-0.1476,0.8000,1,1
4.5087,0.0072,1.1473,-0.0256,0.0627,4.6969,0.1918,0.7641,0.1994,0.1724,-0.3832,4.6969,0.1918,0.7641,4.7163,0.1610,0.8000,1,1,4.7026,-0.1048,0.8156,0.1865,-0.1239,-0.3317,4.7026,-0.1048,0.8156,4.8090,-0.1225,0.8000,0,1,4.3197,0.0871,0.7992,-0.1836,0.0916,-0.3481,4.3197,0.0871,0.7992,4.4052,0.1367,0.8000,0,1,4.2982,-0.1921,0.7461,-0.2226,-0.1857,-0.4012,4.2982,-0.1921,0.7461,4.3480,-0.1467,0.8000,1,1
4.5124,0.0074,1.1461,-0.0279,0.0591,4.6970,0.1918,0.7641,0.1952,0.1732,-0.3820,4.6970,0.1918,0.7641,4.7185,0.1605,0.8000,1,1,4.7134,-0.1032,0.8277,0.1941,-0.1223,-0.3184,4.7134,-0.1032,0.8277,4.8122,-0.1230,0.8000,0,1,4.3265,0.0898,0.8113,-0.1807,0.0932,-0.3348,4.3265,0.0898,0.8113,4.4093,0.1376,0.8000,0,1,4.2983,-0.1921,0.7461,-0.2255,-0.1865,-0.4000,4.2983,-0.1921,0.7461,4.3491,-0.1459,0.8000,1,1
4.5159,0.0074,1.1450,-0.0293,0.0543,4.6970,0.1917,0.7641,0.1908,0.1742,-0.3809,4.6970,0.1917,0.7641,4.7207,0.1596,0.8000,1,1,4.7225,-0.1033,0.8375,0.2003,-0.1217,-0.3075,4.7225,-0.1033,0.8375,4.8151,-0.1239,0.8000,0,1,4.3302,0.0940,0.8210,-0.1807,0.0966,-0.3240,4.3302,0.0940,0.8210,4.4135,0.1387,0.8000,0,1,4.2983,-0.1921,0.7461,-0.2281,-0.1874,-0.3989,4.2983,-0.1921,0.7461,4.3499,-0.1449,0.8000,1,1
4.5193,0.0073,1.1442,-0.0300,0.0477,4.6971,0.1917,0.7641,0.1864,0.1757,-0.3801,4.6971,0.1917,0.7641,4.7231,0.1583,0.8000,1,1,4.7302,-0.1045,0.8437,0.2053,-0.1217,-0.3005,4.7302,-0.1045,0.8437,4.8177,-0.1253,0.8000,0,1,4.3320,0.0989,0.8271,-0.1827,0.1004,-0.3171,4.3320,0.0989,0.8271,4.4178,0.1399,0.8000,0,1,4.2983,-0.1921,0.7461,-0.2303,-0.1886,-0.3981,4.2983,-0.1921,0.7461,4.3503,-0.1438,0.8000,1,1
4.5227,0.0071,1.1438,-0.0301,0.0394,4.6971,0.1917,0.7641,0.1815,0.1776,-0.3797,4.6971,0.1917,0.7641,4.7257,0.1565,0.8000,1,1,4.7365,-0.1069,0.8451,0.2091,-0.1223,-0.2987,4.7365,-0.1069,0.8451,4.8199,-0.1273,0.8000,0,1,4.3333,0.1049,0.8285,-0.1854,0.1052,-0.3153,4.3333,0.1049,0.8285,4.4222,0.1413,0.8000,0,1,4.2984,-0.1921,0.7461,-0.2320,-0.1902,-0.3977,4.2984,-0.1921,0.7461,4.3504,-0.1425,0.8000,1,1
4.5260,0.0067,1.1439,-0.0301,0.0293,4.6971,0.1917,0.7641,0.1764,0.1799,-0.3798,4.6971,0.1917,0.7641,4.7286,0.1542,0.8000,1,1,4.7420,-0.1109,0.8415,0.2125,-0.1239,-0.3024,4.7420,-0.1109,0.8415,4.8219,-0.1297,0.8000,0,1,4.3346,0.1126,0.8249,-0.1882,0.1115,-0.3190,4.3346,0.1126,0.8249,4.4270,0.1429,0.8000,0,1,4.2984,-0.1922,0.7461,-0.2333,-0.1921,-0.3978,4.2984,-0.1922,0.7461,4.3503,-0.1410,0.8000,1,1
4.5294,0.0061,1.1445,-0.0302,0.0176,4.6971,0.1917,0.7641,0.1709,0.1826,-0.3804,4.6971,0.1917,0.7641,4.7317,0.1514,0.8000,1,1,4.7475,-0.1171,0.8339,0.2159,-0.1270,-0.3106,4.7475,-0.1171,0.8339,4.8237,-0.1325,0.8000,0,1,4.3363,0.1228,0.8173,-0.1910,0.1201,-0.3272,4.3363,0.1228,0.8173,4.4320,0.1446,0.8000,0,1,4.2984,-0.1922,0.7461,-0.2345,-0.1942,-0.3984,4.2984,-0.1922,0.7461,4.3500,-0.1394,0.8000,1,1
4.5330,0.0053,1.1455,-0.0309,0.0046,4.6971,0.1916,0.7641,0.1650,0.1855,-0.3814,4.6971,0.1916,0.7641,4.7351,0.1482,0.8000,1,1,4.7532,-0.1267,0.8236,0.2196,-0.1330,-0.3219,4.7532,-0.1267,0.8236,4.8254,-0.1358,0.8000,0,1,4.3387,0.1360,0.8069,-0.1937,0.1316,-0.3386,4.3387,0.1360,0.8069,4.4373,0.1464,0.8000,0,1,4.2984,-0.1922,0.7461,-0.2355,-0.1964,-0.3994,4.2984,-0.1922,0.7461,4.3496,-0.1376,0.8000,1,1
4.5367,0.0043,1.1468,-0.0320,-0.0094,4.6971,0.1916,0.7640,0.1586,0.1888,-0.3828,4.6971,0.1916,0.7640,4.7388,0.1445,0.8000,1,1,4.7592,-0.1404,0.8114,0.2239,-0.1426,-0.3354,4.7592,-0.1404,0.8114,4.8271,-0.1395,0.8000,0,1,4.3424,0.1521,0.7947,-0.1957,0.1460,-0.3521,4.3424,0.1521,0.7947,4.4430,0.1482,0.8000,0,1,4.2984,-0.1923,0.7461,-0.2364,-0.1988,-0.4007,4.2984,-0.1923,0.7461,4.3493,-0.1358,0.8000,1,1
4.5405,0.0032,1.1484,-0.0332,-0.0241,4.6971,0.1916,0.7640,0.1520,0.1921,-0.3844,4.6971,0.1916,0.7640,4.7427,0.1405,0.8000,1,1,4.7646,-0.1578,0.7987,0.2279,-0.1556,-0.3497,4.7646,-0.1578,0.7987,4.8289,-0.1434,0.8000,0,1,4.3476,0.1694,0.7820,-0.1968,0.1615,-0.3664,4.3476,0.1694,0.7820,4.4490,0.1499,0.8000,0,1,4.2984,-0.1923,0.7461,-0.2373,-0.2013,-0.4023,4.2984,-0.1923,0.7461,4.3492,-0.1341,0.8000,1,1
4.5446,0.0019,1.1499,-0.0338,-0.0393,4.6971,0.1917,0.7640,0.1449,0.1956,-0.3859,4.6971,0.1917,0.7640,4.7469,0.1362,0.8000,1,1,4.7680,-0.1747,0.7865,0.2302,-0.1677,-0.3634,4.7680,-0.1747,0.7865,4.8307,-0.1475,0.8000,0,1,4.3540,0.1831,0.7698,-0.1976,0.1736,-0.3801,4.3540,0.1831,0.7698,4.4554,0.1514,0.8000,0,1,4.2984,-0.1923,0.7461,-0.2384,-0.2037,-0.4038,4.2984,-0.1923,0.7461,4.3492,-0.1323,0.8000,1,1
4.5489,0.0004,1.1513,-0.0327,-0.0542,4.6970,0.1918,0.7640,0.1375,0.1991,-0.3873,4.6970,0.1918,0.7640,4.7511,0.1318,0.8000,1,1,4.7689,-0.1868,0.7759,0.2298,-0.1750,-0.3754,4.7689,-0.1868,0.7759,4.8328,-0.1517,0.8000,0,1,4.3603,0.1902,0.7594,-0.1986,0.1793,-0.3919,4.3603,0.1902,0.7594,4.4619,0.1528,0.8000,0,1,4.2984,-0.1922,0.7461,-0.2397,-0.2059,-0.4052,4.2984,-0.1922,0.7461,4.3495,-0.1308,0.8000,1,1
4.5534,-0.0011,1.1520,-0.0283,-0.0669,4.6971,0.1920,0.7641,0.1305,0.2023,-0.3879,4.6971,0.1920,0.7641,4.7552,0.1277,0.8000,1,1,4.7679,-0.1922,0.7681,0.2268,-0.1763,-0.3839,4.7679,-0.1922,0.7681,4.8353,-0.1556,0.8000,0,1,4.3644,0.1936,0.7517,-0.2016,0.1816,-0.4003,4.3644,0.1936,0.7517,4.4683,0.1536,0.8000,0,1,4.2985,-0.1919,0.7458,-0.2416,-0.2074,-0.4062,4.2985,-0.1919,0.7458,4.3503,-0.1298,0.8000,1,1
4.5581,-0.0027,1.1513,-0.0222,-0.0769,4.7001,0.2008,0.7661,0.1259,0.2138,-0.3852,4.7001,0.2008,0.7661,4.8602,0.1241,0.8000,0,1,4.7674,-0.1915,0.7646,0.2232,-0.1722,-0.3867,4.7674,-0.1915,0.7646,4.7724,-0.1590,0.8000,1,1,4.3655,0.1960,0.7489,-0.2073,0.1833,-0.4024,4.3655,0.1960,0.7489,4.4085,0.1538,0.8000,1,1,4.3000,-0.1949,0.7473,-0.2426,-0.2115,-0.4040,4.3000,-0.1949,0.7473,4.4527,-0.1293,0.8000,0,1
4.5629,-0.0041,1.1501,-0.0199,-0.0821,4.7182,0.1984,0.7730,0.1382,0.2146,-0.3771,4.7182,0.1984,0.7730,4.8657,0.1217,0.8000,0,1,4.7676,-0.1910,0.7645,0.2193,-0.1695,-0.3856,4.7676,-0.1910,0.7645,4.7745,-0.1613,0.8000,1,1,4.3657,0.1964,0.7490,-0.2130,0.1837,-0.4011,4.3657,0.1964,0.7490,4.4122,0.1534,0.8000,1,1,4.3080,-0.1956,0.7543,-0.2383,-0.2118,-0.3958,4.3080,-0.1956,0.7543,4.4570,-0.1296,0.8000,0,1
4.5680,-0.0052,1.1500,-0.0216,-0.0755,4.7368,0.1478,0.7845,0.1568,0.1653,-0.3655,4.7368,0.1478,0.7845,4.8700,0.1219,0.8000,0,1,4.7674,-0.1916,0.7647,0.2129,-0.1708,-0.3853,4.7674,-0.1916,0.7647,4.7786,-0.1613,0.8000,1,1,4.3654,0.1958,0.7489,-0.2172,0.1851,-0.4011,4.3654,0.1958,0.7489,4.4143,0.1511,0.8000,1,1,4.3445,-0.1330,0.7674,-0.2132,-0.1443,-0.3826,4.3445,-0.1330,0.7674,4.4629,-0.1321,0.8000,0,1
4.5723,-0.0060,1.1496,-0.0224,-0.0702,4.7528,0.1174,0.7972,0.1714,0.1358,-0.3524,4.7528,0.1174,0.7972,4.8736,0.1222,0.8000,0,1,4.7674,-0.1916,0.7647,0.2076,-0.1715,-0.3849,4.7674,-0.1916,0.7647,4.7817,-0.1611,0.8000,1,1,4.3654,0.1958,0.7488,-0.2205,0.1868,-0.4008,4.3654,0.1958,0.7488,4.4157,0.1493,0.8000,1,1,4.3681,-0.0971,0.7804,-0.1973,-0.1052,-0.3692,4.3681,-0.0971,0.7804,4.4678,-0.1340,0.8000,0,1
4.5762,-0.0065,1.1486,-0.0247,-0.0671,4.7663,0.1085,0.8104,0.1820,0.1275,-0.3382,4.7663,0.1085,0.8104,4.8771,0.1223,0.8000,0,1,4.7674,-0.1916,0.7647,0.2032,-0.1719,-0.3839,4.7674,-0.1916,0.7647,4.7841,-0.1610,0.8000,1,1,4.3654,0.1958,0.7489,-0.2239,0.1877,-0.3997,4.3654,0.1958,0.7489,4.4172,0.1482,0.8000,1,1,4.3822,-0.0891,0.7936,-0.1880,-0.0954,-0.3550,4.3822,-0.0891,0.7936,4.4722,-0.1351,0.8000,0,1
4.5800,-0.0068,1.1474,-0.0270,-0.0634,4.7777,0.1053,0.8231,0.1902,0.1244,-0.3243,4.7777,0.1053,0.8231,4.8804,0.1228,0.8000,0,1,4.7674,-0.1916,0.7647,0.1987,-0.1726,-0.3827,4.7674,-0.1916,0.7647,4.7864,-0.1607,0.8000,1,1,4.3655,0.1958,0.7489,-0.2269,0.1886,-0.3985,4.3655,0.1958,0.7489,4.4184,0.1473,0.8000,1,1,4.3915,-0.0895,0.8063,-0.1829,-0.0945,-0.3411,4.3915,-0.0895,0.8063,4.4764,-0.1362,0.8000,0,1
4.5836,-0.0070,1.1463,-0.0286,-0.0586,4.7875,0.1043,0.8342,0.1970,0.1231,-0.3121,4.7875,0.1043,0.8342,4.8834,0.1236,0.8000,0,1,4.7674,-0.1915,0.7647,0.1943,-0.1734,-0.3816,4.7674,-0.1915,0.7647,4.7887,-0.1599,0.8000,1,1,4.3655,0.1959,0.7488,-0.2296,0.1898,-0.3975,4.3655,0.1959,0.7488,4.4192,0.1462,0.8000,1,1,4.3971,-0.0923,0.8173,-0.1812,-0.0961,-0.3290,4.3971,-0.0923,0.8173,4.4806,-0.1373,0.8000,0,1
4.5870,-0.0070,1.1454,-0.0296,-0.0524,4.7959,0.1047,0.8423,0.2028,0.1225,-0.3031,4.7959,0.1047,0.8423,4.8860,0.1248,0.8000,0,1,4.7675,-0.1915,0.7647,0.1899,-0.1748,-0.3807,4.7675,-0.1915,0.7647,4.7912,-0.1588,0.8000,1,1,4.3655,0.1959,0.7488,-0.2318,0.1910,-0.3966,4.3655,0.1959,0.7488,4.4198,0.1450,0.8000,1,1,4.4002,-0.0963,0.8254,-0.1819,-0.0990,-0.3200,4.4002,-0.0963,0.8254,4.4849,-0.1386,0.8000,0,1
4.5905,-0.0069,1.1449,-0.0301,-0.0445,4.8029,0.1065,0.8462,0.2071,0.1227,-0.2987,4.8029,0.1065,0.8462,4.8884,0.1265,0.8000,0,1,4.7675,-0.1915,0.7647,0.1850,-0.1765,-0.3802,4.7675,-0.1915,0.7647,4.7938,-0.1572,0.8000,1,1,4.3656,0.1959,0.7488,-0.2337,0.1926,-0.3961,4.3656,0.1959,0.7488,4.4200,0.1437,0.8000,1,1,4.4018,-0.1014,0.8293,-0.1843,-0.1028,-0.3156,4.4018,-0.1014,0.8293,4.4893,-0.1400,0.8000,0,1
4.5938,-0.0066,1.1447,-0.0301,-0.0347,4.8089,0.1094,0.8451,0.2109,0.1234,-0.2996,4.8089,0.1094,0.8451,4.8904,0.1287,0.8000,0,1,4.7675,-0.1915,0.7647,0.1800,-0.1788,-0.3800,4.7675,-0.1915,0.7647,4.7966,-0.1552,0.8000,1,1,4.3656,0.1959,0.7488,-0.2351,0.1945,-0.3959,4.3656,0.1959,0.7488,4.4199,0.1421,0.8000,1,1,4.4031,-0.1079,0.8281,-0.1871,-0.1079,-0.3166,4.4031,-0.1079,0.8281,4.4940,-0.1417,0.8000,0,1
4.5972,-0.0062,1.1450,-0.0300,-0.0233,4.8145,0.1140,0.8394,0.2144,0.1252,-0.3056,4.8145,0.1140,0.8394,4.8923,0.1313,0.8000,0,1,4.7675,-0.1915,0.7647,0.1746,-0.1813,-0.3803,4.7675,-0.1915,0.7647,4.7997,-0.1526,0.8000,1,1,4.3656,0.1960,0.7488,-0.2362,0.1967,-0.3962,4.3656,0.1960,0.7488,4.4196,0.1403,0.8000,1,1,4.4043,-0.1166,0.8223,-0.1903,-0.1149,-0.3227,4.4043,-0.1166,0.8223,4.4990,-0.1436,0.8000,0,1
4.6007,-0.0056,1.1458,-0.0303,-0.0105,4.8201,0.1210,0.8302,0.2181,0.1289,-0.3156,4.8201,0.1210,0.8302,4.8940,0.1344,0.8000,0,1,4.7676,-0.1914,0.7647,0.1688,-0.1840,-0.3811,4.7676,-0.1914,0.7647,4.8030,-0.1496,0.8000,1,1,4.3656,0.1960,0.7488,-0.2372,0.1991,-0.3970,4.3656,0.1960,0.7488,4.4192,0.1384,0.8000,1,1,4.4058,-0.1280,0.8132,-0.1936,-0.1244,-0.3326,4.4058,-0.1280,0.8132,4.5042,-0.1455,0.8000,0,1
4.6043,-0.0049,1.1470,-0.0311,0.0034,4.8262,0.1316,0.8189,0.2224,0.1357,-0.3281,4.8262,0.1316,0.8189,4.8956,0.1378,0.8000,0,1,4.7676,-0.1914,0.7646,0.1627,-0.1871,-0.3824,4.7676,-0.1914,0.7646,4.8066,-0.1462,0.8000,1,1,4.3656,0.1960,0.7488,-0.2380,0.2017,-0.3982,4.3656,0.1960,0.7488,4.4188,0.1365,0.8000,1,1,4.4082,-0.1427,0.8018,-0.1966,-0.1371,-0.3452,4.4082,-0.1427,0.8018,4.5098,-0.1475,0.8000,0,1
4.6081,-0.0039,1.1485,-0.0323,0.0181,4.8323,0.1457,0.8063,0.2269,0.1455,-0.3422,4.8323,0.1457,0.8063,4.8973,0.1415,0.8000,0,1,4.7676,-0.1914,0.7646,0.1561,-0.1904,-0.3839,4.7676,-0.1914,0.7646,4.8104,-0.1424,0.8000,1,1,4.3657,0.1961,0.7488,-0.2387,0.2044,-0.3997,4.3657,0.1961,0.7488,4.4185,0.1345,0.8000,1,1,4.4119,-0.1593,0.7892,-0.1990,-0.1518,-0.3593,4.4119,-0.1593,0.7892,4.5157,-0.1495,0.8000,0,1
4.6121,-0.0029,1.1501,-0.0335,0.0332,4.8374,0.1619,0.7937,0.2306,0.1572,-0.3564,4.8374,0.1619,0.7937,4.8990,0.1454,0.8000,0,1,4.7675,-0.1914,0.7646,0.1491,-0.1936,-0.3855,4.7675,-0.1914,0.7646,4.8145,-0.1384,0.8000,1,1,4.3656,0.1961,0.7488,-0.2398,0.2071,-0.4013,4.3656,0.1961,0.7488,4.4184,0.1326,0.8000,1,1,4.4172,-0.1751,0.7766,-0.2005,-0.1656,-0.3735,4.4172,-0.1751,0.7766,4.5219,-0.1513,0.8000,0,1
4.6163,-0.0016,1.1516,-0.0336,0.0483,4.8401,0.1760,0.7821,0.2321,0.1666,-0.3695,4.8401,0.1760,0.7821,4.9010,0.1494,0.8000,0,1,4.7675,-0.1915,0.7646,0.1419,-0.1970,-0.3870,4.7675,-0.1915,0.7646,4.8187,-0.1342,0.8000,1,1,4.3656,0.1960,0.7488,-0.2409,0.2095,-0.4028,4.3656,0.1960,0.7488,4.4186,0.1308,0.8000,1,1,4.4237,-0.1862,0.7651,-0.2013,-0.1751,-0.3865,4.4237,-0.1862,0.7651,4.5283,-0.1529,0.8000,0,1
4.6207,-0.0003,1.1527,-0.0313,0.0620,4.8407,0.1847,0.7728,0.2310,0.1710,-0.3799,4.8407,0.1847,0.7728,4.9033,0.1533,0.8000,0,1,4.7674,-0.1917,0.7647,0.1346,-0.2001,-0.3880,4.7674,-0.1917,0.7647,4.8229,-0.1301,0.8000,1,1,4.3656,0.1959,0.7487,-0.2425,0.2116,-0.4040,4.3656,0.1959,0.7487,4.4192,0.1294,0.8000,1,1,4.4293,-0.1915,0.7560,-0.2029,-0.1790,-0.3967,4.4293,-0.1915,0.7560,4.5348,-0.1541,0.8000,0,1
4.6252,0.0011,1.1528,-0.0261,0.0726,4.8397,0.1856,0.7658,0.2273,0.1685,-0.3870,4.8397,0.1856,0.7658,4.8412,0.1567,0.8000,1,1,4.7672,-0.1922,0.7646,0.1276,-0.2031,-0.3882,4.7672,-0.1922,0.7646,4.9268,-0.1266,0.8000,0,1,4.3655,0.1955,0.7484,-0.2449,0.2127,-0.4044,4.3655,0.1955,0.7484,4.5204,0.1286,0.8000,0,1,4.4323,-0.1962,0.7498,-0.2067,-0.1828,-0.4030,4.4323,-0.1962,0.7498,4.4761,-0.1546,0.8000,1,1
4.6300,0.0025,1.1516,-0.0208,0.0811,4.8398,0.1854,0.7658,0.2239,0.1653,-0.3858,4.8398,0.1854,0.7658,4.8427,0.1596,0.8000,1,1,4.7773,-0.2035,0.7697,0.1301,-0.2173,-0.3819,4.7773,-0.2035,0.7697,4.9327,-0.1235,0.8000,0,1,4.3695,0.2019,0.7527,-0.2435,0.2198,-0.3989,4.3695,0.2019,0.7527,4.5242,0.1282,0.8000,0,1,4.4323,-0.1964,0.7498,-0.2132,-0.1822,-0.4018,4.4323,-0.1964,0.7498,4.4802,-0.1549,0.8000,1,1
4.6352,0.0037,1.1508,-0.0217,0.0794,4.8397,0.1855,0.7658,0.2183,0.1650,-0.3850,4.8397,0.1855,0.7658,4.8461,0.1604,0.8000,1,1,4.7989,-0.1769,0.7784,0.1489,-0.1930,-0.3724,4.7989,-0.1769,0.7784,4.9377,-0.1227,0.8000,0,1,4.3929,0.1715,0.7625,-0.2282,0.1865,-0.3883,4.3929,0.1715,0.7625,4.5295,0.1297,0.8000,0,1,4.4323,-0.1963,0.7498,-0.2181,-0.1833,-0.4010,4.4323,-0.1963,0.7498,4.4831,-0.1534,0.8000,1,1
4.6398,0.0045,1.1507,-0.0223,0.0723,4.8397,0.1856,0.7658,0.2125,0.1662,-0.3849,4.8397,0.1856,0.7658,4.8499,0.1600,0.8000,1,1,4.8160,-0.1308,0.7911,0.1660,-0.1477,-0.3596,4.8160,-0.1308,0.7911,4.9414,-0.1232,0.8000,0,1,4.4250,0.1169,0.7761,-0.2061,0.1276,-0.3746,4.4250,0.1169,0.7761,4.5351,0.1321,0.8000,0,1,4.4322,-0.1961,0.7497,-0.2215,-0.1851,-0.4010,4.4322,-0.1961,0.7497,4.4846,-0.1512,0.8000,1,1
4.6439,0.0051,1.1498,-0.0237,0.0683,4.8397,0.1856,0.7658,0.2077,0.1667,-0.3840,4.8397,0.1856,0.7658,4.8526,0.1599,0.8000,1,1,4.8304,-0.1145,0.8041,0.1779,-0.1320,-0.3457,4.8304,-0.1145,0.8041,4.9450,-0.1235,0.8000,0,1,4.4427,0.0989,0.7891,-0.1943,0.1073,-0.3607,4.4427,0.0989,0.7891,4.5397,0.1335,0.8000,0,1,4.4322,-0.1961,0.7497,-0.2249,-0.1863,-0.4001,4.4322,-0.1961,0.7497,4.4861,-0.1499,0.8000,1,1
4.6478,0.0055,1.1487,-0.0257,0.0646,4.8397,0.1856,0.7658,0.2031,0.1673,-0.3829,4.8397,0.1856,0.7658,4.8551,0.1596,0.8000,1,1,4.8426,-0.1086,0.8172,0.1870,-0.1264,-0.3315,4.8426,-0.1086,0.8172,4.9484,-0.1238,0.8000,0,1,4.4547,0.0948,0.8022,-0.1869,0.1016,-0.3465,4.4547,0.0948,0.8022,4.5441,0.1346,0.8000,0,1,4.4322,-0.1961,0.7497,-0.2282,-0.1873,-0.3990,4.4322,-0.1961,0.7497,4.4874,-0.1488,0.8000,1,1
4.6515,0.0058,1.1475,-0.0272,0.0599,4.8397,0.1856,0.7658,0.1986,0.1682,-0.3817,4.8397,0.1856,0.7658,4.8575,0.1590,0.8000,1,1,4.8529,-0.1061,0.8292,0.1943,-0.1238,-0.3183,4.8529,-0.1061,0.8292,4.9515,-0.1245,0.8000,0,1,4.4628,0.0951,0.8143,-0.1830,0.1004,-0.3332,4.4628,0.0951,0.8143,4.5484,0.1359,0.8000,0,1,4.4323,-0.1961,0.7497,-0.2309,-0.1884,-0.3978,4.4323,-0.1961,0.7497,4.4884,-0.1476,0.8000,1,1
4.6551,0.0059,1.1465,-0.0283,0.0542,4.8398,0.1856,0.7659,0.1942,0.1694,-0.3806,4.8398,0.1856,0.7659,4.8599,0.1581,0.8000,1,1,4.8617,-0.1055,0.8390,0.2003,-0.1224,-0.3075,4.8617,-0.1055,0.8390,4.9543,-0.1255,0.8000,0,1,4.4683,0.0974,0.8240,-0.1816,0.1015,-0.3225,4.4683,0.0974,0.8240,4.5527,0.1372,0.8000,0,1,4.4323,-0.1961,0.7497,-0.2334,-0.1896,-0.3968,4.4323,-0.1961,0.7497,4.4891,-0.1464,0.8000,1,1
4.6586,0.0060,1.1456,-0.0289,0.0471,4.8398,0.1856,0.7659,0.1895,0.1709,-0.3797,4.8398,0.1856,0.7659,4.8625,0.1569,0.8000,1,1,4.8694,-0.1065,0.8452,0.2053,-0.1223,-0.3004,4.8694,-0.1065,0.8452,4.9569,-0.1268,0.8000,0,1,4.4716,0.1008,0.8301,-0.1823,0.1035,-0.3155,4.4716,0.1008,0.8301,4.5572,0.1387,0.8000,0,1,4.4323,-0.1962,0.7497,-0.2356,-0.1913,-0.3959,4.4323,-0.1962,0.7497,4.4895,-0.1450,0.8000,1,1
4.6621,0.0059,1.1452,-0.0292,0.0382,4.8398,0.1856,0.7659,0.1844,0.1728,-0.3793,4.8398,0.1856,0.7659,4.8653,0.1551,0.8000,1,1,4.8762,-0.1088,0.8466,0.2096,-0.1228,-0.2986,4.8762,-0.1088,0.8466,4.9592,-0.1287,0.8000,0,1,4.4733,0.1057,0.8315,-0.1849,0.1069,-0.3137,4.4733,0.1057,0.8315,4.5618,0.1404,0.8000,0,1,4.4324,-0.1962,0.7497,-0.2373,-0.1932,-0.3955,4.4324,-0.1962,0.7497,4.4896,-0.1434,0.8000,1,1
4.6655,0.0057,1.1451,-0.0292,0.0275,4.8398,0.1855,0.7659,0.1792,0.1749,-0.3792,4.8398,0.1855,0.7659,4.8683,0.1529,0.8000,1,1,4.8822,-0.1125,0.8430,0.2134,-0.1241,-0.3021,4.8822,-0.1125,0.8430,4.9611,-0.1310,0.8000,0,1,4.4742,0.1127,0.8279,-0.1883,0.1122,-0.3172,4.4742,0.1127,0.8279,4.5667,0.1423,0.8000,0,1,4.4324,-0.1962,0.7497,-0.2386,-0.1954,-0.3954,4.4324,-0.1962,0.7497,4.4895,-0.1416,0.8000,1,1
4.6689,0.0053,1.1456,-0.0292,0.0151,4.8399,0.1855,0.7659,0.1737,0.1776,-0.3797,4.8399,0.1855,0.7659,4.8716,0.1502,0.8000,1,1,4.8878,-0.1180,0.8355,0.2170,-0.1266,-0.3101,4.8878,-0.1180,0.8355,4.9628,-0.1337,0.8000,0,1,4.4751,0.1223,0.8203,-0.1920,0.1199,-0.3253,4.4751,0.1223,0.8203,4.5718,0.1444,0.8000,0,1,4.4324,-0.1962,0.7497,-0.2395,-0.1979,-0.3959,4.4324,-0.1962,0.7497,4.4891,-0.1396,0.8000,1,1
4.6724,0.0048,1.1465,-0.0296,0.0011,4.8399,0.1855,0.7658,0.1677,0.1805,-0.3807,4.8399,0.1855,0.7658,4.8751,0.1471,0.8000,1,1,4.8938,-0.1265,0.8251,0.2213,-0.1315,-0.3214,4.8938,-0.1265,0.8251,4.9644,-0.1369,0.8000,0,1,4.4763,0.1346,0.8099,-0.1960,0.1300,-0.3366,4.4763,0.1346,0.8099,4.5773,0.1466,0.8000,0,1,4.4324,-0.1963,0.7497,-0.2402,-0.2008,-0.3968,4.4324,-0.1963,0.7497,4.4886,-0.1374,0.8000,1,1
4.6761,0.0042,1.1478,-0.0307,-0.0139,4.8399,0.1855,0.7658,0.1613,0.1836,-0.3820,4.8399,0.1855,0.7658,4.8789,0.1435,0.8000,1,1,4.8998,-0.1385,0.8130,0.2257,-0.1396,-0.3348,4.8998,-0.1385,0.8130,4.9659,-0.1405,0.8000,0,1,4.4784,0.1494,0.7977,-0.1997,0.1424,-0.3501,4.4784,0.1494,0.7977,4.5831,0.1489,0.8000,0,1,4.4324,-0.1963,0.7497,-0.2409,-0.2039,-0.3981,4.4324,-0.1963,0.7497,4.4882,-0.1351,0.8000,1,1
4.6800,0.0034,1.1493,-0.0320,-0.0296,4.8399,0.1855,0.7658,0.1544,0.1868,-0.3835,4.8399,0.1855,0.7658,4.8829,0.1396,0.8000,1,1,4.9055,-0.1539,0.8002,0.2301,-0.1506,-0.3491,4.9055,-0.1539,0.8002,4.9675,-0.1442,0.8000,0,1,4.4820,0.1654,0.7850,-0.2027,0.1561,-0.3643,4.4820,0.1654,0.7850,4.5893,0.1511,0.8000,0,1,4.4324,-0.1963,0.7497,-0.2416,-0.2069,-0.3996,4.4324,-0.1963,0.7497,4.4879,-0.1328,0.8000,1,1
4.6840,0.0024,1.1508,-0.0329,-0.0454,4.8398,0.1856,0.7658,0.1473,0.1901,-0.3850,4.8398,0.1856,0.7658,4.8871,0.1355,0.8000,1,1,4.9092,-0.1691,0.7880,0.2328,-0.1611,-0.3628,4.9092,-0.1691,0.7880,4.9692,-0.1482,0.8000,0,1,4.4872,0.1791,0.7729,-0.2046,0.1676,-0.3779,4.4872,0.1791,0.7729,4.5957,0.1531,0.8000,0,1,4.4324,-0.1963,0.7497,-0.2423,-0.2099,-0.4011,4.4324,-0.1963,0.7497,4.4878,-0.1306,0.8000,1,1
4.6882,0.0013,1.1522,-0.0322,-0.0602,4.8397,0.1857,0.7658,0.1401,0.1932,-0.3864,4.8397,0.1857,0.7658,4.8913,0.1315,0.8000,1,1,4.9103,-0.1804,0.7774,0.2326,-0.1680,-0.3748,4.9103,-0.1804,0.7774,4.9712,-0.1520,0.8000,0,1,4.4932,0.1880,0.7624,-0.2059,0.1746,-0.3898,4.4932,0.1880,0.7624,4.6022,0.1548,0.8000,0,1,4.4324,-0.1962,0.7496,-0.2435,-0.2125,-0.4026,4.4324,-0.1962,0.7496,4.4881,-0.1287,0.8000,1,1
4.6926,0.0001,1.1529,-0.0283,-0.0723,4.8398,0.1860,0.7660,0.1334,0.1960,-0.3869,4.8398,0.1860,0.7660,4.8951,0.1278,0.8000,1,1,4.9093,-0.1853,0.7695,0.2295,-0.1693,-0.3834,4.9093,-0.1853,0.7695,4.9736,-0.1554,0.8000,0,1,4.4979,0.1945,0.7547,-0.2082,0.1798,-0.3982,4.4979,0.1945,0.7547,4.6083,0.1558,0.8000,0,1,4.4325,-0.1958,0.7493,-0.2453,-0.2142,-0.4036,4.4325,-0.1958,0.7493,4.4888,-0.1275,0.8000,1,1
4.6971,-0.0012,1.1523,-0.0227,-0.0815,4.8419,0.1972,0.7681,0.1282,0.2095,-0.3842,4.8419,0.1972,0.7681,4.9999,0.1247,0.8000,0,1,4.9091,-0.1837,0.7661,0.2262,-0.1646,-0.3862,4.9091,-0.1837,0.7661,4.9107,-0.1583,0.8000,1,1,4.4997,0.1988,0.7521,-0.2130,0.1833,-0.4002,4.4997,0.1988,0.7521,4.5484,0.1562,0.8000,1,1,4.4342,-0.1983,0.7508,-0.2460,-0.2178,-0.4015,4.4342,-0.1983,0.7508,4.5912,-0.1268,0.8000,0,1
4.7019,-0.0023,1.1512,-0.0203,-0.0856,4.8598,0.1953,0.7751,0.1404,0.2104,-0.3761,4.8598,0.1953,0.7751,5.0051,0.1228,0.8000,0,1,4.9093,-0.1832,0.7659,0.2221,-0.1625,-0.3853,4.9093,-0.1832,0.7659,4.9129,-0.1602,0.8000,1,1,4.4998,0.1993,0.7522,-0.2186,0.1836,-0.3990,4.4998,0.1993,0.7522,4.5518,0.1558,0.8000,1,1,4.4427,-0.1971,0.7574,-0.2416,-0.2162,-0.3938,4.4427,-0.1971,0.7574,4.5955,-0.1271,0.8000,0,1
4.7068,-0.0033,1.1510,-0.0217,-0.0787,4.8783,0.1499,0.7861,0.1589,0.1662,-0.3649,4.8783,0.1499,0.7861,5.0092,0.1232,0.8000,0,1,4.9091,-0.1837,0.7661,0.2159,-0.1639,-0.3849,4.9091,-0.1837,0.7661,4.9169,-0.1599,0.8000,1,1,4.4996,0.1988,0.7521,-0.2224,0.1852,-0.3989,4.4996,0.1988,0.7521,4.5536,0.1536,0.8000,1,1,4.4784,-0.1396,0.7702,-0.2170,-0.1538,-0.3808,4.4784,-0.1396,0.7702,4.6013,-0.1295,0.8000,0,1
4.7111,-0.0039,1.1506,-0.0223,-0.0730,4.8932,0.1216,0.7987,0.1725,0.1384,-0.3519,4.8932,0.1216,0.7987,5.0127,0.1237,0.8000,0,1,4.9091,-0.1837,0.7661,0.2106,-0.1649,-0.3845,4.9091,-0.1837,0.7661,4.9200,-0.1595,0.8000,1,1,4.4996,0.1988,0.7521,-0.2257,0.1867,-0.3985,4.4996,0.1988,0.7521,4.5549,0.1519,0.8000,1,1,4.5024,-0.1062,0.7831,-0.2007,-0.1172,-0.3675,4.5024,-0.1062,0.7831,4.6062,-0.1313,0.8000,0,1
4.7150,-0.0044,1.1496,-0.0242,-0.0687,4.9060,0.1124,0.8119,0.1825,0.1296,-0.3377,4.9060,0.1124,0.8119,5.0161,0.1241,0.8000,0,1,4.9091,-0.1837,0.7661,0.2060,-0.1656,-0.3835,4.9091,-0.1837,0.7661,4.9226,-0.1592,0.8000,1,1,4.4996,0.1988,0.7521,-0.2288,0.1879,-0.3975,4.4996,0.1988,0.7521,4.5562,0.1507,0.8000,1,1,4.5169,-0.0970,0.7963,-0.1913,-0.1060,-0.3533,4.5169,-0.0970,0.7963,4.6107,-0.1327,0.8000,0,1
4.7188,-0.0047,1.1486,-0.0260,-0.0638,4.9169,0.1086,0.8246,0.1905,0.1257,-0.3240,4.9169,0.1086,0.8246,5.0192,0.1247,0.8000,0,1,4.9091,-0.1837,0.7661,0.2013,-0.1665,-0.3825,4.9091,-0.1837,0.7661,4.9251,-0.1587,0.8000,1,1,4.4996,0.1988,0.7521,-0.2317,0.1891,-0.3965,4.4996,0.1988,0.7521,4.5572,0.1494,0.8000,1,1,4.5271,-0.0951,0.8090,-0.1855,-0.1024,-0.3396,4.5271,-0.0951,0.8090,4.6151,-0.1340,0.8000,0,1
4.7224,-0.0050,1.1475,-0.0273,-0.0578,4.9263,0.1070,0.8357,0.1971,0.1236,-0.3118,4.9263,0.1070,0.8357,5.0221,0.1257,0.8000,0,1,4.9091,-0.1837,0.7661,0.1967,-0.1676,-0.3814,4.9091,-0.1837,0.7661,4.9277,-0.1578,0.8000,1,1,4.4997,0.1988,0.7521,-0.2341,0.1906,-0.3954,4.4997,0.1988,0.7521,4.5579,0.1481,0.8000,1,1,4.5341,-0.0960,0.8201,-0.1827,-0.1017,-0.3274,4.5341,-0.0960,0.8201,4.6195,-0.1355,0.8000,0,1
4.7260,-0.0051,1.1467,-0.0283,-0.0505,4.9345,0.1070,0.8438,0.2026,0.1225,-0.3029,4.9345,0.1070,0.8438,5.0247,0.1270,0.8000,0,1,4.9091,-0.1836,0.7661,0.1919,-0.1690,-0.3806,4.9091,-0.1836,0.7661,4.9304,-0.1566,0.8000,1,1,4.4997,0.1989,0.7520,-0.2363,0.1923,-0.3947,4.4997,0.1989,0.7520,4.5584,0.1465,0.8000,1,1,4.5388,-0.0983,0.8281,-0.1823,-0.1025,-0.3186,4.5388,-0.0983,0.8281,4.6240,-0.1371,0.8000,0,1
4.7295,-0.0052,1.1462,-0.0290,-0.0416,4.9417,0.1086,0.8477,0.2073,0.1225,-0.2985,4.9417,0.1086,0.8477,5.0270,0.1287,0.8000,0,1,4.9092,-0.1836,0.7661,0.1870,-0.1708,-0.3801,4.9092,-0.1836,0.7661,4.9332,-0.1550,0.8000,1,1,4.4997,0.1989,0.7520,-0.2381,0.1944,-0.3942,4.4997,0.1989,0.7520,4.5585,0.1448,0.8000,1,1,4.5416,-0.1019,0.8320,-0.1837,-0.1044,-0.3142,4.5416,-0.1019,0.8320,4.6287,-0.1389,0.8000,0,1
4.7329,-0.0051,1.1460,-0.0292,-0.0308,4.9482,0.1115,0.8466,0.2116,0.1232,-0.2994,4.9482,0.1115,0.8466,5.0290,0.1309,0.8000,0,1,4.9092,-0.1836,0.7661,0.1817,-0.1730,-0.3799,4.9092,-0.1836,0.7661,4.9362,-0.1530,0.8000,1,1,4.4998,0.1989,0.7520,-0.2393,0.1967,-0.3940,4.4998,0.1989,0.7520,4.5584,0.1428,0.8000,1,1,4.5430,-0.1074,0.8308,-0.1867,-0.1081,-0.3152,4.5430,-0.1074,0.8308,4.6336,-0.1410,0.8000,0,1
4.7363,-0.0050,1.1464,-0.0291,-0.0182,4.9540,0.1157,0.8409,0.2155,0.1246,-0.3055,4.9540,0.1157,0.8409,5.0307,0.1335,0.8000,0,1,4.9092,-0.1836,0.7661,0.1761,-0.1754,-0.3803,4.9092,-0.1836,0.7661,4.9395,-0.1504,0.8000,1,1,4.4998,0.1989,0.7520,-0.2402,0.1996,-0.3944,4.4998,0.1989,0.7520,4.5580,0.1406,0.8000,1,1,4.5436,-0.1152,0.8251,-0.1907,-0.1137,-0.3213,4.5436,-0.1152,0.8251,4.6388,-0.1434,0.8000,0,1
4.7398,-0.0046,1.1472,-0.0292,-0.0040,4.9598,0.1219,0.8318,0.2195,0.1274,-0.3154,4.9598,0.1219,0.8318,5.0322,0.1366,0.8000,0,1,4.9092,-0.1836,0.7661,0.1701,-0.1783,-0.3811,4.9092,-0.1836,0.7661,4.9431,-0.1474,0.8000,1,1,4.4998,0.1990,0.7520,-0.2408,0.2026,-0.3952,4.4998,0.1990,0.7520,4.5574,0.1381,0.8000,1,1,4.5442,-0.1257,0.8159,-0.1951,-0.1219,-0.3313,4.5442,-0.1257,0.8159,4.6443,-0.1459,0.8000,0,1
4.7434,-0.0042,1.1484,-0.0298,0.0112,4.9659,0.1312,0.8204,0.2240,0.1329,-0.3280,4.9659,0.1312,0.8204,5.0336,0.1399,0.8000,0,1,4.9092,-0.1835,0.7661,0.1638,-0.1811,-0.3823,4.9092,-0.1835,0.7661,4.9468,-0.1440,0.8000,1,1,4.4998,0.1990,0.7520,-0.2413,0.2059,-0.3964,4.4998,0.1990,0.7520,4.5569,0.1356,0.8000,1,1,4.5453,-0.1392,0.8045,-0.1996,-0.1328,-0.3439,4.5453,-0.1392,0.8045,4.6500,-0.1484,0.8000,0,1
4.7472,-0.0036,1.1499,-0.0310,0.0271,4.9722,0.1434,0.8078,0.2289,0.1408,-0.3421,4.9722,0.1434,0.8078,5.0351,0.1435,0.8000,0,1,4.9092,-0.1835,0.7660,0.1571,-0.1842,-0.3839,4.9092,-0.1835,0.7660,4.9508,-0.1404,0.8000,1,1,4.4998,0.1990,0.7520,-0.2418,0.2092,-0.3979,4.4998,0.1990,0.7520,4.5564,0.1330,0.8000,1,1,4.5475,-0.1547,0.7919,-0.2037,-0.1456,-0.3580,4.5475,-0.1547,0.7919,4.6561,-0.1509,0.8000,0,1
4.7512,-0.0029,1.1516,-0.0326,0.0429,4.9775,0.1573,0.7952,0.2330,0.1503,-0.3564,4.9775,0.1573,0.7952,5.0367,0.1472,0.8000,0,1,4.9092,-0.1836,0.7660,0.1501,-0.1873,-0.3856,4.9092,-0.1836,0.7660,4.9549,-0.1365,0.8000,1,1,4.4998,0.1990,0.7520,-0.2425,0.2125,-0.3996,4.4998,0.1990,0.7520,4.5563,0.1306,0.8000,1,1,4.5514,-0.1698,0.7794,-0.2068,-0.1582,-0.3722,4.5514,-0.1698,0.7794,4.6625,-0.1531,0.8000,0,1
4.7554,-0.0020,1.1531,-0.0334,0.0580,4.9808,0.1695,0.7836,0.2350,0.1581,-0.3695,4.9808,0.1695,0.7836,5.0386,0.1509,0.8000,0,1,4.9091,-0.1836,0.7660,0.1429,-0.1902,-0.3871,4.9091,-0.1836,0.7660,4.9591,-0.1327,0.8000,1,1,4.4998,0.1990,0.7520,-0.2435,0.2155,-0.4011,4.4998,0.1990,0.7520,4.5565,0.1284,0.8000,1,1,4.5568,-0.1818,0.7679,-0.2087,-0.1680,-0.3852,4.5568,-0.1818,0.7679,4.6689,-0.1551,0.8000,0,1
4.7597,-0.0010,1.1542,-0.0321,0.0709,4.9819,0.1767,0.7743,0.2342,0.1615,-0.3799,4.9819,0.1767,0.7743,5.0410,0.1542,0.8000,0,1,4.9091,-0.1838,0.7661,0.1361,-0.1929,-0.3881,4.9091,-0.1838,0.7661,4.9631,-0.1291,0.8000,1,1,4.4998,0.1988,0.7519,-0.2451,0.2177,-0.4023,4.4998,0.1988,0.7519,4.5571,0.1268,0.8000,1,1,4.5623,-0.1895,0.7587,-0.2103,-0.1740,-0.3955,4.5623,-0.1895,0.7587,4.6753,-0.1565,0.8000,0,1
4.7642,-0.0000,1.1543,-0.0280,0.0802,4.9812,0.1758,0.7673,0.2304,0.1579,-0.3870,4.9812,0.1758,0.7673,4.9790,0.1569,0.8000,1,1,4.9088,-0.1844,0.7661,0.1294,-0.1954,-0.3882,4.9088,-0.1844,0.7661,5.0667,-0.1262,0.8000,0,1,4.4997,0.1984,0.7516,-0.2478,0.2190,-0.4027,4.4997,0.1984,0.7516,4.6584,0.1259,0.8000,0,1,4.5660,-0.1972,0.7526,-0.2134,-0.1807,-0.4017,4.5660,-0.1972,0.7526,4.6162,-0.1572,0.8000,1,1
4.7689,0.0010,1.1532,-0.0228,0.0872,4.9814,0.1756,0.7672,0.2269,0.1554,-0.3860,4.9814,0.1756,0.7672,4.9806,0.1592,0.8000,1,1,4.9182,-0.1983,0.7713,0.1314,-0.2115,-0.3819,4.9182,-0.1983,0.7713,5.0723,-0.1237,0.8000,0,1,4.5044,0.2039,0.7558,-0.2458,0.2252,-0.3974,4.5044,0.2039,0.7558,4.6623,0.1255,0.8000,0,1,4.5661,-0.1974,0.7526,-0.2193,-0.1800,-0.4006,4.5661,-0.1974,0.7526,4.6200,-0.1574,0.8000,1,1
4.7739,0.0020,1.1524,-0.0232,0.0840,4.9813,0.1756,0.7673,0.2212,0.1556,-0.3851,4.9813,0.1756,0.7673,4.9842,0.1596,0.8000,1,1,4.9400,-0.1735,0.7799,0.1508,-0.1888,-0.3725,4.9400,-0.1735,0.7799,5.0770,-0.1234,0.8000,0,1,4.5274,0.1751,0.7654,-0.2311,0.1932,-0.3870,4.5274,0.1751,0.7654,4.6677,0.1271,0.8000,0,1,4.5661,-0.1973,0.7527,-0.2238,-0.1812,-0.3997,4.5661,-0.1973,0.7527,4.6225,-0.1559,0.8000,1,1
4.7785,0.0027,1.1521,-0.0232,0.0762,4.9813,0.1757,0.7673,0.2154,0.1571,-0.3848,4.9813,0.1757,0.7673,4.9879,0.1589,0.8000,1,1,4.9564,-0.1316,0.7923,0.1672,-0.1475,-0.3598,4.9564,-0.1316,0.7923,5.0806,-0.1243,0.8000,0,1,4.5590,0.1249,0.7787,-0.2096,0.1386,-0.3734,4.5590,0.1249,0.7787,4.6733,0.1294,0.8000,0,1,4.5660,-0.1972,0.7526,-0.2271,-0.1831,-0.3995,4.5660,-0.1972,0.7526,4.6239,-0.1537,0.8000,1,1
4.7826,0.0032,1.1512,-0.0240,0.0710,4.9813,0.1757,0.7673,0.2104,0.1580,-0.3839,4.9813,0.1757,0.7673,4.9909,0.1585,0.8000,1,1,4.9700,-0.1161,0.8052,0.1785,-0.1323,-0.3460,4.9700,-0.1161,0.8052,5.0840,-0.1248,0.8000,0,1,4.5769,0.1074,0.7917,-0.1978,0.1185,-0.3595,4.5769,0.1074,0.7917,4.6780,0.1310,0.8000,0,1,4.5660,-0.1972,0.7526,-0.2303,-0.1845,-0.3986,4.5660,-0.1972,0.7526,4.6252,-0.1522,0.8000,1,1
4.7865,0.0036,1.1501,-0.0252,0.0659,4.9813,0.1757,0.7673,0.2057,0.1589,-0.3828,4.9813,0.1757,0.7673,4.9936,0.1580,0.8000,1,1,4.9817,-0.1100,0.8183,0.1873,-0.1262,-0.3318,4.9817,-0.1100,0.8183,5.0873,-0.1254,0.8000,0,1,4.5894,0.1019,0.8048,-0.1902,0.1111,-0.3453,4.5894,0.1019,0.8048,4.6826,0.1325,0.8000,0,1,4.5660,-0.1972,0.7526,-0.2332,-0.1858,-0.3975,4.5660,-0.1972,0.7526,4.6263,-0.1509,0.8000,1,1
4.7903,0.0040,1.1490,-0.0262,0.0600,4.9813,0.1757,0.7673,0.2010,0.1599,-0.3817,4.9813,0.1757,0.7673,4.9963,0.1572,0.8000,1,1,4.9917,-0.1072,0.8304,0.1944,-0.1231,-0.3186,4.9917,-0.1072,0.8304,5.0903,-0.1263,0.8000,0,1,4.5985,0.1006,0.8168,-0.1857,0.1079,-0.3322,4.5985,0.1006,0.8168,4.6871,0.1340,0.8000,0,1,4.5661,-0.1972,0.7526,-0.2359,-0.1874,-0.3964,4.5661,-0.1972,0.7526,4.6272,-0.1494,0.8000,1,1
4.7940,0.0043,1.1479,-0.0269,0.0532,4.9813,0.1757,0.7673,0.1961,0.1612,-0.3806,4.9813,0.1757,0.7673,4.9990,0.1563,0.8000,1,1,5.0004,-0.1063,0.8402,0.2002,-0.1214,-0.3077,5.0004,-0.1063,0.8402,5.0931,-0.1273,0.8000,0,1,4.6053,0.1013,0.8266,-0.1833,0.1069,-0.3213,4.6053,0.1013,0.8266,4.6917,0.1357,0.8000,0,1,4.5661,-0.1972,0.7526,-0.2383,-0.1891,-0.3953,4.5661,-0.1972,0.7526,4.6278,-0.1479,0.8000,1,1
4.7976,0.0045,1.1471,-0.0273,0.0451,4.9814,0.1757,0.7673,0.1913,0.1627,-0.3798,4.9814,0.1757,0.7673,5.0018,0.1550,0.8000,1,1,5.0080,-0.1069,0.8463,0.2052,-0.1208,-0.3008,5.0080,-0.1069,0.8463,5.0956,-0.1287,0.8000,0,1,4.6102,0.1032,0.8327,-0.1828,0.1070,-0.3144,4.6102,0.1032,0.8327,4.6964,0.1375,0.8000,0,1,4.5661,-0.1973,0.7526,-0.2404,-0.1912,-0.3945,4.5661,-0.1973,0.7526,4.6282,-0.1462,0.8000,1,1
4.8011,0.0046,1.1466,-0.0274,0.0354,4.9814,0.1757,0.7673,0.1862,0.1646,-0.3793,4.9814,0.1757,0.7673,5.0048,0.1533,0.8000,1,1,5.0150,-0.1091,0.8477,0.2097,-0.1212,-0.2989,5.0150,-0.1091,0.8477,5.0978,-0.1305,0.8000,0,1,4.6133,0.1065,0.8341,-0.1841,0.1085,-0.3125,4.6133,0.1065,0.8341,4.7012,0.1396,0.8000,0,1,4.5662,-0.1973,0.7526,-0.2419,-0.1935,-0.3940,4.5662,-0.1973,0.7526,4.6283,-0.1442,0.8000,1,1
4.8047,0.0046,1.1465,-0.0273,0.0237,4.9814,0.1757,0.7673,0.1807,0.1669,-0.3792,4.9814,0.1757,0.7673,5.0080,0.1512,0.8000,1,1,5.0215,-0.1127,0.8442,0.2140,-0.1224,-0.3023,5.0215,-0.1127,0.8442,5.0998,-0.1328,0.8000,0,1,4.6145,0.1123,0.8305,-0.1876,0.1122,-0.3160,4.6145,0.1123,0.8305,4.7063,0.1420,0.8000,0,1,4.5662,-0.1973,0.7525,-0.2432,-0.1962,-0.3940,4.5662,-0.1973,0.7525,4.6281,-0.1419,0.8000,1,1
4.8082,0.0046,1.1469,-0.0270,0.0101,4.9814,0.1757,0.7673,0.1749,0.1693,-0.3796,4.9814,0.1757,0.7673,5.0115,0.1485,0.8000,1,1,5.0275,-0.1180,0.8366,0.2181,-0.1248,-0.3103,5.0275,-0.1180,0.8366,5.1014,-0.1355,0.8000,0,1,4.6148,0.1209,0.8229,-0.1922,0.1182,-0.3240,4.6148,0.1209,0.8229,4.7117,0.1446,0.8000,0,1,4.5662,-0.1973,0.7525,-0.2440,-0.1994,-0.3944,4.5662,-0.1973,0.7525,4.6276,-0.1394,0.8000,1,1
4.8117,0.0044,1.1478,-0.0269,-0.0052,4.9814,0.1757,0.7673,0.1688,0.1722,-0.3805,4.9814,0.1757,0.7673,5.0153,0.1454,0.8000,1,1,5.0336,-0.1256,0.8262,0.2226,-0.1288,-0.3216,5.0336,-0.1256,0.8262,5.1028,-0.1386,0.8000,0,1,4.6148,0.1323,0.8125,-0.1976,0.1269,-0.3353,4.6148,0.1323,0.8125,4.7175,0.1474,0.8000,0,1,4.5662,-0.1973,0.7525,-0.2444,-0.2030,-0.3953,4.5662,-0.1973,0.7525,4.6270,-0.1366,0.8000,1,1
4.8154,0.0041,1.1490,-0.0274,-0.0215,4.9814,0.1756,0.7673,0.1623,0.1750,-0.3817,4.9814,0.1756,0.7673,5.0192,0.1419,0.8000,1,1,5.0396,-0.1364,0.8141,0.2272,-0.1356,-0.3349,5.0396,-0.1364,0.8141,5.1041,-0.1420,0.8000,0,1,4.6155,0.1462,0.8003,-0.2029,0.1378,-0.3487,4.6155,0.1462,0.8003,4.7235,0.1503,0.8000,0,1,4.5662,-0.1974,0.7525,-0.2448,-0.2068,-0.3965,4.5662,-0.1974,0.7525,4.6264,-0.1337,0.8000,1,1
4.8193,0.0036,1.1505,-0.0284,-0.0383,4.9814,0.1757,0.7673,0.1554,0.1782,-0.3832,4.9814,0.1757,0.7673,5.0234,0.1382,0.8000,1,1,5.0454,-0.1500,0.8014,0.2318,-0.1448,-0.3491,5.0454,-0.1500,0.8014,5.1055,-0.1456,0.8000,0,1,4.6175,0.1615,0.7876,-0.2077,0.1501,-0.3629,4.6175,0.1615,0.7876,4.7298,0.1530,0.8000,0,1,4.5662,-0.1974,0.7525,-0.2452,-0.2105,-0.3980,4.5662,-0.1974,0.7525,4.6260,-0.1308,0.8000,1,1
4.8233,0.0030,1.1520,-0.0294,-0.0546,4.9814,0.1757,0.7673,0.1484,0.1811,-0.3847,4.9814,0.1757,0.7673,5.0275,0.1343,0.8000,1,1,5.0494,-0.1633,0.7891,0.2348,-0.1537,-0.3629,5.0494,-0.1633,0.7891,5.1070,-0.1492,0.8000,0,1,4.6213,0.1752,0.7755,-0.2111,0.1609,-0.3765,4.6213,0.1752,0.7755,4.7363,0.1555,0.8000,0,1,4.5662,-0.1974,0.7525,-0.2458,-0.2141,-0.3995,4.5662,-0.1974,0.7525,4.6258,-0.1281,0.8000,1,1
4.8274,0.0023,1.1533,-0.0293,-0.0693,4.9813,0.1759,0.7673,0.1415,0.1838,-0.3860,4.9813,0.1759,0.7673,5.0316,0.1307,0.8000,1,1,5.0511,-0.1732,0.7785,0.2353,-0.1596,-0.3748,5.0511,-0.1732,0.7785,5.1089,-0.1526,0.8000,0,1,4.6264,0.1856,0.7650,-0.2132,0.1689,-0.3883,4.6264,0.1856,0.7650,4.7427,0.1575,0.8000,0,1,4.5662,-0.1973,0.7525,-0.2468,-0.2172,-0.4008,4.5662,-0.1973,0.7525,4.6261,-0.1259,0.8000,1,1
4.8316,0.0015,1.1539,-0.0266,-0.0803,4.9814,0.1762,0.7675,0.1353,0.1862,-0.3864,4.9814,0.1762,0.7675,5.0352,0.1276,0.8000,1,1,5.0503,-0.1768,0.7707,0.2323,-0.1602,-0.3832,5.0503,-0.1768,0.7707,5.1114,-0.1555,0.8000,0,1,4.6310,0.1948,0.7573,-0.2155,0.1766,-0.3966,4.6310,0.1948,0.7573,4.7487,0.1587,0.8000,0,1,4.5663,-0.1969,0.7521,-0.2485,-0.2190,-0.4018,4.5663,-0.1969,0.7521,4.6269,-0.1244,0.8000,1,1
4.8361,0.0006,1.1533,-0.0217,-0.0885,4.9823,0.1900,0.7696,0.1289,0.2016,-0.3837,4.9823,0.1900,0.7696,5.1397,0.1251,0.8000,0,1,5.0506,-0.1737,0.7672,0.2291,-0.1547,-0.3861,5.0506,-0.1737,0.7672,5.0486,-0.1578,0.8000,1,1,4.6334,0.2005,0.7548,-0.2196,0.1812,-0.3985,4.6334,0.2005,0.7548,4.6884,0.1593,0.8000,1,1,4.5683,-0.1992,0.7536,-0.2491,-0.2227,-0.3997,4.5683,-0.1992,0.7536,4.7293,-0.1236,0.8000,0,1
4.8408,-0.0003,1.1522,-0.0195,-0.0909,4.9998,0.1891,0.7767,0.1412,0.2031,-0.3755,4.9998,0.1891,0.7767,5.1447,0.1237,0.8000,0,1,5.0508,-0.1732,0.7671,0.2248,-0.1531,-0.3851,5.0508,-0.1732,0.7671,5.0509,-0.1591,0.8000,1,1,4.6336,0.2010,0.7549,-0.2246,0.1817,-0.3973,4.6336,0.2010,0.7549,4.6915,0.1589,0.8000,1,1,4.5774,-0.1971,0.7600,-0.2444,-0.2199,-0.3922,4.5774,-0.1971,0.7600,4.7337,-0.1240,0.8000,0,1
4.8455,-0.0010,1.1520,-0.0205,-0.0833,5.0185,0.1486,0.7874,0.1600,0.1635,-0.3646,5.0185,0.1486,0.7874,5.1485,0.1245,0.8000,0,1,5.0506,-0.1736,0.7672,0.2187,-0.1549,-0.3848,5.0506,-0.1736,0.7672,5.0549,-0.1585,0.8000,1,1,4.6334,0.2006,0.7548,-0.2281,0.1833,-0.3972,4.6334,0.2006,0.7548,4.6930,0.1567,0.8000,1,1,4.6122,-0.1448,0.7725,-0.2205,-0.1627,-0.3795,4.6122,-0.1448,0.7725,4.7394,-0.1263,0.8000,0,1
4.8497,-0.0016,1.1515,-0.0210,-0.0766,5.0327,0.1227,0.8000,0.1730,0.1379,-0.3515,5.0327,0.1227,0.8000,5.1518,0.1253,0.8000,0,1,5.0506,-0.1736,0.7672,0.2135,-0.1561,-0.3843,5.0506,-0.1736,0.7672,5.0581,-0.1578,0.8000,1,1,4.6334,0.2006,0.7548,-0.2311,0.1851,-0.3967,4.6334,0.2006,0.7548,4.6942,0.1549,0.8000,1,1,4.6365,-0.1135,0.7854,-0.2040,-0.1279,-0.3661,4.6365,-0.1135,0.7854,4.7444,-0.1282,0.8000,0,1
4.8537,-0.0020,1.1505,-0.0226,-0.0711,5.0451,0.1140,0.8131,0.1827,0.1293,-0.3374,5.0451,0.1140,0.8131,5.1551,0.1260,0.8000,0,1,5.0506,-0.1736,0.7672,0.2086,-0.1572,-0.3833,5.0506,-0.1736,0.7672,5.0609,-0.1573,0.8000,1,1,4.6334,0.2006,0.7548,-0.2341,0.1864,-0.3957,4.6334,0.2006,0.7548,4.6953,0.1535,0.8000,1,1,4.6516,-0.1037,0.7986,-0.1944,-0.1158,-0.3519,4.6516,-0.1037,0.7986,4.7491,-0.1298,0.8000,0,1
4.8575,-0.0024,1.1494,-0.0242,-0.0650,5.0557,0.1102,0.8258,0.1905,0.1252,-0.3236,5.0557,0.1102,0.8258,5.1581,0.1269,0.8000,0,1,5.0507,-0.1736,0.7672,0.2039,-0.1583,-0.3822,5.0507,-0.1736,0.7672,5.0637,-0.1565,0.8000,1,1,4.6334,0.2006,0.7548,-0.2368,0.1880,-0.3946,4.6334,0.2006,0.7548,4.6961,0.1520,0.8000,1,1,4.6625,-0.1005,0.8113,-0.1882,-0.1106,-0.3381,4.6625,-0.1005,0.8113,4.7537,-0.1314,0.8000,0,1
4.8612,-0.0027,1.1484,-0.0253,-0.0579,5.0650,0.1085,0.8369,0.1970,0.1228,-0.3115,5.0650,0.1085,0.8369,5.1609,0.1279,0.8000,0,1,5.0507,-0.1736,0.7672,0.1991,-0.1596,-0.3812,5.0507,-0.1736,0.7672,5.0665,-0.1556,0.8000,1,1,4.6335,0.2006,0.7548,-0.2391,0.1898,-0.3936,4.6335,0.2006,0.7548,4.6967,0.1503,0.8000,1,1,4.6707,-0.1000,0.8223,-0.1846,-0.1082,-0.3261,4.6707,-0.1000,0.8223,4.7583,-0.1332,0.8000,0,1
4.8648,-0.0030,1.1475,-0.0262,-0.0498,5.0730,0.1084,0.8450,0.2024,0.1216,-0.3025,5.0730,0.1084,0.8450,5.1635,0.1293,0.8000,0,1,5.0507,-0.1736,0.7672,0.1942,-0.1611,-0.3803,5.0507,-0.1736,0.7672,5.0693,-0.1544,0.8000,1,1,4.6335,0.2006,0.7548,-0.2411,0.1918,-0.3927,4.6335,0.2006,0.7548,4.6971,0.1485,0.8000,1,1,4.6768,-0.1010,0.8304,-0.1829,-0.1072,-0.3171,4.6768,-0.1010,0.8304,4.7630,-0.1351,0.8000,0,1
4.8684,-0.0032,1.1470,-0.0269,-0.0402,5.0802,0.1098,0.8489,0.2071,0.1214,-0.2981,5.0802,0.1098,0.8489,5.1658,0.1309,0.8000,0,1,5.0507,-0.1736,0.7672,0.1890,-0.1629,-0.3798,5.0507,-0.1736,0.7672,5.0723,-0.1528,0.8000,1,1,4.6335,0.2006,0.7548,-0.2429,0.1942,-0.3922,4.6335,0.2006,0.7548,4.6973,0.1465,0.8000,1,1,4.6811,-0.1034,0.8343,-0.1831,-0.1076,-0.3127,4.6811,-0.1034,0.8343,4.7678,-0.1373,0.8000,0,1
4.8719,-0.0034,1.1468,-0.0274,-0.0288,5.0869,0.1126,0.8478,0.2116,0.1221,-0.2990,5.0869,0.1126,0.8478,5.1677,0.1330,0.8000,0,1,5.0507,-0.1736,0.7672,0.1836,-0.1650,-0.3796,5.0507,-0.1736,0.7672,5.0756,-0.1508,0.8000,1,1,4.6335,0.2006,0.7548,-0.2442,0.1971,-0.3920,4.6335,0.2006,0.7548,4.6971,0.1442,0.8000,1,1,4.6834,-0.1076,0.8331,-0.1854,-0.1096,-0.3137,4.6834,-0.1076,0.8331,4.7729,-0.1397,0.8000,0,1
4.8754,-0.0034,1.1470,-0.0274,-0.0154,5.0933,0.1167,0.8421,0.2160,0.1234,-0.3049,5.0933,0.1167,0.8421,5.1694,0.1356,0.8000,0,1,5.0508,-0.1736,0.7672,0.1780,-0.1675,-0.3798,5.0508,-0.1736,0.7672,5.0790,-0.1484,0.8000,1,1,4.6336,0.2006,0.7548,-0.2449,0.2003,-0.3922,4.6336,0.2006,0.7548,4.6966,0.1416,0.8000,1,1,4.6841,-0.1144,0.8274,-0.1896,-0.1139,-0.3196,4.6841,-0.1144,0.8274,4.7783,-0.1424,0.8000,0,1
4.8789,-0.0034,1.1478,-0.0273,0.0000,5.0994,0.1225,0.8330,0.2205,0.1259,-0.3148,5.0994,0.1225,0.8330,5.1707,0.1386,0.8000,0,1,5.0508,-0.1736,0.7672,0.1719,-0.1702,-0.3806,5.0508,-0.1736,0.7672,5.0828,-0.1454,0.8000,1,1,4.6336,0.2007,0.7547,-0.2453,0.2041,-0.3931,4.6336,0.2007,0.7547,4.6959,0.1386,0.8000,1,1,4.6839,-0.1242,0.8182,-0.1950,-0.1208,-0.3296,4.6839,-0.1242,0.8182,4.7840,-0.1454,0.8000,0,1
4.8825,-0.0033,1.1490,-0.0274,0.0170,5.1055,0.1307,0.8216,0.2252,0.1302,-0.3274,5.1055,0.1307,0.8216,5.1719,0.1420,0.8000,0,1,5.0508,-0.1736,0.7672,0.1654,-0.1731,-0.3818,5.0508,-0.1736,0.7672,5.0867,-0.1420,0.8000,1,1,4.6336,0.2007,0.7547,-0.2454,0.2082,-0.3943,4.6336,0.2007,0.7547,4.6952,0.1354,0.8000,1,1,4.6838,-0.1366,0.8068,-0.2009,-0.1299,-0.3422,4.6838,-0.1366,0.8068,4.7900,-0.1486,0.8000,0,1
4.8863,-0.0031,1.1506,-0.0279,0.0349,5.1117,0.1415,0.8090,0.2303,0.1366,-0.3416,5.1117,0.1415,0.8090,5.1730,0.1455,0.8000,0,1,5.0508,-0.1736,0.7672,0.1585,-0.1761,-0.3834,5.0508,-0.1736,0.7672,5.0909,-0.1383,0.8000,1,1,4.6337,0.2007,0.7547,-0.2453,0.2125,-0.3959,4.6337,0.2007,0.7547,4.6945,0.1320,0.8000,1,1,4.6844,-0.1505,0.7942,-0.2069,-0.1403,-0.3564,4.6844,-0.1505,0.7942,4.7964,-0.1518,0.8000,0,1
4.8902,-0.0027,1.1523,-0.0286,0.0526,5.1172,0.1536,0.7964,0.2349,0.1441,-0.3559,5.1172,0.1536,0.7964,5.1743,0.1492,0.8000,0,1,5.0508,-0.1736,0.7672,0.1514,-0.1791,-0.3851,5.0508,-0.1736,0.7672,5.0952,-0.1344,0.8000,1,1,4.6337,0.2007,0.7547,-0.2455,0.2166,-0.3976,4.6337,0.2007,0.7547,4.6940,0.1288,0.8000,1,1,4.6866,-0.1645,0.7816,-0.2118,-0.1509,-0.3707,4.6866,-0.1645,0.7816,4.8029,-0.1548,0.8000,0,1
4.8943,-0.0022,1.1540,-0.0291,0.0691,5.1209,0.1639,0.7848,0.2375,0.1501,-0.3692,5.1209,0.1639,0.7848,5.1758,0.1527,0.8000,0,1,5.0507,-0.1737,0.7672,0.1442,-0.1819,-0.3868,5.0507,-0.1737,0.7672,5.0994,-0.1307,0.8000,1,1,4.6336,0.2007,0.7546,-0.2461,0.2204,-0.3994,4.6336,0.2007,0.7546,4.6940,0.1260,0.8000,1,1,4.6906,-0.1762,0.7702,-0.2152,-0.1595,-0.3838,4.6906,-0.1762,0.7702,4.8096,-0.1574,0.8000,0,1
4.8985,-0.0017,1.1551,-0.0286,0.0824,5.1230,0.1689,0.7755,0.2378,0.1515,-0.3796,5.1230,0.1689,0.7755,5.1780,0.1556,0.8000,0,1,5.0506,-0.1739,0.7672,0.1374,-0.1841,-0.3879,5.0506,-0.1739,0.7672,5.1033,-0.1274,0.8000,1,1,4.6336,0.2005,0.7545,-0.2474,0.2233,-0.4006,4.6336,0.2005,0.7545,4.6945,0.1238,0.8000,1,1,4.6957,-0.1857,0.7610,-0.2173,-0.1667,-0.3941,4.6957,-0.1857,0.7610,4.8158,-0.1592,0.8000,0,1
4.9028,-0.0010,1.1552,-0.0264,0.0903,5.1190,0.1683,0.7685,0.2306,0.1491,-0.3867,5.1190,0.1683,0.7685,5.1161,0.1577,0.8000,1,1,5.0503,-0.1744,0.7671,0.1313,-0.1860,-0.3881,5.0503,-0.1744,0.7671,5.2067,-0.1251,0.8000,0,1,4.6334,0.2002,0.7545,-0.2502,0.2247,-0.4007,4.6334,0.2002,0.7545,4.7958,0.1228,0.8000,0,1,4.7001,-0.1976,0.7549,-0.2196,-0.1775,-0.4003,4.7001,-0.1976,0.7549,4.7564,-0.1600,0.8000,1,1
4.9075,-0.0002,1.1540,-0.0223,0.0955,5.1191,0.1679,0.7685,0.2267,0.1472,-0.3855,5.1191,0.1679,0.7685,5.1178,0.1595,0.8000,1,1,5.0591,-0.1914,0.7726,0.1327,-0.2048,-0.3814,5.0591,-0.1914,0.7726,5.2119,-0.1233,0.8000,0,1,4.6386,0.2072,0.7587,-0.2479,0.2321,-0.3953,4.6386,0.2072,0.7587,4.7998,0.1226,0.8000,0,1,4.7002,-0.1979,0.7550,-0.2252,-0.1770,-0.3990,4.7002,-0.1979,0.7550,4.7599,-0.1601,0.8000,1,1
4.9123,0.0007,1.1532,-0.0224,0.0906,5.1191,0.1679,0.7685,0.2211,0.1478,-0.3847,5.1191,0.1679,0.7685,5.1215,0.1594,0.8000,1,1,5.0816,-0.1686,0.7811,0.1533,-0.1839,-0.3721,5.0816,-0.1686,0.7811,5.2162,-0.1234,0.8000,0,1,4.6605,0.1820,0.7680,-0.2344,0.2033,-0.3852,4.6605,0.1820,0.7680,4.8053,0.1244,0.8000,0,1,4.7002,-0.1979,0.7550,-0.2292,-0.1786,-0.3982,4.7002,-0.1979,0.7550,4.7619,-0.1584,0.8000,1,1
4.9167,0.0013,1.1530,-0.0220,0.0819,5.1191,0.1681,0.7685,0.2154,0.1497,-0.3845,5.1191,0.1681,0.7685,5.1253,0.1585,0.8000,1,1,5.0970,-0.1305,0.7932,0.1689,-0.1461,-0.3598,5.0970,-0.1305,0.7932,5.2195,-0.1246,0.8000,0,1,4.6913,0.1364,0.7812,-0.2136,0.1531,-0.3718,4.6913,0.1364,0.7812,4.8108,0.1269,0.8000,0,1,4.7002,-0.1977,0.7549,-0.2321,-0.1806,-0.3981,4.7002,-0.1977,0.7549,4.7630,-0.1562,0.8000,1,1
4.9208,0.0018,1.1521,-0.0223,0.0754,5.1191,0.1681,0.7685,0.2103,0.1509,-0.3836,5.1191,0.1681,0.7685,5.1283,0.1578,0.8000,1,1,5.1097,-0.1156,0.8062,0.1795,-0.1313,-0.3459,5.1097,-0.1156,0.8062,5.2227,-0.1254,0.8000,0,1,4.7095,0.1187,0.7942,-0.2019,0.1325,-0.3579,4.7095,0.1187,0.7942,4.8156,0.1287,0.8000,0,1,4.7002,-0.1977,0.7549,-0.2350,-0.1823,-0.3972,4.7002,-0.1977,0.7549,4.7640,-0.1545,0.8000,1,1
4.9247,0.0022,1.1510,-0.0231,0.0690,5.1191,0.1681,0.7685,0.2054,0.1521,-0.3825,5.1191,0.1681,0.7685,5.1312,0.1571,0.8000,1,1,5.1209,-0.1097,0.8193,0.1880,-0.1252,-0.3317,5.1209,-0.1097,0.8193,5.2258,-0.1262,0.8000,0,1,4.7227,0.1116,0.8073,-0.1940,0.1231,-0.3437,4.7227,0.1116,0.8073,4.8204,0.1305,0.8000,0,1,4.7002,-0.1977,0.7549,-0.2377,-0.1839,-0.3961,4.7002,-0.1977,0.7549,4.7649,-0.1528,0.8000,1,1
4.9285,0.0027,1.1499,-0.0239,0.0620,5.1191,0.1681,0.7685,0.2005,0.1533,-0.3814,5.1191,0.1681,0.7685,5.1341,0.1563,0.8000,1,1,5.1306,-0.1070,0.8313,0.1949,-0.1220,-0.3186,5.1306,-0.1070,0.8313,5.2287,-0.1272,0.8000,0,1,4.7329,0.1086,0.8193,-0.1887,0.1178,-0.3306,4.7329,0.1086,0.8193,4.8251,0.1323,0.8000,0,1,4.7002,-0.1977,0.7549,-0.2403,-0.1859,-0.3950,4.7002,-0.1977,0.7549,4.7657,-0.1511,0.8000,1,1
4.9322,0.0030,1.1488,-0.0244,0.0543,5.1191,0.1681,0.7685,0.1956,0.1547,-0.3803,5.1191,0.1681,0.7685,5.1370,0.1552,0.8000,1,1,5.1391,-0.1062,0.8411,0.2007,-0.1203,-0.3077,5.1391,-0.1062,0.8411,5.2314,-0.1283,0.8000,0,1,4.7411,0.1078,0.8291,-0.1851,0.1150,-0.3197,4.7411,0.1078,0.8291,4.8298,0.1342,0.8000,0,1,4.7002,-0.1977,0.7549,-0.2426,-0.1878,-0.3939,4.7002,-0.1977,0.7549,4.7662,-0.1493,0.8000,1,1
4.9359,0.0034,1.1479,-0.0247,0.0458,5.1191,0.1681,0.7686,0.1905,0.1561,-0.3793,5.1191,0.1681,0.7686,5.1400,0.1540,0.8000,1,1,5.1467,-0.1067,0.8473,0.2055,-0.1196,-0.3006,5.1467,-0.1067,0.8473,5.2340,-0.1297,0.8000,0,1,4.7477,0.1081,0.8352,-0.1832,0.1132,-0.3127,4.7477,0.1081,0.8352,4.8346,0.1363,0.8000,0,1,4.7003,-0.1977,0.7549,-0.2446,-0.1901,-0.3930,4.7003,-0.1977,0.7549,4.7666,-0.1474,0.8000,1,1
4.9396,0.0037,1.1474,-0.0248,0.0358,5.1192,0.1681,0.7686,0.1854,0.1579,-0.3788,5.1192,0.1681,0.7686,5.1432,0.1524,0.8000,1,1,5.1536,-0.1085,0.8486,0.2098,-0.1198,-0.2988,5.1536,-0.1085,0.8486,5.2363,-0.1314,0.8000,0,1,4.7526,0.1098,0.8366,-0.1831,0.1127,-0.3108,4.7526,0.1098,0.8366,4.8396,0.1386,0.8000,0,1,4.7003,-0.1977,0.7549,-0.2464,-0.1927,-0.3925,4.7003,-0.1977,0.7549,4.7668,-0.1452,0.8000,1,1
4.9432,0.0039,1.1472,-0.0247,0.0241,5.1192,0.1681,0.7686,0.1799,0.1599,-0.3786,5.1192,0.1681,0.7686,5.1465,0.1505,0.8000,1,1,5.1603,-0.1119,0.8451,0.2142,-0.1210,-0.3021,5.1603,-0.1119,0.8451,5.2384,-0.1335,0.8000,0,1,4.7555,0.1139,0.8330,-0.1850,0.1145,-0.3142,4.7555,0.1139,0.8330,4.8448,0.1411,0.8000,0,1,4.7003,-0.1977,0.7549,-0.2477,-0.1957,-0.3923,4.7003,-0.1977,0.7549,4.7667,-0.1428,0.8000,1,1
4.9468,0.0040,1.1475,-0.0244,0.0104,5.1192,0.1681,0.7686,0.1741,0.1623,-0.3789,5.1192,0.1681,0.7686,5.1501,0.1480,0.8000,1,1,5.1670,-0.1170,0.8375,0.2189,-0.1233,-0.3100,5.1670,-0.1170,0.8375,5.2401,-0.1360,0.8000,0,1,4.7563,0.1212,0.8254,-0.1893,0.1192,-0.3221,4.7563,0.1212,0.8254,4.8503,0.1440,0.8000,0,1,4.7003,-0.1978,0.7549,-0.2486,-0.1992,-0.3926,4.7003,-0.1978,0.7549,4.7663,-0.1400,0.8000,1,1
4.9505,0.0041,1.1482,-0.0240,-0.0054,5.1192,0.1681,0.7686,0.1678,0.1649,-0.3796,5.1192,0.1681,0.7686,5.1540,0.1451,0.8000,1,1,5.1738,-0.1242,0.8271,0.2240,-0.1271,-0.3211,5.1738,-0.1242,0.8271,5.2415,-0.1389,0.8000,0,1,4.7558,0.1315,0.8150,-0.1954,0.1263,-0.3332,4.7558,0.1315,0.8150,4.8562,0.1471,0.8000,0,1,4.7004,-0.1978,0.7548,-0.2490,-0.2032,-0.3934,4.7004,-0.1978,0.7548,4.7657,-0.1369,0.8000,1,1
4.9542,0.0041,1.1494,-0.0237,-0.0227,5.1192,0.1681,0.7686,0.1612,0.1677,-0.3808,5.1192,0.1681,0.7686,5.1582,0.1417,0.8000,1,1,5.1803,-0.1340,0.8150,0.2292,-0.1329,-0.3344,5.1803,-0.1340,0.8150,5.2427,-0.1423,0.8000,0,1,4.7553,0.1446,0.8028,-0.2020,0.1359,-0.3466,4.7553,0.1446,0.8028,4.8625,0.1504,0.8000,0,1,4.7004,-0.1978,0.7548,-0.2492,-0.2076,-0.3946,4.7004,-0.1978,0.7548,4.7650,-0.1335,0.8000,1,1
4.9581,0.0039,1.1508,-0.0235,-0.0407,5.1192,0.1681,0.7686,0.1543,0.1706,-0.3822,5.1192,0.1681,0.7686,5.1625,0.1380,0.8000,1,1,5.1863,-0.1461,0.8023,0.2341,-0.1406,-0.3485,5.1863,-0.1461,0.8023,5.2439,-0.1458,0.8000,0,1,4.7556,0.1590,0.7901,-0.2086,0.1467,-0.3607,4.7556,0.1590,0.7901,4.8690,0.1537,0.8000,0,1,4.7004,-0.1978,0.7548,-0.2493,-0.2120,-0.3960,4.7004,-0.1978,0.7548,4.7645,-0.1300,0.8000,1,1
4.9621,0.0036,1.1524,-0.0232,-0.0583,5.1192,0.1682,0.7686,0.1472,0.1735,-0.3838,5.1192,0.1682,0.7686,5.1668,0.1342,0.8000,1,1,5.1908,-0.1579,0.7901,0.2377,-0.1479,-0.3623,5.1908,-0.1579,0.7901,5.2453,-0.1493,0.8000,0,1,4.7577,0.1720,0.7780,-0.2139,0.1562,-0.3744,4.7577,0.1720,0.7780,4.8757,0.1567,0.8000,0,1,4.7004,-0.1978,0.7547,-0.2495,-0.2163,-0.3977,4.7004,-0.1978,0.7547,4.7642,-0.1268,0.8000,1,1
4.9662,0.0032,1.1536,-0.0224,-0.0738,5.1191,0.1683,0.7686,0.1403,0.1759,-0.3850,5.1191,0.1683,0.7686,5.1710,0.1307,0.8000,1,1,5.1932,-0.1665,0.7795,0.2389,-0.1525,-0.3741,5.1932,-0.1665,0.7795,5.2471,-0.1526,0.8000,0,1,4.7617,0.1828,0.7675,-0.2172,0.1640,-0.3861,4.7617,0.1828,0.7675,4.8822,0.1592,0.8000,0,1,4.7004,-0.1977,0.7546,-0.2503,-0.2200,-0.3990,4.7004,-0.1977,0.7546,4.7643,-0.1240,0.8000,1,1
4.9705,0.0027,1.1542,-0.0206,-0.0847,5.1191,0.1685,0.7686,0.1340,0.1778,-0.3856,5.1191,0.1685,0.7686,5.1746,0.1279,0.8000,1,1,5.1918,-0.1691,0.7716,0.2350,-0.1525,-0.3826,5.1918,-0.1691,0.7716,5.2496,-0.1551,0.8000,0,1,4.7661,0.1947,0.7598,-0.2199,0.1740,-0.3944,4.7661,0.1947,0.7598,4.8882,0.1606,0.8000,0,1,4.7003,-0.1975,0.7546,-0.2523,-0.2223,-0.3996,4.7003,-0.1975,0.7546,4.7652,-0.1223,0.8000,1,1
4.9749,0.0020,1.1534,-0.0166,-0.0922,5.1194,0.1839,0.7709,0.1271,0.1944,-0.3825,5.1194,0.1839,0.7709,5.2790,0.1257,0.8000,0,1,5.1898,-0.1673,0.7681,0.2296,-0.1488,-0.3853,5.1898,-0.1673,0.7681,5.1869,-0.1570,0.8000,1,1,4.7686,0.2020,0.7573,-0.2238,0.1802,-0.3961,4.7686,0.2020,0.7573,4.8278,0.1614,0.8000,1,1,4.7026,-0.2008,0.7562,-0.2525,-0.2270,-0.3972,4.7026,-0.2008,0.7562,4.8677,-0.1214,0.8000,0,1
4.9796,0.0012,1.1524,-0.0152,-0.0934,5.1377,0.1832,0.7780,0.1404,0.1960,-0.3744,5.1377,0.1832,0.7780,5.2838,0.1247,0.8000,0,1,5.1900,-0.1667,0.7680,0.2251,-0.1475,-0.3844,5.1900,-0.1667,0.7680,5.1893,-0.1580,0.8000,1,1,4.7688,0.2025,0.7575,-0.2287,0.1808,-0.3949,4.7688,0.2025,0.7575,4.8307,0.1608,0.8000,1,1,4.7119,-0.1996,0.7623,-0.2478,-0.2249,-0.3901,4.7119,-0.1996,0.7623,4.8722,-0.1220,0.8000,0,1
4.9843,0.0005,1.1521,-0.0164,-0.0854,5.1571,0.1474,0.7884,0.1596,0.1611,-0.3637,5.1571,0.1474,0.7884,5.2875,0.1256,0.8000,0,1,5.1898,-0.1671,0.7681,0.2190,-0.1495,-0.3840,5.1898,-0.1671,0.7681,5.1933,-0.1573,0.8000,1,1,4.7686,0.2022,0.7574,-0.2321,0.1826,-0.3947,4.7686,0.2022,0.7574,4.8321,0.1586,0.8000,1,1,4.7452,-0.1532,0.7747,-0.2251,-0.1735,-0.3774,4.7452,-0.1532,0.7747,4.8779,-0.1243,0.8000,0,1
4.9885,-0.0000,1.1516,-0.0170,-0.0784,5.1713,0.1235,0.8009,0.1726,0.1374,-0.3507,5.1713,0.1235,0.8009,5.2908,0.1265,0.8000,0,1,5.1898,-0.1671,0.7681,0.2138,-0.1508,-0.3835,5.1898,-0.1671,0.7681,5.1966,-0.1566,0.8000,1,1,4.7686,0.2021,0.7573,-0.2351,0.1843,-0.3943,4.7686,0.2021,0.7573,4.8332,0.1568,0.8000,1,1,4.7700,-0.1235,0.7875,-0.2082,-0.1402,-0.3641,4.7700,-0.1235,0.7875,4.8830,-0.1263,0.8000,0,1
4.9925,-0.0005,1.1507,-0.0187,-0.0722,5.1836,0.1151,0.8140,0.1823,0.1291,-0.3367,5.1836,0.1151,0.8140,5.2940,0.1273,0.8000,0,1,5.1898,-0.1672,0.7681,0.2088,-0.1520,-0.3826,5.1898,-0.1672,0.7681,5.1996,-0.1559,0.8000,1,1,4.7686,0.2021,0.7573,-0.2379,0.1859,-0.3934,4.7686,0.2021,0.7573,4.8343,0.1552,0.8000,1,1,4.7858,-0.1126,0.8007,-0.1981,-0.1267,-0.3500,4.7858,-0.1126,0.8007,4.8878,-0.1280,0.8000,0,1
4.9964,-0.0009,1.1497,-0.0204,-0.0655,5.1943,0.1115,0.8268,0.1901,0.1251,-0.3229,5.1943,0.1115,0.8268,5.2971,0.1282,0.8000,0,1,5.1898,-0.1672,0.7681,0.2039,-0.1533,-0.3816,5.1898,-0.1672,0.7681,5.2025,-0.1552,0.8000,1,1,4.7687,0.2021,0.7573,-0.2405,0.1877,-0.3924,4.7687,0.2021,0.7573,4.8351,0.1535,0.8000,1,1,4.7977,-0.1080,0.8134,-0.1913,-0.1199,-0.3363,4.7977,-0.1080,0.8134,4.8925,-0.1298,0.8000,0,1
5.0002,-0.0013,1.1487,-0.0217,-0.0580,5.2037,0.1098,0.8379,0.1967,0.1227,-0.3108,5.2037,0.1098,0.8379,5.2999,0.1293,0.8000,0,1,5.1898,-0.1672,0.7681,0.1989,-0.1546,-0.3806,5.1898,-0.1672,0.7681,5.2054,-0.1542,0.8000,1,1,4.7687,0.2021,0.7573,-0.2429,0.1896,-0.3914,4.7687,0.2021,0.7573,4.8357,0.1517,0.8000,1,1,4.8071,-0.1062,0.8245,-0.1867,-0.1159,-0.3242,4.8071,-0.1062,0.8245,4.8973,-0.1318,0.8000,0,1
5.0039,-0.0017,1.1478,-0.0227,-0.0497,5.2119,0.1096,0.8460,0.2022,0.1215,-0.3018,5.2119,0.1096,0.8460,5.3025,0.1306,0.8000,0,1,5.1899,-0.1672,0.7682,0.1940,-0.1561,-0.3796,5.1899,-0.1672,0.7682,5.2084,-0.1531,0.8000,1,1,4.7687,0.2021,0.7573,-0.2450,0.1919,-0.3905,4.7687,0.2021,0.7573,4.8362,0.1498,0.8000,1,1,4.8146,-0.1060,0.8326,-0.1839,-0.1136,-0.3152,4.8146,-0.1060,0.8326,4.9021,-0.1339,0.8000,0,1
5.0076,-0.0021,1.1472,-0.0235,-0.0402,5.2192,0.1107,0.8499,0.2069,0.1212,-0.2973,5.2192,0.1107,0.8499,5.3049,0.1321,0.8000,0,1,5.1899,-0.1672,0.7682,0.1888,-0.1576,-0.3790,5.1899,-0.1672,0.7682,5.2115,-0.1517,0.8000,1,1,4.7687,0.2021,0.7573,-0.2469,0.1944,-0.3899,4.7687,0.2021,0.7573,4.8364,0.1476,0.8000,1,1,4.8205,-0.1069,0.8365,-0.1827,-0.1122,-0.3107,4.8205,-0.1069,0.8365,4.9070,-0.1361,0.8000,0,1
5.0112,-0.0024,1.1470,-0.0241,-0.0290,5.2260,0.1131,0.8487,0.2114,0.1217,-0.2983,5.2260,0.1131,0.8487,5.3070,0.1340,0.8000,0,1,5.1899,-0.1672,0.7682,0.1834,-0.1595,-0.3788,5.1899,-0.1672,0.7682,5.2148,-0.1499,0.8000,1,1,4.7687,0.2021,0.7573,-0.2483,0.1974,-0.3897,4.7687,0.2021,0.7573,4.8364,0.1452,0.8000,1,1,4.8246,-0.1098,0.8353,-0.1834,-0.1128,-0.3117,4.8246,-0.1098,0.8353,4.9122,-0.1387,0.8000,0,1
5.0148,-0.0026,1.1472,-0.0244,-0.0159,5.2328,0.1169,0.8430,0.2161,0.1230,-0.3042,5.2328,0.1169,0.8430,5.3089,0.1363,0.8000,0,1,5.1899,-0.1672,0.7682,0.1777,-0.1618,-0.3790,5.1899,-0.1672,0.7682,5.2183,-0.1476,0.8000,1,1,4.7688,0.2021,0.7573,-0.2492,0.2008,-0.3899,4.7688,0.2021,0.7573,4.8361,0.1425,0.8000,1,1,4.8264,-0.1154,0.8296,-0.1866,-0.1158,-0.3176,4.8264,-0.1154,0.8296,4.9176,-0.1415,0.8000,0,1
5.0184,-0.0028,1.1478,-0.0246,-0.0008,5.2395,0.1225,0.8339,0.2210,0.1255,-0.3139,5.2395,0.1225,0.8339,5.3104,0.1391,0.8000,0,1,5.1899,-0.1671,0.7682,0.1716,-0.1642,-0.3796,5.1899,-0.1671,0.7682,5.2221,-0.1449,0.8000,1,1,4.7688,0.2022,0.7572,-0.2498,0.2048,-0.3906,4.7688,0.2022,0.7572,4.8356,0.1394,0.8000,1,1,4.8265,-0.1244,0.8204,-0.1918,-0.1218,-0.3274,4.8265,-0.1244,0.8204,4.9233,-0.1446,0.8000,0,1
5.0221,-0.0029,1.1489,-0.0247,0.0161,5.2463,0.1302,0.8225,0.2263,0.1295,-0.3264,5.2463,0.1302,0.8225,5.3116,0.1422,0.8000,0,1,5.1900,-0.1671,0.7682,0.1652,-0.1669,-0.3807,5.1900,-0.1671,0.7682,5.2262,-0.1418,0.8000,1,1,4.7688,0.2022,0.7572,-0.2500,0.2092,-0.3917,4.7688,0.2022,0.7572,4.8349,0.1360,0.8000,1,1,4.8258,-0.1364,0.8090,-0.1984,-0.1303,-0.3399,4.8258,-0.1364,0.8090,4.9294,-0.1480,0.8000,0,1
5.0259,-0.0029,1.1503,-0.0250,0.0342,5.2529,0.1400,0.8099,0.2318,0.1351,-0.3404,5.2529,0.1400,0.8099,5.3127,0.1456,0.8000,0,1,5.1899,-0.1671,0.7682,0.1583,-0.1697,-0.3821,5.1899,-0.1671,0.7682,5.2304,-0.1382,0.8000,1,1,4.7689,0.2022,0.7572,-0.2498,0.2138,-0.3931,4.7689,0.2022,0.7572,4.8342,0.1324,0.8000,1,1,4.8255,-0.1503,0.7964,-0.2053,-0.1405,-0.3539,4.8255,-0.1503,0.7964,4.9359,-0.1514,0.8000,0,1
5.0298,-0.0028,1.1520,-0.0254,0.0523,5.2587,0.1509,0.7973,0.2366,0.1415,-0.3547,5.2587,0.1509,0.7973,5.3140,0.1491,0.8000,0,1,5.1899,-0.1672,0.7681,0.1513,-0.1725,-0.3839,5.1899,-0.1672,0.7681,5.2348,-0.1345,0.8000,1,1,4.7689,0.2022,0.7572,-0.2498,0.2184,-0.3948,4.7689,0.2022,0.7572,4.8337,0.1288,0.8000,1,1,4.8265,-0.1643,0.7838,-0.2115,-0.1507,-0.3682,4.8265,-0.1643,0.7838,4.9425,-0.1548,0.8000,0,1
5.0339,-0.0025,1.1536,-0.0254,0.0693,5.2629,0.1600,0.7858,0.2397,0.1463,-0.3678,5.2629,0.1600,0.7858,5.3154,0.1524,0.8000,0,1,5.1899,-0.1673,0.7682,0.1442,-0.1752,-0.3854,5.1899,-0.1673,0.7682,5.2391,-0.1309,0.8000,1,1,4.7689,0.2022,0.7571,-0.2502,0.2226,-0.3965,4.7689,0.2022,0.7571,4.8336,0.1256,0.8000,1,1,4.8293,-0.1764,0.7723,-0.2162,-0.1593,-0.3813,4.8293,-0.1764,0.7723,4.9492,-0.1577,0.8000,0,1
5.0381,-0.0022,1.1547,-0.0241,0.0832,5.2656,0.1638,0.7764,0.2405,0.1465,-0.3783,5.2656,0.1638,0.7764,5.3175,0.1552,0.8000,0,1,5.1898,-0.1675,0.7682,0.1374,-0.1773,-0.3865,5.1898,-0.1675,0.7682,5.2431,-0.1278,0.8000,1,1,4.7688,0.2020,0.7570,-0.2514,0.2259,-0.3977,4.7688,0.2020,0.7570,4.8340,0.1231,0.8000,1,1,4.8334,-0.1864,0.7631,-0.2193,-0.1666,-0.3916,4.8334,-0.1864,0.7631,4.9556,-0.1600,0.8000,0,1
5.0424,-0.0019,1.1549,-0.0212,0.0912,5.2603,0.1622,0.7695,0.2319,0.1436,-0.3854,5.2603,0.1622,0.7695,5.2555,0.1570,0.8000,1,1,5.1895,-0.1680,0.7682,0.1314,-0.1788,-0.3867,5.1895,-0.1680,0.7682,5.3464,-0.1258,0.8000,0,1,4.7687,0.2016,0.7571,-0.2540,0.2276,-0.3978,4.7687,0.2016,0.7571,4.9353,0.1218,0.8000,0,1,4.8390,-0.2005,0.7572,-0.2206,-0.1793,-0.3977,4.8390,-0.2005,0.7572,4.8962,-0.1611,0.8000,1,1
5.0471,-0.0013,1.1538,-0.0174,0.0964,5.2605,0.1618,0.7694,0.2281,0.1418,-0.3844,5.2605,0.1618,0.7694,5.2573,0.1585,0.8000,1,1,5.1970,-0.1873,0.7738,0.1313,-0.1996,-0.3800,5.1970,-0.1873,0.7738,5.3517,-0.1242,0.8000,0,1,4.7743,0.2079,0.7613,-0.2514,0.2345,-0.3925,4.7743,0.2079,0.7613,4.9393,0.1213,0.8000,0,1,4.8391,-0.2009,0.7573,-0.2262,-0.1787,-0.3965,4.8391,-0.2009,0.7573,4.8997,-0.1614,0.8000,1,1
5.0519,-0.0007,1.1531,-0.0181,0.0913,5.2604,0.1618,0.7694,0.2224,0.1428,-0.3837,5.2604,0.1618,0.7694,5.2610,0.1582,0.8000,1,1,5.2197,-0.1647,0.7823,0.1521,-0.1786,-0.3708,5.2197,-0.1647,0.7823,5.3559,-0.1246,0.8000,0,1,4.7975,0.1809,0.7707,-0.2368,0.2040,-0.3824,4.7975,0.1809,0.7707,4.9448,0.1230,0.8000,0,1,4.8391,-0.2009,0.7573,-0.2302,-0.1800,-0.3958,4.8391,-0.2009,0.7573,4.9017,-0.1598,0.8000,1,1
5.0563,-0.0002,1.1528,-0.0180,0.0833,5.2604,0.1619,0.7694,0.2169,0.1446,-0.3834,5.2604,0.1619,0.7694,5.2646,0.1573,0.8000,1,1,5.2357,-0.1307,0.7942,0.1679,-0.1450,-0.3586,5.2357,-0.1307,0.7942,5.3592,-0.1257,0.8000,0,1,4.8274,0.1405,0.7834,-0.2164,0.1593,-0.3694,4.8274,0.1405,0.7834,4.9502,0.1251,0.8000,0,1,4.8391,-0.2008,0.7573,-0.2331,-0.1818,-0.3955,4.8391,-0.2008,0.7573,4.9028,-0.1579,0.8000,1,1
5.0604,0.0003,1.1519,-0.0188,0.0768,5.2604,0.1619,0.7694,0.2118,0.1458,-0.3825,5.2604,0.1619,0.7694,5.2677,0.1566,0.8000,1,1,5.2487,-0.1173,0.8071,0.1787,-0.1317,-0.3448,5.2487,-0.1173,0.8071,5.3625,-0.1266,0.8000,0,1,4.8459,0.1243,0.7964,-0.2044,0.1401,-0.3555,4.8459,0.1243,0.7964,4.9551,0.1269,0.8000,0,1,4.8391,-0.2007,0.7573,-0.2361,-0.1834,-0.3946,4.8391,-0.2007,0.7573,4.9039,-0.1563,0.8000,1,1
5.0643,0.0007,1.1509,-0.0200,0.0702,5.2604,0.1620,0.7694,0.2069,0.1471,-0.3815,5.2604,0.1620,0.7694,5.2707,0.1558,0.8000,1,1,5.2600,-0.1115,0.8202,0.1873,-0.1257,-0.3307,5.2600,-0.1115,0.8202,5.3656,-0.1275,0.8000,0,1,4.8595,0.1170,0.8095,-0.1961,0.1304,-0.3414,4.8595,0.1170,0.8095,4.9599,0.1286,0.8000,0,1,4.8391,-0.2007,0.7572,-0.2388,-0.1851,-0.3937,4.8391,-0.2007,0.7572,4.9048,-0.1547,0.8000,1,1
5.0682,0.0011,1.1499,-0.0210,0.0629,5.2604,0.1620,0.7694,0.2019,0.1485,-0.3805,5.2604,0.1620,0.7694,5.2737,0.1549,0.8000,1,1,5.2698,-0.1089,0.8322,0.1943,-0.1225,-0.3177,5.2698,-0.1089,0.8322,5.3685,-0.1286,0.8000,0,1,4.8703,0.1136,0.8216,-0.1904,0.1247,-0.3283,4.8703,0.1136,0.8216,4.9647,0.1305,0.8000,0,1,4.8391,-0.2007,0.7572,-0.2413,-0.1870,-0.3927,4.8391,-0.2007,0.7572,4.9055,-0.1529,0.8000,1,1
5.0720,0.0015,1.1488,-0.0217,0.0550,5.2604,0.1620,0.7694,0.1969,0.1499,-0.3794,5.2604,0.1620,0.7694,5.2767,0.1538,0.8000,1,1,5.2784,-0.1080,0.8420,0.2001,-0.1207,-0.3068,5.2784,-0.1080,0.8420,5.3713,-0.1297,0.8000,0,1,4.8793,0.1122,0.8313,-0.1863,0.1211,-0.3175,4.8793,0.1122,0.8313,4.9694,0.1326,0.8000,0,1,4.8391,-0.2007,0.7572,-0.2437,-0.1891,-0.3916,4.8391,-0.2007,0.7572,4.9061,-0.1510,0.8000,1,1
5.0757,0.0019,1.1480,-0.0220,0.0463,5.2605,0.1620,0.7695,0.1920,0.1514,-0.3785,5.2605,0.1620,0.7695,5.2797,0.1527,0.8000,1,1,5.2860,-0.1082,0.8482,0.2050,-0.1197,-0.2998,5.2860,-0.1082,0.8482,5.3739,-0.1310,0.8000,0,1,4.8867,0.1119,0.8375,-0.1837,0.1186,-0.3105,4.8867,0.1119,0.8375,4.9743,0.1347,0.8000,0,1,4.8392,-0.2007,0.7572,-0.2456,-0.1914,-0.3908,4.8392,-0.2007,0.7572,4.9065,-0.1489,0.8000,1,1
5.0794,0.0023,1.1475,-0.0221,0.0365,5.2605,0.1620,0.7695,0.1868,0.1530,-0.3780,5.2605,0.1620,0.7695,5.2829,0.1512,0.8000,1,1,5.2929,-0.1095,0.8495,0.2093,-0.1195,-0.2980,5.2929,-0.1095,0.8495,5.3762,-0.1326,0.8000,0,1,4.8928,0.1128,0.8389,-0.1824,0.1172,-0.3086,4.8928,0.1128,0.8389,4.9793,0.1371,0.8000,0,1,4.8392,-0.2007,0.7572,-0.2474,-0.1941,-0.3903,4.8392,-0.2007,0.7572,4.9067,-0.1467,0.8000,1,1
5.0830,0.0027,1.1473,-0.0220,0.0252,5.2605,0.1620,0.7695,0.1815,0.1548,-0.3778,5.2605,0.1620,0.7695,5.2862,0.1495,0.8000,1,1,5.2995,-0.1122,0.8460,0.2135,-0.1203,-0.3013,5.2995,-0.1122,0.8460,5.3784,-0.1344,0.8000,0,1,4.8972,0.1157,0.8353,-0.1829,0.1176,-0.3120,4.8972,0.1157,0.8353,4.9845,0.1398,0.8000,0,1,4.8392,-0.2007,0.7572,-0.2488,-0.1972,-0.3901,4.8392,-0.2007,0.7572,4.9067,-0.1441,0.8000,1,1
5.0867,0.0031,1.1475,-0.0216,0.0121,5.2605,0.1620,0.7695,0.1757,0.1568,-0.3780,5.2605,0.1620,0.7695,5.2897,0.1474,0.8000,1,1,5.3063,-0.1165,0.8384,0.2181,-0.1222,-0.3091,5.3063,-0.1165,0.8384,5.3802,-0.1366,0.8000,0,1,4.8994,0.1218,0.8277,-0.1859,0.1210,-0.3198,4.8994,0.1218,0.8277,4.9900,0.1427,0.8000,0,1,4.8392,-0.2007,0.7572,-0.2499,-0.2008,-0.3903,4.8392,-0.2007,0.7572,4.9064,-0.1413,0.8000,1,1
5.0903,0.0034,1.1482,-0.0212,-0.0030,5.2605,0.1620,0.7695,0.1697,0.1591,-0.3787,5.2605,0.1620,0.7695,5.2935,0.1448,0.8000,1,1,5.3133,-0.1229,0.8280,0.2234,-0.1256,-0.3202,5.3133,-0.1229,0.8280,5.3817,-0.1392,0.8000,0,1,4.8994,0.1314,0.8172,-0.1913,0.1274,-0.3310,4.8994,0.1314,0.8172,4.9957,0.1459,0.8000,0,1,4.8393,-0.2008,0.7572,-0.2504,-0.2050,-0.3910,4.8393,-0.2008,0.7572,4.9059,-0.1381,0.8000,1,1
5.0940,0.0036,1.1492,-0.0206,-0.0197,5.2605,0.1620,0.7695,0.1633,0.1616,-0.3797,5.2605,0.1620,0.7695,5.2976,0.1418,0.8000,1,1,5.3203,-0.1317,0.8159,0.2289,-0.1308,-0.3333,5.3203,-0.1317,0.8159,5.3830,-0.1422,0.8000,0,1,4.8982,0.1443,0.8051,-0.1985,0.1368,-0.3441,4.8982,0.1443,0.8051,5.0019,0.1494,0.8000,0,1,4.8393,-0.2008,0.7571,-0.2506,-0.2094,-0.3921,4.8393,-0.2008,0.7571,4.9053,-0.1345,0.8000,1,1
5.0978,0.0038,1.1505,-0.0200,-0.0376,5.2605,0.1620,0.7695,0.1566,0.1642,-0.3810,5.2605,0.1620,0.7695,5.3018,0.1385,0.8000,1,1,5.3266,-0.1424,0.8032,0.2341,-0.1375,-0.3473,5.3266,-0.1424,0.8032,5.3841,-0.1453,0.8000,0,1,4.8972,0.1590,0.7924,-0.2063,0.1475,-0.3581,4.8972,0.1590,0.7924,5.0083,0.1530,0.8000,0,1,4.8393,-0.2008,0.7571,-0.2506,-0.2142,-0.3934,4.8393,-0.2008,0.7571,4.9046,-0.1308,0.8000,1,1
5.1017,0.0038,1.1519,-0.0192,-0.0553,5.2605,0.1621,0.7695,0.1498,0.1668,-0.3824,5.2605,0.1621,0.7695,5.3061,0.1350,0.8000,1,1,5.3315,-0.1527,0.7910,0.2381,-0.1436,-0.3609,5.3315,-0.1527,0.7910,5.3854,-0.1486,0.8000,0,1,4.8977,0.1726,0.7802,-0.2130,0.1573,-0.3717,4.8977,0.1726,0.7802,5.0149,0.1564,0.8000,0,1,4.8393,-0.2008,0.7570,-0.2507,-0.2188,-0.3949,4.8393,-0.2008,0.7570,4.9042,-0.1272,0.8000,1,1
5.1057,0.0038,1.1532,-0.0179,-0.0712,5.2605,0.1622,0.7695,0.1431,0.1690,-0.3837,5.2605,0.1622,0.7695,5.3102,0.1318,0.8000,1,1,5.3344,-0.1600,0.7804,0.2398,-0.1471,-0.3728,5.3344,-0.1600,0.7804,5.3870,-0.1515,0.8000,0,1,4.9001,0.1841,0.7697,-0.2179,0.1652,-0.3835,4.9001,0.1841,0.7697,5.0213,0.1593,0.8000,0,1,4.8393,-0.2007,0.7569,-0.2512,-0.2229,-0.3963,4.8393,-0.2007,0.7569,4.9041,-0.1240,0.8000,1,1
5.1098,0.0037,1.1538,-0.0157,-0.0826,5.2604,0.1624,0.7695,0.1370,0.1706,-0.3843,5.2604,0.1624,0.7695,5.3137,0.1294,0.8000,1,1,5.3336,-0.1615,0.7725,0.2367,-0.1462,-0.3813,5.3336,-0.1615,0.7725,5.3893,-0.1537,0.8000,0,1,4.9032,0.1968,0.7620,-0.2218,0.1754,-0.3918,4.9032,0.1968,0.7620,5.0272,0.1613,0.8000,0,1,4.8392,-0.2005,0.7569,-0.2528,-0.2258,-0.3969,4.8392,-0.2005,0.7569,4.9048,-0.1217,0.8000,1,1
5.1141,0.0035,1.1531,-0.0114,-0.0901,5.2597,0.1787,0.7718,0.1292,0.1876,-0.3813,5.2597,0.1787,0.7718,5.4179,0.1276,0.8000,0,1,5.3294,-0.1600,0.7691,0.2291,-0.1435,-0.3840,5.3294,-0.1600,0.7691,5.3264,-0.1552,0.8000,1,1,4.9077,0.2053,0.7596,-0.2237,0.1824,-0.3935,4.9077,0.2053,0.7596,4.9667,0.1624,0.8000,1,1,4.8416,-0.2039,0.7586,-0.2527,-0.2311,-0.3945,4.8416,-0.2039,0.7586,5.0071,-0.1204,0.8000,0,1
5.1187,0.0030,1.1521,-0.0106,-0.0909,5.2776,0.1783,0.7788,0.1423,0.1890,-0.3733,5.2776,0.1783,0.7788,5.4226,0.1270,0.8000,0,1,5.3296,-0.1595,0.7690,0.2248,-0.1427,-0.3831,5.3296,-0.1595,0.7690,5.3289,-0.1558,0.8000,1,1,4.9078,0.2058,0.7598,-0.2284,0.1828,-0.3923,4.9078,0.2058,0.7598,4.9694,0.1621,0.8000,1,1,4.8519,-0.2004,0.7647,-0.2472,-0.2268,-0.3874,4.8519,-0.2004,0.7647,5.0117,-0.1207,0.8000,0,1
5.1233,0.0025,1.1518,-0.0121,-0.0834,5.2968,0.1455,0.7892,0.1610,0.1570,-0.3626,5.2968,0.1455,0.7892,5.4263,0.1281,0.8000,0,1,5.3294,-0.1598,0.7690,0.2189,-0.1446,-0.3828,5.3294,-0.1598,0.7690,5.3326,-0.1550,0.8000,1,1,4.9077,0.2055,0.7597,-0.2318,0.1843,-0.3921,4.9077,0.2055,0.7597,4.9708,0.1603,0.8000,1,1,4.8838,-0.1564,0.7769,-0.2254,-0.1783,-0.3749,4.8838,-0.1564,0.7769,5.0172,-0.1227,0.8000,0,1
5.1275,0.0022,1.1513,-0.0133,-0.0768,5.3111,0.1245,0.8016,0.1737,0.1360,-0.3497,5.3111,0.1245,0.8016,5.4297,0.1290,0.8000,0,1,5.3294,-0.1598,0.7690,0.2137,-0.1460,-0.3823,5.3294,-0.1598,0.7690,5.3359,-0.1541,0.8000,1,1,4.9077,0.2055,0.7596,-0.2348,0.1858,-0.3917,4.9077,0.2055,0.7596,4.9720,0.1587,0.8000,1,1,4.9073,-0.1290,0.7897,-0.2095,-0.1477,-0.3616,4.9073,-0.1290,0.7897,5.0222,-0.1244,0.8000,0,1
5.1316,0.0018,1.1505,-0.0153,-0.0708,5.3234,0.1168,0.8147,0.1832,0.1283,-0.3358,5.3234,0.1168,0.8147,5.4329,0.1299,0.8000,0,1,5.3294,-0.1598,0.7691,0.2087,-0.1472,-0.3814,5.3294,-0.1598,0.7691,5.3388,-0.1534,0.8000,1,1,4.9077,0.2055,0.7596,-0.2377,0.1874,-0.3909,4.9077,0.2055,0.7596,4.9731,0.1573,0.8000,1,1,4.9230,-0.1182,0.8028,-0.1996,-0.1345,-0.3477,4.9230,-0.1182,0.8028,5.0270,-0.1260,0.8000,0,1
5.1355,0.0014,1.1495,-0.0173,-0.0642,5.3341,0.1135,0.8275,0.1910,0.1246,-0.3220,5.3341,0.1135,0.8275,5.4360,0.1308,0.8000,0,1,5.3294,-0.1599,0.7691,0.2038,-0.1485,-0.3804,5.3294,-0.1599,0.7691,5.3418,-0.1526,0.8000,1,1,4.9077,0.2055,0.7596,-0.2404,0.1891,-0.3899,4.9077,0.2055,0.7596,4.9740,0.1556,0.8000,1,1,4.9352,-0.1130,0.8156,-0.1925,-0.1270,-0.3339,4.9352,-0.1130,0.8156,5.0318,-0.1278,0.8000,0,1
5.1393,0.0010,1.1486,-0.0188,-0.0569,5.3435,0.1119,0.8385,0.1976,0.1223,-0.3101,5.3435,0.1119,0.8385,5.4389,0.1319,0.8000,0,1,5.3295,-0.1599,0.7691,0.1990,-0.1498,-0.3795,5.3295,-0.1599,0.7691,5.3447,-0.1517,0.8000,1,1,4.9077,0.2055,0.7596,-0.2429,0.1910,-0.3890,4.9077,0.2055,0.7596,4.9747,0.1539,0.8000,1,1,4.9451,-0.1106,0.8266,-0.1875,-0.1225,-0.3220,4.9451,-0.1106,0.8266,5.0366,-0.1297,0.8000,0,1
5.1431,0.0006,1.1477,-0.0198,-0.0488,5.3517,0.1115,0.8467,0.2029,0.1209,-0.3010,5.3517,0.1115,0.8467,5.4416,0.1330,0.8000,0,1,5.3295,-0.1599,0.7691,0.1940,-0.1512,-0.3786,5.3295,-0.1599,0.7691,5.3477,-0.1506,0.8000,1,1,4.9077,0.2055,0.7596,-0.2451,0.1932,-0.3881,4.9077,0.2055,0.7596,4.9753,0.1519,0.8000,1,1,4.9533,-0.1097,0.8347,-0.1842,-0.1194,-0.3130,4.9533,-0.1097,0.8347,5.0414,-0.1318,0.8000,0,1
5.1469,0.0001,1.1471,-0.0205,-0.0397,5.3590,0.1123,0.8506,0.2075,0.1205,-0.2965,5.3590,0.1123,0.8506,5.4442,0.1344,0.8000,0,1,5.3295,-0.1599,0.7691,0.1888,-0.1526,-0.3780,5.3295,-0.1599,0.7691,5.3509,-0.1494,0.8000,1,1,4.9078,0.2055,0.7596,-0.2471,0.1957,-0.3875,4.9078,0.2055,0.7596,4.9757,0.1497,0.8000,1,1,4.9601,-0.1099,0.8386,-0.1823,-0.1173,-0.3085,4.9601,-0.1099,0.8386,5.0464,-0.1341,0.8000,0,1
5.1506,-0.0004,1.1469,-0.0208,-0.0292,5.3658,0.1141,0.8494,0.2118,0.1207,-0.2975,5.3658,0.1141,0.8494,5.4465,0.1360,0.8000,0,1,5.3295,-0.1599,0.7691,0.1835,-0.1542,-0.3778,5.3295,-0.1599,0.7691,5.3542,-0.1479,0.8000,1,1,4.9078,0.2055,0.7596,-0.2487,0.1987,-0.3873,4.9078,0.2055,0.7596,4.9758,0.1473,0.8000,1,1,4.9654,-0.1118,0.8374,-0.1819,-0.1168,-0.3095,4.9654,-0.1118,0.8374,5.0515,-0.1366,0.8000,0,1
5.1543,-0.0008,1.1470,-0.0210,-0.0170,5.3725,0.1172,0.8437,0.2162,0.1217,-0.3033,5.3725,0.1172,0.8437,5.4485,0.1379,0.8000,0,1,5.3295,-0.1599,0.7691,0.1779,-0.1561,-0.3779,5.3295,-0.1599,0.7691,5.3577,-0.1461,0.8000,1,1,4.9078,0.2055,0.7596,-0.2500,0.2021,-0.3874,4.9078,0.2055,0.7596,4.9757,0.1445,0.8000,1,1,4.9688,-0.1162,0.8317,-0.1835,-0.1185,-0.3153,4.9688,-0.1162,0.8317,5.0569,-0.1395,0.8000,0,1
5.1580,-0.0012,1.1476,-0.0209,-0.0028,5.3795,0.1221,0.8346,0.2212,0.1239,-0.3130,5.3795,0.1221,0.8346,5.4502,0.1402,0.8000,0,1,5.3295,-0.1599,0.7691,0.1719,-0.1582,-0.3785,5.3295,-0.1599,0.7691,5.3614,-0.1438,0.8000,1,1,4.9078,0.2055,0.7595,-0.2508,0.2060,-0.3881,4.9078,0.2055,0.7595,4.9754,0.1413,0.8000,1,1,4.9699,-0.1243,0.8225,-0.1878,-0.1236,-0.3251,4.9699,-0.1243,0.8225,5.0626,-0.1427,0.8000,0,1
5.1617,-0.0016,1.1485,-0.0209,0.0132,5.3867,0.1292,0.8232,0.2267,0.1278,-0.3253,5.3867,0.1292,0.8232,5.4516,0.1429,0.8000,0,1,5.3296,-0.1599,0.7691,0.1658,-0.1605,-0.3794,5.3296,-0.1599,0.7691,5.3654,-0.1410,0.8000,1,1,4.9079,0.2055,0.7595,-0.2510,0.2104,-0.3890,4.9079,0.2055,0.7595,4.9749,0.1378,0.8000,1,1,4.9692,-0.1361,0.8111,-0.1943,-0.1319,-0.3374,4.9692,-0.1361,0.8111,5.0686,-0.1462,0.8000,0,1
5.1655,-0.0019,1.1498,-0.0208,0.0308,5.3937,0.1380,0.8106,0.2324,0.1328,-0.3392,5.3937,0.1380,0.8106,5.4529,0.1459,0.8000,0,1,5.3296,-0.1599,0.7691,0.1592,-0.1630,-0.3807,5.3296,-0.1599,0.7691,5.3696,-0.1379,0.8000,1,1,4.9079,0.2056,0.7595,-0.2511,0.2153,-0.3903,4.9079,0.2056,0.7595,4.9742,0.1340,0.8000,1,1,4.9679,-0.1502,0.7985,-0.2021,-0.1421,-0.3513,4.9679,-0.1502,0.7985,5.0750,-0.1498,0.8000,0,1
5.1694,-0.0021,1.1513,-0.0207,0.0488,5.3997,0.1477,0.7980,0.2373,0.1384,-0.3533,5.3997,0.1477,0.7980,5.4541,0.1491,0.8000,0,1,5.3295,-0.1599,0.7691,0.1522,-0.1654,-0.3822,5.3295,-0.1599,0.7691,5.3740,-0.1346,0.8000,1,1,4.9079,0.2056,0.7595,-0.2511,0.2202,-0.3918,4.9079,0.2056,0.7595,4.9738,0.1302,0.8000,1,1,4.9676,-0.1649,0.7859,-0.2095,-0.1528,-0.3654,4.9676,-0.1649,0.7859,5.0816,-0.1535,0.8000,0,1
5.1735,-0.0023,1.1528,-0.0201,0.0659,5.4040,0.1559,0.7865,0.2404,0.1427,-0.3663,5.4040,0.1559,0.7865,5.4555,0.1520,0.8000,0,1,5.3295,-0.1600,0.7691,0.1453,-0.1676,-0.3837,5.3295,-0.1600,0.7691,5.3782,-0.1313,0.8000,1,1,4.9079,0.2055,0.7594,-0.2513,0.2248,-0.3934,4.9079,0.2055,0.7594,4.9736,0.1266,0.8000,1,1,4.9690,-0.1777,0.7745,-0.2156,-0.1616,-0.3783,4.9690,-0.1777,0.7745,5.0883,-0.1568,0.8000,0,1
5.1776,-0.0024,1.1540,-0.0184,0.0800,5.4069,0.1591,0.7771,0.2415,0.1427,-0.3769,5.4069,0.1591,0.7771,5.4575,0.1545,0.8000,0,1,5.3295,-0.1602,0.7692,0.1388,-0.1694,-0.3848,5.3295,-0.1602,0.7692,5.3822,-0.1286,0.8000,1,1,4.9079,0.2054,0.7593,-0.2522,0.2287,-0.3947,4.9079,0.2054,0.7593,4.9739,0.1236,0.8000,1,1,4.9716,-0.1887,0.7653,-0.2202,-0.1692,-0.3887,4.9716,-0.1887,0.7653,5.0946,-0.1595,0.8000,0,1
5.1818,-0.0025,1.1542,-0.0145,0.0885,5.4037,0.1551,0.7702,0.2350,0.1374,-0.3840,5.4037,0.1551,0.7702,5.3953,0.1560,0.8000,1,1,5.3291,-0.1608,0.7692,0.1327,-0.1707,-0.3850,5.3291,-0.1608,0.7692,5.4854,-0.1269,0.8000,0,1,4.9078,0.2048,0.7593,-0.2546,0.2307,-0.3949,4.9078,0.2048,0.7593,5.0750,0.1217,0.8000,0,1,4.9779,-0.2033,0.7593,-0.2208,-0.1820,-0.3949,4.9779,-0.2033,0.7593,5.0351,-0.1611,0.8000,1,1
5.1865,-0.0023,1.1532,-0.0109,0.0941,5.4039,0.1547,0.7700,0.2312,0.1359,-0.3832,5.4039,0.1547,0.7700,5.3971,0.1571,0.8000,1,1,5.3347,-0.1815,0.7747,0.1307,-0.1923,-0.3785,5.3347,-0.1815,0.7747,5.4908,-0.1257,0.8000,0,1,4.9138,0.2089,0.7635,-0.2516,0.2359,-0.3897,4.9138,0.2089,0.7635,5.0790,0.1208,0.8000,0,1,4.9781,-0.2037,0.7595,-0.2264,-0.1809,-0.3937,4.9781,-0.2037,0.7595,5.0387,-0.1620,0.8000,1,1
5.1913,-0.0020,1.1526,-0.0119,0.0891,5.4038,0.1547,0.7700,0.2256,0.1372,-0.3826,5.4038,0.1547,0.7700,5.4007,0.1565,0.8000,1,1,5.3571,-0.1600,0.7832,0.1511,-0.1721,-0.3694,5.3571,-0.1600,0.7832,5.4950,-0.1264,0.8000,0,1,4.9375,0.1800,0.7730,-0.2366,0.2039,-0.3796,4.9375,0.1800,0.7730,5.0844,0.1221,0.8000,0,1,4.9780,-0.2037,0.7595,-0.2304,-0.1819,-0.3931,4.9780,-0.2037,0.7595,5.0407,-0.1608,0.8000,1,1
5.1957,-0.0018,1.1523,-0.0128,0.0818,5.4038,0.1548,0.7701,0.2202,0.1391,-0.3822,5.4038,0.1548,0.7701,5.4043,0.1554,0.8000,1,1,5.3738,-0.1304,0.7950,0.1670,-0.1427,-0.3573,5.3738,-0.1304,0.7950,5.4985,-0.1277,0.8000,0,1,4.9658,0.1431,0.7854,-0.2173,0.1632,-0.3669,4.9658,0.1431,0.7854,5.0898,0.1238,0.8000,0,1,4.9780,-0.2036,0.7595,-0.2335,-0.1833,-0.3928,4.9780,-0.2036,0.7595,5.0420,-0.1593,0.8000,1,1
5.1999,-0.0016,1.1515,-0.0144,0.0757,5.4038,0.1548,0.7701,0.2151,0.1405,-0.3814,5.4038,0.1548,0.7701,5.4074,0.1545,0.8000,1,1,5.3874,-0.1187,0.8078,0.1781,-0.1309,-0.3437,5.3874,-0.1187,0.8078,5.5019,-0.1287,0.8000,0,1,4.9841,0.1279,0.7984,-0.2054,0.1454,-0.3531,4.9841,0.1279,0.7984,5.0947,0.1253,0.8000,0,1,4.9780,-0.2036,0.7595,-0.2365,-0.1846,-0.3920,4.9780,-0.2036,0.7595,5.0432,-0.1579,0.8000,1,1
5.2039,-0.0013,1.1506,-0.0162,0.0690,5.4038,0.1548,0.7701,0.2102,0.1419,-0.3805,5.4038,0.1548,0.7701,5.4105,0.1536,0.8000,1,1,5.3990,-0.1135,0.8209,0.1869,-0.1254,-0.3297,5.3990,-0.1135,0.8209,5.5051,-0.1298,0.8000,0,1,4.9979,0.1206,0.8115,-0.1971,0.1358,-0.3391,4.9979,0.1206,0.8115,5.0996,0.1269,0.8000,0,1,4.9780,-0.2036,0.7594,-0.2393,-0.1862,-0.3912,4.9780,-0.2036,0.7594,5.0442,-0.1564,0.8000,1,1
5.2079,-0.0010,1.1496,-0.0177,0.0618,5.4038,0.1548,0.7701,0.2051,0.1434,-0.3795,5.4038,0.1548,0.7701,5.4135,0.1526,0.8000,1,1,5.4090,-0.1112,0.8330,0.1939,-0.1224,-0.3166,5.4090,-0.1112,0.8330,5.5081,-0.1309,0.8000,0,1,5.0090,0.1169,0.8235,-0.1912,0.1300,-0.3261,5.0090,0.1169,0.8235,5.1045,0.1287,0.8000,0,1,4.9780,-0.2036,0.7594,-0.2420,-0.1880,-0.3902,4.9780,-0.2036,0.7594,5.0450,-0.1548,0.8000,1,1
5.2117,-0.0006,1.1486,-0.0187,0.0539,5.4038,0.1548,0.7701,0.2002,0.1448,-0.3785,5.4038,0.1548,0.7701,5.4166,0.1515,0.8000,1,1,5.4177,-0.1103,0.8427,0.1998,-0.1206,-0.3059,5.4177,-0.1103,0.8427,5.5109,-0.1321,0.8000,0,1,5.0184,0.1151,0.8332,-0.1868,0.1259,-0.3154,5.0184,0.1151,0.8332,5.1093,0.1307,0.8000,0,1,4.9780,-0.2036,0.7594,-0.2443,-0.1901,-0.3892,4.9780,-0.2036,0.7594,5.0456,-0.1529,0.8000,1,1
5.2155,-0.0001,1.1479,-0.0193,0.0452,5.4038,0.1548,0.7701,0.1951,0.1462,-0.3778,5.4038,0.1548,0.7701,5.4197,0.1504,0.8000,1,1,5.4254,-0.1103,0.8489,0.2047,-0.1196,-0.2990,5.4254,-0.1103,0.8489,5.5135,-0.1333,0.8000,0,1,5.0263,0.1144,0.8394,-0.1838,0.1229,-0.3085,5.0263,0.1144,0.8394,5.1143,0.1329,0.8000,0,1,4.9781,-0.2036,0.7594,-0.2464,-0.1926,-0.3885,4.9781,-0.2036,0.7594,5.0461,-0.1508,0.8000,1,1
5.2193,0.0003,1.1474,-0.0194,0.0355,5.4038,0.1549,0.7701,0.1899,0.1480,-0.3773,5.4038,0.1549,0.7701,5.4229,0.1491,0.8000,1,1,5.4324,-0.1114,0.8503,0.2090,-0.1192,-0.2971,5.4324,-0.1114,0.8503,5.5160,-0.1348,0.8000,0,1,5.0331,0.1150,0.8408,-0.1820,0.1212,-0.3066,5.0331,0.1150,0.8408,5.1193,0.1353,0.8000,0,1,4.9781,-0.2036,0.7594,-0.2483,-0.1952,-0.3880,4.9781,-0.2036,0.7594,5.0464,-0.1485,0.8000,1,1
5.2230,0.0008,1.1472,-0.0191,0.0246,5.4039,0.1549,0.7701,0.1846,0.1496,-0.3771,5.4039,0.1549,0.7701,5.4262,0.1475,0.8000,1,1,5.4389,-0.1135,0.8467,0.2130,-0.1196,-0.3005,5.4389,-0.1135,0.8467,5.5182,-0.1364,0.8000,0,1,5.0384,0.1173,0.8372,-0.1817,0.1210,-0.3100,5.0384,0.1173,0.8372,5.1245,0.1380,0.8000,0,1,4.9781,-0.2036,0.7594,-0.2499,-0.1983,-0.3878,4.9781,-0.2036,0.7594,5.0465,-0.1459,0.8000,1,1
5.2266,0.0014,1.1475,-0.0185,0.0121,5.4039,0.1549,0.7701,0.1791,0.1513,-0.3774,5.4039,0.1549,0.7701,5.4297,0.1457,0.8000,1,1,5.4455,-0.1169,0.8392,0.2175,-0.1209,-0.3083,5.4455,-0.1169,0.8392,5.5202,-0.1383,0.8000,0,1,5.0420,0.1223,0.8296,-0.1831,0.1231,-0.3179,5.0420,0.1223,0.8296,5.1299,0.1410,0.8000,0,1,4.9781,-0.2036,0.7594,-0.2510,-0.2020,-0.3881,4.9781,-0.2036,0.7594,5.0464,-0.1430,0.8000,1,1
5.2303,0.0019,1.1480,-0.0178,-0.0020,5.4039,0.1549,0.7701,0.1733,0.1533,-0.3779,5.4039,0.1549,0.7701,5.4334,0.1435,0.8000,1,1,5.4525,-0.1222,0.8288,0.2224,-0.1237,-0.3192,5.4525,-0.1222,0.8288,5.5218,-0.1405,0.8000,0,1,5.0432,0.1310,0.8192,-0.1874,0.1287,-0.3288,5.0432,0.1310,0.8192,5.1356,0.1443,0.8000,0,1,4.9781,-0.2036,0.7593,-0.2518,-0.2060,-0.3887,4.9781,-0.2036,0.7593,5.0460,-0.1397,0.8000,1,1
5.2340,0.0024,1.1490,-0.0168,-0.0177,5.4039,0.1549,0.7701,0.1672,0.1555,-0.3789,5.4039,0.1549,0.7701,5.4373,0.1410,0.8000,1,1,5.4596,-0.1298,0.8167,0.2279,-0.1282,-0.3323,5.4596,-0.1298,0.8167,5.5233,-0.1430,0.8000,0,1,5.0422,0.1435,0.8071,-0.1943,0.1377,-0.3419,5.0422,0.1435,0.8071,5.1415,0.1478,0.8000,0,1,4.9782,-0.2036,0.7593,-0.2521,-0.2105,-0.3897,4.9782,-0.2036,0.7593,5.0455,-0.1362,0.8000,1,1
5.2377,0.0028,1.1502,-0.0157,-0.0346,5.4039,0.1549,0.7701,0.1608,0.1578,-0.3801,5.4039,0.1549,0.7701,5.4413,0.1381,0.8000,1,1,5.4663,-0.1392,0.8040,0.2334,-0.1340,-0.3462,5.4663,-0.1392,0.8040,5.5245,-0.1457,0.8000,0,1,5.0403,0.1586,0.7943,-0.2027,0.1489,-0.3559,5.0403,0.1586,0.7943,5.1478,0.1515,0.8000,0,1,4.9782,-0.2036,0.7593,-0.2522,-0.2153,-0.3909,4.9782,-0.2036,0.7593,5.0449,-0.1323,0.8000,1,1
5.2416,0.0033,1.1515,-0.0143,-0.0518,5.4039,0.1549,0.7701,0.1542,0.1598,-0.3814,5.4039,0.1549,0.7701,5.4454,0.1351,0.8000,1,1,5.4715,-0.1482,0.7918,0.2374,-0.1394,-0.3597,5.4715,-0.1482,0.7918,5.5258,-0.1485,0.8000,0,1,5.0393,0.1732,0.7821,-0.2108,0.1592,-0.3694,5.0393,0.1732,0.7821,5.1542,0.1552,0.8000,0,1,4.9782,-0.2036,0.7592,-0.2523,-0.2203,-0.3923,4.9782,-0.2036,0.7592,5.0445,-0.1285,0.8000,1,1
5.2455,0.0036,1.1527,-0.0124,-0.0674,5.4039,0.1551,0.7702,0.1478,0.1618,-0.3825,5.4039,0.1551,0.7702,5.4494,0.1324,0.8000,1,1,5.4748,-0.1546,0.7812,0.2394,-0.1424,-0.3715,5.4748,-0.1546,0.7812,5.5273,-0.1510,0.8000,0,1,5.0401,0.1856,0.7717,-0.2172,0.1678,-0.3810,5.0401,0.1856,0.7717,5.1605,0.1584,0.8000,0,1,4.9782,-0.2035,0.7591,-0.2527,-0.2246,-0.3936,4.9782,-0.2035,0.7591,5.0443,-0.1249,0.8000,1,1
5.2494,0.0039,1.1533,-0.0098,-0.0791,5.4038,0.1552,0.7702,0.1420,0.1630,-0.3831,5.4038,0.1552,0.7702,5.4529,0.1303,0.8000,1,1,5.4753,-0.1553,0.7733,0.2378,-0.1409,-0.3800,5.4753,-0.1553,0.7733,5.5294,-0.1528,0.8000,0,1,5.0424,0.1988,0.7639,-0.2218,0.1779,-0.3894,5.0424,0.1988,0.7639,5.1663,0.1609,0.8000,0,1,4.9782,-0.2034,0.7590,-0.2540,-0.2281,-0.3943,4.9782,-0.2034,0.7590,5.0448,-0.1222,0.8000,1,1
5.2537,0.0042,1.1527,-0.0056,-0.0873,5.4025,0.1715,0.7723,0.1336,0.1796,-0.3804,5.4025,0.1715,0.7723,5.5571,0.1289,0.8000,0,1,5.4736,-0.1525,0.7699,0.2327,-0.1369,-0.3828,5.4736,-0.1525,0.7699,5.4664,-0.1540,0.8000,1,1,5.0467,0.2068,0.7614,-0.2239,0.1838,-0.3913,5.0467,0.2068,0.7614,5.1058,0.1626,0.8000,1,1,4.9808,-0.2062,0.7608,-0.2535,-0.2334,-0.3919,4.9808,-0.2062,0.7608,5.1470,-0.1203,0.8000,0,1
5.2583,0.0041,1.1518,-0.0055,-0.0879,5.4195,0.1715,0.7793,0.1459,0.1809,-0.3725,5.4195,0.1715,0.7793,5.5618,0.1287,0.8000,0,1,5.4737,-0.1521,0.7698,0.2283,-0.1367,-0.3820,5.4737,-0.1521,0.7698,5.4689,-0.1542,0.8000,1,1,5.0468,0.2072,0.7616,-0.2285,0.1837,-0.3902,5.0468,0.2072,0.7616,5.1085,0.1627,0.8000,1,1,4.9923,-0.1998,0.7670,-0.2471,-0.2265,-0.3848,4.9923,-0.1998,0.7670,5.1516,-0.1202,0.8000,0,1
5.2629,0.0040,1.1515,-0.0074,-0.0809,5.4382,0.1420,0.7896,0.1636,0.1517,-0.3619,5.4382,0.1420,0.7896,5.5656,0.1300,0.8000,0,1,5.4736,-0.1523,0.7698,0.2226,-0.1388,-0.3817,5.4736,-0.1523,0.7698,5.4726,-0.1530,0.8000,1,1,5.0467,0.2069,0.7615,-0.2319,0.1848,-0.3900,5.0467,0.2069,0.7615,5.1100,0.1613,0.8000,1,1,5.0231,-0.1577,0.7789,-0.2259,-0.1805,-0.3726,5.0231,-0.1577,0.7789,5.1571,-0.1218,0.8000,0,1
5.2671,0.0039,1.1510,-0.0093,-0.0747,5.4525,0.1239,0.8020,0.1759,0.1335,-0.3490,5.4525,0.1239,0.8020,5.5690,0.1312,0.8000,0,1,5.4736,-0.1524,0.7698,0.2176,-0.1405,-0.3812,5.4736,-0.1524,0.7698,5.4758,-0.1520,0.8000,1,1,5.0467,0.2069,0.7615,-0.2349,0.1860,-0.3895,5.0467,0.2069,0.7615,5.1113,0.1601,0.8000,1,1,5.0458,-0.1324,0.7916,-0.2105,-0.1524,-0.3594,5.0458,-0.1324,0.7916,5.1621,-0.1232,0.8000,0,1
5.2712,0.0037,1.1502,-0.0119,-0.0688,5.4647,0.1174,0.8151,0.1852,0.1267,-0.3351,5.4647,0.1174,0.8151,5.5724,0.1322,0.8000,0,1,5.4736,-0.1524,0.7698,0.2127,-0.1418,-0.3804,5.4736,-0.1524,0.7698,5.4788,-0.1511,0.8000,1,1,5.0467,0.2069,0.7615,-0.2379,0.1873,-0.3887,5.0467,0.2069,0.7615,5.1125,0.1588,0.8000,1,1,5.0615,-0.1217,0.8047,-0.2006,-0.1395,-0.3455,5.0615,-0.1217,0.8047,5.1670,-0.1245,0.8000,0,1
5.2753,0.0034,1.1493,-0.0142,-0.0622,5.4753,0.1145,0.8278,0.1927,0.1233,-0.3215,5.4753,0.1145,0.8278,5.5755,0.1332,0.8000,0,1,5.4736,-0.1524,0.7698,0.2076,-0.1432,-0.3795,5.4736,-0.1524,0.7698,5.4819,-0.1502,0.8000,1,1,5.0468,0.2069,0.7615,-0.2407,0.1889,-0.3878,5.0468,0.2069,0.7615,5.1135,0.1573,0.8000,1,1,5.0739,-0.1164,0.8175,-0.1936,-0.1321,-0.3318,5.0739,-0.1164,0.8175,5.1718,-0.1262,0.8000,0,1
5.2792,0.0031,1.1484,-0.0159,-0.0549,5.4845,0.1132,0.8389,0.1989,0.1212,-0.3095,5.4845,0.1132,0.8389,5.5785,0.1343,0.8000,0,1,5.4736,-0.1524,0.7699,0.2026,-0.1446,-0.3785,5.4736,-0.1524,0.7699,5.4849,-0.1492,0.8000,1,1,5.0468,0.2069,0.7615,-0.2432,0.1907,-0.3869,5.0468,0.2069,0.7615,5.1143,0.1556,0.8000,1,1,5.0841,-0.1135,0.8285,-0.1884,-0.1271,-0.3199,5.0841,-0.1135,0.8285,5.1767,-0.1280,0.8000,0,1
5.2830,0.0026,1.1476,-0.0171,-0.0470,5.4926,0.1129,0.8470,0.2042,0.1200,-0.3006,5.4926,0.1129,0.8470,5.5813,0.1355,0.8000,0,1,5.4736,-0.1524,0.7699,0.1977,-0.1459,-0.3777,5.4736,-0.1524,0.7699,5.4880,-0.1482,0.8000,1,1,5.0468,0.2069,0.7615,-0.2455,0.1930,-0.3861,5.0468,0.2069,0.7615,5.1149,0.1536,0.8000,1,1,5.0927,-0.1123,0.8366,-0.1847,-0.1237,-0.3110,5.0927,-0.1123,0.8366,5.1816,-0.1301,0.8000,0,1
5.2869,0.0021,1.1471,-0.0177,-0.0381,5.4999,0.1135,0.8509,0.2086,0.1194,-0.2962,5.4999,0.1135,0.8509,5.5839,0.1367,0.8000,0,1,5.4736,-0.1524,0.7699,0.1924,-0.1473,-0.3772,5.4736,-0.1524,0.7699,5.4911,-0.1471,0.8000,1,1,5.0468,0.2069,0.7615,-0.2477,0.1955,-0.3856,5.0468,0.2069,0.7615,5.1154,0.1514,0.8000,1,1,5.1001,-0.1122,0.8405,-0.1823,-0.1213,-0.3066,5.1001,-0.1122,0.8405,5.1866,-0.1324,0.8000,0,1
5.2907,0.0016,1.1468,-0.0178,-0.0279,5.5066,0.1150,0.8497,0.2127,0.1194,-0.2971,5.5066,0.1150,0.8497,5.5864,0.1381,0.8000,0,1,5.4737,-0.1524,0.7699,0.1872,-0.1488,-0.3769,5.4737,-0.1524,0.7699,5.4944,-0.1457,0.8000,1,1,5.0468,0.2069,0.7614,-0.2495,0.1984,-0.3854,5.0468,0.2069,0.7614,5.1157,0.1489,0.8000,1,1,5.1062,-0.1137,0.8393,-0.1812,-0.1204,-0.3075,5.1062,-0.1137,0.8393,5.1918,-0.1349,0.8000,0,1
5.2945,0.0010,1.1470,-0.0175,-0.0163,5.5131,0.1175,0.8440,0.2167,0.1200,-0.3030,5.5131,0.1175,0.8440,5.5886,0.1398,0.8000,0,1,5.4737,-0.1525,0.7699,0.1817,-0.1506,-0.3771,5.4737,-0.1525,0.7699,5.4979,-0.1442,0.8000,1,1,5.0469,0.2069,0.7614,-0.2509,0.2018,-0.3856,5.0469,0.2069,0.7614,5.1158,0.1461,0.8000,1,1,5.1107,-0.1173,0.8336,-0.1818,-0.1213,-0.3134,5.1107,-0.1173,0.8336,5.1972,-0.1378,0.8000,0,1
5.2982,0.0004,1.1474,-0.0170,-0.0031,5.5198,0.1215,0.8349,0.2212,0.1218,-0.3125,5.5198,0.1215,0.8349,5.5904,0.1418,0.8000,0,1,5.4737,-0.1524,0.7699,0.1760,-0.1523,-0.3775,5.4737,-0.1524,0.7699,5.5016,-0.1422,0.8000,1,1,5.0469,0.2069,0.7614,-0.2519,0.2057,-0.3860,5.0469,0.2069,0.7614,5.1156,0.1430,0.8000,1,1,5.1130,-0.1244,0.8245,-0.1848,-0.1254,-0.3229,5.1130,-0.1244,0.8245,5.2028,-0.1410,0.8000,0,1
5.3019,-0.0002,1.1483,-0.0163,0.0119,5.5270,0.1276,0.8235,0.2266,0.1251,-0.3248,5.5270,0.1276,0.8235,5.5921,0.1440,0.8000,0,1,5.4737,-0.1524,0.7699,0.1700,-0.1542,-0.3784,5.4737,-0.1524,0.7699,5.5054,-0.1400,0.8000,1,1,5.0469,0.2069,0.7614,-0.2525,0.2101,-0.3869,5.0469,0.2069,0.7614,5.1153,0.1394,0.8000,1,1,5.1130,-0.1355,0.8130,-0.1905,-0.1330,-0.3353,5.1130,-0.1355,0.8130,5.2086,-0.1445,0.8000,0,1
5.3057,-0.0008,1.1495,-0.0155,0.0284,5.5341,0.1356,0.8110,0.2322,0.1299,-0.3385,5.5341,0.1356,0.8110,5.5934,0.1466,0.8000,0,1,5.4737,-0.1524,0.7699,0.1636,-0.1563,-0.3796,5.4737,-0.1524,0.7699,5.5095,-0.1373,0.8000,1,1,5.0470,0.2070,0.7614,-0.2527,0.2151,-0.3881,5.0470,0.2070,0.7614,5.1148,0.1356,0.8000,1,1,5.1113,-0.1498,0.8004,-0.1986,-0.1434,-0.3491,5.1113,-0.1498,0.8004,5.2148,-0.1483,0.8000,0,1
5.3096,-0.0014,1.1508,-0.0146,0.0457,5.5401,0.1445,0.7984,0.2369,0.1352,-0.3524,5.5401,0.1445,0.7984,5.5947,0.1492,0.8000,0,1,5.4737,-0.1525,0.7699,0.1570,-0.1584,-0.3809,5.4737,-0.1525,0.7699,5.5137,-0.1345,0.8000,1,1,5.0470,0.2070,0.7613,-0.2528,0.2202,-0.3895,5.0470,0.2070,0.7613,5.1143,0.1316,0.8000,1,1,5.1097,-0.1652,0.7878,-0.2072,-0.1545,-0.3630,5.1097,-0.1652,0.7878,5.2213,-0.1521,0.8000,0,1
5.3136,-0.0019,1.1522,-0.0133,0.0626,5.5445,0.1519,0.7869,0.2401,0.1391,-0.3653,5.5445,0.1519,0.7869,5.5961,0.1518,0.8000,0,1,5.4737,-0.1526,0.7699,0.1504,-0.1604,-0.3823,5.4737,-0.1526,0.7699,5.5179,-0.1316,0.8000,1,1,5.0470,0.2069,0.7613,-0.2530,0.2251,-0.3909,5.0470,0.2069,0.7613,5.1141,0.1277,0.8000,1,1,5.1097,-0.1790,0.7764,-0.2146,-0.1640,-0.3758,5.1097,-0.1790,0.7764,5.2278,-0.1558,0.8000,0,1
5.3176,-0.0023,1.1533,-0.0110,0.0767,5.5476,0.1550,0.7775,0.2414,0.1392,-0.3758,5.5476,0.1550,0.7775,5.5979,0.1539,0.8000,0,1,5.4736,-0.1528,0.7700,0.1440,-0.1620,-0.3833,5.4736,-0.1528,0.7700,5.5217,-0.1292,0.8000,1,1,5.0470,0.2068,0.7611,-0.2538,0.2292,-0.3922,5.0470,0.2068,0.7611,5.1143,0.1243,0.8000,1,1,5.1109,-0.1908,0.7672,-0.2205,-0.1721,-0.3861,5.1109,-0.1908,0.7672,5.2340,-0.1589,0.8000,0,1
5.3216,-0.0028,1.1536,-0.0070,0.0856,5.5468,0.1496,0.7706,0.2374,0.1326,-0.3830,5.5468,0.1496,0.7706,5.5356,0.1551,0.8000,1,1,5.4734,-0.1535,0.7700,0.1384,-0.1631,-0.3836,5.4734,-0.1535,0.7700,5.6248,-0.1279,0.8000,0,1,5.0470,0.2062,0.7610,-0.2557,0.2317,-0.3926,5.0470,0.2062,0.7610,5.2152,0.1220,0.8000,0,1,5.1173,-0.2056,0.7612,-0.2209,-0.1846,-0.3924,5.1173,-0.2056,0.7612,5.1745,-0.1610,0.8000,1,1
5.3263,-0.0031,1.1526,-0.0041,0.0915,5.5470,0.1491,0.7704,0.2337,0.1314,-0.3822,5.5470,0.1491,0.7704,5.5373,0.1559,0.8000,1,1,5.4777,-0.1745,0.7754,0.1351,-0.1845,-0.3772,5.4777,-0.1745,0.7754,5.6302,-0.1269,0.8000,0,1,5.0535,0.2084,0.7652,-0.2523,0.2355,-0.3874,5.0535,0.2084,0.7652,5.2191,0.1205,0.8000,0,1,5.1174,-0.2060,0.7613,-0.2266,-0.1830,-0.3913,5.1174,-0.2060,0.7613,5.1781,-0.1623,0.8000,1,1
5.3311,-0.0031,1.1520,-0.0059,0.0869,5.5469,0.1492,0.7704,0.2282,0.1330,-0.3816,5.5469,0.1492,0.7704,5.5408,0.1550,0.8000,1,1,5.4991,-0.1549,0.7839,0.1542,-0.1658,-0.3681,5.4991,-0.1549,0.7839,5.6345,-0.1279,0.8000,0,1,5.0776,0.1785,0.7746,-0.2368,0.2029,-0.3774,5.0776,0.1785,0.7746,5.2245,0.1214,0.8000,0,1,5.1173,-0.2060,0.7614,-0.2306,-0.1836,-0.3906,5.1173,-0.2060,0.7614,5.1801,-0.1615,0.8000,1,1
5.3355,-0.0032,1.1517,-0.0076,0.0801,5.5469,0.1492,0.7704,0.2229,0.1350,-0.3813,5.5469,0.1492,0.7704,5.5443,0.1537,0.8000,1,1,5.5155,-0.1292,0.7955,0.1693,-0.1400,-0.3562,5.5155,-0.1292,0.7955,5.6380,-0.1294,0.8000,0,1,5.1050,0.1443,0.7869,-0.2180,0.1655,-0.3648,5.1050,0.1443,0.7869,5.2297,0.1227,0.8000,0,1,5.1173,-0.2059,0.7614,-0.2337,-0.1846,-0.3903,5.1173,-0.2059,0.7614,5.1815,-0.1603,0.8000,1,1
5.3397,-0.0032,1.1510,-0.0101,0.0742,5.5469,0.1492,0.7705,0.2179,0.1366,-0.3805,5.5469,0.1492,0.7705,5.5474,0.1527,0.8000,1,1,5.5290,-0.1191,0.8084,0.1802,-0.1296,-0.3426,5.5290,-0.1191,0.8084,5.6415,-0.1306,0.8000,0,1,5.1231,0.1297,0.7998,-0.2062,0.1486,-0.3512,5.1231,0.1297,0.7998,5.2347,0.1240,0.8000,0,1,5.1173,-0.2059,0.7614,-0.2368,-0.1857,-0.3896,5.1173,-0.2059,0.7614,5.1828,-0.1592,0.8000,1,1
5.3438,-0.0030,1.1501,-0.0126,0.0676,5.5469,0.1493,0.7705,0.2129,0.1382,-0.3796,5.5469,0.1493,0.7705,5.5505,0.1516,0.8000,1,1,5.5404,-0.1146,0.8215,0.1886,-0.1246,-0.3286,5.5404,-0.1146,0.8215,5.6447,-0.1318,0.8000,0,1,5.1370,0.1225,0.8129,-0.1979,0.1392,-0.3372,5.1370,0.1225,0.8129,5.2396,0.1255,0.8000,0,1,5.1173,-0.2059,0.7613,-0.2397,-0.1871,-0.3888,5.1173,-0.2059,0.7613,5.1838,-0.1579,0.8000,1,1
5.3477,-0.0028,1.1492,-0.0146,0.0603,5.5469,0.1493,0.7705,0.2080,0.1398,-0.3787,5.5469,0.1493,0.7705,5.5536,0.1505,0.8000,1,1,5.5503,-0.1126,0.8335,0.1956,-0.1218,-0.3157,5.5503,-0.1126,0.8335,5.6477,-0.1330,0.8000,0,1,5.1484,0.1187,0.8250,-0.1916,0.1333,-0.3242,5.1484,0.1187,0.8250,5.2445,0.1272,0.8000,0,1,5.1174,-0.2059,0.7613,-0.2421,-0.1889,-0.3879,5.1174,-0.2059,0.7613,5.1846,-0.1563,0.8000,1,1
5.3516,-0.0025,1.1483,-0.0160,0.0524,5.5469,0.1493,0.7705,0.2030,0.1414,-0.3778,5.5469,0.1493,0.7705,5.5567,0.1494,0.8000,1,1,5.5588,-0.1119,0.8433,0.2012,-0.1201,-0.3050,5.5588,-0.1119,0.8433,5.6506,-0.1342,0.8000,0,1,5.1579,0.1167,0.8347,-0.1872,0.1292,-0.3136,5.1579,0.1167,0.8347,5.2495,0.1291,0.8000,0,1,5.1174,-0.2059,0.7613,-0.2445,-0.1909,-0.3870,5.1174,-0.2059,0.7613,5.1853,-0.1545,0.8000,1,1
5.3555,-0.0020,1.1476,-0.0168,0.0437,5.5469,0.1493,0.7705,0.1978,0.1428,-0.3771,5.5469,0.1493,0.7705,5.5599,0.1482,0.8000,1,1,5.5664,-0.1120,0.8494,0.2059,-0.1191,-0.2982,5.5664,-0.1120,0.8494,5.6533,-0.1355,0.8000,0,1,5.1662,0.1159,0.8408,-0.1840,0.1261,-0.3068,5.1662,0.1159,0.8408,5.2544,0.1313,0.8000,0,1,5.1174,-0.2059,0.7613,-0.2468,-0.1933,-0.3863,5.1174,-0.2059,0.7613,5.1859,-0.1524,0.8000,1,1
5.3593,-0.0015,1.1472,-0.0170,0.0341,5.5470,0.1493,0.7705,0.1927,0.1443,-0.3767,5.5470,0.1493,0.7705,5.5631,0.1470,0.8000,1,1,5.5732,-0.1129,0.8508,0.2100,-0.1186,-0.2964,5.5732,-0.1129,0.8508,5.6558,-0.1369,0.8000,0,1,5.1732,0.1163,0.8422,-0.1820,0.1241,-0.3050,5.1732,0.1163,0.8422,5.2595,0.1338,0.8000,0,1,5.1174,-0.2059,0.7613,-0.2487,-0.1960,-0.3859,5.1174,-0.2059,0.7613,5.1862,-0.1501,0.8000,1,1
5.3630,-0.0009,1.1471,-0.0166,0.0234,5.5470,0.1493,0.7705,0.1875,0.1459,-0.3766,5.5470,0.1493,0.7705,5.5664,0.1455,0.8000,1,1,5.5796,-0.1146,0.8472,0.2139,-0.1187,-0.2999,5.5796,-0.1146,0.8472,5.6581,-0.1384,0.8000,0,1,5.1791,0.1183,0.8386,-0.1811,0.1235,-0.3085,5.1791,0.1183,0.8386,5.2647,0.1365,0.8000,0,1,5.1174,-0.2059,0.7613,-0.2503,-0.1992,-0.3858,5.1174,-0.2059,0.7613,5.1864,-0.1474,0.8000,1,1
5.3667,-0.0003,1.1473,-0.0159,0.0114,5.5470,0.1493,0.7705,0.1820,0.1475,-0.3768,5.5470,0.1493,0.7705,5.5699,0.1439,0.8000,1,1,5.5859,-0.1175,0.8397,0.2178,-0.1197,-0.3076,5.5859,-0.1175,0.8397,5.6601,-0.1401,0.8000,0,1,5.1835,0.1229,0.8311,-0.1818,0.1253,-0.3162,5.1835,0.1229,0.8311,5.2701,0.1395,0.8000,0,1,5.1175,-0.2059,0.7613,-0.2515,-0.2027,-0.3860,5.1175,-0.2059,0.7613,5.1864,-0.1445,0.8000,1,1
5.3704,0.0004,1.1479,-0.0149,-0.0021,5.5470,0.1493,0.7705,0.1763,0.1493,-0.3774,5.5470,0.1493,0.7705,5.5735,0.1420,0.8000,1,1,5.5926,-0.1219,0.8293,0.2225,-0.1218,-0.3186,5.5926,-0.1219,0.8293,5.6619,-0.1420,0.8000,0,1,5.1858,0.1308,0.8207,-0.1849,0.1300,-0.3272,5.1858,0.1308,0.8207,5.2757,0.1428,0.8000,0,1,5.1175,-0.2059,0.7612,-0.2525,-0.2068,-0.3867,5.1175,-0.2059,0.7612,5.1861,-0.1412,0.8000,1,1
5.3741,0.0011,1.1488,-0.0136,-0.0169,5.5470,0.1493,0.7705,0.1704,0.1511,-0.3783,5.5470,0.1493,0.7705,5.5773,0.1398,0.8000,1,1,5.5995,-0.1285,0.8172,0.2276,-0.1258,-0.3316,5.5995,-0.1285,0.8172,5.6635,-0.1441,0.8000,0,1,5.1855,0.1427,0.8085,-0.1910,0.1384,-0.3403,5.1855,0.1427,0.8085,5.2815,0.1464,0.8000,0,1,5.1175,-0.2059,0.7612,-0.2531,-0.2113,-0.3876,5.1175,-0.2059,0.7612,5.1857,-0.1376,0.8000,1,1
5.3778,0.0018,1.1500,-0.0120,-0.0329,5.5470,0.1493,0.7705,0.1643,0.1530,-0.3795,5.5470,0.1493,0.7705,5.5812,0.1374,0.8000,1,1,5.6063,-0.1368,0.8045,0.2329,-0.1310,-0.3455,5.6063,-0.1368,0.8045,5.6648,-0.1464,0.8000,0,1,5.1835,0.1577,0.7958,-0.1993,0.1494,-0.3542,5.1835,0.1577,0.7958,5.2876,0.1501,0.8000,0,1,5.1176,-0.2060,0.7612,-0.2532,-0.2162,-0.3888,5.1176,-0.2060,0.7612,5.1852,-0.1337,0.8000,1,1
5.3815,0.0025,1.1512,-0.0100,-0.0492,5.5470,0.1493,0.7705,0.1581,0.1548,-0.3807,5.5470,0.1493,0.7705,5.5851,0.1349,0.8000,1,1,5.6117,-0.1449,0.7923,0.2372,-0.1359,-0.3589,5.6117,-0.1449,0.7923,5.6661,-0.1488,0.8000,0,1,5.1815,0.1729,0.7836,-0.2081,0.1604,-0.3676,5.1815,0.1729,0.7836,5.2938,0.1539,0.8000,0,1,5.1176,-0.2060,0.7611,-0.2533,-0.2212,-0.3901,5.1176,-0.2060,0.7611,5.1848,-0.1298,0.8000,1,1
5.3854,0.0031,1.1523,-0.0075,-0.0644,5.5470,0.1495,0.7706,0.1518,0.1565,-0.3817,5.5470,0.1495,0.7706,5.5889,0.1325,0.8000,1,1,5.6154,-0.1508,0.7817,0.2394,-0.1388,-0.3706,5.6154,-0.1508,0.7817,5.6676,-0.1509,0.8000,0,1,5.1810,0.1863,0.7731,-0.2158,0.1697,-0.3792,5.1810,0.1863,0.7731,5.2999,0.1574,0.8000,0,1,5.1176,-0.2059,0.7610,-0.2538,-0.2258,-0.3913,5.1176,-0.2059,0.7610,5.1846,-0.1261,0.8000,1,1
5.3892,0.0037,1.1530,-0.0045,-0.0760,5.5470,0.1497,0.7706,0.1463,0.1576,-0.3824,5.5470,0.1497,0.7706,5.5923,0.1308,0.8000,1,1,5.6169,-0.1513,0.7739,0.2388,-0.1373,-0.3791,5.6169,-0.1513,0.7739,5.6697,-0.1524,0.8000,0,1,5.1823,0.1996,0.7654,-0.2212,0.1796,-0.3876,5.1823,0.1996,0.7654,5.3056,0.1601,0.8000,0,1,5.1176,-0.2057,0.7608,-0.2549,-0.2294,-0.3922,5.1176,-0.2057,0.7608,5.1850,-0.1231,0.8000,1,1
5.3934,0.0043,1.1523,-0.0006,-0.0843,5.5456,0.1650,0.7726,0.1381,0.1729,-0.3797,5.5456,0.1650,0.7726,5.6965,0.1297,0.8000,0,1,5.6167,-0.1479,0.7705,0.2353,-0.1329,-0.3818,5.6167,-0.1479,0.7705,5.6066,-0.1533,0.8000,1,1,5.1860,0.2072,0.7628,-0.2237,0.1847,-0.3895,5.1860,0.2072,0.7628,5.2451,0.1622,0.8000,1,1,5.1203,-0.2080,0.7626,-0.2543,-0.2345,-0.3897,5.1203,-0.2080,0.7626,5.2872,-0.1208,0.8000,0,1
5.3980,0.0046,1.1514,-0.0010,-0.0848,5.5618,0.1650,0.7796,0.1496,0.1737,-0.3718,5.5618,0.1650,0.7796,5.7012,0.1298,0.8000,0,1,5.6168,-0.1475,0.7704,0.2309,-0.1330,-0.3810,5.6168,-0.1475,0.7704,5.6091,-0.1532,0.8000,1,1,5.1861,0.2075,0.7629,-0.2283,0.1842,-0.3885,5.1861,0.2075,0.7629,5.2478,0.1626,0.8000,1,1,5.1328,-0.1992,0.7689,-0.2470,-0.2255,-0.3825,5.1328,-0.1992,0.7689,5.2917,-0.1204,0.8000,0,1
5.4026,0.0047,1.1511,-0.0033,-0.0782,5.5800,0.1385,0.7898,0.1664,0.1472,-0.3613,5.5800,0.1385,0.7898,5.7049,0.1313,0.8000,0,1,5.6167,-0.1477,0.7704,0.2254,-0.1352,-0.3807,5.6167,-0.1477,0.7704,5.6128,-0.1518,0.8000,1,1,5.1860,0.2073,0.7629,-0.2318,0.1851,-0.3882,5.1860,0.2073,0.7629,5.2493,0.1615,0.8000,1,1,5.1626,-0.1589,0.7806,-0.2265,-0.1818,-0.3705,5.1626,-0.1589,0.7806,5.2971,-0.1216,0.8000,0,1
5.4069,0.0048,1.1506,-0.0059,-0.0723,5.5942,0.1228,0.8021,0.1783,0.1312,-0.3485,5.5942,0.1228,0.8021,5.7085,0.1326,0.8000,0,1,5.6167,-0.1478,0.7704,0.2203,-0.1370,-0.3802,5.6167,-0.1478,0.7704,5.6160,-0.1507,0.8000,1,1,5.1860,0.2073,0.7629,-0.2350,0.1860,-0.3877,5.1860,0.2073,0.7629,5.2507,0.1605,0.8000,1,1,5.1848,-0.1352,0.7931,-0.2114,-0.1557,-0.3575,5.1848,-0.1352,0.7931,5.3022,-0.1227,0.8000,0,1
5.4111,0.0048,1.1499,-0.0088,-0.0665,5.6063,0.1171,0.8152,0.1873,0.1250,-0.3347,5.6063,0.1171,0.8152,5.7119,0.1337,0.8000,0,1,5.6167,-0.1478,0.7704,0.2153,-0.1386,-0.3795,5.6167,-0.1478,0.7704,5.6190,-0.1496,0.8000,1,1,5.1860,0.2073,0.7629,-0.2381,0.1871,-0.3870,5.1860,0.2073,0.7629,5.2519,0.1594,0.8000,1,1,5.2004,-0.1247,0.8063,-0.2016,-0.1432,-0.3436,5.2004,-0.1247,0.8063,5.3071,-0.1239,0.8000,0,1
5.4151,0.0046,1.1490,-0.0115,-0.0600,5.6167,0.1147,0.8280,0.1946,0.1220,-0.3210,5.6167,0.1147,0.8280,5.7151,0.1349,0.8000,0,1,5.6167,-0.1478,0.7704,0.2104,-0.1400,-0.3786,5.6167,-0.1478,0.7704,5.6221,-0.1486,0.8000,1,1,5.1860,0.2073,0.7629,-0.2408,0.1886,-0.3861,5.1860,0.2073,0.7629,5.2530,0.1580,0.8000,1,1,5.2130,-0.1192,0.8190,-0.1943,-0.1357,-0.3300,5.2130,-0.1192,0.8190,5.3120,-0.1254,0.8000,0,1
5.4191,0.0043,1.1482,-0.0135,-0.0528,5.6257,0.1137,0.8390,0.2005,0.1202,-0.3092,5.6257,0.1137,0.8390,5.7181,0.1360,0.8000,0,1,5.6168,-0.1478,0.7705,0.2055,-0.1415,-0.3777,5.6168,-0.1478,0.7705,5.6251,-0.1476,0.8000,1,1,5.1860,0.2073,0.7628,-0.2435,0.1904,-0.3854,5.1860,0.2073,0.7628,5.2539,0.1564,0.8000,1,1,5.2234,-0.1162,0.8301,-0.1891,-0.1307,-0.3181,5.2234,-0.1162,0.8301,5.3169,-0.1272,0.8000,0,1
5.4230,0.0039,1.1475,-0.0148,-0.0449,5.6337,0.1136,0.8472,0.2056,0.1190,-0.3003,5.6337,0.1136,0.8472,5.7210,0.1372,0.8000,0,1,5.6168,-0.1478,0.7705,0.2004,-0.1428,-0.3770,5.6168,-0.1478,0.7705,5.6282,-0.1466,0.8000,1,1,5.1861,0.2073,0.7628,-0.2458,0.1926,-0.3847,5.1861,0.2073,0.7628,5.2546,0.1545,0.8000,1,1,5.2323,-0.1147,0.8382,-0.1852,-0.1270,-0.3093,5.2323,-0.1147,0.8382,5.3218,-0.1292,0.8000,0,1
5.4269,0.0034,1.1470,-0.0155,-0.0361,5.6408,0.1142,0.8510,0.2098,0.1184,-0.2960,5.6408,0.1142,0.8510,5.7237,0.1384,0.8000,0,1,5.6168,-0.1478,0.7705,0.1952,-0.1442,-0.3765,5.6168,-0.1478,0.7705,5.6314,-0.1454,0.8000,1,1,5.1861,0.2073,0.7628,-0.2480,0.1951,-0.3842,5.1861,0.2073,0.7628,5.2552,0.1523,0.8000,1,1,5.2400,-0.1144,0.8421,-0.1825,-0.1245,-0.3049,5.2400,-0.1144,0.8421,5.3269,-0.1315,0.8000,0,1
5.4308,0.0028,1.1468,-0.0155,-0.0263,5.6473,0.1154,0.8499,0.2135,0.1183,-0.2969,5.6473,0.1154,0.8499,5.7262,0.1397,0.8000,0,1,5.6168,-0.1478,0.7705,0.1899,-0.1457,-0.3763,5.6168,-0.1478,0.7705,5.6348,-0.1442,0.8000,1,1,5.1861,0.2073,0.7628,-0.2500,0.1980,-0.3840,5.1861,0.2073,0.7628,5.2556,0.1499,0.8000,1,1,5.2465,-0.1155,0.8409,-0.1811,-0.1231,-0.3059,5.2465,-0.1155,0.8409,5.3321,-0.1340,0.8000,0,1
5.4346,0.0021,1.1469,-0.0149,-0.0151,5.6537,0.1175,0.8442,0.2173,0.1187,-0.3027,5.6537,0.1175,0.8442,5.7285,0.1412,0.8000,0,1,5.6168,-0.1478,0.7705,0.1844,-0.1471,-0.3764,5.6168,-0.1478,0.7705,5.6382,-0.1427,0.8000,1,1,5.1861,0.2073,0.7628,-0.2516,0.2014,-0.3841,5.1861,0.2073,0.7628,5.2557,0.1471,0.8000,1,1,5.2518,-0.1187,0.8351,-0.1810,-0.1235,-0.3118,5.2518,-0.1187,0.8351,5.3375,-0.1369,0.8000,0,1
5.4384,0.0014,1.1474,-0.0140,-0.0025,5.6602,0.1210,0.8351,0.2215,0.1202,-0.3123,5.6602,0.1210,0.8351,5.7305,0.1430,0.8000,0,1,5.6168,-0.1479,0.7705,0.1788,-0.1489,-0.3769,5.6168,-0.1479,0.7705,5.6418,-0.1410,0.8000,1,1,5.1862,0.2073,0.7628,-0.2527,0.2053,-0.3846,5.1862,0.2073,0.7628,5.2557,0.1439,0.8000,1,1,5.2553,-0.1250,0.8260,-0.1828,-0.1269,-0.3214,5.2553,-0.1250,0.8260,5.3430,-0.1401,0.8000,0,1
5.4421,0.0007,1.1482,-0.0129,0.0115,5.6671,0.1264,0.8237,0.2264,0.1231,-0.3245,5.6671,0.1264,0.8237,5.7323,0.1449,0.8000,0,1,5.6168,-0.1478,0.7705,0.1730,-0.1505,-0.3777,5.6168,-0.1478,0.7705,5.6456,-0.1391,0.8000,1,1,5.1862,0.2073,0.7627,-0.2535,0.2095,-0.3855,5.1862,0.2073,0.7627,5.2555,0.1405,0.8000,1,1,5.2564,-0.1351,0.8146,-0.1872,-0.1337,-0.3336,5.2564,-0.1351,0.8146,5.3488,-0.1435,0.8000,0,1
5.4459,-0.0000,1.1493,-0.0116,0.0269,5.6741,0.1336,0.8111,0.2317,0.1274,-0.3382,5.6741,0.1336,0.8111,5.7339,0.1471,0.8000,0,1,5.6169,-0.1478,0.7705,0.1670,-0.1523,-0.3788,5.6169,-0.1478,0.7705,5.6495,-0.1368,0.8000,1,1,5.1862,0.2074,0.7627,-0.2540,0.2143,-0.3866,5.1862,0.2074,0.7627,5.2552,0.1367,0.8000,1,1,5.2552,-0.1489,0.8020,-0.1946,-0.1437,-0.3473,5.2552,-0.1489,0.8020,5.3548,-0.1472,0.8000,0,1
5.4498,-0.0008,1.1506,-0.0099,0.0432,5.6804,0.1419,0.7985,0.2365,0.1326,-0.3521,5.6804,0.1419,0.7985,5.7353,0.1494,0.8000,0,1,5.6169,-0.1479,0.7705,0.1606,-0.1542,-0.3801,5.6169,-0.1479,0.7705,5.6535,-0.1344,0.8000,1,1,5.1862,0.2074,0.7627,-0.2544,0.2194,-0.3879,5.1862,0.2074,0.7627,5.2548,0.1327,0.8000,1,1,5.2529,-0.1645,0.7894,-0.2038,-0.1550,-0.3612,5.2529,-0.1645,0.7894,5.3611,-0.1511,0.8000,0,1
5.4537,-0.0015,1.1519,-0.0077,0.0592,5.6850,0.1490,0.7870,0.2398,0.1366,-0.3649,5.6850,0.1490,0.7870,5.7368,0.1516,0.8000,0,1,5.6168,-0.1479,0.7705,0.1542,-0.1558,-0.3814,5.6168,-0.1479,0.7705,5.6576,-0.1319,0.8000,1,1,5.1863,0.2074,0.7626,-0.2546,0.2244,-0.3893,5.1863,0.2074,0.7626,5.2546,0.1287,0.8000,1,1,5.2516,-0.1793,0.7779,-0.2123,-0.1655,-0.3740,5.2516,-0.1793,0.7779,5.3674,-0.1548,0.8000,0,1
5.4577,-0.0022,1.1529,-0.0047,0.0729,5.6884,0.1523,0.7777,0.2413,0.1373,-0.3752,5.6884,0.1523,0.7777,5.7386,0.1534,0.8000,0,1,5.6168,-0.1482,0.7706,0.1480,-0.1572,-0.3823,5.6168,-0.1482,0.7706,5.6613,-0.1298,0.8000,1,1,5.1863,0.2072,0.7625,-0.2554,0.2286,-0.3904,5.1863,0.2072,0.7625,5.2548,0.1253,0.8000,1,1,5.2516,-0.1919,0.7687,-0.2194,-0.1742,-0.3842,5.2516,-0.1919,0.7687,5.3735,-0.1580,0.8000,0,1
5.4616,-0.0028,1.1531,-0.0007,0.0820,5.6891,0.1471,0.7707,0.2390,0.1308,-0.3824,5.6891,0.1471,0.7707,5.6762,0.1544,0.8000,1,1,5.6167,-0.1488,0.7706,0.1426,-0.1582,-0.3825,5.6167,-0.1488,0.7706,5.7644,-0.1287,0.8000,0,1,5.1863,0.2067,0.7623,-0.2572,0.2313,-0.3908,5.1863,0.2067,0.7623,5.3557,0.1227,0.8000,0,1,5.2567,-0.2063,0.7627,-0.2209,-0.1860,-0.3904,5.2567,-0.2063,0.7627,5.3139,-0.1603,0.8000,1,1
5.4663,-0.0033,1.1521,0.0016,0.0881,5.6893,0.1466,0.7706,0.2353,0.1297,-0.3815,5.6893,0.1466,0.7706,5.6778,0.1550,0.8000,1,1,5.6209,-0.1683,0.7758,0.1395,-0.1780,-0.3763,5.6209,-0.1683,0.7758,5.7698,-0.1279,0.8000,0,1,5.1931,0.2080,0.7665,-0.2535,0.2345,-0.3856,5.1931,0.2080,0.7665,5.3595,0.1210,0.8000,0,1,5.2568,-0.2067,0.7628,-0.2266,-0.1842,-0.3893,5.2568,-0.2067,0.7628,5.3175,-0.1619,0.8000,1,1
5.4710,-0.0036,1.1515,-0.0007,0.0837,5.6892,0.1467,0.7707,0.2300,0.1315,-0.3808,5.6892,0.1467,0.7707,5.6813,0.1540,0.8000,1,1,5.6412,-0.1505,0.7843,0.1573,-0.1606,-0.3672,5.6412,-0.1505,0.7843,5.7740,-0.1290,0.8000,0,1,5.2173,0.1779,0.7759,-0.2376,0.2021,-0.3756,5.2173,0.1779,0.7759,5.3649,0.1216,0.8000,0,1,5.2567,-0.2066,0.7628,-0.2305,-0.1844,-0.3887,5.2567,-0.2066,0.7628,5.3196,-0.1614,0.8000,1,1
5.4755,-0.0038,1.1512,-0.0032,0.0774,5.6892,0.1468,0.7707,0.2247,0.1336,-0.3805,5.6892,0.1468,0.7707,5.6847,0.1526,0.8000,1,1,5.6574,-0.1278,0.7958,0.1718,-0.1377,-0.3554,5.6574,-0.1278,0.7958,5.7777,-0.1305,0.8000,0,1,5.2442,0.1456,0.7880,-0.2191,0.1668,-0.3632,5.2442,0.1456,0.7880,5.3701,0.1227,0.8000,0,1,5.2567,-0.2066,0.7628,-0.2338,-0.1853,-0.3884,5.2567,-0.2066,0.7628,5.3211,-0.1605,0.8000,1,1
5.4797,-0.0039,1.1505,-0.0063,0.0717,5.6892,0.1468,0.7707,0.2198,0.1353,-0.3798,5.6892,0.1468,0.7707,5.6879,0.1515,0.8000,1,1,5.6707,-0.1189,0.8087,0.1823,-0.1284,-0.3418,5.6707,-0.1189,0.8087,5.7812,-0.1318,0.8000,0,1,5.2623,0.1315,0.8009,-0.2071,0.1506,-0.3496,5.2623,0.1315,0.8009,5.3751,0.1238,0.8000,0,1,5.2567,-0.2066,0.7628,-0.2369,-0.1862,-0.3877,5.2567,-0.2066,0.7628,5.3224,-0.1595,0.8000,1,1
5.4838,-0.0039,1.1497,-0.0093,0.0652,5.6892,0.1468,0.7707,0.2148,0.1370,-0.3790,5.6892,0.1468,0.7707,5.6910,0.1503,0.8000,1,1,5.6820,-0.1150,0.8218,0.1905,-0.1238,-0.3279,5.6820,-0.1150,0.8218,5.7845,-0.1331,0.8000,0,1,5.2764,0.1242,0.8140,-0.1986,0.1413,-0.3357,5.2764,0.1242,0.8140,5.3800,0.1251,0.8000,0,1,5.2567,-0.2066,0.7628,-0.2398,-0.1875,-0.3869,5.2567,-0.2066,0.7628,5.3235,-0.1583,0.8000,1,1
5.4878,-0.0037,1.1488,-0.0117,0.0581,5.6892,0.1468,0.7707,0.2098,0.1386,-0.3781,5.6892,0.1468,0.7707,5.6941,0.1492,0.8000,1,1,5.6917,-0.1134,0.8338,0.1972,-0.1214,-0.3150,5.6917,-0.1134,0.8338,5.7876,-0.1343,0.8000,0,1,5.2880,0.1203,0.8260,-0.1923,0.1354,-0.3228,5.2880,0.1203,0.8260,5.3849,0.1267,0.8000,0,1,5.2568,-0.2066,0.7628,-0.2424,-0.1891,-0.3860,5.2568,-0.2066,0.7628,5.3244,-0.1568,0.8000,1,1
5.4918,-0.0034,1.1480,-0.0135,0.0503,5.6892,0.1468,0.7707,0.2047,0.1401,-0.3773,5.6892,0.1468,0.7707,5.6972,0.1481,0.8000,1,1,5.7001,-0.1129,0.8436,0.2025,-0.1198,-0.3044,5.7001,-0.1129,0.8436,5.7905,-0.1356,0.8000,0,1,5.2978,0.1182,0.8358,-0.1876,0.1312,-0.3122,5.2978,0.1182,0.8358,5.3899,0.1286,0.8000,0,1,5.2568,-0.2066,0.7628,-0.2449,-0.1911,-0.3852,5.2568,-0.2066,0.7628,5.3252,-0.1550,0.8000,1,1
5.4957,-0.0030,1.1474,-0.0145,0.0417,5.6892,0.1468,0.7707,0.1996,0.1416,-0.3767,5.6892,0.1468,0.7707,5.7004,0.1469,0.8000,1,1,5.7076,-0.1130,0.8497,0.2071,-0.1187,-0.2977,5.7076,-0.1130,0.8497,5.7932,-0.1369,0.8000,0,1,5.3062,0.1172,0.8419,-0.1843,0.1280,-0.3055,5.3062,0.1172,0.8419,5.3949,0.1308,0.8000,0,1,5.2568,-0.2066,0.7628,-0.2472,-0.1935,-0.3846,5.2568,-0.2066,0.7628,5.3258,-0.1530,0.8000,1,1
5.4995,-0.0025,1.1470,-0.0149,0.0322,5.6893,0.1468,0.7707,0.1945,0.1431,-0.3763,5.6893,0.1468,0.7707,5.7036,0.1457,0.8000,1,1,5.7143,-0.1139,0.8511,0.2111,-0.1183,-0.2959,5.7143,-0.1139,0.8511,5.7958,-0.1382,0.8000,0,1,5.3135,0.1174,0.8433,-0.1820,0.1258,-0.3037,5.3135,0.1174,0.8433,5.4000,0.1332,0.8000,0,1,5.2568,-0.2066,0.7627,-0.2491,-0.1962,-0.3843,5.2568,-0.2066,0.7627,5.3262,-0.1507,0.8000,1,1
5.5033,-0.0018,1.1470,-0.0146,0.0216,5.6893,0.1469,0.7707,0.1892,0.1446,-0.3763,5.6893,0.1469,0.7707,5.7070,0.1443,0.8000,1,1,5.7205,-0.1155,0.8475,0.2147,-0.1184,-0.2995,5.7205,-0.1155,0.8475,5.7981,-0.1397,0.8000,0,1,5.3198,0.1193,0.8397,-0.1808,0.1250,-0.3073,5.3198,0.1193,0.8397,5.4053,0.1359,0.8000,0,1,5.2569,-0.2066,0.7627,-0.2508,-0.1994,-0.3843,5.2569,-0.2066,0.7627,5.3264,-0.1480,0.8000,1,1
5.5070,-0.0012,1.1472,-0.0138,0.0097,5.6893,0.1469,0.7707,0.1837,0.1463,-0.3765,5.6893,0.1469,0.7707,5.7105,0.1427,0.8000,1,1,5.7267,-0.1180,0.8400,0.2186,-0.1189,-0.3072,5.7267,-0.1180,0.8400,5.8002,-0.1413,0.8000,0,1,5.3247,0.1234,0.8322,-0.1811,0.1264,-0.3150,5.3247,0.1234,0.8322,5.4107,0.1389,0.8000,0,1,5.2569,-0.2066,0.7627,-0.2521,-0.2030,-0.3845,5.2569,-0.2066,0.7627,5.3264,-0.1451,0.8000,1,1
5.5108,-0.0005,1.1479,-0.0127,-0.0035,5.6893,0.1469,0.7708,0.1780,0.1480,-0.3771,5.6893,0.1469,0.7708,5.7141,0.1409,0.8000,1,1,5.7331,-0.1220,0.8296,0.2227,-0.1207,-0.3183,5.7331,-0.1220,0.8296,5.8021,-0.1431,0.8000,0,1,5.3279,0.1306,0.8217,-0.1834,0.1305,-0.3262,5.3279,0.1306,0.8217,5.4163,0.1422,0.8000,0,1,5.2569,-0.2066,0.7627,-0.2532,-0.2070,-0.3852,5.2569,-0.2066,0.7627,5.3263,-0.1418,0.8000,1,1
5.5145,0.0003,1.1488,-0.0114,-0.0179,5.6893,0.1469,0.7708,0.1721,0.1497,-0.3780,5.6893,0.1469,0.7708,5.7178,0.1388,0.8000,1,1,5.7398,-0.1280,0.8175,0.2276,-0.1242,-0.3313,5.7398,-0.1280,0.8175,5.8037,-0.1451,0.8000,0,1,5.3288,0.1416,0.8096,-0.1882,0.1380,-0.3392,5.3288,0.1416,0.8096,5.4221,0.1458,0.8000,0,1,5.2569,-0.2066,0.7627,-0.2539,-0.2115,-0.3861,5.2569,-0.2066,0.7627,5.3260,-0.1382,0.8000,1,1
5.5182,0.0011,1.1500,-0.0097,-0.0333,5.6893,0.1469,0.7707,0.1662,0.1514,-0.3793,5.6893,0.1469,0.7707,5.7216,0.1366,0.8000,1,1,5.7465,-0.1358,0.8048,0.2327,-0.1292,-0.3452,5.7465,-0.1358,0.8048,5.8052,-0.1472,0.8000,0,1,5.3272,0.1559,0.7969,-0.1960,0.1484,-0.3531,5.3272,0.1559,0.7969,5.4280,0.1495,0.8000,0,1,5.2570,-0.2066,0.7626,-0.2541,-0.2163,-0.3874,5.2570,-0.2066,0.7626,5.3256,-0.1343,0.8000,1,1
5.5220,0.0019,1.1512,-0.0074,-0.0491,5.6893,0.1469,0.7707,0.1600,0.1530,-0.3805,5.6893,0.1469,0.7707,5.7255,0.1343,0.8000,1,1,5.7521,-0.1436,0.7926,0.2370,-0.1340,-0.3586,5.7521,-0.1436,0.7926,5.8066,-0.1494,0.8000,0,1,5.3248,0.1712,0.7846,-0.2053,0.1594,-0.3666,5.3248,0.1712,0.7846,5.4342,0.1533,0.8000,0,1,5.2570,-0.2067,0.7626,-0.2544,-0.2214,-0.3886,5.2570,-0.2067,0.7626,5.3252,-0.1304,0.8000,1,1
5.5258,0.0026,1.1524,-0.0045,-0.0637,5.6893,0.1470,0.7708,0.1540,0.1545,-0.3816,5.6893,0.1470,0.7708,5.7292,0.1321,0.8000,1,1,5.7561,-0.1495,0.7820,0.2395,-0.1371,-0.3704,5.7561,-0.1495,0.7820,5.8081,-0.1513,0.8000,0,1,5.3233,0.1853,0.7742,-0.2137,0.1694,-0.3782,5.3233,0.1853,0.7742,5.4402,0.1567,0.8000,0,1,5.2570,-0.2066,0.7625,-0.2549,-0.2259,-0.3899,5.2570,-0.2066,0.7625,5.3251,-0.1267,0.8000,1,1
5.5296,0.0034,1.1530,-0.0009,-0.0749,5.6893,0.1472,0.7708,0.1485,0.1553,-0.3822,5.6893,0.1472,0.7708,5.7325,0.1306,0.8000,1,1,5.7583,-0.1498,0.7742,0.2395,-0.1357,-0.3788,5.7583,-0.1498,0.7742,5.8102,-0.1526,0.8000,0,1,5.3234,0.1990,0.7664,-0.2203,0.1796,-0.3866,5.3234,0.1990,0.7664,5.4458,0.1596,0.8000,0,1,5.2570,-0.2064,0.7623,-0.2561,-0.2296,-0.3907,5.2570,-0.2064,0.7623,5.3255,-0.1236,0.8000,1,1
5.5338,0.0041,1.1524,0.0030,-0.0832,5.6879,0.1620,0.7728,0.1404,0.1702,-0.3796,5.6879,0.1620,0.7728,5.8367,0.1296,0.8000,0,1,5.7591,-0.1462,0.7708,0.2370,-0.1311,-0.3816,5.7591,-0.1462,0.7708,5.7471,-0.1534,0.8000,1,1,5.3262,0.2066,0.7638,-0.2237,0.1845,-0.3886,5.3262,0.2066,0.7638,5.3853,0.1618,0.8000,1,1,5.2598,-0.2083,0.7639,-0.2554,-0.2344,-0.3885,5.2598,-0.2083,0.7639,5.4277,-0.1212,0.8000,0,1
5.5384,0.0044,1.1515,0.0024,-0.0834,5.7037,0.1617,0.7797,0.1516,0.1705,-0.3718,5.7037,0.1617,0.7797,5.8414,0.1300,0.8000,0,1,5.7591,-0.1459,0.7707,0.2325,-0.1314,-0.3808,5.7591,-0.1459,0.7707,5.7497,-0.1531,0.8000,1,1,5.3262,0.2069,0.7640,-0.2283,0.1841,-0.3875,5.3262,0.2069,0.7640,5.3879,0.1622,0.8000,1,1,5.2728,-0.1977,0.7703,-0.2478,-0.2235,-0.3812,5.2728,-0.1977,0.7703,5.4323,-0.1208,0.8000,0,1
5.5430,0.0047,1.1512,-0.0003,-0.0770,5.7214,0.1368,0.7899,0.1677,0.1454,-0.3613,5.7214,0.1368,0.7899,5.8452,0.1315,0.8000,0,1,5.7590,-0.1460,0.7707,0.2270,-0.1336,-0.3805,5.7590,-0.1460,0.7707,5.7533,-0.1516,0.8000,1,1,5.3261,0.2068,0.7639,-0.2318,0.1848,-0.3873,5.3261,0.2068,0.7639,5.3895,0.1613,0.8000,1,1,5.3022,-0.1590,0.7818,-0.2275,-0.1817,-0.3694,5.3022,-0.1590,0.7818,5.4376,-0.1219,0.8000,0,1
5.5473,0.0049,1.1507,-0.0033,-0.0713,5.7355,0.1224,0.8022,0.1794,0.1306,-0.3485,5.7355,0.1224,0.8022,5.8487,0.1329,0.8000,0,1,5.7590,-0.1461,0.7708,0.2219,-0.1355,-0.3799,5.7590,-0.1461,0.7708,5.7565,-0.1504,0.8000,1,1,5.3261,0.2067,0.7639,-0.2350,0.1855,-0.3868,5.3261,0.2067,0.7639,5.3909,0.1604,0.8000,1,1,5.3241,-0.1368,0.7943,-0.2125,-0.1572,-0.3564,5.3241,-0.1368,0.7943,5.4427,-0.1229,0.8000,0,1
5.5514,0.0049,1.1499,-0.0066,-0.0654,5.7476,0.1171,0.8153,0.1884,0.1248,-0.3346,5.7476,0.1171,0.8153,5.8521,0.1341,0.8000,0,1,5.7590,-0.1461,0.7708,0.2170,-0.1371,-0.3791,5.7590,-0.1461,0.7708,5.7595,-0.1493,0.8000,1,1,5.3261,0.2068,0.7639,-0.2380,0.1867,-0.3860,5.3261,0.2068,0.7639,5.3921,0.1593,0.8000,1,1,5.3398,-0.1268,0.8075,-0.2025,-0.1452,-0.3424,5.3398,-0.1268,0.8075,5.4476,-0.1240,0.8000,0,1
5.5555,0.0048,1.1491,-0.0094,-0.0589,5.7578,0.1149,0.8281,0.1955,0.1218,-0.3210,5.7578,0.1149,0.8281,5.8553,0.1353,0.8000,0,1,5.7590,-0.1461,0.7708,0.2120,-0.1387,-0.3783,5.7590,-0.1461,0.7708,5.7626,-0.1483,0.8000,1,1,5.3262,0.2068,0.7639,-0.2408,0.1882,-0.3852,5.3262,0.2068,0.7639,5.3932,0.1580,0.8000,1,1,5.3525,-0.1214,0.8202,-0.1952,-0.1379,-0.3289,5.3525,-0.1214,0.8202,5.4525,-0.1255,0.8000,0,1
5.5595,0.0045,1.1483,-0.0116,-0.0516,5.7667,0.1140,0.8391,0.2013,0.1200,-0.3092,5.7667,0.1140,0.8391,5.8583,0.1364,0.8000,0,1,5.7591,-0.1461,0.7708,0.2071,-0.1401,-0.3775,5.7591,-0.1461,0.7708,5.7657,-0.1472,0.8000,1,1,5.3262,0.2068,0.7639,-0.2434,0.1900,-0.3844,5.3262,0.2068,0.7639,5.3941,0.1564,0.8000,1,1,5.3631,-0.1184,0.8312,-0.1898,-0.1329,-0.3171,5.3631,-0.1184,0.8312,5.4574,-0.1272,0.8000,0,1
5.5634,0.0041,1.1475,-0.0131,-0.0437,5.7746,0.1139,0.8472,0.2062,0.1189,-0.3003,5.7746,0.1139,0.8472,5.8612,0.1376,0.8000,0,1,5.7591,-0.1461,0.7708,0.2021,-0.1415,-0.3767,5.7591,-0.1461,0.7708,5.7688,-0.1461,0.8000,1,1,5.3262,0.2068,0.7639,-0.2458,0.1921,-0.3836,5.3262,0.2068,0.7639,5.3948,0.1545,0.8000,1,1,5.3722,-0.1168,0.8393,-0.1857,-0.1291,-0.3082,5.3722,-0.1168,0.8393,5.4624,-0.1292,0.8000,0,1
5.5673,0.0036,1.1471,-0.0138,-0.0350,5.7816,0.1143,0.8511,0.2103,0.1181,-0.2960,5.7816,0.1143,0.8511,5.8639,0.1388,0.8000,0,1,5.7591,-0.1461,0.7708,0.1969,-0.1429,-0.3763,5.7591,-0.1461,0.7708,5.7720,-0.1450,0.8000,1,1,5.3262,0.2067,0.7638,-0.2481,0.1945,-0.3833,5.3262,0.2067,0.7638,5.3954,0.1524,0.8000,1,1,5.3800,-0.1164,0.8432,-0.1830,-0.1265,-0.3039,5.3800,-0.1164,0.8432,5.4674,-0.1315,0.8000,0,1
5.5711,0.0030,1.1469,-0.0138,-0.0251,5.7880,0.1154,0.8500,0.2140,0.1178,-0.2969,5.7880,0.1154,0.8500,5.8664,0.1402,0.8000,0,1,5.7591,-0.1461,0.7708,0.1917,-0.1443,-0.3761,5.7591,-0.1461,0.7708,5.7753,-0.1438,0.8000,1,1,5.3263,0.2067,0.7638,-0.2498,0.1975,-0.3831,5.3263,0.2067,0.7638,5.3958,0.1499,0.8000,1,1,5.3868,-0.1174,0.8420,-0.1812,-0.1250,-0.3049,5.3868,-0.1174,0.8420,5.4726,-0.1340,0.8000,0,1
5.5750,0.0023,1.1470,-0.0132,-0.0140,5.7941,0.1173,0.8442,0.2175,0.1181,-0.3028,5.7941,0.1173,0.8442,5.8687,0.1416,0.8000,0,1,5.7591,-0.1461,0.7708,0.1862,-0.1458,-0.3762,5.7591,-0.1461,0.7708,5.7788,-0.1424,0.8000,1,1,5.3263,0.2067,0.7638,-0.2515,0.2009,-0.3832,5.3263,0.2067,0.7638,5.3960,0.1470,0.8000,1,1,5.3925,-0.1203,0.8363,-0.1808,-0.1251,-0.3107,5.3925,-0.1203,0.8363,5.4780,-0.1369,0.8000,0,1
5.5788,0.0016,1.1475,-0.0121,-0.0017,5.8004,0.1204,0.8351,0.2214,0.1192,-0.3124,5.8004,0.1204,0.8351,5.8708,0.1433,0.8000,0,1,5.7592,-0.1461,0.7709,0.1807,-0.1474,-0.3766,5.7592,-0.1461,0.7709,5.7823,-0.1407,0.8000,1,1,5.3263,0.2067,0.7638,-0.2528,0.2047,-0.3837,5.3263,0.2067,0.7638,5.3960,0.1439,0.8000,1,1,5.3967,-0.1260,0.8272,-0.1819,-0.1279,-0.3203,5.3967,-0.1260,0.8272,5.4835,-0.1401,0.8000,0,1
5.5825,0.0008,1.1484,-0.0108,0.0120,5.8070,0.1253,0.8238,0.2260,0.1218,-0.3246,5.8070,0.1253,0.8238,5.8726,0.1451,0.8000,0,1,5.7592,-0.1461,0.7709,0.1749,-0.1490,-0.3775,5.7592,-0.1461,0.7709,5.7860,-0.1389,0.8000,1,1,5.3263,0.2067,0.7638,-0.2537,0.2090,-0.3846,5.3263,0.2067,0.7638,5.3958,0.1404,0.8000,1,1,5.3988,-0.1352,0.8158,-0.1853,-0.1338,-0.3326,5.3988,-0.1352,0.8158,5.4893,-0.1435,0.8000,0,1
5.5863,-0.0000,1.1495,-0.0092,0.0269,5.8138,0.1320,0.8112,0.2310,0.1258,-0.3383,5.8138,0.1320,0.8112,5.8742,0.1471,0.8000,0,1,5.7592,-0.1461,0.7709,0.1689,-0.1507,-0.3786,5.7592,-0.1461,0.7709,5.7899,-0.1368,0.8000,1,1,5.3264,0.2068,0.7638,-0.2542,0.2137,-0.3857,5.3264,0.2068,0.7638,5.3956,0.1367,0.8000,1,1,5.3984,-0.1481,0.8032,-0.1918,-0.1430,-0.3463,5.3984,-0.1481,0.8032,5.4952,-0.1472,0.8000,0,1
5.5901,-0.0008,1.1508,-0.0071,0.0425,5.8200,0.1399,0.7986,0.2357,0.1308,-0.3522,5.8200,0.1399,0.7986,5.8757,0.1492,0.8000,0,1,5.7592,-0.1461,0.7708,0.1628,-0.1524,-0.3800,5.7592,-0.1461,0.7708,5.7938,-0.1346,0.8000,1,1,5.3264,0.2068,0.7637,-0.2546,0.2186,-0.3871,5.3264,0.2068,0.7637,5.3953,0.1327,0.8000,1,1,5.3962,-0.1634,0.7906,-0.2006,-0.1542,-0.3602,5.3962,-0.1634,0.7906,5.5013,-0.1510,0.8000,0,1
5.5939,-0.0016,1.1520,-0.0044,0.0578,5.8249,0.1470,0.7871,0.2392,0.1350,-0.3649,5.8249,0.1470,0.7871,5.8772,0.1512,0.8000,0,1,5.7592,-0.1462,0.7708,0.1567,-0.1539,-0.3812,5.7592,-0.1462,0.7708,5.7976,-0.1323,0.8000,1,1,5.3264,0.2068,0.7637,-0.2550,0.2235,-0.3883,5.3264,0.2068,0.7637,5.3951,0.1288,0.8000,1,1,5.3941,-0.1785,0.7791,-0.2097,-0.1651,-0.3729,5.3941,-0.1785,0.7791,5.5075,-0.1547,0.8000,0,1
5.5978,-0.0024,1.1530,-0.0010,0.0710,5.8285,0.1506,0.7778,0.2410,0.1362,-0.3752,5.8285,0.1506,0.7778,5.8791,0.1528,0.8000,0,1,5.7592,-0.1464,0.7709,0.1508,-0.1551,-0.3821,5.7592,-0.1464,0.7709,5.8012,-0.1305,0.8000,1,1,5.3265,0.2067,0.7635,-0.2558,0.2278,-0.3895,5.3265,0.2067,0.7635,5.3953,0.1254,0.8000,1,1,5.3931,-0.1919,0.7699,-0.2176,-0.1745,-0.3831,5.3931,-0.1919,0.7699,5.5134,-0.1579,0.8000,0,1
5.6018,-0.0032,1.1532,0.0031,0.0799,5.8303,0.1457,0.7709,0.2397,0.1302,-0.3823,5.8303,0.1457,0.7709,5.8166,0.1536,0.8000,1,1,5.7591,-0.1470,0.7709,0.1453,-0.1559,-0.3823,5.7591,-0.1470,0.7709,5.9043,-0.1295,0.8000,0,1,5.3265,0.2061,0.7632,-0.2577,0.2306,-0.3900,5.3265,0.2061,0.7632,5.4960,0.1228,0.8000,0,1,5.3965,-0.2062,0.7638,-0.2208,-0.1860,-0.3894,5.3965,-0.2062,0.7638,5.4537,-0.1603,0.8000,1,1
5.6063,-0.0038,1.1521,0.0051,0.0857,5.8305,0.1452,0.7708,0.2361,0.1293,-0.3813,5.8305,0.1452,0.7708,5.8183,0.1541,0.8000,1,1,5.7634,-0.1653,0.7761,0.1427,-0.1744,-0.3760,5.7634,-0.1653,0.7761,5.9096,-0.1288,0.8000,0,1,5.3333,0.2069,0.7675,-0.2540,0.2333,-0.3846,5.3333,0.2069,0.7675,5.4999,0.1210,0.8000,0,1,5.3966,-0.2066,0.7639,-0.2263,-0.1841,-0.3882,5.3966,-0.2066,0.7639,5.4572,-0.1620,0.8000,1,1
5.6111,-0.0041,1.1515,0.0026,0.0814,5.8304,0.1454,0.7708,0.2307,0.1312,-0.3807,5.8304,0.1454,0.7708,5.8217,0.1530,0.8000,1,1,5.7830,-0.1484,0.7845,0.1596,-0.1578,-0.3670,5.7830,-0.1484,0.7845,5.9138,-0.1301,0.8000,0,1,5.3576,0.1769,0.7768,-0.2379,0.2010,-0.3747,5.3576,0.1769,0.7768,5.5052,0.1216,0.8000,0,1,5.3965,-0.2065,0.7639,-0.2303,-0.1843,-0.3876,5.3965,-0.2065,0.7639,5.4593,-0.1615,0.8000,1,1
5.6155,-0.0044,1.1512,-0.0003,0.0753,5.8303,0.1454,0.7708,0.2255,0.1332,-0.3804,5.8303,0.1454,0.7708,5.8251,0.1516,0.8000,1,1,5.7988,-0.1275,0.7960,0.1735,-0.1365,-0.3552,5.7988,-0.1275,0.7960,5.9174,-0.1316,0.8000,0,1,5.3839,0.1461,0.7888,-0.2196,0.1675,-0.3624,5.3839,0.1461,0.7888,5.5104,0.1225,0.8000,0,1,5.3965,-0.2064,0.7639,-0.2336,-0.1850,-0.3873,5.3965,-0.2064,0.7639,5.4607,-0.1607,0.8000,1,1
5.6197,-0.0045,1.1505,-0.0039,0.0696,5.8303,0.1454,0.7708,0.2205,0.1349,-0.3797,5.8303,0.1454,0.7708,5.8282,0.1505,0.8000,1,1,5.8119,-0.1193,0.8088,0.1838,-0.1279,-0.3417,5.8119,-0.1193,0.8088,5.9210,-0.1329,0.8000,0,1,5.4019,0.1324,0.8018,-0.2078,0.1517,-0.3487,5.4019,0.1324,0.8018,5.5153,0.1235,0.8000,0,1,5.3965,-0.2064,0.7639,-0.2367,-0.1859,-0.3866,5.3965,-0.2064,0.7639,5.4621,-0.1598,0.8000,1,1
5.6238,-0.0045,1.1497,-0.0072,0.0633,5.8304,0.1454,0.7708,0.2157,0.1365,-0.3789,5.8304,0.1454,0.7708,5.8313,0.1493,0.8000,1,1,5.8231,-0.1158,0.8219,0.1919,-0.1237,-0.3278,5.8231,-0.1158,0.8219,5.9242,-0.1341,0.8000,0,1,5.4161,0.1253,0.8148,-0.1991,0.1427,-0.3349,5.4161,0.1253,0.8148,5.5203,0.1249,0.8000,0,1,5.3965,-0.2064,0.7639,-0.2396,-0.1871,-0.3858,5.3965,-0.2064,0.7639,5.4632,-0.1586,0.8000,1,1
5.6279,-0.0044,1.1488,-0.0098,0.0562,5.8304,0.1454,0.7708,0.2106,0.1382,-0.3780,5.8304,0.1454,0.7708,5.8344,0.1482,0.8000,1,1,5.8327,-0.1143,0.8340,0.1983,-0.1212,-0.3148,5.8327,-0.1143,0.8340,5.9273,-0.1354,0.8000,0,1,5.4277,0.1214,0.8269,-0.1928,0.1368,-0.3219,5.4277,0.1214,0.8269,5.5252,0.1265,0.8000,0,1,5.3965,-0.2064,0.7639,-0.2424,-0.1887,-0.3849,5.3965,-0.2064,0.7639,5.4642,-0.1571,0.8000,1,1
5.6318,-0.0041,1.1480,-0.0118,0.0485,5.8304,0.1454,0.7708,0.2056,0.1397,-0.3772,5.8304,0.1454,0.7708,5.8375,0.1471,0.8000,1,1,5.8410,-0.1138,0.8437,0.2036,-0.1197,-0.3043,5.8410,-0.1138,0.8437,5.9303,-0.1366,0.8000,0,1,5.4376,0.1192,0.8366,-0.1880,0.1326,-0.3114,5.4376,0.1192,0.8366,5.5302,0.1283,0.8000,0,1,5.3966,-0.2064,0.7639,-0.2447,-0.1907,-0.3841,5.3966,-0.2064,0.7639,5.4649,-0.1554,0.8000,1,1
5.6357,-0.0036,1.1474,-0.0130,0.0400,5.8304,0.1454,0.7708,0.2005,0.1411,-0.3766,5.8304,0.1454,0.7708,5.8407,0.1459,0.8000,1,1,5.8483,-0.1139,0.8499,0.2080,-0.1187,-0.2975,5.8483,-0.1139,0.8499,5.9330,-0.1379,0.8000,0,1,5.4462,0.1181,0.8428,-0.1845,0.1292,-0.3046,5.4462,0.1181,0.8428,5.5352,0.1304,0.8000,0,1,5.3966,-0.2064,0.7639,-0.2470,-0.1931,-0.3835,5.3966,-0.2064,0.7639,5.4655,-0.1533,0.8000,1,1
5.6396,-0.0031,1.1471,-0.0134,0.0306,5.8304,0.1455,0.7709,0.1953,0.1427,-0.3762,5.8304,0.1455,0.7709,5.8439,0.1447,0.8000,1,1,5.8549,-0.1146,0.8513,0.2118,-0.1180,-0.2958,5.8549,-0.1146,0.8513,5.9356,-0.1392,0.8000,0,1,5.4536,0.1184,0.8442,-0.1822,0.1271,-0.3029,5.4536,0.1184,0.8442,5.5403,0.1329,0.8000,0,1,5.3966,-0.2064,0.7638,-0.2491,-0.1958,-0.3833,5.3966,-0.2064,0.7638,5.4660,-0.1510,0.8000,1,1
5.6434,-0.0025,1.1470,-0.0130,0.0200,5.8304,0.1455,0.7709,0.1899,0.1442,-0.3761,5.8304,0.1455,0.7709,5.8473,0.1434,0.8000,1,1,5.8611,-0.1161,0.8477,0.2154,-0.1179,-0.2993,5.8611,-0.1161,0.8477,5.9380,-0.1406,0.8000,0,1,5.4601,0.1201,0.8406,-0.1808,0.1262,-0.3064,5.4601,0.1201,0.8406,5.5456,0.1356,0.8000,0,1,5.3966,-0.2064,0.7638,-0.2508,-0.1989,-0.3832,5.3966,-0.2064,0.7638,5.4663,-0.1483,0.8000,1,1
5.6472,-0.0017,1.1474,-0.0122,0.0082,5.8305,0.1455,0.7709,0.1845,0.1457,-0.3765,5.8305,0.1455,0.7709,5.8508,0.1418,0.8000,1,1,5.8671,-0.1184,0.8402,0.2189,-0.1185,-0.3072,5.8671,-0.1184,0.8402,5.9401,-0.1421,0.8000,0,1,5.4655,0.1239,0.8330,-0.1807,0.1271,-0.3144,5.4655,0.1239,0.8330,5.5510,0.1387,0.8000,0,1,5.3966,-0.2064,0.7638,-0.2523,-0.2026,-0.3836,5.3966,-0.2064,0.7638,5.4663,-0.1453,0.8000,1,1
5.6509,-0.0010,1.1480,-0.0111,-0.0048,5.8305,0.1455,0.7709,0.1789,0.1474,-0.3771,5.8305,0.1455,0.7709,5.8544,0.1401,0.8000,1,1,5.8733,-0.1220,0.8298,0.2230,-0.1199,-0.3182,5.8733,-0.1220,0.8298,5.9420,-0.1439,0.8000,0,1,5.4693,0.1306,0.8226,-0.1822,0.1307,-0.3254,5.4693,0.1306,0.8226,5.5566,0.1420,0.8000,0,1,5.3967,-0.2064,0.7638,-0.2532,-0.2066,-0.3842,5.3967,-0.2064,0.7638,5.4662,-0.1420,0.8000,1,1
5.6547,-0.0002,1.1490,-0.0098,-0.0191,5.8305,0.1455,0.7709,0.1730,0.1490,-0.3781,5.8305,0.1455,0.7709,5.8581,0.1382,0.8000,1,1,5.8798,-0.1276,0.8177,0.2275,-0.1231,-0.3313,5.8798,-0.1276,0.8177,5.9437,-0.1458,0.8000,0,1,5.4710,0.1408,0.8105,-0.1864,0.1375,-0.3385,5.4710,0.1408,0.8105,5.5624,0.1455,0.8000,0,1,5.3967,-0.2064,0.7638,-0.2540,-0.2111,-0.3852,5.3967,-0.2064,0.7638,5.4660,-0.1384,0.8000,1,1
5.6584,0.0007,1.1502,-0.0080,-0.0341,5.8305,0.1455,0.7709,0.1671,0.1506,-0.3793,5.8305,0.1455,0.7709,5.8620,0.1360,0.8000,1,1,5.8864,-0.1350,0.8050,0.2325,-0.1278,-0.3452,5.8864,-0.1350,0.8050,5.9453,-0.1478,0.8000,0,1,5.4702,0.1543,0.7977,-0.1933,0.1471,-0.3525,5.4702,0.1543,0.7977,5.5684,0.1492,0.8000,0,1,5.3967,-0.2065,0.7637,-0.2545,-0.2160,-0.3865,5.3967,-0.2065,0.7637,5.4657,-0.1346,0.8000,1,1
5.6622,0.0015,1.1515,-0.0056,-0.0495,5.8305,0.1455,0.7709,0.1610,0.1522,-0.3806,5.8305,0.1455,0.7709,5.8658,0.1338,0.8000,1,1,5.8921,-0.1426,0.7928,0.2367,-0.1325,-0.3587,5.8921,-0.1426,0.7928,5.9467,-0.1498,0.8000,0,1,5.4678,0.1693,0.7855,-0.2025,0.1580,-0.3660,5.4678,0.1693,0.7855,5.5745,0.1530,0.8000,0,1,5.3968,-0.2065,0.7637,-0.2548,-0.2209,-0.3878,5.3968,-0.2065,0.7637,5.4654,-0.1307,0.8000,1,1
5.6660,0.0023,1.1526,-0.0024,-0.0637,5.8305,0.1456,0.7709,0.1550,0.1535,-0.3817,5.8305,0.1456,0.7709,5.8695,0.1318,0.8000,1,1,5.8965,-0.1484,0.7822,0.2396,-0.1357,-0.3704,5.8965,-0.1484,0.7822,5.9484,-0.1516,0.8000,0,1,5.4656,0.1836,0.7750,-0.2115,0.1682,-0.3776,5.4656,0.1836,0.7750,5.5804,0.1565,0.8000,0,1,5.3968,-0.2064,0.7636,-0.2554,-0.2254,-0.3890,5.3968,-0.2064,0.7636,5.4654,-0.1270,0.8000,1,1
5.6698,0.0031,1.1533,0.0014,-0.0747,5.8305,0.1459,0.7710,0.1496,0.1544,-0.3823,5.8305,0.1459,0.7710,5.8727,0.1304,0.8000,1,1,5.8995,-0.1489,0.7743,0.2404,-0.1344,-0.3790,5.8995,-0.1489,0.7743,5.9505,-0.1528,0.8000,0,1,5.4645,0.1979,0.7673,-0.2193,0.1789,-0.3860,5.4645,0.1979,0.7673,5.5860,0.1593,0.8000,0,1,5.3968,-0.2062,0.7633,-0.2566,-0.2291,-0.3900,5.3968,-0.2062,0.7633,5.4658,-0.1239,0.8000,1,1
5.6740,0.0039,1.1526,0.0051,-0.0828,5.8291,0.1604,0.7730,0.1416,0.1688,-0.3796,5.8291,0.1604,0.7730,5.9769,0.1296,0.8000,0,1,5.9010,-0.1451,0.7710,0.2385,-0.1297,-0.3816,5.9010,-0.1451,0.7710,5.8874,-0.1535,0.8000,1,1,5.4664,0.2058,0.7647,-0.2236,0.1840,-0.3879,5.4664,0.2058,0.7647,5.5254,0.1616,0.8000,1,1,5.3995,-0.2079,0.7649,-0.2560,-0.2338,-0.3877,5.3995,-0.2079,0.7649,5.5679,-0.1215,0.8000,0,1
5.6786,0.0043,1.1518,0.0044,-0.0829,5.8446,0.1598,0.7798,0.1526,0.1687,-0.3720,5.8446,0.1598,0.7798,5.9815,0.1300,0.8000,0,1,5.9010,-0.1449,0.7709,0.2340,-0.1303,-0.3809,5.9010,-0.1449,0.7709,5.8900,-0.1530,0.8000,1,1,5.4664,0.2061,0.7648,-0.2282,0.1835,-0.3870,5.4664,0.2061,0.7648,5.5281,0.1620,0.8000,1,1,5.4131,-0.1959,0.7714,-0.2480,-0.2215,-0.3804,5.4131,-0.1959,0.7714,5.5726,-0.1210,0.8000,0,1
5.6832,0.0047,1.1514,0.0015,-0.0766,5.8621,0.1359,0.7900,0.1683,0.1445,-0.3614,5.8621,0.1359,0.7900,5.9853,0.1316,0.8000,0,1,5.9009,-0.1450,0.7709,0.2285,-0.1326,-0.3805,5.9009,-0.1450,0.7709,5.8936,-0.1516,0.8000,1,1,5.4663,0.2060,0.7648,-0.2317,0.1841,-0.3866,5.4663,0.2060,0.7648,5.5297,0.1612,0.8000,1,1,5.4421,-0.1586,0.7827,-0.2279,-0.1813,-0.3687,5.4421,-0.1586,0.7827,5.5779,-0.1220,0.8000,0,1
5.6875,0.0049,1.1509,-0.0017,-0.0709,5.8762,0.1224,0.8023,0.1799,0.1306,-0.3486,5.8762,0.1224,0.8023,5.9889,0.1330,0.8000,0,1,5.9009,-0.1450,0.7709,0.2235,-0.1344,-0.3800,5.9009,-0.1450,0.7709,5.8968,-0.1503,0.8000,1,1,5.4663,0.2060,0.7648,-0.2349,0.1849,-0.3861,5.4663,0.2060,0.7648,5.5311,0.1604,0.8000,1,1,5.4637,-0.1376,0.7952,-0.2131,-0.1580,-0.3557,5.4637,-0.1376,0.7952,5.5829,-0.1229,0.8000,0,1
5.6917,0.0050,1.1501,-0.0052,-0.0650,5.8882,0.1173,0.8154,0.1888,0.1248,-0.3347,5.8882,0.1173,0.8154,5.9923,0.1342,0.8000,0,1,5.9009,-0.1451,0.7709,0.2185,-0.1362,-0.3792,5.9009,-0.1451,0.7709,5.8998,-0.1492,0.8000,1,1,5.4663,0.2060,0.7648,-0.2380,0.1859,-0.3853,5.4663,0.2060,0.7648,5.5323,0.1593,0.8000,1,1,5.4794,-0.1281,0.8084,-0.2032,-0.1466,-0.3417,5.4794,-0.1281,0.8084,5.5879,-0.1241,0.8000,0,1
5.6957,0.0049,1.1493,-0.0082,-0.0583,5.8984,0.1152,0.8281,0.1959,0.1219,-0.3212,5.8984,0.1152,0.8281,5.9955,0.1354,0.8000,0,1,5.9009,-0.1451,0.7709,0.2136,-0.1378,-0.3784,5.9009,-0.1451,0.7709,5.9029,-0.1481,0.8000,1,1,5.4663,0.2060,0.7647,-0.2407,0.1874,-0.3846,5.4663,0.2060,0.7647,5.5333,0.1580,0.8000,1,1,5.4921,-0.1229,0.8211,-0.1958,-0.1394,-0.3282,5.4921,-0.1229,0.8211,5.5928,-0.1255,0.8000,0,1
5.6997,0.0046,1.1484,-0.0105,-0.0510,5.9072,0.1143,0.8392,0.2016,0.1201,-0.3092,5.9072,0.1143,0.8392,5.9985,0.1366,0.8000,0,1,5.9009,-0.1451,0.7710,0.2086,-0.1392,-0.3774,5.9009,-0.1451,0.7710,5.9060,-0.1470,0.8000,1,1,5.4664,0.2060,0.7647,-0.2433,0.1892,-0.3837,5.4664,0.2060,0.7647,5.5342,0.1564,0.8000,1,1,5.5028,-0.1199,0.8321,-0.1903,-0.1344,-0.3163,5.5028,-0.1199,0.8321,5.5977,-0.1273,0.8000,0,1
5.7036,0.0042,1.1477,-0.0120,-0.0430,5.9149,0.1141,0.8473,0.2064,0.1189,-0.3004,5.9149,0.1141,0.8473,6.0014,0.1378,0.8000,0,1,5.9010,-0.1451,0.7710,0.2036,-0.1407,-0.3767,5.9010,-0.1451,0.7710,5.9091,-0.1459,0.8000,1,1,5.4664,0.2060,0.7647,-0.2457,0.1914,-0.3830,5.4664,0.2060,0.7647,5.5349,0.1545,0.8000,1,1,5.5120,-0.1183,0.8402,-0.1862,-0.1306,-0.3075,5.5120,-0.1183,0.8402,5.6027,-0.1293,0.8000,0,1
5.7075,0.0037,1.1472,-0.0128,-0.0342,5.9218,0.1145,0.8512,0.2104,0.1181,-0.2960,5.9218,0.1145,0.8512,6.0041,0.1391,0.8000,0,1,5.9010,-0.1451,0.7710,0.1985,-0.1421,-0.3762,5.9010,-0.1451,0.7710,5.9123,-0.1448,0.8000,1,1,5.4664,0.2060,0.7647,-0.2479,0.1939,-0.3825,5.4664,0.2060,0.7647,5.5355,0.1523,0.8000,1,1,5.5200,-0.1180,0.8441,-0.1832,-0.1280,-0.3031,5.5200,-0.1180,0.8441,5.6078,-0.1315,0.8000,0,1
5.7114,0.0031,1.1470,-0.0127,-0.0243,5.9282,0.1155,0.8500,0.2140,0.1176,-0.2970,5.9282,0.1155,0.8500,6.0066,0.1404,0.8000,0,1,5.9010,-0.1451,0.7710,0.1931,-0.1435,-0.3760,5.9010,-0.1451,0.7710,5.9157,-0.1435,0.8000,1,1,5.4664,0.2059,0.7647,-0.2499,0.1968,-0.3823,5.4664,0.2059,0.7647,5.5359,0.1498,0.8000,1,1,5.5269,-0.1189,0.8429,-0.1815,-0.1264,-0.3041,5.5269,-0.1189,0.8429,5.6130,-0.1341,0.8000,0,1
5.7152,0.0024,1.1472,-0.0119,-0.0132,5.9342,0.1172,0.8443,0.2175,0.1177,-0.3029,5.9342,0.1172,0.8443,6.0088,0.1418,0.8000,0,1,5.9010,-0.1451,0.7710,0.1877,-0.1450,-0.3762,5.9010,-0.1451,0.7710,5.9191,-0.1422,0.8000,1,1,5.4665,0.2059,0.7647,-0.2514,0.2002,-0.3825,5.4665,0.2059,0.7647,5.5361,0.1469,0.8000,1,1,5.5328,-0.1216,0.8372,-0.1807,-0.1264,-0.3100,5.5328,-0.1216,0.8372,5.6183,-0.1371,0.8000,0,1
5.7190,0.0016,1.1477,-0.0108,-0.0008,5.9403,0.1200,0.8352,0.2212,0.1186,-0.3125,5.9403,0.1200,0.8352,6.0109,0.1434,0.8000,0,1,5.9010,-0.1451,0.7710,0.1821,-0.1466,-0.3767,5.9010,-0.1451,0.7710,5.9227,-0.1406,0.8000,1,1,5.4665,0.2059,0.7646,-0.2527,0.2041,-0.3831,5.4665,0.2059,0.7646,5.5361,0.1437,0.8000,1,1,5.5375,-0.1269,0.8281,-0.1814,-0.1286,-0.3196,5.5375,-0.1269,0.8281,5.6239,-0.1403,0.8000,0,1
5.7227,0.0007,1.1486,-0.0094,0.0128,5.9466,0.1245,0.8238,0.2255,0.1209,-0.3248,5.9466,0.1245,0.8238,6.0127,0.1452,0.8000,0,1,5.9010,-0.1451,0.7710,0.1764,-0.1481,-0.3776,5.9010,-0.1451,0.7710,5.9263,-0.1388,0.8000,1,1,5.4665,0.2059,0.7646,-0.2536,0.2085,-0.3840,5.4665,0.2059,0.7646,5.5360,0.1402,0.8000,1,1,5.5403,-0.1355,0.8167,-0.1841,-0.1339,-0.3319,5.5403,-0.1355,0.8167,5.6296,-0.1437,0.8000,0,1
5.7265,-0.0001,1.1497,-0.0076,0.0274,5.9532,0.1308,0.8113,0.2302,0.1246,-0.3384,5.9532,0.1308,0.8113,6.0144,0.1471,0.8000,0,1,5.9010,-0.1451,0.7710,0.1705,-0.1497,-0.3787,5.9010,-0.1451,0.7710,5.9301,-0.1368,0.8000,1,1,5.4665,0.2060,0.7646,-0.2543,0.2131,-0.3851,5.4665,0.2060,0.7646,5.5357,0.1365,0.8000,1,1,5.5407,-0.1476,0.8041,-0.1898,-0.1424,-0.3456,5.5407,-0.1476,0.8041,5.6355,-0.1474,0.8000,0,1
5.7303,-0.0010,1.1510,-0.0053,0.0426,5.9594,0.1383,0.7987,0.2348,0.1294,-0.3523,5.9594,0.1383,0.7987,6.0159,0.1490,0.8000,0,1,5.9010,-0.1451,0.7710,0.1644,-0.1512,-0.3800,5.9010,-0.1451,0.7710,5.9340,-0.1347,0.8000,1,1,5.4666,0.2060,0.7646,-0.2546,0.2180,-0.3864,5.4666,0.2060,0.7646,5.5354,0.1326,0.8000,1,1,5.5388,-0.1622,0.7915,-0.1982,-0.1529,-0.3595,5.5388,-0.1622,0.7915,5.6415,-0.1512,0.8000,0,1
5.7341,-0.0019,1.1522,-0.0024,0.0575,5.9644,0.1453,0.7872,0.2384,0.1337,-0.3650,5.9644,0.1453,0.7872,6.0174,0.1509,0.8000,0,1,5.9010,-0.1452,0.7710,0.1584,-0.1527,-0.3812,5.9010,-0.1452,0.7710,5.9377,-0.1326,0.8000,1,1,5.4666,0.2060,0.7645,-0.2551,0.2229,-0.3877,5.4666,0.2060,0.7645,5.5352,0.1287,0.8000,1,1,5.5363,-0.1772,0.7800,-0.2075,-0.1636,-0.3722,5.5363,-0.1772,0.7800,5.6476,-0.1548,0.8000,0,1
5.7379,-0.0027,1.1532,0.0014,0.0703,5.9683,0.1491,0.7779,0.2405,0.1352,-0.3753,5.9683,0.1491,0.7779,6.0193,0.1524,0.8000,0,1,5.9010,-0.1454,0.7711,0.1527,-0.1538,-0.3821,5.9010,-0.1454,0.7711,5.9412,-0.1309,0.8000,1,1,5.4667,0.2059,0.7644,-0.2559,0.2271,-0.3888,5.4667,0.2059,0.7644,5.5354,0.1252,0.8000,1,1,5.5348,-0.1910,0.7707,-0.2158,-0.1736,-0.3825,5.5348,-0.1910,0.7707,5.6534,-0.1581,0.8000,0,1
5.7418,-0.0036,1.1534,0.0051,0.0790,5.9713,0.1446,0.7710,0.2405,0.1296,-0.3824,5.9713,0.1446,0.7710,5.9568,0.1531,0.8000,1,1,5.9010,-0.1460,0.7711,0.1475,-0.1545,-0.3823,5.9010,-0.1460,0.7711,6.0442,-0.1300,0.8000,0,1,5.4667,0.2054,0.7640,-0.2577,0.2301,-0.3894,5.4667,0.2054,0.7640,5.6362,0.1226,0.8000,0,1,5.5364,-0.2057,0.7646,-0.2207,-0.1853,-0.3888,5.5364,-0.2057,0.7646,5.5936,-0.1605,0.8000,1,1
5.7463,-0.0042,1.1523,0.0070,0.0847,5.9715,0.1442,0.7709,0.2369,0.1288,-0.3814,5.9715,0.1442,0.7709,5.9584,0.1535,0.8000,1,1,5.9054,-0.1636,0.7762,0.1450,-0.1723,-0.3761,5.9054,-0.1636,0.7762,6.0495,-0.1295,0.8000,0,1,5.4736,0.2057,0.7683,-0.2540,0.2322,-0.3840,5.4736,0.2057,0.7683,5.6400,0.1208,0.8000,0,1,5.5365,-0.2061,0.7648,-0.2261,-0.1834,-0.3875,5.5365,-0.2061,0.7648,5.5971,-0.1622,0.8000,1,1
5.7510,-0.0046,1.1517,0.0043,0.0804,5.9713,0.1444,0.7709,0.2316,0.1308,-0.3808,5.9713,0.1444,0.7709,5.9618,0.1524,0.8000,1,1,5.9244,-0.1471,0.7846,0.1614,-0.1560,-0.3671,5.9244,-0.1471,0.7846,6.0536,-0.1307,0.8000,0,1,5.4979,0.1757,0.7776,-0.2378,0.2000,-0.3741,5.4979,0.1757,0.7776,5.6453,0.1213,0.8000,0,1,5.5364,-0.2060,0.7648,-0.2301,-0.1835,-0.3869,5.5364,-0.2060,0.7648,5.5991,-0.1618,0.8000,1,1
5.7554,-0.0049,1.1513,0.0011,0.0743,5.9713,0.1444,0.7709,0.2264,0.1329,-0.3804,5.9713,0.1444,0.7709,5.9652,0.1510,0.8000,1,1,5.9400,-0.1274,0.7961,0.1750,-0.1359,-0.3552,5.9400,-0.1274,0.7961,6.0573,-0.1323,0.8000,0,1,5.5236,0.1462,0.7896,-0.2199,0.1679,-0.3617,5.5236,0.1462,0.7896,5.6504,0.1222,0.8000,0,1,5.5364,-0.2060,0.7648,-0.2333,-0.1843,-0.3865,5.5364,-0.2060,0.7648,5.6005,-0.1610,0.8000,1,1
5.7597,-0.0051,1.1506,-0.0026,0.0687,5.9713,0.1444,0.7709,0.2214,0.1346,-0.3797,5.9713,0.1444,0.7709,5.9683,0.1498,0.8000,1,1,5.9529,-0.1197,0.8089,0.1849,-0.1276,-0.3417,5.9529,-0.1197,0.8089,6.0608,-0.1336,0.8000,0,1,5.5415,0.1330,0.8025,-0.2082,0.1528,-0.3481,5.5415,0.1330,0.8025,5.6554,0.1232,0.8000,0,1,5.5364,-0.2060,0.7648,-0.2366,-0.1851,-0.3858,5.5364,-0.2060,0.7648,5.6019,-0.1601,0.8000,1,1
5.7638,-0.0050,1.1497,-0.0060,0.0622,5.9713,0.1444,0.7709,0.2164,0.1362,-0.3788,5.9713,0.1444,0.7709,5.9714,0.1486,0.8000,1,1,5.9639,-0.1163,0.8220,0.1928,-0.1235,-0.3277,5.9639,-0.1163,0.8220,6.0640,-0.1348,0.8000,0,1,5.5557,0.1260,0.8156,-0.1996,0.1437,-0.3341,5.5557,0.1260,0.8156,5.6603,0.1245,0.8000,0,1,5.5364,-0.2060,0.7647,-0.2395,-0.1865,-0.3850,5.5364,-0.2060,0.7647,5.6030,-0.1589,0.8000,1,1
5.7678,-0.0049,1.1489,-0.0088,0.0552,5.9713,0.1444,0.7709,0.2114,0.1378,-0.3780,5.9713,0.1444,0.7709,5.9745,0.1475,0.8000,1,1,5.9733,-0.1149,0.8341,0.1991,-0.1212,-0.3148,5.9733,-0.1149,0.8341,6.0671,-0.1361,0.8000,0,1,5.5673,0.1222,0.8276,-0.1932,0.1380,-0.3213,5.5673,0.1222,0.8276,5.6653,0.1262,0.8000,0,1,5.5365,-0.2060,0.7647,-0.2420,-0.1880,-0.3842,5.5365,-0.2060,0.7647,5.6039,-0.1574,0.8000,1,1
5.7717,-0.0046,1.1481,-0.0108,0.0474,5.9714,0.1444,0.7709,0.2065,0.1394,-0.3772,5.9714,0.1444,0.7709,5.9776,0.1464,0.8000,1,1,5.9815,-0.1145,0.8438,0.2044,-0.1197,-0.3043,5.9815,-0.1145,0.8438,6.0701,-0.1373,0.8000,0,1,5.5773,0.1201,0.8373,-0.1883,0.1338,-0.3108,5.5773,0.1201,0.8373,5.6702,0.1280,0.8000,0,1,5.5365,-0.2060,0.7647,-0.2445,-0.1900,-0.3834,5.5365,-0.2060,0.7647,5.6047,-0.1557,0.8000,1,1
5.7757,-0.0041,1.1475,-0.0120,0.0390,5.9714,0.1444,0.7710,0.2013,0.1408,-0.3765,5.9714,0.1444,0.7710,5.9808,0.1452,0.8000,1,1,5.9888,-0.1145,0.8500,0.2086,-0.1186,-0.2975,5.9888,-0.1145,0.8500,6.0728,-0.1386,0.8000,0,1,5.5859,0.1190,0.8435,-0.1849,0.1304,-0.3040,5.5859,0.1190,0.8435,5.6753,0.1302,0.8000,0,1,5.5365,-0.2060,0.7647,-0.2469,-0.1924,-0.3828,5.5365,-0.2060,0.7647,5.6053,-0.1536,0.8000,1,1
5.7795,-0.0036,1.1472,-0.0123,0.0295,5.9714,0.1444,0.7710,0.1962,0.1423,-0.3762,5.9714,0.1444,0.7710,5.9841,0.1440,0.8000,1,1,5.9953,-0.1151,0.8514,0.2124,-0.1178,-0.2958,5.9953,-0.1151,0.8514,6.0754,-0.1398,0.8000,0,1,5.5935,0.1192,0.8449,-0.1823,0.1282,-0.3023,5.5935,0.1192,0.8449,5.6804,0.1326,0.8000,0,1,5.5365,-0.2060,0.7647,-0.2489,-0.1951,-0.3825,5.5365,-0.2060,0.7647,5.6058,-0.1512,0.8000,1,1
5.7834,-0.0029,1.1472,-0.0120,0.0190,5.9714,0.1445,0.7710,0.1908,0.1438,-0.3762,5.9714,0.1445,0.7710,5.9874,0.1427,0.8000,1,1,6.0013,-0.1164,0.8478,0.2157,-0.1176,-0.2994,6.0013,-0.1164,0.8478,6.0778,-0.1412,0.8000,0,1,5.6001,0.1209,0.8413,-0.1809,0.1273,-0.3059,5.6001,0.1209,0.8413,5.6857,0.1354,0.8000,0,1,5.5366,-0.2060,0.7647,-0.2506,-0.1984,-0.3825,5.5366,-0.2060,0.7647,5.6061,-0.1485,0.8000,1,1
5.7872,-0.0021,1.1475,-0.0111,0.0072,5.9714,0.1445,0.7710,0.1853,0.1453,-0.3765,5.9714,0.1445,0.7710,5.9909,0.1413,0.8000,1,1,6.0073,-0.1185,0.8402,0.2193,-0.1180,-0.3073,6.0073,-0.1185,0.8402,6.0800,-0.1427,0.8000,0,1,5.6058,0.1246,0.8337,-0.1805,0.1280,-0.3138,5.6058,0.1246,0.8337,5.6912,0.1385,0.8000,0,1,5.5366,-0.2060,0.7646,-0.2521,-0.2021,-0.3829,5.5366,-0.2060,0.7646,5.6062,-0.1455,0.8000,1,1
5.7909,-0.0013,1.1482,-0.0099,-0.0058,5.9714,0.1445,0.7710,0.1797,0.1468,-0.3772,5.9714,0.1445,0.7710,5.9946,0.1396,0.8000,1,1,6.0133,-0.1219,0.8298,0.2231,-0.1193,-0.3184,6.0133,-0.1219,0.8298,6.0819,-0.1444,0.8000,0,1,5.6100,0.1309,0.8233,-0.1817,0.1311,-0.3249,5.6100,0.1309,0.8233,5.6968,0.1418,0.8000,0,1,5.5366,-0.2060,0.7646,-0.2531,-0.2062,-0.3836,5.5366,-0.2060,0.7646,5.6061,-0.1422,0.8000,1,1
5.7947,-0.0004,1.1492,-0.0084,-0.0199,5.9714,0.1445,0.7710,0.1738,0.1484,-0.3782,5.9714,0.1445,0.7710,5.9983,0.1377,0.8000,1,1,6.0196,-0.1271,0.8177,0.2274,-0.1222,-0.3315,6.0196,-0.1271,0.8177,6.0836,-0.1462,0.8000,0,1,5.6124,0.1405,0.8112,-0.1851,0.1372,-0.3380,5.6124,0.1405,0.8112,5.7026,0.1454,0.8000,0,1,5.5366,-0.2060,0.7646,-0.2540,-0.2107,-0.3846,5.5366,-0.2060,0.7646,5.6059,-0.1385,0.8000,1,1
5.7985,0.0005,1.1504,-0.0066,-0.0348,5.9715,0.1445,0.7710,0.1679,0.1499,-0.3794,5.9715,0.1445,0.7710,6.0021,0.1357,0.8000,1,1,6.0260,-0.1341,0.8050,0.2320,-0.1266,-0.3454,6.0260,-0.1341,0.8050,6.0852,-0.1481,0.8000,0,1,5.6124,0.1533,0.7984,-0.1913,0.1462,-0.3520,5.6124,0.1533,0.7984,5.7085,0.1492,0.8000,0,1,5.5367,-0.2060,0.7646,-0.2545,-0.2155,-0.3858,5.5367,-0.2060,0.7646,5.6057,-0.1347,0.8000,1,1
5.8022,0.0013,1.1517,-0.0041,-0.0499,5.9715,0.1445,0.7710,0.1619,0.1515,-0.3807,5.9715,0.1445,0.7710,6.0059,0.1336,0.8000,1,1,6.0318,-0.1414,0.7929,0.2364,-0.1311,-0.3588,6.0318,-0.1414,0.7929,6.0867,-0.1500,0.8000,0,1,5.6103,0.1676,0.7862,-0.2000,0.1565,-0.3655,5.6103,0.1676,0.7862,5.7146,0.1529,0.8000,0,1,5.5367,-0.2061,0.7645,-0.2548,-0.2204,-0.3872,5.5367,-0.2061,0.7645,5.6054,-0.1308,0.8000,1,1
5.8061,0.0022,1.1528,-0.0007,-0.0638,5.9715,0.1446,0.7710,0.1560,0.1527,-0.3818,5.9715,0.1446,0.7710,6.0095,0.1317,0.8000,1,1,6.0364,-0.1471,0.7823,0.2394,-0.1343,-0.3705,6.0364,-0.1471,0.7823,6.0884,-0.1517,0.8000,0,1,5.6076,0.1819,0.7757,-0.2096,0.1667,-0.3771,5.6076,0.1819,0.7757,5.7205,0.1564,0.8000,0,1,5.5367,-0.2060,0.7644,-0.2556,-0.2250,-0.3884,5.5367,-0.2060,0.7644,5.6054,-0.1271,0.8000,1,1
5.8099,0.0031,1.1535,0.0032,-0.0744,5.9715,0.1449,0.7711,0.1506,0.1534,-0.3824,5.9715,0.1449,0.7711,6.0127,0.1305,0.8000,1,1,6.0400,-0.1479,0.7744,0.2407,-0.1335,-0.3791,6.0400,-0.1479,0.7744,6.0906,-0.1528,0.8000,0,1,5.6058,0.1965,0.7680,-0.2179,0.1777,-0.3855,5.6058,0.1965,0.7680,5.7260,0.1592,0.8000,0,1,5.5368,-0.2057,0.7641,-0.2568,-0.2285,-0.3894,5.5368,-0.2057,0.7641,5.6059,-0.1240,0.8000,1,1
5.8141,0.0039,1.1528,0.0066,-0.0822,5.9702,0.1591,0.7731,0.1428,0.1675,-0.3797,5.9702,0.1591,0.7731,6.1169,0.1297,0.8000,0,1,6.0421,-0.1441,0.7711,0.2394,-0.1288,-0.3817,6.0421,-0.1441,0.7711,6.0275,-0.1533,0.8000,1,1,5.6063,0.2044,0.7653,-0.2236,0.1828,-0.3875,5.6063,0.2044,0.7653,5.6654,0.1614,0.8000,1,1,5.5394,-0.2075,0.7657,-0.2564,-0.2332,-0.3871,5.5394,-0.2075,0.7657,5.7081,-0.1216,0.8000,0,1
5.8187,0.0044,1.1520,0.0058,-0.0819,5.9853,0.1582,0.7799,0.1535,0.1669,-0.3721,5.9853,0.1582,0.7799,6.1214,0.1302,0.8000,0,1,6.0421,-0.1439,0.7710,0.2348,-0.1295,-0.3810,6.0421,-0.1439,0.7710,6.0302,-0.1528,0.8000,1,1,5.6064,0.2046,0.7655,-0.2280,0.1822,-0.3865,5.6064,0.2046,0.7655,5.6679,0.1619,0.8000,1,1,5.5533,-0.1949,0.7722,-0.2482,-0.2203,-0.3798,5.5533,-0.1949,0.7722,5.7127,-0.1212,0.8000,0,1
5.8232,0.0047,1.1516,0.0028,-0.0756,6.0027,0.1353,0.7901,0.1691,0.1438,-0.3615,6.0027,0.1353,0.7901,6.1252,0.1319,0.8000,0,1,6.0420,-0.1440,0.7710,0.2294,-0.1317,-0.3806,6.0420,-0.1440,0.7710,6.0338,-0.1513,0.8000,1,1,5.6063,0.2045,0.7655,-0.2314,0.1828,-0.3861,5.6063,0.2045,0.7655,5.6695,0.1611,0.8000,1,1,5.5819,-0.1588,0.7834,-0.2283,-0.1813,-0.3682,5.5819,-0.1588,0.7834,5.7181,-0.1221,0.8000,0,1
5.8275,0.0050,1.1510,-0.0005,-0.0698,6.0167,0.1224,0.8024,0.1806,0.1303,-0.3486,6.0167,0.1224,0.8024,6.1287,0.1333,0.8000,0,1,6.0420,-0.1441,0.7710,0.2244,-0.1338,-0.3800,6.0420,-0.1441,0.7710,6.0370,-0.1500,0.8000,1,1,5.6063,0.2045,0.7654,-0.2346,0.1836,-0.3856,5.6063,0.2045,0.7654,5.6709,0.1602,0.8000,1,1,5.6032,-0.1386,0.7959,-0.2137,-0.1589,-0.3551,5.6032,-0.1386,0.7959,5.7231,-0.1231,0.8000,0,1
5.8317,0.0051,1.1502,-0.0041,-0.0637,6.0285,0.1176,0.8155,0.1892,0.1248,-0.3347,6.0285,0.1176,0.8155,6.1321,0.1346,0.8000,0,1,6.0420,-0.1441,0.7710,0.2194,-0.1355,-0.3792,6.0420,-0.1441,0.7710,6.0401,-0.1489,0.8000,1,1,5.6063,0.2045,0.7654,-0.2376,0.1846,-0.3848,5.6063,0.2045,0.7654,5.6721,0.1592,0.8000,1,1,5.6189,-0.1293,0.8091,-0.2038,-0.1477,-0.3411,5.6189,-0.1293,0.8091,5.7280,-0.1242,0.8000,0,1
5.8357,0.0050,1.1494,-0.0072,-0.0570,6.0387,0.1155,0.8282,0.1964,0.1219,-0.3212,6.0387,0.1155,0.8282,6.1353,0.1358,0.8000,0,1,6.0420,-0.1441,0.7710,0.2145,-0.1371,-0.3784,6.0420,-0.1441,0.7710,6.0431,-0.1477,0.8000,1,1,5.6063,0.2045,0.7654,-0.2404,0.1861,-0.3840,5.6063,0.2045,0.7654,5.6732,0.1578,0.8000,1,1,5.6317,-0.1242,0.8218,-0.1963,-0.1406,-0.3276,5.6317,-0.1242,0.8218,5.7330,-0.1257,0.8000,0,1
5.8397,0.0047,1.1486,-0.0095,-0.0496,6.0474,0.1146,0.8393,0.2020,0.1201,-0.3093,6.0474,0.1146,0.8393,6.1383,0.1370,0.8000,0,1,6.0420,-0.1441,0.7711,0.2094,-0.1386,-0.3775,6.0420,-0.1441,0.7711,6.0463,-0.1466,0.8000,1,1,5.6064,0.2045,0.7654,-0.2429,0.1880,-0.3832,5.6064,0.2045,0.7654,5.6740,0.1562,0.8000,1,1,5.6424,-0.1212,0.8328,-0.1908,-0.1355,-0.3158,5.6424,-0.1212,0.8328,5.7379,-0.1274,0.8000,0,1
5.8437,0.0043,1.1479,-0.0111,-0.0417,6.0551,0.1144,0.8474,0.2066,0.1188,-0.3005,6.0551,0.1144,0.8474,6.1412,0.1382,0.8000,0,1,6.0420,-0.1441,0.7711,0.2043,-0.1400,-0.3768,6.0420,-0.1441,0.7711,6.0494,-0.1455,0.8000,1,1,5.6064,0.2045,0.7654,-0.2454,0.1901,-0.3825,5.6064,0.2045,0.7654,5.6747,0.1543,0.8000,1,1,5.6517,-0.1196,0.8409,-0.1867,-0.1318,-0.3070,5.6517,-0.1196,0.8409,5.7429,-0.1294,0.8000,0,1
5.8476,0.0038,1.1474,-0.0118,-0.0328,6.0619,0.1148,0.8513,0.2105,0.1180,-0.2961,6.0619,0.1148,0.8513,6.1439,0.1395,0.8000,0,1,6.0421,-0.1441,0.7711,0.1992,-0.1414,-0.3763,6.0421,-0.1441,0.7711,6.0526,-0.1444,0.8000,1,1,5.6064,0.2045,0.7654,-0.2477,0.1927,-0.3820,5.6064,0.2045,0.7654,5.6753,0.1521,0.8000,1,1,5.6598,-0.1192,0.8448,-0.1837,-0.1291,-0.3026,5.6598,-0.1192,0.8448,5.7480,-0.1317,0.8000,0,1
5.8514,0.0032,1.1472,-0.0117,-0.0229,6.0682,0.1156,0.8501,0.2142,0.1173,-0.2971,6.0682,0.1156,0.8501,6.1464,0.1407,0.8000,0,1,6.0421,-0.1441,0.7711,0.1940,-0.1429,-0.3761,6.0421,-0.1441,0.7711,6.0559,-0.1432,0.8000,1,1,5.6064,0.2045,0.7653,-0.2495,0.1956,-0.3819,5.6064,0.2045,0.7653,5.6757,0.1496,0.8000,1,1,5.6669,-0.1201,0.8436,-0.1816,-0.1275,-0.3036,5.6669,-0.1201,0.8436,5.7532,-0.1343,0.8000,0,1
5.8553,0.0024,1.1474,-0.0109,-0.0117,6.0742,0.1172,0.8444,0.2175,0.1174,-0.3030,6.0742,0.1172,0.8444,6.1487,0.1422,0.8000,0,1,6.0421,-0.1441,0.7711,0.1885,-0.1443,-0.3763,6.0421,-0.1441,0.7711,6.0594,-0.1418,0.8000,1,1,5.6064,0.2045,0.7653,-0.2512,0.1992,-0.3821,5.6064,0.2045,0.7653,5.6760,0.1467,0.8000,1,1,5.6730,-0.1227,0.8379,-0.1808,-0.1272,-0.3095,5.6730,-0.1227,0.8379,5.7586,-0.1373,0.8000,0,1
5.8591,0.0016,1.1479,-0.0096,0.0006,6.0802,0.1199,0.8353,0.2212,0.1182,-0.3126,6.0802,0.1199,0.8353,6.1508,0.1437,0.8000,0,1,6.0421,-0.1441,0.7711,0.1829,-0.1458,-0.3768,6.0421,-0.1441,0.7711,6.0630,-0.1403,0.8000,1,1,5.6065,0.2045,0.7653,-0.2525,0.2031,-0.3826,5.6065,0.2045,0.7653,5.6760,0.1435,0.8000,1,1,5.6780,-0.1276,0.8288,-0.1812,-0.1291,-0.3191,5.6780,-0.1276,0.8288,5.7642,-0.1405,0.8000,0,1
5.8629,0.0008,1.1488,-0.0081,0.0142,6.0864,0.1240,0.8239,0.2252,0.1200,-0.3249,6.0864,0.1240,0.8239,6.1527,0.1455,0.8000,0,1,6.0421,-0.1441,0.7711,0.1771,-0.1474,-0.3777,6.0421,-0.1441,0.7711,6.0667,-0.1385,0.8000,1,1,5.6065,0.2045,0.7653,-0.2535,0.2073,-0.3835,5.6065,0.2045,0.7653,5.6759,0.1400,0.8000,1,1,5.6814,-0.1357,0.8174,-0.1834,-0.1339,-0.3314,5.6814,-0.1357,0.8174,5.7699,-0.1440,0.8000,0,1
5.8667,-0.0001,1.1500,-0.0062,0.0287,6.0928,0.1300,0.8114,0.2297,0.1236,-0.3386,6.0928,0.1300,0.8114,6.1543,0.1473,0.8000,0,1,6.0421,-0.1441,0.7711,0.1712,-0.1490,-0.3789,6.0421,-0.1441,0.7711,6.0705,-0.1366,0.8000,1,1,5.6065,0.2045,0.7653,-0.2542,0.2120,-0.3847,5.6065,0.2045,0.7653,5.6757,0.1362,0.8000,1,1,5.6825,-0.1470,0.8048,-0.1883,-0.1416,-0.3452,5.6825,-0.1470,0.8048,5.7758,-0.1477,0.8000,0,1
5.8704,-0.0010,1.1513,-0.0038,0.0437,6.0989,0.1372,0.7988,0.2343,0.1281,-0.3525,6.0989,0.1372,0.7988,6.1559,0.1492,0.8000,0,1,6.0421,-0.1441,0.7711,0.1653,-0.1505,-0.3802,6.0421,-0.1441,0.7711,6.0743,-0.1345,0.8000,1,1,5.6066,0.2046,0.7652,-0.2546,0.2169,-0.3861,5.6066,0.2046,0.7652,5.6754,0.1323,0.8000,1,1,5.6813,-0.1609,0.7922,-0.1959,-0.1515,-0.3591,5.6813,-0.1609,0.7922,5.7818,-0.1514,0.8000,0,1
5.8742,-0.0020,1.1526,-0.0007,0.0583,6.1041,0.1440,0.7873,0.2380,0.1324,-0.3653,6.1041,0.1440,0.7873,6.1574,0.1510,0.8000,0,1,6.0421,-0.1442,0.7711,0.1593,-0.1517,-0.3815,6.0421,-0.1442,0.7711,6.0780,-0.1325,0.8000,1,1,5.6066,0.2046,0.7652,-0.2551,0.2218,-0.3874,5.6066,0.2046,0.7652,5.6753,0.1284,0.8000,1,1,5.6787,-0.1754,0.7807,-0.2053,-0.1617,-0.3719,5.6787,-0.1754,0.7807,5.7879,-0.1551,0.8000,0,1
5.8781,-0.0028,1.1535,0.0033,0.0707,6.1083,0.1480,0.7779,0.2403,0.1342,-0.3756,6.1083,0.1480,0.7779,6.1594,0.1524,0.8000,0,1,6.0422,-0.1444,0.7712,0.1537,-0.1528,-0.3823,6.0422,-0.1444,0.7712,6.0814,-0.1309,0.8000,1,1,5.6067,0.2045,0.7650,-0.2561,0.2260,-0.3885,5.6067,0.2045,0.7650,5.6755,0.1250,0.8000,1,1,5.6766,-0.1895,0.7714,-0.2142,-0.1720,-0.3821,5.6766,-0.1895,0.7714,5.7936,-0.1583,0.8000,0,1
5.8820,-0.0037,1.1537,0.0068,0.0791,6.1122,0.1438,0.7711,0.2411,0.1288,-0.3826,6.1122,0.1438,0.7711,6.0969,0.1530,0.8000,1,1,6.0421,-0.1450,0.7712,0.1484,-0.1535,-0.3825,6.0421,-0.1450,0.7712,6.1844,-0.1301,0.8000,0,1,5.6067,0.2040,0.7646,-0.2580,0.2288,-0.3891,5.6067,0.2040,0.7646,5.7764,0.1224,0.8000,0,1,5.6766,-0.2043,0.7653,-0.2206,-0.1837,-0.3884,5.6766,-0.2043,0.7653,5.7338,-0.1607,0.8000,1,1
5.8865,-0.0043,1.1526,0.0085,0.0844,6.1123,0.1434,0.7710,0.2374,0.1281,-0.3816,6.1123,0.1434,0.7710,6.0986,0.1533,0.8000,1,1,6.0466,-0.1622,0.7762,0.1462,-0.1708,-0.3764,6.0466,-0.1622,0.7762,6.1896,-0.1297,0.8000,0,1,5.6136,0.2043,0.7690,-0.2543,0.2309,-0.3836,5.6136,0.2043,0.7690,5.7802,0.1207,0.8000,0,1,5.6767,-0.2047,0.7654,-0.2259,-0.1820,-0.3872,5.6767,-0.2047,0.7654,5.7371,-0.1623,0.8000,1,1
5.8911,-0.0047,1.1520,0.0057,0.0798,6.1122,0.1436,0.7710,0.2322,0.1302,-0.3810,6.1122,0.1436,0.7710,6.1020,0.1521,0.8000,1,1,6.0652,-0.1460,0.7847,0.1623,-0.1547,-0.3673,6.0652,-0.1460,0.7847,6.1936,-0.1310,0.8000,0,1,5.6380,0.1745,0.7782,-0.2380,0.1988,-0.3738,5.6380,0.1745,0.7782,5.7855,0.1213,0.8000,0,1,5.6766,-0.2046,0.7654,-0.2298,-0.1822,-0.3866,5.6766,-0.2046,0.7654,5.7391,-0.1618,0.8000,1,1
5.8955,-0.0051,1.1515,0.0024,0.0736,6.1122,0.1436,0.7710,0.2270,0.1324,-0.3805,6.1122,0.1436,0.7710,6.1054,0.1507,0.8000,1,1,6.0806,-0.1272,0.7961,0.1756,-0.1354,-0.3554,6.0806,-0.1272,0.7961,6.1973,-0.1326,0.8000,0,1,5.6634,0.1461,0.7901,-0.2204,0.1679,-0.3614,5.6634,0.1461,0.7901,5.7906,0.1222,0.8000,0,1,5.6766,-0.2046,0.7654,-0.2330,-0.1829,-0.3861,5.6766,-0.2046,0.7654,5.7405,-0.1610,0.8000,1,1
5.8998,-0.0052,1.1508,-0.0014,0.0678,6.1122,0.1436,0.7710,0.2220,0.1341,-0.3798,6.1122,0.1436,0.7710,6.1085,0.1494,0.8000,1,1,6.0935,-0.1198,0.8090,0.1855,-0.1275,-0.3418,6.0935,-0.1198,0.8090,6.2008,-0.1339,0.8000,0,1,5.6812,0.1334,0.8030,-0.2087,0.1531,-0.3478,5.6812,0.1334,0.8030,5.7956,0.1233,0.8000,0,1,5.6766,-0.2046,0.7654,-0.2362,-0.1838,-0.3854,5.6766,-0.2046,0.7654,5.7418,-0.1601,0.8000,1,1
5.9039,-0.0052,1.1500,-0.0049,0.0612,6.1122,0.1436,0.7710,0.2170,0.1358,-0.3790,6.1122,0.1436,0.7710,6.1116,0.1483,0.8000,1,1,6.1044,-0.1166,0.8221,0.1933,-0.1235,-0.3279,6.1044,-0.1166,0.8221,6.2040,-0.1352,0.8000,0,1,5.6954,0.1267,0.8161,-0.2000,0.1444,-0.3339,5.6954,0.1267,0.8161,5.8006,0.1246,0.8000,0,1,5.6766,-0.2046,0.7654,-0.2391,-0.1851,-0.3846,5.6766,-0.2046,0.7654,5.7430,-0.1589,0.8000,1,1
5.9079,-0.0050,1.1491,-0.0078,0.0540,6.1122,0.1436,0.7710,0.2120,0.1374,-0.3781,6.1122,0.1436,0.7710,6.1148,0.1471,0.8000,1,1,6.1137,-0.1152,0.8341,0.1996,-0.1211,-0.3150,6.1137,-0.1152,0.8341,6.2071,-0.1365,0.8000,0,1,5.7071,0.1229,0.8282,-0.1936,0.1386,-0.3209,5.7071,0.1229,0.8282,5.8055,0.1262,0.8000,0,1,5.6766,-0.2046,0.7654,-0.2417,-0.1868,-0.3837,5.6766,-0.2046,0.7654,5.7439,-0.1574,0.8000,1,1
5.9119,-0.0047,1.1483,-0.0098,0.0463,6.1122,0.1436,0.7710,0.2069,0.1389,-0.3773,6.1122,0.1436,0.7710,6.1179,0.1460,0.8000,1,1,6.1218,-0.1148,0.8439,0.2046,-0.1197,-0.3044,6.1218,-0.1148,0.8439,6.2100,-0.1377,0.8000,0,1,5.7171,0.1209,0.8379,-0.1888,0.1345,-0.3104,5.7171,0.1209,0.8379,5.8105,0.1281,0.8000,0,1,5.6767,-0.2046,0.7654,-0.2442,-0.1888,-0.3829,5.6767,-0.2046,0.7654,5.7446,-0.1556,0.8000,1,1
5.9158,-0.0043,1.1477,-0.0111,0.0378,6.1123,0.1436,0.7710,0.2019,0.1404,-0.3767,6.1123,0.1436,0.7710,6.1211,0.1449,0.8000,1,1,6.1290,-0.1148,0.8500,0.2089,-0.1185,-0.2977,6.1290,-0.1148,0.8500,6.2128,-0.1389,0.8000,0,1,5.7259,0.1198,0.8441,-0.1851,0.1312,-0.3036,5.7259,0.1198,0.8441,5.8156,0.1303,0.8000,0,1,5.6767,-0.2046,0.7654,-0.2465,-0.1911,-0.3823,5.6767,-0.2046,0.7654,5.7453,-0.1535,0.8000,1,1
5.9197,-0.0037,1.1474,-0.0114,0.0283,6.1123,0.1436,0.7711,0.1967,0.1418,-0.3763,6.1123,0.1436,0.7711,6.1244,0.1437,0.8000,1,1,6.1355,-0.1153,0.8514,0.2126,-0.1177,-0.2960,6.1355,-0.1153,0.8514,6.2154,-0.1402,0.8000,0,1,5.7335,0.1201,0.8455,-0.1826,0.1290,-0.3019,5.7335,0.1201,0.8455,5.8207,0.1328,0.8000,0,1,5.6767,-0.2046,0.7653,-0.2486,-0.1939,-0.3821,5.6767,-0.2046,0.7653,5.7458,-0.1511,0.8000,1,1
5.9235,-0.0030,1.1474,-0.0110,0.0177,6.1123,0.1437,0.7711,0.1914,0.1433,-0.3763,6.1123,0.1437,0.7711,6.1278,0.1424,0.8000,1,1,6.1415,-0.1165,0.8478,0.2160,-0.1173,-0.2996,6.1415,-0.1165,0.8478,6.2178,-0.1415,0.8000,0,1,5.7403,0.1217,0.8419,-0.1810,0.1279,-0.3055,5.7403,0.1217,0.8419,5.8260,0.1356,0.8000,0,1,5.6767,-0.2046,0.7653,-0.2503,-0.1972,-0.3821,5.6767,-0.2046,0.7653,5.7461,-0.1484,0.8000,1,1
5.9273,-0.0022,1.1477,-0.0100,0.0058,6.1123,0.1437,0.7711,0.1858,0.1448,-0.3766,6.1123,0.1437,0.7711,6.1313,0.1409,0.8000,1,1,6.1473,-0.1185,0.8403,0.2193,-0.1176,-0.3074,6.1473,-0.1185,0.8403,6.2200,-0.1430,0.8000,0,1,5.7461,0.1252,0.8343,-0.1805,0.1284,-0.3134,5.7461,0.1252,0.8343,5.8315,0.1387,0.8000,0,1,5.6767,-0.2046,0.7653,-0.2518,-0.2009,-0.3824,5.6767,-0.2046,0.7653,5.7462,-0.1453,0.8000,1,1
5.9311,-0.0013,1.1485,-0.0088,-0.0072,6.1123,0.1437,0.7711,0.1802,0.1463,-0.3774,6.1123,0.1437,0.7711,6.1350,0.1393,0.8000,1,1,6.1533,-0.1217,0.8299,0.2231,-0.1188,-0.3186,6.1533,-0.1217,0.8299,6.2219,-0.1447,0.8000,0,1,5.7507,0.1313,0.8239,-0.1814,0.1313,-0.3246,5.7507,0.1313,0.8239,5.8372,0.1421,0.8000,0,1,5.6768,-0.2046,0.7653,-0.2528,-0.2051,-0.3832,5.6768,-0.2046,0.7653,5.7461,-0.1419,0.8000,1,1
5.9349,-0.0004,1.1495,-0.0072,-0.0213,6.1123,0.1437,0.7711,0.1743,0.1478,-0.3784,6.1123,0.1437,0.7711,6.1387,0.1374,0.8000,1,1,6.1595,-0.1266,0.8178,0.2272,-0.1214,-0.3317,6.1595,-0.1266,0.8178,6.2236,-0.1465,0.8000,0,1,5.7536,0.1403,0.8118,-0.1843,0.1368,-0.3377,5.7536,0.1403,0.8118,5.8430,0.1457,0.8000,0,1,5.6768,-0.2046,0.7653,-0.2537,-0.2097,-0.3842,5.6768,-0.2046,0.7653,5.7459,-0.1383,0.8000,1,1
5.9387,0.0005,1.1507,-0.0052,-0.0361,6.1123,0.1437,0.7711,0.1683,0.1494,-0.3796,6.1123,0.1437,0.7711,6.1425,0.1354,0.8000,1,1,6.1657,-0.1332,0.8051,0.2317,-0.1254,-0.3456,6.1657,-0.1332,0.8051,6.2252,-0.1484,0.8000,0,1,5.7542,0.1524,0.7990,-0.1899,0.1451,-0.3517,5.7542,0.1524,0.7990,5.8490,0.1494,0.8000,0,1,5.6768,-0.2046,0.7652,-0.2543,-0.2144,-0.3855,5.6768,-0.2046,0.7652,5.7457,-0.1344,0.8000,1,1
5.9425,0.0014,1.1521,-0.0026,-0.0510,6.1123,0.1437,0.7711,0.1623,0.1508,-0.3810,6.1123,0.1437,0.7711,6.1463,0.1334,0.8000,1,1,6.1714,-0.1403,0.7929,0.2358,-0.1298,-0.3592,6.1714,-0.1403,0.7929,6.2268,-0.1502,0.8000,0,1,5.7525,0.1661,0.7868,-0.1981,0.1548,-0.3653,5.7525,0.1661,0.7868,5.8550,0.1531,0.8000,0,1,5.6769,-0.2046,0.7652,-0.2548,-0.2193,-0.3869,5.6769,-0.2046,0.7652,5.7455,-0.1305,0.8000,1,1
5.9463,0.0023,1.1532,0.0009,-0.0647,6.1123,0.1438,0.7711,0.1565,0.1519,-0.3821,6.1123,0.1438,0.7711,6.1499,0.1316,0.8000,1,1,6.1762,-0.1460,0.7824,0.2390,-0.1331,-0.3708,6.1762,-0.1460,0.7824,6.2285,-0.1518,0.8000,0,1,5.7497,0.1800,0.7763,-0.2077,0.1646,-0.3769,5.7497,0.1800,0.7763,5.8609,0.1566,0.8000,0,1,5.6769,-0.2046,0.7651,-0.2555,-0.2239,-0.3881,5.6769,-0.2046,0.7651,5.7455,-0.1268,0.8000,1,1
5.9501,0.0032,1.1539,0.0050,-0.0749,6.1124,0.1441,0.7712,0.1513,0.1526,-0.3827,6.1124,0.1441,0.7712,6.1530,0.1304,0.8000,1,1,6.1803,-0.1469,0.7745,0.2408,-0.1325,-0.3794,6.1803,-0.1469,0.7745,6.2307,-0.1528,0.8000,0,1,5.7476,0.1946,0.7685,-0.2163,0.1757,-0.3854,5.7476,0.1946,0.7685,5.8663,0.1594,0.8000,0,1,5.6770,-0.2043,0.7648,-0.2568,-0.2274,-0.3891,5.6770,-0.2043,0.7648,5.7460,-0.1238,0.8000,1,1
5.9543,0.0040,1.1532,0.0080,-0.0826,6.1112,0.1582,0.7731,0.1436,0.1666,-0.3801,6.1112,0.1582,0.7731,6.2571,0.1297,0.8000,0,1,6.1830,-0.1434,0.7711,0.2401,-0.1280,-0.3821,6.1830,-0.1434,0.7711,6.1677,-0.1533,0.8000,1,1,5.7467,0.2029,0.7659,-0.2233,0.1811,-0.3873,5.7467,0.2029,0.7659,5.8057,0.1616,0.8000,1,1,5.6795,-0.2062,0.7663,-0.2565,-0.2322,-0.3869,5.6795,-0.2062,0.7663,5.8482,-0.1214,0.8000,0,1
5.9589,0.0045,1.1523,0.0070,-0.0821,6.1261,0.1572,0.7800,0.1541,0.1659,-0.3723,6.1261,0.1572,0.7800,6.2617,0.1303,0.8000,0,1,6.1830,-0.1431,0.7711,0.2354,-0.1287,-0.3812,6.1830,-0.1431,0.7711,6.1704,-0.1528,0.8000,1,1,5.7467,0.2031,0.7660,-0.2278,0.1805,-0.3863,5.7467,0.2031,0.7660,5.8082,0.1620,0.8000,1,1,5.6938,-0.1931,0.7729,-0.2480,-0.2187,-0.3794,5.6938,-0.1931,0.7729,5.8529,-0.1210,0.8000,0,1
5.9634,0.0048,1.1519,0.0039,-0.0757,6.1433,0.1349,0.7901,0.1695,0.1433,-0.3618,6.1433,0.1349,0.7901,6.2654,0.1319,0.8000,0,1,6.1829,-0.1433,0.7711,0.2301,-0.1311,-0.3808,6.1829,-0.1433,0.7711,6.1739,-0.1513,0.8000,1,1,5.7466,0.2030,0.7660,-0.2312,0.1812,-0.3859,5.7466,0.2030,0.7660,5.8097,0.1612,0.8000,1,1,5.7221,-0.1579,0.7840,-0.2283,-0.1805,-0.3679,5.7221,-0.1579,0.7840,5.8582,-0.1220,0.8000,0,1
5.9677,0.0051,1.1513,0.0004,-0.0698,6.1573,0.1225,0.8024,0.1810,0.1303,-0.3489,6.1573,0.1225,0.8024,6.2689,0.1334,0.8000,0,1,6.1829,-0.1433,0.7711,0.2250,-0.1330,-0.3802,6.1829,-0.1433,0.7711,6.1771,-0.1499,0.8000,1,1,5.7466,0.2030,0.7660,-0.2344,0.1820,-0.3853,5.7466,0.2030,0.7660,5.8111,0.1603,0.8000,1,1,5.7432,-0.1385,0.7965,-0.2139,-0.1589,-0.3548,5.7432,-0.1385,0.7965,5.8633,-0.1230,0.8000,0,1
5.9718,0.0051,1.1505,-0.0033,-0.0636,6.1690,0.1178,0.8155,0.1896,0.1250,-0.3350,6.1690,0.1178,0.8155,6.2723,0.1347,0.8000,0,1,6.1829,-0.1433,0.7711,0.2201,-0.1347,-0.3794,6.1829,-0.1433,0.7711,6.1802,-0.1488,0.8000,1,1,5.7466,0.2030,0.7660,-0.2373,0.1832,-0.3845,5.7466,0.2030,0.7660,5.8123,0.1592,0.8000,1,1,5.7588,-0.1296,0.8096,-0.2040,-0.1480,-0.3409,5.7588,-0.1296,0.8096,5.8682,-0.1242,0.8000,0,1
5.9759,0.0050,1.1497,-0.0064,-0.0567,6.1791,0.1158,0.8283,0.1966,0.1221,-0.3214,6.1791,0.1158,0.8283,6.2754,0.1359,0.8000,0,1,6.1829,-0.1433,0.7711,0.2151,-0.1363,-0.3786,6.1829,-0.1433,0.7711,6.1834,-0.1476,0.8000,1,1,5.7466,0.2030,0.7660,-0.2402,0.1847,-0.3837,5.7466,0.2030,0.7660,5.8133,0.1579,0.8000,1,1,5.7715,-0.1247,0.8223,-0.1967,-0.1411,-0.3274,5.7715,-0.1247,0.8223,5.8732,-0.1257,0.8000,0,1
5.9799,0.0048,1.1488,-0.0087,-0.0492,6.1877,0.1148,0.8393,0.2021,0.1201,-0.3095,6.1877,0.1148,0.8393,6.2784,0.1372,0.8000,0,1,6.1829,-0.1433,0.7711,0.2100,-0.1379,-0.3777,6.1829,-0.1433,0.7711,6.1865,-0.1465,0.8000,1,1,5.7467,0.2030,0.7660,-0.2427,0.1865,-0.3828,5.7467,0.2030,0.7660,5.8141,0.1562,0.8000,1,1,5.7823,-0.1218,0.8334,-0.1911,-0.1362,-0.3154,5.7823,-0.1218,0.8334,5.8781,-0.1275,0.8000,0,1
5.9838,0.0044,1.1481,-0.0103,-0.0410,6.1953,0.1146,0.8475,0.2068,0.1188,-0.3006,6.1953,0.1146,0.8475,6.2813,0.1384,0.8000,0,1,6.1830,-0.1433,0.7711,0.2051,-0.1394,-0.3770,6.1830,-0.1433,0.7711,6.1896,-0.1454,0.8000,1,1,5.7467,0.2030,0.7659,-0.2450,0.1887,-0.3822,5.7467,0.2030,0.7659,5.8148,0.1543,0.8000,1,1,5.7916,-0.1204,0.8415,-0.1869,-0.1326,-0.3066,5.7916,-0.1204,0.8415,5.8832,-0.1295,0.8000,0,1
5.9877,0.0039,1.1476,-0.0110,-0.0321,6.2021,0.1149,0.8513,0.2107,0.1178,-0.2963,6.2021,0.1149,0.8513,6.2840,0.1396,0.8000,0,1,6.1830,-0.1433,0.7711,0.1999,-0.1409,-0.3765,6.1830,-0.1433,0.7711,6.1929,-0.1442,0.8000,1,1,5.7467,0.2030,0.7659,-0.2473,0.1913,-0.3817,5.7467,0.2030,0.7659,5.8154,0.1520,0.8000,1,1,5.7998,-0.1200,0.8454,-0.1838,-0.1299,-0.3022,5.7998,-0.1200,0.8454,5.8883,-0.1318,0.8000,0,1
5.9916,0.0032,1.1475,-0.0109,-0.0220,6.2083,0.1157,0.8502,0.2142,0.1172,-0.2973,6.2083,0.1157,0.8502,6.2865,0.1409,0.8000,0,1,6.1830,-0.1433,0.7712,0.1946,-0.1423,-0.3763,6.1830,-0.1433,0.7712,6.1962,-0.1430,0.8000,1,1,5.7467,0.2030,0.7659,-0.2492,0.1944,-0.3816,5.7467,0.2030,0.7659,5.8158,0.1494,0.8000,1,1,5.8070,-0.1209,0.8442,-0.1818,-0.1281,-0.3033,5.8070,-0.1209,0.8442,5.8935,-0.1345,0.8000,0,1
5.9954,0.0024,1.1477,-0.0100,-0.0108,6.2143,0.1172,0.8445,0.2176,0.1172,-0.3032,6.2143,0.1172,0.8445,6.2887,0.1423,0.8000,0,1,6.1830,-0.1433,0.7712,0.1892,-0.1437,-0.3765,6.1830,-0.1433,0.7712,6.1997,-0.1416,0.8000,1,1,5.7467,0.2030,0.7659,-0.2509,0.1979,-0.3818,5.7467,0.2030,0.7659,5.8160,0.1465,0.8000,1,1,5.8132,-0.1234,0.8385,-0.1808,-0.1278,-0.3092,5.8132,-0.1234,0.8385,5.8989,-0.1375,0.8000,0,1
5.9992,0.0016,1.1482,-0.0087,0.0017,6.2201,0.1196,0.8353,0.2211,0.1176,-0.3129,6.2201,0.1196,0.8353,6.2908,0.1439,0.8000,0,1,6.1830,-0.1434,0.7712,0.1836,-0.1453,-0.3770,6.1830,-0.1434,0.7712,6.2033,-0.1401,0.8000,1,1,5.7468,0.2029,0.7659,-0.2521,0.2017,-0.3823,5.7468,0.2029,0.7659,5.8160,0.1432,0.8000,1,1,5.8184,-0.1282,0.8293,-0.1810,-0.1295,-0.3189,5.8184,-0.1282,0.8293,5.9045,-0.1408,0.8000,0,1
