# D1 OCS2 DTC reference | source=ocs2_rollout primary=fk stair_rise=0.06 lane_y=0.0 comH=0.34
# frames: world=MuJoCo(x fwd,z up); rel=yaw-only base (Rz(-yaw)*(foot-base), z=foot_z-base_z)
# primary foothold = OCS2 FK foot (dynamically feasible) if primary=fk; region_*=terrain-snap sanity; st=stance valid=region_valid
base_x,base_y,base_z,base_pitch,base_yaw,FL_wx,FL_wy,FL_wz,FL_rx,FL_ry,FL_rz,FL_fkx,FL_fky,FL_fkz,FL_regx,FL_regy,FL_regz,FL_st,FL_valid,FR_wx,FR_wy,FR_wz,FR_rx,FR_ry,FR_rz,FR_fkx,FR_fky,FR_fkz,FR_regx,FR_regy,FR_regz,FR_st,FR_valid,HL_wx,HL_wy,HL_wz,HL_rx,HL_ry,HL_rz,HL_fkx,HL_fky,HL_fkz,HL_regx,HL_regy,HL_regz,HL_st,HL_valid,HR_wx,HR_wy,HR_wz,HR_rx,HR_ry,HR_rz,HR_fkx,HR_fky,HR_fkz,HR_regx,HR_regy,HR_regz,HR_st,HR_valid
0.0000,0.0000,0.3400,0.0000,0.0000,0.1934,0.1420,-0.0000,0.1934,0.1420,-0.3400,0.1934,0.1420,-0.0000,0.2918,0.1420,0.0000,1,1,0.1934,-0.1420,-0.0000,0.1934,-0.1420,-0.3400,0.1934,-0.1420,-0.0000,0.2918,-0.1420,0.0000,1,1,-0.1934,0.1420,-0.0000,-0.1934,0.1420,-0.3400,-0.1934,0.1420,-0.0000,-0.0950,0.1420,0.0000,1,1,-0.1934,-0.1420,-0.0000,-0.1934,-0.1420,-0.3400,-0.1934,-0.1420,-0.0000,-0.0950,-0.1420,0.0000,1,1
0.0003,0.0001,0.3401,-0.0018,0.0001,0.1933,0.1420,-0.0000,0.1930,0.1419,-0.3401,0.1933,0.1420,-0.0000,0.2251,0.1421,0.0000,1,1,0.1987,-0.1437,0.0043,0.1984,-0.1438,-0.3358,0.1987,-0.1437,0.0043,0.2921,-0.1419,0.0000,0,1,-0.1876,0.1422,0.0044,-0.1879,0.1421,-0.3357,-0.1876,0.1422,0.0044,-0.0947,0.1421,0.0000,0,1,-0.1935,-0.1420,0.0000,-0.1938,-0.1421,-0.3401,-0.1935,-0.1420,0.0000,-0.1617,-0.1419,0.0000,1,1
0.0012,0.0005,0.3405,-0.0065,0.0001,0.1933,0.1420,-0.0001,0.1921,0.1415,-0.3406,0.1933,0.1420,-0.0001,0.2240,0.1425,0.0000,1,1,0.2058,-0.1451,0.0128,0.2046,-0.1456,-0.3277,0.2058,-0.1451,0.0128,0.2930,-0.1415,0.0000,0,1,-0.1799,0.1420,0.0129,-0.1811,0.1415,-0.3276,-0.1799,0.1420,0.0129,-0.0938,0.1425,0.0000,0,1,-0.1935,-0.1420,0.0000,-0.1947,-0.1425,-0.3405,-0.1935,-0.1420,0.0000,-0.1628,-0.1415,0.0000,1,1
0.0025,0.0011,0.3410,-0.0118,0.0002,0.1933,0.1421,-0.0001,0.1908,0.1410,-0.3411,0.1933,0.1421,-0.0001,0.2233,0.1431,0.0000,1,1,0.2131,-0.1461,0.0240,0.2106,-0.1472,-0.3170,0.2131,-0.1461,0.0240,0.2944,-0.1409,0.0000,0,1,-0.1720,0.1420,0.0242,-0.1745,0.1409,-0.3168,-0.1720,0.1420,0.0242,-0.0925,0.1431,0.0000,0,1,-0.1935,-0.1419,0.0000,-0.1960,-0.1430,-0.3410,-0.1935,-0.1419,0.0000,-0.1634,-0.1409,0.0000,1,1
0.0041,0.0019,0.3416,-0.0166,0.0002,0.1933,0.1421,-0.0001,0.1892,0.1402,-0.3417,0.1933,0.1421,-0.0001,0.2229,0.1440,0.0000,1,1,0.2199,-0.1464,0.0368,0.2158,-0.1483,-0.3048,0.2199,-0.1464,0.0368,0.2960,-0.1400,0.0000,0,1,-0.1649,0.1424,0.0370,-0.1690,0.1405,-0.3046,-0.1649,0.1424,0.0370,-0.0909,0.1439,0.0000,0,1,-0.1935,-0.1419,-0.0000,-0.1976,-0.1438,-0.3416,-0.1935,-0.1419,-0.0000,-0.1638,-0.1401,0.0000,1,1
0.0060,0.0029,0.3422,-0.0205,0.0003,0.1933,0.1421,-0.0001,0.1873,0.1391,-0.3423,0.1933,0.1421,-0.0001,0.2227,0.1450,0.0000,1,1,0.2259,-0.1460,0.0499,0.2199,-0.1490,-0.2923,0.2259,-0.1460,0.0499,0.2978,-0.1390,0.0000,0,1,-0.1588,0.1432,0.0501,-0.1648,0.1403,-0.2921,-0.1588,0.1432,0.0501,-0.0891,0.1449,0.0000,0,1,-0.1935,-0.1419,-0.0000,-0.1995,-0.1447,-0.3422,-0.1935,-0.1419,-0.0000,-0.1640,-0.1391,0.0000,1,1
0.0080,0.0041,0.3426,-0.0231,0.0005,0.1933,0.1421,-0.0001,0.1854,0.1379,-0.3427,0.1933,0.1421,-0.0001,0.2227,0.1462,0.0000,1,1,0.2311,-0.1450,0.0619,0.2230,-0.1492,-0.2807,0.2311,-0.1450,0.0619,0.2998,-0.1378,0.0000,0,1,-0.1536,0.1444,0.0621,-0.1615,0.1404,-0.2805,-0.1536,0.1444,0.0621,-0.0871,0.1460,0.0000,0,1,-0.1935,-0.1419,-0.0000,-0.2016,-0.1459,-0.3426,-0.1935,-0.1419,-0.0000,-0.1640,-0.1380,0.0000,1,1
0.0101,0.0055,0.3430,-0.0248,0.0006,0.1933,0.1421,-0.0000,0.1833,0.1365,-0.3430,0.1933,0.1421,-0.0000,0.2228,0.1476,0.0000,1,1,0.2358,-0.1436,0.0716,0.2256,-0.1492,-0.2714,0.2358,-0.1436,0.0716,0.3020,-0.1364,0.0000,0,1,-0.1491,0.1459,0.0718,-0.1591,0.1405,-0.2712,-0.1491,0.1459,0.0718,-0.0850,0.1474,0.0000,0,1,-0.1935,-0.1419,-0.0000,-0.2037,-0.1473,-0.3430,-0.1935,-0.1419,-0.0000,-0.1638,-0.1366,0.0000,1,1
0.0123,0.0069,0.3433,-0.0254,0.0006,0.1933,0.1421,-0.0000,0.1811,0.1351,-0.3433,0.1933,0.1421,-0.0000,0.2230,0.1490,0.0000,1,1,0.2401,-0.1418,0.0778,0.2277,-0.1488,-0.2655,0.2401,-0.1418,0.0778,0.3042,-0.1350,0.0000,0,1,-0.1451,0.1478,0.0780,-0.1573,0.1410,-0.2653,-0.1451,0.1478,0.0780,-0.0828,0.1488,0.0000,0,1,-0.1935,-0.1419,-0.0001,-0.2059,-0.1487,-0.3434,-0.1935,-0.1419,-0.0001,-0.1636,-0.1352,0.0000,1,1
0.0146,0.0085,0.3435,-0.0250,0.0005,0.1933,0.1421,-0.0000,0.1788,0.1335,-0.3435,0.1933,0.1421,-0.0000,0.2234,0.1506,0.0000,1,1,0.2443,-0.1400,0.0792,0.2296,-0.1486,-0.2643,0.2443,-0.1400,0.0792,0.3065,-0.1334,0.0000,0,1,-0.1413,0.1500,0.0794,-0.1558,0.1416,-0.2641,-0.1413,0.1500,0.0794,-0.0804,0.1504,0.0000,0,1,-0.1935,-0.1419,-0.0001,-0.2082,-0.1503,-0.3436,-0.1935,-0.1419,-0.0001,-0.1633,-0.1336,0.0000,1,1
0.0170,0.0101,0.3435,-0.0239,0.0003,0.1933,0.1422,0.0000,0.1763,0.1320,-0.3435,0.1933,0.1422,0.0000,0.2238,0.1522,0.0000,1,1,0.2484,-0.1382,0.0756,0.2314,-0.1484,-0.2679,0.2484,-0.1382,0.0756,0.3089,-0.1318,0.0000,0,1,-0.1375,0.1526,0.0758,-0.1545,0.1425,-0.2677,-0.1375,0.1526,0.0758,-0.0780,0.1521,0.0000,0,1,-0.1935,-0.1418,-0.0001,-0.2105,-0.1518,-0.3436,-0.1935,-0.1418,-0.0001,-0.1629,-0.1319,0.0000,1,1
0.0195,0.0119,0.3435,-0.0221,0.0001,0.1933,0.1422,0.0000,0.1738,0.1303,-0.3435,0.1933,0.1422,0.0000,0.2243,0.1539,0.0000,1,1,0.2527,-0.1363,0.0680,0.2332,-0.1482,-0.2755,0.2527,-0.1363,0.0680,0.3113,-0.1301,0.0000,0,1,-0.1336,0.1556,0.0682,-0.1531,0.1437,-0.2753,-0.1336,0.1556,0.0682,-0.0755,0.1539,0.0000,0,1,-0.1935,-0.1418,-0.0001,-0.2130,-0.1537,-0.3436,-0.1935,-0.1418,-0.0001,-0.1625,-0.1301,0.0000,1,1
0.0221,0.0137,0.3434,-0.0200,-0.0003,0.1934,0.1422,0.0000,0.1713,0.1286,-0.3434,0.1934,0.1422,0.0000,0.2249,0.1556,0.0000,1,1,0.2571,-0.1344,0.0577,0.2350,-0.1480,-0.2857,0.2571,-0.1344,0.0577,0.3138,-0.1284,0.0000,0,1,-0.1297,0.1591,0.0578,-0.1518,0.1454,-0.2856,-0.1297,0.1591,0.0578,-0.0729,0.1557,0.0000,0,1,-0.1934,-0.1418,-0.0001,-0.2155,-0.1556,-0.3435,-0.1934,-0.1418,-0.0001,-0.1620,-0.1283,0.0000,1,1
0.0248,0.0155,0.3433,-0.0176,-0.0008,0.1934,0.1422,0.0001,0.1685,0.1268,-0.3432,0.1934,0.1422,0.0001,0.2257,0.1574,0.0000,1,1,0.2616,-0.1325,0.0456,0.2369,-0.1478,-0.2977,0.2616,-0.1325,0.0456,0.3164,-0.1266,0.0000,0,1,-0.1258,0.1630,0.0457,-0.1507,0.1474,-0.2976,-0.1258,0.1630,0.0457,-0.0701,0.1577,0.0000,0,1,-0.1934,-0.1418,-0.0001,-0.2181,-0.1575,-0.3434,-0.1934,-0.1418,-0.0001,-0.1614,-0.1263,0.0000,1,1
0.0276,0.0174,0.3431,-0.0154,-0.0013,0.1934,0.1422,0.0001,0.1656,0.1250,-0.3430,0.1934,0.1422,0.0001,0.2266,0.1592,0.0000,1,1,0.2664,-0.1306,0.0329,0.2390,-0.1477,-0.3102,0.2664,-0.1306,0.0329,0.3192,-0.1248,0.0000,0,1,-0.1219,0.1672,0.0330,-0.1497,0.1496,-0.3101,-0.1219,0.1672,0.0330,-0.0672,0.1597,0.0000,0,1,-0.1934,-0.1418,-0.0002,-0.2208,-0.1595,-0.3433,-0.1934,-0.1418,-0.0002,-0.1606,-0.1243,0.0000,1,1
0.0306,0.0194,0.3431,-0.0135,-0.0020,0.1934,0.1423,0.0001,0.1626,0.1232,-0.3430,0.1934,0.1423,0.0001,0.2277,0.1610,0.0000,1,1,0.2715,-0.1285,0.0207,0.2412,-0.1474,-0.3224,0.2715,-0.1285,0.0207,0.3221,-0.1230,0.0000,0,1,-0.1178,0.1714,0.0209,-0.1487,0.1517,-0.3222,-0.1178,0.1714,0.0209,-0.0641,0.1618,0.0000,0,1,-0.1934,-0.1417,-0.0002,-0.2237,-0.1615,-0.3433,-0.1934,-0.1417,-0.0002,-0.1597,-0.1222,0.0000,1,1
0.0338,0.0215,0.3432,-0.0123,-0.0026,0.1934,0.1423,0.0001,0.1593,0.1212,-0.3431,0.1934,0.1423,0.0001,0.2290,0.1630,0.0000,1,1,0.2771,-0.1264,0.0102,0.2437,-0.1473,-0.3330,0.2771,-0.1264,0.0102,0.3253,-0.1210,0.0000,0,1,-0.1133,0.1752,0.0103,-0.1475,0.1533,-0.3329,-0.1133,0.1752,0.0103,-0.0608,0.1640,0.0000,0,1,-0.1933,-0.1418,-0.0002,-0.2267,-0.1639,-0.3434,-0.1933,-0.1418,-0.0002,-0.1585,-0.1200,0.0000,1,1
0.0374,0.0236,0.3433,-0.0123,-0.0032,0.1935,0.1422,0.0001,0.1557,0.1191,-0.3432,0.1935,0.1422,0.0001,0.2307,0.1650,0.0000,1,1,0.2836,-0.1254,0.0024,0.2467,-0.1482,-0.3409,0.2836,-0.1254,0.0024,0.3288,-0.1190,0.0000,0,1,-0.1079,0.1774,0.0025,-0.1458,0.1533,-0.3408,-0.1079,0.1774,0.0025,-0.0571,0.1662,0.0000,0,1,-0.1933,-0.1418,-0.0002,-0.2302,-0.1661,-0.3435,-0.1933,-0.1418,-0.0002,-0.1570,-0.1178,0.0000,1,1
0.0414,0.0257,0.3433,-0.0136,-0.0037,0.2000,0.1424,0.0017,0.1582,0.1173,-0.3416,0.2000,0.1424,0.0017,0.3338,0.1669,0.0000,0,1,0.2873,-0.1259,-0.0004,0.2465,-0.1507,-0.3437,0.2873,-0.1259,-0.0004,0.2667,-0.1171,0.0000,1,1,-0.1046,0.1776,-0.0006,-0.1466,0.1514,-0.3439,-0.1046,0.1776,-0.0006,-0.1190,0.1684,0.0000,1,1,-0.1874,-0.1425,0.0015,-0.2282,-0.1690,-0.3418,-0.1874,-0.1425,0.0015,-0.0541,-0.1156,0.0000,0,1
0.0459,0.0270,0.3434,-0.0143,-0.0040,0.2128,0.1444,0.0083,0.1664,0.1181,-0.3351,0.2128,0.1444,0.0083,0.3383,0.1682,0.0000,0,1,0.2873,-0.1259,-0.0004,0.2420,-0.1519,-0.3438,0.2873,-0.1259,-0.0004,0.2691,-0.1158,0.0000,1,1,-0.1046,0.1775,-0.0007,-0.1511,0.1499,-0.3441,-0.1046,0.1775,-0.0007,-0.1165,0.1698,0.0000,1,1,-0.1753,-0.1415,0.0081,-0.2205,-0.1694,-0.3353,-0.1753,-0.1415,0.0081,-0.0497,-0.1142,0.0000,0,1
0.0507,0.0276,0.3436,-0.0143,-0.0040,0.2252,0.1468,0.0183,0.1740,0.1199,-0.3253,0.2252,0.1468,0.0183,0.3431,0.1689,0.0000,0,1,0.2873,-0.1259,-0.0003,0.2372,-0.1526,-0.3439,0.2873,-0.1259,-0.0003,0.2719,-0.1151,0.0000,1,1,-0.1046,0.1775,-0.0007,-0.1559,0.1493,-0.3443,-0.1046,0.1775,-0.0007,-0.1137,0.1704,0.0000,1,1,-0.1633,-0.1399,0.0181,-0.2133,-0.1684,-0.3255,-0.1633,-0.1399,0.0181,-0.0449,-0.1136,0.0000,0,1
0.0557,0.0277,0.3439,-0.0138,-0.0040,0.2370,0.1488,0.0305,0.1808,0.1218,-0.3134,0.2370,0.1488,0.0305,0.3481,0.1690,0.0000,0,1,0.2873,-0.1259,-0.0003,0.2322,-0.1527,-0.3442,0.2873,-0.1259,-0.0003,0.2749,-0.1150,0.0000,1,1,-0.1045,0.1775,-0.0007,-0.1608,0.1492,-0.3446,-0.1045,0.1775,-0.0007,-0.1107,0.1705,0.0000,1,1,-0.1517,-0.1385,0.0303,-0.2067,-0.1670,-0.3136,-0.1517,-0.1385,0.0303,-0.0399,-0.1135,0.0000,0,1
0.0608,0.0274,0.3442,-0.0132,-0.0039,0.2482,0.1504,0.0436,0.1869,0.1237,-0.3006,0.2482,0.1504,0.0436,0.3532,0.1686,0.0000,0,1,0.2874,-0.1259,-0.0003,0.2272,-0.1524,-0.3445,0.2874,-0.1259,-0.0003,0.2781,-0.1154,0.0000,1,1,-0.1045,0.1775,-0.0007,-0.1659,0.1495,-0.3449,-0.1045,0.1775,-0.0007,-0.1076,0.1701,0.0000,1,1,-0.1407,-0.1374,0.0434,-0.2009,-0.1656,-0.3008,-0.1407,-0.1374,0.0434,-0.0347,-0.1139,0.0000,0,1
0.0661,0.0267,0.3445,-0.0124,-0.0037,0.2587,0.1515,0.0563,0.1921,0.1255,-0.2882,0.2587,0.1515,0.0563,0.3584,0.1680,0.0000,0,1,0.2874,-0.1259,-0.0003,0.2219,-0.1518,-0.3448,0.2874,-0.1259,-0.0003,0.2813,-0.1160,0.0000,1,1,-0.1045,0.1775,-0.0008,-0.1712,0.1502,-0.3453,-0.1045,0.1775,-0.0008,-0.1044,0.1694,0.0000,1,1,-0.1302,-0.1366,0.0561,-0.1957,-0.1640,-0.2884,-0.1302,-0.1366,0.0561,-0.0295,-0.1146,0.0000,0,1
0.0713,0.0257,0.3446,-0.0116,-0.0035,0.2687,0.1521,0.0674,0.1970,0.1271,-0.2772,0.2687,0.1521,0.0674,0.3636,0.1671,0.0000,0,1,0.2874,-0.1260,-0.0003,0.2166,-0.1509,-0.3449,0.2874,-0.1260,-0.0003,0.2846,-0.1169,0.0000,1,1,-0.1045,0.1775,-0.0008,-0.1763,0.1512,-0.3454,-0.1045,0.1775,-0.0008,-0.1012,0.1684,0.0000,1,1,-0.1203,-0.1362,0.0671,-0.1910,-0.1626,-0.2775,-0.1203,-0.1362,0.0671,-0.0242,-0.1156,0.0000,0,1
0.0766,0.0246,0.3448,-0.0109,-0.0031,0.2780,0.1522,0.0755,0.2010,0.1282,-0.2693,0.2780,0.1522,0.0755,0.3689,0.1660,0.0000,0,1,0.2874,-0.1260,-0.0002,0.2113,-0.1499,-0.3450,0.2874,-0.1260,-0.0002,0.2880,-0.1180,0.0000,1,1,-0.1044,0.1775,-0.0008,-0.1815,0.1523,-0.3456,-0.1044,0.1775,-0.0008,-0.0979,0.1672,0.0000,1,1,-0.1109,-0.1361,0.0752,-0.1870,-0.1613,-0.2696,-0.1109,-0.1361,0.0752,-0.0188,-0.1168,0.0000,0,1
0.0819,0.0233,0.3448,-0.0102,-0.0027,0.2870,0.1521,0.0794,0.2048,0.1294,-0.2654,0.2870,0.1521,0.0794,0.3741,0.1648,0.0000,0,1,0.2875,-0.1260,-0.0002,0.2060,-0.1487,-0.3450,0.2875,-0.1260,-0.0002,0.2913,-0.1192,0.0000,1,1,-0.1044,0.1775,-0.0008,-0.1867,0.1537,-0.3456,-0.1044,0.1775,-0.0008,-0.0947,0.1659,0.0000,1,1,-0.1019,-0.1365,0.0791,-0.1834,-0.1603,-0.2657,-0.1019,-0.1365,0.0791,-0.0135,-0.1181,0.0000,0,1
0.0871,0.0220,0.3448,-0.0095,-0.0022,0.2958,0.1517,0.0782,0.2084,0.1302,-0.2666,0.2958,0.1517,0.0782,0.3792,0.1636,0.0000,0,1,0.2875,-0.1260,-0.0002,0.2007,-0.1476,-0.3450,0.2875,-0.1260,-0.0002,0.2946,-0.1204,0.0000,1,1,-0.1044,0.1774,-0.0008,-0.1918,0.1550,-0.3456,-0.1044,0.1774,-0.0008,-0.0916,0.1644,0.0000,1,1,-0.0932,-0.1374,0.0779,-0.1799,-0.1598,-0.2669,-0.0932,-0.1374,0.0779,-0.0082,-0.1196,0.0000,0,1
0.0923,0.0206,0.3447,-0.0088,-0.0016,0.3045,0.1512,0.0725,0.2120,0.1309,-0.2722,0.3045,0.1512,0.0725,0.3844,0.1623,0.0000,0,1,0.2875,-0.1260,-0.0002,0.1954,-0.1463,-0.3449,0.2875,-0.1260,-0.0002,0.2979,-0.1217,0.0000,1,1,-0.1044,0.1774,-0.0009,-0.1970,0.1565,-0.3456,-0.1044,0.1774,-0.0009,-0.0884,0.1629,0.0000,1,1,-0.0845,-0.1387,0.0722,-0.1765,-0.1596,-0.2725,-0.0845,-0.1387,0.0722,-0.0029,-0.1211,0.0000,0,1
0.0975,0.0192,0.3445,-0.0082,-0.0010,0.3133,0.1507,0.0634,0.2157,0.1317,-0.2811,0.3133,0.1507,0.0634,0.3894,0.1610,0.0000,0,1,0.2875,-0.1260,-0.0002,0.1901,-0.1450,-0.3447,0.2875,-0.1260,-0.0002,0.3012,-0.1230,0.0000,1,1,-0.1043,0.1774,-0.0009,-0.2020,0.1580,-0.3454,-0.1043,0.1774,-0.0009,-0.0854,0.1613,0.0000,1,1,-0.0758,-0.1404,0.0631,-0.1731,-0.1598,-0.2814,-0.0758,-0.1404,0.0631,0.0024,-0.1227,0.0000,0,1
0.1026,0.0177,0.3443,-0.0076,-0.0003,0.3223,0.1503,0.0520,0.2197,0.1327,-0.2923,0.3223,0.1503,0.0520,0.3945,0.1596,0.0000,0,1,0.2875,-0.1261,-0.0001,0.1849,-0.1437,-0.3444,0.2875,-0.1261,-0.0001,0.3044,-0.1244,0.0000,1,1,-0.1043,0.1774,-0.0009,-0.2069,0.1596,-0.3452,-0.1043,0.1774,-0.0009,-0.0823,0.1598,0.0000,1,1,-0.0669,-0.1423,0.0517,-0.1695,-0.1601,-0.2926,-0.0669,-0.1423,0.0517,0.0076,-0.1242,0.0000,0,1
0.1078,0.0163,0.3440,-0.0071,0.0004,0.3316,0.1499,0.0395,0.2239,0.1335,-0.3045,0.3316,0.1499,0.0395,0.3995,0.1583,0.0000,0,1,0.2876,-0.1261,-0.0001,0.1797,-0.1425,-0.3441,0.2876,-0.1261,-0.0001,0.3076,-0.1257,0.0000,1,1,-0.1043,0.1774,-0.0009,-0.2120,0.1612,-0.3449,-0.1043,0.1774,-0.0009,-0.0793,0.1582,0.0000,1,1,-0.0578,-0.1444,0.0391,-0.1657,-0.1606,-0.3049,-0.0578,-0.1444,0.0391,0.0128,-0.1258,0.0000,0,1
0.1129,0.0148,0.3439,-0.0066,0.0011,0.3410,0.1494,0.0269,0.2282,0.1343,-0.3170,0.3410,0.1494,0.0269,0.4046,0.1570,0.0000,0,1,0.2876,-0.1261,-0.0001,0.1745,-0.1411,-0.3440,0.2876,-0.1261,-0.0001,0.3109,-0.1270,0.0000,1,1,-0.1043,0.1774,-0.0009,-0.2170,0.1628,-0.3448,-0.1043,0.1774,-0.0009,-0.0762,0.1566,0.0000,1,1,-0.0486,-0.1466,0.0266,-0.1617,-0.1612,-0.3173,-0.0486,-0.1466,0.0266,0.0181,-0.1274,0.0000,0,1
0.1182,0.0134,0.3438,-0.0059,0.0018,0.3505,0.1487,0.0154,0.2325,0.1349,-0.3284,0.3505,0.1487,0.0154,0.4097,0.1557,0.0000,0,1,0.2876,-0.1261,-0.0001,0.1691,-0.1398,-0.3439,0.2876,-0.1261,-0.0001,0.3142,-0.1283,0.0000,1,1,-0.1043,0.1773,-0.0010,-0.2222,0.1643,-0.3448,-0.1043,0.1773,-0.0010,-0.0731,0.1550,0.0000,1,1,-0.0393,-0.1486,0.0151,-0.1578,-0.1617,-0.3287,-0.0393,-0.1486,0.0151,0.0234,-0.1290,0.0000,0,1
0.1235,0.0119,0.3438,-0.0041,0.0025,0.3597,0.1477,0.0061,0.2365,0.1352,-0.3377,0.3597,0.1477,0.0061,0.4149,0.1544,0.0000,0,1,0.2876,-0.1261,-0.0001,0.1638,-0.1384,-0.3439,0.2876,-0.1261,-0.0001,0.3177,-0.1296,0.0000,1,1,-0.1043,0.1773,-0.0010,-0.2274,0.1660,-0.3448,-0.1043,0.1773,-0.0010,-0.0699,0.1534,0.0000,1,1,-0.0302,-0.1504,0.0058,-0.1541,-0.1619,-0.3380,-0.0302,-0.1504,0.0058,0.0289,-0.1306,0.0000,0,1
0.1289,0.0104,0.3438,-0.0001,0.0032,0.3684,0.1467,-0.0005,0.2399,0.1355,-0.3443,0.3684,0.1467,-0.0005,0.3553,0.1530,0.0000,1,1,0.2875,-0.1261,-0.0001,0.1582,-0.1370,-0.3439,0.2875,-0.1261,-0.0001,0.4212,-0.1310,0.0000,0,1,-0.1044,0.1773,-0.0009,-0.2328,0.1676,-0.3447,-0.1044,0.1773,-0.0009,0.0335,0.1517,0.0000,0,1,-0.0219,-0.1518,-0.0006,-0.1513,-0.1617,-0.3444,-0.0219,-0.1518,-0.0006,-0.0306,-0.1323,0.0000,1,1
0.1345,0.0089,0.3437,0.0030,0.0039,0.3684,0.1468,-0.0005,0.2344,0.1370,-0.3442,0.3684,0.1468,-0.0005,0.3587,0.1517,0.0000,1,1,0.2987,-0.1280,0.0043,0.1637,-0.1375,-0.3394,0.2987,-0.1280,0.0043,0.4268,-0.1323,0.0000,0,1,-0.0936,0.1753,0.0035,-0.2274,0.1673,-0.3402,-0.0936,0.1753,0.0035,0.0389,0.1502,0.0000,0,1,-0.0219,-0.1518,-0.0006,-0.1570,-0.1601,-0.3443,-0.0219,-0.1518,-0.0006,-0.0270,-0.1338,0.0000,1,1
0.1398,0.0077,0.3438,0.0038,0.0044,0.3684,0.1468,-0.0005,0.2292,0.1381,-0.3443,0.3684,0.1468,-0.0005,0.3620,0.1505,0.0000,1,1,0.3107,-0.1300,0.0127,0.1703,-0.1385,-0.3311,0.3107,-0.1300,0.0127,0.4322,-0.1335,0.0000,0,1,-0.0816,0.1725,0.0120,-0.2207,0.1658,-0.3318,-0.0816,0.1725,0.0120,0.0442,0.1488,0.0000,0,1,-0.0219,-0.1518,-0.0006,-0.1624,-0.1588,-0.3444,-0.0219,-0.1518,-0.0006,-0.0236,-0.1351,0.0000,1,1
0.1448,0.0067,0.3440,0.0035,0.0047,0.3684,0.1467,-0.0005,0.2243,0.1389,-0.3445,0.3684,0.1467,-0.0005,0.3650,0.1496,0.0000,1,1,0.3223,-0.1319,0.0240,0.1768,-0.1394,-0.3200,0.3223,-0.1319,0.0240,0.4373,-0.1344,0.0000,0,1,-0.0699,0.1698,0.0233,-0.2139,0.1641,-0.3207,-0.0699,0.1698,0.0233,0.0492,0.1478,0.0000,0,1,-0.0219,-0.1518,-0.0006,-0.1674,-0.1577,-0.3446,-0.0219,-0.1518,-0.0006,-0.0205,-0.1362,0.0000,1,1
0.1497,0.0058,0.3443,0.0027,0.0049,0.3684,0.1467,-0.0005,0.2194,0.1398,-0.3448,0.3684,0.1467,-0.0005,0.3678,0.1488,0.0000,1,1,0.3332,-0.1337,0.0368,0.1828,-0.1404,-0.3075,0.3332,-0.1337,0.0368,0.4422,-0.1352,0.0000,0,1,-0.0588,0.1673,0.0360,-0.2077,0.1625,-0.3083,-0.0588,0.1673,0.0360,0.0540,0.1469,0.0000,0,1,-0.0219,-0.1518,-0.0007,-0.1724,-0.1568,-0.3450,-0.0219,-0.1518,-0.0007,-0.0176,-0.1371,0.0000,1,1
0.1543,0.0052,0.3446,0.0017,0.0049,0.3684,0.1467,-0.0005,0.2148,0.1404,-0.3451,0.3684,0.1467,-0.0005,0.3704,0.1481,0.0000,1,1,0.3434,-0.1353,0.0499,0.1884,-0.1414,-0.2947,0.3434,-0.1353,0.0499,0.4468,-0.1359,0.0000,0,1,-0.0483,0.1649,0.0491,-0.2018,0.1607,-0.2955,-0.0483,0.1649,0.0491,0.0586,0.1462,0.0000,0,1,-0.0219,-0.1518,-0.0007,-0.1770,-0.1561,-0.3453,-0.0219,-0.1518,-0.0007,-0.0150,-0.1378,0.0000,1,1
0.1587,0.0046,0.3448,0.0006,0.0048,0.3685,0.1467,-0.0004,0.2105,0.1411,-0.3452,0.3685,0.1467,-0.0004,0.3729,0.1475,0.0000,1,1,0.3527,-0.1366,0.0620,0.1933,-0.1421,-0.2828,0.3527,-0.1366,0.0620,0.4512,-0.1365,0.0000,0,1,-0.0386,0.1627,0.0611,-0.1965,0.1590,-0.2837,-0.0386,0.1627,0.0611,0.0631,0.1457,0.0000,0,1,-0.0218,-0.1518,-0.0007,-0.1812,-0.1555,-0.3455,-0.0218,-0.1518,-0.0007,-0.0126,-0.1383,0.0000,1,1
0.1631,0.0041,0.3450,-0.0005,0.0045,0.3685,0.1467,-0.0004,0.2060,0.1417,-0.3454,0.3685,0.1467,-0.0004,0.3752,0.1470,0.0000,1,1,0.3613,-0.1377,0.0717,0.1976,-0.1427,-0.2733,0.3613,-0.1377,0.0717,0.4555,-0.1370,0.0000,0,1,-0.0297,0.1607,0.0708,-0.1921,0.1575,-0.2742,-0.0297,0.1607,0.0708,0.0674,0.1453,0.0000,0,1,-0.0218,-0.1519,-0.0007,-0.1856,-0.1552,-0.3457,-0.0218,-0.1519,-0.0007,-0.0103,-0.1387,0.0000,1,1
0.1673,0.0038,0.3450,-0.0015,0.0042,0.3685,0.1467,-0.0004,0.2018,0.1421,-0.3454,0.3685,0.1467,-0.0004,0.3775,0.1466,0.0000,1,1,0.3693,-0.1387,0.0779,0.2014,-0.1433,-0.2671,0.3693,-0.1387,0.0779,0.4597,-0.1374,0.0000,0,1,-0.0214,0.1590,0.0770,-0.1880,0.1560,-0.2680,-0.0214,0.1590,0.0770,0.0717,0.1450,0.0000,0,1,-0.0218,-0.1519,-0.0007,-0.1898,-0.1549,-0.3457,-0.0218,-0.1519,-0.0007,-0.0081,-0.1390,0.0000,1,1
0.1714,0.0035,0.3450,-0.0023,0.0037,0.3685,0.1467,-0.0004,0.1976,0.1425,-0.3454,0.3685,0.1467,-0.0004,0.3797,0.1462,0.0000,1,1,0.3769,-0.1397,0.0793,0.2050,-0.1440,-0.2657,0.3769,-0.1397,0.0793,0.4637,-0.1378,0.0000,0,1,-0.0136,0.1577,0.0783,-0.1844,0.1549,-0.2667,-0.0136,0.1577,0.0783,0.0759,0.1448,0.0000,0,1,-0.0218,-0.1519,-0.0007,-0.1938,-0.1547,-0.3457,-0.0218,-0.1519,-0.0007,-0.0061,-0.1392,0.0000,1,1
0.1754,0.0032,0.3449,-0.0029,0.0031,0.3685,0.1467,-0.0004,0.1935,0.1429,-0.3453,0.3685,0.1467,-0.0004,0.3818,0.1458,0.0000,1,1,0.3841,-0.1408,0.0757,0.2083,-0.1446,-0.2692,0.3841,-0.1408,0.0757,0.4677,-0.1382,0.0000,0,1,-0.0062,0.1568,0.0747,-0.1811,0.1542,-0.2702,-0.0062,0.1568,0.0747,0.0800,0.1446,0.0000,0,1,-0.0218,-0.1519,-0.0007,-0.1977,-0.1545,-0.3456,-0.0218,-0.1519,-0.0007,-0.0041,-0.1394,0.0000,1,1
0.1795,0.0030,0.3447,-0.0033,0.0025,0.3686,0.1467,-0.0004,0.1895,0.1432,-0.3451,0.3686,0.1467,-0.0004,0.3839,0.1455,0.0000,1,1,0.3914,-0.1420,0.0681,0.2115,-0.1455,-0.2766,0.3914,-0.1420,0.0681,0.4716,-0.1385,0.0000,0,1,0.0012,0.1562,0.0672,-0.1779,0.1536,-0.2775,0.0012,0.1562,0.0672,0.0841,0.1445,0.0000,0,1,-0.0217,-0.1519,-0.0007,-0.2016,-0.1544,-0.3454,-0.0217,-0.1519,-0.0007,-0.0022,-0.1395,0.0000,1,1
0.1835,0.0028,0.3445,-0.0035,0.0018,0.3686,0.1467,-0.0004,0.1854,0.1436,-0.3449,0.3686,0.1467,-0.0004,0.3860,0.1452,0.0000,1,1,0.3987,-0.1434,0.0578,0.2149,-0.1466,-0.2867,0.3987,-0.1434,0.0578,0.4756,-0.1388,0.0000,0,1,0.0086,0.1557,0.0568,-0.1746,0.1532,-0.2877,0.0086,0.1557,0.0568,0.0882,0.1445,0.0000,0,1,-0.0217,-0.1519,-0.0007,-0.2055,-0.1543,-0.3452,-0.0217,-0.1519,-0.0007,-0.0002,-0.1395,0.0000,1,1
0.1876,0.0027,0.3443,-0.0035,0.0011,0.3686,0.1467,-0.0004,0.1812,0.1438,-0.3447,0.3686,0.1467,-0.0004,0.3882,0.1449,0.0000,1,1,0.4061,-0.1449,0.0457,0.2183,-0.1478,-0.2986,0.4061,-0.1449,0.0457,0.4795,-0.1391,0.0000,0,1,0.0161,0.1554,0.0447,-0.1713,0.1529,-0.2996,0.0161,0.1554,0.0447,0.0924,0.1445,0.0000,0,1,-0.0217,-0.1519,-0.0007,-0.2095,-0.1544,-0.3450,-0.0217,-0.1519,-0.0007,0.0017,-0.1395,0.0000,1,1
0.1917,0.0026,0.3441,-0.0033,0.0004,0.3686,0.1467,-0.0004,0.1770,0.1440,-0.3445,0.3686,0.1467,-0.0004,0.3904,0.1446,0.0000,1,1,0.4136,-0.1464,0.0330,0.2218,-0.1491,-0.3111,0.4136,-0.1464,0.0330,0.4835,-0.1394,0.0000,0,1,0.0237,0.1552,0.0320,-0.1679,0.1527,-0.3121,0.0237,0.1552,0.0320,0.0966,0.1445,0.0000,0,1,-0.0217,-0.1519,-0.0007,-0.2135,-0.1544,-0.3448,-0.0217,-0.1519,-0.0007,0.0037,-0.1395,0.0000,1,1
0.1959,0.0024,0.3439,-0.0027,-0.0004,0.3686,0.1467,-0.0004,0.1726,0.1444,-0.3443,0.3686,0.1467,-0.0004,0.3928,0.1444,0.0000,1,1,0.4213,-0.1478,0.0208,0.2255,-0.1501,-0.3231,0.4213,-0.1478,0.0208,0.4877,-0.1396,0.0000,0,1,0.0314,0.1549,0.0198,-0.1646,0.1524,-0.3241,0.0314,0.1549,0.0198,0.1010,0.1445,0.0000,0,1,-0.0217,-0.1519,-0.0007,-0.2175,-0.1544,-0.3446,-0.0217,-0.1519,-0.0007,0.0059,-0.1395,0.0000,1,1
0.2004,0.0023,0.3439,-0.0014,-0.0012,0.3686,0.1467,-0.0004,0.1680,0.1446,-0.3443,0.3686,0.1467,-0.0004,0.3953,0.1441,0.0000,1,1,0.4288,-0.1489,0.0103,0.2286,-0.1509,-0.3336,0.4288,-0.1489,0.0103,0.4920,-0.1399,0.0000,0,1,0.0390,0.1543,0.0092,-0.1616,0.1518,-0.3347,0.0390,0.1543,0.0092,0.1055,0.1446,0.0000,0,1,-0.0217,-0.1519,-0.0007,-0.2219,-0.1545,-0.3446,-0.0217,-0.1519,-0.0007,0.0082,-0.1394,0.0000,1,1
0.2050,0.0022,0.3440,0.0016,-0.0020,0.3686,0.1467,-0.0004,0.1633,0.1448,-0.3444,0.3686,0.1467,-0.0004,0.3981,0.1439,0.0000,1,1,0.4361,-0.1496,0.0025,0.2314,-0.1513,-0.3415,0.4361,-0.1496,0.0025,0.4965,-0.1401,0.0000,0,1,0.0462,0.1535,0.0015,-0.1591,0.1510,-0.3425,0.0462,0.1535,0.0015,0.1103,0.1446,0.0000,0,1,-0.0217,-0.1519,-0.0007,-0.2264,-0.1546,-0.3447,-0.0217,-0.1519,-0.0007,0.0107,-0.1394,0.0000,1,1
0.2098,0.0022,0.3439,0.0059,-0.0028,0.3732,0.1468,0.0012,0.1630,0.1451,-0.3427,0.3732,0.1468,0.0012,0.5020,0.1437,0.0000,0,1,0.4395,-0.1499,-0.0006,0.2301,-0.1515,-0.3445,0.4395,-0.1499,-0.0006,0.4352,-0.1403,0.0000,1,1,0.0494,0.1531,-0.0015,-0.1608,0.1505,-0.3454,0.0494,0.1531,-0.0015,0.0492,0.1447,0.0000,1,1,-0.0173,-0.1521,0.0010,-0.2267,-0.1549,-0.3429,-0.0173,-0.1521,0.0010,0.1144,-0.1393,0.0000,0,1
0.2146,0.0021,0.3438,0.0073,-0.0034,0.3841,0.1469,0.0078,0.1690,0.1454,-0.3360,0.3841,0.1469,0.0078,0.5069,0.1435,0.0000,0,1,0.4395,-0.1499,-0.0006,0.2254,-0.1512,-0.3444,0.4395,-0.1499,-0.0006,0.4379,-0.1405,0.0000,1,1,0.0494,0.1531,-0.0015,-0.1657,0.1504,-0.3453,0.0494,0.1531,-0.0015,0.0521,0.1448,0.0000,1,1,-0.0067,-0.1520,0.0076,-0.2208,-0.1549,-0.3362,-0.0067,-0.1520,0.0076,0.1191,-0.1392,0.0000,0,1
0.2192,0.0020,0.3440,0.0069,-0.0038,0.3952,0.1470,0.0178,0.1754,0.1457,-0.3262,0.3952,0.1470,0.0178,0.5115,0.1433,0.0000,0,1,0.4395,-0.1499,-0.0006,0.2209,-0.1511,-0.3446,0.4395,-0.1499,-0.0006,0.4405,-0.1407,0.0000,1,1,0.0494,0.1531,-0.0015,-0.1704,0.1505,-0.3455,0.0494,0.1531,-0.0015,0.0547,0.1448,0.0000,1,1,0.0044,-0.1515,0.0176,-0.2142,-0.1543,-0.3264,0.0044,-0.1515,0.0176,0.1237,-0.1392,0.0000,0,1
0.2236,0.0019,0.3442,0.0058,-0.0042,0.4059,0.1471,0.0300,0.1817,0.1460,-0.3142,0.4059,0.1471,0.0300,0.5160,0.1431,0.0000,0,1,0.4395,-0.1499,-0.0006,0.2165,-0.1509,-0.3448,0.4395,-0.1499,-0.0006,0.4428,-0.1409,0.0000,1,1,0.0494,0.1531,-0.0015,-0.1748,0.1505,-0.3457,0.0494,0.1531,-0.0015,0.0572,0.1447,0.0000,1,1,0.0152,-0.1509,0.0298,-0.2078,-0.1537,-0.3144,0.0152,-0.1509,0.0298,0.1280,-0.1393,0.0000,0,1
0.2278,0.0017,0.3445,0.0044,-0.0044,0.4159,0.1471,0.0431,0.1875,0.1462,-0.3014,0.4159,0.1471,0.0431,0.5202,0.1429,0.0000,0,1,0.4395,-0.1499,-0.0006,0.2124,-0.1507,-0.3451,0.4395,-0.1499,-0.0006,0.4450,-0.1411,0.0000,1,1,0.0494,0.1531,-0.0015,-0.1791,0.1506,-0.3460,0.0494,0.1531,-0.0015,0.0594,0.1446,0.0000,1,1,0.0253,-0.1503,0.0429,-0.2018,-0.1529,-0.3016,0.0253,-0.1503,0.0429,0.1322,-0.1394,0.0000,0,1
0.2319,0.0015,0.3447,0.0029,-0.0045,0.4251,0.1470,0.0558,0.1925,0.1464,-0.2889,0.4251,0.1470,0.0558,0.5243,0.1426,0.0000,0,1,0.4396,-0.1499,-0.0006,0.2084,-0.1505,-0.3453,0.4396,-0.1499,-0.0006,0.4470,-0.1414,0.0000,1,1,0.0495,0.1531,-0.0015,-0.1831,0.1508,-0.3462,0.0495,0.1531,-0.0015,0.0615,0.1444,0.0000,1,1,0.0347,-0.1497,0.0556,-0.1965,-0.1521,-0.2891,0.0347,-0.1497,0.0556,0.1362,-0.1396,0.0000,0,1
0.2358,0.0012,0.3448,0.0015,-0.0045,0.4335,0.1469,0.0669,0.1970,0.1466,-0.2779,0.4335,0.1469,0.0669,0.5282,0.1424,0.0000,0,1,0.4396,-0.1499,-0.0006,0.2045,-0.1502,-0.3454,0.4396,-0.1499,-0.0006,0.4490,-0.1416,0.0000,1,1,0.0495,0.1531,-0.0015,-0.1870,0.1511,-0.3463,0.0495,0.1531,-0.0015,0.0634,0.1441,0.0000,1,1,0.0434,-0.1491,0.0666,-0.1917,-0.1512,-0.2782,0.0434,-0.1491,0.0666,0.1402,-0.1399,0.0000,0,1
0.2396,0.0010,0.3449,0.0002,-0.0043,0.4413,0.1467,0.0750,0.2011,0.1466,-0.2699,0.4413,0.1467,0.0750,0.5321,0.1422,0.0000,0,1,0.4396,-0.1499,-0.0006,0.2006,-0.1500,-0.3455,0.4396,-0.1499,-0.0006,0.4508,-0.1418,0.0000,1,1,0.0495,0.1531,-0.0016,-0.1908,0.1513,-0.3465,0.0495,0.1531,-0.0016,0.0653,0.1438,0.0000,1,1,0.0513,-0.1486,0.0747,-0.1877,-0.1504,-0.2702,0.0513,-0.1486,0.0747,0.1440,-0.1402,0.0000,0,1
0.2434,0.0007,0.3449,-0.0010,-0.0041,0.4485,0.1466,0.0789,0.2045,0.1467,-0.2660,0.4485,0.1466,0.0789,0.5358,0.1419,0.0000,0,1,0.4396,-0.1499,-0.0006,0.1968,-0.1498,-0.3455,0.4396,-0.1499,-0.0006,0.4526,-0.1421,0.0000,1,1,0.0495,0.1530,-0.0016,-0.1945,0.1515,-0.3465,0.0495,0.1530,-0.0016,0.0670,0.1435,0.0000,1,1,0.0587,-0.1483,0.0786,-0.1841,-0.1498,-0.2663,0.0587,-0.1483,0.0786,0.1478,-0.1405,0.0000,0,1
0.2471,0.0005,0.3448,-0.0018,-0.0037,0.4554,0.1467,0.0777,0.2078,0.1470,-0.2671,0.4554,0.1467,0.0777,0.5395,0.1418,0.0000,0,1,0.4396,-0.1499,-0.0006,0.1931,-0.1497,-0.3454,0.4396,-0.1499,-0.0006,0.4544,-0.1422,0.0000,1,1,0.0495,0.1530,-0.0016,-0.1982,0.1518,-0.3464,0.0495,0.1530,-0.0016,0.0687,0.1432,0.0000,1,1,0.0658,-0.1483,0.0774,-0.1807,-0.1495,-0.2674,0.0658,-0.1483,0.0774,0.1516,-0.1408,0.0000,0,1
0.2508,0.0002,0.3447,-0.0023,-0.0032,0.4622,0.1470,0.0720,0.2109,0.1475,-0.2727,0.4622,0.1470,0.0720,0.5431,0.1416,0.0000,0,1,0.4396,-0.1499,-0.0006,0.1893,-0.1495,-0.3453,0.4396,-0.1499,-0.0006,0.4562,-0.1424,0.0000,1,1,0.0495,0.1530,-0.0016,-0.2018,0.1522,-0.3463,0.0495,0.1530,-0.0016,0.0703,0.1428,0.0000,1,1,0.0726,-0.1485,0.0717,-0.1777,-0.1493,-0.2730,0.0726,-0.1485,0.0717,0.1554,-0.1412,0.0000,0,1
0.2545,-0.0000,0.3445,-0.0027,-0.0027,0.4690,0.1474,0.0629,0.2141,0.1480,-0.2816,0.4690,0.1474,0.0629,0.5467,0.1414,0.0000,0,1,0.4397,-0.1499,-0.0005,0.1856,-0.1494,-0.3450,0.4397,-0.1499,-0.0005,0.4579,-0.1426,0.0000,1,1,0.0496,0.1530,-0.0016,-0.2053,0.1524,-0.3461,0.0496,0.1530,-0.0016,0.0719,0.1425,0.0000,1,1,0.0795,-0.1490,0.0625,-0.1746,-0.1495,-0.2820,0.0795,-0.1490,0.0625,0.1591,-0.1415,0.0000,0,1
0.2583,-0.0003,0.3442,-0.0028,-0.0022,0.4758,0.1480,0.0515,0.2172,0.1488,-0.2927,0.4758,0.1480,0.0515,0.5504,0.1413,0.0000,0,1,0.4397,-0.1499,-0.0005,0.1817,-0.1492,-0.3447,0.4397,-0.1499,-0.0005,0.4597,-0.1427,0.0000,1,1,0.0496,0.1530,-0.0016,-0.2090,0.1528,-0.3458,0.0496,0.1530,-0.0016,0.0736,0.1422,0.0000,1,1,0.0864,-0.1496,0.0512,-0.1716,-0.1497,-0.2930,0.0864,-0.1496,0.0512,0.1629,-0.1418,0.0000,0,1
0.2621,-0.0004,0.3440,-0.0026,-0.0016,0.4828,0.1488,0.0390,0.2205,0.1496,-0.3050,0.4828,0.1488,0.0390,0.5541,0.1412,0.0000,0,1,0.4397,-0.1499,-0.0005,0.1778,-0.1492,-0.3445,0.4397,-0.1499,-0.0005,0.4616,-0.1428,0.0000,1,1,0.0496,0.1530,-0.0016,-0.2127,0.1531,-0.3456,0.0496,0.1530,-0.0016,0.0753,0.1419,0.0000,1,1,0.0935,-0.1503,0.0386,-0.1684,-0.1502,-0.3054,0.0935,-0.1503,0.0386,0.1668,-0.1421,0.0000,0,1
0.2660,-0.0006,0.3439,-0.0023,-0.0010,0.4899,0.1496,0.0264,0.2237,0.1504,-0.3175,0.4899,0.1496,0.0264,0.5579,0.1412,0.0000,0,1,0.4397,-0.1499,-0.0005,0.1738,-0.1491,-0.3444,0.4397,-0.1499,-0.0005,0.4636,-0.1428,0.0000,1,1,0.0496,0.1530,-0.0016,-0.2166,0.1534,-0.3455,0.0496,0.1530,-0.0016,0.0771,0.1416,0.0000,1,1,0.1007,-0.1510,0.0260,-0.1651,-0.1506,-0.3179,0.1007,-0.1510,0.0260,0.1708,-0.1424,0.0000,0,1
0.2701,-0.0008,0.3438,-0.0014,-0.0003,0.4970,0.1501,0.0149,0.2269,0.1510,-0.3289,0.4970,0.1501,0.0149,0.5619,0.1412,0.0000,0,1,0.4397,-0.1499,-0.0005,0.1696,-0.1490,-0.3443,0.4397,-0.1499,-0.0005,0.4658,-0.1428,0.0000,1,1,0.0496,0.1530,-0.0016,-0.2205,0.1537,-0.3454,0.0496,0.1530,-0.0016,0.0791,0.1413,0.0000,1,1,0.1079,-0.1515,0.0145,-0.1622,-0.1507,-0.3293,0.1079,-0.1515,0.0145,0.1750,-0.1427,0.0000,0,1
0.2744,-0.0009,0.3438,0.0005,0.0004,0.5041,0.1504,0.0056,0.2298,0.1512,-0.3382,0.5041,0.1504,0.0056,0.5661,0.1412,0.0000,0,1,0.4397,-0.1499,-0.0005,0.1652,-0.1491,-0.3443,0.4397,-0.1499,-0.0005,0.4682,-0.1428,0.0000,1,1,0.0496,0.1530,-0.0016,-0.2247,0.1540,-0.3454,0.0496,0.1530,-0.0016,0.0813,0.1410,0.0000,1,1,0.1150,-0.1516,0.0052,-0.1595,-0.1506,-0.3386,0.1150,-0.1516,0.0052,0.1794,-0.1430,0.0000,0,1
0.2789,-0.0010,0.3439,0.0045,0.0012,0.5106,0.1505,-0.0009,0.2319,0.1512,-0.3448,0.5106,0.1505,-0.0009,0.5705,0.1412,0.0000,0,1,0.4396,-0.1499,-0.0006,0.1605,-0.1491,-0.3445,0.4396,-0.1499,-0.0006,0.4708,-0.1428,0.0000,1,1,0.0495,0.1530,-0.0015,-0.2292,0.1543,-0.3454,0.0495,0.1530,-0.0015,0.0837,0.1408,0.0000,1,1,0.1214,-0.1513,-0.0012,-0.1577,-0.1501,-0.3451,0.1214,-0.1513,-0.0012,0.1840,-0.1432,0.0000,0,1
0.2835,-0.0011,0.3438,0.0071,0.0019,0.5106,0.1505,-0.0010,0.2274,0.1512,-0.3448,0.5106,0.1505,-0.0010,0.5081,0.1412,0.0000,1,1,0.4496,-0.1499,0.0038,0.1658,-0.1491,-0.3400,0.4496,-0.1499,0.0038,0.5756,-0.1428,0.0000,0,1,0.0591,0.1531,0.0029,-0.2241,0.1546,-0.3409,0.0591,0.1531,0.0029,0.1883,0.1405,0.0000,0,1,0.1214,-0.1513,-0.0012,-0.1624,-0.1499,-0.3450,0.1214,-0.1513,-0.0012,0.1218,-0.1435,0.0000,1,1
0.2881,-0.0012,0.3438,0.0072,0.0025,0.5106,0.1505,-0.0010,0.2229,0.1511,-0.3448,0.5106,0.1505,-0.0010,0.5105,0.1413,0.0000,1,1,0.4606,-0.1498,0.0123,0.1721,-0.1490,-0.3315,0.4606,-0.1498,0.0123,0.5802,-0.1427,0.0000,0,1,0.0700,0.1526,0.0114,-0.2177,0.1543,-0.3324,0.0700,0.1526,0.0114,0.1927,0.1403,0.0000,0,1,0.1214,-0.1513,-0.0012,-0.1671,-0.1497,-0.3450,0.1214,-0.1513,-0.0012,0.1244,-0.1437,0.0000,1,1
0.2924,-0.0012,0.3440,0.0064,0.0030,0.5106,0.1505,-0.0010,0.2187,0.1510,-0.3450,0.5106,0.1505,-0.0010,0.5128,0.1414,0.0000,1,1,0.4714,-0.1496,0.0236,0.1786,-0.1489,-0.3204,0.4714,-0.1496,0.0236,0.5846,-0.1426,0.0000,0,1,0.0809,0.1518,0.0226,-0.2110,0.1536,-0.3214,0.0809,0.1518,0.0226,0.1970,0.1402,0.0000,0,1,0.1214,-0.1513,-0.0012,-0.1714,-0.1496,-0.3452,0.1214,-0.1513,-0.0012,0.1268,-0.1438,0.0000,1,1
0.2966,-0.0011,0.3443,0.0050,0.0034,0.5106,0.1505,-0.0009,0.2145,0.1509,-0.3452,0.5106,0.1505,-0.0009,0.5149,0.1415,0.0000,1,1,0.4817,-0.1494,0.0364,0.1846,-0.1489,-0.3079,0.4817,-0.1494,0.0364,0.5889,-0.1425,0.0000,0,1,0.0913,0.1511,0.0354,-0.2048,0.1529,-0.3089,0.0913,0.1511,0.0354,0.2011,0.1402,0.0000,0,1,0.1214,-0.1513,-0.0012,-0.1757,-0.1496,-0.3455,0.1214,-0.1513,-0.0012,0.1291,-0.1438,0.0000,1,1
0.3006,-0.0010,0.3445,0.0035,0.0037,0.5106,0.1505,-0.0009,0.2106,0.1507,-0.3454,0.5106,0.1505,-0.0009,0.5169,0.1417,0.0000,1,1,0.4912,-0.1492,0.0495,0.1901,-0.1489,-0.2950,0.4912,-0.1492,0.0495,0.5929,-0.1423,0.0000,0,1,0.1010,0.1504,0.0485,-0.1990,0.1521,-0.2960,0.1010,0.1504,0.0485,0.2051,0.1403,0.0000,0,1,0.1214,-0.1513,-0.0012,-0.1798,-0.1496,-0.3457,0.1214,-0.1513,-0.0012,0.1311,-0.1437,0.0000,1,1
0.3045,-0.0008,0.3447,0.0020,0.0038,0.5106,0.1505,-0.0009,0.2067,0.1505,-0.3456,0.5106,0.1505,-0.0009,0.5188,0.1419,0.0000,1,1,0.5000,-0.1489,0.0615,0.1949,-0.1488,-0.2832,0.5000,-0.1489,0.0615,0.5969,-0.1421,0.0000,0,1,0.1099,0.1496,0.0605,-0.1940,0.1511,-0.2842,0.1099,0.1496,0.0605,0.2090,0.1404,0.0000,0,1,0.1215,-0.1513,-0.0013,-0.1836,-0.1498,-0.3460,0.1215,-0.1513,-0.0013,0.1331,-0.1436,0.0000,1,1
0.3083,-0.0006,0.3448,0.0006,0.0038,0.5107,0.1506,-0.0009,0.2030,0.1504,-0.3457,0.5107,0.1506,-0.0009,0.5206,0.1421,0.0000,1,1,0.5080,-0.1485,0.0712,0.1991,-0.1487,-0.2736,0.5080,-0.1485,0.0712,0.6007,-0.1419,0.0000,0,1,0.1181,0.1490,0.0702,-0.1896,0.1503,-0.2746,0.1181,0.1490,0.0702,0.2128,0.1406,0.0000,0,1,0.1215,-0.1513,-0.0013,-0.1874,-0.1500,-0.3461,0.1215,-0.1513,-0.0013,0.1349,-0.1434,0.0000,1,1
0.3121,-0.0004,0.3448,-0.0007,0.0037,0.5107,0.1506,-0.0009,0.1992,0.1503,-0.3457,0.5107,0.1506,-0.0009,0.5224,0.1423,0.0000,1,1,0.5154,-0.1483,0.0774,0.2028,-0.1487,-0.2674,0.5154,-0.1483,0.0774,0.6044,-0.1417,0.0000,0,1,0.1256,0.1485,0.0764,-0.1859,0.1496,-0.2684,0.1256,0.1485,0.0764,0.2166,0.1408,0.0000,0,1,0.1215,-0.1513,-0.0013,-0.1912,-0.1502,-0.3461,0.1215,-0.1513,-0.0013,0.1366,-0.1431,0.0000,1,1
0.3158,-0.0002,0.3448,-0.0016,0.0035,0.5107,0.1506,-0.0009,0.1954,0.1501,-0.3457,0.5107,0.1506,-0.0009,0.5241,0.1425,0.0000,1,1,0.5224,-0.1481,0.0788,0.2061,-0.1486,-0.2660,0.5224,-0.1481,0.0788,0.6081,-0.1415,0.0000,0,1,0.1328,0.1482,0.0777,-0.1825,0.1490,-0.2671,0.1328,0.1482,0.0777,0.2203,0.1411,0.0000,0,1,0.1215,-0.1513,-0.0013,-0.1948,-0.1504,-0.3461,0.1215,-0.1513,-0.0013,0.1383,-0.1429,0.0000,1,1
0.3194,0.0000,0.3447,-0.0023,0.0032,0.5107,0.1506,-0.0009,0.1918,0.1500,-0.3456,0.5107,0.1506,-0.0009,0.5258,0.1426,0.0000,1,1,0.5292,-0.1482,0.0752,0.2093,-0.1489,-0.2695,0.5292,-0.1482,0.0752,0.6117,-0.1414,0.0000,0,1,0.1396,0.1483,0.0741,-0.1793,0.1489,-0.2706,0.1396,0.1483,0.0741,0.2240,0.1414,0.0000,0,1,0.1215,-0.1513,-0.0013,-0.1984,-0.1507,-0.3460,0.1215,-0.1513,-0.0013,0.1399,-0.1426,0.0000,1,1
0.3231,0.0002,0.3445,-0.0027,0.0028,0.5107,0.1506,-0.0009,0.1880,0.1499,-0.3454,0.5107,0.1506,-0.0009,0.5275,0.1428,0.0000,1,1,0.5358,-0.1484,0.0677,0.2123,-0.1492,-0.2768,0.5358,-0.1484,0.0677,0.6153,-0.1412,0.0000,0,1,0.1464,0.1486,0.0666,-0.1763,0.1489,-0.2779,0.1464,0.1486,0.0666,0.2277,0.1417,0.0000,0,1,0.1215,-0.1513,-0.0013,-0.2020,-0.1509,-0.3458,0.1215,-0.1513,-0.0013,0.1415,-0.1423,0.0000,1,1
0.3267,0.0004,0.3443,-0.0028,0.0023,0.5107,0.1506,-0.0009,0.1843,0.1498,-0.3452,0.5107,0.1506,-0.0009,0.5292,0.1429,0.0000,1,1,0.5426,-0.1489,0.0573,0.2156,-0.1498,-0.2870,0.5426,-0.1489,0.0573,0.6189,-0.1411,0.0000,0,1,0.1532,0.1491,0.0562,-0.1732,0.1491,-0.2881,0.1532,0.1491,0.0562,0.2314,0.1420,0.0000,0,1,0.1216,-0.1513,-0.0013,-0.2054,-0.1512,-0.3456,0.1216,-0.1513,-0.0013,0.1431,-0.1420,0.0000,1,1
0.3305,0.0006,0.3440,-0.0028,0.0018,0.5108,0.1506,-0.0008,0.1806,0.1497,-0.3448,0.5108,0.1506,-0.0008,0.5310,0.1430,0.0000,1,1,0.5494,-0.1495,0.0452,0.2186,-0.1505,-0.2988,0.5494,-0.1495,0.0452,0.6225,-0.1410,0.0000,0,1,0.1602,0.1498,0.0441,-0.1700,0.1495,-0.2999,0.1602,0.1498,0.0441,0.2352,0.1423,0.0000,0,1,0.1216,-0.1513,-0.0013,-0.2092,-0.1515,-0.3453,0.1216,-0.1513,-0.0013,0.1447,-0.1417,0.0000,1,1
0.3343,0.0008,0.3438,-0.0025,0.0013,0.5108,0.1506,-0.0008,0.1767,0.1496,-0.3446,0.5108,0.1506,-0.0008,0.5329,0.1430,0.0000,1,1,0.5563,-0.1502,0.0325,0.2218,-0.1513,-0.3113,0.5563,-0.1502,0.0325,0.6263,-0.1410,0.0000,0,1,0.1672,0.1506,0.0314,-0.1669,0.1500,-0.3124,0.1672,0.1506,0.0314,0.2391,0.1425,0.0000,0,1,0.1216,-0.1513,-0.0013,-0.2129,-0.1518,-0.3451,0.1216,-0.1513,-0.0013,0.1465,-0.1415,0.0000,1,1
0.3383,0.0009,0.3437,-0.0019,0.0007,0.5108,0.1506,-0.0008,0.1726,0.1496,-0.3445,0.5108,0.1506,-0.0008,0.5350,0.1430,0.0000,1,1,0.5634,-0.1507,0.0203,0.2250,-0.1518,-0.3234,0.5634,-0.1507,0.0203,0.6302,-0.1410,0.0000,0,1,0.1744,0.1513,0.0192,-0.1638,0.1505,-0.3245,0.1744,0.1513,0.0192,0.2432,0.1428,0.0000,0,1,0.1216,-0.1513,-0.0013,-0.2168,-0.1520,-0.3450,0.1216,-0.1513,-0.0013,0.1484,-0.1412,0.0000,1,1
0.3424,0.0010,0.3437,-0.0006,-0.0000,0.5108,0.1506,-0.0008,0.1684,0.1496,-0.3445,0.5108,0.1506,-0.0008,0.5372,0.1430,0.0000,1,1,0.5704,-0.1510,0.0098,0.2280,-0.1520,-0.3339,0.5704,-0.1510,0.0098,0.6342,-0.1410,0.0000,0,1,0.1814,0.1515,0.0086,-0.1610,0.1505,-0.3351,0.1814,0.1515,0.0086,0.2474,0.1430,0.0000,0,1,0.1216,-0.1513,-0.0013,-0.2208,-0.1523,-0.3450,0.1216,-0.1513,-0.0013,0.1504,-0.1410,0.0000,1,1
0.3468,0.0011,0.3438,0.0022,-0.0008,0.5108,0.1506,-0.0009,0.1639,0.1496,-0.3447,0.5108,0.1506,-0.0009,0.5397,0.1429,0.0000,1,1,0.5772,-0.1510,0.0020,0.2305,-0.1519,-0.3418,0.5772,-0.1510,0.0020,0.6385,-0.1411,0.0000,0,1,0.1882,0.1514,0.0009,-0.1587,0.1502,-0.3429,0.1882,0.1514,0.0009,0.2519,0.1432,0.0000,0,1,0.1216,-0.1513,-0.0013,-0.2251,-0.1526,-0.3451,0.1216,-0.1513,-0.0013,0.1527,-0.1408,0.0000,1,1
0.3514,0.0012,0.3437,0.0062,-0.0016,0.5153,0.1505,0.0007,0.1637,0.1496,-0.3430,0.5153,0.1505,0.0007,0.6434,0.1429,0.0000,0,1,0.5803,-0.1511,-0.0011,0.2291,-0.1519,-0.3448,0.5803,-0.1511,-0.0011,0.5769,-0.1411,0.0000,1,1,0.1913,0.1512,-0.0021,-0.1603,0.1497,-0.3458,0.1913,0.1512,-0.0021,0.1906,0.1435,0.0000,1,1,0.1259,-0.1516,0.0004,-0.2253,-0.1532,-0.3433,0.1259,-0.1516,0.0004,0.2561,-0.1405,0.0000,0,1
0.3559,0.0012,0.3437,0.0073,-0.0023,0.5260,0.1503,0.0073,0.1698,0.1495,-0.3364,0.5260,0.1503,0.0073,0.6481,0.1428,0.0000,0,1,0.5803,-0.1511,-0.0011,0.2247,-0.1518,-0.3448,0.5803,-0.1511,-0.0011,0.5794,-0.1412,0.0000,1,1,0.1913,0.1512,-0.0021,-0.1649,0.1496,-0.3458,0.1913,0.1512,-0.0021,0.1933,0.1437,0.0000,1,1,0.1363,-0.1515,0.0070,-0.2192,-0.1532,-0.3367,0.1363,-0.1515,0.0070,0.2606,-0.1403,0.0000,0,1
0.3603,0.0012,0.3438,0.0068,-0.0028,0.5369,0.1500,0.0173,0.1762,0.1493,-0.3265,0.5369,0.1500,0.0173,0.6525,0.1427,0.0000,0,1,0.5803,-0.1511,-0.0011,0.2204,-0.1517,-0.3449,0.5803,-0.1511,-0.0011,0.5817,-0.1413,0.0000,1,1,0.1913,0.1512,-0.0021,-0.1694,0.1495,-0.3459,0.1913,0.1512,-0.0021,0.1957,0.1438,0.0000,1,1,0.1473,-0.1510,0.0170,-0.2126,-0.1528,-0.3268,0.1473,-0.1510,0.0170,0.2649,-0.1402,0.0000,0,1
0.3646,0.0012,0.3441,0.0056,-0.0033,0.5474,0.1497,0.0295,0.1823,0.1491,-0.3146,0.5474,0.1497,0.0295,0.6568,0.1425,0.0000,0,1,0.5803,-0.1511,-0.0011,0.2162,-0.1516,-0.3452,0.5803,-0.1511,-0.0011,0.5839,-0.1415,0.0000,1,1,0.1913,0.1512,-0.0021,-0.1738,0.1494,-0.3462,0.1913,0.1512,-0.0021,0.1980,0.1438,0.0000,1,1,0.1578,-0.1504,0.0292,-0.2063,-0.1523,-0.3149,0.1578,-0.1504,0.0292,0.2691,-0.1402,0.0000,0,1
0.3687,0.0010,0.3443,0.0041,-0.0036,0.5572,0.1495,0.0426,0.1880,0.1492,-0.3017,0.5572,0.1495,0.0426,0.6610,0.1423,0.0000,0,1,0.5803,-0.1511,-0.0011,0.2121,-0.1513,-0.3454,0.5803,-0.1511,-0.0011,0.5860,-0.1417,0.0000,1,1,0.1913,0.1512,-0.0021,-0.1779,0.1496,-0.3464,0.1913,0.1512,-0.0021,0.2002,0.1437,0.0000,1,1,0.1678,-0.1498,0.0423,-0.2004,-0.1515,-0.3020,0.1678,-0.1498,0.0423,0.2732,-0.1403,0.0000,0,1
0.3726,0.0009,0.3445,0.0025,-0.0038,0.5662,0.1491,0.0553,0.1930,0.1489,-0.2892,0.5662,0.1491,0.0553,0.6650,0.1421,0.0000,0,1,0.5804,-0.1511,-0.0011,0.2084,-0.1512,-0.3456,0.5804,-0.1511,-0.0011,0.5879,-0.1419,0.0000,1,1,0.1913,0.1512,-0.0021,-0.1819,0.1496,-0.3466,0.1913,0.1512,-0.0021,0.2022,0.1436,0.0000,1,1,0.1771,-0.1492,0.0550,-0.1949,-0.1508,-0.2895,0.1771,-0.1492,0.0550,0.2771,-0.1404,0.0000,0,1
0.3765,0.0007,0.3447,0.0010,-0.0039,0.5745,0.1487,0.0664,0.1974,0.1488,-0.2783,0.5745,0.1487,0.0664,0.6688,0.1419,0.0000,0,1,0.5804,-0.1511,-0.0011,0.2045,-0.1510,-0.3458,0.5804,-0.1511,-0.0011,0.5897,-0.1421,0.0000,1,1,0.1914,0.1511,-0.0022,-0.1857,0.1497,-0.3469,0.1914,0.1511,-0.0022,0.2040,0.1434,0.0000,1,1,0.1855,-0.1486,0.0660,-0.1904,-0.1500,-0.2787,0.1855,-0.1486,0.0660,0.2809,-0.1406,0.0000,0,1
0.3803,0.0005,0.3447,-0.0003,-0.0038,0.5821,0.1484,0.0745,0.2012,0.1487,-0.2702,0.5821,0.1484,0.0745,0.6726,0.1417,0.0000,0,1,0.5804,-0.1511,-0.0010,0.2007,-0.1508,-0.3457,0.5804,-0.1511,-0.0010,0.5915,-0.1423,0.0000,1,1,0.1914,0.1511,-0.0022,-0.1895,0.1499,-0.3469,0.1914,0.1511,-0.0022,0.2058,0.1432,0.0000,1,1,0.1934,-0.1482,0.0741,-0.1863,-0.1494,-0.2706,0.1934,-0.1482,0.0741,0.2847,-0.1408,0.0000,0,1
0.3840,0.0002,0.3447,-0.0014,-0.0036,0.5893,0.1481,0.0784,0.2048,0.1486,-0.2663,0.5893,0.1481,0.0784,0.6763,0.1415,0.0000,0,1,0.5804,-0.1511,-0.0010,0.1969,-0.1506,-0.3457,0.5804,-0.1511,-0.0010,0.5933,-0.1425,0.0000,1,1,0.1914,0.1511,-0.0022,-0.1931,0.1502,-0.3469,0.1914,0.1511,-0.0022,0.2075,0.1429,0.0000,1,1,0.2007,-0.1479,0.0780,-0.1828,-0.1488,-0.2667,0.2007,-0.1479,0.0780,0.2885,-0.1411,0.0000,0,1
0.3876,0.0000,0.3447,-0.0022,-0.0033,0.5960,0.1480,0.0772,0.2079,0.1487,-0.2675,0.5960,0.1480,0.0772,0.6799,0.1414,0.0000,0,1,0.5804,-0.1511,-0.0010,0.1933,-0.1505,-0.3457,0.5804,-0.1511,-0.0010,0.5950,-0.1426,0.0000,1,1,0.1914,0.1511,-0.0022,-0.1967,0.1505,-0.3469,0.1914,0.1511,-0.0022,0.2091,0.1427,0.0000,1,1,0.2076,-0.1479,0.0768,-0.1795,-0.1485,-0.2679,0.2076,-0.1479,0.0768,0.2922,-0.1413,0.0000,0,1
0.3913,-0.0002,0.3445,-0.0027,-0.0029,0.6027,0.1482,0.0715,0.2110,0.1490,-0.2730,0.6027,0.1482,0.0715,0.6835,0.1412,0.0000,0,1,0.5804,-0.1511,-0.0010,0.1895,-0.1504,-0.3455,0.5804,-0.1511,-0.0010,0.5967,-0.1428,0.0000,1,1,0.1914,0.1511,-0.0022,-0.2003,0.1507,-0.3467,0.1914,0.1511,-0.0022,0.2107,0.1424,0.0000,1,1,0.2144,-0.1482,0.0711,-0.1765,-0.1485,-0.2734,0.2144,-0.1482,0.0711,0.2959,-0.1416,0.0000,0,1
0.3950,-0.0004,0.3443,-0.0030,-0.0025,0.6093,0.1485,0.0624,0.2139,0.1494,-0.2819,0.6093,0.1485,0.0624,0.6871,0.1411,0.0000,0,1,0.5805,-0.1511,-0.0010,0.1859,-0.1502,-0.3453,0.5805,-0.1511,-0.0010,0.5984,-0.1429,0.0000,1,1,0.1914,0.1511,-0.0022,-0.2040,0.1510,-0.3465,0.1914,0.1511,-0.0022,0.2123,0.1420,0.0000,1,1,0.2212,-0.1487,0.0620,-0.1734,-0.1487,-0.2823,0.2212,-0.1487,0.0620,0.2996,-0.1420,0.0000,0,1
0.3987,-0.0006,0.3441,-0.0031,-0.0020,0.6160,0.1490,0.0510,0.2170,0.1500,-0.2931,0.6160,0.1490,0.0510,0.6907,0.1410,0.0000,0,1,0.5805,-0.1511,-0.0010,0.1821,-0.1501,-0.3451,0.5805,-0.1511,-0.0010,0.6002,-0.1430,0.0000,1,1,0.1915,0.1511,-0.0022,-0.2075,0.1513,-0.3463,0.1915,0.1511,-0.0022,0.2139,0.1418,0.0000,1,1,0.2281,-0.1493,0.0506,-0.1703,-0.1490,-0.2935,0.2281,-0.1493,0.0506,0.3034,-0.1422,0.0000,0,1
0.4025,-0.0008,0.3439,-0.0030,-0.0014,0.6228,0.1497,0.0385,0.2201,0.1508,-0.3054,0.6228,0.1497,0.0385,0.6945,0.1409,0.0000,0,1,0.5805,-0.1511,-0.0010,0.1782,-0.1501,-0.3449,0.5805,-0.1511,-0.0010,0.6021,-0.1431,0.0000,1,1,0.1915,0.1511,-0.0022,-0.2112,0.1516,-0.3461,0.1915,0.1511,-0.0022,0.2157,0.1415,0.0000,1,1,0.2352,-0.1501,0.0380,-0.1671,-0.1495,-0.3059,0.2352,-0.1501,0.0380,0.3073,-0.1425,0.0000,0,1
0.4064,-0.0009,0.3437,-0.0026,-0.0008,0.6298,0.1504,0.0259,0.2233,0.1515,-0.3178,0.6298,0.1504,0.0259,0.6983,0.1409,0.0000,0,1,0.5805,-0.1511,-0.0010,0.1742,-0.1501,-0.3447,0.5805,-0.1511,-0.0010,0.6041,-0.1431,0.0000,1,1,0.1915,0.1511,-0.0022,-0.2150,0.1518,-0.3459,0.1915,0.1511,-0.0022,0.2175,0.1412,0.0000,1,1,0.2424,-0.1509,0.0254,-0.1639,-0.1501,-0.3183,0.2424,-0.1509,0.0254,0.3113,-0.1428,0.0000,0,1
0.4105,-0.0010,0.3437,-0.0019,-0.0001,0.6367,0.1508,0.0144,0.2262,0.1518,-0.3293,0.6367,0.1508,0.0144,0.7023,0.1409,0.0000,0,1,0.5805,-0.1512,-0.0010,0.1700,-0.1502,-0.3447,0.5805,-0.1512,-0.0010,0.6062,-0.1431,0.0000,1,1,0.1915,0.1511,-0.0022,-0.2190,0.1521,-0.3459,0.1915,0.1511,-0.0022,0.2195,0.1410,0.0000,1,1,0.2497,-0.1514,0.0139,-0.1608,-0.1504,-0.3298,0.2497,-0.1514,0.0139,0.3154,-0.1430,0.0000,0,1
0.4147,-0.0011,0.3437,-0.0001,0.0006,0.6435,0.1509,0.0052,0.2289,0.1519,-0.3385,0.6435,0.1509,0.0052,0.7065,0.1410,0.0000,0,1,0.5805,-0.1511,-0.0010,0.1657,-0.1501,-0.3447,0.5805,-0.1511,-0.0010,0.6086,-0.1430,0.0000,1,1,0.1915,0.1511,-0.0022,-0.2231,0.1523,-0.3459,0.1915,0.1511,-0.0022,0.2217,0.1408,0.0000,1,1,0.2568,-0.1516,0.0046,-0.1580,-0.1504,-0.3391,0.2568,-0.1516,0.0046,0.3198,-0.1432,0.0000,0,1
0.4192,-0.0012,0.3438,0.0039,0.0014,0.6499,0.1511,-0.0014,0.2309,0.1520,-0.3452,0.6499,0.1511,-0.0014,0.7108,0.1411,0.0000,0,1,0.5804,-0.1511,-0.0010,0.1610,-0.1501,-0.3448,0.5804,-0.1511,-0.0010,0.6112,-0.1429,0.0000,1,1,0.1914,0.1511,-0.0021,-0.2276,0.1526,-0.3459,0.1914,0.1511,-0.0021,0.2240,0.1405,0.0000,1,1,0.2633,-0.1513,-0.0018,-0.1561,-0.1499,-0.3456,0.2633,-0.1513,-0.0018,0.3244,-0.1435,0.0000,0,1
0.4239,-0.0013,0.3436,0.0065,0.0022,0.6498,0.1511,-0.0014,0.2262,0.1519,-0.3450,0.6498,0.1511,-0.0014,0.6484,0.1412,0.0000,1,1,0.5901,-0.1510,0.0034,0.1659,-0.1501,-0.3402,0.5901,-0.1510,0.0034,0.7160,-0.1428,0.0000,0,1,0.2009,0.1514,0.0023,-0.2227,0.1532,-0.3413,0.2009,0.1514,0.0023,0.3286,0.1403,0.0000,0,1,0.2632,-0.1513,-0.0018,-0.1610,-0.1496,-0.3454,0.2632,-0.1513,-0.0018,0.2622,-0.1437,0.0000,1,1
0.4284,-0.0013,0.3437,0.0066,0.0028,0.6498,0.1511,-0.0014,0.2218,0.1518,-0.3451,0.6498,0.1511,-0.0014,0.6508,0.1413,0.0000,1,1,0.6009,-0.1507,0.0118,0.1721,-0.1499,-0.3319,0.6009,-0.1507,0.0118,0.7206,-0.1427,0.0000,0,1,0.2118,0.1511,0.0107,-0.2162,0.1530,-0.3330,0.2118,0.1511,0.0107,0.3330,0.1402,0.0000,0,1,0.2632,-0.1513,-0.0018,-0.1656,-0.1495,-0.3455,0.2632,-0.1513,-0.0018,0.2648,-0.1438,0.0000,1,1
0.4327,-0.0012,0.3439,0.0057,0.0033,0.6499,0.1511,-0.0014,0.2177,0.1516,-0.3453,0.6499,0.1511,-0.0014,0.6531,0.1414,0.0000,1,1,0.6117,-0.1503,0.0231,0.1785,-0.1497,-0.3208,0.6117,-0.1503,0.0231,0.7250,-0.1426,0.0000,0,1,0.2227,0.1505,0.0220,-0.2095,0.1524,-0.3219,0.2227,0.1505,0.0220,0.3373,0.1401,0.0000,0,1,0.2633,-0.1513,-0.0018,-0.1699,-0.1495,-0.3457,0.2633,-0.1513,-0.0018,0.2672,-0.1439,0.0000,1,1
0.4369,-0.0011,0.3441,0.0043,0.0036,0.6499,0.1511,-0.0014,0.2135,0.1514,-0.3455,0.6499,0.1511,-0.0014,0.6552,0.1416,0.0000,1,1,0.6218,-0.1500,0.0359,0.1844,-0.1496,-0.3082,0.6218,-0.1500,0.0359,0.7292,-0.1424,0.0000,0,1,0.2330,0.1499,0.0348,-0.2034,0.1517,-0.3093,0.2330,0.1499,0.0348,0.3414,0.1402,0.0000,0,1,0.2633,-0.1513,-0.0018,-0.1741,-0.1496,-0.3459,0.2633,-0.1513,-0.0018,0.2694,-0.1438,0.0000,1,1
0.4409,-0.0010,0.3444,0.0027,0.0039,0.6499,0.1511,-0.0014,0.2096,0.1513,-0.3458,0.6499,0.1511,-0.0014,0.6572,0.1418,0.0000,1,1,0.6312,-0.1496,0.0490,0.1897,-0.1493,-0.2954,0.6312,-0.1496,0.0490,0.7333,-0.1422,0.0000,0,1,0.2427,0.1493,0.0479,-0.1976,0.1511,-0.2965,0.2427,0.1493,0.0479,0.3454,0.1403,0.0000,0,1,0.2633,-0.1513,-0.0018,-0.1782,-0.1496,-0.3462,0.2633,-0.1513,-0.0018,0.2715,-0.1437,0.0000,1,1
0.4448,-0.0008,0.3446,0.0009,0.0040,0.6499,0.1511,-0.0014,0.2057,0.1511,-0.3460,0.6499,0.1511,-0.0014,0.6591,0.1420,0.0000,1,1,0.6398,-0.1492,0.0610,0.1944,-0.1492,-0.2836,0.6398,-0.1492,0.0610,0.7372,-0.1420,0.0000,0,1,0.2516,0.1487,0.0599,-0.1926,0.1503,-0.2847,0.2516,0.1487,0.0599,0.3493,0.1404,0.0000,0,1,0.2633,-0.1513,-0.0019,-0.1821,-0.1498,-0.3465,0.2633,-0.1513,-0.0019,0.2734,-0.1436,0.0000,1,1
0.4486,-0.0006,0.3447,-0.0011,0.0039,0.6499,0.1511,-0.0014,0.2019,0.1509,-0.3461,0.6499,0.1511,-0.0014,0.6609,0.1422,0.0000,1,1,0.6478,-0.1487,0.0708,0.1986,-0.1489,-0.2739,0.6478,-0.1487,0.0708,0.7410,-0.1418,0.0000,0,1,0.2599,0.1483,0.0696,-0.1881,0.1496,-0.2751,0.2599,0.1483,0.0696,0.3531,0.1407,0.0000,0,1,0.2633,-0.1513,-0.0019,-0.1859,-0.1500,-0.3466,0.2633,-0.1513,-0.0019,0.2752,-0.1433,0.0000,1,1
0.4524,-0.0004,0.3447,-0.0030,0.0037,0.6499,0.1511,-0.0014,0.1981,0.1508,-0.3461,0.6499,0.1511,-0.0014,0.6627,0.1423,0.0000,1,1,0.6552,-0.1484,0.0769,0.2023,-0.1487,-0.2678,0.6552,-0.1484,0.0769,0.7447,-0.1417,0.0000,0,1,0.2676,0.1479,0.0758,-0.1843,0.1490,-0.2689,0.2676,0.1479,0.0758,0.3569,0.1409,0.0000,0,1,0.2633,-0.1513,-0.0019,-0.1897,-0.1502,-0.3466,0.2633,-0.1513,-0.0019,0.2769,-0.1431,0.0000,1,1
0.4561,-0.0001,0.3447,-0.0046,0.0033,0.6500,0.1511,-0.0014,0.1944,0.1506,-0.3461,0.6500,0.1511,-0.0014,0.6644,0.1425,0.0000,1,1,0.6621,-0.1482,0.0783,0.2055,-0.1488,-0.2664,0.6621,-0.1482,0.0783,0.7483,-0.1415,0.0000,0,1,0.2749,0.1478,0.0771,-0.1807,0.1485,-0.2676,0.2749,0.1478,0.0771,0.3606,0.1412,0.0000,0,1,0.2634,-0.1513,-0.0019,-0.1932,-0.1506,-0.3466,0.2634,-0.1513,-0.0019,0.2785,-0.1428,0.0000,1,1
0.4597,0.0001,0.3446,-0.0058,0.0029,0.6500,0.1511,-0.0014,0.1907,0.1504,-0.3460,0.6500,0.1511,-0.0014,0.6661,0.1426,0.0000,1,1,0.6688,-0.1482,0.0747,0.2087,-0.1489,-0.2699,0.6688,-0.1482,0.0747,0.7519,-0.1414,0.0000,0,1,0.2820,0.1480,0.0735,-0.1773,0.1484,-0.2711,0.2820,0.1480,0.0735,0.3643,0.1415,0.0000,0,1,0.2634,-0.1513,-0.0019,-0.1967,-0.1508,-0.3465,0.2634,-0.1513,-0.0019,0.2801,-0.1425,0.0000,1,1
0.4633,0.0003,0.3444,-0.0067,0.0023,0.6500,0.1511,-0.0014,0.1870,0.1504,-0.3458,0.6500,0.1511,-0.0014,0.6678,0.1428,0.0000,1,1,0.6754,-0.1485,0.0672,0.2118,-0.1493,-0.2772,0.6754,-0.1485,0.0672,0.7555,-0.1412,0.0000,0,1,0.2890,0.1484,0.0660,-0.1740,0.1485,-0.2784,0.2890,0.1484,0.0660,0.3680,0.1419,0.0000,0,1,0.2634,-0.1513,-0.0019,-0.2002,-0.1511,-0.3463,0.2634,-0.1513,-0.0019,0.2817,-0.1421,0.0000,1,1
0.4670,0.0005,0.3442,-0.0073,0.0017,0.6500,0.1511,-0.0013,0.1833,0.1503,-0.3455,0.6500,0.1511,-0.0013,0.6696,0.1429,0.0000,1,1,0.6820,-0.1489,0.0568,0.2147,-0.1498,-0.2874,0.6820,-0.1489,0.0568,0.7591,-0.1411,0.0000,0,1,0.2960,0.1491,0.0556,-0.1707,0.1489,-0.2886,0.2960,0.1491,0.0556,0.3718,0.1422,0.0000,0,1,0.2634,-0.1513,-0.0019,-0.2039,-0.1515,-0.3461,0.2634,-0.1513,-0.0019,0.2833,-0.1418,0.0000,1,1
0.4707,0.0007,0.3440,-0.0076,0.0011,0.6500,0.1511,-0.0013,0.1795,0.1502,-0.3453,0.6500,0.1511,-0.0013,0.6714,0.1429,0.0000,1,1,0.6887,-0.1496,0.0447,0.2178,-0.1505,-0.2993,0.6887,-0.1496,0.0447,0.7627,-0.1411,0.0000,0,1,0.3031,0.1499,0.0435,-0.1674,0.1494,-0.3005,0.3031,0.1499,0.0435,0.3756,0.1425,0.0000,0,1,0.2634,-0.1513,-0.0019,-0.2075,-0.1518,-0.3459,0.2634,-0.1513,-0.0019,0.2849,-0.1415,0.0000,1,1
0.4745,0.0009,0.3438,-0.0076,0.0004,0.6500,0.1511,-0.0013,0.1756,0.1501,-0.3451,0.6500,0.1511,-0.0013,0.6733,0.1430,0.0000,1,1,0.6955,-0.1502,0.0320,0.2209,-0.1512,-0.3118,0.6955,-0.1502,0.0320,0.7664,-0.1410,0.0000,0,1,0.3103,0.1508,0.0308,-0.1641,0.1500,-0.3130,0.3103,0.1508,0.0308,0.3795,0.1428,0.0000,0,1,0.2635,-0.1513,-0.0019,-0.2111,-0.1521,-0.3457,0.2635,-0.1513,-0.0019,0.2866,-0.1412,0.0000,1,1
0.4785,0.0011,0.3437,-0.0071,-0.0003,0.6501,0.1511,-0.0013,0.1716,0.1501,-0.3450,0.6501,0.1511,-0.0013,0.6753,0.1430,0.0000,1,1,0.7024,-0.1507,0.0198,0.2239,-0.1517,-0.3239,0.7024,-0.1507,0.0198,0.7702,-0.1410,0.0000,0,1,0.3176,0.1516,0.0186,-0.1609,0.1505,-0.3251,0.3176,0.1516,0.0186,0.3835,0.1431,0.0000,0,1,0.2635,-0.1513,-0.0019,-0.2150,-0.1525,-0.3456,0.2635,-0.1513,-0.0019,0.2884,-0.1409,0.0000,1,1
0.4826,0.0012,0.3437,-0.0062,-0.0010,0.6501,0.1511,-0.0013,0.1674,0.1501,-0.3450,0.6501,0.1511,-0.0013,0.6776,0.1430,0.0000,1,1,0.7092,-0.1509,0.0093,0.2268,-0.1519,-0.3344,0.7092,-0.1509,0.0093,0.7743,-0.1410,0.0000,0,1,0.3247,0.1521,0.0080,-0.1581,0.1507,-0.3357,0.3247,0.1521,0.0080,0.3878,0.1434,0.0000,0,1,0.2635,-0.1513,-0.0019,-0.2189,-0.1527,-0.3456,0.2635,-0.1513,-0.0019,0.2905,-0.1406,0.0000,1,1
0.4870,0.0013,0.3438,-0.0041,-0.0017,0.6500,0.1511,-0.0014,0.1627,0.1501,-0.3452,0.6500,0.1511,-0.0014,0.6801,0.1430,0.0000,1,1,0.7158,-0.1509,0.0015,0.2291,-0.1518,-0.3423,0.7158,-0.1509,0.0015,0.7786,-0.1410,0.0000,0,1,0.3318,0.1521,0.0003,-0.1555,0.1505,-0.3435,0.3318,0.1521,0.0003,0.3923,0.1437,0.0000,0,1,0.2634,-0.1513,-0.0019,-0.2233,-0.1530,-0.3457,0.2634,-0.1513,-0.0019,0.2928,-0.1403,0.0000,1,1
0.4916,0.0014,0.3438,-0.0009,-0.0025,0.6546,0.1510,0.0002,0.1626,0.1500,-0.3436,0.6546,0.1510,0.0002,0.7838,0.1430,0.0000,0,1,0.7189,-0.1510,-0.0016,0.2277,-0.1518,-0.3454,0.7189,-0.1510,-0.0016,0.7171,-0.1410,0.0000,1,1,0.3350,0.1519,-0.0027,-0.1570,0.1501,-0.3465,0.3350,0.1519,-0.0027,0.3310,0.1439,0.0000,1,1,0.2679,-0.1516,-0.0002,-0.2233,-0.1536,-0.3440,0.2679,-0.1516,-0.0002,0.3963,-0.1401,0.0000,0,1
0.4962,0.0015,0.3437,-0.0007,-0.0031,0.6654,0.1506,0.0068,0.1687,0.1496,-0.3369,0.6654,0.1506,0.0068,0.7884,0.1429,0.0000,0,1,0.7189,-0.1510,-0.0016,0.2232,-0.1518,-0.3453,0.7189,-0.1510,-0.0016,0.7196,-0.1411,0.0000,1,1,0.3350,0.1519,-0.0027,-0.1617,0.1499,-0.3464,0.3350,0.1519,-0.0027,0.3336,0.1441,0.0000,1,1,0.2788,-0.1516,0.0064,-0.2169,-0.1538,-0.3373,0.2788,-0.1516,0.0064,0.4008,-0.1399,0.0000,0,1
0.5006,0.0015,0.3439,-0.0021,-0.0035,0.6765,0.1502,0.0168,0.1754,0.1493,-0.3271,0.6765,0.1502,0.0168,0.7929,0.1429,0.0000,0,1,0.7189,-0.1510,-0.0016,0.2188,-0.1517,-0.3455,0.7189,-0.1510,-0.0016,0.7219,-0.1411,0.0000,1,1,0.3350,0.1519,-0.0027,-0.1661,0.1498,-0.3466,0.3350,0.1519,-0.0027,0.3361,0.1442,0.0000,1,1,0.2902,-0.1512,0.0164,-0.2099,-0.1534,-0.3275,0.2902,-0.1512,0.0164,0.4051,-0.1398,0.0000,0,1
0.5049,0.0015,0.3441,-0.0042,-0.0039,0.6870,0.1499,0.0290,0.1815,0.1491,-0.3151,0.6870,0.1499,0.0290,0.7972,0.1427,0.0000,0,1,0.7189,-0.1510,-0.0016,0.2146,-0.1517,-0.3457,0.7189,-0.1510,-0.0016,0.7241,-0.1413,0.0000,1,1,0.3351,0.1519,-0.0027,-0.1704,0.1497,-0.3468,0.3351,0.1519,-0.0027,0.3384,0.1442,0.0000,1,1,0.3011,-0.1507,0.0286,-0.2032,-0.1530,-0.3155,0.3011,-0.1507,0.0286,0.4093,-0.1398,0.0000,0,1
0.5089,0.0014,0.3444,-0.0064,-0.0041,0.6969,0.1496,0.0421,0.1874,0.1490,-0.3023,0.6969,0.1496,0.0421,0.8013,0.1426,0.0000,0,1,0.7189,-0.1510,-0.0016,0.2106,-0.1515,-0.3460,0.7189,-0.1510,-0.0016,0.7262,-0.1414,0.0000,1,1,0.3351,0.1519,-0.0027,-0.1744,0.1498,-0.3471,0.3351,0.1519,-0.0027,0.3405,0.1442,0.0000,1,1,0.3113,-0.1501,0.0417,-0.1970,-0.1523,-0.3027,0.3113,-0.1501,0.0417,0.4134,-0.1398,0.0000,0,1
0.5129,0.0012,0.3446,-0.0085,-0.0041,0.7060,0.1492,0.0548,0.1925,0.1488,-0.2898,0.7060,0.1492,0.0548,0.8053,0.1424,0.0000,0,1,0.7189,-0.1510,-0.0015,0.2066,-0.1514,-0.3461,0.7189,-0.1510,-0.0015,0.7281,-0.1416,0.0000,1,1,0.3351,0.1519,-0.0028,-0.1784,0.1500,-0.3474,0.3351,0.1519,-0.0028,0.3425,0.1440,0.0000,1,1,0.3206,-0.1495,0.0544,-0.1917,-0.1515,-0.2902,0.3206,-0.1495,0.0544,0.4173,-0.1400,0.0000,0,1
0.5167,0.0010,0.3447,-0.0104,-0.0040,0.7142,0.1488,0.0659,0.1969,0.1486,-0.2788,0.7142,0.1488,0.0659,0.8091,0.1423,0.0000,0,1,0.7189,-0.1510,-0.0015,0.2028,-0.1512,-0.3462,0.7189,-0.1510,-0.0015,0.7299,-0.1417,0.0000,1,1,0.3351,0.1518,-0.0028,-0.1822,0.1501,-0.3475,0.3351,0.1518,-0.0028,0.3443,0.1438,0.0000,1,1,0.3292,-0.1490,0.0654,-0.1869,-0.1507,-0.2793,0.3292,-0.1490,0.0654,0.4211,-0.1402,0.0000,0,1
0.5204,0.0008,0.3448,-0.0122,-0.0038,0.7218,0.1484,0.0740,0.2008,0.1484,-0.2708,0.7218,0.1484,0.0740,0.8128,0.1421,0.0000,0,1,0.7190,-0.1510,-0.0015,0.1992,-0.1510,-0.3463,0.7190,-0.1510,-0.0015,0.7317,-0.1419,0.0000,1,1,0.3351,0.1518,-0.0028,-0.1859,0.1503,-0.3476,0.3351,0.1518,-0.0028,0.3460,0.1435,0.0000,1,1,0.3371,-0.1486,0.0735,-0.1827,-0.1501,-0.2713,0.3371,-0.1486,0.0735,0.4249,-0.1405,0.0000,0,1
0.5241,0.0005,0.3448,-0.0140,-0.0034,0.7287,0.1481,0.0779,0.2041,0.1483,-0.2669,0.7287,0.1481,0.0779,0.8164,0.1419,0.0000,0,1,0.7190,-0.1510,-0.0015,0.1954,-0.1508,-0.3463,0.7190,-0.1510,-0.0015,0.7335,-0.1421,0.0000,1,1,0.3351,0.1518,-0.0028,-0.1895,0.1507,-0.3476,0.3351,0.1518,-0.0028,0.3476,0.1432,0.0000,1,1,0.3444,-0.1484,0.0774,-0.1792,-0.1495,-0.2674,0.3444,-0.1484,0.0774,0.4287,-0.1408,0.0000,0,1
0.5278,0.0003,0.3447,-0.0157,-0.0029,0.7354,0.1480,0.0767,0.2072,0.1483,-0.2680,0.7354,0.1480,0.0767,0.8200,0.1417,0.0000,0,1,0.7190,-0.1510,-0.0015,0.1916,-0.1507,-0.3462,0.7190,-0.1510,-0.0015,0.7352,-0.1423,0.0000,1,1,0.3352,0.1518,-0.0028,-0.1930,0.1509,-0.3475,0.3352,0.1518,-0.0028,0.3492,0.1429,0.0000,1,1,0.3516,-0.1485,0.0762,-0.1758,-0.1493,-0.2685,0.3516,-0.1485,0.0762,0.4324,-0.1411,0.0000,0,1
0.5314,0.0000,0.3446,-0.0173,-0.0023,0.7420,0.1481,0.0710,0.2103,0.1486,-0.2736,0.7420,0.1481,0.0710,0.8236,0.1416,0.0000,0,1,0.7190,-0.1510,-0.0015,0.1879,-0.1506,-0.3461,0.7190,-0.1510,-0.0015,0.7369,-0.1424,0.0000,1,1,0.3352,0.1518,-0.0028,-0.1965,0.1513,-0.3474,0.3352,0.1518,-0.0028,0.3508,0.1425,0.0000,1,1,0.3587,-0.1489,0.0705,-0.1724,-0.1493,-0.2741,0.3587,-0.1489,0.0705,0.4361,-0.1415,0.0000,0,1
0.5351,-0.0002,0.3444,-0.0184,-0.0016,0.7485,0.1484,0.0619,0.2132,0.1489,-0.2825,0.7485,0.1484,0.0619,0.8271,0.1415,0.0000,0,1,0.7190,-0.1510,-0.0015,0.1841,-0.1505,-0.3459,0.7190,-0.1510,-0.0015,0.7387,-0.1425,0.0000,1,1,0.3352,0.1518,-0.0028,-0.2001,0.1517,-0.3472,0.3352,0.1518,-0.0028,0.3523,0.1421,0.0000,1,1,0.3659,-0.1496,0.0614,-0.1690,-0.1497,-0.2830,0.3659,-0.1496,0.0614,0.4399,-0.1419,0.0000,0,1
0.5388,-0.0004,0.3442,-0.0193,-0.0008,0.7550,0.1489,0.0505,0.2161,0.1495,-0.2937,0.7550,0.1489,0.0505,0.8307,0.1414,0.0000,0,1,0.7190,-0.1510,-0.0015,0.1803,-0.1505,-0.3457,0.7190,-0.1510,-0.0015,0.7405,-0.1426,0.0000,1,1,0.3352,0.1518,-0.0028,-0.2037,0.1520,-0.3470,0.3352,0.1518,-0.0028,0.3539,0.1417,0.0000,1,1,0.3731,-0.1504,0.0500,-0.1656,-0.1501,-0.2942,0.3731,-0.1504,0.0500,0.4437,-0.1423,0.0000,0,1
0.5425,-0.0007,0.3440,-0.0197,-0.0001,0.7616,0.1496,0.0380,0.2191,0.1503,-0.3060,0.7616,0.1496,0.0380,0.8343,0.1413,0.0000,0,1,0.7191,-0.1510,-0.0015,0.1766,-0.1503,-0.3455,0.7191,-0.1510,-0.0015,0.7423,-0.1427,0.0000,1,1,0.3352,0.1518,-0.0028,-0.2073,0.1525,-0.3468,0.3352,0.1518,-0.0028,0.3555,0.1413,0.0000,1,1,0.3804,-0.1513,0.0374,-0.1621,-0.1506,-0.3066,0.3804,-0.1513,0.0374,0.4475,-0.1427,0.0000,0,1
0.5464,-0.0009,0.3439,-0.0197,0.0007,0.7683,0.1501,0.0254,0.2220,0.1508,-0.3185,0.7683,0.1501,0.0254,0.8381,0.1412,0.0000,0,1,0.7191,-0.1510,-0.0014,0.1726,-0.1502,-0.3453,0.7191,-0.1510,-0.0014,0.7443,-0.1428,0.0000,1,1,0.3352,0.1518,-0.0028,-0.2111,0.1528,-0.3467,0.3352,0.1518,-0.0028,0.3573,0.1410,0.0000,1,1,0.3878,-0.1523,0.0248,-0.1587,-0.1513,-0.3191,0.3878,-0.1523,0.0248,0.4515,-0.1430,0.0000,0,1
0.5504,-0.0011,0.3438,-0.0192,0.0015,0.7749,0.1504,0.0139,0.2247,0.1512,-0.3299,0.7749,0.1504,0.0139,0.8420,0.1412,0.0000,0,1,0.7191,-0.1510,-0.0014,0.1685,-0.1502,-0.3452,0.7191,-0.1510,-0.0014,0.7465,-0.1428,0.0000,1,1,0.3353,0.1518,-0.0028,-0.2149,0.1532,-0.3466,0.3353,0.1518,-0.0028,0.3592,0.1406,0.0000,1,1,0.3950,-0.1529,0.0133,-0.1556,-0.1516,-0.3305,0.3950,-0.1529,0.0133,0.4557,-0.1434,0.0000,0,1
0.5547,-0.0013,0.3439,-0.0175,0.0023,0.7814,0.1505,0.0047,0.2270,0.1513,-0.3392,0.7814,0.1505,0.0047,0.8462,0.1411,0.0000,0,1,0.7191,-0.1510,-0.0014,0.1641,-0.1501,-0.3453,0.7191,-0.1510,-0.0014,0.7488,-0.1429,0.0000,1,1,0.3353,0.1518,-0.0028,-0.2190,0.1536,-0.3467,0.3353,0.1518,-0.0028,0.3614,0.1402,0.0000,1,1,0.4021,-0.1532,0.0041,-0.1529,-0.1515,-0.3398,0.4021,-0.1532,0.0041,0.4600,-0.1438,0.0000,0,1
0.5591,-0.0016,0.3440,-0.0137,0.0030,0.7874,0.1506,-0.0019,0.2288,0.1515,-0.3459,0.7874,0.1506,-0.0019,0.8505,0.1410,0.0000,0,1,0.7190,-0.1510,-0.0015,0.1595,-0.1499,-0.3455,0.7190,-0.1510,-0.0015,0.7514,-0.1430,0.0000,1,1,0.3351,0.1519,-0.0027,-0.2235,0.1542,-0.3467,0.3351,0.1519,-0.0027,0.3637,0.1399,0.0000,1,1,0.4085,-0.1528,-0.0024,-0.1511,-0.1507,-0.3464,0.4085,-0.1528,-0.0024,0.4646,-0.1441,0.0000,0,1
0.5638,-0.0018,0.3439,-0.0115,0.0037,0.7874,0.1506,-0.0019,0.2242,0.1516,-0.3458,0.7874,0.1506,-0.0019,0.7881,0.1409,0.0000,1,1,0.7288,-0.1507,0.0029,0.1644,-0.1495,-0.3410,0.7288,-0.1507,0.0029,0.8561,-0.1431,0.0000,0,1,0.3448,0.1523,0.0017,-0.2184,0.1549,-0.3422,0.3448,0.1523,0.0017,0.4683,0.1395,0.0000,0,1,0.4084,-0.1528,-0.0024,-0.1560,-0.1504,-0.3463,0.4084,-0.1528,-0.0024,0.4023,-0.1445,0.0000,1,1
0.5683,-0.0019,0.3439,-0.0122,0.0041,0.7874,0.1506,-0.0019,0.2197,0.1516,-0.3458,0.7874,0.1506,-0.0019,0.7905,0.1409,0.0000,1,1,0.7398,-0.1503,0.0113,0.1709,-0.1491,-0.3326,0.7398,-0.1503,0.0113,0.8607,-0.1431,0.0000,0,1,0.3561,0.1520,0.0101,-0.2116,0.1548,-0.3338,0.3561,0.1520,0.0101,0.4727,0.1393,0.0000,0,1,0.4084,-0.1528,-0.0024,-0.1605,-0.1502,-0.3463,0.4084,-0.1528,-0.0024,0.4049,-0.1447,0.0000,1,1
0.5727,-0.0020,0.3442,-0.0143,0.0044,0.7874,0.1506,-0.0019,0.2154,0.1517,-0.3461,0.7874,0.1506,-0.0019,0.7929,0.1409,0.0000,1,1,0.7509,-0.1498,0.0226,0.1775,-0.1486,-0.3216,0.7509,-0.1498,0.0226,0.8651,-0.1431,0.0000,0,1,0.3675,0.1514,0.0214,-0.2045,0.1543,-0.3228,0.3675,0.1514,0.0214,0.4771,0.1392,0.0000,0,1,0.4084,-0.1528,-0.0024,-0.1650,-0.1501,-0.3466,0.4084,-0.1528,-0.0024,0.4073,-0.1448,0.0000,1,1
0.5769,-0.0020,0.3444,-0.0168,0.0045,0.7874,0.1506,-0.0019,0.2112,0.1517,-0.3463,0.7874,0.1506,-0.0019,0.7950,0.1409,0.0000,1,1,0.7613,-0.1496,0.0354,0.1837,-0.1484,-0.3090,0.7613,-0.1496,0.0354,0.8693,-0.1431,0.0000,0,1,0.3784,0.1508,0.0342,-0.1978,0.1537,-0.3102,0.3784,0.1508,0.0342,0.4812,0.1391,0.0000,0,1,0.4085,-0.1528,-0.0024,-0.1691,-0.1500,-0.3468,0.4085,-0.1528,-0.0024,0.4095,-0.1449,0.0000,1,1
0.5809,-0.0019,0.3447,-0.0194,0.0045,0.7874,0.1506,-0.0019,0.2072,0.1516,-0.3466,0.7874,0.1506,-0.0019,0.7971,0.1409,0.0000,1,1,0.7709,-0.1493,0.0485,0.1893,-0.1483,-0.2962,0.7709,-0.1493,0.0485,0.8734,-0.1431,0.0000,0,1,0.3884,0.1502,0.0472,-0.1918,0.1530,-0.2975,0.3884,0.1502,0.0472,0.4853,0.1392,0.0000,0,1,0.4085,-0.1528,-0.0024,-0.1731,-0.1501,-0.3471,0.4085,-0.1528,-0.0024,0.4116,-0.1448,0.0000,1,1
0.5848,-0.0018,0.3449,-0.0218,0.0043,0.7875,0.1506,-0.0019,0.2034,0.1515,-0.3468,0.7875,0.1506,-0.0019,0.7990,0.1410,0.0000,1,1,0.7797,-0.1490,0.0605,0.1943,-0.1480,-0.2844,0.7797,-0.1490,0.0605,0.8773,-0.1430,0.0000,0,1,0.3975,0.1495,0.0593,-0.1866,0.1521,-0.2856,0.3975,0.1495,0.0593,0.4892,0.1394,0.0000,0,1,0.4085,-0.1528,-0.0024,-0.1769,-0.1502,-0.3473,0.4085,-0.1528,-0.0024,0.4135,-0.1446,0.0000,1,1
0.5887,-0.0016,0.3450,-0.0240,0.0039,0.7875,0.1506,-0.0019,0.1994,0.1514,-0.3469,0.7875,0.1506,-0.0019,0.8009,0.1411,0.0000,1,1,0.7877,-0.1487,0.0703,0.1984,-0.1479,-0.2747,0.7877,-0.1487,0.0703,0.8810,-0.1429,0.0000,0,1,0.4059,0.1489,0.0690,-0.1822,0.1512,-0.2760,0.4059,0.1489,0.0690,0.4931,0.1396,0.0000,0,1,0.4085,-0.1528,-0.0025,-0.1808,-0.1505,-0.3475,0.4085,-0.1528,-0.0025,0.4152,-0.1444,0.0000,1,1
0.5924,-0.0014,0.3451,-0.0258,0.0035,0.7875,0.1506,-0.0019,0.1956,0.1513,-0.3470,0.7875,0.1506,-0.0019,0.8027,0.1413,0.0000,1,1,0.7951,-0.1484,0.0764,0.2022,-0.1477,-0.2687,0.7951,-0.1484,0.0764,0.8847,-0.1427,0.0000,0,1,0.4136,0.1485,0.0751,-0.1783,0.1505,-0.2700,0.4136,0.1485,0.0751,0.4969,0.1399,0.0000,0,1,0.4085,-0.1528,-0.0025,-0.1844,-0.1508,-0.3476,0.4085,-0.1528,-0.0025,0.4169,-0.1441,0.0000,1,1
0.5961,-0.0012,0.3450,-0.0272,0.0029,0.7875,0.1506,-0.0019,0.1918,0.1512,-0.3469,0.7875,0.1506,-0.0019,0.8045,0.1414,0.0000,1,1,0.8020,-0.1482,0.0778,0.2055,-0.1476,-0.2672,0.8020,-0.1482,0.0778,0.8883,-0.1426,0.0000,0,1,0.4208,0.1484,0.0765,-0.1749,0.1501,-0.2685,0.4208,0.1484,0.0765,0.5007,0.1403,0.0000,0,1,0.4086,-0.1528,-0.0025,-0.1879,-0.1511,-0.3475,0.4086,-0.1528,-0.0025,0.4185,-0.1437,0.0000,1,1
0.5997,-0.0009,0.3449,-0.0282,0.0023,0.7875,0.1506,-0.0019,0.1881,0.1511,-0.3468,0.7875,0.1506,-0.0019,0.8062,0.1415,0.0000,1,1,0.8085,-0.1483,0.0743,0.2085,-0.1479,-0.2706,0.8085,-0.1483,0.0743,0.8919,-0.1425,0.0000,0,1,0.4279,0.1486,0.0729,-0.1715,0.1499,-0.2720,0.4279,0.1486,0.0729,0.5044,0.1407,0.0000,0,1,0.4086,-0.1528,-0.0025,-0.1914,-0.1515,-0.3474,0.4086,-0.1528,-0.0025,0.4201,-0.1433,0.0000,1,1
0.6034,-0.0006,0.3448,-0.0289,0.0015,0.7875,0.1506,-0.0019,0.1843,0.1509,-0.3467,0.7875,0.1506,-0.0019,0.8080,0.1417,0.0000,1,1,0.8149,-0.1484,0.0667,0.2113,-0.1481,-0.2781,0.8149,-0.1484,0.0667,0.8954,-0.1423,0.0000,0,1,0.4349,0.1491,0.0654,-0.1683,0.1500,-0.2794,0.4349,0.1491,0.0654,0.5082,0.1411,0.0000,0,1,0.4086,-0.1528,-0.0025,-0.1950,-0.1519,-0.3473,0.4086,-0.1528,-0.0025,0.4216,-0.1429,0.0000,1,1
0.6071,-0.0004,0.3445,-0.0298,0.0008,0.7875,0.1506,-0.0018,0.1805,0.1509,-0.3463,0.7875,0.1506,-0.0018,0.8098,0.1418,0.0000,1,1,0.8217,-0.1488,0.0563,0.2145,-0.1486,-0.2882,0.8217,-0.1488,0.0563,0.8990,-0.1422,0.0000,0,1,0.4420,0.1498,0.0550,-0.1650,0.1503,-0.2895,0.4420,0.1498,0.0550,0.5120,0.1415,0.0000,0,1,0.4086,-0.1528,-0.0025,-0.1986,-0.1522,-0.3470,0.4086,-0.1528,-0.0025,0.4232,-0.1425,0.0000,1,1
0.6109,-0.0001,0.3443,-0.0307,0.0001,0.7876,0.1506,-0.0018,0.1767,0.1507,-0.3461,0.7876,0.1506,-0.0018,0.8116,0.1419,0.0000,1,1,0.8291,-0.1493,0.0442,0.2182,-0.1492,-0.3001,0.8291,-0.1493,0.0442,0.9027,-0.1421,0.0000,0,1,0.4493,0.1507,0.0429,-0.1616,0.1508,-0.3014,0.4493,0.1507,0.0429,0.5158,0.1419,0.0000,0,1,0.4086,-0.1528,-0.0025,-0.2023,-0.1527,-0.3468,0.4086,-0.1528,-0.0025,0.4249,-0.1421,0.0000,1,1
0.6147,0.0002,0.3442,-0.0314,-0.0006,0.7876,0.1506,-0.0018,0.1728,0.1505,-0.3460,0.7876,0.1506,-0.0018,0.8136,0.1421,0.0000,1,1,0.8370,-0.1498,0.0315,0.2224,-0.1499,-0.3127,0.8370,-0.1498,0.0315,0.9065,-0.1419,0.0000,0,1,0.4567,0.1516,0.0302,-0.1581,0.1513,-0.3140,0.4567,0.1516,0.0302,0.5198,0.1423,0.0000,0,1,0.4086,-0.1528,-0.0025,-0.2060,-0.1531,-0.3467,0.4086,-0.1528,-0.0025,0.4267,-0.1417,0.0000,1,1
0.6188,0.0005,0.3441,-0.0315,-0.0013,0.7876,0.1506,-0.0018,0.1686,0.1503,-0.3459,0.7876,0.1506,-0.0018,0.8158,0.1422,0.0000,1,1,0.8458,-0.1501,0.0194,0.2272,-0.1503,-0.3247,0.8458,-0.1501,0.0194,0.9104,-0.1418,0.0000,0,1,0.4639,0.1523,0.0180,-0.1551,0.1516,-0.3261,0.4639,0.1523,0.0180,0.5240,0.1427,0.0000,0,1,0.4086,-0.1528,-0.0025,-0.2100,-0.1536,-0.3466,0.4086,-0.1528,-0.0025,0.4286,-0.1413,0.0000,1,1
0.6231,0.0008,0.3442,-0.0310,-0.0019,0.7876,0.1506,-0.0018,0.1642,0.1501,-0.3460,0.7876,0.1506,-0.0018,0.8181,0.1424,0.0000,1,1,0.8561,-0.1502,0.0088,0.2333,-0.1506,-0.3354,0.8561,-0.1502,0.0088,0.9146,-0.1416,0.0000,0,1,0.4706,0.1526,0.0074,-0.1528,0.1515,-0.3368,0.4706,0.1526,0.0074,0.5283,0.1432,0.0000,0,1,0.4086,-0.1528,-0.0025,-0.2142,-0.1540,-0.3467,0.4086,-0.1528,-0.0025,0.4308,-0.1408,0.0000,1,1
0.6276,0.0012,0.3443,-0.0289,-0.0025,0.7875,0.1506,-0.0019,0.1595,0.1498,-0.3462,0.7875,0.1506,-0.0019,0.8208,0.1427,0.0000,1,1,0.8694,-0.1504,0.0010,0.2422,-0.1510,-0.3433,0.8694,-0.1504,0.0010,0.9191,-0.1413,0.0000,0,1,0.4764,0.1520,-0.0003,-0.1516,0.1504,-0.3446,0.4764,0.1520,-0.0003,0.5330,0.1437,0.0000,0,1,0.4086,-0.1528,-0.0025,-0.2186,-0.1545,-0.3468,0.4086,-0.1528,-0.0025,0.4333,-0.1403,0.0000,1,1
0.6325,0.0016,0.3443,-0.0253,-0.0029,0.7925,0.1504,-0.0003,0.1596,0.1493,-0.3446,0.7925,0.1504,-0.0003,0.9247,0.1431,0.0000,0,1,0.8789,-0.1511,-0.0020,0.2468,-0.1520,-0.3463,0.8789,-0.1511,-0.0020,0.8579,-0.1409,0.0000,1,1,0.4783,0.1512,-0.0033,-0.1546,0.1492,-0.3476,0.4783,0.1512,-0.0033,0.4719,0.1442,0.0000,1,1,0.4139,-0.1533,-0.0007,-0.2181,-0.1555,-0.3450,0.4139,-0.1533,-0.0007,0.5371,-0.1398,0.0000,0,1
0.6375,0.0020,0.3443,-0.0254,-0.0024,0.8040,0.1503,0.0062,0.1661,0.1487,-0.3381,0.8040,0.1503,0.0062,0.9297,0.1435,0.0000,0,1,0.8789,-0.1511,-0.0020,0.2418,-0.1525,-0.3463,0.8789,-0.1511,-0.0020,0.8610,-0.1405,0.0000,1,1,0.4783,0.1512,-0.0033,-0.1596,0.1488,-0.3476,0.4783,0.1512,-0.0033,0.4749,0.1444,0.0000,1,1,0.4260,-0.1533,0.0059,-0.2111,-0.1558,-0.3384,0.4260,-0.1533,0.0059,0.5422,-0.1396,0.0000,0,1
0.6423,0.0022,0.3444,-0.0266,-0.0021,0.8152,0.1502,0.0163,0.1726,0.1484,-0.3281,0.8152,0.1502,0.0163,0.9344,0.1438,0.0000,0,1,0.8789,-0.1511,-0.0020,0.2369,-0.1528,-0.3464,0.8789,-0.1511,-0.0020,0.8638,-0.1402,0.0000,1,1,0.4784,0.1512,-0.0033,-0.1642,0.1487,-0.3477,0.4784,0.1512,-0.0033,0.4776,0.1446,0.0000,1,1,0.4380,-0.1527,0.0159,-0.2040,-0.1553,-0.3285,0.4380,-0.1527,0.0159,0.5470,-0.1394,0.0000,0,1
0.6469,0.0023,0.3446,-0.0285,-0.0019,0.8254,0.1501,0.0285,0.1782,0.1481,-0.3161,0.8254,0.1501,0.0285,0.9390,0.1439,0.0000,0,1,0.8789,-0.1511,-0.0020,0.2323,-0.1530,-0.3466,0.8789,-0.1511,-0.0020,0.8664,-0.1401,0.0000,1,1,0.4784,0.1512,-0.0033,-0.1688,0.1486,-0.3479,0.4784,0.1512,-0.0033,0.4802,0.1447,0.0000,1,1,0.4493,-0.1520,0.0281,-0.1973,-0.1547,-0.3165,0.4493,-0.1520,0.0281,0.5516,-0.1393,0.0000,0,1
0.6513,0.0023,0.3448,-0.0309,-0.0016,0.8351,0.1500,0.0416,0.1836,0.1480,-0.3032,0.8351,0.1500,0.0416,0.9433,0.1440,0.0000,0,1,0.8789,-0.1511,-0.0020,0.2278,-0.1530,-0.3468,0.8789,-0.1511,-0.0020,0.8688,-0.1400,0.0000,1,1,0.4784,0.1512,-0.0033,-0.1731,0.1486,-0.3481,0.4784,0.1512,-0.0033,0.4825,0.1446,0.0000,1,1,0.4599,-0.1512,0.0412,-0.1912,-0.1538,-0.3036,0.4599,-0.1512,0.0412,0.5560,-0.1394,0.0000,0,1
0.6554,0.0023,0.3451,-0.0332,-0.0013,0.8440,0.1497,0.0543,0.1884,0.1476,-0.2908,0.8440,0.1497,0.0543,0.9474,0.1440,0.0000,0,1,0.8789,-0.1511,-0.0020,0.2237,-0.1531,-0.3471,0.8789,-0.1511,-0.0020,0.8711,-0.1400,0.0000,1,1,0.4784,0.1512,-0.0034,-0.1772,0.1487,-0.3485,0.4784,0.1512,-0.0034,0.4846,0.1445,0.0000,1,1,0.4696,-0.1505,0.0539,-0.1856,-0.1530,-0.2912,0.4696,-0.1505,0.0539,0.5603,-0.1395,0.0000,0,1
0.6595,0.0022,0.3452,-0.0355,-0.0008,0.8523,0.1493,0.0653,0.1927,0.1473,-0.2799,0.8523,0.1493,0.0653,0.9514,0.1440,0.0000,0,1,0.8790,-0.1511,-0.0019,0.2196,-0.1531,-0.3471,0.8790,-0.1511,-0.0019,0.8732,-0.1400,0.0000,1,1,0.4784,0.1512,-0.0034,-0.1812,0.1489,-0.3486,0.4784,0.1512,-0.0034,0.4866,0.1443,0.0000,1,1,0.4784,-0.1498,0.0649,-0.1810,-0.1521,-0.2803,0.4784,-0.1498,0.0649,0.5644,-0.1397,0.0000,0,1
0.6634,0.0020,0.3453,-0.0374,-0.0001,0.8599,0.1489,0.0735,0.1965,0.1469,-0.2718,0.8599,0.1489,0.0735,0.9552,0.1440,0.0000,0,1,0.8790,-0.1511,-0.0019,0.2156,-0.1531,-0.3472,0.8790,-0.1511,-0.0019,0.8752,-0.1400,0.0000,1,1,0.4785,0.1512,-0.0034,-0.1849,0.1492,-0.3487,0.4785,0.1512,-0.0034,0.4884,0.1440,0.0000,1,1,0.4865,-0.1492,0.0730,-0.1769,-0.1512,-0.2723,0.4865,-0.1492,0.0730,0.5684,-0.1400,0.0000,0,1
0.6672,0.0018,0.3453,-0.0391,0.0006,0.8670,0.1486,0.0774,0.1999,0.1467,-0.2679,0.8670,0.1486,0.0774,0.9589,0.1439,0.0000,0,1,0.8790,-0.1511,-0.0019,0.2117,-0.1530,-0.3472,0.8790,-0.1511,-0.0019,0.8771,-0.1401,0.0000,1,1,0.4785,0.1512,-0.0034,-0.1886,0.1495,-0.3487,0.4785,0.1512,-0.0034,0.4901,0.1436,0.0000,1,1,0.4939,-0.1490,0.0769,-0.1734,-0.1507,-0.2684,0.4939,-0.1490,0.0769,0.5723,-0.1404,0.0000,0,1
0.6709,0.0015,0.3453,-0.0403,0.0014,0.8737,0.1484,0.0762,0.2030,0.1466,-0.2691,0.8737,0.1484,0.0762,0.9625,0.1438,0.0000,0,1,0.8790,-0.1511,-0.0019,0.2079,-0.1529,-0.3472,0.8790,-0.1511,-0.0019,0.8789,-0.1402,0.0000,1,1,0.4785,0.1512,-0.0034,-0.1922,0.1500,-0.3487,0.4785,0.1512,-0.0034,0.4917,0.1432,0.0000,1,1,0.5010,-0.1490,0.0757,-0.1701,-0.1503,-0.2696,0.5010,-0.1490,0.0757,0.5761,-0.1408,0.0000,0,1
0.6745,0.0012,0.3452,-0.0411,0.0023,0.8804,0.1483,0.0705,0.2062,0.1466,-0.2747,0.8804,0.1483,0.0705,0.9660,0.1436,0.0000,0,1,0.8790,-0.1511,-0.0019,0.2041,-0.1528,-0.3471,0.8790,-0.1511,-0.0019,0.8807,-0.1404,0.0000,1,1,0.4785,0.1512,-0.0034,-0.1957,0.1505,-0.3486,0.4785,0.1512,-0.0034,0.4932,0.1427,0.0000,1,1,0.5080,-0.1494,0.0700,-0.1668,-0.1502,-0.2752,0.5080,-0.1494,0.0700,0.5799,-0.1413,0.0000,0,1
0.6782,0.0008,0.3450,-0.0416,0.0031,0.8871,0.1484,0.0614,0.2094,0.1470,-0.2836,0.8871,0.1484,0.0614,0.9695,0.1434,0.0000,0,1,0.8791,-0.1511,-0.0019,0.2004,-0.1525,-0.3469,0.8791,-0.1511,-0.0019,0.8824,-0.1406,0.0000,1,1,0.4785,0.1511,-0.0034,-0.1992,0.1509,-0.3484,0.4785,0.1511,-0.0034,0.4947,0.1422,0.0000,1,1,0.5150,-0.1500,0.0608,-0.1637,-0.1503,-0.2842,0.5150,-0.1500,0.0608,0.5836,-0.1418,0.0000,0,1
0.6818,0.0005,0.3448,-0.0418,0.0040,0.8942,0.1485,0.0500,0.2130,0.1471,-0.2948,0.8942,0.1485,0.0500,0.9330,0.1032,0.0000,0,1,0.8791,-0.1511,-0.0019,0.1967,-0.1524,-0.3467,0.8791,-0.1511,-0.0019,0.8842,-0.1408,0.0000,1,1,0.4785,0.1511,-0.0034,-0.2027,0.1514,-0.3482,0.4785,0.1511,-0.0034,0.4962,0.1417,0.0000,1,1,0.5218,-0.1508,0.0494,-0.1606,-0.1507,-0.2954,0.5218,-0.1508,0.0494,0.5874,-0.1423,0.0000,0,1
0.6855,0.0001,0.3446,-0.0421,0.0047,0.8983,0.1477,0.0375,0.2135,0.1466,-0.3071,0.8983,0.1477,0.0375,0.9367,0.1030,0.0000,0,1,0.8791,-0.1511,-0.0018,0.1929,-0.1521,-0.3464,0.8791,-0.1511,-0.0018,0.8860,-0.1410,0.0000,1,1,0.4786,0.1511,-0.0034,-0.2062,0.1520,-0.3480,0.4786,0.1511,-0.0034,0.4979,0.1412,0.0000,1,1,0.5295,-0.1516,0.0369,-0.1567,-0.1510,-0.3077,0.5295,-0.1516,0.0369,0.5912,-0.1428,0.0000,0,1
0.6893,-0.0003,0.3445,-0.0424,0.0056,0.9027,0.1469,0.0249,0.2142,0.1460,-0.3196,0.9027,0.1469,0.0249,0.9403,0.1028,0.0000,0,1,0.8791,-0.1511,-0.0018,0.1890,-0.1519,-0.3463,0.8791,-0.1511,-0.0018,0.8879,-0.1412,0.0000,1,1,0.4786,0.1511,-0.0034,-0.2098,0.1526,-0.3479,0.4786,0.1511,-0.0034,0.4995,0.1406,0.0000,1,1,0.5374,-0.1523,0.0243,-0.1527,-0.1511,-0.3202,0.5374,-0.1523,0.0243,0.5951,-0.1434,0.0000,0,1
0.6932,-0.0007,0.3446,-0.0426,0.0067,0.9072,0.1455,0.0134,0.2150,0.1448,-0.3312,0.9072,0.1455,0.0134,0.9440,0.1026,0.0000,0,1,0.8791,-0.1511,-0.0018,0.1849,-0.1516,-0.3464,0.8791,-0.1511,-0.0018,0.8899,-0.1414,0.0000,1,1,0.4786,0.1511,-0.0034,-0.2136,0.1532,-0.3480,0.4786,0.1511,-0.0034,0.5012,0.1400,0.0000,1,1,0.5452,-0.1527,0.0128,-0.1490,-0.1510,-0.3318,0.5452,-0.1527,0.0128,0.5991,-0.1439,0.0000,0,1
0.6972,-0.0010,0.3448,-0.0419,0.0076,0.9119,0.1434,0.0041,0.2158,0.1428,-0.3407,0.9119,0.1434,0.0041,0.9479,0.1024,0.0000,0,1,0.8791,-0.1511,-0.0019,0.1808,-0.1515,-0.3467,0.8791,-0.1511,-0.0019,0.8921,-0.1416,0.0000,1,1,0.4786,0.1512,-0.0034,-0.2174,0.1539,-0.3482,0.4786,0.1512,-0.0034,0.5031,0.1395,0.0000,1,1,0.5527,-0.1523,0.0035,-0.1456,-0.1502,-0.3413,0.5527,-0.1523,0.0035,0.6033,-0.1445,0.0000,0,1
0.7014,-0.0014,0.3451,-0.0389,0.0083,0.9164,0.1403,-0.0024,0.2162,0.1399,-0.3475,0.9164,0.1403,-0.0024,0.9520,0.1021,0.0000,0,1,0.8789,-0.1510,-0.0020,0.1763,-0.1511,-0.3471,0.8789,-0.1510,-0.0020,0.8944,-0.1419,0.0000,1,1,0.4784,0.1513,-0.0033,-0.2217,0.1545,-0.3484,0.4784,0.1513,-0.0033,0.5052,0.1389,0.0000,1,1,0.5595,-0.1497,-0.0030,-0.1431,-0.1471,-0.3481,0.5595,-0.1497,-0.0030,0.6076,-0.1451,0.0000,0,1
0.7057,-0.0019,0.3451,-0.0373,0.0085,0.9164,0.1403,-0.0024,0.2119,0.1404,-0.3475,0.9164,0.1403,-0.0024,0.9293,0.1418,0.0000,1,1,0.8852,-0.1500,0.0024,0.1782,-0.1496,-0.3427,0.8852,-0.1500,0.0024,0.9587,-0.1822,0.0000,0,1,0.4889,0.1521,0.0011,-0.2155,0.1558,-0.3440,0.4889,0.1521,0.0011,0.6095,0.1385,0.0000,0,1,0.5595,-0.1497,-0.0030,-0.1475,-0.1466,-0.3481,0.5595,-0.1497,-0.0030,0.5450,-0.1455,0.0000,1,1
0.7100,-0.0022,0.3452,-0.0380,0.0083,0.9164,0.1403,-0.0024,0.2076,0.1408,-0.3476,0.9164,0.1403,-0.0024,0.9316,0.1414,0.0000,1,1,0.8924,-0.1495,0.0109,0.1812,-0.1488,-0.3343,0.8924,-0.1495,0.0109,0.9630,-0.1826,0.0000,0,1,0.5011,0.1519,0.0096,-0.2076,0.1558,-0.3356,0.5011,0.1519,0.0096,0.6138,0.1382,0.0000,0,1,0.5595,-0.1497,-0.0030,-0.1517,-0.1462,-0.3482,0.5595,-0.1497,-0.0030,0.5472,-0.1458,0.0000,1,1
0.7141,-0.0024,0.3455,-0.0399,0.0078,0.9164,0.1403,-0.0024,0.2034,0.1411,-0.3479,0.9164,0.1403,-0.0024,0.9338,0.1411,0.0000,1,1,0.9000,-0.1492,0.0221,0.1847,-0.1482,-0.3234,0.9000,-0.1492,0.0221,0.9670,-0.1829,0.0000,0,1,0.5133,0.1513,0.0209,-0.1996,0.1553,-0.3246,0.5133,0.1513,0.0209,0.6180,0.1381,0.0000,0,1,0.5595,-0.1497,-0.0030,-0.1557,-0.1461,-0.3485,0.5595,-0.1497,-0.0030,0.5492,-0.1459,0.0000,1,1
0.7180,-0.0024,0.3458,-0.0422,0.0069,0.9164,0.1403,-0.0024,0.1994,0.1413,-0.3482,0.9164,0.1403,-0.0024,0.9358,0.1409,0.0000,1,1,0.9073,-0.1492,0.0349,0.1883,-0.1481,-0.3109,0.9073,-0.1492,0.0349,0.9708,-0.1831,0.0000,0,1,0.5246,0.1507,0.0337,-0.1923,0.1544,-0.3121,0.5246,0.1507,0.0337,0.6221,0.1382,0.0000,0,1,0.5595,-0.1497,-0.0030,-0.1595,-0.1462,-0.3488,0.5595,-0.1497,-0.0030,0.5510,-0.1458,0.0000,1,1
0.7218,-0.0024,0.3461,-0.0445,0.0059,0.9165,0.1403,-0.0024,0.1955,0.1415,-0.3485,0.9165,0.1403,-0.0024,0.9378,0.1407,0.0000,1,1,0.9143,-0.1491,0.0480,0.1916,-0.1478,-0.2981,0.9143,-0.1491,0.0480,1.0545,-0.1833,0.0600,0,1,0.5350,0.1501,0.0467,-0.1859,0.1536,-0.2994,0.5350,0.1501,0.0467,0.6260,0.1384,0.0000,0,1,0.5595,-0.1497,-0.0030,-0.1632,-0.1463,-0.3491,0.5595,-0.1497,-0.0030,0.5527,-0.1456,0.0000,1,1
0.7255,-0.0023,0.3463,-0.0471,0.0044,0.9165,0.1403,-0.0024,0.1916,0.1418,-0.3487,0.9165,0.1403,-0.0024,0.9397,0.1405,0.0000,1,1,0.9206,-0.1488,0.0601,0.1945,-0.1474,-0.2862,0.9206,-0.1488,0.0601,1.0580,-0.1835,0.0600,0,1,0.5437,0.1493,0.0587,-0.1811,0.1524,-0.2876,0.5437,0.1493,0.0587,0.6299,0.1388,0.0000,0,1,0.5596,-0.1497,-0.0030,-0.1665,-0.1467,-0.3493,0.5596,-0.1497,-0.0030,0.5542,-0.1452,0.0000,1,1
0.7291,-0.0021,0.3465,-0.0495,0.0026,0.9165,0.1403,-0.0024,0.1878,0.1419,-0.3489,0.9165,0.1403,-0.0024,0.9416,0.1404,0.0000,1,1,0.9262,-0.1484,0.0698,0.1967,-0.1468,-0.2767,0.9262,-0.1484,0.0698,1.0613,-0.1836,0.0600,0,1,0.5516,0.1489,0.0685,-0.1771,0.1515,-0.2780,0.5516,0.1489,0.0685,0.6338,0.1394,0.0000,0,1,0.5596,-0.1497,-0.0030,-0.1699,-0.1472,-0.3495,0.5596,-0.1497,-0.0030,0.5555,-0.1446,0.0000,1,1
0.7327,-0.0019,0.3467,-0.0515,0.0006,0.9165,0.1403,-0.0024,0.1839,0.1421,-0.3491,0.9165,0.1403,-0.0024,0.9434,0.1402,0.0000,1,1,0.9315,-0.1483,0.0760,0.1987,-0.1465,-0.2707,0.9315,-0.1483,0.0760,1.0646,-0.1838,0.0600,0,1,0.5588,0.1486,0.0746,-0.1738,0.1506,-0.2721,0.5588,0.1486,0.0746,0.6376,0.1400,0.0000,0,1,0.5596,-0.1497,-0.0031,-0.1732,-0.1477,-0.3498,0.5596,-0.1497,-0.0031,0.5568,-0.1440,0.0000,1,1
0.7362,-0.0015,0.3468,-0.0529,-0.0016,0.9165,0.1403,-0.0024,0.1801,0.1421,-0.3492,0.9165,0.1403,-0.0024,0.9452,0.1402,0.0000,1,1,0.9360,-0.1483,0.0774,0.2000,-0.1465,-0.2694,0.9360,-0.1483,0.0774,1.0677,-0.1838,0.0600,0,1,0.5656,0.1487,0.0760,-0.1708,0.1499,-0.2708,0.5656,0.1487,0.0760,0.6414,0.1408,0.0000,0,1,0.5596,-0.1497,-0.0031,-0.1764,-0.1485,-0.3499,0.5596,-0.1497,-0.0031,0.5579,-0.1432,0.0000,1,1
0.7396,-0.0011,0.3469,-0.0535,-0.0037,0.9165,0.1403,-0.0024,0.1764,0.1421,-0.3493,0.9165,0.1403,-0.0024,0.9469,0.1402,0.0000,1,1,0.9401,-0.1485,0.0738,0.2010,-0.1467,-0.2731,0.9401,-0.1485,0.0738,1.0709,-0.1838,0.0600,0,1,0.5721,0.1492,0.0724,-0.1681,0.1497,-0.2745,0.5721,0.1492,0.0724,0.6451,0.1416,0.0000,0,1,0.5596,-0.1497,-0.0031,-0.1794,-0.1493,-0.3500,0.5596,-0.1497,-0.0031,0.5591,-0.1424,0.0000,1,1
0.7431,-0.0006,0.3469,-0.0534,-0.0057,0.9165,0.1403,-0.0024,0.1726,0.1419,-0.3493,0.9165,0.1403,-0.0024,0.9487,0.1403,0.0000,1,1,0.9444,-0.1490,0.0662,0.2021,-0.1473,-0.2807,0.9444,-0.1490,0.0662,1.0741,-0.1837,0.0600,0,1,0.5784,0.1498,0.0648,-0.1656,0.1495,-0.2821,0.5784,0.1498,0.0648,0.6489,0.1425,0.0000,0,1,0.5596,-0.1497,-0.0031,-0.1826,-0.1501,-0.3500,0.5596,-0.1497,-0.0031,0.5603,-0.1415,0.0000,1,1
0.7466,-0.0000,0.3469,-0.0529,-0.0073,0.9166,0.1404,-0.0023,0.1690,0.1416,-0.3492,0.9166,0.1404,-0.0023,0.9504,0.1405,0.0000,1,1,0.9483,-0.1495,0.0558,0.2028,-0.1480,-0.2911,0.9483,-0.1495,0.0558,1.0773,-0.1834,0.0600,0,1,0.5845,0.1506,0.0544,-0.1632,0.1494,-0.2925,0.5845,0.1506,0.0544,0.6526,0.1434,0.0000,0,1,0.5597,-0.1497,-0.0031,-0.1858,-0.1511,-0.3500,0.5597,-0.1497,-0.0031,0.5615,-0.1406,0.0000,1,1
0.7502,0.0006,0.3468,-0.0523,-0.0084,0.9166,0.1404,-0.0023,0.1652,0.1412,-0.3491,0.9166,0.1404,-0.0023,0.9522,0.1410,0.0000,1,1,0.9527,-0.1501,0.0438,0.2038,-0.1490,-0.3030,0.9527,-0.1501,0.0438,1.0808,-0.1830,0.0600,0,1,0.5907,0.1515,0.0423,-0.1608,0.1496,-0.3045,0.5907,0.1515,0.0423,0.6564,0.1442,0.0000,0,1,0.5597,-0.1497,-0.0031,-0.1892,-0.1519,-0.3499,0.5597,-0.1497,-0.0031,0.5630,-0.1397,0.0000,1,1
0.7540,0.0013,0.3468,-0.0526,-0.0088,0.9166,0.1404,-0.0023,0.1614,0.1405,-0.3491,0.9166,0.1404,-0.0023,0.9540,0.1416,0.0000,1,1,0.9607,-0.1506,0.0311,0.2080,-0.1501,-0.3157,0.9607,-0.1506,0.0311,1.0845,-0.1824,0.0600,0,1,0.5970,0.1521,0.0296,-0.1583,0.1494,-0.3172,0.5970,0.1521,0.0296,0.6602,0.1450,0.0000,0,1,0.5597,-0.1496,-0.0031,-0.1930,-0.1526,-0.3499,0.5597,-0.1496,-0.0031,0.5647,-0.1390,0.0000,1,1
0.7581,0.0021,0.3469,-0.0551,-0.0082,0.9167,0.1404,-0.0022,0.1575,0.1396,-0.3491,0.9167,0.1404,-0.0022,0.9560,0.1425,0.0000,1,1,0.9726,-0.1505,0.0189,0.2157,-0.1508,-0.3280,0.9726,-0.1505,0.0189,1.0887,-0.1815,0.0600,0,1,0.6041,0.1528,0.0175,-0.1552,0.1494,-0.3294,0.6041,0.1528,0.0175,0.6643,0.1457,0.0000,0,1,0.5598,-0.1496,-0.0032,-0.1970,-0.1533,-0.3501,0.5598,-0.1496,-0.0032,0.5669,-0.1383,0.0000,1,1
0.7626,0.0029,0.3471,-0.0602,-0.0059,0.9167,0.1405,-0.0022,0.1533,0.1385,-0.3493,0.9167,0.1405,-0.0022,0.9182,0.1038,0.0000,1,1,0.9772,-0.1470,0.0090,0.2155,-0.1486,-0.3381,0.9772,-0.1470,0.0090,1.0536,-0.1402,0.0600,0,1,0.6152,0.1545,0.0070,-0.1483,0.1507,-0.3401,0.6152,0.1545,0.0070,0.6684,0.1460,0.0000,0,1,0.5598,-0.1495,-0.0032,-0.2019,-0.1536,-0.3503,0.5598,-0.1495,-0.0032,0.5698,-0.1380,0.0000,1,1
0.7668,0.0037,0.3476,-0.0600,-0.0059,0.9165,0.1404,-0.0024,0.1489,0.1376,-0.3500,0.9165,0.1404,-0.0024,0.9204,0.1046,0.0000,1,1,1.0024,-0.1448,0.0017,0.2365,-0.1471,-0.3459,1.0024,-0.1448,0.0017,1.0578,-0.1394,0.0600,0,1,0.6218,0.1541,-0.0008,-0.1459,0.1495,-0.3484,0.6218,0.1541,-0.0008,0.6727,0.1469,0.0000,0,1,0.5596,-0.1496,-0.0031,-0.2063,-0.1545,-0.3507,0.5596,-0.1496,-0.0031,0.5720,-0.1371,0.0000,1,1
0.7712,0.0045,0.3478,-0.0568,-0.0056,0.9181,0.1406,-0.0009,0.1461,0.1369,-0.3487,0.9181,0.1406,-0.0009,1.0638,0.1455,0.0600,0,1,1.0177,-0.1446,-0.0011,0.2473,-0.1477,-0.3489,1.0177,-0.1446,-0.0011,0.9562,-0.1785,0.0000,1,1,0.6239,0.1533,-0.0037,-0.1481,0.1480,-0.3515,0.6239,0.1533,-0.0037,0.6110,0.1476,0.0000,1,1,0.5642,-0.1502,-0.0013,-0.2061,-0.1559,-0.3491,0.5642,-0.1502,-0.0013,0.6754,-0.1364,0.0000,0,1
0.7759,0.0051,0.3480,-0.0569,-0.0040,0.9241,0.1416,0.0057,0.1477,0.1371,-0.3423,0.9241,0.1416,0.0057,1.0683,0.1464,0.0600,0,1,1.0177,-0.1446,-0.0011,0.2424,-0.1487,-0.3491,1.0177,-0.1446,-0.0011,0.9592,-0.1776,0.0000,1,1,0.6239,0.1533,-0.0038,-0.1526,0.1476,-0.3518,0.6239,0.1533,-0.0038,0.6135,0.1479,0.0000,1,1,0.5760,-0.1500,0.0053,-0.1993,-0.1559,-0.3427,0.5760,-0.1500,0.0053,0.6804,-0.1361,0.0000,0,1
0.7805,0.0055,0.3484,-0.0580,-0.0023,0.9312,0.1425,0.0157,0.1504,0.1373,-0.3327,0.9312,0.1425,0.0157,1.0726,0.1470,0.0600,0,1,1.0178,-0.1446,-0.0011,0.2376,-0.1496,-0.3495,1.0178,-0.1446,-0.0011,0.9619,-0.1770,0.0000,1,1,0.6239,0.1533,-0.0038,-0.1569,0.1474,-0.3522,0.6239,0.1533,-0.0038,0.6158,0.1479,0.0000,1,1,0.5879,-0.1491,0.0153,-0.1922,-0.1550,-0.3331,0.5879,-0.1491,0.0153,0.6851,-0.1361,0.0000,0,1
0.7848,0.0056,0.3488,-0.0594,-0.0006,0.9388,0.1431,0.0279,0.1539,0.1376,-0.3209,0.9388,0.1431,0.0279,1.0767,0.1475,0.0600,0,1,1.0178,-0.1446,-0.0011,0.2331,-0.1501,-0.3499,1.0178,-0.1446,-0.0011,0.9646,-0.1765,0.0000,1,1,0.6239,0.1533,-0.0038,-0.1610,0.1476,-0.3526,0.6239,0.1533,-0.0038,0.6179,0.1478,0.0000,1,1,0.5989,-0.1483,0.0275,-0.1858,-0.1540,-0.3213,0.5989,-0.1483,0.0275,0.6898,-0.1362,0.0000,0,1
0.7890,0.0056,0.3492,-0.0609,0.0013,0.9460,0.1434,0.0410,0.1572,0.1376,-0.3082,0.9460,0.1434,0.0410,1.0806,0.1479,0.0600,0,1,1.0178,-0.1446,-0.0011,0.2286,-0.1505,-0.3503,1.0178,-0.1446,-0.0011,0.9670,-0.1761,0.0000,1,1,0.6239,0.1533,-0.0038,-0.1649,0.1479,-0.3530,0.6239,0.1533,-0.0038,0.6198,0.1474,0.0000,1,1,0.6090,-0.1477,0.0406,-0.1802,-0.1531,-0.3086,0.6090,-0.1477,0.0406,0.6942,-0.1366,0.0000,0,1
0.7931,0.0054,0.3496,-0.0624,0.0034,0.9528,0.1438,0.0537,0.1602,0.1379,-0.2959,0.9528,0.1438,0.0537,1.0844,0.1481,0.0600,0,1,1.0178,-0.1446,-0.0011,0.2242,-0.1508,-0.3507,1.0178,-0.1446,-0.0011,0.9694,-0.1759,0.0000,1,1,0.6240,0.1533,-0.0038,-0.1686,0.1485,-0.3534,0.6240,0.1533,-0.0038,0.6216,0.1468,0.0000,1,1,0.6181,-0.1472,0.0533,-0.1755,-0.1520,-0.2963,0.6181,-0.1472,0.0533,0.6986,-0.1372,0.0000,0,1
0.7970,0.0051,0.3499,-0.0641,0.0056,0.9592,0.1441,0.0648,0.1630,0.1381,-0.2851,0.9592,0.1441,0.0648,1.0880,0.1482,0.0600,0,1,1.0178,-0.1446,-0.0011,0.2200,-0.1509,-0.3510,1.0178,-0.1446,-0.0011,0.9716,-0.1758,0.0000,1,1,0.6240,0.1533,-0.0038,-0.1722,0.1492,-0.3537,0.6240,0.1533,-0.0038,0.6232,0.1460,0.0000,1,1,0.6265,-0.1469,0.0643,-0.1713,-0.1510,-0.2856,0.6265,-0.1469,0.0643,0.7028,-0.1380,0.0000,0,1
0.8008,0.0047,0.3502,-0.0657,0.0080,0.9648,0.1442,0.0729,0.1651,0.1382,-0.2773,0.9648,0.1442,0.0729,1.0915,0.1482,0.0600,0,1,1.0178,-0.1447,-0.0011,0.2158,-0.1511,-0.3513,1.0178,-0.1447,-0.0011,1.0537,-0.1757,0.0600,1,1,0.6240,0.1533,-0.0038,-0.1756,0.1500,-0.3540,0.6240,0.1533,-0.0038,0.6247,0.1451,0.0000,1,1,0.6342,-0.1467,0.0724,-0.1678,-0.1501,-0.2778,0.6342,-0.1467,0.0724,0.7070,-0.1388,0.0000,0,1
0.8045,0.0042,0.3505,-0.0671,0.0109,0.9663,0.1442,0.0768,0.1633,0.1382,-0.2737,0.9663,0.1442,0.0768,1.0948,0.1483,0.0600,0,1,1.0179,-0.1447,-0.0011,0.2118,-0.1512,-0.3516,1.0179,-0.1447,-0.0011,1.0559,-0.1757,0.0600,1,1,0.6240,0.1533,-0.0038,-0.1789,0.1511,-0.3543,0.6240,0.1533,-0.0038,0.6260,0.1441,0.0000,1,1,0.6413,-0.1470,0.0763,-0.1648,-0.1494,-0.2742,0.6413,-0.1470,0.0763,0.7111,-0.1399,0.0000,0,1
0.8081,0.0036,0.3508,-0.0680,0.0142,0.9671,0.1447,0.0756,0.1610,0.1388,-0.2752,0.9671,0.1447,0.0756,1.0979,0.1483,0.0600,0,1,1.0179,-0.1447,-0.0010,0.2077,-0.1513,-0.3518,1.0179,-0.1447,-0.0010,1.0579,-0.1757,0.0600,1,1,0.6240,0.1533,-0.0039,-0.1820,0.1523,-0.3547,0.6240,0.1533,-0.0039,0.6271,0.1428,0.0000,1,1,0.6481,-0.1476,0.0751,-0.1621,-0.1489,-0.2757,0.6481,-0.1476,0.0751,0.7152,-0.1412,0.0000,0,1
0.8117,0.0029,0.3511,-0.0684,0.0177,0.9664,0.1456,0.0699,0.1572,0.1399,-0.2812,0.9664,0.1456,0.0699,1.1009,0.1483,0.0600,0,1,1.0179,-0.1447,-0.0010,0.2036,-0.1512,-0.3521,1.0179,-0.1447,-0.0010,1.0599,-0.1757,0.0600,1,1,0.6241,0.1533,-0.0039,-0.1849,0.1537,-0.3550,0.6241,0.1533,-0.0039,0.6282,0.1414,0.0000,1,1,0.6549,-0.1484,0.0694,-0.1595,-0.1485,-0.2817,0.6549,-0.1484,0.0694,0.7192,-0.1425,0.0000,0,1
0.8151,0.0021,0.3514,-0.0684,0.0210,0.9647,0.1466,0.0608,0.1526,0.1413,-0.2906,0.9647,0.1466,0.0608,1.1039,0.1481,0.0600,0,1,1.0179,-0.1447,-0.0010,0.1997,-0.1510,-0.3524,1.0179,-0.1447,-0.0010,1.0619,-0.1758,0.0600,1,1,0.6241,0.1533,-0.0039,-0.1878,0.1552,-0.3553,0.6241,0.1533,-0.0039,0.6292,0.1400,0.0000,1,1,0.6617,-0.1492,0.0603,-0.1565,-0.1480,-0.2911,0.6617,-0.1492,0.0603,0.7232,-0.1439,0.0000,0,1
0.8186,0.0013,0.3517,-0.0682,0.0237,0.9631,0.1481,0.0494,0.1479,0.1433,-0.3023,0.9631,0.1481,0.0494,1.1070,0.1478,0.0600,0,1,1.0179,-0.1447,-0.0010,0.1958,-0.1507,-0.3527,1.0179,-0.1447,-0.0010,1.0637,-0.1762,0.0600,1,1,0.6241,0.1533,-0.0039,-0.1908,0.1566,-0.3556,0.6241,0.1533,-0.0039,0.6303,0.1386,0.0000,1,1,0.6682,-0.1499,0.0489,-0.1539,-0.1476,-0.3028,0.6682,-0.1499,0.0489,0.7270,-0.1453,0.0000,0,1
0.8222,0.0003,0.3520,-0.0689,0.0252,0.9615,0.1495,0.0369,0.1430,0.1456,-0.3151,0.9615,0.1495,0.0369,1.1103,0.1471,0.0600,0,1,1.0180,-0.1448,-0.0009,0.1921,-0.1500,-0.3529,1.0180,-0.1448,-0.0009,1.0655,-0.1768,0.0600,1,1,0.6242,0.1533,-0.0039,-0.1941,0.1579,-0.3559,0.6242,0.1533,-0.0039,0.6316,0.1374,0.0000,1,1,0.6751,-0.1505,0.0364,-0.1509,-0.1470,-0.3156,0.6751,-0.1505,0.0364,0.7308,-0.1466,0.0000,0,1
0.8259,-0.0007,0.3524,-0.0724,0.0250,0.9664,0.1497,0.0243,0.1442,0.1468,-0.3281,0.9664,0.1497,0.0243,1.1141,0.1461,0.0600,0,1,1.0181,-0.1448,-0.0009,0.1885,-0.1489,-0.3533,1.0181,-0.1448,-0.0009,1.0672,-0.1778,0.0600,1,1,0.6243,0.1532,-0.0040,-0.1977,0.1589,-0.3564,0.6243,0.1532,-0.0040,0.6334,0.1364,0.0000,1,1,0.6827,-0.1511,0.0238,-0.1469,-0.1468,-0.3286,0.6827,-0.1511,0.0238,0.7345,-0.1475,0.0000,0,1
0.8297,-0.0017,0.3529,-0.0795,0.0232,0.9897,0.1477,0.0128,0.1634,0.1456,-0.3401,0.9897,0.1477,0.0128,1.1182,0.1447,0.0600,0,1,1.0180,-0.1449,-0.0009,0.1849,-0.1475,-0.3538,1.0180,-0.1449,-0.0009,1.0688,-0.1792,0.0600,1,1,0.6242,0.1532,-0.0040,-0.2019,0.1596,-0.3569,0.6242,0.1532,-0.0040,0.6355,0.1357,0.0000,1,1,0.6903,-0.1519,0.0123,-0.1428,-0.1469,-0.3406,0.6903,-0.1519,0.0123,0.7381,-0.1482,0.0000,0,1
0.8336,-0.0029,0.3535,-0.0872,0.0204,1.0315,0.1433,0.0033,0.2008,0.1421,-0.3502,1.0315,0.1433,0.0033,1.1225,0.1430,0.0600,0,1,1.0178,-0.1447,-0.0010,0.1813,-0.1455,-0.3545,1.0178,-0.1447,-0.0010,1.0703,-0.1810,0.0600,1,1,0.6240,0.1533,-0.0038,-0.2064,0.1604,-0.3573,0.6240,0.1533,-0.0038,0.6378,0.1351,0.0000,1,1,0.6964,-0.1531,0.0030,-0.1402,-0.1474,-0.3505,0.6964,-0.1531,0.0030,0.7416,-0.1489,0.0000,0,1
0.8371,-0.0043,0.3542,-0.0845,0.0180,1.0845,0.1416,-0.0025,0.2500,0.1414,-0.3567,1.0845,0.1416,-0.0025,1.1263,0.1411,0.0600,0,1,1.0171,-0.1444,-0.0015,0.1774,-0.1433,-0.3557,1.0171,-0.1444,-0.0015,1.0714,-0.1829,0.0600,1,1,0.6233,0.1535,-0.0034,-0.2109,0.1616,-0.3576,0.6233,0.1535,-0.0034,0.6396,0.1341,0.0000,1,1,0.6978,-0.1518,-0.0033,-0.1419,-0.1450,-0.3575,0.6978,-0.1518,-0.0033,0.7447,-0.1498,0.0000,0,1
0.8415,-0.0055,0.3543,-0.0830,0.0121,1.0845,0.1416,-0.0024,0.2448,0.1441,-0.3567,1.0845,0.1416,-0.0024,1.0646,0.1388,0.0600,1,1,1.0059,-0.1482,0.0030,0.1627,-0.1447,-0.3513,1.0059,-0.1482,0.0030,1.1350,-0.1452,0.0600,0,1,0.6351,0.1538,0.0011,-0.2045,0.1618,-0.3532,0.6351,0.1538,0.0011,0.7448,0.1341,0.0000,0,1,0.6978,-0.1518,-0.0034,-0.1455,-0.1446,-0.3577,0.6978,-0.1518,-0.0034,0.6812,-0.1499,0.0000,1,1
0.8459,-0.0064,0.3545,-0.0803,0.0065,1.0846,0.1417,-0.0024,0.2397,0.1465,-0.3569,1.0846,0.1417,-0.0024,1.0677,0.1369,0.0600,1,1,0.9852,-0.1514,0.0115,0.1384,-0.1459,-0.3430,0.9852,-0.1514,0.0115,1.1386,-0.1471,0.0600,0,1,0.6484,0.1524,0.0095,-0.1965,0.1601,-0.3450,0.6484,0.1524,0.0095,0.7499,0.1344,0.0000,0,1,0.6979,-0.1517,-0.0035,-0.1489,-0.1443,-0.3580,0.6979,-0.1517,-0.0035,0.6828,-0.1496,0.0000,1,1
0.8501,-0.0069,0.3549,-0.0783,0.0014,1.0847,0.1417,-0.0023,0.2348,0.1483,-0.3572,1.0847,0.1417,-0.0023,1.0707,0.1354,0.0600,1,1,0.9704,-0.1535,0.0229,0.1201,-0.1468,-0.3320,0.9704,-0.1535,0.0229,1.1421,-0.1486,0.0600,0,1,0.6607,0.1513,0.0208,-0.1892,0.1585,-0.3341,0.6607,0.1513,0.0208,0.7549,0.1349,0.0000,0,1,0.6980,-0.1517,-0.0035,-0.1523,-0.1446,-0.3584,0.6980,-0.1517,-0.0035,0.6843,-0.1491,0.0000,1,1
0.8542,-0.0071,0.3554,-0.0778,-0.0037,1.0847,0.1417,-0.0024,0.2299,0.1497,-0.3578,1.0847,0.1417,-0.0024,1.0735,0.1342,0.0600,1,1,0.9706,-0.1539,0.0357,0.1169,-0.1464,-0.3197,0.9706,-0.1539,0.0357,1.1455,-0.1498,0.0600,0,1,0.6718,0.1502,0.0336,-0.1830,0.1566,-0.3218,0.6718,0.1502,0.0336,0.7597,0.1356,0.0000,0,1,0.6980,-0.1517,-0.0035,-0.1557,-0.1452,-0.3589,0.6980,-0.1517,-0.0035,0.6857,-0.1484,0.0000,1,1
0.8583,-0.0072,0.3559,-0.0787,-0.0082,1.0847,0.1417,-0.0024,0.2252,0.1508,-0.3583,1.0847,0.1417,-0.0024,1.0762,0.1332,0.0600,1,1,0.9750,-0.1537,0.0487,0.1179,-0.1455,-0.3072,0.9750,-0.1537,0.0487,1.1489,-0.1508,0.0600,0,1,0.6824,0.1494,0.0466,-0.1772,0.1552,-0.3093,0.6824,0.1494,0.0466,0.7644,0.1364,0.0000,0,1,0.6980,-0.1518,-0.0035,-0.1591,-0.1459,-0.3594,0.6980,-0.1518,-0.0035,0.6871,-0.1476,0.0000,1,1
0.8623,-0.0071,0.3564,-0.0804,-0.0124,1.0847,0.1417,-0.0024,0.2205,0.1515,-0.3588,1.0847,0.1417,-0.0024,1.0788,0.1326,0.0600,1,1,0.9798,-0.1533,0.0608,0.1193,-0.1447,-0.2956,0.9798,-0.1533,0.0608,1.1523,-0.1514,0.0600,0,1,0.6923,0.1487,0.0586,-0.1719,0.1537,-0.2978,0.6923,0.1487,0.0586,0.7690,0.1373,0.0000,0,1,0.6980,-0.1518,-0.0035,-0.1625,-0.1467,-0.3599,0.6980,-0.1518,-0.0035,0.6885,-0.1466,0.0000,1,1
0.8662,-0.0068,0.3568,-0.0822,-0.0163,1.0847,0.1417,-0.0023,0.2161,0.1520,-0.3591,1.0847,0.1417,-0.0023,1.0813,0.1321,0.0600,1,1,0.9843,-0.1528,0.0705,0.1205,-0.1441,-0.2863,0.9843,-0.1528,0.0705,1.1556,-0.1519,0.0600,0,1,0.7015,0.1482,0.0684,-0.1672,0.1523,-0.2884,0.7015,0.1482,0.0684,0.7735,0.1384,0.0000,0,1,0.6980,-0.1517,-0.0035,-0.1658,-0.1476,-0.3603,0.6980,-0.1517,-0.0035,0.6899,-0.1456,0.0000,1,1
0.8700,-0.0064,0.3571,-0.0838,-0.0201,1.0847,0.1417,-0.0023,0.2117,0.1524,-0.3594,1.0847,0.1417,-0.0023,1.0836,0.1318,0.0600,1,1,0.9881,-0.1524,0.0767,0.1210,-0.1436,-0.2804,0.9881,-0.1524,0.0767,1.1589,-0.1522,0.0600,0,1,0.7100,0.1479,0.0745,-0.1631,0.1511,-0.2826,0.7100,0.1479,0.0745,0.7779,0.1395,0.0000,0,1,0.6980,-0.1517,-0.0035,-0.1690,-0.1487,-0.3606,0.6980,-0.1517,-0.0035,0.6912,-0.1444,0.0000,1,1
0.8737,-0.0058,0.3574,-0.0853,-0.0238,1.0847,0.1417,-0.0023,0.2074,0.1525,-0.3597,1.0847,0.1417,-0.0023,1.0859,0.1316,0.0600,1,1,0.9902,-0.1520,0.0781,0.1199,-0.1434,-0.2793,0.9902,-0.1520,0.0781,1.1621,-0.1523,0.0600,0,1,0.7181,0.1480,0.0759,-0.1592,0.1501,-0.2815,0.7181,0.1480,0.0759,0.7822,0.1408,0.0000,0,1,0.6980,-0.1517,-0.0035,-0.1722,-0.1500,-0.3609,0.6980,-0.1517,-0.0035,0.6924,-0.1431,0.0000,1,1
0.8774,-0.0052,0.3576,-0.0868,-0.0272,1.0848,0.1417,-0.0023,0.2033,0.1525,-0.3599,1.0848,0.1417,-0.0023,1.0880,0.1315,0.0600,1,1,0.9908,-0.1518,0.0745,0.1173,-0.1435,-0.2831,0.9908,-0.1518,0.0745,1.1653,-0.1523,0.0600,0,1,0.7263,0.1484,0.0723,-0.1552,0.1494,-0.2853,0.7263,0.1484,0.0723,0.7864,0.1421,0.0000,0,1,0.6980,-0.1517,-0.0035,-0.1753,-0.1513,-0.3611,0.6980,-0.1517,-0.0035,0.6936,-0.1418,0.0000,1,1
0.8811,-0.0045,0.3577,-0.0881,-0.0304,1.0848,0.1417,-0.0023,0.1992,0.1523,-0.3600,1.0848,0.1417,-0.0023,1.0901,0.1316,0.0600,1,1,0.9905,-0.1519,0.0671,0.1138,-0.1440,-0.2906,0.9905,-0.1519,0.0671,1.1685,-0.1522,0.0600,0,1,0.7345,0.1489,0.0649,-0.1512,0.1489,-0.2928,0.7345,0.1489,0.0649,0.7905,0.1434,0.0000,0,1,0.6981,-0.1517,-0.0036,-0.1784,-0.1527,-0.3613,0.6981,-0.1517,-0.0036,0.6948,-0.1405,0.0000,1,1
0.8847,-0.0037,0.3579,-0.0896,-0.0329,1.0848,0.1418,-0.0022,0.1952,0.1520,-0.3601,1.0848,0.1418,-0.0022,1.0920,0.1319,0.0600,1,1,0.9788,-0.1516,0.0566,0.0989,-0.1447,-0.3013,0.9788,-0.1516,0.0566,1.1717,-0.1520,0.0600,0,1,0.7443,0.1493,0.0544,-0.1454,0.1483,-0.3035,0.7443,0.1493,0.0544,0.7944,0.1446,0.0000,0,1,0.6981,-0.1517,-0.0036,-0.1816,-0.1541,-0.3615,0.6981,-0.1517,-0.0036,0.6961,-0.1393,0.0000,1,1
0.8881,-0.0030,0.3580,-0.0910,-0.0351,1.0849,0.1418,-0.0022,0.1916,0.1516,-0.3602,1.0849,0.1418,-0.0022,1.0938,0.1322,0.0600,1,1,0.9672,-0.1527,0.0445,0.0843,-0.1468,-0.3135,0.9672,-0.1527,0.0445,1.1748,-0.1517,0.0600,0,1,0.7542,0.1493,0.0423,-0.1392,0.1475,-0.3157,0.7542,0.1493,0.0423,0.7983,0.1458,0.0000,0,1,0.6982,-0.1516,-0.0036,-0.1846,-0.1552,-0.3616,0.6982,-0.1516,-0.0036,0.6973,-0.1381,0.0000,1,1
0.8916,-0.0023,0.3583,-0.0941,-0.0364,1.0849,0.1419,-0.0021,0.1879,0.1511,-0.3604,1.0849,0.1419,-0.0021,1.0954,0.1326,0.0600,1,1,0.9602,-0.1538,0.0318,0.0741,-0.1489,-0.3265,0.9602,-0.1538,0.0318,1.1781,-0.1512,0.0600,0,1,0.7644,0.1491,0.0296,-0.1326,0.1467,-0.3287,0.7644,0.1491,0.0296,0.8019,0.1467,0.0000,0,1,0.6983,-0.1516,-0.0037,-0.1877,-0.1562,-0.3620,0.6983,-0.1516,-0.0037,0.6986,-0.1371,0.0000,1,1
0.8951,-0.0016,0.3587,-0.1007,-0.0358,1.0850,0.1420,-0.0021,0.1846,0.1503,-0.3608,1.0850,0.1420,-0.0021,1.0968,0.1334,0.0600,1,1,0.9640,-0.1517,0.0197,0.0742,-0.1475,-0.3390,0.9640,-0.1517,0.0197,1.1817,-0.1504,0.0600,0,1,0.7756,0.1493,0.0174,-0.1248,0.1465,-0.3413,0.7756,0.1493,0.0174,0.8053,0.1473,0.0000,0,1,0.6983,-0.1515,-0.0038,-0.1913,-0.1568,-0.3625,0.6983,-0.1515,-0.0038,0.7001,-0.1365,0.0000,1,1
0.8985,-0.0010,0.3592,-0.1099,-0.0334,1.0848,0.1420,-0.0021,0.1814,0.1491,-0.3613,1.0848,0.1420,-0.0021,1.0980,0.1345,0.0600,1,1,0.9956,-0.1440,0.0090,0.1018,-0.1397,-0.3502,0.9956,-0.1440,0.0090,1.1855,-0.1493,0.0600,0,1,0.7856,0.1498,0.0069,-0.1179,0.1469,-0.3523,0.7856,0.1498,0.0069,0.8084,0.1475,0.0000,0,1,0.6982,-0.1515,-0.0037,-0.1952,-0.1571,-0.3629,0.6982,-0.1515,-0.0037,0.7019,-0.1364,0.0000,1,1
0.9017,-0.0003,0.3600,-0.1139,-0.0294,1.0846,0.1416,-0.0024,0.1786,0.1472,-0.3624,1.0846,0.1416,-0.0024,1.0986,0.1360,0.0600,1,1,1.0432,-0.1346,0.0013,0.1454,-0.1301,-0.3587,1.0432,-0.1346,0.0013,1.1892,-0.1479,0.0600,0,1,0.7911,0.1497,-0.0009,-0.1150,0.1467,-0.3609,0.7911,0.1497,-0.0009,0.8109,0.1474,0.0000,0,1,0.6979,-0.1518,-0.0034,-0.1993,-0.1574,-0.3634,0.6979,-0.1518,-0.0034,0.7036,-0.1365,0.0000,1,1
0.9048,0.0005,0.3604,-0.1095,-0.0240,1.0712,0.1441,-0.0010,0.1629,0.1476,-0.3614,1.0712,0.1441,-0.0010,1.1999,0.1379,0.0600,0,1,1.0691,-0.1315,-0.0011,0.1674,-0.1280,-0.3615,1.0691,-0.1315,-0.0011,1.1271,-0.1461,0.0600,1,1,0.7916,0.1481,-0.0039,-0.1167,0.1448,-0.3643,0.7916,0.1481,-0.0039,0.7472,0.1471,0.0000,1,1,0.7027,-0.1523,-0.0014,-0.1984,-0.1576,-0.3618,0.7027,-0.1523,-0.0014,0.8064,-0.1368,0.0000,0,1
0.9083,0.0010,0.3605,-0.1055,-0.0173,1.0383,0.1497,0.0056,0.1274,0.1509,-0.3549,1.0383,0.1497,0.0056,1.2025,0.1397,0.0600,0,1,1.0692,-0.1315,-0.0011,0.1632,-0.1297,-0.3616,1.0692,-0.1315,-0.0011,1.1296,-0.1443,0.0600,1,1,0.7917,0.1480,-0.0039,-0.1191,0.1450,-0.3644,0.7917,0.1480,-0.0039,0.7478,0.1464,0.0000,1,1,0.7159,-0.1511,0.0051,-0.1897,-0.1554,-0.3554,0.7159,-0.1511,0.0051,0.8109,-0.1376,0.0000,0,1
0.9117,0.0013,0.3607,-0.1015,-0.0110,1.0085,0.1535,0.0158,0.0951,0.1533,-0.3449,1.0085,0.1535,0.0158,1.2050,0.1412,0.0600,0,1,1.0693,-0.1316,-0.0010,0.1591,-0.1312,-0.3617,1.0693,-0.1316,-0.0010,1.1319,-0.1428,0.0600,1,1,0.7918,0.1480,-0.0040,-0.1215,0.1454,-0.3647,0.7918,0.1480,-0.0040,0.7482,0.1454,0.0000,1,1,0.7285,-0.1497,0.0151,-0.1815,-0.1530,-0.3456,0.7285,-0.1497,0.0151,0.8151,-0.1385,0.0000,0,1
0.9150,0.0014,0.3610,-0.0998,-0.0048,0.9975,0.1548,0.0281,0.0818,0.1538,-0.3329,0.9975,0.1548,0.0281,1.2075,0.1425,0.0600,0,1,1.0693,-0.1315,-0.0011,0.1549,-0.1322,-0.3621,1.0693,-0.1315,-0.0011,1.1341,-0.1415,0.0600,1,1,0.7918,0.1480,-0.0039,-0.1239,0.1460,-0.3649,0.7918,0.1480,-0.0039,0.7487,0.1443,0.0000,1,1,0.7393,-0.1489,0.0273,-0.1750,-0.1511,-0.3337,0.7393,-0.1489,0.0273,0.8193,-0.1397,0.0000,0,1
0.9183,0.0013,0.3614,-0.1008,0.0009,0.9995,0.1535,0.0412,0.0813,0.1521,-0.3202,0.9995,0.1535,0.0412,1.2100,0.1435,0.0600,0,1,1.0693,-0.1315,-0.0011,0.1509,-0.1329,-0.3625,1.0693,-0.1315,-0.0011,1.1362,-0.1405,0.0600,1,1,0.7918,0.1481,-0.0039,-0.1264,0.1469,-0.3653,0.7918,0.1481,-0.0039,0.7492,0.1432,0.0000,1,1,0.7495,-0.1486,0.0404,-0.1689,-0.1497,-0.3210,0.7495,-0.1486,0.0404,0.8234,-0.1408,0.0000,0,1
0.9216,0.0011,0.3617,-0.1034,0.0059,1.0055,0.1513,0.0539,0.0848,0.1497,-0.3078,1.0055,0.1513,0.0539,1.2125,0.1443,0.0600,0,1,1.0693,-0.1314,-0.0011,0.1469,-0.1334,-0.3628,1.0693,-0.1314,-0.0011,1.1382,-0.1397,0.0600,1,1,0.7918,0.1481,-0.0039,-0.1289,0.1478,-0.3656,0.7918,0.1481,-0.0039,0.7498,0.1420,0.0000,1,1,0.7591,-0.1486,0.0531,-0.1634,-0.1487,-0.3086,0.7591,-0.1486,0.0531,0.8274,-0.1420,0.0000,0,1
0.9249,0.0008,0.3620,-0.1062,0.0101,0.9963,0.1491,0.0651,0.0729,0.1476,-0.2969,0.9963,0.1491,0.0651,1.2152,0.1448,0.0600,0,1,1.0694,-0.1315,-0.0010,0.1432,-0.1338,-0.3630,1.0694,-0.1315,-0.0010,1.1401,-0.1392,0.0600,1,1,0.7918,0.1480,-0.0040,-0.1316,0.1485,-0.3660,0.7918,0.1480,-0.0040,0.7505,0.1409,0.0000,1,1,0.7680,-0.1491,0.0641,-0.1584,-0.1483,-0.2979,0.7680,-0.1491,0.0641,0.8313,-0.1431,0.0000,0,1
0.9281,0.0004,0.3623,-0.1081,0.0144,0.9938,0.1479,0.0732,0.0678,0.1465,-0.2891,0.9938,0.1479,0.0732,1.2178,0.1451,0.0600,0,1,1.0694,-0.1315,-0.0010,0.1394,-0.1339,-0.3633,1.0694,-0.1315,-0.0010,1.1419,-0.1388,0.0600,1,1,0.7919,0.1480,-0.0040,-0.1341,0.1495,-0.3663,0.7919,0.1480,-0.0040,0.7510,0.1396,0.0000,1,1,0.7756,-0.1497,0.0722,-0.1546,-0.1479,-0.2901,0.7756,-0.1497,0.0722,0.8351,-0.1444,0.0000,0,1
0.9311,-0.0001,0.3627,-0.1097,0.0182,0.9948,0.1467,0.0771,0.0664,0.1456,-0.2856,0.9948,0.1467,0.0771,1.2203,0.1453,0.0600,0,1,1.0694,-0.1315,-0.0010,0.1359,-0.1339,-0.3637,1.0694,-0.1315,-0.0010,1.1435,-0.1386,0.0600,1,1,0.7919,0.1480,-0.0040,-0.1365,0.1506,-0.3667,0.7919,0.1480,-0.0040,0.7516,0.1383,0.0000,1,1,0.7825,-0.1502,0.0761,-0.1513,-0.1474,-0.2866,0.7825,-0.1502,0.0761,0.8388,-0.1456,0.0000,0,1
0.9342,-0.0007,0.3630,-0.1107,0.0212,0.9943,0.1462,0.0759,0.0632,0.1456,-0.2871,0.9943,0.1462,0.0759,1.2230,0.1453,0.0600,0,1,1.0694,-0.1315,-0.0010,0.1324,-0.1336,-0.3640,1.0694,-0.1315,-0.0010,1.1450,-0.1387,0.0600,1,1,0.7919,0.1480,-0.0040,-0.1391,0.1517,-0.3670,0.7919,0.1480,-0.0040,0.7522,0.1371,0.0000,1,1,0.7892,-0.1509,0.0749,-0.1482,-0.1471,-0.2881,0.7892,-0.1509,0.0749,0.8423,-0.1468,0.0000,0,1
0.9373,-0.0015,0.3633,-0.1110,0.0231,0.9912,0.1469,0.0702,0.0573,0.1471,-0.2931,0.9912,0.1469,0.0702,1.2257,0.1449,0.0600,0,1,1.0694,-0.1315,-0.0010,0.1291,-0.1330,-0.3643,1.0694,-0.1315,-0.0010,1.1463,-0.1390,0.0600,1,1,0.7919,0.1480,-0.0040,-0.1419,0.1528,-0.3673,0.7919,0.1480,-0.0040,0.7530,0.1360,0.0000,1,1,0.7959,-0.1516,0.0692,-0.1448,-0.1468,-0.2941,0.7959,-0.1516,0.0692,0.8456,-0.1479,0.0000,0,1
0.9403,-0.0023,0.3635,-0.1106,0.0238,0.9844,0.1497,0.0610,0.0477,0.1509,-0.3025,0.9844,0.1497,0.0610,1.2287,0.1443,0.0600,0,1,1.0694,-0.1315,-0.0010,0.1260,-0.1322,-0.3645,1.0694,-0.1315,-0.0010,1.1475,-0.1397,0.0600,1,1,0.7919,0.1480,-0.0040,-0.1448,0.1538,-0.3675,0.7919,0.1480,-0.0040,0.7540,0.1351,0.0000,1,1,0.8024,-0.1520,0.0601,-0.1414,-0.1464,-0.3034,0.8024,-0.1520,0.0601,0.8488,-0.1489,0.0000,0,1
0.9435,-0.0031,0.3637,-0.1100,0.0231,0.9733,0.1557,0.0496,0.0335,0.1581,-0.3141,0.9733,0.1557,0.0496,1.2320,0.1433,0.0600,0,1,1.0695,-0.1316,-0.0010,0.1230,-0.1314,-0.3647,1.0695,-0.1316,-0.0010,1.1485,-0.1407,0.0600,1,1,0.7920,0.1480,-0.0040,-0.1480,0.1546,-0.3677,0.7920,0.1480,-0.0040,0.7553,0.1343,0.0000,1,1,0.8090,-0.1522,0.0487,-0.1379,-0.1460,-0.3150,0.8090,-0.1522,0.0487,0.8518,-0.1496,0.0000,0,1
0.9468,-0.0041,0.3639,-0.1114,0.0210,0.9620,0.1636,0.0370,0.0187,0.1673,-0.3269,0.9620,0.1636,0.0370,1.2356,0.1419,0.0600,0,1,1.0696,-0.1317,-0.0009,0.1201,-0.1302,-0.3648,1.0696,-0.1317,-0.0009,1.1495,-0.1420,0.0600,1,1,0.7921,0.1478,-0.0041,-0.1515,0.1551,-0.3680,0.7921,0.1478,-0.0041,0.7568,0.1338,0.0000,1,1,0.8163,-0.1534,0.0362,-0.1336,-0.1465,-0.3277,0.8163,-0.1534,0.0362,0.8548,-0.1502,0.0000,0,1
0.9503,-0.0051,0.3641,-0.1174,0.0178,0.9714,0.1628,0.0249,0.0241,0.1675,-0.3392,0.9714,0.1628,0.0249,1.2396,0.1403,0.0600,0,1,1.0696,-0.1318,-0.0008,0.1170,-0.1288,-0.3649,1.0696,-0.1318,-0.0008,1.1506,-0.1436,0.0600,1,1,0.7922,0.1478,-0.0042,-0.1554,0.1557,-0.3683,0.7922,0.1478,-0.0042,0.7588,0.1334,0.0000,1,1,0.8250,-0.1552,0.0236,-0.1280,-0.1478,-0.3405,0.8250,-0.1552,0.0236,0.8579,-0.1506,0.0000,0,1
0.9543,-0.0061,0.3646,-0.1300,0.0146,1.0251,0.1508,0.0130,0.0731,0.1558,-0.3516,1.0251,0.1508,0.0130,1.2441,0.1386,0.0600,0,1,1.0696,-0.1318,-0.0009,0.1135,-0.1274,-0.3655,1.0696,-0.1318,-0.0009,1.1522,-0.1453,0.0600,1,1,0.7921,0.1477,-0.0042,-0.1599,0.1562,-0.3688,0.7921,0.1477,-0.0042,0.7613,0.1330,0.0000,1,1,0.8316,-0.1560,0.0121,-0.1249,-0.1481,-0.3525,0.8316,-0.1560,0.0121,0.8614,-0.1510,0.0000,0,1
0.9584,-0.0074,0.3654,-0.1420,0.0127,1.1191,0.1354,0.0043,0.1625,0.1407,-0.3611,1.1191,0.1354,0.0043,1.2483,0.1370,0.0600,0,1,1.0692,-0.1314,-0.0011,0.1092,-0.1254,-0.3665,1.0692,-0.1314,-0.0011,1.1539,-0.1470,0.0600,1,1,0.7917,0.1481,-0.0038,-0.1647,0.1576,-0.3692,0.7917,0.1481,-0.0038,0.7636,0.1321,0.0000,1,1,0.8353,-0.1555,0.0028,-0.1250,-0.1465,-0.3626,0.8353,-0.1555,0.0028,0.8652,-0.1519,0.0000,0,1
0.9617,-0.0090,0.3663,-0.1376,0.0122,1.2104,0.1301,0.0005,0.2504,0.1361,-0.3658,1.2104,0.1301,0.0005,1.2517,0.1353,0.0600,0,1,1.0681,-0.1306,-0.0017,0.1049,-0.1229,-0.3680,1.0681,-0.1306,-0.0017,1.1552,-0.1486,0.0600,1,1,0.7905,0.1488,-0.0032,-0.1693,0.1599,-0.3695,0.7905,0.1488,-0.0032,0.7649,0.1306,0.0000,1,1,0.8351,-0.1499,-0.0037,-0.1283,-0.1393,-0.3700,0.8351,-0.1499,-0.0037,0.8684,-0.1534,0.0000,0,1
0.9663,-0.0102,0.3661,-0.1347,0.0047,1.2105,0.1303,0.0006,0.2449,0.1394,-0.3655,1.2105,0.1303,0.0006,1.1904,0.1327,0.0600,1,1,1.0484,-0.1355,0.0034,0.0815,-0.1257,-0.3627,1.0484,-0.1355,0.0034,1.2587,-0.1513,0.0600,0,1,0.8000,0.1495,0.0013,-0.1655,0.1605,-0.3648,0.8000,0.1495,0.0013,0.8706,0.1309,0.0000,0,1,0.8352,-0.1497,-0.0038,-0.1318,-0.1389,-0.3699,0.8352,-0.1497,-0.0038,0.8049,-0.1531,0.0000,1,1
0.9709,-0.0108,0.3660,-0.1286,-0.0018,1.2106,0.1306,0.0008,0.2394,0.1418,-0.3652,1.2106,0.1306,0.0008,1.1940,0.1308,0.0600,1,1,1.0066,-0.1559,0.0117,0.0360,-0.1450,-0.3543,1.0066,-0.1559,0.0117,1.2625,-0.1532,0.0600,0,1,0.8091,0.1496,0.0099,-0.1621,0.1601,-0.3561,0.8091,0.1496,0.0099,0.8762,0.1315,0.0000,0,1,0.8354,-0.1494,-0.0040,-0.1353,-0.1388,-0.3700,0.8354,-0.1494,-0.0040,0.8067,-0.1525,0.0000,1,1
0.9755,-0.0111,0.3661,-0.1231,-0.0078,1.2106,0.1307,0.0008,0.2340,0.1436,-0.3653,1.2106,0.1307,0.0008,1.1974,0.1294,0.0600,1,1,0.9778,-0.1689,0.0238,0.0035,-0.1578,-0.3423,0.9778,-0.1689,0.0238,1.2662,-0.1546,0.0600,0,1,0.8178,0.1489,0.0211,-0.1589,0.1588,-0.3450,0.8178,0.1489,0.0211,0.8816,0.1324,0.0000,0,1,0.8354,-0.1494,-0.0040,-0.1390,-0.1394,-0.3701,0.8354,-0.1494,-0.0040,0.8084,-0.1516,0.0000,1,1
0.9800,-0.0112,0.3663,-0.1199,-0.0131,1.2107,0.1306,0.0008,0.2288,0.1448,-0.3655,1.2107,0.1306,0.0008,1.2006,0.1283,0.0600,1,1,0.9756,-0.1662,0.0367,-0.0024,-0.1550,-0.3296,0.9756,-0.1662,0.0367,1.2699,-0.1557,0.0600,0,1,0.8258,0.1479,0.0339,-0.1563,0.1571,-0.3324,0.8258,0.1479,0.0339,0.8869,0.1334,0.0000,0,1,0.8354,-0.1495,-0.0040,-0.1428,-0.1402,-0.3703,0.8354,-0.1495,-0.0040,0.8102,-0.1506,0.0000,1,1
0.9844,-0.0109,0.3665,-0.1179,-0.0180,1.2107,0.1304,0.0007,0.2237,0.1454,-0.3658,1.2107,0.1304,0.0007,1.2037,0.1276,0.0600,1,1,0.9870,-0.1579,0.0499,0.0052,-0.1469,-0.3166,0.9870,-0.1579,0.0499,1.2736,-0.1564,0.0600,0,1,0.8331,0.1479,0.0469,-0.1541,0.1561,-0.3196,0.8331,0.1479,0.0469,0.8920,0.1345,0.0000,0,1,0.8354,-0.1495,-0.0040,-0.1465,-0.1413,-0.3705,0.8354,-0.1495,-0.0040,0.8119,-0.1494,0.0000,1,1
0.9887,-0.0104,0.3667,-0.1163,-0.0222,1.2107,0.1305,0.0007,0.2188,0.1458,-0.3660,1.2107,0.1305,0.0007,1.2066,0.1273,0.0600,1,1,0.9984,-0.1535,0.0620,0.0129,-0.1428,-0.3047,0.9984,-0.1535,0.0620,1.2773,-0.1567,0.0600,0,1,0.8396,0.1488,0.0589,-0.1526,0.1559,-0.3078,0.8396,0.1488,0.0589,0.8969,0.1359,0.0000,0,1,0.8354,-0.1495,-0.0040,-0.1502,-0.1425,-0.3707,0.8354,-0.1495,-0.0040,0.8136,-0.1481,0.0000,1,1
0.9930,-0.0097,0.3669,-0.1154,-0.0255,1.2107,0.1305,0.0008,0.2141,0.1457,-0.3661,1.2107,0.1305,0.0008,1.2094,0.1273,0.0600,1,1,1.0079,-0.1519,0.0718,0.0185,-0.1418,-0.2951,1.0079,-0.1519,0.0718,1.2811,-0.1566,0.0600,0,1,0.8457,0.1498,0.0686,-0.1513,0.1557,-0.2983,0.8457,0.1498,0.0686,0.9017,0.1372,0.0000,0,1,0.8354,-0.1495,-0.0040,-0.1540,-0.1438,-0.3709,0.8354,-0.1495,-0.0040,0.8155,-0.1467,0.0000,1,1
0.9973,-0.0088,0.3671,-0.1151,-0.0279,1.2107,0.1305,0.0008,0.2094,0.1452,-0.3663,1.2107,0.1305,0.0008,1.2120,0.1278,0.0600,1,1,1.0165,-0.1518,0.0780,0.0232,-0.1424,-0.2891,1.0165,-0.1518,0.0780,1.2851,-0.1561,0.0600,0,1,0.8515,0.1506,0.0748,-0.1502,0.1553,-0.2923,0.8515,0.1506,0.0748,0.9063,0.1386,0.0000,0,1,0.8354,-0.1495,-0.0040,-0.1579,-0.1452,-0.3711,0.8354,-0.1495,-0.0040,0.8174,-0.1453,0.0000,1,1
1.0015,-0.0077,0.3673,-0.1149,-0.0290,1.2107,0.1305,0.0008,0.2051,0.1442,-0.3665,1.2107,0.1305,0.0008,1.2144,0.1286,0.0600,1,1,1.0218,-0.1537,0.0794,0.0245,-0.1453,-0.2879,1.0218,-0.1537,0.0794,1.2891,-0.1552,0.0600,0,1,0.8572,0.1513,0.0762,-0.1488,0.1547,-0.2911,0.8572,0.1513,0.0762,0.9107,0.1399,0.0000,0,1,0.8354,-0.1495,-0.0040,-0.1619,-0.1466,-0.3713,0.8354,-0.1495,-0.0040,0.8195,-0.1440,0.0000,1,1
1.0057,-0.0065,0.3676,-0.1127,-0.0288,1.2108,0.1305,0.0008,0.2011,0.1428,-0.3668,1.2108,0.1305,0.0008,1.2165,0.1299,0.0600,1,1,1.0078,-0.1579,0.0759,0.0065,-0.1513,-0.2917,1.0078,-0.1579,0.0759,1.2933,-0.1540,0.0600,0,1,0.8625,0.1518,0.0726,-0.1477,0.1541,-0.2950,0.8625,0.1518,0.0726,0.9149,0.1411,0.0000,0,1,0.8355,-0.1495,-0.0041,-0.1660,-0.1478,-0.3717,0.8355,-0.1495,-0.0041,0.8217,-0.1428,0.0000,1,1
1.0097,-0.0051,0.3678,-0.1091,-0.0274,1.2108,0.1306,0.0009,0.1973,0.1412,-0.3669,1.2108,0.1306,0.0009,1.2184,0.1316,0.0600,1,1,0.9897,-0.1693,0.0682,-0.0155,-0.1647,-0.2996,0.9897,-0.1693,0.0682,1.2976,-0.1523,0.0600,0,1,0.8670,0.1527,0.0650,-0.1470,0.1538,-0.3028,0.8670,0.1527,0.0650,0.9187,0.1422,0.0000,0,1,0.8356,-0.1494,-0.0041,-0.1701,-0.1490,-0.3719,0.8356,-0.1494,-0.0041,0.8239,-0.1417,0.0000,1,1
1.0137,-0.0036,0.3680,-0.1077,-0.0247,1.2109,0.1307,0.0010,0.1938,0.1391,-0.3670,1.2109,0.1307,0.0010,1.2199,0.1337,0.0600,1,1,0.9765,-0.1856,0.0580,-0.0327,-0.1829,-0.3100,0.9765,-0.1856,0.0580,1.3019,-0.1503,0.0600,0,1,0.8713,0.1547,0.0547,-0.1463,0.1547,-0.3133,0.8713,0.1547,0.0547,0.9222,0.1432,0.0000,0,1,0.8357,-0.1493,-0.0042,-0.1743,-0.1501,-0.3722,0.8357,-0.1493,-0.0042,0.8262,-0.1407,0.0000,1,1
1.0177,-0.0021,0.3682,-0.1112,-0.0202,1.2110,0.1309,0.0011,0.1906,0.1369,-0.3671,1.2110,0.1309,0.0011,1.2213,0.1360,0.0600,1,1,0.9923,-0.1885,0.0474,-0.0216,-0.1869,-0.3208,0.9923,-0.1885,0.0474,1.3066,-0.1479,0.0600,0,1,0.8775,0.1553,0.0426,-0.1434,0.1545,-0.3256,0.8775,0.1553,0.0426,0.9256,0.1438,0.0000,0,1,0.8358,-0.1492,-0.0043,-0.1789,-0.1507,-0.3725,0.8358,-0.1492,-0.0043,0.8288,-0.1401,0.0000,1,1
1.0218,-0.0007,0.3686,-0.1209,-0.0146,1.2109,0.1305,0.0009,0.1872,0.1339,-0.3677,1.2109,0.1305,0.0009,1.2226,0.1385,0.0600,1,1,1.0640,-0.1614,0.0352,0.0445,-0.1601,-0.3334,1.0640,-0.1614,0.0352,1.3115,-0.1455,0.0600,0,1,0.8842,0.1536,0.0298,-0.1398,0.1523,-0.3388,0.8842,0.1536,0.0298,0.9289,0.1441,0.0000,0,1,0.8356,-0.1495,-0.0041,-0.1840,-0.1515,-0.3727,0.8356,-0.1495,-0.0041,0.8317,-0.1399,0.0000,1,1
1.0255,0.0008,0.3693,-0.1309,-0.0095,1.2108,0.1303,0.0007,0.1841,0.1313,-0.3686,1.2108,0.1303,0.0007,1.2237,0.1410,0.0600,1,1,1.1524,-0.1382,0.0254,0.1282,-0.1378,-0.3439,1.1524,-0.1382,0.0254,1.3160,-0.1430,0.0600,0,1,0.8901,0.1510,0.0176,-0.1368,0.1489,-0.3517,0.8901,0.1510,0.0176,0.9319,0.1446,0.0000,0,1,0.8355,-0.1497,-0.0040,-0.1886,-0.1523,-0.3733,0.8355,-0.1497,-0.0040,0.8342,-0.1394,0.0000,1,1
1.0294,0.0024,0.3698,-0.1403,-0.0010,1.2106,0.1304,0.0007,0.1811,0.1282,-0.3691,1.2106,0.1304,0.0007,1.2243,0.1442,0.0600,1,1,1.2104,-0.1356,0.0150,0.1811,-0.1378,-0.3548,1.2104,-0.1356,0.0150,1.3210,-0.1398,0.0600,0,1,0.8954,0.1544,0.0071,-0.1342,0.1519,-0.3627,0.8954,0.1544,0.0071,0.9345,0.1446,0.0000,0,1,0.8353,-0.1496,-0.0039,-0.1939,-0.1522,-0.3737,0.8353,-0.1496,-0.0039,0.8372,-0.1394,0.0000,1,1
1.0332,0.0041,0.3702,-0.1444,0.0110,1.2104,0.1302,0.0005,0.1786,0.1241,-0.3697,1.2104,0.1302,0.0005,1.2245,0.1482,0.0600,1,1,1.2366,-0.1398,0.0081,0.2018,-0.1461,-0.3621,1.2366,-0.1398,0.0081,1.2866,-0.1758,0.0600,0,1,0.8994,0.1597,-0.0007,-0.1321,0.1571,-0.3709,0.8994,0.1597,-0.0007,0.9367,0.1439,0.0000,0,1,0.8351,-0.1497,-0.0038,-0.1998,-0.1516,-0.3740,0.8351,-0.1497,-0.0038,0.8408,-0.1400,0.0000,1,1
1.0368,0.0057,0.3706,-0.1391,0.0214,1.1881,0.1298,0.0021,0.1539,0.1208,-0.3685,1.1881,0.1298,0.0021,1.2855,0.1118,0.0600,0,1,1.2461,-0.1419,0.0049,0.2061,-0.1520,-0.3657,1.2461,-0.1419,0.0049,1.2656,-0.1322,0.0600,1,1,0.9017,0.1605,-0.0035,-0.1318,0.1577,-0.3741,0.9017,0.1605,-0.0035,0.8728,0.1435,0.0000,1,1,0.8406,-0.1503,-0.0020,-0.1995,-0.1518,-0.3726,0.8406,-0.1503,-0.0020,0.9449,-0.1404,0.0000,0,1
1.0408,0.0069,0.3709,-0.1303,0.0276,1.1161,0.1469,0.0083,0.0791,0.1379,-0.3626,1.1161,0.1469,0.0083,1.2886,0.1141,0.0600,0,1,1.2463,-0.1425,0.0052,0.2013,-0.1550,-0.3657,1.2463,-0.1425,0.0052,1.2684,-0.1298,0.0600,1,1,0.9020,0.1600,-0.0038,-0.1345,0.1569,-0.3747,0.9020,0.1600,-0.0038,0.8739,0.1434,0.0000,1,1,0.8498,-0.1490,0.0047,-0.1952,-0.1506,-0.3662,0.8498,-0.1490,0.0047,0.9098,-0.1805,0.0000,0,1
1.0443,0.0074,0.3718,-0.1178,0.0334,1.0403,0.1659,0.0217,0.0013,0.1585,-0.3501,1.0403,0.1659,0.0217,1.2913,0.1158,0.0600,0,1,1.2465,-0.1423,0.0052,0.1971,-0.1564,-0.3666,1.2465,-0.1423,0.0052,1.2708,-0.1281,0.0600,1,1,0.9022,0.1603,-0.0038,-0.1369,0.1576,-0.3756,0.9022,0.1603,-0.0038,0.8747,0.1429,0.0000,1,1,0.8560,-0.1489,0.0146,-0.1934,-0.1499,-0.3572,0.8560,-0.1489,0.0146,0.9142,-0.1810,0.0000,0,1
1.0476,0.0077,0.3733,-0.1031,0.0396,1.0115,0.1641,0.0351,-0.0299,0.1577,-0.3382,1.0115,0.1641,0.0351,1.2936,0.1172,0.0600,0,1,1.2467,-0.1421,0.0052,0.1930,-0.1576,-0.3681,1.2467,-0.1421,0.0052,1.2728,-0.1266,0.0600,1,1,0.9024,0.1604,-0.0038,-0.1390,0.1583,-0.3771,0.9024,0.1604,-0.0038,0.8751,0.1419,0.0000,1,1,0.8604,-0.1419,0.0267,-0.1930,-0.1421,-0.3466,0.8604,-0.1419,0.0267,0.9183,-0.1819,0.0000,0,1
1.0512,0.0080,0.3748,-0.0936,0.0423,0.9986,0.1551,0.0481,-0.0463,0.1492,-0.3267,0.9986,0.1551,0.0481,1.2968,0.1180,0.0600,0,1,1.2468,-0.1420,0.0052,0.1891,-0.1581,-0.3696,1.2468,-0.1420,0.0052,1.2748,-0.1258,0.0600,1,1,0.9025,0.1605,-0.0038,-0.1421,0.1587,-0.3786,0.9025,0.1605,-0.0038,0.8764,0.1416,0.0000,1,1,0.8647,-0.1381,0.0397,-0.1925,-0.1381,-0.3351,0.8647,-0.1381,0.0397,0.9224,-0.1822,0.0000,0,1
1.0551,0.0081,0.3761,-0.0908,0.0425,1.0036,0.1472,0.0606,-0.0455,0.1412,-0.3155,1.0036,0.1472,0.0606,1.3007,0.1181,0.0600,0,1,1.2468,-0.1420,0.0053,0.1851,-0.1581,-0.3708,1.2468,-0.1420,0.0053,1.2767,-0.1256,0.0600,1,1,0.9025,0.1605,-0.0038,-0.1460,0.1587,-0.3799,0.9025,0.1605,-0.0038,0.8782,0.1417,0.0000,1,1,0.8704,-0.1371,0.0524,-0.1907,-0.1372,-0.3237,0.8704,-0.1371,0.0524,0.9263,-0.1821,0.0000,0,1
1.0591,0.0082,0.3773,-0.0947,0.0420,1.0485,0.1337,0.0716,-0.0053,0.1258,-0.3057,1.0485,0.1337,0.0716,1.3047,0.1181,0.0600,0,1,1.2467,-0.1419,0.0052,0.1811,-0.1578,-0.3721,1.2467,-0.1419,0.0052,1.2787,-0.1256,0.0600,1,1,0.9024,0.1606,-0.0038,-0.1502,0.1588,-0.3811,0.9024,0.1606,-0.0038,0.8803,0.1419,0.0000,1,1,0.8768,-0.1374,0.0635,-0.1883,-0.1378,-0.3138,0.8768,-0.1374,0.0635,0.9302,-0.1819,0.0000,0,1
1.0629,0.0081,0.3787,-0.1019,0.0418,1.1153,0.1198,0.0810,0.0570,0.1094,-0.2977,1.1153,0.1198,0.0810,1.3086,0.1180,0.0600,0,1,1.2466,-0.1417,0.0050,0.1773,-0.1573,-0.3737,1.2466,-0.1417,0.0050,1.2805,-0.1258,0.0600,1,1,0.9023,0.1607,-0.0037,-0.1541,0.1592,-0.3824,0.9023,0.1607,-0.0037,0.8822,0.1418,0.0000,1,1,0.8834,-0.1376,0.0715,-0.1854,-0.1381,-0.3072,0.8834,-0.1376,0.0715,0.9340,-0.1819,0.0000,0,1
1.0668,0.0079,0.3801,-0.1101,0.0412,1.1687,0.1109,0.0856,0.1061,0.0987,-0.2945,1.1687,0.1109,0.0856,1.3126,0.1177,0.0600,0,1,1.2466,-0.1416,0.0050,0.1735,-0.1568,-0.3751,1.2466,-0.1416,0.0050,1.2823,-0.1261,0.0600,1,1,0.9022,0.1608,-0.0036,-0.1582,0.1595,-0.3837,0.9022,0.1608,-0.0036,0.8841,0.1418,0.0000,1,1,0.8905,-0.1375,0.0754,-0.1821,-0.1380,-0.3047,0.8905,-0.1375,0.0754,0.9378,-0.1820,0.0000,0,1
1.0708,0.0077,0.3814,-0.1193,0.0398,1.2014,0.1056,0.0847,0.1344,0.0926,-0.2967,1.2014,0.1056,0.0847,1.3968,0.1172,0.1200,0,1,1.2466,-0.1416,0.0050,0.1697,-0.1562,-0.3764,1.2466,-0.1416,0.0050,1.2841,-0.1266,0.0600,1,1,0.9022,0.1609,-0.0036,-0.1624,0.1598,-0.3850,0.9022,0.1609,-0.0036,0.8863,0.1418,0.0000,1,1,0.8983,-0.1384,0.0742,-0.1782,-0.1391,-0.3072,0.8983,-0.1384,0.0742,0.9416,-0.1820,0.0000,0,1
1.0751,0.0073,0.3827,-0.1286,0.0383,1.2201,0.1048,0.0792,0.1486,0.0919,-0.3035,1.2201,0.1048,0.0792,1.4013,0.1166,0.1200,0,1,1.2466,-0.1416,0.0050,0.1657,-0.1554,-0.3777,1.2466,-0.1416,0.0050,1.2862,-0.1272,0.0600,1,1,0.9023,0.1608,-0.0036,-0.1668,0.1600,-0.3863,0.9023,0.1608,-0.0036,0.8888,0.1417,0.0000,1,1,0.9069,-0.1394,0.0685,-0.1737,-0.1402,-0.3142,0.9069,-0.1394,0.0685,0.9456,-0.1820,0.0000,0,1
1.0795,0.0069,0.3841,-0.1371,0.0372,1.2322,0.1092,0.0701,0.1564,0.0966,-0.3140,1.2322,0.1092,0.0701,1.4058,0.1159,0.1200,0,1,1.2467,-0.1416,0.0050,0.1616,-0.1546,-0.3791,1.2467,-0.1416,0.0050,1.2884,-0.1279,0.0600,1,1,0.9023,0.1608,-0.0036,-0.1714,0.1604,-0.3877,0.9023,0.1608,-0.0036,0.8913,0.1415,0.0000,1,1,0.9148,-0.1393,0.0594,-0.1700,-0.1400,-0.3247,0.9148,-0.1393,0.0594,0.9499,-0.1823,0.0000,0,1
1.0841,0.0063,0.3854,-0.1462,0.0360,1.2393,0.1200,0.0587,0.1592,0.1080,-0.3267,1.2393,0.1200,0.0587,1.4107,0.1151,0.1200,0,1,1.2467,-0.1417,0.0051,0.1572,-0.1538,-0.3803,1.2467,-0.1417,0.0051,1.2909,-0.1287,0.0600,1,1,0.9023,0.1607,-0.0037,-0.1761,0.1608,-0.3891,0.9023,0.1607,-0.0037,0.8941,0.1412,0.0000,1,1,0.9224,-0.1390,0.0480,-0.1668,-0.1394,-0.3374,0.9224,-0.1390,0.0480,1.0343,-0.1826,0.0600,0,1
1.0890,0.0056,0.3869,-0.1560,0.0350,1.2504,0.1363,0.0461,0.1659,0.1250,-0.3408,1.2504,0.1363,0.0461,1.4157,0.1143,0.1200,0,1,1.2468,-0.1419,0.0052,0.1525,-0.1529,-0.3817,1.2468,-0.1419,0.0052,1.2936,-0.1296,0.0600,1,1,0.9024,0.1605,-0.0038,-0.1811,0.1613,-0.3907,0.9024,0.1605,-0.0038,0.8971,0.1407,0.0000,1,1,0.9296,-0.1385,0.0355,-0.1643,-0.1384,-0.3514,0.9296,-0.1385,0.0355,1.0391,-0.1831,0.0600,0,1
1.0940,0.0048,0.3883,-0.1663,0.0346,1.2731,0.1509,0.0334,0.1840,0.1398,-0.3549,1.2731,0.1509,0.0334,1.4208,0.1133,0.1200,0,1,1.2467,-0.1421,0.0052,0.1475,-0.1521,-0.3831,1.2467,-0.1421,0.0052,1.2966,-0.1305,0.0600,1,1,0.9024,0.1604,-0.0039,-0.1861,0.1621,-0.3922,0.9024,0.1604,-0.0039,0.9002,0.1400,0.0000,1,1,0.9413,-0.1382,0.0230,-0.1576,-0.1376,-0.3653,0.9413,-0.1382,0.0230,1.0440,-0.1839,0.0600,0,1
1.0992,0.0037,0.3895,-0.1777,0.0345,1.3019,0.1534,0.0219,0.2077,0.1426,-0.3676,1.3019,0.1534,0.0219,1.4260,0.1123,0.1200,0,1,1.2467,-0.1422,0.0052,0.1424,-0.1509,-0.3843,1.2467,-0.1422,0.0052,1.2998,-0.1316,0.0600,1,1,0.9024,0.1603,-0.0039,-0.1913,0.1633,-0.3934,0.9024,0.1603,-0.0039,0.9034,0.1389,0.0000,1,1,0.9597,-0.1399,0.0115,-0.1444,-0.1387,-0.3780,0.9597,-0.1399,0.0115,1.0492,-0.1849,0.0600,0,1
1.1042,0.0023,0.3907,-0.1810,0.0356,1.3479,0.1435,0.0125,0.2486,0.1324,-0.3782,1.3479,0.1435,0.0125,1.4308,0.1110,0.1200,0,1,1.2463,-0.1420,0.0050,0.1369,-0.1493,-0.3857,1.2463,-0.1420,0.0050,1.3029,-0.1328,0.0600,1,1,0.9020,0.1605,-0.0036,-0.1964,0.1653,-0.3943,0.9020,0.1605,-0.0036,0.9062,0.1373,0.0000,1,1,0.9864,-0.1439,0.0023,-0.1229,-0.1419,-0.3884,0.9864,-0.1439,0.0023,1.0543,-0.1866,0.0600,0,1
1.1089,0.0001,0.3914,-0.1641,0.0375,1.3924,0.1460,0.0077,0.2888,0.1352,-0.3837,1.3924,0.1460,0.0077,1.3303,0.1492,0.0600,1,1,1.2451,-0.1405,0.0047,0.1308,-0.1456,-0.3867,1.2451,-0.1405,0.0047,1.4059,-0.1346,0.1200,0,1,0.9005,0.1618,-0.0024,-0.2022,0.1694,-0.3938,0.9005,0.1618,-0.0024,0.9687,0.0947,0.0000,0,1,1.0165,-0.1490,-0.0040,-0.0979,-0.1455,-0.3954,1.0165,-0.1490,-0.0040,0.9544,-0.1491,0.0000,1,1
1.1156,-0.0018,0.3911,-0.1576,0.0391,1.3923,0.1467,0.0079,0.2823,0.1376,-0.3832,1.3923,0.1467,0.0079,1.2947,0.1076,0.0600,1,1,1.2349,-0.1485,0.0102,0.1135,-0.1513,-0.3809,1.2349,-0.1485,0.0102,1.4128,-0.1362,0.1200,0,1,0.9035,0.1693,0.0024,-0.2052,0.1793,-0.3887,0.9035,0.1693,0.0024,0.9752,0.0924,0.0000,0,1,1.0164,-0.1484,-0.0043,-0.1049,-0.1426,-0.3954,1.0164,-0.1484,-0.0043,0.9593,-0.1514,0.0000,1,1
1.1217,-0.0034,0.3913,-0.1494,0.0356,1.3925,0.1458,0.0077,0.2759,0.1395,-0.3836,1.3925,0.1458,0.0077,1.2993,0.1053,0.0600,1,1,1.2574,-0.1094,0.0213,0.1318,-0.1108,-0.3700,1.2574,-0.1094,0.0213,1.4184,-0.1385,0.1200,0,1,0.9127,0.1575,0.0107,-0.2031,0.1682,-0.3806,0.9127,0.1575,0.0107,1.0218,0.1315,0.0600,0,1,1.0165,-0.1491,-0.0040,-0.1103,-0.1419,-0.3953,1.0165,-0.1491,-0.0040,0.9229,-0.1923,0.0000,1,1
1.1274,-0.0045,0.3912,-0.1403,0.0317,1.3926,0.1458,0.0078,0.2698,0.1418,-0.3834,1.3926,0.1458,0.0078,1.3036,0.1035,0.0600,1,1,1.2674,-0.0901,0.0329,0.1372,-0.0900,-0.3583,1.2674,-0.0901,0.0329,1.4236,-0.1404,0.1200,0,1,0.9177,0.1516,0.0219,-0.2046,0.1627,-0.3693,0.9177,0.1516,0.0219,1.0280,0.1312,0.0600,0,1,1.0166,-0.1491,-0.0040,-0.1153,-0.1410,-0.3952,1.0166,-0.1491,-0.0040,0.9260,-0.1926,0.0000,1,1
1.1329,-0.0052,0.3910,-0.1334,0.0291,1.3926,0.1458,0.0078,0.2640,0.1434,-0.3832,1.3926,0.1458,0.0078,1.3075,0.1023,0.0600,1,1,1.2739,-0.0852,0.0458,0.1386,-0.0841,-0.3452,1.2739,-0.0852,0.0458,1.4288,-0.1416,0.1200,0,1,0.9219,0.1502,0.0347,-0.2064,0.1615,-0.3563,0.9219,0.1502,0.0347,1.0339,0.1311,0.0600,0,1,1.0166,-0.1491,-0.0040,-0.1204,-0.1405,-0.3950,1.0166,-0.1491,-0.0040,0.9291,-0.1928,0.0000,1,1
1.1382,-0.0056,0.3909,-0.1284,0.0265,1.3926,0.1458,0.0078,0.2583,0.1446,-0.3831,1.3926,0.1458,0.0078,1.3111,0.1014,0.0600,1,1,1.2839,-0.0843,0.0589,0.1436,-0.0825,-0.3320,1.2839,-0.0843,0.0589,1.4336,-0.1425,0.1200,0,1,0.9261,0.1493,0.0478,-0.2079,0.1605,-0.3431,0.9261,0.1493,0.0478,1.0395,0.1312,0.0600,0,1,1.0166,-0.1491,-0.0040,-0.1254,-0.1402,-0.3949,1.0166,-0.1491,-0.0040,0.9320,-0.1927,0.0000,1,1
1.1432,-0.0058,0.3908,-0.1254,0.0239,1.3926,0.1458,0.0078,0.2530,0.1456,-0.3830,1.3926,0.1458,0.0078,1.3145,0.1008,0.0600,1,1,1.2921,-0.0847,0.0710,0.1470,-0.0824,-0.3198,1.2921,-0.0847,0.0710,1.4383,-0.1431,0.1200,0,1,0.9308,0.1486,0.0598,-0.2086,0.1594,-0.3310,0.9308,0.1486,0.0598,1.0448,0.1316,0.0600,0,1,1.0166,-0.1491,-0.0040,-0.1300,-0.1402,-0.3948,1.0166,-0.1491,-0.0040,0.9346,-0.1924,0.0000,1,1
1.1479,-0.0057,0.3909,-0.1236,0.0211,1.3926,0.1458,0.0078,0.2478,0.1463,-0.3831,1.3926,0.1458,0.0078,1.3177,0.1003,0.0600,1,1,1.3021,-0.0853,0.0807,0.1525,-0.0828,-0.3102,1.3021,-0.0853,0.0807,1.4427,-0.1436,0.1200,0,1,0.9356,0.1482,0.0695,-0.2090,0.1583,-0.3214,0.9356,0.1482,0.0695,1.0500,0.1322,0.0600,0,1,1.0166,-0.1491,-0.0040,-0.1343,-0.1406,-0.3949,1.0166,-0.1491,-0.0040,0.9369,-0.1918,0.0000,1,1
1.1525,-0.0055,0.3910,-0.1228,0.0182,1.3927,0.1458,0.0079,0.2429,0.1469,-0.3831,1.3927,0.1458,0.0079,1.4007,0.1000,0.1200,1,1,1.3000,-0.0861,0.0869,0.1460,-0.0833,-0.3041,1.3000,-0.0861,0.0869,1.4469,-0.1440,0.1200,0,1,0.9407,0.1482,0.0757,-0.2090,0.1575,-0.3153,0.9407,0.1482,0.0757,1.0549,0.1330,0.0600,0,1,1.0167,-0.1491,-0.0041,-0.1384,-0.1411,-0.3951,1.0167,-0.1491,-0.0041,0.9391,-0.1910,0.0000,1,1
1.1569,-0.0051,0.3913,-0.1220,0.0150,1.3927,0.1459,0.0079,0.2380,0.1474,-0.3834,1.3927,0.1459,0.0079,1.4035,0.0998,0.1200,1,1,1.2922,-0.0889,0.0883,0.1340,-0.0858,-0.3030,1.2922,-0.0889,0.0883,1.4508,-0.1442,0.1200,0,1,0.9450,0.1484,0.0771,-0.2096,0.1567,-0.3142,0.9450,0.1484,0.0771,1.0598,0.1340,0.0600,0,1,1.0167,-0.1491,-0.0041,-0.1423,-0.1419,-0.3954,1.0167,-0.1491,-0.0041,0.9810,-0.1500,0.0000,1,1
1.1611,-0.0045,0.3919,-0.1224,0.0120,1.3927,0.1459,0.0079,0.2334,0.1476,-0.3840,1.3927,0.1459,0.0079,1.4062,0.0998,0.1200,1,1,1.2878,-0.0952,0.0848,0.1256,-0.0922,-0.3071,1.2878,-0.0952,0.0848,1.4546,-0.1442,0.1200,0,1,0.9493,0.1483,0.0735,-0.2100,0.1553,-0.3184,0.9493,0.1483,0.0735,1.0644,0.1352,0.0600,0,1,1.0167,-0.1490,-0.0041,-0.1461,-0.1428,-0.3960,1.0167,-0.1490,-0.0041,0.9428,-0.1888,0.0000,1,1
1.1653,-0.0038,0.3929,-0.1248,0.0093,1.3927,0.1459,0.0080,0.2288,0.1476,-0.3849,1.3927,0.1459,0.0080,1.4088,0.1000,0.1200,1,1,1.2803,-0.1079,0.0772,0.1140,-0.1052,-0.3157,1.2803,-0.1079,0.0772,1.4584,-0.1440,0.1200,0,1,0.9498,0.1478,0.0659,-0.2141,0.1536,-0.3270,0.9498,0.1478,0.0659,1.0690,0.1364,0.0600,0,1,1.0168,-0.1490,-0.0041,-0.1498,-0.1438,-0.3970,1.0168,-0.1490,-0.0041,0.9446,-0.1876,0.0000,1,1
1.1694,-0.0029,0.3940,-0.1280,0.0076,1.3928,0.1461,0.0080,0.2245,0.1473,-0.3860,1.3928,0.1461,0.0080,1.4111,0.1006,0.1200,1,1,1.2681,-0.1307,0.0666,0.0977,-0.1285,-0.3274,1.2681,-0.1307,0.0666,1.4623,-0.1434,0.1200,0,1,0.9497,0.1466,0.0555,-0.2186,0.1512,-0.3385,0.9497,0.1466,0.0555,1.0734,0.1376,0.0600,0,1,1.0169,-0.1489,-0.0042,-0.1536,-0.1448,-0.3982,1.0169,-0.1489,-0.0042,0.9465,-0.1864,0.0000,1,1
1.1735,-0.0019,0.3952,-0.1330,0.0064,1.3928,0.1466,0.0083,0.2202,0.1471,-0.3869,1.3928,0.1466,0.0083,1.4134,0.1014,0.1200,1,1,1.2544,-0.1663,0.0541,0.0798,-0.1649,-0.3411,1.2544,-0.1663,0.0541,1.4662,-0.1426,0.1200,0,1,0.9507,0.1461,0.0436,-0.2218,0.1494,-0.3516,0.9507,0.1461,0.0436,1.0776,0.1389,0.0600,0,1,1.0169,-0.1484,-0.0044,-0.1575,-0.1455,-0.3996,1.0169,-0.1484,-0.0044,0.9484,-0.1851,0.0000,1,1
1.1774,-0.0007,0.3964,-0.1432,0.0045,1.3928,0.1469,0.0084,0.2161,0.1466,-0.3880,1.3928,0.1469,0.0084,1.4156,0.1022,0.1200,1,1,1.2538,-0.1987,0.0427,0.0755,-0.1983,-0.3537,1.2538,-0.1987,0.0427,1.4698,-0.1418,0.1200,0,1,0.9542,0.1501,0.0310,-0.2225,0.1518,-0.3654,0.9542,0.1501,0.0310,1.0818,0.1405,0.0600,0,1,1.0170,-0.1481,-0.0046,-0.1611,-0.1467,-0.4010,1.0170,-0.1481,-0.0046,0.9500,-0.1835,0.0000,1,1
1.1811,0.0006,0.3977,-0.1581,0.0008,1.3928,0.1472,0.0084,0.2118,0.1464,-0.3893,1.3928,0.1472,0.0084,1.4178,0.1027,0.1200,1,1,1.2884,-0.1904,0.0320,0.1071,-0.1911,-0.3657,1.2884,-0.1904,0.0320,1.4731,-0.1413,0.1200,0,1,0.9695,0.1472,0.0189,-0.2115,0.1468,-0.3788,0.9695,0.1472,0.0189,1.0860,0.1425,0.0600,0,1,1.0170,-0.1479,-0.0047,-0.1642,-0.1484,-0.4024,1.0170,-0.1479,-0.0047,0.9513,-0.1815,0.0000,1,1
1.1845,0.0020,0.3992,-0.1708,-0.0041,1.3926,0.1466,0.0081,0.2075,0.1455,-0.3911,1.3926,0.1466,0.0081,1.4199,0.1032,0.1200,1,1,1.3501,-0.1448,0.0216,0.1662,-0.1461,-0.3776,1.3501,-0.1448,0.0216,1.4757,-0.1408,0.1200,0,1,1.0019,0.1418,0.0084,-0.1832,0.1391,-0.3908,1.0019,0.1418,0.0084,1.0901,0.1448,0.0600,0,1,1.0167,-0.1484,-0.0043,-0.1672,-0.1511,-0.4035,1.0167,-0.1484,-0.0043,0.9519,-0.1792,0.0000,1,1
1.1869,0.0038,0.4004,-0.1695,-0.0093,1.3920,0.1457,0.0074,0.2038,0.1438,-0.3930,1.3920,0.1457,0.0074,1.4211,0.1040,0.1200,1,1,1.4085,-0.1097,0.0142,0.2226,-0.1114,-0.3862,1.4085,-0.1097,0.0142,1.4774,-0.1400,0.1200,0,1,1.0356,0.1407,0.0006,-0.1526,0.1355,-0.3998,1.0356,0.1407,0.0006,1.0933,0.1476,0.0600,0,1,1.0160,-0.1492,-0.0038,-0.1695,-0.1546,-0.4042,1.0160,-0.1492,-0.0038,0.9516,-0.1764,0.0000,1,1
1.1898,0.0059,0.4010,-0.1565,-0.0177,1.3736,0.1561,0.0087,0.1811,0.1534,-0.3923,1.3736,0.1561,0.0087,1.4840,0.1445,0.1200,0,1,1.4372,-0.0930,0.0120,0.2491,-0.0945,-0.3890,1.4372,-0.0930,0.0120,1.4130,-0.1394,0.1200,1,1,1.0530,0.1224,-0.0016,-0.1388,0.1141,-0.4026,1.0530,0.1224,-0.0016,1.0713,0.1114,0.0600,1,1,1.0076,-0.1518,-0.0016,-0.1794,-0.1609,-0.4026,1.0076,-0.1518,-0.0016,1.0923,-0.1326,0.0600,0,1
1.1938,0.0075,0.4008,-0.1511,-0.0201,1.3319,0.1469,0.0157,0.1353,0.1421,-0.3851,1.3319,0.1469,0.0157,1.4885,0.1456,0.1200,0,1,1.4375,-0.0929,0.0121,0.2457,-0.0955,-0.3887,1.4375,-0.0929,0.0121,1.4148,-0.1383,0.1200,1,1,1.0533,0.1224,-0.0017,-0.1428,0.1121,-0.4025,1.0533,0.1224,-0.0017,1.0737,0.1134,0.0600,1,1,0.9954,-0.1458,0.0050,-0.1953,-0.1573,-0.3958,0.9954,-0.1458,0.0050,1.0960,-0.1305,0.0600,0,1
1.1974,0.0086,0.4009,-0.1394,-0.0190,1.2992,0.1232,0.0269,0.0996,0.1165,-0.3740,1.2992,0.1232,0.0269,1.4919,0.1469,0.1200,0,1,1.4380,-0.0923,0.0122,0.2425,-0.0963,-0.3887,1.4380,-0.0923,0.0122,1.4165,-0.1370,0.1200,1,1,1.0537,0.1230,-0.0017,-0.1458,0.1116,-0.4026,1.0537,0.1230,-0.0017,1.0751,0.1143,0.0600,1,1,0.9861,-0.1365,0.0147,-0.2085,-0.1491,-0.3862,0.9861,-0.1365,0.0147,1.0997,-0.1297,0.0600,0,1
1.2008,0.0093,0.4007,-0.1294,-0.0181,1.2843,0.1134,0.0392,0.0816,0.1056,-0.3615,1.2843,0.1134,0.0392,1.4952,0.1478,0.1200,0,1,1.4380,-0.0922,0.0122,0.2390,-0.0972,-0.3885,1.4380,-0.0922,0.0122,1.4180,-0.1361,0.1200,1,1,1.0538,0.1231,-0.0017,-0.1490,0.1111,-0.4024,1.0538,0.1231,-0.0017,1.0364,0.1548,0.0600,1,1,0.9813,-0.1356,0.0268,-0.2168,-0.1488,-0.3739,0.9813,-0.1356,0.0268,1.1033,-0.1291,0.0600,0,1
1.2042,0.0098,0.4006,-0.1229,-0.0160,1.2844,0.1042,0.0524,0.0787,0.0957,-0.3482,1.2844,0.1042,0.0524,1.4983,0.1487,0.1200,0,1,1.4381,-0.0921,0.0122,0.2355,-0.0981,-0.3884,1.4381,-0.0921,0.0122,1.4198,-0.1353,0.1200,1,1,1.0539,0.1232,-0.0017,-0.1521,0.1110,-0.4023,1.0539,0.1232,-0.0017,1.0375,0.1549,0.0600,1,1,0.9739,-0.1356,0.0399,-0.2279,-0.1491,-0.3607,0.9739,-0.1356,0.0399,1.1070,-0.1291,0.0600,0,1
1.2077,0.0099,0.4005,-0.1182,-0.0145,1.2885,0.0978,0.0651,0.0795,0.0891,-0.3354,1.2885,0.0978,0.0651,1.5015,0.1491,0.1200,0,1,1.4381,-0.0921,0.0122,0.2319,-0.0986,-0.3883,1.4381,-0.0921,0.0122,1.4214,-0.1348,0.1200,1,1,1.0539,0.1232,-0.0017,-0.1554,0.1111,-0.4022,1.0539,0.1232,-0.0017,1.0387,0.1547,0.0600,1,1,0.9739,-0.1368,0.0526,-0.2316,-0.1501,-0.3479,0.9739,-0.1368,0.0526,1.1106,-0.1292,0.0600,0,1
1.2111,0.0098,0.4005,-0.1157,-0.0135,1.2941,0.0947,0.0762,0.0818,0.0860,-0.3243,1.2941,0.0947,0.0762,1.5048,0.1492,0.1200,0,1,1.4381,-0.0921,0.0122,0.2284,-0.0988,-0.3883,1.4381,-0.0921,0.0122,1.4230,-0.1347,0.1200,1,1,1.0539,0.1232,-0.0017,-0.1587,0.1113,-0.4022,1.0539,0.1232,-0.0017,1.0400,0.1545,0.0600,1,1,0.9745,-0.1386,0.0637,-0.2346,-0.1516,-0.3368,0.9745,-0.1386,0.0637,1.1142,-0.1295,0.0600,0,1
1.2146,0.0095,0.4005,-0.1145,-0.0132,1.2998,0.0939,0.0843,0.0841,0.0855,-0.3162,1.2998,0.0939,0.0843,1.5082,0.1490,0.1200,0,1,1.4381,-0.0921,0.0122,0.2248,-0.0986,-0.3883,1.4381,-0.0921,0.0122,1.4245,-0.1350,0.1200,1,1,1.0539,0.1232,-0.0017,-0.1622,0.1116,-0.4022,1.0539,0.1232,-0.0017,1.0414,0.1541,0.0600,1,1,0.9751,-0.1407,0.0718,-0.2375,-0.1533,-0.3287,0.9751,-0.1407,0.0718,1.1177,-0.1299,0.0600,0,1
1.2180,0.0090,0.4006,-0.1139,-0.0135,1.3046,0.0960,0.0882,0.0854,0.0882,-0.3124,1.3046,0.0960,0.0882,1.5117,0.1484,0.1200,0,1,1.4381,-0.0921,0.0122,0.2214,-0.0981,-0.3884,1.4381,-0.0921,0.0122,1.4259,-0.1355,0.1200,1,1,1.0539,0.1233,-0.0017,-0.1656,0.1121,-0.4023,1.0539,0.1233,-0.0017,1.0430,0.1536,0.0600,1,1,0.9753,-0.1426,0.0757,-0.2406,-0.1549,-0.3249,0.9753,-0.1426,0.0757,1.1211,-0.1303,0.0600,0,1
1.2215,0.0083,0.4009,-0.1136,-0.0142,1.3046,0.1019,0.0870,0.0818,0.0948,-0.3139,1.3046,0.1019,0.0870,1.5153,0.1476,0.1200,0,1,1.4381,-0.0920,0.0122,0.2180,-0.0972,-0.3887,1.4381,-0.0920,0.0122,1.4273,-0.1364,0.1200,1,1,1.0539,0.1233,-0.0017,-0.1692,0.1126,-0.4026,1.0539,0.1233,-0.0017,1.0446,0.1531,0.0600,1,1,0.9744,-0.1440,0.0745,-0.2449,-0.1558,-0.3264,0.9744,-0.1440,0.0745,1.1245,-0.1309,0.0600,0,1
1.2251,0.0075,0.4013,-0.1134,-0.0155,1.2972,0.1148,0.0813,0.0704,0.1084,-0.3200,1.2972,0.1148,0.0813,1.5191,0.1465,0.1200,0,1,1.4381,-0.0920,0.0122,0.2145,-0.0962,-0.3891,1.4381,-0.0920,0.0122,1.4287,-0.1374,0.1200,1,1,1.0539,0.1233,-0.0017,-0.1730,0.1131,-0.4030,1.0539,0.1233,-0.0017,1.0463,0.1525,0.0600,1,1,0.9725,-0.1444,0.0688,-0.2502,-0.1558,-0.3325,0.9725,-0.1444,0.0688,1.1279,-0.1314,0.0600,0,1
1.2287,0.0066,0.4017,-0.1134,-0.0172,1.2765,0.1395,0.0719,0.0455,0.1337,-0.3298,1.2765,0.1395,0.0719,1.5229,0.1452,0.1200,0,1,1.4381,-0.0923,0.0123,0.2111,-0.0953,-0.3894,1.4381,-0.0923,0.0123,1.4300,-0.1387,0.1200,1,1,1.0539,0.1231,-0.0018,-0.1768,0.1135,-0.4035,1.0539,0.1231,-0.0018,1.0482,0.1519,0.0600,1,1,0.9706,-0.1437,0.0597,-0.2555,-0.1547,-0.3420,0.9706,-0.1437,0.0597,1.1313,-0.1321,0.0600,0,1
1.2321,0.0054,0.4022,-0.1153,-0.0183,1.2453,0.1675,0.0608,0.0102,0.1623,-0.3414,1.2453,0.1675,0.0608,1.5264,0.1439,0.1200,0,1,1.4382,-0.0925,0.0124,0.2079,-0.0941,-0.3898,1.4382,-0.0925,0.0124,1.4312,-0.1401,0.1200,1,1,1.0540,0.1229,-0.0019,-0.1802,0.1142,-0.4041,1.0540,0.1229,-0.0019,1.0497,0.1510,0.0600,1,1,0.9692,-0.1443,0.0483,-0.2601,-0.1545,-0.3539,0.9692,-0.1443,0.0483,1.1345,-0.1330,0.0600,0,1
1.2347,0.0042,0.4028,-0.1187,-0.0165,1.2485,0.1788,0.0516,0.0109,0.1748,-0.3512,1.2485,0.1788,0.0516,1.5288,0.1431,0.1200,0,1,1.4382,-0.0926,0.0124,0.2051,-0.0934,-0.3904,1.4382,-0.0926,0.0124,1.4322,-0.1409,0.1200,1,1,1.0540,0.1228,-0.0019,-0.1826,0.1156,-0.4047,1.0540,0.1228,-0.0019,1.0501,0.1494,0.0600,1,1,0.9676,-0.1477,0.0358,-0.2646,-0.1563,-0.3670,0.9676,-0.1477,0.0358,1.1374,-0.1345,0.0600,0,1
1.2375,0.0032,0.4033,-0.1257,-0.0142,1.2718,0.1553,0.0393,0.0321,0.1526,-0.3640,1.2718,0.1553,0.0393,1.5313,0.1425,0.1200,0,1,1.4383,-0.0925,0.0125,0.2021,-0.0928,-0.3908,1.4383,-0.0925,0.0125,1.4333,-0.1415,0.1200,1,1,1.0542,0.1229,-0.0019,-0.1850,0.1171,-0.4052,1.0542,0.1229,-0.0019,1.0906,0.1079,0.0600,1,1,0.9771,-0.1448,0.0232,-0.2583,-0.1517,-0.3801,0.9771,-0.1448,0.0232,1.1405,-0.1360,0.0600,0,1
1.2402,0.0022,0.4038,-0.1369,-0.0096,1.3185,0.1074,0.0283,0.0773,0.1059,-0.3755,1.3185,0.1074,0.0283,1.5334,0.1423,0.1200,0,1,1.4384,-0.0919,0.0124,0.1991,-0.0922,-0.3914,1.4384,-0.0919,0.0124,1.4346,-0.1417,0.1200,1,1,1.0542,0.1234,-0.0018,-0.1872,0.1194,-0.4056,1.0542,0.1234,-0.0018,1.0506,0.1460,0.0600,1,1,0.9985,-0.1368,0.0115,-0.2404,-0.1413,-0.3923,0.9985,-0.1368,0.0115,1.1439,-0.1380,0.0600,0,1
1.2423,0.0010,0.4041,-0.1448,-0.0042,1.3752,0.0798,0.0199,0.1326,0.0794,-0.3842,1.3752,0.0798,0.0199,1.5347,0.1422,0.1200,0,1,1.4382,-0.0916,0.0122,0.1963,-0.0918,-0.3919,1.4382,-0.0916,0.0122,1.4355,-0.1418,0.1200,1,1,1.0539,0.1237,-0.0015,-0.1889,0.1219,-0.4056,1.0539,0.1237,-0.0015,1.0499,0.1438,0.0600,1,1,1.0106,-0.1371,0.0026,-0.2311,-0.1391,-0.4015,1.0106,-0.1371,0.0026,1.1467,-0.1402,0.0600,0,1
1.2433,-0.0003,0.4048,-0.1359,0.0006,1.4150,0.0657,0.0137,0.1717,0.0659,-0.3911,1.4150,0.0657,0.0137,1.4700,0.1418,0.1200,1,1,1.4372,-0.0911,0.0117,0.1938,-0.0909,-0.3931,1.4372,-0.0911,0.0117,1.5352,-0.1422,0.1200,0,1,1.0529,0.1241,-0.0010,-0.1903,0.1245,-0.4058,1.0529,0.1241,-0.0010,1.1482,0.1416,0.0600,0,1,1.0277,-0.1376,-0.0035,-0.2157,-0.1372,-0.4083,1.0277,-0.1376,-0.0035,1.0834,-0.1424,0.0600,1,1
1.2458,-0.0015,0.4046,-0.1332,0.0057,1.4151,0.0658,0.0137,0.1697,0.0663,-0.3909,1.4151,0.0658,0.0137,1.4698,0.1416,0.1200,1,1,1.3922,-0.1056,0.0161,0.1458,-0.1049,-0.3885,1.3922,-0.1056,0.0161,1.5384,-0.1424,0.1200,0,1,1.0259,0.1253,0.0033,-0.2192,0.1281,-0.4013,1.0259,0.1253,0.0033,1.1500,0.1394,0.0600,0,1,1.0279,-0.1375,-0.0037,-0.2187,-0.1348,-0.4083,1.0279,-0.1375,-0.0037,1.0846,-0.1446,0.0600,1,1
1.2480,-0.0024,0.4045,-0.1237,0.0109,1.4154,0.0664,0.0139,0.1681,0.0670,-0.3906,1.4154,0.0664,0.0139,1.4693,0.1417,0.1200,1,1,1.3247,-0.1364,0.0252,0.0752,-0.1348,-0.3793,1.3247,-0.1364,0.0252,1.5414,-0.1423,0.1200,0,1,0.9949,0.1306,0.0118,-0.2516,0.1358,-0.3927,0.9949,0.1306,0.0118,1.1515,0.1375,0.0600,0,1,1.0282,-0.1371,-0.0040,-0.2213,-0.1323,-0.4085,1.0282,-0.1371,-0.0040,1.0856,-0.1465,0.0600,1,1
1.2502,-0.0031,0.4048,-0.1155,0.0136,1.4154,0.0662,0.0139,0.1661,0.0670,-0.3909,1.4154,0.0662,0.0139,1.4690,0.1415,0.1200,1,1,1.2948,-0.1418,0.0381,0.0427,-0.1393,-0.3667,1.2948,-0.1418,0.0381,1.5439,-0.1424,0.1200,0,1,0.9763,0.1319,0.0231,-0.2720,0.1387,-0.3817,0.9763,0.1319,0.0231,1.1532,0.1363,0.0600,0,1,1.0282,-0.1372,-0.0040,-0.2238,-0.1311,-0.4088,1.0282,-0.1372,-0.0040,1.0861,-0.1477,0.0600,1,1
1.2521,-0.0037,0.4053,-0.1096,0.0139,1.4155,0.0657,0.0138,0.1643,0.0671,-0.3915,1.4155,0.0657,0.0138,1.4689,0.1410,0.1200,1,1,1.3022,-0.1176,0.0513,0.0485,-0.1146,-0.3540,1.3022,-0.1176,0.0513,1.5459,-0.1430,0.1200,0,1,0.9732,0.1282,0.0358,-0.2770,0.1358,-0.3695,0.9732,0.1282,0.0358,1.1552,0.1356,0.0600,0,1,1.0282,-0.1377,-0.0038,-0.2257,-0.1309,-0.4091,1.0282,-0.1377,-0.0038,1.0861,-0.1484,0.0600,1,1
1.2542,-0.0040,0.4055,-0.1067,0.0142,1.4155,0.0658,0.0138,0.1623,0.0675,-0.3917,1.4155,0.0658,0.0138,1.4690,0.1407,0.1200,1,1,1.3017,-0.1045,0.0646,0.0461,-0.1012,-0.3409,1.3017,-0.1045,0.0646,1.5480,-0.1433,0.1200,0,1,0.9741,0.1287,0.0488,-0.2782,0.1367,-0.3567,0.9741,0.1287,0.0488,1.1572,0.1352,0.0600,0,1,1.0283,-0.1376,-0.0038,-0.2278,-0.1304,-0.4093,1.0283,-0.1376,-0.0038,1.0862,-0.1488,0.0600,1,1
1.2564,-0.0043,0.4056,-0.1067,0.0146,1.4155,0.0658,0.0138,0.1601,0.0678,-0.3918,1.4155,0.0658,0.0138,1.4691,0.1405,0.1200,1,1,1.3037,-0.0981,0.0766,0.0459,-0.0945,-0.3290,1.3037,-0.0981,0.0766,1.5502,-0.1434,0.1200,0,1,0.9760,0.1311,0.0609,-0.2784,0.1395,-0.3447,0.9760,0.1311,0.0609,1.1593,0.1349,0.0600,0,1,1.0282,-0.1376,-0.0039,-0.2301,-0.1300,-0.4095,1.0282,-0.1376,-0.0039,1.0865,-0.1491,0.0600,1,1
1.2586,-0.0043,0.4055,-0.1084,0.0147,1.4154,0.0658,0.0138,0.1578,0.0678,-0.3917,1.4154,0.0658,0.0138,1.4693,0.1405,0.1200,1,1,1.3123,-0.0928,0.0864,0.0524,-0.0893,-0.3191,1.3123,-0.0928,0.0864,1.5525,-0.1435,0.1200,0,1,0.9782,0.1334,0.0706,-0.2783,0.1418,-0.3349,0.9782,0.1334,0.0706,1.1616,0.1348,0.0600,0,1,1.0282,-0.1376,-0.0038,-0.2323,-0.1299,-0.4093,1.0282,-0.1376,-0.0038,1.0867,-0.1492,0.0600,1,1
1.2609,-0.0043,0.4054,-0.1103,0.0147,1.4154,0.0657,0.0138,0.1555,0.0677,-0.3916,1.4154,0.0657,0.0138,1.4696,0.1405,0.1200,1,1,1.3203,-0.0894,0.0925,0.0581,-0.0860,-0.3129,1.3203,-0.0894,0.0925,1.5548,-0.1434,0.1200,0,1,0.9799,0.1354,0.0768,-0.2789,0.1438,-0.3286,0.9799,0.1354,0.0768,1.1639,0.1348,0.0600,0,1,1.0282,-0.1376,-0.0038,-0.2346,-0.1299,-0.4092,1.0282,-0.1376,-0.0038,1.0871,-0.1491,0.0600,1,1
1.2634,-0.0041,0.4054,-0.1121,0.0151,1.4154,0.0657,0.0138,0.1530,0.0675,-0.3916,1.4154,0.0657,0.0138,1.4700,0.1408,0.1200,1,1,1.3219,-0.0902,0.0940,0.0572,-0.0870,-0.3114,1.3219,-0.0902,0.0940,1.5573,-0.1432,0.1200,0,1,0.9804,0.1372,0.0782,-0.2808,0.1456,-0.3272,0.9804,0.1372,0.0782,1.1663,0.1350,0.0600,0,1,1.0282,-0.1376,-0.0038,-0.2372,-0.1299,-0.4092,1.0282,-0.1376,-0.0038,1.0876,-0.1490,0.0600,1,1
1.2660,-0.0037,0.4053,-0.1130,0.0159,1.4154,0.0657,0.0138,0.1505,0.0670,-0.3915,1.4154,0.0657,0.0138,1.4705,0.1413,0.1200,1,1,1.3167,-0.0963,0.0903,0.0492,-0.0934,-0.3150,1.3167,-0.0963,0.0903,1.5600,-0.1427,0.1200,0,1,0.9793,0.1387,0.0746,-0.2844,0.1469,-0.3307,0.9793,0.1387,0.0746,1.1688,0.1351,0.0600,0,1,1.0282,-0.1376,-0.0038,-0.2399,-0.1301,-0.4091,1.0282,-0.1376,-0.0038,1.0883,-0.1488,0.0600,1,1
1.2687,-0.0033,0.4053,-0.1129,0.0171,1.4154,0.0658,0.0138,0.1479,0.0666,-0.3915,1.4154,0.0658,0.0138,1.4711,0.1420,0.1200,1,1,1.3005,-0.1093,0.0827,0.0300,-0.1065,-0.3226,1.3005,-0.1093,0.0827,1.5629,-0.1420,0.1200,0,1,0.9766,0.1390,0.0670,-0.2896,0.1473,-0.3383,0.9766,0.1390,0.0670,1.1713,0.1353,0.0600,0,1,1.0282,-0.1376,-0.0039,-0.2428,-0.1302,-0.4092,1.0282,-0.1376,-0.0039,1.0892,-0.1486,0.0600,1,1
1.2716,-0.0027,0.4053,-0.1130,0.0188,1.4156,0.0661,0.0139,0.1453,0.0661,-0.3914,1.4156,0.0661,0.0139,1.4717,0.1429,0.1200,1,1,1.2700,-0.1321,0.0722,-0.0040,-0.1293,-0.3331,1.2700,-0.1321,0.0722,1.5660,-0.1411,0.1200,0,1,0.9736,0.1398,0.0566,-0.2953,0.1481,-0.3487,0.9736,0.1398,0.0566,1.1740,0.1356,0.0600,0,1,1.0284,-0.1373,-0.0040,-0.2457,-0.1300,-0.4093,1.0284,-0.1373,-0.0040,1.0903,-0.1483,0.0600,1,1
1.2741,-0.0019,0.4052,-0.1129,0.0192,1.4155,0.0661,0.0139,0.1427,0.0653,-0.3913,1.4155,0.0661,0.0139,1.4721,0.1437,0.1200,1,1,1.2584,-0.1510,0.0621,-0.0186,-0.1488,-0.3431,1.2584,-0.1510,0.0621,1.5686,-0.1402,0.1200,0,1,0.9705,0.1441,0.0446,-0.3007,0.1518,-0.3606,0.9705,0.1441,0.0446,1.1764,0.1363,0.0600,0,1,1.0284,-0.1373,-0.0040,-0.2483,-0.1307,-0.4092,1.0284,-0.1373,-0.0040,1.0908,-0.1476,0.0600,1,1
1.2766,-0.0012,0.4052,-0.1155,0.0185,1.4157,0.0661,0.0140,0.1403,0.0647,-0.3912,1.4157,0.0661,0.0140,1.4728,0.1443,0.1200,1,1,1.2756,-0.1434,0.0508,-0.0036,-0.1422,-0.3544,1.2756,-0.1434,0.0508,1.5711,-0.1396,0.1200,0,1,0.9706,0.1439,0.0318,-0.3033,0.1507,-0.3734,0.9706,0.1439,0.0318,1.1791,0.1372,0.0600,0,1,1.0286,-0.1373,-0.0042,-0.2505,-0.1315,-0.4094,1.0286,-0.1373,-0.0042,1.0913,-0.1468,0.0600,1,1
1.2798,-0.0006,0.4050,-0.1267,0.0177,1.4159,0.0658,0.0140,0.1373,0.0640,-0.3910,1.4159,0.0658,0.0140,1.4741,0.1448,0.1200,1,1,1.3157,-0.1099,0.0381,0.0340,-0.1099,-0.3669,1.3157,-0.1099,0.0381,1.5741,-0.1391,0.1200,0,1,0.9840,0.1392,0.0194,-0.2933,0.1450,-0.3856,0.9840,0.1392,0.0194,1.1824,0.1380,0.0600,0,1,1.0287,-0.1376,-0.0041,-0.2535,-0.1325,-0.4091,1.0287,-0.1376,-0.0041,1.0924,-0.1460,0.0600,1,1
1.2829,0.0002,0.4049,-0.1401,0.0153,1.4155,0.0655,0.0139,0.1336,0.0633,-0.3910,1.4155,0.0655,0.0139,1.4755,0.1451,0.1200,1,1,1.3929,-0.0791,0.0279,0.1088,-0.0810,-0.3770,1.3929,-0.0791,0.0279,1.5769,-0.1389,0.1200,0,1,1.0156,0.1354,0.0091,-0.2652,0.1393,-0.3958,1.0156,0.1354,0.0091,1.1858,0.1392,0.0600,0,1,1.0282,-0.1378,-0.0037,-0.2568,-0.1341,-0.4086,1.0282,-0.1378,-0.0037,1.0931,-0.1448,0.0600,1,1
1.2857,0.0013,0.4050,-0.1421,0.0123,1.4150,0.0651,0.0136,0.1301,0.0622,-0.3914,1.4150,0.0651,0.0136,1.4767,0.1456,0.1200,1,1,1.4637,-0.0646,0.0207,0.1772,-0.0681,-0.3843,1.4637,-0.0646,0.0207,1.5792,-0.1384,0.1200,0,1,1.0511,0.1334,0.0015,-0.2330,0.1350,-0.4035,1.0511,0.1334,0.0015,1.1889,0.1409,0.0600,0,1,1.0277,-0.1382,-0.0032,-0.2597,-0.1363,-0.4082,1.0277,-0.1382,-0.0032,1.0934,-0.1431,0.0600,1,1
1.2886,0.0026,0.4048,-0.1321,0.0086,1.4082,0.0665,0.0150,0.1201,0.0629,-0.3898,1.4082,0.0665,0.0150,1.5792,0.1463,0.1200,0,1,1.4994,-0.0618,0.0186,0.2102,-0.0662,-0.3862,1.4994,-0.0618,0.0186,1.5157,-0.1377,0.1200,1,1,1.0693,0.1307,-0.0007,-0.2182,0.1300,-0.4055,1.0693,0.1307,-0.0007,1.1264,0.1430,0.0600,1,1,1.0170,-0.1410,-0.0009,-0.2728,-0.1413,-0.4057,1.0170,-0.1410,-0.0009,1.1949,-0.1410,0.0600,0,1
1.2927,0.0037,0.4045,-0.1266,0.0048,1.3591,0.0912,0.0213,0.0668,0.0872,-0.3832,1.3591,0.0912,0.0213,1.5838,0.1466,0.1200,0,1,1.4996,-0.0625,0.0188,0.2066,-0.0672,-0.3857,1.4996,-0.0625,0.0188,1.5172,-0.1374,0.1200,1,1,1.0696,0.1301,-0.0011,-0.2225,0.1275,-0.4056,1.0696,0.1301,-0.0011,1.1290,0.1448,0.0600,1,1,0.9931,-0.1433,0.0057,-0.3003,-0.1456,-0.3988,0.9931,-0.1433,0.0057,1.1984,-0.1392,0.0600,0,1
1.2965,0.0044,0.4047,-0.1184,0.0015,1.3160,0.1187,0.0338,0.0197,0.1143,-0.3709,1.3160,0.1187,0.0338,1.5880,0.1467,0.1200,0,1,1.4996,-0.0626,0.0188,0.2030,-0.0673,-0.3859,1.4996,-0.0626,0.0188,1.5185,-0.1373,0.1200,1,1,1.0697,0.1300,-0.0012,-0.2266,0.1259,-0.4059,1.0697,0.1300,-0.0012,1.1312,0.1461,0.0600,1,1,0.9732,-0.1470,0.0158,-0.3235,-0.1509,-0.3889,0.9732,-0.1470,0.0158,1.2017,-0.1379,0.0600,0,1
1.3003,0.0050,0.4053,-0.1129,-0.0002,1.3100,0.1131,0.0464,0.0097,0.1081,-0.3589,1.3100,0.1131,0.0464,1.5921,0.1470,0.1200,0,1,1.4997,-0.0622,0.0188,0.1994,-0.0672,-0.3865,1.4997,-0.0622,0.0188,1.5200,-0.1370,0.1200,1,1,1.0697,0.1303,-0.0011,-0.2306,0.1253,-0.4064,1.0697,0.1303,-0.0011,1.1333,0.1471,0.0600,1,1,0.9682,-0.1428,0.0279,-0.3321,-0.1479,-0.3774,0.9682,-0.1428,0.0279,1.2052,-0.1369,0.0600,0,1
1.3039,0.0054,0.4058,-0.1091,-0.0002,1.3191,0.0981,0.0601,0.0152,0.0927,-0.3457,1.3191,0.0981,0.0601,1.5957,0.1474,0.1200,0,1,1.4997,-0.0620,0.0188,0.1958,-0.0674,-0.3870,1.4997,-0.0620,0.0188,1.5216,-0.1366,0.1200,1,1,1.0697,0.1305,-0.0010,-0.2342,0.1251,-0.4068,1.0697,0.1305,-0.0010,1.1349,0.1475,0.0600,1,1,0.9705,-0.1383,0.0410,-0.3334,-0.1438,-0.3648,0.9705,-0.1383,0.0410,1.2088,-0.1365,0.0600,0,1
1.3074,0.0056,0.4061,-0.1081,-0.0006,1.3179,0.0947,0.0728,0.0104,0.0891,-0.3333,1.3179,0.0947,0.0728,1.5993,0.1475,0.1200,0,1,1.4997,-0.0621,0.0188,0.1923,-0.0676,-0.3873,1.4997,-0.0621,0.0188,1.5232,-0.1365,0.1200,1,1,1.0697,0.1305,-0.0011,-0.2378,0.1248,-0.4072,1.0697,0.1305,-0.0011,1.1365,0.1477,0.0600,1,1,0.9754,-0.1387,0.0537,-0.3319,-0.1445,-0.3524,0.9754,-0.1387,0.0537,1.2124,-0.1363,0.0600,0,1
1.3110,0.0057,0.4064,-0.1095,-0.0009,1.3238,0.0929,0.0838,0.0127,0.0872,-0.3226,1.3238,0.0929,0.0838,1.6030,0.1475,0.1200,0,1,1.4997,-0.0621,0.0188,0.1888,-0.0676,-0.3876,1.4997,-0.0621,0.0188,1.5247,-0.1365,0.1200,1,1,1.0697,0.1305,-0.0011,-0.2414,0.1246,-0.4075,1.0697,0.1305,-0.0011,1.1382,0.1478,0.0600,1,1,0.9813,-0.1401,0.0648,-0.3296,-0.1461,-0.3416,0.9813,-0.1401,0.0648,1.2159,-0.1362,0.0600,0,1
1.3145,0.0056,0.4065,-0.1100,-0.0010,1.3154,0.0911,0.0923,0.0008,0.0855,-0.3142,1.3154,0.0911,0.0923,1.6064,0.1474,0.1200,0,1,1.4998,-0.0621,0.0188,0.1854,-0.0675,-0.3877,1.4998,-0.0621,0.0188,1.5262,-0.1366,0.1200,1,1,1.0698,0.1305,-0.0011,-0.2448,0.1247,-0.4076,1.0698,0.1305,-0.0011,1.1396,0.1478,0.0600,1,1,0.9903,-0.1416,0.0728,-0.3241,-0.1475,-0.3337,0.9903,-0.1416,0.0728,1.2194,-0.1362,0.0600,0,1
1.3179,0.0053,0.4066,-0.1090,-0.0007,1.3167,0.0914,0.0962,-0.0013,0.0861,-0.3104,1.3167,0.0914,0.0962,1.6098,0.1472,0.1200,0,1,1.4998,-0.0621,0.0188,0.1819,-0.0673,-0.3878,1.4998,-0.0621,0.0188,1.5276,-0.1368,0.1200,1,1,1.0698,0.1305,-0.0011,-0.2482,0.1250,-0.4077,1.0698,0.1305,-0.0011,1.1410,0.1475,0.0600,1,1,0.9953,-0.1442,0.0767,-0.3225,-0.1497,-0.3299,0.9953,-0.1442,0.0767,1.2228,-0.1365,0.0600,0,1
1.3213,0.0050,0.4067,-0.1070,-0.0006,1.3166,0.0949,0.0950,-0.0048,0.0899,-0.3117,1.3166,0.0949,0.0950,1.6131,0.1469,0.1200,0,1,1.4998,-0.0621,0.0188,0.1785,-0.0670,-0.3879,1.4998,-0.0621,0.0188,1.5290,-0.1371,0.1200,1,1,1.0698,0.1305,-0.0011,-0.2516,0.1253,-0.4078,1.0698,0.1305,-0.0011,1.1423,0.1471,0.0600,1,1,0.9965,-0.1471,0.0755,-0.3247,-0.1523,-0.3312,0.9965,-0.1471,0.0755,1.2262,-0.1369,0.0600,0,1
1.3248,0.0045,0.4070,-0.1033,-0.0013,1.3052,0.1092,0.0891,-0.0197,0.1047,-0.3179,1.3052,0.1092,0.0891,1.6168,0.1462,0.1200,0,1,1.4999,-0.0621,0.0189,0.1752,-0.0664,-0.3881,1.4999,-0.0621,0.0189,1.5304,-0.1378,0.1200,1,1,1.0699,0.1305,-0.0012,-0.2551,0.1257,-0.4082,1.0699,0.1305,-0.0012,1.1440,0.1467,0.0600,1,1,0.9846,-0.1513,0.0698,-0.3400,-0.1562,-0.3372,0.9846,-0.1513,0.0698,1.2296,-0.1373,0.0600,0,1
1.3283,0.0037,0.4075,-0.0983,-0.0029,1.2824,0.1369,0.0798,-0.0463,0.1331,-0.3277,1.2824,0.1369,0.0798,1.6205,0.1451,0.1200,0,1,1.5000,-0.0624,0.0189,0.1719,-0.0656,-0.3886,1.5000,-0.0624,0.0189,1.5317,-0.1389,0.1200,1,1,1.0700,0.1302,-0.0013,-0.2587,0.1258,-0.4088,1.0700,0.1302,-0.0013,1.1457,0.1462,0.0600,1,1,0.9721,-0.1590,0.0606,-0.3557,-0.1637,-0.3469,0.9721,-0.1590,0.0606,1.2329,-0.1378,0.0600,0,1
1.3314,0.0028,0.4081,-0.0933,-0.0041,1.2952,0.1595,0.0720,-0.0368,0.1566,-0.3361,1.2952,0.1595,0.0720,1.6238,0.1440,0.1200,0,1,1.4999,-0.0624,0.0189,0.1688,-0.0645,-0.3892,1.4999,-0.0624,0.0189,1.5327,-0.1400,0.1200,1,1,1.0699,0.1302,-0.0013,-0.2620,0.1263,-0.4094,1.0699,0.1302,-0.0013,1.1470,0.1456,0.0600,1,1,0.9548,-0.1732,0.0492,-0.3759,-0.1775,-0.3589,0.9548,-0.1732,0.0492,1.2359,-0.1384,0.0600,0,1
1.3354,0.0021,0.4086,-0.0953,-0.0075,1.3170,0.1457,0.0601,-0.0195,0.1435,-0.3485,1.3170,0.1457,0.0601,1.6283,0.1426,0.1200,0,1,1.5002,-0.0625,0.0190,0.1653,-0.0634,-0.3896,1.5002,-0.0625,0.0190,1.5341,-0.1414,0.1200,1,1,1.0703,0.1301,-0.0015,-0.2661,0.1260,-0.4101,1.0703,0.1301,-0.0015,1.1495,0.1455,0.0600,1,1,0.9481,-0.1775,0.0370,-0.3859,-0.1825,-0.3716,0.9481,-0.1775,0.0370,1.2394,-0.1385,0.0600,0,1
1.3396,0.0014,0.4090,-0.1085,-0.0062,1.4161,0.0985,0.0528,0.0759,0.0976,-0.3562,1.4161,0.0985,0.0528,1.6323,0.1422,0.1200,0,1,1.4999,-0.0619,0.0188,0.1607,-0.0623,-0.3902,1.4999,-0.0619,0.0188,1.5366,-0.1418,0.1200,1,1,1.0699,0.1305,-0.0012,-0.2705,0.1274,-0.4102,1.0699,0.1305,-0.0012,1.1515,0.1446,0.0600,1,1,0.9660,-0.1668,0.0250,-0.3725,-0.1705,-0.3840,0.9660,-0.1668,0.0250,1.2438,-0.1394,0.0600,0,1
1.3436,0.0004,0.4096,-0.1260,-0.0028,1.5120,0.0802,0.0444,0.1682,0.0803,-0.3652,1.5120,0.0802,0.0444,1.6358,0.1418,0.1200,0,1,1.4995,-0.0622,0.0186,0.1561,-0.0622,-0.3910,1.4995,-0.0622,0.0186,1.5390,-0.1422,0.1200,1,1,1.0694,0.1303,-0.0010,-0.2746,0.1291,-0.4106,1.0694,0.1303,-0.0010,1.1530,0.1429,0.0600,1,1,1.0297,-0.1493,0.0138,-0.3135,-0.1506,-0.3958,1.0297,-0.1493,0.0138,1.2482,-0.1411,0.0600,0,1
1.3475,-0.0006,0.4097,-0.1407,-0.0040,1.5607,0.0887,0.0348,0.2128,0.0902,-0.3749,1.5607,0.0887,0.0348,1.6399,0.1406,0.1200,0,1,1.4988,-0.0624,0.0185,0.1515,-0.0612,-0.3912,1.4988,-0.0624,0.0185,1.5408,-0.1434,0.1200,1,1,1.0687,0.1300,-0.0006,-0.2793,0.1295,-0.4103,1.0687,0.1300,-0.0006,1.1551,0.1421,0.0600,1,1,1.1063,-0.1492,0.0055,-0.2406,-0.1496,-0.4042,1.1063,-0.1492,0.0055,1.2520,-0.1419,0.0600,0,1
1.3507,-0.0021,0.4100,-0.1293,-0.0039,1.6019,0.1033,0.0283,0.2508,0.1064,-0.3817,1.6019,0.1033,0.0283,1.5780,0.1392,0.1200,1,1,1.4975,-0.0626,0.0180,0.1470,-0.0599,-0.3920,1.4975,-0.0626,0.0180,1.6419,-0.1448,0.1200,0,1,1.0673,0.1297,0.0002,-0.2839,0.1307,-0.4098,1.0673,0.1297,0.0002,1.2562,0.1407,0.0600,0,1,1.1741,-0.1517,0.0014,-0.1760,-0.1503,-0.4086,1.1741,-0.1517,0.0014,1.1901,-0.1433,0.0600,1,1
1.3557,-0.0035,0.4095,-0.1274,0.0023,1.6021,0.1036,0.0285,0.2466,0.1065,-0.3810,1.6021,0.1036,0.0285,1.5802,0.1389,0.1200,1,1,1.4601,-0.0742,0.0221,0.1042,-0.0709,-0.3874,1.4601,-0.0742,0.0221,1.6478,-0.1451,0.1200,0,1,1.0479,0.1369,0.0046,-0.3075,0.1411,-0.4049,1.0479,0.1369,0.0046,1.2604,0.1380,0.0600,0,1,1.1743,-0.1515,0.0011,-0.1817,-0.1476,-0.4084,1.1743,-0.1515,0.0011,1.1940,-0.1460,0.0600,1,1
1.3601,-0.0044,0.4092,-0.1148,0.0073,1.6024,0.1039,0.0288,0.2431,0.1065,-0.3804,1.6024,0.1039,0.0288,1.5818,0.1390,0.1200,1,1,1.3836,-0.1170,0.0337,0.0227,-0.1128,-0.3755,1.3836,-0.1170,0.0337,1.6529,-0.1450,0.1200,0,1,1.0142,0.1510,0.0130,-0.3448,0.1579,-0.3962,1.0142,0.1510,0.0130,1.2640,0.1362,0.0600,0,1,1.1747,-0.1513,0.0008,-0.1865,-0.1455,-0.4084,1.1747,-0.1513,0.0008,1.1971,-0.1478,0.0600,1,1
1.3638,-0.0051,0.4096,-0.0957,0.0081,1.6026,0.1041,0.0289,0.2397,0.1073,-0.3807,1.6026,0.1041,0.0289,1.5834,0.1385,0.1200,1,1,1.3552,-0.1321,0.0497,-0.0096,-0.1269,-0.3599,1.3552,-0.1321,0.0497,1.6567,-0.1455,0.1200,0,1,0.9752,0.1519,0.0261,-0.3873,0.1601,-0.3835,0.9752,0.1519,0.0261,1.2676,0.1354,0.0600,0,1,1.1750,-0.1511,0.0005,-0.1900,-0.1445,-0.4091,1.1750,-0.1511,0.0005,1.1989,-0.1486,0.0600,1,1
1.3680,-0.0057,0.4098,-0.0852,0.0081,1.6028,0.1037,0.0289,0.2357,0.1075,-0.3809,1.6028,0.1037,0.0289,1.5856,0.1378,0.1200,1,1,1.3357,-0.1115,0.0629,-0.0332,-0.1055,-0.3469,1.3357,-0.1115,0.0629,1.6609,-0.1461,0.1200,0,1,0.9673,0.1401,0.0387,-0.3995,0.1490,-0.3711,0.9673,0.1401,0.0387,1.2718,0.1347,0.0600,0,1,1.1751,-0.1515,0.0007,-0.1941,-0.1442,-0.4091,1.1751,-0.1515,0.0007,1.2011,-0.1493,0.0600,1,1
1.3717,-0.0061,0.4098,-0.0790,0.0075,1.6027,0.1037,0.0288,0.2318,0.1081,-0.3810,1.6027,0.1037,0.0288,1.5875,0.1374,0.1200,1,1,1.3355,-0.0991,0.0769,-0.0369,-0.0927,-0.3329,1.3355,-0.0991,0.0769,1.6646,-0.1466,0.1200,0,1,0.9760,0.1311,0.0520,-0.3947,0.1402,-0.3578,0.9760,0.1311,0.0520,1.2757,0.1344,0.0600,0,1,1.1751,-0.1515,0.0007,-0.1977,-0.1439,-0.4091,1.1751,-0.1515,0.0007,1.2028,-0.1496,0.0600,1,1
1.3756,-0.0062,0.4099,-0.0777,0.0086,1.6026,0.1038,0.0288,0.2279,0.1080,-0.3811,1.6026,0.1038,0.0288,1.5892,0.1374,0.1200,1,1,1.3319,-0.1038,0.0889,-0.0445,-0.0972,-0.3210,1.3319,-0.1038,0.0889,1.6686,-0.1466,0.1200,0,1,0.9861,0.1303,0.0642,-0.3883,0.1398,-0.3457,0.9861,0.1303,0.0642,1.2794,0.1341,0.0600,0,1,1.1750,-0.1514,0.0007,-0.2018,-0.1435,-0.4092,1.1750,-0.1514,0.0007,1.2048,-0.1499,0.0600,1,1
1.3796,-0.0061,0.4101,-0.0802,0.0099,1.6026,0.1038,0.0288,0.2241,0.1077,-0.3813,1.6026,0.1038,0.0288,1.5910,0.1377,0.1200,1,1,1.3357,-0.1094,0.0986,-0.0449,-0.1029,-0.3115,1.3357,-0.1094,0.0986,1.6728,-0.1462,0.1200,0,1,0.9960,0.1323,0.0740,-0.3822,0.1422,-0.3361,0.9960,0.1323,0.0740,1.2832,0.1339,0.0600,0,1,1.1749,-0.1514,0.0007,-0.2061,-0.1433,-0.4094,1.1749,-0.1514,0.0007,1.2070,-0.1501,0.0600,1,1
1.3836,-0.0058,0.4104,-0.0835,0.0109,1.6025,0.1037,0.0287,0.2201,0.1071,-0.3817,1.6025,0.1037,0.0287,1.5929,0.1383,0.1200,1,1,1.3442,-0.1156,0.1048,-0.0406,-0.1094,-0.3056,1.3442,-0.1156,0.1048,1.6370,-0.1857,0.1200,0,1,1.0053,0.1365,0.0802,-0.3767,0.1464,-0.3302,1.0053,0.1365,0.0802,1.2871,0.1341,0.0600,0,1,1.1749,-0.1515,0.0007,-0.2103,-0.1434,-0.4097,1.1749,-0.1515,0.0007,1.2092,-0.1499,0.0600,1,1
1.3877,-0.0053,0.4108,-0.0847,0.0117,1.6025,0.1037,0.0287,0.2161,0.1065,-0.3821,1.6025,0.1037,0.0287,1.5948,0.1390,0.1200,1,1,1.3476,-0.1281,0.1063,-0.0415,-0.1223,-0.3045,1.3476,-0.1281,0.1063,1.6411,-0.1850,0.1200,0,1,1.0109,0.1422,0.0817,-0.3750,0.1519,-0.3291,1.0109,0.1422,0.0817,1.2910,0.1344,0.0600,0,1,1.1748,-0.1514,0.0008,-0.2146,-0.1436,-0.4100,1.1748,-0.1514,0.0008,1.2114,-0.1496,0.0600,1,1
1.3916,-0.0045,0.4114,-0.0832,0.0121,1.6025,0.1040,0.0288,0.2122,0.1059,-0.3826,1.6025,0.1040,0.0288,1.5967,0.1398,0.1200,1,1,1.3331,-0.1538,0.1022,-0.0603,-0.1486,-0.3092,1.3331,-0.1538,0.1022,1.6451,-0.1842,0.1200,0,1,1.0103,0.1527,0.0781,-0.3794,0.1618,-0.3333,1.0103,0.1527,0.0781,1.2949,0.1351,0.0600,0,1,1.1749,-0.1512,0.0006,-0.2185,-0.1441,-0.4108,1.1749,-0.1512,0.0006,1.2133,-0.1488,0.0600,1,1
1.3948,-0.0035,0.4122,-0.0779,0.0095,1.6026,0.1037,0.0288,0.2088,0.1052,-0.3834,1.6026,0.1037,0.0288,1.5983,0.1404,0.1200,1,1,1.3325,-0.1772,0.0981,-0.0639,-0.1731,-0.3141,1.3325,-0.1772,0.0981,1.6480,-0.1836,0.1200,0,1,0.9962,0.1725,0.0700,-0.3969,0.1798,-0.3422,0.9962,0.1725,0.0700,1.2985,0.1367,0.0600,0,1,1.1750,-0.1515,0.0006,-0.2212,-0.1459,-0.4116,1.1750,-0.1515,0.0006,1.2142,-0.1473,0.0600,1,1
1.3984,-0.0028,0.4130,-0.0750,0.0093,1.6029,0.1038,0.0290,0.2055,0.1047,-0.3840,1.6029,0.1038,0.0290,1.5999,0.1410,0.1200,1,1,1.3467,-0.1689,0.0891,-0.0532,-0.1656,-0.3239,1.3467,-0.1689,0.0891,1.6515,-0.1830,0.1200,0,1,0.9879,0.1886,0.0602,-0.4087,0.1952,-0.3528,0.9879,0.1886,0.0602,1.3021,0.1374,0.0600,0,1,1.1753,-0.1513,0.0004,-0.2245,-0.1464,-0.4126,1.1753,-0.1513,0.0004,1.2157,-0.1466,0.0600,1,1
1.4022,-0.0022,0.4135,-0.0864,0.0046,1.6027,0.1030,0.0287,0.2010,0.1043,-0.3848,1.6027,0.1030,0.0287,1.6024,0.1407,0.1200,1,1,1.4336,-0.1277,0.0805,0.0308,-0.1256,-0.3330,1.4336,-0.1277,0.0805,1.6547,-0.1833,0.1200,0,1,1.0129,0.1887,0.0492,-0.3884,0.1927,-0.3643,1.0129,0.1887,0.0492,1.3066,0.1389,0.0600,0,1,1.1750,-0.1520,0.0008,-0.2279,-0.1488,-0.4127,1.1750,-0.1520,0.0008,1.2169,-0.1451,0.0600,1,1
1.4056,-0.0015,0.4148,-0.1036,-0.0070,1.6021,0.1034,0.0284,0.1958,0.1063,-0.3864,1.6021,0.1034,0.0284,1.6054,0.1392,0.1200,1,1,1.5380,-0.1044,0.0734,0.1331,-0.1020,-0.3414,1.5380,-0.1044,0.0734,1.6564,-0.1848,0.1200,0,1,1.1004,0.1550,0.0391,-0.3063,0.1544,-0.3757,1.1004,0.1550,0.0391,1.2716,0.1019,0.0600,0,1,1.1744,-0.1517,0.0009,-0.2301,-0.1518,-0.4139,1.1744,-0.1517,0.0009,1.2166,-0.1421,0.0600,1,1
1.4091,-0.0010,0.4160,-0.1256,-0.0107,1.6019,0.1036,0.0283,0.1917,0.1067,-0.3877,1.6019,0.1036,0.0283,1.6074,0.1389,0.1200,1,1,1.5790,-0.1086,0.0613,0.1710,-0.1058,-0.3547,1.5790,-0.1086,0.0613,1.6594,-0.1851,0.1200,0,1,1.1674,0.1386,0.0285,-0.2432,0.1370,-0.3875,1.1674,0.1386,0.0285,1.2757,0.1031,0.0600,0,1,1.1741,-0.1514,0.0009,-0.2334,-0.1529,-0.4151,1.1741,-0.1514,0.0009,1.2176,-0.1409,0.0600,1,1
1.4123,-0.0006,0.4166,-0.1472,-0.0113,1.6018,0.1037,0.0283,0.1883,0.1064,-0.3883,1.6018,0.1037,0.0283,1.6087,0.1392,0.1200,1,1,1.6013,-0.1274,0.0506,0.1904,-0.1247,-0.3660,1.6013,-0.1274,0.0506,1.6625,-0.1848,0.1200,0,1,1.2026,0.1368,0.0182,-0.2112,0.1350,-0.3984,1.2026,0.1368,0.0182,1.2790,0.1036,0.0600,0,1,1.1740,-0.1513,0.0010,-0.2366,-0.1534,-0.4156,1.1740,-0.1513,0.0010,1.2187,-0.1404,0.0600,1,1
1.4148,-0.0002,0.4174,-0.1592,-0.0133,1.6016,0.1038,0.0282,0.1854,0.1065,-0.3892,1.6016,0.1038,0.0282,1.6094,0.1392,0.1200,1,1,1.6177,-0.1446,0.0428,0.2048,-0.1417,-0.3746,1.6177,-0.1446,0.0428,1.6647,-0.1847,0.1200,0,1,1.2300,0.1356,0.0105,-0.1866,0.1333,-0.4069,1.2300,0.1356,0.0105,1.2817,0.1044,0.0600,0,1,1.1738,-0.1512,0.0010,-0.2390,-0.1542,-0.4164,1.1738,-0.1512,0.0010,1.2189,-0.1396,0.0600,1,1
1.4169,0.0003,0.4180,-0.1607,-0.0164,1.6115,0.1042,0.0299,0.1929,0.1071,-0.3881,1.6115,0.1042,0.0299,1.6710,0.0991,0.1200,0,1,1.6256,-0.1536,0.0399,0.2112,-0.1505,-0.3781,1.6256,-0.1536,0.0399,1.6404,-0.1449,0.1200,1,1,1.2435,0.1365,0.0081,-0.1756,0.1333,-0.4099,1.2435,0.1365,0.0081,1.2583,0.1454,0.0600,1,1,1.1604,-0.1495,0.0030,-0.2540,-0.1540,-0.4150,1.1604,-0.1495,0.0030,1.3196,-0.1385,0.0600,0,1
1.4202,0.0001,0.4181,-0.1546,-0.0258,1.6153,0.1707,0.0359,0.1906,0.1756,-0.3822,1.6153,0.1707,0.0359,1.7156,0.1371,0.1800,0,1,1.6257,-0.1553,0.0406,0.2094,-0.1500,-0.3775,1.6257,-0.1553,0.0406,1.6403,-0.1468,0.1200,1,1,1.2437,0.1349,0.0074,-0.1799,0.1302,-0.4107,1.2437,0.1349,0.0074,1.2610,0.1470,0.0600,1,1,1.1000,-0.1587,0.0101,-0.3160,-0.1670,-0.4080,1.1000,-0.1587,0.0101,1.3216,-0.1369,0.0600,0,1
1.4235,-0.0004,0.4191,-0.1381,-0.0338,1.6044,0.2314,0.0533,0.1730,0.2378,-0.3658,1.6044,0.2314,0.0533,1.7200,0.1350,0.1800,0,1,1.6258,-0.1554,0.0406,0.2074,-0.1481,-0.3785,1.6258,-0.1554,0.0406,1.6404,-0.1488,0.1200,1,1,1.2438,0.1348,0.0072,-0.1842,0.1291,-0.4119,1.2438,0.1348,0.0072,1.2634,0.1481,0.0600,1,1,1.0404,-0.1643,0.0238,-0.3773,-0.1768,-0.3953,1.0404,-0.1643,0.0238,1.3239,-0.1358,0.0600,0,1
1.4282,-0.0013,0.4212,-0.1268,-0.0384,1.6022,0.2256,0.0660,0.1652,0.2334,-0.3552,1.6022,0.2256,0.0660,1.7253,0.1332,0.1800,0,1,1.6259,-0.1553,0.0407,0.2035,-0.1463,-0.3805,1.6259,-0.1553,0.0407,1.6424,-0.1506,0.1200,1,1,1.2439,0.1348,0.0071,-0.1894,0.1289,-0.4141,1.2439,0.1348,0.0071,1.2668,0.1481,0.0600,1,1,1.0181,-0.1428,0.0362,-0.4044,-0.1571,-0.3850,1.0181,-0.1428,0.0362,1.3279,-0.1357,0.0600,0,1
1.4325,-0.0025,0.4243,-0.1196,-0.0333,1.6145,0.1431,0.0832,0.1771,0.1516,-0.3411,1.6145,0.1431,0.0832,1.7290,0.1331,0.1800,0,1,1.6261,-0.1539,0.0402,0.1985,-0.1449,-0.3841,1.6261,-0.1539,0.0402,1.6455,-0.1508,0.1200,1,1,1.2440,0.1361,0.0075,-0.1930,0.1322,-0.4168,1.2440,0.1361,0.0075,1.2684,0.1459,0.0600,1,1,1.0048,-0.1087,0.0497,-0.4239,-0.1204,-0.3746,1.0048,-0.1087,0.0497,1.2929,-0.1779,0.0600,0,1
1.4367,-0.0038,0.4263,-0.1136,-0.0291,1.6225,0.0885,0.0971,0.1830,0.0977,-0.3292,1.6225,0.0885,0.0971,1.7325,0.1325,0.1800,0,1,1.6262,-0.1535,0.0401,0.1938,-0.1441,-0.3862,1.6262,-0.1535,0.0401,1.6482,-0.1514,0.1200,1,1,1.2441,0.1365,0.0076,-0.1966,0.1346,-0.4187,1.2441,0.1365,0.0076,1.2699,0.1438,0.0600,1,1,1.0167,-0.0922,0.0622,-0.4173,-0.1006,-0.3641,1.0167,-0.0922,0.0622,1.2976,-0.1801,0.0600,0,1
1.4411,-0.0052,0.4277,-0.1116,-0.0271,1.6289,0.0565,0.1083,0.1861,0.0668,-0.3194,1.6289,0.0565,0.1083,1.7366,0.1316,0.1800,0,1,1.6261,-0.1533,0.0400,0.1889,-0.1430,-0.3877,1.6261,-0.1533,0.0400,1.6509,-0.1523,0.1200,1,1,1.2439,0.1368,0.0078,-0.2010,0.1366,-0.4199,1.2439,0.1368,0.0078,1.2720,0.1421,0.0600,1,1,1.0794,-0.0818,0.0738,-0.3595,-0.0864,-0.3539,1.0794,-0.0818,0.0738,1.3023,-0.1818,0.0600,0,1
1.4459,-0.0064,0.4288,-0.1129,-0.0263,1.6340,0.0400,0.1165,0.1868,0.0513,-0.3123,1.6340,0.0400,0.1165,1.7414,0.1305,0.1800,0,1,1.6260,-0.1532,0.0399,0.1839,-0.1420,-0.3889,1.6260,-0.1532,0.0399,1.6539,-0.1534,0.1200,1,1,1.2438,0.1369,0.0079,-0.2058,0.1379,-0.4209,1.2438,0.1369,0.0079,1.2747,0.1407,0.0600,1,1,1.1427,-0.0819,0.0830,-0.3011,-0.0834,-0.3458,1.1427,-0.0819,0.0830,1.3073,-0.1832,0.0600,0,1
1.4513,-0.0077,0.4298,-0.1161,-0.0268,1.6421,0.0433,0.1203,0.1894,0.0561,-0.3095,1.6421,0.0433,0.1203,1.7468,0.1291,0.1800,0,1,1.6258,-0.1533,0.0399,0.1783,-0.1409,-0.3899,1.6258,-0.1533,0.0399,1.6572,-0.1548,0.1200,1,1,1.2437,0.1368,0.0079,-0.2114,0.1389,-0.4219,1.2437,0.1368,0.0079,1.2782,0.1394,0.0600,1,1,1.1884,-0.0880,0.0873,-0.2607,-0.0873,-0.3425,1.1884,-0.0880,0.0873,1.3126,-0.1845,0.0600,0,1
1.4570,-0.0090,0.4309,-0.1198,-0.0282,1.6479,0.0647,0.1191,0.1887,0.0791,-0.3118,1.6479,0.0647,0.1191,1.7528,0.1275,0.1800,0,1,1.6258,-0.1534,0.0399,0.1728,-0.1396,-0.3910,1.6258,-0.1534,0.0399,1.6608,-0.1564,0.1200,1,1,1.2436,0.1367,0.0079,-0.2174,0.1396,-0.4230,1.2436,0.1367,0.0079,1.2821,0.1384,0.0600,1,1,1.2112,-0.0945,0.0864,-0.2433,-0.0924,-0.3445,1.2112,-0.0945,0.0864,1.3181,-0.1855,0.0600,0,1
1.4629,-0.0102,0.4323,-0.1204,-0.0301,1.6485,0.1010,0.1139,0.1822,0.1167,-0.3184,1.6485,0.1010,0.1139,1.7589,0.1260,0.1800,0,1,1.6258,-0.1530,0.0398,0.1671,-0.1378,-0.3925,1.6258,-0.1530,0.0398,1.6243,-0.1979,0.1200,1,1,1.2436,0.1371,0.0081,-0.2236,0.1406,-0.4242,1.2436,0.1371,0.0081,1.2862,0.1376,0.0600,1,1,1.2308,-0.0984,0.0810,-0.2293,-0.0951,-0.3513,1.2308,-0.0984,0.0810,1.3237,-0.1863,0.0600,0,1
1.4687,-0.0111,0.4339,-0.1171,-0.0314,1.6341,0.1543,0.1034,0.1601,0.1705,-0.3305,1.6341,0.1543,0.1034,1.7648,0.1248,0.1800,0,1,1.6256,-0.1542,0.0401,0.1613,-0.1381,-0.3938,1.6256,-0.1542,0.0401,1.6279,-0.1991,0.1200,1,1,1.2435,0.1360,0.0077,-0.2297,0.1400,-0.4262,1.2435,0.1360,0.0077,1.2902,0.1369,0.0600,1,1,1.2413,-0.0993,0.0719,-0.2245,-0.0953,-0.3620,1.2413,-0.0993,0.0719,1.3293,-0.1869,0.0600,0,1
1.4739,-0.0119,0.4356,-0.1087,-0.0317,1.6168,0.2224,0.0912,0.1354,0.2387,-0.3444,1.6168,0.2224,0.0912,1.7701,0.1240,0.1800,0,1,1.6256,-0.1551,0.0404,0.1562,-0.1383,-0.3952,1.6256,-0.1551,0.0404,1.6311,-0.1999,0.1200,1,1,1.2436,0.1352,0.0073,-0.2348,0.1397,-0.4283,1.2436,0.1352,0.0073,1.2935,0.1363,0.0600,1,1,1.2449,-0.1132,0.0607,-0.2257,-0.1085,-0.3749,1.2449,-0.1132,0.0607,1.3745,-0.1476,0.1200,0,1
1.4784,-0.0125,0.4379,-0.0984,-0.0274,1.6176,0.2465,0.0858,0.1321,0.2627,-0.3521,1.6176,0.2465,0.0858,1.7740,0.1242,0.1800,0,1,1.6256,-0.1547,0.0402,0.1510,-0.1381,-0.3977,1.6256,-0.1547,0.0402,1.6342,-0.1997,0.1200,1,1,1.2436,0.1355,0.0073,-0.2388,0.1415,-0.4306,1.2436,0.1355,0.0073,1.2954,0.1348,0.0600,1,1,1.2496,-0.1282,0.0483,-0.2255,-0.1219,-0.3896,1.2496,-0.1282,0.0483,1.3796,-0.1491,0.1200,0,1
1.4837,-0.0129,0.4406,-0.0912,-0.0225,1.6334,0.2095,0.0735,0.1447,0.2257,-0.3671,1.6334,0.2095,0.0735,1.7786,0.1247,0.1800,0,1,1.6257,-0.1546,0.0402,0.1452,-0.1385,-0.4004,1.6257,-0.1546,0.0402,1.6382,-0.1992,0.1200,1,1,1.2437,0.1356,0.0074,-0.2433,0.1431,-0.4332,1.2437,0.1356,0.0074,1.2979,0.1334,0.0600,1,1,1.2673,-0.1234,0.0356,-0.2139,-0.1153,-0.4050,1.2673,-0.1234,0.0356,1.3855,-0.1505,0.1200,0,1
1.4890,-0.0132,0.4427,-0.0888,-0.0141,1.6596,0.1408,0.0658,0.1684,0.1564,-0.3769,1.6596,0.1408,0.0658,1.7828,0.1261,0.1800,0,1,1.6257,-0.1542,0.0401,0.1387,-0.1391,-0.4026,1.6257,-0.1542,0.0401,1.6428,-0.1979,0.1200,1,1,1.2437,0.1359,0.0075,-0.2474,0.1456,-0.4352,1.2437,0.1359,0.0075,1.3001,0.1316,0.0600,1,1,1.2902,-0.1133,0.0242,-0.1974,-0.1029,-0.4185,1.2902,-0.1133,0.0242,1.3921,-0.1524,0.1200,0,1
1.4942,-0.0133,0.4435,-0.0859,-0.0070,1.7023,0.1091,0.0566,0.2072,0.1239,-0.3869,1.7023,0.1091,0.0566,1.7870,0.1274,0.1800,0,1,1.6254,-0.1535,0.0398,0.1322,-0.1393,-0.4037,1.6254,-0.1535,0.0398,1.6470,-0.1966,0.1200,1,1,1.2433,0.1366,0.0081,-0.2519,0.1481,-0.4354,1.2433,0.1366,0.0081,1.3022,0.1301,0.0600,1,1,1.3211,-0.1245,0.0147,-0.1723,-0.1124,-0.4288,1.3211,-0.1245,0.0147,1.3982,-0.1539,0.1200,0,1
1.4996,-0.0139,0.4443,-0.0753,0.0027,1.7492,0.0898,0.0502,0.2499,0.1030,-0.3941,1.7492,0.0898,0.0502,1.7660,0.0886,0.1800,1,1,1.6252,-0.1511,0.0413,0.1252,-0.1375,-0.4030,1.6252,-0.1511,0.0413,1.7918,-0.1554,0.1800,0,1,1.2440,0.1384,0.0178,-0.2552,0.1530,-0.4265,1.2440,0.1384,0.0178,1.4042,0.1276,0.1200,0,1,1.3603,-0.0556,0.0141,-0.1394,-0.0413,-0.4302,1.3603,-0.0556,0.0141,1.3000,-0.1964,0.0600,1,1
1.5058,-0.0129,0.4433,-0.0828,0.0086,1.7494,0.0897,0.0502,0.2445,0.1005,-0.3931,1.7494,0.0897,0.0502,1.7293,0.1308,0.1800,1,1,1.6166,-0.1586,0.0469,0.1095,-0.1466,-0.3964,1.6166,-0.1586,0.0469,1.7988,-0.1532,0.1800,0,1,1.2452,0.1633,0.0220,-0.2591,0.1784,-0.4213,1.2452,0.1633,0.0220,1.4095,0.1274,0.1200,0,1,1.3604,-0.0557,0.0140,-0.1458,-0.0415,-0.4293,1.3604,-0.0557,0.0140,1.3050,-0.1966,0.0600,1,1
1.5122,-0.0120,0.4435,-0.0915,0.0061,1.7494,0.0895,0.0502,0.2378,0.1001,-0.3933,1.7494,0.0895,0.0502,1.7341,0.1311,0.1800,1,1,1.6222,-0.1279,0.0579,0.1093,-0.1166,-0.3856,1.6222,-0.1279,0.0579,1.8049,-0.1529,0.1800,0,1,1.2648,0.1490,0.0323,-0.2464,0.1625,-0.4112,1.2648,0.1490,0.0323,1.4163,0.1288,0.1200,0,1,1.3604,-0.0559,0.0140,-0.1521,-0.0430,-0.4295,1.3604,-0.0559,0.0140,1.3891,-0.1952,0.1200,1,1
1.5179,-0.0113,0.4446,-0.0935,-0.0032,1.7498,0.0891,0.0502,0.2316,0.1011,-0.3944,1.7498,0.0891,0.0502,1.7392,0.1301,0.1800,1,1,1.6358,-0.0705,0.0752,0.1181,-0.0588,-0.3694,1.6358,-0.0705,0.0752,1.8093,-0.1539,0.1800,0,1,1.2707,0.1152,0.0451,-0.2476,0.1257,-0.3995,1.2707,0.1152,0.0451,1.4234,0.1313,0.1200,0,1,1.3609,-0.0563,0.0138,-0.1569,-0.0455,-0.4308,1.3609,-0.0563,0.0138,1.3915,-0.1927,0.1200,1,1
1.5237,-0.0106,0.4451,-0.0943,-0.0032,1.7500,0.0893,0.0504,0.2260,0.1006,-0.3947,1.7500,0.0893,0.0504,1.7430,0.1308,0.1800,1,1,1.6064,-0.0608,0.0884,0.0829,-0.0499,-0.3567,1.6064,-0.0608,0.0884,1.8151,-0.1532,0.1800,0,1,1.2775,0.1150,0.0579,-0.2466,0.1248,-0.3872,1.2775,0.1150,0.0579,1.4292,0.1320,0.1200,0,1,1.3611,-0.0561,0.0137,-0.1625,-0.0460,-0.4314,1.3611,-0.0561,0.0137,1.3953,-0.1920,0.1200,1,1
1.5294,-0.0101,0.4455,-0.0956,-0.0021,1.7500,0.0894,0.0504,0.2204,0.1000,-0.3951,1.7500,0.0894,0.0504,1.7465,0.1315,0.1800,1,1,1.6039,-0.0639,0.1016,0.0746,-0.0536,-0.3439,1.6039,-0.0639,0.1016,1.8209,-0.1525,0.1800,0,1,1.2833,0.1209,0.0710,-0.2464,0.1305,-0.3745,1.2833,0.1209,0.0710,1.4347,0.1323,0.1200,0,1,1.3611,-0.0560,0.0137,-0.1682,-0.0463,-0.4318,1.3611,-0.0560,0.0137,1.3991,-0.1917,0.1200,1,1
1.5350,-0.0097,0.4462,-0.0975,-0.0020,1.7499,0.0893,0.0503,0.2147,0.0994,-0.3959,1.7499,0.0893,0.0503,1.7501,0.1319,0.1800,1,1,1.6313,-0.0660,0.1138,0.0964,-0.0561,-0.3324,1.6313,-0.0660,0.1138,1.8266,-0.1521,0.1800,0,1,1.2890,0.1223,0.0830,-0.2463,0.1315,-0.3632,1.2890,0.1223,0.0830,1.4403,0.1327,0.1200,0,1,1.3610,-0.0561,0.0138,-0.1739,-0.0467,-0.4324,1.3610,-0.0561,0.0138,1.4028,-0.1913,0.1200,1,1
1.5408,-0.0095,0.4472,-0.1008,-0.0013,1.7500,0.0891,0.0503,0.2091,0.0989,-0.3969,1.7500,0.0891,0.0503,1.7538,0.1322,0.1800,1,1,1.6503,-0.0741,0.1240,0.1096,-0.0645,-0.3232,1.6503,-0.0741,0.1240,1.8325,-0.1518,0.1800,0,1,1.2984,0.1214,0.0929,-0.2426,0.1306,-0.3543,1.2984,0.1214,0.0929,1.4460,0.1327,0.1200,0,1,1.3611,-0.0563,0.0138,-0.1796,-0.0470,-0.4334,1.3611,-0.0563,0.0138,1.4067,-0.1913,0.1200,1,1
1.5468,-0.0096,0.4483,-0.1045,-0.0001,1.7499,0.0895,0.0504,0.2031,0.0991,-0.3979,1.7499,0.0895,0.0504,1.7576,0.1324,0.1800,1,1,1.6444,-0.0848,0.1298,0.0976,-0.0752,-0.3185,1.6444,-0.0848,0.1298,1.8386,-0.1516,0.1800,0,1,1.3085,0.1188,0.0990,-0.2383,0.1284,-0.3493,1.3085,0.1188,0.0990,1.4518,0.1324,0.1200,0,1,1.3610,-0.0559,0.0137,-0.1858,-0.0463,-0.4346,1.3610,-0.0559,0.0137,1.3308,-0.1916,0.0600,1,1
1.5527,-0.0099,0.4497,-0.1060,0.0006,1.7499,0.0896,0.0504,0.1973,0.0994,-0.3993,1.7499,0.0896,0.0504,1.7615,0.1322,0.1800,1,1,1.6396,-0.0994,0.1312,0.0868,-0.0896,-0.3185,1.6396,-0.0994,0.1312,1.8446,-0.1518,0.1800,0,1,1.3153,0.1151,0.1004,-0.2373,0.1251,-0.3493,1.3153,0.1151,0.1004,1.4577,0.1320,0.1200,0,1,1.3610,-0.0559,0.0137,-0.1917,-0.0459,-0.4360,1.3610,-0.0559,0.0137,1.3748,-0.1520,0.1200,1,1
1.5585,-0.0106,0.4514,-0.1050,0.0013,1.7500,0.0895,0.0504,0.1916,0.0999,-0.4010,1.7500,0.0895,0.0504,1.7651,0.1317,0.1800,1,1,1.6341,-0.1223,0.1275,0.0755,-0.1118,-0.3239,1.6341,-0.1223,0.1275,1.8505,-0.1523,0.1800,0,1,1.3088,0.1104,0.0968,-0.2495,0.1213,-0.3546,1.3088,0.1104,0.0968,1.4633,0.1312,0.1200,0,1,1.3610,-0.0559,0.0137,-0.1976,-0.0450,-0.4377,1.3610,-0.0559,0.0137,1.3787,-0.1528,0.1200,1,1
1.5641,-0.0115,0.4533,-0.0995,0.0032,1.7501,0.0898,0.0505,0.1863,0.1007,-0.4028,1.7501,0.0898,0.0505,1.7685,0.1311,0.1800,1,1,1.6095,-0.1597,0.1195,0.0449,-0.1483,-0.3338,1.6095,-0.1597,0.1195,1.8564,-0.1529,0.1800,0,1,1.2972,0.1087,0.0892,-0.2665,0.1211,-0.3641,1.2972,0.1087,0.0892,1.4687,0.1299,0.1200,0,1,1.3612,-0.0556,0.0136,-0.2030,-0.0435,-0.4397,1.3612,-0.0556,0.0136,1.3826,-0.1541,0.1200,1,1
1.5692,-0.0125,0.4554,-0.0925,0.0045,1.7502,0.0899,0.0506,0.1815,0.1016,-0.4048,1.7502,0.0899,0.0506,1.7714,0.1303,0.1800,1,1,1.5833,-0.2069,0.1103,0.0132,-0.1945,-0.3451,1.5833,-0.2069,0.1103,1.8616,-0.1537,0.1800,0,1,1.2817,0.1226,0.0786,-0.2869,0.1364,-0.3768,1.2817,0.1226,0.0786,1.4736,0.1286,0.1200,0,1,1.3614,-0.0556,0.0135,-0.2080,-0.0422,-0.4419,1.3614,-0.0556,0.0135,1.3858,-0.1554,0.1200,1,1
1.5736,-0.0139,0.4580,-0.0825,0.0017,1.7501,0.0897,0.0504,0.1767,0.1033,-0.4076,1.7501,0.0897,0.0504,1.7741,0.1284,0.1800,1,1,1.6152,-0.2298,0.1037,0.0412,-0.2160,-0.3543,1.6152,-0.2298,0.1037,1.8656,-0.1556,0.1800,0,1,1.2620,0.1431,0.0664,-0.3113,0.1575,-0.3916,1.2620,0.1431,0.0664,1.4783,0.1278,0.1200,0,1,1.3612,-0.0557,0.0135,-0.2125,-0.0414,-0.4445,1.3612,-0.0557,0.0135,1.4278,-0.1962,0.1200,1,1
1.5789,-0.0159,0.4604,-0.0786,0.0010,1.7504,0.0895,0.0504,0.1716,0.1052,-0.4100,1.7504,0.0895,0.0504,1.7776,0.1263,0.1800,1,1,1.6362,-0.2111,0.0913,0.0571,-0.1953,-0.3691,1.6362,-0.2111,0.0913,1.8709,-0.1577,0.1800,0,1,1.2547,0.1501,0.0545,-0.3240,0.1663,-0.4059,1.2547,0.1501,0.0545,1.4838,0.1259,0.1200,0,1,1.3615,-0.0560,0.0134,-0.2174,-0.0399,-0.4470,1.3615,-0.0560,0.0134,1.4311,-0.1981,0.1200,1,1
1.5846,-0.0182,0.4629,-0.0815,-0.0093,1.7503,0.0887,0.0501,0.1647,0.1084,-0.4128,1.7503,0.0887,0.0501,1.7827,0.1220,0.1800,1,1,1.6803,-0.1497,0.0824,0.0969,-0.1306,-0.3805,1.6803,-0.1497,0.0824,1.8750,-0.1620,0.1800,0,1,1.2798,0.1192,0.0430,-0.3061,0.1346,-0.4199,1.2798,0.1192,0.0430,1.4909,0.1256,0.1200,0,1,1.3614,-0.0567,0.0136,-0.2228,-0.0406,-0.4493,1.3614,-0.0567,0.0136,1.4332,-0.1984,0.1200,1,1
1.5896,-0.0208,0.4642,-0.0846,-0.0212,1.7498,0.0887,0.0499,0.1578,0.1129,-0.4143,1.7498,0.0887,0.0499,1.7874,0.1171,0.1800,1,1,1.7239,-0.1232,0.0722,0.1364,-0.0995,-0.3920,1.7239,-0.1232,0.0722,1.8784,-0.1668,0.1800,0,1,1.3381,0.0827,0.0334,-0.2536,0.0981,-0.4308,1.3381,0.0827,0.0334,1.4977,0.1253,0.1200,0,1,1.3609,-0.0568,0.0139,-0.2279,-0.0408,-0.4503,1.3609,-0.0568,0.0139,1.4347,-0.1986,0.1200,1,1
1.5946,-0.0237,0.4638,-0.0828,-0.0259,1.7493,0.0881,0.0497,0.1518,0.1158,-0.4141,1.7493,0.0881,0.0497,1.7910,0.1133,0.1800,1,1,1.7678,-0.1285,0.0645,0.1759,-0.1003,-0.3993,1.7678,-0.1285,0.0645,1.8827,-0.1706,0.1800,0,1,1.3641,0.0761,0.0268,-0.2330,0.0938,-0.4370,1.3641,0.0761,0.0268,1.5034,0.1233,0.1200,0,1,1.3603,-0.0575,0.0143,-0.2333,-0.0399,-0.4495,1.3603,-0.0575,0.0143,1.3970,-0.1606,0.1200,1,1
1.5998,-0.0268,0.4626,-0.0761,-0.0290,1.7372,0.0908,0.0514,0.1339,0.1215,-0.4112,1.7372,0.0908,0.0514,1.8956,0.1096,0.1800,0,1,1.7630,-0.1310,0.0614,0.1662,-0.0994,-0.4012,1.7630,-0.1310,0.0614,1.8214,-0.1743,0.1800,1,1,1.3839,0.0559,0.0250,-0.2182,0.0764,-0.4376,1.3839,0.0559,0.0250,1.4430,0.1208,0.1200,1,1,1.3397,-0.0679,0.0167,-0.2588,-0.0486,-0.4459,1.3397,-0.0679,0.0167,1.5008,-0.1631,0.1200,0,1
1.6048,-0.0296,0.4616,-0.0752,-0.0308,1.6951,0.0844,0.0589,0.0867,0.1167,-0.4027,1.6951,0.0844,0.0589,1.9009,0.1064,0.1800,0,1,1.7635,-0.1313,0.0616,0.1618,-0.0968,-0.4000,1.7635,-0.1313,0.0616,1.8242,-0.1775,0.1800,1,1,1.3844,0.0556,0.0246,-0.2229,0.0784,-0.4370,1.3844,0.0556,0.0246,1.4463,0.1183,0.1200,1,1,1.3105,-0.0769,0.0234,-0.2927,-0.0563,-0.4382,1.3105,-0.0769,0.0234,1.5055,-0.1656,0.1200,0,1
1.6090,-0.0318,0.4608,-0.0748,-0.0259,1.6915,0.0323,0.0754,0.0808,0.0662,-0.3854,1.6915,0.0323,0.0754,1.9045,0.1052,0.1800,0,1,1.7634,-0.1306,0.0614,0.1569,-0.0948,-0.3994,1.7634,-0.1306,0.0614,1.8271,-0.1787,0.1800,1,1,1.3842,0.0563,0.0249,-0.2270,0.0822,-0.4359,1.3842,0.0563,0.0249,1.4478,0.1152,0.1200,1,1,1.3077,-0.0604,0.0354,-0.3005,-0.0364,-0.4254,1.3077,-0.0604,0.0354,1.5104,-0.1687,0.1200,0,1
1.6123,-0.0335,0.4596,-0.0706,-0.0268,1.6477,0.0321,0.0887,0.0336,0.0665,-0.3709,1.6477,0.0321,0.0887,1.9078,0.1033,0.1800,0,1,1.7636,-0.1310,0.0616,0.1539,-0.0934,-0.3980,1.7636,-0.1310,0.0616,1.8282,-0.1806,0.1800,1,1,1.3845,0.0558,0.0246,-0.2301,0.0832,-0.4350,1.3845,0.0558,0.0246,1.4491,0.1137,0.1200,1,1,1.2966,-0.0694,0.0475,-0.3146,-0.0443,-0.4121,1.2966,-0.0694,0.0475,1.5135,-0.1702,0.1200,0,1
1.6153,-0.0347,0.4582,-0.0729,-0.0288,1.6089,0.0543,0.1031,-0.0090,0.0888,-0.3551,1.6089,0.0543,0.1031,1.9111,0.1017,0.1800,0,1,1.7636,-0.1315,0.0616,0.1510,-0.0925,-0.3966,1.7636,-0.1315,0.0616,1.8289,-0.1821,0.1800,1,1,1.3845,0.0554,0.0245,-0.2333,0.0834,-0.4337,1.3845,0.0554,0.0245,1.4504,0.1129,0.1200,1,1,1.2932,-0.0854,0.0607,-0.3205,-0.0600,-0.3975,1.2932,-0.0854,0.0607,1.5163,-0.1710,0.1200,0,1
1.6179,-0.0353,0.4570,-0.0800,-0.0282,1.6203,0.0529,0.1161,-0.0001,0.0882,-0.3409,1.6203,0.0529,0.1161,1.9137,0.1012,0.1800,0,1,1.7635,-0.1313,0.0616,0.1482,-0.0919,-0.3954,1.7635,-0.1313,0.0616,1.8296,-0.1827,0.1800,1,1,1.3844,0.0555,0.0246,-0.2360,0.0842,-0.4324,1.3844,0.0555,0.0246,1.4510,0.1121,0.1200,1,1,1.3000,-0.0940,0.0735,-0.3161,-0.0676,-0.3835,1.3000,-0.0940,0.0735,1.5190,-0.1718,0.1200,0,1
1.6201,-0.0356,0.4560,-0.0885,-0.0262,1.6600,0.0406,0.1280,0.0379,0.0772,-0.3280,1.6600,0.0406,0.1280,1.9155,0.1014,0.1800,0,1,1.7635,-0.1311,0.0615,0.1459,-0.0917,-0.3945,1.7635,-0.1311,0.0615,1.8301,-0.1825,0.1800,1,1,1.3843,0.0558,0.0247,-0.2381,0.0852,-0.4313,1.3843,0.0558,0.0247,1.4509,0.1115,0.1200,1,1,1.3098,-0.0992,0.0845,-0.3085,-0.0717,-0.3715,1.3098,-0.0992,0.0845,1.5214,-0.1724,0.1200,0,1
1.6222,-0.0355,0.4550,-0.0967,-0.0259,1.6515,0.0411,0.1367,0.0273,0.0773,-0.3183,1.6515,0.0411,0.1367,1.9176,0.1015,0.1800,0,1,1.7635,-0.1312,0.0615,0.1437,-0.0920,-0.3935,1.7635,-0.1312,0.0615,1.8303,-0.1824,0.1800,1,1,1.3844,0.0557,0.0246,-0.2401,0.0850,-0.4304,1.3844,0.0557,0.0246,1.4509,0.1115,0.1200,1,1,1.3227,-0.1048,0.0927,-0.2976,-0.0770,-0.3623,1.3227,-0.1048,0.0927,1.5236,-0.1724,0.1200,0,1
1.6242,-0.0352,0.4540,-0.1024,-0.0273,1.6441,0.0488,0.1406,0.0176,0.0845,-0.3134,1.6441,0.0488,0.1406,1.9198,0.1016,0.1800,0,1,1.7635,-0.1313,0.0615,0.1419,-0.0923,-0.3925,1.7635,-0.1313,0.0615,1.8300,-0.1823,0.1800,1,1,1.3844,0.0556,0.0246,-0.2422,0.0842,-0.4294,1.3844,0.0556,0.0246,1.4511,0.1121,0.1200,1,1,1.3303,-0.1117,0.0966,-0.2917,-0.0845,-0.3574,1.3303,-0.1117,0.0966,1.5254,-0.1718,0.1200,0,1
1.6260,-0.0345,0.4533,-0.1042,-0.0300,1.6422,0.0585,0.1394,0.0134,0.0934,-0.3139,1.6422,0.0585,0.1394,1.9219,0.1016,0.1800,0,1,1.7634,-0.1312,0.0615,0.1402,-0.0925,-0.3918,1.7634,-0.1312,0.0615,1.8294,-0.1822,0.1800,1,1,1.3843,0.0557,0.0247,-0.2443,0.0829,-0.4286,1.3843,0.0557,0.0247,1.4513,0.1132,0.1200,1,1,1.3284,-0.1189,0.0955,-0.2949,-0.0933,-0.3578,1.3284,-0.1189,0.0955,1.5268,-0.1706,0.1200,0,1
1.6277,-0.0337,0.4528,-0.1002,-0.0350,1.6293,0.0781,0.1336,-0.0023,0.1118,-0.3192,1.6293,0.0781,0.1336,1.9244,0.1015,0.1800,0,1,1.7635,-0.1312,0.0615,0.1391,-0.0927,-0.3913,1.7635,-0.1312,0.0615,1.8285,-0.1824,0.1800,1,1,1.3844,0.0557,0.0246,-0.2463,0.0808,-0.4282,1.3844,0.0557,0.0246,1.4518,0.1150,0.1200,1,1,1.3167,-0.1265,0.0897,-0.3076,-0.1036,-0.3631,1.3167,-0.1265,0.0897,1.5279,-0.1688,0.1200,0,1
1.6294,-0.0328,0.4524,-0.0927,-0.0423,1.5991,0.1139,0.1242,-0.0365,0.1453,-0.3282,1.5991,0.1139,0.1242,1.9271,0.1009,0.1800,0,1,1.7637,-0.1314,0.0616,0.1383,-0.0928,-0.3908,1.7637,-0.1314,0.0616,1.8271,-0.1828,0.1800,1,1,1.3846,0.0555,0.0244,-0.2483,0.0779,-0.4280,1.3846,0.0555,0.0244,1.4526,0.1173,0.1200,1,1,1.2947,-0.1422,0.0803,-0.3298,-0.1235,-0.3721,1.2947,-0.1422,0.0803,1.5286,-0.1665,0.1200,0,1
1.6307,-0.0317,0.4522,-0.0852,-0.0490,1.6089,0.1451,0.1170,-0.0304,0.1755,-0.3352,1.6089,0.1451,0.1170,1.9293,0.1008,0.1800,0,1,1.7636,-0.1313,0.0615,0.1376,-0.0930,-0.3907,1.7636,-0.1313,0.0615,1.8253,-0.1829,0.1800,1,1,1.3845,0.0556,0.0245,-0.2502,0.0751,-0.4277,1.3845,0.0556,0.0245,1.4529,0.1197,0.1200,1,1,1.2582,-0.1686,0.0689,-0.3653,-0.1550,-0.3833,1.2582,-0.1686,0.0689,1.5290,-0.1639,0.1200,0,1
1.6326,-0.0299,0.4521,-0.0798,-0.0571,1.6245,0.1398,0.1056,-0.0178,0.1690,-0.3465,1.6245,0.1398,0.1056,1.9322,0.1009,0.1800,0,1,1.7637,-0.1313,0.0615,0.1367,-0.0938,-0.3906,1.7637,-0.1313,0.0615,1.8240,-0.1826,0.1800,1,1,1.3846,0.0556,0.0244,-0.2525,0.0712,-0.4277,1.3846,0.0556,0.0244,1.4540,0.1230,0.1200,1,1,1.2504,-0.1742,0.0593,-0.3733,-0.1659,-0.3928,1.2504,-0.1742,0.0593,1.5298,-0.1606,0.1200,0,1
1.6357,-0.0280,0.4516,-0.0875,-0.0589,1.6469,0.1014,0.0931,0.0036,0.1298,-0.3585,1.6469,0.1014,0.0931,1.9355,0.1024,0.1800,0,1,1.7639,-0.1309,0.0616,0.1340,-0.0952,-0.3900,1.7639,-0.1309,0.0616,1.8248,-0.1811,0.1800,1,1,1.3848,0.0559,0.0244,-0.2554,0.0690,-0.4272,1.3848,0.0559,0.0244,1.4554,0.1252,0.1200,1,1,1.2687,-0.1507,0.0469,-0.3591,-0.1441,-0.4047,1.2687,-0.1507,0.0469,1.5326,-0.1583,0.1200,0,1
1.6390,-0.0258,0.4509,-0.1062,-0.0540,1.7191,0.0649,0.0824,0.0751,0.0949,-0.3685,1.7191,0.0649,0.0824,1.9382,0.1056,0.1800,0,1,1.7637,-0.1309,0.0615,0.1302,-0.0982,-0.3894,1.7637,-0.1309,0.0615,1.8269,-0.1780,0.1800,1,1,1.3846,0.0559,0.0245,-0.2584,0.0678,-0.4264,1.3846,0.0559,0.0245,1.4560,0.1265,0.1200,1,1,1.3100,-0.1155,0.0353,-0.3237,-0.1073,-0.4156,1.3100,-0.1155,0.0353,1.5366,-0.1571,0.1200,0,1
1.6423,-0.0234,0.4504,-0.1221,-0.0513,1.7958,0.0598,0.0736,0.1490,0.0910,-0.3768,1.7958,0.0598,0.0736,1.9412,0.1086,0.1800,0,1,1.7630,-0.1307,0.0613,0.1260,-0.1010,-0.3891,1.7630,-0.1307,0.0613,1.8286,-0.1750,0.1800,1,1,1.3837,0.0560,0.0251,-0.2623,0.0660,-0.4253,1.3837,0.0560,0.0251,1.4569,0.1284,0.1200,1,1,1.3724,-0.0976,0.0272,-0.2657,-0.0879,-0.4232,1.3724,-0.0976,0.0272,1.5403,-0.1552,0.1200,0,1
1.6455,-0.0208,0.4501,-0.1189,-0.0484,1.8649,0.0700,0.0682,0.2148,0.1013,-0.3819,1.8649,0.0700,0.0682,1.8789,0.1118,0.1800,1,1,1.7620,-0.1304,0.0608,0.1217,-0.1038,-0.3893,1.7620,-0.1304,0.0608,1.9302,-0.1719,0.1800,0,1,1.3826,0.0562,0.0257,-0.2663,0.0642,-0.4244,1.3826,0.0562,0.0257,1.5576,0.1305,0.1200,0,1,1.4246,-0.0839,0.0222,-0.2176,-0.0737,-0.4279,1.4246,-0.0839,0.0222,1.4788,-0.1532,0.1200,1,1
1.6501,-0.0183,0.4496,-0.1244,-0.0440,1.8650,0.0702,0.0683,0.2108,0.0979,-0.3813,1.8650,0.0702,0.0683,1.8810,0.1151,0.1800,1,1,1.7514,-0.1339,0.0656,0.1063,-0.1110,-0.3840,1.7514,-0.1339,0.0656,1.9355,-0.1686,0.1800,0,1,1.3662,0.0731,0.0302,-0.2876,0.0788,-0.4194,1.3662,0.0731,0.0302,1.5616,0.1321,0.1200,0,1,1.4247,-0.0836,0.0220,-0.2223,-0.0752,-0.4276,1.4247,-0.0836,0.0220,1.4821,-0.1516,0.1200,1,1
1.6543,-0.0160,0.4496,-0.1194,-0.0357,1.8652,0.0707,0.0684,0.2077,0.0942,-0.3812,1.8652,0.0707,0.0684,1.8820,0.1190,0.1800,1,1,1.6970,-0.1781,0.0763,0.0485,-0.1605,-0.3733,1.6970,-0.1781,0.0763,1.9409,-0.1648,0.1800,0,1,1.3237,0.0998,0.0387,-0.3345,0.1039,-0.4109,1.3237,0.0998,0.0387,1.5645,0.1328,0.1200,0,1,1.4250,-0.0832,0.0217,-0.2268,-0.0753,-0.4279,1.4250,-0.0832,0.0217,1.4853,-0.1510,0.1200,1,1
1.6580,-0.0140,0.4508,-0.1093,-0.0314,1.8653,0.0712,0.0685,0.2045,0.0917,-0.3823,1.8653,0.0712,0.0685,1.8831,0.1218,0.1800,1,1,1.6752,-0.1918,0.0911,0.0228,-0.1772,-0.3597,1.6752,-0.1918,0.0911,1.9452,-0.1620,0.1800,0,1,1.2998,0.1052,0.0506,-0.3618,0.1079,-0.4002,1.2998,0.1052,0.0506,1.5675,0.1340,0.1200,0,1,1.4252,-0.0827,0.0215,-0.2305,-0.0760,-0.4293,1.4252,-0.0827,0.0215,1.4876,-0.1498,0.1200,1,1
1.6619,-0.0125,0.4519,-0.1071,-0.0277,1.8655,0.0720,0.0687,0.2012,0.0901,-0.3832,1.8655,0.0720,0.0687,1.8845,0.1241,0.1800,1,1,1.6706,-0.1566,0.1067,0.0127,-0.1438,-0.3452,1.6706,-0.1566,0.1067,1.9496,-0.1598,0.1800,0,1,1.3024,0.0969,0.0636,-0.3624,0.0994,-0.3883,1.3024,0.0969,0.0636,1.5709,0.1349,0.1200,0,1,1.4254,-0.0819,0.0211,-0.2345,-0.0759,-0.4308,1.4254,-0.0819,0.0211,1.4899,-0.1490,0.1200,1,1
1.6649,-0.0109,0.4530,-0.1036,-0.0270,1.8655,0.0697,0.0683,0.1984,0.0860,-0.3847,1.8655,0.0697,0.0683,1.8855,0.1258,0.1800,1,1,1.6748,-0.1237,0.1204,0.0129,-0.1125,-0.3326,1.6748,-0.1237,0.1204,1.9528,-0.1581,0.1800,0,1,1.3122,0.0904,0.0763,-0.3553,0.0917,-0.3767,1.3122,0.0904,0.0763,1.5738,0.1363,0.1200,0,1,1.4252,-0.0841,0.0217,-0.2376,-0.0796,-0.4313,1.4252,-0.0841,0.0217,1.4911,-0.1476,0.1200,1,1
1.6678,-0.0095,0.4533,-0.1024,-0.0247,1.8655,0.0699,0.0684,0.1957,0.0843,-0.3849,1.8655,0.0699,0.0684,1.8861,0.1277,0.1800,1,1,1.6475,-0.1216,0.1327,-0.0175,-0.1126,-0.3206,1.6475,-0.1216,0.1327,1.9561,-0.1562,0.1800,0,1,1.3227,0.0948,0.0883,-0.3476,0.0957,-0.3650,1.3227,0.0948,0.0883,1.5764,0.1372,0.1200,0,1,1.4253,-0.0839,0.0216,-0.2406,-0.0804,-0.4317,1.4253,-0.0839,0.0216,1.4924,-0.1467,0.1200,1,1
1.6707,-0.0084,0.4534,-0.1049,-0.0226,1.8655,0.0701,0.0684,0.1930,0.0829,-0.3850,1.8655,0.0701,0.0684,1.8866,0.1293,0.1800,1,1,1.6346,-0.1240,0.1427,-0.0335,-0.1164,-0.3107,1.6346,-0.1240,0.1427,1.9592,-0.1547,0.1800,0,1,1.3366,0.1007,0.0982,-0.3365,0.1015,-0.3552,1.3366,0.1007,0.0982,1.5789,0.1380,0.1200,0,1,1.4253,-0.0837,0.0216,-0.2436,-0.0808,-0.4318,1.4253,-0.0837,0.0216,1.4935,-0.1459,0.1200,1,1
1.6734,-0.0073,0.4533,-0.1085,-0.0213,1.8656,0.0700,0.0684,0.1905,0.0814,-0.3849,1.8656,0.0700,0.0684,1.8872,0.1306,0.1800,1,1,1.6460,-0.1204,0.1488,-0.0250,-0.1137,-0.3045,1.6460,-0.1204,0.1488,1.9621,-0.1534,0.1800,0,1,1.3279,0.1080,0.1046,-0.3479,0.1079,-0.3487,1.3279,0.1080,0.1046,1.5815,0.1388,0.1200,0,1,1.4254,-0.0838,0.0216,-0.2463,-0.0818,-0.4317,1.4254,-0.0838,0.0216,1.4944,-0.1452,0.1200,1,1
1.6759,-0.0064,0.4534,-0.1087,-0.0195,1.8655,0.0699,0.0684,0.1881,0.0800,-0.3850,1.8655,0.0699,0.0684,1.8874,0.1318,0.1800,1,1,1.6634,-0.1160,0.1504,-0.0104,-0.1098,-0.3030,1.6634,-0.1160,0.1504,1.9649,-0.1521,0.1800,0,1,1.3239,0.1147,0.1060,-0.3543,0.1142,-0.3474,1.3239,0.1147,0.1060,1.5837,0.1394,0.1200,0,1,1.4253,-0.0839,0.0216,-0.2490,-0.0824,-0.4318,1.4253,-0.0839,0.0216,1.4951,-0.1446,0.1200,1,1
1.6784,-0.0055,0.4538,-0.1056,-0.0167,1.8655,0.0699,0.0683,0.1858,0.0785,-0.3855,1.8655,0.0699,0.0683,1.8876,0.1333,0.1800,1,1,1.6673,-0.1201,0.1469,-0.0092,-0.1148,-0.3069,1.6673,-0.1201,0.1469,1.9678,-0.1507,0.1800,0,1,1.3197,0.1218,0.1024,-0.3608,0.1213,-0.3514,1.3197,0.1218,0.1024,1.5858,0.1397,0.1200,0,1,1.4253,-0.0839,0.0217,-0.2518,-0.0826,-0.4321,1.4253,-0.0839,0.0217,1.4961,-0.1442,0.1200,1,1
1.6812,-0.0047,0.4542,-0.0999,-0.0120,1.8657,0.0702,0.0685,0.1836,0.0771,-0.3857,1.8657,0.0702,0.0685,1.8877,0.1350,0.1800,1,1,1.6484,-0.1424,0.1389,-0.0311,-0.1381,-0.3153,1.6484,-0.1424,0.1389,1.9713,-0.1489,0.1800,0,1,1.3054,0.1329,0.0946,-0.3774,0.1331,-0.3596,1.3054,0.1329,0.0946,1.5879,0.1397,0.1200,0,1,1.4255,-0.0836,0.0215,-0.2547,-0.0820,-0.4327,1.4255,-0.0836,0.0215,1.4975,-0.1443,0.1200,1,1
1.6838,-0.0037,0.4548,-0.0949,-0.0065,1.8656,0.0701,0.0684,0.1813,0.0750,-0.3864,1.8656,0.0701,0.0684,1.8875,0.1370,0.1800,1,1,1.6383,-0.1793,0.1306,-0.0444,-0.1759,-0.3242,1.6383,-0.1793,0.1306,1.9747,-0.1470,0.1800,0,1,1.2823,0.1587,0.0843,-0.4025,0.1598,-0.3705,1.2823,0.1587,0.0843,1.5897,0.1395,0.1200,0,1,1.4253,-0.0837,0.0216,-0.2580,-0.0817,-0.4332,1.4253,-0.0837,0.0216,1.4989,-0.1445,0.1200,1,1
1.6864,-0.0031,0.4558,-0.0885,-0.0016,1.8656,0.0703,0.0684,0.1791,0.0737,-0.3874,1.8656,0.0703,0.0684,1.8874,0.1386,0.1800,1,1,1.6593,-0.1877,0.1224,-0.0268,-0.1846,-0.3334,1.6593,-0.1877,0.1224,1.9780,-0.1454,0.1800,0,1,1.2882,0.1679,0.0748,-0.3985,0.1704,-0.3810,1.2882,0.1679,0.0748,1.5916,0.1392,0.1200,0,1,1.4254,-0.0835,0.0214,-0.2609,-0.0808,-0.4344,1.4254,-0.0835,0.0214,1.5002,-0.1448,0.1200,1,1
1.6907,-0.0026,0.4562,-0.1016,-0.0017,1.8659,0.0700,0.0685,0.1751,0.0729,-0.3877,1.8659,0.0700,0.0685,1.8897,0.1391,0.1800,1,1,1.7050,-0.1419,0.1092,0.0145,-0.1393,-0.3470,1.7050,-0.1419,0.1092,1.9822,-0.1449,0.1800,0,1,1.3076,0.1433,0.0623,-0.3833,0.1452,-0.3939,1.3076,0.1433,0.0623,1.5959,0.1397,0.1200,0,1,1.4257,-0.0836,0.0213,-0.2649,-0.0815,-0.4349,1.4257,-0.0836,0.0213,1.5024,-0.1443,0.1200,1,1
1.6939,-0.0022,0.4570,-0.1207,-0.0088,1.8650,0.0700,0.0680,0.1705,0.0737,-0.3890,1.8650,0.0700,0.0680,1.8920,0.1381,0.1800,1,1,1.8366,-0.0974,0.1077,0.1435,-0.0939,-0.3493,1.8366,-0.0974,0.1077,1.9845,-0.1459,0.1800,0,1,1.4013,0.1046,0.0543,-0.2935,0.1042,-0.4027,1.4013,0.1046,0.0543,1.6002,0.1415,0.1200,0,1,1.4247,-0.0836,0.0218,-0.2685,-0.0838,-0.4352,1.4247,-0.0836,0.0218,1.5027,-0.1425,0.1200,1,1
1.6976,-0.0020,0.4576,-0.1421,-0.0061,1.8644,0.0700,0.0678,0.1664,0.0730,-0.3898,1.8644,0.0700,0.0678,1.8932,0.1389,0.1800,1,1,1.8984,-0.0974,0.0977,0.2014,-0.0942,-0.3599,1.8984,-0.0974,0.0977,1.9885,-0.1451,0.1800,0,1,1.4814,0.1040,0.0453,-0.2168,0.1047,-0.4123,1.4814,0.1040,0.0453,1.6034,0.1412,0.1200,0,1,1.4240,-0.0836,0.0221,-0.2731,-0.0833,-0.4355,1.4240,-0.0836,0.0221,1.5047,-0.1428,0.1200,1,1
1.7015,-0.0016,0.4581,-0.1503,-0.0011,1.8639,0.0700,0.0676,0.1623,0.0718,-0.3905,1.8639,0.0700,0.0676,1.8945,0.1402,0.1800,1,1,1.9344,-0.1120,0.0898,0.2330,-0.1101,-0.3683,1.9344,-0.1120,0.0898,1.9932,-0.1438,0.1800,0,1,1.5383,0.1122,0.0381,-0.1633,0.1136,-0.4200,1.5383,0.1122,0.0381,1.6067,0.1407,0.1200,0,1,1.4235,-0.0836,0.0225,-0.2779,-0.0823,-0.4356,1.4235,-0.0836,0.0225,1.5074,-0.1433,0.1200,1,1
1.7059,-0.0008,0.4587,-0.1389,-0.0010,1.8462,0.0673,0.0686,0.1402,0.0682,-0.3901,1.8462,0.0673,0.0686,1.9979,0.1410,0.1800,0,1,1.9534,-0.1176,0.0866,0.2476,-0.1166,-0.3721,1.9534,-0.1176,0.0866,1.9316,-0.1430,0.1800,1,1,1.5670,0.1120,0.0366,-0.1390,0.1127,-0.4221,1.5670,0.1120,0.0366,1.5451,0.1414,0.1200,1,1,1.4245,-0.0886,0.0255,-0.2813,-0.0881,-0.4332,1.4245,-0.0886,0.0255,1.6108,-0.1426,0.1200,0,1
1.7111,-0.0003,0.4592,-0.1288,-0.0048,1.7738,0.0965,0.0751,0.0622,0.0971,-0.3841,1.7738,0.0965,0.0751,2.0036,0.1408,0.1800,0,1,1.9539,-0.1182,0.0870,0.2434,-0.1167,-0.3722,1.9539,-0.1182,0.0870,1.9342,-0.1432,0.1800,1,1,1.5677,0.1114,0.0362,-0.1439,0.1110,-0.4230,1.5677,0.1114,0.0362,1.5488,0.1426,0.1200,1,1,1.3873,-0.1076,0.0319,-0.3233,-0.1089,-0.4273,1.3873,-0.1076,0.0319,1.6154,-0.1414,0.1200,0,1
1.7147,0.0000,0.4604,-0.1047,-0.0067,1.7247,0.1252,0.0945,0.0092,0.1253,-0.3659,1.7247,0.1252,0.0945,2.0074,0.1407,0.1800,0,1,1.9536,-0.1181,0.0867,0.2397,-0.1165,-0.3737,1.9536,-0.1181,0.0867,1.9355,-0.1432,0.1800,1,1,1.5674,0.1116,0.0363,-0.1480,0.1106,-0.4241,1.5674,0.1116,0.0363,1.5506,0.1433,0.1200,1,1,1.3494,-0.1240,0.0484,-0.3645,-0.1264,-0.4120,1.3494,-0.1240,0.0484,1.6187,-0.1407,0.1200,0,1
1.7191,0.0004,0.4617,-0.0869,-0.0012,1.6885,0.1057,0.1074,-0.0307,0.1053,-0.3543,1.6885,0.1057,0.1074,2.0111,0.1421,0.1800,0,1,1.9540,-0.1183,0.0870,0.2350,-0.1184,-0.3747,1.9540,-0.1183,0.0870,1.9387,-0.1419,0.1800,1,1,1.5678,0.1114,0.0361,-0.1514,0.1108,-0.4256,1.5678,0.1114,0.0361,1.5523,0.1426,0.1200,1,1,1.3278,-0.0953,0.0606,-0.3912,-0.0962,-0.4011,1.3278,-0.0953,0.0606,1.6239,-0.1414,0.1200,0,1
1.7234,0.0009,0.4620,-0.0800,0.0037,1.6844,0.0796,0.1221,-0.0387,0.0788,-0.3399,1.6844,0.0796,0.1221,2.0147,0.1436,0.1800,0,1,1.9537,-0.1182,0.0869,0.2299,-0.1200,-0.3751,1.9537,-0.1182,0.0869,1.9417,-0.1404,0.1800,1,1,1.5676,0.1115,0.0362,-0.1554,0.1112,-0.4258,1.5676,0.1115,0.0362,1.5539,0.1422,0.1200,1,1,1.3338,-0.0683,0.0752,-0.3899,-0.0678,-0.3868,1.3338,-0.0683,0.0752,1.6289,-0.1418,0.1200,0,1
1.7270,0.0014,0.4622,-0.0734,0.0034,1.6805,0.0796,0.1352,-0.0462,0.0784,-0.3270,1.6805,0.0796,0.1352,2.0184,0.1441,0.1800,0,1,1.9538,-0.1181,0.0869,0.2264,-0.1203,-0.3753,1.9538,-0.1181,0.0869,1.9433,-0.1399,0.1800,1,1,1.5677,0.1116,0.0362,-0.1589,0.1107,-0.4260,1.5677,0.1116,0.0362,1.5556,0.1427,0.1200,1,1,1.3276,-0.0703,0.0883,-0.3996,-0.0703,-0.3739,1.3276,-0.0703,0.0883,1.6325,-0.1413,0.1200,0,1
1.7309,0.0019,0.4623,-0.0746,0.0017,1.6746,0.0900,0.1463,-0.0562,0.0882,-0.3160,1.6746,0.0900,0.1463,1.9824,0.1042,0.1800,0,1,1.9538,-0.1181,0.0869,0.2227,-0.1204,-0.3754,1.9538,-0.1181,0.0869,1.9449,-0.1398,0.1800,1,1,1.5677,0.1115,0.0362,-0.1630,0.1099,-0.4261,1.5677,0.1115,0.0362,1.5576,0.1435,0.1200,1,1,1.3212,-0.0789,0.0994,-0.4098,-0.0801,-0.3629,1.3212,-0.0789,0.0994,1.6361,-0.1405,0.1200,0,1
1.7348,0.0023,0.4626,-0.0815,0.0001,1.6813,0.0947,0.1545,-0.0535,0.0924,-0.3081,1.6813,0.0947,0.1545,1.9866,0.1043,0.1800,0,1,1.9537,-0.1181,0.0868,0.2189,-0.1204,-0.3758,1.9537,-0.1181,0.0868,1.9466,-0.1397,0.1800,1,1,1.5675,0.1115,0.0363,-0.1673,0.1092,-0.4263,1.5675,0.1115,0.0363,1.5598,0.1443,0.1200,1,1,1.3304,-0.0829,0.1076,-0.4044,-0.0852,-0.3550,1.3304,-0.0829,0.1076,1.6398,-0.1397,0.1200,0,1
1.7388,0.0027,0.4633,-0.0886,-0.0020,1.6947,0.0989,0.1584,-0.0443,0.0961,-0.3049,1.6947,0.0989,0.1584,1.9909,0.1043,0.1800,0,1,1.9536,-0.1180,0.0867,0.2150,-0.1203,-0.3766,1.9536,-0.1180,0.0867,1.9483,-0.1397,0.1800,1,1,1.5674,0.1116,0.0363,-0.1716,0.1086,-0.4270,1.5674,0.1116,0.0363,1.5621,0.1451,0.1200,1,1,1.3427,-0.0874,0.1116,-0.3959,-0.0909,-0.3517,1.3427,-0.0874,0.1116,1.6435,-0.1389,0.1200,0,1
1.7427,0.0028,0.4643,-0.0911,-0.0033,1.6904,0.1088,0.1574,-0.0526,0.1058,-0.3069,1.6904,0.1088,0.1574,1.9950,0.1042,0.1800,0,1,1.9537,-0.1180,0.0868,0.2114,-0.1201,-0.3775,1.9537,-0.1180,0.0868,1.9501,-0.1398,0.1800,1,1,1.5675,0.1117,0.0363,-0.1756,0.1083,-0.4280,1.5675,0.1117,0.0363,1.5642,0.1455,0.1200,1,1,1.3495,-0.0924,0.1104,-0.3929,-0.0965,-0.3539,1.3495,-0.0924,0.1104,1.6473,-0.1385,0.1200,0,1
1.7463,0.0027,0.4654,-0.0875,-0.0032,1.6704,0.1329,0.1517,-0.0763,0.1300,-0.3137,1.6704,0.1329,0.1517,1.9986,0.1041,0.1800,0,1,1.9539,-0.1181,0.0869,0.2080,-0.1201,-0.3785,1.9539,-0.1181,0.0869,1.9517,-0.1399,0.1800,1,1,1.5678,0.1116,0.0362,-0.1788,0.1083,-0.4292,1.5678,0.1116,0.0362,1.5658,0.1454,0.1200,1,1,1.3436,-0.1084,0.1045,-0.4023,-0.1124,-0.3609,1.3436,-0.1084,0.1045,1.6509,-0.1386,0.1200,0,1
1.7495,0.0027,0.4668,-0.0799,-0.0040,1.6835,0.1506,0.1477,-0.0666,0.1476,-0.3191,1.6835,0.1506,0.1477,2.0019,0.1039,0.1800,0,1,1.9537,-0.1181,0.0868,0.2047,-0.1200,-0.3800,1.9537,-0.1181,0.0868,1.9528,-0.1401,0.1800,1,1,1.5675,0.1115,0.0362,-0.1824,0.1081,-0.4306,1.5675,0.1115,0.0362,1.5671,0.1455,0.1200,1,1,1.3281,-0.1364,0.0959,-0.4208,-0.1408,-0.3709,1.3281,-0.1364,0.0959,1.6540,-0.1385,0.1200,0,1
1.7538,0.0029,0.4679,-0.0804,-0.0070,1.7052,0.1249,0.1365,-0.0495,0.1217,-0.3314,1.7052,0.1249,0.1365,2.0066,0.1036,0.1800,0,1,1.9540,-0.1181,0.0869,0.2010,-0.1196,-0.3810,1.9540,-0.1181,0.0869,1.9546,-0.1404,0.1800,1,1,1.5679,0.1116,0.0360,-0.1867,0.1074,-0.4319,1.5679,0.1116,0.0360,1.5698,0.1463,0.1200,1,1,1.3426,-0.1420,0.0879,-0.4102,-0.1478,-0.3800,1.3426,-0.1420,0.0879,1.6578,-0.1377,0.1200,0,1
1.7583,0.0031,0.4689,-0.0985,0.0035,1.8370,0.0804,0.1337,0.0790,0.0770,-0.3352,1.8370,0.0804,0.1337,2.0096,0.1057,0.1800,0,1,1.9535,-0.1179,0.0865,0.1948,-0.1217,-0.3824,1.9535,-0.1179,0.0865,1.9586,-0.1383,0.1800,1,1,1.5672,0.1117,0.0362,-0.1907,0.1093,-0.4327,1.5672,0.1117,0.0362,1.5708,0.1444,0.1200,1,1,1.3950,-0.1104,0.0757,-0.3637,-0.1122,-0.3932,1.3950,-0.1104,0.0757,1.6238,-0.1796,0.1200,0,1
1.7625,0.0035,0.4703,-0.1226,0.0078,1.9127,0.0759,0.1234,0.1508,0.0712,-0.3469,1.9127,0.0759,0.1234,2.0132,0.1070,0.1800,0,1,1.9529,-0.1178,0.0861,0.1894,-0.1228,-0.3842,1.9529,-0.1178,0.0861,1.9614,-0.1370,0.1800,1,1,1.5666,0.1119,0.0364,-0.1950,0.1099,-0.4339,1.5666,0.1119,0.0364,1.5724,0.1439,0.1200,1,1,1.5154,-0.0952,0.0719,-0.2479,-0.0968,-0.3984,1.5154,-0.0952,0.0719,1.6286,-0.1801,0.1200,0,1
1.7673,0.0041,0.4715,-0.1536,0.0081,1.9492,0.0971,0.1118,0.1826,0.0915,-0.3597,1.9492,0.0971,0.1118,2.0180,0.1076,0.1800,0,1,1.9526,-0.1179,0.0859,0.1843,-0.1235,-0.3856,1.9526,-0.1179,0.0859,1.9643,-0.1364,0.1800,1,1,1.5663,0.1119,0.0364,-0.2001,0.1094,-0.4351,1.5663,0.1119,0.0364,1.5752,0.1445,0.1200,1,1,1.5632,-0.1095,0.0611,-0.2050,-0.1119,-0.4104,1.5632,-0.1095,0.0611,1.6335,-0.1795,0.1200,0,1
1.7719,0.0045,0.4724,-0.1751,0.0106,1.9698,0.1209,0.1023,0.1991,0.1143,-0.3701,1.9698,0.1209,0.1023,2.1021,0.1086,0.2400,0,1,1.9519,-0.1182,0.0858,0.1787,-0.1246,-0.3866,1.9519,-0.1182,0.0858,1.9672,-0.1354,0.1800,1,1,1.5655,0.1115,0.0367,-0.2053,0.1092,-0.4357,1.5655,0.1115,0.0367,1.5774,0.1444,0.1200,1,1,1.5855,-0.1306,0.0523,-0.1878,-0.1331,-0.4201,1.5855,-0.1306,0.0523,1.6384,-0.1795,0.1200,0,1
1.7747,0.0042,0.4739,-0.1584,0.0233,2.0620,0.1402,0.1012,0.2904,0.1293,-0.3727,2.0620,0.1402,0.1012,1.9981,0.1506,0.1800,1,1,1.9503,-0.1195,0.0854,0.1727,-0.1278,-0.3885,1.9503,-0.1195,0.0854,2.0698,-0.1333,0.2400,0,1,1.5636,0.1099,0.0375,-0.2086,0.1106,-0.4364,1.5636,0.1099,0.0375,1.6764,0.1416,0.1200,0,1,1.6011,-0.1479,0.0476,-0.1771,-0.1480,-0.4263,1.6011,-0.1479,0.0476,1.6181,-0.1423,0.1200,1,1
1.7806,0.0037,0.4747,-0.1510,0.0360,2.0620,0.1408,0.1014,0.2862,0.1269,-0.3733,2.0620,0.1408,0.1014,2.0001,0.1525,0.1800,1,1,1.9422,-0.1487,0.0897,0.1560,-0.1581,-0.3850,1.9422,-0.1487,0.0897,2.0774,-0.1313,0.2400,0,1,1.5114,0.1108,0.0422,-0.2652,0.1167,-0.4325,1.5114,0.1108,0.0422,1.6406,0.0986,0.1200,0,1,1.6011,-0.1473,0.0474,-0.1848,-0.1444,-0.4273,1.6011,-0.1473,0.0474,1.6238,-0.1453,0.1200,1,1
1.7862,0.0033,0.4754,-0.1441,0.0493,2.0620,0.1401,0.1012,0.2822,0.1230,-0.3742,2.0620,0.1401,0.1012,2.0017,0.1545,0.1800,1,1,1.9595,-0.1391,0.1044,0.1661,-0.1508,-0.3710,1.9595,-0.1391,0.1044,2.0848,-0.1291,0.2400,0,1,1.4223,0.1285,0.0550,-0.3573,0.1430,-0.4204,1.4223,0.1285,0.0550,1.6444,0.0955,0.1200,0,1,1.6009,-0.1478,0.0476,-0.1925,-0.1418,-0.4278,1.6009,-0.1478,0.0476,1.6294,-0.1482,0.1200,1,1
1.7904,0.0031,0.4782,-0.1247,0.0440,2.0625,0.1392,0.1011,0.2778,0.1240,-0.3771,2.0625,0.1392,0.1011,2.0048,0.1534,0.1800,1,1,1.9752,-0.0284,0.1233,0.1832,-0.0396,-0.3549,1.9752,-0.0284,0.1233,2.0883,-0.1304,0.2400,0,1,1.3928,0.0866,0.0705,-0.3935,0.1009,-0.4077,1.3928,0.0866,0.0705,1.6494,0.0964,0.1200,0,1,1.6013,-0.1485,0.0477,-0.1956,-0.1431,-0.4305,1.6013,-0.1485,0.0477,1.6309,-0.1474,0.1200,1,1
1.7954,0.0034,0.4790,-0.1142,0.0428,2.0625,0.1393,0.1011,0.2727,0.1243,-0.3779,2.0625,0.1393,0.1011,2.0080,0.1535,0.1800,1,1,1.9666,0.0050,0.1372,0.1711,-0.0057,-0.3418,1.9666,0.0050,0.1372,2.0931,-0.1303,0.2400,0,1,1.3787,0.0697,0.0837,-0.4135,0.0841,-0.3953,1.3787,0.0697,0.0837,1.6545,0.0969,0.1200,0,1,1.6013,-0.1484,0.0477,-0.2004,-0.1434,-0.4313,1.6013,-0.1484,0.0477,1.6337,-0.1468,0.1200,1,1
1.8004,0.0041,0.4784,-0.1030,0.0510,2.0625,0.1399,0.1014,0.2687,0.1223,-0.3770,2.0625,0.1399,0.1014,2.0097,0.1557,0.1800,1,1,1.9645,-0.0304,0.1502,0.1621,-0.0428,-0.3282,1.9645,-0.0304,0.1502,2.0992,-0.1279,0.2400,0,1,1.3703,0.0864,0.0978,-0.4253,0.1041,-0.3806,1.3703,0.0864,0.0978,1.6584,0.0960,0.1200,0,1,1.6015,-0.1479,0.0474,-0.2064,-0.1417,-0.4310,1.6015,-0.1479,0.0474,1.6379,-0.1477,0.1200,1,1
1.8053,0.0049,0.4776,-0.0974,0.0550,2.0628,0.1405,0.1017,0.2646,0.1212,-0.3759,2.0628,0.1405,0.1017,2.0121,0.1572,0.1800,1,1,1.9721,-0.0768,0.1626,0.1621,-0.0907,-0.3150,1.9721,-0.0768,0.1626,2.1047,-0.1263,0.2400,0,1,1.3750,0.0996,0.1106,-0.4244,0.1182,-0.3670,1.3750,0.0996,0.1106,1.6628,0.0960,0.1200,0,1,1.6018,-0.1473,0.0470,-0.2116,-0.1408,-0.4306,1.6018,-0.1473,0.0470,1.6415,-0.1476,0.1200,1,1
1.8100,0.0055,0.4777,-0.1047,0.0517,2.0622,0.1407,0.1015,0.2588,0.1220,-0.3762,2.0622,0.1407,0.1015,1.9753,0.1172,0.1800,1,1,1.9926,-0.0893,0.1726,0.1775,-0.1041,-0.3051,1.9926,-0.0893,0.1726,2.1089,-0.1264,0.2400,0,1,1.4597,0.0893,0.1222,-0.3455,0.1018,-0.3555,1.4597,0.0893,0.1222,1.6680,0.0972,0.1200,0,1,1.6012,-0.1471,0.0472,-0.2164,-0.1416,-0.4305,1.6012,-0.1471,0.0472,1.6436,-0.1464,0.1200,1,1
1.8148,0.0058,0.4787,-0.1147,0.0473,2.0621,0.1405,0.1013,0.2534,0.1229,-0.3774,2.0621,0.1405,0.1013,1.9787,0.1168,0.1800,1,1,1.9786,-0.0740,0.1791,0.1598,-0.0875,-0.2996,1.9786,-0.0740,0.1791,2.1131,-0.1269,0.2400,0,1,1.5494,0.0849,0.1310,-0.2614,0.0916,-0.3477,1.5494,0.0849,0.1310,1.6733,0.0985,0.1200,0,1,1.6010,-0.1474,0.0474,-0.2208,-0.1429,-0.4313,1.6010,-0.1474,0.0474,1.6457,-0.1452,0.1200,1,1
1.8196,0.0064,0.4798,-0.1265,0.0431,2.0619,0.1405,0.1012,0.2479,0.1235,-0.3786,2.0619,0.1405,0.1012,1.9821,0.1165,0.1800,1,1,1.9752,-0.0722,0.1805,0.1521,-0.0852,-0.2993,1.9752,-0.0722,0.1805,2.1174,-0.1272,0.2400,0,1,1.5992,0.0886,0.1329,-0.2167,0.0916,-0.3469,1.5992,0.0886,0.1329,1.6787,0.0998,0.1200,0,1,1.6009,-0.1474,0.0474,-0.2251,-0.1442,-0.4324,1.6009,-0.1474,0.0474,1.6479,-0.1439,0.1200,1,1
1.8246,0.0071,0.4808,-0.1388,0.0401,2.0620,0.1405,0.1013,0.2426,0.1238,-0.3795,2.0620,0.1405,0.1013,1.9856,0.1167,0.1800,1,1,1.9738,-0.0927,0.1769,0.1451,-0.1057,-0.3039,1.9738,-0.0927,0.1769,2.1220,-0.1271,0.2400,0,1,1.6157,0.0931,0.1297,-0.2053,0.0943,-0.3511,1.6157,0.0931,0.1297,1.7241,0.1412,0.1800,0,1,1.6010,-0.1474,0.0474,-0.2296,-0.1454,-0.4334,1.6010,-0.1474,0.0474,1.6105,-0.1826,0.1200,1,1
1.8296,0.0082,0.4821,-0.1433,0.0376,2.0620,0.1409,0.1014,0.2372,0.1239,-0.3807,2.0620,0.1409,0.1014,1.9889,0.1173,0.1800,1,1,1.9632,-0.1349,0.1689,0.1281,-0.1480,-0.3132,1.9632,-0.1349,0.1689,2.1266,-0.1265,0.2400,0,1,1.6135,0.0967,0.1222,-0.2126,0.0966,-0.3599,1.6135,0.0967,0.1222,1.7294,0.1427,0.1800,0,1,1.6010,-0.1471,0.0472,-0.2343,-0.1466,-0.4349,1.6010,-0.1471,0.0472,1.6530,-0.1411,0.1200,1,1
1.8342,0.0094,0.4835,-0.1427,0.0346,2.0621,0.1418,0.1017,0.2323,0.1244,-0.3818,2.0621,0.1418,0.1017,1.9920,0.1179,0.1800,1,1,1.9434,-0.1979,0.1575,0.1020,-0.2110,-0.3260,1.9434,-0.1979,0.1575,2.1308,-0.1259,0.2400,0,1,1.6071,0.1049,0.1119,-0.2237,0.1033,-0.3716,1.6071,0.1049,0.1119,1.7345,0.1445,0.1800,0,1,1.6013,-0.1462,0.0467,-0.2381,-0.1475,-0.4368,1.6013,-0.1462,0.0467,1.6553,-0.1393,0.1200,1,1
1.8379,0.0107,0.4851,-0.1421,0.0297,2.0620,0.1416,0.1016,0.2279,0.1242,-0.3835,2.0620,0.1416,0.1016,1.9944,0.1184,0.1800,1,1,1.9444,-0.2498,0.1504,0.0987,-0.2635,-0.3347,1.9444,-0.2498,0.1504,2.1339,-0.1255,0.2400,0,1,1.6004,0.1317,0.0998,-0.2338,0.1280,-0.3853,1.6004,0.1317,0.0998,1.7388,0.1469,0.1800,0,1,1.6012,-0.1464,0.0468,-0.2413,-0.1500,-0.4383,1.6012,-0.1464,0.0468,1.6563,-0.1370,0.1200,1,1
1.8416,0.0120,0.4875,-0.1420,0.0213,2.0620,0.1419,0.1017,0.2231,0.1252,-0.3858,2.0620,0.1419,0.1017,1.9974,0.1181,0.1800,1,1,1.9712,-0.2360,0.1399,0.1243,-0.2507,-0.3476,1.9712,-0.2360,0.1399,2.1364,-0.1258,0.2400,0,1,1.6093,0.1359,0.0873,-0.2296,0.1288,-0.4002,1.6093,0.1359,0.0873,1.7437,0.1499,0.1800,0,1,1.6012,-0.1461,0.0467,-0.2437,-0.1529,-0.4408,1.6012,-0.1461,0.0467,1.6567,-0.1341,0.1200,1,1
1.8457,0.0133,0.4899,-0.1483,0.0127,2.0623,0.1410,0.1015,0.2182,0.1249,-0.3884,2.0623,0.1410,0.1015,2.0007,0.1177,0.1800,1,1,1.9982,-0.1682,0.1301,0.1502,-0.1834,-0.3598,1.9982,-0.1682,0.1301,2.1393,-0.1263,0.2400,0,1,1.6333,0.1303,0.0749,-0.2109,0.1197,-0.4150,1.6333,0.1303,0.0749,1.7489,0.1528,0.1800,0,1,1.6014,-0.1469,0.0469,-0.2463,-0.1571,-0.4430,1.6014,-0.1469,0.0469,1.6575,-0.1312,0.1200,1,1
1.8492,0.0145,0.4918,-0.1542,0.0023,2.0621,0.1408,0.1014,0.2132,0.1258,-0.3904,2.0621,0.1408,0.1014,2.0037,0.1170,0.1800,1,1,2.0379,-0.1234,0.1201,0.1884,-0.1383,-0.3717,2.0379,-0.1234,0.1201,2.1413,-0.1270,0.2400,0,1,1.6644,0.1341,0.0643,-0.1845,0.1200,-0.4275,1.6644,0.1341,0.0643,1.7539,0.1561,0.1800,0,1,1.6011,-0.1470,0.0472,-0.2485,-0.1609,-0.4446,1.6011,-0.1470,0.0472,1.6575,-0.1279,0.1200,1,1
1.8524,0.0160,0.4932,-0.1544,-0.0054,2.0613,0.1398,0.1007,0.2082,0.1249,-0.3925,2.0613,0.1398,0.1007,2.0860,0.1169,0.2400,1,1,2.0800,-0.1039,0.1122,0.2282,-0.1187,-0.3810,2.0800,-0.1039,0.1122,2.1435,-0.1271,0.2400,0,1,1.6980,0.1488,0.0566,-0.1551,0.1320,-0.4366,1.6980,0.1488,0.0566,1.7582,0.1590,0.1800,0,1,1.6001,-0.1479,0.0482,-0.2514,-0.1653,-0.4450,1.6001,-0.1479,0.0482,1.6577,-0.1250,0.1200,1,1
1.8558,0.0175,0.4928,-0.1424,-0.0088,2.0442,0.1504,0.1018,0.1872,0.1346,-0.3910,2.0442,0.1504,0.1018,2.1488,0.1578,0.2400,0,1,2.1031,-0.1401,0.1120,0.2487,-0.1554,-0.3808,2.1031,-0.1401,0.1120,2.0803,-0.1262,0.2400,1,1,1.7181,0.1680,0.0562,-0.1390,0.1493,-0.4366,1.7181,0.1680,0.0562,1.6560,0.1212,0.1200,1,1,1.6005,-0.1552,0.0514,-0.2538,-0.1749,-0.4414,1.6005,-0.1552,0.0514,1.7595,-0.1228,0.1800,0,1
1.8612,0.0180,0.4924,-0.1457,-0.0172,1.9904,0.1785,0.1130,0.1264,0.1627,-0.3794,1.9904,0.1785,0.1130,2.1554,0.1567,0.2400,0,1,2.1033,-0.1408,0.1123,0.2448,-0.1546,-0.3801,2.1033,-0.1408,0.1123,2.0825,-0.1273,0.2400,1,1,1.7184,0.1672,0.0558,-0.1453,0.1467,-0.4366,1.7184,0.1672,0.0558,1.7407,0.1233,0.1800,1,1,1.6113,-0.1619,0.0585,-0.2468,-0.1842,-0.4339,1.6113,-0.1619,0.0585,1.7638,-0.1206,0.1800,0,1
1.8659,0.0182,0.4941,-0.1437,-0.0068,1.9977,0.0920,0.1288,0.1313,0.0747,-0.3653,1.9977,0.0920,0.1288,2.1587,0.1589,0.2400,0,1,2.1036,-0.1399,0.1121,0.2388,-0.1565,-0.3820,2.1036,-0.1399,0.1121,2.0868,-0.1251,0.2400,1,1,1.7185,0.1680,0.0560,-0.1484,0.1488,-0.4381,1.7185,0.1680,0.0560,1.7419,0.1215,0.1800,1,1,1.6218,-0.0904,0.0738,-0.2434,-0.1103,-0.4203,1.6218,-0.0904,0.0738,1.7700,-0.1225,0.1800,0,1
1.8702,0.0179,0.4949,-0.1353,-0.0046,1.9826,0.0520,0.1423,0.1122,0.0346,-0.3526,1.9826,0.0520,0.1423,2.1627,0.1591,0.2400,0,1,2.1038,-0.1400,0.1122,0.2343,-0.1568,-0.3827,2.1038,-0.1400,0.1122,2.0894,-0.1249,0.2400,1,1,1.7187,0.1678,0.0559,-0.1522,0.1492,-0.4390,1.7187,0.1678,0.0559,1.7439,0.1208,0.1800,1,1,1.6179,-0.0599,0.0868,-0.2519,-0.0790,-0.4081,1.6179,-0.0599,0.0868,1.7746,-0.1232,0.1800,0,1
1.8752,0.0173,0.4943,-0.1344,-0.0124,1.9674,0.0650,0.1556,0.0916,0.0488,-0.3387,1.9674,0.0650,0.1556,2.1687,0.1569,0.2400,0,1,2.1039,-0.1403,0.1124,0.2306,-0.1548,-0.3819,2.1039,-0.1403,0.1124,2.0912,-0.1271,0.2400,1,1,1.7188,0.1675,0.0557,-0.1583,0.1482,-0.4386,1.7188,0.1675,0.0557,1.7480,0.1217,0.1800,1,1,1.6085,-0.0693,0.1000,-0.2656,-0.0899,-0.3943,1.6085,-0.0693,0.1000,1.7785,-0.1223,0.1800,0,1
1.8803,0.0164,0.4937,-0.1372,-0.0212,1.9753,0.0805,0.1683,0.0936,0.0661,-0.3254,1.9753,0.0805,0.1683,2.1750,0.1543,0.2400,0,1,2.1038,-0.1404,0.1124,0.2268,-0.1520,-0.3813,2.1038,-0.1404,0.1124,2.1330,-0.1696,0.2400,1,1,1.7187,0.1674,0.0557,-0.1648,0.1475,-0.4380,1.7187,0.1674,0.0557,1.7523,0.1225,0.1800,1,1,1.6152,-0.0817,0.1129,-0.2630,-0.1037,-0.3808,1.6152,-0.0817,0.1129,1.7823,-0.1214,0.1800,0,1
1.8853,0.0154,0.4937,-0.1419,-0.0285,1.9917,0.0869,0.1794,0.1043,0.0745,-0.3143,1.9917,0.0869,0.1794,2.1811,0.1519,0.2400,0,1,2.1037,-0.1403,0.1123,0.2227,-0.1494,-0.3814,2.1037,-0.1403,0.1123,2.1350,-0.1720,0.2400,1,1,1.7186,0.1675,0.0558,-0.1710,0.1473,-0.4379,1.7186,0.1675,0.0558,1.7565,0.1229,0.1800,1,1,1.6290,-0.0882,0.1240,-0.2532,-0.1109,-0.3697,1.6290,-0.0882,0.1240,1.7864,-0.1210,0.1800,0,1
1.8905,0.0141,0.4941,-0.1471,-0.0355,2.0041,0.0940,0.1876,0.1107,0.0839,-0.3065,2.0041,0.0940,0.1876,2.1872,0.1492,0.2400,0,1,2.1037,-0.1404,0.1123,0.2185,-0.1468,-0.3818,2.1037,-0.1404,0.1123,2.0971,-0.1346,0.2400,1,1,1.7186,0.1674,0.0558,-0.1772,0.1471,-0.4383,1.7186,0.1674,0.0558,1.7607,0.1230,0.1800,1,1,1.6406,-0.0959,0.1322,-0.2458,-0.1188,-0.3619,1.6406,-0.0959,0.1322,1.7906,-0.1209,0.1800,0,1
1.8956,0.0127,0.4949,-0.1500,-0.0416,1.9943,0.1006,0.1916,0.0950,0.0919,-0.3033,1.9943,0.1006,0.1916,2.1931,0.1466,0.2400,0,1,2.1037,-0.1405,0.1124,0.2143,-0.1444,-0.3825,2.1037,-0.1405,0.1124,2.0993,-0.1371,0.2400,1,1,1.7186,0.1673,0.0557,-0.1833,0.1471,-0.4392,1.7186,0.1673,0.0557,1.7647,0.1227,0.1800,1,1,1.6513,-0.1061,0.1361,-0.2391,-0.1289,-0.3588,1.6513,-0.1061,0.1361,1.7949,-0.1210,0.1800,0,1
1.9004,0.0112,0.4960,-0.1482,-0.0464,1.9849,0.1117,0.1903,0.0797,0.1043,-0.3057,1.9849,0.1117,0.1903,2.1986,0.1441,0.2400,0,1,2.1037,-0.1405,0.1124,0.2101,-0.1421,-0.3836,2.1037,-0.1405,0.1124,2.1014,-0.1396,0.2400,1,1,1.7186,0.1673,0.0557,-0.1888,0.1475,-0.4403,1.7186,0.1673,0.0557,1.7282,0.1621,0.1800,1,1,1.6545,-0.1222,0.1349,-0.2394,-0.1447,-0.3611,1.6545,-0.1222,0.1349,1.7990,-0.1216,0.1800,0,1
1.9050,0.0095,0.4975,-0.1438,-0.0501,1.9661,0.1303,0.1845,0.0550,0.1237,-0.3130,1.9661,0.1303,0.1845,2.2037,0.1418,0.2400,0,1,2.1039,-0.1405,0.1125,0.2062,-0.1399,-0.3850,2.1039,-0.1405,0.1125,2.1034,-0.1419,0.2400,1,1,1.7188,0.1673,0.0556,-0.1939,0.1483,-0.4419,1.7188,0.1673,0.0556,1.7314,0.1611,0.1800,1,1,1.6326,-0.1420,0.1292,-0.2645,-0.1650,-0.3683,1.6326,-0.1420,0.1292,1.8031,-0.1225,0.1800,0,1
1.9092,0.0079,0.4991,-0.1367,-0.0556,1.9292,0.1644,0.1750,0.0113,0.1574,-0.3241,1.9292,0.1644,0.1750,2.2086,0.1390,0.2400,0,1,2.1042,-0.1406,0.1126,0.2030,-0.1374,-0.3865,2.1042,-0.1406,0.1126,2.1048,-0.1445,0.2400,1,1,1.7192,0.1672,0.0554,-0.1986,0.1485,-0.4437,1.7192,0.1672,0.0554,1.7344,0.1606,0.1800,1,1,1.6072,-0.1792,0.1195,-0.2911,-0.2036,-0.3796,1.6072,-0.1792,0.1195,1.8066,-0.1230,0.1800,0,1
1.9126,0.0066,0.5011,-0.1309,-0.0604,1.9186,0.2025,0.1681,-0.0058,0.1959,-0.3330,1.9186,0.2025,0.1681,2.2126,0.1368,0.2400,0,1,2.1037,-0.1406,0.1124,0.1996,-0.1354,-0.3887,2.1037,-0.1406,0.1124,2.1054,-0.1467,0.2400,1,1,1.7186,0.1671,0.0555,-0.2033,0.1485,-0.4456,1.7186,0.1671,0.0555,1.7365,0.1601,0.1800,1,1,1.5845,-0.2206,0.1111,-0.3138,-0.2466,-0.3900,1.5845,-0.2206,0.1111,1.8093,-0.1234,0.1800,0,1
1.9160,0.0055,0.5037,-0.1264,-0.0572,1.9321,0.1854,0.1578,0.0058,0.1805,-0.3459,1.9321,0.1854,0.1578,2.2156,0.1363,0.2400,0,1,2.1039,-0.1408,0.1125,0.1960,-0.1353,-0.3912,2.1039,-0.1408,0.1125,2.1073,-0.1473,0.2400,1,1,1.7188,0.1669,0.0556,-0.2061,0.1499,-0.4481,1.7188,0.1669,0.0556,1.7374,0.1584,0.1800,1,1,1.5975,-0.2098,0.1016,-0.3057,-0.2332,-0.4021,1.5975,-0.2098,0.1016,1.8132,-0.1252,0.1800,0,1
1.9204,0.0045,0.5055,-0.1374,-0.0426,1.9867,0.1242,0.1489,0.0611,0.1224,-0.3566,1.9867,0.1242,0.1489,2.2181,0.1382,0.2400,0,1,2.1038,-0.1404,0.1123,0.1894,-0.1370,-0.3932,2.1038,-0.1404,0.1123,2.1120,-0.1455,0.2400,1,1,1.7187,0.1672,0.0558,-0.2084,0.1540,-0.4497,1.7187,0.1672,0.0558,1.7376,0.1547,0.1800,1,1,1.6171,-0.1678,0.0896,-0.2957,-0.1851,-0.4159,1.6171,-0.1678,0.0896,1.8195,-0.1291,0.1800,0,1
1.9242,0.0038,0.5072,-0.1507,-0.0288,2.0191,0.0778,0.1392,0.0927,0.0767,-0.3680,2.0191,0.0778,0.1392,2.2200,0.1402,0.2400,0,1,2.1038,-0.1406,0.1124,0.1837,-0.1392,-0.3948,2.1038,-0.1406,0.1124,2.1159,-0.1437,0.2400,1,1,1.7187,0.1671,0.0558,-0.2101,0.1573,-0.4514,1.7187,0.1671,0.0558,1.7774,0.1114,0.1800,1,1,1.6597,-0.1207,0.0802,-0.2608,-0.1321,-0.4270,1.6597,-0.1207,0.0802,1.8252,-0.1325,0.1800,0,1
1.9273,0.0032,0.5077,-0.1562,-0.0228,2.0625,0.0661,0.1299,0.1337,0.0660,-0.3778,2.0625,0.0661,0.1299,2.2223,0.1408,0.2400,0,1,2.1032,-0.1405,0.1121,0.1791,-0.1397,-0.3956,2.1032,-0.1405,0.1121,2.1178,-0.1431,0.2400,1,1,1.7181,0.1672,0.0560,-0.2129,0.1592,-0.4517,1.7181,0.1672,0.0560,1.7776,0.1097,0.1800,1,1,1.7066,-0.1116,0.0714,-0.2180,-0.1198,-0.4363,1.7066,-0.1116,0.0714,1.8291,-0.1343,0.1800,0,1
1.9296,0.0022,0.5074,-0.1422,-0.0209,2.1433,0.0843,0.1277,0.2119,0.0865,-0.3797,2.1433,0.0843,0.1277,2.1594,0.1402,0.2400,1,1,2.1025,-0.1415,0.1123,0.1759,-0.1401,-0.3951,2.1025,-0.1415,0.1123,2.2184,-0.1438,0.2400,0,1,1.7175,0.1658,0.0603,-0.2155,0.1591,-0.4471,1.7175,0.1658,0.0603,1.8377,0.1483,0.1800,0,1,1.7512,-0.1118,0.0664,-0.1760,-0.1177,-0.4410,1.7512,-0.1118,0.0664,1.7667,-0.1357,0.1800,1,1
1.9341,0.0013,0.5063,-0.1439,-0.0114,2.1436,0.0845,0.1278,0.2085,0.0856,-0.3785,2.1436,0.0845,0.1278,2.1605,0.1411,0.2400,1,1,2.0770,-0.1503,0.1167,0.1446,-0.1500,-0.3896,2.0770,-0.1503,0.1167,2.2243,-0.1429,0.2400,0,1,1.7063,0.1644,0.0659,-0.2296,0.1605,-0.4404,1.7063,0.1644,0.0659,1.8407,0.1455,0.1800,0,1,1.7515,-0.1116,0.0662,-0.1813,-0.1150,-0.4401,1.7515,-0.1116,0.0662,1.7705,-0.1385,0.1800,1,1
1.9385,0.0007,0.5067,-0.1406,-0.0134,2.1438,0.0843,0.1278,0.2042,0.0863,-0.3789,2.1438,0.0843,0.1278,2.1632,0.1401,0.2400,1,1,2.0302,-0.0975,0.1319,0.0930,-0.0970,-0.3748,2.0302,-0.0975,0.1319,2.2284,-0.1438,0.2400,0,1,1.6737,0.1117,0.0746,-0.2663,0.1074,-0.4321,1.6737,0.1117,0.0746,1.8454,0.1453,0.1800,0,1,1.7517,-0.1118,0.0661,-0.1853,-0.1150,-0.4406,1.7517,-0.1118,0.0661,1.7726,-0.1387,0.1800,1,1
1.9420,0.0005,0.5066,-0.1325,-0.0092,2.1442,0.0845,0.1280,0.2014,0.0859,-0.3786,2.1442,0.0845,0.1280,2.1641,0.1407,0.2400,1,1,1.9666,-0.0936,0.1457,0.0255,-0.0939,-0.3609,1.9666,-0.0936,0.1457,2.2325,-0.1433,0.2400,0,1,1.6294,0.1089,0.0867,-0.3136,0.1055,-0.4199,1.6294,0.1089,0.0867,1.8483,0.1442,0.1800,0,1,1.7521,-0.1116,0.0658,-0.1889,-0.1138,-0.4408,1.7521,-0.1116,0.0658,1.7747,-0.1397,0.1800,1,1
1.9453,0.0002,0.5064,-0.1285,-0.0027,2.1446,0.0841,0.1281,0.1991,0.0844,-0.3783,2.1446,0.0841,0.1281,2.1645,0.1417,0.2400,1,1,1.9486,-0.0977,0.1589,0.0036,-0.0979,-0.3475,1.9486,-0.0977,0.1589,2.2367,-0.1423,0.2400,0,1,1.5957,0.1229,0.1000,-0.3499,0.1218,-0.4064,1.5957,0.1229,0.1000,1.8507,0.1428,0.1800,0,1,1.7525,-0.1120,0.0657,-0.1925,-0.1127,-0.4407,1.7525,-0.1120,0.0657,1.7769,-0.1412,0.1800,1,1
1.9484,-0.0000,0.5064,-0.1307,0.0002,2.1443,0.0839,0.1279,0.1959,0.0839,-0.3785,2.1443,0.0839,0.1279,2.1652,0.1420,0.2400,1,1,1.9794,-0.0765,0.1725,0.0310,-0.0765,-0.3339,1.9794,-0.0765,0.1725,2.2402,-0.1420,0.2400,0,1,1.6057,0.1145,0.1134,-0.3427,0.1146,-0.3930,1.6057,0.1145,0.1134,1.8534,0.1419,0.1800,0,1,1.7522,-0.1121,0.0658,-0.1962,-0.1121,-0.4406,1.7522,-0.1121,0.0658,1.7784,-0.1421,0.1800,1,1
1.9514,-0.0003,0.5066,-0.1341,0.0034,2.1443,0.0840,0.1279,0.1932,0.0836,-0.3787,2.1443,0.0840,0.1279,2.1658,0.1424,0.2400,1,1,1.9985,-0.0622,0.1851,0.0469,-0.0621,-0.3215,1.9985,-0.0622,0.1851,2.2437,-0.1416,0.2400,0,1,1.6339,0.1022,0.1260,-0.3171,0.1036,-0.3806,1.6339,0.1022,0.1260,1.8560,0.1411,0.1800,0,1,1.7522,-0.1121,0.0658,-0.1996,-0.1111,-0.4408,1.7522,-0.1121,0.0658,1.7799,-0.1429,0.1800,1,1
1.9547,-0.0003,0.5066,-0.1389,0.0085,2.1443,0.0840,0.1279,0.1903,0.0827,-0.3787,2.1443,0.0840,0.1279,2.1663,0.1433,0.2400,1,1,2.0020,-0.0636,0.1949,0.0468,-0.0637,-0.3117,2.0020,-0.0636,0.1949,2.2477,-0.1407,0.2400,0,1,1.6423,0.1018,0.1358,-0.3115,0.1048,-0.3708,1.6423,0.1018,0.1358,1.8585,0.1400,0.1800,0,1,1.7522,-0.1120,0.0658,-0.2034,-0.1100,-0.4408,1.7522,-0.1120,0.0658,1.7819,-0.1440,0.1800,1,1
1.9579,-0.0003,0.5067,-0.1434,0.0139,2.1443,0.0841,0.1279,0.1876,0.0818,-0.3788,2.1443,0.0841,0.1279,2.1667,0.1444,0.2400,1,1,2.0062,-0.0687,0.2010,0.0473,-0.0691,-0.3057,2.0062,-0.0687,0.2010,2.2517,-0.1396,0.2400,0,1,1.6476,0.1051,0.1420,-0.3088,0.1097,-0.3647,1.6476,0.1051,0.1420,1.8610,0.1390,0.1800,0,1,1.7522,-0.1120,0.0658,-0.2072,-0.1088,-0.4409,1.7522,-0.1120,0.0658,1.7839,-0.1450,0.1800,1,1
1.9612,-0.0001,0.5073,-0.1459,0.0190,2.1442,0.0841,0.1279,0.1846,0.0807,-0.3794,2.1442,0.0841,0.1279,2.1672,0.1455,0.2400,1,1,2.0086,-0.0743,0.2024,0.0460,-0.0751,-0.3049,2.0086,-0.0743,0.2024,2.2556,-0.1384,0.2400,0,1,1.6505,0.1095,0.1434,-0.3086,0.1155,-0.3639,1.6505,0.1095,0.1434,1.8635,0.1382,0.1800,0,1,1.7521,-0.1120,0.0658,-0.2112,-0.1079,-0.4415,1.7521,-0.1120,0.0658,1.7859,-0.1458,0.1800,1,1
1.9643,0.0002,0.5083,-0.1434,0.0239,2.1442,0.0840,0.1279,0.1819,0.0795,-0.3804,2.1442,0.0840,0.1279,2.1677,0.1468,0.2400,1,1,2.0041,-0.0849,0.1988,0.0378,-0.0860,-0.3095,2.0041,-0.0849,0.1988,2.2595,-0.1371,0.2400,0,1,1.6462,0.1177,0.1398,-0.3152,0.1251,-0.3685,1.6462,0.1177,0.1398,1.8660,0.1375,0.1800,0,1,1.7521,-0.1120,0.0659,-0.2148,-0.1071,-0.4424,1.7521,-0.1120,0.0659,1.7878,-0.1464,0.1800,1,1
1.9675,0.0007,0.5094,-0.1364,0.0294,2.1444,0.0842,0.1280,0.1793,0.0783,-0.3814,2.1444,0.0842,0.1280,2.1681,0.1483,0.2400,1,1,1.9786,-0.1062,0.1909,0.0080,-0.1072,-0.3185,1.9786,-0.1062,0.1909,2.2634,-0.1356,0.2400,0,1,1.6246,0.1339,0.1319,-0.3388,0.1432,-0.3775,1.6246,0.1339,0.1319,1.8684,0.1369,0.1800,0,1,1.7524,-0.1119,0.0657,-0.2183,-0.1062,-0.4437,1.7524,-0.1119,0.0657,1.7898,-0.1470,0.1800,1,1
1.9706,0.0012,0.5106,-0.1322,0.0367,2.1444,0.0842,0.1280,0.1767,0.0766,-0.3826,2.1444,0.0842,0.1280,2.1681,0.1501,0.2400,1,1,1.9467,-0.1404,0.1812,-0.0291,-0.1406,-0.3294,1.9467,-0.1404,0.1812,2.2675,-0.1337,0.2400,0,1,1.5878,0.1644,0.1216,-0.3766,0.1771,-0.3890,1.5878,0.1644,0.1216,1.8706,0.1359,0.1800,0,1,1.7524,-0.1119,0.0656,-0.2222,-0.1050,-0.4450,1.7524,-0.1119,0.0656,1.7920,-0.1479,0.1800,1,1
1.9727,0.0016,0.5123,-0.1230,0.0430,2.1442,0.0841,0.1278,0.1749,0.0751,-0.3845,2.1442,0.0841,0.1278,2.1672,0.1517,0.2400,1,1,1.9535,-0.1524,0.1732,-0.0258,-0.1530,-0.3391,1.9535,-0.1524,0.1732,2.2704,-0.1321,0.2400,0,1,1.6020,0.1795,0.1144,-0.3627,0.1937,-0.3979,1.6020,0.1795,0.1144,1.8718,0.1350,0.1800,0,1,1.7521,-0.1119,0.0657,-0.2253,-0.1039,-0.4466,1.7521,-0.1119,0.0657,1.7930,-0.1487,0.1800,1,1
1.9759,0.0020,0.5132,-0.1254,0.0405,2.1447,0.0841,0.1280,0.1720,0.0752,-0.3852,2.1447,0.0841,0.1280,2.1688,0.1516,0.2400,1,1,1.9690,-0.1264,0.1606,-0.0121,-0.1280,-0.3526,1.9690,-0.1264,0.1606,2.2733,-0.1322,0.2400,0,1,1.6197,0.1561,0.1018,-0.3497,0.1684,-0.4114,1.6197,0.1561,0.1018,1.8754,0.1360,0.1800,0,1,1.7527,-0.1120,0.0656,-0.2276,-0.1049,-0.4476,1.7527,-0.1120,0.0656,1.7939,-0.1478,0.1800,1,1
1.9799,0.0022,0.5133,-0.1444,0.0323,2.1445,0.0842,0.1280,0.1672,0.0766,-0.3853,2.1445,0.0842,0.1280,2.1720,0.1503,0.2400,1,1,2.0180,-0.0751,0.1487,0.0356,-0.0785,-0.3646,2.0180,-0.0751,0.1487,2.2762,-0.1336,0.2400,0,1,1.6608,0.1048,0.0924,-0.3156,0.1129,-0.4209,1.6608,0.1048,0.0924,1.8804,0.1378,0.1800,0,1,1.7525,-0.1118,0.0656,-0.2310,-0.1066,-0.4477,1.7525,-0.1118,0.0656,1.7946,-0.1461,0.1800,1,1
1.9831,0.0023,0.5132,-0.1608,0.0289,2.1440,0.0841,0.1278,0.1632,0.0771,-0.3854,2.1440,0.0841,0.1278,2.1737,0.1498,0.2400,1,1,2.1053,-0.0480,0.1397,0.1207,-0.0538,-0.3735,2.1053,-0.0480,0.1397,2.2789,-0.1341,0.2400,0,1,1.7026,0.0862,0.0823,-0.2780,0.0920,-0.4309,1.7026,0.0862,0.0823,1.8841,0.1386,0.1800,0,1,1.7519,-0.1119,0.0660,-0.2344,-0.1075,-0.4472,1.7519,-0.1119,0.0660,1.7953,-0.1453,0.1800,1,1
1.9859,0.0026,0.5132,-0.1646,0.0269,2.1437,0.0838,0.1276,0.1599,0.0769,-0.3856,2.1437,0.0838,0.1276,2.1748,0.1497,0.2400,1,1,2.1699,-0.0433,0.1323,0.1827,-0.0508,-0.3809,2.1699,-0.0433,0.1323,2.2814,-0.1342,0.2400,0,1,1.7461,0.0856,0.0749,-0.2375,0.0894,-0.4383,1.7461,0.0856,0.0749,1.8871,0.1393,0.1800,0,1,1.7515,-0.1121,0.0662,-0.2374,-0.1084,-0.4470,1.7515,-0.1121,0.0662,1.7957,-0.1446,0.1800,1,1
1.9890,0.0032,0.5130,-0.1576,0.0227,2.1331,0.0857,0.1294,0.1459,0.0792,-0.3836,2.1331,0.0857,0.1294,2.2775,0.1495,0.2400,0,1,2.2019,-0.0430,0.1298,0.2118,-0.0510,-0.3832,2.2019,-0.0430,0.1298,2.2180,-0.1344,0.2400,1,1,1.7677,0.0860,0.0729,-0.2194,0.0878,-0.4401,1.7677,0.0860,0.0729,1.8248,0.1408,0.1800,1,1,1.7433,-0.1127,0.0686,-0.2483,-0.1103,-0.4444,1.7433,-0.1127,0.0686,1.8973,-0.1432,0.1800,0,1
1.9933,0.0036,0.5127,-0.1537,0.0148,2.0759,0.1162,0.1357,0.0843,0.1114,-0.3770,2.0759,0.1162,0.1357,2.2829,0.1485,0.2400,0,1,2.2024,-0.0433,0.1301,0.2084,-0.0500,-0.3826,2.2024,-0.0433,0.1301,2.2192,-0.1355,0.2400,1,1,1.7683,0.0858,0.0725,-0.2238,0.0855,-0.4402,1.7683,0.0858,0.0725,1.8282,0.1427,0.1800,1,1,1.6972,-0.1309,0.0750,-0.2981,-0.1301,-0.4377,1.6972,-0.1309,0.0750,1.9004,-0.1412,0.1800,0,1
1.9967,0.0038,0.5131,-0.1394,0.0085,2.0239,0.1465,0.1487,0.0284,0.1425,-0.3644,2.0239,0.1465,0.1487,2.2873,0.1475,0.2400,0,1,2.2026,-0.0433,0.1301,0.2055,-0.0488,-0.3830,2.2026,-0.0433,0.1301,2.2197,-0.1365,0.2400,1,1,1.7685,0.0858,0.0723,-0.2275,0.0839,-0.4408,1.7685,0.0858,0.0723,1.8305,0.1442,0.1800,1,1,1.6605,-0.1453,0.0885,-0.3375,-0.1462,-0.4246,1.6605,-0.1453,0.0885,1.9029,-0.1398,0.1800,0,1
2.0004,0.0040,0.5139,-0.1321,0.0105,2.0085,0.1324,0.1613,0.0094,0.1283,-0.3526,2.0085,0.1324,0.1613,2.2907,0.1480,0.2400,0,1,2.2025,-0.0436,0.1301,0.2016,-0.0497,-0.3838,2.2025,-0.0436,0.1301,2.2217,-0.1360,0.2400,1,1,1.7684,0.0855,0.0724,-0.2311,0.0839,-0.4415,1.7684,0.0855,0.0724,1.8319,0.1439,0.1800,1,1,1.6573,-0.1152,0.1016,-0.3443,-0.1156,-0.4123,1.6573,-0.1152,0.1016,1.9069,-0.1401,0.1800,0,1
2.0035,0.0042,0.5144,-0.1254,0.0116,2.0202,0.1062,0.1760,0.0179,0.1018,-0.3384,2.0202,0.1062,0.1760,2.2937,0.1484,0.2400,0,1,2.2026,-0.0432,0.1301,0.1985,-0.0497,-0.3843,2.2026,-0.0432,0.1301,2.2230,-0.1356,0.2400,1,1,1.7685,0.0858,0.0724,-0.2340,0.0843,-0.4420,1.7685,0.0858,0.0724,1.8329,0.1439,0.1800,1,1,1.6566,-0.0925,0.1157,-0.3480,-0.0927,-0.3987,1.6566,-0.0925,0.1157,1.9102,-0.1400,0.1800,0,1
2.0066,0.0043,0.5142,-0.1230,0.0092,2.0161,0.1044,0.1889,0.0104,0.1000,-0.3253,2.0161,0.1044,0.1889,2.2971,0.1481,0.2400,0,1,2.2027,-0.0432,0.1301,0.1957,-0.0493,-0.3841,2.2027,-0.0432,0.1301,2.2237,-0.1359,0.2400,1,1,1.7687,0.0858,0.0723,-0.2371,0.0837,-0.4419,1.7687,0.0858,0.0723,1.8343,0.1445,0.1800,1,1,1.6440,-0.0941,0.1283,-0.3635,-0.0951,-0.3859,1.6440,-0.0941,0.1283,1.9129,-0.1395,0.1800,0,1
2.0098,0.0044,0.5138,-0.1267,0.0065,2.0177,0.1057,0.1999,0.0086,0.1012,-0.3139,2.0177,0.1057,0.1999,2.3007,0.1476,0.2400,0,1,2.2027,-0.0432,0.1301,0.1926,-0.0489,-0.3837,2.2027,-0.0432,0.1301,2.2245,-0.1364,0.2400,1,1,1.7686,0.0858,0.0723,-0.2407,0.0830,-0.4415,1.7686,0.0858,0.0723,1.8359,0.1451,0.1800,1,1,1.6490,-0.0965,0.1394,-0.3614,-0.0986,-0.3744,1.6490,-0.0965,0.1394,1.9157,-0.1389,0.1800,0,1
2.0130,0.0044,0.5136,-0.1328,0.0045,2.0186,0.1034,0.2083,0.0060,0.0990,-0.3053,2.0186,0.1034,0.2083,2.3042,0.1473,0.2400,0,1,2.2026,-0.0432,0.1301,0.1894,-0.0485,-0.3835,2.2026,-0.0432,0.1301,2.2254,-0.1367,0.2400,1,1,1.7686,0.0858,0.0723,-0.2440,0.0825,-0.4413,1.7686,0.0858,0.0723,1.8374,0.1455,0.1800,1,1,1.6689,-0.0960,0.1477,-0.3445,-0.0989,-0.3659,1.6689,-0.0960,0.1477,1.9186,-0.1385,0.1800,0,1
2.0161,0.0043,0.5134,-0.1347,0.0032,2.0152,0.1049,0.2122,-0.0006,0.1006,-0.3012,2.0152,0.1049,0.2122,2.3074,0.1469,0.2400,0,1,2.2026,-0.0433,0.1301,0.1863,-0.0482,-0.3833,2.2026,-0.0433,0.1301,2.2263,-0.1371,0.2400,1,1,1.7685,0.0858,0.0723,-0.2473,0.0823,-0.4411,1.7685,0.0858,0.0723,1.8386,0.1457,0.1800,1,1,1.6823,-0.0997,0.1517,-0.3341,-0.1029,-0.3617,1.6823,-0.0997,0.1517,1.9215,-0.1383,0.1800,0,1
2.0191,0.0041,0.5135,-0.1314,0.0026,2.0121,0.1100,0.2110,-0.0067,0.1059,-0.3025,2.0121,0.1100,0.2110,2.3105,0.1466,0.2400,0,1,2.2026,-0.0433,0.1301,0.1834,-0.0479,-0.3834,2.2026,-0.0433,0.1301,2.2273,-0.1374,0.2400,1,1,1.7685,0.0858,0.0724,-0.2504,0.0824,-0.4411,1.7685,0.0858,0.0724,1.8397,0.1455,0.1800,1,1,1.6832,-0.1068,0.1505,-0.3362,-0.1100,-0.3630,1.6832,-0.1068,0.1505,1.9245,-0.1385,0.1800,0,1
2.0223,0.0036,0.5139,-0.1232,0.0016,1.9977,0.1257,0.2050,-0.0244,0.1221,-0.3089,1.9977,0.1257,0.2050,2.3138,0.1459,0.2400,0,1,2.2027,-0.0435,0.1302,0.1803,-0.0474,-0.3837,2.2027,-0.0435,0.1302,2.2283,-0.1381,0.2400,1,1,1.7687,0.0856,0.0722,-0.2535,0.0824,-0.4417,1.7687,0.0856,0.0722,1.8410,0.1453,0.1800,1,1,1.6659,-0.1191,0.1447,-0.3566,-0.1221,-0.3692,1.6659,-0.1191,0.1447,1.9275,-0.1387,0.1800,0,1
2.0254,0.0031,0.5145,-0.1157,-0.0014,1.9754,0.1579,0.1960,-0.0502,0.1547,-0.3185,1.9754,0.1579,0.1960,2.3174,0.1448,0.2400,0,1,2.2029,-0.0435,0.1302,0.1776,-0.0464,-0.3843,2.2029,-0.0435,0.1302,2.2290,-0.1392,0.2400,1,1,1.7688,0.0856,0.0721,-0.2567,0.0821,-0.4424,1.7688,0.0856,0.0721,1.8426,0.1454,0.1800,1,1,1.6273,-0.1446,0.1352,-0.3979,-0.1483,-0.3793,1.6273,-0.1446,0.1352,1.9302,-0.1386,0.1800,0,1
2.0276,0.0027,0.5155,-0.1043,-0.0070,1.9910,0.1784,0.1888,-0.0378,0.1754,-0.3267,1.9910,0.1784,0.1888,2.3204,0.1434,0.2400,0,1,2.2024,-0.0435,0.1300,0.1751,-0.0450,-0.3855,2.2024,-0.0435,0.1300,2.2284,-0.1406,0.2400,1,1,1.7683,0.0856,0.0724,-0.2599,0.0811,-0.4431,1.7683,0.0856,0.0724,1.8436,0.1461,0.1800,1,1,1.6317,-0.1652,0.1288,-0.3947,-0.1707,-0.3867,1.6317,-0.1652,0.1288,1.9316,-0.1379,0.1800,0,1
2.0310,0.0023,0.5162,-0.1020,-0.0077,2.0055,0.1503,0.1764,-0.0266,0.1478,-0.3398,2.0055,0.1503,0.1764,2.3239,0.1428,0.2400,0,1,2.2029,-0.0438,0.1302,0.1722,-0.0448,-0.3860,2.2029,-0.0438,0.1302,2.2297,-0.1412,0.2400,1,1,1.7689,0.0853,0.0722,-0.2627,0.0810,-0.4440,1.7689,0.0853,0.0722,1.8451,0.1458,0.1800,1,1,1.6472,-0.1433,0.1172,-0.3827,-0.1486,-0.3990,1.6472,-0.1433,0.1172,1.9349,-0.1382,0.1800,0,1
2.0351,0.0019,0.5162,-0.1229,0.0015,2.1293,0.0908,0.1738,0.0943,0.0888,-0.3424,2.1293,0.0908,0.1738,2.3267,0.1442,0.2400,0,1,2.2024,-0.0436,0.1299,0.1672,-0.0458,-0.3863,2.2024,-0.0436,0.1299,2.2331,-0.1398,0.2400,1,1,1.7683,0.0853,0.0724,-0.2667,0.0838,-0.4438,1.7683,0.0853,0.0724,1.8459,0.1436,0.1800,1,1,1.6733,-0.1007,0.1048,-0.3620,-0.1021,-0.4114,1.6733,-0.1007,0.1048,1.9403,-0.1404,0.1800,0,1
2.0382,0.0014,0.5167,-0.1433,0.0060,2.2274,0.0589,0.1658,0.1895,0.0564,-0.3509,2.2274,0.0589,0.1658,2.3291,0.1446,0.2400,0,1,2.2016,-0.0430,0.1295,0.1631,-0.0454,-0.3872,2.2016,-0.0430,0.1295,2.2348,-0.1394,0.2400,1,1,1.7674,0.0860,0.0727,-0.2703,0.0862,-0.4440,1.7674,0.0860,0.0727,1.8463,0.1423,0.1800,1,1,1.7826,-0.0717,0.1003,-0.2560,-0.0716,-0.4164,1.7826,-0.0717,0.1003,1.9440,-0.1417,0.1800,0,1
2.0423,0.0008,0.5166,-0.1626,-0.0009,2.2663,0.0687,0.1568,0.2239,0.0681,-0.3598,2.2663,0.0687,0.1568,2.3342,0.1427,0.2400,0,1,2.2010,-0.0432,0.1293,0.1587,-0.0439,-0.3873,2.2010,-0.0432,0.1293,2.2359,-0.1413,0.2400,1,1,1.7666,0.0857,0.0732,-0.2758,0.0847,-0.4434,1.7666,0.0857,0.0732,1.8494,0.1430,0.1800,1,1,1.8525,-0.0883,0.0922,-0.1897,-0.0893,-0.4244,1.8525,-0.0883,0.0922,1.9471,-0.1410,0.1800,0,1
2.0465,-0.0002,0.5162,-0.1694,-0.0074,2.2982,0.1025,0.1507,0.2509,0.1046,-0.3655,2.2982,0.1025,0.1507,2.3393,0.1404,0.2400,0,1,2.2002,-0.0438,0.1289,0.1540,-0.0425,-0.3873,2.2002,-0.0438,0.1289,2.2372,-0.1436,0.2400,1,1,1.7658,0.0851,0.0735,-0.2813,0.0832,-0.4427,1.7658,0.0851,0.0735,1.8526,0.1433,0.1800,1,1,1.8688,-0.1191,0.0872,-0.1768,-0.1202,-0.4290,1.8688,-0.1191,0.0872,1.9505,-0.1407,0.1800,0,1
2.0519,-0.0008,0.5168,-0.1727,-0.0039,2.2984,0.1025,0.1507,0.2461,0.1043,-0.3661,2.2984,0.1025,0.1507,2.2773,0.1404,0.2400,1,1,2.1690,-0.0659,0.1343,0.1174,-0.0646,-0.3825,2.1690,-0.0659,0.1343,2.3432,-0.1436,0.2400,0,1,1.7553,0.0961,0.0775,-0.2970,0.0957,-0.4393,1.7553,0.0961,0.0775,1.9575,0.1420,0.1800,0,1,1.8690,-0.1192,0.0871,-0.1824,-0.1191,-0.4297,1.8690,-0.1192,0.0871,1.8894,-0.1420,0.1800,1,1
2.0564,-0.0011,0.5176,-0.1619,0.0020,2.2984,0.1025,0.1508,0.2422,0.1031,-0.3668,2.2984,0.1025,0.1508,2.2789,0.1413,0.2400,1,1,2.0933,-0.1145,0.1459,0.0367,-0.1135,-0.3717,2.0933,-0.1145,0.1459,2.3485,-0.1427,0.2400,0,1,1.7109,0.1310,0.0878,-0.3452,0.1328,-0.4298,1.7109,0.1310,0.0878,1.9611,0.1406,0.1800,0,1,1.8691,-0.1192,0.0871,-0.1875,-0.1177,-0.4305,1.8691,-0.1192,0.0871,1.8927,-0.1434,0.1800,1,1
2.0596,-0.0011,0.5198,-0.1326,-0.0008,2.2989,0.1026,0.1509,0.2392,0.1039,-0.3689,2.2989,0.1026,0.1509,2.2805,0.1408,0.2400,1,1,2.0566,-0.1188,0.1629,-0.0029,-0.1177,-0.3569,2.0566,-0.1188,0.1629,2.3513,-0.1432,0.2400,0,1,1.6950,0.1282,0.1025,-0.3647,0.1290,-0.4173,1.6950,0.1282,0.1025,1.9647,0.1411,0.1800,0,1,1.8697,-0.1192,0.0866,-0.1898,-0.1183,-0.4332,1.8697,-0.1192,0.0866,1.8935,-0.1429,0.1800,1,1
2.0638,-0.0013,0.5214,-0.1177,-0.0095,2.2990,0.1029,0.1512,0.2342,0.1064,-0.3702,2.2990,0.1029,0.1512,2.2839,0.1389,0.2400,1,1,2.0293,-0.0884,0.1762,-0.0337,-0.0874,-0.3452,2.0293,-0.0884,0.1762,2.3542,-0.1451,0.2400,0,1,1.6765,0.0930,0.1148,-0.3882,0.0906,-0.4066,1.6765,0.0930,0.1148,1.9701,0.1426,0.1800,0,1,1.8699,-0.1188,0.0866,-0.1928,-0.1193,-0.4348,1.8699,-0.1188,0.0866,1.8944,-0.1414,0.1800,1,1
2.0669,-0.0017,0.5221,-0.1078,-0.0167,2.2989,0.1030,0.1511,0.2302,0.1086,-0.3710,2.2989,0.1030,0.1511,2.2861,0.1371,0.2400,1,1,2.0291,-0.0678,0.1906,-0.0367,-0.0667,-0.3315,2.0291,-0.0678,0.1906,2.3563,-0.1469,0.2400,0,1,1.6883,0.0620,0.1300,-0.3796,0.0574,-0.3921,1.6883,0.0620,0.1300,1.9743,0.1435,0.1800,0,1,1.8698,-0.1188,0.0866,-0.1951,-0.1204,-0.4355,1.8698,-0.1188,0.0866,1.8946,-0.1404,0.1800,1,1
2.0697,-0.0023,0.5223,-0.1014,-0.0164,2.2990,0.1029,0.1512,0.2275,0.1089,-0.3711,2.2990,0.1029,0.1512,2.2868,0.1366,0.2400,1,1,2.0216,-0.0750,0.2027,-0.0469,-0.0735,-0.3196,2.0216,-0.0750,0.2027,2.3591,-0.1474,0.2400,0,1,1.6696,0.0681,0.1424,-0.4012,0.0638,-0.3799,1.6696,0.0681,0.1424,1.9771,0.1429,0.1800,0,1,1.8699,-0.1189,0.0866,-0.1979,-0.1199,-0.4357,1.8699,-0.1189,0.0866,1.8954,-0.1411,0.1800,1,1
2.0726,-0.0029,0.5226,-0.1029,-0.0150,2.2990,0.1028,0.1511,0.2248,0.1091,-0.3715,2.2990,0.1028,0.1511,2.2875,0.1362,0.2400,1,1,2.0232,-0.0843,0.2125,-0.0482,-0.0821,-0.3101,2.0232,-0.0843,0.2125,2.3622,-0.1478,0.2400,0,1,1.6533,0.0795,0.1524,-0.4205,0.0761,-0.3702,1.6533,0.0795,0.1524,1.9797,0.1420,0.1800,0,1,1.8699,-0.1190,0.0866,-0.2009,-0.1191,-0.4360,1.8699,-0.1190,0.0866,1.8965,-0.1420,0.1800,1,1
2.0756,-0.0034,0.5233,-0.1093,-0.0157,2.2989,0.1029,0.1511,0.2216,0.1098,-0.3722,2.2989,0.1029,0.1511,2.2887,0.1355,0.2400,1,1,2.0323,-0.0917,0.2187,-0.0419,-0.0890,-0.3046,2.0323,-0.0917,0.2187,2.3652,-0.1484,0.2400,0,1,1.6608,0.0810,0.1586,-0.4161,0.0779,-0.3647,1.6608,0.0810,0.1586,1.9829,0.1416,0.1800,0,1,1.8698,-0.1189,0.0866,-0.2040,-0.1187,-0.4367,1.8698,-0.1189,0.0866,1.8974,-0.1423,0.1800,1,1
2.0790,-0.0037,0.5247,-0.1148,-0.0179,2.2988,0.1029,0.1510,0.2179,0.1105,-0.3737,2.2988,0.1029,0.1510,2.2903,0.1348,0.2400,1,1,2.0388,-0.1014,0.2201,-0.0384,-0.0984,-0.3046,2.0388,-0.1014,0.2201,2.3682,-0.1491,0.2400,0,1,1.6799,0.0787,0.1604,-0.4005,0.0752,-0.3643,1.6799,0.0787,0.1604,1.9865,0.1417,0.1800,0,1,1.8696,-0.1189,0.0867,-0.2073,-0.1189,-0.4380,1.8696,-0.1189,0.0867,1.8985,-0.1422,0.1800,1,1
2.0825,-0.0037,0.5267,-0.1166,-0.0195,2.2989,0.1031,0.1511,0.2143,0.1110,-0.3756,2.2989,0.1031,0.1511,2.2921,0.1345,0.2400,1,1,2.0330,-0.1212,0.2164,-0.0472,-0.1184,-0.3103,2.0330,-0.1212,0.2164,2.3315,-0.1894,0.2400,0,1,1.6846,0.0859,0.1569,-0.3996,0.0818,-0.3698,1.6846,0.0859,0.1569,1.9903,0.1421,0.1800,0,1,1.8697,-0.1187,0.0866,-0.2105,-0.1191,-0.4401,1.8697,-0.1187,0.0866,1.8998,-0.1419,0.1800,1,1
2.0860,-0.0034,0.5293,-0.1163,-0.0208,2.2989,0.1029,0.1511,0.2106,0.1107,-0.3782,2.2989,0.1029,0.1511,2.2937,0.1346,0.2400,1,1,2.0273,-0.1554,0.2095,-0.0555,-0.1532,-0.3198,2.0273,-0.1554,0.2095,2.3348,-0.1894,0.2400,0,1,1.6692,0.1140,0.1489,-0.4192,0.1087,-0.3804,1.6692,0.1140,0.1489,1.9940,0.1426,0.1800,0,1,1.8697,-0.1188,0.0866,-0.2139,-0.1199,-0.4427,1.8697,-0.1188,0.0866,1.9011,-0.1413,0.1800,1,1
2.0888,-0.0032,0.5325,-0.1071,-0.0205,2.2985,0.1029,0.1508,0.2075,0.1104,-0.3817,2.2985,0.1029,0.1508,2.2945,0.1348,0.2400,1,1,2.0486,-0.1713,0.2037,-0.0367,-0.1689,-0.3288,2.0486,-0.1713,0.2037,2.3377,-0.1891,0.2400,0,1,1.6837,0.1417,0.1435,-0.4080,0.1366,-0.3890,1.6837,0.1417,0.1435,1.9968,0.1428,0.1800,0,1,1.8693,-0.1188,0.0868,-0.2171,-0.1201,-0.4457,1.8693,-0.1188,0.0868,1.9019,-0.1412,0.1800,1,1
2.0931,-0.0029,0.5356,-0.1088,-0.0299,2.2990,0.1027,0.1510,0.2027,0.1117,-0.3846,2.2990,0.1027,0.1510,2.2981,0.1333,0.2400,1,1,2.0926,-0.1375,0.1915,0.0035,-0.1346,-0.3441,2.0926,-0.1375,0.1915,2.3406,-0.1906,0.2400,0,1,1.7038,0.1263,0.1327,-0.3930,0.1175,-0.4029,1.7038,0.1263,0.1327,1.9624,0.1049,0.1800,0,1,1.8698,-0.1189,0.0868,-0.2197,-0.1226,-0.4488,1.8698,-0.1189,0.0868,1.9029,-0.1390,0.1800,1,1
2.0972,-0.0025,0.5386,-0.1242,-0.0476,2.2982,0.1029,0.1505,0.1958,0.1148,-0.3881,2.2982,0.1029,0.1505,2.3026,0.1303,0.2400,1,1,2.2067,-0.1153,0.1897,0.1147,-0.1075,-0.3489,2.2067,-0.1153,0.1897,2.3420,-0.1934,0.2400,0,1,1.7966,0.0876,0.1275,-0.3045,0.0757,-0.4111,1.7966,0.0876,0.1275,1.9692,0.1087,0.1800,0,1,1.8691,-0.1190,0.0874,-0.2223,-0.1272,-0.4512,1.8691,-0.1190,0.0874,1.9027,-0.1350,0.1800,1,1
2.1010,-0.0023,0.5415,-0.1426,-0.0530,2.2977,0.1025,0.1500,0.1909,0.1151,-0.3915,2.2977,0.1025,0.1500,2.3050,0.1294,0.2400,1,1,2.2609,-0.1247,0.1773,0.1662,-0.1138,-0.3642,2.2609,-0.1247,0.1773,2.3450,-0.1942,0.2400,0,1,1.8909,0.0981,0.1183,-0.2151,0.0891,-0.4232,1.8909,0.0981,0.1183,1.9738,0.1099,0.1800,0,1,1.8685,-0.1194,0.0881,-0.2260,-0.1293,-0.4534,1.8685,-0.1194,0.0881,1.9037,-0.1337,0.1800,1,1
2.1052,-0.0020,0.5434,-0.1676,-0.0565,2.2972,0.1023,0.1497,0.1858,0.1150,-0.3937,2.2972,0.1023,0.1497,2.3077,0.1289,0.2400,1,1,2.3133,-0.1399,0.1665,0.2156,-0.1259,-0.3769,2.3133,-0.1399,0.1665,2.3486,-0.1947,0.2400,0,1,1.9326,0.1229,0.1083,-0.1794,0.1150,-0.4351,1.9326,0.1229,0.1083,1.9785,0.1108,0.1800,0,1,1.8679,-0.1196,0.0884,-0.2303,-0.1308,-0.4550,1.8679,-0.1196,0.0884,1.9055,-0.1328,0.1800,1,1
2.1094,-0.0016,0.5446,-0.1816,-0.0632,2.2968,0.1022,0.1493,0.1805,0.1154,-0.3953,2.2968,0.1022,0.1493,2.3108,0.1280,0.2400,1,1,2.3421,-0.1505,0.1591,0.2416,-0.1339,-0.3855,2.3421,-0.1505,0.1591,2.3518,-0.1954,0.2400,0,1,1.9494,0.1383,0.1007,-0.1685,0.1295,-0.4439,1.9494,0.1383,0.1007,1.9837,0.1125,0.1800,0,1,1.8675,-0.1197,0.0886,-0.2340,-0.1331,-0.4560,1.8675,-0.1197,0.0886,1.9068,-0.1310,0.1800,1,1
2.1140,-0.0011,0.5446,-0.1818,-0.0707,2.3029,0.1121,0.1511,0.1804,0.1263,-0.3935,2.3029,0.1121,0.1511,2.3754,0.0870,0.2400,0,1,2.3443,-0.1579,0.1567,0.2408,-0.1401,-0.3879,2.3443,-0.1579,0.1567,2.3293,-0.1563,0.2400,1,1,1.9569,0.1434,0.0979,-0.1669,0.1330,-0.4467,1.9569,0.1434,0.0979,1.9635,0.1543,0.1800,1,1,1.8453,-0.1265,0.0924,-0.2592,-0.1441,-0.4522,1.8453,-0.1265,0.0924,2.0095,-0.1290,0.1800,0,1
2.1197,-0.0012,0.5457,-0.1845,-0.0597,2.3535,0.0485,0.1739,0.2304,0.0636,-0.3718,2.3535,0.0485,0.1739,2.3796,0.0891,0.2400,0,1,2.3446,-0.1567,0.1571,0.2338,-0.1418,-0.3886,2.3446,-0.1567,0.1571,2.3347,-0.1544,0.2400,1,1,1.9573,0.1448,0.0979,-0.1708,0.1361,-0.4478,1.9573,0.1448,0.0979,1.9655,0.1522,0.1800,1,1,1.7713,-0.0837,0.1076,-0.3429,-0.1031,-0.4381,1.7713,-0.0837,0.1076,2.0166,-0.1313,0.1800,0,1
2.1242,-0.0012,0.5455,-0.1663,-0.0682,2.3121,0.0237,0.1869,0.1858,0.0376,-0.3586,2.3121,0.0237,0.1869,2.4252,0.1274,0.3000,0,1,2.3446,-0.1570,0.1570,0.2305,-0.1404,-0.3885,2.3446,-0.1570,0.1570,2.3359,-0.1559,0.2400,1,1,1.9576,0.1448,0.0977,-0.1762,0.1343,-0.4478,1.9576,0.1448,0.0977,1.9693,0.1537,0.1800,1,1,1.7486,-0.0983,0.1233,-0.3681,-0.1225,-0.4222,1.7486,-0.0983,0.1233,2.0200,-0.1296,0.1800,0,1
2.1289,-0.0018,0.5445,-0.1460,-0.0743,2.2807,0.0298,0.1996,0.1490,0.0428,-0.3449,2.2807,0.0298,0.1996,2.4308,0.1255,0.3000,0,1,2.3448,-0.1576,0.1574,0.2269,-0.1393,-0.3871,2.3448,-0.1576,0.1574,2.3377,-0.1577,0.2400,1,1,1.9580,0.1443,0.0973,-0.1813,0.1330,-0.4472,1.9580,0.1443,0.0973,1.9730,0.1543,0.1800,1,1,1.7303,-0.1012,0.1371,-0.3901,-0.1287,-0.4074,1.7303,-0.1012,0.1371,2.0239,-0.1289,0.1800,0,1
2.1338,-0.0025,0.5429,-0.1316,-0.0771,2.2765,0.0449,0.2127,0.1386,0.0583,-0.3302,2.2765,0.0449,0.2127,2.4360,0.1243,0.3000,0,1,2.3448,-0.1579,0.1575,0.2223,-0.1387,-0.3854,2.3448,-0.1579,0.1575,2.3401,-0.1589,0.2400,1,1,1.9579,0.1439,0.0972,-0.1867,0.1324,-0.4457,1.9579,0.1439,0.0972,1.9763,0.1540,0.1800,1,1,1.7139,-0.0959,0.1506,-0.4115,-0.1255,-0.3923,1.7139,-0.0959,0.1506,1.9884,-0.1691,0.1800,0,1
2.1384,-0.0032,0.5415,-0.1218,-0.0789,2.3015,0.0609,0.2256,0.1575,0.0768,-0.3159,2.3015,0.0609,0.2256,2.4408,0.1233,0.3000,0,1,2.3449,-0.1579,0.1576,0.2181,-0.1379,-0.3839,2.3449,-0.1579,0.1576,2.3424,-0.1598,0.2400,1,1,1.9581,0.1439,0.0972,-0.1913,0.1324,-0.4443,1.9581,0.1439,0.0972,1.9792,0.1538,0.1800,1,1,1.7086,-0.0983,0.1635,-0.4210,-0.1287,-0.3780,1.7086,-0.0983,0.1635,1.9928,-0.1693,0.1800,0,1
2.1433,-0.0037,0.5404,-0.1254,-0.0769,2.3250,0.0658,0.2367,0.1758,0.0833,-0.3037,2.3250,0.0658,0.2367,2.4454,0.1232,0.3000,0,1,2.3447,-0.1580,0.1575,0.2127,-0.1384,-0.3829,2.3447,-0.1580,0.1575,2.3456,-0.1600,0.2400,1,1,1.9579,0.1439,0.0972,-0.1962,0.1329,-0.4432,1.9579,0.1439,0.0972,1.9818,0.1529,0.1800,1,1,1.7608,-0.0881,0.1744,-0.3749,-0.1135,-0.3660,1.7608,-0.0881,0.1744,1.9980,-0.1703,0.1800,0,1
2.1482,-0.0038,0.5401,-0.1311,-0.0758,2.3322,0.0611,0.2447,0.1786,0.0786,-0.2954,2.3322,0.0611,0.2447,2.4502,0.1232,0.3000,0,1,2.3444,-0.1579,0.1574,0.2073,-0.1388,-0.3827,2.3444,-0.1579,0.1574,2.3487,-0.1599,0.2400,1,1,1.9576,0.1440,0.0974,-0.2012,0.1329,-0.4427,1.9576,0.1440,0.0974,1.9845,0.1525,0.1800,1,1,1.8579,-0.0813,0.1868,-0.2836,-0.0993,-0.3533,1.8579,-0.0813,0.1868,2.0030,-0.1707,0.1800,0,1
2.1534,-0.0039,0.5399,-0.1394,-0.0758,2.3356,0.0663,0.2485,0.1764,0.0838,-0.2914,2.3356,0.0663,0.2485,2.4554,0.1232,0.3000,0,1,2.3442,-0.1580,0.1573,0.2019,-0.1392,-0.3826,2.3442,-0.1580,0.1573,2.3519,-0.1600,0.2400,1,1,1.9573,0.1439,0.0974,-0.2067,0.1325,-0.4425,1.9573,0.1439,0.0974,1.9877,0.1525,0.1800,1,1,1.9201,-0.0842,0.1916,-0.2265,-0.0977,-0.3483,1.9201,-0.0842,0.1916,2.0082,-0.1707,0.1800,0,1
2.1587,-0.0038,0.5399,-0.1494,-0.0758,2.3369,0.0834,0.2472,0.1711,0.1004,-0.2927,2.3369,0.0834,0.2472,2.4607,0.1232,0.3000,0,1,2.3441,-0.1580,0.1573,0.1965,-0.1397,-0.3826,2.3441,-0.1580,0.1573,2.3552,-0.1600,0.2400,1,1,1.9572,0.1439,0.0975,-0.2121,0.1320,-0.4424,1.9572,0.1439,0.0975,1.9910,0.1525,0.1800,1,1,1.9571,-0.0890,0.1907,-0.1946,-0.1002,-0.3492,1.9571,-0.0890,0.1907,2.0135,-0.1707,0.1800,0,1
2.1640,-0.0037,0.5401,-0.1561,-0.0756,2.3340,0.1129,0.2414,0.1607,0.1291,-0.2987,2.3340,0.1129,0.2414,2.4660,0.1234,0.3000,0,1,2.3439,-0.1580,0.1572,0.1910,-0.1403,-0.3829,2.3439,-0.1580,0.1572,2.3186,-0.1998,0.2400,1,1,1.9571,0.1439,0.0975,-0.2175,0.1316,-0.4426,1.9571,0.1439,0.0975,1.9943,0.1526,0.1800,1,1,1.9790,-0.0937,0.1852,-0.1777,-0.1037,-0.3549,1.9790,-0.0937,0.1852,2.0189,-0.1706,0.1800,0,1
2.1693,-0.0035,0.5404,-0.1583,-0.0750,2.3258,0.1585,0.2329,0.1439,0.1733,-0.3075,2.3258,0.1585,0.2329,2.4713,0.1237,0.3000,0,1,2.3437,-0.1579,0.1571,0.1855,-0.1409,-0.3833,2.3437,-0.1579,0.1571,2.3220,-0.1995,0.2400,1,1,1.9568,0.1440,0.0977,-0.2230,0.1312,-0.4427,1.9568,0.1440,0.0977,1.9975,0.1527,0.1800,1,1,1.9880,-0.0976,0.1764,-0.1737,-0.1074,-0.3640,1.9880,-0.0976,0.1764,2.0242,-0.1705,0.1800,0,1
2.1745,-0.0034,0.5406,-0.1572,-0.0730,2.3144,0.2249,0.2198,0.1229,0.2379,-0.3208,2.3144,0.2249,0.2198,2.4762,0.1242,0.3000,0,1,2.3440,-0.1594,0.1578,0.1804,-0.1432,-0.3828,2.3440,-0.1594,0.1578,2.3254,-0.1990,0.2400,1,1,1.9574,0.1426,0.0969,-0.2272,0.1298,-0.4437,1.9574,0.1426,0.0969,1.9604,0.1125,0.1800,1,1,1.9731,-0.1097,0.1653,-0.1931,-0.1207,-0.3753,1.9731,-0.1097,0.1653,2.0697,-0.1308,0.2400,0,1
2.1788,-0.0033,0.5410,-0.1524,-0.0705,2.3135,0.2662,0.2126,0.1154,0.2783,-0.3284,2.3135,0.2662,0.2126,2.4801,0.1249,0.3000,0,1,2.3442,-0.1589,0.1576,0.1759,-0.1436,-0.3834,2.3442,-0.1589,0.1576,2.3281,-0.1984,0.2400,1,1,1.9575,0.1430,0.0969,-0.2311,0.1303,-0.4441,1.9575,0.1430,0.0969,2.0023,0.1521,0.1800,1,1,1.9535,-0.1395,0.1524,-0.2151,-0.1517,-0.3886,1.9535,-0.1395,0.1524,2.0743,-0.1312,0.2400,0,1
2.1836,-0.0028,0.5421,-0.1490,-0.0695,2.3281,0.2445,0.2017,0.1270,0.2567,-0.3404,2.3281,0.2445,0.2017,2.4849,0.1255,0.3000,0,1,2.3444,-0.1587,0.1576,0.1712,-0.1444,-0.3845,2.3444,-0.1587,0.1576,2.3311,-0.1978,0.2400,1,1,1.9577,0.1432,0.0969,-0.2355,0.1300,-0.4452,1.9577,0.1432,0.0969,2.0050,0.1524,0.1800,1,1,1.9589,-0.1535,0.1395,-0.2137,-0.1659,-0.4026,1.9589,-0.1535,0.1395,2.0793,-0.1310,0.2400,0,1
2.1888,-0.0023,0.5432,-0.1491,-0.0657,2.3598,0.1892,0.1913,0.1581,0.2023,-0.3519,2.3598,0.1892,0.1913,2.4896,0.1268,0.3000,0,1,2.3444,-0.1580,0.1574,0.1655,-0.1451,-0.3858,2.3444,-0.1580,0.1574,2.3349,-0.1966,0.2400,1,1,1.9576,0.1439,0.0972,-0.2403,0.1307,-0.4460,1.9576,0.1439,0.0972,2.0076,0.1522,0.1800,1,1,1.9846,-0.1492,0.1279,-0.1941,-0.1600,-0.4153,1.9846,-0.1492,0.1279,2.0849,-0.1312,0.2400,0,1
2.1942,-0.0017,0.5441,-0.1514,-0.0587,2.4024,0.1545,0.1823,0.1987,0.1681,-0.3618,2.4024,0.1545,0.1823,2.4940,0.1288,0.3000,0,1,2.3440,-0.1577,0.1572,0.1587,-0.1469,-0.3869,2.3440,-0.1577,0.1572,2.3393,-0.1947,0.2400,1,1,1.9571,0.1441,0.0976,-0.2452,0.1316,-0.4465,1.9571,0.1441,0.0976,2.0099,0.1515,0.1800,1,1,2.0151,-0.1404,0.1187,-0.1707,-0.1490,-0.4254,2.0151,-0.1404,0.1187,2.0912,-0.1320,0.2400,0,1
2.1993,-0.0011,0.5452,-0.1390,-0.0485,2.4559,0.1377,0.1766,0.2496,0.1511,-0.3686,2.4559,0.1377,0.1766,2.4977,0.1314,0.3000,0,1,2.3437,-0.1573,0.1568,0.1518,-0.1490,-0.3884,2.3437,-0.1573,0.1568,2.3840,-0.1522,0.2400,1,1,1.9565,0.1444,0.0983,-0.2496,0.1336,-0.4469,1.9565,0.1444,0.0983,2.0114,0.1502,0.1800,1,1,2.0538,-0.1255,0.1128,-0.1393,-0.1313,-0.4324,2.0538,-0.1255,0.1128,2.0976,-0.1335,0.2400,0,1
2.2065,-0.0005,0.5451,-0.1455,-0.0363,2.4561,0.1377,0.1767,0.2444,0.1472,-0.3684,2.4561,0.1377,0.1767,2.4363,0.1344,0.3000,1,1,2.3218,-0.1622,0.1619,0.1211,-0.1574,-0.3832,2.3218,-0.1622,0.1619,2.4930,-0.1494,0.3000,0,1,1.9660,0.1631,0.1026,-0.2463,0.1548,-0.4425,1.9660,0.1631,0.1026,2.1168,0.1485,0.2400,0,1,2.0540,-0.1255,0.1127,-0.1479,-0.1305,-0.4324,2.0540,-0.1255,0.1127,1.9995,-0.1753,0.1800,1,1
2.2137,0.0002,0.5458,-0.1512,-0.0323,2.4564,0.1372,0.1767,0.2381,0.1448,-0.3691,2.4564,0.1372,0.1767,2.4410,0.1359,0.3000,1,1,2.3243,-0.1340,0.1779,0.1149,-0.1306,-0.3679,2.3243,-0.1340,0.1779,2.5009,-0.1479,0.3000,0,1,1.9630,0.1424,0.1137,-0.2552,0.1340,-0.4321,1.9630,0.1424,0.1137,2.1234,0.1484,0.2400,0,1,2.0542,-0.1260,0.1127,-0.1553,-0.1313,-0.4331,2.0542,-0.1260,0.1127,2.0853,-0.1754,0.2400,1,1
2.2192,0.0010,0.5486,-0.1414,-0.0415,2.4565,0.1372,0.1767,0.2314,0.1459,-0.3719,2.4565,0.1372,0.1767,2.4456,0.1353,0.3000,1,1,2.3420,-0.0470,0.1952,0.1247,-0.0429,-0.3534,2.3420,-0.0470,0.1952,2.5053,-0.1485,0.3000,0,1,1.9718,0.0540,0.1313,-0.2494,0.0427,-0.4173,1.9718,0.0540,0.1313,2.1302,0.1507,0.2400,0,1,2.0542,-0.1258,0.1126,-0.1596,-0.1335,-0.4360,2.0542,-0.1258,0.1126,2.0878,-0.1731,0.2400,1,1
2.2251,0.0018,0.5494,-0.1389,-0.0318,2.4571,0.1381,0.1772,0.2275,0.1436,-0.3722,2.4571,0.1381,0.1772,2.4483,0.1376,0.3000,1,1,2.3240,-0.0499,0.2082,0.1005,-0.0485,-0.3412,2.3240,-0.0499,0.2082,2.5123,-0.1462,0.3000,0,1,1.9605,0.0520,0.1438,-0.2661,0.0418,-0.4056,1.9605,0.0520,0.1438,2.1347,0.1499,0.2400,0,1,2.0549,-0.1248,0.1119,-0.1661,-0.1319,-0.4375,2.0549,-0.1248,0.1119,2.0927,-0.1739,0.2400,1,1
2.2309,0.0024,0.5494,-0.1426,-0.0175,2.4571,0.1383,0.1773,0.2238,0.1398,-0.3721,2.4571,0.1383,0.1773,2.4501,0.1410,0.3000,1,1,2.3138,-0.0740,0.2215,0.0842,-0.0749,-0.3279,2.3138,-0.0740,0.2215,2.5201,-0.1430,0.3000,0,1,1.9631,0.0733,0.1570,-0.2690,0.0662,-0.3924,1.9631,0.0733,0.1570,2.1384,0.1478,0.2400,0,1,2.0550,-0.1246,0.1118,-0.1737,-0.1301,-0.4376,2.0550,-0.1246,0.1118,2.0984,-0.1762,0.2400,1,1
2.2362,0.0029,0.5500,-0.1479,-0.0062,2.4570,0.1382,0.1772,0.2200,0.1367,-0.3728,2.4570,0.1382,0.1772,2.4519,0.1437,0.3000,1,1,2.3293,-0.0847,0.2336,0.0936,-0.0870,-0.3164,2.3293,-0.0847,0.2336,2.5271,-0.1403,0.3000,0,1,1.9774,0.0877,0.1692,-0.2593,0.0832,-0.3808,1.9774,0.0877,0.1692,2.1421,0.1461,0.2400,0,1,2.0549,-0.1247,0.1119,-0.1805,-0.1287,-0.4381,2.0549,-0.1247,0.1119,2.1034,-0.1779,0.2400,1,1
2.2414,0.0034,0.5511,-0.1532,0.0029,2.4570,0.1381,0.1772,0.2160,0.1341,-0.3739,2.4570,0.1381,0.1772,2.4538,0.1460,0.3000,1,1,2.3491,-0.0889,0.2434,0.1074,-0.0926,-0.3077,2.3491,-0.0889,0.2434,2.5336,-0.1380,0.3000,0,1,1.9896,0.0968,0.1790,-0.2515,0.0941,-0.3721,1.9896,0.0968,0.1790,2.1460,0.1449,0.2400,0,1,2.0548,-0.1248,0.1119,-0.1870,-0.1277,-0.4392,2.0548,-0.1248,0.1119,2.1078,-0.1791,0.2400,1,1
2.2464,0.0039,0.5525,-0.1568,0.0108,2.4570,0.1382,0.1772,0.2120,0.1320,-0.3753,2.4570,0.1382,0.1772,2.4557,0.1480,0.3000,1,1,2.3446,-0.0929,0.2498,0.0971,-0.0979,-0.3027,2.3446,-0.0929,0.2498,2.5397,-0.1360,0.3000,0,1,2.0020,0.1066,0.1852,-0.2433,0.1053,-0.3673,2.0020,0.1066,0.1852,2.1499,0.1438,0.2400,0,1,2.0549,-0.1247,0.1119,-0.1929,-0.1265,-0.4406,2.0549,-0.1247,0.1119,2.1120,-0.1801,0.2400,1,1
2.2512,0.0045,0.5544,-0.1564,0.0172,2.4570,0.1383,0.1773,0.2081,0.1302,-0.3771,2.4570,0.1383,0.1773,2.4575,0.1498,0.3000,1,1,2.3396,-0.1018,0.2512,0.0866,-0.1078,-0.3032,2.3396,-0.1018,0.2512,2.5454,-0.1342,0.3000,0,1,2.0061,0.1206,0.1866,-0.2431,0.1203,-0.3678,2.0061,0.1206,0.1866,2.1538,0.1431,0.2400,0,1,2.0548,-0.1246,0.1119,-0.1986,-0.1257,-0.4425,2.0548,-0.1246,0.1119,2.0756,-0.1409,0.2400,1,1
2.2557,0.0050,0.5566,-0.1527,0.0228,2.4572,0.1383,0.1773,0.2045,0.1287,-0.3793,2.4572,0.1383,0.1773,2.4592,0.1513,0.3000,1,1,2.3330,-0.1169,0.2476,0.0745,-0.1236,-0.3090,2.3330,-0.1169,0.2476,2.5506,-0.1326,0.3000,0,1,1.9841,0.1373,0.1830,-0.2685,0.1385,-0.3736,1.9841,0.1373,0.1830,2.1575,0.1425,0.2400,0,1,2.0550,-0.1247,0.1118,-0.2036,-0.1251,-0.4448,2.0550,-0.1247,0.1118,2.0789,-0.1414,0.2400,1,1
2.2597,0.0054,0.5589,-0.1445,0.0300,2.4575,0.1382,0.1774,0.2017,0.1268,-0.3815,2.4575,0.1382,0.1774,2.4602,0.1531,0.3000,1,1,2.3064,-0.1432,0.2398,0.0422,-0.1499,-0.3191,2.3064,-0.1432,0.2398,2.5557,-0.1308,0.3000,0,1,1.9562,0.1676,0.1749,-0.2985,0.1712,-0.3840,1.9562,0.1676,0.1749,2.1606,0.1415,0.2400,0,1,2.0554,-0.1247,0.1116,-0.2081,-0.1239,-0.4473,2.0554,-0.1247,0.1116,2.0821,-0.1424,0.2400,1,1
2.2633,0.0055,0.5613,-0.1394,0.0390,2.4573,0.1383,0.1774,0.1990,0.1251,-0.3839,2.4573,0.1383,0.1774,2.4604,0.1548,0.3000,1,1,2.2771,-0.1897,0.2301,0.0062,-0.1956,-0.3312,2.2771,-0.1897,0.2301,2.5605,-0.1289,0.3000,0,1,1.9218,0.2123,0.1657,-0.3332,0.2200,-0.3956,1.9218,0.2123,0.1657,2.1629,0.1398,0.2400,0,1,2.0552,-0.1246,0.1117,-0.2130,-0.1219,-0.4496,2.0552,-0.1246,0.1117,2.0850,-0.1440,0.2400,1,1
2.2655,0.0053,0.5647,-0.1286,0.0406,2.4571,0.1381,0.1771,0.1968,0.1249,-0.3876,2.4571,0.1381,0.1771,2.4604,0.1550,0.3000,1,1,2.2899,-0.2001,0.2237,0.0160,-0.2062,-0.3410,2.2899,-0.2001,0.2237,2.5629,-0.1288,0.3000,0,1,1.9428,0.2143,0.1602,-0.3140,0.2219,-0.4045,1.9428,0.2143,0.1602,2.1649,0.1393,0.2400,0,1,2.0548,-0.1247,0.1119,-0.2158,-0.1213,-0.4528,2.0548,-0.1247,0.1119,2.0855,-0.1445,0.2400,1,1
2.2698,0.0050,0.5675,-0.1347,0.0308,2.4574,0.1385,0.1773,0.1916,0.1277,-0.3902,2.4574,0.1385,0.1773,2.4641,0.1528,0.3000,1,1,2.3063,-0.1774,0.2114,0.0309,-0.1834,-0.3561,2.3063,-0.1774,0.2114,2.5658,-0.1310,0.3000,0,1,1.9525,0.1751,0.1475,-0.3119,0.1798,-0.4200,1.9525,0.1751,0.1475,2.1705,0.1409,0.2400,0,1,2.0552,-0.1243,0.1119,-0.2185,-0.1226,-0.4556,2.0552,-0.1243,0.1119,2.0862,-0.1429,0.2400,1,1
2.2739,0.0042,0.5701,-0.1497,0.0157,2.4572,0.1384,0.1772,0.1854,0.1313,-0.3929,2.4572,0.1384,0.1772,2.4685,0.1492,0.3000,1,1,2.3516,-0.1000,0.2045,0.0761,-0.1054,-0.3656,2.3516,-0.1000,0.2045,2.5679,-0.1348,0.3000,0,1,1.9940,0.0999,0.1399,-0.2784,0.1001,-0.4302,1.9940,0.0999,0.1399,2.1767,0.1431,0.2400,0,1,2.0550,-0.1244,0.1128,-0.2209,-0.1251,-0.4573,2.0550,-0.1244,0.1128,2.1262,-0.1809,0.2400,1,1
2.2770,0.0031,0.5717,-0.1596,0.0070,2.4567,0.1384,0.1770,0.1806,0.1340,-0.3947,2.4567,0.1384,0.1770,2.4708,0.1465,0.3000,1,1,2.4050,-0.0755,0.1943,0.1274,-0.0795,-0.3774,2.4050,-0.0755,0.1943,2.5698,-0.1375,0.3000,0,1,2.0312,0.0734,0.1301,-0.2453,0.0720,-0.4416,2.0312,0.0734,0.1301,2.1810,0.1438,0.2400,0,1,2.0545,-0.1243,0.1131,-0.2234,-0.1258,-0.4586,2.0545,-0.1243,0.1131,2.1260,-0.1802,0.2400,1,1
2.2795,0.0022,0.5724,-0.1570,0.0039,2.4559,0.1372,0.1764,0.1769,0.1343,-0.3960,2.4559,0.1372,0.1764,2.4718,0.1449,0.3000,1,1,2.4626,-0.0814,0.1864,0.1828,-0.0843,-0.3860,2.4626,-0.0814,0.1864,2.5719,-0.1391,0.3000,0,1,2.0793,0.0744,0.1225,-0.1999,0.0730,-0.4499,2.0793,0.0744,0.1225,2.1840,0.1434,0.2400,0,1,2.0534,-0.1255,0.1140,-0.2266,-0.1268,-0.4584,2.0534,-0.1255,0.1140,2.1261,-0.1806,0.2400,1,1
2.2825,0.0011,0.5709,-0.1518,0.0042,2.4546,0.1520,0.1790,0.1727,0.1502,-0.3919,2.4546,0.1520,0.1790,2.5737,0.1439,0.3000,0,1,2.4946,-0.1110,0.1848,0.2116,-0.1130,-0.3861,2.4946,-0.1110,0.1848,2.5089,-0.1401,0.3000,1,1,2.1064,0.0875,0.1208,-0.1757,0.0871,-0.4501,2.1064,0.0875,0.1208,2.1209,0.1423,0.2400,1,1,2.0430,-0.1322,0.1171,-0.2401,-0.1323,-0.4538,2.0430,-0.1322,0.1171,2.1881,-0.1417,0.2400,0,1
2.2865,-0.0002,0.5701,-0.1558,0.0002,2.4063,0.1548,0.1887,0.1198,0.1550,-0.3814,2.4063,0.1548,0.1887,2.5783,0.1418,0.3000,0,1,2.4952,-0.1114,0.1851,0.2087,-0.1112,-0.3850,2.4952,-0.1114,0.1851,2.5104,-0.1422,0.3000,1,1,2.1071,0.0871,0.1203,-0.1794,0.0873,-0.4498,2.1071,0.0871,0.1203,2.1235,0.1417,0.2400,1,1,2.0138,-0.1345,0.1248,-0.2727,-0.1342,-0.4453,2.0138,-0.1345,0.1248,2.1916,-0.1423,0.2400,0,1
2.2897,-0.0015,0.5706,-0.1500,0.0100,2.3809,0.0682,0.2069,0.0919,0.0688,-0.3637,2.3809,0.0682,0.2069,2.5801,0.1424,0.3000,0,1,2.4951,-0.1106,0.1848,0.2043,-0.1111,-0.3858,2.4951,-0.1106,0.1848,2.5129,-0.1416,0.3000,1,1,2.1070,0.0879,0.1205,-0.1818,0.0912,-0.4501,2.1070,0.0879,0.1205,2.1233,0.1386,0.2400,1,1,2.0259,-0.0741,0.1382,-0.2645,-0.0700,-0.4324,2.0259,-0.0741,0.1382,2.1961,-0.1454,0.2400,0,1
2.2927,-0.0028,0.5700,-0.1435,0.0079,2.3357,0.0615,0.2199,0.0435,0.0640,-0.3501,2.3357,0.0615,0.2199,2.5834,0.1407,0.3000,0,1,2.4956,-0.1109,0.1851,0.2020,-0.1097,-0.3849,2.4956,-0.1109,0.1851,2.5136,-0.1433,0.3000,1,1,2.1076,0.0875,0.1201,-0.1844,0.0918,-0.4499,2.1076,0.0875,0.1201,2.1246,0.1376,0.2400,1,1,1.9929,-0.0722,0.1517,-0.3003,-0.0670,-0.4183,1.9929,-0.0722,0.1517,2.1989,-0.1464,0.2400,0,1
2.2958,-0.0041,0.5689,-0.1413,0.0011,2.3102,0.0781,0.2336,0.0145,0.0822,-0.3353,2.3102,0.0781,0.2336,2.5875,0.1381,0.3000,0,1,2.4958,-0.1109,0.1851,0.1999,-0.1070,-0.3838,2.4958,-0.1109,0.1851,2.5138,-0.1459,0.3000,1,1,2.1078,0.0875,0.1200,-0.1879,0.0918,-0.4489,2.1078,0.0875,0.1200,2.1267,0.1377,0.2400,1,1,1.9558,-0.0924,0.1652,-0.3401,-0.0879,-0.4037,1.9558,-0.0924,0.1652,2.2010,-0.1463,0.2400,0,1
2.2989,-0.0052,0.5684,-0.1436,-0.0038,2.3227,0.0802,0.2463,0.0235,0.0855,-0.3221,2.3227,0.0802,0.2463,2.5912,0.1361,0.3000,0,1,2.4957,-0.1108,0.1851,0.1972,-0.1049,-0.3833,2.4957,-0.1108,0.1851,2.5141,-0.1479,0.3000,1,1,2.1077,0.0876,0.1201,-0.1916,0.0921,-0.4483,2.1077,0.0876,0.1201,2.1284,0.1375,0.2400,1,1,1.9509,-0.1015,0.1782,-0.3476,-0.0976,-0.3902,1.9509,-0.1015,0.1782,2.2033,-0.1465,0.2400,0,1
2.3018,-0.0062,0.5682,-0.1487,-0.0077,2.3441,0.0770,0.2574,0.0417,0.0835,-0.3108,2.3441,0.0770,0.2574,2.5947,0.1343,0.3000,0,1,2.4956,-0.1109,0.1850,0.1946,-0.1032,-0.3832,2.4956,-0.1109,0.1850,2.5145,-0.1497,0.3000,1,1,2.1075,0.0875,0.1201,-0.1950,0.0922,-0.4481,2.1075,0.0875,0.1201,2.1299,0.1373,0.2400,1,1,1.9765,-0.1009,0.1895,-0.3246,-0.0972,-0.3787,1.9765,-0.1009,0.1895,2.2057,-0.1467,0.2400,0,1
2.3049,-0.0071,0.5680,-0.1540,-0.0126,2.3565,0.0784,0.2656,0.0505,0.0861,-0.3024,2.3565,0.0784,0.2656,2.5985,0.1324,0.3000,0,1,2.4956,-0.1109,0.1850,0.1920,-0.1014,-0.3830,2.4956,-0.1109,0.1850,2.5149,-0.1515,0.3000,1,1,2.1075,0.0875,0.1201,-0.1986,0.0921,-0.4479,2.1075,0.0875,0.1201,2.1317,0.1373,0.2400,1,1,1.9912,-0.1040,0.1978,-0.3125,-0.1008,-0.3702,1.9912,-0.1040,0.1978,2.2081,-0.1467,0.2400,0,1
2.3079,-0.0080,0.5681,-0.1571,-0.0184,2.3628,0.0839,0.2695,0.0532,0.0929,-0.2986,2.3628,0.0839,0.2695,2.6023,0.1304,0.3000,0,1,2.4955,-0.1109,0.1850,0.1895,-0.0994,-0.3831,2.4955,-0.1109,0.1850,2.5151,-0.1536,0.3000,1,1,2.1075,0.0874,0.1201,-0.2021,0.0917,-0.4480,2.1075,0.0874,0.1201,2.1336,0.1375,0.2400,1,1,1.9969,-0.1103,0.2017,-0.3091,-0.1080,-0.3664,1.9969,-0.1103,0.2017,2.2104,-0.1464,0.2400,0,1
2.3109,-0.0089,0.5685,-0.1562,-0.0249,2.3641,0.0928,0.2683,0.0507,0.1030,-0.3002,2.3641,0.0928,0.2683,2.6062,0.1283,0.3000,0,1,2.4955,-0.1109,0.1850,0.1871,-0.0974,-0.3835,2.4955,-0.1109,0.1850,2.5151,-0.1557,0.3000,1,1,2.1074,0.0875,0.1202,-0.2058,0.0913,-0.4483,2.1074,0.0875,0.1202,2.1355,0.1379,0.2400,1,1,1.9969,-0.1194,0.2005,-0.3112,-0.1183,-0.3680,1.9969,-0.1194,0.2005,2.2125,-0.1460,0.2400,0,1
2.3138,-0.0098,0.5693,-0.1494,-0.0316,2.3555,0.1086,0.2625,0.0379,0.1197,-0.3068,2.3555,0.1086,0.2625,2.6100,0.1261,0.3000,0,1,2.4956,-0.1108,0.1850,0.1849,-0.0952,-0.3843,2.4956,-0.1108,0.1850,2.5150,-0.1578,0.3000,1,1,2.1075,0.0875,0.1201,-0.2093,0.0907,-0.4492,2.1075,0.0875,0.1201,2.1374,0.1383,0.2400,1,1,1.9826,-0.1329,0.1946,-0.3271,-0.1335,-0.3747,1.9826,-0.1329,0.1946,2.2144,-0.1456,0.2400,0,1
2.3167,-0.0106,0.5699,-0.1411,-0.0403,2.3258,0.1445,0.2528,0.0028,0.1553,-0.3171,2.3258,0.1445,0.2528,2.6141,0.1236,0.3000,0,1,2.4959,-0.1110,0.1852,0.1831,-0.0931,-0.3847,2.4959,-0.1110,0.1852,2.5146,-0.1602,0.3000,1,1,2.1079,0.0874,0.1199,-0.2126,0.0895,-0.4500,2.1079,0.0874,0.1199,2.1396,0.1392,0.2400,1,1,1.9443,-0.1586,0.1848,-0.3661,-0.1629,-0.3851,1.9443,-0.1586,0.1848,2.2162,-0.1446,0.2400,0,1
2.3187,-0.0112,0.5709,-0.1332,-0.0500,2.3133,0.1870,0.2443,-0.0153,0.1977,-0.3266,2.3133,0.1870,0.2443,2.6174,0.1211,0.3000,0,1,2.4954,-0.1109,0.1849,0.1815,-0.0907,-0.3860,2.4954,-0.1109,0.1849,2.5132,-0.1626,0.3000,1,1,2.1074,0.0875,0.1201,-0.2160,0.0880,-0.4508,2.1074,0.0875,0.1201,2.1411,0.1404,0.2400,1,1,1.9348,-0.1892,0.1781,-0.3745,-0.1970,-0.3928,1.9348,-0.1892,0.1781,2.2169,-0.1432,0.2400,0,1
2.3205,-0.0117,0.5722,-0.1257,-0.0502,2.3407,0.1920,0.2359,0.0100,0.2045,-0.3363,2.3407,0.1920,0.2359,2.6192,0.1205,0.3000,0,1,2.4955,-0.1108,0.1849,0.1798,-0.0902,-0.3873,2.4955,-0.1108,0.1849,2.5130,-0.1631,0.3000,1,1,2.1075,0.0875,0.1201,-0.2177,0.0884,-0.4521,2.1075,0.0875,0.1201,2.1409,0.1399,0.2400,1,1,1.9558,-0.1795,0.1675,-0.3558,-0.1859,-0.4047,1.9558,-0.1795,0.1675,2.2187,-0.1437,0.2400,0,1
2.3247,-0.0119,0.5725,-0.1435,-0.0463,2.3456,0.1501,0.2229,0.0134,0.1628,-0.3496,2.3456,0.1501,0.2229,2.6229,0.1210,0.3000,0,1,2.4957,-0.1116,0.1852,0.1754,-0.0917,-0.3873,2.4957,-0.1116,0.1852,2.5157,-0.1627,0.3000,1,1,2.1078,0.0869,0.1199,-0.2212,0.0887,-0.4526,2.1078,0.0869,0.1199,2.1425,0.1390,0.2400,1,1,1.9825,-0.1274,0.1562,-0.3365,-0.1312,-0.4163,1.9825,-0.1274,0.1562,2.2233,-0.1447,0.2400,0,1
2.3274,-0.0118,0.5728,-0.1583,-0.0404,2.4532,0.0715,0.2237,0.1223,0.0883,-0.3491,2.4532,0.0715,0.2237,2.6248,0.1224,0.3000,0,1,2.4954,-0.1106,0.1847,0.1719,-0.0919,-0.3881,2.4954,-0.1106,0.1847,2.5173,-0.1614,0.3000,1,1,2.1072,0.0876,0.1202,-0.2240,0.0904,-0.4526,2.1072,0.0876,0.1202,2.1423,0.1380,0.2400,1,1,2.0285,-0.0848,0.1479,-0.2957,-0.0850,-0.4249,2.0285,-0.0848,0.1479,2.2269,-0.1458,0.2400,0,1
2.3297,-0.0116,0.5728,-0.1671,-0.0411,2.5211,0.0585,0.2172,0.1884,0.0779,-0.3556,2.5211,0.0585,0.2172,2.6272,0.1224,0.3000,0,1,2.4948,-0.1105,0.1844,0.1690,-0.0920,-0.3884,2.4948,-0.1105,0.1844,2.5175,-0.1614,0.3000,1,1,2.1065,0.0877,0.1205,-0.2271,0.0900,-0.4523,2.1065,0.0877,0.1205,2.1427,0.1383,0.2400,1,1,2.0672,-0.0827,0.1389,-0.2594,-0.0818,-0.4339,2.0672,-0.0827,0.1389,2.2290,-0.1455,0.2400,0,1
2.3317,-0.0114,0.5728,-0.1621,-0.0467,2.5496,0.0733,0.2105,0.2137,0.0948,-0.3623,2.5496,0.0733,0.2105,2.6299,0.1215,0.3000,0,1,2.4942,-0.1105,0.1841,0.1669,-0.0914,-0.3887,2.4942,-0.1105,0.1841,2.5166,-0.1622,0.3000,1,1,2.1057,0.0875,0.1207,-0.2304,0.0882,-0.4521,2.1057,0.0875,0.1207,2.1435,0.1396,0.2400,1,1,2.1105,-0.0951,0.1333,-0.2171,-0.0939,-0.4395,2.1105,-0.0951,0.1333,2.2303,-0.1441,0.2400,0,1
2.3352,-0.0110,0.5730,-0.1653,-0.0450,2.5498,0.0734,0.2106,0.2106,0.0940,-0.3624,2.5498,0.0734,0.2106,2.5662,0.1222,0.3000,1,1,2.4635,-0.1202,0.1889,0.1331,-0.1033,-0.3841,2.4635,-0.1202,0.1889,2.6204,-0.1615,0.3000,0,1,2.0831,0.1003,0.1253,-0.2569,0.0998,-0.4477,2.0831,0.1003,0.1253,2.2468,0.1396,0.2400,0,1,2.1107,-0.0949,0.1332,-0.2205,-0.0939,-0.4398,2.1107,-0.0949,0.1332,2.1670,-0.1441,0.2400,1,1
2.3382,-0.0106,0.5737,-0.1561,-0.0351,2.5498,0.0738,0.2107,0.2085,0.0918,-0.3630,2.5498,0.0738,0.2107,2.5659,0.1245,0.3000,1,1,2.3943,-0.1650,0.2015,0.0615,-0.1523,-0.3722,2.3943,-0.1650,0.2015,2.6249,-0.1593,0.3000,0,1,2.0318,0.1396,0.1359,-0.3115,0.1394,-0.4378,2.0318,0.1396,0.1359,2.2484,0.1381,0.2400,0,1,2.1108,-0.0945,0.1329,-0.2243,-0.0918,-0.4408,2.1108,-0.0945,0.1329,2.1694,-0.1457,0.2400,1,1
2.3410,-0.0102,0.5761,-0.1391,-0.0336,2.5505,0.0735,0.2109,0.2066,0.0907,-0.3652,2.5505,0.0735,0.2109,2.5664,0.1252,0.3000,1,1,2.3645,-0.1453,0.2146,0.0280,-0.1342,-0.3615,2.3645,-0.1453,0.2146,2.6279,-0.1586,0.3000,0,1,2.0012,0.1287,0.1490,-0.3443,0.1274,-0.4271,2.0012,0.1287,0.1490,2.2509,0.1382,0.2400,0,1,2.1116,-0.0947,0.1326,-0.2264,-0.0922,-0.4435,2.1116,-0.0947,0.1326,2.1703,-0.1456,0.2400,1,1
2.3437,-0.0099,0.5779,-0.1320,-0.0412,2.5502,0.0736,0.2108,0.2029,0.0919,-0.3671,2.5502,0.0736,0.2108,2.5682,0.1241,0.3000,1,1,2.3775,-0.0996,0.2302,0.0375,-0.0882,-0.3477,2.3775,-0.0996,0.2302,2.6295,-0.1597,0.3000,0,1,2.0065,0.0850,0.1645,-0.3408,0.0809,-0.4134,2.0065,0.0850,0.1645,2.2547,0.1400,0.2400,0,1,2.1113,-0.0947,0.1328,-0.2287,-0.0943,-0.4451,2.1113,-0.0947,0.1328,2.1700,-0.1438,0.2400,1,1
2.3462,-0.0098,0.5790,-0.1261,-0.0409,2.5505,0.0737,0.2109,0.2007,0.0918,-0.3681,2.5505,0.0737,0.2109,2.5686,0.1242,0.3000,1,1,2.3576,-0.0927,0.2438,0.0148,-0.0824,-0.3352,2.3576,-0.0927,0.2438,2.6320,-0.1595,0.3000,0,1,2.0049,0.0723,0.1787,-0.3444,0.0681,-0.4003,2.0049,0.0723,0.1787,2.2571,0.1401,0.2400,0,1,2.1116,-0.0946,0.1325,-0.2309,-0.0943,-0.4465,2.1116,-0.0946,0.1325,2.1705,-0.1437,0.2400,1,1
2.3489,-0.0098,0.5797,-0.1278,-0.0373,2.5506,0.0737,0.2110,0.1984,0.0910,-0.3687,2.5506,0.0737,0.2110,2.5688,0.1249,0.3000,1,1,2.3477,-0.0999,0.2559,0.0022,-0.0901,-0.3238,2.3477,-0.0999,0.2559,2.6352,-0.1589,0.3000,0,1,1.9874,0.0777,0.1908,-0.3645,0.0740,-0.3889,1.9874,0.0777,0.1908,2.2593,0.1393,0.2400,0,1,2.1117,-0.0946,0.1325,-0.2339,-0.0936,-0.4472,2.1117,-0.0946,0.1325,2.1717,-0.1445,0.2400,1,1
2.3517,-0.0100,0.5805,-0.1355,-0.0345,2.5505,0.0737,0.2109,0.1958,0.0905,-0.3696,2.5505,0.0737,0.2109,2.5693,0.1253,0.3000,1,1,2.3601,-0.1008,0.2657,0.0115,-0.0905,-0.3148,2.3601,-0.1008,0.2657,2.6385,-0.1585,0.3000,0,1,1.9923,0.0794,0.2006,-0.3623,0.0769,-0.3799,1.9923,0.0794,0.2006,2.2617,0.1387,0.2400,0,1,2.1116,-0.0946,0.1326,-0.2370,-0.0928,-0.4479,2.1116,-0.0946,0.1326,2.1729,-0.1452,0.2400,1,1
2.3547,-0.0102,0.5815,-0.1452,-0.0328,2.5503,0.0736,0.2108,0.1927,0.0902,-0.3707,2.5503,0.0736,0.2108,2.5700,0.1255,0.3000,1,1,2.3786,-0.0993,0.2719,0.0268,-0.0883,-0.3096,2.3786,-0.0993,0.2719,2.6417,-0.1584,0.3000,0,1,2.0105,0.0788,0.2070,-0.3469,0.0777,-0.3745,2.0105,0.0788,0.2070,2.2644,0.1381,0.2400,0,1,2.1114,-0.0947,0.1327,-0.2404,-0.0924,-0.4488,2.1114,-0.0947,0.1327,2.1741,-0.1457,0.2400,1,1
2.3579,-0.0103,0.5828,-0.1520,-0.0315,2.5502,0.0736,0.2108,0.1896,0.0899,-0.3720,2.5502,0.0736,0.2108,2.5711,0.1256,0.3000,1,1,2.3876,-0.1018,0.2733,0.0326,-0.0905,-0.3095,2.3876,-0.1018,0.2733,2.6451,-0.1583,0.3000,0,1,2.0201,0.0825,0.2085,-0.3406,0.0821,-0.3743,2.0201,0.0825,0.2085,2.2675,0.1378,0.2400,0,1,2.1113,-0.0947,0.1327,-0.2438,-0.0921,-0.4501,2.1113,-0.0947,0.1327,2.1755,-0.1461,0.2400,1,1
2.3614,-0.0103,0.5846,-0.1530,-0.0309,2.5502,0.0736,0.2108,0.1861,0.0897,-0.3738,2.5502,0.0736,0.2108,2.5725,0.1257,0.3000,1,1,2.3856,-0.1086,0.2697,0.0272,-0.0975,-0.3149,2.3856,-0.1086,0.2697,2.6488,-0.1582,0.3000,0,1,2.0159,0.0920,0.2049,-0.3485,0.0916,-0.3797,2.0159,0.0920,0.2049,2.2709,0.1376,0.2400,0,1,2.1113,-0.0947,0.1327,-0.2474,-0.0921,-0.4519,2.1113,-0.0947,0.1327,2.1772,-0.1462,0.2400,1,1
2.3653,-0.0103,0.5867,-0.1491,-0.0312,2.5506,0.0735,0.2109,0.1826,0.0895,-0.3758,2.5506,0.0735,0.2109,2.5745,0.1257,0.3000,1,1,2.3633,-0.1231,0.2621,0.0015,-0.1128,-0.3246,2.3633,-0.1231,0.2621,2.6526,-0.1582,0.3000,0,1,1.9918,0.1120,0.1965,-0.3771,0.1106,-0.3902,1.9918,0.1120,0.1965,2.2748,0.1378,0.2400,0,1,2.1118,-0.0949,0.1325,-0.2507,-0.0925,-0.4542,2.1118,-0.0949,0.1325,2.1790,-0.1461,0.2400,1,1
2.3689,-0.0102,0.5890,-0.1434,-0.0300,2.5504,0.0736,0.2109,0.1789,0.0892,-0.3781,2.5504,0.0736,0.2109,2.5759,0.1260,0.3000,1,1,2.3387,-0.1537,0.2522,-0.0259,-0.1443,-0.3368,2.3387,-0.1537,0.2522,2.6564,-0.1579,0.3000,0,1,1.9782,0.1477,0.1891,-0.3953,0.1461,-0.3999,1.9782,0.1477,0.1891,2.2783,0.1376,0.2400,0,1,2.1116,-0.0948,0.1324,-0.2546,-0.0923,-0.4566,2.1116,-0.0948,0.1324,2.1807,-0.1463,0.2400,1,1
2.3726,-0.0101,0.5915,-0.1416,-0.0360,2.5500,0.0734,0.2106,0.1743,0.0898,-0.3809,2.5500,0.0734,0.2106,2.5783,0.1249,0.3000,1,1,2.3591,-0.1593,0.2457,-0.0081,-0.1496,-0.3458,2.3591,-0.1593,0.2457,2.6591,-0.1589,0.3000,0,1,2.0073,0.1475,0.1812,-0.3707,0.1443,-0.4103,2.0073,0.1475,0.1812,2.2828,0.1388,0.2400,0,1,2.1113,-0.0952,0.1343,-0.2581,-0.0944,-0.4572,2.1113,-0.0952,0.1343,2.1816,-0.1450,0.2400,1,1
2.3785,-0.0103,0.5934,-0.1569,-0.0477,2.5504,0.0741,0.2109,0.1677,0.0925,-0.3825,2.5504,0.0741,0.2109,2.5839,0.1224,0.3000,1,1,2.3921,-0.1273,0.2329,0.0192,-0.1162,-0.3605,2.3921,-0.1273,0.2329,2.6633,-0.1613,0.3000,0,1,2.0177,0.1062,0.1679,-0.3659,0.0992,-0.4255,2.0177,0.1062,0.1679,2.2905,0.1409,0.2400,0,1,2.1119,-0.0945,0.1344,-0.2623,-0.0968,-0.4590,2.1119,-0.0945,0.1344,2.1840,-0.1428,0.2400,1,1
2.3838,-0.0105,0.5958,-0.1737,-0.0630,2.5491,0.0739,0.2102,0.1597,0.0946,-0.3856,2.5491,0.0739,0.2102,2.5892,0.1191,0.3000,1,1,2.5231,-0.0913,0.2345,0.1441,-0.0719,-0.3613,2.5231,-0.0913,0.2345,2.6663,-0.1643,0.3000,0,1,2.1107,0.0568,0.1640,-0.2768,0.0500,-0.4318,2.1107,0.0568,0.1640,2.2981,0.1435,0.2400,0,1,2.1106,-0.0948,0.1359,-0.2674,-0.1013,-0.4599,2.1106,-0.0948,0.1359,2.1853,-0.1400,0.2400,1,1
2.3886,-0.0108,0.5981,-0.1864,-0.0688,2.5484,0.0735,0.2097,0.1536,0.0951,-0.3884,2.5484,0.0735,0.2097,2.5927,0.1177,0.3000,1,1,2.5932,-0.0951,0.2251,0.2099,-0.0700,-0.3730,2.5932,-0.0951,0.2251,2.6702,-0.1657,0.3000,0,1,2.1820,0.0582,0.1551,-0.2109,0.0546,-0.4430,2.1820,0.0582,0.1551,2.3038,0.1443,0.2400,0,1,2.1098,-0.0953,0.1367,-0.2723,-0.1035,-0.4614,2.1098,-0.0953,0.1367,2.1873,-0.1391,0.2400,1,1
2.3942,-0.0111,0.5991,-0.1962,-0.0660,2.5480,0.0736,0.2096,0.1479,0.0947,-0.3895,2.5480,0.0736,0.2096,2.5959,0.1179,0.3000,1,1,2.6219,-0.1101,0.2175,0.2337,-0.0838,-0.3816,2.6219,-0.1101,0.2175,2.6762,-0.1655,0.3000,0,1,2.2382,0.0819,0.1478,-0.1618,0.0825,-0.4513,2.2382,0.0819,0.1478,2.3090,0.1434,0.2400,0,1,2.1092,-0.0950,0.1370,-0.2788,-0.1025,-0.4621,2.1092,-0.0950,0.1370,2.1912,-0.1399,0.2400,1,1
2.4002,-0.0112,0.5990,-0.1894,-0.0653,2.5611,0.0883,0.2092,0.1541,0.1098,-0.3898,2.5611,0.0883,0.2092,2.7009,0.1179,0.3000,0,1,2.6373,-0.1243,0.2144,0.2440,-0.0974,-0.3846,2.6373,-0.1243,0.2144,2.6164,-0.1655,0.3000,1,1,2.2698,0.0979,0.1472,-0.1372,0.1004,-0.4518,2.2698,0.0979,0.1472,2.2489,0.1432,0.2400,1,1,2.1031,-0.0969,0.1398,-0.2909,-0.1049,-0.4592,2.1031,-0.0969,0.1398,2.2964,-0.1402,0.2400,0,1
2.4071,-0.0117,0.5995,-0.1882,-0.0538,2.6398,0.0420,0.2325,0.2295,0.0661,-0.3670,2.6398,0.0420,0.2325,2.7062,0.1197,0.3000,0,1,2.6377,-0.1236,0.2142,0.2363,-0.0993,-0.3853,2.6377,-0.1236,0.2142,2.6230,-0.1639,0.3000,1,1,2.2703,0.0988,0.1470,-0.1425,0.1030,-0.4525,2.2703,0.0988,0.1470,2.2520,0.1405,0.2400,1,1,2.0757,-0.0598,0.1545,-0.3283,-0.0659,-0.4450,2.0757,-0.0598,0.1545,2.3047,-0.1431,0.2400,0,1
2.4127,-0.0119,0.5995,-0.1758,-0.0541,2.6313,0.0095,0.2449,0.2171,0.0332,-0.3546,2.6313,0.0095,0.2449,2.7119,0.1195,0.3000,0,1,2.6381,-0.1231,0.2142,0.2311,-0.0988,-0.3853,2.6381,-0.1231,0.2142,2.6265,-0.1641,0.3000,1,1,2.2708,0.0994,0.1470,-0.1477,0.1035,-0.4525,2.2708,0.0994,0.1470,2.2557,0.1404,0.2400,1,1,2.0436,-0.0687,0.1666,-0.3655,-0.0767,-0.4329,2.0436,-0.0687,0.1666,2.3103,-0.1432,0.2400,0,1
2.4183,-0.0123,0.5985,-0.1603,-0.0618,2.5804,0.0226,0.2581,0.1596,0.0448,-0.3404,2.5804,0.0226,0.2581,2.7186,0.1176,0.3000,0,1,2.6385,-0.1235,0.2145,0.2266,-0.0974,-0.3840,2.6385,-0.1235,0.2145,2.6290,-0.1659,0.3000,1,1,2.2714,0.0991,0.1466,-0.1535,0.1021,-0.4519,2.2714,0.0991,0.1466,2.2605,0.1415,0.2400,1,1,2.0227,-0.0910,0.1821,-0.3900,-0.1030,-0.4164,2.0227,-0.0910,0.1821,2.3149,-0.1420,0.2400,0,1
2.4238,-0.0127,0.5970,-0.1536,-0.0636,2.5598,0.0473,0.2715,0.1319,0.0685,-0.3255,2.5598,0.0473,0.2715,2.7243,0.1168,0.3000,0,1,2.6383,-0.1246,0.2147,0.2212,-0.0980,-0.3823,2.6383,-0.1246,0.2147,2.6322,-0.1666,0.3000,1,1,2.2712,0.0980,0.1465,-0.1593,0.1008,-0.4505,2.2712,0.0980,0.1465,2.2642,0.1414,0.2400,1,1,2.0200,-0.0879,0.1949,-0.3982,-0.1007,-0.4021,2.0200,-0.0879,0.1949,2.3202,-0.1420,0.2400,0,1
2.4283,-0.0128,0.5958,-0.1516,-0.0627,2.5907,0.0571,0.2843,0.1577,0.0799,-0.3115,2.5907,0.0571,0.2843,2.7287,0.1169,0.3000,0,1,2.6381,-0.1245,0.2146,0.2164,-0.0983,-0.3812,2.6381,-0.1245,0.2146,2.6349,-0.1665,0.3000,1,1,2.2711,0.0982,0.1465,-0.1638,0.1009,-0.4493,2.2711,0.0982,0.1465,2.2666,0.1412,0.2400,1,1,2.0315,-0.0840,0.2087,-0.3916,-0.0959,-0.3871,2.0315,-0.0840,0.2087,2.3248,-0.1423,0.2400,0,1
2.4326,-0.0127,0.5949,-0.1555,-0.0622,2.6185,0.0605,0.2958,0.1810,0.0846,-0.2991,2.6185,0.0605,0.2958,2.6929,0.0771,0.3000,0,1,2.6381,-0.1243,0.2146,0.2120,-0.0986,-0.3803,2.6381,-0.1243,0.2146,2.6372,-0.1663,0.3000,1,1,2.2710,0.0983,0.1466,-0.1682,0.1007,-0.4483,2.2710,0.0983,0.1466,2.2688,0.1412,0.2400,1,1,2.0315,-0.0899,0.2198,-0.3955,-0.1020,-0.3751,2.0315,-0.0899,0.2198,2.3292,-0.1423,0.2400,0,1
2.4368,-0.0125,0.5943,-0.1602,-0.0608,2.6312,0.0655,0.3039,0.1893,0.0897,-0.2904,2.6312,0.0655,0.3039,2.6968,0.0776,0.3000,0,1,2.6381,-0.1243,0.2146,0.2077,-0.0994,-0.3797,2.6381,-0.1243,0.2146,2.6396,-0.1659,0.3000,1,1,2.2710,0.0984,0.1466,-0.1722,0.1006,-0.4477,2.2710,0.0984,0.1466,2.2707,0.1411,0.2400,1,1,2.0393,-0.0949,0.2279,-0.3918,-0.1064,-0.3664,2.0393,-0.0949,0.2279,2.3335,-0.1424,0.2400,0,1
2.4407,-0.0123,0.5941,-0.1628,-0.0582,2.6394,0.0711,0.3078,0.1935,0.0948,-0.2863,2.6394,0.0711,0.3078,2.7004,0.0783,0.3000,0,1,2.6381,-0.1242,0.2145,0.2036,-0.1002,-0.3796,2.6381,-0.1242,0.2145,2.6419,-0.1652,0.3000,1,1,2.2710,0.0984,0.1466,-0.1759,0.1006,-0.4475,2.2710,0.0984,0.1466,2.2723,0.1408,0.2400,1,1,2.0467,-0.1011,0.2318,-0.3882,-0.1116,-0.3623,2.0467,-0.1011,0.2318,2.3378,-0.1427,0.2400,0,1
2.4445,-0.0121,0.5945,-0.1638,-0.0543,2.6431,0.0789,0.3067,0.1934,0.1016,-0.2878,2.6431,0.0789,0.3067,2.7037,0.0793,0.3000,0,1,2.6381,-0.1242,0.2145,0.1994,-0.1014,-0.3800,2.6381,-0.1242,0.2145,2.6443,-0.1643,0.3000,1,1,2.2710,0.0985,0.1466,-0.1792,0.1010,-0.4479,2.2710,0.0985,0.1466,2.2735,0.1403,0.2400,1,1,2.0490,-0.1084,0.2306,-0.3897,-0.1176,-0.3639,2.0490,-0.1084,0.2306,2.3421,-0.1433,0.2400,0,1
2.4482,-0.0118,0.5952,-0.1644,-0.0505,2.6436,0.0954,0.3009,0.1897,0.1169,-0.2943,2.6436,0.0954,0.3009,2.7069,0.0804,0.3000,0,1,2.6382,-0.1242,0.2146,0.1954,-0.1027,-0.3806,2.6382,-0.1242,0.2146,2.6466,-0.1633,0.3000,1,1,2.2711,0.0985,0.1466,-0.1824,0.1012,-0.4486,2.2711,0.0985,0.1466,2.2746,0.1399,0.2400,1,1,2.0418,-0.1208,0.2248,-0.4004,-0.1294,-0.3704,2.0418,-0.1208,0.2248,2.3463,-0.1437,0.2400,0,1
2.4520,-0.0112,0.5961,-0.1669,-0.0497,2.6443,0.1301,0.2915,0.1850,0.1507,-0.3046,2.6443,0.1301,0.2915,2.7106,0.0811,0.3000,0,1,2.6380,-0.1243,0.2145,0.1914,-0.1037,-0.3816,2.6380,-0.1243,0.2145,2.6485,-0.1625,0.3000,1,1,2.2710,0.0983,0.1466,-0.1862,0.1004,-0.4495,2.2710,0.0983,0.1466,2.2763,0.1404,0.2400,1,1,2.0183,-0.1414,0.2162,-0.4267,-0.1516,-0.3799,2.0183,-0.1414,0.2162,2.3502,-0.1433,0.2400,0,1
2.4553,-0.0104,0.5971,-0.1669,-0.0495,2.6441,0.1846,0.2791,0.1789,0.2041,-0.3180,2.6441,0.1846,0.2791,2.7139,0.0820,0.3000,0,1,2.6378,-0.1251,0.2147,0.1880,-0.1055,-0.3824,2.6378,-0.1251,0.2147,2.6498,-0.1617,0.3000,1,1,2.2709,0.0977,0.1465,-0.1895,0.0988,-0.4506,2.2709,0.0977,0.1465,2.2776,0.1411,0.2400,1,1,2.0298,-0.1502,0.2094,-0.4181,-0.1607,-0.3877,2.0298,-0.1502,0.2094,2.3535,-0.1426,0.2400,0,1
2.4588,-0.0100,0.5976,-0.1781,-0.0385,2.6542,0.2397,0.2674,0.1856,0.2570,-0.3302,2.6542,0.2397,0.2674,2.7159,0.0845,0.3000,0,1,2.6379,-0.1260,0.2150,0.1834,-0.1090,-0.3826,2.6379,-0.1260,0.2150,2.6530,-0.1593,0.3000,1,1,2.2711,0.0968,0.1462,-0.1917,0.0995,-0.4514,2.2711,0.0968,0.1462,2.2774,0.1394,0.2400,1,1,2.0555,-0.1367,0.1970,-0.3981,-0.1421,-0.4006,2.0555,-0.1367,0.1970,2.3585,-0.1444,0.2400,0,1
2.4621,-0.0093,0.5987,-0.1953,-0.0279,2.6641,0.2274,0.2581,0.1953,0.2422,-0.3406,2.6641,0.2274,0.2581,2.7178,0.0873,0.3000,0,1,2.6372,-0.1263,0.2147,0.1783,-0.1121,-0.3840,2.6372,-0.1263,0.2147,2.6559,-0.1566,0.3000,1,1,2.2703,0.0965,0.1463,-0.1947,0.1004,-0.4524,2.2703,0.0965,0.1463,2.2771,0.1381,0.2400,1,1,2.1618,-0.1113,0.1907,-0.2973,-0.1103,-0.4080,2.1618,-0.1113,0.1907,2.3632,-0.1458,0.2400,0,1
2.4653,-0.0084,0.6007,-0.2093,-0.0178,2.6690,0.1665,0.2482,0.2006,0.1785,-0.3525,2.6690,0.1665,0.2482,2.7196,0.0902,0.3000,0,1,2.6372,-0.1255,0.2144,0.1740,-0.1140,-0.3863,2.6372,-0.1255,0.2144,2.6585,-0.1537,0.3000,1,1,2.2702,0.0973,0.1465,-0.1970,0.1022,-0.4542,2.2702,0.0973,0.1465,2.2769,0.1371,0.2400,1,1,2.2240,-0.1024,0.1809,-0.2396,-0.0983,-0.4198,2.2240,-0.1024,0.1809,2.3678,-0.1469,0.2400,0,1
2.4681,-0.0074,0.6020,-0.2162,-0.0078,2.6768,0.1390,0.2390,0.2076,0.1480,-0.3630,2.6768,0.1390,0.2390,2.7210,0.0931,0.3000,0,1,2.6370,-0.1253,0.2141,0.1698,-0.1166,-0.3879,2.6370,-0.1253,0.2141,2.6608,-0.1509,0.3000,1,1,2.2700,0.0975,0.1467,-0.1989,0.1034,-0.4553,2.2700,0.0975,0.1467,2.2762,0.1361,0.2400,1,1,2.2421,-0.1177,0.1717,-0.2251,-0.1121,-0.4303,2.2421,-0.1177,0.1717,2.3720,-0.1479,0.2400,0,1
2.4728,-0.0060,0.6027,-0.2026,0.0107,2.6829,0.1166,0.2325,0.2114,0.1203,-0.3702,2.6829,0.1166,0.2325,2.8017,0.0961,0.3600,0,1,2.6465,-0.1390,0.2160,0.1723,-0.1349,-0.3867,2.6465,-0.1390,0.2160,2.6627,-0.1479,0.3000,1,1,2.2398,0.0903,0.1499,-0.2320,0.0988,-0.4528,2.2398,0.0903,0.1499,2.2749,0.1347,0.2400,1,1,2.2543,-0.1322,0.1660,-0.2198,-0.1239,-0.4367,2.2543,-0.1322,0.1660,2.3359,-0.1893,0.2400,0,1
2.4746,-0.0056,0.6025,-0.2075,0.0193,2.6831,0.1176,0.2324,0.2108,0.1192,-0.3701,2.6831,0.1176,0.2324,2.6967,0.1400,0.3000,1,1,2.6644,-0.1376,0.2211,0.1872,-0.1356,-0.3814,2.6644,-0.1376,0.2211,2.8091,-0.1839,0.3600,0,1,2.2237,0.1124,0.1514,-0.2486,0.1228,-0.4511,2.2237,0.1124,0.1514,2.3769,0.1326,0.2400,0,1,2.2547,-0.1313,0.1648,-0.2223,-0.1214,-0.4377,2.2547,-0.1313,0.1648,2.3154,-0.1514,0.2400,1,1
2.4780,-0.0044,0.6038,-0.1915,0.0232,2.6838,0.1161,0.2322,0.2085,0.1157,-0.3716,2.6838,0.1161,0.2322,2.6974,0.1420,0.3000,1,1,2.6907,-0.0810,0.2398,0.2109,-0.0815,-0.3640,2.6907,-0.0810,0.2398,2.7730,-0.1419,0.3600,0,1,2.1350,0.1115,0.1633,-0.3402,0.1238,-0.4405,2.1350,0.1115,0.1633,2.3797,0.1330,0.2400,0,1,2.2554,-0.1328,0.1648,-0.2255,-0.1232,-0.4390,2.2554,-0.1328,0.1648,2.3173,-0.1509,0.2400,1,1
2.4816,-0.0030,0.6044,-0.1653,0.0352,2.6844,0.1167,0.2325,0.2069,0.1125,-0.3719,2.6844,0.1167,0.2325,2.6973,0.1457,0.3000,1,1,2.5947,-0.0558,0.2546,0.1112,-0.0567,-0.3498,2.5947,-0.0558,0.2546,2.7783,-0.1382,0.3600,0,1,2.1116,0.1118,0.1829,-0.3657,0.1278,-0.4215,2.1116,0.1118,0.1829,2.3418,0.0920,0.2400,0,1,2.2562,-0.1323,0.1640,-0.2298,-0.1213,-0.4404,2.2562,-0.1323,0.1640,2.3208,-0.1518,0.2400,1,1
2.4860,-0.0013,0.6041,-0.1565,0.0361,2.6842,0.1176,0.2326,0.2024,0.1117,-0.3715,2.6842,0.1176,0.2326,2.6995,0.1475,0.3000,1,1,2.5507,-0.0550,0.2690,0.0627,-0.0560,-0.3351,2.5507,-0.0550,0.2690,2.7828,-0.1363,0.3600,0,1,2.0856,0.0849,0.1995,-0.3970,0.1006,-0.4046,2.0856,0.0849,0.1995,2.3460,0.0936,0.2400,0,1,2.2562,-0.1316,0.1637,-0.2344,-0.1219,-0.4404,2.2562,-0.1316,0.1637,2.3232,-0.1503,0.2400,1,1
2.4889,-0.0001,0.6041,-0.1405,0.0399,2.6843,0.1169,0.2325,0.1999,0.1091,-0.3716,2.6843,0.1169,0.2325,2.6999,0.1494,0.3000,1,1,2.5919,-0.0475,0.2824,0.1010,-0.0515,-0.3217,2.5919,-0.0475,0.2824,2.7862,-0.1344,0.3600,0,1,2.0732,0.0890,0.2146,-0.4118,0.1056,-0.3895,2.0732,0.0890,0.2146,2.3484,0.0940,0.2400,0,1,2.2563,-0.1324,0.1639,-0.2377,-0.1229,-0.4402,2.2563,-0.1324,0.1639,2.3247,-0.1498,0.2400,1,1
2.4918,0.0009,0.6044,-0.1279,0.0428,2.6843,0.1166,0.2324,0.1973,0.1074,-0.3720,2.6843,0.1166,0.2324,2.7003,0.1510,0.3000,1,1,2.6459,-0.0479,0.2955,0.1519,-0.0553,-0.3089,2.6459,-0.0479,0.2955,2.7895,-0.1328,0.3600,0,1,2.0554,0.1076,0.2278,-0.4314,0.1253,-0.3766,2.0554,0.1076,0.2278,2.3509,0.0944,0.2400,0,1,2.2563,-0.1327,0.1640,-0.2410,-0.1234,-0.4404,2.2563,-0.1327,0.1640,2.3260,-0.1493,0.2400,1,1
2.4953,0.0021,0.6045,-0.1266,0.0405,2.6844,0.1168,0.2325,0.1936,0.1069,-0.3720,2.6844,0.1168,0.2325,2.7022,0.1517,0.3000,1,1,2.6743,-0.0535,0.3055,0.1766,-0.0628,-0.2990,2.6743,-0.0535,0.3055,2.7927,-0.1321,0.3600,0,1,2.0758,0.1062,0.2378,-0.4149,0.1210,-0.3667,2.0758,0.1062,0.2378,2.3547,0.0960,0.2400,0,1,2.2565,-0.1325,0.1638,-0.2441,-0.1248,-0.4407,2.2565,-0.1325,0.1638,2.3272,-0.1477,0.2400,1,1
2.4990,0.0029,0.6049,-0.1328,0.0368,2.6841,0.1169,0.2324,0.1892,0.1071,-0.3725,2.6841,0.1169,0.2324,2.7045,0.1518,0.3000,1,1,2.6880,-0.0523,0.3115,0.1868,-0.0621,-0.2934,2.6880,-0.0523,0.3115,2.7959,-0.1320,0.3600,0,1,2.1557,0.0958,0.2464,-0.3396,0.1055,-0.3585,2.1557,0.0958,0.2464,2.3589,0.0976,0.2400,0,1,2.2561,-0.1325,0.1640,-0.2477,-0.1264,-0.4409,2.2561,-0.1325,0.1640,2.3284,-0.1462,0.2400,1,1
2.5029,0.0033,0.6056,-0.1406,0.0328,2.6838,0.1169,0.2322,0.1845,0.1076,-0.3734,2.6838,0.1169,0.2322,2.7070,0.1515,0.3000,1,1,2.6916,-0.0483,0.3128,0.1869,-0.0578,-0.2928,2.6916,-0.0483,0.3128,2.7993,-0.1323,0.3600,0,1,2.2442,0.0904,0.2509,-0.2557,0.0955,-0.3547,2.2442,0.0904,0.2509,2.3634,0.0989,0.2400,0,1,2.2558,-0.1325,0.1642,-0.2514,-0.1276,-0.4414,2.2558,-0.1325,0.1642,2.3297,-0.1450,0.2400,1,1
2.5072,0.0038,0.6063,-0.1516,0.0288,2.6836,0.1169,0.2322,0.1796,0.1080,-0.3741,2.6836,0.1169,0.2322,2.7098,0.1512,0.3000,1,1,2.6963,-0.0540,0.3092,0.1874,-0.0632,-0.2971,2.6963,-0.0540,0.3092,2.8030,-0.1327,0.3600,0,1,2.2912,0.0920,0.2478,-0.2134,0.0944,-0.3585,2.2912,0.0920,0.2478,2.3682,0.1001,0.2400,0,1,2.2556,-0.1325,0.1643,-0.2554,-0.1290,-0.4420,2.2556,-0.1325,0.1643,2.3313,-0.1438,0.2400,1,1
2.5116,0.0042,0.6070,-0.1614,0.0241,2.6833,0.1170,0.2321,0.1744,0.1086,-0.3749,2.6833,0.1170,0.2321,2.6729,0.1108,0.3000,1,1,2.7016,-0.0687,0.3017,0.1882,-0.0775,-0.3053,2.7016,-0.0687,0.3017,2.8068,-0.1331,0.3600,0,1,2.3158,0.0959,0.2408,-0.1935,0.0964,-0.3662,2.3158,0.0959,0.2408,2.3732,0.1015,0.2400,0,1,2.2553,-0.1324,0.1644,-0.2595,-0.1304,-0.4426,2.2553,-0.1324,0.1644,2.3331,-0.1424,0.2400,1,1
2.5162,0.0047,0.6078,-0.1679,0.0191,2.6835,0.1170,0.2322,0.1694,0.1091,-0.3756,2.6835,0.1170,0.2322,2.6763,0.1104,0.3000,1,1,2.6856,-0.0867,0.2916,0.1676,-0.0946,-0.3162,2.6856,-0.0867,0.2916,2.8107,-0.1336,0.3600,0,1,2.3252,0.1021,0.2304,-0.1891,0.1010,-0.3774,2.3252,0.1021,0.2304,2.3785,0.1030,0.2400,0,1,2.2554,-0.1324,0.1644,-0.2634,-0.1321,-0.4434,2.2554,-0.1324,0.1644,2.3349,-0.1409,0.2400,1,1
2.5208,0.0053,0.6090,-0.1712,0.0132,2.6839,0.1173,0.2324,0.1646,0.1098,-0.3766,2.6839,0.1173,0.2324,2.6797,0.1098,0.3000,1,1,2.6722,-0.1077,0.2793,0.1499,-0.1150,-0.3297,2.6722,-0.1077,0.2793,2.8145,-0.1342,0.3600,0,1,2.3280,0.1121,0.2180,-0.1914,0.1093,-0.3910,2.3280,0.1121,0.2180,2.4240,0.1447,0.3000,0,1,2.2560,-0.1322,0.1639,-0.2666,-0.1340,-0.4451,2.2560,-0.1322,0.1639,2.3367,-0.1393,0.2400,1,1
2.5255,0.0057,0.6103,-0.1764,0.0067,2.6842,0.1174,0.2325,0.1594,0.1106,-0.3778,2.6842,0.1174,0.2325,2.6833,0.1090,0.3000,1,1,2.6728,-0.1269,0.2667,0.1464,-0.1336,-0.3436,2.6728,-0.1269,0.2667,2.8182,-0.1350,0.3600,0,1,2.3015,0.1214,0.2055,-0.2232,0.1172,-0.4048,2.3015,0.1214,0.2055,2.4296,0.1464,0.3000,0,1,2.2563,-0.1320,0.1636,-0.2701,-0.1359,-0.4467,2.2563,-0.1320,0.1636,2.3385,-0.1376,0.2400,1,1
2.5298,0.0060,0.6117,-0.1804,0.0014,2.6844,0.1175,0.2326,0.1548,0.1113,-0.3791,2.6844,0.1175,0.2326,2.6865,0.1082,0.3000,1,1,2.6796,-0.1343,0.2547,0.1496,-0.1405,-0.3570,2.6796,-0.1343,0.2547,2.8218,-0.1358,0.3600,0,1,2.2909,0.1310,0.1934,-0.2387,0.1253,-0.4183,2.2909,0.1310,0.1934,2.4347,0.1477,0.3000,0,1,2.2565,-0.1320,0.1635,-0.2735,-0.1376,-0.4482,2.2565,-0.1320,0.1635,2.3400,-0.1363,0.2400,1,1
2.5338,0.0060,0.6132,-0.1829,-0.0045,2.6840,0.1173,0.2324,0.1497,0.1120,-0.3808,2.6840,0.1173,0.2324,2.6893,0.1071,0.3000,1,1,2.7128,-0.1257,0.2439,0.1796,-0.1309,-0.3693,2.7128,-0.1257,0.2439,2.8250,-0.1369,0.3600,0,1,2.3184,0.1362,0.1836,-0.2160,0.1292,-0.4296,2.3184,0.1362,0.1836,2.4395,0.1489,0.3000,0,1,2.2561,-0.1322,0.1638,-0.2771,-0.1394,-0.4494,2.2561,-0.1322,0.1638,2.3412,-0.1351,0.2400,1,1
2.5379,0.0062,0.6148,-0.1778,-0.0104,2.6830,0.1168,0.2320,0.1439,0.1121,-0.3828,2.6830,0.1168,0.2320,2.6921,0.1062,0.3000,1,1,2.7598,-0.1171,0.2357,0.2232,-0.1210,-0.3791,2.7598,-0.1171,0.2357,2.8282,-0.1378,0.3600,0,1,2.3720,0.1395,0.1762,-0.1673,0.1316,-0.4386,2.3720,0.1395,0.1762,2.4443,0.1502,0.3000,0,1,2.2548,-0.1325,0.1649,-0.2816,-0.1416,-0.4499,2.2548,-0.1325,0.1649,2.3424,-0.1338,0.2400,1,1
2.5424,0.0066,0.6155,-0.1608,-0.0170,2.6839,0.1273,0.2336,0.1394,0.1231,-0.3819,2.6839,0.1273,0.2336,2.8366,0.1454,0.3600,0,1,2.7876,-0.1316,0.2335,0.2475,-0.1340,-0.3820,2.7876,-0.1316,0.2335,2.7258,-0.1786,0.3000,1,1,2.4040,0.1429,0.1754,-0.1407,0.1339,-0.4401,2.4040,0.1429,0.1754,2.3438,0.1119,0.2400,1,1,2.2553,-0.1412,0.1709,-0.2845,-0.1527,-0.4446,2.2553,-0.1412,0.1709,2.4450,-0.1320,0.3000,0,1
2.5493,0.0064,0.6152,-0.1654,-0.0241,2.6577,0.1587,0.2442,0.1047,0.1549,-0.3710,2.6577,0.1587,0.2442,2.8445,0.1437,0.3600,0,1,2.7880,-0.1324,0.2339,0.2420,-0.1330,-0.3813,2.7880,-0.1324,0.2339,2.7297,-0.1802,0.3000,1,1,2.4045,0.1421,0.1749,-0.1480,0.1322,-0.4403,2.4045,0.1421,0.1749,2.3498,0.1130,0.2400,1,1,2.2653,-0.1540,0.1780,-0.2801,-0.1672,-0.4372,2.2653,-0.1540,0.1780,2.4510,-0.1309,0.3000,0,1
2.5554,0.0061,0.6166,-0.1660,-0.0162,2.6710,0.0936,0.2563,0.1142,0.0894,-0.3603,2.6710,0.0936,0.2563,2.8495,0.1450,0.3600,0,1,2.7879,-0.1325,0.2340,0.2347,-0.1348,-0.3826,2.7879,-0.1325,0.2340,2.7749,-0.1390,0.3600,1,1,2.4043,0.1418,0.1749,-0.1533,0.1332,-0.4417,2.4043,0.1418,0.1749,2.3527,0.1113,0.2400,1,1,2.3253,-0.0855,0.1948,-0.2286,-0.0953,-0.4218,2.3253,-0.0855,0.1948,2.4581,-0.1327,0.3000,0,1
2.5608,0.0058,0.6177,-0.1593,-0.0112,2.6745,0.0495,0.2696,0.1132,0.0450,-0.3481,2.6745,0.0495,0.2696,2.8544,0.1455,0.3600,0,1,2.7880,-0.1324,0.2339,0.2287,-0.1356,-0.3838,2.7880,-0.1324,0.2339,2.7789,-0.1385,0.3600,1,1,2.4043,0.1418,0.1749,-0.1580,0.1342,-0.4428,2.4043,0.1418,0.1749,2.4356,0.1101,0.3000,1,1,2.3481,-0.0424,0.2082,-0.2121,-0.0506,-0.4095,2.3481,-0.0424,0.2082,2.4641,-0.1339,0.3000,0,1
2.5667,0.0053,0.6171,-0.1613,-0.0163,2.6742,0.0600,0.2830,0.1066,0.0564,-0.3341,2.6742,0.0600,0.2830,2.8608,0.1441,0.3600,0,1,2.7884,-0.1328,0.2343,0.2239,-0.1345,-0.3828,2.7884,-0.1328,0.2343,2.7822,-0.1398,0.3600,1,1,2.4048,0.1414,0.1746,-0.1641,0.1334,-0.4425,2.4048,0.1414,0.1746,2.4401,0.1104,0.3000,1,1,2.3298,-0.0506,0.2216,-0.2360,-0.0598,-0.3955,2.3298,-0.0506,0.2216,2.4694,-0.1335,0.3000,0,1
2.5723,0.0047,0.6164,-0.1621,-0.0226,2.6811,0.0738,0.2958,0.1072,0.0715,-0.3206,2.6811,0.0738,0.2958,2.8673,0.1423,0.3600,0,1,2.7885,-0.1328,0.2343,0.2193,-0.1326,-0.3821,2.7885,-0.1328,0.2343,2.8249,-0.1816,0.3600,1,1,2.4049,0.1415,0.1746,-0.1704,0.1330,-0.4418,2.4049,0.1415,0.1746,2.4446,0.1111,0.3000,1,1,2.3207,-0.0666,0.2343,-0.2499,-0.0770,-0.3821,2.3207,-0.0666,0.2343,2.4742,-0.1329,0.3000,0,1
2.5777,0.0041,0.6163,-0.1631,-0.0280,2.6903,0.0814,0.3068,0.1104,0.0804,-0.3095,2.6903,0.0814,0.3068,2.8734,0.1406,0.3600,0,1,2.7884,-0.1327,0.2343,0.2144,-0.1308,-0.3820,2.7884,-0.1327,0.2343,2.8275,-0.1833,0.3600,1,1,2.4049,0.1416,0.1746,-0.1766,0.1326,-0.4417,2.4049,0.1416,0.1746,2.4488,0.1115,0.3000,1,1,2.3279,-0.0797,0.2454,-0.2474,-0.0908,-0.3709,2.3279,-0.0797,0.2454,2.4788,-0.1324,0.3000,0,1
2.5830,0.0034,0.6166,-0.1644,-0.0328,2.6983,0.0875,0.3150,0.1125,0.0878,-0.3016,2.6983,0.0875,0.3150,2.8794,0.1390,0.3600,0,1,2.7884,-0.1327,0.2343,0.2098,-0.1293,-0.3823,2.7884,-0.1327,0.2343,2.8301,-0.1849,0.3600,1,1,2.4048,0.1415,0.1746,-0.1826,0.1322,-0.4420,2.4048,0.1415,0.1746,2.4528,0.1117,0.3000,1,1,2.3375,-0.0903,0.2536,-0.2423,-0.1017,-0.3630,2.3375,-0.0903,0.2536,2.4835,-0.1322,0.3000,0,1
2.5882,0.0026,0.6174,-0.1649,-0.0375,2.7040,0.0964,0.3188,0.1122,0.0981,-0.2986,2.7040,0.0964,0.3188,2.8852,0.1373,0.3600,0,1,2.7884,-0.1328,0.2343,0.2051,-0.1278,-0.3831,2.7884,-0.1328,0.2343,2.8326,-0.1865,0.3600,1,1,2.4048,0.1415,0.1746,-0.1885,0.1319,-0.4428,2.4048,0.1415,0.1746,2.4567,0.1118,0.3000,1,1,2.3444,-0.1021,0.2575,-0.2397,-0.1138,-0.3599,2.3444,-0.1021,0.2575,2.4880,-0.1320,0.3000,0,1
2.5933,0.0018,0.6187,-0.1621,-0.0421,2.6951,0.1077,0.3177,0.0973,0.1101,-0.3010,2.6951,0.1077,0.3177,2.8909,0.1356,0.3600,0,1,2.7884,-0.1328,0.2343,0.2006,-0.1263,-0.3844,2.7884,-0.1328,0.2343,2.7949,-0.1482,0.3600,1,1,2.4048,0.1415,0.1746,-0.1942,0.1316,-0.4441,2.4048,0.1415,0.1746,2.4604,0.1118,0.3000,1,1,2.3486,-0.1170,0.2563,-0.2395,-0.1290,-0.3624,2.3486,-0.1170,0.2563,2.4925,-0.1319,0.3000,0,1
2.5980,0.0010,0.6203,-0.1543,-0.0465,2.6714,0.1254,0.3118,0.0675,0.1277,-0.3085,2.6714,0.1254,0.3118,2.8962,0.1339,0.3600,0,1,2.7884,-0.1329,0.2343,0.1964,-0.1249,-0.3860,2.7884,-0.1329,0.2343,2.7970,-0.1498,0.3600,1,1,2.4049,0.1414,0.1745,-0.1994,0.1313,-0.4458,2.4049,0.1414,0.1745,2.4638,0.1119,0.3000,1,1,2.3432,-0.1384,0.2505,-0.2480,-0.1511,-0.3698,2.3432,-0.1384,0.2505,2.4966,-0.1318,0.3000,0,1
2.6024,0.0002,0.6219,-0.1451,-0.0513,2.6348,0.1552,0.3023,0.0244,0.1565,-0.3196,2.6348,0.1552,0.3023,2.9012,0.1322,0.3600,0,1,2.7889,-0.1332,0.2346,0.1931,-0.1237,-0.3873,2.7889,-0.1332,0.2346,2.7987,-0.1514,0.3600,1,1,2.4054,0.1410,0.1741,-0.2040,0.1305,-0.4478,2.4054,0.1410,0.1741,2.4269,0.1520,0.3000,1,1,2.3248,-0.1717,0.2410,-0.2684,-0.1859,-0.3809,2.3248,-0.1717,0.2410,2.5004,-0.1316,0.3000,0,1
2.6062,-0.0003,0.6237,-0.1402,-0.0568,2.6137,0.1940,0.2937,-0.0035,0.1944,-0.3300,2.6137,0.1940,0.2937,2.9057,0.1306,0.3600,0,1,2.7888,-0.1329,0.2345,0.1898,-0.1220,-0.3892,2.7888,-0.1329,0.2345,2.7996,-0.1529,0.3600,1,1,2.4053,0.1413,0.1743,-0.2086,0.1300,-0.4494,2.4053,0.1413,0.1743,2.4295,0.1526,0.3000,1,1,2.2987,-0.2194,0.2296,-0.2946,-0.2362,-0.3941,2.2987,-0.2194,0.2296,2.5034,-0.1310,0.3000,0,1
2.6094,-0.0004,0.6262,-0.1345,-0.0563,2.6288,0.1933,0.2847,0.0085,0.1945,-0.3415,2.6288,0.1933,0.2847,2.9089,0.1306,0.3600,0,1,2.7886,-0.1334,0.2344,0.1864,-0.1227,-0.3918,2.7886,-0.1334,0.2344,2.8009,-0.1530,0.3600,1,1,2.4051,0.1408,0.1742,-0.2119,0.1295,-0.4520,2.4051,0.1408,0.1742,2.4307,0.1523,0.3000,1,1,2.2991,-0.2220,0.2231,-0.2973,-0.2387,-0.4031,2.2991,-0.2220,0.2231,2.5067,-0.1312,0.3000,0,1
2.6141,-0.0004,0.6284,-0.1421,-0.0461,2.6634,0.1433,0.2734,0.0426,0.1458,-0.3550,2.6634,0.1433,0.2734,2.9122,0.1327,0.3600,0,1,2.7890,-0.1328,0.2344,0.1808,-0.1242,-0.3940,2.7890,-0.1328,0.2344,2.8051,-0.1510,0.3600,1,1,2.4054,0.1412,0.1743,-0.2150,0.1318,-0.4541,2.4054,0.1412,0.1743,2.4318,0.1505,0.3000,1,1,2.3099,-0.1871,0.2103,-0.2953,-0.2005,-0.4181,2.3099,-0.1871,0.2103,2.5127,-0.1332,0.3000,0,1
2.6182,-0.0001,0.6303,-0.1525,-0.0303,2.7075,0.0960,0.2638,0.0863,0.0988,-0.3665,2.7075,0.0960,0.2638,2.9142,0.1360,0.3600,0,1,2.7885,-0.1335,0.2345,0.1743,-0.1282,-0.3958,2.7885,-0.1335,0.2345,2.8096,-0.1479,0.3600,1,1,2.4050,0.1407,0.1744,-0.2174,0.1343,-0.4559,2.4050,0.1407,0.1744,2.4716,0.1077,0.3000,1,1,2.3550,-0.1255,0.2020,-0.2593,-0.1333,-0.4283,2.3550,-0.1255,0.2020,2.5190,-0.1361,0.3000,0,1
2.6216,0.0004,0.6312,-0.1574,-0.0231,2.7518,0.0805,0.2544,0.1283,0.0831,-0.3768,2.7518,0.0805,0.2544,2.9167,0.1379,0.3600,0,1,2.7881,-0.1332,0.2343,0.1695,-0.1297,-0.3969,2.7881,-0.1332,0.2343,2.8121,-0.1460,0.3600,1,1,2.4045,0.1409,0.1747,-0.2203,0.1354,-0.4565,2.4045,0.1409,0.1747,2.4720,0.1068,0.3000,1,1,2.3991,-0.1062,0.1933,-0.2200,-0.1117,-0.4379,2.3991,-0.1062,0.1933,2.5234,-0.1371,0.3000,0,1
2.6244,0.0006,0.6303,-0.1434,-0.0222,2.8382,0.1218,0.2536,0.2111,0.1259,-0.3767,2.8382,0.1218,0.2536,2.9193,0.1383,0.3600,0,1,2.7874,-0.1343,0.2347,0.1660,-0.1312,-0.3956,2.7874,-0.1343,0.2347,2.8131,-0.1456,0.3600,1,1,2.4040,0.1398,0.1796,-0.2234,0.1343,-0.4507,2.4040,0.1398,0.1796,2.4726,0.1069,0.3000,1,1,2.4457,-0.1213,0.1886,-0.1760,-0.1258,-0.4417,2.4457,-0.1213,0.1886,2.5264,-0.1371,0.3000,0,1
2.6288,0.0012,0.6286,-0.1497,-0.0118,2.8385,0.1214,0.2535,0.2083,0.1227,-0.3751,2.8385,0.1214,0.2535,2.8553,0.1410,0.3600,1,1,2.7679,-0.1564,0.2411,0.1409,-0.1559,-0.3875,2.7679,-0.1564,0.2411,2.9190,-0.1430,0.3600,0,1,2.3788,0.1595,0.1844,-0.2519,0.1553,-0.4442,2.3788,0.1595,0.1844,2.5355,0.1455,0.3000,0,1,2.4460,-0.1217,0.1885,-0.1813,-0.1250,-0.4401,2.4460,-0.1217,0.1885,2.4652,-0.1384,0.3000,1,1
2.6333,0.0020,0.6282,-0.1534,-0.0089,2.8390,0.1212,0.2538,0.2046,0.1210,-0.3744,2.8390,0.1212,0.2538,2.8574,0.1423,0.3600,1,1,2.7313,-0.1311,0.2503,0.0992,-0.1322,-0.3779,2.7313,-0.1311,0.2503,2.9239,-0.1417,0.3600,0,1,2.3595,0.1400,0.1942,-0.2750,0.1356,-0.4340,2.3595,0.1400,0.1942,2.5396,0.1457,0.3000,0,1,2.4466,-0.1219,0.1883,-0.1856,-0.1256,-0.4399,2.4466,-0.1219,0.1883,2.4681,-0.1383,0.3000,1,1
2.6367,0.0027,0.6286,-0.1452,-0.0122,2.8393,0.1213,0.2539,0.2011,0.1211,-0.3747,2.8393,0.1213,0.2539,2.8592,0.1423,0.3600,1,1,2.7024,-0.0752,0.2660,0.0666,-0.0771,-0.3626,2.7024,-0.0752,0.2660,2.9267,-0.1416,0.3600,0,1,2.3658,0.0914,0.2095,-0.2720,0.0854,-0.4191,2.3658,0.0914,0.2095,2.5434,0.1470,0.3000,0,1,2.4470,-0.1219,0.1881,-0.1882,-0.1269,-0.4405,2.4470,-0.1219,0.1881,2.4690,-0.1369,0.3000,1,1
2.6400,0.0035,0.6282,-0.1398,-0.0069,2.8394,0.1215,0.2540,0.1986,0.1194,-0.3742,2.8394,0.1215,0.2540,2.8597,0.1441,0.3600,1,1,2.6640,-0.0772,0.2793,0.0246,-0.0805,-0.3489,2.6640,-0.0772,0.2793,2.9308,-0.1399,0.3600,0,1,2.3538,0.0912,0.2223,-0.2868,0.0857,-0.4059,2.3538,0.0912,0.2223,2.5460,0.1468,0.3000,0,1,2.4471,-0.1216,0.1879,-0.1920,-0.1264,-0.4403,2.4471,-0.1216,0.1879,2.4710,-0.1372,0.3000,1,1
2.6434,0.0042,0.6276,-0.1417,-0.0003,2.8395,0.1216,0.2540,0.1961,0.1175,-0.3736,2.8395,0.1216,0.2540,2.8603,0.1461,0.3600,1,1,2.6466,-0.0853,0.2929,0.0032,-0.0895,-0.3347,2.6466,-0.0853,0.2929,2.9352,-0.1379,0.3600,0,1,2.3409,0.0989,0.2355,-0.3025,0.0946,-0.3921,2.3409,0.0989,0.2355,2.5485,0.1462,0.3000,0,1,2.4472,-0.1215,0.1878,-0.1962,-0.1258,-0.4398,2.4472,-0.1215,0.1878,2.4734,-0.1378,0.3000,1,1
2.6465,0.0048,0.6274,-0.1449,0.0047,2.8395,0.1213,0.2539,0.1935,0.1156,-0.3735,2.8395,0.1213,0.2539,2.8606,0.1477,0.3600,1,1,2.6726,-0.0754,0.3051,0.0257,-0.0803,-0.3223,2.6726,-0.0754,0.3051,2.9390,-0.1363,0.3600,0,1,2.3344,0.1026,0.2476,-0.3116,0.0993,-0.3798,2.3344,0.1026,0.2476,2.5508,0.1458,0.3000,0,1,2.4472,-0.1218,0.1879,-0.1999,-0.1257,-0.4395,2.4472,-0.1218,0.1879,2.4752,-0.1382,0.3000,1,1
2.6495,0.0054,0.6274,-0.1474,0.0098,2.8395,0.1212,0.2539,0.1911,0.1139,-0.3735,2.8395,0.1212,0.2539,2.8609,0.1493,0.3600,1,1,2.6956,-0.0675,0.3152,0.0454,-0.0733,-0.3122,2.6956,-0.0675,0.3152,2.9427,-0.1347,0.3600,0,1,2.3360,0.1052,0.2573,-0.3125,0.1029,-0.3701,2.3360,0.1052,0.2573,2.5531,0.1455,0.3000,0,1,2.4472,-0.1219,0.1879,-0.2035,-0.1253,-0.4395,2.4472,-0.1219,0.1879,2.4769,-0.1385,0.3000,1,1
2.6526,0.0060,0.6276,-0.1501,0.0159,2.8395,0.1213,0.2539,0.1887,0.1123,-0.3737,2.8395,0.1213,0.2539,2.8611,0.1511,0.3600,1,1,2.7027,-0.0680,0.3214,0.0489,-0.0748,-0.3062,2.7027,-0.0680,0.3214,2.9466,-0.1329,0.3600,0,1,2.3414,0.1093,0.2635,-0.3095,0.1082,-0.3641,2.3414,0.1093,0.2635,2.5553,0.1449,0.3000,0,1,2.4471,-0.1218,0.1879,-0.2075,-0.1245,-0.4397,2.4471,-0.1218,0.1879,2.4789,-0.1391,0.3000,1,1
2.6557,0.0067,0.6280,-0.1516,0.0224,2.8394,0.1213,0.2539,0.1862,0.1105,-0.3741,2.8394,0.1213,0.2539,2.8613,0.1530,0.3600,1,1,2.7044,-0.0718,0.3228,0.0469,-0.0796,-0.3052,2.7044,-0.0718,0.3228,2.9507,-0.1310,0.3600,0,1,2.3445,0.1138,0.2650,-0.3087,0.1140,-0.3630,2.3445,0.1138,0.2650,2.5576,0.1443,0.3000,0,1,2.4471,-0.1218,0.1880,-0.2114,-0.1238,-0.4400,2.4471,-0.1218,0.1880,2.4810,-0.1396,0.3000,1,1
2.6588,0.0074,0.6289,-0.1488,0.0291,2.8393,0.1213,0.2539,0.1837,0.1086,-0.3750,2.8393,0.1213,0.2539,2.8614,0.1550,0.3600,1,1,2.7000,-0.0801,0.3192,0.0386,-0.0887,-0.3097,2.7000,-0.0801,0.3192,2.9547,-0.1289,0.3600,0,1,2.3420,0.1208,0.2614,-0.3134,0.1226,-0.3675,2.3420,0.1208,0.2614,2.5597,0.1437,0.3000,0,1,2.4470,-0.1218,0.1880,-0.2155,-0.1230,-0.4409,2.4470,-0.1218,0.1880,2.4830,-0.1402,0.3000,1,1
2.6618,0.0082,0.6299,-0.1409,0.0367,2.8395,0.1215,0.2540,0.1817,0.1067,-0.3759,2.8395,0.1215,0.2540,2.8613,0.1572,0.3600,1,1,2.6775,-0.1008,0.3113,0.0117,-0.1095,-0.3186,2.6775,-0.1008,0.3113,2.9587,-0.1266,0.3600,0,1,2.3237,0.1345,0.2536,-0.3332,0.1386,-0.3763,2.3237,0.1345,0.2536,2.5617,0.1430,0.3000,0,1,2.4472,-0.1216,0.1878,-0.2192,-0.1218,-0.4421,2.4472,-0.1216,0.1878,2.4851,-0.1408,0.3000,1,1
2.6648,0.0090,0.6310,-0.1354,0.0455,2.8397,0.1215,0.2541,0.1798,0.1044,-0.3769,2.8397,0.1215,0.2541,2.8609,0.1596,0.3600,1,1,2.6454,-0.1371,0.3012,-0.0260,-0.1451,-0.3298,2.6454,-0.1371,0.3012,2.9628,-0.1241,0.3600,0,1,2.2870,0.1623,0.2427,-0.3704,0.1703,-0.3883,2.2870,0.1623,0.2427,2.5635,0.1420,0.3000,0,1,2.4474,-0.1216,0.1877,-0.2231,-0.1206,-0.4433,2.4474,-0.1216,0.1877,2.4874,-0.1417,0.3000,1,1
2.6669,0.0095,0.6324,-0.1276,0.0534,2.8393,0.1215,0.2538,0.1781,0.1026,-0.3786,2.8393,0.1215,0.2538,2.8599,0.1616,0.3600,1,1,2.6578,-0.1557,0.2932,-0.0179,-0.1645,-0.3392,2.6578,-0.1557,0.2932,2.9660,-0.1220,0.3600,0,1,2.2894,0.1817,0.2354,-0.3678,0.1921,-0.3970,2.2894,0.1817,0.2354,2.5646,0.1409,0.3000,0,1,2.4470,-0.1216,0.1878,-0.2266,-0.1192,-0.4446,2.4470,-0.1216,0.1878,2.4888,-0.1427,0.3000,1,1
2.6701,0.0100,0.6333,-0.1298,0.0543,2.8397,0.1216,0.2540,0.1754,0.1022,-0.3793,2.8397,0.1216,0.2540,2.8610,0.1622,0.3600,1,1,2.6761,-0.1346,0.2807,-0.0019,-0.1447,-0.3526,2.6761,-0.1346,0.2807,2.9694,-0.1213,0.3600,0,1,2.3099,0.1641,0.2232,-0.3513,0.1734,-0.4101,2.3099,0.1641,0.2232,2.5677,0.1413,0.3000,0,1,2.4474,-0.1216,0.1877,-0.2295,-0.1193,-0.4456,2.4474,-0.1216,0.1877,2.4901,-0.1423,0.3000,1,1
2.6741,0.0103,0.6335,-0.1484,0.0469,2.8395,0.1214,0.2540,0.1704,0.1032,-0.3795,2.8395,0.1214,0.2540,2.8640,0.1612,0.3600,1,1,2.7315,-0.0746,0.2699,0.0534,-0.0875,-0.3636,2.7315,-0.0746,0.2699,2.9723,-0.1225,0.3600,0,1,2.3507,0.1118,0.2137,-0.3183,0.1166,-0.4198,2.3507,0.1118,0.2137,2.5726,0.1430,0.3000,0,1,2.4472,-0.1217,0.1878,-0.2328,-0.1212,-0.4457,2.4472,-0.1217,0.1878,2.4910,-0.1407,0.3000,1,1
2.6772,0.0104,0.6336,-0.1624,0.0436,2.8390,0.1213,0.2537,0.1665,0.1037,-0.3799,2.8390,0.1213,0.2537,2.8656,0.1606,0.3600,1,1,2.8177,-0.0448,0.2619,0.1380,-0.0613,-0.3717,2.8177,-0.0448,0.2619,2.9750,-0.1231,0.3600,0,1,2.3948,0.0927,0.2038,-0.2785,0.0945,-0.4298,2.3948,0.0927,0.2038,2.5762,0.1438,0.3000,0,1,2.4466,-0.1217,0.1881,-0.2361,-0.1219,-0.4455,2.4466,-0.1217,0.1881,2.4915,-0.1399,0.3000,1,1
2.6800,0.0106,0.6336,-0.1666,0.0428,2.8388,0.1211,0.2535,0.1634,0.1036,-0.3801,2.8388,0.1211,0.2535,2.8666,0.1607,0.3600,1,1,2.8713,-0.0399,0.2543,0.1890,-0.0586,-0.3793,2.8713,-0.0399,0.2543,2.9777,-0.1230,0.3600,0,1,2.4380,0.0919,0.1963,-0.2383,0.0916,-0.4373,2.4380,0.0919,0.1963,2.5791,0.1442,0.3000,0,1,2.4463,-0.1219,0.1883,-0.2392,-0.1224,-0.4453,2.4463,-0.1219,0.1883,2.4923,-0.1396,0.3000,1,1
2.6832,0.0110,0.6335,-0.1601,0.0397,2.8296,0.1223,0.2552,0.1507,0.1054,-0.3783,2.8296,0.1223,0.2552,2.9692,0.1605,0.3600,0,1,2.8983,-0.0389,0.2515,0.2130,-0.0584,-0.3820,2.8983,-0.0389,0.2515,2.9145,-0.1232,0.3600,1,1,2.4597,0.0920,0.1944,-0.2201,0.0898,-0.4391,2.4597,0.0920,0.1944,2.5167,0.1452,0.3000,1,1,2.4393,-0.1220,0.1909,-0.2490,-0.1232,-0.4426,2.4393,-0.1220,0.1909,2.5940,-0.1386,0.3000,0,1
2.6875,0.0113,0.6333,-0.1558,0.0320,2.7742,0.1561,0.2614,0.0913,0.1420,-0.3719,2.7742,0.1561,0.2614,2.9746,0.1594,0.3600,0,1,2.8988,-0.0395,0.2517,0.2096,-0.0575,-0.3816,2.8988,-0.0395,0.2517,2.9157,-0.1245,0.3600,1,1,2.4603,0.0914,0.1939,-0.2245,0.0873,-0.4394,2.4603,0.0914,0.1939,2.5200,0.1470,0.3000,1,1,2.3956,-0.1380,0.1975,-0.2965,-0.1399,-0.4358,2.3956,-0.1380,0.1975,2.5971,-0.1369,0.3000,0,1
2.6910,0.0113,0.6337,-0.1416,0.0252,2.7216,0.1873,0.2762,0.0350,0.1752,-0.3575,2.7216,0.1873,0.2762,2.9791,0.1581,0.3600,0,1,2.8989,-0.0394,0.2517,0.2066,-0.0559,-0.3820,2.8989,-0.0394,0.2517,2.9163,-0.1258,0.3600,1,1,2.4605,0.0914,0.1937,-0.2284,0.0859,-0.4400,2.4605,0.0914,0.1937,2.5225,0.1484,0.3000,1,1,2.3575,-0.1507,0.2109,-0.3375,-0.1535,-0.4228,2.3575,-0.1507,0.2109,2.5996,-0.1355,0.3000,0,1
2.6949,0.0114,0.6347,-0.1335,0.0255,2.7070,0.1659,0.2887,0.0160,0.1541,-0.3460,2.7070,0.1659,0.2887,2.9830,0.1582,0.3600,0,1,2.8990,-0.0395,0.2518,0.2027,-0.0561,-0.3829,2.8990,-0.0395,0.2518,2.9182,-0.1257,0.3600,1,1,2.4605,0.0914,0.1938,-0.2323,0.0860,-0.4409,2.4605,0.0914,0.1938,2.5243,0.1484,0.3000,1,1,2.3490,-0.1217,0.2235,-0.3492,-0.1242,-0.4112,2.3490,-0.1217,0.2235,2.6035,-0.1355,0.3000,0,1
2.6981,0.0114,0.6353,-0.1266,0.0253,2.7191,0.1330,0.3032,0.0241,0.1210,-0.3321,2.7191,0.1330,0.3032,2.9863,0.1582,0.3600,0,1,2.8990,-0.0392,0.2517,0.1996,-0.0557,-0.3836,2.8990,-0.0392,0.2517,2.9194,-0.1257,0.3600,1,1,2.4606,0.0916,0.1938,-0.2354,0.0862,-0.4415,2.4606,0.0916,0.1938,2.5256,0.1484,0.3000,1,1,2.3516,-0.0982,0.2376,-0.3492,-0.1008,-0.3977,2.3516,-0.0982,0.2376,2.6068,-0.1355,0.3000,0,1
2.7014,0.0114,0.6353,-0.1243,0.0215,2.7197,0.1278,0.3161,0.0208,0.1160,-0.3192,2.7197,0.1278,0.3161,2.9901,0.1575,0.3600,0,1,2.8991,-0.0392,0.2518,0.1966,-0.0548,-0.3835,2.8991,-0.0392,0.2518,2.9202,-0.1265,0.3600,1,1,2.4607,0.0916,0.1937,-0.2389,0.0854,-0.4416,2.4607,0.0916,0.1937,2.5274,0.1492,0.3000,1,1,2.3406,-0.0991,0.2503,-0.3631,-0.1027,-0.3850,2.3406,-0.0991,0.2503,2.6095,-0.1348,0.3000,0,1
2.7048,0.0113,0.6350,-0.1279,0.0175,2.7248,0.1277,0.3271,0.0220,0.1160,-0.3079,2.7248,0.1277,0.3271,2.9941,0.1567,0.3600,0,1,2.8991,-0.0392,0.2518,0.1934,-0.0539,-0.3832,2.8991,-0.0392,0.2518,2.9210,-0.1273,0.3600,1,1,2.4606,0.0916,0.1937,-0.2428,0.0846,-0.4413,2.4606,0.0916,0.1937,2.5293,0.1499,0.3000,1,1,2.3459,-0.0999,0.2614,-0.3608,-0.1049,-0.3736,2.3459,-0.0999,0.2614,2.6123,-0.1341,0.3000,0,1
2.7082,0.0113,0.6348,-0.1346,0.0138,2.7368,0.1267,0.3352,0.0302,0.1150,-0.2996,2.7368,0.1267,0.3352,2.9980,0.1559,0.3600,0,1,2.8990,-0.0392,0.2517,0.1901,-0.0531,-0.3831,2.8990,-0.0392,0.2517,2.9219,-0.1281,0.3600,1,1,2.4605,0.0916,0.1938,-0.2466,0.0837,-0.4410,2.4605,0.0916,0.1938,2.5313,0.1506,0.3000,1,1,2.3643,-0.0985,0.2696,-0.3454,-0.1050,-0.3652,2.3643,-0.0985,0.2696,2.6152,-0.1334,0.3000,0,1
2.7116,0.0111,0.6349,-0.1398,0.0102,2.7462,0.1272,0.3392,0.0358,0.1157,-0.2957,2.7462,0.1272,0.3392,3.0020,0.1550,0.3600,0,1,2.8989,-0.0392,0.2517,0.1868,-0.0522,-0.3832,2.8989,-0.0392,0.2517,2.9229,-0.1290,0.3600,1,1,2.4604,0.0916,0.1938,-0.2504,0.0831,-0.4411,2.4604,0.0916,0.1938,2.5332,0.1511,0.3000,1,1,2.3779,-0.0999,0.2736,-0.3348,-0.1076,-0.3613,2.3779,-0.0999,0.2736,2.6181,-0.1329,0.3000,0,1
2.7151,0.0108,0.6350,-0.1386,0.0069,2.7272,0.1302,0.3383,0.0129,0.1193,-0.2967,2.7272,0.1302,0.3383,3.0059,0.1541,0.3600,0,1,2.8990,-0.0393,0.2517,0.1835,-0.0514,-0.3833,2.8990,-0.0393,0.2517,2.9239,-0.1299,0.3600,1,1,2.4605,0.0915,0.1938,-0.2540,0.0825,-0.4412,2.4605,0.0915,0.1938,2.5351,0.1514,0.3000,1,1,2.3821,-0.1061,0.2724,-0.3338,-0.1146,-0.3626,2.3821,-0.1061,0.2724,2.6211,-0.1326,0.3000,0,1
2.7184,0.0103,0.6354,-0.1302,0.0044,2.7135,0.1386,0.3326,-0.0043,0.1283,-0.3028,2.7135,0.1386,0.3326,3.0096,0.1532,0.3600,0,1,2.8991,-0.0392,0.2518,0.1805,-0.0503,-0.3836,2.8991,-0.0392,0.2518,2.9248,-0.1308,0.3600,1,1,2.4607,0.0916,0.1937,-0.2573,0.0824,-0.4417,2.4607,0.0916,0.1937,2.5368,0.1515,0.3000,1,1,2.3692,-0.1203,0.2664,-0.3498,-0.1291,-0.3690,2.3692,-0.1203,0.2664,2.6240,-0.1325,0.3000,0,1
2.7219,0.0098,0.6359,-0.1211,0.0006,2.6906,0.1623,0.3230,-0.0312,0.1525,-0.3129,2.6906,0.1623,0.3230,3.0136,0.1519,0.3600,0,1,2.8994,-0.0393,0.2519,0.1775,-0.0492,-0.3840,2.8994,-0.0393,0.2519,2.9258,-0.1321,0.3600,1,1,2.4610,0.0915,0.1935,-0.2609,0.0819,-0.4424,2.4610,0.0915,0.1935,2.5388,0.1517,0.3000,1,1,2.3333,-0.1455,0.2569,-0.3887,-0.1551,-0.3790,2.3333,-0.1455,0.2569,2.6270,-0.1323,0.3000,0,1
2.7246,0.0093,0.6366,-0.1096,-0.0049,2.6853,0.1904,0.3144,-0.0402,0.1809,-0.3222,2.6853,0.1904,0.3144,3.0171,0.1504,0.3600,0,1,2.8989,-0.0393,0.2517,0.1745,-0.0477,-0.3849,2.8989,-0.0393,0.2517,2.9257,-0.1336,0.3600,1,1,2.4605,0.0916,0.1937,-0.2645,0.0810,-0.4429,2.4605,0.0916,0.1937,2.5403,0.1523,0.3000,1,1,2.3298,-0.1662,0.2508,-0.3939,-0.1774,-0.3858,2.3298,-0.1662,0.2508,2.6289,-0.1317,0.3000,0,1
2.7280,0.0089,0.6375,-0.1039,-0.0045,2.7002,0.1794,0.3037,-0.0286,0.1704,-0.3338,2.7002,0.1794,0.3037,3.0204,0.1500,0.3600,0,1,2.8993,-0.0398,0.2519,0.1715,-0.0479,-0.3856,2.8993,-0.0398,0.2519,2.9271,-0.1340,0.3600,1,1,2.4610,0.0910,0.1936,-0.2674,0.0809,-0.4439,2.4610,0.0910,0.1936,2.5416,0.1517,0.3000,1,1,2.3444,-0.1441,0.2394,-0.3829,-0.1547,-0.3981,2.3444,-0.1441,0.2394,2.6323,-0.1323,0.3000,0,1
2.7327,0.0085,0.6372,-0.1254,0.0014,2.7913,0.1247,0.2963,0.0588,0.1161,-0.3409,2.7913,0.1247,0.2963,3.0243,0.1508,0.3600,0,1,2.8990,-0.0395,0.2517,0.1662,-0.0482,-0.3855,2.8990,-0.0395,0.2517,2.9307,-0.1332,0.3600,1,1,2.4606,0.0911,0.1938,-0.2720,0.0830,-0.4434,2.4606,0.0911,0.1938,2.5435,0.1502,0.3000,1,1,2.3717,-0.1015,0.2266,-0.3612,-0.1095,-0.4106,2.3717,-0.1015,0.2266,2.6379,-0.1338,0.3000,0,1
2.7359,0.0081,0.6376,-0.1442,0.0065,2.9073,0.0837,0.2911,0.1719,0.0745,-0.3465,2.9073,0.0837,0.2911,3.0268,0.1513,0.3600,0,1,2.8983,-0.0389,0.2513,0.1621,-0.0481,-0.3863,2.8983,-0.0389,0.2513,2.9326,-0.1327,0.3600,1,1,2.4597,0.0918,0.1941,-0.2757,0.0855,-0.4435,2.4597,0.0918,0.1941,2.5440,0.1488,0.3000,1,1,2.4798,-0.0692,0.2222,-0.2566,-0.0756,-0.4154,2.4798,-0.0692,0.2222,2.6418,-0.1352,0.3000,0,1
2.7401,0.0076,0.6375,-0.1630,0.0008,2.9573,0.0914,0.2820,0.2173,0.0836,-0.3555,2.9573,0.0914,0.2820,3.0318,0.1498,0.3600,0,1,2.8976,-0.0390,0.2510,0.1575,-0.0467,-0.3865,2.8976,-0.0390,0.2510,2.9340,-0.1342,0.3600,1,1,2.4588,0.0916,0.1946,-0.2812,0.0842,-0.4429,2.4588,0.0916,0.1946,2.5470,0.1495,0.3000,1,1,2.5494,-0.0838,0.2139,-0.1908,-0.0912,-0.4236,2.5494,-0.0838,0.2139,2.6452,-0.1345,0.3000,0,1
2.7444,0.0067,0.6377,-0.1631,-0.0032,2.9955,0.1085,0.2755,0.2508,0.1026,-0.3622,2.9955,0.1085,0.2755,3.0366,0.1481,0.3600,0,1,2.8965,-0.0397,0.2506,0.1522,-0.0459,-0.3871,2.8965,-0.0397,0.2506,2.9357,-0.1359,0.3600,1,1,2.4577,0.0909,0.1951,-0.2870,0.0833,-0.4426,2.4577,0.0909,0.1951,2.5498,0.1493,0.3000,1,1,2.5866,-0.1035,0.2085,-0.1574,-0.1107,-0.4292,2.5866,-0.1035,0.2085,2.6489,-0.1347,0.3000,0,1
2.7501,0.0060,0.6381,-0.1632,-0.0004,2.9956,0.1086,0.2755,0.2455,0.1027,-0.3626,2.9956,0.1086,0.2755,2.9749,0.1479,0.3600,1,1,2.8626,-0.0632,0.2557,0.1125,-0.0692,-0.3824,2.8626,-0.0632,0.2557,3.0418,-0.1361,0.3600,0,1,2.4529,0.0983,0.1989,-0.2972,0.0922,-0.4392,2.4529,0.0983,0.1989,2.6551,0.1480,0.3000,0,1,2.5867,-0.1034,0.2084,-0.1634,-0.1095,-0.4297,2.5867,-0.1034,0.2084,2.5880,-0.1360,0.3000,1,1
2.7547,0.0055,0.6389,-0.1518,0.0049,2.9956,0.1086,0.2755,0.2414,0.1019,-0.3634,2.9956,0.1086,0.2755,2.9768,0.1485,0.3600,1,1,2.7889,-0.1115,0.2671,0.0336,-0.1172,-0.3718,2.7889,-0.1115,0.2671,3.0472,-0.1355,0.3600,0,1,2.4090,0.1307,0.2097,-0.3451,0.1269,-0.4292,2.4090,0.1307,0.2097,2.6590,0.1466,0.3000,0,1,2.5867,-0.1034,0.2084,-0.1685,-0.1081,-0.4305,2.5867,-0.1034,0.2084,2.5914,-0.1374,0.3000,1,1
2.7581,0.0053,0.6412,-0.1229,0.0006,2.9960,0.1088,0.2757,0.2380,0.1034,-0.3655,2.9960,0.1088,0.2757,2.9788,0.1474,0.3600,1,1,2.7538,-0.1137,0.2839,-0.0044,-0.1190,-0.3573,2.7538,-0.1137,0.2839,3.0500,-0.1366,0.3600,0,1,2.3934,0.1236,0.2235,-0.3646,0.1185,-0.4177,2.3934,0.1236,0.2235,2.6630,0.1472,0.3000,0,1,2.5873,-0.1033,0.2081,-0.1709,-0.1085,-0.4331,2.5873,-0.1033,0.2081,2.5922,-0.1368,0.3000,1,1
2.7626,0.0049,0.6426,-0.1125,-0.0083,2.9960,0.1090,0.2758,0.2325,0.1060,-0.3668,2.9960,0.1090,0.2758,2.9826,0.1453,0.3600,1,1,2.7274,-0.0843,0.2973,-0.0345,-0.0895,-0.3453,2.7274,-0.0843,0.2973,3.0532,-0.1387,0.3600,0,1,2.3822,0.0873,0.2368,-0.3811,0.0792,-0.4058,2.3822,0.0873,0.2368,2.6688,0.1485,0.3000,0,1,2.5873,-0.1030,0.2081,-0.1744,-0.1094,-0.4345,2.5873,-0.1030,0.2081,2.5934,-0.1355,0.3000,1,1
2.7658,0.0043,0.6434,-0.1015,-0.0132,2.9961,0.1088,0.2758,0.2289,0.1075,-0.3676,2.9961,0.1088,0.2758,2.9845,0.1437,0.3600,1,1,2.7306,-0.0623,0.3120,-0.0343,-0.0671,-0.3314,2.7306,-0.0623,0.3120,3.0557,-0.1402,0.3600,0,1,2.3964,0.0641,0.2532,-0.3702,0.0549,-0.3902,2.3964,0.0641,0.2532,2.6727,0.1488,0.3000,0,1,2.5874,-0.1033,0.2081,-0.1770,-0.1099,-0.4353,2.5874,-0.1033,0.2081,2.5939,-0.1351,0.3000,1,1
2.7688,0.0036,0.6440,-0.0949,-0.0119,2.9962,0.1087,0.2758,0.2261,0.1078,-0.3682,2.9962,0.1087,0.2758,2.9853,0.1433,0.3600,1,1,2.7224,-0.0715,0.3242,-0.0455,-0.0756,-0.3198,2.7224,-0.0715,0.3242,3.0589,-0.1407,0.3600,0,1,2.3630,0.0780,0.2656,-0.4067,0.0696,-0.3784,2.3630,0.0780,0.2656,2.6755,0.1479,0.3000,0,1,2.5876,-0.1034,0.2080,-0.1799,-0.1091,-0.4360,2.5876,-0.1034,0.2080,2.5951,-0.1361,0.3000,1,1
2.7720,0.0028,0.6446,-0.0961,-0.0101,2.9962,0.1086,0.2758,0.2231,0.1081,-0.3688,2.9962,0.1086,0.2758,2.9862,0.1429,0.3600,1,1,2.7197,-0.0832,0.3340,-0.0514,-0.0865,-0.3106,2.7197,-0.0832,0.3340,3.0623,-0.1411,0.3600,0,1,2.3427,0.0931,0.2761,-0.4302,0.0860,-0.3685,2.3427,0.0931,0.2761,2.6784,0.1468,0.3000,0,1,2.5876,-0.1035,0.2080,-0.1833,-0.1082,-0.4366,2.5876,-0.1035,0.2080,2.5965,-0.1372,0.3000,1,1
2.7753,0.0021,0.6454,-0.1045,-0.0108,2.9961,0.1087,0.2757,0.2196,0.1090,-0.3697,2.9961,0.1087,0.2757,2.9877,0.1421,0.3600,1,1,2.7298,-0.0897,0.3401,-0.0445,-0.0923,-0.3053,2.7298,-0.0897,0.3401,3.0656,-0.1419,0.3600,0,1,2.3542,0.0928,0.2824,-0.4221,0.0861,-0.3630,2.3542,0.0928,0.2824,2.6819,0.1462,0.3000,0,1,2.5874,-0.1035,0.2081,-0.1867,-0.1076,-0.4373,2.5874,-0.1035,0.2081,2.5978,-0.1377,0.3000,1,1
2.7787,0.0016,0.6468,-0.1120,-0.0132,2.9960,0.1087,0.2756,0.2159,0.1100,-0.3712,2.9960,0.1087,0.2756,2.9894,0.1411,0.3600,1,1,2.7387,-0.0968,0.3416,-0.0387,-0.0989,-0.3052,2.7387,-0.0968,0.3416,3.0687,-0.1429,0.3600,0,1,2.3803,0.0888,0.2845,-0.3995,0.0819,-0.3623,2.3803,0.0888,0.2845,2.6856,0.1462,0.3000,0,1,2.5872,-0.1034,0.2081,-0.1901,-0.1075,-0.4387,2.5872,-0.1034,0.2081,2.5989,-0.1378,0.3000,1,1
2.7823,0.0013,0.6488,-0.1144,-0.0173,2.9960,0.1089,0.2757,0.2118,0.1113,-0.3731,2.9960,0.1089,0.2757,2.9916,0.1399,0.3600,1,1,2.7335,-0.1153,0.3378,-0.0468,-0.1174,-0.3110,2.7335,-0.1153,0.3378,3.0317,-0.1840,0.3600,0,1,2.3853,0.0961,0.2810,-0.3986,0.0879,-0.3678,2.3853,0.0961,0.2810,2.6898,0.1466,0.3000,0,1,2.5873,-0.1033,0.2080,-0.1932,-0.1080,-0.4408,2.5873,-0.1033,0.2080,2.5999,-0.1373,0.3000,1,1
2.7858,0.0012,0.6515,-0.1150,-0.0232,2.9961,0.1088,0.2757,0.2077,0.1124,-0.3758,2.9961,0.1088,0.2757,2.9939,0.1388,0.3600,1,1,2.7267,-0.1485,0.3309,-0.0556,-0.1510,-0.3206,2.7267,-0.1485,0.3309,3.0343,-0.1852,0.3600,0,1,2.3714,0.1225,0.2730,-0.4171,0.1117,-0.3785,2.3714,0.1225,0.2730,2.6942,0.1477,0.3000,0,1,2.5874,-0.1033,0.2080,-0.1959,-0.1091,-0.4435,2.5874,-0.1033,0.2080,2.6006,-0.1362,0.3000,1,1
2.7889,0.0011,0.6551,-0.1076,-0.0269,2.9957,0.1088,0.2755,0.2038,0.1132,-0.3796,2.9957,0.1088,0.2755,2.9954,0.1379,0.3600,1,1,2.7486,-0.1651,0.3249,-0.0358,-0.1672,-0.3302,2.7486,-0.1651,0.3249,3.0368,-0.1860,0.3600,0,1,2.3829,0.1499,0.2669,-0.4099,0.1378,-0.3882,2.3829,0.1499,0.2669,2.6977,0.1483,0.3000,0,1,2.5870,-0.1033,0.2081,-0.1990,-0.1098,-0.4470,2.5870,-0.1033,0.2081,2.6011,-0.1356,0.3000,1,1
2.7931,0.0010,0.6588,-0.1095,-0.0387,2.9962,0.1085,0.2756,0.1988,0.1153,-0.3832,2.9962,0.1085,0.2756,2.9992,0.1355,0.3600,1,1,2.7963,-0.1269,0.3136,0.0081,-0.1277,-0.3452,2.7963,-0.1269,0.3136,3.0392,-0.1883,0.3600,0,1,2.4043,0.1345,0.2565,-0.3937,0.1184,-0.4023,2.4043,0.1345,0.2565,2.6637,0.1104,0.3000,0,1,2.5875,-0.1036,0.2081,-0.2014,-0.1125,-0.4507,2.5875,-0.1036,0.2081,2.6017,-0.1334,0.3000,1,1
2.7969,0.0010,0.6624,-0.1216,-0.0585,2.9954,0.1086,0.2751,0.1919,0.1190,-0.3873,2.9954,0.1086,0.2751,3.0036,0.1316,0.3600,1,1,2.9033,-0.1118,0.3116,0.1128,-0.1064,-0.3508,2.9033,-0.1118,0.3116,3.0401,-0.1919,0.3600,0,1,2.4957,0.0967,0.2509,-0.3063,0.0779,-0.4115,2.4957,0.0967,0.2509,2.6705,0.1142,0.3000,0,1,2.5866,-0.1036,0.2084,-0.2038,-0.1167,-0.4540,2.5866,-0.1036,0.2084,2.6009,-0.1293,0.3000,1,1
2.8006,0.0007,0.6658,-0.1378,-0.0637,2.9952,0.1086,0.2748,0.1873,0.1201,-0.3910,2.9952,0.1086,0.2748,3.0061,0.1302,0.3600,1,1,2.9418,-0.1293,0.2992,0.1492,-0.1207,-0.3666,2.9418,-0.1293,0.2992,3.0430,-0.1932,0.3600,0,1,2.5801,0.1099,0.2413,-0.2270,0.0949,-0.4245,2.5801,0.1099,0.2413,2.6751,0.1149,0.3000,0,1,2.5864,-0.1037,0.2086,-0.2071,-0.1178,-0.4572,2.5864,-0.1037,0.2086,2.6020,-0.1286,0.3000,1,1
2.8043,0.0003,0.6682,-0.1597,-0.0690,2.9947,0.1084,0.2745,0.1825,0.1210,-0.3937,2.9947,0.1084,0.2745,3.0084,0.1287,0.3600,1,1,2.9736,-0.1433,0.2885,0.1788,-0.1316,-0.3797,2.9736,-0.1433,0.2885,3.0459,-0.1946,0.3600,0,1,2.6164,0.1313,0.2311,-0.1965,0.1177,-0.4371,2.6164,0.1313,0.2311,2.6796,0.1154,0.3000,0,1,2.5858,-0.1039,0.2089,-0.2108,-0.1190,-0.4593,2.5858,-0.1039,0.2089,2.6030,-0.1280,0.3000,1,1
2.8076,-0.0001,0.6695,-0.1706,-0.0756,2.9941,0.1080,0.2741,0.1778,0.1219,-0.3954,2.9941,0.1080,0.2741,3.0106,0.1270,0.3600,1,1,2.9998,-0.1517,0.2808,0.2031,-0.1367,-0.3887,2.9998,-0.1517,0.2808,3.0481,-0.1962,0.3600,0,1,2.6360,0.1433,0.2237,-0.1819,0.1300,-0.4458,2.6360,0.1433,0.2237,2.6839,0.1162,0.3000,0,1,2.5851,-0.1042,0.2095,-0.2140,-0.1206,-0.4600,2.5851,-0.1042,0.2095,2.6034,-0.1270,0.3000,1,1
2.8114,-0.0005,0.6696,-0.1690,-0.0828,3.0026,0.1155,0.2755,0.1810,0.1314,-0.3941,3.0026,0.1155,0.2755,3.0743,0.0852,0.3600,0,1,3.0131,-0.1577,0.2781,0.2140,-0.1400,-0.3915,3.0131,-0.1577,0.2781,3.0248,-0.1578,0.3600,1,1,2.6468,0.1443,0.2209,-0.1760,0.1307,-0.4487,2.6468,0.1443,0.2209,2.6628,0.1572,0.3000,1,1,2.5588,-0.1100,0.2126,-0.2427,-0.1300,-0.4570,2.5588,-0.1100,0.2126,2.7053,-0.1258,0.3000,0,1
2.8165,-0.0014,0.6704,-0.1758,-0.0729,3.0391,0.0549,0.2891,0.2179,0.0724,-0.3813,3.0391,0.0549,0.2891,3.0781,0.0863,0.3600,0,1,3.0136,-0.1569,0.2784,0.2079,-0.1407,-0.3920,3.0136,-0.1569,0.2784,3.0295,-0.1569,0.3600,1,1,2.6474,0.1452,0.2207,-0.1793,0.1339,-0.4497,2.6474,0.1452,0.2207,2.6644,0.1545,0.3000,1,1,2.4841,-0.0687,0.2269,-0.3266,-0.0913,-0.4435,2.4841,-0.0687,0.2269,2.7117,-0.1288,0.3000,0,1
2.8202,-0.0019,0.6702,-0.1596,-0.0752,3.0200,0.0142,0.3007,0.1980,0.0311,-0.3695,3.0200,0.0142,0.3007,3.1221,0.1252,0.4200,0,1,3.0136,-0.1564,0.2783,0.2045,-0.1395,-0.3919,3.0136,-0.1564,0.2783,3.0307,-0.1579,0.3600,1,1,2.6474,0.1459,0.2209,-0.1834,0.1344,-0.4493,2.6474,0.1459,0.2209,2.6664,0.1543,0.3000,1,1,2.4499,-0.0713,0.2420,-0.3640,-0.0970,-0.4282,2.4499,-0.0713,0.2420,2.7150,-0.1289,0.3000,0,1
2.8244,-0.0030,0.6681,-0.1408,-0.0856,2.9718,0.0359,0.3137,0.1435,0.0514,-0.3544,2.9718,0.0359,0.3137,3.1277,0.1221,0.4200,0,1,3.0138,-0.1571,0.2787,0.2019,-0.1373,-0.3894,3.0138,-0.1571,0.2787,3.0314,-0.1609,0.3600,1,1,2.6479,0.1453,0.2205,-0.1885,0.1327,-0.4476,2.6479,0.1453,0.2205,2.6703,0.1551,0.3000,1,1,2.4352,-0.0932,0.2562,-0.3801,-0.1231,-0.4119,2.4352,-0.0932,0.2562,2.7180,-0.1278,0.3000,0,1
2.8291,-0.0043,0.6655,-0.1285,-0.0897,2.9445,0.0688,0.3272,0.1084,0.0831,-0.3383,2.9445,0.0688,0.3272,3.1328,0.1200,0.4200,0,1,3.0138,-0.1579,0.2790,0.1977,-0.1364,-0.3865,3.0138,-0.1579,0.2790,3.0334,-0.1629,0.3600,1,1,2.6480,0.1445,0.2202,-0.1937,0.1320,-0.4453,2.6480,0.1445,0.2202,2.6736,0.1546,0.3000,1,1,2.4134,-0.0973,0.2696,-0.4057,-0.1299,-0.3959,2.4134,-0.0973,0.2696,2.7221,-0.1283,0.3000,0,1
2.8333,-0.0054,0.6636,-0.1203,-0.0896,2.9648,0.0827,0.3404,0.1231,0.0995,-0.3232,2.9648,0.0827,0.3404,3.1370,0.1189,0.4200,0,1,3.0139,-0.1578,0.2790,0.1935,-0.1356,-0.3846,3.0139,-0.1578,0.2790,3.0356,-0.1639,0.3600,1,1,2.6481,0.1447,0.2202,-0.1979,0.1329,-0.4434,2.6481,0.1447,0.2202,2.6758,0.1535,0.3000,1,1,2.4052,-0.1020,0.2823,-0.4177,-0.1345,-0.3813,2.4052,-0.1020,0.2823,2.6864,-0.1693,0.3000,0,1
2.8375,-0.0063,0.6625,-0.1241,-0.0831,3.0117,0.0695,0.3518,0.1673,0.0900,-0.3107,3.0117,0.0695,0.3518,3.1404,0.1193,0.4200,0,1,3.0137,-0.1575,0.2789,0.1881,-0.1361,-0.3836,3.0137,-0.1575,0.2789,3.0388,-0.1637,0.3600,1,1,2.6479,0.1450,0.2204,-0.2015,0.1350,-0.4421,2.6479,0.1450,0.2204,2.6770,0.1514,0.3000,1,1,2.4496,-0.0907,0.2930,-0.3796,-0.1163,-0.3695,2.4496,-0.0907,0.2930,2.6914,-0.1716,0.3000,0,1
2.8418,-0.0068,0.6621,-0.1299,-0.0787,3.0255,0.0491,0.3602,0.1787,0.0702,-0.3019,3.0255,0.0491,0.3602,3.1442,0.1197,0.4200,0,1,3.0134,-0.1574,0.2787,0.1829,-0.1366,-0.3834,3.0134,-0.1574,0.2787,3.0419,-0.1634,0.3600,1,1,2.6475,0.1453,0.2205,-0.2057,0.1364,-0.4416,2.6475,0.1453,0.2205,2.6786,0.1501,0.3000,1,1,2.5513,-0.0821,0.3062,-0.2837,-0.0979,-0.3559,2.5513,-0.0821,0.3062,2.6963,-0.1731,0.3000,0,1
2.8467,-0.0073,0.6618,-0.1372,-0.0772,3.0308,0.0491,0.3641,0.1792,0.0704,-0.2977,3.0308,0.0491,0.3641,3.1489,0.1195,0.4200,0,1,3.0132,-0.1574,0.2786,0.1776,-0.1368,-0.3832,3.0132,-0.1574,0.2786,3.0450,-0.1637,0.3600,1,1,2.6474,0.1452,0.2206,-0.2105,0.1367,-0.4412,2.6474,0.1452,0.2206,2.6812,0.1493,0.3000,1,1,2.6136,-0.0862,0.3112,-0.2263,-0.0966,-0.3506,2.6136,-0.0862,0.3112,2.7013,-0.1738,0.3000,0,1
2.8518,-0.0078,0.6614,-0.1446,-0.0775,3.0367,0.0705,0.3628,0.1783,0.0924,-0.2986,3.0367,0.0705,0.3628,3.1541,0.1190,0.4200,0,1,3.0131,-0.1575,0.2786,0.1724,-0.1368,-0.3828,3.0131,-0.1575,0.2786,3.0481,-0.1642,0.3600,1,1,2.6473,0.1451,0.2206,-0.2157,0.1366,-0.4408,2.6473,0.1451,0.2206,2.6844,0.1489,0.3000,1,1,2.6443,-0.0923,0.3103,-0.2003,-0.1003,-0.3511,2.6443,-0.0923,0.3103,2.7064,-0.1742,0.3000,0,1
2.8571,-0.0081,0.6613,-0.1495,-0.0781,3.0395,0.1083,0.3568,0.1728,0.1303,-0.3045,3.0395,0.1083,0.3568,3.1594,0.1185,0.4200,0,1,3.0130,-0.1576,0.2786,0.1671,-0.1369,-0.3827,3.0130,-0.1576,0.2786,3.0513,-0.1646,0.3600,1,1,2.6472,0.1450,0.2206,-0.2212,0.1363,-0.4407,2.6472,0.1450,0.2206,2.6878,0.1487,0.3000,1,1,2.6605,-0.0957,0.3047,-0.1892,-0.1027,-0.3566,2.6605,-0.0957,0.3047,2.7117,-0.1745,0.3000,0,1
2.8626,-0.0084,0.6613,-0.1508,-0.0784,3.0398,0.1646,0.3484,0.1631,0.1863,-0.3129,3.0398,0.1646,0.3484,3.1649,0.1181,0.4200,0,1,3.0128,-0.1576,0.2785,0.1614,-0.1370,-0.3828,3.0128,-0.1576,0.2785,3.0146,-0.2050,0.3600,1,1,2.6469,0.1450,0.2207,-0.2271,0.1360,-0.4406,2.6469,0.1450,0.2207,2.6913,0.1485,0.3000,1,1,2.6622,-0.0978,0.2959,-0.1928,-0.1048,-0.3654,2.6622,-0.0978,0.2959,2.7170,-0.1747,0.3000,0,1
2.8676,-0.0086,0.6612,-0.1484,-0.0787,3.0282,0.2368,0.3355,0.1408,0.2573,-0.3257,3.0282,0.2368,0.3355,3.1699,0.1179,0.4200,0,1,3.0130,-0.1591,0.2792,0.1568,-0.1386,-0.3820,3.0130,-0.1591,0.2792,3.0176,-0.2052,0.3600,1,1,2.6474,0.1436,0.2200,-0.2315,0.1344,-0.4412,2.6474,0.1436,0.2200,2.6943,0.1483,0.3000,1,1,2.6514,-0.1198,0.2845,-0.2068,-0.1279,-0.3767,2.6514,-0.1198,0.2845,2.7220,-0.1748,0.3000,0,1
2.8718,-0.0086,0.6617,-0.1433,-0.0782,3.0234,0.2630,0.3299,0.1299,0.2826,-0.3318,3.0234,0.2630,0.3299,3.1741,0.1180,0.4200,0,1,3.0131,-0.1584,0.2789,0.1526,-0.1383,-0.3828,3.0131,-0.1584,0.2789,3.0199,-0.2052,0.3600,1,1,2.6473,0.1442,0.2201,-0.2358,0.1348,-0.4416,2.6473,0.1442,0.2201,2.6965,0.1482,0.3000,1,1,2.6529,-0.1587,0.2715,-0.2065,-0.1667,-0.3902,2.6529,-0.1587,0.2715,2.8063,-0.1749,0.3600,0,1
2.8769,-0.0084,0.6624,-0.1434,-0.0796,3.0301,0.2319,0.3182,0.1336,0.2517,-0.3442,3.0301,0.2319,0.3182,3.1794,0.1179,0.4200,0,1,3.0134,-0.1576,0.2787,0.1479,-0.1379,-0.3837,3.0134,-0.1576,0.2787,3.0228,-0.2052,0.3600,1,1,2.6476,0.1451,0.2203,-0.2408,0.1348,-0.4421,2.6476,0.1451,0.2203,2.6999,0.1487,0.3000,1,1,2.6630,-0.1861,0.2578,-0.1991,-0.1941,-0.4046,2.6630,-0.1861,0.2578,2.8113,-0.1744,0.3600,0,1
2.8825,-0.0082,0.6632,-0.1462,-0.0742,3.0568,0.1765,0.3087,0.1601,0.1971,-0.3545,3.0568,0.1765,0.3087,3.1843,0.1192,0.4200,0,1,3.0134,-0.1571,0.2785,0.1416,-0.1388,-0.3847,3.0134,-0.1571,0.2785,3.0673,-0.1640,0.3600,1,1,2.6475,0.1456,0.2205,-0.2458,0.1360,-0.4427,2.6475,0.1456,0.2205,2.7026,0.1479,0.3000,1,1,2.6906,-0.1823,0.2461,-0.1785,-0.1878,-0.4171,2.6906,-0.1823,0.2461,2.7775,-0.1353,0.3600,0,1
2.8885,-0.0079,0.6642,-0.1513,-0.0614,3.0994,0.1351,0.2996,0.2017,0.1557,-0.3646,3.0994,0.1351,0.2996,3.1886,0.1220,0.4200,0,1,3.0131,-0.1569,0.2784,0.1335,-0.1411,-0.3858,3.0131,-0.1569,0.2784,3.0732,-0.1614,0.3600,1,1,2.6472,0.1457,0.2208,-0.2503,0.1385,-0.4434,2.6472,0.1457,0.2208,2.7046,0.1458,0.3000,1,1,2.7076,-0.1563,0.2381,-0.1715,-0.1592,-0.4261,2.7076,-0.1563,0.2381,2.7851,-0.1377,0.3600,0,1
2.8937,-0.0077,0.6651,-0.1350,-0.0500,3.1504,0.1192,0.2936,0.2500,0.1396,-0.3715,3.1504,0.1192,0.2936,3.1923,0.1245,0.4200,0,1,3.0125,-0.1570,0.2782,0.1261,-0.1432,-0.3869,3.0125,-0.1570,0.2782,3.0781,-0.1591,0.3600,1,1,2.6465,0.1455,0.2215,-0.2545,0.1407,-0.4436,2.6465,0.1455,0.2215,2.7060,0.1439,0.3000,1,1,2.7482,-0.1418,0.2326,-0.1386,-0.1412,-0.4325,2.7482,-0.1418,0.2326,2.7918,-0.1398,0.3600,0,1
2.9011,-0.0075,0.6650,-0.1375,-0.0383,3.1502,0.1185,0.2933,0.2441,0.1354,-0.3717,3.1502,0.1185,0.2933,3.1312,0.1271,0.4200,1,1,3.0051,-0.1638,0.2827,0.1099,-0.1522,-0.3823,3.0051,-0.1638,0.2827,3.1874,-0.1567,0.4200,0,1,2.6520,0.1590,0.2255,-0.2553,0.1568,-0.4395,2.6520,0.1590,0.2255,2.8117,0.1418,0.3600,0,1,2.7480,-0.1426,0.2330,-0.1478,-0.1409,-0.4320,2.7480,-0.1426,0.2330,2.6938,-0.1820,0.3000,1,1
2.9087,-0.0072,0.6655,-0.1441,-0.0321,3.1504,0.1201,0.2938,0.2375,0.1350,-0.3717,3.1504,0.1201,0.2938,3.1360,0.1285,0.4200,1,1,3.0035,-0.1427,0.2949,0.0991,-0.1324,-0.3706,3.0035,-0.1427,0.2949,3.1959,-0.1553,0.4200,0,1,2.6800,0.1345,0.2386,-0.2331,0.1343,-0.4269,2.6800,0.1345,0.2386,2.8184,0.1409,0.3600,0,1,2.7481,-0.1407,0.2322,-0.1562,-0.1386,-0.4333,2.7481,-0.1407,0.2322,2.7003,-0.1829,0.3000,1,1
2.9152,-0.0069,0.6678,-0.1448,-0.0404,3.1497,0.1200,0.2933,0.2292,0.1363,-0.3745,3.1497,0.1200,0.2933,3.1415,0.1275,0.4200,1,1,3.0386,-0.0636,0.3160,0.1256,-0.0517,-0.3518,3.0386,-0.0636,0.3160,3.2014,-0.1563,0.4200,0,1,2.6784,0.0482,0.2567,-0.2388,0.0455,-0.4111,2.6784,0.0482,0.2567,2.8260,0.1427,0.3600,0,1,2.7473,-0.1406,0.2324,-0.1624,-0.1404,-0.4354,2.7473,-0.1406,0.2324,2.7839,-0.1811,0.3600,1,1
2.9217,-0.0064,0.6683,-0.1456,-0.0320,3.1517,0.1206,0.2945,0.2258,0.1343,-0.3738,3.1517,0.1206,0.2945,3.1449,0.1294,0.4200,1,1,3.0214,-0.0669,0.3299,0.1016,-0.0573,-0.3384,3.0214,-0.0669,0.3299,3.2088,-0.1545,0.4200,0,1,2.6553,0.0429,0.2687,-0.2678,0.0408,-0.3996,2.6553,0.0429,0.2687,2.8313,0.1418,0.3600,0,1,2.7497,-0.1401,0.2312,-0.1676,-0.1391,-0.4371,2.7497,-0.1401,0.2312,2.7892,-0.1821,0.3600,1,1
2.9279,-0.0060,0.6684,-0.1490,-0.0193,3.1518,0.1206,0.2946,0.2214,0.1309,-0.3738,3.1518,0.1206,0.2946,3.1474,0.1323,0.4200,1,1,3.0148,-0.0862,0.3431,0.0884,-0.0785,-0.3253,3.0148,-0.0862,0.3431,3.2169,-0.1516,0.4200,0,1,2.6519,0.0581,0.2819,-0.2772,0.0588,-0.3865,2.6519,0.0581,0.2819,2.8356,0.1398,0.3600,0,1,2.7497,-0.1400,0.2311,-0.1756,-0.1374,-0.4373,2.7497,-0.1400,0.2311,2.7952,-0.1842,0.3600,1,1
2.9336,-0.0055,0.6689,-0.1536,-0.0079,3.1517,0.1205,0.2945,0.2171,0.1277,-0.3744,3.1517,0.1205,0.2945,3.1495,0.1350,0.4200,1,1,3.0310,-0.0951,0.3552,0.0981,-0.0888,-0.3137,3.0310,-0.0951,0.3552,3.2243,-0.1490,0.4200,0,1,2.6702,0.0719,0.2940,-0.2640,0.0753,-0.3749,2.6702,0.0719,0.2940,2.8397,0.1380,0.3600,0,1,2.7496,-0.1401,0.2313,-0.1829,-0.1360,-0.4376,2.7496,-0.1401,0.2313,2.8005,-0.1860,0.3600,1,1
2.9392,-0.0050,0.6699,-0.1583,0.0020,3.1517,0.1205,0.2944,0.2128,0.1251,-0.3755,3.1517,0.1205,0.2944,3.1917,0.0974,0.4200,1,1,3.0476,-0.1006,0.3650,0.1082,-0.0958,-0.3049,3.0476,-0.1006,0.3650,3.2313,-0.1466,0.4200,0,1,2.6875,0.0833,0.3039,-0.2515,0.0888,-0.3660,2.6875,0.0833,0.3039,2.8439,0.1366,0.3600,0,1,2.7495,-0.1402,0.2313,-0.1900,-0.1348,-0.4386,2.7495,-0.1402,0.2313,2.8055,-0.1874,0.3600,1,1
2.9447,-0.0044,0.6712,-0.1617,0.0107,3.1516,0.1205,0.2944,0.2082,0.1227,-0.3768,3.1516,0.1205,0.2944,3.1540,0.1396,0.4200,1,1,3.0489,-0.1073,0.3713,0.1031,-0.1040,-0.2999,3.0489,-0.1073,0.3713,3.2380,-0.1444,0.4200,0,1,2.7000,0.0949,0.3100,-0.2436,0.1019,-0.3612,2.7000,0.0949,0.3100,2.8482,0.1355,0.3600,0,1,2.7495,-0.1401,0.2313,-0.1966,-0.1336,-0.4399,2.7495,-0.1401,0.2313,2.8102,-0.1885,0.3600,1,1
2.9500,-0.0038,0.6729,-0.1608,0.0174,3.1516,0.1205,0.2945,0.2037,0.1208,-0.3784,3.1516,0.1205,0.2945,3.1563,0.1415,0.4200,1,1,3.0420,-0.1172,0.3727,0.0900,-0.1150,-0.3002,3.0420,-0.1172,0.3727,3.2442,-0.1424,0.4200,0,1,2.7049,0.1087,0.3114,-0.2431,0.1167,-0.3615,2.7049,0.1087,0.3114,2.8525,0.1348,0.3600,0,1,2.7495,-0.1401,0.2312,-0.2028,-0.1328,-0.4417,2.7495,-0.1401,0.2312,2.7345,-0.1892,0.3000,1,1
2.9550,-0.0031,0.6749,-0.1563,0.0221,3.1517,0.1206,0.2945,0.1994,0.1193,-0.3804,3.1517,0.1206,0.2945,3.1586,0.1431,0.4200,1,1,3.0304,-0.1331,0.3690,0.0725,-0.1316,-0.3059,3.0304,-0.1331,0.3690,3.2499,-0.1408,0.4200,0,1,2.6916,0.1247,0.3080,-0.2605,0.1336,-0.3669,2.6916,0.1247,0.3080,2.8569,0.1346,0.3600,0,1,2.7496,-0.1400,0.2312,-0.2084,-0.1323,-0.4437,2.7496,-0.1400,0.2312,2.7782,-0.1493,0.3600,1,1
2.9595,-0.0024,0.6771,-0.1468,0.0276,3.1520,0.1207,0.2946,0.1958,0.1177,-0.3825,3.1520,0.1207,0.2946,3.1603,0.1448,0.4200,1,1,2.9992,-0.1598,0.3610,0.0353,-0.1584,-0.3161,2.9992,-0.1598,0.3610,3.2552,-0.1390,0.4200,0,1,2.6681,0.1497,0.3001,-0.2871,0.1601,-0.3770,2.6681,0.1497,0.3001,2.8607,0.1342,0.3600,0,1,2.7500,-0.1399,0.2309,-0.2132,-0.1317,-0.4462,2.7500,-0.1399,0.2309,2.7815,-0.1497,0.3600,1,1
2.9636,-0.0018,0.6794,-0.1399,0.0339,3.1522,0.1204,0.2946,0.1926,0.1157,-0.3848,3.1522,0.1204,0.2946,3.1615,0.1466,0.4200,1,1,2.9690,-0.1993,0.3519,-0.0013,-0.1976,-0.3275,2.9690,-0.1993,0.3519,3.2601,-0.1372,0.4200,0,1,2.6331,0.1946,0.2888,-0.3237,0.2075,-0.3906,2.6331,0.1946,0.2888,2.8639,0.1335,0.3600,0,1,2.7501,-0.1402,0.2309,-0.2181,-0.1311,-0.4485,2.7501,-0.1402,0.2309,2.7845,-0.1504,0.3600,1,1
2.9665,-0.0017,0.6822,-0.1304,0.0366,3.1516,0.1208,0.2944,0.1895,0.1156,-0.3878,3.1516,0.1208,0.2944,3.1620,0.1472,0.4200,1,1,2.9853,-0.2110,0.3449,0.0111,-0.2098,-0.3373,2.9853,-0.2110,0.3449,3.2634,-0.1366,0.4200,0,1,2.6328,0.2136,0.2832,-0.3256,0.2274,-0.3990,2.6328,0.2136,0.2832,2.8665,0.1331,0.3600,0,1,2.7495,-0.1397,0.2311,-0.2219,-0.1300,-0.4511,2.7495,-0.1397,0.2311,2.7859,-0.1507,0.3600,1,1
2.9709,-0.0017,0.6848,-0.1336,0.0310,3.1519,0.1204,0.2944,0.1847,0.1164,-0.3904,3.1519,0.1204,0.2944,3.1652,0.1462,0.4200,1,1,3.0017,-0.1682,0.3328,0.0256,-0.1674,-0.3520,3.0017,-0.1682,0.3328,3.2670,-0.1377,0.4200,0,1,2.6508,0.1890,0.2709,-0.3140,0.2005,-0.4139,2.6508,0.1890,0.2709,2.8716,0.1342,0.3600,0,1,2.7498,-0.1400,0.2313,-0.2253,-0.1314,-0.4535,2.7498,-0.1400,0.2313,2.7874,-0.1497,0.3600,1,1
2.9755,-0.0019,0.6870,-0.1506,0.0128,3.1517,0.1208,0.2944,0.1778,0.1204,-0.3926,3.1517,0.1208,0.2944,3.1705,0.1425,0.4200,1,1,3.0558,-0.1033,0.3262,0.0790,-0.1024,-0.3608,3.0558,-0.1033,0.3262,3.2691,-0.1415,0.4200,0,1,2.6862,0.1239,0.2626,-0.2877,0.1295,-0.4244,2.6862,0.1239,0.2626,2.8787,0.1375,0.3600,0,1,2.7496,-0.1398,0.2313,-0.2276,-0.1350,-0.4557,2.7496,-0.1398,0.2313,2.8274,-0.1864,0.3600,1,1
2.9794,-0.0024,0.6885,-0.1643,0.0036,3.1513,0.1207,0.2942,0.1723,0.1225,-0.3943,3.1513,0.1207,0.2942,3.1737,0.1403,0.4200,1,1,3.1003,-0.0779,0.3155,0.1206,-0.0759,-0.3730,3.1003,-0.0779,0.3155,3.2718,-0.1437,0.4200,0,1,2.7355,0.0968,0.2529,-0.2435,0.1001,-0.4356,2.7355,0.0968,0.2529,2.8839,0.1389,0.3600,0,1,2.7492,-0.1399,0.2315,-0.2307,-0.1367,-0.4570,2.7492,-0.1399,0.2315,2.8280,-0.1851,0.3600,1,1
2.9831,-0.0027,0.6892,-0.1675,-0.0004,3.1509,0.1197,0.2938,0.1678,0.1225,-0.3954,3.1509,0.1197,0.2938,3.1760,0.1392,0.4200,1,1,3.1442,-0.0704,0.3083,0.1611,-0.0676,-0.3809,3.1442,-0.0704,0.3083,3.2749,-0.1448,0.4200,0,1,2.7836,0.0935,0.2454,-0.1995,0.0961,-0.4438,2.7836,0.0935,0.2454,2.8882,0.1393,0.3600,0,1,2.7486,-0.1408,0.2322,-0.2344,-0.1382,-0.4570,2.7486,-0.1408,0.2322,2.8291,-0.1847,0.3600,1,1
2.9872,-0.0030,0.6889,-0.1647,-0.0049,3.1369,0.1242,0.2952,0.1491,0.1279,-0.3937,3.1369,0.1242,0.2952,3.2797,0.1380,0.4200,0,1,3.1571,-0.0687,0.3050,0.1702,-0.0649,-0.3839,3.1571,-0.0687,0.3050,3.2124,-0.1460,0.4200,1,1,2.8096,0.0890,0.2432,-0.1780,0.0911,-0.4457,2.8096,0.0890,0.2432,2.8269,0.1399,0.3600,1,1,2.7401,-0.1474,0.2347,-0.2464,-0.1456,-0.4542,2.7401,-0.1474,0.2347,2.8916,-0.1441,0.3600,0,1
2.9923,-0.0035,0.6888,-0.1694,-0.0030,3.0815,0.1138,0.3041,0.0888,0.1176,-0.3847,3.0815,0.1138,0.3041,3.2845,0.1379,0.4200,0,1,3.1572,-0.0697,0.3051,0.1651,-0.0657,-0.3837,3.1572,-0.0697,0.3051,3.2156,-0.1461,0.4200,1,1,2.8098,0.0880,0.2429,-0.1828,0.0910,-0.4459,2.8098,0.0880,0.2429,2.8297,0.1391,0.3600,1,1,2.7532,-0.1153,0.2483,-0.2388,-0.1125,-0.4405,2.7532,-0.1153,0.2483,2.8968,-0.1449,0.3600,0,1
2.9961,-0.0037,0.6894,-0.1632,0.0035,3.0867,0.0623,0.3187,0.0908,0.0657,-0.3707,3.0867,0.0623,0.3187,3.2874,0.1389,0.4200,0,1,3.1578,-0.0688,0.3051,0.1615,-0.0657,-0.3843,3.1578,-0.0688,0.3051,3.2184,-0.1451,0.4200,1,1,2.8104,0.0889,0.2428,-0.1854,0.0932,-0.4466,2.8104,0.0889,0.2428,2.8306,0.1376,0.3600,1,1,2.7091,-0.0779,0.2615,-0.2873,-0.0732,-0.4279,2.7091,-0.0779,0.2615,2.9016,-0.1464,0.3600,0,1
2.9991,-0.0041,0.6894,-0.1466,0.0001,3.0426,0.0659,0.3322,0.0435,0.0700,-0.3572,3.0426,0.0659,0.3322,3.2909,0.1379,0.4200,0,1,3.1584,-0.0689,0.3053,0.1593,-0.0648,-0.3841,3.1584,-0.0689,0.3053,3.2189,-0.1461,0.4200,1,1,2.8110,0.0889,0.2424,-0.1881,0.0930,-0.4470,2.8110,0.0889,0.2424,2.8321,0.1379,0.3600,1,1,2.6462,-0.0929,0.2739,-0.3529,-0.0888,-0.4155,2.6462,-0.0929,0.2739,2.9041,-0.1461,0.3600,0,1
3.0019,-0.0045,0.6893,-0.1302,-0.0070,2.9947,0.0885,0.3465,-0.0079,0.0929,-0.3428,2.9947,0.0885,0.3465,3.2946,0.1362,0.4200,0,1,3.1585,-0.0690,0.3053,0.1570,-0.0634,-0.3840,3.1585,-0.0690,0.3053,3.2187,-0.1478,0.4200,1,1,2.8112,0.0888,0.2423,-0.1913,0.0920,-0.4470,2.8112,0.0888,0.2423,2.8339,0.1389,0.3600,1,1,2.6082,-0.1202,0.2891,-0.3929,-0.1185,-0.4002,2.6082,-0.1202,0.2891,2.9059,-0.1451,0.3600,0,1
3.0047,-0.0048,0.6894,-0.1238,-0.0088,2.9906,0.0890,0.3597,-0.0149,0.0937,-0.3297,2.9906,0.0890,0.3597,3.2978,0.1355,0.4200,0,1,3.1585,-0.0691,0.3053,0.1544,-0.0629,-0.3841,3.1585,-0.0691,0.3053,3.2193,-0.1485,0.4200,1,1,2.8113,0.0887,0.2422,-0.1942,0.0918,-0.4472,2.8113,0.0887,0.2422,2.8350,0.1389,0.3600,1,1,2.6105,-0.1214,0.3020,-0.3932,-0.1201,-0.3874,2.6105,-0.1214,0.3020,2.9085,-0.1451,0.3600,0,1
3.0075,-0.0050,0.6894,-0.1283,-0.0080,3.0344,0.0708,0.3713,0.0263,0.0760,-0.3181,3.0344,0.0708,0.3713,3.3004,0.1355,0.4200,0,1,3.1582,-0.0689,0.3052,0.1512,-0.0627,-0.3842,3.1582,-0.0689,0.3052,3.2202,-0.1485,0.4200,1,1,2.8109,0.0889,0.2424,-0.1973,0.0923,-0.4470,2.8109,0.0889,0.2424,2.8357,0.1386,0.3600,1,1,2.6560,-0.1077,0.3138,-0.3507,-0.1055,-0.3756,2.6560,-0.1077,0.3138,2.9114,-0.1454,0.3600,0,1
3.0103,-0.0050,0.6893,-0.1359,-0.0092,3.0601,0.0628,0.3799,0.0492,0.0683,-0.3094,3.0601,0.0628,0.3799,3.3034,0.1352,0.4200,0,1,3.1580,-0.0689,0.3051,0.1483,-0.0625,-0.3842,3.1580,-0.0689,0.3051,3.2208,-0.1488,0.4200,1,1,2.8107,0.0889,0.2425,-0.2005,0.0921,-0.4468,2.8107,0.0889,0.2425,2.8367,0.1388,0.3600,1,1,2.6934,-0.1016,0.3227,-0.3160,-0.0995,-0.3666,2.6934,-0.1016,0.3227,2.9140,-0.1452,0.3600,0,1
3.0133,-0.0051,0.6890,-0.1424,-0.0122,3.0661,0.0670,0.3838,0.0519,0.0727,-0.3052,3.0661,0.0670,0.3838,3.3068,0.1345,0.4200,0,1,3.1580,-0.0690,0.3051,0.1455,-0.0621,-0.3839,3.1580,-0.0690,0.3051,3.2213,-0.1495,0.4200,1,1,2.8107,0.0888,0.2425,-0.2037,0.0914,-0.4465,2.8107,0.0888,0.2425,2.8380,0.1393,0.3600,1,1,2.7063,-0.1039,0.3268,-0.3058,-0.1025,-0.3622,2.7063,-0.1039,0.3268,2.9166,-0.1447,0.3600,0,1
3.0161,-0.0053,0.6890,-0.1436,-0.0157,3.0641,0.0768,0.3826,0.0467,0.0828,-0.3064,3.0641,0.0768,0.3826,3.3101,0.1337,0.4200,0,1,3.1580,-0.0690,0.3051,0.1429,-0.0615,-0.3839,3.1580,-0.0690,0.3051,3.2217,-0.1503,0.4200,1,1,2.8106,0.0888,0.2425,-0.2070,0.0909,-0.4465,2.8106,0.0888,0.2425,2.8394,0.1398,0.3600,1,1,2.7077,-0.1104,0.3256,-0.3067,-0.1099,-0.3634,2.7077,-0.1104,0.3256,2.9189,-0.1442,0.3600,0,1
3.0188,-0.0055,0.6893,-0.1379,-0.0195,3.0481,0.0929,0.3767,0.0274,0.0990,-0.3126,3.0481,0.0929,0.3767,3.3134,0.1327,0.4200,0,1,3.1580,-0.0690,0.3051,0.1404,-0.0608,-0.3842,3.1580,-0.0690,0.3051,3.2218,-0.1512,0.4200,1,1,2.8107,0.0888,0.2425,-0.2099,0.0902,-0.4468,2.8107,0.0888,0.2425,2.8406,0.1402,0.3600,1,1,2.6982,-0.1201,0.3198,-0.3183,-0.1208,-0.3695,2.6982,-0.1201,0.3198,2.9211,-0.1437,0.3600,0,1
3.0215,-0.0059,0.6897,-0.1292,-0.0245,3.0093,0.1228,0.3674,-0.0153,0.1284,-0.3223,3.0093,0.1228,0.3674,3.3167,0.1314,0.4200,0,1,3.1583,-0.0693,0.3053,0.1383,-0.0600,-0.3844,3.1583,-0.0693,0.3053,3.2218,-0.1525,0.4200,1,1,2.8111,0.0885,0.2422,-0.2126,0.0892,-0.4475,2.8111,0.0885,0.2422,2.8420,0.1409,0.3600,1,1,2.6729,-0.1402,0.3102,-0.3452,-0.1428,-0.3795,2.6729,-0.1402,0.3102,2.9231,-0.1430,0.3600,0,1
3.0236,-0.0061,0.6903,-0.1209,-0.0309,2.9940,0.1560,0.3595,-0.0346,0.1611,-0.3308,2.9940,0.1560,0.3595,3.3197,0.1299,0.4200,0,1,3.1581,-0.0692,0.3052,0.1364,-0.0589,-0.3851,3.1581,-0.0692,0.3052,3.2209,-0.1540,0.4200,1,1,2.8108,0.0886,0.2423,-0.2156,0.0881,-0.4480,2.8108,0.0886,0.2423,2.8431,0.1418,0.3600,1,1,2.6447,-0.1730,0.2997,-0.3736,-0.1785,-0.3906,2.6447,-0.1730,0.2997,2.9243,-0.1421,0.3600,0,1
3.0254,-0.0062,0.6912,-0.1107,-0.0362,3.0093,0.1534,0.3493,-0.0219,0.1589,-0.3419,3.0093,0.1534,0.3493,3.3222,0.1287,0.4200,0,1,3.1582,-0.0692,0.3051,0.1350,-0.0582,-0.3861,3.1582,-0.0692,0.3051,3.2199,-0.1551,0.4200,1,1,2.8109,0.0886,0.2423,-0.2178,0.0870,-0.4489,2.8109,0.0886,0.2423,2.8437,0.1428,0.3600,1,1,2.6617,-0.1810,0.2908,-0.3571,-0.1878,-0.4004,2.6617,-0.1810,0.2908,2.9254,-0.1411,0.3600,0,1
3.0288,-0.0063,0.6913,-0.1195,-0.0339,3.0354,0.1110,0.3363,0.0026,0.1175,-0.3550,3.0354,0.1110,0.3363,3.3253,0.1292,0.4200,0,1,3.1585,-0.0690,0.3053,0.1318,-0.0583,-0.3860,3.1585,-0.0690,0.3053,3.2217,-0.1547,0.4200,1,1,2.8113,0.0888,0.2423,-0.2206,0.0877,-0.4490,2.8113,0.0888,0.2423,2.8448,0.1423,0.3600,1,1,2.6801,-0.1543,0.2780,-0.3435,-0.1597,-0.4133,2.6801,-0.1543,0.2780,2.9291,-0.1416,0.3600,0,1
3.0321,-0.0062,0.6912,-0.1373,-0.0263,3.1216,0.0648,0.3271,0.0876,0.0733,-0.3641,3.1216,0.0648,0.3271,3.3276,0.1307,0.4200,0,1,3.1580,-0.0691,0.3051,0.1275,-0.0596,-0.3861,3.1580,-0.0691,0.3051,3.2242,-0.1532,0.4200,1,1,2.8107,0.0886,0.2425,-0.2238,0.0889,-0.4487,2.8107,0.0886,0.2425,2.8450,0.1409,0.3600,1,1,2.7245,-0.1117,0.2679,-0.3047,-0.1136,-0.4233,2.7245,-0.1117,0.2679,2.9335,-0.1430,0.3600,0,1
3.0351,-0.0061,0.6911,-0.1500,-0.0235,3.1932,0.0509,0.3185,0.1567,0.0607,-0.3726,3.1932,0.0509,0.3185,3.3302,0.1313,0.4200,0,1,3.1574,-0.0690,0.3050,0.1237,-0.0600,-0.3861,3.1574,-0.0690,0.3050,3.2255,-0.1526,0.4200,1,1,2.8099,0.0887,0.2429,-0.2274,0.0895,-0.4482,2.8099,0.0887,0.2429,2.8455,0.1404,0.3600,1,1,2.7755,-0.0958,0.2595,-0.2574,-0.0958,-0.4316,2.7755,-0.0958,0.2595,2.9368,-0.1435,0.3600,0,1
3.0376,-0.0063,0.6910,-0.1432,-0.0211,3.2522,0.0503,0.3126,0.2134,0.0611,-0.3784,3.2522,0.0503,0.3126,3.3323,0.1316,0.4200,0,1,3.1565,-0.0692,0.3046,0.1202,-0.0604,-0.3864,3.1565,-0.0692,0.3046,3.2264,-0.1523,0.4200,1,1,2.8088,0.0884,0.2433,-0.2307,0.0899,-0.4477,2.8088,0.0884,0.2433,2.8456,0.1397,0.3600,1,1,2.8191,-0.0909,0.2541,-0.2167,-0.0892,-0.4369,2.8191,-0.0909,0.2541,2.9396,-0.1442,0.3600,0,1
3.0420,-0.0065,0.6906,-0.1461,-0.0174,3.2524,0.0502,0.3126,0.2094,0.0604,-0.3780,3.2524,0.0502,0.3126,3.2692,0.1321,0.4200,1,1,3.1372,-0.0852,0.3093,0.0966,-0.0770,-0.3813,3.1372,-0.0852,0.3093,3.3313,-0.1518,0.4200,0,1,2.7818,0.1003,0.2481,-0.2620,0.1023,-0.4425,2.7818,0.1003,0.2481,2.9495,0.1389,0.3600,0,1,2.8193,-0.0910,0.2540,-0.2212,-0.0884,-0.4366,2.8193,-0.0910,0.2540,2.8775,-0.1451,0.3600,1,1
3.0458,-0.0065,0.6905,-0.1380,-0.0090,3.2525,0.0505,0.3127,0.2062,0.0589,-0.3778,3.2525,0.0505,0.3127,3.2699,0.1338,0.4200,1,1,3.0778,-0.1391,0.3210,0.0332,-0.1323,-0.3695,3.0778,-0.1391,0.3210,3.3364,-0.1502,0.4200,0,1,2.7271,0.1339,0.2591,-0.3200,0.1375,-0.4314,2.7271,0.1339,0.2591,2.9521,0.1373,0.3600,0,1,2.8195,-0.0907,0.2537,-0.2255,-0.0862,-0.4368,2.8195,-0.0907,0.2537,2.8806,-0.1467,0.3600,1,1
3.0494,-0.0064,0.6917,-0.1255,-0.0091,3.2529,0.0509,0.3129,0.2030,0.0591,-0.3788,3.2529,0.0509,0.3129,3.2715,0.1339,0.4200,1,1,3.0532,-0.1437,0.3348,0.0050,-0.1373,-0.3569,3.0532,-0.1437,0.3348,3.3399,-0.1501,0.4200,0,1,2.7073,0.1207,0.2715,-0.3432,0.1240,-0.4202,2.7073,0.1207,0.2715,2.9557,0.1374,0.3600,0,1,2.8200,-0.0903,0.2534,-0.2286,-0.0860,-0.4383,2.8200,-0.0903,0.2534,2.8821,-0.1466,0.3600,1,1
3.0528,-0.0064,0.6927,-0.1196,-0.0123,3.2528,0.0505,0.3127,0.1993,0.0594,-0.3800,3.2528,0.0505,0.3127,3.2733,0.1332,0.4200,1,1,3.0693,-0.1054,0.3496,0.0177,-0.0988,-0.3431,3.0693,-0.1054,0.3496,3.3428,-0.1508,0.4200,0,1,2.7142,0.0875,0.2859,-0.3397,0.0897,-0.4068,2.7142,0.0875,0.2859,2.9596,0.1380,0.3600,0,1,2.8198,-0.0906,0.2535,-0.2319,-0.0871,-0.4392,2.8198,-0.0906,0.2535,2.8831,-0.1460,0.3600,1,1
3.0558,-0.0064,0.6930,-0.1142,-0.0114,3.2530,0.0505,0.3128,0.1965,0.0591,-0.3802,3.2530,0.0505,0.3128,3.2742,0.1334,0.4200,1,1,3.0701,-0.0978,0.3635,0.0153,-0.0912,-0.3295,3.0701,-0.0978,0.3635,3.3460,-0.1506,0.4200,0,1,2.6977,0.0859,0.2991,-0.3591,0.0882,-0.3939,2.6977,0.0859,0.2991,2.9624,0.1378,0.3600,0,1,2.8201,-0.0907,0.2534,-0.2347,-0.0870,-0.4396,2.8201,-0.0907,0.2534,2.8842,-0.1462,0.3600,1,1
3.0590,-0.0064,0.6929,-0.1159,-0.0084,3.2531,0.0505,0.3128,0.1936,0.0585,-0.3801,3.2531,0.0505,0.3128,3.2750,0.1340,0.4200,1,1,3.0632,-0.1053,0.3755,0.0050,-0.0989,-0.3174,3.0632,-0.1053,0.3755,3.3496,-0.1500,0.4200,0,1,2.6847,0.0940,0.3113,-0.3751,0.0973,-0.3816,2.6847,0.0940,0.3113,2.9652,0.1372,0.3600,0,1,2.8201,-0.0906,0.2533,-0.2382,-0.0862,-0.4396,2.8201,-0.0906,0.2533,2.8858,-0.1468,0.3600,1,1
3.0622,-0.0064,0.6929,-0.1224,-0.0066,3.2530,0.0506,0.3128,0.1904,0.0583,-0.3801,3.2530,0.0506,0.3128,3.2759,0.1343,0.4200,1,1,3.0598,-0.1070,0.3855,-0.0017,-0.1006,-0.3074,3.0598,-0.1070,0.3855,3.3530,-0.1497,0.4200,0,1,2.7033,0.0929,0.3212,-0.3595,0.0969,-0.3717,2.7033,0.0929,0.3212,2.9681,0.1369,0.3600,0,1,2.8201,-0.0906,0.2534,-0.2415,-0.0858,-0.4395,2.8201,-0.0906,0.2534,2.8872,-0.1471,0.3600,1,1
3.0651,-0.0064,0.6928,-0.1265,-0.0056,3.2529,0.0506,0.3128,0.1875,0.0581,-0.3800,3.2529,0.0506,0.3128,3.2767,0.1345,0.4200,1,1,3.0579,-0.1075,0.3916,-0.0066,-0.1011,-0.3012,3.0579,-0.1075,0.3916,3.3561,-0.1495,0.4200,0,1,2.7255,0.0932,0.3276,-0.3402,0.0977,-0.3652,2.7255,0.0932,0.3276,2.9709,0.1367,0.3600,0,1,2.8200,-0.0905,0.2534,-0.2446,-0.0855,-0.4394,2.8200,-0.0905,0.2534,2.8883,-0.1473,0.3600,1,1
3.0680,-0.0063,0.6929,-0.1273,-0.0050,3.2529,0.0507,0.3128,0.1846,0.0579,-0.3801,3.2529,0.0507,0.3128,3.2775,0.1348,0.4200,1,1,3.0595,-0.1098,0.3930,-0.0080,-0.1035,-0.2999,3.0595,-0.1098,0.3930,3.3591,-0.1492,0.4200,0,1,2.7332,0.0992,0.3291,-0.3353,0.1038,-0.3638,2.7332,0.0992,0.3291,2.9737,0.1367,0.3600,0,1,2.8199,-0.0905,0.2534,-0.2477,-0.0854,-0.4395,2.8199,-0.0905,0.2534,2.8893,-0.1473,0.3600,1,1
3.0710,-0.0060,0.6934,-0.1227,-0.0043,3.2529,0.0506,0.3128,0.1817,0.0574,-0.3806,3.2529,0.0506,0.3128,3.2784,0.1352,0.4200,1,1,3.0596,-0.1153,0.3894,-0.0109,-0.1093,-0.3040,3.0596,-0.1153,0.3894,3.3622,-0.1488,0.4200,0,1,2.7272,0.1114,0.3254,-0.3443,0.1159,-0.3680,2.7272,0.1114,0.3254,2.9766,0.1368,0.3600,0,1,2.8199,-0.0906,0.2534,-0.2507,-0.0857,-0.4400,2.8199,-0.0906,0.2534,2.8904,-0.1472,0.3600,1,1
3.0741,-0.0057,0.6940,-0.1158,-0.0017,3.2532,0.0507,0.3129,0.1790,0.0567,-0.3811,3.2532,0.0507,0.3129,3.2792,0.1360,0.4200,1,1,3.0468,-0.1344,0.3817,-0.0271,-0.1287,-0.3123,3.0468,-0.1344,0.3817,3.3657,-0.1480,0.4200,0,1,2.6933,0.1309,0.3173,-0.3810,0.1360,-0.3767,2.6933,0.1309,0.3173,2.9794,0.1367,0.3600,0,1,2.8203,-0.0905,0.2532,-0.2537,-0.0852,-0.4408,2.8203,-0.0905,0.2532,2.8919,-0.1473,0.3600,1,1
3.0768,-0.0054,0.6950,-0.1078,0.0051,3.2527,0.0507,0.3127,0.1762,0.0552,-0.3823,3.2527,0.0507,0.3127,3.2789,0.1376,0.4200,1,1,3.0318,-0.1715,0.3724,-0.0458,-0.1659,-0.3226,3.0318,-0.1715,0.3724,3.3693,-0.1464,0.4200,0,1,2.6735,0.1606,0.3111,-0.4024,0.1681,-0.3839,2.6735,0.1606,0.3111,2.9811,0.1356,0.3600,0,1,2.8198,-0.0905,0.2535,-0.2574,-0.0838,-0.4415,2.8198,-0.0905,0.2535,2.8935,-0.1484,0.3600,1,1
3.0791,-0.0051,0.6963,-0.0963,0.0078,3.2528,0.0509,0.3127,0.1741,0.0546,-0.3836,3.2528,0.0509,0.3127,3.2788,0.1384,0.4200,1,1,3.0464,-0.1773,0.3641,-0.0340,-0.1719,-0.3322,3.0464,-0.1773,0.3641,3.3720,-0.1456,0.4200,0,1,2.6973,0.1516,0.3025,-0.3806,0.1597,-0.3938,2.6973,0.1516,0.3025,2.9830,0.1354,0.3600,0,1,2.8199,-0.0903,0.2534,-0.2599,-0.0832,-0.4429,2.8199,-0.0903,0.2534,2.8942,-0.1486,0.3600,1,1
3.0835,-0.0049,0.6966,-0.1099,0.0051,3.2532,0.0509,0.3129,0.1700,0.0549,-0.3837,3.2532,0.0509,0.3129,3.2816,0.1380,0.4200,1,1,3.0923,-0.1396,0.3507,0.0081,-0.1347,-0.3459,3.0923,-0.1396,0.3507,3.3760,-0.1460,0.4200,0,1,2.7013,0.1151,0.2891,-0.3816,0.1219,-0.4075,2.7013,0.1151,0.2891,2.9878,0.1361,0.3600,0,1,2.8203,-0.0901,0.2533,-0.2636,-0.0839,-0.4433,2.8203,-0.0901,0.2533,2.8962,-0.1479,0.3600,1,1
3.0868,-0.0048,0.6969,-0.1335,-0.0032,3.2521,0.0505,0.3123,0.1651,0.0558,-0.3846,3.2521,0.0505,0.3123,3.2841,0.1366,0.4200,1,1,3.2311,-0.0859,0.3517,0.1446,-0.0806,-0.3452,3.2311,-0.0859,0.3517,3.3782,-0.1474,0.4200,0,1,2.7882,0.0677,0.2838,-0.2988,0.0715,-0.4131,2.7882,0.0677,0.2838,2.9923,0.1379,0.3600,0,1,2.8190,-0.0905,0.2538,-0.2675,-0.0866,-0.4431,2.8190,-0.0905,0.2538,2.8964,-0.1461,0.3600,1,1
3.0901,-0.0047,0.6973,-0.1529,0.0004,3.2514,0.0503,0.3119,0.1613,0.0549,-0.3854,3.2514,0.0503,0.3119,3.2849,0.1374,0.4200,1,1,3.2976,-0.0819,0.3421,0.2075,-0.0773,-0.3552,3.2976,-0.0819,0.3421,3.3820,-0.1466,0.4200,0,1,2.8760,0.0718,0.2756,-0.2141,0.0766,-0.4217,2.8760,0.0718,0.2756,2.9951,0.1373,0.3600,0,1,2.8182,-0.0907,0.2541,-0.2719,-0.0859,-0.4432,2.8182,-0.0907,0.2541,2.8982,-0.1467,0.3600,1,1
3.0943,-0.0043,0.6974,-0.1690,0.0062,3.2511,0.0506,0.3118,0.1571,0.0539,-0.3856,3.2511,0.0506,0.3118,3.2862,0.1389,0.4200,1,1,3.3300,-0.0976,0.3343,0.2351,-0.0948,-0.3631,3.3300,-0.0976,0.3343,3.3869,-0.1451,0.4200,0,1,2.9098,0.0907,0.2684,-0.1839,0.0961,-0.4290,2.9098,0.0907,0.2684,2.9984,0.1365,0.3600,0,1,2.8179,-0.0904,0.2542,-0.2769,-0.0844,-0.4432,2.8179,-0.0904,0.2542,2.9011,-0.1475,0.3600,1,1
3.0986,-0.0038,0.6977,-0.1690,0.0066,3.2394,0.0579,0.3137,0.1412,0.0608,-0.3840,3.2394,0.0579,0.3137,3.3895,0.1395,0.4200,0,1,3.3482,-0.1036,0.3311,0.2489,-0.1014,-0.3666,3.3482,-0.1036,0.3311,3.3254,-0.1445,0.4200,1,1,2.9223,0.1000,0.2662,-0.1756,0.1050,-0.4315,2.9223,0.1000,0.2662,2.9367,0.1369,0.3600,1,1,2.8185,-0.0918,0.2561,-0.2807,-0.0861,-0.4416,2.8185,-0.0918,0.2561,3.0046,-0.1470,0.3600,0,1
3.1036,-0.0036,0.6984,-0.1637,0.0019,3.1748,0.0961,0.3200,0.0714,0.0996,-0.3784,3.1748,0.0961,0.3200,3.3951,0.1388,0.4200,0,1,3.3487,-0.1040,0.3315,0.2449,-0.1009,-0.3669,3.3487,-0.1040,0.3315,3.3277,-0.1452,0.4200,1,1,2.9230,0.0996,0.2657,-0.1804,0.1035,-0.4327,2.9230,0.0996,0.2657,2.9403,0.1380,0.3600,1,1,2.7853,-0.1145,0.2623,-0.3185,-0.1103,-0.4361,2.7853,-0.1145,0.2623,3.0089,-0.1460,0.3600,0,1
3.1068,-0.0036,0.6999,-0.1405,0.0004,3.1233,0.1246,0.3376,0.0166,0.1282,-0.3623,3.1233,0.1246,0.3376,3.3985,0.1384,0.4200,0,1,3.3485,-0.1036,0.3312,0.2417,-0.1001,-0.3687,3.3485,-0.1036,0.3312,3.3286,-0.1456,0.4200,1,1,2.9228,0.1000,0.2658,-0.1840,0.1037,-0.4341,2.9228,0.1000,0.2658,2.9417,0.1383,0.3600,1,1,2.7528,-0.1360,0.2773,-0.3541,-0.1323,-0.4226,2.7528,-0.1360,0.2773,3.0118,-0.1457,0.3600,0,1
3.1107,-0.0037,0.7019,-0.1192,0.0048,3.0861,0.1067,0.3510,-0.0241,0.1105,-0.3509,3.0861,0.1067,0.3510,3.4018,0.1393,0.4200,0,1,3.3490,-0.1038,0.3315,0.2378,-0.1012,-0.3704,3.3490,-0.1038,0.3315,3.3311,-0.1447,0.4200,1,1,2.9234,0.0998,0.2656,-0.1868,0.1044,-0.4363,2.9234,0.0998,0.2656,2.9430,0.1374,0.3600,1,1,2.7331,-0.1148,0.2893,-0.3781,-0.1093,-0.4126,2.7331,-0.1148,0.2893,3.0163,-0.1466,0.3600,0,1
3.1143,-0.0035,0.7028,-0.1106,0.0137,3.0792,0.0708,0.3655,-0.0341,0.0748,-0.3373,3.0792,0.0708,0.3655,3.4041,0.1411,0.4200,0,1,3.3488,-0.1039,0.3315,0.2331,-0.1036,-0.3713,3.3488,-0.1039,0.3315,3.3340,-0.1428,0.4200,1,1,2.9231,0.0997,0.2657,-0.1898,0.1058,-0.4371,2.9231,0.0997,0.2657,2.9434,0.1358,0.3600,1,1,2.7406,-0.0711,0.3048,-0.3746,-0.0625,-0.3980,2.7406,-0.0711,0.3048,3.0213,-0.1482,0.3600,0,1
3.1170,-0.0032,0.7033,-0.0997,0.0147,3.0748,0.0667,0.3785,-0.0412,0.0705,-0.3248,3.0748,0.0667,0.3785,3.4067,0.1417,0.4200,0,1,3.3491,-0.1038,0.3316,0.2306,-0.1040,-0.3717,3.3491,-0.1038,0.3316,3.3349,-0.1423,0.4200,1,1,2.9234,0.0999,0.2656,-0.1921,0.1059,-0.4377,2.9234,0.0999,0.2656,2.9439,0.1360,0.3600,1,1,2.7296,-0.0683,0.3188,-0.3883,-0.0594,-0.3845,2.7296,-0.0683,0.3188,3.0241,-0.1480,0.3600,0,1
3.1198,-0.0027,0.7036,-0.0971,0.0127,3.0733,0.0758,0.3896,-0.0455,0.0791,-0.3140,3.0733,0.0758,0.3896,3.4098,0.1417,0.4200,0,1,3.3491,-0.1036,0.3315,0.2280,-0.1038,-0.3721,3.3491,-0.1036,0.3315,3.3354,-0.1422,0.4200,1,1,2.9235,0.1000,0.2656,-0.1950,0.1052,-0.4380,2.9235,0.1000,0.2656,2.9450,0.1368,0.3600,1,1,2.6999,-0.0853,0.3303,-0.4209,-0.0773,-0.3733,2.6999,-0.0853,0.3303,3.0266,-0.1472,0.3600,0,1
3.1229,-0.0023,0.7043,-0.1009,0.0134,3.0794,0.0840,0.3977,-0.0423,0.0869,-0.3066,3.0794,0.0840,0.3977,3.4128,0.1422,0.4200,0,1,3.3491,-0.1036,0.3315,0.2248,-0.1043,-0.3728,3.3491,-0.1036,0.3315,3.3365,-0.1417,0.4200,1,1,2.9235,0.1000,0.2656,-0.1980,0.1050,-0.4387,2.9235,0.1000,0.2656,2.9460,0.1371,0.3600,1,1,2.6932,-0.0934,0.3389,-0.4309,-0.0853,-0.3654,2.6932,-0.0934,0.3389,3.0298,-0.1469,0.3600,0,1
3.1262,-0.0021,0.7056,-0.1085,0.0166,3.0862,0.0924,0.4016,-0.0384,0.0952,-0.3040,3.0862,0.0924,0.4016,3.4157,0.1431,0.4200,0,1,3.3488,-0.1038,0.3314,0.2209,-0.1054,-0.3742,3.3488,-0.1038,0.3314,3.3384,-0.1409,0.4200,1,1,2.9232,0.0998,0.2657,-0.2013,0.1053,-0.4399,2.9232,0.0998,0.2657,2.9469,0.1367,0.3600,1,1,2.7195,-0.0875,0.3433,-0.4081,-0.0786,-0.3623,2.7195,-0.0875,0.3433,3.0336,-0.1473,0.3600,0,1
3.1298,-0.0020,0.7074,-0.1124,0.0193,3.0884,0.1045,0.4004,-0.0393,0.1073,-0.3070,3.0884,0.1045,0.4004,3.4188,0.1436,0.4200,0,1,3.3488,-0.1037,0.3314,0.2170,-0.1059,-0.3760,3.3488,-0.1037,0.3314,3.3403,-0.1403,0.4200,1,1,2.9232,0.0999,0.2657,-0.2046,0.1059,-0.4417,2.9232,0.0999,0.2657,2.9481,0.1362,0.3600,1,1,2.7339,-0.0885,0.3425,-0.3975,-0.0788,-0.3649,2.7339,-0.0885,0.3425,3.0376,-0.1478,0.3600,0,1
3.1336,-0.0023,0.7097,-0.1133,0.0212,3.0737,0.1309,0.3943,-0.0571,0.1344,-0.3154,3.0737,0.1309,0.3943,3.3823,0.1037,0.4200,0,1,3.3490,-0.1040,0.3316,0.2132,-0.1062,-0.3781,3.3490,-0.1040,0.3316,3.3424,-0.1402,0.4200,1,1,2.9234,0.0996,0.2655,-0.2080,0.1063,-0.4442,2.9234,0.0996,0.2655,2.9496,0.1355,0.3600,1,1,2.7295,-0.1023,0.3366,-0.4061,-0.0914,-0.3731,2.7295,-0.1023,0.3366,3.0416,-0.1484,0.3600,0,1
3.1370,-0.0027,0.7126,-0.1107,0.0210,3.0864,0.1581,0.3887,-0.0472,0.1618,-0.3239,3.0864,0.1581,0.3887,3.3858,0.1033,0.4200,0,1,3.3486,-0.1038,0.3313,0.2094,-0.1055,-0.3813,3.3486,-0.1038,0.3313,3.3438,-0.1406,0.4200,1,1,2.9228,0.0997,0.2658,-0.2120,0.1069,-0.4468,2.9228,0.0997,0.2658,2.9511,0.1352,0.3600,1,1,2.7182,-0.1353,0.3284,-0.4215,-0.1238,-0.3842,2.7182,-0.1353,0.3284,3.0451,-0.1487,0.3600,0,1
3.1408,-0.0030,0.7158,-0.1043,0.0220,3.1027,0.1402,0.3788,-0.0349,0.1440,-0.3370,3.1027,0.1402,0.3788,3.3895,0.1032,0.4200,0,1,3.3488,-0.1037,0.3313,0.2057,-0.1053,-0.3845,3.3488,-0.1037,0.3313,3.3457,-0.1408,0.4200,1,1,2.9232,0.1000,0.2658,-0.2153,0.1078,-0.4500,2.9232,0.1000,0.2658,2.9528,0.1347,0.3600,1,1,2.7437,-0.1409,0.3214,-0.4000,-0.1291,-0.3944,2.7437,-0.1409,0.3214,3.0090,-0.1892,0.3600,0,1
3.1456,-0.0036,0.7186,-0.1144,0.0377,3.2192,0.0950,0.3755,0.0773,0.0958,-0.3431,3.2192,0.0950,0.3755,3.3919,0.1056,0.4200,0,1,3.3484,-0.1035,0.3310,0.1989,-0.1075,-0.3876,3.3484,-0.1035,0.3310,3.3506,-0.1382,0.4200,1,1,2.9227,0.1000,0.2661,-0.2188,0.1119,-0.4525,2.9227,0.1000,0.2661,2.9534,0.1310,0.3600,1,1,2.7829,-0.1073,0.3105,-0.3664,-0.0900,-0.4081,2.7829,-0.1073,0.3105,3.0161,-0.1928,0.3600,0,1
3.1499,-0.0042,0.7215,-0.1260,0.0443,3.2782,0.0963,0.3645,0.1326,0.0947,-0.3570,3.2782,0.0963,0.3645,3.3952,0.1061,0.4200,0,1,3.3480,-0.1035,0.3307,0.1935,-0.1080,-0.3908,3.3480,-0.1035,0.3307,3.3538,-0.1376,0.4200,1,1,2.9223,0.1004,0.2663,-0.2227,0.1146,-0.4552,2.9223,0.1004,0.2663,2.9548,0.1290,0.3600,1,1,2.8984,-0.1002,0.3057,-0.2555,-0.0848,-0.4158,2.8984,-0.1002,0.3057,3.0214,-0.1947,0.3600,0,1
3.1545,-0.0045,0.7238,-0.1484,0.0470,3.3182,0.0918,0.3529,0.1680,0.0885,-0.3709,3.3182,0.0918,0.3529,3.3994,0.1064,0.4200,0,1,3.3475,-0.1032,0.3303,0.1881,-0.1077,-0.3935,3.3475,-0.1032,0.3303,3.3568,-0.1373,0.4200,1,1,2.9218,0.1007,0.2665,-0.2275,0.1160,-0.4573,2.9218,0.1007,0.2665,2.9571,0.1282,0.3600,1,1,2.9588,-0.1194,0.2951,-0.2009,-0.1056,-0.4287,2.9588,-0.1194,0.2951,3.0264,-0.1955,0.3600,0,1
3.1593,-0.0048,0.7251,-0.1698,0.0514,3.3441,0.0958,0.3435,0.1897,0.0910,-0.3816,3.3441,0.0958,0.3435,3.4035,0.1069,0.4200,0,1,3.3469,-0.1030,0.3300,0.1823,-0.1077,-0.3951,3.3469,-0.1030,0.3300,3.3601,-0.1367,0.4200,1,1,2.9210,0.1009,0.2669,-0.2326,0.1178,-0.4582,2.9210,0.1009,0.2669,2.9592,0.1270,0.3600,1,1,2.9836,-0.1407,0.2862,-0.1825,-0.1267,-0.4389,2.9836,-0.1407,0.2862,3.0318,-0.1966,0.3600,0,1
3.1638,-0.0054,0.7254,-0.1705,0.0577,3.3668,0.1050,0.3368,0.2090,0.0985,-0.3886,3.3668,0.1050,0.3368,3.4071,0.1074,0.4200,0,1,3.3457,-0.1024,0.3291,0.1760,-0.1073,-0.3963,3.3457,-0.1024,0.3291,3.3635,-0.1361,0.4200,1,1,2.9195,0.1014,0.2677,-0.2377,0.1207,-0.4577,2.9195,0.1014,0.2677,2.9610,0.1251,0.3600,1,1,2.9960,-0.1591,0.2804,-0.1764,-0.1438,-0.4450,2.9960,-0.1591,0.2804,3.0373,-0.1984,0.3600,0,1
3.1703,-0.0057,0.7247,-0.1753,0.0639,3.3669,0.1060,0.3370,0.2033,0.0989,-0.3877,3.3669,0.1060,0.3370,3.3856,0.1483,0.4200,1,1,3.3672,-0.1165,0.3372,0.1894,-0.1231,-0.3875,3.3672,-0.1165,0.3372,3.4708,-0.1352,0.4800,0,1,2.8649,0.1018,0.2745,-0.2979,0.1268,-0.4502,2.8649,0.1018,0.2745,3.0666,0.1236,0.3600,0,1,2.9963,-0.1582,0.2798,-0.1834,-0.1411,-0.4449,2.9963,-0.1582,0.2798,3.0178,-0.1598,0.3600,1,1
3.1751,-0.0061,0.7259,-0.1635,0.0481,3.3677,0.1042,0.3364,0.1977,0.1009,-0.3895,3.3677,0.1042,0.3364,3.3909,0.1450,0.4200,1,1,3.3912,-0.0059,0.3749,0.2159,-0.0102,-0.3510,3.3912,-0.0059,0.3749,3.4736,-0.1387,0.4800,0,1,2.8080,0.0410,0.2937,-0.3644,0.0647,-0.4322,2.8080,0.0410,0.2937,3.0735,0.1264,0.3600,0,1,2.9972,-0.1604,0.2798,-0.1851,-0.1456,-0.4461,2.9972,-0.1604,0.2798,3.0182,-0.1573,0.3600,1,1
3.1795,-0.0063,0.7249,-0.1442,0.0619,3.3675,0.1043,0.3363,0.1945,0.0988,-0.3886,3.3675,0.1043,0.3363,3.3912,0.1472,0.4200,1,1,3.3466,-0.0068,0.3871,0.1667,-0.0108,-0.3378,3.3466,-0.0068,0.3871,3.4797,-0.1362,0.4800,0,1,2.7963,0.0772,0.3097,-0.3773,0.1070,-0.4152,2.7963,0.0772,0.3097,3.0761,0.1233,0.3600,0,1,2.9971,-0.1605,0.2799,-0.1916,-0.1426,-0.4450,2.9971,-0.1605,0.2799,3.0227,-0.1601,0.3600,1,1
3.1843,-0.0061,0.7235,-0.1319,0.0671,3.3675,0.1049,0.3365,0.1902,0.0985,-0.3870,3.3675,0.1049,0.3365,3.3931,0.1485,0.4200,1,1,3.3359,-0.0279,0.4000,0.1498,-0.0319,-0.3235,3.3359,-0.0279,0.4000,3.4852,-0.1349,0.4800,0,1,2.7740,0.0874,0.3231,-0.4031,0.1208,-0.4004,2.7740,0.0874,0.3231,3.0402,0.0825,0.3600,0,1,2.9972,-0.1599,0.2796,-0.1970,-0.1409,-0.4439,2.9972,-0.1599,0.2796,3.0263,-0.1608,0.3600,1,1
3.1887,-0.0058,0.7225,-0.1218,0.0691,3.3676,0.1049,0.3365,0.1861,0.0981,-0.3860,3.3676,0.1049,0.3365,3.3952,0.1491,0.4200,1,1,3.3460,-0.0469,0.4131,0.1541,-0.0519,-0.3094,3.3460,-0.0469,0.4131,3.4898,-0.1343,0.4800,0,1,2.7618,0.0912,0.3365,-0.4192,0.1262,-0.3860,2.7618,0.0912,0.3365,3.0444,0.0824,0.3600,0,1,2.9972,-0.1599,0.2796,-0.2017,-0.1405,-0.4429,2.9972,-0.1599,0.2796,3.0290,-0.1610,0.3600,1,1
3.1931,-0.0056,0.7217,-0.1187,0.0682,3.3678,0.1049,0.3366,0.1818,0.0983,-0.3851,3.3678,0.1049,0.3366,3.3978,0.1491,0.4200,1,1,3.3628,-0.0635,0.4253,0.1654,-0.0693,-0.2964,3.3628,-0.0635,0.4253,3.4941,-0.1342,0.4800,0,1,2.7655,0.0911,0.3481,-0.4200,0.1256,-0.3736,2.7655,0.0911,0.3481,3.0489,0.0828,0.3600,0,1,2.9975,-0.1599,0.2795,-0.2057,-0.1406,-0.4422,2.9975,-0.1599,0.2795,3.0312,-0.1606,0.3600,1,1
3.1976,-0.0056,0.7211,-0.1263,0.0648,3.3674,0.1050,0.3365,0.1766,0.0994,-0.3846,3.3674,0.1050,0.3365,3.4008,0.1485,0.4200,1,1,3.3744,-0.0715,0.4349,0.1722,-0.0772,-0.2862,3.3744,-0.0715,0.4349,3.4982,-0.1349,0.4800,0,1,2.8400,0.0782,0.3593,-0.3514,0.1068,-0.3618,2.8400,0.0782,0.3593,3.0539,0.0835,0.3600,0,1,2.9971,-0.1598,0.2796,-0.2101,-0.1409,-0.4415,2.9971,-0.1598,0.2796,3.0332,-0.1599,0.3600,1,1
3.2020,-0.0058,0.7211,-0.1330,0.0623,3.3672,0.1050,0.3364,0.1718,0.1003,-0.3847,3.3672,0.1050,0.3364,3.4036,0.1478,0.4200,1,1,3.3835,-0.0727,0.4409,0.1770,-0.0781,-0.2802,3.3835,-0.0727,0.4409,3.5023,-0.1356,0.4800,0,1,2.9344,0.0728,0.3689,-0.2622,0.0951,-0.3522,2.9344,0.0728,0.3689,3.0586,0.0838,0.3600,0,1,2.9968,-0.1599,0.2797,-0.2144,-0.1410,-0.4414,2.9968,-0.1599,0.2797,3.0352,-0.1597,0.3600,1,1
3.2066,-0.0060,0.7211,-0.1424,0.0599,3.3670,0.1050,0.3364,0.1668,0.1012,-0.3847,3.3670,0.1050,0.3364,3.4066,0.1472,0.4200,1,1,3.3861,-0.0774,0.4424,0.1749,-0.0820,-0.2787,3.3861,-0.0774,0.4424,3.5066,-0.1363,0.4800,0,1,2.9874,0.0744,0.3710,-0.2140,0.0934,-0.3501,2.9874,0.0744,0.3710,3.0635,0.0840,0.3600,0,1,2.9966,-0.1598,0.2798,-0.2188,-0.1410,-0.4413,2.9966,-0.1598,0.2798,3.0375,-0.1595,0.3600,1,1
3.2112,-0.0062,0.7212,-0.1499,0.0568,3.3669,0.1050,0.3363,0.1618,0.1022,-0.3849,3.3669,0.1050,0.3363,3.3696,0.1065,0.4200,1,1,3.3920,-0.0848,0.4387,0.1760,-0.0887,-0.2825,3.3920,-0.0848,0.4387,3.5107,-0.1370,0.4800,0,1,3.0191,0.0770,0.3676,-0.1871,0.0940,-0.3536,3.0191,0.0770,0.3676,3.0684,0.0845,0.3600,0,1,2.9965,-0.1598,0.2798,-0.2231,-0.1412,-0.4414,2.9965,-0.1598,0.2798,3.0396,-0.1590,0.3600,1,1
3.2158,-0.0061,0.7214,-0.1526,0.0530,3.3669,0.1051,0.3364,0.1568,0.1030,-0.3850,3.3669,0.1051,0.3364,3.3728,0.1058,0.4200,1,1,3.3777,-0.0938,0.4314,0.1570,-0.0962,-0.2900,3.3777,-0.0938,0.4314,3.5148,-0.1378,0.4800,0,1,3.0354,0.0823,0.3601,-0.1755,0.0978,-0.3613,3.0354,0.0823,0.3601,3.0735,0.0853,0.3600,0,1,2.9966,-0.1597,0.2798,-0.2270,-0.1418,-0.4416,2.9966,-0.1597,0.2798,3.0416,-0.1583,0.3600,1,1
3.2202,-0.0060,0.7219,-0.1508,0.0487,3.3671,0.1051,0.3364,0.1521,0.1038,-0.3855,3.3671,0.1051,0.3364,3.3759,0.1052,0.4200,1,1,3.3708,-0.1048,0.4210,0.1456,-0.1060,-0.3009,3.3708,-0.1048,0.4210,3.5187,-0.1385,0.4800,0,1,3.0352,0.0917,0.3497,-0.1800,0.1066,-0.3722,3.0352,0.0917,0.3497,3.1185,0.1264,0.4200,0,1,2.9967,-0.1597,0.2797,-0.2307,-0.1426,-0.4422,2.9967,-0.1597,0.2797,3.0433,-0.1573,0.3600,1,1
3.2247,-0.0057,0.7226,-0.1490,0.0457,3.3673,0.1050,0.3365,0.1475,0.1041,-0.3861,3.3673,0.1050,0.3365,3.3788,0.1049,0.4200,1,1,3.3687,-0.1165,0.4091,0.1388,-0.1173,-0.3135,3.3687,-0.1165,0.4091,3.5228,-0.1388,0.4800,0,1,3.0219,0.1077,0.3374,-0.1974,0.1225,-0.3852,3.0219,0.1077,0.3374,3.1234,0.1272,0.4200,0,1,2.9970,-0.1599,0.2796,-0.2345,-0.1436,-0.4430,2.9970,-0.1599,0.2796,3.0454,-0.1565,0.3600,1,1
3.2291,-0.0055,0.7234,-0.1465,0.0445,3.3674,0.1047,0.3364,0.1431,0.1039,-0.3870,3.3674,0.1047,0.3364,3.3814,0.1049,0.4200,1,1,3.3741,-0.1272,0.3966,0.1394,-0.1280,-0.3268,3.3741,-0.1272,0.3966,3.5270,-0.1389,0.4800,0,1,3.0160,0.1289,0.3246,-0.2069,0.1437,-0.3988,3.0160,0.1289,0.3246,3.1280,0.1277,0.4200,0,1,2.9971,-0.1601,0.2796,-0.2386,-0.1441,-0.4438,2.9971,-0.1601,0.2796,3.0476,-0.1561,0.3600,1,1
3.2340,-0.0054,0.7243,-0.1497,0.0429,3.3675,0.1047,0.3364,0.1381,0.1043,-0.3879,3.3675,0.1047,0.3364,3.3845,0.1047,0.4200,1,1,3.3861,-0.1333,0.3845,0.1465,-0.1343,-0.3398,3.3861,-0.1333,0.3845,3.5317,-0.1390,0.4800,0,1,3.0229,0.1414,0.3125,-0.2046,0.1557,-0.4118,3.0229,0.1414,0.3125,3.1331,0.1281,0.4200,0,1,2.9972,-0.1601,0.2796,-0.2432,-0.1444,-0.4447,2.9972,-0.1601,0.2796,3.0502,-0.1556,0.3600,1,1
3.2390,-0.0053,0.7255,-0.1569,0.0388,3.3672,0.1048,0.3364,0.1324,0.1050,-0.3891,3.3672,0.1048,0.3364,3.3882,0.1041,0.4200,1,1,3.4216,-0.1312,0.3737,0.1776,-0.1329,-0.3518,3.4216,-0.1312,0.3737,3.5362,-0.1397,0.4800,0,1,3.0485,0.1388,0.3021,-0.1848,0.1514,-0.4234,3.0485,0.1388,0.3021,3.1387,0.1291,0.4200,0,1,2.9968,-0.1600,0.2798,-0.2480,-0.1452,-0.4457,2.9968,-0.1600,0.2798,3.0527,-0.1547,0.3600,1,1
3.2440,-0.0050,0.7269,-0.1568,0.0319,3.3668,0.1047,0.3362,0.1262,0.1057,-0.3907,3.3668,0.1047,0.3362,3.3922,0.1031,0.4200,1,1,3.4718,-0.1270,0.3658,0.2238,-0.1292,-0.3611,3.4718,-0.1270,0.3658,3.5402,-0.1408,0.4800,0,1,3.0834,0.1336,0.2945,-0.1561,0.1437,-0.4324,3.0834,0.1336,0.2945,3.1446,0.1307,0.4200,0,1,2.9963,-0.1601,0.2801,-0.2525,-0.1471,-0.4468,2.9963,-0.1601,0.2801,3.0546,-0.1531,0.3600,1,1
3.2495,-0.0043,0.7279,-0.1486,0.0213,3.3704,0.1099,0.3379,0.1233,0.1116,-0.3900,3.3704,0.1099,0.3379,3.5383,0.1418,0.4800,0,1,3.5006,-0.1256,0.3631,0.2485,-0.1266,-0.3648,3.5006,-0.1256,0.3631,3.5183,-0.1822,0.4800,1,1,3.1047,0.1307,0.2926,-0.1419,0.1381,-0.4353,3.1047,0.1307,0.2926,3.0456,0.0935,0.3600,1,1,3.0023,-0.1628,0.2824,-0.2505,-0.1532,-0.4455,3.0023,-0.1628,0.2824,3.1576,-0.1504,0.4200,0,1
3.2566,-0.0039,0.7282,-0.1537,0.0098,3.3431,0.1317,0.3496,0.0878,0.1347,-0.3786,3.3431,0.1317,0.3496,3.5470,0.1400,0.4800,0,1,3.5011,-0.1258,0.3633,0.2433,-0.1243,-0.3649,3.5011,-0.1258,0.3633,3.4818,-0.1440,0.4800,1,1,3.1054,0.1305,0.2922,-0.1499,0.1359,-0.4360,3.1054,0.1305,0.2922,3.0522,0.0962,0.3600,1,1,3.0063,-0.1727,0.2914,-0.2519,-0.1663,-0.4368,3.0063,-0.1727,0.2914,3.1630,-0.1478,0.4200,0,1
3.2623,-0.0036,0.7310,-0.1489,0.0205,3.3928,0.0362,0.3714,0.1313,0.0371,-0.3596,3.3928,0.0362,0.3714,3.5515,0.1420,0.4800,0,1,3.5009,-0.1249,0.3628,0.2361,-0.1262,-0.3682,3.5009,-0.1249,0.3628,3.4869,-0.1419,0.4800,1,1,3.1049,0.1310,0.2925,-0.1546,0.1378,-0.4385,3.1049,0.1310,0.2925,3.1348,0.0947,0.4200,1,1,3.0522,-0.0720,0.3108,-0.2115,-0.0641,-0.4202,3.0522,-0.0720,0.3108,3.1702,-0.1492,0.4200,0,1
3.2681,-0.0034,0.7324,-0.1476,0.0201,3.3807,0.0146,0.3825,0.1129,0.0157,-0.3499,3.3807,0.0146,0.3825,3.5572,0.1422,0.4800,0,1,3.5011,-0.1259,0.3633,0.2305,-0.1272,-0.3691,3.5011,-0.1259,0.3633,3.4907,-0.1417,0.4800,1,1,3.1051,0.1299,0.2923,-0.1603,0.1365,-0.4401,3.1051,0.1299,0.2923,3.1385,0.0948,0.4200,1,1,3.0290,-0.0405,0.3228,-0.2398,-0.0323,-0.4096,3.0290,-0.0405,0.3228,3.1760,-0.1492,0.4200,0,1
3.2740,-0.0035,0.7325,-0.1483,0.0096,3.3650,0.0398,0.3963,0.0914,0.0424,-0.3362,3.3650,0.0398,0.3963,3.5644,0.1404,0.4800,0,1,3.5021,-0.1269,0.3642,0.2269,-0.1256,-0.3683,3.5021,-0.1269,0.3642,3.4931,-0.1436,0.4800,1,1,3.1064,0.1289,0.2914,-0.1663,0.1340,-0.4411,3.1064,0.1289,0.2914,3.1436,0.0967,0.4200,1,1,3.0077,-0.0546,0.3357,-0.2668,-0.0485,-0.3968,3.0077,-0.0546,0.3357,3.1803,-0.1473,0.4200,0,1
3.2795,-0.0035,0.7326,-0.1517,-0.0009,3.3719,0.0625,0.4092,0.0923,0.0661,-0.3234,3.3719,0.0625,0.4092,3.5714,0.1383,0.4800,0,1,3.5021,-0.1268,0.3641,0.2227,-0.1231,-0.3685,3.5021,-0.1268,0.3641,3.4951,-0.1457,0.4800,1,1,3.1063,0.1289,0.2914,-0.1733,0.1322,-0.4412,3.1063,0.1289,0.2914,3.1486,0.0987,0.4200,1,1,3.0064,-0.0742,0.3485,-0.2730,-0.0709,-0.3841,3.0064,-0.0742,0.3485,3.1843,-0.1453,0.4200,0,1
3.2847,-0.0036,0.7334,-0.1565,-0.0091,3.3896,0.0739,0.4203,0.1042,0.0785,-0.3131,3.3896,0.0739,0.4203,3.5778,0.1367,0.4800,0,1,3.5020,-0.1268,0.3641,0.2184,-0.1212,-0.3693,3.5020,-0.1268,0.3641,3.5372,-0.1873,0.4800,1,1,3.1062,0.1290,0.2915,-0.1797,0.1310,-0.4419,3.1062,0.1290,0.2915,3.1530,0.1002,0.4200,1,1,3.0231,-0.0870,0.3597,-0.2608,-0.0858,-0.3737,3.0231,-0.0870,0.3597,3.1884,-0.1438,0.4200,0,1
3.2899,-0.0038,0.7345,-0.1618,-0.0157,3.4010,0.0839,0.4284,0.1097,0.0894,-0.3061,3.4010,0.0839,0.4284,3.5839,0.1352,0.4800,0,1,3.5020,-0.1268,0.3641,0.2140,-0.1197,-0.3704,3.5020,-0.1268,0.3641,3.5394,-0.1888,0.4800,1,1,3.1062,0.1289,0.2915,-0.1858,0.1298,-0.4430,3.1062,0.1289,0.2915,3.1571,0.1012,0.4200,1,1,3.0378,-0.0972,0.3679,-0.2506,-0.0973,-0.3666,3.0378,-0.0972,0.3679,3.1927,-0.1427,0.4200,0,1
3.2950,-0.0041,0.7361,-0.1657,-0.0214,3.3998,0.0940,0.4325,0.1027,0.1003,-0.3036,3.3998,0.0940,0.4325,3.5898,0.1338,0.4800,0,1,3.5020,-0.1268,0.3641,0.2096,-0.1182,-0.3720,3.5020,-0.1268,0.3641,3.5017,-0.1502,0.4800,1,1,3.1062,0.1289,0.2915,-0.1916,0.1289,-0.4446,3.1062,0.1289,0.2915,3.1611,0.1020,0.4200,1,1,3.0490,-0.1088,0.3718,-0.2437,-0.1099,-0.3643,3.0490,-0.1088,0.3718,3.1970,-0.1419,0.4200,0,1
3.2997,-0.0045,0.7381,-0.1646,-0.0254,3.3881,0.1061,0.4313,0.0856,0.1128,-0.3068,3.3881,0.1061,0.4313,3.5951,0.1326,0.4800,0,1,3.5020,-0.1268,0.3641,0.2053,-0.1171,-0.3740,3.5020,-0.1268,0.3641,3.5038,-0.1513,0.4800,1,1,3.1062,0.1289,0.2915,-0.1968,0.1284,-0.4466,3.1062,0.1289,0.2915,3.0844,0.1024,0.3600,1,1,3.0532,-0.1247,0.3706,-0.2434,-0.1264,-0.3675,3.0532,-0.1247,0.3706,3.2012,-0.1415,0.4200,0,1
3.3041,-0.0049,0.7404,-0.1600,-0.0282,3.3693,0.1241,0.4254,0.0615,0.1308,-0.3150,3.3693,0.1241,0.4254,3.5999,0.1316,0.4800,0,1,3.5021,-0.1269,0.3641,0.2014,-0.1164,-0.3763,3.5021,-0.1269,0.3641,3.5059,-0.1523,0.4800,1,1,3.1063,0.1288,0.2914,-0.2015,0.1281,-0.4490,3.1063,0.1288,0.2914,3.1272,0.1425,0.4200,1,1,3.0356,-0.1456,0.3648,-0.2644,-0.1482,-0.3756,3.0356,-0.1456,0.3648,3.2052,-0.1414,0.4200,0,1
3.3082,-0.0053,0.7427,-0.1541,-0.0328,3.3325,0.1576,0.4159,0.0189,0.1636,-0.3268,3.3325,0.1576,0.4159,3.6045,0.1303,0.4800,0,1,3.5025,-0.1270,0.3643,0.1982,-0.1153,-0.3784,3.5025,-0.1270,0.3643,3.5072,-0.1535,0.4800,1,1,3.1067,0.1287,0.2911,-0.2058,0.1273,-0.4516,3.1067,0.1287,0.2911,3.1299,0.1430,0.4200,1,1,3.0060,-0.1822,0.3551,-0.2962,-0.1867,-0.3876,3.0060,-0.1822,0.3551,3.2086,-0.1408,0.4200,0,1
3.3112,-0.0055,0.7454,-0.1494,-0.0367,3.3267,0.1942,0.4088,0.0082,0.2001,-0.3366,3.3267,0.1942,0.4088,3.6081,0.1294,0.4800,0,1,3.5020,-0.1269,0.3641,0.1951,-0.1143,-0.3813,3.5020,-0.1269,0.3641,3.5077,-0.1544,0.4800,1,1,3.1062,0.1288,0.2913,-0.2098,0.1267,-0.4541,3.1062,0.1288,0.2913,3.1316,0.1436,0.4200,1,1,2.9823,-0.2243,0.3464,-0.3207,-0.2307,-0.3990,2.9823,-0.2243,0.3464,3.2112,-0.1402,0.4200,0,1
3.3142,-0.0054,0.7488,-0.1441,-0.0319,3.3419,0.1803,0.3987,0.0218,0.1865,-0.3501,3.3419,0.1803,0.3987,3.6104,0.1304,0.4800,0,1,3.5020,-0.1270,0.3640,0.1916,-0.1155,-0.3848,3.5020,-0.1270,0.3640,3.5094,-0.1535,0.4800,1,1,3.1062,0.1286,0.2917,-0.2122,0.1273,-0.4571,3.1062,0.1286,0.2917,3.1318,0.1427,0.4200,1,1,2.9951,-0.2103,0.3378,-0.3124,-0.2150,-0.4110,2.9951,-0.2103,0.3378,3.2148,-0.1411,0.4200,0,1
3.3189,-0.0052,0.7511,-0.1588,-0.0180,3.3761,0.1245,0.3887,0.0549,0.1307,-0.3624,3.3761,0.1245,0.3887,3.6133,0.1333,0.4800,0,1,3.5021,-0.1267,0.3640,0.1854,-0.1182,-0.3871,3.5021,-0.1267,0.3640,3.5141,-0.1506,0.4800,1,1,3.1062,0.1289,0.2918,-0.2151,0.1302,-0.4593,3.1062,0.1289,0.2918,3.1725,0.1003,0.4200,1,1,3.0105,-0.1643,0.3249,-0.3055,-0.1646,-0.4262,3.0105,-0.1643,0.3249,3.2214,-0.1436,0.4200,0,1
3.3228,-0.0048,0.7532,-0.1737,-0.0023,3.4265,0.0784,0.3803,0.1035,0.0834,-0.3729,3.4265,0.0784,0.3803,3.6150,0.1367,0.4800,0,1,3.5018,-0.1270,0.3639,0.1793,-0.1218,-0.3893,3.5018,-0.1270,0.3639,3.5183,-0.1473,0.4800,1,1,3.1060,0.1287,0.2918,-0.2171,0.1330,-0.4614,3.1060,0.1287,0.2918,3.1722,0.0976,0.4200,1,1,3.0589,-0.1096,0.3184,-0.2637,-0.1054,-0.4348,3.0589,-0.1096,0.3184,3.2275,-0.1464,0.4200,0,1
3.3263,-0.0045,0.7545,-0.1833,0.0049,3.4795,0.0671,0.3706,0.1535,0.0708,-0.3839,3.4795,0.0671,0.3706,3.6174,0.1384,0.4800,0,1,3.5011,-0.1267,0.3636,0.1742,-0.1231,-0.3909,3.5011,-0.1267,0.3636,3.5208,-0.1456,0.4800,1,1,3.1051,0.1290,0.2924,-0.2205,0.1346,-0.4621,3.1051,0.1290,0.2924,3.1726,0.0965,0.4200,1,1,3.1061,-0.0991,0.3095,-0.2207,-0.0935,-0.4450,3.1061,-0.0991,0.3095,3.2320,-0.1475,0.4200,0,1
3.3296,-0.0046,0.7548,-0.1745,0.0091,3.5396,0.0719,0.3645,0.2107,0.0746,-0.3903,3.5396,0.0719,0.3645,3.6201,0.1392,0.4800,0,1,3.5000,-0.1272,0.3632,0.1693,-0.1241,-0.3916,3.5000,-0.1272,0.3632,3.5227,-0.1448,0.4800,1,1,3.1038,0.1284,0.2937,-0.2246,0.1350,-0.4611,3.1038,0.1284,0.2937,3.1733,0.0956,0.4200,1,1,3.1550,-0.1023,0.3044,-0.1755,-0.0961,-0.4504,3.1550,-0.1023,0.3044,3.2359,-0.1484,0.4200,0,1
3.3347,-0.0046,0.7540,-0.1739,0.0161,3.5402,0.0714,0.3646,0.2067,0.0727,-0.3894,3.5402,0.0714,0.3646,3.5572,0.1405,0.4800,1,1,3.4681,-0.1487,0.3691,0.1311,-0.1462,-0.3849,3.4681,-0.1487,0.3691,3.6287,-0.1435,0.4800,0,1,3.0847,0.1332,0.2993,-0.2477,0.1418,-0.4547,3.0847,0.1332,0.2993,3.2374,0.1343,0.4200,0,1,3.1557,-0.1029,0.3042,-0.1806,-0.0954,-0.4498,3.1557,-0.1029,0.3042,3.1750,-0.1497,0.4200,1,1
3.3397,-0.0044,0.7540,-0.1697,0.0128,3.5401,0.0719,0.3646,0.2014,0.0737,-0.3894,3.5401,0.0719,0.3646,3.5607,0.1400,0.4800,1,1,3.4216,-0.1234,0.3786,0.0804,-0.1200,-0.3754,3.4216,-0.1234,0.3786,3.6333,-0.1440,0.4800,0,1,3.0870,0.0859,0.3152,-0.2515,0.0935,-0.4388,3.0870,0.0859,0.3152,3.2429,0.1351,0.4200,0,1,3.1557,-0.1025,0.3041,-0.1852,-0.0957,-0.4499,3.1557,-0.1025,0.3041,3.1775,-0.1489,0.4200,1,1
3.3436,-0.0043,0.7538,-0.1562,0.0098,3.5406,0.0715,0.3647,0.1977,0.0739,-0.3891,3.5406,0.0715,0.3647,3.5630,0.1396,0.4800,1,1,3.4091,-0.0919,0.3929,0.0646,-0.0882,-0.3609,3.4091,-0.0919,0.3929,3.6368,-0.1444,0.4800,0,1,3.0393,0.0667,0.3272,-0.3036,0.0740,-0.4266,3.0393,0.0667,0.3272,3.2472,0.1358,0.4200,0,1,3.1562,-0.1029,0.3039,-0.1884,-0.0968,-0.4499,3.1562,-0.1029,0.3039,3.1790,-0.1482,0.4200,1,1
3.3472,-0.0041,0.7529,-0.1433,0.0129,3.5409,0.0713,0.3648,0.1947,0.0729,-0.3881,3.5409,0.0713,0.3648,3.5642,0.1404,0.4800,1,1,3.3834,-0.0958,0.4059,0.0350,-0.0922,-0.3470,3.3834,-0.0958,0.4059,3.6408,-0.1436,0.4800,0,1,2.9909,0.0838,0.3408,-0.3551,0.0925,-0.4121,2.9909,0.0838,0.3408,3.2504,0.1354,0.4200,0,1,3.1566,-0.1030,0.3037,-0.1919,-0.0964,-0.4492,3.1566,-0.1030,0.3037,3.1811,-0.1486,0.4200,1,1
3.3508,-0.0039,0.7520,-0.1363,0.0149,3.5410,0.0713,0.3648,0.1913,0.0724,-0.3872,3.5410,0.0713,0.3648,3.5654,0.1410,0.4800,1,1,3.3786,-0.0946,0.4190,0.0264,-0.0911,-0.3330,3.3786,-0.0946,0.4190,3.6447,-0.1430,0.4800,0,1,2.9827,0.0917,0.3546,-0.3666,0.1011,-0.3974,2.9827,0.0917,0.3546,3.2537,0.1352,0.4200,0,1,3.1566,-0.1030,0.3037,-0.1957,-0.0962,-0.4483,3.1566,-0.1030,0.3037,3.1829,-0.1487,0.4200,1,1
3.3542,-0.0037,0.7514,-0.1356,0.0147,3.5407,0.0714,0.3647,0.1876,0.0724,-0.3867,3.5407,0.0714,0.3647,3.5669,0.1411,0.4800,1,1,3.3935,-0.0833,0.4311,0.0381,-0.0802,-0.3203,3.3935,-0.0833,0.4311,3.6481,-0.1428,0.4800,0,1,3.0219,0.0833,0.3673,-0.3310,0.0919,-0.3841,3.0219,0.0833,0.3673,3.2571,0.1354,0.4200,0,1,3.1563,-0.1029,0.3038,-0.1993,-0.0963,-0.4476,3.1563,-0.1029,0.3038,3.1843,-0.1485,0.4200,1,1
3.3577,-0.0035,0.7507,-0.1376,0.0161,3.5407,0.0714,0.3647,0.1842,0.0719,-0.3860,3.5407,0.0714,0.3647,3.5682,0.1416,0.4800,1,1,3.4044,-0.0792,0.4409,0.0455,-0.0764,-0.3098,3.4044,-0.0792,0.4409,3.6517,-0.1424,0.4800,0,1,3.0431,0.0831,0.3773,-0.3132,0.0917,-0.3734,3.0431,0.0831,0.3773,3.2604,0.1353,0.4200,0,1,3.1563,-0.1029,0.3039,-0.2030,-0.0961,-0.4468,3.1563,-0.1029,0.3039,3.1860,-0.1486,0.4200,1,1
3.3612,-0.0033,0.7502,-0.1397,0.0182,3.5406,0.0714,0.3647,0.1807,0.0714,-0.3855,3.5406,0.0714,0.3647,3.5694,0.1422,0.4800,1,1,3.4124,-0.0807,0.4471,0.0498,-0.0783,-0.3031,3.4124,-0.0807,0.4471,3.6555,-0.1418,0.4800,0,1,3.0517,0.0877,0.3835,-0.3078,0.0966,-0.3667,3.0517,0.0877,0.3835,3.2636,0.1352,0.4200,0,1,3.1562,-0.1029,0.3039,-0.2068,-0.0959,-0.4463,3.1562,-0.1029,0.3039,3.1878,-0.1488,0.4200,1,1
3.3645,-0.0030,0.7500,-0.1393,0.0203,3.5406,0.0714,0.3647,0.1776,0.0708,-0.3853,3.5406,0.0714,0.3647,3.5704,0.1429,0.4800,1,1,3.4149,-0.0844,0.4485,0.0487,-0.0824,-0.3015,3.4149,-0.0844,0.4485,3.6592,-0.1410,0.4800,0,1,3.0549,0.0936,0.3850,-0.3076,0.1029,-0.3650,3.0549,0.0936,0.3850,3.2667,0.1350,0.4200,0,1,3.1561,-0.1029,0.3039,-0.2104,-0.0956,-0.4461,3.1561,-0.1029,0.3039,3.1895,-0.1489,0.4200,1,1
3.3677,-0.0026,0.7503,-0.1334,0.0226,3.5405,0.0714,0.3647,0.1744,0.0701,-0.3856,3.5405,0.0714,0.3647,3.5713,0.1437,0.4800,1,1,3.4083,-0.0920,0.4449,0.0386,-0.0903,-0.3054,3.4083,-0.0920,0.4449,3.6627,-0.1402,0.4800,0,1,3.0515,0.1023,0.3814,-0.3137,0.1120,-0.3689,3.0515,0.1023,0.3814,3.2696,0.1350,0.4200,0,1,3.1561,-0.1029,0.3039,-0.2138,-0.0955,-0.4464,3.1561,-0.1029,0.3039,3.1910,-0.1490,0.4200,1,1
3.3708,-0.0021,0.7509,-0.1221,0.0257,3.5408,0.0715,0.3647,0.1718,0.0692,-0.3862,3.5408,0.0715,0.3647,3.5719,0.1448,0.4800,1,1,3.3830,-0.1087,0.4371,0.0095,-0.1069,-0.3138,3.3830,-0.1087,0.4371,3.6662,-0.1391,0.4800,0,1,3.0315,0.1182,0.3734,-0.3361,0.1290,-0.3775,3.0315,0.1182,0.3734,3.2722,0.1348,0.4200,0,1,3.1564,-0.1028,0.3037,-0.2169,-0.0952,-0.4472,3.1564,-0.1028,0.3037,3.1925,-0.1491,0.4200,1,1
3.3737,-0.0017,0.7516,-0.1126,0.0313,3.5410,0.0715,0.3648,0.1695,0.0679,-0.3868,3.5410,0.0715,0.3648,3.5719,0.1462,0.4800,1,1,3.3414,-0.1387,0.4271,-0.0366,-0.1359,-0.3245,3.3414,-0.1387,0.4271,3.6698,-0.1376,0.4800,0,1,2.9948,0.1478,0.3626,-0.3740,0.1613,-0.3890,2.9948,0.1478,0.3626,3.2743,0.1341,0.4200,0,1,3.1566,-0.1028,0.3036,-0.2202,-0.0943,-0.4480,3.1566,-0.1028,0.3036,3.1942,-0.1497,0.4200,1,1
3.3756,-0.0014,0.7527,-0.1008,0.0365,3.5406,0.0715,0.3646,0.1676,0.0668,-0.3881,3.5406,0.0715,0.3646,3.5710,0.1475,0.4800,1,1,3.3406,-0.1542,0.4185,-0.0406,-0.1514,-0.3342,3.3406,-0.1542,0.4185,3.6724,-0.1363,0.4800,0,1,3.0036,0.1665,0.3557,-0.3656,0.1814,-0.3970,3.0036,0.1665,0.3557,3.2755,0.1334,0.4200,0,1,3.1562,-0.1029,0.3038,-0.2230,-0.0934,-0.4489,3.1562,-0.1029,0.3038,3.1949,-0.1505,0.4200,1,1
3.3784,-0.0012,0.7534,-0.1004,0.0337,3.5410,0.0716,0.3648,0.1650,0.0673,-0.3886,3.5410,0.0716,0.3648,3.5723,0.1472,0.4800,1,1,3.3568,-0.1349,0.4060,-0.0261,-0.1329,-0.3474,3.3568,-0.1349,0.4060,3.6749,-0.1366,0.4800,0,1,3.0237,0.1446,0.3433,-0.3496,0.1577,-0.4101,3.0237,0.1446,0.3433,3.2788,0.1342,0.4200,0,1,3.1567,-0.1027,0.3038,-0.2250,-0.0940,-0.4496,3.1567,-0.1027,0.3038,3.1953,-0.1497,0.4200,1,1
3.3821,-0.0011,0.7533,-0.1188,0.0254,3.5409,0.0720,0.3649,0.1606,0.0690,-0.3884,3.5409,0.0720,0.3649,3.5752,0.1457,0.4800,1,1,3.3900,-0.0915,0.3939,0.0056,-0.0906,-0.3594,3.3900,-0.0915,0.3939,3.6774,-0.1382,0.4800,0,1,3.0616,0.0931,0.3332,-0.3180,0.1023,-0.4201,3.0616,0.0931,0.3332,3.2835,0.1359,0.4200,0,1,3.1567,-0.1024,0.3038,-0.2279,-0.0955,-0.4495,3.1567,-0.1024,0.3038,3.1957,-0.1480,0.4200,1,1
3.3852,-0.0013,0.7528,-0.1385,0.0220,3.5405,0.0718,0.3647,0.1569,0.0697,-0.3881,3.5405,0.0718,0.3647,3.5768,0.1449,0.4800,1,1,3.4564,-0.0640,0.3830,0.0698,-0.0643,-0.3698,3.4564,-0.0640,0.3830,3.6801,-0.1390,0.4800,0,1,3.1002,0.0746,0.3229,-0.2833,0.0822,-0.4299,3.1002,0.0746,0.3229,3.2871,0.1364,0.4200,0,1,3.1561,-0.1026,0.3041,-0.2313,-0.0962,-0.4487,3.1561,-0.1026,0.3041,3.1964,-0.1475,0.4200,1,1
3.3876,-0.0014,0.7525,-0.1444,0.0200,3.5402,0.0715,0.3646,0.1540,0.0698,-0.3879,3.5402,0.0715,0.3646,3.5775,0.1444,0.4800,1,1,3.5277,-0.0537,0.3759,0.1390,-0.0551,-0.3766,3.5277,-0.0537,0.3759,3.6822,-0.1395,0.4800,0,1,3.1474,0.0744,0.3155,-0.2386,0.0806,-0.4370,3.1474,0.0744,0.3155,3.2898,0.1367,0.4200,0,1,3.1558,-0.1029,0.3044,-0.2338,-0.0968,-0.4481,3.1558,-0.1029,0.3044,3.1964,-0.1472,0.4200,1,1
3.3902,-0.0012,0.7521,-0.1387,0.0164,3.5319,0.0776,0.3664,0.1430,0.0765,-0.3857,3.5319,0.0776,0.3664,3.6796,0.1439,0.4800,0,1,3.5630,-0.0508,0.3738,0.1720,-0.0524,-0.3783,3.5630,-0.0508,0.3738,3.6183,-0.1400,0.4800,1,1,3.1706,0.0757,0.3136,-0.2183,0.0805,-0.4385,3.1706,0.0757,0.3136,3.2269,0.1376,0.4200,1,1,3.1480,-0.1032,0.3067,-0.2438,-0.0980,-0.4454,3.1480,-0.1032,0.3067,3.2975,-0.1464,0.4200,0,1
3.3938,-0.0011,0.7518,-0.1341,0.0082,3.4761,0.1230,0.3726,0.0833,0.1234,-0.3792,3.4761,0.1230,0.3726,3.6844,0.1425,0.4800,0,1,3.5635,-0.0513,0.3740,0.1693,-0.0516,-0.3778,3.5635,-0.0513,0.3740,3.6187,-0.1415,0.4800,1,1,3.1712,0.0753,0.3132,-0.2220,0.0782,-0.4386,3.1712,0.0753,0.3132,3.2296,0.1393,0.4200,1,1,3.1018,-0.1224,0.3132,-0.2930,-0.1189,-0.4386,3.1018,-0.1224,0.3132,3.3000,-0.1447,0.4200,0,1
3.3965,-0.0012,0.7524,-0.1181,0.0030,3.4263,0.1652,0.3883,0.0303,0.1663,-0.3641,3.4263,0.1652,0.3883,3.6878,0.1414,0.4800,0,1,3.5636,-0.0512,0.3740,0.1669,-0.0505,-0.3784,3.5636,-0.0512,0.3740,3.6187,-0.1426,0.4800,1,1,3.1714,0.0753,0.3130,-0.2249,0.0772,-0.4394,3.1714,0.0753,0.3130,3.2310,0.1403,0.4200,1,1,3.0646,-0.1349,0.3269,-0.3323,-0.1327,-0.4255,3.0646,-0.1349,0.3269,3.3019,-0.1437,0.4200,0,1
3.3998,-0.0011,0.7535,-0.1101,0.0056,3.4052,0.1453,0.4010,0.0062,0.1464,-0.3525,3.4052,0.1453,0.4010,3.6908,0.1420,0.4800,0,1,3.5635,-0.0516,0.3740,0.1634,-0.0514,-0.3795,3.5635,-0.0516,0.3740,3.6204,-0.1420,0.4800,1,1,3.1713,0.0749,0.3131,-0.2281,0.0773,-0.4404,3.1713,0.0749,0.3131,3.2320,0.1398,0.4200,1,1,3.0668,-0.0958,0.3407,-0.3335,-0.0928,-0.4128,3.0668,-0.0958,0.3407,3.3056,-0.1442,0.4200,0,1
3.4023,-0.0009,0.7541,-0.1021,0.0065,3.4240,0.1098,0.4165,0.0224,0.1106,-0.3376,3.4240,0.1098,0.4165,3.6932,0.1424,0.4800,0,1,3.5636,-0.0510,0.3739,0.1610,-0.0511,-0.3802,3.5636,-0.0510,0.3739,3.6210,-0.1416,0.4800,1,1,3.1714,0.0755,0.3131,-0.2304,0.0779,-0.4410,3.1714,0.0755,0.3131,3.2324,0.1399,0.4200,1,1,3.0574,-0.0781,0.3547,-0.3454,-0.0750,-0.3994,3.0574,-0.0781,0.3547,3.3082,-0.1441,0.4200,0,1
3.4049,-0.0007,0.7541,-0.0983,0.0040,3.4217,0.1056,0.4296,0.0172,0.1062,-0.3245,3.4217,0.1056,0.4296,3.6961,0.1420,0.4800,0,1,3.5638,-0.0510,0.3740,0.1587,-0.0509,-0.3801,3.5638,-0.0510,0.3740,3.6212,-0.1420,0.4800,1,1,3.1716,0.0755,0.3130,-0.2330,0.0771,-0.4411,3.1716,0.0755,0.3130,3.2333,0.1405,0.4200,1,1,3.0376,-0.0848,0.3674,-0.3676,-0.0826,-0.3867,3.0376,-0.0848,0.3674,3.3104,-0.1435,0.4200,0,1
3.4076,-0.0005,0.7538,-0.1008,0.0015,3.4186,0.1076,0.4406,0.0112,0.1081,-0.3132,3.4186,0.1076,0.4406,3.6992,0.1418,0.4800,0,1,3.5638,-0.0511,0.3740,0.1561,-0.0508,-0.3798,3.5638,-0.0511,0.3740,3.6216,-0.1422,0.4800,1,1,3.1715,0.0754,0.3130,-0.2360,0.0763,-0.4408,3.1715,0.0754,0.3130,3.2344,0.1412,0.4200,1,1,3.0407,-0.0896,0.3785,-0.3670,-0.0885,-0.3753,3.0407,-0.0896,0.3785,3.3128,-0.1428,0.4200,0,1
3.4103,-0.0003,0.7536,-0.1068,-0.0001,3.4268,0.1060,0.4487,0.0165,0.1063,-0.3049,3.4268,0.1060,0.4487,3.7021,0.1417,0.4800,0,1,3.5636,-0.0511,0.3739,0.1533,-0.0508,-0.3797,3.5636,-0.0511,0.3739,3.6221,-0.1423,0.4800,1,1,3.1714,0.0754,0.3131,-0.2389,0.0757,-0.4405,3.1714,0.0754,0.3131,3.2353,0.1417,0.4200,1,1,3.0615,-0.0896,0.3868,-0.3488,-0.0893,-0.3668,3.0615,-0.0896,0.3868,3.3153,-0.1423,0.4200,0,1
3.4130,-0.0001,0.7536,-0.1105,-0.0012,3.4163,0.1043,0.4528,0.0032,0.1044,-0.3008,3.4163,0.1043,0.4528,3.7050,0.1417,0.4800,0,1,3.5637,-0.0511,0.3740,0.1508,-0.0508,-0.3796,3.5637,-0.0511,0.3740,3.6226,-0.1423,0.4800,1,1,3.1714,0.0754,0.3131,-0.2417,0.0752,-0.4405,3.1714,0.0754,0.3131,3.2362,0.1422,0.4200,1,1,3.0771,-0.0921,0.3908,-0.3358,-0.0924,-0.3628,3.0771,-0.0921,0.3908,3.3178,-0.1418,0.4200,0,1
3.4155,0.0002,0.7537,-0.1092,-0.0019,3.4102,0.1058,0.4517,-0.0055,0.1056,-0.3020,3.4102,0.1058,0.4517,3.7076,0.1418,0.4800,0,1,3.5636,-0.0511,0.3740,0.1482,-0.0510,-0.3797,3.5636,-0.0511,0.3740,3.6230,-0.1422,0.4800,1,1,3.1714,0.0754,0.3131,-0.2442,0.0747,-0.4406,3.1714,0.0754,0.3131,3.2368,0.1426,0.4200,1,1,3.0779,-0.1001,0.3897,-0.3374,-0.1009,-0.3640,3.0779,-0.1001,0.3897,3.3202,-0.1414,0.4200,0,1
3.4180,0.0004,0.7542,-0.1034,-0.0028,3.4044,0.1118,0.4460,-0.0139,0.1114,-0.3082,3.4044,0.1118,0.4460,3.7102,0.1418,0.4800,0,1,3.5638,-0.0510,0.3740,0.1459,-0.0510,-0.3802,3.5638,-0.0510,0.3740,3.6234,-0.1422,0.4800,1,1,3.1716,0.0756,0.3130,-0.2466,0.0745,-0.4412,3.1716,0.0756,0.3130,3.2374,0.1429,0.4200,1,1,3.0622,-0.1142,0.3837,-0.3555,-0.1156,-0.3705,3.0622,-0.1142,0.3837,3.3226,-0.1411,0.4200,0,1
3.4207,0.0006,0.7548,-0.0983,-0.0064,3.3796,0.1370,0.4364,-0.0420,0.1361,-0.3184,3.3796,0.1370,0.4364,3.7134,0.1414,0.4800,0,1,3.5640,-0.0510,0.3740,0.1436,-0.0507,-0.3808,3.5640,-0.0510,0.3740,3.6236,-0.1426,0.4800,1,1,3.1718,0.0755,0.3129,-0.2494,0.0733,-0.4419,3.1718,0.0755,0.3129,3.2386,0.1439,0.4200,1,1,3.0274,-0.1420,0.3740,-0.3924,-0.1451,-0.3808,3.0274,-0.1420,0.3740,3.3248,-0.1401,0.4200,0,1
3.4224,0.0009,0.7557,-0.0892,-0.0106,3.3773,0.1671,0.4283,-0.0469,0.1657,-0.3274,3.3773,0.1671,0.4283,3.7157,0.1409,0.4800,0,1,3.5634,-0.0509,0.3738,0.1415,-0.0503,-0.3819,3.5634,-0.0509,0.3738,3.6227,-0.1431,0.4800,1,1,3.1712,0.0757,0.3132,-0.2520,0.0721,-0.4425,3.1712,0.0757,0.3132,3.2389,0.1450,0.4200,1,1,3.0329,-0.1648,0.3691,-0.3877,-0.1698,-0.3866,3.0329,-0.1648,0.3691,3.3259,-0.1390,0.4200,0,1
3.4248,0.0012,0.7567,-0.0826,-0.0046,3.3966,0.1619,0.4187,-0.0289,0.1606,-0.3380,3.3966,0.1619,0.4187,3.7172,0.1423,0.4800,0,1,3.5635,-0.0514,0.3739,0.1389,-0.0520,-0.3828,3.5635,-0.0514,0.3739,3.6239,-0.1417,0.4800,1,1,3.1714,0.0752,0.3131,-0.2537,0.0728,-0.4436,3.1714,0.0752,0.3131,3.2384,0.1441,0.4200,1,1,3.0455,-0.1371,0.3576,-0.3787,-0.1400,-0.3991,3.0455,-0.1371,0.3576,3.3291,-0.1399,0.4200,0,1
3.4293,0.0017,0.7564,-0.1023,0.0023,3.4144,0.1241,0.4049,-0.0146,0.1224,-0.3515,3.4144,0.1241,0.4049,3.7208,0.1442,0.4800,0,1,3.5639,-0.0517,0.3741,0.1345,-0.0537,-0.3823,3.5639,-0.0517,0.3741,3.6275,-0.1398,0.4800,1,1,3.1718,0.0748,0.3130,-0.2573,0.0737,-0.4434,3.1718,0.0748,0.3130,3.2400,0.1433,0.4200,1,1,3.0662,-0.0892,0.3442,-0.3633,-0.0901,-0.4122,3.0662,-0.0892,0.3442,3.3347,-0.1407,0.4200,0,1
3.4325,0.0025,0.7561,-0.1195,0.0089,3.5301,0.0703,0.4051,0.0982,0.0669,-0.3510,3.5301,0.0703,0.4051,3.7231,0.1462,0.4800,0,1,3.5630,-0.0509,0.3736,0.1300,-0.0546,-0.3825,3.5630,-0.0509,0.3736,3.6296,-0.1378,0.4800,1,1,3.1707,0.0756,0.3136,-0.2611,0.0754,-0.4425,3.1707,0.0756,0.3136,3.2403,0.1427,0.4200,1,1,3.1720,-0.0546,0.3394,-0.2610,-0.0548,-0.4167,3.1720,-0.0546,0.3394,3.3388,-0.1413,0.4200,0,1
3.4360,0.0031,0.7561,-0.1314,0.0067,3.5835,0.0772,0.3975,0.1480,0.0731,-0.3586,3.5835,0.0772,0.3975,3.7269,0.1464,0.4800,0,1,3.5623,-0.0511,0.3734,0.1259,-0.0550,-0.3827,3.5623,-0.0511,0.3734,3.6308,-0.1376,0.4800,1,1,3.1699,0.0754,0.3139,-0.2656,0.0741,-0.4422,3.1699,0.0754,0.3139,3.2421,0.1438,0.4200,1,1,3.2440,-0.0660,0.3311,-0.1925,-0.0678,-0.4250,3.2440,-0.0660,0.3311,3.3420,-0.1402,0.4200,0,1
3.4395,0.0035,0.7564,-0.1267,0.0024,3.6098,0.0938,0.3907,0.1705,0.0899,-0.3657,3.6098,0.0938,0.3907,3.7310,0.1460,0.4800,0,1,3.5614,-0.0513,0.3730,0.1218,-0.0551,-0.3834,3.5614,-0.0513,0.3730,3.6317,-0.1380,0.4800,1,1,3.1689,0.0753,0.3145,-0.2704,0.0724,-0.4419,3.1689,0.0753,0.3145,3.2442,0.1451,0.4200,1,1,3.3044,-0.0852,0.3267,-0.1353,-0.0884,-0.4297,3.3044,-0.0852,0.3267,3.3449,-0.1389,0.4200,0,1
3.4448,0.0039,0.7568,-0.1280,0.0066,3.6098,0.0938,0.3907,0.1656,0.0888,-0.3661,3.6098,0.0938,0.3907,3.6686,0.1472,0.4800,1,1,3.5363,-0.0728,0.3782,0.0910,-0.0773,-0.3786,3.5363,-0.0728,0.3782,3.7375,-0.1368,0.4800,0,1,3.1558,0.0864,0.3187,-0.2884,0.0844,-0.4381,3.1558,0.0864,0.3187,3.3489,0.1446,0.4200,0,1,3.3045,-0.0851,0.3266,-0.1409,-0.0881,-0.4302,3.3045,-0.0851,0.3266,3.2837,-0.1394,0.4200,1,1
3.4493,0.0044,0.7576,-0.1208,0.0154,3.6097,0.0940,0.3908,0.1618,0.0871,-0.3668,3.6097,0.0940,0.3908,3.6699,0.1493,0.4800,1,1,3.4771,-0.1267,0.3879,0.0258,-0.1315,-0.3697,3.4771,-0.1267,0.3879,3.7432,-0.1347,0.4800,0,1,3.1104,0.1232,0.3298,-0.3370,0.1240,-0.4278,3.1104,0.1232,0.3298,3.3521,0.1433,0.4200,0,1,3.3044,-0.0849,0.3266,-0.1463,-0.0871,-0.4310,3.3044,-0.0849,0.3266,3.2875,-0.1406,0.4200,1,1
3.4526,0.0048,0.7599,-0.0987,0.0148,3.6101,0.0940,0.3908,0.1588,0.0869,-0.3691,3.6101,0.0940,0.3908,3.6712,0.1497,0.4800,1,1,3.4467,-0.1355,0.4040,-0.0080,-0.1402,-0.3559,3.4467,-0.1355,0.4040,3.7464,-0.1343,0.4800,0,1,3.0957,0.1188,0.3435,-0.3552,0.1193,-0.4164,3.0957,0.1188,0.3435,3.3555,0.1439,0.4200,0,1,3.3048,-0.0849,0.3264,-0.1491,-0.0875,-0.4335,3.3048,-0.0849,0.3264,3.2887,-0.1400,0.4200,1,1
3.4570,0.0051,0.7614,-0.0885,0.0096,3.6104,0.0939,0.3909,0.1542,0.0873,-0.3705,3.6104,0.0939,0.3909,3.6744,0.1489,0.4800,1,1,3.4220,-0.1084,0.4169,-0.0361,-0.1132,-0.3445,3.4220,-0.1084,0.4169,3.7501,-0.1351,0.4800,0,1,3.0713,0.0934,0.3559,-0.3848,0.0920,-0.4055,3.0713,0.0934,0.3559,3.3606,0.1452,0.4200,0,1,3.3052,-0.0850,0.3263,-0.1527,-0.0886,-0.4351,3.3052,-0.0850,0.3263,3.2904,-0.1388,0.4200,1,1
3.4608,0.0052,0.7623,-0.0827,0.0037,3.6102,0.0938,0.3908,0.1497,0.0880,-0.3715,3.6102,0.0938,0.3908,3.6771,0.1479,0.4800,1,1,3.4279,-0.0808,0.4318,-0.0332,-0.0859,-0.3305,3.4279,-0.0808,0.4318,3.7532,-0.1361,0.4800,0,1,3.0862,0.0690,0.3705,-0.3744,0.0652,-0.3918,3.0862,0.0690,0.3705,3.3653,0.1465,0.4200,0,1,3.3050,-0.0852,0.3264,-0.1561,-0.0898,-0.4359,3.3050,-0.0852,0.3264,3.2914,-0.1375,0.4200,1,1
3.4642,0.0051,0.7627,-0.0769,0.0028,3.6104,0.0938,0.3909,0.1464,0.0883,-0.3718,3.6104,0.0938,0.3909,3.6786,0.1476,0.4800,1,1,3.4190,-0.0818,0.4440,-0.0454,-0.0868,-0.3187,3.4190,-0.0818,0.4440,3.7564,-0.1364,0.4800,0,1,3.0761,0.0675,0.3834,-0.3879,0.0635,-0.3793,3.0761,0.0675,0.3834,3.3688,0.1465,0.4200,0,1,3.3052,-0.0851,0.3263,-0.1593,-0.0898,-0.4364,3.3052,-0.0851,0.3263,3.2926,-0.1375,0.4200,1,1
3.4677,0.0047,0.7627,-0.0775,0.0044,3.6105,0.0937,0.3909,0.1432,0.0884,-0.3718,3.6105,0.0937,0.3909,3.6799,0.1476,0.4800,1,1,3.4138,-0.0919,0.4539,-0.0543,-0.0964,-0.3088,3.4138,-0.0919,0.4539,3.7602,-0.1364,0.4800,0,1,3.0525,0.0787,0.3934,-0.4149,0.0758,-0.3693,3.0525,0.0787,0.3934,3.3721,0.1459,0.4200,0,1,3.3053,-0.0852,0.3263,-0.1628,-0.0892,-0.4364,3.3053,-0.0852,0.3263,3.2944,-0.1381,0.4200,1,1
3.4714,0.0043,0.7629,-0.0834,0.0049,3.6104,0.0937,0.3908,0.1394,0.0887,-0.3721,3.6104,0.0937,0.3908,3.6815,0.1472,0.4800,1,1,3.4234,-0.0974,0.4600,-0.0485,-0.1015,-0.3029,3.4234,-0.0974,0.4600,3.7639,-0.1368,0.4800,0,1,3.0502,0.0832,0.3998,-0.4208,0.0810,-0.3631,3.0502,0.0832,0.3998,3.3757,0.1453,0.4200,0,1,3.3052,-0.0852,0.3263,-0.1666,-0.0887,-0.4366,3.3052,-0.0852,0.3263,3.2961,-0.1387,0.4200,1,1
3.4752,0.0038,0.7634,-0.0902,0.0041,3.6103,0.0937,0.3908,0.1355,0.0893,-0.3726,3.6103,0.0937,0.3908,3.6834,0.1466,0.4800,1,1,3.4340,-0.1029,0.4615,-0.0416,-0.1065,-0.3019,3.4340,-0.1029,0.4615,3.7676,-0.1374,0.4800,0,1,3.0719,0.0795,0.4016,-0.4030,0.0774,-0.3618,3.0719,0.0795,0.4016,3.3796,0.1450,0.4200,0,1,3.3050,-0.0852,0.3264,-0.1706,-0.0883,-0.4370,3.3050,-0.0852,0.3264,3.2978,-0.1390,0.4200,1,1
3.4790,0.0033,0.7645,-0.0919,0.0035,3.6103,0.0939,0.3909,0.1316,0.0901,-0.3736,3.6103,0.0939,0.3909,3.6853,0.1460,0.4800,1,1,3.4319,-0.1183,0.4579,-0.0475,-0.1214,-0.3066,3.4319,-0.1183,0.4579,3.7713,-0.1380,0.4800,0,1,3.0824,0.0825,0.3981,-0.3963,0.0806,-0.3664,3.0824,0.0825,0.3981,3.3835,0.1447,0.4200,0,1,3.3051,-0.0850,0.3264,-0.1742,-0.0877,-0.4381,3.3051,-0.0850,0.3264,3.2995,-0.1393,0.4200,1,1
3.4829,0.0030,0.7660,-0.0917,0.0032,3.6105,0.0938,0.3909,0.1279,0.0904,-0.3751,3.6105,0.0938,0.3909,3.6873,0.1456,0.4800,1,1,3.4196,-0.1485,0.4504,-0.0638,-0.1513,-0.3156,3.4196,-0.1485,0.4504,3.7752,-0.1384,0.4800,0,1,3.0687,0.1037,0.3901,-0.4139,0.1020,-0.3759,3.0687,0.1037,0.3901,3.3875,0.1444,0.4200,0,1,3.3053,-0.0851,0.3263,-0.1779,-0.0875,-0.4397,3.3053,-0.0851,0.3263,3.3014,-0.1396,0.4200,1,1
3.4865,0.0025,0.7680,-0.0874,0.0044,3.6101,0.0939,0.3907,0.1240,0.0909,-0.3773,3.6101,0.0939,0.3907,3.6887,0.1453,0.4800,1,1,3.4365,-0.1664,0.4442,-0.0507,-0.1687,-0.3238,3.4365,-0.1664,0.4442,3.7790,-0.1387,0.4800,0,1,3.0729,0.1317,0.3834,-0.4130,0.1310,-0.3846,3.0729,0.1317,0.3834,3.3909,0.1436,0.4200,0,1,3.3049,-0.0850,0.3264,-0.1820,-0.0867,-0.4416,3.3049,-0.0850,0.3264,3.3032,-0.1404,0.4200,1,1
3.4918,0.0019,0.7698,-0.0963,-0.0004,3.6105,0.0937,0.3908,0.1187,0.0918,-0.3790,3.6105,0.0937,0.3908,3.6926,0.1438,0.4800,1,1,3.4815,-0.1340,0.4320,-0.0102,-0.1359,-0.3378,3.4815,-0.1340,0.4320,3.7835,-0.1402,0.4800,0,1,3.0936,0.1235,0.3730,-0.3982,0.1214,-0.3968,3.0936,0.1235,0.3730,3.3968,0.1439,0.4200,0,1,3.3053,-0.0853,0.3263,-0.1865,-0.0873,-0.4435,3.3053,-0.0853,0.3263,3.3057,-0.1401,0.4200,1,1
3.4972,0.0014,0.7718,-0.1201,-0.0172,3.6096,0.0933,0.3903,0.1108,0.0938,-0.3815,3.6096,0.0933,0.3903,3.6984,0.1401,0.4800,1,1,3.6278,-0.0936,0.4304,0.1322,-0.0927,-0.3414,3.6278,-0.0936,0.4304,3.7865,-0.1438,0.4800,0,1,3.1760,0.0850,0.3671,-0.3226,0.0781,-0.4047,3.1760,0.0850,0.3671,3.3647,0.1068,0.4200,0,1,3.3043,-0.0857,0.3265,-0.1914,-0.0904,-0.4453,3.3043,-0.0857,0.3265,3.3068,-0.1372,0.4200,1,1
3.5025,0.0007,0.7742,-0.1436,-0.0243,3.6090,0.0931,0.3899,0.1042,0.0950,-0.3843,3.6090,0.0931,0.3899,3.7027,0.1380,0.4800,1,1,3.7251,-0.1038,0.4191,0.2251,-0.0991,-0.3551,3.7251,-0.1038,0.4191,3.7908,-0.1459,0.4800,0,1,3.2682,0.0890,0.3589,-0.2364,0.0826,-0.4153,3.2682,0.0890,0.3589,3.3710,0.1074,0.4200,0,1,3.3036,-0.0859,0.3267,-0.1967,-0.0914,-0.4475,3.3036,-0.0859,0.3267,3.3091,-0.1365,0.4200,1,1
3.5085,-0.0002,0.7760,-0.1662,-0.0275,3.6087,0.0933,0.3898,0.0976,0.0962,-0.3862,3.6087,0.0933,0.3898,3.7071,0.1365,0.4800,1,1,3.7720,-0.1414,0.4084,0.2673,-0.1339,-0.3676,3.7720,-0.1414,0.4084,3.7963,-0.1474,0.4800,0,1,3.3104,0.1146,0.3489,-0.2012,0.1093,-0.4271,3.3104,0.1146,0.3489,3.3775,0.1071,0.4200,0,1,3.3033,-0.0857,0.3268,-0.2028,-0.0911,-0.4492,3.3033,-0.0857,0.3268,3.3127,-0.1368,0.4200,1,1
3.5144,-0.0010,0.7776,-0.1733,-0.0331,3.6090,0.0934,0.3897,0.0914,0.0975,-0.3879,3.6090,0.0934,0.3897,3.7118,0.1346,0.4800,1,1,3.7771,-0.1553,0.4017,0.2677,-0.1455,-0.3759,3.7771,-0.1553,0.4017,3.8014,-0.1493,0.4800,0,1,3.3327,0.1351,0.3410,-0.1861,0.1300,-0.4366,3.3327,0.1351,0.3410,3.3842,0.1074,0.4200,0,1,3.3036,-0.0856,0.3265,-0.2079,-0.0915,-0.4511,3.3036,-0.0856,0.3265,3.3158,-0.1365,0.4200,1,1
3.5209,-0.0016,0.7784,-0.1696,-0.0455,3.6153,0.1065,0.3925,0.0894,0.1123,-0.3859,3.6153,0.1065,0.3925,3.8190,0.1315,0.4800,0,1,3.7739,-0.1527,0.3979,0.2596,-0.1394,-0.3805,3.7739,-0.1527,0.3979,3.7400,-0.1522,0.4800,1,1,3.3449,0.1436,0.3389,-0.1824,0.1370,-0.4395,3.3449,0.1436,0.3389,3.3666,0.1491,0.4200,1,1,3.2890,-0.0855,0.3288,-0.2278,-0.0944,-0.4496,3.2890,-0.0855,0.3288,3.4196,-0.1346,0.4200,0,1
3.5278,-0.0022,0.7787,-0.1651,-0.0579,3.6834,0.0804,0.4119,0.1506,0.0915,-0.3668,3.6834,0.0804,0.4119,3.8275,0.1285,0.4800,0,1,3.7742,-0.1521,0.3977,0.2547,-0.1354,-0.3810,3.7742,-0.1521,0.3977,3.7431,-0.1550,0.4800,1,1,3.3451,0.1441,0.3388,-0.1909,0.1355,-0.4399,3.3451,0.1441,0.3388,3.3733,0.1509,0.4200,1,1,3.2174,-0.0905,0.3354,-0.3048,-0.1061,-0.4433,3.2174,-0.0905,0.3354,3.4249,-0.1327,0.4200,0,1
3.5318,-0.0027,0.7795,-0.1384,-0.0656,3.7891,0.0563,0.4261,0.2529,0.0757,-0.3534,3.7891,0.0563,0.4261,3.8325,0.1264,0.4800,0,1,3.7734,-0.1521,0.3973,0.2509,-0.1332,-0.3822,3.7734,-0.1521,0.3973,3.7439,-0.1569,0.4800,1,1,3.3442,0.1441,0.3391,-0.1968,0.1342,-0.4404,3.3442,0.1441,0.3391,3.3765,0.1518,0.4200,1,1,3.1743,-0.0998,0.3548,-0.3504,-0.1203,-0.4247,3.1743,-0.0998,0.3548,3.3879,-0.1716,0.4200,0,1
3.5372,-0.0037,0.7793,-0.1203,-0.0659,3.8201,0.0449,0.4396,0.2791,0.0671,-0.3397,3.8201,0.0449,0.4396,3.8379,0.1254,0.4800,0,1,3.7736,-0.1525,0.3975,0.2457,-0.1329,-0.3818,3.7736,-0.1525,0.3975,3.7472,-0.1580,0.4800,1,1,3.3445,0.1437,0.3389,-0.2020,0.1344,-0.4404,3.3445,0.1437,0.3389,3.3800,0.1509,0.4200,1,1,3.1430,-0.0798,0.3693,-0.3883,-0.1019,-0.4100,3.1430,-0.0798,0.3693,3.3932,-0.1725,0.4200,0,1
3.5432,-0.0046,0.7780,-0.1052,-0.0716,3.7705,0.0446,0.4533,0.2232,0.0653,-0.3247,3.7705,0.0446,0.4533,3.8446,0.1233,0.4800,0,1,3.7740,-0.1525,0.3977,0.2408,-0.1310,-0.3803,3.7740,-0.1525,0.3977,3.7503,-0.1599,0.4800,1,1,3.3451,0.1439,0.3386,-0.2082,0.1339,-0.4394,3.3451,0.1439,0.3386,3.3848,0.1510,0.4200,1,1,3.1350,-0.0680,0.3855,-0.4026,-0.0924,-0.3925,3.1350,-0.0680,0.3855,3.3985,-0.1723,0.4200,0,1
3.5481,-0.0052,0.7770,-0.0819,-0.0820,3.7314,0.0591,0.4668,0.1774,0.0791,-0.3102,3.7314,0.0591,0.4668,3.8509,0.1206,0.4800,0,1,3.7742,-0.1524,0.3977,0.2374,-0.1282,-0.3793,3.7742,-0.1524,0.3977,3.7517,-0.1625,0.4800,1,1,3.3454,0.1442,0.3384,-0.2143,0.1323,-0.4386,3.3454,0.1442,0.3384,3.3894,0.1523,0.4200,1,1,3.1121,-0.0908,0.4014,-0.4275,-0.1210,-0.3756,3.1121,-0.0908,0.4014,3.4022,-0.1708,0.4200,0,1
3.5529,-0.0059,0.7764,-0.0707,-0.0810,3.7350,0.0673,0.4781,0.1756,0.0877,-0.2983,3.7350,0.0673,0.4781,3.8556,0.1201,0.4800,0,1,3.7743,-0.1527,0.3980,0.2326,-0.1284,-0.3784,3.7743,-0.1527,0.3980,3.7546,-0.1630,0.4800,1,1,3.3456,0.1439,0.3384,-0.2187,0.1325,-0.4380,3.3456,0.1439,0.3384,3.3921,0.1514,0.4200,1,1,3.1299,-0.0871,0.4123,-0.4150,-0.1152,-0.3641,3.1299,-0.0871,0.4123,3.4071,-0.1717,0.4200,0,1
3.5576,-0.0061,0.7764,-0.0758,-0.0771,3.7529,0.0650,0.4860,0.1892,0.0859,-0.2904,3.7529,0.0650,0.4860,3.8598,0.1207,0.4800,0,1,3.7737,-0.1526,0.3976,0.2267,-0.1294,-0.3788,3.7737,-0.1526,0.3976,3.7579,-0.1624,0.4800,1,1,3.3450,0.1441,0.3386,-0.2235,0.1334,-0.4378,3.3450,0.1441,0.3386,3.3942,0.1506,0.4200,1,1,3.2380,-0.0764,0.4250,-0.3132,-0.0947,-0.3514,3.2380,-0.0764,0.4250,3.4123,-0.1726,0.4200,0,1
3.5625,-0.0057,0.7767,-0.0872,-0.0742,3.7699,0.0685,0.4897,0.2013,0.0894,-0.2870,3.7699,0.0685,0.4897,3.8643,0.1217,0.4800,0,1,3.7734,-0.1526,0.3975,0.2212,-0.1309,-0.3792,3.7734,-0.1526,0.3975,3.7613,-0.1616,0.4800,1,1,3.3447,0.1442,0.3387,-0.2283,0.1333,-0.4380,3.3447,0.1442,0.3387,3.3966,0.1503,0.4200,1,1,3.3223,-0.0820,0.4309,-0.2339,-0.0939,-0.3458,3.3223,-0.0820,0.4309,3.4175,-0.1729,0.4200,0,1
3.5675,-0.0053,0.7769,-0.1045,-0.0702,3.7929,0.0822,0.4884,0.2187,0.1031,-0.2885,3.7929,0.0822,0.4884,3.8688,0.1229,0.4800,0,1,3.7734,-0.1525,0.3974,0.2157,-0.1324,-0.3795,3.7734,-0.1525,0.3974,3.7649,-0.1604,0.4800,1,1,3.3446,0.1442,0.3387,-0.2328,0.1335,-0.4382,3.3446,0.1442,0.3387,3.3990,0.1500,0.4200,1,1,3.3627,-0.0889,0.4302,-0.1984,-0.0978,-0.3467,3.3627,-0.0889,0.4302,3.4230,-0.1733,0.4200,0,1
3.5725,-0.0048,0.7771,-0.1225,-0.0646,3.8202,0.1076,0.4827,0.2399,0.1282,-0.2944,3.8202,0.1076,0.4827,3.8731,0.1245,0.4800,0,1,3.7735,-0.1525,0.3975,0.2101,-0.1344,-0.3796,3.7735,-0.1525,0.3975,3.7688,-0.1589,0.4800,1,1,3.3448,0.1442,0.3387,-0.2368,0.1340,-0.4384,3.3448,0.1442,0.3387,3.3611,0.1095,0.4200,1,1,3.3738,-0.0934,0.4247,-0.1926,-0.1012,-0.3524,3.3738,-0.0934,0.4247,3.4688,-0.1339,0.4800,0,1
3.5773,-0.0043,0.7776,-0.1340,-0.0581,3.8510,0.1495,0.4733,0.2643,0.1694,-0.3043,3.8510,0.1495,0.4733,3.8770,0.1263,0.4800,0,1,3.7735,-0.1527,0.3975,0.2045,-0.1368,-0.3801,3.7735,-0.1527,0.3975,3.7726,-0.1572,0.4800,1,1,3.3448,0.1441,0.3386,-0.2407,0.1346,-0.4390,3.3448,0.1441,0.3386,3.3629,0.1088,0.4200,1,1,3.3669,-0.0995,0.4156,-0.2045,-0.1073,-0.3620,3.3669,-0.0995,0.4156,3.4744,-0.1348,0.4800,0,1
3.5816,-0.0038,0.7780,-0.1367,-0.0517,3.8838,0.2136,0.4613,0.2906,0.2327,-0.3167,3.8838,0.2136,0.4613,3.8805,0.1281,0.4800,0,1,3.7735,-0.1532,0.3977,0.1994,-0.1393,-0.3803,3.7735,-0.1532,0.3977,3.7758,-0.1555,0.4800,1,1,3.3448,0.1436,0.3384,-0.2441,0.1350,-0.4396,3.3448,0.1436,0.3384,3.4042,0.1481,0.4200,1,1,3.3528,-0.1256,0.4042,-0.2222,-0.1335,-0.3738,3.3528,-0.1256,0.4042,3.4795,-0.1355,0.4800,0,1
3.5853,-0.0031,0.7783,-0.1328,-0.0468,3.8887,0.2685,0.4539,0.2904,0.2855,-0.3244,3.8887,0.2685,0.4539,3.8836,0.1297,0.4800,0,1,3.7738,-0.1524,0.3975,0.1953,-0.1403,-0.3808,3.7738,-0.1524,0.3975,3.7783,-0.1540,0.4800,1,1,3.3451,0.1443,0.3385,-0.2468,0.1360,-0.4398,3.3451,0.1443,0.3385,3.4052,0.1478,0.4200,1,1,3.3388,-0.1858,0.3912,-0.2377,-0.1940,-0.3871,3.3388,-0.1858,0.3912,3.4839,-0.1359,0.4800,0,1
3.5900,-0.0022,0.7797,-0.1346,-0.0445,3.8589,0.2677,0.4445,0.2566,0.2816,-0.3352,3.8589,0.2677,0.4445,3.8879,0.1311,0.4800,0,1,3.7737,-0.1519,0.3972,0.1902,-0.1414,-0.3825,3.7737,-0.1519,0.3972,3.7813,-0.1526,0.4800,1,1,3.3450,0.1449,0.3387,-0.2513,0.1361,-0.4410,3.3450,0.1449,0.3387,3.4075,0.1483,0.4200,1,1,3.3526,-0.2235,0.3784,-0.2273,-0.2316,-0.4013,3.3526,-0.2235,0.3784,3.4888,-0.1354,0.4800,0,1
3.5952,-0.0012,0.7816,-0.1378,-0.0328,3.8493,0.2379,0.4333,0.2461,0.2473,-0.3483,3.8493,0.2379,0.4333,3.8916,0.1344,0.4800,0,1,3.7738,-0.1518,0.3972,0.1834,-0.1447,-0.3844,3.7738,-0.1518,0.3972,3.7862,-0.1495,0.4800,1,1,3.3450,0.1449,0.3387,-0.2549,0.1378,-0.4429,3.3450,0.1449,0.3387,3.4090,0.1471,0.4200,1,1,3.3860,-0.2041,0.3682,-0.2024,-0.2097,-0.4134,3.3860,-0.2041,0.3682,3.4956,-0.1368,0.4800,0,1
3.6004,-0.0002,0.7833,-0.1393,-0.0146,3.8465,0.2052,0.4246,0.2431,0.2090,-0.3587,3.8465,0.2052,0.4246,3.8943,0.1390,0.4800,0,1,3.7735,-0.1521,0.3972,0.1753,-0.1494,-0.3861,3.7735,-0.1521,0.3972,3.7921,-0.1450,0.4800,1,1,3.3447,0.1447,0.3388,-0.2578,0.1412,-0.4445,3.3447,0.1447,0.3388,3.4095,0.1446,0.4200,1,1,3.4230,-0.1608,0.3600,-0.1750,-0.1632,-0.4233,3.4230,-0.1608,0.3600,3.5034,-0.1394,0.4800,0,1
3.6050,0.0009,0.7844,-0.1292,-0.0020,3.8328,0.1940,0.4180,0.2274,0.1936,-0.3664,3.8328,0.1940,0.4180,3.8971,0.1425,0.4800,0,1,3.7729,-0.1520,0.3969,0.1682,-0.1526,-0.3875,3.7729,-0.1520,0.3969,3.7966,-0.1415,0.4800,1,1,3.3442,0.1447,0.3398,-0.2611,0.1433,-0.4446,3.3442,0.1447,0.3398,3.4103,0.1433,0.4200,1,1,3.4666,-0.1470,0.3546,-0.1381,-0.1482,-0.4298,3.4666,-0.1470,0.3546,3.5098,-0.1407,0.4800,0,1
3.6106,0.0021,0.7842,-0.1276,0.0138,3.8328,0.1943,0.4181,0.2248,0.1891,-0.3661,3.8328,0.1943,0.4181,3.8335,0.1467,0.4800,1,1,3.7782,-0.1757,0.4016,0.1651,-0.1801,-0.3826,3.7782,-0.1757,0.4016,3.9044,-0.1373,0.4800,0,1,3.3502,0.1582,0.3443,-0.2582,0.1597,-0.4399,3.3502,0.1582,0.3443,3.5137,0.1414,0.4800,0,1,3.4665,-0.1466,0.3544,-0.1461,-0.1467,-0.4298,3.4665,-0.1466,0.3544,3.4906,-0.1826,0.4800,1,1
3.6165,0.0034,0.7847,-0.1275,0.0191,3.8330,0.1938,0.4180,0.2201,0.1862,-0.3667,3.8330,0.1938,0.4180,3.8365,0.1490,0.4800,1,1,3.7968,-0.1382,0.4159,0.1776,-0.1450,-0.3688,3.7968,-0.1382,0.4159,3.9109,-0.1349,0.4800,0,1,3.3784,0.1211,0.3608,-0.2358,0.1222,-0.4239,3.3784,0.1211,0.3608,3.5188,0.1416,0.4800,0,1,3.4666,-0.1469,0.3544,-0.1527,-0.1474,-0.4303,3.4666,-0.1469,0.3544,3.4952,-0.1823,0.4800,1,1
3.6207,0.0044,0.7868,-0.1212,0.0102,3.8336,0.1927,0.4176,0.2148,0.1861,-0.3692,3.8336,0.1927,0.4176,3.8401,0.1483,0.4800,1,1,3.8368,-0.0291,0.4335,0.2157,-0.0357,-0.3533,3.8368,-0.0291,0.4335,3.9140,-0.1357,0.4800,0,1,3.3683,0.0461,0.3770,-0.2520,0.0443,-0.4098,3.3683,0.0461,0.3770,3.5243,0.1444,0.4800,0,1,3.4670,-0.1480,0.3546,-0.1552,-0.1508,-0.4322,3.4670,-0.1480,0.3546,3.4962,-0.1796,0.4800,1,1
3.6252,0.0053,0.7871,-0.1144,0.0164,3.8337,0.1927,0.4176,0.2115,0.1840,-0.3695,3.8337,0.1927,0.4176,3.8417,0.1504,0.4800,1,1,3.8530,-0.0073,0.4473,0.2276,-0.0163,-0.3398,3.8530,-0.0073,0.4473,3.9193,-0.1335,0.4800,0,1,3.3550,0.0366,0.3901,-0.2697,0.0357,-0.3970,3.3550,0.0366,0.3901,3.5279,0.1441,0.4800,0,1,3.4671,-0.1480,0.3545,-0.1606,-0.1507,-0.4326,3.4671,-0.1480,0.3545,3.4996,-0.1799,0.4800,1,1
3.6301,0.0063,0.7860,-0.1105,0.0326,3.8338,0.1930,0.4178,0.2097,0.1800,-0.3682,3.8338,0.1930,0.4178,3.8422,0.1544,0.4800,1,1,3.8509,-0.0391,0.4603,0.2192,-0.0526,-0.3257,3.8509,-0.0391,0.4603,3.9265,-0.1294,0.4800,0,1,3.3618,0.0614,0.4033,-0.2664,0.0638,-0.3827,3.3618,0.0614,0.4033,3.5306,0.1418,0.4800,0,1,3.4672,-0.1476,0.3543,-0.1678,-0.1485,-0.4317,3.4672,-0.1476,0.3543,3.5049,-0.1820,0.4800,1,1
3.6350,0.0071,0.7853,-0.1073,0.0456,3.8337,0.1932,0.4179,0.2070,0.1768,-0.3674,3.8337,0.1932,0.4179,3.8431,0.1577,0.4800,1,1,3.8474,-0.0662,0.4725,0.2088,-0.0829,-0.3128,3.8474,-0.0662,0.4725,3.9330,-0.1260,0.4800,0,1,3.3763,0.0798,0.4156,-0.2551,0.0844,-0.3697,3.3763,0.0798,0.4156,3.5337,0.1400,0.4800,0,1,3.4671,-0.1474,0.3543,-0.1748,-0.1467,-0.4310,3.4671,-0.1474,0.3543,3.5096,-0.1837,0.4800,1,1
3.6396,0.0077,0.7854,-0.1050,0.0535,3.8337,0.1933,0.4179,0.2037,0.1750,-0.3675,3.8337,0.1933,0.4179,3.8445,0.1598,0.4800,1,1,3.8518,-0.0782,0.4822,0.2073,-0.0971,-0.3032,3.8518,-0.0782,0.4822,3.9387,-0.1238,0.4800,0,1,3.3886,0.0895,0.4254,-0.2463,0.0951,-0.3600,3.3886,0.0895,0.4254,3.5373,0.1391,0.4800,0,1,3.4671,-0.1473,0.3543,-0.1805,-0.1456,-0.4311,3.4671,-0.1473,0.3543,3.5135,-0.1845,0.4800,1,1
3.6441,0.0083,0.7861,-0.1035,0.0587,3.8337,0.1932,0.4179,0.2001,0.1735,-0.3682,3.8337,0.1932,0.4179,3.8462,0.1613,0.4800,1,1,3.8607,-0.0840,0.4884,0.2108,-0.1048,-0.2977,3.8607,-0.0840,0.4884,3.9439,-0.1222,0.4800,0,1,3.3980,0.0995,0.4315,-0.2403,0.1055,-0.3546,3.3980,0.0995,0.4315,3.5411,0.1386,0.4800,0,1,3.4671,-0.1474,0.3543,-0.1858,-0.1450,-0.4318,3.4671,-0.1474,0.3543,3.5167,-0.1849,0.4800,1,1
3.6484,0.0087,0.7873,-0.1024,0.0626,3.8337,0.1932,0.4179,0.1965,0.1725,-0.3694,3.8337,0.1932,0.4179,3.8480,0.1624,0.4800,1,1,3.8712,-0.0901,0.4898,0.2162,-0.1125,-0.2975,3.8712,-0.0901,0.4898,3.9488,-0.1211,0.4800,0,1,3.4021,0.1139,0.4329,-0.2392,0.1204,-0.3544,3.4021,0.1139,0.4329,3.5449,0.1382,0.4800,0,1,3.4671,-0.1474,0.3543,-0.1907,-0.1445,-0.4330,3.4671,-0.1474,0.3543,3.5197,-0.1853,0.4800,1,1
3.6528,0.0089,0.7889,-0.1029,0.0651,3.8338,0.1932,0.4179,0.1926,0.1721,-0.3710,3.8338,0.1932,0.4179,3.8500,0.1631,0.4800,1,1,3.8860,-0.1006,0.4863,0.2256,-0.1244,-0.3026,3.8860,-0.1006,0.4863,3.9534,-0.1203,0.4800,0,1,3.3900,0.1330,0.4294,-0.2542,0.1409,-0.3595,3.3900,0.1330,0.4294,3.5490,0.1379,0.4800,0,1,3.4672,-0.1474,0.3542,-0.1954,-0.1439,-0.4347,3.4672,-0.1474,0.3542,3.4825,-0.1455,0.4800,1,1
3.6571,0.0089,0.7907,-0.1031,0.0686,3.8340,0.1930,0.4179,0.1891,0.1715,-0.3728,3.8340,0.1930,0.4179,3.8517,0.1637,0.4800,1,1,3.9050,-0.1220,0.4788,0.2383,-0.1476,-0.3119,3.9050,-0.1220,0.4788,3.9582,-0.1196,0.4800,0,1,3.3695,0.1609,0.4216,-0.2765,0.1714,-0.3691,3.3695,0.1609,0.4216,3.5528,0.1372,0.4800,0,1,3.4674,-0.1476,0.3542,-0.2000,-0.1431,-0.4365,3.4674,-0.1476,0.3542,3.4853,-0.1461,0.4800,1,1
3.6614,0.0086,0.7923,-0.1048,0.0740,3.8340,0.1928,0.4178,0.1857,0.1709,-0.3745,3.8340,0.1928,0.4178,3.8531,0.1644,0.4800,1,1,3.9341,-0.1693,0.4680,0.2588,-0.1976,-0.3243,3.9341,-0.1693,0.4680,3.9631,-0.1188,0.4800,0,1,3.3407,0.2032,0.4105,-0.3054,0.2178,-0.3818,3.3407,0.2032,0.4105,3.5564,0.1358,0.4800,0,1,3.4674,-0.1479,0.3543,-0.2050,-0.1417,-0.4380,3.4674,-0.1479,0.3543,3.4884,-0.1474,0.4800,1,1
3.6648,0.0078,0.7939,-0.0971,0.0803,3.8337,0.1937,0.4181,0.1833,0.1718,-0.3758,3.8337,0.1937,0.4181,3.8536,0.1648,0.4800,1,1,3.9574,-0.2316,0.4548,0.2725,-0.2621,-0.3391,3.9574,-0.2316,0.4548,3.9674,-0.1183,0.4800,0,1,3.3444,0.2329,0.4051,-0.3013,0.2501,-0.3888,3.3444,0.2329,0.4051,3.5590,0.1337,0.4800,0,1,3.4671,-0.1469,0.3541,-0.2095,-0.1383,-0.4398,3.4671,-0.1469,0.3541,3.4908,-0.1494,0.4800,1,1
3.6689,0.0073,0.7962,-0.0925,0.0698,3.8339,0.1931,0.4178,0.1776,0.1738,-0.3784,3.8339,0.1931,0.4178,3.8573,0.1623,0.4800,1,1,3.9642,-0.2426,0.4476,0.2772,-0.2699,-0.3486,3.9642,-0.2426,0.4476,3.9701,-0.1210,0.4800,0,1,3.3708,0.2128,0.3931,-0.2830,0.2258,-0.4031,3.3708,0.2128,0.3931,3.5645,0.1354,0.4800,0,1,3.4673,-0.1474,0.3542,-0.2119,-0.1403,-0.4420,3.4673,-0.1474,0.3542,3.4913,-0.1480,0.4800,1,1
3.6751,0.0068,0.7987,-0.1070,0.0509,3.8336,0.1939,0.4181,0.1678,0.1788,-0.3806,3.8336,0.1939,0.4181,3.8644,0.1584,0.4800,1,1,3.9723,-0.2024,0.4358,0.2862,-0.2241,-0.3629,3.9723,-0.2024,0.4358,3.9739,-0.1253,0.4800,0,1,3.3869,0.1437,0.3844,-0.2809,0.1514,-0.4143,3.3869,0.1437,0.3844,3.5731,0.1387,0.4800,0,1,3.4670,-0.1466,0.3540,-0.2156,-0.1426,-0.4447,3.4670,-0.1466,0.3540,3.4926,-0.1450,0.4800,1,1
3.6809,0.0058,0.8011,-0.1152,0.0365,3.8336,0.1935,0.4178,0.1594,0.1820,-0.3833,3.8336,0.1935,0.4178,3.8704,0.1547,0.4800,1,1,3.9400,-0.1278,0.4314,0.2541,-0.1430,-0.3697,3.9400,-0.1278,0.4314,3.9777,-0.1291,0.4800,0,1,3.4394,0.0873,0.3761,-0.2384,0.0903,-0.4250,3.4394,0.0873,0.3761,3.5808,0.1406,0.4800,0,1,3.4669,-0.1471,0.3542,-0.2194,-0.1450,-0.4469,3.4669,-0.1471,0.3542,3.5342,-0.1832,0.4800,1,1
3.6859,0.0044,0.8017,-0.1150,0.0301,3.8332,0.1933,0.4176,0.1529,0.1844,-0.3841,3.8332,0.1933,0.4176,3.8744,0.1521,0.4800,1,1,3.9208,-0.1115,0.4241,0.2313,-0.1229,-0.3776,3.9208,-0.1115,0.4241,3.9819,-0.1318,0.4800,0,1,3.4818,0.0901,0.3688,-0.2014,0.0918,-0.4329,3.4818,0.0901,0.3688,3.5867,0.1405,0.4800,0,1,3.4666,-0.1473,0.3545,-0.2238,-0.1450,-0.4472,3.4666,-0.1473,0.3545,3.5363,-0.1834,0.4800,1,1
3.6909,0.0027,0.8010,-0.1100,0.0246,3.8397,0.1993,0.4187,0.1536,0.1929,-0.3823,3.8397,0.1993,0.4187,3.9791,0.1493,0.4800,0,1,3.9024,-0.1121,0.4212,0.2086,-0.1200,-0.3798,3.9024,-0.1121,0.4212,3.9201,-0.1346,0.4800,1,1,3.5064,0.0987,0.3667,-0.1821,0.1005,-0.4343,3.5064,0.0987,0.3667,3.5264,0.1398,0.4800,1,1,3.4540,-0.1495,0.3561,-0.2406,-0.1463,-0.4449,3.4540,-0.1495,0.3561,3.5994,-0.1441,0.4800,0,1
3.6963,0.0009,0.8002,-0.1074,0.0159,3.8502,0.2043,0.4265,0.1571,0.2009,-0.3737,3.8502,0.2043,0.4265,3.9858,0.1459,0.4800,0,1,3.9028,-0.1128,0.4216,0.2047,-0.1170,-0.3786,3.9028,-0.1128,0.4216,3.9223,-0.1380,0.4800,1,1,3.5069,0.0980,0.3663,-0.1878,0.1001,-0.4339,3.5069,0.0980,0.3663,3.5310,0.1398,0.4800,1,1,3.4206,-0.1450,0.3637,-0.2780,-0.1415,-0.4365,3.4206,-0.1450,0.3637,3.6035,-0.1442,0.4800,0,1
3.7009,-0.0008,0.8008,-0.1011,0.0185,3.8802,0.1177,0.4412,0.1815,0.1152,-0.3596,3.8802,0.1177,0.4412,3.9901,0.1447,0.4800,0,1,3.9028,-0.1120,0.4214,0.1998,-0.1149,-0.3794,3.9028,-0.1120,0.4214,3.9254,-0.1393,0.4800,1,1,3.5067,0.0985,0.3665,-0.1923,0.1029,-0.4343,3.5067,0.0985,0.3665,3.5334,0.1375,0.4800,1,1,3.4110,-0.0824,0.3764,-0.2914,-0.0762,-0.4244,3.4110,-0.0824,0.3764,3.6086,-0.1464,0.4800,0,1
3.7047,-0.0023,0.8010,-0.0895,0.0147,3.8972,0.0749,0.4547,0.1936,0.0744,-0.3463,3.8972,0.0749,0.4547,3.9944,0.1425,0.4800,0,1,3.9032,-0.1118,0.4214,0.1969,-0.1124,-0.3796,3.9032,-0.1118,0.4214,3.9266,-0.1414,0.4800,1,1,3.5071,0.0987,0.3663,-0.1961,0.1039,-0.4347,3.5071,0.0987,0.3663,3.5356,0.1369,0.4800,1,1,3.3773,-0.0627,0.3898,-0.3283,-0.0556,-0.4112,3.3773,-0.0627,0.3898,3.6118,-0.1471,0.4800,0,1
3.7085,-0.0034,0.8005,-0.0822,0.0038,3.9074,0.0748,0.4680,0.1992,0.0774,-0.3325,3.9074,0.0748,0.4680,3.9998,0.1393,0.4800,0,1,3.9034,-0.1116,0.4215,0.1945,-0.1089,-0.3790,3.9034,-0.1116,0.4215,3.9269,-0.1447,0.4800,1,1,3.5073,0.0989,0.3662,-0.2008,0.1031,-0.4343,3.5073,0.0989,0.3662,3.5390,0.1378,0.4800,1,1,3.3323,-0.0804,0.4042,-0.3765,-0.0756,-0.3963,3.3323,-0.0804,0.4042,3.6141,-0.1461,0.4800,0,1
3.7122,-0.0044,0.8003,-0.0799,-0.0035,3.9149,0.0771,0.4806,0.2024,0.0822,-0.3197,3.9149,0.0771,0.4806,4.0045,0.1370,0.4800,0,1,3.9034,-0.1118,0.4215,0.1916,-0.1067,-0.3788,3.9034,-0.1118,0.4215,3.9275,-0.1470,0.4800,1,1,3.5073,0.0987,0.3662,-0.2053,0.1024,-0.4341,3.5073,0.0987,0.3662,3.5418,0.1383,0.4800,1,1,3.3385,-0.0834,0.4174,-0.3734,-0.0803,-0.3829,3.3385,-0.0834,0.4174,3.6168,-0.1457,0.4800,0,1
3.7159,-0.0050,0.8005,-0.0829,-0.0082,3.9227,0.0746,0.4916,0.2061,0.0813,-0.3089,3.9227,0.0746,0.4916,4.0088,0.1354,0.4800,0,1,3.9032,-0.1119,0.4214,0.1882,-0.1054,-0.3791,3.9032,-0.1119,0.4214,3.9285,-0.1486,0.4800,1,1,3.5071,0.0986,0.3663,-0.2096,0.1019,-0.4342,3.5071,0.0986,0.3663,3.5440,0.1386,0.4800,1,1,3.3845,-0.0766,0.4293,-0.3308,-0.0743,-0.3712,3.3845,-0.0766,0.4293,3.6197,-0.1454,0.4800,0,1
3.7194,-0.0054,0.8011,-0.0867,-0.0126,3.9315,0.0751,0.4997,0.2111,0.0832,-0.3014,3.9315,0.0751,0.4997,4.0130,0.1341,0.4800,0,1,3.9032,-0.1119,0.4214,0.1851,-0.1042,-0.3797,3.9032,-0.1119,0.4214,3.9294,-0.1499,0.4800,1,1,3.5071,0.0986,0.3663,-0.2136,0.1013,-0.4348,3.5071,0.0986,0.3663,3.5462,0.1390,0.4800,1,1,3.4038,-0.0788,0.4377,-0.3147,-0.0774,-0.3634,3.4038,-0.0788,0.4377,3.6226,-0.1450,0.4800,0,1
3.7228,-0.0058,0.8022,-0.0892,-0.0163,3.9403,0.0782,0.5036,0.2161,0.0875,-0.2986,3.9403,0.0782,0.5036,4.0169,0.1331,0.4800,0,1,3.9032,-0.1119,0.4214,0.1821,-0.1031,-0.3808,3.9032,-0.1119,0.4214,3.9302,-0.1509,0.4800,1,1,3.5071,0.0986,0.3663,-0.2174,0.1009,-0.4359,3.5071,0.0986,0.3663,3.5481,0.1394,0.4800,1,1,3.4089,-0.0862,0.4416,-0.3125,-0.0855,-0.3606,3.4089,-0.0862,0.4416,3.6255,-0.1446,0.4800,0,1
3.7260,-0.0060,0.8039,-0.0895,-0.0192,3.9489,0.0826,0.5024,0.2212,0.0929,-0.3015,3.9489,0.0826,0.5024,4.0205,0.1323,0.4800,0,1,3.9032,-0.1119,0.4214,0.1792,-0.1025,-0.3825,3.9032,-0.1119,0.4214,3.9311,-0.1516,0.4800,1,1,3.5071,0.0986,0.3662,-0.2209,0.1004,-0.4377,3.5071,0.0986,0.3662,3.5498,0.1398,0.4800,1,1,3.4065,-0.0981,0.4404,-0.3177,-0.0982,-0.3635,3.4065,-0.0981,0.4404,3.6283,-0.1442,0.4800,0,1
3.7293,-0.0061,0.8059,-0.0897,-0.0219,3.9605,0.0904,0.4968,0.2290,0.1015,-0.3091,3.9605,0.0904,0.4968,4.0241,0.1317,0.4800,0,1,3.9034,-0.1119,0.4215,0.1764,-0.1020,-0.3844,3.9034,-0.1119,0.4215,3.9319,-0.1522,0.4800,1,1,3.5073,0.0987,0.3662,-0.2242,0.0999,-0.4397,3.5073,0.0987,0.3662,3.5514,0.1402,0.4800,1,1,3.3893,-0.1168,0.4343,-0.3375,-0.1181,-0.3716,3.3893,-0.1168,0.4343,3.6312,-0.1438,0.4800,0,1
3.7327,-0.0059,0.8081,-0.0956,-0.0254,3.9806,0.1087,0.4877,0.2449,0.1209,-0.3204,3.9806,0.1087,0.4877,4.0281,0.1312,0.4800,0,1,3.9035,-0.1117,0.4215,0.1734,-0.1014,-0.3866,3.9035,-0.1117,0.4215,3.9329,-0.1527,0.4800,1,1,3.5074,0.0988,0.3661,-0.2279,0.0989,-0.4420,3.5074,0.0988,0.3661,3.5534,0.1410,0.4800,1,1,3.3528,-0.1466,0.4249,-0.3762,-0.1503,-0.3832,3.3528,-0.1466,0.4249,3.6342,-0.1429,0.4800,0,1
3.7359,-0.0052,0.8106,-0.1027,-0.0316,4.0057,0.1384,0.4757,0.2651,0.1521,-0.3349,4.0057,0.1384,0.4757,4.0321,0.1306,0.4800,0,1,3.9031,-0.1116,0.4213,0.1705,-0.1011,-0.3893,3.9031,-0.1116,0.4213,3.9331,-0.1532,0.4800,1,1,3.5070,0.0989,0.3664,-0.2321,0.0968,-0.4442,3.5070,0.0989,0.3664,3.5555,0.1429,0.4800,1,1,3.3550,-0.1721,0.4179,-0.3754,-0.1789,-0.3927,3.3550,-0.1721,0.4179,3.6365,-0.1410,0.4800,0,1
3.7389,-0.0046,0.8134,-0.1067,-0.0280,4.0414,0.1746,0.4617,0.2974,0.1876,-0.3517,4.0414,0.1746,0.4617,4.0346,0.1319,0.4800,0,1,3.9029,-0.1124,0.4214,0.1670,-0.1032,-0.3920,3.9029,-0.1124,0.4214,3.9347,-0.1520,0.4800,1,1,3.5068,0.0981,0.3662,-0.2349,0.0962,-0.4472,3.5068,0.0981,0.3662,3.5560,0.1428,0.4800,1,1,3.3802,-0.1634,0.4079,-0.3541,-0.1688,-0.4055,3.3802,-0.1634,0.4079,3.6401,-0.1411,0.4800,0,1
3.7428,-0.0042,0.8161,-0.1163,-0.0110,4.0633,0.1928,0.4524,0.3183,0.2005,-0.3637,4.0633,0.1928,0.4524,4.0361,0.1357,0.4800,0,1,3.9029,-0.1132,0.4215,0.1613,-0.1072,-0.3946,3.9029,-0.1132,0.4215,3.9390,-0.1483,0.4800,1,1,3.5068,0.0973,0.3660,-0.2371,0.0989,-0.4501,3.5068,0.0973,0.3660,3.5553,0.1399,0.4800,1,1,3.3963,-0.1260,0.3958,-0.3451,-0.1256,-0.4203,3.3963,-0.1260,0.3958,3.6462,-0.1441,0.4800,0,1
3.7470,-0.0037,0.8194,-0.1265,0.0058,4.0548,0.1552,0.4420,0.3087,0.1571,-0.3774,4.0548,0.1552,0.4420,4.0379,0.1394,0.4800,0,1,3.9027,-0.1134,0.4215,0.1551,-0.1106,-0.3979,3.9027,-0.1134,0.4215,3.9436,-0.1446,0.4800,1,1,3.5067,0.0972,0.3660,-0.2397,0.1023,-0.4534,3.5067,0.0972,0.3660,3.5551,0.1372,0.4800,1,1,3.4470,-0.0769,0.3866,-0.3004,-0.0715,-0.4328,3.4470,-0.0769,0.3866,3.6528,-0.1468,0.4800,0,1
3.7512,-0.0030,0.8216,-0.1317,0.0167,4.0109,0.1026,0.4350,0.2614,0.1012,-0.3866,4.0109,0.1026,0.4350,4.0406,0.1422,0.4800,0,1,3.9025,-0.1128,0.4212,0.1494,-0.1123,-0.4004,3.9025,-0.1128,0.4212,3.9473,-0.1417,0.4800,1,1,3.5066,0.0979,0.3666,-0.2429,0.1050,-0.4550,3.5066,0.0979,0.3666,3.5559,0.1358,0.4800,1,1,3.5004,-0.0611,0.3783,-0.2517,-0.0539,-0.4433,3.5004,-0.0611,0.3783,3.6586,-0.1482,0.4800,0,1
3.7550,-0.0021,0.8217,-0.1292,0.0223,3.9860,0.0747,0.4285,0.2327,0.0716,-0.3932,3.9860,0.0747,0.4285,3.9786,0.1442,0.4800,1,1,3.9022,-0.1128,0.4209,0.1447,-0.1140,-0.4008,3.9022,-0.1128,0.4209,4.0499,-0.1398,0.4800,0,1,3.5062,0.0979,0.3666,-0.2465,0.1055,-0.4551,3.5062,0.0979,0.3666,3.6569,0.1355,0.4800,0,1,3.5412,-0.0722,0.3722,-0.2153,-0.0653,-0.4495,3.5412,-0.0722,0.3722,3.5982,-0.1484,0.4800,1,1
3.7597,-0.0011,0.8200,-0.1237,0.0277,3.9863,0.0751,0.4287,0.2286,0.0699,-0.3913,3.9863,0.0751,0.4287,3.9805,0.1462,0.4800,1,1,3.9191,-0.1380,0.4272,0.1555,-0.1413,-0.3928,3.9191,-0.1380,0.4272,4.0553,-0.1377,0.4800,0,1,3.4753,0.0969,0.3716,-0.2816,0.1058,-0.4484,3.4753,0.0969,0.3716,3.6608,0.1355,0.4800,0,1,3.5415,-0.0718,0.3718,-0.2201,-0.0646,-0.4482,3.5415,-0.0718,0.3718,3.6017,-0.1484,0.4800,1,1
3.7636,0.0001,0.8188,-0.1131,0.0208,3.9866,0.0736,0.4285,0.2245,0.0688,-0.3903,3.9866,0.0736,0.4285,3.9834,0.1460,0.4800,1,1,3.9611,-0.0842,0.4393,0.1957,-0.0884,-0.3795,3.9611,-0.0842,0.4393,4.0583,-0.1379,0.4800,0,1,3.4466,0.0641,0.3857,-0.3156,0.0706,-0.4331,3.4466,0.0641,0.3857,3.6656,0.1380,0.4800,0,1,3.5419,-0.0734,0.3719,-0.2232,-0.0689,-0.4469,3.5419,-0.0734,0.3719,3.6025,-0.1459,0.4800,1,1
3.7669,0.0011,0.8169,-0.0969,0.0226,3.9868,0.0733,0.4285,0.2215,0.0672,-0.3884,3.9868,0.0733,0.4285,3.9844,0.1474,0.4800,1,1,3.9763,-0.0618,0.4511,0.2079,-0.0676,-0.3658,3.9763,-0.0618,0.4511,4.0619,-0.1366,0.4800,0,1,3.4103,0.0699,0.3979,-0.3550,0.0768,-0.4190,3.4103,0.0699,0.3979,3.6687,0.1386,0.4800,0,1,3.5420,-0.0737,0.3719,-0.2265,-0.0697,-0.4450,3.5420,-0.0737,0.3719,3.6042,-0.1453,0.4800,1,1
3.7705,0.0021,0.8145,-0.0841,0.0253,3.9869,0.0734,0.4286,0.2181,0.0658,-0.3859,3.9869,0.0734,0.4286,3.9856,0.1489,0.4800,1,1,3.9766,-0.0556,0.4639,0.2046,-0.0629,-0.3506,3.9766,-0.0556,0.4639,4.0658,-0.1350,0.4800,0,1,3.4039,0.0744,0.4108,-0.3647,0.0816,-0.4037,3.4039,0.0744,0.4108,3.6719,0.1391,0.4800,0,1,3.5421,-0.0736,0.3718,-0.2302,-0.0699,-0.4427,3.5421,-0.0736,0.3718,3.6061,-0.1448,0.4800,1,1
3.7739,0.0029,0.8118,-0.0753,0.0278,3.9868,0.0736,0.4287,0.2148,0.0648,-0.3831,3.9868,0.0736,0.4287,3.9867,0.1502,0.4800,1,1,3.9785,-0.0558,0.4770,0.2029,-0.0644,-0.3348,3.9785,-0.0558,0.4770,4.0696,-0.1337,0.4800,0,1,3.3987,0.0739,0.4241,-0.3731,0.0814,-0.3877,3.3987,0.0739,0.4241,3.6750,0.1395,0.4800,0,1,3.5421,-0.0734,0.3718,-0.2338,-0.0698,-0.4400,3.5421,-0.0734,0.3718,3.6079,-0.1444,0.4800,1,1
3.7772,0.0037,0.8091,-0.0684,0.0309,3.9869,0.0736,0.4287,0.2118,0.0634,-0.3804,3.9869,0.0736,0.4287,3.9875,0.1516,0.4800,1,1,3.9846,-0.0610,0.4891,0.2053,-0.0711,-0.3200,3.9846,-0.0610,0.4891,4.0733,-0.1323,0.4800,0,1,3.3931,0.0765,0.4361,-0.3817,0.0846,-0.3730,3.3931,0.0765,0.4361,3.6779,0.1396,0.4800,0,1,3.5422,-0.0733,0.3718,-0.2373,-0.0697,-0.4373,3.5422,-0.0733,0.3718,3.6096,-0.1442,0.4800,1,1
3.7803,0.0044,0.8067,-0.0647,0.0335,3.9869,0.0737,0.4287,0.2088,0.0623,-0.3780,3.9869,0.0737,0.4287,3.9883,0.1528,0.4800,1,1,3.9928,-0.0665,0.4988,0.2100,-0.0780,-0.3079,3.9928,-0.0665,0.4988,4.0768,-0.1311,0.4800,0,1,3.3969,0.0786,0.4458,-0.3807,0.0870,-0.3609,3.3969,0.0786,0.4458,3.6807,0.1398,0.4800,0,1,3.5422,-0.0733,0.3718,-0.2406,-0.0697,-0.4349,3.5422,-0.0733,0.3718,3.6112,-0.1440,0.4800,1,1
3.7835,0.0051,0.8046,-0.0633,0.0357,3.9868,0.0737,0.4287,0.2056,0.0613,-0.3759,3.9868,0.0737,0.4287,3.9891,0.1538,0.4800,1,1,4.0016,-0.0704,0.5049,0.2153,-0.0832,-0.2997,4.0016,-0.0704,0.5049,4.0802,-0.1300,0.4800,0,1,3.4096,0.0801,0.4521,-0.3710,0.0883,-0.3525,3.4096,0.0801,0.4521,3.6835,0.1400,0.4800,0,1,3.5421,-0.0733,0.3718,-0.2440,-0.0697,-0.4328,3.5421,-0.0733,0.3718,3.6127,-0.1438,0.4800,1,1
3.7867,0.0057,0.8032,-0.0624,0.0374,3.9868,0.0737,0.4287,0.2025,0.0605,-0.3745,3.9868,0.0737,0.4287,3.9901,0.1548,0.4800,1,1,4.0109,-0.0733,0.5063,0.2211,-0.0873,-0.2969,4.0109,-0.0733,0.5063,4.0837,-0.1290,0.4800,0,1,3.4164,0.0845,0.4536,-0.3671,0.0926,-0.3496,3.4164,0.0845,0.4536,3.6865,0.1403,0.4800,0,1,3.5420,-0.0733,0.3718,-0.2475,-0.0698,-0.4314,3.5420,-0.0733,0.3718,3.6142,-0.1435,0.4800,1,1
3.7901,0.0064,0.8026,-0.0615,0.0386,3.9868,0.0737,0.4287,0.1992,0.0597,-0.3739,3.9868,0.0737,0.4287,3.9913,0.1556,0.4800,1,1,4.0218,-0.0766,0.5027,0.2283,-0.0919,-0.2999,4.0218,-0.0766,0.5027,4.0873,-0.1281,0.4800,0,1,3.4099,0.0951,0.4499,-0.3765,0.1033,-0.3527,3.4099,0.0951,0.4499,3.6898,0.1407,0.4800,0,1,3.5421,-0.0733,0.3718,-0.2509,-0.0701,-0.4308,3.5421,-0.0733,0.3718,3.6157,-0.1431,0.4800,1,1
3.7939,0.0070,0.8026,-0.0655,0.0393,3.9870,0.0736,0.4287,0.1956,0.0590,-0.3739,3.9870,0.0736,0.4287,3.9930,0.1564,0.4800,1,1,4.0391,-0.0840,0.4953,0.2414,-0.1006,-0.3073,4.0391,-0.0840,0.4953,4.0911,-0.1274,0.4800,0,1,3.3816,0.1173,0.4417,-0.4076,0.1264,-0.3609,3.3816,0.1173,0.4417,3.6935,0.1412,0.4800,0,1,3.5423,-0.0734,0.3717,-0.2546,-0.0705,-0.4309,3.5423,-0.0734,0.3717,3.6176,-0.1426,0.4800,1,1
3.7978,0.0073,0.8035,-0.0754,0.0413,3.9867,0.0734,0.4286,0.1915,0.0582,-0.3749,3.9867,0.0734,0.4286,3.9946,0.1571,0.4800,1,1,4.0634,-0.0971,0.4846,0.2611,-0.1153,-0.3189,4.0634,-0.0971,0.4846,4.0953,-0.1266,0.4800,0,1,3.3714,0.1472,0.4335,-0.4203,0.1574,-0.3700,3.3714,0.1472,0.4335,3.6971,0.1412,0.4800,0,1,3.5420,-0.0736,0.3719,-0.2589,-0.0703,-0.4316,3.5420,-0.0736,0.3719,3.6198,-0.1426,0.4800,1,1
3.8017,0.0078,0.8049,-0.0892,0.0372,3.9865,0.0734,0.4284,0.1871,0.0587,-0.3765,3.9865,0.0734,0.4284,3.9971,0.1568,0.4800,1,1,4.0993,-0.1179,0.4719,0.2927,-0.1367,-0.3330,4.0993,-0.1179,0.4719,4.0986,-0.1270,0.4800,0,1,3.3962,0.1567,0.4239,-0.3997,0.1639,-0.3810,3.3962,0.1567,0.4239,3.7016,0.1424,0.4800,0,1,3.5418,-0.0737,0.3719,-0.2628,-0.0718,-0.4330,3.5418,-0.0737,0.3719,3.6211,-0.1414,0.4800,1,1
3.8060,0.0083,0.8062,-0.1080,0.0221,3.9863,0.0743,0.4285,0.1817,0.0620,-0.3777,3.9863,0.0743,0.4285,4.0016,0.1545,0.4800,1,1,4.1487,-0.1489,0.4584,0.3391,-0.1647,-0.3478,4.1487,-0.1489,0.4584,4.1009,-0.1294,0.4800,0,1,3.4064,0.1425,0.4114,-0.3965,0.1430,-0.3948,3.4064,0.1425,0.4114,3.7079,0.1460,0.4800,0,1,3.5416,-0.0728,0.3719,-0.2661,-0.0752,-0.4343,3.5416,-0.0728,0.3719,3.6212,-0.1379,0.4800,1,1
3.8105,0.0089,0.8074,-0.1293,0.0039,3.9862,0.0750,0.4285,0.1760,0.0654,-0.3789,3.9862,0.0750,0.4285,4.0068,0.1516,0.4800,1,1,4.1669,-0.1582,0.4492,0.3557,-0.1685,-0.3582,4.1669,-0.1582,0.4492,4.1029,-0.1324,0.4800,0,1,3.4441,0.1189,0.3993,-0.3660,0.1114,-0.4081,3.4441,0.1189,0.3993,3.7150,0.1501,0.4800,0,1,3.5415,-0.0721,0.3718,-0.2693,-0.0800,-0.4356,3.5415,-0.0721,0.3718,3.6211,-0.1339,0.4800,1,1
3.8155,0.0094,0.8097,-0.1499,-0.0135,3.9859,0.0749,0.4284,0.1695,0.0678,-0.3813,3.9859,0.0749,0.4284,4.0122,0.1488,0.4800,1,1,4.1477,-0.1172,0.4394,0.3339,-0.1221,-0.3703,4.1477,-0.1172,0.4394,4.1054,-0.1352,0.4800,0,1,3.5264,0.0907,0.3913,-0.2902,0.0774,-0.4184,3.5264,0.0907,0.3913,3.7224,0.1540,0.4800,0,1,3.5412,-0.0724,0.3720,-0.2732,-0.0855,-0.4377,3.5412,-0.0724,0.3720,3.6216,-0.1300,0.4800,1,1
3.8202,0.0099,0.8119,-0.1581,-0.0286,3.9862,0.0753,0.4284,0.1641,0.0701,-0.3835,3.9862,0.0753,0.4284,4.0169,0.1463,0.4800,1,1,4.1109,-0.0637,0.4335,0.2927,-0.0653,-0.3784,4.1109,-0.0637,0.4335,4.1078,-0.1375,0.4800,0,1,3.5812,0.0852,0.3843,-0.2411,0.0684,-0.4276,3.5812,0.0852,0.3843,3.7293,0.1574,0.4800,0,1,3.5415,-0.0720,0.3716,-0.2762,-0.0898,-0.4403,3.5415,-0.0720,0.3716,3.6222,-0.1265,0.4800,1,1
3.8247,0.0105,0.8122,-0.1527,-0.0441,3.9633,0.1068,0.4301,0.1342,0.1023,-0.3821,3.9633,0.1068,0.4301,4.1226,0.1439,0.4800,0,1,4.1012,-0.0399,0.4307,0.2785,-0.0382,-0.3815,4.1012,-0.0399,0.4307,4.0441,-0.1398,0.4800,1,1,3.6097,0.0914,0.3823,-0.2184,0.0713,-0.4299,3.6097,0.0914,0.3823,3.6702,0.1609,0.4800,1,1,3.5424,-0.0705,0.3736,-0.2785,-0.0934,-0.4386,3.5424,-0.0705,0.3736,3.7237,-0.1228,0.4800,0,1
3.8290,0.0107,0.8119,-0.1364,-0.0541,3.9779,0.1153,0.4395,0.1430,0.1125,-0.3724,3.9779,0.1153,0.4395,4.1282,0.1422,0.4800,0,1,4.1016,-0.0388,0.4308,0.2749,-0.0347,-0.3811,4.1016,-0.0388,0.4308,4.0448,-0.1414,0.4800,1,1,3.6101,0.0925,0.3823,-0.2230,0.0698,-0.4296,3.6101,0.0925,0.3823,3.6740,0.1631,0.4800,1,1,3.4935,-0.0786,0.3800,-0.3302,-0.1073,-0.4319,3.4935,-0.0786,0.3800,3.7266,-0.1205,0.4800,0,1
3.8320,0.0109,0.8117,-0.1089,-0.0623,4.0175,0.0949,0.4501,0.1799,0.0954,-0.3616,4.0175,0.0949,0.4501,4.1322,0.1407,0.4800,0,1,4.1013,-0.0383,0.4306,0.2718,-0.0323,-0.3811,4.1013,-0.0383,0.4306,4.0445,-0.1427,0.4800,1,1,3.6098,0.0931,0.3825,-0.2269,0.0682,-0.4292,3.6098,0.0931,0.3825,3.6762,0.1648,0.4800,1,1,3.4614,-0.0931,0.3968,-0.3634,-0.1269,-0.4149,3.4614,-0.0931,0.3968,3.7285,-0.1186,0.4800,0,1
3.8356,0.0106,0.8110,-0.0878,-0.0611,4.0282,0.0742,0.4627,0.1884,0.0752,-0.3483,4.0282,0.0742,0.4627,4.1357,0.1407,0.4800,0,1,4.1016,-0.0384,0.4308,0.2685,-0.0327,-0.3802,4.1016,-0.0384,0.4308,4.0464,-0.1428,0.4800,1,1,3.6102,0.0929,0.3823,-0.2300,0.0684,-0.4287,3.6102,0.0929,0.3823,3.6777,0.1643,0.4800,1,1,3.4373,-0.0791,0.4096,-0.3921,-0.1139,-0.4014,3.4373,-0.0791,0.4096,3.7323,-0.1192,0.4800,0,1
3.8391,0.0102,0.8095,-0.0768,-0.0589,4.0383,0.0676,0.4757,0.1955,0.0690,-0.3338,4.0383,0.0676,0.4757,4.1389,0.1407,0.4800,0,1,4.1014,-0.0387,0.4307,0.2647,-0.0334,-0.3788,4.1014,-0.0387,0.4307,4.0482,-0.1428,0.4800,1,1,3.6100,0.0927,0.3824,-0.2336,0.0689,-0.4271,3.6100,0.0927,0.3824,3.6788,0.1635,0.4800,1,1,3.4401,-0.0554,0.4242,-0.3944,-0.0890,-0.3853,3.4401,-0.0554,0.4242,3.7361,-0.1200,0.4800,0,1
3.8420,0.0099,0.8078,-0.0641,-0.0615,4.0433,0.0692,0.4885,0.1973,0.0716,-0.3193,4.0433,0.0692,0.4885,4.1422,0.1398,0.4800,0,1,4.1015,-0.0386,0.4308,0.2620,-0.0325,-0.3770,4.1015,-0.0386,0.4308,4.0488,-0.1436,0.4800,1,1,3.6101,0.0928,0.3823,-0.2366,0.0685,-0.4255,3.6101,0.0928,0.3823,3.6801,0.1636,0.4800,1,1,3.4406,-0.0519,0.4376,-0.3968,-0.0864,-0.3702,3.4406,-0.0519,0.4376,3.7387,-0.1199,0.4800,0,1
3.8448,0.0095,0.8060,-0.0558,-0.0654,4.0496,0.0757,0.4996,0.2000,0.0794,-0.3064,4.0496,0.0757,0.4996,4.1455,0.1386,0.4800,0,1,4.1016,-0.0386,0.4308,0.2594,-0.0312,-0.3752,4.1016,-0.0386,0.4308,4.0489,-0.1448,0.4800,1,1,3.6102,0.0929,0.3823,-0.2395,0.0679,-0.4237,3.6102,0.0929,0.3823,3.6815,0.1639,0.4800,1,1,3.4291,-0.0580,0.4486,-0.4104,-0.0945,-0.3574,3.4291,-0.0580,0.4486,3.7410,-0.1195,0.4800,0,1
3.8475,0.0089,0.8043,-0.0527,-0.0687,4.0581,0.0813,0.5077,0.2051,0.0867,-0.2966,4.0581,0.0813,0.5077,4.1486,0.1374,0.4800,0,1,4.1016,-0.0386,0.4308,0.2568,-0.0299,-0.3735,4.1016,-0.0386,0.4308,4.0491,-0.1460,0.4800,1,1,3.6102,0.0929,0.3823,-0.2425,0.0675,-0.4220,3.6102,0.0929,0.3823,3.6827,0.1639,0.4800,1,1,3.4317,-0.0610,0.4568,-0.4100,-0.0983,-0.3475,3.4317,-0.0610,0.4568,3.7432,-0.1194,0.4800,0,1
3.8500,0.0082,0.8030,-0.0532,-0.0722,4.0677,0.0856,0.5115,0.2115,0.0929,-0.2915,4.0677,0.0856,0.5115,4.1516,0.1360,0.4800,0,1,4.1015,-0.0386,0.4308,0.2542,-0.0285,-0.3722,4.1015,-0.0386,0.4308,4.0491,-0.1473,0.4800,1,1,3.6101,0.0928,0.3823,-0.2454,0.0671,-0.4207,3.6101,0.0928,0.3823,3.6838,0.1639,0.4800,1,1,3.4457,-0.0620,0.4608,-0.3982,-0.0992,-0.3422,3.4457,-0.0620,0.4608,3.7453,-0.1194,0.4800,0,1
3.8525,0.0073,0.8021,-0.0560,-0.0778,4.0791,0.0909,0.5103,0.2194,0.1010,-0.2918,4.0791,0.0909,0.5103,4.1548,0.1340,0.4800,0,1,4.1016,-0.0388,0.4308,0.2519,-0.0266,-0.3713,4.1016,-0.0388,0.4308,4.0487,-0.1491,0.4800,1,1,3.6101,0.0926,0.3823,-0.2483,0.0662,-0.4198,3.6101,0.0926,0.3823,3.6851,0.1641,0.4800,1,1,3.4336,-0.0633,0.4600,-0.4121,-0.1029,-0.3421,3.4336,-0.0633,0.4600,3.7471,-0.1191,0.4800,0,1
3.8547,0.0064,0.8016,-0.0614,-0.0865,4.0934,0.0981,0.5046,0.2299,0.1120,-0.2970,4.0934,0.0981,0.5046,4.1581,0.1313,0.4800,0,1,4.1016,-0.0389,0.4309,0.2499,-0.0238,-0.3707,4.1016,-0.0389,0.4309,4.0475,-0.1517,0.4800,1,1,3.6101,0.0925,0.3823,-0.2511,0.0646,-0.4193,3.6101,0.0925,0.3823,3.6867,0.1647,0.4800,1,1,3.4249,-0.0687,0.4543,-0.4217,-0.1120,-0.3473,3.4249,-0.0687,0.4543,3.7482,-0.1182,0.4800,0,1
3.8569,0.0054,0.8019,-0.0716,-0.0991,4.1136,0.1082,0.4954,0.2453,0.1277,-0.3065,4.1136,0.1082,0.4954,4.1618,0.1277,0.4800,0,1,4.1015,-0.0387,0.4308,0.2478,-0.0197,-0.3711,4.1015,-0.0387,0.4308,4.0457,-0.1549,0.4800,1,1,3.6101,0.0926,0.3823,-0.2542,0.0624,-0.4196,3.6101,0.0926,0.3823,3.6889,0.1659,0.4800,1,1,3.4050,-0.0911,0.4448,-0.4401,-0.1407,-0.3571,3.4050,-0.0911,0.4448,3.7488,-0.1167,0.4800,0,1
3.8586,0.0042,0.8032,-0.0834,-0.1119,4.1377,0.1208,0.4836,0.2643,0.1470,-0.3196,4.1377,0.1208,0.4836,4.1650,0.1239,0.4800,0,1,4.1013,-0.0386,0.4306,0.2460,-0.0154,-0.3726,4.1013,-0.0386,0.4306,4.0433,-0.1583,0.4800,1,1,3.6098,0.0928,0.3824,-0.2571,0.0603,-0.4208,3.6098,0.0928,0.3824,3.6907,0.1671,0.4800,1,1,3.4197,-0.1161,0.4386,-0.4227,-0.1686,-0.3646,3.4197,-0.1161,0.4386,3.7489,-0.1151,0.4800,0,1
3.8609,0.0024,0.8053,-0.1059,-0.1065,4.1722,0.1298,0.4707,0.2960,0.1598,-0.3346,4.1722,0.1298,0.4707,4.1667,0.1232,0.4800,0,1,4.1014,-0.0390,0.4307,0.2435,-0.0156,-0.3746,4.1014,-0.0390,0.4307,4.0445,-0.1592,0.4800,1,1,3.6099,0.0924,0.3822,-0.2591,0.0628,-0.4231,3.6099,0.0924,0.3822,3.6901,0.1643,0.4800,1,1,3.4292,-0.1088,0.4268,-0.4174,-0.1565,-0.3785,3.4292,-0.1088,0.4268,3.7519,-0.1181,0.4800,0,1
3.8633,0.0002,0.8077,-0.1368,-0.0945,4.1980,0.1296,0.4582,0.3210,0.1604,-0.3495,4.1980,0.1296,0.4582,4.1676,0.1234,0.4800,0,1,4.1009,-0.0392,0.4304,0.2403,-0.0168,-0.3773,4.1009,-0.0392,0.4304,4.0468,-0.1593,0.4800,1,1,3.6095,0.0924,0.3824,-0.2614,0.0678,-0.4253,3.6095,0.0924,0.3824,3.6885,0.1599,0.4800,1,1,3.5007,-0.1003,0.4174,-0.3515,-0.1343,-0.3903,3.5007,-0.1003,0.4174,3.7558,-0.1228,0.4800,0,1
3.8656,-0.0021,0.8110,-0.1606,-0.0836,4.1920,0.1135,0.4468,0.3156,0.1425,-0.3642,4.1920,0.1135,0.4468,4.1686,0.1234,0.4800,0,1,4.1009,-0.0389,0.4302,0.2376,-0.0170,-0.3808,4.1009,-0.0389,0.4302,4.0489,-0.1596,0.4800,1,1,3.6095,0.0927,0.3824,-0.2631,0.0731,-0.4286,3.6095,0.0927,0.3824,3.6872,0.1557,0.4800,1,1,3.5833,-0.1129,0.4093,-0.2721,-0.1340,-0.4017,3.5833,-0.1129,0.4093,3.7595,-0.1273,0.4800,0,1
3.8681,-0.0046,0.8134,-0.1812,-0.0689,4.1819,0.1134,0.4374,0.3049,0.1393,-0.3760,4.1819,0.1134,0.4374,4.1692,0.1238,0.4800,0,1,4.1008,-0.0385,0.4301,0.2345,-0.0178,-0.3833,4.1008,-0.0385,0.4301,4.0517,-0.1595,0.4800,1,1,3.6093,0.0932,0.3826,-0.2649,0.0798,-0.4308,3.6093,0.0932,0.3826,3.6854,0.1505,0.4800,1,1,3.6186,-0.1341,0.4000,-0.2400,-0.1464,-0.4134,3.6186,-0.1341,0.4000,3.7638,-0.1328,0.4800,0,1
3.8710,-0.0073,0.8148,-0.1987,-0.0511,4.1456,0.1160,0.4321,0.2679,0.1372,-0.3827,4.1456,0.1160,0.4321,4.1048,0.1248,0.4800,1,1,4.1005,-0.0374,0.4295,0.2307,-0.0183,-0.3853,4.1005,-0.0374,0.4295,4.1553,-0.1589,0.4800,0,1,3.6089,0.0942,0.3826,-0.2669,0.0880,-0.4322,3.6089,0.0942,0.3826,3.7835,0.1445,0.4800,0,1,3.6565,-0.1341,0.3934,-0.2077,-0.1376,-0.4214,3.6565,-0.1341,0.3934,3.7040,-0.1391,0.4800,1,1
3.8735,-0.0093,0.8147,-0.1939,-0.0333,4.1455,0.1160,0.4322,0.2677,0.1343,-0.3825,4.1455,0.1160,0.4322,4.1029,0.1262,0.4800,1,1,4.1543,-0.0357,0.4366,0.2815,-0.0170,-0.3781,4.1543,-0.0357,0.4366,4.1605,-0.1576,0.4800,0,1,3.5855,0.1150,0.3872,-0.2920,0.1146,-0.4275,3.5855,0.1150,0.3872,3.7834,0.1391,0.4800,0,1,3.6565,-0.1341,0.3933,-0.2127,-0.1320,-0.4214,3.6565,-0.1341,0.3933,3.7069,-0.1447,0.4800,1,1
3.8773,-0.0103,0.8142,-0.1680,-0.0121,4.1461,0.1162,0.4325,0.2672,0.1297,-0.3817,4.1461,0.1162,0.4325,4.1018,0.1294,0.4800,1,1,4.1355,-0.0543,0.4448,0.2587,-0.0409,-0.3694,4.1355,-0.0543,0.4448,4.1673,-0.1546,0.4800,0,1,3.5052,0.1484,0.4006,-0.3740,0.1542,-0.4136,3.5052,0.1484,0.4006,3.7840,0.1341,0.4800,0,1,3.6570,-0.1337,0.3930,-0.2188,-0.1261,-0.4212,3.6570,-0.1337,0.3930,3.7116,-0.1499,0.4800,1,1
3.8809,-0.0107,0.8141,-0.1218,0.0027,4.1467,0.1162,0.4329,0.2661,0.1262,-0.3812,4.1467,0.1162,0.4329,4.1013,0.1318,0.4800,1,1,4.0861,-0.0486,0.4577,0.2051,-0.0385,-0.3564,4.0861,-0.0486,0.4577,4.1730,-0.1522,0.4800,0,1,3.4938,0.1402,0.4183,-0.3867,0.1519,-0.3958,3.4938,0.1402,0.4183,3.7855,0.1308,0.4800,0,1,3.6577,-0.1338,0.3925,-0.2235,-0.1225,-0.4216,3.6577,-0.1338,0.3925,3.7152,-0.1532,0.4800,1,1
3.8856,-0.0105,0.8132,-0.0901,0.0048,4.1466,0.1167,0.4331,0.2616,0.1259,-0.3801,4.1466,0.1167,0.4331,4.1037,0.1324,0.4800,1,1,4.0750,-0.0518,0.4706,0.1892,-0.0422,-0.3426,4.0750,-0.0518,0.4706,4.1781,-0.1516,0.4800,0,1,3.4661,0.1073,0.4326,-0.4189,0.1198,-0.3806,3.4661,0.1073,0.4326,3.7899,0.1305,0.4800,0,1,3.6577,-0.1333,0.3923,-0.2285,-0.1217,-0.4209,3.6577,-0.1333,0.3923,3.7183,-0.1535,0.4800,1,1
3.8902,-0.0103,0.8121,-0.0597,0.0120,4.1467,0.1164,0.4331,0.2580,0.1236,-0.3790,4.1467,0.1164,0.4331,4.1052,0.1340,0.4800,1,1,4.0739,-0.0613,0.4838,0.1831,-0.0532,-0.3283,4.0739,-0.0613,0.4838,4.1836,-0.1500,0.4800,0,1,3.4620,0.1009,0.4480,-0.4268,0.1163,-0.3641,3.4620,0.1009,0.4480,3.7935,0.1293,0.4800,0,1,3.6579,-0.1338,0.3923,-0.2338,-0.1207,-0.4198,3.6579,-0.1338,0.3923,3.7219,-0.1546,0.4800,1,1
3.8949,-0.0101,0.8112,-0.0315,0.0210,4.1468,0.1162,0.4330,0.2545,0.1210,-0.3782,4.1468,0.1162,0.4330,4.1066,0.1359,0.4800,1,1,4.0755,-0.0727,0.4960,0.1792,-0.0664,-0.3152,4.0755,-0.0727,0.4960,4.1896,-0.1481,0.4800,0,1,3.4469,0.1171,0.4621,-0.4452,0.1366,-0.3491,3.4469,0.1171,0.4621,3.7969,0.1277,0.4800,0,1,3.6580,-0.1340,0.3923,-0.2394,-0.1189,-0.4189,3.6580,-0.1340,0.3923,3.7259,-0.1562,0.4800,1,1
3.9003,-0.0097,0.8101,-0.0176,0.0208,4.1470,0.1163,0.4333,0.2493,0.1208,-0.3768,4.1470,0.1163,0.4333,4.1101,0.1363,0.4800,1,1,4.0860,-0.0807,0.5058,0.1842,-0.0748,-0.3043,4.0860,-0.0807,0.5058,4.1950,-0.1477,0.4800,0,1,3.4678,0.1074,0.4715,-0.4300,0.1261,-0.3386,3.4678,0.1074,0.4715,3.8024,0.1282,0.4800,0,1,3.6582,-0.1338,0.3922,-0.2446,-0.1190,-0.4179,3.6582,-0.1338,0.3922,3.7293,-0.1557,0.4800,1,1
3.9058,-0.0097,0.8096,-0.0174,0.0183,4.1464,0.1164,0.4329,0.2429,0.1217,-0.3767,4.1464,0.1164,0.4329,4.1140,0.1358,0.4800,1,1,4.0977,-0.0808,0.5117,0.1906,-0.0746,-0.2979,4.0977,-0.0808,0.5117,4.2002,-0.1481,0.4800,0,1,3.5837,0.0861,0.4827,-0.3203,0.1017,-0.3269,3.5837,0.0861,0.4827,3.8082,0.1287,0.4800,0,1,3.6577,-0.1340,0.3925,-0.2503,-0.1197,-0.4171,3.6577,-0.1340,0.3925,3.7325,-0.1552,0.4800,1,1
3.9116,-0.0100,0.8095,-0.0218,0.0157,4.1463,0.1163,0.4328,0.2367,0.1226,-0.3767,4.1463,0.1163,0.4328,4.1182,0.1350,0.4800,1,1,4.1085,-0.0840,0.5130,0.1957,-0.0771,-0.2965,4.1085,-0.0840,0.5130,4.2056,-0.1490,0.4800,0,1,3.6733,0.0872,0.4866,-0.2367,0.1009,-0.3229,3.6733,0.0872,0.4866,3.8144,0.1289,0.4800,0,1,3.6575,-0.1341,0.3926,-0.2560,-0.1201,-0.4169,3.6575,-0.1341,0.3926,3.7359,-0.1550,0.4800,1,1
3.9178,-0.0103,0.8093,-0.0319,0.0100,4.1462,0.1163,0.4328,0.2297,0.1243,-0.3765,4.1462,0.1163,0.4328,4.1232,0.1336,0.4800,1,1,4.1244,-0.0960,0.5094,0.2057,-0.0878,-0.2999,4.1244,-0.0960,0.5094,4.2110,-0.1504,0.4800,0,1,3.7166,0.0957,0.4834,-0.2001,0.1080,-0.3259,3.7166,0.0957,0.4834,3.8214,0.1297,0.4800,0,1,3.6574,-0.1341,0.3926,-0.2616,-0.1212,-0.4167,3.6574,-0.1341,0.3926,3.7392,-0.1543,0.4800,1,1
3.9241,-0.0107,0.8093,-0.0416,0.0014,4.1462,0.1163,0.4328,0.2223,0.1267,-0.3765,4.1462,0.1163,0.4328,4.1287,0.1316,0.4800,1,1,4.1411,-0.1127,0.5018,0.2169,-0.1023,-0.3075,4.1411,-0.1127,0.5018,4.2161,-0.1524,0.4800,0,1,3.7450,0.1067,0.4759,-0.1789,0.1177,-0.3334,3.7450,0.1067,0.4759,3.8289,0.1310,0.4800,0,1,3.6575,-0.1341,0.3926,-0.2668,-0.1230,-0.4167,3.6575,-0.1341,0.3926,3.7423,-0.1530,0.4800,1,1
3.9303,-0.0111,0.8094,-0.0489,-0.0086,4.1462,0.1163,0.4328,0.2148,0.1293,-0.3766,4.1462,0.1163,0.4328,4.1343,0.1293,0.4800,1,1,4.1565,-0.1324,0.4915,0.2272,-0.1194,-0.3179,4.1565,-0.1324,0.4915,4.2209,-0.1547,0.4800,0,1,3.7675,0.1230,0.4654,-0.1639,0.1327,-0.3440,3.7675,0.1230,0.4654,3.8365,0.1326,0.4800,0,1,3.6575,-0.1342,0.3926,-0.2717,-0.1254,-0.4168,3.6575,-0.1342,0.3926,3.7451,-0.1514,0.4800,1,1
3.9364,-0.0115,0.8096,-0.0532,-0.0184,4.1463,0.1162,0.4328,0.2075,0.1315,-0.3768,4.1463,0.1162,0.4328,4.1398,0.1269,0.4800,1,1,4.1697,-0.1543,0.4794,0.2359,-0.1385,-0.3302,4.1697,-0.1543,0.4794,4.2256,-0.1570,0.4800,0,1,3.7880,0.1465,0.4532,-0.1513,0.1552,-0.3564,3.7880,0.1465,0.4532,3.8441,0.1341,0.4800,0,1,3.6575,-0.1343,0.3926,-0.2766,-0.1279,-0.4170,3.6575,-0.1343,0.3926,3.7479,-0.1499,0.4800,1,1
3.9425,-0.0121,0.8098,-0.0545,-0.0277,4.1463,0.1159,0.4327,0.2002,0.1336,-0.3771,4.1463,0.1159,0.4327,4.1452,0.1246,0.4800,1,1,4.1799,-0.1769,0.4669,0.2419,-0.1582,-0.3429,4.1799,-0.1769,0.4669,4.2303,-0.1593,0.4800,0,1,3.8063,0.1728,0.4404,-0.1413,0.1811,-0.3694,3.8063,0.1728,0.4404,3.8515,0.1353,0.4800,0,1,3.6576,-0.1346,0.3927,-0.2814,-0.1303,-0.4171,3.6576,-0.1346,0.3927,3.7507,-0.1486,0.4800,1,1
3.9488,-0.0127,0.8101,-0.0541,-0.0383,4.1463,0.1159,0.4327,0.1924,0.1361,-0.3774,4.1463,0.1159,0.4327,4.1509,0.1218,0.4800,1,1,4.1866,-0.1941,0.4547,0.2446,-0.1722,-0.3554,4.1866,-0.1941,0.4547,4.2351,-0.1620,0.4800,0,1,3.8168,0.1844,0.4285,-0.1395,0.1919,-0.3816,3.8168,0.1844,0.4285,3.8594,0.1366,0.4800,0,1,3.6576,-0.1346,0.3927,-0.2863,-0.1330,-0.4174,3.6576,-0.1346,0.3927,3.7536,-0.1472,0.4800,1,1
3.9556,-0.0135,0.8104,-0.0527,-0.0499,4.1463,0.1161,0.4328,0.1840,0.1390,-0.3776,4.1463,0.1161,0.4328,4.1572,0.1187,0.4800,1,1,4.1908,-0.2028,0.4441,0.2443,-0.1773,-0.3663,4.1908,-0.2028,0.4441,4.2400,-0.1649,0.4800,0,1,3.8199,0.1774,0.4181,-0.1451,0.1839,-0.3923,3.8199,0.1774,0.4181,3.8679,0.1380,0.4800,0,1,3.6575,-0.1344,0.3926,-0.2917,-0.1356,-0.4178,3.6575,-0.1344,0.3926,3.7567,-0.1456,0.4800,1,1
3.9625,-0.0145,0.8107,-0.0490,-0.0592,4.1463,0.1164,0.4328,0.1757,0.1415,-0.3779,4.1463,0.1164,0.4328,4.1634,0.1159,0.4800,1,1,4.1937,-0.2044,0.4363,0.2420,-0.1759,-0.3744,4.1937,-0.2044,0.4363,4.2456,-0.1676,0.4800,0,1,3.8200,0.1698,0.4104,-0.1532,0.1755,-0.4003,3.8200,0.1698,0.4104,3.8763,0.1388,0.4800,0,1,3.6576,-0.1341,0.3924,-0.2973,-0.1374,-0.4183,3.6576,-0.1341,0.3924,3.7604,-0.1447,0.4800,1,1
3.9697,-0.0154,0.8102,-0.0411,-0.0664,4.1478,0.1320,0.4346,0.1679,0.1589,-0.3756,4.1478,0.1320,0.4346,4.2705,0.1136,0.4800,0,1,4.1944,-0.2025,0.4327,0.2366,-0.1718,-0.3775,4.1944,-0.2025,0.4327,4.1856,-0.1698,0.4800,1,1,3.8193,0.1692,0.4078,-0.1623,0.1742,-0.4024,3.8193,0.1692,0.4078,3.8185,0.1393,0.4800,1,1,3.6665,-0.1389,0.3942,-0.2943,-0.1433,-0.4160,3.6665,-0.1389,0.3942,3.8657,-0.1441,0.4800,0,1
3.9763,-0.0161,0.8090,-0.0337,-0.0745,4.1527,0.1723,0.4434,0.1619,0.2010,-0.3656,4.1527,0.1723,0.4434,4.2782,0.1112,0.4800,0,1,4.1951,-0.2020,0.4328,0.2320,-0.1691,-0.3762,4.1951,-0.2020,0.4328,4.1890,-0.1720,0.4800,1,1,3.8200,0.1697,0.4076,-0.1697,0.1737,-0.4014,3.8200,0.1697,0.4076,3.8244,0.1400,0.4800,1,1,3.6725,-0.1666,0.4062,-0.2918,-0.1727,-0.4028,3.6725,-0.1666,0.4062,3.8713,-0.1432,0.4800,0,1
3.9827,-0.0166,0.8107,-0.0273,-0.0648,4.1603,0.1047,0.4567,0.1694,0.1325,-0.3540,4.1603,0.1047,0.4567,4.2833,0.1126,0.4800,0,1,4.1946,-0.2028,0.4329,0.2235,-0.1721,-0.3778,4.1946,-0.2028,0.4329,4.1949,-0.1708,0.4800,1,1,3.8192,0.1685,0.4074,-0.1751,0.1741,-0.4033,3.8192,0.1685,0.4074,3.8274,0.1377,0.4800,1,1,3.7750,-0.0853,0.4256,-0.2028,-0.0820,-0.3851,3.7750,-0.0853,0.4256,3.8790,-0.1457,0.4800,0,1
3.9883,-0.0167,0.8119,-0.0231,-0.0583,4.1719,0.0670,0.4698,0.1784,0.0943,-0.3421,4.1719,0.0670,0.4698,4.2881,0.1138,0.4800,0,1,4.1946,-0.2029,0.4329,0.2168,-0.1739,-0.3790,4.1946,-0.2029,0.4329,4.1995,-0.1697,0.4800,1,1,3.8191,0.1683,0.4073,-0.1797,0.1748,-0.4046,3.8191,0.1683,0.4073,3.8300,0.1364,0.4800,1,1,3.8390,-0.0468,0.4398,-0.1473,-0.0387,-0.3721,3.8390,-0.0468,0.4398,3.8854,-0.1471,0.4800,0,1
3.9940,-0.0165,0.8116,-0.0274,-0.0585,4.1882,0.0689,0.4830,0.1889,0.0966,-0.3286,4.1882,0.0689,0.4830,4.2938,0.1141,0.4800,0,1,4.1947,-0.2028,0.4328,0.2112,-0.1742,-0.3788,4.1947,-0.2028,0.4328,4.2032,-0.1694,0.4800,1,1,3.8192,0.1685,0.4074,-0.1853,0.1745,-0.4042,3.8192,0.1685,0.4074,3.8337,0.1367,0.4800,1,1,3.8533,-0.0572,0.4531,-0.1381,-0.0489,-0.3585,3.8533,-0.0572,0.4531,3.8911,-0.1468,0.4800,0,1
3.9996,-0.0161,0.8109,-0.0330,-0.0583,4.2045,0.0789,0.4958,0.1990,0.1068,-0.3151,4.2045,0.0789,0.4958,4.2993,0.1145,0.4800,0,1,4.1948,-0.2027,0.4328,0.2057,-0.1749,-0.3781,4.1948,-0.2027,0.4328,4.2068,-0.1690,0.4800,1,1,3.8193,0.1686,0.4074,-0.1908,0.1739,-0.4035,3.8193,0.1686,0.4074,3.8372,0.1370,0.4800,1,1,3.8389,-0.0751,0.4658,-0.1570,-0.0683,-0.3451,3.8389,-0.0751,0.4658,3.8966,-0.1465,0.4800,0,1
4.0047,-0.0156,0.8105,-0.0350,-0.0554,4.2161,0.0857,0.5069,0.2055,0.1129,-0.3036,4.2161,0.0857,0.5069,4.3041,0.1155,0.4800,0,1,4.1948,-0.2027,0.4329,0.2002,-0.1763,-0.3776,4.1948,-0.2027,0.4329,4.2104,-0.1680,0.4800,1,1,3.8194,0.1686,0.4073,-0.1952,0.1737,-0.4032,3.8194,0.1686,0.4073,3.8399,0.1370,0.4800,1,1,3.8269,-0.0855,0.4769,-0.1737,-0.0796,-0.3336,3.8269,-0.0855,0.4769,3.9021,-0.1466,0.4800,0,1
4.0096,-0.0150,0.8105,-0.0349,-0.0505,4.2240,0.0905,0.5150,0.2088,0.1162,-0.2955,4.2240,0.0905,0.5150,4.3083,0.1172,0.4800,0,1,4.1949,-0.2027,0.4329,0.1945,-0.1781,-0.3776,4.1949,-0.2027,0.4329,4.2139,-0.1665,0.4800,1,1,3.8194,0.1686,0.4073,-0.1992,0.1738,-0.4032,3.8194,0.1686,0.4073,3.8420,0.1367,0.4800,1,1,3.8248,-0.0918,0.4850,-0.1807,-0.0860,-0.3255,3.8248,-0.0918,0.4850,3.9076,-0.1470,0.4800,0,1
4.0143,-0.0142,0.8110,-0.0345,-0.0442,4.2304,0.0954,0.5189,0.2110,0.1190,-0.2921,4.2304,0.0954,0.5189,4.3121,0.1192,0.4800,0,1,4.1949,-0.2027,0.4329,0.1888,-0.1803,-0.3781,4.1949,-0.2027,0.4329,4.2176,-0.1645,0.4800,1,1,3.8194,0.1686,0.4073,-0.2028,0.1740,-0.4037,3.8194,0.1686,0.4073,3.8437,0.1363,0.4800,1,1,3.8282,-0.0980,0.4889,-0.1822,-0.0919,-0.3221,3.8282,-0.0980,0.4889,3.9132,-0.1474,0.4800,0,1
4.0188,-0.0132,0.8118,-0.0342,-0.0371,4.2364,0.1011,0.5177,0.2132,0.1223,-0.2941,4.2364,0.1011,0.5177,4.3158,0.1216,0.4800,0,1,4.1949,-0.2027,0.4329,0.1830,-0.1828,-0.3789,4.1949,-0.2027,0.4329,4.2212,-0.1622,0.4800,1,1,3.8195,0.1686,0.4073,-0.2059,0.1743,-0.4045,3.8195,0.1686,0.4073,3.8452,0.1360,0.4800,1,1,3.8340,-0.1072,0.4877,-0.1812,-0.1008,-0.3241,3.8340,-0.1072,0.4877,3.9187,-0.1478,0.4800,0,1
4.0233,-0.0120,0.8130,-0.0337,-0.0297,4.2424,0.1083,0.5120,0.2154,0.1268,-0.3010,4.2424,0.1083,0.5120,4.3193,0.1243,0.4800,0,1,4.1950,-0.2027,0.4329,0.1773,-0.1855,-0.3801,4.1950,-0.2027,0.4329,4.2248,-0.1596,0.4800,1,1,3.8195,0.1686,0.4073,-0.2091,0.1745,-0.4057,3.8195,0.1686,0.4073,3.8466,0.1357,0.4800,1,1,3.8411,-0.1231,0.4819,-0.1788,-0.1165,-0.3311,3.8411,-0.1231,0.4819,3.9242,-0.1481,0.4800,0,1
4.0277,-0.0106,0.8146,-0.0330,-0.0228,4.2484,0.1176,0.5030,0.2177,0.1332,-0.3116,4.2484,0.1176,0.5030,4.3227,0.1270,0.4800,0,1,4.1950,-0.2026,0.4329,0.1716,-0.1881,-0.3817,4.1950,-0.2026,0.4329,4.2282,-0.1569,0.4800,1,1,3.8196,0.1687,0.4073,-0.2121,0.1745,-0.4073,3.8196,0.1687,0.4073,3.8480,0.1358,0.4800,1,1,3.8504,-0.1518,0.4726,-0.1740,-0.1452,-0.3420,3.8504,-0.1518,0.4726,3.9295,-0.1481,0.4800,0,1
4.0320,-0.0090,0.8162,-0.0331,-0.0174,4.2550,0.1322,0.4918,0.2205,0.1451,-0.3244,4.2550,0.1322,0.4918,4.3262,0.1297,0.4800,0,1,4.1951,-0.2021,0.4326,0.1664,-0.1902,-0.3836,4.1951,-0.2021,0.4326,4.2313,-0.1543,0.4800,1,1,3.8196,0.1693,0.4075,-0.2155,0.1746,-0.4087,3.8196,0.1693,0.4075,3.8495,0.1364,0.4800,1,1,3.8631,-0.2010,0.4606,-0.1655,-0.1949,-0.3556,3.8631,-0.2010,0.4606,3.9345,-0.1476,0.4800,0,1
4.0361,-0.0071,0.8177,-0.0329,-0.0142,4.2618,0.1605,0.4795,0.2233,0.1708,-0.3382,4.2618,0.1605,0.4795,4.3299,0.1321,0.4800,0,1,4.1950,-0.2015,0.4323,0.1616,-0.1921,-0.3854,4.1950,-0.2015,0.4323,4.2339,-0.1518,0.4800,1,1,3.8195,0.1699,0.4078,-0.2191,0.1739,-0.4099,3.8195,0.1699,0.4078,3.8512,0.1376,0.4800,1,1,3.8740,-0.2607,0.4481,-0.1585,-0.2559,-0.3696,3.8740,-0.2607,0.4481,3.9392,-0.1464,0.4800,0,1
4.0409,-0.0052,0.8197,-0.0315,-0.0042,4.2671,0.1839,0.4670,0.2254,0.1900,-0.3527,4.2671,0.1839,0.4670,4.3333,0.1360,0.4800,0,1,4.1951,-0.2017,0.4324,0.1550,-0.1959,-0.3873,4.1951,-0.2017,0.4324,4.2381,-0.1480,0.4800,1,1,3.8196,0.1696,0.4076,-0.2220,0.1739,-0.4121,3.8196,0.1696,0.4076,3.8525,0.1376,0.4800,1,1,3.8694,-0.2730,0.4406,-0.1704,-0.2685,-0.3791,3.8694,-0.2730,0.4406,3.9453,-0.1464,0.4800,0,1
4.0467,-0.0031,0.8219,-0.0317,0.0151,4.2720,0.1899,0.4553,0.2282,0.1896,-0.3666,4.2720,0.1899,0.4553,4.3363,0.1418,0.4800,0,1,4.1951,-0.2019,0.4325,0.1454,-0.2010,-0.3894,4.1951,-0.2019,0.4325,4.2446,-0.1422,0.4800,1,1,3.8196,0.1694,0.4075,-0.2245,0.1759,-0.4144,3.8196,0.1694,0.4075,3.8536,0.1359,0.4800,1,1,3.8725,-0.2416,0.4292,-0.1778,-0.2358,-0.3927,3.8725,-0.2416,0.4292,3.9538,-0.1480,0.4800,0,1
4.0526,-0.0008,0.8234,-0.0298,0.0335,4.2735,0.1926,0.4457,0.2273,0.1859,-0.3777,4.2735,0.1926,0.4457,4.3395,0.1476,0.4800,0,1,4.1950,-0.2025,0.4328,0.1356,-0.2064,-0.3906,4.1950,-0.2025,0.4328,4.2511,-0.1363,0.4800,1,1,3.8196,0.1688,0.4073,-0.2272,0.1773,-0.4161,3.8196,0.1688,0.4073,3.8550,0.1346,0.4800,1,1,3.8787,-0.2003,0.4207,-0.1805,-0.1936,-0.4027,3.8787,-0.2003,0.4207,3.9625,-0.1492,0.4800,0,1
4.0583,0.0017,0.8237,-0.0236,0.0458,4.2719,0.1946,0.4387,0.2222,0.1829,-0.3850,4.2719,0.1946,0.4387,4.2784,0.1524,0.4800,1,1,4.1949,-0.2032,0.4330,0.1271,-0.2109,-0.3907,4.1949,-0.2032,0.4330,4.3564,-0.1313,0.4800,0,1,3.8195,0.1681,0.4069,-0.2309,0.1772,-0.4168,3.8195,0.1681,0.4069,3.9571,0.1347,0.4800,0,1,3.8847,-0.1799,0.4147,-0.1817,-0.1735,-0.4090,3.8847,-0.1799,0.4147,3.9051,-0.1490,0.4800,1,1
4.0641,0.0040,0.8225,-0.0192,0.0564,4.2720,0.1946,0.4387,0.2183,0.1786,-0.3838,4.2720,0.1946,0.4387,4.2806,0.1566,0.4800,1,1,4.2066,-0.2106,0.4375,0.1302,-0.2223,-0.3850,4.2066,-0.2106,0.4375,4.3636,-0.1270,0.4800,0,1,3.8241,0.1825,0.4112,-0.2296,0.1917,-0.4113,3.8241,0.1825,0.4112,3.9614,0.1347,0.4800,0,1,3.8847,-0.1800,0.4147,-0.1895,-0.1736,-0.4078,3.8847,-0.1800,0.4147,3.9104,-0.1488,0.4800,1,1
4.0704,0.0059,0.8220,-0.0224,0.0563,4.2720,0.1948,0.4388,0.2119,0.1773,-0.3832,4.2720,0.1948,0.4388,4.2849,0.1584,0.4800,1,1,4.2229,-0.1717,0.4482,0.1423,-0.1859,-0.3738,4.2229,-0.1717,0.4482,4.3699,-0.1251,0.4800,0,1,3.8526,0.1417,0.4255,-0.2098,0.1478,-0.3965,3.8526,0.1417,0.4255,3.9677,0.1367,0.4800,0,1,3.8846,-0.1796,0.4144,-0.1959,-0.1748,-0.4076,3.8846,-0.1796,0.4144,3.9147,-0.1469,0.4800,1,1
4.0758,0.0074,0.8228,-0.0229,0.0462,4.2720,0.1953,0.4390,0.2047,0.1786,-0.3838,4.2720,0.1953,0.4390,4.2898,0.1581,0.4800,1,1,4.2448,-0.1034,0.4631,0.1637,-0.1185,-0.3597,4.2448,-0.1034,0.4631,4.3740,-0.1256,0.4800,0,1,3.8812,0.0596,0.4407,-0.1920,0.0611,-0.3821,3.8812,0.0596,0.4407,3.9744,0.1402,0.4800,0,1,3.8845,-0.1790,0.4142,-0.1997,-0.1774,-0.4086,3.8845,-0.1790,0.4142,3.9166,-0.1435,0.4800,1,1
4.0805,0.0083,0.8222,-0.0260,0.0445,4.2720,0.1953,0.4389,0.1996,0.1783,-0.3833,4.2720,0.1953,0.4389,4.2928,0.1587,0.4800,1,1,4.2643,-0.0870,0.4761,0.1794,-0.1034,-0.3461,4.2643,-0.0870,0.4761,4.3784,-0.1250,0.4800,0,1,3.8959,0.0429,0.4540,-0.1829,0.0428,-0.3682,3.8959,0.0429,0.4540,3.9794,0.1415,0.4800,0,1,3.8845,-0.1790,0.4142,-0.2041,-0.1784,-0.4080,3.8845,-0.1790,0.4142,3.9190,-0.1423,0.4800,1,1
4.0848,0.0086,0.8208,-0.0309,0.0476,4.2720,0.1950,0.4388,0.1959,0.1773,-0.3820,4.2720,0.1950,0.4388,4.2946,0.1596,0.4800,1,1,4.2803,-0.0898,0.4893,0.1906,-0.1076,-0.3315,4.2803,-0.0898,0.4893,4.3831,-0.1241,0.4800,0,1,3.9068,0.0615,0.4670,-0.1753,0.0613,-0.3538,3.9068,0.0615,0.4670,3.9833,0.1412,0.4800,0,1,3.8846,-0.1793,0.4143,-0.2089,-0.1782,-0.4065,3.8846,-0.1793,0.4143,3.9218,-0.1425,0.4800,1,1
4.0888,0.0088,0.8196,-0.0341,0.0488,4.2721,0.1949,0.4388,0.1922,0.1769,-0.3808,4.2721,0.1949,0.4388,4.2964,0.1600,0.4800,1,1,4.2923,-0.0928,0.5014,0.1983,-0.1114,-0.3182,4.2923,-0.0928,0.5014,4.3873,-0.1237,0.4800,0,1,3.9124,0.0800,0.4790,-0.1727,0.0797,-0.3406,3.9124,0.0800,0.4790,3.9871,0.1411,0.4800,0,1,3.8846,-0.1794,0.4143,-0.2131,-0.1780,-0.4053,3.8846,-0.1794,0.4143,3.9240,-0.1426,0.4800,1,1
4.0926,0.0087,0.8187,-0.0353,0.0468,4.2721,0.1949,0.4388,0.1880,0.1776,-0.3799,4.2721,0.1949,0.4388,4.2986,0.1596,0.4800,1,1,4.3010,-0.0947,0.5111,0.2033,-0.1130,-0.3076,4.3010,-0.0947,0.5111,4.3909,-0.1241,0.4800,0,1,3.9146,0.0906,0.4888,-0.1740,0.0901,-0.3299,3.9146,0.0906,0.4888,3.9912,0.1414,0.4800,0,1,3.8846,-0.1793,0.4143,-0.2166,-0.1781,-0.4044,3.8846,-0.1793,0.4143,3.9255,-0.1422,0.4800,1,1
4.0963,0.0085,0.8182,-0.0355,0.0422,4.2722,0.1950,0.4388,0.1836,0.1789,-0.3794,4.2722,0.1950,0.4388,4.3010,0.1585,0.4800,1,1,4.3075,-0.0975,0.5173,0.2065,-0.1148,-0.3009,4.3075,-0.0975,0.5173,4.3939,-0.1253,0.4800,0,1,3.9157,0.0967,0.4949,-0.1767,0.0957,-0.3233,3.9157,0.0967,0.4949,3.9955,0.1421,0.4800,0,1,3.8847,-0.1793,0.4142,-0.2193,-0.1787,-0.4040,3.8847,-0.1793,0.4142,3.9265,-0.1416,0.4800,1,1
4.1000,0.0080,0.8182,-0.0353,0.0356,4.2722,0.1950,0.4389,0.1787,0.1808,-0.3793,4.2722,0.1950,0.4389,4.3036,0.1567,0.4800,1,1,4.3130,-0.1021,0.5187,0.2089,-0.1176,-0.2995,4.3130,-0.1021,0.5187,4.3967,-0.1271,0.4800,0,1,3.9173,0.1026,0.4963,-0.1792,0.1010,-0.3219,3.9173,0.1026,0.4963,4.0000,0.1430,0.4800,0,1,3.8847,-0.1793,0.4142,-0.2218,-0.1795,-0.4040,3.8847,-0.1793,0.4142,3.9271,-0.1409,0.4800,1,1
4.1036,0.0073,0.8186,-0.0352,0.0275,4.2722,0.1950,0.4389,0.1737,0.1830,-0.3797,4.2722,0.1950,0.4389,4.3064,0.1545,0.4800,1,1,4.3179,-0.1087,0.5151,0.2110,-0.1218,-0.3035,4.3179,-0.1087,0.5151,4.3992,-0.1294,0.4800,0,1,3.9201,0.1111,0.4927,-0.1806,0.1088,-0.3259,3.9201,0.1111,0.4927,4.0047,0.1439,0.4800,0,1,3.8847,-0.1793,0.4142,-0.2239,-0.1805,-0.4044,3.8847,-0.1793,0.4142,3.9275,-0.1400,0.4800,1,1
4.1072,0.0063,0.8195,-0.0354,0.0183,4.2722,0.1950,0.4389,0.1684,0.1856,-0.3806,4.2722,0.1950,0.4389,4.3093,0.1518,0.4800,1,1,4.3228,-0.1181,0.5076,0.2133,-0.1283,-0.3119,4.3228,-0.1181,0.5076,4.4015,-0.1322,0.4800,0,1,3.9244,0.1242,0.4851,-0.1806,0.1212,-0.3344,3.9244,0.1242,0.4851,4.0096,0.1447,0.4800,0,1,3.8848,-0.1793,0.4142,-0.2258,-0.1815,-0.4053,3.8848,-0.1793,0.4142,3.9278,-0.1393,0.4800,1,1
4.1108,0.0050,0.8207,-0.0359,0.0084,4.2723,0.1949,0.4388,0.1631,0.1885,-0.3819,4.2723,0.1949,0.4388,4.3124,0.1487,0.4800,1,1,4.3279,-0.1313,0.4972,0.2159,-0.1381,-0.3235,4.3279,-0.1313,0.4972,4.4038,-0.1353,0.4800,0,1,3.9307,0.1437,0.4746,-0.1789,0.1402,-0.3461,3.9307,0.1437,0.4746,4.0146,0.1454,0.4800,0,1,3.8848,-0.1794,0.4142,-0.2275,-0.1825,-0.4065,3.8848,-0.1794,0.4142,3.9280,-0.1386,0.4800,1,1
4.1146,0.0036,0.8221,-0.0365,-0.0018,4.2723,0.1947,0.4387,0.1574,0.1914,-0.3834,4.2723,0.1947,0.4387,4.3156,0.1452,0.4800,1,1,4.3328,-0.1491,0.4852,0.2185,-0.1523,-0.3369,4.3328,-0.1491,0.4852,4.4061,-0.1388,0.4800,0,1,3.9393,0.1697,0.4623,-0.1756,0.1658,-0.3598,3.9393,0.1697,0.4623,4.0198,0.1459,0.4800,0,1,3.8848,-0.1796,0.4143,-0.2295,-0.1836,-0.4078,3.8848,-0.1796,0.4143,3.9283,-0.1381,0.4800,1,1
4.1185,0.0019,0.8236,-0.0370,-0.0126,4.2723,0.1945,0.4386,0.1514,0.1945,-0.3850,4.2723,0.1945,0.4386,4.3190,0.1415,0.4800,1,1,4.3371,-0.1715,0.4726,0.2208,-0.1706,-0.3510,4.3371,-0.1715,0.4726,4.4085,-0.1425,0.4800,0,1,3.9492,0.1975,0.4495,-0.1718,0.1935,-0.3741,3.9492,0.1975,0.4495,4.0253,0.1463,0.4800,0,1,3.8848,-0.1798,0.4144,-0.2314,-0.1846,-0.4092,3.8848,-0.1798,0.4144,3.9287,-0.1377,0.4800,1,1
4.1227,-0.0000,0.8251,-0.0369,-0.0256,4.2722,0.1945,0.4385,0.1445,0.1983,-0.3866,4.2722,0.1945,0.4385,4.3230,0.1370,0.4800,1,1,4.3400,-0.1911,0.4604,0.2221,-0.1855,-0.3647,4.3400,-0.1911,0.4604,4.4108,-0.1469,0.4800,0,1,3.9569,0.2089,0.4376,-0.1711,0.2046,-0.3875,3.9569,0.2089,0.4376,4.0314,0.1469,0.4800,0,1,3.8848,-0.1799,0.4144,-0.2332,-0.1859,-0.4107,3.8848,-0.1799,0.4144,3.9291,-0.1370,0.4800,1,1
4.1274,-0.0020,0.8265,-0.0356,-0.0413,4.2722,0.1947,0.4386,0.1366,0.2025,-0.3879,4.2722,0.1947,0.4386,4.3279,0.1319,0.4800,1,1,4.3414,-0.1996,0.4498,0.2220,-0.1886,-0.3767,4.3414,-0.1996,0.4498,4.4131,-0.1518,0.4800,0,1,3.9617,0.1962,0.4274,-0.1737,0.1912,-0.3991,3.9617,0.1962,0.4274,4.0384,0.1479,0.4800,0,1,3.8847,-0.1796,0.4143,-0.2352,-0.1875,-0.4122,3.8847,-0.1796,0.4143,3.9297,-0.1359,0.4800,1,1
4.1323,-0.0042,0.8273,-0.0310,-0.0555,4.2723,0.1951,0.4388,0.1287,0.2068,-0.3885,4.2723,0.1951,0.4388,4.3327,0.1269,0.4800,1,1,4.3410,-0.2001,0.4419,0.2192,-0.1840,-0.3854,4.3410,-0.2001,0.4419,4.4159,-0.1566,0.4800,0,1,3.9641,0.1789,0.4196,-0.1781,0.1735,-0.4077,3.9641,0.1789,0.4196,4.0455,0.1484,0.4800,0,1,3.8849,-0.1793,0.4140,-0.2373,-0.1886,-0.4133,3.8849,-0.1793,0.4140,3.9307,-0.1352,0.4800,1,1
4.1374,-0.0063,0.8264,-0.0246,-0.0659,4.2761,0.2017,0.4406,0.1247,0.2167,-0.3858,4.2761,0.2017,0.4406,4.4381,0.1227,0.4800,0,1,4.3403,-0.1983,0.4384,0.2151,-0.1782,-0.3880,4.3403,-0.1983,0.4384,4.3534,-0.1607,0.4800,1,1,3.9645,0.1743,0.4168,-0.1844,0.1688,-0.4096,3.9645,0.1743,0.4168,3.9861,0.1482,0.4800,1,1,3.8867,-0.1837,0.4155,-0.2385,-0.1935,-0.4109,3.8867,-0.1837,0.4155,4.0334,-0.1352,0.4800,0,1
4.1425,-0.0081,0.8251,-0.0220,-0.0722,4.2941,0.2010,0.4477,0.1361,0.2195,-0.3774,4.2941,0.2010,0.4477,4.4440,0.1197,0.4800,0,1,4.3406,-0.1978,0.4383,0.2113,-0.1749,-0.3868,4.3406,-0.1978,0.4383,4.3555,-0.1636,0.4800,1,1,3.9648,0.1748,0.4169,-0.1904,0.1696,-0.4082,3.9648,0.1748,0.4169,3.9903,0.1476,0.4800,1,1,3.8937,-0.1904,0.4237,-0.2350,-0.1998,-0.4014,3.8937,-0.1904,0.4237,4.0378,-0.1357,0.4800,0,1
4.1480,-0.0096,0.8254,-0.0235,-0.0643,4.3101,0.1360,0.4607,0.1524,0.1557,-0.3647,4.3101,0.1360,0.4607,4.4485,0.1198,0.4800,0,1,4.3403,-0.1986,0.4386,0.2040,-0.1763,-0.3868,4.3403,-0.1986,0.4386,4.3603,-0.1637,0.4800,1,1,3.9644,0.1738,0.4166,-0.1950,0.1712,-0.4088,3.9644,0.1738,0.4166,3.9925,0.1446,0.4800,1,1,3.9359,-0.1110,0.4384,-0.2051,-0.1148,-0.3870,3.9359,-0.1110,0.4384,4.0443,-0.1388,0.4800,0,1
4.1524,-0.0106,0.8253,-0.0242,-0.0583,4.3284,0.1010,0.4736,0.1692,0.1217,-0.3517,4.3284,0.1010,0.4736,4.4522,0.1200,0.4800,0,1,4.3403,-0.1988,0.4386,0.1985,-0.1769,-0.3867,4.3403,-0.1988,0.4386,4.3636,-0.1636,0.4800,1,1,3.9644,0.1736,0.4165,-0.1984,0.1729,-0.4088,3.9644,0.1736,0.4165,3.9940,0.1425,0.4800,1,1,3.9594,-0.0681,0.4517,-0.1893,-0.0686,-0.3736,3.9594,-0.0681,0.4517,4.0495,-0.1410,0.4800,0,1
4.1565,-0.0112,0.8242,-0.0276,-0.0574,4.3441,0.0952,0.4868,0.1812,0.1170,-0.3374,4.3441,0.0952,0.4868,4.4562,0.1196,0.4800,0,1,4.3403,-0.1987,0.4385,0.1943,-0.1766,-0.3857,4.3403,-0.1987,0.4385,4.3659,-0.1639,0.4800,1,1,3.9644,0.1738,0.4166,-0.2024,0.1737,-0.4076,3.9644,0.1738,0.4166,3.9960,0.1418,0.4800,1,1,3.9724,-0.0673,0.4649,-0.1806,-0.0666,-0.3593,3.9724,-0.0673,0.4649,4.0537,-0.1417,0.4800,0,1
4.1603,-0.0114,0.8229,-0.0310,-0.0569,4.3572,0.0958,0.4995,0.1905,0.1182,-0.3234,4.3572,0.0958,0.4995,4.4599,0.1195,0.4800,0,1,4.3404,-0.1986,0.4385,0.1905,-0.1767,-0.3844,4.3404,-0.1986,0.4385,4.3678,-0.1640,0.4800,1,1,3.9644,0.1739,0.4166,-0.2061,0.1739,-0.4063,3.9644,0.1739,0.4166,3.9977,0.1415,0.4800,1,1,3.9793,-0.0784,0.4776,-0.1769,-0.0772,-0.3453,3.9793,-0.0784,0.4776,4.0576,-0.1420,0.4800,0,1
4.1640,-0.0114,0.8219,-0.0328,-0.0543,4.3676,0.0964,0.5106,0.1974,0.1187,-0.3113,4.3676,0.0964,0.5106,4.4632,0.1200,0.4800,0,1,4.3404,-0.1985,0.4385,0.1863,-0.1773,-0.3834,4.3404,-0.1985,0.4385,4.3698,-0.1636,0.4800,1,1,3.9645,0.1739,0.4166,-0.2093,0.1742,-0.4053,3.9645,0.1739,0.4166,3.9990,0.1410,0.4800,1,1,3.9820,-0.0878,0.4886,-0.1776,-0.0862,-0.3333,3.9820,-0.0878,0.4886,4.0615,-0.1426,0.4800,0,1
4.1675,-0.0112,0.8211,-0.0334,-0.0497,4.3755,0.0976,0.5187,0.2023,0.1190,-0.3024,4.3755,0.0976,0.5187,4.4661,0.1211,0.4800,0,1,4.3405,-0.1985,0.4385,0.1821,-0.1785,-0.3826,4.3405,-0.1985,0.4385,4.3720,-0.1625,0.4800,1,1,3.9645,0.1739,0.4166,-0.2119,0.1748,-0.4045,3.9645,0.1739,0.4166,3.9998,0.1403,0.4800,1,1,3.9835,-0.0948,0.4967,-0.1796,-0.0926,-0.3244,3.9835,-0.0948,0.4967,4.0656,-0.1433,0.4800,0,1
4.1709,-0.0108,0.8208,-0.0333,-0.0433,4.3819,0.1001,0.5226,0.2060,0.1199,-0.2982,4.3819,0.1001,0.5226,4.4687,0.1228,0.4800,0,1,4.3405,-0.1985,0.4385,0.1776,-0.1802,-0.3823,4.3405,-0.1985,0.4385,4.3744,-0.1610,0.4800,1,1,3.9645,0.1739,0.4166,-0.2142,0.1756,-0.4042,3.9645,0.1739,0.4166,4.0002,0.1395,0.4800,1,1,3.9851,-0.1011,0.5006,-0.1817,-0.0983,-0.3202,3.9851,-0.1011,0.5006,4.0699,-0.1442,0.4800,0,1
4.1743,-0.0102,0.8209,-0.0328,-0.0352,4.3874,0.1042,0.5215,0.2089,0.1218,-0.2994,4.3874,0.1042,0.5215,4.4710,0.1249,0.4800,0,1,4.3405,-0.1985,0.4385,0.1727,-0.1823,-0.3824,4.3405,-0.1985,0.4385,4.3770,-0.1589,0.4800,1,1,3.9645,0.1739,0.4166,-0.2161,0.1766,-0.4043,3.9645,0.1739,0.4166,4.0004,0.1385,0.4800,1,1,3.9872,-0.1083,0.4994,-0.1835,-0.1046,-0.3215,3.9872,-0.1083,0.4994,4.0744,-0.1453,0.4800,0,1
4.1777,-0.0094,0.8215,-0.0323,-0.0261,4.3927,0.1103,0.5158,0.2118,0.1253,-0.3057,4.3927,0.1103,0.5158,4.4732,0.1275,0.4800,0,1,4.3405,-0.1985,0.4385,0.1677,-0.1848,-0.3830,4.3405,-0.1985,0.4385,4.3798,-0.1564,0.4800,1,1,3.9646,0.1739,0.4166,-0.2178,0.1777,-0.4049,3.9646,0.1739,0.4166,4.0005,0.1376,0.4800,1,1,3.9899,-0.1184,0.4937,-0.1849,-0.1139,-0.3278,3.9899,-0.1184,0.4937,4.0791,-0.1463,0.4800,0,1
4.1812,-0.0084,0.8224,-0.0318,-0.0160,4.3982,0.1193,0.5067,0.2149,0.1312,-0.3157,4.3982,0.1193,0.5067,4.4753,0.1305,0.4800,0,1,4.3405,-0.1985,0.4385,0.1623,-0.1875,-0.3839,4.3405,-0.1985,0.4385,4.3828,-0.1535,0.4800,1,1,3.9646,0.1740,0.4166,-0.2195,0.1789,-0.4058,3.9646,0.1740,0.4166,4.0006,0.1367,0.4800,1,1,3.9932,-0.1327,0.4845,-0.1860,-0.1273,-0.3379,3.9932,-0.1327,0.4845,4.0840,-0.1473,0.4800,0,1
4.1849,-0.0072,0.8237,-0.0314,-0.0055,4.4039,0.1321,0.4953,0.2182,0.1405,-0.3284,4.4039,0.1321,0.4953,4.4775,0.1337,0.4800,0,1,4.3406,-0.1984,0.4385,0.1567,-0.1903,-0.3852,4.3406,-0.1984,0.4385,4.3859,-0.1503,0.4800,1,1,3.9646,0.1740,0.4166,-0.2213,0.1800,-0.4071,3.9646,0.1740,0.4166,4.0007,0.1358,0.4800,1,1,3.9977,-0.1523,0.4730,-0.1864,-0.1461,-0.3507,3.9977,-0.1523,0.4730,4.0891,-0.1482,0.4800,0,1
4.1887,-0.0058,0.8252,-0.0311,0.0055,4.4096,0.1492,0.4828,0.2217,0.1538,-0.3424,4.4096,0.1492,0.4828,4.4797,0.1372,0.4800,0,1,4.3406,-0.1983,0.4384,0.1508,-0.1933,-0.3868,4.3406,-0.1983,0.4384,4.3892,-0.1467,0.4800,1,1,3.9647,0.1742,0.4166,-0.2230,0.1812,-0.4086,3.9647,0.1742,0.4166,4.0009,0.1351,0.4800,1,1,4.0033,-0.1754,0.4603,-0.1863,-0.1686,-0.3649,4.0033,-0.1754,0.4603,4.0945,-0.1489,0.4800,0,1
4.1927,-0.0042,0.8267,-0.0306,0.0174,4.4140,0.1686,0.4702,0.2243,0.1689,-0.3565,4.4140,0.1686,0.4702,4.4820,0.1411,0.4800,0,1,4.3406,-0.1982,0.4384,0.1445,-0.1965,-0.3883,4.3406,-0.1982,0.4384,4.3929,-0.1428,0.4800,1,1,3.9647,0.1743,0.4166,-0.2249,0.1824,-0.4101,3.9647,0.1743,0.4166,4.0012,0.1344,0.4800,1,1,4.0098,-0.1945,0.4478,-0.1862,-0.1871,-0.3789,4.0098,-0.1945,0.4478,4.1002,-0.1495,0.4800,0,1
4.1970,-0.0023,0.8281,-0.0291,0.0308,4.4161,0.1844,0.4587,0.2247,0.1799,-0.3694,4.4161,0.1844,0.4587,4.4843,0.1455,0.4800,0,1,4.3405,-0.1983,0.4384,0.1374,-0.2003,-0.3897,4.3405,-0.1983,0.4384,4.3971,-0.1383,0.4800,1,1,3.9646,0.1742,0.4166,-0.2269,0.1836,-0.4115,3.9646,0.1742,0.4166,4.0017,0.1336,0.4800,1,1,4.0164,-0.1993,0.4364,-0.1866,-0.1913,-0.3917,4.0164,-0.1993,0.4364,4.1065,-0.1502,0.4800,0,1
4.2016,-0.0003,0.8292,-0.0257,0.0448,4.4165,0.1924,0.4493,0.2233,0.1829,-0.3799,4.4165,0.1924,0.4493,4.4869,0.1502,0.4800,0,1,4.3404,-0.1985,0.4385,0.1298,-0.2042,-0.3907,4.3404,-0.1985,0.4385,4.4016,-0.1335,0.4800,1,1,3.9646,0.1740,0.4165,-0.2290,0.1847,-0.4127,3.9646,0.1740,0.4165,4.0025,0.1329,0.4800,1,1,4.0220,-0.1905,0.4273,-0.1879,-0.1820,-0.4019,4.0220,-0.1905,0.4273,4.1132,-0.1509,0.4800,0,1
4.2064,0.0019,0.8292,-0.0194,0.0563,4.4157,0.1939,0.4424,0.2198,0.1799,-0.3868,4.4157,0.1939,0.4424,4.4249,0.1545,0.4800,1,1,4.3403,-0.1990,0.4385,0.1224,-0.2081,-0.3907,4.3403,-0.1990,0.4385,4.5059,-0.1291,0.4800,0,1,3.9645,0.1736,0.4162,-0.2319,0.1850,-0.4130,3.9645,0.1736,0.4162,4.1038,0.1327,0.4800,0,1,4.0257,-0.1831,0.4210,-0.1908,-0.1745,-0.4082,4.0257,-0.1831,0.4210,4.0547,-0.1508,0.4800,1,1
4.2114,0.0039,0.8278,-0.0147,0.0664,4.4157,0.1938,0.4423,0.2164,0.1759,-0.3855,4.4157,0.1938,0.4423,4.4263,0.1583,0.4800,1,1,4.3514,-0.2079,0.4431,0.1256,-0.2206,-0.3847,4.3514,-0.2079,0.4431,4.5122,-0.1251,0.4800,0,1,3.9671,0.1865,0.4205,-0.2316,0.1984,-0.4073,3.9671,0.1865,0.4205,4.1074,0.1326,0.4800,0,1,4.0258,-0.1832,0.4210,-0.1976,-0.1744,-0.4068,4.0258,-0.1832,0.4210,4.0592,-0.1508,0.4800,1,1
4.2169,0.0055,0.8270,-0.0172,0.0659,4.4157,0.1940,0.4424,0.2108,0.1750,-0.3846,4.4157,0.1940,0.4424,4.4299,0.1598,0.4800,1,1,4.3712,-0.1755,0.4527,0.1420,-0.1908,-0.3743,4.3712,-0.1755,0.4527,4.5176,-0.1236,0.4800,0,1,3.9913,0.1524,0.4323,-0.2154,0.1614,-0.3947,3.9913,0.1524,0.4323,4.1129,0.1343,0.4800,0,1,4.0257,-0.1830,0.4209,-0.2032,-0.1755,-0.4061,4.0257,-0.1830,0.4209,4.0626,-0.1490,0.4800,1,1
4.2217,0.0068,0.8272,-0.0188,0.0573,4.4157,0.1943,0.4425,0.2044,0.1761,-0.3847,4.4157,0.1943,0.4425,4.4340,0.1595,0.4800,1,1,4.3916,-0.1163,0.4667,0.1626,-0.1326,-0.3605,4.3916,-0.1163,0.4667,4.5213,-0.1240,0.4800,0,1,4.0211,0.0819,0.4468,-0.1960,0.0865,-0.3804,4.0211,0.0819,0.4468,4.1189,0.1374,0.4800,0,1,4.0256,-0.1825,0.4207,-0.2066,-0.1778,-0.4065,4.0256,-0.1825,0.4207,4.0641,-0.1462,0.4800,1,1
4.2259,0.0076,0.8264,-0.0219,0.0546,4.4157,0.1943,0.4425,0.1997,0.1761,-0.3839,4.4157,0.1943,0.4425,4.4366,0.1598,0.4800,1,1,4.4092,-0.0999,0.4797,0.1772,-0.1173,-0.3467,4.4092,-0.0999,0.4797,4.5251,-0.1237,0.4800,0,1,4.0369,0.0643,0.4599,-0.1856,0.0669,-0.3665,4.0369,0.0643,0.4599,4.1234,0.1387,0.4800,0,1,4.0256,-0.1826,0.4207,-0.2104,-0.1790,-0.4057,4.0256,-0.1826,0.4207,4.0659,-0.1449,0.4800,1,1
4.2297,0.0080,0.8250,-0.0261,0.0544,4.4157,0.1942,0.4425,0.1958,0.1758,-0.3825,4.4157,0.1942,0.4425,4.4385,0.1602,0.4800,1,1,4.4238,-0.0982,0.4928,0.1880,-0.1166,-0.3322,4.4238,-0.0982,0.4928,4.5290,-0.1234,0.4800,0,1,4.0472,0.0710,0.4730,-0.1788,0.0728,-0.3520,4.0472,0.0710,0.4730,4.1273,0.1392,0.4800,0,1,4.0256,-0.1827,0.4208,-0.2142,-0.1793,-0.4042,4.0256,-0.1827,0.4208,4.0678,-0.1444,0.4800,1,1
4.2334,0.0082,0.8237,-0.0291,0.0530,4.4157,0.1941,0.4424,0.1919,0.1760,-0.3813,4.4157,0.1941,0.4424,4.4404,0.1601,0.4800,1,1,4.4356,-0.0986,0.5049,0.1963,-0.1174,-0.3188,4.4356,-0.0986,0.5049,4.5325,-0.1235,0.4800,0,1,4.0521,0.0809,0.4850,-0.1772,0.0822,-0.3387,4.0521,0.0809,0.4850,4.1312,0.1396,0.4800,0,1,4.0257,-0.1828,0.4208,-0.2175,-0.1797,-0.4029,4.0257,-0.1828,0.4208,4.0692,-0.1440,0.4800,1,1
4.2369,0.0082,0.8227,-0.0305,0.0495,4.4158,0.1941,0.4425,0.1879,0.1768,-0.3802,4.4158,0.1941,0.4425,4.4424,0.1595,0.4800,1,1,4.4447,-0.0993,0.5146,0.2022,-0.1177,-0.3081,4.4447,-0.0993,0.5146,4.5355,-0.1241,0.4800,0,1,4.0539,0.0888,0.4947,-0.1788,0.0896,-0.3280,4.0539,0.0888,0.4947,4.1351,0.1404,0.4800,0,1,4.0257,-0.1828,0.4207,-0.2204,-0.1803,-0.4020,4.0257,-0.1828,0.4207,4.0702,-0.1433,0.4800,1,1
4.2403,0.0081,0.8220,-0.0308,0.0440,4.4158,0.1941,0.4425,0.1835,0.1781,-0.3795,4.4158,0.1941,0.4425,4.4447,0.1584,0.4800,1,1,4.4517,-0.1008,0.5208,0.2064,-0.1181,-0.3012,4.4517,-0.1008,0.5208,4.5382,-0.1253,0.4800,0,1,4.0552,0.0954,0.5009,-0.1811,0.0954,-0.3211,4.0552,0.0954,0.5009,4.1392,0.1414,0.4800,0,1,4.0258,-0.1828,0.4207,-0.2227,-0.1813,-0.4013,4.0258,-0.1828,0.4207,4.0707,-0.1424,0.4800,1,1
4.2437,0.0078,0.8217,-0.0306,0.0365,4.4158,0.1941,0.4425,0.1788,0.1799,-0.3792,4.4158,0.1941,0.4425,4.4472,0.1567,0.4800,1,1,4.4573,-0.1039,0.5222,0.2094,-0.1194,-0.2995,4.4573,-0.1039,0.5222,4.5405,-0.1271,0.4800,0,1,4.0568,0.1022,0.5023,-0.1833,0.1012,-0.3194,4.0568,0.1022,0.5023,4.1436,0.1426,0.4800,0,1,4.0258,-0.1828,0.4207,-0.2247,-0.1825,-0.4010,4.0258,-0.1828,0.4207,4.0710,-0.1413,0.4800,1,1
4.2470,0.0072,0.8219,-0.0303,0.0273,4.4158,0.1941,0.4425,0.1738,0.1822,-0.3794,4.4158,0.1941,0.4425,4.4499,0.1544,0.4800,1,1,4.4623,-0.1090,0.5186,0.2120,-0.1220,-0.3033,4.4623,-0.1090,0.5186,4.5426,-0.1295,0.4800,0,1,4.0589,0.1106,0.4986,-0.1852,0.1085,-0.3233,4.0589,0.1106,0.4986,4.1482,0.1439,0.4800,0,1,4.0258,-0.1828,0.4207,-0.2263,-0.1839,-0.4012,4.0258,-0.1828,0.4207,4.0710,-0.1400,0.4800,1,1
4.2504,0.0065,0.8226,-0.0303,0.0166,4.4159,0.1941,0.4425,0.1686,0.1848,-0.3801,4.4159,0.1941,0.4425,4.4529,0.1517,0.4800,1,1,4.4673,-0.1169,0.5111,0.2148,-0.1270,-0.3115,4.4673,-0.1169,0.5111,4.5446,-0.1323,0.4800,0,1,4.0618,0.1222,0.4911,-0.1867,0.1188,-0.3315,4.0618,0.1222,0.4911,4.1531,0.1452,0.4800,0,1,4.0258,-0.1828,0.4207,-0.2277,-0.1855,-0.4019,4.0258,-0.1828,0.4207,4.0708,-0.1387,0.4800,1,1
4.2540,0.0055,0.8237,-0.0307,0.0048,4.4159,0.1941,0.4425,0.1628,0.1878,-0.3812,4.4159,0.1941,0.4425,4.4561,0.1485,0.4800,1,1,4.4726,-0.1284,0.5007,0.2180,-0.1349,-0.3230,4.4726,-0.1284,0.5007,4.5464,-0.1355,0.4800,0,1,4.0657,0.1378,0.4806,-0.1877,0.1332,-0.3431,4.0657,0.1378,0.4806,4.1583,0.1466,0.4800,0,1,4.0258,-0.1828,0.4207,-0.2291,-0.1872,-0.4030,4.0258,-0.1828,0.4207,4.0706,-0.1374,0.4800,1,1
4.2576,0.0044,0.8252,-0.0315,-0.0080,4.4159,0.1940,0.4424,0.1568,0.1909,-0.3828,4.4159,0.1940,0.4424,4.4595,0.1448,0.4800,1,1,4.4780,-0.1442,0.4886,0.2216,-0.1468,-0.3366,4.4780,-0.1442,0.4886,4.5483,-0.1391,0.4800,0,1,4.0709,0.1570,0.4684,-0.1879,0.1511,-0.3568,4.0709,0.1570,0.4684,4.1638,0.1479,0.4800,0,1,4.0259,-0.1829,0.4207,-0.2302,-0.1891,-0.4045,4.0259,-0.1829,0.4207,4.0705,-0.1361,0.4800,1,1
4.2614,0.0030,0.8268,-0.0321,-0.0214,4.4159,0.1939,0.4424,0.1504,0.1942,-0.3844,4.4159,0.1939,0.4424,4.4632,0.1409,0.4800,1,1,4.4826,-0.1639,0.4759,0.2247,-0.1621,-0.3509,4.4826,-0.1639,0.4759,4.5502,-0.1431,0.4800,0,1,4.0772,0.1772,0.4557,-0.1879,0.1702,-0.3711,4.0772,0.1772,0.4557,4.1695,0.1491,0.4800,0,1,4.0259,-0.1830,0.4207,-0.2315,-0.1910,-0.4061,4.0259,-0.1830,0.4207,4.0705,-0.1348,0.4800,1,1
4.2655,0.0014,0.8284,-0.0320,-0.0358,4.4158,0.1940,0.4423,0.1433,0.1979,-0.3861,4.4158,0.1940,0.4423,4.4673,0.1364,0.4800,1,1,4.4852,-0.1819,0.4637,0.2261,-0.1753,-0.3647,4.4852,-0.1819,0.4637,4.5521,-0.1474,0.4800,0,1,4.0837,0.1900,0.4436,-0.1884,0.1820,-0.3848,4.0837,0.1900,0.4436,4.1757,0.1503,0.4800,0,1,4.0259,-0.1830,0.4207,-0.2328,-0.1929,-0.4077,4.0259,-0.1830,0.4207,4.0706,-0.1335,0.4800,1,1
4.2698,-0.0004,0.8297,-0.0302,-0.0507,4.4158,0.1941,0.4424,0.1360,0.2016,-0.3873,4.4158,0.1941,0.4424,4.4716,0.1317,0.4800,1,1,4.4854,-0.1931,0.4531,0.2251,-0.1815,-0.3766,4.4854,-0.1931,0.4531,4.5542,-0.1519,0.4800,0,1,4.0896,0.1908,0.4332,-0.1897,0.1818,-0.3965,4.0896,0.1908,0.4332,4.1823,0.1513,0.4800,0,1,4.0258,-0.1829,0.4207,-0.2344,-0.1946,-0.4090,4.0258,-0.1829,0.4207,4.0709,-0.1323,0.4800,1,1
4.2743,-0.0023,0.8304,-0.0254,-0.0639,4.4159,0.1944,0.4425,0.1288,0.2053,-0.3879,4.4159,0.1944,0.4425,4.4758,0.1272,0.4800,1,1,4.4845,-0.1967,0.4452,0.2222,-0.1806,-0.3852,4.4845,-0.1967,0.4452,4.5567,-0.1562,0.4800,0,1,4.0936,0.1862,0.4254,-0.1924,0.1766,-0.4050,4.0936,0.1862,0.4254,4.1888,0.1519,0.4800,0,1,4.0259,-0.1826,0.4204,-0.2364,-0.1958,-0.4100,4.0259,-0.1826,0.4204,4.0717,-0.1315,0.4800,1,1
4.2791,-0.0042,0.8296,-0.0193,-0.0741,4.4193,0.2021,0.4444,0.1245,0.2161,-0.3852,4.4193,0.2021,0.4444,4.5809,0.1232,0.4800,0,1,4.4841,-0.1954,0.4418,0.2186,-0.1755,-0.3878,4.4841,-0.1954,0.4418,4.4938,-0.1600,0.4800,1,1,4.0948,0.1853,0.4226,-0.1978,0.1753,-0.4070,4.0948,0.1853,0.4226,4.1291,0.1518,0.4800,1,1,4.0272,-0.1866,0.4219,-0.2377,-0.2005,-0.4077,4.0272,-0.1866,0.4219,4.1741,-0.1314,0.4800,0,1
4.2839,-0.0058,0.8283,-0.0175,-0.0799,4.4376,0.2006,0.4514,0.1367,0.2180,-0.3769,4.4376,0.2006,0.4514,4.5865,0.1204,0.4800,0,1,4.4844,-0.1949,0.4417,0.2150,-0.1725,-0.3866,4.4844,-0.1949,0.4417,4.4958,-0.1627,0.4800,1,1,4.0951,0.1858,0.4227,-0.2035,0.1759,-0.4056,4.0951,0.1858,0.4227,4.1329,0.1513,0.4800,1,1,4.0342,-0.1910,0.4294,-0.2341,-0.2045,-0.3989,4.0342,-0.1910,0.4294,4.1782,-0.1318,0.4800,0,1
4.2891,-0.0071,0.8283,-0.0199,-0.0728,4.4549,0.1440,0.4634,0.1544,0.1628,-0.3649,4.4549,0.1440,0.4634,4.5907,0.1205,0.4800,0,1,4.4841,-0.1956,0.4419,0.2082,-0.1738,-0.3864,4.4841,-0.1956,0.4419,4.5001,-0.1627,0.4800,1,1,4.0947,0.1850,0.4225,-0.2079,0.1775,-0.4058,4.0947,0.1850,0.4225,4.1350,0.1487,0.4800,1,1,4.0722,-0.1211,0.4431,-0.2080,-0.1295,-0.3852,4.0722,-0.1211,0.4431,4.1843,-0.1346,0.4800,0,1
4.2934,-0.0080,0.8280,-0.0215,-0.0670,4.4717,0.1118,0.4762,0.1699,0.1315,-0.3518,4.4717,0.1118,0.4762,4.5943,0.1208,0.4800,0,1,4.4841,-0.1957,0.4419,0.2028,-0.1745,-0.3861,4.4841,-0.1957,0.4419,4.5032,-0.1626,0.4800,1,1,4.0947,0.1849,0.4224,-0.2112,0.1792,-0.4056,4.0947,0.1849,0.4224,4.1363,0.1467,0.4800,1,1,4.0952,-0.0822,0.4562,-0.1928,-0.0873,-0.3718,4.0952,-0.0822,0.4562,4.1893,-0.1367,0.4800,0,1
4.2973,-0.0085,0.8268,-0.0249,-0.0646,4.4861,0.1043,0.4894,0.1811,0.1248,-0.3374,4.4861,0.1043,0.4894,4.5979,0.1208,0.4800,0,1,4.4841,-0.1956,0.4419,0.1985,-0.1747,-0.3849,4.4841,-0.1956,0.4419,4.5055,-0.1626,0.4800,1,1,4.0947,0.1850,0.4225,-0.2147,0.1800,-0.4043,4.0947,0.1850,0.4225,4.1379,0.1457,0.4800,1,1,4.1088,-0.0770,0.4694,-0.1837,-0.0805,-0.3574,4.1088,-0.0770,0.4694,4.1935,-0.1377,0.4800,0,1
4.3010,-0.0088,0.8256,-0.0282,-0.0621,4.4982,0.1027,0.5021,0.1899,0.1235,-0.3235,4.4982,0.1027,0.5021,4.6012,0.1210,0.4800,0,1,4.4841,-0.1956,0.4419,0.1943,-0.1751,-0.3837,4.4841,-0.1956,0.4419,4.5076,-0.1624,0.4800,1,1,4.0948,0.1851,0.4225,-0.2178,0.1807,-0.4031,4.0948,0.1851,0.4225,4.1392,0.1450,0.4800,1,1,4.1167,-0.0819,0.4821,-0.1794,-0.0844,-0.3435,4.1167,-0.0819,0.4821,4.1975,-0.1384,0.4800,0,1
4.3045,-0.0089,0.8245,-0.0305,-0.0582,4.5084,0.1025,0.5132,0.1971,0.1231,-0.3113,4.5084,0.1025,0.5132,4.6042,0.1218,0.4800,0,1,4.4842,-0.1955,0.4419,0.1902,-0.1758,-0.3826,4.4842,-0.1955,0.4419,4.5097,-0.1618,0.4800,1,1,4.0948,0.1851,0.4225,-0.2206,0.1815,-0.4020,4.0948,0.1851,0.4225,4.1401,0.1442,0.4800,1,1,4.1203,-0.0881,0.4931,-0.1793,-0.0898,-0.3314,4.1203,-0.0881,0.4931,4.2016,-0.1393,0.4800,0,1
4.3079,-0.0088,0.8236,-0.0315,-0.0525,4.5166,0.1032,0.5213,0.2025,0.1228,-0.3023,4.5166,0.1032,0.5213,4.6069,0.1230,0.4800,0,1,4.4842,-0.1955,0.4419,0.1859,-0.1772,-0.3817,4.4842,-0.1955,0.4419,4.5119,-0.1606,0.4800,1,1,4.0949,0.1851,0.4225,-0.2229,0.1825,-0.4011,4.0949,0.1851,0.4225,4.1406,0.1433,0.4800,1,1,4.1218,-0.0940,0.5012,-0.1814,-0.0948,-0.3224,4.1218,-0.0940,0.5012,4.2057,-0.1403,0.4800,0,1
4.3112,-0.0085,0.8231,-0.0318,-0.0450,4.5232,0.1050,0.5252,0.2067,0.1229,-0.2979,4.5232,0.1050,0.5252,4.6092,0.1247,0.4800,0,1,4.4842,-0.1955,0.4419,0.1812,-0.1790,-0.3812,4.4842,-0.1955,0.4419,4.5144,-0.1590,0.4800,1,1,4.0949,0.1851,0.4225,-0.2248,0.1837,-0.4006,4.0949,0.1851,0.4225,4.1408,0.1421,0.4800,1,1,4.1232,-0.1001,0.5051,-0.1837,-0.1000,-0.3180,4.1232,-0.1001,0.5051,4.2100,-0.1416,0.4800,0,1
4.3145,-0.0081,0.8230,-0.0317,-0.0359,4.5288,0.1082,0.5241,0.2100,0.1239,-0.2989,4.5288,0.1082,0.5241,4.6113,0.1270,0.4800,0,1,4.4842,-0.1955,0.4419,0.1763,-0.1812,-0.3811,4.4842,-0.1955,0.4419,4.5171,-0.1568,0.4800,1,1,4.0949,0.1851,0.4225,-0.2264,0.1852,-0.4005,4.0949,0.1851,0.4225,4.1407,0.1409,0.4800,1,1,4.1248,-0.1072,0.5039,-0.1860,-0.1058,-0.3191,4.1248,-0.1072,0.5039,4.2145,-0.1430,0.4800,0,1
4.3178,-0.0074,0.8235,-0.0316,-0.0254,4.5341,0.1132,0.5184,0.2132,0.1261,-0.3051,4.5341,0.1132,0.5184,4.6132,0.1297,0.4800,0,1,4.4843,-0.1955,0.4419,0.1712,-0.1838,-0.3816,4.4843,-0.1955,0.4419,4.5200,-0.1543,0.4800,1,1,4.0949,0.1852,0.4225,-0.2277,0.1869,-0.4010,4.0949,0.1852,0.4225,4.1405,0.1395,0.4800,1,1,4.1267,-0.1166,0.4981,-0.1883,-0.1140,-0.3254,4.1267,-0.1166,0.4981,4.2193,-0.1444,0.4800,0,1
4.3213,-0.0066,0.8244,-0.0317,-0.0137,4.5395,0.1209,0.5093,0.2164,0.1305,-0.3151,4.5395,0.1209,0.5093,4.6150,0.1327,0.4800,0,1,4.4843,-0.1954,0.4419,0.1656,-0.1865,-0.3825,4.4843,-0.1954,0.4419,4.5231,-0.1512,0.4800,1,1,4.0949,0.1852,0.4225,-0.2290,0.1887,-0.4019,4.0949,0.1852,0.4225,4.1402,0.1380,0.4800,1,1,4.1292,-0.1292,0.4890,-0.1904,-0.1252,-0.3354,4.1292,-0.1292,0.4890,4.2243,-0.1459,0.4800,0,1
4.3248,-0.0056,0.8256,-0.0321,-0.0013,4.5454,0.1322,0.4979,0.2204,0.1381,-0.3277,4.5454,0.1322,0.4979,4.6168,0.1361,0.4800,0,1,4.4843,-0.1954,0.4418,0.1597,-0.1896,-0.3838,4.4843,-0.1954,0.4418,4.5264,-0.1479,0.4800,1,1,4.0950,0.1853,0.4225,-0.2300,0.1906,-0.4031,4.0950,0.1853,0.4225,4.1400,0.1366,0.4800,1,1,4.1327,-0.1458,0.4775,-0.1919,-0.1404,-0.3481,4.1327,-0.1458,0.4775,4.2296,-0.1474,0.4800,0,1
4.3286,-0.0045,0.8271,-0.0327,0.0118,4.5516,0.1472,0.4853,0.2248,0.1491,-0.3418,4.5516,0.1472,0.4853,4.6187,0.1398,0.4800,0,1,4.4843,-0.1953,0.4418,0.1534,-0.1926,-0.3853,4.4843,-0.1953,0.4418,4.5301,-0.1442,0.4800,1,1,4.0950,0.1853,0.4225,-0.2313,0.1925,-0.4046,4.0950,0.1853,0.4225,4.1399,0.1352,0.4800,1,1,4.1374,-0.1646,0.4649,-0.1931,-0.1578,-0.3622,4.1374,-0.1646,0.4649,4.2353,-0.1488,0.4800,0,1
4.3326,-0.0031,0.8287,-0.0333,0.0254,4.5568,0.1643,0.4727,0.2284,0.1617,-0.3560,4.5568,0.1643,0.4727,4.6207,0.1437,0.4800,0,1,4.4843,-0.1953,0.4418,0.1468,-0.1960,-0.3869,4.4843,-0.1953,0.4418,4.5340,-0.1402,0.4800,1,1,4.0950,0.1854,0.4225,-0.2327,0.1945,-0.4062,4.0950,0.1854,0.4225,4.1401,0.1339,0.4800,1,1,4.1430,-0.1813,0.4523,-0.1941,-0.1733,-0.3764,4.1430,-0.1813,0.4523,4.2413,-0.1500,0.4800,0,1
4.3369,-0.0016,0.8302,-0.0328,0.0395,4.5596,0.1788,0.4612,0.2297,0.1715,-0.3690,4.5596,0.1788,0.4612,4.6229,0.1479,0.4800,0,1,4.4842,-0.1954,0.4418,0.1395,-0.1995,-0.3884,4.4842,-0.1954,0.4418,4.5382,-0.1359,0.4800,1,1,4.0950,0.1853,0.4225,-0.2343,0.1963,-0.4077,4.0950,0.1853,0.4225,4.1404,0.1326,0.4800,1,1,4.1489,-0.1904,0.4409,-0.1953,-0.1812,-0.3893,4.1489,-0.1904,0.4409,4.2477,-0.1512,0.4800,0,1
4.3414,0.0001,0.8312,-0.0298,0.0530,4.5600,0.1869,0.4518,0.2282,0.1750,-0.3794,4.5600,0.1869,0.4518,4.6254,0.1520,0.4800,0,1,4.4842,-0.1956,0.4418,0.1322,-0.2030,-0.3894,4.4842,-0.1956,0.4418,4.5425,-0.1316,0.4800,1,1,4.0949,0.1852,0.4224,-0.2363,0.1979,-0.4088,4.0949,0.1852,0.4224,4.1412,0.1315,0.4800,1,1,4.1541,-0.1908,0.4318,-0.1971,-0.1807,-0.3994,4.1541,-0.1908,0.4318,4.2542,-0.1521,0.4800,0,1
4.3461,0.0018,0.8313,-0.0239,0.0640,4.5588,0.1876,0.4449,0.2241,0.1718,-0.3864,4.5588,0.1876,0.4449,4.5635,0.1558,0.4800,1,1,4.4840,-0.1960,0.4418,0.1250,-0.2062,-0.3895,4.4840,-0.1960,0.4418,4.6466,-0.1276,0.4800,0,1,4.0948,0.1848,0.4221,-0.2391,0.1987,-0.4092,4.0948,0.1848,0.4221,4.2425,0.1311,0.4800,0,1,4.1571,-0.1902,0.4255,-0.2009,-0.1795,-0.4058,4.1571,-0.1902,0.4255,4.1956,-0.1524,0.4800,1,1
4.3510,0.0034,0.8300,-0.0185,0.0733,4.5589,0.1875,0.4449,0.2208,0.1684,-0.3851,4.5589,0.1875,0.4449,4.5649,0.1591,0.4800,1,1,4.4945,-0.2058,0.4466,0.1278,-0.2191,-0.3834,4.4945,-0.2058,0.4466,4.6527,-0.1242,0.4800,0,1,4.0982,0.1940,0.4264,-0.2382,0.2086,-0.4036,4.0982,0.1940,0.4264,4.2462,0.1308,0.4800,0,1,4.1571,-0.1904,0.4255,-0.2076,-0.1791,-0.4045,4.1571,-0.1904,0.4255,4.2000,-0.1525,0.4800,1,1
4.3564,0.0048,0.8291,-0.0200,0.0722,4.5588,0.1877,0.4449,0.2151,0.1678,-0.3842,4.5588,0.1877,0.4449,4.5684,0.1602,0.4800,1,1,4.5156,-0.1767,0.4557,0.1457,-0.1925,-0.3734,4.5156,-0.1767,0.4557,4.6579,-0.1230,0.4800,0,1,4.1222,0.1619,0.4371,-0.2223,0.1736,-0.3920,4.1222,0.1619,0.4371,4.2516,0.1323,0.4800,0,1,4.1571,-0.1902,0.4254,-0.2128,-0.1801,-0.4037,4.1571,-0.1902,0.4254,4.2031,-0.1509,0.4800,1,1
4.3611,0.0058,0.8292,-0.0210,0.0646,4.5588,0.1879,0.4450,0.2090,0.1690,-0.3842,4.5588,0.1879,0.4450,4.5724,0.1599,0.4800,1,1,4.5342,-0.1240,0.4690,0.1644,-0.1407,-0.3602,4.5342,-0.1240,0.4690,4.6617,-0.1236,0.4800,0,1,4.1545,0.0993,0.4511,-0.2001,0.1066,-0.3781,4.1545,0.0993,0.4511,4.2574,0.1349,0.4800,0,1,4.1570,-0.1899,0.4253,-0.2163,-0.1821,-0.4039,4.1570,-0.1899,0.4253,4.2047,-0.1485,0.4800,1,1
4.3653,0.0064,0.8283,-0.0233,0.0613,4.5588,0.1879,0.4450,0.2043,0.1693,-0.3833,4.5588,0.1879,0.4450,4.5750,0.1599,0.4800,1,1,4.5501,-0.1075,0.4820,0.1775,-0.1250,-0.3463,4.5501,-0.1075,0.4820,4.6654,-0.1236,0.4800,0,1,4.1717,0.0813,0.4642,-0.1886,0.0866,-0.3641,4.1717,0.0813,0.4642,4.2620,0.1362,0.4800,0,1,4.1570,-0.1899,0.4253,-0.2199,-0.1832,-0.4030,4.1570,-0.1899,0.4253,4.2064,-0.1473,0.4800,1,1
4.3692,0.0068,0.8270,-0.0262,0.0592,4.5588,0.1878,0.4450,0.2000,0.1695,-0.3820,4.5588,0.1878,0.4450,4.5772,0.1599,0.4800,1,1,4.5635,-0.1034,0.4951,0.1874,-0.1215,-0.3319,4.5635,-0.1034,0.4951,4.6690,-0.1236,0.4800,0,1,4.1826,0.0816,0.4773,-0.1818,0.0857,-0.3497,4.1826,0.0816,0.4773,4.2661,0.1370,0.4800,0,1,4.1570,-0.1900,0.4253,-0.2235,-0.1839,-0.4017,4.1570,-0.1900,0.4253,4.2079,-0.1465,0.4800,1,1
4.3729,0.0070,0.8257,-0.0285,0.0562,4.5588,0.1878,0.4450,0.1958,0.1701,-0.3807,4.5588,0.1878,0.4450,4.5794,0.1595,0.4800,1,1,4.5748,-0.1024,0.5072,0.1954,-0.1206,-0.3185,4.5748,-0.1024,0.5072,4.6723,-0.1240,0.4800,0,1,4.1886,0.0864,0.4893,-0.1795,0.0896,-0.3364,4.1886,0.0864,0.4893,4.2702,0.1378,0.4800,0,1,4.1570,-0.1900,0.4253,-0.2266,-0.1846,-0.4004,4.1570,-0.1900,0.4253,4.2091,-0.1457,0.4800,1,1
4.3764,0.0071,0.8245,-0.0297,0.0517,4.5589,0.1878,0.4450,0.1916,0.1710,-0.3795,4.5589,0.1878,0.4450,4.5816,0.1588,0.4800,1,1,4.5841,-0.1027,0.5169,0.2017,-0.1204,-0.3076,4.5841,-0.1027,0.5169,4.6753,-0.1248,0.4800,0,1,4.1913,0.0918,0.4990,-0.1805,0.0942,-0.3255,4.1913,0.0918,0.4990,4.2743,0.1388,0.4800,0,1,4.1571,-0.1901,0.4253,-0.2292,-0.1856,-0.3992,4.1571,-0.1901,0.4253,4.2100,-0.1448,0.4800,1,1
4.3798,0.0070,0.8237,-0.0299,0.0456,4.5589,0.1877,0.4450,0.1872,0.1723,-0.3787,4.5589,0.1877,0.4450,4.5840,0.1576,0.4800,1,1,4.5916,-0.1039,0.5231,0.2065,-0.1204,-0.3006,4.5916,-0.1039,0.5231,4.6779,-0.1261,0.4800,0,1,4.1928,0.0975,0.5052,-0.1827,0.0989,-0.3185,4.1928,0.0975,0.5052,4.2786,0.1400,0.4800,0,1,4.1571,-0.1901,0.4253,-0.2315,-0.1867,-0.3984,4.1571,-0.1901,0.4253,4.2105,-0.1437,0.4800,1,1
4.3832,0.0068,0.8232,-0.0296,0.0375,4.5589,0.1877,0.4450,0.1824,0.1742,-0.3782,4.5589,0.1877,0.4450,4.5866,0.1559,0.4800,1,1,4.5977,-0.1064,0.5245,0.2101,-0.1212,-0.2987,4.5977,-0.1064,0.5245,4.6802,-0.1279,0.4800,0,1,4.1941,0.1038,0.5065,-0.1853,0.1040,-0.3167,4.1941,0.1038,0.5065,4.2830,0.1414,0.4800,0,1,4.1571,-0.1901,0.4253,-0.2333,-0.1883,-0.3979,4.1571,-0.1901,0.4253,4.2107,-0.1424,0.4800,1,1
4.3866,0.0064,0.8232,-0.0291,0.0275,4.5590,0.1877,0.4450,0.1773,0.1765,-0.3782,4.5590,0.1877,0.4450,4.5894,0.1537,0.4800,1,1,4.6031,-0.1106,0.5209,0.2132,-0.1229,-0.3023,4.6031,-0.1106,0.5209,4.6822,-0.1302,0.4800,0,1,4.1955,0.1117,0.5029,-0.1881,0.1105,-0.3203,4.1955,0.1117,0.5029,4.2878,0.1430,0.4800,0,1,4.1572,-0.1901,0.4253,-0.2347,-0.1901,-0.3979,4.1572,-0.1901,0.4253,4.2106,-0.1409,0.4800,1,1
4.3900,0.0059,0.8237,-0.0289,0.0158,4.5590,0.1877,0.4450,0.1719,0.1791,-0.3787,4.5590,0.1877,0.4450,4.5925,0.1509,0.4800,1,1,4.6083,-0.1172,0.5134,0.2163,-0.1265,-0.3103,4.6083,-0.1172,0.5134,4.6840,-0.1330,0.4800,0,1,4.1973,0.1221,0.4953,-0.1908,0.1192,-0.3284,4.1973,0.1221,0.4953,4.2928,0.1448,0.4800,0,1,4.1572,-0.1901,0.4253,-0.2359,-0.1923,-0.3984,4.1572,-0.1901,0.4253,4.2103,-0.1392,0.4800,1,1
4.3935,0.0052,0.8247,-0.0293,0.0027,4.5590,0.1877,0.4450,0.1660,0.1821,-0.3797,4.5590,0.1877,0.4450,4.5960,0.1477,0.4800,1,1,4.6138,-0.1273,0.5030,0.2199,-0.1331,-0.3217,4.6138,-0.1273,0.5030,4.6857,-0.1363,0.4800,0,1,4.1999,0.1357,0.4849,-0.1932,0.1310,-0.3398,4.1999,0.1357,0.4849,4.2982,0.1467,0.4800,0,1,4.1572,-0.1902,0.4253,-0.2368,-0.1948,-0.3994,4.1572,-0.1902,0.4253,4.2099,-0.1373,0.4800,1,1
4.3972,0.0043,0.8260,-0.0303,-0.0117,4.5590,0.1877,0.4449,0.1596,0.1853,-0.3811,4.5590,0.1877,0.4449,4.5996,0.1440,0.4800,1,1,4.6194,-0.1415,0.4909,0.2239,-0.1432,-0.3351,4.6194,-0.1415,0.4909,4.6873,-0.1400,0.4800,0,1,4.2039,0.1521,0.4728,-0.1950,0.1455,-0.3532,4.2039,0.1521,0.4728,4.3039,0.1485,0.4800,0,1,4.1572,-0.1902,0.4253,-0.2377,-0.1973,-0.4007,4.1572,-0.1902,0.4253,4.2096,-0.1354,0.4800,1,1
4.4010,0.0032,0.8275,-0.0314,-0.0268,4.5590,0.1877,0.4449,0.1530,0.1887,-0.3826,4.5590,0.1877,0.4449,4.6036,0.1400,0.4800,1,1,4.6245,-0.1595,0.4781,0.2278,-0.1567,-0.3494,4.6245,-0.1595,0.4781,4.6890,-0.1439,0.4800,0,1,4.2093,0.1694,0.4600,-0.1961,0.1610,-0.3675,4.2093,0.1694,0.4600,4.3099,0.1504,0.4800,0,1,4.1572,-0.1902,0.4253,-0.2385,-0.1999,-0.4022,4.1572,-0.1902,0.4253,4.2093,-0.1335,0.4800,1,1
4.4051,0.0019,0.8291,-0.0321,-0.0425,4.5589,0.1877,0.4449,0.1458,0.1922,-0.3842,4.5589,0.1877,0.4449,4.6078,0.1356,0.4800,1,1,4.6276,-0.1766,0.4659,0.2299,-0.1689,-0.3632,4.6276,-0.1766,0.4659,4.6907,-0.1481,0.4800,0,1,4.2154,0.1824,0.4479,-0.1972,0.1723,-0.3812,4.2154,0.1824,0.4479,4.3163,0.1521,0.4800,0,1,4.1572,-0.1902,0.4253,-0.2395,-0.2025,-0.4038,4.1572,-0.1902,0.4253,4.2093,-0.1317,0.4800,1,1
4.4093,0.0005,0.8305,-0.0309,-0.0578,4.5588,0.1878,0.4449,0.1384,0.1956,-0.3856,4.5588,0.1878,0.4449,4.6120,0.1312,0.4800,1,1,4.6281,-0.1885,0.4553,0.2294,-0.1760,-0.3752,4.6281,-0.1885,0.4553,4.6926,-0.1524,0.4800,0,1,4.2213,0.1885,0.4374,-0.1985,0.1768,-0.3931,4.2213,0.1885,0.4374,4.3229,0.1535,0.4800,0,1,4.1572,-0.1901,0.4252,-0.2407,-0.2048,-0.4053,4.1572,-0.1901,0.4252,4.2095,-0.1300,0.4800,1,1
4.4137,-0.0011,0.8312,-0.0267,-0.0706,4.5590,0.1882,0.4451,0.1316,0.1991,-0.3861,4.5590,0.1882,0.4451,4.6161,0.1270,0.4800,1,1,4.6269,-0.1928,0.4474,0.2262,-0.1762,-0.3838,4.6269,-0.1928,0.4474,4.6950,-0.1563,0.4800,0,1,4.2253,0.1912,0.4297,-0.2015,0.1785,-0.4015,4.2253,0.1912,0.4297,4.3292,0.1543,0.4800,0,1,4.1573,-0.1897,0.4249,-0.2425,-0.2062,-0.4063,4.1573,-0.1897,0.4249,4.2102,-0.1290,0.4800,1,1
4.4183,-0.0026,0.8305,-0.0210,-0.0806,4.5613,0.1987,0.4471,0.1263,0.2122,-0.3834,4.5613,0.1987,0.4471,4.7209,0.1235,0.4800,0,1,4.6266,-0.1909,0.4440,0.2228,-0.1709,-0.3865,4.6266,-0.1909,0.4440,4.6321,-0.1596,0.4800,1,1,4.2266,0.1938,0.4270,-0.2069,0.1803,-0.4035,4.2266,0.1938,0.4270,4.2694,0.1546,0.4800,1,1,4.1587,-0.1928,0.4264,-0.2434,-0.2105,-0.4041,4.1587,-0.1928,0.4264,4.3125,-0.1285,0.4800,0,1
4.4231,-0.0040,0.8294,-0.0188,-0.0855,4.5793,0.1976,0.4542,0.1384,0.2142,-0.3752,4.5793,0.1976,0.4542,4.7263,0.1211,0.4800,0,1,4.6268,-0.1903,0.4438,0.2189,-0.1682,-0.3856,4.6268,-0.1903,0.4438,4.6340,-0.1619,0.4800,1,1,4.2268,0.1944,0.4272,-0.2125,0.1809,-0.4022,4.2268,0.1944,0.4272,4.2729,0.1541,0.4800,1,1,4.1665,-0.1937,0.4334,-0.2395,-0.2109,-0.3960,4.1665,-0.1937,0.4334,4.3167,-0.1288,0.4800,0,1
4.4281,-0.0051,0.8293,-0.0208,-0.0788,4.5973,0.1478,0.4655,0.1566,0.1657,-0.3638,4.5973,0.1478,0.4655,4.7304,0.1213,0.4800,0,1,4.6266,-0.1909,0.4440,0.2125,-0.1696,-0.3853,4.6266,-0.1909,0.4440,4.6381,-0.1618,0.4800,1,1,4.2265,0.1937,0.4270,-0.2166,0.1823,-0.4023,4.2265,0.1937,0.4270,4.2748,0.1518,0.4800,1,1,4.2043,-0.1305,0.4465,-0.2132,-0.1426,-0.3828,4.2043,-0.1305,0.4465,4.3225,-0.1314,0.4800,0,1
4.4322,-0.0059,0.8289,-0.0221,-0.0733,4.6127,0.1181,0.4782,0.1709,0.1369,-0.3507,4.6127,0.1181,0.4782,4.7339,0.1217,0.4800,0,1,4.6266,-0.1910,0.4440,0.2074,-0.1704,-0.3849,4.6266,-0.1910,0.4440,4.6411,-0.1616,0.4800,1,1,4.2265,0.1937,0.4270,-0.2198,0.1840,-0.4019,4.2265,0.1937,0.4270,4.2762,0.1500,0.4800,1,1,4.2287,-0.0947,0.4596,-0.1965,-0.1035,-0.3693,4.2287,-0.0947,0.4596,4.3274,-0.1332,0.4800,0,1
4.4361,-0.0064,0.8279,-0.0249,-0.0699,4.6261,0.1096,0.4914,0.1814,0.1290,-0.3365,4.6261,0.1096,0.4914,4.7374,0.1219,0.4800,0,1,4.6266,-0.1910,0.4440,0.2029,-0.1708,-0.3839,4.6266,-0.1910,0.4440,4.6436,-0.1614,0.4800,1,1,4.2265,0.1937,0.4270,-0.2231,0.1850,-0.4009,4.2265,0.1937,0.4270,4.2775,0.1489,0.4800,1,1,4.2430,-0.0870,0.4728,-0.1870,-0.0939,-0.3551,4.2430,-0.0870,0.4728,4.3317,-0.1344,0.4800,0,1
4.4398,-0.0067,0.8268,-0.0276,-0.0660,4.6375,0.1068,0.5041,0.1898,0.1263,-0.3227,4.6375,0.1068,0.5041,4.7406,0.1224,0.4800,0,1,4.6266,-0.1909,0.4440,0.1985,-0.1715,-0.3828,4.6266,-0.1909,0.4440,4.6458,-0.1610,0.4800,1,1,4.2265,0.1937,0.4270,-0.2261,0.1859,-0.3998,4.2265,0.1937,0.4270,4.2786,0.1479,0.4800,1,1,4.2522,-0.0878,0.4855,-0.1818,-0.0933,-0.3413,4.2522,-0.0878,0.4855,4.3359,-0.1355,0.4800,0,1
4.4433,-0.0068,0.8257,-0.0296,-0.0609,4.6472,0.1060,0.5152,0.1967,0.1250,-0.3105,4.6472,0.1060,0.5152,4.7434,0.1233,0.4800,0,1,4.6266,-0.1909,0.4440,0.1942,-0.1726,-0.3817,4.6266,-0.1909,0.4440,4.6481,-0.1602,0.4800,1,1,4.2266,0.1938,0.4270,-0.2285,0.1870,-0.3987,4.2266,0.1938,0.4270,4.2793,0.1468,0.4800,1,1,4.2574,-0.0911,0.4965,-0.1804,-0.0955,-0.3292,4.2574,-0.0911,0.4965,4.3401,-0.1366,0.4800,0,1
4.4467,-0.0068,0.8248,-0.0308,-0.0543,4.6556,0.1066,0.5233,0.2024,0.1246,-0.3015,4.6556,0.1066,0.5233,4.7460,0.1246,0.4800,0,1,4.6267,-0.1909,0.4440,0.1897,-0.1741,-0.3808,4.6267,-0.1909,0.4440,4.6506,-0.1590,0.4800,1,1,4.2266,0.1938,0.4270,-0.2307,0.1884,-0.3978,4.2266,0.1938,0.4270,4.2798,0.1456,0.4800,1,1,4.2600,-0.0955,0.5046,-0.1816,-0.0987,-0.3202,4.2600,-0.0955,0.5046,4.3443,-0.1380,0.4800,0,1
4.4501,-0.0066,0.8242,-0.0313,-0.0461,4.6626,0.1083,0.5272,0.2070,0.1246,-0.2970,4.6626,0.1083,0.5272,4.7482,0.1264,0.4800,0,1,4.6267,-0.1909,0.4440,0.1849,-0.1760,-0.3802,4.6267,-0.1909,0.4440,4.6532,-0.1573,0.4800,1,1,4.2266,0.1938,0.4270,-0.2325,0.1899,-0.3972,4.2266,0.1938,0.4270,4.2799,0.1442,0.4800,1,1,4.2615,-0.1007,0.5085,-0.1841,-0.1027,-0.3157,4.2615,-0.1007,0.5085,4.3488,-0.1395,0.4800,0,1
4.4534,-0.0064,0.8241,-0.0314,-0.0362,4.6685,0.1111,0.5261,0.2107,0.1252,-0.2980,4.6685,0.1111,0.5261,4.7502,0.1286,0.4800,0,1,4.6267,-0.1909,0.4440,0.1799,-0.1781,-0.3801,4.6267,-0.1909,0.4440,4.6560,-0.1552,0.4800,1,1,4.2267,0.1938,0.4270,-0.2338,0.1919,-0.3971,4.2267,0.1938,0.4270,4.2797,0.1426,0.4800,1,1,4.2628,-0.1073,0.5073,-0.1868,-0.1077,-0.3168,4.2628,-0.1073,0.5073,4.3534,-0.1412,0.4800,0,1
4.4568,-0.0059,0.8244,-0.0315,-0.0246,4.6739,0.1155,0.5204,0.2140,0.1267,-0.3040,4.6739,0.1155,0.5204,4.7520,0.1313,0.4800,0,1,4.6267,-0.1908,0.4440,0.1744,-0.1807,-0.3804,4.6267,-0.1908,0.4440,4.6590,-0.1526,0.4800,1,1,4.2267,0.1939,0.4270,-0.2349,0.1941,-0.3974,4.2267,0.1939,0.4270,4.2793,0.1408,0.4800,1,1,4.2640,-0.1161,0.5015,-0.1900,-0.1149,-0.3229,4.2640,-0.1161,0.5015,4.3583,-0.1431,0.4800,0,1
4.4602,-0.0053,0.8253,-0.0318,-0.0118,4.6795,0.1221,0.5113,0.2178,0.1300,-0.3140,4.6795,0.1221,0.5113,4.7536,0.1344,0.4800,0,1,4.6267,-0.1908,0.4440,0.1687,-0.1835,-0.3813,4.6267,-0.1908,0.4440,4.6623,-0.1496,0.4800,1,1,4.2267,0.1939,0.4270,-0.2358,0.1964,-0.3983,4.2267,0.1939,0.4270,4.2789,0.1389,0.4800,1,1,4.2656,-0.1277,0.4924,-0.1931,-0.1247,-0.3329,4.2656,-0.1277,0.4924,4.3635,-0.1450,0.4800,0,1
4.4637,-0.0046,0.8265,-0.0325,0.0020,4.6856,0.1318,0.4999,0.2222,0.1360,-0.3266,4.6856,0.1318,0.4999,4.7553,0.1378,0.4800,0,1,4.6268,-0.1908,0.4440,0.1627,-0.1865,-0.3825,4.6268,-0.1908,0.4440,4.6658,-0.1462,0.4800,1,1,4.2267,0.1939,0.4270,-0.2366,0.1990,-0.3995,4.2267,0.1939,0.4270,4.2785,0.1370,0.4800,1,1,4.2679,-0.1425,0.4809,-0.1961,-0.1375,-0.3456,4.2679,-0.1425,0.4809,4.3690,-0.1470,0.4800,0,1
4.4675,-0.0037,0.8280,-0.0337,0.0166,4.6919,0.1450,0.4873,0.2268,0.1450,-0.3407,4.6919,0.1450,0.4873,4.7569,0.1414,0.4800,0,1,4.6268,-0.1908,0.4440,0.1562,-0.1897,-0.3840,4.6268,-0.1908,0.4440,4.6696,-0.1425,0.4800,1,1,4.2267,0.1940,0.4270,-0.2375,0.2017,-0.4010,4.2267,0.1940,0.4270,4.2782,0.1350,0.4800,1,1,4.2716,-0.1592,0.4683,-0.1985,-0.1522,-0.3597,4.2716,-0.1592,0.4683,4.3749,-0.1489,0.4800,0,1
4.4715,-0.0027,0.8296,-0.0350,0.0314,4.6974,0.1599,0.4747,0.2309,0.1554,-0.3549,4.6974,0.1599,0.4747,4.7588,0.1453,0.4800,0,1,4.6267,-0.1908,0.4439,0.1492,-0.1929,-0.3857,4.6267,-0.1908,0.4439,4.6737,-0.1386,0.4800,1,1,4.2267,0.1940,0.4270,-0.2385,0.2043,-0.4026,4.2267,0.1940,0.4270,4.2782,0.1331,0.4800,1,1,4.2767,-0.1748,0.4558,-0.2001,-0.1659,-0.3738,4.2767,-0.1748,0.4558,4.3811,-0.1507,0.4800,0,1
4.4758,-0.0015,0.8312,-0.0354,0.0461,4.7011,0.1730,0.4632,0.2331,0.1639,-0.3680,4.7011,0.1730,0.4632,4.7608,0.1492,0.4800,0,1,4.6267,-0.1908,0.4439,0.1420,-0.1961,-0.3873,4.6267,-0.1908,0.4439,4.6779,-0.1345,0.4800,1,1,4.2267,0.1940,0.4269,-0.2398,0.2068,-0.4043,4.2267,0.1940,0.4269,4.2784,0.1314,0.4800,1,1,4.2827,-0.1855,0.4443,-0.2014,-0.1749,-0.3869,4.2827,-0.1855,0.4443,4.3875,-0.1523,0.4800,0,1
4.4803,-0.0002,0.8324,-0.0334,0.0595,4.7025,0.1806,0.4538,0.2326,0.1673,-0.3786,4.7025,0.1806,0.4538,4.7633,0.1529,0.4800,0,1,4.6266,-0.1910,0.4440,0.1347,-0.1992,-0.3884,4.6266,-0.1910,0.4440,4.6822,-0.1306,0.4800,1,1,4.2267,0.1938,0.4269,-0.2416,0.2087,-0.4055,4.2267,0.1938,0.4269,4.2792,0.1299,0.4800,1,1,4.2878,-0.1901,0.4351,-0.2035,-0.1781,-0.3973,4.2878,-0.1901,0.4351,4.3941,-0.1536,0.4800,0,1
4.4849,0.0011,0.8325,-0.0284,0.0700,4.7020,0.1804,0.4469,0.2291,0.1637,-0.3856,4.7020,0.1804,0.4469,4.7013,0.1562,0.4800,1,1,4.6264,-0.1915,0.4439,0.1277,-0.2020,-0.3886,4.6264,-0.1915,0.4439,4.7862,-0.1271,0.4800,0,1,4.2266,0.1934,0.4266,-0.2442,0.2099,-0.4059,4.2266,0.1934,0.4266,4.3805,0.1291,0.4800,0,1,4.2902,-0.1941,0.4289,-0.2079,-0.1811,-0.4036,4.2902,-0.1941,0.4289,4.3353,-0.1542,0.4800,1,1
4.4898,0.0024,0.8313,-0.0226,0.0785,4.7021,0.1802,0.4468,0.2256,0.1606,-0.3845,4.7021,0.1802,0.4468,4.7029,0.1590,0.4800,1,1,4.6365,-0.2031,0.4489,0.1301,-0.2164,-0.3824,4.6365,-0.2031,0.4489,4.7921,-0.1242,0.4800,0,1,4.2308,0.2001,0.4308,-0.2427,0.2174,-0.4005,4.2308,0.2001,0.4308,4.3843,0.1286,0.4800,0,1,4.2903,-0.1942,0.4289,-0.2143,-0.1803,-0.4024,4.2903,-0.1942,0.4289,4.3395,-0.1545,0.4800,1,1
4.4950,0.0035,0.8306,-0.0233,0.0767,4.7021,0.1803,0.4469,0.2200,0.1604,-0.3837,4.7021,0.1803,0.4469,4.7064,0.1597,0.4800,1,1,4.6582,-0.1763,0.4577,0.1489,-0.1918,-0.3729,4.6582,-0.1763,0.4577,4.7972,-0.1234,0.4800,0,1,4.2546,0.1690,0.4409,-0.2270,0.1834,-0.3897,4.2546,0.1690,0.4409,4.3897,0.1301,0.4800,0,1,4.2902,-0.1941,0.4289,-0.2193,-0.1813,-0.4017,4.2902,-0.1941,0.4289,4.3425,-0.1531,0.4800,1,1
4.4997,0.0043,0.8305,-0.0237,0.0693,4.7020,0.1805,0.4469,0.2140,0.1618,-0.3836,4.7020,0.1805,0.4469,4.7102,0.1592,0.4800,1,1,4.6758,-0.1288,0.4706,0.1665,-0.1450,-0.3599,4.6758,-0.1288,0.4706,4.8009,-0.1241,0.4800,0,1,4.2872,0.1122,0.4547,-0.2045,0.1224,-0.3758,4.2872,0.1122,0.4547,4.3954,0.1324,0.4800,0,1,4.2901,-0.1939,0.4288,-0.2228,-0.1832,-0.4017,4.2901,-0.1939,0.4288,4.3440,-0.1509,0.4800,1,1
4.5039,0.0048,0.8296,-0.0249,0.0654,4.7020,0.1805,0.4469,0.2092,0.1624,-0.3827,4.7020,0.1805,0.4469,4.7130,0.1591,0.4800,1,1,4.6906,-0.1126,0.4836,0.1786,-0.1294,-0.3460,4.6906,-0.1126,0.4836,4.8046,-0.1243,0.4800,0,1,4.3049,0.0943,0.4677,-0.1927,0.1023,-0.3619,4.3049,0.0943,0.4677,4.4001,0.1338,0.4800,0,1,4.2901,-0.1939,0.4288,-0.2263,-0.1843,-0.4008,4.2901,-0.1939,0.4288,4.3456,-0.1496,0.4800,1,1
4.5079,0.0052,0.8283,-0.0267,0.0621,4.7020,0.1805,0.4469,0.2046,0.1629,-0.3814,4.7020,0.1805,0.4469,4.7155,0.1589,0.4800,1,1,4.7032,-0.1071,0.4967,0.1880,-0.1242,-0.3316,4.7032,-0.1071,0.4967,4.8081,-0.1246,0.4800,0,1,4.3166,0.0914,0.4808,-0.1856,0.0979,-0.3475,4.3166,0.0914,0.4808,4.4044,0.1349,0.4800,0,1,4.2902,-0.1940,0.4288,-0.2296,-0.1853,-0.3995,4.2902,-0.1940,0.4288,4.3471,-0.1486,0.4800,1,1
4.5116,0.0055,0.8271,-0.0281,0.0579,4.7021,0.1805,0.4469,0.2003,0.1637,-0.3802,4.7021,0.1805,0.4469,4.7179,0.1584,0.4800,1,1,4.7139,-0.1051,0.5087,0.1956,-0.1221,-0.3184,4.7139,-0.1051,0.5087,4.8113,-0.1252,0.4800,0,1,4.3242,0.0929,0.4928,-0.1820,0.0981,-0.3343,4.3242,0.0929,0.4928,4.4088,0.1360,0.4800,0,1,4.2902,-0.1940,0.4288,-0.2326,-0.1864,-0.3983,4.2902,-0.1940,0.4288,4.3482,-0.1475,0.4800,1,1
4.5153,0.0057,0.8259,-0.0288,0.0528,4.7021,0.1804,0.4469,0.1958,0.1646,-0.3790,4.7021,0.1804,0.4469,4.7203,0.1576,0.4800,1,1,4.7231,-0.1049,0.5185,0.2017,-0.1214,-0.3074,4.7231,-0.1049,0.5185,4.8143,-0.1260,0.4800,0,1,4.3287,0.0962,0.5025,-0.1816,0.1002,-0.3234,4.3287,0.0962,0.5025,4.4131,0.1372,0.4800,0,1,4.2902,-0.1940,0.4288,-0.2353,-0.1875,-0.3971,4.2902,-0.1940,0.4288,4.3490,-0.1464,0.4800,1,1
4.5188,0.0058,0.8250,-0.0288,0.0463,4.7021,0.1804,0.4469,0.1912,0.1659,-0.3781,4.7021,0.1804,0.4469,4.7229,0.1565,0.4800,1,1,4.7310,-0.1058,0.5247,0.2068,-0.1213,-0.3003,4.7310,-0.1058,0.5247,4.8170,-0.1272,0.4800,0,1,4.3313,0.1005,0.5087,-0.1829,0.1033,-0.3163,4.3313,0.1005,0.5087,4.4175,0.1386,0.4800,0,1,4.2903,-0.1940,0.4288,-0.2375,-0.1890,-0.3962,4.2903,-0.1940,0.4288,4.3496,-0.1451,0.4800,1,1
4.5223,0.0058,0.8243,-0.0282,0.0381,4.7021,0.1804,0.4469,0.1863,0.1676,-0.3774,4.7021,0.1804,0.4469,4.7256,0.1550,0.4800,1,1,4.7378,-0.1080,0.5261,0.2110,-0.1219,-0.2982,4.7378,-0.1080,0.5261,4.8194,-0.1288,0.4800,0,1,4.3328,0.1060,0.5100,-0.1855,0.1073,-0.3143,4.3328,0.1060,0.5100,4.4221,0.1403,0.4800,0,1,4.2903,-0.1940,0.4288,-0.2394,-0.1908,-0.3955,4.2903,-0.1940,0.4288,4.3499,-0.1435,0.4800,1,1
4.5258,0.0057,0.8242,-0.0272,0.0281,4.7022,0.1804,0.4469,0.1812,0.1697,-0.3773,4.7022,0.1804,0.4469,4.7285,0.1530,0.4800,1,1,4.7436,-0.1115,0.5225,0.2144,-0.1233,-0.3017,4.7436,-0.1115,0.5225,4.8215,-0.1309,0.4800,0,1,4.3337,0.1134,0.5064,-0.1890,0.1131,-0.3178,4.3337,0.1134,0.5064,4.4269,0.1422,0.4800,0,1,4.2903,-0.1941,0.4288,-0.2410,-0.1931,-0.3954,4.2903,-0.1941,0.4288,4.3498,-0.1417,0.4800,1,1
4.5293,0.0055,0.8244,-0.0265,0.0160,4.7022,0.1804,0.4469,0.1757,0.1721,-0.3775,4.7022,0.1804,0.4469,4.7318,0.1505,0.4800,1,1,4.7491,-0.1171,0.5150,0.2178,-0.1261,-0.3094,4.7491,-0.1171,0.5150,4.8233,-0.1334,0.4800,0,1,4.3345,0.1232,0.4989,-0.1929,0.1208,-0.3255,4.3345,0.1232,0.4989,4.4320,0.1443,0.4800,0,1,4.2903,-0.1941,0.4288,-0.2422,-0.1958,-0.3956,4.2903,-0.1941,0.4288,4.3496,-0.1396,0.4800,1,1
4.5328,0.0051,0.8252,-0.0263,0.0022,4.7022,0.1804,0.4469,0.1698,0.1749,-0.3783,4.7022,0.1804,0.4469,4.7353,0.1475,0.4800,1,1,4.7547,-0.1257,0.5046,0.2216,-0.1313,-0.3206,4.7547,-0.1257,0.5046,4.8249,-0.1365,0.4800,0,1,4.3357,0.1358,0.4884,-0.1968,0.1311,-0.3368,4.3357,0.1358,0.4884,4.4375,0.1466,0.4800,0,1,4.2904,-0.1941,0.4288,-0.2428,-0.1987,-0.3964,4.2904,-0.1941,0.4288,4.3491,-0.1374,0.4800,1,1
4.5365,0.0045,0.8263,-0.0267,-0.0131,4.7022,0.1804,0.4469,0.1634,0.1781,-0.3794,4.7022,0.1804,0.4469,4.7391,0.1440,0.4800,1,1,4.7604,-0.1382,0.4924,0.2258,-0.1398,-0.3339,4.7604,-0.1382,0.4924,4.8264,-0.1400,0.4800,0,1,4.3379,0.1508,0.4763,-0.2005,0.1437,-0.3500,4.3379,0.1508,0.4763,4.4434,0.1491,0.4800,0,1,4.2904,-0.1941,0.4288,-0.2435,-0.2018,-0.3975,4.2904,-0.1941,0.4288,4.3486,-0.1349,0.4800,1,1
4.5403,0.0038,0.8277,-0.0276,-0.0292,4.7022,0.1804,0.4469,0.1567,0.1813,-0.3808,4.7022,0.1804,0.4469,4.7432,0.1401,0.4800,1,1,4.7656,-0.1541,0.4797,0.2298,-0.1513,-0.3480,4.7656,-0.1541,0.4797,4.8279,-0.1437,0.4800,0,1,4.3417,0.1668,0.4636,-0.2033,0.1571,-0.3641,4.3417,0.1668,0.4636,4.4495,0.1514,0.4800,0,1,4.2904,-0.1941,0.4288,-0.2440,-0.2051,-0.3989,4.2904,-0.1941,0.4288,4.3483,-0.1324,0.4800,1,1
4.5443,0.0029,0.8291,-0.0280,-0.0457,4.7021,0.1805,0.4469,0.1495,0.1846,-0.3822,4.7021,0.1805,0.4469,4.7474,0.1360,0.4800,1,1,4.7688,-0.1700,0.4675,0.2322,-0.1625,-0.3616,4.7688,-0.1700,0.4675,4.8294,-0.1477,0.4800,0,1,4.3471,0.1798,0.4514,-0.2051,0.1677,-0.3777,4.3471,0.1798,0.4514,4.4560,0.1537,0.4800,0,1,4.2904,-0.1941,0.4288,-0.2446,-0.2084,-0.4003,4.2904,-0.1941,0.4288,4.3480,-0.1300,0.4800,1,1
4.5485,0.0019,0.8304,-0.0269,-0.0612,4.7020,0.1806,0.4469,0.1423,0.1878,-0.3835,4.7020,0.1806,0.4469,4.7516,0.1319,0.4800,1,1,4.7696,-0.1821,0.4569,0.2319,-0.1701,-0.3735,4.7696,-0.1821,0.4569,4.8312,-0.1516,0.4800,0,1,4.3534,0.1878,0.4410,-0.2061,0.1736,-0.3894,4.3534,0.1878,0.4410,4.4625,0.1555,0.4800,0,1,4.2903,-0.1940,0.4287,-0.2457,-0.2113,-0.4017,4.2903,-0.1940,0.4287,4.3481,-0.1279,0.4800,1,1
4.5527,0.0007,0.8312,-0.0232,-0.0737,4.7022,0.1811,0.4471,0.1358,0.1909,-0.3841,4.7022,0.1811,0.4471,4.7554,0.1282,0.4800,1,1,4.7687,-0.1869,0.4489,0.2292,-0.1712,-0.3823,4.7687,-0.1869,0.4489,4.8335,-0.1550,0.4800,0,1,4.3583,0.1942,0.4333,-0.2081,0.1787,-0.3979,4.3583,0.1942,0.4333,4.4686,0.1567,0.4800,0,1,4.2905,-0.1935,0.4283,-0.2472,-0.2130,-0.4029,4.2905,-0.1935,0.4283,4.3487,-0.1265,0.4800,1,1
4.5571,-0.0005,0.8306,-0.0183,-0.0834,4.7033,0.1944,0.4493,0.1295,0.2064,-0.3813,4.7033,0.1944,0.4493,4.8601,0.1251,0.4800,0,1,4.7691,-0.1843,0.4455,0.2266,-0.1655,-0.3851,4.7691,-0.1843,0.4455,4.7704,-0.1579,0.4800,1,1,4.3602,0.1993,0.4308,-0.2129,0.1827,-0.3998,4.3602,0.1993,0.4308,4.4086,0.1573,0.4800,1,1,4.2921,-0.1961,0.4297,-0.2478,-0.2170,-0.4009,4.2921,-0.1961,0.4297,4.4510,-0.1257,0.4800,0,1
4.5617,-0.0016,0.8296,-0.0165,-0.0876,4.7205,0.1946,0.4564,0.1410,0.2093,-0.3732,4.7205,0.1946,0.4564,4.8652,0.1231,0.4800,0,1,4.7693,-0.1838,0.4453,0.2227,-0.1633,-0.3843,4.7693,-0.1838,0.4453,4.7724,-0.1598,0.4800,1,1,4.3604,0.1999,0.4309,-0.2182,0.1831,-0.3987,4.3604,0.1999,0.4309,4.4119,0.1569,0.4800,1,1,4.3006,-0.1951,0.4364,-0.2432,-0.2156,-0.3932,4.3006,-0.1951,0.4364,4.4551,-0.1260,0.4800,0,1
4.5666,-0.0025,0.8295,-0.0186,-0.0809,4.7386,0.1505,0.4673,0.1591,0.1664,-0.3622,4.7386,0.1505,0.4673,4.8692,0.1235,0.4800,0,1,4.7690,-0.1843,0.4454,0.2164,-0.1648,-0.3841,4.7690,-0.1843,0.4454,4.7763,-0.1595,0.4800,1,1,4.3601,0.1993,0.4308,-0.2221,0.1845,-0.3987,4.3601,0.1993,0.4308,4.4137,0.1548,0.4800,1,1,4.3377,-0.1369,0.4492,-0.2173,-0.1525,-0.3803,4.3377,-0.1369,0.4492,4.4607,-0.1283,0.4800,0,1
4.5707,-0.0031,0.8292,-0.0201,-0.0753,4.7532,0.1233,0.4799,0.1725,0.1398,-0.3493,4.7532,0.1233,0.4799,4.8726,0.1240,0.4800,0,1,4.7690,-0.1843,0.4455,0.2114,-0.1658,-0.3837,4.7690,-0.1843,0.4455,4.7793,-0.1592,0.4800,1,1,4.3601,0.1993,0.4308,-0.2252,0.1860,-0.3984,4.3601,0.1993,0.4308,4.4149,0.1531,0.4800,1,1,4.3626,-0.1033,0.4622,-0.2000,-0.1156,-0.3670,4.3626,-0.1033,0.4622,4.4656,-0.1301,0.4800,0,1
4.5746,-0.0036,0.8283,-0.0228,-0.0710,4.7659,0.1147,0.4930,0.1824,0.1316,-0.3353,4.7659,0.1147,0.4930,4.8760,0.1244,0.4800,0,1,4.7690,-0.1843,0.4455,0.2067,-0.1665,-0.3828,4.7690,-0.1843,0.4455,4.7818,-0.1588,0.4800,1,1,4.3601,0.1993,0.4308,-0.2284,0.1872,-0.3975,4.3601,0.1993,0.4308,4.4162,0.1519,0.4800,1,1,4.3776,-0.0942,0.4754,-0.1901,-0.1043,-0.3529,4.3776,-0.0942,0.4754,4.4700,-0.1314,0.4800,0,1
4.5783,-0.0039,0.8273,-0.0254,-0.0661,4.7768,0.1113,0.5058,0.1905,0.1281,-0.3215,4.7768,0.1113,0.5058,4.8791,0.1251,0.4800,0,1,4.7690,-0.1843,0.4455,0.2022,-0.1674,-0.3818,4.7690,-0.1843,0.4455,4.7843,-0.1583,0.4800,1,1,4.3602,0.1993,0.4308,-0.2310,0.1884,-0.3965,4.3602,0.1993,0.4308,4.4171,0.1507,0.4800,1,1,4.3878,-0.0926,0.4881,-0.1842,-0.1011,-0.3392,4.3878,-0.0926,0.4881,4.4744,-0.1327,0.4800,0,1
4.5819,-0.0042,0.8263,-0.0274,-0.0601,4.7863,0.1099,0.5168,0.1972,0.1262,-0.3095,4.7863,0.1099,0.5168,4.8819,0.1261,0.4800,0,1,4.7691,-0.1843,0.4455,0.1977,-0.1685,-0.3808,4.7691,-0.1843,0.4455,4.7868,-0.1574,0.4800,1,1,4.3602,0.1993,0.4308,-0.2335,0.1898,-0.3955,4.3602,0.1993,0.4308,4.4178,0.1493,0.4800,1,1,4.3946,-0.0939,0.4991,-0.1816,-0.1008,-0.3272,4.3946,-0.0939,0.4991,4.4787,-0.1342,0.4800,0,1
4.5854,-0.0043,0.8255,-0.0289,-0.0527,4.7945,0.1100,0.5250,0.2028,0.1252,-0.3005,4.7945,0.1100,0.5250,4.8844,0.1274,0.4800,0,1,4.7691,-0.1843,0.4455,0.1929,-0.1701,-0.3800,4.7691,-0.1843,0.4455,4.7895,-0.1562,0.4800,1,1,4.3602,0.1993,0.4307,-0.2356,0.1915,-0.3948,4.3602,0.1993,0.4307,4.4182,0.1478,0.4800,1,1,4.3988,-0.0967,0.5072,-0.1815,-0.1021,-0.3183,4.3988,-0.0967,0.5072,4.4832,-0.1358,0.4800,0,1
4.5888,-0.0044,0.8250,-0.0298,-0.0439,4.8017,0.1116,0.5289,0.2076,0.1252,-0.2961,4.8017,0.1116,0.5289,4.8867,0.1291,0.4800,0,1,4.7691,-0.1843,0.4455,0.1880,-0.1718,-0.3795,4.7691,-0.1843,0.4455,4.7922,-0.1547,0.4800,1,1,4.3603,0.1993,0.4307,-0.2372,0.1935,-0.3943,4.3603,0.1993,0.4307,4.4183,0.1460,0.4800,1,1,4.4012,-0.1008,0.5111,-0.1832,-0.1045,-0.3139,4.4012,-0.1008,0.5111,4.4878,-0.1377,0.4800,0,1
4.5922,-0.0043,0.8249,-0.0303,-0.0333,4.8080,0.1143,0.5277,0.2117,0.1257,-0.2972,4.8080,0.1143,0.5277,4.8887,0.1312,0.4800,0,1,4.7692,-0.1843,0.4455,0.1829,-0.1740,-0.3794,4.7692,-0.1843,0.4455,4.7952,-0.1526,0.4800,1,1,4.3603,0.1994,0.4307,-0.2386,0.1959,-0.3942,4.3603,0.1994,0.4307,4.4181,0.1441,0.4800,1,1,4.4024,-0.1067,0.5099,-0.1863,-0.1087,-0.3150,4.4024,-0.1067,0.5099,4.4926,-0.1398,0.4800,0,1
4.5956,-0.0042,0.8253,-0.0305,-0.0210,4.8138,0.1181,0.5220,0.2156,0.1269,-0.3033,4.8138,0.1181,0.5220,4.8904,0.1338,0.4800,0,1,4.7692,-0.1842,0.4455,0.1773,-0.1763,-0.3798,4.7692,-0.1842,0.4455,4.7984,-0.1502,0.4800,1,1,4.3603,0.1994,0.4307,-0.2395,0.1986,-0.3946,4.3603,0.1994,0.4307,4.4176,0.1419,0.4800,1,1,4.4032,-0.1149,0.5042,-0.1900,-0.1147,-0.3211,4.4032,-0.1149,0.5042,4.4977,-0.1420,0.4800,0,1
4.5991,-0.0039,0.8261,-0.0308,-0.0072,4.8194,0.1239,0.5129,0.2194,0.1294,-0.3132,4.8194,0.1239,0.5129,4.8919,0.1367,0.4800,0,1,4.7692,-0.1842,0.4455,0.1714,-0.1791,-0.3806,4.7692,-0.1842,0.4455,4.8018,-0.1473,0.4800,1,1,4.3603,0.1994,0.4307,-0.2403,0.2016,-0.3954,4.3603,0.1994,0.4307,4.4171,0.1395,0.4800,1,1,4.4039,-0.1258,0.4950,-0.1943,-0.1233,-0.3311,4.4039,-0.1258,0.4950,4.5030,-0.1445,0.4800,0,1
4.6026,-0.0035,0.8273,-0.0316,0.0076,4.8254,0.1323,0.5015,0.2238,0.1341,-0.3258,4.8254,0.1323,0.5015,4.8933,0.1400,0.4800,0,1,4.7692,-0.1842,0.4455,0.1652,-0.1820,-0.3818,4.7692,-0.1842,0.4455,4.8055,-0.1440,0.4800,1,1,4.3603,0.1995,0.4307,-0.2408,0.2048,-0.3966,4.3603,0.1995,0.4307,4.4165,0.1371,0.4800,1,1,4.4051,-0.1397,0.4836,-0.1985,-0.1347,-0.3437,4.4051,-0.1397,0.4836,4.5087,-0.1469,0.4800,0,1
4.6064,-0.0029,0.8288,-0.0331,0.0232,4.8318,0.1435,0.4890,0.2287,0.1411,-0.3398,4.8318,0.1435,0.4890,4.8948,0.1435,0.4800,0,1,4.7692,-0.1842,0.4454,0.1586,-0.1850,-0.3834,4.7692,-0.1842,0.4454,4.8094,-0.1404,0.4800,1,1,4.3604,0.1995,0.4307,-0.2412,0.2081,-0.3981,4.3604,0.1995,0.4307,4.4161,0.1345,0.4800,1,1,4.4075,-0.1553,0.4710,-0.2024,-0.1477,-0.3578,4.4075,-0.1553,0.4710,4.5147,-0.1494,0.4800,0,1
4.6103,-0.0022,0.8305,-0.0348,0.0388,4.8375,0.1561,0.4763,0.2332,0.1494,-0.3542,4.8375,0.1561,0.4763,4.8965,0.1471,0.4800,0,1,4.7692,-0.1842,0.4454,0.1517,-0.1880,-0.3851,4.7692,-0.1842,0.4454,4.8135,-0.1367,0.4800,1,1,4.3604,0.1995,0.4307,-0.2419,0.2112,-0.3998,4.3604,0.1995,0.4307,4.4160,0.1321,0.4800,1,1,4.4113,-0.1703,0.4584,-0.2054,-0.1603,-0.3721,4.4113,-0.1703,0.4584,4.5210,-0.1517,0.4800,0,1
4.6145,-0.0014,0.8321,-0.0357,0.0538,4.8416,0.1671,0.4648,0.2358,0.1560,-0.3673,4.8416,0.1671,0.4648,4.8984,0.1507,0.4800,0,1,4.7691,-0.1843,0.4454,0.1445,-0.1909,-0.3867,4.7691,-0.1843,0.4454,4.8177,-0.1329,0.4800,1,1,4.3603,0.1995,0.4307,-0.2430,0.2143,-0.4014,4.3603,0.1995,0.4307,4.4162,0.1299,0.4800,1,1,4.4165,-0.1816,0.4470,-0.2074,-0.1693,-0.3851,4.4165,-0.1816,0.4470,4.5275,-0.1537,0.4800,0,1
4.6189,-0.0006,0.8334,-0.0345,0.0668,4.8436,0.1732,0.4554,0.2358,0.1584,-0.3780,4.8436,0.1732,0.4554,4.9008,0.1539,0.4800,0,1,4.7690,-0.1845,0.4455,0.1375,-0.1935,-0.3879,4.7690,-0.1845,0.4455,4.8218,-0.1295,0.4800,1,1,4.3603,0.1993,0.4306,-0.2447,0.2167,-0.4028,4.3603,0.1993,0.4306,4.4169,0.1281,0.4800,1,1,4.4214,-0.1885,0.4378,-0.2096,-0.1743,-0.3956,4.4214,-0.1885,0.4378,4.5339,-0.1553,0.4800,0,1
4.6235,0.0003,0.8336,-0.0304,0.0764,4.8439,0.1710,0.4485,0.2328,0.1534,-0.3851,4.8439,0.1710,0.4485,4.8389,0.1565,0.4800,1,1,4.7688,-0.1850,0.4454,0.1307,-0.1958,-0.3882,4.7688,-0.1850,0.4454,4.9256,-0.1267,0.4800,0,1,4.3602,0.1989,0.4303,-0.2474,0.2181,-0.4033,4.3602,0.1989,0.4303,4.5182,0.1270,0.4800,0,1,4.4246,-0.1953,0.4316,-0.2132,-0.1798,-0.4020,4.4246,-0.1953,0.4316,4.4749,-0.1562,0.4800,1,1
4.6283,0.0012,0.8325,-0.0248,0.0836,4.8441,0.1708,0.4484,0.2292,0.1510,-0.3841,4.8441,0.1708,0.4484,4.8406,0.1587,0.4800,1,1,4.7781,-0.1992,0.4506,0.1325,-0.2122,-0.3819,4.7781,-0.1992,0.4506,4.9313,-0.1243,0.4800,0,1,4.3651,0.2042,0.4345,-0.2453,0.2243,-0.3980,4.3651,0.2042,0.4345,4.5221,0.1264,0.4800,0,1,4.4247,-0.1955,0.4317,-0.2193,-0.1790,-0.4008,4.4247,-0.1955,0.4317,4.4788,-0.1566,0.4800,1,1
4.6334,0.0020,0.8318,-0.0250,0.0806,4.8440,0.1708,0.4484,0.2235,0.1513,-0.3834,4.8440,0.1708,0.4484,4.8442,0.1590,0.4800,1,1,4.8000,-0.1743,0.4593,0.1519,-0.1891,-0.3725,4.8000,-0.1743,0.4593,4.9360,-0.1241,0.4800,0,1,4.3886,0.1743,0.4442,-0.2301,0.1915,-0.3876,4.3886,0.1743,0.4442,4.5276,0.1278,0.4800,0,1,4.4246,-0.1955,0.4317,-0.2240,-0.1800,-0.4001,4.4246,-0.1955,0.4317,4.4815,-0.1552,0.4800,1,1
4.6381,0.0026,0.8316,-0.0248,0.0728,4.8440,0.1710,0.4485,0.2176,0.1530,-0.3831,4.8440,0.1710,0.4485,4.8481,0.1582,0.4800,1,1,4.8166,-0.1309,0.4718,0.1683,-0.1461,-0.3598,4.8166,-0.1309,0.4718,4.9397,-0.1250,0.4800,0,1,4.4206,0.1222,0.4577,-0.2082,0.1351,-0.3739,4.4206,0.1222,0.4577,4.5333,0.1301,0.4800,0,1,4.4246,-0.1953,0.4316,-0.2273,-0.1818,-0.4000,4.4246,-0.1953,0.4316,4.4829,-0.1532,0.4800,1,1
4.6423,0.0031,0.8308,-0.0254,0.0680,4.8440,0.1710,0.4485,0.2126,0.1538,-0.3823,4.8440,0.1710,0.4485,4.8510,0.1578,0.4800,1,1,4.8306,-0.1153,0.4848,0.1798,-0.1309,-0.3460,4.8306,-0.1153,0.4848,4.9433,-0.1256,0.4800,0,1,4.4385,0.1046,0.4707,-0.1964,0.1151,-0.3601,4.4385,0.1046,0.4707,4.5381,0.1315,0.4800,0,1,4.4246,-0.1953,0.4316,-0.2307,-0.1831,-0.3992,4.4246,-0.1953,0.4316,4.4844,-0.1518,0.4800,1,1
4.6463,0.0035,0.8296,-0.0264,0.0634,4.8440,0.1710,0.4485,0.2079,0.1546,-0.3811,4.8440,0.1710,0.4485,4.8537,0.1573,0.4800,1,1,4.8425,-0.1094,0.4979,0.1887,-0.1251,-0.3317,4.8425,-0.1094,0.4979,4.9467,-0.1261,0.4800,0,1,4.4508,0.0998,0.4838,-0.1890,0.1085,-0.3458,4.4508,0.0998,0.4838,4.5427,0.1328,0.4800,0,1,4.4246,-0.1954,0.4316,-0.2339,-0.1845,-0.3980,4.4246,-0.1954,0.4316,4.4857,-0.1506,0.4800,1,1
4.6501,0.0038,0.8284,-0.0272,0.0581,4.8440,0.1710,0.4485,0.2033,0.1557,-0.3799,4.8440,0.1710,0.4485,4.8564,0.1567,0.4800,1,1,4.8528,-0.1068,0.5099,0.1959,-0.1222,-0.3185,4.8528,-0.1068,0.5099,4.9499,-0.1268,0.4800,0,1,4.4595,0.0992,0.4958,-0.1847,0.1063,-0.3326,4.4595,0.0992,0.4958,4.5472,0.1342,0.4800,0,1,4.4246,-0.1954,0.4316,-0.2367,-0.1858,-0.3968,4.4246,-0.1954,0.4316,4.4867,-0.1493,0.4800,1,1
4.6539,0.0041,0.8273,-0.0275,0.0521,4.8440,0.1709,0.4485,0.1985,0.1567,-0.3788,4.8440,0.1709,0.4485,4.8590,0.1559,0.4800,1,1,4.8617,-0.1061,0.5197,0.2018,-0.1209,-0.3076,4.8617,-0.1061,0.5197,4.9528,-0.1277,0.4800,0,1,4.4658,0.1006,0.5055,-0.1828,0.1062,-0.3218,4.4658,0.1006,0.5055,4.5517,0.1357,0.4800,0,1,4.4247,-0.1954,0.4316,-0.2393,-0.1873,-0.3957,4.4247,-0.1954,0.4316,4.4875,-0.1479,0.4800,1,1
4.6575,0.0044,0.8263,-0.0273,0.0451,4.8441,0.1709,0.4485,0.1939,0.1579,-0.3778,4.8441,0.1709,0.4485,4.8618,0.1548,0.4800,1,1,4.8697,-0.1067,0.5259,0.2070,-0.1206,-0.3004,4.8697,-0.1067,0.5259,4.9555,-0.1289,0.4800,0,1,4.4700,0.1033,0.5117,-0.1829,0.1073,-0.3146,4.4700,0.1033,0.5117,4.5563,0.1374,0.4800,0,1,4.4247,-0.1954,0.4316,-0.2416,-0.1891,-0.3947,4.4247,-0.1954,0.4316,4.4881,-0.1463,0.4800,1,1
4.6612,0.0046,0.8257,-0.0266,0.0366,4.8441,0.1709,0.4485,0.1889,0.1595,-0.3772,4.8441,0.1709,0.4485,4.8646,0.1535,0.4800,1,1,4.8769,-0.1086,0.5273,0.2114,-0.1210,-0.2984,4.8769,-0.1086,0.5273,4.9580,-0.1303,0.4800,0,1,4.4724,0.1075,0.5131,-0.1849,0.1097,-0.3126,4.4724,0.1075,0.5131,4.5611,0.1393,0.4800,0,1,4.4247,-0.1954,0.4316,-0.2437,-0.1912,-0.3941,4.4247,-0.1954,0.4316,4.4885,-0.1445,0.4800,1,1
4.6647,0.0047,0.8254,-0.0253,0.0265,4.8441,0.1709,0.4485,0.1837,0.1614,-0.3769,4.8441,0.1709,0.4485,4.8677,0.1518,0.4800,1,1,4.8833,-0.1119,0.5237,0.2154,-0.1224,-0.3017,4.8833,-0.1119,0.5237,4.9602,-0.1321,0.4800,0,1,4.4734,0.1142,0.5094,-0.1883,0.1145,-0.3160,4.4734,0.1142,0.5094,4.5660,0.1415,0.4800,0,1,4.4247,-0.1954,0.4316,-0.2452,-0.1937,-0.3938,4.4247,-0.1954,0.4316,4.4885,-0.1424,0.4800,1,1
4.6683,0.0048,0.8256,-0.0239,0.0144,4.8441,0.1709,0.4485,0.1782,0.1636,-0.3771,4.8441,0.1709,0.4485,4.8710,0.1496,0.4800,1,1,4.8892,-0.1166,0.5161,0.2191,-0.1246,-0.3095,4.8892,-0.1166,0.5161,4.9621,-0.1344,0.4800,0,1,4.4735,0.1235,0.5019,-0.1931,0.1215,-0.3237,4.4735,0.1235,0.5019,4.5712,0.1440,0.4800,0,1,4.4248,-0.1954,0.4316,-0.2464,-0.1967,-0.3940,4.4248,-0.1954,0.4316,4.4883,-0.1400,0.4800,1,1
4.6718,0.0048,0.8261,-0.0228,0.0005,4.8441,0.1709,0.4485,0.1724,0.1660,-0.3776,4.8441,0.1709,0.4485,4.8746,0.1469,0.4800,1,1,4.8951,-0.1238,0.5058,0.2232,-0.1287,-0.3203,4.8951,-0.1238,0.5058,4.9637,-0.1371,0.4800,0,1,4.4735,0.1357,0.4914,-0.1982,0.1310,-0.3347,4.4735,0.1357,0.4914,4.5768,0.1467,0.4800,0,1,4.4248,-0.1955,0.4316,-0.2471,-0.2002,-0.3945,4.4248,-0.1955,0.4316,4.4879,-0.1373,0.4800,1,1
4.6755,0.0046,0.8270,-0.0223,-0.0149,4.8441,0.1709,0.4485,0.1661,0.1688,-0.3785,4.8441,0.1709,0.4485,4.8784,0.1438,0.4800,1,1,4.9009,-0.1343,0.4936,0.2274,-0.1355,-0.3334,4.9009,-0.1343,0.4936,4.9652,-0.1402,0.4800,0,1,4.4741,0.1504,0.4793,-0.2035,0.1428,-0.3477,4.4741,0.1504,0.4793,4.5827,0.1495,0.4800,0,1,4.4248,-0.1955,0.4316,-0.2477,-0.2038,-0.3954,4.4248,-0.1955,0.4316,4.4874,-0.1345,0.4800,1,1
4.6793,0.0043,0.8282,-0.0224,-0.0312,4.8441,0.1709,0.4485,0.1595,0.1717,-0.3797,4.8441,0.1709,0.4485,4.8825,0.1403,0.4800,1,1,4.9062,-0.1479,0.4809,0.2315,-0.1450,-0.3473,4.9062,-0.1479,0.4809,4.9666,-0.1436,0.4800,0,1,4.4761,0.1660,0.4666,-0.2081,0.1553,-0.3616,4.4761,0.1660,0.4666,4.5889,0.1523,0.4800,0,1,4.4248,-0.1955,0.4315,-0.2481,-0.2076,-0.3967,4.4248,-0.1955,0.4315,4.4870,-0.1315,0.4800,1,1
4.6833,0.0039,0.8295,-0.0225,-0.0477,4.8441,0.1710,0.4485,0.1526,0.1746,-0.3810,4.8441,0.1710,0.4485,4.8866,0.1365,0.4800,1,1,4.9097,-0.1618,0.4687,0.2340,-0.1547,-0.3608,4.9097,-0.1618,0.4687,4.9681,-0.1471,0.4800,0,1,4.4800,0.1792,0.4545,-0.2114,0.1654,-0.3750,4.4800,0.1792,0.4545,4.5953,0.1550,0.4800,0,1,4.4248,-0.1955,0.4315,-0.2487,-0.2115,-0.3980,4.4248,-0.1955,0.4315,4.4867,-0.1287,0.4800,1,1
4.6873,0.0033,0.8306,-0.0214,-0.0630,4.8440,0.1711,0.4485,0.1458,0.1773,-0.3821,4.8440,0.1711,0.4485,4.8907,0.1329,0.4800,1,1,4.9109,-0.1729,0.4581,0.2342,-0.1618,-0.3725,4.9109,-0.1729,0.4581,4.9698,-0.1505,0.4800,0,1,4.4853,0.1883,0.4440,-0.2132,0.1719,-0.3866,4.4853,0.1883,0.4440,4.6017,0.1573,0.4800,0,1,4.4248,-0.1954,0.4314,-0.2495,-0.2148,-0.3992,4.4248,-0.1954,0.4314,4.4868,-0.1262,0.4800,1,1
4.6914,0.0026,0.8313,-0.0181,-0.0749,4.8441,0.1716,0.4487,0.1396,0.1800,-0.3826,4.8441,0.1716,0.4487,4.8943,0.1298,0.4800,1,1,4.9102,-0.1773,0.4501,0.2316,-0.1630,-0.3812,4.9102,-0.1773,0.4501,4.9720,-0.1534,0.4800,0,1,4.4905,0.1966,0.4364,-0.2149,0.1784,-0.3949,4.4905,0.1966,0.4364,4.6076,0.1588,0.4800,0,1,4.4249,-0.1948,0.4310,-0.2510,-0.2168,-0.4003,4.4249,-0.1948,0.4310,4.4873,-0.1244,0.4800,1,1
4.6957,0.0018,0.8306,-0.0141,-0.0842,4.8443,0.1865,0.4509,0.1325,0.1965,-0.3797,4.8443,0.1865,0.4509,4.9988,0.1272,0.4800,0,1,4.9108,-0.1740,0.4467,0.2291,-0.1571,-0.3839,4.9108,-0.1740,0.4467,4.9089,-0.1558,0.4800,1,1,4.4933,0.2027,0.4338,-0.2186,0.1832,-0.3968,4.4933,0.2027,0.4338,4.5474,0.1597,0.4800,1,1,4.4268,-0.1973,0.4324,-0.2512,-0.2210,-0.3982,4.4268,-0.1973,0.4324,4.5895,-0.1233,0.4800,0,1
4.7003,0.0011,0.8296,-0.0127,-0.0877,4.8604,0.1880,0.4580,0.1431,0.2002,-0.3716,4.8604,0.1880,0.4580,5.0038,0.1257,0.4800,0,1,4.9110,-0.1734,0.4465,0.2252,-0.1554,-0.3831,4.9110,-0.1734,0.4465,4.9109,-0.1572,0.4800,1,1,4.4934,0.2032,0.4340,-0.2238,0.1832,-0.3956,4.4934,0.2032,0.4340,4.5505,0.1596,0.4800,1,1,4.4359,-0.1955,0.4389,-0.2462,-0.2190,-0.3907,4.4359,-0.1955,0.4389,4.5936,-0.1233,0.4800,0,1
4.7050,0.0004,0.8295,-0.0149,-0.0807,4.8786,0.1495,0.4685,0.1610,0.1626,-0.3610,4.8786,0.1495,0.4685,5.0076,0.1265,0.4800,0,1,4.9108,-0.1739,0.4466,0.2192,-0.1571,-0.3829,4.9108,-0.1739,0.4466,4.9147,-0.1566,0.4800,1,1,4.4932,0.2027,0.4339,-0.2274,0.1846,-0.3956,4.4932,0.2027,0.4339,4.5520,0.1576,0.4800,1,1,4.4720,-0.1416,0.4515,-0.2208,-0.1603,-0.3780,4.4720,-0.1416,0.4515,4.5992,-0.1254,0.4800,0,1
4.7091,-0.0001,0.8292,-0.0167,-0.0747,4.8928,0.1251,0.4811,0.1738,0.1386,-0.3481,4.8928,0.1251,0.4811,5.0110,0.1272,0.4800,0,1,4.9108,-0.1740,0.4466,0.2141,-0.1584,-0.3826,4.9108,-0.1740,0.4466,4.9178,-0.1560,0.4800,1,1,4.4932,0.2027,0.4339,-0.2304,0.1861,-0.3953,4.4932,0.2027,0.4339,4.5533,0.1561,0.4800,1,1,4.4973,-0.1097,0.4644,-0.2030,-0.1251,-0.3648,4.4973,-0.1097,0.4644,4.6041,-0.1271,0.4800,0,1
4.7131,-0.0005,0.8284,-0.0196,-0.0698,4.9053,0.1172,0.4942,0.1835,0.1308,-0.3342,4.9053,0.1172,0.4942,5.0143,0.1278,0.4800,0,1,4.9108,-0.1740,0.4466,0.2093,-0.1593,-0.3818,4.9108,-0.1740,0.4466,4.9205,-0.1555,0.4800,1,1,4.4932,0.2027,0.4339,-0.2335,0.1874,-0.3945,4.4932,0.2027,0.4339,4.5545,0.1548,0.4800,1,1,4.5128,-0.0997,0.4775,-0.1929,-0.1129,-0.3509,4.5128,-0.0997,0.4775,4.6087,-0.1285,0.4800,0,1
4.7169,-0.0008,0.8275,-0.0223,-0.0641,4.9161,0.1139,0.5069,0.1914,0.1272,-0.3206,4.9161,0.1139,0.5069,5.0174,0.1286,0.4800,0,1,4.9108,-0.1740,0.4466,0.2046,-0.1604,-0.3809,4.9108,-0.1740,0.4466,4.9232,-0.1548,0.4800,1,1,4.4932,0.2027,0.4339,-0.2363,0.1888,-0.3936,4.4932,0.2027,0.4339,4.5554,0.1534,0.4800,1,1,4.5238,-0.0966,0.4902,-0.1866,-0.1080,-0.3373,4.5238,-0.0966,0.4902,4.6132,-0.1300,0.4800,0,1
4.7206,-0.0011,0.8266,-0.0243,-0.0573,4.9254,0.1124,0.5180,0.1980,0.1250,-0.3086,4.9254,0.1124,0.5180,5.0202,0.1297,0.4800,0,1,4.9108,-0.1740,0.4467,0.1998,-0.1617,-0.3799,4.9108,-0.1740,0.4467,4.9259,-0.1539,0.4800,1,1,4.4933,0.2027,0.4338,-0.2386,0.1904,-0.3928,4.4933,0.2027,0.4338,4.5560,0.1518,0.4800,1,1,4.5317,-0.0964,0.5013,-0.1831,-0.1060,-0.3253,4.5317,-0.0964,0.5013,4.6178,-0.1317,0.4800,0,1
4.7242,-0.0014,0.8259,-0.0259,-0.0494,4.9336,0.1124,0.5261,0.2035,0.1240,-0.2998,4.9336,0.1124,0.5261,5.0228,0.1310,0.4800,0,1,4.9109,-0.1740,0.4467,0.1950,-0.1632,-0.3792,4.9109,-0.1740,0.4467,4.9288,-0.1527,0.4800,1,1,4.4933,0.2027,0.4338,-0.2407,0.1924,-0.3921,4.4933,0.2027,0.4338,4.5565,0.1501,0.4800,1,1,4.5375,-0.0978,0.5094,-0.1817,-0.1055,-0.3165,4.5375,-0.0978,0.5094,4.6224,-0.1336,0.4800,0,1
4.7278,-0.0016,0.8255,-0.0272,-0.0400,4.9409,0.1139,0.5300,0.2083,0.1239,-0.2955,4.9409,0.1139,0.5300,5.0251,0.1326,0.4800,0,1,4.9109,-0.1739,0.4467,0.1898,-0.1648,-0.3788,4.9109,-0.1739,0.4467,4.9318,-0.1511,0.4800,1,1,4.4933,0.2027,0.4338,-0.2425,0.1948,-0.3917,4.4933,0.2027,0.4338,4.5566,0.1481,0.4800,1,1,4.5412,-0.1006,0.5133,-0.1825,-0.1064,-0.3122,4.5412,-0.1006,0.5133,4.6273,-0.1357,0.4800,0,1
4.7313,-0.0018,0.8254,-0.0280,-0.0286,4.9476,0.1166,0.5289,0.2128,0.1245,-0.2965,4.9476,0.1166,0.5289,5.0271,0.1347,0.4800,0,1,4.9109,-0.1739,0.4467,0.1844,-0.1669,-0.3787,4.9109,-0.1739,0.4467,4.9350,-0.1492,0.4800,1,1,4.4933,0.2027,0.4338,-0.2438,0.1976,-0.3916,4.4933,0.2027,0.4338,4.5565,0.1458,0.4800,1,1,4.5431,-0.1053,0.5121,-0.1852,-0.1088,-0.3133,4.5431,-0.1053,0.5121,4.6323,-0.1381,0.4800,0,1
4.7348,-0.0018,0.8258,-0.0282,-0.0153,4.9537,0.1204,0.5232,0.2170,0.1255,-0.3026,4.9537,0.1204,0.5232,5.0288,0.1372,0.4800,0,1,4.9109,-0.1739,0.4467,0.1787,-0.1694,-0.3791,4.9109,-0.1739,0.4467,4.9384,-0.1467,0.4800,1,1,4.4934,0.2028,0.4338,-0.2445,0.2009,-0.3920,4.4934,0.2028,0.4338,4.5560,0.1431,0.4800,1,1,4.5435,-0.1125,0.5063,-0.1896,-0.1136,-0.3195,4.5435,-0.1125,0.5063,4.6377,-0.1408,0.4800,0,1
4.7383,-0.0018,0.8267,-0.0283,-0.0002,4.9596,0.1257,0.5141,0.2213,0.1275,-0.3126,4.9596,0.1257,0.5141,5.0302,0.1401,0.4800,0,1,4.9110,-0.1739,0.4467,0.1727,-0.1721,-0.3800,4.9110,-0.1739,0.4467,4.9421,-0.1439,0.4800,1,1,4.4934,0.2028,0.4338,-0.2449,0.2046,-0.3929,4.4934,0.2028,0.4338,4.5554,0.1402,0.4800,1,1,4.5435,-0.1227,0.4972,-0.1948,-0.1209,-0.3295,4.5435,-0.1227,0.4972,4.6433,-0.1438,0.4800,0,1
4.7420,-0.0017,0.8280,-0.0287,0.0163,4.9656,0.1333,0.5027,0.2258,0.1313,-0.3253,4.9656,0.1333,0.5027,5.0314,0.1434,0.4800,0,1,4.9110,-0.1739,0.4467,0.1662,-0.1749,-0.3813,4.9110,-0.1739,0.4467,4.9460,-0.1406,0.4800,1,1,4.4934,0.2028,0.4338,-0.2452,0.2085,-0.3942,4.4934,0.2028,0.4338,4.5547,0.1371,0.4800,1,1,4.5436,-0.1356,0.4858,-0.2006,-0.1306,-0.3422,4.5436,-0.1356,0.4858,4.6493,-0.1469,0.4800,0,1
4.7457,-0.0015,0.8296,-0.0297,0.0333,4.9718,0.1432,0.4901,0.2308,0.1371,-0.3395,4.9718,0.1432,0.4901,5.0327,0.1468,0.4800,0,1,4.9110,-0.1739,0.4466,0.1595,-0.1778,-0.3830,4.9110,-0.1739,0.4466,4.9502,-0.1370,0.4800,1,1,4.4934,0.2028,0.4338,-0.2454,0.2126,-0.3958,4.4934,0.2028,0.4338,4.5541,0.1339,0.4800,1,1,4.5445,-0.1502,0.4732,-0.2060,-0.1419,-0.3564,4.5445,-0.1502,0.4732,4.6556,-0.1499,0.4800,0,1
4.7497,-0.0012,0.8313,-0.0314,0.0501,4.9776,0.1543,0.4775,0.2354,0.1439,-0.3538,4.9776,0.1543,0.4775,5.0342,0.1502,0.4800,0,1,4.9109,-0.1739,0.4466,0.1523,-0.1806,-0.3847,4.9109,-0.1739,0.4466,4.9544,-0.1334,0.4800,1,1,4.4934,0.2028,0.4338,-0.2458,0.2166,-0.3975,4.4934,0.2028,0.4338,4.5539,0.1309,0.4800,1,1,4.5471,-0.1647,0.4606,-0.2105,-0.1531,-0.3707,4.5471,-0.1647,0.4606,4.6621,-0.1528,0.4800,0,1
4.7539,-0.0008,0.8330,-0.0327,0.0656,4.9820,0.1636,0.4659,0.2384,0.1491,-0.3671,4.9820,0.1636,0.4659,5.0360,0.1535,0.4800,0,1,4.9109,-0.1740,0.4466,0.1453,-0.1831,-0.3864,4.9109,-0.1740,0.4466,4.9586,-0.1299,0.4800,1,1,4.4934,0.2028,0.4337,-0.2466,0.2202,-0.3993,4.4934,0.2028,0.4337,4.5540,0.1282,0.4800,1,1,4.5513,-0.1767,0.4491,-0.2137,-0.1622,-0.3839,4.5513,-0.1767,0.4491,4.6686,-0.1552,0.4800,0,1
4.7583,-0.0002,0.8342,-0.0325,0.0781,4.9847,0.1679,0.4566,0.2388,0.1499,-0.3776,4.9847,0.1679,0.4566,5.0384,0.1563,0.4800,0,1,4.9108,-0.1742,0.4467,0.1385,-0.1854,-0.3875,4.9108,-0.1742,0.4467,4.9626,-0.1268,0.4800,1,1,4.4934,0.2027,0.4337,-0.2483,0.2229,-0.4005,4.4934,0.2027,0.4337,4.5548,0.1261,0.4800,1,1,4.5560,-0.1857,0.4400,-0.2162,-0.1692,-0.3942,4.5560,-0.1857,0.4400,4.6749,-0.1570,0.4800,0,1
4.7628,0.0003,0.8344,-0.0297,0.0863,4.9848,0.1641,0.4496,0.2353,0.1441,-0.3848,4.9848,0.1641,0.4496,4.9766,0.1583,0.4800,1,1,4.9105,-0.1747,0.4466,0.1321,-0.1871,-0.3878,4.9105,-0.1747,0.4466,5.0661,-0.1247,0.4800,0,1,4.4932,0.2022,0.4335,-0.2512,0.2244,-0.4009,4.4932,0.2022,0.4335,4.6562,0.1249,0.4800,0,1,4.5597,-0.1956,0.4339,-0.2192,-0.1777,-0.4005,4.5597,-0.1956,0.4339,4.6157,-0.1580,0.4800,1,1
4.7675,0.0009,0.8334,-0.0248,0.0919,4.9850,0.1638,0.4495,0.2315,0.1423,-0.3839,4.9850,0.1638,0.4495,4.9785,0.1599,0.4800,1,1,4.9188,-0.1920,0.4520,0.1330,-0.2060,-0.3814,4.9188,-0.1920,0.4520,5.0715,-0.1229,0.4800,0,1,4.4989,0.2074,0.4377,-0.2485,0.2303,-0.3957,4.4989,0.2074,0.4377,4.6603,0.1244,0.4800,0,1,4.5598,-0.1958,0.4339,-0.2249,-0.1768,-0.3995,4.5598,-0.1958,0.4339,4.6194,-0.1584,0.4800,1,1
4.7725,0.0015,0.8327,-0.0247,0.0873,4.9849,0.1638,0.4496,0.2257,0.1432,-0.3831,4.9849,0.1638,0.4496,4.9822,0.1597,0.4800,1,1,4.9411,-0.1689,0.4606,0.1531,-0.1845,-0.3721,4.9411,-0.1689,0.4606,5.0760,-0.1232,0.4800,0,1,4.5219,0.1799,0.4470,-0.2341,0.1996,-0.3857,4.5219,0.1799,0.4470,4.6659,0.1260,0.4800,0,1,4.5598,-0.1959,0.4340,-0.2291,-0.1781,-0.3987,4.5598,-0.1959,0.4340,4.6216,-0.1570,0.4800,1,1
4.7771,0.0020,0.8324,-0.0241,0.0787,4.9849,0.1639,0.4496,0.2199,0.1451,-0.3828,4.9849,0.1639,0.4496,4.9861,0.1586,0.4800,1,1,4.9571,-0.1297,0.4728,0.1691,-0.1454,-0.3596,4.9571,-0.1297,0.4728,5.0795,-0.1245,0.4800,0,1,4.5536,0.1326,0.4602,-0.2125,0.1478,-0.3722,4.5536,0.1326,0.4602,4.6715,0.1282,0.4800,0,1,4.5597,-0.1957,0.4339,-0.2323,-0.1800,-0.3985,4.5597,-0.1957,0.4339,4.6229,-0.1549,0.4800,1,1
4.7813,0.0023,0.8316,-0.0243,0.0725,4.9849,0.1639,0.4496,0.2148,0.1464,-0.3820,4.9849,0.1639,0.4496,4.9893,0.1579,0.4800,1,1,4.9702,-0.1150,0.4857,0.1799,-0.1307,-0.3459,4.9702,-0.1150,0.4857,5.0829,-0.1254,0.4800,0,1,4.5720,0.1152,0.4733,-0.2006,0.1278,-0.3583,4.5720,0.1152,0.4733,4.6765,0.1298,0.4800,0,1,4.5597,-0.1957,0.4339,-0.2354,-0.1814,-0.3977,4.5597,-0.1957,0.4339,4.6241,-0.1534,0.4800,1,1
4.7853,0.0027,0.8305,-0.0250,0.0665,4.9849,0.1639,0.4496,0.2099,0.1476,-0.3809,4.9849,0.1639,0.4496,4.9922,0.1571,0.4800,1,1,4.9817,-0.1091,0.4988,0.1885,-0.1246,-0.3317,4.9817,-0.1091,0.4988,5.0861,-0.1263,0.4800,0,1,4.5850,0.1089,0.4864,-0.1928,0.1193,-0.3441,4.5850,0.1089,0.4864,4.6813,0.1314,0.4800,0,1,4.5598,-0.1957,0.4339,-0.2382,-0.1830,-0.3966,4.5598,-0.1957,0.4339,4.6251,-0.1520,0.4800,1,1
4.7891,0.0030,0.8293,-0.0255,0.0600,4.9849,0.1639,0.4496,0.2051,0.1489,-0.3797,4.9849,0.1639,0.4496,4.9951,0.1563,0.4800,1,1,4.9916,-0.1065,0.5109,0.1956,-0.1214,-0.3184,4.9916,-0.1065,0.5109,5.0891,-0.1272,0.4800,0,1,4.5948,0.1067,0.4984,-0.1877,0.1152,-0.3309,4.5948,0.1067,0.4984,4.6860,0.1331,0.4800,0,1,4.5598,-0.1957,0.4339,-0.2408,-0.1846,-0.3954,4.5598,-0.1957,0.4339,4.6260,-0.1504,0.4800,1,1
4.7929,0.0033,0.8282,-0.0257,0.0529,4.9850,0.1639,0.4496,0.2003,0.1502,-0.3786,4.9850,0.1639,0.4496,4.9979,0.1553,0.4800,1,1,5.0003,-0.1058,0.5207,0.2013,-0.1199,-0.3075,5.0003,-0.1058,0.5207,5.0919,-0.1283,0.4800,0,1,4.6025,0.1065,0.5081,-0.1847,0.1131,-0.3201,4.6025,0.1065,0.5081,4.6907,0.1348,0.4800,0,1,4.5598,-0.1958,0.4339,-0.2433,-0.1865,-0.3943,4.5598,-0.1958,0.4339,4.6267,-0.1488,0.4800,1,1
4.7966,0.0037,0.8273,-0.0255,0.0449,4.9850,0.1639,0.4496,0.1954,0.1516,-0.3777,4.9850,0.1639,0.4496,5.0009,0.1541,0.4800,1,1,5.0081,-0.1063,0.5268,0.2063,-0.1194,-0.3005,5.0081,-0.1063,0.5268,5.0946,-0.1296,0.4800,0,1,4.6084,0.1075,0.5143,-0.1834,0.1121,-0.3130,4.6084,0.1075,0.5143,4.6954,0.1368,0.4800,0,1,4.5598,-0.1958,0.4338,-0.2455,-0.1887,-0.3935,4.5598,-0.1958,0.4338,4.6272,-0.1470,0.4800,1,1
4.8003,0.0039,0.8267,-0.0249,0.0357,4.9850,0.1639,0.4496,0.1903,0.1533,-0.3771,4.9850,0.1639,0.4496,5.0039,0.1527,0.4800,1,1,5.0153,-0.1081,0.5282,0.2109,-0.1196,-0.2985,5.0153,-0.1081,0.5282,5.0970,-0.1311,0.4800,0,1,4.6124,0.1100,0.5157,-0.1840,0.1127,-0.3110,4.6124,0.1100,0.5157,4.7003,0.1389,0.4800,0,1,4.5599,-0.1958,0.4338,-0.2474,-0.1910,-0.3929,4.5599,-0.1958,0.4338,4.6275,-0.1449,0.4800,1,1
4.8039,0.0042,0.8264,-0.0238,0.0250,4.9850,0.1639,0.4496,0.1850,0.1551,-0.3768,4.9850,0.1639,0.4496,5.0071,0.1510,0.4800,1,1,5.0221,-0.1112,0.5246,0.2152,-0.1208,-0.3018,5.0221,-0.1112,0.5246,5.0992,-0.1329,0.4800,0,1,4.6143,0.1151,0.5121,-0.1868,0.1156,-0.3143,4.6143,0.1151,0.5121,4.7054,0.1413,0.4800,0,1,4.5599,-0.1958,0.4338,-0.2489,-0.1938,-0.3926,4.5599,-0.1958,0.4338,4.6275,-0.1426,0.4800,1,1
4.8075,0.0045,0.8266,-0.0221,0.0124,4.9850,0.1639,0.4496,0.1795,0.1572,-0.3770,4.9850,0.1639,0.4496,5.0105,0.1488,0.4800,1,1,5.0285,-0.1158,0.5171,0.2195,-0.1230,-0.3095,5.0285,-0.1158,0.5171,5.1010,-0.1351,0.4800,0,1,4.6144,0.1233,0.5045,-0.1916,0.1212,-0.3221,4.6144,0.1233,0.5045,4.7107,0.1441,0.4800,0,1,4.5599,-0.1958,0.4338,-0.2501,-0.1972,-0.3928,4.5599,-0.1958,0.4338,4.6272,-0.1399,0.4800,1,1
4.8111,0.0047,0.8271,-0.0202,-0.0023,4.9851,0.1639,0.4496,0.1736,0.1596,-0.3775,4.9851,0.1639,0.4496,5.0142,0.1462,0.4800,1,1,5.0347,-0.1223,0.5067,0.2239,-0.1265,-0.3204,5.0347,-0.1223,0.5067,5.1025,-0.1378,0.4800,0,1,4.6135,0.1345,0.4940,-0.1979,0.1293,-0.3331,4.6135,0.1345,0.4940,4.7164,0.1471,0.4800,0,1,4.5599,-0.1958,0.4338,-0.2507,-0.2011,-0.3933,4.5599,-0.1958,0.4338,4.6267,-0.1369,0.4800,1,1
4.8147,0.0048,0.8280,-0.0186,-0.0184,4.9851,0.1639,0.4496,0.1674,0.1622,-0.3784,4.9851,0.1639,0.4496,5.0181,0.1432,0.4800,1,1,5.0405,-0.1315,0.4946,0.2283,-0.1321,-0.3334,5.0405,-0.1315,0.4946,5.1039,-0.1407,0.4800,0,1,4.6127,0.1485,0.4819,-0.2046,0.1400,-0.3461,4.6127,0.1485,0.4819,4.7224,0.1504,0.4800,0,1,4.5600,-0.1958,0.4338,-0.2510,-0.2053,-0.3942,4.5600,-0.1958,0.4338,4.6261,-0.1336,0.4800,1,1
4.8185,0.0048,0.8292,-0.0175,-0.0354,4.9850,0.1639,0.4496,0.1608,0.1649,-0.3796,4.9850,0.1639,0.4496,5.0222,0.1399,0.4800,1,1,5.0458,-0.1432,0.4819,0.2324,-0.1399,-0.3473,5.0458,-0.1432,0.4819,5.1051,-0.1439,0.4800,0,1,4.6130,0.1636,0.4692,-0.2110,0.1514,-0.3600,4.6130,0.1636,0.4692,4.7286,0.1536,0.4800,0,1,4.5600,-0.1959,0.4338,-0.2512,-0.2097,-0.3954,4.5600,-0.1959,0.4338,4.6256,-0.1302,0.4800,1,1
4.8224,0.0046,0.8305,-0.0169,-0.0522,4.9850,0.1640,0.4496,0.1541,0.1677,-0.3809,4.9850,0.1640,0.4496,5.0263,0.1364,0.4800,1,1,5.0497,-0.1551,0.4697,0.2353,-0.1476,-0.3608,5.0497,-0.1551,0.4697,5.1065,-0.1472,0.4800,0,1,4.6154,0.1770,0.4570,-0.2157,0.1614,-0.3735,4.6154,0.1770,0.4570,4.7351,0.1566,0.4800,0,1,4.5600,-0.1958,0.4337,-0.2516,-0.2138,-0.3968,4.5600,-0.1958,0.4337,4.6252,-0.1270,0.4800,1,1
4.8264,0.0044,0.8315,-0.0159,-0.0674,4.9849,0.1641,0.4497,0.1474,0.1700,-0.3818,4.9849,0.1641,0.4497,5.0303,0.1331,0.4800,1,1,5.0516,-0.1647,0.4590,0.2361,-0.1535,-0.3725,5.0516,-0.1647,0.4590,5.1082,-0.1502,0.4800,0,1,4.6198,0.1873,0.4466,-0.2184,0.1686,-0.3849,4.6198,0.1873,0.4466,4.7414,0.1592,0.4800,0,1,4.5599,-0.1957,0.4337,-0.2524,-0.2176,-0.3978,4.5599,-0.1957,0.4337,4.6253,-0.1242,0.4800,1,1
4.8304,0.0040,0.8320,-0.0138,-0.0785,4.9850,0.1644,0.4498,0.1415,0.1720,-0.3822,4.9850,0.1644,0.4498,5.0338,0.1305,0.4800,1,1,5.0510,-0.1683,0.4512,0.2334,-0.1545,-0.3808,5.0510,-0.1683,0.4512,5.1105,-0.1526,0.4800,0,1,4.6253,0.1975,0.4389,-0.2196,0.1768,-0.3931,4.6253,0.1975,0.4389,4.7472,0.1608,0.4800,0,1,4.5599,-0.1954,0.4334,-0.2540,-0.2200,-0.3986,4.5599,-0.1954,0.4334,4.6259,-0.1223,0.4800,1,1
4.8347,0.0036,0.8312,-0.0104,-0.0869,4.9849,0.1793,0.4518,0.1344,0.1881,-0.3794,4.9849,0.1793,0.4518,5.1381,0.1284,0.4800,0,1,5.0518,-0.1651,0.4477,0.2309,-0.1492,-0.3835,5.0518,-0.1651,0.4477,5.0475,-0.1546,0.4800,1,1,4.6283,0.2036,0.4364,-0.2230,0.1813,-0.3948,4.6283,0.2036,0.4364,4.6868,0.1619,0.4800,1,1,4.5623,-0.1983,0.4349,-0.2538,-0.2248,-0.3963,4.5623,-0.1983,0.4349,4.7281,-0.1210,0.4800,0,1
4.8392,0.0030,0.8302,-0.0096,-0.0889,5.0011,0.1806,0.4589,0.1455,0.1913,-0.3713,5.0011,0.1806,0.4589,5.1429,0.1274,0.4800,0,1,5.0520,-0.1646,0.4476,0.2268,-0.1480,-0.3826,5.0520,-0.1646,0.4476,5.0497,-0.1555,0.4800,1,1,4.6285,0.2041,0.4365,-0.2277,0.1816,-0.3937,4.6285,0.2041,0.4365,4.6896,0.1617,0.4800,1,1,4.5718,-0.1966,0.4411,-0.2486,-0.2226,-0.3891,4.5718,-0.1966,0.4411,4.7324,-0.1212,0.4800,0,1
4.8439,0.0024,0.8300,-0.0117,-0.0812,5.0193,0.1470,0.4693,0.1631,0.1584,-0.3607,5.0193,0.1470,0.4693,5.1466,0.1284,0.4800,0,1,5.0518,-0.1650,0.4477,0.2208,-0.1500,-0.3823,5.0518,-0.1650,0.4477,5.0535,-0.1547,0.4800,1,1,4.6283,0.2037,0.4364,-0.2312,0.1831,-0.3936,4.6283,0.2037,0.4364,4.6911,0.1598,0.4800,1,1,4.6065,-0.1478,0.4535,-0.2244,-0.1690,-0.3765,4.6065,-0.1478,0.4535,4.7380,-0.1233,0.4800,0,1
4.8481,0.0020,0.8296,-0.0135,-0.0747,5.0331,0.1249,0.4817,0.1753,0.1364,-0.3479,5.0331,0.1249,0.4817,5.1500,0.1293,0.4800,0,1,5.0518,-0.1651,0.4477,0.2156,-0.1514,-0.3819,5.0518,-0.1651,0.4477,5.0568,-0.1539,0.4800,1,1,4.6283,0.2036,0.4364,-0.2342,0.1846,-0.3932,4.6283,0.2036,0.4364,4.6922,0.1582,0.4800,1,1,4.6319,-0.1173,0.4664,-0.2067,-0.1351,-0.3632,4.6319,-0.1173,0.4664,4.7430,-0.1250,0.4800,0,1
4.8521,0.0017,0.8288,-0.0163,-0.0690,5.0454,0.1176,0.4948,0.1848,0.1290,-0.3340,5.0454,0.1176,0.4948,5.1533,0.1301,0.4800,0,1,5.0518,-0.1651,0.4477,0.2107,-0.1526,-0.3811,5.0518,-0.1651,0.4477,5.0597,-0.1532,0.4800,1,1,4.6283,0.2036,0.4364,-0.2372,0.1860,-0.3924,4.6283,0.2036,0.4364,4.6934,0.1568,0.4800,1,1,4.6479,-0.1066,0.4796,-0.1962,-0.1221,-0.3492,4.6479,-0.1066,0.4796,4.7478,-0.1266,0.4800,0,1
4.8560,0.0013,0.8279,-0.0189,-0.0627,5.0561,0.1146,0.5076,0.1926,0.1256,-0.3203,5.0561,0.1146,0.5076,5.1563,0.1310,0.4800,0,1,5.0518,-0.1651,0.4477,0.2058,-0.1538,-0.3802,5.0518,-0.1651,0.4477,5.0625,-0.1524,0.4800,1,1,4.6283,0.2036,0.4364,-0.2399,0.1876,-0.3915,4.6283,0.2036,0.4364,4.6943,0.1552,0.4800,1,1,4.6598,-0.1023,0.4923,-0.1893,-0.1157,-0.3356,4.6598,-0.1023,0.4923,4.7525,-0.1282,0.4800,0,1
4.8598,0.0009,0.8271,-0.0209,-0.0556,5.0654,0.1134,0.5186,0.1990,0.1238,-0.3085,5.0654,0.1134,0.5186,5.1592,0.1320,0.4800,0,1,5.0518,-0.1651,0.4477,0.2009,-0.1551,-0.3794,5.0518,-0.1651,0.4477,5.0655,-0.1515,0.4800,1,1,4.6284,0.2037,0.4364,-0.2423,0.1896,-0.3907,4.6284,0.2037,0.4364,4.6950,0.1535,0.4800,1,1,4.6689,-0.1009,0.5033,-0.1849,-0.1123,-0.3238,4.6689,-0.1009,0.5033,4.7572,-0.1300,0.4800,0,1
4.8636,0.0005,0.8264,-0.0224,-0.0476,5.0736,0.1133,0.5268,0.2044,0.1227,-0.2996,5.0736,0.1133,0.5268,5.1619,0.1333,0.4800,0,1,5.0519,-0.1651,0.4477,0.1960,-0.1565,-0.3787,5.0519,-0.1651,0.4477,5.0684,-0.1504,0.4800,1,1,4.6284,0.2037,0.4363,-0.2446,0.1918,-0.3901,4.6284,0.2037,0.4363,4.6956,0.1516,0.4800,1,1,4.6759,-0.1011,0.5114,-0.1827,-0.1104,-0.3150,4.6759,-0.1011,0.5114,4.7621,-0.1320,0.4800,0,1
4.8673,0.0002,0.8259,-0.0236,-0.0382,5.0809,0.1146,0.5307,0.2091,0.1225,-0.2952,5.0809,0.1146,0.5307,5.1644,0.1347,0.4800,0,1,5.0519,-0.1651,0.4477,0.1908,-0.1581,-0.3782,5.0519,-0.1651,0.4477,5.0716,-0.1491,0.4800,1,1,4.6284,0.2037,0.4363,-0.2465,0.1942,-0.3896,4.6284,0.2037,0.4363,4.6959,0.1495,0.4800,1,1,4.6812,-0.1027,0.5153,-0.1820,-0.1099,-0.3106,4.6812,-0.1027,0.5153,4.7670,-0.1343,0.4800,0,1
4.8710,-0.0002,0.8258,-0.0244,-0.0271,5.0877,0.1170,0.5295,0.2134,0.1230,-0.2963,5.0877,0.1170,0.5295,5.1666,0.1366,0.4800,0,1,5.0519,-0.1651,0.4477,0.1853,-0.1599,-0.3781,5.0519,-0.1651,0.4477,5.0749,-0.1473,0.4800,1,1,4.6284,0.2037,0.4363,-0.2480,0.1973,-0.3895,4.6284,0.2037,0.4363,4.6959,0.1471,0.4800,1,1,4.6844,-0.1063,0.5141,-0.1837,-0.1111,-0.3117,4.6844,-0.1063,0.5141,4.7722,-0.1368,0.4800,0,1
4.8746,-0.0004,0.8261,-0.0248,-0.0139,5.0944,0.1207,0.5238,0.2181,0.1241,-0.3023,5.0944,0.1207,0.5238,5.1684,0.1389,0.4800,0,1,5.0519,-0.1651,0.4477,0.1796,-0.1622,-0.3784,5.0519,-0.1651,0.4477,5.0784,-0.1451,0.4800,1,1,4.6285,0.2037,0.4363,-0.2489,0.2007,-0.3898,4.6285,0.2037,0.4363,4.6956,0.1443,0.4800,1,1,4.6856,-0.1126,0.5084,-0.1874,-0.1148,-0.3177,4.6856,-0.1126,0.5084,4.7777,-0.1397,0.4800,0,1
4.8783,-0.0006,0.8268,-0.0249,0.0013,5.1007,0.1259,0.5147,0.2226,0.1262,-0.3121,5.1007,0.1259,0.5147,5.1699,0.1416,0.4800,0,1,5.0519,-0.1651,0.4477,0.1734,-0.1647,-0.3791,5.0519,-0.1651,0.4477,5.0822,-0.1424,0.4800,1,1,4.6285,0.2037,0.4363,-0.2495,0.2046,-0.3905,4.6285,0.2037,0.4363,4.6951,0.1411,0.4800,1,1,4.6853,-0.1221,0.4992,-0.1932,-0.1212,-0.3276,4.6853,-0.1221,0.4992,4.7834,-0.1429,0.4800,0,1
4.8820,-0.0008,0.8280,-0.0249,0.0183,5.1071,0.1330,0.5033,0.2275,0.1297,-0.3247,5.1071,0.1330,0.5033,5.1711,0.1447,0.4800,0,1,5.0520,-0.1651,0.4477,0.1670,-0.1674,-0.3803,5.0520,-0.1651,0.4477,5.0863,-0.1393,0.4800,1,1,4.6285,0.2037,0.4363,-0.2497,0.2091,-0.3917,4.6285,0.2037,0.4363,4.6944,0.1376,0.4800,1,1,4.6846,-0.1345,0.4878,-0.1998,-0.1301,-0.3402,4.6846,-0.1345,0.4878,4.7896,-0.1463,0.4800,0,1
4.8858,-0.0008,0.8295,-0.0254,0.0364,5.1135,0.1422,0.4907,0.2328,0.1346,-0.3388,5.1135,0.1422,0.4907,5.1723,0.1480,0.4800,0,1,5.0519,-0.1651,0.4477,0.1600,-0.1702,-0.3818,5.0519,-0.1651,0.4477,5.0906,-0.1358,0.4800,1,1,4.6286,0.2038,0.4363,-0.2496,0.2138,-0.3932,4.6286,0.2038,0.4363,4.6937,0.1340,0.4800,1,1,4.6845,-0.1485,0.4752,-0.2065,-0.1403,-0.3543,4.6845,-0.1485,0.4752,4.7961,-0.1498,0.4800,0,1
4.8898,-0.0008,0.8313,-0.0261,0.0545,5.1192,0.1523,0.4781,0.2374,0.1404,-0.3532,5.1192,0.1523,0.4781,5.1735,0.1514,0.4800,0,1,5.0519,-0.1651,0.4477,0.1529,-0.1729,-0.3836,5.0519,-0.1651,0.4477,5.0950,-0.1321,0.4800,1,1,4.6286,0.2038,0.4362,-0.2497,0.2185,-0.3951,4.6286,0.2038,0.4362,4.6933,0.1304,0.4800,1,1,4.6857,-0.1624,0.4626,-0.2126,-0.1502,-0.3687,4.6857,-0.1624,0.4626,4.8028,-0.1532,0.4800,0,1
4.8939,-0.0007,0.8329,-0.0265,0.0712,5.1236,0.1608,0.4666,0.2406,0.1447,-0.3663,5.1236,0.1608,0.4666,5.1751,0.1546,0.4800,0,1,5.0519,-0.1652,0.4477,0.1459,-0.1753,-0.3852,5.0519,-0.1652,0.4477,5.0993,-0.1286,0.4800,1,1,4.6286,0.2037,0.4362,-0.2501,0.2228,-0.3967,4.6286,0.2037,0.4362,4.6933,0.1271,0.4800,1,1,4.6888,-0.1743,0.4512,-0.2169,-0.1586,-0.3817,4.6888,-0.1743,0.4512,4.8095,-0.1562,0.4800,0,1
4.8982,-0.0004,0.8341,-0.0258,0.0847,5.1267,0.1639,0.4572,0.2416,0.1444,-0.3769,5.1267,0.1639,0.4572,5.1773,0.1573,0.4800,0,1,5.0518,-0.1654,0.4478,0.1391,-0.1774,-0.3863,5.0518,-0.1654,0.4478,5.1033,-0.1257,0.4800,1,1,4.6285,0.2036,0.4361,-0.2515,0.2261,-0.3980,4.6285,0.2036,0.4361,4.6939,0.1246,0.4800,1,1,4.6931,-0.1843,0.4420,-0.2199,-0.1659,-0.3921,4.6931,-0.1843,0.4420,4.8159,-0.1584,0.4800,0,1
4.9025,-0.0002,0.8343,-0.0233,0.0919,5.1210,0.1619,0.4503,0.2325,0.1414,-0.3840,5.1210,0.1619,0.4503,5.1155,0.1588,0.4800,1,1,5.0515,-0.1660,0.4477,0.1332,-0.1788,-0.3866,5.0515,-0.1660,0.4477,5.2066,-0.1240,0.4800,0,1,4.6283,0.2031,0.4361,-0.2544,0.2276,-0.3982,4.6283,0.2031,0.4361,4.7953,0.1233,0.4800,0,1,4.6992,-0.1990,0.4361,-0.2207,-0.1793,-0.3982,4.6992,-0.1990,0.4361,4.7564,-0.1595,0.4800,1,1
4.9072,0.0003,0.8333,-0.0192,0.0970,5.1212,0.1614,0.4502,0.2286,0.1396,-0.3831,5.1212,0.1614,0.4502,5.1173,0.1602,0.4800,1,1,5.0587,-0.1863,0.4534,0.1327,-0.2004,-0.3799,5.0587,-0.1863,0.4534,5.2119,-0.1225,0.4800,0,1,4.6338,0.2094,0.4403,-0.2519,0.2346,-0.3930,4.6338,0.2094,0.4403,4.7994,0.1227,0.4800,0,1,4.6993,-0.1993,0.4361,-0.2263,-0.1785,-0.3972,4.6993,-0.1993,0.4361,4.7599,-0.1599,0.4800,1,1
4.9120,0.0008,0.8326,-0.0196,0.0919,5.1212,0.1614,0.4502,0.2231,0.1407,-0.3824,5.1212,0.1614,0.4502,5.1210,0.1598,0.4800,1,1,5.0814,-0.1647,0.4618,0.1535,-0.1803,-0.3708,5.0814,-0.1647,0.4618,5.2161,-0.1230,0.4800,0,1,4.6564,0.1838,0.4496,-0.2377,0.2057,-0.3830,4.6564,0.1838,0.4496,4.8048,0.1243,0.4800,0,1,4.6993,-0.1994,0.4362,-0.2302,-0.1798,-0.3964,4.6993,-0.1994,0.4362,4.7619,-0.1585,0.4800,1,1
4.9164,0.0012,0.8324,-0.0195,0.0835,5.1211,0.1615,0.4502,0.2174,0.1427,-0.3822,5.1211,0.1615,0.4502,5.1247,0.1587,0.4800,1,1,5.0971,-0.1292,0.4738,0.1692,-0.1450,-0.3586,5.0971,-0.1292,0.4738,5.2194,-0.1243,0.4800,0,1,4.6876,0.1410,0.4625,-0.2163,0.1584,-0.3699,4.6876,0.1410,0.4625,4.8103,0.1265,0.4800,0,1,4.6993,-0.1993,0.4362,-0.2331,-0.1817,-0.3962,4.6993,-0.1993,0.4362,4.7630,-0.1565,0.4800,1,1
4.9205,0.0015,0.8316,-0.0202,0.0769,5.1211,0.1615,0.4502,0.2123,0.1441,-0.3814,5.1211,0.1615,0.4502,5.1279,0.1579,0.4800,1,1,5.1100,-0.1152,0.4867,0.1800,-0.1309,-0.3449,5.1100,-0.1152,0.4867,5.2227,-0.1253,0.4800,0,1,4.7065,0.1240,0.4755,-0.2040,0.1386,-0.3561,4.7065,0.1240,0.4755,4.8152,0.1281,0.4800,0,1,4.6993,-0.1992,0.4361,-0.2360,-0.1831,-0.3955,4.6993,-0.1992,0.4361,4.7640,-0.1550,0.4800,1,1
4.9245,0.0019,0.8306,-0.0213,0.0703,5.1211,0.1616,0.4502,0.2073,0.1455,-0.3804,5.1211,0.1616,0.4502,5.1308,0.1570,0.4800,1,1,5.1212,-0.1095,0.4998,0.1884,-0.1249,-0.3308,5.1212,-0.1095,0.4998,5.2258,-0.1263,0.4800,0,1,4.7202,0.1167,0.4886,-0.1957,0.1289,-0.3420,4.7202,0.1167,0.4886,4.8200,0.1298,0.4800,0,1,4.6993,-0.1992,0.4361,-0.2388,-0.1848,-0.3945,4.6993,-0.1992,0.4361,4.7649,-0.1535,0.4800,1,1
4.9283,0.0022,0.8295,-0.0222,0.0631,5.1211,0.1616,0.4502,0.2025,0.1469,-0.3793,5.1211,0.1616,0.4502,5.1338,0.1560,0.4800,1,1,5.1310,-0.1070,0.5119,0.1954,-0.1218,-0.3176,5.1310,-0.1070,0.5119,5.2287,-0.1274,0.4800,0,1,4.7310,0.1133,0.5007,-0.1899,0.1233,-0.3288,4.7310,0.1133,0.5007,4.8247,0.1316,0.4800,0,1,4.6993,-0.1992,0.4361,-0.2412,-0.1866,-0.3934,4.6993,-0.1992,0.4361,4.7657,-0.1518,0.4800,1,1
4.9321,0.0025,0.8285,-0.0228,0.0554,5.1212,0.1616,0.4502,0.1976,0.1484,-0.3783,5.1212,0.1616,0.4502,5.1367,0.1549,0.4800,1,1,5.1395,-0.1062,0.5216,0.2011,-0.1200,-0.3069,5.1395,-0.1062,0.5216,5.2314,-0.1286,0.4800,0,1,4.7397,0.1120,0.5104,-0.1860,0.1200,-0.3181,4.7397,0.1120,0.5104,4.8295,0.1335,0.4800,0,1,4.6993,-0.1992,0.4361,-0.2436,-0.1885,-0.3924,4.6993,-0.1992,0.4361,4.7662,-0.1500,0.4800,1,1
4.9358,0.0029,0.8276,-0.0230,0.0469,5.1212,0.1616,0.4502,0.1926,0.1498,-0.3774,5.1212,0.1616,0.4502,5.1397,0.1537,0.4800,1,1,5.1471,-0.1066,0.5278,0.2059,-0.1193,-0.2998,5.1471,-0.1066,0.5278,5.2340,-0.1300,0.4800,0,1,4.7469,0.1118,0.5166,-0.1836,0.1176,-0.3110,4.7469,0.1118,0.5166,4.8343,0.1356,0.4800,0,1,4.6994,-0.1992,0.4361,-0.2456,-0.1908,-0.3915,4.6994,-0.1992,0.4361,4.7666,-0.1481,0.4800,1,1
4.9394,0.0032,0.8271,-0.0229,0.0374,5.1212,0.1616,0.4503,0.1876,0.1515,-0.3768,5.1212,0.1616,0.4503,5.1428,0.1523,0.4800,1,1,5.1541,-0.1081,0.5292,0.2104,-0.1193,-0.2979,5.1541,-0.1081,0.5292,5.2364,-0.1315,0.4800,0,1,4.7525,0.1130,0.5179,-0.1827,0.1167,-0.3092,4.7525,0.1130,0.5179,4.8393,0.1379,0.4800,0,1,4.6994,-0.1992,0.4361,-0.2474,-0.1933,-0.3910,4.6994,-0.1992,0.4361,4.7669,-0.1459,0.4800,1,1
4.9430,0.0036,0.8268,-0.0222,0.0265,5.1212,0.1616,0.4503,0.1823,0.1532,-0.3765,5.1212,0.1616,0.4503,5.1460,0.1506,0.4800,1,1,5.1608,-0.1110,0.5256,0.2147,-0.1203,-0.3012,5.1608,-0.1110,0.5256,5.2385,-0.1333,0.4800,0,1,4.7561,0.1165,0.5143,-0.1838,0.1178,-0.3125,4.7561,0.1165,0.5143,4.8444,0.1404,0.4800,0,1,4.6994,-0.1992,0.4361,-0.2489,-0.1963,-0.3907,4.6994,-0.1992,0.4361,4.7669,-0.1435,0.4800,1,1
4.9466,0.0039,0.8270,-0.0211,0.0140,5.1212,0.1616,0.4503,0.1768,0.1552,-0.3767,5.1212,0.1616,0.4503,5.1494,0.1486,0.4800,1,1,5.1676,-0.1153,0.5181,0.2193,-0.1223,-0.3089,5.1676,-0.1153,0.5181,5.2404,-0.1354,0.4800,0,1,4.7573,0.1233,0.5068,-0.1876,0.1220,-0.3202,4.7573,0.1233,0.5068,4.8497,0.1432,0.4800,0,1,4.6994,-0.1993,0.4361,-0.2500,-0.1997,-0.3909,4.6994,-0.1993,0.4361,4.7666,-0.1408,0.4800,1,1
4.9502,0.0042,0.8275,-0.0196,-0.0005,5.1213,0.1615,0.4503,0.1710,0.1574,-0.3772,5.1213,0.1615,0.4503,5.1531,0.1461,0.4800,1,1,5.1744,-0.1215,0.5077,0.2243,-0.1256,-0.3198,5.1744,-0.1215,0.5077,5.2420,-0.1379,0.4800,0,1,4.7567,0.1336,0.4963,-0.1936,0.1293,-0.3312,4.7567,0.1336,0.4963,4.8553,0.1463,0.4800,0,1,4.6995,-0.1993,0.4360,-0.2506,-0.2036,-0.3915,4.6995,-0.1993,0.4360,4.7662,-0.1377,0.4800,1,1
4.9539,0.0045,0.8284,-0.0179,-0.0166,5.1213,0.1615,0.4503,0.1648,0.1598,-0.3781,5.1213,0.1615,0.4503,5.1570,0.1433,0.4800,1,1,5.1809,-0.1300,0.4956,0.2292,-0.1307,-0.3328,5.1809,-0.1300,0.4956,5.2433,-0.1407,0.4800,0,1,4.7552,0.1470,0.4842,-0.2010,0.1392,-0.3442,4.7552,0.1470,0.4842,4.8613,0.1497,0.4800,0,1,4.6995,-0.1993,0.4360,-0.2510,-0.2080,-0.3924,4.6995,-0.1993,0.4360,4.7656,-0.1343,0.4800,1,1
4.9577,0.0047,0.8296,-0.0164,-0.0339,5.1213,0.1616,0.4503,0.1582,0.1624,-0.3793,5.1213,0.1616,0.4503,5.1612,0.1401,0.4800,1,1,5.1867,-0.1405,0.4829,0.2338,-0.1374,-0.3467,5.1867,-0.1405,0.4829,5.2445,-0.1438,0.4800,0,1,4.7543,0.1619,0.4715,-0.2086,0.1502,-0.3581,4.7543,0.1619,0.4715,4.8676,0.1532,0.4800,0,1,4.6995,-0.1993,0.4360,-0.2511,-0.2126,-0.3936,4.6995,-0.1993,0.4360,4.7650,-0.1307,0.4800,1,1
4.9615,0.0047,0.8309,-0.0148,-0.0511,5.1212,0.1616,0.4503,0.1515,0.1649,-0.3806,5.1212,0.1616,0.4503,5.1653,0.1367,0.4800,1,1,5.1912,-0.1508,0.4706,0.2373,-0.1436,-0.3603,5.1912,-0.1508,0.4706,5.2458,-0.1469,0.4800,0,1,4.7552,0.1752,0.4593,-0.2147,0.1597,-0.3716,4.7552,0.1752,0.4593,4.8740,0.1565,0.4800,0,1,4.6995,-0.1993,0.4359,-0.2512,-0.2171,-0.3950,4.6995,-0.1993,0.4359,4.7645,-0.1271,0.4800,1,1
4.9655,0.0047,0.8320,-0.0131,-0.0667,5.1212,0.1618,0.4503,0.1449,0.1671,-0.3817,5.1212,0.1618,0.4503,5.1694,0.1336,0.4800,1,1,5.1939,-0.1588,0.4600,0.2388,-0.1479,-0.3720,5.1939,-0.1588,0.4600,5.2474,-0.1498,0.4800,0,1,4.7583,0.1860,0.4488,-0.2188,0.1671,-0.3832,4.7583,0.1860,0.4488,4.8804,0.1594,0.4800,0,1,4.6995,-0.1992,0.4358,-0.2518,-0.2212,-0.3962,4.6995,-0.1992,0.4358,4.7645,-0.1240,0.4800,1,1
4.9696,0.0045,0.8325,-0.0111,-0.0781,5.1211,0.1619,0.4503,0.1388,0.1687,-0.3822,5.1211,0.1619,0.4503,5.1729,0.1311,0.4800,1,1,5.1931,-0.1614,0.4522,0.2358,-0.1480,-0.3803,5.1931,-0.1614,0.4522,5.2497,-0.1520,0.4800,0,1,4.7620,0.1978,0.4411,-0.2220,0.1765,-0.3914,4.7620,0.1978,0.4411,4.8863,0.1613,0.4800,0,1,4.6994,-0.1990,0.4358,-0.2535,-0.2240,-0.3967,4.6994,-0.1990,0.4358,4.7651,-0.1218,0.4800,1,1
4.9738,0.0043,0.8317,-0.0075,-0.0859,5.1209,0.1770,0.4524,0.1317,0.1847,-0.3793,5.1209,0.1770,0.4524,5.2771,0.1293,0.4800,0,1,5.1893,-0.1606,0.4488,0.2289,-0.1458,-0.3829,5.1893,-0.1606,0.4488,5.1868,-0.1536,0.4800,1,1,4.7666,0.2057,0.4386,-0.2237,0.1829,-0.3931,4.7666,0.2057,0.4386,4.8257,0.1625,0.4800,1,1,4.7019,-0.2026,0.4374,-0.2531,-0.2295,-0.3943,4.7019,-0.2026,0.4374,4.8674,-0.1205,0.4800,0,1
4.9784,0.0038,0.8307,-0.0072,-0.0873,5.1383,0.1775,0.4595,0.1441,0.1870,-0.3712,5.1383,0.1775,0.4595,5.2818,0.1285,0.4800,0,1,5.1895,-0.1601,0.4486,0.2246,-0.1449,-0.3821,5.1895,-0.1601,0.4486,5.1891,-0.1544,0.4800,1,1,4.7668,0.2062,0.4388,-0.2284,0.1832,-0.3919,4.7668,0.2062,0.4388,4.8285,0.1622,0.4800,1,1,4.7116,-0.2009,0.4435,-0.2479,-0.2272,-0.3872,4.7116,-0.2009,0.4435,4.8718,-0.1207,0.4800,0,1
4.9830,0.0033,0.8304,-0.0093,-0.0800,5.1572,0.1465,0.4697,0.1622,0.1567,-0.3607,5.1572,0.1465,0.4697,5.2855,0.1295,0.4800,0,1,5.1893,-0.1605,0.4487,0.2187,-0.1468,-0.3817,5.1893,-0.1605,0.4487,5.1929,-0.1536,0.4800,1,1,4.7666,0.2058,0.4387,-0.2319,0.1846,-0.3917,4.7666,0.2058,0.4387,4.8300,0.1604,0.4800,1,1,4.7439,-0.1560,0.4558,-0.2256,-0.1779,-0.3746,4.7439,-0.1560,0.4558,4.8773,-0.1227,0.4800,0,1
4.9872,0.0030,0.8300,-0.0111,-0.0736,5.1714,0.1258,0.4822,0.1747,0.1360,-0.3478,5.1714,0.1258,0.4822,5.2889,0.1305,0.4800,0,1,5.1893,-0.1605,0.4487,0.2136,-0.1482,-0.3813,5.1893,-0.1605,0.4487,5.1961,-0.1528,0.4800,1,1,4.7666,0.2057,0.4387,-0.2349,0.1859,-0.3913,4.7666,0.2057,0.4387,4.8312,0.1589,0.4800,1,1,4.7682,-0.1270,0.4686,-0.2088,-0.1458,-0.3614,4.7682,-0.1270,0.4686,4.8823,-0.1243,0.4800,0,1
4.9913,0.0026,0.8292,-0.0138,-0.0680,5.1838,0.1185,0.4953,0.1842,0.1287,-0.3339,5.1838,0.1185,0.4953,5.2923,0.1312,0.4800,0,1,5.1893,-0.1606,0.4487,0.2086,-0.1494,-0.3805,5.1893,-0.1606,0.4487,5.1990,-0.1521,0.4800,1,1,4.7666,0.2057,0.4386,-0.2380,0.1874,-0.3906,4.7666,0.2057,0.4386,4.8324,0.1575,0.4800,1,1,4.7842,-0.1155,0.4817,-0.1986,-0.1319,-0.3475,4.7842,-0.1155,0.4817,4.8871,-0.1258,0.4800,0,1
4.9952,0.0022,0.8284,-0.0163,-0.0618,5.1946,0.1155,0.5080,0.1920,0.1254,-0.3204,5.1946,0.1155,0.5080,5.2954,0.1321,0.4800,0,1,5.1893,-0.1606,0.4488,0.2038,-0.1505,-0.3796,5.1893,-0.1606,0.4488,5.2019,-0.1514,0.4800,1,1,4.7666,0.2057,0.4386,-0.2407,0.1890,-0.3898,4.7666,0.2057,0.4386,4.8334,0.1560,0.4800,1,1,4.7964,-0.1101,0.4945,-0.1915,-0.1244,-0.3339,4.7964,-0.1101,0.4945,4.8918,-0.1275,0.4800,0,1
4.9991,0.0018,0.8275,-0.0183,-0.0549,5.2040,0.1140,0.5191,0.1984,0.1233,-0.3084,5.2040,0.1140,0.5191,5.2984,0.1330,0.4800,0,1,5.1893,-0.1606,0.4488,0.1988,-0.1517,-0.3787,5.1893,-0.1606,0.4488,5.2048,-0.1505,0.4800,1,1,4.7667,0.2057,0.4386,-0.2432,0.1908,-0.3889,4.7667,0.2057,0.4386,4.8342,0.1543,0.4800,1,1,4.8062,-0.1076,0.5055,-0.1866,-0.1198,-0.3220,4.8062,-0.1076,0.5055,4.8966,-0.1293,0.4800,0,1
5.0029,0.0013,0.8268,-0.0197,-0.0472,5.2123,0.1138,0.5272,0.2039,0.1223,-0.2996,5.2123,0.1138,0.5272,5.3012,0.1341,0.4800,0,1,5.1894,-0.1606,0.4488,0.1939,-0.1529,-0.3780,5.1894,-0.1606,0.4488,5.2078,-0.1496,0.4800,1,1,4.7667,0.2057,0.4386,-0.2456,0.1930,-0.3882,4.7667,0.2057,0.4386,4.8348,0.1524,0.4800,1,1,4.8142,-0.1068,0.5136,-0.1834,-0.1169,-0.3132,4.8142,-0.1068,0.5136,4.9014,-0.1313,0.4800,0,1
5.0067,0.0009,0.8263,-0.0208,-0.0384,5.2198,0.1147,0.5311,0.2086,0.1219,-0.2952,5.2198,0.1147,0.5311,5.3038,0.1354,0.4800,0,1,5.1894,-0.1606,0.4488,0.1888,-0.1544,-0.3775,5.1894,-0.1606,0.4488,5.2109,-0.1484,0.4800,1,1,4.7667,0.2057,0.4386,-0.2477,0.1954,-0.3877,4.7667,0.2057,0.4386,4.8353,0.1502,0.4800,1,1,4.8207,-0.1072,0.5175,-0.1817,-0.1152,-0.3088,4.8207,-0.1072,0.5175,4.9064,-0.1336,0.4800,0,1
5.0105,0.0004,0.8261,-0.0214,-0.0280,5.2267,0.1166,0.5299,0.2129,0.1222,-0.2962,5.2267,0.1166,0.5299,5.3062,0.1370,0.4800,0,1,5.1894,-0.1606,0.4488,0.1833,-0.1559,-0.3773,5.1894,-0.1606,0.4488,5.2142,-0.1469,0.4800,1,1,4.7667,0.2057,0.4386,-0.2495,0.1984,-0.3875,4.7667,0.2057,0.4386,4.8355,0.1478,0.4800,1,1,4.8256,-0.1094,0.5163,-0.1818,-0.1149,-0.3098,4.8256,-0.1094,0.5163,4.9116,-0.1361,0.4800,0,1
5.0142,0.0000,0.8263,-0.0217,-0.0157,5.2336,0.1199,0.5242,0.2175,0.1233,-0.3021,5.2336,0.1199,0.5242,5.3082,0.1390,0.4800,0,1,5.1894,-0.1606,0.4488,0.1777,-0.1578,-0.3775,5.1894,-0.1606,0.4488,5.2177,-0.1450,0.4800,1,1,4.7668,0.2057,0.4386,-0.2506,0.2018,-0.3877,4.7668,0.2057,0.4386,4.8355,0.1451,0.4800,1,1,4.8283,-0.1144,0.5106,-0.1841,-0.1173,-0.3157,4.8283,-0.1144,0.5106,4.9170,-0.1389,0.4800,0,1
5.0179,-0.0003,0.8269,-0.0218,-0.0015,5.2406,0.1247,0.5151,0.2225,0.1253,-0.3118,5.2406,0.1247,0.5151,5.3099,0.1414,0.4800,0,1,5.1894,-0.1606,0.4488,0.1717,-0.1600,-0.3781,5.1894,-0.1606,0.4488,5.2215,-0.1426,0.4800,1,1,4.7668,0.2058,0.4386,-0.2514,0.2057,-0.3883,4.7668,0.2058,0.4386,4.8351,0.1419,0.4800,1,1,4.8288,-0.1230,0.5014,-0.1889,-0.1230,-0.3255,4.8288,-0.1230,0.5014,4.9227,-0.1421,0.4800,0,1
5.0217,-0.0007,0.8279,-0.0217,0.0147,5.2476,0.1316,0.5037,0.2278,0.1290,-0.3242,5.2476,0.1316,0.5037,5.3114,0.1441,0.4800,0,1,5.1895,-0.1605,0.4488,0.1654,-0.1622,-0.3791,5.1895,-0.1605,0.4488,5.2256,-0.1398,0.4800,1,1,4.7668,0.2058,0.4385,-0.2518,0.2102,-0.3894,4.7668,0.2058,0.4385,4.8346,0.1385,0.4800,1,1,4.8278,-0.1351,0.4900,-0.1959,-0.1315,-0.3379,4.8278,-0.1351,0.4900,4.9288,-0.1455,0.4800,0,1
5.0256,-0.0009,0.8293,-0.0217,0.0324,5.2545,0.1401,0.4912,0.2333,0.1335,-0.3381,5.2545,0.1401,0.4912,5.3127,0.1472,0.4800,0,1,5.1895,-0.1606,0.4488,0.1586,-0.1649,-0.3805,5.1895,-0.1606,0.4488,5.2299,-0.1366,0.4800,1,1,4.7669,0.2058,0.4385,-0.2519,0.2150,-0.3908,4.7669,0.2058,0.4385,4.8341,0.1347,0.4800,1,1,4.8268,-0.1492,0.4774,-0.2035,-0.1418,-0.3519,4.8268,-0.1492,0.4774,4.9353,-0.1492,0.4800,0,1
5.0296,-0.0011,0.8309,-0.0218,0.0504,5.2605,0.1495,0.4786,0.2382,0.1388,-0.3523,5.2605,0.1495,0.4786,5.3140,0.1504,0.4800,0,1,5.1894,-0.1606,0.4488,0.1516,-0.1673,-0.3821,5.1894,-0.1606,0.4488,5.2343,-0.1332,0.4800,1,1,4.7669,0.2058,0.4385,-0.2519,0.2199,-0.3924,4.7669,0.2058,0.4385,4.8337,0.1309,0.4800,1,1,4.8269,-0.1636,0.4648,-0.2106,-0.1521,-0.3661,4.8269,-0.1636,0.4648,4.9420,-0.1527,0.4800,0,1
5.0337,-0.0012,0.8324,-0.0215,0.0674,5.2651,0.1573,0.4670,0.2415,0.1426,-0.3654,5.2651,0.1573,0.4670,5.3155,0.1534,0.4800,0,1,5.1894,-0.1607,0.4488,0.1446,-0.1696,-0.3836,5.1894,-0.1607,0.4488,5.2386,-0.1299,0.4800,1,1,4.7669,0.2058,0.4384,-0.2523,0.2245,-0.3940,4.7669,0.2058,0.4384,4.8336,0.1274,0.4800,1,1,4.8288,-0.1760,0.4534,-0.2162,-0.1606,-0.3790,4.8288,-0.1760,0.4534,4.9487,-0.1560,0.4800,0,1
5.0380,-0.0012,0.8336,-0.0200,0.0813,5.2683,0.1601,0.4577,0.2426,0.1421,-0.3759,5.2683,0.1601,0.4577,5.3176,0.1559,0.4800,0,1,5.1893,-0.1609,0.4489,0.1378,-0.1715,-0.3847,5.1893,-0.1609,0.4489,5.2427,-0.1271,0.4800,1,1,4.7669,0.2056,0.4383,-0.2534,0.2281,-0.3953,4.7669,0.2056,0.4383,4.8341,0.1245,0.4800,1,1,4.8318,-0.1866,0.4442,-0.2206,-0.1680,-0.3894,4.8318,-0.1866,0.4442,4.9551,-0.1585,0.4800,0,1
5.0422,-0.0012,0.8338,-0.0162,0.0891,5.2634,0.1570,0.4507,0.2344,0.1379,-0.3831,5.2634,0.1570,0.4507,5.2557,0.1573,0.4800,1,1,5.1890,-0.1615,0.4488,0.1320,-0.1727,-0.3850,5.1890,-0.1615,0.4488,5.3459,-0.1255,0.4800,0,1,4.7667,0.2051,0.4385,-0.2561,0.2300,-0.3953,4.7667,0.2051,0.4385,4.9354,0.1229,0.4800,0,1,4.8384,-0.2016,0.4383,-0.2208,-0.1815,-0.3955,4.8384,-0.2016,0.4383,4.8957,-0.1599,0.4800,1,1
5.0470,-0.0009,0.8328,-0.0125,0.0944,5.2636,0.1566,0.4506,0.2305,0.1364,-0.3822,5.2636,0.1566,0.4506,5.2576,0.1585,0.4800,1,1,5.1949,-0.1821,0.4544,0.1302,-0.1943,-0.3784,5.1949,-0.1821,0.4544,5.3513,-0.1242,0.4800,0,1,4.7725,0.2102,0.4426,-0.2534,0.2360,-0.3902,4.7725,0.2102,0.4426,4.9395,0.1221,0.4800,0,1,4.8386,-0.2020,0.4384,-0.2264,-0.1806,-0.3944,4.8386,-0.2020,0.4384,4.8992,-0.1606,0.4800,1,1
5.0519,-0.0005,0.8322,-0.0134,0.0893,5.2635,0.1566,0.4506,0.2248,0.1376,-0.3816,5.2635,0.1566,0.4506,5.2612,0.1580,0.4800,1,1,5.2177,-0.1609,0.4629,0.1508,-0.1745,-0.3693,5.2177,-0.1609,0.4629,5.3556,-0.1249,0.4800,0,1,4.7959,0.1828,0.4520,-0.2386,0.2054,-0.3802,4.7959,0.1828,0.4520,4.9450,0.1235,0.4800,0,1,4.8385,-0.2020,0.4384,-0.2305,-0.1817,-0.3938,4.8385,-0.2020,0.4384,4.9013,-0.1594,0.4800,1,1
5.0563,-0.0003,0.8320,-0.0140,0.0816,5.2635,0.1567,0.4506,0.2193,0.1396,-0.3814,5.2635,0.1567,0.4506,5.2649,0.1569,0.4800,1,1,5.2344,-0.1297,0.4747,0.1670,-0.1435,-0.3573,5.2344,-0.1297,0.4747,5.3591,-0.1262,0.4800,0,1,4.8256,0.1443,0.4646,-0.2181,0.1629,-0.3674,4.8256,0.1443,0.4646,4.9504,0.1253,0.4800,0,1,4.8385,-0.2020,0.4384,-0.2335,-0.1833,-0.3936,4.8385,-0.2020,0.4384,4.9025,-0.1577,0.4800,1,1
5.0605,-0.0001,0.8312,-0.0154,0.0754,5.2635,0.1567,0.4506,0.2142,0.1411,-0.3806,5.2635,0.1567,0.4506,5.2680,0.1559,0.4800,1,1,5.2479,-0.1173,0.4876,0.1780,-0.1310,-0.3436,5.2479,-0.1173,0.4876,5.3624,-0.1272,0.4800,0,1,4.8443,0.1283,0.4776,-0.2059,0.1443,-0.3536,4.8443,0.1283,0.4776,4.9553,0.1268,0.4800,0,1,4.8385,-0.2019,0.4384,-0.2366,-0.1845,-0.3928,4.8385,-0.2019,0.4384,4.9037,-0.1564,0.4800,1,1
5.0645,0.0002,0.8303,-0.0171,0.0688,5.2635,0.1567,0.4506,0.2093,0.1424,-0.3797,5.2635,0.1567,0.4506,5.2711,0.1550,0.4800,1,1,5.2596,-0.1120,0.5007,0.1869,-0.1253,-0.3296,5.2596,-0.1120,0.5007,5.3656,-0.1283,0.4800,0,1,4.8584,0.1208,0.4907,-0.1973,0.1345,-0.3396,4.8584,0.1208,0.4907,4.9602,0.1284,0.4800,0,1,4.8385,-0.2019,0.4384,-0.2394,-0.1861,-0.3919,4.8385,-0.2019,0.4384,4.9047,-0.1549,0.4800,1,1
5.0684,0.0005,0.8293,-0.0186,0.0617,5.2635,0.1567,0.4507,0.2044,0.1439,-0.3786,5.2635,0.1567,0.4507,5.2741,0.1540,0.4800,1,1,5.2696,-0.1097,0.5127,0.1940,-0.1224,-0.3166,5.2696,-0.1097,0.5127,5.3686,-0.1295,0.4800,0,1,4.8696,0.1171,0.5027,-0.1912,0.1286,-0.3266,4.8696,0.1171,0.5027,4.9650,0.1302,0.4800,0,1,4.8385,-0.2019,0.4383,-0.2419,-0.1878,-0.3910,4.8385,-0.2019,0.4383,4.9055,-0.1533,0.4800,1,1
5.0722,0.0008,0.8284,-0.0195,0.0539,5.2635,0.1567,0.4507,0.1994,0.1454,-0.3777,5.2635,0.1567,0.4507,5.2771,0.1529,0.4800,1,1,5.2783,-0.1088,0.5225,0.1999,-0.1205,-0.3059,5.2783,-0.1088,0.5225,5.3714,-0.1306,0.4800,0,1,4.8789,0.1153,0.5125,-0.1869,0.1247,-0.3159,4.8789,0.1153,0.5125,4.9699,0.1321,0.4800,0,1,4.8386,-0.2019,0.4383,-0.2442,-0.1898,-0.3901,4.8386,-0.2019,0.4383,4.9062,-0.1515,0.4800,1,1
5.0760,0.0012,0.8276,-0.0201,0.0454,5.2636,0.1567,0.4507,0.1945,0.1468,-0.3769,5.2636,0.1567,0.4507,5.2801,0.1518,0.4800,1,1,5.2861,-0.1090,0.5286,0.2049,-0.1196,-0.2990,5.2861,-0.1090,0.5286,5.3740,-0.1319,0.4800,0,1,4.8867,0.1146,0.5186,-0.1840,0.1219,-0.3090,4.8867,0.1146,0.5186,4.9747,0.1342,0.4800,0,1,4.8386,-0.2019,0.4383,-0.2464,-0.1921,-0.3893,4.8386,-0.2019,0.4383,4.9066,-0.1495,0.4800,1,1
5.0797,0.0016,0.8271,-0.0201,0.0360,5.2636,0.1567,0.4507,0.1894,0.1484,-0.3764,5.2636,0.1567,0.4507,5.2833,0.1504,0.4800,1,1,5.2932,-0.1102,0.5300,0.2093,-0.1194,-0.2971,5.2932,-0.1102,0.5300,5.3765,-0.1334,0.4800,0,1,4.8933,0.1151,0.5200,-0.1822,0.1201,-0.3071,4.8933,0.1151,0.5200,4.9797,0.1365,0.4800,0,1,4.8386,-0.2019,0.4383,-0.2483,-0.1947,-0.3888,4.8386,-0.2019,0.4383,4.9069,-0.1473,0.4800,1,1
5.0834,0.0020,0.8270,-0.0196,0.0254,5.2636,0.1567,0.4507,0.1841,0.1501,-0.3763,5.2636,0.1567,0.4507,5.2865,0.1489,0.4800,1,1,5.2998,-0.1125,0.5264,0.2134,-0.1200,-0.3006,5.2998,-0.1125,0.5264,5.3787,-0.1350,0.4800,0,1,4.8983,0.1177,0.5164,-0.1821,0.1204,-0.3106,4.8983,0.1177,0.5164,4.9848,0.1391,0.4800,0,1,4.8386,-0.2019,0.4383,-0.2499,-0.1976,-0.3887,4.8386,-0.2019,0.4383,4.9071,-0.1449,0.4800,1,1
5.0870,0.0025,0.8271,-0.0187,0.0133,5.2636,0.1567,0.4507,0.1786,0.1518,-0.3764,5.2636,0.1567,0.4507,5.2899,0.1470,0.4800,1,1,5.3066,-0.1161,0.5189,0.2180,-0.1215,-0.3082,5.3066,-0.1161,0.5189,5.3807,-0.1369,0.4800,0,1,4.9011,0.1232,0.5088,-0.1843,0.1232,-0.3183,4.9011,0.1232,0.5088,4.9902,0.1419,0.4800,0,1,4.8387,-0.2019,0.4383,-0.2510,-0.2011,-0.3888,4.8387,-0.2019,0.4383,4.9069,-0.1421,0.4800,1,1
5.0906,0.0029,0.8277,-0.0175,-0.0004,5.2636,0.1567,0.4507,0.1729,0.1539,-0.3770,5.2636,0.1567,0.4507,5.2935,0.1448,0.4800,1,1,5.3136,-0.1216,0.5085,0.2230,-0.1244,-0.3192,5.3136,-0.1216,0.5085,5.3824,-0.1392,0.4800,0,1,4.9015,0.1324,0.4984,-0.1892,0.1294,-0.3293,4.9015,0.1324,0.4984,4.9957,0.1450,0.4800,0,1,4.8387,-0.2020,0.4383,-0.2518,-0.2050,-0.3894,4.8387,-0.2020,0.4383,4.9066,-0.1390,0.4800,1,1
5.0943,0.0034,0.8286,-0.0158,-0.0157,5.2636,0.1567,0.4507,0.1669,0.1559,-0.3779,5.2636,0.1567,0.4507,5.2973,0.1423,0.4800,1,1,5.3206,-0.1293,0.4964,0.2284,-0.1291,-0.3322,5.3206,-0.1293,0.4964,5.3838,-0.1416,0.4800,0,1,4.9000,0.1454,0.4863,-0.1965,0.1389,-0.3423,4.9000,0.1454,0.4863,5.0016,0.1484,0.4800,0,1,4.8387,-0.2020,0.4382,-0.2523,-0.2094,-0.3904,4.8387,-0.2020,0.4382,4.9061,-0.1356,0.4800,1,1
5.0980,0.0037,0.8297,-0.0139,-0.0323,5.2636,0.1567,0.4507,0.1606,0.1583,-0.3790,5.2636,0.1567,0.4507,5.3013,0.1395,0.4800,1,1,5.3269,-0.1387,0.4837,0.2334,-0.1349,-0.3460,5.3269,-0.1387,0.4837,5.3851,-0.1444,0.4800,0,1,4.8981,0.1607,0.4735,-0.2049,0.1505,-0.3562,4.8981,0.1607,0.4735,5.0077,0.1520,0.4800,0,1,4.8387,-0.2020,0.4382,-0.2525,-0.2140,-0.3915,4.8387,-0.2020,0.4382,4.9055,-0.1319,0.4800,1,1
5.1018,0.0041,0.8310,-0.0119,-0.0491,5.2636,0.1568,0.4507,0.1541,0.1605,-0.3803,5.2636,0.1568,0.4507,5.3054,0.1365,0.4800,1,1,5.3318,-0.1477,0.4715,0.2372,-0.1403,-0.3595,5.3318,-0.1477,0.4715,5.3864,-0.1472,0.4800,0,1,4.8975,0.1749,0.4613,-0.2124,0.1606,-0.3697,4.8975,0.1749,0.4613,5.0140,0.1555,0.4800,0,1,4.8388,-0.2020,0.4382,-0.2526,-0.2188,-0.3928,4.8388,-0.2020,0.4382,4.9051,-0.1282,0.4800,1,1
5.1057,0.0043,0.8320,-0.0096,-0.0645,5.2636,0.1569,0.4507,0.1477,0.1625,-0.3813,5.2636,0.1569,0.4507,5.3093,0.1336,0.4800,1,1,5.3350,-0.1544,0.4609,0.2391,-0.1436,-0.3711,5.3350,-0.1544,0.4609,5.3880,-0.1498,0.4800,0,1,4.8989,0.1867,0.4509,-0.2181,0.1687,-0.3811,4.8989,0.1867,0.4509,5.0203,0.1586,0.4800,0,1,4.8388,-0.2019,0.4381,-0.2531,-0.2230,-0.3939,4.8388,-0.2019,0.4381,4.9050,-0.1248,0.4800,1,1
5.1097,0.0045,0.8326,-0.0069,-0.0759,5.2635,0.1570,0.4507,0.1418,0.1637,-0.3819,5.2635,0.1570,0.4507,5.3127,0.1315,0.4800,1,1,5.3350,-0.1562,0.4531,0.2368,-0.1432,-0.3795,5.3350,-0.1562,0.4531,5.3902,-0.1517,0.4800,0,1,4.9018,0.1989,0.4431,-0.2220,0.1781,-0.3895,4.9018,0.1989,0.4431,5.0261,0.1609,0.4800,0,1,4.8387,-0.2018,0.4380,-0.2546,-0.2263,-0.3946,4.8387,-0.2018,0.4380,4.9055,-0.1223,0.4800,1,1
5.1139,0.0045,0.8318,-0.0030,-0.0837,5.2629,0.1717,0.4528,0.1345,0.1791,-0.3790,5.2629,0.1717,0.4528,5.4169,0.1300,0.4800,0,1,5.3318,-0.1550,0.4497,0.2305,-0.1407,-0.3821,5.3318,-0.1550,0.4497,5.3272,-0.1530,0.4800,1,1,4.9064,0.2066,0.4406,-0.2237,0.1840,-0.3912,4.9064,0.2066,0.4406,4.9655,0.1624,0.4800,1,1,4.8413,-0.2052,0.4398,-0.2541,-0.2318,-0.3920,4.8413,-0.2052,0.4398,5.0077,-0.1206,0.4800,0,1
5.1185,0.0043,0.8308,-0.0032,-0.0846,5.2799,0.1718,0.4598,0.1467,0.1805,-0.3710,5.2799,0.1718,0.4598,5.4216,0.1296,0.4800,0,1,5.3319,-0.1546,0.4496,0.2261,-0.1403,-0.3812,5.3319,-0.1546,0.4496,5.3296,-0.1534,0.4800,1,1,4.9065,0.2070,0.4408,-0.2284,0.1841,-0.3900,4.9065,0.2070,0.4408,4.9682,0.1623,0.4800,1,1,4.8520,-0.2010,0.4460,-0.2482,-0.2271,-0.3848,4.8520,-0.2010,0.4460,5.0122,-0.1207,0.4800,0,1
5.1231,0.0041,0.8305,-0.0055,-0.0776,5.2985,0.1432,0.4700,0.1641,0.1523,-0.3605,5.2985,0.1432,0.4700,5.4254,0.1308,0.4800,0,1,5.3317,-0.1549,0.4496,0.2203,-0.1424,-0.3809,5.3317,-0.1549,0.4496,5.3333,-0.1524,0.4800,1,1,4.9064,0.2067,0.4407,-0.2318,0.1852,-0.3898,4.9064,0.2067,0.4407,4.9697,0.1608,0.4800,1,1,4.8833,-0.1585,0.4580,-0.2265,-0.1807,-0.3725,4.8833,-0.1585,0.4580,5.0177,-0.1224,0.4800,0,1
5.1274,0.0039,0.8301,-0.0078,-0.0716,5.3127,0.1250,0.4824,0.1762,0.1340,-0.3477,5.3127,0.1250,0.4824,5.4288,0.1318,0.4800,0,1,5.3317,-0.1549,0.4496,0.2151,-0.1438,-0.3805,5.3317,-0.1549,0.4496,5.3365,-0.1515,0.4800,1,1,4.9064,0.2067,0.4407,-0.2349,0.1865,-0.3894,4.9064,0.2067,0.4407,4.9710,0.1595,0.4800,1,1,4.9066,-0.1318,0.4706,-0.2105,-0.1511,-0.3595,4.9066,-0.1318,0.4706,5.0227,-0.1238,0.4800,0,1
5.1315,0.0037,0.8294,-0.0107,-0.0660,5.3250,0.1185,0.4955,0.1855,0.1273,-0.3339,5.3250,0.1185,0.4955,5.4322,0.1327,0.4800,0,1,5.3317,-0.1550,0.4496,0.2102,-0.1452,-0.3798,5.3317,-0.1550,0.4496,5.3395,-0.1507,0.4800,1,1,4.9064,0.2067,0.4406,-0.2380,0.1877,-0.3888,4.9064,0.2067,0.4406,4.9723,0.1582,0.4800,1,1,4.9226,-0.1205,0.4838,-0.2003,-0.1377,-0.3456,4.9226,-0.1205,0.4838,5.0275,-0.1252,0.4800,0,1
5.1355,0.0033,0.8285,-0.0134,-0.0599,5.3357,0.1158,0.5082,0.1931,0.1243,-0.3203,5.3357,0.1158,0.5082,5.4354,0.1336,0.4800,0,1,5.3318,-0.1550,0.4497,0.2054,-0.1463,-0.3788,5.3318,-0.1550,0.4497,5.3424,-0.1499,0.4800,1,1,4.9064,0.2067,0.4406,-0.2409,0.1893,-0.3879,4.9064,0.2067,0.4406,4.9733,0.1567,0.4800,1,1,4.9351,-0.1149,0.4965,-0.1930,-0.1300,-0.3320,4.9351,-0.1149,0.4965,5.0323,-0.1267,0.4800,0,1
5.1394,0.0030,0.8277,-0.0154,-0.0530,5.3450,0.1145,0.5193,0.1994,0.1222,-0.3084,5.3450,0.1145,0.5193,5.4384,0.1346,0.4800,0,1,5.3318,-0.1550,0.4497,0.2005,-0.1476,-0.3780,5.3318,-0.1550,0.4497,5.3454,-0.1490,0.4800,1,1,4.9065,0.2067,0.4406,-0.2434,0.1911,-0.3871,4.9065,0.2067,0.4406,4.9742,0.1551,0.4800,1,1,4.9453,-0.1119,0.5076,-0.1877,-0.1250,-0.3201,4.9453,-0.1119,0.5076,5.0371,-0.1285,0.4800,0,1
5.1432,0.0025,0.8270,-0.0169,-0.0455,5.3532,0.1143,0.5274,0.2047,0.1212,-0.2996,5.3532,0.1143,0.5274,5.4413,0.1357,0.4800,0,1,5.3318,-0.1550,0.4497,0.1956,-0.1488,-0.3773,5.3318,-0.1550,0.4497,5.3484,-0.1481,0.4800,1,1,4.9065,0.2067,0.4406,-0.2457,0.1932,-0.3864,4.9065,0.2067,0.4406,4.9749,0.1532,0.4800,1,1,4.9538,-0.1106,0.5157,-0.1841,-0.1216,-0.3113,4.9538,-0.1106,0.5157,5.0420,-0.1305,0.4800,0,1
5.1471,0.0020,0.8265,-0.0179,-0.0369,5.3606,0.1150,0.5313,0.2092,0.1208,-0.2952,5.3606,0.1150,0.5313,5.4440,0.1369,0.4800,0,1,5.3318,-0.1550,0.4497,0.1904,-0.1501,-0.3768,5.3318,-0.1550,0.4497,5.3515,-0.1469,0.4800,1,1,4.9065,0.2067,0.4406,-0.2480,0.1957,-0.3859,4.9065,0.2067,0.4406,4.9755,0.1511,0.4800,1,1,4.9610,-0.1105,0.5196,-0.1818,-0.1193,-0.3069,4.9610,-0.1105,0.5196,5.0470,-0.1327,0.4800,0,1
5.1509,0.0015,0.8263,-0.0183,-0.0270,5.3674,0.1165,0.5301,0.2133,0.1208,-0.2962,5.3674,0.1165,0.5301,5.4465,0.1383,0.4800,0,1,5.3318,-0.1550,0.4497,0.1851,-0.1516,-0.3766,5.3318,-0.1550,0.4497,5.3548,-0.1456,0.4800,1,1,4.9065,0.2067,0.4406,-0.2499,0.1985,-0.3857,4.9065,0.2067,0.4406,4.9758,0.1487,0.4800,1,1,4.9669,-0.1120,0.5184,-0.1809,-0.1184,-0.3079,4.9669,-0.1120,0.5184,5.0521,-0.1352,0.4800,0,1
5.1547,0.0010,0.8265,-0.0183,-0.0155,5.3741,0.1192,0.5244,0.2175,0.1216,-0.3021,5.3741,0.1192,0.5244,5.4487,0.1400,0.4800,0,1,5.3318,-0.1550,0.4497,0.1795,-0.1532,-0.3768,5.3318,-0.1550,0.4497,5.3583,-0.1440,0.4800,1,1,4.9066,0.2067,0.4405,-0.2513,0.2018,-0.3860,4.9066,0.2067,0.4405,4.9759,0.1460,0.4800,1,1,4.9710,-0.1158,0.5127,-0.1819,-0.1196,-0.3138,4.9710,-0.1158,0.5127,5.0575,-0.1380,0.4800,0,1
5.1585,0.0005,0.8271,-0.0180,-0.0022,5.3810,0.1235,0.5153,0.2222,0.1235,-0.3118,5.3810,0.1235,0.5153,5.4506,0.1421,0.4800,0,1,5.3319,-0.1550,0.4497,0.1737,-0.1551,-0.3774,5.3319,-0.1550,0.4497,5.3619,-0.1419,0.4800,1,1,4.9066,0.2067,0.4405,-0.2524,0.2056,-0.3866,4.9066,0.2067,0.4405,4.9758,0.1429,0.4800,1,1,4.9729,-0.1232,0.5035,-0.1853,-0.1241,-0.3236,4.9729,-0.1232,0.5035,5.0631,-0.1411,0.4800,0,1
5.1622,-0.0000,0.8280,-0.0176,0.0130,5.3882,0.1299,0.5039,0.2277,0.1270,-0.3241,5.3882,0.1299,0.5039,5.4522,0.1445,0.4800,0,1,5.3319,-0.1550,0.4497,0.1677,-0.1572,-0.3783,5.3319,-0.1550,0.4497,5.3659,-0.1395,0.4800,1,1,4.9066,0.2067,0.4405,-0.2529,0.2100,-0.3875,4.9066,0.2067,0.4405,4.9754,0.1395,0.4800,1,1,4.9724,-0.1346,0.4921,-0.1915,-0.1321,-0.3359,4.9724,-0.1346,0.4921,5.0691,-0.1445,0.4800,0,1
5.1661,-0.0005,0.8292,-0.0170,0.0298,5.3954,0.1380,0.4914,0.2333,0.1316,-0.3378,5.3954,0.1380,0.4914,5.4536,0.1472,0.4800,0,1,5.3319,-0.1550,0.4497,0.1611,-0.1594,-0.3795,5.3319,-0.1550,0.4497,5.3700,-0.1367,0.4800,1,1,4.9067,0.2068,0.4405,-0.2531,0.2149,-0.3887,4.9067,0.2068,0.4405,4.9750,0.1357,0.4800,1,1,4.9707,-0.1489,0.4795,-0.1997,-0.1425,-0.3497,4.9707,-0.1489,0.4795,5.0754,-0.1482,0.4800,0,1
5.1700,-0.0009,0.8307,-0.0163,0.0473,5.4014,0.1468,0.4788,0.2381,0.1366,-0.3519,5.4014,0.1468,0.4788,5.4549,0.1500,0.4800,0,1,5.3319,-0.1550,0.4497,0.1544,-0.1616,-0.3810,5.3319,-0.1550,0.4497,5.3743,-0.1336,0.4800,1,1,4.9067,0.2068,0.4405,-0.2532,0.2199,-0.3902,4.9067,0.2068,0.4405,4.9746,0.1318,0.4800,1,1,4.9694,-0.1640,0.4669,-0.2081,-0.1534,-0.3638,4.9694,-0.1640,0.4669,5.0820,-0.1519,0.4800,0,1
5.1741,-0.0012,0.8321,-0.0152,0.0641,5.4059,0.1541,0.4672,0.2413,0.1401,-0.3649,5.4059,0.1541,0.4672,5.4564,0.1528,0.4800,0,1,5.3318,-0.1551,0.4497,0.1475,-0.1637,-0.3824,5.3318,-0.1551,0.4497,5.3786,-0.1306,0.4800,1,1,4.9067,0.2067,0.4404,-0.2535,0.2246,-0.3917,4.9067,0.2067,0.4404,4.9744,0.1280,0.4800,1,1,4.9699,-0.1774,0.4555,-0.2151,-0.1628,-0.3766,4.9699,-0.1774,0.4555,5.0886,-0.1554,0.4800,0,1
5.1783,-0.0015,0.8332,-0.0130,0.0781,5.4091,0.1569,0.4579,0.2425,0.1399,-0.3753,5.4091,0.1569,0.4579,5.4584,0.1551,0.4800,0,1,5.3318,-0.1553,0.4498,0.1410,-0.1653,-0.3834,5.3318,-0.1553,0.4498,5.3826,-0.1281,0.4800,1,1,4.9067,0.2066,0.4403,-0.2545,0.2287,-0.3929,4.9067,0.2066,0.4403,4.9748,0.1249,0.4800,1,1,4.9716,-0.1889,0.4463,-0.2207,-0.1707,-0.3869,4.9716,-0.1889,0.4463,5.0949,-0.1583,0.4800,0,1
5.1824,-0.0018,0.8335,-0.0087,0.0867,5.4071,0.1521,0.4509,0.2372,0.1339,-0.3826,5.4071,0.1521,0.4509,5.3962,0.1563,0.4800,1,1,5.3315,-0.1559,0.4498,0.1352,-0.1664,-0.3837,5.3315,-0.1559,0.4498,5.4858,-0.1266,0.4800,0,1,4.9066,0.2060,0.4403,-0.2568,0.2309,-0.3932,4.9066,0.2060,0.4403,5.0759,0.1228,0.4800,0,1,4.9782,-0.2038,0.4403,-0.2209,-0.1836,-0.3932,4.9782,-0.2038,0.4403,5.0355,-0.1601,0.4800,1,1
5.1872,-0.0018,0.8325,-0.0055,0.0922,5.4073,0.1517,0.4508,0.2333,0.1326,-0.3817,5.4073,0.1517,0.4508,5.3981,0.1572,0.4800,1,1,5.3362,-0.1767,0.4553,0.1323,-0.1879,-0.3772,5.3362,-0.1767,0.4553,5.4913,-0.1255,0.4800,0,1,4.9129,0.2091,0.4445,-0.2537,0.2353,-0.3880,4.9129,0.2091,0.4445,5.0799,0.1216,0.4800,0,1,4.9784,-0.2042,0.4404,-0.2265,-0.1823,-0.3921,4.9784,-0.2042,0.4404,5.0391,-0.1612,0.4800,1,1
5.1920,-0.0017,0.8320,-0.0071,0.0874,5.4072,0.1517,0.4508,0.2278,0.1340,-0.3812,5.4072,0.1517,0.4508,5.4017,0.1565,0.4800,1,1,5.3583,-0.1565,0.4637,0.1522,-0.1687,-0.3683,5.3583,-0.1565,0.4637,5.4955,-0.1265,0.4800,0,1,4.9371,0.1798,0.4539,-0.2381,0.2031,-0.3781,4.9371,0.1798,0.4539,5.0854,0.1227,0.4800,0,1,4.9783,-0.2042,0.4405,-0.2306,-0.1831,-0.3915,4.9783,-0.2042,0.4405,5.0412,-0.1602,0.4800,1,1
5.1965,-0.0017,0.8317,-0.0086,0.0804,5.4071,0.1518,0.4508,0.2222,0.1361,-0.3809,5.4071,0.1518,0.4508,5.4053,0.1552,0.4800,1,1,5.3750,-0.1292,0.4754,0.1677,-0.1414,-0.3563,5.3750,-0.1292,0.4754,5.4991,-0.1278,0.4800,0,1,4.9654,0.1446,0.4662,-0.2186,0.1644,-0.3655,4.9654,0.1446,0.4662,5.0907,0.1242,0.4800,0,1,4.9782,-0.2041,0.4405,-0.2339,-0.1842,-0.3912,4.9782,-0.2041,0.4405,5.0426,-0.1589,0.4800,1,1
5.2007,-0.0017,0.8310,-0.0109,0.0744,5.4071,0.1518,0.4508,0.2172,0.1377,-0.3802,5.4071,0.1518,0.4508,5.4084,0.1542,0.4800,1,1,5.3887,-0.1185,0.4883,0.1788,-0.1305,-0.3427,5.3887,-0.1185,0.4883,5.5026,-0.1290,0.4800,0,1,4.9838,0.1298,0.4792,-0.2065,0.1473,-0.3518,4.9838,0.1298,0.4792,5.0957,0.1255,0.4800,0,1,4.9783,-0.2041,0.4404,-0.2368,-0.1853,-0.3906,4.9783,-0.2041,0.4404,5.0438,-0.1578,0.4800,1,1
5.2048,-0.0015,0.8301,-0.0133,0.0678,5.4071,0.1518,0.4508,0.2122,0.1392,-0.3793,5.4071,0.1518,0.4508,5.4115,0.1532,0.4800,1,1,5.4004,-0.1138,0.5013,0.1875,-0.1253,-0.3288,5.4004,-0.1138,0.5013,5.5058,-0.1302,0.4800,0,1,4.9980,0.1225,0.4923,-0.1979,0.1377,-0.3378,4.9980,0.1225,0.4923,5.1006,0.1270,0.4800,0,1,4.9783,-0.2041,0.4404,-0.2397,-0.1868,-0.3897,4.9783,-0.2041,0.4404,5.0449,-0.1564,0.4800,1,1
5.2087,-0.0013,0.8292,-0.0152,0.0606,5.4072,0.1518,0.4509,0.2074,0.1408,-0.3783,5.4072,0.1518,0.4509,5.4146,0.1521,0.4800,1,1,5.4104,-0.1117,0.5134,0.1946,-0.1224,-0.3158,5.4104,-0.1117,0.5134,5.5088,-0.1314,0.4800,0,1,5.0093,0.1188,0.5043,-0.1918,0.1320,-0.3249,5.0093,0.1188,0.5043,5.1055,0.1287,0.4800,0,1,4.9783,-0.2041,0.4404,-0.2423,-0.1885,-0.3888,4.9783,-0.2041,0.4404,5.0457,-0.1548,0.4800,1,1
5.2126,-0.0009,0.8283,-0.0166,0.0528,5.4072,0.1518,0.4509,0.2024,0.1422,-0.3774,5.4072,0.1518,0.4509,5.4176,0.1510,0.4800,1,1,5.4190,-0.1109,0.5232,0.2003,-0.1207,-0.3051,5.4190,-0.1109,0.5232,5.5116,-0.1326,0.4800,0,1,5.0189,0.1168,0.5141,-0.1872,0.1278,-0.3142,5.0189,0.1168,0.5141,5.1104,0.1306,0.4800,0,1,4.9783,-0.2041,0.4404,-0.2447,-0.1906,-0.3879,4.9783,-0.2041,0.4404,5.0464,-0.1530,0.4800,1,1
5.2164,-0.0005,0.8276,-0.0174,0.0442,5.4072,0.1518,0.4509,0.1973,0.1437,-0.3767,5.4072,0.1518,0.4509,5.4207,0.1498,0.4800,1,1,5.4267,-0.1110,0.5293,0.2052,-0.1197,-0.2983,5.4267,-0.1110,0.5293,5.5143,-0.1339,0.4800,0,1,5.0270,0.1160,0.5202,-0.1841,0.1248,-0.3074,5.0270,0.1160,0.5202,5.1153,0.1327,0.4800,0,1,4.9783,-0.2041,0.4404,-0.2469,-0.1929,-0.3872,4.9783,-0.2041,0.4404,5.0469,-0.1510,0.4800,1,1
5.2201,-0.0001,0.8272,-0.0176,0.0347,5.4072,0.1519,0.4509,0.1923,0.1454,-0.3763,5.4072,0.1519,0.4509,5.4239,0.1485,0.4800,1,1,5.4336,-0.1120,0.5307,0.2095,-0.1192,-0.2965,5.4336,-0.1120,0.5307,5.5167,-0.1353,0.4800,0,1,5.0339,0.1164,0.5216,-0.1820,0.1229,-0.3056,5.0339,0.1164,0.5216,5.1203,0.1351,0.4800,0,1,4.9784,-0.2041,0.4404,-0.2486,-0.1955,-0.3868,4.9784,-0.2041,0.4404,5.0472,-0.1487,0.4800,1,1
5.2238,0.0005,0.8271,-0.0172,0.0241,5.4072,0.1519,0.4509,0.1870,0.1469,-0.3762,5.4072,0.1519,0.4509,5.4272,0.1470,0.4800,1,1,5.4401,-0.1139,0.5271,0.2135,-0.1196,-0.3000,5.4401,-0.1139,0.5271,5.5190,-0.1369,0.4800,0,1,5.0396,0.1186,0.5180,-0.1813,0.1225,-0.3091,5.0396,0.1186,0.5180,5.1255,0.1377,0.4800,0,1,4.9784,-0.2041,0.4404,-0.2503,-0.1986,-0.3867,4.9784,-0.2041,0.4404,5.0473,-0.1462,0.4800,1,1
5.2275,0.0010,0.8273,-0.0163,0.0122,5.4073,0.1519,0.4509,0.1816,0.1487,-0.3764,5.4073,0.1519,0.4509,5.4305,0.1453,0.4800,1,1,5.4466,-0.1169,0.5196,0.2176,-0.1206,-0.3077,5.4466,-0.1169,0.5196,5.5210,-0.1386,0.4800,0,1,5.0435,0.1233,0.5104,-0.1825,0.1245,-0.3169,5.0435,0.1233,0.5104,5.1308,0.1406,0.4800,0,1,4.9784,-0.2041,0.4403,-0.2516,-0.2020,-0.3870,4.9784,-0.2041,0.4403,5.0472,-0.1434,0.4800,1,1
5.2311,0.0016,0.8278,-0.0150,-0.0011,5.4073,0.1519,0.4509,0.1760,0.1505,-0.3769,5.4073,0.1519,0.4509,5.4341,0.1434,0.4800,1,1,5.4533,-0.1215,0.5092,0.2223,-0.1229,-0.3186,5.4533,-0.1215,0.5092,5.5228,-0.1406,0.4800,0,1,5.0451,0.1317,0.5000,-0.1861,0.1299,-0.3278,5.0451,0.1317,0.5000,5.1363,0.1438,0.4800,0,1,4.9784,-0.2041,0.4403,-0.2525,-0.2060,-0.3875,4.9784,-0.2041,0.4403,5.0470,-0.1402,0.4800,1,1
5.2347,0.0022,0.8287,-0.0133,-0.0158,5.4073,0.1519,0.4509,0.1702,0.1524,-0.3778,5.4073,0.1519,0.4509,5.4378,0.1411,0.4800,1,1,5.4602,-0.1283,0.4971,0.2275,-0.1269,-0.3316,5.4602,-0.1283,0.4971,5.5243,-0.1428,0.4800,0,1,5.0442,0.1439,0.4879,-0.1927,0.1387,-0.3408,5.0442,0.1439,0.4879,5.1420,0.1473,0.4800,0,1,4.9785,-0.2042,0.4403,-0.2529,-0.2104,-0.3884,4.9785,-0.2042,0.4403,5.0465,-0.1367,0.4800,1,1
5.2384,0.0028,0.8298,-0.0113,-0.0316,5.4073,0.1519,0.4509,0.1641,0.1544,-0.3789,5.4073,0.1519,0.4509,5.4416,0.1387,0.4800,1,1,5.4668,-0.1368,0.4844,0.2327,-0.1323,-0.3454,5.4668,-0.1368,0.4844,5.5256,-0.1452,0.4800,0,1,5.0419,0.1592,0.4751,-0.2013,0.1501,-0.3547,5.0419,0.1592,0.4751,5.1480,0.1509,0.4800,0,1,4.9785,-0.2042,0.4403,-0.2532,-0.2151,-0.3895,4.9785,-0.2042,0.4403,5.0460,-0.1330,0.4800,1,1
5.2421,0.0034,0.8310,-0.0089,-0.0478,5.4073,0.1519,0.4509,0.1579,0.1562,-0.3801,5.4073,0.1519,0.4509,5.4455,0.1360,0.4800,1,1,5.4719,-0.1449,0.4722,0.2366,-0.1372,-0.3588,5.4719,-0.1449,0.4722,5.5269,-0.1476,0.4800,0,1,5.0401,0.1743,0.4629,-0.2099,0.1611,-0.3681,5.0401,0.1743,0.4629,5.1541,0.1545,0.4800,0,1,4.9785,-0.2042,0.4402,-0.2534,-0.2200,-0.3908,4.9785,-0.2042,0.4402,5.0455,-0.1291,0.4800,1,1
5.2459,0.0039,0.8321,-0.0062,-0.0629,5.4073,0.1520,0.4510,0.1518,0.1580,-0.3811,5.4073,0.1520,0.4510,5.4493,0.1335,0.4800,1,1,5.4754,-0.1509,0.4616,0.2388,-0.1401,-0.3705,5.4754,-0.1509,0.4616,5.5284,-0.1499,0.4800,0,1,5.0401,0.1872,0.4525,-0.2169,0.1700,-0.3796,5.0401,0.1872,0.4525,5.1602,0.1579,0.4800,0,1,4.9786,-0.2041,0.4401,-0.2537,-0.2244,-0.3920,4.9786,-0.2041,0.4401,5.0454,-0.1256,0.4800,1,1
5.2498,0.0044,0.8327,-0.0030,-0.0744,5.4072,0.1522,0.4509,0.1460,0.1591,-0.3818,5.4072,0.1522,0.4509,5.4526,0.1317,0.4800,1,1,5.4765,-0.1520,0.4538,0.2377,-0.1391,-0.3789,5.4765,-0.1520,0.4538,5.5305,-0.1515,0.4800,0,1,5.0420,0.1999,0.4447,-0.2218,0.1795,-0.3880,5.0420,0.1999,0.4447,5.1659,0.1605,0.4800,0,1,4.9785,-0.2040,0.4400,-0.2551,-0.2280,-0.3927,4.9785,-0.2040,0.4400,5.0458,-0.1228,0.4800,1,1
5.2539,0.0048,0.8320,0.0009,-0.0825,5.4064,0.1664,0.4529,0.1387,0.1736,-0.3791,5.4064,0.1664,0.4529,5.5568,0.1305,0.4800,0,1,5.4754,-0.1498,0.4504,0.2335,-0.1358,-0.3816,5.4754,-0.1498,0.4504,5.4674,-0.1525,0.4800,1,1,5.0462,0.2071,0.4421,-0.2237,0.1845,-0.3899,5.0462,0.2071,0.4421,5.1053,0.1624,0.4800,1,1,4.9813,-0.2068,0.4418,-0.2542,-0.2333,-0.3902,4.9813,-0.2068,0.4418,5.1479,-0.1207,0.4800,0,1
5.2585,0.0049,0.8310,0.0003,-0.0830,5.4228,0.1662,0.4598,0.1504,0.1744,-0.3712,5.4228,0.1662,0.4598,5.5614,0.1305,0.4800,0,1,5.4755,-0.1494,0.4503,0.2290,-0.1358,-0.3807,5.4755,-0.1494,0.4503,5.4699,-0.1525,0.4800,1,1,5.0463,0.2074,0.4423,-0.2283,0.1842,-0.3887,5.0463,0.2074,0.4423,5.1080,0.1625,0.4800,1,1,4.9932,-0.1995,0.4481,-0.2474,-0.2257,-0.3829,4.9932,-0.1995,0.4481,5.1524,-0.1205,0.4800,0,1
5.2631,0.0049,0.8307,-0.0023,-0.0764,5.4407,0.1398,0.4701,0.1668,0.1481,-0.3606,5.4407,0.1398,0.4701,5.5652,0.1319,0.4800,0,1,5.4754,-0.1497,0.4503,0.2235,-0.1379,-0.3804,5.4754,-0.1497,0.4503,5.4735,-0.1513,0.4800,1,1,5.0462,0.2072,0.4422,-0.2317,0.1852,-0.3885,5.0462,0.2072,0.4422,5.1095,0.1614,0.4800,1,1,5.0234,-0.1587,0.4598,-0.2265,-0.1814,-0.3709,5.0234,-0.1587,0.4598,5.1578,-0.1218,0.4800,0,1
5.2674,0.0049,0.8303,-0.0051,-0.0706,5.4548,0.1238,0.4824,0.1785,0.1318,-0.3479,5.4548,0.1238,0.4824,5.5687,0.1330,0.4800,0,1,5.4753,-0.1497,0.4503,0.2183,-0.1395,-0.3800,5.4753,-0.1497,0.4503,5.4767,-0.1503,0.4800,1,1,5.0462,0.2072,0.4422,-0.2349,0.1862,-0.3881,5.0462,0.2072,0.4422,5.1109,0.1603,0.4800,1,1,5.0459,-0.1341,0.4724,-0.2111,-0.1543,-0.3579,5.0459,-0.1341,0.4724,5.1628,-0.1230,0.4800,0,1
5.2715,0.0048,0.8295,-0.0083,-0.0650,5.4669,0.1181,0.4955,0.1876,0.1258,-0.3340,5.4669,0.1181,0.4955,5.5721,0.1341,0.4800,0,1,5.4753,-0.1497,0.4503,0.2134,-0.1409,-0.3792,5.4753,-0.1497,0.4503,5.4797,-0.1493,0.4800,1,1,5.0462,0.2072,0.4422,-0.2380,0.1873,-0.3873,5.0462,0.2072,0.4422,5.1121,0.1592,0.4800,1,1,5.0616,-0.1234,0.4856,-0.2011,-0.1416,-0.3439,5.0616,-0.1234,0.4856,5.1677,-0.1242,0.4800,0,1
5.2755,0.0046,0.8287,-0.0111,-0.0587,5.4774,0.1157,0.5082,0.1950,0.1228,-0.3205,5.4774,0.1157,0.5082,5.5753,0.1351,0.4800,0,1,5.4754,-0.1497,0.4504,0.2086,-0.1423,-0.3783,5.4754,-0.1497,0.4504,5.4827,-0.1484,0.4800,1,1,5.0463,0.2072,0.4422,-0.2407,0.1888,-0.3865,5.0463,0.2072,0.4422,5.1132,0.1578,0.4800,1,1,5.0742,-0.1177,0.4983,-0.1938,-0.1339,-0.3304,5.0742,-0.1177,0.4983,5.1725,-0.1257,0.4800,0,1
5.2795,0.0043,0.8279,-0.0133,-0.0518,5.4864,0.1147,0.5193,0.2009,0.1210,-0.3086,5.4864,0.1147,0.5193,5.5784,0.1361,0.4800,0,1,5.4754,-0.1497,0.4504,0.2036,-0.1437,-0.3775,5.4754,-0.1497,0.4504,5.4857,-0.1475,0.4800,1,1,5.0463,0.2072,0.4421,-0.2434,0.1906,-0.3858,5.0463,0.2072,0.4421,5.1141,0.1562,0.4800,1,1,5.0845,-0.1146,0.5094,-0.1886,-0.1288,-0.3185,5.0845,-0.1146,0.5094,5.1774,-0.1274,0.4800,0,1
5.2834,0.0038,0.8272,-0.0148,-0.0442,5.4944,0.1145,0.5274,0.2059,0.1199,-0.2998,5.4944,0.1145,0.5274,5.5813,0.1372,0.4800,0,1,5.4754,-0.1497,0.4504,0.1986,-0.1449,-0.3768,5.4754,-0.1497,0.4504,5.4887,-0.1465,0.4800,1,1,5.0463,0.2072,0.4421,-0.2459,0.1927,-0.3851,5.0463,0.2072,0.4421,5.1149,0.1543,0.4800,1,1,5.0933,-0.1132,0.5175,-0.1847,-0.1253,-0.3097,5.0933,-0.1132,0.5175,5.1823,-0.1294,0.4800,0,1
5.2873,0.0033,0.8267,-0.0156,-0.0357,5.5016,0.1151,0.5313,0.2102,0.1194,-0.2954,5.5016,0.1151,0.5313,5.5840,0.1384,0.4800,0,1,5.4754,-0.1497,0.4504,0.1934,-0.1462,-0.3763,5.4754,-0.1497,0.4504,5.4919,-0.1454,0.4800,1,1,5.0463,0.2071,0.4421,-0.2481,0.1951,-0.3846,5.0463,0.2071,0.4421,5.1155,0.1522,0.4800,1,1,5.1009,-0.1129,0.5214,-0.1821,-0.1228,-0.3053,5.1009,-0.1129,0.5214,5.1873,-0.1316,0.4800,0,1
5.2911,0.0028,0.8266,-0.0158,-0.0260,5.5082,0.1165,0.5301,0.2141,0.1193,-0.2965,5.5082,0.1165,0.5301,5.5866,0.1397,0.4800,0,1,5.4754,-0.1498,0.4504,0.1882,-0.1478,-0.3762,5.4754,-0.1498,0.4504,5.4952,-0.1442,0.4800,1,1,5.0463,0.2071,0.4421,-0.2500,0.1979,-0.3845,5.0463,0.2071,0.4421,5.1159,0.1498,0.4800,1,1,5.1073,-0.1140,0.5202,-0.1807,-0.1215,-0.3064,5.1073,-0.1140,0.5202,5.1925,-0.1341,0.4800,0,1
5.2949,0.0021,0.8267,-0.0154,-0.0149,5.5146,0.1187,0.5244,0.2179,0.1199,-0.3023,5.5146,0.1187,0.5244,5.5888,0.1413,0.4800,0,1,5.4755,-0.1498,0.4504,0.1828,-0.1492,-0.3763,5.4755,-0.1498,0.4504,5.4986,-0.1427,0.4800,1,1,5.0464,0.2071,0.4421,-0.2515,0.2013,-0.3846,5.0464,0.2071,0.4421,5.1161,0.1470,0.4800,1,1,5.1123,-0.1173,0.5145,-0.1808,-0.1221,-0.3122,5.1123,-0.1173,0.5145,5.1979,-0.1369,0.4800,0,1
5.2987,0.0015,0.8272,-0.0147,-0.0023,5.5212,0.1223,0.5153,0.2222,0.1213,-0.3119,5.5212,0.1223,0.5153,5.5909,0.1430,0.4800,0,1,5.4755,-0.1498,0.4504,0.1771,-0.1509,-0.3768,5.4755,-0.1498,0.4504,5.5022,-0.1410,0.4800,1,1,5.0464,0.2071,0.4421,-0.2528,0.2050,-0.3851,5.0464,0.2071,0.4421,5.1161,0.1439,0.4800,1,1,5.1154,-0.1238,0.5053,-0.1830,-0.1257,-0.3219,5.1154,-0.1238,0.5053,5.2034,-0.1401,0.4800,0,1
5.3025,0.0008,0.8281,-0.0138,0.0119,5.5283,0.1279,0.5039,0.2273,0.1244,-0.3242,5.5283,0.1279,0.5039,5.5926,0.1451,0.4800,0,1,5.4755,-0.1498,0.4504,0.1712,-0.1526,-0.3777,5.4755,-0.1498,0.4504,5.5060,-0.1389,0.4800,1,1,5.0464,0.2072,0.4420,-0.2536,0.2094,-0.3861,5.0464,0.2072,0.4420,5.1159,0.1405,0.4800,1,1,5.1161,-0.1343,0.4939,-0.1880,-0.1329,-0.3342,5.1161,-0.1343,0.4939,5.2092,-0.1435,0.4800,0,1
5.3064,0.0002,0.8292,-0.0125,0.0275,5.5354,0.1354,0.4914,0.2326,0.1289,-0.3378,5.5354,0.1354,0.4914,5.5942,0.1474,0.4800,0,1,5.4755,-0.1498,0.4504,0.1649,-0.1546,-0.3788,5.4755,-0.1498,0.4504,5.5100,-0.1365,0.4800,1,1,5.0465,0.2072,0.4420,-0.2541,0.2141,-0.3872,5.0465,0.2072,0.4420,5.1155,0.1367,0.4800,1,1,5.1145,-0.1483,0.4813,-0.1959,-0.1432,-0.3479,5.1145,-0.1483,0.4813,5.2153,-0.1471,0.4800,0,1
5.3102,-0.0005,0.8306,-0.0110,0.0440,5.5416,0.1437,0.4788,0.2375,0.1339,-0.3518,5.5416,0.1437,0.4788,5.5956,0.1498,0.4800,0,1,5.4755,-0.1498,0.4504,0.1586,-0.1564,-0.3802,5.4755,-0.1498,0.4504,5.5141,-0.1339,0.4800,1,1,5.0465,0.2072,0.4420,-0.2543,0.2191,-0.3886,5.0465,0.2072,0.4420,5.1152,0.1328,0.4800,1,1,5.1123,-0.1640,0.4687,-0.2049,-0.1546,-0.3619,5.1123,-0.1640,0.4687,5.2217,-0.1509,0.4800,0,1
5.3142,-0.0011,0.8319,-0.0090,0.0603,5.5461,0.1508,0.4673,0.2406,0.1376,-0.3646,5.5461,0.1508,0.4673,5.5971,0.1522,0.4800,0,1,5.4755,-0.1499,0.4504,0.1520,-0.1583,-0.3815,5.4755,-0.1499,0.4504,5.5182,-0.1313,0.4800,1,1,5.0465,0.2072,0.4419,-0.2547,0.2241,-0.3900,5.0465,0.2072,0.4419,5.1150,0.1289,0.4800,1,1,5.1114,-0.1784,0.4572,-0.2131,-0.1648,-0.3747,5.1114,-0.1784,0.4572,5.2281,-0.1545,0.4800,0,1
5.3182,-0.0016,0.8329,-0.0061,0.0741,5.5494,0.1537,0.4579,0.2421,0.1378,-0.3750,5.5494,0.1537,0.4579,5.5990,0.1542,0.4800,0,1,5.4754,-0.1501,0.4505,0.1458,-0.1597,-0.3824,5.4754,-0.1501,0.4505,5.5220,-0.1290,0.4800,1,1,5.0465,0.2070,0.4418,-0.2555,0.2281,-0.3911,5.0465,0.2070,0.4418,5.1153,0.1256,0.4800,1,1,5.1118,-0.1908,0.4480,-0.2198,-0.1734,-0.3849,5.1118,-0.1908,0.4480,5.2343,-0.1576,0.4800,0,1
5.3223,-0.0022,0.8332,-0.0017,0.0829,5.5492,0.1486,0.4510,0.2386,0.1315,-0.3822,5.5492,0.1486,0.4510,5.5367,0.1552,0.4800,1,1,5.4752,-0.1507,0.4505,0.1401,-0.1607,-0.3827,5.4752,-0.1507,0.4505,5.6252,-0.1278,0.4800,0,1,5.0465,0.2065,0.4417,-0.2576,0.2308,-0.3915,5.0465,0.2065,0.4417,5.2162,0.1232,0.4800,0,1,5.1175,-0.2053,0.4420,-0.2209,-0.1854,-0.3912,5.1175,-0.2053,0.4420,5.1747,-0.1598,0.4800,1,1
5.3270,-0.0025,0.8321,0.0008,0.0887,5.5494,0.1482,0.4509,0.2349,0.1304,-0.3812,5.5494,0.1482,0.4509,5.5385,0.1559,0.4800,1,1,5.4795,-0.1704,0.4558,0.1370,-0.1807,-0.3763,5.4795,-0.1704,0.4558,5.6306,-0.1270,0.4800,0,1,5.0531,0.2084,0.4459,-0.2541,0.2343,-0.3862,5.0531,0.2084,0.4459,5.2202,0.1216,0.4800,0,1,5.1176,-0.2057,0.4421,-0.2266,-0.1839,-0.3900,5.1176,-0.2057,0.4421,5.1784,-0.1612,0.4800,1,1
5.3318,-0.0027,0.8316,-0.0014,0.0842,5.5493,0.1483,0.4509,0.2294,0.1322,-0.3807,5.5493,0.1483,0.4509,5.5420,0.1549,0.4800,1,1,5.5004,-0.1520,0.4643,0.1554,-0.1630,-0.3673,5.5004,-0.1520,0.4643,5.6349,-0.1280,0.4800,0,1,5.0774,0.1785,0.4553,-0.2383,0.2020,-0.3763,5.0774,0.1785,0.4553,5.2256,0.1224,0.4800,0,1,5.1175,-0.2056,0.4422,-0.2306,-0.1842,-0.3894,5.1175,-0.2056,0.4422,5.1804,-0.1606,0.4800,1,1
5.3363,-0.0028,0.8313,-0.0038,0.0778,5.5492,0.1483,0.4509,0.2240,0.1341,-0.3804,5.5492,0.1483,0.4509,5.5455,0.1536,0.4800,1,1,5.5168,-0.1282,0.4758,0.1702,-0.1390,-0.3555,5.5168,-0.1282,0.4758,5.6385,-0.1295,0.4800,0,1,5.1048,0.1455,0.4674,-0.2193,0.1658,-0.3639,5.1048,0.1455,0.4674,5.2308,0.1236,0.4800,0,1,5.1175,-0.2056,0.4422,-0.2339,-0.1852,-0.3891,5.1175,-0.2056,0.4422,5.1819,-0.1596,0.4800,1,1
5.3405,-0.0029,0.8306,-0.0069,0.0720,5.5492,0.1484,0.4509,0.2190,0.1359,-0.3797,5.5492,0.1484,0.4509,5.5486,0.1525,0.4800,1,1,5.5303,-0.1188,0.4887,0.1810,-0.1293,-0.3419,5.5303,-0.1188,0.4887,5.6420,-0.1308,0.4800,0,1,5.1232,0.1312,0.4804,-0.2071,0.1494,-0.3502,5.1232,0.1312,0.4804,5.2358,0.1247,0.4800,0,1,5.1175,-0.2056,0.4422,-0.2370,-0.1861,-0.3884,5.1175,-0.2056,0.4422,5.1832,-0.1586,0.4800,1,1
5.3446,-0.0029,0.8297,-0.0098,0.0656,5.5492,0.1484,0.4509,0.2141,0.1376,-0.3788,5.5492,0.1484,0.4509,5.5517,0.1514,0.4800,1,1,5.5418,-0.1148,0.5018,0.1894,-0.1246,-0.3279,5.5418,-0.1148,0.5018,5.6453,-0.1320,0.4800,0,1,5.1374,0.1239,0.4935,-0.1984,0.1401,-0.3362,5.1374,0.1239,0.4935,5.2407,0.1261,0.4800,0,1,5.1175,-0.2056,0.4421,-0.2399,-0.1874,-0.3876,5.1175,-0.2056,0.4421,5.1843,-0.1573,0.4800,1,1
5.3486,-0.0027,0.8289,-0.0122,0.0584,5.5493,0.1484,0.4509,0.2092,0.1391,-0.3780,5.5493,0.1484,0.4509,5.5548,0.1503,0.4800,1,1,5.5517,-0.1130,0.5138,0.1963,-0.1220,-0.3151,5.5517,-0.1130,0.5138,5.6484,-0.1333,0.4800,0,1,5.1489,0.1200,0.5055,-0.1922,0.1341,-0.3234,5.1489,0.1200,0.5055,5.2456,0.1277,0.4800,0,1,5.1175,-0.2056,0.4421,-0.2425,-0.1891,-0.3868,5.1175,-0.2056,0.4421,5.1852,-0.1558,0.4800,1,1
5.3525,-0.0024,0.8281,-0.0140,0.0507,5.5493,0.1484,0.4509,0.2042,0.1406,-0.3772,5.5493,0.1484,0.4509,5.5579,0.1491,0.4800,1,1,5.5602,-0.1124,0.5236,0.2019,-0.1204,-0.3045,5.5602,-0.1124,0.5236,5.6512,-0.1345,0.4800,0,1,5.1586,0.1179,0.5152,-0.1876,0.1300,-0.3129,5.1586,0.1179,0.5152,5.2505,0.1295,0.4800,0,1,5.1176,-0.2056,0.4421,-0.2449,-0.1910,-0.3860,5.1176,-0.2056,0.4421,5.1859,-0.1541,0.4800,1,1
5.3563,-0.0020,0.8274,-0.0151,0.0421,5.5493,0.1484,0.4510,0.1992,0.1421,-0.3764,5.5493,0.1484,0.4510,5.5610,0.1479,0.4800,1,1,5.5677,-0.1125,0.5297,0.2066,-0.1193,-0.2977,5.5677,-0.1125,0.5297,5.6539,-0.1358,0.4800,0,1,5.1670,0.1169,0.5214,-0.1841,0.1268,-0.3060,5.1670,0.1169,0.5214,5.2555,0.1316,0.4800,0,1,5.1176,-0.2056,0.4421,-0.2471,-0.1934,-0.3853,5.1176,-0.2056,0.4421,5.1865,-0.1521,0.4800,1,1
5.3601,-0.0015,0.8271,-0.0154,0.0327,5.5493,0.1484,0.4510,0.1940,0.1436,-0.3761,5.5493,0.1484,0.4510,5.5642,0.1467,0.4800,1,1,5.5745,-0.1134,0.5311,0.2106,-0.1188,-0.2960,5.5745,-0.1134,0.5311,5.6565,-0.1372,0.4800,0,1,5.1742,0.1172,0.5228,-0.1819,0.1247,-0.3043,5.1742,0.1172,0.5228,5.2606,0.1340,0.4800,0,1,5.1176,-0.2056,0.4421,-0.2490,-0.1961,-0.3850,5.1176,-0.2056,0.4421,5.1869,-0.1498,0.4800,1,1
5.3639,-0.0010,0.8270,-0.0150,0.0222,5.5493,0.1484,0.4510,0.1887,0.1452,-0.3760,5.5493,0.1484,0.4510,5.5675,0.1453,0.4800,1,1,5.5808,-0.1151,0.5275,0.2143,-0.1189,-0.2995,5.5808,-0.1151,0.5275,5.6588,-0.1387,0.4800,0,1,5.1803,0.1192,0.5192,-0.1809,0.1242,-0.3078,5.1803,0.1192,0.5192,5.2658,0.1367,0.4800,0,1,5.1176,-0.2056,0.4421,-0.2508,-0.1991,-0.3849,5.1176,-0.2056,0.4421,5.1871,-0.1472,0.4800,1,1
5.3676,-0.0003,0.8273,-0.0142,0.0105,5.5493,0.1484,0.4510,0.1833,0.1468,-0.3763,5.5493,0.1484,0.4510,5.5709,0.1437,0.4800,1,1,5.5871,-0.1177,0.5200,0.2183,-0.1197,-0.3073,5.5871,-0.1177,0.5200,5.6609,-0.1403,0.4800,0,1,5.1849,0.1235,0.5116,-0.1814,0.1257,-0.3157,5.1849,0.1235,0.5116,5.2711,0.1396,0.4800,0,1,5.1177,-0.2056,0.4420,-0.2520,-0.2027,-0.3853,5.1177,-0.2056,0.4420,5.1871,-0.1444,0.4800,1,1
5.3713,0.0003,0.8279,-0.0130,-0.0026,5.5494,0.1484,0.4510,0.1777,0.1486,-0.3769,5.5494,0.1484,0.4510,5.5744,0.1418,0.4800,1,1,5.5936,-0.1218,0.5096,0.2226,-0.1215,-0.3183,5.5936,-0.1218,0.5096,5.6627,-0.1422,0.4800,0,1,5.1875,0.1310,0.5012,-0.1841,0.1302,-0.3267,5.1875,0.1310,0.5012,5.2766,0.1428,0.4800,0,1,5.1177,-0.2056,0.4420,-0.2531,-0.2066,-0.3859,5.1177,-0.2056,0.4420,5.1869,-0.1412,0.4800,1,1
5.3749,0.0010,0.8288,-0.0114,-0.0169,5.5494,0.1484,0.4510,0.1720,0.1503,-0.3778,5.5494,0.1484,0.4510,5.5781,0.1398,0.4800,1,1,5.6003,-0.1280,0.4975,0.2275,-0.1252,-0.3313,5.6003,-0.1280,0.4975,5.6643,-0.1442,0.4800,0,1,5.1877,0.1424,0.4891,-0.1896,0.1382,-0.3397,5.1877,0.1424,0.4891,5.2824,0.1463,0.4800,0,1,5.1177,-0.2056,0.4420,-0.2537,-0.2109,-0.3868,5.1177,-0.2056,0.4420,5.1865,-0.1376,0.4800,1,1
5.3786,0.0018,0.8299,-0.0093,-0.0322,5.5494,0.1484,0.4510,0.1660,0.1520,-0.3789,5.5494,0.1484,0.4510,5.5819,0.1375,0.4800,1,1,5.6069,-0.1358,0.4848,0.2326,-0.1302,-0.3451,5.6069,-0.1358,0.4848,5.6657,-0.1463,0.4800,0,1,5.1857,0.1572,0.4763,-0.1978,0.1491,-0.3536,5.1857,0.1572,0.4763,5.2883,0.1500,0.4800,0,1,5.1177,-0.2056,0.4420,-0.2541,-0.2157,-0.3879,5.1177,-0.2056,0.4420,5.1861,-0.1339,0.4800,1,1
5.3823,0.0025,0.8311,-0.0067,-0.0479,5.5494,0.1484,0.4510,0.1599,0.1537,-0.3801,5.5494,0.1484,0.4510,5.5857,0.1351,0.4800,1,1,5.6124,-0.1436,0.4726,0.2368,-0.1349,-0.3585,5.6124,-0.1436,0.4726,5.6671,-0.1486,0.4800,0,1,5.1833,0.1726,0.4641,-0.2069,0.1604,-0.3670,5.1833,0.1726,0.4641,5.2943,0.1537,0.4800,0,1,5.1178,-0.2057,0.4419,-0.2542,-0.2206,-0.3892,5.1178,-0.2057,0.4419,5.1857,-0.1300,0.4800,1,1
5.3861,0.0032,0.8322,-0.0037,-0.0626,5.5494,0.1486,0.4510,0.1539,0.1553,-0.3812,5.5494,0.1486,0.4510,5.5894,0.1329,0.4800,1,1,5.6162,-0.1494,0.4620,0.2392,-0.1379,-0.3702,5.6162,-0.1494,0.4620,5.6686,-0.1506,0.4800,0,1,5.1822,0.1864,0.4536,-0.2150,0.1701,-0.3786,5.1822,0.1864,0.4536,5.3004,0.1571,0.4800,0,1,5.1178,-0.2056,0.4418,-0.2547,-0.2252,-0.3904,5.1178,-0.2056,0.4418,5.1856,-0.1264,0.4800,1,1
5.3899,0.0038,0.8328,-0.0002,-0.0739,5.5494,0.1487,0.4510,0.1484,0.1563,-0.3818,5.5494,0.1487,0.4510,5.5927,0.1313,0.4800,1,1,5.6181,-0.1501,0.4542,0.2389,-0.1366,-0.3786,5.6181,-0.1501,0.4542,5.6707,-0.1520,0.4800,0,1,5.1829,0.1995,0.4459,-0.2209,0.1799,-0.3869,5.1829,0.1995,0.4459,5.3060,0.1598,0.4800,0,1,5.1178,-0.2054,0.4416,-0.2559,-0.2287,-0.3912,5.1178,-0.2054,0.4416,5.1860,-0.1234,0.4800,1,1
5.3941,0.0044,0.8322,0.0037,-0.0821,5.5484,0.1627,0.4530,0.1408,0.1704,-0.3792,5.5484,0.1627,0.4530,5.6969,0.1302,0.4800,0,1,5.6184,-0.1470,0.4508,0.2360,-0.1325,-0.3814,5.6184,-0.1470,0.4508,5.6076,-0.1528,0.4800,1,1,5.1863,0.2067,0.4433,-0.2237,0.1846,-0.3889,5.1863,0.2067,0.4433,5.2454,0.1619,0.4800,1,1,5.1206,-0.2077,0.4434,-0.2552,-0.2338,-0.3888,5.1206,-0.2077,0.4434,5.2881,-0.1211,0.4800,0,1
5.3987,0.0047,0.8313,0.0029,-0.0824,5.5643,0.1622,0.4599,0.1521,0.1706,-0.3714,5.5643,0.1622,0.4599,5.7015,0.1304,0.4800,0,1,5.6185,-0.1467,0.4507,0.2315,-0.1328,-0.3806,5.6185,-0.1467,0.4507,5.6102,-0.1526,0.4800,1,1,5.1864,0.2070,0.4434,-0.2282,0.1841,-0.3879,5.1864,0.2070,0.4434,5.2481,0.1623,0.4800,1,1,5.1333,-0.1981,0.4497,-0.2478,-0.2240,-0.3816,5.1333,-0.1981,0.4497,5.2927,-0.1208,0.4800,0,1
5.4033,0.0049,0.8309,0.0001,-0.0760,5.5819,0.1374,0.4701,0.1680,0.1457,-0.3608,5.5819,0.1374,0.4701,5.7053,0.1319,0.4800,0,1,5.6184,-0.1469,0.4508,0.2260,-0.1350,-0.3801,5.6184,-0.1469,0.4508,5.6138,-0.1512,0.4800,1,1,5.1863,0.2068,0.4434,-0.2317,0.1848,-0.3875,5.1863,0.2068,0.4434,5.2496,0.1613,0.4800,1,1,5.1630,-0.1589,0.4613,-0.2272,-0.1816,-0.3696,5.1630,-0.1589,0.4613,5.2981,-0.1219,0.4800,0,1
5.4076,0.0050,0.8304,-0.0030,-0.0703,5.5960,0.1229,0.4824,0.1797,0.1308,-0.3480,5.5960,0.1229,0.4824,5.7089,0.1332,0.4800,0,1,5.6184,-0.1470,0.4508,0.2210,-0.1368,-0.3796,5.6184,-0.1470,0.4508,5.6169,-0.1501,0.4800,1,1,5.1863,0.2067,0.4433,-0.2349,0.1857,-0.3871,5.1863,0.2067,0.4433,5.2510,0.1604,0.4800,1,1,5.1850,-0.1360,0.4738,-0.2121,-0.1563,-0.3566,5.1850,-0.1360,0.4738,5.3031,-0.1229,0.4800,0,1
5.4117,0.0050,0.8297,-0.0064,-0.0646,5.6080,0.1177,0.4955,0.1886,0.1251,-0.3342,5.6080,0.1177,0.4955,5.7123,0.1344,0.4800,0,1,5.6184,-0.1470,0.4508,0.2161,-0.1383,-0.3789,5.6184,-0.1470,0.4508,5.6200,-0.1491,0.4800,1,1,5.1863,0.2067,0.4433,-0.2380,0.1867,-0.3864,5.1863,0.2067,0.4433,5.2523,0.1593,0.4800,1,1,5.2008,-0.1258,0.4870,-0.2020,-0.1441,-0.3427,5.2008,-0.1258,0.4870,5.3080,-0.1241,0.4800,0,1
5.4158,0.0049,0.8289,-0.0094,-0.0582,5.6183,0.1155,0.5082,0.1957,0.1222,-0.3207,5.6183,0.1155,0.5082,5.7155,0.1355,0.4800,0,1,5.6184,-0.1470,0.4508,0.2111,-0.1399,-0.3781,5.6184,-0.1470,0.4508,5.6230,-0.1480,0.4800,1,1,5.1863,0.2067,0.4433,-0.2408,0.1881,-0.3856,5.1863,0.2067,0.4433,5.2534,0.1580,0.4800,1,1,5.2134,-0.1203,0.4997,-0.1948,-0.1368,-0.3292,5.2134,-0.1203,0.4997,5.3129,-0.1255,0.4800,0,1
5.4198,0.0046,0.8281,-0.0117,-0.0511,5.6273,0.1145,0.5193,0.2016,0.1204,-0.3088,5.6273,0.1145,0.5193,5.7186,0.1366,0.4800,0,1,5.6184,-0.1470,0.4508,0.2061,-0.1413,-0.3773,5.6184,-0.1470,0.4508,5.6260,-0.1470,0.4800,1,1,5.1863,0.2068,0.4433,-0.2435,0.1900,-0.3848,5.1863,0.2068,0.4433,5.2543,0.1564,0.4800,1,1,5.2239,-0.1172,0.5107,-0.1894,-0.1316,-0.3174,5.2239,-0.1172,0.5107,5.3178,-0.1272,0.4800,0,1
5.4237,0.0042,0.8274,-0.0133,-0.0434,5.6351,0.1144,0.5274,0.2064,0.1193,-0.3000,5.6351,0.1144,0.5274,5.7215,0.1377,0.4800,0,1,5.6184,-0.1470,0.4508,0.2011,-0.1426,-0.3766,5.6184,-0.1470,0.4508,5.6291,-0.1460,0.4800,1,1,5.1864,0.2067,0.4433,-0.2459,0.1920,-0.3841,5.1864,0.2067,0.4433,5.2550,0.1545,0.4800,1,1,5.2329,-0.1156,0.5188,-0.1854,-0.1280,-0.3086,5.2329,-0.1156,0.5188,5.3227,-0.1292,0.4800,0,1
5.4276,0.0037,0.8269,-0.0141,-0.0348,5.6421,0.1149,0.5313,0.2105,0.1186,-0.2956,5.6421,0.1149,0.5313,5.7242,0.1389,0.4800,0,1,5.6185,-0.1470,0.4508,0.1960,-0.1440,-0.3761,5.6185,-0.1470,0.4508,5.6323,-0.1449,0.4800,1,1,5.1864,0.2067,0.4433,-0.2481,0.1945,-0.3836,5.1864,0.2067,0.4433,5.2556,0.1524,0.4800,1,1,5.2407,-0.1152,0.5227,-0.1826,-0.1253,-0.3042,5.2407,-0.1152,0.5227,5.3277,-0.1314,0.4800,0,1
5.4314,0.0031,0.8268,-0.0141,-0.0251,5.6486,0.1161,0.5301,0.2143,0.1184,-0.2967,5.6486,0.1161,0.5301,5.7267,0.1402,0.4800,0,1,5.6185,-0.1470,0.4508,0.1908,-0.1454,-0.3760,5.6185,-0.1470,0.4508,5.6356,-0.1437,0.4800,1,1,5.1864,0.2067,0.4432,-0.2500,0.1974,-0.3836,5.1864,0.2067,0.4432,5.2560,0.1499,0.4800,1,1,5.2474,-0.1162,0.5215,-0.1809,-0.1239,-0.3053,5.2474,-0.1162,0.5215,5.3329,-0.1340,0.4800,0,1
5.4352,0.0024,0.8269,-0.0135,-0.0141,5.6548,0.1181,0.5244,0.2179,0.1188,-0.3025,5.6548,0.1181,0.5244,5.7290,0.1417,0.4800,0,1,5.6185,-0.1470,0.4509,0.1854,-0.1468,-0.3760,5.6185,-0.1470,0.4509,5.6390,-0.1423,0.4800,1,1,5.1864,0.2067,0.4432,-0.2517,0.2008,-0.3837,5.1864,0.2067,0.4432,5.2563,0.1472,0.4800,1,1,5.2529,-0.1192,0.5158,-0.1806,-0.1242,-0.3111,5.2529,-0.1192,0.5158,5.3383,-0.1368,0.4800,0,1
5.4390,0.0017,0.8274,-0.0126,-0.0018,5.6611,0.1213,0.5153,0.2219,0.1200,-0.3121,5.6611,0.1213,0.5153,5.7311,0.1434,0.4800,0,1,5.6185,-0.1471,0.4509,0.1798,-0.1485,-0.3765,5.6185,-0.1471,0.4509,5.6426,-0.1406,0.4800,1,1,5.1865,0.2067,0.4432,-0.2529,0.2045,-0.3842,5.1865,0.2067,0.4432,5.2563,0.1441,0.4800,1,1,5.2569,-0.1250,0.5067,-0.1819,-0.1270,-0.3207,5.2569,-0.1250,0.5067,5.3438,-0.1399,0.4800,0,1
5.4428,0.0010,0.8283,-0.0113,0.0119,5.6678,0.1263,0.5039,0.2265,0.1226,-0.3244,5.6678,0.1263,0.5039,5.7329,0.1452,0.4800,0,1,5.6185,-0.1470,0.4509,0.1739,-0.1501,-0.3774,5.6185,-0.1470,0.4509,5.6463,-0.1388,0.4800,1,1,5.1865,0.2067,0.4432,-0.2538,0.2087,-0.3851,5.1865,0.2067,0.4432,5.2561,0.1406,0.4800,1,1,5.2586,-0.1346,0.4953,-0.1858,-0.1334,-0.3330,5.2586,-0.1346,0.4953,5.3495,-0.1433,0.4800,0,1
5.4466,0.0002,0.8294,-0.0096,0.0268,5.6748,0.1332,0.4914,0.2317,0.1268,-0.3380,5.6748,0.1332,0.4914,5.7345,0.1473,0.4800,0,1,5.6185,-0.1470,0.4509,0.1679,-0.1518,-0.3785,5.6185,-0.1470,0.4509,5.6501,-0.1366,0.4800,1,1,5.1865,0.2068,0.4432,-0.2545,0.2135,-0.3862,5.1865,0.2068,0.4432,5.2559,0.1369,0.4800,1,1,5.2577,-0.1478,0.4827,-0.1928,-0.1429,-0.3467,5.2577,-0.1478,0.4827,5.3555,-0.1470,0.4800,0,1
5.4504,-0.0006,0.8307,-0.0075,0.0424,5.6810,0.1411,0.4788,0.2364,0.1318,-0.3519,5.6810,0.1411,0.4788,5.7360,0.1494,0.4800,0,1,5.6185,-0.1471,0.4509,0.1617,-0.1535,-0.3798,5.6185,-0.1471,0.4509,5.6541,-0.1343,0.4800,1,1,5.1866,0.2068,0.4431,-0.2548,0.2184,-0.3876,5.1866,0.2068,0.4431,5.2556,0.1330,0.4800,1,1,5.2554,-0.1633,0.4701,-0.2017,-0.1543,-0.3606,5.2554,-0.1633,0.4701,5.3616,-0.1507,0.4800,0,1
5.4543,-0.0013,0.8319,-0.0049,0.0579,5.6857,0.1480,0.4673,0.2397,0.1357,-0.3646,5.6857,0.1480,0.4673,5.7376,0.1515,0.4800,0,1,5.6185,-0.1471,0.4509,0.1555,-0.1551,-0.3810,5.6185,-0.1471,0.4509,5.6580,-0.1320,0.4800,1,1,5.1866,0.2068,0.4431,-0.2552,0.2232,-0.3888,5.1866,0.2068,0.4431,5.2554,0.1291,0.4800,1,1,5.2535,-0.1784,0.4586,-0.2107,-0.1652,-0.3733,5.2535,-0.1784,0.4586,5.3678,-0.1544,0.4800,0,1
5.4582,-0.0020,0.8329,-0.0015,0.0713,5.6893,0.1514,0.4579,0.2414,0.1365,-0.3750,5.6893,0.1514,0.4579,5.7394,0.1533,0.4800,0,1,5.6185,-0.1473,0.4509,0.1495,-0.1564,-0.3820,5.6185,-0.1473,0.4509,5.6617,-0.1300,0.4800,1,1,5.1866,0.2066,0.4429,-0.2560,0.2274,-0.3900,5.1866,0.2066,0.4429,5.2556,0.1257,0.4800,1,1,5.2528,-0.1915,0.4494,-0.2184,-0.1744,-0.3835,5.2528,-0.1915,0.4494,5.3738,-0.1576,0.4800,0,1
5.4622,-0.0028,0.8331,0.0027,0.0802,5.6906,0.1467,0.4510,0.2396,0.1307,-0.3821,5.6906,0.1467,0.4510,5.6770,0.1542,0.4800,1,1,5.6184,-0.1479,0.4509,0.1441,-0.1571,-0.3822,5.6184,-0.1479,0.4509,5.7648,-0.1289,0.4800,0,1,5.1866,0.2062,0.4427,-0.2580,0.2304,-0.3904,5.1866,0.2062,0.4427,5.3565,0.1232,0.4800,0,1,5.2570,-0.2058,0.4433,-0.2208,-0.1859,-0.3898,5.2570,-0.2058,0.4433,5.3142,-0.1599,0.4800,1,1
5.4668,-0.0032,0.8320,0.0048,0.0860,5.6907,0.1462,0.4509,0.2359,0.1296,-0.3811,5.6907,0.1462,0.4509,5.6787,0.1547,0.4800,1,1,5.6228,-0.1661,0.4561,0.1414,-0.1757,-0.3759,5.6228,-0.1661,0.4561,5.7701,-0.1282,0.4800,0,1,5.1934,0.2073,0.4470,-0.2543,0.2332,-0.3850,5.1934,0.2073,0.4470,5.3604,0.1215,0.4800,0,1,5.2571,-0.2062,0.4434,-0.2264,-0.1842,-0.3886,5.2571,-0.2062,0.4434,5.3178,-0.1615,0.4800,1,1
5.4716,-0.0035,0.8315,0.0022,0.0816,5.6906,0.1464,0.4509,0.2305,0.1316,-0.3806,5.6906,0.1464,0.4509,5.6822,0.1536,0.4800,1,1,5.6427,-0.1490,0.4645,0.1587,-0.1590,-0.3670,5.6427,-0.1490,0.4645,5.7743,-0.1294,0.4800,0,1,5.2177,0.1773,0.4563,-0.2383,0.2009,-0.3752,5.2177,0.1773,0.4563,5.3657,0.1221,0.4800,0,1,5.2570,-0.2060,0.4434,-0.2304,-0.1843,-0.3881,5.2570,-0.2060,0.4434,5.3198,-0.1610,0.4800,1,1
5.4760,-0.0038,0.8311,-0.0006,0.0755,5.6906,0.1464,0.4509,0.2253,0.1336,-0.3802,5.6906,0.1464,0.4509,5.6856,0.1523,0.4800,1,1,5.6587,-0.1275,0.4760,0.1728,-0.1371,-0.3551,5.6587,-0.1275,0.4760,5.7780,-0.1309,0.4800,0,1,5.2445,0.1459,0.4684,-0.2195,0.1667,-0.3627,5.2445,0.1459,0.4684,5.3709,0.1231,0.4800,0,1,5.2570,-0.2060,0.4434,-0.2336,-0.1851,-0.3877,5.2570,-0.2060,0.4434,5.3213,-0.1601,0.4800,1,1
5.4803,-0.0039,0.8304,-0.0042,0.0698,5.6906,0.1464,0.4509,0.2203,0.1353,-0.3795,5.6906,0.1464,0.4509,5.6887,0.1511,0.4800,1,1,5.6719,-0.1191,0.4889,0.1831,-0.1283,-0.3415,5.6719,-0.1191,0.4889,5.7815,-0.1322,0.4800,0,1,5.2626,0.1320,0.4813,-0.2077,0.1508,-0.3491,5.2626,0.1320,0.4813,5.3759,0.1241,0.4800,0,1,5.2570,-0.2060,0.4434,-0.2369,-0.1860,-0.3870,5.2570,-0.2060,0.4434,5.3227,-0.1592,0.4800,1,1
5.4844,-0.0039,0.8296,-0.0075,0.0635,5.6906,0.1464,0.4510,0.2153,0.1369,-0.3786,5.6906,0.1464,0.4510,5.6918,0.1500,0.4800,1,1,5.6832,-0.1155,0.5020,0.1913,-0.1240,-0.3276,5.6832,-0.1155,0.5020,5.7848,-0.1335,0.4800,0,1,5.2769,0.1248,0.4944,-0.1989,0.1416,-0.3352,5.2769,0.1248,0.4944,5.3808,0.1254,0.4800,0,1,5.2570,-0.2060,0.4434,-0.2398,-0.1873,-0.3862,5.2570,-0.2060,0.4434,5.3238,-0.1580,0.4800,1,1
5.4884,-0.0038,0.8288,-0.0102,0.0565,5.6906,0.1464,0.4510,0.2104,0.1385,-0.3778,5.6906,0.1464,0.4510,5.6949,0.1488,0.4800,1,1,5.6929,-0.1140,0.5140,0.1980,-0.1216,-0.3148,5.6929,-0.1140,0.5140,5.7879,-0.1347,0.4800,0,1,5.2885,0.1209,0.5064,-0.1925,0.1358,-0.3224,5.2885,0.1209,0.5064,5.3857,0.1270,0.4800,0,1,5.2570,-0.2060,0.4434,-0.2424,-0.1888,-0.3854,5.2570,-0.2060,0.4434,5.3247,-0.1565,0.4800,1,1
5.4923,-0.0035,0.8280,-0.0122,0.0488,5.6906,0.1464,0.4510,0.2054,0.1400,-0.3770,5.6906,0.1464,0.4510,5.6980,0.1477,0.4800,1,1,5.7012,-0.1135,0.5238,0.2033,-0.1201,-0.3042,5.7012,-0.1135,0.5238,5.7908,-0.1360,0.4800,0,1,5.2983,0.1187,0.5162,-0.1878,0.1315,-0.3118,5.2983,0.1187,0.5162,5.3906,0.1288,0.4800,0,1,5.2570,-0.2060,0.4434,-0.2449,-0.1908,-0.3846,5.2570,-0.2060,0.4434,5.3255,-0.1548,0.4800,1,1
5.4962,-0.0031,0.8274,-0.0133,0.0403,5.6906,0.1464,0.4510,0.2003,0.1415,-0.3764,5.6906,0.1464,0.4510,5.7011,0.1465,0.4800,1,1,5.7086,-0.1136,0.5299,0.2078,-0.1190,-0.2975,5.7086,-0.1136,0.5299,5.7936,-0.1372,0.4800,0,1,5.3068,0.1177,0.5223,-0.1844,0.1283,-0.3051,5.3068,0.1177,0.5223,5.3956,0.1309,0.4800,0,1,5.2571,-0.2060,0.4434,-0.2471,-0.1931,-0.3840,5.2571,-0.2060,0.4434,5.3261,-0.1528,0.4800,1,1
5.5000,-0.0026,0.8270,-0.0137,0.0310,5.6907,0.1465,0.4510,0.1952,0.1431,-0.3760,5.6907,0.1465,0.4510,5.7044,0.1453,0.4800,1,1,5.7153,-0.1144,0.5313,0.2117,-0.1184,-0.2957,5.7153,-0.1144,0.5313,5.7962,-0.1385,0.4800,0,1,5.3142,0.1179,0.5237,-0.1820,0.1262,-0.3033,5.3142,0.1179,0.5237,5.4007,0.1333,0.4800,0,1,5.2571,-0.2060,0.4433,-0.2491,-0.1958,-0.3837,5.2571,-0.2060,0.4433,5.3265,-0.1505,0.4800,1,1
5.5038,-0.0019,0.8270,-0.0134,0.0205,5.6907,0.1465,0.4510,0.1899,0.1445,-0.3760,5.6907,0.1465,0.4510,5.7077,0.1440,0.4800,1,1,5.7215,-0.1159,0.5277,0.2153,-0.1184,-0.2993,5.7215,-0.1159,0.5277,5.7985,-0.1400,0.4800,0,1,5.3205,0.1197,0.5201,-0.1808,0.1253,-0.3069,5.3205,0.1197,0.5201,5.4060,0.1360,0.4800,0,1,5.2571,-0.2060,0.4433,-0.2508,-0.1990,-0.3837,5.2571,-0.2060,0.4433,5.3268,-0.1479,0.4800,1,1
5.5076,-0.0013,0.8273,-0.0126,0.0088,5.6907,0.1465,0.4510,0.1844,0.1462,-0.3763,5.6907,0.1465,0.4510,5.7111,0.1424,0.4800,1,1,5.7275,-0.1183,0.5202,0.2189,-0.1189,-0.3071,5.7275,-0.1183,0.5202,5.8006,-0.1416,0.4800,0,1,5.3257,0.1237,0.5126,-0.1808,0.1266,-0.3147,5.3257,0.1237,0.5126,5.4114,0.1390,0.4800,0,1,5.2571,-0.2060,0.4433,-0.2523,-0.2025,-0.3840,5.2571,-0.2060,0.4433,5.3269,-0.1450,0.4800,1,1
5.5113,-0.0005,0.8280,-0.0114,-0.0042,5.6907,0.1465,0.4510,0.1788,0.1478,-0.3770,5.6907,0.1465,0.4510,5.7147,0.1407,0.4800,1,1,5.7338,-0.1221,0.5098,0.2230,-0.1207,-0.3182,5.7338,-0.1221,0.5098,5.8025,-0.1433,0.4800,0,1,5.3291,0.1306,0.5021,-0.1827,0.1303,-0.3259,5.3291,0.1306,0.5021,5.4169,0.1423,0.4800,0,1,5.2571,-0.2060,0.4433,-0.2533,-0.2066,-0.3847,5.2571,-0.2060,0.4433,5.3267,-0.1417,0.4800,1,1
5.5150,0.0002,0.8289,-0.0098,-0.0183,5.6907,0.1465,0.4510,0.1730,0.1495,-0.3779,5.6907,0.1465,0.4510,5.7184,0.1387,0.4800,1,1,5.7404,-0.1278,0.4977,0.2277,-0.1239,-0.3312,5.7404,-0.1278,0.4977,5.8042,-0.1453,0.4800,0,1,5.3303,0.1412,0.4900,-0.1872,0.1376,-0.3389,5.3303,0.1412,0.4900,5.4227,0.1458,0.4800,0,1,5.2572,-0.2060,0.4433,-0.2540,-0.2109,-0.3856,5.2572,-0.2060,0.4433,5.3265,-0.1382,0.4800,1,1
5.5187,0.0010,0.8301,-0.0078,-0.0333,5.6907,0.1465,0.4510,0.1671,0.1511,-0.3791,5.6907,0.1465,0.4510,5.7222,0.1366,0.4800,1,1,5.7469,-0.1352,0.4850,0.2326,-0.1285,-0.3451,5.7469,-0.1352,0.4850,5.8057,-0.1473,0.4800,0,1,5.3289,0.1553,0.4773,-0.1948,0.1479,-0.3528,5.3289,0.1553,0.4773,5.4286,0.1494,0.4800,0,1,5.2572,-0.2061,0.4432,-0.2545,-0.2157,-0.3869,5.2572,-0.2061,0.4432,5.3261,-0.1344,0.4800,1,1
5.5225,0.0018,0.8313,-0.0052,-0.0487,5.6907,0.1465,0.4510,0.1610,0.1527,-0.3803,5.6907,0.1465,0.4510,5.7260,0.1343,0.4800,1,1,5.7525,-0.1428,0.4728,0.2368,-0.1332,-0.3585,5.7525,-0.1428,0.4728,5.8072,-0.1493,0.4800,0,1,5.3263,0.1705,0.4650,-0.2042,0.1589,-0.3663,5.3263,0.1705,0.4650,5.4346,0.1531,0.4800,0,1,5.2573,-0.2061,0.4432,-0.2548,-0.2206,-0.3881,5.2573,-0.2061,0.4432,5.3258,-0.1305,0.4800,1,1
5.5263,0.0026,0.8324,-0.0019,-0.0629,5.6907,0.1466,0.4511,0.1550,0.1540,-0.3813,5.6907,0.1466,0.4511,5.7296,0.1322,0.4800,1,1,5.7567,-0.1486,0.4623,0.2394,-0.1364,-0.3701,5.7567,-0.1486,0.4623,5.8088,-0.1512,0.4800,0,1,5.3245,0.1848,0.4545,-0.2129,0.1692,-0.3779,5.3245,0.1848,0.4545,5.4406,0.1566,0.4800,0,1,5.2573,-0.2060,0.4431,-0.2554,-0.2251,-0.3893,5.2573,-0.2060,0.4431,5.3257,-0.1269,0.4800,1,1
5.5301,0.0033,0.8331,0.0019,-0.0740,5.6908,0.1469,0.4511,0.1496,0.1551,-0.3820,5.6908,0.1469,0.4511,5.7329,0.1308,0.4800,1,1,5.7593,-0.1492,0.4544,0.2398,-0.1351,-0.3787,5.7593,-0.1492,0.4544,5.8109,-0.1524,0.4800,0,1,5.3240,0.1985,0.4468,-0.2200,0.1794,-0.3863,5.3240,0.1985,0.4468,5.4461,0.1594,0.4800,0,1,5.2573,-0.2058,0.4428,-0.2566,-0.2287,-0.3903,5.2573,-0.2058,0.4428,5.3261,-0.1239,0.4800,1,1
5.5343,0.0041,0.8324,0.0057,-0.0821,5.6896,0.1608,0.4531,0.1419,0.1689,-0.3793,5.6896,0.1608,0.4531,5.8371,0.1299,0.4800,0,1,5.7604,-0.1457,0.4510,0.2376,-0.1308,-0.3814,5.7604,-0.1457,0.4510,5.7478,-0.1532,0.4800,1,1,5.3265,0.2060,0.4442,-0.2237,0.1842,-0.3882,5.3265,0.2060,0.4442,5.3856,0.1616,0.4800,1,1,5.2600,-0.2077,0.4445,-0.2560,-0.2336,-0.3879,5.2600,-0.2077,0.4445,5.4283,-0.1215,0.4800,0,1
5.5389,0.0044,0.8316,0.0048,-0.0821,5.7052,0.1601,0.4599,0.1530,0.1688,-0.3717,5.7052,0.1601,0.4599,5.8417,0.1302,0.4800,0,1,5.7605,-0.1455,0.4510,0.2331,-0.1312,-0.3806,5.7605,-0.1455,0.4510,5.7504,-0.1528,0.4800,1,1,5.3265,0.2062,0.4443,-0.2282,0.1837,-0.3873,5.3265,0.2062,0.4443,5.3882,0.1620,0.4800,1,1,5.2734,-0.1964,0.4509,-0.2481,-0.2219,-0.3807,5.2734,-0.1964,0.4509,5.4329,-0.1211,0.4800,0,1
5.5435,0.0047,0.8312,0.0019,-0.0759,5.7227,0.1362,0.4701,0.1687,0.1447,-0.3611,5.7227,0.1362,0.4701,5.8455,0.1318,0.4800,0,1,5.7604,-0.1456,0.4510,0.2277,-0.1334,-0.3802,5.7604,-0.1456,0.4510,5.7540,-0.1514,0.4800,1,1,5.3264,0.2061,0.4443,-0.2317,0.1844,-0.3869,5.3264,0.2061,0.4443,5.3898,0.1611,0.4800,1,1,5.3026,-0.1587,0.4623,-0.2278,-0.1812,-0.3689,5.3026,-0.1587,0.4623,5.4383,-0.1221,0.4800,0,1
5.5478,0.0049,0.8307,-0.0015,-0.0702,5.7367,0.1226,0.4824,0.1802,0.1307,-0.3483,5.7367,0.1226,0.4824,5.8491,0.1331,0.4800,0,1,5.7604,-0.1456,0.4510,0.2226,-0.1352,-0.3797,5.7604,-0.1456,0.4510,5.7571,-0.1502,0.4800,1,1,5.3264,0.2061,0.4443,-0.2350,0.1852,-0.3864,5.3264,0.2061,0.4443,5.3912,0.1603,0.4800,1,1,5.3243,-0.1372,0.4748,-0.2130,-0.1574,-0.3559,5.3243,-0.1372,0.4748,5.4433,-0.1230,0.4800,0,1
5.5519,0.0050,0.8299,-0.0050,-0.0644,5.7487,0.1176,0.4955,0.1891,0.1250,-0.3344,5.7487,0.1176,0.4955,5.8525,0.1343,0.4800,0,1,5.7604,-0.1457,0.4510,0.2178,-0.1370,-0.3789,5.7604,-0.1457,0.4510,5.7602,-0.1491,0.4800,1,1,5.3265,0.2061,0.4443,-0.2379,0.1862,-0.3856,5.3265,0.2061,0.4443,5.3925,0.1592,0.4800,1,1,5.3401,-0.1274,0.4880,-0.2028,-0.1458,-0.3419,5.3401,-0.1274,0.4880,5.4482,-0.1242,0.4800,0,1
5.5560,0.0049,0.8291,-0.0081,-0.0579,5.7589,0.1154,0.5082,0.1962,0.1221,-0.3209,5.7589,0.1154,0.5082,5.8557,0.1355,0.4800,0,1,5.7604,-0.1457,0.4510,0.2128,-0.1385,-0.3781,5.7604,-0.1457,0.4510,5.7633,-0.1480,0.4800,1,1,5.3265,0.2061,0.4442,-0.2408,0.1876,-0.3849,5.3265,0.2061,0.4442,5.3935,0.1579,0.4800,1,1,5.3528,-0.1221,0.5007,-0.1955,-0.1385,-0.3284,5.3528,-0.1221,0.5007,5.4531,-0.1256,0.4800,0,1
5.5600,0.0046,0.8283,-0.0105,-0.0507,5.7677,0.1145,0.5193,0.2019,0.1203,-0.3090,5.7677,0.1145,0.5193,5.8587,0.1367,0.4800,0,1,5.7604,-0.1457,0.4510,0.2078,-0.1400,-0.3773,5.7604,-0.1457,0.4510,5.7663,-0.1469,0.4800,1,1,5.3265,0.2061,0.4442,-0.2434,0.1894,-0.3841,5.3265,0.2061,0.4442,5.3944,0.1563,0.4800,1,1,5.3635,-0.1190,0.5117,-0.1900,-0.1334,-0.3166,5.3635,-0.1190,0.5117,5.4580,-0.1273,0.4800,0,1
5.5639,0.0042,0.8276,-0.0121,-0.0429,5.7755,0.1144,0.5274,0.2067,0.1192,-0.3002,5.7755,0.1144,0.5274,5.8616,0.1379,0.4800,0,1,5.7604,-0.1457,0.4510,0.2027,-0.1413,-0.3766,5.7604,-0.1457,0.4510,5.7694,-0.1459,0.4800,1,1,5.3265,0.2061,0.4442,-0.2458,0.1915,-0.3834,5.3265,0.2061,0.4442,5.3951,0.1544,0.4800,1,1,5.3726,-0.1175,0.5198,-0.1859,-0.1298,-0.3078,5.3726,-0.1175,0.5198,5.4630,-0.1293,0.4800,0,1
5.5678,0.0037,0.8271,-0.0129,-0.0341,5.7824,0.1148,0.5313,0.2107,0.1184,-0.2958,5.7824,0.1148,0.5313,5.8643,0.1391,0.4800,0,1,5.7605,-0.1457,0.4510,0.1977,-0.1427,-0.3761,5.7605,-0.1457,0.4510,5.7726,-0.1447,0.4800,1,1,5.3266,0.2061,0.4442,-0.2480,0.1941,-0.3829,5.3266,0.2061,0.4442,5.3957,0.1523,0.4800,1,1,5.3805,-0.1171,0.5237,-0.1831,-0.1271,-0.3034,5.3805,-0.1171,0.5237,5.4680,-0.1315,0.4800,0,1
5.5716,0.0031,0.8270,-0.0129,-0.0243,5.7887,0.1158,0.5301,0.2143,0.1179,-0.2969,5.7887,0.1158,0.5301,5.8668,0.1404,0.4800,0,1,5.7605,-0.1457,0.4511,0.1925,-0.1442,-0.3759,5.7605,-0.1457,0.4511,5.7759,-0.1435,0.4800,1,1,5.3266,0.2061,0.4442,-0.2499,0.1970,-0.3828,5.3266,0.2061,0.4442,5.3961,0.1498,0.4800,1,1,5.3874,-0.1180,0.5226,-0.1812,-0.1255,-0.3044,5.3874,-0.1180,0.5226,5.4732,-0.1341,0.4800,0,1
5.5754,0.0024,0.8271,-0.0122,-0.0134,5.7948,0.1176,0.5244,0.2178,0.1181,-0.3027,5.7948,0.1176,0.5244,5.8691,0.1418,0.4800,0,1,5.7605,-0.1457,0.4511,0.1871,-0.1456,-0.3760,5.7605,-0.1457,0.4511,5.7793,-0.1422,0.4800,1,1,5.3266,0.2060,0.4442,-0.2515,0.2002,-0.3829,5.3266,0.2060,0.4442,5.3963,0.1470,0.4800,1,1,5.3932,-0.1208,0.5168,-0.1805,-0.1256,-0.3103,5.3932,-0.1208,0.5168,5.4786,-0.1370,0.4800,0,1
5.5792,0.0016,0.8276,-0.0111,-0.0011,5.8009,0.1205,0.5153,0.2216,0.1191,-0.3123,5.8009,0.1205,0.5153,5.8712,0.1434,0.4800,0,1,5.7605,-0.1457,0.4511,0.1815,-0.1471,-0.3765,5.7605,-0.1457,0.4511,5.7829,-0.1406,0.4800,1,1,5.3266,0.2060,0.4441,-0.2528,0.2041,-0.3835,5.3266,0.2060,0.4441,5.3964,0.1439,0.4800,1,1,5.3977,-0.1262,0.5077,-0.1814,-0.1280,-0.3199,5.3977,-0.1262,0.5077,5.4841,-0.1401,0.4800,0,1
5.5830,0.0008,0.8285,-0.0097,0.0124,5.8074,0.1251,0.5039,0.2259,0.1215,-0.3246,5.8074,0.1251,0.5039,5.8730,0.1452,0.4800,0,1,5.7605,-0.1457,0.4511,0.1757,-0.1487,-0.3774,5.7605,-0.1457,0.4511,5.7865,-0.1388,0.4800,1,1,5.3267,0.2061,0.4441,-0.2537,0.2085,-0.3844,5.3267,0.2061,0.4441,5.3962,0.1404,0.4800,1,1,5.4002,-0.1350,0.4963,-0.1845,-0.1335,-0.3322,5.4002,-0.1350,0.4963,5.4898,-0.1436,0.4800,0,1
5.5868,0.0000,0.8296,-0.0079,0.0270,5.8140,0.1316,0.4914,0.2307,0.1254,-0.3382,5.8140,0.1316,0.4914,5.8747,0.1471,0.4800,0,1,5.7605,-0.1457,0.4511,0.1697,-0.1503,-0.3785,5.7605,-0.1457,0.4511,5.7903,-0.1368,0.4800,1,1,5.3267,0.2061,0.4441,-0.2544,0.2130,-0.3855,5.3267,0.2061,0.4441,5.3960,0.1367,0.4800,1,1,5.4002,-0.1475,0.4837,-0.1905,-0.1424,-0.3459,5.4002,-0.1475,0.4837,5.4957,-0.1472,0.4800,0,1
5.5905,-0.0008,0.8309,-0.0055,0.0422,5.8202,0.1392,0.4788,0.2354,0.1302,-0.3521,5.8202,0.1392,0.4788,5.8762,0.1491,0.4800,0,1,5.7605,-0.1457,0.4511,0.1637,-0.1519,-0.3798,5.7605,-0.1457,0.4511,5.7942,-0.1346,0.4800,1,1,5.3267,0.2061,0.4441,-0.2548,0.2178,-0.3868,5.3267,0.2061,0.4441,5.3957,0.1328,0.4800,1,1,5.3981,-0.1624,0.4711,-0.1990,-0.1533,-0.3598,5.3981,-0.1624,0.4711,5.5017,-0.1509,0.4800,0,1
5.5943,-0.0017,0.8321,-0.0025,0.0572,5.8252,0.1460,0.4673,0.2390,0.1343,-0.3648,5.8252,0.1460,0.4673,5.8777,0.1511,0.4800,0,1,5.7605,-0.1458,0.4511,0.1577,-0.1534,-0.3810,5.7605,-0.1458,0.4511,5.7980,-0.1325,0.4800,1,1,5.3268,0.2061,0.4440,-0.2552,0.2228,-0.3881,5.3268,0.2061,0.4440,5.3956,0.1290,0.4800,1,1,5.3957,-0.1775,0.4596,-0.2083,-0.1642,-0.3725,5.3957,-0.1775,0.4596,5.5078,-0.1546,0.4800,0,1
5.5982,-0.0025,0.8330,0.0012,0.0700,5.8289,0.1498,0.4580,0.2408,0.1358,-0.3750,5.8289,0.1498,0.4580,5.8796,0.1526,0.4800,0,1,5.7605,-0.1460,0.4511,0.1519,-0.1545,-0.3819,5.7605,-0.1460,0.4511,5.8015,-0.1307,0.4800,1,1,5.3268,0.2060,0.4439,-0.2562,0.2270,-0.3891,5.3268,0.2060,0.4439,5.3958,0.1256,0.4800,1,1,5.3943,-0.1912,0.4503,-0.2166,-0.1740,-0.3827,5.3943,-0.1912,0.4503,5.5136,-0.1577,0.4800,0,1
5.6021,-0.0033,0.8332,0.0052,0.0788,5.8314,0.1454,0.4511,0.2403,0.1302,-0.3821,5.8314,0.1454,0.4511,5.8172,0.1534,0.4800,1,1,5.7604,-0.1466,0.4511,0.1465,-0.1553,-0.3821,5.7604,-0.1466,0.4511,5.9045,-0.1297,0.4800,0,1,5.3268,0.2055,0.4436,-0.2580,0.2298,-0.3896,5.3268,0.2055,0.4436,5.4966,0.1230,0.4800,0,1,5.3967,-0.2056,0.4443,-0.2207,-0.1855,-0.3889,5.3967,-0.2056,0.4443,5.4539,-0.1602,0.4800,1,1
5.6067,-0.0038,0.8322,0.0071,0.0844,5.8315,0.1450,0.4510,0.2365,0.1293,-0.3812,5.8315,0.1450,0.4510,5.8188,0.1538,0.4800,1,1,5.7650,-0.1639,0.4562,0.1442,-0.1729,-0.3760,5.7650,-0.1639,0.4562,5.9098,-0.1292,0.4800,0,1,5.3337,0.2062,0.4479,-0.2543,0.2323,-0.3843,5.3337,0.2062,0.4479,5.5004,0.1212,0.4800,0,1,5.3968,-0.2060,0.4444,-0.2262,-0.1838,-0.3878,5.3968,-0.2060,0.4444,5.4574,-0.1618,0.4800,1,1
5.6114,-0.0042,0.8316,0.0044,0.0800,5.8314,0.1451,0.4510,0.2312,0.1312,-0.3806,5.8314,0.1451,0.4510,5.8222,0.1527,0.4800,1,1,5.7842,-0.1475,0.4647,0.1608,-0.1567,-0.3669,5.7842,-0.1475,0.4647,5.9139,-0.1304,0.4800,0,1,5.3580,0.1762,0.4572,-0.2382,0.2001,-0.3744,5.3580,0.1762,0.4572,5.5057,0.1218,0.4800,0,1,5.3967,-0.2058,0.4444,-0.2301,-0.1838,-0.3872,5.3967,-0.2058,0.4444,5.4594,-0.1613,0.4800,1,1
5.6158,-0.0045,0.8312,0.0012,0.0740,5.8314,0.1451,0.4510,0.2261,0.1333,-0.3802,5.8314,0.1451,0.4510,5.8256,0.1513,0.4800,1,1,5.7999,-0.1274,0.4761,0.1745,-0.1362,-0.3551,5.7999,-0.1274,0.4761,5.9176,-0.1319,0.4800,0,1,5.3841,0.1461,0.4692,-0.2199,0.1673,-0.3620,5.3841,0.1461,0.4692,5.5109,0.1227,0.4800,0,1,5.3966,-0.2058,0.4444,-0.2335,-0.1845,-0.3868,5.3966,-0.2058,0.4444,5.4609,-0.1605,0.4800,1,1
5.6201,-0.0046,0.8305,-0.0026,0.0684,5.8314,0.1451,0.4510,0.2210,0.1349,-0.3795,5.8314,0.1451,0.4510,5.8287,0.1501,0.4800,1,1,5.8129,-0.1196,0.4890,0.1845,-0.1279,-0.3415,5.8129,-0.1196,0.4890,5.9211,-0.1332,0.4800,0,1,5.4021,0.1327,0.4821,-0.2081,0.1519,-0.3484,5.4021,0.1327,0.4821,5.5158,0.1237,0.4800,0,1,5.3967,-0.2058,0.4444,-0.2366,-0.1855,-0.3861,5.3967,-0.2058,0.4444,5.4622,-0.1596,0.4800,1,1
5.6242,-0.0046,0.8297,-0.0060,0.0621,5.8314,0.1451,0.4510,0.2161,0.1366,-0.3787,5.8314,0.1451,0.4510,5.8318,0.1490,0.4800,1,1,5.8240,-0.1162,0.5021,0.1925,-0.1238,-0.3276,5.8240,-0.1162,0.5021,5.9244,-0.1345,0.4800,0,1,5.4163,0.1256,0.4952,-0.1994,0.1429,-0.3345,5.4163,0.1256,0.4952,5.5207,0.1250,0.4800,0,1,5.3967,-0.2058,0.4444,-0.2395,-0.1867,-0.3853,5.3967,-0.2058,0.4444,5.4634,-0.1585,0.4800,1,1
5.6282,-0.0045,0.8288,-0.0089,0.0551,5.8314,0.1451,0.4510,0.2111,0.1382,-0.3778,5.8314,0.1451,0.4510,5.8349,0.1479,0.4800,1,1,5.8335,-0.1147,0.5141,0.1989,-0.1213,-0.3147,5.8335,-0.1147,0.5141,5.9275,-0.1357,0.4800,0,1,5.4280,0.1217,0.5072,-0.1929,0.1370,-0.3216,5.4280,0.1217,0.5072,5.5257,0.1266,0.4800,0,1,5.3967,-0.2058,0.4443,-0.2422,-0.1882,-0.3845,5.3967,-0.2058,0.4443,5.4643,-0.1570,0.4800,1,1
5.6321,-0.0042,0.8281,-0.0109,0.0474,5.8314,0.1452,0.4510,0.2062,0.1398,-0.3771,5.8314,0.1452,0.4510,5.8380,0.1467,0.4800,1,1,5.8417,-0.1143,0.5239,0.2041,-0.1199,-0.3042,5.8417,-0.1143,0.5239,5.9305,-0.1369,0.4800,0,1,5.4379,0.1196,0.5169,-0.1881,0.1329,-0.3112,5.4379,0.1196,0.5169,5.5306,0.1284,0.4800,0,1,5.3967,-0.2058,0.4443,-0.2447,-0.1902,-0.3838,5.3967,-0.2058,0.4443,5.4651,-0.1553,0.4800,1,1
5.6360,-0.0038,0.8274,-0.0122,0.0390,5.8314,0.1452,0.4511,0.2011,0.1413,-0.3763,5.8314,0.1452,0.4511,5.8411,0.1456,0.4800,1,1,5.8490,-0.1144,0.5300,0.2085,-0.1188,-0.2974,5.8490,-0.1144,0.5300,5.9332,-0.1382,0.4800,0,1,5.4465,0.1185,0.5231,-0.1846,0.1296,-0.3043,5.4465,0.1185,0.5231,5.5356,0.1305,0.4800,0,1,5.3968,-0.2058,0.4443,-0.2469,-0.1925,-0.3831,5.3968,-0.2058,0.4443,5.4657,-0.1533,0.4800,1,1
5.6399,-0.0032,0.8271,-0.0126,0.0297,5.8315,0.1452,0.4511,0.1959,0.1426,-0.3760,5.8315,0.1452,0.4511,5.8444,0.1444,0.4800,1,1,5.8556,-0.1150,0.5314,0.2123,-0.1182,-0.2957,5.8556,-0.1150,0.5314,5.9358,-0.1395,0.4800,0,1,5.4540,0.1187,0.5245,-0.1822,0.1274,-0.3026,5.4540,0.1187,0.5245,5.5408,0.1329,0.4800,0,1,5.3968,-0.2058,0.4443,-0.2490,-0.1953,-0.3828,5.3968,-0.2058,0.4443,5.4662,-0.1509,0.4800,1,1
5.6437,-0.0026,0.8271,-0.0122,0.0192,5.8315,0.1452,0.4511,0.1906,0.1442,-0.3760,5.8315,0.1452,0.4511,5.8478,0.1431,0.4800,1,1,5.8617,-0.1164,0.5278,0.2158,-0.1180,-0.2993,5.8617,-0.1164,0.5278,5.9382,-0.1408,0.4800,0,1,5.4606,0.1204,0.5209,-0.1807,0.1265,-0.3062,5.4606,0.1204,0.5209,5.5460,0.1357,0.4800,0,1,5.3968,-0.2058,0.4443,-0.2508,-0.1984,-0.3828,5.3968,-0.2058,0.4443,5.4665,-0.1483,0.4800,1,1
5.6475,-0.0018,0.8274,-0.0113,0.0075,5.8315,0.1452,0.4511,0.1851,0.1456,-0.3763,5.8315,0.1452,0.4511,5.8512,0.1416,0.4800,1,1,5.8677,-0.1186,0.5203,0.2193,-0.1184,-0.3071,5.8677,-0.1186,0.5203,5.9404,-0.1424,0.4800,0,1,5.4660,0.1242,0.5133,-0.1805,0.1274,-0.3141,5.4660,0.1242,0.5133,5.5514,0.1387,0.4800,0,1,5.3968,-0.2058,0.4442,-0.2522,-0.2021,-0.3832,5.3968,-0.2058,0.4442,5.4666,-0.1453,0.4800,1,1
5.6513,-0.0010,0.8281,-0.0101,-0.0054,5.8315,0.1452,0.4511,0.1794,0.1472,-0.3770,5.8315,0.1452,0.4511,5.8548,0.1399,0.4800,1,1,5.8738,-0.1221,0.5099,0.2232,-0.1199,-0.3182,5.8738,-0.1221,0.5099,5.9423,-0.1441,0.4800,0,1,5.4700,0.1307,0.5029,-0.1820,0.1307,-0.3252,5.4700,0.1307,0.5029,5.5570,0.1420,0.4800,0,1,5.3968,-0.2058,0.4442,-0.2534,-0.2062,-0.3839,5.3968,-0.2058,0.4442,5.4665,-0.1420,0.4800,1,1
5.6550,-0.0002,0.8291,-0.0086,-0.0194,5.8315,0.1452,0.4511,0.1736,0.1488,-0.3780,5.8315,0.1452,0.4511,5.8585,0.1380,0.4800,1,1,5.8802,-0.1274,0.4978,0.2276,-0.1228,-0.3313,5.8802,-0.1274,0.4978,5.9440,-0.1459,0.4800,0,1,5.4720,0.1406,0.4908,-0.1857,0.1372,-0.3383,5.4720,0.1406,0.4908,5.5628,0.1455,0.4800,0,1,5.3969,-0.2058,0.4442,-0.2541,-0.2106,-0.3849,5.3969,-0.2058,0.4442,5.4663,-0.1384,0.4800,1,1
5.6587,0.0006,0.8303,-0.0066,-0.0343,5.8315,0.1452,0.4511,0.1677,0.1504,-0.3792,5.8315,0.1452,0.4511,5.8623,0.1360,0.4800,1,1,5.8866,-0.1345,0.4851,0.2324,-0.1272,-0.3452,5.8866,-0.1345,0.4851,5.9456,-0.1479,0.4800,0,1,5.4714,0.1539,0.4780,-0.1924,0.1468,-0.3523,5.4714,0.1539,0.4780,5.5687,0.1492,0.4800,0,1,5.3969,-0.2058,0.4442,-0.2546,-0.2153,-0.3861,5.3969,-0.2058,0.4442,5.4660,-0.1346,0.4800,1,1
5.6625,0.0015,0.8316,-0.0039,-0.0493,5.8315,0.1452,0.4511,0.1617,0.1519,-0.3805,5.8315,0.1452,0.4511,5.8661,0.1338,0.4800,1,1,5.8923,-0.1418,0.4729,0.2366,-0.1318,-0.3587,5.8923,-0.1418,0.4729,5.9471,-0.1498,0.4800,0,1,5.4690,0.1686,0.4658,-0.2015,0.1574,-0.3658,5.4690,0.1686,0.4658,5.5748,0.1529,0.4800,0,1,5.3970,-0.2059,0.4441,-0.2550,-0.2202,-0.3875,5.3970,-0.2059,0.4441,5.4657,-0.1307,0.4800,1,1
5.6663,0.0023,0.8327,-0.0005,-0.0633,5.8315,0.1453,0.4511,0.1558,0.1532,-0.3816,5.8315,0.1453,0.4511,5.8697,0.1319,0.4800,1,1,5.8967,-0.1476,0.4624,0.2394,-0.1350,-0.3703,5.8967,-0.1476,0.4624,5.9487,-0.1515,0.4800,0,1,5.4665,0.1830,0.4553,-0.2108,0.1677,-0.3774,5.4665,0.1830,0.4553,5.5807,0.1564,0.4800,0,1,5.3970,-0.2058,0.4441,-0.2556,-0.2247,-0.3886,5.3970,-0.2058,0.4441,5.4657,-0.1271,0.4800,1,1
5.6701,0.0031,0.8334,0.0035,-0.0740,5.8316,0.1456,0.4512,0.1505,0.1541,-0.3822,5.8316,0.1456,0.4512,5.8729,0.1306,0.4800,1,1,5.9001,-0.1484,0.4545,0.2406,-0.1341,-0.3789,5.9001,-0.1484,0.4545,5.9509,-0.1527,0.4800,0,1,5.4652,0.1973,0.4476,-0.2187,0.1785,-0.3858,5.4652,0.1973,0.4476,5.5862,0.1592,0.4800,0,1,5.3970,-0.2056,0.4438,-0.2569,-0.2283,-0.3896,5.3970,-0.2056,0.4438,5.4662,-0.1240,0.4800,1,1
5.6743,0.0039,0.8327,0.0070,-0.0820,5.8304,0.1595,0.4531,0.1428,0.1679,-0.3796,5.8304,0.1595,0.4531,5.9771,0.1297,0.4800,0,1,5.9018,-0.1448,0.4511,0.2389,-0.1296,-0.3816,5.9018,-0.1448,0.4511,5.8878,-0.1533,0.4800,1,1,5.4666,0.2050,0.4449,-0.2235,0.1834,-0.3878,5.4666,0.2050,0.4449,5.5256,0.1614,0.4800,1,1,5.3997,-0.2074,0.4454,-0.2564,-0.2331,-0.3873,5.3997,-0.2074,0.4454,5.5683,-0.1216,0.4800,0,1
5.6790,0.0044,0.8318,0.0060,-0.0819,5.8457,0.1586,0.4600,0.1535,0.1673,-0.3718,5.8457,0.1586,0.4600,5.9817,0.1302,0.4800,0,1,5.9019,-0.1446,0.4511,0.2343,-0.1303,-0.3807,5.9019,-0.1446,0.4511,5.8905,-0.1529,0.4800,1,1,5.4666,0.2053,0.4451,-0.2281,0.1829,-0.3867,5.4666,0.2053,0.4451,5.5282,0.1618,0.4800,1,1,5.4135,-0.1951,0.4519,-0.2483,-0.2206,-0.3799,5.4135,-0.1951,0.4519,5.5730,-0.1212,0.4800,0,1
5.6835,0.0047,0.8314,0.0030,-0.0757,5.8631,0.1355,0.4701,0.1692,0.1440,-0.3613,5.8631,0.1355,0.4701,5.9855,0.1318,0.4800,0,1,5.9018,-0.1447,0.4511,0.2290,-0.1325,-0.3803,5.9018,-0.1447,0.4511,5.8940,-0.1514,0.4800,1,1,5.4665,0.2051,0.4450,-0.2315,0.1834,-0.3864,5.4665,0.2051,0.4450,5.5298,0.1610,0.4800,1,1,5.4423,-0.1585,0.4631,-0.2282,-0.1810,-0.3683,5.4423,-0.1585,0.4631,5.5783,-0.1222,0.4800,0,1
5.6878,0.0049,0.8309,-0.0005,-0.0700,5.8771,0.1225,0.4824,0.1806,0.1306,-0.3485,5.8771,0.1225,0.4824,5.9891,0.1332,0.4800,0,1,5.9018,-0.1447,0.4511,0.2239,-0.1343,-0.3798,5.9018,-0.1447,0.4511,5.8972,-0.1501,0.4800,1,1,5.4665,0.2051,0.4450,-0.2348,0.1842,-0.3859,5.4665,0.2051,0.4450,5.5312,0.1602,0.4800,1,1,5.4638,-0.1380,0.4756,-0.2135,-0.1582,-0.3553,5.4638,-0.1380,0.4756,5.5834,-0.1231,0.4800,0,1
5.6920,0.0050,0.8301,-0.0041,-0.0640,5.8890,0.1177,0.4955,0.1894,0.1251,-0.3346,5.8890,0.1177,0.4955,5.9925,0.1344,0.4800,0,1,5.9018,-0.1447,0.4511,0.2189,-0.1360,-0.3790,5.9018,-0.1447,0.4511,5.9003,-0.1490,0.4800,1,1,5.4665,0.2051,0.4450,-0.2378,0.1853,-0.3851,5.4665,0.2051,0.4450,5.5325,0.1592,0.4800,1,1,5.4795,-0.1286,0.4887,-0.2035,-0.1469,-0.3414,5.4795,-0.1286,0.4887,5.5883,-0.1242,0.4800,0,1
5.6960,0.0049,0.8293,-0.0073,-0.0574,5.8991,0.1156,0.5083,0.1964,0.1222,-0.3210,5.8991,0.1156,0.5083,5.9957,0.1357,0.4800,0,1,5.9018,-0.1447,0.4511,0.2140,-0.1375,-0.3782,5.9018,-0.1447,0.4511,5.9034,-0.1479,0.4800,1,1,5.4665,0.2051,0.4450,-0.2406,0.1867,-0.3843,5.4665,0.2051,0.4450,5.5335,0.1578,0.4800,1,1,5.4922,-0.1234,0.5015,-0.1961,-0.1398,-0.3278,5.4922,-0.1234,0.5015,5.5932,-0.1257,0.4800,0,1
5.7000,0.0046,0.8285,-0.0096,-0.0501,5.9079,0.1147,0.5193,0.2021,0.1204,-0.3092,5.9079,0.1147,0.5193,5.9987,0.1369,0.4800,0,1,5.9018,-0.1447,0.4511,0.2090,-0.1390,-0.3774,5.9018,-0.1447,0.4511,5.9065,-0.1468,0.4800,1,1,5.4666,0.2051,0.4450,-0.2431,0.1886,-0.3835,5.4666,0.2051,0.4450,5.5344,0.1562,0.4800,1,1,5.5030,-0.1204,0.5125,-0.1905,-0.1347,-0.3160,5.5030,-0.1204,0.5125,5.5982,-0.1274,0.4800,0,1
5.7039,0.0043,0.8278,-0.0113,-0.0422,5.9156,0.1145,0.5275,0.2069,0.1190,-0.3003,5.9156,0.1145,0.5275,6.0016,0.1381,0.4800,0,1,5.9018,-0.1447,0.4511,0.2040,-0.1405,-0.3767,5.9018,-0.1447,0.4511,5.9096,-0.1457,0.4800,1,1,5.4666,0.2051,0.4450,-0.2456,0.1906,-0.3828,5.4666,0.2051,0.4450,5.5351,0.1544,0.4800,1,1,5.5122,-0.1189,0.5206,-0.1863,-0.1312,-0.3072,5.5122,-0.1189,0.5206,5.6031,-0.1294,0.4800,0,1
5.7078,0.0038,0.8273,-0.0121,-0.0334,5.9224,0.1149,0.5314,0.2108,0.1182,-0.2959,5.9224,0.1149,0.5314,6.0043,0.1393,0.4800,0,1,5.9019,-0.1447,0.4511,0.1990,-0.1419,-0.3762,5.9019,-0.1447,0.4511,5.9128,-0.1446,0.4800,1,1,5.4666,0.2051,0.4449,-0.2478,0.1931,-0.3824,5.4666,0.2051,0.4449,5.5357,0.1522,0.4800,1,1,5.5203,-0.1185,0.5245,-0.1833,-0.1285,-0.3028,5.5203,-0.1185,0.5245,5.6082,-0.1317,0.4800,0,1
5.7117,0.0031,0.8271,-0.0120,-0.0235,5.9287,0.1158,0.5302,0.2143,0.1178,-0.2969,5.9287,0.1158,0.5302,6.0068,0.1406,0.4800,0,1,5.9019,-0.1448,0.4512,0.1936,-0.1434,-0.3759,5.9019,-0.1448,0.4512,5.9161,-0.1433,0.4800,1,1,5.4666,0.2051,0.4449,-0.2498,0.1962,-0.3822,5.4666,0.2051,0.4449,5.5361,0.1497,0.4800,1,1,5.5273,-0.1194,0.5233,-0.1815,-0.1268,-0.3038,5.5273,-0.1194,0.5233,5.6134,-0.1343,0.4800,0,1
5.7155,0.0024,0.8273,-0.0112,-0.0124,5.9347,0.1174,0.5245,0.2178,0.1177,-0.3028,5.9347,0.1174,0.5245,6.0091,0.1420,0.4800,0,1,5.9019,-0.1448,0.4512,0.1882,-0.1449,-0.3761,5.9019,-0.1448,0.4512,5.9195,-0.1420,0.4800,1,1,5.4666,0.2051,0.4449,-0.2514,0.1996,-0.3824,5.4666,0.2051,0.4449,5.5363,0.1468,0.4800,1,1,5.5333,-0.1220,0.5176,-0.1806,-0.1266,-0.3097,5.5333,-0.1220,0.5176,5.6188,-0.1372,0.4800,0,1
5.7193,0.0016,0.8278,-0.0100,-0.0002,5.9407,0.1201,0.5154,0.2214,0.1185,-0.3124,5.9407,0.1201,0.5154,6.0111,0.1436,0.4800,0,1,5.9019,-0.1448,0.4512,0.1826,-0.1464,-0.3766,5.9019,-0.1448,0.4512,5.9231,-0.1404,0.4800,1,1,5.4667,0.2051,0.4449,-0.2526,0.2034,-0.3829,5.4667,0.2051,0.4449,5.5363,0.1436,0.4800,1,1,5.5382,-0.1271,0.5085,-0.1811,-0.1287,-0.3193,5.5382,-0.1271,0.5085,5.6243,-0.1404,0.4800,0,1
5.7231,0.0008,0.8287,-0.0085,0.0133,5.9469,0.1244,0.5040,0.2254,0.1206,-0.3247,5.9469,0.1244,0.5040,6.0130,0.1453,0.4800,0,1,5.9019,-0.1448,0.4512,0.1768,-0.1480,-0.3775,5.9019,-0.1448,0.4512,5.9268,-0.1387,0.4800,1,1,5.4667,0.2051,0.4449,-0.2537,0.2077,-0.3838,5.4667,0.2051,0.4449,5.5362,0.1402,0.4800,1,1,5.5413,-0.1354,0.4971,-0.1836,-0.1338,-0.3316,5.5413,-0.1354,0.4971,5.6300,-0.1438,0.4800,0,1
5.7268,-0.0001,0.8298,-0.0066,0.0278,5.9534,0.1305,0.4914,0.2301,0.1243,-0.3384,5.9534,0.1305,0.4914,6.0146,0.1472,0.4800,0,1,5.9019,-0.1448,0.4512,0.1710,-0.1495,-0.3786,5.9019,-0.1448,0.4512,5.9305,-0.1367,0.4800,1,1,5.4667,0.2051,0.4448,-0.2543,0.2124,-0.3850,5.4667,0.2051,0.4448,5.5360,0.1364,0.4800,1,1,5.5420,-0.1470,0.4845,-0.1888,-0.1417,-0.3453,5.5420,-0.1470,0.4845,5.6359,-0.1475,0.4800,0,1
5.7306,-0.0010,0.8311,-0.0042,0.0428,5.9595,0.1378,0.4789,0.2346,0.1289,-0.3522,5.9595,0.1378,0.4789,6.0162,0.1491,0.4800,0,1,5.9019,-0.1448,0.4512,0.1650,-0.1510,-0.3799,5.9019,-0.1448,0.4512,5.9343,-0.1346,0.4800,1,1,5.4668,0.2052,0.4448,-0.2547,0.2173,-0.3863,5.4668,0.2052,0.4448,5.5357,0.1326,0.4800,1,1,5.5405,-0.1612,0.4719,-0.1968,-0.1519,-0.3592,5.5405,-0.1612,0.4719,5.6419,-0.1512,0.4800,0,1
5.7344,-0.0019,0.8324,-0.0010,0.0574,5.9646,0.1446,0.4674,0.2382,0.1331,-0.3650,5.9646,0.1446,0.4674,6.0177,0.1509,0.4800,0,1,5.9019,-0.1448,0.4512,0.1590,-0.1523,-0.3812,5.9019,-0.1448,0.4512,5.9381,-0.1326,0.4800,1,1,5.4668,0.2052,0.4448,-0.2553,0.2221,-0.3876,5.4668,0.2052,0.4448,5.5356,0.1287,0.4800,1,1,5.5378,-0.1760,0.4603,-0.2063,-0.1625,-0.3721,5.5378,-0.1760,0.4603,5.6479,-0.1548,0.4800,0,1
5.7382,-0.0027,0.8333,0.0029,0.0700,5.9687,0.1485,0.4580,0.2405,0.1347,-0.3753,5.9687,0.1485,0.4580,6.0196,0.1524,0.4800,0,1,5.9019,-0.1450,0.4512,0.1533,-0.1534,-0.3821,5.9019,-0.1450,0.4512,5.9415,-0.1310,0.4800,1,1,5.4669,0.2051,0.4446,-0.2561,0.2263,-0.3887,5.4669,0.2051,0.4446,5.5358,0.1253,0.4800,1,1,5.5359,-0.1900,0.4511,-0.2149,-0.1727,-0.3822,5.5359,-0.1900,0.4511,5.6536,-0.1580,0.4800,0,1
5.7421,-0.0036,0.8335,0.0066,0.0785,5.9721,0.1444,0.4511,0.2409,0.1295,-0.3824,5.9721,0.1444,0.4511,5.9572,0.1530,0.4800,1,1,5.9019,-0.1456,0.4512,0.1482,-0.1541,-0.3823,5.9019,-0.1456,0.4512,6.0445,-0.1301,0.4800,0,1,5.4669,0.2046,0.4442,-0.2580,0.2291,-0.3893,5.4669,0.2046,0.4442,5.6366,0.1227,0.4800,0,1,5.5366,-0.2048,0.4450,-0.2206,-0.1845,-0.3885,5.5366,-0.2048,0.4450,5.5939,-0.1604,0.4800,1,1
5.7467,-0.0042,0.8324,0.0083,0.0840,5.9723,0.1440,0.4511,0.2372,0.1287,-0.3813,5.9723,0.1440,0.4511,5.9589,0.1534,0.4800,1,1,5.9065,-0.1626,0.4563,0.1459,-0.1712,-0.3761,5.9065,-0.1626,0.4563,6.0497,-0.1296,0.4800,0,1,5.4738,0.2050,0.4486,-0.2544,0.2314,-0.3838,5.4738,0.2050,0.4486,5.6404,0.1210,0.4800,0,1,5.5368,-0.2051,0.4451,-0.2260,-0.1826,-0.3873,5.5368,-0.2051,0.4451,5.5973,-0.1620,0.4800,1,1
5.7513,-0.0046,0.8318,0.0055,0.0795,5.9722,0.1442,0.4511,0.2320,0.1308,-0.3807,5.9722,0.1442,0.4511,5.9623,0.1522,0.4800,1,1,5.9253,-0.1464,0.4647,0.1622,-0.1552,-0.3671,5.9253,-0.1464,0.4647,6.0538,-0.1309,0.4800,0,1,5.4982,0.1751,0.4579,-0.2380,0.1992,-0.3739,5.4982,0.1751,0.4579,5.6457,0.1215,0.4800,0,1,5.5367,-0.2050,0.4451,-0.2298,-0.1827,-0.3867,5.5367,-0.2050,0.4451,5.5992,-0.1616,0.4800,1,1
5.7557,-0.0049,0.8314,0.0022,0.0735,5.9721,0.1442,0.4511,0.2268,0.1328,-0.3803,5.9721,0.1442,0.4511,5.9656,0.1508,0.4800,1,1,5.9407,-0.1273,0.4762,0.1755,-0.1357,-0.3552,5.9407,-0.1273,0.4762,6.0575,-0.1324,0.4800,0,1,5.5238,0.1461,0.4698,-0.2202,0.1676,-0.3616,5.5238,0.1461,0.4698,5.6509,0.1224,0.4800,0,1,5.5366,-0.2050,0.4451,-0.2332,-0.1835,-0.3863,5.5366,-0.2050,0.4451,5.6007,-0.1608,0.4800,1,1
5.7600,-0.0050,0.8306,-0.0017,0.0678,5.9721,0.1442,0.4511,0.2217,0.1345,-0.3795,5.9721,0.1442,0.4511,5.9687,0.1496,0.4800,1,1,5.9536,-0.1198,0.4890,0.1854,-0.1277,-0.3416,5.9536,-0.1198,0.4890,6.0610,-0.1337,0.4800,0,1,5.5417,0.1332,0.4827,-0.2084,0.1527,-0.3479,5.5417,0.1332,0.4827,5.6558,0.1234,0.4800,0,1,5.5367,-0.2050,0.4451,-0.2363,-0.1844,-0.3855,5.5367,-0.2050,0.4451,5.6020,-0.1599,0.4800,1,1
5.7641,-0.0050,0.8298,-0.0052,0.0613,5.9722,0.1442,0.4511,0.2168,0.1362,-0.3787,5.9722,0.1442,0.4511,5.9718,0.1485,0.4800,1,1,5.9646,-0.1165,0.5021,0.1933,-0.1236,-0.3277,5.9646,-0.1165,0.5021,6.0642,-0.1350,0.4800,0,1,5.5559,0.1263,0.4958,-0.1998,0.1438,-0.3340,5.5559,0.1263,0.4958,5.6608,0.1248,0.4800,0,1,5.5367,-0.2050,0.4451,-0.2392,-0.1857,-0.3847,5.5367,-0.2050,0.4451,5.6032,-0.1587,0.4800,1,1
5.7681,-0.0049,0.8290,-0.0080,0.0542,5.9722,0.1442,0.4511,0.2119,0.1378,-0.3779,5.9722,0.1442,0.4511,5.9749,0.1473,0.4800,1,1,5.9739,-0.1152,0.5142,0.1995,-0.1213,-0.3148,5.9739,-0.1152,0.5142,6.0673,-0.1363,0.4800,0,1,5.5676,0.1225,0.5078,-0.1933,0.1381,-0.3212,5.5676,0.1225,0.5078,5.6657,0.1264,0.4800,0,1,5.5367,-0.2050,0.4451,-0.2419,-0.1873,-0.3839,5.5367,-0.2050,0.4451,5.6041,-0.1572,0.4800,1,1
5.7721,-0.0046,0.8282,-0.0101,0.0466,5.9722,0.1442,0.4511,0.2068,0.1393,-0.3771,5.9722,0.1442,0.4511,5.9780,0.1462,0.4800,1,1,5.9820,-0.1147,0.5239,0.2045,-0.1198,-0.3043,5.9820,-0.1147,0.5239,6.0703,-0.1375,0.4800,0,1,5.5775,0.1204,0.5176,-0.1886,0.1339,-0.3106,5.5775,0.1204,0.5176,5.6707,0.1282,0.4800,0,1,5.5367,-0.2050,0.4451,-0.2445,-0.1892,-0.3831,5.5367,-0.2050,0.4451,5.6049,-0.1555,0.4800,1,1
5.7760,-0.0041,0.8276,-0.0114,0.0381,5.9722,0.1442,0.4511,0.2017,0.1407,-0.3765,5.9722,0.1442,0.4511,5.9812,0.1451,0.4800,1,1,5.9893,-0.1147,0.5301,0.2089,-0.1186,-0.2975,5.9893,-0.1147,0.5301,6.0730,-0.1387,0.4800,0,1,5.5862,0.1193,0.5237,-0.1850,0.1305,-0.3039,5.5862,0.1193,0.5237,5.6757,0.1304,0.4800,0,1,5.5368,-0.2050,0.4450,-0.2467,-0.1916,-0.3826,5.5368,-0.2050,0.4450,5.6055,-0.1534,0.4800,1,1
5.7798,-0.0035,0.8273,-0.0117,0.0287,5.9722,0.1442,0.4511,0.1966,0.1421,-0.3762,5.9722,0.1442,0.4511,5.9845,0.1439,0.4800,1,1,5.9957,-0.1153,0.5315,0.2126,-0.1179,-0.2958,5.9957,-0.1153,0.5315,6.0756,-0.1400,0.4800,0,1,5.5938,0.1195,0.5251,-0.1824,0.1283,-0.3022,5.5938,0.1195,0.5251,5.6808,0.1328,0.4800,0,1,5.5368,-0.2050,0.4450,-0.2487,-0.1944,-0.3823,5.5368,-0.2050,0.4450,5.6060,-0.1511,0.4800,1,1
5.7837,-0.0028,0.8273,-0.0113,0.0181,5.9723,0.1443,0.4511,0.1912,0.1437,-0.3762,5.9723,0.1443,0.4511,5.9879,0.1426,0.4800,1,1,6.0018,-0.1166,0.5279,0.2160,-0.1177,-0.2994,6.0018,-0.1166,0.5279,6.0780,-0.1413,0.4800,0,1,5.6005,0.1212,0.5215,-0.1809,0.1273,-0.3058,5.6005,0.1212,0.5215,5.6861,0.1356,0.4800,0,1,5.5368,-0.2050,0.4450,-0.2505,-0.1977,-0.3823,5.5368,-0.2050,0.4450,5.6063,-0.1484,0.4800,1,1
5.7875,-0.0021,0.8276,-0.0104,0.0064,5.9723,0.1443,0.4512,0.1857,0.1452,-0.3764,5.9723,0.1443,0.4512,5.9914,0.1412,0.4800,1,1,6.0077,-0.1186,0.5203,0.2194,-0.1179,-0.3073,6.0077,-0.1186,0.5203,6.0802,-0.1428,0.4800,0,1,5.6062,0.1248,0.5140,-0.1805,0.1281,-0.3136,5.6062,0.1248,0.5140,5.6916,0.1387,0.4800,0,1,5.5368,-0.2050,0.4450,-0.2520,-0.2013,-0.3826,5.5368,-0.2050,0.4450,5.6064,-0.1453,0.4800,1,1
5.7913,-0.0013,0.8283,-0.0091,-0.0065,5.9723,0.1443,0.4512,0.1800,0.1468,-0.3771,5.9723,0.1443,0.4512,5.9950,0.1395,0.4800,1,1,6.0137,-0.1219,0.5099,0.2232,-0.1192,-0.3184,6.0137,-0.1219,0.5099,6.0821,-0.1445,0.4800,0,1,5.6106,0.1310,0.5035,-0.1816,0.1311,-0.3248,5.6106,0.1310,0.5035,5.6972,0.1420,0.4800,0,1,5.5368,-0.2050,0.4450,-0.2532,-0.2053,-0.3833,5.5368,-0.2050,0.4450,5.6063,-0.1420,0.4800,1,1
5.7950,-0.0004,0.8293,-0.0075,-0.0206,5.9723,0.1443,0.4512,0.1743,0.1483,-0.3781,5.9723,0.1443,0.4512,5.9987,0.1376,0.4800,1,1,6.0199,-0.1269,0.4978,0.2275,-0.1218,-0.3315,6.0199,-0.1269,0.4978,6.0839,-0.1463,0.4800,0,1,5.6131,0.1404,0.4914,-0.1848,0.1370,-0.3379,5.6131,0.1404,0.4914,5.7030,0.1456,0.4800,0,1,5.5369,-0.2050,0.4449,-0.2538,-0.2099,-0.3844,5.5369,-0.2050,0.4449,5.6062,-0.1383,0.4800,1,1
5.7988,0.0005,0.8306,-0.0054,-0.0353,5.9723,0.1443,0.4512,0.1683,0.1498,-0.3794,5.9723,0.1443,0.4512,6.0025,0.1356,0.4800,1,1,6.0262,-0.1336,0.4851,0.2320,-0.1260,-0.3455,6.0262,-0.1336,0.4851,6.0855,-0.1482,0.4800,0,1,5.6133,0.1529,0.4787,-0.1908,0.1458,-0.3519,5.6133,0.1529,0.4787,5.7089,0.1493,0.4800,0,1,5.5369,-0.2050,0.4449,-0.2545,-0.2146,-0.3857,5.5369,-0.2050,0.4449,5.6059,-0.1345,0.4800,1,1
5.8026,0.0014,0.8319,-0.0027,-0.0502,5.9723,0.1443,0.4512,0.1623,0.1512,-0.3807,5.9723,0.1443,0.4512,6.0063,0.1336,0.4800,1,1,6.0319,-0.1408,0.4730,0.2361,-0.1305,-0.3589,6.0319,-0.1408,0.4730,6.0870,-0.1500,0.4800,0,1,5.6113,0.1671,0.4664,-0.1994,0.1559,-0.3655,5.6113,0.1671,0.4664,5.7149,0.1530,0.4800,0,1,5.5369,-0.2051,0.4449,-0.2550,-0.2196,-0.3870,5.5369,-0.2051,0.4449,5.6057,-0.1306,0.4800,1,1
5.8064,0.0023,0.8330,0.0009,-0.0639,5.9723,0.1444,0.4512,0.1565,0.1524,-0.3818,5.9723,0.1444,0.4512,6.0098,0.1318,0.4800,1,1,6.0365,-0.1465,0.4624,0.2391,-0.1338,-0.3706,6.0365,-0.1465,0.4624,6.0887,-0.1517,0.4800,0,1,5.6085,0.1812,0.4559,-0.2089,0.1659,-0.3771,5.6085,0.1812,0.4559,5.7208,0.1564,0.4800,0,1,5.5370,-0.2050,0.4448,-0.2556,-0.2241,-0.3882,5.5370,-0.2050,0.4448,5.6057,-0.1270,0.4800,1,1
5.8102,0.0032,0.8337,0.0050,-0.0743,5.9724,0.1447,0.4513,0.1512,0.1531,-0.3824,5.9724,0.1447,0.4513,6.0130,0.1305,0.4800,1,1,6.0404,-0.1474,0.4545,0.2407,-0.1331,-0.3792,6.0404,-0.1474,0.4545,6.0909,-0.1527,0.4800,0,1,5.6066,0.1957,0.4482,-0.2173,0.1769,-0.3855,5.6066,0.1957,0.4482,5.7263,0.1592,0.4800,0,1,5.5370,-0.2047,0.4445,-0.2570,-0.2276,-0.3892,5.5370,-0.2047,0.4445,5.6062,-0.1240,0.4800,1,1
5.8144,0.0040,0.8330,0.0082,-0.0820,5.9712,0.1585,0.4532,0.1436,0.1668,-0.3798,5.9712,0.1585,0.4532,6.1171,0.1298,0.4800,0,1,6.0427,-0.1439,0.4512,0.2396,-0.1287,-0.3818,6.0427,-0.1439,0.4512,6.0279,-0.1533,0.4800,1,1,5.6066,0.2036,0.4455,-0.2235,0.1819,-0.3875,5.6066,0.2036,0.4455,5.6656,0.1615,0.4800,1,1,5.5396,-0.2067,0.4460,-0.2566,-0.2325,-0.3870,5.5396,-0.2067,0.4460,5.7084,-0.1216,0.4800,0,1
5.8190,0.0044,0.8321,0.0071,-0.0816,5.9863,0.1574,0.4600,0.1543,0.1661,-0.3721,5.9863,0.1574,0.4600,6.1217,0.1303,0.4800,0,1,6.0427,-0.1437,0.4511,0.2350,-0.1294,-0.3810,6.0427,-0.1437,0.4511,6.0306,-0.1527,0.4800,1,1,5.6066,0.2038,0.4457,-0.2279,0.1814,-0.3864,5.6066,0.2038,0.4457,5.6682,0.1618,0.4800,1,1,5.5538,-0.1938,0.4526,-0.2482,-0.2192,-0.3795,5.5538,-0.1938,0.4526,5.7131,-0.1212,0.4800,0,1
5.8235,0.0048,0.8317,0.0040,-0.0753,6.0035,0.1350,0.4702,0.1697,0.1434,-0.3615,6.0035,0.1350,0.4702,6.1255,0.1320,0.4800,0,1,6.0426,-0.1438,0.4511,0.2297,-0.1317,-0.3806,6.0426,-0.1438,0.4511,6.0341,-0.1512,0.4800,1,1,5.6066,0.2037,0.4457,-0.2312,0.1820,-0.3860,5.6066,0.2037,0.4457,5.6698,0.1611,0.4800,1,1,5.5822,-0.1583,0.4638,-0.2283,-0.1808,-0.3679,5.5822,-0.1583,0.4638,5.7184,-0.1221,0.4800,0,1
5.8278,0.0050,0.8311,0.0004,-0.0694,6.0174,0.1226,0.4825,0.1810,0.1305,-0.3486,6.0174,0.1226,0.4825,6.1290,0.1334,0.4800,0,1,6.0426,-0.1438,0.4511,0.2246,-0.1335,-0.3800,6.0426,-0.1438,0.4511,6.0373,-0.1499,0.4800,1,1,5.6066,0.2037,0.4456,-0.2344,0.1829,-0.3855,5.6066,0.2037,0.4456,5.6711,0.1602,0.4800,1,1,5.6034,-0.1385,0.4762,-0.2139,-0.1587,-0.3549,5.6034,-0.1385,0.4762,5.7234,-0.1231,0.4800,0,1
5.8320,0.0051,0.8303,-0.0033,-0.0634,6.0292,0.1179,0.4956,0.1897,0.1251,-0.3347,6.0292,0.1179,0.4956,6.1324,0.1347,0.4800,0,1,6.0426,-0.1438,0.4511,0.2196,-0.1353,-0.3792,6.0426,-0.1438,0.4511,6.0404,-0.1488,0.4800,1,1,5.6066,0.2037,0.4456,-0.2375,0.1839,-0.3847,5.6066,0.2037,0.4456,5.6724,0.1592,0.4800,1,1,5.6191,-0.1294,0.4894,-0.2040,-0.1477,-0.3409,5.6191,-0.1294,0.4894,5.7284,-0.1243,0.4800,0,1
5.8360,0.0050,0.8295,-0.0064,-0.0566,6.0393,0.1158,0.5083,0.1967,0.1221,-0.3212,6.0393,0.1158,0.5083,6.1356,0.1359,0.4800,0,1,6.0426,-0.1438,0.4512,0.2147,-0.1369,-0.3783,6.0426,-0.1438,0.4512,6.0435,-0.1476,0.4800,1,1,5.6066,0.2038,0.4456,-0.2403,0.1855,-0.3839,5.6066,0.2038,0.4456,5.6734,0.1578,0.4800,1,1,5.6319,-0.1244,0.5021,-0.1965,-0.1407,-0.3274,5.6319,-0.1244,0.5021,5.7333,-0.1258,0.4800,0,1
5.8400,0.0047,0.8287,-0.0089,-0.0492,6.0480,0.1149,0.5194,0.2023,0.1203,-0.3093,6.0480,0.1149,0.5194,6.1386,0.1371,0.4800,0,1,6.0427,-0.1438,0.4512,0.2098,-0.1384,-0.3775,6.0427,-0.1438,0.4512,6.0466,-0.1465,0.4800,1,1,5.6066,0.2038,0.4456,-0.2429,0.1874,-0.3831,5.6066,0.2038,0.4456,5.6742,0.1562,0.4800,1,1,5.6427,-0.1215,0.5131,-0.1909,-0.1358,-0.3156,5.6427,-0.1215,0.5131,5.7383,-0.1275,0.4800,0,1
5.8439,0.0044,0.8280,-0.0105,-0.0412,6.0556,0.1147,0.5275,0.2070,0.1189,-0.3005,6.0556,0.1147,0.5275,6.1414,0.1383,0.4800,0,1,6.0427,-0.1438,0.4512,0.2047,-0.1399,-0.3768,6.0427,-0.1438,0.4512,6.0497,-0.1454,0.4800,1,1,5.6067,0.2038,0.4456,-0.2452,0.1895,-0.3824,5.6067,0.2038,0.4456,5.6750,0.1543,0.4800,1,1,5.6520,-0.1199,0.5212,-0.1866,-0.1321,-0.3068,5.6520,-0.1199,0.5212,5.7433,-0.1295,0.4800,0,1
5.8478,0.0038,0.8275,-0.0113,-0.0323,6.0624,0.1150,0.5314,0.2109,0.1181,-0.2961,6.0624,0.1150,0.5314,6.1441,0.1396,0.4800,0,1,6.0427,-0.1438,0.4512,0.1996,-0.1412,-0.3763,6.0427,-0.1438,0.4512,6.0530,-0.1443,0.4800,1,1,5.6067,0.2037,0.4456,-0.2474,0.1920,-0.3819,5.6067,0.2037,0.4456,5.6755,0.1521,0.4800,1,1,5.6601,-0.1195,0.5251,-0.1836,-0.1293,-0.3024,5.6601,-0.1195,0.5251,5.7484,-0.1318,0.4800,0,1
5.8517,0.0032,0.8273,-0.0111,-0.0224,6.0687,0.1158,0.5302,0.2144,0.1174,-0.2971,6.0687,0.1158,0.5302,6.1466,0.1409,0.4800,0,1,6.0427,-0.1439,0.4512,0.1942,-0.1428,-0.3761,6.0427,-0.1439,0.4512,6.0563,-0.1431,0.4800,1,1,5.6067,0.2037,0.4455,-0.2494,0.1950,-0.3818,5.6067,0.2037,0.4455,5.6759,0.1495,0.4800,1,1,5.6672,-0.1204,0.5239,-0.1817,-0.1277,-0.3034,5.6672,-0.1204,0.5239,5.7536,-0.1344,0.4800,0,1
5.8555,0.0024,0.8275,-0.0103,-0.0112,6.0746,0.1174,0.5245,0.2178,0.1174,-0.3030,6.0746,0.1174,0.5245,6.1489,0.1423,0.4800,0,1,6.0427,-0.1439,0.4512,0.1888,-0.1442,-0.3763,6.0427,-0.1439,0.4512,6.0597,-0.1417,0.4800,1,1,5.6067,0.2037,0.4455,-0.2510,0.1985,-0.3820,5.6067,0.2037,0.4455,5.6762,0.1466,0.4800,1,1,5.6734,-0.1230,0.5182,-0.1807,-0.1274,-0.3093,5.6734,-0.1230,0.5182,5.7590,-0.1374,0.4800,0,1
5.8594,0.0016,0.8281,-0.0090,0.0011,6.0805,0.1199,0.5154,0.2212,0.1181,-0.3127,6.0805,0.1199,0.5154,6.1510,0.1438,0.4800,0,1,6.0428,-0.1439,0.4512,0.1832,-0.1457,-0.3769,6.0428,-0.1439,0.4512,6.0633,-0.1402,0.4800,1,1,5.6067,0.2037,0.4455,-0.2525,0.2024,-0.3826,5.6067,0.2037,0.4455,5.6762,0.1434,0.4800,1,1,5.6785,-0.1278,0.5091,-0.1810,-0.1292,-0.3190,5.6785,-0.1278,0.5091,5.7645,-0.1406,0.4800,0,1
5.8631,0.0007,0.8290,-0.0074,0.0146,6.0866,0.1239,0.5040,0.2253,0.1199,-0.3250,6.0866,0.1239,0.5040,6.1529,0.1455,0.4800,0,1,6.0428,-0.1439,0.4512,0.1776,-0.1472,-0.3778,6.0428,-0.1439,0.4512,6.0670,-0.1384,0.4800,1,1,5.6068,0.2037,0.4455,-0.2533,0.2067,-0.3835,5.6068,0.2037,0.4455,5.6761,0.1399,0.4800,1,1,5.6821,-0.1356,0.4977,-0.1830,-0.1336,-0.3313,5.6821,-0.1356,0.4977,5.7702,-0.1441,0.4800,0,1
5.8669,-0.0002,0.8301,-0.0055,0.0290,6.0929,0.1297,0.4915,0.2297,0.1233,-0.3386,6.0929,0.1297,0.4915,6.1545,0.1474,0.4800,0,1,6.0428,-0.1439,0.4512,0.1717,-0.1487,-0.3789,6.0428,-0.1439,0.4512,6.0708,-0.1365,0.4800,1,1,5.6068,0.2038,0.4455,-0.2541,0.2115,-0.3846,5.6068,0.2038,0.4455,5.6759,0.1361,0.4800,1,1,5.6835,-0.1466,0.4851,-0.1876,-0.1410,-0.3450,5.6835,-0.1466,0.4851,5.7761,-0.1478,0.4800,0,1
5.8707,-0.0011,0.8314,-0.0029,0.0439,6.0989,0.1367,0.4789,0.2340,0.1277,-0.3525,6.0989,0.1367,0.4789,6.1561,0.1492,0.4800,0,1,6.0428,-0.1439,0.4512,0.1657,-0.1502,-0.3802,6.0428,-0.1439,0.4512,6.0746,-0.1345,0.4800,1,1,5.6068,0.2038,0.4454,-0.2547,0.2163,-0.3860,5.6068,0.2038,0.4454,5.6757,0.1322,0.4800,1,1,5.6825,-0.1601,0.4725,-0.1950,-0.1506,-0.3589,5.6825,-0.1601,0.4725,5.7821,-0.1515,0.4800,0,1
5.8745,-0.0020,0.8327,0.0004,0.0584,6.1041,0.1434,0.4674,0.2377,0.1318,-0.3653,6.1041,0.1434,0.4674,6.1577,0.1510,0.4800,0,1,6.0428,-0.1439,0.4512,0.1597,-0.1515,-0.3815,6.0428,-0.1439,0.4512,6.0783,-0.1326,0.4800,1,1,5.6069,0.2038,0.4454,-0.2551,0.2211,-0.3873,5.6069,0.2038,0.4454,5.6756,0.1284,0.4800,1,1,5.6799,-0.1744,0.4610,-0.2043,-0.1607,-0.3717,5.6799,-0.1744,0.4610,5.7881,-0.1551,0.4800,0,1
5.8783,-0.0029,0.8337,0.0045,0.0706,6.1085,0.1474,0.4581,0.2402,0.1337,-0.3756,6.1085,0.1474,0.4581,6.1596,0.1523,0.4800,0,1,6.0428,-0.1441,0.4513,0.1541,-0.1525,-0.3824,6.0428,-0.1441,0.4513,6.0816,-0.1310,0.4800,1,1,5.6069,0.2037,0.4452,-0.2562,0.2252,-0.3885,5.6069,0.2037,0.4452,5.6758,0.1250,0.4800,1,1,5.6776,-0.1884,0.4517,-0.2133,-0.1709,-0.3820,5.6776,-0.1884,0.4517,5.7938,-0.1583,0.4800,0,1
5.8822,-0.0037,0.8338,0.0079,0.0788,6.1128,0.1436,0.4512,0.2415,0.1287,-0.3826,6.1128,0.1436,0.4512,6.0972,0.1529,0.4800,1,1,6.0428,-0.1447,0.4513,0.1490,-0.1532,-0.3825,6.0428,-0.1447,0.4513,6.1846,-0.1302,0.4800,0,1,5.6070,0.2032,0.4448,-0.2581,0.2279,-0.3890,5.6070,0.2032,0.4448,5.7766,0.1225,0.4800,0,1,5.6768,-0.2034,0.4456,-0.2205,-0.1829,-0.3882,5.6768,-0.2034,0.4456,5.7340,-0.1606,0.4800,1,1
5.8867,-0.0044,0.8327,0.0095,0.0840,6.1129,0.1432,0.4511,0.2378,0.1281,-0.3816,6.1129,0.1432,0.4511,6.0989,0.1532,0.4800,1,1,6.0474,-0.1615,0.4563,0.1470,-0.1700,-0.3764,6.0474,-0.1615,0.4563,6.1897,-0.1298,0.4800,0,1,5.6139,0.2036,0.4492,-0.2544,0.2302,-0.3835,5.6139,0.2036,0.4492,5.7805,0.1208,0.4800,0,1,5.6769,-0.2038,0.4457,-0.2258,-0.1811,-0.3870,5.6769,-0.2038,0.4457,5.7373,-0.1622,0.4800,1,1
5.8914,-0.0048,0.8321,0.0066,0.0793,6.1128,0.1433,0.4511,0.2324,0.1301,-0.3810,6.1128,0.1433,0.4511,6.1023,0.1520,0.4800,1,1,6.0658,-0.1455,0.4648,0.1627,-0.1541,-0.3673,6.0658,-0.1455,0.4648,6.1938,-0.1311,0.4800,0,1,5.6383,0.1739,0.4584,-0.2381,0.1982,-0.3737,5.6383,0.1739,0.4584,5.7857,0.1214,0.4800,0,1,5.6768,-0.2037,0.4457,-0.2297,-0.1813,-0.3864,5.6768,-0.2037,0.4457,5.7392,-0.1618,0.4800,1,1
5.8958,-0.0051,0.8316,0.0032,0.0731,6.1128,0.1433,0.4511,0.2273,0.1322,-0.3805,6.1128,0.1433,0.4511,6.1057,0.1505,0.4800,1,1,6.0812,-0.1271,0.4762,0.1760,-0.1352,-0.3554,6.0812,-0.1271,0.4762,6.1974,-0.1327,0.4800,0,1,5.6637,0.1460,0.4703,-0.2204,0.1676,-0.3613,5.6637,0.1460,0.4703,5.7909,0.1223,0.4800,0,1,5.6768,-0.2036,0.4457,-0.2329,-0.1820,-0.3859,5.6768,-0.2036,0.4457,5.7406,-0.1609,0.4800,1,1
5.9000,-0.0052,0.8309,-0.0008,0.0672,6.1128,0.1434,0.4511,0.2223,0.1340,-0.3798,6.1128,0.1434,0.4511,6.1088,0.1493,0.4800,1,1,6.0939,-0.1199,0.4890,0.1858,-0.1275,-0.3419,6.0939,-0.1199,0.4890,6.2009,-0.1340,0.4800,0,1,5.6814,0.1334,0.4832,-0.2088,0.1530,-0.3477,5.6814,0.1334,0.4832,5.7959,0.1234,0.4800,0,1,5.6768,-0.2037,0.4457,-0.2360,-0.1831,-0.3852,5.6768,-0.2037,0.4457,5.7420,-0.1600,0.4800,1,1
5.9041,-0.0052,0.8301,-0.0043,0.0606,6.1128,0.1434,0.4511,0.2173,0.1357,-0.3790,6.1128,0.1434,0.4511,6.1119,0.1482,0.4800,1,1,6.1048,-0.1167,0.5021,0.1936,-0.1235,-0.3280,6.1048,-0.1167,0.5021,6.2042,-0.1353,0.4800,0,1,5.6956,0.1268,0.4963,-0.2001,0.1444,-0.3338,5.6956,0.1268,0.4963,5.8009,0.1247,0.4800,0,1,5.6768,-0.2037,0.4457,-0.2389,-0.1844,-0.3844,5.6768,-0.2037,0.4457,5.7431,-0.1588,0.4800,1,1
5.9081,-0.0050,0.8292,-0.0072,0.0534,6.1128,0.1434,0.4511,0.2123,0.1373,-0.3781,6.1128,0.1434,0.4511,6.1151,0.1470,0.4800,1,1,6.1141,-0.1154,0.5142,0.1998,-0.1212,-0.3150,6.1141,-0.1154,0.5142,6.2072,-0.1366,0.4800,0,1,5.7073,0.1231,0.5084,-0.1937,0.1386,-0.3208,5.7073,0.1231,0.5084,5.8058,0.1264,0.4800,0,1,5.6768,-0.2037,0.4457,-0.2416,-0.1861,-0.3835,5.6768,-0.2037,0.4457,5.7440,-0.1572,0.4800,1,1
5.9121,-0.0047,0.8284,-0.0093,0.0456,6.1128,0.1434,0.4511,0.2072,0.1388,-0.3773,6.1128,0.1434,0.4511,6.1182,0.1459,0.4800,1,1,6.1222,-0.1150,0.5239,0.2049,-0.1198,-0.3045,6.1222,-0.1150,0.5239,6.2101,-0.1378,0.4800,0,1,5.7173,0.1210,0.5181,-0.1889,0.1344,-0.3103,5.7173,0.1210,0.5181,5.8108,0.1282,0.4800,0,1,5.6769,-0.2037,0.4457,-0.2440,-0.1881,-0.3827,5.6769,-0.2037,0.4457,5.7448,-0.1555,0.4800,1,1
5.9160,-0.0042,0.8278,-0.0106,0.0371,6.1129,0.1434,0.4512,0.2022,0.1402,-0.3766,6.1129,0.1434,0.4512,6.1214,0.1448,0.4800,1,1,6.1294,-0.1149,0.5301,0.2091,-0.1185,-0.2977,6.1294,-0.1149,0.5301,6.2129,-0.1390,0.4800,0,1,5.7261,0.1200,0.5242,-0.1852,0.1312,-0.3036,5.7261,0.1200,0.5242,5.8158,0.1304,0.4800,0,1,5.6769,-0.2037,0.4456,-0.2463,-0.1905,-0.3822,5.6769,-0.2037,0.4456,5.7454,-0.1534,0.4800,1,1
5.9199,-0.0037,0.8275,-0.0109,0.0276,6.1129,0.1434,0.4512,0.1970,0.1417,-0.3763,6.1129,0.1434,0.4512,6.1247,0.1436,0.4800,1,1,6.1358,-0.1154,0.5315,0.2127,-0.1176,-0.2960,6.1358,-0.1154,0.5315,6.2155,-0.1403,0.4800,0,1,5.7338,0.1203,0.5256,-0.1826,0.1291,-0.3019,5.7338,0.1203,0.5256,5.8210,0.1329,0.4800,0,1,5.6769,-0.2036,0.4456,-0.2484,-0.1931,-0.3819,5.6769,-0.2036,0.4456,5.7459,-0.1510,0.4800,1,1
5.9237,-0.0029,0.8275,-0.0105,0.0170,6.1129,0.1434,0.4512,0.1917,0.1431,-0.3763,6.1129,0.1434,0.4512,6.1281,0.1423,0.4800,1,1,6.1418,-0.1166,0.5279,0.2161,-0.1174,-0.2996,6.1418,-0.1166,0.5279,6.2179,-0.1417,0.4800,0,1,5.7405,0.1219,0.5220,-0.1811,0.1279,-0.3055,5.7405,0.1219,0.5220,5.8263,0.1357,0.4800,0,1,5.6769,-0.2036,0.4456,-0.2502,-0.1965,-0.3819,5.6769,-0.2036,0.4456,5.7462,-0.1482,0.4800,1,1
5.9275,-0.0021,0.8279,-0.0094,0.0052,6.1129,0.1434,0.4512,0.1862,0.1445,-0.3767,6.1129,0.1434,0.4512,6.1316,0.1409,0.4800,1,1,6.1476,-0.1185,0.5204,0.2195,-0.1175,-0.3075,6.1476,-0.1185,0.5204,6.2201,-0.1431,0.4800,0,1,5.7464,0.1254,0.5145,-0.1804,0.1284,-0.3134,5.7464,0.1254,0.5145,5.8318,0.1388,0.4800,0,1,5.6769,-0.2036,0.4456,-0.2516,-0.2002,-0.3823,5.6769,-0.2036,0.4456,5.7463,-0.1452,0.4800,1,1
5.9313,-0.0013,0.8286,-0.0081,-0.0078,6.1129,0.1434,0.4512,0.1805,0.1461,-0.3774,6.1129,0.1434,0.4512,6.1352,0.1392,0.4800,1,1,6.1535,-0.1216,0.5100,0.2231,-0.1186,-0.3186,6.1535,-0.1216,0.5100,6.2220,-0.1448,0.4800,0,1,5.7511,0.1314,0.5041,-0.1812,0.1313,-0.3245,5.7511,0.1314,0.5041,5.8375,0.1422,0.4800,0,1,5.6770,-0.2036,0.4455,-0.2527,-0.2043,-0.3831,5.6770,-0.2036,0.4455,5.7462,-0.1418,0.4800,1,1
5.9351,-0.0004,0.8296,-0.0064,-0.0219,6.1129,0.1434,0.4512,0.1746,0.1477,-0.3784,6.1129,0.1434,0.4512,6.1390,0.1374,0.4800,1,1,6.1596,-0.1264,0.4979,0.2272,-0.1211,-0.3317,6.1596,-0.1264,0.4979,6.2238,-0.1466,0.4800,0,1,5.7541,0.1403,0.4919,-0.1840,0.1367,-0.3377,5.7541,0.1403,0.4919,5.8433,0.1458,0.4800,0,1,5.6770,-0.2036,0.4455,-0.2536,-0.2088,-0.3841,5.6770,-0.2036,0.4455,5.7461,-0.1381,0.4800,1,1
5.9389,0.0005,0.8309,-0.0042,-0.0366,6.1129,0.1434,0.4512,0.1687,0.1492,-0.3797,6.1129,0.1434,0.4512,6.1428,0.1354,0.4800,1,1,6.1658,-0.1328,0.4852,0.2316,-0.1249,-0.3457,6.1658,-0.1328,0.4852,6.2254,-0.1484,0.4800,0,1,5.7548,0.1522,0.4792,-0.1895,0.1449,-0.3517,5.7548,0.1522,0.4792,5.8492,0.1496,0.4800,0,1,5.6770,-0.2037,0.4455,-0.2543,-0.2136,-0.3854,5.6770,-0.2037,0.4455,5.7458,-0.1343,0.4800,1,1
5.9427,0.0014,0.8322,-0.0014,-0.0513,6.1129,0.1435,0.4512,0.1627,0.1506,-0.3810,6.1129,0.1435,0.4512,6.1465,0.1334,0.4800,1,1,6.1714,-0.1397,0.4730,0.2356,-0.1292,-0.3592,6.1714,-0.1397,0.4730,6.2269,-0.1502,0.4800,0,1,5.7533,0.1657,0.4670,-0.1976,0.1544,-0.3652,5.7533,0.1657,0.4670,5.8552,0.1533,0.4800,0,1,5.6771,-0.2037,0.4455,-0.2547,-0.2184,-0.3867,5.6771,-0.2037,0.4455,5.7457,-0.1304,0.4800,1,1
5.9465,0.0024,0.8334,0.0022,-0.0648,6.1129,0.1435,0.4512,0.1569,0.1516,-0.3822,6.1129,0.1435,0.4512,6.1501,0.1316,0.4800,1,1,6.1762,-0.1454,0.4624,0.2388,-0.1326,-0.3710,6.1762,-0.1454,0.4624,6.2287,-0.1518,0.4800,0,1,5.7504,0.1794,0.4564,-0.2072,0.1639,-0.3770,5.7504,0.1794,0.4564,5.8611,0.1567,0.4800,0,1,5.6771,-0.2037,0.4454,-0.2555,-0.2231,-0.3880,5.6771,-0.2037,0.4454,5.7457,-0.1267,0.4800,1,1
5.9503,0.0032,0.8341,0.0064,-0.0749,6.1130,0.1438,0.4513,0.1517,0.1524,-0.3828,6.1130,0.1438,0.4513,6.1532,0.1305,0.4800,1,1,6.1805,-0.1464,0.4546,0.2407,-0.1320,-0.3795,6.1805,-0.1464,0.4546,6.2309,-0.1527,0.4800,0,1,5.7482,0.1939,0.4487,-0.2158,0.1750,-0.3854,5.7482,0.1939,0.4487,5.8665,0.1594,0.4800,0,1,5.6772,-0.2034,0.4450,-0.2569,-0.2265,-0.3891,5.6772,-0.2034,0.4450,5.7462,-0.1238,0.4800,1,1
5.9545,0.0041,0.8334,0.0093,-0.0825,6.1119,0.1576,0.4532,0.1442,0.1659,-0.3802,6.1119,0.1576,0.4532,6.2573,0.1298,0.4800,0,1,6.1833,-0.1430,0.4512,0.2401,-0.1277,-0.3822,6.1833,-0.1430,0.4512,6.1679,-0.1533,0.4800,1,1,5.7471,0.2020,0.4460,-0.2230,0.1801,-0.3874,5.7471,0.2020,0.4460,5.8058,0.1617,0.4800,1,1,5.6797,-0.2055,0.4466,-0.2566,-0.2315,-0.3868,5.6797,-0.2055,0.4466,5.8484,-0.1214,0.4800,0,1
5.9591,0.0045,0.8324,0.0081,-0.0818,6.1268,0.1563,0.4601,0.1547,0.1650,-0.3723,6.1268,0.1563,0.4601,6.2618,0.1304,0.4800,0,1,6.1833,-0.1428,0.4512,0.2355,-0.1285,-0.3812,6.1833,-0.1428,0.4512,6.1706,-0.1527,0.4800,1,1,5.7471,0.2022,0.4462,-0.2274,0.1797,-0.3862,5.7471,0.2022,0.4462,5.8083,0.1620,0.4800,1,1,5.6940,-0.1922,0.4532,-0.2481,-0.2177,-0.3792,5.6940,-0.1922,0.4532,5.8531,-0.1210,0.4800,0,1
5.9636,0.0049,0.8320,0.0049,-0.0754,6.1438,0.1345,0.4702,0.1699,0.1428,-0.3618,6.1438,0.1345,0.4702,6.2656,0.1320,0.4800,0,1,6.1832,-0.1430,0.4512,0.2301,-0.1309,-0.3808,6.1832,-0.1430,0.4512,6.1742,-0.1511,0.4800,1,1,5.7471,0.2021,0.4462,-0.2307,0.1803,-0.3858,5.7471,0.2021,0.4462,5.8099,0.1612,0.4800,1,1,5.7222,-0.1576,0.4643,-0.2285,-0.1802,-0.3677,5.7222,-0.1576,0.4643,5.8585,-0.1220,0.4800,0,1
5.9679,0.0051,0.8314,0.0013,-0.0694,6.1578,0.1225,0.4825,0.1813,0.1303,-0.3489,6.1578,0.1225,0.4825,6.2691,0.1335,0.4800,0,1,6.1832,-0.1430,0.4512,0.2251,-0.1328,-0.3802,6.1832,-0.1430,0.4512,6.1774,-0.1498,0.4800,1,1,5.7471,0.2021,0.4461,-0.2339,0.1812,-0.3853,5.7471,0.2021,0.4461,5.8112,0.1603,0.4800,1,1,5.7432,-0.1385,0.4767,-0.2142,-0.1588,-0.3547,5.7432,-0.1385,0.4767,5.8635,-0.1230,0.4800,0,1
5.9721,0.0052,0.8306,-0.0025,-0.0632,6.1695,0.1179,0.4956,0.1899,0.1249,-0.3350,6.1695,0.1179,0.4956,6.2724,0.1348,0.4800,0,1,6.1832,-0.1430,0.4512,0.2200,-0.1346,-0.3794,6.1832,-0.1430,0.4512,6.1805,-0.1486,0.4800,1,1,5.7471,0.2021,0.4461,-0.2370,0.1823,-0.3845,5.7471,0.2021,0.4461,5.8124,0.1592,0.4800,1,1,5.7589,-0.1297,0.4899,-0.2043,-0.1481,-0.3407,5.7589,-0.1297,0.4899,5.8685,-0.1242,0.4800,0,1
5.9761,0.0051,0.8298,-0.0057,-0.0562,6.1795,0.1159,0.5083,0.1969,0.1221,-0.3215,6.1795,0.1159,0.5083,6.2756,0.1361,0.4800,0,1,6.1833,-0.1430,0.4512,0.2152,-0.1362,-0.3786,6.1833,-0.1430,0.4512,6.1836,-0.1475,0.4800,1,1,5.7471,0.2021,0.4461,-0.2397,0.1838,-0.3837,5.7471,0.2021,0.4461,5.8134,0.1578,0.4800,1,1,5.7716,-0.1249,0.5026,-0.1969,-0.1413,-0.3272,5.7716,-0.1249,0.5026,5.8734,-0.1257,0.4800,0,1
5.9801,0.0048,0.8289,-0.0081,-0.0487,6.1882,0.1150,0.5194,0.2025,0.1202,-0.3095,6.1882,0.1150,0.5194,6.2786,0.1373,0.4800,0,1,6.1833,-0.1430,0.4512,0.2102,-0.1377,-0.3777,6.1833,-0.1430,0.4512,6.1868,-0.1463,0.4800,1,1,5.7471,0.2022,0.4461,-0.2423,0.1858,-0.3828,5.7471,0.2022,0.4461,5.8142,0.1562,0.4800,1,1,5.7825,-0.1221,0.5136,-0.1912,-0.1364,-0.3153,5.7825,-0.1221,0.5136,5.8784,-0.1275,0.4800,0,1
5.9840,0.0044,0.8282,-0.0098,-0.0405,6.1957,0.1148,0.5275,0.2071,0.1189,-0.3007,6.1957,0.1148,0.5275,6.2814,0.1385,0.4800,0,1,6.1833,-0.1430,0.4512,0.2051,-0.1392,-0.3770,6.1833,-0.1430,0.4512,6.1899,-0.1452,0.4800,1,1,5.7472,0.2021,0.4461,-0.2446,0.1880,-0.3821,5.7472,0.2021,0.4461,5.8149,0.1542,0.4800,1,1,5.7918,-0.1206,0.5217,-0.1870,-0.1327,-0.3065,5.7918,-0.1206,0.5217,5.8834,-0.1295,0.4800,0,1
5.9879,0.0039,0.8277,-0.0105,-0.0316,6.2025,0.1151,0.5314,0.2110,0.1179,-0.2963,6.2025,0.1151,0.5314,6.2841,0.1398,0.4800,0,1,6.1833,-0.1430,0.4512,0.1999,-0.1407,-0.3765,6.1833,-0.1430,0.4512,6.1932,-0.1441,0.4800,1,1,5.7472,0.2021,0.4461,-0.2468,0.1905,-0.3816,5.7472,0.2021,0.4461,5.8155,0.1520,0.4800,1,1,5.8000,-0.1202,0.5256,-0.1839,-0.1300,-0.3021,5.8000,-0.1202,0.5256,5.8885,-0.1319,0.4800,0,1
5.9918,0.0032,0.8276,-0.0104,-0.0215,6.2087,0.1158,0.5302,0.2144,0.1172,-0.2974,6.2087,0.1158,0.5302,6.2866,0.1411,0.4800,0,1,6.1833,-0.1430,0.4513,0.1946,-0.1420,-0.3763,6.1833,-0.1430,0.4513,6.1965,-0.1429,0.4800,1,1,5.7472,0.2021,0.4460,-0.2488,0.1936,-0.3816,5.7472,0.2021,0.4460,5.8159,0.1494,0.4800,1,1,5.8073,-0.1211,0.5244,-0.1818,-0.1282,-0.3032,5.8073,-0.1211,0.5244,5.8938,-0.1346,0.4800,0,1
5.9957,0.0025,0.8278,-0.0095,-0.0102,6.2146,0.1173,0.5245,0.2177,0.1170,-0.3033,6.2146,0.1173,0.5245,6.2889,0.1425,0.4800,0,1,6.1833,-0.1430,0.4513,0.1891,-0.1436,-0.3765,6.1833,-0.1430,0.4513,6.2000,-0.1415,0.4800,1,1,5.7472,0.2021,0.4460,-0.2505,0.1971,-0.3818,5.7472,0.2021,0.4460,5.8161,0.1464,0.4800,1,1,5.8136,-0.1236,0.5187,-0.1808,-0.1280,-0.3091,5.8136,-0.1236,0.5187,5.8992,-0.1375,0.4800,0,1
5.9995,0.0016,0.8284,-0.0081,0.0023,6.2204,0.1197,0.5154,0.2212,0.1176,-0.3130,6.2204,0.1197,0.5154,6.2910,0.1440,0.4800,0,1,6.1834,-0.1431,0.4513,0.1836,-0.1451,-0.3771,6.1834,-0.1431,0.4513,6.2036,-0.1400,0.4800,1,1,5.7473,0.2021,0.4460,-0.2517,0.2011,-0.3824,5.7473,0.2021,0.4460,5.8162,0.1432,0.4800,1,1,5.8189,-0.1283,0.5096,-0.1809,-0.1295,-0.3188,5.8189,-0.1283,0.5096,5.9048,-0.1408,0.4800,0,1
