# D1 OCS2 DTC reference | source=ocs2_rollout primary=fk stair_rise=0.1 lane_y=0.0 comH=0.5
# frames: world=MuJoCo(x fwd,z up); rel=yaw-only base (Rz(-yaw)*(foot-base), z=foot_z-base_z)
# primary foothold = OCS2 FK foot (dynamically feasible) if primary=fk; region_*=terrain-snap sanity; st=stance valid=region_valid
base_x,base_y,base_z,base_pitch,base_yaw,FL_wx,FL_wy,FL_wz,FL_rx,FL_ry,FL_rz,FL_fkx,FL_fky,FL_fkz,FL_regx,FL_regy,FL_regz,FL_st,FL_valid,FR_wx,FR_wy,FR_wz,FR_rx,FR_ry,FR_rz,FR_fkx,FR_fky,FR_fkz,FR_regx,FR_regy,FR_regz,FR_st,FR_valid,HL_wx,HL_wy,HL_wz,HL_rx,HL_ry,HL_rz,HL_fkx,HL_fky,HL_fkz,HL_regx,HL_regy,HL_regz,HL_st,HL_valid,HR_wx,HR_wy,HR_wz,HR_rx,HR_ry,HR_rz,HR_fkx,HR_fky,HR_fkz,HR_regx,HR_regy,HR_regz,HR_st,HR_valid
0.0000,0.0000,0.5000,0.0000,0.0000,0.3764,0.1375,-0.0000,0.3764,0.1375,-0.5000,0.3764,0.1375,-0.0000,0.4764,0.1375,0.0000,1,1,0.3764,-0.1375,-0.0000,0.3764,-0.1375,-0.5000,0.3764,-0.1375,-0.0000,0.4764,-0.1375,0.0000,1,1,-0.1822,0.1375,-0.0000,-0.1822,0.1375,-0.5000,-0.1822,0.1375,-0.0000,-0.0822,0.1375,0.0000,1,1,-0.1822,-0.1375,-0.0000,-0.1822,-0.1375,-0.5000,-0.1822,-0.1375,-0.0000,-0.0822,-0.1375,0.0000,1,1
0.0003,0.0002,0.5002,-0.0019,-0.0000,0.3763,0.1376,-0.0001,0.3760,0.1374,-0.5003,0.3763,0.1376,-0.0001,0.4097,0.1377,0.0000,1,1,0.3804,-0.1377,0.0043,0.3801,-0.1379,-0.4959,0.3804,-0.1377,0.0043,0.4767,-0.1373,0.0000,0,1,-0.1802,0.1443,0.0044,-0.1805,0.1441,-0.4958,-0.1802,0.1443,0.0044,-0.0819,0.1377,0.0000,0,1,-0.1823,-0.1374,-0.0000,-0.1826,-0.1376,-0.5002,-0.1823,-0.1374,-0.0000,-0.1489,-0.1373,0.0000,1,1
0.0011,0.0007,0.5009,-0.0067,0.0000,0.3766,0.1376,0.0003,0.3755,0.1369,-0.5006,0.3766,0.1376,0.0003,0.4085,0.1382,0.0000,1,1,0.3865,-0.1379,0.0125,0.3854,-0.1386,-0.4884,0.3865,-0.1379,0.0125,0.4775,-0.1368,0.0000,0,1,-0.1760,0.1511,0.0123,-0.1771,0.1504,-0.4886,-0.1760,0.1511,0.0123,-0.0811,0.1381,0.0000,0,1,-0.1832,-0.1374,0.0015,-0.1843,-0.1381,-0.4994,-0.1832,-0.1374,0.0015,-0.1501,-0.1369,0.0000,1,1
0.0023,0.0015,0.5019,-0.0126,0.0001,0.3767,0.1377,0.0004,0.3744,0.1362,-0.5015,0.3767,0.1377,0.0004,0.4075,0.1390,0.0000,1,1,0.3930,-0.1377,0.0234,0.3907,-0.1392,-0.4785,0.3930,-0.1377,0.0234,0.4786,-0.1360,0.0000,0,1,-0.1715,0.1577,0.0233,-0.1738,0.1562,-0.4786,-0.1715,0.1577,0.0233,-0.0801,0.1390,0.0000,0,1,-0.1836,-0.1373,0.0021,-0.1859,-0.1388,-0.4998,-0.1836,-0.1373,0.0021,-0.1510,-0.1360,0.0000,1,1
0.0035,0.0028,0.5032,-0.0185,0.0004,0.3766,0.1379,0.0004,0.3732,0.1350,-0.5028,0.3766,0.1379,0.0004,0.4067,0.1403,0.0000,1,1,0.3988,-0.1367,0.0358,0.3952,-0.1397,-0.4674,0.3988,-0.1367,0.0358,0.4798,-0.1347,0.0000,0,1,-0.1674,0.1642,0.0361,-0.1708,0.1615,-0.4671,-0.1674,0.1642,0.0361,-0.0789,0.1401,0.0000,0,1,-0.1846,-0.1371,0.0032,-0.1882,-0.1398,-0.5000,-0.1846,-0.1371,0.0032,-0.1518,-0.1349,0.0000,1,1
0.0048,0.0043,0.5044,-0.0230,0.0009,0.3758,0.1382,-0.0002,0.3711,0.1336,-0.5046,0.3758,0.1382,-0.0002,0.4059,0.1421,0.0000,1,1,0.4031,-0.1346,0.0484,0.3982,-0.1393,-0.4560,0.4031,-0.1346,0.0484,0.4812,-0.1329,0.0000,0,1,-0.1650,0.1707,0.0496,-0.1697,0.1666,-0.4548,-0.1650,0.1707,0.0496,-0.0777,0.1415,0.0000,0,1,-0.1856,-0.1369,0.0034,-0.1905,-0.1410,-0.5010,-0.1856,-0.1369,0.0034,-0.1524,-0.1335,0.0000,1,1
0.0061,0.0062,0.5058,-0.0269,0.0015,0.3755,0.1383,-0.0003,0.3696,0.1315,-0.5061,0.3755,0.1383,-0.0003,0.4052,0.1441,0.0000,1,1,0.4067,-0.1318,0.0604,0.4004,-0.1386,-0.4454,0.4067,-0.1318,0.0604,0.4826,-0.1309,0.0000,0,1,-0.1631,0.1772,0.0620,-0.1689,0.1713,-0.4438,-0.1631,0.1772,0.0620,-0.0764,0.1433,0.0000,0,1,-0.1860,-0.1368,0.0036,-0.1923,-0.1427,-0.5022,-0.1860,-0.1368,0.0036,-0.1530,-0.1317,0.0000,1,1
0.0074,0.0083,0.5070,-0.0294,0.0022,0.3750,0.1385,-0.0007,0.3679,0.1294,-0.5077,0.3750,0.1385,-0.0007,0.4044,0.1466,0.0000,1,1,0.4086,-0.1280,0.0696,0.4009,-0.1372,-0.4374,0.4086,-0.1280,0.0696,0.4840,-0.1284,0.0000,0,1,-0.1629,0.1836,0.0718,-0.1699,0.1757,-0.4352,-0.1629,0.1836,0.0718,-0.0752,0.1454,0.0000,0,1,-0.1866,-0.1367,0.0036,-0.1943,-0.1446,-0.5034,-0.1866,-0.1367,0.0036,-0.1536,-0.1296,0.0000,1,1
0.0087,0.0108,0.5081,-0.0307,0.0030,0.3749,0.1385,-0.0008,0.3666,0.1266,-0.5089,0.3749,0.1385,-0.0008,0.4036,0.1494,0.0000,1,1,0.4095,-0.1233,0.0750,0.4004,-0.1353,-0.4331,0.4095,-0.1233,0.0750,0.4855,-0.1256,0.0000,0,1,-0.1634,0.1903,0.0775,-0.1716,0.1800,-0.4306,-0.1634,0.1903,0.0775,-0.0740,0.1477,0.0000,0,1,-0.1873,-0.1366,0.0040,-0.1964,-0.1468,-0.5041,-0.1873,-0.1366,0.0040,-0.1541,-0.1273,0.0000,1,1
0.0100,0.0137,0.5091,-0.0310,0.0036,0.3748,0.1386,-0.0009,0.3652,0.1236,-0.5100,0.3748,0.1386,-0.0009,0.4028,0.1525,0.0000,1,1,0.4101,-0.1183,0.0768,0.3996,-0.1334,-0.4323,0.4101,-0.1183,0.0768,0.4868,-0.1225,0.0000,0,1,-0.1640,0.1974,0.0794,-0.1733,0.1843,-0.4297,-0.1640,0.1974,0.0794,-0.0728,0.1505,0.0000,0,1,-0.1891,-0.1365,0.0061,-0.1996,-0.1495,-0.5030,-0.1891,-0.1365,0.0061,-0.1548,-0.1245,0.0000,1,1
0.0112,0.0169,0.5099,-0.0301,0.0042,0.3748,0.1387,-0.0009,0.3641,0.1203,-0.5108,0.3748,0.1387,-0.0009,0.4020,0.1559,0.0000,1,1,0.4105,-0.1127,0.0733,0.3988,-0.1313,-0.4366,0.4105,-0.1127,0.0733,0.4882,-0.1191,0.0000,0,1,-0.1649,0.2051,0.0759,-0.1753,0.1889,-0.4340,-0.1649,0.2051,0.0759,-0.0716,0.1536,0.0000,0,1,-0.1897,-0.1364,0.0068,-0.2015,-0.1525,-0.5031,-0.1897,-0.1364,0.0068,-0.1554,-0.1214,0.0000,1,1
0.0124,0.0204,0.5107,-0.0282,0.0047,0.3749,0.1388,-0.0008,0.3631,0.1167,-0.5115,0.3749,0.1388,-0.0008,0.4011,0.1597,0.0000,1,1,0.4076,-0.1063,0.0662,0.3946,-0.1286,-0.4445,0.4076,-0.1063,0.0662,0.4894,-0.1153,0.0000,0,1,-0.1649,0.2135,0.0685,-0.1764,0.1939,-0.4422,-0.1649,0.2135,0.0685,-0.0705,0.1570,0.0000,0,1,-0.1907,-0.1363,0.0080,-0.2038,-0.1557,-0.5027,-0.1907,-0.1363,0.0080,-0.1562,-0.1179,0.0000,1,1
0.0135,0.0243,0.5112,-0.0256,0.0051,0.3750,0.1389,-0.0007,0.3621,0.1128,-0.5119,0.3750,0.1389,-0.0007,0.4002,0.1638,0.0000,1,1,0.4098,-0.0991,0.0573,0.3957,-0.1254,-0.4539,0.4098,-0.0991,0.0573,0.4906,-0.1112,0.0000,0,1,-0.1685,0.2220,0.0597,-0.1810,0.1986,-0.4515,-0.1685,0.2220,0.0597,-0.0694,0.1609,0.0000,0,1,-0.1920,-0.1362,0.0097,-0.2063,-0.1594,-0.5015,-0.1920,-0.1362,0.0097,-0.1570,-0.1141,0.0000,1,1
0.0147,0.0286,0.5117,-0.0228,0.0056,0.3751,0.1390,-0.0006,0.3610,0.1084,-0.5123,0.3751,0.1390,-0.0006,0.3993,0.1682,0.0000,1,1,0.4043,-0.0912,0.0479,0.3889,-0.1220,-0.4638,0.4043,-0.0912,0.0479,0.4919,-0.1068,0.0000,0,1,-0.1723,0.2312,0.0494,-0.1859,0.2036,-0.4623,-0.1723,0.2312,0.0494,-0.0683,0.1651,0.0000,0,1,-0.1925,-0.1360,0.0104,-0.2081,-0.1634,-0.5013,-0.1925,-0.1360,0.0104,-0.1577,-0.1099,0.0000,1,1
0.0159,0.0333,0.5120,-0.0202,0.0063,0.3752,0.1391,-0.0005,0.3600,0.1035,-0.5125,0.3752,0.1391,-0.0005,0.3984,0.1731,0.0000,1,1,0.4039,-0.0823,0.0388,0.3873,-0.1180,-0.4732,0.4039,-0.0823,0.0388,0.4932,-0.1019,0.0000,0,1,-0.1763,0.2407,0.0420,-0.1909,0.2086,-0.4700,-0.1763,0.2407,0.0420,-0.0672,0.1696,0.0000,0,1,-0.1925,-0.1360,0.0105,-0.2095,-0.1680,-0.5015,-0.1925,-0.1360,0.0105,-0.1584,-0.1054,0.0000,1,1
0.0172,0.0383,0.5121,-0.0185,0.0072,0.3753,0.1390,-0.0005,0.3588,0.0981,-0.5126,0.3753,0.1390,-0.0005,0.3976,0.1784,0.0000,1,1,0.4003,-0.0729,0.0288,0.3823,-0.1140,-0.4833,0.4003,-0.0729,0.0288,0.4946,-0.0965,0.0000,0,1,-0.1803,0.2499,0.0351,-0.1960,0.2130,-0.4770,-0.1803,0.2499,0.0351,-0.0660,0.1744,0.0000,0,1,-0.1924,-0.1361,0.0105,-0.2109,-0.1729,-0.5016,-0.1924,-0.1361,0.0105,-0.1590,-0.1006,0.0000,1,1
0.0187,0.0436,0.5121,-0.0182,0.0084,0.3755,0.1387,-0.0004,0.3576,0.0921,-0.5125,0.3755,0.1387,-0.0004,0.3969,0.1842,0.0000,1,1,0.3971,-0.0642,0.0195,0.3775,-0.1110,-0.4926,0.3971,-0.0642,0.0195,0.4962,-0.0908,0.0000,0,1,-0.1834,0.2587,0.0273,-0.2003,0.2168,-0.4848,-0.1834,0.2587,0.0273,-0.0647,0.1795,0.0000,0,1,-0.1922,-0.1364,0.0105,-0.2124,-0.1782,-0.5016,-0.1922,-0.1364,0.0105,-0.1594,-0.0955,0.0000,1,1
0.0203,0.0491,0.5119,-0.0203,0.0098,0.3757,0.1381,-0.0004,0.3563,0.0855,-0.5123,0.3757,0.1381,-0.0004,0.3963,0.1902,0.0000,1,1,0.3955,-0.0580,0.0125,0.3741,-0.1108,-0.4994,0.3955,-0.0580,0.0125,0.4980,-0.0848,0.0000,0,1,-0.1841,0.2654,0.0199,-0.2023,0.2183,-0.4920,-0.1841,0.2654,0.0199,-0.0632,0.1848,0.0000,0,1,-0.1920,-0.1369,0.0106,-0.2141,-0.1839,-0.5013,-0.1920,-0.1369,0.0106,-0.1595,-0.0902,0.0000,1,1
0.0225,0.0550,0.5118,-0.0245,0.0112,0.3821,0.1397,0.0017,0.3605,0.0807,-0.5101,0.3821,0.1397,0.0017,0.4972,0.1962,0.0000,0,1,0.3949,-0.0565,0.0098,0.3711,-0.1157,-0.5020,0.3949,-0.0565,0.0098,0.4342,-0.0787,0.0000,1,1,-0.1834,0.2676,0.0167,-0.2035,0.2149,-0.4951,-0.1834,0.2676,0.0167,-0.1274,0.1901,0.0000,1,1,-0.1861,-0.1387,0.0130,-0.2108,-0.1914,-0.4988,-0.1861,-0.1387,0.0130,-0.0584,-0.0849,0.0000,0,1
0.0247,0.0596,0.5120,-0.0277,0.0122,0.3921,0.1439,0.0080,0.3684,0.0798,-0.5040,0.3921,0.1439,0.0080,0.4994,0.2016,0.0000,0,1,0.3950,-0.0576,0.0101,0.3688,-0.1217,-0.5019,0.3950,-0.0576,0.0101,0.4347,-0.0734,0.0000,1,1,-0.1832,0.2666,0.0163,-0.2054,0.2095,-0.4957,-0.1832,0.2666,0.0163,-0.1272,0.1948,0.0000,1,1,-0.1769,-0.1400,0.0196,-0.2040,-0.1971,-0.4924,-0.1769,-0.1400,0.0196,-0.0558,-0.0801,0.0000,0,1
0.0275,0.0638,0.5125,-0.0301,0.0130,0.4024,0.1502,0.0181,0.3760,0.0815,-0.4944,0.4024,0.1502,0.0181,0.5021,0.2062,0.0000,0,1,0.3951,-0.0585,0.0104,0.3660,-0.1271,-0.5021,0.3951,-0.0585,0.0104,0.4356,-0.0688,0.0000,1,1,-0.1831,0.2658,0.0159,-0.2080,0.2047,-0.4966,-0.1831,0.2658,0.0159,-0.1265,0.1989,0.0000,1,1,-0.1674,-0.1399,0.0288,-0.1975,-0.2011,-0.4837,-0.1674,-0.1399,0.0288,-0.0529,-0.0761,0.0000,0,1
0.0307,0.0673,0.5134,-0.0318,0.0135,0.4120,0.1572,0.0303,0.3825,0.0847,-0.4831,0.4120,0.1572,0.0303,0.5051,0.2099,0.0000,0,1,0.3951,-0.0591,0.0105,0.3627,-0.1313,-0.5029,0.3951,-0.0591,0.0105,0.4369,-0.0650,0.0000,1,1,-0.1830,0.2652,0.0156,-0.2110,0.2008,-0.4978,-0.1830,0.2652,0.0156,-0.1254,0.2024,0.0000,1,1,-0.1582,-0.1385,0.0395,-0.1917,-0.2032,-0.4739,-0.1582,-0.1385,0.0395,-0.0497,-0.0726,0.0000,0,1
0.0342,0.0702,0.5144,-0.0328,0.0137,0.4206,0.1641,0.0434,0.3877,0.0886,-0.4710,0.4206,0.1641,0.0434,0.5086,0.2129,0.0000,0,1,0.3952,-0.0595,0.0106,0.3592,-0.1346,-0.5038,0.3952,-0.0595,0.0106,0.4384,-0.0620,0.0000,1,1,-0.1829,0.2649,0.0153,-0.2144,0.1977,-0.4991,-0.1829,0.2649,0.0153,-0.1239,0.2053,0.0000,1,1,-0.1498,-0.1365,0.0502,-0.1868,-0.2042,-0.4642,-0.1498,-0.1365,0.0502,-0.0462,-0.0697,0.0000,0,1
0.0380,0.0725,0.5154,-0.0331,0.0137,0.4281,0.1705,0.0562,0.3914,0.0926,-0.4592,0.4281,0.1705,0.0562,0.5124,0.2152,0.0000,0,1,0.3952,-0.0597,0.0107,0.3554,-0.1371,-0.5047,0.3952,-0.0597,0.0107,0.4402,-0.0597,0.0000,1,1,-0.1829,0.2647,0.0152,-0.2182,0.1952,-0.5002,-0.1829,0.2647,0.0152,-0.1221,0.2076,0.0000,1,1,-0.1421,-0.1341,0.0613,-0.1829,-0.2041,-0.4541,-0.1421,-0.1341,0.0613,-0.0424,-0.0674,0.0000,0,1
0.0420,0.0743,0.5165,-0.0328,0.0135,0.4349,0.1762,0.0673,0.3942,0.0966,-0.4492,0.4349,0.1762,0.0673,0.5165,0.2169,0.0000,0,1,0.3952,-0.0598,0.0107,0.3514,-0.1389,-0.5058,0.3952,-0.0598,0.0107,0.4422,-0.0581,0.0000,1,1,-0.1828,0.2647,0.0151,-0.2222,0.1934,-0.5014,-0.1828,0.2647,0.0151,-0.1201,0.2094,0.0000,1,1,-0.1348,-0.1316,0.0718,-0.1796,-0.2035,-0.4447,-0.1348,-0.1316,0.0718,-0.0383,-0.0656,0.0000,0,1
0.0463,0.0755,0.5175,-0.0319,0.0132,0.4412,0.1810,0.0755,0.3963,0.1003,-0.4420,0.4412,0.1810,0.0755,0.5208,0.2180,0.0000,0,1,0.3953,-0.0598,0.0107,0.3472,-0.1399,-0.5068,0.3953,-0.0598,0.0107,0.4445,-0.0569,0.0000,1,1,-0.1828,0.2646,0.0151,-0.2266,0.1921,-0.5024,-0.1828,0.2646,0.0151,-0.1177,0.2107,0.0000,1,1,-0.1285,-0.1289,0.0799,-0.1775,-0.2021,-0.4376,-0.1285,-0.1289,0.0799,-0.0341,-0.0643,0.0000,0,1
0.0508,0.0763,0.5184,-0.0304,0.0128,0.4475,0.1849,0.0794,0.3981,0.1035,-0.4390,0.4475,0.1849,0.0794,0.5254,0.2187,0.0000,0,1,0.3953,-0.0598,0.0107,0.3427,-0.1405,-0.5077,0.3953,-0.0598,0.0107,0.4469,-0.0563,0.0000,1,1,-0.1828,0.2646,0.0150,-0.2312,0.1913,-0.5034,-0.1828,0.2646,0.0150,-0.1152,0.2115,0.0000,1,1,-0.1228,-0.1261,0.0838,-0.1762,-0.2002,-0.4346,-0.1228,-0.1261,0.0838,-0.0296,-0.0635,0.0000,0,1
0.0555,0.0767,0.5191,-0.0283,0.0123,0.4542,0.1881,0.0783,0.4000,0.1065,-0.4408,0.4542,0.1881,0.0783,0.5302,0.2188,0.0000,0,1,0.3954,-0.0597,0.0107,0.3382,-0.1406,-0.5084,0.3954,-0.0597,0.0107,0.4496,-0.0562,0.0000,1,1,-0.1828,0.2647,0.0150,-0.2360,0.1909,-0.5041,-0.1828,0.2647,0.0150,-0.1124,0.2119,0.0000,1,1,-0.1172,-0.1235,0.0827,-0.1751,-0.1981,-0.4364,-0.1172,-0.1235,0.0827,-0.0250,-0.0631,0.0000,0,1
0.0604,0.0766,0.5198,-0.0258,0.0119,0.4588,0.1905,0.0729,0.3997,0.1092,-0.4469,0.4588,0.1905,0.0729,0.5351,0.2186,0.0000,0,1,0.3954,-0.0598,0.0108,0.3334,-0.1404,-0.5090,0.3954,-0.0598,0.0108,0.4524,-0.0564,0.0000,1,1,-0.1827,0.2647,0.0150,-0.2408,0.1910,-0.5048,-0.1827,0.2647,0.0150,-0.1094,0.2119,0.0000,1,1,-0.1114,-0.1208,0.0769,-0.1741,-0.1953,-0.4429,-0.1114,-0.1208,0.0769,-0.0201,-0.0631,0.0000,0,1
0.0655,0.0761,0.5203,-0.0229,0.0115,0.4674,0.1923,0.0645,0.4032,0.1116,-0.4558,0.4674,0.1923,0.0645,0.5403,0.2180,0.0000,0,1,0.3955,-0.0597,0.0108,0.3284,-0.1396,-0.5095,0.3955,-0.0597,0.0108,0.4555,-0.0570,0.0000,1,1,-0.1826,0.2647,0.0149,-0.2459,0.1914,-0.5054,-0.1826,0.2647,0.0149,-0.1063,0.2115,0.0000,1,1,-0.1050,-0.1182,0.0685,-0.1727,-0.1923,-0.4518,-0.1050,-0.1182,0.0685,-0.0151,-0.0635,0.0000,0,1
0.0708,0.0753,0.5208,-0.0196,0.0112,0.4699,0.1936,0.0552,0.4004,0.1138,-0.4656,0.4699,0.1936,0.0552,0.5456,0.2170,0.0000,0,1,0.3955,-0.0598,0.0109,0.3232,-0.1387,-0.5099,0.3955,-0.0598,0.0109,0.4587,-0.0580,0.0000,1,1,-0.1826,0.2646,0.0149,-0.2513,0.1921,-0.5059,-0.1826,0.2646,0.0149,-0.1030,0.2107,0.0000,1,1,-0.1019,-0.1153,0.0586,-0.1748,-0.1887,-0.4622,-0.1019,-0.1153,0.0586,-0.0099,-0.0642,0.0000,0,1
0.0763,0.0741,0.5213,-0.0160,0.0108,0.4769,0.1941,0.0460,0.4019,0.1157,-0.4753,0.4769,0.1941,0.0460,0.5511,0.2156,0.0000,0,1,0.3956,-0.0598,0.0109,0.3178,-0.1373,-0.5104,0.3956,-0.0598,0.0109,0.4621,-0.0593,0.0000,1,1,-0.1825,0.2646,0.0149,-0.2567,0.1933,-0.5064,-0.1825,0.2646,0.0149,-0.0995,0.2096,0.0000,1,1,-0.0969,-0.1125,0.0494,-0.1752,-0.1847,-0.4719,-0.0969,-0.1125,0.0494,-0.0045,-0.0654,0.0000,0,1
0.0819,0.0725,0.5219,-0.0119,0.0106,0.4803,0.1942,0.0362,0.3997,0.1175,-0.4857,0.4803,0.1942,0.0362,0.5568,0.2140,0.0000,0,1,0.3956,-0.0598,0.0110,0.3123,-0.1356,-0.5109,0.3956,-0.0598,0.0110,0.4657,-0.0610,0.0000,1,1,-0.1825,0.2646,0.0149,-0.2623,0.1949,-0.5070,-0.1825,0.2646,0.0149,-0.0958,0.2081,0.0000,1,1,-0.0937,-0.1094,0.0418,-0.1775,-0.1800,-0.4801,-0.0937,-0.1094,0.0418,0.0011,-0.0669,0.0000,0,1
0.0877,0.0706,0.5225,-0.0074,0.0105,0.4835,0.1937,0.0271,0.3971,0.1189,-0.4954,0.4835,0.1937,0.0271,0.5627,0.2120,0.0000,0,1,0.3956,-0.0598,0.0110,0.3065,-0.1336,-0.5115,0.3956,-0.0598,0.0110,0.4695,-0.0630,0.0000,1,1,-0.1825,0.2646,0.0149,-0.2681,0.1968,-0.5076,-0.1825,0.2646,0.0149,-0.0919,0.2062,0.0000,1,1,-0.0892,-0.1066,0.0341,-0.1788,-0.1753,-0.4884,-0.0892,-0.1066,0.0341,0.0070,-0.0688,0.0000,0,1
0.0938,0.0683,0.5232,-0.0021,0.0105,0.4862,0.1931,0.0186,0.3937,0.1207,-0.5046,0.4862,0.1931,0.0186,0.5687,0.2098,0.0000,0,1,0.3957,-0.0598,0.0110,0.3005,-0.1313,-0.5122,0.3957,-0.0598,0.0110,0.4735,-0.0652,0.0000,1,1,-0.1825,0.2646,0.0149,-0.2742,0.1992,-0.5083,-0.1825,0.2646,0.0149,-0.0879,0.2039,0.0000,1,1,-0.0853,-0.1039,0.0268,-0.1809,-0.1703,-0.4964,-0.0853,-0.1039,0.0268,0.0130,-0.0711,0.0000,0,1
0.1000,0.0657,0.5242,0.0042,0.0107,0.4888,0.1930,0.0122,0.3901,0.1231,-0.5120,0.4888,0.1930,0.0122,0.5098,0.2073,0.0000,1,1,0.3956,-0.0597,0.0110,0.2942,-0.1286,-0.5132,0.3956,-0.0597,0.0110,0.5778,-0.0677,0.0000,0,1,-0.1825,0.2647,0.0151,-0.2804,0.2020,-0.5091,-0.1825,0.2647,0.0151,0.0163,0.2013,0.0000,0,1,-0.0822,-0.1008,0.0208,-0.1840,-0.1645,-0.5034,-0.0822,-0.1008,0.0208,-0.0458,-0.0737,0.0000,1,1
0.1062,0.0630,0.5252,0.0097,0.0109,0.4885,0.1934,0.0123,0.3837,0.1262,-0.5129,0.4885,0.1934,0.0123,0.5140,0.2046,0.0000,1,1,0.4092,-0.0648,0.0157,0.3016,-0.1311,-0.5095,0.4092,-0.0648,0.0157,0.5840,-0.0704,0.0000,0,1,-0.1715,0.2603,0.0203,-0.2755,0.2003,-0.5049,-0.1715,0.2603,0.0203,0.0225,0.1985,0.0000,0,1,-0.0825,-0.1005,0.0210,-0.1905,-0.1614,-0.5042,-0.0825,-0.1005,0.0210,-0.0415,-0.0765,0.0000,1,1
0.1123,0.0604,0.5262,0.0126,0.0110,0.4886,0.1933,0.0124,0.3777,0.1288,-0.5138,0.4886,0.1933,0.0124,0.5182,0.2020,0.0000,1,1,0.4227,-0.0710,0.0229,0.3089,-0.1348,-0.5033,0.4227,-0.0710,0.0229,0.5902,-0.0729,0.0000,0,1,-0.1591,0.2546,0.0277,-0.2692,0.1972,-0.4985,-0.1591,0.2546,0.0277,0.0286,0.1959,0.0000,0,1,-0.0824,-0.1006,0.0210,-0.1965,-0.1588,-0.5052,-0.0824,-0.1006,0.0210,-0.0374,-0.0791,0.0000,1,1
0.1183,0.0579,0.5272,0.0138,0.0111,0.4886,0.1934,0.0124,0.3718,0.1314,-0.5148,0.4886,0.1934,0.0124,0.5221,0.1995,0.0000,1,1,0.4364,-0.0778,0.0324,0.3166,-0.1392,-0.4948,0.4364,-0.0778,0.0324,0.5962,-0.0754,0.0000,0,1,-0.1459,0.2497,0.0378,-0.2621,0.1947,-0.4894,-0.1459,0.2497,0.0378,0.0346,0.1934,0.0000,0,1,-0.0825,-0.1005,0.0210,-0.2025,-0.1562,-0.5062,-0.0825,-0.1005,0.0210,-0.0334,-0.0816,0.0000,1,1
0.1241,0.0555,0.5281,0.0139,0.0111,0.4885,0.1935,0.0124,0.3659,0.1339,-0.5157,0.4885,0.1935,0.0124,0.5260,0.1972,0.0000,1,1,0.4498,-0.0845,0.0444,0.3241,-0.1436,-0.4837,0.4498,-0.0845,0.0444,0.6020,-0.0778,0.0000,0,1,-0.1328,0.2450,0.0497,-0.2548,0.1923,-0.4784,-0.1328,0.2450,0.0497,0.0404,0.1910,0.0000,0,1,-0.0825,-0.1004,0.0210,-0.2083,-0.1536,-0.5071,-0.0825,-0.1004,0.0210,-0.0296,-0.0840,0.0000,1,1
0.1297,0.0532,0.5290,0.0135,0.0111,0.4885,0.1935,0.0124,0.3603,0.1363,-0.5166,0.4885,0.1935,0.0124,0.5296,0.1949,0.0000,1,1,0.4620,-0.0910,0.0573,0.3307,-0.1479,-0.4717,0.4620,-0.0910,0.0573,0.6076,-0.0801,0.0000,0,1,-0.1202,0.2402,0.0608,-0.2478,0.1898,-0.4682,-0.1202,0.2402,0.0608,0.0460,0.1887,0.0000,0,1,-0.0826,-0.1004,0.0210,-0.2140,-0.1512,-0.5080,-0.0826,-0.1004,0.0210,-0.0259,-0.0863,0.0000,1,1
0.1352,0.0510,0.5298,0.0127,0.0110,0.4884,0.1935,0.0123,0.3547,0.1386,-0.5175,0.4884,0.1935,0.0123,0.5331,0.1927,0.0000,1,1,0.4732,-0.0969,0.0694,0.3364,-0.1516,-0.4604,0.4732,-0.0969,0.0694,0.6131,-0.0823,0.0000,0,1,-0.1079,0.2352,0.0721,-0.2411,0.1869,-0.4577,-0.1079,0.2352,0.0721,0.0515,0.1865,0.0000,0,1,-0.0826,-0.1004,0.0210,-0.2195,-0.1490,-0.5088,-0.0826,-0.1004,0.0210,-0.0225,-0.0885,0.0000,1,1
0.1405,0.0490,0.5305,0.0120,0.0108,0.4885,0.1934,0.0123,0.3495,0.1406,-0.5182,0.4885,0.1934,0.0123,0.5364,0.1905,0.0000,1,1,0.4836,-0.1023,0.0792,0.3414,-0.1550,-0.4513,0.4836,-0.1023,0.0792,0.6184,-0.0845,0.0000,0,1,-0.0963,0.2300,0.0809,-0.2348,0.1835,-0.4496,-0.0963,0.2300,0.0809,0.0568,0.1845,0.0000,0,1,-0.0826,-0.1004,0.0210,-0.2247,-0.1470,-0.5095,-0.0826,-0.1004,0.0210,-0.0192,-0.0905,0.0000,1,1
0.1457,0.0470,0.5309,0.0113,0.0106,0.4885,0.1934,0.0123,0.3443,0.1428,-0.5186,0.4885,0.1934,0.0123,0.5396,0.1884,0.0000,1,1,0.4935,-0.1072,0.0854,0.3461,-0.1579,-0.4455,0.4935,-0.1072,0.0854,0.6236,-0.0865,0.0000,0,1,-0.0857,0.2245,0.0868,-0.2295,0.1799,-0.4441,-0.0857,0.2245,0.0868,0.0621,0.1825,0.0000,0,1,-0.0826,-0.1005,0.0210,-0.2299,-0.1451,-0.5099,-0.0826,-0.1005,0.0210,-0.0160,-0.0925,0.0000,1,1
0.1508,0.0450,0.5312,0.0109,0.0102,0.4885,0.1933,0.0123,0.3392,0.1448,-0.5189,0.4885,0.1933,0.0123,0.5428,0.1864,0.0000,1,1,0.5034,-0.1118,0.0869,0.3510,-0.1604,-0.4443,0.5034,-0.1118,0.0869,0.6286,-0.0886,0.0000,0,1,-0.0760,0.2187,0.0882,-0.2250,0.1760,-0.4430,-0.0760,0.2187,0.0882,0.0672,0.1807,0.0000,0,1,-0.0825,-0.1005,0.0210,-0.2348,-0.1431,-0.5102,-0.0825,-0.1005,0.0210,-0.0130,-0.0943,0.0000,1,1
0.1558,0.0432,0.5313,0.0107,0.0098,0.4886,0.1933,0.0123,0.3343,0.1468,-0.5190,0.4886,0.1933,0.0123,0.5459,0.1843,0.0000,1,1,0.5129,-0.1161,0.0834,0.3555,-0.1628,-0.4479,0.5129,-0.1161,0.0834,0.6336,-0.0907,0.0000,0,1,-0.0667,0.2126,0.0846,-0.2208,0.1716,-0.4467,-0.0667,0.2126,0.0846,0.0723,0.1789,0.0000,0,1,-0.0825,-0.1006,0.0210,-0.2397,-0.1415,-0.5103,-0.0825,-0.1006,0.0210,-0.0100,-0.0961,0.0000,1,1
0.1608,0.0413,0.5312,0.0108,0.0092,0.4886,0.1932,0.0123,0.3292,0.1489,-0.5189,0.4886,0.1932,0.0123,0.5489,0.1822,0.0000,1,1,0.5235,-0.1203,0.0760,0.3612,-0.1649,-0.4552,0.5235,-0.1203,0.0760,0.6385,-0.0927,0.0000,0,1,-0.0573,0.2061,0.0771,-0.2166,0.1668,-0.4541,-0.0573,0.2061,0.0771,0.0774,0.1771,0.0000,0,1,-0.0825,-0.1006,0.0210,-0.2446,-0.1397,-0.5102,-0.0825,-0.1006,0.0210,-0.0071,-0.0979,0.0000,1,1
0.1658,0.0395,0.5310,0.0112,0.0085,0.4887,0.1931,0.0124,0.3242,0.1508,-0.5186,0.4887,0.1931,0.0124,0.5520,0.1801,0.0000,1,1,0.5308,-0.1244,0.0665,0.3636,-0.1670,-0.4645,0.5308,-0.1244,0.0665,0.6433,-0.0948,0.0000,0,1,-0.0490,0.1990,0.0668,-0.2134,0.1613,-0.4642,-0.0490,0.1990,0.0668,0.0824,0.1754,0.0000,0,1,-0.0823,-0.1007,0.0210,-0.2493,-0.1381,-0.5100,-0.0823,-0.1007,0.0210,-0.0043,-0.0996,0.0000,1,1
0.1708,0.0376,0.5307,0.0122,0.0076,0.4887,0.1931,0.0123,0.3191,0.1531,-0.5184,0.4887,0.1931,0.0123,0.5551,0.1780,0.0000,1,1,0.5406,-0.1278,0.0550,0.3685,-0.1682,-0.4757,0.5406,-0.1278,0.0550,0.6482,-0.0970,0.0000,0,1,-0.0407,0.1912,0.0562,-0.2103,0.1552,-0.4745,-0.0407,0.1912,0.0562,0.0875,0.1737,0.0000,0,1,-0.0824,-0.1007,0.0210,-0.2542,-0.1364,-0.5097,-0.0824,-0.1007,0.0210,-0.0014,-0.1012,0.0000,1,1
0.1758,0.0358,0.5305,0.0136,0.0066,0.4887,0.1931,0.0124,0.3139,0.1552,-0.5181,0.4887,0.1931,0.0124,0.5582,0.1758,0.0000,1,1,0.5463,-0.1314,0.0444,0.3694,-0.1696,-0.4861,0.5463,-0.1314,0.0444,0.6531,-0.0992,0.0000,0,1,-0.0327,0.1829,0.0473,-0.2075,0.1485,-0.4832,-0.0327,0.1829,0.0473,0.0926,0.1721,0.0000,0,1,-0.0823,-0.1008,0.0210,-0.2590,-0.1349,-0.5095,-0.0823,-0.1008,0.0210,0.0015,-0.1029,0.0000,1,1
0.1808,0.0339,0.5302,0.0155,0.0056,0.4888,0.1930,0.0124,0.3089,0.1574,-0.5178,0.4888,0.1930,0.0124,0.5614,0.1735,0.0000,1,1,0.5531,-0.1350,0.0336,0.3713,-0.1710,-0.4966,0.5531,-0.1350,0.0336,0.6580,-0.1015,0.0000,0,1,-0.0249,0.1744,0.0384,-0.2049,0.1416,-0.4918,-0.0249,0.1744,0.0384,0.0978,0.1704,0.0000,0,1,-0.0823,-0.1008,0.0210,-0.2639,-0.1332,-0.5092,-0.0823,-0.1008,0.0210,0.0044,-0.1046,0.0000,1,1
0.1860,0.0320,0.5300,0.0180,0.0045,0.4888,0.1931,0.0124,0.3035,0.1597,-0.5176,0.4888,0.1931,0.0124,0.5647,0.1712,0.0000,1,1,0.5588,-0.1386,0.0233,0.3720,-0.1723,-0.5067,0.5588,-0.1386,0.0233,0.6630,-0.1038,0.0000,0,1,-0.0168,0.1658,0.0299,-0.2022,0.1347,-0.5001,-0.0168,0.1658,0.0299,0.1031,0.1687,0.0000,0,1,-0.0822,-0.1008,0.0210,-0.2688,-0.1316,-0.5090,-0.0822,-0.1008,0.0210,0.0074,-0.1063,0.0000,1,1
0.1912,0.0301,0.5300,0.0212,0.0034,0.4888,0.1933,0.0125,0.2982,0.1622,-0.5175,0.4888,0.1933,0.0125,0.5682,0.1689,0.0000,1,1,0.5645,-0.1418,0.0152,0.3727,-0.1732,-0.5148,0.5645,-0.1418,0.0152,0.6681,-0.1061,0.0000,0,1,-0.0092,0.1576,0.0227,-0.2000,0.1282,-0.5073,-0.0092,0.1576,0.0227,0.1086,0.1670,0.0000,0,1,-0.0822,-0.1005,0.0210,-0.2738,-0.1297,-0.5090,-0.0822,-0.1005,0.0210,0.0105,-0.1080,0.0000,1,1
0.1976,0.0279,0.5301,0.0250,0.0023,0.4979,0.1934,0.0153,0.3007,0.1648,-0.5148,0.4979,0.1934,0.0153,0.6726,0.1667,0.0000,0,1,0.5675,-0.1432,0.0123,0.3695,-0.1720,-0.5178,0.5675,-0.1432,0.0123,0.6073,-0.1083,0.0000,1,1,-0.0053,0.1539,0.0197,-0.2026,0.1265,-0.5104,-0.0053,0.1539,0.0197,0.0480,0.1653,0.0000,1,1,-0.0750,-0.1028,0.0234,-0.2729,-0.1301,-0.5067,-0.0750,-0.1028,0.0234,0.1147,-0.1097,0.0000,0,1
0.2019,0.0264,0.5303,0.0263,0.0016,0.5093,0.1935,0.0213,0.3077,0.1666,-0.5090,0.5093,0.1935,0.0213,0.6780,0.1646,0.0000,0,1,0.5673,-0.1430,0.0121,0.3651,-0.1700,-0.5182,0.5673,-0.1430,0.0121,0.6105,-0.1104,0.0000,1,1,-0.0055,0.1541,0.0199,-0.2072,0.1280,-0.5104,-0.0055,0.1541,0.0199,0.0514,0.1637,0.0000,1,1,-0.0662,-0.1060,0.0287,-0.2683,-0.1320,-0.5016,-0.0662,-0.1060,0.0287,0.1199,-0.1113,0.0000,0,1
0.2070,0.0248,0.5306,0.0262,0.0007,0.5228,0.1935,0.0312,0.3159,0.1685,-0.4994,0.5228,0.1935,0.0312,0.6833,0.1626,0.0000,0,1,0.5671,-0.1428,0.0119,0.3600,-0.1679,-0.5187,0.5671,-0.1428,0.0119,0.6135,-0.1124,0.0000,1,1,-0.0057,0.1543,0.0200,-0.2126,0.1296,-0.5106,-0.0057,0.1543,0.0200,0.0547,0.1622,0.0000,1,1,-0.0549,-0.1106,0.0372,-0.2620,-0.1352,-0.4934,-0.0549,-0.1106,0.0372,0.1249,-0.1128,0.0000,0,1
0.2120,0.0232,0.5310,0.0252,-0.0000,0.5358,0.1933,0.0433,0.3238,0.1701,-0.4877,0.5358,0.1933,0.0433,0.6884,0.1607,0.0000,0,1,0.5669,-0.1427,0.0118,0.3549,-0.1659,-0.5192,0.5669,-0.1427,0.0118,0.6164,-0.1143,0.0000,1,1,-0.0059,0.1544,0.0201,-0.2179,0.1312,-0.5109,-0.0059,0.1544,0.0201,0.0578,0.1607,0.0000,1,1,-0.0429,-0.1156,0.0468,-0.2549,-0.1388,-0.4842,-0.0429,-0.1156,0.0468,0.1298,-0.1143,0.0000,0,1
0.2168,0.0217,0.5314,0.0236,-0.0008,0.5475,0.1926,0.0564,0.3306,0.1712,-0.4750,0.5475,0.1926,0.0564,0.6933,0.1589,0.0000,0,1,0.5668,-0.1426,0.0116,0.3501,-0.1640,-0.5198,0.5668,-0.1426,0.0116,0.6191,-0.1161,0.0000,1,1,-0.0061,0.1544,0.0201,-0.2230,0.1325,-0.5113,-0.0061,0.1544,0.0201,0.0607,0.1594,0.0000,1,1,-0.0313,-0.1205,0.0579,-0.2480,-0.1424,-0.4735,-0.0313,-0.1205,0.0579,0.1345,-0.1156,0.0000,0,1
0.2214,0.0203,0.5318,0.0219,-0.0014,0.5582,0.1914,0.0689,0.3366,0.1716,-0.4629,0.5582,0.1914,0.0689,0.6980,0.1573,0.0000,0,1,0.5667,-0.1425,0.0115,0.3455,-0.1623,-0.5203,0.5667,-0.1425,0.0115,0.6216,-0.1177,0.0000,1,1,-0.0062,0.1545,0.0202,-0.2278,0.1339,-0.5116,-0.0062,0.1545,0.0202,0.0634,0.1581,0.0000,1,1,-0.0204,-0.1249,0.0693,-0.2416,-0.1455,-0.4625,-0.0204,-0.1249,0.0693,0.1390,-0.1169,0.0000,0,1
0.2259,0.0190,0.5322,0.0200,-0.0020,0.5681,0.1896,0.0802,0.3419,0.1713,-0.4520,0.5681,0.1896,0.0802,0.7026,0.1557,0.0000,0,1,0.5666,-0.1425,0.0115,0.3410,-0.1608,-0.5207,0.5666,-0.1425,0.0115,0.6240,-0.1193,0.0000,1,1,-0.0062,0.1545,0.0201,-0.2324,0.1350,-0.5121,-0.0062,0.1545,0.0201,0.0660,0.1568,0.0000,1,1,-0.0103,-0.1290,0.0806,-0.2359,-0.1485,-0.4516,-0.0103,-0.1290,0.0806,0.1434,-0.1182,0.0000,0,1
0.2303,0.0177,0.5324,0.0182,-0.0024,0.5773,0.1875,0.0884,0.3466,0.1706,-0.4440,0.5773,0.1875,0.0884,0.7070,0.1543,0.0000,0,1,0.5667,-0.1426,0.0115,0.3368,-0.1595,-0.5209,0.5667,-0.1426,0.0115,0.6264,-0.1207,0.0000,1,1,-0.0062,0.1545,0.0201,-0.2368,0.1362,-0.5123,-0.0062,0.1545,0.0201,0.0684,0.1556,0.0000,1,1,-0.0010,-0.1326,0.0886,-0.2309,-0.1509,-0.4438,-0.0010,-0.1326,0.0886,0.1478,-0.1194,0.0000,0,1
0.2346,0.0164,0.5325,0.0167,-0.0028,0.5861,0.1850,0.0924,0.3510,0.1696,-0.4401,0.5861,0.1850,0.0924,0.7113,0.1529,0.0000,0,1,0.5667,-0.1426,0.0115,0.3325,-0.1581,-0.5210,0.5667,-0.1426,0.0115,0.6286,-0.1221,0.0000,1,1,-0.0062,0.1545,0.0201,-0.2412,0.1374,-0.5124,-0.0062,0.1545,0.0201,0.0708,0.1544,0.0000,1,1,0.0074,-0.1358,0.0925,-0.2268,-0.1528,-0.4400,0.0074,-0.1358,0.0925,0.1520,-0.1206,0.0000,0,1
0.2388,0.0152,0.5325,0.0155,-0.0031,0.5949,0.1821,0.0912,0.3556,0.1680,-0.4413,0.5949,0.1821,0.0912,0.7156,0.1515,0.0000,0,1,0.5667,-0.1426,0.0115,0.3284,-0.1568,-0.5210,0.5667,-0.1426,0.0115,0.6307,-0.1235,0.0000,1,1,-0.0061,0.1544,0.0201,-0.2453,0.1384,-0.5124,-0.0061,0.1544,0.0201,0.0730,0.1533,0.0000,1,1,0.0151,-0.1385,0.0914,-0.2232,-0.1544,-0.4411,0.0151,-0.1385,0.0914,0.1561,-0.1217,0.0000,0,1
0.2429,0.0140,0.5322,0.0148,-0.0033,0.6033,0.1788,0.0855,0.3599,0.1660,-0.4467,0.6033,0.1788,0.0855,0.7197,0.1503,0.0000,0,1,0.5667,-0.1426,0.0115,0.3243,-0.1555,-0.5207,0.5667,-0.1426,0.0115,0.6328,-0.1247,0.0000,1,1,-0.0061,0.1544,0.0200,-0.2495,0.1396,-0.5122,-0.0061,0.1544,0.0200,0.0751,0.1521,0.0000,1,1,0.0226,-0.1409,0.0856,-0.2198,-0.1556,-0.4466,0.0226,-0.1409,0.0856,0.1602,-0.1229,0.0000,0,1
0.2470,0.0128,0.5319,0.0145,-0.0034,0.6113,0.1750,0.0764,0.3637,0.1634,-0.4555,0.6113,0.1750,0.0764,0.7238,0.1491,0.0000,0,1,0.5668,-0.1427,0.0115,0.3203,-0.1544,-0.5204,0.5668,-0.1427,0.0115,0.6349,-0.1259,0.0000,1,1,-0.0060,0.1544,0.0200,-0.2535,0.1407,-0.5119,-0.0060,0.1544,0.0200,0.0772,0.1510,0.0000,1,1,0.0299,-0.1429,0.0765,-0.2166,-0.1564,-0.4554,0.0299,-0.1429,0.0765,0.1643,-0.1240,0.0000,0,1
0.2510,0.0117,0.5315,0.0146,-0.0034,0.6184,0.1708,0.0650,0.3669,0.1603,-0.4665,0.6184,0.1708,0.0650,0.7279,0.1479,0.0000,0,1,0.5668,-0.1427,0.0116,0.3163,-0.1533,-0.5199,0.5668,-0.1427,0.0116,0.6369,-0.1271,0.0000,1,1,-0.0060,0.1544,0.0200,-0.2575,0.1418,-0.5115,-0.0060,0.1544,0.0200,0.0793,0.1498,0.0000,1,1,0.0370,-0.1446,0.0662,-0.2135,-0.1570,-0.4653,0.0370,-0.1446,0.0662,0.1683,-0.1252,0.0000,0,1
0.2551,0.0105,0.5310,0.0152,-0.0033,0.6250,0.1662,0.0525,0.3694,0.1569,-0.4785,0.6250,0.1662,0.0525,0.7319,0.1468,0.0000,0,1,0.5669,-0.1427,0.0116,0.3123,-0.1522,-0.5194,0.5669,-0.1427,0.0116,0.6390,-0.1282,0.0000,1,1,-0.0059,0.1543,0.0200,-0.2615,0.1429,-0.5110,-0.0059,0.1543,0.0200,0.0813,0.1487,0.0000,1,1,0.0424,-0.1460,0.0556,-0.2122,-0.1572,-0.4754,0.0424,-0.1460,0.0556,0.1724,-0.1263,0.0000,0,1
0.2592,0.0094,0.5305,0.0160,-0.0031,0.6302,0.1615,0.0404,0.3705,0.1532,-0.4901,0.6302,0.1615,0.0404,0.7360,0.1457,0.0000,0,1,0.5669,-0.1427,0.0117,0.3082,-0.1511,-0.5188,0.5669,-0.1427,0.0117,0.6412,-0.1293,0.0000,1,1,-0.0059,0.1544,0.0200,-0.2655,0.1442,-0.5105,-0.0059,0.1544,0.0200,0.0834,0.1475,0.0000,1,1,0.0485,-0.1471,0.0456,-0.2102,-0.1572,-0.4849,0.0485,-0.1471,0.0456,0.1766,-0.1275,0.0000,0,1
0.2634,0.0083,0.5302,0.0172,-0.0028,0.6356,0.1565,0.0292,0.3718,0.1492,-0.5010,0.6356,0.1565,0.0292,0.7402,0.1447,0.0000,0,1,0.5670,-0.1427,0.0117,0.3040,-0.1501,-0.5185,0.5670,-0.1427,0.0117,0.6434,-0.1303,0.0000,1,1,-0.0058,0.1544,0.0200,-0.2696,0.1453,-0.5102,-0.0058,0.1544,0.0200,0.0856,0.1463,0.0000,1,1,0.0548,-0.1475,0.0362,-0.2082,-0.1564,-0.4940,0.0548,-0.1475,0.0362,0.1808,-0.1287,0.0000,0,1
0.2678,0.0072,0.5300,0.0187,-0.0023,0.6403,0.1521,0.0199,0.3722,0.1458,-0.5101,0.6403,0.1521,0.0199,0.7445,0.1438,0.0000,0,1,0.5671,-0.1427,0.0118,0.2996,-0.1492,-0.5182,0.5671,-0.1427,0.0118,0.6458,-0.1312,0.0000,1,1,-0.0058,0.1544,0.0200,-0.2739,0.1466,-0.5100,-0.0058,0.1544,0.0200,0.0879,0.1451,0.0000,1,1,0.0611,-0.1477,0.0277,-0.2063,-0.1554,-0.5023,0.0611,-0.1477,0.0277,0.1852,-0.1299,0.0000,0,1
0.2745,0.0056,0.5301,0.0213,-0.0014,0.6453,0.1487,0.0134,0.3706,0.1436,-0.5167,0.6453,0.1487,0.0134,0.7488,0.1430,0.0000,0,1,0.5735,-0.1437,0.0134,0.2992,-0.1489,-0.5167,0.5735,-0.1437,0.0134,0.6483,-0.1320,0.0000,1,1,-0.0003,0.1548,0.0214,-0.2750,0.1488,-0.5087,-0.0003,0.1548,0.0214,0.0902,0.1440,0.0000,1,1,0.0685,-0.1475,0.0212,-0.2058,-0.1534,-0.5089,0.0685,-0.1475,0.0212,0.1897,-0.1310,0.0000,0,1
0.2769,0.0051,0.5302,0.0219,-0.0009,0.6450,0.1488,0.0134,0.3680,0.1440,-0.5168,0.6450,0.1488,0.0134,0.6862,0.1423,0.0000,1,1,0.5802,-0.1449,0.0167,0.3034,-0.1497,-0.5135,0.5802,-0.1449,0.0167,0.7529,-0.1327,0.0000,0,1,0.0052,0.1553,0.0249,-0.2718,0.1500,-0.5053,0.0052,0.1553,0.0249,0.1946,0.1428,0.0000,0,1,0.0682,-0.1474,0.0213,-0.2086,-0.1527,-0.5089,0.0682,-0.1474,0.0213,0.1273,-0.1322,0.0000,1,1
0.2812,0.0042,0.5304,0.0214,-0.0002,0.6450,0.1488,0.0134,0.3638,0.1447,-0.5170,0.6450,0.1488,0.0134,0.6886,0.1416,0.0000,1,1,0.5929,-0.1477,0.0245,0.3117,-0.1518,-0.5059,0.5929,-0.1477,0.0245,0.7575,-0.1334,0.0000,0,1,0.0160,0.1565,0.0320,-0.2652,0.1522,-0.4984,0.0160,0.1565,0.0320,0.1990,0.1417,0.0000,0,1,0.0682,-0.1474,0.0213,-0.2130,-0.1516,-0.5091,0.0682,-0.1474,0.0213,0.1299,-0.1333,0.0000,1,1
0.2855,0.0034,0.5308,0.0203,0.0006,0.6447,0.1488,0.0133,0.3593,0.1452,-0.5175,0.6447,0.1488,0.0133,0.6908,0.1411,0.0000,1,1,0.6057,-0.1507,0.0351,0.3201,-0.1543,-0.4957,0.6057,-0.1507,0.0351,0.7620,-0.1339,0.0000,0,1,0.0273,0.1580,0.0423,-0.2581,0.1548,-0.4885,0.0273,0.1580,0.0423,0.2032,0.1408,0.0000,0,1,0.0680,-0.1473,0.0214,-0.2176,-0.1506,-0.5094,0.0680,-0.1473,0.0214,0.1324,-0.1342,0.0000,1,1
0.2898,0.0027,0.5312,0.0187,0.0012,0.6446,0.1488,0.0132,0.3550,0.1457,-0.5180,0.6446,0.1488,0.0132,0.6930,0.1406,0.0000,1,1,0.6177,-0.1535,0.0475,0.3277,-0.1566,-0.4837,0.6177,-0.1535,0.0475,0.7664,-0.1344,0.0000,0,1,0.0389,0.1595,0.0538,-0.2507,0.1571,-0.4774,0.0389,0.1595,0.0538,0.2074,0.1399,0.0000,0,1,0.0679,-0.1473,0.0214,-0.2221,-0.1497,-0.5098,0.0679,-0.1473,0.0214,0.1348,-0.1351,0.0000,1,1
0.2940,0.0020,0.5317,0.0170,0.0018,0.6445,0.1489,0.0131,0.3508,0.1463,-0.5186,0.6445,0.1489,0.0131,0.6951,0.1402,0.0000,1,1,0.6284,-0.1559,0.0605,0.3341,-0.1585,-0.4712,0.6284,-0.1559,0.0605,0.7706,-0.1348,0.0000,0,1,0.0498,0.1607,0.0652,-0.2439,0.1591,-0.4665,0.0498,0.1607,0.0652,0.2115,0.1392,0.0000,0,1,0.0678,-0.1473,0.0214,-0.2265,-0.1489,-0.5103,0.0678,-0.1473,0.0214,0.1370,-0.1358,0.0000,1,1
0.2980,0.0014,0.5321,0.0155,0.0023,0.6445,0.1488,0.0130,0.3468,0.1466,-0.5191,0.6445,0.1488,0.0130,0.6971,0.1398,0.0000,1,1,0.6380,-0.1577,0.0724,0.3396,-0.1599,-0.4597,0.6380,-0.1577,0.0724,0.7747,-0.1352,0.0000,0,1,0.0600,0.1615,0.0764,-0.2376,0.1606,-0.4557,0.0600,0.1615,0.0764,0.2155,0.1385,0.0000,0,1,0.0677,-0.1473,0.0214,-0.2306,-0.1482,-0.5107,0.0677,-0.1473,0.0214,0.1391,-0.1365,0.0000,1,1
0.3020,0.0010,0.5324,0.0141,0.0027,0.6445,0.1488,0.0129,0.3429,0.1469,-0.5195,0.6445,0.1488,0.0129,0.6990,0.1395,0.0000,1,1,0.6467,-0.1589,0.0821,0.3443,-0.1608,-0.4503,0.6467,-0.1589,0.0821,0.7788,-0.1355,0.0000,0,1,0.0691,0.1616,0.0859,-0.2325,0.1612,-0.4465,0.0691,0.1616,0.0859,0.2194,0.1380,0.0000,0,1,0.0677,-0.1473,0.0213,-0.2347,-0.1477,-0.5111,0.0677,-0.1473,0.0213,0.1412,-0.1370,0.0000,1,1
0.3059,0.0006,0.5325,0.0129,0.0030,0.6445,0.1488,0.0129,0.3390,0.1472,-0.5196,0.6445,0.1488,0.0129,0.7009,0.1392,0.0000,1,1,0.6549,-0.1598,0.0883,0.3485,-0.1614,-0.4442,0.6549,-0.1598,0.0883,0.7827,-0.1358,0.0000,0,1,0.0773,0.1613,0.0921,-0.2281,0.1614,-0.4404,0.0773,0.1613,0.0921,0.2233,0.1375,0.0000,0,1,0.0678,-0.1474,0.0213,-0.2385,-0.1473,-0.5112,0.0678,-0.1474,0.0213,0.1431,-0.1375,0.0000,1,1
0.3098,0.0002,0.5325,0.0121,0.0031,0.6445,0.1488,0.0129,0.3352,0.1476,-0.5196,0.6445,0.1488,0.0129,0.7028,0.1389,0.0000,1,1,0.6631,-0.1602,0.0898,0.3528,-0.1615,-0.4427,0.6631,-0.1602,0.0898,0.7866,-0.1361,0.0000,0,1,0.0850,0.1607,0.0935,-0.2243,0.1612,-0.4390,0.0850,0.1607,0.0935,0.2272,0.1372,0.0000,0,1,0.0678,-0.1474,0.0213,-0.2425,-0.1468,-0.5112,0.0678,-0.1474,0.0213,0.1450,-0.1378,0.0000,1,1
0.3137,-0.0000,0.5324,0.0117,0.0031,0.6446,0.1487,0.0129,0.3314,0.1477,-0.5195,0.6446,0.1487,0.0129,0.7046,0.1386,0.0000,1,1,0.6711,-0.1603,0.0862,0.3569,-0.1614,-0.4462,0.6711,-0.1603,0.0862,0.7905,-0.1364,0.0000,0,1,0.0924,0.1598,0.0899,-0.2208,0.1605,-0.4425,0.0924,0.1598,0.0899,0.2310,0.1369,0.0000,0,1,0.0678,-0.1474,0.0213,-0.2464,-0.1466,-0.5111,0.0678,-0.1474,0.0213,0.1469,-0.1381,0.0000,1,1
0.3176,-0.0002,0.5320,0.0117,0.0030,0.6446,0.1487,0.0130,0.3274,0.1479,-0.5190,0.6446,0.1487,0.0130,0.7065,0.1384,0.0000,1,1,0.6778,-0.1600,0.0787,0.3597,-0.1609,-0.4533,0.6778,-0.1600,0.0787,0.7943,-0.1366,0.0000,0,1,0.0994,0.1586,0.0823,-0.2177,0.1595,-0.4497,0.0994,0.1586,0.0823,0.2349,0.1367,0.0000,0,1,0.0678,-0.1474,0.0213,-0.2502,-0.1464,-0.5107,0.0678,-0.1474,0.0213,0.1487,-0.1383,0.0000,1,1
0.3214,-0.0004,0.5316,0.0121,0.0028,0.6446,0.1487,0.0130,0.3236,0.1482,-0.5186,0.6446,0.1487,0.0130,0.7084,0.1382,0.0000,1,1,0.6861,-0.1595,0.0688,0.3643,-0.1601,-0.4628,0.6861,-0.1595,0.0688,0.7982,-0.1368,0.0000,0,1,0.1067,0.1572,0.0721,-0.2143,0.1582,-0.4595,0.1067,0.1572,0.0721,0.2388,0.1366,0.0000,0,1,0.0679,-0.1474,0.0213,-0.2539,-0.1463,-0.5103,0.0679,-0.1474,0.0213,0.1506,-0.1384,0.0000,1,1
0.3253,-0.0005,0.5312,0.0129,0.0024,0.6447,0.1487,0.0130,0.3198,0.1484,-0.5182,0.6447,0.1487,0.0130,0.7104,0.1379,0.0000,1,1,0.6917,-0.1586,0.0573,0.3660,-0.1590,-0.4739,0.6917,-0.1586,0.0573,0.8021,-0.1371,0.0000,0,1,0.1130,0.1551,0.0610,-0.2119,0.1561,-0.4702,0.1130,0.1551,0.0610,0.2428,0.1366,0.0000,0,1,0.0679,-0.1474,0.0213,-0.2578,-0.1463,-0.5099,0.0679,-0.1474,0.0213,0.1525,-0.1384,0.0000,1,1
0.3293,-0.0006,0.5307,0.0139,0.0020,0.6448,0.1487,0.0131,0.3158,0.1487,-0.5176,0.6448,0.1487,0.0131,0.7124,0.1377,0.0000,1,1,0.6970,-0.1575,0.0454,0.3674,-0.1576,-0.4853,0.6970,-0.1575,0.0454,0.8060,-0.1373,0.0000,0,1,0.1183,0.1525,0.0505,-0.2107,0.1535,-0.4802,0.1183,0.1525,0.0505,0.2468,0.1366,0.0000,0,1,0.0680,-0.1474,0.0213,-0.2616,-0.1463,-0.5094,0.0680,-0.1474,0.0213,0.1544,-0.1384,0.0000,1,1
0.3334,-0.0006,0.5303,0.0154,0.0014,0.6448,0.1487,0.0131,0.3116,0.1489,-0.5172,0.6448,0.1487,0.0131,0.7146,0.1375,0.0000,1,1,0.7025,-0.1564,0.0340,0.3689,-0.1563,-0.4963,0.7025,-0.1564,0.0340,0.8100,-0.1375,0.0000,0,1,0.1240,0.1498,0.0412,-0.2092,0.1507,-0.4891,0.1240,0.1498,0.0412,0.2510,0.1366,0.0000,0,1,0.0681,-0.1474,0.0213,-0.2655,-0.1464,-0.5090,0.0681,-0.1474,0.0213,0.1564,-0.1384,0.0000,1,1
0.3376,-0.0006,0.5300,0.0171,0.0008,0.6449,0.1487,0.0132,0.3074,0.1491,-0.5168,0.6449,0.1487,0.0132,0.7169,0.1372,0.0000,1,1,0.7067,-0.1552,0.0236,0.3690,-0.1549,-0.5064,0.7067,-0.1552,0.0236,0.8141,-0.1378,0.0000,0,1,0.1301,0.1466,0.0313,-0.2074,0.1474,-0.4987,0.1301,0.1466,0.0313,0.2553,0.1368,0.0000,0,1,0.0681,-0.1474,0.0213,-0.2696,-0.1466,-0.5087,0.0681,-0.1474,0.0213,0.1585,-0.1382,0.0000,1,1
0.3419,-0.0005,0.5299,0.0193,0.0001,0.6449,0.1487,0.0132,0.3030,0.1492,-0.5167,0.6449,0.1487,0.0132,0.7193,0.1370,0.0000,1,1,0.7106,-0.1544,0.0155,0.3687,-0.1539,-0.5144,0.7106,-0.1544,0.0155,0.8183,-0.1380,0.0000,0,1,0.1364,0.1434,0.0233,-0.2055,0.1439,-0.5066,0.1364,0.1434,0.0233,0.2597,0.1369,0.0000,0,1,0.0681,-0.1474,0.0213,-0.2738,-0.1469,-0.5086,0.0681,-0.1474,0.0213,0.1607,-0.1381,0.0000,1,1
0.3476,-0.0004,0.5300,0.0217,-0.0008,0.6544,0.1501,0.0161,0.3067,0.1507,-0.5139,0.6544,0.1501,0.0161,0.8228,0.1368,0.0000,0,1,0.7129,-0.1540,0.0127,0.3654,-0.1533,-0.5173,0.7129,-0.1540,0.0127,0.7567,-0.1382,0.0000,1,1,0.1397,0.1419,0.0208,-0.2080,0.1421,-0.5092,0.1397,0.1419,0.0208,0.1982,0.1371,0.0000,1,1,0.0764,-0.1486,0.0237,-0.2711,-0.1484,-0.5063,0.0764,-0.1486,0.0237,0.2641,-0.1379,0.0000,0,1
0.3509,-0.0004,0.5302,0.0222,-0.0014,0.6635,0.1516,0.0218,0.3124,0.1524,-0.5084,0.6635,0.1516,0.0218,0.8274,0.1366,0.0000,0,1,0.7123,-0.1540,0.0125,0.3616,-0.1531,-0.5177,0.7123,-0.1540,0.0125,0.7590,-0.1384,0.0000,1,1,0.1396,0.1418,0.0204,-0.2115,0.1419,-0.5098,0.1396,0.1418,0.0204,0.2008,0.1374,0.0000,1,1,0.0844,-0.1507,0.0297,-0.2663,-0.1507,-0.5005,0.0844,-0.1507,0.0297,0.2684,-0.1376,0.0000,0,1
0.3552,-0.0003,0.5305,0.0217,-0.0022,0.6760,0.1538,0.0317,0.3205,0.1548,-0.4988,0.6760,0.1538,0.0317,0.8319,0.1363,0.0000,0,1,0.7121,-0.1540,0.0123,0.3572,-0.1529,-0.5182,0.7121,-0.1540,0.0123,0.7613,-0.1387,0.0000,1,1,0.1394,0.1419,0.0205,-0.2161,0.1417,-0.5100,0.1394,0.1419,0.0205,0.2033,0.1376,0.0000,1,1,0.0955,-0.1528,0.0388,-0.2594,-0.1531,-0.4917,0.0955,-0.1528,0.0388,0.2727,-0.1374,0.0000,0,1
0.3595,-0.0003,0.5308,0.0202,-0.0029,0.6882,0.1562,0.0437,0.3282,0.1575,-0.4871,0.6882,0.1562,0.0437,0.8363,0.1361,0.0000,0,1,0.7120,-0.1540,0.0123,0.3529,-0.1527,-0.5185,0.7120,-0.1540,0.0123,0.7635,-0.1389,0.0000,1,1,0.1393,0.1418,0.0205,-0.2206,0.1415,-0.5103,0.1393,0.1418,0.0205,0.2057,0.1377,0.0000,1,1,0.1066,-0.1544,0.0469,-0.2525,-0.1548,-0.4839,0.1066,-0.1544,0.0469,0.2769,-0.1373,0.0000,0,1
0.3637,-0.0003,0.5313,0.0184,-0.0034,0.6989,0.1585,0.0568,0.3347,0.1599,-0.4745,0.6989,0.1585,0.0568,0.8406,0.1359,0.0000,0,1,0.7118,-0.1541,0.0122,0.3486,-0.1526,-0.5191,0.7118,-0.1541,0.0122,0.7657,-0.1391,0.0000,1,1,0.1392,0.1418,0.0205,-0.2250,0.1413,-0.5108,0.1392,0.1418,0.0205,0.2080,0.1378,0.0000,1,1,0.1177,-0.1561,0.0566,-0.2455,-0.1566,-0.4747,0.1177,-0.1561,0.0566,0.2811,-0.1371,0.0000,0,1
0.3678,-0.0003,0.5317,0.0165,-0.0038,0.7083,0.1602,0.0695,0.3399,0.1618,-0.4622,0.7083,0.1602,0.0695,0.8447,0.1358,0.0000,0,1,0.7118,-0.1542,0.0122,0.3446,-0.1526,-0.5195,0.7118,-0.1542,0.0122,0.7677,-0.1392,0.0000,1,1,0.1391,0.1417,0.0205,-0.2292,0.1411,-0.5112,0.1391,0.1417,0.0205,0.2101,0.1379,0.0000,1,1,0.1284,-0.1576,0.0677,-0.2388,-0.1582,-0.4640,0.1284,-0.1576,0.0677,0.2851,-0.1371,0.0000,0,1
0.3718,-0.0003,0.5320,0.0147,-0.0041,0.7165,0.1614,0.0805,0.3440,0.1631,-0.4515,0.7165,0.1614,0.0805,0.8488,0.1357,0.0000,0,1,0.7118,-0.1542,0.0121,0.3406,-0.1525,-0.5199,0.7118,-0.1542,0.0121,0.7696,-0.1393,0.0000,1,1,0.1391,0.1417,0.0205,-0.2333,0.1410,-0.5115,0.1391,0.1417,0.0205,0.2122,0.1380,0.0000,1,1,0.1383,-0.1586,0.0780,-0.2328,-0.1593,-0.4540,0.1383,-0.1586,0.0780,0.2890,-0.1370,0.0000,0,1
0.3757,-0.0003,0.5323,0.0132,-0.0042,0.7241,0.1622,0.0887,0.3477,0.1640,-0.4436,0.7241,0.1622,0.0887,0.8527,0.1356,0.0000,0,1,0.7118,-0.1542,0.0121,0.3367,-0.1525,-0.5202,0.7118,-0.1542,0.0121,0.7715,-0.1394,0.0000,1,1,0.1391,0.1417,0.0204,-0.2372,0.1410,-0.5119,0.1391,0.1417,0.0204,0.2141,0.1379,0.0000,1,1,0.1473,-0.1593,0.0860,-0.2277,-0.1600,-0.4463,0.1473,-0.1593,0.0860,0.2929,-0.1370,0.0000,0,1
0.3795,-0.0004,0.5324,0.0120,-0.0042,0.7315,0.1625,0.0926,0.3513,0.1644,-0.4398,0.7315,0.1625,0.0926,0.8565,0.1355,0.0000,0,1,0.7118,-0.1542,0.0121,0.3329,-0.1524,-0.5203,0.7118,-0.1542,0.0121,0.7733,-0.1395,0.0000,1,1,0.1391,0.1417,0.0204,-0.2410,0.1411,-0.5120,0.1391,0.1417,0.0204,0.2159,0.1379,0.0000,1,1,0.1554,-0.1596,0.0900,-0.2234,-0.1601,-0.4424,0.1554,-0.1596,0.0900,0.2967,-0.1371,0.0000,0,1
0.3833,-0.0005,0.5323,0.0112,-0.0042,0.7390,0.1623,0.0915,0.3550,0.1643,-0.4408,0.7390,0.1623,0.0915,0.8602,0.1355,0.0000,0,1,0.7118,-0.1542,0.0121,0.3291,-0.1523,-0.5202,0.7118,-0.1542,0.0121,0.7751,-0.1395,0.0000,1,1,0.1392,0.1417,0.0204,-0.2447,0.1412,-0.5119,0.1392,0.1417,0.0204,0.2177,0.1378,0.0000,1,1,0.1629,-0.1595,0.0888,-0.2197,-0.1599,-0.4435,0.1629,-0.1595,0.0888,0.3005,-0.1372,0.0000,0,1
0.3870,-0.0006,0.5321,0.0109,-0.0040,0.7463,0.1617,0.0858,0.3586,0.1637,-0.4463,0.7463,0.1617,0.0858,0.8640,0.1354,0.0000,0,1,0.7119,-0.1542,0.0121,0.3255,-0.1523,-0.5200,0.7119,-0.1542,0.0121,0.7769,-0.1396,0.0000,1,1,0.1392,0.1417,0.0204,-0.2484,0.1413,-0.5117,0.1392,0.1417,0.0204,0.2194,0.1377,0.0000,1,1,0.1700,-0.1590,0.0831,-0.2164,-0.1593,-0.4490,0.1700,-0.1590,0.0831,0.3043,-0.1373,0.0000,0,1
0.3908,-0.0007,0.5318,0.0110,-0.0037,0.7534,0.1606,0.0766,0.3620,0.1626,-0.4552,0.7534,0.1606,0.0766,0.8677,0.1354,0.0000,0,1,0.7119,-0.1542,0.0122,0.3217,-0.1523,-0.5196,0.7119,-0.1542,0.0122,0.7787,-0.1396,0.0000,1,1,0.1393,0.1417,0.0204,-0.2520,0.1415,-0.5114,0.1393,0.1417,0.0204,0.2211,0.1375,0.0000,1,1,0.1772,-0.1582,0.0739,-0.2130,-0.1583,-0.4579,0.1772,-0.1582,0.0739,0.3081,-0.1375,0.0000,0,1
0.3946,-0.0009,0.5314,0.0115,-0.0034,0.7603,0.1590,0.0653,0.3652,0.1611,-0.4661,0.7603,0.1590,0.0653,0.8715,0.1354,0.0000,0,1,0.7120,-0.1542,0.0122,0.3179,-0.1522,-0.5192,0.7120,-0.1542,0.0122,0.7805,-0.1396,0.0000,1,1,0.1393,0.1417,0.0204,-0.2558,0.1417,-0.5110,0.1393,0.1417,0.0204,0.2229,0.1373,0.0000,1,1,0.1836,-0.1571,0.0641,-0.2105,-0.1569,-0.4673,0.1836,-0.1571,0.0641,0.3119,-0.1377,0.0000,0,1
0.3985,-0.0010,0.5309,0.0123,-0.0031,0.7677,0.1572,0.0530,0.3687,0.1593,-0.4779,0.7677,0.1572,0.0530,0.8753,0.1353,0.0000,0,1,0.7120,-0.1542,0.0122,0.3140,-0.1522,-0.5187,0.7120,-0.1542,0.0122,0.7824,-0.1397,0.0000,1,1,0.1394,0.1417,0.0204,-0.2595,0.1419,-0.5105,0.1394,0.1417,0.0204,0.2247,0.1370,0.0000,1,1,0.1885,-0.1556,0.0540,-0.2095,-0.1553,-0.4769,0.1885,-0.1556,0.0540,0.3158,-0.1380,0.0000,0,1
0.4025,-0.0012,0.5305,0.0132,-0.0029,0.7767,0.1551,0.0418,0.3737,0.1574,-0.4887,0.7767,0.1551,0.0418,0.8792,0.1352,0.0000,0,1,0.7121,-0.1542,0.0123,0.3100,-0.1521,-0.5182,0.7121,-0.1542,0.0123,0.7844,-0.1398,0.0000,1,1,0.1395,0.1417,0.0203,-0.2634,0.1421,-0.5102,0.1395,0.1417,0.0203,0.2266,0.1368,0.0000,1,1,0.1932,-0.1535,0.0442,-0.2089,-0.1529,-0.4863,0.1932,-0.1535,0.0442,0.3198,-0.1382,0.0000,0,1
0.4067,-0.0014,0.5302,0.0139,-0.0028,0.7947,0.1526,0.0323,0.3876,0.1551,-0.4979,0.7947,0.1526,0.0323,0.8835,0.1350,0.0000,0,1,0.7122,-0.1541,0.0123,0.3059,-0.1518,-0.5179,0.7122,-0.1541,0.0123,0.7867,-0.1400,0.0000,1,1,0.1395,0.1418,0.0203,-0.2676,0.1425,-0.5099,0.1395,0.1418,0.0203,0.2289,0.1366,0.0000,1,1,0.1970,-0.1502,0.0351,-0.2093,-0.1494,-0.4951,0.1970,-0.1502,0.0351,0.3241,-0.1384,0.0000,0,1
0.4113,-0.0017,0.5300,0.0148,-0.0029,0.8180,0.1504,0.0242,0.4063,0.1533,-0.5058,0.8180,0.1504,0.0242,0.8880,0.1348,0.0000,0,1,0.7121,-0.1541,0.0123,0.3012,-0.1515,-0.5177,0.7121,-0.1541,0.0123,0.7892,-0.1402,0.0000,1,1,0.1394,0.1418,0.0204,-0.2723,0.1427,-0.5096,0.1394,0.1418,0.0204,0.2314,0.1363,0.0000,1,1,0.2009,-0.1460,0.0269,-0.2100,-0.1449,-0.5031,0.2009,-0.1460,0.0269,0.3286,-0.1387,0.0000,0,1
0.4204,-0.0023,0.5300,0.0177,-0.0028,0.8478,0.1492,0.0186,0.4270,0.1527,-0.5114,0.8478,0.1492,0.0186,0.8928,0.1345,0.0000,0,1,0.7223,-0.1544,0.0150,0.3023,-0.1513,-0.5150,0.7223,-0.1544,0.0150,0.7921,-0.1405,0.0000,1,1,0.1483,0.1439,0.0229,-0.2725,0.1454,-0.5071,0.1483,0.1439,0.0229,0.2342,0.1360,0.0000,1,1,0.2091,-0.1401,0.0205,-0.2109,-0.1384,-0.5095,0.2091,-0.1401,0.0205,0.3335,-0.1390,0.0000,0,1
0.4214,-0.0023,0.5301,0.0182,-0.0027,0.8470,0.1497,0.0181,0.4252,0.1531,-0.5120,0.8470,0.1497,0.0181,0.8307,0.1342,0.0000,1,1,0.7246,-0.1546,0.0176,0.3036,-0.1515,-0.5125,0.7246,-0.1546,0.0176,0.8970,-0.1408,0.0000,0,1,0.1501,0.1451,0.0264,-0.2717,0.1467,-0.5037,0.1501,0.1451,0.0264,0.3391,0.1357,0.0000,0,1,0.2084,-0.1397,0.0207,-0.2126,-0.1380,-0.5094,0.2084,-0.1397,0.0207,0.2714,-0.1393,0.0000,1,1
0.4259,-0.0025,0.5303,0.0186,-0.0026,0.8466,0.1499,0.0178,0.4203,0.1535,-0.5125,0.8466,0.1499,0.0178,0.8336,0.1340,0.0000,1,1,0.7364,-0.1562,0.0254,0.3109,-0.1529,-0.5049,0.7364,-0.1562,0.0254,0.9019,-0.1410,0.0000,0,1,0.1606,0.1484,0.0343,-0.2657,0.1502,-0.4960,0.1606,0.1484,0.0343,0.3440,0.1354,0.0000,0,1,0.2082,-0.1395,0.0206,-0.2173,-0.1376,-0.5097,0.2082,-0.1395,0.0206,0.2743,-0.1396,0.0000,1,1
0.4306,-0.0027,0.5306,0.0180,-0.0025,0.8464,0.1499,0.0178,0.4154,0.1536,-0.5128,0.8464,0.1499,0.0178,0.8363,0.1338,0.0000,1,1,0.7493,-0.1584,0.0359,0.3191,-0.1549,-0.4947,0.7493,-0.1584,0.0359,0.9067,-0.1412,0.0000,0,1,0.1721,0.1514,0.0450,-0.2589,0.1535,-0.4856,0.1721,0.1514,0.0450,0.3487,0.1352,0.0000,0,1,0.2082,-0.1395,0.0206,-0.2221,-0.1374,-0.5100,0.2082,-0.1395,0.0206,0.2771,-0.1398,0.0000,1,1
0.4353,-0.0028,0.5309,0.0167,-0.0024,0.8463,0.1501,0.0177,0.4106,0.1539,-0.5132,0.8463,0.1501,0.0177,0.8390,0.1338,0.0000,1,1,0.7615,-0.1604,0.0485,0.3266,-0.1568,-0.4824,0.7615,-0.1604,0.0485,0.9113,-0.1412,0.0000,0,1,0.1829,0.1539,0.0536,-0.2528,0.1561,-0.4773,0.1829,0.1539,0.0536,0.3534,0.1351,0.0000,0,1,0.2080,-0.1394,0.0206,-0.2270,-0.1371,-0.5103,0.2080,-0.1394,0.0206,0.2797,-0.1399,0.0000,1,1
0.4398,-0.0029,0.5312,0.0151,-0.0022,0.8462,0.1502,0.0176,0.4061,0.1540,-0.5136,0.8462,0.1502,0.0176,0.8415,0.1338,0.0000,1,1,0.7730,-0.1621,0.0615,0.3335,-0.1585,-0.4697,0.7730,-0.1621,0.0615,0.9159,-0.1412,0.0000,0,1,0.1937,0.1561,0.0650,-0.2464,0.1585,-0.4662,0.1937,0.1561,0.0650,0.3579,0.1350,0.0000,0,1,0.2079,-0.1393,0.0206,-0.2316,-0.1369,-0.5106,0.2079,-0.1393,0.0206,0.2823,-0.1400,0.0000,1,1
0.4442,-0.0029,0.5315,0.0135,-0.0020,0.8462,0.1502,0.0176,0.4017,0.1539,-0.5139,0.8462,0.1502,0.0176,0.8439,0.1338,0.0000,1,1,0.7835,-0.1631,0.0736,0.3396,-0.1595,-0.4579,0.7835,-0.1631,0.0736,0.9203,-0.1411,0.0000,0,1,0.2038,0.1579,0.0755,-0.2407,0.1603,-0.4560,0.2038,0.1579,0.0755,0.3623,0.1350,0.0000,0,1,0.2079,-0.1392,0.0205,-0.2360,-0.1368,-0.5110,0.2079,-0.1392,0.0205,0.2847,-0.1400,0.0000,1,1
0.4486,-0.0028,0.5317,0.0119,-0.0018,0.8462,0.1503,0.0176,0.3973,0.1538,-0.5141,0.8462,0.1503,0.0176,0.8462,0.1340,0.0000,1,1,0.7934,-0.1635,0.0833,0.3451,-0.1601,-0.4484,0.7934,-0.1635,0.0833,0.9247,-0.1410,0.0000,0,1,0.2129,0.1592,0.0847,-0.2360,0.1616,-0.4470,0.2129,0.1592,0.0847,0.3666,0.1350,0.0000,0,1,0.2079,-0.1392,0.0205,-0.2405,-0.1368,-0.5112,0.2079,-0.1392,0.0205,0.2871,-0.1400,0.0000,1,1
0.4528,-0.0026,0.5317,0.0103,-0.0017,0.8462,0.1503,0.0176,0.3931,0.1536,-0.5141,0.8462,0.1503,0.0176,0.8484,0.1342,0.0000,1,1,0.8033,-0.1633,0.0895,0.3508,-0.1601,-0.4422,0.8033,-0.1633,0.0895,0.9290,-0.1408,0.0000,0,1,0.2210,0.1601,0.0909,-0.2321,0.1623,-0.4408,0.2210,0.1601,0.0909,0.3708,0.1352,0.0000,0,1,0.2079,-0.1392,0.0205,-0.2447,-0.1370,-0.5112,0.2079,-0.1392,0.0205,0.2894,-0.1398,0.0000,1,1
0.4570,-0.0024,0.5316,0.0090,-0.0015,0.8462,0.1503,0.0176,0.3890,0.1533,-0.5140,0.8462,0.1503,0.0176,0.8506,0.1345,0.0000,1,1,0.8136,-0.1626,0.0910,0.3568,-0.1597,-0.4406,0.8136,-0.1626,0.0910,0.9332,-0.1405,0.0000,0,1,0.2284,0.1605,0.0923,-0.2288,0.1626,-0.4393,0.2284,0.1605,0.0923,0.3750,0.1354,0.0000,0,1,0.2080,-0.1392,0.0204,-0.2488,-0.1372,-0.5112,0.2080,-0.1392,0.0204,0.2916,-0.1396,0.0000,1,1
0.4612,-0.0021,0.5313,0.0079,-0.0013,0.8462,0.1503,0.0176,0.3848,0.1529,-0.5137,0.8462,0.1503,0.0176,0.8527,0.1349,0.0000,1,1,0.8240,-0.1617,0.0874,0.3630,-0.1591,-0.4439,0.8240,-0.1617,0.0874,0.9374,-0.1401,0.0000,0,1,0.2353,0.1607,0.0887,-0.2261,0.1625,-0.4426,0.2353,0.1607,0.0887,0.3791,0.1356,0.0000,0,1,0.2080,-0.1392,0.0204,-0.2530,-0.1374,-0.5109,0.2080,-0.1392,0.0204,0.2938,-0.1394,0.0000,1,1
0.4653,-0.0018,0.5309,0.0070,-0.0011,0.8463,0.1503,0.0177,0.3808,0.1525,-0.5132,0.8463,0.1503,0.0177,0.8548,0.1353,0.0000,1,1,0.8359,-0.1604,0.0800,0.3708,-0.1582,-0.4509,0.8359,-0.1604,0.0800,0.9415,-0.1397,0.0000,0,1,0.2418,0.1605,0.0811,-0.2237,0.1621,-0.4498,0.2418,0.1605,0.0811,0.3832,0.1359,0.0000,0,1,0.2080,-0.1392,0.0204,-0.2571,-0.1377,-0.5105,0.2080,-0.1392,0.0204,0.2959,-0.1391,0.0000,1,1
0.4695,-0.0013,0.5305,0.0064,-0.0009,0.8463,0.1503,0.0177,0.3767,0.1519,-0.5128,0.8463,0.1503,0.0177,0.8570,0.1358,0.0000,1,1,0.8446,-0.1587,0.0704,0.3752,-0.1571,-0.4601,0.8446,-0.1587,0.0704,0.9457,-0.1392,0.0000,0,1,0.2479,0.1600,0.0707,-0.2217,0.1611,-0.4598,0.2479,0.1600,0.0707,0.3874,0.1363,0.0000,0,1,0.2081,-0.1392,0.0204,-0.2613,-0.1381,-0.5101,0.2081,-0.1392,0.0204,0.2981,-0.1387,0.0000,1,1
0.4736,-0.0009,0.5300,0.0059,-0.0006,0.8464,0.1503,0.0177,0.3727,0.1514,-0.5123,0.8464,0.1503,0.0177,0.8591,0.1364,0.0000,1,1,0.8587,-0.1564,0.0599,0.3852,-0.1553,-0.4701,0.8587,-0.1564,0.0599,0.9499,-0.1386,0.0000,0,1,0.2538,0.1590,0.0597,-0.2199,0.1598,-0.4703,0.2538,0.1590,0.0597,0.3915,0.1367,0.0000,0,1,0.2081,-0.1392,0.0204,-0.2654,-0.1385,-0.5096,0.2081,-0.1392,0.0204,0.3003,-0.1383,0.0000,1,1
0.4779,-0.0004,0.5294,0.0055,-0.0003,0.8464,0.1503,0.0178,0.3685,0.1508,-0.5116,0.8464,0.1503,0.0178,0.8613,0.1370,0.0000,1,1,0.8683,-0.1539,0.0498,0.3904,-0.1534,-0.4796,0.8683,-0.1539,0.0498,0.9542,-0.1380,0.0000,0,1,0.2583,0.1574,0.0489,-0.2196,0.1577,-0.4805,0.2583,0.1574,0.0489,0.3957,0.1372,0.0000,0,1,0.2082,-0.1392,0.0204,-0.2697,-0.1389,-0.5090,0.2082,-0.1392,0.0204,0.3026,-0.1378,0.0000,1,1
0.4822,0.0002,0.5290,0.0053,0.0001,0.8464,0.1503,0.0178,0.3642,0.1501,-0.5112,0.8464,0.1503,0.0178,0.8635,0.1378,0.0000,1,1,0.8804,-0.1512,0.0403,0.3982,-0.1514,-0.4887,0.8804,-0.1512,0.0403,0.9186,-0.1772,0.0000,0,1,0.2638,0.1556,0.0388,-0.2184,0.1554,-0.4902,0.2638,0.1556,0.0388,0.3999,0.1377,0.0000,0,1,0.2082,-0.1392,0.0204,-0.2740,-0.1394,-0.5086,0.2082,-0.1392,0.0204,0.3050,-0.1373,0.0000,1,1
0.4865,0.0008,0.5287,0.0054,0.0004,0.8465,0.1502,0.0179,0.3601,0.1493,-0.5108,0.8465,0.1502,0.0179,0.8659,0.1385,0.0000,1,1,0.8840,-0.1489,0.0310,0.3974,-0.1499,-0.4977,0.8840,-0.1489,0.0310,0.9230,-0.1765,0.0000,0,1,0.2702,0.1537,0.0293,-0.2162,0.1530,-0.4994,0.2702,0.1537,0.0293,0.4043,0.1382,0.0000,0,1,0.2082,-0.1392,0.0204,-0.2784,-0.1399,-0.5083,0.2082,-0.1392,0.0204,0.3074,-0.1368,0.0000,1,1
0.4909,0.0014,0.5286,0.0059,0.0004,0.8465,0.1501,0.0179,0.3557,0.1486,-0.5107,0.8465,0.1501,0.0179,0.8682,0.1391,0.0000,1,1,0.8859,-0.1475,0.0233,0.3949,-0.1491,-0.5053,0.8859,-0.1475,0.0233,0.9273,-0.1759,0.0000,0,1,0.2792,0.1512,0.0214,-0.2116,0.1499,-0.5072,0.2792,0.1512,0.0214,0.4086,0.1388,0.0000,0,1,0.2083,-0.1393,0.0204,-0.2827,-0.1406,-0.5082,0.2083,-0.1393,0.0204,0.3097,-0.1362,0.0000,1,1
0.4970,0.0022,0.5288,0.0063,0.0002,0.8525,0.1505,0.0212,0.3555,0.1482,-0.5076,0.8525,0.1505,0.0212,0.9317,0.0996,0.0000,0,1,0.8873,-0.1473,0.0205,0.3903,-0.1496,-0.5083,0.8873,-0.1473,0.0205,0.9058,-0.1354,0.0000,1,1,0.2862,0.1494,0.0190,-0.2108,0.1472,-0.5098,0.2862,0.1494,0.0190,0.3471,0.1395,0.0000,1,1,0.2188,-0.1421,0.0230,-0.2782,-0.1442,-0.5058,0.2188,-0.1421,0.0230,0.4132,-0.1355,0.0000,0,1
0.4999,0.0026,0.5290,0.0056,-0.0001,0.8579,0.1511,0.0265,0.3580,0.1485,-0.5025,0.8579,0.1511,0.0265,0.9361,0.1000,0.0000,0,1,0.8869,-0.1475,0.0204,0.3870,-0.1501,-0.5086,0.8869,-0.1475,0.0204,0.9081,-0.1350,0.0000,1,1,0.2866,0.1492,0.0180,-0.2133,0.1466,-0.5110,0.2866,0.1492,0.0180,0.3495,0.1400,0.0000,1,1,0.2266,-0.1446,0.0280,-0.2733,-0.1472,-0.5010,0.2266,-0.1446,0.0280,0.4175,-0.1350,0.0000,0,1
0.5041,0.0030,0.5293,0.0042,-0.0004,0.8666,0.1522,0.0361,0.3624,0.1493,-0.4932,0.8666,0.1522,0.0361,0.9405,0.1003,0.0000,0,1,0.8866,-0.1476,0.0202,0.3826,-0.1504,-0.5091,0.8866,-0.1476,0.0202,0.9104,-0.1347,0.0000,1,1,0.2866,0.1491,0.0178,-0.2176,0.1460,-0.5115,0.2866,0.1491,0.0178,0.3519,0.1405,0.0000,1,1,0.2383,-0.1481,0.0368,-0.2657,-0.1512,-0.4925,0.2383,-0.1481,0.0368,0.4218,-0.1345,0.0000,0,1
0.5082,0.0033,0.5298,0.0025,-0.0007,0.8754,0.1534,0.0479,0.3671,0.1504,-0.4819,0.8754,0.1534,0.0479,0.9447,0.1006,0.0000,0,1,0.8865,-0.1477,0.0202,0.3784,-0.1507,-0.5096,0.8865,-0.1477,0.0202,0.9125,-0.1344,0.0000,1,1,0.2865,0.1490,0.0177,-0.2218,0.1455,-0.5121,0.2865,0.1490,0.0177,0.3541,0.1409,0.0000,1,1,0.2506,-0.1514,0.0473,-0.2575,-0.1549,-0.4825,0.2506,-0.1514,0.0473,0.4259,-0.1341,0.0000,0,1
0.5123,0.0036,0.5304,0.0005,-0.0009,0.8834,0.1544,0.0607,0.3710,0.1511,-0.4697,0.8834,0.1544,0.0607,0.9488,0.1008,0.0000,0,1,0.8864,-0.1477,0.0201,0.3742,-0.1510,-0.5103,0.8864,-0.1477,0.0201,0.9145,-0.1342,0.0000,1,1,0.2864,0.1490,0.0177,-0.2260,0.1452,-0.5127,0.2864,0.1490,0.0177,0.3562,0.1412,0.0000,1,1,0.2623,-0.1542,0.0592,-0.2499,-0.1580,-0.4712,0.2623,-0.1542,0.0592,0.4299,-0.1337,0.0000,0,1
0.5162,0.0038,0.5310,-0.0013,-0.0011,0.8904,0.1552,0.0733,0.3740,0.1518,-0.4577,0.8904,0.1552,0.0733,0.9527,0.1009,0.0000,0,1,0.8863,-0.1478,0.0200,0.3703,-0.1512,-0.5110,0.8863,-0.1478,0.0200,0.9165,-0.1341,0.0000,1,1,0.2863,0.1489,0.0177,-0.2301,0.1448,-0.5133,0.2863,0.1489,0.0177,0.3581,0.1415,0.0000,1,1,0.2731,-0.1563,0.0707,-0.2429,-0.1604,-0.4603,0.2731,-0.1563,0.0707,0.4339,-0.1335,0.0000,0,1
0.5200,0.0039,0.5315,-0.0031,-0.0012,0.8965,0.1556,0.0844,0.3763,0.1522,-0.4471,0.8965,0.1556,0.0844,1.0366,0.1009,0.1000,0,1,0.8863,-0.1478,0.0200,0.3665,-0.1513,-0.5115,0.8863,-0.1478,0.0200,0.9183,-0.1341,0.0000,1,1,0.2863,0.1489,0.0176,-0.2339,0.1447,-0.5139,0.2863,0.1489,0.0176,0.3600,0.1416,0.0000,1,1,0.2829,-0.1578,0.0813,-0.2369,-0.1620,-0.4502,0.2829,-0.1578,0.0813,0.4377,-0.1334,0.0000,0,1
0.5238,0.0039,0.5318,-0.0046,-0.0013,0.9031,0.1555,0.0924,0.3791,0.1521,-0.4394,0.9031,0.1555,0.0924,1.0404,0.1009,0.1000,0,1,0.8863,-0.1479,0.0199,0.3627,-0.1513,-0.5119,0.8863,-0.1479,0.0199,0.9200,-0.1341,0.0000,1,1,0.2864,0.1488,0.0175,-0.2376,0.1446,-0.5143,0.2864,0.1488,0.0175,0.3618,0.1416,0.0000,1,1,0.2913,-0.1588,0.0891,-0.2323,-0.1630,-0.4427,0.2913,-0.1588,0.0891,0.4414,-0.1334,0.0000,0,1
0.5276,0.0038,0.5320,-0.0060,-0.0013,0.9109,0.1549,0.0962,0.3831,0.1516,-0.4358,0.9109,0.1549,0.0962,1.0441,0.1008,0.1000,0,1,0.8864,-0.1479,0.0199,0.3590,-0.1512,-0.5121,0.8864,-0.1479,0.0199,0.9218,-0.1342,0.0000,1,1,0.2864,0.1488,0.0174,-0.2414,0.1447,-0.5146,0.2864,0.1488,0.0174,0.3635,0.1416,0.0000,1,1,0.2982,-0.1593,0.0928,-0.2292,-0.1634,-0.4392,0.2982,-0.1593,0.0928,0.4452,-0.1334,0.0000,0,1
0.5314,0.0036,0.5320,-0.0071,-0.0015,0.9195,0.1539,0.0950,0.3879,0.1509,-0.4370,0.9195,0.1539,0.0950,1.0479,0.1006,0.1000,0,1,0.8864,-0.1479,0.0199,0.3552,-0.1510,-0.5121,0.8864,-0.1479,0.0199,0.9235,-0.1344,0.0000,1,1,0.2865,0.1488,0.0174,-0.2451,0.1448,-0.5146,0.2865,0.1488,0.0174,0.3653,0.1414,0.0000,1,1,0.3043,-0.1593,0.0916,-0.2269,-0.1632,-0.4404,0.3043,-0.1593,0.0916,0.4489,-0.1336,0.0000,0,1
0.5352,0.0034,0.5319,-0.0080,-0.0017,0.9287,0.1524,0.0893,0.3932,0.1497,-0.4426,0.9287,0.1524,0.0893,1.0518,0.1002,0.1000,0,1,0.8865,-0.1479,0.0200,0.3516,-0.1507,-0.5119,0.8865,-0.1479,0.0200,0.9253,-0.1348,0.0000,1,1,0.2865,0.1488,0.0174,-0.2489,0.1450,-0.5145,0.2865,0.1488,0.0174,0.3672,0.1412,0.0000,1,1,0.3099,-0.1587,0.0858,-0.2250,-0.1625,-0.4461,0.3099,-0.1587,0.0858,0.4527,-0.1338,0.0000,0,1
0.5391,0.0030,0.5316,-0.0089,-0.0022,0.9390,0.1506,0.0802,0.3996,0.1485,-0.4514,0.9390,0.1506,0.0802,1.0558,0.0997,0.1000,0,1,0.8865,-0.1479,0.0200,0.3477,-0.1501,-0.5116,0.8865,-0.1479,0.0200,0.9272,-0.1353,0.0000,1,1,0.2866,0.1488,0.0174,-0.2528,0.1452,-0.5142,0.2866,0.1488,0.0174,0.3692,0.1409,0.0000,1,1,0.3154,-0.1578,0.0767,-0.2233,-0.1613,-0.4549,0.3154,-0.1578,0.0767,0.4566,-0.1341,0.0000,0,1
0.5432,0.0026,0.5312,-0.0099,-0.0028,0.9500,0.1484,0.0702,0.4064,0.1469,-0.4610,0.9500,0.1484,0.0702,1.0599,0.0991,0.1000,0,1,0.8865,-0.1479,0.0201,0.3437,-0.1495,-0.5111,0.8865,-0.1479,0.0201,0.9292,-0.1359,0.0000,1,1,0.2866,0.1488,0.0174,-0.2570,0.1455,-0.5138,0.2866,0.1488,0.0174,0.3713,0.1406,0.0000,1,1,0.3207,-0.1564,0.0656,-0.2221,-0.1596,-0.4656,0.3207,-0.1564,0.0656,0.4606,-0.1344,0.0000,0,1
0.5474,0.0021,0.5309,-0.0109,-0.0036,0.9619,0.1459,0.0602,0.4140,0.1453,-0.4707,0.9619,0.1459,0.0602,1.0642,0.0982,0.1000,0,1,0.8866,-0.1479,0.0201,0.3397,-0.1488,-0.5108,0.8866,-0.1479,0.0201,0.9312,-0.1368,0.0000,1,1,0.2866,0.1488,0.0174,-0.2613,0.1458,-0.5135,0.2866,0.1488,0.0174,0.3736,0.1402,0.0000,1,1,0.3253,-0.1543,0.0537,-0.2215,-0.1572,-0.4772,0.3253,-0.1543,0.0537,0.4647,-0.1348,0.0000,0,1
0.5517,0.0015,0.5306,-0.0120,-0.0045,0.9742,0.1429,0.0521,0.4219,0.1433,-0.4785,0.9742,0.1429,0.0521,1.0687,0.0973,0.1000,0,1,0.8866,-0.1479,0.0201,0.3356,-0.1479,-0.5105,0.8866,-0.1479,0.0201,0.9335,-0.1377,0.0000,1,1,0.2867,0.1488,0.0174,-0.2657,0.1461,-0.5132,0.2867,0.1488,0.0174,0.3761,0.1398,0.0000,1,1,0.3303,-0.1516,0.0430,-0.2207,-0.1541,-0.4876,0.3303,-0.1516,0.0430,0.4689,-0.1352,0.0000,0,1
0.5563,0.0007,0.5304,-0.0130,-0.0055,0.9897,0.1395,0.0460,0.4326,0.1412,-0.4844,0.9897,0.1395,0.0460,1.0735,0.0962,0.1000,0,1,0.8866,-0.1479,0.0201,0.3311,-0.1468,-0.5103,0.8866,-0.1479,0.0201,0.9359,-0.1388,0.0000,1,1,0.2867,0.1488,0.0174,-0.2704,0.1466,-0.5130,0.2867,0.1488,0.0174,0.3789,0.1393,0.0000,1,1,0.3368,-0.1479,0.0325,-0.2187,-0.1498,-0.4979,0.3368,-0.1479,0.0325,0.4733,-0.1357,0.0000,0,1
0.5612,-0.0001,0.5304,-0.0134,-0.0066,1.0099,0.1363,0.0408,0.4478,0.1394,-0.4896,1.0099,0.1363,0.0408,1.0384,0.1350,0.1000,0,1,0.8865,-0.1478,0.0201,0.3263,-0.1455,-0.5103,0.8865,-0.1478,0.0201,0.8986,-0.1800,0.0000,1,1,0.2866,0.1489,0.0176,-0.2756,0.1472,-0.5128,0.2866,0.1489,0.0176,0.3818,0.1386,0.0000,1,1,0.3445,-0.1432,0.0231,-0.2158,-0.1445,-0.5073,0.3445,-0.1432,0.0231,0.4780,-0.1364,0.0000,0,1
0.5679,-0.0013,0.5310,-0.0115,-0.0077,1.0021,0.1342,0.0384,0.4331,0.1388,-0.4926,1.0021,0.1342,0.0384,1.0435,0.1337,0.1000,0,1,0.8898,-0.1482,0.0209,0.3230,-0.1444,-0.5101,0.8898,-0.1482,0.0209,0.9014,-0.1813,0.0000,1,1,0.2906,0.1504,0.0184,-0.2785,0.1496,-0.5126,0.2906,0.1504,0.0184,0.3849,0.1379,0.0000,1,1,0.3604,-0.1416,0.0171,-0.2064,-0.1419,-0.5139,0.3604,-0.1416,0.0171,0.4828,-0.1371,0.0000,0,1
0.5712,-0.0019,0.5314,-0.0112,-0.0080,1.0026,0.1343,0.0379,0.4303,0.1396,-0.4935,1.0026,0.1343,0.0379,0.9414,0.0926,0.0000,1,1,0.8961,-0.1494,0.0246,0.3261,-0.1449,-0.5068,0.8961,-0.1494,0.0246,1.0462,-0.1424,0.1000,0,1,0.2996,0.1525,0.0225,-0.2728,0.1522,-0.5089,0.2996,0.1525,0.0225,0.4899,0.1371,0.0000,0,1,0.3600,-0.1415,0.0175,-0.2101,-0.1413,-0.5139,0.3600,-0.1415,0.0175,0.4206,-0.1379,0.0000,1,1
0.5757,-0.0027,0.5320,-0.0119,-0.0084,1.0027,0.1343,0.0379,0.4258,0.1406,-0.4941,1.0027,0.1343,0.0379,0.9442,0.0916,0.0000,1,1,0.9064,-0.1516,0.0324,0.3319,-0.1461,-0.4996,0.9064,-0.1516,0.0324,1.0509,-0.1434,0.1000,0,1,0.3110,0.1552,0.0306,-0.2660,0.1557,-0.5014,0.3110,0.1552,0.0306,0.4946,0.1363,0.0000,0,1,0.3604,-0.1415,0.0169,-0.2141,-0.1406,-0.5151,0.3604,-0.1415,0.0169,0.4233,-0.1387,0.0000,1,1
0.5803,-0.0034,0.5328,-0.0131,-0.0087,1.0025,0.1345,0.0376,0.4210,0.1416,-0.4952,1.0025,0.1345,0.0376,0.9468,0.0908,0.0000,1,1,0.9166,-0.1540,0.0437,0.3376,-0.1477,-0.4891,0.9166,-0.1540,0.0437,1.0554,-0.1442,0.1000,0,1,0.3230,0.1580,0.0411,-0.2587,0.1592,-0.4917,0.3230,0.1580,0.0411,0.4993,0.1357,0.0000,0,1,0.3604,-0.1413,0.0165,-0.2187,-0.1398,-0.5163,0.3604,-0.1413,0.0165,0.4259,-0.1393,0.0000,1,1
0.5847,-0.0040,0.5336,-0.0148,-0.0090,1.0023,0.1347,0.0374,0.4163,0.1425,-0.4962,1.0023,0.1347,0.0374,0.9493,0.0901,0.0000,1,1,0.9263,-0.1564,0.0565,0.3430,-0.1493,-0.4771,0.9263,-0.1564,0.0565,1.0598,-0.1449,0.1000,0,1,0.3345,0.1605,0.0527,-0.2517,0.1622,-0.4809,0.3345,0.1605,0.0527,0.5037,0.1351,0.0000,0,1,0.3603,-0.1411,0.0164,-0.2232,-0.1391,-0.5172,0.3603,-0.1411,0.0164,0.4282,-0.1399,0.0000,1,1
0.5889,-0.0045,0.5343,-0.0168,-0.0093,1.0022,0.1348,0.0373,0.4120,0.1431,-0.4970,1.0022,0.1348,0.0373,0.9516,0.0895,0.0000,1,1,0.9351,-0.1584,0.0696,0.3476,-0.1507,-0.4647,0.9351,-0.1584,0.0696,1.0640,-0.1455,0.1000,0,1,0.3454,0.1625,0.0644,-0.2450,0.1647,-0.4699,0.3454,0.1625,0.0644,0.5080,0.1347,0.0000,0,1,0.3602,-0.1410,0.0164,-0.2274,-0.1386,-0.5179,0.3602,-0.1410,0.0164,0.4304,-0.1403,0.0000,1,1
0.5930,-0.0049,0.5350,-0.0188,-0.0096,1.0022,0.1348,0.0372,0.4078,0.1436,-0.4978,1.0022,0.1348,0.0372,0.9537,0.0890,0.0000,1,1,0.9432,-0.1602,0.0817,0.3517,-0.1519,-0.4533,0.9432,-0.1602,0.0817,1.0681,-0.1460,0.1000,0,1,0.3554,0.1640,0.0760,-0.2392,0.1666,-0.4590,0.3554,0.1640,0.0760,0.5121,0.1344,0.0000,0,1,0.3602,-0.1409,0.0163,-0.2315,-0.1382,-0.5187,0.3602,-0.1409,0.0163,0.4325,-0.1406,0.0000,1,1
0.5970,-0.0051,0.5356,-0.0207,-0.0098,1.0022,0.1349,0.0372,0.4038,0.1440,-0.4984,1.0022,0.1349,0.0372,0.9557,0.0887,0.0000,1,1,0.9508,-0.1614,0.0916,0.3553,-0.1528,-0.4440,0.9508,-0.1614,0.0916,1.0720,-0.1463,0.1000,0,1,0.3644,0.1649,0.0857,-0.2343,0.1677,-0.4499,0.3644,0.1649,0.0857,0.5161,0.1341,0.0000,0,1,0.3601,-0.1409,0.0163,-0.2356,-0.1381,-0.5193,0.3601,-0.1409,0.0163,0.4344,-0.1408,0.0000,1,1
0.6009,-0.0053,0.5361,-0.0224,-0.0100,1.0022,0.1349,0.0372,0.3999,0.1442,-0.4989,1.0022,0.1349,0.0372,1.0376,0.0884,0.1000,1,1,0.9583,-0.1622,0.0976,0.3590,-0.1533,-0.4385,0.9583,-0.1622,0.0976,1.0759,-0.1465,0.1000,0,1,0.3722,0.1653,0.0917,-0.2304,0.1683,-0.4444,0.3722,0.1653,0.0917,0.5200,0.1340,0.0000,0,1,0.3602,-0.1409,0.0163,-0.2393,-0.1380,-0.5198,0.3602,-0.1409,0.0163,0.4363,-0.1410,0.0000,1,1
0.6046,-0.0053,0.5364,-0.0238,-0.0103,1.0023,0.1348,0.0372,0.3962,0.1442,-0.4992,1.0023,0.1348,0.0372,1.0394,0.0883,0.1000,1,1,0.9638,-0.1634,0.0991,0.3608,-0.1544,-0.4373,0.9638,-0.1634,0.0991,1.0796,-0.1467,0.1000,0,1,0.3784,0.1652,0.0931,-0.2279,0.1682,-0.4433,0.3784,0.1652,0.0931,0.5238,0.1340,0.0000,0,1,0.3602,-0.1409,0.0163,-0.2430,-0.1381,-0.5201,0.3602,-0.1409,0.0163,0.4380,-0.1410,0.0000,1,1
0.6083,-0.0053,0.5367,-0.0252,-0.0106,1.0023,0.1348,0.0372,0.3925,0.1443,-0.4995,1.0023,0.1348,0.0372,1.0411,0.0882,0.1000,1,1,0.9699,-0.1652,0.0957,0.3633,-0.1561,-0.4410,0.9699,-0.1652,0.0957,1.0832,-0.1468,0.1000,0,1,0.3841,0.1651,0.0894,-0.2260,0.1680,-0.4473,0.3841,0.1651,0.0894,0.5275,0.1341,0.0000,0,1,0.3603,-0.1409,0.0162,-0.2465,-0.1382,-0.5205,0.3603,-0.1409,0.0162,0.4396,-0.1409,0.0000,1,1
0.6119,-0.0052,0.5369,-0.0267,-0.0110,1.0024,0.1349,0.0373,0.3889,0.1444,-0.4996,1.0024,0.1349,0.0373,1.0427,0.0881,0.1000,1,1,0.9697,-0.1670,0.0899,0.3596,-0.1579,-0.4470,0.9697,-0.1670,0.0899,1.0867,-0.1469,0.1000,0,1,0.3897,0.1645,0.0818,-0.2241,0.1672,-0.4551,0.3897,0.1645,0.0818,0.5312,0.1342,0.0000,0,1,0.3603,-0.1409,0.0162,-0.2501,-0.1385,-0.5207,0.3603,-0.1409,0.0162,0.4411,-0.1407,0.0000,1,1
0.6154,-0.0051,0.5371,-0.0283,-0.0114,1.0024,0.1349,0.0373,0.3854,0.1444,-0.4998,1.0024,0.1349,0.0373,1.0443,0.0881,0.1000,1,1,0.9805,-0.1684,0.0843,0.3669,-0.1591,-0.4528,0.9805,-0.1684,0.0843,1.0902,-0.1469,0.1000,0,1,0.3954,0.1636,0.0719,-0.2219,0.1662,-0.4652,0.3954,0.1636,0.0719,0.5348,0.1345,0.0000,0,1,0.3604,-0.1409,0.0162,-0.2534,-0.1387,-0.5209,0.3604,-0.1409,0.0162,0.4427,-0.1405,0.0000,1,1
0.6190,-0.0049,0.5374,-0.0302,-0.0115,1.0025,0.1349,0.0374,0.3819,0.1442,-0.5000,1.0025,0.1349,0.0374,1.0459,0.0883,0.1000,1,1,0.9806,-0.1691,0.0794,0.3635,-0.1600,-0.4580,0.9806,-0.1691,0.0794,1.0938,-0.1467,0.1000,0,1,0.3996,0.1618,0.0610,-0.2213,0.1642,-0.4764,0.3996,0.1618,0.0610,0.5384,0.1347,0.0000,0,1,0.3604,-0.1409,0.0162,-0.2570,-0.1390,-0.5212,0.3604,-0.1409,0.0162,0.4442,-0.1403,0.0000,1,1
0.6226,-0.0046,0.5376,-0.0323,-0.0114,1.0025,0.1350,0.0374,0.3783,0.1439,-0.5002,1.0025,0.1350,0.0374,0.9275,0.0486,0.0000,1,1,0.9902,-0.1691,0.0753,0.3695,-0.1603,-0.4623,0.9902,-0.1691,0.0753,1.0974,-0.1464,0.1000,0,1,0.4047,0.1597,0.0502,-0.2198,0.1618,-0.4874,0.4047,0.1597,0.0502,0.5420,0.1350,0.0000,0,1,0.3605,-0.1409,0.0162,-0.2605,-0.1393,-0.5214,0.3605,-0.1409,0.0162,0.4458,-0.1400,0.0000,1,1
0.6263,-0.0042,0.5379,-0.0348,-0.0109,1.0026,0.1350,0.0375,0.3748,0.1433,-0.5004,1.0026,0.1350,0.0375,0.9292,0.0492,0.0000,1,1,0.9958,-0.1680,0.0710,0.3713,-0.1598,-0.4669,0.9958,-0.1680,0.0710,1.1012,-0.1458,0.1000,0,1,0.4099,0.1573,0.0398,-0.2181,0.1591,-0.4981,0.4099,0.1573,0.0398,0.5456,0.1353,0.0000,0,1,0.3606,-0.1408,0.0161,-0.2642,-0.1395,-0.5218,0.3606,-0.1408,0.0161,0.4476,-0.1397,0.0000,1,1
0.6301,-0.0037,0.5383,-0.0375,-0.0101,1.0026,0.1349,0.0374,0.3711,0.1424,-0.5009,1.0026,0.1349,0.0374,0.9309,0.0500,0.0000,1,1,1.0142,-0.1663,0.0637,0.3857,-0.1587,-0.4746,1.0142,-0.1663,0.0637,1.1051,-0.1450,0.1000,0,1,0.4164,0.1545,0.0303,-0.2153,0.1560,-0.5080,0.4164,0.1545,0.0303,0.5493,0.1356,0.0000,0,1,0.3606,-0.1409,0.0162,-0.2681,-0.1399,-0.5221,0.3606,-0.1409,0.0162,0.4495,-0.1394,0.0000,1,1
0.6340,-0.0032,0.5387,-0.0390,-0.0090,1.0023,0.1347,0.0372,0.3670,0.1412,-0.5015,1.0023,0.1347,0.0372,0.9326,0.0509,0.0000,1,1,1.0491,-0.1654,0.0587,0.4165,-0.1585,-0.4800,1.0491,-0.1654,0.0587,1.1091,-0.1441,0.1000,0,1,0.4248,0.1507,0.0228,-0.2106,0.1520,-0.5159,0.4248,0.1507,0.0228,0.5530,0.1360,0.0000,0,1,0.3602,-0.1411,0.0164,-0.2725,-0.1404,-0.5223,0.3602,-0.1411,0.0164,0.4515,-0.1390,0.0000,1,1
0.6384,-0.0025,0.5394,-0.0385,-0.0080,1.0012,0.1331,0.0393,0.3617,0.1385,-0.5001,1.0012,0.1331,0.0393,1.1153,0.1319,0.1000,0,1,1.0681,-0.1654,0.0570,0.4310,-0.1595,-0.4824,1.0681,-0.1654,0.0570,1.0870,-0.1831,0.1000,1,1,0.4312,0.1478,0.0201,-0.2084,0.1486,-0.5193,0.4312,0.1478,0.0201,0.4907,0.1364,0.0000,1,1,0.3678,-0.1438,0.0190,-0.2695,-0.1435,-0.5204,0.3678,-0.1438,0.0190,0.5544,-0.1386,0.0000,0,1
0.6417,-0.0020,0.5399,-0.0394,-0.0073,1.0033,0.1338,0.0447,0.3606,0.1384,-0.4952,1.0033,0.1338,0.0447,1.1190,0.1327,0.1000,0,1,1.0681,-0.1655,0.0570,0.4276,-0.1604,-0.4829,1.0681,-0.1655,0.0570,1.0490,-0.1423,0.1000,1,1,0.4310,0.1477,0.0201,-0.2118,0.1482,-0.5198,0.4310,0.1477,0.0201,0.4924,0.1368,0.0000,1,1,0.3782,-0.1479,0.0246,-0.2624,-0.1478,-0.5153,0.3782,-0.1479,0.0246,0.5584,-0.1382,0.0000,0,1
0.6454,-0.0016,0.5407,-0.0403,-0.0063,0.9957,0.1361,0.0538,0.3494,0.1399,-0.4869,0.9957,0.1361,0.0538,1.1227,0.1335,0.1000,0,1,1.0676,-0.1664,0.0573,0.4232,-0.1621,-0.4834,1.0676,-0.1664,0.0573,1.0509,-0.1415,0.1000,1,1,0.4304,0.1469,0.0204,-0.2159,0.1471,-0.5203,0.4304,0.1469,0.0204,0.4941,0.1370,0.0000,1,1,0.3888,-0.1524,0.0342,-0.2556,-0.1524,-0.5065,0.3888,-0.1524,0.0342,0.5623,-0.1379,0.0000,0,1
0.6490,-0.0013,0.5416,-0.0418,-0.0050,0.9852,0.1405,0.0663,0.3355,0.1435,-0.4753,0.9852,0.1405,0.0663,1.1261,0.1343,0.1000,0,1,1.0672,-0.1662,0.0583,0.4190,-0.1628,-0.4833,1.0672,-0.1662,0.0583,1.0527,-0.1407,0.1000,1,1,0.4304,0.1470,0.0205,-0.2193,0.1472,-0.5211,0.4304,0.1470,0.0205,0.4955,0.1371,0.0000,1,1,0.3999,-0.1561,0.0462,-0.2483,-0.1560,-0.4954,0.3999,-0.1561,0.0462,0.5661,-0.1379,0.0000,0,1
0.6526,-0.0011,0.5425,-0.0439,-0.0034,0.9885,0.1448,0.0793,0.3354,0.1470,-0.4632,0.9885,0.1448,0.0793,1.1294,0.1351,0.1000,0,1,1.0665,-0.1663,0.0597,0.4145,-0.1638,-0.4828,1.0665,-0.1663,0.0597,1.0545,-0.1399,0.1000,1,1,0.4305,0.1469,0.0204,-0.2226,0.1472,-0.5221,0.4305,0.1469,0.0204,0.4968,0.1371,0.0000,1,1,0.4102,-0.1591,0.0562,-0.2419,-0.1588,-0.4863,0.4102,-0.1591,0.0562,0.5699,-0.1379,0.0000,0,1
0.6560,-0.0009,0.5434,-0.0462,-0.0018,0.9923,0.1491,0.0920,0.3360,0.1506,-0.4514,0.9923,0.1491,0.0920,1.1326,0.1359,0.1000,0,1,1.0664,-0.1664,0.0599,0.4107,-0.1648,-0.4835,1.0664,-0.1664,0.0599,1.0561,-0.1391,0.1000,1,1,0.4305,0.1468,0.0203,-0.2258,0.1473,-0.5231,0.4305,0.1468,0.0203,0.4980,0.1369,0.0000,1,1,0.4199,-0.1617,0.0674,-0.2358,-0.1612,-0.4760,0.4199,-0.1617,0.0674,0.5735,-0.1381,0.0000,0,1
0.6592,-0.0009,0.5443,-0.0484,-0.0000,0.9954,0.1530,0.1031,0.3362,0.1539,-0.4412,0.9954,0.1530,0.1031,1.1356,0.1366,0.1000,0,1,1.0664,-0.1664,0.0600,0.4072,-0.1655,-0.4843,1.0664,-0.1664,0.0600,1.0576,-0.1384,0.1000,1,1,0.4305,0.1467,0.0203,-0.2287,0.1476,-0.5240,0.4305,0.1467,0.0203,0.4990,0.1366,0.0000,1,1,0.4287,-0.1640,0.0769,-0.2305,-0.1631,-0.4674,0.4287,-0.1640,0.0769,0.5770,-0.1384,0.0000,0,1
0.6624,-0.0010,0.5450,-0.0503,0.0018,0.9981,0.1564,0.1112,0.3360,0.1568,-0.4338,0.9981,0.1564,0.1112,1.1385,0.1372,0.1000,0,1,1.0663,-0.1665,0.0601,0.4036,-0.1662,-0.4849,1.0663,-0.1665,0.0601,1.0590,-0.1378,0.1000,1,1,0.4305,0.1467,0.0202,-0.2316,0.1481,-0.5248,0.4305,0.1467,0.0202,0.4999,0.1362,0.0000,1,1,0.4363,-0.1657,0.0843,-0.2264,-0.1643,-0.4607,0.4363,-0.1657,0.0843,0.5804,-0.1388,0.0000,0,1
0.6654,-0.0012,0.5457,-0.0520,0.0035,1.0001,0.1592,0.1152,0.3353,0.1592,-0.4305,1.0001,0.1592,0.1152,1.1413,0.1377,0.1000,0,1,1.0663,-0.1665,0.0602,0.4003,-0.1667,-0.4855,1.0663,-0.1665,0.0602,1.0603,-0.1373,0.1000,1,1,0.4305,0.1467,0.0202,-0.2344,0.1487,-0.5255,0.4305,0.1467,0.0202,0.5007,0.1357,0.0000,1,1,0.4430,-0.1670,0.0882,-0.2230,-0.1650,-0.4575,0.4430,-0.1670,0.0882,0.5837,-0.1393,0.0000,0,1
0.6684,-0.0014,0.5462,-0.0534,0.0053,1.0054,0.1614,0.1146,0.3379,0.1610,-0.4316,1.0054,0.1614,0.1146,1.1440,0.1380,0.1000,0,1,1.0663,-0.1665,0.0602,0.3970,-0.1672,-0.4860,1.0663,-0.1665,0.0602,1.0615,-0.1369,0.1000,1,1,0.4306,0.1467,0.0202,-0.2370,0.1494,-0.5260,0.4306,0.1467,0.0202,0.5014,0.1351,0.0000,1,1,0.4489,-0.1679,0.0870,-0.2204,-0.1653,-0.4592,0.4489,-0.1679,0.0870,0.5869,-0.1399,0.0000,0,1
0.6713,-0.0018,0.5465,-0.0548,0.0068,1.0058,0.1631,0.1105,0.3356,0.1626,-0.4360,1.0058,0.1631,0.1105,1.1467,0.1383,0.1000,0,1,1.0663,-0.1665,0.0603,0.3939,-0.1674,-0.4862,1.0663,-0.1665,0.0603,1.0626,-0.1367,0.1000,1,1,0.4306,0.1467,0.0202,-0.2397,0.1501,-0.5263,0.4306,0.1467,0.0202,0.5021,0.1345,0.0000,1,1,0.4544,-0.1683,0.0812,-0.2180,-0.1650,-0.4653,0.4544,-0.1683,0.0812,0.5900,-0.1405,0.0000,0,1
0.6741,-0.0022,0.5468,-0.0560,0.0082,1.0094,0.1640,0.1042,0.3367,0.1634,-0.4426,1.0094,0.1640,0.1042,1.1494,0.1384,0.1000,0,1,1.0664,-0.1665,0.0603,0.3909,-0.1675,-0.4865,1.0664,-0.1665,0.0603,1.0636,-0.1366,0.1000,1,1,0.4307,0.1467,0.0202,-0.2422,0.1509,-0.5266,0.4307,0.1467,0.0202,0.5028,0.1338,0.0000,1,1,0.4590,-0.1683,0.0723,-0.2165,-0.1643,-0.4745,0.4590,-0.1683,0.0723,0.5931,-0.1412,0.0000,0,1
0.6770,-0.0028,0.5470,-0.0571,0.0092,1.0154,0.1639,0.0991,0.3399,0.1636,-0.4479,1.0154,0.1639,0.0991,1.1521,0.1382,0.1000,0,1,1.0664,-0.1666,0.0603,0.3879,-0.1674,-0.4867,1.0664,-0.1666,0.0603,1.0646,-0.1368,0.1000,1,1,0.4307,0.1467,0.0201,-0.2449,0.1518,-0.5269,0.4307,0.1467,0.0201,0.5035,0.1331,0.0000,1,1,0.4635,-0.1679,0.0623,-0.2150,-0.1631,-0.4847,0.4635,-0.1679,0.0623,0.5960,-0.1419,0.0000,0,1
0.6798,-0.0034,0.5471,-0.0582,0.0098,1.0110,0.1626,0.0940,0.3328,0.1627,-0.4531,1.0110,0.1626,0.0940,1.1548,0.1378,0.1000,0,1,1.0664,-0.1666,0.0604,0.3850,-0.1670,-0.4867,1.0664,-0.1666,0.0604,1.0655,-0.1372,0.1000,1,1,0.4307,0.1467,0.0201,-0.2476,0.1525,-0.5270,0.4307,0.1467,0.0201,0.5043,0.1323,0.0000,1,1,0.4673,-0.1670,0.0528,-0.2141,-0.1615,-0.4943,0.4673,-0.1670,0.0528,0.5990,-0.1427,0.0000,0,1
0.6827,-0.0041,0.5472,-0.0595,0.0098,1.0144,0.1612,0.0883,0.3333,0.1620,-0.4589,1.0144,0.1612,0.0883,1.1577,0.1371,0.1000,0,1,1.0665,-0.1666,0.0605,0.3822,-0.1663,-0.4867,1.0665,-0.1666,0.0605,1.0664,-0.1379,0.1000,1,1,0.4308,0.1467,0.0201,-0.2504,0.1533,-0.5271,0.4308,0.1467,0.0201,0.5051,0.1316,0.0000,1,1,0.4710,-0.1663,0.0447,-0.2133,-0.1601,-0.5025,0.4710,-0.1663,0.0447,0.6018,-0.1434,0.0000,0,1
0.6855,-0.0048,0.5475,-0.0612,0.0094,1.0052,0.1590,0.0851,0.3212,0.1608,-0.4624,1.0052,0.1590,0.0851,1.1605,0.1363,0.1000,0,1,1.0666,-0.1666,0.0606,0.3796,-0.1654,-0.4869,1.0666,-0.1666,0.0606,1.0671,-0.1387,0.1000,1,1,0.4309,0.1467,0.0201,-0.2532,0.1539,-0.5274,0.4309,0.1467,0.0201,0.5060,0.1310,0.0000,1,1,0.4762,-0.1656,0.0348,-0.2108,-0.1588,-0.5127,0.4762,-0.1656,0.0348,0.6046,-0.1440,0.0000,0,1
0.6882,-0.0055,0.5480,-0.0631,0.0084,1.0217,0.1563,0.0766,0.3348,0.1590,-0.4714,1.0217,0.1563,0.0766,1.1634,0.1352,0.1000,0,1,1.0664,-0.1667,0.0607,0.3768,-0.1644,-0.4873,1.0664,-0.1667,0.0607,1.0677,-0.1398,0.1000,1,1,0.4309,0.1466,0.0201,-0.2560,0.1543,-0.5279,0.4309,0.1466,0.0201,0.5068,0.1305,0.0000,1,1,0.4814,-0.1641,0.0283,-0.2081,-0.1569,-0.5197,0.4814,-0.1641,0.0283,0.6071,-0.1445,0.0000,0,1
0.6920,-0.0065,0.5491,-0.0645,0.0057,1.0437,0.1539,0.0704,0.3526,0.1584,-0.4787,1.0437,0.1539,0.0704,1.1662,0.1338,0.1000,0,1,1.0543,-0.1691,0.0624,0.3614,-0.1647,-0.4867,1.0543,-0.1691,0.0624,1.0680,-0.1411,0.1000,1,1,0.4363,0.1474,0.0217,-0.2548,0.1554,-0.5274,0.4363,0.1474,0.0217,0.5076,0.1301,0.0000,1,1,0.4872,-0.1614,0.0229,-0.2057,-0.1537,-0.5262,0.4872,-0.1614,0.0229,0.6095,-0.1449,0.0000,0,1
0.6935,-0.0069,0.5495,-0.0653,0.0046,1.0440,0.1542,0.0707,0.3512,0.1595,-0.4788,1.0440,0.1542,0.0707,1.1021,0.1324,0.1000,1,1,1.0412,-0.1716,0.0656,0.3469,-0.1663,-0.4839,1.0412,-0.1716,0.0656,1.1704,-0.1426,0.1000,0,1,0.4425,0.1487,0.0250,-0.2503,0.1568,-0.5245,0.4425,0.1487,0.0250,0.6105,0.1298,0.0000,0,1,0.4872,-0.1611,0.0230,-0.2070,-0.1532,-0.5265,0.4872,-0.1611,0.0230,0.5448,-0.1452,0.0000,1,1
0.6959,-0.0075,0.5504,-0.0663,0.0026,1.0441,0.1545,0.0707,0.3486,0.1611,-0.4797,1.0441,0.1545,0.0707,1.1030,0.1310,0.1000,1,1,1.0217,-0.1772,0.0739,0.3254,-0.1705,-0.4765,1.0217,-0.1772,0.0739,1.1727,-0.1440,0.1000,0,1,0.4535,0.1509,0.0327,-0.2420,0.1590,-0.5177,0.4535,0.1509,0.0327,0.6134,0.1296,0.0000,0,1,0.4872,-0.1609,0.0229,-0.2091,-0.1529,-0.5275,0.4872,-0.1609,0.0229,0.5451,-0.1454,0.0000,1,1
0.6985,-0.0080,0.5515,-0.0675,0.0004,1.0442,0.1547,0.0708,0.3458,0.1626,-0.4807,1.0442,0.1547,0.0708,1.1039,0.1297,0.1000,1,1,1.0072,-0.1830,0.0855,0.3086,-0.1751,-0.4660,1.0072,-0.1830,0.0855,1.1750,-0.1453,0.1000,0,1,0.4651,0.1531,0.0427,-0.2333,0.1612,-0.5088,0.4651,0.1531,0.0427,0.6163,0.1295,0.0000,0,1,0.4874,-0.1608,0.0228,-0.2112,-0.1527,-0.5287,0.4874,-0.1608,0.0228,0.5454,-0.1455,0.0000,1,1
0.7012,-0.0084,0.5526,-0.0693,-0.0016,1.0443,0.1549,0.0709,0.3428,0.1638,-0.4817,1.0443,0.1549,0.0709,1.1048,0.1285,0.1000,1,1,1.0071,-0.1880,0.0983,0.3062,-0.1791,-0.4543,1.0071,-0.1880,0.0983,1.1774,-0.1465,0.1000,0,1,0.4758,0.1549,0.0531,-0.2257,0.1629,-0.4995,0.4758,0.1549,0.0531,0.6192,0.1294,0.0000,0,1,0.4875,-0.1606,0.0226,-0.2135,-0.1525,-0.5300,0.4875,-0.1606,0.0226,0.5458,-0.1456,0.0000,1,1
0.7039,-0.0087,0.5537,-0.0714,-0.0034,1.0443,0.1549,0.0709,0.3398,0.1648,-0.4828,1.0443,0.1549,0.0709,1.1057,0.1275,0.1000,1,1,1.0104,-0.1922,0.1114,0.3071,-0.1825,-0.4423,1.0104,-0.1922,0.1114,1.1798,-0.1475,0.1000,0,1,0.4866,0.1565,0.0644,-0.2179,0.1645,-0.4893,0.4866,0.1565,0.0644,0.6221,0.1294,0.0000,0,1,0.4875,-0.1606,0.0226,-0.2159,-0.1526,-0.5311,0.4875,-0.1606,0.0226,0.5462,-0.1456,0.0000,1,1
0.7066,-0.0089,0.5547,-0.0734,-0.0051,1.0443,0.1550,0.0709,0.3369,0.1656,-0.4838,1.0443,0.1550,0.0709,1.1066,0.1267,0.1000,1,1,1.0130,-0.1956,0.1234,0.3073,-0.1851,-0.4313,1.0130,-0.1956,0.1234,1.1822,-0.1483,0.1000,0,1,0.4964,0.1576,0.0746,-0.2110,0.1654,-0.4801,0.4964,0.1576,0.0746,0.6250,0.1295,0.0000,0,1,0.4875,-0.1605,0.0226,-0.2183,-0.1527,-0.5321,0.4875,-0.1605,0.0226,0.5467,-0.1455,0.0000,1,1
0.7093,-0.0091,0.5557,-0.0753,-0.0066,1.0442,0.1550,0.0709,0.3338,0.1663,-0.4848,1.0442,0.1550,0.0709,1.1076,0.1260,0.1000,1,1,1.0152,-0.1982,0.1332,0.3071,-0.1871,-0.4225,1.0152,-0.1982,0.1332,1.1848,-0.1490,0.1000,0,1,0.5051,0.1585,0.0834,-0.2053,0.1662,-0.4723,0.5051,0.1585,0.0834,0.6280,0.1296,0.0000,0,1,0.4875,-0.1605,0.0225,-0.2208,-0.1529,-0.5332,0.4875,-0.1605,0.0225,0.5472,-0.1454,0.0000,1,1
0.7120,-0.0091,0.5564,-0.0769,-0.0079,1.0442,0.1550,0.0709,0.3309,0.1667,-0.4855,1.0442,0.1550,0.0709,1.1085,0.1254,0.1000,1,1,1.0175,-0.2000,0.1394,0.3070,-0.1885,-0.4170,1.0175,-0.2000,0.1394,1.1873,-0.1496,0.1000,0,1,0.5124,0.1590,0.0895,-0.2009,0.1665,-0.4669,0.5124,0.1590,0.0895,0.6309,0.1298,0.0000,0,1,0.4875,-0.1605,0.0225,-0.2233,-0.1532,-0.5339,0.4875,-0.1605,0.0225,0.5477,-0.1452,0.0000,1,1
0.7148,-0.0091,0.5571,-0.0782,-0.0090,1.0443,0.1549,0.0709,0.3280,0.1670,-0.4862,1.0443,0.1549,0.0709,1.1094,0.1250,0.1000,1,1,1.0194,-0.2018,0.1410,0.3063,-0.1900,-0.4161,1.0194,-0.2018,0.1410,1.1899,-0.1500,0.1000,0,1,0.5184,0.1594,0.0910,-0.1979,0.1667,-0.4661,0.5184,0.1594,0.0910,0.6338,0.1300,0.0000,0,1,0.4875,-0.1605,0.0225,-0.2259,-0.1534,-0.5346,0.4875,-0.1605,0.0225,0.5483,-0.1450,0.0000,1,1
0.7176,-0.0090,0.5576,-0.0793,-0.0100,1.0443,0.1549,0.0709,0.3250,0.1672,-0.4867,1.0443,0.1549,0.0709,1.1104,0.1247,0.1000,1,1,1.0267,-0.2032,0.1388,0.3110,-0.1911,-0.4188,1.0267,-0.2032,0.1388,1.1926,-0.1503,0.1000,0,1,0.5236,0.1594,0.0874,-0.1957,0.1665,-0.4702,0.5236,0.1594,0.0874,0.6368,0.1303,0.0000,0,1,0.4875,-0.1606,0.0225,-0.2286,-0.1539,-0.5351,0.4875,-0.1606,0.0225,0.5491,-0.1447,0.0000,1,1
0.7206,-0.0089,0.5581,-0.0803,-0.0106,1.0443,0.1549,0.0709,0.3219,0.1672,-0.4872,1.0443,0.1549,0.0709,1.1114,0.1246,0.1000,1,1,1.0251,-0.2039,0.1350,0.3065,-0.1918,-0.4231,1.0251,-0.2039,0.1350,1.1955,-0.1504,0.1000,0,1,0.5282,0.1590,0.0798,-0.1942,0.1659,-0.4783,0.5282,0.1590,0.0798,0.6398,0.1305,0.0000,0,1,0.4876,-0.1606,0.0225,-0.2314,-0.1542,-0.5356,0.4876,-0.1606,0.0225,0.5499,-0.1445,0.0000,1,1
0.7237,-0.0087,0.5585,-0.0817,-0.0108,1.0445,0.1549,0.0710,0.3190,0.1671,-0.4875,1.0445,0.1549,0.0710,1.1126,0.1247,0.1000,1,1,1.0361,-0.2036,0.1292,0.3145,-0.1915,-0.4293,1.0361,-0.2036,0.1292,1.1986,-0.1503,0.1000,0,1,0.5329,0.1580,0.0705,-0.1926,0.1646,-0.4880,0.5329,0.1580,0.0705,0.6430,0.1307,0.0000,0,1,0.4877,-0.1606,0.0225,-0.2343,-0.1544,-0.5360,0.4877,-0.1606,0.0225,0.5510,-0.1442,0.0000,1,1
0.7271,-0.0085,0.5588,-0.0842,-0.0103,1.0445,0.1550,0.0710,0.3157,0.1668,-0.4878,1.0445,0.1550,0.0710,1.1139,0.1251,0.1000,1,1,1.0535,-0.2019,0.1267,0.3284,-0.1900,-0.4321,1.0535,-0.2019,0.1267,1.2020,-0.1499,0.1000,0,1,0.5368,0.1562,0.0605,-0.1920,0.1627,-0.4983,0.5368,0.1562,0.0605,0.6463,0.1309,0.0000,0,1,0.4877,-0.1606,0.0225,-0.2378,-0.1546,-0.5363,0.4877,-0.1606,0.0225,0.5524,-0.1441,0.0000,1,1
0.7307,-0.0082,0.5592,-0.0869,-0.0092,1.0443,0.1551,0.0710,0.3121,0.1662,-0.4882,1.0443,0.1551,0.0710,1.1153,0.1258,0.1000,1,1,1.0620,-0.1987,0.1246,0.3330,-0.1874,-0.4346,1.0620,-0.1987,0.1246,1.2057,-0.1492,0.1000,0,1,0.5406,0.1542,0.0509,-0.1916,0.1606,-0.5083,0.5406,0.1542,0.0509,0.6497,0.1310,0.0000,0,1,0.4876,-0.1605,0.0225,-0.2417,-0.1545,-0.5367,0.4876,-0.1605,0.0225,0.5542,-0.1440,0.0000,1,1
0.7344,-0.0079,0.5597,-0.0895,-0.0076,1.0442,0.1551,0.0710,0.3086,0.1653,-0.4887,1.0442,0.1551,0.0710,1.1168,0.1267,0.1000,1,1,1.0858,-0.1950,0.1179,0.3528,-0.1844,-0.4418,1.0858,-0.1950,0.1179,1.2097,-0.1483,0.1000,0,1,0.5443,0.1519,0.0420,-0.1913,0.1584,-0.5177,0.5443,0.1519,0.0420,0.6532,0.1310,0.0000,0,1,0.4875,-0.1604,0.0226,-0.2457,-0.1544,-0.5371,0.4875,-0.1604,0.0226,0.5561,-0.1440,0.0000,1,1
0.7382,-0.0075,0.5603,-0.0909,-0.0057,1.0441,0.1551,0.0710,0.3050,0.1643,-0.4893,1.0441,0.1551,0.0710,1.1184,0.1279,0.1000,1,1,1.1028,-0.1902,0.1096,0.3656,-0.1806,-0.4507,1.1028,-0.1902,0.1096,1.2138,-0.1471,0.1000,0,1,0.5458,0.1495,0.0342,-0.1933,0.1559,-0.5261,0.5458,0.1495,0.0342,0.6568,0.1311,0.0000,0,1,0.4873,-0.1604,0.0226,-0.2500,-0.1543,-0.5377,0.4873,-0.1604,0.0226,0.5582,-0.1439,0.0000,1,1
0.7421,-0.0070,0.5611,-0.0904,-0.0036,1.0439,0.1550,0.0709,0.3012,0.1631,-0.4902,1.0439,0.1550,0.0709,1.1200,0.1291,0.1000,1,1,1.1233,-0.1849,0.1018,0.3818,-0.1765,-0.4593,1.1233,-0.1849,0.1018,1.2180,-0.1459,0.1000,0,1,0.5473,0.1466,0.0267,-0.1954,0.1529,-0.5344,0.5473,0.1466,0.0267,0.6604,0.1312,0.0000,0,1,0.4870,-0.1605,0.0228,-0.2545,-0.1544,-0.5383,0.4870,-0.1605,0.0228,0.5604,-0.1438,0.0000,1,1
0.7467,-0.0063,0.5623,-0.0879,-0.0011,1.0357,0.1587,0.0734,0.2888,0.1653,-0.4889,1.0357,0.1587,0.0734,1.2226,0.1305,0.1000,0,1,1.1357,-0.1824,0.0992,0.3892,-0.1757,-0.4631,1.1357,-0.1824,0.0992,1.1562,-0.1445,0.1000,1,1,0.5468,0.1448,0.0239,-0.2001,0.1509,-0.5384,0.5468,0.1448,0.0239,0.5980,0.1313,0.0000,1,1,0.4948,-0.1614,0.0252,-0.2517,-0.1554,-0.5371,0.4948,-0.1614,0.0252,0.6636,-0.1437,0.0000,0,1
0.7500,-0.0059,0.5632,-0.0870,0.0009,1.0275,0.1639,0.0795,0.2777,0.1696,-0.4837,1.0275,0.1639,0.0795,1.2263,0.1319,0.1000,0,1,1.1356,-0.1828,0.0986,0.3854,-0.1772,-0.4646,1.1356,-0.1828,0.0986,1.1585,-0.1431,0.1000,1,1,0.5465,0.1445,0.0240,-0.2034,0.1506,-0.5392,0.5465,0.1445,0.0240,0.5997,0.1314,0.0000,1,1,0.5046,-0.1630,0.0311,-0.2455,-0.1569,-0.5321,0.5046,-0.1630,0.0311,0.6679,-0.1436,0.0000,0,1
0.7539,-0.0055,0.5642,-0.0861,0.0028,1.0209,0.1696,0.0898,0.2675,0.1744,-0.4744,1.0209,0.1696,0.0898,1.2299,0.1331,0.1000,0,1,1.1356,-0.1832,0.0984,0.3812,-0.1788,-0.4658,1.1356,-0.1832,0.0984,1.1607,-0.1419,0.1000,1,1,0.5464,0.1442,0.0239,-0.2071,0.1503,-0.5403,0.5464,0.1442,0.0239,0.6013,0.1315,0.0000,1,1,0.5161,-0.1647,0.0411,-0.2382,-0.1585,-0.5231,0.5161,-0.1647,0.0411,0.6721,-0.1435,0.0000,0,1
0.7579,-0.0051,0.5653,-0.0860,0.0043,1.0239,0.1741,0.1020,0.2668,0.1781,-0.4633,1.0239,0.1741,0.1020,1.2337,0.1341,0.1000,0,1,1.1357,-0.1833,0.0985,0.3770,-0.1798,-0.4668,1.1357,-0.1833,0.0985,1.1629,-0.1409,0.1000,1,1,0.5466,0.1442,0.0239,-0.2107,0.1502,-0.5414,0.5466,0.1442,0.0239,0.6031,0.1317,0.0000,1,1,0.5284,-0.1662,0.0530,-0.2302,-0.1601,-0.5123,0.5284,-0.1662,0.0530,0.6763,-0.1433,0.0000,0,1
0.7619,-0.0047,0.5664,-0.0869,0.0052,1.0299,0.1776,0.1151,0.2689,0.1809,-0.4513,1.0299,0.1776,0.1151,1.2376,0.1348,0.1000,0,1,1.1357,-0.1833,0.0985,0.3729,-0.1805,-0.4679,1.1357,-0.1833,0.0985,1.1650,-0.1402,0.1000,1,1,0.5466,0.1442,0.0238,-0.2145,0.1500,-0.5426,0.5466,0.1442,0.0238,0.6050,0.1318,0.0000,1,1,0.5398,-0.1673,0.0650,-0.2229,-0.1614,-0.5014,0.5398,-0.1673,0.0650,0.6804,-0.1432,0.0000,0,1
0.7660,-0.0044,0.5673,-0.0889,0.0056,1.0429,0.1801,0.1280,0.2779,0.1829,-0.4393,1.0429,0.1801,0.1280,1.2416,0.1352,0.1000,0,1,1.1358,-0.1833,0.0986,0.3688,-0.1810,-0.4687,1.1358,-0.1833,0.0986,1.1671,-0.1398,0.1000,1,1,0.5468,0.1442,0.0237,-0.2184,0.1498,-0.5436,0.5468,0.1442,0.0237,0.6070,0.1321,0.0000,1,1,0.5513,-0.1680,0.0773,-0.2156,-0.1624,-0.4900,0.5513,-0.1680,0.0773,0.6845,-0.1429,0.0000,0,1
0.7702,-0.0041,0.5681,-0.0918,0.0055,1.0586,0.1816,0.1390,0.2894,0.1841,-0.4291,1.0586,0.1816,0.1390,1.2458,0.1355,0.1000,0,1,1.1357,-0.1833,0.0985,0.3645,-0.1812,-0.4696,1.1357,-0.1833,0.0985,1.1693,-0.1395,0.1000,1,1,0.5466,0.1441,0.0238,-0.2228,0.1494,-0.5443,0.5466,0.1441,0.0238,0.6092,0.1324,0.0000,1,1,0.5622,-0.1682,0.0877,-0.2089,-0.1630,-0.4804,0.5622,-0.1682,0.0877,0.6887,-0.1426,0.0000,0,1
0.7744,-0.0039,0.5688,-0.0951,0.0050,1.0745,0.1824,0.1471,0.3010,0.1848,-0.4217,1.0745,0.1824,0.1471,1.2500,0.1355,0.1000,0,1,1.1357,-0.1833,0.0984,0.3604,-0.1812,-0.4704,1.1357,-0.1833,0.0984,1.1714,-0.1395,0.1000,1,1,0.5466,0.1441,0.0238,-0.2271,0.1491,-0.5450,0.5466,0.1441,0.0238,0.6115,0.1327,0.0000,1,1,0.5722,-0.1680,0.0957,-0.2030,-0.1631,-0.4731,0.5722,-0.1680,0.0957,0.6928,-0.1423,0.0000,0,1
0.7786,-0.0037,0.5692,-0.0986,0.0042,1.0903,0.1827,0.1511,0.3125,0.1851,-0.4181,1.0903,0.1827,0.1511,1.2544,0.1354,0.1000,0,1,1.1356,-0.1832,0.0984,0.3562,-0.1810,-0.4708,1.1356,-0.1832,0.0984,1.1736,-0.1396,0.1000,1,1,0.5465,0.1442,0.0238,-0.2315,0.1489,-0.5454,0.5465,0.1442,0.0238,0.6138,0.1330,0.0000,1,1,0.5813,-0.1674,0.0997,-0.1980,-0.1629,-0.4695,0.5813,-0.1674,0.0997,0.6970,-0.1420,0.0000,0,1
0.7829,-0.0035,0.5696,-0.1020,0.0033,1.1065,0.1826,0.1501,0.3242,0.1850,-0.4195,1.1065,0.1826,0.1501,1.2589,0.1352,0.1000,0,1,1.1356,-0.1832,0.0984,0.3521,-0.1809,-0.4712,1.1356,-0.1832,0.0984,1.1758,-0.1398,0.1000,1,1,0.5465,0.1442,0.0238,-0.2359,0.1485,-0.5458,0.5465,0.1442,0.0238,0.6163,0.1334,0.0000,1,1,0.5898,-0.1664,0.0985,-0.1936,-0.1623,-0.4711,0.5898,-0.1664,0.0985,0.7012,-0.1416,0.0000,0,1
0.7873,-0.0034,0.5697,-0.1052,0.0022,1.1252,0.1822,0.1464,0.3383,0.1849,-0.4233,1.1252,0.1822,0.1464,1.2634,0.1350,0.1000,0,1,1.1357,-0.1831,0.0984,0.3480,-0.1805,-0.4713,1.1357,-0.1831,0.0984,1.1780,-0.1400,0.1000,1,1,0.5465,0.1442,0.0238,-0.2405,0.1481,-0.5459,0.5465,0.1442,0.0238,0.6188,0.1337,0.0000,1,1,0.5976,-0.1649,0.0928,-0.1901,-0.1611,-0.4769,0.5976,-0.1649,0.0928,0.7054,-0.1413,0.0000,0,1
0.7917,-0.0032,0.5698,-0.1081,0.0011,1.1380,0.1811,0.1410,0.3465,0.1839,-0.4288,1.1380,0.1811,0.1410,1.2680,0.1347,0.1000,0,1,1.1357,-0.1831,0.0984,0.3438,-0.1803,-0.4714,1.1357,-0.1831,0.0984,1.1803,-0.1403,0.1000,1,1,0.5465,0.1442,0.0238,-0.2450,0.1477,-0.5460,0.5465,0.1442,0.0238,0.6214,0.1341,0.0000,1,1,0.6047,-0.1630,0.0836,-0.1872,-0.1596,-0.4862,0.6047,-0.1630,0.0836,0.7097,-0.1409,0.0000,0,1
0.7963,-0.0031,0.5697,-0.1108,0.0001,1.1583,0.1793,0.1358,0.3620,0.1824,-0.4339,1.1583,0.1793,0.1358,1.2727,0.1344,0.1000,0,1,1.1358,-0.1831,0.0984,0.3395,-0.1800,-0.4713,1.1358,-0.1831,0.0984,1.1827,-0.1406,0.1000,1,1,0.5466,0.1442,0.0238,-0.2497,0.1473,-0.5459,0.5466,0.1442,0.0238,0.6241,0.1344,0.0000,1,1,0.6113,-0.1603,0.0726,-0.1850,-0.1572,-0.4971,0.6113,-0.1603,0.0726,0.7141,-0.1406,0.0000,0,1
0.8010,-0.0030,0.5697,-0.1133,-0.0009,1.1698,0.1768,0.1317,0.3686,0.1801,-0.4380,1.1698,0.1768,0.1317,1.2775,0.1341,0.1000,0,1,1.1358,-0.1831,0.0985,0.3350,-0.1798,-0.4712,1.1358,-0.1831,0.0985,1.1852,-0.1409,0.1000,1,1,0.5466,0.1442,0.0238,-0.2545,0.1470,-0.5459,0.5466,0.1442,0.0238,0.6269,0.1346,0.0000,1,1,0.6168,-0.1570,0.0609,-0.1841,-0.1542,-0.5088,0.6168,-0.1570,0.0609,0.7186,-0.1404,0.0000,0,1
0.8058,-0.0029,0.5697,-0.1155,-0.0017,1.1900,0.1739,0.1282,0.3839,0.1775,-0.4415,1.1900,0.1739,0.1282,1.2824,0.1339,0.1000,0,1,1.1358,-0.1832,0.0985,0.3303,-0.1797,-0.4712,1.1358,-0.1832,0.0985,1.1880,-0.1411,0.1000,1,1,0.5466,0.1441,0.0238,-0.2594,0.1466,-0.5459,0.5466,0.1441,0.0238,0.6298,0.1349,0.0000,1,1,0.6214,-0.1531,0.0497,-0.1841,-0.1505,-0.5200,0.6214,-0.1531,0.0497,0.7234,-0.1401,0.0000,0,1
0.8108,-0.0029,0.5698,-0.1171,-0.0024,1.2073,0.1702,0.1210,0.3961,0.1741,-0.4488,1.2073,0.1702,0.1210,1.2876,0.1337,0.1000,0,1,1.1357,-0.1832,0.0985,0.3253,-0.1795,-0.4713,1.1357,-0.1832,0.0985,1.1909,-0.1413,0.1000,1,1,0.5465,0.1441,0.0239,-0.2647,0.1464,-0.5459,0.5465,0.1441,0.0239,0.6330,0.1351,0.0000,1,1,0.6261,-0.1489,0.0388,-0.1843,-0.1464,-0.5310,0.6261,-0.1489,0.0388,0.7283,-0.1399,0.0000,0,1
0.8160,-0.0029,0.5701,-0.1178,-0.0028,1.2270,0.1663,0.1131,0.4105,0.1704,-0.4570,1.2270,0.1663,0.1131,1.2928,0.1336,0.1000,0,1,1.1357,-0.1832,0.0985,0.3202,-0.1794,-0.4716,1.1357,-0.1832,0.0985,1.1940,-0.1414,0.1000,1,1,0.5465,0.1441,0.0239,-0.2699,0.1462,-0.5462,0.5465,0.1441,0.0239,0.6362,0.1351,0.0000,1,1,0.6291,-0.1445,0.0295,-0.1865,-0.1421,-0.5406,0.6291,-0.1445,0.0295,0.7334,-0.1399,0.0000,0,1
0.8254,-0.0029,0.5711,-0.1165,-0.0026,1.2530,0.1627,0.1072,0.4272,0.1667,-0.4639,1.2530,0.1627,0.1072,1.2981,0.1335,0.1000,0,1,1.1470,-0.1828,0.1011,0.3221,-0.1791,-0.4700,1.1470,-0.1828,0.1011,1.1974,-0.1415,0.1000,1,1,0.5574,0.1457,0.0262,-0.2684,0.1479,-0.5449,0.5574,0.1457,0.0262,0.6395,0.1351,0.0000,1,1,0.6308,-0.1396,0.0228,-0.1942,-0.1372,-0.5483,0.6308,-0.1396,0.0228,0.7388,-0.1399,0.0000,0,1
0.8271,-0.0029,0.5713,-0.1162,-0.0026,1.2527,0.1629,0.1068,0.4252,0.1669,-0.4645,1.2527,0.1629,0.1068,1.2365,0.1336,0.1000,1,1,1.1516,-0.1827,0.1038,0.3250,-0.1790,-0.4675,1.1516,-0.1827,0.1038,1.3028,-0.1414,0.1000,0,1,0.5620,0.1470,0.0295,-0.2655,0.1492,-0.5418,0.5620,0.1470,0.0295,0.7449,0.1351,0.0000,0,1,0.6302,-0.1394,0.0231,-0.1965,-0.1370,-0.5482,0.6302,-0.1394,0.0231,0.6772,-0.1399,0.0000,1,1
0.8321,-0.0029,0.5720,-0.1171,-0.0025,1.2526,0.1629,0.1066,0.4201,0.1669,-0.4654,1.2526,0.1629,0.1066,1.2398,0.1337,0.1000,1,1,1.1670,-0.1831,0.1120,0.3353,-0.1794,-0.4600,1.1670,-0.1831,0.1120,1.2681,-0.1813,0.1000,0,1,0.5768,0.1500,0.0379,-0.2557,0.1523,-0.5341,0.5768,0.1500,0.0379,0.7502,0.1351,0.0000,0,1,0.6300,-0.1394,0.0232,-0.2018,-0.1370,-0.5488,0.6300,-0.1394,0.0232,0.6805,-0.1399,0.0000,1,1
0.8373,-0.0028,0.5727,-0.1186,-0.0023,1.2523,0.1630,0.1063,0.4146,0.1668,-0.4664,1.2523,0.1630,0.1063,1.2430,0.1338,0.1000,1,1,1.1817,-0.1838,0.1236,0.3448,-0.1802,-0.4491,1.1817,-0.1838,0.1236,1.2734,-0.1812,0.1000,0,1,0.5920,0.1531,0.0491,-0.2457,0.1553,-0.5236,0.5920,0.1531,0.0491,0.7554,0.1351,0.0000,0,1,0.6296,-0.1393,0.0233,-0.2074,-0.1370,-0.5494,0.6296,-0.1393,0.0233,0.6838,-0.1399,0.0000,1,1
0.8423,-0.0028,0.5734,-0.1211,-0.0022,1.2522,0.1630,0.1063,0.4095,0.1667,-0.4671,1.2522,0.1630,0.1063,1.2460,0.1339,0.1000,1,1,1.1951,-0.1845,0.1363,0.3532,-0.1809,-0.4371,1.1951,-0.1845,0.1363,1.2784,-0.1811,0.1000,0,1,0.6074,0.1559,0.0619,-0.2352,0.1582,-0.5115,0.6074,0.1559,0.0619,0.7604,0.1351,0.0000,0,1,0.6295,-0.1393,0.0233,-0.2125,-0.1370,-0.5501,0.6295,-0.1393,0.0233,0.6868,-0.1399,0.0000,1,1
0.8472,-0.0026,0.5742,-0.1238,-0.0021,1.2522,0.1630,0.1062,0.4047,0.1665,-0.4680,1.2522,0.1630,0.1062,1.2489,0.1341,0.1000,1,1,1.2069,-0.1848,0.1493,0.3601,-0.1814,-0.4249,1.2069,-0.1848,0.1493,1.2833,-0.1809,0.1000,0,1,0.6217,0.1582,0.0745,-0.2258,0.1603,-0.4997,0.6217,0.1582,0.0745,0.7653,0.1352,0.0000,0,1,0.6295,-0.1393,0.0233,-0.2174,-0.1372,-0.5509,0.6295,-0.1393,0.0233,0.6897,-0.1398,0.0000,1,1
0.8519,-0.0025,0.5748,-0.1267,-0.0020,1.2522,0.1630,0.1062,0.4000,0.1663,-0.4686,1.2522,0.1630,0.1062,1.2516,0.1342,0.1000,1,1,1.2178,-0.1846,0.1615,0.3663,-0.1814,-0.4133,1.2178,-0.1846,0.1615,1.2880,-0.1808,0.1000,0,1,0.6349,0.1600,0.0865,-0.2173,0.1621,-0.4883,0.6349,0.1600,0.0865,0.7700,0.1354,0.0000,0,1,0.6295,-0.1392,0.0233,-0.2221,-0.1371,-0.5515,0.6295,-0.1392,0.0233,0.6924,-0.1396,0.0000,1,1
0.8565,-0.0023,0.5754,-0.1295,-0.0020,1.2522,0.1630,0.1062,0.3954,0.1661,-0.4692,1.2522,0.1630,0.1062,1.2542,0.1344,0.1000,1,1,1.2275,-0.1841,0.1713,0.3714,-0.1811,-0.4041,1.2275,-0.1841,0.1713,1.2926,-0.1806,0.1000,0,1,0.6469,0.1613,0.0957,-0.2099,0.1632,-0.4797,0.6469,0.1613,0.0957,0.7746,0.1356,0.0000,0,1,0.6295,-0.1392,0.0233,-0.2267,-0.1374,-0.5521,0.6295,-0.1392,0.0233,0.6950,-0.1394,0.0000,1,1
0.8610,-0.0021,0.5759,-0.1318,-0.0021,1.2522,0.1630,0.1062,0.3909,0.1659,-0.4697,1.2522,0.1630,0.1062,1.2566,0.1346,0.1000,1,1,1.2364,-0.1833,0.1775,0.3758,-0.1804,-0.3984,1.2364,-0.1833,0.1775,1.2970,-0.1804,0.1000,0,1,0.6574,0.1619,0.1018,-0.2039,0.1636,-0.4741,0.6574,0.1619,0.1018,0.7790,0.1358,0.0000,0,1,0.6295,-0.1392,0.0233,-0.2312,-0.1376,-0.5526,0.6295,-0.1392,0.0233,0.6974,-0.1392,0.0000,1,1
0.8653,-0.0018,0.5762,-0.1336,-0.0023,1.2522,0.1631,0.1062,0.3865,0.1658,-0.4700,1.2522,0.1631,0.1062,1.2590,0.1348,0.1000,1,1,1.2449,-0.1822,0.1790,0.3800,-0.1795,-0.3972,1.2449,-0.1822,0.1790,1.3013,-0.1802,0.1000,0,1,0.6666,0.1621,0.1032,-0.1991,0.1634,-0.4730,0.6666,0.1621,0.1032,0.7834,0.1361,0.0000,0,1,0.6295,-0.1392,0.0232,-0.2355,-0.1379,-0.5530,0.6295,-0.1392,0.0232,0.6997,-0.1389,0.0000,1,1
0.8695,-0.0016,0.5763,-0.1350,-0.0026,1.2523,0.1630,0.1062,0.3824,0.1656,-0.4701,1.2523,0.1630,0.1062,1.2612,0.1350,0.1000,1,1,1.2540,-0.1809,0.1755,0.3850,-0.1783,-0.4008,1.2540,-0.1809,0.1755,1.3055,-0.1800,0.1000,0,1,0.6746,0.1618,0.0996,-0.1953,0.1629,-0.4767,0.6746,0.1618,0.0996,0.7876,0.1364,0.0000,0,1,0.6296,-0.1392,0.0232,-0.2395,-0.1382,-0.5531,0.6296,-0.1392,0.0232,0.7019,-0.1386,0.0000,1,1
0.8736,-0.0013,0.5763,-0.1359,-0.0029,1.2523,0.1631,0.1063,0.3782,0.1655,-0.4700,1.2523,0.1631,0.1063,1.2634,0.1351,0.1000,1,1,1.2601,-0.1793,0.1689,0.3870,-0.1769,-0.4074,1.2601,-0.1793,0.1689,1.3896,-0.1799,0.2000,0,1,0.6814,0.1611,0.0920,-0.1927,0.1618,-0.4843,0.6814,0.1611,0.0920,0.7918,0.1368,0.0000,0,1,0.6297,-0.1392,0.0232,-0.2435,-0.1386,-0.5531,0.6297,-0.1392,0.0232,0.7040,-0.1382,0.0000,1,1
0.8779,-0.0009,0.5762,-0.1369,-0.0031,1.2524,0.1631,0.1064,0.3740,0.1652,-0.4698,1.2524,0.1631,0.1064,1.2657,0.1354,0.1000,1,1,1.2751,-0.1773,0.1612,0.3977,-0.1752,-0.4150,1.2751,-0.1773,0.1612,1.3938,-0.1796,0.2000,0,1,0.6866,0.1598,0.0816,-0.1918,0.1601,-0.4946,0.6866,0.1598,0.0816,0.7961,0.1371,0.0000,0,1,0.6298,-0.1392,0.0232,-0.2477,-0.1391,-0.5530,0.6298,-0.1392,0.0232,0.7062,-0.1379,0.0000,1,1
0.8822,-0.0006,0.5760,-0.1381,-0.0031,1.2524,0.1631,0.1064,0.3697,0.1648,-0.4696,1.2524,0.1631,0.1064,1.2680,0.1357,0.1000,1,1,1.2851,-0.1749,0.1528,0.4034,-0.1731,-0.4232,1.2851,-0.1749,0.1528,1.3981,-0.1793,0.2000,0,1,0.6908,0.1578,0.0697,-0.1919,0.1578,-0.5063,0.6908,0.1578,0.0697,0.8004,0.1375,0.0000,0,1,0.6298,-0.1392,0.0232,-0.2520,-0.1394,-0.5528,0.6298,-0.1392,0.0232,0.7085,-0.1375,0.0000,1,1
0.8866,-0.0002,0.5759,-0.1394,-0.0029,1.2525,0.1631,0.1065,0.3654,0.1644,-0.4694,1.2525,0.1631,0.1065,1.2704,0.1362,0.1000,1,1,1.2989,-0.1716,0.1444,0.4128,-0.1702,-0.4315,1.2989,-0.1716,0.1444,1.4026,-0.1788,0.2000,0,1,0.6944,0.1549,0.0575,-0.1926,0.1545,-0.5184,0.6944,0.1549,0.0575,0.8048,0.1379,0.0000,0,1,0.6298,-0.1392,0.0232,-0.2564,-0.1397,-0.5527,0.6298,-0.1392,0.0232,0.7110,-0.1371,0.0000,1,1
0.8912,0.0003,0.5759,-0.1408,-0.0026,1.2525,0.1631,0.1065,0.3609,0.1637,-0.4694,1.2525,0.1631,0.1065,1.2729,0.1368,0.1000,1,1,1.3125,-0.1681,0.1383,0.4217,-0.1673,-0.4376,1.3125,-0.1681,0.1383,1.4072,-0.1782,0.2000,0,1,0.6968,0.1516,0.0460,-0.1948,0.1508,-0.5299,0.6968,0.1516,0.0460,0.8093,0.1383,0.0000,0,1,0.6298,-0.1392,0.0232,-0.2610,-0.1402,-0.5527,0.6298,-0.1392,0.0232,0.7136,-0.1367,0.0000,1,1
0.8960,0.0008,0.5761,-0.1421,-0.0021,1.2525,0.1631,0.1065,0.3562,0.1630,-0.4696,1.2525,0.1631,0.1065,1.2756,0.1375,0.1000,1,1,1.3308,-0.1646,0.1333,0.4351,-0.1645,-0.4428,1.3308,-0.1646,0.1333,1.4120,-0.1775,0.2000,0,1,0.6995,0.1477,0.0355,-0.1968,0.1465,-0.5406,0.6995,0.1477,0.0355,0.8140,0.1387,0.0000,0,1,0.6298,-0.1392,0.0233,-0.2659,-0.1406,-0.5528,0.6298,-0.1392,0.0233,0.7164,-0.1363,0.0000,1,1
0.9009,0.0013,0.5766,-0.1424,-0.0018,1.2523,0.1629,0.1064,0.3511,0.1622,-0.4702,1.2523,0.1629,0.1064,1.2785,0.1381,0.1000,1,1,1.3583,-0.1613,0.1299,0.4577,-0.1618,-0.4467,1.3583,-0.1613,0.1299,1.4170,-0.1769,0.2000,0,1,0.7011,0.1430,0.0279,-0.2001,0.1413,-0.5487,0.7011,0.1430,0.0279,0.8189,0.1392,0.0000,0,1,0.6296,-0.1393,0.0233,-0.2710,-0.1411,-0.5533,0.6296,-0.1393,0.0233,0.7194,-0.1358,0.0000,1,1
0.9068,0.0020,0.5775,-0.1412,-0.0017,1.2595,0.1628,0.1088,0.3524,0.1614,-0.4687,1.2595,0.1628,0.1088,1.4225,0.0988,0.2000,0,1,1.3771,-0.1598,0.1274,0.4706,-0.1610,-0.4501,1.3771,-0.1598,0.1274,1.3160,-0.1362,0.1000,1,1,0.7021,0.1396,0.0249,-0.2049,0.1373,-0.5526,0.7021,0.1396,0.0249,0.7579,0.1397,0.0000,1,1,0.6401,-0.1419,0.0260,-0.2665,-0.1444,-0.5515,0.6401,-0.1419,0.0260,0.8234,-0.1353,0.0000,0,1
0.9109,0.0025,0.5782,-0.1413,-0.0015,1.2698,0.1630,0.1149,0.3587,0.1610,-0.4633,1.2698,0.1630,0.1149,1.3874,0.1394,0.2000,0,1,1.3770,-0.1600,0.1267,0.4663,-0.1618,-0.4515,1.3770,-0.1600,0.1267,1.2790,-0.1756,0.1000,1,1,0.7017,0.1394,0.0250,-0.2094,0.1366,-0.5532,0.7017,0.1394,0.0250,0.7608,0.1402,0.0000,1,1,0.6525,-0.1446,0.0326,-0.2582,-0.1475,-0.5456,0.6525,-0.1446,0.0326,0.8284,-0.1348,0.0000,0,1
0.9157,0.0029,0.5791,-0.1429,-0.0012,1.2801,0.1645,0.1250,0.3642,0.1620,-0.4541,1.2801,0.1645,0.1250,1.3922,0.1399,0.2000,0,1,1.3768,-0.1601,0.1265,0.4613,-0.1624,-0.4526,1.3768,-0.1601,0.1265,1.2819,-0.1751,0.1000,1,1,0.7015,0.1393,0.0251,-0.2144,0.1361,-0.5540,0.7015,0.1393,0.0251,0.7636,0.1406,0.0000,1,1,0.6668,-0.1477,0.0426,-0.2487,-0.1509,-0.5365,0.6668,-0.1477,0.0426,0.8333,-0.1344,0.0000,0,1
0.9204,0.0032,0.5801,-0.1455,-0.0007,1.2899,0.1665,0.1372,0.3694,0.1636,-0.4429,1.2899,0.1665,0.1372,1.3969,0.1405,0.2000,0,1,1.3765,-0.1602,0.1268,0.4562,-0.1631,-0.4533,1.3765,-0.1602,0.1268,1.2847,-0.1745,0.1000,1,1,0.7014,0.1392,0.0251,-0.2191,0.1358,-0.5550,0.7014,0.1392,0.0251,0.7663,0.1409,0.0000,1,1,0.6811,-0.1505,0.0544,-0.2392,-0.1539,-0.5257,0.6811,-0.1505,0.0544,0.8381,-0.1341,0.0000,0,1
0.9250,0.0035,0.5810,-0.1487,-0.0000,1.2990,0.1686,0.1503,0.3740,0.1651,-0.4307,1.2990,0.1686,0.1503,1.4014,0.1410,0.2000,0,1,1.3760,-0.1602,0.1274,0.4510,-0.1637,-0.4536,1.3760,-0.1602,0.1274,1.2874,-0.1740,0.1000,1,1,0.7013,0.1391,0.0251,-0.2237,0.1356,-0.5559,0.7013,0.1391,0.0251,0.7688,0.1410,0.0000,1,1,0.6951,-0.1528,0.0660,-0.2299,-0.1563,-0.5150,0.6951,-0.1528,0.0660,0.8428,-0.1340,0.0000,0,1
0.9295,0.0037,0.5820,-0.1522,0.0008,1.3070,0.1705,0.1631,0.3776,0.1665,-0.4189,1.3070,0.1705,0.1631,1.4058,0.1415,0.2000,0,1,1.3755,-0.1602,0.1282,0.4459,-0.1643,-0.4538,1.3755,-0.1602,0.1282,1.2900,-0.1735,0.1000,1,1,0.7013,0.1391,0.0250,-0.2281,0.1356,-0.5570,0.7013,0.1391,0.0250,0.7712,0.1411,0.0000,1,1,0.7081,-0.1547,0.0770,-0.2215,-0.1582,-0.5050,0.7081,-0.1547,0.0770,0.8474,-0.1339,0.0000,0,1
0.9338,0.0038,0.5828,-0.1556,0.0018,1.3142,0.1719,0.1741,0.3807,0.1674,-0.4087,1.3142,0.1719,0.1741,1.4099,0.1420,0.2000,0,1,1.3751,-0.1602,0.1287,0.4410,-0.1648,-0.4541,1.3751,-0.1602,0.1287,1.2924,-0.1730,0.1000,1,1,0.7012,0.1391,0.0250,-0.2324,0.1357,-0.5578,0.7012,0.1391,0.0250,0.7733,0.1410,0.0000,1,1,0.7202,-0.1562,0.0869,-0.2139,-0.1596,-0.4959,0.7202,-0.1562,0.0869,0.8518,-0.1340,0.0000,0,1
0.9380,0.0038,0.5836,-0.1585,0.0028,1.3206,0.1729,0.1823,0.3831,0.1680,-0.4013,1.3206,0.1729,0.1823,1.4140,0.1424,0.2000,0,1,1.3749,-0.1602,0.1289,0.4364,-0.1652,-0.4547,1.3749,-0.1602,0.1289,1.2947,-0.1726,0.1000,1,1,0.7012,0.1391,0.0250,-0.2364,0.1360,-0.5586,0.7012,0.1391,0.0250,0.7754,0.1408,0.0000,1,1,0.7309,-0.1572,0.0946,-0.2075,-0.1604,-0.4890,0.7309,-0.1572,0.0946,0.8561,-0.1342,0.0000,0,1
0.9420,0.0037,0.5843,-0.1610,0.0039,1.3265,0.1735,0.1862,0.3852,0.1683,-0.3981,1.3265,0.1735,0.1862,1.4179,0.1427,0.2000,0,1,1.3749,-0.1602,0.1290,0.4323,-0.1656,-0.4553,1.3749,-0.1602,0.1290,1.2969,-0.1723,0.1000,1,1,0.7012,0.1391,0.0250,-0.2403,0.1363,-0.5593,0.7012,0.1391,0.0250,0.7773,0.1405,0.0000,1,1,0.7402,-0.1577,0.0984,-0.2024,-0.1606,-0.4859,0.7402,-0.1577,0.0984,0.8603,-0.1345,0.0000,0,1
0.9460,0.0036,0.5848,-0.1629,0.0050,1.3333,0.1737,0.1852,0.3881,0.1682,-0.3996,1.3333,0.1737,0.1852,1.4217,0.1430,0.2000,0,1,1.3750,-0.1602,0.1290,0.4282,-0.1659,-0.4558,1.3750,-0.1602,0.1290,1.2990,-0.1720,0.1000,1,1,0.7013,0.1391,0.0250,-0.2440,0.1367,-0.5598,0.7013,0.1391,0.0250,0.7791,0.1402,0.0000,1,1,0.7484,-0.1577,0.0973,-0.1984,-0.1603,-0.4875,0.7484,-0.1577,0.0973,0.8644,-0.1348,0.0000,0,1
0.9498,0.0033,0.5851,-0.1642,0.0060,1.3385,0.1734,0.1800,0.3897,0.1678,-0.4051,1.3385,0.1734,0.1800,1.4254,0.1431,0.2000,0,1,1.3750,-0.1602,0.1291,0.4242,-0.1660,-0.4560,1.3750,-0.1602,0.1291,1.3010,-0.1719,0.1000,1,1,0.7013,0.1391,0.0250,-0.2477,0.1373,-0.5601,0.7013,0.1391,0.0250,0.7808,0.1397,0.0000,1,1,0.7556,-0.1573,0.0915,-0.1952,-0.1594,-0.4936,0.7556,-0.1573,0.0915,0.8685,-0.1353,0.0000,0,1
0.9537,0.0030,0.5854,-0.1653,0.0070,1.3379,0.1733,0.1735,0.3854,0.1676,-0.4119,1.3379,0.1733,0.1735,1.4291,0.1432,0.2000,0,1,1.3751,-0.1602,0.1292,0.4202,-0.1661,-0.4562,1.3751,-0.1602,0.1292,1.3830,-0.1718,0.2000,1,1,0.7015,0.1391,0.0249,-0.2512,0.1379,-0.5605,0.7015,0.1391,0.0249,0.7825,0.1392,0.0000,1,1,0.7620,-0.1565,0.0827,-0.1928,-0.1582,-0.5027,0.7620,-0.1565,0.0827,0.8724,-0.1358,0.0000,0,1
0.9575,0.0027,0.5858,-0.1666,0.0081,1.3323,0.1759,0.1688,0.3762,0.1702,-0.4170,1.3323,0.1759,0.1688,1.4328,0.1432,0.2000,0,1,1.3751,-0.1603,0.1292,0.4163,-0.1664,-0.4566,1.3751,-0.1603,0.1292,1.3850,-0.1718,0.2000,1,1,0.7015,0.1391,0.0249,-0.2549,0.1385,-0.5609,0.7015,0.1391,0.0249,0.7842,0.1387,0.0000,1,1,0.7680,-0.1557,0.0729,-0.1908,-0.1569,-0.5129,0.7680,-0.1557,0.0729,0.8764,-0.1363,0.0000,0,1
0.9614,0.0023,0.5863,-0.1685,0.0090,1.3335,0.1777,0.1633,0.3737,0.1720,-0.4230,1.3335,0.1777,0.1633,1.4365,0.1432,0.2000,0,1,1.3752,-0.1603,0.1293,0.4123,-0.1663,-0.4570,1.3752,-0.1603,0.1293,1.3870,-0.1718,0.2000,1,1,0.7015,0.1391,0.0249,-0.2587,0.1391,-0.5614,0.7015,0.1391,0.0249,0.7860,0.1382,0.0000,1,1,0.7742,-0.1543,0.0617,-0.1886,-0.1549,-0.5246,0.7742,-0.1543,0.0617,0.8804,-0.1368,0.0000,0,1
0.9656,0.0019,0.5869,-0.1718,0.0098,1.3347,0.1785,0.1577,0.3708,0.1730,-0.4292,1.3347,0.1785,0.1577,1.4406,0.1430,0.2000,0,1,1.3753,-0.1603,0.1293,0.4081,-0.1662,-0.4576,1.3753,-0.1603,0.1293,1.2693,-0.2119,0.1000,1,1,0.7016,0.1390,0.0249,-0.2626,0.1397,-0.5620,0.7016,0.1390,0.0249,0.7880,0.1376,0.0000,1,1,0.7904,-0.1510,0.0516,-0.1767,-0.1512,-0.5353,0.7904,-0.1510,0.0516,0.8847,-0.1374,0.0000,0,1
0.9701,0.0013,0.5877,-0.1763,0.0103,1.3434,0.1761,0.1611,0.3751,0.1709,-0.4266,1.3434,0.1761,0.1611,1.4450,0.1427,0.2000,0,1,1.3752,-0.1604,0.1293,0.4034,-0.1659,-0.4584,1.3752,-0.1604,0.1293,1.2719,-0.2123,0.1000,1,1,0.7016,0.1390,0.0249,-0.2671,0.1405,-0.5628,0.7016,0.1390,0.0249,0.7905,0.1369,0.0000,1,1,0.8065,-0.1471,0.0451,-0.1651,-0.1467,-0.5426,0.8065,-0.1471,0.0451,0.8893,-0.1381,0.0000,0,1
0.9749,0.0006,0.5887,-0.1800,0.0104,1.3723,0.1742,0.1551,0.3992,0.1695,-0.4336,1.3723,0.1742,0.1551,1.4498,0.1420,0.2000,0,1,1.3749,-0.1603,0.1290,0.3983,-0.1651,-0.4597,1.3749,-0.1603,0.1290,1.2746,-0.2130,0.1000,1,1,0.7012,0.1391,0.0252,-0.2722,0.1413,-0.5635,0.7012,0.1391,0.0252,0.7932,0.1362,0.0000,1,1,0.8294,-0.1426,0.0396,-0.1470,-0.1417,-0.5491,0.8294,-0.1426,0.0396,0.8941,-0.1388,0.0000,0,1
0.9823,-0.0009,0.5910,-0.1786,0.0106,1.4124,0.1725,0.1507,0.4319,0.1688,-0.4403,1.4124,0.1725,0.1507,1.4546,0.1411,0.2000,0,1,1.3698,-0.1604,0.1299,0.3858,-0.1636,-0.4611,1.3698,-0.1604,0.1299,1.2775,-0.2139,0.1000,1,1,0.7095,0.1417,0.0268,-0.2713,0.1455,-0.5642,0.7095,0.1417,0.0268,0.7960,0.1352,0.0000,1,1,0.8565,-0.1351,0.0344,-0.1272,-0.1329,-0.5566,0.8565,-0.1351,0.0344,0.8989,-0.1397,0.0000,0,1
0.9848,-0.0014,0.5918,-0.1781,0.0107,1.4122,0.1732,0.1507,0.4292,0.1700,-0.4411,1.4122,0.1732,0.1507,1.4323,0.1002,0.2000,1,1,1.3647,-0.1612,0.1334,0.3782,-0.1639,-0.4584,1.3647,-0.1612,0.1334,1.4623,-0.1347,0.2000,0,1,0.7183,0.1439,0.0309,-0.2649,0.1481,-0.5609,0.7183,0.1439,0.0309,0.9008,0.1342,0.0000,0,1,0.8564,-0.1345,0.0342,-0.1298,-0.1317,-0.5576,0.8564,-0.1345,0.0342,0.8367,-0.1407,0.0000,1,1
0.9892,-0.0021,0.5933,-0.1779,0.0105,1.4119,0.1738,0.1507,0.4245,0.1715,-0.4426,1.4119,0.1738,0.1507,1.4351,0.0993,0.2000,1,1,1.3595,-0.1635,0.1417,0.3686,-0.1653,-0.4516,1.3595,-0.1635,0.1417,1.4670,-0.1356,0.2000,0,1,0.7326,0.1473,0.0398,-0.2550,0.1521,-0.5535,0.7326,0.1473,0.0398,0.9055,0.1334,0.0000,0,1,0.8557,-0.1339,0.0345,-0.1349,-0.1304,-0.5588,0.8557,-0.1339,0.0345,0.8394,-0.1416,0.0000,1,1
0.9938,-0.0028,0.5948,-0.1786,0.0100,1.4117,0.1741,0.1507,0.4196,0.1727,-0.4441,1.4117,0.1741,0.1507,1.3978,0.1384,0.2000,1,1,1.3473,-0.1678,0.1531,0.3518,-0.1685,-0.4417,1.3473,-0.1678,0.1531,1.4715,-0.1365,0.2000,0,1,0.7477,0.1503,0.0514,-0.2446,0.1556,-0.5434,0.7477,0.1503,0.0514,0.9102,0.1328,0.0000,0,1,0.8545,-0.1336,0.0357,-0.1406,-0.1294,-0.5591,0.8545,-0.1336,0.0357,0.8420,-0.1422,0.0000,1,1
0.9983,-0.0035,0.5963,-0.1800,0.0092,1.4114,0.1747,0.1513,0.4147,0.1744,-0.4450,1.4114,0.1747,0.1513,1.4004,0.1375,0.2000,1,1,1.3393,-0.1730,0.1661,0.3394,-0.1726,-0.4302,1.3393,-0.1730,0.1661,1.4759,-0.1375,0.2000,0,1,0.7622,0.1527,0.0646,-0.2347,0.1584,-0.5317,0.7622,0.1527,0.0646,0.9148,0.1324,0.0000,0,1,0.8544,-0.1331,0.0357,-0.1451,-0.1283,-0.5606,0.8544,-0.1331,0.0357,0.8443,-0.1426,0.0000,1,1
1.0026,-0.0039,0.5979,-0.1823,0.0081,1.4114,0.1747,0.1514,0.4102,0.1753,-0.4465,1.4114,0.1747,0.1514,1.4029,0.1366,0.2000,1,1,1.3400,-0.1782,0.1791,0.3360,-0.1770,-0.4188,1.3400,-0.1782,0.1791,1.4801,-0.1384,0.2000,0,1,0.7767,0.1545,0.0776,-0.2246,0.1602,-0.5203,0.7767,0.1545,0.0776,0.9193,0.1321,0.0000,0,1,0.8538,-0.1331,0.0363,-0.1498,-0.1280,-0.5616,0.8538,-0.1331,0.0363,0.8465,-0.1429,0.0000,1,1
1.0069,-0.0043,0.5993,-0.1849,0.0068,1.4109,0.1746,0.1523,0.4052,0.1761,-0.4470,1.4109,0.1746,0.1523,1.4053,0.1357,0.2000,1,1,1.3438,-0.1826,0.1911,0.3357,-0.1806,-0.4082,1.3438,-0.1826,0.1911,1.4842,-0.1393,0.2000,0,1,0.7905,0.1558,0.0896,-0.2153,0.1616,-0.5097,0.7905,0.1558,0.0896,0.9237,0.1319,0.0000,0,1,0.8536,-0.1331,0.0366,-0.1542,-0.1278,-0.5627,0.8536,-0.1331,0.0366,0.8486,-0.1431,0.0000,1,1
1.0110,-0.0046,0.6007,-0.1878,0.0054,1.4107,0.1745,0.1530,0.4007,0.1769,-0.4477,1.4107,0.1745,0.1530,1.4077,0.1350,0.2000,1,1,1.3473,-0.1864,0.2008,0.3353,-0.1836,-0.3999,1.3473,-0.1864,0.2008,1.4882,-0.1400,0.2000,0,1,0.8035,0.1565,0.0993,-0.2066,0.1622,-0.5014,0.8035,0.1565,0.0993,0.9281,0.1320,0.0000,0,1,0.8536,-0.1332,0.0366,-0.1581,-0.1277,-0.5641,0.8536,-0.1332,0.0366,0.8506,-0.1430,0.0000,1,1
1.0151,-0.0047,0.6019,-0.1906,0.0039,1.4105,0.1745,0.1534,0.3961,0.1777,-0.4485,1.4105,0.1745,0.1534,1.4099,0.1342,0.2000,1,1,1.3519,-0.1896,0.2073,0.3361,-0.1862,-0.3946,1.3519,-0.1896,0.2073,1.4920,-0.1407,0.2000,0,1,0.8157,0.1570,0.1057,-0.1988,0.1625,-0.4962,0.8157,0.1570,0.1057,0.9323,0.1321,0.0000,0,1,0.8536,-0.1332,0.0366,-0.1620,-0.1279,-0.5653,0.8536,-0.1332,0.0366,0.8524,-0.1429,0.0000,1,1
1.0190,-0.0047,0.6030,-0.1936,0.0024,1.4103,0.1744,0.1538,0.3917,0.1782,-0.4492,1.4103,0.1744,0.1538,1.4121,0.1337,0.2000,1,1,1.3571,-0.1925,0.2087,0.3376,-0.1886,-0.3943,1.3571,-0.1925,0.2087,1.4957,-0.1413,0.2000,0,1,0.8271,0.1570,0.1068,-0.1915,0.1622,-0.4962,0.8271,0.1570,0.1068,0.9365,0.1323,0.0000,0,1,0.8536,-0.1332,0.0366,-0.1657,-0.1281,-0.5664,0.8536,-0.1332,0.0366,0.8541,-0.1427,0.0000,1,1
1.0229,-0.0047,0.6040,-0.1963,0.0009,1.4103,0.1744,0.1540,0.3876,0.1788,-0.4500,1.4103,0.1744,0.1540,1.4142,0.1332,0.2000,1,1,1.3605,-0.1948,0.2062,0.3374,-0.1904,-0.3978,1.3605,-0.1948,0.2062,1.4994,-0.1418,0.2000,0,1,0.8380,0.1567,0.1032,-0.1848,0.1616,-0.5008,0.8380,0.1567,0.1032,0.9406,0.1327,0.0000,0,1,0.8536,-0.1332,0.0366,-0.1694,-0.1283,-0.5674,0.8536,-0.1332,0.0366,0.8558,-0.1423,0.0000,1,1
1.0267,-0.0045,0.6048,-0.1986,-0.0005,1.4103,0.1744,0.1539,0.3835,0.1791,-0.4509,1.4103,0.1744,0.1539,1.4162,0.1328,0.2000,1,1,1.3642,-0.1964,0.2017,0.3376,-0.1917,-0.4031,1.3642,-0.1964,0.2017,1.5031,-0.1422,0.2000,0,1,0.8481,0.1559,0.0963,-0.1787,0.1603,-0.5085,0.8481,0.1559,0.0963,0.9446,0.1331,0.0000,0,1,0.8536,-0.1332,0.0366,-0.1730,-0.1288,-0.5682,0.8536,-0.1332,0.0366,0.8575,-0.1419,0.0000,1,1
1.0305,-0.0043,0.6055,-0.2008,-0.0019,1.4103,0.1744,0.1539,0.3795,0.1794,-0.4516,1.4103,0.1744,0.1539,1.4182,0.1325,0.2000,1,1,1.3684,-0.1975,0.1941,0.3383,-0.1926,-0.4114,1.3684,-0.1975,0.1941,1.5067,-0.1425,0.2000,0,1,0.8577,0.1546,0.0885,-0.1731,0.1586,-0.5170,0.8577,0.1546,0.0885,0.9486,0.1336,0.0000,0,1,0.8536,-0.1332,0.0366,-0.1767,-0.1292,-0.5689,0.8536,-0.1332,0.0366,0.8591,-0.1414,0.0000,1,1
1.0343,-0.0039,0.6063,-0.2029,-0.0034,1.4103,0.1745,0.1540,0.3754,0.1797,-0.4523,1.4103,0.1745,0.1540,1.4201,0.1323,0.2000,1,1,1.3537,-0.1984,0.1953,0.3201,-0.1934,-0.4110,1.3537,-0.1984,0.1953,1.5102,-0.1427,0.2000,0,1,0.8681,0.1532,0.0801,-0.1667,0.1565,-0.5262,0.8681,0.1532,0.0801,0.9525,0.1342,0.0000,0,1,0.8537,-0.1331,0.0366,-0.1802,-0.1298,-0.5697,0.8537,-0.1331,0.0366,0.8606,-0.1408,0.0000,1,1
1.0380,-0.0036,0.6072,-0.2053,-0.0048,1.4103,0.1746,0.1542,0.3714,0.1800,-0.4530,1.4103,0.1746,0.1542,1.4220,0.1321,0.2000,1,1,1.3476,-0.1999,0.1921,0.3105,-0.1948,-0.4151,1.3476,-0.1999,0.1921,1.5137,-0.1429,0.2000,0,1,0.8791,0.1511,0.0719,-0.1596,0.1539,-0.5353,0.8791,0.1511,0.0719,0.9564,0.1348,0.0000,0,1,0.8537,-0.1331,0.0365,-0.1837,-0.1304,-0.5707,0.8537,-0.1331,0.0365,0.8621,-0.1402,0.0000,1,1
1.0417,-0.0032,0.6082,-0.2083,-0.0061,1.4102,0.1745,0.1545,0.3674,0.1799,-0.4537,1.4102,0.1745,0.1545,1.4239,0.1320,0.2000,1,1,1.3492,-0.1978,0.1883,0.3087,-0.1927,-0.4199,1.3492,-0.1978,0.1883,1.5172,-0.1430,0.2000,0,1,0.8890,0.1489,0.0663,-0.1536,0.1512,-0.5419,0.8890,0.1489,0.0663,0.9203,0.0954,0.0000,0,1,0.8537,-0.1331,0.0365,-0.1872,-0.1310,-0.5717,0.8537,-0.1331,0.0365,0.8636,-0.1396,0.0000,1,1
1.0451,-0.0028,0.6094,-0.2106,-0.0067,1.4100,0.1747,0.1544,0.3637,0.1799,-0.4550,1.4100,0.1747,0.1544,1.4255,0.1321,0.2000,1,1,1.3650,-0.1910,0.1795,0.3212,-0.1861,-0.4299,1.3650,-0.1910,0.1795,1.5206,-0.1429,0.2000,0,1,0.8900,0.1432,0.0582,-0.1561,0.1450,-0.5512,0.8900,0.1432,0.0582,0.9239,0.0959,0.0000,0,1,0.8535,-0.1330,0.0366,-0.1907,-0.1315,-0.5728,0.8535,-0.1330,0.0366,0.8650,-0.1391,0.0000,1,1
1.0482,-0.0025,0.6108,-0.2110,-0.0068,1.4099,0.1746,0.1544,0.3605,0.1796,-0.4564,1.4099,0.1746,0.1544,1.4266,0.1324,0.2000,1,1,1.3899,-0.1826,0.1747,0.3429,-0.1778,-0.4361,1.3899,-0.1826,0.1747,1.5237,-0.1426,0.2000,0,1,0.8868,0.1376,0.0556,-0.1623,0.1390,-0.5552,0.8868,0.1376,0.0556,0.9270,0.0962,0.0000,0,1,0.8533,-0.1330,0.0367,-0.1940,-0.1318,-0.5741,0.8533,-0.1330,0.0367,0.8661,-0.1388,0.0000,1,1
1.0511,-0.0022,0.6125,-0.2089,-0.0066,1.3981,0.1770,0.1566,0.3458,0.1815,-0.4559,1.3981,0.1770,0.1566,1.5282,0.1328,0.2000,0,1,1.4025,-0.1787,0.1721,0.3526,-0.1742,-0.4404,1.4025,-0.1787,0.1721,1.4604,-0.1422,0.2000,1,1,0.8867,0.1347,0.0516,-0.1653,0.1358,-0.5609,0.8867,0.1347,0.0516,0.9036,0.1365,0.0000,1,1,0.8578,-0.1338,0.0388,-0.1924,-0.1329,-0.5737,0.8578,-0.1338,0.0388,0.9278,-0.1785,0.0000,0,1
1.0535,-0.0019,0.6141,-0.2066,-0.0062,1.3782,0.1823,0.1630,0.3236,0.1862,-0.4511,1.3782,0.1823,0.1630,1.5307,0.1332,0.2000,0,1,1.4026,-0.1788,0.1721,0.3502,-0.1747,-0.4420,1.4026,-0.1788,0.1721,1.4610,-0.1418,0.2000,1,1,0.8870,0.1347,0.0514,-0.1673,0.1356,-0.5627,0.8870,0.1347,0.0514,0.9042,0.1367,0.0000,1,1,0.8655,-0.1352,0.0450,-0.1872,-0.1345,-0.5691,0.8655,-0.1352,0.0450,0.9304,-0.1783,0.0000,0,1
1.0560,-0.0017,0.6158,-0.2049,-0.0057,1.3626,0.1882,0.1731,0.3055,0.1916,-0.4427,1.3626,0.1882,0.1731,1.5332,0.1337,0.2000,0,1,1.4027,-0.1790,0.1723,0.3477,-0.1753,-0.4435,1.4027,-0.1790,0.1723,1.4616,-0.1413,0.2000,1,1,0.8857,0.1346,0.0529,-0.1711,0.1353,-0.5629,0.8857,0.1346,0.0529,0.9046,0.1369,0.0000,1,1,0.8741,-0.1370,0.0547,-0.1811,-0.1363,-0.5611,0.8741,-0.1370,0.0547,0.9330,-0.1781,0.0000,0,1
1.0586,-0.0015,0.6175,-0.2041,-0.0052,1.3605,0.1929,0.1853,0.3009,0.1960,-0.4322,1.3605,0.1929,0.1853,1.5357,0.1340,0.2000,0,1,1.4028,-0.1791,0.1723,0.3451,-0.1758,-0.4452,1.4028,-0.1791,0.1723,1.4623,-0.1410,0.2000,1,1,0.8845,0.1345,0.0544,-0.1748,0.1351,-0.5631,0.8845,0.1345,0.0544,0.9051,0.1370,0.0000,1,1,0.8827,-0.1391,0.0668,-0.1752,-0.1385,-0.5507,0.8827,-0.1391,0.0668,0.9357,-0.1780,0.0000,0,1
1.0613,-0.0014,0.6192,-0.2043,-0.0048,1.3643,0.1965,0.1984,0.3020,0.1994,-0.4208,1.3643,0.1965,0.1984,1.5383,0.1343,0.2000,0,1,1.4028,-0.1792,0.1723,0.3423,-0.1762,-0.4469,1.4028,-0.1792,0.1723,1.4630,-0.1407,0.2000,1,1,0.8844,0.1344,0.0545,-0.1775,0.1349,-0.5647,0.8844,0.1344,0.0545,0.9057,0.1370,0.0000,1,1,0.8910,-0.1412,0.0800,-0.1696,-0.1406,-0.5392,0.8910,-0.1412,0.0800,0.9384,-0.1780,0.0000,0,1
1.0639,-0.0013,0.6207,-0.2048,-0.0044,1.3688,0.1995,0.2111,0.3040,0.2021,-0.4096,1.3688,0.1995,0.2111,1.5409,0.1346,0.2000,0,1,1.4027,-0.1792,0.1723,0.3396,-0.1764,-0.4484,1.4027,-0.1792,0.1723,1.4637,-0.1404,0.2000,1,1,0.8844,0.1344,0.0545,-0.1801,0.1349,-0.5662,0.8844,0.1344,0.0545,0.9063,0.1370,0.0000,1,1,0.8981,-0.1434,0.0928,-0.1652,-0.1428,-0.5279,0.8981,-0.1434,0.0928,0.9411,-0.1780,0.0000,0,1
1.0666,-0.0013,0.6222,-0.2054,-0.0041,1.3728,0.2021,0.2222,0.3054,0.2047,-0.4000,1.3728,0.2021,0.2222,1.5435,0.1347,0.2000,0,1,1.4027,-0.1792,0.1723,0.3368,-0.1765,-0.4499,1.4027,-0.1792,0.1723,1.4644,-0.1403,0.2000,1,1,0.8843,0.1344,0.0545,-0.1829,0.1350,-0.5677,0.8843,0.1344,0.0545,0.9069,0.1370,0.0000,1,1,0.9039,-0.1454,0.1039,-0.1621,-0.1448,-0.5183,0.9039,-0.1454,0.1039,0.9438,-0.1780,0.0000,0,1
1.0692,-0.0013,0.6235,-0.2057,-0.0038,1.3766,0.2040,0.2302,0.3066,0.2065,-0.3933,1.3766,0.2040,0.2302,1.5461,0.1348,0.2000,0,1,1.4027,-0.1792,0.1723,0.3342,-0.1766,-0.4512,1.4027,-0.1792,0.1723,1.4651,-0.1402,0.2000,1,1,0.8843,0.1345,0.0545,-0.1854,0.1351,-0.5690,0.8843,0.1345,0.0545,0.9075,0.1369,0.0000,1,1,0.9085,-0.1471,0.1119,-0.1601,-0.1464,-0.5116,0.9085,-0.1471,0.1119,0.9465,-0.1781,0.0000,0,1
1.0719,-0.0014,0.6247,-0.2060,-0.0036,1.3826,0.2047,0.2343,0.3100,0.2072,-0.3904,1.3826,0.2047,0.2343,1.5487,0.1348,0.2000,0,1,1.4027,-0.1792,0.1723,0.3314,-0.1766,-0.4524,1.4027,-0.1792,0.1723,1.4658,-0.1402,0.2000,1,1,0.8844,0.1345,0.0545,-0.1880,0.1352,-0.5702,0.8844,0.1345,0.0545,0.9081,0.1368,0.0000,1,1,0.9123,-0.1482,0.1158,-0.1591,-0.1474,-0.5089,0.9123,-0.1482,0.1158,0.9492,-0.1782,0.0000,0,1
1.0747,-0.0015,0.6258,-0.2070,-0.0037,1.3966,0.2045,0.2346,0.3211,0.2072,-0.3912,1.3966,0.2045,0.2346,1.5515,0.1346,0.2000,0,1,1.4027,-0.1792,0.1724,0.3287,-0.1765,-0.4534,1.4027,-0.1792,0.1724,1.4665,-0.1404,0.2000,1,1,0.8844,0.1345,0.0545,-0.1908,0.1353,-0.5713,0.8844,0.1345,0.0545,0.9089,0.1367,0.0000,1,1,0.9160,-0.1490,0.1149,-0.1582,-0.1481,-0.5109,0.9160,-0.1490,0.1149,0.9519,-0.1783,0.0000,0,1
1.0775,-0.0016,0.6268,-0.2085,-0.0040,1.4093,0.2033,0.2309,0.3310,0.2062,-0.3959,1.4093,0.2033,0.2309,1.5545,0.1344,0.2000,0,1,1.4026,-0.1791,0.1726,0.3258,-0.1762,-0.4542,1.4026,-0.1791,0.1726,1.4674,-0.1406,0.2000,1,1,0.8843,0.1345,0.0545,-0.1937,0.1353,-0.5723,0.8843,0.1345,0.0545,0.9099,0.1366,0.0000,1,1,0.9189,-0.1494,0.1094,-0.1580,-0.1484,-0.5174,0.9189,-0.1494,0.1094,0.9548,-0.1784,0.0000,0,1
1.0805,-0.0018,0.6276,-0.2102,-0.0044,1.4203,0.2015,0.2302,0.3389,0.2048,-0.3974,1.4203,0.2015,0.2302,1.5575,0.1341,0.2000,0,1,1.4024,-0.1791,0.1733,0.3227,-0.1759,-0.4543,1.4024,-0.1791,0.1733,1.4683,-0.1409,0.2000,1,1,0.8842,0.1345,0.0546,-0.1969,0.1354,-0.5730,0.8842,0.1345,0.0546,0.9109,0.1365,0.0000,1,1,0.9216,-0.1495,0.1015,-0.1582,-0.1484,-0.5261,0.9216,-0.1495,0.1015,1.0377,-0.1785,0.1000,0,1
1.0838,-0.0020,0.6284,-0.2126,-0.0046,1.4327,0.1992,0.2267,0.3480,0.2028,-0.4017,1.4327,0.1992,0.2267,1.5608,0.1337,0.2000,0,1,1.4021,-0.1790,0.1740,0.3191,-0.1755,-0.4544,1.4021,-0.1790,0.1740,1.4695,-0.1413,0.2000,1,1,0.8842,0.1345,0.0546,-0.2002,0.1356,-0.5738,0.8842,0.1345,0.0546,0.9122,0.1363,0.0000,1,1,0.9339,-0.1494,0.0930,-0.1492,-0.1481,-0.5354,0.9339,-0.1494,0.0930,1.0409,-0.1787,0.1000,0,1
1.0874,-0.0025,0.6293,-0.2159,-0.0042,1.4441,0.1955,0.2236,0.3559,0.1995,-0.4057,1.4441,0.1955,0.2236,1.5644,0.1334,0.2000,0,1,1.4020,-0.1790,0.1747,0.3153,-0.1752,-0.4546,1.4020,-0.1790,0.1747,1.4712,-0.1416,0.2000,1,1,0.8842,0.1344,0.0546,-0.2038,0.1360,-0.5747,0.8842,0.1344,0.0546,0.9138,0.1358,0.0000,1,1,0.9478,-0.1495,0.0852,-0.1390,-0.1476,-0.5441,0.9478,-0.1495,0.0852,1.0446,-0.1792,0.1000,0,1
1.0915,-0.0031,0.6304,-0.2193,-0.0031,1.4562,0.1914,0.2189,0.3641,0.1956,-0.4115,1.4562,0.1914,0.2189,1.5683,0.1332,0.2000,0,1,1.4020,-0.1790,0.1748,0.3110,-0.1749,-0.4556,1.4020,-0.1790,0.1748,1.4734,-0.1418,0.2000,1,1,0.8841,0.1344,0.0546,-0.2078,0.1369,-0.5758,0.8841,0.1344,0.0546,0.9157,0.1349,0.0000,1,1,0.9624,-0.1498,0.0787,-0.1286,-0.1471,-0.5517,0.9624,-0.1498,0.0787,1.0488,-0.1801,0.1000,0,1
1.0958,-0.0040,0.6316,-0.2223,-0.0012,1.4682,0.1867,0.2132,0.3722,0.1911,-0.4184,1.4682,0.1867,0.2132,1.5724,0.1331,0.2000,0,1,1.4018,-0.1790,0.1753,0.3062,-0.1746,-0.4563,1.4018,-0.1790,0.1753,1.4760,-0.1419,0.2000,1,1,0.8841,0.1344,0.0546,-0.2119,0.1381,-0.5770,0.8841,0.1344,0.0546,0.9178,0.1337,0.0000,1,1,0.9788,-0.1496,0.0741,-0.1168,-0.1457,-0.5575,0.9788,-0.1496,0.0741,1.0534,-0.1813,0.1000,0,1
1.1005,-0.0050,0.6332,-0.2243,0.0016,1.4806,0.1824,0.2045,0.3804,0.1868,-0.4287,1.4806,0.1824,0.2045,1.5767,0.1331,0.2000,0,1,1.4018,-0.1788,0.1755,0.3010,-0.1743,-0.4577,1.4018,-0.1788,0.1755,1.4791,-0.1419,0.2000,1,1,0.8841,0.1345,0.0547,-0.2162,0.1398,-0.5785,0.8841,0.1345,0.0547,0.9201,0.1322,0.0000,1,1,0.9989,-0.1487,0.0692,-0.1018,-0.1435,-0.5640,0.9989,-0.1487,0.0692,1.0585,-0.1828,0.1000,0,1
1.1055,-0.0063,0.6350,-0.2235,0.0054,1.5380,0.1799,0.2023,0.4335,0.1839,-0.4327,1.5380,0.1799,0.2023,1.5161,0.1333,0.2000,1,1,1.4015,-0.1783,0.1754,0.2951,-0.1736,-0.4596,1.4015,-0.1783,0.1754,1.5826,-0.1417,0.2000,0,1,0.8836,0.1349,0.0551,-0.2211,0.1424,-0.5799,0.8836,0.1349,0.0551,1.0626,0.0903,0.1000,0,1,1.0151,-0.1438,0.0703,-0.0911,-0.1370,-0.5647,1.0151,-0.1438,0.0703,0.9590,-0.1447,0.0000,1,1
1.1109,-0.0076,0.6369,-0.2226,0.0096,1.5380,0.1796,0.2027,0.4289,0.1831,-0.4342,1.5380,0.1796,0.2027,1.5189,0.1335,0.2000,1,1,1.4211,-0.1770,0.1815,0.3086,-0.1724,-0.4554,1.4211,-0.1770,0.1815,1.5885,-0.1414,0.2000,0,1,0.8960,0.1359,0.0592,-0.2135,0.1456,-0.5777,0.8960,0.1359,0.0592,1.0673,0.0882,0.1000,0,1,1.0157,-0.1441,0.0699,-0.0965,-0.1356,-0.5670,1.0157,-0.1441,0.0699,0.9629,-0.1468,0.0000,1,1
1.1162,-0.0086,0.6386,-0.2237,0.0130,1.5377,0.1799,0.2029,0.4239,0.1830,-0.4357,1.5377,0.1799,0.2029,1.5218,0.1338,0.2000,1,1,1.4399,-0.1775,0.1947,0.3215,-0.1731,-0.4439,1.4399,-0.1775,0.1947,1.5944,-0.1412,0.2000,0,1,0.9106,0.1364,0.0676,-0.2037,0.1477,-0.5710,0.9106,0.1364,0.0676,1.0722,0.0865,0.1000,0,1,1.0136,-0.1438,0.0717,-0.1043,-0.1339,-0.5669,1.0136,-0.1438,0.0717,0.9668,-0.1485,0.0000,1,1
1.1216,-0.0095,0.6402,-0.2258,0.0159,1.5375,0.1802,0.2029,0.4189,0.1831,-0.4373,1.5375,0.1802,0.2029,1.5247,0.1340,0.2000,1,1,1.4583,-0.1783,0.2079,0.3340,-0.1741,-0.4323,1.4583,-0.1783,0.2079,1.6001,-0.1410,0.2000,0,1,0.9258,0.1364,0.0789,-0.1935,0.1490,-0.5613,0.9258,0.1364,0.0789,1.0372,0.1251,0.1000,0,1,1.0133,-0.1435,0.0717,-0.1104,-0.1323,-0.5685,1.0133,-0.1435,0.0717,0.9306,-0.1899,0.0000,1,1
1.1268,-0.0102,0.6416,-0.2281,0.0183,1.5371,0.1805,0.2031,0.4137,0.1832,-0.4385,1.5371,0.1805,0.2031,1.5276,0.1342,0.2000,1,1,1.4755,-0.1798,0.2207,0.3455,-0.1760,-0.4209,1.4755,-0.1798,0.2207,1.6056,-0.1407,0.2000,0,1,0.9400,0.1369,0.0918,-0.1841,0.1505,-0.5498,0.9400,0.1369,0.0918,1.0421,0.1240,0.1000,0,1,1.0101,-0.1433,0.0746,-0.1191,-0.1309,-0.5670,1.0101,-0.1433,0.0746,0.9341,-0.1910,0.0000,1,1
1.1318,-0.0106,0.6430,-0.2300,0.0203,1.5370,0.1807,0.2034,0.4090,0.1830,-0.4396,1.5370,0.1807,0.2034,1.5303,0.1345,0.2000,1,1,1.4907,-0.1810,0.2338,0.3554,-0.1777,-0.4092,1.4907,-0.1810,0.2338,1.6109,-0.1404,0.2000,0,1,0.9523,0.1379,0.1050,-0.1764,0.1521,-0.5380,0.9523,0.1379,0.1050,1.0468,0.1232,0.1000,0,1,1.0057,-0.1433,0.0790,-0.1288,-0.1301,-0.5640,1.0057,-0.1433,0.0790,0.9374,-0.1918,0.0000,1,1
1.1367,-0.0108,0.6442,-0.2315,0.0220,1.5370,0.1807,0.2034,0.4044,0.1826,-0.4408,1.5370,0.1807,0.2034,1.5329,0.1349,0.2000,1,1,1.5042,-0.1815,0.2458,0.3637,-0.1787,-0.3984,1.5042,-0.1815,0.2458,1.6160,-0.1400,0.2000,0,1,0.9628,0.1391,0.1171,-0.1706,0.1537,-0.5271,0.9628,0.1391,0.1171,1.0515,0.1226,0.1000,0,1,1.0056,-0.1433,0.0791,-0.1340,-0.1296,-0.5651,1.0056,-0.1433,0.0791,0.9405,-0.1923,0.0000,1,1
1.1414,-0.0108,0.6452,-0.2325,0.0234,1.5370,0.1807,0.2035,0.4000,0.1822,-0.4417,1.5370,0.1807,0.2035,1.5354,0.1354,0.2000,1,1,1.5163,-0.1813,0.2557,0.3708,-0.1792,-0.3895,1.5163,-0.1813,0.2557,1.6209,-0.1395,0.2000,0,1,0.9720,0.1402,0.1268,-0.1658,0.1549,-0.5184,0.9720,0.1402,0.1268,1.0560,0.1224,0.1000,0,1,1.0055,-0.1433,0.0792,-0.1390,-0.1293,-0.5660,1.0055,-0.1433,0.0792,0.9434,-0.1925,0.0000,1,1
1.1459,-0.0106,0.6460,-0.2331,0.0244,1.5371,0.1807,0.2035,0.3958,0.1817,-0.4425,1.5371,0.1807,0.2035,1.5379,0.1360,0.2000,1,1,1.5275,-0.1805,0.2619,0.3773,-0.1792,-0.3841,1.5275,-0.1805,0.2619,1.6256,-0.1389,0.2000,0,1,0.9800,0.1411,0.1330,-0.1621,0.1557,-0.5130,0.9800,0.1411,0.1330,1.0604,0.1224,0.1000,0,1,1.0054,-0.1433,0.0794,-0.1437,-0.1292,-0.5666,1.0054,-0.1433,0.0794,0.9461,-0.1926,0.0000,1,1
1.1504,-0.0103,0.6467,-0.2332,0.0252,1.5371,0.1807,0.2035,0.3914,0.1812,-0.4432,1.5371,0.1807,0.2035,1.5402,0.1366,0.2000,1,1,1.5374,-0.1791,0.2635,0.3826,-0.1785,-0.3832,1.5374,-0.1791,0.2635,1.6301,-0.1383,0.2000,0,1,0.9872,0.1418,0.1345,-0.1593,0.1562,-0.5122,0.9872,0.1418,0.1345,1.0648,0.1226,0.1000,0,1,1.0054,-0.1433,0.0794,-0.1483,-0.1293,-0.5673,1.0054,-0.1433,0.0794,0.9487,-0.1923,0.0000,1,1
1.1548,-0.0098,0.6471,-0.2331,0.0256,1.5372,0.1807,0.2036,0.3872,0.1806,-0.4435,1.5372,0.1807,0.2036,1.5425,0.1373,0.2000,1,1,1.5494,-0.1770,0.2601,0.3902,-0.1772,-0.3870,1.5494,-0.1770,0.2601,1.6346,-0.1376,0.2000,0,1,0.9940,0.1423,0.1306,-0.1569,0.1562,-0.5165,0.9940,0.1423,0.1306,1.0691,0.1230,0.1000,0,1,1.0055,-0.1434,0.0794,-0.1527,-0.1297,-0.5677,1.0055,-0.1434,0.0794,0.9511,-0.1919,0.0000,1,1
1.1591,-0.0091,0.6475,-0.2329,0.0256,1.5372,0.1807,0.2036,0.3828,0.1801,-0.4439,1.5372,0.1807,0.2036,1.5449,0.1380,0.2000,1,1,1.5563,-0.1747,0.2537,0.3928,-0.1757,-0.3938,1.5563,-0.1747,0.2537,1.6389,-0.1369,0.2000,0,1,1.0002,0.1426,0.1237,-0.1550,0.1557,-0.5238,1.0002,0.1426,0.1237,1.0734,0.1237,0.1000,0,1,1.0055,-0.1434,0.0794,-0.1570,-0.1303,-0.5681,1.0055,-0.1434,0.0794,0.9535,-0.1912,0.0000,1,1
1.1634,-0.0083,0.6478,-0.2325,0.0253,1.5372,0.1807,0.2036,0.3785,0.1795,-0.4442,1.5372,0.1807,0.2036,1.5472,0.1387,0.2000,1,1,1.5678,-0.1717,0.2457,0.4001,-0.1736,-0.4021,1.5678,-0.1717,0.2457,1.6432,-0.1362,0.2000,0,1,1.0027,0.1433,0.1158,-0.1568,0.1556,-0.5320,1.0027,0.1433,0.1158,1.0778,0.1246,0.1000,0,1,1.0055,-0.1433,0.0794,-0.1613,-0.1310,-0.5684,1.0055,-0.1433,0.0794,1.0357,-0.1904,0.1000,1,1
1.1676,-0.0073,0.6482,-0.2314,0.0246,1.5372,0.1807,0.2037,0.3741,0.1789,-0.4445,1.5372,0.1807,0.2037,1.5495,0.1394,0.2000,1,1,1.5754,-0.1682,0.2384,0.4037,-0.1709,-0.4098,1.5754,-0.1682,0.2384,1.6473,-0.1355,0.2000,0,1,1.0002,0.1446,0.1125,-0.1636,0.1560,-0.5357,1.0002,0.1446,0.1125,1.0821,0.1257,0.1000,0,1,1.0055,-0.1433,0.0794,-0.1654,-0.1320,-0.5688,1.0055,-0.1433,0.0794,1.0378,-0.1892,0.1000,1,1
1.1718,-0.0061,0.6487,-0.2298,0.0235,1.5374,0.1805,0.2038,0.3699,0.1780,-0.4449,1.5374,0.1805,0.2038,1.5519,0.1402,0.2000,1,1,1.5833,-0.1643,0.2318,0.4077,-0.1678,-0.4169,1.5833,-0.1643,0.2318,1.6513,-0.1347,0.2000,0,1,0.9999,0.1457,0.1092,-0.1683,0.1558,-0.5395,0.9999,0.1457,0.1092,1.0864,0.1271,0.1000,0,1,1.0057,-0.1435,0.0794,-0.1693,-0.1335,-0.5693,1.0057,-0.1435,0.0794,1.0399,-0.1879,0.1000,1,1
1.1761,-0.0048,0.6494,-0.2285,0.0218,1.5376,0.1804,0.2038,0.3655,0.1773,-0.4456,1.5376,0.1804,0.2038,1.5544,0.1409,0.2000,1,1,1.5911,-0.1604,0.2271,0.4115,-0.1646,-0.4223,1.5911,-0.1604,0.2271,1.6554,-0.1340,0.2000,0,1,1.0039,0.1459,0.1080,-0.1689,0.1544,-0.5414,1.0039,0.1459,0.1080,1.0909,0.1287,0.1000,0,1,1.0059,-0.1435,0.0794,-0.1732,-0.1350,-0.5700,1.0059,-0.1435,0.0794,1.0419,-0.1862,0.1000,1,1
1.1805,-0.0033,0.6503,-0.2274,0.0195,1.5376,0.1803,0.2038,0.3606,0.1766,-0.4465,1.5376,0.1803,0.2038,1.5571,0.1415,0.2000,1,1,1.6014,-0.1568,0.2216,0.4178,-0.1617,-0.4287,1.6014,-0.1568,0.2216,1.6194,-0.1734,0.2000,0,1,1.0186,0.1449,0.1028,-0.1590,0.1513,-0.5475,1.0186,0.1449,0.1028,1.0956,0.1306,0.1000,0,1,1.0059,-0.1436,0.0794,-0.1773,-0.1369,-0.5709,1.0059,-0.1436,0.0794,0.9240,-0.2243,0.0000,1,1
1.1848,-0.0017,0.6514,-0.2256,0.0167,1.5375,0.1800,0.2037,0.3557,0.1758,-0.4477,1.5375,0.1800,0.2037,1.5598,0.1420,0.2000,1,1,1.6006,-0.1545,0.2144,0.4132,-0.1597,-0.4370,1.6006,-0.1545,0.2144,1.6234,-0.1729,0.2000,0,1,1.0442,0.1444,0.0983,-0.1381,0.1484,-0.5531,1.0442,0.1444,0.0983,1.1003,0.1327,0.1000,0,1,1.0057,-0.1439,0.0795,-0.1814,-0.1392,-0.5719,1.0057,-0.1439,0.0795,0.9259,-0.2223,0.0000,1,1
1.1895,-0.0001,0.6528,-0.2234,0.0132,1.5460,0.1783,0.2058,0.3588,0.1737,-0.4470,1.5460,0.1783,0.2058,1.6236,0.1024,0.2000,0,1,1.5968,-0.1544,0.2117,0.4052,-0.1597,-0.4411,1.5968,-0.1544,0.2117,1.6013,-0.1326,0.2000,1,1,1.0525,0.1435,0.1003,-0.1351,0.1454,-0.5525,1.0525,0.1435,0.1003,1.0791,0.0948,0.1000,1,1,1.0074,-0.1461,0.0817,-0.1840,-0.1436,-0.5711,1.0074,-0.1461,0.0817,1.1088,-0.1401,0.1000,0,1
1.1935,0.0012,0.6541,-0.2224,0.0104,1.5591,0.1766,0.2120,0.3674,0.1716,-0.4421,1.5591,0.1766,0.2120,1.6284,0.1026,0.2000,0,1,1.5967,-0.1547,0.2118,0.4016,-0.1601,-0.4423,1.5967,-0.1547,0.2118,1.6032,-0.1324,0.2000,1,1,1.0517,0.1432,0.1009,-0.1403,0.1435,-0.5532,1.0517,0.1432,0.1009,1.0818,0.0968,0.1000,1,1,1.0099,-0.1489,0.0878,-0.1852,-0.1482,-0.5663,1.0099,-0.1489,0.0878,1.1126,-0.1382,0.1000,0,1
1.1977,0.0023,0.6556,-0.2225,0.0075,1.5726,0.1757,0.2221,0.3762,0.1706,-0.4335,1.5726,0.1757,0.2221,1.6330,0.1027,0.2000,0,1,1.5967,-0.1549,0.2118,0.3978,-0.1602,-0.4438,1.5967,-0.1549,0.2118,1.6051,-0.1323,0.2000,1,1,1.0515,0.1430,0.1010,-0.1451,0.1418,-0.5546,1.0515,0.1430,0.1010,1.0844,0.0985,0.1000,1,1,1.0152,-0.1516,0.0979,-0.1836,-0.1525,-0.5577,1.0152,-0.1516,0.0979,1.1165,-0.1365,0.1000,0,1
1.2019,0.0033,0.6571,-0.2234,0.0047,1.5853,0.1751,0.2343,0.3842,0.1700,-0.4228,1.5853,0.1751,0.2343,1.6377,0.1026,0.2000,0,1,1.5966,-0.1550,0.2118,0.3940,-0.1602,-0.4453,1.5966,-0.1550,0.2118,1.6069,-0.1324,0.2000,1,1,1.0512,0.1428,0.1013,-0.1500,0.1402,-0.5558,1.0512,0.1428,0.1013,1.0471,0.1400,0.1000,1,1,1.0222,-0.1538,0.1101,-0.1804,-0.1563,-0.5470,1.0222,-0.1538,0.1101,1.1203,-0.1350,0.1000,0,1
1.2061,0.0040,0.6586,-0.2246,0.0022,1.5967,0.1745,0.2473,0.3910,0.1696,-0.4113,1.5967,0.1745,0.2473,1.6422,0.1023,0.2000,0,1,1.5965,-0.1551,0.2118,0.3900,-0.1600,-0.4468,1.5965,-0.1551,0.2118,1.6088,-0.1327,0.2000,1,1,1.0510,0.1427,0.1013,-0.1548,0.1390,-0.5573,1.0510,0.1427,0.1013,1.0496,0.1411,0.1000,1,1,1.0284,-0.1556,0.1233,-0.1781,-0.1592,-0.5353,1.0284,-0.1556,0.1233,1.1241,-0.1339,0.1000,0,1
1.2101,0.0045,0.6601,-0.2259,-0.0001,1.6067,0.1737,0.2601,0.3966,0.1692,-0.4000,1.6067,0.1737,0.2601,1.6465,0.1020,0.2000,0,1,1.5965,-0.1552,0.2118,0.3864,-0.1597,-0.4483,1.5965,-0.1552,0.2118,1.6105,-0.1330,0.2000,1,1,1.0507,0.1427,0.1016,-0.1594,0.1382,-0.5585,1.0507,0.1427,0.1016,1.0519,0.1421,0.1000,1,1,1.0371,-0.1568,0.1361,-0.1730,-0.1613,-0.5240,1.0371,-0.1568,0.1361,1.1279,-0.1329,0.1000,0,1
1.2141,0.0048,0.6615,-0.2270,-0.0020,1.6151,0.1727,0.2712,0.4007,0.1687,-0.3903,1.6151,0.1727,0.2712,1.6508,0.1016,0.2000,0,1,1.5964,-0.1552,0.2117,0.3826,-0.1592,-0.4498,1.5964,-0.1552,0.2117,1.6122,-0.1334,0.2000,1,1,1.0503,0.1427,0.1020,-0.1641,0.1376,-0.5595,1.0503,0.1427,0.1020,1.0542,0.1427,0.1000,1,1,1.0457,-0.1575,0.1472,-0.1681,-0.1626,-0.5143,1.0457,-0.1575,0.1472,1.1316,-0.1323,0.1000,0,1
1.2179,0.0050,0.6627,-0.2275,-0.0036,1.6222,0.1713,0.2793,0.4037,0.1678,-0.3834,1.6222,0.1713,0.2793,1.6548,0.1011,0.2000,0,1,1.5964,-0.1552,0.2117,0.3791,-0.1588,-0.4510,1.5964,-0.1552,0.2117,1.6138,-0.1339,0.2000,1,1,1.0503,0.1427,0.1020,-0.1681,0.1371,-0.5607,1.0503,0.1427,0.1020,1.0562,0.1431,0.1000,1,1,1.0531,-0.1579,0.1554,-0.1642,-0.1635,-0.5073,1.0531,-0.1579,0.1554,1.1352,-0.1319,0.1000,0,1
1.2216,0.0049,0.6638,-0.2274,-0.0050,1.6283,0.1696,0.2833,0.4059,0.1667,-0.3805,1.6283,0.1696,0.2833,1.7387,0.1005,0.3000,0,1,1.5964,-0.1552,0.2117,0.3756,-0.1582,-0.4521,1.5964,-0.1552,0.2117,1.6153,-0.1345,0.2000,1,1,1.0503,0.1426,0.1020,-0.1720,0.1368,-0.5618,1.0503,0.1426,0.1020,1.0581,0.1433,0.1000,1,1,1.0593,-0.1581,0.1594,-0.1615,-0.1638,-0.5044,1.0593,-0.1581,0.1594,1.1387,-0.1317,0.1000,0,1
1.2253,0.0046,0.6647,-0.2268,-0.0061,1.6363,0.1675,0.2822,0.4100,0.1654,-0.3825,1.6363,0.1675,0.2822,1.7425,0.0998,0.3000,0,1,1.5965,-0.1553,0.2118,0.3722,-0.1576,-0.4529,1.5965,-0.1553,0.2118,1.6168,-0.1352,0.2000,1,1,1.0503,0.1426,0.1020,-0.1758,0.1369,-0.5627,1.0503,0.1426,0.1020,1.0599,0.1432,0.1000,1,1,1.0633,-0.1584,0.1583,-0.1610,-0.1640,-0.5064,1.0633,-0.1584,0.1583,1.1422,-0.1318,0.1000,0,1
1.2289,0.0042,0.6656,-0.2259,-0.0072,1.6447,0.1650,0.2770,0.4146,0.1638,-0.3886,1.6447,0.1650,0.2770,1.7462,0.0990,0.3000,0,1,1.5965,-0.1553,0.2118,0.3687,-0.1568,-0.4538,1.5965,-0.1553,0.2118,1.6183,-0.1360,0.2000,1,1,1.0504,0.1426,0.1020,-0.1795,0.1371,-0.5636,1.0504,0.1426,0.1020,1.0616,0.1430,0.1000,1,1,1.0663,-0.1584,0.1531,-0.1614,-0.1638,-0.5125,1.0663,-0.1584,0.1531,1.1457,-0.1320,0.1000,0,1
1.2325,0.0035,0.6663,-0.2249,-0.0082,1.6527,0.1619,0.2703,0.4189,0.1618,-0.3960,1.6527,0.1619,0.2703,1.7500,0.0979,0.3000,0,1,1.5965,-0.1553,0.2118,0.3653,-0.1558,-0.4545,1.5965,-0.1553,0.2118,1.6197,-0.1371,0.2000,1,1,1.0504,0.1426,0.1020,-0.1832,0.1376,-0.5643,1.0504,0.1426,0.1020,1.0634,0.1425,0.1000,1,1,1.0678,-0.1581,0.1467,-0.1634,-0.1629,-0.5196,1.0678,-0.1581,0.1467,1.1491,-0.1325,0.1000,0,1
1.2361,0.0027,0.6671,-0.2240,-0.0092,1.6609,0.1581,0.2640,0.4234,0.1593,-0.4031,1.6609,0.1581,0.2640,1.7538,0.0967,0.3000,0,1,1.5966,-0.1552,0.2119,0.3619,-0.1546,-0.4552,1.5966,-0.1552,0.2119,1.6212,-0.1383,0.2000,1,1,1.0505,0.1427,0.1020,-0.1869,0.1383,-0.5651,1.0505,0.1427,0.1020,1.0652,0.1419,0.1000,1,1,1.0685,-0.1572,0.1410,-0.1661,-0.1614,-0.5261,1.0685,-0.1572,0.1410,1.1527,-0.1331,0.1000,0,1
1.2398,0.0017,0.6679,-0.2232,-0.0102,1.6692,0.1536,0.2547,0.4278,0.1563,-0.4132,1.6692,0.1536,0.2547,1.7576,0.0953,0.3000,0,1,1.5966,-0.1553,0.2119,0.3584,-0.1534,-0.4560,1.5966,-0.1553,0.2119,1.6228,-0.1397,0.2000,1,1,1.0505,0.1426,0.1020,-0.1907,0.1390,-0.5659,1.0505,0.1426,0.1020,1.0670,0.1410,0.1000,1,1,1.0601,-0.1559,0.1331,-0.1781,-0.1594,-0.5348,1.0601,-0.1559,0.1331,1.1562,-0.1340,0.1000,0,1
1.2436,0.0005,0.6688,-0.2226,-0.0112,1.6789,0.1485,0.2516,0.4336,0.1529,-0.4172,1.6789,0.1485,0.2516,1.7616,0.0937,0.3000,0,1,1.5967,-0.1552,0.2119,0.3548,-0.1517,-0.4569,1.5967,-0.1552,0.2119,1.6245,-0.1413,0.2000,1,1,1.0506,0.1427,0.1020,-0.1946,0.1400,-0.5668,1.0506,0.1427,0.1020,1.0690,0.1400,0.1000,1,1,1.0638,-0.1545,0.1273,-0.1781,-0.1570,-0.5415,1.0638,-0.1545,0.1273,1.1599,-0.1350,0.1000,0,1
1.2475,-0.0009,0.6698,-0.2220,-0.0122,1.6906,0.1429,0.2448,0.4413,0.1492,-0.4250,1.6906,0.1429,0.2448,1.7656,0.0920,0.3000,0,1,1.5967,-0.1552,0.2119,0.3511,-0.1500,-0.4579,1.5967,-0.1552,0.2119,1.6262,-0.1430,0.2000,1,1,1.0506,0.1427,0.1020,-0.1986,0.1412,-0.5678,1.0506,0.1427,0.1020,1.0710,0.1388,0.1000,1,1,1.0592,-0.1524,0.1242,-0.1864,-0.1538,-0.5456,1.0592,-0.1524,0.1242,1.1636,-0.1362,0.1000,0,1
1.2515,-0.0024,0.6708,-0.2215,-0.0132,1.7050,0.1371,0.2416,0.4516,0.1455,-0.4292,1.7050,0.1371,0.2416,1.7696,0.0901,0.3000,0,1,1.5967,-0.1550,0.2119,0.3472,-0.1480,-0.4589,1.5967,-0.1550,0.2119,1.6280,-0.1448,0.2000,1,1,1.0506,0.1428,0.1020,-0.2028,0.1425,-0.5688,1.0506,0.1428,0.1020,1.0731,0.1375,0.1000,1,1,1.0596,-0.1494,0.1126,-0.1899,-0.1495,-0.5582,1.0596,-0.1494,0.1126,1.1674,-0.1375,0.1000,0,1
1.2554,-0.0040,0.6721,-0.2204,-0.0137,1.7317,0.1294,0.2402,0.4744,0.1399,-0.4319,1.7317,0.1294,0.2402,1.6687,0.1283,0.2000,1,1,1.5966,-0.1549,0.2118,0.3432,-0.1462,-0.4603,1.5966,-0.1549,0.2118,1.7699,-0.1867,0.3000,0,1,1.0503,0.1429,0.1022,-0.2071,0.1441,-0.5699,1.0503,0.1429,0.1022,1.1751,0.1360,0.1000,0,1,1.0550,-0.1435,0.1065,-0.1985,-0.1422,-0.5656,1.0550,-0.1435,0.1065,1.1063,-0.1390,0.1000,1,1
1.2595,-0.0057,0.6734,-0.2193,-0.0138,1.7317,0.1293,0.2404,0.4703,0.1415,-0.4330,1.7317,0.1293,0.2404,1.6707,0.1266,0.2000,1,1,1.6101,-0.1560,0.2161,0.3526,-0.1454,-0.4573,1.6101,-0.1560,0.2161,1.7739,-0.1884,0.3000,0,1,1.0617,0.1450,0.1065,-0.1999,0.1480,-0.5669,1.0617,0.1450,0.1065,1.1791,0.1344,0.1000,0,1,1.0550,-0.1436,0.1066,-0.2026,-0.1407,-0.5668,1.0550,-0.1436,0.1066,1.1083,-0.1406,0.1000,1,1
1.2635,-0.0071,0.6747,-0.2197,-0.0138,1.7316,0.1294,0.2405,0.4662,0.1429,-0.4342,1.7316,0.1294,0.2405,1.6327,0.0852,0.2000,1,1,1.6231,-0.1581,0.2244,0.3616,-0.1460,-0.4503,1.6231,-0.1581,0.2244,1.7379,-0.1497,0.3000,0,1,1.0729,0.1471,0.1149,-0.1927,0.1516,-0.5598,1.0729,0.1471,0.1149,1.1832,0.1329,0.1000,0,1,1.0550,-0.1435,0.1066,-0.2066,-0.1393,-0.5681,1.0550,-0.1435,0.1066,1.1104,-0.1421,0.1000,1,1
1.2676,-0.0083,0.6760,-0.2215,-0.0137,1.7310,0.1294,0.2413,0.4615,0.1440,-0.4347,1.7310,0.1294,0.2413,1.6348,0.0840,0.2000,1,1,1.6346,-0.1609,0.2357,0.3691,-0.1476,-0.4403,1.6346,-0.1609,0.2357,1.7420,-0.1509,0.3000,0,1,1.0847,0.1490,0.1261,-0.1850,0.1548,-0.5499,1.0847,0.1490,0.1261,1.1872,0.1317,0.1000,0,1,1.0549,-0.1434,0.1066,-0.2108,-0.1380,-0.5694,1.0549,-0.1434,0.1066,1.1125,-0.1433,0.1000,1,1
1.2716,-0.0093,0.6774,-0.2240,-0.0136,1.7305,0.1295,0.2420,0.4570,0.1450,-0.4354,1.7305,0.1295,0.2420,1.6368,0.0830,0.2000,1,1,1.6453,-0.1638,0.2485,0.3758,-0.1494,-0.4289,1.6453,-0.1638,0.2485,1.7461,-0.1519,0.3000,0,1,1.0959,0.1507,0.1383,-0.1779,0.1576,-0.5391,1.0959,0.1507,0.1383,1.1913,0.1306,0.1000,0,1,1.0548,-0.1434,0.1066,-0.2150,-0.1370,-0.5708,1.0548,-0.1434,0.1066,1.1145,-0.1443,0.1000,1,1
1.2756,-0.0102,0.6787,-0.2269,-0.0137,1.7299,0.1295,0.2429,0.4523,0.1459,-0.4358,1.7299,0.1295,0.2429,1.6388,0.0822,0.2000,1,1,1.6547,-0.1664,0.2615,0.3812,-0.1510,-0.4172,1.6547,-0.1664,0.2615,1.7500,-0.1528,0.3000,0,1,1.1068,0.1520,0.1503,-0.1710,0.1599,-0.5284,1.1068,0.1520,0.1503,1.1953,0.1298,0.1000,0,1,1.0547,-0.1433,0.1066,-0.2191,-0.1361,-0.5721,1.0547,-0.1433,0.1066,1.1165,-0.1452,0.1000,1,1
1.2795,-0.0108,0.6800,-0.2299,-0.0137,1.7294,0.1295,0.2435,0.4479,0.1465,-0.4365,1.7294,0.1295,0.2435,1.6407,0.0815,0.2000,1,1,1.6630,-0.1685,0.2736,0.3856,-0.1524,-0.4064,1.6630,-0.1685,0.2736,1.7540,-0.1535,0.3000,0,1,1.1166,0.1529,0.1618,-0.1651,0.1615,-0.5182,1.1166,0.1529,0.1618,1.1992,0.1292,0.1000,0,1,1.0546,-0.1433,0.1067,-0.2231,-0.1356,-0.5733,1.0546,-0.1433,0.1067,1.1184,-0.1458,0.1000,1,1
1.2834,-0.0113,0.6812,-0.2325,-0.0139,1.7291,0.1295,0.2439,0.4437,0.1470,-0.4373,1.7291,0.1295,0.2439,1.6426,0.0810,0.2000,1,1,1.6704,-0.1702,0.2833,0.3892,-0.1535,-0.3979,1.6704,-0.1702,0.2833,1.7578,-0.1540,0.3000,0,1,1.1251,0.1534,0.1714,-0.1606,0.1625,-0.5098,1.1251,0.1534,0.1714,1.2031,0.1287,0.1000,0,1,1.0546,-0.1433,0.1067,-0.2269,-0.1352,-0.5745,1.0546,-0.1433,0.1067,1.1203,-0.1463,0.1000,1,1
1.2871,-0.0116,0.6823,-0.2343,-0.0141,1.7290,0.1294,0.2439,0.4399,0.1472,-0.4384,1.7290,0.1294,0.2439,1.6444,0.0806,0.2000,1,1,1.6772,-0.1714,0.2895,0.3923,-0.1543,-0.3928,1.6772,-0.1714,0.2895,1.7615,-0.1544,0.3000,0,1,1.1322,0.1536,0.1776,-0.1572,0.1630,-0.5047,1.1322,0.1536,0.1776,1.2069,0.1285,0.1000,0,1,1.0545,-0.1434,0.1067,-0.2307,-0.1351,-0.5756,1.0545,-0.1434,0.1067,1.1220,-0.1465,0.1000,1,1
1.2908,-0.0117,0.6832,-0.2353,-0.0143,1.7290,0.1294,0.2440,0.4361,0.1474,-0.4392,1.7290,0.1294,0.2440,1.6461,0.0804,0.2000,1,1,1.6828,-0.1721,0.2912,0.3943,-0.1548,-0.3920,1.6828,-0.1721,0.2912,1.7652,-0.1546,0.3000,0,1,1.1378,0.1534,0.1791,-0.1553,0.1629,-0.5041,1.1378,0.1534,0.1791,1.2106,0.1284,0.1000,0,1,1.0545,-0.1434,0.1066,-0.2344,-0.1351,-0.5766,1.0545,-0.1434,0.1066,1.1237,-0.1466,0.1000,1,1
1.2945,-0.0116,0.6839,-0.2354,-0.0145,1.7290,0.1294,0.2440,0.4324,0.1473,-0.4399,1.7290,0.1294,0.2440,1.6478,0.0804,0.2000,1,1,1.6903,-0.1722,0.2884,0.3981,-0.1548,-0.3955,1.6903,-0.1722,0.2884,1.7688,-0.1546,0.3000,0,1,1.1423,0.1530,0.1755,-0.1546,0.1624,-0.5084,1.1423,0.1530,0.1755,1.2143,0.1285,0.1000,0,1,1.0546,-0.1434,0.1066,-0.2380,-0.1353,-0.5773,1.0546,-0.1434,0.1066,1.1253,-0.1465,0.1000,1,1
1.2981,-0.0114,0.6846,-0.2349,-0.0146,1.7291,0.1295,0.2441,0.4289,0.1472,-0.4405,1.7291,0.1295,0.2441,1.6494,0.0806,0.2000,1,1,1.6933,-0.1718,0.2829,0.3975,-0.1546,-0.4017,1.6933,-0.1718,0.2829,1.7724,-0.1544,0.3000,0,1,1.1454,0.1523,0.1684,-0.1551,0.1615,-0.5162,1.1454,0.1523,0.1684,1.2179,0.1287,0.1000,0,1,1.0547,-0.1434,0.1066,-0.2414,-0.1355,-0.5780,1.0547,-0.1434,0.1066,1.1269,-0.1462,0.1000,1,1
1.3017,-0.0110,0.6852,-0.2338,-0.0147,1.7292,0.1295,0.2441,0.4254,0.1468,-0.4411,1.7292,0.1295,0.2441,1.7310,0.0809,0.3000,1,1,1.7001,-0.1707,0.2765,0.4007,-0.1538,-0.4087,1.7001,-0.1707,0.2765,1.7760,-0.1541,0.3000,0,1,1.1475,0.1513,0.1599,-0.1566,0.1600,-0.5253,1.1475,0.1513,0.1599,1.2215,0.1291,0.1000,0,1,1.0548,-0.1434,0.1066,-0.2449,-0.1360,-0.5786,1.0548,-0.1434,0.1066,1.1285,-0.1458,0.1000,1,1
1.3053,-0.0105,0.6858,-0.2327,-0.0147,1.7293,0.1295,0.2443,0.4219,0.1462,-0.4415,1.7293,0.1295,0.2443,1.7327,0.0814,0.3000,1,1,1.6873,-0.1715,0.2750,0.3843,-0.1554,-0.4108,1.6873,-0.1715,0.2750,1.7796,-0.1535,0.3000,0,1,1.1485,0.1504,0.1516,-0.1591,0.1586,-0.5342,1.1485,0.1504,0.1516,1.2251,0.1297,0.1000,0,1,1.0549,-0.1434,0.1065,-0.2484,-0.1366,-0.5793,1.0549,-0.1434,0.1065,1.1301,-0.1453,0.1000,1,1
1.3090,-0.0099,0.6866,-0.2322,-0.0146,1.7293,0.1295,0.2443,0.4182,0.1455,-0.4423,1.7293,0.1295,0.2443,1.7343,0.0821,0.3000,1,1,1.6893,-0.1737,0.2713,0.3827,-0.1582,-0.4153,1.6893,-0.1737,0.2713,1.7833,-0.1529,0.3000,0,1,1.1490,0.1495,0.1428,-0.1623,0.1570,-0.5438,1.1490,0.1495,0.1428,1.2288,0.1302,0.1000,0,1,1.0549,-0.1433,0.1065,-0.2521,-0.1371,-0.5801,1.0549,-0.1433,0.1065,1.1318,-0.1447,0.1000,1,1
1.3128,-0.0092,0.6875,-0.2327,-0.0142,1.7293,0.1295,0.2443,0.4145,0.1446,-0.4432,1.7293,0.1295,0.2443,1.6161,0.0430,0.2000,1,1,1.6925,-0.1743,0.2703,0.3820,-0.1597,-0.4172,1.6925,-0.1743,0.2703,1.7872,-0.1520,0.3000,0,1,1.1502,0.1480,0.1366,-0.1648,0.1549,-0.5509,1.1502,0.1480,0.1366,1.2326,0.1309,0.1000,0,1,1.0549,-0.1433,0.1065,-0.2560,-0.1377,-0.5810,1.0549,-0.1433,0.1065,1.1337,-0.1441,0.1000,1,1
1.3169,-0.0083,0.6886,-0.2343,-0.0136,1.7291,0.1296,0.2442,0.4103,0.1435,-0.4444,1.7291,0.1296,0.2442,1.6181,0.0441,0.2000,1,1,1.7115,-0.1719,0.2618,0.3968,-0.1582,-0.4268,1.7115,-0.1719,0.2618,1.7914,-0.1509,0.3000,0,1,1.1656,0.1434,0.1294,-0.1533,0.1496,-0.5592,1.1656,0.1434,0.1294,1.2366,0.1317,0.1000,0,1,1.0547,-0.1433,0.1066,-0.2603,-0.1386,-0.5820,1.0547,-0.1433,0.1066,1.1358,-0.1433,0.1000,1,1
1.3212,-0.0072,0.6899,-0.2347,-0.0131,1.7289,0.1293,0.2439,0.4059,0.1418,-0.4460,1.7289,0.1293,0.2439,1.6203,0.0453,0.2000,1,1,1.7388,-0.1696,0.2588,0.4197,-0.1569,-0.4311,1.7388,-0.1696,0.2588,1.7957,-0.1496,0.3000,0,1,1.1876,0.1378,0.1234,-0.1355,0.1432,-0.5665,1.1876,0.1378,0.1234,1.2408,0.1327,0.1000,0,1,1.0543,-0.1435,0.1069,-0.2651,-0.1398,-0.5830,1.0543,-0.1435,0.1069,1.1382,-0.1423,0.1000,1,1
1.3255,-0.0060,0.6916,-0.2318,-0.0130,1.7243,0.1290,0.2452,0.3970,0.1402,-0.4464,1.7243,0.1290,0.2452,1.8037,0.1266,0.3000,0,1,1.7541,-0.1688,0.2587,0.4307,-0.1572,-0.4329,1.7541,-0.1688,0.2587,1.7741,-0.1884,0.3000,1,1,1.1929,0.1337,0.1262,-0.1344,0.1380,-0.5654,1.1929,0.1337,0.1262,1.1791,0.1339,0.1000,1,1,1.0615,-0.1458,0.1086,-0.2622,-0.1432,-0.5830,1.0615,-0.1458,0.1086,1.2415,-0.1411,0.1000,0,1
1.3299,-0.0048,0.6932,-0.2299,-0.0124,1.7137,0.1331,0.2520,0.3821,0.1426,-0.4412,1.7137,0.1331,0.2520,1.8079,0.1280,0.3000,0,1,1.7540,-0.1689,0.2590,0.4261,-0.1588,-0.4342,1.7540,-0.1689,0.2590,1.7765,-0.1870,0.3000,1,1,1.1915,0.1336,0.1277,-0.1401,0.1367,-0.5655,1.1915,0.1336,0.1277,1.1814,0.1349,0.1000,1,1,1.0764,-0.1489,0.1151,-0.2517,-0.1472,-0.5781,1.0764,-0.1489,0.1151,1.2459,-0.1400,0.1000,0,1
1.3342,-0.0038,0.6949,-0.2293,-0.0113,1.7080,0.1389,0.2626,0.3722,0.1469,-0.4323,1.7080,0.1389,0.2626,1.8121,0.1294,0.3000,0,1,1.7539,-0.1692,0.2592,0.4215,-0.1606,-0.4357,1.7539,-0.1692,0.2592,1.7790,-0.1856,0.3000,1,1,1.1897,0.1333,0.1296,-0.1460,0.1355,-0.5653,1.1897,0.1333,0.1296,1.1835,0.1357,0.1000,1,1,1.0911,-0.1517,0.1252,-0.2414,-0.1506,-0.5697,1.0911,-0.1517,0.1252,1.2504,-0.1393,0.1000,0,1
1.3385,-0.0031,0.6965,-0.2301,-0.0099,1.7115,0.1447,0.2748,0.3715,0.1515,-0.4217,1.7115,0.1447,0.2748,1.8162,0.1307,0.3000,0,1,1.7537,-0.1696,0.2598,0.4168,-0.1624,-0.4367,1.7537,-0.1696,0.2598,1.7814,-0.1843,0.3000,1,1,1.1891,0.1330,0.1302,-0.1507,0.1346,-0.5663,1.1891,0.1330,0.1302,1.1856,0.1363,0.1000,1,1,1.1058,-0.1543,0.1374,-0.2312,-0.1535,-0.5591,1.1058,-0.1543,0.1374,1.2549,-0.1387,0.1000,0,1
1.3427,-0.0024,0.6981,-0.2318,-0.0084,1.7119,0.1503,0.2879,0.3679,0.1558,-0.4102,1.7119,0.1503,0.2879,1.8202,0.1319,0.3000,0,1,1.7531,-0.1698,0.2606,0.4118,-0.1639,-0.4375,1.7531,-0.1698,0.2606,1.7439,-0.1431,0.3000,1,1,1.1887,0.1328,0.1305,-0.1551,0.1339,-0.5676,1.1887,0.1328,0.1305,1.1876,0.1366,0.1000,1,1,1.1200,-0.1566,0.1507,-0.2214,-0.1561,-0.5474,1.1200,-0.1566,0.1507,1.2593,-0.1384,0.1000,0,1
1.3468,-0.0020,0.6997,-0.2342,-0.0066,1.7000,0.1567,0.3008,0.3521,0.1610,-0.3989,1.7000,0.1567,0.3008,1.8241,0.1330,0.3000,0,1,1.7528,-0.1698,0.2617,0.4071,-0.1651,-0.4380,1.7528,-0.1698,0.2617,1.7463,-0.1420,0.3000,1,1,1.1887,0.1327,0.1305,-0.1590,0.1337,-0.5692,1.1887,0.1327,0.1305,1.1895,0.1367,0.1000,1,1,1.1337,-0.1586,0.1634,-0.2121,-0.1580,-0.5363,1.1337,-0.1586,0.1634,1.2637,-0.1383,0.1000,0,1
1.3508,-0.0017,0.7013,-0.2369,-0.0047,1.7000,0.1621,0.3118,0.3484,0.1654,-0.3895,1.7000,0.1621,0.3118,1.8278,0.1340,0.3000,0,1,1.7519,-0.1697,0.2633,0.4019,-0.1661,-0.4380,1.7519,-0.1697,0.2633,1.7486,-0.1410,0.3000,1,1,1.1887,0.1327,0.1305,-0.1627,0.1336,-0.5708,1.1887,0.1327,0.1305,1.1913,0.1367,0.1000,1,1,1.1468,-0.1600,0.1744,-0.2033,-0.1593,-0.5269,1.1468,-0.1600,0.1744,1.2680,-0.1383,0.1000,0,1
1.3547,-0.0016,0.7028,-0.2397,-0.0027,1.7031,0.1667,0.3203,0.3479,0.1692,-0.3825,1.7031,0.1667,0.3203,1.8315,0.1349,0.3000,0,1,1.7513,-0.1696,0.2650,0.3971,-0.1669,-0.4378,1.7513,-0.1696,0.2650,1.7507,-0.1401,0.3000,1,1,1.1887,0.1327,0.1304,-0.1664,0.1339,-0.5724,1.1887,0.1327,0.1304,1.1929,0.1364,0.1000,1,1,1.1594,-0.1611,0.1828,-0.1949,-0.1600,-0.5200,1.1594,-0.1611,0.1828,1.2721,-0.1386,0.1000,0,1
1.3585,-0.0016,0.7043,-0.2424,-0.0008,1.7055,0.1704,0.3241,0.3469,0.1723,-0.3802,1.7055,0.1704,0.3241,1.8350,0.1356,0.3000,0,1,1.7506,-0.1695,0.2663,0.3922,-0.1676,-0.4380,1.7506,-0.1695,0.2663,1.7527,-0.1394,0.3000,1,1,1.1887,0.1328,0.1304,-0.1699,0.1343,-0.5739,1.1887,0.1328,0.1304,1.1944,0.1361,0.1000,1,1,1.1709,-0.1618,0.1866,-0.1875,-0.1604,-0.5177,1.1709,-0.1618,0.1866,1.2761,-0.1389,0.1000,0,1
1.3621,-0.0017,0.7056,-0.2446,0.0010,1.7102,0.1737,0.3232,0.3483,0.1751,-0.3824,1.7102,0.1737,0.3232,1.8384,0.1362,0.3000,0,1,1.7505,-0.1695,0.2666,0.3882,-0.1682,-0.4390,1.7505,-0.1695,0.2666,1.7547,-0.1388,0.3000,1,1,1.1887,0.1327,0.1304,-0.1733,0.1346,-0.5752,1.1887,0.1327,0.1304,1.1958,0.1356,0.1000,1,1,1.1821,-0.1620,0.1854,-0.1802,-0.1601,-0.5202,1.1821,-0.1620,0.1854,1.2801,-0.1394,0.1000,0,1
1.3657,-0.0020,0.7069,-0.2465,0.0028,1.7110,0.1763,0.3202,0.3458,0.1773,-0.3867,1.7110,0.1763,0.3202,1.8418,0.1365,0.3000,0,1,1.7503,-0.1695,0.2671,0.3841,-0.1686,-0.4398,1.7503,-0.1695,0.2671,1.7565,-0.1385,0.3000,1,1,1.1887,0.1327,0.1304,-0.1766,0.1352,-0.5765,1.1887,0.1327,0.1304,1.1972,0.1350,0.1000,1,1,1.1917,-0.1622,0.1808,-0.1744,-0.1597,-0.5261,1.1917,-0.1622,0.1808,1.2839,-0.1400,0.1000,0,1
1.3693,-0.0025,0.7080,-0.2479,0.0044,1.7149,0.1778,0.3147,0.3464,0.1788,-0.3933,1.7149,0.1778,0.3147,1.8451,0.1367,0.3000,0,1,1.7503,-0.1694,0.2676,0.3803,-0.1686,-0.4404,1.7503,-0.1694,0.2676,1.7583,-0.1383,0.3000,1,1,1.1888,0.1328,0.1304,-0.1799,0.1361,-0.5776,1.1888,0.1328,0.1304,1.1985,0.1342,0.1000,1,1,1.2017,-0.1618,0.1750,-0.1683,-0.1586,-0.5330,1.2017,-0.1618,0.1750,1.2877,-0.1408,0.1000,0,1
1.3728,-0.0031,0.7091,-0.2491,0.0058,1.7174,0.1791,0.3093,0.3457,0.1802,-0.3998,1.7174,0.1791,0.3093,1.8484,0.1366,0.3000,0,1,1.7502,-0.1694,0.2678,0.3764,-0.1685,-0.4413,1.7502,-0.1694,0.2678,1.7600,-0.1384,0.3000,1,1,1.1888,0.1327,0.1304,-0.1832,0.1369,-0.5787,1.1888,0.1327,0.1304,1.1998,0.1334,0.1000,1,1,1.2098,-0.1618,0.1665,-0.1639,-0.1578,-0.5426,1.2098,-0.1618,0.1665,1.2914,-0.1416,0.1000,0,1
1.3764,-0.0039,0.7102,-0.2503,0.0069,1.7172,0.1785,0.3025,0.3421,0.1800,-0.4077,1.7172,0.1785,0.3025,1.8518,0.1362,0.3000,0,1,1.7501,-0.1694,0.2680,0.3725,-0.1681,-0.4422,1.7501,-0.1694,0.2680,1.7618,-0.1388,0.3000,1,1,1.1888,0.1328,0.1304,-0.1867,0.1380,-0.5798,1.1888,0.1328,0.1304,1.2013,0.1324,0.1000,1,1,1.2206,-0.1612,0.1594,-0.1569,-0.1562,-0.5508,1.2206,-0.1612,0.1594,1.2952,-0.1426,0.1000,0,1
1.3801,-0.0048,0.7112,-0.2519,0.0079,1.7237,0.1776,0.2973,0.3450,0.1797,-0.4139,1.7237,0.1776,0.2973,1.8554,0.1357,0.3000,0,1,1.7501,-0.1694,0.2682,0.3687,-0.1675,-0.4430,1.7501,-0.1694,0.2682,1.7636,-0.1393,0.3000,1,1,1.1889,0.1327,0.1304,-0.1901,0.1390,-0.5808,1.1889,0.1327,0.1304,1.2028,0.1312,0.1000,1,1,1.2256,-0.1604,0.1506,-0.1557,-0.1544,-0.5606,1.2256,-0.1604,0.1506,1.2990,-0.1438,0.1000,0,1
1.3839,-0.0059,0.7123,-0.2539,0.0089,1.7314,0.1753,0.2973,0.3491,0.1781,-0.4150,1.7314,0.1753,0.2973,1.8591,0.1349,0.3000,0,1,1.7497,-0.1693,0.2693,0.3643,-0.1666,-0.4430,1.7497,-0.1693,0.2693,1.7655,-0.1400,0.3000,1,1,1.1888,0.1327,0.1304,-0.1939,0.1403,-0.5819,1.1888,0.1327,0.1304,1.2045,0.1300,0.1000,1,1,1.2402,-0.1602,0.1477,-0.1451,-0.1530,-0.5646,1.2402,-0.1602,0.1477,1.3029,-0.1450,0.1000,0,1
1.3878,-0.0072,0.7136,-0.2561,0.0104,1.7410,0.1714,0.2886,0.3550,0.1749,-0.4250,1.7410,0.1714,0.2886,1.8627,0.1342,0.3000,0,1,1.7492,-0.1692,0.2709,0.3597,-0.1657,-0.4427,1.7492,-0.1692,0.2709,1.7676,-0.1408,0.3000,1,1,1.1888,0.1327,0.1305,-0.1975,0.1420,-0.5831,1.1888,0.1327,0.1305,1.2062,0.1284,0.1000,1,1,1.2509,-0.1602,0.1436,-0.1385,-0.1516,-0.5700,1.2509,-0.1602,0.1436,1.3070,-0.1466,0.1000,0,1
1.3917,-0.0086,0.7150,-0.2581,0.0124,1.7492,0.1685,0.2843,0.3597,0.1727,-0.4307,1.7492,0.1685,0.2843,1.8014,0.1336,0.3000,1,1,1.7489,-0.1686,0.2721,0.3552,-0.1644,-0.4429,1.7489,-0.1686,0.2721,1.8698,-0.1414,0.3000,0,1,1.1886,0.1333,0.1308,-0.2013,0.1444,-0.5842,1.1886,0.1333,0.1308,1.2678,0.0867,0.1000,0,1,1.2664,-0.1588,0.1441,-0.1272,-0.1486,-0.5709,1.2664,-0.1588,0.1441,1.2462,-0.1483,0.1000,1,1
1.3957,-0.0099,0.7165,-0.2602,0.0145,1.7491,0.1687,0.2855,0.3560,0.1735,-0.4310,1.7491,0.1687,0.2855,1.8031,0.1331,0.3000,1,1,1.7659,-0.1686,0.2781,0.3679,-0.1641,-0.4384,1.7659,-0.1686,0.2781,1.8741,-0.1419,0.3000,0,1,1.2024,0.1347,0.1353,-0.1912,0.1474,-0.5812,1.2024,0.1347,0.1353,1.2715,0.0850,0.1000,0,1,1.2662,-0.1586,0.1449,-0.1316,-0.1468,-0.5716,1.2662,-0.1586,0.1449,1.2485,-0.1500,0.1000,1,1
1.3998,-0.0110,0.7180,-0.2631,0.0164,1.7490,0.1687,0.2859,0.3521,0.1739,-0.4321,1.7490,0.1687,0.2859,1.8049,0.1326,0.3000,1,1,1.7839,-0.1699,0.2939,0.3814,-0.1652,-0.4241,1.7839,-0.1699,0.2939,1.8784,-0.1424,0.3000,0,1,1.2162,0.1354,0.1433,-0.1812,0.1494,-0.5747,1.2162,0.1354,0.1433,1.2753,0.0835,0.1000,0,1,1.2659,-0.1584,0.1452,-0.1363,-0.1452,-0.5728,1.2659,-0.1584,0.1452,1.2508,-0.1515,0.1000,1,1
1.4038,-0.0120,0.7195,-0.2662,0.0180,1.7489,0.1689,0.2860,0.3483,0.1747,-0.4335,1.7489,0.1689,0.2860,1.8067,0.1323,0.3000,1,1,1.8008,-0.1714,0.3091,0.3941,-0.1665,-0.4104,1.8008,-0.1714,0.3091,1.8826,-0.1427,0.3000,0,1,1.2291,0.1360,0.1544,-0.1720,0.1511,-0.5651,1.2291,0.1360,0.1544,1.2791,0.0822,0.1000,0,1,1.2658,-0.1583,0.1452,-0.1406,-0.1438,-0.5743,1.2658,-0.1583,0.1452,1.2531,-0.1527,0.1000,1,1
1.4078,-0.0127,0.7209,-0.2689,0.0194,1.7488,0.1691,0.2860,0.3445,0.1752,-0.4349,1.7488,0.1691,0.2860,1.8084,0.1320,0.3000,1,1,1.8158,-0.1727,0.3222,0.4048,-0.1679,-0.3987,1.8158,-0.1727,0.3222,1.8868,-0.1429,0.3000,0,1,1.2407,0.1367,0.1672,-0.1642,0.1526,-0.5537,1.2407,0.1367,0.1672,1.2829,0.0812,0.1000,0,1,1.2657,-0.1581,0.1452,-0.1449,-0.1426,-0.5757,1.2657,-0.1581,0.1452,1.2553,-0.1538,0.1000,1,1
1.4116,-0.0133,0.7223,-0.2708,0.0207,1.7488,0.1691,0.2860,0.3409,0.1754,-0.4363,1.7488,0.1691,0.2860,1.8101,0.1319,0.3000,1,1,1.8287,-0.1738,0.3353,0.4137,-0.1691,-0.3870,1.8287,-0.1738,0.3353,1.8908,-0.1430,0.3000,0,1,1.2509,0.1372,0.1804,-0.1576,0.1538,-0.5419,1.2509,0.1372,0.1804,1.2866,0.0804,0.1000,0,1,1.2656,-0.1581,0.1453,-0.1490,-0.1417,-0.5770,1.2656,-0.1581,0.1453,1.2573,-0.1545,0.1000,1,1
1.4154,-0.0137,0.7235,-0.2719,0.0217,1.7488,0.1691,0.2860,0.3373,0.1755,-0.4375,1.7488,0.1691,0.2860,1.8117,0.1320,0.3000,1,1,1.8397,-0.1744,0.3474,0.4207,-0.1699,-0.3761,1.8397,-0.1744,0.3474,1.8947,-0.1430,0.3000,0,1,1.2593,0.1375,0.1925,-0.1528,0.1546,-0.5310,1.2593,0.1375,0.1925,1.2902,0.0798,0.1000,0,1,1.2655,-0.1581,0.1453,-0.1530,-0.1411,-0.5782,1.2655,-0.1581,0.1453,1.2592,-0.1551,0.1000,1,1
1.4190,-0.0139,0.7245,-0.2721,0.0226,1.7488,0.1691,0.2860,0.3339,0.1755,-0.4385,1.7488,0.1691,0.2860,1.8132,0.1321,0.3000,1,1,1.8489,-0.1747,0.3572,0.4262,-0.1705,-0.3673,1.8489,-0.1747,0.3572,1.8984,-0.1429,0.3000,0,1,1.2662,0.1374,0.2022,-0.1493,0.1547,-0.5223,1.2662,0.1374,0.2022,1.2938,0.0794,0.1000,0,1,1.2656,-0.1581,0.1453,-0.1566,-0.1407,-0.5792,1.2656,-0.1581,0.1453,1.2610,-0.1555,0.1000,1,1
1.4226,-0.0140,0.7254,-0.2715,0.0233,1.7489,0.1691,0.2861,0.3305,0.1754,-0.4393,1.7489,0.1691,0.2861,1.8147,0.1322,0.3000,1,1,1.8568,-0.1745,0.3630,0.4303,-0.1706,-0.3624,1.8568,-0.1745,0.3630,1.9021,-0.1427,0.3000,0,1,1.2714,0.1369,0.2079,-0.1476,0.1544,-0.5175,1.2714,0.1369,0.2079,1.2973,0.0792,0.1000,0,1,1.2657,-0.1581,0.1453,-0.1602,-0.1404,-0.5801,1.2657,-0.1581,0.1453,1.2627,-0.1557,0.1000,1,1
1.4261,-0.0139,0.7262,-0.2701,0.0238,1.7489,0.1691,0.2861,0.3271,0.1753,-0.4401,1.7489,0.1691,0.2861,1.8161,0.1325,0.3000,1,1,1.8637,-0.1741,0.3645,0.4337,-0.1706,-0.3617,1.8637,-0.1741,0.3645,1.9057,-0.1424,0.3000,0,1,1.2754,0.1361,0.2093,-0.1471,0.1535,-0.5169,1.2754,0.1361,0.2093,1.3007,0.0792,0.1000,0,1,1.2658,-0.1581,0.1453,-0.1637,-0.1403,-0.5809,1.2658,-0.1581,0.1453,1.2642,-0.1557,0.1000,1,1
1.4296,-0.0138,0.7268,-0.2680,0.0242,1.7489,0.1691,0.2861,0.3236,0.1751,-0.4407,1.7489,0.1691,0.2861,1.8175,0.1328,0.3000,1,1,1.8686,-0.1733,0.3614,0.4350,-0.1701,-0.3654,1.8686,-0.1733,0.3614,1.9092,-0.1421,0.3000,0,1,1.2783,0.1350,0.2061,-0.1477,0.1524,-0.5207,1.2783,0.1350,0.2061,1.3041,0.0793,0.1000,0,1,1.2657,-0.1581,0.1453,-0.1673,-0.1403,-0.5815,1.2657,-0.1581,0.1453,1.2658,-0.1556,0.1000,1,1
1.4330,-0.0135,0.7273,-0.2654,0.0244,1.7490,0.1691,0.2861,0.3204,0.1748,-0.4412,1.7490,0.1691,0.2861,1.8190,0.1331,0.3000,1,1,1.8749,-0.1723,0.3553,0.4379,-0.1695,-0.3720,1.8749,-0.1723,0.3553,1.9127,-0.1418,0.3000,0,1,1.2821,0.1335,0.1990,-0.1473,0.1506,-0.5283,1.2821,0.1335,0.1990,1.3875,0.0795,0.2000,0,1,1.2658,-0.1581,0.1453,-0.1707,-0.1405,-0.5820,1.2658,-0.1581,0.1453,1.2672,-0.1554,0.1000,1,1
1.4366,-0.0131,0.7278,-0.2630,0.0241,1.7491,0.1691,0.2862,0.3168,0.1746,-0.4416,1.7491,0.1691,0.2862,1.8206,0.1334,0.3000,1,1,1.8734,-0.1712,0.3480,0.4329,-0.1686,-0.3798,1.8734,-0.1712,0.3480,1.9162,-0.1415,0.3000,0,1,1.2905,0.1315,0.1913,-0.1426,0.1481,-0.5365,1.2905,0.1315,0.1913,1.3911,0.0800,0.2000,0,1,1.2659,-0.1581,0.1453,-0.1741,-0.1408,-0.5825,1.2659,-0.1581,0.1453,1.2688,-0.1549,0.1000,1,1
1.4404,-0.0125,0.7283,-0.2610,0.0231,1.7490,0.1691,0.2862,0.3127,0.1744,-0.4421,1.7490,0.1691,0.2862,1.8225,0.1336,0.3000,1,1,1.8753,-0.1697,0.3407,0.4312,-0.1672,-0.3876,1.8753,-0.1697,0.3407,1.9198,-0.1413,0.3000,0,1,1.3014,0.1292,0.1838,-0.1357,0.1449,-0.5445,1.3014,0.1292,0.1838,1.3950,0.0807,0.2000,0,1,1.2658,-0.1581,0.1453,-0.1779,-0.1415,-0.5830,1.2658,-0.1581,0.1453,1.2704,-0.1542,0.1000,1,1
1.4444,-0.0117,0.7290,-0.2592,0.0212,1.7490,0.1691,0.2862,0.3084,0.1743,-0.4428,1.7490,0.1691,0.2862,1.8248,0.1337,0.3000,1,1,1.8719,-0.1692,0.3323,0.4241,-0.1665,-0.3967,1.8719,-0.1692,0.3323,1.9236,-0.1412,0.3000,0,1,1.3136,0.1270,0.1741,-0.1278,0.1414,-0.5549,1.3136,0.1270,0.1741,1.3993,0.0819,0.2000,0,1,1.2658,-0.1581,0.1453,-0.1817,-0.1426,-0.5837,1.2658,-0.1581,0.1453,1.2721,-0.1531,0.1000,1,1
1.4486,-0.0108,0.7299,-0.2572,0.0186,1.7490,0.1691,0.2863,0.3037,0.1743,-0.4436,1.7490,0.1691,0.2863,1.8274,0.1337,0.3000,1,1,1.8695,-0.1682,0.3238,0.4179,-0.1652,-0.4061,1.8695,-0.1682,0.3238,1.9275,-0.1413,0.3000,0,1,1.3271,0.1248,0.1706,-0.1190,0.1378,-0.5593,1.3271,0.1248,0.1706,1.4039,0.0833,0.2000,0,1,1.2658,-0.1581,0.1453,-0.1855,-0.1439,-0.5846,1.2658,-0.1581,0.1453,1.2740,-0.1516,0.1000,1,1
1.4531,-0.0096,0.7311,-0.2549,0.0151,1.7489,0.1691,0.2863,0.2985,0.1742,-0.4448,1.7489,0.1691,0.2863,1.8304,0.1336,0.3000,1,1,1.8689,-0.1673,0.3141,0.4134,-0.1640,-0.4170,1.8689,-0.1673,0.3141,1.9315,-0.1414,0.3000,0,1,1.3420,0.1227,0.1674,-0.1091,0.1340,-0.5637,1.3420,0.1227,0.1674,1.4088,0.0851,0.2000,0,1,1.2658,-0.1581,0.1453,-0.1895,-0.1457,-0.5858,1.2658,-0.1581,0.1453,1.2760,-0.1498,0.1000,1,1
1.4579,-0.0082,0.7325,-0.2524,0.0107,1.7486,0.1688,0.2874,0.2926,0.1739,-0.4451,1.7486,0.1688,0.2874,1.8338,0.1333,0.3000,1,1,1.8842,-0.1671,0.3073,0.4246,-0.1635,-0.4252,1.8842,-0.1671,0.3073,1.9358,-0.1417,0.3000,0,1,1.3592,0.1186,0.1694,-0.0973,0.1278,-0.5631,1.3592,0.1186,0.1694,1.4143,0.0874,0.2000,0,1,1.2655,-0.1583,0.1455,-0.1940,-0.1480,-0.5870,1.2655,-0.1583,0.1455,1.2782,-0.1476,0.1000,1,1
1.4631,-0.0066,0.7344,-0.2490,0.0054,1.7591,0.1685,0.2896,0.2969,0.1735,-0.4448,1.7591,0.1685,0.2896,1.9387,0.1330,0.3000,0,1,1.8955,-0.1678,0.3041,0.4315,-0.1635,-0.4303,1.8955,-0.1678,0.3041,1.8742,-0.1420,0.3000,1,1,1.3722,0.1144,0.1657,-0.0902,0.1215,-0.5687,1.3722,0.1144,0.1657,1.3141,0.1299,0.1000,1,1,1.2694,-0.1582,0.1475,-0.1945,-0.1506,-0.5869,1.2694,-0.1582,0.1475,1.4216,-0.1850,0.2000,0,1
1.4684,-0.0051,0.7361,-0.2475,0.0007,1.7799,0.1693,0.2967,0.3116,0.1742,-0.4394,1.7799,0.1693,0.2967,1.9447,0.1327,0.3000,0,1,1.8955,-0.1679,0.3042,0.4270,-0.1631,-0.4319,1.8955,-0.1679,0.3042,1.8769,-0.1423,0.3000,1,1,1.3682,0.1144,0.1692,-0.1001,0.1196,-0.5669,1.3682,0.1144,0.1692,1.3181,0.1323,0.1000,1,1,1.2815,-0.1577,0.1538,-0.1870,-0.1525,-0.5823,1.2815,-0.1577,0.1538,1.4263,-0.1827,0.2000,0,1
1.4737,-0.0038,0.7378,-0.2479,-0.0031,1.7998,0.1712,0.3065,0.3256,0.1760,-0.4313,1.7998,0.1712,0.3065,1.9505,0.1325,0.3000,0,1,1.8955,-0.1678,0.3042,0.4223,-0.1627,-0.4336,1.8955,-0.1678,0.3042,1.8797,-0.1424,0.3000,1,1,1.3630,0.1148,0.1741,-0.1111,0.1183,-0.5637,1.3630,0.1148,0.1741,1.2819,0.0943,0.1000,1,1,1.2942,-0.1567,0.1635,-0.1790,-0.1535,-0.5743,1.2942,-0.1567,0.1635,1.3911,-0.1407,0.2000,0,1
1.4789,-0.0027,0.7394,-0.2486,-0.0064,1.8183,0.1735,0.3187,0.3383,0.1784,-0.4207,1.8183,0.1735,0.3187,1.9561,0.1324,0.3000,0,1,1.8954,-0.1679,0.3042,0.4175,-0.1625,-0.4352,1.8954,-0.1679,0.3042,1.8824,-0.1426,0.3000,1,1,1.3609,0.1147,0.1759,-0.1187,0.1166,-0.5635,1.3609,0.1147,0.1759,1.2856,0.0960,0.1000,1,1,1.3056,-0.1558,0.1755,-0.1723,-0.1542,-0.5639,1.3056,-0.1558,0.1755,1.3958,-0.1390,0.2000,0,1
1.4839,-0.0018,0.7410,-0.2490,-0.0092,1.8346,0.1755,0.3318,0.3491,0.1805,-0.4092,1.8346,0.1755,0.3318,1.9615,0.1323,0.3000,0,1,1.8954,-0.1681,0.3043,0.4130,-0.1625,-0.4367,1.8954,-0.1681,0.3043,1.8850,-0.1427,0.3000,1,1,1.3584,0.1147,0.1782,-0.1266,0.1153,-0.5628,1.3584,0.1147,0.1782,1.2889,0.0974,0.1000,1,1,1.3156,-0.1552,0.1885,-0.1669,-0.1549,-0.5525,1.3156,-0.1552,0.1885,1.4004,-0.1376,0.2000,0,1
1.4887,-0.0011,0.7425,-0.2491,-0.0116,1.8491,0.1768,0.3445,0.3583,0.1821,-0.3980,1.8491,0.1768,0.3445,1.9666,0.1321,0.3000,0,1,1.8954,-0.1682,0.3043,0.4086,-0.1624,-0.4382,1.8954,-0.1682,0.3043,1.8874,-0.1429,0.3000,1,1,1.3583,0.1147,0.1783,-0.1317,0.1143,-0.5642,1.3583,0.1147,0.1783,1.2921,0.0986,0.1000,1,1,1.3246,-0.1547,0.2013,-0.1623,-0.1555,-0.5412,1.3246,-0.1547,0.2013,1.4049,-0.1364,0.2000,0,1
1.4934,-0.0006,0.7439,-0.2488,-0.0135,1.8619,0.1775,0.3556,0.3661,0.1831,-0.3883,1.8619,0.1775,0.3556,1.9716,0.1318,0.3000,0,1,1.8955,-0.1682,0.3043,0.4043,-0.1622,-0.4396,1.8955,-0.1682,0.3043,1.8898,-0.1431,0.3000,1,1,1.3583,0.1147,0.1783,-0.1366,0.1135,-0.5656,1.3583,0.1147,0.1783,1.2950,0.0994,0.1000,1,1,1.3326,-0.1543,0.2123,-0.1587,-0.1559,-0.5316,1.3326,-0.1543,0.2123,1.4093,-0.1356,0.2000,0,1
1.4979,-0.0002,0.7450,-0.2482,-0.0151,1.8735,0.1774,0.3638,0.3729,0.1833,-0.3812,1.8735,0.1774,0.3638,1.9763,0.1316,0.3000,0,1,1.8955,-0.1682,0.3043,0.4001,-0.1620,-0.4407,1.8955,-0.1682,0.3043,1.8922,-0.1434,0.3000,1,1,1.3583,0.1147,0.1783,-0.1413,0.1128,-0.5667,1.3583,0.1147,0.1783,1.2978,0.1000,0.1000,1,1,1.3397,-0.1537,0.2205,-0.1559,-0.1559,-0.5245,1.3397,-0.1537,0.2205,1.4136,-0.1349,0.2000,0,1
1.5024,-0.0001,0.7460,-0.2472,-0.0163,1.8845,0.1767,0.3678,0.3792,0.1830,-0.3782,1.8845,0.1767,0.3678,1.9809,0.1313,0.3000,0,1,1.8955,-0.1682,0.3044,0.3958,-0.1617,-0.4416,1.8955,-0.1682,0.3044,1.8945,-0.1437,0.3000,1,1,1.3583,0.1147,0.1783,-0.1460,0.1124,-0.5677,1.3583,0.1147,0.1783,1.3004,0.1004,0.1000,1,1,1.3461,-0.1529,0.2244,-0.1538,-0.1553,-0.5216,1.3461,-0.1529,0.2244,1.4179,-0.1346,0.2000,0,1
1.5067,-0.0000,0.7467,-0.2460,-0.0170,1.8941,0.1755,0.3669,0.3844,0.1821,-0.3798,1.8941,0.1755,0.3669,1.9854,0.1310,0.3000,0,1,1.8955,-0.1681,0.3044,0.3916,-0.1615,-0.4423,1.8955,-0.1681,0.3044,1.8967,-0.1439,0.3000,1,1,1.3584,0.1147,0.1783,-0.1502,0.1122,-0.5684,1.3584,0.1147,0.1783,1.3029,0.1006,0.1000,1,1,1.3521,-0.1519,0.2235,-0.1520,-0.1545,-0.5232,1.3521,-0.1519,0.2235,1.4222,-0.1344,0.2000,0,1
1.5110,-0.0001,0.7474,-0.2446,-0.0175,1.9054,0.1737,0.3619,0.3913,0.1807,-0.3855,1.9054,0.1737,0.3619,1.9897,0.1308,0.3000,0,1,1.8956,-0.1681,0.3044,0.3875,-0.1612,-0.4430,1.8956,-0.1681,0.3044,1.8989,-0.1442,0.3000,1,1,1.3584,0.1148,0.1783,-0.1546,0.1122,-0.5691,1.3584,0.1148,0.1783,1.3852,0.1005,0.2000,1,1,1.3572,-0.1509,0.2187,-0.1511,-0.1535,-0.5287,1.3572,-0.1509,0.2187,1.4264,-0.1344,0.2000,0,1
1.5152,-0.0004,0.7480,-0.2425,-0.0175,1.9139,0.1715,0.3546,0.3956,0.1789,-0.3934,1.9139,0.1715,0.3546,1.9940,0.1305,0.3000,0,1,1.8955,-0.1681,0.3044,0.3832,-0.1610,-0.4436,1.8955,-0.1681,0.3044,1.9011,-0.1445,0.3000,1,1,1.3584,0.1148,0.1783,-0.1588,0.1124,-0.5697,1.3584,0.1148,0.1783,1.3874,0.1003,0.2000,1,1,1.3549,-0.1507,0.2155,-0.1576,-0.1531,-0.5325,1.3549,-0.1507,0.2155,1.4306,-0.1347,0.2000,0,1
1.5193,-0.0008,0.7487,-0.2398,-0.0173,1.9230,0.1688,0.3466,0.4007,0.1766,-0.4021,1.9230,0.1688,0.3466,1.9980,0.1302,0.3000,0,1,1.8958,-0.1680,0.3045,0.3793,-0.1607,-0.4442,1.8958,-0.1680,0.3045,1.9033,-0.1448,0.3000,1,1,1.3587,0.1149,0.1783,-0.1626,0.1129,-0.5704,1.3587,0.1149,0.1783,1.3895,0.0998,0.2000,1,1,1.3536,-0.1506,0.2140,-0.1631,-0.1526,-0.5347,1.3536,-0.1506,0.2140,1.4348,-0.1351,0.2000,0,1
1.5235,-0.0014,0.7494,-0.2367,-0.0166,1.9314,0.1659,0.3373,0.4051,0.1740,-0.4121,1.9314,0.1659,0.3373,2.0021,0.1298,0.3000,0,1,1.8958,-0.1680,0.3046,0.3750,-0.1604,-0.4448,1.8958,-0.1680,0.3046,1.9055,-0.1451,0.3000,1,1,1.3587,0.1149,0.1783,-0.1667,0.1135,-0.5711,1.3587,0.1149,0.1783,1.3916,0.0991,0.2000,1,1,1.3543,-0.1504,0.2061,-0.1667,-0.1518,-0.5433,1.3543,-0.1504,0.2061,1.4390,-0.1358,0.2000,0,1
1.5277,-0.0021,0.7503,-0.2339,-0.0155,1.9391,0.1631,0.3330,0.4088,0.1716,-0.4173,1.9391,0.1631,0.3330,2.0062,0.1296,0.3000,0,1,1.8959,-0.1679,0.3046,0.3707,-0.1601,-0.4457,1.8959,-0.1679,0.3046,1.9079,-0.1454,0.3000,1,1,1.3587,0.1150,0.1783,-0.1708,0.1145,-0.5720,1.3587,0.1150,0.1783,1.3937,0.0983,0.2000,1,1,1.3516,-0.1489,0.2066,-0.1738,-0.1495,-0.5437,1.3516,-0.1489,0.2066,1.4434,-0.1367,0.2000,0,1
1.5321,-0.0029,0.7512,-0.2315,-0.0138,1.9478,0.1602,0.3262,0.4134,0.1688,-0.4250,1.9478,0.1602,0.3262,1.9703,0.0894,0.3000,0,1,1.8959,-0.1679,0.3046,0.3660,-0.1600,-0.4466,1.8959,-0.1679,0.3046,1.9105,-0.1456,0.3000,1,1,1.3588,0.1149,0.1783,-0.1749,0.1154,-0.5729,1.3588,0.1149,0.1783,1.2758,0.0571,0.1000,1,1,1.3630,-0.1467,0.1969,-0.1671,-0.1461,-0.5543,1.3630,-0.1467,0.1969,1.4480,-0.1378,0.2000,0,1
1.5365,-0.0038,0.7524,-0.2291,-0.0117,1.9483,0.1494,0.3183,0.4100,0.1580,-0.4341,1.9483,0.1494,0.3183,1.9745,0.0893,0.3000,0,1,1.8958,-0.1679,0.3046,0.3612,-0.1599,-0.4478,1.8958,-0.1679,0.3046,1.9133,-0.1457,0.3000,1,1,1.3587,0.1150,0.1783,-0.1792,0.1167,-0.5741,1.3587,0.1150,0.1783,1.2779,0.0558,0.1000,1,1,1.3867,-0.1390,0.1953,-0.1482,-0.1369,-0.5571,1.3867,-0.1390,0.1953,1.4527,-0.1392,0.2000,0,1
1.5410,-0.0048,0.7537,-0.2254,-0.0093,1.9419,0.1313,0.3121,0.3996,0.1398,-0.4416,1.9419,0.1313,0.3121,1.9536,0.1292,0.3000,1,1,1.8956,-0.1676,0.3044,0.3561,-0.1595,-0.4493,1.8956,-0.1676,0.3044,1.9761,-0.1858,0.3000,0,1,1.3584,0.1153,0.1786,-0.1837,0.1184,-0.5751,1.3584,0.1153,0.1786,1.4600,0.1344,0.2000,0,1,1.4092,-0.1265,0.1964,-0.1307,-0.1229,-0.5573,1.4092,-0.1265,0.1964,1.4325,-0.1806,0.2000,1,1
1.5455,-0.0059,0.7552,-0.2218,-0.0067,1.9418,0.1315,0.3123,0.3954,0.1401,-0.4429,1.9418,0.1315,0.3123,1.9557,0.1291,0.3000,1,1,1.9083,-0.1669,0.3091,0.3639,-0.1586,-0.4461,1.9083,-0.1669,0.3091,1.9808,-0.1859,0.3000,0,1,1.3603,0.1177,0.1826,-0.1860,0.1224,-0.5726,1.3603,0.1177,0.1826,1.4641,0.1329,0.2000,0,1,1.4091,-0.1263,0.1963,-0.1356,-0.1213,-0.5589,1.4091,-0.1263,0.1963,1.4352,-0.1821,0.2000,1,1
1.5497,-0.0067,0.7567,-0.2201,-0.0045,1.9415,0.1317,0.3121,0.3912,0.1402,-0.4446,1.9415,0.1317,0.3121,1.9577,0.1291,0.3000,1,1,1.9207,-0.1669,0.3177,0.3717,-0.1585,-0.4390,1.9207,-0.1669,0.3177,1.9855,-0.1859,0.3000,0,1,1.3640,0.1210,0.1910,-0.1863,0.1269,-0.5657,1.3640,0.1210,0.1910,1.4681,0.1316,0.2000,0,1,1.4086,-0.1262,0.1964,-0.1406,-0.1201,-0.5603,1.4086,-0.1262,0.1964,1.4379,-0.1834,0.2000,1,1
1.5541,-0.0075,0.7583,-0.2200,-0.0025,1.9415,0.1318,0.3121,0.3871,0.1403,-0.4462,1.9415,0.1318,0.3121,1.9598,0.1291,0.3000,1,1,1.9337,-0.1673,0.3289,0.3800,-0.1589,-0.4294,1.9337,-0.1673,0.3289,1.9901,-0.1859,0.3000,0,1,1.3648,0.1249,0.2023,-0.1896,0.1319,-0.5560,1.3648,0.1249,0.2023,1.4722,0.1305,0.2000,0,1,1.4086,-0.1261,0.1964,-0.1452,-0.1190,-0.5619,1.4086,-0.1261,0.1964,1.4005,-0.1445,0.2000,1,1
1.5583,-0.0080,0.7600,-0.2202,-0.0008,1.9415,0.1317,0.3121,0.3831,0.1400,-0.4479,1.9415,0.1317,0.3121,1.9618,0.1292,0.3000,1,1,1.9456,-0.1676,0.3417,0.3874,-0.1593,-0.4183,1.9456,-0.1676,0.3417,1.9946,-0.1858,0.3000,0,1,1.3649,0.1287,0.2150,-0.1935,0.1365,-0.5450,1.3649,0.1287,0.2150,1.4762,0.1296,0.2000,0,1,1.4068,-0.1263,0.1984,-0.1514,-0.1184,-0.5616,1.4068,-0.1263,0.1984,1.4030,-0.1454,0.2000,1,1
1.5624,-0.0084,0.7617,-0.2208,0.0005,1.9416,0.1317,0.3122,0.3793,0.1399,-0.4495,1.9416,0.1317,0.3122,1.9637,0.1293,0.3000,1,1,1.9559,-0.1678,0.3549,0.3934,-0.1596,-0.4068,1.9559,-0.1678,0.3549,1.9989,-0.1857,0.3000,0,1,1.3717,0.1317,0.2280,-0.1906,0.1402,-0.5337,1.3717,0.1317,0.2280,1.4801,0.1290,0.2000,0,1,1.4064,-0.1263,0.1989,-0.1561,-0.1178,-0.5628,1.4064,-0.1263,0.1989,1.4053,-0.1460,0.2000,1,1
1.5664,-0.0087,0.7633,-0.2216,0.0015,1.9417,0.1316,0.3122,0.3755,0.1397,-0.4511,1.9417,0.1316,0.3122,1.9656,0.1294,0.3000,1,1,1.9647,-0.1680,0.3670,0.3981,-0.1599,-0.3963,1.9647,-0.1680,0.3670,2.0030,-0.1856,0.3000,0,1,1.3820,0.1340,0.2401,-0.1842,0.1430,-0.5232,1.3820,0.1340,0.2401,1.4840,0.1285,0.2000,0,1,1.4054,-0.1264,0.2000,-0.1612,-0.1175,-0.5633,1.4054,-0.1264,0.2000,1.4074,-0.1465,0.2000,1,1
1.5704,-0.0088,0.7647,-0.2223,0.0022,1.9417,0.1316,0.3121,0.3716,0.1396,-0.4526,1.9417,0.1316,0.3121,1.9674,0.1295,0.3000,1,1,1.9721,-0.1683,0.3768,0.4013,-0.1604,-0.3879,1.9721,-0.1683,0.3768,2.0870,-0.1855,0.4000,0,1,1.3915,0.1360,0.2499,-0.1786,0.1452,-0.5148,1.3915,0.1360,0.2499,1.4878,0.1283,0.2000,0,1,1.4050,-0.1264,0.2004,-0.1657,-0.1172,-0.5643,1.4050,-0.1264,0.2004,1.4094,-0.1467,0.2000,1,1
1.5742,-0.0088,0.7660,-0.2227,0.0025,1.9417,0.1317,0.3122,0.3679,0.1396,-0.4538,1.9417,0.1317,0.3122,1.9692,0.1297,0.3000,1,1,1.9803,-0.1684,0.3830,0.4057,-0.1606,-0.3830,1.9803,-0.1684,0.3830,2.0909,-0.1853,0.4000,0,1,1.3988,0.1378,0.2561,-0.1750,0.1470,-0.5099,1.3988,0.1378,0.2561,1.4916,0.1282,0.2000,0,1,1.4050,-0.1264,0.2005,-0.1695,-0.1172,-0.5655,1.4050,-0.1264,0.2005,1.4113,-0.1468,0.2000,1,1
1.5780,-0.0086,0.7671,-0.2229,0.0027,1.9417,0.1317,0.3122,0.3641,0.1393,-0.4549,1.9417,0.1317,0.3122,1.9710,0.1299,0.3000,1,1,1.9894,-0.1685,0.3843,0.4110,-0.1610,-0.3828,1.9894,-0.1685,0.3843,2.0948,-0.1851,0.4000,0,1,1.4046,0.1393,0.2573,-0.1730,0.1484,-0.5098,1.4046,0.1393,0.2573,1.4954,0.1284,0.2000,0,1,1.4050,-0.1264,0.2005,-0.1733,-0.1173,-0.5666,1.4050,-0.1264,0.2005,1.4132,-0.1466,0.2000,1,1
1.5818,-0.0084,0.7681,-0.2228,0.0028,1.9417,0.1317,0.3122,0.3603,0.1391,-0.4559,1.9417,0.1317,0.3122,1.9728,0.1302,0.3000,1,1,1.9960,-0.1683,0.3813,0.4138,-0.1611,-0.3868,1.9960,-0.1683,0.3813,2.0985,-0.1848,0.4000,0,1,1.4094,0.1407,0.2536,-0.1720,0.1496,-0.5145,1.4094,0.1407,0.2536,1.4992,0.1286,0.2000,0,1,1.4050,-0.1264,0.2005,-0.1771,-0.1175,-0.5676,1.4050,-0.1264,0.2005,1.4149,-0.1464,0.2000,1,1
1.5855,-0.0079,0.7690,-0.2223,0.0027,1.9417,0.1317,0.3122,0.3566,0.1386,-0.4568,1.9417,0.1317,0.3122,1.9745,0.1306,0.3000,1,1,2.0074,-0.1677,0.3757,0.4215,-0.1609,-0.3933,2.0074,-0.1677,0.3757,2.1022,-0.1844,0.4000,0,1,1.4131,0.1418,0.2479,-0.1720,0.1502,-0.5211,1.4131,0.1418,0.2479,1.5029,0.1291,0.2000,0,1,1.4050,-0.1264,0.2005,-0.1808,-0.1180,-0.5685,1.4050,-0.1264,0.2005,1.4166,-0.1459,0.2000,1,1
1.5892,-0.0074,0.7698,-0.2218,0.0025,1.9418,0.1317,0.3122,0.3529,0.1382,-0.4576,1.9418,0.1317,0.3122,1.9763,0.1310,0.3000,1,1,2.0120,-0.1666,0.3693,0.4224,-0.1603,-0.4005,2.0120,-0.1666,0.3693,2.1060,-0.1840,0.4000,0,1,1.4152,0.1423,0.2416,-0.1736,0.1501,-0.5282,1.4152,0.1423,0.2416,1.5067,0.1296,0.2000,0,1,1.4051,-0.1264,0.2005,-0.1844,-0.1185,-0.5693,1.4051,-0.1264,0.2005,1.4184,-0.1454,0.2000,1,1
1.5930,-0.0067,0.7706,-0.2211,0.0023,1.9418,0.1317,0.3123,0.3491,0.1376,-0.4583,1.9418,0.1317,0.3123,1.9781,0.1316,0.3000,1,1,2.0218,-0.1647,0.3635,0.4284,-0.1590,-0.4071,2.0218,-0.1647,0.3635,2.1097,-0.1834,0.4000,0,1,1.4159,0.1424,0.2347,-0.1768,0.1495,-0.5359,1.4159,0.1424,0.2347,1.5105,0.1303,0.2000,0,1,1.4051,-0.1264,0.2005,-0.1882,-0.1193,-0.5701,1.4051,-0.1264,0.2005,1.4201,-0.1447,0.2000,1,1
1.5968,-0.0060,0.7715,-0.2202,0.0021,1.9418,0.1317,0.3123,0.3453,0.1370,-0.4592,1.9418,0.1317,0.3123,1.9799,0.1323,0.3000,1,1,2.0288,-0.1629,0.3574,0.4317,-0.1578,-0.4141,2.0288,-0.1629,0.3574,2.1135,-0.1827,0.4000,0,1,1.4110,0.1421,0.2318,-0.1855,0.1485,-0.5397,1.4110,0.1421,0.2318,1.5143,0.1311,0.2000,0,1,1.4051,-0.1264,0.2004,-0.1920,-0.1200,-0.5711,1.4051,-0.1264,0.2004,1.4219,-0.1439,0.2000,1,1
1.6006,-0.0051,0.7724,-0.2191,0.0020,1.9419,0.1316,0.3123,0.3416,0.1360,-0.4601,1.9419,0.1316,0.3123,1.9817,0.1331,0.3000,1,1,2.0377,-0.1607,0.3512,0.4368,-0.1565,-0.4212,2.0377,-0.1607,0.3512,2.1173,-0.1819,0.4000,0,1,1.4150,0.1409,0.2271,-0.1853,0.1464,-0.5453,1.4150,0.1409,0.2271,1.5181,0.1320,0.2000,0,1,1.4052,-0.1265,0.2004,-0.1956,-0.1210,-0.5720,1.4052,-0.1265,0.2004,1.4237,-0.1430,0.2000,1,1
1.6045,-0.0042,0.7733,-0.2181,0.0018,1.9420,0.1315,0.3123,0.3377,0.1351,-0.4610,1.9420,0.1315,0.3123,1.9836,0.1340,0.3000,1,1,2.0538,-0.1586,0.3463,0.4490,-0.1552,-0.4270,2.0538,-0.1586,0.3463,2.1211,-0.1810,0.4000,0,1,1.4127,0.1392,0.2188,-0.1915,0.1437,-0.5545,1.4127,0.1392,0.2188,1.5220,0.1330,0.2000,0,1,1.4053,-0.1266,0.2005,-0.1994,-0.1220,-0.5728,1.4053,-0.1266,0.2005,1.4255,-0.1420,0.2000,1,1
1.6085,-0.0031,0.7744,-0.2171,0.0015,1.9420,0.1314,0.3123,0.3337,0.1340,-0.4621,1.9420,0.1314,0.3123,1.9857,0.1349,0.3000,1,1,2.0724,-0.1563,0.3425,0.4637,-0.1539,-0.4319,2.0724,-0.1563,0.3425,2.1251,-0.1801,0.4000,0,1,1.4115,0.1359,0.2116,-0.1968,0.1393,-0.5628,1.4115,0.1359,0.2116,1.5261,0.1341,0.2000,0,1,1.4052,-0.1267,0.2005,-0.2035,-0.1233,-0.5739,1.4052,-0.1267,0.2005,1.4275,-0.1409,0.2000,1,1
1.6129,-0.0020,0.7757,-0.2156,0.0010,1.9489,0.1321,0.3143,0.3361,0.1338,-0.4614,1.9489,0.1321,0.3143,2.0888,0.1358,0.4000,0,1,2.0834,-0.1552,0.3406,0.4703,-0.1537,-0.4351,2.0834,-0.1552,0.3406,1.9831,-0.1792,0.3000,1,1,1.4108,0.1337,0.2088,-0.2020,0.1359,-0.5669,1.4108,0.1337,0.2088,1.4642,0.1353,0.2000,1,1,1.4113,-0.1292,0.2027,-0.2017,-0.1270,-0.5730,1.4113,-0.1292,0.2027,1.5305,-0.1397,0.2000,0,1
1.6167,-0.0011,0.7768,-0.2153,0.0007,1.9602,0.1344,0.3206,0.3436,0.1353,-0.4562,1.9602,0.1344,0.3206,2.0929,0.1367,0.4000,0,1,2.0833,-0.1553,0.3408,0.4665,-0.1545,-0.4360,2.0833,-0.1553,0.3408,1.9851,-0.1783,0.3000,1,1,1.4107,0.1335,0.2088,-0.2059,0.1347,-0.5680,1.4107,0.1335,0.2088,1.4663,0.1363,0.2000,1,1,1.4212,-0.1329,0.2092,-0.1956,-0.1317,-0.5676,1.4212,-0.1329,0.2092,1.5345,-0.1387,0.2000,0,1
1.6207,-0.0002,0.7780,-0.2164,0.0006,1.9726,0.1377,0.3305,0.3520,0.1377,-0.4475,1.9726,0.1377,0.3305,2.0970,0.1375,0.4000,0,1,2.0830,-0.1555,0.3411,0.4622,-0.1556,-0.4369,2.0830,-0.1555,0.3411,1.9871,-0.1775,0.3000,1,1,1.4106,0.1333,0.2088,-0.2100,0.1336,-0.5692,1.4106,0.1333,0.2088,1.4684,0.1372,0.2000,1,1,1.4326,-0.1366,0.2193,-0.1882,-0.1363,-0.5587,1.4326,-0.1366,0.2193,1.5385,-0.1378,0.2000,0,1
1.6247,0.0005,0.7793,-0.2186,0.0008,1.9847,0.1411,0.3426,0.3601,0.1403,-0.4367,1.9847,0.1411,0.3426,2.1010,0.1383,0.4000,0,1,2.0826,-0.1556,0.3414,0.4578,-0.1565,-0.4379,2.0826,-0.1556,0.3414,1.9892,-0.1767,0.3000,1,1,1.4106,0.1332,0.2088,-0.2140,0.1329,-0.5705,1.4106,0.1332,0.2088,1.4704,0.1379,0.2000,1,1,1.4443,-0.1398,0.2314,-0.1805,-0.1402,-0.5479,1.4443,-0.1398,0.2314,1.5426,-0.1371,0.2000,0,1
1.6287,0.0011,0.7805,-0.2216,0.0011,1.9957,0.1444,0.3557,0.3672,0.1429,-0.4248,1.9957,0.1444,0.3557,2.1049,0.1390,0.4000,0,1,2.0815,-0.1556,0.3430,0.4526,-0.1572,-0.4375,2.0815,-0.1556,0.3430,1.9912,-0.1760,0.3000,1,1,1.4105,0.1332,0.2088,-0.2181,0.1323,-0.5717,1.4105,0.1332,0.2088,1.4723,0.1384,0.2000,1,1,1.4554,-0.1425,0.2443,-0.1735,-0.1434,-0.5362,1.4554,-0.1425,0.2443,1.5466,-0.1366,0.2000,0,1
1.6326,0.0015,0.7817,-0.2246,0.0017,2.0057,0.1475,0.3684,0.3733,0.1454,-0.4133,2.0057,0.1475,0.3684,2.1088,0.1397,0.4000,0,1,2.0809,-0.1556,0.3438,0.4480,-0.1579,-0.4379,2.0809,-0.1556,0.3438,1.9932,-0.1753,0.3000,1,1,1.4104,0.1331,0.2088,-0.2220,0.1320,-0.5729,1.4104,0.1331,0.2088,1.4742,0.1388,0.2000,1,1,1.4657,-0.1448,0.2567,-0.1671,-0.1460,-0.5250,1.4657,-0.1448,0.2567,1.5506,-0.1362,0.2000,0,1
1.6365,0.0019,0.7828,-0.2273,0.0023,2.0145,0.1502,0.3795,0.3783,0.1474,-0.4033,2.0145,0.1502,0.3795,2.1125,0.1402,0.4000,0,1,2.0806,-0.1556,0.3441,0.4437,-0.1585,-0.4387,2.0806,-0.1556,0.3441,1.9952,-0.1748,0.3000,1,1,1.4103,0.1331,0.2088,-0.2259,0.1317,-0.5740,1.4103,0.1331,0.2088,1.4759,0.1389,0.2000,1,1,1.4748,-0.1465,0.2676,-0.1620,-0.1480,-0.5152,1.4748,-0.1465,0.2676,1.5546,-0.1361,0.2000,0,1
1.6402,0.0020,0.7838,-0.2294,0.0031,2.0224,0.1523,0.3876,0.3827,0.1491,-0.3962,2.0224,0.1523,0.3876,2.1162,0.1407,0.4000,0,1,2.0805,-0.1556,0.3443,0.4398,-0.1590,-0.4395,2.0805,-0.1556,0.3443,1.9970,-0.1743,0.3000,1,1,1.4103,0.1331,0.2088,-0.2295,0.1318,-0.5750,1.4103,0.1331,0.2088,1.4776,0.1390,0.2000,1,1,1.4823,-0.1478,0.2757,-0.1584,-0.1493,-0.5081,1.4823,-0.1478,0.2757,1.5584,-0.1360,0.2000,0,1
1.6439,0.0021,0.7846,-0.2306,0.0040,2.0299,0.1540,0.3916,0.3866,0.1504,-0.3930,2.0299,0.1540,0.3916,2.1197,0.1411,0.4000,0,1,2.0805,-0.1557,0.3443,0.4360,-0.1595,-0.4403,2.0805,-0.1557,0.3443,1.9988,-0.1739,0.3000,1,1,1.4103,0.1331,0.2088,-0.2331,0.1319,-0.5758,1.4103,0.1331,0.2088,1.4791,0.1389,0.2000,1,1,1.4885,-0.1486,0.2797,-0.1560,-0.1501,-0.5049,1.4885,-0.1486,0.2797,1.5622,-0.1361,0.2000,0,1
1.6475,0.0020,0.7852,-0.2311,0.0048,2.0358,0.1552,0.3908,0.3890,0.1513,-0.3944,2.0358,0.1552,0.3908,2.1232,0.1413,0.4000,0,1,2.0806,-0.1557,0.3444,0.4323,-0.1598,-0.4408,2.0806,-0.1557,0.3444,2.0005,-0.1737,0.3000,1,1,1.4103,0.1331,0.2088,-0.2366,0.1322,-0.5764,1.4103,0.1331,0.2088,1.4806,0.1386,0.2000,1,1,1.4934,-0.1491,0.2785,-0.1548,-0.1504,-0.5067,1.4934,-0.1491,0.2785,1.5660,-0.1364,0.2000,0,1
1.6511,0.0018,0.7858,-0.2308,0.0057,2.0441,0.1560,0.3862,0.3939,0.1520,-0.3996,2.0441,0.1560,0.3862,2.1267,0.1414,0.4000,0,1,2.0806,-0.1557,0.3444,0.4286,-0.1599,-0.4414,2.0806,-0.1557,0.3444,2.0822,-0.1735,0.4000,1,1,1.4104,0.1331,0.2088,-0.2399,0.1327,-0.5770,1.4104,0.1331,0.2088,1.4821,0.1383,0.2000,1,1,1.4969,-0.1492,0.2730,-0.1551,-0.1501,-0.5128,1.4969,-0.1492,0.2730,1.5696,-0.1367,0.2000,0,1
1.6546,0.0015,0.7863,-0.2302,0.0066,2.0344,0.1585,0.3821,0.3808,0.1545,-0.4042,2.0344,0.1585,0.3821,2.1301,0.1415,0.4000,0,1,2.0807,-0.1557,0.3445,0.4251,-0.1600,-0.4418,2.0807,-0.1557,0.3445,2.0839,-0.1735,0.4000,1,1,1.4106,0.1331,0.2087,-0.2431,0.1332,-0.5776,1.4106,0.1331,0.2087,1.4835,0.1378,0.2000,1,1,1.4988,-0.1493,0.2647,-0.1568,-0.1498,-0.5216,1.4988,-0.1493,0.2647,1.5733,-0.1372,0.2000,0,1
1.6581,0.0012,0.7869,-0.2297,0.0075,2.0380,0.1622,0.3791,0.3811,0.1581,-0.4078,2.0380,0.1622,0.3791,2.1335,0.1415,0.4000,0,1,2.0807,-0.1557,0.3446,0.4214,-0.1601,-0.4423,2.0807,-0.1557,0.3446,2.0855,-0.1735,0.4000,1,1,1.4106,0.1331,0.2087,-0.2465,0.1338,-0.5782,1.4106,0.1331,0.2087,1.4849,0.1373,0.2000,1,1,1.5001,-0.1490,0.2562,-0.1591,-0.1490,-0.5307,1.5001,-0.1490,0.2562,1.5769,-0.1377,0.2000,0,1
1.6617,0.0008,0.7877,-0.2297,0.0082,2.0346,0.1651,0.3751,0.3742,0.1612,-0.4126,2.0346,0.1651,0.3751,2.1370,0.1414,0.4000,0,1,2.0807,-0.1557,0.3446,0.4177,-0.1599,-0.4431,2.0807,-0.1557,0.3446,2.0872,-0.1736,0.4000,1,1,1.4106,0.1331,0.2087,-0.2500,0.1344,-0.5790,1.4106,0.1331,0.2087,1.4864,0.1368,0.2000,1,1,1.5005,-0.1483,0.2471,-0.1624,-0.1478,-0.5406,1.5005,-0.1483,0.2471,1.5806,-0.1382,0.2000,0,1
1.6656,0.0003,0.7886,-0.2309,0.0087,2.0408,0.1664,0.3717,0.3766,0.1628,-0.4169,2.0408,0.1664,0.3717,2.1407,0.1410,0.4000,0,1,2.0809,-0.1558,0.3446,0.4139,-0.1597,-0.4440,2.0809,-0.1558,0.3446,1.9691,-0.2140,0.3000,1,1,1.4107,0.1330,0.2087,-0.2537,0.1349,-0.5799,1.4107,0.1330,0.2087,1.4882,0.1362,0.2000,1,1,1.5097,-0.1458,0.2398,-0.1572,-0.1447,-0.5488,1.5097,-0.1458,0.2398,1.5845,-0.1388,0.2000,0,1
1.6697,-0.0004,0.7896,-0.2331,0.0090,2.0531,0.1657,0.3707,0.3849,0.1626,-0.4189,2.0531,0.1657,0.3707,2.1449,0.1405,0.4000,0,1,2.0806,-0.1558,0.3445,0.4095,-0.1591,-0.4451,2.0806,-0.1558,0.3445,1.9713,-0.2145,0.3000,1,1,1.4105,0.1331,0.2087,-0.2580,0.1358,-0.5809,1.4105,0.1331,0.2087,1.4903,0.1354,0.2000,1,1,1.5208,-0.1432,0.2351,-0.1502,-0.1415,-0.5545,1.5208,-0.1432,0.2351,1.5888,-0.1395,0.2000,0,1
1.6741,-0.0013,0.7909,-0.2348,0.0090,2.0793,0.1635,0.3656,0.4067,0.1611,-0.4253,2.0793,0.1635,0.3656,2.1492,0.1396,0.4000,0,1,2.0805,-0.1557,0.3444,0.4050,-0.1581,-0.4465,2.0805,-0.1557,0.3444,1.9737,-0.2153,0.3000,1,1,1.4103,0.1331,0.2089,-0.2626,0.1368,-0.5820,1.4103,0.1331,0.2089,1.4926,0.1346,0.2000,1,1,1.5369,-0.1394,0.2261,-0.1384,-0.1369,-0.5648,1.5369,-0.1394,0.2261,1.5931,-0.1404,0.2000,0,1
1.6786,-0.0023,0.7924,-0.2334,0.0090,2.1115,0.1626,0.3609,0.4344,0.1610,-0.4315,2.1115,0.1626,0.3609,2.1287,0.0986,0.4000,1,1,2.0802,-0.1553,0.3440,0.4002,-0.1566,-0.4484,2.0802,-0.1553,0.3440,2.1562,-0.1364,0.4000,0,1,1.4098,0.1334,0.2093,-0.2676,0.1381,-0.5831,1.4098,0.1334,0.2093,1.5951,0.1336,0.2000,0,1,1.5471,-0.1324,0.2293,-0.1327,-0.1289,-0.5631,1.5471,-0.1324,0.2293,1.5326,-0.1414,0.2000,1,1
1.6832,-0.0033,0.7940,-0.2309,0.0088,2.1113,0.1623,0.3614,0.4295,0.1618,-0.4326,2.1113,0.1623,0.3614,2.1312,0.0975,0.4000,1,1,2.0707,-0.1571,0.3484,0.3861,-0.1572,-0.4456,2.0707,-0.1571,0.3484,2.1607,-0.1375,0.4000,0,1,1.4262,0.1367,0.2135,-0.2558,0.1423,-0.5805,1.4262,0.1367,0.2135,1.5996,0.1326,0.2000,0,1,1.5492,-0.1325,0.2273,-0.1351,-0.1280,-0.5667,1.5492,-0.1325,0.2273,1.5351,-0.1424,0.2000,1,1
1.6876,-0.0042,0.7956,-0.2298,0.0083,2.1113,0.1626,0.3615,0.4251,0.1633,-0.4341,2.1113,0.1626,0.3615,2.1338,0.0964,0.4000,1,1,2.0634,-0.1612,0.3567,0.3745,-0.1601,-0.4389,2.0634,-0.1612,0.3567,2.1651,-0.1386,0.4000,0,1,1.4411,0.1395,0.2219,-0.2453,0.1457,-0.5737,1.4411,0.1395,0.2219,1.6042,0.1317,0.2000,0,1,1.5490,-0.1323,0.2275,-0.1397,-0.1269,-0.5681,1.5490,-0.1323,0.2275,1.5375,-0.1432,0.2000,1,1
1.6920,-0.0050,0.7971,-0.2300,0.0074,2.1113,0.1629,0.3615,0.4205,0.1648,-0.4356,2.1113,0.1629,0.3615,2.0964,0.1353,0.4000,1,1,2.0635,-0.1658,0.3679,0.3703,-0.1635,-0.4292,2.0635,-0.1658,0.3679,2.1694,-0.1397,0.4000,0,1,1.4560,0.1422,0.2333,-0.2349,0.1489,-0.5638,1.4560,0.1422,0.2333,1.6088,0.1311,0.2000,0,1,1.5490,-0.1321,0.2275,-0.1439,-0.1260,-0.5696,1.5490,-0.1321,0.2275,1.5398,-0.1439,0.2000,1,1
1.6964,-0.0056,0.7987,-0.2310,0.0063,2.1110,0.1629,0.3620,0.4157,0.1659,-0.4367,2.1110,0.1629,0.3620,2.0989,0.1343,0.4000,1,1,2.0499,-0.1717,0.3809,0.3524,-0.1683,-0.4178,2.0499,-0.1717,0.3809,2.1736,-0.1407,0.4000,0,1,1.4704,0.1445,0.2462,-0.2250,0.1515,-0.5525,1.4704,0.1445,0.2462,1.6133,0.1307,0.2000,0,1,1.5489,-0.1320,0.2275,-0.1483,-0.1255,-0.5712,1.5489,-0.1320,0.2275,1.5420,-0.1443,0.2000,1,1
1.7006,-0.0062,0.8002,-0.2327,0.0050,2.1101,0.1631,0.3639,0.4103,0.1673,-0.4363,2.1101,0.1631,0.3639,2.1013,0.1332,0.4000,1,1,2.0474,-0.1774,0.3940,0.3459,-0.1729,-0.4062,2.0474,-0.1774,0.3940,2.1777,-0.1418,0.4000,0,1,1.4843,0.1464,0.2594,-0.2155,0.1537,-0.5408,1.4843,0.1464,0.2594,1.6177,0.1304,0.2000,0,1,1.5490,-0.1318,0.2274,-0.1522,-0.1248,-0.5728,1.5490,-0.1318,0.2274,1.5441,-0.1446,0.2000,1,1
1.7048,-0.0066,0.8017,-0.2349,0.0036,2.1096,0.1630,0.3647,0.4054,0.1681,-0.4370,2.1096,0.1630,0.3647,2.1037,0.1323,0.4000,1,1,2.0501,-0.1825,0.4060,0.3447,-0.1771,-0.3957,2.0501,-0.1825,0.4060,2.1817,-0.1427,0.4000,0,1,1.4978,0.1478,0.2715,-0.2064,0.1551,-0.5302,1.4978,0.1478,0.2715,1.6221,0.1303,0.2000,0,1,1.5489,-0.1318,0.2274,-0.1563,-0.1246,-0.5743,1.5489,-0.1318,0.2274,1.5461,-0.1447,0.2000,1,1
1.7088,-0.0068,0.8032,-0.2372,0.0020,2.1099,0.1631,0.3642,0.4014,0.1691,-0.4390,2.1099,0.1631,0.3642,2.1059,0.1314,0.4000,1,1,2.0534,-0.1866,0.4158,0.3442,-0.1805,-0.3874,2.0534,-0.1866,0.4158,2.1855,-0.1436,0.4000,0,1,1.5105,0.1487,0.2813,-0.1980,0.1559,-0.5219,1.5105,0.1487,0.2813,1.6263,0.1303,0.2000,0,1,1.5489,-0.1318,0.2274,-0.1601,-0.1247,-0.5758,1.5489,-0.1318,0.2274,1.5479,-0.1447,0.2000,1,1
1.7128,-0.0070,0.8045,-0.2395,0.0004,2.1094,0.1630,0.3652,0.3967,0.1698,-0.4393,2.1094,0.1630,0.3652,2.1081,0.1307,0.4000,1,1,2.0565,-0.1900,0.4220,0.3436,-0.1831,-0.3825,2.0565,-0.1900,0.4220,2.1892,-0.1443,0.4000,0,1,1.5224,0.1493,0.2875,-0.1903,0.1564,-0.5170,1.5224,0.1493,0.2875,1.6305,0.1304,0.2000,0,1,1.5489,-0.1318,0.2274,-0.1639,-0.1247,-0.5771,1.5489,-0.1318,0.2274,1.5496,-0.1446,0.2000,1,1
1.7166,-0.0070,0.8058,-0.2415,-0.0012,2.1092,0.1629,0.3659,0.3924,0.1704,-0.4399,2.1092,0.1629,0.3659,2.1102,0.1300,0.4000,1,1,2.0616,-0.1929,0.4230,0.3452,-0.1855,-0.3828,2.0616,-0.1929,0.4230,2.1928,-0.1450,0.4000,0,1,1.5335,0.1494,0.2886,-0.1833,0.1562,-0.5172,1.5335,0.1494,0.2886,1.6346,0.1307,0.2000,0,1,1.5489,-0.1318,0.2274,-0.1676,-0.1250,-0.5784,1.5489,-0.1318,0.2274,1.5512,-0.1443,0.2000,1,1
1.7203,-0.0070,0.8069,-0.2430,-0.0027,2.1089,0.1629,0.3664,0.3881,0.1709,-0.4405,2.1089,0.1629,0.3664,2.1121,0.1295,0.4000,1,1,2.0630,-0.1953,0.4212,0.3432,-0.1874,-0.3857,2.0630,-0.1953,0.4212,2.1964,-0.1455,0.4000,0,1,1.5437,0.1494,0.2851,-0.1770,0.1559,-0.5218,1.5437,0.1494,0.2851,1.6385,0.1310,0.2000,0,1,1.5490,-0.1318,0.2274,-0.1710,-0.1253,-0.5795,1.5490,-0.1318,0.2274,1.5528,-0.1440,0.2000,1,1
1.7240,-0.0068,0.8080,-0.2443,-0.0041,2.1089,0.1629,0.3666,0.3842,0.1713,-0.4414,2.1089,0.1629,0.3666,2.1140,0.1292,0.4000,1,1,2.0684,-0.1970,0.4141,0.3452,-0.1888,-0.3939,2.0684,-0.1970,0.4141,2.1999,-0.1458,0.4000,0,1,1.5534,0.1489,0.2786,-0.1712,0.1550,-0.5294,1.5534,0.1489,0.2786,1.6424,0.1315,0.2000,0,1,1.5490,-0.1318,0.2274,-0.1745,-0.1257,-0.5806,1.5490,-0.1318,0.2274,1.5543,-0.1435,0.2000,1,1
1.7277,-0.0065,0.8090,-0.2455,-0.0054,2.1088,0.1629,0.3668,0.3802,0.1715,-0.4422,2.1088,0.1629,0.3668,2.1159,0.1290,0.4000,1,1,2.0694,-0.1976,0.4091,0.3427,-0.1893,-0.3999,2.0694,-0.1976,0.4091,2.2034,-0.1460,0.4000,0,1,1.5628,0.1480,0.2699,-0.1657,0.1536,-0.5391,1.5628,0.1480,0.2699,1.6463,0.1320,0.2000,0,1,1.5490,-0.1318,0.2274,-0.1780,-0.1263,-0.5816,1.5490,-0.1318,0.2274,1.5558,-0.1430,0.2000,1,1
1.7315,-0.0061,0.8099,-0.2467,-0.0064,2.1087,0.1629,0.3671,0.3761,0.1714,-0.4428,2.1087,0.1629,0.3671,2.1177,0.1290,0.4000,1,1,2.0753,-0.1976,0.4028,0.3450,-0.1893,-0.4071,2.0753,-0.1976,0.4028,2.2070,-0.1460,0.4000,0,1,1.5723,0.1467,0.2611,-0.1602,0.1518,-0.5488,1.5723,0.1467,0.2611,1.6501,0.1325,0.2000,0,1,1.5490,-0.1318,0.2274,-0.1817,-0.1269,-0.5825,1.5490,-0.1318,0.2274,1.5574,-0.1425,0.2000,1,1
1.7353,-0.0057,0.8109,-0.2487,-0.0075,2.1081,0.1628,0.3688,0.3715,0.1713,-0.4421,2.1081,0.1628,0.3688,2.1197,0.1290,0.4000,1,1,2.0695,-0.1966,0.4087,0.3356,-0.1884,-0.4022,2.0695,-0.1966,0.4087,2.2106,-0.1460,0.4000,0,1,1.5806,0.1452,0.2569,-0.1558,0.1497,-0.5540,1.5806,0.1452,0.2569,1.6541,0.1332,0.2000,0,1,1.5489,-0.1317,0.2274,-0.1854,-0.1274,-0.5835,1.5489,-0.1317,0.2274,1.5590,-0.1418,0.2000,1,1
1.7391,-0.0051,0.8121,-0.2508,-0.0089,2.1076,0.1628,0.3701,0.3670,0.1712,-0.4420,2.1076,0.1628,0.3701,2.1217,0.1290,0.4000,1,1,2.0642,-0.1951,0.3989,0.3268,-0.1871,-0.4132,2.0642,-0.1951,0.3989,2.2143,-0.1460,0.4000,0,1,1.5914,0.1438,0.2477,-0.1490,0.1476,-0.5644,1.5914,0.1438,0.2477,1.6581,0.1340,0.2000,0,1,1.5490,-0.1316,0.2273,-0.1890,-0.1282,-0.5848,1.5490,-0.1316,0.2273,1.5607,-0.1410,0.2000,1,1
1.7429,-0.0045,0.8133,-0.2529,-0.0107,2.1075,0.1629,0.3704,0.3628,0.1713,-0.4429,2.1075,0.1629,0.3704,2.1237,0.1290,0.4000,1,1,2.0741,-0.1919,0.3921,0.3332,-0.1838,-0.4212,2.0741,-0.1919,0.3921,2.2178,-0.1460,0.4000,0,1,1.5915,0.1410,0.2495,-0.1529,0.1439,-0.5638,1.5915,0.1410,0.2495,1.6222,0.0949,0.2000,0,1,1.5490,-0.1316,0.2274,-0.1925,-0.1292,-0.5859,1.5490,-0.1316,0.2274,1.5622,-0.1400,0.2000,1,1
1.7465,-0.0039,0.8147,-0.2545,-0.0127,2.1070,0.1626,0.3724,0.3584,0.1711,-0.4423,2.1070,0.1626,0.3724,2.1256,0.1288,0.4000,1,1,2.0910,-0.1841,0.3882,0.3468,-0.1758,-0.4265,2.0910,-0.1841,0.3882,2.2211,-0.1462,0.4000,0,1,1.5948,0.1365,0.2386,-0.1535,0.1385,-0.5761,1.5948,0.1365,0.2386,1.6260,0.0959,0.2000,0,1,1.5490,-0.1317,0.2274,-0.1959,-0.1303,-0.5873,1.5490,-0.1317,0.2274,1.5635,-0.1391,0.2000,1,1
1.7498,-0.0033,0.8162,-0.2552,-0.0152,2.1141,0.1627,0.3795,0.3617,0.1715,-0.4367,2.1141,0.1627,0.3795,2.2282,0.1285,0.4000,0,1,2.1015,-0.1804,0.3855,0.3544,-0.1717,-0.4307,2.1015,-0.1804,0.3855,2.1581,-0.1465,0.4000,1,1,1.5895,0.1347,0.2392,-0.1624,0.1355,-0.5770,1.5895,0.1347,0.2392,1.6037,0.1369,0.2000,1,1,1.5538,-0.1317,0.2290,-0.1940,-0.1314,-0.5872,1.5538,-0.1317,0.2290,1.6255,-0.1780,0.2000,0,1
1.7531,-0.0028,0.8177,-0.2565,-0.0172,2.1351,0.1638,0.3904,0.3791,0.1731,-0.4273,2.1351,0.1638,0.3904,2.2318,0.1282,0.4000,0,1,2.1016,-0.1803,0.3856,0.3515,-0.1715,-0.4321,2.1016,-0.1803,0.3856,2.1591,-0.1468,0.4000,1,1,1.5895,0.1348,0.2394,-0.1659,0.1348,-0.5783,1.5895,0.1348,0.2394,1.6053,0.1378,0.2000,1,1,1.5659,-0.1327,0.2352,-0.1849,-0.1331,-0.5825,1.5659,-0.1327,0.2352,1.6286,-0.1771,0.2000,0,1
1.7565,-0.0024,0.8192,-0.2584,-0.0188,2.1502,0.1649,0.4040,0.3905,0.1747,-0.4152,2.1502,0.1649,0.4040,2.2354,0.1280,0.4000,0,1,2.1015,-0.1804,0.3856,0.3483,-0.1715,-0.4336,2.1015,-0.1804,0.3856,2.1602,-0.1469,0.4000,1,1,1.5894,0.1347,0.2393,-0.1696,0.1339,-0.5799,1.5894,0.1347,0.2393,1.6069,0.1385,0.2000,1,1,1.5771,-0.1342,0.2455,-0.1769,-0.1351,-0.5737,1.5771,-0.1342,0.2455,1.6317,-0.1764,0.2000,0,1
1.7599,-0.0021,0.8206,-0.2606,-0.0201,2.1651,0.1659,0.4154,0.4017,0.1761,-0.4052,2.1651,0.1659,0.4154,2.2389,0.1278,0.4000,0,1,2.1015,-0.1805,0.3856,0.3451,-0.1715,-0.4350,2.1015,-0.1805,0.3856,2.1614,-0.1471,0.4000,1,1,1.5889,0.1347,0.2400,-0.1737,0.1333,-0.5806,1.5889,0.1347,0.2400,1.6085,0.1391,0.2000,1,1,1.5883,-0.1361,0.2575,-0.1689,-0.1374,-0.5631,1.5883,-0.1361,0.2575,1.6349,-0.1759,0.2000,0,1
1.7632,-0.0019,0.8220,-0.2625,-0.0210,2.1780,0.1668,0.4283,0.4112,0.1774,-0.3937,2.1780,0.1668,0.4283,2.2424,0.1277,0.4000,0,1,2.1015,-0.1805,0.3855,0.3420,-0.1715,-0.4365,2.1015,-0.1805,0.3855,2.1626,-0.1472,0.4000,1,1,1.5884,0.1347,0.2404,-0.1776,0.1329,-0.5816,1.5884,0.1347,0.2404,1.6099,0.1395,0.2000,1,1,1.5984,-0.1381,0.2703,-0.1619,-0.1396,-0.5517,1.5984,-0.1381,0.2703,1.6381,-0.1755,0.2000,0,1
1.7665,-0.0017,0.8232,-0.2640,-0.0217,2.1889,0.1673,0.4410,0.4186,0.1781,-0.3822,2.1889,0.1673,0.4410,2.2458,0.1276,0.4000,0,1,2.1014,-0.1805,0.3855,0.3387,-0.1715,-0.4377,2.1014,-0.1805,0.3855,2.1638,-0.1474,0.4000,1,1,1.5884,0.1347,0.2405,-0.1810,0.1325,-0.5827,1.5884,0.1347,0.2405,1.6113,0.1397,0.2000,1,1,1.6071,-0.1400,0.2828,-0.1564,-0.1417,-0.5404,1.6071,-0.1400,0.2828,1.6414,-0.1753,0.2000,0,1
1.7698,-0.0017,0.8243,-0.2647,-0.0221,2.1982,0.1675,0.4521,0.4246,0.1786,-0.3722,2.1982,0.1675,0.4521,2.2491,0.1274,0.4000,0,1,2.1014,-0.1804,0.3855,0.3355,-0.1713,-0.4388,2.1014,-0.1804,0.3855,2.1650,-0.1475,0.4000,1,1,1.5884,0.1348,0.2405,-0.1844,0.1325,-0.5838,1.5884,0.1348,0.2405,1.6126,0.1398,0.2000,1,1,1.6143,-0.1418,0.2939,-0.1524,-0.1435,-0.5304,1.6143,-0.1418,0.2939,1.6446,-0.1752,0.2000,0,1
1.7730,-0.0018,0.8252,-0.2648,-0.0223,2.2061,0.1674,0.4603,0.4292,0.1788,-0.3649,2.2061,0.1674,0.4603,2.2523,0.1273,0.4000,0,1,2.1015,-0.1804,0.3855,0.3324,-0.1712,-0.4397,2.1015,-0.1804,0.3855,2.1662,-0.1476,0.4000,1,1,1.5884,0.1348,0.2405,-0.1876,0.1324,-0.5847,1.5884,0.1348,0.2405,1.6139,0.1398,0.2000,1,1,1.6201,-0.1433,0.3020,-0.1497,-0.1449,-0.5232,1.6201,-0.1433,0.3020,1.6477,-0.1752,0.2000,0,1
1.7762,-0.0019,0.8259,-0.2643,-0.0223,2.2130,0.1670,0.4643,0.4329,0.1786,-0.3616,2.2130,0.1670,0.4643,2.2556,0.1272,0.4000,0,1,2.1015,-0.1804,0.3855,0.3292,-0.1712,-0.4404,2.1015,-0.1804,0.3855,2.1674,-0.1478,0.4000,1,1,1.5884,0.1348,0.2405,-0.1908,0.1325,-0.5854,1.5884,0.1348,0.2405,1.6151,0.1396,0.2000,1,1,1.6247,-0.1444,0.3060,-0.1483,-0.1458,-0.5199,1.6247,-0.1444,0.3060,1.6510,-0.1753,0.2000,0,1
1.7794,-0.0021,0.8266,-0.2631,-0.0222,2.2184,0.1665,0.4632,0.4351,0.1783,-0.3634,2.2184,0.1665,0.4632,2.2588,0.1270,0.4000,0,1,2.1015,-0.1804,0.3855,0.3260,-0.1711,-0.4411,2.1015,-0.1804,0.3855,2.1687,-0.1479,0.4000,1,1,1.5884,0.1348,0.2405,-0.1940,0.1326,-0.5861,1.5884,0.1348,0.2405,1.6163,0.1394,0.2000,1,1,1.6282,-0.1452,0.3047,-0.1480,-0.1464,-0.5219,1.6282,-0.1452,0.3047,1.6542,-0.1755,0.2000,0,1
1.7827,-0.0023,0.8271,-0.2613,-0.0218,2.2239,0.1660,0.4583,0.4374,0.1779,-0.3688,2.2239,0.1660,0.4583,2.2619,0.1269,0.4000,0,1,2.1015,-0.1804,0.3856,0.3226,-0.1711,-0.4415,2.1015,-0.1804,0.3856,2.1700,-0.1480,0.4000,1,1,1.5885,0.1348,0.2405,-0.1971,0.1328,-0.5866,1.5885,0.1348,0.2405,1.6175,0.1391,0.2000,1,1,1.6325,-0.1456,0.2991,-0.1470,-0.1465,-0.5280,1.6325,-0.1456,0.2991,1.7375,-0.1758,0.3000,0,1
1.7861,-0.0027,0.8275,-0.2596,-0.0209,2.2248,0.1655,0.4505,0.4351,0.1773,-0.3770,2.2248,0.1655,0.4505,2.2653,0.1269,0.4000,0,1,2.1015,-0.1804,0.3856,0.3190,-0.1711,-0.4419,2.1015,-0.1804,0.3856,2.1715,-0.1480,0.4000,1,1,1.5885,0.1348,0.2405,-0.2004,0.1333,-0.5870,1.5885,0.1348,0.2405,1.6188,0.1386,0.2000,1,1,1.6416,-0.1460,0.2937,-0.1415,-0.1463,-0.5338,1.6416,-0.1460,0.2937,1.7411,-0.1764,0.3000,0,1
1.7898,-0.0032,0.8280,-0.2580,-0.0192,2.2257,0.1650,0.4409,0.4326,0.1765,-0.3871,2.2257,0.1650,0.4409,2.2688,0.1270,0.4000,0,1,2.1015,-0.1804,0.3856,0.3150,-0.1712,-0.4424,2.1015,-0.1804,0.3856,2.1735,-0.1479,0.4000,1,1,1.5885,0.1349,0.2405,-0.2039,0.1342,-0.5875,1.5885,0.1349,0.2405,1.6203,0.1378,0.2000,1,1,1.6517,-0.1466,0.2867,-0.1353,-0.1460,-0.5413,1.6517,-0.1466,0.2867,1.7450,-0.1772,0.3000,0,1
1.7938,-0.0038,0.8287,-0.2562,-0.0169,2.2234,0.1640,0.4311,0.4267,0.1750,-0.3976,2.2234,0.1640,0.4311,2.2724,0.1273,0.4000,0,1,2.1016,-0.1803,0.3856,0.3107,-0.1713,-0.4431,2.1016,-0.1803,0.3856,2.1758,-0.1477,0.4000,1,1,1.5885,0.1349,0.2405,-0.2076,0.1352,-0.5882,1.5885,0.1349,0.2405,1.6219,0.1367,0.2000,1,1,1.6610,-0.1467,0.2818,-0.1304,-0.1451,-0.5469,1.6610,-0.1467,0.2818,1.7492,-0.1782,0.3000,0,1
1.7980,-0.0046,0.8296,-0.2541,-0.0139,2.2203,0.1631,0.4216,0.4199,0.1736,-0.4080,2.2203,0.1631,0.4216,2.2762,0.1277,0.4000,0,1,2.1016,-0.1803,0.3856,0.3060,-0.1715,-0.4440,2.1016,-0.1803,0.3856,2.1784,-0.1473,0.4000,1,1,1.5886,0.1349,0.2405,-0.2113,0.1366,-0.5891,1.5886,0.1349,0.2405,1.6237,0.1354,0.2000,1,1,1.6738,-0.1468,0.2775,-0.1222,-0.1439,-0.5521,1.6738,-0.1468,0.2775,1.7539,-0.1796,0.3000,0,1
1.8025,-0.0055,0.8306,-0.2516,-0.0102,2.2197,0.1624,0.4143,0.4155,0.1721,-0.4163,2.2197,0.1624,0.4143,2.2802,0.1281,0.4000,0,1,2.1016,-0.1803,0.3856,0.3009,-0.1717,-0.4450,2.1016,-0.1803,0.3856,2.1814,-0.1468,0.4000,1,1,1.5886,0.1349,0.2405,-0.2153,0.1382,-0.5901,1.5886,0.1349,0.2405,1.6257,0.1339,0.2000,1,1,1.6854,-0.1465,0.2744,-0.1157,-0.1422,-0.5562,1.6854,-0.1465,0.2744,1.7589,-0.1811,0.3000,0,1
1.8074,-0.0066,0.8320,-0.2491,-0.0059,2.2290,0.1623,0.4075,0.4206,0.1714,-0.4245,2.2290,0.1623,0.4075,2.2846,0.1287,0.4000,0,1,2.1016,-0.1802,0.3856,0.2952,-0.1719,-0.4464,2.1016,-0.1802,0.3856,2.1849,-0.1463,0.4000,1,1,1.5885,0.1350,0.2406,-0.2197,0.1403,-0.5914,1.5885,0.1350,0.2406,1.6280,0.1320,0.2000,1,1,1.7036,-0.1448,0.2659,-0.1030,-0.1388,-0.5661,1.7036,-0.1448,0.2659,1.7644,-0.1830,0.3000,0,1
1.8127,-0.0078,0.8337,-0.2451,-0.0009,2.2468,0.1658,0.4028,0.4339,0.1740,-0.4309,2.2468,0.1658,0.4028,2.2242,0.1293,0.4000,1,1,2.1014,-0.1800,0.3855,0.2889,-0.1719,-0.4482,2.1014,-0.1800,0.3855,2.2890,-0.1457,0.4000,0,1,1.5882,0.1352,0.2408,-0.2246,0.1428,-0.5929,1.5882,0.1352,0.2408,1.7706,0.0899,0.3000,0,1,1.7121,-0.1439,0.2752,-0.1005,-0.1362,-0.5585,1.7121,-0.1439,0.2752,1.6654,-0.1451,0.2000,1,1
1.8184,-0.0091,0.8356,-0.2421,0.0040,2.2467,0.1656,0.4033,0.4290,0.1730,-0.4323,2.2467,0.1656,0.4033,2.2272,0.1299,0.4000,1,1,2.1215,-0.1797,0.3903,0.3024,-0.1718,-0.4453,2.1215,-0.1797,0.3903,2.2953,-0.1451,0.4000,0,1,1.6015,0.1350,0.2451,-0.2163,0.1450,-0.5905,1.6015,0.1350,0.2451,1.7756,0.0877,0.3000,0,1,1.7149,-0.1440,0.2730,-0.1040,-0.1345,-0.5626,1.7149,-0.1440,0.2730,1.6697,-0.1473,0.2000,1,1
1.8240,-0.0102,0.8373,-0.2417,0.0081,2.2466,0.1657,0.4035,0.4240,0.1725,-0.4338,2.2466,0.1657,0.4035,2.2303,0.1303,0.4000,1,1,2.1419,-0.1808,0.4013,0.3165,-0.1732,-0.4360,2.1419,-0.1808,0.4013,2.3015,-0.1447,0.4000,0,1,1.6162,0.1343,0.2534,-0.2066,0.1462,-0.5839,1.6162,0.1343,0.2534,1.7407,0.1258,0.3000,0,1,1.7146,-0.1439,0.2732,-0.1105,-0.1328,-0.5641,1.7146,-0.1439,0.2732,1.6339,-0.1892,0.2000,1,1
1.8296,-0.0112,0.8390,-0.2422,0.0115,2.2464,0.1659,0.4035,0.4188,0.1723,-0.4355,2.2464,0.1659,0.4035,2.2333,0.1307,0.4000,1,1,2.1614,-0.1826,0.4131,0.3298,-0.1752,-0.4259,2.1614,-0.1826,0.4131,2.3075,-0.1443,0.4000,0,1,1.6300,0.1340,0.2648,-0.1979,0.1475,-0.5742,1.6300,0.1340,0.2648,1.7458,0.1242,0.3000,0,1,1.7133,-0.1438,0.2742,-0.1178,-0.1313,-0.5648,1.7133,-0.1438,0.2742,1.6380,-0.1908,0.2000,1,1
1.8349,-0.0119,0.8407,-0.2430,0.0144,2.2463,0.1661,0.4036,0.4139,0.1721,-0.4371,2.2463,0.1661,0.4036,2.2363,0.1310,0.4000,1,1,2.1790,-0.1843,0.4258,0.3416,-0.1773,-0.4149,2.1790,-0.1843,0.4258,2.3133,-0.1439,0.4000,0,1,1.6425,0.1342,0.2777,-0.1903,0.1489,-0.5630,1.6425,0.1342,0.2777,1.7507,0.1230,0.3000,0,1,1.7107,-0.1437,0.2765,-0.1261,-0.1300,-0.5642,1.7107,-0.1437,0.2765,1.6417,-0.1920,0.2000,1,1
1.8400,-0.0124,0.8422,-0.2436,0.0168,2.2462,0.1662,0.4036,0.4091,0.1718,-0.4386,2.2462,0.1662,0.4036,2.2391,0.1314,0.4000,1,1,2.1946,-0.1856,0.4389,0.3516,-0.1791,-0.4033,2.1946,-0.1856,0.4389,2.3187,-0.1436,0.4000,0,1,1.6539,0.1346,0.2909,-0.1836,0.1501,-0.5513,1.6539,0.1346,0.2909,1.7556,0.1220,0.3000,0,1,1.7101,-0.1436,0.2771,-0.1321,-0.1290,-0.5651,1.7101,-0.1436,0.2771,1.6452,-0.1930,0.2000,1,1
1.8450,-0.0127,0.8435,-0.2442,0.0187,2.2463,0.1663,0.4036,0.4046,0.1715,-0.4399,2.2463,0.1663,0.4036,2.2418,0.1318,0.4000,1,1,2.2085,-0.1862,0.4510,0.3602,-0.1803,-0.3925,2.2085,-0.1862,0.4510,2.3239,-0.1432,0.4000,0,1,1.6643,0.1352,0.3030,-0.1779,0.1513,-0.5405,1.6643,0.1352,0.3030,1.7603,0.1213,0.3000,0,1,1.7100,-0.1436,0.2772,-0.1374,-0.1284,-0.5663,1.7100,-0.1436,0.2772,1.6484,-0.1936,0.2000,1,1
1.8498,-0.0128,0.8446,-0.2445,0.0202,2.2463,0.1663,0.4036,0.4000,0.1711,-0.4410,2.2463,0.1663,0.4036,2.2443,0.1322,0.4000,1,1,2.2210,-0.1860,0.4608,0.3676,-0.1807,-0.3838,2.2210,-0.1860,0.4608,2.3289,-0.1427,0.4000,0,1,1.6739,0.1357,0.3128,-0.1729,0.1520,-0.5318,1.6739,0.1357,0.3128,1.7649,0.1209,0.3000,0,1,1.7100,-0.1436,0.2772,-0.1424,-0.1279,-0.5674,1.7100,-0.1436,0.2772,1.6514,-0.1940,0.2000,1,1
1.8545,-0.0128,0.8456,-0.2445,0.0212,2.2463,0.1663,0.4037,0.3955,0.1708,-0.4419,2.2463,0.1663,0.4037,2.2468,0.1327,0.4000,1,1,2.2326,-0.1852,0.4670,0.3744,-0.1804,-0.3786,2.2326,-0.1852,0.4670,2.3337,-0.1423,0.4000,0,1,1.6825,0.1361,0.3190,-0.1688,0.1525,-0.5266,1.6825,0.1361,0.3190,1.7694,0.1208,0.3000,0,1,1.7100,-0.1436,0.2772,-0.1472,-0.1277,-0.5684,1.7100,-0.1436,0.2772,1.6542,-0.1941,0.2000,1,1
1.8590,-0.0126,0.8463,-0.2443,0.0219,2.2463,0.1662,0.4037,0.3911,0.1703,-0.4426,2.2463,0.1662,0.4037,2.2493,0.1331,0.4000,1,1,2.2431,-0.1838,0.4686,0.3803,-0.1796,-0.3777,2.2431,-0.1838,0.4686,2.3383,-0.1418,0.4000,0,1,1.6904,0.1365,0.3204,-0.1653,0.1528,-0.5259,1.6904,0.1365,0.3204,1.7738,0.1209,0.3000,0,1,1.7101,-0.1436,0.2772,-0.1517,-0.1277,-0.5691,1.7101,-0.1436,0.2772,1.6568,-0.1940,0.2000,1,1
1.8634,-0.0122,0.8469,-0.2437,0.0222,2.2463,0.1663,0.4037,0.3868,0.1700,-0.4432,2.2463,0.1663,0.4037,2.2516,0.1336,0.4000,1,1,2.2552,-0.1819,0.4653,0.3879,-0.1784,-0.3816,2.2552,-0.1819,0.4653,2.3428,-0.1413,0.4000,0,1,1.6955,0.1371,0.3179,-0.1645,0.1530,-0.5290,1.6955,0.1371,0.3179,1.7782,0.1212,0.3000,0,1,1.7100,-0.1436,0.2772,-0.1563,-0.1280,-0.5697,1.7100,-0.1436,0.2772,1.7393,-0.1937,0.3000,1,1
1.8676,-0.0116,0.8475,-0.2421,0.0222,2.2463,0.1663,0.4037,0.3826,0.1694,-0.4438,2.2463,0.1663,0.4037,2.2539,0.1342,0.4000,1,1,2.2631,-0.1795,0.4592,0.3917,-0.1766,-0.3883,2.2631,-0.1795,0.4592,2.3470,-0.1407,0.4000,0,1,1.6966,0.1388,0.3155,-0.1676,0.1542,-0.5320,1.6966,0.1388,0.3155,1.7824,0.1218,0.3000,0,1,1.7101,-0.1436,0.2772,-0.1604,-0.1285,-0.5703,1.7101,-0.1436,0.2772,1.7415,-0.1931,0.3000,1,1
1.8718,-0.0108,0.8481,-0.2396,0.0219,2.2464,0.1662,0.4038,0.3784,0.1688,-0.4443,2.2464,0.1662,0.4038,2.2561,0.1349,0.4000,1,1,2.2742,-0.1762,0.4513,0.3987,-0.1742,-0.3968,2.2742,-0.1762,0.4513,2.3511,-0.1401,0.4000,0,1,1.6986,0.1404,0.3133,-0.1698,0.1550,-0.5348,1.6986,0.1404,0.3133,1.7866,0.1226,0.3000,0,1,1.7102,-0.1437,0.2772,-0.1645,-0.1293,-0.5709,1.7102,-0.1437,0.2772,1.7436,-0.1923,0.3000,1,1
1.8759,-0.0099,0.8488,-0.2368,0.0212,2.2466,0.1661,0.4039,0.3743,0.1681,-0.4449,2.2466,0.1661,0.4039,2.2583,0.1355,0.4000,1,1,2.2821,-0.1724,0.4429,0.4027,-0.1711,-0.4059,2.2821,-0.1724,0.4429,2.3551,-0.1394,0.4000,0,1,1.7011,0.1419,0.3113,-0.1715,0.1555,-0.5375,1.7011,0.1419,0.3113,1.7908,0.1237,0.3000,0,1,1.7104,-0.1437,0.2772,-0.1683,-0.1303,-0.5716,1.7104,-0.1437,0.2772,1.7456,-0.1913,0.3000,1,1
1.8800,-0.0088,0.8495,-0.2342,0.0202,2.2467,0.1660,0.4039,0.3702,0.1674,-0.4456,2.2467,0.1660,0.4039,2.2606,0.1362,0.4000,1,1,2.2901,-0.1684,0.4361,0.4068,-0.1679,-0.4134,2.2901,-0.1684,0.4361,2.3191,-0.1787,0.4000,0,1,1.7069,0.1428,0.3095,-0.1700,0.1551,-0.5400,1.7069,0.1428,0.3095,1.7951,0.1250,0.3000,0,1,1.7106,-0.1438,0.2772,-0.1721,-0.1316,-0.5723,1.7106,-0.1438,0.2772,1.7476,-0.1900,0.3000,1,1
1.8842,-0.0076,0.8504,-0.2319,0.0184,2.2467,0.1660,0.4040,0.3656,0.1669,-0.4464,2.2467,0.1660,0.4040,2.2630,0.1368,0.4000,1,1,2.2894,-0.1655,0.4257,0.4022,-0.1653,-0.4247,2.2894,-0.1655,0.4257,2.3231,-0.1781,0.4000,0,1,1.7047,0.1434,0.3023,-0.1767,0.1543,-0.5481,1.7047,0.1434,0.3023,1.7995,0.1265,0.3000,0,1,1.7105,-0.1438,0.2772,-0.1762,-0.1330,-0.5732,1.7105,-0.1438,0.2772,1.7496,-0.1884,0.3000,1,1
1.8884,-0.0063,0.8512,-0.2298,0.0159,2.2468,0.1660,0.4039,0.3611,0.1666,-0.4473,2.2468,0.1660,0.4039,2.2655,0.1372,0.4000,1,1,2.2880,-0.1627,0.4186,0.3971,-0.1627,-0.4326,2.2880,-0.1627,0.4186,2.3269,-0.1778,0.4000,0,1,1.7278,0.1436,0.2944,-0.1582,0.1524,-0.5568,1.7278,0.1436,0.2944,1.8040,0.1283,0.3000,0,1,1.7106,-0.1438,0.2772,-0.1800,-0.1347,-0.5740,1.7106,-0.1438,0.2772,1.6314,-0.2267,0.2000,1,1
1.8925,-0.0049,0.8522,-0.2275,0.0129,2.2466,0.1659,0.4037,0.3563,0.1662,-0.4485,2.2466,0.1659,0.4037,2.2681,0.1374,0.4000,1,1,2.2875,-0.1608,0.4119,0.3930,-0.1610,-0.4403,2.2875,-0.1608,0.4119,2.3306,-0.1775,0.4000,0,1,1.7513,0.1423,0.2963,-0.1393,0.1490,-0.5559,1.7513,0.1423,0.2963,1.8085,0.1303,0.3000,0,1,1.7104,-0.1440,0.2773,-0.1839,-0.1367,-0.5749,1.7104,-0.1440,0.2773,1.6331,-0.2247,0.2000,1,1
1.8968,-0.0034,0.8534,-0.2249,0.0092,2.2537,0.1647,0.4055,0.3584,0.1648,-0.4479,2.2537,0.1647,0.4055,2.3317,0.0975,0.4000,0,1,2.2907,-0.1601,0.4089,0.3924,-0.1603,-0.4445,2.2907,-0.1601,0.4089,2.3083,-0.1375,0.4000,1,1,1.7656,0.1398,0.2937,-0.1299,0.1444,-0.5597,1.7656,0.1398,0.2937,1.7871,0.0923,0.3000,1,1,1.7120,-0.1455,0.2790,-0.1861,-0.1404,-0.5744,1.7120,-0.1455,0.2790,1.8157,-0.1427,0.3000,0,1
1.9007,-0.0023,0.8546,-0.2238,0.0062,2.2657,0.1637,0.4118,0.3660,0.1637,-0.4428,2.2657,0.1637,0.4118,2.3362,0.0976,0.4000,0,1,2.2907,-0.1602,0.4089,0.3890,-0.1603,-0.4457,2.2907,-0.1602,0.4089,2.3099,-0.1374,0.4000,1,1,1.7656,0.1397,0.2938,-0.1342,0.1428,-0.5608,1.7656,0.1397,0.2938,1.7496,0.1341,0.3000,1,1,1.7153,-0.1480,0.2851,-0.1863,-0.1445,-0.5695,1.7153,-0.1480,0.2851,1.8193,-0.1409,0.3000,0,1
1.9046,-0.0013,0.8559,-0.2232,0.0033,2.2786,0.1635,0.4217,0.3745,0.1636,-0.4342,2.2786,0.1635,0.4217,2.3405,0.0975,0.4000,0,1,2.2906,-0.1604,0.4089,0.3855,-0.1604,-0.4470,2.2906,-0.1604,0.4089,2.3114,-0.1375,0.4000,1,1,1.7634,0.1395,0.2958,-0.1407,0.1413,-0.5601,1.7634,0.1395,0.2958,1.7519,0.1356,0.3000,1,1,1.7087,-0.1514,0.2954,-0.1964,-0.1495,-0.5605,1.7087,-0.1514,0.2954,1.8228,-0.1394,0.3000,0,1
1.9084,-0.0005,0.8573,-0.2228,0.0007,2.2906,0.1635,0.4338,0.3823,0.1637,-0.4235,2.2906,0.1635,0.4338,2.3447,0.0973,0.4000,0,1,2.2906,-0.1605,0.4090,0.3821,-0.1603,-0.4483,2.2906,-0.1605,0.4090,2.3129,-0.1377,0.4000,1,1,1.7597,0.1394,0.2996,-0.1486,0.1400,-0.5577,1.7597,0.1394,0.2996,1.7541,0.1369,0.3000,1,1,1.7029,-0.1547,0.3075,-0.2056,-0.1541,-0.5498,1.7029,-0.1547,0.3075,1.8263,-0.1381,0.3000,0,1
1.9121,0.0001,0.8587,-0.2226,-0.0016,2.3012,0.1635,0.4470,0.3888,0.1640,-0.4117,2.3012,0.1635,0.4470,2.3487,0.0970,0.4000,0,1,2.2908,-0.1605,0.4090,0.3790,-0.1600,-0.4497,2.2908,-0.1605,0.4090,2.3142,-0.1380,0.4000,1,1,1.7597,0.1393,0.2998,-0.1526,0.1390,-0.5589,1.7597,0.1393,0.2998,1.7561,0.1379,0.3000,1,1,1.7064,-0.1572,0.3206,-0.2054,-0.1576,-0.5381,1.7064,-0.1572,0.3206,1.8296,-0.1371,0.3000,0,1
1.9157,0.0005,0.8602,-0.2227,-0.0035,2.3102,0.1633,0.4598,0.3939,0.1642,-0.4004,2.3102,0.1633,0.4598,2.3525,0.0967,0.4000,0,1,2.2909,-0.1606,0.4091,0.3758,-0.1598,-0.4511,2.2909,-0.1606,0.4091,2.3156,-0.1383,0.4000,1,1,1.7583,0.1393,0.3012,-0.1579,0.1382,-0.5590,1.7583,0.1393,0.3012,1.7579,0.1387,0.3000,1,1,1.7142,-0.1589,0.3333,-0.2009,-0.1601,-0.5269,1.7142,-0.1589,0.3333,1.8330,-0.1363,0.3000,0,1
1.9192,0.0007,0.8615,-0.2230,-0.0051,2.3180,0.1628,0.4709,0.3980,0.1641,-0.3906,2.3180,0.1628,0.4709,2.3563,0.0963,0.4000,0,1,2.2909,-0.1606,0.4091,0.3725,-0.1594,-0.4524,2.2909,-0.1606,0.4091,2.3169,-0.1387,0.4000,1,1,1.7565,0.1393,0.3032,-0.1634,0.1378,-0.5583,1.7565,0.1393,0.3032,1.7597,0.1392,0.3000,1,1,1.7239,-0.1600,0.3444,-0.1945,-0.1617,-0.5171,1.7239,-0.1600,0.3444,1.8363,-0.1358,0.3000,0,1
1.9226,0.0008,0.8628,-0.2231,-0.0064,2.3251,0.1619,0.4791,0.4015,0.1637,-0.3837,2.3251,0.1619,0.4791,2.4399,0.0959,0.5000,0,1,2.2909,-0.1606,0.4091,0.3693,-0.1590,-0.4537,2.2909,-0.1606,0.4091,2.3181,-0.1391,0.4000,1,1,1.7564,0.1393,0.3033,-0.1671,0.1374,-0.5595,1.7564,0.1393,0.3033,1.7613,0.1395,0.3000,1,1,1.7323,-0.1608,0.3525,-0.1893,-0.1628,-0.5103,1.7323,-0.1608,0.3525,1.8395,-0.1355,0.3000,0,1
1.9260,0.0006,0.8638,-0.2232,-0.0076,2.3334,0.1606,0.4830,0.4062,0.1631,-0.3808,2.3334,0.1606,0.4830,2.4435,0.0953,0.5000,0,1,2.2909,-0.1606,0.4091,0.3661,-0.1584,-0.4547,2.2909,-0.1606,0.4091,2.3194,-0.1397,0.4000,1,1,1.7564,0.1392,0.3033,-0.1706,0.1373,-0.5605,1.7564,0.1392,0.3033,1.7629,0.1395,0.3000,1,1,1.7387,-0.1614,0.3565,-0.1861,-0.1634,-0.5073,1.7387,-0.1614,0.3565,1.8428,-0.1355,0.3000,0,1
1.9294,0.0003,0.8648,-0.2231,-0.0087,2.3420,0.1589,0.4820,0.4112,0.1622,-0.3828,2.3420,0.1589,0.4820,2.4470,0.0945,0.5000,0,1,2.2909,-0.1606,0.4091,0.3629,-0.1577,-0.4557,2.2909,-0.1606,0.4091,2.3206,-0.1404,0.4000,1,1,1.7563,0.1392,0.3034,-0.1743,0.1374,-0.5614,1.7563,0.1392,0.3034,1.7644,0.1394,0.3000,1,1,1.7439,-0.1618,0.3554,-0.1841,-0.1637,-0.5094,1.7439,-0.1618,0.3554,1.8460,-0.1356,0.3000,0,1
1.9328,-0.0002,0.8656,-0.2228,-0.0096,2.3509,0.1567,0.4770,0.4166,0.1609,-0.3886,2.3509,0.1567,0.4770,2.4505,0.0937,0.5000,0,1,2.2909,-0.1606,0.4091,0.3596,-0.1570,-0.4565,2.2909,-0.1606,0.4091,2.3219,-0.1413,0.4000,1,1,1.7564,0.1393,0.3034,-0.1777,0.1378,-0.5622,1.7564,0.1393,0.3034,1.7659,0.1390,0.3000,1,1,1.7475,-0.1620,0.3507,-0.1837,-0.1636,-0.5149,1.7475,-0.1620,0.3507,1.8493,-0.1359,0.3000,0,1
1.9362,-0.0009,0.8664,-0.2225,-0.0106,2.3579,0.1540,0.4710,0.4200,0.1594,-0.3954,2.3579,0.1540,0.4710,2.4540,0.0926,0.5000,0,1,2.2910,-0.1606,0.4092,0.3565,-0.1559,-0.4572,2.2910,-0.1606,0.4092,2.3231,-0.1424,0.4000,1,1,1.7564,0.1393,0.3034,-0.1813,0.1383,-0.5630,1.7564,0.1393,0.3034,1.7675,0.1385,0.3000,1,1,1.7502,-0.1618,0.3444,-0.1843,-0.1629,-0.5220,1.7502,-0.1618,0.3444,1.8526,-0.1365,0.3000,0,1
1.9397,-0.0018,0.8672,-0.2222,-0.0114,2.3670,0.1506,0.4615,0.4255,0.1573,-0.4057,2.3670,0.1506,0.4615,2.4576,0.0914,0.5000,0,1,2.2910,-0.1606,0.4092,0.3531,-0.1548,-0.4580,2.2910,-0.1606,0.4092,2.3245,-0.1436,0.4000,1,1,1.7564,0.1393,0.3034,-0.1849,0.1390,-0.5638,1.7564,0.1393,0.3034,1.7690,0.1378,0.3000,1,1,1.7474,-0.1612,0.3361,-0.1905,-0.1616,-0.5311,1.7474,-0.1612,0.3361,1.8559,-0.1372,0.3000,0,1
1.9432,-0.0029,0.8681,-0.2219,-0.0123,2.3737,0.1467,0.4569,0.4286,0.1549,-0.4112,2.3737,0.1467,0.4569,2.4612,0.0900,0.5000,0,1,2.2910,-0.1606,0.4092,0.3497,-0.1534,-0.4589,2.2910,-0.1606,0.4092,2.3258,-0.1450,0.4000,1,1,1.7565,0.1393,0.3033,-0.1884,0.1399,-0.5648,1.7565,0.1393,0.3033,1.7707,0.1369,0.3000,1,1,1.7465,-0.1604,0.3334,-0.1947,-0.1599,-0.5347,1.7465,-0.1604,0.3334,1.8593,-0.1381,0.3000,0,1
1.9467,-0.0041,0.8689,-0.2214,-0.0131,2.3813,0.1420,0.4473,0.4326,0.1518,-0.4216,2.3813,0.1420,0.4473,2.4648,0.0885,0.5000,0,1,2.2911,-0.1605,0.4093,0.3464,-0.1519,-0.4596,2.2911,-0.1605,0.4093,2.3272,-0.1465,0.4000,1,1,1.7566,0.1394,0.3033,-0.1920,0.1410,-0.5656,1.7566,0.1394,0.3033,1.7723,0.1358,0.3000,1,1,1.7479,-0.1591,0.3238,-0.1968,-0.1576,-0.5451,1.7479,-0.1591,0.3238,1.8627,-0.1392,0.3000,0,1
1.9502,-0.0054,0.8698,-0.2210,-0.0138,2.3912,0.1368,0.4413,0.4390,0.1483,-0.4285,2.3912,0.1368,0.4413,2.4685,0.0868,0.5000,0,1,2.2912,-0.1605,0.4093,0.3431,-0.1504,-0.4605,2.2912,-0.1605,0.4093,2.3287,-0.1481,0.4000,1,1,1.7566,0.1394,0.3033,-0.1956,0.1421,-0.5665,1.7566,0.1394,0.3033,1.7739,0.1346,0.3000,1,1,1.7506,-0.1570,0.3160,-0.1975,-0.1543,-0.5538,1.7506,-0.1570,0.3160,1.8661,-0.1404,0.3000,0,1
1.9539,-0.0069,0.8708,-0.2208,-0.0145,2.4086,0.1316,0.4403,0.4526,0.1451,-0.4305,2.4086,0.1316,0.4403,2.4722,0.0851,0.5000,0,1,2.2912,-0.1604,0.4093,0.3395,-0.1486,-0.4615,2.2912,-0.1604,0.4093,2.3302,-0.1499,0.4000,1,1,1.7567,0.1395,0.3034,-0.1993,0.1435,-0.5674,1.7567,0.1395,0.3034,1.7757,0.1332,0.3000,1,1,1.7505,-0.1539,0.3106,-0.2012,-0.1499,-0.5602,1.7505,-0.1539,0.3106,1.8697,-0.1418,0.3000,0,1
1.9576,-0.0086,0.8720,-0.2202,-0.0149,2.4345,0.1244,0.4379,0.4749,0.1401,-0.4341,2.4345,0.1244,0.4379,2.3710,0.1233,0.4000,1,1,2.2911,-0.1602,0.4092,0.3357,-0.1466,-0.4628,2.2911,-0.1602,0.4092,2.4719,-0.1917,0.5000,0,1,1.7564,0.1396,0.3035,-0.2034,0.1452,-0.5685,1.7564,0.1396,0.3035,1.8774,0.1316,0.3000,0,1,1.7516,-0.1479,0.3053,-0.2039,-0.1424,-0.5667,1.7516,-0.1479,0.3053,1.8083,-0.1433,0.3000,1,1
1.9613,-0.0102,0.8731,-0.2194,-0.0151,2.4343,0.1244,0.4380,0.4709,0.1417,-0.4351,2.4343,0.1244,0.4380,2.3327,0.0816,0.4000,1,1,2.3042,-0.1606,0.4139,0.3451,-0.1452,-0.4592,2.3042,-0.1606,0.4139,2.4355,-0.1533,0.5000,0,1,1.7666,0.1420,0.3084,-0.1970,0.1492,-0.5647,1.7666,0.1420,0.3084,1.8812,0.1301,0.3000,0,1,1.7516,-0.1478,0.3053,-0.2076,-0.1408,-0.5678,1.7516,-0.1478,0.3053,1.8100,-0.1449,0.3000,1,1
1.9651,-0.0115,0.8744,-0.2202,-0.0151,2.4344,0.1244,0.4382,0.4672,0.1430,-0.4362,2.4344,0.1244,0.4382,2.3345,0.0802,0.4000,1,1,2.3168,-0.1629,0.4222,0.3539,-0.1461,-0.4522,2.3168,-0.1629,0.4222,2.4393,-0.1547,0.5000,0,1,1.7785,0.1443,0.3165,-0.1889,0.1530,-0.5579,1.7785,0.1443,0.3165,1.8850,0.1287,0.3000,0,1,1.7518,-0.1479,0.3052,-0.2112,-0.1396,-0.5692,1.7518,-0.1479,0.3052,1.8118,-0.1463,0.3000,1,1
1.9689,-0.0127,0.8756,-0.2223,-0.0151,2.4342,0.1244,0.4384,0.4632,0.1441,-0.4372,2.4342,0.1244,0.4384,2.3363,0.0791,0.4000,1,1,2.3292,-0.1654,0.4333,0.3626,-0.1472,-0.4423,2.3292,-0.1654,0.4333,2.4432,-0.1559,0.5000,0,1,1.7907,0.1462,0.3270,-0.1806,0.1562,-0.5486,1.7907,0.1462,0.3270,1.8888,0.1275,0.3000,0,1,1.7517,-0.1479,0.3052,-0.2151,-0.1385,-0.5704,1.7517,-0.1479,0.3052,1.8137,-0.1475,0.3000,1,1
1.9728,-0.0137,0.8768,-0.2252,-0.0150,2.4336,0.1245,0.4392,0.4587,0.1451,-0.4376,2.4336,0.1245,0.4392,2.3382,0.0781,0.4000,1,1,2.3405,-0.1680,0.4461,0.3700,-0.1488,-0.4307,2.3405,-0.1680,0.4461,2.4471,-0.1569,0.5000,0,1,1.8017,0.1479,0.3389,-0.1735,0.1590,-0.5379,1.8017,0.1479,0.3389,1.8926,0.1265,0.3000,0,1,1.7516,-0.1478,0.3053,-0.2192,-0.1374,-0.5715,1.7516,-0.1478,0.3053,1.8155,-0.1485,0.3000,1,1
1.9766,-0.0145,0.8781,-0.2283,-0.0149,2.4326,0.1245,0.4408,0.4539,0.1458,-0.4373,2.4326,0.1245,0.4408,2.3400,0.0773,0.4000,1,1,2.3506,-0.1703,0.4592,0.3763,-0.1502,-0.4189,2.3506,-0.1703,0.4592,2.4509,-0.1577,0.5000,0,1,1.8128,0.1493,0.3514,-0.1662,0.1613,-0.5267,1.8128,0.1493,0.3514,1.8965,0.1257,0.3000,0,1,1.7515,-0.1478,0.3053,-0.2231,-0.1366,-0.5728,1.7515,-0.1478,0.3053,1.8174,-0.1493,0.3000,1,1
1.9804,-0.0151,0.8793,-0.2315,-0.0149,2.4317,0.1244,0.4420,0.4492,0.1462,-0.4373,2.4317,0.1244,0.4420,2.3418,0.0767,0.4000,1,1,2.3596,-0.1723,0.4712,0.3815,-0.1515,-0.4081,2.3596,-0.1723,0.4712,2.4547,-0.1582,0.5000,0,1,1.8223,0.1504,0.3631,-0.1605,0.1631,-0.5162,1.8223,0.1504,0.3631,1.9003,0.1251,0.3000,0,1,1.7514,-0.1478,0.3053,-0.2270,-0.1361,-0.5740,1.7514,-0.1478,0.3053,1.8192,-0.1499,0.3000,1,1
1.9841,-0.0155,0.8804,-0.2341,-0.0150,2.4314,0.1244,0.4425,0.4452,0.1466,-0.4379,2.4314,0.1244,0.4425,2.3435,0.0763,0.4000,1,1,2.3674,-0.1739,0.4810,0.3856,-0.1526,-0.3994,2.3674,-0.1739,0.4810,2.4584,-0.1587,0.5000,0,1,1.8305,0.1511,0.3727,-0.1561,0.1643,-0.5077,1.8305,0.1511,0.3727,1.9040,0.1247,0.3000,0,1,1.7514,-0.1478,0.3053,-0.2307,-0.1358,-0.5751,1.7514,-0.1478,0.3053,1.8209,-0.1503,0.3000,1,1
1.9878,-0.0157,0.8814,-0.2359,-0.0151,2.4313,0.1244,0.4427,0.4413,0.1468,-0.4387,2.4313,0.1244,0.4427,2.3452,0.0761,0.4000,1,1,2.3746,-0.1749,0.4872,0.3892,-0.1533,-0.3942,2.3746,-0.1749,0.4872,2.4621,-0.1589,0.5000,0,1,1.8373,0.1514,0.3789,-0.1530,0.1648,-0.5025,1.8373,0.1514,0.3789,1.9077,0.1245,0.3000,0,1,1.7514,-0.1478,0.3053,-0.2344,-0.1357,-0.5761,1.7514,-0.1478,0.3053,1.8226,-0.1505,0.3000,1,1
1.9914,-0.0158,0.8823,-0.2368,-0.0152,2.4313,0.1244,0.4427,0.4377,0.1469,-0.4396,2.4313,0.1244,0.4427,2.3469,0.0760,0.4000,1,1,2.3807,-0.1755,0.4889,0.3917,-0.1538,-0.3934,2.3807,-0.1755,0.4889,2.4657,-0.1590,0.5000,0,1,1.8427,0.1515,0.3804,-0.1512,0.1650,-0.5019,1.8427,0.1515,0.3804,1.9113,0.1245,0.3000,0,1,1.7514,-0.1478,0.3053,-0.2380,-0.1356,-0.5770,1.7514,-0.1478,0.3053,1.8241,-0.1505,0.3000,1,1
1.9950,-0.0156,0.8831,-0.2369,-0.0153,2.4313,0.1244,0.4428,0.4341,0.1467,-0.4403,2.4313,0.1244,0.4428,2.3485,0.0761,0.4000,1,1,2.3883,-0.1756,0.4864,0.3957,-0.1540,-0.3967,2.3883,-0.1756,0.4864,2.4692,-0.1589,0.5000,0,1,1.8468,0.1512,0.3768,-0.1507,0.1645,-0.5063,1.8468,0.1512,0.3768,1.9149,0.1246,0.3000,0,1,1.7515,-0.1478,0.3052,-0.2414,-0.1359,-0.5779,1.7515,-0.1478,0.3052,1.8257,-0.1503,0.3000,1,1
1.9986,-0.0153,0.8837,-0.2363,-0.0154,2.4314,0.1244,0.4428,0.4306,0.1463,-0.4409,2.4314,0.1244,0.4428,2.3500,0.0764,0.4000,1,1,2.3920,-0.1750,0.4811,0.3958,-0.1536,-0.4026,2.3920,-0.1750,0.4811,2.4728,-0.1586,0.5000,0,1,1.8498,0.1507,0.3696,-0.1513,0.1637,-0.5141,1.8498,0.1507,0.3696,1.9185,0.1250,0.3000,0,1,1.7515,-0.1478,0.3052,-0.2450,-0.1363,-0.5785,1.7515,-0.1478,0.3052,1.8273,-0.1500,0.3000,1,1
2.0021,-0.0148,0.8843,-0.2353,-0.0154,2.4315,0.1244,0.4430,0.4272,0.1458,-0.4413,2.4315,0.1244,0.4430,2.4316,0.0769,0.5000,1,1,2.3923,-0.1748,0.4785,0.3926,-0.1540,-0.4058,2.3923,-0.1748,0.4785,2.4764,-0.1581,0.5000,0,1,1.8515,0.1501,0.3612,-0.1531,0.1626,-0.5231,1.8515,0.1501,0.3612,1.9221,0.1255,0.3000,0,1,1.7517,-0.1478,0.3051,-0.2483,-0.1368,-0.5792,1.7517,-0.1478,0.3051,1.8288,-0.1495,0.3000,1,1
2.0057,-0.0142,0.8851,-0.2343,-0.0154,2.4315,0.1244,0.4431,0.4236,0.1451,-0.4420,2.4315,0.1244,0.4431,2.4332,0.0775,0.5000,1,1,2.3816,-0.1766,0.4736,0.3784,-0.1566,-0.4115,2.3816,-0.1766,0.4736,2.4799,-0.1575,0.5000,0,1,1.8517,0.1494,0.3526,-0.1565,0.1612,-0.5325,1.8517,0.1494,0.3526,1.9256,0.1261,0.3000,0,1,1.7518,-0.1479,0.3052,-0.2518,-0.1376,-0.5799,1.7518,-0.1479,0.3052,1.8304,-0.1489,0.3000,1,1
2.0094,-0.0135,0.8860,-0.2338,-0.0152,2.4315,0.1246,0.4431,0.4200,0.1445,-0.4429,2.4315,0.1246,0.4431,2.4348,0.0783,0.5000,1,1,2.3862,-0.1768,0.4747,0.3792,-0.1576,-0.4113,2.3862,-0.1768,0.4747,2.4836,-0.1567,0.5000,0,1,1.8522,0.1480,0.3449,-0.1596,0.1591,-0.5411,1.8522,0.1480,0.3449,1.9293,0.1267,0.3000,0,1,1.7518,-0.1477,0.3051,-0.2555,-0.1381,-0.5809,1.7518,-0.1477,0.3051,1.8321,-0.1482,0.3000,1,1
2.0132,-0.0127,0.8871,-0.2343,-0.0147,2.4316,0.1246,0.4432,0.4163,0.1434,-0.4439,2.4316,0.1246,0.4432,2.3165,0.0393,0.4000,1,1,2.3864,-0.1767,0.4719,0.3756,-0.1585,-0.4152,2.3864,-0.1767,0.4719,2.4875,-0.1557,0.5000,0,1,1.8554,0.1464,0.3375,-0.1601,0.1568,-0.5496,1.8554,0.1464,0.3375,1.9330,0.1275,0.3000,0,1,1.7519,-0.1477,0.3051,-0.2593,-0.1388,-0.5820,1.7519,-0.1477,0.3051,1.8340,-0.1475,0.3000,1,1
2.0172,-0.0116,0.8884,-0.2356,-0.0140,2.4315,0.1246,0.4431,0.4124,0.1420,-0.4453,2.4315,0.1246,0.4431,2.3185,0.0406,0.4000,1,1,2.4017,-0.1752,0.4666,0.3868,-0.1582,-0.4218,2.4017,-0.1752,0.4666,2.4917,-0.1544,0.5000,0,1,1.8665,0.1429,0.3329,-0.1528,0.1524,-0.5555,1.8665,0.1429,0.3329,1.9370,0.1284,0.3000,0,1,1.7518,-0.1477,0.3051,-0.2635,-0.1398,-0.5833,1.7518,-0.1477,0.3051,1.8361,-0.1466,0.3000,1,1
2.0215,-0.0104,0.8899,-0.2358,-0.0134,2.4309,0.1242,0.4426,0.4076,0.1401,-0.4473,2.4309,0.1242,0.4426,2.3207,0.0420,0.4000,1,1,2.4374,-0.1739,0.4653,0.4181,-0.1579,-0.4246,2.4374,-0.1739,0.4653,2.4960,-0.1530,0.5000,0,1,1.8871,0.1380,0.3278,-0.1364,0.1466,-0.5621,1.8871,0.1380,0.3278,1.9411,0.1295,0.3000,0,1,1.7510,-0.1480,0.3056,-0.2686,-0.1412,-0.5843,1.7510,-0.1480,0.3056,1.8384,-0.1455,0.3000,1,1
2.0269,-0.0087,0.8922,-0.2329,-0.0130,2.4220,0.1233,0.4448,0.3934,0.1371,-0.4474,2.4220,0.1233,0.4448,2.5040,0.1235,0.5000,0,1,2.4564,-0.1735,0.4599,0.4316,-0.1592,-0.4323,2.4564,-0.1735,0.4599,2.4744,-0.1915,0.5000,1,1,1.9008,0.1330,0.3242,-0.1279,0.1400,-0.5680,1.9008,0.1330,0.3242,1.8794,0.1308,0.3000,1,1,1.7639,-0.1500,0.3075,-0.2611,-0.1447,-0.5847,1.7639,-0.1500,0.3075,1.9418,-0.1441,0.3000,0,1
2.0304,-0.0077,0.8935,-0.2324,-0.0126,2.4146,0.1236,0.4499,0.3825,0.1361,-0.4436,2.4146,0.1236,0.4499,2.5084,0.1250,0.5000,0,1,2.4557,-0.1746,0.4595,0.4274,-0.1615,-0.4340,2.4557,-0.1746,0.4595,2.4769,-0.1900,0.5000,1,1,1.8994,0.1320,0.3247,-0.1327,0.1380,-0.5688,1.8994,0.1320,0.3247,1.8818,0.1320,0.3000,1,1,1.7763,-0.1523,0.3144,-0.2523,-0.1478,-0.5791,1.7763,-0.1523,0.3144,1.9464,-0.1429,0.3000,0,1
2.0348,-0.0067,0.8951,-0.2325,-0.0120,2.4081,0.1272,0.4593,0.3717,0.1384,-0.4358,2.4081,0.1272,0.4593,2.5128,0.1263,0.5000,0,1,2.4553,-0.1752,0.4593,0.4225,-0.1634,-0.4358,2.4553,-0.1752,0.4593,2.4795,-0.1887,0.5000,1,1,1.8970,0.1315,0.3267,-0.1394,0.1365,-0.5684,1.8970,0.1315,0.3267,1.8842,0.1330,0.3000,1,1,1.7917,-0.1551,0.3249,-0.2413,-0.1513,-0.5702,1.7917,-0.1551,0.3249,1.9509,-0.1420,0.3000,0,1
2.0392,-0.0058,0.8966,-0.2338,-0.0110,2.4109,0.1321,0.4713,0.3702,0.1420,-0.4253,2.4109,0.1321,0.4713,2.5171,0.1276,0.5000,0,1,2.4551,-0.1756,0.4595,0.4177,-0.1652,-0.4371,2.4551,-0.1756,0.4595,2.4820,-0.1874,0.5000,1,1,1.8965,0.1311,0.3271,-0.1442,0.1353,-0.5695,1.8965,0.1311,0.3271,1.8865,0.1338,0.3000,1,1,1.8069,-0.1577,0.3374,-0.2306,-0.1544,-0.5592,1.8069,-0.1577,0.3374,1.9555,-0.1412,0.3000,0,1
2.0435,-0.0050,0.8981,-0.2357,-0.0099,2.4029,0.1386,0.4847,0.3580,0.1472,-0.4134,2.4029,0.1386,0.4847,2.5213,0.1287,0.5000,0,1,2.4548,-0.1758,0.4599,0.4130,-0.1667,-0.4382,2.4548,-0.1758,0.4599,2.4445,-0.1463,0.5000,1,1,1.8954,0.1309,0.3282,-0.1494,0.1344,-0.5699,1.8954,0.1309,0.3282,1.8887,0.1343,0.3000,1,1,1.8216,-0.1600,0.3508,-0.2204,-0.1572,-0.5473,1.8216,-0.1600,0.3508,1.9600,-0.1407,0.3000,0,1
2.0477,-0.0045,0.8996,-0.2378,-0.0084,2.3983,0.1460,0.4974,0.3493,0.1534,-0.4022,2.3983,0.1460,0.4974,2.5252,0.1299,0.5000,0,1,2.4539,-0.1759,0.4617,0.4076,-0.1680,-0.4379,2.4539,-0.1759,0.4617,2.4469,-0.1451,0.5000,1,1,1.8959,0.1307,0.3276,-0.1529,0.1339,-0.5720,1.8959,0.1307,0.3276,1.8907,0.1346,0.3000,1,1,1.8354,-0.1617,0.3634,-0.2110,-0.1590,-0.5362,1.8354,-0.1617,0.3634,1.9643,-0.1404,0.3000,0,1
2.0518,-0.0040,0.9011,-0.2402,-0.0067,2.3987,0.1524,0.5084,0.3458,0.1587,-0.3927,2.3987,0.1524,0.5084,2.5291,0.1309,0.5000,0,1,2.4533,-0.1758,0.4635,0.4026,-0.1691,-0.4376,2.4533,-0.1758,0.4635,2.4492,-0.1441,0.5000,1,1,1.8957,0.1307,0.3278,-0.1570,0.1337,-0.5733,1.8957,0.1307,0.3278,1.8925,0.1347,0.3000,1,1,1.8484,-0.1630,0.3745,-0.2023,-0.1604,-0.5266,1.8484,-0.1630,0.3745,1.9686,-0.1403,0.3000,0,1
2.0557,-0.0038,0.9025,-0.2428,-0.0050,2.4009,0.1581,0.5165,0.3444,0.1636,-0.3860,2.4009,0.1581,0.5165,2.5328,0.1318,0.5000,0,1,2.4527,-0.1757,0.4649,0.3979,-0.1699,-0.4376,2.4527,-0.1757,0.4649,2.4514,-0.1432,0.5000,1,1,1.8956,0.1308,0.3279,-0.1608,0.1338,-0.5746,1.8956,0.1308,0.3279,1.8942,0.1346,0.3000,1,1,1.8608,-0.1639,0.3825,-0.1941,-0.1611,-0.5200,1.8608,-0.1639,0.3825,1.9728,-0.1404,0.3000,0,1
2.0595,-0.0037,0.9038,-0.2450,-0.0033,2.4056,0.1624,0.5204,0.3455,0.1672,-0.3834,2.4056,0.1624,0.5204,2.5363,0.1326,0.5000,0,1,2.4525,-0.1756,0.4652,0.3936,-0.1706,-0.4386,2.4525,-0.1756,0.4652,2.4534,-0.1424,0.5000,1,1,1.8957,0.1308,0.3279,-0.1642,0.1340,-0.5759,1.8957,0.1308,0.3279,1.8957,0.1344,0.3000,1,1,1.8721,-0.1642,0.3864,-0.1869,-0.1611,-0.5174,1.8721,-0.1642,0.3864,1.9768,-0.1406,0.3000,0,1
2.0632,-0.0037,0.9050,-0.2472,-0.0017,2.4068,0.1667,0.5203,0.3433,0.1710,-0.3847,2.4068,0.1667,0.5203,2.5398,0.1332,0.5000,0,1,2.4522,-0.1756,0.4660,0.3893,-0.1712,-0.4390,2.4522,-0.1756,0.4660,2.4553,-0.1418,0.5000,1,1,1.8957,0.1308,0.3279,-0.1677,0.1342,-0.5771,1.8957,0.1308,0.3279,1.8972,0.1341,0.3000,1,1,1.8831,-0.1642,0.3853,-0.1798,-0.1608,-0.5197,1.8831,-0.1642,0.3853,1.9807,-0.1409,0.3000,0,1
2.0668,-0.0039,0.9062,-0.2490,-0.0001,2.4137,0.1703,0.5181,0.3469,0.1742,-0.3881,2.4137,0.1703,0.5181,2.5432,0.1335,0.5000,0,1,2.4519,-0.1755,0.4665,0.3851,-0.1716,-0.4397,2.4519,-0.1755,0.4665,2.4572,-0.1415,0.5000,1,1,1.8957,0.1308,0.3279,-0.1711,0.1347,-0.5783,1.8957,0.1308,0.3279,1.8986,0.1336,0.3000,1,1,1.8933,-0.1640,0.3803,-0.1735,-0.1601,-0.5259,1.8933,-0.1640,0.3803,1.9846,-0.1414,0.3000,0,1
2.0704,-0.0042,0.9074,-0.2505,0.0012,2.4128,0.1729,0.5137,0.3426,0.1767,-0.3937,2.4128,0.1729,0.5137,2.5466,0.1337,0.5000,0,1,2.4520,-0.1755,0.4667,0.3814,-0.1718,-0.4407,2.4520,-0.1755,0.4667,2.4590,-0.1413,0.5000,1,1,1.8957,0.1308,0.3279,-0.1745,0.1352,-0.5795,1.8957,0.1308,0.3279,1.9000,0.1330,0.3000,1,1,1.9030,-0.1636,0.3726,-0.1676,-0.1592,-0.5348,1.9030,-0.1636,0.3726,1.9884,-0.1420,0.3000,0,1
2.0740,-0.0047,0.9085,-0.2519,0.0024,2.4206,0.1747,0.5082,0.3470,0.1786,-0.4003,2.4206,0.1747,0.5082,2.5500,0.1337,0.5000,0,1,2.4516,-0.1755,0.4674,0.3772,-0.1717,-0.4411,2.4516,-0.1755,0.4674,2.4607,-0.1413,0.5000,1,1,1.8957,0.1307,0.3279,-0.1780,0.1358,-0.5806,1.8957,0.1307,0.3279,1.9014,0.1323,0.3000,1,1,1.9117,-0.1626,0.3647,-0.1627,-0.1575,-0.5438,1.9117,-0.1626,0.3647,1.9921,-0.1427,0.3000,0,1
2.0776,-0.0054,0.9095,-0.2534,0.0035,2.4180,0.1756,0.5053,0.3410,0.1798,-0.4042,2.4180,0.1756,0.5053,2.5535,0.1334,0.5000,0,1,2.4514,-0.1755,0.4681,0.3732,-0.1714,-0.4414,2.4514,-0.1755,0.4681,2.5024,-0.1816,0.5000,1,1,1.8957,0.1307,0.3279,-0.1814,0.1367,-0.5816,1.8957,0.1307,0.3279,1.9029,0.1315,0.3000,1,1,1.9214,-0.1616,0.3556,-0.1567,-0.1557,-0.5539,1.9214,-0.1616,0.3556,1.9958,-0.1435,0.3000,0,1
2.0813,-0.0062,0.9107,-0.2550,0.0044,2.4230,0.1759,0.4922,0.3425,0.1806,-0.4185,2.4230,0.1759,0.4922,2.5570,0.1330,0.5000,0,1,2.4513,-0.1755,0.4683,0.3693,-0.1709,-0.4424,2.4513,-0.1755,0.4683,2.4643,-0.1420,0.5000,1,1,1.8957,0.1307,0.3279,-0.1850,0.1377,-0.5828,1.8957,0.1307,0.3279,1.9044,0.1305,0.3000,1,1,1.9290,-0.1604,0.3493,-0.1530,-0.1535,-0.5614,1.9290,-0.1604,0.3493,1.9997,-0.1445,0.3000,0,1
2.0850,-0.0071,0.9118,-0.2572,0.0056,2.4243,0.1750,0.4925,0.3403,0.1802,-0.4193,2.4243,0.1750,0.4925,2.5607,0.1324,0.5000,0,1,2.4511,-0.1754,0.4691,0.3652,-0.1703,-0.4427,2.4511,-0.1754,0.4691,2.4662,-0.1425,0.5000,1,1,1.8957,0.1307,0.3279,-0.1885,0.1389,-0.5839,1.8957,0.1307,0.3279,1.9061,0.1293,0.3000,1,1,1.9411,-0.1598,0.3441,-0.1448,-0.1519,-0.5677,1.9411,-0.1598,0.3441,2.0036,-0.1457,0.3000,0,1
2.0889,-0.0082,0.9131,-0.2599,0.0073,2.4320,0.1731,0.4919,0.3444,0.1788,-0.4212,2.4320,0.1731,0.4919,2.5642,0.1320,0.5000,0,1,2.4505,-0.1753,0.4712,0.3604,-0.1697,-0.4419,2.4505,-0.1753,0.4712,2.4683,-0.1430,0.5000,1,1,1.8956,0.1307,0.3279,-0.1923,0.1403,-0.5852,1.8956,0.1307,0.3279,1.9077,0.1279,0.3000,1,1,1.9521,-0.1599,0.3410,-0.1379,-0.1507,-0.5721,1.9521,-0.1599,0.3410,2.0077,-0.1471,0.3000,0,1
2.0927,-0.0094,0.9145,-0.2617,0.0100,2.4458,0.1694,0.4837,0.3549,0.1753,-0.4308,2.4458,0.1694,0.4837,2.5677,0.1318,0.5000,0,1,2.4499,-0.1749,0.4719,0.3555,-0.1691,-0.4426,2.4499,-0.1749,0.4719,2.4704,-0.1432,0.5000,1,1,1.8954,0.1310,0.3281,-0.1959,0.1424,-0.5864,1.8954,0.1310,0.3281,1.9091,0.1262,0.3000,1,1,1.9578,-0.1600,0.3398,-0.1364,-0.1492,-0.5747,1.9578,-0.1600,0.3398,1.9718,-0.1887,0.3000,0,1
2.0965,-0.0106,0.9159,-0.2635,0.0128,2.4458,0.1695,0.4838,0.3516,0.1756,-0.4321,2.4458,0.1695,0.4838,2.5040,0.1317,0.5000,1,1,2.4654,-0.1738,0.4751,0.3668,-0.1679,-0.4408,2.4654,-0.1738,0.4751,2.5746,-0.1432,0.5000,0,1,1.9072,0.1329,0.3321,-0.1874,0.1459,-0.5838,1.9072,0.1329,0.3321,1.9725,0.0846,0.3000,0,1,1.9614,-0.1601,0.3360,-0.1370,-0.1478,-0.5799,1.9614,-0.1601,0.3360,1.9490,-0.1504,0.3000,1,1
2.1003,-0.0116,0.9173,-0.2660,0.0153,2.4457,0.1695,0.4839,0.3481,0.1758,-0.4334,2.4457,0.1695,0.4839,2.5055,0.1317,0.5000,1,1,2.4842,-0.1741,0.4903,0.3814,-0.1684,-0.4270,2.4842,-0.1741,0.4903,2.5787,-0.1433,0.5000,0,1,1.9199,0.1337,0.3405,-0.1782,0.1480,-0.5768,1.9199,0.1337,0.3405,1.9760,0.0831,0.3000,0,1,1.9608,-0.1600,0.3367,-0.1418,-0.1462,-0.5806,1.9608,-0.1600,0.3367,1.9512,-0.1518,0.3000,1,1
2.1041,-0.0124,0.9187,-0.2684,0.0174,2.4457,0.1695,0.4839,0.3447,0.1759,-0.4348,2.4457,0.1695,0.4839,2.5070,0.1316,0.5000,1,1,2.5010,-0.1749,0.5049,0.3940,-0.1694,-0.4138,2.5010,-0.1749,0.5049,2.5828,-0.1433,0.5000,0,1,1.9324,0.1342,0.3518,-0.1691,0.1496,-0.5669,1.9324,0.1342,0.3518,1.9795,0.0819,0.3000,0,1,1.9591,-0.1600,0.3385,-0.1475,-0.1451,-0.5802,1.9591,-0.1600,0.3385,1.9533,-0.1530,0.3000,1,1
2.1078,-0.0130,0.9201,-0.2703,0.0191,2.4457,0.1695,0.4841,0.3413,0.1760,-0.4360,2.4457,0.1695,0.4841,2.5085,0.1316,0.5000,1,1,2.5158,-0.1759,0.5183,0.4048,-0.1707,-0.4018,2.5158,-0.1759,0.5183,2.5868,-0.1433,0.5000,0,1,1.9434,0.1346,0.3641,-0.1616,0.1507,-0.5560,1.9434,0.1346,0.3641,1.9830,0.0810,0.3000,0,1,1.9560,-0.1599,0.3419,-0.1546,-0.1440,-0.5782,1.9560,-0.1599,0.3419,1.9553,-0.1540,0.3000,1,1
2.1114,-0.0135,0.9213,-0.2714,0.0205,2.4457,0.1696,0.4841,0.3380,0.1762,-0.4372,2.4457,0.1696,0.4841,2.5099,0.1317,0.5000,1,1,2.5285,-0.1768,0.5313,0.4137,-0.1718,-0.3900,2.5285,-0.1768,0.5313,2.5906,-0.1432,0.5000,0,1,1.9524,0.1347,0.3768,-0.1559,0.1514,-0.5445,1.9524,0.1347,0.3768,1.9864,0.0802,0.3000,0,1,1.9558,-0.1599,0.3420,-0.1586,-0.1432,-0.5793,1.9558,-0.1599,0.3420,1.9571,-0.1547,0.3000,1,1
2.1150,-0.0138,0.9225,-0.2720,0.0218,2.4457,0.1696,0.4842,0.3346,0.1761,-0.4383,2.4457,0.1696,0.4842,2.5113,0.1319,0.5000,1,1,2.5392,-0.1772,0.5434,0.4205,-0.1726,-0.3791,2.5392,-0.1772,0.5434,2.5943,-0.1431,0.5000,0,1,1.9600,0.1349,0.3878,-0.1517,0.1520,-0.5347,1.9600,0.1349,0.3878,1.9898,0.0797,0.3000,0,1,1.9559,-0.1599,0.3420,-0.1622,-0.1426,-0.5805,1.9559,-0.1599,0.3420,1.9588,-0.1552,0.3000,1,1
2.1185,-0.0139,0.9235,-0.2718,0.0228,2.4457,0.1696,0.4841,0.3313,0.1760,-0.4394,2.4457,0.1696,0.4841,2.5127,0.1321,0.5000,1,1,2.5484,-0.1772,0.5532,0.4261,-0.1731,-0.3703,2.5484,-0.1772,0.5532,2.5979,-0.1428,0.5000,0,1,1.9667,0.1348,0.3975,-0.1484,0.1521,-0.5260,1.9667,0.1348,0.3975,1.9932,0.0794,0.3000,0,1,1.9559,-0.1599,0.3420,-0.1659,-0.1423,-0.5815,1.9559,-0.1599,0.3420,1.9605,-0.1556,0.3000,1,1
2.1220,-0.0140,0.9243,-0.2710,0.0237,2.4457,0.1695,0.4842,0.3280,0.1758,-0.4401,2.4457,0.1695,0.4842,2.5140,0.1324,0.5000,1,1,2.5563,-0.1767,0.5594,0.4303,-0.1729,-0.3649,2.5563,-0.1767,0.5594,2.6015,-0.1425,0.5000,0,1,1.9718,0.1345,0.4036,-0.1466,0.1520,-0.5207,1.9718,0.1345,0.4036,1.9965,0.0792,0.3000,0,1,1.9559,-0.1599,0.3420,-0.1695,-0.1419,-0.5823,1.9559,-0.1599,0.3420,1.9621,-0.1557,0.3000,1,1
2.1254,-0.0139,0.9250,-0.2694,0.0244,2.4457,0.1695,0.4842,0.3247,0.1755,-0.4408,2.4457,0.1695,0.4842,2.5153,0.1328,0.5000,1,1,2.5626,-0.1758,0.5608,0.4331,-0.1725,-0.3642,2.5626,-0.1758,0.5608,2.6050,-0.1421,0.5000,0,1,1.9755,0.1339,0.4050,-0.1462,0.1514,-0.5200,1.9755,0.1339,0.4050,1.9999,0.0791,0.3000,0,1,1.9559,-0.1600,0.3420,-0.1730,-0.1419,-0.5830,1.9559,-0.1600,0.3420,1.9636,-0.1558,0.3000,1,1
2.1288,-0.0137,0.9256,-0.2674,0.0250,2.4457,0.1695,0.4842,0.3214,0.1752,-0.4414,2.4457,0.1695,0.4842,2.5166,0.1332,0.5000,1,1,2.5703,-0.1747,0.5577,0.4373,-0.1720,-0.3679,2.5703,-0.1747,0.5577,2.6085,-0.1417,0.5000,0,1,1.9782,0.1329,0.4014,-0.1469,0.1503,-0.5242,1.9782,0.1329,0.4014,2.0032,0.0792,0.3000,0,1,1.9559,-0.1600,0.3420,-0.1765,-0.1419,-0.5836,1.9559,-0.1600,0.3420,1.9651,-0.1557,0.3000,1,1
2.1322,-0.0134,0.9261,-0.2649,0.0253,2.4458,0.1695,0.4842,0.3181,0.1749,-0.4419,2.4458,0.1695,0.4842,2.5180,0.1336,0.5000,1,1,2.5713,-0.1737,0.5515,0.4349,-0.1714,-0.3746,2.5713,-0.1737,0.5515,2.6119,-0.1413,0.5000,0,1,1.9831,0.1314,0.3953,-0.1454,0.1485,-0.5308,1.9831,0.1314,0.3953,2.0866,0.0795,0.4000,0,1,1.9560,-0.1599,0.3420,-0.1798,-0.1420,-0.5841,1.9560,-0.1599,0.3420,1.9665,-0.1555,0.3000,1,1
2.1358,-0.0129,0.9266,-0.2629,0.0250,2.4458,0.1695,0.4842,0.3145,0.1746,-0.4424,2.4458,0.1695,0.4842,2.5196,0.1339,0.5000,1,1,2.5751,-0.1720,0.5431,0.4352,-0.1700,-0.3835,2.5751,-0.1720,0.5431,2.6155,-0.1410,0.5000,0,1,1.9940,0.1296,0.3886,-0.1382,0.1460,-0.5380,1.9940,0.1296,0.3886,2.0902,0.0800,0.4000,0,1,1.9560,-0.1600,0.3420,-0.1834,-0.1426,-0.5846,1.9560,-0.1600,0.3420,1.9681,-0.1550,0.3000,1,1
2.1397,-0.0123,0.9272,-0.2614,0.0240,2.4458,0.1695,0.4842,0.3104,0.1744,-0.4430,2.4458,0.1695,0.4842,2.5217,0.1342,0.5000,1,1,2.5732,-0.1709,0.5366,0.4296,-0.1690,-0.3906,2.5732,-0.1709,0.5366,2.6193,-0.1408,0.5000,0,1,2.0048,0.1276,0.3787,-0.1315,0.1431,-0.5485,2.0048,0.1276,0.3787,2.0942,0.0808,0.4000,0,1,1.9560,-0.1600,0.3420,-0.1872,-0.1432,-0.5852,1.9560,-0.1600,0.3420,1.9698,-0.1542,0.3000,1,1
2.1438,-0.0115,0.9279,-0.2601,0.0222,2.4458,0.1695,0.4842,0.3059,0.1743,-0.4437,2.4458,0.1695,0.4842,2.5241,0.1343,0.5000,1,1,2.5736,-0.1694,0.5297,0.4262,-0.1674,-0.3982,2.5736,-0.1694,0.5297,2.6232,-0.1407,0.5000,0,1,2.0162,0.1254,0.3717,-0.1245,0.1397,-0.5562,2.0162,0.1254,0.3717,2.0986,0.0819,0.4000,0,1,1.9560,-0.1600,0.3420,-0.1911,-0.1443,-0.5859,1.9560,-0.1600,0.3420,1.9717,-0.1531,0.3000,1,1
2.1481,-0.0106,0.9289,-0.2582,0.0196,2.4458,0.1695,0.4843,0.3012,0.1742,-0.4446,2.4458,0.1695,0.4843,2.5268,0.1343,0.5000,1,1,2.5701,-0.1678,0.5219,0.4188,-0.1654,-0.4070,2.5701,-0.1678,0.5219,2.6271,-0.1407,0.5000,0,1,2.0239,0.1237,0.3681,-0.1215,0.1367,-0.5608,2.0239,0.1237,0.3681,2.1033,0.0833,0.4000,0,1,1.9560,-0.1600,0.3420,-0.1950,-0.1456,-0.5869,1.9560,-0.1600,0.3420,1.9736,-0.1516,0.3000,1,1
2.1527,-0.0094,0.9301,-0.2558,0.0161,2.4458,0.1695,0.4843,0.2959,0.1742,-0.4458,2.4458,0.1695,0.4843,2.5298,0.1342,0.5000,1,1,2.5694,-0.1662,0.5115,0.4141,-0.1635,-0.4186,2.5694,-0.1662,0.5115,2.6312,-0.1408,0.5000,0,1,2.0417,0.1220,0.3652,-0.1089,0.1332,-0.5649,2.0417,0.1220,0.3652,2.1083,0.0852,0.4000,0,1,1.9560,-0.1600,0.3420,-0.1991,-0.1474,-0.5881,1.9560,-0.1600,0.3420,1.9757,-0.1498,0.3000,1,1
2.1576,-0.0080,0.9317,-0.2531,0.0116,2.4458,0.1693,0.4843,0.2902,0.1739,-0.4474,2.4458,0.1693,0.4843,2.5334,0.1339,0.5000,1,1,2.5843,-0.1657,0.5063,0.4248,-0.1626,-0.4254,2.5843,-0.1657,0.5063,2.6356,-0.1411,0.5000,0,1,2.0604,0.1182,0.3621,-0.0957,0.1273,-0.5696,2.0604,0.1182,0.3621,2.1138,0.0874,0.4000,0,1,1.9559,-0.1601,0.3422,-0.2035,-0.1498,-0.5895,1.9559,-0.1601,0.3422,1.9780,-0.1476,0.3000,1,1
2.1645,-0.0060,0.9340,-0.2501,0.0050,2.4626,0.1689,0.4869,0.2990,0.1734,-0.4471,2.4626,0.1689,0.4869,2.6384,0.1335,0.5000,0,1,2.5945,-0.1655,0.5044,0.4292,-0.1616,-0.4296,2.5945,-0.1655,0.5044,2.5741,-0.1415,0.5000,1,1,2.0687,0.1155,0.3626,-0.0952,0.1220,-0.5714,2.0687,0.1155,0.3626,2.0138,0.1299,0.3000,1,1,1.9639,-0.1597,0.3443,-0.2014,-0.1527,-0.5897,1.9639,-0.1597,0.3443,2.1215,-0.1851,0.4000,0,1
2.1684,-0.0050,0.9352,-0.2496,0.0015,2.4750,0.1681,0.4948,0.3069,0.1726,-0.4404,2.4750,0.1681,0.4948,2.6446,0.1331,0.5000,0,1,2.5926,-0.1668,0.5028,0.4240,-0.1624,-0.4324,2.5926,-0.1668,0.5028,2.5770,-0.1419,0.5000,1,1,2.0636,0.1144,0.3656,-0.1046,0.1196,-0.5696,2.0636,0.1144,0.3656,2.0180,0.1323,0.3000,1,1,1.9725,-0.1604,0.3519,-0.1961,-0.1551,-0.5833,1.9725,-0.1604,0.3519,2.1264,-0.1827,0.4000,0,1
2.1739,-0.0037,0.9368,-0.2507,-0.0026,2.4991,0.1693,0.5052,0.3247,0.1738,-0.4316,2.4991,0.1693,0.5052,2.6507,0.1328,0.5000,0,1,2.5926,-0.1668,0.5029,0.4191,-0.1620,-0.4339,2.5926,-0.1668,0.5029,2.5800,-0.1422,0.5000,1,1,2.0610,0.1145,0.3681,-0.1132,0.1179,-0.5687,2.0610,0.1145,0.3681,1.9821,0.0943,0.3000,1,1,1.9867,-0.1597,0.3619,-0.1868,-0.1565,-0.5749,1.9867,-0.1597,0.3619,2.0914,-0.1407,0.4000,0,1
2.1793,-0.0026,0.9383,-0.2523,-0.0062,2.5191,0.1711,0.5178,0.3387,0.1758,-0.4205,2.5191,0.1711,0.5178,2.6566,0.1325,0.5000,0,1,2.5925,-0.1670,0.5030,0.4142,-0.1618,-0.4353,2.5925,-0.1670,0.5030,2.5829,-0.1425,0.5000,1,1,2.0599,0.1144,0.3691,-0.1201,0.1163,-0.5692,2.0599,0.1144,0.3691,1.9860,0.0960,0.3000,1,1,1.9995,-0.1592,0.3741,-0.1788,-0.1577,-0.5642,1.9995,-0.1592,0.3741,2.0963,-0.1390,0.4000,0,1
2.1846,-0.0017,0.9398,-0.2537,-0.0094,2.5366,0.1726,0.5307,0.3503,0.1776,-0.4091,2.5366,0.1726,0.5307,2.6622,0.1323,0.5000,0,1,2.5925,-0.1674,0.5032,0.4094,-0.1619,-0.4366,2.5925,-0.1674,0.5032,2.5856,-0.1427,0.5000,1,1,2.0595,0.1140,0.3694,-0.1262,0.1145,-0.5704,2.0595,0.1140,0.3694,1.9896,0.0975,0.3000,1,1,2.0108,-0.1588,0.3874,-0.1723,-0.1587,-0.5524,2.0108,-0.1588,0.3874,2.1011,-0.1375,0.4000,0,1
2.1896,-0.0010,0.9412,-0.2543,-0.0120,2.5519,0.1739,0.5434,0.3602,0.1792,-0.3978,2.5519,0.1739,0.5434,2.6676,0.1320,0.5000,0,1,2.5925,-0.1675,0.5032,0.4049,-0.1617,-0.4380,2.5925,-0.1675,0.5032,2.5883,-0.1430,0.5000,1,1,2.0594,0.1140,0.3695,-0.1316,0.1134,-0.5717,2.0594,0.1140,0.3695,1.9930,0.0987,0.3000,1,1,2.0209,-0.1580,0.4001,-0.1668,-0.1590,-0.5411,2.0209,-0.1580,0.4001,2.1057,-0.1363,0.4000,0,1
2.1944,-0.0004,0.9424,-0.2542,-0.0142,2.5651,0.1749,0.5547,0.3682,0.1805,-0.3877,2.5651,0.1749,0.5547,2.6727,0.1317,0.5000,0,1,2.5925,-0.1675,0.5032,0.4004,-0.1614,-0.4392,2.5925,-0.1675,0.5032,2.5908,-0.1433,0.5000,1,1,2.0593,0.1140,0.3696,-0.1367,0.1125,-0.5728,2.0593,0.1140,0.3696,1.9962,0.0996,0.3000,1,1,2.0296,-0.1574,0.4114,-0.1626,-0.1593,-0.5310,2.0296,-0.1574,0.4114,2.1102,-0.1353,0.4000,0,1
2.1991,-0.0000,0.9435,-0.2535,-0.0160,2.5768,0.1753,0.5625,0.3748,0.1813,-0.3810,2.5768,0.1753,0.5625,2.6776,0.1314,0.5000,0,1,2.5926,-0.1674,0.5033,0.3961,-0.1611,-0.4402,2.5926,-0.1674,0.5033,2.5932,-0.1435,0.5000,1,1,2.0593,0.1141,0.3697,-0.1416,0.1118,-0.5738,2.0593,0.1141,0.3697,1.9991,0.1004,0.3000,1,1,2.0372,-0.1564,0.4191,-0.1594,-0.1590,-0.5244,2.0372,-0.1564,0.4191,2.1147,-0.1346,0.4000,0,1
2.2036,0.0002,0.9444,-0.2524,-0.0173,2.5877,0.1754,0.5668,0.3810,0.1818,-0.3776,2.5877,0.1754,0.5668,2.6823,0.1312,0.5000,0,1,2.5925,-0.1674,0.5032,0.3917,-0.1608,-0.4412,2.5925,-0.1674,0.5032,2.5956,-0.1438,0.5000,1,1,2.0593,0.1140,0.3696,-0.1462,0.1113,-0.5748,2.0593,0.1140,0.3696,2.0018,0.1008,0.3000,1,1,2.0441,-0.1553,0.4235,-0.1568,-0.1582,-0.5209,2.0441,-0.1553,0.4235,2.1190,-0.1341,0.4000,0,1
2.2080,0.0003,0.9451,-0.2511,-0.0182,2.5978,0.1752,0.5656,0.3866,0.1820,-0.3795,2.5978,0.1752,0.5656,2.6869,0.1310,0.5000,0,1,2.5926,-0.1674,0.5033,0.3876,-0.1607,-0.4418,2.5926,-0.1674,0.5033,2.5979,-0.1440,0.5000,1,1,2.0593,0.1140,0.3696,-0.1507,0.1110,-0.5755,2.0593,0.1140,0.3696,2.0044,0.1011,0.3000,1,1,2.0504,-0.1541,0.4221,-0.1548,-0.1572,-0.5230,2.0504,-0.1541,0.4221,2.1234,-0.1338,0.4000,0,1
2.2124,0.0003,0.9457,-0.2494,-0.0186,2.6085,0.1747,0.5609,0.3928,0.1817,-0.3848,2.6085,0.1747,0.5609,2.6913,0.1308,0.5000,0,1,2.5926,-0.1674,0.5033,0.3833,-0.1606,-0.4424,2.5926,-0.1674,0.5033,2.6002,-0.1442,0.5000,1,1,2.0594,0.1141,0.3697,-0.1551,0.1109,-0.5760,2.0594,0.1141,0.3697,2.0868,0.1012,0.4000,1,1,2.0534,-0.1531,0.4177,-0.1561,-0.1563,-0.5280,2.0534,-0.1531,0.4177,2.1277,-0.1338,0.4000,0,1
2.2166,0.0002,0.9464,-0.2466,-0.0187,2.6176,0.1740,0.5534,0.3977,0.1813,-0.3930,2.6176,0.1740,0.5534,2.6955,0.1306,0.5000,0,1,2.5927,-0.1673,0.5033,0.3792,-0.1604,-0.4431,2.5927,-0.1673,0.5033,2.6024,-0.1443,0.5000,1,1,2.0595,0.1142,0.3696,-0.1592,0.1110,-0.5768,2.0595,0.1142,0.3696,2.0890,0.1010,0.4000,1,1,2.0497,-0.1532,0.4159,-0.1640,-0.1565,-0.5305,2.0497,-0.1532,0.4159,2.1319,-0.1339,0.4000,0,1
2.2208,-0.0001,0.9471,-0.2430,-0.0183,2.6263,0.1728,0.5441,0.4023,0.1803,-0.4030,2.6263,0.1728,0.5441,2.6996,0.1304,0.5000,0,1,2.5927,-0.1673,0.5033,0.3749,-0.1604,-0.4438,2.5927,-0.1673,0.5033,2.6046,-0.1445,0.5000,1,1,2.0595,0.1142,0.3696,-0.1634,0.1113,-0.5775,2.0595,0.1142,0.3696,2.0911,0.1007,0.4000,1,1,2.0485,-0.1530,0.4111,-0.1695,-0.1560,-0.5360,2.0485,-0.1530,0.4111,2.1361,-0.1343,0.4000,0,1
2.2250,-0.0006,0.9480,-0.2394,-0.0175,2.6341,0.1712,0.5357,0.4060,0.1789,-0.4123,2.6341,0.1712,0.5357,2.7037,0.1303,0.5000,0,1,2.5927,-0.1673,0.5034,0.3706,-0.1602,-0.4446,2.5927,-0.1673,0.5034,2.6069,-0.1446,0.5000,1,1,2.0596,0.1142,0.3696,-0.1674,0.1119,-0.5784,2.0596,0.1142,0.3696,2.0932,0.1001,0.4000,1,1,2.0517,-0.1520,0.4056,-0.1706,-0.1544,-0.5424,2.0517,-0.1520,0.4056,2.1404,-0.1348,0.4000,0,1
2.2293,-0.0011,0.9489,-0.2365,-0.0162,2.6417,0.1694,0.5277,0.4096,0.1772,-0.4212,2.6417,0.1694,0.5277,2.7078,0.1303,0.5000,0,1,2.5928,-0.1673,0.5034,0.3661,-0.1603,-0.4455,2.5928,-0.1673,0.5034,2.6094,-0.1447,0.5000,1,1,2.0596,0.1142,0.3696,-0.1715,0.1125,-0.5793,2.0596,0.1142,0.3696,2.0953,0.0993,0.4000,1,1,2.0488,-0.1496,0.4117,-0.1781,-0.1514,-0.5372,2.0488,-0.1496,0.4117,2.1449,-0.1356,0.4000,0,1
2.2337,-0.0017,0.9499,-0.2341,-0.0143,2.6478,0.1642,0.5246,0.4117,0.1718,-0.4253,2.6478,0.1642,0.5246,2.6720,0.0904,0.5000,0,1,2.5927,-0.1673,0.5034,0.3613,-0.1604,-0.4465,2.5927,-0.1673,0.5034,2.6121,-0.1446,0.5000,1,1,2.0595,0.1142,0.3696,-0.1758,0.1134,-0.5803,2.0595,0.1142,0.3696,1.9775,0.0584,0.3000,1,1,2.0646,-0.1455,0.3969,-0.1670,-0.1462,-0.5530,2.0646,-0.1455,0.3969,2.1496,-0.1366,0.4000,0,1
2.2382,-0.0025,0.9511,-0.2311,-0.0122,2.6430,0.1474,0.5156,0.4029,0.1548,-0.4355,2.6430,0.1474,0.5156,2.6763,0.0904,0.5000,0,1,2.5927,-0.1674,0.5033,0.3565,-0.1606,-0.4478,2.5927,-0.1674,0.5033,2.6149,-0.1446,0.5000,1,1,2.0594,0.1141,0.3697,-0.1802,0.1144,-0.5814,2.0594,0.1141,0.3697,1.9797,0.0572,0.3000,1,1,2.0832,-0.1345,0.3908,-0.1534,-0.1339,-0.5603,2.0832,-0.1345,0.3908,2.1543,-0.1378,0.4000,0,1
2.2453,-0.0039,0.9534,-0.2248,-0.0082,2.6386,0.1303,0.5094,0.3922,0.1374,-0.4440,2.6386,0.1303,0.5094,2.6804,0.0905,0.5000,0,1,2.5999,-0.1663,0.5042,0.3559,-0.1595,-0.4492,2.5999,-0.1663,0.5042,2.6178,-0.1445,0.5000,1,1,2.0603,0.1155,0.3709,-0.1860,0.1179,-0.5825,2.0603,0.1155,0.3709,1.9819,0.0559,0.3000,1,1,2.1169,-0.1199,0.3908,-0.1274,-0.1170,-0.5626,2.1169,-0.1199,0.3908,2.1592,-0.1391,0.4000,0,1
2.2474,-0.0043,0.9542,-0.2234,-0.0070,2.6384,0.1305,0.5091,0.3900,0.1375,-0.4451,2.6384,0.1305,0.5091,2.6576,0.1306,0.5000,1,1,2.6060,-0.1659,0.5077,0.3597,-0.1591,-0.4465,2.6060,-0.1659,0.5077,2.6826,-0.1844,0.5000,0,1,2.0610,0.1167,0.3751,-0.1872,0.1197,-0.5791,2.0610,0.1167,0.3751,2.1660,0.1346,0.4000,0,1,2.1167,-0.1197,0.3907,-0.1299,-0.1163,-0.5635,2.1167,-0.1197,0.3907,2.1370,-0.1804,0.4000,1,1
2.2517,-0.0050,0.9557,-0.2220,-0.0046,2.6384,0.1305,0.5091,0.3861,0.1373,-0.4466,2.6384,0.1305,0.5091,2.6596,0.1308,0.5000,1,1,2.6190,-0.1659,0.5158,0.3680,-0.1592,-0.4399,2.6190,-0.1659,0.5158,2.6874,-0.1842,0.5000,0,1,2.0645,0.1196,0.3833,-0.1878,0.1237,-0.5724,2.0645,0.1196,0.3833,2.1700,0.1334,0.4000,0,1,2.1164,-0.1197,0.3910,-0.1348,-0.1153,-0.5647,2.1164,-0.1197,0.3910,2.0998,-0.1416,0.4000,1,1
2.2560,-0.0056,0.9573,-0.2212,-0.0023,2.6379,0.1306,0.5087,0.3816,0.1371,-0.4486,2.6379,0.1306,0.5087,2.6617,0.1310,0.5000,1,1,2.6318,-0.1661,0.5271,0.3762,-0.1596,-0.4302,2.6318,-0.1661,0.5271,2.6920,-0.1840,0.5000,0,1,2.0574,0.1237,0.3960,-0.1989,0.1288,-0.5613,2.0574,0.1237,0.3960,2.1741,0.1323,0.4000,0,1,2.1154,-0.1196,0.3915,-0.1403,-0.1143,-0.5658,2.1154,-0.1196,0.3915,2.1024,-0.1427,0.4000,1,1
2.2601,-0.0060,0.9590,-0.2211,-0.0003,2.6380,0.1306,0.5087,0.3779,0.1367,-0.4503,2.6380,0.1306,0.5087,2.6636,0.1313,0.5000,1,1,2.6437,-0.1663,0.5400,0.3836,-0.1602,-0.4190,2.6437,-0.1663,0.5400,2.6965,-0.1837,0.5000,0,1,2.0533,0.1279,0.4086,-0.2068,0.1338,-0.5504,2.0533,0.1279,0.4086,2.1780,0.1315,0.4000,0,1,2.1139,-0.1197,0.3931,-0.1462,-0.1137,-0.5659,2.1139,-0.1197,0.3931,2.1049,-0.1435,0.4000,1,1
2.2642,-0.0064,0.9606,-0.2212,0.0013,2.6381,0.1305,0.5088,0.3741,0.1364,-0.4518,2.6381,0.1305,0.5088,2.6654,0.1316,0.5000,1,1,2.6536,-0.1664,0.5532,0.3892,-0.1605,-0.4074,2.6536,-0.1664,0.5532,2.7008,-0.1834,0.5000,0,1,2.0579,0.1311,0.4216,-0.2061,0.1378,-0.5390,2.0579,0.1311,0.4216,2.1818,0.1309,0.4000,0,1,2.1138,-0.1197,0.3933,-0.1505,-0.1131,-0.5673,2.1138,-0.1197,0.3933,2.1072,-0.1441,0.4000,1,1
2.2681,-0.0066,0.9622,-0.2215,0.0025,2.6382,0.1305,0.5088,0.3704,0.1362,-0.4534,2.6382,0.1305,0.5088,2.6672,0.1319,0.5000,1,1,2.6620,-0.1667,0.5653,0.3935,-0.1611,-0.3969,2.6620,-0.1667,0.5653,2.7049,-0.1831,0.5000,0,1,2.0666,0.1337,0.4336,-0.2011,0.1408,-0.5286,2.0666,0.1337,0.4336,2.1856,0.1304,0.4000,0,1,2.1129,-0.1198,0.3944,-0.1555,-0.1128,-0.5678,2.1129,-0.1198,0.3944,2.1093,-0.1446,0.4000,1,1
2.2720,-0.0067,0.9637,-0.2217,0.0032,2.6382,0.1305,0.5088,0.3666,0.1360,-0.4549,2.6382,0.1305,0.5088,2.6689,0.1320,0.5000,1,1,2.6698,-0.1670,0.5751,0.3973,-0.1616,-0.3886,2.6698,-0.1670,0.5751,2.7888,-0.1830,0.6000,0,1,2.0767,0.1358,0.4434,-0.1948,0.1431,-0.5203,2.0767,0.1358,0.4434,2.1893,0.1302,0.4000,0,1,2.1105,-0.1200,0.3970,-0.1619,-0.1128,-0.5667,2.1105,-0.1200,0.3970,2.1112,-0.1448,0.4000,1,1
2.2757,-0.0066,0.9650,-0.2220,0.0037,2.6383,0.1306,0.5089,0.3631,0.1359,-0.4561,2.6383,0.1306,0.5089,2.6706,0.1322,0.5000,1,1,2.6787,-0.1672,0.5812,0.4024,-0.1621,-0.3838,2.6787,-0.1672,0.5812,2.7926,-0.1828,0.6000,0,1,2.0848,0.1377,0.4494,-0.1904,0.1450,-0.5156,2.0848,0.1377,0.4494,2.1930,0.1302,0.4000,0,1,2.1101,-0.1200,0.3975,-0.1660,-0.1128,-0.5675,2.1101,-0.1200,0.3975,2.1130,-0.1448,0.4000,1,1
2.2795,-0.0065,0.9661,-0.2221,0.0039,2.6383,0.1306,0.5089,0.3593,0.1357,-0.4572,2.6383,0.1306,0.5089,2.6723,0.1325,0.5000,1,1,2.6885,-0.1675,0.5827,0.4084,-0.1626,-0.3834,2.6885,-0.1675,0.5827,2.7964,-0.1825,0.6000,0,1,2.0914,0.1394,0.4509,-0.1875,0.1466,-0.5152,2.0914,0.1394,0.4509,2.1967,0.1303,0.4000,0,1,2.1097,-0.1200,0.3980,-0.1702,-0.1128,-0.5681,2.1097,-0.1200,0.3980,2.1148,-0.1447,0.4000,1,1
2.2831,-0.0062,0.9672,-0.2220,0.0040,2.6383,0.1306,0.5089,0.3557,0.1354,-0.4583,2.6383,0.1306,0.5089,2.6740,0.1328,0.5000,1,1,2.6951,-0.1674,0.5799,0.4114,-0.1628,-0.3873,2.6951,-0.1674,0.5799,2.8001,-0.1822,0.6000,0,1,2.0963,0.1409,0.4477,-0.1862,0.1478,-0.5195,2.0963,0.1409,0.4477,2.2004,0.1306,0.4000,0,1,2.1093,-0.1200,0.3984,-0.1743,-0.1131,-0.5688,2.1093,-0.1200,0.3984,2.1165,-0.1444,0.4000,1,1
2.2868,-0.0058,0.9682,-0.2217,0.0039,2.6383,0.1306,0.5089,0.3520,0.1350,-0.4593,2.6383,0.1306,0.5089,2.6757,0.1332,0.5000,1,1,2.7069,-0.1667,0.5743,0.4195,-0.1625,-0.3939,2.7069,-0.1667,0.5743,2.8037,-0.1818,0.6000,0,1,2.0997,0.1420,0.4427,-0.1865,0.1485,-0.5255,2.0997,0.1420,0.4427,2.2041,0.1310,0.4000,0,1,2.1094,-0.1200,0.3984,-0.1778,-0.1135,-0.5698,2.1094,-0.1200,0.3984,2.1181,-0.1440,0.4000,1,1
2.2905,-0.0053,0.9691,-0.2212,0.0037,2.6383,0.1306,0.5089,0.3483,0.1346,-0.4602,2.6383,0.1306,0.5089,2.6774,0.1336,0.5000,1,1,2.7129,-0.1656,0.5676,0.4218,-0.1619,-0.4015,2.7129,-0.1656,0.5676,2.8074,-0.1814,0.6000,0,1,2.1002,0.1429,0.4378,-0.1898,0.1489,-0.5313,2.1002,0.1429,0.4378,2.2078,0.1316,0.4000,0,1,2.1094,-0.1200,0.3984,-0.1815,-0.1140,-0.5707,2.1094,-0.1200,0.3984,2.1198,-0.1434,0.4000,1,1
2.2941,-0.0046,0.9701,-0.2203,0.0035,2.6383,0.1306,0.5089,0.3447,0.1340,-0.4612,2.6383,0.1306,0.5089,2.6790,0.1342,0.5000,1,1,2.7225,-0.1639,0.5572,0.4278,-0.1608,-0.4129,2.7225,-0.1639,0.5572,2.8110,-0.1808,0.6000,0,1,2.1013,0.1431,0.4296,-0.1923,0.1484,-0.5405,2.1013,0.1431,0.4296,2.2114,0.1322,0.4000,0,1,2.1094,-0.1200,0.3984,-0.1851,-0.1148,-0.5717,2.1094,-0.1200,0.3984,2.1214,-0.1428,0.4000,1,1
2.2978,-0.0039,0.9711,-0.2191,0.0034,2.6384,0.1305,0.5090,0.3411,0.1332,-0.4621,2.6384,0.1305,0.5090,2.6807,0.1349,0.5000,1,1,2.7305,-0.1612,0.5468,0.4322,-0.1588,-0.4243,2.7305,-0.1612,0.5468,2.8146,-0.1801,0.6000,0,1,2.0979,0.1428,0.4287,-0.1994,0.1474,-0.5424,2.0979,0.1428,0.4287,2.2151,0.1330,0.4000,0,1,2.1095,-0.1201,0.3984,-0.1887,-0.1156,-0.5727,2.1095,-0.1201,0.3984,2.1230,-0.1420,0.4000,1,1
2.3015,-0.0031,0.9721,-0.2179,0.0032,2.6385,0.1304,0.5090,0.3374,0.1324,-0.4631,2.6385,0.1304,0.5090,2.6824,0.1356,0.5000,1,1,2.7324,-0.1574,0.5382,0.4304,-0.1557,-0.4339,2.7324,-0.1574,0.5382,2.8183,-0.1794,0.6000,0,1,2.0987,0.1411,0.4186,-0.2023,0.1448,-0.5535,2.0987,0.1411,0.4186,2.2188,0.1338,0.4000,0,1,2.1095,-0.1202,0.3984,-0.1924,-0.1165,-0.5737,2.1095,-0.1202,0.3984,2.1247,-0.1412,0.4000,1,1
2.3053,-0.0022,0.9731,-0.2173,0.0030,2.6386,0.1303,0.5090,0.3337,0.1315,-0.4641,2.6386,0.1303,0.5090,2.6842,0.1364,0.5000,1,1,2.7483,-0.1536,0.5386,0.4425,-0.1527,-0.4345,2.7483,-0.1536,0.5386,2.8221,-0.1786,0.6000,0,1,2.1045,0.1384,0.4140,-0.2004,0.1412,-0.5591,2.1045,0.1384,0.4140,2.2226,0.1348,0.4000,0,1,2.1097,-0.1203,0.3984,-0.1960,-0.1175,-0.5747,2.1097,-0.1203,0.3984,2.1265,-0.1402,0.4000,1,1
2.3092,-0.0012,0.9742,-0.2166,0.0027,2.6385,0.1302,0.5090,0.3297,0.1305,-0.4652,2.6385,0.1302,0.5090,2.6862,0.1373,0.5000,1,1,2.7723,-0.1505,0.5344,0.4627,-0.1505,-0.4398,2.7723,-0.1505,0.5344,2.8259,-0.1777,0.6000,0,1,2.1052,0.1347,0.4095,-0.2036,0.1365,-0.5647,2.1052,0.1347,0.4095,2.2266,0.1358,0.4000,0,1,2.1095,-0.1204,0.3985,-0.2000,-0.1187,-0.5757,2.1095,-0.1204,0.3985,2.1283,-0.1392,0.4000,1,1
2.3138,-0.0001,0.9755,-0.2148,0.0020,2.6463,0.1310,0.5113,0.3328,0.1304,-0.4642,2.6463,0.1310,0.5113,2.7892,0.1381,0.6000,0,1,2.7850,-0.1489,0.5330,0.4709,-0.1497,-0.4425,2.7850,-0.1489,0.5330,2.6837,-0.1769,0.5000,1,1,2.1068,0.1321,0.4061,-0.2067,0.1326,-0.5694,2.1068,0.1321,0.4061,2.1646,0.1369,0.4000,1,1,2.1157,-0.1232,0.4008,-0.1983,-0.1227,-0.5747,2.1157,-0.1232,0.4008,2.2311,-0.1381,0.4000,0,1
2.3170,0.0007,0.9764,-0.2143,0.0016,2.6566,0.1332,0.5177,0.3398,0.1320,-0.4587,2.6566,0.1332,0.5177,2.7932,0.1388,0.6000,0,1,2.7850,-0.1493,0.5330,0.4678,-0.1507,-0.4434,2.7850,-0.1493,0.5330,2.6856,-0.1762,0.5000,1,1,2.1070,0.1318,0.4056,-0.2098,0.1314,-0.5708,2.1070,0.1318,0.4056,2.1666,0.1379,0.4000,1,1,2.1240,-0.1269,0.4073,-0.1932,-0.1273,-0.5691,2.1240,-0.1269,0.4073,2.2350,-0.1371,0.4000,0,1
2.3210,0.0015,0.9775,-0.2158,0.0015,2.6697,0.1368,0.5277,0.3489,0.1348,-0.4498,2.6697,0.1368,0.5277,2.7972,0.1395,0.6000,0,1,2.7837,-0.1493,0.5352,0.4625,-0.1515,-0.4423,2.7837,-0.1493,0.5352,2.6876,-0.1755,0.5000,1,1,2.1071,0.1318,0.4055,-0.2137,0.1306,-0.5720,2.1071,0.1318,0.4055,2.1686,0.1387,0.4000,1,1,2.1356,-0.1307,0.4172,-0.1856,-0.1319,-0.5603,2.1356,-0.1307,0.4172,2.2390,-0.1363,0.4000,0,1
2.3250,0.0021,0.9787,-0.2182,0.0016,2.6820,0.1405,0.5398,0.3572,0.1378,-0.4389,2.6820,0.1405,0.5398,2.8012,0.1402,0.6000,0,1,2.7823,-0.1492,0.5376,0.4571,-0.1520,-0.4411,2.7823,-0.1492,0.5376,2.6896,-0.1748,0.5000,1,1,2.1069,0.1317,0.4056,-0.2179,0.1299,-0.5731,2.1069,0.1317,0.4056,2.1706,0.1394,0.4000,1,1,2.1472,-0.1341,0.4292,-0.1780,-0.1359,-0.5495,2.1472,-0.1341,0.4292,2.2430,-0.1356,0.4000,0,1
2.3290,0.0026,0.9798,-0.2214,0.0019,2.6935,0.1440,0.5529,0.3648,0.1407,-0.4269,2.6935,0.1440,0.5529,2.8051,0.1409,0.6000,0,1,2.7815,-0.1492,0.5388,0.4522,-0.1527,-0.4410,2.7815,-0.1492,0.5388,2.6916,-0.1741,0.5000,1,1,2.1069,0.1317,0.4056,-0.2219,0.1295,-0.5742,2.1069,0.1317,0.4056,2.1725,0.1398,0.4000,1,1,2.1584,-0.1370,0.4415,-0.1709,-0.1393,-0.5383,2.1584,-0.1370,0.4415,2.2470,-0.1352,0.4000,0,1
2.3329,0.0030,0.9809,-0.2248,0.0024,2.7037,0.1472,0.5656,0.3711,0.1433,-0.4153,2.7037,0.1472,0.5656,2.8089,0.1415,0.6000,0,1,2.7807,-0.1492,0.5399,0.4474,-0.1533,-0.4410,2.7807,-0.1492,0.5399,2.6936,-0.1735,0.5000,1,1,2.1067,0.1317,0.4056,-0.2259,0.1292,-0.5753,2.1067,0.1317,0.4056,2.1743,0.1401,0.4000,1,1,2.1685,-0.1395,0.4537,-0.1647,-0.1421,-0.5272,2.1685,-0.1395,0.4537,2.2510,-0.1349,0.4000,0,1
2.3367,0.0033,0.9819,-0.2277,0.0031,2.7128,0.1499,0.5767,0.3766,0.1454,-0.4052,2.7128,0.1499,0.5767,2.8126,0.1420,0.6000,0,1,2.7802,-0.1492,0.5407,0.4430,-0.1539,-0.4412,2.7802,-0.1492,0.5407,2.6955,-0.1730,0.5000,1,1,2.1067,0.1317,0.4056,-0.2296,0.1291,-0.5763,2.1067,0.1317,0.4056,2.1760,0.1402,0.4000,1,1,2.1775,-0.1416,0.4646,-0.1596,-0.1444,-0.5173,2.1775,-0.1416,0.4646,2.2549,-0.1348,0.4000,0,1
2.3404,0.0034,0.9828,-0.2299,0.0039,2.7210,0.1521,0.5848,0.3812,0.1472,-0.3980,2.7210,0.1521,0.5848,2.8162,0.1424,0.6000,0,1,2.7799,-0.1492,0.5410,0.4389,-0.1543,-0.4418,2.7799,-0.1492,0.5410,2.6973,-0.1726,0.5000,1,1,2.1066,0.1317,0.4056,-0.2333,0.1292,-0.5772,2.1066,0.1317,0.4056,2.1776,0.1402,0.4000,1,1,2.1850,-0.1432,0.4727,-0.1560,-0.1460,-0.5101,2.1850,-0.1432,0.4727,2.2587,-0.1348,0.4000,0,1
2.3440,0.0034,0.9836,-0.2313,0.0048,2.7282,0.1539,0.5888,0.3849,0.1487,-0.3948,2.7282,0.1539,0.5888,2.8197,0.1427,0.6000,0,1,2.7799,-0.1492,0.5412,0.4352,-0.1547,-0.4424,2.7799,-0.1492,0.5412,2.6990,-0.1723,0.5000,1,1,2.1067,0.1317,0.4056,-0.2367,0.1294,-0.5780,2.1067,0.1317,0.4056,2.1791,0.1401,0.4000,1,1,2.1910,-0.1444,0.4767,-0.1537,-0.1471,-0.5069,2.1910,-0.1444,0.4767,2.2625,-0.1349,0.4000,0,1
2.3476,0.0033,0.9842,-0.2319,0.0057,2.7360,0.1551,0.5880,0.3893,0.1496,-0.3962,2.7360,0.1551,0.5880,2.8232,0.1429,0.6000,0,1,2.7799,-0.1492,0.5412,0.4314,-0.1550,-0.4430,2.7799,-0.1492,0.5412,2.7007,-0.1720,0.5000,1,1,2.1067,0.1317,0.4056,-0.2402,0.1298,-0.5786,2.1067,0.1317,0.4056,2.1806,0.1398,0.4000,1,1,2.1957,-0.1452,0.4755,-0.1527,-0.1476,-0.5087,2.1957,-0.1452,0.4755,2.2662,-0.1352,0.4000,0,1
2.3511,0.0030,0.9847,-0.2317,0.0066,2.7419,0.1560,0.5836,0.3918,0.1504,-0.4011,2.7419,0.1560,0.5836,2.8266,0.1430,0.6000,0,1,2.7799,-0.1492,0.5413,0.4278,-0.1550,-0.4434,2.7799,-0.1492,0.5413,2.7824,-0.1720,0.6000,1,1,2.1068,0.1317,0.4056,-0.2434,0.1303,-0.5791,2.1068,0.1317,0.4056,2.1820,0.1393,0.4000,1,1,2.1994,-0.1458,0.4700,-0.1527,-0.1478,-0.5147,2.1994,-0.1458,0.4700,2.2698,-0.1357,0.4000,0,1
2.3546,0.0027,0.9852,-0.2311,0.0076,2.7329,0.1587,0.5784,0.3795,0.1531,-0.4068,2.7329,0.1587,0.5784,2.8299,0.1431,0.6000,0,1,2.7801,-0.1491,0.5414,0.4243,-0.1550,-0.4438,2.7801,-0.1491,0.5414,2.7840,-0.1719,0.6000,1,1,2.1069,0.1318,0.4056,-0.2467,0.1310,-0.5796,2.1069,0.1318,0.4056,2.1834,0.1388,0.4000,1,1,2.2013,-0.1463,0.4609,-0.1544,-0.1478,-0.5243,2.2013,-0.1463,0.4609,2.2734,-0.1362,0.4000,0,1
2.3581,0.0023,0.9859,-0.2307,0.0086,2.7320,0.1615,0.5718,0.3753,0.1560,-0.4141,2.7320,0.1615,0.5718,2.8333,0.1430,0.6000,0,1,2.7801,-0.1492,0.5415,0.4207,-0.1551,-0.4444,2.7801,-0.1492,0.5415,2.7857,-0.1720,0.6000,1,1,2.1070,0.1317,0.4055,-0.2500,0.1316,-0.5804,2.1070,0.1317,0.4055,2.1847,0.1382,0.4000,1,1,2.2020,-0.1460,0.4513,-0.1574,-0.1470,-0.5346,2.2020,-0.1460,0.4513,2.2771,-0.1367,0.4000,0,1
2.3617,0.0018,0.9866,-0.2305,0.0093,2.7313,0.1628,0.5679,0.3711,0.1576,-0.4187,2.7313,0.1628,0.5679,2.8368,0.1428,0.6000,0,1,2.7801,-0.1493,0.5415,0.4170,-0.1550,-0.4451,2.7801,-0.1493,0.5415,2.7873,-0.1722,0.6000,1,1,2.1071,0.1317,0.4055,-0.2534,0.1323,-0.5811,2.1071,0.1317,0.4055,2.1862,0.1376,0.4000,1,1,2.2030,-0.1450,0.4396,-0.1601,-0.1453,-0.5470,2.2030,-0.1450,0.4396,2.2808,-0.1374,0.4000,0,1
2.3654,0.0012,0.9875,-0.2310,0.0097,2.7333,0.1632,0.5666,0.3695,0.1584,-0.4209,2.7333,0.1632,0.5666,2.8405,0.1424,0.6000,0,1,2.7803,-0.1492,0.5416,0.4134,-0.1544,-0.4459,2.7803,-0.1492,0.5416,2.6691,-0.2126,0.5000,1,1,2.1073,0.1317,0.4054,-0.2568,0.1330,-0.5821,2.1073,0.1317,0.4054,2.1879,0.1370,0.4000,1,1,2.2105,-0.1430,0.4328,-0.1563,-0.1427,-0.5547,2.2105,-0.1430,0.4328,2.2846,-0.1380,0.4000,0,1
2.3695,0.0005,0.9885,-0.2327,0.0099,2.7496,0.1620,0.5620,0.3817,0.1577,-0.4265,2.7496,0.1620,0.5620,2.8445,0.1418,0.6000,0,1,2.7802,-0.1491,0.5415,0.4092,-0.1537,-0.4470,2.7802,-0.1491,0.5415,2.6712,-0.2132,0.5000,1,1,2.1071,0.1319,0.4055,-0.2611,0.1340,-0.5830,2.1071,0.1319,0.4055,2.1899,0.1362,0.4000,1,1,2.2185,-0.1401,0.4303,-0.1524,-0.1391,-0.5582,2.2185,-0.1401,0.4303,2.2887,-0.1388,0.4000,0,1
2.3739,-0.0004,0.9896,-0.2344,0.0099,2.7699,0.1583,0.5571,0.3976,0.1548,-0.4325,2.7699,0.1583,0.5571,2.8489,0.1409,0.6000,0,1,2.7801,-0.1491,0.5414,0.4047,-0.1527,-0.4482,2.7801,-0.1491,0.5414,2.6736,-0.2141,0.5000,1,1,2.1070,0.1319,0.4056,-0.2656,0.1349,-0.5840,2.1070,0.1319,0.4056,2.1923,0.1353,0.4000,1,1,2.2362,-0.1364,0.4239,-0.1390,-0.1346,-0.5657,2.2362,-0.1364,0.4239,2.2931,-0.1397,0.4000,0,1
2.3784,-0.0014,0.9910,-0.2327,0.0100,2.8117,0.1567,0.5505,0.4349,0.1538,-0.4405,2.8117,0.1567,0.5505,2.8534,0.1398,0.6000,0,1,2.7795,-0.1487,0.5410,0.3996,-0.1513,-0.4500,2.7795,-0.1487,0.5410,2.6761,-0.2152,0.5000,1,1,2.1062,0.1322,0.4061,-0.2709,0.1363,-0.5849,2.1062,0.1322,0.4061,2.1948,0.1342,0.4000,1,1,2.2549,-0.1292,0.4191,-0.1248,-0.1266,-0.5719,2.2549,-0.1292,0.4191,2.2976,-0.1407,0.4000,0,1
2.3831,-0.0026,0.9924,-0.2312,0.0100,2.8123,0.1565,0.5496,0.4308,0.1548,-0.4428,2.8123,0.1565,0.5496,2.8310,0.0987,0.6000,1,1,2.7679,-0.1500,0.5451,0.3833,-0.1512,-0.4473,2.7679,-0.1500,0.5451,2.8608,-0.1363,0.6000,0,1,2.1242,0.1362,0.4096,-0.2575,0.1414,-0.5828,2.1242,0.1362,0.4096,2.2995,0.1331,0.4000,0,1,2.2542,-0.1295,0.4201,-0.1302,-0.1256,-0.5723,2.2542,-0.1295,0.4201,2.2352,-0.1419,0.4000,1,1
2.3878,-0.0035,0.9937,-0.2313,0.0098,2.8117,0.1567,0.5495,0.4254,0.1560,-0.4442,2.8117,0.1567,0.5495,2.8338,0.0976,0.6000,1,1,2.7646,-0.1528,0.5531,0.3753,-0.1530,-0.4406,2.7646,-0.1528,0.5531,2.8655,-0.1374,0.6000,0,1,2.1402,0.1392,0.4184,-0.2462,0.1451,-0.5753,2.1402,0.1392,0.4184,2.3042,0.1322,0.4000,0,1,2.2530,-0.1293,0.4209,-0.1360,-0.1245,-0.5728,2.2530,-0.1293,0.4209,2.2379,-0.1428,0.4000,1,1
2.3923,-0.0044,0.9950,-0.2319,0.0091,2.8110,0.1568,0.5503,0.4201,0.1574,-0.4447,2.8110,0.1568,0.5503,2.7964,0.1365,0.6000,1,1,2.7528,-0.1581,0.5642,0.3591,-0.1570,-0.4308,2.7528,-0.1581,0.5642,2.8699,-0.1384,0.6000,0,1,2.1558,0.1418,0.4297,-0.2352,0.1483,-0.5653,2.1558,0.1418,0.4297,2.3089,0.1314,0.4000,0,1,2.2513,-0.1292,0.4224,-0.1421,-0.1235,-0.5726,2.2513,-0.1292,0.4224,2.2404,-0.1436,0.4000,1,1
2.3967,-0.0051,0.9964,-0.2332,0.0080,2.8106,0.1571,0.5512,0.4152,0.1589,-0.4452,2.8106,0.1571,0.5512,2.7990,0.1354,0.6000,1,1,2.7412,-0.1645,0.5771,0.3432,-0.1622,-0.4193,2.7412,-0.1645,0.5771,2.8742,-0.1396,0.6000,0,1,2.1705,0.1438,0.4426,-0.2250,0.1507,-0.5538,2.1705,0.1438,0.4426,2.3134,0.1309,0.4000,0,1,2.2507,-0.1290,0.4231,-0.1470,-0.1227,-0.5733,2.2507,-0.1290,0.4231,2.2426,-0.1441,0.4000,1,1
2.4010,-0.0057,0.9978,-0.2355,0.0067,2.8091,0.1573,0.5542,0.4092,0.1603,-0.4436,2.8091,0.1573,0.5542,2.8014,0.1343,0.6000,1,1,2.7437,-0.1700,0.5899,0.3416,-0.1666,-0.4079,2.7437,-0.1700,0.5899,2.8783,-0.1407,0.6000,0,1,2.1849,0.1456,0.4557,-0.2151,0.1527,-0.5421,2.1849,0.1456,0.4557,2.3178,0.1305,0.4000,0,1,2.2507,-0.1287,0.4230,-0.1511,-0.1220,-0.5748,2.2507,-0.1287,0.4230,2.2447,-0.1445,0.4000,1,1
2.4051,-0.0062,0.9993,-0.2382,0.0053,2.8083,0.1572,0.5558,0.4041,0.1613,-0.4435,2.8083,0.1572,0.5558,2.8038,0.1333,0.6000,1,1,2.7475,-0.1753,0.6019,0.3415,-0.1709,-0.3974,2.7475,-0.1753,0.6019,2.8822,-0.1417,0.6000,0,1,2.1987,0.1471,0.4677,-0.2056,0.1544,-0.5316,2.1987,0.1471,0.4677,2.3222,0.1303,0.4000,0,1,2.2507,-0.1287,0.4230,-0.1550,-0.1217,-0.5763,2.2507,-0.1287,0.4230,2.2466,-0.1447,0.4000,1,1
2.4091,-0.0066,1.0008,-0.2409,0.0037,2.8081,0.1572,0.5566,0.3996,0.1623,-0.4442,2.8081,0.1572,0.5566,2.8060,0.1323,0.6000,1,1,2.7512,-0.1799,0.6116,0.3415,-0.1746,-0.3892,2.7512,-0.1799,0.6116,2.8860,-0.1427,0.6000,0,1,2.2117,0.1481,0.4774,-0.1968,0.1554,-0.5234,2.2117,0.1481,0.4774,2.3264,0.1302,0.4000,0,1,2.2507,-0.1287,0.4230,-0.1589,-0.1215,-0.5778,2.2507,-0.1287,0.4230,2.2484,-0.1447,0.4000,1,1
2.4130,-0.0068,1.0022,-0.2435,0.0021,2.8077,0.1571,0.5573,0.3950,0.1631,-0.4449,2.8077,0.1571,0.5573,2.8081,0.1315,0.6000,1,1,2.7551,-0.1840,0.6177,0.3417,-0.1779,-0.3845,2.7551,-0.1840,0.6177,2.8897,-0.1435,0.6000,0,1,2.2237,0.1489,0.4836,-0.1890,0.1561,-0.5186,2.2237,0.1489,0.4836,2.3305,0.1303,0.4000,0,1,2.2507,-0.1287,0.4230,-0.1626,-0.1216,-0.5792,2.2507,-0.1287,0.4230,2.2501,-0.1447,0.4000,1,1
2.4168,-0.0069,1.0035,-0.2455,0.0006,2.8072,0.1571,0.5585,0.3905,0.1638,-0.4450,2.8072,0.1571,0.5585,2.8101,0.1308,0.6000,1,1,2.7607,-0.1879,0.6191,0.3438,-0.1812,-0.3844,2.7607,-0.1879,0.6191,2.8933,-0.1442,0.6000,0,1,2.2345,0.1494,0.4850,-0.1822,0.1564,-0.5185,2.2345,0.1494,0.4850,2.3345,0.1305,0.4000,0,1,2.2508,-0.1287,0.4230,-0.1661,-0.1217,-0.5805,2.2508,-0.1287,0.4230,2.2517,-0.1445,0.4000,1,1
2.4205,-0.0069,1.0047,-0.2471,-0.0008,2.8071,0.1570,0.5589,0.3865,0.1642,-0.4458,2.8071,0.1570,0.5589,2.8120,0.1302,0.6000,1,1,2.7642,-0.1910,0.6160,0.3438,-0.1838,-0.3887,2.7642,-0.1910,0.6160,2.8968,-0.1448,0.6000,0,1,2.2450,0.1494,0.4816,-0.1756,0.1562,-0.5231,2.2450,0.1494,0.4816,2.3384,0.1307,0.4000,0,1,2.2508,-0.1287,0.4230,-0.1696,-0.1219,-0.5817,2.2508,-0.1287,0.4230,2.2532,-0.1443,0.4000,1,1
2.4241,-0.0068,1.0059,-0.2482,-0.0022,2.8069,0.1570,0.5593,0.3824,0.1646,-0.4466,2.8069,0.1570,0.5593,2.8138,0.1299,0.6000,1,1,2.7686,-0.1934,0.6093,0.3449,-0.1858,-0.3966,2.7686,-0.1934,0.6093,2.9002,-0.1451,0.6000,0,1,2.2544,0.1488,0.4760,-0.1700,0.1552,-0.5299,2.2544,0.1488,0.4760,2.3422,0.1311,0.4000,0,1,2.2508,-0.1287,0.4230,-0.1730,-0.1223,-0.5829,2.2508,-0.1287,0.4230,2.2546,-0.1439,0.4000,1,1
2.4278,-0.0066,1.0070,-0.2492,-0.0034,2.8067,0.1570,0.5599,0.3783,0.1649,-0.4471,2.8067,0.1570,0.5599,2.8156,0.1296,0.6000,1,1,2.7713,-0.1946,0.6028,0.3441,-0.1868,-0.4042,2.7713,-0.1946,0.6028,2.9037,-0.1454,0.6000,0,1,2.2637,0.1482,0.4677,-0.1646,0.1542,-0.5393,2.2637,0.1482,0.4677,2.3460,0.1315,0.4000,0,1,2.2508,-0.1287,0.4230,-0.1766,-0.1227,-0.5840,2.2508,-0.1287,0.4230,2.2561,-0.1435,0.4000,1,1
2.4314,-0.0063,1.0081,-0.2502,-0.0044,2.8063,0.1569,0.5609,0.3742,0.1648,-0.4472,2.8063,0.1569,0.5609,2.8174,0.1296,0.6000,1,1,2.7734,-0.1950,0.5971,0.3428,-0.1872,-0.4110,2.7734,-0.1950,0.5971,2.9072,-0.1454,0.6000,0,1,2.2727,0.1467,0.4592,-0.1594,0.1523,-0.5489,2.2727,0.1467,0.4592,2.3498,0.1320,0.4000,0,1,2.2508,-0.1287,0.4230,-0.1801,-0.1232,-0.5851,2.2508,-0.1287,0.4230,2.2576,-0.1430,0.4000,1,1
2.4351,-0.0059,1.0092,-0.2517,-0.0054,2.8054,0.1569,0.5634,0.3694,0.1648,-0.4458,2.8054,0.1569,0.5634,2.8193,0.1296,0.6000,1,1,2.7620,-0.1949,0.6006,0.3279,-0.1872,-0.4086,2.7620,-0.1949,0.6006,2.9108,-0.1454,0.6000,0,1,2.2825,0.1455,0.4511,-0.1534,0.1506,-0.5581,2.2825,0.1455,0.4511,2.3537,0.1326,0.4000,0,1,2.2508,-0.1286,0.4230,-0.1836,-0.1237,-0.5862,2.2508,-0.1286,0.4230,2.2592,-0.1424,0.4000,1,1
2.4389,-0.0054,1.0105,-0.2533,-0.0064,2.8045,0.1569,0.5656,0.3646,0.1646,-0.4449,2.8045,0.1569,0.5656,2.8211,0.1297,0.6000,1,1,2.7515,-0.1926,0.5914,0.3138,-0.1852,-0.4191,2.7515,-0.1926,0.5914,2.9144,-0.1453,0.6000,0,1,2.2932,0.1431,0.4465,-0.1466,0.1476,-0.5640,2.2932,0.1431,0.4465,2.3575,0.1332,0.4000,0,1,2.2509,-0.1286,0.4229,-0.1872,-0.1244,-0.5876,2.2509,-0.1286,0.4229,2.2608,-0.1417,0.4000,1,1
2.4426,-0.0048,1.0118,-0.2546,-0.0071,2.8044,0.1569,0.5660,0.3606,0.1643,-0.4458,2.8044,0.1569,0.5660,2.8229,0.1300,0.6000,1,1,2.7645,-0.1896,0.5876,0.3232,-0.1825,-0.4242,2.7645,-0.1896,0.5876,2.9180,-0.1450,0.6000,0,1,2.3006,0.1401,0.4417,-0.1430,0.1439,-0.5701,2.3006,0.1401,0.4417,2.3213,0.0939,0.4000,0,1,2.2508,-0.1285,0.4229,-0.1909,-0.1251,-0.5889,2.2508,-0.1285,0.4229,2.2624,-0.1410,0.4000,1,1
2.4460,-0.0042,1.0133,-0.2541,-0.0072,2.8043,0.1568,0.5664,0.3571,0.1636,-0.4469,2.8043,0.1568,0.5664,2.8244,0.1305,0.6000,1,1,2.7876,-0.1802,0.5826,0.3429,-0.1735,-0.4307,2.7876,-0.1802,0.5826,2.9214,-0.1445,0.6000,0,1,2.2953,0.1356,0.4405,-0.1517,0.1387,-0.5728,2.2953,0.1356,0.4405,2.3248,0.0946,0.4000,0,1,2.2508,-0.1286,0.4230,-0.1943,-0.1258,-0.5903,2.2508,-0.1286,0.4230,2.2638,-0.1404,0.4000,1,1
2.4494,-0.0036,1.0152,-0.2509,-0.0071,2.7937,0.1603,0.5680,0.3431,0.1663,-0.4472,2.7937,0.1603,0.5680,2.9264,0.1311,0.6000,0,1,2.8019,-0.1754,0.5782,0.3537,-0.1693,-0.4370,2.8019,-0.1754,0.5782,2.8585,-0.1439,0.6000,1,1,2.2949,0.1332,0.4368,-0.1555,0.1357,-0.5784,2.2949,0.1332,0.4368,2.3018,0.1351,0.4000,1,1,2.2556,-0.1296,0.4252,-0.1929,-0.1274,-0.5900,2.2556,-0.1296,0.4252,2.3259,-0.1799,0.4000,0,1
2.4520,-0.0032,1.0167,-0.2480,-0.0067,2.7797,0.1661,0.5743,0.3266,0.1715,-0.4424,2.7797,0.1661,0.5743,2.9293,0.1318,0.6000,0,1,2.8020,-0.1756,0.5782,0.3511,-0.1701,-0.4385,2.8020,-0.1756,0.5782,2.8594,-0.1432,0.6000,1,1,2.2935,0.1330,0.4386,-0.1594,0.1351,-0.5781,2.2935,0.1330,0.4386,2.3027,0.1356,0.4000,1,1,2.2631,-0.1308,0.4316,-0.1880,-0.1289,-0.5851,2.2631,-0.1308,0.4316,2.3289,-0.1794,0.4000,0,1
2.4549,-0.0027,1.0185,-0.2450,-0.0061,2.7656,0.1727,0.5845,0.3096,0.1773,-0.4340,2.7656,0.1727,0.5845,2.9321,0.1325,0.6000,0,1,2.8021,-0.1758,0.5783,0.3482,-0.1710,-0.4402,2.8021,-0.1758,0.5783,2.8604,-0.1425,0.6000,1,1,2.2905,0.1329,0.4421,-0.1652,0.1346,-0.5764,2.2905,0.1329,0.4421,2.3035,0.1359,0.4000,1,1,2.2712,-0.1324,0.4417,-0.1829,-0.1308,-0.5768,2.2712,-0.1324,0.4417,2.3318,-0.1791,0.4000,0,1
2.4578,-0.0024,1.0201,-0.2429,-0.0056,2.7638,0.1776,0.5968,0.3050,0.1817,-0.4233,2.7638,0.1776,0.5968,2.9350,0.1330,0.6000,0,1,2.8023,-0.1760,0.5785,0.3455,-0.1717,-0.4416,2.8023,-0.1760,0.5785,2.8614,-0.1420,0.6000,1,1,2.2904,0.1328,0.4424,-0.1682,0.1343,-0.5777,2.2904,0.1328,0.4424,2.3044,0.1361,0.4000,1,1,2.2794,-0.1344,0.4539,-0.1777,-0.1330,-0.5662,2.2794,-0.1344,0.4539,2.3348,-0.1789,0.4000,0,1
2.4608,-0.0021,1.0217,-0.2418,-0.0054,2.7685,0.1813,0.6100,0.3067,0.1851,-0.4117,2.7685,0.1813,0.6100,2.9379,0.1334,0.6000,0,1,2.8023,-0.1761,0.5786,0.3424,-0.1722,-0.4431,2.8023,-0.1761,0.5786,2.8625,-0.1416,0.6000,1,1,2.2904,0.1327,0.4426,-0.1711,0.1339,-0.5791,2.2904,0.1327,0.4426,2.3054,0.1363,0.4000,1,1,2.2874,-0.1364,0.4670,-0.1727,-0.1352,-0.5547,2.2874,-0.1364,0.4670,2.3379,-0.1787,0.4000,0,1
2.4639,-0.0019,1.0231,-0.2416,-0.0054,2.7762,0.1838,0.6228,0.3113,0.1874,-0.4003,2.7762,0.1838,0.6228,2.9411,0.1335,0.6000,0,1,2.8023,-0.1761,0.5786,0.3393,-0.1724,-0.4445,2.8023,-0.1761,0.5786,2.8636,-0.1415,0.6000,1,1,2.2904,0.1327,0.4425,-0.1742,0.1337,-0.5806,2.2904,0.1327,0.4425,2.3065,0.1365,0.4000,1,1,2.2951,-0.1383,0.4798,-0.1681,-0.1373,-0.5433,2.2951,-0.1383,0.4798,2.3410,-0.1785,0.4000,0,1
2.4671,-0.0018,1.0243,-0.2422,-0.0058,2.7880,0.1854,0.6339,0.3198,0.1891,-0.3904,2.7880,0.1854,0.6339,2.9443,0.1335,0.6000,0,1,2.8023,-0.1761,0.5786,0.3362,-0.1724,-0.4457,2.8023,-0.1761,0.5786,2.8647,-0.1415,0.6000,1,1,2.2904,0.1327,0.4425,-0.1775,0.1335,-0.5818,2.2904,0.1327,0.4425,2.3077,0.1367,0.4000,1,1,2.3022,-0.1399,0.4909,-0.1641,-0.1391,-0.5334,2.3022,-0.1399,0.4909,2.3441,-0.1783,0.4000,0,1
2.4704,-0.0018,1.0253,-0.2431,-0.0063,2.8038,0.1861,0.6419,0.3322,0.1900,-0.3834,2.8038,0.1861,0.6419,2.9476,0.1334,0.6000,0,1,2.8022,-0.1760,0.5786,0.3329,-0.1721,-0.4467,2.8022,-0.1760,0.5786,2.8659,-0.1416,0.6000,1,1,2.2903,0.1328,0.4426,-0.1809,0.1335,-0.5827,2.2903,0.1328,0.4426,2.3090,0.1369,0.4000,1,1,2.3085,-0.1412,0.4989,-0.1610,-0.1404,-0.5264,2.3085,-0.1412,0.4989,2.3473,-0.1781,0.4000,0,1
2.4736,-0.0018,1.0261,-0.2441,-0.0071,2.8187,0.1861,0.6459,0.3438,0.1903,-0.3802,2.8187,0.1861,0.6459,2.9510,0.1331,0.6000,0,1,2.8022,-0.1760,0.5786,0.3298,-0.1719,-0.4475,2.8022,-0.1760,0.5786,2.8670,-0.1419,0.6000,1,1,2.2903,0.1328,0.4426,-0.1843,0.1333,-0.5835,2.2903,0.1328,0.4426,2.3104,0.1370,0.4000,1,1,2.3139,-0.1424,0.5029,-0.1587,-0.1417,-0.5232,2.3139,-0.1424,0.5029,2.3505,-0.1780,0.4000,0,1
2.4770,-0.0018,1.0268,-0.2451,-0.0079,2.8325,0.1857,0.6450,0.3540,0.1903,-0.3818,2.8325,0.1857,0.6450,2.9544,0.1327,0.6000,0,1,2.8022,-0.1760,0.5786,0.3266,-0.1716,-0.4482,2.8022,-0.1760,0.5786,2.8682,-0.1423,0.6000,1,1,2.2902,0.1328,0.4426,-0.1879,0.1331,-0.5842,2.2902,0.1328,0.4426,2.3118,0.1371,0.4000,1,1,2.3184,-0.1432,0.5017,-0.1575,-0.1426,-0.5251,2.3184,-0.1432,0.5017,2.3537,-0.1779,0.4000,0,1
2.4803,-0.0019,1.0273,-0.2458,-0.0087,2.8465,0.1848,0.6422,0.3646,0.1899,-0.3851,2.8465,0.1848,0.6422,2.9579,0.1323,0.6000,0,1,2.8022,-0.1760,0.5786,0.3234,-0.1713,-0.4487,2.8022,-0.1760,0.5786,2.8695,-0.1427,0.6000,1,1,2.2902,0.1328,0.4426,-0.1913,0.1330,-0.5847,2.2902,0.1328,0.4426,2.3133,0.1372,0.4000,1,1,2.3223,-0.1438,0.4964,-0.1568,-0.1433,-0.5309,2.3223,-0.1438,0.4964,2.4369,-0.1778,0.5000,0,1
2.4838,-0.0021,1.0279,-0.2467,-0.0092,2.8563,0.1840,0.6363,0.3708,0.1895,-0.3916,2.8563,0.1840,0.6363,2.9614,0.1319,0.6000,0,1,2.8021,-0.1760,0.5788,0.3199,-0.1710,-0.4491,2.8021,-0.1760,0.5788,2.8709,-0.1431,0.6000,1,1,2.2902,0.1328,0.4426,-0.1948,0.1331,-0.5853,2.2902,0.1328,0.4426,2.3148,0.1371,0.4000,1,1,2.3335,-0.1446,0.4893,-0.1490,-0.1439,-0.5386,2.3335,-0.1446,0.4893,2.4403,-0.1779,0.5000,0,1
2.4876,-0.0024,1.0285,-0.2482,-0.0090,2.8646,0.1829,0.6302,0.3753,0.1887,-0.3983,2.8646,0.1829,0.6302,2.9652,0.1317,0.6000,0,1,2.8020,-0.1759,0.5792,0.3159,-0.1707,-0.4493,2.8020,-0.1759,0.5792,2.8727,-0.1433,0.6000,1,1,2.2902,0.1328,0.4426,-0.1986,0.1334,-0.5859,2.2902,0.1328,0.4426,2.3166,0.1367,0.4000,1,1,2.3444,-0.1454,0.4830,-0.1419,-0.1443,-0.5455,2.3444,-0.1454,0.4830,2.4441,-0.1783,0.5000,0,1
2.4916,-0.0029,1.0292,-0.2497,-0.0081,2.8721,0.1812,0.6254,0.3790,0.1872,-0.4038,2.8721,0.1812,0.6254,2.9691,0.1315,0.6000,0,1,2.8020,-0.1759,0.5795,0.3118,-0.1705,-0.4497,2.8020,-0.1759,0.5795,2.8749,-0.1435,0.6000,1,1,2.2902,0.1328,0.4426,-0.2025,0.1341,-0.5866,2.2902,0.1328,0.4426,2.3185,0.1361,0.4000,1,1,2.3572,-0.1459,0.4754,-0.1332,-0.1441,-0.5538,2.3572,-0.1459,0.4754,2.4483,-0.1789,0.5000,0,1
2.4959,-0.0035,1.0302,-0.2507,-0.0065,2.8786,0.1787,0.6201,0.3815,0.1847,-0.4101,2.8786,0.1787,0.6201,2.9732,0.1315,0.6000,0,1,2.8019,-0.1759,0.5798,0.3071,-0.1704,-0.4504,2.8019,-0.1759,0.5798,2.8774,-0.1435,0.6000,1,1,2.2902,0.1327,0.4426,-0.2066,0.1349,-0.5876,2.2902,0.1327,0.4426,2.3206,0.1351,0.4000,1,1,2.3689,-0.1462,0.4699,-0.1261,-0.1435,-0.5603,2.3689,-0.1462,0.4699,2.4528,-0.1799,0.5000,0,1
2.5004,-0.0043,1.0314,-0.2510,-0.0041,2.8848,0.1756,0.6139,0.3837,0.1815,-0.4175,2.8848,0.1756,0.6139,2.9774,0.1316,0.6000,0,1,2.8018,-0.1759,0.5801,0.3021,-0.1704,-0.4513,2.8018,-0.1759,0.5801,2.8803,-0.1434,0.6000,1,1,2.2902,0.1327,0.4426,-0.2108,0.1361,-0.5888,2.2902,0.1327,0.4426,2.3228,0.1339,0.4000,1,1,2.3854,-0.1458,0.4672,-0.1144,-0.1420,-0.5642,2.3854,-0.1458,0.4672,2.4577,-0.1811,0.5000,0,1
2.5054,-0.0053,1.0328,-0.2506,-0.0008,2.9082,0.1727,0.6070,0.4027,0.1783,-0.4258,2.9082,0.1727,0.6070,2.9818,0.1318,0.6000,0,1,2.8019,-0.1757,0.5804,0.2966,-0.1702,-0.4524,2.8019,-0.1757,0.5804,2.8836,-0.1432,0.6000,1,1,2.2902,0.1329,0.4428,-0.2153,0.1380,-0.5900,2.2902,0.1329,0.4428,2.3252,0.1323,0.4000,1,1,2.3993,-0.1446,0.4650,-0.1060,-0.1394,-0.5678,2.3993,-0.1446,0.4650,2.4630,-0.1827,0.5000,0,1
2.5126,-0.0070,1.0354,-0.2460,0.0048,2.9441,0.1732,0.6039,0.4324,0.1781,-0.4315,2.9441,0.1732,0.6039,2.9865,0.1321,0.6000,0,1,2.8094,-0.1751,0.5822,0.2960,-0.1695,-0.4532,2.8094,-0.1751,0.5822,2.8874,-0.1429,0.6000,1,1,2.2934,0.1336,0.4438,-0.2185,0.1417,-0.5916,2.2934,0.1336,0.4438,2.3279,0.1304,0.4000,1,1,2.4250,-0.1438,0.4694,-0.0883,-0.1364,-0.5660,2.4250,-0.1438,0.4694,2.4688,-0.1846,0.5000,0,1
2.5163,-0.0078,1.0367,-0.2443,0.0075,2.9438,0.1736,0.6035,0.4288,0.1782,-0.4332,2.9438,0.1736,0.6035,2.9244,0.1325,0.6000,1,1,2.8215,-0.1745,0.5849,0.3039,-0.1690,-0.4518,2.8215,-0.1745,0.5849,2.9935,-0.1425,0.6000,0,1,2.3014,0.1344,0.4479,-0.2138,0.1438,-0.5888,2.3014,0.1344,0.4479,2.4728,0.0884,0.5000,0,1,2.4250,-0.1435,0.4690,-0.0923,-0.1350,-0.5677,2.4250,-0.1435,0.4690,2.3679,-0.1466,0.4000,1,1
2.5217,-0.0089,1.0383,-0.2436,0.0110,2.9432,0.1740,0.6034,0.4235,0.1783,-0.4349,2.9432,0.1740,0.6034,2.9275,0.1328,0.6000,1,1,2.8408,-0.1749,0.5962,0.3173,-0.1695,-0.4421,2.8408,-0.1749,0.5962,2.9995,-0.1422,0.6000,0,1,2.3148,0.1347,0.4565,-0.2053,0.1459,-0.5818,2.3148,0.1347,0.4565,2.4379,0.1266,0.5000,0,1,2.4218,-0.1431,0.4716,-0.1014,-0.1331,-0.5667,2.4218,-0.1431,0.4716,2.3319,-0.1884,0.4000,1,1
2.5271,-0.0097,1.0399,-0.2440,0.0141,2.9429,0.1743,0.6034,0.4184,0.1781,-0.4365,2.9429,0.1743,0.6034,2.9305,0.1331,0.6000,1,1,2.8607,-0.1762,0.6093,0.3312,-0.1712,-0.4306,2.8607,-0.1762,0.6093,3.0054,-0.1419,0.6000,0,1,2.3288,0.1350,0.4680,-0.1962,0.1475,-0.5719,2.3288,0.1350,0.4680,2.4430,0.1252,0.5000,0,1,2.4172,-0.1430,0.4756,-0.1118,-0.1317,-0.5643,2.4172,-0.1430,0.4756,2.3359,-0.1898,0.4000,1,1
2.5325,-0.0104,1.0415,-0.2448,0.0166,2.9427,0.1746,0.6035,0.4132,0.1782,-0.4380,2.9427,0.1746,0.6035,2.9335,0.1334,0.6000,1,1,2.8782,-0.1778,0.6222,0.3429,-0.1731,-0.4193,2.8782,-0.1778,0.6222,3.0111,-0.1416,0.6000,0,1,2.3417,0.1358,0.4809,-0.1883,0.1493,-0.5606,2.3417,0.1358,0.4809,2.4480,0.1240,0.5000,0,1,2.4159,-0.1427,0.4768,-0.1188,-0.1303,-0.5647,2.4159,-0.1427,0.4768,2.3396,-0.1909,0.4000,1,1
2.5376,-0.0108,1.0429,-0.2455,0.0188,2.9426,0.1748,0.6035,0.4084,0.1780,-0.4394,2.9426,0.1748,0.6035,2.9363,0.1337,0.6000,1,1,2.8939,-0.1791,0.6352,0.3531,-0.1750,-0.4077,2.8939,-0.1791,0.6352,3.0165,-0.1412,0.6000,0,1,2.3533,0.1367,0.4941,-0.1815,0.1509,-0.5488,2.3533,0.1367,0.4941,2.4528,0.1232,0.5000,0,1,2.4158,-0.1426,0.4767,-0.1243,-0.1295,-0.5662,2.4158,-0.1426,0.4767,2.3430,-0.1918,0.4000,1,1
2.5425,-0.0111,1.0441,-0.2458,0.0206,2.9426,0.1748,0.6035,0.4038,0.1776,-0.4406,2.9426,0.1748,0.6035,2.9390,0.1341,0.6000,1,1,2.9077,-0.1798,0.6473,0.3616,-0.1762,-0.3968,2.9077,-0.1798,0.6473,3.0217,-0.1408,0.6000,0,1,2.3637,0.1377,0.5062,-0.1757,0.1525,-0.5379,2.3637,0.1377,0.5062,2.4575,0.1226,0.5000,0,1,2.4151,-0.1425,0.4774,-0.1301,-0.1287,-0.5667,2.4151,-0.1425,0.4774,2.3462,-0.1923,0.4000,1,1
2.5473,-0.0111,1.0452,-0.2458,0.0220,2.9426,0.1748,0.6035,0.3993,0.1772,-0.4417,2.9426,0.1748,0.6035,2.9415,0.1346,0.6000,1,1,2.9199,-0.1798,0.6571,0.3688,-0.1769,-0.3881,2.9199,-0.1798,0.6571,3.0266,-0.1403,0.6000,0,1,2.3729,0.1384,0.5160,-0.1711,0.1533,-0.5292,2.3729,0.1384,0.5160,2.4621,0.1223,0.5000,0,1,2.4138,-0.1426,0.4787,-0.1364,-0.1285,-0.5665,2.4138,-0.1426,0.4787,2.3491,-0.1926,0.4000,1,1
2.5519,-0.0110,1.0460,-0.2454,0.0230,2.9427,0.1749,0.6036,0.3950,0.1769,-0.4424,2.9427,0.1749,0.6036,2.9440,0.1351,0.6000,1,1,2.9313,-0.1791,0.6633,0.3754,-0.1768,-0.3827,2.9313,-0.1791,0.6633,3.0313,-0.1398,0.6000,0,1,2.3813,0.1391,0.5222,-0.1671,0.1540,-0.5238,2.3813,0.1391,0.5222,2.4666,0.1223,0.5000,0,1,2.4138,-0.1426,0.4788,-0.1411,-0.1284,-0.5672,2.4138,-0.1426,0.4788,2.3519,-0.1927,0.4000,1,1
2.5564,-0.0107,1.0467,-0.2449,0.0237,2.9427,0.1749,0.6036,0.3906,0.1764,-0.4431,2.9427,0.1749,0.6036,2.9464,0.1357,0.6000,1,1,2.9415,-0.1779,0.6649,0.3810,-0.1763,-0.3818,2.9415,-0.1779,0.6649,3.0359,-0.1392,0.6000,0,1,2.3888,0.1396,0.5237,-0.1640,0.1542,-0.5230,2.3888,0.1396,0.5237,2.4710,0.1225,0.5000,0,1,2.4139,-0.1426,0.4787,-0.1456,-0.1285,-0.5680,2.4139,-0.1426,0.4787,2.3545,-0.1925,0.4000,1,1
2.5608,-0.0102,1.0472,-0.2443,0.0240,2.9427,0.1748,0.6036,0.3862,0.1758,-0.4436,2.9427,0.1748,0.6036,2.9488,0.1363,0.6000,1,1,2.9534,-0.1761,0.6619,0.3885,-0.1753,-0.3853,2.9534,-0.1761,0.6619,3.0404,-0.1386,0.6000,0,1,2.3961,0.1400,0.5206,-0.1610,0.1541,-0.5266,2.3961,0.1400,0.5206,2.4753,0.1229,0.5000,0,1,2.4139,-0.1426,0.4787,-0.1500,-0.1288,-0.5685,2.4139,-0.1426,0.4787,2.4369,-0.1921,0.5000,1,1
2.5651,-0.0096,1.0477,-0.2429,0.0240,2.9427,0.1749,0.6036,0.3819,0.1754,-0.4441,2.9427,0.1749,0.6036,2.9510,0.1369,0.6000,1,1,2.9613,-0.1740,0.6560,0.3921,-0.1739,-0.3917,2.9613,-0.1740,0.6560,3.0446,-0.1380,0.6000,0,1,2.3960,0.1413,0.5189,-0.1654,0.1549,-0.5288,2.3960,0.1413,0.5189,2.4796,0.1235,0.5000,0,1,2.4138,-0.1426,0.4788,-0.1544,-0.1293,-0.5689,2.4138,-0.1426,0.4788,2.4392,-0.1914,0.5000,1,1
2.5692,-0.0087,1.0482,-0.2407,0.0238,2.9428,0.1748,0.6037,0.3779,0.1746,-0.4445,2.9428,0.1748,0.6037,2.9532,0.1377,0.6000,1,1,2.9719,-0.1711,0.6482,0.3987,-0.1719,-0.4000,2.9719,-0.1711,0.6482,3.0488,-0.1373,0.6000,0,1,2.3980,0.1430,0.5156,-0.1675,0.1557,-0.5326,2.3980,0.1430,0.5156,2.4838,0.1244,0.5000,0,1,2.4139,-0.1426,0.4788,-0.1584,-0.1302,-0.5694,2.4139,-0.1426,0.4788,2.4413,-0.1905,0.5000,1,1
2.5733,-0.0077,1.0488,-0.2382,0.0231,2.9430,0.1747,0.6038,0.3738,0.1738,-0.4450,2.9430,0.1747,0.6038,2.9554,0.1384,0.6000,1,1,2.9797,-0.1677,0.6412,0.4026,-0.1693,-0.4076,2.9797,-0.1677,0.6412,3.0528,-0.1365,0.6000,0,1,2.3991,0.1444,0.5115,-0.1706,0.1561,-0.5373,2.3991,0.1444,0.5115,2.4879,0.1255,0.5000,0,1,2.4142,-0.1428,0.4787,-0.1622,-0.1314,-0.5701,2.4142,-0.1428,0.4787,2.4433,-0.1894,0.5000,1,1
2.5774,-0.0066,1.0495,-0.2357,0.0220,2.9431,0.1747,0.6038,0.3696,0.1732,-0.4457,2.9431,0.1747,0.6038,2.9577,0.1392,0.6000,1,1,2.9883,-0.1641,0.6326,0.4073,-0.1665,-0.4169,2.9883,-0.1641,0.6326,3.0567,-0.1357,0.6000,0,1,2.4018,0.1454,0.5033,-0.1722,0.1558,-0.5462,2.4018,0.1454,0.5033,2.4922,0.1269,0.5000,0,1,2.4143,-0.1427,0.4787,-0.1661,-0.1325,-0.5708,2.4143,-0.1427,0.4787,2.4453,-0.1880,0.5000,1,1
2.5817,-0.0052,1.0503,-0.2338,0.0204,2.9431,0.1746,0.6038,0.3650,0.1724,-0.4465,2.9431,0.1746,0.6038,2.9602,0.1399,0.6000,1,1,2.9967,-0.1605,0.6268,0.4117,-0.1637,-0.4235,2.9967,-0.1605,0.6268,3.0208,-0.1750,0.6000,0,1,2.4045,0.1449,0.5046,-0.1741,0.1537,-0.5457,2.4045,0.1449,0.5046,2.4967,0.1285,0.5000,0,1,2.4143,-0.1428,0.4787,-0.1702,-0.1342,-0.5716,2.4143,-0.1428,0.4787,2.4473,-0.1864,0.5000,1,1
2.5860,-0.0037,1.0513,-0.2320,0.0181,2.9430,0.1747,0.6037,0.3602,0.1719,-0.4476,2.9430,0.1747,0.6037,2.9628,0.1405,0.6000,1,1,2.9987,-0.1574,0.6217,0.4099,-0.1611,-0.4296,2.9987,-0.1574,0.6217,3.0248,-0.1744,0.6000,0,1,2.4262,0.1453,0.4939,-0.1571,0.1519,-0.5574,2.4262,0.1453,0.4939,2.5013,0.1304,0.5000,0,1,2.4142,-0.1427,0.4787,-0.1743,-0.1359,-0.5726,2.4142,-0.1427,0.4787,2.3293,-0.2245,0.4000,1,1
2.5902,-0.0022,1.0523,-0.2300,0.0152,2.9430,0.1745,0.6037,0.3554,0.1713,-0.4486,2.9430,0.1745,0.6037,2.9654,0.1410,0.6000,1,1,2.9928,-0.1553,0.6140,0.4002,-0.1592,-0.4383,2.9928,-0.1553,0.6140,3.0286,-0.1740,0.6000,0,1,2.4488,0.1457,0.4959,-0.1391,0.1500,-0.5564,2.4488,0.1457,0.4959,2.5059,0.1325,0.5000,0,1,2.4141,-0.1430,0.4788,-0.1782,-0.1381,-0.5735,2.4141,-0.1430,0.4788,2.3311,-0.2225,0.4000,1,1
2.5949,-0.0005,1.0536,-0.2281,0.0114,2.9515,0.1731,0.6059,0.3586,0.1695,-0.4477,2.9515,0.1731,0.6059,3.0291,0.1012,0.6000,0,1,2.9896,-0.1545,0.6109,0.3929,-0.1585,-0.4427,2.9896,-0.1545,0.6109,3.0063,-0.1337,0.6000,1,1,2.4662,0.1441,0.4863,-0.1270,0.1461,-0.5673,2.4662,0.1441,0.4863,2.4845,0.0946,0.5000,1,1,2.4130,-0.1454,0.4809,-0.1835,-0.1428,-0.5727,2.4130,-0.1454,0.4809,2.5138,-0.1404,0.5000,0,1
2.5986,0.0006,1.0546,-0.2280,0.0083,2.9639,0.1718,0.6122,0.3667,0.1682,-0.4424,2.9639,0.1718,0.6122,3.0337,0.1013,0.6000,0,1,2.9895,-0.1546,0.6107,0.3896,-0.1584,-0.4439,2.9895,-0.1546,0.6107,3.0080,-0.1337,0.6000,1,1,2.4660,0.1439,0.4863,-0.1314,0.1444,-0.5683,2.4660,0.1439,0.4863,2.4872,0.0966,0.5000,1,1,2.4156,-0.1481,0.4870,-0.1842,-0.1472,-0.5676,2.4156,-0.1481,0.4870,2.5174,-0.1384,0.5000,0,1
2.6026,0.0018,1.0559,-0.2285,0.0050,2.9777,0.1711,0.6222,0.3759,0.1674,-0.4337,2.9777,0.1711,0.6222,3.0383,0.1012,0.6000,0,1,2.9893,-0.1548,0.6107,0.3859,-0.1585,-0.4452,2.9893,-0.1548,0.6107,3.0097,-0.1338,0.6000,1,1,2.4641,0.1437,0.4881,-0.1378,0.1426,-0.5678,2.4641,0.1437,0.4881,2.4497,0.1383,0.5000,1,1,2.4164,-0.1510,0.4965,-0.1870,-0.1519,-0.5594,2.4164,-0.1510,0.4965,2.5211,-0.1366,0.5000,0,1
2.6065,0.0026,1.0572,-0.2289,0.0021,2.9903,0.1706,0.6344,0.3842,0.1672,-0.4228,2.9903,0.1706,0.6344,3.0426,0.1009,0.6000,0,1,2.9893,-0.1549,0.6107,0.3825,-0.1583,-0.4465,2.9893,-0.1549,0.6107,3.0112,-0.1341,0.6000,1,1,2.4613,0.1435,0.4910,-0.1449,0.1412,-0.5662,2.4613,0.1435,0.4910,2.4520,0.1398,0.5000,1,1,2.4127,-0.1541,0.5086,-0.1941,-0.1563,-0.5486,2.4127,-0.1541,0.5086,2.5246,-0.1352,0.5000,0,1
2.6102,0.0033,1.0586,-0.2290,-0.0003,3.0010,0.1702,0.6476,0.3907,0.1670,-0.4110,3.0010,0.1702,0.6476,3.0467,0.1007,0.6000,0,1,2.9894,-0.1549,0.6107,0.3792,-0.1581,-0.4479,2.9894,-0.1549,0.6107,3.0126,-0.1343,0.6000,1,1,2.4609,0.1435,0.4915,-0.1493,0.1402,-0.5671,2.4609,0.1435,0.4915,2.4541,0.1409,0.5000,1,1,2.4153,-0.1566,0.5217,-0.1949,-0.1600,-0.5369,2.4153,-0.1566,0.5217,2.5280,-0.1341,0.5000,0,1
2.6138,0.0038,1.0601,-0.2291,-0.0023,3.0101,0.1698,0.6604,0.3959,0.1669,-0.3997,3.0101,0.1698,0.6604,3.0506,0.1004,0.6000,0,1,2.9895,-0.1550,0.6108,0.3761,-0.1579,-0.4493,2.9895,-0.1550,0.6108,3.0139,-0.1346,0.6000,1,1,2.4584,0.1435,0.4942,-0.1557,0.1393,-0.5659,2.4584,0.1435,0.4942,2.4560,0.1417,0.5000,1,1,2.4237,-0.1581,0.5344,-0.1897,-0.1623,-0.5257,2.4237,-0.1581,0.5344,2.5313,-0.1333,0.5000,0,1
2.6174,0.0040,1.0614,-0.2293,-0.0040,3.0177,0.1691,0.6716,0.3996,0.1667,-0.3898,3.0177,0.1691,0.6716,3.0543,0.1000,0.6000,0,1,2.9896,-0.1550,0.6108,0.3728,-0.1575,-0.4506,2.9896,-0.1550,0.6108,3.0152,-0.1350,0.6000,1,1,2.4545,0.1435,0.4986,-0.1635,0.1388,-0.5628,2.4545,0.1435,0.4986,2.4577,0.1423,0.5000,1,1,2.4331,-0.1591,0.5455,-0.1836,-0.1638,-0.5159,2.4331,-0.1591,0.5455,2.5346,-0.1327,0.5000,0,1
2.6208,0.0041,1.0626,-0.2291,-0.0053,3.0242,0.1680,0.6797,0.4025,0.1660,-0.3829,3.0242,0.1680,0.6797,3.1379,0.0996,0.7000,0,1,2.9896,-0.1550,0.6108,0.3696,-0.1571,-0.4518,2.9896,-0.1550,0.6108,3.0165,-0.1354,0.6000,1,1,2.4545,0.1434,0.4986,-0.1670,0.1384,-0.5640,2.4545,0.1434,0.4986,2.4593,0.1426,0.5000,1,1,2.4412,-0.1598,0.5537,-0.1787,-0.1648,-0.5089,2.4412,-0.1598,0.5537,2.5379,-0.1324,0.5000,0,1
2.6242,0.0039,1.0636,-0.2289,-0.0065,3.0317,0.1665,0.6837,0.4064,0.1652,-0.3799,3.0317,0.1665,0.6837,3.1415,0.0990,0.7000,0,1,2.9897,-0.1551,0.6109,0.3665,-0.1566,-0.4527,2.9897,-0.1551,0.6109,3.0177,-0.1360,0.6000,1,1,2.4541,0.1434,0.4990,-0.1710,0.1384,-0.5646,2.4541,0.1434,0.4990,2.4609,0.1426,0.5000,1,1,2.4473,-0.1605,0.5577,-0.1758,-0.1655,-0.5059,2.4473,-0.1605,0.5577,2.5411,-0.1324,0.5000,0,1
2.6276,0.0036,1.0646,-0.2285,-0.0076,3.0404,0.1646,0.6826,0.4116,0.1641,-0.3820,3.0404,0.1646,0.6826,3.1450,0.0982,0.7000,0,1,2.9897,-0.1551,0.6109,0.3633,-0.1559,-0.4537,2.9897,-0.1551,0.6109,3.0189,-0.1367,0.6000,1,1,2.4536,0.1434,0.4996,-0.1751,0.1385,-0.5650,2.4536,0.1434,0.4996,2.4624,0.1425,0.5000,1,1,2.4521,-0.1609,0.5566,-0.1742,-0.1658,-0.5080,2.4521,-0.1609,0.5566,2.5443,-0.1325,0.5000,0,1
2.6310,0.0030,1.0654,-0.2278,-0.0086,3.0491,0.1623,0.6776,0.4167,0.1629,-0.3878,3.0491,0.1623,0.6776,3.1485,0.0973,0.7000,0,1,2.9897,-0.1551,0.6109,0.3600,-0.1550,-0.4545,2.9897,-0.1551,0.6109,3.0202,-0.1377,0.6000,1,1,2.4535,0.1434,0.4998,-0.1787,0.1389,-0.5656,2.4535,0.1434,0.4998,2.4639,0.1421,0.5000,1,1,2.4555,-0.1612,0.5518,-0.1741,-0.1657,-0.5136,2.4555,-0.1612,0.5518,2.5476,-0.1329,0.5000,0,1
2.6344,0.0023,1.0662,-0.2270,-0.0095,3.0558,0.1593,0.6715,0.4199,0.1610,-0.3947,3.0558,0.1593,0.6715,3.1520,0.0962,0.7000,0,1,2.9897,-0.1551,0.6109,0.3568,-0.1540,-0.4553,2.9897,-0.1551,0.6109,3.0214,-0.1388,0.6000,1,1,2.4535,0.1434,0.4998,-0.1822,0.1394,-0.5664,2.4535,0.1434,0.4998,2.4655,0.1415,0.5000,1,1,2.4570,-0.1610,0.5456,-0.1758,-0.1650,-0.5206,2.4570,-0.1610,0.5456,2.5508,-0.1334,0.5000,0,1
2.6378,0.0014,1.0670,-0.2263,-0.0105,3.0645,0.1556,0.6626,0.4251,0.1587,-0.4044,3.0645,0.1556,0.6626,3.1556,0.0949,0.7000,0,1,2.9898,-0.1550,0.6110,0.3536,-0.1527,-0.4560,2.9898,-0.1550,0.6110,3.0227,-0.1401,0.6000,1,1,2.4536,0.1435,0.4998,-0.1857,0.1402,-0.5672,2.4536,0.1435,0.4998,2.4670,0.1408,0.5000,1,1,2.4565,-0.1607,0.5379,-0.1796,-0.1640,-0.5291,2.4565,-0.1607,0.5379,2.5542,-0.1342,0.5000,0,1
2.6413,0.0003,1.0679,-0.2256,-0.0114,3.0711,0.1512,0.6531,0.4281,0.1558,-0.4148,3.0711,0.1512,0.6531,3.1593,0.0935,0.7000,0,1,2.9898,-0.1549,0.6110,0.3502,-0.1512,-0.4569,2.9898,-0.1549,0.6110,3.0241,-0.1415,0.6000,1,1,2.4536,0.1436,0.4998,-0.1893,0.1412,-0.5681,2.4536,0.1436,0.4998,2.4687,0.1398,0.5000,1,1,2.4550,-0.1601,0.5324,-0.1845,-0.1625,-0.5355,2.4550,-0.1601,0.5324,2.5576,-0.1352,0.5000,0,1
2.6449,-0.0011,1.0688,-0.2249,-0.0122,3.0794,0.1462,0.6443,0.4327,0.1526,-0.4245,3.0794,0.1462,0.6443,3.1629,0.0918,0.7000,0,1,2.9899,-0.1550,0.6110,0.3469,-0.1497,-0.4578,2.9899,-0.1550,0.6110,3.0256,-0.1431,0.6000,1,1,2.4537,0.1436,0.4998,-0.1930,0.1424,-0.5690,2.4537,0.1436,0.4998,2.4704,0.1387,0.5000,1,1,2.4509,-0.1591,0.5264,-0.1921,-0.1604,-0.5424,2.4509,-0.1591,0.5264,2.5610,-0.1363,0.5000,0,1
2.6485,-0.0025,1.0697,-0.2240,-0.0130,3.0886,0.1407,0.6383,0.4382,0.1489,-0.4314,3.0886,0.1407,0.6383,3.1666,0.0901,0.7000,0,1,2.9899,-0.1549,0.6111,0.3434,-0.1479,-0.4586,2.9899,-0.1549,0.6111,3.0271,-0.1449,0.6000,1,1,2.4538,0.1436,0.4998,-0.1966,0.1436,-0.5699,2.4538,0.1436,0.4998,2.4721,0.1373,0.5000,1,1,2.4542,-0.1571,0.5157,-0.1923,-0.1571,-0.5540,2.4542,-0.1571,0.5157,2.5645,-0.1376,0.5000,0,1
2.6522,-0.0041,1.0708,-0.2234,-0.0137,3.1039,0.1350,0.6360,0.4498,0.1453,-0.4348,3.1039,0.1350,0.6360,3.1704,0.0882,0.7000,0,1,2.9900,-0.1548,0.6111,0.3398,-0.1461,-0.4597,2.9900,-0.1548,0.6111,3.0286,-0.1468,0.6000,1,1,2.4538,0.1437,0.4999,-0.2004,0.1451,-0.5709,2.4538,0.1437,0.4999,2.4739,0.1358,0.5000,1,1,2.4518,-0.1537,0.5112,-0.1983,-0.1523,-0.5596,2.4518,-0.1537,0.5112,2.5681,-0.1391,0.5000,0,1
2.6573,-0.0066,1.0724,-0.2217,-0.0141,3.1302,0.1272,0.6356,0.4710,0.1405,-0.4368,3.1302,0.1272,0.6356,3.1742,0.0863,0.7000,0,1,2.9944,-0.1550,0.6118,0.3392,-0.1436,-0.4606,2.9944,-0.1550,0.6118,3.0303,-0.1487,0.6000,1,1,2.4578,0.1446,0.5007,-0.2016,0.1484,-0.5717,2.4578,0.1446,0.5007,2.4756,0.1342,0.5000,1,1,2.4520,-0.1486,0.5060,-0.2033,-0.1449,-0.5664,2.4520,-0.1486,0.5060,2.5718,-0.1408,0.5000,0,1
2.6599,-0.0077,1.0732,-0.2219,-0.0146,3.1291,0.1275,0.6375,0.4672,0.1420,-0.4357,3.1291,0.1275,0.6375,3.0711,0.1244,0.6000,1,1,3.0033,-0.1556,0.6155,0.3455,-0.1429,-0.4577,3.0033,-0.1556,0.6155,3.1741,-0.1906,0.7000,0,1,2.4646,0.1461,0.5046,-0.1975,0.1509,-0.5686,2.4646,0.1461,0.5046,2.5795,0.1325,0.5000,0,1,2.4518,-0.1483,0.5060,-0.2060,-0.1436,-0.5672,2.4518,-0.1483,0.5060,2.5085,-0.1425,0.5000,1,1
2.6638,-0.0091,1.0743,-0.2228,-0.0151,3.1283,0.1277,0.6379,0.4624,0.1438,-0.4364,3.1283,0.1277,0.6379,3.0331,0.0827,0.6000,1,1,3.0171,-0.1577,0.6238,0.3555,-0.1432,-0.4505,3.0171,-0.1577,0.6238,3.1380,-0.1523,0.7000,0,1,2.4759,0.1481,0.5133,-0.1903,0.1543,-0.5610,2.4759,0.1481,0.5133,2.5836,0.1311,0.5000,0,1,2.4515,-0.1481,0.5061,-0.2102,-0.1422,-0.5682,2.4515,-0.1481,0.5061,2.5105,-0.1439,0.5000,1,1
2.6677,-0.0104,1.0756,-0.2249,-0.0154,3.1278,0.1279,0.6385,0.4579,0.1454,-0.4371,3.1278,0.1279,0.6385,3.0352,0.0812,0.6000,1,1,3.0297,-0.1608,0.6350,0.3643,-0.1448,-0.4406,3.0297,-0.1608,0.6350,3.1419,-0.1537,0.7000,0,1,2.4881,0.1499,0.5247,-0.1820,0.1575,-0.5509,2.4881,0.1499,0.5247,2.5876,0.1298,0.5000,0,1,2.4514,-0.1480,0.5061,-0.2142,-0.1409,-0.5695,2.4514,-0.1480,0.5061,2.5124,-0.1451,0.5000,1,1
2.6717,-0.0115,1.0768,-0.2277,-0.0157,3.1269,0.1279,0.6399,0.4530,0.1465,-0.4369,3.1269,0.1279,0.6399,3.0372,0.0800,0.6000,1,1,3.0412,-0.1638,0.6477,0.3718,-0.1465,-0.4291,3.0412,-0.1638,0.6477,3.1459,-0.1549,0.7000,0,1,2.4998,0.1515,0.5371,-0.1744,0.1603,-0.5397,2.4998,0.1515,0.5371,2.5917,0.1288,0.5000,0,1,2.4512,-0.1480,0.5061,-0.2183,-0.1399,-0.5707,2.4512,-0.1480,0.5061,2.5143,-0.1462,0.5000,1,1
2.6756,-0.0124,1.0781,-0.2306,-0.0159,3.1262,0.1279,0.6409,0.4483,0.1474,-0.4372,3.1262,0.1279,0.6409,3.0391,0.0790,0.6000,1,1,3.0512,-0.1667,0.6608,0.3780,-0.1483,-0.4173,3.0512,-0.1667,0.6608,3.1498,-0.1559,0.7000,0,1,2.5107,0.1525,0.5497,-0.1675,0.1623,-0.5284,2.5107,0.1525,0.5497,2.5956,0.1279,0.5000,0,1,2.4511,-0.1479,0.5061,-0.2223,-0.1391,-0.5720,2.4511,-0.1479,0.5061,2.5162,-0.1470,0.5000,1,1
2.6795,-0.0132,1.0793,-0.2334,-0.0160,3.1259,0.1279,0.6414,0.4441,0.1482,-0.4379,3.1259,0.1279,0.6414,3.0410,0.0783,0.6000,1,1,3.0598,-0.1692,0.6729,0.3827,-0.1499,-0.4064,3.0598,-0.1692,0.6729,3.1536,-0.1567,0.7000,0,1,2.5205,0.1532,0.5616,-0.1616,0.1638,-0.5177,2.5205,0.1532,0.5616,2.5995,0.1272,0.5000,0,1,2.4511,-0.1479,0.5061,-0.2262,-0.1383,-0.5732,2.4511,-0.1479,0.5061,2.5181,-0.1478,0.5000,1,1
2.6833,-0.0137,1.0805,-0.2357,-0.0161,3.1256,0.1279,0.6417,0.4400,0.1487,-0.4388,3.1256,0.1279,0.6417,3.0428,0.0777,0.6000,1,1,3.0675,-0.1713,0.6826,0.3867,-0.1514,-0.3979,3.0675,-0.1713,0.6826,3.1574,-0.1573,0.7000,0,1,2.5288,0.1534,0.5713,-0.1572,0.1646,-0.5092,2.5288,0.1534,0.5713,2.6033,0.1267,0.5000,0,1,2.4510,-0.1479,0.5061,-0.2301,-0.1379,-0.5744,2.4510,-0.1479,0.5061,2.5199,-0.1483,0.5000,1,1
2.6870,-0.0141,1.0815,-0.2372,-0.0162,3.1256,0.1279,0.6417,0.4362,0.1491,-0.4398,3.1256,0.1279,0.6417,3.0446,0.0773,0.6000,1,1,3.0745,-0.1728,0.6888,0.3900,-0.1524,-0.3927,3.0745,-0.1728,0.6888,3.1611,-0.1577,0.7000,0,1,2.5356,0.1533,0.5775,-0.1541,0.1649,-0.5040,2.5356,0.1533,0.5775,2.6070,0.1263,0.5000,0,1,2.4510,-0.1479,0.5061,-0.2338,-0.1376,-0.5754,2.4510,-0.1479,0.5061,2.5216,-0.1486,0.5000,1,1
2.6907,-0.0142,1.0824,-0.2377,-0.0162,3.1256,0.1279,0.6417,0.4325,0.1491,-0.4407,3.1256,0.1279,0.6417,3.0463,0.0771,0.6000,1,1,3.0804,-0.1738,0.6904,0.3922,-0.1533,-0.3920,3.0804,-0.1738,0.6904,3.1648,-0.1579,0.7000,0,1,2.5411,0.1529,0.5789,-0.1523,0.1647,-0.5035,2.5411,0.1529,0.5789,2.6107,0.1262,0.5000,0,1,2.4511,-0.1479,0.5061,-0.2374,-0.1376,-0.5763,2.4511,-0.1479,0.5061,2.5233,-0.1488,0.5000,1,1
2.6943,-0.0142,1.0832,-0.2375,-0.0163,3.1257,0.1279,0.6418,0.4290,0.1491,-0.4414,3.1257,0.1279,0.6418,3.0479,0.0771,0.6000,1,1,3.0879,-0.1743,0.6875,0.3962,-0.1537,-0.3957,3.0879,-0.1743,0.6875,3.1684,-0.1579,0.7000,0,1,2.5452,0.1522,0.5754,-0.1518,0.1639,-0.5078,2.5452,0.1522,0.5754,2.6144,0.1262,0.5000,0,1,2.4511,-0.1479,0.5060,-0.2410,-0.1376,-0.5772,2.4511,-0.1479,0.5060,2.5249,-0.1488,0.5000,1,1
2.6979,-0.0141,1.0839,-0.2366,-0.0163,3.1257,0.1279,0.6419,0.4254,0.1490,-0.4420,3.1257,0.1279,0.6419,3.0495,0.0773,0.6000,1,1,3.0911,-0.1742,0.6818,0.3958,-0.1537,-0.4021,3.0911,-0.1742,0.6818,3.1720,-0.1577,0.7000,0,1,2.5483,0.1512,0.5683,-0.1523,0.1628,-0.5156,2.5483,0.1512,0.5683,2.6180,0.1264,0.5000,0,1,2.4512,-0.1479,0.5060,-0.2445,-0.1378,-0.5779,2.4512,-0.1479,0.5060,2.5265,-0.1486,0.5000,1,1
2.7016,-0.0137,1.0845,-0.2351,-0.0161,3.1258,0.1279,0.6419,0.4219,0.1484,-0.4426,3.1258,0.1279,0.6419,3.1311,0.0776,0.7000,1,1,3.0981,-0.1735,0.6747,0.3990,-0.1534,-0.4098,3.0981,-0.1735,0.6747,3.1757,-0.1573,0.7000,0,1,2.5500,0.1499,0.5599,-0.1542,0.1611,-0.5246,2.5500,0.1499,0.5599,2.6216,0.1267,0.5000,0,1,2.4513,-0.1479,0.5060,-0.2481,-0.1382,-0.5785,2.4513,-0.1479,0.5060,2.5281,-0.1483,0.5000,1,1
2.7052,-0.0133,1.0851,-0.2336,-0.0160,3.1259,0.1279,0.6420,0.4184,0.1479,-0.4431,3.1259,0.1279,0.6420,3.1327,0.0782,0.7000,1,1,3.0848,-0.1746,0.6715,0.3821,-0.1552,-0.4136,3.0848,-0.1746,0.6715,3.1793,-0.1568,0.7000,0,1,2.5495,0.1486,0.5517,-0.1583,0.1594,-0.5334,2.5495,0.1486,0.5517,2.6252,0.1271,0.5000,0,1,2.4514,-0.1479,0.5059,-0.2516,-0.1386,-0.5792,2.4514,-0.1479,0.5059,2.5298,-0.1479,0.5000,1,1
2.7089,-0.0127,1.0859,-0.2326,-0.0157,3.1259,0.1279,0.6421,0.4147,0.1471,-0.4438,3.1259,0.1279,0.6421,3.1344,0.0788,0.7000,1,1,3.0859,-0.1761,0.6684,0.3795,-0.1575,-0.4175,3.0859,-0.1761,0.6684,3.1831,-0.1561,0.7000,0,1,2.5507,0.1471,0.5432,-0.1607,0.1573,-0.5427,2.5507,0.1471,0.5432,2.6289,0.1276,0.5000,0,1,2.4515,-0.1479,0.5059,-0.2552,-0.1392,-0.5800,2.4515,-0.1479,0.5059,2.5316,-0.1474,0.5000,1,1
2.7128,-0.0121,1.0869,-0.2326,-0.0152,3.1259,0.1279,0.6421,0.4109,0.1463,-0.4448,3.1259,0.1279,0.6421,3.0162,0.0397,0.6000,1,1,3.0896,-0.1760,0.6705,0.3792,-0.1582,-0.4164,3.0896,-0.1760,0.6705,3.1871,-0.1553,0.7000,0,1,2.5512,0.1451,0.5381,-0.1640,0.1547,-0.5488,2.5512,0.1451,0.5381,2.6327,0.1282,0.5000,0,1,2.4515,-0.1479,0.5059,-0.2592,-0.1398,-0.5810,2.4515,-0.1479,0.5059,2.5335,-0.1468,0.5000,1,1
2.7170,-0.0112,1.0880,-0.2339,-0.0146,3.1260,0.1279,0.6421,0.4069,0.1451,-0.4459,3.1260,0.1279,0.6421,3.0184,0.0408,0.6000,1,1,3.1045,-0.1740,0.6609,0.3898,-0.1571,-0.4271,3.1045,-0.1740,0.6609,3.1913,-0.1542,0.7000,0,1,2.5691,0.1405,0.5285,-0.1501,0.1495,-0.5595,2.5691,0.1405,0.5285,2.6368,0.1289,0.5000,0,1,2.4515,-0.1479,0.5060,-0.2635,-0.1406,-0.5820,2.4515,-0.1479,0.5060,2.5358,-0.1460,0.5000,1,1
2.7214,-0.0102,1.0893,-0.2337,-0.0142,3.1253,0.1275,0.6416,0.4019,0.1434,-0.4477,3.1253,0.1275,0.6416,3.0207,0.0420,0.6000,1,1,3.1377,-0.1728,0.6603,0.4186,-0.1567,-0.4290,3.1377,-0.1728,0.6603,3.1958,-0.1530,0.7000,0,1,2.5864,0.1353,0.5275,-0.1371,0.1436,-0.5618,2.5864,0.1353,0.5275,2.6412,0.1299,0.5000,0,1,2.4506,-0.1483,0.5064,-0.2688,-0.1419,-0.5829,2.4506,-0.1483,0.5064,2.5383,-0.1451,0.5000,1,1
2.7268,-0.0087,1.0914,-0.2307,-0.0142,3.1181,0.1266,0.6437,0.3893,0.1408,-0.4477,3.1181,0.1266,0.6437,3.2042,0.1232,0.7000,0,1,3.1565,-0.1723,0.6544,0.4320,-0.1575,-0.4370,3.1565,-0.1723,0.6544,3.1743,-0.1918,0.7000,1,1,2.6013,0.1298,0.5222,-0.1275,0.1367,-0.5692,2.6013,0.1298,0.5222,2.5797,0.1311,0.5000,1,1,2.4626,-0.1502,0.5086,-0.2622,-0.1452,-0.5828,2.4626,-0.1502,0.5086,2.6417,-0.1439,0.5000,0,1
2.7304,-0.0079,1.0927,-0.2296,-0.0143,3.1125,0.1277,0.6498,0.3801,0.1410,-0.4429,3.1125,0.1277,0.6498,3.2088,0.1243,0.7000,0,1,3.1560,-0.1731,0.6544,0.4279,-0.1591,-0.4383,3.1560,-0.1731,0.6544,3.1768,-0.1907,0.7000,1,1,2.6006,0.1290,0.5222,-0.1317,0.1350,-0.5705,2.6006,0.1290,0.5222,2.5822,0.1323,0.5000,1,1,2.4754,-0.1530,0.5155,-0.2529,-0.1487,-0.5772,2.4754,-0.1530,0.5155,2.6463,-0.1427,0.5000,0,1
2.7350,-0.0069,1.0943,-0.2298,-0.0139,3.1084,0.1311,0.6598,0.3714,0.1432,-0.4345,3.1084,0.1311,0.6598,3.2133,0.1254,0.7000,0,1,3.1555,-0.1738,0.6550,0.4228,-0.1610,-0.4393,3.1555,-0.1738,0.6550,3.1794,-0.1896,0.7000,1,1,2.5998,0.1284,0.5228,-0.1371,0.1334,-0.5715,2.5998,0.1284,0.5228,2.5847,0.1331,0.5000,1,1,2.4911,-0.1559,0.5260,-0.2418,-0.1524,-0.5683,2.4911,-0.1559,0.5260,2.6509,-0.1418,0.5000,0,1
2.7395,-0.0061,1.0958,-0.2316,-0.0131,3.1119,0.1356,0.6720,0.3705,0.1466,-0.4238,3.1119,0.1356,0.6720,3.2177,0.1264,0.7000,0,1,3.1556,-0.1738,0.6549,0.4183,-0.1622,-0.4409,3.1556,-0.1738,0.6549,3.1821,-0.1886,0.7000,1,1,2.5996,0.1284,0.5231,-0.1416,0.1327,-0.5727,2.5996,0.1284,0.5231,2.5871,0.1338,0.5000,1,1,2.5071,-0.1581,0.5380,-0.2304,-0.1550,-0.5578,2.5071,-0.1581,0.5380,2.6555,-0.1412,0.5000,0,1
2.7440,-0.0056,1.0971,-0.2341,-0.0120,3.1106,0.1413,0.6852,0.3648,0.1513,-0.4119,3.1106,0.1413,0.6852,3.2220,0.1274,0.7000,0,1,3.1555,-0.1738,0.6550,0.4135,-0.1633,-0.4421,3.1555,-0.1738,0.6550,3.1447,-0.1476,0.7000,1,1,2.5996,0.1284,0.5230,-0.1460,0.1323,-0.5741,2.5996,0.1284,0.5230,2.5895,0.1341,0.5000,1,1,2.5224,-0.1602,0.5512,-0.2197,-0.1572,-0.5459,2.5224,-0.1602,0.5512,2.6601,-0.1408,0.5000,0,1
2.7483,-0.0051,1.0984,-0.2370,-0.0106,3.1021,0.1476,0.6978,0.3522,0.1564,-0.4006,3.1021,0.1476,0.6978,3.2262,0.1284,0.7000,0,1,3.1547,-0.1739,0.6568,0.4082,-0.1645,-0.4416,3.1547,-0.1739,0.6568,3.1472,-0.1466,0.7000,1,1,2.5996,0.1282,0.5230,-0.1501,0.1317,-0.5754,2.5996,0.1282,0.5230,2.5916,0.1343,0.5000,1,1,2.5366,-0.1621,0.5639,-0.2100,-0.1592,-0.5345,2.5366,-0.1621,0.5639,2.6647,-0.1407,0.5000,0,1
2.7525,-0.0048,1.0996,-0.2401,-0.0089,3.1015,0.1538,0.7088,0.3476,0.1617,-0.3908,3.1015,0.1538,0.7088,3.2301,0.1293,0.7000,0,1,3.1540,-0.1739,0.6582,0.4030,-0.1655,-0.4414,3.1540,-0.1739,0.6582,3.1496,-0.1457,0.7000,1,1,2.5996,0.1282,0.5229,-0.1541,0.1316,-0.5767,2.5996,0.1282,0.5229,2.5935,0.1343,0.5000,1,1,2.5499,-0.1636,0.5749,-0.2012,-0.1606,-0.5247,2.5499,-0.1636,0.5749,2.6690,-0.1407,0.5000,0,1
2.7565,-0.0047,1.1009,-0.2431,-0.0071,3.1042,0.1589,0.7169,0.3465,0.1661,-0.3840,3.1042,0.1589,0.7169,3.2338,0.1301,0.7000,0,1,3.1539,-0.1739,0.6587,0.3986,-0.1664,-0.4422,3.1539,-0.1739,0.6587,3.1519,-0.1449,0.7000,1,1,2.5996,0.1282,0.5229,-0.1578,0.1318,-0.5780,2.5996,0.1282,0.5229,2.5952,0.1340,0.5000,1,1,2.5625,-0.1646,0.5830,-0.1929,-0.1613,-0.5179,2.5625,-0.1646,0.5830,2.6733,-0.1409,0.5000,0,1
2.7603,-0.0048,1.1020,-0.2459,-0.0051,3.1053,0.1630,0.7211,0.3441,0.1696,-0.3809,3.1053,0.1630,0.7211,3.2374,0.1308,0.7000,0,1,3.1536,-0.1738,0.6594,0.3942,-0.1670,-0.4426,3.1536,-0.1738,0.6594,3.1540,-0.1442,0.7000,1,1,2.5996,0.1282,0.5229,-0.1614,0.1322,-0.5791,2.5996,0.1282,0.5229,2.5968,0.1337,0.5000,1,1,2.5741,-0.1653,0.5868,-0.1854,-0.1614,-0.5152,2.5741,-0.1653,0.5868,2.6774,-0.1413,0.5000,0,1
2.7640,-0.0050,1.1031,-0.2480,-0.0032,3.1118,0.1664,0.7215,0.3472,0.1725,-0.3816,3.1118,0.1664,0.7215,3.2408,0.1313,0.7000,0,1,3.1533,-0.1738,0.6601,0.3898,-0.1676,-0.4430,3.1533,-0.1738,0.6601,3.1560,-0.1437,0.7000,1,1,2.5997,0.1282,0.5229,-0.1647,0.1327,-0.5802,2.5997,0.1282,0.5229,2.5982,0.1331,0.5000,1,1,2.5850,-0.1658,0.5857,-0.1785,-0.1614,-0.5174,2.5850,-0.1658,0.5857,2.6814,-0.1419,0.5000,0,1
2.7676,-0.0054,1.1041,-0.2497,-0.0014,3.1110,0.1692,0.7176,0.3432,0.1751,-0.3865,3.1110,0.1692,0.7176,3.2442,0.1316,0.7000,0,1,3.1532,-0.1738,0.6602,0.3858,-0.1679,-0.4439,3.1532,-0.1738,0.6602,3.1578,-0.1434,0.7000,1,1,2.5996,0.1281,0.5229,-0.1682,0.1333,-0.5812,2.5996,0.1281,0.5229,2.5996,0.1324,0.5000,1,1,2.5950,-0.1660,0.5804,-0.1724,-0.1608,-0.5237,2.5950,-0.1660,0.5804,2.6852,-0.1426,0.5000,0,1
2.7711,-0.0059,1.1050,-0.2508,0.0004,3.1165,0.1715,0.7117,0.3455,0.1773,-0.3933,3.1165,0.1715,0.7117,3.2475,0.1318,0.7000,0,1,3.1532,-0.1738,0.6604,0.3820,-0.1681,-0.4446,3.1532,-0.1738,0.6604,3.1596,-0.1432,0.7000,1,1,2.5997,0.1282,0.5229,-0.1713,0.1342,-0.5821,2.5997,0.1282,0.5229,2.6009,0.1315,0.5000,1,1,2.6043,-0.1661,0.5732,-0.1669,-0.1601,-0.5318,2.6043,-0.1661,0.5732,2.6890,-0.1435,0.5000,0,1
2.7746,-0.0066,1.1058,-0.2518,0.0021,3.1152,0.1722,0.7087,0.3410,0.1781,-0.3971,3.1152,0.1722,0.7087,3.2507,0.1317,0.7000,0,1,3.1532,-0.1738,0.6604,0.3782,-0.1680,-0.4454,3.1532,-0.1738,0.6604,3.1613,-0.1433,0.7000,1,1,2.5997,0.1282,0.5229,-0.1746,0.1352,-0.5829,2.5997,0.1282,0.5229,2.6021,0.1305,0.5000,1,1,2.6123,-0.1658,0.5673,-0.1626,-0.1589,-0.5385,2.6123,-0.1658,0.5673,2.6927,-0.1445,0.5000,0,1
2.7781,-0.0074,1.1066,-0.2529,0.0037,3.1220,0.1722,0.7040,0.3446,0.1783,-0.4026,3.1220,0.1722,0.7040,3.2540,0.1315,0.7000,0,1,3.1532,-0.1738,0.6605,0.3745,-0.1678,-0.4461,3.1532,-0.1738,0.6605,3.2030,-0.1835,0.7000,1,1,2.5998,0.1281,0.5229,-0.1778,0.1362,-0.5837,2.5998,0.1281,0.5229,2.6034,0.1294,0.5000,1,1,2.6223,-0.1652,0.5584,-0.1564,-0.1572,-0.5482,2.6223,-0.1652,0.5584,2.6964,-0.1456,0.5000,0,1
2.7817,-0.0084,1.1074,-0.2541,0.0051,3.1221,0.1701,0.7003,0.3413,0.1768,-0.4071,3.1221,0.1701,0.7003,3.2573,0.1310,0.7000,0,1,3.1532,-0.1739,0.6605,0.3707,-0.1674,-0.4469,3.1532,-0.1739,0.6605,3.1647,-0.1440,0.7000,1,1,2.5998,0.1281,0.5229,-0.1812,0.1374,-0.5845,2.5998,0.1281,0.5229,2.6047,0.1282,0.5000,1,1,2.6277,-0.1639,0.5536,-0.1548,-0.1547,-0.5538,2.6277,-0.1639,0.5536,2.7001,-0.1468,0.5000,0,1
2.7853,-0.0096,1.1084,-0.2557,0.0064,3.1190,0.1680,0.6894,0.3348,0.1755,-0.4190,3.1190,0.1680,0.6894,3.2608,0.1303,0.7000,0,1,3.1532,-0.1738,0.6605,0.3668,-0.1666,-0.4479,3.1532,-0.1738,0.6605,3.1665,-0.1447,0.7000,1,1,2.5998,0.1281,0.5229,-0.1846,0.1389,-0.5855,2.5998,0.1281,0.5229,2.6062,0.1268,0.5000,1,1,2.6422,-0.1635,0.5400,-0.1441,-0.1530,-0.5684,2.6422,-0.1635,0.5400,2.7039,-0.1482,0.5000,0,1
2.7888,-0.0109,1.1096,-0.2567,0.0075,3.1298,0.1655,0.6834,0.3423,0.1738,-0.4262,3.1298,0.1655,0.6834,3.2641,0.1295,0.7000,0,1,3.1528,-0.1738,0.6612,0.3628,-0.1656,-0.4484,3.1528,-0.1738,0.6612,3.1682,-0.1455,0.7000,1,1,2.5997,0.1282,0.5230,-0.1881,0.1405,-0.5866,2.5997,0.1282,0.5230,2.6075,0.1253,0.5000,1,1,2.6558,-0.1634,0.5366,-0.1341,-0.1515,-0.5730,2.6558,-0.1634,0.5366,2.7076,-0.1497,0.5000,0,1
2.7922,-0.0122,1.1109,-0.2561,0.0086,3.1462,0.1597,0.6808,0.3555,0.1688,-0.4301,3.1462,0.1597,0.6808,3.2673,0.1285,0.7000,0,1,3.1524,-0.1735,0.6616,0.3588,-0.1644,-0.4493,3.1524,-0.1735,0.6616,3.1697,-0.1465,0.7000,1,1,2.5993,0.1284,0.5232,-0.1917,0.1423,-0.5877,2.5993,0.1284,0.5232,2.6088,0.1237,0.5000,1,1,2.6469,-0.1674,0.5411,-0.1466,-0.1539,-0.5698,2.6469,-0.1674,0.5411,2.6711,-0.1913,0.5000,0,1
2.7953,-0.0136,1.1125,-0.2541,0.0089,3.1463,0.1598,0.6806,0.3525,0.1703,-0.4319,3.1463,0.1598,0.6806,3.2035,0.1273,0.7000,1,1,3.1335,-0.1791,0.6655,0.3367,-0.1685,-0.4470,3.1335,-0.1791,0.6655,3.2729,-0.1477,0.7000,0,1,2.6068,0.1280,0.5273,-0.1872,0.1433,-0.5852,2.6068,0.1280,0.5273,2.6719,0.0823,0.5000,0,1,2.6472,-0.1673,0.5405,-0.1495,-0.1524,-0.5720,2.6472,-0.1673,0.5405,2.6473,-0.1527,0.5000,1,1
2.7984,-0.0147,1.1142,-0.2514,0.0086,3.1460,0.1596,0.6813,0.3491,0.1713,-0.4329,3.1460,0.1596,0.6813,3.2046,0.1260,0.7000,1,1,3.1187,-0.1855,0.6743,0.3188,-0.1735,-0.4399,3.1187,-0.1855,0.6743,3.2759,-0.1490,0.7000,0,1,2.6161,0.1278,0.5354,-0.1811,0.1441,-0.5788,2.6161,0.1278,0.5354,2.6750,0.0812,0.5000,0,1,2.6471,-0.1674,0.5407,-0.1526,-0.1514,-0.5735,2.6471,-0.1674,0.5407,2.6483,-0.1538,0.5000,1,1
2.8014,-0.0156,1.1159,-0.2489,0.0081,3.1461,0.1598,0.6819,0.3461,0.1726,-0.4340,3.1461,0.1598,0.6819,3.2057,0.1249,0.7000,1,1,3.1077,-0.1915,0.6858,0.3049,-0.1784,-0.4301,3.1077,-0.1915,0.6858,3.2789,-0.1501,0.7000,0,1,2.6244,0.1277,0.5466,-0.1758,0.1447,-0.5693,2.6244,0.1277,0.5466,2.6781,0.0804,0.5000,0,1,2.6451,-0.1672,0.5430,-0.1575,-0.1503,-0.5729,2.6451,-0.1672,0.5430,2.6493,-0.1546,0.5000,1,1
2.8045,-0.0164,1.1177,-0.2471,0.0077,3.1461,0.1599,0.6821,0.3429,0.1737,-0.4356,3.1461,0.1599,0.6821,3.2068,0.1240,0.7000,1,1,3.1096,-0.1957,0.6987,0.3037,-0.1816,-0.4190,3.1096,-0.1957,0.6987,3.2819,-0.1510,0.7000,0,1,2.6327,0.1279,0.5593,-0.1707,0.1456,-0.5584,2.6327,0.1279,0.5593,2.6812,0.0797,0.5000,0,1,2.6428,-0.1671,0.5457,-0.1629,-0.1495,-0.5720,2.6428,-0.1671,0.5457,2.6503,-0.1553,0.5000,1,1
2.8077,-0.0170,1.1194,-0.2461,0.0076,3.1462,0.1599,0.6821,0.3398,0.1743,-0.4373,3.1462,0.1599,0.6821,3.2080,0.1234,0.7000,1,1,3.1153,-0.1986,0.7118,0.3062,-0.1839,-0.4076,3.1153,-0.1986,0.7118,3.2851,-0.1516,0.7000,0,1,2.6404,0.1281,0.5723,-0.1662,0.1464,-0.5471,2.6404,0.1281,0.5723,2.6844,0.0791,0.5000,0,1,2.6429,-0.1670,0.5457,-0.1659,-0.1487,-0.5737,2.6429,-0.1670,0.5457,2.6515,-0.1559,0.5000,1,1
2.8109,-0.0174,1.1209,-0.2458,0.0079,3.1462,0.1599,0.6821,0.3367,0.1746,-0.4388,3.1462,0.1599,0.6821,3.2092,0.1230,0.7000,1,1,3.1234,-0.2003,0.7239,0.3110,-0.1854,-0.3970,3.1234,-0.2003,0.7239,3.2884,-0.1520,0.7000,0,1,2.6476,0.1282,0.5844,-0.1621,0.1469,-0.5365,2.6476,0.1282,0.5844,2.6876,0.0786,0.5000,0,1,2.6429,-0.1671,0.5457,-0.1692,-0.1484,-0.5752,2.6429,-0.1671,0.5457,2.6528,-0.1564,0.5000,1,1
2.8143,-0.0177,1.1223,-0.2462,0.0084,3.1462,0.1598,0.6821,0.3334,0.1747,-0.4402,3.1462,0.1598,0.6821,3.2105,0.1229,0.7000,1,1,3.1360,-0.2011,0.7334,0.3201,-0.1861,-0.3889,3.1360,-0.2011,0.7334,3.2918,-0.1521,0.7000,0,1,2.6541,0.1280,0.5938,-0.1590,0.1470,-0.5285,2.6541,0.1280,0.5938,2.6909,0.0782,0.5000,0,1,2.6428,-0.1671,0.5457,-0.1727,-0.1480,-0.5766,2.6428,-0.1671,0.5457,2.6542,-0.1568,0.5000,1,1
2.8177,-0.0179,1.1235,-0.2468,0.0092,3.1462,0.1598,0.6821,0.3301,0.1747,-0.4414,3.1462,0.1598,0.6821,3.2117,0.1230,0.7000,1,1,3.1519,-0.2011,0.7396,0.3325,-0.1863,-0.3839,3.1519,-0.2011,0.7396,3.2953,-0.1519,0.7000,0,1,2.6598,0.1278,0.6000,-0.1566,0.1471,-0.5235,2.6598,0.1278,0.6000,2.6942,0.0779,0.5000,0,1,2.6428,-0.1671,0.5457,-0.1763,-0.1476,-0.5778,2.6428,-0.1671,0.5457,2.6557,-0.1571,0.5000,1,1
2.8211,-0.0180,1.1245,-0.2475,0.0103,3.1462,0.1598,0.6821,0.3269,0.1744,-0.4424,3.1462,0.1598,0.6821,3.2130,0.1234,0.7000,1,1,3.1663,-0.2004,0.7418,0.3433,-0.1859,-0.3827,3.1663,-0.2004,0.7418,3.2988,-0.1516,0.7000,0,1,2.6649,0.1273,0.6018,-0.1547,0.1469,-0.5227,2.6649,0.1273,0.6018,2.6975,0.0776,0.5000,0,1,2.6428,-0.1671,0.5457,-0.1798,-0.1473,-0.5788,2.6428,-0.1671,0.5457,2.6573,-0.1573,0.5000,1,1
2.8245,-0.0179,1.1254,-0.2480,0.0114,3.1462,0.1598,0.6821,0.3237,0.1740,-0.4433,3.1462,0.1598,0.6821,3.2143,0.1238,0.7000,1,1,3.1842,-0.1990,0.7408,0.3576,-0.1852,-0.3846,3.1842,-0.1990,0.7408,3.3024,-0.1512,0.7000,0,1,2.6689,0.1264,0.5978,-0.1539,0.1461,-0.5276,2.6689,0.1264,0.5978,2.7007,0.0775,0.5000,0,1,2.6428,-0.1672,0.5457,-0.1834,-0.1472,-0.5797,2.6428,-0.1672,0.5457,2.6589,-0.1575,0.5000,1,1
2.8280,-0.0178,1.1262,-0.2484,0.0126,3.1462,0.1598,0.6821,0.3204,0.1736,-0.4441,3.1462,0.1598,0.6821,3.2156,0.1244,0.7000,1,1,3.1940,-0.1973,0.7366,0.3637,-0.1841,-0.3896,3.1940,-0.1973,0.7366,3.3061,-0.1506,0.7000,0,1,2.6717,0.1255,0.5908,-0.1545,0.1453,-0.5354,2.6717,0.1255,0.5908,2.7041,0.0774,0.5000,0,1,2.6428,-0.1671,0.5457,-0.1871,-0.1470,-0.5805,2.6428,-0.1671,0.5457,2.6605,-0.1576,0.5000,1,1
2.8315,-0.0176,1.1269,-0.2486,0.0137,3.1462,0.1598,0.6822,0.3171,0.1731,-0.4447,3.1462,0.1598,0.6822,3.2170,0.1251,0.7000,1,1,3.2108,-0.1949,0.7324,0.3768,-0.1825,-0.3945,3.2108,-0.1949,0.7324,3.3098,-0.1499,0.7000,0,1,2.6745,0.1238,0.5837,-0.1550,0.1435,-0.5432,2.6745,0.1238,0.5837,2.7874,0.0774,0.6000,0,1,2.6428,-0.1671,0.5457,-0.1907,-0.1469,-0.5812,2.6428,-0.1671,0.5457,2.6622,-0.1576,0.5000,1,1
2.8353,-0.0173,1.1277,-0.2494,0.0144,3.1461,0.1599,0.6823,0.3133,0.1727,-0.4454,3.1461,0.1599,0.6823,3.2186,0.1256,0.7000,1,1,3.2144,-0.1926,0.7298,0.3765,-0.1807,-0.3979,3.2144,-0.1926,0.7298,3.3136,-0.1493,0.7000,0,1,2.6863,0.1219,0.5751,-0.1470,0.1413,-0.5526,2.6863,0.1219,0.5751,2.7911,0.0776,0.6000,0,1,2.6428,-0.1671,0.5457,-0.1946,-0.1470,-0.5820,2.6428,-0.1671,0.5457,2.6640,-0.1574,0.5000,1,1
2.8393,-0.0167,1.1285,-0.2507,0.0142,3.1460,0.1599,0.6824,0.3092,0.1722,-0.4461,3.1460,0.1599,0.6824,3.2207,0.1261,0.7000,1,1,3.2241,-0.1889,0.7268,0.3823,-0.1776,-0.4017,3.2241,-0.1889,0.7268,3.3176,-0.1489,0.7000,0,1,2.7019,0.1200,0.5698,-0.1354,0.1386,-0.5587,2.7019,0.1200,0.5698,2.7951,0.0782,0.6000,0,1,2.6427,-0.1670,0.5458,-0.1987,-0.1475,-0.5827,2.6427,-0.1670,0.5458,2.6660,-0.1568,0.5000,1,1
2.8436,-0.0159,1.1296,-0.2517,0.0129,3.1460,0.1599,0.6825,0.3046,0.1719,-0.4471,3.1460,0.1599,0.6825,3.2232,0.1264,0.7000,1,1,3.2288,-0.1850,0.7211,0.3830,-0.1741,-0.4085,3.2288,-0.1850,0.7211,3.3217,-0.1485,0.7000,0,1,2.7130,0.1185,0.5636,-0.1289,0.1361,-0.5660,2.7130,0.1185,0.5636,2.7996,0.0792,0.6000,0,1,2.6427,-0.1669,0.5458,-0.2028,-0.1484,-0.5838,2.6427,-0.1669,0.5458,2.6682,-0.1557,0.5000,1,1
2.8481,-0.0149,1.1309,-0.2518,0.0106,3.1459,0.1599,0.6827,0.2996,0.1716,-0.4482,3.1459,0.1599,0.6827,3.2260,0.1266,0.7000,1,1,3.2356,-0.1816,0.7136,0.3857,-0.1708,-0.4173,3.2356,-0.1816,0.7136,3.3259,-0.1484,0.7000,0,1,2.7340,0.1173,0.5652,-0.1127,0.1334,-0.5657,2.7340,0.1173,0.5652,2.8045,0.0807,0.6000,0,1,2.6426,-0.1670,0.5458,-0.2071,-0.1499,-0.5851,2.6426,-0.1670,0.5458,2.6704,-0.1543,0.5000,1,1
2.8529,-0.0136,1.1326,-0.2505,0.0071,3.1457,0.1598,0.6826,0.2940,0.1713,-0.4500,3.1457,0.1598,0.6826,3.2293,0.1266,0.7000,1,1,3.2526,-0.1791,0.7062,0.3985,-0.1683,-0.4264,3.2526,-0.1791,0.7062,3.3303,-0.1484,0.7000,0,1,2.7556,0.1147,0.5613,-0.0964,0.1290,-0.5713,2.7556,0.1147,0.5613,2.8097,0.0826,0.6000,0,1,2.6424,-0.1671,0.5459,-0.2116,-0.1520,-0.5867,2.6424,-0.1671,0.5459,2.6727,-0.1524,0.5000,1,1
2.8591,-0.0119,1.1348,-0.2478,0.0016,3.1592,0.1593,0.6855,0.3004,0.1707,-0.4493,3.1592,0.1593,0.6855,3.3341,0.1263,0.7000,0,1,3.2903,-0.1783,0.7051,0.4309,-0.1671,-0.4297,3.2903,-0.1783,0.7051,3.2688,-0.1487,0.7000,1,1,2.7643,0.1080,0.5610,-0.0946,0.1201,-0.5738,2.7643,0.1080,0.5610,2.7095,0.1249,0.5000,1,1,2.6497,-0.1675,0.5486,-0.2096,-0.1553,-0.5862,2.6497,-0.1675,0.5486,2.8162,-0.1901,0.6000,0,1
2.8634,-0.0107,1.1363,-0.2467,-0.0020,3.1731,0.1599,0.6932,0.3094,0.1712,-0.4431,3.1731,0.1599,0.6932,3.3400,0.1260,0.7000,0,1,3.2895,-0.1791,0.7044,0.4264,-0.1675,-0.4319,3.2895,-0.1791,0.7044,3.2715,-0.1490,0.7000,1,1,2.7615,0.1073,0.5628,-0.1021,0.1178,-0.5735,2.7615,0.1073,0.5628,2.7134,0.1271,0.5000,1,1,2.6606,-0.1677,0.5560,-0.2025,-0.1574,-0.5803,2.6606,-0.1677,0.5560,2.8209,-0.1879,0.6000,0,1
2.8687,-0.0095,1.1379,-0.2473,-0.0058,3.1946,0.1618,0.7045,0.3249,0.1732,-0.4334,3.1946,0.1618,0.7045,3.3459,0.1258,0.7000,0,1,3.2894,-0.1791,0.7045,0.4217,-0.1672,-0.4334,3.2894,-0.1791,0.7045,3.2743,-0.1492,0.7000,1,1,2.7609,0.1073,0.5633,-0.1085,0.1162,-0.5746,2.7609,0.1073,0.5633,2.7173,0.1291,0.5000,1,1,2.6750,-0.1672,0.5659,-0.1928,-0.1588,-0.5720,2.6750,-0.1672,0.5659,2.8257,-0.1859,0.6000,0,1
2.8740,-0.0084,1.1395,-0.2487,-0.0089,3.2127,0.1642,0.7171,0.3372,0.1756,-0.4224,3.2127,0.1642,0.7171,3.3516,0.1257,0.7000,0,1,3.2893,-0.1793,0.7045,0.4168,-0.1672,-0.4350,3.2893,-0.1793,0.7045,3.2771,-0.1493,0.7000,1,1,2.7574,0.1073,0.5666,-0.1176,0.1147,-0.5729,2.7574,0.1073,0.5666,2.6810,0.0907,0.5000,1,1,2.6891,-0.1665,0.5781,-0.1835,-0.1597,-0.5614,2.6891,-0.1665,0.5781,2.7905,-0.1443,0.6000,0,1
2.8791,-0.0076,1.1410,-0.2499,-0.0116,3.2294,0.1665,0.7301,0.3483,0.1782,-0.4109,3.2294,0.1665,0.7301,3.3571,0.1256,0.7000,0,1,3.2892,-0.1795,0.7045,0.4121,-0.1671,-0.4365,3.2892,-0.1795,0.7045,3.2799,-0.1494,0.7000,1,1,2.7571,0.1071,0.5668,-0.1233,0.1133,-0.5742,2.7571,0.1071,0.5668,2.6845,0.0920,0.5000,1,1,2.7014,-0.1659,0.5913,-0.1759,-0.1604,-0.5497,2.7014,-0.1659,0.5913,2.7953,-0.1429,0.6000,0,1
2.8841,-0.0069,1.1424,-0.2508,-0.0139,3.2442,0.1682,0.7428,0.3576,0.1801,-0.3996,3.2442,0.1682,0.7428,3.3623,0.1254,0.7000,0,1,3.2892,-0.1797,0.7045,0.4075,-0.1672,-0.4379,3.2892,-0.1797,0.7045,3.2825,-0.1496,0.7000,1,1,2.7556,0.1071,0.5683,-0.1301,0.1122,-0.5741,2.7556,0.1071,0.5683,2.6878,0.0932,0.5000,1,1,2.7121,-0.1652,0.6041,-0.1698,-0.1607,-0.5383,2.7121,-0.1652,0.6041,2.8000,-0.1418,0.6000,0,1
2.8889,-0.0063,1.1436,-0.2510,-0.0158,3.2574,0.1694,0.7540,0.3657,0.1815,-0.3896,3.2574,0.1694,0.7540,3.3674,0.1252,0.7000,0,1,3.2892,-0.1797,0.7046,0.4030,-0.1671,-0.4390,3.2892,-0.1797,0.7046,3.2850,-0.1498,0.7000,1,1,2.7536,0.1072,0.5702,-0.1371,0.1113,-0.5734,2.7536,0.1072,0.5702,2.6908,0.0940,0.5000,1,1,2.7215,-0.1644,0.6152,-0.1649,-0.1607,-0.5284,2.7215,-0.1644,0.6152,2.8045,-0.1409,0.6000,0,1
2.8935,-0.0060,1.1446,-0.2506,-0.0173,3.2692,0.1699,0.7622,0.3726,0.1824,-0.3824,3.2692,0.1699,0.7622,3.3722,0.1250,0.7000,0,1,3.2893,-0.1797,0.7046,0.3987,-0.1668,-0.4400,3.2893,-0.1797,0.7046,3.2874,-0.1499,0.7000,1,1,2.7537,0.1072,0.5702,-0.1417,0.1108,-0.5744,2.7537,0.1072,0.5702,2.6937,0.0947,0.5000,1,1,2.7296,-0.1634,0.6234,-0.1612,-0.1602,-0.5212,2.7296,-0.1634,0.6234,2.8089,-0.1403,0.6000,0,1
2.8980,-0.0057,1.1455,-0.2498,-0.0185,3.2801,0.1699,0.7662,0.3788,0.1826,-0.3793,3.2801,0.1699,0.7662,3.3769,0.1248,0.7000,0,1,3.2894,-0.1797,0.7047,0.3946,-0.1667,-0.4408,3.2894,-0.1797,0.7047,3.2898,-0.1501,0.7000,1,1,2.7538,0.1072,0.5702,-0.1463,0.1102,-0.5753,2.7538,0.1072,0.5702,2.6964,0.0952,0.5000,1,1,2.7368,-0.1622,0.6273,-0.1583,-0.1595,-0.5182,2.7368,-0.1622,0.6273,2.8133,-0.1398,0.6000,0,1
2.9025,-0.0056,1.1461,-0.2486,-0.0193,3.2904,0.1696,0.7652,0.3844,0.1827,-0.3809,3.2904,0.1696,0.7652,3.3814,0.1246,0.7000,0,1,3.2894,-0.1797,0.7047,0.3902,-0.1666,-0.4414,3.2894,-0.1797,0.7047,3.2921,-0.1503,0.7000,1,1,2.7538,0.1072,0.5702,-0.1508,0.1099,-0.5759,2.7538,0.1072,0.5702,2.6989,0.0954,0.5000,1,1,2.7434,-0.1608,0.6263,-0.1561,-0.1582,-0.5198,2.7434,-0.1608,0.6263,2.8176,-0.1395,0.6000,0,1
2.9068,-0.0056,1.1466,-0.2473,-0.0197,3.3016,0.1690,0.7605,0.3913,0.1823,-0.3861,3.3016,0.1690,0.7605,3.3859,0.1245,0.7000,0,1,3.2894,-0.1797,0.7047,0.3860,-0.1665,-0.4419,3.2894,-0.1797,0.7047,3.2944,-0.1504,0.7000,1,1,2.7539,0.1072,0.5702,-0.1551,0.1098,-0.5764,2.7539,0.1072,0.5702,2.7014,0.0955,0.5000,1,1,2.7494,-0.1592,0.6212,-0.1543,-0.1567,-0.5254,2.7494,-0.1592,0.6212,2.8220,-0.1394,0.6000,0,1
2.9112,-0.0056,1.1470,-0.2459,-0.0196,3.3090,0.1682,0.7539,0.3943,0.1816,-0.3931,3.3090,0.1682,0.7539,3.3902,0.1245,0.7000,0,1,3.2895,-0.1796,0.7048,0.3816,-0.1666,-0.4422,3.2895,-0.1796,0.7048,3.2968,-0.1505,0.7000,1,1,2.7539,0.1073,0.5702,-0.1595,0.1098,-0.5768,2.7539,0.1073,0.5702,2.7837,0.0954,0.6000,1,1,2.7552,-0.1573,0.6148,-0.1530,-0.1547,-0.5322,2.7552,-0.1573,0.6148,2.8263,-0.1395,0.6000,0,1
2.9155,-0.0058,1.1475,-0.2441,-0.0192,3.3195,0.1671,0.7469,0.4006,0.1806,-0.4006,3.3195,0.1671,0.7469,3.3944,0.1244,0.7000,0,1,3.2895,-0.1796,0.7048,0.3773,-0.1666,-0.4427,3.2895,-0.1796,0.7048,3.2992,-0.1505,0.7000,1,1,2.7540,0.1073,0.5702,-0.1636,0.1100,-0.5773,2.7540,0.1073,0.5702,2.7859,0.0952,0.6000,1,1,2.7529,-0.1561,0.6106,-0.1597,-0.1534,-0.5369,2.7529,-0.1561,0.6106,2.8307,-0.1398,0.6000,0,1
2.9197,-0.0061,1.1480,-0.2414,-0.0183,3.3265,0.1656,0.7375,0.4036,0.1791,-0.4105,3.3265,0.1656,0.7375,3.3986,0.1245,0.7000,0,1,3.2896,-0.1796,0.7049,0.3730,-0.1667,-0.4431,3.2896,-0.1796,0.7049,3.3015,-0.1505,0.7000,1,1,2.7540,0.1073,0.5702,-0.1677,0.1103,-0.5778,2.7540,0.1073,0.5702,2.7881,0.0947,0.6000,1,1,2.7478,-0.1549,0.6053,-0.1691,-0.1519,-0.5427,2.7478,-0.1549,0.6053,2.8350,-0.1403,0.6000,0,1
2.9241,-0.0065,1.1488,-0.2388,-0.0170,3.3357,0.1642,0.7328,0.4086,0.1777,-0.4160,3.3357,0.1642,0.7328,3.4027,0.1246,0.7000,0,1,3.2897,-0.1796,0.7049,0.3685,-0.1669,-0.4439,3.2897,-0.1796,0.7049,3.3041,-0.1504,0.7000,1,1,2.7542,0.1074,0.5701,-0.1718,0.1110,-0.5787,2.7542,0.1074,0.5701,2.7902,0.0940,0.6000,1,1,2.7446,-0.1527,0.6027,-0.1770,-0.1492,-0.5461,2.7446,-0.1527,0.6027,2.8395,-0.1409,0.6000,0,1
2.9285,-0.0071,1.1496,-0.2364,-0.0150,3.3457,0.1616,0.7261,0.4146,0.1749,-0.4235,3.3457,0.1616,0.7261,3.4069,0.1248,0.7000,0,1,3.2898,-0.1795,0.7050,0.3638,-0.1670,-0.4446,3.2898,-0.1795,0.7050,3.3068,-0.1502,0.7000,1,1,2.7542,0.1074,0.5701,-0.1760,0.1119,-0.5795,2.7542,0.1074,0.5701,2.6724,0.0532,0.5000,1,1,2.7561,-0.1497,0.5923,-0.1702,-0.1452,-0.5573,2.7561,-0.1497,0.5923,2.8442,-0.1418,0.6000,0,1
2.9332,-0.0077,1.1506,-0.2342,-0.0124,3.3550,0.1586,0.7199,0.4197,0.1715,-0.4307,3.3550,0.1586,0.7199,3.3712,0.0851,0.7000,0,1,3.2898,-0.1794,0.7049,0.3587,-0.1673,-0.4457,3.2898,-0.1794,0.7049,3.3098,-0.1499,0.7000,1,1,2.7541,0.1075,0.5703,-0.1805,0.1130,-0.5803,2.7541,0.1075,0.5703,2.6746,0.0521,0.5000,1,1,2.7769,-0.1437,0.5971,-0.1546,-0.1379,-0.5535,2.7769,-0.1437,0.5971,2.8492,-0.1429,0.6000,0,1
2.9404,-0.0089,1.1527,-0.2277,-0.0077,3.3500,0.1256,0.7158,0.4086,0.1376,-0.4369,3.3500,0.1256,0.7158,3.3754,0.0855,0.7000,0,1,3.2964,-0.1784,0.7057,0.3573,-0.1668,-0.4470,3.2964,-0.1784,0.7057,3.3128,-0.1494,0.7000,1,1,2.7552,0.1085,0.5715,-0.1861,0.1160,-0.5812,2.7552,0.1085,0.5715,2.6768,0.0508,0.5000,1,1,2.8117,-0.1234,0.5912,-0.1278,-0.1155,-0.5615,2.8117,-0.1234,0.5912,2.8543,-0.1442,0.6000,0,1
2.9427,-0.0093,1.1535,-0.2262,-0.0062,3.3497,0.1261,0.7155,0.4062,0.1379,-0.4380,3.3497,0.1261,0.7155,3.3526,0.1259,0.7000,1,1,3.3031,-0.1777,0.7093,0.3614,-0.1662,-0.4442,3.3031,-0.1777,0.7093,3.3779,-0.1891,0.7000,0,1,2.7553,0.1099,0.5757,-0.1881,0.1180,-0.5778,2.7553,0.1099,0.5757,2.8610,0.1294,0.6000,0,1,2.8114,-0.1229,0.5911,-0.1306,-0.1144,-0.5624,2.8114,-0.1229,0.5911,2.8323,-0.1855,0.6000,1,1
2.9470,-0.0099,1.1550,-0.2247,-0.0036,3.3495,0.1264,0.7153,0.4020,0.1377,-0.4397,3.3495,0.1264,0.7153,3.3548,0.1263,0.7000,1,1,3.3156,-0.1769,0.7176,0.3692,-0.1657,-0.4374,3.3156,-0.1769,0.7176,3.3828,-0.1887,0.7000,0,1,2.7598,0.1129,0.5844,-0.1876,0.1221,-0.5706,2.7598,0.1129,0.5844,2.8652,0.1283,0.6000,0,1,2.8110,-0.1226,0.5911,-0.1356,-0.1132,-0.5639,2.8110,-0.1226,0.5911,2.8352,-0.1867,0.6000,1,1
2.9514,-0.0104,1.1566,-0.2240,-0.0013,3.3491,0.1267,0.7150,0.3975,0.1376,-0.4416,3.3491,0.1267,0.7150,3.3569,0.1266,0.7000,1,1,3.3283,-0.1766,0.7289,0.3771,-0.1657,-0.4277,3.3283,-0.1766,0.7289,3.3876,-0.1884,0.7000,0,1,2.7657,0.1163,0.5962,-0.1859,0.1265,-0.5604,2.7657,0.1163,0.5962,2.8693,0.1273,0.6000,0,1,2.8087,-0.1225,0.5931,-0.1426,-0.1123,-0.5635,2.8087,-0.1225,0.5931,2.7980,-0.1477,0.6000,1,1
2.9557,-0.0108,1.1584,-0.2241,0.0005,3.3489,0.1269,0.7149,0.3933,0.1375,-0.4435,3.3489,0.1269,0.7149,3.3590,0.1269,0.7000,1,1,3.3403,-0.1763,0.7417,0.3845,-0.1657,-0.4167,3.3403,-0.1763,0.7417,3.3922,-0.1881,0.7000,0,1,2.7661,0.1203,0.6093,-0.1895,0.1312,-0.5491,2.7661,0.1203,0.6093,2.8734,0.1265,0.6000,0,1,2.8073,-0.1224,0.5943,-0.1485,-0.1115,-0.5641,2.8073,-0.1224,0.5943,2.8006,-0.1485,0.6000,1,1
2.9599,-0.0111,1.1601,-0.2244,0.0020,3.3489,0.1269,0.7148,0.3893,0.1372,-0.4453,3.3489,0.1269,0.7148,3.3610,0.1271,0.7000,1,1,3.3509,-0.1760,0.7548,0.3907,-0.1657,-0.4053,3.3509,-0.1760,0.7548,3.3966,-0.1879,0.7000,0,1,2.7703,0.1237,0.6224,-0.1893,0.1352,-0.5377,2.7703,0.1237,0.6224,2.8774,0.1260,0.6000,0,1,2.8060,-0.1225,0.5957,-0.1541,-0.1111,-0.5644,2.8060,-0.1225,0.5957,2.8030,-0.1490,0.6000,1,1
2.9640,-0.0112,1.1617,-0.2249,0.0029,3.3489,0.1269,0.7148,0.3853,0.1370,-0.4469,3.3489,0.1269,0.7148,3.3630,0.1274,0.7000,1,1,3.3600,-0.1755,0.7669,0.3955,-0.1654,-0.3948,3.3600,-0.1755,0.7669,3.4008,-0.1876,0.7000,0,1,2.7792,0.1265,0.6345,-0.1844,0.1382,-0.5272,2.7792,0.1265,0.6345,2.8814,0.1257,0.6000,0,1,2.8050,-0.1226,0.5968,-0.1593,-0.1109,-0.5649,2.8050,-0.1226,0.5968,2.8052,-0.1493,0.6000,1,1
2.9680,-0.0112,1.1633,-0.2254,0.0035,3.3489,0.1269,0.7148,0.3814,0.1368,-0.4485,3.3489,0.1269,0.7148,3.3649,0.1276,0.7000,1,1,3.3678,-0.1751,0.7767,0.3992,-0.1653,-0.3866,3.3678,-0.1751,0.7767,3.4049,-0.1874,0.7000,0,1,2.7889,0.1288,0.6443,-0.1786,0.1406,-0.5190,2.7889,0.1288,0.6443,2.8853,0.1257,0.6000,0,1,2.8037,-0.1227,0.5981,-0.1647,-0.1109,-0.5652,2.8037,-0.1227,0.5981,2.8073,-0.1493,0.6000,1,1
2.9719,-0.0110,1.1646,-0.2255,0.0037,3.3489,0.1270,0.7148,0.3775,0.1366,-0.4498,3.3489,0.1270,0.7148,3.3668,0.1278,0.7000,1,1,3.3752,-0.1746,0.7829,0.4027,-0.1651,-0.3817,3.3752,-0.1746,0.7829,3.4888,-0.1872,0.8000,0,1,2.7968,0.1311,0.6506,-0.1746,0.1427,-0.5140,2.7968,0.1311,0.6506,2.8892,0.1258,0.6000,0,1,2.8035,-0.1227,0.5984,-0.1688,-0.1111,-0.5662,2.8035,-0.1227,0.5984,2.8092,-0.1492,0.6000,1,1
2.9758,-0.0108,1.1658,-0.2254,0.0036,3.3490,0.1270,0.7148,0.3737,0.1365,-0.4510,3.3490,0.1270,0.7148,3.3687,0.1281,0.7000,1,1,3.3834,-0.1742,0.7845,0.4070,-0.1649,-0.3813,3.3834,-0.1742,0.7845,3.4927,-0.1869,0.8000,0,1,2.8029,0.1332,0.6521,-0.1724,0.1446,-0.5137,2.8029,0.1332,0.6521,2.8931,0.1261,0.6000,0,1,2.8035,-0.1226,0.5984,-0.1727,-0.1112,-0.5674,2.8035,-0.1226,0.5984,2.8111,-0.1489,0.6000,1,1
2.9796,-0.0103,1.1669,-0.2251,0.0034,3.3490,0.1270,0.7148,0.3699,0.1360,-0.4521,3.3490,0.1270,0.7148,3.3705,0.1284,0.7000,1,1,3.3942,-0.1735,0.7815,0.4140,-0.1646,-0.3854,3.3942,-0.1735,0.7815,3.4965,-0.1866,0.8000,0,1,2.8076,0.1352,0.6496,-0.1715,0.1461,-0.5173,2.8076,0.1352,0.6496,2.8969,0.1265,0.6000,0,1,2.8035,-0.1227,0.5985,-0.1765,-0.1118,-0.5684,2.8035,-0.1227,0.5985,2.8129,-0.1485,0.6000,1,1
2.9834,-0.0098,1.1679,-0.2246,0.0031,3.3490,0.1270,0.7149,0.3660,0.1357,-0.4530,3.3490,0.1270,0.7149,3.3724,0.1288,0.7000,1,1,3.3998,-0.1723,0.7760,0.4159,-0.1638,-0.3919,3.3998,-0.1723,0.7760,3.5002,-0.1862,0.8000,0,1,2.8108,0.1367,0.6457,-0.1721,0.1470,-0.5222,2.8108,0.1367,0.6457,2.9008,0.1271,0.6000,0,1,2.8035,-0.1227,0.5985,-0.1802,-0.1123,-0.5694,2.8035,-0.1227,0.5985,2.8146,-0.1479,0.6000,1,1
2.9872,-0.0091,1.1688,-0.2240,0.0027,3.3490,0.1270,0.7149,0.3622,0.1351,-0.4539,3.3490,0.1270,0.7149,3.3742,0.1294,0.7000,1,1,3.4112,-0.1707,0.7681,0.4236,-0.1627,-0.4007,3.4112,-0.1707,0.7681,3.5040,-0.1856,0.8000,0,1,2.8124,0.1384,0.6392,-0.1744,0.1480,-0.5296,2.8124,0.1384,0.6392,2.9046,0.1279,0.6000,0,1,2.8035,-0.1227,0.5985,-0.1840,-0.1131,-0.5703,2.8035,-0.1227,0.5985,2.8164,-0.1471,0.6000,1,1
2.9911,-0.0084,1.1698,-0.2234,0.0023,3.3490,0.1270,0.7149,0.3582,0.1346,-0.4549,3.3490,0.1270,0.7149,3.3762,0.1300,0.7000,1,1,3.4164,-0.1686,0.7611,0.4249,-0.1612,-0.4087,3.4164,-0.1686,0.7611,3.5078,-0.1850,0.8000,0,1,2.8100,0.1393,0.6348,-0.1808,0.1481,-0.5350,2.8100,0.1393,0.6348,2.9086,0.1287,0.6000,0,1,2.8035,-0.1227,0.5985,-0.1879,-0.1139,-0.5713,2.8035,-0.1227,0.5985,2.8182,-0.1463,0.6000,1,1
2.9950,-0.0075,1.1708,-0.2227,0.0019,3.3490,0.1269,0.7149,0.3543,0.1337,-0.4559,3.3490,0.1269,0.7149,3.3781,0.1307,0.7000,1,1,3.4265,-0.1662,0.7563,0.4312,-0.1595,-0.4145,3.4265,-0.1662,0.7563,3.5116,-0.1843,0.8000,0,1,2.8090,0.1399,0.6336,-0.1857,0.1478,-0.5372,2.8090,0.1399,0.6336,2.9125,0.1297,0.6000,0,1,2.8036,-0.1227,0.5985,-0.1916,-0.1148,-0.5723,2.8036,-0.1227,0.5985,2.8200,-0.1453,0.6000,1,1
2.9989,-0.0065,1.1719,-0.2220,0.0015,3.3491,0.1269,0.7150,0.3504,0.1329,-0.4569,3.3491,0.1269,0.7150,3.3801,0.1315,0.7000,1,1,3.4356,-0.1636,0.7544,0.4365,-0.1578,-0.4175,3.4356,-0.1636,0.7544,3.5155,-0.1835,0.8000,0,1,2.8118,0.1395,0.6246,-0.1869,0.1463,-0.5473,2.8118,0.1395,0.6246,2.9165,0.1307,0.6000,0,1,2.8036,-0.1227,0.5985,-0.1955,-0.1159,-0.5734,2.8036,-0.1227,0.5985,2.8219,-0.1443,0.6000,1,1
3.0028,-0.0055,1.1731,-0.2212,0.0011,3.3492,0.1268,0.7150,0.3465,0.1319,-0.4581,3.3492,0.1268,0.7150,3.3821,0.1324,0.7000,1,1,3.4476,-0.1611,0.7486,0.4446,-0.1561,-0.4245,3.4476,-0.1611,0.7486,3.5194,-0.1826,0.8000,0,1,2.8130,0.1383,0.6162,-0.1896,0.1440,-0.5569,2.8130,0.1383,0.6162,2.9205,0.1318,0.6000,0,1,2.8037,-0.1228,0.5985,-0.1992,-0.1171,-0.5746,2.8037,-0.1228,0.5985,2.8238,-0.1432,0.6000,1,1
3.0069,-0.0043,1.1743,-0.2202,0.0006,3.3492,0.1267,0.7149,0.3424,0.1308,-0.4594,3.3492,0.1267,0.7149,3.3842,0.1334,0.7000,1,1,3.4696,-0.1589,0.7468,0.4626,-0.1549,-0.4275,3.4696,-0.1589,0.7468,3.5233,-0.1816,0.8000,0,1,2.8102,0.1358,0.6102,-0.1966,0.1402,-0.5641,2.8102,0.1358,0.6102,2.9246,0.1330,0.6000,0,1,2.8037,-0.1230,0.5986,-0.2033,-0.1186,-0.5757,2.8037,-0.1230,0.5986,2.8257,-0.1420,0.6000,1,1
3.0127,-0.0027,1.1761,-0.2187,-0.0002,3.3605,0.1278,0.7183,0.3478,0.1306,-0.4578,3.3605,0.1278,0.7183,3.4873,0.1343,0.8000,0,1,3.4811,-0.1573,0.7450,0.4684,-0.1545,-0.4311,3.4811,-0.1573,0.7450,3.3813,-0.1807,0.7000,1,1,2.8096,0.1340,0.6072,-0.2031,0.1367,-0.5689,2.8096,0.1340,0.6072,2.8627,0.1343,0.6000,1,1,2.8132,-0.1271,0.6017,-0.1995,-0.1244,-0.5744,2.8132,-0.1271,0.6017,2.9287,-0.1407,0.6000,0,1
3.0150,-0.0022,1.1768,-0.2182,-0.0003,3.3668,0.1286,0.7242,0.3518,0.1309,-0.4526,3.3668,0.1286,0.7242,3.4914,0.1352,0.8000,0,1,3.4792,-0.1587,0.7442,0.4642,-0.1564,-0.4326,3.4792,-0.1587,0.7442,3.3833,-0.1798,0.7000,1,1,2.8086,0.1329,0.6074,-0.2064,0.1350,-0.5694,2.8086,0.1329,0.6074,2.8648,0.1354,0.6000,1,1,2.8177,-0.1301,0.6094,-0.1973,-0.1280,-0.5674,2.8177,-0.1301,0.6094,2.9327,-0.1396,0.6000,0,1
3.0191,-0.0013,1.1781,-0.2196,-0.0003,3.3793,0.1324,0.7342,0.3602,0.1338,-0.4439,3.3793,0.1324,0.7342,3.4955,0.1361,0.8000,0,1,3.4789,-0.1587,0.7447,0.4598,-0.1573,-0.4334,3.4789,-0.1587,0.7447,3.3854,-0.1789,0.7000,1,1,2.8087,0.1329,0.6074,-0.2104,0.1341,-0.5707,2.8087,0.1329,0.6074,2.8669,0.1363,0.6000,1,1,2.8305,-0.1343,0.6192,-0.1886,-0.1331,-0.5589,2.8305,-0.1343,0.6192,2.9368,-0.1387,0.6000,0,1
3.0232,-0.0005,1.1794,-0.2220,-0.0000,3.3911,0.1366,0.7463,0.3679,0.1371,-0.4331,3.3911,0.1366,0.7463,3.4995,0.1370,0.8000,0,1,3.4779,-0.1586,0.7462,0.4547,-0.1581,-0.4332,3.4779,-0.1586,0.7462,3.3875,-0.1780,0.7000,1,1,2.8087,0.1329,0.6074,-0.2145,0.1334,-0.5720,2.8087,0.1329,0.6074,2.8689,0.1370,0.6000,1,1,2.8426,-0.1379,0.6313,-0.1806,-0.1374,-0.5481,2.8426,-0.1379,0.6313,2.9409,-0.1380,0.6000,0,1
3.0272,0.0002,1.1808,-0.2252,0.0004,3.4019,0.1409,0.7594,0.3748,0.1406,-0.4214,3.4019,0.1409,0.7594,3.5035,0.1378,0.8000,0,1,3.4771,-0.1586,0.7475,0.4498,-0.1590,-0.4333,3.4771,-0.1586,0.7475,3.3896,-0.1772,0.7000,1,1,2.8086,0.1329,0.6074,-0.2185,0.1328,-0.5734,2.8086,0.1329,0.6074,2.8709,0.1376,0.6000,1,1,2.8539,-0.1407,0.6438,-0.1734,-0.1408,-0.5370,2.8539,-0.1407,0.6438,2.9450,-0.1374,0.6000,0,1
3.0311,0.0007,1.1822,-0.2286,0.0010,3.4114,0.1448,0.7721,0.3804,0.1437,-0.4101,3.4114,0.1448,0.7721,3.5073,0.1386,0.8000,0,1,3.4765,-0.1585,0.7483,0.4452,-0.1596,-0.4339,3.4765,-0.1585,0.7483,3.3916,-0.1764,0.7000,1,1,2.8085,0.1329,0.6074,-0.2225,0.1324,-0.5748,2.8085,0.1329,0.6074,2.8727,0.1381,0.6000,1,1,2.8646,-0.1430,0.6561,-0.1666,-0.1435,-0.5261,2.8646,-0.1430,0.6561,2.9490,-0.1369,0.6000,0,1
3.0349,0.0012,1.1834,-0.2316,0.0017,3.4198,0.1484,0.7832,0.3851,0.1465,-0.4002,3.4198,0.1484,0.7832,3.5111,0.1393,0.8000,0,1,3.4761,-0.1586,0.7488,0.4409,-0.1605,-0.4346,3.4761,-0.1586,0.7488,3.3935,-0.1757,0.7000,1,1,2.8085,0.1328,0.6074,-0.2262,0.1320,-0.5760,2.8085,0.1328,0.6074,2.8745,0.1384,0.6000,1,1,2.8738,-0.1447,0.6669,-0.1613,-0.1456,-0.5165,2.8738,-0.1447,0.6669,2.9529,-0.1366,0.6000,0,1
3.0387,0.0015,1.1846,-0.2339,0.0024,3.4272,0.1515,0.7910,0.3889,0.1491,-0.3936,3.4272,0.1515,0.7910,3.5147,0.1399,0.8000,0,1,3.4760,-0.1586,0.7491,0.4369,-0.1611,-0.4355,3.4760,-0.1586,0.7491,3.3954,-0.1751,0.7000,1,1,2.8086,0.1328,0.6074,-0.2298,0.1319,-0.5772,2.8086,0.1328,0.6074,2.8761,0.1385,0.6000,1,1,2.8813,-0.1459,0.6746,-0.1578,-0.1470,-0.5100,2.8813,-0.1459,0.6746,2.9568,-0.1365,0.6000,0,1
3.0423,0.0017,1.1856,-0.2353,0.0033,3.4339,0.1542,0.7949,0.3921,0.1512,-0.3907,3.4339,0.1542,0.7949,3.5183,0.1404,0.8000,0,1,3.4760,-0.1586,0.7492,0.4332,-0.1617,-0.4364,3.4760,-0.1586,0.7492,3.3972,-0.1746,0.7000,1,1,2.8086,0.1328,0.6074,-0.2333,0.1319,-0.5782,2.8086,0.1328,0.6074,2.8777,0.1386,0.6000,1,1,2.8875,-0.1468,0.6784,-0.1553,-0.1480,-0.5072,2.8875,-0.1468,0.6784,2.9606,-0.1364,0.6000,0,1
3.0459,0.0017,1.1864,-0.2358,0.0042,3.4419,0.1565,0.7943,0.3966,0.1531,-0.3921,3.4419,0.1565,0.7943,3.5217,0.1408,0.8000,0,1,3.4760,-0.1586,0.7491,0.4294,-0.1621,-0.4373,3.4760,-0.1586,0.7491,3.3989,-0.1742,0.7000,1,1,2.8085,0.1328,0.6074,-0.2368,0.1321,-0.5790,2.8085,0.1328,0.6074,2.8791,0.1385,0.6000,1,1,2.8923,-0.1473,0.6777,-0.1542,-0.1484,-0.5087,2.8923,-0.1473,0.6777,2.9643,-0.1365,0.6000,0,1
3.0495,0.0017,1.1871,-0.2356,0.0051,3.4461,0.1584,0.7898,0.3974,0.1547,-0.3973,3.4461,0.1584,0.7898,3.5251,0.1411,0.8000,0,1,3.4760,-0.1586,0.7491,0.4257,-0.1625,-0.4380,3.4760,-0.1586,0.7491,3.4006,-0.1739,0.7000,1,1,2.8086,0.1328,0.6074,-0.2402,0.1323,-0.5797,2.8086,0.1328,0.6074,2.8806,0.1382,0.6000,1,1,2.8961,-0.1475,0.6722,-0.1542,-0.1484,-0.5149,2.8961,-0.1475,0.6722,2.9680,-0.1368,0.6000,0,1
3.0530,0.0015,1.1877,-0.2349,0.0060,3.4454,0.1604,0.7831,0.3933,0.1565,-0.4046,3.4454,0.1604,0.7831,3.5286,0.1413,0.8000,0,1,3.4761,-0.1586,0.7493,0.4221,-0.1626,-0.4384,3.4761,-0.1586,0.7493,3.4822,-0.1737,0.8000,1,1,2.8087,0.1328,0.6073,-0.2435,0.1328,-0.5804,2.8087,0.1328,0.6073,2.8820,0.1379,0.6000,1,1,2.8983,-0.1472,0.6639,-0.1556,-0.1478,-0.5238,2.8983,-0.1472,0.6639,2.9716,-0.1371,0.6000,0,1
3.0566,0.0013,1.1884,-0.2342,0.0070,3.4420,0.1637,0.7785,0.3865,0.1597,-0.4099,3.4420,0.1637,0.7785,3.5320,0.1415,0.8000,0,1,3.4761,-0.1586,0.7493,0.4184,-0.1628,-0.4391,3.4761,-0.1586,0.7493,3.4839,-0.1735,0.8000,1,1,2.8087,0.1328,0.6073,-0.2470,0.1332,-0.5811,2.8087,0.1328,0.6073,2.8834,0.1375,0.6000,1,1,2.8993,-0.1466,0.6546,-0.1583,-0.1468,-0.5338,2.8993,-0.1466,0.6546,2.9753,-0.1374,0.6000,0,1
3.0602,0.0011,1.1892,-0.2340,0.0078,3.4418,0.1672,0.7766,0.3829,0.1631,-0.4126,3.4418,0.1672,0.7766,3.5355,0.1415,0.8000,0,1,3.4762,-0.1586,0.7493,0.4147,-0.1629,-0.4399,3.4762,-0.1586,0.7493,3.4856,-0.1735,0.8000,1,1,2.8088,0.1328,0.6073,-0.2504,0.1337,-0.5819,2.8088,0.1328,0.6073,2.8849,0.1372,0.6000,1,1,2.9001,-0.1458,0.6452,-0.1612,-0.1456,-0.5440,2.9001,-0.1458,0.6452,2.9791,-0.1378,0.6000,0,1
3.0641,0.0008,1.1901,-0.2352,0.0086,3.4404,0.1701,0.7727,0.3777,0.1661,-0.4174,3.4404,0.1701,0.7727,3.5392,0.1415,0.8000,0,1,3.4763,-0.1587,0.7493,0.4108,-0.1630,-0.4408,3.4763,-0.1587,0.7493,3.3676,-0.2135,0.7000,1,1,2.8089,0.1327,0.6073,-0.2541,0.1341,-0.5828,2.8089,0.1327,0.6073,2.8867,0.1367,0.6000,1,1,2.9037,-0.1434,0.6410,-0.1616,-0.1428,-0.5491,2.9037,-0.1434,0.6410,2.9830,-0.1383,0.6000,0,1
3.0683,0.0003,1.1912,-0.2373,0.0093,3.4506,0.1702,0.7770,0.3839,0.1663,-0.4142,3.4506,0.1702,0.7770,3.5433,0.1413,0.8000,0,1,3.4761,-0.1587,0.7491,0.4063,-0.1628,-0.4421,3.4761,-0.1587,0.7491,3.3699,-0.2137,0.7000,1,1,2.8086,0.1328,0.6074,-0.2585,0.1349,-0.5838,2.8086,0.1328,0.6074,2.8888,0.1361,0.6000,1,1,2.9215,-0.1402,0.6307,-0.1481,-0.1391,-0.5605,2.9215,-0.1402,0.6307,2.9873,-0.1389,0.6000,0,1
3.0727,-0.0003,1.1925,-0.2390,0.0098,3.4730,0.1702,0.7698,0.4020,0.1666,-0.4227,3.4730,0.1702,0.7698,3.5477,0.1409,0.8000,0,1,3.4760,-0.1586,0.7491,0.4017,-0.1622,-0.4434,3.4760,-0.1586,0.7491,3.3724,-0.2141,0.7000,1,1,2.8085,0.1328,0.6075,-0.2629,0.1357,-0.5850,2.8085,0.1328,0.6075,2.8911,0.1354,0.6000,1,1,2.9363,-0.1362,0.6271,-0.1377,-0.1346,-0.5654,2.9363,-0.1362,0.6271,2.9918,-0.1396,0.6000,0,1
3.0795,-0.0015,1.1949,-0.2362,0.0106,3.5087,0.1696,0.7674,0.4310,0.1665,-0.4275,3.5087,0.1696,0.7674,3.5521,0.1403,0.8000,0,1,3.4711,-0.1588,0.7502,0.3899,-0.1614,-0.4447,3.4711,-0.1588,0.7502,3.3750,-0.2147,0.7000,1,1,2.8161,0.1346,0.6093,-0.2619,0.1389,-0.5856,2.8161,0.1346,0.6093,2.8935,0.1345,0.6000,1,1,2.9511,-0.1302,0.6251,-0.1298,-0.1273,-0.5698,2.9511,-0.1302,0.6251,2.9964,-0.1405,0.6000,0,1
3.0820,-0.0020,1.1958,-0.2355,0.0111,3.5090,0.1702,0.7672,0.4289,0.1674,-0.4286,3.5090,0.1702,0.7672,3.5296,0.0997,0.8000,1,1,3.4667,-0.1592,0.7534,0.3829,-0.1615,-0.4424,3.4667,-0.1592,0.7534,3.5597,-0.1353,0.8000,0,1,2.8251,0.1370,0.6129,-0.2553,0.1418,-0.5829,2.8251,0.1370,0.6129,2.9981,0.1335,0.6000,0,1,2.9469,-0.1299,0.6289,-0.1365,-0.1264,-0.5669,2.9469,-0.1299,0.6289,2.9341,-0.1415,0.6000,1,1
3.0864,-0.0027,1.1974,-0.2346,0.0113,3.5087,0.1706,0.7670,0.4242,0.1685,-0.4304,3.5087,0.1706,0.7670,3.5322,0.0990,0.8000,1,1,3.4627,-0.1621,0.7615,0.3745,-0.1636,-0.4359,3.4627,-0.1621,0.7615,3.5643,-0.1359,0.8000,0,1,2.8399,0.1397,0.6216,-0.2449,0.1452,-0.5758,2.8399,0.1397,0.6216,3.0026,0.1327,0.6000,0,1,2.9458,-0.1296,0.6298,-0.1420,-0.1253,-0.5676,2.9458,-0.1296,0.6298,2.9367,-0.1423,0.6000,1,1
3.0909,-0.0034,1.1990,-0.2347,0.0111,3.5084,0.1709,0.7673,0.4194,0.1697,-0.4317,3.5084,0.1709,0.7673,3.4947,0.1383,0.8000,1,1,3.4636,-0.1660,0.7727,0.3709,-0.1667,-0.4263,3.4636,-0.1660,0.7727,3.5688,-0.1367,0.8000,0,1,2.8550,0.1422,0.6331,-0.2343,0.1482,-0.5659,2.8550,0.1422,0.6331,3.0072,0.1321,0.6000,0,1,2.9443,-0.1293,0.6312,-0.1480,-0.1243,-0.5678,2.9443,-0.1293,0.6312,2.9392,-0.1429,0.6000,1,1
3.0953,-0.0039,1.2007,-0.2355,0.0105,3.5075,0.1711,0.7690,0.4140,0.1707,-0.4317,3.5075,0.1711,0.7690,3.4972,0.1375,0.8000,1,1,3.4530,-0.1712,0.7856,0.3559,-0.1710,-0.4151,3.4530,-0.1712,0.7856,3.5731,-0.1374,0.8000,0,1,2.8694,0.1444,0.6462,-0.2243,0.1507,-0.5545,2.8694,0.1444,0.6462,3.0117,0.1317,0.6000,0,1,2.9445,-0.1290,0.6309,-0.1521,-0.1235,-0.5698,2.9445,-0.1290,0.6309,2.9415,-0.1433,0.6000,1,1
3.0996,-0.0044,1.2024,-0.2371,0.0095,3.5067,0.1711,0.7705,0.4087,0.1716,-0.4319,3.5067,0.1711,0.7705,3.4996,0.1367,0.8000,1,1,3.4476,-0.1770,0.7986,0.3463,-0.1759,-0.4038,3.4476,-0.1770,0.7986,3.5772,-0.1383,0.8000,0,1,2.8833,0.1460,0.6592,-0.2149,0.1524,-0.5432,2.8833,0.1460,0.6592,3.0161,0.1314,0.6000,0,1,2.9445,-0.1290,0.6308,-0.1563,-0.1231,-0.5716,2.9445,-0.1290,0.6308,2.9437,-0.1436,0.6000,1,1
3.1037,-0.0047,1.2041,-0.2391,0.0081,3.5065,0.1710,0.7711,0.4042,0.1724,-0.4330,3.5065,0.1710,0.7711,3.5019,0.1358,0.8000,1,1,3.4508,-0.1820,0.8107,0.3457,-0.1801,-0.3934,3.4508,-0.1820,0.8107,3.5812,-0.1392,0.8000,0,1,2.8967,0.1472,0.6712,-0.2058,0.1536,-0.5329,2.8967,0.1472,0.6712,3.0204,0.1313,0.6000,0,1,2.9445,-0.1290,0.6308,-0.1602,-0.1230,-0.5733,2.9445,-0.1290,0.6308,2.9456,-0.1437,0.6000,1,1
3.1077,-0.0050,1.2057,-0.2413,0.0066,3.5061,0.1710,0.7718,0.3996,0.1734,-0.4339,3.5061,0.1710,0.7718,3.5042,0.1350,0.8000,1,1,3.4549,-0.1862,0.8204,0.3460,-0.1835,-0.3853,3.4549,-0.1862,0.8204,3.5850,-0.1400,0.8000,0,1,2.9093,0.1480,0.6810,-0.1974,0.1543,-0.5247,2.9093,0.1480,0.6810,3.0246,0.1313,0.6000,0,1,2.9445,-0.1290,0.6308,-0.1640,-0.1229,-0.5749,2.9445,-0.1290,0.6308,2.9474,-0.1437,0.6000,1,1
3.1116,-0.0052,1.2073,-0.2435,0.0051,3.5059,0.1709,0.7724,0.3952,0.1741,-0.4349,3.5059,0.1709,0.7724,3.5063,0.1342,0.8000,1,1,3.4577,-0.1901,0.8266,0.3452,-0.1867,-0.3807,3.4577,-0.1901,0.8266,3.5887,-0.1408,0.8000,0,1,2.9211,0.1487,0.6871,-0.1897,0.1549,-0.5202,2.9211,0.1487,0.6871,3.0287,0.1314,0.6000,0,1,2.9445,-0.1290,0.6308,-0.1677,-0.1229,-0.5765,2.9445,-0.1290,0.6308,2.9491,-0.1436,0.6000,1,1
3.1154,-0.0053,1.2087,-0.2453,0.0035,3.5056,0.1709,0.7729,0.3908,0.1748,-0.4358,3.5056,0.1709,0.7729,3.5083,0.1335,0.8000,1,1,3.4623,-0.1937,0.8281,0.3462,-0.1896,-0.3806,3.4623,-0.1937,0.8281,3.5923,-0.1415,0.8000,0,1,2.9321,0.1490,0.6885,-0.1828,0.1549,-0.5202,2.9321,0.1490,0.6885,3.0327,0.1315,0.6000,0,1,2.9445,-0.1290,0.6308,-0.1713,-0.1231,-0.5779,2.9445,-0.1290,0.6308,2.9507,-0.1435,0.6000,1,1
3.1192,-0.0053,1.2100,-0.2465,0.0019,3.5056,0.1709,0.7731,0.3867,0.1755,-0.4369,3.5056,0.1709,0.7731,3.5103,0.1329,0.8000,1,1,3.4653,-0.1962,0.8251,0.3457,-0.1916,-0.3849,3.4653,-0.1962,0.8251,3.5958,-0.1421,0.8000,0,1,2.9421,0.1489,0.6849,-0.1768,0.1545,-0.5251,2.9421,0.1489,0.6849,3.0367,0.1318,0.6000,0,1,2.9446,-0.1290,0.6308,-0.1748,-0.1234,-0.5792,2.9446,-0.1290,0.6308,2.9522,-0.1432,0.6000,1,1
3.1229,-0.0053,1.2111,-0.2473,0.0005,3.5056,0.1709,0.7731,0.3828,0.1760,-0.4380,3.5056,0.1709,0.7731,3.5122,0.1324,0.8000,1,1,3.4687,-0.1982,0.8191,0.3457,-0.1931,-0.3920,3.4687,-0.1982,0.8191,3.5993,-0.1426,0.8000,0,1,2.9519,0.1482,0.6789,-0.1709,0.1536,-0.5322,2.9519,0.1482,0.6789,3.0406,0.1321,0.6000,0,1,2.9446,-0.1290,0.6308,-0.1784,-0.1236,-0.5803,2.9446,-0.1290,0.6308,2.9537,-0.1429,0.6000,1,1
3.1265,-0.0051,1.2122,-0.2477,-0.0009,3.5056,0.1709,0.7733,0.3789,0.1763,-0.4389,3.5056,0.1709,0.7733,3.5140,0.1321,0.8000,1,1,3.4709,-0.1990,0.8122,0.3446,-0.1936,-0.4000,3.4709,-0.1990,0.8122,3.6028,-0.1429,0.8000,0,1,2.9590,0.1473,0.6728,-0.1676,0.1522,-0.5394,2.9590,0.1473,0.6728,3.0444,0.1325,0.6000,0,1,2.9446,-0.1290,0.6308,-0.1818,-0.1241,-0.5814,2.9446,-0.1290,0.6308,2.9552,-0.1425,0.6000,1,1
3.1302,-0.0049,1.2132,-0.2480,-0.0021,3.5054,0.1709,0.7739,0.3748,0.1766,-0.4393,3.5054,0.1709,0.7739,3.5159,0.1319,0.8000,1,1,3.4731,-0.1981,0.8040,0.3433,-0.1925,-0.4092,3.4731,-0.1981,0.8040,3.6063,-0.1431,0.8000,0,1,2.9681,0.1454,0.6672,-0.1624,0.1500,-0.5460,2.9681,0.1454,0.6672,3.0483,0.1330,0.6000,0,1,2.9446,-0.1289,0.6308,-0.1853,-0.1244,-0.5824,2.9446,-0.1289,0.6308,2.9567,-0.1420,0.6000,1,1
3.1340,-0.0045,1.2142,-0.2481,-0.0032,3.5054,0.1707,0.7740,0.3708,0.1764,-0.4402,3.5054,0.1707,0.7740,3.5178,0.1318,0.8000,1,1,3.4599,-0.1965,0.7956,0.3265,-0.1910,-0.4186,3.4599,-0.1965,0.7956,3.6099,-0.1432,0.8000,0,1,2.9742,0.1438,0.6644,-0.1603,0.1478,-0.5498,2.9742,0.1438,0.6644,3.0522,0.1335,0.6000,0,1,2.9446,-0.1291,0.6308,-0.1890,-0.1252,-0.5834,2.9446,-0.1291,0.6308,2.9583,-0.1415,0.6000,1,1
3.1377,-0.0042,1.2152,-0.2486,-0.0044,3.5053,0.1707,0.7749,0.3668,0.1765,-0.4403,3.5053,0.1707,0.7749,3.5197,0.1316,0.8000,1,1,3.4478,-0.1949,0.7875,0.3109,-0.1893,-0.4277,3.4478,-0.1949,0.7875,3.6135,-0.1434,0.8000,0,1,2.9875,0.1418,0.6557,-0.1508,0.1453,-0.5595,2.9875,0.1418,0.6557,3.0561,0.1341,0.6000,0,1,2.9448,-0.1291,0.6307,-0.1923,-0.1257,-0.5845,2.9448,-0.1291,0.6307,2.9599,-0.1409,0.6000,1,1
3.1416,-0.0038,1.2164,-0.2495,-0.0055,3.5048,0.1706,0.7764,0.3622,0.1764,-0.4400,3.5048,0.1706,0.7764,3.5217,0.1316,0.8000,1,1,3.4545,-0.1935,0.7844,0.3139,-0.1880,-0.4320,3.4545,-0.1935,0.7844,3.6172,-0.1434,0.8000,0,1,2.9955,0.1399,0.6537,-0.1469,0.1429,-0.5627,2.9955,0.1399,0.6537,3.0201,0.0947,0.6000,0,1,2.9448,-0.1291,0.6308,-0.1961,-0.1264,-0.5856,2.9448,-0.1291,0.6308,2.9616,-0.1403,0.6000,1,1
3.1453,-0.0034,1.2176,-0.2492,-0.0063,3.5041,0.1704,0.7776,0.3577,0.1761,-0.4400,3.5041,0.1704,0.7776,3.5235,0.1317,0.8000,1,1,3.4858,-0.1866,0.7830,0.3416,-0.1811,-0.4346,3.4858,-0.1866,0.7830,3.6208,-0.1433,0.8000,0,1,3.0024,0.1368,0.6469,-0.1438,0.1393,-0.5707,3.0024,0.1368,0.6469,3.0240,0.0952,0.6000,0,1,2.9445,-0.1291,0.6309,-0.2000,-0.1270,-0.5867,2.9445,-0.1291,0.6309,2.9632,-0.1398,0.6000,1,1
3.1491,-0.0030,1.2193,-0.2461,-0.0067,3.4943,0.1734,0.7797,0.3440,0.1787,-0.4396,3.4943,0.1734,0.7797,3.6260,0.1319,0.8000,0,1,3.5005,-0.1801,0.7809,0.3526,-0.1747,-0.4384,3.5005,-0.1801,0.7809,3.5581,-0.1431,0.8000,1,1,2.9956,0.1350,0.6477,-0.1544,0.1370,-0.5716,2.9956,0.1350,0.6477,3.0014,0.1357,0.6000,1,1,2.9496,-0.1297,0.6331,-0.1986,-0.1280,-0.5862,2.9496,-0.1297,0.6331,3.0255,-0.1793,0.6000,0,1
3.1520,-0.0027,1.2207,-0.2437,-0.0066,3.4816,0.1783,0.7858,0.3284,0.1832,-0.4349,3.4816,0.1783,0.7858,3.6292,0.1323,0.8000,0,1,3.5004,-0.1802,0.7811,0.3496,-0.1752,-0.4396,3.5004,-0.1802,0.7811,3.5594,-0.1427,0.8000,1,1,2.9961,0.1350,0.6472,-0.1568,0.1367,-0.5735,2.9961,0.1350,0.6472,3.0026,0.1361,0.6000,1,1,2.9578,-0.1310,0.6391,-0.1933,-0.1296,-0.5816,2.9578,-0.1310,0.6391,3.0288,-0.1789,0.6000,0,1
3.1551,-0.0024,1.2223,-0.2412,-0.0063,3.4696,0.1835,0.7960,0.3133,0.1879,-0.4263,3.4696,0.1835,0.7960,3.6324,0.1327,0.8000,0,1,3.5004,-0.1804,0.7813,0.3464,-0.1758,-0.4410,3.5004,-0.1804,0.7813,3.5606,-0.1423,0.8000,1,1,2.9947,0.1349,0.6489,-0.1613,0.1363,-0.5734,2.9947,0.1349,0.6489,3.0038,0.1363,0.6000,1,1,2.9668,-0.1326,0.6490,-0.1875,-0.1314,-0.5733,2.9668,-0.1326,0.6490,3.0320,-0.1787,0.6000,0,1
3.1583,-0.0022,1.2238,-0.2398,-0.0062,3.4696,0.1873,0.8086,0.3101,0.1914,-0.4152,3.4696,0.1873,0.8086,3.6356,0.1330,0.8000,0,1,3.5005,-0.1807,0.7814,0.3433,-0.1764,-0.4424,3.5005,-0.1807,0.7814,3.5619,-0.1420,0.8000,1,1,2.9941,0.1347,0.6496,-0.1650,0.1359,-0.5742,2.9941,0.1347,0.6496,3.0050,0.1365,0.6000,1,1,2.9759,-0.1345,0.6616,-0.1816,-0.1334,-0.5622,2.9759,-0.1345,0.6616,3.0353,-0.1785,0.6000,0,1
3.1616,-0.0020,1.2252,-0.2393,-0.0063,3.4754,0.1902,0.8218,0.3126,0.1942,-0.4034,3.4754,0.1902,0.8218,3.6388,0.1331,0.8000,0,1,3.5006,-0.1807,0.7814,0.3401,-0.1766,-0.4438,3.5006,-0.1807,0.7814,3.5631,-0.1419,0.8000,1,1,2.9942,0.1347,0.6496,-0.1683,0.1356,-0.5756,2.9942,0.1347,0.6496,3.0062,0.1366,0.6000,1,1,2.9850,-0.1367,0.6746,-0.1757,-0.1358,-0.5506,2.9850,-0.1367,0.6746,3.0385,-0.1783,0.6000,0,1
3.1649,-0.0019,1.2265,-0.2399,-0.0067,3.4880,0.1920,0.8345,0.3218,0.1961,-0.3920,3.4880,0.1920,0.8345,3.6422,0.1331,0.8000,0,1,3.5006,-0.1807,0.7815,0.3369,-0.1765,-0.4450,3.5006,-0.1807,0.7815,3.5644,-0.1419,0.8000,1,1,2.9942,0.1347,0.6496,-0.1716,0.1355,-0.5769,2.9942,0.1347,0.6496,3.0076,0.1368,0.6000,1,1,2.9936,-0.1387,0.6874,-0.1704,-0.1379,-0.5391,2.9936,-0.1387,0.6874,3.0418,-0.1782,0.6000,0,1
3.1683,-0.0019,1.2276,-0.2409,-0.0073,3.5038,0.1927,0.8456,0.3341,0.1970,-0.3820,3.5038,0.1927,0.8456,3.6457,0.1329,0.8000,0,1,3.5005,-0.1807,0.7814,0.3335,-0.1764,-0.4462,3.5005,-0.1807,0.7814,3.5657,-0.1421,0.8000,1,1,2.9941,0.1347,0.6496,-0.1752,0.1353,-0.5780,2.9941,0.1347,0.6496,3.0091,0.1370,0.6000,1,1,3.0014,-0.1405,0.6985,-0.1659,-0.1398,-0.5291,3.0014,-0.1405,0.6985,3.0451,-0.1780,0.6000,0,1
3.1717,-0.0019,1.2286,-0.2420,-0.0081,3.5186,0.1927,0.8538,0.3453,0.1974,-0.3748,3.5186,0.1927,0.8538,3.6492,0.1326,0.8000,0,1,3.5004,-0.1807,0.7814,0.3301,-0.1761,-0.4472,3.5004,-0.1807,0.7814,3.5669,-0.1424,0.8000,1,1,2.9941,0.1347,0.6496,-0.1787,0.1352,-0.5790,2.9941,0.1347,0.6496,3.0106,0.1371,0.6000,1,1,3.0082,-0.1419,0.7067,-0.1624,-0.1413,-0.5219,3.0082,-0.1419,0.7067,3.0484,-0.1779,0.6000,0,1
3.1750,-0.0019,1.2293,-0.2428,-0.0090,3.5324,0.1920,0.8578,0.3556,0.1971,-0.3715,3.5324,0.1920,0.8578,3.6526,0.1322,0.8000,0,1,3.5004,-0.1807,0.7813,0.3270,-0.1759,-0.4480,3.5004,-0.1807,0.7813,3.5682,-0.1428,0.8000,1,1,2.9940,0.1347,0.6496,-0.1822,0.1350,-0.5797,2.9940,0.1347,0.6496,3.0121,0.1372,0.6000,1,1,3.0138,-0.1432,0.7107,-0.1599,-0.1427,-0.5186,3.0138,-0.1432,0.7107,3.0516,-0.1778,0.6000,0,1
3.1784,-0.0021,1.2299,-0.2434,-0.0099,3.5450,0.1907,0.8565,0.3647,0.1964,-0.3734,3.5450,0.1907,0.8565,3.6561,0.1317,0.8000,0,1,3.5004,-0.1806,0.7813,0.3238,-0.1753,-0.4486,3.5004,-0.1806,0.7813,3.5694,-0.1433,0.8000,1,1,2.9940,0.1348,0.6497,-0.1857,0.1351,-0.5802,2.9940,0.1348,0.6497,3.0136,0.1372,0.6000,1,1,3.0185,-0.1441,0.7092,-0.1585,-0.1436,-0.5207,3.0185,-0.1441,0.7092,3.0548,-0.1778,0.6000,0,1
3.1818,-0.0022,1.2304,-0.2437,-0.0107,3.5578,0.1894,0.8520,0.3739,0.1956,-0.3784,3.5578,0.1894,0.8520,3.6596,0.1312,0.8000,0,1,3.5005,-0.1806,0.7814,0.3206,-0.1750,-0.4490,3.5005,-0.1806,0.7814,3.5707,-0.1438,0.8000,1,1,2.9941,0.1348,0.6497,-0.1892,0.1350,-0.5807,2.9941,0.1348,0.6497,3.0151,0.1372,0.6000,1,1,3.0258,-0.1448,0.7040,-0.1545,-0.1443,-0.5264,3.0258,-0.1448,0.7040,3.1381,-0.1778,0.7000,0,1
3.1854,-0.0025,1.2308,-0.2442,-0.0110,3.5641,0.1876,0.8465,0.3766,0.1943,-0.3843,3.5641,0.1876,0.8465,3.6632,0.1308,0.8000,0,1,3.5004,-0.1806,0.7814,0.3169,-0.1746,-0.4494,3.5004,-0.1806,0.7814,3.5722,-0.1442,0.8000,1,1,2.9940,0.1348,0.6497,-0.1929,0.1352,-0.5811,2.9940,0.1348,0.6497,3.0167,0.1370,0.6000,1,1,3.0371,-0.1458,0.6983,-0.1467,-0.1449,-0.5325,3.0371,-0.1458,0.6983,3.1417,-0.1780,0.7000,0,1
3.1892,-0.0030,1.2313,-0.2449,-0.0105,3.5723,0.1856,0.8378,0.3811,0.1926,-0.3935,3.5723,0.1856,0.8378,3.6670,0.1306,0.8000,0,1,3.5004,-0.1805,0.7815,0.3130,-0.1742,-0.4498,3.5004,-0.1805,0.7815,3.5741,-0.1444,0.8000,1,1,2.9940,0.1348,0.6497,-0.1966,0.1357,-0.5816,2.9940,0.1348,0.6497,3.0184,0.1365,0.6000,1,1,3.0487,-0.1468,0.6924,-0.1390,-0.1453,-0.5389,3.0487,-0.1468,0.6924,3.1455,-0.1785,0.7000,0,1
3.1932,-0.0035,1.2319,-0.2453,-0.0094,3.5767,0.1829,0.8302,0.3817,0.1900,-0.4017,3.5767,0.1829,0.8302,3.6709,0.1305,0.8000,0,1,3.5004,-0.1805,0.7816,0.3089,-0.1741,-0.4503,3.5004,-0.1805,0.7816,3.5763,-0.1445,0.8000,1,1,2.9940,0.1348,0.6497,-0.2005,0.1364,-0.5822,2.9940,0.1348,0.6497,3.0203,0.1357,0.6000,1,1,3.0611,-0.1479,0.6858,-0.1307,-0.1456,-0.5461,3.0611,-0.1479,0.6858,3.1497,-0.1793,0.7000,0,1
3.1974,-0.0042,1.2327,-0.2452,-0.0075,3.5804,0.1806,0.8211,0.3816,0.1877,-0.4116,3.5804,0.1806,0.8211,3.6748,0.1305,0.8000,0,1,3.5004,-0.1804,0.7818,0.3043,-0.1739,-0.4509,3.5004,-0.1804,0.7818,3.5787,-0.1445,0.8000,1,1,2.9940,0.1349,0.6497,-0.2044,0.1376,-0.5830,2.9940,0.1349,0.6497,3.0222,0.1347,0.6000,1,1,3.0737,-0.1488,0.6793,-0.1226,-0.1455,-0.5534,3.0737,-0.1488,0.6793,3.1542,-0.1803,0.7000,0,1
3.2018,-0.0050,1.2337,-0.2445,-0.0049,3.5812,0.1777,0.8170,0.3785,0.1846,-0.4167,3.5812,0.1777,0.8170,3.6789,0.1306,0.8000,0,1,3.5003,-0.1805,0.7821,0.2994,-0.1740,-0.4516,3.5003,-0.1805,0.7821,3.5815,-0.1444,0.8000,1,1,2.9940,0.1348,0.6497,-0.2085,0.1388,-0.5840,2.9940,0.1348,0.6497,3.0243,0.1334,0.6000,1,1,3.0868,-0.1494,0.6758,-0.1143,-0.1450,-0.5579,3.0868,-0.1494,0.6758,3.1589,-0.1816,0.7000,0,1
3.2065,-0.0059,1.2349,-0.2429,-0.0016,3.5807,0.1754,0.8079,0.3739,0.1819,-0.4270,3.5807,0.1754,0.8079,3.6831,0.1310,0.8000,0,1,3.5002,-0.1805,0.7822,0.2940,-0.1741,-0.4527,3.5002,-0.1805,0.7822,3.5846,-0.1440,0.8000,1,1,2.9939,0.1348,0.6498,-0.2128,0.1404,-0.5851,2.9939,0.1348,0.6498,3.0265,0.1319,0.6000,1,1,3.1051,-0.1496,0.6728,-0.1012,-0.1439,-0.5621,3.1051,-0.1496,0.6728,3.1640,-0.1831,0.7000,0,1
3.2151,-0.0077,1.2376,-0.2387,0.0056,3.5787,0.1742,0.8007,0.3646,0.1799,-0.4369,3.5787,0.1742,0.8007,3.6874,0.1315,0.8000,0,1,3.5158,-0.1802,0.7865,0.2997,-0.1742,-0.4511,3.5158,-0.1802,0.7865,3.5881,-0.1435,0.8000,1,1,3.0019,0.1349,0.6517,-0.2124,0.1438,-0.5859,3.0019,0.1349,0.6517,3.0288,0.1301,0.6000,1,1,3.1234,-0.1490,0.6727,-0.0925,-0.1408,-0.5649,3.1234,-0.1490,0.6727,3.1695,-0.1849,0.7000,0,1
3.2164,-0.0079,1.2381,-0.2381,0.0069,3.5770,0.1754,0.8003,0.3619,0.1808,-0.4378,3.5770,0.1754,0.8003,3.6249,0.1321,0.8000,1,1,3.5181,-0.1795,0.7891,0.3005,-0.1737,-0.4490,3.5181,-0.1795,0.7891,3.6938,-0.1429,0.8000,0,1,3.0048,0.1360,0.6565,-0.2106,0.1454,-0.5816,3.0048,0.1360,0.6565,3.1733,0.0883,0.7000,0,1,3.1190,-0.1479,0.6753,-0.0984,-0.1393,-0.5628,3.1190,-0.1479,0.6753,3.0682,-0.1467,0.6000,1,1
3.2216,-0.0088,1.2396,-0.2386,0.0107,3.5771,0.1753,0.8003,0.3574,0.1803,-0.4393,3.5771,0.1753,0.8003,3.6275,0.1327,0.8000,1,1,3.5407,-0.1798,0.7977,0.3173,-0.1744,-0.4419,3.5407,-0.1798,0.7977,3.6994,-0.1423,0.8000,0,1,3.0207,0.1363,0.6646,-0.1993,0.1472,-0.5750,3.0207,0.1363,0.6646,3.1379,0.1267,0.7000,0,1,3.1190,-0.1480,0.6754,-0.1041,-0.1381,-0.5642,3.1190,-0.1480,0.6754,3.0318,-0.1883,0.6000,1,1
3.2266,-0.0095,1.2411,-0.2399,0.0140,3.5770,0.1754,0.8003,0.3530,0.1800,-0.4408,3.5770,0.1754,0.8003,3.6300,0.1332,0.8000,1,1,3.5616,-0.1807,0.8108,0.3326,-0.1759,-0.4303,3.5616,-0.1807,0.8108,3.7049,-0.1418,0.8000,0,1,3.0356,0.1367,0.6759,-0.1889,0.1489,-0.5652,3.0356,0.1367,0.6759,3.1425,0.1254,0.7000,0,1,3.1140,-0.1480,0.6802,-0.1145,-0.1369,-0.5609,3.1140,-0.1480,0.6802,3.0353,-0.1896,0.6000,1,1
3.2315,-0.0101,1.2427,-0.2413,0.0168,3.5770,0.1756,0.8003,0.3486,0.1799,-0.4424,3.5770,0.1756,0.8003,3.6325,0.1337,0.8000,1,1,3.5798,-0.1819,0.8236,0.3454,-0.1776,-0.4191,3.5798,-0.1819,0.8236,3.7101,-0.1413,0.8000,0,1,3.0485,0.1374,0.6887,-0.1805,0.1506,-0.5540,3.0485,0.1374,0.6887,3.1470,0.1243,0.7000,0,1,3.1138,-0.1478,0.6802,-0.1200,-0.1357,-0.5625,3.1138,-0.1478,0.6802,3.0386,-0.1907,0.6000,1,1
3.2362,-0.0105,1.2441,-0.2423,0.0192,3.5770,0.1757,0.8003,0.3443,0.1796,-0.4438,3.5770,0.1757,0.8003,3.6349,0.1342,0.8000,1,1,3.5957,-0.1828,0.8367,0.3561,-0.1792,-0.4074,3.5957,-0.1828,0.8367,3.7152,-0.1408,0.8000,0,1,3.0600,0.1381,0.7019,-0.1733,0.1520,-0.5422,3.0600,0.1381,0.7019,3.1514,0.1234,0.7000,0,1,3.1126,-0.1477,0.6813,-0.1262,-0.1348,-0.5628,3.1126,-0.1477,0.6813,3.0417,-0.1915,0.6000,1,1
3.2407,-0.0108,1.2455,-0.2428,0.0213,3.5770,0.1757,0.8003,0.3402,0.1793,-0.4452,3.5770,0.1757,0.8003,3.6371,0.1347,0.8000,1,1,3.6095,-0.1832,0.8488,0.3650,-0.1802,-0.3967,3.6095,-0.1832,0.8488,3.7199,-0.1402,0.8000,0,1,3.0700,0.1387,0.7140,-0.1675,0.1531,-0.5315,3.0700,0.1387,0.7140,3.1556,0.1228,0.7000,0,1,3.1112,-0.1477,0.6826,-0.1324,-0.1341,-0.5629,3.1112,-0.1477,0.6826,3.0445,-0.1921,0.6000,1,1
3.2451,-0.0109,1.2467,-0.2427,0.0230,3.5770,0.1757,0.8004,0.3361,0.1789,-0.4463,3.5770,0.1757,0.8004,3.6392,0.1352,0.8000,1,1,3.6213,-0.1832,0.8586,0.3721,-0.1809,-0.3881,3.6213,-0.1832,0.8586,3.7245,-0.1397,0.8000,0,1,3.0788,0.1392,0.7237,-0.1628,0.1539,-0.5230,3.0788,0.1392,0.7237,3.1598,0.1224,0.7000,0,1,3.1112,-0.1477,0.6826,-0.1370,-0.1337,-0.5641,3.1112,-0.1477,0.6826,3.0471,-0.1926,0.6000,1,1
3.2493,-0.0109,1.2478,-0.2420,0.0242,3.5771,0.1757,0.8004,0.3322,0.1786,-0.4474,3.5771,0.1757,0.8004,3.6413,0.1357,0.8000,1,1,3.6317,-0.1828,0.8648,0.3781,-0.1811,-0.3830,3.6317,-0.1828,0.8648,3.7289,-0.1393,0.8000,0,1,3.0865,0.1395,0.7299,-0.1591,0.1543,-0.5179,3.0865,0.1395,0.7299,3.1638,0.1221,0.7000,0,1,3.1113,-0.1478,0.6826,-0.1413,-0.1335,-0.5652,3.1113,-0.1478,0.6826,3.0495,-0.1928,0.6000,1,1
3.2534,-0.0108,1.2486,-0.2408,0.0251,3.5771,0.1757,0.8004,0.3283,0.1783,-0.4482,3.5771,0.1757,0.8004,3.6433,0.1361,0.8000,1,1,3.6405,-0.1822,0.8664,0.3827,-0.1811,-0.3822,3.6405,-0.1822,0.8664,3.7332,-0.1388,0.8000,0,1,3.0934,0.1395,0.7314,-0.1562,0.1543,-0.5172,3.0934,0.1395,0.7314,3.1678,0.1221,0.7000,0,1,3.1113,-0.1478,0.6826,-0.1455,-0.1334,-0.5660,3.1113,-0.1478,0.6826,3.0517,-0.1928,0.6000,1,1
3.2575,-0.0106,1.2493,-0.2391,0.0256,3.5771,0.1757,0.8004,0.3243,0.1781,-0.4489,3.5771,0.1757,0.8004,3.6452,0.1365,0.8000,1,1,3.6500,-0.1812,0.8633,0.3880,-0.1806,-0.3860,3.6500,-0.1812,0.8633,3.7373,-0.1384,0.8000,0,1,3.0997,0.1394,0.7282,-0.1539,0.1540,-0.5211,3.0997,0.1394,0.7282,3.1718,0.1222,0.7000,0,1,3.1114,-0.1478,0.6826,-0.1496,-0.1334,-0.5667,3.1114,-0.1478,0.6826,3.0539,-0.1927,0.6000,1,1
3.2615,-0.0103,1.2499,-0.2372,0.0256,3.5772,0.1757,0.8005,0.3204,0.1779,-0.4494,3.5772,0.1757,0.8005,3.6472,0.1368,0.8000,1,1,3.6552,-0.1801,0.8572,0.3892,-0.1798,-0.3927,3.6552,-0.1801,0.8572,3.7413,-0.1381,0.8000,0,1,3.1056,0.1390,0.7222,-0.1520,0.1532,-0.5277,3.1056,0.1390,0.7222,3.1758,0.1225,0.7000,0,1,3.1114,-0.1478,0.6826,-0.1536,-0.1336,-0.5673,3.1114,-0.1478,0.6826,3.1359,-0.1924,0.7000,1,1
3.2654,-0.0099,1.2505,-0.2345,0.0251,3.5771,0.1757,0.8005,0.3163,0.1777,-0.4500,3.5771,0.1757,0.8005,3.6492,0.1370,0.8000,1,1,3.6616,-0.1789,0.8491,0.3918,-0.1789,-0.4014,3.6616,-0.1789,0.8491,3.7451,-0.1379,0.8000,0,1,3.1039,0.1393,0.7181,-0.1577,0.1532,-0.5324,3.1039,0.1393,0.7181,3.1798,0.1230,0.7000,0,1,3.1114,-0.1478,0.6826,-0.1574,-0.1340,-0.5679,3.1114,-0.1478,0.6826,3.1377,-0.1919,0.7000,1,1
3.2693,-0.0093,1.2512,-0.2310,0.0241,3.5772,0.1756,0.8005,0.3123,0.1774,-0.4507,3.5772,0.1756,0.8005,3.6512,0.1372,0.8000,1,1,3.6645,-0.1775,0.8410,0.3910,-0.1777,-0.4102,3.6645,-0.1775,0.8410,3.7489,-0.1377,0.8000,0,1,3.1010,0.1401,0.7157,-0.1647,0.1534,-0.5355,3.1010,0.1401,0.7157,3.1838,0.1237,0.7000,0,1,3.1115,-0.1478,0.6826,-0.1611,-0.1347,-0.5686,3.1115,-0.1478,0.6826,3.1394,-0.1912,0.7000,1,1
3.2731,-0.0087,1.2520,-0.2270,0.0225,3.5774,0.1756,0.8006,0.3084,0.1774,-0.4514,3.5774,0.1756,0.8006,3.6533,0.1372,0.8000,1,1,3.6648,-0.1761,0.8347,0.3878,-0.1762,-0.4173,3.6648,-0.1761,0.8347,3.7525,-0.1377,0.8000,0,1,3.1025,0.1405,0.7128,-0.1672,0.1530,-0.5392,3.1025,0.1405,0.7128,3.1878,0.1246,0.7000,0,1,3.1117,-0.1478,0.6826,-0.1645,-0.1354,-0.5694,3.1117,-0.1478,0.6826,3.1410,-0.1903,0.7000,1,1
3.2770,-0.0080,1.2529,-0.2232,0.0202,3.5776,0.1755,0.8007,0.3042,0.1774,-0.4522,3.5776,0.1755,0.8007,3.6555,0.1371,0.8000,1,1,3.6652,-0.1750,0.8276,0.3847,-0.1748,-0.4253,3.6652,-0.1750,0.8276,3.7561,-0.1379,0.8000,0,1,3.1066,0.1405,0.7114,-0.1674,0.1519,-0.5415,3.1066,0.1405,0.7114,3.1920,0.1258,0.7000,0,1,3.1119,-0.1479,0.6826,-0.1679,-0.1365,-0.5703,3.1119,-0.1479,0.6826,3.1426,-0.1892,0.7000,1,1
3.2810,-0.0072,1.2540,-0.2195,0.0172,3.5777,0.1755,0.8007,0.2998,0.1776,-0.4533,3.5777,0.1755,0.8007,3.6580,0.1367,0.8000,1,1,3.6646,-0.1740,0.8190,0.3807,-0.1734,-0.4350,3.6646,-0.1740,0.8190,3.7597,-0.1382,0.8000,0,1,3.1175,0.1397,0.7048,-0.1609,0.1497,-0.5492,3.1175,0.1397,0.7048,3.1965,0.1271,0.7000,0,1,3.1120,-0.1479,0.6825,-0.1714,-0.1378,-0.5715,3.1120,-0.1479,0.6825,3.0242,-0.2279,0.6000,1,1
3.2852,-0.0064,1.2552,-0.2159,0.0135,3.5776,0.1754,0.8007,0.2948,0.1778,-0.4545,3.5776,0.1754,0.8007,3.6606,0.1362,0.8000,1,1,3.6629,-0.1734,0.8112,0.3754,-0.1721,-0.4440,3.6629,-0.1734,0.8112,3.7634,-0.1388,0.8000,0,1,3.1450,0.1383,0.7019,-0.1382,0.1466,-0.5533,3.1450,0.1383,0.7019,3.2011,0.1286,0.7000,0,1,3.1119,-0.1481,0.6826,-0.1752,-0.1393,-0.5726,3.1119,-0.1481,0.6826,3.0258,-0.2264,0.6000,1,1
3.2893,-0.0056,1.2565,-0.2121,0.0095,3.5869,0.1747,0.8035,0.2993,0.1775,-0.4530,3.5869,0.1747,0.8035,3.7644,0.1355,0.8000,0,1,3.6612,-0.1741,0.8081,0.3703,-0.1720,-0.4484,3.6612,-0.1741,0.8081,3.7010,-0.1395,0.8000,1,1,3.1457,0.1363,0.7123,-0.1422,0.1433,-0.5442,3.1457,0.1363,0.7123,3.1798,0.0902,0.7000,1,1,3.1107,-0.1500,0.6858,-0.1800,-0.1427,-0.5707,3.1107,-0.1500,0.6858,3.2084,-0.1448,0.7000,0,1
3.2935,-0.0049,1.2578,-0.2098,0.0056,3.6067,0.1744,0.8093,0.3142,0.1775,-0.4485,3.6067,0.1744,0.8093,3.7692,0.1347,0.8000,0,1,3.6614,-0.1740,0.8082,0.3669,-0.1712,-0.4496,3.6614,-0.1740,0.8082,3.7027,-0.1403,0.8000,1,1,3.1496,0.1365,0.7081,-0.1431,0.1422,-0.5497,3.1496,0.1365,0.7081,3.1826,0.0916,0.7000,1,1,3.1135,-0.1521,0.6917,-0.1808,-0.1462,-0.5661,3.1135,-0.1521,0.6917,3.2121,-0.1434,0.7000,0,1
3.2977,-0.0043,1.2592,-0.2088,0.0020,3.6247,0.1745,0.8193,0.3274,0.1781,-0.4399,3.6247,0.1745,0.8193,3.7738,0.1340,0.8000,0,1,3.6614,-0.1741,0.8082,0.3634,-0.1705,-0.4510,3.6614,-0.1741,0.8082,3.7044,-0.1410,0.8000,1,1,3.1494,0.1364,0.7084,-0.1480,0.1410,-0.5508,3.1494,0.1364,0.7084,3.1852,0.0929,0.7000,1,1,3.1179,-0.1539,0.7016,-0.1801,-0.1492,-0.5576,3.1179,-0.1539,0.7016,3.2158,-0.1421,0.7000,0,1
3.3019,-0.0038,1.2606,-0.2090,-0.0013,3.6412,0.1748,0.8314,0.3391,0.1790,-0.4292,3.6412,0.1748,0.8314,3.7784,0.1333,0.8000,0,1,3.6613,-0.1742,0.8082,0.3596,-0.1699,-0.4524,3.6613,-0.1742,0.8082,3.7061,-0.1417,0.8000,1,1,3.1493,0.1362,0.7085,-0.1528,0.1398,-0.5521,3.1493,0.1362,0.7085,3.1478,0.1340,0.7000,1,1,3.1250,-0.1555,0.7138,-0.1767,-0.1519,-0.5468,3.1250,-0.1555,0.7138,3.2195,-0.1410,0.7000,0,1
3.3060,-0.0034,1.2620,-0.2098,-0.0042,3.6562,0.1748,0.8445,0.3494,0.1797,-0.4175,3.6562,0.1748,0.8445,3.7829,0.1325,0.8000,0,1,3.6613,-0.1743,0.8082,0.3560,-0.1694,-0.4538,3.6613,-0.1743,0.8082,3.7078,-0.1425,0.8000,1,1,3.1492,0.1362,0.7084,-0.1574,0.1389,-0.5536,3.1492,0.1362,0.7084,3.1503,0.1349,0.7000,1,1,3.1327,-0.1569,0.7270,-0.1727,-0.1542,-0.5350,3.1327,-0.1569,0.7270,3.2232,-0.1401,0.7000,0,1
3.3100,-0.0032,1.2633,-0.2107,-0.0068,3.6695,0.1745,0.8572,0.3583,0.1801,-0.4061,3.6695,0.1745,0.8572,3.7873,0.1318,0.8000,0,1,3.6612,-0.1743,0.8082,0.3524,-0.1687,-0.4551,3.6612,-0.1743,0.8082,3.7094,-0.1432,0.8000,1,1,3.1491,0.1361,0.7084,-0.1618,0.1382,-0.5549,3.1491,0.1361,0.7084,3.1527,0.1356,0.7000,1,1,3.1414,-0.1580,0.7397,-0.1675,-0.1559,-0.5236,3.1414,-0.1580,0.7397,3.2268,-0.1394,0.7000,0,1
3.3139,-0.0031,1.2645,-0.2114,-0.0090,3.6812,0.1739,0.8683,0.3657,0.1803,-0.3962,3.6812,0.1739,0.8683,3.7915,0.1310,0.8000,0,1,3.6612,-0.1743,0.8081,0.3488,-0.1681,-0.4564,3.6612,-0.1743,0.8081,3.7110,-0.1439,0.8000,1,1,3.1491,0.1361,0.7084,-0.1660,0.1377,-0.5561,3.1491,0.1361,0.7084,3.1549,0.1361,0.7000,1,1,3.1493,-0.1587,0.7508,-0.1632,-0.1571,-0.5137,3.1493,-0.1587,0.7508,3.2304,-0.1389,0.7000,0,1
3.3176,-0.0031,1.2656,-0.2117,-0.0109,3.6915,0.1728,0.8764,0.3720,0.1800,-0.3892,3.6915,0.1728,0.8764,3.7955,0.1303,0.8000,0,1,3.6611,-0.1744,0.8081,0.3453,-0.1675,-0.4575,3.6611,-0.1744,0.8081,3.7125,-0.1447,0.8000,1,1,3.1491,0.1361,0.7084,-0.1700,0.1374,-0.5572,3.1491,0.1361,0.7084,3.1569,0.1364,0.7000,1,1,3.1559,-0.1593,0.7590,-0.1600,-0.1580,-0.5066,3.1559,-0.1593,0.7590,3.2339,-0.1385,0.7000,0,1
3.3213,-0.0032,1.2665,-0.2113,-0.0126,3.7006,0.1714,0.8803,0.3771,0.1794,-0.3862,3.7006,0.1714,0.8803,3.7994,0.1296,0.8000,0,1,3.6611,-0.1744,0.8081,0.3419,-0.1669,-0.4584,3.6611,-0.1744,0.8081,3.7139,-0.1454,0.8000,1,1,3.1491,0.1361,0.7084,-0.1739,0.1371,-0.5581,3.1491,0.1361,0.7084,3.1588,0.1366,0.7000,1,1,3.1613,-0.1597,0.7630,-0.1580,-0.1585,-0.5035,3.1613,-0.1597,0.7630,3.2374,-0.1384,0.7000,0,1
3.3249,-0.0034,1.2673,-0.2101,-0.0139,3.7094,0.1696,0.8792,0.3821,0.1783,-0.3881,3.7094,0.1696,0.8792,3.8031,0.1288,0.8000,0,1,3.6612,-0.1744,0.8081,0.3386,-0.1663,-0.4592,3.6612,-0.1744,0.8081,3.7153,-0.1461,0.8000,1,1,3.1491,0.1361,0.7084,-0.1777,0.1370,-0.5589,3.1491,0.1361,0.7084,3.1606,0.1366,0.7000,1,1,3.1654,-0.1600,0.7619,-0.1573,-0.1588,-0.5054,3.1654,-0.1600,0.7619,3.2408,-0.1384,0.7000,0,1
3.3283,-0.0038,1.2679,-0.2082,-0.0148,3.7163,0.1675,0.8737,0.3854,0.1770,-0.3942,3.7163,0.1675,0.8737,3.8067,0.1281,0.8000,0,1,3.6612,-0.1744,0.8081,0.3354,-0.1657,-0.4598,3.6612,-0.1744,0.8081,3.7166,-0.1468,0.8000,1,1,3.1491,0.1361,0.7084,-0.1813,0.1372,-0.5595,3.1491,0.1361,0.7084,3.1622,0.1364,0.7000,1,1,3.1687,-0.1603,0.7570,-0.1573,-0.1588,-0.5109,3.1687,-0.1603,0.7570,3.2441,-0.1385,0.7000,0,1
3.3317,-0.0042,1.2684,-0.2056,-0.0155,3.7226,0.1650,0.8654,0.3882,0.1752,-0.4030,3.7226,0.1650,0.8654,3.8102,0.1274,0.8000,0,1,3.6612,-0.1744,0.8082,0.3321,-0.1651,-0.4602,3.6612,-0.1744,0.8082,3.7179,-0.1475,0.8000,1,1,3.1492,0.1361,0.7083,-0.1847,0.1375,-0.5601,3.1492,0.1361,0.7083,3.1636,0.1361,0.7000,1,1,3.1705,-0.1603,0.7505,-0.1588,-0.1586,-0.5179,3.1705,-0.1603,0.7505,3.2474,-0.1389,0.7000,0,1
3.3350,-0.0048,1.2689,-0.2027,-0.0158,3.7277,0.1620,0.8563,0.3900,0.1730,-0.4126,3.7277,0.1620,0.8563,3.8135,0.1268,0.8000,0,1,3.6613,-0.1744,0.8082,0.3289,-0.1644,-0.4607,3.6613,-0.1744,0.8082,3.7192,-0.1482,0.8000,1,1,3.1493,0.1361,0.7083,-0.1879,0.1379,-0.5606,3.1493,0.1361,0.7083,3.1650,0.1356,0.7000,1,1,3.1713,-0.1602,0.7438,-0.1612,-0.1580,-0.5251,3.1713,-0.1602,0.7438,3.2506,-0.1394,0.7000,0,1
3.3383,-0.0054,1.2694,-0.1995,-0.0157,3.7299,0.1588,0.8472,0.3890,0.1703,-0.4222,3.7299,0.1588,0.8472,3.8168,0.1262,0.8000,0,1,3.6614,-0.1744,0.8083,0.3257,-0.1639,-0.4611,3.6614,-0.1744,0.8083,3.7205,-0.1488,0.8000,1,1,3.1494,0.1361,0.7083,-0.1911,0.1385,-0.5611,3.1494,0.1361,0.7083,3.1663,0.1350,0.7000,1,1,3.1703,-0.1598,0.7372,-0.1656,-0.1570,-0.5322,3.1703,-0.1598,0.7372,3.2540,-0.1400,0.7000,0,1
3.3417,-0.0061,1.2699,-0.1963,-0.0153,3.7325,0.1555,0.8381,0.3883,0.1676,-0.4318,3.7325,0.1555,0.8381,3.8201,0.1256,0.8000,0,1,3.6614,-0.1744,0.8083,0.3222,-0.1634,-0.4616,3.6614,-0.1744,0.8083,3.7219,-0.1494,0.8000,1,1,3.1494,0.1361,0.7083,-0.1945,0.1392,-0.5616,3.1494,0.1361,0.7083,3.1676,0.1342,0.7000,1,1,3.1643,-0.1591,0.7322,-0.1750,-0.1557,-0.5377,3.1643,-0.1591,0.7322,3.2574,-0.1408,0.7000,0,1
3.3451,-0.0069,1.2704,-0.1932,-0.0146,3.7343,0.1522,0.8292,0.3868,0.1648,-0.4412,3.7343,0.1522,0.8292,3.8234,0.1251,0.8000,0,1,3.6615,-0.1743,0.8084,0.3188,-0.1628,-0.4620,3.6615,-0.1743,0.8084,3.7234,-0.1498,0.8000,1,1,3.1495,0.1361,0.7083,-0.1977,0.1401,-0.5621,3.1495,0.1361,0.7083,3.1689,0.1333,0.7000,1,1,3.1672,-0.1584,0.7235,-0.1757,-0.1541,-0.5469,3.1672,-0.1584,0.7235,3.2609,-0.1417,0.7000,0,1
3.3485,-0.0077,1.2711,-0.1905,-0.0134,3.7352,0.1495,0.8204,0.3846,0.1624,-0.4507,3.7352,0.1495,0.8204,3.8267,0.1248,0.8000,0,1,3.6617,-0.1742,0.8084,0.3154,-0.1623,-0.4627,3.6617,-0.1742,0.8084,3.7250,-0.1502,0.8000,1,1,3.1497,0.1362,0.7083,-0.2007,0.1412,-0.5628,3.1497,0.1362,0.7083,3.1702,0.1323,0.7000,1,1,3.1670,-0.1572,0.7176,-0.1795,-0.1519,-0.5535,3.1670,-0.1572,0.7176,3.2645,-0.1427,0.7000,0,1
3.3540,-0.0089,1.2722,-0.1884,-0.0109,3.7369,0.1477,0.8143,0.3812,0.1608,-0.4579,3.7369,0.1477,0.8143,3.8301,0.1245,0.8000,0,1,3.6705,-0.1737,0.8101,0.3183,-0.1613,-0.4621,3.6705,-0.1737,0.8101,3.7269,-0.1504,0.8000,1,1,3.1544,0.1372,0.7097,-0.2012,0.1439,-0.5625,3.1544,0.1372,0.7097,3.1716,0.1311,0.7000,1,1,3.1655,-0.1555,0.7122,-0.1869,-0.1486,-0.5600,3.1655,-0.1555,0.7122,3.2683,-0.1438,0.7000,0,1
3.3561,-0.0093,1.2727,-0.1882,-0.0098,3.7368,0.1479,0.8143,0.3791,0.1609,-0.4584,3.7368,0.1479,0.8143,3.7666,0.1245,0.8000,1,1,3.6796,-0.1736,0.8134,0.3251,-0.1611,-0.4593,3.6796,-0.1736,0.8134,3.8309,-0.1505,0.8000,0,1,3.1597,0.1384,0.7132,-0.1978,0.1458,-0.5595,3.1597,0.1384,0.7132,3.2750,0.1300,0.7000,0,1,3.1655,-0.1553,0.7122,-0.1892,-0.1479,-0.5605,3.1655,-0.1553,0.7122,3.2053,-0.1450,0.7000,1,1
3.3597,-0.0099,1.2735,-0.1890,-0.0080,3.7366,0.1480,0.8143,0.3756,0.1609,-0.4592,3.7366,0.1480,0.8143,3.7682,0.1245,0.8000,1,1,3.6959,-0.1741,0.8217,0.3375,-0.1615,-0.4518,3.6959,-0.1741,0.8217,3.8350,-0.1505,0.8000,0,1,3.1700,0.1404,0.7216,-0.1909,0.1488,-0.5519,3.1700,0.1404,0.7216,3.2786,0.1290,0.7000,0,1,3.1654,-0.1552,0.7122,-0.1931,-0.1468,-0.5613,3.1654,-0.1552,0.7122,3.2074,-0.1460,0.7000,1,1
3.3636,-0.0105,1.2744,-0.1907,-0.0062,3.7365,0.1481,0.8143,0.3719,0.1609,-0.4601,3.7365,0.1481,0.8143,3.7698,0.1247,0.8000,1,1,3.7121,-0.1749,0.8329,0.3495,-0.1622,-0.4415,3.7121,-0.1749,0.8329,3.8391,-0.1503,0.8000,0,1,3.1815,0.1425,0.7324,-0.1830,0.1519,-0.5420,3.1815,0.1425,0.7324,3.2822,0.1281,0.7000,0,1,3.1653,-0.1551,0.7122,-0.1974,-0.1458,-0.5622,3.1653,-0.1551,0.7122,3.2095,-0.1468,0.7000,1,1
3.3674,-0.0109,1.2753,-0.1930,-0.0045,3.7364,0.1481,0.8142,0.3683,0.1607,-0.4611,3.7364,0.1481,0.8142,3.7714,0.1249,0.8000,1,1,3.7272,-0.1757,0.8456,0.3605,-0.1632,-0.4297,3.7272,-0.1757,0.8456,3.8432,-0.1501,0.8000,0,1,3.1925,0.1442,0.7442,-0.1756,0.1543,-0.5311,3.1925,0.1442,0.7442,3.2858,0.1274,0.7000,0,1,3.1652,-0.1551,0.7122,-0.2015,-0.1451,-0.5631,3.1652,-0.1551,0.7122,3.2116,-0.1476,0.7000,1,1
3.3713,-0.0112,1.2761,-0.1954,-0.0029,3.7364,0.1481,0.8142,0.3646,0.1604,-0.4619,3.7364,0.1481,0.8142,3.7730,0.1252,0.8000,1,1,3.7406,-0.1762,0.8587,0.3698,-0.1639,-0.4174,3.7406,-0.1762,0.8587,3.8473,-0.1498,0.8000,0,1,3.2031,0.1457,0.7566,-0.1687,0.1564,-0.5195,3.2031,0.1457,0.7566,3.2894,0.1268,0.7000,0,1,3.1652,-0.1550,0.7122,-0.2057,-0.1444,-0.5639,3.1652,-0.1550,0.7122,3.2137,-0.1482,0.7000,1,1
3.3751,-0.0114,1.2768,-0.1976,-0.0014,3.7363,0.1482,0.8142,0.3610,0.1601,-0.4626,3.7363,0.1482,0.8142,3.7747,0.1256,0.8000,1,1,3.7523,-0.1762,0.8707,0.3774,-0.1643,-0.4061,3.7523,-0.1762,0.8707,3.8513,-0.1494,0.8000,0,1,3.2124,0.1468,0.7682,-0.1629,0.1580,-0.5086,3.2124,0.1468,0.7682,3.2931,0.1263,0.7000,0,1,3.1651,-0.1550,0.7122,-0.2098,-0.1439,-0.5646,3.1651,-0.1550,0.7122,3.2157,-0.1487,0.7000,1,1
3.3789,-0.0115,1.2775,-0.1994,-0.0000,3.7363,0.1482,0.8141,0.3574,0.1597,-0.4634,3.7363,0.1482,0.8141,3.7763,0.1260,0.8000,1,1,3.7626,-0.1758,0.8805,0.3837,-0.1643,-0.3970,3.7626,-0.1758,0.8805,3.8553,-0.1490,0.8000,0,1,3.2205,0.1475,0.7779,-0.1584,0.1590,-0.4996,3.2205,0.1475,0.7779,3.2967,0.1260,0.7000,0,1,3.1651,-0.1550,0.7122,-0.2138,-0.1435,-0.5653,3.1651,-0.1550,0.7122,3.2177,-0.1490,0.7000,1,1
3.3827,-0.0114,1.2780,-0.2006,0.0012,3.7363,0.1482,0.8141,0.3538,0.1592,-0.4639,3.7363,0.1482,0.8141,3.7779,0.1265,0.8000,1,1,3.7719,-0.1751,0.8867,0.3890,-0.1642,-0.3913,3.7719,-0.1751,0.8867,3.8593,-0.1485,0.8000,0,1,3.2273,0.1478,0.7841,-0.1552,0.1594,-0.4939,3.2273,0.1478,0.7841,3.3003,0.1259,0.7000,0,1,3.1651,-0.1550,0.7122,-0.2178,-0.1433,-0.5658,3.1651,-0.1550,0.7122,3.2196,-0.1491,0.7000,1,1
3.3865,-0.0112,1.2784,-0.2009,0.0021,3.7363,0.1482,0.8141,0.3501,0.1587,-0.4643,3.7363,0.1482,0.8141,3.7795,0.1271,0.8000,1,1,3.7804,-0.1740,0.8881,0.3936,-0.1636,-0.3903,3.7804,-0.1740,0.8881,3.8631,-0.1479,0.8000,0,1,3.2329,0.1479,0.7855,-0.1533,0.1594,-0.4929,3.2329,0.1479,0.7855,3.3039,0.1259,0.7000,0,1,3.1651,-0.1550,0.7122,-0.2217,-0.1433,-0.5662,3.1651,-0.1550,0.7122,3.2215,-0.1491,0.7000,1,1
3.3902,-0.0110,1.2787,-0.2001,0.0029,3.7363,0.1482,0.8141,0.3466,0.1582,-0.4646,3.7363,0.1482,0.8141,3.7812,0.1276,0.8000,1,1,3.7886,-0.1725,0.8846,0.3979,-0.1627,-0.3941,3.7886,-0.1725,0.8846,3.8670,-0.1474,0.8000,0,1,3.2374,0.1478,0.7820,-0.1523,0.1592,-0.4967,3.2374,0.1478,0.7820,3.3076,0.1260,0.7000,0,1,3.1651,-0.1550,0.7121,-0.2255,-0.1433,-0.5666,3.1651,-0.1550,0.7121,3.2234,-0.1490,0.7000,1,1
3.3939,-0.0106,1.2788,-0.1984,0.0035,3.7364,0.1482,0.8141,0.3431,0.1576,-0.4647,3.7364,0.1482,0.8141,3.7828,0.1283,0.8000,1,1,3.7939,-0.1708,0.8774,0.3994,-0.1616,-0.4014,3.7939,-0.1708,0.8774,3.8708,-0.1467,0.8000,0,1,3.2411,0.1474,0.7747,-0.1522,0.1585,-0.5041,3.2411,0.1474,0.7747,3.3112,0.1263,0.7000,0,1,3.1651,-0.1550,0.7121,-0.2293,-0.1436,-0.5667,3.1651,-0.1550,0.7121,3.2252,-0.1487,0.7000,1,1
3.3977,-0.0101,1.2789,-0.1959,0.0039,3.7364,0.1482,0.8142,0.3393,0.1570,-0.4647,3.7364,0.1482,0.8142,3.7845,0.1289,0.8000,1,1,3.8011,-0.1687,0.8681,0.4028,-0.1602,-0.4108,3.8011,-0.1687,0.8681,3.8746,-0.1461,0.8000,0,1,3.2428,0.1467,0.7656,-0.1543,0.1574,-0.5133,3.2428,0.1467,0.7656,3.3149,0.1267,0.7000,0,1,3.1652,-0.1549,0.7121,-0.2331,-0.1439,-0.5668,3.1652,-0.1549,0.7121,3.2270,-0.1483,0.7000,1,1
3.4015,-0.0095,1.2790,-0.1927,0.0040,3.7365,0.1482,0.8143,0.3356,0.1564,-0.4647,3.7365,0.1482,0.8143,3.7863,0.1295,0.8000,1,1,3.8036,-0.1663,0.8580,0.4015,-0.1584,-0.4210,3.8036,-0.1663,0.8580,3.8784,-0.1455,0.8000,0,1,3.2441,0.1459,0.7564,-0.1568,0.1560,-0.5226,3.2441,0.1459,0.7564,3.3187,0.1273,0.7000,0,1,3.1653,-0.1549,0.7121,-0.2368,-0.1445,-0.5669,3.1653,-0.1549,0.7121,3.2288,-0.1477,0.7000,1,1
3.4053,-0.0087,1.2791,-0.1890,0.0039,3.7366,0.1482,0.8143,0.3319,0.1556,-0.4648,3.7366,0.1482,0.8143,3.7882,0.1302,0.8000,1,1,3.8071,-0.1637,0.8474,0.4012,-0.1566,-0.4317,3.8071,-0.1637,0.8474,3.8823,-0.1448,0.8000,0,1,3.2452,0.1447,0.7474,-0.1595,0.1540,-0.5317,3.2452,0.1447,0.7474,3.3226,0.1280,0.7000,0,1,3.1654,-0.1549,0.7121,-0.2405,-0.1453,-0.5670,3.1654,-0.1549,0.7121,3.2307,-0.1470,0.7000,1,1
3.4094,-0.0079,1.2792,-0.1851,0.0035,3.7366,0.1482,0.8144,0.3277,0.1550,-0.4648,3.7366,0.1482,0.8144,3.7903,0.1309,0.8000,1,1,3.8088,-0.1612,0.8370,0.3989,-0.1547,-0.4422,3.8088,-0.1612,0.8370,3.8862,-0.1441,0.8000,0,1,3.2446,0.1433,0.7398,-0.1643,0.1518,-0.5394,3.2446,0.1433,0.7398,3.3267,0.1289,0.7000,0,1,3.1655,-0.1550,0.7121,-0.2444,-0.1462,-0.5671,3.1655,-0.1550,0.7121,3.2326,-0.1461,0.7000,1,1
3.4136,-0.0071,1.2795,-0.1814,0.0028,3.7368,0.1481,0.8145,0.3236,0.1543,-0.4650,3.7368,0.1481,0.8145,3.7926,0.1315,0.8000,1,1,3.8087,-0.1591,0.8272,0.3947,-0.1531,-0.4523,3.8087,-0.1591,0.8272,3.8903,-0.1435,0.8000,0,1,3.2504,0.1409,0.7307,-0.1628,0.1485,-0.5488,3.2504,0.1409,0.7307,3.3310,0.1299,0.7000,0,1,3.1656,-0.1550,0.7120,-0.2484,-0.1472,-0.5675,3.1656,-0.1550,0.7120,3.2347,-0.1451,0.7000,1,1
3.4181,-0.0061,1.2800,-0.1780,0.0017,3.7368,0.1480,0.8144,0.3190,0.1536,-0.4656,3.7368,0.1480,0.8144,3.7953,0.1320,0.8000,1,1,3.8045,-0.1593,0.8194,0.3861,-0.1539,-0.4606,3.8045,-0.1593,0.8194,3.8947,-0.1430,0.8000,0,1,3.2729,0.1358,0.7248,-0.1450,0.1421,-0.5552,3.2729,0.1358,0.7248,3.3357,0.1311,0.7000,0,1,3.1656,-0.1551,0.7121,-0.2528,-0.1486,-0.5679,3.1656,-0.1551,0.7121,3.2371,-0.1439,0.7000,1,1
3.4243,-0.0048,1.2809,-0.1751,-0.0004,3.7485,0.1477,0.8174,0.3241,0.1526,-0.4635,3.7485,0.1477,0.8174,3.8994,0.1325,0.8000,0,1,3.8016,-0.1605,0.8166,0.3774,-0.1555,-0.4643,3.8016,-0.1605,0.8166,3.8334,-0.1425,0.8000,1,1,3.2906,0.1320,0.7223,-0.1338,0.1367,-0.5586,3.2906,0.1320,0.7223,3.2748,0.1325,0.7000,1,1,3.1751,-0.1563,0.7152,-0.2491,-0.1516,-0.5657,3.1751,-0.1563,0.7152,3.3408,-0.1425,0.7000,0,1
3.4281,-0.0040,1.2814,-0.1746,-0.0018,3.7613,0.1483,0.8232,0.3329,0.1529,-0.4582,3.7613,0.1483,0.8232,3.9047,0.1328,0.8000,0,1,3.8007,-0.1609,0.8161,0.3729,-0.1562,-0.4653,3.8007,-0.1609,0.8161,3.8362,-0.1422,0.8000,1,1,3.2896,0.1316,0.7224,-0.1387,0.1354,-0.5590,3.2896,0.1316,0.7224,3.2781,0.1338,0.7000,1,1,3.1862,-0.1580,0.7222,-0.2416,-0.1544,-0.5592,3.1862,-0.1580,0.7222,3.3456,-0.1412,0.7000,0,1
3.4331,-0.0031,1.2823,-0.1760,-0.0036,3.7784,0.1500,0.8329,0.3447,0.1543,-0.4494,3.7784,0.1500,0.8329,3.9100,0.1330,0.8000,0,1,3.8007,-0.1609,0.8161,0.3682,-0.1565,-0.4662,3.8007,-0.1609,0.8161,3.8390,-0.1420,0.8000,1,1,3.2894,0.1315,0.7225,-0.1442,0.1341,-0.5598,3.2894,0.1315,0.7225,3.2814,0.1350,0.7000,1,1,3.2015,-0.1596,0.7321,-0.2310,-0.1573,-0.5502,3.2015,-0.1596,0.7321,3.3504,-0.1400,0.7000,0,1
3.4380,-0.0024,1.2831,-0.1782,-0.0051,3.7943,0.1518,0.8450,0.3555,0.1560,-0.4381,3.7943,0.1518,0.8450,3.9151,0.1332,0.8000,0,1,3.8006,-0.1610,0.8161,0.3634,-0.1567,-0.4670,3.8006,-0.1610,0.8161,3.8417,-0.1418,0.8000,1,1,3.2893,0.1314,0.7226,-0.1494,0.1330,-0.5605,3.2893,0.1314,0.7226,3.2845,0.1361,0.7000,1,1,3.2165,-0.1608,0.7444,-0.2207,-0.1595,-0.5387,3.2165,-0.1608,0.7444,3.3551,-0.1389,0.7000,0,1
3.4428,-0.0017,1.2839,-0.1807,-0.0065,3.8086,0.1535,0.8581,0.3648,0.1576,-0.4258,3.8086,0.1535,0.8581,3.9201,0.1333,0.8000,0,1,3.8004,-0.1612,0.8160,0.3586,-0.1572,-0.4679,3.8004,-0.1612,0.8160,3.8443,-0.1417,0.8000,1,1,3.2891,0.1312,0.7225,-0.1546,0.1319,-0.5614,3.2891,0.1312,0.7225,3.2875,0.1370,0.7000,1,1,3.2308,-0.1617,0.7578,-0.2110,-0.1614,-0.5261,3.2308,-0.1617,0.7578,3.3597,-0.1380,0.7000,0,1
3.4475,-0.0012,1.2846,-0.1833,-0.0077,3.8213,0.1552,0.8708,0.3726,0.1593,-0.4138,3.8213,0.1552,0.8708,3.9250,0.1334,0.8000,0,1,3.8004,-0.1612,0.8160,0.3541,-0.1573,-0.4686,3.8004,-0.1612,0.8160,3.8468,-0.1416,0.8000,1,1,3.2891,0.1312,0.7225,-0.1594,0.1312,-0.5621,3.2891,0.1312,0.7225,3.2904,0.1377,0.7000,1,1,3.2446,-0.1621,0.7706,-0.2017,-0.1625,-0.5140,3.2446,-0.1621,0.7706,3.3642,-0.1372,0.7000,0,1
3.4521,-0.0008,1.2852,-0.1856,-0.0087,3.8322,0.1565,0.8819,0.3787,0.1606,-0.4033,3.8322,0.1565,0.8819,3.9297,0.1335,0.8000,0,1,3.8003,-0.1613,0.8160,0.3496,-0.1575,-0.4692,3.8003,-0.1613,0.8160,3.8493,-0.1415,0.8000,1,1,3.2891,0.1312,0.7225,-0.1641,0.1306,-0.5627,3.2891,0.1312,0.7225,3.2931,0.1383,0.7000,1,1,3.2572,-0.1620,0.7817,-0.1935,-0.1629,-0.5035,3.2572,-0.1620,0.7817,3.3687,-0.1366,0.7000,0,1
3.4566,-0.0004,1.2857,-0.1874,-0.0095,3.8416,0.1573,0.8901,0.3835,0.1614,-0.3956,3.8416,0.1573,0.8901,3.9342,0.1335,0.8000,0,1,3.8003,-0.1613,0.8159,0.3452,-0.1576,-0.4698,3.8003,-0.1613,0.8159,3.8516,-0.1415,0.8000,1,1,3.2890,0.1312,0.7225,-0.1688,0.1300,-0.5632,3.2890,0.1312,0.7225,3.2957,0.1388,0.7000,1,1,3.2688,-0.1615,0.7898,-0.1863,-0.1629,-0.4959,3.2688,-0.1615,0.7898,3.3731,-0.1362,0.7000,0,1
3.4609,-0.0003,1.2860,-0.1885,-0.0100,3.8499,0.1577,0.8940,0.3874,0.1619,-0.3920,3.8499,0.1577,0.8940,3.9387,0.1335,0.8000,0,1,3.8003,-0.1613,0.8159,0.3410,-0.1576,-0.4701,3.8003,-0.1613,0.8159,3.8539,-0.1415,0.8000,1,1,3.2890,0.1312,0.7225,-0.1732,0.1298,-0.5635,3.2890,0.1312,0.7225,3.2981,0.1391,0.7000,1,1,3.2792,-0.1607,0.7938,-0.1801,-0.1622,-0.4922,3.2792,-0.1607,0.7938,3.3774,-0.1359,0.7000,0,1
3.4652,-0.0002,1.2862,-0.1887,-0.0102,3.8574,0.1578,0.8929,0.3906,0.1620,-0.3933,3.8574,0.1578,0.8929,3.9430,0.1335,0.8000,0,1,3.8003,-0.1613,0.8159,0.3367,-0.1577,-0.4703,3.8003,-0.1613,0.8159,3.8562,-0.1415,0.8000,1,1,3.2890,0.1312,0.7225,-0.1775,0.1296,-0.5637,3.2890,0.1312,0.7225,3.3004,0.1392,0.7000,1,1,3.2890,-0.1595,0.7927,-0.1746,-0.1611,-0.4935,3.2890,-0.1595,0.7927,3.3816,-0.1358,0.7000,0,1
3.4694,-0.0002,1.2863,-0.1879,-0.0102,3.8636,0.1575,0.8871,0.3926,0.1617,-0.3992,3.8636,0.1575,0.8871,3.9472,0.1334,0.8000,0,1,3.8003,-0.1613,0.8160,0.3325,-0.1577,-0.4703,3.8003,-0.1613,0.8160,3.8583,-0.1416,0.8000,1,1,3.2891,0.1312,0.7225,-0.1816,0.1296,-0.5638,3.2891,0.1312,0.7225,3.3026,0.1391,0.7000,1,1,3.2979,-0.1582,0.7870,-0.1699,-0.1597,-0.4993,3.2979,-0.1582,0.7870,3.3858,-0.1359,0.7000,0,1
3.4735,-0.0004,1.2862,-0.1863,-0.0099,3.8684,0.1568,0.8780,0.3933,0.1611,-0.4082,3.8684,0.1568,0.8780,3.9512,0.1334,0.8000,0,1,3.8004,-0.1613,0.8160,0.3285,-0.1577,-0.4702,3.8004,-0.1613,0.8160,3.8605,-0.1416,0.8000,1,1,3.2891,0.1312,0.7225,-0.1857,0.1298,-0.5637,3.2891,0.1312,0.7225,3.3047,0.1389,0.7000,1,1,3.3066,-0.1565,0.7787,-0.1653,-0.1577,-0.5075,3.3066,-0.1565,0.7787,3.3899,-0.1361,0.7000,0,1
3.4776,-0.0007,1.2861,-0.1840,-0.0092,3.8715,0.1559,0.8667,0.3924,0.1602,-0.4194,3.8715,0.1559,0.8667,3.9553,0.1334,0.8000,0,1,3.8005,-0.1613,0.8161,0.3244,-0.1576,-0.4700,3.8005,-0.1613,0.8161,3.8627,-0.1416,0.8000,1,1,3.2892,0.1312,0.7225,-0.1896,0.1302,-0.5636,3.2892,0.1312,0.7225,3.3067,0.1385,0.7000,1,1,3.3145,-0.1546,0.7691,-0.1617,-0.1554,-0.5170,3.3145,-0.1546,0.7691,3.3942,-0.1365,0.7000,0,1
3.4818,-0.0010,1.2860,-0.1812,-0.0083,3.8730,0.1547,0.8543,0.3899,0.1589,-0.4317,3.8730,0.1547,0.8543,3.9593,0.1333,0.8000,0,1,3.8005,-0.1613,0.8161,0.3200,-0.1576,-0.4699,3.8005,-0.1613,0.8161,3.8650,-0.1417,0.8000,1,1,3.2893,0.1312,0.7225,-0.1936,0.1306,-0.5635,3.2893,0.1312,0.7225,3.3087,0.1380,0.7000,1,1,3.3224,-0.1523,0.7594,-0.1581,-0.1526,-0.5266,3.3224,-0.1523,0.7594,3.3984,-0.1370,0.7000,0,1
3.4860,-0.0015,1.2859,-0.1782,-0.0070,3.8729,0.1535,0.8420,0.3858,0.1577,-0.4439,3.8729,0.1535,0.8420,3.9634,0.1334,0.8000,0,1,3.8006,-0.1613,0.8162,0.3157,-0.1576,-0.4697,3.8006,-0.1613,0.8162,3.8674,-0.1416,0.8000,1,1,3.2895,0.1312,0.7224,-0.1974,0.1313,-0.5635,3.2895,0.1312,0.7224,3.3108,0.1373,0.7000,1,1,3.3315,-0.1495,0.7509,-0.1535,-0.1491,-0.5350,3.3315,-0.1495,0.7509,3.4029,-0.1377,0.7000,0,1
3.4904,-0.0021,1.2860,-0.1753,-0.0053,3.8714,0.1523,0.8306,0.3802,0.1564,-0.4554,3.8714,0.1523,0.8306,3.9675,0.1334,0.8000,0,1,3.8006,-0.1613,0.8162,0.3110,-0.1576,-0.4698,3.8006,-0.1613,0.8162,3.8700,-0.1415,0.8000,1,1,3.2895,0.1312,0.7224,-0.2016,0.1322,-0.5636,3.2895,0.1312,0.7224,3.3129,0.1364,0.7000,1,1,3.3400,-0.1460,0.7423,-0.1496,-0.1447,-0.5437,3.3400,-0.1460,0.7423,3.3675,-0.1786,0.7000,0,1
3.4948,-0.0027,1.2863,-0.1718,-0.0035,3.8745,0.1489,0.8211,0.3792,0.1529,-0.4652,3.8745,0.1489,0.8211,3.9717,0.1335,0.8000,0,1,3.8006,-0.1613,0.8162,0.3064,-0.1575,-0.4701,3.8006,-0.1613,0.8162,3.8727,-0.1415,0.8000,1,1,3.2894,0.1312,0.7225,-0.2059,0.1332,-0.5638,3.2894,0.1312,0.7225,3.3151,0.1355,0.7000,1,1,3.3357,-0.1424,0.7337,-0.1586,-0.1403,-0.5526,3.3357,-0.1424,0.7337,3.3721,-0.1795,0.7000,0,1
3.5026,-0.0037,1.2872,-0.1664,-0.0003,3.8769,0.1479,0.8148,0.3743,0.1517,-0.4724,3.8769,0.1479,0.8148,3.9759,0.1336,0.8000,0,1,3.8137,-0.1615,0.8181,0.3111,-0.1577,-0.4691,3.8137,-0.1615,0.8181,3.8754,-0.1413,0.8000,1,1,3.2957,0.1321,0.7245,-0.2069,0.1357,-0.5627,3.2957,0.1321,0.7245,3.3172,0.1345,0.7000,1,1,3.3320,-0.1398,0.7307,-0.1706,-0.1362,-0.5565,3.3320,-0.1398,0.7307,3.3768,-0.1805,0.7000,0,1
3.5037,-0.0038,1.2874,-0.1661,0.0004,3.8765,0.1480,0.8147,0.3729,0.1517,-0.4727,3.8765,0.1480,0.8147,3.9131,0.1338,0.8000,1,1,3.8185,-0.1619,0.8211,0.3147,-0.1582,-0.4663,3.8185,-0.1619,0.8211,3.9802,-0.1412,0.8000,0,1,3.3000,0.1330,0.7281,-0.2036,0.1369,-0.5593,3.3000,0.1330,0.7281,3.3815,0.0936,0.7000,0,1,3.3301,-0.1397,0.7324,-0.1737,-0.1358,-0.5550,3.3301,-0.1397,0.7324,3.3546,-0.1414,0.7000,1,1
3.5082,-0.0043,1.2881,-0.1653,0.0022,3.8764,0.1481,0.8147,0.3685,0.1516,-0.4734,3.8764,0.1481,0.8147,3.9153,0.1340,0.8000,1,1,3.8359,-0.1636,0.8294,0.3273,-0.1600,-0.4587,3.8359,-0.1636,0.8294,3.9849,-0.1410,0.8000,0,1,3.3107,0.1348,0.7359,-0.1972,0.1395,-0.5522,3.3107,0.1348,0.7359,3.3857,0.0927,0.7000,0,1,3.3299,-0.1397,0.7326,-0.1786,-0.1350,-0.5555,3.3299,-0.1397,0.7326,3.3573,-0.1423,0.7000,1,1
3.5125,-0.0048,1.2890,-0.1652,0.0039,3.8764,0.1481,0.8147,0.3645,0.1515,-0.4743,3.8764,0.1481,0.8147,3.9174,0.1342,0.8000,1,1,3.8524,-0.1654,0.8407,0.3393,-0.1619,-0.4483,3.8524,-0.1654,0.8407,3.9895,-0.1408,0.8000,0,1,3.3218,0.1365,0.7470,-0.1901,0.1420,-0.5420,3.3218,0.1365,0.7470,3.3898,0.0920,0.7000,0,1,3.3298,-0.1396,0.7326,-0.1832,-0.1341,-0.5564,3.3298,-0.1396,0.7326,3.3599,-0.1430,0.7000,1,1
3.5168,-0.0052,1.2898,-0.1656,0.0055,3.8763,0.1482,0.8146,0.3603,0.1514,-0.4752,3.8763,0.1482,0.8146,3.9194,0.1344,0.8000,1,1,3.8674,-0.1670,0.8535,0.3497,-0.1637,-0.4363,3.8674,-0.1670,0.8535,3.9939,-0.1406,0.8000,0,1,3.3319,0.1380,0.7595,-0.1841,0.1442,-0.5303,3.3319,0.1380,0.7595,3.3938,0.0913,0.7000,0,1,3.3297,-0.1396,0.7326,-0.1878,-0.1334,-0.5572,3.3297,-0.1396,0.7326,3.3623,-0.1437,0.7000,1,1
3.5209,-0.0054,1.2907,-0.1662,0.0069,3.8763,0.1482,0.8146,0.3565,0.1511,-0.4761,3.8763,0.1482,0.8146,3.9213,0.1346,0.8000,1,1,3.8807,-0.1683,0.8666,0.3587,-0.1654,-0.4241,3.8807,-0.1683,0.8666,3.9982,-0.1404,0.8000,0,1,3.3416,0.1391,0.7724,-0.1783,0.1457,-0.5183,3.3416,0.1391,0.7724,3.3978,0.0908,0.7000,0,1,3.3297,-0.1395,0.7326,-0.1921,-0.1328,-0.5581,3.3297,-0.1395,0.7326,3.3646,-0.1442,0.7000,1,1
3.5249,-0.0057,1.2915,-0.1667,0.0081,3.8763,0.1482,0.8145,0.3526,0.1510,-0.4770,3.8763,0.1482,0.8145,3.9232,0.1349,0.8000,1,1,3.8923,-0.1690,0.8786,0.3661,-0.1663,-0.4129,3.8923,-0.1690,0.8786,4.0024,-0.1401,0.8000,0,1,3.3500,0.1398,0.7842,-0.1737,0.1469,-0.5073,3.3500,0.1398,0.7842,3.4016,0.0903,0.7000,0,1,3.3297,-0.1395,0.7326,-0.1963,-0.1322,-0.5589,3.3297,-0.1395,0.7326,3.3669,-0.1447,0.7000,1,1
3.5289,-0.0058,1.2921,-0.1669,0.0092,3.8763,0.1482,0.8145,0.3488,0.1508,-0.4776,3.8763,0.1482,0.8145,3.9250,0.1351,0.8000,1,1,3.9025,-0.1692,0.8884,0.3721,-0.1668,-0.4037,3.9025,-0.1692,0.8884,4.0065,-0.1398,0.8000,0,1,3.3574,0.1402,0.7939,-0.1701,0.1476,-0.4982,3.3574,0.1402,0.7939,3.4054,0.0900,0.7000,0,1,3.3296,-0.1395,0.7326,-0.2005,-0.1319,-0.5595,3.3296,-0.1395,0.7326,3.3689,-0.1450,0.7000,1,1
3.5327,-0.0059,1.2927,-0.1666,0.0101,3.8763,0.1482,0.8145,0.3451,0.1506,-0.4782,3.8763,0.1482,0.8145,3.9267,0.1354,0.8000,1,1,3.9111,-0.1689,0.8946,0.3767,-0.1668,-0.3981,3.9111,-0.1689,0.8946,4.0105,-0.1396,0.8000,0,1,3.3648,0.1400,0.8001,-0.1664,0.1476,-0.4926,3.3648,0.1400,0.8001,3.4891,0.0897,0.8000,0,1,3.3297,-0.1395,0.7326,-0.2043,-0.1315,-0.5601,3.3297,-0.1395,0.7326,3.3709,-0.1453,0.7000,1,1
3.5366,-0.0059,1.2930,-0.1660,0.0107,3.8763,0.1482,0.8145,0.3413,0.1505,-0.4785,3.8763,0.1482,0.8145,3.9285,0.1356,0.8000,1,1,3.9179,-0.1681,0.8961,0.3795,-0.1663,-0.3969,3.9179,-0.1681,0.8961,4.0144,-0.1394,0.8000,0,1,3.3745,0.1395,0.8015,-0.1605,0.1471,-0.4915,3.3745,0.1395,0.8015,3.4929,0.0896,0.8000,0,1,3.3297,-0.1395,0.7326,-0.2083,-0.1314,-0.5604,3.3297,-0.1395,0.7326,3.3729,-0.1453,0.7000,1,1
3.5405,-0.0058,1.2933,-0.1650,0.0109,3.8763,0.1482,0.8145,0.3375,0.1503,-0.4788,3.8763,0.1482,0.8145,3.9304,0.1358,0.8000,1,1,3.9238,-0.1667,0.8925,0.3815,-0.1651,-0.4008,3.9238,-0.1667,0.8925,4.0184,-0.1391,0.8000,0,1,3.3845,0.1388,0.7980,-0.1544,0.1463,-0.4953,3.3845,0.1388,0.7980,3.4968,0.0897,0.8000,0,1,3.3297,-0.1395,0.7326,-0.2122,-0.1314,-0.5607,3.3297,-0.1395,0.7326,3.3748,-0.1453,0.7000,1,1
3.5445,-0.0055,1.2935,-0.1634,0.0108,3.8763,0.1483,0.8145,0.3334,0.1502,-0.4790,3.8763,0.1483,0.8145,3.9323,0.1361,0.8000,1,1,3.9286,-0.1647,0.8849,0.3824,-0.1633,-0.4086,3.9286,-0.1647,0.8849,4.0223,-0.1389,0.8000,0,1,3.3949,0.1379,0.7913,-0.1480,0.1450,-0.5022,3.3949,0.1379,0.7913,3.5008,0.0900,0.8000,0,1,3.3297,-0.1395,0.7326,-0.2162,-0.1317,-0.5609,3.3297,-0.1395,0.7326,3.3767,-0.1450,0.7000,1,1
3.5485,-0.0051,1.2937,-0.1610,0.0103,3.8763,0.1483,0.8146,0.3294,0.1500,-0.4791,3.8763,0.1483,0.8146,3.9344,0.1363,0.8000,1,1,3.9321,-0.1621,0.8745,0.3820,-0.1609,-0.4192,3.9321,-0.1621,0.8745,4.0263,-0.1387,0.8000,0,1,3.4049,0.1369,0.7842,-0.1421,0.1435,-0.5095,3.4049,0.1369,0.7842,3.5049,0.0905,0.8000,0,1,3.3297,-0.1395,0.7326,-0.2202,-0.1321,-0.5611,3.3297,-0.1395,0.7326,3.3787,-0.1445,0.7000,1,1
3.5527,-0.0046,1.2939,-0.1581,0.0094,3.8764,0.1483,0.8146,0.3251,0.1499,-0.4793,3.8764,0.1483,0.8146,3.9367,0.1365,0.8000,1,1,3.9341,-0.1590,0.8624,0.3799,-0.1580,-0.4315,3.9341,-0.1590,0.8624,4.0303,-0.1385,0.8000,0,1,3.4148,0.1359,0.7773,-0.1366,0.1418,-0.5166,3.4148,0.1359,0.7773,3.5092,0.0912,0.8000,0,1,3.3298,-0.1395,0.7326,-0.2242,-0.1328,-0.5613,3.3298,-0.1395,0.7326,3.3808,-0.1438,0.7000,1,1
3.5570,-0.0039,1.2941,-0.1547,0.0082,3.8764,0.1482,0.8147,0.3206,0.1495,-0.4794,3.8764,0.1482,0.8147,3.9392,0.1367,0.8000,1,1,3.9345,-0.1557,0.8497,0.3762,-0.1549,-0.4444,3.9345,-0.1557,0.8497,4.0345,-0.1383,0.8000,0,1,3.4255,0.1346,0.7712,-0.1304,0.1396,-0.5229,3.4255,0.1346,0.7712,3.5136,0.0921,0.8000,0,1,3.3298,-0.1395,0.7326,-0.2283,-0.1337,-0.5615,3.3298,-0.1395,0.7326,3.3829,-0.1429,0.7000,1,1
3.5616,-0.0032,1.2945,-0.1514,0.0066,3.8765,0.1482,0.8147,0.3159,0.1493,-0.4798,3.8765,0.1482,0.8147,3.9420,0.1368,0.8000,1,1,3.9336,-0.1525,0.8375,0.3710,-0.1518,-0.4570,3.9336,-0.1525,0.8375,4.0388,-0.1382,0.8000,0,1,3.4380,0.1333,0.7638,-0.1227,0.1373,-0.5307,3.4380,0.1333,0.7638,3.5184,0.0931,0.8000,0,1,3.3300,-0.1396,0.7326,-0.2325,-0.1349,-0.5619,3.3300,-0.1396,0.7326,3.3852,-0.1419,0.7000,1,1
3.5664,-0.0023,1.2951,-0.1479,0.0045,3.8765,0.1482,0.8147,0.3108,0.1491,-0.4804,3.8765,0.1482,0.8147,3.9451,0.1369,0.8000,1,1,3.9318,-0.1499,0.8269,0.3647,-0.1492,-0.4682,3.9318,-0.1499,0.8269,4.0434,-0.1381,0.8000,0,1,3.4521,0.1319,0.7549,-0.1137,0.1347,-0.5402,3.4521,0.1319,0.7549,3.5235,0.0944,0.8000,0,1,3.3299,-0.1395,0.7326,-0.2371,-0.1361,-0.5625,3.3299,-0.1395,0.7326,3.3878,-0.1406,0.7000,1,1
3.5715,-0.0013,1.2959,-0.1439,0.0020,3.8764,0.1481,0.8147,0.3052,0.1488,-0.4812,3.8764,0.1481,0.8147,3.9486,0.1370,0.8000,1,1,3.9292,-0.1488,0.8189,0.3574,-0.1482,-0.4770,3.9292,-0.1488,0.8189,4.0482,-0.1380,0.8000,0,1,3.4731,0.1301,0.7553,-0.0981,0.1316,-0.5406,3.4731,0.1301,0.7553,3.4890,0.1358,0.8000,0,1,3.3298,-0.1397,0.7327,-0.2420,-0.1379,-0.5632,3.3298,-0.1397,0.7327,3.3506,-0.1792,0.7000,1,1
3.5776,-0.0001,1.2971,-0.1388,-0.0010,3.8868,0.1481,0.8171,0.3091,0.1485,-0.4800,3.8868,0.1481,0.8171,4.0532,0.1370,0.8000,0,1,3.9282,-0.1466,0.8160,0.3507,-0.1461,-0.4811,3.9282,-0.1466,0.8160,3.9870,-0.1380,0.8000,1,1,3.4727,0.1334,0.7540,-0.1050,0.1334,-0.5431,3.4727,0.1334,0.7540,3.3886,0.0973,0.7000,1,1,3.3359,-0.1401,0.7352,-0.2416,-0.1402,-0.5619,3.3359,-0.1401,0.7352,3.4944,-0.1377,0.8000,0,1
3.5819,0.0007,1.2981,-0.1357,-0.0028,3.8997,0.1493,0.8230,0.3174,0.1495,-0.4751,3.8997,0.1493,0.8230,4.0586,0.1371,0.8000,0,1,3.9279,-0.1469,0.8159,0.3464,-0.1466,-0.4822,3.9279,-0.1469,0.8159,3.9899,-0.1379,0.8000,1,1,3.4687,0.1332,0.7581,-0.1136,0.1322,-0.5400,3.4687,0.1332,0.7581,3.3920,0.0987,0.7000,1,1,3.3447,-0.1410,0.7415,-0.2368,-0.1424,-0.5566,3.3447,-0.1410,0.7415,3.4993,-0.1363,0.8000,0,1
3.5868,0.0015,1.2993,-0.1332,-0.0046,3.9144,0.1517,0.8324,0.3269,0.1517,-0.4669,3.9144,0.1517,0.8324,4.0638,0.1372,0.8000,0,1,3.9276,-0.1471,0.8158,0.3415,-0.1470,-0.4835,3.9276,-0.1471,0.8158,3.9926,-0.1378,0.8000,1,1,3.4671,0.1330,0.7595,-0.1203,0.1309,-0.5398,3.4671,0.1330,0.7595,3.3953,0.0998,0.7000,1,1,3.3563,-0.1421,0.7516,-0.2298,-0.1447,-0.5477,3.3563,-0.1421,0.7516,3.5040,-0.1352,0.8000,0,1
3.5916,0.0021,1.3005,-0.1316,-0.0062,3.9282,0.1545,0.8443,0.3356,0.1545,-0.4562,3.9282,0.1545,0.8443,4.0688,0.1373,0.8000,0,1,3.9276,-0.1473,0.8158,0.3369,-0.1473,-0.4847,3.9276,-0.1473,0.8158,3.9951,-0.1377,0.8000,1,1,3.4643,0.1329,0.7622,-0.1281,0.1300,-0.5383,3.4643,0.1329,0.7622,3.3982,0.1008,0.7000,1,1,3.3682,-0.1433,0.7639,-0.2225,-0.1468,-0.5366,3.3682,-0.1433,0.7639,3.5085,-0.1342,0.8000,0,1
3.5962,0.0027,1.3017,-0.1307,-0.0076,3.9405,0.1570,0.8574,0.3431,0.1569,-0.4443,3.9405,0.1570,0.8574,4.0736,0.1374,0.8000,0,1,3.9275,-0.1474,0.8158,0.3324,-0.1476,-0.4859,3.9275,-0.1474,0.8158,3.9976,-0.1376,0.8000,1,1,3.4631,0.1328,0.7633,-0.1341,0.1291,-0.5384,3.4631,0.1328,0.7633,3.4011,0.1016,0.7000,1,1,3.3800,-0.1443,0.7770,-0.2151,-0.1486,-0.5247,3.3800,-0.1443,0.7770,3.5130,-0.1334,0.8000,0,1
3.6007,0.0032,1.3029,-0.1302,-0.0087,3.9513,0.1591,0.8701,0.3492,0.1589,-0.4328,3.9513,0.1591,0.8701,4.0783,0.1374,0.8000,0,1,3.9275,-0.1475,0.8158,0.3281,-0.1479,-0.4871,3.9275,-0.1475,0.8158,3.9999,-0.1376,0.8000,1,1,3.4621,0.1328,0.7643,-0.1397,0.1284,-0.5386,3.4621,0.1328,0.7643,3.4037,0.1023,0.7000,1,1,3.3914,-0.1452,0.7898,-0.2080,-0.1502,-0.5131,3.3914,-0.1452,0.7898,3.5173,-0.1327,0.8000,0,1
3.6051,0.0035,1.3039,-0.1298,-0.0096,3.9606,0.1607,0.8812,0.3540,0.1606,-0.4227,3.9606,0.1607,0.8812,4.0828,0.1374,0.8000,0,1,3.9275,-0.1475,0.8158,0.3238,-0.1479,-0.4881,3.9275,-0.1475,0.8158,4.0021,-0.1376,0.8000,1,1,3.4614,0.1328,0.7649,-0.1449,0.1279,-0.5390,3.4614,0.1328,0.7649,3.4062,0.1028,0.7000,1,1,3.4023,-0.1456,0.8009,-0.2014,-0.1510,-0.5030,3.4023,-0.1456,0.8009,3.5215,-0.1322,0.8000,0,1
3.6093,0.0037,1.3048,-0.1295,-0.0103,3.9687,0.1618,0.8893,0.3578,0.1618,-0.4155,3.9687,0.1618,0.8893,4.0871,0.1373,0.8000,0,1,3.9275,-0.1475,0.8158,0.3197,-0.1479,-0.4890,3.9275,-0.1475,0.8158,4.0042,-0.1376,0.8000,1,1,3.4612,0.1328,0.7652,-0.1494,0.1276,-0.5396,3.4612,0.1328,0.7652,3.4085,0.1031,0.7000,1,1,3.4123,-0.1459,0.8090,-0.1954,-0.1516,-0.4958,3.4123,-0.1459,0.8090,3.5257,-0.1319,0.8000,0,1
3.6134,0.0038,1.3054,-0.1290,-0.0108,3.9760,0.1624,0.8933,0.3609,0.1625,-0.4121,3.9760,0.1624,0.8933,4.0913,0.1373,0.8000,0,1,3.9275,-0.1475,0.8157,0.3157,-0.1479,-0.4897,3.9275,-0.1475,0.8157,4.0063,-0.1377,0.8000,1,1,3.4610,0.1328,0.7653,-0.1538,0.1273,-0.5401,3.4610,0.1328,0.7653,3.4907,0.1033,0.8000,1,1,3.4214,-0.1460,0.8130,-0.1904,-0.1519,-0.4924,3.4214,-0.1460,0.8130,3.5297,-0.1317,0.8000,0,1
3.6174,0.0038,1.3060,-0.1275,-0.0110,3.9825,0.1626,0.8921,0.3633,0.1628,-0.4139,3.9825,0.1626,0.8921,4.0953,0.1372,0.8000,0,1,3.9274,-0.1475,0.8157,0.3116,-0.1479,-0.4903,3.9274,-0.1475,0.8157,4.0082,-0.1378,0.8000,1,1,3.4610,0.1328,0.7653,-0.1578,0.1273,-0.5407,3.4610,0.1328,0.7653,3.4927,0.1033,0.8000,1,1,3.4292,-0.1467,0.8130,-0.1865,-0.1526,-0.4930,3.4292,-0.1467,0.8130,3.5337,-0.1316,0.8000,0,1
3.6212,0.0037,1.3065,-0.1250,-0.0111,3.9876,0.1624,0.8864,0.3646,0.1628,-0.4201,3.9876,0.1624,0.8864,4.0991,0.1370,0.8000,0,1,3.9275,-0.1476,0.8158,0.3080,-0.1479,-0.4907,3.9275,-0.1476,0.8158,4.0101,-0.1380,0.8000,1,1,3.4610,0.1328,0.7654,-0.1616,0.1273,-0.5411,3.4610,0.1328,0.7654,3.4945,0.1032,0.8000,1,1,3.4347,-0.1477,0.8100,-0.1848,-0.1535,-0.4965,3.4347,-0.1477,0.8100,3.5375,-0.1318,0.8000,0,1
3.6249,0.0034,1.3071,-0.1215,-0.0108,3.9917,0.1617,0.8775,0.3651,0.1623,-0.4296,3.9917,0.1617,0.8775,4.1028,0.1368,0.8000,0,1,3.9275,-0.1475,0.8158,0.3042,-0.1476,-0.4913,3.9275,-0.1475,0.8158,4.0118,-0.1382,0.8000,1,1,3.4610,0.1328,0.7654,-0.1653,0.1276,-0.5417,3.4610,0.1328,0.7654,3.4962,0.1029,0.8000,1,1,3.4405,-0.1485,0.8052,-0.1827,-0.1539,-0.5019,3.4405,-0.1485,0.8052,3.5412,-0.1321,0.8000,0,1
3.6286,0.0030,1.3076,-0.1175,-0.0103,3.9947,0.1605,0.8670,0.3645,0.1613,-0.4406,3.9947,0.1605,0.8670,4.1064,0.1366,0.8000,0,1,3.9276,-0.1475,0.8159,0.3005,-0.1474,-0.4917,3.9276,-0.1475,0.8159,4.0135,-0.1383,0.8000,1,1,3.4611,0.1328,0.7654,-0.1688,0.1281,-0.5422,3.4611,0.1328,0.7654,3.4978,0.1024,0.8000,1,1,3.4455,-0.1490,0.7997,-0.1815,-0.1539,-0.5079,3.4455,-0.1490,0.7997,3.5450,-0.1326,0.8000,0,1
3.6323,0.0025,1.3081,-0.1132,-0.0093,3.9953,0.1590,0.8559,0.3615,0.1599,-0.4522,3.9953,0.1590,0.8559,4.1099,0.1365,0.8000,0,1,3.9277,-0.1475,0.8159,0.2968,-0.1472,-0.4922,3.9277,-0.1475,0.8159,4.0154,-0.1385,0.8000,1,1,3.4612,0.1328,0.7654,-0.1723,0.1287,-0.5427,3.4612,0.1328,0.7654,3.4994,0.1017,0.8000,1,1,3.4463,-0.1490,0.7980,-0.1846,-0.1532,-0.5101,3.4463,-0.1490,0.7980,3.5488,-0.1333,0.8000,0,1
3.6360,0.0019,1.3087,-0.1092,-0.0080,3.9962,0.1574,0.8451,0.3589,0.1584,-0.4636,3.9962,0.1574,0.8451,4.1135,0.1364,0.8000,0,1,3.9279,-0.1474,0.8160,0.2931,-0.1470,-0.4927,3.9279,-0.1474,0.8160,4.0173,-0.1386,0.8000,1,1,3.4613,0.1329,0.7654,-0.1757,0.1296,-0.5433,3.4613,0.1329,0.7654,3.3809,0.0609,0.7000,1,1,3.4523,-0.1483,0.7978,-0.1825,-0.1517,-0.5109,3.4523,-0.1483,0.7978,3.5527,-0.1341,0.8000,0,1
3.6399,0.0012,1.3093,-0.1058,-0.0063,3.9962,0.1564,0.8349,0.3553,0.1574,-0.4744,3.9962,0.1564,0.8349,4.1172,0.1363,0.8000,0,1,3.9280,-0.1474,0.8160,0.2890,-0.1468,-0.4933,3.9280,-0.1474,0.8160,4.0194,-0.1387,0.8000,1,1,3.4614,0.1329,0.7654,-0.1793,0.1306,-0.5439,3.4614,0.1329,0.7654,3.3826,0.0599,0.7000,1,1,3.4644,-0.1474,0.7901,-0.1746,-0.1497,-0.5192,3.4644,-0.1474,0.7901,3.5568,-0.1351,0.8000,0,1
3.6440,0.0004,1.3099,-0.1029,-0.0040,3.9964,0.1567,0.8260,0.3518,0.1577,-0.4839,3.9964,0.1567,0.8260,4.1209,0.1364,0.8000,0,1,3.9279,-0.1473,0.8160,0.2845,-0.1466,-0.4939,3.9279,-0.1473,0.8160,4.0218,-0.1386,0.8000,1,1,3.4614,0.1330,0.7654,-0.1831,0.1319,-0.5445,3.4614,0.1330,0.7654,3.3843,0.0587,0.7000,1,1,3.4889,-0.1453,0.7886,-0.1545,-0.1463,-0.5213,3.4889,-0.1453,0.7886,3.5612,-0.1363,0.8000,0,1
3.6521,-0.0013,1.3115,-0.0967,0.0014,4.0013,0.1584,0.8196,0.3494,0.1592,-0.4919,4.0013,0.1584,0.8196,4.1247,0.1366,0.8000,0,1,3.9426,-0.1469,0.8188,0.2903,-0.1460,-0.4927,3.9426,-0.1469,0.8188,4.0244,-0.1384,0.8000,1,1,3.4607,0.1328,0.7678,-0.1912,0.1344,-0.5437,3.4607,0.1328,0.7678,3.3861,0.0573,0.7000,1,1,3.5214,-0.1404,0.7835,-0.1309,-0.1389,-0.5280,3.5214,-0.1404,0.7835,3.5657,-0.1377,0.8000,0,1
3.6528,-0.0014,1.3117,-0.0959,0.0020,4.0009,0.1590,0.8196,0.3484,0.1597,-0.4921,4.0009,0.1590,0.8196,4.0615,0.1368,0.8000,1,1,3.9450,-0.1470,0.8212,0.2919,-0.1462,-0.4905,3.9450,-0.1470,0.8212,4.1289,-0.1382,0.8000,0,1,3.4587,0.1335,0.7709,-0.1938,0.1353,-0.5408,3.4587,0.1335,0.7709,3.5699,0.1359,0.8000,0,1,3.5207,-0.1399,0.7838,-0.1324,-0.1382,-0.5279,3.5207,-0.1399,0.7838,3.5033,-0.1391,0.8000,1,1
3.6563,-0.0021,1.3125,-0.0928,0.0046,4.0004,0.1593,0.8195,0.3448,0.1598,-0.4930,4.0004,0.1593,0.8195,4.0630,0.1372,0.8000,1,1,3.9579,-0.1486,0.8291,0.3009,-0.1479,-0.4834,3.9579,-0.1486,0.8291,4.1333,-0.1378,0.8000,0,1,3.4491,0.1363,0.7795,-0.2066,0.1394,-0.5330,3.4491,0.1363,0.7795,3.5734,0.1346,0.8000,0,1,3.5192,-0.1395,0.7850,-0.1377,-0.1368,-0.5275,3.5192,-0.1395,0.7850,3.5057,-0.1404,0.8000,1,1
3.6601,-0.0027,1.3136,-0.0896,0.0074,4.0004,0.1595,0.8196,0.3415,0.1597,-0.4940,4.0004,0.1595,0.8196,4.0644,0.1375,0.8000,1,1,3.9716,-0.1511,0.8401,0.3104,-0.1507,-0.4735,3.9716,-0.1511,0.8401,4.1375,-0.1375,0.8000,0,1,3.4438,0.1393,0.7908,-0.2152,0.1436,-0.5228,3.4438,0.1393,0.7908,3.5769,0.1334,0.8000,0,1,3.5168,-0.1393,0.7874,-0.1443,-0.1355,-0.5262,3.5168,-0.1393,0.7874,3.5079,-0.1416,0.8000,1,1
3.6638,-0.0033,1.3149,-0.0871,0.0097,4.0004,0.1597,0.8196,0.3382,0.1597,-0.4953,4.0004,0.1597,0.8196,4.0658,0.1379,0.8000,1,1,3.9841,-0.1537,0.8529,0.3188,-0.1535,-0.4620,3.9841,-0.1537,0.8529,4.1415,-0.1371,0.8000,0,1,3.4474,0.1419,0.8035,-0.2150,0.1473,-0.5114,3.4474,0.1419,0.8035,3.5802,0.1324,0.8000,0,1,3.5150,-0.1392,0.7893,-0.1501,-0.1345,-0.5256,3.5150,-0.1392,0.7893,3.5099,-0.1426,0.8000,1,1
3.6674,-0.0037,1.3162,-0.0849,0.0118,4.0005,0.1597,0.8197,0.3350,0.1595,-0.4965,4.0005,0.1597,0.8197,4.0671,0.1382,0.8000,1,1,3.9950,-0.1560,0.8660,0.3258,-0.1562,-0.4502,3.9950,-0.1560,0.8660,4.1454,-0.1368,0.8000,0,1,3.4520,0.1441,0.8166,-0.2136,0.1503,-0.4996,3.4520,0.1441,0.8166,3.5836,0.1316,0.8000,0,1,3.5136,-0.1391,0.7907,-0.1554,-0.1336,-0.5255,3.5136,-0.1391,0.7907,3.5118,-0.1434,0.8000,1,1
3.6709,-0.0041,1.3175,-0.0827,0.0135,4.0005,0.1598,0.8196,0.3318,0.1594,-0.4979,4.0005,0.1598,0.8196,4.0684,0.1385,0.8000,1,1,4.0044,-0.1579,0.8781,0.3314,-0.1583,-0.4394,4.0044,-0.1579,0.8781,4.1491,-0.1365,0.8000,0,1,3.4563,0.1457,0.8287,-0.2126,0.1527,-0.4888,3.4563,0.1457,0.8287,3.5868,0.1310,0.8000,0,1,3.5125,-0.1391,0.7919,-0.1602,-0.1328,-0.5256,3.5125,-0.1391,0.7919,3.5135,-0.1440,0.8000,1,1
3.6743,-0.0043,1.3187,-0.0804,0.0148,4.0005,0.1598,0.8196,0.3286,0.1593,-0.4991,4.0005,0.1598,0.8196,4.0696,0.1387,0.8000,1,1,4.0125,-0.1594,0.8878,0.3359,-0.1601,-0.4309,4.0125,-0.1594,0.8878,4.1527,-0.1362,0.8000,0,1,3.4601,0.1469,0.8385,-0.2119,0.1544,-0.4802,3.4601,0.1469,0.8385,3.5901,0.1305,0.8000,0,1,3.5111,-0.1391,0.7934,-0.1652,-0.1324,-0.5253,3.5111,-0.1391,0.7934,3.5151,-0.1445,0.8000,1,1
3.6776,-0.0045,1.3198,-0.0779,0.0158,4.0005,0.1598,0.8196,0.3255,0.1592,-0.5002,4.0005,0.1598,0.8196,4.0708,0.1390,0.8000,1,1,4.0197,-0.1604,0.8940,0.3396,-0.1613,-0.4258,4.0197,-0.1604,0.8940,4.1561,-0.1360,0.8000,0,1,3.4636,0.1477,0.8447,-0.2116,0.1556,-0.4751,3.4636,0.1477,0.8447,3.5933,0.1301,0.8000,0,1,3.5095,-0.1392,0.7951,-0.1702,-0.1320,-0.5247,3.5095,-0.1392,0.7951,3.5166,-0.1448,0.8000,1,1
3.6809,-0.0045,1.3207,-0.0751,0.0165,4.0005,0.1599,0.8196,0.3223,0.1591,-0.5011,4.0005,0.1599,0.8196,4.0720,0.1392,0.8000,1,1,4.0265,-0.1610,0.8955,0.3430,-0.1622,-0.4252,4.0265,-0.1610,0.8955,4.1595,-0.1358,0.8000,0,1,3.4667,0.1482,0.8461,-0.2117,0.1562,-0.4746,3.4667,0.1482,0.8461,3.5964,0.1300,0.8000,0,1,3.5086,-0.1392,0.7961,-0.1745,-0.1318,-0.5246,3.5086,-0.1392,0.7961,3.5180,-0.1450,0.8000,1,1
3.6842,-0.0045,1.3214,-0.0721,0.0169,4.0005,0.1599,0.8197,0.3190,0.1590,-0.5017,4.0005,0.1599,0.8197,4.0732,0.1394,0.8000,1,1,4.0331,-0.1611,0.8919,0.3462,-0.1625,-0.4295,4.0331,-0.1611,0.8919,4.1628,-0.1356,0.8000,0,1,3.4703,0.1484,0.8433,-0.2113,0.1565,-0.4781,3.4703,0.1484,0.8433,3.5996,0.1299,0.8000,0,1,3.5078,-0.1392,0.7970,-0.1787,-0.1317,-0.5244,3.5078,-0.1392,0.7970,3.5193,-0.1450,0.8000,1,1
3.6874,-0.0043,1.3220,-0.0690,0.0170,4.0006,0.1599,0.8197,0.3159,0.1589,-0.5023,4.0006,0.1599,0.8197,4.0744,0.1395,0.8000,1,1,4.0388,-0.1608,0.8844,0.3487,-0.1625,-0.4376,4.0388,-0.1608,0.8844,4.1661,-0.1354,0.8000,0,1,3.4728,0.1485,0.8378,-0.2120,0.1564,-0.4842,3.4728,0.1485,0.8378,3.6029,0.1300,0.8000,0,1,3.5071,-0.1392,0.7979,-0.1826,-0.1318,-0.5241,3.5071,-0.1392,0.7979,3.5205,-0.1449,0.8000,1,1
3.6906,-0.0041,1.3225,-0.0658,0.0168,4.0006,0.1599,0.8197,0.3127,0.1588,-0.5028,4.0006,0.1599,0.8197,4.0756,0.1397,0.8000,1,1,4.0442,-0.1600,0.8742,0.3509,-0.1618,-0.4483,4.0442,-0.1600,0.8742,4.1693,-0.1353,0.8000,0,1,3.4757,0.1483,0.8316,-0.2123,0.1560,-0.4909,3.4757,0.1483,0.8316,3.6061,0.1303,0.8000,0,1,3.5064,-0.1392,0.7988,-0.1864,-0.1320,-0.5237,3.5064,-0.1392,0.7988,3.5217,-0.1447,0.8000,1,1
3.6939,-0.0039,1.3229,-0.0624,0.0164,4.0006,0.1599,0.8197,0.3093,0.1587,-0.5032,4.0006,0.1599,0.8197,4.0770,0.1398,0.8000,1,1,4.0498,-0.1589,0.8630,0.3533,-0.1608,-0.4599,4.0498,-0.1589,0.8630,4.1725,-0.1352,0.8000,0,1,3.4725,0.1476,0.8274,-0.2189,0.1551,-0.4955,3.4725,0.1476,0.8274,3.6094,0.1306,0.8000,0,1,3.5057,-0.1392,0.7996,-0.1904,-0.1322,-0.5233,3.5057,-0.1392,0.7996,3.5229,-0.1444,0.8000,1,1
3.6971,-0.0036,1.3233,-0.0589,0.0158,4.0007,0.1598,0.8198,0.3061,0.1586,-0.5035,4.0007,0.1598,0.8198,4.0783,0.1398,0.8000,1,1,4.0540,-0.1573,0.8520,0.3544,-0.1593,-0.4713,4.0540,-0.1573,0.8520,4.1756,-0.1351,0.8000,0,1,3.4728,0.1472,0.8221,-0.2219,0.1543,-0.5012,3.4728,0.1472,0.8221,3.6128,0.1310,0.8000,0,1,3.5057,-0.1393,0.7997,-0.1935,-0.1327,-0.5236,3.5057,-0.1393,0.7997,3.5241,-0.1440,0.8000,1,1
3.7004,-0.0033,1.3236,-0.0555,0.0150,4.0009,0.1598,0.8199,0.3029,0.1586,-0.5037,4.0009,0.1598,0.8199,4.0797,0.1398,0.8000,1,1,4.0585,-0.1557,0.8415,0.3558,-0.1578,-0.4821,4.0585,-0.1557,0.8415,4.1788,-0.1351,0.8000,0,1,3.4646,0.1460,0.8176,-0.2335,0.1528,-0.5060,3.4646,0.1460,0.8176,3.6161,0.1315,0.8000,0,1,3.5058,-0.1393,0.7998,-0.1966,-0.1331,-0.5238,3.5058,-0.1393,0.7998,3.5253,-0.1435,0.8000,1,1
3.7037,-0.0030,1.3240,-0.0528,0.0140,4.0010,0.1597,0.8199,0.2995,0.1585,-0.5041,4.0010,0.1597,0.8199,4.0812,0.1398,0.8000,1,1,4.0624,-0.1543,0.8319,0.3565,-0.1563,-0.4921,4.0624,-0.1543,0.8319,4.1820,-0.1352,0.8000,0,1,3.4753,0.1440,0.8089,-0.2263,0.1502,-0.5151,3.4753,0.1440,0.8089,3.6196,0.1320,0.8000,0,1,3.5059,-0.1394,0.7998,-0.1997,-0.1336,-0.5242,3.5059,-0.1394,0.7998,3.5265,-0.1430,0.8000,1,1
3.7072,-0.0027,1.3244,-0.0507,0.0127,4.0011,0.1596,0.8199,0.2959,0.1586,-0.5045,4.0011,0.1596,0.8199,4.0828,0.1396,0.8000,1,1,4.0662,-0.1539,0.8245,0.3571,-0.1557,-0.4999,4.0662,-0.1539,0.8245,4.1853,-0.1354,0.8000,0,1,3.4923,0.1407,0.8047,-0.2131,0.1461,-0.5197,3.4923,0.1407,0.8047,3.6233,0.1325,0.8000,0,1,3.5060,-0.1395,0.7998,-0.2029,-0.1342,-0.5246,3.5060,-0.1395,0.7998,3.5278,-0.1425,0.8000,1,1
3.7114,-0.0024,1.3249,-0.0494,0.0109,4.0097,0.1591,0.8224,0.3000,0.1582,-0.5025,4.0097,0.1591,0.8224,4.1856,0.1393,0.8000,0,1,4.0687,-0.1541,0.8217,0.3556,-0.1556,-0.5032,4.0687,-0.1541,0.8217,4.1227,-0.1357,0.8000,1,1,3.5004,0.1383,0.8044,-0.2095,0.1430,-0.5205,3.5004,0.1383,0.8044,3.5610,0.1330,0.8000,1,1,3.5101,-0.1412,0.8023,-0.2028,-0.1366,-0.5226,3.5101,-0.1412,0.8023,3.6301,-0.1420,0.8000,0,1
3.7145,-0.0022,1.3254,-0.0498,0.0094,4.0216,0.1595,0.8281,0.3086,0.1588,-0.4973,4.0216,0.1595,0.8281,4.1895,0.1389,0.8000,0,1,4.0685,-0.1540,0.8216,0.3526,-0.1551,-0.5038,4.0685,-0.1540,0.8216,4.1241,-0.1361,0.8000,1,1,3.5007,0.1384,0.8039,-0.2125,0.1426,-0.5215,3.5007,0.1384,0.8039,3.5630,0.1336,0.8000,1,1,3.5170,-0.1435,0.8087,-0.1988,-0.1394,-0.5167,3.5170,-0.1435,0.8087,3.6336,-0.1414,0.8000,0,1
3.7182,-0.0020,1.3260,-0.0509,0.0077,4.0354,0.1604,0.8372,0.3184,0.1600,-0.4888,4.0354,0.1604,0.8372,4.1935,0.1384,0.8000,0,1,4.0683,-0.1539,0.8215,0.3489,-0.1546,-0.5045,4.0683,-0.1539,0.8215,4.1256,-0.1366,0.8000,1,1,3.5006,0.1384,0.8041,-0.2165,0.1421,-0.5219,3.5006,0.1384,0.8041,3.5649,0.1341,0.8000,1,1,3.5256,-0.1464,0.8187,-0.1937,-0.1429,-0.5073,3.5256,-0.1464,0.8187,3.6370,-0.1409,0.8000,0,1
3.7218,-0.0018,1.3266,-0.0524,0.0061,4.0486,0.1615,0.8491,0.3278,0.1613,-0.4775,4.0486,0.1615,0.8491,4.1973,0.1379,0.8000,0,1,4.0682,-0.1539,0.8214,0.3455,-0.1542,-0.5052,4.0682,-0.1539,0.8214,4.1270,-0.1370,0.8000,1,1,3.5005,0.1384,0.8041,-0.2204,0.1415,-0.5225,3.5005,0.1384,0.8041,3.5667,0.1346,0.8000,1,1,3.5341,-0.1490,0.8287,-0.1886,-0.1461,-0.4979,3.5341,-0.1490,0.8287,3.6404,-0.1404,0.8000,0,1
3.7254,-0.0017,1.3273,-0.0542,0.0045,4.0607,0.1626,0.8622,0.3360,0.1628,-0.4651,4.0607,0.1626,0.8622,4.2012,0.1375,0.8000,0,1,4.0682,-0.1540,0.8213,0.3421,-0.1538,-0.5060,4.0682,-0.1540,0.8213,4.1284,-0.1375,0.8000,1,1,3.5004,0.1384,0.8041,-0.2244,0.1411,-0.5232,3.5004,0.1384,0.8041,3.5686,0.1350,0.8000,1,1,3.5428,-0.1513,0.8396,-0.1833,-0.1488,-0.4877,3.5428,-0.1513,0.8396,3.6438,-0.1400,0.8000,0,1
3.7290,-0.0016,1.3280,-0.0560,0.0032,4.0714,0.1633,0.8749,0.3429,0.1638,-0.4531,4.0714,0.1633,0.8749,4.2049,0.1371,0.8000,0,1,4.0681,-0.1540,0.8213,0.3386,-0.1535,-0.5067,4.0681,-0.1540,0.8213,4.1298,-0.1379,0.8000,1,1,3.5004,0.1383,0.8040,-0.2282,0.1406,-0.5240,3.5004,0.1383,0.8040,3.5703,0.1353,0.8000,1,1,3.5501,-0.1533,0.8509,-0.1794,-0.1511,-0.4771,3.5501,-0.1533,0.8509,3.6472,-0.1397,0.8000,0,1
3.7325,-0.0016,1.3285,-0.0574,0.0020,4.0808,0.1636,0.8860,0.3486,0.1645,-0.4425,4.0808,0.1636,0.8860,4.2086,0.1366,0.8000,0,1,4.0681,-0.1540,0.8213,0.3353,-0.1531,-0.5072,4.0681,-0.1540,0.8213,4.1312,-0.1384,0.8000,1,1,3.5004,0.1383,0.8040,-0.2318,0.1404,-0.5245,3.5004,0.1383,0.8040,3.5720,0.1355,0.8000,1,1,3.5570,-0.1549,0.8614,-0.1758,-0.1529,-0.4671,3.5570,-0.1549,0.8614,3.6506,-0.1395,0.8000,0,1
3.7360,-0.0016,1.3290,-0.0582,0.0009,4.0892,0.1634,0.8941,0.3533,0.1647,-0.4349,4.0892,0.1634,0.8941,4.2123,0.1362,0.8000,0,1,4.0681,-0.1540,0.8213,0.3320,-0.1527,-0.5077,4.0681,-0.1540,0.8213,4.1325,-0.1388,0.8000,1,1,3.5004,0.1383,0.8040,-0.2355,0.1401,-0.5250,3.5004,0.1383,0.8040,3.5737,0.1357,0.8000,1,1,3.5626,-0.1560,0.8695,-0.1735,-0.1542,-0.4595,3.5626,-0.1560,0.8695,3.6539,-0.1393,0.8000,0,1
3.7395,-0.0017,1.3293,-0.0582,-0.0000,4.0969,0.1628,0.8981,0.3574,0.1645,-0.4312,4.0969,0.1628,0.8981,4.2159,0.1358,0.8000,0,1,4.0681,-0.1540,0.8213,0.3286,-0.1523,-0.5080,4.0681,-0.1540,0.8213,4.1339,-0.1392,0.8000,1,1,3.5004,0.1383,0.8040,-0.2391,0.1400,-0.5253,3.5004,0.1383,0.8040,3.5753,0.1358,0.8000,1,1,3.5673,-0.1568,0.8734,-0.1722,-0.1551,-0.4559,3.5673,-0.1568,0.8734,3.6573,-0.1392,0.8000,0,1
3.7430,-0.0019,1.3295,-0.0575,-0.0008,4.1042,0.1618,0.8970,0.3611,0.1640,-0.4325,4.1042,0.1618,0.8970,4.2195,0.1354,0.8000,0,1,4.0681,-0.1541,0.8213,0.3252,-0.1519,-0.5082,4.0681,-0.1541,0.8213,4.1353,-0.1396,0.8000,1,1,3.5004,0.1383,0.8040,-0.2427,0.1400,-0.5255,3.5004,0.1383,0.8040,3.5769,0.1358,0.8000,1,1,3.5716,-0.1573,0.8723,-0.1713,-0.1555,-0.4572,3.5716,-0.1573,0.8723,3.6607,-0.1392,0.8000,0,1
3.7465,-0.0020,1.3295,-0.0560,-0.0013,4.1110,0.1603,0.8912,0.3643,0.1628,-0.4383,4.1110,0.1603,0.8912,4.2230,0.1349,0.8000,0,1,4.0682,-0.1541,0.8213,0.3219,-0.1517,-0.5082,4.0682,-0.1541,0.8213,4.1366,-0.1401,0.8000,1,1,3.5005,0.1383,0.8039,-0.2462,0.1400,-0.5256,3.5005,0.1383,0.8039,3.5784,0.1357,0.8000,1,1,3.5765,-0.1575,0.8668,-0.1698,-0.1557,-0.4627,3.5765,-0.1575,0.8668,3.6640,-0.1393,0.8000,0,1
3.7499,-0.0023,1.3295,-0.0537,-0.0018,4.1169,0.1583,0.8821,0.3667,0.1613,-0.4474,4.1169,0.1583,0.8821,4.2266,0.1345,0.8000,0,1,4.0682,-0.1541,0.8214,0.3186,-0.1512,-0.5081,4.0682,-0.1541,0.8214,4.1381,-0.1405,0.8000,1,1,3.5005,0.1383,0.8039,-0.2497,0.1402,-0.5256,3.5005,0.1383,0.8039,3.5800,0.1355,0.8000,1,1,3.5783,-0.1575,0.8586,-0.1713,-0.1555,-0.4709,3.5783,-0.1575,0.8586,3.6675,-0.1395,0.8000,0,1
3.7535,-0.0026,1.3293,-0.0508,-0.0021,4.1220,0.1559,0.8707,0.3682,0.1593,-0.4586,4.1220,0.1559,0.8707,4.2302,0.1341,0.8000,0,1,4.0683,-0.1541,0.8214,0.3151,-0.1508,-0.5079,4.0683,-0.1541,0.8214,4.1396,-0.1409,0.8000,1,1,3.5006,0.1383,0.8039,-0.2532,0.1404,-0.5254,3.5006,0.1383,0.8039,3.5816,0.1353,0.8000,1,1,3.5818,-0.1573,0.8498,-0.1714,-0.1551,-0.4795,3.5818,-0.1573,0.8498,3.6710,-0.1397,0.8000,0,1
3.7571,-0.0029,1.3292,-0.0472,-0.0022,4.1260,0.1531,0.8582,0.3686,0.1568,-0.4710,4.1260,0.1531,0.8582,4.2338,0.1337,0.8000,0,1,4.0684,-0.1541,0.8214,0.3116,-0.1505,-0.5078,4.0684,-0.1541,0.8214,4.1412,-0.1413,0.8000,1,1,3.5006,0.1383,0.8039,-0.2568,0.1406,-0.5253,3.5006,0.1383,0.8039,3.5832,0.1350,0.8000,1,1,3.5821,-0.1567,0.8430,-0.1747,-0.1542,-0.4862,3.5821,-0.1567,0.8430,3.6746,-0.1400,0.8000,0,1
3.7609,-0.0033,1.3290,-0.0433,-0.0023,4.1291,0.1502,0.8459,0.3678,0.1543,-0.4831,4.1291,0.1502,0.8459,4.2376,0.1334,0.8000,0,1,4.0684,-0.1540,0.8215,0.3078,-0.1500,-0.5075,4.0684,-0.1540,0.8215,4.1429,-0.1416,0.8000,1,1,3.5007,0.1383,0.8039,-0.2605,0.1410,-0.5251,3.5007,0.1383,0.8039,3.5850,0.1346,0.8000,1,1,3.5840,-0.1559,0.8340,-0.1765,-0.1530,-0.4950,3.5840,-0.1559,0.8340,3.6783,-0.1404,0.8000,0,1
3.7648,-0.0037,1.3290,-0.0391,-0.0022,4.1317,0.1474,0.8348,0.3666,0.1519,-0.4942,4.1317,0.1474,0.8348,4.2415,0.1330,0.8000,0,1,4.0685,-0.1540,0.8215,0.3040,-0.1496,-0.5075,4.0685,-0.1540,0.8215,4.1449,-0.1420,0.8000,1,1,3.5008,0.1384,0.8039,-0.2643,0.1415,-0.5251,3.5008,0.1384,0.8039,3.5869,0.1342,0.8000,1,1,3.5842,-0.1546,0.8263,-0.1803,-0.1513,-0.5027,3.5842,-0.1546,0.8263,3.6823,-0.1408,0.8000,0,1
3.7689,-0.0041,1.3290,-0.0349,-0.0019,4.1346,0.1450,0.8257,0.3654,0.1498,-0.5033,4.1346,0.1450,0.8257,4.2455,0.1327,0.8000,0,1,4.0686,-0.1539,0.8216,0.3000,-0.1492,-0.5074,4.0686,-0.1539,0.8216,4.1470,-0.1423,0.8000,1,1,3.5009,0.1384,0.8039,-0.2683,0.1420,-0.5251,3.5009,0.1384,0.8039,3.5889,0.1338,0.8000,1,1,3.5852,-0.1527,0.8193,-0.1834,-0.1489,-0.5097,3.5852,-0.1527,0.8193,3.6864,-0.1412,0.8000,0,1
3.7732,-0.0044,1.3292,-0.0304,-0.0015,4.1373,0.1437,0.8190,0.3639,0.1486,-0.5102,4.1373,0.1437,0.8190,4.1848,0.1325,0.8000,1,1,4.0686,-0.1538,0.8216,0.2956,-0.1490,-0.5076,4.0686,-0.1538,0.8216,4.2494,-0.1425,0.8000,0,1,3.5009,0.1385,0.8040,-0.2725,0.1425,-0.5252,3.5009,0.1385,0.8040,3.6912,0.1333,0.8000,0,1,3.5856,-0.1503,0.8137,-0.1874,-0.1462,-0.5155,3.5856,-0.1503,0.8137,3.6257,-0.1417,0.8000,1,1
3.7776,-0.0048,1.3296,-0.0269,-0.0010,4.1372,0.1437,0.8192,0.3595,0.1489,-0.5104,4.1372,0.1437,0.8192,4.1871,0.1323,0.8000,1,1,4.0808,-0.1551,0.8262,0.3034,-0.1500,-0.5034,4.0808,-0.1551,0.8262,4.2538,-0.1427,0.8000,0,1,3.5111,0.1413,0.8091,-0.2666,0.1458,-0.5205,3.5111,0.1413,0.8091,3.6955,0.1329,0.8000,0,1,3.5855,-0.1503,0.8139,-0.1920,-0.1457,-0.5157,3.5855,-0.1503,0.8139,3.6282,-0.1421,0.8000,1,1
3.7820,-0.0051,1.3301,-0.0254,-0.0004,4.1372,0.1437,0.8192,0.3551,0.1489,-0.5109,4.1372,0.1437,0.8192,4.1894,0.1323,0.8000,1,1,4.0944,-0.1569,0.8326,0.3125,-0.1517,-0.4975,4.0944,-0.1569,0.8326,4.2583,-0.1427,0.8000,0,1,3.5229,0.1442,0.8173,-0.2592,0.1492,-0.5128,3.5229,0.1442,0.8173,3.6998,0.1325,0.8000,0,1,3.5855,-0.1503,0.8139,-0.1964,-0.1453,-0.5162,3.5855,-0.1503,0.8139,3.6307,-0.1425,0.8000,1,1
3.7863,-0.0053,1.3306,-0.0254,0.0001,4.1372,0.1437,0.8192,0.3509,0.1490,-0.5114,4.1372,0.1437,0.8192,4.1917,0.1322,0.8000,1,1,4.1079,-0.1590,0.8428,0.3216,-0.1537,-0.4878,4.1079,-0.1590,0.8428,4.2627,-0.1428,0.8000,0,1,3.5347,0.1468,0.8277,-0.2516,0.1521,-0.5029,3.5347,0.1468,0.8277,3.7041,0.1322,0.8000,0,1,3.5856,-0.1503,0.8139,-0.2007,-0.1450,-0.5167,3.5856,-0.1503,0.8139,3.6331,-0.1428,0.8000,1,1
3.7906,-0.0055,1.3312,-0.0262,0.0006,4.1371,0.1437,0.8191,0.3466,0.1490,-0.5121,4.1371,0.1437,0.8191,4.1939,0.1322,0.8000,1,1,4.1202,-0.1610,0.8555,0.3295,-0.1557,-0.4757,4.1202,-0.1610,0.8555,4.2670,-0.1428,0.8000,0,1,3.5459,0.1491,0.8376,-0.2446,0.1547,-0.4936,3.5459,0.1491,0.8376,3.7083,0.1319,0.8000,0,1,3.5854,-0.1503,0.8139,-0.2053,-0.1447,-0.5173,3.5854,-0.1503,0.8139,3.6354,-0.1431,0.8000,1,1
3.7948,-0.0056,1.3317,-0.0275,0.0011,4.1370,0.1437,0.8190,0.3424,0.1489,-0.5127,4.1370,0.1437,0.8190,4.1960,0.1322,0.8000,1,1,4.1315,-0.1627,0.8686,0.3365,-0.1575,-0.4631,4.1315,-0.1627,0.8686,4.2713,-0.1428,0.8000,0,1,3.5572,0.1513,0.8492,-0.2374,0.1572,-0.4825,3.5572,0.1513,0.8492,3.7124,0.1317,0.8000,0,1,3.5853,-0.1502,0.8139,-0.2097,-0.1444,-0.5178,3.5853,-0.1502,0.8139,3.6377,-0.1433,0.8000,1,1
3.7989,-0.0057,1.3322,-0.0289,0.0015,4.1369,0.1438,0.8190,0.3382,0.1490,-0.5132,4.1369,0.1438,0.8190,4.1981,0.1323,0.8000,1,1,4.1416,-0.1639,0.8806,0.3425,-0.1587,-0.4516,4.1416,-0.1639,0.8806,4.2755,-0.1427,0.8000,0,1,3.5677,0.1529,0.8608,-0.2310,0.1589,-0.4714,3.5677,0.1529,0.8608,3.7165,0.1315,0.8000,0,1,3.5853,-0.1502,0.8139,-0.2138,-0.1442,-0.5183,3.5853,-0.1502,0.8139,3.6399,-0.1435,0.8000,1,1
3.8029,-0.0057,1.3326,-0.0302,0.0018,4.1369,0.1438,0.8189,0.3343,0.1489,-0.5137,4.1369,0.1438,0.8189,4.2000,0.1324,0.8000,1,1,4.1508,-0.1646,0.8904,0.3476,-0.1595,-0.4422,4.1508,-0.1646,0.8904,4.2795,-0.1426,0.8000,0,1,3.5773,0.1542,0.8705,-0.2253,0.1603,-0.4621,3.5773,0.1542,0.8705,3.7204,0.1314,0.8000,0,1,3.5852,-0.1502,0.8139,-0.2180,-0.1441,-0.5187,3.5852,-0.1502,0.8139,3.6419,-0.1436,0.8000,1,1
3.8069,-0.0057,1.3328,-0.0313,0.0020,4.1369,0.1438,0.8189,0.3303,0.1488,-0.5139,4.1369,0.1438,0.8189,4.2020,0.1326,0.8000,1,1,4.1593,-0.1648,0.8966,0.3521,-0.1598,-0.4362,4.1593,-0.1648,0.8966,4.2835,-0.1424,0.8000,0,1,3.5860,0.1549,0.8767,-0.2206,0.1610,-0.4561,3.5860,0.1549,0.8767,3.7244,0.1314,0.8000,0,1,3.5852,-0.1502,0.8139,-0.2220,-0.1441,-0.5189,3.5852,-0.1502,0.8139,3.6439,-0.1435,0.8000,1,1
3.8108,-0.0056,1.3328,-0.0320,0.0022,4.1369,0.1438,0.8189,0.3264,0.1487,-0.5139,4.1369,0.1438,0.8189,4.2038,0.1328,0.8000,1,1,4.1675,-0.1646,0.8980,0.3563,-0.1598,-0.4348,4.1675,-0.1646,0.8980,4.2874,-0.1422,0.8000,0,1,3.5938,0.1553,0.8781,-0.2166,0.1614,-0.4547,3.5938,0.1553,0.8781,3.7282,0.1315,0.8000,0,1,3.5852,-0.1502,0.8138,-0.2259,-0.1441,-0.5190,3.5852,-0.1502,0.8138,3.6458,-0.1435,0.8000,1,1
3.8146,-0.0054,1.3327,-0.0321,0.0023,4.1369,0.1438,0.8189,0.3226,0.1485,-0.5138,4.1369,0.1438,0.8189,4.2057,0.1330,0.8000,1,1,4.1755,-0.1639,0.8944,0.3605,-0.1593,-0.4383,4.1755,-0.1639,0.8944,4.2913,-0.1420,0.8000,0,1,3.6012,0.1554,0.8746,-0.2130,0.1613,-0.4581,3.6012,0.1554,0.8746,3.7321,0.1317,0.8000,0,1,3.5852,-0.1502,0.8138,-0.2297,-0.1443,-0.5189,3.5852,-0.1502,0.8138,3.6477,-0.1433,0.8000,1,1
3.8184,-0.0051,1.3325,-0.0315,0.0023,4.1369,0.1438,0.8189,0.3188,0.1482,-0.5136,4.1369,0.1438,0.8189,4.2075,0.1332,0.8000,1,1,4.1830,-0.1628,0.8868,0.3642,-0.1585,-0.4457,4.1830,-0.1628,0.8868,4.2951,-0.1418,0.8000,0,1,3.6084,0.1551,0.8673,-0.2096,0.1607,-0.4652,3.6084,0.1551,0.8673,3.7359,0.1320,0.8000,0,1,3.5853,-0.1502,0.8138,-0.2334,-0.1446,-0.5187,3.5853,-0.1502,0.8138,3.6495,-0.1430,0.8000,1,1
3.8222,-0.0048,1.3321,-0.0302,0.0022,4.1369,0.1438,0.8190,0.3150,0.1479,-0.5131,4.1369,0.1438,0.8190,4.2093,0.1335,0.8000,1,1,4.1895,-0.1612,0.8764,0.3670,-0.1572,-0.4557,4.1895,-0.1612,0.8764,4.2989,-0.1415,0.8000,0,1,3.6138,0.1546,0.8579,-0.2080,0.1599,-0.4742,3.6138,0.1546,0.8579,3.7397,0.1323,0.8000,0,1,3.5853,-0.1501,0.8138,-0.2372,-0.1448,-0.5183,3.5853,-0.1501,0.8138,3.6513,-0.1427,0.8000,1,1
3.8260,-0.0044,1.3317,-0.0283,0.0021,4.1370,0.1438,0.8190,0.3113,0.1475,-0.5127,4.1370,0.1438,0.8190,4.2110,0.1338,0.8000,1,1,4.1952,-0.1592,0.8643,0.3689,-0.1556,-0.4674,4.1952,-0.1592,0.8643,4.3026,-0.1412,0.8000,0,1,3.6195,0.1538,0.8488,-0.2062,0.1586,-0.4829,3.6195,0.1538,0.8488,3.7434,0.1327,0.8000,0,1,3.5854,-0.1501,0.8138,-0.2409,-0.1452,-0.5179,3.5854,-0.1501,0.8138,3.6530,-0.1423,0.8000,1,1
3.8298,-0.0040,1.3313,-0.0258,0.0019,4.1371,0.1438,0.8190,0.3076,0.1472,-0.5123,4.1371,0.1438,0.8190,4.2129,0.1342,0.8000,1,1,4.1997,-0.1568,0.8516,0.3696,-0.1535,-0.4797,4.1997,-0.1568,0.8516,4.3064,-0.1408,0.8000,0,1,3.6234,0.1525,0.8406,-0.2061,0.1569,-0.4907,3.6234,0.1525,0.8406,3.7473,0.1331,0.8000,0,1,3.5854,-0.1501,0.8138,-0.2447,-0.1456,-0.5175,3.5854,-0.1501,0.8138,3.6548,-0.1419,0.8000,1,1
3.8337,-0.0035,1.3310,-0.0231,0.0016,4.1372,0.1438,0.8191,0.3037,0.1468,-0.5119,4.1372,0.1438,0.8191,4.2148,0.1346,0.8000,1,1,4.2036,-0.1542,0.8395,0.3697,-0.1513,-0.4915,4.2036,-0.1542,0.8395,4.3103,-0.1404,0.8000,0,1,3.6281,0.1509,0.8333,-0.2054,0.1547,-0.4977,3.6281,0.1509,0.8333,3.7512,0.1337,0.8000,0,1,3.5855,-0.1502,0.8138,-0.2484,-0.1463,-0.5172,3.5855,-0.1502,0.8138,3.6567,-0.1413,0.8000,1,1
3.8377,-0.0030,1.3307,-0.0203,0.0011,4.1373,0.1437,0.8192,0.2998,0.1464,-0.5115,4.1373,0.1437,0.8192,4.2169,0.1349,0.8000,1,1,4.2070,-0.1520,0.8290,0.3691,-0.1494,-0.5017,4.2070,-0.1520,0.8290,4.3142,-0.1401,0.8000,0,1,3.6338,0.1488,0.8243,-0.2037,0.1520,-0.5064,3.6338,0.1488,0.8243,3.7553,0.1343,0.8000,0,1,3.5856,-0.1503,0.8138,-0.2523,-0.1470,-0.5169,3.5856,-0.1503,0.8138,3.6586,-0.1407,0.8000,1,1
3.8418,-0.0025,1.3306,-0.0173,0.0006,4.1373,0.1437,0.8192,0.2956,0.1460,-0.5114,4.1373,0.1437,0.8192,4.2191,0.1353,0.8000,1,1,4.2105,-0.1502,0.8210,0.3686,-0.1479,-0.5096,4.2105,-0.1502,0.8210,4.3183,-0.1397,0.8000,0,1,3.6388,0.1462,0.8169,-0.2029,0.1488,-0.5137,3.6388,0.1462,0.8169,3.7595,0.1349,0.8000,0,1,3.5857,-0.1503,0.8138,-0.2562,-0.1476,-0.5168,3.5857,-0.1503,0.8138,3.6607,-0.1401,0.8000,1,1
3.8472,-0.0018,1.3307,-0.0143,-0.0001,4.1472,0.1450,0.8220,0.3000,0.1468,-0.5087,4.1472,0.1450,0.8220,4.3225,0.1356,0.8000,0,1,4.2125,-0.1497,0.8180,0.3653,-0.1479,-0.5127,4.2125,-0.1497,0.8180,4.2565,-0.1394,0.8000,1,1,3.6419,0.1448,0.8138,-0.2053,0.1466,-0.5169,3.6419,0.1448,0.8138,3.6979,0.1356,0.8000,1,1,3.5935,-0.1517,0.8165,-0.2537,-0.1499,-0.5142,3.5935,-0.1517,0.8165,3.7639,-0.1394,0.8000,0,1
3.8507,-0.0014,1.3309,-0.0134,-0.0006,4.1582,0.1469,0.8272,0.3074,0.1485,-0.5037,4.1582,0.1469,0.8272,4.3269,0.1359,0.8000,0,1,4.2125,-0.1497,0.8181,0.3619,-0.1481,-0.5128,4.2125,-0.1497,0.8181,4.2587,-0.1391,0.8000,1,1,3.6419,0.1448,0.8139,-0.2089,0.1461,-0.5170,3.6419,0.1448,0.8139,3.7003,0.1362,0.8000,1,1,3.6019,-0.1532,0.8218,-0.2487,-0.1519,-0.5091,3.6019,-0.1532,0.8218,3.7681,-0.1388,0.8000,0,1
3.8546,-0.0010,1.3312,-0.0127,-0.0011,4.1700,0.1492,0.8372,0.3152,0.1505,-0.4940,4.1700,0.1492,0.8372,4.3312,0.1361,0.8000,0,1,4.2115,-0.1501,0.8176,0.3571,-0.1487,-0.5136,4.2115,-0.1501,0.8176,4.2609,-0.1389,0.8000,1,1,3.6407,0.1444,0.8143,-0.2141,0.1452,-0.5169,3.6407,0.1444,0.8143,3.7026,0.1367,0.8000,1,1,3.6113,-0.1555,0.8336,-0.2431,-0.1548,-0.4976,3.6113,-0.1555,0.8336,3.7723,-0.1383,0.8000,0,1
3.8588,-0.0006,1.3316,-0.0134,-0.0016,4.1831,0.1521,0.8494,0.3241,0.1532,-0.4822,4.1831,0.1521,0.8494,4.3354,0.1363,0.8000,0,1,4.2115,-0.1501,0.8176,0.3529,-0.1489,-0.5140,4.2115,-0.1501,0.8176,4.2629,-0.1387,0.8000,1,1,3.6408,0.1444,0.8143,-0.2182,0.1447,-0.5173,3.6408,0.1444,0.8143,3.7048,0.1372,0.8000,1,1,3.6227,-0.1582,0.8456,-0.2358,-0.1580,-0.4860,3.6227,-0.1582,0.8456,3.7763,-0.1378,0.8000,0,1
3.8628,-0.0002,1.3321,-0.0143,-0.0021,4.1950,0.1546,0.8625,0.3319,0.1555,-0.4696,4.1950,0.1546,0.8625,4.3395,0.1365,0.8000,0,1,4.2115,-0.1501,0.8176,0.3490,-0.1492,-0.5145,4.2115,-0.1501,0.8176,4.2649,-0.1385,0.8000,1,1,3.6408,0.1444,0.8143,-0.2223,0.1441,-0.5178,3.6408,0.1444,0.8143,3.7069,0.1377,0.8000,1,1,3.6333,-0.1604,0.8588,-0.2292,-0.1607,-0.4733,3.6333,-0.1604,0.8588,3.7803,-0.1373,0.8000,0,1
3.8668,0.0001,1.3326,-0.0153,-0.0025,4.2055,0.1567,0.8753,0.3383,0.1574,-0.4573,4.2055,0.1567,0.8753,4.3435,0.1366,0.8000,0,1,4.2115,-0.1501,0.8176,0.3451,-0.1493,-0.5150,4.2115,-0.1501,0.8176,4.2669,-0.1384,0.8000,1,1,3.6408,0.1444,0.8143,-0.2264,0.1437,-0.5183,3.6408,0.1444,0.8143,3.7089,0.1380,0.8000,1,1,3.6433,-0.1620,0.8715,-0.2231,-0.1627,-0.4611,3.6433,-0.1620,0.8715,3.7843,-0.1370,0.8000,0,1
3.8707,0.0003,1.3329,-0.0163,-0.0029,4.2149,0.1583,0.8864,0.3437,0.1590,-0.4465,4.2149,0.1583,0.8864,4.3475,0.1367,0.8000,0,1,4.2115,-0.1501,0.8175,0.3412,-0.1494,-0.5154,4.2115,-0.1501,0.8175,4.2687,-0.1383,0.8000,1,1,3.6407,0.1444,0.8143,-0.2304,0.1434,-0.5186,3.6407,0.1444,0.8143,3.7109,0.1383,0.8000,1,1,3.6521,-0.1630,0.8826,-0.2181,-0.1639,-0.4503,3.6521,-0.1630,0.8826,3.7881,-0.1367,0.8000,0,1
3.8746,0.0005,1.3332,-0.0170,-0.0031,4.2236,0.1594,0.8946,0.3485,0.1600,-0.4386,4.2236,0.1594,0.8946,4.3514,0.1368,0.8000,0,1,4.2115,-0.1501,0.8175,0.3374,-0.1496,-0.5157,4.2115,-0.1501,0.8175,4.2705,-0.1382,0.8000,1,1,3.6407,0.1444,0.8142,-0.2343,0.1432,-0.5190,3.6407,0.1444,0.8142,3.7128,0.1386,0.8000,1,1,3.6600,-0.1634,0.8908,-0.2141,-0.1646,-0.4424,3.6600,-0.1634,0.8908,3.7919,-0.1364,0.8000,0,1
3.8784,0.0006,1.3333,-0.0175,-0.0032,4.2318,0.1601,0.8987,0.3529,0.1606,-0.4346,4.2318,0.1601,0.8987,4.3552,0.1369,0.8000,0,1,4.2115,-0.1501,0.8175,0.3336,-0.1496,-0.5158,4.2115,-0.1501,0.8175,4.2723,-0.1381,0.8000,1,1,3.6407,0.1444,0.8142,-0.2382,0.1430,-0.5191,3.6407,0.1444,0.8142,3.7146,0.1387,0.8000,1,1,3.6671,-0.1633,0.8948,-0.2108,-0.1646,-0.4385,3.6671,-0.1633,0.8948,3.7957,-0.1363,0.8000,0,1
3.8822,0.0007,1.3333,-0.0176,-0.0033,4.2400,0.1603,0.8976,0.3573,0.1608,-0.4357,4.2400,0.1603,0.8976,4.3590,0.1370,0.8000,0,1,4.2115,-0.1501,0.8175,0.3298,-0.1497,-0.5158,4.2115,-0.1501,0.8175,4.2741,-0.1380,0.8000,1,1,3.6408,0.1444,0.8142,-0.2419,0.1429,-0.5191,3.6408,0.1444,0.8142,3.7164,0.1388,0.8000,1,1,3.6736,-0.1627,0.8937,-0.2081,-0.1641,-0.4396,3.6736,-0.1627,0.8937,3.7995,-0.1362,0.8000,0,1
3.8860,0.0007,1.3331,-0.0172,-0.0032,4.2479,0.1601,0.8918,0.3614,0.1606,-0.4413,4.2479,0.1601,0.8918,4.3628,0.1370,0.8000,0,1,4.2115,-0.1501,0.8175,0.3260,-0.1498,-0.5156,4.2115,-0.1501,0.8175,4.2759,-0.1380,0.8000,1,1,3.6408,0.1444,0.8142,-0.2457,0.1429,-0.5189,3.6408,0.1444,0.8142,3.7182,0.1388,0.8000,1,1,3.6799,-0.1617,0.8879,-0.2056,-0.1631,-0.4452,3.6799,-0.1617,0.8879,3.8033,-0.1362,0.8000,0,1
3.8897,0.0007,1.3327,-0.0165,-0.0030,4.2552,0.1595,0.8827,0.3650,0.1599,-0.4500,4.2552,0.1595,0.8827,4.3665,0.1371,0.8000,0,1,4.2116,-0.1501,0.8175,0.3224,-0.1498,-0.5152,4.2116,-0.1501,0.8175,4.2777,-0.1379,0.8000,1,1,3.6408,0.1444,0.8142,-0.2493,0.1430,-0.5185,3.6408,0.1444,0.8142,3.7199,0.1388,0.8000,1,1,3.6858,-0.1602,0.8787,-0.2034,-0.1615,-0.4540,3.6858,-0.1602,0.8787,3.8071,-0.1362,0.8000,0,1
3.8936,0.0007,1.3323,-0.0152,-0.0027,4.2618,0.1587,0.8714,0.3678,0.1590,-0.4609,4.2618,0.1587,0.8714,4.3703,0.1372,0.8000,0,1,4.2116,-0.1501,0.8175,0.3184,-0.1499,-0.5148,4.2116,-0.1501,0.8175,4.2796,-0.1378,0.8000,1,1,3.6409,0.1444,0.8142,-0.2531,0.1430,-0.5181,3.6409,0.1444,0.8142,3.7217,0.1387,0.8000,1,1,3.6918,-0.1584,0.8676,-0.2014,-0.1596,-0.4647,3.6918,-0.1584,0.8676,3.8110,-0.1363,0.8000,0,1
3.8974,0.0006,1.3319,-0.0134,-0.0022,4.2675,0.1575,0.8589,0.3698,0.1577,-0.4730,4.2675,0.1575,0.8589,4.3741,0.1373,0.8000,0,1,4.2116,-0.1501,0.8176,0.3145,-0.1500,-0.5143,4.2116,-0.1501,0.8176,4.2815,-0.1377,0.8000,1,1,3.6409,0.1444,0.8142,-0.2568,0.1432,-0.5177,3.6409,0.1444,0.8142,3.7235,0.1385,0.8000,1,1,3.6961,-0.1561,0.8556,-0.2010,-0.1571,-0.4763,3.6961,-0.1561,0.8556,3.8149,-0.1365,0.8000,0,1
3.9013,0.0005,1.3315,-0.0111,-0.0017,4.2723,0.1562,0.8463,0.3707,0.1563,-0.4852,4.2723,0.1562,0.8463,4.3780,0.1374,0.8000,0,1,4.2117,-0.1501,0.8177,0.3107,-0.1501,-0.5138,4.2117,-0.1501,0.8177,4.2835,-0.1376,0.8000,1,1,3.6410,0.1444,0.8142,-0.2605,0.1435,-0.5173,3.6410,0.1444,0.8142,3.7254,0.1383,0.8000,1,1,3.7007,-0.1535,0.8437,-0.2003,-0.1543,-0.4878,3.7007,-0.1535,0.8437,3.8189,-0.1367,0.8000,0,1
3.9054,0.0004,1.3312,-0.0085,-0.0011,4.2764,0.1549,0.8349,0.3708,0.1549,-0.4963,4.2764,0.1549,0.8349,4.3819,0.1375,0.8000,0,1,4.2119,-0.1501,0.8178,0.3067,-0.1502,-0.5134,4.2119,-0.1501,0.8178,4.2856,-0.1375,0.8000,1,1,3.6412,0.1444,0.8141,-0.2644,0.1437,-0.5171,3.6412,0.1444,0.8141,3.7273,0.1381,0.8000,1,1,3.7044,-0.1505,0.8334,-0.2008,-0.1511,-0.4978,3.7044,-0.1505,0.8334,3.8230,-0.1369,0.8000,0,1
3.9095,0.0002,1.3310,-0.0056,-0.0004,4.2803,0.1539,0.8256,0.3707,0.1538,-0.5054,4.2803,0.1539,0.8256,4.3860,0.1376,0.8000,0,1,4.2121,-0.1501,0.8179,0.3027,-0.1502,-0.5131,4.2121,-0.1501,0.8179,4.2879,-0.1374,0.8000,1,1,3.6414,0.1444,0.8141,-0.2682,0.1441,-0.5169,3.6414,0.1444,0.8141,3.7294,0.1378,0.8000,1,1,3.7084,-0.1474,0.8243,-0.2010,-0.1477,-0.5067,3.7084,-0.1474,0.8243,3.8272,-0.1372,0.8000,0,1
3.9138,0.0000,1.3310,-0.0020,0.0003,4.2837,0.1532,0.8188,0.3699,0.1531,-0.5122,4.2837,0.1532,0.8188,4.3252,0.1377,0.8000,1,1,4.2121,-0.1501,0.8180,0.2983,-0.1502,-0.5130,4.2121,-0.1501,0.8180,4.3903,-0.1373,0.8000,0,1,3.6413,0.1445,0.8142,-0.2725,0.1446,-0.5168,3.6413,0.1445,0.8142,3.8316,0.1375,0.8000,0,1,3.7124,-0.1441,0.8176,-0.2014,-0.1440,-0.5134,3.7124,-0.1441,0.8176,3.7667,-0.1375,0.8000,1,1
3.9184,-0.0002,1.3312,0.0008,0.0011,4.2837,0.1532,0.8190,0.3655,0.1530,-0.5122,4.2837,0.1532,0.8190,4.3274,0.1378,0.8000,1,1,4.2250,-0.1517,0.8226,0.3064,-0.1518,-0.5086,4.2250,-0.1517,0.8226,4.3947,-0.1372,0.8000,0,1,3.6524,0.1466,0.8188,-0.2658,0.1471,-0.5124,3.6524,0.1466,0.8188,3.8358,0.1372,0.8000,0,1,3.7124,-0.1441,0.8177,-0.2062,-0.1437,-0.5135,3.7124,-0.1441,0.8177,3.7691,-0.1378,0.8000,1,1
3.9226,-0.0003,1.3315,0.0019,0.0018,4.2835,0.1533,0.8190,0.3612,0.1530,-0.5125,4.2835,0.1533,0.8190,4.3297,0.1378,0.8000,1,1,4.2374,-0.1538,0.8306,0.3145,-0.1541,-0.5009,4.2374,-0.1538,0.8306,4.3992,-0.1372,0.8000,0,1,3.6628,0.1490,0.8272,-0.2595,0.1498,-0.5043,3.6628,0.1490,0.8272,3.8401,0.1369,0.8000,0,1,3.7122,-0.1441,0.8179,-0.2107,-0.1434,-0.5136,3.7122,-0.1441,0.8179,3.7716,-0.1381,0.8000,1,1
3.9268,-0.0005,1.3320,0.0019,0.0024,4.2834,0.1533,0.8189,0.3570,0.1529,-0.5131,4.2834,0.1533,0.8189,4.3319,0.1379,0.8000,1,1,4.2501,-0.1561,0.8416,0.3229,-0.1564,-0.4904,4.2501,-0.1561,0.8416,4.4035,-0.1371,0.8000,0,1,3.6739,0.1515,0.8380,-0.2525,0.1526,-0.4940,3.6739,0.1515,0.8380,3.8443,0.1366,0.8000,0,1,3.7121,-0.1440,0.8179,-0.2150,-0.1430,-0.5141,3.7121,-0.1440,0.8179,3.7739,-0.1384,0.8000,1,1
3.9310,-0.0006,1.3324,0.0011,0.0029,4.2832,0.1533,0.8188,0.3526,0.1529,-0.5136,4.2832,0.1533,0.8188,4.3340,0.1380,0.8000,1,1,4.2620,-0.1583,0.8543,0.3305,-0.1587,-0.4781,4.2620,-0.1583,0.8543,4.4078,-0.1370,0.8000,0,1,3.6849,0.1538,0.8495,-0.2457,0.1551,-0.4829,3.6849,0.1538,0.8495,3.8484,0.1364,0.8000,0,1,3.7119,-0.1440,0.8179,-0.2195,-0.1428,-0.5145,3.7119,-0.1440,0.8179,3.7762,-0.1386,0.8000,1,1
3.9351,-0.0007,1.3329,-0.0001,0.0034,4.2831,0.1534,0.8187,0.3485,0.1529,-0.5142,4.2831,0.1534,0.8187,4.3360,0.1381,0.8000,1,1,4.2729,-0.1602,0.8673,0.3373,-0.1606,-0.4656,4.2729,-0.1602,0.8673,4.4120,-0.1369,0.8000,0,1,3.6955,0.1557,0.8612,-0.2391,0.1572,-0.4717,3.6955,0.1557,0.8612,3.8524,0.1362,0.8000,0,1,3.7118,-0.1440,0.8179,-0.2238,-0.1425,-0.5150,3.7118,-0.1440,0.8179,3.7784,-0.1388,0.8000,1,1
3.9391,-0.0008,1.3333,-0.0012,0.0038,4.2830,0.1534,0.8186,0.3445,0.1529,-0.5147,4.2830,0.1534,0.8186,4.3380,0.1382,0.8000,1,1,4.2827,-0.1616,0.8793,0.3430,-0.1621,-0.4540,4.2827,-0.1616,0.8793,4.4161,-0.1368,0.8000,0,1,3.7053,0.1571,0.8726,-0.2332,0.1588,-0.4607,3.7053,0.1571,0.8726,3.8564,0.1360,0.8000,0,1,3.7117,-0.1439,0.8179,-0.2279,-0.1422,-0.5154,3.7117,-0.1439,0.8179,3.7805,-0.1390,0.8000,1,1
3.9431,-0.0008,1.3337,-0.0022,0.0041,4.2830,0.1534,0.8186,0.3405,0.1528,-0.5151,4.2830,0.1534,0.8186,4.3399,0.1383,0.8000,1,1,4.2915,-0.1625,0.8890,0.3477,-0.1631,-0.4447,4.2915,-0.1625,0.8890,4.4200,-0.1367,0.8000,0,1,3.7142,0.1579,0.8821,-0.2282,0.1596,-0.4516,3.7142,0.1579,0.8821,3.8603,0.1360,0.8000,0,1,3.7117,-0.1439,0.8179,-0.2320,-0.1422,-0.5158,3.7117,-0.1439,0.8179,3.7824,-0.1390,0.8000,1,1
3.9469,-0.0008,1.3339,-0.0029,0.0044,4.2830,0.1534,0.8186,0.3368,0.1527,-0.5153,4.2830,0.1534,0.8186,4.3417,0.1384,0.8000,1,1,4.2997,-0.1631,0.8952,0.3521,-0.1639,-0.4387,4.2997,-0.1631,0.8952,4.4239,-0.1366,0.8000,0,1,3.7222,0.1584,0.8883,-0.2240,0.1602,-0.4456,3.7222,0.1584,0.8883,3.8641,0.1359,0.8000,0,1,3.7117,-0.1439,0.8179,-0.2358,-0.1421,-0.5160,3.7117,-0.1439,0.8179,3.7843,-0.1391,0.8000,1,1
3.9508,-0.0008,1.3339,-0.0032,0.0045,4.2830,0.1534,0.8186,0.3329,0.1527,-0.5153,4.2830,0.1534,0.8186,4.3435,0.1384,0.8000,1,1,4.3077,-0.1632,0.8966,0.3562,-0.1640,-0.4373,4.3077,-0.1632,0.8966,4.4278,-0.1366,0.8000,0,1,3.7296,0.1584,0.8897,-0.2205,0.1602,-0.4442,3.7296,0.1584,0.8897,3.8679,0.1359,0.8000,0,1,3.7118,-0.1439,0.8179,-0.2396,-0.1420,-0.5160,3.7118,-0.1439,0.8179,3.7862,-0.1391,0.8000,1,1
3.9546,-0.0007,1.3337,-0.0032,0.0045,4.2831,0.1534,0.8186,0.3292,0.1526,-0.5151,4.2831,0.1534,0.8186,4.3453,0.1385,0.8000,1,1,4.3156,-0.1628,0.8931,0.3603,-0.1637,-0.4406,4.3156,-0.1628,0.8931,4.4316,-0.1365,0.8000,0,1,3.7365,0.1580,0.8861,-0.2174,0.1597,-0.4476,3.7365,0.1580,0.8861,3.8717,0.1360,0.8000,0,1,3.7118,-0.1439,0.8179,-0.2434,-0.1421,-0.5158,3.7118,-0.1439,0.8179,3.7880,-0.1390,0.8000,1,1
3.9584,-0.0006,1.3334,-0.0027,0.0045,4.2831,0.1534,0.8186,0.3254,0.1525,-0.5148,4.2831,0.1534,0.8186,4.3471,0.1386,0.8000,1,1,4.3230,-0.1621,0.8855,0.3639,-0.1631,-0.4479,4.3230,-0.1621,0.8855,4.4354,-0.1364,0.8000,0,1,3.7430,0.1574,0.8785,-0.2147,0.1590,-0.4549,3.7430,0.1574,0.8785,3.8755,0.1361,0.8000,0,1,3.7118,-0.1439,0.8178,-0.2472,-0.1422,-0.5156,3.7118,-0.1439,0.8178,3.7898,-0.1389,0.8000,1,1
3.9622,-0.0005,1.3330,-0.0018,0.0043,4.2831,0.1534,0.8186,0.3216,0.1525,-0.5144,4.2831,0.1534,0.8186,4.3490,0.1386,0.8000,1,1,4.3298,-0.1610,0.8752,0.3669,-0.1621,-0.4578,4.3298,-0.1610,0.8752,4.4392,-0.1364,0.8000,0,1,3.7500,0.1564,0.8689,-0.2115,0.1578,-0.4641,3.7500,0.1564,0.8689,3.8794,0.1362,0.8000,0,1,3.7118,-0.1439,0.8178,-0.2510,-0.1423,-0.5152,3.7118,-0.1439,0.8178,3.7916,-0.1388,0.8000,1,1
3.9660,-0.0003,1.3326,-0.0004,0.0040,4.2832,0.1534,0.8187,0.3178,0.1524,-0.5139,4.2832,0.1534,0.8187,4.3509,0.1387,0.8000,1,1,4.3358,-0.1594,0.8631,0.3692,-0.1606,-0.4695,4.3358,-0.1594,0.8631,4.4430,-0.1363,0.8000,0,1,3.7551,0.1548,0.8585,-0.2103,0.1559,-0.4741,3.7551,0.1548,0.8585,3.8833,0.1364,0.8000,0,1,3.7119,-0.1439,0.8179,-0.2547,-0.1426,-0.5147,3.7119,-0.1439,0.8179,3.7934,-0.1386,0.8000,1,1
3.9699,-0.0002,1.3321,0.0014,0.0036,4.2832,0.1534,0.8187,0.3139,0.1525,-0.5134,4.2832,0.1534,0.8187,4.3528,0.1387,0.8000,1,1,4.3410,-0.1576,0.8504,0.3705,-0.1587,-0.4817,4.3410,-0.1576,0.8504,4.4468,-0.1363,0.8000,0,1,3.7606,0.1528,0.8475,-0.2087,0.1538,-0.4846,3.7606,0.1528,0.8475,3.8872,0.1367,0.8000,0,1,3.7119,-0.1439,0.8179,-0.2585,-0.1428,-0.5142,3.7119,-0.1439,0.8179,3.7952,-0.1383,0.8000,1,1
3.9739,0.0000,1.3317,0.0035,0.0030,4.2833,0.1534,0.8188,0.3099,0.1525,-0.5129,4.2833,0.1534,0.8188,4.3549,0.1387,0.8000,1,1,4.3454,-0.1557,0.8382,0.3710,-0.1568,-0.4935,4.3454,-0.1557,0.8382,4.4507,-0.1363,0.8000,0,1,3.7654,0.1504,0.8380,-0.2080,0.1510,-0.4937,3.7654,0.1504,0.8380,3.8913,0.1369,0.8000,0,1,3.7120,-0.1440,0.8179,-0.2623,-0.1432,-0.5138,3.7120,-0.1440,0.8179,3.7971,-0.1381,0.8000,1,1
3.9780,0.0002,1.3314,0.0059,0.0024,4.2834,0.1534,0.8188,0.3058,0.1525,-0.5126,4.2834,0.1534,0.8188,4.3571,0.1386,0.8000,1,1,4.3493,-0.1540,0.8276,0.3709,-0.1551,-0.5038,4.3493,-0.1540,0.8276,4.4547,-0.1364,0.8000,0,1,3.7710,0.1477,0.8292,-0.2066,0.1480,-0.5022,3.7710,0.1477,0.8292,3.8955,0.1372,0.8000,0,1,3.7121,-0.1440,0.8179,-0.2662,-0.1436,-0.5135,3.7121,-0.1440,0.8179,3.7991,-0.1378,0.8000,1,1
3.9822,0.0003,1.3313,0.0088,0.0017,4.2834,0.1534,0.8189,0.3015,0.1526,-0.5124,4.2834,0.1534,0.8189,4.3594,0.1385,0.8000,1,1,4.3529,-0.1528,0.8196,0.3704,-0.1537,-0.5117,4.3529,-0.1528,0.8196,4.4588,-0.1365,0.8000,0,1,3.7765,0.1448,0.8219,-0.2055,0.1448,-0.5094,3.7765,0.1448,0.8219,3.8998,0.1375,0.8000,0,1,3.7121,-0.1439,0.8179,-0.2703,-0.1437,-0.5134,3.7121,-0.1439,0.8179,3.8012,-0.1375,0.8000,1,1
3.9870,0.0005,1.3314,0.0119,0.0008,4.2908,0.1546,0.8212,0.3039,0.1539,-0.5102,4.2908,0.1546,0.8212,4.4628,0.1384,0.8000,0,1,4.3549,-0.1524,0.8167,0.3678,-0.1532,-0.5147,4.3549,-0.1524,0.8167,4.3971,-0.1366,0.8000,1,1,3.7796,0.1435,0.8192,-0.2073,0.1432,-0.5122,3.7796,0.1435,0.8192,3.8382,0.1379,0.8000,1,1,3.7180,-0.1448,0.8201,-0.2691,-0.1451,-0.5113,3.7180,-0.1448,0.8201,3.9045,-0.1371,0.8000,0,1
3.9910,0.0007,1.3316,0.0132,0.0001,4.3027,0.1567,0.8271,0.3117,0.1560,-0.5045,4.3027,0.1567,0.8271,4.4673,0.1382,0.8000,0,1,4.3549,-0.1523,0.8168,0.3639,-0.1530,-0.5148,4.3549,-0.1523,0.8168,4.3993,-0.1368,0.8000,1,1,3.7795,0.1435,0.8193,-0.2115,0.1428,-0.5123,3.7795,0.1435,0.8193,3.8407,0.1382,0.8000,1,1,3.7273,-0.1464,0.8261,-0.2637,-0.1471,-0.5055,3.7273,-0.1464,0.8261,3.9087,-0.1368,0.8000,0,1
3.9952,0.0008,1.3319,0.0133,-0.0006,4.3153,0.1592,0.8368,0.3200,0.1586,-0.4951,4.3153,0.1592,0.8368,4.4717,0.1381,0.8000,0,1,4.3548,-0.1523,0.8167,0.3597,-0.1529,-0.5152,4.3548,-0.1523,0.8167,4.4015,-0.1369,0.8000,1,1,3.7794,0.1435,0.8194,-0.2159,0.1426,-0.5125,3.7794,0.1435,0.8194,3.8431,0.1385,0.8000,1,1,3.7382,-0.1484,0.8355,-0.2569,-0.1494,-0.4964,3.7382,-0.1484,0.8355,3.9129,-0.1365,0.8000,0,1
3.9994,0.0010,1.3323,0.0125,-0.0013,4.3276,0.1615,0.8488,0.3280,0.1609,-0.4835,4.3276,0.1615,0.8488,4.4760,0.1380,0.8000,0,1,4.3547,-0.1523,0.8167,0.3555,-0.1528,-0.5156,4.3547,-0.1523,0.8167,4.4036,-0.1370,0.8000,1,1,3.7793,0.1435,0.8194,-0.2203,0.1422,-0.5129,3.7793,0.1435,0.8194,3.8454,0.1387,0.8000,1,1,3.7488,-0.1505,0.8460,-0.2504,-0.1518,-0.4863,3.7488,-0.1505,0.8460,3.9170,-0.1363,0.8000,0,1
4.0035,0.0011,1.3328,0.0115,-0.0019,4.3386,0.1634,0.8619,0.3348,0.1629,-0.4709,4.3386,0.1634,0.8619,4.4802,0.1378,0.8000,0,1,4.3544,-0.1523,0.8164,0.3512,-0.1527,-0.5164,4.3544,-0.1523,0.8164,4.4056,-0.1372,0.8000,1,1,3.7790,0.1435,0.8194,-0.2248,0.1420,-0.5134,3.7790,0.1435,0.8194,3.8476,0.1389,0.8000,1,1,3.7592,-0.1526,0.8584,-0.2440,-0.1542,-0.4744,3.7592,-0.1526,0.8584,3.9210,-0.1361,0.8000,0,1
4.0075,0.0011,1.3332,0.0100,-0.0025,4.3489,0.1650,0.8746,0.3410,0.1648,-0.4586,4.3489,0.1650,0.8746,4.4843,0.1377,0.8000,0,1,4.3544,-0.1523,0.8164,0.3473,-0.1525,-0.5168,4.3544,-0.1523,0.8164,4.4076,-0.1373,0.8000,1,1,3.7791,0.1435,0.8194,-0.2288,0.1418,-0.5138,3.7791,0.1435,0.8194,3.8497,0.1391,0.8000,1,1,3.7681,-0.1542,0.8694,-0.2390,-0.1559,-0.4638,3.7681,-0.1542,0.8694,3.9250,-0.1359,0.8000,0,1
4.0115,0.0011,1.3335,0.0084,-0.0029,4.3582,0.1663,0.8859,0.3462,0.1662,-0.4476,4.3582,0.1663,0.8859,4.4883,0.1375,0.8000,0,1,4.3544,-0.1523,0.8164,0.3433,-0.1524,-0.5171,4.3544,-0.1523,0.8164,4.4095,-0.1375,0.8000,1,1,3.7791,0.1435,0.8194,-0.2328,0.1417,-0.5141,3.7791,0.1435,0.8194,3.8517,0.1392,0.8000,1,1,3.7775,-0.1550,0.8771,-0.2335,-0.1568,-0.4564,3.7775,-0.1550,0.8771,3.9289,-0.1358,0.8000,0,1
4.0154,0.0011,1.3337,0.0069,-0.0033,4.3667,0.1669,0.8940,0.3508,0.1670,-0.4397,4.3667,0.1669,0.8940,4.4923,0.1374,0.8000,0,1,4.3544,-0.1524,0.8164,0.3395,-0.1524,-0.5173,4.3544,-0.1524,0.8164,4.4114,-0.1376,0.8000,1,1,3.7790,0.1434,0.8194,-0.2369,0.1415,-0.5143,3.7790,0.1434,0.8194,3.8537,0.1392,0.8000,1,1,3.7862,-0.1555,0.8821,-0.2287,-0.1574,-0.4516,3.7862,-0.1555,0.8821,3.9328,-0.1358,0.8000,0,1
4.0193,0.0011,1.3338,0.0058,-0.0036,4.3748,0.1670,0.8980,0.3549,0.1672,-0.4358,4.3748,0.1670,0.8980,4.4962,0.1372,0.8000,0,1,4.3544,-0.1524,0.8164,0.3357,-0.1523,-0.5174,4.3544,-0.1524,0.8164,4.4132,-0.1378,0.8000,1,1,3.7790,0.1434,0.8194,-0.2408,0.1414,-0.5144,3.7790,0.1434,0.8194,3.8556,0.1393,0.8000,1,1,3.7941,-0.1557,0.8855,-0.2246,-0.1576,-0.4483,3.7941,-0.1557,0.8855,3.9366,-0.1357,0.8000,0,1
4.0231,0.0010,1.3337,0.0052,-0.0038,4.3828,0.1666,0.8968,0.3591,0.1670,-0.4369,4.3828,0.1666,0.8968,4.5000,0.1371,0.8000,0,1,4.3544,-0.1524,0.8164,0.3319,-0.1521,-0.5173,4.3544,-0.1524,0.8164,4.4149,-0.1379,0.8000,1,1,3.7790,0.1434,0.8194,-0.2446,0.1415,-0.5143,3.7790,0.1434,0.8194,3.8574,0.1392,0.8000,1,1,3.8012,-0.1557,0.8843,-0.2213,-0.1575,-0.4494,3.8012,-0.1557,0.8843,3.9403,-0.1358,0.8000,0,1
4.0268,0.0009,1.3334,0.0050,-0.0039,4.3906,0.1658,0.8907,0.3632,0.1663,-0.4427,4.3906,0.1658,0.8907,4.5038,0.1370,0.8000,0,1,4.3545,-0.1524,0.8165,0.3283,-0.1520,-0.5169,4.3545,-0.1524,0.8165,4.4167,-0.1380,0.8000,1,1,3.7792,0.1434,0.8194,-0.2482,0.1415,-0.5140,3.7792,0.1434,0.8194,3.8592,0.1391,0.8000,1,1,3.8079,-0.1553,0.8781,-0.2183,-0.1571,-0.4553,3.8079,-0.1553,0.8781,3.9441,-0.1359,0.8000,0,1
4.0306,0.0008,1.3331,0.0054,-0.0038,4.3977,0.1645,0.8820,0.3665,0.1651,-0.4511,4.3977,0.1645,0.8820,4.5075,0.1369,0.8000,0,1,4.3545,-0.1524,0.8164,0.3245,-0.1520,-0.5167,4.3545,-0.1524,0.8164,4.4185,-0.1381,0.8000,1,1,3.7791,0.1434,0.8194,-0.2520,0.1416,-0.5137,3.7791,0.1434,0.8194,3.8609,0.1390,0.8000,1,1,3.8150,-0.1545,0.8696,-0.2150,-0.1561,-0.4635,3.8150,-0.1545,0.8696,3.9479,-0.1360,0.8000,0,1
4.0344,0.0006,1.3326,0.0063,-0.0036,4.4043,0.1628,0.8706,0.3693,0.1635,-0.4620,4.4043,0.1628,0.8706,4.5112,0.1368,0.8000,0,1,4.3545,-0.1524,0.8165,0.3206,-0.1518,-0.5161,4.3545,-0.1524,0.8165,4.4203,-0.1382,0.8000,1,1,3.7792,0.1434,0.8194,-0.2557,0.1419,-0.5132,3.7792,0.1434,0.8194,3.8626,0.1388,0.8000,1,1,3.8204,-0.1533,0.8596,-0.2134,-0.1547,-0.4730,3.8204,-0.1533,0.8596,3.9517,-0.1362,0.8000,0,1
4.0382,0.0005,1.3322,0.0077,-0.0033,4.4100,0.1607,0.8581,0.3713,0.1614,-0.4741,4.4100,0.1607,0.8581,4.5150,0.1367,0.8000,0,1,4.3546,-0.1524,0.8165,0.3169,-0.1519,-0.5157,4.3546,-0.1524,0.8165,4.4221,-0.1383,0.8000,1,1,3.7792,0.1434,0.8194,-0.2595,0.1420,-0.5128,3.7792,0.1434,0.8194,3.8644,0.1386,0.8000,1,1,3.8256,-0.1519,0.8496,-0.2121,-0.1531,-0.4826,3.8256,-0.1519,0.8496,3.9555,-0.1364,0.8000,0,1
4.0421,0.0003,1.3318,0.0094,-0.0028,4.4148,0.1584,0.8455,0.3723,0.1591,-0.4863,4.4148,0.1584,0.8455,4.5188,0.1367,0.8000,0,1,4.3546,-0.1524,0.8166,0.3129,-0.1518,-0.5152,4.3546,-0.1524,0.8166,4.4240,-0.1383,0.8000,1,1,3.7793,0.1434,0.8194,-0.2632,0.1424,-0.5124,3.7793,0.1434,0.8194,3.8662,0.1383,0.8000,1,1,3.8307,-0.1503,0.8415,-0.2110,-0.1512,-0.4903,3.8307,-0.1503,0.8415,3.9594,-0.1367,0.8000,0,1
4.0460,0.0001,1.3314,0.0114,-0.0023,4.4189,0.1561,0.8340,0.3725,0.1569,-0.4974,4.4189,0.1561,0.8340,4.5227,0.1367,0.8000,0,1,4.3547,-0.1523,0.8166,0.3090,-0.1517,-0.5148,4.3547,-0.1523,0.8166,4.4261,-0.1383,0.8000,1,1,3.7794,0.1435,0.8194,-0.2669,0.1428,-0.5120,3.7794,0.1435,0.8194,3.8681,0.1380,0.8000,1,1,3.8363,-0.1483,0.8332,-0.2094,-0.1489,-0.4982,3.8363,-0.1483,0.8332,3.9635,-0.1370,0.8000,0,1
4.0502,-0.0001,1.3313,0.0136,-0.0016,4.4228,0.1542,0.8247,0.3724,0.1549,-0.5066,4.4228,0.1542,0.8247,4.5268,0.1368,0.8000,0,1,4.3548,-0.1523,0.8167,0.3048,-0.1517,-0.5146,4.3548,-0.1523,0.8167,4.4283,-0.1382,0.8000,1,1,3.7794,0.1435,0.8194,-0.2710,0.1432,-0.5119,3.7794,0.1435,0.8194,3.8702,0.1377,0.8000,1,1,3.8417,-0.1462,0.8249,-0.2083,-0.1464,-0.5064,3.8417,-0.1462,0.8249,3.9677,-0.1373,0.8000,0,1
4.0544,-0.0003,1.3313,0.0161,-0.0009,4.4266,0.1528,0.8179,0.3721,0.1534,-0.5134,4.4266,0.1528,0.8179,4.4659,0.1368,0.8000,1,1,4.3548,-0.1523,0.8167,0.3005,-0.1517,-0.5146,4.3548,-0.1523,0.8167,4.5307,-0.1382,0.8000,0,1,3.7794,0.1435,0.8195,-0.2751,0.1436,-0.5118,3.7794,0.1435,0.8195,3.9723,0.1373,0.8000,0,1,3.8483,-0.1439,0.8185,-0.2060,-0.1438,-0.5128,3.8483,-0.1439,0.8185,3.9071,-0.1377,0.8000,1,1
4.0590,-0.0005,1.3315,0.0178,-0.0001,4.4266,0.1528,0.8181,0.3676,0.1533,-0.5134,4.4266,0.1528,0.8181,4.4682,0.1369,0.8000,1,1,4.3678,-0.1543,0.8215,0.3088,-0.1538,-0.5100,4.3678,-0.1543,0.8215,4.5351,-0.1381,0.8000,0,1,3.7905,0.1450,0.8238,-0.2685,0.1455,-0.5077,3.7905,0.1450,0.8238,3.9766,0.1370,0.8000,0,1,3.8482,-0.1439,0.8187,-0.2108,-0.1434,-0.5128,3.8482,-0.1439,0.8187,3.9095,-0.1380,0.8000,1,1
4.0631,-0.0007,1.3318,0.0181,0.0006,4.4264,0.1528,0.8180,0.3634,0.1533,-0.5138,4.4264,0.1528,0.8180,4.4703,0.1370,0.8000,1,1,4.3799,-0.1565,0.8295,0.3167,-0.1560,-0.5023,4.3799,-0.1565,0.8295,4.5395,-0.1380,0.8000,0,1,3.8007,0.1471,0.8320,-0.2623,0.1480,-0.4998,3.8007,0.1471,0.8320,3.9807,0.1367,0.8000,0,1,3.8480,-0.1439,0.8188,-0.2152,-0.1431,-0.5130,3.8480,-0.1439,0.8188,3.9119,-0.1383,0.8000,1,1
4.0673,-0.0008,1.3322,0.0173,0.0013,4.4263,0.1528,0.8179,0.3592,0.1531,-0.5143,4.4263,0.1528,0.8179,4.4725,0.1372,0.8000,1,1,4.3922,-0.1588,0.8405,0.3247,-0.1584,-0.4917,4.3922,-0.1588,0.8405,4.5438,-0.1378,0.8000,0,1,3.8116,0.1494,0.8421,-0.2555,0.1505,-0.4901,3.8116,0.1494,0.8421,3.9849,0.1364,0.8000,0,1,3.8479,-0.1439,0.8189,-0.2196,-0.1428,-0.5133,3.8479,-0.1439,0.8189,3.9142,-0.1386,0.8000,1,1
4.0714,-0.0009,1.3326,0.0160,0.0019,4.4261,0.1528,0.8179,0.3550,0.1530,-0.5147,4.4261,0.1528,0.8179,4.4745,0.1373,0.8000,1,1,4.4038,-0.1610,0.8532,0.3321,-0.1607,-0.4794,4.4038,-0.1610,0.8532,4.5480,-0.1377,0.8000,0,1,3.8226,0.1518,0.8533,-0.2485,0.1532,-0.4793,3.8226,0.1518,0.8533,3.9889,0.1362,0.8000,0,1,3.8478,-0.1439,0.8189,-0.2239,-0.1426,-0.5137,3.8478,-0.1439,0.8189,3.9164,-0.1388,0.8000,1,1
4.0754,-0.0010,1.3331,0.0144,0.0025,4.4261,0.1528,0.8178,0.3511,0.1529,-0.5153,4.4261,0.1528,0.8178,4.4765,0.1374,0.8000,1,1,4.4142,-0.1627,0.8663,0.3384,-0.1625,-0.4668,4.4142,-0.1627,0.8663,4.5521,-0.1376,0.8000,0,1,3.8330,0.1538,0.8653,-0.2420,0.1554,-0.4678,3.8330,0.1538,0.8653,3.9929,0.1360,0.8000,0,1,3.8477,-0.1439,0.8189,-0.2281,-0.1423,-0.5142,3.8477,-0.1439,0.8189,3.9185,-0.1390,0.8000,1,1
4.0794,-0.0011,1.3335,0.0127,0.0029,4.4260,0.1528,0.8177,0.3470,0.1529,-0.5158,4.4260,0.1528,0.8177,4.4784,0.1375,0.8000,1,1,4.4236,-0.1639,0.8783,0.3437,-0.1638,-0.4552,4.4236,-0.1639,0.8783,4.5562,-0.1375,0.8000,0,1,3.8428,0.1554,0.8767,-0.2361,0.1572,-0.4568,3.8428,0.1554,0.8767,3.9968,0.1359,0.8000,0,1,3.8476,-0.1439,0.8189,-0.2322,-0.1421,-0.5146,3.8476,-0.1439,0.8189,3.9206,-0.1391,0.8000,1,1
4.0833,-0.0011,1.3338,0.0112,0.0033,4.4260,0.1528,0.8177,0.3432,0.1528,-0.5161,4.4260,0.1528,0.8177,4.4802,0.1377,0.8000,1,1,4.4321,-0.1646,0.8881,0.3483,-0.1647,-0.4457,4.4321,-0.1646,0.8881,4.5601,-0.1373,0.8000,0,1,3.8517,0.1565,0.8862,-0.2311,0.1584,-0.4476,3.8517,0.1565,0.8862,4.0006,0.1358,0.8000,0,1,3.8476,-0.1439,0.8189,-0.2362,-0.1420,-0.5149,3.8476,-0.1439,0.8189,3.9225,-0.1392,0.8000,1,1
4.0871,-0.0011,1.3340,0.0098,0.0036,4.4260,0.1528,0.8177,0.3395,0.1527,-0.5163,4.4260,0.1528,0.8177,4.4820,0.1378,0.8000,1,1,4.4401,-0.1649,0.8942,0.3524,-0.1651,-0.4398,4.4401,-0.1649,0.8942,4.5640,-0.1372,0.8000,0,1,3.8597,0.1570,0.8924,-0.2268,0.1589,-0.4416,3.8597,0.1570,0.8924,4.0044,0.1358,0.8000,0,1,3.8476,-0.1439,0.8189,-0.2400,-0.1419,-0.5151,3.8476,-0.1439,0.8189,3.9244,-0.1392,0.8000,1,1
4.0909,-0.0010,1.3339,0.0088,0.0037,4.4260,0.1528,0.8177,0.3357,0.1526,-0.5162,4.4260,0.1528,0.8177,4.4838,0.1379,0.8000,1,1,4.4480,-0.1648,0.8957,0.3565,-0.1651,-0.4382,4.4480,-0.1648,0.8957,4.5678,-0.1371,0.8000,0,1,3.8670,0.1572,0.8938,-0.2233,0.1590,-0.4401,3.8670,0.1572,0.8938,4.0082,0.1358,0.8000,0,1,3.8476,-0.1439,0.8188,-0.2438,-0.1420,-0.5151,3.8476,-0.1439,0.8188,3.9262,-0.1392,0.8000,1,1
4.0947,-0.0009,1.3338,0.0082,0.0038,4.4261,0.1528,0.8177,0.3320,0.1524,-0.5161,4.4261,0.1528,0.8177,4.4855,0.1380,0.8000,1,1,4.4559,-0.1643,0.8921,0.3606,-0.1648,-0.4417,4.4559,-0.1643,0.8921,4.5716,-0.1370,0.8000,0,1,3.8740,0.1570,0.8902,-0.2201,0.1587,-0.4436,3.8740,0.1570,0.8902,4.0119,0.1359,0.8000,0,1,3.8477,-0.1439,0.8188,-0.2475,-0.1421,-0.5150,3.8477,-0.1439,0.8188,3.9280,-0.1391,0.8000,1,1
4.0984,-0.0008,1.3334,0.0081,0.0038,4.4261,0.1528,0.8177,0.3283,0.1524,-0.5157,4.4261,0.1528,0.8177,4.4873,0.1381,0.8000,1,1,4.4633,-0.1635,0.8846,0.3643,-0.1641,-0.4488,4.4633,-0.1635,0.8846,4.5753,-0.1369,0.8000,0,1,3.8807,0.1565,0.8826,-0.2171,0.1581,-0.4508,3.8807,0.1565,0.8826,4.0157,0.1360,0.8000,0,1,3.8477,-0.1439,0.8188,-0.2512,-0.1421,-0.5146,3.8477,-0.1439,0.8188,3.9297,-0.1390,0.8000,1,1
4.1022,-0.0007,1.3330,0.0084,0.0036,4.4261,0.1528,0.8177,0.3245,0.1523,-0.5153,4.4261,0.1528,0.8177,4.4891,0.1382,0.8000,1,1,4.4701,-0.1622,0.8742,0.3673,-0.1628,-0.4588,4.4701,-0.1622,0.8742,4.5791,-0.1368,0.8000,0,1,3.8877,0.1557,0.8726,-0.2139,0.1572,-0.4604,3.8877,0.1557,0.8726,4.0195,0.1361,0.8000,0,1,3.8477,-0.1439,0.8188,-0.2550,-0.1423,-0.5142,3.8477,-0.1439,0.8188,3.9315,-0.1389,0.8000,1,1
4.1060,-0.0005,1.3325,0.0092,0.0034,4.4262,0.1527,0.8177,0.3207,0.1521,-0.5148,4.4262,0.1527,0.8177,4.4909,0.1382,0.8000,1,1,4.4762,-0.1605,0.8622,0.3697,-0.1613,-0.4703,4.4762,-0.1605,0.8622,4.5829,-0.1368,0.8000,0,1,3.8933,0.1542,0.8615,-0.2122,0.1554,-0.4710,3.8933,0.1542,0.8615,4.0233,0.1363,0.8000,0,1,3.8478,-0.1439,0.8188,-0.2587,-0.1425,-0.5137,3.8478,-0.1439,0.8188,3.9333,-0.1387,0.8000,1,1
4.1099,-0.0004,1.3320,0.0104,0.0030,4.4262,0.1527,0.8178,0.3168,0.1522,-0.5142,4.4262,0.1527,0.8178,4.4929,0.1383,0.8000,1,1,4.4814,-0.1586,0.8494,0.3710,-0.1593,-0.4826,4.4814,-0.1586,0.8494,4.5867,-0.1367,0.8000,0,1,3.8984,0.1522,0.8501,-0.2110,0.1532,-0.4819,3.8984,0.1522,0.8501,4.0273,0.1366,0.8000,0,1,3.8478,-0.1439,0.8188,-0.2625,-0.1427,-0.5132,3.8478,-0.1439,0.8188,3.9351,-0.1384,0.8000,1,1
4.1139,-0.0002,1.3315,0.0119,0.0025,4.4263,0.1527,0.8179,0.3128,0.1521,-0.5136,4.4263,0.1527,0.8179,4.4949,0.1382,0.8000,1,1,4.4859,-0.1565,0.8372,0.3716,-0.1572,-0.4943,4.4859,-0.1565,0.8372,4.5906,-0.1368,0.8000,0,1,3.9035,0.1500,0.8404,-0.2100,0.1507,-0.4911,3.9035,0.1500,0.8404,4.0313,0.1368,0.8000,0,1,3.8479,-0.1439,0.8188,-0.2664,-0.1430,-0.5127,3.8479,-0.1439,0.8188,3.9370,-0.1382,0.8000,1,1
4.1180,-0.0000,1.3312,0.0138,0.0019,4.4264,0.1527,0.8179,0.3087,0.1521,-0.5133,4.4264,0.1527,0.8179,4.4971,0.1382,0.8000,1,1,4.4898,-0.1547,0.8267,0.3715,-0.1554,-0.5045,4.4898,-0.1547,0.8267,4.5946,-0.1368,0.8000,0,1,3.9094,0.1475,0.8308,-0.2083,0.1479,-0.5004,3.9094,0.1475,0.8308,4.0355,0.1371,0.8000,0,1,3.8480,-0.1439,0.8188,-0.2703,-0.1434,-0.5124,3.8480,-0.1439,0.8188,3.9390,-0.1379,0.8000,1,1
4.1222,0.0002,1.3311,0.0160,0.0011,4.4264,0.1527,0.8180,0.3044,0.1522,-0.5131,4.4264,0.1527,0.8180,4.4994,0.1381,0.8000,1,1,4.4934,-0.1533,0.8186,0.3710,-0.1539,-0.5125,4.4934,-0.1533,0.8186,4.5987,-0.1369,0.8000,0,1,3.9151,0.1448,0.8230,-0.2069,0.1448,-0.5081,3.9151,0.1448,0.8230,4.0398,0.1375,0.8000,0,1,3.8480,-0.1439,0.8189,-0.2744,-0.1438,-0.5122,3.8480,-0.1439,0.8189,3.9411,-0.1375,0.8000,1,1
4.1272,0.0004,1.3312,0.0185,0.0003,4.4343,0.1539,0.8202,0.3071,0.1534,-0.5110,4.4343,0.1539,0.8202,4.6029,0.1380,0.8000,0,1,4.4954,-0.1528,0.8158,0.3682,-0.1533,-0.5154,4.4954,-0.1528,0.8158,4.5370,-0.1370,0.8000,1,1,3.9186,0.1433,0.8201,-0.2086,0.1430,-0.5111,3.9186,0.1433,0.8201,3.9783,0.1378,0.8000,1,1,3.8549,-0.1451,0.8210,-0.2723,-0.1454,-0.5102,3.8549,-0.1451,0.8210,4.0444,-0.1372,0.8000,0,1
4.1309,0.0005,1.3315,0.0195,-0.0004,4.4452,0.1557,0.8262,0.3142,0.1553,-0.5053,4.4452,0.1557,0.8262,4.6073,0.1379,0.8000,0,1,4.4952,-0.1528,0.8158,0.3644,-0.1532,-0.5157,4.4952,-0.1528,0.8158,4.5392,-0.1371,0.8000,1,1,3.9184,0.1433,0.8202,-0.2126,0.1427,-0.5113,3.9184,0.1433,0.8202,3.9807,0.1381,0.8000,1,1,3.8643,-0.1472,0.8271,-0.2665,-0.1478,-0.5044,3.8643,-0.1472,0.8271,4.0486,-0.1369,0.8000,0,1
4.1351,0.0007,1.3318,0.0194,-0.0011,4.4576,0.1580,0.8359,0.3223,0.1577,-0.4959,4.4576,0.1580,0.8359,4.6116,0.1378,0.8000,0,1,4.4950,-0.1528,0.8157,0.3601,-0.1531,-0.5161,4.4950,-0.1528,0.8157,4.5414,-0.1372,0.8000,1,1,3.9182,0.1433,0.8203,-0.2171,0.1424,-0.5115,3.9182,0.1433,0.8203,3.9830,0.1384,0.8000,1,1,3.8748,-0.1496,0.8370,-0.2601,-0.1506,-0.4948,3.8748,-0.1496,0.8370,4.0527,-0.1366,0.8000,0,1
4.1393,0.0008,1.3323,0.0185,-0.0017,4.4693,0.1602,0.8478,0.3297,0.1600,-0.4845,4.4693,0.1602,0.8478,4.6159,0.1376,0.8000,0,1,4.4949,-0.1528,0.8156,0.3559,-0.1530,-0.5167,4.4949,-0.1528,0.8156,4.5434,-0.1374,0.8000,1,1,3.9181,0.1433,0.8204,-0.2214,0.1421,-0.5119,3.9181,0.1433,0.8204,3.9853,0.1386,0.8000,1,1,3.8856,-0.1519,0.8467,-0.2534,-0.1531,-0.4856,3.8856,-0.1519,0.8467,4.0568,-0.1364,0.8000,0,1
4.1434,0.0009,1.3328,0.0172,-0.0023,4.4802,0.1621,0.8610,0.3364,0.1620,-0.4718,4.4802,0.1621,0.8610,4.6201,0.1375,0.8000,0,1,4.4946,-0.1528,0.8154,0.3516,-0.1529,-0.5174,4.4946,-0.1528,0.8154,4.5455,-0.1375,0.8000,1,1,3.9179,0.1433,0.8204,-0.2258,0.1419,-0.5124,3.9179,0.1433,0.8204,3.9875,0.1388,0.8000,1,1,3.8963,-0.1540,0.8598,-0.2467,-0.1555,-0.4730,3.8963,-0.1540,0.8598,4.0609,-0.1362,0.8000,0,1
4.1474,0.0009,1.3332,0.0154,-0.0028,4.4901,0.1637,0.8738,0.3422,0.1638,-0.4594,4.4901,0.1637,0.8738,4.6242,0.1374,0.8000,0,1,4.4946,-0.1528,0.8154,0.3476,-0.1527,-0.5178,4.4946,-0.1528,0.8154,4.5474,-0.1376,0.8000,1,1,3.9179,0.1433,0.8204,-0.2299,0.1418,-0.5128,3.9179,0.1433,0.8204,3.9896,0.1390,0.8000,1,1,3.9066,-0.1557,0.8711,-0.2404,-0.1573,-0.4621,3.9066,-0.1557,0.8711,4.0648,-0.1360,0.8000,0,1
4.1514,0.0010,1.3336,0.0136,-0.0032,4.4991,0.1649,0.8848,0.3472,0.1650,-0.4488,4.4991,0.1649,0.8848,4.6282,0.1373,0.8000,0,1,4.4946,-0.1528,0.8154,0.3437,-0.1527,-0.5182,4.4946,-0.1528,0.8154,4.5493,-0.1377,0.8000,1,1,3.9178,0.1433,0.8204,-0.2341,0.1416,-0.5132,3.9178,0.1433,0.8204,3.9916,0.1391,0.8000,1,1,3.9155,-0.1567,0.8801,-0.2354,-0.1585,-0.4535,3.9155,-0.1567,0.8801,4.0687,-0.1359,0.8000,0,1
4.1552,0.0010,1.3338,0.0121,-0.0036,4.5073,0.1655,0.8930,0.3515,0.1658,-0.4408,4.5073,0.1655,0.8930,4.6321,0.1371,0.8000,0,1,4.4946,-0.1528,0.8154,0.3400,-0.1526,-0.5184,4.4946,-0.1528,0.8154,4.5511,-0.1379,0.8000,1,1,3.9178,0.1433,0.8204,-0.2379,0.1414,-0.5134,3.9178,0.1433,0.8204,3.9935,0.1391,0.8000,1,1,3.9242,-0.1574,0.8871,-0.2304,-0.1592,-0.4467,3.9242,-0.1574,0.8871,4.0725,-0.1359,0.8000,0,1
4.1591,0.0010,1.3339,0.0108,-0.0038,4.5153,0.1656,0.8969,0.3556,0.1660,-0.4370,4.5153,0.1656,0.8969,4.6360,0.1370,0.8000,0,1,4.4946,-0.1528,0.8154,0.3361,-0.1525,-0.5185,4.4946,-0.1528,0.8154,4.5529,-0.1380,0.8000,1,1,3.9178,0.1433,0.8204,-0.2418,0.1414,-0.5135,3.9178,0.1433,0.8204,3.9954,0.1392,0.8000,1,1,3.9319,-0.1576,0.8909,-0.2266,-0.1595,-0.4430,3.9319,-0.1576,0.8909,4.0763,-0.1358,0.8000,0,1
4.1629,0.0009,1.3338,0.0099,-0.0039,4.5233,0.1653,0.8958,0.3598,0.1658,-0.4380,4.5233,0.1653,0.8958,4.6398,0.1369,0.8000,0,1,4.4946,-0.1528,0.8154,0.3323,-0.1524,-0.5184,4.4946,-0.1528,0.8154,4.5547,-0.1381,0.8000,1,1,3.9179,0.1433,0.8204,-0.2456,0.1414,-0.5134,3.9179,0.1433,0.8204,3.9972,0.1391,0.8000,1,1,3.9391,-0.1575,0.8897,-0.2232,-0.1593,-0.4441,3.9391,-0.1575,0.8897,4.0801,-0.1359,0.8000,0,1
4.1666,0.0008,1.3336,0.0095,-0.0040,4.5309,0.1646,0.8901,0.3636,0.1653,-0.4435,4.5309,0.1646,0.8901,4.6436,0.1368,0.8000,0,1,4.4947,-0.1528,0.8154,0.3287,-0.1523,-0.5182,4.4947,-0.1528,0.8154,4.5565,-0.1382,0.8000,1,1,3.9179,0.1433,0.8203,-0.2493,0.1415,-0.5133,3.9179,0.1433,0.8203,3.9990,0.1390,0.8000,1,1,3.9459,-0.1570,0.8840,-0.2201,-0.1587,-0.4496,3.9459,-0.1570,0.8840,4.0839,-0.1360,0.8000,0,1
4.1704,0.0007,1.3332,0.0095,-0.0039,4.5381,0.1635,0.8807,0.3671,0.1642,-0.4525,4.5381,0.1635,0.8807,4.6473,0.1367,0.8000,0,1,4.4948,-0.1528,0.8155,0.3250,-0.1522,-0.5177,4.4948,-0.1528,0.8155,4.5583,-0.1383,0.8000,1,1,3.9180,0.1433,0.8203,-0.2530,0.1416,-0.5129,3.9180,0.1433,0.8203,4.0007,0.1389,0.8000,1,1,3.9530,-0.1563,0.8745,-0.2168,-0.1578,-0.4587,3.9530,-0.1563,0.8745,4.0877,-0.1361,0.8000,0,1
4.1742,0.0006,1.3328,0.0101,-0.0036,4.5443,0.1618,0.8694,0.3695,0.1625,-0.4634,4.5443,0.1618,0.8694,4.6511,0.1367,0.8000,0,1,4.4948,-0.1528,0.8155,0.3212,-0.1522,-0.5173,4.4948,-0.1528,0.8155,4.5601,-0.1383,0.8000,1,1,3.9180,0.1433,0.8203,-0.2567,0.1418,-0.5125,3.9180,0.1433,0.8203,4.0025,0.1387,0.8000,1,1,3.9593,-0.1550,0.8640,-0.2143,-0.1564,-0.4688,3.9593,-0.1550,0.8640,4.0915,-0.1363,0.8000,0,1
4.1780,0.0004,1.3323,0.0112,-0.0033,4.5497,0.1600,0.8570,0.3712,0.1608,-0.4753,4.5497,0.1600,0.8570,4.6549,0.1367,0.8000,0,1,4.4948,-0.1528,0.8155,0.3173,-0.1522,-0.5168,4.4948,-0.1528,0.8155,4.5619,-0.1383,0.8000,1,1,3.9180,0.1433,0.8203,-0.2605,0.1420,-0.5120,3.9180,0.1433,0.8203,4.0043,0.1385,0.8000,1,1,3.9643,-0.1533,0.8535,-0.2132,-0.1544,-0.4788,3.9643,-0.1533,0.8535,4.0953,-0.1365,0.8000,0,1
4.1819,0.0002,1.3319,0.0127,-0.0028,4.5545,0.1579,0.8444,0.3722,0.1587,-0.4875,4.5545,0.1579,0.8444,4.6587,0.1367,0.8000,0,1,4.4949,-0.1528,0.8156,0.3134,-0.1521,-0.5163,4.4949,-0.1528,0.8156,4.5639,-0.1383,0.8000,1,1,3.9181,0.1433,0.8203,-0.2642,0.1424,-0.5116,3.9181,0.1433,0.8203,4.0061,0.1382,0.8000,1,1,3.9696,-0.1514,0.8438,-0.2119,-0.1522,-0.4881,3.9696,-0.1514,0.8438,4.0993,-0.1368,0.8000,0,1
4.1859,0.0001,1.3316,0.0145,-0.0022,4.5585,0.1560,0.8328,0.3723,0.1567,-0.4988,4.5585,0.1560,0.8328,4.6626,0.1367,0.8000,0,1,4.4949,-0.1528,0.8156,0.3093,-0.1522,-0.5160,4.4949,-0.1528,0.8156,4.5660,-0.1383,0.8000,1,1,3.9181,0.1433,0.8203,-0.2681,0.1426,-0.5113,3.9181,0.1433,0.8203,4.0080,0.1380,0.8000,1,1,3.9755,-0.1493,0.8352,-0.2101,-0.1499,-0.4964,3.9755,-0.1493,0.8352,4.1034,-0.1370,0.8000,0,1
4.1900,-0.0001,1.3314,0.0167,-0.0016,4.5621,0.1542,0.8236,0.3719,0.1549,-0.5078,4.5621,0.1542,0.8236,4.6666,0.1368,0.8000,0,1,4.4950,-0.1528,0.8156,0.3052,-0.1522,-0.5158,4.4950,-0.1528,0.8156,4.5682,-0.1382,0.8000,1,1,3.9182,0.1433,0.8203,-0.2720,0.1430,-0.5111,3.9182,0.1433,0.8203,4.0100,0.1377,0.8000,1,1,3.9815,-0.1472,0.8278,-0.2083,-0.1474,-0.5036,3.9815,-0.1472,0.8278,4.1076,-0.1373,0.8000,0,1
4.1943,-0.0003,1.3314,0.0193,-0.0009,4.5658,0.1531,0.8166,0.3714,0.1537,-0.5148,4.5658,0.1531,0.8166,4.6058,0.1368,0.8000,1,1,4.4950,-0.1527,0.8156,0.3008,-0.1521,-0.5158,4.4950,-0.1527,0.8156,4.6706,-0.1382,0.8000,0,1,3.9182,0.1434,0.8204,-0.2762,0.1435,-0.5110,3.9182,0.1434,0.8204,4.1122,0.1373,0.8000,0,1,3.9880,-0.1449,0.8213,-0.2062,-0.1448,-0.5101,3.9880,-0.1449,0.8213,4.0470,-0.1377,0.8000,1,1
4.1989,-0.0005,1.3315,0.0212,-0.0002,4.5657,0.1532,0.8168,0.3668,0.1538,-0.5147,4.5657,0.1532,0.8168,4.6081,0.1369,0.8000,1,1,4.5075,-0.1545,0.8208,0.3086,-0.1539,-0.5107,4.5075,-0.1545,0.8208,4.6750,-0.1381,0.8000,0,1,3.9285,0.1451,0.8256,-0.2704,0.1455,-0.5059,3.9285,0.1451,0.8256,4.1165,0.1370,0.8000,0,1,3.9879,-0.1449,0.8217,-0.2110,-0.1444,-0.5098,3.9879,-0.1449,0.8217,4.0494,-0.1380,0.8000,1,1
4.2030,-0.0007,1.3318,0.0215,0.0005,4.5655,0.1531,0.8168,0.3626,0.1536,-0.5150,4.5655,0.1531,0.8168,4.6103,0.1370,0.8000,1,1,4.5195,-0.1567,0.8288,0.3164,-0.1562,-0.5030,4.5195,-0.1567,0.8288,4.6794,-0.1380,0.8000,0,1,3.9386,0.1470,0.8329,-0.2643,0.1478,-0.4989,3.9386,0.1470,0.8329,4.1207,0.1368,0.8000,0,1,3.9877,-0.1449,0.8219,-0.2154,-0.1441,-0.5099,3.9877,-0.1449,0.8219,4.0518,-0.1382,0.8000,1,1
4.2072,-0.0008,1.3321,0.0205,0.0011,4.5654,0.1531,0.8167,0.3584,0.1535,-0.5154,4.5654,0.1531,0.8167,4.6124,0.1371,0.8000,1,1,4.5319,-0.1591,0.8396,0.3245,-0.1587,-0.4925,4.5319,-0.1591,0.8396,4.6837,-0.1379,0.8000,0,1,3.9492,0.1487,0.8418,-0.2578,0.1498,-0.4903,3.9492,0.1487,0.8418,4.1248,0.1365,0.8000,0,1,3.9876,-0.1449,0.8219,-0.2198,-0.1439,-0.5102,3.9876,-0.1449,0.8219,4.0541,-0.1385,0.8000,1,1
4.2114,-0.0009,1.3325,0.0189,0.0016,4.5653,0.1532,0.8167,0.3541,0.1535,-0.5158,4.5653,0.1532,0.8167,4.6145,0.1372,0.8000,1,1,4.5436,-0.1614,0.8522,0.3319,-0.1610,-0.4803,4.5436,-0.1614,0.8522,4.6880,-0.1378,0.8000,0,1,3.9604,0.1507,0.8513,-0.2508,0.1520,-0.4812,3.9604,0.1507,0.8513,4.1289,0.1363,0.8000,0,1,3.9875,-0.1449,0.8219,-0.2241,-0.1436,-0.5106,3.9875,-0.1449,0.8219,4.0564,-0.1387,0.8000,1,1
4.2154,-0.0010,1.3329,0.0171,0.0021,4.5652,0.1533,0.8166,0.3501,0.1536,-0.5163,4.5652,0.1533,0.8166,4.6165,0.1373,0.8000,1,1,4.5542,-0.1632,0.8652,0.3385,-0.1629,-0.4677,4.5542,-0.1632,0.8652,4.6921,-0.1377,0.8000,0,1,3.9710,0.1525,0.8620,-0.2441,0.1540,-0.4709,3.9710,0.1525,0.8620,4.1329,0.1361,0.8000,0,1,3.9874,-0.1448,0.8219,-0.2283,-0.1433,-0.5110,3.9874,-0.1448,0.8219,4.0585,-0.1389,0.8000,1,1
4.2194,-0.0011,1.3332,0.0152,0.0025,4.5651,0.1533,0.8165,0.3461,0.1535,-0.5167,4.5651,0.1533,0.8165,4.6185,0.1374,0.8000,1,1,4.5637,-0.1645,0.8774,0.3439,-0.1643,-0.4558,4.5637,-0.1645,0.8774,4.6962,-0.1376,0.8000,0,1,3.9810,0.1539,0.8729,-0.2380,0.1556,-0.4603,3.9810,0.1539,0.8729,4.1369,0.1360,0.8000,0,1,3.9873,-0.1448,0.8219,-0.2325,-0.1431,-0.5113,3.9873,-0.1448,0.8219,4.0606,-0.1390,0.8000,1,1
4.2233,-0.0011,1.3335,0.0135,0.0029,4.5651,0.1533,0.8165,0.3422,0.1534,-0.5170,4.5651,0.1533,0.8165,4.6203,0.1375,0.8000,1,1,4.5723,-0.1652,0.8872,0.3485,-0.1651,-0.4463,4.5723,-0.1652,0.8872,4.7001,-0.1375,0.8000,0,1,3.9900,0.1549,0.8823,-0.2328,0.1567,-0.4512,3.9900,0.1549,0.8823,4.1407,0.1359,0.8000,0,1,3.9873,-0.1448,0.8219,-0.2364,-0.1430,-0.5116,3.9873,-0.1448,0.8219,4.0625,-0.1391,0.8000,1,1
4.2272,-0.0010,1.3337,0.0120,0.0031,4.5652,0.1533,0.8165,0.3385,0.1533,-0.5172,4.5652,0.1533,0.8165,4.6221,0.1376,0.8000,1,1,4.5804,-0.1654,0.8932,0.3527,-0.1655,-0.4405,4.5804,-0.1654,0.8932,4.7040,-0.1374,0.8000,0,1,3.9982,0.1553,0.8881,-0.2285,0.1570,-0.4456,3.9982,0.1553,0.8881,4.1445,0.1359,0.8000,0,1,3.9873,-0.1448,0.8219,-0.2403,-0.1431,-0.5118,3.9873,-0.1448,0.8219,4.0644,-0.1391,0.8000,1,1
4.2310,-0.0010,1.3337,0.0109,0.0032,4.5652,0.1532,0.8165,0.3347,0.1531,-0.5172,4.5652,0.1532,0.8165,4.6239,0.1377,0.8000,1,1,4.5883,-0.1652,0.8948,0.3568,-0.1653,-0.4389,4.5883,-0.1652,0.8948,4.7078,-0.1373,0.8000,0,1,4.0057,0.1554,0.8896,-0.2248,0.1571,-0.4441,4.0057,0.1554,0.8896,4.1483,0.1359,0.8000,0,1,3.9874,-0.1448,0.8219,-0.2441,-0.1430,-0.5118,3.9874,-0.1448,0.8219,4.0662,-0.1391,0.8000,1,1
4.2348,-0.0009,1.3335,0.0103,0.0032,4.5652,0.1532,0.8165,0.3309,0.1530,-0.5170,4.5652,0.1532,0.8165,4.6257,0.1378,0.8000,1,1,4.5960,-0.1647,0.8914,0.3607,-0.1650,-0.4421,4.5960,-0.1647,0.8914,4.7116,-0.1372,0.8000,0,1,4.0127,0.1551,0.8862,-0.2216,0.1567,-0.4473,4.0127,0.1551,0.8862,4.1521,0.1360,0.8000,0,1,3.9874,-0.1448,0.8219,-0.2479,-0.1431,-0.5116,3.9874,-0.1448,0.8219,4.0680,-0.1390,0.8000,1,1
4.2385,-0.0008,1.3332,0.0101,0.0031,4.5653,0.1532,0.8165,0.3273,0.1530,-0.5167,4.5653,0.1532,0.8165,4.6275,0.1379,0.8000,1,1,4.6034,-0.1637,0.8836,0.3644,-0.1640,-0.4496,4.6034,-0.1637,0.8836,4.7153,-0.1371,0.8000,0,1,4.0194,0.1545,0.8784,-0.2186,0.1560,-0.4548,4.0194,0.1545,0.8784,4.1559,0.1361,0.8000,0,1,3.9874,-0.1448,0.8218,-0.2515,-0.1432,-0.5114,3.9874,-0.1448,0.8218,4.0697,-0.1389,0.8000,1,1
4.2423,-0.0007,1.3328,0.0105,0.0029,4.5653,0.1532,0.8165,0.3234,0.1530,-0.5163,4.5653,0.1532,0.8165,4.6293,0.1379,0.8000,1,1,4.6101,-0.1624,0.8733,0.3673,-0.1628,-0.4595,4.6101,-0.1624,0.8733,4.7190,-0.1371,0.8000,0,1,4.0266,0.1536,0.8687,-0.2153,0.1549,-0.4641,4.0266,0.1536,0.8687,4.1597,0.1363,0.8000,0,1,3.9875,-0.1448,0.8218,-0.2552,-0.1434,-0.5110,3.9875,-0.1448,0.8218,4.0715,-0.1387,0.8000,1,1
4.2461,-0.0005,1.3323,0.0113,0.0025,4.5653,0.1532,0.8166,0.3196,0.1529,-0.5157,4.5653,0.1532,0.8166,4.6311,0.1379,0.8000,1,1,4.6161,-0.1607,0.8612,0.3696,-0.1611,-0.4711,4.6161,-0.1607,0.8612,4.7228,-0.1371,0.8000,0,1,4.0321,0.1522,0.8585,-0.2136,0.1532,-0.4738,4.0321,0.1522,0.8585,4.1635,0.1365,0.8000,0,1,3.9875,-0.1448,0.8218,-0.2590,-0.1437,-0.5105,3.9875,-0.1448,0.8218,4.0732,-0.1385,0.8000,1,1
4.2499,-0.0004,1.3319,0.0125,0.0021,4.5654,0.1532,0.8167,0.3158,0.1529,-0.5152,4.5654,0.1532,0.8167,4.6330,0.1379,0.8000,1,1,4.6211,-0.1587,0.8484,0.3709,-0.1591,-0.4835,4.6211,-0.1587,0.8484,4.7266,-0.1371,0.8000,0,1,4.0377,0.1505,0.8476,-0.2119,0.1513,-0.4843,4.0377,0.1505,0.8476,4.1674,0.1367,0.8000,0,1,3.9876,-0.1449,0.8218,-0.2626,-0.1439,-0.5101,3.9876,-0.1449,0.8218,4.0750,-0.1383,0.8000,1,1
4.2538,-0.0002,1.3314,0.0140,0.0016,4.5655,0.1532,0.8167,0.3119,0.1529,-0.5147,4.5655,0.1532,0.8167,4.6350,0.1379,0.8000,1,1,4.6256,-0.1567,0.8363,0.3715,-0.1571,-0.4951,4.6256,-0.1567,0.8363,4.7305,-0.1371,0.8000,0,1,4.0428,0.1485,0.8386,-0.2108,0.1490,-0.4928,4.0428,0.1485,0.8386,4.1714,0.1370,0.8000,0,1,3.9877,-0.1449,0.8218,-0.2663,-0.1443,-0.5096,3.9877,-0.1449,0.8218,4.0768,-0.1380,0.8000,1,1
4.2579,-0.0000,1.3311,0.0158,0.0010,4.5656,0.1532,0.8168,0.3079,0.1529,-0.5143,4.5656,0.1532,0.8168,4.6371,0.1378,0.8000,1,1,4.6295,-0.1548,0.8257,0.3714,-0.1552,-0.5054,4.6295,-0.1548,0.8257,4.7344,-0.1372,0.8000,0,1,4.0489,0.1462,0.8296,-0.2089,0.1464,-0.5015,4.0489,0.1462,0.8296,4.1755,0.1373,0.8000,0,1,3.9878,-0.1449,0.8218,-0.2702,-0.1446,-0.5093,3.9878,-0.1449,0.8218,4.0788,-0.1377,0.8000,1,1
4.2621,0.0001,1.3310,0.0180,0.0003,4.5656,0.1532,0.8168,0.3035,0.1530,-0.5142,4.5656,0.1532,0.8168,4.6394,0.1378,0.8000,1,1,4.6332,-0.1531,0.8177,0.3711,-0.1533,-0.5133,4.6332,-0.1531,0.8177,4.7385,-0.1372,0.8000,0,1,4.0549,0.1438,0.8221,-0.2072,0.1438,-0.5089,4.0549,0.1438,0.8221,4.1798,0.1376,0.8000,0,1,3.9878,-0.1449,0.8219,-0.2743,-0.1449,-0.5091,3.9878,-0.1449,0.8219,4.0809,-0.1374,0.8000,1,1
4.2668,0.0003,1.3311,0.0202,-0.0004,4.5728,0.1543,0.8189,0.3059,0.1541,-0.5122,4.5728,0.1543,0.8189,4.7429,0.1377,0.8000,0,1,4.6350,-0.1526,0.8148,0.3683,-0.1528,-0.5163,4.6350,-0.1526,0.8148,4.6768,-0.1373,0.8000,1,1,4.0589,0.1424,0.8193,-0.2080,0.1420,-0.5118,4.0589,0.1424,0.8193,4.1183,0.1379,0.8000,1,1,3.9936,-0.1456,0.8239,-0.2731,-0.1460,-0.5072,3.9936,-0.1456,0.8239,4.1842,-0.1371,0.8000,0,1
4.2708,0.0005,1.3312,0.0209,-0.0011,4.5844,0.1562,0.8249,0.3134,0.1560,-0.5063,4.5844,0.1562,0.8249,4.7473,0.1376,0.8000,0,1,4.6349,-0.1527,0.8148,0.3643,-0.1528,-0.5164,4.6349,-0.1527,0.8148,4.6790,-0.1374,0.8000,1,1,4.0589,0.1423,0.8194,-0.2121,0.1416,-0.5118,4.0589,0.1423,0.8194,4.1207,0.1382,0.8000,1,1,4.0033,-0.1474,0.8297,-0.2673,-0.1482,-0.5015,4.0033,-0.1474,0.8297,4.1884,-0.1368,0.8000,0,1
4.2751,0.0006,1.3315,0.0205,-0.0017,4.5967,0.1583,0.8340,0.3213,0.1582,-0.4975,4.5967,0.1583,0.8340,4.7517,0.1375,0.8000,0,1,4.6347,-0.1526,0.8147,0.3599,-0.1526,-0.5168,4.6347,-0.1526,0.8147,4.6812,-0.1375,0.8000,1,1,4.0587,0.1424,0.8194,-0.2166,0.1414,-0.5121,4.0587,0.1424,0.8194,4.1231,0.1384,0.8000,1,1,4.0139,-0.1495,0.8381,-0.2609,-0.1505,-0.4934,4.0139,-0.1495,0.8381,4.1926,-0.1366,0.8000,0,1
4.2793,0.0007,1.3318,0.0192,-0.0022,4.6087,0.1605,0.8457,0.3290,0.1605,-0.4861,4.6087,0.1605,0.8457,4.7560,0.1374,0.8000,0,1,4.6347,-0.1526,0.8146,0.3557,-0.1525,-0.5172,4.6347,-0.1526,0.8146,4.6833,-0.1376,0.8000,1,1,4.0586,0.1424,0.8195,-0.2210,0.1412,-0.5123,4.0586,0.1424,0.8195,4.1254,0.1386,0.8000,1,1,4.0250,-0.1514,0.8468,-0.2540,-0.1527,-0.4850,4.0250,-0.1514,0.8468,4.1967,-0.1364,0.8000,0,1
4.2834,0.0008,1.3322,0.0174,-0.0027,4.6198,0.1625,0.8586,0.3360,0.1626,-0.4736,4.6198,0.1625,0.8586,4.7601,0.1373,0.8000,0,1,4.6346,-0.1526,0.8146,0.3516,-0.1525,-0.5176,4.6346,-0.1526,0.8146,4.6854,-0.1377,0.8000,1,1,4.0585,0.1424,0.8195,-0.2253,0.1410,-0.5127,4.0585,0.1424,0.8195,4.1275,0.1388,0.8000,1,1,4.0358,-0.1532,0.8581,-0.2472,-0.1547,-0.4741,4.0358,-0.1532,0.8581,4.2008,-0.1362,0.8000,0,1
4.2874,0.0009,1.3325,0.0155,-0.0031,4.6298,0.1641,0.8714,0.3419,0.1643,-0.4611,4.6298,0.1641,0.8714,4.7642,0.1372,0.8000,0,1,4.6345,-0.1526,0.8145,0.3476,-0.1524,-0.5180,4.6345,-0.1526,0.8145,4.6874,-0.1378,0.8000,1,1,4.0585,0.1424,0.8195,-0.2293,0.1408,-0.5130,4.0585,0.1424,0.8195,4.1296,0.1390,0.8000,1,1,4.0462,-0.1547,0.8681,-0.2407,-0.1563,-0.4644,4.0462,-0.1547,0.8681,4.2048,-0.1360,0.8000,0,1
4.2914,0.0009,1.3328,0.0136,-0.0035,4.6388,0.1651,0.8824,0.3468,0.1654,-0.4504,4.6388,0.1651,0.8824,4.7682,0.1371,0.8000,0,1,4.6345,-0.1527,0.8145,0.3436,-0.1524,-0.5183,4.6345,-0.1527,0.8145,4.6893,-0.1379,0.8000,1,1,4.0585,0.1423,0.8194,-0.2334,0.1406,-0.5134,4.0585,0.1423,0.8194,4.1316,0.1391,0.8000,1,1,4.0552,-0.1557,0.8773,-0.2357,-0.1574,-0.4555,4.0552,-0.1557,0.8773,4.2087,-0.1359,0.8000,0,1
4.2952,0.0009,1.3330,0.0119,-0.0038,4.6471,0.1656,0.8906,0.3513,0.1660,-0.4424,4.6471,0.1656,0.8906,4.7721,0.1370,0.8000,0,1,4.6345,-0.1527,0.8145,0.3399,-0.1523,-0.5185,4.6345,-0.1527,0.8145,4.6911,-0.1380,0.8000,1,1,4.0585,0.1423,0.8194,-0.2372,0.1405,-0.5136,4.0585,0.1423,0.8194,4.1335,0.1391,0.8000,1,1,4.0641,-0.1564,0.8843,-0.2305,-0.1582,-0.4487,4.0641,-0.1564,0.8843,4.2125,-0.1359,0.8000,0,1
4.2991,0.0009,1.3330,0.0106,-0.0040,4.6550,0.1657,0.8946,0.3552,0.1662,-0.4384,4.6550,0.1657,0.8946,4.7760,0.1369,0.8000,0,1,4.6345,-0.1527,0.8145,0.3360,-0.1523,-0.5185,4.6345,-0.1527,0.8145,4.6929,-0.1381,0.8000,1,1,4.0585,0.1423,0.8194,-0.2412,0.1404,-0.5136,4.0585,0.1423,0.8194,4.1354,0.1391,0.8000,1,1,4.0719,-0.1567,0.8881,-0.2266,-0.1585,-0.4449,4.0719,-0.1567,0.8881,4.2163,-0.1359,0.8000,0,1
4.3028,0.0008,1.3329,0.0097,-0.0041,4.6628,0.1653,0.8934,0.3593,0.1660,-0.4395,4.6628,0.1653,0.8934,4.7798,0.1368,0.8000,0,1,4.6345,-0.1527,0.8145,0.3323,-0.1521,-0.5184,4.6345,-0.1527,0.8145,4.6947,-0.1382,0.8000,1,1,4.0585,0.1423,0.8194,-0.2449,0.1405,-0.5135,4.0585,0.1423,0.8194,4.1372,0.1390,0.8000,1,1,4.0792,-0.1567,0.8869,-0.2230,-0.1584,-0.4460,4.0792,-0.1567,0.8869,4.2201,-0.1360,0.8000,0,1
4.3066,0.0007,1.3326,0.0093,-0.0040,4.6704,0.1645,0.8877,0.3631,0.1653,-0.4449,4.6704,0.1645,0.8877,4.7835,0.1367,0.8000,0,1,4.6346,-0.1527,0.8145,0.3286,-0.1521,-0.5181,4.6346,-0.1527,0.8145,4.6964,-0.1383,0.8000,1,1,4.0585,0.1423,0.8194,-0.2487,0.1406,-0.5132,4.0585,0.1423,0.8194,4.1389,0.1389,0.8000,1,1,4.0860,-0.1563,0.8812,-0.2200,-0.1579,-0.4514,4.0860,-0.1563,0.8812,4.2238,-0.1361,0.8000,0,1
4.3104,0.0005,1.3322,0.0094,-0.0039,4.6774,0.1632,0.8786,0.3664,0.1641,-0.4536,4.6774,0.1632,0.8786,4.7873,0.1366,0.8000,0,1,4.6346,-0.1527,0.8145,0.3248,-0.1519,-0.5177,4.6346,-0.1527,0.8145,4.6982,-0.1384,0.8000,1,1,4.0586,0.1423,0.8194,-0.2524,0.1408,-0.5128,4.0586,0.1423,0.8194,4.1407,0.1388,0.8000,1,1,4.0929,-0.1557,0.8720,-0.2169,-0.1570,-0.4602,4.0929,-0.1557,0.8720,4.2276,-0.1362,0.8000,0,1
4.3141,0.0004,1.3317,0.0100,-0.0037,4.6836,0.1616,0.8672,0.3689,0.1626,-0.4645,4.6836,0.1616,0.8672,4.7910,0.1365,0.8000,0,1,4.6347,-0.1527,0.8146,0.3212,-0.1519,-0.5171,4.6347,-0.1527,0.8146,4.7000,-0.1385,0.8000,1,1,4.0586,0.1423,0.8194,-0.2560,0.1410,-0.5123,4.0586,0.1423,0.8194,4.1424,0.1386,0.8000,1,1,4.0993,-0.1548,0.8624,-0.2142,-0.1560,-0.4693,4.0993,-0.1548,0.8624,4.2314,-0.1364,0.8000,0,1
4.3180,0.0002,1.3312,0.0111,-0.0034,4.6891,0.1596,0.8546,0.3706,0.1607,-0.4766,4.6891,0.1596,0.8546,4.7948,0.1364,0.8000,0,1,4.6347,-0.1526,0.8146,0.3172,-0.1517,-0.5166,4.6347,-0.1526,0.8146,4.7019,-0.1386,0.8000,1,1,4.0587,0.1423,0.8194,-0.2598,0.1412,-0.5118,4.0587,0.1423,0.8194,4.1442,0.1383,0.8000,1,1,4.1043,-0.1534,0.8523,-0.2132,-0.1543,-0.4789,4.1043,-0.1534,0.8523,4.2353,-0.1367,0.8000,0,1
4.3219,0.0000,1.3307,0.0126,-0.0030,4.6937,0.1574,0.8421,0.3713,0.1585,-0.4886,4.6937,0.1574,0.8421,4.7987,0.1364,0.8000,0,1,4.6348,-0.1526,0.8146,0.3134,-0.1517,-0.5161,4.6348,-0.1526,0.8146,4.7038,-0.1386,0.8000,1,1,4.0587,0.1424,0.8194,-0.2636,0.1416,-0.5113,4.0587,0.1424,0.8194,4.1461,0.1381,0.8000,1,1,4.1099,-0.1518,0.8430,-0.2115,-0.1524,-0.4877,4.1099,-0.1518,0.8430,4.2392,-0.1369,0.8000,0,1
4.3259,-0.0002,1.3303,0.0144,-0.0025,4.6977,0.1553,0.8306,0.3714,0.1564,-0.4997,4.6977,0.1553,0.8306,4.8026,0.1364,0.8000,0,1,4.6348,-0.1526,0.8147,0.3093,-0.1516,-0.5156,4.6348,-0.1526,0.8147,4.7059,-0.1386,0.8000,1,1,4.0588,0.1424,0.8194,-0.2675,0.1419,-0.5109,4.0588,0.1424,0.8194,4.1480,0.1378,0.8000,1,1,4.1157,-0.1498,0.8340,-0.2098,-0.1501,-0.4963,4.1157,-0.1498,0.8340,4.2433,-0.1372,0.8000,0,1
4.3300,-0.0004,1.3300,0.0166,-0.0019,4.7011,0.1533,0.8212,0.3708,0.1544,-0.5088,4.7011,0.1533,0.8212,4.8066,0.1364,0.8000,0,1,4.6349,-0.1526,0.8147,0.3052,-0.1516,-0.5153,4.6349,-0.1526,0.8147,4.7081,-0.1386,0.8000,1,1,4.0588,0.1424,0.8194,-0.2715,0.1423,-0.5106,4.0588,0.1424,0.8194,4.1500,0.1375,0.8000,1,1,4.1215,-0.1476,0.8264,-0.2082,-0.1476,-0.5036,4.1215,-0.1476,0.8264,4.2475,-0.1375,0.8000,0,1
4.3343,-0.0006,1.3299,0.0192,-0.0012,4.7045,0.1520,0.8146,0.3700,0.1530,-0.5153,4.7045,0.1520,0.8146,4.7458,0.1365,0.8000,1,1,4.6349,-0.1525,0.8147,0.3008,-0.1515,-0.5152,4.6349,-0.1525,0.8147,4.8105,-0.1385,0.8000,0,1,4.0588,0.1424,0.8194,-0.2757,0.1427,-0.5105,4.0588,0.1424,0.8194,4.2522,0.1371,0.8000,0,1,4.1288,-0.1451,0.8205,-0.2053,-0.1447,-0.5094,4.1288,-0.1451,0.8205,4.1869,-0.1379,0.8000,1,1
4.3388,-0.0008,1.3300,0.0210,-0.0005,4.7045,0.1520,0.8147,0.3656,0.1530,-0.5153,4.7045,0.1520,0.8147,4.7481,0.1365,0.8000,1,1,4.6466,-0.1540,0.8193,0.3079,-0.1530,-0.5107,4.6466,-0.1540,0.8193,4.8150,-0.1385,0.8000,0,1,4.0686,0.1439,0.8239,-0.2703,0.1446,-0.5061,4.0686,0.1439,0.8239,4.2565,0.1368,0.8000,0,1,4.1288,-0.1451,0.8207,-0.2099,-0.1444,-0.5093,4.1288,-0.1451,0.8207,4.1894,-0.1382,0.8000,1,1
4.3430,-0.0010,1.3301,0.0213,0.0001,4.7044,0.1520,0.8147,0.3614,0.1530,-0.5154,4.7044,0.1520,0.8147,4.7503,0.1366,0.8000,1,1,4.6584,-0.1560,0.8270,0.3154,-0.1550,-0.5031,4.6584,-0.1560,0.8270,4.8194,-0.1384,0.8000,0,1,4.0785,0.1457,0.8308,-0.2645,0.1467,-0.4993,4.0785,0.1457,0.8308,4.2607,0.1365,0.8000,0,1,4.1286,-0.1451,0.8207,-0.2144,-0.1441,-0.5094,4.1286,-0.1451,0.8207,4.1918,-0.1385,0.8000,1,1
4.3472,-0.0011,1.3304,0.0204,0.0007,4.7043,0.1520,0.8146,0.3572,0.1528,-0.5158,4.7043,0.1520,0.8146,4.7525,0.1367,0.8000,1,1,4.6708,-0.1584,0.8372,0.3235,-0.1575,-0.4932,4.6708,-0.1584,0.8372,4.8237,-0.1383,0.8000,0,1,4.0893,0.1476,0.8395,-0.2578,0.1489,-0.4909,4.0893,0.1476,0.8395,4.2649,0.1363,0.8000,0,1,4.1285,-0.1451,0.8208,-0.2188,-0.1438,-0.5096,4.1285,-0.1451,0.8208,4.1941,-0.1387,0.8000,1,1
4.3514,-0.0012,1.3307,0.0187,0.0013,4.7042,0.1520,0.8145,0.3530,0.1527,-0.5162,4.7042,0.1520,0.8145,4.7546,0.1367,0.8000,1,1,4.6827,-0.1607,0.8497,0.3311,-0.1599,-0.4810,4.6827,-0.1607,0.8497,4.8280,-0.1383,0.8000,0,1,4.0996,0.1493,0.8485,-0.2516,0.1508,-0.4822,4.0996,0.1493,0.8485,4.2690,0.1360,0.8000,0,1,4.1285,-0.1451,0.8208,-0.2231,-0.1436,-0.5099,4.1285,-0.1451,0.8208,4.1964,-0.1390,0.8000,1,1
4.3555,-0.0013,1.3311,0.0166,0.0017,4.7042,0.1520,0.8145,0.3490,0.1527,-0.5166,4.7042,0.1520,0.8145,4.7566,0.1368,0.8000,1,1,4.6934,-0.1626,0.8628,0.3376,-0.1619,-0.4683,4.6934,-0.1626,0.8628,4.8321,-0.1382,0.8000,0,1,4.1104,0.1508,0.8574,-0.2448,0.1525,-0.4737,4.1104,0.1508,0.8574,4.2730,0.1359,0.8000,0,1,4.1284,-0.1451,0.8208,-0.2273,-0.1434,-0.5103,4.1284,-0.1451,0.8208,4.1985,-0.1391,0.8000,1,1
4.3595,-0.0014,1.3314,0.0145,0.0021,4.7041,0.1521,0.8145,0.3449,0.1528,-0.5169,4.7041,0.1521,0.8145,4.7586,0.1369,0.8000,1,1,4.7031,-0.1641,0.8748,0.3433,-0.1634,-0.4566,4.7031,-0.1641,0.8748,4.8362,-0.1381,0.8000,0,1,4.1206,0.1519,0.8664,-0.2386,0.1538,-0.4650,4.1206,0.1519,0.8664,4.2770,0.1357,0.8000,0,1,4.1284,-0.1450,0.8208,-0.2314,-0.1431,-0.5106,4.1284,-0.1450,0.8208,4.2006,-0.1393,0.8000,1,1
4.3635,-0.0014,1.3317,0.0127,0.0025,4.7041,0.1521,0.8144,0.3410,0.1526,-0.5173,4.7041,0.1521,0.8144,4.7605,0.1370,0.8000,1,1,4.7118,-0.1649,0.8846,0.3479,-0.1644,-0.4471,4.7118,-0.1649,0.8846,4.8402,-0.1380,0.8000,0,1,4.1299,0.1528,0.8742,-0.2332,0.1548,-0.4575,4.1299,0.1528,0.8742,4.2809,0.1357,0.8000,0,1,4.1283,-0.1450,0.8207,-0.2356,-0.1430,-0.5110,4.1283,-0.1450,0.8207,4.2026,-0.1393,0.8000,1,1
4.3673,-0.0014,1.3318,0.0112,0.0027,4.7041,0.1521,0.8144,0.3372,0.1526,-0.5174,4.7041,0.1521,0.8144,4.7623,0.1371,0.8000,1,1,4.7200,-0.1652,0.8908,0.3523,-0.1648,-0.4410,4.7200,-0.1652,0.8908,4.8441,-0.1379,0.8000,0,1,4.1381,0.1533,0.8802,-0.2288,0.1553,-0.4516,4.1381,0.1533,0.8802,4.2847,0.1356,0.8000,0,1,4.1284,-0.1450,0.8207,-0.2393,-0.1430,-0.5111,4.1284,-0.1450,0.8207,4.2045,-0.1394,0.8000,1,1
4.3711,-0.0013,1.3318,0.0101,0.0028,4.7041,0.1521,0.8144,0.3334,0.1525,-0.5174,4.7041,0.1521,0.8144,4.7641,0.1373,0.8000,1,1,4.7281,-0.1650,0.8923,0.3565,-0.1647,-0.4395,4.7281,-0.1650,0.8923,4.8479,-0.1377,0.8000,0,1,4.1455,0.1535,0.8816,-0.2252,0.1554,-0.4502,4.1455,0.1535,0.8816,4.2885,0.1357,0.8000,0,1,4.1284,-0.1450,0.8207,-0.2431,-0.1430,-0.5111,4.1284,-0.1450,0.8207,4.2063,-0.1393,0.8000,1,1
4.3749,-0.0012,1.3317,0.0095,0.0029,4.7042,0.1521,0.8144,0.3297,0.1523,-0.5173,4.7042,0.1521,0.8144,4.7659,0.1374,0.8000,1,1,4.7359,-0.1644,0.8887,0.3605,-0.1642,-0.4430,4.7359,-0.1644,0.8887,4.8517,-0.1376,0.8000,0,1,4.1526,0.1533,0.8780,-0.2219,0.1551,-0.4537,4.1526,0.1533,0.8780,4.2923,0.1358,0.8000,0,1,4.1284,-0.1450,0.8207,-0.2469,-0.1431,-0.5110,4.1284,-0.1450,0.8207,4.2081,-0.1392,0.8000,1,1
4.3787,-0.0011,1.3314,0.0094,0.0028,4.7042,0.1521,0.8145,0.3259,0.1523,-0.5169,4.7042,0.1521,0.8145,4.7677,0.1375,0.8000,1,1,4.7434,-0.1633,0.8811,0.3642,-0.1632,-0.4503,4.7434,-0.1633,0.8811,4.8555,-0.1375,0.8000,0,1,4.1600,0.1529,0.8709,-0.2183,0.1546,-0.4605,4.1600,0.1529,0.8709,4.2961,0.1359,0.8000,0,1,4.1284,-0.1450,0.8207,-0.2507,-0.1432,-0.5107,4.1284,-0.1450,0.8207,4.2099,-0.1391,0.8000,1,1
4.3825,-0.0009,1.3311,0.0100,0.0027,4.7042,0.1521,0.8145,0.3221,0.1521,-0.5166,4.7042,0.1521,0.8145,4.7695,0.1376,0.8000,1,1,4.7496,-0.1619,0.8708,0.3667,-0.1620,-0.4603,4.7496,-0.1619,0.8708,4.8592,-0.1374,0.8000,0,1,4.1655,0.1522,0.8617,-0.2166,0.1537,-0.4694,4.1655,0.1522,0.8617,4.2999,0.1361,0.8000,0,1,4.1285,-0.1450,0.8207,-0.2544,-0.1434,-0.5104,4.1285,-0.1450,0.8207,4.2116,-0.1389,0.8000,1,1
4.3863,-0.0007,1.3307,0.0110,0.0025,4.7043,0.1521,0.8145,0.3184,0.1520,-0.5162,4.7043,0.1521,0.8145,4.7713,0.1377,0.8000,1,1,4.7561,-0.1599,0.8588,0.3694,-0.1601,-0.4719,4.7561,-0.1599,0.8588,4.8630,-0.1373,0.8000,0,1,4.1716,0.1511,0.8522,-0.2143,0.1523,-0.4785,4.1716,0.1511,0.8522,4.3037,0.1363,0.8000,0,1,4.1285,-0.1450,0.8207,-0.2582,-0.1437,-0.5100,4.1285,-0.1450,0.8207,4.2134,-0.1387,0.8000,1,1
4.3901,-0.0005,1.3303,0.0124,0.0021,4.7044,0.1521,0.8146,0.3146,0.1519,-0.5157,4.7044,0.1521,0.8146,4.7732,0.1377,0.8000,1,1,4.7609,-0.1577,0.8462,0.3705,-0.1580,-0.4841,4.7609,-0.1577,0.8462,4.8668,-0.1373,0.8000,0,1,4.1766,0.1496,0.8445,-0.2132,0.1505,-0.4858,4.1766,0.1496,0.8445,4.3076,0.1366,0.8000,0,1,4.1286,-0.1450,0.8207,-0.2618,-0.1440,-0.5096,4.1286,-0.1450,0.8207,4.2152,-0.1384,0.8000,1,1
4.3941,-0.0003,1.3300,0.0141,0.0016,4.7045,0.1520,0.8146,0.3106,0.1518,-0.5154,4.7045,0.1520,0.8146,4.7752,0.1378,0.8000,1,1,4.7654,-0.1556,0.8341,0.3711,-0.1559,-0.4959,4.7654,-0.1556,0.8341,4.8707,-0.1372,0.8000,0,1,4.1828,0.1482,0.8368,-0.2111,0.1488,-0.4932,4.1828,0.1482,0.8368,4.3116,0.1369,0.8000,0,1,4.1287,-0.1451,0.8206,-0.2656,-0.1444,-0.5094,4.1287,-0.1451,0.8206,4.2171,-0.1381,0.8000,1,1
4.3981,-0.0001,1.3298,0.0162,0.0011,4.7045,0.1520,0.8147,0.3066,0.1518,-0.5151,4.7045,0.1520,0.8147,4.7773,0.1378,0.8000,1,1,4.7692,-0.1535,0.8235,0.3709,-0.1538,-0.5063,4.7692,-0.1535,0.8235,4.8747,-0.1372,0.8000,0,1,4.1888,0.1462,0.8285,-0.2091,0.1465,-0.5013,4.1888,0.1462,0.8285,4.3157,0.1372,0.8000,0,1,4.1288,-0.1451,0.8207,-0.2695,-0.1447,-0.5091,4.1288,-0.1451,0.8207,4.2191,-0.1378,0.8000,1,1
4.4023,0.0001,1.3297,0.0186,0.0005,4.7046,0.1520,0.8147,0.3024,0.1517,-0.5150,4.7046,0.1520,0.8147,4.7796,0.1378,0.8000,1,1,4.7728,-0.1518,0.8156,0.3704,-0.1521,-0.5141,4.7728,-0.1518,0.8156,4.8788,-0.1372,0.8000,0,1,4.1949,0.1441,0.8219,-0.2073,0.1441,-0.5078,4.1949,0.1441,0.8219,4.3200,0.1375,0.8000,0,1,4.1288,-0.1451,0.8207,-0.2736,-0.1451,-0.5090,4.1288,-0.1451,0.8207,4.2212,-0.1375,0.8000,1,1
4.4071,0.0003,1.3299,0.0211,-0.0002,4.7118,0.1531,0.8170,0.3047,0.1529,-0.5129,4.7118,0.1531,0.8170,4.8831,0.1378,0.8000,0,1,4.7748,-0.1512,0.8127,0.3677,-0.1514,-0.5172,4.7748,-0.1512,0.8127,4.8170,-0.1372,0.8000,1,1,4.1985,0.1429,0.8194,-0.2086,0.1426,-0.5105,4.1985,0.1429,0.8194,4.2585,0.1378,0.8000,1,1,4.1346,-0.1458,0.8227,-0.2725,-0.1462,-0.5072,4.1346,-0.1458,0.8227,4.3244,-0.1372,0.8000,0,1
4.4111,0.0005,1.3301,0.0219,-0.0007,4.7232,0.1551,0.8231,0.3120,0.1548,-0.5070,4.7232,0.1551,0.8231,4.8875,0.1377,0.8000,0,1,4.7747,-0.1512,0.8127,0.3637,-0.1514,-0.5174,4.7747,-0.1512,0.8127,4.8193,-0.1373,0.8000,1,1,4.1983,0.1429,0.8195,-0.2129,0.1423,-0.5106,4.1983,0.1429,0.8195,4.2609,0.1382,0.8000,1,1,4.1438,-0.1470,0.8282,-0.2672,-0.1477,-0.5019,4.1438,-0.1470,0.8282,4.3287,-0.1368,0.8000,0,1
4.4153,0.0007,1.3304,0.0216,-0.0013,4.7356,0.1576,0.8329,0.3201,0.1573,-0.4975,4.7356,0.1576,0.8329,4.8918,0.1377,0.8000,0,1,4.7744,-0.1512,0.8126,0.3593,-0.1514,-0.5178,4.7744,-0.1512,0.8126,4.8215,-0.1373,0.8000,1,1,4.1981,0.1428,0.8196,-0.2174,0.1418,-0.5108,4.1981,0.1428,0.8196,4.2632,0.1384,0.8000,1,1,4.1548,-0.1492,0.8371,-0.2603,-0.1502,-0.4933,4.1548,-0.1492,0.8371,4.3329,-0.1366,0.8000,0,1
4.4195,0.0008,1.3308,0.0201,-0.0018,4.7478,0.1601,0.8449,0.3280,0.1599,-0.4859,4.7478,0.1601,0.8449,4.8961,0.1377,0.8000,0,1,4.7744,-0.1512,0.8126,0.3552,-0.1514,-0.5182,4.7744,-0.1512,0.8126,4.8236,-0.1373,0.8000,1,1,4.1981,0.1429,0.8196,-0.2217,0.1417,-0.5112,4.1981,0.1429,0.8196,4.2655,0.1387,0.8000,1,1,4.1655,-0.1509,0.8461,-0.2537,-0.1522,-0.4847,4.1655,-0.1509,0.8461,4.3370,-0.1363,0.8000,0,1
4.4236,0.0010,1.3312,0.0185,-0.0022,4.7588,0.1622,0.8580,0.3348,0.1619,-0.4732,4.7588,0.1622,0.8580,4.9003,0.1376,0.8000,0,1,4.7742,-0.1513,0.8124,0.3509,-0.1515,-0.5188,4.7742,-0.1513,0.8124,4.8257,-0.1374,0.8000,1,1,4.1978,0.1428,0.8196,-0.2261,0.1413,-0.5116,4.1978,0.1428,0.8196,4.2677,0.1389,0.8000,1,1,4.1759,-0.1526,0.8575,-0.2474,-0.1541,-0.4737,4.1759,-0.1526,0.8575,4.3411,-0.1361,0.8000,0,1
4.4276,0.0011,1.3316,0.0165,-0.0026,4.7690,0.1639,0.8708,0.3410,0.1637,-0.4608,4.7690,0.1639,0.8708,4.9044,0.1376,0.8000,0,1,4.7742,-0.1513,0.8124,0.3470,-0.1515,-0.5192,4.7742,-0.1513,0.8124,4.8276,-0.1374,0.8000,1,1,4.1978,0.1428,0.8196,-0.2302,0.1411,-0.5120,4.1978,0.1428,0.8196,4.2698,0.1390,0.8000,1,1,4.1867,-0.1540,0.8679,-0.2405,-0.1557,-0.4637,4.1867,-0.1540,0.8679,4.3450,-0.1360,0.8000,0,1
4.4316,0.0011,1.3319,0.0146,-0.0029,4.7781,0.1651,0.8818,0.3460,0.1650,-0.4501,4.7781,0.1651,0.8818,4.9084,0.1375,0.8000,0,1,4.7742,-0.1513,0.8124,0.3430,-0.1514,-0.5195,4.7742,-0.1513,0.8124,4.8296,-0.1375,0.8000,1,1,4.1978,0.1428,0.8196,-0.2342,0.1410,-0.5123,4.1978,0.1428,0.8196,4.2718,0.1392,0.8000,1,1,4.1959,-0.1551,0.8772,-0.2352,-0.1569,-0.4547,4.1959,-0.1551,0.8772,4.3490,-0.1358,0.8000,0,1
4.4355,0.0011,1.3321,0.0129,-0.0032,4.7865,0.1657,0.8900,0.3505,0.1657,-0.4421,4.7865,0.1657,0.8900,4.9123,0.1374,0.8000,0,1,4.7742,-0.1513,0.8124,0.3392,-0.1513,-0.5197,4.7742,-0.1513,0.8124,4.8314,-0.1376,0.8000,1,1,4.1978,0.1428,0.8196,-0.2382,0.1409,-0.5125,4.1978,0.1428,0.8196,4.2737,0.1392,0.8000,1,1,4.2047,-0.1559,0.8847,-0.2303,-0.1577,-0.4474,4.2047,-0.1559,0.8847,4.3528,-0.1358,0.8000,0,1
4.4393,0.0011,1.3322,0.0117,-0.0034,4.7944,0.1658,0.8940,0.3545,0.1659,-0.4382,4.7944,0.1658,0.8940,4.9161,0.1373,0.8000,0,1,4.7742,-0.1513,0.8124,0.3354,-0.1513,-0.5198,4.7742,-0.1513,0.8124,4.8332,-0.1377,0.8000,1,1,4.1979,0.1428,0.8196,-0.2419,0.1409,-0.5126,4.1979,0.1428,0.8196,4.2755,0.1392,0.8000,1,1,4.2125,-0.1562,0.8885,-0.2263,-0.1581,-0.4437,4.2125,-0.1562,0.8885,4.3566,-0.1358,0.8000,0,1
4.4431,0.0011,1.3321,0.0108,-0.0035,4.8023,0.1654,0.8928,0.3586,0.1656,-0.4393,4.8023,0.1654,0.8928,4.9199,0.1373,0.8000,0,1,4.7742,-0.1513,0.8124,0.3316,-0.1512,-0.5197,4.7742,-0.1513,0.8124,4.8350,-0.1377,0.8000,1,1,4.1979,0.1428,0.8196,-0.2457,0.1408,-0.5125,4.1979,0.1428,0.8196,4.2773,0.1392,0.8000,1,1,4.2198,-0.1562,0.8874,-0.2227,-0.1581,-0.4447,4.2198,-0.1562,0.8874,4.3604,-0.1358,0.8000,0,1
4.4468,0.0010,1.3319,0.0105,-0.0034,4.8099,0.1647,0.8871,0.3625,0.1649,-0.4448,4.8099,0.1647,0.8871,4.9237,0.1372,0.8000,0,1,4.7742,-0.1512,0.8124,0.3279,-0.1511,-0.5195,4.7742,-0.1512,0.8124,4.8367,-0.1378,0.8000,1,1,4.1979,0.1428,0.8196,-0.2494,0.1410,-0.5123,4.1979,0.1428,0.8196,4.2791,0.1391,0.8000,1,1,4.2270,-0.1558,0.8816,-0.2193,-0.1575,-0.4503,4.2270,-0.1558,0.8816,4.3641,-0.1359,0.8000,0,1
4.4506,0.0009,1.3315,0.0106,-0.0033,4.8169,0.1636,0.8781,0.3658,0.1639,-0.4534,4.8169,0.1636,0.8781,4.9274,0.1371,0.8000,0,1,4.7743,-0.1512,0.8124,0.3242,-0.1510,-0.5191,4.7743,-0.1512,0.8124,4.8385,-0.1379,0.8000,1,1,4.1979,0.1428,0.8195,-0.2532,0.1411,-0.5120,4.1979,0.1428,0.8195,4.2808,0.1390,0.8000,1,1,4.2335,-0.1551,0.8727,-0.2166,-0.1567,-0.4588,4.2335,-0.1551,0.8727,4.3679,-0.1360,0.8000,0,1
4.4544,0.0007,1.3311,0.0112,-0.0031,4.8232,0.1620,0.8667,0.3683,0.1624,-0.4644,4.8232,0.1620,0.8667,4.9312,0.1371,0.8000,0,1,4.7743,-0.1512,0.8124,0.3204,-0.1509,-0.5187,4.7743,-0.1512,0.8124,4.8403,-0.1379,0.8000,1,1,4.1980,0.1428,0.8195,-0.2568,0.1413,-0.5116,4.1980,0.1428,0.8195,4.2826,0.1388,0.8000,1,1,4.2399,-0.1540,0.8618,-0.2140,-0.1554,-0.4693,4.2399,-0.1540,0.8618,4.3717,-0.1362,0.8000,0,1
4.4582,0.0006,1.3307,0.0123,-0.0027,4.8288,0.1600,0.8542,0.3702,0.1604,-0.4765,4.8288,0.1600,0.8542,4.9349,0.1370,0.8000,0,1,4.7744,-0.1512,0.8125,0.3166,-0.1509,-0.5182,4.7744,-0.1512,0.8125,4.8422,-0.1380,0.8000,1,1,4.1980,0.1428,0.8195,-0.2606,0.1415,-0.5112,4.1980,0.1428,0.8195,4.2843,0.1386,0.8000,1,1,4.2455,-0.1525,0.8516,-0.2123,-0.1537,-0.4791,4.2455,-0.1525,0.8516,4.3756,-0.1364,0.8000,0,1
4.4621,0.0004,1.3303,0.0138,-0.0022,4.8335,0.1579,0.8416,0.3711,0.1583,-0.4887,4.8335,0.1579,0.8416,4.9388,0.1370,0.8000,0,1,4.7744,-0.1512,0.8125,0.3126,-0.1509,-0.5178,4.7744,-0.1512,0.8125,4.8441,-0.1380,0.8000,1,1,4.1981,0.1428,0.8196,-0.2643,0.1418,-0.5107,4.1981,0.1428,0.8196,4.2862,0.1383,0.8000,1,1,4.2505,-0.1507,0.8428,-0.2113,-0.1516,-0.4875,4.2505,-0.1507,0.8428,4.3795,-0.1367,0.8000,0,1
4.4661,0.0002,1.3300,0.0156,-0.0017,4.8376,0.1557,0.8302,0.3712,0.1561,-0.4998,4.8376,0.1557,0.8302,4.9427,0.1371,0.8000,0,1,4.7745,-0.1512,0.8126,0.3087,-0.1509,-0.5174,4.7745,-0.1512,0.8126,4.8462,-0.1379,0.8000,1,1,4.1982,0.1429,0.8195,-0.2681,0.1422,-0.5105,4.1982,0.1429,0.8195,4.2881,0.1380,0.8000,1,1,4.2562,-0.1487,0.8346,-0.2096,-0.1493,-0.4954,4.2562,-0.1487,0.8346,4.3836,-0.1370,0.8000,0,1
4.4702,0.0000,1.3299,0.0176,-0.0010,4.8413,0.1538,0.8208,0.3709,0.1542,-0.5091,4.8413,0.1538,0.8208,4.9467,0.1371,0.8000,0,1,4.7746,-0.1511,0.8127,0.3046,-0.1508,-0.5172,4.7746,-0.1511,0.8127,4.8484,-0.1379,0.8000,1,1,4.1983,0.1429,0.8195,-0.2720,0.1426,-0.5104,4.1983,0.1429,0.8195,4.2901,0.1377,0.8000,1,1,4.2623,-0.1464,0.8260,-0.2078,-0.1466,-0.5039,4.2623,-0.1464,0.8260,4.3878,-0.1373,0.8000,0,1
4.4745,-0.0001,1.3299,0.0201,-0.0003,4.8448,0.1526,0.8140,0.3703,0.1528,-0.5159,4.8448,0.1526,0.8140,4.8859,0.1372,0.8000,1,1,4.7747,-0.1511,0.8127,0.3002,-0.1509,-0.5172,4.7747,-0.1511,0.8127,4.9508,-0.1378,0.8000,0,1,4.1983,0.1429,0.8197,-0.2762,0.1429,-0.5102,4.1983,0.1429,0.8197,4.3923,0.1374,0.8000,0,1,4.2691,-0.1437,0.8195,-0.2054,-0.1437,-0.5104,4.2691,-0.1437,0.8195,4.3272,-0.1376,0.8000,1,1
4.4790,-0.0003,1.3301,0.0218,0.0005,4.8447,0.1526,0.8142,0.3658,0.1527,-0.5159,4.8447,0.1526,0.8142,4.8881,0.1373,0.8000,1,1,4.7875,-0.1531,0.8176,0.3084,-0.1530,-0.5125,4.7875,-0.1531,0.8176,4.9553,-0.1377,0.8000,0,1,4.2089,0.1449,0.8245,-0.2700,0.1453,-0.5056,4.2089,0.1449,0.8245,4.3965,0.1371,0.8000,0,1,4.2690,-0.1437,0.8198,-0.2101,-0.1433,-0.5103,4.2690,-0.1437,0.8198,4.3297,-0.1379,0.8000,1,1
4.4831,-0.0005,1.3304,0.0219,0.0011,4.8447,0.1526,0.8142,0.3618,0.1527,-0.5162,4.8447,0.1526,0.8142,4.8903,0.1374,0.8000,1,1,4.7998,-0.1553,0.8258,0.3165,-0.1551,-0.5046,4.7998,-0.1553,0.8258,4.9596,-0.1376,0.8000,0,1,4.2196,0.1471,0.8326,-0.2633,0.1479,-0.4978,4.2196,0.1471,0.8326,4.4007,0.1368,0.8000,0,1,4.2689,-0.1437,0.8198,-0.2144,-0.1430,-0.5106,4.2689,-0.1437,0.8198,4.3320,-0.1382,0.8000,1,1
4.4874,-0.0006,1.3308,0.0210,0.0017,4.8445,0.1526,0.8141,0.3574,0.1526,-0.5167,4.8445,0.1526,0.8141,4.8925,0.1375,0.8000,1,1,4.8122,-0.1576,0.8369,0.3245,-0.1576,-0.4939,4.8122,-0.1576,0.8369,4.9640,-0.1375,0.8000,0,1,4.2304,0.1492,0.8424,-0.2567,0.1502,-0.4884,4.2304,0.1492,0.8424,4.4049,0.1366,0.8000,0,1,4.2688,-0.1437,0.8199,-0.2188,-0.1427,-0.5109,4.2688,-0.1437,0.8199,4.3344,-0.1384,0.8000,1,1
4.4915,-0.0007,1.3313,0.0196,0.0023,4.8444,0.1526,0.8140,0.3533,0.1525,-0.5173,4.8444,0.1526,0.8140,4.8946,0.1376,0.8000,1,1,4.8237,-0.1598,0.8497,0.3318,-0.1599,-0.4816,4.8237,-0.1598,0.8497,4.9682,-0.1374,0.8000,0,1,4.2413,0.1515,0.8528,-0.2498,0.1528,-0.4785,4.2413,0.1515,0.8528,4.4090,0.1364,0.8000,0,1,4.2686,-0.1437,0.8199,-0.2232,-0.1425,-0.5114,4.2686,-0.1437,0.8199,4.3366,-0.1386,0.8000,1,1
4.4955,-0.0008,1.3318,0.0179,0.0028,4.8443,0.1526,0.8139,0.3492,0.1524,-0.5179,4.8443,0.1526,0.8139,4.8965,0.1377,0.8000,1,1,4.8341,-0.1614,0.8628,0.3381,-0.1615,-0.4690,4.8341,-0.1614,0.8628,4.9723,-0.1373,0.8000,0,1,4.2519,0.1536,0.8651,-0.2432,0.1551,-0.4667,4.2519,0.1536,0.8651,4.4129,0.1362,0.8000,0,1,4.2685,-0.1436,0.8199,-0.2274,-0.1422,-0.5119,4.2685,-0.1436,0.8199,4.3387,-0.1388,0.8000,1,1
4.4995,-0.0008,1.3322,0.0162,0.0032,4.8443,0.1526,0.8139,0.3453,0.1523,-0.5183,4.8443,0.1526,0.8139,4.8984,0.1379,0.8000,1,1,4.8434,-0.1625,0.8748,0.3434,-0.1628,-0.4574,4.8434,-0.1625,0.8748,4.9763,-0.1371,0.8000,0,1,4.2616,0.1552,0.8761,-0.2374,0.1568,-0.4561,4.2616,0.1552,0.8761,4.4168,0.1361,0.8000,0,1,4.2685,-0.1437,0.8199,-0.2315,-0.1422,-0.5123,4.2685,-0.1437,0.8199,4.3407,-0.1389,0.8000,1,1
4.5034,-0.0008,1.3325,0.0146,0.0036,4.8443,0.1526,0.8138,0.3415,0.1522,-0.5187,4.8443,0.1526,0.8138,4.9003,0.1380,0.8000,1,1,4.8518,-0.1632,0.8846,0.3478,-0.1637,-0.4479,4.8518,-0.1632,0.8846,4.9803,-0.1370,0.8000,0,1,4.2705,0.1562,0.8858,-0.2323,0.1578,-0.4467,4.2705,0.1562,0.8858,4.4207,0.1360,0.8000,0,1,4.2685,-0.1437,0.8199,-0.2354,-0.1421,-0.5126,4.2685,-0.1437,0.8199,4.3427,-0.1390,0.8000,1,1
4.5072,-0.0008,1.3327,0.0133,0.0038,4.8443,0.1526,0.8138,0.3377,0.1521,-0.5189,4.8443,0.1526,0.8138,4.9021,0.1381,0.8000,1,1,4.8597,-0.1634,0.8910,0.3519,-0.1639,-0.4417,4.8597,-0.1634,0.8910,4.9841,-0.1369,0.8000,0,1,4.2785,0.1568,0.8922,-0.2281,0.1585,-0.4405,4.2785,0.1568,0.8922,4.4245,0.1360,0.8000,0,1,4.2685,-0.1437,0.8199,-0.2392,-0.1420,-0.5128,4.2685,-0.1437,0.8199,4.3445,-0.1390,0.8000,1,1
4.5110,-0.0008,1.3327,0.0123,0.0039,4.8443,0.1526,0.8138,0.3339,0.1521,-0.5189,4.8443,0.1526,0.8138,4.9038,0.1382,0.8000,1,1,4.8675,-0.1632,0.8926,0.3559,-0.1638,-0.4401,4.8675,-0.1632,0.8926,4.9879,-0.1368,0.8000,0,1,4.2859,0.1569,0.8937,-0.2245,0.1586,-0.4390,4.2859,0.1569,0.8937,4.4282,0.1360,0.8000,0,1,4.2685,-0.1437,0.8199,-0.2431,-0.1420,-0.5128,4.2685,-0.1437,0.8199,4.3463,-0.1390,0.8000,1,1
4.5147,-0.0007,1.3326,0.0118,0.0039,4.8443,0.1526,0.8138,0.3302,0.1520,-0.5188,4.8443,0.1526,0.8138,4.9056,0.1383,0.8000,1,1,4.8751,-0.1627,0.8891,0.3598,-0.1634,-0.4435,4.8751,-0.1627,0.8891,4.9917,-0.1367,0.8000,0,1,4.2929,0.1565,0.8902,-0.2212,0.1581,-0.4424,4.2929,0.1565,0.8902,4.4320,0.1361,0.8000,0,1,4.2685,-0.1437,0.8198,-0.2468,-0.1420,-0.5128,4.2685,-0.1437,0.8198,4.3481,-0.1389,0.8000,1,1
4.5185,-0.0006,1.3323,0.0116,0.0037,4.8443,0.1526,0.8138,0.3264,0.1520,-0.5185,4.8443,0.1526,0.8138,4.9074,0.1383,0.8000,1,1,4.8824,-0.1618,0.8815,0.3633,-0.1625,-0.4508,4.8824,-0.1618,0.8815,4.9954,-0.1367,0.8000,0,1,4.2996,0.1558,0.8826,-0.2183,0.1572,-0.4497,4.2996,0.1558,0.8826,4.4358,0.1362,0.8000,0,1,4.2686,-0.1437,0.8198,-0.2504,-0.1422,-0.5125,4.2686,-0.1437,0.8198,4.3498,-0.1388,0.8000,1,1
4.5222,-0.0005,1.3318,0.0119,0.0034,4.8444,0.1526,0.8139,0.3227,0.1520,-0.5179,4.8444,0.1526,0.8139,4.9092,0.1383,0.8000,1,1,4.8890,-0.1605,0.8711,0.3663,-0.1612,-0.4607,4.8890,-0.1605,0.8711,4.9991,-0.1367,0.8000,0,1,4.3067,0.1547,0.8722,-0.2150,0.1559,-0.4596,4.3067,0.1547,0.8722,4.4396,0.1364,0.8000,0,1,4.2686,-0.1437,0.8198,-0.2541,-0.1423,-0.5120,4.2686,-0.1437,0.8198,4.3515,-0.1386,0.8000,1,1
4.5260,-0.0003,1.3314,0.0127,0.0030,4.8445,0.1526,0.8139,0.3190,0.1519,-0.5175,4.8445,0.1526,0.8139,4.9110,0.1383,0.8000,1,1,4.8949,-0.1590,0.8589,0.3684,-0.1598,-0.4725,4.8949,-0.1590,0.8589,5.0028,-0.1367,0.8000,0,1,4.3125,0.1532,0.8610,-0.2130,0.1541,-0.4704,4.3125,0.1532,0.8610,4.4434,0.1366,0.8000,0,1,4.2687,-0.1437,0.8198,-0.2577,-0.1426,-0.5116,4.2687,-0.1437,0.8198,4.3532,-0.1384,0.8000,1,1
4.5299,-0.0002,1.3309,0.0138,0.0025,4.8446,0.1526,0.8140,0.3151,0.1520,-0.5169,4.8446,0.1526,0.8140,4.9129,0.1383,0.8000,1,1,4.8999,-0.1572,0.8462,0.3696,-0.1579,-0.4847,4.8999,-0.1572,0.8462,5.0066,-0.1367,0.8000,0,1,4.3178,0.1513,0.8496,-0.2117,0.1520,-0.4813,4.3178,0.1513,0.8496,4.4473,0.1369,0.8000,0,1,4.2688,-0.1437,0.8198,-0.2615,-0.1428,-0.5111,4.2688,-0.1437,0.8198,4.3550,-0.1381,0.8000,1,1
4.5338,-0.0000,1.3305,0.0151,0.0019,4.8446,0.1526,0.8141,0.3111,0.1520,-0.5164,4.8446,0.1526,0.8141,4.9149,0.1382,0.8000,1,1,4.9042,-0.1553,0.8340,0.3701,-0.1560,-0.4965,4.9042,-0.1553,0.8340,5.0105,-0.1368,0.8000,0,1,4.3232,0.1491,0.8397,-0.2103,0.1495,-0.4908,4.3232,0.1491,0.8397,4.4513,0.1371,0.8000,0,1,4.2689,-0.1437,0.8198,-0.2652,-0.1432,-0.5107,4.2689,-0.1437,0.8198,4.3569,-0.1379,0.8000,1,1
4.5379,0.0001,1.3302,0.0168,0.0012,4.8447,0.1526,0.8141,0.3070,0.1521,-0.5161,4.8447,0.1526,0.8141,4.9171,0.1381,0.8000,1,1,4.9078,-0.1534,0.8234,0.3697,-0.1539,-0.5068,4.9078,-0.1534,0.8234,5.0144,-0.1369,0.8000,0,1,4.3294,0.1465,0.8301,-0.2083,0.1467,-0.5001,4.3294,0.1465,0.8301,4.4555,0.1374,0.8000,0,1,4.2689,-0.1437,0.8198,-0.2692,-0.1435,-0.5104,4.2689,-0.1437,0.8198,4.3588,-0.1376,0.8000,1,1
4.5421,0.0003,1.3301,0.0190,0.0005,4.8447,0.1526,0.8142,0.3027,0.1521,-0.5159,4.8447,0.1526,0.8142,4.9194,0.1380,0.8000,1,1,4.9114,-0.1518,0.8152,0.3692,-0.1523,-0.5149,4.9114,-0.1518,0.8152,5.0185,-0.1370,0.8000,0,1,4.3353,0.1438,0.8222,-0.2067,0.1436,-0.5079,4.3353,0.1438,0.8222,4.4598,0.1377,0.8000,0,1,4.2690,-0.1437,0.8199,-0.2732,-0.1439,-0.5102,4.2690,-0.1437,0.8199,4.3609,-0.1373,0.8000,1,1
4.5477,0.0005,1.3303,0.0213,-0.0005,4.8547,0.1540,0.8171,0.3069,0.1537,-0.5132,4.8547,0.1540,0.8171,5.0228,0.1379,0.8000,0,1,4.9135,-0.1512,0.8122,0.3659,-0.1515,-0.5181,4.9135,-0.1512,0.8122,4.9567,-0.1371,0.8000,1,1,4.3390,0.1423,0.8189,-0.2088,0.1417,-0.5114,4.3390,0.1423,0.8189,4.3982,0.1381,0.8000,1,1,4.2773,-0.1451,0.8223,-0.2703,-0.1457,-0.5080,4.2773,-0.1451,0.8223,4.4641,-0.1369,0.8000,0,1
4.5509,0.0007,1.3305,0.0221,-0.0011,4.8638,0.1556,0.8230,0.3127,0.1552,-0.5075,4.8638,0.1556,0.8230,5.0272,0.1378,0.8000,0,1,4.9131,-0.1512,0.8122,0.3624,-0.1515,-0.5183,4.9131,-0.1512,0.8122,4.9589,-0.1372,0.8000,1,1,4.3386,0.1423,0.8193,-0.2125,0.1414,-0.5112,4.3386,0.1423,0.8193,4.4006,0.1383,0.8000,1,1,4.2851,-0.1468,0.8284,-0.2656,-0.1478,-0.5021,4.2851,-0.1468,0.8284,4.4683,-0.1367,0.8000,0,1
4.5550,0.0008,1.3309,0.0217,-0.0017,4.8760,0.1578,0.8325,0.3207,0.1575,-0.4984,4.8760,0.1578,0.8325,5.0315,0.1377,0.8000,0,1,4.9131,-0.1512,0.8122,0.3584,-0.1514,-0.5187,4.9131,-0.1512,0.8122,4.9611,-0.1373,0.8000,1,1,4.3386,0.1423,0.8193,-0.2166,0.1411,-0.5116,4.3386,0.1423,0.8193,4.4029,0.1386,0.8000,1,1,4.2957,-0.1493,0.8371,-0.2590,-0.1505,-0.4938,4.2957,-0.1493,0.8371,4.4725,-0.1364,0.8000,0,1
4.5591,0.0009,1.3313,0.0206,-0.0023,4.8877,0.1600,0.8442,0.3282,0.1599,-0.4871,4.8877,0.1600,0.8442,5.0358,0.1375,0.8000,0,1,4.9130,-0.1513,0.8122,0.3542,-0.1514,-0.5191,4.9130,-0.1513,0.8122,4.9631,-0.1375,0.8000,1,1,4.3385,0.1423,0.8194,-0.2209,0.1409,-0.5119,4.3385,0.1423,0.8194,4.4052,0.1388,0.8000,1,1,4.3065,-0.1518,0.8477,-0.2522,-0.1533,-0.4836,4.3065,-0.1518,0.8477,4.4765,-0.1362,0.8000,0,1
4.5631,0.0010,1.3318,0.0192,-0.0028,4.8980,0.1620,0.8569,0.3344,0.1619,-0.4749,4.8980,0.1620,0.8569,5.0399,0.1374,0.8000,0,1,4.9128,-0.1513,0.8122,0.3501,-0.1513,-0.5196,4.9128,-0.1513,0.8122,4.9651,-0.1376,0.8000,1,1,4.3384,0.1422,0.8194,-0.2251,0.1406,-0.5124,4.3384,0.1422,0.8194,4.4073,0.1390,0.8000,1,1,4.3171,-0.1541,0.8594,-0.2456,-0.1558,-0.4724,4.3171,-0.1541,0.8594,4.4805,-0.1360,0.8000,0,1
4.5671,0.0010,1.3323,0.0177,-0.0032,4.9065,0.1636,0.8695,0.3389,0.1637,-0.4628,4.9065,0.1636,0.8695,5.0439,0.1373,0.8000,0,1,4.9127,-0.1513,0.8121,0.3461,-0.1512,-0.5202,4.9127,-0.1513,0.8121,4.9670,-0.1377,0.8000,1,1,4.3382,0.1422,0.8195,-0.2294,0.1405,-0.5128,4.3382,0.1422,0.8195,4.4093,0.1391,0.8000,1,1,4.3273,-0.1561,0.8711,-0.2393,-0.1579,-0.4612,4.3273,-0.1561,0.8711,4.4844,-0.1359,0.8000,0,1
4.5710,0.0010,1.3327,0.0164,-0.0034,4.9133,0.1649,0.8805,0.3417,0.1651,-0.4522,4.9133,0.1649,0.8805,5.0478,0.1372,0.8000,0,1,4.9125,-0.1513,0.8119,0.3420,-0.1511,-0.5208,4.9125,-0.1513,0.8119,4.9689,-0.1378,0.8000,1,1,4.3380,0.1422,0.8195,-0.2335,0.1404,-0.5132,4.3380,0.1422,0.8195,4.4112,0.1391,0.8000,1,1,4.3368,-0.1576,0.8817,-0.2337,-0.1594,-0.4510,4.3368,-0.1576,0.8817,4.4883,-0.1359,0.8000,0,1
4.5748,0.0010,1.3330,0.0153,-0.0034,4.9182,0.1657,0.8887,0.3428,0.1659,-0.4443,4.9182,0.1657,0.8887,5.0517,0.1372,0.8000,0,1,4.9123,-0.1513,0.8117,0.3380,-0.1512,-0.5213,4.9123,-0.1513,0.8117,4.9707,-0.1378,0.8000,1,1,4.3378,0.1421,0.8195,-0.2375,0.1403,-0.5135,4.3378,0.1421,0.8195,4.4131,0.1391,0.8000,1,1,4.3459,-0.1585,0.8899,-0.2284,-0.1603,-0.4431,4.3459,-0.1585,0.8899,4.4921,-0.1359,0.8000,0,1
4.5786,0.0009,1.3331,0.0147,-0.0031,4.9220,0.1660,0.8926,0.3429,0.1662,-0.4405,4.9220,0.1660,0.8926,5.0554,0.1372,0.8000,0,1,4.9120,-0.1514,0.8114,0.3339,-0.1513,-0.5217,4.9120,-0.1514,0.8114,4.9726,-0.1378,0.8000,1,1,4.3375,0.1421,0.8195,-0.2415,0.1405,-0.5136,4.3375,0.1421,0.8195,4.4148,0.1390,0.8000,1,1,4.3543,-0.1590,0.8940,-0.2238,-0.1606,-0.4391,4.3543,-0.1590,0.8940,4.4960,-0.1360,0.8000,0,1
4.5825,0.0008,1.3331,0.0144,-0.0025,4.9256,0.1656,0.8915,0.3427,0.1657,-0.4416,4.9256,0.1656,0.8915,5.0592,0.1373,0.8000,0,1,4.9117,-0.1514,0.8112,0.3296,-0.1514,-0.5219,4.9117,-0.1514,0.8112,4.9745,-0.1377,0.8000,1,1,4.3373,0.1420,0.8196,-0.2456,0.1406,-0.5135,4.3373,0.1420,0.8196,4.4166,0.1388,0.8000,1,1,4.3624,-0.1590,0.8931,-0.2197,-0.1603,-0.4400,4.3624,-0.1590,0.8931,4.4999,-0.1362,0.8000,0,1
4.5863,0.0006,1.3330,0.0145,-0.0019,4.9291,0.1649,0.8843,0.3425,0.1650,-0.4487,4.9291,0.1649,0.8843,5.0630,0.1374,0.8000,0,1,4.9114,-0.1516,0.8111,0.3254,-0.1516,-0.5219,4.9114,-0.1516,0.8111,4.9764,-0.1376,0.8000,1,1,4.3370,0.1420,0.8196,-0.2496,0.1409,-0.5134,4.3370,0.1420,0.8196,4.4184,0.1385,0.8000,1,1,4.3702,-0.1584,0.8861,-0.2158,-0.1594,-0.4469,4.3702,-0.1584,0.8861,4.5038,-0.1365,0.8000,0,1
4.5901,0.0005,1.3327,0.0147,-0.0009,4.9336,0.1645,0.8755,0.3434,0.1643,-0.4572,4.9336,0.1645,0.8755,5.0666,0.1376,0.8000,0,1,4.9114,-0.1516,0.8110,0.3214,-0.1518,-0.5217,4.9114,-0.1516,0.8110,4.9784,-0.1374,0.8000,1,1,4.3370,0.1420,0.8196,-0.2532,0.1413,-0.5131,4.3370,0.1420,0.8196,4.4200,0.1381,0.8000,1,1,4.3778,-0.1576,0.8774,-0.2122,-0.1583,-0.4553,4.3778,-0.1576,0.8774,4.5078,-0.1369,0.8000,0,1
4.5939,0.0003,1.3323,0.0153,0.0002,4.9376,0.1638,0.8642,0.3437,0.1634,-0.4681,4.9376,0.1638,0.8642,5.0703,0.1379,0.8000,0,1,4.9114,-0.1516,0.8110,0.3175,-0.1520,-0.5213,4.9114,-0.1516,0.8110,4.9803,-0.1371,0.8000,1,1,4.3370,0.1420,0.8196,-0.2569,0.1418,-0.5127,4.3370,0.1420,0.8196,4.4217,0.1378,0.8000,1,1,4.3861,-0.1566,0.8667,-0.2078,-0.1569,-0.4656,4.3861,-0.1566,0.8667,4.5117,-0.1372,0.8000,0,1
4.5977,0.0002,1.3319,0.0161,0.0014,4.9411,0.1627,0.8516,0.3436,0.1620,-0.4803,4.9411,0.1627,0.8516,5.0739,0.1382,0.8000,0,1,4.9116,-0.1516,0.8112,0.3137,-0.1522,-0.5207,4.9116,-0.1516,0.8112,4.9823,-0.1368,0.8000,1,1,4.3372,0.1419,0.8196,-0.2603,0.1421,-0.5123,4.3372,0.1419,0.8196,4.4233,0.1374,0.8000,1,1,4.3922,-0.1550,0.8564,-0.2057,-0.1549,-0.4755,4.3922,-0.1550,0.8564,4.5157,-0.1376,0.8000,0,1
4.6015,0.0001,1.3315,0.0172,0.0026,4.9452,0.1611,0.8390,0.3441,0.1601,-0.4925,4.9452,0.1611,0.8390,5.0775,0.1386,0.8000,0,1,4.9116,-0.1516,0.8112,0.3097,-0.1525,-0.5203,4.9116,-0.1516,0.8112,4.9842,-0.1364,0.8000,1,1,4.3372,0.1419,0.8196,-0.2639,0.1425,-0.5119,4.3372,0.1419,0.8196,4.4249,0.1371,0.8000,1,1,4.3985,-0.1530,0.8449,-0.2034,-0.1526,-0.4866,4.3985,-0.1530,0.8449,4.5196,-0.1379,0.8000,0,1
4.6054,0.0000,1.3312,0.0186,0.0037,4.9493,0.1596,0.8275,0.3445,0.1583,-0.5037,4.9493,0.1596,0.8275,5.0813,0.1389,0.8000,0,1,4.9116,-0.1516,0.8112,0.3056,-0.1527,-0.5200,4.9116,-0.1516,0.8112,4.9863,-0.1361,0.8000,1,1,4.3372,0.1419,0.8196,-0.2677,0.1429,-0.5116,4.3372,0.1419,0.8196,4.4267,0.1369,0.8000,1,1,4.4040,-0.1509,0.8371,-0.2020,-0.1502,-0.4941,4.4040,-0.1509,0.8371,4.5237,-0.1381,0.8000,0,1
4.6095,-0.0000,1.3311,0.0199,0.0047,4.9548,0.1580,0.8180,0.3460,0.1564,-0.5131,4.9548,0.1580,0.8180,5.0852,0.1392,0.8000,0,1,4.9117,-0.1516,0.8113,0.3015,-0.1530,-0.5198,4.9117,-0.1516,0.8113,4.9885,-0.1358,0.8000,1,1,4.3373,0.1419,0.8196,-0.2715,0.1432,-0.5115,4.3373,0.1419,0.8196,4.4286,0.1366,0.8000,1,1,4.4101,-0.1483,0.8288,-0.2001,-0.1474,-0.5023,4.4101,-0.1483,0.8288,4.5279,-0.1384,0.8000,0,1
4.6137,-0.0001,1.3310,0.0214,0.0057,4.9645,0.1567,0.8113,0.3517,0.1548,-0.5197,4.9645,0.1567,0.8113,5.0243,0.1395,0.8000,1,1,4.9117,-0.1517,0.8113,0.2971,-0.1533,-0.5197,4.9117,-0.1517,0.8113,5.0908,-0.1354,0.8000,0,1,4.3373,0.1419,0.8196,-0.2756,0.1436,-0.5114,4.3373,0.1419,0.8196,4.5307,0.1364,0.8000,0,1,4.4154,-0.1454,0.8223,-0.1991,-0.1442,-0.5087,4.4154,-0.1454,0.8223,4.4672,-0.1386,0.8000,1,1
4.6181,-0.0001,1.3312,0.0224,0.0066,4.9645,0.1567,0.8114,0.3474,0.1545,-0.5198,4.9645,0.1567,0.8114,5.0264,0.1398,0.8000,1,1,4.9252,-0.1535,0.8164,0.3061,-0.1554,-0.5148,4.9252,-0.1535,0.8164,5.0952,-0.1352,0.8000,0,1,4.3482,0.1432,0.8244,-0.2689,0.1451,-0.5068,4.3482,0.1432,0.8244,4.5348,0.1362,0.8000,0,1,4.4154,-0.1455,0.8226,-0.2037,-0.1441,-0.5086,4.4154,-0.1455,0.8226,4.4696,-0.1388,0.8000,1,1
4.6221,-0.0002,1.3314,0.0221,0.0073,4.9644,0.1567,0.8114,0.3434,0.1544,-0.5200,4.9644,0.1567,0.8114,5.0285,0.1401,0.8000,1,1,4.9376,-0.1555,0.8247,0.3144,-0.1576,-0.5067,4.9376,-0.1555,0.8247,5.0995,-0.1349,0.8000,0,1,4.3584,0.1446,0.8316,-0.2626,0.1467,-0.4998,4.3584,0.1446,0.8316,4.5389,0.1360,0.8000,0,1,4.4153,-0.1455,0.8227,-0.2079,-0.1438,-0.5087,4.4153,-0.1455,0.8227,4.4719,-0.1390,0.8000,1,1
4.6262,-0.0002,1.3318,0.0210,0.0079,4.9643,0.1567,0.8113,0.3393,0.1542,-0.5205,4.9643,0.1567,0.8113,5.0305,0.1403,0.8000,1,1,4.9500,-0.1578,0.8360,0.3225,-0.1602,-0.4958,4.9500,-0.1578,0.8360,5.1037,-0.1347,0.8000,0,1,4.3697,0.1467,0.8409,-0.2553,0.1489,-0.4909,4.3697,0.1467,0.8409,4.5429,0.1359,0.8000,0,1,4.4151,-0.1455,0.8228,-0.2122,-0.1436,-0.5090,4.4151,-0.1455,0.8228,4.4741,-0.1391,0.8000,1,1
4.6302,-0.0002,1.3322,0.0195,0.0085,4.9641,0.1567,0.8112,0.3352,0.1541,-0.5210,4.9641,0.1567,0.8112,5.0324,0.1405,0.8000,1,1,4.9615,-0.1597,0.8489,0.3299,-0.1623,-0.4833,4.9615,-0.1597,0.8489,5.1078,-0.1345,0.8000,0,1,4.3805,0.1488,0.8509,-0.2484,0.1511,-0.4813,4.3805,0.1488,0.8509,4.5468,0.1358,0.8000,0,1,4.4150,-0.1455,0.8228,-0.2164,-0.1435,-0.5094,4.4150,-0.1455,0.8228,4.4762,-0.1392,0.8000,1,1
4.6341,-0.0002,1.3326,0.0178,0.0090,4.9641,0.1567,0.8112,0.3314,0.1539,-0.5214,4.9641,0.1567,0.8112,5.0343,0.1407,0.8000,1,1,4.9721,-0.1612,0.8621,0.3365,-0.1640,-0.4705,4.9721,-0.1612,0.8621,5.1118,-0.1343,0.8000,0,1,4.3909,0.1508,0.8619,-0.2418,0.1532,-0.4707,4.3909,0.1508,0.8619,4.5507,0.1357,0.8000,0,1,4.4150,-0.1455,0.8228,-0.2204,-0.1433,-0.5098,4.4150,-0.1455,0.8228,4.4782,-0.1393,0.8000,1,1
4.6380,-0.0001,1.3329,0.0161,0.0093,4.9640,0.1567,0.8111,0.3274,0.1538,-0.5218,4.9640,0.1567,0.8111,5.0361,0.1409,0.8000,1,1,4.9814,-0.1622,0.8741,0.3419,-0.1653,-0.4588,4.9814,-0.1622,0.8741,5.1157,-0.1341,0.8000,0,1,4.4006,0.1524,0.8729,-0.2360,0.1547,-0.4600,4.4006,0.1524,0.8729,4.5545,0.1357,0.8000,0,1,4.4149,-0.1455,0.8228,-0.2244,-0.1433,-0.5101,4.4149,-0.1455,0.8228,4.4801,-0.1393,0.8000,1,1
4.6418,-0.0001,1.3332,0.0146,0.0095,4.9640,0.1567,0.8111,0.3237,0.1537,-0.5221,4.9640,0.1567,0.8111,5.0379,0.1410,0.8000,1,1,4.9898,-0.1627,0.8838,0.3464,-0.1659,-0.4494,4.9898,-0.1627,0.8838,5.1195,-0.1340,0.8000,0,1,4.4094,0.1535,0.8825,-0.2309,0.1558,-0.4507,4.4094,0.1535,0.8825,4.5583,0.1357,0.8000,0,1,4.4149,-0.1455,0.8228,-0.2283,-0.1432,-0.5104,4.4149,-0.1455,0.8228,4.4819,-0.1393,0.8000,1,1
4.6455,0.0000,1.3333,0.0134,0.0096,4.9640,0.1567,0.8111,0.3200,0.1536,-0.5222,4.9640,0.1567,0.8111,5.0396,0.1411,0.8000,1,1,4.9977,-0.1628,0.8902,0.3506,-0.1662,-0.4431,4.9977,-0.1628,0.8902,5.1232,-0.1339,0.8000,0,1,4.4174,0.1542,0.8889,-0.2266,0.1564,-0.4444,4.4174,0.1542,0.8889,4.5620,0.1358,0.8000,0,1,4.4149,-0.1455,0.8227,-0.2320,-0.1433,-0.5106,4.4149,-0.1455,0.8227,4.4836,-0.1392,0.8000,1,1
4.6492,0.0001,1.3332,0.0126,0.0095,4.9641,0.1567,0.8111,0.3164,0.1536,-0.5221,4.9641,0.1567,0.8111,5.0413,0.1412,0.8000,1,1,5.0055,-0.1624,0.8915,0.3547,-0.1659,-0.4417,5.0055,-0.1624,0.8915,5.1269,-0.1338,0.8000,0,1,4.4247,0.1545,0.8902,-0.2230,0.1565,-0.4430,4.4247,0.1545,0.8902,4.5657,0.1359,0.8000,0,1,4.4150,-0.1455,0.8227,-0.2356,-0.1434,-0.5105,4.4150,-0.1455,0.8227,4.4853,-0.1391,0.8000,1,1
4.6529,0.0002,1.3330,0.0121,0.0094,4.9641,0.1567,0.8111,0.3127,0.1536,-0.5219,4.9641,0.1567,0.8111,5.0430,0.1413,0.8000,1,1,5.0131,-0.1618,0.8879,0.3587,-0.1654,-0.4451,5.0131,-0.1618,0.8879,5.1306,-0.1337,0.8000,0,1,4.4316,0.1544,0.8865,-0.2198,0.1563,-0.4465,4.4316,0.1544,0.8865,4.5694,0.1360,0.8000,0,1,4.4150,-0.1455,0.8227,-0.2393,-0.1435,-0.5103,4.4150,-0.1455,0.8227,4.4870,-0.1390,0.8000,1,1
4.6566,0.0004,1.3326,0.0121,0.0091,4.9641,0.1567,0.8111,0.3089,0.1535,-0.5215,4.9641,0.1567,0.8111,5.0447,0.1413,0.8000,1,1,5.0204,-0.1607,0.8804,0.3623,-0.1644,-0.4522,5.0204,-0.1607,0.8804,5.1342,-0.1337,0.8000,0,1,4.4385,0.1541,0.8791,-0.2167,0.1557,-0.4535,4.4385,0.1541,0.8791,4.5732,0.1362,0.8000,0,1,4.4150,-0.1455,0.8227,-0.2429,-0.1437,-0.5099,4.4150,-0.1455,0.8227,4.4887,-0.1388,0.8000,1,1
4.6603,0.0006,1.3322,0.0126,0.0087,4.9641,0.1567,0.8111,0.3051,0.1535,-0.5211,4.9641,0.1567,0.8111,5.0465,0.1413,0.8000,1,1,5.0271,-0.1592,0.8703,0.3654,-0.1630,-0.4619,5.0271,-0.1592,0.8703,5.1379,-0.1337,0.8000,0,1,4.4455,0.1534,0.8696,-0.2135,0.1547,-0.4626,4.4455,0.1534,0.8696,4.5769,0.1365,0.8000,0,1,4.4150,-0.1455,0.8227,-0.2466,-0.1440,-0.5095,4.4150,-0.1455,0.8227,4.4903,-0.1385,0.8000,1,1
4.6641,0.0007,1.3317,0.0134,0.0081,4.9642,0.1567,0.8112,0.3014,0.1536,-0.5205,4.9642,0.1567,0.8112,5.0484,0.1413,0.8000,1,1,5.0330,-0.1574,0.8581,0.3676,-0.1611,-0.4736,5.0330,-0.1574,0.8581,5.1416,-0.1337,0.8000,0,1,4.4504,0.1520,0.8592,-0.2125,0.1530,-0.4725,4.4504,0.1520,0.8592,4.5808,0.1367,0.8000,0,1,4.4151,-0.1455,0.8227,-0.2502,-0.1442,-0.5090,4.4151,-0.1455,0.8227,4.4920,-0.1383,0.8000,1,1
4.6680,0.0009,1.3312,0.0147,0.0075,4.9643,0.1566,0.8113,0.2975,0.1535,-0.5199,4.9643,0.1566,0.8113,5.0503,0.1412,0.8000,1,1,5.0380,-0.1553,0.8454,0.3688,-0.1590,-0.4858,5.0380,-0.1553,0.8454,5.1454,-0.1338,0.8000,0,1,4.4567,0.1504,0.8488,-0.2102,0.1511,-0.4824,4.4567,0.1504,0.8488,4.5847,0.1370,0.8000,0,1,4.4152,-0.1455,0.8227,-0.2539,-0.1445,-0.5085,4.4152,-0.1455,0.8227,4.4938,-0.1380,0.8000,1,1
4.6719,0.0011,1.3308,0.0163,0.0066,4.9644,0.1566,0.8113,0.2935,0.1536,-0.5195,4.9644,0.1566,0.8113,5.0524,0.1411,0.8000,1,1,5.0423,-0.1532,0.8332,0.3694,-0.1567,-0.4976,5.0423,-0.1532,0.8332,5.1492,-0.1339,0.8000,0,1,4.4622,0.1483,0.8390,-0.2087,0.1486,-0.4918,4.4622,0.1483,0.8390,4.5888,0.1373,0.8000,0,1,4.4153,-0.1456,0.8227,-0.2576,-0.1450,-0.5081,4.4153,-0.1456,0.8227,4.4956,-0.1376,0.8000,1,1
4.6760,0.0012,1.3305,0.0179,0.0057,4.9645,0.1566,0.8114,0.2894,0.1538,-0.5191,4.9645,0.1566,0.8114,5.0546,0.1409,0.8000,1,1,5.0462,-0.1512,0.8228,0.3693,-0.1545,-0.5077,5.0462,-0.1512,0.8228,5.1532,-0.1341,0.8000,0,1,4.4680,0.1460,0.8300,-0.2072,0.1460,-0.5005,4.4680,0.1460,0.8300,4.5930,0.1377,0.8000,0,1,4.4154,-0.1456,0.8227,-0.2614,-0.1453,-0.5078,4.4154,-0.1456,0.8227,4.4976,-0.1373,0.8000,1,1
4.6803,0.0014,1.3304,0.0201,0.0047,4.9646,0.1567,0.8115,0.2850,0.1540,-0.5189,4.9646,0.1567,0.8115,5.0570,0.1407,0.8000,1,1,5.0500,-0.1497,0.8147,0.3690,-0.1528,-0.5157,5.0500,-0.1497,0.8147,5.1573,-0.1343,0.8000,0,1,4.4742,0.1438,0.8226,-0.2054,0.1434,-0.5078,4.4742,0.1438,0.8226,4.5974,0.1380,0.8000,0,1,4.4154,-0.1455,0.8227,-0.2656,-0.1457,-0.5077,4.4154,-0.1455,0.8227,4.4997,-0.1370,0.8000,1,1
4.6852,0.0016,1.3305,0.0225,0.0035,4.9731,0.1577,0.8139,0.2884,0.1551,-0.5166,4.9731,0.1577,0.8139,5.1605,0.1405,0.8000,0,1,5.0520,-0.1491,0.8117,0.3663,-0.1520,-0.5188,5.0520,-0.1491,0.8117,5.0956,-0.1345,0.8000,1,1,4.4775,0.1426,0.8196,-0.2072,0.1417,-0.5109,4.4775,0.1426,0.8196,4.5359,0.1384,0.8000,1,1,4.4216,-0.1463,0.8251,-0.2641,-0.1470,-0.5054,4.4216,-0.1463,0.8251,4.6030,-0.1366,0.8000,0,1
4.6891,0.0017,1.3307,0.0232,0.0026,4.9853,0.1596,0.8201,0.2966,0.1571,-0.5106,4.9853,0.1596,0.8201,5.1651,0.1402,0.8000,0,1,5.0518,-0.1491,0.8117,0.3623,-0.1517,-0.5190,5.0518,-0.1491,0.8117,5.0978,-0.1348,0.8000,1,1,4.4773,0.1426,0.8198,-0.2114,0.1415,-0.5109,4.4773,0.1426,0.8198,4.5385,0.1387,0.8000,1,1,4.4305,-0.1479,0.8313,-0.2590,-0.1489,-0.4994,4.4305,-0.1479,0.8313,4.6072,-0.1363,0.8000,0,1
4.6934,0.0019,1.3310,0.0226,0.0017,4.9992,0.1620,0.8298,0.3061,0.1596,-0.5012,4.9992,0.1620,0.8298,5.1696,0.1400,0.8000,0,1,5.0517,-0.1491,0.8116,0.3580,-0.1516,-0.5194,5.0517,-0.1491,0.8116,5.1000,-0.1350,0.8000,1,1,4.4773,0.1427,0.8198,-0.2159,0.1412,-0.5112,4.4773,0.1427,0.8198,4.5410,0.1391,0.8000,1,1,4.4414,-0.1494,0.8388,-0.2523,-0.1509,-0.4922,4.4414,-0.1494,0.8388,4.6114,-0.1359,0.8000,0,1
4.6977,0.0020,1.3314,0.0210,0.0008,5.0124,0.1643,0.8419,0.3148,0.1620,-0.4895,5.0124,0.1643,0.8419,5.1740,0.1398,0.8000,0,1,5.0516,-0.1491,0.8116,0.3538,-0.1514,-0.5198,5.0516,-0.1491,0.8116,5.1022,-0.1352,0.8000,1,1,4.4771,0.1426,0.8199,-0.2205,0.1408,-0.5115,4.4771,0.1426,0.8199,4.5434,0.1393,0.8000,1,1,4.4517,-0.1510,0.8472,-0.2461,-0.1528,-0.4842,4.4517,-0.1510,0.8472,4.6156,-0.1357,0.8000,0,1
4.7019,0.0021,1.3318,0.0193,-0.0000,5.0244,0.1661,0.8550,0.3225,0.1640,-0.4768,5.0244,0.1661,0.8550,5.1783,0.1396,0.8000,0,1,5.0514,-0.1492,0.8114,0.3495,-0.1513,-0.5204,5.0514,-0.1492,0.8114,5.1043,-0.1354,0.8000,1,1,4.4769,0.1425,0.8199,-0.2250,0.1404,-0.5119,4.4769,0.1425,0.8199,4.5457,0.1396,0.8000,1,1,4.4623,-0.1528,0.8590,-0.2396,-0.1549,-0.4728,4.4623,-0.1528,0.8590,4.6197,-0.1354,0.8000,0,1
4.7060,0.0021,1.3321,0.0173,-0.0007,5.0354,0.1674,0.8678,0.3293,0.1655,-0.4643,5.0354,0.1674,0.8678,5.1825,0.1393,0.8000,0,1,5.0514,-0.1492,0.8114,0.3455,-0.1511,-0.5207,5.0514,-0.1492,0.8114,5.1062,-0.1357,0.8000,1,1,4.4769,0.1425,0.8199,-0.2292,0.1402,-0.5122,4.4769,0.1425,0.8199,4.5479,0.1398,0.8000,1,1,4.4723,-0.1542,0.8689,-0.2336,-0.1565,-0.4632,4.4723,-0.1542,0.8689,4.6236,-0.1352,0.8000,0,1
4.7100,0.0021,1.3324,0.0154,-0.0014,5.0452,0.1681,0.8789,0.3350,0.1665,-0.4535,5.0452,0.1681,0.8789,5.1865,0.1391,0.8000,0,1,5.0514,-0.1492,0.8114,0.3416,-0.1508,-0.5210,5.0514,-0.1492,0.8114,5.1082,-0.1359,0.8000,1,1,4.4769,0.1425,0.8199,-0.2333,0.1401,-0.5125,4.4769,0.1425,0.8199,4.5499,0.1399,0.8000,1,1,4.4816,-0.1553,0.8789,-0.2282,-0.1577,-0.4535,4.4816,-0.1553,0.8789,4.6276,-0.1351,0.8000,0,1
4.7139,0.0021,1.3326,0.0138,-0.0019,5.0543,0.1683,0.8870,0.3401,0.1668,-0.4456,5.0543,0.1683,0.8870,5.1906,0.1389,0.8000,0,1,5.0514,-0.1492,0.8114,0.3378,-0.1507,-0.5212,5.0514,-0.1492,0.8114,5.1100,-0.1361,0.8000,1,1,4.4769,0.1425,0.8199,-0.2373,0.1399,-0.5127,4.4769,0.1425,0.8199,4.5520,0.1399,0.8000,1,1,4.4897,-0.1558,0.8867,-0.2239,-0.1583,-0.4459,4.4897,-0.1558,0.8867,4.6314,-0.1351,0.8000,0,1
4.7178,0.0020,1.3326,0.0125,-0.0023,5.0630,0.1680,0.8911,0.3448,0.1668,-0.4415,5.0630,0.1680,0.8911,5.1945,0.1387,0.8000,0,1,5.0514,-0.1492,0.8114,0.3339,-0.1504,-0.5212,5.0514,-0.1492,0.8114,5.1118,-0.1363,0.8000,1,1,4.4769,0.1425,0.8198,-0.2412,0.1399,-0.5128,4.4769,0.1425,0.8198,4.5539,0.1400,0.8000,1,1,4.4972,-0.1561,0.8907,-0.2202,-0.1586,-0.4419,4.4972,-0.1561,0.8907,4.6352,-0.1350,0.8000,0,1
4.7216,0.0019,1.3325,0.0117,-0.0026,5.0716,0.1673,0.8899,0.3496,0.1663,-0.4426,5.0716,0.1673,0.8899,5.1984,0.1385,0.8000,0,1,5.0514,-0.1492,0.8114,0.3302,-0.1502,-0.5211,5.0514,-0.1492,0.8114,5.1136,-0.1365,0.8000,1,1,4.4770,0.1425,0.8198,-0.2450,0.1400,-0.5127,4.4770,0.1425,0.8198,4.5558,0.1399,0.8000,1,1,4.5041,-0.1559,0.8895,-0.2171,-0.1584,-0.4430,4.5041,-0.1559,0.8895,4.6390,-0.1351,0.8000,0,1
4.7254,0.0018,1.3323,0.0114,-0.0027,5.0799,0.1661,0.8841,0.3541,0.1653,-0.4482,5.0799,0.1661,0.8841,5.2022,0.1383,0.8000,0,1,5.0515,-0.1492,0.8114,0.3265,-0.1501,-0.5209,5.0515,-0.1492,0.8114,5.1154,-0.1367,0.8000,1,1,4.4770,0.1425,0.8198,-0.2488,0.1400,-0.5125,4.4770,0.1425,0.8198,4.5576,0.1398,0.8000,1,1,4.5107,-0.1555,0.8837,-0.2143,-0.1579,-0.4486,4.5107,-0.1555,0.8837,4.6428,-0.1352,0.8000,0,1
4.7292,0.0017,1.3319,0.0116,-0.0027,5.0876,0.1646,0.8750,0.3580,0.1639,-0.4569,5.0876,0.1646,0.8750,5.2060,0.1381,0.8000,0,1,5.0515,-0.1492,0.8114,0.3227,-0.1500,-0.5205,5.0515,-0.1492,0.8114,5.1172,-0.1369,0.8000,1,1,4.4771,0.1426,0.8198,-0.2525,0.1402,-0.5121,4.4771,0.1426,0.8198,4.5594,0.1397,0.8000,1,1,4.5178,-0.1549,0.8746,-0.2110,-0.1572,-0.4573,4.5178,-0.1549,0.8746,4.6466,-0.1353,0.8000,0,1
4.7330,0.0015,1.3314,0.0122,-0.0026,5.0947,0.1628,0.8637,0.3613,0.1622,-0.4677,5.0947,0.1628,0.8637,5.2098,0.1380,0.8000,0,1,5.0516,-0.1492,0.8115,0.3190,-0.1499,-0.5199,5.0516,-0.1492,0.8115,5.1191,-0.1370,0.8000,1,1,4.4771,0.1426,0.8198,-0.2563,0.1404,-0.5116,4.4771,0.1426,0.8198,4.5612,0.1395,0.8000,1,1,4.5234,-0.1539,0.8648,-0.2092,-0.1559,-0.4666,4.5234,-0.1539,0.8648,4.6505,-0.1355,0.8000,0,1
4.7369,0.0013,1.3309,0.0133,-0.0024,5.1010,0.1605,0.8512,0.3637,0.1601,-0.4797,5.1010,0.1605,0.8512,5.2136,0.1379,0.8000,0,1,5.0516,-0.1491,0.8115,0.3151,-0.1496,-0.5194,5.0516,-0.1491,0.8115,5.1210,-0.1371,0.8000,1,1,4.4771,0.1426,0.8198,-0.2601,0.1407,-0.5111,4.4771,0.1426,0.8198,4.5630,0.1392,0.8000,1,1,4.5285,-0.1524,0.8540,-0.2080,-0.1542,-0.4769,4.5285,-0.1524,0.8540,4.6544,-0.1358,0.8000,0,1
4.7409,0.0011,1.3305,0.0148,-0.0020,5.1064,0.1581,0.8387,0.3652,0.1577,-0.4918,5.1064,0.1581,0.8387,5.2175,0.1378,0.8000,0,1,5.0517,-0.1491,0.8115,0.3111,-0.1496,-0.5190,5.0517,-0.1491,0.8115,5.1230,-0.1372,0.8000,1,1,4.4772,0.1426,0.8198,-0.2640,0.1410,-0.5107,4.4772,0.1426,0.8198,4.5649,0.1390,0.8000,1,1,4.5337,-0.1506,0.8444,-0.2069,-0.1521,-0.4861,4.5337,-0.1506,0.8444,4.6584,-0.1360,0.8000,0,1
4.7449,0.0009,1.3301,0.0164,-0.0015,5.1114,0.1556,0.8273,0.3663,0.1552,-0.5028,5.1114,0.1556,0.8273,5.2215,0.1378,0.8000,0,1,5.0517,-0.1491,0.8116,0.3070,-0.1495,-0.5185,5.0517,-0.1491,0.8116,5.1251,-0.1372,0.8000,1,1,4.4773,0.1426,0.8198,-0.2678,0.1413,-0.5103,4.4773,0.1426,0.8198,4.5669,0.1387,0.8000,1,1,4.5389,-0.1484,0.8349,-0.2058,-0.1496,-0.4952,4.5389,-0.1484,0.8349,4.6625,-0.1363,0.8000,0,1
4.7491,0.0007,1.3299,0.0184,-0.0008,5.1159,0.1534,0.8178,0.3667,0.1530,-0.5121,5.1159,0.1534,0.8178,5.2256,0.1379,0.8000,0,1,5.0518,-0.1491,0.8117,0.3028,-0.1496,-0.5182,5.0518,-0.1491,0.8117,5.1274,-0.1371,0.8000,1,1,4.4774,0.1426,0.8198,-0.2718,0.1417,-0.5101,4.4774,0.1426,0.8198,4.5690,0.1383,0.8000,1,1,4.5440,-0.1460,0.8261,-0.2050,-0.1469,-0.5038,4.5440,-0.1460,0.8261,4.6668,-0.1367,0.8000,0,1
4.7534,0.0005,1.3299,0.0207,-0.0002,5.1205,0.1517,0.8108,0.3671,0.1513,-0.5191,5.1205,0.1517,0.8108,5.1648,0.1379,0.8000,1,1,5.0519,-0.1491,0.8118,0.2985,-0.1495,-0.5181,5.0519,-0.1491,0.8118,5.2298,-0.1371,0.8000,0,1,4.4774,0.1426,0.8199,-0.2760,0.1420,-0.5100,4.4774,0.1426,0.8199,4.6712,0.1380,0.8000,0,1,4.5495,-0.1436,0.8194,-0.2039,-0.1441,-0.5105,4.5495,-0.1436,0.8194,4.6062,-0.1370,0.8000,1,1
4.7580,0.0002,1.3301,0.0224,0.0006,5.1204,0.1517,0.8110,0.3625,0.1513,-0.5191,5.1204,0.1517,0.8110,5.1671,0.1380,0.8000,1,1,5.0651,-0.1515,0.8171,0.3070,-0.1519,-0.5130,5.0651,-0.1515,0.8171,5.2343,-0.1370,0.8000,0,1,4.4881,0.1445,0.8250,-0.2698,0.1445,-0.5051,4.4881,0.1445,0.8250,4.6755,0.1377,0.8000,0,1,4.5494,-0.1436,0.8198,-0.2087,-0.1437,-0.5103,4.5494,-0.1436,0.8198,4.6087,-0.1373,0.8000,1,1
4.7622,0.0001,1.3303,0.0224,0.0012,5.1204,0.1516,0.8111,0.3584,0.1511,-0.5192,5.1204,0.1516,0.8111,5.1693,0.1380,0.8000,1,1,5.0775,-0.1540,0.8254,0.3151,-0.1545,-0.5049,5.0775,-0.1540,0.8254,5.2387,-0.1370,0.8000,0,1,4.4980,0.1464,0.8320,-0.2640,0.1466,-0.4983,4.4980,0.1464,0.8320,4.6797,0.1373,0.8000,0,1,4.5493,-0.1436,0.8199,-0.2131,-0.1434,-0.5104,4.5493,-0.1436,0.8199,4.6111,-0.1377,0.8000,1,1
4.7664,-0.0001,1.3307,0.0215,0.0018,5.1201,0.1516,0.8109,0.3540,0.1511,-0.5198,5.1201,0.1516,0.8109,5.1715,0.1381,0.8000,1,1,5.0899,-0.1566,0.8367,0.3232,-0.1571,-0.4940,5.0899,-0.1566,0.8367,5.2430,-0.1369,0.8000,0,1,4.5092,0.1484,0.8397,-0.2569,0.1490,-0.4910,4.5092,0.1484,0.8397,4.6839,0.1371,0.8000,0,1,4.5491,-0.1436,0.8200,-0.2176,-0.1431,-0.5107,4.5491,-0.1436,0.8200,4.6134,-0.1379,0.8000,1,1
4.7706,-0.0003,1.3311,0.0200,0.0024,5.1199,0.1516,0.8107,0.3497,0.1511,-0.5204,5.1199,0.1516,0.8107,5.1736,0.1382,0.8000,1,1,5.1015,-0.1590,0.8495,0.3305,-0.1595,-0.4816,5.1015,-0.1590,0.8495,5.2473,-0.1368,0.8000,0,1,4.5201,0.1503,0.8506,-0.2501,0.1512,-0.4805,4.5201,0.1503,0.8506,4.6880,0.1368,0.8000,0,1,4.5489,-0.1436,0.8200,-0.2220,-0.1428,-0.5111,4.5489,-0.1436,0.8200,4.6157,-0.1382,0.8000,1,1
4.7746,-0.0003,1.3315,0.0181,0.0030,5.1199,0.1516,0.8108,0.3458,0.1509,-0.5207,5.1199,0.1516,0.8108,5.1756,0.1383,0.8000,1,1,5.1123,-0.1608,0.8627,0.3372,-0.1615,-0.4688,5.1123,-0.1608,0.8627,5.2514,-0.1367,0.8000,0,1,4.5307,0.1522,0.8635,-0.2434,0.1532,-0.4680,4.5307,0.1522,0.8635,4.6920,0.1366,0.8000,0,1,4.5489,-0.1436,0.8200,-0.2261,-0.1426,-0.5115,4.5489,-0.1436,0.8200,4.6178,-0.1384,0.8000,1,1
4.7786,-0.0004,1.3318,0.0162,0.0034,5.1199,0.1516,0.8107,0.3418,0.1508,-0.5211,5.1199,0.1516,0.8107,5.1776,0.1384,0.8000,1,1,5.1218,-0.1622,0.8747,0.3426,-0.1630,-0.4571,5.1218,-0.1622,0.8747,5.2555,-0.1366,0.8000,0,1,4.5407,0.1537,0.8732,-0.2374,0.1549,-0.4586,4.5407,0.1537,0.8732,4.6960,0.1365,0.8000,0,1,4.5489,-0.1436,0.8200,-0.2302,-0.1424,-0.5118,4.5489,-0.1436,0.8200,4.6199,-0.1385,0.8000,1,1
4.7826,-0.0004,1.3321,0.0145,0.0038,5.1199,0.1516,0.8107,0.3379,0.1507,-0.5214,5.1199,0.1516,0.8107,5.1794,0.1385,0.8000,1,1,5.1305,-0.1630,0.8845,0.3473,-0.1639,-0.4476,5.1305,-0.1630,0.8845,5.2595,-0.1365,0.8000,0,1,4.5495,0.1547,0.8818,-0.2325,0.1560,-0.4503,4.5495,0.1547,0.8818,4.6998,0.1364,0.8000,0,1,4.5489,-0.1436,0.8200,-0.2342,-0.1423,-0.5121,4.5489,-0.1436,0.8200,4.6219,-0.1386,0.8000,1,1
4.7864,-0.0004,1.3322,0.0131,0.0041,5.1199,0.1516,0.8107,0.3341,0.1506,-0.5215,5.1199,0.1516,0.8107,5.1812,0.1386,0.8000,1,1,5.1386,-0.1633,0.8907,0.3515,-0.1643,-0.4415,5.1386,-0.1633,0.8907,5.2634,-0.1364,0.8000,0,1,4.5577,0.1553,0.8877,-0.2281,0.1566,-0.4445,4.5577,0.1553,0.8877,4.7036,0.1363,0.8000,0,1,4.5489,-0.1436,0.8200,-0.2381,-0.1422,-0.5122,4.5489,-0.1436,0.8200,4.6238,-0.1387,0.8000,1,1
4.7902,-0.0004,1.3322,0.0121,0.0043,5.1200,0.1516,0.8107,0.3305,0.1506,-0.5215,5.1200,0.1516,0.8107,5.1830,0.1387,0.8000,1,1,5.1465,-0.1631,0.8922,0.3556,-0.1642,-0.4400,5.1465,-0.1631,0.8922,5.2672,-0.1363,0.8000,0,1,4.5651,0.1555,0.8891,-0.2244,0.1569,-0.4431,4.5651,0.1555,0.8891,4.7074,0.1363,0.8000,0,1,4.5489,-0.1436,0.8199,-0.2419,-0.1422,-0.5123,4.5489,-0.1436,0.8199,4.6256,-0.1387,0.8000,1,1
4.7940,-0.0003,1.3320,0.0115,0.0043,5.1200,0.1516,0.8107,0.3267,0.1505,-0.5213,5.1200,0.1516,0.8107,5.1848,0.1388,0.8000,1,1,5.1543,-0.1626,0.8886,0.3596,-0.1638,-0.4434,5.1543,-0.1626,0.8886,5.2710,-0.1362,0.8000,0,1,4.5722,0.1553,0.8855,-0.2211,0.1566,-0.4465,4.5722,0.1553,0.8855,4.7112,0.1364,0.8000,0,1,4.5490,-0.1436,0.8199,-0.2456,-0.1422,-0.5121,4.5490,-0.1436,0.8199,4.6274,-0.1386,0.8000,1,1
4.7978,-0.0002,1.3317,0.0114,0.0043,5.1200,0.1516,0.8107,0.3228,0.1504,-0.5210,5.1200,0.1516,0.8107,5.1866,0.1389,0.8000,1,1,5.1617,-0.1616,0.8811,0.3632,-0.1630,-0.4506,5.1617,-0.1616,0.8811,5.2747,-0.1361,0.8000,0,1,4.5793,0.1548,0.8779,-0.2178,0.1559,-0.4538,4.5793,0.1548,0.8779,4.7150,0.1365,0.8000,0,1,4.5490,-0.1436,0.8199,-0.2494,-0.1423,-0.5118,4.5490,-0.1436,0.8199,4.6292,-0.1385,0.8000,1,1
4.8016,-0.0001,1.3313,0.0117,0.0041,5.1201,0.1516,0.8108,0.3191,0.1504,-0.5205,5.1201,0.1516,0.8108,5.1884,0.1390,0.8000,1,1,5.1683,-0.1602,0.8708,0.3660,-0.1616,-0.4605,5.1683,-0.1602,0.8708,5.2785,-0.1360,0.8000,0,1,4.5851,0.1540,0.8678,-0.2159,0.1550,-0.4635,4.5851,0.1540,0.8678,4.7188,0.1367,0.8000,0,1,4.5490,-0.1436,0.8199,-0.2532,-0.1425,-0.5114,4.5490,-0.1436,0.8199,4.6309,-0.1383,0.8000,1,1
4.8054,0.0001,1.3308,0.0126,0.0038,5.1201,0.1516,0.8108,0.3153,0.1503,-0.5200,5.1201,0.1516,0.8108,5.1902,0.1390,0.8000,1,1,5.1746,-0.1584,0.8587,0.3686,-0.1599,-0.4721,5.1746,-0.1584,0.8587,5.2823,-0.1360,0.8000,0,1,4.5914,0.1528,0.8572,-0.2134,0.1535,-0.4736,4.5914,0.1528,0.8572,4.7226,0.1369,0.8000,0,1,4.5491,-0.1436,0.8199,-0.2568,-0.1427,-0.5109,4.5491,-0.1436,0.8199,4.6327,-0.1381,0.8000,1,1
4.8092,0.0003,1.3304,0.0138,0.0034,5.1202,0.1516,0.8108,0.3115,0.1502,-0.5196,5.1202,0.1516,0.8108,5.1922,0.1390,0.8000,1,1,5.1794,-0.1564,0.8460,0.3697,-0.1580,-0.4844,5.1794,-0.1564,0.8460,5.2861,-0.1360,0.8000,0,1,4.5966,0.1511,0.8477,-0.2121,0.1515,-0.4827,4.5966,0.1511,0.8477,4.7266,0.1371,0.8000,0,1,4.5491,-0.1437,0.8199,-0.2606,-0.1431,-0.5105,4.5491,-0.1437,0.8199,4.6345,-0.1379,0.8000,1,1
4.8132,0.0005,1.3300,0.0154,0.0028,5.1203,0.1515,0.8109,0.3075,0.1501,-0.5191,5.1203,0.1515,0.8109,5.1942,0.1390,0.8000,1,1,5.1841,-0.1543,0.8339,0.3705,-0.1558,-0.4961,5.1841,-0.1543,0.8339,5.2900,-0.1360,0.8000,0,1,4.6024,0.1491,0.8379,-0.2104,0.1492,-0.4921,4.6024,0.1491,0.8379,4.7306,0.1374,0.8000,0,1,4.5492,-0.1437,0.8199,-0.2644,-0.1435,-0.5101,4.5492,-0.1437,0.8199,4.6364,-0.1376,0.8000,1,1
4.8173,0.0006,1.3298,0.0171,0.0022,5.1203,0.1516,0.8110,0.3033,0.1503,-0.5188,5.1203,0.1516,0.8110,5.1964,0.1390,0.8000,1,1,5.1880,-0.1524,0.8233,0.3704,-0.1538,-0.5065,5.1880,-0.1524,0.8233,5.2940,-0.1360,0.8000,0,1,4.6081,0.1468,0.8284,-0.2089,0.1467,-0.5014,4.6081,0.1468,0.8284,4.7348,0.1377,0.8000,0,1,4.5493,-0.1437,0.8199,-0.2683,-0.1437,-0.5099,4.5493,-0.1437,0.8199,4.6384,-0.1373,0.8000,1,1
4.8215,0.0008,1.3297,0.0192,0.0015,5.1204,0.1516,0.8110,0.2991,0.1504,-0.5187,5.1204,0.1516,0.8110,5.1987,0.1389,0.8000,1,1,5.1918,-0.1508,0.8153,0.3701,-0.1522,-0.5144,5.1918,-0.1508,0.8153,5.2981,-0.1361,0.8000,0,1,4.6143,0.1445,0.8212,-0.2070,0.1440,-0.5085,4.6143,0.1445,0.8212,4.7391,0.1381,0.8000,0,1,4.5493,-0.1437,0.8199,-0.2724,-0.1441,-0.5098,4.5493,-0.1437,0.8199,4.6405,-0.1369,0.8000,1,1
4.8265,0.0011,1.3297,0.0213,0.0006,5.1284,0.1528,0.8136,0.3020,0.1515,-0.5161,5.1284,0.1528,0.8136,5.3022,0.1388,0.8000,0,1,5.1937,-0.1503,0.8123,0.3671,-0.1516,-0.5174,5.1937,-0.1503,0.8123,5.2364,-0.1362,0.8000,1,1,4.6181,0.1431,0.8184,-0.2083,0.1421,-0.5113,4.6181,0.1431,0.8184,4.6776,0.1384,0.8000,1,1,4.5556,-0.1444,0.8222,-0.2710,-0.1453,-0.5075,4.5556,-0.1444,0.8222,4.7438,-0.1366,0.8000,0,1
4.8303,0.0012,1.3299,0.0219,0.0000,5.1398,0.1548,0.8197,0.3095,0.1536,-0.5102,5.1398,0.1548,0.8197,5.3066,0.1387,0.8000,0,1,5.1935,-0.1503,0.8123,0.3632,-0.1515,-0.5176,5.1935,-0.1503,0.8123,5.2386,-0.1363,0.8000,1,1,4.6180,0.1431,0.8185,-0.2123,0.1419,-0.5114,4.6180,0.1431,0.8185,4.6800,0.1387,0.8000,1,1,4.5645,-0.1458,0.8279,-0.2658,-0.1470,-0.5020,4.5645,-0.1458,0.8279,4.7480,-0.1363,0.8000,0,1
4.8346,0.0014,1.3302,0.0213,-0.0006,5.1525,0.1573,0.8297,0.3178,0.1561,-0.5005,5.1525,0.1573,0.8297,5.3110,0.1387,0.8000,0,1,5.1934,-0.1504,0.8123,0.3589,-0.1516,-0.5179,5.1934,-0.1504,0.8123,5.2408,-0.1363,0.8000,1,1,4.6178,0.1431,0.8186,-0.2169,0.1416,-0.5116,4.6178,0.1431,0.8186,4.6824,0.1390,0.8000,1,1,4.5750,-0.1480,0.8356,-0.2595,-0.1496,-0.4946,4.5750,-0.1480,0.8356,4.7522,-0.1360,0.8000,0,1
4.8387,0.0015,1.3306,0.0200,-0.0012,5.1647,0.1596,0.8417,0.3258,0.1585,-0.4889,5.1647,0.1596,0.8417,5.3153,0.1386,0.8000,0,1,5.1933,-0.1504,0.8123,0.3548,-0.1515,-0.5183,5.1933,-0.1504,0.8123,5.2430,-0.1364,0.8000,1,1,4.6177,0.1431,0.8186,-0.2212,0.1413,-0.5120,4.6177,0.1431,0.8186,4.6847,0.1392,0.8000,1,1,4.5865,-0.1501,0.8455,-0.2520,-0.1519,-0.4851,4.5865,-0.1501,0.8455,4.7564,-0.1358,0.8000,0,1
4.8429,0.0016,1.3310,0.0185,-0.0017,5.1758,0.1614,0.8549,0.3326,0.1604,-0.4761,5.1758,0.1614,0.8549,5.3195,0.1384,0.8000,0,1,5.1931,-0.1504,0.8121,0.3505,-0.1514,-0.5189,5.1931,-0.1504,0.8121,5.2450,-0.1366,0.8000,1,1,4.6175,0.1431,0.8187,-0.2256,0.1411,-0.5123,4.6175,0.1431,0.8187,4.6869,0.1394,0.8000,1,1,4.5971,-0.1522,0.8572,-0.2455,-0.1542,-0.4738,4.5971,-0.1522,0.8572,4.7604,-0.1356,0.8000,0,1
4.8469,0.0016,1.3314,0.0168,-0.0022,5.1858,0.1628,0.8676,0.3385,0.1619,-0.4638,5.1858,0.1628,0.8676,5.3236,0.1383,0.8000,0,1,5.1931,-0.1503,0.8120,0.3465,-0.1511,-0.5194,5.1931,-0.1503,0.8120,5.2469,-0.1367,0.8000,1,1,4.6175,0.1431,0.8187,-0.2297,0.1410,-0.5127,4.6175,0.1431,0.8187,4.6890,0.1396,0.8000,1,1,4.6072,-0.1540,0.8695,-0.2394,-0.1561,-0.4619,4.6072,-0.1540,0.8695,4.7643,-0.1354,0.8000,0,1
4.8508,0.0017,1.3317,0.0151,-0.0027,5.1947,0.1637,0.8787,0.3435,0.1629,-0.4530,5.1947,0.1637,0.8787,5.3276,0.1382,0.8000,0,1,5.1930,-0.1503,0.8120,0.3426,-0.1511,-0.5197,5.1930,-0.1503,0.8120,5.2488,-0.1368,0.8000,1,1,4.6175,0.1431,0.8187,-0.2337,0.1408,-0.5130,4.6175,0.1431,0.8187,4.6910,0.1396,0.8000,1,1,4.6166,-0.1553,0.8800,-0.2338,-0.1576,-0.4517,4.6166,-0.1553,0.8800,4.7682,-0.1354,0.8000,0,1
4.8547,0.0016,1.3320,0.0137,-0.0030,5.2030,0.1641,0.8869,0.3478,0.1635,-0.4451,5.2030,0.1641,0.8869,5.3315,0.1380,0.8000,0,1,5.1930,-0.1503,0.8119,0.3388,-0.1509,-0.5201,5.1930,-0.1503,0.8119,5.2506,-0.1370,0.8000,1,1,4.6175,0.1431,0.8186,-0.2376,0.1408,-0.5134,4.6175,0.1431,0.8186,4.6929,0.1397,0.8000,1,1,4.6251,-0.1562,0.8879,-0.2291,-0.1585,-0.4441,4.6251,-0.1562,0.8879,4.7720,-0.1353,0.8000,0,1
4.8585,0.0016,1.3320,0.0125,-0.0033,5.2110,0.1640,0.8908,0.3520,0.1636,-0.4412,5.2110,0.1640,0.8908,5.3353,0.1379,0.8000,0,1,5.1931,-0.1503,0.8119,0.3351,-0.1508,-0.5201,5.1931,-0.1503,0.8119,5.2524,-0.1371,0.8000,1,1,4.6175,0.1431,0.8186,-0.2415,0.1407,-0.5134,4.6175,0.1431,0.8186,4.6947,0.1397,0.8000,1,1,4.6327,-0.1567,0.8918,-0.2253,-0.1590,-0.4402,4.6327,-0.1567,0.8918,4.7758,-0.1353,0.8000,0,1
4.8623,0.0015,1.3319,0.0117,-0.0034,5.2189,0.1636,0.8897,0.3560,0.1633,-0.4422,5.2189,0.1636,0.8897,5.3391,0.1377,0.8000,0,1,5.1931,-0.1503,0.8119,0.3313,-0.1507,-0.5200,5.1931,-0.1503,0.8119,5.2542,-0.1373,0.8000,1,1,4.6175,0.1431,0.8186,-0.2453,0.1408,-0.5133,4.6175,0.1431,0.8186,4.6965,0.1396,0.8000,1,1,4.6398,-0.1568,0.8907,-0.2220,-0.1591,-0.4412,4.6398,-0.1568,0.8907,4.7796,-0.1354,0.8000,0,1
4.8661,0.0014,1.3317,0.0114,-0.0034,5.2265,0.1627,0.8840,0.3598,0.1625,-0.4477,5.2265,0.1627,0.8840,5.3429,0.1376,0.8000,0,1,5.1931,-0.1503,0.8120,0.3275,-0.1506,-0.5197,5.1931,-0.1503,0.8120,5.2560,-0.1374,0.8000,1,1,4.6175,0.1431,0.8186,-0.2491,0.1409,-0.5131,4.6175,0.1431,0.8186,4.6983,0.1395,0.8000,1,1,4.6466,-0.1566,0.8849,-0.2190,-0.1587,-0.4468,4.6466,-0.1566,0.8849,4.7834,-0.1355,0.8000,0,1
4.8698,0.0012,1.3313,0.0115,-0.0033,5.2334,0.1615,0.8749,0.3631,0.1615,-0.4564,5.2334,0.1615,0.8749,5.3467,0.1375,0.8000,0,1,5.1932,-0.1503,0.8120,0.3239,-0.1504,-0.5193,5.1932,-0.1503,0.8120,5.2578,-0.1375,0.8000,1,1,4.6176,0.1431,0.8186,-0.2527,0.1411,-0.5127,4.6176,0.1431,0.8186,4.7001,0.1393,0.8000,1,1,4.6538,-0.1560,0.8758,-0.2155,-0.1579,-0.4555,4.6538,-0.1560,0.8758,4.7872,-0.1357,0.8000,0,1
4.8736,0.0010,1.3308,0.0121,-0.0031,5.2404,0.1600,0.8636,0.3663,0.1601,-0.4672,5.2404,0.1600,0.8636,5.3504,0.1374,0.8000,0,1,5.1932,-0.1503,0.8120,0.3201,-0.1503,-0.5188,5.1932,-0.1503,0.8120,5.2596,-0.1376,0.8000,1,1,4.6176,0.1431,0.8186,-0.2564,0.1413,-0.5122,4.6176,0.1431,0.8186,4.7018,0.1391,0.8000,1,1,4.6599,-0.1551,0.8653,-0.2132,-0.1568,-0.4655,4.6599,-0.1551,0.8653,4.7910,-0.1359,0.8000,0,1
4.8775,0.0009,1.3304,0.0129,-0.0028,5.2457,0.1583,0.8516,0.3678,0.1584,-0.4788,5.2457,0.1583,0.8516,5.3542,0.1373,0.8000,0,1,5.1933,-0.1503,0.8121,0.3162,-0.1503,-0.5183,5.1933,-0.1503,0.8121,5.2615,-0.1377,0.8000,1,1,4.6177,0.1431,0.8186,-0.2602,0.1415,-0.5118,4.6177,0.1431,0.8186,4.7036,0.1389,0.8000,1,1,4.6652,-0.1537,0.8543,-0.2119,-0.1552,-0.4761,4.6652,-0.1537,0.8543,4.7949,-0.1361,0.8000,0,1
4.8814,0.0006,1.3299,0.0141,-0.0024,5.2507,0.1565,0.8402,0.3689,0.1568,-0.4897,5.2507,0.1565,0.8402,5.3581,0.1373,0.8000,0,1,5.1933,-0.1503,0.8121,0.3123,-0.1502,-0.5178,5.1933,-0.1503,0.8121,5.2635,-0.1377,0.8000,1,1,4.6177,0.1431,0.8186,-0.2640,0.1419,-0.5113,4.6177,0.1431,0.8186,4.7055,0.1386,0.8000,1,1,4.6707,-0.1521,0.8448,-0.2103,-0.1532,-0.4851,4.6707,-0.1521,0.8448,4.7989,-0.1364,0.8000,0,1
4.8855,0.0004,1.3296,0.0157,-0.0019,5.2554,0.1546,0.8297,0.3696,0.1549,-0.4999,5.2554,0.1546,0.8297,5.3621,0.1372,0.8000,0,1,5.1934,-0.1503,0.8122,0.3082,-0.1501,-0.5174,5.1934,-0.1503,0.8122,5.2656,-0.1378,0.8000,1,1,4.6178,0.1431,0.8186,-0.2680,0.1422,-0.5110,4.6178,0.1431,0.8186,4.7075,0.1383,0.8000,1,1,4.6764,-0.1500,0.8357,-0.2088,-0.1508,-0.4939,4.6764,-0.1500,0.8357,4.8030,-0.1367,0.8000,0,1
4.8897,0.0002,1.3294,0.0176,-0.0013,5.2594,0.1529,0.8204,0.3695,0.1532,-0.5090,5.2594,0.1529,0.8204,5.3662,0.1372,0.8000,0,1,5.1934,-0.1503,0.8122,0.3039,-0.1501,-0.5172,5.1934,-0.1503,0.8122,5.2679,-0.1378,0.8000,1,1,4.6178,0.1431,0.8186,-0.2721,0.1425,-0.5108,4.6178,0.1431,0.8186,4.7096,0.1379,0.8000,1,1,4.6819,-0.1477,0.8276,-0.2076,-0.1482,-0.5018,4.6819,-0.1477,0.8276,4.8072,-0.1371,0.8000,0,1
4.8940,-0.0000,1.3294,0.0202,-0.0007,5.2634,0.1519,0.8138,0.3693,0.1522,-0.5156,5.2634,0.1519,0.8138,5.3054,0.1372,0.8000,1,1,5.1934,-0.1503,0.8122,0.2995,-0.1501,-0.5172,5.1934,-0.1503,0.8122,5.3702,-0.1378,0.8000,0,1,4.6178,0.1431,0.8187,-0.2763,0.1429,-0.5107,4.6178,0.1431,0.8187,4.8118,0.1376,0.8000,0,1,4.6887,-0.1450,0.8214,-0.2052,-0.1451,-0.5080,4.6887,-0.1450,0.8214,4.7466,-0.1374,0.8000,1,1
4.8985,-0.0003,1.3296,0.0220,-0.0000,5.2634,0.1519,0.8140,0.3649,0.1522,-0.5156,5.2634,0.1519,0.8140,5.3077,0.1372,0.8000,1,1,5.2060,-0.1523,0.8168,0.3075,-0.1520,-0.5128,5.2060,-0.1523,0.8168,5.3747,-0.1378,0.8000,0,1,4.6279,0.1447,0.8231,-0.2706,0.1450,-0.5065,4.6279,0.1447,0.8231,4.8161,0.1372,0.8000,0,1,4.6887,-0.1450,0.8215,-0.2098,-0.1447,-0.5081,4.6887,-0.1450,0.8215,4.7491,-0.1378,0.8000,1,1
4.9027,-0.0005,1.3299,0.0220,0.0006,5.2634,0.1519,0.8140,0.3608,0.1522,-0.5159,5.2634,0.1519,0.8140,5.3100,0.1372,0.8000,1,1,5.2184,-0.1546,0.8248,0.3156,-0.1543,-0.5051,5.2184,-0.1546,0.8248,5.3791,-0.1378,0.8000,0,1,4.6384,0.1465,0.8310,-0.2642,0.1472,-0.4989,4.6384,0.1465,0.8310,4.8204,0.1369,0.8000,0,1,4.6887,-0.1450,0.8216,-0.2141,-0.1444,-0.5083,4.6887,-0.1450,0.8216,4.7515,-0.1381,0.8000,1,1
4.9069,-0.0007,1.3303,0.0211,0.0011,5.2632,0.1519,0.8140,0.3565,0.1522,-0.5163,5.2632,0.1519,0.8140,5.3122,0.1372,0.8000,1,1,5.2308,-0.1570,0.8354,0.3237,-0.1567,-0.4949,5.2308,-0.1570,0.8354,5.3835,-0.1378,0.8000,0,1,4.6493,0.1485,0.8407,-0.2574,0.1495,-0.4896,4.6493,0.1485,0.8407,4.8246,0.1366,0.8000,0,1,4.6885,-0.1450,0.8216,-0.2186,-0.1441,-0.5087,4.6885,-0.1450,0.8216,4.7539,-0.1384,0.8000,1,1
4.9111,-0.0008,1.3307,0.0198,0.0016,5.2630,0.1519,0.8137,0.3521,0.1521,-0.5170,5.2630,0.1519,0.8137,5.3143,0.1373,0.8000,1,1,5.2421,-0.1592,0.8481,0.3307,-0.1589,-0.4826,5.2421,-0.1592,0.8481,5.3877,-0.1377,0.8000,0,1,4.6603,0.1507,0.8513,-0.2506,0.1519,-0.4794,4.6603,0.1507,0.8513,4.8287,0.1364,0.8000,0,1,4.6883,-0.1450,0.8217,-0.2230,-0.1438,-0.5090,4.6883,-0.1450,0.8217,4.7561,-0.1386,0.8000,1,1
4.9152,-0.0009,1.3312,0.0181,0.0020,5.2630,0.1519,0.8137,0.3481,0.1521,-0.5175,5.2630,0.1519,0.8137,5.3163,0.1373,0.8000,1,1,5.2527,-0.1609,0.8612,0.3372,-0.1607,-0.4700,5.2527,-0.1609,0.8612,5.3919,-0.1377,0.8000,0,1,4.6710,0.1527,0.8643,-0.2439,0.1541,-0.4669,4.6710,0.1527,0.8643,4.8327,0.1362,0.8000,0,1,4.6883,-0.1450,0.8217,-0.2272,-0.1436,-0.5095,4.6883,-0.1450,0.8217,4.7583,-0.1388,0.8000,1,1
4.9192,-0.0010,1.3317,0.0164,0.0024,5.2630,0.1519,0.8137,0.3442,0.1521,-0.5180,5.2630,0.1519,0.8137,5.3183,0.1374,0.8000,1,1,5.2621,-0.1621,0.8733,0.3425,-0.1619,-0.4584,5.2621,-0.1621,0.8733,5.3959,-0.1376,0.8000,0,1,4.6810,0.1543,0.8749,-0.2378,0.1559,-0.4568,4.6810,0.1543,0.8749,4.8367,0.1361,0.8000,0,1,4.6883,-0.1450,0.8216,-0.2312,-0.1434,-0.5101,4.6883,-0.1450,0.8216,4.7603,-0.1389,0.8000,1,1
4.9231,-0.0010,1.3320,0.0148,0.0027,5.2630,0.1519,0.8137,0.3403,0.1520,-0.5183,5.2630,0.1519,0.8137,5.3201,0.1375,0.8000,1,1,5.2705,-0.1628,0.8831,0.3470,-0.1627,-0.4489,5.2705,-0.1628,0.8831,5.3999,-0.1375,0.8000,0,1,4.6898,0.1554,0.8840,-0.2329,0.1570,-0.4480,4.6898,0.1554,0.8840,4.8405,0.1360,0.8000,0,1,4.6883,-0.1450,0.8216,-0.2352,-0.1434,-0.5104,4.6883,-0.1450,0.8216,4.7623,-0.1390,0.8000,1,1
4.9270,-0.0010,1.3322,0.0135,0.0029,5.2630,0.1519,0.8137,0.3364,0.1519,-0.5185,5.2630,0.1519,0.8137,5.3220,0.1376,0.8000,1,1,5.2785,-0.1631,0.8893,0.3510,-0.1631,-0.4429,5.2785,-0.1631,0.8893,5.4037,-0.1374,0.8000,0,1,4.6981,0.1560,0.8900,-0.2284,0.1577,-0.4422,4.6981,0.1560,0.8900,4.8444,0.1360,0.8000,0,1,4.6883,-0.1450,0.8216,-0.2391,-0.1433,-0.5106,4.6883,-0.1450,0.8216,4.7641,-0.1390,0.8000,1,1
4.9308,-0.0010,1.3323,0.0126,0.0030,5.2630,0.1519,0.8137,0.3327,0.1519,-0.5186,5.2630,0.1519,0.8137,5.3238,0.1376,0.8000,1,1,5.2863,-0.1629,0.8908,0.3550,-0.1630,-0.4415,5.2863,-0.1629,0.8908,5.4076,-0.1374,0.8000,0,1,4.7056,0.1562,0.8914,-0.2247,0.1579,-0.4409,4.7056,0.1562,0.8914,4.8482,0.1360,0.8000,0,1,4.6884,-0.1450,0.8216,-0.2428,-0.1433,-0.5107,4.6884,-0.1450,0.8216,4.7660,-0.1390,0.8000,1,1
4.9346,-0.0009,1.3322,0.0121,0.0030,5.2631,0.1519,0.8137,0.3290,0.1518,-0.5185,5.2631,0.1519,0.8137,5.3255,0.1377,0.8000,1,1,5.2940,-0.1624,0.8872,0.3589,-0.1626,-0.4450,5.2940,-0.1624,0.8872,5.4114,-0.1373,0.8000,0,1,4.7127,0.1560,0.8878,-0.2214,0.1576,-0.4444,4.7127,0.1560,0.8878,4.8519,0.1360,0.8000,0,1,4.6884,-0.1450,0.8216,-0.2466,-0.1434,-0.5106,4.6884,-0.1450,0.8216,4.7678,-0.1390,0.8000,1,1
4.9383,-0.0008,1.3319,0.0120,0.0029,5.2631,0.1519,0.8137,0.3252,0.1518,-0.5182,5.2631,0.1519,0.8137,5.3273,0.1378,0.8000,1,1,5.3015,-0.1615,0.8798,0.3627,-0.1618,-0.4521,5.3015,-0.1615,0.8798,5.4151,-0.1372,0.8000,0,1,4.7196,0.1556,0.8804,-0.2182,0.1570,-0.4515,4.7196,0.1556,0.8804,4.8557,0.1362,0.8000,0,1,4.6884,-0.1450,0.8216,-0.2503,-0.1435,-0.5103,4.6884,-0.1450,0.8216,4.7695,-0.1388,0.8000,1,1
4.9421,-0.0007,1.3315,0.0124,0.0027,5.2631,0.1519,0.8137,0.3214,0.1517,-0.5178,5.2631,0.1519,0.8137,5.3291,0.1378,0.8000,1,1,5.3074,-0.1602,0.8696,0.3649,-0.1605,-0.4619,5.3074,-0.1602,0.8696,5.4189,-0.1372,0.8000,0,1,4.7269,0.1547,0.8707,-0.2148,0.1560,-0.4608,4.7269,0.1547,0.8707,4.8595,0.1363,0.8000,0,1,4.6884,-0.1450,0.8216,-0.2541,-0.1436,-0.5099,4.6884,-0.1450,0.8216,4.7713,-0.1387,0.8000,1,1
4.9460,-0.0005,1.3311,0.0132,0.0024,5.2632,0.1519,0.8138,0.3176,0.1516,-0.5173,5.2632,0.1519,0.8138,5.3310,0.1379,0.8000,1,1,5.3145,-0.1586,0.8577,0.3681,-0.1590,-0.4734,5.3145,-0.1586,0.8577,5.4227,-0.1371,0.8000,0,1,4.7318,0.1531,0.8600,-0.2138,0.1541,-0.4711,4.7318,0.1531,0.8600,4.8634,0.1365,0.8000,0,1,4.6885,-0.1450,0.8216,-0.2578,-0.1439,-0.5095,4.6885,-0.1450,0.8216,4.7731,-0.1385,0.8000,1,1
4.9498,-0.0004,1.3307,0.0143,0.0020,5.2633,0.1519,0.8138,0.3138,0.1517,-0.5169,5.2633,0.1519,0.8138,5.3329,0.1379,0.8000,1,1,5.3187,-0.1567,0.8454,0.3686,-0.1570,-0.4853,5.3187,-0.1567,0.8454,5.4265,-0.1371,0.8000,0,1,4.7380,0.1512,0.8494,-0.2115,0.1520,-0.4813,4.7380,0.1512,0.8494,4.8673,0.1367,0.8000,0,1,4.6886,-0.1450,0.8216,-0.2615,-0.1441,-0.5091,4.6886,-0.1450,0.8216,4.7749,-0.1383,0.8000,1,1
4.9538,-0.0002,1.3303,0.0157,0.0015,5.2633,0.1518,0.8139,0.3097,0.1515,-0.5164,5.2633,0.1518,0.8139,5.3350,0.1379,0.8000,1,1,5.3237,-0.1547,0.8334,0.3697,-0.1551,-0.4969,5.3237,-0.1547,0.8334,5.4304,-0.1371,0.8000,0,1,4.7438,0.1489,0.8392,-0.2098,0.1494,-0.4911,4.7438,0.1489,0.8392,4.8714,0.1370,0.8000,0,1,4.6886,-0.1450,0.8216,-0.2654,-0.1444,-0.5087,4.6886,-0.1450,0.8216,4.7768,-0.1380,0.8000,1,1
4.9579,-0.0000,1.3301,0.0174,0.0008,5.2634,0.1519,0.8140,0.3056,0.1517,-0.5161,5.2634,0.1519,0.8140,5.3372,0.1378,0.8000,1,1,5.3275,-0.1528,0.8229,0.3695,-0.1531,-0.5072,5.3275,-0.1528,0.8229,5.4344,-0.1372,0.8000,0,1,4.7495,0.1463,0.8294,-0.2083,0.1465,-0.5007,4.7495,0.1463,0.8294,4.8756,0.1373,0.8000,0,1,4.6887,-0.1450,0.8216,-0.2693,-0.1448,-0.5085,4.6887,-0.1450,0.8216,4.7788,-0.1377,0.8000,1,1
4.9622,0.0002,1.3300,0.0195,0.0001,5.2635,0.1519,0.8140,0.3013,0.1517,-0.5160,5.2635,0.1519,0.8140,5.3395,0.1377,0.8000,1,1,5.3313,-0.1514,0.8149,0.3691,-0.1516,-0.5151,5.3313,-0.1514,0.8149,5.4385,-0.1373,0.8000,0,1,4.7557,0.1437,0.8219,-0.2065,0.1435,-0.5081,4.7557,0.1437,0.8219,4.8799,0.1376,0.8000,0,1,4.6887,-0.1450,0.8216,-0.2735,-0.1452,-0.5084,4.6887,-0.1450,0.8216,4.7809,-0.1374,0.8000,1,1
4.9671,0.0004,1.3302,0.0216,-0.0007,5.2715,0.1532,0.8163,0.3043,0.1530,-0.5139,5.2715,0.1532,0.8163,5.4430,0.1376,0.8000,0,1,5.3334,-0.1509,0.8120,0.3664,-0.1510,-0.5182,5.3334,-0.1509,0.8120,5.3768,-0.1374,0.8000,1,1,4.7593,0.1424,0.8190,-0.2079,0.1419,-0.5112,4.7593,0.1424,0.8190,4.8184,0.1380,0.8000,1,1,4.6956,-0.1459,0.8235,-0.2714,-0.1465,-0.5067,4.6956,-0.1459,0.8235,4.8842,-0.1370,0.8000,0,1
4.9710,0.0005,1.3304,0.0223,-0.0013,5.2826,0.1551,0.8224,0.3114,0.1550,-0.5080,5.2826,0.1551,0.8224,5.4474,0.1376,0.8000,0,1,5.3332,-0.1509,0.8121,0.3624,-0.1509,-0.5183,5.3332,-0.1509,0.8121,5.3791,-0.1374,0.8000,1,1,4.7591,0.1424,0.8191,-0.2121,0.1416,-0.5113,4.7591,0.1424,0.8191,4.8208,0.1383,0.8000,1,1,4.7053,-0.1476,0.8293,-0.2655,-0.1484,-0.5011,4.7053,-0.1476,0.8293,4.8885,-0.1367,0.8000,0,1
4.9752,0.0007,1.3307,0.0218,-0.0019,5.2949,0.1574,0.8322,0.3194,0.1573,-0.4985,5.2949,0.1574,0.8322,5.4518,0.1375,0.8000,0,1,5.3330,-0.1509,0.8120,0.3581,-0.1509,-0.5187,5.3330,-0.1509,0.8120,5.3813,-0.1375,0.8000,1,1,4.7589,0.1424,0.8193,-0.2166,0.1413,-0.5114,4.7589,0.1424,0.8193,4.8232,0.1385,0.8000,1,1,4.7162,-0.1499,0.8381,-0.2587,-0.1511,-0.4926,4.7162,-0.1499,0.8381,4.8927,-0.1365,0.8000,0,1
4.9793,0.0008,1.3312,0.0207,-0.0024,5.3070,0.1597,0.8443,0.3273,0.1597,-0.4869,5.3070,0.1597,0.8443,5.4560,0.1374,0.8000,0,1,5.3328,-0.1509,0.8119,0.3539,-0.1509,-0.5193,5.3328,-0.1509,0.8119,5.3834,-0.1376,0.8000,1,1,4.7587,0.1424,0.8193,-0.2209,0.1411,-0.5119,4.7587,0.1424,0.8193,4.8254,0.1387,0.8000,1,1,4.7270,-0.1523,0.8483,-0.2519,-0.1537,-0.4829,4.7270,-0.1523,0.8483,4.8968,-0.1363,0.8000,0,1
4.9834,0.0009,1.3316,0.0192,-0.0029,5.3179,0.1615,0.8575,0.3340,0.1616,-0.4741,5.3179,0.1615,0.8575,5.4602,0.1373,0.8000,0,1,5.3326,-0.1509,0.8117,0.3496,-0.1508,-0.5199,5.3326,-0.1509,0.8117,5.3854,-0.1377,0.8000,1,1,4.7585,0.1424,0.8194,-0.2253,0.1408,-0.5122,4.7585,0.1424,0.8194,4.8276,0.1389,0.8000,1,1,4.7376,-0.1545,0.8613,-0.2453,-0.1561,-0.4703,4.7376,-0.1545,0.8613,4.9008,-0.1361,0.8000,0,1
4.9874,0.0009,1.3320,0.0174,-0.0034,5.3279,0.1630,0.8703,0.3399,0.1633,-0.4617,5.3279,0.1630,0.8703,5.4643,0.1372,0.8000,0,1,5.3326,-0.1509,0.8117,0.3457,-0.1506,-0.5203,5.3326,-0.1509,0.8117,5.3874,-0.1378,0.8000,1,1,4.7585,0.1424,0.8193,-0.2294,0.1407,-0.5127,4.7585,0.1424,0.8193,4.8297,0.1390,0.8000,1,1,4.7481,-0.1562,0.8721,-0.2388,-0.1579,-0.4599,4.7481,-0.1562,0.8721,4.9048,-0.1360,0.8000,0,1
4.9914,0.0010,1.3324,0.0156,-0.0037,5.3369,0.1640,0.8814,0.3449,0.1643,-0.4510,5.3369,0.1640,0.8814,5.4683,0.1371,0.8000,0,1,5.3326,-0.1509,0.8116,0.3418,-0.1506,-0.5208,5.3326,-0.1509,0.8116,5.3892,-0.1379,0.8000,1,1,4.7585,0.1424,0.8193,-0.2334,0.1405,-0.5131,4.7585,0.1424,0.8193,4.8317,0.1391,0.8000,1,1,4.7572,-0.1574,0.8817,-0.2336,-0.1593,-0.4507,4.7572,-0.1574,0.8817,4.9086,-0.1359,0.8000,0,1
4.9952,0.0009,1.3326,0.0140,-0.0040,5.3452,0.1644,0.8896,0.3493,0.1649,-0.4430,5.3452,0.1644,0.8896,5.4722,0.1369,0.8000,0,1,5.3326,-0.1509,0.8116,0.3380,-0.1504,-0.5210,5.3326,-0.1509,0.8116,5.3911,-0.1381,0.8000,1,1,4.7585,0.1424,0.8193,-0.2373,0.1406,-0.5133,4.7585,0.1424,0.8193,4.8336,0.1392,0.8000,1,1,4.7657,-0.1582,0.8893,-0.2289,-0.1600,-0.4433,4.7657,-0.1582,0.8893,4.9125,-0.1358,0.8000,0,1
4.9991,0.0009,1.3327,0.0127,-0.0041,5.3531,0.1644,0.8935,0.3533,0.1650,-0.4392,5.3531,0.1644,0.8935,5.4760,0.1368,0.8000,0,1,5.3326,-0.1509,0.8116,0.3341,-0.1504,-0.5211,5.3326,-0.1509,0.8116,5.3929,-0.1382,0.8000,1,1,4.7585,0.1424,0.8193,-0.2412,0.1405,-0.5134,4.7585,0.1424,0.8193,4.8354,0.1391,0.8000,1,1,4.7734,-0.1586,0.8931,-0.2250,-0.1604,-0.4396,4.7734,-0.1586,0.8931,4.9163,-0.1358,0.8000,0,1
5.0028,0.0008,1.3326,0.0119,-0.0042,5.3610,0.1640,0.8924,0.3575,0.1647,-0.4402,5.3610,0.1640,0.8924,5.4798,0.1367,0.8000,0,1,5.3326,-0.1509,0.8116,0.3304,-0.1503,-0.5210,5.3326,-0.1509,0.8116,5.3947,-0.1383,0.8000,1,1,4.7585,0.1424,0.8193,-0.2449,0.1406,-0.5133,4.7585,0.1424,0.8193,4.8372,0.1391,0.8000,1,1,4.7806,-0.1585,0.8920,-0.2215,-0.1602,-0.4406,4.7806,-0.1585,0.8920,4.9201,-0.1359,0.8000,0,1
5.0066,0.0007,1.3323,0.0114,-0.0041,5.3687,0.1633,0.8867,0.3614,0.1641,-0.4456,5.3687,0.1633,0.8867,5.4836,0.1366,0.8000,0,1,5.3326,-0.1509,0.8116,0.3266,-0.1503,-0.5207,5.3326,-0.1509,0.8116,5.3964,-0.1384,0.8000,1,1,4.7586,0.1424,0.8193,-0.2486,0.1407,-0.5130,4.7586,0.1424,0.8193,4.8390,0.1390,0.8000,1,1,4.7874,-0.1582,0.8862,-0.2185,-0.1598,-0.4461,4.7874,-0.1582,0.8862,4.9238,-0.1360,0.8000,0,1
5.0104,0.0006,1.3320,0.0115,-0.0040,5.3758,0.1621,0.8775,0.3648,0.1630,-0.4545,5.3758,0.1621,0.8775,5.4873,0.1366,0.8000,0,1,5.3327,-0.1509,0.8117,0.3229,-0.1502,-0.5203,5.3327,-0.1509,0.8117,5.3982,-0.1384,0.8000,1,1,4.7586,0.1424,0.8193,-0.2524,0.1408,-0.5127,4.7586,0.1424,0.8193,4.8407,0.1388,0.8000,1,1,4.7943,-0.1575,0.8771,-0.2155,-0.1590,-0.4549,4.7943,-0.1575,0.8771,4.9276,-0.1362,0.8000,0,1
5.0142,0.0004,1.3315,0.0120,-0.0037,5.3822,0.1606,0.8662,0.3674,0.1616,-0.4653,5.3822,0.1606,0.8662,5.4911,0.1365,0.8000,0,1,5.3327,-0.1509,0.8117,0.3191,-0.1501,-0.5198,5.3327,-0.1509,0.8117,5.4000,-0.1385,0.8000,1,1,4.7586,0.1424,0.8193,-0.2561,0.1411,-0.5122,4.7586,0.1424,0.8193,4.8425,0.1386,0.8000,1,1,4.8008,-0.1565,0.8668,-0.2128,-0.1577,-0.4647,4.8008,-0.1565,0.8668,4.9314,-0.1364,0.8000,0,1
5.0180,0.0002,1.3310,0.0130,-0.0034,5.3879,0.1586,0.8536,0.3694,0.1597,-0.4774,5.3879,0.1586,0.8536,5.4948,0.1364,0.8000,0,1,5.3328,-0.1509,0.8118,0.3153,-0.1500,-0.5192,5.3328,-0.1509,0.8118,5.4019,-0.1386,0.8000,1,1,4.7587,0.1424,0.8193,-0.2598,0.1413,-0.5117,4.7587,0.1424,0.8193,4.8442,0.1383,0.8000,1,1,4.8055,-0.1548,0.8557,-0.2120,-0.1557,-0.4753,4.8055,-0.1548,0.8557,4.9353,-0.1367,0.8000,0,1
5.0219,0.0000,1.3306,0.0144,-0.0029,5.3926,0.1566,0.8411,0.3702,0.1577,-0.4895,5.3926,0.1566,0.8411,5.4987,0.1364,0.8000,0,1,5.3329,-0.1509,0.8118,0.3114,-0.1500,-0.5188,5.3329,-0.1509,0.8118,5.4039,-0.1386,0.8000,1,1,4.7588,0.1424,0.8193,-0.2635,0.1416,-0.5113,4.7588,0.1424,0.8193,4.8461,0.1380,0.8000,1,1,4.8111,-0.1529,0.8452,-0.2104,-0.1535,-0.4854,4.8111,-0.1529,0.8452,4.9393,-0.1370,0.8000,0,1
5.0259,-0.0002,1.3302,0.0160,-0.0023,5.3967,0.1545,0.8296,0.3704,0.1556,-0.5006,5.3967,0.1545,0.8296,5.5026,0.1364,0.8000,0,1,5.3329,-0.1509,0.8119,0.3073,-0.1500,-0.5183,5.3329,-0.1509,0.8119,5.4060,-0.1386,0.8000,1,1,4.7589,0.1424,0.8193,-0.2673,0.1420,-0.5109,4.7589,0.1424,0.8193,4.8480,0.1377,0.8000,1,1,4.8169,-0.1505,0.8355,-0.2087,-0.1508,-0.4947,4.8169,-0.1505,0.8355,4.9434,-0.1373,0.8000,0,1
5.0300,-0.0004,1.3301,0.0181,-0.0016,5.4005,0.1525,0.8203,0.3703,0.1535,-0.5098,5.4005,0.1525,0.8203,5.5066,0.1365,0.8000,0,1,5.3330,-0.1509,0.8119,0.3032,-0.1500,-0.5182,5.3330,-0.1509,0.8119,5.4082,-0.1385,0.8000,1,1,4.7589,0.1424,0.8193,-0.2713,0.1424,-0.5108,4.7589,0.1424,0.8193,4.8500,0.1374,0.8000,1,1,4.8224,-0.1479,0.8270,-0.2074,-0.1478,-0.5031,4.8224,-0.1479,0.8270,4.9476,-0.1376,0.8000,0,1
5.0343,-0.0006,1.3301,0.0206,-0.0009,5.4042,0.1511,0.8135,0.3698,0.1520,-0.5166,5.4042,0.1511,0.8135,5.4458,0.1365,0.8000,1,1,5.3330,-0.1508,0.8119,0.2988,-0.1499,-0.5182,5.3330,-0.1508,0.8119,5.5106,-0.1385,0.8000,0,1,4.7588,0.1424,0.8194,-0.2756,0.1428,-0.5107,4.7588,0.1424,0.8194,4.9522,0.1370,0.8000,0,1,4.8288,-0.1450,0.8206,-0.2054,-0.1446,-0.5095,4.8288,-0.1450,0.8206,4.8870,-0.1380,0.8000,1,1
5.0389,-0.0009,1.3304,0.0224,-0.0000,5.4042,0.1511,0.8136,0.3653,0.1520,-0.5168,5.4042,0.1511,0.8136,5.4480,0.1366,0.8000,1,1,5.3459,-0.1527,0.8167,0.3070,-0.1518,-0.5137,5.3459,-0.1527,0.8167,5.5150,-0.1384,0.8000,0,1,4.7697,0.1447,0.8239,-0.2692,0.1456,-0.5065,4.7697,0.1447,0.8239,4.9564,0.1367,0.8000,0,1,4.8288,-0.1450,0.8208,-0.2101,-0.1441,-0.5096,4.8288,-0.1450,0.8208,4.8894,-0.1383,0.8000,1,1
5.0430,-0.0010,1.3308,0.0228,0.0007,5.4041,0.1511,0.8136,0.3612,0.1518,-0.5172,5.4041,0.1511,0.8136,5.4502,0.1367,0.8000,1,1,5.3580,-0.1548,0.8250,0.3149,-0.1540,-0.5058,5.3580,-0.1548,0.8250,5.5194,-0.1383,0.8000,0,1,4.7801,0.1471,0.8318,-0.2628,0.1483,-0.4990,4.7801,0.1471,0.8318,4.9606,0.1364,0.8000,0,1,4.8286,-0.1450,0.8209,-0.2145,-0.1438,-0.5099,4.8286,-0.1450,0.8209,4.8918,-0.1386,0.8000,1,1
5.0472,-0.0012,1.3312,0.0222,0.0013,5.4039,0.1512,0.8135,0.3569,0.1519,-0.5177,5.4039,0.1512,0.8135,5.4523,0.1368,0.8000,1,1,5.3701,-0.1570,0.8362,0.3227,-0.1562,-0.4950,5.3701,-0.1570,0.8362,5.5237,-0.1382,0.8000,0,1,4.7911,0.1499,0.8422,-0.2559,0.1514,-0.4890,4.7911,0.1499,0.8422,4.9647,0.1361,0.8000,0,1,4.8284,-0.1450,0.8209,-0.2190,-0.1435,-0.5103,4.8284,-0.1450,0.8209,4.8941,-0.1389,0.8000,1,1
5.0513,-0.0013,1.3318,0.0210,0.0020,5.4038,0.1512,0.8134,0.3528,0.1518,-0.5184,5.4038,0.1512,0.8134,5.4544,0.1369,0.8000,1,1,5.3815,-0.1590,0.8490,0.3299,-0.1584,-0.4828,5.3815,-0.1590,0.8490,5.5279,-0.1381,0.8000,0,1,4.8019,0.1523,0.8535,-0.2491,0.1541,-0.4783,4.8019,0.1523,0.8535,4.9688,0.1358,0.8000,0,1,4.8283,-0.1450,0.8210,-0.2233,-0.1433,-0.5108,4.8283,-0.1450,0.8210,4.8963,-0.1392,0.8000,1,1
5.0553,-0.0014,1.3323,0.0194,0.0025,5.4037,0.1512,0.8133,0.3488,0.1517,-0.5190,5.4037,0.1512,0.8133,5.4564,0.1371,0.8000,1,1,5.3918,-0.1606,0.8621,0.3361,-0.1600,-0.4702,5.3918,-0.1606,0.8621,5.5321,-0.1379,0.8000,0,1,4.8124,0.1544,0.8660,-0.2425,0.1564,-0.4663,4.8124,0.1544,0.8660,4.9728,0.1356,0.8000,0,1,4.8282,-0.1450,0.8210,-0.2275,-0.1430,-0.5113,4.8282,-0.1450,0.8210,4.8985,-0.1394,0.8000,1,1
5.0593,-0.0014,1.3327,0.0178,0.0030,5.4036,0.1512,0.8133,0.3448,0.1516,-0.5194,5.4036,0.1512,0.8133,5.4583,0.1372,0.8000,1,1,5.4011,-0.1618,0.8741,0.3413,-0.1614,-0.4586,5.4011,-0.1618,0.8741,5.5361,-0.1378,0.8000,0,1,4.8221,0.1559,0.8775,-0.2367,0.1580,-0.4552,4.8221,0.1559,0.8775,4.9767,0.1355,0.8000,0,1,4.8282,-0.1449,0.8209,-0.2315,-0.1428,-0.5118,4.8282,-0.1449,0.8209,4.9005,-0.1395,0.8000,1,1
5.0632,-0.0015,1.3330,0.0162,0.0033,5.4036,0.1512,0.8132,0.3409,0.1516,-0.5198,5.4036,0.1512,0.8132,5.4601,0.1373,0.8000,1,1,5.4096,-0.1625,0.8839,0.3459,-0.1621,-0.4491,5.4096,-0.1625,0.8839,5.5400,-0.1377,0.8000,0,1,4.8311,0.1569,0.8871,-0.2316,0.1592,-0.4459,4.8311,0.1569,0.8871,4.9805,0.1354,0.8000,0,1,4.8282,-0.1449,0.8209,-0.2355,-0.1426,-0.5121,4.8282,-0.1449,0.8209,4.9024,-0.1396,0.8000,1,1
5.0670,-0.0015,1.3332,0.0149,0.0035,5.4036,0.1512,0.8132,0.3371,0.1515,-0.5200,5.4036,0.1512,0.8132,5.4619,0.1374,0.8000,1,1,5.4176,-0.1627,0.8900,0.3500,-0.1624,-0.4432,5.4176,-0.1627,0.8900,5.5439,-0.1376,0.8000,0,1,4.8390,0.1573,0.8932,-0.2274,0.1596,-0.4400,4.8390,0.1573,0.8932,4.9843,0.1354,0.8000,0,1,4.8282,-0.1449,0.8209,-0.2393,-0.1426,-0.5123,4.8282,-0.1449,0.8209,4.9043,-0.1396,0.8000,1,1
5.0708,-0.0014,1.3332,0.0138,0.0036,5.4036,0.1512,0.8132,0.3333,0.1514,-0.5200,5.4036,0.1512,0.8132,5.4637,0.1375,0.8000,1,1,5.4255,-0.1627,0.8918,0.3541,-0.1626,-0.4414,5.4255,-0.1627,0.8918,5.5477,-0.1375,0.8000,0,1,4.8464,0.1573,0.8949,-0.2238,0.1595,-0.4383,4.8464,0.1573,0.8949,4.9881,0.1354,0.8000,0,1,4.8282,-0.1449,0.8209,-0.2431,-0.1426,-0.5123,4.8282,-0.1449,0.8209,4.9061,-0.1396,0.8000,1,1
5.0746,-0.0013,1.3330,0.0132,0.0036,5.4036,0.1512,0.8132,0.3295,0.1513,-0.5198,5.4036,0.1512,0.8132,5.4655,0.1375,0.8000,1,1,5.4332,-0.1622,0.8883,0.3580,-0.1622,-0.4447,5.4332,-0.1622,0.8883,5.5515,-0.1375,0.8000,0,1,4.8535,0.1569,0.8914,-0.2205,0.1590,-0.4416,4.8535,0.1569,0.8914,4.9919,0.1355,0.8000,0,1,4.8282,-0.1449,0.8209,-0.2469,-0.1427,-0.5121,4.8282,-0.1449,0.8209,4.9079,-0.1395,0.8000,1,1
5.0784,-0.0012,1.3327,0.0129,0.0035,5.4037,0.1512,0.8132,0.3258,0.1513,-0.5195,5.4037,0.1512,0.8132,5.4673,0.1376,0.8000,1,1,5.4406,-0.1614,0.8807,0.3616,-0.1615,-0.4520,5.4406,-0.1614,0.8807,5.5552,-0.1374,0.8000,0,1,4.8604,0.1561,0.8838,-0.2174,0.1581,-0.4489,4.8604,0.1561,0.8838,4.9957,0.1356,0.8000,0,1,4.8282,-0.1449,0.8209,-0.2507,-0.1428,-0.5118,4.8282,-0.1449,0.8209,4.9096,-0.1394,0.8000,1,1
5.0821,-0.0011,1.3323,0.0131,0.0033,5.4037,0.1512,0.8133,0.3221,0.1512,-0.5190,5.4037,0.1512,0.8133,5.4691,0.1376,0.8000,1,1,5.4473,-0.1602,0.8703,0.3647,-0.1603,-0.4620,5.4473,-0.1602,0.8703,5.5590,-0.1374,0.8000,0,1,4.8665,0.1549,0.8734,-0.2151,0.1567,-0.4589,4.8665,0.1549,0.8734,4.9995,0.1358,0.8000,0,1,4.8283,-0.1449,0.8209,-0.2543,-0.1430,-0.5114,4.8283,-0.1449,0.8209,4.9114,-0.1392,0.8000,1,1
5.0859,-0.0010,1.3317,0.0138,0.0029,5.4038,0.1512,0.8133,0.3183,0.1513,-0.5184,5.4038,0.1512,0.8133,5.4709,0.1376,0.8000,1,1,5.4534,-0.1587,0.8581,0.3670,-0.1588,-0.4736,5.4534,-0.1587,0.8581,5.5627,-0.1374,0.8000,0,1,4.8733,0.1534,0.8619,-0.2122,0.1550,-0.4698,4.8733,0.1534,0.8619,5.0033,0.1360,0.8000,0,1,4.8283,-0.1449,0.8208,-0.2580,-0.1432,-0.5109,4.8283,-0.1449,0.8208,4.9131,-0.1390,0.8000,1,1
5.0898,-0.0008,1.3313,0.0148,0.0024,5.4039,0.1512,0.8134,0.3145,0.1512,-0.5179,5.4039,0.1512,0.8134,5.4729,0.1376,0.8000,1,1,5.4585,-0.1569,0.8454,0.3683,-0.1570,-0.4859,5.4585,-0.1569,0.8454,5.5665,-0.1374,0.8000,0,1,4.8786,0.1513,0.8514,-0.2108,0.1526,-0.4799,4.8786,0.1513,0.8514,5.0073,0.1363,0.8000,0,1,4.8284,-0.1449,0.8208,-0.2617,-0.1435,-0.5105,4.8284,-0.1449,0.8208,4.9149,-0.1387,0.8000,1,1
5.0938,-0.0006,1.3308,0.0162,0.0019,5.4040,0.1512,0.8135,0.3105,0.1512,-0.5173,5.4040,0.1512,0.8135,5.4749,0.1376,0.8000,1,1,5.4630,-0.1551,0.8333,0.3689,-0.1552,-0.4975,5.4630,-0.1551,0.8333,5.5704,-0.1374,0.8000,0,1,4.8843,0.1491,0.8410,-0.2092,0.1501,-0.4898,4.8843,0.1491,0.8410,5.0113,0.1365,0.8000,0,1,4.8285,-0.1450,0.8208,-0.2656,-0.1439,-0.5100,4.8285,-0.1450,0.8208,4.9168,-0.1385,0.8000,1,1
5.0978,-0.0004,1.3305,0.0179,0.0012,5.4041,0.1512,0.8136,0.3065,0.1512,-0.5169,5.4041,0.1512,0.8136,5.4770,0.1375,0.8000,1,1,5.4669,-0.1533,0.8227,0.3689,-0.1533,-0.5078,5.4669,-0.1533,0.8227,5.5744,-0.1375,0.8000,0,1,4.8897,0.1466,0.8316,-0.2079,0.1472,-0.4989,4.8897,0.1466,0.8316,5.0154,0.1368,0.8000,0,1,4.8286,-0.1450,0.8208,-0.2694,-0.1443,-0.5097,4.8286,-0.1450,0.8208,4.9188,-0.1382,0.8000,1,1
5.1021,-0.0002,1.3304,0.0200,0.0005,5.4041,0.1512,0.8136,0.3021,0.1512,-0.5168,5.4041,0.1512,0.8136,5.4794,0.1375,0.8000,1,1,5.4704,-0.1519,0.8147,0.3682,-0.1519,-0.5157,5.4704,-0.1519,0.8147,5.5785,-0.1375,0.8000,0,1,4.8960,0.1440,0.8239,-0.2060,0.1443,-0.5065,4.8960,0.1440,0.8239,5.0197,0.1372,0.8000,0,1,4.8286,-0.1450,0.8209,-0.2736,-0.1447,-0.5095,4.8286,-0.1450,0.8209,4.9209,-0.1378,0.8000,1,1
5.1070,0.0000,1.3305,0.0224,-0.0003,5.4121,0.1524,0.8159,0.3051,0.1525,-0.5146,5.4121,0.1524,0.8159,5.5828,0.1374,0.8000,0,1,5.4724,-0.1514,0.8118,0.3654,-0.1513,-0.5187,5.4724,-0.1514,0.8118,5.5167,-0.1376,0.8000,1,1,4.8994,0.1427,0.8209,-0.2076,0.1426,-0.5096,4.8994,0.1427,0.8209,4.9582,0.1375,0.8000,1,1,4.8349,-0.1460,0.8229,-0.2721,-0.1461,-0.5076,4.8349,-0.1460,0.8229,5.0241,-0.1375,0.8000,0,1
5.1108,0.0002,1.3307,0.0232,-0.0009,5.4231,0.1544,0.8220,0.3122,0.1545,-0.5087,5.4231,0.1544,0.8220,5.5872,0.1373,0.8000,0,1,5.4722,-0.1514,0.8118,0.3615,-0.1513,-0.5189,5.4722,-0.1514,0.8118,5.5190,-0.1377,0.8000,1,1,4.8992,0.1427,0.8211,-0.2117,0.1423,-0.5096,4.8992,0.1427,0.8211,4.9606,0.1378,0.8000,1,1,4.8445,-0.1477,0.8287,-0.2662,-0.1481,-0.5020,4.8445,-0.1477,0.8287,5.0284,-0.1372,0.8000,0,1
5.1150,0.0003,1.3311,0.0229,-0.0015,5.4355,0.1567,0.8319,0.3203,0.1569,-0.4992,5.4355,0.1567,0.8319,5.5915,0.1373,0.8000,0,1,5.4720,-0.1515,0.8118,0.3572,-0.1513,-0.5193,5.4720,-0.1515,0.8118,5.5211,-0.1377,0.8000,1,1,4.8990,0.1427,0.8213,-0.2162,0.1421,-0.5098,4.8990,0.1427,0.8213,4.9629,0.1381,0.8000,1,1,4.8550,-0.1500,0.8373,-0.2598,-0.1507,-0.4938,4.8550,-0.1500,0.8373,5.0325,-0.1369,0.8000,0,1
5.1191,0.0005,1.3315,0.0218,-0.0021,5.4474,0.1589,0.8441,0.3280,0.1591,-0.4874,5.4474,0.1589,0.8441,5.5958,0.1372,0.8000,0,1,5.4718,-0.1515,0.8117,0.3530,-0.1513,-0.5198,5.4718,-0.1515,0.8117,5.5232,-0.1378,0.8000,1,1,4.8988,0.1427,0.8213,-0.2206,0.1417,-0.5102,4.8988,0.1427,0.8213,4.9652,0.1384,0.8000,1,1,4.8658,-0.1524,0.8480,-0.2530,-0.1534,-0.4835,4.8658,-0.1524,0.8480,5.0366,-0.1366,0.8000,0,1
5.1232,0.0006,1.3320,0.0205,-0.0026,5.4581,0.1608,0.8574,0.3345,0.1611,-0.4746,5.4581,0.1608,0.8574,5.5999,0.1371,0.8000,0,1,5.4716,-0.1515,0.8115,0.3488,-0.1512,-0.5205,5.4716,-0.1515,0.8115,5.5252,-0.1379,0.8000,1,1,4.8986,0.1427,0.8214,-0.2250,0.1415,-0.5106,4.8986,0.1427,0.8214,4.9673,0.1386,0.8000,1,1,4.8766,-0.1545,0.8613,-0.2462,-0.1557,-0.4707,4.8766,-0.1545,0.8613,5.0406,-0.1364,0.8000,0,1
5.1272,0.0006,1.3324,0.0187,-0.0030,5.4680,0.1622,0.8701,0.3403,0.1626,-0.4623,5.4680,0.1622,0.8701,5.6040,0.1370,0.8000,0,1,5.4716,-0.1515,0.8115,0.3449,-0.1511,-0.5209,5.4716,-0.1515,0.8115,5.5272,-0.1380,0.8000,1,1,4.8986,0.1427,0.8213,-0.2290,0.1414,-0.5111,4.8986,0.1427,0.8213,4.9694,0.1387,0.8000,1,1,4.8869,-0.1561,0.8719,-0.2398,-0.1574,-0.4605,4.8869,-0.1561,0.8719,5.0446,-0.1363,0.8000,0,1
5.1311,0.0007,1.3327,0.0170,-0.0033,5.4769,0.1632,0.8812,0.3453,0.1636,-0.4515,5.4769,0.1632,0.8812,5.6080,0.1369,0.8000,0,1,5.4716,-0.1515,0.8114,0.3410,-0.1511,-0.5213,5.4716,-0.1515,0.8114,5.5291,-0.1381,0.8000,1,1,4.8986,0.1427,0.8213,-0.2330,0.1412,-0.5114,4.8986,0.1427,0.8213,4.9714,0.1388,0.8000,1,1,4.8963,-0.1573,0.8817,-0.2343,-0.1588,-0.4510,4.8963,-0.1573,0.8817,5.0485,-0.1362,0.8000,0,1
5.1350,0.0007,1.3330,0.0154,-0.0036,5.4851,0.1637,0.8894,0.3495,0.1643,-0.4436,5.4851,0.1637,0.8894,5.6119,0.1368,0.8000,0,1,5.4716,-0.1515,0.8114,0.3371,-0.1510,-0.5216,5.4716,-0.1515,0.8114,5.5309,-0.1382,0.8000,1,1,4.8986,0.1426,0.8213,-0.2369,0.1410,-0.5117,4.8986,0.1426,0.8213,4.9733,0.1388,0.8000,1,1,4.9047,-0.1581,0.8894,-0.2297,-0.1596,-0.4436,4.9047,-0.1581,0.8894,5.0523,-0.1362,0.8000,0,1
5.1388,0.0006,1.3330,0.0141,-0.0038,5.4930,0.1638,0.8933,0.3536,0.1645,-0.4397,5.4930,0.1638,0.8933,5.6157,0.1367,0.8000,0,1,5.4716,-0.1515,0.8114,0.3334,-0.1508,-0.5216,5.4716,-0.1515,0.8114,5.5327,-0.1383,0.8000,1,1,4.8986,0.1426,0.8213,-0.2407,0.1411,-0.5117,4.8986,0.1426,0.8213,4.9751,0.1388,0.8000,1,1,4.9125,-0.1584,0.8932,-0.2257,-0.1599,-0.4398,4.9125,-0.1584,0.8932,5.0561,-0.1362,0.8000,0,1
5.1426,0.0006,1.3330,0.0133,-0.0038,5.5008,0.1635,0.8922,0.3576,0.1643,-0.4408,5.5008,0.1635,0.8922,5.6195,0.1366,0.8000,0,1,5.4717,-0.1515,0.8114,0.3297,-0.1508,-0.5216,5.4717,-0.1515,0.8114,5.5345,-0.1384,0.8000,1,1,4.8986,0.1426,0.8213,-0.2445,0.1411,-0.5117,4.8986,0.1426,0.8213,4.9769,0.1388,0.8000,1,1,4.9197,-0.1584,0.8921,-0.2223,-0.1598,-0.4409,4.9197,-0.1584,0.8921,5.0599,-0.1362,0.8000,0,1
5.1464,0.0005,1.3327,0.0129,-0.0038,5.5084,0.1628,0.8865,0.3614,0.1637,-0.4462,5.5084,0.1628,0.8865,5.6233,0.1366,0.8000,0,1,5.4717,-0.1515,0.8114,0.3259,-0.1508,-0.5213,5.4717,-0.1515,0.8114,5.5362,-0.1384,0.8000,1,1,4.8987,0.1426,0.8213,-0.2482,0.1412,-0.5114,4.8987,0.1426,0.8213,4.9787,0.1387,0.8000,1,1,4.9265,-0.1580,0.8863,-0.2193,-0.1593,-0.4464,4.9265,-0.1580,0.8863,5.0636,-0.1363,0.8000,0,1
5.1502,0.0004,1.3323,0.0129,-0.0036,5.5154,0.1617,0.8775,0.3646,0.1626,-0.4548,5.5154,0.1617,0.8775,5.6270,0.1365,0.8000,0,1,5.4717,-0.1515,0.8115,0.3220,-0.1507,-0.5208,5.4717,-0.1515,0.8115,5.5380,-0.1385,0.8000,1,1,4.8987,0.1426,0.8212,-0.2520,0.1413,-0.5111,4.8987,0.1426,0.8212,4.9804,0.1385,0.8000,1,1,4.9336,-0.1573,0.8773,-0.2160,-0.1585,-0.4550,4.9336,-0.1573,0.8773,5.0674,-0.1365,0.8000,0,1
5.1539,0.0002,1.3318,0.0134,-0.0034,5.5218,0.1601,0.8661,0.3674,0.1611,-0.4657,5.5218,0.1601,0.8661,5.6308,0.1364,0.8000,0,1,5.4717,-0.1515,0.8115,0.3183,-0.1506,-0.5203,5.4717,-0.1515,0.8115,5.5399,-0.1386,0.8000,1,1,4.8987,0.1426,0.8213,-0.2557,0.1415,-0.5105,4.8987,0.1426,0.8213,4.9822,0.1383,0.8000,1,1,4.9400,-0.1560,0.8667,-0.2134,-0.1569,-0.4651,4.9400,-0.1560,0.8667,5.0713,-0.1367,0.8000,0,1
5.1578,0.0000,1.3314,0.0144,-0.0030,5.5274,0.1582,0.8536,0.3691,0.1593,-0.4778,5.5274,0.1582,0.8536,5.6346,0.1364,0.8000,0,1,5.4718,-0.1515,0.8115,0.3145,-0.1506,-0.5199,5.4718,-0.1515,0.8115,5.5417,-0.1386,0.8000,1,1,4.8988,0.1426,0.8213,-0.2594,0.1418,-0.5101,4.8988,0.1426,0.8213,4.9840,0.1381,0.8000,1,1,4.9450,-0.1543,0.8557,-0.2123,-0.1549,-0.4757,4.9450,-0.1543,0.8557,5.0751,-0.1369,0.8000,0,1
5.1617,-0.0001,1.3309,0.0157,-0.0025,5.5322,0.1562,0.8410,0.3701,0.1572,-0.4899,5.5322,0.1562,0.8410,5.6384,0.1364,0.8000,0,1,5.4719,-0.1515,0.8116,0.3106,-0.1506,-0.5193,5.4719,-0.1515,0.8116,5.5437,-0.1386,0.8000,1,1,4.8988,0.1427,0.8213,-0.2633,0.1421,-0.5096,4.8988,0.1427,0.8213,4.9858,0.1378,0.8000,1,1,4.9508,-0.1524,0.8458,-0.2105,-0.1528,-0.4851,4.9508,-0.1524,0.8458,5.0791,-0.1372,0.8000,0,1
5.1657,-0.0003,1.3306,0.0173,-0.0019,5.5365,0.1542,0.8295,0.3705,0.1552,-0.5011,5.5365,0.1542,0.8295,5.6423,0.1365,0.8000,0,1,5.4720,-0.1514,0.8117,0.3066,-0.1505,-0.5189,5.4720,-0.1514,0.8117,5.5458,-0.1385,0.8000,1,1,4.8989,0.1427,0.8213,-0.2671,0.1425,-0.5093,4.8989,0.1427,0.8213,4.9877,0.1375,0.8000,1,1,4.9565,-0.1499,0.8357,-0.2089,-0.1500,-0.4949,4.9565,-0.1499,0.8357,5.0832,-0.1375,0.8000,0,1
5.1698,-0.0005,1.3304,0.0192,-0.0012,5.5403,0.1523,0.8201,0.3703,0.1532,-0.5103,5.5403,0.1523,0.8201,5.6464,0.1365,0.8000,0,1,5.4720,-0.1514,0.8117,0.3024,-0.1505,-0.5187,5.4720,-0.1514,0.8117,5.5481,-0.1385,0.8000,1,1,4.8990,0.1427,0.8213,-0.2710,0.1429,-0.5091,4.8990,0.1427,0.8213,4.9898,0.1372,0.8000,1,1,4.9621,-0.1474,0.8269,-0.2075,-0.1471,-0.5035,4.9621,-0.1474,0.8269,5.0875,-0.1378,0.8000,0,1
5.1741,-0.0007,1.3305,0.0215,-0.0004,5.5441,0.1510,0.8130,0.3699,0.1518,-0.5175,5.5441,0.1510,0.8130,5.5856,0.1366,0.8000,1,1,5.4721,-0.1514,0.8118,0.2981,-0.1506,-0.5187,5.4721,-0.1514,0.8118,5.6504,-0.1384,0.8000,0,1,4.8990,0.1427,0.8214,-0.2752,0.1433,-0.5091,4.8990,0.1427,0.8214,5.0920,0.1369,0.8000,0,1,4.9683,-0.1446,0.8201,-0.2057,-0.1440,-0.5104,4.9683,-0.1446,0.8201,5.0268,-0.1381,0.8000,1,1
5.1787,-0.0009,1.3307,0.0231,0.0004,5.5440,0.1510,0.8133,0.3654,0.1518,-0.5174,5.5440,0.1510,0.8133,5.5878,0.1367,0.8000,1,1,5.4853,-0.1535,0.8171,0.3065,-0.1527,-0.5136,5.4853,-0.1535,0.8171,5.6549,-0.1383,0.8000,0,1,4.9097,0.1449,0.8265,-0.2689,0.1459,-0.5042,4.9097,0.1449,0.8265,5.0962,0.1365,0.8000,0,1,4.9682,-0.1446,0.8205,-0.2106,-0.1436,-0.5102,4.9682,-0.1446,0.8205,5.0293,-0.1385,0.8000,1,1
5.1828,-0.0011,1.3310,0.0232,0.0010,5.5439,0.1510,0.8133,0.3613,0.1517,-0.5177,5.5439,0.1510,0.8133,5.5900,0.1368,0.8000,1,1,5.4976,-0.1557,0.8254,0.3146,-0.1549,-0.5056,5.4976,-0.1557,0.8254,5.6593,-0.1382,0.8000,0,1,4.9201,0.1469,0.8339,-0.2626,0.1483,-0.4971,4.9201,0.1469,0.8339,5.1004,0.1362,0.8000,0,1,4.9681,-0.1446,0.8206,-0.2148,-0.1433,-0.5104,4.9681,-0.1446,0.8206,5.0317,-0.1388,0.8000,1,1
5.1870,-0.0012,1.3314,0.0221,0.0017,5.5438,0.1510,0.8132,0.3571,0.1516,-0.5182,5.5438,0.1510,0.8132,5.5921,0.1369,0.8000,1,1,5.5102,-0.1582,0.8367,0.3229,-0.1575,-0.4947,5.5102,-0.1582,0.8367,5.6636,-0.1381,0.8000,0,1,4.9307,0.1490,0.8432,-0.2560,0.1506,-0.4882,4.9307,0.1490,0.8432,5.1045,0.1360,0.8000,0,1,4.9680,-0.1446,0.8206,-0.2192,-0.1430,-0.5108,4.9680,-0.1446,0.8206,5.0340,-0.1390,0.8000,1,1
5.1911,-0.0013,1.3319,0.0206,0.0022,5.5435,0.1511,0.8130,0.3527,0.1516,-0.5189,5.5435,0.1511,0.8130,5.5942,0.1370,0.8000,1,1,5.5217,-0.1603,0.8496,0.3302,-0.1597,-0.4823,5.5217,-0.1603,0.8496,5.6678,-0.1380,0.8000,0,1,4.9415,0.1511,0.8536,-0.2493,0.1529,-0.4783,4.9415,0.1511,0.8536,5.1086,0.1358,0.8000,0,1,4.9677,-0.1445,0.8207,-0.2237,-0.1427,-0.5112,4.9677,-0.1445,0.8207,5.0362,-0.1392,0.8000,1,1
5.1952,-0.0014,1.3323,0.0187,0.0027,5.5435,0.1511,0.8130,0.3487,0.1516,-0.5193,5.5435,0.1511,0.8130,5.5962,0.1371,0.8000,1,1,5.5325,-0.1621,0.8627,0.3369,-0.1616,-0.4696,5.5325,-0.1621,0.8627,5.6720,-0.1379,0.8000,0,1,4.9507,0.1526,0.8630,-0.2441,0.1547,-0.4693,4.9507,0.1526,0.8630,5.1126,0.1356,0.8000,0,1,4.9677,-0.1446,0.8207,-0.2279,-0.1426,-0.5116,4.9677,-0.1446,0.8207,5.0384,-0.1394,0.8000,1,1
5.1992,-0.0015,1.3326,0.0165,0.0032,5.5435,0.1511,0.8130,0.3448,0.1515,-0.5196,5.5435,0.1511,0.8130,5.5982,0.1372,0.8000,1,1,5.5421,-0.1636,0.8749,0.3424,-0.1632,-0.4577,5.5421,-0.1636,0.8749,5.6760,-0.1378,0.8000,0,1,4.9614,0.1534,0.8714,-0.2373,0.1557,-0.4612,4.9614,0.1534,0.8714,5.1166,0.1354,0.8000,0,1,4.9677,-0.1445,0.8207,-0.2320,-0.1423,-0.5119,4.9677,-0.1445,0.8207,5.0404,-0.1395,0.8000,1,1
5.2032,-0.0015,1.3328,0.0144,0.0035,5.5434,0.1512,0.8130,0.3407,0.1515,-0.5198,5.5434,0.1512,0.8130,5.6001,0.1373,0.8000,1,1,5.5509,-0.1645,0.8847,0.3471,-0.1642,-0.4481,5.5509,-0.1645,0.8847,5.6800,-0.1377,0.8000,0,1,4.9706,0.1541,0.8789,-0.2321,0.1564,-0.4539,4.9706,0.1541,0.8789,5.1205,0.1354,0.8000,0,1,4.9676,-0.1445,0.8207,-0.2361,-0.1422,-0.5121,4.9676,-0.1445,0.8207,5.0424,-0.1396,0.8000,1,1
5.2070,-0.0015,1.3330,0.0128,0.0037,5.5434,0.1512,0.8130,0.3370,0.1515,-0.5200,5.5434,0.1512,0.8130,5.6019,0.1374,0.8000,1,1,5.5590,-0.1647,0.8908,0.3514,-0.1645,-0.4422,5.5590,-0.1647,0.8908,5.6839,-0.1376,0.8000,0,1,4.9790,0.1543,0.8845,-0.2274,0.1566,-0.4485,4.9790,0.1543,0.8845,5.1243,0.1354,0.8000,0,1,4.9676,-0.1445,0.8207,-0.2399,-0.1421,-0.5123,4.9676,-0.1445,0.8207,5.0443,-0.1396,0.8000,1,1
5.2109,-0.0014,1.3329,0.0116,0.0038,5.5435,0.1512,0.8130,0.3332,0.1513,-0.5199,5.5435,0.1512,0.8130,5.6037,0.1375,0.8000,1,1,5.5670,-0.1645,0.8923,0.3555,-0.1645,-0.4406,5.5670,-0.1645,0.8923,5.6878,-0.1375,0.8000,0,1,4.9866,0.1543,0.8858,-0.2237,0.1566,-0.4471,4.9866,0.1543,0.8858,5.1281,0.1354,0.8000,0,1,4.9677,-0.1445,0.8206,-0.2437,-0.1422,-0.5123,4.9677,-0.1445,0.8206,5.0462,-0.1396,0.8000,1,1
5.2146,-0.0013,1.3327,0.0109,0.0038,5.5435,0.1512,0.8130,0.3295,0.1512,-0.5197,5.5435,0.1512,0.8130,5.6055,0.1376,0.8000,1,1,5.5748,-0.1639,0.8887,0.3596,-0.1640,-0.4440,5.5748,-0.1639,0.8887,5.6915,-0.1374,0.8000,0,1,4.9937,0.1540,0.8822,-0.2203,0.1561,-0.4505,4.9937,0.1540,0.8822,5.1319,0.1355,0.8000,0,1,4.9677,-0.1445,0.8206,-0.2474,-0.1423,-0.5121,4.9677,-0.1445,0.8206,5.0479,-0.1395,0.8000,1,1
5.2184,-0.0012,1.3323,0.0108,0.0037,5.5435,0.1512,0.8130,0.3257,0.1512,-0.5193,5.5435,0.1512,0.8130,5.6073,0.1377,0.8000,1,1,5.5821,-0.1629,0.8811,0.3631,-0.1630,-0.4512,5.5821,-0.1629,0.8811,5.6953,-0.1373,0.8000,0,1,5.0002,0.1535,0.8746,-0.2176,0.1555,-0.4577,5.0002,0.1535,0.8746,5.1357,0.1356,0.8000,0,1,4.9677,-0.1445,0.8206,-0.2512,-0.1424,-0.5117,4.9677,-0.1445,0.8206,5.0497,-0.1394,0.8000,1,1
5.2222,-0.0010,1.3319,0.0112,0.0035,5.5436,0.1512,0.8131,0.3219,0.1511,-0.5188,5.5436,0.1512,0.8131,5.6091,0.1378,0.8000,1,1,5.5887,-0.1616,0.8708,0.3659,-0.1619,-0.4611,5.5887,-0.1616,0.8708,5.6990,-0.1372,0.8000,0,1,5.0073,0.1528,0.8654,-0.2144,0.1546,-0.4665,5.0073,0.1528,0.8654,5.1395,0.1358,0.8000,0,1,4.9678,-0.1445,0.8206,-0.2549,-0.1426,-0.5113,4.9678,-0.1445,0.8206,5.0514,-0.1392,0.8000,1,1
5.2260,-0.0009,1.3314,0.0121,0.0031,5.5436,0.1511,0.8131,0.3181,0.1510,-0.5183,5.5436,0.1511,0.8131,5.6109,0.1378,0.8000,1,1,5.5947,-0.1596,0.8587,0.3682,-0.1598,-0.4727,5.5947,-0.1596,0.8587,5.7028,-0.1372,0.8000,0,1,5.0124,0.1514,0.8560,-0.2131,0.1530,-0.4754,5.0124,0.1514,0.8560,5.1433,0.1361,0.8000,0,1,4.9678,-0.1445,0.8206,-0.2586,-0.1428,-0.5108,4.9678,-0.1445,0.8206,5.0532,-0.1389,0.8000,1,1
5.2298,-0.0007,1.3309,0.0134,0.0027,5.5437,0.1511,0.8131,0.3143,0.1510,-0.5178,5.5437,0.1511,0.8131,5.6128,0.1378,0.8000,1,1,5.5996,-0.1575,0.8461,0.3694,-0.1578,-0.4848,5.5996,-0.1575,0.8461,5.7066,-0.1372,0.8000,0,1,5.0182,0.1498,0.8460,-0.2112,0.1511,-0.4849,5.0182,0.1498,0.8460,5.1472,0.1363,0.8000,0,1,4.9679,-0.1445,0.8206,-0.2623,-0.1431,-0.5103,4.9679,-0.1445,0.8206,5.0550,-0.1387,0.8000,1,1
5.2338,-0.0005,1.3305,0.0149,0.0021,5.5438,0.1511,0.8132,0.3103,0.1509,-0.5173,5.5438,0.1511,0.8132,5.6148,0.1378,0.8000,1,1,5.6041,-0.1553,0.8340,0.3700,-0.1556,-0.4965,5.6041,-0.1553,0.8340,5.7104,-0.1372,0.8000,0,1,5.0234,0.1478,0.8372,-0.2101,0.1487,-0.4933,5.0234,0.1478,0.8372,5.1512,0.1366,0.8000,0,1,4.9680,-0.1446,0.8206,-0.2661,-0.1435,-0.5099,4.9680,-0.1446,0.8206,5.0568,-0.1384,0.8000,1,1
5.2378,-0.0003,1.3302,0.0167,0.0014,5.5439,0.1511,0.8133,0.3063,0.1510,-0.5169,5.5439,0.1511,0.8133,5.6170,0.1378,0.8000,1,1,5.6079,-0.1533,0.8234,0.3699,-0.1535,-0.5068,5.6079,-0.1533,0.8234,5.7144,-0.1372,0.8000,0,1,5.0293,0.1456,0.8287,-0.2083,0.1462,-0.5015,5.0293,0.1456,0.8287,5.1554,0.1370,0.8000,0,1,4.9681,-0.1446,0.8206,-0.2699,-0.1439,-0.5096,4.9681,-0.1446,0.8206,5.0588,-0.1380,0.8000,1,1
5.2420,-0.0001,1.3301,0.0190,0.0007,5.5439,0.1511,0.8133,0.3020,0.1510,-0.5168,5.5439,0.1511,0.8133,5.6193,0.1377,0.8000,1,1,5.6114,-0.1515,0.8152,0.3693,-0.1517,-0.5149,5.6114,-0.1515,0.8152,5.7185,-0.1373,0.8000,0,1,5.0353,0.1432,0.8212,-0.2066,0.1434,-0.5089,5.0353,0.1432,0.8212,5.1597,0.1373,0.8000,0,1,4.9681,-0.1446,0.8207,-0.2740,-0.1443,-0.5094,4.9681,-0.1446,0.8207,5.0609,-0.1377,0.8000,1,1
5.2478,0.0002,1.3303,0.0212,-0.0003,5.5544,0.1527,0.8167,0.3066,0.1526,-0.5136,5.5544,0.1527,0.8167,5.7228,0.1376,0.8000,0,1,5.6135,-0.1508,0.8120,0.3657,-0.1509,-0.5183,5.6135,-0.1508,0.8120,5.6568,-0.1374,0.8000,1,1,5.0390,0.1420,0.8180,-0.2088,0.1417,-0.5123,5.0390,0.1420,0.8180,5.0982,0.1376,0.8000,1,1,4.9765,-0.1459,0.8235,-0.2713,-0.1462,-0.5068,4.9765,-0.1459,0.8235,5.1642,-0.1374,0.8000,0,1
5.2507,0.0003,1.3304,0.0223,-0.0008,5.5625,0.1545,0.8233,0.3117,0.1544,-0.5071,5.5625,0.1545,0.8233,5.7272,0.1375,0.8000,0,1,5.6126,-0.1509,0.8118,0.3620,-0.1509,-0.5186,5.6126,-0.1509,0.8118,5.6590,-0.1375,0.8000,1,1,5.0382,0.1419,0.8187,-0.2126,0.1414,-0.5117,5.0382,0.1419,0.8187,5.1006,0.1380,0.8000,1,1,4.9836,-0.1480,0.8308,-0.2670,-0.1485,-0.4996,4.9836,-0.1480,0.8308,5.1684,-0.1370,0.8000,0,1
5.2549,0.0005,1.3308,0.0220,-0.0015,5.5752,0.1568,0.8331,0.3201,0.1568,-0.4977,5.5752,0.1568,0.8331,5.7315,0.1374,0.8000,0,1,5.6127,-0.1509,0.8119,0.3580,-0.1509,-0.5189,5.6127,-0.1509,0.8119,5.6611,-0.1376,0.8000,1,1,5.0382,0.1419,0.8187,-0.2169,0.1411,-0.5121,5.0382,0.1419,0.8187,5.1029,0.1382,0.8000,1,1,4.9952,-0.1512,0.8405,-0.2595,-0.1521,-0.4903,4.9952,-0.1512,0.8405,5.1725,-0.1368,0.8000,0,1
5.2591,0.0006,1.3313,0.0209,-0.0021,5.5872,0.1590,0.8452,0.3278,0.1591,-0.4861,5.5872,0.1590,0.8452,5.7358,0.1373,0.8000,0,1,5.6126,-0.1509,0.8119,0.3538,-0.1508,-0.5194,5.6126,-0.1509,0.8119,5.6632,-0.1377,0.8000,1,1,5.0382,0.1419,0.8187,-0.2212,0.1408,-0.5126,5.0382,0.1419,0.8187,5.1052,0.1385,0.8000,1,1,5.0066,-0.1542,0.8525,-0.2522,-0.1553,-0.4788,5.0066,-0.1542,0.8525,5.1766,-0.1365,0.8000,0,1
5.2632,0.0007,1.3319,0.0195,-0.0027,5.5981,0.1609,0.8583,0.3345,0.1611,-0.4736,5.5981,0.1609,0.8583,5.7399,0.1372,0.8000,0,1,5.6126,-0.1509,0.8118,0.3498,-0.1507,-0.5201,5.6126,-0.1509,0.8118,5.6652,-0.1378,0.8000,1,1,5.0381,0.1419,0.8187,-0.2255,0.1406,-0.5132,5.0381,0.1419,0.8187,5.1073,0.1387,0.8000,1,1,5.0174,-0.1568,0.8648,-0.2454,-0.1582,-0.4671,5.0174,-0.1568,0.8648,5.1806,-0.1363,0.8000,0,1
5.2671,0.0007,1.3323,0.0179,-0.0032,5.6079,0.1623,0.8711,0.3403,0.1627,-0.4612,5.6079,0.1623,0.8711,5.7440,0.1370,0.8000,0,1,5.6125,-0.1508,0.8117,0.3459,-0.1504,-0.5206,5.6125,-0.1508,0.8117,5.6671,-0.1380,0.8000,1,1,5.0381,0.1419,0.8187,-0.2295,0.1405,-0.5136,5.0381,0.1419,0.8187,5.1094,0.1388,0.8000,1,1,5.0276,-0.1589,0.8772,-0.2390,-0.1604,-0.4551,5.0276,-0.1589,0.8772,5.1845,-0.1362,0.8000,0,1
5.2711,0.0007,1.3328,0.0164,-0.0036,5.6167,0.1633,0.8822,0.3450,0.1638,-0.4506,5.6167,0.1633,0.8822,5.7479,0.1369,0.8000,0,1,5.6124,-0.1508,0.8116,0.3418,-0.1503,-0.5212,5.6124,-0.1508,0.8116,5.6689,-0.1381,0.8000,1,1,5.0380,0.1420,0.8187,-0.2336,0.1405,-0.5141,5.0380,0.1420,0.8187,5.1113,0.1389,0.8000,1,1,5.0370,-0.1605,0.8882,-0.2335,-0.1620,-0.4446,5.0370,-0.1605,0.8882,5.1884,-0.1361,0.8000,0,1
5.2749,0.0007,1.3330,0.0151,-0.0039,5.6248,0.1638,0.8901,0.3493,0.1645,-0.4429,5.6248,0.1638,0.8901,5.7518,0.1368,0.8000,0,1,5.6124,-0.1508,0.8115,0.3381,-0.1502,-0.5215,5.6124,-0.1508,0.8115,5.6708,-0.1382,0.8000,1,1,5.0380,0.1420,0.8187,-0.2374,0.1404,-0.5143,5.0380,0.1420,0.8187,5.1132,0.1389,0.8000,1,1,5.0453,-0.1614,0.8961,-0.2290,-0.1630,-0.4369,5.0453,-0.1614,0.8961,5.1922,-0.1360,0.8000,0,1
5.2787,0.0007,1.3332,0.0139,-0.0041,5.6327,0.1639,0.8939,0.3533,0.1647,-0.4393,5.6327,0.1639,0.8939,5.7557,0.1366,0.8000,0,1,5.6124,-0.1508,0.8115,0.3343,-0.1501,-0.5217,5.6124,-0.1508,0.8115,5.6725,-0.1384,0.8000,1,1,5.0380,0.1420,0.8186,-0.2413,0.1403,-0.5146,5.0380,0.1420,0.8186,5.1151,0.1389,0.8000,1,1,5.0529,-0.1617,0.8998,-0.2251,-0.1633,-0.4334,5.0529,-0.1617,0.8998,5.1959,-0.1361,0.8000,0,1
5.2825,0.0006,1.3331,0.0132,-0.0042,5.6406,0.1635,0.8930,0.3574,0.1644,-0.4401,5.6406,0.1635,0.8930,5.7594,0.1365,0.8000,0,1,5.6124,-0.1508,0.8115,0.3305,-0.1500,-0.5216,5.6124,-0.1508,0.8115,5.6743,-0.1385,0.8000,1,1,5.0380,0.1420,0.8186,-0.2451,0.1404,-0.5145,5.0380,0.1420,0.8186,5.1168,0.1389,0.8000,1,1,5.0599,-0.1615,0.8989,-0.2219,-0.1630,-0.4342,5.0599,-0.1615,0.8989,5.1997,-0.1361,0.8000,0,1
5.2862,0.0005,1.3329,0.0128,-0.0042,5.6483,0.1628,0.8873,0.3614,0.1638,-0.4456,5.6483,0.1628,0.8873,5.7632,0.1365,0.8000,0,1,5.6125,-0.1508,0.8115,0.3269,-0.1499,-0.5214,5.6125,-0.1508,0.8115,5.6760,-0.1385,0.8000,1,1,5.0380,0.1420,0.8186,-0.2488,0.1405,-0.5143,5.0380,0.1420,0.8186,5.1186,0.1388,0.8000,1,1,5.0668,-0.1609,0.8932,-0.2187,-0.1623,-0.4397,5.0668,-0.1609,0.8932,5.2034,-0.1362,0.8000,0,1
5.2900,0.0004,1.3325,0.0128,-0.0040,5.6555,0.1617,0.8782,0.3649,0.1628,-0.4543,5.6555,0.1617,0.8782,5.7669,0.1364,0.8000,0,1,5.6125,-0.1508,0.8115,0.3231,-0.1499,-0.5210,5.6125,-0.1508,0.8115,5.6778,-0.1386,0.8000,1,1,5.0381,0.1420,0.8186,-0.2525,0.1406,-0.5139,5.0381,0.1420,0.8186,5.1203,0.1387,0.8000,1,1,5.0734,-0.1597,0.8840,-0.2160,-0.1610,-0.4485,5.0734,-0.1597,0.8840,5.2072,-0.1363,0.8000,0,1
5.2938,0.0003,1.3320,0.0132,-0.0037,5.6620,0.1602,0.8669,0.3676,0.1613,-0.4651,5.6620,0.1602,0.8669,5.7707,0.1364,0.8000,0,1,5.6125,-0.1508,0.8115,0.3193,-0.1499,-0.5205,5.6125,-0.1508,0.8115,5.6796,-0.1386,0.8000,1,1,5.0381,0.1420,0.8186,-0.2562,0.1408,-0.5134,5.0381,0.1420,0.8186,5.1221,0.1385,0.8000,1,1,5.0798,-0.1581,0.8728,-0.2134,-0.1592,-0.4592,5.0798,-0.1581,0.8728,5.2111,-0.1365,0.8000,0,1
5.2976,0.0001,1.3315,0.0140,-0.0032,5.6677,0.1586,0.8544,0.3696,0.1597,-0.4771,5.6677,0.1586,0.8544,5.7744,0.1364,0.8000,0,1,5.6126,-0.1508,0.8116,0.3155,-0.1499,-0.5199,5.6126,-0.1508,0.8116,5.6815,-0.1386,0.8000,1,1,5.0382,0.1420,0.8186,-0.2599,0.1411,-0.5129,5.0382,0.1420,0.8186,5.1238,0.1382,0.8000,1,1,5.0856,-0.1560,0.8602,-0.2115,-0.1568,-0.4713,5.0856,-0.1560,0.8602,5.2149,-0.1368,0.8000,0,1
5.3015,-0.0000,1.3310,0.0150,-0.0027,5.6726,0.1568,0.8419,0.3707,0.1578,-0.4891,5.6726,0.1568,0.8419,5.7783,0.1365,0.8000,0,1,5.6127,-0.1508,0.8116,0.3116,-0.1500,-0.5194,5.6127,-0.1508,0.8116,5.6835,-0.1385,0.8000,1,1,5.0382,0.1420,0.8186,-0.2637,0.1413,-0.5124,5.0382,0.1420,0.8186,5.1257,0.1380,0.8000,1,1,5.0912,-0.1536,0.8476,-0.2099,-0.1542,-0.4834,5.0912,-0.1536,0.8476,5.2189,-0.1370,0.8000,0,1
5.3055,-0.0002,1.3306,0.0163,-0.0020,5.6769,0.1550,0.8304,0.3711,0.1559,-0.5002,5.6769,0.1550,0.8304,5.7822,0.1365,0.8000,0,1,5.6128,-0.1508,0.8117,0.3076,-0.1500,-0.5189,5.6128,-0.1508,0.8117,5.6856,-0.1385,0.8000,1,1,5.0383,0.1420,0.8186,-0.2675,0.1417,-0.5120,5.0383,0.1420,0.8186,5.1276,0.1377,0.8000,1,1,5.0964,-0.1508,0.8362,-0.2088,-0.1510,-0.4944,5.0964,-0.1508,0.8362,5.2230,-0.1373,0.8000,0,1
5.3097,-0.0004,1.3304,0.0180,-0.0012,5.6808,0.1534,0.8209,0.3709,0.1542,-0.5095,5.6808,0.1534,0.8209,5.7862,0.1366,0.8000,0,1,5.6129,-0.1508,0.8119,0.3034,-0.1500,-0.5185,5.6129,-0.1508,0.8119,5.6879,-0.1384,0.8000,1,1,5.0384,0.1420,0.8186,-0.2715,0.1421,-0.5118,5.0384,0.1420,0.8186,5.1296,0.1373,0.8000,1,1,5.1020,-0.1479,0.8267,-0.2075,-0.1477,-0.5037,5.1020,-0.1479,0.8267,5.2273,-0.1377,0.8000,0,1
5.3140,-0.0006,1.3304,0.0201,-0.0004,5.6846,0.1522,0.8138,0.3705,0.1529,-0.5166,5.6846,0.1522,0.8138,5.7254,0.1367,0.8000,1,1,5.6129,-0.1509,0.8120,0.2990,-0.1502,-0.5184,5.6129,-0.1509,0.8120,5.7903,-0.1383,0.8000,0,1,5.0385,0.1419,0.8187,-0.2756,0.1424,-0.5117,5.0385,0.1419,0.8187,5.2318,0.1370,0.8000,0,1,5.1080,-0.1450,0.8197,-0.2059,-0.1445,-0.5107,5.1080,-0.1450,0.8197,5.1667,-0.1380,0.8000,1,1
5.3185,-0.0008,1.3306,0.0215,0.0003,5.6845,0.1522,0.8141,0.3660,0.1529,-0.5165,5.6845,0.1522,0.8141,5.7277,0.1368,0.8000,1,1,5.6263,-0.1530,0.8173,0.3078,-0.1523,-0.5133,5.6263,-0.1530,0.8173,5.7947,-0.1382,0.8000,0,1,5.0493,0.1438,0.8240,-0.2692,0.1447,-0.5066,5.0493,0.1438,0.8240,5.2361,0.1367,0.8000,0,1,5.1079,-0.1450,0.8200,-0.2106,-0.1441,-0.5106,5.1079,-0.1450,0.8200,5.1691,-0.1383,0.8000,1,1
5.3226,-0.0009,1.3308,0.0215,0.0010,5.6844,0.1522,0.8141,0.3620,0.1527,-0.5167,5.6844,0.1522,0.8141,5.7298,0.1369,0.8000,1,1,5.6386,-0.1554,0.8257,0.3158,-0.1548,-0.5051,5.6386,-0.1554,0.8257,5.7991,-0.1381,0.8000,0,1,5.0595,0.1459,0.8313,-0.2630,0.1471,-0.4995,5.0595,0.1459,0.8313,5.2402,0.1364,0.8000,0,1,5.1078,-0.1450,0.8201,-0.2149,-0.1439,-0.5107,5.1078,-0.1450,0.8201,5.1715,-0.1386,0.8000,1,1
5.3268,-0.0011,1.3312,0.0205,0.0017,5.6843,0.1522,0.8140,0.3578,0.1527,-0.5172,5.6843,0.1522,0.8140,5.7320,0.1370,0.8000,1,1,5.6511,-0.1579,0.8369,0.3240,-0.1574,-0.4943,5.6511,-0.1579,0.8369,5.8034,-0.1380,0.8000,0,1,5.0701,0.1482,0.8402,-0.2564,0.1497,-0.4910,5.0701,0.1482,0.8402,5.2444,0.1361,0.8000,0,1,5.1077,-0.1450,0.8202,-0.2193,-0.1435,-0.5110,5.1077,-0.1450,0.8202,5.1738,-0.1389,0.8000,1,1
5.3310,-0.0012,1.3316,0.0190,0.0023,5.6841,0.1522,0.8139,0.3535,0.1526,-0.5177,5.6841,0.1522,0.8139,5.7340,0.1372,0.8000,1,1,5.6627,-0.1601,0.8498,0.3313,-0.1597,-0.4818,5.6627,-0.1601,0.8498,5.8076,-0.1378,0.8000,0,1,5.0814,0.1503,0.8508,-0.2493,0.1521,-0.4808,5.0814,0.1503,0.8508,5.2484,0.1359,0.8000,0,1,5.1075,-0.1450,0.8202,-0.2238,-0.1433,-0.5114,5.1075,-0.1450,0.8202,5.1760,-0.1391,0.8000,1,1
5.3350,-0.0013,1.3320,0.0172,0.0028,5.6840,0.1522,0.8138,0.3494,0.1525,-0.5182,5.6840,0.1522,0.8138,5.7360,0.1373,0.8000,1,1,5.6734,-0.1619,0.8629,0.3379,-0.1615,-0.4691,5.6734,-0.1619,0.8629,5.8118,-0.1377,0.8000,0,1,5.0918,0.1520,0.8616,-0.2428,0.1540,-0.4704,5.0918,0.1520,0.8616,5.2524,0.1357,0.8000,0,1,5.1074,-0.1450,0.8202,-0.2280,-0.1431,-0.5118,5.1074,-0.1450,0.8202,5.1782,-0.1393,0.8000,1,1
5.3390,-0.0013,1.3324,0.0153,0.0033,5.6840,0.1522,0.8138,0.3455,0.1524,-0.5186,5.6840,0.1522,0.8138,5.7379,0.1374,0.8000,1,1,5.6829,-0.1631,0.8750,0.3434,-0.1629,-0.4574,5.6829,-0.1631,0.8750,5.8158,-0.1376,0.8000,0,1,5.1017,0.1535,0.8724,-0.2368,0.1556,-0.4600,5.1017,0.1535,0.8724,5.2563,0.1356,0.8000,0,1,5.1074,-0.1450,0.8202,-0.2321,-0.1429,-0.5122,5.1074,-0.1450,0.8202,5.1802,-0.1394,0.8000,1,1
5.3429,-0.0013,1.3327,0.0137,0.0037,5.6840,0.1522,0.8138,0.3417,0.1522,-0.5189,5.6840,0.1522,0.8138,5.7397,0.1376,0.8000,1,1,5.6914,-0.1638,0.8847,0.3479,-0.1638,-0.4480,5.6914,-0.1638,0.8847,5.8197,-0.1374,0.8000,0,1,5.1106,0.1544,0.8818,-0.2317,0.1566,-0.4509,5.1106,0.1544,0.8818,5.2601,0.1355,0.8000,0,1,5.1074,-0.1450,0.8202,-0.2360,-0.1428,-0.5125,5.1074,-0.1450,0.8202,5.1821,-0.1395,0.8000,1,1
5.3467,-0.0013,1.3328,0.0123,0.0039,5.6840,0.1522,0.8138,0.3379,0.1522,-0.5190,5.6840,0.1522,0.8138,5.7415,0.1377,0.8000,1,1,5.6993,-0.1640,0.8909,0.3520,-0.1641,-0.4419,5.6993,-0.1640,0.8909,5.8236,-0.1373,0.8000,0,1,5.1188,0.1550,0.8880,-0.2273,0.1572,-0.4448,5.1188,0.1550,0.8880,5.2639,0.1355,0.8000,0,1,5.1074,-0.1450,0.8202,-0.2399,-0.1428,-0.5126,5.1074,-0.1450,0.8202,5.1840,-0.1395,0.8000,1,1
5.3505,-0.0012,1.3328,0.0113,0.0040,5.6840,0.1522,0.8138,0.3341,0.1521,-0.5190,5.6840,0.1522,0.8138,5.7433,0.1378,0.8000,1,1,5.7071,-0.1638,0.8924,0.3559,-0.1640,-0.4404,5.7071,-0.1638,0.8924,5.8274,-0.1372,0.8000,0,1,5.1262,0.1552,0.8895,-0.2237,0.1573,-0.4433,5.1262,0.1552,0.8895,5.2677,0.1356,0.8000,0,1,5.1074,-0.1450,0.8201,-0.2437,-0.1428,-0.5127,5.1074,-0.1450,0.8201,5.1858,-0.1394,0.8000,1,1
5.3542,-0.0011,1.3326,0.0107,0.0041,5.6841,0.1522,0.8138,0.3305,0.1519,-0.5188,5.6841,0.1522,0.8138,5.7450,0.1379,0.8000,1,1,5.7148,-0.1632,0.8888,0.3599,-0.1636,-0.4438,5.7148,-0.1632,0.8888,5.8312,-0.1371,0.8000,0,1,5.1332,0.1551,0.8859,-0.2204,0.1571,-0.4467,5.1332,0.1551,0.8859,5.2714,0.1357,0.8000,0,1,5.1074,-0.1450,0.8201,-0.2474,-0.1429,-0.5125,5.1074,-0.1450,0.8201,5.1876,-0.1393,0.8000,1,1
5.3580,-0.0010,1.3323,0.0107,0.0040,5.6841,0.1522,0.8138,0.3267,0.1519,-0.5185,5.6841,0.1522,0.8138,5.7468,0.1380,0.8000,1,1,5.7220,-0.1622,0.8814,0.3634,-0.1627,-0.4509,5.7220,-0.1622,0.8814,5.8349,-0.1370,0.8000,0,1,5.1398,0.1547,0.8784,-0.2176,0.1566,-0.4539,5.1398,0.1547,0.8784,5.2752,0.1358,0.8000,0,1,5.1075,-0.1450,0.8201,-0.2511,-0.1430,-0.5122,5.1075,-0.1450,0.8201,5.1893,-0.1392,0.8000,1,1
5.3617,-0.0008,1.3319,0.0111,0.0038,5.6841,0.1522,0.8138,0.3230,0.1518,-0.5181,5.6841,0.1522,0.8138,5.7486,0.1381,0.8000,1,1,5.7285,-0.1608,0.8710,0.3662,-0.1614,-0.4609,5.7285,-0.1608,0.8710,5.8386,-0.1369,0.8000,0,1,5.1470,0.1538,0.8685,-0.2141,0.1554,-0.4634,5.1470,0.1538,0.8685,5.2790,0.1360,0.8000,0,1,5.1075,-0.1450,0.8201,-0.2547,-0.1432,-0.5118,5.1075,-0.1450,0.8201,5.1910,-0.1390,0.8000,1,1
5.3655,-0.0006,1.3314,0.0120,0.0035,5.6842,0.1522,0.8138,0.3192,0.1517,-0.5176,5.6842,0.1522,0.8138,5.7504,0.1382,0.8000,1,1,5.7344,-0.1590,0.8589,0.3683,-0.1597,-0.4725,5.7344,-0.1590,0.8589,5.8424,-0.1368,0.8000,0,1,5.1523,0.1525,0.8580,-0.2127,0.1538,-0.4734,5.1523,0.1525,0.8580,5.2828,0.1363,0.8000,0,1,5.1075,-0.1450,0.8201,-0.2585,-0.1435,-0.5113,5.1075,-0.1450,0.8201,5.1928,-0.1387,0.8000,1,1
5.3693,-0.0004,1.3309,0.0132,0.0031,5.6843,0.1522,0.8139,0.3155,0.1516,-0.5170,5.6843,0.1522,0.8139,5.7523,0.1383,0.8000,1,1,5.7394,-0.1569,0.8463,0.3696,-0.1576,-0.4846,5.7394,-0.1569,0.8463,5.8462,-0.1367,0.8000,0,1,5.1579,0.1507,0.8475,-0.2109,0.1518,-0.4834,5.1579,0.1507,0.8475,5.2867,0.1365,0.8000,0,1,5.1076,-0.1450,0.8201,-0.2621,-0.1438,-0.5108,5.1076,-0.1450,0.8201,5.1946,-0.1385,0.8000,1,1
5.3733,-0.0002,1.3305,0.0147,0.0025,5.6843,0.1522,0.8140,0.3114,0.1516,-0.5165,5.6843,0.1522,0.8140,5.7543,0.1383,0.8000,1,1,5.7438,-0.1547,0.8341,0.3701,-0.1554,-0.4964,5.7438,-0.1547,0.8341,5.8500,-0.1367,0.8000,0,1,5.1630,0.1487,0.8385,-0.2099,0.1494,-0.4920,5.1630,0.1487,0.8385,5.2907,0.1369,0.8000,0,1,5.1077,-0.1450,0.8201,-0.2660,-0.1441,-0.5104,5.1077,-0.1450,0.8201,5.1964,-0.1381,0.8000,1,1
5.3773,0.0000,1.3302,0.0165,0.0019,5.6844,0.1522,0.8141,0.3074,0.1516,-0.5161,5.6844,0.1522,0.8141,5.7565,0.1382,0.8000,1,1,5.7476,-0.1528,0.8236,0.3700,-0.1535,-0.5066,5.7476,-0.1528,0.8236,5.8540,-0.1368,0.8000,0,1,5.1690,0.1464,0.8294,-0.2080,0.1468,-0.5008,5.1690,0.1464,0.8294,5.2949,0.1372,0.8000,0,1,5.1078,-0.1450,0.8201,-0.2698,-0.1445,-0.5101,5.1078,-0.1450,0.8201,5.1984,-0.1378,0.8000,1,1
5.3815,0.0003,1.3301,0.0186,0.0011,5.6845,0.1522,0.8141,0.3032,0.1516,-0.5160,5.6845,0.1522,0.8141,5.7588,0.1382,0.8000,1,1,5.7512,-0.1512,0.8155,0.3695,-0.1519,-0.5146,5.7512,-0.1512,0.8155,5.8581,-0.1368,0.8000,0,1,5.1750,0.1441,0.8221,-0.2063,0.1440,-0.5080,5.1750,0.1441,0.8221,5.2992,0.1376,0.8000,0,1,5.1079,-0.1450,0.8201,-0.2738,-0.1450,-0.5100,5.1079,-0.1450,0.8201,5.2005,-0.1374,0.8000,1,1
5.3864,0.0005,1.3302,0.0208,0.0003,5.6923,0.1534,0.8166,0.3059,0.1528,-0.5136,5.6923,0.1534,0.8166,5.8622,0.1382,0.8000,0,1,5.7530,-0.1507,0.8125,0.3666,-0.1513,-0.5177,5.7530,-0.1507,0.8125,5.7963,-0.1368,0.8000,1,1,5.1786,0.1428,0.8192,-0.2078,0.1424,-0.5110,5.1786,0.1428,0.8192,5.2376,0.1379,0.8000,1,1,5.1144,-0.1458,0.8225,-0.2720,-0.1462,-0.5077,5.1144,-0.1458,0.8225,5.3037,-0.1371,0.8000,0,1
5.3903,0.0007,1.3304,0.0215,-0.0003,5.7035,0.1554,0.8227,0.3132,0.1548,-0.5077,5.7035,0.1554,0.8227,5.8666,0.1381,0.8000,0,1,5.7530,-0.1507,0.8126,0.3627,-0.1513,-0.5178,5.7530,-0.1507,0.8126,5.7985,-0.1369,0.8000,1,1,5.1786,0.1428,0.8193,-0.2117,0.1420,-0.5111,5.1786,0.1428,0.8193,5.2400,0.1383,0.8000,1,1,5.1236,-0.1473,0.8285,-0.2667,-0.1481,-0.5019,5.1236,-0.1473,0.8285,5.3079,-0.1367,0.8000,0,1
5.3945,0.0009,1.3307,0.0210,-0.0009,5.7160,0.1579,0.8326,0.3214,0.1573,-0.4981,5.7160,0.1579,0.8326,5.8710,0.1381,0.8000,0,1,5.7528,-0.1508,0.8125,0.3584,-0.1514,-0.5182,5.7528,-0.1508,0.8125,5.8007,-0.1369,0.8000,1,1,5.1784,0.1428,0.8194,-0.2162,0.1417,-0.5113,5.1784,0.1428,0.8194,5.2424,0.1386,0.8000,1,1,5.1343,-0.1494,0.8375,-0.2601,-0.1505,-0.4932,5.1343,-0.1494,0.8375,5.3121,-0.1364,0.8000,0,1
5.3987,0.0011,1.3310,0.0198,-0.0014,5.7280,0.1603,0.8448,0.3291,0.1597,-0.4862,5.7280,0.1603,0.8448,5.8752,0.1380,0.8000,0,1,5.7526,-0.1508,0.8124,0.3541,-0.1514,-0.5186,5.7526,-0.1508,0.8124,5.8028,-0.1370,0.8000,1,1,5.1782,0.1427,0.8194,-0.2207,0.1413,-0.5116,5.1782,0.1427,0.8194,5.2446,0.1388,0.8000,1,1,5.1455,-0.1516,0.8485,-0.2530,-0.1531,-0.4825,5.1455,-0.1516,0.8485,5.3162,-0.1362,0.8000,0,1
5.4028,0.0012,1.3314,0.0181,-0.0020,5.7391,0.1624,0.8580,0.3360,0.1619,-0.4734,5.7391,0.1624,0.8580,5.8794,0.1379,0.8000,0,1,5.7525,-0.1508,0.8123,0.3500,-0.1513,-0.5191,5.7525,-0.1508,0.8123,5.8049,-0.1371,0.8000,1,1,5.1782,0.1427,0.8194,-0.2249,0.1411,-0.5120,5.1782,0.1427,0.8194,5.2468,0.1390,0.8000,1,1,5.1563,-0.1536,0.8600,-0.2462,-0.1553,-0.4714,5.1563,-0.1536,0.8600,5.3203,-0.1360,0.8000,0,1
5.4068,0.0013,1.3318,0.0162,-0.0024,5.7491,0.1639,0.8707,0.3419,0.1634,-0.4611,5.7491,0.1639,0.8707,5.8835,0.1378,0.8000,0,1,5.7525,-0.1508,0.8122,0.3461,-0.1513,-0.5196,5.7525,-0.1508,0.8122,5.8068,-0.1372,0.8000,1,1,5.1781,0.1427,0.8194,-0.2290,0.1409,-0.5124,5.1781,0.1427,0.8194,5.2489,0.1392,0.8000,1,1,5.1664,-0.1553,0.8702,-0.2400,-0.1572,-0.4616,5.1664,-0.1553,0.8702,5.3242,-0.1358,0.8000,0,1
5.4107,0.0013,1.3321,0.0144,-0.0028,5.7581,0.1649,0.8818,0.3469,0.1646,-0.4503,5.7581,0.1649,0.8818,5.8875,0.1377,0.8000,0,1,5.7525,-0.1508,0.8122,0.3422,-0.1511,-0.5199,5.7525,-0.1508,0.8122,5.8087,-0.1373,0.8000,1,1,5.1781,0.1427,0.8194,-0.2330,0.1407,-0.5127,5.1781,0.1427,0.8194,5.2509,0.1393,0.8000,1,1,5.1757,-0.1564,0.8796,-0.2346,-0.1584,-0.4525,5.1757,-0.1564,0.8796,5.3281,-0.1357,0.8000,0,1
5.4146,0.0013,1.3323,0.0129,-0.0032,5.7663,0.1654,0.8899,0.3512,0.1652,-0.4424,5.7663,0.1654,0.8899,5.8914,0.1376,0.8000,0,1,5.7525,-0.1508,0.8122,0.3384,-0.1510,-0.5201,5.7525,-0.1508,0.8122,5.8106,-0.1374,0.8000,1,1,5.1781,0.1427,0.8194,-0.2370,0.1406,-0.5129,5.1781,0.1427,0.8194,5.2528,0.1394,0.8000,1,1,5.1844,-0.1572,0.8870,-0.2297,-0.1592,-0.4453,5.1844,-0.1572,0.8870,5.3320,-0.1356,0.8000,0,1
5.4185,0.0013,1.3324,0.0116,-0.0034,5.7742,0.1655,0.8939,0.3551,0.1654,-0.4385,5.7742,0.1655,0.8939,5.8953,0.1375,0.8000,0,1,5.7525,-0.1508,0.8122,0.3345,-0.1510,-0.5202,5.7525,-0.1508,0.8122,5.8124,-0.1375,0.8000,1,1,5.1781,0.1427,0.8194,-0.2409,0.1406,-0.5130,5.1781,0.1427,0.8194,5.2547,0.1394,0.8000,1,1,5.1921,-0.1575,0.8908,-0.2259,-0.1596,-0.4416,5.1921,-0.1575,0.8908,5.3358,-0.1356,0.8000,0,1
5.4223,0.0012,1.3323,0.0108,-0.0035,5.7820,0.1651,0.8928,0.3591,0.1652,-0.4395,5.7820,0.1651,0.8928,5.8991,0.1374,0.8000,0,1,5.7525,-0.1508,0.8122,0.3307,-0.1508,-0.5201,5.7525,-0.1508,0.8122,5.8142,-0.1376,0.8000,1,1,5.1781,0.1427,0.8194,-0.2447,0.1406,-0.5129,5.1781,0.1427,0.8194,5.2565,0.1394,0.8000,1,1,5.1993,-0.1574,0.8897,-0.2224,-0.1594,-0.4426,5.1993,-0.1574,0.8897,5.3396,-0.1356,0.8000,0,1
5.4260,0.0011,1.3320,0.0104,-0.0035,5.7896,0.1643,0.8871,0.3630,0.1645,-0.4449,5.7896,0.1643,0.8871,5.9029,0.1373,0.8000,0,1,5.7525,-0.1508,0.8122,0.3270,-0.1508,-0.5198,5.7525,-0.1508,0.8122,5.8159,-0.1377,0.8000,1,1,5.1782,0.1427,0.8193,-0.2483,0.1407,-0.5127,5.1782,0.1427,0.8193,5.2583,0.1393,0.8000,1,1,5.2064,-0.1570,0.8839,-0.2190,-0.1589,-0.4481,5.2064,-0.1570,0.8839,5.3433,-0.1357,0.8000,0,1
5.4298,0.0010,1.3316,0.0105,-0.0034,5.7967,0.1632,0.8781,0.3663,0.1634,-0.4535,5.7967,0.1632,0.8781,5.9067,0.1372,0.8000,0,1,5.7525,-0.1508,0.8122,0.3232,-0.1507,-0.5194,5.7525,-0.1508,0.8122,5.8177,-0.1378,0.8000,1,1,5.1782,0.1427,0.8193,-0.2521,0.1408,-0.5123,5.1782,0.1427,0.8193,5.2601,0.1391,0.8000,1,1,5.2129,-0.1562,0.8750,-0.2164,-0.1579,-0.4566,5.2129,-0.1562,0.8750,5.3471,-0.1359,0.8000,0,1
5.4336,0.0008,1.3312,0.0111,-0.0032,5.8030,0.1616,0.8666,0.3689,0.1620,-0.4646,5.8030,0.1616,0.8666,5.9105,0.1371,0.8000,0,1,5.7526,-0.1508,0.8123,0.3195,-0.1506,-0.5189,5.7526,-0.1508,0.8123,5.8196,-0.1379,0.8000,1,1,5.1782,0.1427,0.8193,-0.2559,0.1411,-0.5119,5.1782,0.1427,0.8193,5.2619,0.1389,0.8000,1,1,5.2194,-0.1551,0.8636,-0.2137,-0.1566,-0.4676,5.2194,-0.1551,0.8636,5.3510,-0.1361,0.8000,0,1
5.4375,0.0007,1.3307,0.0121,-0.0029,5.8086,0.1596,0.8541,0.3706,0.1600,-0.4766,5.8086,0.1596,0.8541,5.9143,0.1371,0.8000,0,1,5.7527,-0.1508,0.8123,0.3156,-0.1506,-0.5184,5.7527,-0.1508,0.8123,5.8215,-0.1379,0.8000,1,1,5.1783,0.1427,0.8193,-0.2596,0.1412,-0.5114,5.1783,0.1427,0.8193,5.2637,0.1387,0.8000,1,1,5.2251,-0.1534,0.8532,-0.2120,-0.1547,-0.4775,5.2251,-0.1534,0.8532,5.3549,-0.1363,0.8000,0,1
5.4414,0.0005,1.3303,0.0135,-0.0024,5.8133,0.1576,0.8415,0.3715,0.1580,-0.4888,5.8133,0.1576,0.8415,5.9181,0.1371,0.8000,0,1,5.7527,-0.1508,0.8124,0.3117,-0.1506,-0.5179,5.7527,-0.1508,0.8124,5.8235,-0.1379,0.8000,1,1,5.1783,0.1427,0.8193,-0.2634,0.1416,-0.5110,5.1783,0.1427,0.8193,5.2655,0.1384,0.8000,1,1,5.2302,-0.1514,0.8432,-0.2108,-0.1524,-0.4871,5.2302,-0.1514,0.8432,5.3589,-0.1366,0.8000,0,1
5.4454,0.0003,1.3299,0.0152,-0.0019,5.8174,0.1555,0.8299,0.3717,0.1559,-0.5000,5.8174,0.1555,0.8299,5.9221,0.1371,0.8000,0,1,5.7528,-0.1508,0.8124,0.3077,-0.1505,-0.5175,5.7528,-0.1508,0.8124,5.8256,-0.1379,0.8000,1,1,5.1784,0.1427,0.8193,-0.2673,0.1419,-0.5106,5.1784,0.1427,0.8193,5.2675,0.1381,0.8000,1,1,5.2356,-0.1493,0.8345,-0.2095,-0.1500,-0.4954,5.2356,-0.1493,0.8345,5.3630,-0.1369,0.8000,0,1
5.4496,0.0001,1.3298,0.0172,-0.0012,5.8211,0.1536,0.8207,0.3713,0.1539,-0.5091,5.8211,0.1536,0.8207,5.9262,0.1371,0.8000,0,1,5.7529,-0.1508,0.8125,0.3035,-0.1505,-0.5173,5.7529,-0.1508,0.8125,5.8278,-0.1379,0.8000,1,1,5.1785,0.1427,0.8193,-0.2713,0.1423,-0.5105,5.1785,0.1427,0.8193,5.2696,0.1378,0.8000,1,1,5.2419,-0.1468,0.8261,-0.2075,-0.1471,-0.5037,5.2419,-0.1468,0.8261,5.3672,-0.1372,0.8000,0,1
5.4539,-0.0001,1.3298,0.0197,-0.0005,5.8245,0.1523,0.8141,0.3705,0.1526,-0.5157,5.8245,0.1523,0.8141,5.8654,0.1372,0.8000,1,1,5.7529,-0.1508,0.8125,0.2991,-0.1506,-0.5173,5.7529,-0.1508,0.8125,5.9302,-0.1378,0.8000,0,1,5.1785,0.1427,0.8194,-0.2755,0.1427,-0.5104,5.1785,0.1427,0.8194,5.3718,0.1375,0.8000,0,1,5.2487,-0.1440,0.8197,-0.2051,-0.1440,-0.5101,5.2487,-0.1440,0.8197,5.3066,-0.1375,0.8000,1,1
5.4584,-0.0003,1.3300,0.0213,0.0002,5.8245,0.1523,0.8142,0.3661,0.1525,-0.5158,5.8245,0.1523,0.8142,5.8677,0.1373,0.8000,1,1,5.7655,-0.1527,0.8171,0.3071,-0.1525,-0.5129,5.7655,-0.1527,0.8171,5.9347,-0.1377,0.8000,0,1,5.1896,0.1445,0.8233,-0.2688,0.1449,-0.5067,5.1896,0.1445,0.8233,5.3761,0.1372,0.8000,0,1,5.2486,-0.1440,0.8199,-0.2098,-0.1437,-0.5101,5.2486,-0.1440,0.8199,5.3091,-0.1378,0.8000,1,1
5.4627,-0.0005,1.3303,0.0214,0.0009,5.8245,0.1523,0.8142,0.3619,0.1525,-0.5161,5.8245,0.1523,0.8142,5.8699,0.1374,0.8000,1,1,5.7779,-0.1548,0.8251,0.3151,-0.1546,-0.5052,5.7779,-0.1548,0.8251,5.9391,-0.1376,0.8000,0,1,5.2002,0.1467,0.8310,-0.2624,0.1474,-0.4993,5.2002,0.1467,0.8310,5.3803,0.1369,0.8000,0,1,5.2486,-0.1441,0.8199,-0.2142,-0.1434,-0.5104,5.2486,-0.1441,0.8199,5.3115,-0.1381,0.8000,1,1
5.4669,-0.0006,1.3307,0.0205,0.0015,5.8244,0.1523,0.8142,0.3577,0.1524,-0.5165,5.8244,0.1523,0.8142,5.8721,0.1374,0.8000,1,1,5.7903,-0.1571,0.8359,0.3232,-0.1570,-0.4948,5.7903,-0.1571,0.8359,5.9435,-0.1376,0.8000,0,1,5.2109,0.1488,0.8414,-0.2558,0.1498,-0.4893,5.2109,0.1488,0.8414,5.3845,0.1366,0.8000,0,1,5.2485,-0.1441,0.8200,-0.2186,-0.1432,-0.5107,5.2485,-0.1441,0.8200,5.3139,-0.1384,0.8000,1,1
5.4711,-0.0007,1.3311,0.0190,0.0021,5.8243,0.1523,0.8141,0.3535,0.1523,-0.5170,5.8243,0.1523,0.8141,5.8742,0.1375,0.8000,1,1,5.8020,-0.1592,0.8484,0.3306,-0.1592,-0.4827,5.8020,-0.1592,0.8484,5.9478,-0.1375,0.8000,0,1,5.2218,0.1510,0.8515,-0.2490,0.1522,-0.4796,5.2218,0.1510,0.8515,5.3886,0.1364,0.8000,0,1,5.2484,-0.1440,0.8200,-0.2230,-0.1428,-0.5111,5.2484,-0.1440,0.8200,5.3162,-0.1386,0.8000,1,1
5.4752,-0.0008,1.3315,0.0173,0.0026,5.8242,0.1523,0.8141,0.3494,0.1522,-0.5174,5.8242,0.1523,0.8141,5.8762,0.1377,0.8000,1,1,5.8125,-0.1609,0.8613,0.3369,-0.1610,-0.4702,5.8125,-0.1609,0.8613,5.9519,-0.1373,0.8000,0,1,5.2322,0.1529,0.8629,-0.2426,0.1543,-0.4686,5.2322,0.1529,0.8629,5.3926,0.1362,0.8000,0,1,5.2483,-0.1440,0.8200,-0.2273,-0.1426,-0.5115,5.2483,-0.1440,0.8200,5.3183,-0.1388,0.8000,1,1
5.4791,-0.0009,1.3319,0.0156,0.0030,5.8241,0.1523,0.8140,0.3455,0.1522,-0.5179,5.8241,0.1523,0.8140,5.8781,0.1378,0.8000,1,1,5.8219,-0.1620,0.8734,0.3423,-0.1621,-0.4585,5.8219,-0.1620,0.8734,5.9559,-0.1372,0.8000,0,1,5.2420,0.1544,0.8743,-0.2366,0.1560,-0.4576,5.2420,0.1544,0.8743,5.3965,0.1361,0.8000,0,1,5.2483,-0.1440,0.8200,-0.2312,-0.1424,-0.5119,5.2483,-0.1440,0.8200,5.3204,-0.1389,0.8000,1,1
5.4830,-0.0009,1.3322,0.0141,0.0034,5.8241,0.1523,0.8139,0.3416,0.1520,-0.5183,5.8241,0.1523,0.8139,5.8800,0.1379,0.8000,1,1,5.8303,-0.1626,0.8829,0.3467,-0.1629,-0.4493,5.8303,-0.1626,0.8829,5.9599,-0.1371,0.8000,0,1,5.2508,0.1553,0.8836,-0.2317,0.1570,-0.4486,5.2508,0.1553,0.8836,5.4004,0.1360,0.8000,0,1,5.2482,-0.1440,0.8200,-0.2353,-0.1423,-0.5122,5.2482,-0.1440,0.8200,5.3223,-0.1390,0.8000,1,1
5.4869,-0.0009,1.3324,0.0129,0.0036,5.8241,0.1523,0.8139,0.3377,0.1520,-0.5185,5.8241,0.1523,0.8139,5.8818,0.1380,0.8000,1,1,5.8383,-0.1628,0.8890,0.3508,-0.1632,-0.4434,5.8383,-0.1628,0.8890,5.9638,-0.1370,0.8000,0,1,5.2588,0.1558,0.8898,-0.2275,0.1575,-0.4426,5.2588,0.1558,0.8898,5.4042,0.1360,0.8000,0,1,5.2482,-0.1440,0.8199,-0.2392,-0.1422,-0.5125,5.2482,-0.1440,0.8199,5.3242,-0.1390,0.8000,1,1
5.4907,-0.0008,1.3324,0.0119,0.0037,5.8241,0.1523,0.8138,0.3340,0.1519,-0.5186,5.8241,0.1523,0.8138,5.8836,0.1381,0.8000,1,1,5.8462,-0.1627,0.8906,0.3549,-0.1632,-0.4418,5.8462,-0.1627,0.8906,5.9676,-0.1369,0.8000,0,1,5.2662,0.1560,0.8914,-0.2239,0.1576,-0.4410,5.2662,0.1560,0.8914,5.4080,0.1360,0.8000,0,1,5.2483,-0.1440,0.8199,-0.2429,-0.1423,-0.5125,5.2483,-0.1440,0.8199,5.3260,-0.1390,0.8000,1,1
5.4945,-0.0007,1.3322,0.0115,0.0037,5.8241,0.1523,0.8138,0.3302,0.1518,-0.5184,5.8241,0.1523,0.8138,5.8853,0.1382,0.8000,1,1,5.8538,-0.1621,0.8875,0.3587,-0.1627,-0.4447,5.8538,-0.1621,0.8875,5.9714,-0.1368,0.8000,0,1,5.2733,0.1557,0.8882,-0.2206,0.1572,-0.4440,5.2733,0.1557,0.8882,5.4117,0.1361,0.8000,0,1,5.2482,-0.1440,0.8199,-0.2468,-0.1424,-0.5123,5.2482,-0.1440,0.8199,5.3278,-0.1389,0.8000,1,1
5.4982,-0.0006,1.3319,0.0114,0.0036,5.8241,0.1523,0.8138,0.3264,0.1517,-0.5181,5.8241,0.1523,0.8138,5.8871,0.1382,0.8000,1,1,5.8612,-0.1611,0.8801,0.3624,-0.1618,-0.4518,5.8612,-0.1611,0.8801,5.9751,-0.1368,0.8000,0,1,5.2799,0.1551,0.8808,-0.2177,0.1565,-0.4511,5.2799,0.1551,0.8808,5.4155,0.1362,0.8000,0,1,5.2483,-0.1440,0.8199,-0.2504,-0.1425,-0.5120,5.2483,-0.1440,0.8199,5.3295,-0.1388,0.8000,1,1
5.5020,-0.0005,1.3315,0.0118,0.0033,5.8242,0.1523,0.8138,0.3227,0.1517,-0.5177,5.8242,0.1523,0.8138,5.8889,0.1383,0.8000,1,1,5.8679,-0.1598,0.8698,0.3654,-0.1605,-0.4617,5.8679,-0.1598,0.8698,5.9788,-0.1367,0.8000,0,1,5.2867,0.1541,0.8705,-0.2148,0.1553,-0.4610,5.2867,0.1541,0.8705,5.4193,0.1364,0.8000,0,1,5.2483,-0.1440,0.8199,-0.2542,-0.1427,-0.5116,5.2483,-0.1440,0.8199,5.3312,-0.1386,0.8000,1,1
5.5058,-0.0003,1.3310,0.0126,0.0029,5.8243,0.1523,0.8139,0.3189,0.1517,-0.5171,5.8243,0.1523,0.8139,5.8908,0.1383,0.8000,1,1,5.8738,-0.1582,0.8577,0.3675,-0.1590,-0.4733,5.8738,-0.1582,0.8577,5.9826,-0.1367,0.8000,0,1,5.2928,0.1526,0.8599,-0.2126,0.1535,-0.4711,5.2928,0.1526,0.8599,5.4232,0.1366,0.8000,0,1,5.2484,-0.1440,0.8199,-0.2578,-0.1430,-0.5111,5.2484,-0.1440,0.8199,5.3330,-0.1384,0.8000,1,1
5.5096,-0.0002,1.3306,0.0137,0.0025,5.8244,0.1522,0.8140,0.3152,0.1516,-0.5166,5.8244,0.1522,0.8140,5.8927,0.1382,0.8000,1,1,5.8789,-0.1563,0.8450,0.3689,-0.1570,-0.4856,5.8789,-0.1563,0.8450,5.9864,-0.1368,0.8000,0,1,5.2977,0.1507,0.8492,-0.2115,0.1514,-0.4814,5.2977,0.1507,0.8492,5.4271,0.1369,0.8000,0,1,5.2485,-0.1441,0.8199,-0.2615,-0.1432,-0.5107,5.2485,-0.1441,0.8199,5.3348,-0.1381,0.8000,1,1
5.5136,-0.0000,1.3302,0.0151,0.0019,5.8245,0.1522,0.8141,0.3112,0.1516,-0.5161,5.8245,0.1522,0.8141,5.8947,0.1382,0.8000,1,1,5.8834,-0.1544,0.8328,0.3695,-0.1551,-0.4974,5.8834,-0.1544,0.8328,5.9902,-0.1368,0.8000,0,1,5.3034,0.1485,0.8389,-0.2099,0.1489,-0.4913,5.3034,0.1485,0.8389,5.4311,0.1371,0.8000,0,1,5.2486,-0.1441,0.8199,-0.2653,-0.1436,-0.5103,5.2486,-0.1441,0.8199,5.3366,-0.1379,0.8000,1,1
5.5176,0.0002,1.3299,0.0166,0.0012,5.8247,0.1522,0.8143,0.3073,0.1516,-0.5156,5.8247,0.1522,0.8143,5.8969,0.1381,0.8000,1,1,5.8873,-0.1525,0.8224,0.3695,-0.1531,-0.5075,5.8873,-0.1525,0.8224,5.9942,-0.1369,0.8000,0,1,5.3092,0.1460,0.8292,-0.2082,0.1460,-0.5007,5.3092,0.1460,0.8292,5.4353,0.1374,0.8000,0,1,5.2488,-0.1441,0.8198,-0.2690,-0.1440,-0.5101,5.2488,-0.1441,0.8198,5.3386,-0.1376,0.8000,1,1
5.5218,0.0003,1.3298,0.0187,0.0005,5.8248,0.1522,0.8143,0.3031,0.1517,-0.5155,5.8248,0.1522,0.8143,5.8991,0.1380,0.8000,1,1,5.8913,-0.1513,0.8142,0.3694,-0.1518,-0.5156,5.8913,-0.1513,0.8142,5.9983,-0.1370,0.8000,0,1,5.3153,0.1435,0.8216,-0.2064,0.1433,-0.5082,5.3153,0.1435,0.8216,5.4395,0.1377,0.8000,0,1,5.2489,-0.1441,0.8199,-0.2730,-0.1443,-0.5099,5.2489,-0.1441,0.8199,5.3407,-0.1373,0.8000,1,1
5.5266,0.0005,1.3299,0.0211,-0.0003,5.8318,0.1531,0.8165,0.3052,0.1527,-0.5134,5.8318,0.1531,0.8165,6.0026,0.1379,0.8000,0,1,5.8933,-0.1509,0.8114,0.3667,-0.1513,-0.5185,5.8933,-0.1509,0.8114,5.9365,-0.1371,0.8000,1,1,5.3186,0.1420,0.8186,-0.2080,0.1414,-0.5113,5.3186,0.1420,0.8186,5.3780,0.1381,0.8000,1,1,5.2546,-0.1453,0.8219,-0.2720,-0.1459,-0.5080,5.2546,-0.1453,0.8219,5.4439,-0.1369,0.8000,0,1
5.5305,0.0007,1.3301,0.0221,-0.0010,5.8431,0.1548,0.8226,0.3124,0.1544,-0.5075,5.8431,0.1548,0.8226,6.0070,0.1378,0.8000,0,1,5.8932,-0.1510,0.8114,0.3629,-0.1513,-0.5187,5.8932,-0.1510,0.8114,5.9387,-0.1372,0.8000,1,1,5.3185,0.1420,0.8187,-0.2121,0.1411,-0.5114,5.3185,0.1420,0.8187,5.3804,0.1384,0.8000,1,1,5.2647,-0.1476,0.8275,-0.2657,-0.1486,-0.5026,5.2647,-0.1476,0.8275,5.4481,-0.1366,0.8000,0,1
5.5347,0.0008,1.3304,0.0219,-0.0017,5.8554,0.1570,0.8321,0.3204,0.1567,-0.4983,5.8554,0.1570,0.8321,6.0113,0.1377,0.8000,0,1,5.8931,-0.1510,0.8113,0.3587,-0.1512,-0.5191,5.8931,-0.1510,0.8113,5.9408,-0.1373,0.8000,1,1,5.3184,0.1419,0.8187,-0.2165,0.1407,-0.5117,5.3184,0.1419,0.8187,5.3827,0.1386,0.8000,1,1,5.2756,-0.1502,0.8367,-0.2588,-0.1514,-0.4937,5.2756,-0.1502,0.8367,5.4522,-0.1364,0.8000,0,1
5.5388,0.0009,1.3308,0.0209,-0.0023,5.8672,0.1591,0.8440,0.3280,0.1590,-0.4868,5.8672,0.1591,0.8440,6.0155,0.1376,0.8000,0,1,5.8929,-0.1510,0.8112,0.3544,-0.1511,-0.5196,5.8929,-0.1510,0.8112,5.9429,-0.1374,0.8000,1,1,5.3182,0.1419,0.8187,-0.2209,0.1405,-0.5121,5.3182,0.1419,0.8187,5.3849,0.1389,0.8000,1,1,5.2867,-0.1528,0.8481,-0.2517,-0.1543,-0.4827,5.2867,-0.1528,0.8481,5.4563,-0.1361,0.8000,0,1
5.5429,0.0010,1.3312,0.0195,-0.0028,5.8781,0.1609,0.8570,0.3348,0.1608,-0.4742,5.8781,0.1609,0.8570,6.0197,0.1375,0.8000,0,1,5.8928,-0.1511,0.8112,0.3503,-0.1511,-0.5200,5.8928,-0.1511,0.8112,5.9449,-0.1375,0.8000,1,1,5.3181,0.1419,0.8188,-0.2252,0.1403,-0.5124,5.3181,0.1419,0.8188,5.3871,0.1391,0.8000,1,1,5.2973,-0.1551,0.8605,-0.2452,-0.1568,-0.4707,5.2973,-0.1551,0.8605,5.4603,-0.1359,0.8000,0,1
5.5469,0.0011,1.3317,0.0179,-0.0033,5.8881,0.1624,0.8698,0.3407,0.1624,-0.4619,5.8881,0.1624,0.8698,6.0238,0.1373,0.8000,0,1,5.8927,-0.1511,0.8111,0.3463,-0.1511,-0.5206,5.8927,-0.1511,0.8111,5.9469,-0.1377,0.8000,1,1,5.3181,0.1418,0.8187,-0.2293,0.1399,-0.5130,5.3181,0.1418,0.8187,5.3892,0.1392,0.8000,1,1,5.3074,-0.1569,0.8719,-0.2390,-0.1588,-0.4598,5.3074,-0.1569,0.8719,5.4643,-0.1358,0.8000,0,1
5.5509,0.0011,1.3320,0.0161,-0.0037,5.8970,0.1634,0.8808,0.3455,0.1636,-0.4512,5.8970,0.1634,0.8808,6.0278,0.1372,0.8000,0,1,5.8927,-0.1511,0.8111,0.3424,-0.1509,-0.5209,5.8927,-0.1511,0.8111,5.9487,-0.1378,0.8000,1,1,5.3180,0.1418,0.8187,-0.2334,0.1398,-0.5133,5.3180,0.1418,0.8187,5.3912,0.1393,0.8000,1,1,5.3166,-0.1580,0.8817,-0.2337,-0.1600,-0.4503,5.3166,-0.1580,0.8817,5.4681,-0.1357,0.8000,0,1
5.5548,0.0011,1.3322,0.0146,-0.0040,5.9053,0.1639,0.8890,0.3498,0.1642,-0.4432,5.9053,0.1639,0.8890,6.0317,0.1371,0.8000,0,1,5.8927,-0.1511,0.8111,0.3385,-0.1508,-0.5211,5.8927,-0.1511,0.8111,5.9506,-0.1379,0.8000,1,1,5.3180,0.1418,0.8187,-0.2374,0.1398,-0.5135,5.3180,0.1418,0.8187,5.3931,0.1393,0.8000,1,1,5.3251,-0.1587,0.8893,-0.2291,-0.1607,-0.4429,5.3251,-0.1587,0.8893,5.4720,-0.1357,0.8000,0,1
5.5586,0.0011,1.3323,0.0133,-0.0041,5.9133,0.1639,0.8930,0.3540,0.1643,-0.4393,5.9133,0.1639,0.8930,6.0355,0.1370,0.8000,0,1,5.8927,-0.1511,0.8111,0.3347,-0.1508,-0.5212,5.8927,-0.1511,0.8111,5.9524,-0.1380,0.8000,1,1,5.3180,0.1418,0.8187,-0.2412,0.1397,-0.5136,5.3180,0.1418,0.8187,5.3950,0.1393,0.8000,1,1,5.3328,-0.1589,0.8932,-0.2251,-0.1609,-0.4391,5.3328,-0.1589,0.8932,5.4758,-0.1357,0.8000,0,1
5.5624,0.0010,1.3322,0.0124,-0.0042,5.9213,0.1636,0.8918,0.3582,0.1641,-0.4404,5.9213,0.1636,0.8918,6.0394,0.1369,0.8000,0,1,5.8927,-0.1511,0.8111,0.3309,-0.1507,-0.5211,5.8927,-0.1511,0.8111,5.9542,-0.1381,0.8000,1,1,5.3181,0.1418,0.8187,-0.2449,0.1398,-0.5135,5.3181,0.1418,0.8187,5.3968,0.1393,0.8000,1,1,5.3400,-0.1587,0.8920,-0.2217,-0.1606,-0.4402,5.3400,-0.1587,0.8920,5.4796,-0.1357,0.8000,0,1
5.5662,0.0009,1.3319,0.0120,-0.0041,5.9289,0.1630,0.8861,0.3620,0.1636,-0.4458,5.9289,0.1630,0.8861,6.0431,0.1369,0.8000,0,1,5.8928,-0.1511,0.8111,0.3272,-0.1507,-0.5208,5.8928,-0.1511,0.8111,5.9560,-0.1381,0.8000,1,1,5.3181,0.1418,0.8187,-0.2487,0.1399,-0.5132,5.3181,0.1418,0.8187,5.3986,0.1391,0.8000,1,1,5.3470,-0.1582,0.8863,-0.2185,-0.1600,-0.4456,5.3470,-0.1582,0.8863,5.4834,-0.1358,0.8000,0,1
5.5700,0.0008,1.3315,0.0120,-0.0039,5.9360,0.1620,0.8770,0.3654,0.1626,-0.4545,5.9360,0.1620,0.8770,6.0469,0.1368,0.8000,0,1,5.8928,-0.1511,0.8111,0.3234,-0.1506,-0.5204,5.8928,-0.1511,0.8111,5.9578,-0.1382,0.8000,1,1,5.3181,0.1418,0.8187,-0.2524,0.1400,-0.5128,5.3181,0.1418,0.8187,5.4003,0.1390,0.8000,1,1,5.3536,-0.1574,0.8771,-0.2158,-0.1590,-0.4544,5.3536,-0.1574,0.8771,5.4872,-0.1360,0.8000,0,1
5.5738,0.0006,1.3311,0.0125,-0.0037,5.9424,0.1606,0.8656,0.3680,0.1614,-0.4655,5.9424,0.1606,0.8656,6.0507,0.1367,0.8000,0,1,5.8929,-0.1512,0.8111,0.3197,-0.1506,-0.5200,5.8929,-0.1512,0.8111,5.9597,-0.1382,0.8000,1,1,5.3182,0.1418,0.8187,-0.2561,0.1403,-0.5124,5.3182,0.1418,0.8187,5.4021,0.1388,0.8000,1,1,5.3601,-0.1562,0.8658,-0.2131,-0.1576,-0.4653,5.3601,-0.1562,0.8658,5.4911,-0.1362,0.8000,0,1
5.5777,0.0005,1.3306,0.0135,-0.0033,5.9480,0.1589,0.8530,0.3698,0.1596,-0.4776,5.9480,0.1589,0.8530,6.0545,0.1367,0.8000,0,1,5.8929,-0.1511,0.8112,0.3157,-0.1506,-0.5194,5.8929,-0.1511,0.8112,5.9616,-0.1383,0.8000,1,1,5.3182,0.1418,0.8187,-0.2600,0.1404,-0.5119,5.3182,0.1418,0.8187,5.4039,0.1386,0.8000,1,1,5.3660,-0.1547,0.8553,-0.2112,-0.1559,-0.4753,5.3660,-0.1547,0.8553,5.4950,-0.1364,0.8000,0,1
5.5816,0.0003,1.3301,0.0149,-0.0029,5.9524,0.1570,0.8407,0.3703,0.1578,-0.4894,5.9524,0.1570,0.8407,6.0584,0.1367,0.8000,0,1,5.8930,-0.1511,0.8112,0.3118,-0.1505,-0.5189,5.8930,-0.1511,0.8112,5.9636,-0.1383,0.8000,1,1,5.3183,0.1418,0.8186,-0.2637,0.1407,-0.5115,5.3183,0.1418,0.8186,5.4058,0.1383,0.8000,1,1,5.3712,-0.1528,0.8455,-0.2100,-0.1537,-0.4846,5.3712,-0.1528,0.8455,5.4990,-0.1367,0.8000,0,1
5.5857,0.0001,1.3298,0.0166,-0.0023,5.9567,0.1551,0.8294,0.3706,0.1559,-0.5004,5.9567,0.1551,0.8294,6.0624,0.1367,0.8000,0,1,5.8930,-0.1511,0.8113,0.3076,-0.1505,-0.5185,5.8930,-0.1511,0.8113,5.9657,-0.1383,0.8000,1,1,5.3183,0.1418,0.8186,-0.2677,0.1411,-0.5112,5.3183,0.1418,0.8186,5.4078,0.1380,0.8000,1,1,5.3767,-0.1506,0.8365,-0.2087,-0.1512,-0.4933,5.3767,-0.1506,0.8365,5.5031,-0.1370,0.8000,0,1
5.5899,-0.0001,1.3296,0.0188,-0.0017,5.9602,0.1534,0.8201,0.3700,0.1541,-0.5095,5.9602,0.1534,0.8201,6.0665,0.1368,0.8000,0,1,5.8930,-0.1511,0.8113,0.3034,-0.1505,-0.5183,5.8930,-0.1511,0.8113,5.9680,-0.1382,0.8000,1,1,5.3184,0.1419,0.8187,-0.2717,0.1415,-0.5109,5.3184,0.1419,0.8187,5.4099,0.1377,0.8000,1,1,5.3827,-0.1482,0.8284,-0.2069,-0.1485,-0.5012,5.3827,-0.1482,0.8284,5.5074,-0.1373,0.8000,0,1
5.5942,-0.0003,1.3296,0.0215,-0.0011,5.9637,0.1522,0.8132,0.3693,0.1529,-0.5164,5.9637,0.1522,0.8132,6.0057,0.1368,0.8000,1,1,5.8930,-0.1511,0.8113,0.2990,-0.1505,-0.5183,5.8930,-0.1511,0.8113,6.0704,-0.1382,0.8000,0,1,5.3183,0.1419,0.8188,-0.2761,0.1419,-0.5108,5.3183,0.1419,0.8188,5.5121,0.1374,0.8000,0,1,5.3888,-0.1456,0.8221,-0.2052,-0.1455,-0.5075,5.3888,-0.1456,0.8221,5.4468,-0.1376,0.8000,1,1
5.5988,-0.0005,1.3298,0.0236,-0.0003,5.9636,0.1522,0.8134,0.3648,0.1528,-0.5164,5.9636,0.1522,0.8134,6.0080,0.1369,0.8000,1,1,5.9054,-0.1528,0.8165,0.3066,-0.1522,-0.5133,5.9054,-0.1528,0.8165,6.0749,-0.1381,0.8000,0,1,5.3288,0.1440,0.8239,-0.2700,0.1444,-0.5059,5.3288,0.1440,0.8239,5.5164,0.1371,0.8000,0,1,5.3887,-0.1456,0.8224,-0.2101,-0.1452,-0.5074,5.3887,-0.1456,0.8224,5.4493,-0.1379,0.8000,1,1
5.6029,-0.0006,1.3301,0.0241,0.0003,5.9635,0.1522,0.8134,0.3606,0.1527,-0.5167,5.9635,0.1522,0.8134,6.0102,0.1370,0.8000,1,1,5.9175,-0.1549,0.8247,0.3146,-0.1544,-0.5054,5.9175,-0.1549,0.8247,6.0793,-0.1380,0.8000,0,1,5.3384,0.1464,0.8320,-0.2645,0.1471,-0.4981,5.3384,0.1464,0.8320,5.5206,0.1368,0.8000,0,1,5.3886,-0.1456,0.8225,-0.2143,-0.1449,-0.5076,5.3886,-0.1456,0.8225,5.4517,-0.1382,0.8000,1,1
5.6071,-0.0008,1.3305,0.0235,0.0009,5.9632,0.1522,0.8133,0.3562,0.1527,-0.5172,5.9632,0.1522,0.8133,6.0124,0.1370,0.8000,1,1,5.9297,-0.1573,0.8359,0.3225,-0.1568,-0.4946,5.9297,-0.1573,0.8359,6.0836,-0.1380,0.8000,0,1,5.3495,0.1486,0.8422,-0.2575,0.1496,-0.4883,5.3495,0.1486,0.8422,5.5248,0.1366,0.8000,0,1,5.3883,-0.1456,0.8226,-0.2189,-0.1446,-0.5079,5.3883,-0.1456,0.8226,5.4540,-0.1384,0.8000,1,1
5.6113,-0.0009,1.3309,0.0221,0.0014,5.9631,0.1522,0.8132,0.3520,0.1526,-0.5177,5.9631,0.1522,0.8132,6.0145,0.1371,0.8000,1,1,5.9413,-0.1595,0.8486,0.3298,-0.1591,-0.4823,5.9413,-0.1595,0.8486,6.0879,-0.1379,0.8000,0,1,5.3601,0.1506,0.8523,-0.2510,0.1519,-0.4786,5.3601,0.1506,0.8523,5.5289,0.1363,0.8000,0,1,5.3882,-0.1456,0.8226,-0.2233,-0.1444,-0.5083,5.3882,-0.1456,0.8226,5.4563,-0.1387,0.8000,1,1
5.6154,-0.0010,1.3314,0.0203,0.0019,5.9631,0.1522,0.8132,0.3480,0.1525,-0.5182,5.9631,0.1522,0.8132,6.0165,0.1372,0.8000,1,1,5.9518,-0.1613,0.8617,0.3361,-0.1609,-0.4697,5.9518,-0.1613,0.8617,6.0920,-0.1378,0.8000,0,1,5.3706,0.1525,0.8629,-0.2445,0.1540,-0.4685,5.3706,0.1525,0.8629,5.5329,0.1362,0.8000,0,1,5.3882,-0.1455,0.8226,-0.2275,-0.1441,-0.5088,5.3882,-0.1455,0.8226,5.4584,-0.1388,0.8000,1,1
5.6194,-0.0011,1.3318,0.0185,0.0023,5.9630,0.1523,0.8131,0.3440,0.1526,-0.5187,5.9630,0.1523,0.8131,6.0184,0.1373,0.8000,1,1,5.9613,-0.1625,0.8737,0.3415,-0.1622,-0.4581,5.9613,-0.1625,0.8737,6.0961,-0.1377,0.8000,0,1,5.3804,0.1538,0.8727,-0.2386,0.1554,-0.4591,5.3804,0.1538,0.8727,5.5368,0.1360,0.8000,0,1,5.3881,-0.1455,0.8226,-0.2316,-0.1439,-0.5092,5.3881,-0.1455,0.8226,5.4605,-0.1390,0.8000,1,1
5.6233,-0.0011,1.3322,0.0169,0.0027,5.9630,0.1523,0.8131,0.3401,0.1525,-0.5191,5.9630,0.1523,0.8131,6.0203,0.1374,0.8000,1,1,5.9698,-0.1632,0.8834,0.3461,-0.1630,-0.4488,5.9698,-0.1632,0.8834,6.1000,-0.1376,0.8000,0,1,5.3896,0.1548,0.8820,-0.2333,0.1565,-0.4502,5.3896,0.1548,0.8820,5.5407,0.1359,0.8000,0,1,5.3881,-0.1455,0.8226,-0.2356,-0.1438,-0.5096,5.3881,-0.1455,0.8226,5.4624,-0.1391,0.8000,1,1
5.6271,-0.0011,1.3324,0.0155,0.0029,5.9630,0.1523,0.8131,0.3363,0.1524,-0.5193,5.9630,0.1523,0.8131,6.0221,0.1375,0.8000,1,1,5.9778,-0.1634,0.8896,0.3502,-0.1633,-0.4428,5.9778,-0.1634,0.8896,6.1039,-0.1375,0.8000,0,1,5.3977,0.1552,0.8881,-0.2289,0.1570,-0.4443,5.3977,0.1552,0.8881,5.5445,0.1359,0.8000,0,1,5.3881,-0.1455,0.8226,-0.2394,-0.1437,-0.5098,5.3881,-0.1455,0.8226,5.4643,-0.1391,0.8000,1,1
5.6309,-0.0010,1.3324,0.0144,0.0030,5.9630,0.1523,0.8131,0.3326,0.1523,-0.5193,5.9630,0.1523,0.8131,6.0239,0.1376,0.8000,1,1,5.9857,-0.1633,0.8911,0.3543,-0.1634,-0.4413,5.9857,-0.1633,0.8911,6.1077,-0.1374,0.8000,0,1,5.4051,0.1554,0.8896,-0.2253,0.1571,-0.4428,5.4051,0.1554,0.8896,5.5483,0.1359,0.8000,0,1,5.3881,-0.1455,0.8226,-0.2432,-0.1438,-0.5098,5.3881,-0.1455,0.8226,5.4661,-0.1391,0.8000,1,1
5.6347,-0.0009,1.3323,0.0138,0.0031,5.9630,0.1523,0.8131,0.3288,0.1522,-0.5192,5.9630,0.1523,0.8131,6.0257,0.1377,0.8000,1,1,5.9935,-0.1628,0.8875,0.3583,-0.1630,-0.4448,5.9935,-0.1628,0.8875,6.1115,-0.1373,0.8000,0,1,5.4123,0.1551,0.8860,-0.2219,0.1567,-0.4463,5.4123,0.1551,0.8860,5.5521,0.1360,0.8000,0,1,5.3881,-0.1455,0.8226,-0.2470,-0.1438,-0.5097,5.3881,-0.1455,0.8226,5.4679,-0.1390,0.8000,1,1
5.6385,-0.0008,1.3320,0.0136,0.0030,5.9631,0.1523,0.8131,0.3251,0.1521,-0.5189,5.9631,0.1523,0.8131,6.0274,0.1378,0.8000,1,1,6.0008,-0.1619,0.8800,0.3618,-0.1622,-0.4520,6.0008,-0.1619,0.8800,6.1153,-0.1372,0.8000,0,1,5.4195,0.1546,0.8784,-0.2185,0.1561,-0.4536,5.4195,0.1546,0.8784,5.5558,0.1361,0.8000,0,1,5.3882,-0.1455,0.8225,-0.2507,-0.1439,-0.5095,5.3882,-0.1455,0.8225,5.4697,-0.1389,0.8000,1,1
5.6422,-0.0007,1.3316,0.0139,0.0028,5.9631,0.1523,0.8131,0.3213,0.1521,-0.5185,5.9631,0.1523,0.8131,6.0292,0.1379,0.8000,1,1,6.0073,-0.1606,0.8697,0.3647,-0.1609,-0.4619,6.0073,-0.1606,0.8697,6.1190,-0.1371,0.8000,0,1,5.4255,0.1538,0.8683,-0.2163,0.1551,-0.4633,5.4255,0.1538,0.8683,5.5596,0.1363,0.8000,0,1,5.3882,-0.1455,0.8225,-0.2544,-0.1441,-0.5091,5.3882,-0.1455,0.8225,5.4714,-0.1387,0.8000,1,1
5.6461,-0.0005,1.3312,0.0146,0.0026,5.9631,0.1523,0.8131,0.3174,0.1520,-0.5181,5.9631,0.1523,0.8131,6.0311,0.1379,0.8000,1,1,6.0140,-0.1589,0.8576,0.3675,-0.1594,-0.4736,6.0140,-0.1589,0.8576,6.1228,-0.1371,0.8000,0,1,5.4320,0.1526,0.8579,-0.2137,0.1537,-0.4733,5.4320,0.1526,0.8579,5.5635,0.1365,0.8000,0,1,5.3882,-0.1455,0.8225,-0.2583,-0.1443,-0.5087,5.3882,-0.1455,0.8225,5.4732,-0.1385,0.8000,1,1
5.6499,-0.0004,1.3308,0.0158,0.0022,5.9632,0.1522,0.8132,0.3136,0.1519,-0.5176,5.9632,0.1522,0.8132,6.0330,0.1380,0.8000,1,1,6.0183,-0.1569,0.8452,0.3681,-0.1573,-0.4856,6.0183,-0.1569,0.8452,6.1266,-0.1370,0.8000,0,1,5.4374,0.1508,0.8483,-0.2122,0.1517,-0.4825,5.4374,0.1508,0.8483,5.5674,0.1367,0.8000,0,1,5.3883,-0.1455,0.8226,-0.2619,-0.1445,-0.5082,5.3883,-0.1455,0.8226,5.4750,-0.1383,0.8000,1,1
5.6539,-0.0002,1.3305,0.0172,0.0017,5.9633,0.1522,0.8133,0.3097,0.1519,-0.5172,5.9633,0.1522,0.8133,6.0350,0.1380,0.8000,1,1,6.0233,-0.1548,0.8333,0.3691,-0.1552,-0.4972,6.0233,-0.1548,0.8333,6.1305,-0.1370,0.8000,0,1,5.4434,0.1487,0.8386,-0.2102,0.1493,-0.4919,5.4434,0.1487,0.8386,5.5714,0.1370,0.8000,0,1,5.3884,-0.1456,0.8226,-0.2657,-0.1449,-0.5079,5.3884,-0.1456,0.8226,5.4769,-0.1380,0.8000,1,1
5.6580,0.0000,1.3303,0.0189,0.0010,5.9634,0.1522,0.8133,0.3056,0.1519,-0.5170,5.9634,0.1522,0.8133,6.0372,0.1379,0.8000,1,1,6.0273,-0.1528,0.8227,0.3691,-0.1532,-0.5076,6.0273,-0.1528,0.8227,6.1345,-0.1371,0.8000,0,1,5.4492,0.1463,0.8293,-0.2087,0.1465,-0.5010,5.4492,0.1463,0.8293,5.5756,0.1373,0.8000,0,1,5.3885,-0.1455,0.8225,-0.2696,-0.1452,-0.5078,5.3885,-0.1455,0.8225,5.4789,-0.1377,0.8000,1,1
5.6622,0.0002,1.3302,0.0210,0.0004,5.9634,0.1523,0.8134,0.3013,0.1520,-0.5168,5.9634,0.1523,0.8134,6.0395,0.1379,0.8000,1,1,6.0312,-0.1513,0.8147,0.3689,-0.1516,-0.5155,6.0312,-0.1513,0.8147,6.1386,-0.1371,0.8000,0,1,5.4555,0.1438,0.8222,-0.2066,0.1437,-0.5080,5.4555,0.1438,0.8222,5.5799,0.1376,0.8000,0,1,5.3885,-0.1455,0.8226,-0.2738,-0.1456,-0.5076,5.3885,-0.1455,0.8226,5.4810,-0.1374,0.8000,1,1
5.6671,0.0004,1.3303,0.0231,-0.0004,5.9714,0.1534,0.8156,0.3042,0.1531,-0.5147,5.9714,0.1534,0.8156,6.1429,0.1378,0.8000,0,1,6.0334,-0.1507,0.8119,0.3664,-0.1510,-0.5184,6.0334,-0.1507,0.8119,6.0769,-0.1372,0.8000,1,1,5.4591,0.1425,0.8193,-0.2081,0.1420,-0.5110,5.4591,0.1425,0.8193,5.5183,0.1380,0.8000,1,1,5.3955,-0.1465,0.8245,-0.2715,-0.1470,-0.5058,5.3955,-0.1465,0.8245,5.5843,-0.1370,0.8000,0,1
5.6709,0.0006,1.3306,0.0237,-0.0010,5.9825,0.1553,0.8217,0.3114,0.1550,-0.5089,5.9825,0.1553,0.8217,6.1474,0.1377,0.8000,0,1,6.0332,-0.1507,0.8119,0.3625,-0.1509,-0.5187,6.0332,-0.1507,0.8119,6.0791,-0.1373,0.8000,1,1,5.4590,0.1425,0.8195,-0.2120,0.1417,-0.5111,5.4590,0.1425,0.8195,5.5208,0.1383,0.8000,1,1,5.4048,-0.1484,0.8303,-0.2660,-0.1493,-0.5003,5.4048,-0.1484,0.8303,5.5885,-0.1367,0.8000,0,1
5.6751,0.0008,1.3309,0.0232,-0.0016,5.9949,0.1577,0.8317,0.3195,0.1574,-0.4992,5.9949,0.1577,0.8317,6.1517,0.1377,0.8000,0,1,6.0330,-0.1507,0.8118,0.3581,-0.1509,-0.5191,6.0330,-0.1507,0.8118,6.0813,-0.1373,0.8000,1,1,5.4587,0.1425,0.8196,-0.2166,0.1414,-0.5113,5.4587,0.1425,0.8196,5.5231,0.1386,0.8000,1,1,5.4158,-0.1506,0.8388,-0.2591,-0.1518,-0.4921,5.4158,-0.1506,0.8388,5.5927,-0.1364,0.8000,0,1
5.6793,0.0009,1.3313,0.0218,-0.0022,6.0070,0.1599,0.8438,0.3273,0.1597,-0.4875,6.0070,0.1599,0.8438,6.1560,0.1376,0.8000,0,1,6.0329,-0.1507,0.8118,0.3539,-0.1508,-0.5195,6.0329,-0.1507,0.8118,6.0834,-0.1374,0.8000,1,1,5.4586,0.1425,0.8196,-0.2210,0.1411,-0.5117,5.4586,0.1425,0.8196,5.5254,0.1388,0.8000,1,1,5.4269,-0.1527,0.8490,-0.2521,-0.1542,-0.4823,5.4269,-0.1527,0.8490,5.5968,-0.1362,0.8000,0,1
5.6834,0.0010,1.3318,0.0202,-0.0027,6.0179,0.1618,0.8569,0.3341,0.1617,-0.4749,6.0179,0.1618,0.8569,6.1601,0.1375,0.8000,0,1,6.0327,-0.1508,0.8116,0.3497,-0.1509,-0.5202,6.0327,-0.1508,0.8116,6.0854,-0.1375,0.8000,1,1,5.4584,0.1425,0.8197,-0.2254,0.1409,-0.5121,5.4584,0.1425,0.8197,5.5275,0.1390,0.8000,1,1,5.4375,-0.1548,0.8602,-0.2455,-0.1565,-0.4716,5.4375,-0.1548,0.8602,5.6008,-0.1360,0.8000,0,1
5.6874,0.0011,1.3322,0.0184,-0.0031,6.0278,0.1632,0.8697,0.3399,0.1632,-0.4625,6.0278,0.1632,0.8697,6.1642,0.1374,0.8000,0,1,6.0326,-0.1508,0.8115,0.3457,-0.1508,-0.5207,6.0326,-0.1508,0.8115,6.0874,-0.1376,0.8000,1,1,5.4583,0.1425,0.8197,-0.2295,0.1407,-0.5125,5.4583,0.1425,0.8197,5.5296,0.1391,0.8000,1,1,5.4477,-0.1566,0.8719,-0.2392,-0.1584,-0.4603,5.4477,-0.1566,0.8719,5.6048,-0.1359,0.8000,0,1
5.6913,0.0011,1.3326,0.0167,-0.0035,6.0367,0.1640,0.8807,0.3448,0.1641,-0.4519,6.0367,0.1640,0.8807,6.1682,0.1373,0.8000,0,1,6.0325,-0.1508,0.8114,0.3417,-0.1507,-0.5212,6.0325,-0.1508,0.8114,6.0892,-0.1377,0.8000,1,1,5.4583,0.1425,0.8197,-0.2335,0.1406,-0.5129,5.4583,0.1425,0.8197,5.5316,0.1392,0.8000,1,1,5.4569,-0.1578,0.8826,-0.2338,-0.1597,-0.4500,5.4569,-0.1578,0.8826,5.6086,-0.1358,0.8000,0,1
5.6952,0.0011,1.3328,0.0152,-0.0037,6.0449,0.1644,0.8888,0.3491,0.1646,-0.4440,6.0449,0.1644,0.8888,6.1721,0.1372,0.8000,0,1,6.0325,-0.1507,0.8114,0.3379,-0.1506,-0.5214,6.0325,-0.1507,0.8114,6.0911,-0.1378,0.8000,1,1,5.4583,0.1425,0.8197,-0.2374,0.1405,-0.5131,5.4583,0.1425,0.8197,5.5335,0.1392,0.8000,1,1,5.4654,-0.1586,0.8906,-0.2292,-0.1605,-0.4422,5.4654,-0.1586,0.8906,5.6125,-0.1358,0.8000,0,1
5.6990,0.0010,1.3328,0.0140,-0.0038,6.0528,0.1644,0.8929,0.3532,0.1647,-0.4399,6.0528,0.1644,0.8929,6.1759,0.1371,0.8000,0,1,6.0325,-0.1507,0.8114,0.3341,-0.1504,-0.5214,6.0325,-0.1507,0.8114,6.0928,-0.1379,0.8000,1,1,5.4583,0.1425,0.8196,-0.2412,0.1406,-0.5132,5.4583,0.1425,0.8196,5.5353,0.1392,0.8000,1,1,5.4730,-0.1589,0.8947,-0.2254,-0.1608,-0.4381,5.4730,-0.1589,0.8947,5.6162,-0.1358,0.8000,0,1
5.7028,0.0010,1.3327,0.0131,-0.0039,6.0607,0.1640,0.8917,0.3573,0.1644,-0.4410,6.0607,0.1640,0.8917,6.1797,0.1370,0.8000,0,1,6.0326,-0.1507,0.8114,0.3304,-0.1504,-0.5213,6.0326,-0.1507,0.8114,6.0946,-0.1380,0.8000,1,1,5.4583,0.1425,0.8196,-0.2450,0.1405,-0.5131,5.4583,0.1425,0.8196,5.5371,0.1392,0.8000,1,1,5.4801,-0.1587,0.8934,-0.2221,-0.1606,-0.4393,5.4801,-0.1587,0.8934,5.6200,-0.1358,0.8000,0,1
5.7065,0.0009,1.3325,0.0127,-0.0038,6.0683,0.1632,0.8861,0.3612,0.1637,-0.4464,6.0683,0.1632,0.8861,6.1834,0.1369,0.8000,0,1,6.0326,-0.1507,0.8114,0.3267,-0.1504,-0.5211,6.0326,-0.1507,0.8114,6.0964,-0.1381,0.8000,1,1,5.4583,0.1425,0.8196,-0.2487,0.1407,-0.5129,5.4583,0.1425,0.8196,5.5388,0.1391,0.8000,1,1,5.4869,-0.1583,0.8879,-0.2190,-0.1600,-0.4446,5.4869,-0.1583,0.8879,5.6238,-0.1359,0.8000,0,1
5.7103,0.0007,1.3321,0.0127,-0.0036,6.0754,0.1620,0.8771,0.3645,0.1626,-0.4550,6.0754,0.1620,0.8771,6.1871,0.1369,0.8000,0,1,6.0326,-0.1507,0.8114,0.3228,-0.1502,-0.5207,6.0326,-0.1507,0.8114,6.0981,-0.1381,0.8000,1,1,5.4584,0.1425,0.8196,-0.2524,0.1409,-0.5125,5.4584,0.1425,0.8196,5.5405,0.1389,0.8000,1,1,5.4936,-0.1574,0.8788,-0.2161,-0.1589,-0.4533,5.4936,-0.1574,0.8788,5.6275,-0.1361,0.8000,0,1
5.7140,0.0006,1.3316,0.0132,-0.0033,6.0818,0.1604,0.8657,0.3673,0.1610,-0.4659,6.0818,0.1604,0.8657,6.1909,0.1368,0.8000,0,1,6.0327,-0.1507,0.8115,0.3192,-0.1502,-0.5201,6.0327,-0.1507,0.8115,6.1000,-0.1382,0.8000,1,1,5.4584,0.1425,0.8196,-0.2561,0.1411,-0.5120,5.4584,0.1425,0.8196,5.5423,0.1387,0.8000,1,1,5.5003,-0.1561,0.8681,-0.2132,-0.1574,-0.4635,5.5003,-0.1561,0.8681,5.6314,-0.1363,0.8000,0,1
5.7179,0.0004,1.3312,0.0141,-0.0028,6.0874,0.1585,0.8531,0.3691,0.1591,-0.4781,6.0874,0.1585,0.8531,6.1946,0.1368,0.8000,0,1,6.0327,-0.1507,0.8115,0.3152,-0.1502,-0.5197,6.0327,-0.1507,0.8115,6.1018,-0.1382,0.8000,1,1,5.4585,0.1425,0.8196,-0.2598,0.1414,-0.5116,5.4585,0.1425,0.8196,5.5440,0.1384,0.8000,1,1,5.5051,-0.1543,0.8568,-0.2124,-0.1553,-0.4744,5.5051,-0.1543,0.8568,5.6352,-0.1366,0.8000,0,1
5.7217,0.0002,1.3308,0.0154,-0.0023,6.0922,0.1565,0.8405,0.3701,0.1572,-0.4903,6.0922,0.1565,0.8405,6.1984,0.1369,0.8000,0,1,6.0328,-0.1507,0.8116,0.3114,-0.1502,-0.5192,6.0328,-0.1507,0.8116,6.1038,-0.1381,0.8000,1,1,5.4586,0.1425,0.8196,-0.2634,0.1417,-0.5112,5.4586,0.1425,0.8196,5.5458,0.1381,0.8000,1,1,5.5111,-0.1522,0.8458,-0.2102,-0.1529,-0.4850,5.5111,-0.1522,0.8458,5.6392,-0.1369,0.8000,0,1
5.7258,0.0000,1.3304,0.0169,-0.0016,6.0963,0.1545,0.8290,0.3703,0.1551,-0.5014,6.0963,0.1545,0.8290,6.2024,0.1369,0.8000,0,1,6.0329,-0.1507,0.8117,0.3073,-0.1502,-0.5187,6.0329,-0.1507,0.8117,6.1059,-0.1381,0.8000,1,1,5.4587,0.1426,0.8196,-0.2673,0.1422,-0.5108,5.4587,0.1426,0.8196,5.5478,0.1378,0.8000,1,1,5.5167,-0.1498,0.8354,-0.2089,-0.1501,-0.4950,5.5167,-0.1498,0.8354,5.6433,-0.1372,0.8000,0,1
5.7299,-0.0002,1.3302,0.0187,-0.0009,6.1000,0.1529,0.8196,0.3700,0.1534,-0.5106,6.1000,0.1529,0.8196,6.2064,0.1370,0.8000,0,1,6.0330,-0.1507,0.8117,0.3032,-0.1502,-0.5185,6.0330,-0.1507,0.8117,6.1081,-0.1380,0.8000,1,1,5.4587,0.1426,0.8196,-0.2713,0.1426,-0.5106,5.4587,0.1426,0.8196,5.5498,0.1375,0.8000,1,1,5.5224,-0.1472,0.8267,-0.2074,-0.1472,-0.5035,5.5224,-0.1472,0.8267,5.6475,-0.1375,0.8000,0,1
5.7342,-0.0004,1.3302,0.0210,-0.0001,6.1036,0.1518,0.8130,0.3694,0.1522,-0.5172,6.1036,0.1518,0.8130,6.1456,0.1371,0.8000,1,1,6.0330,-0.1508,0.8117,0.2988,-0.1504,-0.5185,6.0330,-0.1508,0.8117,6.2105,-0.1379,0.8000,0,1,5.4587,0.1425,0.8196,-0.2755,0.1429,-0.5106,5.4587,0.1425,0.8196,5.6520,0.1372,0.8000,0,1,5.5291,-0.1444,0.8202,-0.2051,-0.1440,-0.5100,5.5291,-0.1444,0.8202,5.5869,-0.1378,0.8000,1,1
5.7387,-0.0006,1.3303,0.0224,0.0006,6.1036,0.1518,0.8132,0.3650,0.1522,-0.5171,6.1036,0.1518,0.8132,6.1479,0.1371,0.8000,1,1,6.0458,-0.1526,0.8163,0.3070,-0.1522,-0.5140,6.0458,-0.1526,0.8163,6.2150,-0.1379,0.8000,0,1,5.4691,0.1437,0.8240,-0.2695,0.1445,-0.5063,5.4691,0.1437,0.8240,5.6563,0.1368,0.8000,0,1,5.5291,-0.1444,0.8204,-0.2097,-0.1437,-0.5099,5.5291,-0.1444,0.8204,5.5894,-0.1382,0.8000,1,1
5.7429,-0.0008,1.3305,0.0223,0.0012,6.1035,0.1518,0.8131,0.3608,0.1522,-0.5174,6.1035,0.1518,0.8131,6.1501,0.1372,0.8000,1,1,6.0582,-0.1549,0.8244,0.3151,-0.1545,-0.5061,6.0582,-0.1549,0.8244,6.2194,-0.1378,0.8000,0,1,5.4796,0.1455,0.8311,-0.2631,0.1466,-0.4994,5.4796,0.1455,0.8311,5.6605,0.1365,0.8000,0,1,5.5289,-0.1444,0.8204,-0.2142,-0.1433,-0.5101,5.5289,-0.1444,0.8204,5.5918,-0.1385,0.8000,1,1
5.7471,-0.0009,1.3307,0.0212,0.0017,6.1034,0.1518,0.8131,0.3566,0.1521,-0.5176,6.1034,0.1518,0.8131,6.1523,0.1372,0.8000,1,1,6.0708,-0.1573,0.8351,0.3234,-0.1570,-0.4956,6.0708,-0.1573,0.8351,6.2238,-0.1378,0.8000,0,1,5.4901,0.1473,0.8403,-0.2567,0.1486,-0.4904,5.4901,0.1473,0.8403,5.6647,0.1363,0.8000,0,1,5.5289,-0.1444,0.8205,-0.2184,-0.1431,-0.5102,5.5289,-0.1444,0.8205,5.5942,-0.1387,0.8000,1,1
5.7513,-0.0010,1.3311,0.0194,0.0022,6.1033,0.1518,0.8130,0.3523,0.1520,-0.5181,6.1033,0.1518,0.8130,6.1544,0.1373,0.8000,1,1,6.0825,-0.1595,0.8477,0.3309,-0.1592,-0.4834,6.0825,-0.1595,0.8477,6.2280,-0.1377,0.8000,0,1,5.5013,0.1494,0.8503,-0.2497,0.1509,-0.4808,5.5013,0.1494,0.8503,5.6688,0.1360,0.8000,0,1,5.5288,-0.1444,0.8205,-0.2228,-0.1429,-0.5106,5.5288,-0.1444,0.8205,5.5964,-0.1390,0.8000,1,1
5.7554,-0.0011,1.3315,0.0176,0.0027,6.1032,0.1519,0.8130,0.3482,0.1521,-0.5185,6.1032,0.1519,0.8130,6.1564,0.1374,0.8000,1,1,6.0931,-0.1612,0.8607,0.3373,-0.1610,-0.4708,6.0931,-0.1612,0.8607,6.2321,-0.1376,0.8000,0,1,5.5120,0.1514,0.8612,-0.2430,0.1532,-0.4703,5.5120,0.1514,0.8612,5.6728,0.1359,0.8000,0,1,5.5287,-0.1443,0.8205,-0.2271,-0.1426,-0.5110,5.5287,-0.1443,0.8205,5.5985,-0.1391,0.8000,1,1
5.7593,-0.0012,1.3318,0.0158,0.0031,6.1032,0.1519,0.8129,0.3444,0.1520,-0.5189,6.1032,0.1519,0.8129,6.1583,0.1375,0.8000,1,1,6.1024,-0.1624,0.8728,0.3426,-0.1623,-0.4590,6.1024,-0.1624,0.8728,6.2362,-0.1375,0.8000,0,1,5.5220,0.1530,0.8726,-0.2368,0.1549,-0.4592,5.5220,0.1530,0.8726,5.6767,0.1358,0.8000,0,1,5.5286,-0.1443,0.8205,-0.2311,-0.1424,-0.5113,5.5286,-0.1443,0.8205,5.6006,-0.1392,0.8000,1,1
5.7632,-0.0012,1.3321,0.0143,0.0033,6.1032,0.1518,0.8129,0.3405,0.1519,-0.5192,6.1032,0.1518,0.8129,6.1602,0.1376,0.8000,1,1,6.1108,-0.1630,0.8826,0.3471,-0.1629,-0.4495,6.1108,-0.1630,0.8826,6.2401,-0.1374,0.8000,0,1,5.5310,0.1541,0.8822,-0.2317,0.1561,-0.4499,5.5310,0.1541,0.8822,5.6806,0.1357,0.8000,0,1,5.5286,-0.1443,0.8204,-0.2351,-0.1423,-0.5117,5.5286,-0.1443,0.8204,5.6025,-0.1393,0.8000,1,1
5.7671,-0.0011,1.3322,0.0130,0.0035,6.1032,0.1518,0.8129,0.3366,0.1517,-0.5193,6.1032,0.1518,0.8129,6.1620,0.1377,0.8000,1,1,6.1187,-0.1631,0.8887,0.3510,-0.1632,-0.4435,6.1187,-0.1631,0.8887,6.2439,-0.1373,0.8000,0,1,5.5390,0.1546,0.8882,-0.2276,0.1565,-0.4440,5.5390,0.1546,0.8882,5.6844,0.1357,0.8000,0,1,5.5287,-0.1444,0.8204,-0.2389,-0.1425,-0.5118,5.5287,-0.1444,0.8204,5.6043,-0.1393,0.8000,1,1
5.7709,-0.0011,1.3322,0.0121,0.0036,6.1033,0.1518,0.8129,0.3329,0.1517,-0.5193,6.1033,0.1518,0.8129,6.1638,0.1378,0.8000,1,1,6.1264,-0.1629,0.8902,0.3549,-0.1631,-0.4420,6.1264,-0.1629,0.8902,6.2477,-0.1372,0.8000,0,1,5.5465,0.1549,0.8896,-0.2238,0.1568,-0.4426,5.5465,0.1549,0.8896,5.6882,0.1358,0.8000,0,1,5.5287,-0.1444,0.8204,-0.2427,-0.1424,-0.5118,5.5287,-0.1444,0.8204,5.6061,-0.1392,0.8000,1,1
5.7746,-0.0010,1.3321,0.0116,0.0035,6.1033,0.1518,0.8129,0.3292,0.1516,-0.5192,6.1033,0.1518,0.8129,6.1655,0.1378,0.8000,1,1,6.1340,-0.1623,0.8866,0.3588,-0.1626,-0.4455,6.1340,-0.1623,0.8866,6.2515,-0.1372,0.8000,0,1,5.5536,0.1548,0.8860,-0.2205,0.1566,-0.4461,5.5536,0.1548,0.8860,5.6919,0.1359,0.8000,0,1,5.5287,-0.1444,0.8204,-0.2464,-0.1425,-0.5117,5.5287,-0.1444,0.8204,5.6079,-0.1391,0.8000,1,1
5.7784,-0.0009,1.3318,0.0116,0.0034,6.1033,0.1518,0.8129,0.3254,0.1516,-0.5189,6.1033,0.1518,0.8129,6.1673,0.1379,0.8000,1,1,6.1411,-0.1613,0.8790,0.3622,-0.1616,-0.4528,6.1411,-0.1613,0.8790,6.2552,-0.1371,0.8000,0,1,5.5602,0.1545,0.8784,-0.2177,0.1561,-0.4534,5.5602,0.1545,0.8784,5.6957,0.1360,0.8000,0,1,5.5288,-0.1444,0.8204,-0.2501,-0.1427,-0.5114,5.5288,-0.1444,0.8204,5.6096,-0.1390,0.8000,1,1
5.7821,-0.0007,1.3313,0.0121,0.0032,6.1034,0.1518,0.8129,0.3218,0.1515,-0.5184,6.1034,0.1518,0.8129,6.1691,0.1380,0.8000,1,1,6.1476,-0.1599,0.8686,0.3650,-0.1604,-0.4627,6.1476,-0.1599,0.8686,6.2589,-0.1370,0.8000,0,1,5.5675,0.1538,0.8687,-0.2141,0.1552,-0.4626,5.5675,0.1538,0.8687,5.6995,0.1362,0.8000,0,1,5.5288,-0.1444,0.8204,-0.2538,-0.1429,-0.5109,5.5288,-0.1444,0.8204,5.6113,-0.1388,0.8000,1,1
5.7859,-0.0005,1.3309,0.0129,0.0028,6.1034,0.1518,0.8130,0.3179,0.1514,-0.5179,6.1034,0.1518,0.8130,6.1709,0.1381,0.8000,1,1,6.1540,-0.1583,0.8568,0.3677,-0.1588,-0.4741,6.1540,-0.1583,0.8568,6.2627,-0.1369,0.8000,0,1,5.5727,0.1527,0.8585,-0.2128,0.1538,-0.4724,5.5727,0.1527,0.8585,5.7033,0.1365,0.8000,0,1,5.5289,-0.1444,0.8204,-0.2574,-0.1432,-0.5105,5.5289,-0.1444,0.8204,5.6131,-0.1385,0.8000,1,1
5.7898,-0.0003,1.3304,0.0141,0.0025,6.1035,0.1518,0.8130,0.3141,0.1513,-0.5174,6.1035,0.1518,0.8130,6.1729,0.1381,0.8000,1,1,6.1581,-0.1567,0.8452,0.3679,-0.1573,-0.4852,6.1581,-0.1567,0.8452,6.2665,-0.1369,0.8000,0,1,5.5786,0.1514,0.8478,-0.2108,0.1522,-0.4826,5.5786,0.1514,0.8478,5.7073,0.1367,0.8000,0,1,5.5289,-0.1444,0.8203,-0.2613,-0.1434,-0.5101,5.5289,-0.1444,0.8203,5.6149,-0.1383,0.8000,1,1
5.7938,-0.0001,1.3300,0.0155,0.0020,6.1035,0.1518,0.8131,0.3100,0.1513,-0.5169,6.1035,0.1518,0.8131,6.1749,0.1381,0.8000,1,1,6.1635,-0.1549,0.8342,0.3694,-0.1555,-0.4958,6.1635,-0.1549,0.8342,6.2704,-0.1369,0.8000,0,1,5.5840,0.1496,0.8384,-0.2095,0.1501,-0.4916,5.5840,0.1496,0.8384,5.7113,0.1370,0.8000,0,1,5.5290,-0.1444,0.8203,-0.2651,-0.1438,-0.5097,5.5290,-0.1444,0.8203,5.6168,-0.1380,0.8000,1,1
5.7979,0.0001,1.3297,0.0173,0.0015,6.1036,0.1518,0.8131,0.3059,0.1512,-0.5166,6.1036,0.1518,0.8131,6.1771,0.1381,0.8000,1,1,6.1674,-0.1533,0.8241,0.3693,-0.1540,-0.5056,6.1674,-0.1533,0.8241,6.2745,-0.1369,0.8000,0,1,5.5898,0.1476,0.8303,-0.2079,0.1478,-0.4994,5.5898,0.1476,0.8303,5.7155,0.1373,0.8000,0,1,5.5290,-0.1444,0.8203,-0.2691,-0.1441,-0.5094,5.5290,-0.1444,0.8203,5.6189,-0.1377,0.8000,1,1
5.8021,0.0003,1.3296,0.0196,0.0009,6.1036,0.1518,0.8131,0.3016,0.1512,-0.5165,6.1036,0.1518,0.8131,6.1794,0.1381,0.8000,1,1,6.1711,-0.1519,0.8162,0.3689,-0.1525,-0.5134,6.1711,-0.1519,0.8162,6.2786,-0.1369,0.8000,0,1,5.5958,0.1455,0.8240,-0.2062,0.1454,-0.5056,5.5958,0.1455,0.8240,5.7198,0.1376,0.8000,0,1,5.5290,-0.1444,0.8204,-0.2732,-0.1445,-0.5092,5.5290,-0.1444,0.8204,5.6210,-0.1374,0.8000,1,1
5.8068,0.0005,1.3296,0.0221,0.0002,6.1103,0.1526,0.8152,0.3035,0.1520,-0.5144,6.1103,0.1526,0.8152,6.2828,0.1381,0.8000,0,1,6.1731,-0.1515,0.8133,0.3663,-0.1521,-0.5163,6.1731,-0.1515,0.8133,6.2169,-0.1369,0.8000,1,1,5.5993,0.1441,0.8214,-0.2075,0.1436,-0.5082,5.5993,0.1441,0.8214,5.6582,0.1380,0.8000,1,1,5.5345,-0.1453,0.8223,-0.2723,-0.1457,-0.5073,5.5345,-0.1453,0.8223,5.7243,-0.1370,0.8000,0,1
5.8108,0.0007,1.3298,0.0230,-0.0004,6.1214,0.1543,0.8213,0.3105,0.1537,-0.5085,6.1214,0.1543,0.8213,6.2872,0.1381,0.8000,0,1,6.1729,-0.1515,0.8132,0.3622,-0.1521,-0.5166,6.1729,-0.1515,0.8132,6.2191,-0.1369,0.8000,1,1,5.5992,0.1441,0.8215,-0.2117,0.1433,-0.5083,5.5992,0.1441,0.8215,5.6606,0.1383,0.8000,1,1,5.5439,-0.1470,0.8285,-0.2668,-0.1478,-0.5013,5.5439,-0.1470,0.8285,5.7285,-0.1367,0.8000,0,1
5.8151,0.0009,1.3301,0.0227,-0.0009,6.1338,0.1565,0.8304,0.3186,0.1559,-0.4997,6.1338,0.1565,0.8304,6.2916,0.1380,0.8000,0,1,6.1728,-0.1515,0.8132,0.3578,-0.1521,-0.5169,6.1728,-0.1515,0.8132,6.2213,-0.1370,0.8000,1,1,5.5991,0.1441,0.8216,-0.2161,0.1430,-0.5085,5.5991,0.1441,0.8216,5.6630,0.1386,0.8000,1,1,5.5542,-0.1490,0.8378,-0.2608,-0.1501,-0.4923,5.5542,-0.1490,0.8378,5.7327,-0.1364,0.8000,0,1
5.8193,0.0010,1.3305,0.0213,-0.0014,6.1458,0.1589,0.8421,0.3263,0.1584,-0.4884,6.1458,0.1589,0.8421,6.2959,0.1380,0.8000,0,1,6.1728,-0.1515,0.8132,0.3537,-0.1520,-0.5173,6.1728,-0.1515,0.8132,6.2235,-0.1370,0.8000,1,1,5.5991,0.1441,0.8216,-0.2204,0.1428,-0.5089,5.5991,0.1441,0.8216,5.6653,0.1388,0.8000,1,1,5.5651,-0.1506,0.8476,-0.2540,-0.1520,-0.4829,5.5651,-0.1506,0.8476,5.7369,-0.1362,0.8000,0,1
5.8234,0.0012,1.3309,0.0195,-0.0018,6.1569,0.1609,0.8551,0.3332,0.1603,-0.4758,6.1569,0.1609,0.8551,6.3001,0.1380,0.8000,0,1,6.1726,-0.1516,0.8130,0.3495,-0.1522,-0.5179,6.1726,-0.1516,0.8130,6.2256,-0.1370,0.8000,1,1,5.5989,0.1440,0.8216,-0.2248,0.1424,-0.5093,5.5989,0.1440,0.8216,5.6675,0.1390,0.8000,1,1,5.5760,-0.1523,0.8570,-0.2471,-0.1539,-0.4739,5.5760,-0.1523,0.8570,5.7410,-0.1360,0.8000,0,1
5.8275,0.0013,1.3313,0.0175,-0.0021,6.1671,0.1626,0.8679,0.3393,0.1620,-0.4634,6.1671,0.1626,0.8679,6.3041,0.1380,0.8000,0,1,6.1726,-0.1516,0.8130,0.3454,-0.1522,-0.5183,6.1726,-0.1516,0.8130,6.2276,-0.1370,0.8000,1,1,5.5989,0.1440,0.8216,-0.2289,0.1422,-0.5097,5.5989,0.1440,0.8216,5.6695,0.1392,0.8000,1,1,5.5862,-0.1536,0.8666,-0.2410,-0.1554,-0.4647,5.5862,-0.1536,0.8666,5.7450,-0.1358,0.8000,0,1
5.8314,0.0013,1.3316,0.0155,-0.0024,6.1762,0.1637,0.8790,0.3444,0.1632,-0.4526,6.1762,0.1637,0.8790,6.3081,0.1379,0.8000,0,1,6.1726,-0.1516,0.8130,0.3416,-0.1521,-0.5186,6.1726,-0.1516,0.8130,6.2295,-0.1371,0.8000,1,1,5.5989,0.1440,0.8216,-0.2328,0.1421,-0.5100,5.5989,0.1440,0.8216,5.6715,0.1393,0.8000,1,1,5.5955,-0.1546,0.8752,-0.2355,-0.1565,-0.4564,5.5955,-0.1546,0.8752,5.7489,-0.1357,0.8000,0,1
5.8353,0.0013,1.3318,0.0139,-0.0026,6.1846,0.1642,0.8872,0.3489,0.1638,-0.4446,6.1846,0.1642,0.8872,6.3120,0.1378,0.8000,0,1,6.1726,-0.1516,0.8130,0.3377,-0.1520,-0.5188,6.1726,-0.1516,0.8130,6.2313,-0.1372,0.8000,1,1,5.5989,0.1440,0.8215,-0.2368,0.1421,-0.5103,5.5989,0.1440,0.8215,5.6734,0.1393,0.8000,1,1,5.6043,-0.1552,0.8825,-0.2306,-0.1571,-0.4493,5.6043,-0.1552,0.8825,5.7527,-0.1357,0.8000,0,1
5.8391,0.0013,1.3319,0.0126,-0.0027,6.1926,0.1643,0.8911,0.3531,0.1640,-0.4408,6.1926,0.1643,0.8911,6.3159,0.1378,0.8000,0,1,6.1726,-0.1516,0.8130,0.3339,-0.1520,-0.5189,6.1726,-0.1516,0.8130,6.2331,-0.1372,0.8000,1,1,5.5989,0.1440,0.8215,-0.2406,0.1421,-0.5104,5.5989,0.1440,0.8215,5.6753,0.1393,0.8000,1,1,5.6121,-0.1555,0.8864,-0.2266,-0.1574,-0.4455,5.6121,-0.1555,0.8864,5.7565,-0.1357,0.8000,0,1
5.8429,0.0012,1.3319,0.0118,-0.0028,6.2005,0.1638,0.8900,0.3571,0.1636,-0.4419,6.2005,0.1638,0.8900,6.3197,0.1377,0.8000,0,1,6.1727,-0.1516,0.8130,0.3302,-0.1519,-0.5189,6.1727,-0.1516,0.8130,6.2349,-0.1373,0.8000,1,1,5.5990,0.1441,0.8215,-0.2443,0.1422,-0.5104,5.5990,0.1441,0.8215,5.6771,0.1392,0.8000,1,1,5.6193,-0.1554,0.8852,-0.2232,-0.1572,-0.4467,5.6193,-0.1554,0.8852,5.7603,-0.1358,0.8000,0,1
5.8467,0.0011,1.3317,0.0115,-0.0027,6.2081,0.1630,0.8843,0.3610,0.1629,-0.4474,6.2081,0.1630,0.8843,6.3234,0.1376,0.8000,0,1,6.1727,-0.1516,0.8130,0.3264,-0.1518,-0.5187,6.1727,-0.1516,0.8130,6.2367,-0.1374,0.8000,1,1,5.5990,0.1441,0.8215,-0.2481,0.1423,-0.5102,5.5990,0.1441,0.8215,5.6788,0.1391,0.8000,1,1,5.6261,-0.1551,0.8794,-0.2202,-0.1568,-0.4523,5.6261,-0.1551,0.8794,5.7641,-0.1359,0.8000,0,1
5.8504,0.0010,1.3314,0.0117,-0.0026,6.2152,0.1617,0.8751,0.3644,0.1616,-0.4563,6.2152,0.1617,0.8751,6.3272,0.1375,0.8000,0,1,6.1728,-0.1516,0.8130,0.3228,-0.1518,-0.5184,6.1728,-0.1516,0.8130,6.2385,-0.1375,0.8000,1,1,5.5990,0.1441,0.8215,-0.2518,0.1424,-0.5099,5.5990,0.1441,0.8215,5.6806,0.1390,0.8000,1,1,5.6330,-0.1545,0.8703,-0.2170,-0.1561,-0.4611,5.6330,-0.1545,0.8703,5.7679,-0.1360,0.8000,0,1
5.8542,0.0008,1.3310,0.0123,-0.0023,6.2213,0.1602,0.8639,0.3667,0.1602,-0.4671,6.2213,0.1602,0.8639,6.3309,0.1374,0.8000,0,1,6.1728,-0.1515,0.8131,0.3189,-0.1516,-0.5179,6.1728,-0.1515,0.8131,6.2403,-0.1376,0.8000,1,1,5.5991,0.1441,0.8215,-0.2554,0.1427,-0.5095,5.5991,0.1441,0.8215,5.6823,0.1388,0.8000,1,1,5.6394,-0.1536,0.8609,-0.2144,-0.1549,-0.4701,5.6394,-0.1536,0.8609,5.7717,-0.1362,0.8000,0,1
5.8580,0.0006,1.3306,0.0134,-0.0020,6.2277,0.1584,0.8520,0.3694,0.1585,-0.4786,6.2277,0.1584,0.8520,6.3347,0.1374,0.8000,0,1,6.1729,-0.1515,0.8131,0.3152,-0.1515,-0.5175,6.1729,-0.1515,0.8131,6.2421,-0.1376,0.8000,1,1,5.5992,0.1441,0.8215,-0.2591,0.1430,-0.5091,5.5992,0.1441,0.8215,5.6841,0.1385,0.8000,1,1,5.6445,-0.1524,0.8513,-0.2132,-0.1534,-0.4793,5.6445,-0.1524,0.8513,5.7755,-0.1365,0.8000,0,1
5.8619,0.0004,1.3302,0.0147,-0.0016,6.2319,0.1565,0.8409,0.3697,0.1567,-0.4893,6.2319,0.1565,0.8409,6.3385,0.1373,0.8000,0,1,6.1729,-0.1515,0.8132,0.3112,-0.1514,-0.5170,6.1729,-0.1515,0.8132,6.2441,-0.1377,0.8000,1,1,5.5992,0.1441,0.8215,-0.2629,0.1433,-0.5087,5.5992,0.1441,0.8215,5.6859,0.1382,0.8000,1,1,5.6501,-0.1509,0.8425,-0.2116,-0.1516,-0.4877,5.6501,-0.1509,0.8425,5.7795,-0.1368,0.8000,0,1
5.8660,0.0002,1.3299,0.0163,-0.0011,6.2368,0.1545,0.8299,0.3706,0.1547,-0.5000,6.2368,0.1545,0.8299,6.3425,0.1373,0.8000,0,1,6.1730,-0.1515,0.8132,0.3072,-0.1514,-0.5167,6.1730,-0.1515,0.8132,6.2462,-0.1377,0.8000,1,1,5.5993,0.1441,0.8215,-0.2669,0.1436,-0.5084,5.5993,0.1441,0.8215,5.6879,0.1379,0.8000,1,1,5.6560,-0.1488,0.8335,-0.2098,-0.1492,-0.4964,5.6560,-0.1488,0.8335,5.7836,-0.1371,0.8000,0,1
5.8701,0.0000,1.3298,0.0183,-0.0005,6.2409,0.1528,0.8206,0.3707,0.1530,-0.5092,6.2409,0.1528,0.8206,6.3466,0.1373,0.8000,0,1,6.1730,-0.1515,0.8132,0.3030,-0.1513,-0.5166,6.1730,-0.1515,0.8132,6.2484,-0.1377,0.8000,1,1,5.5993,0.1441,0.8215,-0.2709,0.1440,-0.5083,5.5993,0.1441,0.8215,5.6900,0.1376,0.8000,1,1,5.6618,-0.1467,0.8256,-0.2082,-0.1468,-0.5042,5.6618,-0.1467,0.8256,5.7878,-0.1374,0.8000,0,1
5.8744,-0.0002,1.3298,0.0207,0.0001,6.2449,0.1515,0.8138,0.3705,0.1517,-0.5160,6.2449,0.1515,0.8138,6.2858,0.1373,0.8000,1,1,6.1730,-0.1515,0.8133,0.2986,-0.1513,-0.5165,6.1730,-0.1515,0.8133,6.3508,-0.1377,0.8000,0,1,5.5993,0.1441,0.8216,-0.2751,0.1443,-0.5082,5.5993,0.1441,0.8216,5.7922,0.1373,0.8000,0,1,5.6685,-0.1441,0.8195,-0.2059,-0.1439,-0.5103,5.6685,-0.1441,0.8195,5.7272,-0.1377,0.8000,1,1
5.8790,-0.0004,1.3301,0.0223,0.0008,6.2449,0.1515,0.8140,0.3660,0.1516,-0.5161,6.2449,0.1515,0.8140,6.2880,0.1374,0.8000,1,1,6.1860,-0.1536,0.8181,0.3069,-0.1534,-0.5120,6.1860,-0.1536,0.8181,6.3552,-0.1376,0.8000,0,1,5.6095,0.1460,0.8263,-0.2694,0.1466,-0.5038,5.6095,0.1460,0.8263,5.7964,0.1370,0.8000,0,1,5.6685,-0.1441,0.8197,-0.2106,-0.1435,-0.5104,5.6685,-0.1441,0.8197,5.7296,-0.1380,0.8000,1,1
5.8831,-0.0006,1.3304,0.0224,0.0013,6.2447,0.1515,0.8139,0.3618,0.1516,-0.5165,6.2447,0.1515,0.8139,6.2903,0.1374,0.8000,1,1,6.1981,-0.1560,0.8264,0.3148,-0.1558,-0.5040,6.1981,-0.1560,0.8264,6.3596,-0.1376,0.8000,0,1,5.6199,0.1482,0.8341,-0.2630,0.1491,-0.4963,5.6199,0.1482,0.8341,5.8007,0.1367,0.8000,0,1,5.6683,-0.1441,0.8198,-0.2150,-0.1432,-0.5106,5.6683,-0.1441,0.8198,5.7320,-0.1383,0.8000,1,1
5.8873,-0.0007,1.3308,0.0216,0.0019,6.2445,0.1515,0.8138,0.3575,0.1515,-0.5170,6.2445,0.1515,0.8138,6.2924,0.1375,0.8000,1,1,6.2104,-0.1584,0.8377,0.3228,-0.1583,-0.4931,6.2104,-0.1584,0.8377,6.3639,-0.1375,0.8000,0,1,5.6312,0.1507,0.8440,-0.2558,0.1519,-0.4868,5.6312,0.1507,0.8440,5.8048,0.1364,0.8000,0,1,5.6681,-0.1441,0.8199,-0.2195,-0.1430,-0.5109,5.6681,-0.1441,0.8199,5.7343,-0.1386,0.8000,1,1
5.8914,-0.0009,1.3313,0.0203,0.0024,6.2443,0.1515,0.8136,0.3533,0.1516,-0.5177,6.2443,0.1515,0.8136,6.2945,0.1375,0.8000,1,1,6.2218,-0.1605,0.8505,0.3300,-0.1604,-0.4808,6.2218,-0.1605,0.8505,6.3682,-0.1375,0.8000,0,1,5.6420,0.1530,0.8548,-0.2490,0.1545,-0.4765,5.6420,0.1530,0.8548,5.8089,0.1362,0.8000,0,1,5.6679,-0.1441,0.8200,-0.2238,-0.1427,-0.5113,5.6679,-0.1441,0.8200,5.7366,-0.1388,0.8000,1,1
5.8955,-0.0010,1.3318,0.0185,0.0029,6.2443,0.1515,0.8136,0.3492,0.1515,-0.5182,6.2443,0.1515,0.8136,6.2965,0.1376,0.8000,1,1,6.2324,-0.1621,0.8637,0.3364,-0.1621,-0.4681,6.2324,-0.1621,0.8637,6.3723,-0.1374,0.8000,0,1,5.6527,0.1549,0.8653,-0.2423,0.1566,-0.4665,5.6527,0.1549,0.8653,5.8129,0.1360,0.8000,0,1,5.6679,-0.1441,0.8199,-0.2280,-0.1424,-0.5119,5.6679,-0.1441,0.8199,5.7387,-0.1390,0.8000,1,1
5.8995,-0.0010,1.3323,0.0166,0.0032,6.2443,0.1515,0.8136,0.3453,0.1514,-0.5187,6.2443,0.1515,0.8136,6.2984,0.1377,0.8000,1,1,6.2419,-0.1634,0.8758,0.3419,-0.1635,-0.4565,6.2419,-0.1634,0.8758,6.3763,-0.1373,0.8000,0,1,5.6621,0.1562,0.8758,-0.2369,0.1580,-0.4565,5.6621,0.1562,0.8758,5.8168,0.1359,0.8000,0,1,5.6679,-0.1441,0.8199,-0.2321,-0.1424,-0.5124,5.6679,-0.1441,0.8199,5.7407,-0.1391,0.8000,1,1
5.9034,-0.0010,1.3326,0.0148,0.0035,6.2443,0.1516,0.8136,0.3414,0.1514,-0.5190,6.2443,0.1516,0.8136,6.3003,0.1378,0.8000,1,1,6.2505,-0.1642,0.8855,0.3465,-0.1644,-0.4471,6.2505,-0.1642,0.8855,6.3803,-0.1372,0.8000,0,1,5.6713,0.1571,0.8845,-0.2315,0.1589,-0.4481,5.6713,0.1571,0.8845,5.8207,0.1358,0.8000,0,1,5.6679,-0.1441,0.8199,-0.2360,-0.1423,-0.5127,5.6679,-0.1441,0.8199,5.7427,-0.1392,0.8000,1,1
5.9072,-0.0010,1.3328,0.0132,0.0037,6.2443,0.1516,0.8136,0.3377,0.1514,-0.5192,6.2443,0.1516,0.8136,6.3021,0.1379,0.8000,1,1,6.2586,-0.1644,0.8917,0.3508,-0.1647,-0.4411,6.2586,-0.1644,0.8917,6.3841,-0.1371,0.8000,0,1,5.6794,0.1576,0.8904,-0.2272,0.1594,-0.4424,5.6794,0.1576,0.8904,5.8245,0.1358,0.8000,0,1,5.6679,-0.1441,0.8199,-0.2398,-0.1422,-0.5129,5.6679,-0.1441,0.8199,5.7445,-0.1392,0.8000,1,1
5.9110,-0.0010,1.3328,0.0121,0.0039,6.2443,0.1516,0.8136,0.3339,0.1513,-0.5192,6.2443,0.1516,0.8136,6.3039,0.1380,0.8000,1,1,6.2666,-0.1643,0.8932,0.3550,-0.1647,-0.4396,6.2666,-0.1643,0.8932,6.3880,-0.1370,0.8000,0,1,5.6869,0.1576,0.8918,-0.2235,0.1595,-0.4410,5.6869,0.1576,0.8918,5.8283,0.1358,0.8000,0,1,5.6679,-0.1441,0.8199,-0.2437,-0.1422,-0.5129,5.6679,-0.1441,0.8199,5.7464,-0.1392,0.8000,1,1
5.9148,-0.0009,1.3326,0.0114,0.0039,6.2443,0.1516,0.8136,0.3301,0.1512,-0.5190,6.2443,0.1516,0.8136,6.3057,0.1381,0.8000,1,1,6.2744,-0.1638,0.8896,0.3590,-0.1643,-0.4430,6.2744,-0.1638,0.8896,6.3917,-0.1369,0.8000,0,1,5.6939,0.1573,0.8882,-0.2203,0.1591,-0.4444,5.6939,0.1573,0.8882,5.8321,0.1359,0.8000,0,1,5.6679,-0.1441,0.8199,-0.2475,-0.1422,-0.5127,5.6679,-0.1441,0.8199,5.7481,-0.1391,0.8000,1,1
5.9186,-0.0008,1.3323,0.0111,0.0038,6.2444,0.1516,0.8137,0.3264,0.1512,-0.5186,6.2444,0.1516,0.8137,6.3074,0.1381,0.8000,1,1,6.2819,-0.1629,0.8817,0.3627,-0.1635,-0.4506,6.2819,-0.1629,0.8817,6.3955,-0.1369,0.8000,0,1,5.7008,0.1566,0.8802,-0.2172,0.1582,-0.4521,5.7008,0.1566,0.8802,5.8359,0.1360,0.8000,0,1,5.6680,-0.1441,0.8199,-0.2511,-0.1423,-0.5124,5.6680,-0.1441,0.8199,5.7499,-0.1390,0.8000,1,1
5.9224,-0.0007,1.3319,0.0114,0.0036,6.2444,0.1516,0.8136,0.3225,0.1511,-0.5183,6.2444,0.1516,0.8136,6.3093,0.1382,0.8000,1,1,6.2885,-0.1615,0.8716,0.3655,-0.1621,-0.4603,6.2885,-0.1615,0.8716,6.3992,-0.1368,0.8000,0,1,5.7068,0.1553,0.8702,-0.2150,0.1568,-0.4617,5.7068,0.1553,0.8702,5.8397,0.1362,0.8000,0,1,5.6680,-0.1441,0.8199,-0.2549,-0.1425,-0.5120,5.6680,-0.1441,0.8199,5.7516,-0.1388,0.8000,1,1
5.9262,-0.0005,1.3314,0.0122,0.0032,6.2444,0.1516,0.8136,0.3187,0.1511,-0.5178,6.2444,0.1516,0.8136,6.3111,0.1382,0.8000,1,1,6.2945,-0.1598,0.8596,0.3678,-0.1605,-0.4718,6.2945,-0.1598,0.8596,6.4030,-0.1368,0.8000,0,1,5.7134,0.1539,0.8594,-0.2123,0.1551,-0.4720,5.7134,0.1539,0.8594,5.8435,0.1364,0.8000,0,1,5.6680,-0.1441,0.8199,-0.2587,-0.1428,-0.5115,5.6680,-0.1441,0.8199,5.7534,-0.1386,0.8000,1,1
5.9300,-0.0004,1.3310,0.0134,0.0028,6.2445,0.1516,0.8137,0.3149,0.1511,-0.5173,6.2445,0.1516,0.8137,6.3130,0.1382,0.8000,1,1,6.2996,-0.1579,0.8469,0.3692,-0.1585,-0.4841,6.2996,-0.1579,0.8469,6.4068,-0.1368,0.8000,0,1,5.7186,0.1519,0.8494,-0.2110,0.1529,-0.4816,5.7186,0.1519,0.8494,5.8474,0.1366,0.8000,0,1,5.6681,-0.1441,0.8199,-0.2623,-0.1430,-0.5111,5.6681,-0.1441,0.8199,5.7552,-0.1384,0.8000,1,1
5.9340,-0.0002,1.3306,0.0149,0.0022,6.2445,0.1515,0.8138,0.3108,0.1510,-0.5168,6.2445,0.1515,0.8138,6.3151,0.1382,0.8000,1,1,6.3041,-0.1560,0.8347,0.3698,-0.1566,-0.4959,6.3041,-0.1560,0.8347,6.4107,-0.1368,0.8000,0,1,5.7244,0.1497,0.8396,-0.2093,0.1504,-0.4910,5.7244,0.1497,0.8396,5.8515,0.1369,0.8000,0,1,5.6681,-0.1441,0.8199,-0.2662,-0.1433,-0.5107,5.6681,-0.1441,0.8199,5.7571,-0.1381,0.8000,1,1
5.9381,0.0000,1.3303,0.0168,0.0016,6.2446,0.1515,0.8138,0.3067,0.1510,-0.5165,6.2446,0.1515,0.8138,6.3172,0.1381,0.8000,1,1,6.3080,-0.1540,0.8241,0.3697,-0.1546,-0.5062,6.3080,-0.1540,0.8241,6.4147,-0.1369,0.8000,0,1,5.7298,0.1472,0.8302,-0.2081,0.1475,-0.5001,5.7298,0.1472,0.8302,5.8556,0.1372,0.8000,0,1,5.6682,-0.1441,0.8199,-0.2701,-0.1437,-0.5104,5.6682,-0.1441,0.8199,5.7591,-0.1378,0.8000,1,1
5.9423,0.0002,1.3302,0.0189,0.0009,6.2447,0.1516,0.8139,0.3025,0.1511,-0.5163,6.2447,0.1516,0.8139,6.3195,0.1380,0.8000,1,1,6.3117,-0.1524,0.8161,0.3693,-0.1529,-0.5141,6.3117,-0.1524,0.8161,6.4188,-0.1370,0.8000,0,1,5.7359,0.1446,0.8228,-0.2063,0.1446,-0.5074,5.7359,0.1446,0.8228,5.8599,0.1375,0.8000,0,1,5.6682,-0.1441,0.8199,-0.2742,-0.1441,-0.5103,5.6682,-0.1441,0.8199,5.7612,-0.1375,0.8000,1,1
5.9472,0.0004,1.3304,0.0212,0.0000,6.2527,0.1528,0.8161,0.3055,0.1524,-0.5143,6.2527,0.1528,0.8161,6.4230,0.1380,0.8000,0,1,6.3137,-0.1518,0.8132,0.3665,-0.1522,-0.5172,6.3137,-0.1518,0.8132,6.3570,-0.1370,0.8000,1,1,5.7393,0.1432,0.8199,-0.2079,0.1428,-0.5105,5.7393,0.1432,0.8199,5.7984,0.1379,0.8000,1,1,5.6750,-0.1451,0.8219,-0.2722,-0.1455,-0.5085,5.6750,-0.1451,0.8219,5.8644,-0.1371,0.8000,0,1
5.9510,0.0006,1.3306,0.0220,-0.0006,6.2637,0.1547,0.8222,0.3126,0.1543,-0.5084,6.2637,0.1547,0.8222,6.4274,0.1379,0.8000,0,1,6.3136,-0.1518,0.8132,0.3627,-0.1522,-0.5174,6.3136,-0.1518,0.8132,6.3592,-0.1371,0.8000,1,1,5.7391,0.1432,0.8201,-0.2120,0.1425,-0.5105,5.7391,0.1432,0.8201,5.8008,0.1382,0.8000,1,1,5.6845,-0.1470,0.8281,-0.2664,-0.1478,-0.5025,5.6845,-0.1470,0.8281,5.8686,-0.1368,0.8000,0,1
5.9552,0.0007,1.3310,0.0217,-0.0013,6.2761,0.1570,0.8321,0.3207,0.1567,-0.4989,6.2761,0.1570,0.8321,6.4318,0.1378,0.8000,0,1,6.3134,-0.1518,0.8132,0.3584,-0.1520,-0.5178,6.3134,-0.1518,0.8132,6.3614,-0.1372,0.8000,1,1,5.7389,0.1432,0.8202,-0.2165,0.1422,-0.5108,5.7389,0.1432,0.8202,5.8032,0.1385,0.8000,1,1,5.6953,-0.1494,0.8376,-0.2597,-0.1504,-0.4934,5.6953,-0.1494,0.8376,5.8728,-0.1365,0.8000,0,1
5.9594,0.0009,1.3314,0.0206,-0.0019,6.2879,0.1592,0.8442,0.3282,0.1589,-0.4872,6.2879,0.1592,0.8442,6.4360,0.1377,0.8000,0,1,6.3132,-0.1518,0.8131,0.3541,-0.1520,-0.5183,6.3132,-0.1518,0.8131,6.3635,-0.1373,0.8000,1,1,5.7387,0.1431,0.8203,-0.2210,0.1418,-0.5111,5.7387,0.1431,0.8203,5.8054,0.1387,0.8000,1,1,5.7059,-0.1518,0.8483,-0.2532,-0.1532,-0.4831,5.7059,-0.1518,0.8483,5.8769,-0.1363,0.8000,0,1
5.9635,0.0010,1.3319,0.0191,-0.0025,6.2988,0.1611,0.8573,0.3349,0.1609,-0.4746,6.2988,0.1611,0.8573,6.4402,0.1375,0.8000,0,1,6.3131,-0.1518,0.8130,0.3500,-0.1519,-0.5189,6.3131,-0.1518,0.8130,6.3655,-0.1375,0.8000,1,1,5.7386,0.1431,0.8203,-0.2253,0.1415,-0.5116,5.7386,0.1431,0.8203,5.8076,0.1389,0.8000,1,1,5.7169,-0.1540,0.8605,-0.2462,-0.1556,-0.4714,5.7169,-0.1540,0.8605,5.8809,-0.1361,0.8000,0,1
5.9675,0.0010,1.3324,0.0175,-0.0029,6.3086,0.1625,0.8700,0.3406,0.1625,-0.4624,6.3086,0.1625,0.8700,6.4443,0.1374,0.8000,0,1,6.3130,-0.1518,0.8129,0.3459,-0.1518,-0.5195,6.3130,-0.1518,0.8129,6.3675,-0.1376,0.8000,1,1,5.7385,0.1431,0.8203,-0.2294,0.1414,-0.5121,5.7385,0.1431,0.8203,5.8097,0.1390,0.8000,1,1,5.7270,-0.1558,0.8717,-0.2400,-0.1575,-0.4607,5.7270,-0.1558,0.8717,5.8849,-0.1360,0.8000,0,1
5.9714,0.0010,1.3327,0.0159,-0.0033,6.3174,0.1634,0.8810,0.3455,0.1635,-0.4517,6.3174,0.1634,0.8810,6.4482,0.1373,0.8000,0,1,6.3130,-0.1518,0.8128,0.3421,-0.1517,-0.5199,6.3130,-0.1518,0.8128,6.3693,-0.1377,0.8000,1,1,5.7385,0.1432,0.8203,-0.2334,0.1414,-0.5124,5.7385,0.1432,0.8203,5.8116,0.1391,0.8000,1,1,5.7364,-0.1570,0.8823,-0.2345,-0.1588,-0.4504,5.7364,-0.1570,0.8823,5.8887,-0.1359,0.8000,0,1
5.9753,0.0010,1.3330,0.0144,-0.0036,6.3256,0.1638,0.8892,0.3497,0.1641,-0.4438,6.3256,0.1638,0.8892,6.4521,0.1372,0.8000,0,1,6.3130,-0.1518,0.8128,0.3382,-0.1516,-0.5202,6.3130,-0.1518,0.8128,6.3711,-0.1378,0.8000,1,1,5.7385,0.1432,0.8203,-0.2373,0.1413,-0.5127,5.7385,0.1432,0.8203,5.8135,0.1392,0.8000,1,1,5.7448,-0.1578,0.8904,-0.2299,-0.1596,-0.4426,5.7448,-0.1578,0.8904,5.8925,-0.1358,0.8000,0,1
5.9791,0.0010,1.3330,0.0132,-0.0038,6.3335,0.1638,0.8931,0.3538,0.1641,-0.4399,6.3335,0.1638,0.8931,6.4560,0.1371,0.8000,0,1,6.3130,-0.1518,0.8128,0.3345,-0.1515,-0.5202,6.3130,-0.1518,0.8128,6.3729,-0.1379,0.8000,1,1,5.7385,0.1432,0.8203,-0.2411,0.1413,-0.5127,5.7385,0.1432,0.8203,5.8154,0.1392,0.8000,1,1,5.7524,-0.1581,0.8944,-0.2261,-0.1600,-0.4386,5.7524,-0.1581,0.8944,5.8963,-0.1358,0.8000,0,1
5.9828,0.0009,1.3329,0.0124,-0.0038,6.3413,0.1635,0.8922,0.3579,0.1640,-0.4407,6.3413,0.1635,0.8922,6.4598,0.1369,0.8000,0,1,6.3130,-0.1518,0.8128,0.3308,-0.1514,-0.5201,6.3130,-0.1518,0.8128,6.3747,-0.1380,0.8000,1,1,5.7385,0.1432,0.8202,-0.2448,0.1414,-0.5127,5.7385,0.1432,0.8202,5.8172,0.1391,0.8000,1,1,5.7596,-0.1582,0.8934,-0.2226,-0.1599,-0.4395,5.7596,-0.1582,0.8934,5.9001,-0.1359,0.8000,0,1
5.9866,0.0008,1.3327,0.0119,-0.0038,6.3489,0.1627,0.8864,0.3617,0.1633,-0.4463,6.3489,0.1627,0.8864,6.4635,0.1369,0.8000,0,1,6.3130,-0.1518,0.8128,0.3270,-0.1514,-0.5199,6.3130,-0.1518,0.8128,6.3765,-0.1381,0.8000,1,1,5.7385,0.1432,0.8202,-0.2486,0.1415,-0.5125,5.7385,0.1432,0.8202,5.8189,0.1390,0.8000,1,1,5.7666,-0.1576,0.8875,-0.2194,-0.1592,-0.4452,5.7666,-0.1576,0.8875,5.9039,-0.1360,0.8000,0,1
5.9904,0.0007,1.3323,0.0120,-0.0036,6.3560,0.1616,0.8774,0.3650,0.1622,-0.4549,6.3560,0.1616,0.8774,6.4672,0.1368,0.8000,0,1,6.3131,-0.1518,0.8128,0.3232,-0.1513,-0.5195,6.3131,-0.1518,0.8128,6.3782,-0.1382,0.8000,1,1,5.7385,0.1432,0.8202,-0.2524,0.1416,-0.5121,5.7385,0.1432,0.8202,5.8206,0.1388,0.8000,1,1,5.7732,-0.1569,0.8785,-0.2166,-0.1584,-0.4538,5.7732,-0.1569,0.8785,5.9076,-0.1362,0.8000,0,1
