t,q0,dq0,tau0,cmd0,q1,dq1,tau1,cmd1,q2,dq2,tau2,cmd2,q3,dq3,tau3,cmd3,q4,dq4,tau4,cmd4,q5,dq5,tau5,cmd5,q6,dq6,tau6,cmd6,q7,dq7,tau7,cmd7,q8,dq8,tau8,cmd8,q9,dq9,tau9,cmd9
0.0000,2.219,0.7,-4.957,-0.630,2.328,0.5,1.486,4.012,28.734,-2.2,5.594,32.739,97.750,-2.7,-0.165,97.398,-1.497,-1.7,4.488,1.060,-4.617,1.6,-1.505,-6.332,-44.906,1.1,-4.945,-48.469,-100.688,-2.0,0.291,-100.068,0.000,0.0,0.000,0.000,0.000,0.0,0.000,0.000
0.0043,2.215,-0.9,-4.902,2.219,2.322,-1.9,1.488,2.328,28.734,-2.1,5.520,28.734,97.750,-1.2,-0.245,97.750,-1.497,-1.8,4.355,-1.497,-4.609,3.5,-1.598,-4.617,-44.906,1.8,-4.988,-44.906,-100.688,-2.5,0.303,-100.688,0.000,0.0,0.000,0.000,0.000,0.0,0.000,0.000
0.0055,2.219,0.9,-4.895,2.215,2.326,-0.3,1.472,2.322,28.750,2.8,5.676,28.734,97.750,3.9,-0.161,97.750,-1.490,0.7,4.383,-1.497,-4.617,0.0,-1.549,-4.609,-44.906,2.6,-5.105,-44.906,-100.625,2.2,0.350,-100.688,0.000,0.0,0.000,0.000,0.000,0.0,0.000,0.000
0.0067,2.215,-0.4,-4.969,2.219,2.322,-2.7,1.259,2.326,28.750,-0.2,5.629,28.750,97.750,-2.0,-0.200,97.750,-1.490,1.7,4.629,-1.490,-4.617,0.8,-1.437,-4.617,-44.906,-0.2,-5.016,-44.906,-100.688,-1.1,0.287,-100.625,0.000,0.0,0.000,0.000,0.000,0.0,0.000,0.000
0.0080,2.225,3.3,-4.980,2.215,2.332,2.4,1.500,2.322,28.750,-0.7,5.574,28.750,97.750,0.7,-0.184,97.750,-1.497,-1.3,4.445,-1.490,-4.621,-1.1,-1.432,-4.617,-44.906,-0.8,-4.883,-44.906,-100.688,-2.5,0.317,-100.688,0.000,0.0,0.000,0.000,0.000,0.0,0.000,0.000
0.0100,2.213,-2.2,-4.766,2.225,2.334,3.6,1.460,2.332,28.734,-1.8,5.457,28.750,97.750,3.4,-0.209,97.750,-1.494,0.2,3.865,-1.497,-4.621,0.5,-0.853,-4.621,-44.906,1.1,-2.066,-44.906,-100.625,3.5,0.282,-100.688,0.000,0.0,0.000,0.000,0.000,0.0,0.000,0.000
0.0120,2.234,7.7,-0.764,2.213,2.328,1.2,0.487,2.334,28.734,-3.5,0.770,28.734,97.750,-1.7,-0.085,97.750,-1.503,-2.4,0.704,-1.494,-4.605,5.6,-0.266,-4.621,-44.875,3.8,-0.738,-44.906,-100.688,-2.4,0.048,-100.625,0.000,0.0,0.000,0.000,0.000,0.0,0.000,0.000
0.0140,2.240,8.8,-0.889,2.234,2.318,-2.3,0.361,2.328,28.703,-12.1,0.884,28.734,97.750,1.1,-0.021,97.750,-1.516,-6.1,0.875,-1.503,-4.613,0.9,-0.331,-4.605,-44.844,15.5,-0.829,-44.875,-100.688,-2.2,0.033,-100.688,0.000,0.0,0.000,0.000,0.000,0.0,0.000,0.000
0.0162,2.271,13.5,-1.507,2.240,2.312,-3.1,0.340,2.318,28.641,-24.1,1.560,28.703,97.750,1.9,0.032,97.750,-1.554,-13.1,1.571,-1.516,-4.590,6.5,-0.530,-4.613,-44.812,21.9,-1.540,-44.844,-100.625,2.3,0.038,-100.688,0.000,0.0,0.000,0.000,0.000,0.0,0.000,0.000
0.0183,2.342,21.2,-2.217,2.271,2.285,-7.8,0.550,2.312,28.531,-38.9,2.539,28.641,97.750,2.1,0.025,97.750,-1.642,-23.1,2.848,-1.554,-4.570,6.3,-0.666,-4.590,-44.688,37.6,-2.320,-44.812,-100.688,-2.7,0.048,-100.625,0.000,0.0,0.000,0.000,0.000,0.0,0.000,0.000
0.0205,2.398,25.7,-2.820,2.342,2.254,-14.0,0.667,2.285,28.438,-43.7,3.186,28.531,97.750,-1.3,-0.011,97.750,-1.707,-30.1,3.076,-1.642,-4.547,7.6,-0.718,-4.570,-44.594,41.5,-2.854,-44.688,-100.688,-3.8,0.011,-100.688,0.000,0.0,0.000,0.000,0.000,0.0,0.000,0.000
0.0226,2.441,24.8,-2.723,2.398,2.244,-9.7,0.715,2.254,28.328,-46.9,3.477,28.438,97.750,0.8,0.062,97.750,-1.758,-27.5,3.299,-1.707,-4.523,9.2,-0.744,-4.547,-44.531,43.3,-3.133,-44.594,-100.688,-3.9,0.048,-100.688,0.000,0.0,0.000,0.000,0.000,0.0,0.000,0.000
0.0241,2.488,25.5,-2.744,2.441,2.238,-4.0,0.626,2.244,28.234,-46.8,3.436,28.328,97.750,-3.8,-0.026,97.750,-1.820,-30.7,3.508,-1.758,-4.512,7.3,-0.610,-4.523,-44.438,42.2,-3.396,-44.531,-100.688,1.0,0.009,-100.688,0.000,0.0,0.000,0.000,0.000,0.0,0.000,0.000
0.0260,2.523,21.5,-2.762,2.488,2.219,-6.1,0.588,2.238,28.141,-48.7,3.502,28.234,97.750,-2.6,0.031,97.750,-1.870,-26.5,3.523,-1.820,-4.492,8.5,-0.682,-4.512,-44.344,43.2,-3.428,-44.438,-100.688,-0.7,-0.077,-100.688,0.000,0.0,0.000,0.000,0.000,0.0,0.000,0.000
0.0280,2.566,21.7,-2.799,2.523,2.209,-4.6,0.507,2.219,28.062,-44.3,3.508,28.141,97.750,0.4,-0.050,97.750,-1.921,-25.0,3.441,-1.870,-4.477,10.6,-0.690,-4.492,-44.250,42.0,-3.336,-44.344,-100.688,2.4,-0.064,-100.688,0.000,0.0,0.000,0.000,0.000,0.0,0.000,0.000
0.0300,2.605,19.5,-2.869,2.566,2.199,-3.6,0.514,2.209,27.984,-42.3,3.498,28.062,97.750,2.4,0.012,97.750,-1.971,-24.6,3.324,-1.921,-4.461,10.9,-0.703,-4.477,-44.188,38.7,-3.314,-44.250,-100.688,-0.5,-0.058,-100.688,0.000,0.0,0.000,0.000,0.000,0.0,0.000,0.000
0.0320,2.648,21.0,-2.883,2.605,2.193,-2.0,0.410,2.199,27.906,-39.1,3.254,27.984,97.750,-0.0,0.038,97.750,-2.016,-21.8,3.373,-1.971,-4.445,10.5,-0.777,-4.461,-44.125,34.4,-3.262,-44.188,-100.688,-0.4,-0.070,-100.688,0.000,0.0,0.000,0.000,0.000,0.0,0.000,0.000
0.0340,2.686,20.5,-2.838,2.648,2.172,-7.8,0.568,2.193,27.844,-32.8,3.176,27.906,97.750,-6.6,-0.039,97.750,-2.049,-18.4,2.990,-2.016,-4.426,9.6,-0.968,-4.445,-44.062,34.6,-3.176,-44.125,-100.688,-1.1,-0.001,-100.688,0.000,0.0,0.000,0.000,0.000,0.0,0.000,0.000
0.0360,2.725,20.4,-2.850,2.686,2.166,-5.7,0.624,2.172,27.797,-29.2,3.111,27.844,97.750,3.9,-0.057,97.750,-2.086,-18.9,2.754,-2.049,-4.395,13.0,-1.055,-4.426,-43.969,32.7,-3.211,-44.062,-100.688,-1.6,-0.063,-100.688,0.000,0.0,0.000,0.000,0.000,0.0,0.000,0.000
0.0380,2.748,17.3,-2.506,2.725,2.143,-9.7,0.718,2.166,27.734,-29.2,2.996,27.797,97.750,-0.7,-0.017,97.750,-2.115,-16.4,2.688,-2.086,-4.367,11.2,-1.304,-4.395,-43.938,27.3,-3.188,-43.969,-100.688,-1.9,-0.006,-100.688,0.000,0.0,0.000,0.000,0.000,0.0,0.000,0.000
0.0400,2.758,8.3,-2.363,2.748,2.119,-12.5,0.900,2.143,27.688,-25.9,3.076,27.734,97.750,-0.0,-0.030,97.750,-2.135,-12.5,2.398,-2.115,-4.320,17.5,-1.471,-4.367,-43.875,28.8,-3.371,-43.938,-100.688,-0.6,0.048,-100.688,0.000,0.0,0.000,0.000,0.000,0.0,0.000,0.000
0.0421,2.797,14.0,-2.145,2.758,2.094,-13.3,1.089,2.119,27.641,-27.0,3.250,27.688,97.750,-4.8,0.016,97.750,-2.150,-10.3,2.131,-2.135,-4.281,19.5,-1.602,-4.320,-43.781,33.5,-3.475,-43.875,-100.688,-1.6,0.020,-100.688,0.000,0.0,0.000,0.000,0.000,0.0,0.000,0.000
0.0441,2.820,14.6,-2.090,2.797,2.062,-14.5,1.188,2.094,27.578,-28.2,3.203,27.641,97.750,2.6,0.019,97.750,-2.172,-11.0,2.172,-2.150,-4.238,20.5,-1.645,-4.281,-43.719,33.1,-3.625,-43.781,-100.688,-1.9,0.067,-100.688,0.000,0.0,0.000,0.000,0.000,0.0,0.000,0.000
0.0460,2.840,13.7,-1.982,2.820,2.031,-15.1,1.399,2.062,27.516,-28.7,3.480,27.578,97.750,-0.2,0.005,97.750,-2.188,-10.2,2.076,-2.172,-4.207,17.1,-1.681,-4.238,-43.656,34.7,-3.811,-43.719,-100.688,-5.7,0.101,-100.688,0.000,0.0,0.000,0.000,0.000,0.0,0.000,0.000
0.0480,2.859,12.2,-2.189,2.840,1.989,-18.4,1.465,2.031,27.469,-28.0,3.467,27.516,97.750,-1.2,0.007,97.750,-2.203,-9.7,2.127,-2.188,-4.160,20.9,-1.762,-4.207,-43.594,38.9,-4.055,-43.656,-100.688,-2.1,0.095,-100.688,0.000,0.0,0.000,0.000,0.000,0.0,0.000,0.000
0.0500,2.871,8.5,-2.268,2.859,1.955,-16.6,1.564,1.989,27.406,-31.4,3.688,27.469,97.750,1.4,-0.016,97.750,-2.209,-6.1,1.907,-2.203,-4.113,24.4,-1.800,-4.160,-43.531,35.9,-4.164,-43.594,-100.688,1.6,0.020,-100.688,0.000,0.0,0.000,0.000,0.000,0.0,0.000,0.000
0.0520,2.887,5.0,-2.457,2.871,1.927,-13.6,1.452,1.955,27.344,-28.6,4.008,27.406,97.750,-4.0,0.040,97.750,-2.215,-3.9,1.893,-2.209,-4.090,17.5,-1.796,-4.113,-43.438,40.9,-4.605,-43.531,-100.688,0.8,0.069,-100.688,0.000,0.0,0.000,0.000,0.000,0.0,0.000,0.000
0.0540,2.916,8.8,-2.221,2.887,1.890,-15.1,1.541,1.927,27.266,-34.5,4.047,27.344,97.750,-3.2,0.048,97.750,-2.229,-5.1,1.796,-2.215,-4.047,19.2,-1.810,-4.090,-43.344,44.3,-4.902,-43.438,-100.688,-0.1,0.031,-100.688,0.000,0.0,0.000,0.000,0.000,0.0,0.000,0.000
0.0560,2.938,9.1,-2.311,2.916,1.852,-18.1,1.455,1.890,27.188,-38.4,4.414,27.266,97.750,-1.7,-0.026,97.750,-2.234,-2.5,1.879,-2.229,-4.012,19.1,-1.792,-4.047,-43.250,48.9,-5.191,-43.344,-100.688,-0.6,0.043,-100.688,0.000,0.0,0.000,0.000,0.000,0.0,0.000,0.000
0.0580,2.959,10.0,-2.482,2.938,1.826,-14.8,1.542,1.852,27.109,-38.6,4.699,27.188,97.750,6.1,0.003,97.750,-2.260,-9.3,1.850,-2.234,-3.971,20.9,-1.813,-4.012,-43.156,49.6,-5.324,-43.250,-100.688,1.4,-0.031,-100.688,0.000,0.0,0.000,0.000,0.000,0.0,0.000,0.000
0.0600,2.980,11.7,-2.162,2.959,1.802,-11.7,1.607,1.826,27.031,-40.8,4.949,27.109,97.750,1.6,-0.108,97.750,-2.260,-6.1,1.568,-2.260,-3.938,18.1,-1.842,-3.971,-43.031,51.7,-5.492,-43.156,-100.688,-0.6,-0.034,-100.688,0.000,0.0,0.000,0.000,0.000,0.0,0.000,0.000
0.0620,2.988,4.8,-2.455,2.980,1.754,-20.0,1.628,1.802,26.938,-44.0,5.160,27.031,97.750,-1.3,-0.040,97.750,-2.256,-1.1,1.653,-2.260,-3.900,19.5,-1.737,-3.938,-42.938,49.7,-5.809,-43.031,-100.688,-2.6,-0.009,-100.688,0.000,0.0,0.000,0.000,0.000,0.0,0.000,0.000
0.0640,3.000,3.5,-2.213,2.988,1.729,-16.7,1.608,1.754,26.844,-46.0,5.461,26.938,97.750,-1.6,-0.021,97.750,-2.266,-3.8,1.539,-2.256,-3.873,15.2,-1.856,-3.900,-42.844,49.0,-5.969,-42.938,-100.688,-3.4,-0.037,-100.688,0.000,0.0,0.000,0.000,0.000,0.0,0.000,0.000
0.0660,3.025,9.2,-1.989,3.000,1.694,-17.8,1.682,1.729,26.734,-49.8,5.855,26.844,97.750,3.3,-0.089,97.750,-2.275,-5.4,1.644,-2.266,-3.834,17.3,-1.866,-3.873,-42.719,56.1,-6.172,-42.844,-100.688,1.9,-0.017,-100.688,0.000,0.0,0.000,0.000,0.000,0.0,0.000,0.000
0.0680,3.041,9.5,-2.088,3.025,1.670,-14.0,1.646,1.694,26.641,-50.1,5.734,26.734,97.750,-2.6,-0.017,97.750,-2.262,3.6,1.579,-2.275,-3.807,14.7,-1.828,-3.834,-42.625,51.9,-6.309,-42.719,-100.688,-1.3,-0.020,-100.688,0.000,0.0,0.000,0.000,0.000,0.0,0.000,0.000
0.0701,3.047,5.8,-2.174,3.041,1.632,-17.6,1.521,1.670,26.547,-49.0,5.992,26.641,97.750,0.1,-0.006,97.750,-2.285,-4.5,1.699,-2.262,-3.779,13.8,-1.717,-3.807,-42.531,54.7,-6.500,-42.625,-100.688,1.4,0.030,-100.688,0.000,0.0,0.000,0.000,0.000,0.0,0.000,0.000
0.0722,3.061,5.9,-2.145,3.047,1.613,-12.0,1.596,1.632,26.453,-45.0,6.156,26.547,97.750,-0.1,-0.003,97.750,-2.277,0.3,1.558,-2.285,-3.746,15.7,-1.677,-3.779,-42.438,51.0,-6.574,-42.531,-100.688,1.7,-0.003,-100.688,0.000,0.0,0.000,0.000,0.000,0.0,0.000,0.000
0.0743,3.078,8.2,-2.305,3.061,1.588,-12.3,1.430,1.613,26.359,-49.3,6.355,26.453,97.750,-1.0,-0.048,97.750,-2.287,-2.2,1.667,-2.277,-3.725,14.8,-1.528,-3.746,-42.312,49.7,-6.500,-42.438,-100.688,0.2,0.015,-100.688,0.000,0.0,0.000,0.000,0.000,0.0,0.000,0.000
0.0762,3.088,6.2,-2.221,3.078,1.566,-11.2,1.502,1.588,26.250,-49.2,6.605,26.359,97.750,0.5,-0.040,97.750,-2.287,-0.3,1.600,-2.287,-3.719,6.8,-1.606,-3.725,-42.219,46.8,-6.723,-42.312,-100.688,-2.8,0.025,-100.688,0.000,0.0,0.000,0.000,0.000,0.0,0.000,0.000
0.0780,3.098,4.0,-2.250,3.088,1.544,-14.1,1.341,1.566,26.172,-44.0,6.340,26.250,97.750,-2.5,-0.004,97.750,-2.295,-1.9,1.505,-2.287,-3.697,8.4,-1.488,-3.719,-42.125,49.6,-6.730,-42.219,-100.688,-2.4,0.015,-100.688,0.000,0.0,0.000,0.000,0.000,0.0,0.000,0.000
0.0800,3.123,9.7,-2.188,3.098,1.531,-9.0,1.386,1.544,26.078,-45.7,6.488,26.172,97.750,1.9,-0.026,97.750,-2.295,-1.2,1.483,-2.295,-3.672,11.6,-1.394,-3.697,-42.031,48.2,-6.801,-42.125,-100.688,-1.7,0.056,-100.688,0.000,0.0,0.000,0.000,0.000,0.0,0.000,0.000
0.0820,3.135,8.9,-2.174,3.123,1.516,-8.8,1.317,1.531,25.984,-45.0,6.578,26.078,97.750,3.9,-0.013,97.750,-2.303,-4.0,1.513,-2.295,-3.658,8.4,-1.447,-3.672,-41.938,48.4,-6.754,-42.031,-100.688,-2.9,-0.002,-100.688,0.000,0.0,0.000,0.000,0.000,0.0,0.000,0.000
0.0840,3.148,7.3,-2.189,3.135,1.497,-10.2,1.210,1.516,25.891,-43.5,6.562,25.984,97.750,-0.6,-0.027,97.750,-2.307,-3.6,1.610,-2.303,-3.641,8.4,-1.489,-3.658,-41.844,45.7,-6.836,-41.938,-100.688,0.2,0.022,-100.688,0.000,0.0,0.000,0.000,0.000,0.0,0.000,0.000
0.0860,3.160,6.4,-2.234,3.148,1.484,-9.1,1.292,1.497,25.812,-42.6,6.602,25.891,97.750,-4.0,-0.016,97.750,-2.303,-0.6,1.476,-2.307,-3.627,5.8,-1.532,-3.641,-41.781,40.2,-6.641,-41.844,-100.688,0.4,0.047,-100.688,0.000,0.0,0.000,0.000,0.000,0.0,0.000,0.000
0.0880,3.176,6.7,-2.467,3.160,1.479,-5.7,1.206,1.484,25.734,-38.4,6.570,25.812,97.750,-2.0,-0.072,97.750,-2.301,1.9,1.582,-2.303,-3.604,9.8,-1.463,-3.627,-41.719,38.8,-6.859,-41.781,-100.688,2.9,-0.010,-100.688,0.000,0.0,0.000,0.000,0.000,0.0,0.000,0.000
0.0900,3.180,2.0,-2.426,3.176,1.469,-5.0,1.172,1.479,25.656,-39.8,6.559,25.734,97.750,-2.2,-0.071,97.750,-2.316,-3.4,1.639,-2.301,-3.604,2.7,-1.398,-3.604,-41.625,36.9,-6.828,-41.719,-100.688,-0.9,0.014,-100.688,0.000,0.0,0.000,0.000,0.000,0.0,0.000,0.000
0.0920,3.203,7.2,-2.398,3.180,1.456,-5.2,1.188,1.469,25.578,-39.2,6.758,25.656,97.750,1.2,-0.036,97.750,-2.316,-1.8,1.615,-2.316,-3.594,1.4,-1.350,-3.604,-41.562,33.3,-6.855,-41.625,-100.688,5.5,0.001,-100.688,0.000,0.0,0.000,0.000,0.000,0.0,0.000,0.000
0.0942,3.217,7.3,-2.346,3.203,1.443,-5.3,1.188,1.456,25.500,-42.4,6.820,25.578,97.750,0.3,0.001,97.750,-2.312,0.3,1.441,-2.316,-3.568,7.1,-1.396,-3.594,-41.500,37.6,-6.777,-41.562,-100.688,4.3,0.045,-100.688,0.000,0.0,0.000,0.000,0.000,0.0,0.000,0.000
0.0964,3.223,5.2,-2.121,3.217,1.431,-6.2,1.146,1.443,25.438,-35.8,6.832,25.500,97.750,-2.1,-0.020,97.750,-2.322,-2.7,1.701,-2.312,-3.555,8.0,-1.275,-3.568,-41.438,33.8,-6.879,-41.500,-100.688,2.0,-0.028,-100.688,0.000,0.0,0.000,0.000,0.000,0.0,0.000,0.000
0.0988,3.223,5.2,-2.121,3.223,1.431,-6.2,1.146,1.431,25.438,-35.8,6.832,25.438,97.750,-2.1,-0.020,97.750,-2.322,-2.7,1.701,-2.322,-3.555,8.0,-1.275,-3.555,-41.438,33.8,-6.879,-41.438,-100.688,2.0,-0.028,-100.688,0.000,0.0,0.000,0.000,0.000,0.0,0.000,0.000
0.1000,3.238,3.8,-2.061,3.223,1.412,-4.7,1.229,1.431,25.312,-32.8,6.703,25.438,97.750,-0.1,-0.045,97.750,-2.332,-4.3,1.616,-2.322,-3.537,5.0,-1.447,-3.555,-41.312,28.9,-6.949,-41.438,-100.688,-3.3,0.037,-100.688,0.000,0.0,0.000,0.000,0.000,0.0,0.000,0.000
0.1020,3.238,3.8,-2.061,3.238,1.412,-4.7,1.229,1.412,25.312,-32.8,6.703,25.312,97.750,-0.1,-0.045,97.750,-2.332,-4.3,1.616,-2.332,-3.537,5.0,-1.447,-3.537,-41.312,28.9,-6.949,-41.312,-100.688,-3.3,0.037,-100.688,0.000,0.0,0.000,0.000,0.000,0.0,0.000,0.000
0.1040,3.248,1.5,-2.064,3.238,1.394,-4.6,1.195,1.412,25.188,-30.7,6.840,25.312,97.750,-1.6,-0.030,97.750,-2.312,6.9,1.680,-2.332,-3.508,7.9,-1.410,-3.537,-41.188,27.3,-6.770,-41.312,-100.688,-0.7,0.003,-100.688,0.000,0.0,0.000,0.000,0.000,0.0,0.000,0.000
0.1060,3.244,-0.9,-1.828,3.248,1.387,-3.0,1.210,1.394,25.141,-27.6,6.715,25.188,97.750,1.4,-0.064,97.750,-2.332,-2.3,1.533,-2.312,-3.506,4.9,-1.270,-3.508,-41.125,24.9,-6.844,-41.188,-100.688,-0.3,0.001,-100.688,0.000,0.0,0.000,0.000,0.000,0.0,0.000,0.000
0.1080,3.254,1.8,-1.988,3.244,1.374,-3.1,1.331,1.387,25.078,-29.9,6.746,25.141,97.750,-0.5,-0.069,97.750,-2.334,-2.7,1.567,-2.332,-3.508,-1.5,-1.330,-3.506,-41.094,27.0,-6.758,-41.125,-100.688,-1.1,-0.012,-100.688,0.000,0.0,0.000,0.000,0.000,0.0,0.000,0.000
0.1100,3.252,-0.3,-1.773,3.254,1.358,-5.7,1.288,1.374,25.031,-25.3,6.770,25.078,97.750,0.0,-0.029,97.750,-2.334,-1.7,1.565,-2.334,-3.482,6.5,-1.303,-3.508,-41.062,23.3,-6.852,-41.094,-100.688,-0.9,0.043,-100.688,0.000,0.0,0.000,0.000,0.000,0.0,0.000,0.000
0.1120,3.264,4.6,-1.930,3.252,1.350,-5.6,1.214,1.358,24.984,-22.4,6.742,25.031,97.750,-1.7,-0.051,97.750,-2.328,2.2,1.544,-2.334,-3.480,3.8,-1.298,-3.482,-41.000,20.3,-7.066,-41.062,-100.688,-2.1,0.051,-100.688,0.000,0.0,0.000,0.000,0.000,0.0,0.000,0.000
0.1140,3.264,4.0,-1.932,3.264,1.334,-7.6,1.287,1.350,24.938,-21.8,6.707,24.984,97.750,2.5,0.016,97.750,-2.334,-0.7,1.600,-2.328,-3.475,2.6,-1.266,-3.480,-40.938,25.1,-6.996,-41.000,-100.688,-3.9,-0.004,-100.688,0.000,0.0,0.000,0.000,0.000,0.0,0.000,0.000
0.1160,3.252,-2.2,-1.780,3.264,1.327,-5.8,1.213,1.334,24.891,-23.9,6.781,24.938,97.750,-0.9,-0.032,97.750,-2.342,-3.1,1.530,-2.334,-3.475,-1.3,-1.290,-3.475,-40.906,22.4,-7.125,-40.938,-100.688,-3.1,0.051,-100.688,0.000,0.0,0.000,0.000,0.000,0.0,0.000,0.000
0.1180,3.254,-1.4,-1.889,3.252,1.324,-2.4,1.247,1.327,24.859,-21.6,6.637,24.891,97.750,1.9,-0.052,97.750,-2.332,1.3,1.341,-2.342,-3.451,6.2,-1.196,-3.475,-40.844,23.3,-7.129,-40.906,-100.688,1.3,0.019,-100.688,0.000,0.0,0.000,0.000,0.000,0.0,0.000,0.000
0.1200,3.270,4.8,-1.950,3.254,1.312,-4.1,1.257,1.324,24.828,-17.3,6.645,24.859,97.750,-1.1,-0.036,97.750,-2.338,0.2,1.601,-2.332,-3.445,6.5,-1.249,-3.451,-40.812,20.4,-6.809,-40.844,-100.688,-4.6,-0.026,-100.688,0.000,0.0,0.000,0.000,0.000,0.0,0.000,0.000
0.1220,3.260,-0.6,-1.944,3.270,1.303,-4.6,1.119,1.312,24.781,-19.1,6.758,24.828,97.750,-1.8,0.015,97.750,-2.344,-2.8,1.402,-2.338,-3.449,2.0,-1.197,-3.445,-40.781,19.3,-6.785,-40.812,-100.688,-1.5,-0.015,-100.688,0.000,0.0,0.000,0.000,0.000,0.0,0.000,0.000
0.1240,3.270,2.7,-1.982,3.260,1.296,-5.0,1.059,1.303,24.750,-16.2,6.559,24.781,97.750,0.6,-0.068,97.750,-2.348,-2.7,1.521,-2.344,-3.443,2.6,-1.213,-3.449,-40.750,16.1,-6.762,-40.781,-100.688,0.6,0.011,-100.688,0.000,0.0,0.000,0.000,0.000,0.0,0.000,0.000
0.1260,3.270,0.5,-2.059,3.270,1.296,-2.1,1.091,1.296,24.719,-18.2,6.566,24.750,97.750,-5.6,-0.137,97.750,-2.344,0.2,1.697,-2.348,-3.436,2.9,-1.277,-3.443,-40.719,15.2,-6.723,-40.750,-100.688,1.2,0.056,-100.688,0.000,0.0,0.000,0.000,0.000,0.0,0.000,0.000
0.1281,3.275,2.6,-1.881,3.270,1.290,-2.5,1.099,1.296,24.688,-14.8,6.555,24.719,97.750,-1.9,-0.058,97.750,-2.344,0.8,1.590,-2.344,-3.434,2.7,-1.160,-3.436,-40.688,15.2,-6.719,-40.719,-100.688,-3.0,0.057,-100.688,0.000,0.0,0.000,0.000,0.000,0.0,0.000,0.000
0.1301,3.273,-0.8,-2.098,3.275,1.290,0.1,1.171,1.290,24.672,-11.1,6.508,24.688,97.750,-2.6,-0.090,97.750,-2.344,0.3,1.371,-2.344,-3.430,2.5,-1.111,-3.434,-40.688,14.1,-6.684,-40.688,-100.688,-0.9,0.029,-100.688,0.000,0.0,0.000,0.000,0.000,0.0,0.000,0.000
0.1320,3.275,0.7,-1.794,3.273,1.283,-2.0,1.021,1.290,24.641,-10.6,6.625,24.672,97.750,-0.6,-0.015,97.750,-2.344,-0.1,1.446,-2.344,-3.428,2.3,-1.166,-3.430,-40.656,9.0,-6.641,-40.688,-100.688,1.4,0.006,-100.688,0.000,0.0,0.000,0.000,0.000,0.0,0.000,0.000
0.1340,3.273,-2.2,-2.006,3.275,1.280,-1.0,1.051,1.283,24.625,-11.4,6.477,24.641,97.750,0.0,-0.048,97.750,-2.342,2.5,1.553,-2.344,-3.428,1.9,-1.123,-3.428,-40.656,8.9,-6.652,-40.656,-100.688,-1.3,0.049,-100.688,0.000,0.0,0.000,0.000,0.000,0.0,0.000,0.000
0.1360,3.283,2.1,-1.839,3.273,1.277,-1.0,1.080,1.280,24.609,-7.7,6.398,24.625,97.750,-2.8,-0.036,97.750,-2.350,-1.1,1.554,-2.342,-3.434,-1.2,-1.054,-3.428,-40.625,7.8,-6.590,-40.656,-100.688,-1.4,0.008,-100.688,0.000,0.0,0.000,0.000,0.000,0.0,0.000,0.000
0.1380,3.279,0.3,-1.912,3.283,1.280,1.3,0.995,1.277,24.594,-5.0,6.375,24.609,97.750,-2.2,0.019,97.750,-2.344,2.6,1.599,-2.350,-3.428,1.9,-1.129,-3.434,-40.625,5.0,-6.406,-40.625,-100.688,2.9,0.030,-100.688,0.000,0.0,0.000,0.000,0.000,0.0,0.000,0.000
0.1400,3.273,-3.0,-1.898,3.279,1.280,2.0,0.938,1.280,24.578,-8.7,6.258,24.594,97.750,-0.6,-0.021,97.750,-2.354,-2.1,1.438,-2.344,-3.428,2.9,-1.019,-3.428,-40.594,8.0,-6.430,-40.625,-100.688,-0.1,0.044,-100.688,0.000,0.0,0.000,0.000,0.000,0.0,0.000,0.000
0.1420,3.279,0.1,-1.794,3.273,1.271,-1.8,1.003,1.280,24.562,-9.1,6.531,24.578,97.750,-0.6,-0.031,97.750,-2.359,-4.3,1.539,-2.354,-3.428,3.5,-0.966,-3.428,-40.594,7.2,-6.484,-40.594,-100.688,1.4,0.071,-100.688,0.000,0.0,0.000,0.000,0.000,0.0,0.000,0.000
0.1440,3.279,-0.8,-1.929,3.279,1.274,-0.2,0.940,1.271,24.547,-5.5,6.301,24.562,97.750,0.3,-0.056,97.750,-2.350,1.6,1.698,-2.359,-3.424,4.1,-1.117,-3.428,-40.594,3.3,-6.246,-40.594,-100.688,1.5,0.073,-100.688,0.000,0.0,0.000,0.000,0.000,0.0,0.000,0.000
0.1460,3.289,3.0,-1.894,3.279,1.274,0.2,0.910,1.274,24.516,-11.7,6.363,24.547,97.750,-2.0,-0.037,97.750,-2.344,3.9,1.443,-2.350,-3.430,0.6,-1.097,-3.424,-40.562,2.0,-6.359,-40.594,-100.688,-2.5,0.027,-100.688,0.000,0.0,0.000,0.000,0.000,0.0,0.000,0.000
0.1480,3.285,-0.0,-2.033,3.289,1.271,-0.9,0.930,1.274,24.516,-7.9,6.289,24.516,97.750,1.1,-0.016,97.750,-2.357,-2.1,1.557,-2.344,-3.430,1.3,-0.992,-3.430,-40.562,5.1,-6.285,-40.562,-100.688,-0.4,0.055,-100.688,0.000,0.0,0.000,0.000,0.000,0.0,0.000,0.000
0.1501,3.289,0.3,-1.889,3.285,1.274,0.1,0.895,1.271,24.516,-5.9,6.184,24.516,97.750,0.5,-0.041,97.750,-2.357,-2.1,1.483,-2.357,-3.439,-2.8,-1.027,-3.430,-40.562,5.6,-6.184,-40.562,-100.688,2.7,0.041,-100.688,0.000,0.0,0.000,0.000,0.000,0.0,0.000,0.000
0.1522,3.289,-0.2,-1.904,3.289,1.274,0.5,0.961,1.274,24.516,-3.8,6.094,24.516,97.750,0.6,-0.085,97.750,-2.357,-1.8,1.578,-2.357,-3.430,2.3,-1.060,-3.439,-40.562,-2.0,-6.211,-40.562,-100.688,1.1,0.083,-100.688,0.000,0.0,0.000,0.000,0.000,0.0,0.000,0.000
0.1542,3.291,0.2,-1.988,3.289,1.271,-1.5,0.902,1.274,24.500,-4.3,6.242,24.516,97.750,1.8,-0.075,97.750,-2.350,0.7,1.542,-2.357,-3.443,-2.7,-0.967,-3.430,-40.562,2.7,-6.098,-40.562,-100.688,1.1,0.083,-100.688,0.000,0.0,0.000,0.000,0.000,0.0,0.000,0.000
0.1560,3.301,3.8,-1.906,3.291,1.268,-3.8,0.907,1.271,24.500,-0.8,6.121,24.500,97.750,-1.5,-0.046,97.750,-2.348,2.8,1.573,-2.350,-3.436,0.2,-1.078,-3.443,-40.562,-2.6,-6.227,-40.562,-100.688,0.1,0.038,-100.688,0.000,0.0,0.000,0.000,0.000,0.0,0.000,0.000
0.1580,3.291,-1.3,-1.857,3.301,1.271,-1.1,1.035,1.268,24.500,-1.3,6.102,24.500,97.750,-1.7,-0.035,97.750,-2.350,1.4,1.484,-2.348,-3.436,0.2,-0.976,-3.436,-40.562,0.3,-6.066,-40.562,-100.688,-1.1,0.059,-100.688,0.000,0.0,0.000,0.000,0.000,0.0,0.000,0.000
0.1600,3.311,6.1,-2.080,3.291,1.271,-1.4,0.949,1.271,24.500,1.6,5.969,24.500,97.750,3.9,-0.079,97.750,-2.354,0.9,1.582,-2.350,-3.434,1.0,-1.040,-3.436,-40.562,4.0,-6.102,-40.562,-100.688,-2.1,0.031,-100.688,0.000,0.0,0.000,0.000,0.000,0.0,0.000,0.000
0.1620,3.305,2.0,-1.942,3.311,1.271,-1.4,0.934,1.271,24.500,-2.8,6.031,24.500,97.750,-0.9,-0.020,97.750,-2.357,-1.0,1.514,-2.354,-3.443,-2.8,-1.049,-3.434,-40.562,3.3,-6.062,-40.562,-100.688,-4.8,0.089,-100.688,0.000,0.0,0.000,0.000,0.000,0.0,0.000,0.000
0.1640,3.307,2.2,-2.039,3.305,1.274,-0.9,0.897,1.271,24.516,1.4,5.988,24.500,97.750,4.4,-0.070,97.750,-2.354,1.0,1.498,-2.357,-3.443,-2.5,-1.074,-3.443,-40.562,-2.3,-6.172,-40.562,-100.688,-0.6,0.052,-100.688,0.000,0.0,0.000,0.000,0.000,0.0,0.000,0.000
0.1660,3.307,0.6,-2.117,3.307,1.280,1.2,0.902,1.274,24.516,1.5,5.988,24.516,97.750,-0.6,-0.078,97.750,-2.363,-2.9,1.600,-2.354,-3.443,-2.2,-1.115,-3.443,-40.562,-1.9,-6.000,-40.562,-100.688,-1.9,0.069,-100.688,0.000,0.0,0.000,0.000,0.000,0.0,0.000,0.000
0.1680,3.314,3.4,-1.948,3.307,1.280,1.4,1.010,1.280,24.516,1.6,5.977,24.516,97.750,0.0,-0.027,97.750,-2.359,-1.5,1.474,-2.363,-3.439,-0.3,-1.051,-3.443,-40.562,7.0,-6.074,-40.562,-100.688,1.4,0.072,-100.688,0.000,0.0,0.000,0.000,0.000,0.0,0.000,0.000
0.1700,3.307,0.4,-1.975,3.314,1.274,-2.1,0.905,1.280,24.516,1.7,5.988,24.516,97.750,-1.8,-0.133,97.750,-2.363,-2.6,1.625,-2.359,-3.443,-1.5,-1.031,-3.439,-40.562,-1.2,-6.273,-40.562,-100.688,0.9,0.078,-100.688,0.000,0.0,0.000,0.000,0.000,0.0,0.000,0.000
0.1720,3.301,-2.3,-1.882,3.307,1.283,2.5,1.038,1.274,24.516,3.0,5.945,24.516,97.750,-2.4,-0.070,97.750,-2.354,2.0,1.506,-2.363,-3.436,1.8,-1.013,-3.443,-40.562,-2.0,-6.105,-40.562,-100.688,0.9,0.076,-100.688,0.000,0.0,0.000,0.000,0.000,0.0,0.000,0.000
0.1740,3.311,1.5,-2.025,3.301,1.274,-1.6,1.048,1.283,24.500,-0.1,6.023,24.516,97.750,3.5,-0.136,97.750,-2.354,1.9,1.508,-2.354,-3.439,-0.1,-1.043,-3.436,-40.594,-3.0,-6.113,-40.562,-100.688,2.8,0.100,-100.688,0.000,0.0,0.000,0.000,0.000,0.0,0.000,0.000
0.1762,3.311,1.1,-1.898,3.311,1.280,1.0,1.023,1.274,24.516,2.1,5.961,24.500,97.750,-2.4,-0.072,97.750,-2.357,0.2,1.503,-2.354,-3.449,-5.5,-1.136,-3.439,-40.562,-0.6,-6.078,-40.594,-100.688,-1.9,0.076,-100.688,0.000,0.0,0.000,0.000,0.000,0.0,0.000,0.000
0.1782,3.305,-1.6,-1.806,3.311,1.287,2.9,0.947,1.280,24.516,2.4,6.062,24.516,97.750,-2.8,-0.075,97.750,-2.357,0.6,1.515,-2.357,-3.443,-1.3,-1.032,-3.449,-40.562,-0.7,-6.191,-40.562,-100.688,3.5,0.084,-100.688,0.000,0.0,0.000,0.000,0.000,0.0,0.000,0.000
0.1802,3.301,-2.8,-1.770,3.305,1.277,-1.3,0.996,1.287,24.516,2.1,6.035,24.516,97.750,3.6,-0.081,97.750,-2.350,3.1,1.493,-2.357,-3.430,5.1,-1.081,-3.443,-40.562,1.4,-6.105,-40.562,-100.688,0.7,0.094,-100.688,0.000,0.0,0.000,0.000,0.000,0.0,0.000,0.000
0.1824,3.311,2.3,-1.799,3.301,1.280,0.0,0.989,1.277,24.516,2.7,6.094,24.516,97.750,-0.2,-0.121,97.750,-2.354,2.4,1.607,-2.350,-3.439,0.1,-1.147,-3.430,-40.594,-1.3,-6.129,-40.562,-100.688,-1.5,0.095,-100.688,0.000,0.0,0.000,0.000,0.000,0.0,0.000,0.000
0.1840,3.307,0.4,-2.031,3.311,1.283,0.9,0.891,1.280,24.500,-0.8,5.996,24.516,97.750,-2.4,-0.076,97.750,-2.357,0.9,1.569,-2.354,-3.436,1.1,-1.132,-3.439,-40.562,1.7,-6.207,-40.594,-100.688,-1.6,0.089,-100.688,0.000,0.0,0.000,0.000,0.000,0.0,0.000,0.000
0.1860,3.305,-1.0,-1.862,3.307,1.283,1.5,0.993,1.283,24.516,0.4,6.051,24.500,97.750,-0.9,-0.098,97.750,-2.350,4.5,1.683,-2.357,-3.436,1.2,-1.140,-3.436,-40.594,-1.3,-6.141,-40.562,-100.688,0.4,0.052,-100.688,0.000,0.0,0.000,0.000,0.000,0.0,0.000,0.000
0.1880,3.307,-0.0,-1.816,3.305,1.280,0.1,0.988,1.283,24.500,-0.7,6.023,24.516,97.750,1.1,-0.061,97.750,-2.365,-3.3,1.562,-2.350,-3.445,-2.8,-1.085,-3.436,-40.594,-2.0,-6.129,-40.594,-100.688,-1.4,0.096,-100.688,0.000,0.0,0.000,0.000,0.000,0.0,0.000,0.000
0.1900,3.307,0.2,-1.923,3.307,1.287,3.3,1.058,1.280,24.516,5.6,6.105,24.500,97.750,4.4,-0.091,97.750,-2.357,1.9,1.652,-2.365,-3.436,2.3,-1.052,-3.445,-40.594,0.1,-6.223,-40.594,-100.688,-0.4,0.074,-100.688,0.000,0.0,0.000,0.000,0.000,0.0,0.000,0.000
0.1920,3.305,-1.1,-1.876,3.307,1.283,1.7,1.006,1.287,24.516,4.1,6.062,24.516,97.750,-1.3,-0.079,97.750,-2.359,0.2,1.504,-2.357,-3.443,-1.4,-1.132,-3.436,-40.594,0.2,-6.223,-40.594,-100.688,-0.5,0.065,-100.688,0.000,0.0,0.000,0.000,0.000,0.0,0.000,0.000
0.1940,3.307,0.0,-1.957,3.305,1.280,-0.2,0.937,1.283,24.516,0.1,5.934,24.516,97.750,-1.2,-0.131,97.750,-2.369,-4.5,1.476,-2.359,-3.443,-2.4,-1.149,-3.443,-40.594,-1.0,-6.203,-40.594,-100.688,3.1,0.105,-100.688,0.000,0.0,0.000,0.000,0.000,0.0,0.000,0.000
0.1960,3.299,-3.1,-1.870,3.307,1.283,1.5,0.979,1.280,24.516,1.9,6.082,24.516,97.750,0.0,-0.113,97.750,-2.357,2.0,1.617,-2.369,-3.434,1.2,-1.174,-3.443,-40.562,1.8,-6.230,-40.594,-100.688,-0.8,0.020,-100.688,0.000,0.0,0.000,0.000,0.000,0.0,0.000,0.000
0.1980,3.307,1.7,-1.877,3.299,1.277,-0.5,1.029,1.283,24.500,-0.8,6.090,24.516,97.750,0.3,-0.081,97.750,-2.373,-5.6,1.539,-2.357,-3.439,-1.6,-1.106,-3.434,-40.594,0.5,-6.148,-40.562,-100.688,1.2,0.108,-100.688,0.000,0.0,0.000,0.000,0.000,0.0,0.000,0.000
0.2000,3.305,-0.1,-1.947,3.307,1.274,-1.5,1.032,1.277,24.516,1.6,5.934,24.500,97.750,-1.0,-0.045,97.750,-2.363,-2.5,1.302,-2.373,-3.443,-3.4,-1.154,-3.439,-40.594,0.1,-6.145,-40.594,-100.688,0.3,0.045,-100.688,0.000,0.0,0.000,0.000,0.000,0.0,0.000,0.000
0.2021,3.299,-3.4,-1.985,3.305,1.274,-0.9,1.071,1.274,24.500,-1.1,6.152,24.516,97.750,4.8,-0.081,97.750,-2.357,0.8,1.464,-2.363,-3.436,-0.1,-1.078,-3.443,-40.594,-1.5,-6.227,-40.594,-100.688,2.0,0.079,-100.688,0.000,0.0,0.000,0.000,0.000,0.0,0.000,0.000
0.2044,3.311,3.1,-1.857,3.299,1.274,-1.4,0.941,1.274,24.500,-3.0,6.137,24.500,97.750,3.1,-0.060,97.750,-2.363,-0.8,1.786,-2.357,-3.434,0.5,-1.076,-3.436,-40.562,3.3,-6.113,-40.594,-100.688,0.6,0.113,-100.688,0.000,0.0,0.000,0.000,0.000,0.0,0.000,0.000
0.2065,3.299,-3.1,-1.928,3.311,1.280,2.3,1.083,1.274,24.516,0.8,6.141,24.500,97.750,-1.0,-0.073,97.750,-2.357,2.0,1.643,-2.363,-3.428,2.5,-1.184,-3.434,-40.594,0.1,-6.238,-40.562,-100.688,-3.3,0.105,-100.688,0.000,0.0,0.000,0.000,0.000,0.0,0.000,0.000
0.2086,3.307,1.0,-1.855,3.299,1.280,2.7,1.110,1.280,24.500,-5.7,5.941,24.516,97.750,2.7,-0.159,97.750,-2.379,-8.5,1.687,-2.357,-3.436,-3.0,-1.213,-3.428,-40.594,-1.6,-6.121,-40.594,-100.688,-1.5,0.104,-100.688,0.000,0.0,0.000,0.000,0.000,0.0,0.000,0.000
0.2105,3.307,0.9,-1.956,3.307,1.268,-3.1,1.025,1.280,24.516,4.4,6.188,24.500,97.750,-1.6,-0.099,97.750,-2.357,1.7,1.527,-2.379,-3.434,-1.0,-1.128,-3.436,-40.594,-1.8,-6.184,-40.594,-100.688,2.3,0.141,-100.688,0.000,0.0,0.000,0.000,0.000,0.0,0.000,0.000
0.2120,3.305,-0.6,-1.972,3.307,1.277,2.4,1.063,1.268,24.500,-0.5,6.051,24.516,97.750,2.9,-0.073,97.750,-2.365,-3.1,1.549,-2.357,-3.430,-0.1,-1.153,-3.434,-40.594,-0.2,-6.207,-40.594,-100.688,-0.8,0.077,-100.688,0.000,0.0,0.000,0.000,0.000,0.0,0.000,0.000
0.2140,3.305,-0.6,-1.972,3.305,1.277,2.4,1.063,1.277,24.500,-0.5,6.051,24.500,97.750,2.9,-0.073,97.750,-2.365,-3.1,1.549,-2.365,-3.430,-0.1,-1.153,-3.430,-40.594,-0.2,-6.207,-40.594,-100.688,-0.8,0.077,-100.688,0.000,0.0,0.000,0.000,0.000,0.0,0.000,0.000
0.2160,3.311,2.1,-1.884,3.305,1.277,2.8,1.016,1.277,24.516,2.2,5.969,24.500,97.750,-2.9,-0.081,97.750,-2.354,3.4,1.499,-2.365,-3.430,-0.9,-1.106,-3.430,-40.562,1.7,-6.266,-40.594,-100.688,0.6,0.149,-100.688,0.000,0.0,0.000,0.000,0.000,0.0,0.000,0.000
0.2180,3.301,-2.8,-1.848,3.311,1.265,-2.7,0.962,1.277,24.500,-2.3,6.105,24.516,97.750,0.8,-0.042,97.750,-2.363,-1.7,1.500,-2.354,-3.430,-1.7,-1.218,-3.430,-40.594,0.8,-6.242,-40.562,-100.688,-2.1,0.137,-100.688,0.000,0.0,0.000,0.000,0.000,0.0,0.000,0.000
0.2200,3.301,-2.1,-1.779,3.301,1.268,-0.4,1.094,1.265,24.516,1.0,6.117,24.500,97.750,-0.1,-0.120,97.750,-2.365,-1.9,1.713,-2.363,-3.418,3.4,-1.163,-3.430,-40.594,-2.0,-6.152,-40.594,-100.688,1.5,0.131,-100.688,0.000,0.0,0.000,0.000,0.000,0.0,0.000,0.000
0.2220,3.314,3.2,-1.844,3.301,1.265,-1.8,1.123,1.268,24.516,0.6,6.137,24.516,97.750,0.8,-0.100,97.750,-2.357,1.8,1.434,-2.365,-3.424,0.2,-1.134,-3.418,-40.594,-1.7,-6.133,-40.594,-100.688,1.9,0.154,-100.688,0.000,0.0,0.000,0.000,0.000,0.0,0.000,0.000
0.2240,3.307,0.1,-1.917,3.314,1.271,2.3,1.137,1.265,24.516,3.4,6.117,24.516,97.750,1.6,-0.095,97.750,-2.369,-5.1,1.424,-2.357,-3.420,1.6,-1.102,-3.424,-40.594,-0.0,-6.301,-40.594,-100.688,3.3,0.146,-100.688,0.000,0.0,0.000,0.000,0.000,0.0,0.000,0.000
0.2260,3.311,2.1,-1.893,3.307,1.271,2.6,1.092,1.271,24.500,-0.8,6.098,24.516,97.750,-1.6,-0.130,97.750,-2.359,0.2,1.510,-2.369,-3.424,-0.3,-1.117,-3.420,-40.594,0.4,-6.262,-40.594,-100.688,2.2,0.158,-100.688,0.000,0.0,0.000,0.000,0.000,0.0,0.000,0.000
0.2280,3.301,-2.4,-1.919,3.311,1.259,-2.9,1.011,1.271,24.516,3.6,6.203,24.500,97.750,0.0,-0.140,97.750,-2.357,1.7,1.602,-2.359,-3.412,4.7,-1.259,-3.424,-40.562,2.4,-6.281,-40.594,-100.688,-1.2,0.140,-100.688,0.000,0.0,0.000,0.000,0.000,0.0,0.000,0.000
0.2301,3.305,-1.5,-2.004,3.301,1.268,1.9,0.999,1.259,24.500,-2.0,6.227,24.516,97.750,-5.2,-0.047,97.750,-2.369,-3.3,1.712,-2.357,-3.420,0.2,-1.145,-3.412,-40.594,-1.9,-6.277,-40.562,-100.688,0.5,0.133,-100.688,0.000,0.0,0.000,0.000,0.000,0.0,0.000,0.000
0.2321,3.301,-2.8,-1.919,3.305,1.262,-0.9,1.089,1.268,24.500,-1.5,6.027,24.500,97.750,2.2,-0.176,97.750,-2.359,1.2,1.601,-2.369,-3.418,1.3,-1.119,-3.420,-40.594,1.8,-6.258,-40.594,-100.688,-0.9,0.141,-100.688,0.000,0.0,0.000,0.000,0.000,0.0,0.000,0.000
0.2341,3.311,2.0,-1.924,3.301,1.265,1.1,1.042,1.262,24.516,3.7,6.047,24.500,97.750,3.5,-0.147,97.750,-2.365,-2.8,1.424,-2.359,-3.414,2.7,-1.167,-3.418,-40.594,0.7,-6.234,-40.594,-100.688,-4.3,0.133,-100.688,0.000,0.0,0.000,0.000,0.000,0.0,0.000,0.000
0.2361,3.305,-1.4,-1.913,3.311,1.259,-0.8,1.071,1.265,24.516,-1.1,6.035,24.516,97.750,-0.1,-0.177,97.750,-2.363,-1.5,1.534,-2.365,-3.414,2.1,-1.225,-3.414,-40.594,1.1,-6.105,-40.594,-100.688,1.1,0.174,-100.688,0.000,0.0,0.000,0.000,0.000,0.0,0.000,0.000
0.2380,3.305,-1.1,-1.952,3.305,1.268,3.6,1.050,1.259,24.516,-0.1,6.223,24.516,97.750,-3.1,-0.153,97.750,-2.365,-3.2,1.448,-2.363,-3.424,-2.3,-1.131,-3.414,-40.594,-0.6,-6.262,-40.594,-100.688,-0.4,0.132,-100.688,0.000,0.0,0.000,0.000,0.000,0.0,0.000,0.000
0.2400,3.305,-1.8,-2.039,3.305,1.259,-0.7,1.163,1.268,24.516,-0.3,6.090,24.516,97.750,-1.4,-0.070,97.750,-2.365,-3.3,1.474,-2.365,-3.424,-2.2,-1.115,-3.424,-40.594,1.1,-6.234,-40.594,-100.688,-0.6,0.137,-100.688,0.000,0.0,0.000,0.000,0.000,0.0,0.000,0.000
0.2420,3.311,1.4,-1.919,3.305,1.259,-0.7,1.086,1.259,24.500,-1.7,6.117,24.516,97.750,-1.0,-0.175,97.750,-2.365,-2.6,1.513,-2.365,-3.420,-0.9,-1.186,-3.424,-40.594,1.3,-6.242,-40.594,-100.688,0.6,0.117,-100.688,0.000,0.0,0.000,0.000,0.000,0.0,0.000,0.000
0.2440,3.307,0.5,-1.841,3.311,1.255,-1.7,1.137,1.259,24.516,3.7,6.145,24.500,97.750,-0.8,-0.125,97.750,-2.357,1.7,1.479,-2.365,-3.412,2.6,-1.191,-3.420,-40.594,-0.7,-6.156,-40.594,-100.688,-1.5,0.169,-100.688,0.000,0.0,0.000,0.000,0.000,0.0,0.000,0.000
0.2460,3.307,0.7,-1.883,3.307,1.255,-2.0,0.927,1.255,24.516,-0.3,6.086,24.516,97.750,-0.1,-0.129,97.750,-2.359,0.8,1.581,-2.357,-3.414,0.5,-1.212,-3.412,-40.594,-0.9,-6.164,-40.594,-100.688,0.7,0.162,-100.688,0.000,0.0,0.000,0.000,0.000,0.0,0.000,0.000
0.2480,3.305,-0.8,-1.868,3.307,1.252,-3.1,1.047,1.255,24.516,0.9,6.121,24.516,97.750,5.0,-0.173,97.750,-2.365,-3.0,1.441,-2.359,-3.418,-0.3,-1.114,-3.414,-40.594,3.3,-6.141,-40.594,-100.688,0.5,0.170,-100.688,0.000,0.0,0.000,0.000,0.000,0.0,0.000,0.000
0.2500,3.305,-0.7,-1.894,3.305,1.259,0.3,1.059,1.252,24.516,-0.9,6.074,24.516,97.750,4.3,-0.101,97.750,-2.354,2.5,1.448,-2.365,-3.414,1.7,-1.126,-3.418,-40.594,-1.0,-6.273,-40.594,-100.688,-2.1,0.148,-100.688,0.000,0.0,0.000,0.000,0.000,0.0,0.000,0.000
0.2520,3.307,0.6,-1.915,3.305,1.252,-1.4,1.152,1.259,24.516,2.6,6.270,24.516,97.750,0.7,-0.107,97.750,-2.359,0.0,1.499,-2.354,-3.418,0.0,-1.204,-3.414,-40.594,2.1,-6.219,-40.594,-100.688,-2.1,0.142,-100.688,0.000,0.0,0.000,0.000,0.000,0.0,0.000,0.000
0.2540,3.301,-2.2,-1.870,3.307,1.252,-1.1,1.116,1.252,24.516,1.8,6.152,24.516,97.750,-2.3,-0.159,97.750,-2.365,-2.7,1.602,-2.359,-3.418,-0.2,-1.204,-3.418,-40.594,-0.6,-6.320,-40.594,-100.688,-1.1,0.144,-100.688,0.000,0.0,0.000,0.000,0.000,0.0,0.000,0.000
0.2562,3.305,-0.5,-1.894,3.301,1.249,-3.1,0.990,1.252,24.516,-0.7,6.203,24.516,97.750,0.8,-0.117,97.750,-2.354,3.2,1.586,-2.365,-3.414,1.1,-1.212,-3.418,-40.594,-0.8,-6.312,-40.594,-100.688,1.9,0.179,-100.688,0.000,0.0,0.000,0.000,0.000,0.0,0.000,0.000
0.2583,3.301,-2.3,-1.862,3.305,1.249,-2.5,1.064,1.249,24.500,-1.4,6.098,24.516,97.750,-3.1,-0.131,97.750,-2.363,-1.2,1.595,-2.354,-3.404,6.0,-1.133,-3.414,-40.594,0.6,-6.234,-40.594,-100.688,-1.0,0.150,-100.688,0.000,0.0,0.000,0.000,0.000,0.0,0.000,0.000
0.2603,3.305,-0.7,-2.068,3.301,1.252,-1.4,1.061,1.249,24.500,-1.3,6.133,24.500,97.750,1.2,-0.142,97.750,-2.359,0.1,1.564,-2.363,-3.414,1.4,-1.184,-3.404,-40.594,-0.5,-6.270,-40.594,-100.688,2.1,0.143,-100.688,0.000,0.0,0.000,0.000,0.000,0.0,0.000,0.000
0.2626,3.305,-0.6,-1.854,3.305,1.246,-3.5,1.194,1.252,24.516,-0.6,6.059,24.500,97.750,4.0,-0.130,97.750,-2.357,0.9,1.450,-2.359,-3.414,1.5,-1.154,-3.414,-40.594,-0.1,-6.242,-40.594,-100.688,1.1,0.174,-100.688,0.000,0.0,0.000,0.000,0.000,0.0,0.000,0.000
0.2646,3.305,0.0,-1.834,3.305,1.249,-1.5,1.078,1.246,24.516,1.1,6.168,24.516,97.750,6.8,-0.149,97.750,-2.359,-0.1,1.562,-2.357,-3.418,0.6,-1.088,-3.414,-40.594,-1.8,-6.211,-40.594,-100.688,0.9,0.115,-100.688,0.000,0.0,0.000,0.000,0.000,0.0,0.000,0.000
0.2660,3.305,0.0,-1.794,3.305,1.259,3.1,1.014,1.249,24.516,2.5,6.199,24.516,97.750,0.7,-0.051,97.750,-2.354,2.6,1.467,-2.359,-3.418,-0.9,-1.220,-3.418,-40.594,-0.2,-6.379,-40.594,-100.688,1.5,0.187,-100.688,0.000,0.0,0.000,0.000,0.000,0.0,0.000,0.000
0.2680,3.305,-0.4,-1.939,3.305,1.259,2.3,1.044,1.259,24.500,-2.7,6.121,24.516,97.750,1.9,-0.131,97.750,-2.359,-0.2,1.564,-2.354,-3.414,1.5,-1.131,-3.418,-40.594,0.2,-6.312,-40.594,-100.688,1.5,0.148,-100.688,0.000,0.0,0.000,0.000,0.000,0.0,0.000,0.000
0.2700,3.307,1.2,-2.000,3.305,1.246,-2.9,1.055,1.259,24.516,2.6,6.219,24.500,97.750,1.6,-0.145,97.750,-2.363,0.4,1.678,-2.359,-3.420,-1.1,-1.134,-3.414,-40.594,2.6,-6.441,-40.594,-100.688,1.0,0.140,-100.688,0.000,0.0,0.000,0.000,0.000,0.0,0.000,0.000
0.2720,3.301,-1.7,-1.983,3.307,1.252,0.6,1.027,1.246,24.500,-2.8,6.148,24.516,97.750,4.1,-0.147,97.750,-2.363,-1.7,1.538,-2.363,-3.420,-1.7,-1.182,-3.420,-40.594,-0.4,-6.465,-40.594,-100.688,1.3,0.199,-100.688,0.000,0.0,0.000,0.000,0.000,0.0,0.000,0.000
0.2740,3.301,-1.6,-1.978,3.301,1.246,-2.0,1.035,1.252,24.516,1.3,6.172,24.500,97.750,4.3,-0.171,97.750,-2.357,1.7,1.608,-2.363,-3.424,-2.9,-1.103,-3.420,-40.594,1.6,-6.246,-40.594,-100.688,3.2,0.197,-100.688,0.000,0.0,0.000,0.000,0.000,0.0,0.000,0.000
0.2760,3.305,-0.4,-2.041,3.301,1.252,1.2,1.033,1.246,24.500,-2.5,6.195,24.516,97.750,0.9,-0.139,97.750,-2.359,-0.8,1.480,-2.357,-3.420,-1.5,-1.203,-3.424,-40.594,0.8,-6.285,-40.594,-100.688,-1.2,0.149,-100.688,0.000,0.0,0.000,0.000,0.000,0.0,0.000,0.000
0.2780,3.307,0.5,-2.035,3.305,1.252,1.6,1.116,1.252,24.516,-1.0,6.160,24.500,97.750,1.4,-0.113,97.750,-2.375,-7.5,1.638,-2.359,-3.414,2.5,-1.078,-3.420,-40.594,-3.2,-6.211,-40.594,-100.688,1.4,0.139,-100.688,0.000,0.0,0.000,0.000,0.000,0.0,0.000,0.000
0.2800,3.305,-1.3,-2.031,3.307,1.246,-1.5,1.143,1.252,24.516,-0.7,6.195,24.516,97.750,-1.9,-0.161,97.750,-2.359,0.2,1.533,-2.375,-3.418,0.6,-1.213,-3.414,-40.594,-1.9,-6.359,-40.594,-100.688,-1.1,0.215,-100.688,0.000,0.0,0.000,0.000,0.000,0.0,0.000,0.000
0.2820,3.311,1.6,-2.031,3.305,1.246,-1.7,1.030,1.246,24.516,-1.0,6.191,24.516,97.750,0.3,-0.192,97.750,-2.363,-1.6,1.539,-2.359,-3.420,-0.7,-1.163,-3.418,-40.594,-0.5,-6.426,-40.594,-100.688,0.3,0.195,-100.688,0.000,0.0,0.000,0.000,0.000,0.0,0.000,0.000
0.2842,3.305,-0.8,-1.910,3.311,1.249,0.6,1.143,1.246,24.516,1.9,6.375,24.516,97.750,2.0,-0.189,97.750,-2.359,-0.6,1.486,-2.363,-3.424,-3.1,-1.285,-3.420,-40.594,1.1,-6.324,-40.594,-100.688,2.5,0.190,-100.688,0.000,0.0,0.000,0.000,0.000,0.0,0.000,0.000
0.2861,3.305,-1.2,-1.939,3.305,1.252,1.8,1.144,1.249,24.516,4.2,6.145,24.516,97.750,0.8,-0.154,97.750,-2.357,0.5,1.470,-2.359,-3.420,-1.3,-1.198,-3.424,-40.594,1.0,-6.266,-40.594,-100.688,-3.0,0.242,-100.688,0.000,0.0,0.000,0.000,0.000,0.0,0.000,0.000
0.2882,3.299,-3.8,-1.942,3.305,1.252,1.5,1.084,1.252,24.516,-0.2,6.148,24.516,97.750,-0.9,-0.186,97.750,-2.363,-1.8,1.555,-2.357,-3.414,1.9,-1.164,-3.420,-40.594,0.3,-6.160,-40.594,-100.688,1.6,0.182,-100.688,0.000,0.0,0.000,0.000,0.000,0.0,0.000,0.000
0.2904,3.314,3.4,-1.905,3.299,1.249,0.8,1.122,1.252,24.516,2.1,6.184,24.516,97.750,1.5,-0.190,97.750,-2.354,2.5,1.587,-2.363,-3.418,0.9,-1.131,-3.414,-40.594,1.8,-6.383,-40.594,-100.688,0.7,0.188,-100.688,0.000,0.0,0.000,0.000,0.000,0.0,0.000,0.000
0.2920,3.314,2.4,-1.978,3.314,1.249,1.0,1.145,1.249,24.516,2.1,6.141,24.516,97.750,-0.0,-0.171,97.750,-2.357,1.6,1.619,-2.354,-3.414,2.6,-1.200,-3.418,-40.594,-1.4,-6.223,-40.594,-100.688,-3.6,0.147,-100.688,0.000,0.0,0.000,0.000,0.000,0.0,0.000,0.000
0.2940,3.311,1.5,-1.892,3.314,1.249,0.0,1.018,1.249,24.516,-1.9,6.152,24.516,97.750,-1.3,-0.169,97.750,-2.369,-3.9,1.620,-2.357,-3.420,-1.3,-1.203,-3.414,-40.594,0.8,-6.406,-40.594,-100.688,-2.5,0.183,-100.688,0.000,0.0,0.000,0.000,0.000,0.0,0.000,0.000
0.2960,3.301,-2.9,-2.012,3.311,1.255,2.6,1.103,1.249,24.500,-3.2,6.078,24.516,97.750,-1.5,-0.284,97.750,-2.365,-2.7,1.567,-2.369,-3.424,-1.6,-1.100,-3.420,-40.594,0.4,-6.230,-40.594,-100.688,-0.9,0.184,-100.688,0.000,0.0,0.000,0.000,0.000,0.0,0.000,0.000
0.2980,3.307,-0.3,-1.988,3.301,1.246,-1.1,1.166,1.255,24.516,1.3,6.254,24.500,97.750,0.5,-0.166,97.750,-2.354,2.4,1.436,-2.365,-3.428,-3.8,-1.261,-3.424,-40.594,-0.5,-6.414,-40.594,-100.688,-1.2,0.174,-100.688,0.000,0.0,0.000,0.000,0.000,0.0,0.000,0.000
0.3000,3.305,-1.6,-1.940,3.307,1.246,-0.7,1.182,1.246,24.516,1.6,6.219,24.516,97.750,-0.7,-0.187,97.750,-2.357,1.5,1.626,-2.354,-3.418,0.4,-1.198,-3.428,-40.594,-2.2,-6.328,-40.594,-100.688,-1.0,0.236,-100.688,0.000,0.0,0.000,0.000,0.000,0.0,0.000,0.000
0.3020,3.301,-2.4,-1.940,3.305,1.249,0.4,1.062,1.246,24.516,-1.6,6.285,24.516,97.750,1.1,-0.172,97.750,-2.357,2.1,1.737,-2.357,-3.424,-2.3,-1.163,-3.418,-40.594,1.5,-6.211,-40.594,-100.688,-1.1,0.199,-100.688,0.000,0.0,0.000,0.000,0.000,0.0,0.000,0.000
0.3040,3.316,4.2,-2.084,3.301,1.243,-2.5,1.058,1.249,24.531,6.4,6.332,24.516,97.750,0.9,-0.182,97.750,-2.373,-5.8,1.667,-2.357,-3.418,1.7,-1.184,-3.424,-40.594,0.4,-6.328,-40.594,-100.688,2.2,0.300,-100.688,0.000,0.0,0.000,0.000,0.000,0.0,0.000,0.000
0.3060,3.314,3.0,-1.922,3.316,1.246,-1.6,1.065,1.243,24.516,0.5,6.285,24.531,97.750,0.7,-0.279,97.750,-2.363,-1.1,1.646,-2.373,-3.414,2.8,-1.155,-3.418,-40.594,-4.2,-6.340,-40.594,-100.688,1.2,0.201,-100.688,0.000,0.0,0.000,0.000,0.000,0.0,0.000,0.000
0.3080,3.305,-1.3,-1.937,3.314,1.249,0.0,1.072,1.246,24.516,2.3,6.242,24.516,97.750,-2.1,-0.270,97.750,-2.354,2.7,1.552,-2.363,-3.424,-1.8,-1.167,-3.414,-40.594,3.4,-6.387,-40.594,-100.688,3.6,0.184,-100.688,0.000,0.0,0.000,0.000,0.000,0.0,0.000,0.000
0.3100,3.301,-2.5,-1.905,3.305,1.249,-0.3,1.094,1.249,24.516,-2.5,6.168,24.516,97.750,-0.0,-0.191,97.750,-2.369,-3.6,1.816,-2.354,-3.412,3.7,-1.309,-3.424,-40.594,1.1,-6.402,-40.594,-100.688,1.7,0.221,-100.688,0.000,0.0,0.000,0.000,0.000,0.0,0.000,0.000
0.3120,3.307,0.7,-1.901,3.301,1.252,1.6,1.076,1.249,24.516,2.0,6.355,24.516,97.750,-0.7,-0.251,97.750,-2.357,2.5,1.629,-2.369,-3.424,-1.9,-1.155,-3.412,-40.594,3.2,-6.258,-40.594,-100.688,-2.4,0.199,-100.688,0.000,0.0,0.000,0.000,0.000,0.0,0.000,0.000
0.3141,3.301,-1.7,-1.770,3.307,1.249,0.7,1.224,1.252,24.516,0.5,6.316,24.516,97.750,1.6,-0.188,97.750,-2.359,-0.0,1.583,-2.357,-3.420,0.0,-1.167,-3.424,-40.594,2.6,-6.367,-40.594,-100.625,5.5,0.268,-100.688,0.000,0.0,0.000,0.000,0.000,0.0,0.000,0.000
0.3167,3.305,-0.7,-2.086,3.301,1.236,-5.1,1.158,1.249,24.516,0.1,6.305,24.516,97.750,2.6,-0.269,97.750,-2.363,-1.7,1.522,-2.359,-3.420,0.2,-1.130,-3.420,-40.594,2.6,-6.277,-40.594,-100.688,0.3,0.224,-100.625,0.000,0.0,0.000,0.000,0.000,0.0,0.000,0.000
0.3184,3.307,-0.1,-2.055,3.305,1.252,1.8,1.137,1.236,24.516,2.1,6.191,24.516,97.750,2.5,-0.248,97.750,-2.365,-3.0,1.606,-2.363,-3.418,1.0,-1.259,-3.420,-40.594,-1.4,-6.336,-40.594,-100.688,-1.0,0.205,-100.688,0.000,0.0,0.000,0.000,0.000,0.0,0.000,0.000
0.3200,3.311,1.8,-1.978,3.307,1.249,0.4,1.121,1.252,24.500,-3.4,6.449,24.516,97.750,3.4,-0.213,97.750,-2.357,1.3,1.545,-2.365,-3.414,2.0,-1.253,-3.418,-40.594,3.8,-6.414,-40.594,-100.688,-2.2,0.247,-100.688,0.000,0.0,0.000,0.000,0.000,0.0,0.000,0.000
0.3220,3.305,-0.7,-1.973,3.311,1.249,1.2,1.265,1.249,24.516,-0.6,6.301,24.500,97.750,3.2,-0.224,97.750,-2.357,1.3,1.609,-2.357,-3.424,-2.0,-1.164,-3.414,-40.594,1.2,-6.508,-40.594,-100.688,-4.1,0.250,-100.688,0.000,0.0,0.000,0.000,0.000,0.0,0.000,0.000
0.3240,3.307,1.5,-2.020,3.305,1.246,-0.6,1.075,1.249,24.516,-3.2,6.141,24.516,97.750,0.1,-0.254,97.750,-2.354,2.8,1.669,-2.357,-3.424,-2.1,-1.234,-3.424,-40.594,-5.5,-6.539,-40.594,-100.688,2.6,0.284,-100.688,0.000,0.0,0.000,0.000,0.000,0.0,0.000,0.000
0.3260,3.307,0.8,-2.137,3.307,1.243,-2.2,1.073,1.246,24.516,-0.7,6.301,24.516,97.750,-2.1,-0.284,97.750,-2.359,0.3,1.661,-2.354,-3.420,-0.1,-1.233,-3.424,-40.594,1.3,-6.469,-40.594,-100.688,2.4,0.240,-100.688,0.000,0.0,0.000,0.000,0.000,0.0,0.000,0.000
0.3280,3.307,0.2,-1.969,3.307,1.246,-0.4,1.136,1.243,24.500,-3.9,6.340,24.516,97.750,-2.6,-0.245,97.750,-2.363,-1.9,1.479,-2.359,-3.420,-0.0,-1.136,-3.420,-40.594,0.6,-6.418,-40.594,-100.688,-1.2,0.225,-100.688,0.000,0.0,0.000,0.000,0.000,0.0,0.000,0.000
0.3300,3.305,-1.0,-2.037,3.307,1.243,-1.8,1.107,1.246,24.516,-0.6,6.367,24.500,97.750,2.3,-0.250,97.750,-2.359,-0.1,1.610,-2.363,-3.414,3.6,-1.146,-3.420,-40.594,1.3,-6.328,-40.594,-100.688,1.4,0.237,-100.688,0.000,0.0,0.000,0.000,0.000,0.0,0.000,0.000
0.3320,3.295,-4.5,-1.789,3.305,1.246,-0.7,1.112,1.243,24.516,0.1,6.227,24.516,97.750,-2.5,-0.237,97.750,-2.354,2.5,1.624,-2.359,-3.420,-0.3,-1.350,-3.414,-40.594,-3.7,-6.438,-40.594,-100.688,3.2,0.307,-100.688,0.000,0.0,0.000,0.000,0.000,0.0,0.000,0.000
0.3340,3.307,1.4,-1.865,3.295,1.243,-2.3,1.121,1.246,24.516,1.5,6.219,24.516,97.750,-0.4,-0.261,97.750,-2.357,1.0,1.641,-2.354,-3.414,2.9,-1.264,-3.420,-40.594,-4.9,-6.430,-40.594,-100.688,-0.5,0.216,-100.688,0.000,0.0,0.000,0.000,0.000,0.0,0.000,0.000
0.3360,3.295,-4.7,-2.066,3.307,1.255,4.0,1.193,1.243,24.500,-6.2,6.188,24.516,97.750,3.9,-0.271,97.750,-2.365,-3.0,1.667,-2.357,-3.428,-2.5,-1.144,-3.414,-40.594,2.3,-6.520,-40.594,-100.688,2.8,0.245,-100.688,0.000,0.0,0.000,0.000,0.000,0.0,0.000,0.000
0.3380,3.301,-1.4,-1.983,3.295,1.249,0.8,1.078,1.255,24.516,-1.5,6.312,24.500,97.750,-0.6,-0.201,97.750,-2.357,2.2,1.657,-2.365,-3.418,1.6,-1.268,-3.428,-40.594,-0.6,-6.422,-40.594,-100.688,0.6,0.251,-100.688,0.000,0.0,0.000,0.000,0.000,0.0,0.000,0.000
0.3400,3.305,-0.8,-2.082,3.301,1.249,0.5,1.081,1.249,24.516,2.4,6.309,24.516,97.750,2.8,-0.234,97.750,-2.363,-1.6,1.645,-2.357,-3.414,2.5,-1.325,-3.418,-40.594,1.7,-6.426,-40.594,-100.688,-0.6,0.278,-100.688,0.000,0.0,0.000,0.000,0.000,0.0,0.000,0.000
0.3422,3.314,3.9,-2.059,3.305,1.246,-1.0,1.088,1.249,24.516,-1.0,6.480,24.516,97.750,2.6,-0.278,97.750,-2.365,-3.4,1.481,-2.363,-3.424,-1.5,-1.201,-3.414,-40.594,-0.4,-6.570,-40.594,-100.688,-2.5,0.346,-100.688,0.000,0.0,0.000,0.000,0.000,0.0,0.000,0.000
0.3440,3.307,0.5,-2.008,3.314,1.249,0.5,1.050,1.246,24.516,0.3,6.289,24.516,97.750,0.7,-0.190,97.750,-2.359,-0.3,1.643,-2.365,-3.420,0.2,-1.282,-3.424,-40.594,-2.5,-6.387,-40.594,-100.688,-1.6,0.274,-100.688,0.000,0.0,0.000,0.000,0.000,0.0,0.000,0.000
0.3460,3.307,0.7,-1.960,3.307,1.255,3.5,1.076,1.249,24.516,3.0,6.230,24.516,97.750,-1.4,-0.320,97.750,-2.365,-3.0,1.734,-2.359,-3.420,0.0,-1.282,-3.420,-40.594,-0.9,-6.469,-40.594,-100.688,0.7,0.256,-100.688,0.000,0.0,0.000,0.000,0.000,0.0,0.000,0.000
0.3480,3.305,-0.4,-1.968,3.307,1.249,0.0,1.076,1.255,24.516,1.2,6.441,24.516,97.750,-1.0,-0.217,97.750,-2.363,-3.1,1.603,-2.365,-3.420,-0.5,-1.310,-3.420,-40.594,-2.0,-6.441,-40.594,-100.688,-0.9,0.331,-100.688,0.000,0.0,0.000,0.000,0.000,0.0,0.000,0.000
0.3500,3.299,-3.4,-2.006,3.305,1.252,1.7,1.133,1.249,24.516,2.6,6.336,24.516,97.750,-1.5,-0.202,97.750,-2.357,1.5,1.462,-2.363,-3.418,2.0,-1.147,-3.420,-40.594,-0.1,-6.438,-40.594,-100.625,6.6,0.302,-100.688,0.000,0.0,0.000,0.000,0.000,0.0,0.000,0.000
0.3520,3.307,1.0,-1.937,3.299,1.243,-2.6,1.124,1.252,24.531,3.6,6.379,24.516,97.750,1.1,-0.230,97.750,-2.344,6.4,1.415,-2.357,-3.414,2.2,-1.278,-3.418,-40.594,-0.2,-6.441,-40.594,-100.688,-1.5,0.284,-100.625,0.000,0.0,0.000,0.000,0.000,0.0,0.000,0.000
0.3540,3.311,3.7,-1.959,3.307,1.243,-2.6,1.169,1.243,24.531,4.5,6.477,24.531,97.750,-1.9,-0.301,97.750,-2.365,-3.6,1.652,-2.344,-3.412,3.8,-1.211,-3.414,-40.594,0.3,-6.457,-40.594,-100.688,-1.4,0.330,-100.688,0.000,0.0,0.000,0.000,0.000,0.0,0.000,0.000
0.3560,3.301,-2.2,-1.922,3.311,1.252,1.3,1.140,1.243,24.516,0.2,6.332,24.531,97.750,-1.3,-0.262,97.750,-2.357,0.2,1.541,-2.365,-3.414,1.9,-1.269,-3.412,-40.594,0.6,-6.352,-40.594,-100.688,1.6,0.292,-100.688,0.000,0.0,0.000,0.000,0.000,0.0,0.000,0.000
0.3580,3.316,5.6,-1.959,3.301,1.243,-2.6,1.131,1.252,24.516,-0.6,6.195,24.516,97.750,-2.5,-0.302,97.750,-2.373,-6.9,1.534,-2.357,-3.414,1.9,-1.219,-3.414,-40.594,0.2,-6.508,-40.594,-100.625,5.6,0.329,-100.688,0.000,0.0,0.000,0.000,0.000,0.0,0.000,0.000
0.3600,3.301,-2.4,-1.977,3.316,1.252,1.9,1.194,1.243,24.516,0.9,6.441,24.516,97.750,-2.1,-0.282,97.750,-2.359,-0.9,1.521,-2.373,-3.420,-1.0,-1.274,-3.414,-40.594,-0.5,-6.250,-40.594,-100.688,-1.0,0.372,-100.625,0.000,0.0,0.000,0.000,0.000,0.0,0.000,0.000
0.3620,3.301,-2.8,-2.119,3.301,1.265,8.4,1.268,1.252,24.516,-2.6,6.500,24.516,97.750,1.3,-0.323,97.750,-2.357,1.1,1.688,-2.359,-3.418,0.1,-1.270,-3.420,-40.594,3.2,-6.363,-40.594,-100.688,-4.8,0.273,-100.688,0.000,0.0,0.000,0.000,0.000,0.0,0.000,0.000
0.3642,3.311,2.3,-2.064,3.301,1.255,3.5,1.244,1.265,24.516,-1.6,6.227,24.516,97.688,-3.1,-0.246,97.750,-2.363,-1.9,1.644,-2.357,-3.424,-2.9,-1.316,-3.418,-40.594,0.3,-6.453,-40.594,-100.625,3.8,0.302,-100.688,0.000,0.0,0.000,0.000,0.000,0.0,0.000,0.000
0.3668,3.311,1.6,-2.088,3.311,1.246,-1.3,1.092,1.255,24.516,-2.8,6.305,24.516,97.750,0.1,-0.317,97.688,-2.357,0.5,1.533,-2.363,-3.424,-3.2,-1.305,-3.424,-40.594,-0.2,-6.555,-40.594,-100.625,1.6,0.314,-100.625,0.000,0.0,0.000,0.000,0.000,0.0,0.000,0.000
0.3691,3.307,0.6,-1.917,3.311,1.249,-0.1,1.135,1.246,24.516,-1.2,6.301,24.516,97.750,-1.0,-0.282,97.750,-2.354,2.1,1.582,-2.357,-3.420,-1.5,-1.284,-3.424,-40.594,-1.5,-6.414,-40.594,-100.688,-3.8,0.324,-100.625,0.000,0.0,0.000,0.000,0.000,0.0,0.000,0.000
0.3709,3.301,-1.2,-1.832,3.307,1.255,3.2,1.261,1.249,24.531,1.8,6.430,24.516,97.750,-0.9,-0.338,97.750,-2.357,0.6,1.604,-2.354,-3.414,1.5,-1.271,-3.420,-40.594,-0.5,-6.500,-40.594,-100.625,2.0,0.296,-100.688,0.000,0.0,0.000,0.000,0.000,0.0,0.000,0.000
0.3724,3.307,1.7,-1.998,3.301,1.255,2.4,1.070,1.255,24.516,-1.0,6.500,24.531,97.750,0.8,-0.290,97.750,-2.363,-2.2,1.639,-2.357,-3.420,-1.7,-1.289,-3.414,-40.594,0.0,-6.340,-40.594,-100.625,1.8,0.319,-100.625,0.000,0.0,0.000,0.000,0.000,0.0,0.000,0.000
0.3740,3.307,1.4,-1.980,3.307,1.252,1.5,1.251,1.255,24.516,-5.3,6.473,24.516,97.688,-3.3,-0.322,97.750,-2.357,0.9,1.594,-2.363,-3.414,1.7,-1.260,-3.420,-40.594,-0.1,-6.598,-40.594,-100.625,2.7,0.388,-100.625,0.000,0.0,0.000,0.000,0.000,0.0,0.000,0.000
0.3760,3.307,1.3,-1.980,3.307,1.243,-2.7,1.188,1.252,24.531,3.1,6.426,24.516,97.750,0.6,-0.297,97.688,-2.350,3.6,1.562,-2.357,-3.418,0.0,-1.262,-3.414,-40.594,0.2,-6.539,-40.594,-100.625,3.9,0.344,-100.625,0.000,0.0,0.000,0.000,0.000,0.0,0.000,0.000
0.3780,3.299,-3.3,-1.956,3.307,1.246,-1.5,1.180,1.243,24.516,-1.7,6.422,24.531,97.688,-1.2,-0.358,97.750,-2.363,-2.6,1.577,-2.350,-3.414,0.9,-1.377,-3.418,-40.594,-0.7,-6.531,-40.594,-100.688,-2.3,0.344,-100.625,0.000,0.0,0.000,0.000,0.000,0.0,0.000,0.000
0.3800,3.307,0.9,-1.994,3.299,1.246,-1.5,1.161,1.246,24.531,-0.0,6.402,24.516,97.688,-0.6,-0.290,97.688,-2.365,-3.3,1.688,-2.363,-3.412,2.1,-1.319,-3.414,-40.594,1.6,-6.594,-40.594,-100.625,3.2,0.346,-100.688,0.000,0.0,0.000,0.000,0.000,0.0,0.000,0.000
0.3820,3.307,0.9,-2.139,3.307,1.249,0.2,1.191,1.246,24.531,1.5,6.375,24.531,97.688,-2.4,-0.278,97.688,-2.363,-1.3,1.687,-2.365,-3.414,1.2,-1.314,-3.412,-40.594,3.9,-6.398,-40.594,-100.625,1.1,0.363,-100.625,0.000,0.0,0.000,0.000,0.000,0.0,0.000,0.000
0.3840,3.305,-0.1,-1.913,3.307,1.249,0.4,1.106,1.249,24.516,-2.4,6.398,24.531,97.688,-3.9,-0.378,97.688,-2.354,2.0,1.533,-2.363,-3.412,1.9,-1.368,-3.414,-40.594,-0.4,-6.551,-40.594,-100.625,1.9,0.319,-100.625,0.000,0.0,0.000,0.000,0.000,0.0,0.000,0.000
0.3860,3.305,0.6,-1.976,3.305,1.252,1.5,1.218,1.249,24.531,-0.4,6.484,24.516,97.688,-0.6,-0.303,97.688,-2.359,-0.9,1.570,-2.354,-3.414,1.4,-1.254,-3.412,-40.594,-0.5,-6.633,-40.594,-100.688,-0.7,0.358,-100.625,0.000,0.0,0.000,0.000,0.000,0.0,0.000,0.000
0.3880,3.311,3.8,-1.974,3.305,1.252,0.9,1.149,1.252,24.516,-2.1,6.383,24.531,97.688,-1.6,-0.399,97.688,-2.357,0.1,1.628,-2.359,-3.412,2.9,-1.265,-3.414,-40.594,0.4,-6.445,-40.594,-100.625,0.7,0.369,-100.688,0.000,0.0,0.000,0.000,0.000,0.0,0.000,0.000
0.3900,3.307,2.2,-1.853,3.311,1.246,-1.9,1.209,1.252,24.531,1.3,6.508,24.516,97.688,-1.5,-0.368,97.688,-2.357,-0.1,1.574,-2.357,-3.414,1.1,-1.275,-3.412,-40.594,-1.0,-6.461,-40.594,-100.688,-2.8,0.401,-100.625,0.000,0.0,0.000,0.000,0.000,0.0,0.000,0.000
0.3922,3.311,2.8,-1.911,3.307,1.249,-0.1,1.288,1.246,24.531,1.9,6.371,24.531,97.688,-0.3,-0.271,97.688,-2.357,0.9,1.579,-2.357,-3.414,1.3,-1.268,-3.414,-40.594,0.0,-6.590,-40.594,-100.625,2.9,0.342,-100.688,0.000,0.0,0.000,0.000,0.000,0.0,0.000,0.000
0.3941,3.301,-0.7,-1.823,3.311,1.249,0.1,1.201,1.249,24.531,-0.9,6.441,24.531,97.688,1.4,-0.313,97.688,-2.363,-1.1,1.659,-2.357,-3.420,-2.3,-1.353,-3.414,-40.594,-1.6,-6.590,-40.594,-100.625,2.0,0.315,-100.625,0.000,0.0,0.000,0.000,0.000,0.0,0.000,0.000
0.3963,3.299,-2.7,-2.125,3.301,1.246,-1.4,1.262,1.249,24.531,0.3,6.484,24.531,97.688,-0.3,-0.300,97.688,-2.359,-1.5,1.378,-2.363,-3.420,-1.8,-1.285,-3.420,-40.594,1.1,-6.629,-40.594,-100.625,-0.0,0.370,-100.625,0.000,0.0,0.000,0.000,0.000,0.0,0.000,0.000
0.3981,3.307,2.5,-1.957,3.299,1.255,2.2,1.142,1.246,24.516,-2.5,6.504,24.531,97.688,-2.9,-0.347,97.688,-2.357,0.1,1.636,-2.359,-3.414,0.6,-1.337,-3.420,-40.594,-0.5,-6.527,-40.594,-100.625,3.5,0.410,-100.625,0.000,0.0,0.000,0.000,0.000,0.0,0.000,0.000
0.4000,3.305,0.6,-2.166,3.307,1.249,-1.6,1.143,1.255,24.531,2.3,6.418,24.516,97.688,-0.4,-0.350,97.688,-2.359,-0.8,1.581,-2.357,-3.420,-2.2,-1.300,-3.414,-40.594,2.6,-6.453,-40.594,-100.688,-3.4,0.387,-100.625,0.000,0.0,0.000,0.000,0.000,0.0,0.000,0.000
0.4020,3.311,2.7,-2.109,3.305,1.249,-0.1,1.420,1.249,24.531,-0.4,6.352,24.531,97.688,-1.5,-0.328,97.688,-2.357,0.5,1.584,-2.359,-3.412,2.5,-1.300,-3.420,-40.594,-0.3,-6.543,-40.594,-100.625,0.3,0.375,-100.688,0.000,0.0,0.000,0.000,0.000,0.0,0.000,0.000
0.4040,3.305,0.6,-1.938,3.311,1.252,0.8,1.136,1.249,24.531,-0.8,6.375,24.531,97.688,1.2,-0.309,97.688,-2.363,-2.4,1.638,-2.357,-3.428,-4.1,-1.287,-3.412,-40.594,0.2,-6.562,-40.594,-100.688,-0.9,0.433,-100.625,0.000,0.0,0.000,0.000,0.000,0.0,0.000,0.000
0.4060,3.305,-0.0,-2.012,3.305,1.246,-1.3,1.313,1.252,24.531,-2.4,6.398,24.531,97.688,-2.5,-0.319,97.688,-2.357,1.8,1.652,-2.363,-3.420,-1.3,-1.368,-3.428,-40.594,0.1,-6.590,-40.594,-100.688,-2.4,0.381,-100.688,0.000,0.0,0.000,0.000,0.000,0.0,0.000,0.000
0.4080,3.305,0.8,-1.940,3.305,1.259,4.1,1.140,1.246,24.531,-1.4,6.551,24.531,97.688,-0.5,-0.390,97.688,-2.359,-1.5,1.388,-2.357,-3.420,-0.8,-1.225,-3.420,-40.594,0.5,-6.551,-40.594,-100.688,-1.4,0.323,-100.688,0.000,0.0,0.000,0.000,0.000,0.0,0.000,0.000
0.4100,3.311,4.6,-1.847,3.305,1.255,2.0,1.229,1.259,24.531,-1.4,6.574,24.531,97.688,0.5,-0.337,97.688,-2.354,2.2,1.602,-2.359,-3.408,4.3,-1.282,-3.420,-40.594,-1.6,-6.508,-40.594,-100.625,0.3,0.377,-100.688,0.000,0.0,0.000,0.000,0.000,0.0,0.000,0.000
0.4120,3.301,-1.2,-1.975,3.311,1.252,0.9,1.255,1.255,24.531,-1.2,6.539,24.531,97.688,-2.1,-0.344,97.688,-2.350,3.6,1.599,-2.354,-3.424,-3.2,-1.321,-3.408,-40.594,-1.3,-6.691,-40.594,-100.625,1.2,0.379,-100.625,0.000,0.0,0.000,0.000,0.000,0.0,0.000,0.000
0.4140,3.301,-1.9,-2.029,3.301,1.249,0.0,1.318,1.252,24.531,-2.8,6.539,24.531,97.688,1.7,-0.324,97.688,-2.359,-0.1,1.758,-2.350,-3.418,0.3,-1.312,-3.424,-40.594,0.9,-6.551,-40.594,-100.625,2.1,0.382,-100.625,0.000,0.0,0.000,0.000,0.000,0.0,0.000,0.000
0.4160,3.305,0.7,-1.909,3.301,1.252,1.5,1.225,1.249,24.531,0.1,6.461,24.531,97.688,-0.6,-0.353,97.688,-2.357,1.4,1.528,-2.359,-3.418,0.3,-1.300,-3.418,-40.594,-0.2,-6.570,-40.594,-100.625,0.9,0.413,-100.625,0.000,0.0,0.000,0.000,0.000,0.0,0.000,0.000
0.4190,3.301,-1.2,-1.996,3.305,1.249,-1.8,1.123,1.252,24.531,-2.3,6.641,24.531,97.688,2.1,-0.360,97.688,-2.354,2.5,1.661,-2.357,-3.420,-1.2,-1.323,-3.418,-40.594,2.3,-6.543,-40.594,-100.625,0.2,0.396,-100.625,0.000,0.0,0.000,0.000,0.000,0.0,0.000,0.000
0.4211,3.307,1.6,-1.904,3.301,1.249,-0.4,1.365,1.249,24.531,0.4,6.570,24.531,97.688,3.0,-0.340,97.688,-2.363,-1.5,1.693,-2.354,-3.412,2.7,-1.384,-3.420,-40.594,1.9,-6.574,-40.594,-100.688,-2.3,0.446,-100.625,0.000,0.0,0.000,0.000,0.000,0.0,0.000,0.000
0.4233,3.305,0.4,-2.014,3.307,1.255,2.5,1.262,1.249,24.531,-1.8,6.480,24.531,97.688,-2.3,-0.350,97.688,-2.359,-0.1,1.612,-2.363,-3.424,-3.1,-1.402,-3.412,-40.594,-0.4,-6.578,-40.594,-100.625,0.5,0.469,-100.688,0.000,0.0,0.000,0.000,0.000,0.0,0.000,0.000
0.4249,3.307,2.1,-1.995,3.305,1.239,-4.8,1.293,1.255,24.531,-2.5,6.551,24.531,97.688,0.5,-0.343,97.688,-2.363,-1.4,1.690,-2.359,-3.420,-0.8,-1.347,-3.424,-40.594,0.2,-6.527,-40.594,-100.688,-2.3,0.439,-100.625,0.000,0.0,0.000,0.000,0.000,0.0,0.000,0.000
0.4264,3.307,1.9,-2.092,3.307,1.246,-1.8,1.234,1.239,24.531,-1.2,6.516,24.531,97.688,-3.3,-0.329,97.688,-2.369,-4.1,1.736,-2.363,-3.420,-0.6,-1.340,-3.420,-40.594,-1.3,-6.625,-40.594,-100.625,0.7,0.401,-100.688,0.000,0.0,0.000,0.000,0.000,0.0,0.000,0.000
0.4280,3.299,-2.8,-2.012,3.307,1.252,0.8,1.240,1.246,24.531,2.0,6.477,24.531,97.688,-2.2,-0.342,97.688,-2.357,1.2,1.538,-2.369,-3.418,1.5,-1.243,-3.420,-40.594,4.6,-6.707,-40.594,-100.625,-1.7,0.379,-100.625,0.000,0.0,0.000,0.000,0.000,0.0,0.000,0.000
0.4300,3.301,-2.5,-2.105,3.299,1.259,3.4,1.272,1.252,24.531,2.1,6.672,24.531,97.688,2.3,-0.369,97.688,-2.354,1.8,1.547,-2.357,-3.420,0.0,-1.308,-3.418,-40.594,-0.8,-6.594,-40.594,-100.625,-0.6,0.374,-100.625,0.000,0.0,0.000,0.000,0.000,0.0,0.000,0.000
0.4320,3.295,-4.2,-1.882,3.301,1.246,-2.6,1.159,1.259,24.531,-1.6,6.500,24.531,97.688,-2.0,-0.473,97.688,-2.363,-2.3,1.660,-2.354,-3.418,1.1,-1.362,-3.420,-40.594,-0.5,-6.637,-40.594,-100.625,1.8,0.381,-100.625,0.000,0.0,0.000,0.000,0.000,0.0,0.000,0.000
0.4340,3.307,1.6,-2.029,3.295,1.255,1.9,1.220,1.246,24.531,-2.7,6.629,24.531,97.688,-1.2,-0.409,97.688,-2.357,1.5,1.700,-2.363,-3.424,-2.1,-1.396,-3.418,-40.594,0.7,-6.562,-40.594,-100.625,0.4,0.441,-100.625,0.000,0.0,0.000,0.000,0.000,0.0,0.000,0.000
0.4360,3.299,-2.4,-1.968,3.307,1.249,-1.1,1.218,1.255,24.531,-1.7,6.613,24.531,97.688,-3.1,-0.386,97.688,-2.350,3.9,1.585,-2.357,-3.418,0.4,-1.376,-3.424,-40.594,0.5,-6.578,-40.594,-100.625,-1.0,0.382,-100.625,0.000,0.0,0.000,0.000,0.000,0.0,0.000,0.000
0.4380,3.301,-1.1,-1.962,3.299,1.252,-0.1,1.242,1.249,24.547,2.6,6.508,24.531,97.688,1.4,-0.323,97.688,-2.359,-0.8,1.540,-2.350,-3.412,3.9,-1.299,-3.418,-40.594,-0.2,-6.586,-40.594,-100.688,-4.9,0.375,-100.625,0.000,0.0,0.000,0.000,0.000,0.0,0.000,0.000
0.4400,3.301,-2.2,-2.244,3.301,1.249,-1.1,1.290,1.252,24.547,3.3,6.570,24.547,97.688,2.8,-0.358,97.688,-2.357,1.4,1.775,-2.359,-3.414,1.7,-1.324,-3.412,-40.594,-1.1,-6.816,-40.594,-100.625,1.6,0.457,-100.688,0.000,0.0,0.000,0.000,0.000,0.0,0.000,0.000
0.4420,3.299,-2.8,-1.880,3.301,1.243,-4.6,1.260,1.249,24.547,2.1,6.695,24.547,97.688,1.4,-0.399,97.688,-2.354,2.3,1.496,-2.357,-3.418,1.1,-1.292,-3.414,-40.594,-1.0,-6.609,-40.594,-100.625,-1.6,0.447,-100.625,0.000,0.0,0.000,0.000,0.000,0.0,0.000,0.000
0.4440,3.307,1.9,-2.027,3.299,1.249,-1.0,1.292,1.243,24.531,-2.0,6.777,24.547,97.688,-2.4,-0.413,97.688,-2.359,-0.2,1.660,-2.354,-3.420,-0.3,-1.355,-3.418,-40.594,1.9,-6.652,-40.594,-100.625,2.6,0.443,-100.625,0.000,0.0,0.000,0.000,0.000,0.0,0.000,0.000
0.4460,3.305,0.1,-1.987,3.307,1.255,2.0,1.304,1.249,24.531,-0.9,6.520,24.531,97.688,-3.3,-0.425,97.688,-2.354,2.2,1.673,-2.359,-3.420,-0.1,-1.337,-3.420,-40.594,3.5,-6.508,-40.594,-100.625,-0.5,0.380,-100.625,0.000,0.0,0.000,0.000,0.000,0.0,0.000,0.000
0.4480,3.295,-3.9,-1.922,3.305,1.246,-2.7,1.359,1.255,24.547,3.5,6.574,24.531,97.688,-4.2,-0.391,97.688,-2.359,-1.5,1.607,-2.354,-3.424,-1.6,-1.418,-3.420,-40.594,2.3,-6.609,-40.594,-100.625,0.5,0.452,-100.625,0.000,0.0,0.000,0.000,0.000,0.0,0.000,0.000
0.4500,3.311,2.2,-2.186,3.295,1.246,-2.5,1.226,1.246,24.531,-0.1,6.586,24.547,97.688,-0.3,-0.396,97.688,-2.350,3.5,1.649,-2.359,-3.414,2.4,-1.417,-3.424,-40.594,-0.5,-6.613,-40.594,-100.625,1.8,0.431,-100.625,0.000,0.0,0.000,0.000,0.000,0.0,0.000,0.000
0.4520,3.305,-0.7,-2.012,3.311,1.246,-2.5,1.289,1.246,24.547,1.6,6.699,24.531,97.688,4.8,-0.408,97.688,-2.354,2.7,1.747,-2.350,-3.428,-2.3,-1.278,-3.414,-40.625,-1.9,-6.613,-40.594,-100.625,1.6,0.468,-100.625,0.000,0.0,0.000,0.000,0.000,0.0,0.000,0.000
0.4540,3.307,1.7,-1.997,3.305,1.246,-3.0,1.248,1.246,24.531,-1.7,6.621,24.547,97.688,-1.4,-0.406,97.688,-2.363,-2.9,1.571,-2.354,-3.412,5.6,-1.394,-3.428,-40.625,-3.5,-6.680,-40.625,-100.625,-1.7,0.466,-100.625,0.000,0.0,0.000,0.000,0.000,0.0,0.000,0.000
0.4560,3.307,1.8,-1.975,3.307,1.249,-1.1,1.278,1.246,24.531,-2.2,6.773,24.531,97.688,0.5,-0.505,97.688,-2.357,0.8,1.511,-2.363,-3.420,-0.2,-1.415,-3.412,-40.594,0.2,-6.496,-40.625,-100.625,-1.2,0.474,-100.625,0.000,0.0,0.000,0.000,0.000,0.0,0.000,0.000
0.4580,3.311,2.9,-2.121,3.307,1.252,0.6,1.271,1.249,24.531,-1.1,6.566,24.531,97.625,-2.7,-0.367,97.688,-2.359,-0.1,1.713,-2.357,-3.418,1.9,-1.344,-3.420,-40.625,-1.2,-6.801,-40.594,-100.625,2.0,0.499,-100.625,0.000,0.0,0.000,0.000,0.000,0.0,0.000,0.000
0.4600,3.305,0.1,-2.049,3.311,1.255,2.4,1.354,1.252,24.547,0.3,6.504,24.531,97.625,-1.4,-0.398,97.625,-2.363,-1.8,1.701,-2.359,-3.420,1.1,-1.329,-3.418,-40.625,-1.3,-6.805,-40.625,-100.625,-1.3,0.485,-100.625,0.000,0.0,0.000,0.000,0.000,0.0,0.000,0.000
0.4620,3.305,0.0,-2.109,3.305,1.255,1.3,1.229,1.255,24.547,1.5,6.543,24.547,97.625,-3.8,-0.411,97.625,-2.359,-0.0,1.750,-2.363,-3.424,-0.8,-1.450,-3.420,-40.625,-0.3,-6.551,-40.625,-100.625,1.9,0.508,-100.625,0.000,0.0,0.000,0.000,0.000,0.0,0.000,0.000
0.4640,3.301,-1.7,-2.068,3.305,1.252,0.6,1.311,1.255,24.547,-0.3,6.562,24.547,97.625,-0.1,-0.424,97.625,-2.354,2.3,1.590,-2.359,-3.428,-2.5,-1.393,-3.424,-40.625,0.1,-6.555,-40.625,-100.625,-1.7,0.467,-100.625,0.000,0.0,0.000,0.000,0.000,0.0,0.000,0.000
0.4660,3.307,1.3,-2.029,3.301,1.252,-0.1,1.158,1.252,24.531,-1.4,6.605,24.547,97.625,-3.4,-0.392,97.625,-2.363,-1.6,1.781,-2.354,-3.430,-3.8,-1.439,-3.428,-40.594,2.4,-6.773,-40.625,-100.625,1.0,0.519,-100.625,0.000,0.0,0.000,0.000,0.000,0.0,0.000,0.000
0.4680,3.305,-0.4,-2.051,3.307,1.246,-2.3,1.398,1.252,24.531,-3.5,6.828,24.531,97.625,-2.3,-0.427,97.625,-2.359,-1.1,1.488,-2.363,-3.424,-0.1,-1.342,-3.430,-40.625,-3.1,-6.688,-40.594,-100.625,-0.9,0.506,-100.625,0.000,0.0,0.000,0.000,0.000,0.0,0.000,0.000
0.4703,3.305,-0.1,-2.121,3.305,1.255,1.7,1.370,1.246,24.531,-4.2,6.625,24.531,97.625,-1.3,-0.486,97.625,-2.359,-0.4,1.673,-2.359,-3.414,4.0,-1.387,-3.424,-40.625,-2.1,-6.711,-40.625,-100.625,-2.2,0.448,-100.625,0.000,0.0,0.000,0.000,0.000,0.0,0.000,0.000
0.4723,3.305,0.0,-2.064,3.305,1.252,1.4,1.400,1.255,24.531,-1.2,6.785,24.531,97.625,-0.4,-0.482,97.625,-2.357,0.4,1.559,-2.359,-3.420,1.0,-1.383,-3.414,-40.625,-1.5,-6.703,-40.625,-100.625,3.4,0.465,-100.625,0.000,0.0,0.000,0.000,0.000,0.0,0.000,0.000
0.4743,3.307,1.3,-2.109,3.305,1.249,-0.9,1.287,1.252,24.547,1.1,6.758,24.531,97.625,-1.4,-0.489,97.625,-2.357,0.5,1.678,-2.357,-3.428,-2.1,-1.407,-3.420,-40.625,0.6,-6.727,-40.625,-100.625,0.8,0.445,-100.625,0.000,0.0,0.000,0.000,0.000,0.0,0.000,0.000
0.4764,3.299,-2.4,-2.062,3.307,1.246,-2.4,1.328,1.249,24.547,0.3,6.637,24.547,97.625,-5.2,-0.401,97.625,-2.363,-2.6,1.608,-2.357,-3.424,-0.6,-1.430,-3.428,-40.625,-2.5,-6.949,-40.625,-100.625,2.3,0.543,-100.625,0.000,0.0,0.000,0.000,0.000,0.0,0.000,0.000
0.4781,3.305,0.3,-1.948,3.299,1.249,-0.9,1.362,1.246,24.547,0.9,6.746,24.547,97.625,-3.4,-0.389,97.625,-2.354,2.3,1.673,-2.363,-3.424,-1.1,-1.478,-3.424,-40.594,1.7,-6.750,-40.625,-100.625,4.3,0.526,-100.625,0.000,0.0,0.000,0.000,0.000,0.0,0.000,0.000
0.4800,3.311,2.9,-2.078,3.305,1.239,-5.3,1.319,1.249,24.547,1.3,6.652,24.547,97.625,-0.0,-0.384,97.625,-2.365,-3.6,1.603,-2.354,-3.424,-1.0,-1.427,-3.424,-40.625,-1.9,-6.641,-40.594,-100.625,0.8,0.529,-100.625,0.000,0.0,0.000,0.000,0.000,0.0,0.000,0.000
0.4820,3.307,1.2,-2.051,3.311,1.252,0.5,1.230,1.239,24.531,-3.4,6.652,24.547,97.625,-3.6,-0.381,97.625,-2.359,-1.5,1.562,-2.365,-3.424,-1.0,-1.430,-3.424,-40.625,-0.9,-6.680,-40.625,-100.625,-2.9,0.499,-100.625,0.000,0.0,0.000,0.000,0.000,0.0,0.000,0.000
0.4840,3.299,-2.5,-1.936,3.307,1.246,-2.0,1.446,1.252,24.547,-1.5,6.750,24.531,97.625,2.2,-0.409,97.625,-2.359,-1.1,1.678,-2.359,-3.424,0.2,-1.361,-3.424,-40.625,-2.7,-6.797,-40.625,-100.625,-0.4,0.497,-100.625,0.000,0.0,0.000,0.000,0.000,0.0,0.000,0.000
0.4860,3.307,1.5,-2.051,3.299,1.255,2.4,1.318,1.246,24.547,-1.4,6.773,24.547,97.625,-4.0,-0.502,97.625,-2.357,-0.1,1.495,-2.359,-3.428,-2.2,-1.458,-3.424,-40.625,-0.7,-6.699,-40.625,-100.625,-0.0,0.494,-100.625,0.000,0.0,0.000,0.000,0.000,0.0,0.000,0.000
0.4880,3.307,1.5,-2.266,3.307,1.252,0.5,1.255,1.255,24.547,2.1,6.793,24.547,97.625,-1.1,-0.382,97.625,-2.354,0.6,1.525,-2.357,-3.424,-1.0,-1.545,-3.428,-40.594,5.1,-6.711,-40.625,-100.625,1.9,0.494,-100.625,0.000,0.0,0.000,0.000,0.000,0.0,0.000,0.000
0.4900,3.305,0.6,-1.843,3.307,1.246,-2.4,1.347,1.252,24.547,-2.0,6.805,24.547,97.625,-1.8,-0.474,97.625,-2.359,-2.1,1.666,-2.354,-3.424,-1.1,-1.441,-3.424,-40.625,1.2,-6.582,-40.594,-100.625,1.7,0.463,-100.625,0.000,0.0,0.000,0.000,0.000,0.0,0.000,0.000
0.4920,3.295,-3.4,-1.969,3.305,1.246,-1.9,1.400,1.246,24.547,-0.8,6.500,24.547,97.562,-3.4,-0.339,97.625,-2.357,-0.2,1.697,-2.359,-3.424,-0.7,-1.426,-3.424,-40.625,-2.4,-6.797,-40.625,-100.625,-2.6,0.628,-100.625,0.000,0.0,0.000,0.000,0.000,0.0,0.000,0.000
0.4940,3.311,3.2,-2.100,3.295,1.249,0.2,1.420,1.246,24.547,-0.3,6.684,24.547,97.562,-6.4,-0.411,97.562,-2.363,-2.8,1.654,-2.357,-3.420,0.8,-1.414,-3.424,-40.625,-0.7,-6.750,-40.625,-100.625,2.5,0.526,-100.625,0.000,0.0,0.000,0.000,0.000,0.0,0.000,0.000
0.4960,3.311,3.5,-1.996,3.311,1.246,-1.5,1.290,1.249,24.547,0.8,6.844,24.547,97.562,-1.1,-0.414,97.562,-2.350,2.9,1.611,-2.363,-3.428,-3.0,-1.441,-3.420,-40.625,-1.3,-6.875,-40.625,-100.625,1.9,0.487,-100.625,0.000,0.0,0.000,0.000,0.000,0.0,0.000,0.000
0.4981,3.301,-1.4,-2.178,3.311,1.249,-0.4,1.421,1.246,24.547,0.5,6.730,24.547,97.562,-6.2,-0.446,97.562,-2.363,-1.6,1.565,-2.350,-3.420,0.3,-1.403,-3.428,-40.625,1.0,-6.832,-40.625,-100.625,-1.4,0.528,-100.625,0.000,0.0,0.000,0.000,0.000,0.0,0.000,0.000
0.5002,3.305,-0.1,-2.029,3.301,1.249,-0.1,1.383,1.249,24.547,0.9,6.785,24.547,97.562,-3.0,-0.402,97.562,-2.363,-3.1,1.611,-2.363,-3.414,3.1,-1.456,-3.420,-40.625,4.3,-6.707,-40.625,-100.625,-1.5,0.523,-100.625,0.000,0.0,0.000,0.000,0.000,0.0,0.000,0.000
0.5023,3.301,-1.0,-2.088,3.305,1.246,-2.5,1.257,1.249,24.547,-1.0,6.895,24.547,97.562,-0.1,-0.450,97.562,-2.359,-0.8,1.618,-2.363,-3.420,-0.4,-1.489,-3.414,-40.625,0.3,-6.664,-40.625,-100.625,0.5,0.568,-100.625,0.000,0.0,0.000,0.000,0.000,0.0,0.000,0.000
0.5040,3.299,-1.9,-2.018,3.301,1.252,1.3,1.436,1.246,24.547,-0.2,6.789,24.547,97.562,-1.8,-0.428,97.562,-2.354,1.5,1.617,-2.359,-3.424,-1.9,-1.475,-3.420,-40.625,-0.5,-6.871,-40.625,-100.625,4.9,0.623,-100.625,0.000,0.0,0.000,0.000,0.000,0.0,0.000,0.000
0.5060,3.301,-0.5,-2.027,3.299,1.249,-0.6,1.357,1.252,24.562,3.0,6.738,24.547,97.562,-5.8,-0.361,97.562,-2.344,5.0,1.551,-2.354,-3.420,-0.1,-1.361,-3.424,-40.625,-0.1,-6.852,-40.625,-100.625,1.6,0.499,-100.625,0.000,0.0,0.000,0.000,0.000,0.0,0.000,0.000
0.5080,3.299,-3.2,-2.246,3.301,1.249,-0.4,1.494,1.249,24.547,-0.3,6.953,24.562,97.562,-3.7,-0.475,97.562,-2.363,-3.1,1.758,-2.344,-3.418,1.2,-1.416,-3.420,-40.625,0.1,-6.648,-40.625,-100.625,-0.5,0.459,-100.625,0.000,0.0,0.000,0.000,0.000,0.0,0.000,0.000
0.5100,3.301,-0.5,-1.978,3.299,1.249,-0.8,1.334,1.249,24.562,4.1,6.863,24.547,97.500,-5.7,-0.386,97.562,-2.354,1.7,1.667,-2.363,-3.424,-1.8,-1.468,-3.418,-40.625,-1.1,-6.672,-40.625,-100.625,4.5,0.518,-100.625,0.000,0.0,0.000,0.000,0.000,0.0,0.000,0.000
0.5120,3.291,-4.2,-1.937,3.301,1.252,0.7,1.309,1.249,24.562,-0.4,6.656,24.562,97.500,-4.1,-0.380,97.500,-2.357,0.8,1.758,-2.354,-3.424,-1.9,-1.487,-3.424,-40.625,-0.9,-6.914,-40.625,-100.625,0.0,0.605,-100.625,0.000,0.0,0.000,0.000,0.000,0.0,0.000,0.000
0.5140,3.291,-3.9,-1.965,3.291,1.252,0.6,1.367,1.252,24.562,1.3,6.836,24.562,97.500,-6.2,-0.419,97.500,-2.354,1.9,1.551,-2.357,-3.428,-2.6,-1.402,-3.424,-40.625,0.7,-6.723,-40.625,-100.625,1.1,0.523,-100.625,0.000,0.0,0.000,0.000,0.000,0.0,0.000,0.000
0.5160,3.301,-0.7,-2.221,3.291,1.236,-6.3,1.392,1.252,24.547,-2.9,6.930,24.562,97.500,-5.6,-0.401,97.500,-2.357,0.3,1.538,-2.354,-3.418,1.3,-1.471,-3.428,-40.625,1.5,-6.930,-40.625,-100.625,-0.8,0.514,-100.625,0.000,0.0,0.000,0.000,0.000,0.0,0.000,0.000
0.5180,3.301,-0.4,-1.979,3.301,1.243,-3.3,1.438,1.236,24.562,-2.3,6.824,24.547,97.500,-0.2,-0.404,97.500,-2.359,-1.1,1.530,-2.357,-3.412,4.1,-1.493,-3.418,-40.625,-0.4,-6.809,-40.625,-100.625,-1.2,0.560,-100.625,0.000,0.0,0.000,0.000,0.000,0.0,0.000,0.000
0.5200,3.301,-0.7,-1.995,3.301,1.249,-0.3,1.421,1.243,24.578,4.7,6.887,24.562,97.500,-3.9,-0.363,97.500,-2.359,-1.5,1.707,-2.359,-3.412,4.8,-1.395,-3.412,-40.625,1.7,-6.832,-40.625,-100.625,1.4,0.567,-100.625,0.000,0.0,0.000,0.000,0.000,0.0,0.000,0.000
0.5220,3.307,2.9,-2.045,3.301,1.249,-0.2,1.408,1.249,24.562,-3.2,6.879,24.578,97.500,-2.4,-0.322,97.500,-2.354,1.5,1.600,-2.359,-3.414,3.5,-1.413,-3.412,-40.625,0.4,-6.695,-40.625,-100.625,0.3,0.542,-100.625,0.000,0.0,0.000,0.000,0.000,0.0,0.000,0.000
0.5240,3.307,2.9,-2.045,3.307,1.249,-0.2,1.408,1.249,24.562,-3.2,6.879,24.562,97.500,-2.4,-0.322,97.500,-2.354,1.5,1.600,-2.354,-3.414,3.5,-1.413,-3.414,-40.625,0.4,-6.695,-40.625,-100.625,0.3,0.542,-100.625,0.000,0.0,0.000,0.000,0.000,0.0,0.000,0.000
0.5260,3.299,-1.7,-2.016,3.307,1.252,1.0,1.396,1.249,24.562,2.4,6.801,24.562,97.438,-2.4,-0.306,97.500,-2.357,1.3,1.752,-2.354,-3.428,-3.5,-1.566,-3.414,-40.625,-0.2,-6.953,-40.625,-100.625,2.6,0.583,-100.625,0.000,0.0,0.000,0.000,0.000,0.0,0.000,0.000
0.5281,3.307,2.6,-2.205,3.299,1.246,-2.1,1.364,1.252,24.562,-0.4,6.938,24.562,97.438,-4.3,-0.368,97.438,-2.354,2.4,1.657,-2.357,-3.418,0.5,-1.564,-3.428,-40.625,-0.9,-6.688,-40.625,-100.625,1.3,0.557,-100.625,0.000,0.0,0.000,0.000,0.000,0.0,0.000,0.000
0.5303,3.314,5.3,-2.180,3.307,1.243,-3.7,1.372,1.246,24.562,0.6,6.867,24.562,97.438,-1.7,-0.347,97.438,-2.357,0.1,1.677,-2.354,-3.430,-5.0,-1.523,-3.418,-40.625,-1.6,-6.836,-40.625,-100.625,2.7,0.591,-100.625,0.000,0.0,0.000,0.000,0.000,0.0,0.000,0.000
0.5323,3.305,0.9,-2.092,3.314,1.246,-2.0,1.402,1.243,24.562,-1.8,6.730,24.562,97.438,-6.0,-0.248,97.438,-2.354,1.9,1.687,-2.357,-3.420,0.3,-1.512,-3.430,-40.625,-0.3,-6.641,-40.625,-100.625,3.4,0.581,-100.625,0.000,0.0,0.000,0.000,0.000,0.0,0.000,0.000
0.5342,3.295,-2.3,-2.051,3.305,1.252,1.3,1.504,1.246,24.562,-1.0,6.922,24.562,97.438,-5.5,-0.327,97.438,-2.357,0.0,1.750,-2.354,-3.418,1.6,-1.520,-3.420,-40.625,4.0,-6.789,-40.625,-100.625,0.1,0.529,-100.625,0.000,0.0,0.000,0.000,0.000,0.0,0.000,0.000
0.5360,3.305,0.7,-2.258,3.295,1.252,1.5,1.532,1.252,24.578,3.1,6.941,24.562,97.438,-5.3,-0.404,97.438,-2.359,-1.3,1.571,-2.357,-3.420,0.1,-1.519,-3.418,-40.625,1.7,-6.758,-40.625,-100.625,1.5,0.583,-100.625,0.000,0.0,0.000,0.000,0.000,0.0,0.000,0.000
0.5380,3.301,-0.7,-2.105,3.305,1.252,1.6,1.474,1.252,24.578,2.9,6.926,24.578,97.375,-6.4,-0.356,97.438,-2.354,1.8,1.695,-2.359,-3.418,1.7,-1.461,-3.420,-40.625,-0.7,-6.770,-40.625,-100.625,3.1,0.622,-100.625,0.000,0.0,0.000,0.000,0.000,0.0,0.000,0.000
0.5400,3.305,0.6,-2.188,3.301,1.252,2.2,1.513,1.252,24.562,-0.3,6.855,24.578,97.375,-6.1,-0.349,97.375,-2.359,-1.7,1.588,-2.354,-3.424,-1.6,-1.495,-3.418,-40.656,-4.1,-6.863,-40.625,-100.625,0.1,0.657,-100.625,0.000,0.0,0.000,0.000,0.000,0.0,0.000,0.000
0.5420,3.291,-4.4,-2.125,3.305,1.252,0.7,1.398,1.252,24.562,-0.6,6.992,24.562,97.375,-9.5,-0.370,97.375,-2.357,-0.2,1.656,-2.359,-3.430,-4.1,-1.400,-3.424,-40.625,-0.1,-6.805,-40.656,-100.625,-0.2,0.551,-100.625,0.000,0.0,0.000,0.000,0.000,0.0,0.000,0.000
0.5440,3.301,-0.0,-2.088,3.291,1.249,-0.6,1.528,1.252,24.578,1.6,6.973,24.562,97.375,-8.7,-0.397,97.375,-2.354,1.3,1.645,-2.357,-3.418,1.6,-1.494,-3.430,-40.625,0.3,-6.777,-40.625,-100.625,2.1,0.574,-100.625,0.000,0.0,0.000,0.000,0.000,0.0,0.000,0.000
0.5460,3.299,-1.7,-2.191,3.301,1.255,2.0,1.508,1.249,24.578,-0.5,6.961,24.578,97.375,-7.0,-0.427,97.375,-2.359,-0.8,1.633,-2.354,-3.420,0.3,-1.501,-3.418,-40.656,-2.3,-6.871,-40.625,-100.625,-1.7,0.556,-100.625,0.000,0.0,0.000,0.000,0.000,0.0,0.000,0.000
0.5480,3.299,-1.4,-2.025,3.299,1.252,1.0,1.515,1.255,24.578,-1.3,6.988,24.578,97.312,-5.8,-0.316,97.375,-2.363,-2.6,1.617,-2.359,-3.418,1.3,-1.482,-3.420,-40.625,1.8,-6.961,-40.656,-100.625,1.3,0.605,-100.625,0.000,0.0,0.000,0.000,0.000,0.0,0.000,0.000
0.5500,3.307,3.1,-2.010,3.299,1.249,-0.5,1.437,1.252,24.578,3.1,7.020,24.578,97.312,-6.2,-0.337,97.312,-2.357,-0.2,1.465,-2.363,-3.418,0.9,-1.421,-3.418,-40.656,-2.0,-6.824,-40.625,-100.625,1.3,0.664,-100.625,0.000,0.0,0.000,0.000,0.000,0.0,0.000,0.000
0.5520,3.301,-0.2,-2.117,3.307,1.255,1.5,1.443,1.249,24.578,1.7,6.957,24.578,97.312,-7.3,-0.343,97.312,-2.354,1.2,1.572,-2.357,-3.428,-3.5,-1.488,-3.418,-40.656,-2.7,-6.879,-40.656,-100.625,-2.5,0.597,-100.625,0.000,0.0,0.000,0.000,0.000,0.0,0.000,0.000
0.5540,3.305,1.4,-2.072,3.301,1.249,-1.1,1.546,1.255,24.594,6.3,7.043,24.578,97.312,-7.2,-0.318,97.312,-2.359,-3.3,1.568,-2.354,-3.420,-0.3,-1.497,-3.428,-40.656,0.7,-6.770,-40.656,-100.625,2.2,0.636,-100.625,0.000,0.0,0.000,0.000,0.000,0.0,0.000,0.000
0.5561,3.295,-3.1,-2.328,3.305,1.249,-1.0,1.513,1.249,24.594,1.0,7.039,24.594,97.312,-5.9,-0.270,97.312,-2.357,0.9,1.739,-2.359,-3.418,1.4,-1.461,-3.420,-40.656,-0.1,-6.871,-40.656,-100.625,0.5,0.701,-100.625,0.000,0.0,0.000,0.000,0.000,0.0,0.000,0.000
0.5582,3.301,0.4,-2.141,3.295,1.249,0.2,1.565,1.249,24.594,0.2,7.027,24.594,97.250,-9.4,-0.237,97.312,-2.359,-0.3,1.688,-2.357,-3.424,-1.5,-1.522,-3.418,-40.656,3.6,-6.859,-40.656,-100.625,2.0,0.576,-100.625,0.000,0.0,0.000,0.000,0.000,0.0,0.000,0.000
0.5604,3.307,3.3,-2.162,3.301,1.252,1.1,1.488,1.249,24.594,1.2,7.027,24.594,97.250,-5.8,-0.310,97.250,-2.365,-3.2,1.666,-2.359,-3.420,0.1,-1.521,-3.424,-40.656,0.5,-6.781,-40.656,-100.625,-2.4,0.637,-100.625,0.000,0.0,0.000,0.000,0.000,0.0,0.000,0.000
0.5626,3.301,-0.9,-2.234,3.307,1.265,6.6,1.508,1.252,24.594,-1.2,7.012,24.594,97.250,-4.2,-0.374,97.250,-2.350,3.8,1.637,-2.365,-3.418,1.6,-1.460,-3.420,-40.656,-1.1,-6.637,-40.656,-100.562,5.7,0.559,-100.625,0.000,0.0,0.000,0.000,0.000,0.0,0.000,0.000
0.5640,3.299,-1.5,-2.199,3.301,1.252,-0.1,1.480,1.265,24.594,-2.0,7.098,24.594,97.250,-7.9,-0.286,97.250,-2.357,0.1,1.541,-2.350,-3.420,-0.2,-1.470,-3.418,-40.656,2.5,-6.758,-40.656,-100.625,-0.5,0.612,-100.562,0.000,0.0,0.000,0.000,0.000,0.0,0.000,0.000
0.5660,3.291,-3.3,-1.952,3.299,1.249,-1.1,1.551,1.252,24.594,-0.4,6.945,24.594,97.188,-6.7,-0.253,97.250,-2.354,1.2,1.628,-2.357,-3.420,0.1,-1.467,-3.420,-40.656,-0.5,-6.859,-40.656,-100.625,1.6,0.603,-100.625,0.000,0.0,0.000,0.000,0.000,0.0,0.000,0.000
0.5680,3.301,1.3,-2.180,3.291,1.255,1.2,1.414,1.249,24.609,8.3,7.121,24.594,97.188,-5.9,-0.341,97.188,-2.350,3.3,1.752,-2.354,-3.424,-1.2,-1.487,-3.420,-40.656,0.3,-6.805,-40.656,-100.625,2.3,0.549,-100.625,0.000,0.0,0.000,0.000,0.000,0.0,0.000,0.000
0.5700,3.301,0.4,-2.295,3.301,1.252,0.3,1.640,1.255,24.594,-0.7,6.957,24.609,97.188,-3.5,-0.319,97.188,-2.359,-0.8,1.756,-2.350,-3.420,0.5,-1.577,-3.424,-40.656,2.2,-6.840,-40.656,-100.625,-1.6,0.625,-100.625,0.000,0.0,0.000,0.000,0.000,0.0,0.000,0.000
0.5720,3.295,-3.3,-2.193,3.301,1.259,2.9,1.487,1.252,24.609,1.1,7.043,24.594,97.188,-8.8,-0.325,97.188,-2.354,2.5,1.699,-2.359,-3.428,-1.7,-1.457,-3.420,-40.656,-1.3,-6.812,-40.656,-100.625,-0.0,0.626,-100.625,0.000,0.0,0.000,0.000,0.000,0.0,0.000,0.000
0.5740,3.295,-3.4,-2.139,3.295,1.252,0.2,1.600,1.259,24.609,2.6,6.945,24.609,97.188,-6.8,-0.275,97.188,-2.363,-1.8,1.644,-2.354,-3.428,-1.5,-1.489,-3.428,-40.656,0.5,-6.953,-40.656,-100.625,1.7,0.789,-100.625,0.000,0.0,0.000,0.000,0.000,0.0,0.000,0.000
0.5760,3.307,3.1,-2.049,3.295,1.255,1.6,1.553,1.252,24.609,0.3,7.035,24.609,97.125,-7.0,-0.332,97.188,-2.350,3.5,1.518,-2.363,-3.424,0.7,-1.371,-3.428,-40.656,0.8,-6.887,-40.656,-100.625,-2.1,0.615,-100.625,0.000,0.0,0.000,0.000,0.000,0.0,0.000,0.000
0.5780,3.295,-3.0,-2.127,3.307,1.252,-0.5,1.466,1.255,24.609,-1.8,6.906,24.609,97.125,-7.1,-0.304,97.125,-2.354,1.3,1.536,-2.350,-3.430,-3.2,-1.542,-3.424,-40.656,5.0,-6.812,-40.656,-100.562,2.4,0.593,-100.625,0.000,0.0,0.000,0.000,0.000,0.0,0.000,0.000
0.5801,3.307,3.1,-2.059,3.295,1.246,-4.2,1.532,1.252,24.609,2.1,7.047,24.609,97.125,-7.7,-0.344,97.125,-2.363,-3.0,1.656,-2.354,-3.424,0.3,-1.487,-3.430,-40.656,1.3,-6.906,-40.656,-100.562,3.7,0.679,-100.562,0.000,0.0,0.000,0.000,0.000,0.0,0.000,0.000
0.5822,3.299,-1.2,-1.986,3.307,1.252,-1.1,1.588,1.246,24.609,-0.6,7.023,24.609,97.125,-8.5,-0.290,97.125,-2.357,-0.1,1.582,-2.363,-3.420,1.3,-1.576,-3.424,-40.656,-2.9,-6.953,-40.656,-100.625,-1.8,0.649,-100.562,0.000,0.0,0.000,0.000,0.000,0.0,0.000,0.000
0.5843,3.299,-2.6,-2.320,3.299,1.259,2.1,1.599,1.252,24.609,-1.3,7.172,24.609,97.062,-5.3,-0.343,97.125,-2.354,1.7,1.650,-2.357,-3.428,-1.3,-1.460,-3.420,-40.656,-3.3,-6.887,-40.656,-100.625,-1.1,0.607,-100.625,0.000,0.0,0.000,0.000,0.000,0.0,0.000,0.000
0.5861,3.291,-3.1,-1.806,3.299,1.243,-5.4,1.602,1.259,24.609,1.7,7.113,24.609,97.062,-2.8,-0.403,97.062,-2.365,-4.5,1.674,-2.354,-3.428,-1.0,-1.461,-3.428,-40.656,-3.2,-6.879,-40.656,-100.562,1.6,0.625,-100.625,0.000,0.0,0.000,0.000,0.000,0.0,0.000,0.000
0.5880,3.314,6.3,-2.244,3.291,1.252,-1.4,1.472,1.243,24.625,2.7,7.141,24.609,97.062,-5.7,-0.359,97.062,-2.363,-2.2,1.850,-2.365,-3.430,-2.4,-1.527,-3.428,-40.656,-0.7,-6.910,-40.656,-100.562,2.3,0.664,-100.562,0.000,0.0,0.000,0.000,0.000,0.0,0.000,0.000
0.5900,3.301,0.3,-2.137,3.314,1.249,-3.3,1.455,1.252,24.609,0.1,7.059,24.625,97.062,-4.8,-0.364,97.062,-2.357,-0.2,1.606,-2.363,-3.420,2.0,-1.553,-3.430,-40.656,1.0,-6.840,-40.656,-100.562,0.4,0.673,-100.562,0.000,0.0,0.000,0.000,0.000,0.0,0.000,0.000
0.5920,3.301,0.1,-2.209,3.301,1.259,1.1,1.561,1.249,24.625,1.3,6.996,24.609,97.062,-2.7,-0.320,97.062,-2.354,1.0,1.599,-2.357,-3.424,0.6,-1.573,-3.420,-40.656,1.4,-6.867,-40.656,-100.562,-0.1,0.688,-100.562,0.000,0.0,0.000,0.000,0.000,0.0,0.000,0.000
0.5940,3.295,-2.9,-2.242,3.301,1.259,1.0,1.419,1.259,24.609,-0.4,6.926,24.625,97.062,-5.9,-0.216,97.062,-2.359,-1.8,1.732,-2.354,-3.428,-0.3,-1.601,-3.424,-40.656,-0.3,-7.102,-40.656,-100.562,-2.3,0.735,-100.562,0.000,0.0,0.000,0.000,0.000,0.0,0.000,0.000
0.5960,3.305,1.4,-2.107,3.295,1.252,-3.0,1.439,1.259,24.609,-0.5,7.051,24.609,97.000,-5.2,-0.288,97.062,-2.350,3.2,1.804,-2.359,-3.430,-1.0,-1.576,-3.428,-40.656,0.5,-7.000,-40.656,-100.562,-1.9,0.707,-100.562,0.000,0.0,0.000,0.000,0.000,0.0,0.000,0.000
0.5980,3.305,1.6,-2.053,3.305,1.259,1.5,1.603,1.252,24.625,1.2,7.074,24.609,97.000,-3.1,-0.346,97.000,-2.354,1.1,1.640,-2.350,-3.428,0.6,-1.531,-3.430,-40.656,-1.5,-6.836,-40.656,-100.562,1.7,0.667,-100.562,0.000,0.0,0.000,0.000,0.000,0.0,0.000,0.000
0.6000,3.295,-2.0,-1.934,3.305,1.252,-1.9,1.619,1.259,24.625,3.8,7.074,24.625,97.000,-3.7,-0.324,97.000,-2.350,2.2,1.628,-2.354,-3.436,-3.4,-1.556,-3.428,-40.656,-1.1,-6.832,-40.656,-100.562,1.3,0.676,-100.562,0.000,0.0,0.000,0.000,0.000,0.0,0.000,0.000
0.6020,3.305,2.0,-2.213,3.295,1.255,-0.8,1.519,1.252,24.625,0.3,7.086,24.625,97.000,-5.1,-0.362,97.000,-2.350,2.2,1.701,-2.350,-3.434,-2.0,-1.607,-3.436,-40.688,-2.0,-6.984,-40.656,-100.562,1.3,0.681,-100.562,0.000,0.0,0.000,0.000,0.000,0.0,0.000,0.000
0.6040,3.305,1.9,-2.145,3.305,1.262,1.7,1.531,1.255,24.609,-1.1,7.137,24.625,97.000,-5.7,-0.317,97.000,-2.363,-3.7,1.709,-2.350,-3.434,-1.6,-1.514,-3.434,-40.656,1.3,-6.789,-40.688,-100.562,-0.4,0.693,-100.562,0.000,0.0,0.000,0.000,0.000,0.0,0.000,0.000
0.6060,3.301,-0.7,-2.150,3.305,1.259,-0.7,1.512,1.262,24.625,0.4,7.012,24.609,97.000,-5.0,-0.317,97.000,-2.359,-1.9,1.645,-2.363,-3.430,0.1,-1.609,-3.434,-40.688,-1.1,-7.102,-40.656,-100.562,1.3,0.735,-100.562,0.000,0.0,0.000,0.000,0.000,0.0,0.000,0.000
0.6082,3.291,-4.5,-2.029,3.301,1.271,5.5,1.572,1.259,24.609,-1.4,7.047,24.625,97.000,0.0,-0.357,97.000,-2.369,-6.0,1.697,-2.359,-3.430,-0.4,-1.646,-3.430,-40.688,-3.4,-7.078,-40.688,-100.562,0.7,0.729,-100.562,0.000,0.0,0.000,0.000,0.000,0.0,0.000,0.000
0.6102,3.299,-1.4,-2.096,3.291,1.262,0.5,1.521,1.271,24.625,-0.3,7.043,24.609,97.000,-1.4,-0.328,97.000,-2.357,-0.1,1.642,-2.369,-3.436,-3.2,-1.642,-3.430,-40.688,-1.2,-6.977,-40.688,-100.562,0.2,0.704,-100.562,0.000,0.0,0.000,0.000,0.000,0.0,0.000,0.000
0.6125,3.305,1.4,-2.023,3.299,1.265,2.1,1.463,1.262,24.609,-1.4,7.188,24.625,97.000,-2.9,-0.340,97.000,-2.354,1.1,1.671,-2.357,-3.430,0.8,-1.525,-3.436,-40.688,-3.1,-6.934,-40.688,-100.562,0.7,0.724,-100.562,0.000,0.0,0.000,0.000,0.000,0.0,0.000,0.000
0.6142,3.295,-3.3,-2.217,3.305,1.255,-2.1,1.613,1.265,24.625,1.2,7.090,24.609,96.938,-5.5,-0.411,97.000,-2.357,-0.1,1.675,-2.354,-3.430,0.6,-1.622,-3.430,-40.688,-0.6,-6.965,-40.688,-100.562,1.4,0.685,-100.562,0.000,0.0,0.000,0.000,0.000,0.0,0.000,0.000
0.6160,3.295,-3.8,-2.125,3.295,1.262,1.2,1.532,1.255,24.625,0.0,7.090,24.625,96.938,-8.7,-0.354,96.938,-2.357,0.6,1.867,-2.357,-3.428,1.9,-1.735,-3.430,-40.688,-0.1,-7.121,-40.688,-100.562,1.3,0.780,-100.562,0.000,0.0,0.000,0.000,0.000,0.0,0.000,0.000
0.6180,3.295,-3.3,-2.078,3.295,1.259,-0.8,1.393,1.262,24.625,-1.2,6.891,24.625,96.938,-5.3,-0.317,96.938,-2.357,-0.7,1.606,-2.357,-3.430,0.8,-1.663,-3.428,-40.688,-3.2,-7.359,-40.688,-100.562,1.1,0.781,-100.562,0.000,0.0,0.000,0.000,0.000,0.0,0.000,0.000
0.6200,3.299,-1.5,-2.182,3.295,1.265,2.2,1.406,1.259,24.625,1.3,7.008,24.625,96.938,0.4,-0.225,96.938,-2.357,-0.2,1.702,-2.357,-3.434,-0.1,-1.607,-3.430,-40.688,1.1,-7.168,-40.688,-100.562,9.8,0.812,-100.562,0.000,0.0,0.000,0.000,0.000,0.0,0.000,0.000
0.6220,3.301,0.2,-1.991,3.299,1.259,0.4,1.633,1.265,24.625,-0.6,7.117,24.625,96.938,-1.1,-0.352,96.938,-2.359,-1.7,1.723,-2.357,-3.439,-2.6,-1.616,-3.434,-40.688,1.4,-6.949,-40.688,-100.562,2.1,0.761,-100.562,0.000,0.0,0.000,0.000,0.000,0.0,0.000,0.000
0.6240,3.291,-4.5,-2.117,3.301,1.271,4.8,1.457,1.259,24.625,2.9,7.219,24.625,96.938,-4.7,-0.402,96.938,-2.354,0.2,1.474,-2.359,-3.439,-1.4,-1.568,-3.439,-40.688,-1.9,-7.027,-40.688,-100.562,2.9,0.722,-100.562,0.000,0.0,0.000,0.000,0.000,0.0,0.000,0.000
0.6260,3.311,4.3,-2.113,3.291,1.265,2.1,1.579,1.271,24.625,4.2,6.965,24.625,96.938,-2.9,-0.305,96.938,-2.363,-3.5,1.773,-2.354,-3.443,-3.4,-1.699,-3.439,-40.688,-2.3,-7.090,-40.688,-100.562,4.3,0.779,-100.562,0.000,0.0,0.000,0.000,0.000,0.0,0.000,0.000
0.6280,3.307,2.6,-2.094,3.311,1.259,-0.2,1.598,1.265,24.625,1.3,6.777,24.625,96.938,-4.9,-0.210,96.938,-2.363,-3.9,1.742,-2.363,-3.439,-3.2,-1.906,-3.443,-40.688,-2.5,-7.488,-40.688,-100.500,7.8,0.906,-100.562,0.000,0.0,0.000,0.000,0.000,0.0,0.000,0.000
0.6300,3.305,1.3,-2.146,3.307,1.277,7.8,1.364,1.259,24.625,2.7,7.074,24.625,96.938,-2.3,-0.338,96.938,-2.357,-0.9,1.580,-2.363,-3.439,-1.4,-1.613,-3.439,-40.688,-1.2,-7.008,-40.688,-100.500,3.2,0.762,-100.500,0.000,0.0,0.000,0.000,0.000,0.0,0.000,0.000
0.6320,3.305,0.3,-2.260,3.305,1.262,-0.3,1.504,1.277,24.625,-3.0,7.215,24.625,96.938,-0.1,-0.415,96.938,-2.350,1.9,1.678,-2.357,-3.439,-2.0,-1.752,-3.439,-40.688,1.5,-7.051,-40.688,-100.500,5.7,0.829,-100.500,0.000,0.0,0.000,0.000,0.000,0.0,0.000,0.000
0.6341,3.305,0.7,-2.104,3.305,1.262,0.5,1.538,1.262,24.625,0.7,7.168,24.625,96.938,0.8,-0.401,96.938,-2.357,-0.5,1.693,-2.350,-3.424,6.0,-1.678,-3.439,-40.688,-0.4,-7.141,-40.688,-100.500,4.8,0.813,-100.500,0.000,0.0,0.000,0.000,0.000,0.0,0.000,0.000
0.6360,3.299,-2.3,-2.143,3.305,1.265,2.6,1.465,1.262,24.625,1.6,7.008,24.625,96.875,-3.1,-0.342,96.938,-2.357,-0.4,1.759,-2.357,-3.436,-0.2,-1.760,-3.424,-40.719,-1.4,-7.297,-40.688,-100.500,1.5,0.891,-100.500,0.000,0.0,0.000,0.000,0.000,0.0,0.000,0.000
0.6380,3.299,-1.7,-2.180,3.299,1.259,-0.8,1.396,1.265,24.625,-0.2,7.008,24.625,96.875,-1.6,-0.364,96.875,-2.354,0.8,1.761,-2.357,-3.443,-2.9,-1.679,-3.436,-40.719,-3.0,-7.305,-40.719,-100.500,4.2,0.791,-100.500,0.000,0.0,0.000,0.000,0.000,0.0,0.000,0.000
0.6400,3.299,-1.2,-2.209,3.299,1.265,2.0,1.422,1.259,24.641,3.3,6.984,24.625,96.875,0.4,-0.370,96.875,-2.350,1.7,1.771,-2.354,-3.439,-1.4,-1.824,-3.443,-40.719,-4.7,-7.109,-40.719,-100.500,7.2,0.733,-100.500,0.000,0.0,0.000,0.000,0.000,0.0,0.000,0.000
0.6420,3.291,-5.1,-2.203,3.299,1.262,0.2,1.450,1.265,24.641,2.7,6.934,24.641,96.875,-4.2,-0.314,96.875,-2.354,0.1,1.695,-2.350,-3.430,3.2,-1.850,-3.439,-40.719,-2.1,-7.266,-40.719,-100.500,-0.4,0.721,-100.500,0.000,0.0,0.000,0.000,0.000,0.0,0.000,0.000
0.6440,3.299,-1.1,-2.000,3.291,1.259,-0.9,1.518,1.262,24.641,3.2,6.996,24.641,96.875,1.1,-0.328,96.875,-2.354,0.2,1.696,-2.354,-3.428,1.2,-1.747,-3.430,-40.719,-5.8,-7.055,-40.719,-100.438,10.2,0.735,-100.500,0.000,0.0,0.000,0.000,0.000,0.0,0.000,0.000
0.6460,3.305,0.8,-2.184,3.299,1.265,2.7,1.634,1.259,24.641,1.8,7.148,24.641,96.875,-3.0,-0.348,96.875,-2.350,1.1,1.727,-2.354,-3.434,1.8,-1.790,-3.428,-40.719,3.0,-7.191,-40.719,-100.438,9.6,0.713,-100.438,0.000,0.0,0.000,0.000,0.000,0.0,0.000,0.000
0.6480,3.299,-1.4,-1.923,3.305,1.262,1.2,1.484,1.265,24.625,0.0,6.914,24.641,96.875,-3.5,-0.336,96.875,-2.357,-2.1,1.732,-2.350,-3.443,-2.4,-1.769,-3.434,-40.719,3.5,-7.422,-40.719,-100.438,5.4,0.777,-100.438,0.000,0.0,0.000,0.000,0.000,0.0,0.000,0.000
0.6500,3.305,1.9,-2.016,3.299,1.249,-4.7,1.537,1.262,24.625,-0.1,7.215,24.625,96.875,-1.2,-0.430,96.875,-2.359,-3.5,1.651,-2.357,-3.430,4.1,-1.677,-3.443,-40.719,-4.0,-6.848,-40.719,-100.438,6.5,0.623,-100.438,0.000,0.0,0.000,0.000,0.000,0.0,0.000,0.000
0.6520,3.299,-1.4,-2.107,3.305,1.262,0.7,1.419,1.249,24.641,3.9,6.766,24.625,96.875,-2.1,-0.285,96.875,-2.354,0.5,1.884,-2.359,-3.443,-2.3,-1.944,-3.430,-40.719,-0.2,-7.527,-40.719,-100.438,2.9,0.839,-100.438,0.000,0.0,0.000,0.000,0.000,0.0,0.000,0.000
0.6540,3.307,3.0,-1.980,3.299,1.265,2.4,1.490,1.262,24.641,0.3,6.980,24.641,96.875,-3.7,-0.339,96.875,-2.350,2.3,1.765,-2.354,-3.443,-1.5,-1.788,-3.443,-40.750,-7.5,-7.125,-40.719,-100.375,8.5,0.741,-100.438,0.000,0.0,0.000,0.000,0.000,0.0,0.000,0.000
0.6560,3.305,1.9,-1.902,3.307,1.265,2.3,1.550,1.265,24.641,-0.1,7.137,24.641,96.875,0.8,-0.454,96.875,-2.354,-0.5,1.536,-2.350,-3.443,-1.6,-1.722,-3.443,-40.750,-2.3,-7.094,-40.750,-100.375,7.1,0.552,-100.375,0.000,0.0,0.000,0.000,0.000,0.0,0.000,0.000
0.6580,3.301,-0.5,-2.123,3.305,1.262,0.9,1.435,1.265,24.625,-2.2,6.836,24.641,96.875,-2.8,-0.277,96.875,-2.344,4.0,1.778,-2.354,-3.445,-2.5,-1.854,-3.443,-40.750,-0.2,-7.363,-40.750,-100.375,7.6,0.758,-100.375,0.000,0.0,0.000,0.000,0.000,0.0,0.000,0.000
0.6601,3.299,-2.4,-2.078,3.301,1.262,1.6,1.604,1.262,24.641,1.9,7.125,24.625,96.875,0.6,-0.426,96.875,-2.359,-2.8,1.853,-2.344,-3.445,-2.7,-1.704,-3.445,-40.750,1.1,-7.113,-40.750,-100.375,8.5,0.592,-100.375,0.000,0.0,0.000,0.000,0.000,0.0,0.000,0.000
0.6622,3.295,-3.8,-2.154,3.299,1.262,0.7,1.384,1.262,24.641,2.4,6.895,24.641,96.812,-0.8,-0.290,96.875,-2.350,1.8,1.882,-2.359,-3.439,0.0,-1.874,-3.445,-40.750,2.4,-7.449,-40.750,-100.375,9.2,0.726,-100.375,0.000,0.0,0.000,0.000,0.000,0.0,0.000,0.000
0.6641,3.301,0.7,-1.996,3.295,1.268,2.9,1.358,1.262,24.656,4.4,6.871,24.641,96.812,-4.0,-0.251,96.812,-2.365,-7.0,1.615,-2.350,-3.439,-0.6,-1.938,-3.439,-40.750,-3.5,-7.246,-40.750,-100.312,8.1,0.677,-100.375,0.000,0.0,0.000,0.000,0.000,0.0,0.000,0.000
0.6663,3.305,2.8,-1.993,3.301,1.265,1.8,1.462,1.268,24.641,0.4,7.008,24.656,96.812,-0.2,-0.349,96.812,-2.365,-5.9,1.894,-2.365,-3.443,-2.6,-1.987,-3.439,-40.750,-2.9,-7.371,-40.750,-100.312,10.7,0.644,-100.312,0.000,0.0,0.000,0.000,0.000,0.0,0.000,0.000
0.6680,3.307,3.0,-2.100,3.305,1.262,0.8,1.600,1.265,24.656,1.9,7.043,24.641,96.812,-3.6,-0.351,96.812,-2.357,-2.3,1.695,-2.365,-3.439,0.7,-1.738,-3.443,-40.750,-3.7,-7.215,-40.750,-100.312,8.7,0.619,-100.312,0.000,0.0,0.000,0.000,0.000,0.0,0.000,0.000
0.6700,3.305,1.2,-2.113,3.307,1.259,-0.2,1.475,1.262,24.656,5.3,7.113,24.656,96.812,-2.8,-0.295,96.812,-2.357,-1.0,1.929,-2.357,-3.439,0.6,-1.831,-3.439,-40.750,3.9,-7.359,-40.750,-100.250,8.5,0.591,-100.312,0.000,0.0,0.000,0.000,0.000,0.0,0.000,0.000
0.6720,3.299,-1.8,-2.176,3.305,1.259,-0.2,1.408,1.259,24.656,4.0,6.988,24.656,96.812,0.1,-0.382,96.812,-2.354,-0.9,1.684,-2.357,-3.439,0.8,-1.818,-3.439,-40.781,-8.2,-7.441,-40.750,-100.250,12.2,0.564,-100.250,0.000,0.0,0.000,0.000,0.000,0.0,0.000,0.000
0.6740,3.301,-0.4,-2.139,3.299,1.274,7.2,1.377,1.259,24.656,-0.8,6.848,24.656,96.812,-5.3,-0.207,96.812,-2.354,-0.4,1.919,-2.354,-3.445,-2.7,-2.041,-3.439,-40.781,-4.3,-7.559,-40.781,-100.250,9.6,0.654,-100.250,0.000,0.0,0.000,0.000,0.000,0.0,0.000,0.000
0.6760,3.305,1.3,-2.002,3.301,1.265,2.3,1.415,1.274,24.656,0.1,6.996,24.656,96.812,-6.2,-0.272,96.812,-2.359,-2.8,1.787,-2.354,-3.436,1.5,-1.946,-3.445,-40.781,-3.3,-7.328,-40.781,-100.188,12.8,0.572,-100.250,0.000,0.0,0.000,0.000,0.000,0.0,0.000,0.000
0.6780,3.305,0.8,-2.125,3.305,1.262,0.3,1.490,1.265,24.672,4.3,7.148,24.656,96.750,-4.6,-0.342,96.812,-2.354,0.3,1.647,-2.359,-3.439,0.7,-1.733,-3.436,-40.781,-3.7,-7.102,-40.781,-100.188,15.8,0.309,-100.188,0.000,0.0,0.000,0.000,0.000,0.0,0.000,0.000
0.6800,3.295,-3.5,-2.016,3.305,1.268,3.1,1.333,1.262,24.672,3.1,6.793,24.672,96.750,-6.0,-0.139,96.750,-2.354,-0.8,1.765,-2.354,-3.436,2.3,-2.074,-3.439,-40.781,2.9,-7.699,-40.781,-100.125,13.8,0.540,-100.188,0.000,0.0,0.000,0.000,0.000,0.0,0.000,0.000
0.6820,3.307,3.5,-1.986,3.295,1.265,2.5,1.537,1.268,24.656,0.0,6.938,24.672,96.750,-6.6,-0.189,96.750,-2.344,2.9,1.713,-2.354,-3.439,1.7,-1.833,-3.436,-40.812,-5.4,-7.363,-40.781,-100.125,10.9,0.442,-100.125,0.000,0.0,0.000,0.000,0.000,0.0,0.000,0.000
0.6840,3.307,2.5,-2.062,3.307,1.262,0.5,1.505,1.265,24.656,-2.6,6.957,24.656,96.750,-1.7,-0.251,96.750,-2.354,-0.6,2.066,-2.344,-3.439,1.0,-1.979,-3.439,-40.812,-5.2,-7.297,-40.812,-100.062,17.5,0.500,-100.125,0.000,0.0,0.000,0.000,0.000,0.0,0.000,0.000
0.6860,3.305,0.7,-2.127,3.307,1.262,1.8,1.544,1.262,24.672,3.3,6.863,24.656,96.750,-5.0,-0.207,96.750,-2.357,-2.0,1.812,-2.354,-3.445,-2.3,-2.084,-3.439,-40.812,-3.8,-7.422,-40.812,-100.062,16.2,0.431,-100.062,0.000,0.0,0.000,0.000,0.000,0.0,0.000,0.000
0.6880,3.301,-0.3,-1.950,3.305,1.271,6.0,1.405,1.262,24.688,4.6,6.871,24.672,96.750,-5.7,-0.259,96.750,-2.354,-1.3,1.705,-2.357,-3.439,1.4,-1.918,-3.445,-40.812,-1.8,-7.418,-40.812,-100.000,18.4,0.442,-100.062,0.000,0.0,0.000,0.000,0.000,0.0,0.000,0.000
0.6901,3.311,3.6,-2.201,3.301,1.262,1.0,1.461,1.271,24.672,0.0,6.914,24.688,96.688,-6.9,-0.182,96.750,-2.354,-1.7,1.628,-2.354,-3.445,-0.9,-1.874,-3.439,-40.812,-2.4,-7.473,-40.812,-100.000,16.7,0.416,-100.000,0.000,0.0,0.000,0.000,0.000,0.0,0.000,0.000
0.6920,3.295,-3.6,-1.914,3.311,1.259,-0.0,1.409,1.262,24.672,1.2,6.715,24.672,96.688,-8.3,-0.072,96.688,-2.354,-1.2,1.877,-2.354,-3.449,-1.1,-1.985,-3.445,-40.812,-4.2,-7.770,-40.812,-99.938,16.1,0.483,-100.000,0.000,0.0,0.000,0.000,0.000,0.0,0.000,0.000
0.6941,3.299,-1.5,-2.033,3.295,1.255,-0.9,1.317,1.259,24.672,-1.8,6.781,24.672,96.688,-5.5,-0.119,96.688,-2.344,3.9,1.855,-2.354,-3.439,2.8,-2.098,-3.449,-40.812,-1.5,-7.617,-40.812,-99.938,13.3,0.490,-99.938,0.000,0.0,0.000,0.000,0.000,0.0,0.000,0.000
0.6960,3.305,1.3,-2.023,3.299,1.255,-1.7,1.422,1.255,24.688,2.6,6.941,24.672,96.688,-5.8,-0.181,96.688,-2.357,-3.3,1.765,-2.344,-3.439,2.5,-2.016,-3.439,-40.844,-4.2,-7.426,-40.812,-99.875,14.2,0.434,-99.938,0.000,0.0,0.000,0.000,0.000,0.0,0.000,0.000
0.6980,3.305,1.5,-2.037,3.305,1.255,-1.2,1.528,1.255,24.688,1.7,6.953,24.688,96.625,-5.8,-0.208,96.688,-2.354,-1.7,1.722,-2.357,-3.449,-1.1,-1.960,-3.439,-40.844,2.1,-7.352,-40.844,-99.875,17.2,0.389,-99.875,0.000,0.0,0.000,0.000,0.000,0.0,0.000,0.000
0.7000,3.299,-2.0,-2.209,3.305,1.262,1.5,1.513,1.255,24.688,-0.8,6.871,24.688,96.625,-7.9,-0.195,96.625,-2.348,1.5,1.810,-2.354,-3.451,-3.1,-1.979,-3.449,-40.844,-2.9,-7.402,-40.844,-99.875,11.6,0.432,-99.875,0.000,0.0,0.000,0.000,0.000,0.0,0.000,0.000
0.7020,3.301,-0.3,-2.002,3.299,1.268,3.8,1.500,1.262,24.703,9.2,6.945,24.688,96.625,-5.1,-0.192,96.625,-2.350,-1.4,1.649,-2.348,-3.443,1.7,-2.066,-3.451,-40.844,-6.6,-7.348,-40.844,-99.812,9.9,0.355,-99.875,0.000,0.0,0.000,0.000,0.000,0.0,0.000,0.000
0.7040,3.299,-2.0,-2.207,3.301,1.255,-2.2,1.503,1.268,24.688,0.9,7.090,24.703,96.625,-10.1,-0.155,96.625,-2.354,-2.5,1.870,-2.350,-3.449,-1.7,-1.998,-3.443,-40.844,-0.2,-7.344,-40.844,-99.812,13.8,0.438,-99.812,0.000,0.0,0.000,0.000,0.000,0.0,0.000,0.000
0.7060,3.305,1.8,-1.850,3.299,1.262,0.5,1.515,1.255,24.703,4.5,6.883,24.688,96.625,-5.0,-0.169,96.625,-2.357,-3.4,1.842,-2.354,-3.445,-0.1,-1.943,-3.449,-40.875,-4.0,-7.500,-40.844,-99.750,9.8,0.424,-99.812,0.000,0.0,0.000,0.000,0.000,0.0,0.000,0.000
0.7080,3.307,3.0,-2.021,3.305,1.259,-0.6,1.424,1.262,24.703,3.2,7.137,24.703,96.562,-10.0,-0.151,96.625,-2.354,-0.5,1.936,-2.357,-3.455,-3.3,-1.852,-3.445,-40.875,-2.1,-7.426,-40.875,-99.750,9.1,0.487,-99.750,0.000,0.0,0.000,0.000,0.000,0.0,0.000,0.000
0.7100,3.301,-0.5,-2.252,3.307,1.259,-0.1,1.511,1.259,24.703,3.0,7.137,24.703,96.562,-6.2,-0.256,96.562,-2.357,-2.4,1.761,-2.354,-3.445,1.3,-1.831,-3.455,-40.844,2.5,-7.230,-40.875,-99.750,7.7,0.386,-99.750,0.000,0.0,0.000,0.000,0.000,0.0,0.000,0.000
0.7120,3.301,0.3,-2.051,3.301,1.265,2.9,1.579,1.259,24.719,6.4,7.016,24.703,96.562,-7.6,-0.211,96.562,-2.344,3.2,1.607,-2.357,-3.449,-0.6,-1.879,-3.445,-40.844,1.6,-7.316,-40.844,-99.688,10.5,0.431,-99.750,0.000,0.0,0.000,0.000,0.000,0.0,0.000,0.000
0.7144,3.311,4.1,-2.299,3.301,1.259,-0.5,1.590,1.265,24.719,6.2,6.980,24.719,96.500,-11.4,-0.164,96.562,-2.354,-1.0,1.785,-2.344,-3.455,-3.3,-1.937,-3.449,-40.875,-2.4,-7.363,-40.844,-99.688,12.2,0.458,-99.688,0.000,0.0,0.000,0.000,0.000,0.0,0.000,0.000
0.7164,3.301,0.5,-1.953,3.311,1.265,2.3,1.600,1.259,24.719,2.6,7.051,24.719,96.500,-10.8,-0.259,96.500,-2.350,1.1,1.903,-2.354,-3.451,-1.6,-1.862,-3.455,-40.875,-0.7,-7.277,-40.875,-99.688,3.4,0.434,-99.688,0.000,0.0,0.000,0.000,0.000,0.0,0.000,0.000
0.7186,3.301,1.7,-2.123,3.301,1.255,-2.1,1.758,1.265,24.719,1.3,7.082,24.719,96.500,-7.9,-0.281,96.500,-2.350,-0.1,1.725,-2.350,-3.449,1.2,-1.642,-3.451,-40.875,-2.9,-7.141,-40.875,-99.688,7.9,0.293,-99.688,0.000,0.0,0.000,0.000,0.000,0.0,0.000,0.000
0.7206,3.301,1.4,-2.141,3.301,1.255,-2.9,1.673,1.255,24.734,1.7,7.098,24.719,96.500,-5.9,-0.276,96.500,-2.354,-1.0,1.813,-2.350,-3.445,2.1,-1.747,-3.449,-40.844,2.7,-7.168,-40.875,-99.625,11.1,0.360,-99.688,0.000,0.0,0.000,0.000,0.000,0.0,0.000,0.000
0.7225,3.299,0.0,-2.152,3.301,1.265,1.3,1.815,1.255,24.750,4.3,7.234,24.734,96.438,-8.6,-0.305,96.500,-2.354,-1.0,1.800,-2.354,-3.449,0.2,-1.754,-3.445,-40.875,1.5,-7.133,-40.844,-99.625,4.7,0.362,-99.625,0.000,0.0,0.000,0.000,0.000,0.0,0.000,0.000
0.7240,3.295,-1.1,-2.127,3.299,1.268,3.4,1.837,1.265,24.766,6.4,7.223,24.750,96.438,-7.2,-0.374,96.438,-2.348,1.9,1.698,-2.354,-3.445,1.2,-1.821,-3.449,-40.875,-6.1,-7.090,-40.875,-99.625,9.2,0.346,-99.625,0.000,0.0,0.000,0.000,0.000,0.0,0.000,0.000
0.7260,3.299,-0.5,-2.479,3.295,1.259,-2.3,1.779,1.268,24.766,3.5,7.102,24.766,96.438,-11.3,-0.304,96.438,-2.348,3.2,1.909,-2.348,-3.451,-2.0,-1.665,-3.445,-40.875,-1.0,-7.234,-40.875,-99.625,3.8,0.298,-99.625,0.000,0.0,0.000,0.000,0.000,0.0,0.000,0.000
0.7280,3.289,-3.6,-1.961,3.299,1.265,0.2,1.582,1.259,24.781,9.4,6.996,24.766,96.438,-11.8,-0.208,96.438,-2.354,-0.0,1.685,-2.348,-3.455,-3.1,-1.673,-3.451,-40.875,0.3,-7.277,-40.875,-99.562,6.5,0.417,-99.625,0.000,0.0,0.000,0.000,0.000,0.0,0.000,0.000
0.7300,3.299,0.6,-2.365,3.289,1.265,-0.4,1.700,1.265,24.797,7.0,7.207,24.781,96.375,-4.6,-0.182,96.438,-2.354,0.9,1.821,-2.354,-3.455,-3.6,-1.794,-3.455,-40.875,-1.9,-7.043,-40.875,-99.562,4.5,0.369,-99.562,0.000,0.0,0.000,0.000,0.000,0.0,0.000,0.000
0.7320,3.291,-2.2,-2.092,3.299,1.268,0.9,1.880,1.265,24.797,2.2,6.961,24.797,96.375,-11.9,-0.232,96.375,-2.357,-0.7,1.800,-2.354,-3.455,-3.0,-1.762,-3.455,-40.875,-5.4,-7.227,-40.875,-99.562,3.8,0.482,-99.562,0.000,0.0,0.000,0.000,0.000,0.0,0.000,0.000
0.7340,3.289,-3.7,-2.105,3.291,1.268,1.8,1.979,1.268,24.812,4.9,7.324,24.797,96.375,-10.3,-0.381,96.375,-2.348,2.9,1.512,-2.357,-3.439,4.3,-1.688,-3.455,-40.875,0.0,-6.914,-40.875,-99.562,2.8,0.335,-99.562,0.000,0.0,0.000,0.000,0.000,0.0,0.000,0.000
0.7360,3.291,-3.2,-2.438,3.289,1.271,2.6,1.816,1.268,24.812,5.5,7.484,24.812,96.375,-9.7,-0.473,96.375,-2.344,3.8,1.521,-2.348,-3.461,-5.3,-1.521,-3.439,-40.875,-1.7,-6.902,-40.875,-99.562,5.1,0.276,-99.562,0.000,0.0,0.000,0.000,0.000,0.0,0.000,0.000
0.7380,3.305,3.1,-2.174,3.291,1.255,-5.2,1.835,1.271,24.828,5.1,7.148,24.812,96.312,-10.1,-0.280,96.375,-2.354,-0.4,1.768,-2.344,-3.445,2.4,-1.775,-3.461,-40.875,-0.8,-7.008,-40.875,-99.562,2.8,0.428,-99.562,0.000,0.0,0.000,0.000,0.000,0.0,0.000,0.000
0.7402,3.291,-2.9,-2.268,3.305,1.271,1.6,1.725,1.255,24.828,0.7,7.250,24.828,96.312,-7.1,-0.296,96.312,-2.354,-0.5,1.675,-2.354,-3.443,3.4,-1.760,-3.445,-40.875,-1.2,-7.145,-40.875,-99.562,3.0,0.479,-99.562,0.000,0.0,0.000,0.000,0.000,0.0,0.000,0.000
0.7424,3.295,-1.6,-2.213,3.291,1.268,1.0,1.892,1.271,24.828,0.7,7.273,24.828,96.312,-6.6,-0.341,96.312,-2.357,-1.3,1.636,-2.354,-3.449,0.8,-1.688,-3.443,-40.875,-2.6,-7.090,-40.875,-99.562,0.5,0.390,-99.562,0.000,0.0,0.000,0.000,0.000,0.0,0.000,0.000
0.7444,3.305,2.8,-2.195,3.295,1.271,1.4,1.916,1.268,24.844,2.2,7.379,24.828,96.250,-10.9,-0.372,96.312,-2.357,-0.4,1.605,-2.357,-3.449,0.9,-1.726,-3.449,-40.875,-4.4,-7.145,-40.875,-99.500,5.0,0.412,-99.562,0.000,0.0,0.000,0.000,0.000,0.0,0.000,0.000
0.7463,3.305,2.1,-2.240,3.305,1.271,0.5,1.822,1.271,24.844,2.2,7.363,24.844,96.250,-6.3,-0.345,96.250,-2.354,0.3,1.666,-2.357,-3.449,1.6,-1.641,-3.449,-40.875,-4.7,-6.984,-40.875,-99.500,4.1,0.413,-99.500,0.000,0.0,0.000,0.000,0.000,0.0,0.000,0.000
0.7480,3.301,2.0,-2.145,3.305,1.265,-1.9,2.000,1.271,24.859,3.5,7.059,24.844,96.250,-9.0,-0.282,96.250,-2.357,-0.7,1.772,-2.354,-3.451,1.1,-1.570,-3.449,-40.875,-1.8,-7.059,-40.875,-99.500,5.7,0.433,-99.500,0.000,0.0,0.000,0.000,0.000,0.0,0.000,0.000
0.7500,3.301,1.1,-2.381,3.301,1.265,-2.3,1.845,1.265,24.859,2.1,7.188,24.859,96.250,-7.9,-0.170,96.250,-2.363,-3.1,1.815,-2.357,-3.455,0.5,-1.696,-3.451,-40.875,-1.9,-6.988,-40.875,-99.500,1.5,0.458,-99.500,0.000,0.0,0.000,0.000,0.000,0.0,0.000,0.000
0.7520,3.299,-0.7,-2.201,3.301,1.274,2.2,1.766,1.265,24.859,-1.5,7.223,24.859,96.188,-8.5,-0.284,96.250,-2.354,1.1,1.759,-2.363,-3.451,1.8,-1.804,-3.455,-40.875,-1.2,-7.207,-40.875,-99.500,2.0,0.492,-99.500,0.000,0.0,0.000,0.000,0.000,0.0,0.000,0.000
0.7540,3.295,-3.0,-2.336,3.299,1.268,-0.3,1.698,1.274,24.859,-1.2,7.238,24.859,96.188,-11.2,-0.227,96.188,-2.357,-0.4,1.767,-2.354,-3.467,-4.9,-1.798,-3.451,-40.875,0.5,-7.129,-40.875,-99.500,-0.3,0.532,-99.500,0.000,0.0,0.000,0.000,0.000,0.0,0.000,0.000
0.7560,3.314,7.1,-2.131,3.295,1.262,-3.6,1.781,1.268,24.859,-1.6,7.438,24.859,96.188,-10.9,-0.287,96.188,-2.344,4.2,1.646,-2.357,-3.461,-1.2,-1.761,-3.467,-40.875,-2.0,-7.047,-40.875,-99.500,5.8,0.487,-99.500,0.000,0.0,0.000,0.000,0.000,0.0,0.000,0.000
0.7580,3.295,-1.6,-2.270,3.314,1.265,-1.7,1.821,1.262,24.875,2.0,7.355,24.859,96.188,-6.0,-0.211,96.188,-2.354,-0.6,1.768,-2.344,-3.459,1.7,-1.647,-3.461,-40.906,-3.0,-6.988,-40.875,-99.500,2.4,0.434,-99.500,0.000,0.0,0.000,0.000,0.000,0.0,0.000,0.000
0.7600,3.305,2.0,-2.369,3.295,1.259,-4.6,1.806,1.265,24.875,1.7,7.406,24.875,96.125,-6.1,-0.184,96.188,-2.348,2.4,1.703,-2.354,-3.471,-2.9,-1.627,-3.459,-40.906,-0.7,-6.961,-40.906,-99.500,4.5,0.482,-99.500,0.000,0.0,0.000,0.000,0.000,0.0,0.000,0.000
0.7620,3.295,-1.8,-2.201,3.305,1.265,-1.7,1.909,1.259,24.875,4.4,7.605,24.875,96.125,-11.5,-0.274,96.125,-2.357,-2.7,1.643,-2.348,-3.475,-4.3,-1.717,-3.471,-40.906,-3.2,-6.898,-40.906,-99.500,3.2,0.484,-99.500,0.000,0.0,0.000,0.000,0.000,0.0,0.000,0.000
0.7640,3.295,-2.1,-2.297,3.295,1.277,3.7,1.859,1.265,24.875,3.5,7.410,24.875,96.125,-9.4,-0.229,96.125,-2.348,2.6,1.721,-2.357,-3.467,-0.7,-1.729,-3.475,-40.906,-2.0,-7.238,-40.906,-99.500,2.0,0.511,-99.500,0.000,0.0,0.000,0.000,0.000,0.0,0.000,0.000
0.7660,3.301,0.7,-2.123,3.295,1.277,2.9,1.884,1.277,24.875,2.3,7.340,24.875,96.062,-9.5,-0.099,96.125,-2.357,-1.9,1.650,-2.348,-3.471,-2.5,-1.779,-3.467,-40.906,-2.4,-7.031,-40.906,-99.438,7.1,0.518,-99.500,0.000,0.0,0.000,0.000,0.000,0.0,0.000,0.000
0.7682,3.301,0.7,-2.123,3.301,1.277,2.9,1.884,1.277,24.875,2.3,7.340,24.875,96.062,-9.5,-0.099,96.062,-2.357,-1.9,1.650,-2.357,-3.471,-2.5,-1.779,-3.471,-40.906,-2.4,-7.031,-40.906,-99.438,7.1,0.518,-99.438,0.000,0.0,0.000,0.000,0.000,0.0,0.000,0.000
0.7702,3.289,-5.0,-2.201,3.301,1.271,-0.8,1.816,1.277,24.875,0.5,7.496,24.875,96.062,-9.5,-0.264,96.062,-2.357,-1.6,1.785,-2.357,-3.471,-1.4,-1.655,-3.471,-40.906,0.6,-6.977,-40.906,-99.438,1.1,0.391,-99.438,0.000,0.0,0.000,0.000,0.000,0.0,0.000,0.000
0.7723,3.289,-5.0,-2.303,3.289,1.271,-0.4,1.887,1.271,24.891,3.2,7.449,24.875,96.062,-9.2,-0.229,96.062,-2.354,-0.2,1.641,-2.357,-3.475,-2.7,-1.615,-3.471,-40.938,-2.7,-6.969,-40.906,-99.438,3.6,0.393,-99.438,0.000,0.0,0.000,0.000,0.000,0.0,0.000,0.000
0.7747,3.291,-3.9,-2.217,3.289,1.271,-1.2,1.938,1.271,24.891,4.2,7.328,24.891,96.000,-8.7,-0.178,96.062,-2.350,1.3,1.723,-2.354,-3.467,-0.7,-1.843,-3.475,-40.938,-0.9,-7.191,-40.938,-99.438,3.5,0.462,-99.438,0.000,0.0,0.000,0.000,0.000,0.0,0.000,0.000
0.7763,3.299,-1.2,-2.209,3.291,1.274,0.7,1.771,1.271,24.891,-0.8,7.258,24.891,96.000,-9.6,-0.102,96.000,-2.344,5.2,1.799,-2.350,-3.467,-0.6,-1.774,-3.467,-40.938,-0.2,-7.219,-40.938,-99.438,3.3,0.589,-99.438,0.000,0.0,0.000,0.000,0.000,0.0,0.000,0.000
0.7780,3.301,1.2,-2.059,3.299,1.271,-1.1,1.832,1.274,24.906,2.7,7.410,24.891,95.938,-13.0,-0.130,96.000,-2.357,-1.8,1.625,-2.344,-3.475,-3.0,-1.741,-3.467,-40.938,-1.0,-6.957,-40.938,-99.438,0.3,0.546,-99.438,0.000,0.0,0.000,0.000,0.000,0.0,0.000,0.000
0.7800,3.295,-1.2,-2.227,3.301,1.274,0.0,1.952,1.271,24.906,2.4,7.316,24.906,95.938,-9.9,-0.132,95.938,-2.354,-0.7,1.612,-2.357,-3.475,-2.2,-1.798,-3.475,-40.938,-0.7,-7.039,-40.938,-99.438,3.9,0.487,-99.438,0.000,0.0,0.000,0.000,0.000,0.0,0.000,0.000
0.7820,3.299,0.2,-2.062,3.295,1.274,-1.7,1.820,1.274,24.906,0.1,7.496,24.906,95.938,-10.3,-0.126,95.938,-2.350,1.0,1.621,-2.354,-3.471,-0.1,-1.793,-3.475,-40.938,-3.5,-7.168,-40.938,-99.375,4.6,0.524,-99.438,0.000,0.0,0.000,0.000,0.000,0.0,0.000,0.000
0.7840,3.291,-2.7,-2.115,3.299,1.274,0.8,2.043,1.274,24.906,-2.6,7.266,24.906,95.875,-10.1,-0.123,95.938,-2.359,-2.8,1.645,-2.350,-3.475,-1.3,-1.861,-3.471,-40.938,-1.3,-7.078,-40.938,-99.375,3.3,0.491,-99.375,0.000,0.0,0.000,0.000,0.000,0.0,0.000,0.000
0.7860,3.299,-0.8,-2.406,3.291,1.280,3.1,1.986,1.274,24.906,-1.7,7.797,24.906,95.875,-11.7,-0.328,95.875,-2.357,-0.7,1.686,-2.359,-3.471,1.0,-1.584,-3.475,-40.938,0.6,-6.793,-40.938,-99.375,4.2,0.388,-99.375,0.000,0.0,0.000,0.000,0.000,0.0,0.000,0.000
0.7880,3.301,1.2,-2.150,3.299,1.274,-0.7,1.910,1.280,24.906,0.7,7.441,24.906,95.875,-10.0,-0.219,95.875,-2.354,0.0,1.706,-2.357,-3.467,1.4,-1.844,-3.471,-40.938,0.9,-7.043,-40.938,-99.375,3.5,0.527,-99.375,0.000,0.0,0.000,0.000,0.000,0.0,0.000,0.000
0.7900,3.291,-3.0,-2.168,3.301,1.271,-2.5,1.889,1.274,24.922,3.0,7.348,24.906,95.875,-8.3,-0.187,95.875,-2.359,-2.4,1.773,-2.354,-3.471,0.3,-1.851,-3.467,-40.938,4.4,-7.328,-40.938,-99.375,0.6,0.564,-99.375,0.000,0.0,0.000,0.000,0.000,0.0,0.000,0.000
0.7920,3.301,1.7,-2.115,3.291,1.283,3.1,1.850,1.271,24.922,2.4,7.355,24.922,95.812,-6.8,-0.159,95.875,-2.357,-1.6,1.714,-2.359,-3.475,-0.6,-1.915,-3.471,-40.938,0.1,-7.336,-40.938,-99.375,-0.1,0.605,-99.375,0.000,0.0,0.000,0.000,0.000,0.0,0.000,0.000
0.7940,3.295,-0.9,-2.076,3.301,1.280,0.6,1.786,1.283,24.938,3.9,7.391,24.922,95.812,-7.4,-0.265,95.812,-2.354,-0.3,1.671,-2.357,-3.475,-0.3,-1.856,-3.475,-40.969,0.3,-7.168,-40.938,-99.375,-0.6,0.544,-99.375,0.000,0.0,0.000,0.000,0.000,0.0,0.000,0.000
0.7960,3.291,-2.7,-2.312,3.295,1.280,1.5,2.004,1.280,24.938,3.0,7.477,24.938,95.812,-10.5,-0.350,95.812,-2.348,3.2,1.808,-2.354,-3.471,1.1,-1.848,-3.475,-40.969,-7.3,-7.094,-40.969,-99.375,6.6,0.531,-99.375,0.000,0.0,0.000,0.000,0.000,0.0,0.000,0.000
0.7981,3.299,0.4,-2.262,3.291,1.274,-1.4,2.092,1.280,24.922,-0.0,7.578,24.938,95.812,-8.9,-0.402,95.812,-2.357,-1.2,1.720,-2.348,-3.471,1.2,-1.670,-3.471,-40.969,2.4,-6.867,-40.969,-99.375,2.5,0.421,-99.375,0.000,0.0,0.000,0.000,0.000,0.0,0.000,0.000
0.8002,3.299,-0.7,-2.367,3.299,1.274,-2.3,1.965,1.274,24.938,2.9,7.453,24.922,95.812,-3.9,-0.403,95.812,-2.350,2.2,1.687,-2.357,-3.461,6.1,-1.639,-3.471,-40.969,-4.2,-7.129,-40.969,-99.375,1.3,0.447,-99.375,0.000,0.0,0.000,0.000,0.000,0.0,0.000,0.000
0.8020,3.299,0.8,-2.109,3.299,1.277,-1.0,1.904,1.274,24.938,2.1,7.539,24.938,95.812,-3.5,-0.403,95.812,-2.348,4.0,1.704,-2.350,-3.477,-1.5,-1.782,-3.461,-40.969,1.1,-7.199,-40.969,-99.375,1.0,0.522,-99.375,0.000,0.0,0.000,0.000,0.000,0.0,0.000,0.000
0.8040,3.291,-2.0,-2.203,3.299,1.283,1.3,2.002,1.277,24.953,3.2,7.258,24.938,95.750,-3.5,-0.374,95.812,-2.350,1.2,1.598,-2.348,-3.475,-0.6,-1.958,-3.477,-40.969,-2.6,-7.453,-40.969,-99.312,1.2,0.592,-99.375,0.000,0.0,0.000,0.000,0.000,0.0,0.000,0.000
0.8060,3.301,1.8,-2.350,3.291,1.277,-2.5,1.777,1.283,24.953,5.8,7.414,24.953,95.750,-2.6,-0.410,95.750,-2.354,0.2,1.730,-2.350,-3.475,0.5,-1.785,-3.475,-40.969,-1.8,-7.223,-40.969,-99.312,3.1,0.634,-99.312,0.000,0.0,0.000,0.000,0.000,0.0,0.000,0.000
0.8080,3.299,0.7,-2.105,3.301,1.280,-0.2,2.002,1.277,24.953,2.5,7.258,24.953,95.750,0.3,-0.305,95.750,-2.354,0.5,1.689,-2.354,-3.480,-2.4,-1.884,-3.475,-40.969,0.1,-7.324,-40.969,-99.375,-2.4,0.617,-99.312,0.000,0.0,0.000,0.000,0.000,0.0,0.000,0.000
0.8100,3.299,0.5,-2.281,3.299,1.290,4.0,1.902,1.280,24.953,3.8,7.418,24.953,95.750,0.2,-0.431,95.750,-2.357,-1.2,1.683,-2.354,-3.477,-0.3,-1.786,-3.480,-40.969,1.0,-7.105,-40.969,-99.312,1.5,0.488,-99.375,0.000,0.0,0.000,0.000,0.000,0.0,0.000,0.000
0.8120,3.305,2.6,-2.291,3.299,1.287,3.3,1.954,1.290,24.953,2.2,7.242,24.953,95.750,-3.4,-0.397,95.750,-2.359,-2.0,1.736,-2.357,-3.486,-3.6,-1.730,-3.477,-40.969,-1.6,-7.137,-40.969,-99.312,-0.6,0.619,-99.312,0.000,0.0,0.000,0.000,0.000,0.0,0.000,0.000
0.8140,3.301,0.3,-2.299,3.305,1.274,-2.9,1.897,1.287,24.953,2.1,7.320,24.953,95.750,-1.8,-0.450,95.750,-2.350,2.3,1.781,-2.359,-3.486,-3.0,-1.935,-3.486,-40.969,-0.6,-7.160,-40.969,-99.312,0.2,0.659,-99.312,0.000,0.0,0.000,0.000,0.000,0.0,0.000,0.000
0.8160,3.295,-2.0,-2.102,3.301,1.287,2.3,1.889,1.274,24.953,-3.1,7.328,24.953,95.750,-0.6,-0.426,95.750,-2.350,1.7,1.717,-2.350,-3.467,6.7,-1.898,-3.486,-40.969,4.7,-7.031,-40.969,-99.312,-1.0,0.532,-99.312,0.000,0.0,0.000,0.000,0.000,0.0,0.000,0.000
0.8180,3.301,1.0,-2.270,3.295,1.280,-1.5,1.850,1.287,24.969,2.9,7.324,24.953,95.750,-1.3,-0.476,95.750,-2.357,-1.9,1.817,-2.350,-3.490,-3.6,-1.906,-3.467,-40.969,-3.0,-7.172,-40.969,-99.312,0.9,0.617,-99.312,0.000,0.0,0.000,0.000,0.000,0.0,0.000,0.000
0.8202,3.299,-0.2,-2.275,3.301,1.290,3.1,1.819,1.280,24.969,2.6,7.539,24.969,95.750,1.9,-0.520,95.750,-2.354,-0.2,1.769,-2.357,-3.482,0.4,-1.829,-3.490,-41.000,-4.9,-7.207,-40.969,-99.312,-1.1,0.649,-99.312,0.000,0.0,0.000,0.000,0.000,0.0,0.000,0.000
0.8224,3.295,-2.2,-2.346,3.299,1.290,3.1,1.899,1.290,24.969,-0.4,7.359,24.969,95.750,1.9,-0.445,95.750,-2.354,-0.5,1.733,-2.354,-3.477,2.6,-1.934,-3.482,-40.969,1.7,-7.340,-41.000,-99.312,-1.8,0.679,-99.312,0.000,0.0,0.000,0.000,0.000,0.0,0.000,0.000
0.8251,3.295,-2.3,-2.195,3.295,1.277,-1.6,1.967,1.290,24.969,-1.3,7.402,24.969,95.750,0.5,-0.476,95.750,-2.357,-2.2,1.697,-2.354,-3.486,-2.4,-1.953,-3.477,-40.969,-0.4,-7.176,-40.969,-99.312,1.1,0.649,-99.312,0.000,0.0,0.000,0.000,0.000,0.0,0.000,0.000
0.8269,3.305,2.0,-2.256,3.295,1.287,1.7,1.738,1.277,24.969,0.7,7.203,24.969,95.750,0.4,-0.472,95.750,-2.354,-0.5,1.752,-2.357,-3.480,1.7,-1.846,-3.486,-40.969,-0.1,-7.445,-40.969,-99.312,2.0,0.666,-99.312,0.000,0.0,0.000,0.000,0.000,0.0,0.000,0.000
0.8282,3.305,2.0,-2.189,3.305,1.283,0.3,1.839,1.287,24.984,3.6,7.090,24.969,95.750,0.7,-0.349,95.750,-2.363,-5.2,1.738,-2.354,-3.486,-1.5,-2.082,-3.480,-40.969,0.5,-7.512,-40.969,-99.312,-2.0,0.740,-99.312,0.000,0.0,0.000,0.000,0.000,0.0,0.000,0.000
0.8300,3.295,-2.5,-2.096,3.305,1.287,2.1,1.755,1.283,24.969,0.7,7.105,24.984,95.750,-1.0,-0.380,95.750,-2.350,1.4,1.751,-2.363,-3.477,2.3,-2.131,-3.486,-41.000,-2.9,-7.438,-40.969,-99.312,-0.9,0.766,-99.312,0.000,0.0,0.000,0.000,0.000,0.0,0.000,0.000
0.8320,3.311,4.6,-2.156,3.295,1.280,-0.2,1.896,1.287,24.984,1.2,7.145,24.969,95.750,0.4,-0.348,95.750,-2.350,1.4,1.714,-2.350,-3.482,0.7,-1.792,-3.477,-41.000,-3.4,-7.340,-41.000,-99.312,3.6,0.640,-99.312,0.000,0.0,0.000,0.000,0.000,0.0,0.000,0.000
0.8340,3.291,-3.9,-1.960,3.311,1.280,-0.3,1.779,1.280,25.000,6.4,7.098,24.984,95.750,-2.8,-0.344,95.750,-2.344,3.4,1.752,-2.350,-3.482,0.9,-2.070,-3.482,-41.000,-3.2,-7.516,-41.000,-99.312,-1.7,0.828,-99.312,0.000,0.0,0.000,0.000,0.000,0.0,0.000,0.000
0.8360,3.299,-0.5,-2.258,3.291,1.287,3.0,1.866,1.280,24.969,-1.7,7.355,25.000,95.750,-1.8,-0.486,95.750,-2.344,3.0,1.757,-2.344,-3.492,-3.2,-1.938,-3.482,-41.000,-2.6,-7.273,-41.000,-99.312,-0.3,0.667,-99.312,0.000,0.0,0.000,0.000,0.000,0.0,0.000,0.000
0.8380,3.305,2.6,-2.070,3.299,1.280,-0.7,1.917,1.287,24.984,1.4,7.176,24.969,95.750,0.6,-0.414,95.750,-2.354,-1.2,1.878,-2.344,-3.486,0.2,-2.072,-3.492,-41.000,-1.6,-7.535,-41.000,-99.312,0.8,0.827,-99.312,0.000,0.0,0.000,0.000,0.000,0.0,0.000,0.000
0.8400,3.299,-0.6,-2.049,3.305,1.277,-1.8,1.724,1.280,24.984,1.5,6.996,24.984,95.750,-2.4,-0.374,95.750,-2.354,-1.0,1.874,-2.354,-3.486,0.3,-2.170,-3.486,-41.031,-6.1,-7.645,-41.000,-99.312,5.2,0.853,-99.312,0.000,0.0,0.000,0.000,0.000,0.0,0.000,0.000
0.8420,3.305,2.6,-2.092,3.299,1.277,-1.6,1.955,1.277,25.000,4.2,7.449,24.984,95.750,-1.0,-0.599,95.750,-2.348,1.7,1.563,-2.354,-3.482,1.8,-1.851,-3.486,-41.031,-4.4,-7.172,-41.031,-99.250,4.8,0.549,-99.312,0.000,0.0,0.000,0.000,0.000,0.0,0.000,0.000
0.8440,3.305,2.5,-2.113,3.305,1.287,1.8,1.827,1.277,25.000,2.6,7.262,25.000,95.750,-1.6,-0.371,95.750,-2.344,3.8,1.840,-2.348,-3.482,1.6,-2.064,-3.482,-41.031,-3.4,-7.512,-41.031,-99.250,2.1,0.636,-99.250,0.000,0.0,0.000,0.000,0.000,0.0,0.000,0.000
0.8460,3.301,1.5,-2.002,3.305,1.280,-0.9,1.792,1.287,25.000,2.0,7.191,25.000,95.750,-1.6,-0.424,95.750,-2.350,0.4,1.778,-2.344,-3.486,-0.3,-2.057,-3.482,-41.000,0.7,-7.496,-41.031,-99.250,1.9,0.711,-99.250,0.000,0.0,0.000,0.000,0.000,0.0,0.000,0.000
0.8480,3.305,2.7,-2.090,3.301,1.287,1.6,1.780,1.280,25.000,1.0,7.121,25.000,95.750,-3.0,-0.367,95.750,-2.357,-2.2,2.027,-2.350,-3.486,-1.1,-2.213,-3.486,-41.000,-0.0,-7.742,-41.000,-99.250,4.0,0.827,-99.250,0.000,0.0,0.000,0.000,0.000,0.0,0.000,0.000
0.8501,3.295,-2.1,-2.232,3.305,1.287,1.7,1.779,1.287,25.000,0.5,7.043,25.000,95.750,2.3,-0.384,95.750,-2.354,-0.7,1.840,-2.357,-3.490,-1.3,-2.039,-3.486,-41.000,0.7,-7.602,-41.000,-99.250,4.4,0.745,-99.250,0.000,0.0,0.000,0.000,0.000,0.0,0.000,0.000
0.8522,3.295,-2.7,-2.234,3.295,1.283,0.6,1.832,1.287,25.000,-0.5,7.285,25.000,95.750,3.0,-0.507,95.750,-2.350,0.6,1.663,-2.354,-3.490,-0.7,-2.039,-3.490,-41.031,-2.5,-7.281,-41.000,-99.250,4.6,0.776,-99.250,0.000,0.0,0.000,0.000,0.000,0.0,0.000,0.000
0.8540,3.291,-4.8,-2.316,3.295,1.290,4.0,1.992,1.283,25.016,4.1,7.234,25.000,95.750,-1.9,-0.594,95.750,-2.354,-1.7,1.657,-2.350,-3.492,-2.6,-2.035,-3.490,-41.031,-0.5,-7.250,-41.031,-99.250,5.4,0.585,-99.250,0.000,0.0,0.000,0.000,0.000,0.0,0.000,0.000
0.8560,3.291,-3.3,-2.131,3.291,1.287,1.7,2.004,1.290,25.016,0.5,7.242,25.016,95.750,-0.2,-0.542,95.750,-2.357,-3.7,1.685,-2.354,-3.486,1.1,-1.929,-3.492,-41.031,-0.8,-7.383,-41.031,-99.188,8.0,0.592,-99.250,0.000,0.0,0.000,0.000,0.000,0.0,0.000,0.000
0.8580,3.299,-0.2,-2.318,3.291,1.287,1.7,2.029,1.287,25.016,2.3,7.062,25.016,95.750,1.6,-0.485,95.750,-2.354,-1.0,1.952,-2.357,-3.482,1.7,-2.117,-3.486,-41.031,2.5,-7.723,-41.031,-99.250,1.6,0.664,-99.188,0.000,0.0,0.000,0.000,0.000,0.0,0.000,0.000
0.8600,3.291,-2.0,-2.027,3.299,1.283,-0.1,1.788,1.287,25.016,0.6,6.840,25.016,95.750,1.0,-0.339,95.750,-2.348,2.5,1.893,-2.354,-3.490,-1.3,-2.262,-3.482,-41.031,1.8,-7.875,-41.031,-99.188,4.8,0.780,-99.250,0.000,0.0,0.000,0.000,0.000,0.0,0.000,0.000
0.8620,3.295,-0.9,-2.115,3.291,1.280,-2.6,1.705,1.283,25.016,0.8,7.188,25.016,95.750,2.0,-0.503,95.750,-2.334,8.6,1.908,-2.348,-3.480,2.8,-2.223,-3.490,-41.031,-4.0,-7.625,-41.031,-99.188,3.1,0.766,-99.188,0.000,0.0,0.000,0.000,0.000,0.0,0.000,0.000
0.8640,3.291,-2.1,-2.143,3.295,1.283,-0.5,1.666,1.280,25.016,1.8,6.953,25.016,95.750,2.0,-0.398,95.750,-2.354,-0.7,1.887,-2.334,-3.492,-1.9,-2.346,-3.480,-41.031,-3.0,-7.941,-41.031,-99.188,7.3,0.910,-99.188,0.000,0.0,0.000,0.000,0.000,0.0,0.000,0.000
0.8660,3.299,-0.7,-2.160,3.291,1.277,-3.5,1.750,1.283,25.016,-2.1,7.336,25.016,95.750,3.8,-0.475,95.750,-2.357,-2.7,1.708,-2.354,-3.492,-1.6,-2.176,-3.492,-41.031,-2.9,-7.453,-41.031,-99.188,5.7,0.705,-99.188,0.000,0.0,0.000,0.000,0.000,0.0,0.000,0.000
0.8680,3.291,-3.5,-2.092,3.299,1.277,-2.4,1.855,1.277,25.031,2.7,7.070,25.016,95.750,1.7,-0.498,95.750,-2.344,2.8,1.692,-2.357,-3.490,1.1,-2.252,-3.492,-41.031,1.1,-7.652,-41.031,-99.125,10.1,0.760,-99.188,0.000,0.0,0.000,0.000,0.000,0.0,0.000,0.000
0.8700,3.301,1.4,-2.055,3.291,1.280,-1.2,1.603,1.277,25.031,1.2,7.035,25.031,95.750,-0.3,-0.392,95.750,-2.348,1.7,1.938,-2.344,-3.500,-2.8,-2.287,-3.490,-41.031,-0.2,-7.672,-41.031,-99.125,10.4,0.762,-99.125,0.000,0.0,0.000,0.000,0.000,0.0,0.000,0.000
0.8720,3.299,0.2,-1.993,3.301,1.280,-1.4,1.570,1.280,25.016,-3.0,6.945,25.031,95.750,0.8,-0.422,95.750,-2.350,-0.2,1.898,-2.348,-3.496,-1.0,-2.396,-3.500,-41.062,-3.0,-7.848,-41.031,-99.125,1.3,0.800,-99.125,0.000,0.0,0.000,0.000,0.000,0.0,0.000,0.000
0.8741,3.307,3.8,-2.154,3.299,1.283,-0.3,1.559,1.280,25.031,2.7,6.785,25.016,95.812,3.7,-0.292,95.750,-2.357,-3.2,2.027,-2.350,-3.496,-0.3,-2.500,-3.496,-41.062,-2.0,-7.891,-41.062,-99.125,10.0,0.818,-99.125,0.000,0.0,0.000,0.000,0.000,0.0,0.000,0.000
0.8766,3.305,3.1,-1.777,3.307,1.280,-1.9,1.680,1.283,25.016,-4.6,6.992,25.031,95.750,2.0,-0.406,95.812,-2.350,0.4,1.831,-2.357,-3.496,0.4,-2.279,-3.496,-41.062,-6.3,-7.723,-41.062,-99.125,4.1,0.738,-99.125,0.000,0.0,0.000,0.000,0.000,0.0,0.000,0.000
0.8786,3.305,2.2,-2.090,3.305,1.287,1.6,1.722,1.280,25.031,-1.4,7.070,25.016,95.750,-1.0,-0.413,95.750,-2.348,1.4,1.811,-2.350,-3.486,4.5,-2.367,-3.496,-41.094,-4.6,-7.703,-41.062,-99.062,7.2,0.739,-99.125,0.000,0.0,0.000,0.000,0.000,0.0,0.000,0.000
0.8802,3.311,3.8,-2.189,3.305,1.283,0.4,1.685,1.287,25.031,0.4,7.215,25.031,95.750,0.2,-0.357,95.750,-2.350,-1.6,1.678,-2.348,-3.490,3.2,-2.260,-3.486,-41.094,-4.3,-7.613,-41.094,-99.062,7.0,0.727,-99.062,0.000,0.0,0.000,0.000,0.000,0.0,0.000,0.000
0.8820,3.307,2.7,-2.115,3.311,1.283,-0.2,1.664,1.283,25.031,-1.1,6.832,25.031,95.750,-0.6,-0.400,95.750,-2.354,-2.3,2.102,-2.350,-3.500,-0.3,-2.361,-3.490,-41.094,-4.1,-7.867,-41.094,-99.062,11.8,0.696,-99.062,0.000,0.0,0.000,0.000,0.000,0.0,0.000,0.000
0.8840,3.301,0.5,-2.068,3.307,1.283,-0.3,1.505,1.283,25.031,0.8,6.719,25.031,95.750,-0.6,-0.274,95.750,-2.342,3.6,2.002,-2.354,-3.496,2.2,-2.365,-3.500,-41.094,-2.3,-7.695,-41.094,-99.000,9.5,0.696,-99.062,0.000,0.0,0.000,0.000,0.000,0.0,0.000,0.000
0.8860,3.305,1.6,-1.954,3.301,1.290,2.6,1.525,1.283,25.031,1.8,7.191,25.031,95.750,-3.4,-0.344,95.750,-2.348,0.2,1.886,-2.342,-3.506,-3.0,-2.395,-3.496,-41.094,-2.7,-7.680,-41.094,-99.000,12.2,0.640,-99.000,0.000,0.0,0.000,0.000,0.000,0.0,0.000,0.000
0.8880,3.289,-5.1,-1.958,3.305,1.287,1.5,1.733,1.290,25.031,2.3,7.074,25.031,95.750,0.9,-0.441,95.750,-2.350,-2.1,1.858,-2.348,-3.500,0.8,-2.305,-3.506,-41.125,-6.5,-7.559,-41.094,-99.000,13.4,0.591,-99.000,0.000,0.0,0.000,0.000,0.000,0.0,0.000,0.000
0.8900,3.301,1.5,-1.960,3.289,1.280,-1.4,1.610,1.287,25.031,-1.2,6.766,25.031,95.750,-0.1,-0.333,95.750,-2.342,0.7,1.784,-2.350,-3.512,-4.4,-2.516,-3.500,-41.125,-1.8,-7.980,-41.125,-98.938,14.5,0.680,-99.000,0.000,0.0,0.000,0.000,0.000,0.0,0.000,0.000
0.8920,3.295,-2.3,-2.195,3.301,1.293,4.0,1.741,1.280,25.031,-1.1,7.066,25.031,95.750,1.5,-0.464,95.750,-2.344,0.5,1.895,-2.342,-3.508,-2.4,-2.352,-3.512,-41.125,-4.2,-7.531,-41.125,-98.938,12.8,0.508,-98.938,0.000,0.0,0.000,0.000,0.000,0.0,0.000,0.000
0.8940,3.301,0.8,-2.092,3.295,1.280,-1.3,1.697,1.293,25.047,2.3,7.133,25.031,95.750,0.3,-0.517,95.750,-2.342,1.7,1.824,-2.344,-3.508,-1.8,-2.367,-3.508,-41.156,-4.1,-7.629,-41.125,-98.875,13.8,0.464,-98.938,0.000,0.0,0.000,0.000,0.000,0.0,0.000,0.000
0.8960,3.291,-3.5,-1.992,3.301,1.287,1.8,1.541,1.280,25.031,-0.1,6.793,25.047,95.750,-2.7,-0.312,95.750,-2.338,3.0,1.858,-2.342,-3.502,1.3,-2.646,-3.508,-41.156,-1.0,-7.992,-41.156,-98.875,17.2,0.627,-98.875,0.000,0.0,0.000,0.000,0.000,0.0,0.000,0.000
0.8980,3.299,-0.2,-1.938,3.291,1.287,0.6,1.354,1.287,25.047,3.9,6.684,25.031,95.750,1.3,-0.288,95.750,-2.342,1.8,1.954,-2.338,-3.506,0.9,-2.619,-3.502,-41.156,-3.7,-8.055,-41.156,-98.812,18.2,0.600,-98.875,0.000,0.0,0.000,0.000,0.000,0.0,0.000,0.000
0.9000,3.299,-0.8,-2.066,3.299,1.290,1.9,1.405,1.287,25.031,-4.6,6.805,25.047,95.750,-0.2,-0.310,95.750,-2.344,0.1,1.854,-2.342,-3.516,-3.3,-2.639,-3.506,-41.188,-3.2,-7.941,-41.156,-98.812,18.0,0.547,-98.812,0.000,0.0,0.000,0.000,0.000,0.0,0.000,0.000
0.9022,3.301,0.2,-1.984,3.299,1.274,-4.0,1.570,1.290,25.047,1.5,7.012,25.031,95.750,1.0,-0.399,95.750,-2.344,0.7,1.958,-2.344,-3.516,-1.5,-2.490,-3.516,-41.188,-6.4,-7.883,-41.188,-98.750,18.4,0.570,-98.812,0.000,0.0,0.000,0.000,0.000,0.0,0.000,0.000
0.9043,3.311,4.1,-2.049,3.301,1.277,-3.0,1.492,1.274,25.047,1.2,6.934,25.047,95.750,-1.1,-0.428,95.750,-2.348,-1.5,1.806,-2.344,-3.508,3.1,-2.496,-3.516,-41.219,-11.2,-7.781,-41.188,-98.750,16.3,0.480,-98.750,0.000,0.0,0.000,0.000,0.000,0.0,0.000,0.000
0.9064,3.307,3.0,-1.869,3.311,1.290,2.8,1.384,1.277,25.047,1.2,6.801,25.047,95.750,0.2,-0.357,95.750,-2.348,-1.0,1.956,-2.348,-3.508,3.4,-2.656,-3.508,-41.219,-7.1,-7.980,-41.219,-98.688,17.7,0.542,-98.750,0.000,0.0,0.000,0.000,0.000,0.0,0.000,0.000
0.9080,3.305,0.9,-1.951,3.307,1.287,1.7,1.501,1.290,25.047,3.8,6.715,25.047,95.812,3.6,-0.241,95.750,-2.342,1.7,1.802,-2.348,-3.527,-4.2,-2.607,-3.508,-41.250,-11.0,-7.855,-41.219,-98.625,17.4,0.550,-98.688,0.000,0.0,0.000,0.000,0.000,0.0,0.000,0.000
0.9100,3.307,3.0,-1.782,3.305,1.287,1.3,1.264,1.287,25.047,1.5,6.809,25.047,95.812,3.8,-0.243,95.812,-2.344,0.5,2.094,-2.342,-3.527,-2.9,-2.691,-3.527,-41.250,-7.9,-8.094,-41.250,-98.625,21.3,0.626,-98.625,0.000,0.0,0.000,0.000,0.000,0.0,0.000,0.000
0.9120,3.305,1.0,-1.956,3.307,1.280,-1.8,1.408,1.287,25.047,1.4,6.746,25.047,95.750,0.9,-0.304,95.812,-2.344,-0.4,1.937,-2.344,-3.527,-1.2,-2.752,-3.527,-41.281,-6.1,-7.801,-41.250,-98.562,24.2,0.596,-98.625,0.000,0.0,0.000,0.000,0.000,0.0,0.000,0.000
0.9140,3.301,-1.4,-2.061,3.305,1.287,1.1,1.325,1.280,25.047,-3.5,6.574,25.047,95.750,0.9,-0.259,95.750,-2.348,-1.7,2.051,-2.344,-3.527,-1.1,-2.795,-3.527,-41.281,-10.0,-7.746,-41.281,-98.500,20.4,0.557,-98.562,0.000,0.0,0.000,0.000,0.000,0.0,0.000,0.000
0.9160,3.301,-2.2,-2.023,3.301,1.280,-1.2,1.312,1.287,25.047,-2.8,6.516,25.047,95.750,0.8,-0.263,95.750,-2.342,1.1,2.000,-2.348,-3.531,-1.3,-2.896,-3.527,-41.312,-7.6,-7.934,-41.281,-98.500,17.0,0.537,-98.500,0.000,0.0,0.000,0.000,0.000,0.0,0.000,0.000
0.9180,3.301,-0.4,-1.760,3.301,1.287,1.3,1.251,1.280,25.047,0.4,6.449,25.047,95.812,3.0,-0.232,95.750,-2.338,1.8,2.221,-2.342,-3.537,-3.6,-2.799,-3.531,-41.312,-7.4,-8.242,-41.312,-98.438,22.8,0.620,-98.500,0.000,0.0,0.000,0.000,0.000,0.0,0.000,0.000
0.9200,3.301,-0.4,-1.936,3.301,1.283,0.5,1.270,1.287,25.047,-2.0,6.617,25.047,95.812,2.6,-0.226,95.812,-2.342,-0.4,2.023,-2.338,-3.537,-1.7,-2.805,-3.537,-41.344,-6.8,-8.070,-41.312,-98.375,20.0,0.675,-98.438,0.000,0.0,0.000,0.000,0.000,0.0,0.000,0.000
0.9220,3.295,-3.9,-1.971,3.301,1.287,2.3,1.216,1.283,25.047,-0.6,6.254,25.047,95.812,1.1,-0.089,95.812,-2.334,2.0,2.250,-2.342,-3.537,0.9,-2.838,-3.537,-41.344,-7.0,-8.273,-41.344,-98.375,22.0,0.630,-98.375,0.000,0.0,0.000,0.000,0.000,0.0,0.000,0.000
0.9240,3.301,-0.7,-2.018,3.295,1.283,0.7,1.132,1.287,25.047,-0.0,6.316,25.047,95.750,-0.6,-0.156,95.812,-2.334,0.9,1.903,-2.334,-3.549,-3.0,-2.838,-3.537,-41.375,-3.1,-7.957,-41.344,-98.312,20.2,0.558,-98.375,0.000,0.0,0.000,0.000,0.000,0.0,0.000,0.000
0.9260,3.305,1.4,-1.830,3.301,1.290,3.4,1.198,1.283,25.047,-1.7,6.395,25.047,95.812,-0.4,-0.201,95.750,-2.332,1.1,2.129,-2.334,-3.547,0.5,-2.852,-3.549,-41.406,-9.8,-8.070,-41.375,-98.250,20.9,0.734,-98.312,0.000,0.0,0.000,0.000,0.000,0.0,0.000,0.000
0.9287,3.305,1.4,-2.014,3.305,1.280,-1.4,1.119,1.290,25.047,2.7,6.363,25.047,95.750,-2.4,-0.144,95.812,-2.332,0.1,2.188,-2.332,-3.553,-0.3,-2.771,-3.547,-41.406,-10.2,-8.023,-41.406,-98.250,19.9,0.679,-98.250,0.000,0.0,0.000,0.000,0.000,0.0,0.000,0.000
0.9307,3.295,-2.4,-1.870,3.305,1.280,-1.7,1.260,1.280,25.047,0.6,6.344,25.047,95.812,1.9,-0.245,95.750,-2.328,0.7,2.111,-2.332,-3.562,-3.2,-2.865,-3.553,-41.438,-5.1,-8.172,-41.406,-98.188,18.3,0.757,-98.250,0.000,0.0,0.000,0.000,0.000,0.0,0.000,0.000
0.9328,3.299,-0.4,-1.839,3.295,1.280,-1.7,1.278,1.280,25.047,0.6,6.422,25.047,95.812,-2.7,-0.346,95.812,-2.326,1.1,1.999,-2.328,-3.559,0.8,-2.799,-3.562,-41.438,-8.9,-7.914,-41.438,-98.188,17.5,0.728,-98.188,0.000,0.0,0.000,0.000,0.000,0.0,0.000,0.000
0.9341,3.299,0.3,-1.735,3.299,1.277,-3.3,1.332,1.280,25.047,3.2,6.820,25.047,95.812,-0.7,-0.269,95.812,-2.332,-2.4,2.086,-2.326,-3.559,1.8,-2.723,-3.559,-41.469,-8.8,-8.125,-41.438,-98.125,16.5,0.697,-98.188,0.000,0.0,0.000,0.000,0.000,0.0,0.000,0.000
0.9360,3.305,2.1,-2.027,3.299,1.293,4.3,1.271,1.277,25.047,1.5,6.504,25.047,95.812,-2.2,-0.343,95.812,-2.322,2.4,2.285,-2.332,-3.564,-0.7,-2.973,-3.559,-41.469,-9.5,-8.086,-41.469,-98.125,15.8,0.788,-98.125,0.000,0.0,0.000,0.000,0.000,0.0,0.000,0.000
0.9380,3.295,-2.6,-1.951,3.305,1.287,0.2,1.314,1.293,25.062,7.1,6.727,25.047,95.812,-0.8,-0.383,95.812,-2.332,-2.3,2.088,-2.322,-3.562,1.6,-2.840,-3.564,-41.469,-5.6,-7.914,-41.469,-98.062,13.9,0.752,-98.125,0.000,0.0,0.000,0.000,0.000,0.0,0.000,0.000
0.9400,3.299,-1.2,-1.940,3.295,1.299,6.4,1.420,1.287,25.062,2.4,6.656,25.062,95.812,0.6,-0.405,95.812,-2.326,1.4,2.100,-2.332,-3.574,-3.0,-2.695,-3.562,-41.500,-4.8,-7.973,-41.469,-98.062,8.9,0.766,-98.062,0.000,0.0,0.000,0.000,0.000,0.0,0.000,0.000
0.9420,3.291,-3.4,-1.885,3.299,1.290,0.4,1.391,1.299,25.062,3.1,6.852,25.062,95.750,-2.1,-0.402,95.812,-2.334,-2.5,2.160,-2.326,-3.559,4.7,-2.787,-3.574,-41.500,-3.4,-7.836,-41.500,-98.062,8.2,0.718,-98.062,0.000,0.0,0.000,0.000,0.000,0.0,0.000,0.000
0.9440,3.299,-1.8,-2.135,3.291,1.290,-1.5,1.500,1.290,25.078,4.0,6.832,25.062,95.812,1.7,-0.478,95.750,-2.328,0.5,1.929,-2.334,-3.568,0.7,-2.646,-3.559,-41.500,0.7,-7.895,-41.500,-98.000,5.2,0.723,-98.062,0.000,0.0,0.000,0.000,0.000,0.0,0.000,0.000
0.9460,3.299,-0.5,-1.858,3.299,1.296,2.9,1.705,1.290,25.078,2.7,7.000,25.078,95.750,-4.9,-0.585,95.812,-2.332,-0.2,1.895,-2.328,-3.564,2.2,-2.463,-3.568,-41.500,0.8,-7.590,-41.500,-98.000,4.6,0.628,-98.000,0.000,0.0,0.000,0.000,0.000,0.0,0.000,0.000
0.9480,3.305,2.2,-2.121,3.299,1.296,2.4,1.766,1.296,25.094,4.4,7.004,25.078,95.750,-4.7,-0.557,95.750,-2.332,1.1,1.928,-2.332,-3.568,-0.4,-2.439,-3.564,-41.500,1.0,-7.602,-41.500,-98.000,5.2,0.645,-98.000,0.000,0.0,0.000,0.000,0.000,0.0,0.000,0.000
0.9500,3.291,-2.5,-1.939,3.305,1.293,-0.1,1.740,1.296,25.094,-0.1,7.223,25.094,95.750,-0.2,-0.685,95.750,-2.344,-4.3,1.869,-2.332,-3.559,3.9,-2.363,-3.568,-41.500,0.9,-7.426,-41.500,-98.000,2.0,0.667,-98.000,0.000,0.0,0.000,0.000,0.000,0.0,0.000,0.000
0.9520,3.291,-2.9,-2.221,3.291,1.303,2.6,1.820,1.293,25.125,6.9,6.988,25.094,95.750,-1.9,-0.701,95.750,-2.344,-4.1,1.783,-2.344,-3.564,0.2,-2.205,-3.559,-41.500,-2.2,-7.328,-41.500,-98.000,-0.7,0.575,-98.000,0.000,0.0,0.000,0.000,0.000,0.0,0.000,0.000
0.9540,3.289,-3.1,-2.039,3.291,1.303,1.6,2.066,1.303,25.141,6.7,7.430,25.125,95.750,-1.3,-0.864,95.750,-2.328,3.3,1.634,-2.344,-3.568,-1.8,-1.962,-3.564,-41.469,3.1,-7.227,-41.500,-98.000,-1.3,0.548,-98.000,0.000,0.0,0.000,0.000,0.000,0.0,0.000,0.000
0.9560,3.295,-0.2,-2.295,3.289,1.318,6.2,2.102,1.303,25.156,7.9,7.441,25.141,95.750,-5.5,-0.960,95.750,-2.338,0.8,1.804,-2.328,-3.562,0.4,-1.972,-3.568,-41.469,3.3,-7.051,-41.469,-98.062,-5.4,0.566,-98.000,0.000,0.0,0.000,0.000,0.000,0.0,0.000,0.000
0.9581,3.291,-0.9,-2.201,3.295,1.312,-0.0,1.957,1.318,25.188,13.2,7.004,25.156,95.750,-3.6,-0.759,95.750,-2.342,-0.5,1.822,-2.338,-3.559,0.9,-2.043,-3.562,-41.469,1.2,-7.176,-41.469,-98.062,-5.0,0.591,-98.062,0.000,0.0,0.000,0.000,0.000,0.0,0.000,0.000
0.9601,3.289,-1.7,-2.145,3.291,1.312,-1.9,2.166,1.312,25.188,9.0,7.539,25.188,95.750,-4.4,-0.840,95.750,-2.344,-0.4,1.820,-2.342,-3.555,1.0,-1.922,-3.559,-41.469,1.4,-7.066,-41.469,-98.062,-5.0,0.514,-98.062,0.000,0.0,0.000,0.000,0.000,0.0,0.000,0.000
0.9624,3.291,1.1,-2.232,3.289,1.327,4.4,2.432,1.312,25.219,8.4,7.566,25.188,95.750,-5.2,-0.880,95.750,-2.342,1.6,1.579,-2.344,-3.555,0.9,-1.735,-3.555,-41.469,-2.9,-6.695,-41.469,-98.062,-8.4,0.441,-98.062,0.000,0.0,0.000,0.000,0.000,0.0,0.000,0.000
0.9641,3.285,-1.6,-2.209,3.291,1.321,0.4,2.500,1.327,25.234,8.3,7.492,25.219,95.688,-7.2,-1.075,95.750,-2.350,-1.3,1.746,-2.342,-3.555,0.4,-1.764,-3.555,-41.469,-1.2,-6.465,-41.469,-98.062,-9.4,0.390,-98.062,0.000,0.0,0.000,0.000,0.000,0.0,0.000,0.000
0.9660,3.295,2.5,-2.496,3.285,1.324,1.3,2.844,1.321,25.250,9.9,7.992,25.234,95.688,-5.6,-1.128,95.688,-2.348,0.1,1.469,-2.350,-3.553,1.8,-1.398,-3.555,-41.438,5.6,-6.359,-41.469,-98.062,-5.4,0.196,-98.062,0.000,0.0,0.000,0.000,0.000,0.0,0.000,0.000
0.9680,3.285,-1.6,-2.479,3.295,1.334,4.0,2.797,1.324,25.281,9.7,7.883,25.250,95.688,-12.0,-1.044,95.688,-2.354,-2.5,1.547,-2.348,-3.549,2.8,-1.479,-3.553,-41.438,1.4,-6.359,-41.438,-98.125,-6.6,0.226,-98.062,0.000,0.0,0.000,0.000,0.000,0.0,0.000,0.000
0.9700,3.285,-1.2,-2.477,3.285,1.331,2.2,2.848,1.334,25.297,7.6,7.785,25.281,95.625,-8.4,-1.008,95.688,-2.357,-2.8,1.656,-2.354,-3.543,3.7,-1.539,-3.549,-41.438,-0.6,-6.391,-41.438,-98.125,-6.4,0.235,-98.125,0.000,0.0,0.000,0.000,0.000,0.0,0.000,0.000
0.9720,3.289,1.2,-2.389,3.285,1.334,2.3,2.871,1.331,25.328,13.9,8.133,25.297,95.625,-10.9,-1.033,95.625,-2.350,0.9,1.536,-2.357,-3.543,1.8,-1.396,-3.543,-41.438,3.6,-6.270,-41.438,-98.125,-9.8,0.067,-98.125,0.000,0.0,0.000,0.000,0.000,0.0,0.000,0.000
0.9740,3.279,-3.7,-2.596,3.289,1.327,-2.4,2.863,1.334,25.328,8.3,8.273,25.328,95.625,-11.0,-1.022,95.625,-2.359,-2.7,1.511,-2.350,-3.537,3.6,-1.213,-3.543,-41.438,3.6,-6.105,-41.438,-98.125,-5.7,0.101,-98.125,0.000,0.0,0.000,0.000,0.000,0.0,0.000,0.000
0.9760,3.283,-1.7,-2.625,3.279,1.334,-0.0,3.105,1.327,25.359,9.8,8.531,25.328,95.562,-14.6,-1.041,95.625,-2.357,0.6,1.641,-2.359,-3.533,3.8,-1.194,-3.537,-41.406,5.3,-5.996,-41.438,-98.188,-6.9,0.112,-98.125,0.000,0.0,0.000,0.000,0.000,0.0,0.000,0.000
0.9780,3.291,3.2,-2.672,3.283,1.334,-0.8,2.879,1.334,25.375,12.3,7.945,25.359,95.562,-16.0,-0.789,95.562,-2.357,1.1,1.524,-2.357,-3.547,-2.7,-1.349,-3.533,-41.406,4.4,-6.289,-41.406,-98.188,-11.3,0.257,-98.188,0.000,0.0,0.000,0.000,0.000,0.0,0.000,0.000
0.9808,3.285,0.4,-2.562,3.291,1.337,0.7,3.312,1.334,25.391,8.0,8.742,25.375,95.500,-16.2,-1.021,95.562,-2.365,-3.7,1.909,-2.357,-3.539,-0.3,-1.020,-3.547,-41.406,1.0,-5.543,-41.406,-98.188,-4.9,-0.164,-98.188,0.000,0.0,0.000,0.000,0.000,0.0,0.000,0.000
0.9830,3.279,-2.0,-2.625,3.285,1.337,-0.8,3.059,1.337,25.422,7.8,8.188,25.391,95.438,-19.6,-0.891,95.500,-2.369,-4.3,1.521,-2.365,-3.539,-0.1,-1.137,-3.539,-41.406,0.1,-5.738,-41.406,-98.188,-3.8,0.011,-98.188,0.000,0.0,0.000,0.000,0.000,0.0,0.000,0.000
0.9852,3.270,-3.9,-2.867,3.279,1.334,-2.5,3.293,1.337,25.422,5.6,8.609,25.422,95.375,-21.5,-0.799,95.438,-2.354,2.4,1.675,-2.369,-3.543,-1.1,-1.021,-3.539,-41.406,-1.1,-5.699,-41.406,-98.188,-7.2,-0.094,-98.188,0.000,0.0,0.000,0.000,0.000,0.0,0.000,0.000
0.9873,3.273,-0.8,-3.033,3.270,1.343,1.0,3.504,1.334,25.453,11.0,9.055,25.422,95.312,-25.3,-0.959,95.375,-2.350,2.0,2.836,-2.354,-3.537,2.8,-0.750,-3.543,-41.406,5.6,-5.258,-41.406,-98.250,-5.9,-0.316,-98.188,0.000,0.0,0.000,0.000,0.000,0.0,0.000,0.000
0.9891,3.273,-0.8,-3.033,3.273,1.343,1.0,3.504,1.343,25.453,11.0,9.055,25.453,95.312,-25.3,-0.959,95.312,-2.350,2.0,2.836,-2.350,-3.537,2.8,-0.750,-3.537,-41.406,5.6,-5.258,-41.406,-98.250,-5.9,-0.316,-98.250,0.000,0.0,0.000,0.000,0.000,0.0,0.000,0.000
0.9908,3.254,-6.7,-4.266,3.273,1.350,2.8,3.156,1.343,25.484,9.4,8.172,25.453,95.250,-27.7,-0.645,95.312,-2.334,5.3,1.330,-2.350,-3.547,-1.0,-1.062,-3.537,-41.406,-0.1,-5.879,-41.406,-98.250,-8.5,0.074,-98.250,0.000,0.0,0.000,0.000,0.000,0.0,0.000,0.000
0.9924,3.244,-6.1,-2.398,3.254,1.365,8.6,3.201,1.350,25.484,2.7,8.414,25.484,95.188,-28.0,-0.673,95.250,-2.326,5.2,1.067,-2.334,-3.543,-0.9,-1.209,-3.547,-41.406,0.3,-5.980,-41.406,-98.250,-3.7,0.120,-98.250,0.000,0.0,0.000,0.000,0.000,0.0,0.000,0.000
0.9940,3.236,-6.4,-2.592,3.244,1.350,0.1,3.182,1.365,25.500,5.1,8.531,25.484,95.125,-25.9,-0.644,95.188,-2.332,-1.3,1.262,-2.326,-3.547,-2.2,-1.137,-3.543,-41.406,-1.7,-5.734,-41.406,-98.250,-7.5,0.108,-98.250,0.000,0.0,0.000,0.000,0.000,0.0,0.000,0.000
0.9960,3.244,0.2,-2.811,3.236,1.347,-1.8,3.701,1.350,25.516,4.0,9.188,25.500,95.125,-23.8,-0.886,95.125,-2.332,-1.2,3.182,-2.332,-3.539,2.1,-0.664,-3.547,-41.406,-1.5,-5.062,-41.406,-98.250,-3.3,-0.348,-98.250,0.000,0.0,0.000,0.000,0.000,0.0,0.000,0.000
0.9980,3.248,1.0,-5.195,3.244,1.353,1.1,3.768,1.347,25.531,5.6,9.164,25.516,95.000,-30.0,-0.902,95.125,-2.326,1.3,3.350,-2.332,-3.553,-2.2,-0.497,-3.539,-41.406,-0.4,-5.230,-41.406,-98.250,-4.3,-0.399,-98.250,0.000,0.0,0.000,0.000,0.000,0.0,0.000,0.000
1.0000,3.232,-3.4,-4.465,3.248,1.353,-0.5,3.764,1.353,25.547,9.5,9.211,25.531,95.000,-29.7,-0.861,95.000,-2.312,4.7,2.537,-2.326,-3.553,-1.2,-0.741,-3.553,-41.406,0.8,-5.672,-41.406,-98.312,-7.1,-0.304,-98.250,0.000,0.0,0.000,0.000,0.000,0.0,0.000,0.000
1.0020,3.217,-4.6,-2.359,3.232,1.358,0.3,3.049,1.353,25.562,7.9,8.867,25.547,94.938,-29.0,-0.723,95.000,-2.297,7.3,1.321,-2.312,-3.549,0.9,-1.076,-3.553,-41.406,0.3,-5.668,-41.406,-98.312,-3.5,0.011,-98.312,0.000,0.0,0.000,0.000,0.000,0.0,0.000,0.000
1.0040,3.203,-4.2,-2.625,3.217,1.358,-0.8,3.154,1.358,25.562,3.8,8.547,25.562,94.875,-29.7,-0.554,94.938,-2.295,4.9,1.169,-2.297,-3.553,-0.7,-1.250,-3.549,-41.406,-2.4,-6.117,-41.406,-98.312,-4.9,0.138,-98.312,0.000,0.0,0.000,0.000,0.000,0.0,0.000,0.000
1.0060,3.191,-6.0,-2.377,3.203,1.362,1.0,3.527,1.358,25.578,3.9,9.492,25.562,94.812,-25.8,-0.641,94.875,-2.301,-0.1,1.753,-2.295,-3.547,2.3,-1.120,-3.553,-41.438,-2.0,-5.500,-41.406,-98.312,2.4,-0.029,-98.312,0.000,0.0,0.000,0.000,0.000,0.0,0.000,0.000
1.0080,3.207,1.7,-3.666,3.191,1.368,3.4,3.828,1.362,25.594,5.0,9.320,25.578,94.750,-30.8,-0.850,94.812,-2.303,-0.7,3.080,-2.301,-3.562,-3.4,-0.604,-3.547,-41.438,-3.1,-5.188,-41.438,-98.312,-2.7,-0.357,-98.312,0.000,0.0,0.000,0.000,0.000,0.0,0.000,0.000
1.0100,3.201,-1.8,-4.812,3.207,1.358,-1.9,3.445,1.368,25.594,6.2,9.250,25.594,94.688,-30.0,-0.761,94.750,-2.312,-3.9,2.412,-2.303,-3.564,-2.8,-0.930,-3.562,-41.438,-1.1,-5.543,-41.438,-98.312,-3.5,-0.181,-98.312,0.000,0.0,0.000,0.000,0.000,0.0,0.000,0.000
1.0120,3.195,-3.2,-3.467,3.201,1.362,-0.8,3.293,1.358,25.609,7.6,9.258,25.594,94.625,-32.2,-0.592,94.688,-2.307,-2.0,1.720,-2.312,-3.562,-0.8,-1.168,-3.564,-41.438,-3.7,-5.609,-41.438,-98.312,-0.8,-0.042,-98.312,0.000,0.0,0.000,0.000,0.000,0.0,0.000,0.000
1.0140,3.191,-2.0,-2.838,3.195,1.371,3.0,3.150,1.362,25.625,7.6,8.453,25.609,94.562,-31.7,-0.254,94.625,-2.307,-2.6,1.222,-2.307,-3.564,-0.8,-1.229,-3.562,-41.438,0.7,-6.277,-41.438,-98.312,-0.9,0.195,-98.312,0.000,0.0,0.000,0.000,0.000,0.0,0.000,0.000
1.0160,3.188,-1.1,-2.230,3.191,1.362,-1.7,3.229,1.371,25.625,3.3,9.086,25.625,94.500,-30.3,-0.469,94.562,-2.312,-4.4,1.822,-2.307,-3.568,-1.4,-1.168,-3.564,-41.438,-4.4,-5.758,-41.438,-98.312,-1.3,0.078,-98.312,0.000,0.0,0.000,0.000,0.000,0.0,0.000,0.000
1.0180,3.201,3.6,-3.365,3.188,1.371,2.5,3.254,1.362,25.625,1.6,9.352,25.625,94.438,-28.3,-0.508,94.500,-2.318,-4.6,2.119,-2.312,-3.568,-1.1,-1.184,-3.568,-41.469,-5.7,-5.574,-41.438,-98.312,2.3,0.066,-98.312,0.000,0.0,0.000,0.000,0.000,0.0,0.000,0.000
1.0202,3.201,2.9,-3.199,3.201,1.368,1.7,3.404,1.371,25.625,1.4,9.320,25.625,94.375,-29.2,-0.534,94.438,-2.322,-5.4,2.020,-2.318,-3.570,-1.9,-1.146,-3.568,-41.469,-4.4,-5.789,-41.469,-98.312,0.8,0.000,-98.312,0.000,0.0,0.000,0.000,0.000,0.0,0.000,0.000
1.0227,3.197,-0.6,-2.988,3.201,1.362,-1.0,3.373,1.368,25.625,-1.5,9.227,25.625,94.312,-27.3,-0.584,94.375,-2.326,-1.6,2.295,-2.322,-3.568,1.3,-1.225,-3.570,-41.469,-5.6,-5.664,-41.469,-98.312,0.6,0.056,-98.312,0.000,0.0,0.000,0.000,0.000,0.0,0.000,0.000
1.0247,3.197,-1.7,-3.229,3.197,1.362,-1.7,3.057,1.362,25.625,-2.1,8.578,25.625,94.250,-26.8,-0.404,94.312,-2.318,3.4,1.668,-2.326,-3.564,3.7,-1.254,-3.568,-41.469,-5.8,-6.051,-41.469,-98.312,-0.4,0.333,-98.312,0.000,0.0,0.000,0.000,0.000,0.0,0.000,0.000
1.0261,3.203,1.2,-2.580,3.197,1.371,2.8,3.127,1.362,25.625,-0.9,8.828,25.625,94.188,-32.4,-0.301,94.250,-2.326,1.1,1.620,-2.318,-3.570,1.1,-1.394,-3.564,-41.469,-3.5,-6.508,-41.469,-98.250,4.9,0.384,-98.312,0.000,0.0,0.000,0.000,0.000,0.0,0.000,0.000
1.0280,3.207,2.8,-2.432,3.203,1.368,-0.2,2.697,1.371,25.625,-1.8,8.508,25.625,94.125,-29.3,-0.073,94.188,-2.334,-1.6,1.721,-2.326,-3.574,-0.9,-1.544,-3.570,-41.469,-3.7,-6.254,-41.469,-98.250,2.4,0.543,-98.250,0.000,0.0,0.000,0.000,0.000,0.0,0.000,0.000
1.0300,3.211,1.5,-2.875,3.207,1.365,-1.3,3.051,1.368,25.625,-2.4,8.508,25.625,94.062,-27.4,-0.095,94.125,-2.344,-5.0,1.629,-2.334,-3.580,-3.6,-1.513,-3.574,-41.500,-7.8,-6.457,-41.469,-98.250,3.1,0.488,-98.250,0.000,0.0,0.000,0.000,0.000,0.0,0.000,0.000
1.0320,3.221,4.5,-2.525,3.211,1.365,-0.2,2.807,1.365,25.625,-3.3,8.320,25.625,94.000,-27.3,-0.029,94.062,-2.338,-0.2,1.574,-2.344,-3.578,-1.2,-1.604,-3.580,-41.500,-6.1,-6.352,-41.500,-98.250,5.4,0.529,-98.250,0.000,0.0,0.000,0.000,0.000,0.0,0.000,0.000
1.0340,3.227,6.5,-2.467,3.221,1.358,-3.4,2.791,1.365,25.641,3.2,8.523,25.625,94.000,-25.5,-0.020,94.000,-2.348,-4.0,1.582,-2.338,-3.578,-1.6,-1.655,-3.578,-41.500,-4.5,-6.254,-41.500,-98.250,6.0,0.530,-98.250,0.000,0.0,0.000,0.000,0.000,0.0,0.000,0.000
1.0360,3.229,4.6,-2.559,3.227,1.362,-1.1,2.975,1.358,25.625,1.4,8.547,25.641,93.938,-24.8,-0.278,94.000,-2.344,-0.3,1.561,-2.348,-3.580,-1.7,-1.515,-3.578,-41.531,-2.8,-6.148,-41.500,-98.250,3.4,0.516,-98.250,0.000,0.0,0.000,0.000,0.000,0.0,0.000,0.000
1.0380,3.227,1.0,-2.533,3.229,1.358,-2.4,2.738,1.362,25.625,-1.5,8.094,25.625,93.875,-21.0,-0.211,93.938,-2.348,0.7,1.970,-2.344,-3.578,-0.3,-1.837,-3.580,-41.562,-7.9,-6.621,-41.531,-98.250,3.7,0.647,-98.250,0.000,0.0,0.000,0.000,0.000,0.0,0.000,0.000
1.0400,3.232,3.2,-2.412,3.227,1.368,0.9,2.621,1.358,25.625,-0.8,8.281,25.625,93.875,-19.3,-0.149,93.875,-2.354,-1.5,1.749,-2.348,-3.578,-1.0,-1.874,-3.578,-41.562,-7.8,-6.832,-41.562,-98.250,3.9,0.721,-98.250,0.000,0.0,0.000,0.000,0.000,0.0,0.000,0.000
1.0420,3.236,4.1,-2.422,3.232,1.362,-1.8,2.607,1.368,25.641,1.3,8.094,25.625,93.875,-13.7,-0.208,93.875,-2.357,-2.7,1.689,-2.354,-3.580,-2.9,-1.881,-3.578,-41.562,-6.5,-6.496,-41.562,-98.250,2.2,0.667,-98.250,0.000,0.0,0.000,0.000,0.000,0.0,0.000,0.000
1.0440,3.236,2.0,-2.455,3.236,1.374,5.0,2.793,1.362,25.625,-1.6,8.445,25.641,93.812,-10.2,-0.465,93.875,-2.348,2.2,1.519,-2.357,-3.562,6.7,-1.585,-3.580,-41.594,-7.6,-6.309,-41.562,-98.250,-2.0,0.470,-98.250,0.000,0.0,0.000,0.000,0.000,0.0,0.000,0.000
1.0460,3.232,0.3,-2.355,3.236,1.371,4.8,2.641,1.374,25.625,-2.6,8.031,25.625,93.812,-12.0,-0.216,93.812,-2.357,-2.9,1.641,-2.348,-3.578,-2.4,-2.084,-3.562,-41.594,-3.9,-6.941,-41.594,-98.250,3.4,0.710,-98.250,0.000,0.0,0.000,0.000,0.000,0.0,0.000,0.000
1.0481,3.232,-0.5,-2.348,3.232,1.365,0.6,2.387,1.371,25.625,-2.4,7.727,25.625,93.750,-9.9,-0.244,93.812,-2.354,-0.8,1.812,-2.357,-3.568,2.3,-2.062,-3.578,-41.594,-4.5,-6.891,-41.594,-98.250,1.4,0.746,-98.250,0.000,0.0,0.000,0.000,0.000,0.0,0.000,0.000
1.0502,3.232,-0.5,-2.348,3.232,1.365,0.6,2.387,1.365,25.625,-2.4,7.727,25.625,93.750,-9.9,-0.244,93.750,-2.354,-0.8,1.812,-2.354,-3.568,2.3,-2.062,-3.568,-41.594,-4.5,-6.891,-41.594,-98.250,1.4,0.746,-98.250,0.000,0.0,0.000,0.000,0.000,0.0,0.000,0.000
1.0523,3.238,2.4,-2.328,3.232,1.350,-5.4,2.248,1.365,25.625,0.1,7.523,25.625,93.750,-4.5,-0.138,93.750,-2.354,-1.1,1.711,-2.354,-3.578,-1.6,-2.217,-3.568,-41.625,-3.8,-6.953,-41.594,-98.188,2.6,0.742,-98.250,0.000,0.0,0.000,0.000,0.000,0.0,0.000,0.000
1.0542,3.238,2.1,-2.203,3.238,1.353,-3.0,2.383,1.350,25.625,-0.2,7.430,25.625,93.750,0.4,-0.302,93.750,-2.350,-0.7,1.576,-2.354,-3.570,2.5,-2.207,-3.578,-41.656,-11.3,-7.078,-41.625,-98.188,4.9,0.754,-98.188,0.000,0.0,0.000,0.000,0.000,0.0,0.000,0.000
1.0560,3.244,3.7,-2.475,3.238,1.358,1.5,2.383,1.353,25.625,-1.7,7.387,25.625,93.750,-2.3,-0.282,93.750,-2.348,0.6,1.663,-2.350,-3.584,-3.2,-2.273,-3.570,-41.625,-2.8,-7.152,-41.656,-98.188,5.3,0.831,-98.188,0.000,0.0,0.000,0.000,0.000,0.0,0.000,0.000
1.0580,3.227,-4.5,-2.127,3.244,1.355,1.0,2.072,1.358,25.609,-4.2,7.328,25.625,93.812,5.8,-0.310,93.750,-2.354,-3.5,1.732,-2.348,-3.580,-0.4,-2.334,-3.584,-41.625,-2.1,-7.266,-41.625,-98.188,0.9,0.944,-98.188,0.000,0.0,0.000,0.000,0.000,0.0,0.000,0.000
1.0600,3.227,-4.5,-2.127,3.227,1.355,1.0,2.072,1.355,25.609,-4.2,7.328,25.609,93.812,5.8,-0.310,93.812,-2.354,-3.5,1.732,-2.354,-3.580,-0.4,-2.334,-3.580,-41.625,-2.1,-7.266,-41.625,-98.188,0.9,0.944,-98.188,0.000,0.0,0.000,0.000,0.000,0.0,0.000,0.000
1.0620,3.244,3.2,-2.281,3.227,1.350,-1.3,1.965,1.355,25.609,-2.8,7.352,25.609,93.812,6.8,-0.349,93.812,-2.344,1.1,1.920,-2.354,-3.584,-1.0,-2.369,-3.580,-41.656,-3.6,-7.316,-41.625,-98.188,4.9,0.989,-98.188,0.000,0.0,0.000,0.000,0.000,0.0,0.000,0.000
1.0640,3.242,-0.0,-2.002,3.244,1.353,0.2,1.700,1.350,25.609,-2.9,6.820,25.609,93.812,5.6,-0.131,93.812,-2.350,-2.9,1.924,-2.344,-3.584,0.6,-2.689,-3.584,-41.656,-5.7,-7.789,-41.656,-98.188,0.2,1.100,-98.188,0.000,0.0,0.000,0.000,0.000,0.0,0.000,0.000
1.0660,3.242,-0.0,-2.002,3.242,1.353,0.2,1.700,1.353,25.609,-2.9,6.820,25.609,93.812,5.6,-0.131,93.812,-2.350,-2.9,1.924,-2.350,-3.584,0.6,-2.689,-3.584,-41.656,-5.7,-7.789,-41.656,-98.188,0.2,1.100,-98.188,0.000,0.0,0.000,0.000,0.000,0.0,0.000,0.000
1.0680,3.248,0.9,-2.092,3.242,1.350,-0.1,1.772,1.353,25.594,-3.1,6.684,25.609,93.812,9.3,-0.040,93.812,-2.348,-1.9,1.999,-2.350,-3.596,-2.8,-3.006,-3.584,-41.688,-3.0,-8.336,-41.656,-98.188,5.1,1.184,-98.188,0.000,0.0,0.000,0.000,0.000,0.0,0.000,0.000
1.0700,3.254,3.0,-1.909,3.248,1.347,-0.6,1.350,1.350,25.594,-3.0,6.207,25.594,93.875,7.0,0.203,93.812,-2.332,4.5,2.045,-2.348,-3.596,-1.0,-3.193,-3.596,-41.688,-7.6,-8.336,-41.688,-98.125,4.2,1.391,-98.188,0.000,0.0,0.000,0.000,0.000,0.0,0.000,0.000
1.0720,3.258,3.1,-2.090,3.254,1.350,0.7,1.177,1.347,25.594,-1.8,6.184,25.594,93.875,9.0,0.192,93.875,-2.338,0.3,1.996,-2.332,-3.604,-2.8,-3.180,-3.596,-41.688,-4.4,-8.180,-41.688,-98.125,5.1,1.434,-98.125,0.000,0.0,0.000,0.000,0.000,0.0,0.000,0.000
1.0740,3.258,3.1,-2.090,3.258,1.350,0.7,1.177,1.350,25.594,-1.8,6.184,25.594,93.875,9.0,0.192,93.875,-2.338,0.3,1.996,-2.338,-3.604,-2.8,-3.180,-3.604,-41.688,-4.4,-8.180,-41.688,-98.125,5.1,1.434,-98.125,0.000,0.0,0.000,0.000,0.000,0.0,0.000,0.000
1.0763,3.258,3.1,-2.090,3.258,1.350,0.7,1.177,1.350,25.594,-1.8,6.184,25.594,93.875,9.0,0.192,93.875,-2.338,0.3,1.996,-2.338,-3.604,-2.8,-3.180,-3.604,-41.688,-4.4,-8.180,-41.688,-98.125,5.1,1.434,-98.125,0.000,0.0,0.000,0.000,0.000,0.0,0.000,0.000
1.0786,3.258,3.1,-2.090,3.258,1.350,0.7,1.177,1.350,25.594,-1.8,6.184,25.594,93.875,9.0,0.192,93.875,-2.338,0.3,1.996,-2.338,-3.604,-2.8,-3.180,-3.604,-41.688,-4.4,-8.180,-41.688,-98.125,5.1,1.434,-98.125,0.000,0.0,0.000,0.000,0.000,0.0,0.000,0.000
1.0816,3.258,3.1,-2.090,3.258,1.350,0.7,1.177,1.350,25.594,-1.8,6.184,25.594,93.875,9.0,0.192,93.875,-2.338,0.3,1.996,-2.338,-3.604,-2.8,-3.180,-3.604,-41.688,-4.4,-8.180,-41.688,-98.125,5.1,1.434,-98.125,0.000,0.0,0.000,0.000,0.000,0.0,0.000,0.000
1.0839,3.258,3.1,-2.090,3.258,1.350,0.7,1.177,1.350,25.594,-1.8,6.184,25.594,93.875,9.0,0.192,93.875,-2.338,0.3,1.996,-2.338,-3.604,-2.8,-3.180,-3.604,-41.688,-4.4,-8.180,-41.688,-98.125,5.1,1.434,-98.125,0.000,0.0,0.000,0.000,0.000,0.0,0.000,0.000
1.0853,3.260,3.7,-1.977,3.258,1.350,1.0,1.239,1.350,25.594,-2.2,6.242,25.594,93.875,8.7,0.219,93.875,-2.332,2.6,1.996,-2.338,-3.609,-4.7,-3.020,-3.604,-41.688,-5.1,-7.930,-41.688,-98.125,4.3,1.362,-98.125,0.000,0.0,0.000,0.000,0.000,0.0,0.000,0.000
1.0867,3.270,2.0,-1.915,3.260,1.334,-1.2,1.036,1.350,25.547,-2.4,6.098,25.594,94.000,10.4,0.204,93.875,-2.312,3.0,2.064,-2.332,-3.627,-3.0,-3.424,-3.609,-41.812,-6.9,-8.133,-41.688,-98.062,5.3,1.391,-98.125,0.000,0.0,0.000,0.000,0.000,0.0,0.000,0.000
1.0883,3.268,0.6,-1.711,3.270,1.337,-0.6,0.988,1.334,25.547,-4.3,5.902,25.547,94.062,12.0,0.143,94.000,-2.322,-2.4,2.188,-2.312,-3.611,4.3,-3.455,-3.627,-41.812,-3.4,-8.289,-41.812,-98.000,8.5,1.322,-98.062,0.000,0.0,0.000,0.000,0.000,0.0,0.000,0.000
1.0900,3.264,-0.4,-1.716,3.268,1.334,-2.5,1.000,1.337,25.547,-0.5,6.000,25.547,94.062,6.6,0.196,94.062,-2.318,-1.6,2.178,-2.322,-3.631,-4.4,-3.295,-3.611,-41.812,-6.1,-8.219,-41.812,-98.000,8.7,1.376,-98.000,0.000,0.0,0.000,0.000,0.000,0.0,0.000,0.000
1.0920,3.268,1.2,-1.812,3.264,1.343,1.8,1.183,1.334,25.547,2.3,6.125,25.547,94.062,8.2,0.034,94.062,-2.318,-1.3,2.107,-2.318,-3.625,-0.8,-3.209,-3.631,-41.812,-4.4,-8.305,-41.812,-98.000,8.0,1.378,-98.000,0.000,0.0,0.000,0.000,0.000,0.0,0.000,0.000
1.0940,3.260,-1.4,-1.745,3.268,1.337,-2.0,1.258,1.343,25.547,1.0,5.945,25.547,94.062,9.3,0.012,94.062,-2.318,-0.6,2.125,-2.318,-3.627,-2.3,-3.377,-3.625,-41.812,-0.9,-8.406,-41.812,-98.000,7.6,1.396,-98.000,0.000,0.0,0.000,0.000,0.000,0.0,0.000,0.000
1.0960,3.258,-2.0,-1.590,3.260,1.340,-1.5,1.085,1.337,25.562,0.9,5.707,25.547,94.062,8.2,0.085,94.062,-2.312,2.8,2.232,-2.318,-3.627,-3.0,-3.613,-3.627,-41.844,0.6,-8.617,-41.812,-98.000,4.4,1.478,-98.000,0.000,0.0,0.000,0.000,0.000,0.0,0.000,0.000
1.0980,3.264,0.9,-1.716,3.258,1.350,1.7,1.130,1.340,25.562,2.6,6.020,25.562,94.125,5.9,0.106,94.062,-2.312,1.7,1.838,-2.312,-3.631,-3.1,-3.236,-3.627,-41.844,-3.6,-8.500,-41.844,-97.938,9.5,1.474,-98.000,0.000,0.0,0.000,0.000,0.000,0.0,0.000,0.000
1.1000,3.268,2.9,-1.876,3.264,1.353,3.0,1.364,1.350,25.562,-0.1,6.195,25.562,94.125,2.6,0.051,94.125,-2.318,0.0,2.400,-2.312,-3.625,0.2,-3.197,-3.631,-41.844,-2.3,-8.516,-41.844,-97.938,11.5,1.378,-97.938,0.000,0.0,0.000,0.000,0.000,0.0,0.000,0.000
1.1020,3.264,1.3,-1.733,3.268,1.340,-3.4,1.245,1.353,25.562,0.3,6.062,25.562,94.125,-0.9,0.109,94.125,-2.312,3.1,2.082,-2.318,-3.635,-3.7,-3.258,-3.625,-41.844,0.8,-8.289,-41.844,-97.938,5.5,1.373,-97.938,0.000,0.0,0.000,0.000,0.000,0.0,0.000,0.000
1.1040,3.254,-2.9,-1.724,3.264,1.347,-1.2,1.316,1.340,25.562,0.3,6.195,25.562,94.125,0.1,0.146,94.125,-2.326,-2.4,2.070,-2.312,-3.627,-1.2,-3.150,-3.635,-41.844,-1.0,-8.195,-41.844,-97.938,6.5,1.331,-97.938,0.000,0.0,0.000,0.000,0.000,0.0,0.000,0.000
1.1060,3.254,-2.9,-1.724,3.254,1.347,-1.2,1.316,1.347,25.562,0.3,6.195,25.562,94.125,0.1,0.146,94.125,-2.326,-2.4,2.070,-2.326,-3.627,-1.2,-3.150,-3.627,-41.844,-1.0,-8.195,-41.844,-97.938,6.5,1.331,-97.938,0.000,0.0,0.000,0.000,0.000,0.0,0.000,0.000
1.1080,3.254,-2.9,-1.724,3.254,1.347,-1.2,1.316,1.347,25.562,0.3,6.195,25.562,94.125,0.1,0.146,94.125,-2.326,-2.4,2.070,-2.326,-3.627,-1.2,-3.150,-3.627,-41.844,-1.0,-8.195,-41.844,-97.938,6.5,1.331,-97.938,0.000,0.0,0.000,0.000,0.000,0.0,0.000,0.000
1.1100,3.254,-2.9,-1.724,3.254,1.347,-1.2,1.316,1.347,25.562,0.3,6.195,25.562,94.125,0.1,0.146,94.125,-2.326,-2.4,2.070,-2.326,-3.627,-1.2,-3.150,-3.627,-41.844,-1.0,-8.195,-41.844,-97.938,6.5,1.331,-97.938,0.000,0.0,0.000,0.000,0.000,0.0,0.000,0.000
1.1123,3.254,-2.9,-1.724,3.254,1.347,-1.2,1.316,1.347,25.562,0.3,6.195,25.562,94.125,0.1,0.146,94.125,-2.326,-2.4,2.070,-2.326,-3.627,-1.2,-3.150,-3.627,-41.844,-1.0,-8.195,-41.844,-97.938,6.5,1.331,-97.938,0.000,0.0,0.000,0.000,0.000,0.0,0.000,0.000
1.1148,3.254,-2.9,-1.724,3.254,1.347,-1.2,1.316,1.347,25.562,0.3,6.195,25.562,94.125,0.1,0.146,94.125,-2.326,-2.4,2.070,-2.326,-3.627,-1.2,-3.150,-3.627,-41.844,-1.0,-8.195,-41.844,-97.938,6.5,1.331,-97.938,0.000,0.0,0.000,0.000,0.000,0.0,0.000,0.000
1.1173,3.260,-0.7,-1.874,3.254,1.365,1.1,1.567,1.347,25.609,0.8,6.457,25.562,94.062,-1.5,0.039,94.125,-2.328,-1.7,2.102,-2.326,-3.627,-0.6,-3.104,-3.627,-41.844,-1.0,-8.391,-41.844,-97.938,3.7,1.516,-97.938,0.000,0.0,0.000,0.000,0.000,0.0,0.000,0.000
1.1190,3.254,-2.9,-1.804,3.260,1.355,-2.7,1.544,1.365,25.609,0.5,6.465,25.609,94.062,-4.3,0.015,94.062,-2.316,4.6,2.139,-2.328,-3.625,0.2,-3.273,-3.627,-41.844,-0.9,-8.391,-41.844,-97.938,-1.2,1.580,-97.938,0.000,0.0,0.000,0.000,0.000,0.0,0.000,0.000
1.1205,3.258,-1.2,-1.841,3.254,1.358,-1.4,1.479,1.355,25.625,4.1,6.797,25.609,94.062,0.8,-0.137,94.062,-2.326,-0.9,1.743,-2.316,-3.621,2.0,-2.627,-3.625,-41.844,-2.1,-8.422,-41.844,-97.938,-0.4,1.386,-97.938,0.000,0.0,0.000,0.000,0.000,0.0,0.000,0.000
1.1221,3.268,2.5,-2.062,3.258,1.365,1.0,1.677,1.358,25.625,-0.6,6.539,25.625,94.062,1.1,-0.156,94.062,-2.332,-3.0,1.978,-2.326,-3.625,-0.1,-2.996,-3.621,-41.844,0.9,-8.242,-41.844,-97.938,0.9,1.439,-97.938,0.000,0.0,0.000,0.000,0.000,0.0,0.000,0.000
1.1240,3.264,0.5,-1.849,3.268,1.368,2.7,1.738,1.365,25.625,1.0,6.723,25.625,94.062,-4.2,-0.132,94.062,-2.322,1.3,1.959,-2.332,-3.625,-1.0,-3.066,-3.625,-41.844,0.2,-8.156,-41.844,-97.938,-0.1,1.456,-97.938,0.000,0.0,0.000,0.000,0.000,0.0,0.000,0.000
1.1260,3.268,2.0,-1.848,3.264,1.362,-0.8,1.831,1.368,25.641,8.9,7.195,25.625,94.062,1.3,-0.292,94.062,-2.338,-6.5,1.726,-2.322,-3.627,-2.6,-2.541,-3.625,-41.844,-1.0,-7.684,-41.844,-97.938,-3.4,1.257,-97.938,0.000,0.0,0.000,0.000,0.000,0.0,0.000,0.000
1.1280,3.258,-2.3,-2.035,3.268,1.374,4.6,2.244,1.362,25.641,-0.3,7.180,25.641,94.062,0.2,-0.466,94.062,-2.326,0.9,1.810,-2.338,-3.619,1.3,-2.566,-3.627,-41.844,5.5,-7.414,-41.844,-97.938,-1.1,1.102,-97.938,0.000,0.0,0.000,0.000,0.000,0.0,0.000,0.000
1.1300,3.268,3.2,-1.896,3.258,1.368,-0.6,1.958,1.374,25.656,3.4,6.906,25.641,94.062,-1.0,-0.371,94.062,-2.328,0.6,2.041,-2.326,-3.605,6.2,-2.676,-3.619,-41.844,-0.3,-7.828,-41.844,-97.938,-1.9,1.253,-97.938,0.000,0.0,0.000,0.000,0.000,0.0,0.000,0.000
1.1320,3.258,-3.4,-1.991,3.268,1.374,0.5,2.209,1.368,25.656,5.7,7.508,25.656,94.062,-2.9,-0.587,94.062,-2.334,-1.3,1.922,-2.328,-3.615,-0.1,-2.375,-3.605,-41.844,3.8,-7.445,-41.844,-97.938,-3.6,1.026,-97.938,0.000,0.0,0.000,0.000,0.000,0.0,0.000,0.000
1.1340,3.264,2.1,-1.921,3.258,1.381,2.5,2.221,1.374,25.672,6.2,7.445,25.656,94.062,-0.7,-0.632,94.062,-2.332,0.7,1.854,-2.334,-3.611,0.1,-2.377,-3.615,-41.844,0.8,-7.441,-41.844,-97.938,-5.4,1.020,-97.938,0.000,0.0,0.000,0.000,0.000,0.0,0.000,0.000
1.1360,3.268,2.5,-2.320,3.264,1.381,0.3,2.443,1.381,25.688,7.6,7.254,25.672,94.062,0.0,-0.605,94.062,-2.342,-2.6,1.866,-2.332,-3.611,-0.6,-2.387,-3.611,-41.812,1.6,-7.184,-41.844,-97.938,-1.0,0.985,-97.938,0.000,0.0,0.000,0.000,0.000,0.0,0.000,0.000
1.1385,3.268,2.5,-2.320,3.268,1.381,0.3,2.443,1.381,25.688,7.6,7.254,25.688,94.062,0.0,-0.605,94.062,-2.342,-2.6,1.866,-2.342,-3.611,-0.6,-2.387,-3.611,-41.812,1.6,-7.184,-41.812,-97.938,-1.0,0.985,-97.938,0.000,0.0,0.000,0.000,0.000,0.0,0.000,0.000
1.1408,3.254,-0.0,-1.999,3.268,1.396,3.4,2.391,1.381,25.703,3.2,7.598,25.688,94.062,-3.0,-0.625,94.062,-2.334,2.7,1.675,-2.342,-3.615,-4.5,-2.160,-3.611,-41.812,0.8,-7.336,-41.812,-97.938,-2.6,0.911,-97.938,0.000,0.0,0.000,0.000,0.000,0.0,0.000,0.000
1.1430,3.252,-1.2,-2.125,3.254,1.394,-1.0,2.545,1.396,25.734,9.3,7.730,25.703,94.000,-5.6,-0.694,94.062,-2.354,-5.9,1.736,-2.334,-3.605,1.4,-1.977,-3.615,-41.812,3.2,-6.812,-41.812,-97.938,-2.6,0.757,-97.938,0.000,0.0,0.000,0.000,0.000,0.0,0.000,0.000
1.1451,3.252,-1.8,-2.260,3.252,1.409,4.2,2.553,1.394,25.734,2.4,7.578,25.734,94.000,-6.8,-0.751,94.000,-2.342,0.7,1.588,-2.354,-3.605,0.1,-2.143,-3.605,-41.812,-1.4,-6.926,-41.812,-97.938,0.2,0.851,-97.938,0.000,0.0,0.000,0.000,0.000,0.0,0.000,0.000
1.1464,3.258,0.8,-2.377,3.252,1.406,2.2,2.607,1.409,25.750,6.9,7.531,25.734,94.000,-1.5,-0.696,94.000,-2.342,1.8,1.852,-2.342,-3.605,-0.2,-2.203,-3.605,-41.781,6.5,-7.184,-41.812,-97.938,-1.5,0.824,-97.938,0.000,0.0,0.000,0.000,0.000,0.0,0.000,0.000
1.1480,3.248,-2.9,-2.217,3.258,1.409,3.1,2.633,1.406,25.750,1.9,7.531,25.750,94.000,-2.1,-0.700,94.000,-2.344,0.2,1.777,-2.342,-3.609,-1.6,-2.184,-3.605,-41.812,-1.5,-7.191,-41.781,-97.938,0.7,0.883,-97.938,0.000,0.0,0.000,0.000,0.000,0.0,0.000,0.000
1.1500,3.254,0.7,-2.336,3.248,1.406,1.5,2.629,1.409,25.750,1.3,7.746,25.750,94.000,-3.8,-0.701,94.000,-2.350,-1.8,1.664,-2.344,-3.604,1.4,-2.201,-3.609,-41.812,1.2,-7.086,-41.812,-98.000,-2.3,0.891,-97.938,0.000,0.0,0.000,0.000,0.000,0.0,0.000,0.000
1.1520,3.254,1.0,-2.217,3.254,1.396,-3.6,2.965,1.406,25.766,9.4,7.898,25.750,94.000,-2.2,-0.865,94.000,-2.357,-4.5,1.540,-2.350,-3.605,-0.0,-1.817,-3.604,-41.781,4.0,-6.598,-41.812,-98.000,-3.8,0.854,-98.000,0.000,0.0,0.000,0.000,0.000,0.0,0.000,0.000
1.1540,3.254,0.5,-2.281,3.254,1.402,-0.6,2.355,1.396,25.766,1.6,7.898,25.766,94.000,-3.1,-0.708,94.000,-2.354,-2.8,1.558,-2.357,-3.611,-2.7,-2.350,-3.605,-41.781,4.4,-7.227,-41.781,-98.000,-0.3,0.881,-98.000,0.000,0.0,0.000,0.000,0.000,0.0,0.000,0.000
1.1560,3.264,3.8,-2.391,3.254,1.399,-2.1,2.273,1.402,25.781,5.6,7.430,25.766,94.000,-4.1,-0.604,94.000,-2.348,0.1,1.631,-2.354,-3.609,-1.2,-2.586,-3.611,-41.812,-1.5,-7.707,-41.781,-98.000,-0.7,1.076,-98.000,0.000,0.0,0.000,0.000,0.000,0.0,0.000,0.000
1.1580,3.258,0.3,-2.031,3.264,1.399,-2.9,2.502,1.399,25.781,3.4,7.777,25.781,94.000,-3.9,-0.713,94.000,-2.344,0.6,1.501,-2.348,-3.611,-2.2,-2.348,-3.609,-41.812,-0.9,-7.078,-41.812,-98.000,-1.1,0.955,-98.000,0.000,0.0,0.000,0.000,0.000,0.0,0.000,0.000
1.1600,3.254,-2.4,-2.301,3.258,1.396,-3.3,2.938,1.399,25.766,-1.5,8.266,25.781,93.938,-7.2,-0.982,94.000,-2.344,0.8,1.497,-2.344,-3.619,-3.1,-1.827,-3.611,-41.812,-1.5,-6.340,-41.812,-97.938,4.6,0.670,-98.000,0.000,0.0,0.000,0.000,0.000,0.0,0.000,0.000
1.1623,3.270,5.2,-2.281,3.254,1.409,3.2,2.557,1.396,25.781,2.6,7.746,25.766,93.938,-3.1,-0.654,93.938,-2.350,-1.9,1.669,-2.344,-3.609,3.1,-2.205,-3.619,-41.812,-2.3,-7.215,-41.812,-97.938,0.7,0.975,-97.938,0.000,0.0,0.000,0.000,0.000,0.0,0.000,0.000
1.1643,3.264,2.0,-2.254,3.270,1.409,2.6,2.545,1.409,25.766,1.3,7.855,25.781,93.938,-1.0,-0.798,93.938,-2.338,4.7,1.718,-2.350,-3.619,-1.9,-2.318,-3.609,-41.812,-0.4,-7.250,-41.812,-97.938,1.3,0.965,-97.938,0.000,0.0,0.000,0.000,0.000,0.0,0.000,0.000
1.1664,3.248,-5.3,-2.145,3.264,1.402,-0.9,2.502,1.409,25.766,-0.8,7.758,25.766,93.938,-3.2,-0.683,93.938,-2.342,2.7,1.593,-2.338,-3.621,-3.0,-2.211,-3.619,-41.812,0.5,-7.121,-41.812,-97.938,-0.2,1.008,-97.938,0.000,0.0,0.000,0.000,0.000,0.0,0.000,0.000
1.1682,3.258,-0.4,-2.111,3.248,1.399,-2.0,2.674,1.402,25.781,3.2,7.676,25.766,93.938,-1.3,-0.708,93.938,-2.338,3.4,1.548,-2.342,-3.611,1.2,-2.266,-3.621,-41.812,-1.5,-7.098,-41.812,-97.938,-0.4,1.137,-97.938,0.000,0.0,0.000,0.000,0.000,0.0,0.000,0.000
1.1700,3.268,4.1,-2.047,3.258,1.399,-0.9,2.338,1.399,25.766,-2.1,7.621,25.781,93.938,-0.9,-0.555,93.938,-2.350,-2.0,1.801,-2.338,-3.621,-2.7,-2.527,-3.611,-41.812,-1.9,-7.625,-41.812,-98.000,-2.5,1.191,-97.938,0.000,0.0,0.000,0.000,0.000,0.0,0.000,0.000
1.1720,3.252,-3.6,-2.301,3.268,1.409,4.7,2.279,1.399,25.766,-1.2,7.500,25.766,93.938,-1.7,-0.691,93.938,-2.338,3.5,1.785,-2.350,-3.625,-2.8,-2.406,-3.621,-41.844,-1.7,-7.285,-41.812,-97.938,-1.4,1.129,-98.000,0.000,0.0,0.000,0.000,0.000,0.0,0.000,0.000
1.1740,3.254,-2.4,-2.076,3.252,1.396,-0.7,2.389,1.409,25.750,-4.6,7.664,25.766,93.938,1.9,-0.634,93.938,-2.338,2.6,1.556,-2.338,-3.631,-2.7,-2.301,-3.625,-41.844,-5.0,-7.328,-41.844,-97.938,0.7,1.114,-97.938,0.000,0.0,0.000,0.000,0.000,0.0,0.000,0.000
1.1760,3.260,0.1,-1.914,3.254,1.394,-1.2,2.359,1.396,25.766,-0.7,7.613,25.750,93.938,-3.2,-0.762,93.938,-2.342,0.7,1.526,-2.338,-3.637,-4.1,-2.408,-3.631,-41.844,-3.8,-7.316,-41.844,-97.938,-1.0,1.128,-97.938,0.000,0.0,0.000,0.000,0.000,0.0,0.000,0.000
1.1780,3.260,-1.4,-2.232,3.260,1.394,-1.4,2.221,1.394,25.766,-0.5,7.398,25.766,93.938,1.4,-0.605,93.938,-2.338,2.9,1.827,-2.342,-3.637,-2.3,-2.562,-3.637,-41.844,-4.8,-7.281,-41.844,-97.938,-0.3,1.172,-97.938,0.000,0.0,0.000,0.000,0.000,0.0,0.000,0.000
1.1800,3.268,1.6,-2.088,3.260,1.387,-3.6,2.410,1.394,25.750,-3.3,7.566,25.766,93.938,1.6,-0.712,93.938,-2.348,-1.8,1.767,-2.338,-3.635,-0.1,-2.465,-3.637,-41.844,-0.5,-7.379,-41.844,-97.938,5.6,1.181,-97.938,0.000,0.0,0.000,0.000,0.000,0.0,0.000,0.000
1.1820,3.258,-1.6,-1.806,3.268,1.396,1.0,1.750,1.387,25.750,-1.5,6.855,25.750,93.938,-3.0,-0.327,93.938,-2.350,-4.0,1.786,-2.348,-3.625,4.7,-3.207,-3.635,-41.875,-3.4,-8.164,-41.844,-97.938,-0.0,1.581,-97.938,0.000,0.0,0.000,0.000,0.000,0.0,0.000,0.000
1.1840,3.264,0.2,-1.982,3.258,1.394,-0.1,2.170,1.396,25.750,-3.8,7.488,25.750,93.938,-0.8,-0.688,93.938,-2.342,1.0,1.677,-2.350,-3.637,-0.5,-2.496,-3.625,-41.875,-7.2,-7.422,-41.875,-97.938,-1.3,1.397,-97.938,0.000,0.0,0.000,0.000,0.000,0.0,0.000,0.000
1.1860,3.260,-2.6,-2.074,3.264,1.391,-1.0,2.088,1.394,25.750,-4.2,7.109,25.750,93.938,2.4,-0.486,93.938,-2.338,2.2,1.606,-2.342,-3.650,-4.3,-2.707,-3.637,-41.875,-6.2,-7.629,-41.875,-97.938,1.2,1.418,-97.938,0.000,0.0,0.000,0.000,0.000,0.0,0.000,0.000
1.1883,3.275,3.6,-2.074,3.260,1.387,-1.3,1.893,1.391,25.750,-3.2,6.840,25.750,93.938,2.2,-0.395,93.938,-2.344,-1.0,1.923,-2.338,-3.646,-0.1,-3.035,-3.650,-41.906,-8.3,-7.938,-41.875,-97.938,-0.3,1.601,-97.938,0.000,0.0,0.000,0.000,0.000,0.0,0.000,0.000
1.1903,3.270,-0.2,-1.944,3.275,1.374,-5.9,2.109,1.387,25.734,-3.9,7.516,25.750,93.938,2.6,-0.520,93.938,-2.334,1.5,1.734,-2.344,-3.650,0.6,-2.617,-3.646,-41.906,-4.4,-7.344,-41.906,-97.938,0.3,1.378,-97.938,0.000,0.0,0.000,0.000,0.000,0.0,0.000,0.000
1.1926,3.279,3.1,-2.156,3.270,1.384,-0.5,2.115,1.374,25.750,-1.1,7.336,25.734,94.000,4.6,-0.514,93.938,-2.344,-3.2,1.790,-2.334,-3.652,0.4,-2.660,-3.650,-41.938,-6.8,-7.414,-41.906,-97.938,1.0,1.343,-97.938,0.000,0.0,0.000,0.000,0.000,0.0,0.000,0.000
1.1944,3.273,-0.8,-2.100,3.279,1.378,-2.3,1.941,1.384,25.750,0.5,6.805,25.750,93.938,-1.9,-0.280,94.000,-2.332,2.5,1.976,-2.344,-3.662,-2.3,-3.047,-3.652,-41.938,-6.3,-7.703,-41.938,-97.938,0.8,1.531,-97.938,0.000,0.0,0.000,0.000,0.000,0.0,0.000,0.000
1.1960,3.275,1.6,-1.566,3.273,1.384,1.3,1.683,1.378,25.734,0.0,6.781,25.750,93.938,0.9,-0.197,93.938,-2.334,0.5,1.954,-2.332,-3.652,3.3,-3.162,-3.662,-41.938,-4.2,-7.973,-41.938,-97.938,4.7,1.645,-97.938,0.000,0.0,0.000,0.000,0.000,0.0,0.000,0.000
1.1980,3.268,-2.8,-1.869,3.275,1.381,-0.2,1.698,1.384,25.734,-2.8,6.898,25.734,93.938,1.1,-0.158,93.938,-2.334,-0.2,1.980,-2.334,-3.666,-1.4,-3.059,-3.652,-41.969,-9.0,-7.723,-41.938,-97.938,3.3,1.673,-97.938,0.000,0.0,0.000,0.000,0.000,0.0,0.000,0.000
1.2000,3.275,0.4,-1.891,3.268,1.368,-5.2,1.889,1.381,25.734,-3.2,6.719,25.734,93.938,-0.9,-0.235,93.938,-2.328,1.8,1.854,-2.334,-3.672,-3.2,-3.109,-3.666,-42.000,-12.1,-7.812,-41.969,-97.938,3.6,1.562,-97.938,0.000,0.0,0.000,0.000,0.000,0.0,0.000,0.000
1.2020,3.275,-0.6,-1.932,3.275,1.378,0.5,2.074,1.368,25.734,-0.5,7.469,25.734,94.000,0.3,-0.535,93.938,-2.334,-1.6,1.729,-2.328,-3.674,-2.6,-2.682,-3.672,-42.000,-9.2,-7.246,-42.000,-97.938,-0.5,1.415,-97.938,0.000,0.0,0.000,0.000,0.000,0.0,0.000,0.000
1.2040,3.275,-0.7,-1.917,3.275,1.384,4.3,1.966,1.378,25.719,-4.1,6.738,25.734,94.000,2.8,-0.402,94.000,-2.332,0.0,1.970,-2.334,-3.672,1.1,-3.021,-3.674,-42.031,-10.1,-7.652,-42.000,-97.938,1.7,1.588,-97.938,0.000,0.0,0.000,0.000,0.000,0.0,0.000,0.000
1.2060,3.273,-2.7,-1.961,3.275,1.365,-4.2,1.708,1.384,25.719,-2.7,6.523,25.719,94.000,1.5,-0.147,94.000,-2.334,-2.2,1.972,-2.332,-3.684,-2.9,-3.322,-3.672,-42.031,-6.7,-8.156,-42.031,-97.938,3.5,1.745,-97.938,0.000,0.0,0.000,0.000,0.000,0.0,0.000,0.000
1.2080,3.279,0.6,-1.639,3.273,1.371,-1.0,1.464,1.365,25.719,1.0,6.508,25.719,94.000,0.6,-0.145,94.000,-2.332,0.1,2.113,-2.334,-3.684,-2.4,-3.467,-3.684,-42.062,-7.8,-8.000,-42.031,-97.938,0.3,1.881,-97.938,0.000,0.0,0.000,0.000,0.000,0.0,0.000,0.000
1.2100,3.283,2.8,-1.729,3.279,1.368,-2.6,1.752,1.371,25.719,-2.9,7.000,25.719,94.000,0.2,-0.252,94.000,-2.334,-1.8,1.891,-2.332,-3.688,-2.9,-2.980,-3.684,-42.062,-7.7,-7.492,-42.062,-97.938,0.4,1.641,-97.938,0.000,0.0,0.000,0.000,0.000,0.0,0.000,0.000
1.2120,3.275,-1.6,-2.016,3.283,1.368,-2.3,1.562,1.368,25.719,-1.6,6.566,25.719,94.000,0.5,-0.125,94.000,-2.334,-2.1,2.158,-2.334,-3.684,1.2,-3.283,-3.688,-42.094,-7.3,-8.125,-42.062,-97.938,0.4,1.824,-97.938,0.000,0.0,0.000,0.000,0.000,0.0,0.000,0.000
1.2140,3.283,2.0,-1.648,3.275,1.371,-0.1,1.502,1.368,25.734,3.8,6.727,25.719,94.000,-2.4,-0.176,94.000,-2.318,4.9,1.953,-2.334,-3.707,-7.5,-3.201,-3.684,-42.094,-11.1,-7.977,-42.094,-97.875,2.1,1.832,-97.938,0.000,0.0,0.000,0.000,0.000,0.0,0.000,0.000
1.2161,3.279,-0.7,-1.929,3.283,1.365,-2.9,1.777,1.371,25.703,-3.3,7.055,25.734,94.000,1.5,-0.380,94.000,-2.326,2.0,2.018,-2.318,-3.699,-2.1,-2.883,-3.707,-42.125,-7.8,-7.590,-42.094,-97.875,1.5,1.622,-97.875,0.000,0.0,0.000,0.000,0.000,0.0,0.000,0.000
1.2180,3.275,-1.8,-1.817,3.279,1.371,0.2,1.757,1.365,25.719,-0.7,6.785,25.703,94.000,2.0,-0.384,94.000,-2.322,2.7,1.922,-2.326,-3.709,-4.8,-3.129,-3.699,-42.125,-7.1,-7.770,-42.125,-97.875,4.0,1.651,-97.875,0.000,0.0,0.000,0.000,0.000,0.0,0.000,0.000
1.2201,3.273,-3.2,-1.952,3.275,1.374,1.8,1.893,1.371,25.719,2.6,6.906,25.719,94.000,-0.1,-0.346,94.000,-2.328,-1.0,1.934,-2.322,-3.707,-0.5,-3.012,-3.709,-42.125,-8.0,-7.777,-42.125,-97.875,5.3,1.600,-97.875,0.000,0.0,0.000,0.000,0.000,0.0,0.000,0.000
1.2222,3.273,-2.9,-1.951,3.273,1.374,0.6,1.778,1.374,25.734,4.6,7.172,25.719,94.000,-2.1,-0.475,94.000,-2.328,-0.6,1.799,-2.328,-3.709,-1.3,-3.111,-3.707,-42.125,-2.5,-7.805,-42.125,-97.875,-2.4,1.562,-97.875,0.000,0.0,0.000,0.000,0.000,0.0,0.000,0.000
1.2240,3.283,1.5,-1.911,3.273,1.378,0.7,1.948,1.374,25.734,6.4,6.879,25.734,94.000,-4.4,-0.435,94.000,-2.326,1.5,1.900,-2.328,-3.713,-2.9,-3.008,-3.709,-42.156,-4.9,-7.812,-42.125,-97.875,3.1,1.624,-97.875,0.000,0.0,0.000,0.000,0.000,0.0,0.000,0.000
1.2260,3.289,4.6,-1.749,3.283,1.384,3.0,1.707,1.378,25.719,-2.2,6.785,25.734,93.938,-4.9,-0.276,94.000,-2.338,-3.4,1.980,-2.326,-3.709,-1.5,-3.170,-3.713,-42.156,-7.7,-8.031,-42.156,-97.875,2.2,1.738,-97.875,0.000,0.0,0.000,0.000,0.000,0.0,0.000,0.000
1.2280,3.279,-0.2,-1.762,3.289,1.381,1.3,1.704,1.384,25.719,-0.3,6.914,25.719,94.000,-0.4,-0.401,93.938,-2.334,-1.6,1.990,-2.338,-3.709,-1.4,-3.283,-3.709,-42.156,-6.6,-8.078,-42.156,-97.875,1.4,1.833,-97.875,0.000,0.0,0.000,0.000,0.000,0.0,0.000,0.000
1.2300,3.275,-1.9,-1.903,3.279,1.381,0.8,2.502,1.381,25.734,1.5,8.070,25.719,94.000,0.6,-0.815,94.000,-2.332,0.1,1.734,-2.334,-3.709,0.4,-2.299,-3.709,-42.156,-4.4,-6.961,-42.156,-97.875,2.9,1.292,-97.875,0.000,0.0,0.000,0.000,0.000,0.0,0.000,0.000
1.2320,3.275,-2.8,-2.082,3.275,1.384,2.2,2.621,1.381,25.734,5.5,7.910,25.734,93.938,-4.8,-0.937,94.000,-2.326,3.0,1.676,-2.332,-3.713,-0.5,-2.562,-3.709,-42.156,-4.6,-7.301,-42.156,-97.875,-3.3,1.417,-97.875,0.000,0.0,0.000,0.000,0.000,0.0,0.000,0.000
1.2340,3.285,2.2,-2.076,3.275,1.387,1.2,2.291,1.384,25.734,3.1,7.109,25.734,93.938,-4.1,-0.674,93.938,-2.332,1.3,2.105,-2.326,-3.713,-0.0,-2.885,-3.713,-42.156,-2.6,-7.887,-42.156,-97.875,-2.0,1.679,-97.875,0.000,0.0,0.000,0.000,0.000,0.0,0.000,0.000
1.2360,3.283,1.1,-2.004,3.285,1.391,0.9,1.988,1.387,25.750,7.6,7.105,25.734,93.938,0.2,-0.520,93.938,-2.334,-0.4,1.789,-2.332,-3.713,-1.1,-3.033,-3.713,-42.156,-2.4,-7.727,-42.156,-97.875,-1.5,1.678,-97.875,0.000,0.0,0.000,0.000,0.000,0.0,0.000,0.000
1.2380,3.273,-2.7,-1.993,3.283,1.394,1.0,1.896,1.391,25.750,3.4,7.125,25.750,93.938,-1.7,-0.499,93.938,-2.322,5.5,1.882,-2.334,-3.713,-0.6,-2.885,-3.713,-42.156,-1.0,-7.926,-42.156,-97.875,-1.6,1.674,-97.875,0.000,0.0,0.000,0.000,0.000,0.0,0.000,0.000
1.2400,3.270,-3.5,-1.792,3.273,1.387,-2.0,2.037,1.394,25.750,-2.6,8.164,25.750,93.938,1.8,-1.078,93.938,-2.334,0.3,1.523,-2.322,-3.713,-0.6,-2.262,-3.713,-42.156,2.7,-6.828,-42.156,-97.875,-1.2,1.249,-97.875,0.000,0.0,0.000,0.000,0.000,0.0,0.000,0.000
1.2423,3.285,3.9,-2.152,3.270,1.384,-3.0,2.875,1.387,25.750,0.5,8.078,25.750,93.938,-2.2,-1.038,93.938,-2.342,-3.2,1.516,-2.334,-3.713,-0.1,-2.350,-3.713,-42.188,-3.0,-7.133,-42.156,-97.875,0.7,1.257,-97.875,0.000,0.0,0.000,0.000,0.000,0.0,0.000,0.000
1.2442,3.273,-1.8,-2.080,3.285,1.387,-0.8,2.691,1.384,25.750,-0.4,7.988,25.750,93.938,-3.4,-1.072,93.938,-2.338,-1.2,1.660,-2.342,-3.713,-0.8,-2.410,-3.713,-42.156,-0.2,-7.180,-42.188,-97.875,1.6,1.220,-97.875,0.000,0.0,0.000,0.000,0.000,0.0,0.000,0.000
1.2462,3.273,-1.8,-2.100,3.273,1.387,-1.1,2.650,1.387,25.766,3.1,7.945,25.750,93.938,-2.9,-0.948,93.938,-2.334,0.8,1.354,-2.338,-3.693,7.5,-2.422,-3.713,-42.156,3.8,-6.992,-42.156,-97.875,-3.2,1.237,-97.875,0.000,0.0,0.000,0.000,0.000,0.0,0.000,0.000
1.2482,3.275,-0.4,-2.033,3.273,1.391,-0.7,2.678,1.387,25.781,6.3,7.570,25.766,93.938,-1.1,-0.816,93.938,-2.338,0.4,1.563,-2.334,-3.703,0.6,-2.537,-3.693,-42.156,1.1,-7.043,-42.156,-97.875,1.4,1.335,-97.875,0.000,0.0,0.000,0.000,0.000,0.0,0.000,0.000
1.2500,3.275,0.2,-1.975,3.275,1.406,5.1,2.434,1.391,25.766,-2.1,7.523,25.781,93.938,-2.1,-0.668,93.938,-2.348,-2.2,2.037,-2.338,-3.697,3.1,-2.695,-3.703,-42.156,1.1,-7.465,-42.156,-97.938,-1.3,1.454,-97.875,0.000,0.0,0.000,0.000,0.000,0.0,0.000,0.000
1.2520,3.279,1.4,-2.189,3.275,1.396,-0.2,2.424,1.406,25.766,-3.1,7.723,25.766,93.938,0.4,-0.799,93.938,-2.338,2.9,1.749,-2.348,-3.703,0.7,-2.537,-3.697,-42.156,-1.8,-7.496,-42.156,-97.938,0.1,1.494,-97.938,0.000,0.0,0.000,0.000,0.000,0.0,0.000,0.000
1.2540,3.279,0.8,-2.141,3.279,1.394,-1.5,2.465,1.396,25.781,4.9,8.305,25.766,93.938,-2.2,-0.982,93.938,-2.348,-2.3,1.513,-2.338,-3.707,0.1,-2.416,-3.703,-42.156,-0.2,-7.305,-42.156,-97.875,2.2,1.189,-97.938,0.000,0.0,0.000,0.000,0.000,0.0,0.000,0.000
1.2560,3.275,-1.5,-2.195,3.279,1.387,-2.2,3.090,1.394,25.766,-0.9,8.008,25.781,93.875,-4.5,-0.969,93.938,-2.338,1.7,1.456,-2.348,-3.709,0.5,-2.336,-3.707,-42.156,-0.0,-7.156,-42.156,-97.875,2.6,1.184,-97.875,0.000,0.0,0.000,0.000,0.000,0.0,0.000,0.000
1.2580,3.275,-1.2,-2.127,3.275,1.387,-1.0,2.576,1.387,25.766,-0.4,7.898,25.766,93.875,-1.5,-0.871,93.875,-2.348,-2.4,1.774,-2.338,-3.713,-0.6,-2.633,-3.709,-42.156,-0.0,-7.297,-42.156,-97.938,0.3,1.316,-97.875,0.000,0.0,0.000,0.000,0.000,0.0,0.000,0.000
1.2600,3.273,-2.1,-1.930,3.275,1.384,-1.6,2.494,1.387,25.781,4.3,7.438,25.766,93.875,-4.5,-0.617,93.875,-2.334,2.3,1.637,-2.348,-3.709,-0.0,-3.088,-3.713,-42.188,-1.0,-7.816,-42.156,-97.875,7.0,1.456,-97.938,0.000,0.0,0.000,0.000,0.000,0.0,0.000,0.000
1.2620,3.273,-2.3,-1.985,3.273,1.384,-1.4,2.234,1.384,25.766,-2.2,8.078,25.781,93.875,-1.9,-1.034,93.875,-2.348,-3.6,1.542,-2.334,-3.713,-0.9,-2.482,-3.709,-42.188,-1.1,-7.352,-42.188,-97.875,3.1,1.375,-97.875,0.000,0.0,0.000,0.000,0.000,0.0,0.000,0.000
1.2640,3.285,3.7,-2.057,3.273,1.387,1.1,2.779,1.384,25.750,-4.7,7.777,25.766,93.875,-0.7,-0.886,93.875,-2.338,0.3,1.566,-2.348,-3.713,-0.5,-2.676,-3.713,-42.188,0.1,-7.508,-42.188,-97.875,2.5,1.332,-97.875,0.000,0.0,0.000,0.000,0.000,0.0,0.000,0.000
1.2660,3.291,6.0,-1.979,3.285,1.381,-1.7,2.492,1.387,25.766,0.7,7.715,25.750,93.875,-1.3,-0.864,93.875,-2.344,-3.1,1.732,-2.338,-3.713,-0.8,-2.773,-3.713,-42.188,-2.1,-7.535,-42.188,-97.875,1.6,1.420,-97.875,0.000,0.0,0.000,0.000,0.000,0.0,0.000,0.000
1.2680,3.275,-2.1,-1.952,3.291,1.391,2.6,2.469,1.381,25.766,-1.1,7.781,25.766,93.875,-0.8,-0.896,93.875,-2.334,2.6,1.702,-2.344,-3.715,-1.9,-2.756,-3.713,-42.188,-0.1,-7.715,-42.188,-97.875,-0.9,1.508,-97.875,0.000,0.0,0.000,0.000,0.000,0.0,0.000,0.000
1.2701,3.283,0.5,-1.985,3.275,1.378,-3.4,2.492,1.391,25.766,-1.3,7.289,25.766,93.875,0.8,-0.696,93.875,-2.348,-4.1,1.778,-2.334,-3.713,0.2,-2.969,-3.715,-42.188,-1.5,-7.996,-42.188,-97.875,1.8,1.679,-97.875,0.000,0.0,0.000,0.000,0.000,0.0,0.000,0.000
1.2721,3.279,-0.2,-1.826,3.283,1.384,0.4,2.213,1.378,25.750,-3.6,7.340,25.766,93.875,-2.6,-0.632,93.875,-2.332,3.7,1.845,-2.348,-3.719,-2.5,-3.027,-3.713,-42.188,-1.5,-7.762,-42.188,-97.875,-1.2,1.694,-97.875,0.000,0.0,0.000,0.000,0.000,0.0,0.000,0.000
1.2741,3.285,1.7,-2.102,3.279,1.371,-4.0,2.180,1.384,25.750,-1.7,7.805,25.750,93.875,-0.1,-0.851,93.875,-2.344,-2.3,1.932,-2.332,-3.725,-3.8,-2.578,-3.719,-42.188,-1.2,-7.570,-42.188,-97.875,-0.1,1.566,-97.875,0.000,0.0,0.000,0.000,0.000,0.0,0.000,0.000
1.2761,3.285,0.7,-2.035,3.285,1.371,-2.9,2.357,1.371,25.750,-2.8,7.758,25.750,93.875,1.1,-0.917,93.875,-2.328,3.9,1.524,-2.344,-3.719,0.6,-2.648,-3.725,-42.219,-6.3,-7.434,-42.188,-97.875,-1.9,1.536,-97.875,0.000,0.0,0.000,0.000,0.000,0.0,0.000,0.000
1.2780,3.285,1.5,-1.879,3.285,1.371,-1.6,2.477,1.371,25.750,0.3,7.441,25.750,93.875,0.6,-0.786,93.875,-2.332,1.3,1.640,-2.328,-3.725,-0.9,-2.748,-3.719,-42.219,-2.0,-7.426,-42.219,-97.875,-1.7,1.493,-97.875,0.000,0.0,0.000,0.000,0.000,0.0,0.000,0.000
1.2800,3.283,-0.2,-1.986,3.285,1.368,-2.3,2.094,1.371,25.750,-1.0,7.676,25.750,93.875,3.2,-0.803,93.875,-2.328,2.3,1.596,-2.332,-3.729,-2.4,-2.971,-3.725,-42.219,-3.7,-7.715,-42.219,-97.875,3.4,1.630,-97.875,0.000,0.0,0.000,0.000,0.000,0.0,0.000,0.000
1.2820,3.285,0.9,-1.943,3.283,1.371,-2.0,2.268,1.368,25.750,-0.2,7.660,25.750,93.875,0.1,-0.908,93.875,-2.334,-1.1,1.776,-2.328,-3.725,-0.4,-2.893,-3.729,-42.219,-4.1,-7.566,-42.219,-97.875,1.6,1.553,-97.875,0.000,0.0,0.000,0.000,0.000,0.0,0.000,0.000
1.2840,3.283,-0.2,-2.105,3.285,1.378,1.0,2.299,1.371,25.750,-1.8,7.355,25.750,93.875,-1.4,-0.671,93.875,-2.334,-0.7,1.704,-2.334,-3.725,0.0,-3.184,-3.725,-42.219,-4.8,-7.785,-42.219,-97.875,1.6,1.705,-97.875,0.000,0.0,0.000,0.000,0.000,0.0,0.000,0.000
1.2860,3.279,-1.9,-1.937,3.283,1.374,-0.9,2.162,1.378,25.750,0.8,7.855,25.750,93.875,-1.1,-0.906,93.875,-2.334,0.0,1.647,-2.334,-3.738,-4.7,-2.613,-3.725,-42.219,-1.7,-7.285,-42.219,-97.875,1.7,1.526,-97.875,0.000,0.0,0.000,0.000,0.000,0.0,0.000,0.000
1.2880,3.289,1.8,-2.043,3.279,1.368,-3.4,2.490,1.374,25.750,1.4,7.109,25.750,93.875,-0.9,-0.591,93.875,-2.334,-0.2,1.714,-2.334,-3.723,3.0,-3.332,-3.738,-42.219,-1.8,-8.000,-42.219,-97.875,-1.4,1.855,-97.875,0.000,0.0,0.000,0.000,0.000,0.0,0.000,0.000
1.2900,3.291,2.1,-1.964,3.289,1.381,2.7,1.974,1.368,25.750,1.3,7.422,25.750,93.875,0.5,-0.772,93.875,-2.326,4.0,1.667,-2.334,-3.730,-1.1,-2.889,-3.723,-42.219,2.2,-7.715,-42.219,-97.875,0.5,1.739,-97.875,0.000,0.0,0.000,0.000,0.000,0.0,0.000,0.000
1.2920,3.289,-0.2,-1.961,3.291,1.371,-2.1,2.016,1.381,25.750,2.1,7.410,25.750,93.875,2.1,-0.714,93.875,-2.332,1.7,1.800,-2.326,-3.730,0.4,-2.900,-3.730,-42.250,0.0,-7.766,-42.219,-97.875,-3.6,1.739,-97.875,0.000,0.0,0.000,0.000,0.000,0.0,0.000,0.000
1.2940,3.289,-0.7,-1.891,3.289,1.371,-1.1,2.088,1.371,25.750,-0.5,7.676,25.750,93.875,1.4,-0.890,93.875,-2.338,-1.7,1.599,-2.332,-3.744,-3.6,-2.703,-3.730,-42.250,-4.6,-7.465,-42.250,-97.875,-1.3,1.661,-97.875,0.000,0.0,0.000,0.000,0.000,0.0,0.000,0.000
1.2961,3.285,-1.9,-1.986,3.289,1.381,2.9,2.262,1.371,25.750,-1.1,7.832,25.750,93.875,-0.3,-1.006,93.875,-2.334,-0.7,1.557,-2.338,-3.734,2.3,-2.715,-3.744,-42.250,-0.6,-7.172,-42.250,-97.875,3.1,1.538,-97.875,0.000,0.0,0.000,0.000,0.000,0.0,0.000,0.000
1.2981,3.285,-1.9,-2.041,3.285,1.374,-0.2,2.555,1.381,25.750,0.1,7.840,25.750,93.875,-1.0,-1.037,93.875,-2.348,-7.3,1.476,-2.334,-3.729,4.9,-2.627,-3.734,-42.281,-5.4,-7.211,-42.250,-97.875,-2.2,1.403,-97.875,0.000,0.0,0.000,0.000,0.000,0.0,0.000,0.000
1.3002,3.283,-3.2,-2.016,3.285,1.391,7.2,2.574,1.374,25.750,1.3,7.996,25.750,93.875,1.2,-1.079,93.875,-2.344,-3.7,1.714,-2.348,-3.738,-0.9,-2.627,-3.729,-42.281,-3.2,-7.137,-42.281,-97.875,-1.7,1.293,-97.875,0.000,0.0,0.000,0.000,0.000,0.0,0.000,0.000
1.3024,3.283,-3.5,-2.074,3.283,1.391,4.7,2.676,1.391,25.766,3.0,7.621,25.750,93.875,-2.2,-0.922,93.875,-2.334,0.2,1.695,-2.344,-3.734,-0.6,-2.775,-3.738,-42.281,-2.5,-7.289,-42.281,-97.875,-3.4,1.522,-97.875,0.000,0.0,0.000,0.000,0.000,0.0,0.000,0.000
1.3040,3.283,-3.3,-1.976,3.283,1.387,1.2,2.182,1.391,25.766,1.5,7.461,25.766,93.875,-2.9,-0.760,93.875,-2.344,-2.8,1.906,-2.334,-3.729,0.8,-3.080,-3.734,-42.250,5.5,-7.957,-42.281,-97.875,-3.5,1.774,-97.875,0.000,0.0,0.000,0.000,0.000,0.0,0.000,0.000
1.3060,3.289,0.1,-1.842,3.283,1.391,1.1,2.295,1.387,25.766,-1.3,7.582,25.766,93.875,1.3,-0.820,93.875,-2.338,-0.2,1.750,-2.344,-3.744,-5.8,-2.924,-3.729,-42.281,-1.9,-7.656,-42.250,-97.875,-2.1,1.813,-97.875,0.000,0.0,0.000,0.000,0.000,0.0,0.000,0.000
1.3080,3.289,-0.1,-2.020,3.289,1.391,1.1,2.467,1.391,25.750,-3.4,7.438,25.766,93.875,-0.8,-0.781,93.875,-2.328,5.1,1.858,-2.338,-3.734,1.0,-2.785,-3.744,-42.281,-4.8,-7.516,-42.281,-97.875,2.0,1.766,-97.875,0.000,0.0,0.000,0.000,0.000,0.0,0.000,0.000
1.3100,3.289,-0.2,-1.987,3.289,1.384,-1.4,2.266,1.391,25.750,-0.5,8.125,25.750,93.875,1.2,-0.985,93.875,-2.338,0.8,1.717,-2.328,-3.746,-3.5,-2.662,-3.734,-42.281,-6.5,-7.449,-42.281,-97.875,-1.5,1.580,-97.875,0.000,0.0,0.000,0.000,0.000,0.0,0.000,0.000
1.3120,3.291,0.6,-2.090,3.289,1.378,-2.2,2.719,1.384,25.750,-1.4,8.547,25.750,93.875,-5.5,-1.266,93.875,-2.328,4.0,1.406,-2.338,-3.754,-3.7,-2.168,-3.746,-42.281,-0.4,-6.781,-42.281,-97.875,0.4,1.305,-97.875,0.000,0.0,0.000,0.000,0.000,0.0,0.000,0.000
1.3140,3.289,-0.4,-1.981,3.291,1.381,-0.1,2.816,1.378,25.766,0.2,7.422,25.750,93.875,1.1,-0.893,93.875,-2.338,-1.4,1.644,-2.328,-3.750,-3.0,-3.205,-3.754,-42.312,-3.3,-7.746,-42.281,-97.875,4.1,1.712,-97.875,0.000,0.0,0.000,0.000,0.000,0.0,0.000,0.000
1.3160,3.283,-3.1,-1.768,3.289,1.384,1.4,2.172,1.381,25.766,-0.7,7.270,25.766,93.875,-2.1,-0.743,93.875,-2.334,0.1,1.600,-2.338,-3.744,-0.1,-3.430,-3.750,-42.312,-3.7,-8.156,-42.312,-97.875,3.5,1.998,-97.875,0.000,0.0,0.000,0.000,0.000,0.0,0.000,0.000
1.3180,3.283,-3.0,-1.727,3.283,1.384,0.5,2.018,1.384,25.766,-0.0,7.512,25.766,93.875,-1.1,-0.846,93.875,-2.348,-5.1,1.766,-2.334,-3.746,-1.1,-2.889,-3.744,-42.312,-3.7,-7.730,-42.312,-97.875,0.3,1.836,-97.875,0.000,0.0,0.000,0.000,0.000,0.0,0.000,0.000
1.3200,3.289,-1.2,-1.995,3.283,1.378,-2.3,2.277,1.384,25.750,-4.0,8.445,25.766,93.875,4.0,-1.251,93.875,-2.334,1.3,1.512,-2.348,-3.740,2.9,-2.555,-3.746,-42.312,-5.3,-7.035,-42.312,-97.875,1.5,1.511,-97.875,0.000,0.0,0.000,0.000,0.000,0.0,0.000,0.000
1.3223,3.289,-1.6,-2.008,3.289,1.378,-1.0,2.867,1.378,25.766,2.6,7.395,25.750,93.875,-1.1,-0.873,93.875,-2.338,-0.4,1.762,-2.334,-3.750,-0.9,-3.285,-3.740,-42.344,-4.1,-7.961,-42.312,-97.875,-0.1,1.896,-97.875,0.000,0.0,0.000,0.000,0.000,0.0,0.000,0.000
1.3243,3.295,0.9,-1.765,3.289,1.381,-0.6,2.047,1.378,25.750,-3.9,7.605,25.766,93.875,-0.6,-0.923,93.875,-2.342,-1.6,1.773,-2.338,-3.754,-2.0,-3.191,-3.750,-42.344,-9.1,-7.762,-42.344,-97.875,1.8,1.940,-97.875,0.000,0.0,0.000,0.000,0.000,0.0,0.000,0.000
1.3262,3.289,-1.5,-1.813,3.295,1.371,-4.5,2.271,1.381,25.766,-0.8,7.504,25.750,93.875,0.4,-0.908,93.875,-2.338,-0.5,1.779,-2.342,-3.750,-0.9,-3.010,-3.754,-42.344,-4.9,-7.516,-42.344,-97.875,3.6,1.851,-97.875,0.000,0.0,0.000,0.000,0.000,0.0,0.000,0.000
1.3283,3.289,-1.7,-2.020,3.289,1.384,2.2,2.268,1.371,25.766,-0.6,6.770,25.766,93.875,3.9,-0.579,93.875,-2.328,3.7,1.856,-2.338,-3.754,-2.2,-3.570,-3.750,-42.375,-9.1,-7.734,-42.344,-97.875,5.6,1.923,-97.875,0.000,0.0,0.000,0.000,0.000,0.0,0.000,0.000
1.3300,3.291,0.1,-1.587,3.289,1.374,-2.1,1.729,1.384,25.766,0.3,7.789,25.766,93.875,2.9,-0.708,93.875,-2.328,4.1,1.784,-2.328,-3.750,0.0,-3.061,-3.754,-42.375,-3.9,-7.836,-42.375,-97.875,4.2,1.895,-97.875,0.000,0.0,0.000,0.000,0.000,0.0,0.000,0.000
1.3320,3.295,0.8,-1.980,3.291,1.374,-1.2,2.363,1.374,25.750,-1.7,7.098,25.766,93.875,0.5,-0.711,93.875,-2.338,-1.6,1.815,-2.328,-3.760,-3.6,-3.385,-3.750,-42.406,-8.0,-7.520,-42.375,-97.875,3.7,1.822,-97.875,0.000,0.0,0.000,0.000,0.000,0.0,0.000,0.000
1.3340,3.289,-1.6,-1.682,3.295,1.368,-3.3,1.773,1.374,25.750,-2.0,7.145,25.750,93.875,5.2,-0.609,93.875,-2.332,0.6,1.718,-2.338,-3.762,-3.8,-3.406,-3.760,-42.438,-8.6,-7.852,-42.406,-97.812,6.3,2.027,-97.875,0.000,0.0,0.000,0.000,0.000,0.0,0.000,0.000
1.3360,3.295,1.7,-1.548,3.289,1.368,-2.8,1.949,1.368,25.750,-0.5,6.770,25.750,93.875,0.3,-0.380,93.875,-2.326,2.2,1.737,-2.332,-3.756,0.5,-3.852,-3.762,-42.438,-9.9,-8.352,-42.438,-97.812,9.3,2.195,-97.812,0.000,0.0,0.000,0.000,0.000,0.0,0.000,0.000
1.3380,3.299,2.6,-1.565,3.295,1.368,-1.6,1.508,1.368,25.734,-2.6,7.281,25.750,93.875,-1.5,-0.709,93.875,-2.332,-0.8,1.694,-2.326,-3.770,-3.4,-3.209,-3.756,-42.469,-10.4,-7.602,-42.438,-97.812,6.2,1.852,-97.812,0.000,0.0,0.000,0.000,0.000,0.0,0.000,0.000
1.3400,3.305,3.9,-1.786,3.299,1.362,-3.8,1.957,1.368,25.734,-0.8,7.199,25.734,93.875,2.4,-0.679,93.875,-2.338,-3.2,2.004,-2.332,-3.770,-1.7,-3.434,-3.770,-42.469,-10.3,-7.871,-42.469,-97.812,5.4,1.959,-97.812,0.000,0.0,0.000,0.000,0.000,0.0,0.000,0.000
1.3420,3.301,1.3,-1.774,3.305,1.374,2.5,1.938,1.362,25.750,1.6,6.449,25.734,93.875,3.4,-0.245,93.875,-2.332,-0.4,1.964,-2.338,-3.775,-2.5,-3.865,-3.770,-42.500,-11.0,-8.391,-42.469,-97.812,7.0,2.215,-97.812,0.000,0.0,0.000,0.000,0.000,0.0,0.000,0.000
1.3440,3.301,0.1,-1.649,3.301,1.362,-3.2,1.372,1.374,25.734,-4.5,6.715,25.750,93.875,1.4,-0.410,93.875,-2.328,0.2,1.840,-2.332,-3.779,-2.5,-3.795,-3.775,-42.531,-10.2,-8.445,-42.500,-97.750,6.5,2.160,-97.812,0.000,0.0,0.000,0.000,0.000,0.0,0.000,0.000
1.3460,3.299,-1.9,-1.614,3.301,1.368,-0.3,1.408,1.362,25.750,5.0,6.996,25.734,93.875,3.1,-0.559,93.875,-2.326,0.8,1.798,-2.328,-3.785,-2.7,-3.496,-3.779,-42.531,-11.0,-8.133,-42.531,-97.750,8.7,2.066,-97.750,0.000,0.0,0.000,0.000,0.000,0.0,0.000,0.000
1.3480,3.314,4.8,-1.830,3.299,1.365,-0.4,1.772,1.368,25.734,1.9,6.738,25.750,93.875,1.7,-0.474,93.875,-2.344,-7.8,2.154,-2.326,-3.781,0.5,-3.736,-3.785,-42.562,-8.0,-8.102,-42.531,-97.750,12.7,2.016,-97.750,0.000,0.0,0.000,0.000,0.000,0.0,0.000,0.000
1.3500,3.301,-2.2,-1.841,3.314,1.371,2.9,1.587,1.365,25.734,-1.1,6.535,25.734,93.875,-0.1,-0.394,93.875,-2.328,-1.1,1.980,-2.344,-3.795,-3.1,-3.746,-3.781,-42.562,-9.2,-8.242,-42.562,-97.688,10.9,2.123,-97.750,0.000,0.0,0.000,0.000,0.000,0.0,0.000,0.000
1.3520,3.305,-0.2,-1.570,3.301,1.368,1.2,1.485,1.371,25.734,0.2,6.488,25.734,93.875,-0.1,-0.273,93.875,-2.316,4.1,1.934,-2.328,-3.791,-0.4,-3.879,-3.795,-42.562,-5.9,-8.445,-42.562,-97.688,9.2,2.174,-97.688,0.000,0.0,0.000,0.000,0.000,0.0,0.000,0.000
1.3540,3.307,1.2,-1.558,3.305,1.362,-2.4,1.415,1.368,25.734,2.3,6.867,25.734,93.875,-1.8,-0.405,93.875,-2.326,-2.3,1.806,-2.316,-3.801,-3.6,-3.695,-3.791,-42.594,-2.3,-8.406,-42.562,-97.688,10.5,2.084,-97.688,0.000,0.0,0.000,0.000,0.000,0.0,0.000,0.000
1.3560,3.305,-0.7,-1.664,3.307,1.365,-0.8,1.626,1.362,25.734,2.0,6.484,25.734,93.875,-2.2,-0.439,93.875,-2.322,-1.3,2.238,-2.326,-3.803,-3.2,-3.857,-3.801,-42.594,-5.9,-8.430,-42.594,-97.625,9.6,2.105,-97.688,0.000,0.0,0.000,0.000,0.000,0.0,0.000,0.000
1.3580,3.307,1.0,-1.693,3.305,1.368,0.8,1.353,1.365,25.719,-1.6,6.535,25.734,93.875,-3.6,-0.393,93.875,-2.316,1.3,2.143,-2.322,-3.803,-1.2,-3.914,-3.803,-42.625,-6.0,-8.742,-42.594,-97.625,10.6,2.238,-97.625,0.000,0.0,0.000,0.000,0.000,0.0,0.000,0.000
1.3600,3.307,0.9,-1.484,3.307,1.381,6.2,1.289,1.368,25.734,1.9,6.980,25.719,93.875,0.1,-0.554,93.875,-2.326,-3.1,1.902,-2.316,-3.816,-4.2,-3.543,-3.803,-42.625,-8.0,-8.469,-42.625,-97.625,13.0,2.154,-97.625,0.000,0.0,0.000,0.000,0.000,0.0,0.000,0.000
1.3620,3.314,3.6,-1.652,3.307,1.374,3.0,1.662,1.381,25.734,2.6,7.453,25.734,93.875,-1.0,-0.894,93.875,-2.322,-1.9,1.775,-2.326,-3.811,0.6,-3.217,-3.816,-42.656,-4.4,-7.816,-42.625,-97.562,11.5,1.800,-97.625,0.000,0.0,0.000,0.000,0.000,0.0,0.000,0.000
1.3640,3.305,-1.1,-1.848,3.314,1.368,-0.3,1.979,1.374,25.750,5.2,7.117,25.734,93.875,-0.8,-0.869,93.875,-2.322,-1.2,1.839,-2.322,-3.811,0.8,-3.479,-3.811,-42.656,-3.3,-8.062,-42.656,-97.562,11.0,1.860,-97.562,0.000,0.0,0.000,0.000,0.000,0.0,0.000,0.000
1.3660,3.301,-1.9,-1.665,3.305,1.378,3.1,1.812,1.368,25.750,6.6,7.051,25.750,93.875,-2.8,-0.769,93.875,-2.316,2.2,1.748,-2.322,-3.807,1.8,-3.539,-3.811,-42.656,-3.1,-8.344,-42.656,-97.562,7.6,1.971,-97.562,0.000,0.0,0.000,0.000,0.000,0.0,0.000,0.000
1.3680,3.301,-1.2,-1.489,3.301,1.384,2.5,1.642,1.378,25.750,2.4,6.656,25.750,93.875,-5.1,-0.641,93.875,-2.322,0.1,2.158,-2.316,-3.803,2.8,-3.998,-3.807,-42.656,-5.6,-9.086,-42.656,-97.500,8.3,2.324,-97.562,0.000,0.0,0.000,0.000,0.000,0.0,0.000,0.000
1.3700,3.314,5.7,-1.561,3.301,1.387,2.4,1.488,1.384,25.750,1.7,7.242,25.750,93.875,-2.6,-0.897,93.875,-2.332,-4.0,1.915,-2.322,-3.811,0.4,-3.441,-3.803,-42.656,-3.0,-8.227,-42.656,-97.500,5.2,1.972,-97.500,0.000,0.0,0.000,0.000,0.000,0.0,0.000,0.000
1.3720,3.301,-1.2,-1.825,3.314,1.391,2.3,1.883,1.387,25.766,2.7,7.488,25.750,93.875,-3.4,-0.963,93.875,-2.328,-2.8,1.878,-2.332,-3.812,0.1,-3.230,-3.811,-42.656,-2.9,-8.086,-42.656,-97.500,3.7,1.870,-97.500,0.000,0.0,0.000,0.000,0.000,0.0,0.000,0.000
1.3740,3.305,-0.1,-1.873,3.301,1.391,2.0,2.121,1.391,25.766,3.2,7.789,25.766,93.875,-1.6,-1.248,93.875,-2.332,-3.4,1.665,-2.328,-3.812,0.9,-2.812,-3.812,-42.688,-1.4,-7.402,-42.656,-97.500,6.2,1.639,-97.500,0.000,0.0,0.000,0.000,0.000,0.0,0.000,0.000
1.3760,3.295,-3.9,-1.726,3.305,1.391,1.2,2.520,1.391,25.781,4.3,7.629,25.766,93.875,-1.3,-1.140,93.875,-2.322,2.2,1.775,-2.332,-3.803,4.3,-3.184,-3.812,-42.656,2.7,-8.039,-42.688,-97.500,3.6,1.890,-97.500,0.000,0.0,0.000,0.000,0.000,0.0,0.000,0.000
1.3780,3.305,1.4,-1.854,3.295,1.406,6.9,2.328,1.391,25.781,4.6,7.715,25.781,93.875,-3.3,-1.162,93.875,-2.332,-2.1,1.945,-2.322,-3.816,-2.9,-2.971,-3.803,-42.656,6.6,-7.582,-42.656,-97.500,2.2,1.760,-97.500,0.000,0.0,0.000,0.000,0.000,0.0,0.000,0.000
1.3800,3.299,-0.7,-1.887,3.305,1.396,-0.1,2.395,1.406,25.797,5.7,7.926,25.781,93.875,-2.0,-1.232,93.875,-2.338,-4.6,1.830,-2.332,-3.797,4.8,-2.855,-3.816,-42.656,6.1,-7.461,-42.656,-97.500,-0.8,1.753,-97.500,0.000,0.0,0.000,0.000,0.000,0.0,0.000,0.000
1.3820,3.291,-2.5,-1.909,3.299,1.406,2.5,2.484,1.396,25.812,7.5,7.812,25.797,93.875,-6.4,-1.163,93.875,-2.342,-4.6,1.786,-2.338,-3.801,2.3,-2.932,-3.797,-42.656,0.8,-7.562,-42.656,-97.500,-4.0,1.817,-97.500,0.000,0.0,0.000,0.000,0.000,0.0,0.000,0.000
1.3840,3.299,0.6,-2.105,3.291,1.406,-0.2,2.182,1.406,25.828,6.6,7.672,25.812,93.812,-3.7,-1.214,93.875,-2.332,0.9,1.837,-2.342,-3.803,-0.9,-2.650,-3.801,-42.656,0.7,-7.570,-42.656,-97.500,-1.1,1.868,-97.500,0.000,0.0,0.000,0.000,0.000,0.0,0.000,0.000
1.3860,3.295,-0.4,-1.970,3.299,1.409,0.3,2.826,1.406,25.828,6.4,7.934,25.828,93.812,-5.0,-1.598,93.812,-2.332,1.4,1.452,-2.332,-3.803,-2.1,-2.385,-3.803,-42.656,1.4,-7.000,-42.656,-97.500,-4.5,1.557,-97.500,0.000,0.0,0.000,0.000,0.000,0.0,0.000,0.000
1.3880,3.295,1.0,-2.182,3.295,1.415,2.2,3.154,1.409,25.844,7.3,8.555,25.828,93.812,-8.5,-1.693,93.812,-2.334,0.7,1.548,-2.332,-3.795,1.8,-2.215,-3.803,-42.656,2.3,-6.598,-42.656,-97.500,-6.1,1.439,-97.500,0.000,0.0,0.000,0.000,0.000,0.0,0.000,0.000
1.3900,3.299,0.4,-2.367,3.295,1.422,3.1,3.395,1.415,25.875,7.7,8.789,25.844,93.812,-3.2,-1.777,93.812,-2.334,1.2,1.375,-2.334,-3.791,2.5,-1.938,-3.795,-42.656,2.1,-6.180,-42.656,-97.500,-5.7,1.226,-97.500,0.000,0.0,0.000,0.000,0.000,0.0,0.000,0.000
1.3920,3.289,-2.6,-2.154,3.299,1.431,5.0,3.490,1.422,25.906,14.8,8.070,25.875,93.812,-6.8,-1.484,93.812,-2.344,-1.5,1.535,-2.334,-3.791,-0.1,-2.465,-3.791,-42.625,3.2,-6.867,-42.656,-97.562,-5.2,1.403,-97.500,0.000,0.0,0.000,0.000,0.000,0.0,0.000,0.000
1.3940,3.289,-2.0,-2.168,3.289,1.431,1.3,2.979,1.431,25.922,11.8,8.562,25.906,93.750,-11.9,-1.746,93.812,-2.348,-0.9,1.443,-2.344,-3.770,7.8,-1.940,-3.791,-42.625,6.2,-6.258,-42.625,-97.562,-6.0,1.279,-97.562,0.000,0.0,0.000,0.000,0.000,0.0,0.000,0.000
1.3960,3.289,0.1,-2.186,3.289,1.443,3.7,3.523,1.431,25.953,15.1,9.148,25.922,93.750,-11.3,-2.002,93.750,-2.348,0.6,1.215,-2.348,-3.775,1.5,-1.488,-3.770,-42.625,6.3,-5.652,-42.625,-97.562,-12.4,0.915,-97.562,0.000,0.0,0.000,0.000,0.000,0.0,0.000,0.000
1.3980,3.283,-2.4,-2.373,3.289,1.450,3.0,3.961,1.443,25.984,17.3,8.594,25.953,93.688,-15.5,-1.690,93.750,-2.369,-7.2,1.414,-2.348,-3.766,3.0,-1.773,-3.775,-42.594,6.3,-6.305,-42.625,-97.562,-6.8,1.020,-97.562,0.000,0.0,0.000,0.000,0.000,0.0,0.000,0.000
1.4000,3.275,-3.3,-2.352,3.283,1.459,4.4,3.754,1.450,26.016,14.0,9.266,25.984,93.688,-16.7,-2.111,93.688,-2.375,-7.0,1.301,-2.369,-3.756,5.3,-1.309,-3.766,-42.594,6.1,-5.625,-42.594,-97.625,-7.3,0.897,-97.562,0.000,0.0,0.000,0.000,0.000,0.0,0.000,0.000
1.4020,3.270,-5.9,-2.578,3.275,1.469,5.0,4.348,1.459,26.047,12.6,9.719,26.016,93.625,-17.1,-2.094,93.688,-2.365,-0.8,1.133,-2.375,-3.760,0.7,-1.024,-3.756,-42.562,8.5,-5.254,-42.594,-97.625,-7.3,0.651,-97.625,0.000,0.0,0.000,0.000,0.000,0.0,0.000,0.000
1.4043,3.273,-2.2,-2.500,3.270,1.472,2.6,4.559,1.469,26.094,18.2,9.570,26.047,93.562,-20.8,-2.447,93.625,-2.379,-4.2,1.306,-2.365,-3.740,6.3,-1.131,-3.760,-42.562,8.4,-5.145,-42.562,-97.625,-10.1,0.531,-97.625,0.000,0.0,0.000,0.000,0.000,0.0,0.000,0.000
1.4064,3.268,-4.0,-5.266,3.273,1.487,7.0,5.289,1.472,26.141,21.2,10.227,26.094,93.562,-22.0,-2.373,93.562,-2.373,1.3,3.301,-2.379,-3.740,2.7,-0.714,-3.740,-42.531,11.1,-4.926,-42.562,-97.688,-9.8,0.399,-97.625,0.000,0.0,0.000,0.000,0.000,0.0,0.000,0.000
1.4085,3.242,-10.5,-4.668,3.268,1.500,7.2,4.844,1.487,26.172,21.7,10.016,26.141,93.500,-28.2,-2.100,93.562,-2.369,2.4,2.879,-2.373,-3.730,1.4,-0.711,-3.740,-42.500,9.6,-5.070,-42.531,-97.688,-12.6,0.511,-97.688,0.000,0.0,0.000,0.000,0.000,0.0,0.000,0.000
1.4105,3.211,-14.5,-2.941,3.242,1.500,2.6,4.637,1.500,26.219,20.0,9.664,26.172,93.438,-30.5,-2.008,93.500,-2.357,5.4,1.714,-2.369,-3.725,2.9,-0.822,-3.730,-42.469,11.0,-5.289,-42.500,-97.688,-11.6,0.562,-97.688,0.000,0.0,0.000,0.000,0.000,0.0,0.000,0.000
1.4120,3.195,-10.8,-2.947,3.211,1.516,4.1,4.652,1.500,26.281,28.2,9.750,26.219,93.375,-31.9,-2.412,93.438,-2.348,3.5,1.579,-2.357,-3.719,2.3,-0.781,-3.725,-42.438,15.9,-4.977,-42.469,-97.750,-12.9,0.406,-97.688,0.000,0.0,0.000,0.000,0.000,0.0,0.000,0.000
1.4140,3.170,-12.5,-7.004,3.195,1.528,6.4,5.832,1.516,26.328,26.1,10.234,26.281,93.312,-29.9,-2.350,93.375,-2.326,8.4,4.414,-2.348,-3.715,2.9,0.092,-3.719,-42.438,8.6,-4.422,-42.438,-97.750,-13.0,0.065,-97.750,0.000,0.0,0.000,0.000,0.000,0.0,0.000,0.000
1.4160,3.135,-16.9,-6.602,3.170,1.525,0.0,5.664,1.528,26.359,22.3,10.344,26.328,93.250,-32.5,-2.066,93.312,-2.297,11.8,4.074,-2.326,-3.715,1.3,0.238,-3.715,-42.406,14.1,-4.461,-42.438,-97.812,-14.4,-0.116,-97.750,0.000,0.0,0.000,0.000,0.000,0.0,0.000,0.000
1.4180,3.076,-25.8,-5.848,3.135,1.544,4.2,5.781,1.525,26.406,23.8,10.484,26.359,93.125,-33.1,-2.010,93.250,-2.254,18.0,3.555,-2.297,-3.715,0.3,0.132,-3.715,-42.375,16.1,-4.590,-42.406,-97.875,-19.7,-0.018,-97.812,0.000,0.0,0.000,0.000,0.000,0.0,0.000,0.000
1.4200,3.020,-28.4,-5.383,3.076,1.562,7.6,5.871,1.544,26.469,24.1,10.594,26.406,93.062,-35.9,-1.519,93.125,-2.213,18.1,3.328,-2.254,-3.709,2.0,-0.049,-3.715,-42.375,8.0,-4.566,-42.375,-97.875,-22.1,0.004,-97.875,0.000,0.0,0.000,0.000,0.000,0.0,0.000,0.000
1.4220,2.969,-25.3,-5.242,3.020,1.588,12.2,5.695,1.562,26.516,24.1,10.391,26.469,93.000,-33.1,-1.938,93.062,-2.152,24.0,2.686,-2.213,-3.713,-0.5,0.139,-3.709,-42.344,9.6,-4.520,-42.375,-97.938,-21.4,0.070,-97.875,0.000,0.0,0.000,0.000,0.000,0.0,0.000,0.000
1.4240,2.916,-25.0,-5.035,2.969,1.594,8.4,5.871,1.588,26.562,23.3,10.422,26.516,92.938,-34.9,-1.613,93.000,-2.104,24.7,2.463,-2.152,-3.713,-1.2,-0.001,-3.713,-42.312,10.6,-4.324,-42.344,-98.000,-24.3,0.148,-97.938,0.000,0.0,0.000,0.000,0.000,0.0,0.000,0.000
1.4260,2.859,-26.4,-4.996,2.916,1.601,5.4,5.945,1.594,26.609,22.5,10.445,26.562,92.875,-33.6,-1.307,92.938,-2.059,21.4,2.193,-2.104,-3.713,-1.1,0.093,-3.713,-42.312,8.3,-4.281,-42.312,-98.062,-23.8,0.258,-98.000,0.000,0.0,0.000,0.000,0.000,0.0,0.000,0.000
1.4280,2.824,-19.4,-4.910,2.859,1.613,6.8,6.430,1.601,26.641,22.0,10.742,26.609,92.812,-33.9,-1.630,92.875,-2.008,23.8,2.400,-2.059,-3.713,-0.8,0.096,-3.713,-42.312,3.6,-4.301,-42.312,-98.062,-23.3,0.216,-98.062,0.000,0.0,0.000,0.000,0.000,0.0,0.000,0.000
1.4300,2.781,-19.4,-4.859,2.824,1.606,-0.0,6.418,1.613,26.688,23.7,10.789,26.641,92.750,-27.3,-1.936,92.812,-1.974,20.2,2.385,-2.008,-3.713,-0.3,0.157,-3.713,-42.281,10.8,-4.227,-42.312,-98.125,-21.4,0.305,-98.062,0.000,0.0,0.000,0.000,0.000,0.0,0.000,0.000
1.4320,2.746,-17.0,-5.121,2.781,1.606,-2.4,6.445,1.606,26.734,21.2,10.688,26.688,92.750,-20.5,-1.963,92.750,-1.939,19.5,2.795,-1.974,-3.713,0.8,0.207,-3.713,-42.281,5.3,-4.238,-42.281,-98.188,-29.3,0.241,-98.125,0.000,0.0,0.000,0.000,0.000,0.0,0.000,0.000
1.4341,2.701,-19.6,-5.211,2.746,1.626,4.4,6.410,1.606,26.766,18.1,10.812,26.734,92.688,-19.6,-2.193,92.750,-1.924,12.6,2.986,-1.939,-3.709,2.3,0.076,-3.713,-42.281,1.3,-4.227,-42.281,-98.250,-23.7,0.221,-98.188,0.000,0.0,0.000,0.000,0.000,0.0,0.000,0.000
1.4360,2.668,-18.3,-5.453,2.701,1.632,3.1,6.457,1.626,26.797,17.5,11.031,26.766,92.688,-16.0,-2.600,92.688,-1.911,8.0,3.389,-1.924,-3.713,0.4,0.169,-3.709,-42.250,4.2,-4.133,-42.281,-98.250,-20.8,0.322,-98.250,0.000,0.0,0.000,0.000,0.000,0.0,0.000,0.000
1.4380,2.629,-19.4,-5.414,2.668,1.647,6.2,6.410,1.632,26.828,15.8,11.133,26.797,92.625,-18.5,-2.436,92.688,-1.893,8.3,3.605,-1.911,-3.707,3.5,0.334,-3.713,-42.281,-0.5,-4.066,-42.250,-98.312,-21.1,0.253,-98.250,0.000,0.0,0.000,0.000,0.000,0.0,0.000,0.000
1.4400,2.605,-13.9,-5.398,2.629,1.653,6.0,6.227,1.647,26.844,12.2,10.930,26.828,92.562,-18.6,-2.379,92.625,-1.877,8.7,3.949,-1.893,-3.713,0.1,0.141,-3.707,-42.281,-1.5,-3.631,-42.281,-98.375,-19.5,0.273,-98.312,0.000,0.0,0.000,0.000,0.000,0.0,0.000,0.000
1.4420,2.564,-18.6,-4.031,2.605,1.670,8.8,6.000,1.653,26.859,10.2,10.156,26.844,92.562,-15.9,-2.484,92.562,-1.870,6.4,1.960,-1.877,-3.709,1.0,-0.187,-3.713,-42.281,-4.4,-4.273,-42.281,-98.375,-15.8,0.779,-98.375,0.000,0.0,0.000,0.000,0.000,0.0,0.000,0.000
1.4440,2.539,-13.0,-1.500,2.564,1.666,3.7,5.621,1.670,26.859,2.8,9.969,26.859,92.500,-16.4,-2.289,92.562,-1.883,-3.0,0.345,-1.870,-3.713,-0.9,-0.616,-3.709,-42.281,-2.2,-4.645,-42.281,-98.438,-14.6,0.917,-98.375,0.000,0.0,0.000,0.000,0.000,0.0,0.000,0.000
1.4460,2.535,-4.0,-0.747,2.539,1.673,4.2,5.160,1.666,26.859,-1.4,9.891,26.859,92.500,-11.2,-2.090,92.500,-1.905,-10.2,0.245,-1.883,-3.713,-1.1,-0.959,-3.713,-42.281,-3.7,-4.891,-42.281,-98.438,-14.3,1.117,-98.438,0.000,0.0,0.000,0.000,0.000,0.0,0.000,0.000
1.4480,2.551,3.7,-1.241,2.535,1.660,-2.0,4.883,1.673,26.859,0.9,9.375,26.859,92.500,-10.5,-1.945,92.500,-1.955,-20.3,1.473,-1.905,-3.725,-5.7,-1.183,-3.713,-42.281,-6.2,-5.176,-42.281,-98.438,-4.8,1.199,-98.438,0.000,0.0,0.000,0.000,0.000,0.0,0.000,0.000
1.4500,2.582,11.1,-1.861,2.551,1.660,-0.1,4.426,1.660,26.844,-3.9,8.922,26.859,92.500,-7.2,-1.688,92.500,-2.008,-25.3,2.279,-1.955,-3.744,-9.7,-1.480,-3.725,-42.312,-13.0,-5.777,-42.281,-98.438,-2.0,1.570,-98.438,0.000,0.0,0.000,0.000,0.000,0.0,0.000,0.000
1.4520,2.627,18.4,-2.275,2.582,1.638,-6.3,4.184,1.660,26.844,-1.3,8.375,26.844,92.500,-3.4,-1.531,92.500,-2.059,-24.6,3.291,-2.008,-3.770,-13.3,-1.729,-3.744,-42.344,-12.4,-6.105,-42.312,-98.438,6.1,1.686,-98.438,0.000,0.0,0.000,0.000,0.000,0.0,0.000,0.000
1.4542,2.652,15.3,-2.650,2.627,1.638,-3.0,3.480,1.638,26.828,-2.0,7.676,26.844,92.500,3.0,-1.132,92.500,-2.111,-24.8,3.938,-2.059,-3.795,-13.5,-2.018,-3.770,-42.406,-20.6,-6.578,-42.344,-98.375,9.8,2.029,-98.438,0.000,0.0,0.000,0.000,0.000,0.0,0.000,0.000
1.4562,2.693,18.3,-2.891,2.652,1.616,-8.6,2.895,1.638,26.797,-10.9,7.262,26.828,92.500,7.4,-0.987,92.500,-2.156,-21.7,4.363,-2.111,-3.832,-16.3,-2.389,-3.795,-42.438,-24.1,-7.250,-42.406,-98.375,14.6,2.463,-98.375,0.000,0.0,0.000,0.000,0.000,0.0,0.000,0.000
1.4583,2.721,16.3,-3.092,2.693,1.606,-7.3,2.254,1.616,26.781,-10.5,7.238,26.797,92.562,8.8,-0.587,92.500,-2.182,-14.0,3.982,-2.156,-3.891,-23.9,-2.188,-3.832,-42.531,-30.9,-7.438,-42.438,-98.312,20.3,2.439,-98.375,0.000,0.0,0.000,0.000,0.000,0.0,0.000,0.000
1.4603,2.736,11.3,-2.803,2.721,1.591,-8.7,1.343,1.606,26.734,-13.5,6.344,26.781,92.562,13.7,-0.169,92.562,-2.193,-7.4,4.238,-2.182,-3.951,-26.1,-2.594,-3.891,-42.594,-36.7,-7.883,-42.531,-98.250,25.8,2.703,-98.312,0.000,0.0,0.000,0.000,0.000,0.0,0.000,0.000
1.4620,2.756,10.8,-3.670,2.736,1.572,-9.1,1.182,1.591,26.703,-18.6,5.812,26.734,92.625,21.9,0.442,92.562,-2.193,-1.7,5.418,-2.193,-4.020,-31.0,-3.020,-3.951,-42.719,-45.7,-8.352,-42.594,-98.188,32.5,2.920,-98.250,0.000,0.0,0.000,0.000,0.000,0.0,0.000,0.000
1.4640,2.756,4.8,-7.039,2.756,1.544,-12.6,0.435,1.572,26.641,-23.9,5.195,26.703,92.688,28.0,0.501,92.625,-2.162,11.6,7.914,-2.193,-4.062,-25.5,-4.176,-4.020,-42.812,-49.6,-8.609,-42.719,-98.125,38.9,2.525,-98.188,0.000,0.0,0.000,0.000,0.000,0.0,0.000,0.000
1.4660,2.727,-6.7,-6.035,2.756,1.516,-14.8,0.795,1.544,26.594,-25.3,5.316,26.641,92.750,33.8,0.385,92.688,-2.105,21.2,6.262,-2.162,-4.082,-14.6,-4.277,-4.062,-42.906,-52.3,-8.547,-42.812,-98.000,40.1,1.635,-98.125,0.000,0.0,0.000,0.000,0.000,0.0,0.000,0.000
1.4680,2.680,-16.8,-5.023,2.727,1.494,-12.3,0.960,1.516,26.531,-27.2,5.734,26.594,92.812,40.6,0.271,92.750,-2.002,40.0,4.953,-2.105,-4.102,-12.4,-5.020,-4.082,-43.000,-50.2,-8.570,-42.906,-97.938,41.4,1.092,-98.000,0.000,0.0,0.000,0.000,0.000,0.0,0.000,0.000
1.4700,2.643,-18.3,-4.922,2.680,1.481,-8.4,0.899,1.494,26.469,-29.2,6.098,26.531,92.938,47.2,0.185,92.812,-1.908,43.5,4.137,-2.002,-4.094,-3.1,-5.922,-4.102,-43.125,-49.6,-8.570,-43.000,-97.875,38.0,-0.349,-97.938,0.000,0.0,0.000,0.000,0.000,0.0,0.000,0.000
1.4720,2.605,-18.0,-4.445,2.643,1.472,-6.2,0.771,1.481,26.406,-26.6,6.176,26.469,93.062,48.9,-0.020,92.938,-1.798,50.8,3.166,-1.908,-4.086,0.7,-6.227,-4.094,-43.219,-52.0,-8.711,-43.125,-97.812,33.8,-1.575,-97.875,0.000,0.0,0.000,0.000,0.000,0.0,0.000,0.000
1.4740,2.586,-11.3,-4.262,2.605,1.472,-2.9,0.636,1.472,26.359,-26.8,5.797,26.406,93.125,48.9,-0.244,93.062,-1.714,46.1,2.441,-1.798,-4.102,-3.2,-6.250,-4.086,-43.281,-42.6,-8.469,-43.219,-97.750,23.2,-1.916,-97.812,0.000,0.0,0.000,0.000,0.000,0.0,0.000,0.000
1.4760,2.561,-11.0,-4.027,2.586,1.484,1.9,0.130,1.472,26.344,-16.4,5.527,26.359,93.250,50.2,-0.479,93.125,-1.638,40.2,2.545,-1.714,-4.125,-9.7,-6.488,-4.102,-43.344,-31.7,-8.469,-43.281,-97.750,9.6,-1.926,-97.750,0.000,0.0,0.000,0.000,0.000,0.0,0.000,0.000
1.4780,2.545,-8.1,-4.074,2.561,1.490,1.9,-0.232,1.484,26.312,-15.4,4.965,26.344,93.375,54.4,-0.758,93.250,-1.566,38.2,3.311,-1.638,-4.156,-13.5,-6.246,-4.125,-43.406,-27.5,-8.742,-43.344,-97.750,0.9,-1.587,-97.750,0.000,0.0,0.000,0.000,0.000,0.0,0.000,0.000
1.4800,2.533,-7.7,-4.355,2.545,1.500,2.7,-0.487,1.490,26.297,-9.5,4.664,26.312,93.438,53.3,-0.908,93.375,-1.516,30.0,3.824,-1.566,-4.191,-15.7,-6.238,-4.156,-43.438,-21.2,-9.055,-43.406,-97.812,-13.3,-1.064,-97.750,0.000,0.0,0.000,0.000,0.000,0.0,0.000,0.000
1.4822,2.523,-6.8,-4.527,2.533,1.497,-0.4,-0.685,1.500,26.281,-9.2,4.195,26.297,93.562,48.5,-1.023,93.438,-1.462,28.2,4.086,-1.516,-4.223,-14.6,-6.023,-4.191,-43.438,-8.4,-9.148,-43.438,-97.875,-23.0,-0.289,-97.812,0.000,0.0,0.000,0.000,0.000,0.0,0.000,0.000
1.4841,2.514,-5.2,-4.230,2.523,1.490,-2.7,-0.719,1.497,26.281,-3.9,3.684,26.281,93.688,51.0,-1.233,93.562,-1.415,25.8,4.070,-1.462,-4.250,-13.0,-5.848,-4.223,-43.438,-1.3,-9.633,-43.438,-97.938,-29.8,1.496,-97.875,0.000,0.0,0.000,0.000,0.000,0.0,0.000,0.000
1.4862,2.502,-5.7,-3.965,2.514,1.481,-4.5,-0.743,1.490,26.281,-0.7,3.584,26.281,93.750,44.3,-1.159,93.688,-1.374,22.7,4.156,-1.415,-4.270,-11.0,-5.816,-4.250,-43.438,0.2,-9.844,-43.438,-98.000,-26.4,2.139,-97.938,0.000,0.0,0.000,0.000,0.000,0.0,0.000,0.000
1.4880,2.488,-6.1,-4.082,2.502,1.459,-8.7,-0.511,1.481,26.266,-4.4,3.430,26.281,93.812,43.4,-1.056,93.750,-1.337,22.2,4.355,-1.374,-4.297,-12.4,-5.289,-4.270,-43.438,4.3,-9.969,-43.438,-98.062,-29.0,2.820,-98.000,0.000,0.0,0.000,0.000,0.000,0.0,0.000,0.000
1.4900,2.479,-5.1,-3.025,2.488,1.453,-5.7,0.170,1.459,26.250,-5.6,3.754,26.266,93.875,37.6,-1.086,93.812,-1.321,14.0,2.986,-1.337,-4.293,-4.5,-4.516,-4.297,-43.438,1.9,-8.797,-43.438,-98.062,-20.0,3.016,-98.062,0.000,0.0,0.000,0.000,0.000,0.0,0.000,0.000
1.4920,2.477,-2.8,-0.247,2.479,1.443,-5.8,0.986,1.453,26.250,-5.8,5.199,26.250,93.938,34.1,-1.430,93.875,-1.324,2.5,0.035,-1.321,-4.297,-4.1,-3.877,-4.293,-43.438,1.3,-7.574,-43.438,-98.125,-13.5,2.225,-98.062,0.000,0.0,0.000,0.000,0.000,0.0,0.000,0.000
1.4940,2.494,5.7,-0.331,2.477,1.443,-2.9,1.968,1.443,26.266,4.6,5.727,26.250,94.000,30.9,-1.846,93.938,-1.355,-9.4,0.466,-1.324,-4.277,4.6,-3.379,-4.297,-43.406,8.1,-7.266,-43.438,-98.125,-8.5,1.667,-98.125,0.000,0.0,0.000,0.000,0.000,0.0,0.000,0.000
1.4960,2.518,8.9,-1.026,2.494,1.469,5.6,2.170,1.443,26.281,7.2,5.973,26.266,94.062,21.2,-1.711,94.000,-1.409,-19.8,1.521,-1.355,-4.262,6.0,-3.299,-4.277,-43.375,11.1,-6.914,-43.406,-98.125,-1.1,1.362,-98.125,0.000,0.0,0.000,0.000,0.000,0.0,0.000,0.000
1.4980,2.555,14.2,-1.516,2.518,1.506,13.8,1.823,1.469,26.344,17.9,5.195,26.281,94.125,17.3,-1.391,94.062,-1.481,-29.6,3.051,-1.409,-4.238,9.1,-3.920,-4.262,-43.344,12.3,-8.117,-43.375,-98.125,-0.9,1.734,-98.125,0.000,0.0,0.000,0.000,0.000,0.0,0.000,0.000
1.5000,2.592,16.8,-1.758,2.555,1.550,19.8,1.065,1.506,26.375,21.2,4.516,26.344,94.125,12.6,-1.040,94.125,-1.562,-37.6,3.965,-1.481,-4.211,11.8,-4.496,-4.238,-43.344,12.6,-8.930,-43.344,-98.062,4.6,2.162,-98.125,0.000,0.0,0.000,0.000,0.000,0.0,0.000,0.000
1.5020,2.621,15.3,-2.158,2.592,1.601,23.9,0.416,1.550,26.422,20.0,5.254,26.375,94.125,9.3,-1.187,94.125,-1.616,-30.5,4.418,-1.562,-4.207,4.6,-3.787,-4.211,-43.312,11.4,-8.031,-43.344,-98.062,6.2,1.860,-98.062,0.000,0.0,0.000,0.000,0.000,0.0,0.000,0.000
1.5040,2.662,19.6,-2.822,2.621,1.638,20.6,0.795,1.601,26.484,24.3,5.695,26.422,94.125,3.9,-1.387,94.125,-1.676,-28.4,4.605,-1.616,-4.191,6.6,-3.502,-4.207,-43.281,9.5,-7.887,-43.312,-98.062,6.7,1.827,-98.062,0.000,0.0,0.000,0.000,0.000,0.0,0.000,0.000
1.5060,2.678,14.0,-3.020,2.662,1.670,17.5,1.230,1.638,26.531,23.4,6.453,26.484,94.125,3.0,-1.759,94.125,-1.732,-28.4,4.375,-1.676,-4.180,6.9,-2.887,-4.191,-43.281,7.9,-7.156,-43.281,-98.062,10.3,1.604,-98.062,0.000,0.0,0.000,0.000,0.000,0.0,0.000,0.000
1.5080,2.680,5.2,-3.111,2.678,1.694,13.1,1.812,1.670,26.594,30.7,6.203,26.531,94.125,-8.5,-1.831,94.125,-1.761,-18.1,4.359,-1.732,-4.168,5.9,-3.111,-4.180,-43.281,5.8,-7.398,-43.281,-98.000,10.2,1.777,-98.062,0.000,0.0,0.000,0.000,0.000,0.0,0.000,0.000
1.5100,2.693,5.1,-2.686,2.680,1.717,11.0,2.016,1.694,26.641,29.6,6.160,26.594,94.062,-13.8,-1.661,94.125,-1.808,-20.9,3.891,-1.761,-4.141,10.3,-3.328,-4.168,-43.281,1.3,-7.668,-43.281,-98.000,8.0,2.049,-98.000,0.000,0.0,0.000,0.000,0.000,0.0,0.000,0.000
1.5121,2.693,1.2,-2.729,2.693,1.720,3.8,2.283,1.717,26.703,31.7,6.836,26.641,94.062,-13.7,-2.082,94.062,-1.829,-14.7,3.506,-1.808,-4.121,9.7,-2.844,-4.141,-43.281,2.3,-7.121,-43.281,-98.000,10.7,1.853,-98.000,0.000,0.0,0.000,0.000,0.000,0.0,0.000,0.000
1.5142,2.695,-0.2,-2.873,2.693,1.732,4.9,2.930,1.720,26.781,30.9,6.395,26.703,94.000,-18.2,-2.041,94.062,-1.854,-12.6,3.141,-1.829,-4.109,4.4,-3.062,-4.121,-43.281,1.0,-7.375,-43.281,-97.938,11.8,1.962,-98.000,0.000,0.0,0.000,0.000,0.000,0.0,0.000,0.000
1.5160,2.715,5.5,-2.719,2.695,1.732,1.1,2.627,1.732,26.844,30.6,6.484,26.781,93.938,-19.5,-1.567,94.000,-1.886,-15.4,3.000,-1.854,-4.082,9.4,-2.643,-4.109,-43.281,7.9,-6.918,-43.281,-97.938,8.5,1.831,-97.938,0.000,0.0,0.000,0.000,0.000,0.0,0.000,0.000
1.5180,2.721,4.5,-2.693,2.715,1.729,-2.0,3.781,1.732,26.906,31.5,7.520,26.844,93.875,-26.9,-2.357,93.938,-1.914,-17.6,2.182,-1.886,-4.070,7.2,-2.129,-4.082,-43.281,4.6,-6.375,-43.281,-97.938,8.1,1.475,-97.938,0.000,0.0,0.000,0.000,0.000,0.0,0.000,0.000
1.5200,2.727,2.4,-2.826,2.721,1.738,1.7,4.164,1.729,26.969,30.4,7.648,26.906,93.875,-27.2,-2.295,93.875,-1.930,-13.0,2.250,-1.914,-4.059,6.6,-2.006,-4.070,-43.250,5.4,-6.398,-43.281,-97.875,8.9,1.382,-97.938,0.000,0.0,0.000,0.000,0.000,0.0,0.000,0.000
1.5220,2.756,9.2,-2.750,2.727,1.745,2.3,3.941,1.738,27.031,32.9,7.598,26.969,93.750,-29.9,-1.946,93.875,-1.961,-14.9,2.090,-1.930,-4.043,8.6,-1.857,-4.059,-43.219,12.8,-6.418,-43.250,-97.875,5.8,1.394,-97.875,0.000,0.0,0.000,0.000,0.000,0.0,0.000,0.000
1.5240,2.771,10.4,-3.121,2.756,1.761,5.7,4.023,1.745,27.078,27.1,8.469,27.031,93.688,-36.0,-2.299,93.750,-1.999,-18.0,2.727,-1.961,-4.031,7.2,-1.377,-4.043,-43.188,13.3,-5.285,-43.219,-97.875,3.1,0.851,-97.875,0.000,0.0,0.000,0.000,0.000,0.0,0.000,0.000
1.5260,2.773,5.6,-4.262,2.771,1.767,4.3,4.535,1.761,27.156,31.4,9.289,27.078,93.625,-39.6,-2.533,93.688,-2.021,-14.9,3.662,-1.999,-4.012,10.8,-1.141,-4.031,-43.156,16.1,-4.977,-43.188,-97.875,0.1,0.625,-97.875,0.000,0.0,0.000,0.000,0.000,0.0,0.000,0.000
1.5280,2.768,-0.4,-4.492,2.773,1.776,4.5,4.742,1.767,27.219,28.1,8.914,27.156,93.562,-38.9,-2.383,93.625,-2.047,-14.8,3.232,-2.021,-4.004,7.0,-1.131,-4.012,-43.125,20.6,-5.305,-43.156,-97.875,-3.3,0.656,-97.875,0.000,0.0,0.000,0.000,0.000,0.0,0.000,0.000
1.5300,2.756,-4.9,-6.473,2.768,1.776,1.2,5.125,1.776,27.281,32.8,9.648,27.219,93.438,-42.3,-2.725,93.562,-2.039,-2.9,6.664,-2.047,-3.979,11.1,0.046,-4.004,-43.062,23.1,-4.820,-43.125,-97.875,-7.9,-0.174,-97.875,0.000,0.0,0.000,0.000,0.000,0.0,0.000,0.000
1.5320,2.721,-13.1,-7.570,2.756,1.792,4.2,6.109,1.776,27.359,33.0,9.672,27.281,93.375,-43.9,-2.459,93.438,-2.023,7.2,6.176,-2.039,-3.963,9.9,0.104,-3.979,-43.031,23.7,-4.934,-43.062,-97.938,-7.4,-0.266,-97.875,0.000,0.0,0.000,0.000,0.000,0.0,0.000,0.000
1.5340,2.668,-20.3,-6.656,2.721,1.817,11.2,6.160,1.792,27.406,31.2,9.773,27.359,93.250,-44.7,-1.854,93.375,-1.993,13.1,4.816,-2.023,-3.936,13.3,-0.248,-3.963,-42.969,25.3,-5.188,-43.031,-97.938,-10.9,-0.164,-97.938,0.000,0.0,0.000,0.000,0.000,0.0,0.000,0.000
1.5362,2.605,-24.5,-5.949,2.668,1.833,12.1,6.082,1.817,27.484,33.2,9.633,27.406,93.188,-45.4,-1.633,93.250,-1.942,20.5,4.156,-1.993,-3.922,10.3,-0.228,-3.936,-42.906,27.4,-5.105,-42.969,-98.000,-20.2,-0.001,-97.938,0.000,0.0,0.000,0.000,0.000,0.0,0.000,0.000
1.5381,2.533,-30.6,-5.344,2.605,1.846,10.0,5.805,1.833,27.531,26.3,9.602,27.484,93.125,-40.0,-1.042,93.188,-1.901,19.2,3.238,-1.942,-3.904,12.4,-0.295,-3.922,-42.844,27.5,-5.223,-42.906,-98.062,-25.5,0.087,-98.000,0.000,0.0,0.000,0.000,0.000,0.0,0.000,0.000
1.5408,2.482,-27.1,-5.207,2.533,1.861,10.4,6.090,1.846,27.594,26.2,9.742,27.531,93.000,-41.4,-0.901,93.125,-1.854,20.9,2.908,-1.901,-3.922,-1.8,-0.272,-3.904,-42.812,27.7,-4.996,-42.844,-98.125,-25.8,0.131,-98.062,0.000,0.0,0.000,0.000,0.000,0.0,0.000,0.000
1.5426,2.445,-21.0,-5.574,2.482,1.877,10.4,6.355,1.861,27.641,22.5,9.953,27.594,92.938,-34.6,-1.015,93.000,-1.808,22.7,2.881,-1.854,-3.914,-0.0,-0.118,-3.922,-42.781,18.0,-4.914,-42.812,-98.188,-28.0,0.187,-98.125,0.000,0.0,0.000,0.000,0.000,0.0,0.000,0.000
1.5440,2.389,-24.7,-5.195,2.445,1.877,5.3,6.453,1.877,27.703,28.6,9.930,27.641,92.938,-29.2,-0.922,92.938,-1.782,17.2,2.883,-1.808,-3.914,-0.7,-0.143,-3.914,-42.750,18.3,-4.715,-42.781,-98.250,-29.7,0.211,-98.188,0.000,0.0,0.000,0.000,0.000,0.0,0.000,0.000
1.5460,2.359,-20.5,-5.668,2.389,1.877,1.9,6.848,1.877,27.750,22.1,9.883,27.703,92.875,-18.7,-0.537,92.938,-1.764,12.7,3.361,-1.782,-3.920,-2.0,0.091,-3.914,-42.719,15.3,-4.605,-42.750,-98.250,-25.2,0.365,-98.250,0.000,0.0,0.000,0.000,0.000,0.0,0.000,0.000
1.5480,2.322,-20.9,-5.473,2.359,1.877,-1.1,6.598,1.877,27.781,20.2,9.914,27.750,92.875,-15.6,-0.938,92.875,-1.748,9.8,3.480,-1.764,-3.932,-5.7,0.180,-3.920,-42.688,16.5,-4.508,-42.719,-98.312,-28.1,0.503,-98.250,0.000,0.0,0.000,0.000,0.000,0.0,0.000,0.000
1.5500,2.311,-13.3,-6.094,2.322,1.890,1.5,7.098,1.877,27.828,21.7,10.469,27.781,92.812,-10.3,-1.717,92.875,-1.735,9.0,4.062,-1.748,-3.932,-3.1,0.363,-3.932,-42.656,12.6,-4.312,-42.688,-98.375,-29.3,0.454,-98.312,0.000,0.0,0.000,0.000,0.000,0.0,0.000,0.000
1.5520,2.285,-13.4,-6.336,2.311,1.905,5.3,6.895,1.890,27.859,17.6,10.445,27.828,92.812,-5.9,-2.756,92.812,-1.741,0.9,4.418,-1.735,-3.932,-0.3,0.347,-3.932,-42.625,12.1,-3.996,-42.656,-98.438,-26.7,0.585,-98.375,0.000,0.0,0.000,0.000,0.000,0.0,0.000,0.000
1.5540,2.271,-8.7,-6.227,2.285,1.921,7.1,6.656,1.905,27.891,17.2,10.195,27.859,92.812,-4.6,-4.000,92.812,-1.735,1.9,4.211,-1.741,-3.938,-2.4,0.346,-3.932,-42.625,8.9,-3.635,-42.625,-98.500,-22.4,0.831,-98.438,0.000,0.0,0.000,0.000,0.000,0.0,0.000,0.000
1.5560,2.250,-9.7,-5.598,2.271,1.927,4.4,6.402,1.921,27.922,14.7,10.094,27.891,92.812,-4.5,-3.715,92.812,-1.720,7.7,3.676,-1.735,-3.930,1.2,0.247,-3.938,-42.625,6.4,-3.555,-42.625,-98.500,-17.9,0.931,-98.500,0.000,0.0,0.000,0.000,0.000,0.0,0.000,0.000
1.5580,2.230,-9.4,-3.736,2.250,1.937,4.1,6.059,1.927,27.938,10.1,9.578,27.922,92.812,-9.0,-3.289,92.812,-1.738,-1.6,1.885,-1.720,-3.930,0.2,-0.138,-3.930,-42.625,1.8,-3.852,-42.625,-98.562,-18.4,0.999,-98.500,0.000,0.0,0.000,0.000,0.000,0.0,0.000,0.000
1.5601,2.230,-9.4,-3.736,2.230,1.937,4.1,6.059,1.937,27.938,10.1,9.578,27.938,92.812,-9.0,-3.289,92.812,-1.738,-1.6,1.885,-1.738,-3.930,0.2,-0.138,-3.930,-42.625,1.8,-3.852,-42.625,-98.562,-18.4,0.999,-98.562,0.000,0.0,0.000,0.000,0.000,0.0,0.000,0.000
1.5623,2.244,3.9,-1.184,2.230,1.914,-5.8,5.359,1.937,27.938,-3.5,8.781,27.938,92.750,-11.1,-2.469,92.812,-1.805,-16.9,0.992,-1.738,-3.932,-1.6,-1.165,-3.930,-42.625,-7.7,-5.289,-42.625,-98.562,-10.0,1.568,-98.562,0.000,0.0,0.000,0.000,0.000,0.0,0.000,0.000
1.5641,2.287,15.5,-1.924,2.244,1.905,-5.4,4.996,1.914,27.922,-4.9,9.078,27.938,92.750,-4.1,-2.547,92.750,-1.861,-24.0,1.925,-1.805,-3.945,-3.8,-1.089,-3.932,-42.656,-11.0,-4.930,-42.625,-98.625,-6.1,1.478,-98.562,0.000,0.0,0.000,0.000,0.000,0.0,0.000,0.000
1.5661,2.332,20.6,-2.557,2.287,1.893,-4.8,4.992,1.905,27.891,-9.7,8.852,27.922,92.750,-6.9,-2.564,92.750,-1.930,-29.2,2.861,-1.861,-3.967,-8.7,-1.281,-3.945,-42.688,-11.7,-5.246,-42.656,-98.562,1.2,1.420,-98.625,0.000,0.0,0.000,0.000,0.000,0.0,0.000,0.000
1.5680,2.363,17.2,-2.500,2.332,1.877,-6.6,4.168,1.893,27.875,-7.9,8.438,27.891,92.750,-4.4,-2.268,92.750,-1.999,-32.8,3.344,-1.930,-3.992,-11.5,-1.323,-3.967,-42.719,-17.5,-5.344,-42.688,-98.562,6.7,1.715,-98.562,0.000,0.0,0.000,0.000,0.000,0.0,0.000,0.000
1.5700,2.416,23.5,-2.564,2.363,1.867,-5.3,4.086,1.877,27.859,-9.9,7.801,27.875,92.750,-0.8,-2.119,92.750,-2.055,-28.7,4.188,-1.999,-4.016,-11.8,-2.064,-3.992,-42.781,-23.1,-6.492,-42.719,-98.562,10.2,1.848,-98.562,0.000,0.0,0.000,0.000,0.000,0.0,0.000,0.000
1.5720,2.441,17.9,-2.857,2.416,1.857,-4.6,2.391,1.867,27.828,-14.4,6.312,27.859,92.750,8.0,-1.155,92.750,-2.111,-26.5,5.164,-2.055,-4.070,-21.5,-2.986,-4.016,-42.812,-24.1,-7.535,-42.781,-98.500,15.2,2.727,-98.562,0.000,0.0,0.000,0.000,0.000,0.0,0.000,0.000
1.5740,2.469,15.5,-3.117,2.441,1.842,-6.6,1.429,1.857,27.797,-17.6,5.113,27.828,92.812,10.3,-0.345,92.750,-2.143,-19.0,5.414,-2.111,-4.113,-22.0,-3.408,-4.070,-42.906,-34.8,-8.570,-42.812,-98.438,21.9,3.441,-98.500,0.000,0.0,0.000,0.000,0.000,0.0,0.000,0.000
1.5760,2.492,12.5,-5.734,2.469,1.823,-7.8,0.825,1.842,27.750,-20.4,4.449,27.797,92.812,14.0,0.181,92.812,-2.158,-11.6,9.422,-2.143,-4.172,-25.0,-4.086,-4.113,-43.000,-44.7,-9.180,-42.906,-98.375,26.2,3.969,-98.438,0.000,0.0,0.000,0.000,0.000,0.0,0.000,0.000
1.5780,2.494,4.6,-7.340,2.492,1.782,-15.1,0.491,1.823,27.672,-29.4,4.871,27.750,92.875,23.5,0.389,92.812,-2.119,7.9,8.852,-2.158,-4.223,-24.6,-4.121,-4.172,-43.094,-48.6,-8.773,-43.000,-98.312,34.1,3.086,-98.375,0.000,0.0,0.000,0.000,0.000,0.0,0.000,0.000
1.5800,2.457,-12.0,-6.332,2.494,1.738,-19.4,0.729,1.782,27.578,-39.3,5.422,27.672,92.938,25.2,0.412,92.875,-2.033,29.7,6.680,-2.119,-4.250,-16.9,-4.684,-4.223,-43.219,-55.9,-8.438,-43.094,-98.250,41.0,1.842,-98.312,0.000,0.0,0.000,0.000,0.000,0.0,0.000,0.000
1.5820,2.426,-14.4,-5.441,2.457,1.704,-18.5,0.985,1.738,27.500,-40.9,5.809,27.578,93.000,35.7,0.249,92.938,-1.939,40.8,5.727,-2.033,-4.262,-9.9,-5.547,-4.250,-43.344,-61.6,-8.516,-43.219,-98.125,46.3,1.005,-98.250,0.000,0.0,0.000,0.000,0.000,0.0,0.000,0.000
1.5840,2.375,-20.6,-5.109,2.426,1.682,-13.1,0.951,1.704,27.406,-42.5,5.988,27.500,93.125,39.6,0.101,93.000,-1.823,51.2,4.637,-1.939,-4.258,-1.7,-6.090,-4.262,-43.469,-58.8,-8.453,-43.344,-98.062,42.0,0.015,-98.125,0.000,0.0,0.000,0.000,0.000,0.0,0.000,0.000
1.5860,2.332,-22.8,-4.621,2.375,1.670,-7.9,0.711,1.682,27.328,-41.7,6.062,27.406,93.188,46.0,0.058,93.125,-1.714,54.2,3.164,-1.823,-4.270,-2.7,-6.527,-4.258,-43.562,-55.8,-8.273,-43.469,-98.000,39.7,-1.410,-98.062,0.000,0.0,0.000,0.000,0.000,0.0,0.000,0.000
1.5880,2.297,-19.2,-3.607,2.332,1.650,-8.9,0.563,1.670,27.281,-32.7,6.125,27.328,93.312,50.8,-0.042,93.188,-1.626,47.7,2.611,-1.714,-4.285,-5.8,-7.207,-4.270,-43.656,-51.0,-8.164,-43.562,-97.938,27.5,-2.518,-98.000,0.000,0.0,0.000,0.000,0.000,0.0,0.000,0.000
1.5900,2.275,-13.6,-3.744,2.297,1.657,-1.8,0.024,1.650,27.234,-23.7,5.262,27.281,93.375,47.4,-0.322,93.312,-1.544,42.1,2.572,-1.626,-4.309,-9.5,-6.828,-4.285,-43.750,-44.9,-8.305,-43.656,-97.938,17.7,-2.105,-97.938,0.000,0.0,0.000,0.000,0.000,0.0,0.000,0.000
1.5927,2.250,-13.3,-4.012,2.275,1.660,1.0,-0.206,1.657,27.203,-16.1,4.793,27.234,93.500,55.2,-0.714,93.375,-1.472,38.9,3.416,-1.544,-4.355,-19.2,-6.730,-4.309,-43.812,-37.6,-8.562,-43.750,-97.938,-2.1,-1.608,-97.938,0.000,0.0,0.000,0.000,0.000,0.0,0.000,0.000
1.5945,2.250,-5.6,-4.379,2.250,1.666,1.8,-0.629,1.660,27.188,-11.3,4.387,27.203,93.625,52.7,-0.868,93.500,-1.431,25.5,3.754,-1.472,-4.387,-18.1,-6.703,-4.355,-43.844,-26.9,-8.898,-43.812,-98.000,-11.1,-1.164,-97.938,0.000,0.0,0.000,0.000,0.000,0.0,0.000,0.000
1.5960,2.246,-1.9,-4.172,2.250,1.663,-1.4,-1.006,1.666,27.156,-14.1,3.963,27.188,93.688,53.0,-1.039,93.625,-1.374,25.9,4.305,-1.431,-4.426,-19.8,-6.656,-4.387,-43.875,-19.7,-9.148,-43.844,-98.062,-24.1,-0.667,-98.000,0.000,0.0,0.000,0.000,0.000,0.0,0.000,0.000
1.5980,2.234,-2.9,-4.145,2.246,1.663,-2.1,-0.935,1.663,27.141,-7.2,3.572,27.156,93.812,47.1,-1.121,93.688,-1.337,21.3,5.023,-1.374,-4.445,-15.0,-6.672,-4.426,-43.875,-10.6,-9.625,-43.875,-98.125,-35.5,-0.010,-98.062,0.000,0.0,0.000,0.000,0.000,0.0,0.000,0.000
1.6000,2.219,-4.5,-4.398,2.234,1.663,-1.8,-1.068,1.663,27.141,-4.9,3.178,27.141,93.875,46.6,-1.212,93.812,-1.303,16.9,5.008,-1.337,-4.469,-12.5,-6.355,-4.445,-43.875,-5.8,-9.781,-43.875,-98.188,-31.7,1.346,-98.125,0.000,0.0,0.000,0.000,0.000,0.0,0.000,0.000
1.6020,2.203,-4.8,-3.695,2.219,1.660,-0.6,-0.870,1.663,27.109,-7.4,2.832,27.141,94.000,42.8,-1.258,93.875,-1.274,13.7,5.258,-1.303,-4.488,-10.5,-5.867,-4.469,-43.875,1.2,-10.227,-43.875,-98.250,-36.7,2.607,-98.188,0.000,0.0,0.000,0.000,0.000,0.0,0.000,0.000
1.6040,2.178,-8.9,-2.301,2.203,1.650,-1.6,-0.629,1.660,27.094,-12.8,2.992,27.109,94.062,39.4,-1.259,94.000,-1.239,15.4,2.846,-1.274,-4.504,-9.6,-4.633,-4.488,-43.875,1.5,-9.664,-43.875,-98.312,-28.5,3.756,-98.250,0.000,0.0,0.000,0.000,0.000,0.0,0.000,0.000
1.6060,2.166,-7.4,-0.254,2.178,1.629,-6.7,0.607,1.650,27.078,-6.8,5.473,27.094,94.125,36.0,-1.657,94.062,-1.236,6.8,-0.188,-1.239,-4.492,-1.0,-3.438,-4.504,-43.875,3.5,-7.258,-43.875,-98.312,-18.9,2.551,-98.312,0.000,0.0,0.000,0.000,0.000,0.0,0.000,0.000
1.6080,2.174,0.2,0.396,2.166,1.635,-0.5,1.769,1.629,27.062,-8.1,5.297,27.078,94.188,31.5,-1.719,94.125,-1.274,-8.3,0.708,-1.236,-4.477,5.9,-3.730,-4.492,-43.844,7.2,-7.723,-43.875,-98.375,-8.6,2.443,-98.312,0.000,0.0,0.000,0.000,0.000,0.0,0.000,0.000
1.6100,2.203,7.6,-0.747,2.174,1.650,4.7,1.671,1.635,27.094,3.7,5.988,27.062,94.250,29.4,-1.934,94.188,-1.340,-24.6,1.693,-1.274,-4.445,11.4,-3.447,-4.477,-43.812,13.4,-6.914,-43.844,-98.375,-1.8,1.714,-98.375,0.000,0.0,0.000,0.000,0.000,0.0,0.000,0.000
1.6120,2.246,15.9,-0.957,2.203,1.682,12.2,1.849,1.650,27.109,9.9,4.738,27.094,94.250,20.4,-1.370,94.250,-1.415,-33.9,2.941,-1.340,-4.430,10.9,-4.285,-4.445,-43.781,17.1,-8.477,-43.812,-98.375,-0.3,2.227,-98.375,0.000,0.0,0.000,0.000,0.000,0.0,0.000,0.000
1.6141,2.287,18.1,-1.336,2.246,1.720,17.0,0.905,1.682,27.141,11.0,4.344,27.109,94.312,13.6,-1.208,94.250,-1.484,-32.8,3.873,-1.415,-4.414,8.7,-4.367,-4.430,-43.750,14.5,-8.742,-43.781,-98.312,4.4,2.408,-98.375,0.000,0.0,0.000,0.000,0.000,0.0,0.000,0.000
1.6163,2.332,19.5,-1.837,2.287,1.761,20.0,0.572,1.720,27.188,19.7,3.760,27.141,94.312,6.9,-0.818,94.312,-1.569,-37.3,4.953,-1.484,-4.410,4.4,-4.949,-4.414,-43.750,8.7,-9.492,-43.750,-98.312,5.9,2.842,-98.312,0.000,0.0,0.000,0.000,0.000,0.0,0.000,0.000
1.6186,2.373,19.7,-2.555,2.332,1.802,20.9,0.162,1.761,27.219,14.9,4.246,27.188,94.312,8.2,-0.963,94.312,-1.638,-35.4,5.270,-1.569,-4.398,4.3,-4.344,-4.410,-43.750,0.6,-8.906,-43.750,-98.250,16.0,2.578,-98.312,0.000,0.0,0.000,0.000,0.000,0.0,0.000,0.000
1.6206,2.404,16.9,-2.527,2.373,1.826,16.6,0.433,1.802,27.234,14.0,5.109,27.219,94.312,2.3,-1.137,94.312,-1.691,-30.3,4.785,-1.638,-4.391,5.5,-3.744,-4.398,-43.750,-3.2,-7.922,-43.750,-98.250,20.5,2.344,-98.250,0.000,0.0,0.000,0.000,0.000,0.0,0.000,0.000
1.6220,2.430,13.5,-3.041,2.404,1.849,14.0,1.244,1.826,27.266,13.2,5.633,27.234,94.312,-1.9,-1.555,94.312,-1.732,-24.6,4.371,-1.691,-4.379,6.5,-3.877,-4.391,-43.750,-4.1,-7.852,-43.750,-98.188,19.2,2.141,-98.250,0.000,0.0,0.000,0.000,0.000,0.0,0.000,0.000
1.6240,2.445,7.6,-2.840,2.430,1.842,3.4,1.651,1.849,27.312,17.8,6.176,27.266,94.312,-6.4,-1.729,94.312,-1.758,-18.1,3.877,-1.732,-4.355,8.3,-3.576,-4.379,-43.750,-1.9,-7.730,-43.750,-98.125,25.0,2.387,-98.188,0.000,0.0,0.000,0.000,0.000,0.0,0.000,0.000
1.6260,2.473,10.4,-3.182,2.445,1.849,1.4,2.336,1.842,27.344,19.7,4.934,27.312,94.250,-11.0,-1.849,94.312,-1.785,-14.1,3.949,-1.758,-4.328,12.2,-5.246,-4.355,-43.750,3.0,-9.492,-43.750,-98.062,26.1,2.781,-98.125,0.000,0.0,0.000,0.000,0.000,0.0,0.000,0.000
1.6280,2.494,12.2,-2.494,2.473,1.854,1.0,1.057,1.849,27.375,17.0,4.223,27.344,94.250,-12.9,-1.023,94.250,-1.817,-15.6,4.199,-1.785,-4.309,10.8,-5.289,-4.328,-43.781,-3.3,-10.266,-43.750,-98.062,23.9,3.584,-98.062,0.000,0.0,0.000,0.000,0.000,0.0,0.000,0.000
1.6300,2.514,11.3,-2.568,2.494,1.852,-1.8,1.037,1.854,27.406,14.9,4.855,27.375,94.188,-14.1,-0.991,94.250,-1.823,-8.5,3.164,-1.817,-4.301,7.8,-4.891,-4.309,-43.781,-3.9,-9.719,-43.781,-97.938,31.7,3.252,-98.062,0.000,0.0,0.000,0.000,0.000,0.0,0.000,0.000
1.6320,2.541,13.5,-2.459,2.514,1.842,-4.7,1.356,1.852,27.438,13.5,5.449,27.406,94.188,-14.9,-1.196,94.188,-1.842,-10.2,2.674,-1.823,-4.309,0.3,-4.227,-4.301,-43.781,-5.5,-9.172,-43.781,-97.875,31.8,2.834,-97.938,0.000,0.0,0.000,0.000,0.000,0.0,0.000,0.000
1.6340,2.582,18.5,-2.951,2.541,1.842,0.0,2.062,1.842,27.469,12.6,6.184,27.438,94.125,-21.2,-1.583,94.188,-1.849,-7.1,2.289,-1.842,-4.301,3.5,-3.486,-4.309,-43.781,0.8,-8.211,-43.781,-97.812,33.8,2.145,-97.875,0.000,0.0,0.000,0.000,0.000,0.0,0.000,0.000
1.6360,2.602,12.3,-2.869,2.582,1.823,-4.9,2.537,1.842,27.484,14.3,6.078,27.469,94.125,-19.6,-1.459,94.125,-1.877,-12.9,2.479,-1.849,-4.305,-0.5,-3.633,-4.301,-43.781,-3.7,-8.281,-43.781,-97.750,34.2,2.090,-97.812,0.000,0.0,0.000,0.000,0.000,0.0,0.000,0.000
1.6380,2.637,15.0,-2.639,2.602,1.826,-1.6,2.055,1.823,27.516,13.6,5.609,27.484,94.062,-16.9,-1.158,94.125,-1.886,-9.6,2.502,-1.877,-4.285,6.9,-4.074,-4.305,-43.750,8.0,-9.102,-43.781,-97.688,32.8,2.363,-97.750,0.000,0.0,0.000,0.000,0.000,0.0,0.000,0.000
1.6400,2.664,13.4,-2.771,2.637,1.829,-0.0,1.782,1.826,27.531,10.1,5.910,27.516,94.000,-20.5,-1.057,94.062,-1.898,-7.1,2.594,-1.886,-4.285,3.4,-4.156,-4.285,-43.750,5.0,-9.062,-43.750,-97.625,29.9,2.434,-97.688,0.000,0.0,0.000,0.000,0.000,0.0,0.000,0.000
1.6428,2.693,14.3,-2.805,2.664,1.829,-0.7,1.995,1.829,27.531,8.0,7.375,27.531,94.000,-19.6,-1.706,94.000,-1.917,-7.8,2.580,-1.898,-4.285,0.1,-3.227,-4.285,-43.750,2.9,-8.047,-43.750,-97.562,31.1,1.950,-97.625,0.000,0.0,0.000,0.000,0.000,0.0,0.000,0.000
1.6449,2.711,10.0,-2.914,2.693,1.836,3.0,2.678,1.829,27.547,5.9,7.039,27.531,93.938,-19.9,-1.701,94.000,-1.939,-7.9,2.707,-1.917,-4.270,4.9,-3.637,-4.285,-43.750,2.2,-8.250,-43.750,-97.500,29.8,2.271,-97.562,0.000,0.0,0.000,0.000,0.000,0.0,0.000,0.000
1.6469,2.732,7.1,-2.490,2.711,1.823,-2.8,2.582,1.836,27.562,5.7,7.602,27.547,93.875,-18.9,-1.990,93.938,-1.965,-7.7,2.434,-1.939,-4.266,0.1,-2.914,-4.270,-43.781,-7.5,-7.438,-43.750,-97.500,21.0,1.805,-97.500,0.000,0.0,0.000,0.000,0.000,0.0,0.000,0.000
1.6483,2.740,6.2,-2.531,2.732,1.833,1.9,2.975,1.823,27.562,2.6,7.508,27.562,93.875,-18.6,-1.981,93.875,-1.977,-9.4,2.232,-1.965,-4.254,4.1,-2.762,-4.266,-43.781,1.5,-7.430,-43.781,-97.438,20.6,1.787,-97.500,0.000,0.0,0.000,0.000,0.000,0.0,0.000,0.000
1.6500,2.742,3.9,-2.002,2.740,1.823,-2.1,3.160,1.833,27.578,7.5,7.668,27.562,93.812,-20.4,-2.061,93.875,-1.996,-9.2,2.111,-1.977,-4.254,-0.0,-2.662,-4.254,-43.781,0.5,-7.453,-43.781,-97.438,18.8,1.894,-97.438,0.000,0.0,0.000,0.000,0.000,0.0,0.000,0.000
1.6520,2.746,3.4,-1.949,2.742,1.829,1.6,3.145,1.823,27.594,5.9,7.230,27.578,93.750,-25.3,-1.901,93.812,-2.018,-10.8,2.459,-1.996,-4.242,1.3,-3.080,-4.254,-43.750,1.8,-7.918,-43.781,-97.375,15.4,2.361,-97.438,0.000,0.0,0.000,0.000,0.000,0.0,0.000,0.000
1.6540,2.752,3.6,-1.986,2.746,1.826,-1.0,2.723,1.829,27.594,2.4,7.145,27.594,93.750,-20.7,-1.685,93.750,-2.039,-13.4,2.246,-2.018,-4.238,0.5,-3.195,-4.242,-43.750,0.8,-8.031,-43.750,-97.375,8.5,2.629,-97.375,0.000,0.0,0.000,0.000,0.000,0.0,0.000,0.000
1.6560,2.748,0.1,-1.771,2.752,1.826,-0.5,2.717,1.826,27.625,10.9,7.359,27.594,93.688,-23.9,-1.661,93.750,-2.047,-7.9,2.279,-2.039,-4.242,-0.7,-2.738,-4.238,-43.750,0.9,-7.270,-43.750,-97.375,5.7,2.477,-97.375,0.000,0.0,0.000,0.000,0.000,0.0,0.000,0.000
1.6580,2.762,3.0,-1.907,2.748,1.826,-0.2,3.029,1.826,27.609,5.0,8.031,27.625,93.625,-20.9,-2.014,93.688,-2.062,-8.8,1.825,-2.047,-4.246,-1.6,-2.443,-4.242,-43.750,0.8,-7.074,-43.750,-97.375,2.5,2.395,-97.375,0.000,0.0,0.000,0.000,0.000,0.0,0.000,0.000
1.6600,2.773,3.5,-2.361,2.762,1.829,1.5,3.500,1.826,27.625,6.6,8.711,27.609,93.562,-20.8,-2.375,93.625,-2.074,-9.0,1.528,-2.062,-4.242,-0.3,-2.086,-4.246,-43.750,-2.1,-6.430,-43.750,-97.375,2.6,2.191,-97.375,0.000,0.0,0.000,0.000,0.000,0.0,0.000,0.000
1.6620,2.789,6.2,-2.490,2.773,1.820,-2.3,3.723,1.829,27.656,9.7,7.953,27.625,93.562,-20.7,-2.012,93.562,-2.094,-11.5,1.736,-2.074,-4.234,2.6,-2.232,-4.242,-43.750,4.0,-6.551,-43.750,-97.375,-5.3,2.297,-97.375,0.000,0.0,0.000,0.000,0.000,0.0,0.000,0.000
1.6640,2.805,8.3,-2.418,2.789,1.829,0.4,3.773,1.820,27.672,11.2,9.156,27.656,93.500,-26.4,-2.697,93.562,-2.094,-4.9,1.321,-2.094,-4.223,4.5,-1.691,-4.234,-43.750,5.6,-5.574,-43.750,-97.375,-5.2,1.852,-97.375,0.000,0.0,0.000,0.000,0.000,0.0,0.000,0.000
1.6660,2.814,6.2,-2.646,2.805,1.839,1.5,4.152,1.829,27.703,12.1,8.195,27.672,93.438,-22.4,-2.342,93.500,-2.115,-7.3,1.628,-2.094,-4.207,5.7,-1.972,-4.223,-43.719,11.3,-5.977,-43.750,-97.375,-7.3,2.020,-97.375,0.000,0.0,0.000,0.000,0.000,0.0,0.000,0.000
1.6680,2.830,7.9,-2.535,2.814,1.864,9.2,3.801,1.839,27.734,12.2,8.227,27.703,93.375,-25.8,-2.326,93.438,-2.127,-5.2,1.729,-2.115,-4.184,9.7,-2.104,-4.207,-43.719,1.8,-6.180,-43.719,-97.438,-10.0,2.217,-97.375,0.000,0.0,0.000,0.000,0.000,0.0,0.000,0.000
1.6700,2.834,3.1,-3.137,2.830,1.867,5.7,4.234,1.864,27.781,19.3,9.430,27.734,93.312,-26.5,-2.939,93.375,-2.166,-15.3,1.762,-2.127,-4.172,6.7,-1.278,-4.184,-43.688,10.8,-4.375,-43.719,-97.438,-12.4,1.327,-97.438,0.000,0.0,0.000,0.000,0.000,0.0,0.000,0.000
1.6720,2.846,3.0,-5.828,2.834,1.877,6.1,5.250,1.867,27.812,17.4,10.367,27.781,93.250,-26.7,-3.486,93.312,-2.166,-7.1,4.477,-2.166,-4.156,8.7,-0.484,-4.172,-43.688,10.7,-3.834,-43.688,-97.500,-14.8,0.870,-97.438,0.000,0.0,0.000,0.000,0.000,0.0,0.000,0.000
1.6740,2.844,-0.3,-6.352,2.846,1.896,10.2,5.594,1.877,27.859,19.7,10.047,27.812,93.188,-31.0,-3.439,93.250,-2.162,-1.1,5.410,-2.166,-4.137,11.7,-0.375,-4.156,-43.625,14.6,-3.668,-43.688,-97.500,-14.6,0.707,-97.500,0.000,0.0,0.000,0.000,0.000,0.0,0.000,0.000
1.6760,2.799,-13.8,-7.715,2.844,1.908,9.9,5.879,1.896,27.922,26.6,9.820,27.859,93.125,-33.7,-3.422,93.188,-2.141,6.6,4.625,-2.162,-4.125,9.7,0.132,-4.137,-43.594,17.0,-4.078,-43.625,-97.562,-21.0,0.679,-97.500,0.000,0.0,0.000,0.000,0.000,0.0,0.000,0.000
1.6780,2.746,-22.2,-5.785,2.799,1.927,10.1,5.684,1.908,27.984,26.4,9.984,27.922,93.062,-36.0,-3.180,93.125,-2.105,10.6,4.629,-2.141,-4.094,14.2,-0.020,-4.125,-43.531,24.8,-4.105,-43.594,-97.625,-25.1,0.796,-97.562,0.000,0.0,0.000,0.000,0.000,0.0,0.000,0.000
1.6800,2.678,-31.3,-7.105,2.746,1.952,12.6,6.207,1.927,28.047,32.2,9.891,27.984,93.000,-39.0,-2.779,93.062,-2.059,15.4,4.305,-2.105,-4.078,14.7,0.282,-4.094,-43.469,27.5,-4.199,-43.531,-97.688,-26.6,0.622,-97.625,0.000,0.0,0.000,0.000,0.000,0.0,0.000,0.000
1.6820,2.613,-31.8,-5.781,2.678,1.952,3.5,6.305,1.952,28.094,29.0,10.031,28.047,92.938,-38.4,-2.172,93.000,-1.986,27.9,3.652,-2.059,-4.062,11.5,0.019,-4.078,-43.438,29.3,-4.473,-43.469,-97.750,-28.4,0.651,-97.688,0.000,0.0,0.000,0.000,0.000,0.0,0.000,0.000
1.6840,2.557,-29.4,-5.621,2.613,1.977,7.9,6.539,1.952,28.141,25.0,10.133,28.094,92.875,-33.7,-1.308,92.938,-1.930,29.0,2.758,-1.986,-4.055,8.5,-0.195,-4.062,-43.375,29.8,-4.480,-43.438,-97.812,-28.0,0.644,-97.750,0.000,0.0,0.000,0.000,0.000,0.0,0.000,0.000
1.6860,2.488,-32.6,-5.309,2.557,1.986,6.0,6.738,1.977,28.188,24.7,10.203,28.141,92.812,-26.8,-0.669,92.875,-1.880,26.4,2.604,-1.930,-4.051,4.4,-0.127,-4.055,-43.312,30.4,-4.469,-43.375,-97.875,-33.4,0.677,-97.812,0.000,0.0,0.000,0.000,0.000,0.0,0.000,0.000
1.6880,2.438,-27.3,-5.254,2.488,1.980,0.4,7.309,1.986,28.203,17.1,10.414,28.188,92.750,-23.3,-0.612,92.812,-1.836,24.5,2.846,-1.880,-4.047,3.1,-0.079,-4.051,-43.250,25.6,-4.551,-43.312,-97.938,-32.1,0.701,-97.875,0.000,0.0,0.000,0.000,0.000,0.0,0.000,0.000
1.6900,2.389,-26.1,-5.109,2.438,1.999,6.8,7.590,1.980,28.250,16.2,10.414,28.203,92.750,-15.0,-0.826,92.750,-1.805,19.8,2.645,-1.836,-4.047,2.2,0.220,-4.047,-43.219,25.3,-4.266,-43.250,-98.000,-36.4,0.839,-97.938,0.000,0.0,0.000,0.000,0.000,0.0,0.000,0.000
1.6920,2.344,-22.5,-4.957,2.389,1.989,0.7,7.543,1.999,28.266,13.5,10.672,28.250,92.750,-7.4,-1.471,92.750,-1.785,14.6,3.260,-1.805,-4.062,-3.0,0.391,-4.047,-43.188,22.6,-4.098,-43.219,-98.062,-33.6,0.984,-98.000,0.000,0.0,0.000,0.000,0.000,0.0,0.000,0.000
1.6949,2.271,-24.1,-5.430,2.344,2.006,5.1,7.695,1.989,28.297,9.9,10.562,28.266,92.750,2.8,-2.283,92.750,-1.776,4.0,3.785,-1.785,-4.059,-0.8,0.656,-4.062,-43.125,15.6,-3.570,-43.188,-98.188,-34.3,1.110,-98.062,0.000,0.0,0.000,0.000,0.000,0.0,0.000,0.000
1.6969,2.240,-18.3,-5.461,2.271,2.006,2.9,7.586,2.006,28.312,7.4,10.602,28.297,92.750,3.6,-3.328,92.750,-1.770,1.9,4.445,-1.776,-4.051,3.0,0.761,-4.059,-43.094,14.8,-3.316,-43.125,-98.250,-30.8,1.188,-98.188,0.000,0.0,0.000,0.000,0.000,0.0,0.000,0.000
1.6990,2.199,-18.1,-5.727,2.240,2.018,5.1,7.395,2.006,28.344,11.3,10.898,28.312,92.750,2.8,-3.441,92.750,-1.761,2.5,4.547,-1.770,-4.051,1.1,0.645,-4.051,-43.094,12.8,-3.119,-43.094,-98.312,-31.7,1.149,-98.250,0.000,0.0,0.000,0.000,0.000,0.0,0.000,0.000
1.7007,2.178,-18.7,-5.641,2.199,2.018,3.8,7.395,2.018,28.312,-3.8,10.961,28.344,92.750,1.1,-3.734,92.750,-1.758,2.1,3.738,-1.761,-4.047,3.2,0.670,-4.051,-43.062,14.8,-3.184,-43.094,-98.312,-30.2,1.101,-98.312,0.000,0.0,0.000,0.000,0.000,0.0,0.000,0.000
1.7024,2.143,-16.7,-4.570,2.178,2.021,2.7,6.969,2.018,28.328,0.0,11.023,28.312,92.750,-1.5,-4.117,92.750,-1.761,-1.3,3.467,-1.758,-4.047,0.2,0.374,-4.047,-43.062,10.3,-3.033,-43.062,-98.375,-25.0,1.091,-98.312,0.000,0.0,0.000,0.000,0.000,0.0,0.000,0.000
1.7040,2.115,-12.7,-0.814,2.143,2.012,-1.4,6.535,2.021,28.312,-3.5,9.266,28.328,92.750,-4.6,-2.975,92.750,-1.773,-6.9,-0.457,-1.761,-4.035,2.2,-0.926,-4.047,-43.062,6.2,-4.707,-43.062,-98.438,-26.6,1.604,-98.375,0.000,0.0,0.000,0.000,0.000,0.0,0.000,0.000
1.7060,2.105,-6.1,0.391,2.115,1.999,-4.0,5.387,2.012,28.312,-3.2,8.766,28.312,92.750,-3.8,-2.549,92.750,-1.817,-17.8,0.683,-1.773,-4.035,1.9,-1.503,-4.035,-43.062,1.9,-5.336,-43.062,-98.438,-16.1,2.061,-98.438,0.000,0.0,0.000,0.000,0.000,0.0,0.000,0.000
1.7080,2.143,9.9,-0.739,2.105,1.977,-7.8,5.207,1.999,28.281,-6.6,8.172,28.312,92.750,-3.9,-2.408,92.750,-1.867,-22.8,1.730,-1.817,-4.059,-6.4,-1.453,-4.035,-43.094,-8.9,-5.352,-43.062,-98.438,-10.0,1.948,-98.438,0.000,0.0,0.000,0.000,0.000,0.0,0.000,0.000
1.7100,2.193,19.8,-1.594,2.143,1.942,-13.5,4.547,1.977,28.250,-13.4,8.023,28.281,92.750,-4.6,-2.012,92.750,-1.937,-29.7,2.857,-1.867,-4.078,-8.5,-1.822,-4.059,-43.125,-17.8,-5.676,-43.094,-98.438,-5.8,2.156,-98.438,0.000,0.0,0.000,0.000,0.000,0.0,0.000,0.000
1.7120,2.246,24.0,-2.465,2.193,1.908,-16.0,4.273,1.942,28.203,-17.0,7.926,28.250,92.750,1.9,-1.981,92.750,-2.002,-31.0,3.605,-1.937,-4.113,-14.4,-1.993,-4.078,-43.156,-20.9,-5.582,-43.125,-98.438,4.5,2.525,-98.438,0.000,0.0,0.000,0.000,0.000,0.0,0.000,0.000
1.7140,2.291,22.6,-2.789,2.246,1.880,-15.3,3.639,1.908,28.172,-18.3,6.902,28.203,92.750,6.0,-1.417,92.750,-2.068,-31.0,4.680,-2.002,-4.168,-22.8,-2.615,-4.113,-43.219,-27.3,-6.738,-43.156,-98.438,7.8,3.135,-98.438,0.000,0.0,0.000,0.000,0.000,0.0,0.000,0.000
1.7160,2.334,21.0,-2.996,2.291,1.857,-12.8,2.281,1.880,28.125,-24.6,5.867,28.172,92.812,9.1,-0.789,92.750,-2.115,-26.9,5.145,-2.068,-4.230,-28.7,-3.201,-4.168,-43.312,-35.4,-7.977,-43.219,-98.375,19.5,3.912,-98.438,0.000,0.0,0.000,0.000,0.000,0.0,0.000,0.000
1.7180,2.373,18.5,-5.555,2.334,1.836,-10.4,1.225,1.857,28.047,-32.1,5.090,28.125,92.812,15.8,0.024,92.812,-2.135,-15.4,8.445,-2.115,-4.305,-35.1,-3.777,-4.230,-43.406,-44.4,-8.359,-43.312,-98.312,28.0,4.203,-98.375,0.000,0.0,0.000,0.000,0.000,0.0,0.000,0.000
1.7200,2.400,15.3,-8.312,2.373,1.798,-13.9,0.553,1.836,27.984,-34.6,4.617,28.047,92.875,18.5,0.179,92.812,-2.109,2.2,10.477,-2.135,-4.383,-37.6,-3.539,-4.305,-43.531,-51.2,-8.758,-43.406,-98.250,33.1,3.072,-98.312,0.000,0.0,0.000,0.000,0.000,0.0,0.000,0.000
1.7223,2.375,-1.9,-7.664,2.400,1.741,-24.5,0.801,1.798,27.875,-40.8,5.375,27.984,92.938,27.2,0.222,92.875,-2.037,22.9,8.023,-2.109,-4.445,-32.8,-3.877,-4.383,-43.656,-59.2,-8.477,-43.531,-98.125,37.8,2.223,-98.250,0.000,0.0,0.000,0.000,0.000,0.0,0.000,0.000
1.7245,2.326,-18.4,-6.773,2.375,1.720,-17.4,0.910,1.741,27.781,-45.0,5.969,27.875,93.000,32.7,0.268,92.938,-1.924,44.2,6.691,-2.037,-4.484,-22.8,-5.148,-4.445,-43.781,-62.4,-8.336,-43.656,-98.062,43.2,0.783,-98.125,0.000,0.0,0.000,0.000,0.000,0.0,0.000,0.000
1.7265,2.281,-22.8,-6.184,2.326,1.691,-15.0,0.932,1.720,27.672,-48.3,6.477,27.781,93.062,40.1,0.212,93.000,-1.802,54.7,5.207,-1.924,-4.492,-11.7,-6.500,-4.484,-43.906,-63.8,-8.273,-43.781,-98.000,40.0,-0.501,-98.062,0.000,0.0,0.000,0.000,0.000,0.0,0.000,0.000
1.7286,2.250,-17.5,-5.816,2.281,1.670,-13.3,0.739,1.691,27.594,-44.2,6.469,27.672,93.188,41.9,0.114,93.062,-1.660,64.9,3.926,-1.802,-4.500,-7.2,-7.016,-4.492,-44.062,-63.5,-8.453,-43.906,-97.938,29.9,-0.955,-98.000,0.000,0.0,0.000,0.000,0.000,0.0,0.000,0.000
1.7300,2.203,-20.3,-5.398,2.250,1.676,-2.6,0.396,1.670,27.516,-39.3,6.516,27.594,93.250,46.1,0.021,93.188,-1.538,63.5,2.641,-1.660,-4.496,-2.1,-7.520,-4.500,-44.188,-63.9,-8.273,-44.062,-97.875,22.4,-1.358,-97.938,0.000,0.0,0.000,0.000,0.000,0.0,0.000,0.000
1.7320,2.182,-13.7,-4.383,2.203,1.670,-1.4,0.252,1.676,27.438,-35.5,6.090,27.516,93.375,51.6,-0.146,93.250,-1.438,54.8,2.174,-1.538,-4.516,-7.3,-7.711,-4.496,-44.281,-55.1,-8.219,-44.188,-97.875,6.6,-1.661,-97.875,0.000,0.0,0.000,0.000,0.000,0.0,0.000,0.000
1.7340,2.166,-9.6,-4.035,2.182,1.663,-3.2,-0.122,1.670,27.406,-25.7,5.219,27.438,93.500,52.0,-0.459,93.375,-1.343,49.3,2.354,-1.438,-4.539,-11.3,-7.691,-4.516,-44.375,-48.0,-8.367,-44.281,-97.938,-3.9,-1.729,-97.875,0.000,0.0,0.000,0.000,0.000,0.0,0.000,0.000
1.7360,2.166,-2.4,-4.316,2.166,1.679,3.3,-0.381,1.663,27.375,-18.6,4.500,27.406,93.562,51.7,-0.866,93.500,-1.283,36.1,3.232,-1.343,-4.574,-14.4,-7.402,-4.539,-44.438,-42.8,-8.633,-44.375,-97.938,-14.9,-1.216,-97.938,0.000,0.0,0.000,0.000,0.000,0.0,0.000,0.000
1.7380,2.172,2.7,-4.707,2.166,1.679,1.3,-0.963,1.679,27.344,-16.4,4.035,27.375,93.688,55.1,-1.287,93.562,-1.227,30.5,4.168,-1.283,-4.613,-17.6,-7.559,-4.574,-44.500,-29.5,-8.852,-44.438,-98.062,-27.0,-0.478,-97.938,0.000,0.0,0.000,0.000,0.000,0.0,0.000,0.000
1.7400,2.162,-0.2,-4.812,2.172,1.682,1.5,-1.446,1.679,27.312,-11.6,3.602,27.344,93.812,50.8,-1.461,93.688,-1.192,20.3,4.945,-1.227,-4.645,-15.5,-7.375,-4.613,-44.531,-21.1,-8.836,-44.500,-98.125,-33.2,0.069,-98.062,0.000,0.0,0.000,0.000,0.000,0.0,0.000,0.000
1.7420,2.150,-4.1,-4.473,2.162,1.670,-2.9,-1.350,1.682,27.281,-19.0,3.070,27.312,93.875,45.7,-1.440,93.812,-1.139,24.0,5.160,-1.192,-4.676,-14.6,-6.891,-4.645,-44.531,-8.3,-9.359,-44.531,-98.188,-37.1,2.043,-98.125,0.000,0.0,0.000,0.000,0.000,0.0,0.000,0.000
1.7440,2.143,-3.4,-4.629,2.150,1.657,-5.3,-1.271,1.670,27.266,-12.7,2.744,27.281,93.938,43.8,-1.510,93.875,-1.102,23.5,5.754,-1.139,-4.691,-9.7,-6.730,-4.676,-44.531,-1.9,-9.938,-44.531,-98.250,-35.9,4.164,-98.188,0.000,0.0,0.000,0.000,0.000,0.0,0.000,0.000
1.7466,2.127,-5.6,-1.772,2.143,1.632,-9.6,-0.805,1.657,27.203,-18.9,3.262,27.266,94.000,35.2,-1.438,93.938,-1.079,16.8,1.654,-1.102,-4.695,-3.0,-4.926,-4.691,-44.531,-3.0,-9.375,-44.531,-98.312,-26.1,3.754,-98.250,0.000,0.0,0.000,0.000,0.000,0.0,0.000,0.000
1.7487,2.125,-3.3,-0.003,2.127,1.613,-10.2,0.642,1.632,27.172,-19.8,5.062,27.203,94.125,40.9,-1.404,94.000,-1.096,1.7,0.443,-1.079,-4.691,1.1,-4.645,-4.695,-44.500,4.3,-8.008,-44.531,-98.312,-16.8,3.193,-98.312,0.000,0.0,0.000,0.000,0.000,0.0,0.000,0.000
1.7508,2.150,7.6,0.291,2.125,1.613,-2.8,1.532,1.613,27.156,-15.3,5.738,27.172,94.188,33.2,-1.686,94.125,-1.143,-16.0,0.556,-1.096,-4.684,2.9,-3.871,-4.691,-44.500,11.3,-7.113,-44.500,-98.312,-7.2,2.332,-98.312,0.000,0.0,0.000,0.000,0.000,0.0,0.000,0.000
1.7529,2.184,13.8,-0.370,2.150,1.616,2.1,2.070,1.613,27.172,1.9,6.066,27.156,94.188,26.6,-1.782,94.188,-1.205,-27.8,1.633,-1.143,-4.656,9.1,-3.727,-4.684,-44.469,5.9,-6.863,-44.500,-98.312,1.7,2.123,-98.312,0.000,0.0,0.000,0.000,0.000,0.0,0.000,0.000
1.7543,2.234,22.5,-1.031,2.184,1.635,6.5,2.215,1.616,27.172,2.2,5.320,27.172,94.250,17.6,-1.770,94.188,-1.287,-35.7,3.033,-1.205,-4.645,8.3,-3.709,-4.656,-44.438,19.6,-7.844,-44.469,-98.312,5.8,1.888,-98.312,0.000,0.0,0.000,0.000,0.000,0.0,0.000,0.000
1.7560,2.275,23.5,-1.091,2.234,1.686,19.4,1.326,1.635,27.203,10.9,4.828,27.172,94.250,14.5,-1.356,94.250,-1.384,-43.6,3.918,-1.287,-4.637,5.2,-4.215,-4.645,-44.406,17.0,-7.949,-44.438,-98.312,6.0,2.273,-98.312,0.000,0.0,0.000,0.000,0.000,0.0,0.000,0.000
1.7580,2.307,18.4,-1.886,2.275,1.726,22.5,0.614,1.686,27.234,14.4,3.268,27.203,94.250,8.7,-0.525,94.250,-1.472,-44.3,5.980,-1.384,-4.621,6.6,-5.672,-4.637,-44.375,13.5,-9.000,-44.406,-98.312,7.7,2.832,-98.312,0.000,0.0,0.000,0.000,0.000,0.0,0.000,0.000
1.7600,2.348,18.8,-2.209,2.307,1.779,27.6,-0.592,1.726,27.250,11.3,4.078,27.234,94.250,4.2,-0.830,94.250,-1.541,-38.0,5.465,-1.472,-4.633,-2.3,-4.961,-4.621,-44.375,8.7,-9.469,-44.375,-98.250,12.5,3.131,-98.312,0.000,0.0,0.000,0.000,0.000,0.0,0.000,0.000
1.7620,2.379,14.9,-3.240,2.348,1.808,21.6,0.089,1.779,27.281,14.9,5.664,27.250,94.250,1.6,-1.623,94.250,-1.601,-33.5,5.281,-1.541,-4.625,1.1,-3.732,-4.633,-44.406,-4.8,-7.977,-44.375,-98.188,17.9,2.627,-98.250,0.000,0.0,0.000,0.000,0.000,0.0,0.000,0.000
1.7640,2.410,14.4,-3.455,2.379,1.829,15.3,0.922,1.808,27.312,16.9,6.145,27.281,94.250,-5.8,-2.180,94.250,-1.638,-25.2,4.809,-1.601,-4.605,7.4,-3.840,-4.625,-44.406,-2.1,-7.652,-44.406,-98.188,21.8,2.650,-98.188,0.000,0.0,0.000,0.000,0.000,0.0,0.000,0.000
1.7660,2.426,9.9,-3.066,2.410,1.861,17.2,1.395,1.829,27.344,18.6,6.098,27.312,94.250,-9.3,-2.264,94.250,-1.657,-15.6,3.984,-1.638,-4.586,11.8,-3.951,-4.605,-44.406,-4.9,-7.938,-44.406,-98.125,20.9,2.912,-98.188,0.000,0.0,0.000,0.000,0.000,0.0,0.000,0.000
1.7680,2.436,5.1,-2.688,2.426,1.867,9.6,1.448,1.861,27.406,25.3,5.445,27.344,94.188,-14.4,-1.874,94.250,-1.679,-11.5,3.617,-1.657,-4.562,11.1,-5.008,-4.586,-44.438,-3.5,-9.000,-44.406,-98.062,25.8,3.588,-98.125,0.000,0.0,0.000,0.000,0.000,0.0,0.000,0.000
1.7700,2.453,7.9,-2.555,2.436,1.877,6.4,1.123,1.867,27.453,24.2,4.395,27.406,94.188,-18.7,-1.390,94.188,-1.688,-6.2,4.059,-1.679,-4.539,9.3,-5.570,-4.562,-44.438,-6.9,-10.281,-44.438,-98.000,31.8,4.484,-98.062,0.000,0.0,0.000,0.000,0.000,0.0,0.000,0.000
1.7720,2.467,6.2,-2.309,2.453,1.873,1.3,1.294,1.877,27.484,19.2,5.492,27.453,94.125,-16.4,-1.789,94.188,-1.704,-6.3,2.682,-1.688,-4.535,3.8,-4.797,-4.539,-44.469,-11.4,-9.281,-44.438,-97.938,35.8,3.631,-98.000,0.000,0.0,0.000,0.000,0.000,0.0,0.000,0.000
1.7741,2.498,11.1,-2.285,2.467,1.867,-1.1,1.921,1.873,27.531,20.9,5.910,27.484,94.062,-22.8,-1.966,94.125,-1.717,-6.0,2.141,-1.704,-4.527,2.3,-4.082,-4.535,-44.500,-11.5,-8.547,-44.469,-97.875,38.8,2.988,-97.938,0.000,0.0,0.000,0.000,0.000,0.0,0.000,0.000
1.7760,2.539,18.0,-2.418,2.498,1.854,-4.7,2.586,1.867,27.562,19.5,6.949,27.531,94.000,-26.5,-2.389,94.062,-1.741,-11.0,1.821,-1.717,-4.531,-1.1,-3.348,-4.527,-44.469,-1.7,-7.918,-44.500,-97.750,39.7,2.443,-97.875,0.000,0.0,0.000,0.000,0.000,0.0,0.000,0.000
1.7781,2.574,19.3,-2.717,2.539,1.852,-3.0,2.994,1.854,27.609,21.2,6.711,27.562,93.938,-34.1,-2.176,94.000,-1.764,-12.8,1.938,-1.741,-4.535,-2.6,-3.387,-4.531,-44.469,1.5,-8.438,-44.469,-97.688,38.6,2.520,-97.750,0.000,0.0,0.000,0.000,0.000,0.0,0.000,0.000
1.7801,2.592,13.0,-2.594,2.574,1.854,-0.2,2.758,1.852,27.641,18.2,5.504,27.609,93.875,-29.0,-1.682,93.938,-1.789,-12.9,2.590,-1.764,-4.516,4.9,-4.188,-4.535,-44.469,6.6,-9.586,-44.469,-97.625,37.0,2.746,-97.688,0.000,0.0,0.000,0.000,0.000,0.0,0.000,0.000
1.7820,2.621,12.4,-2.090,2.592,1.857,1.1,1.774,1.854,27.688,19.5,6.562,27.641,93.812,-29.8,-1.404,93.875,-1.833,-19.7,2.740,-1.789,-4.523,-0.3,-4.121,-4.516,-44.469,0.4,-9.016,-44.469,-97.562,36.1,2.977,-97.625,0.000,0.0,0.000,0.000,0.000,0.0,0.000,0.000
1.7840,2.670,20.3,-2.619,2.621,1.852,-2.5,2.184,1.857,27.688,9.9,7.902,27.688,93.750,-32.2,-2.031,93.812,-1.857,-17.2,2.871,-1.833,-4.516,0.9,-3.248,-4.523,-44.469,-0.9,-7.723,-44.469,-97.500,36.8,2.676,-97.562,0.000,0.0,0.000,0.000,0.000,0.0,0.000,0.000
1.7860,2.684,10.3,-3.445,2.670,1.852,-1.3,3.371,1.852,27.719,10.2,9.578,27.688,93.688,-31.1,-2.830,93.750,-1.873,-11.3,2.490,-1.857,-4.508,4.6,-2.262,-4.516,-44.469,3.5,-6.418,-44.469,-97.438,33.4,2.047,-97.500,0.000,0.0,0.000,0.000,0.000,0.0,0.000,0.000
1.7880,2.711,12.1,-3.209,2.684,1.839,-5.1,4.492,1.852,27.750,14.6,9.031,27.719,93.625,-37.0,-2.889,93.688,-1.896,-9.9,2.287,-1.873,-4.492,6.2,-2.090,-4.508,-44.469,1.5,-6.512,-44.469,-97.375,24.8,1.655,-97.438,0.000,0.0,0.000,0.000,0.000,0.0,0.000,0.000
1.7900,2.711,4.1,-2.871,2.711,1.852,1.7,4.109,1.839,27.766,10.9,8.609,27.750,93.562,-40.2,-2.682,93.625,-1.927,-12.5,2.541,-1.896,-4.480,6.0,-2.500,-4.492,-44.438,7.0,-7.266,-44.469,-97.375,20.0,2.207,-97.375,0.000,0.0,0.000,0.000,0.000,0.0,0.000,0.000
1.7920,2.717,2.4,-2.498,2.711,1.861,4.1,3.430,1.852,27.797,12.1,7.883,27.766,93.438,-38.5,-1.963,93.562,-1.958,-14.9,3.023,-1.927,-4.461,7.0,-3.178,-4.480,-44.438,6.4,-8.039,-44.438,-97.312,16.7,2.779,-97.375,0.000,0.0,0.000,0.000,0.000,0.0,0.000,0.000
1.7940,2.730,4.5,-2.324,2.717,1.861,0.8,3.227,1.861,27.828,13.1,8.469,27.797,93.375,-43.9,-2.285,93.438,-1.986,-17.8,2.184,-1.958,-4.457,3.8,-2.365,-4.461,-44.406,5.0,-6.949,-44.438,-97.312,8.4,2.398,-97.312,0.000,0.0,0.000,0.000,0.000,0.0,0.000,0.000
1.7960,2.732,3.7,-3.268,2.730,1.867,1.3,4.113,1.861,27.844,14.8,10.398,27.828,93.312,-42.5,-3.355,93.375,-1.989,-7.4,2.740,-1.986,-4.457,0.1,-1.299,-4.457,-44.406,2.2,-4.914,-44.406,-97.312,6.8,1.620,-97.312,0.000,0.0,0.000,0.000,0.000,0.0,0.000,0.000
1.7980,2.732,1.6,-4.328,2.732,1.870,1.6,5.012,1.867,27.875,13.6,10.789,27.844,93.188,-40.8,-3.676,93.312,-2.002,-5.4,3.053,-1.989,-4.445,1.8,-0.917,-4.457,-44.375,12.0,-4.195,-44.406,-97.312,2.8,1.056,-97.312,0.000,0.0,0.000,0.000,0.000,0.0,0.000,0.000
1.8000,2.732,2.2,-4.043,2.732,1.883,3.5,5.051,1.870,27.938,22.8,10.102,27.875,93.125,-42.3,-3.488,93.188,-2.018,-6.0,2.631,-2.002,-4.430,8.1,-0.917,-4.445,-44.344,15.6,-4.512,-44.375,-97.312,-7.7,1.400,-97.312,0.000,0.0,0.000,0.000,0.000,0.0,0.000,0.000
1.8024,2.711,-5.9,-7.426,2.732,1.901,6.9,5.617,1.883,28.016,30.5,10.773,27.938,93.000,-47.9,-4.125,93.125,-2.016,-1.1,5.852,-2.018,-4.426,4.6,0.504,-4.430,-44.312,18.5,-3.994,-44.344,-97.375,-15.4,0.577,-97.312,0.000,0.0,0.000,0.000,0.000,0.0,0.000,0.000
1.8046,2.678,-14.7,-7.449,2.711,1.927,9.6,6.547,1.901,28.078,31.5,10.586,28.016,92.938,-53.8,-3.891,93.000,-1.989,6.1,4.168,-2.016,-4.402,7.9,0.487,-4.426,-44.281,21.7,-4.336,-44.312,-97.375,-19.4,0.690,-97.375,0.000,0.0,0.000,0.000,0.000,0.0,0.000,0.000
1.8066,2.637,-19.1,-7.199,2.678,1.971,18.2,6.309,1.927,28.172,39.7,10.484,28.078,92.812,-54.4,-3.375,92.938,-1.945,16.5,4.879,-1.989,-4.363,15.7,0.414,-4.402,-44.219,27.9,-4.102,-44.281,-97.438,-23.8,0.396,-97.375,0.000,0.0,0.000,0.000,0.000,0.0,0.000,0.000
1.8086,2.590,-21.5,-7.324,2.637,1.989,11.7,6.426,1.971,28.234,35.7,10.383,28.172,92.688,-54.3,-3.381,92.812,-1.908,16.8,4.121,-1.945,-4.332,15.7,0.301,-4.363,-44.156,29.9,-4.281,-44.219,-97.500,-30.8,0.458,-97.438,0.000,0.0,0.000,0.000,0.000,0.0,0.000,0.000
1.8100,2.533,-25.2,-7.008,2.590,2.031,16.2,6.691,1.989,28.312,38.5,10.180,28.234,92.562,-54.2,-1.275,92.688,-1.854,22.6,3.928,-1.908,-4.301,14.5,0.099,-4.332,-44.094,28.9,-4.473,-44.156,-97.562,-36.0,0.673,-97.500,0.000,0.0,0.000,0.000,0.000,0.0,0.000,0.000
1.8120,2.479,-25.6,-6.918,2.533,2.043,8.6,7.484,2.031,28.375,37.3,10.383,28.312,92.500,-50.5,-0.431,92.562,-1.808,23.1,3.615,-1.854,-4.273,13.3,-0.130,-4.301,-44.031,29.4,-4.570,-44.094,-97.688,-39.4,0.726,-97.562,0.000,0.0,0.000,0.000,0.000,0.0,0.000,0.000
1.8140,2.430,-24.2,-6.523,2.479,2.068,10.2,7.969,2.043,28.438,32.2,10.266,28.375,92.438,-37.6,0.123,92.500,-1.764,21.5,2.908,-1.808,-4.246,13.1,-0.218,-4.273,-43.969,25.2,-4.859,-44.031,-97.750,-43.1,0.832,-97.688,0.000,0.0,0.000,0.000,0.000,0.0,0.000,0.000
1.8160,2.365,-28.9,-6.102,2.430,2.078,7.4,8.383,2.068,28.500,31.8,10.180,28.438,92.375,-29.2,0.815,92.438,-1.710,25.1,3.242,-1.764,-4.234,8.7,-0.257,-4.246,-43.938,22.1,-4.496,-43.969,-97.875,-46.9,0.881,-97.750,0.000,0.0,0.000,0.000,0.000,0.0,0.000,0.000
1.8180,2.328,-23.3,-6.184,2.365,2.078,2.1,8.562,2.078,28.547,26.1,10.453,28.500,92.375,-8.3,1.328,92.375,-1.691,15.1,3.322,-1.710,-4.215,7.8,-0.384,-4.234,-43.906,20.4,-4.316,-43.938,-98.000,-49.8,0.984,-97.875,0.000,0.0,0.000,0.000,0.000,0.0,0.000,0.000
1.8200,2.285,-21.3,-6.098,2.328,2.100,7.9,8.492,2.078,28.578,20.7,10.586,28.547,92.375,7.5,0.881,92.375,-1.650,19.1,3.705,-1.691,-4.199,7.8,-0.318,-4.215,-43.875,18.2,-3.875,-43.906,-98.062,-47.8,1.212,-98.000,0.000,0.0,0.000,0.000,0.000,0.0,0.000,0.000
1.8220,2.230,-26.3,-6.441,2.285,2.109,8.1,8.359,2.100,28.609,15.1,10.328,28.578,92.438,18.2,-0.490,92.375,-1.632,14.1,3.730,-1.650,-4.191,5.7,-0.012,-4.199,-43.844,12.6,-3.316,-43.875,-98.188,-51.5,1.609,-98.062,0.000,0.0,0.000,0.000,0.000,0.0,0.000,0.000
1.8240,2.207,-18.3,-6.117,2.230,2.109,3.5,8.227,2.109,28.641,10.8,10.266,28.609,92.500,28.9,-1.440,92.438,-1.616,10.7,3.748,-1.632,-4.180,8.2,0.410,-4.191,-43.812,16.7,-2.969,-43.844,-98.312,-49.7,1.724,-98.188,0.000,0.0,0.000,0.000,0.000,0.0,0.000,0.000
1.8260,2.162,-20.1,-6.281,2.207,2.119,3.3,7.992,2.109,28.656,7.0,9.930,28.641,92.562,27.2,-3.252,92.500,-1.598,9.8,4.270,-1.616,-4.180,6.9,0.769,-4.180,-43.781,13.9,-2.355,-43.812,-98.375,-45.8,2.002,-98.312,0.000,0.0,0.000,0.000,0.000,0.0,0.000,0.000
1.8280,2.115,-23.7,-5.270,2.162,2.119,0.2,7.324,2.119,28.656,1.9,9.945,28.656,92.625,30.1,-4.473,92.562,-1.591,5.9,3.309,-1.598,-4.164,6.0,0.308,-4.180,-43.750,11.8,-2.031,-43.781,-98.438,-42.5,1.966,-98.375,0.000,0.0,0.000,0.000,0.000,0.0,0.000,0.000
1.8300,2.090,-18.0,-5.207,2.115,2.111,-2.7,7.090,2.119,28.641,-5.5,8.680,28.656,92.688,31.7,-3.689,92.625,-1.591,1.8,0.602,-1.591,-4.152,7.4,-0.165,-4.164,-43.719,15.6,-3.201,-43.750,-98.500,-35.6,1.925,-98.438,0.000,0.0,0.000,0.000,0.000,0.0,0.000,0.000
1.8320,2.080,-8.9,-0.162,2.090,2.104,-4.7,6.004,2.111,28.609,-10.6,7.637,28.641,92.688,17.5,-2.521,92.688,-1.606,-3.5,0.248,-1.591,-4.152,2.7,-1.085,-4.152,-43.719,10.4,-4.199,-43.719,-98.562,-28.8,1.656,-98.500,0.000,0.0,0.000,0.000,0.000,0.0,0.000,0.000
1.8340,2.090,-0.1,-0.771,2.080,2.080,-8.4,5.773,2.104,28.562,-17.8,7.570,28.609,92.750,20.2,-2.305,92.688,-1.663,-18.8,0.752,-1.606,-4.152,-0.2,-1.675,-4.152,-43.719,2.4,-4.449,-43.719,-98.625,-24.3,1.566,-98.562,0.000,0.0,0.000,0.000,0.000,0.0,0.000,0.000
1.8360,2.143,17.5,-0.665,2.090,2.049,-13.6,4.848,2.080,28.516,-26.0,6.789,28.562,92.750,18.0,-1.793,92.750,-1.732,-30.6,1.657,-1.663,-4.168,-5.8,-2.521,-4.152,-43.719,-1.9,-5.129,-43.719,-98.625,-20.4,1.802,-98.625,0.000,0.0,0.000,0.000,0.000,0.0,0.000,0.000
1.8380,2.191,21.7,-1.442,2.143,2.027,-11.2,3.758,2.049,28.453,-30.4,6.137,28.516,92.812,17.3,-1.043,92.750,-1.811,-39.1,3.141,-1.732,-4.199,-12.8,-3.125,-4.168,-43.750,-11.4,-5.781,-43.719,-98.688,-15.9,2.377,-98.625,0.000,0.0,0.000,0.000,0.000,0.0,0.000,0.000
1.8400,2.250,26.3,-1.991,2.191,1.993,-13.3,2.633,2.027,28.375,-35.5,6.730,28.453,92.875,18.6,-1.053,92.812,-1.873,-35.9,4.215,-1.811,-4.246,-21.2,-2.994,-4.199,-43.812,-19.2,-6.117,-43.750,-98.688,-5.8,2.686,-98.688,0.000,0.0,0.000,0.000,0.000,0.0,0.000,0.000
1.8420,2.307,27.1,-3.754,2.250,1.949,-18.6,1.993,1.993,28.297,-39.7,5.531,28.375,92.875,23.5,-0.473,92.875,-1.930,-30.8,6.938,-1.873,-4.309,-28.5,-3.971,-4.246,-43.906,-35.2,-7.109,-43.812,-98.688,-0.6,3.820,-98.688,0.000,0.0,0.000,0.000,0.000,0.0,0.000,0.000
1.8440,2.348,21.8,-6.859,2.307,1.911,-19.5,0.922,1.949,28.188,-45.9,4.742,28.297,92.938,27.0,-0.572,92.875,-1.945,-14.6,9.820,-1.930,-4.398,-37.7,-3.098,-4.309,-44.000,-47.5,-7.695,-43.906,-98.625,10.9,3.961,-98.688,0.000,0.0,0.000,0.000,0.000,0.0,0.000,0.000
1.8460,2.354,7.1,-9.078,2.348,1.861,-22.9,0.578,1.911,28.078,-56.0,5.020,28.188,93.000,31.2,-0.593,92.938,-1.914,5.7,10.734,-1.945,-4.512,-51.2,-3.092,-4.398,-44.125,-60.3,-7.719,-44.000,-98.562,19.8,3.588,-98.625,0.000,0.0,0.000,0.000,0.000,0.0,0.000,0.000
1.8480,2.342,-2.2,-8.633,2.354,1.823,-18.9,0.445,1.861,27.953,-58.4,5.637,28.078,93.062,29.1,-0.494,93.000,-1.836,27.4,9.422,-1.914,-4.633,-57.4,-2.885,-4.512,-44.281,-71.1,-7.520,-44.125,-98.500,30.3,2.117,-98.562,0.000,0.0,0.000,0.000,0.000,0.0,0.000,0.000
1.8500,2.285,-17.7,-7.348,2.342,1.767,-23.9,0.770,1.823,27.844,-56.4,6.086,27.953,93.125,30.2,-0.261,93.062,-1.720,48.6,7.691,-1.836,-4.746,-58.2,-3.434,-4.633,-44.438,-73.9,-7.145,-44.281,-98.438,31.1,0.507,-98.500,0.000,0.0,0.000,0.000,0.000,0.0,0.000,0.000
1.8520,2.225,-23.8,-6.008,2.285,1.732,-19.1,0.696,1.767,27.750,-50.9,6.594,27.844,93.250,41.2,-0.063,93.125,-1.598,56.7,5.395,-1.720,-4.820,-44.6,-5.535,-4.746,-44.594,-71.8,-7.055,-44.438,-98.375,32.0,-0.931,-98.438,0.000,0.0,0.000,0.000,0.000,0.0,0.000,0.000
1.8541,2.162,-27.6,-4.625,2.225,1.701,-15.9,0.520,1.732,27.641,-49.4,6.539,27.750,93.312,40.6,-0.068,93.250,-1.459,64.1,3.424,-1.598,-4.852,-25.0,-6.500,-4.820,-44.719,-70.9,-7.480,-44.594,-98.375,19.7,-0.917,-98.375,0.000,0.0,0.000,0.000,0.000,0.0,0.000,0.000
1.8561,2.127,-20.1,-4.551,2.162,1.666,-17.9,0.610,1.701,27.578,-38.4,6.660,27.641,93.375,45.3,0.075,93.312,-1.347,58.7,2.930,-1.459,-4.871,-15.0,-8.016,-4.852,-44.875,-75.8,-8.539,-44.719,-98.312,13.2,-1.201,-98.375,0.000,0.0,0.000,0.000,0.000,0.0,0.000,0.000
1.8581,2.105,-13.5,-4.012,2.127,1.666,-7.1,0.609,1.666,27.531,-31.1,6.113,27.578,93.500,44.6,0.001,93.375,-1.233,54.5,1.941,-1.347,-4.871,-5.7,-8.219,-4.871,-45.000,-66.6,-8.898,-44.875,-98.375,0.9,-0.745,-98.312,0.000,0.0,0.000,0.000,0.000,0.0,0.000,0.000
1.8600,2.100,-6.3,-4.555,2.105,1.650,-8.2,0.536,1.666,27.484,-25.9,5.730,27.531,93.562,43.5,-0.109,93.500,-1.136,51.4,2.762,-1.233,-4.875,-4.4,-9.031,-4.871,-45.125,-61.7,-8.836,-45.000,-98.375,-4.7,-0.641,-98.375,0.000,0.0,0.000,0.000,0.000,0.0,0.000,0.000
1.8620,2.094,-3.5,-4.332,2.100,1.653,-3.8,0.052,1.650,27.469,-12.9,5.234,27.484,93.688,47.7,-0.339,93.562,-1.079,39.2,3.361,-1.136,-4.887,-6.5,-8.656,-4.875,-45.219,-54.6,-8.570,-45.125,-98.438,-17.8,-1.328,-98.375,0.000,0.0,0.000,0.000,0.000,0.0,0.000,0.000
1.8640,2.104,1.0,-4.391,2.094,1.676,5.5,-0.287,1.653,27.453,-11.3,4.246,27.469,93.750,47.6,-0.715,93.688,-1.042,25.0,4.371,-1.079,-4.910,-9.2,-8.102,-4.887,-45.312,-47.0,-8.672,-45.219,-98.500,-26.1,-1.039,-98.438,0.000,0.0,0.000,0.000,0.000,0.0,0.000,0.000
1.8660,2.104,-0.0,-4.820,2.104,1.676,3.4,-0.580,1.676,27.438,-8.1,3.680,27.453,93.875,44.8,-1.215,93.750,-0.992,23.9,5.105,-1.042,-4.945,-13.7,-7.828,-4.910,-45.375,-41.8,-8.430,-45.312,-98.562,-29.3,-0.488,-98.500,0.000,0.0,0.000,0.000,0.000,0.0,0.000,0.000
1.8680,2.096,-2.1,-4.875,2.104,1.679,2.7,-1.297,1.676,27.422,-8.2,2.789,27.438,93.938,46.6,-1.450,93.875,-0.960,17.5,5.523,-0.992,-4.984,-16.1,-7.434,-4.945,-45.406,-30.2,-8.562,-45.375,-98.625,-29.4,2.244,-98.562,0.000,0.0,0.000,0.000,0.000,0.0,0.000,0.000
1.8700,2.086,-4.7,-4.684,2.096,1.673,-0.2,-1.469,1.679,27.375,-14.6,2.283,27.422,94.000,43.6,-1.656,93.938,-0.919,19.5,5.977,-0.960,-5.008,-13.4,-6.715,-4.984,-45.438,-15.3,-8.891,-45.406,-98.688,-31.5,4.254,-98.625,0.000,0.0,0.000,0.000,0.000,0.0,0.000,0.000
1.8720,2.074,-5.5,-1.997,2.086,1.650,-6.1,-0.883,1.673,27.344,-18.7,2.756,27.375,94.125,40.4,-1.464,94.000,-0.907,9.7,2.424,-0.919,-5.004,-3.6,-4.988,-5.008,-45.438,-7.5,-9.195,-45.438,-98.688,-23.7,3.744,-98.688,0.000,0.0,0.000,0.000,0.000,0.0,0.000,0.000
1.8740,2.078,-0.1,-0.160,2.074,1.629,-10.1,0.424,1.650,27.297,-21.8,4.250,27.344,94.188,33.3,-1.246,94.125,-0.907,1.1,1.042,-0.907,-5.000,0.8,-5.629,-5.004,-45.438,-1.5,-8.516,-45.438,-98.750,-15.0,3.527,-98.688,0.000,0.0,0.000,0.000,0.000,0.0,0.000,0.000
1.8760,2.104,8.8,-0.463,2.078,1.619,-7.2,0.536,1.629,27.234,-24.5,4.809,27.297,94.250,32.6,-1.157,94.188,-0.938,-11.4,1.710,-0.907,-4.988,3.1,-5.824,-5.000,-45.406,5.7,-8.539,-45.438,-98.688,-1.5,3.297,-98.750,0.000,0.0,0.000,0.000,0.000,0.0,0.000,0.000
1.8780,2.141,15.7,-0.546,2.104,1.613,-5.2,0.696,1.619,27.219,-16.5,5.320,27.234,94.250,25.1,-1.235,94.250,-0.988,-20.4,1.979,-0.938,-4.977,1.7,-5.051,-4.988,-45.375,10.8,-7.855,-45.406,-98.688,2.8,2.721,-98.688,0.000,0.0,0.000,0.000,0.000,0.0,0.000,0.000
1.8800,2.162,18.1,-0.729,2.141,1.626,2.1,1.159,1.613,27.188,-18.8,5.098,27.219,94.250,24.0,-1.091,94.250,-1.029,-28.4,3.121,-0.988,-4.965,4.6,-5.520,-4.977,-45.344,13.7,-8.555,-45.375,-98.688,8.0,2.711,-98.688,0.000,0.0,0.000,0.000,0.000,0.0,0.000,0.000
1.8821,2.229,21.3,-1.958,2.162,1.647,7.8,0.249,1.626,27.172,-11.5,4.289,27.188,94.312,14.2,-0.708,94.250,-1.133,-33.8,4.855,-1.029,-4.961,1.5,-5.703,-4.965,-45.312,12.3,-9.094,-45.344,-98.625,15.6,3.168,-98.688,0.000,0.0,0.000,0.000,0.000,0.0,0.000,0.000
1.8841,2.271,21.2,-3.996,2.229,1.660,6.8,-0.341,1.647,27.172,-1.0,2.949,27.172,94.375,15.8,-0.556,94.312,-1.192,-31.1,7.789,-1.133,-4.969,-0.0,-6.234,-4.961,-45.312,4.3,-10.328,-45.312,-98.562,20.8,3.723,-98.625,0.000,0.0,0.000,0.000,0.000,0.0,0.000,0.000
1.8862,2.301,16.3,-4.059,2.271,1.679,8.3,-0.919,1.660,27.172,-0.4,2.787,27.172,94.375,7.3,-0.738,94.375,-1.221,-20.6,4.703,-1.192,-4.984,-3.7,-5.441,-4.969,-45.344,-3.3,-9.344,-45.312,-98.562,26.0,3.510,-98.562,0.000,0.0,0.000,0.000,0.000,0.0,0.000,0.000
1.8880,2.322,13.6,-2.152,2.301,1.688,6.8,-0.255,1.679,27.188,4.4,3.930,27.172,94.375,10.9,-0.587,94.375,-1.246,-15.2,5.109,-1.221,-4.988,-3.0,-6.504,-4.984,-45.344,-3.9,-10.156,-45.344,-98.500,31.5,3.436,-98.562,0.000,0.0,0.000,0.000,0.000,0.0,0.000,0.000
1.8900,2.344,12.7,-2.965,2.322,1.688,1.8,-0.828,1.688,27.188,1.0,3.451,27.188,94.375,1.6,-0.861,94.375,-1.265,-12.0,3.633,-1.246,-4.988,0.1,-5.875,-4.988,-45.375,-8.1,-10.156,-45.344,-98.375,32.6,3.783,-98.500,0.000,0.0,0.000,0.000,0.000,0.0,0.000,0.000
1.8920,2.363,10.3,-1.851,2.344,1.686,-2.1,0.004,1.688,27.188,1.6,4.102,27.188,94.375,3.5,-0.940,94.375,-1.280,-10.9,5.297,-1.265,-4.973,7.1,-6.305,-4.988,-45.406,-11.6,-10.984,-45.375,-98.312,41.5,4.047,-98.375,0.000,0.0,0.000,0.000,0.000,0.0,0.000,0.000
1.8940,2.391,11.3,-4.016,2.363,1.694,2.7,0.030,1.686,27.219,7.2,3.525,27.188,94.375,-1.3,-0.853,94.375,-1.280,-5.1,5.461,-1.280,-4.965,7.2,-6.398,-4.973,-45.438,-13.7,-11.227,-45.406,-98.188,42.8,4.266,-98.312,0.000,0.0,0.000,0.000,0.000,0.0,0.000,0.000
1.8960,2.422,12.7,-5.934,2.391,1.688,0.0,0.038,1.694,27.234,5.2,3.090,27.219,94.375,-2.0,-0.440,94.375,-1.262,3.6,6.980,-1.280,-4.969,1.6,-6.875,-4.965,-45.469,-16.8,-11.578,-45.438,-98.125,55.2,4.766,-98.188,0.000,0.0,0.000,0.000,0.000,0.0,0.000,0.000
1.8980,2.436,7.8,-4.555,2.422,1.679,-4.0,-0.081,1.688,27.250,7.9,3.590,27.234,94.375,-5.3,-0.697,94.375,-1.233,10.7,4.453,-1.262,-4.961,2.4,-6.137,-4.969,-45.500,-19.8,-10.930,-45.469,-98.000,57.1,4.398,-98.125,0.000,0.0,0.000,0.000,0.000,0.0,0.000,0.000
1.9000,2.436,2.0,-7.000,2.436,1.682,-2.1,-0.281,1.679,27.250,4.7,2.863,27.250,94.375,-4.0,0.633,94.375,-1.202,13.1,8.258,-1.233,-4.965,-0.6,-7.883,-4.961,-45.562,-22.5,-11.508,-45.500,-97.875,56.4,4.617,-98.000,0.000,0.0,0.000,0.000,0.000,0.0,0.000,0.000
1.9020,2.438,1.8,-4.750,2.436,1.688,0.8,-0.874,1.682,27.250,4.3,3.361,27.250,94.312,-3.3,-0.305,94.375,-1.151,19.1,4.230,-1.202,-4.988,-8.1,-6.375,-4.965,-45.625,-25.5,-10.961,-45.562,-97.750,59.5,4.188,-97.875,0.000,0.0,0.000,0.000,0.000,0.0,0.000,0.000
1.9040,2.406,-7.7,-5.969,2.438,1.679,-1.5,-0.434,1.688,27.250,-2.8,3.188,27.250,94.375,0.2,0.763,94.312,-1.086,26.9,7.180,-1.151,-4.992,-4.4,-7.684,-4.988,-45.656,-25.0,-11.797,-45.625,-97.625,60.8,4.375,-97.750,0.000,0.0,0.000,0.000,0.000,0.0,0.000,0.000
1.9060,2.400,-6.9,-6.414,2.406,1.676,-1.4,-1.038,1.679,27.234,-5.6,3.156,27.250,94.375,0.4,0.465,94.375,-1.061,25.8,5.641,-1.086,-5.004,-5.9,-7.770,-4.992,-45.688,-26.8,-11.352,-45.656,-97.562,68.4,4.367,-97.625,0.000,0.0,0.000,0.000,0.000,0.0,0.000,0.000
1.9082,2.359,-11.1,-5.027,2.400,1.653,-7.1,-0.978,1.676,27.234,-3.6,3.244,27.234,94.375,2.3,0.720,94.375,-0.957,31.7,5.695,-1.061,-5.035,-8.9,-7.543,-5.004,-45.781,-26.3,-11.086,-45.688,-97.312,66.5,4.160,-97.562,0.000,0.0,0.000,0.000,0.000,0.0,0.000,0.000
1.9100,2.334,-10.6,-4.852,2.359,1.642,-7.2,-0.900,1.653,27.219,-7.9,3.445,27.234,94.375,4.5,0.693,94.375,-0.888,33.2,5.285,-0.957,-5.051,-8.8,-7.688,-5.035,-45.844,-26.8,-11.609,-45.781,-97.188,67.8,4.125,-97.312,0.000,0.0,0.000,0.000,0.000,0.0,0.000,0.000
1.9121,2.311,-11.3,-5.039,2.334,1.619,-10.7,-0.751,1.642,27.203,-9.0,3.475,27.219,94.375,9.5,0.657,94.375,-0.825,31.0,5.234,-0.888,-5.082,-11.8,-7.488,-5.051,-45.906,-25.6,-11.742,-45.844,-97.062,65.4,4.105,-97.188,0.000,0.0,0.000,0.000,0.000,0.0,0.000,0.000
1.9142,2.277,-14.7,-4.352,2.311,1.610,-7.2,-0.649,1.619,27.203,-5.5,3.512,27.203,94.438,8.2,0.641,94.375,-0.750,34.7,4.457,-0.825,-5.098,-9.5,-7.820,-5.082,-45.938,-25.7,-12.039,-45.906,-96.938,64.6,3.205,-97.062,0.000,0.0,0.000,0.000,0.000,0.0,0.000,0.000
1.9160,2.270,-8.1,-4.707,2.277,1.594,-7.2,-0.213,1.610,27.203,-0.4,3.748,27.203,94.438,11.2,0.610,94.438,-0.684,36.0,5.156,-0.750,-5.133,-15.2,-7.883,-5.098,-46.000,-29.4,-12.070,-45.938,-96.812,61.7,3.162,-96.938,0.000,0.0,0.000,0.000,0.000,0.0,0.000,0.000
1.9180,2.250,-8.2,-4.434,2.270,1.575,-8.5,-0.266,1.594,27.188,-4.1,3.633,27.203,94.500,13.8,0.519,94.438,-0.644,27.9,5.047,-0.684,-5.164,-16.8,-7.895,-5.133,-46.031,-27.2,-11.883,-46.000,-96.750,52.8,3.715,-96.812,0.000,0.0,0.000,0.000,0.000,0.0,0.000,0.000
1.9200,2.234,-7.3,-4.469,2.250,1.566,-6.3,-0.316,1.575,27.172,-4.2,3.508,27.188,94.500,18.5,0.310,94.500,-0.596,26.0,5.508,-0.644,-5.176,-11.0,-7.914,-5.164,-46.094,-23.6,-11.688,-46.031,-96.625,45.8,3.475,-96.750,0.000,0.0,0.000,0.000,0.000,0.0,0.000,0.000
1.9220,2.215,-9.3,-4.414,2.234,1.557,-4.9,-0.259,1.566,27.172,-0.7,3.250,27.172,94.562,21.4,0.161,94.500,-0.568,20.2,5.750,-0.596,-5.203,-12.9,-7.988,-5.176,-46.125,-26.8,-11.906,-46.094,-96.562,37.0,4.371,-96.625,0.000,0.0,0.000,0.000,0.000,0.0,0.000,0.000
1.9240,2.207,-6.6,-4.523,2.215,1.554,-3.2,-0.564,1.557,27.172,-1.3,3.113,27.172,94.625,19.0,0.014,94.562,-0.537,18.8,6.066,-0.568,-5.230,-13.9,-7.824,-5.203,-46.188,-23.5,-11.797,-46.125,-96.500,35.9,5.172,-96.562,0.000,0.0,0.000,0.000,0.000,0.0,0.000,0.000
1.9260,2.199,-4.9,-3.914,2.207,1.550,-1.8,-0.529,1.554,27.172,-1.1,3.348,27.172,94.625,16.2,-0.635,94.625,-0.518,14.5,4.922,-0.537,-5.258,-13.5,-7.707,-5.230,-46.219,-26.4,-11.047,-46.188,-96.438,28.5,5.121,-96.500,0.000,0.0,0.000,0.000,0.000,0.0,0.000,0.000
1.9280,2.197,-3.4,-2.916,2.199,1.544,-3.3,-0.397,1.550,27.172,-1.9,3.332,27.172,94.688,19.2,-1.017,94.625,-0.512,6.7,3.752,-0.518,-5.270,-8.8,-6.637,-5.258,-46.281,-20.9,-10.430,-46.219,-96.375,32.0,4.680,-96.438,0.000,0.0,0.000,0.000,0.000,0.0,0.000,0.000
1.9300,2.213,4.9,-1.553,2.197,1.550,0.9,0.124,1.544,27.156,-3.6,3.686,27.172,94.688,9.1,-1.083,94.688,-0.518,0.3,2.506,-0.512,-5.273,-4.8,-6.770,-5.270,-46.312,-24.4,-10.000,-46.281,-96.312,29.4,4.312,-96.375,0.000,0.0,0.000,0.000,0.000,0.0,0.000,0.000
1.9320,2.230,7.5,-0.818,2.213,1.560,4.4,0.398,1.550,27.156,-1.4,4.141,27.156,94.688,5.4,-1.235,94.688,-0.546,-9.6,1.603,-0.518,-5.270,1.0,-6.539,-5.273,-46.312,-11.5,-9.914,-46.312,-96.312,23.6,4.375,-96.312,0.000,0.0,0.000,0.000,0.000,0.0,0.000,0.000
1.9342,2.291,20.1,-0.327,2.230,1.560,1.9,0.524,1.560,27.156,-3.4,4.633,27.156,94.688,3.9,-1.447,94.688,-0.590,-16.6,1.159,-0.546,-5.262,2.9,-6.242,-5.270,-46.344,-7.3,-9.477,-46.312,-96.250,19.4,4.348,-96.312,0.000,0.0,0.000,0.000,0.000,0.0,0.000,0.000
1.9361,2.354,26.4,-0.759,2.291,1.582,7.6,0.530,1.560,27.188,5.4,4.543,27.156,94.688,-6.0,-1.121,94.688,-0.671,-32.2,2.053,-0.590,-5.258,2.3,-6.352,-5.262,-46.344,-4.8,-10.273,-46.344,-96.250,16.2,4.539,-96.250,0.000,0.0,0.000,0.000,0.000,0.0,0.000,0.000
1.9382,2.441,35.4,-2.520,2.354,1.598,8.7,0.204,1.582,27.188,3.0,4.148,27.188,94.625,-8.1,-1.149,94.688,-0.747,-35.2,4.234,-0.671,-5.254,-0.0,-6.660,-5.258,-46.344,-4.7,-9.758,-46.344,-96.250,8.3,4.840,-96.250,0.000,0.0,0.000,0.000,0.000,0.0,0.000,0.000
1.9402,2.525,39.7,-2.648,2.441,1.616,8.5,0.263,1.598,27.203,5.3,4.914,27.188,94.625,-13.5,-1.738,94.625,-0.838,-41.1,3.969,-0.747,-5.242,1.3,-6.070,-5.254,-46.344,-5.2,-8.070,-46.344,-96.250,0.5,4.848,-96.250,0.000,0.0,0.000,0.000,0.000,0.0,0.000,0.000
1.9420,2.592,33.2,-3.719,2.525,1.650,14.5,0.867,1.616,27.219,7.3,6.031,27.203,94.625,-13.0,-1.867,94.625,-0.923,-43.7,4.113,-0.838,-5.230,4.7,-4.629,-5.242,-46.344,-2.0,-8.000,-46.344,-96.250,-8.3,4.102,-96.250,0.000,0.0,0.000,0.000,0.000,0.0,0.000,0.000
1.9440,2.652,30.4,-3.922,2.592,1.670,11.6,1.114,1.650,27.250,11.1,6.293,27.219,94.562,-19.1,-1.948,94.625,-0.979,-34.2,4.414,-0.923,-5.223,5.0,-4.184,-5.230,-46.344,3.5,-7.461,-46.344,-96.312,-6.3,3.867,-96.250,0.000,0.0,0.000,0.000,0.000,0.0,0.000,0.000
1.9460,2.701,26.5,-4.934,2.652,1.707,15.9,1.592,1.670,27.281,15.4,8.430,27.250,94.500,-26.8,-3.457,94.562,-1.058,-37.6,4.914,-0.979,-5.195,8.1,-2.816,-5.223,-46.312,8.2,-5.137,-46.344,-96.312,-18.0,3.105,-96.312,0.000,0.0,0.000,0.000,0.000,0.0,0.000,0.000
1.9480,2.730,18.4,-5.270,2.701,1.741,15.8,2.791,1.707,27.312,20.4,8.930,27.281,94.438,-30.2,-3.990,94.500,-1.102,-29.5,4.602,-1.058,-5.156,15.2,-2.299,-5.195,-46.281,12.5,-5.434,-46.312,-96.375,-20.7,2.766,-96.312,0.000,0.0,0.000,0.000,0.000,0.0,0.000,0.000
1.9500,2.736,9.5,-9.406,2.730,1.792,20.4,4.031,1.741,27.391,30.6,10.484,27.312,94.375,-36.7,-4.285,94.438,-1.133,-20.9,7.863,-1.102,-5.102,22.2,-0.630,-5.156,-46.250,19.3,-2.859,-46.281,-96.438,-25.2,1.436,-96.375,0.000,0.0,0.000,0.000,0.000,0.0,0.000,0.000
1.9520,2.693,-10.8,-10.461,2.736,1.854,26.4,4.488,1.792,27.484,40.0,10.562,27.391,94.250,-44.6,-4.234,94.375,-1.139,-8.3,8.641,-1.133,-5.047,25.0,-0.413,-5.102,-46.188,27.8,-2.672,-46.250,-96.500,-40.7,1.060,-96.438,0.000,0.0,0.000,0.000,0.000,0.0,0.000,0.000
1.9540,2.623,-26.0,-9.703,2.693,1.917,28.7,4.699,1.854,27.594,52.1,9.789,27.484,94.125,-58.0,-2.338,94.250,-1.107,7.7,7.891,-1.139,-4.973,31.2,-0.587,-5.047,-46.094,34.4,-3.197,-46.188,-96.625,-46.7,1.228,-96.500,0.000,0.0,0.000,0.000,0.000,0.0,0.000,0.000
1.9560,2.549,-33.1,-8.516,2.623,1.977,28.8,4.938,1.917,27.734,58.3,9.375,27.594,94.000,-62.2,-1.266,94.125,-1.058,19.3,6.207,-1.107,-4.922,25.5,-1.076,-4.973,-46.000,45.2,-3.740,-46.094,-96.750,-56.5,1.650,-96.625,0.000,0.0,0.000,0.000,0.000,0.0,0.000,0.000
1.9580,2.467,-36.7,-7.762,2.549,2.018,23.2,5.340,1.977,27.844,59.1,9.367,27.734,93.875,-62.6,0.177,94.000,-0.998,27.0,5.133,-1.058,-4.875,23.3,-1.425,-4.922,-45.906,49.9,-4.211,-46.000,-96.875,-61.2,1.835,-96.750,0.000,0.0,0.000,0.000,0.000,0.0,0.000,0.000
1.9600,2.375,-40.8,-6.172,2.467,2.049,19.2,6.746,2.018,27.984,62.1,8.375,27.844,93.812,-52.1,3.100,93.875,-0.938,30.1,3.629,-0.998,-4.840,21.2,-0.551,-4.875,-45.781,52.6,-4.832,-45.906,-97.000,-69.6,1.911,-96.875,0.000,0.0,0.000,0.000,0.000,0.0,0.000,0.000
1.9622,2.316,-33.7,-5.879,2.375,2.047,7.5,8.258,2.049,28.094,56.6,9.078,27.984,93.688,-41.8,2.922,93.812,-0.891,25.3,2.684,-0.938,-4.820,13.8,-0.483,-4.840,-45.688,47.6,-4.988,-45.781,-97.188,-76.2,2.266,-97.000,0.000,0.0,0.000,0.000,0.000,0.0,0.000,0.000
1.9643,2.266,-28.1,-5.805,2.316,2.037,0.5,9.117,2.047,28.172,43.3,9.023,28.094,93.688,-25.9,3.156,93.688,-0.851,22.5,2.658,-0.891,-4.797,13.6,-0.173,-4.820,-45.625,43.2,-4.770,-45.688,-97.312,-75.8,2.541,-97.188,0.000,0.0,0.000,0.000,0.000,0.0,0.000,0.000
1.9665,2.234,-20.0,-6.332,2.266,2.033,0.0,9.484,2.037,28.266,44.2,9.562,28.172,93.688,-10.3,2.594,93.688,-0.832,14.0,3.088,-0.851,-4.785,9.2,0.058,-4.797,-45.562,35.0,-4.535,-45.625,-97.500,-78.2,2.564,-97.312,0.000,0.0,0.000,0.000,0.000,0.0,0.000,0.000
1.9683,2.215,-19.0,-6.223,2.234,2.027,-3.3,9.438,2.033,28.297,41.1,9.820,28.266,93.688,-0.5,2.400,93.688,-0.825,10.9,3.186,-0.832,-4.777,9.6,0.168,-4.785,-45.500,40.8,-4.383,-45.562,-97.562,-76.1,2.809,-97.500,0.000,0.0,0.000,0.000,0.000,0.0,0.000,0.000
1.9700,2.191,-11.2,-6.812,2.215,2.023,-3.5,9.617,2.027,28.375,26.9,9.891,28.297,93.750,16.8,1.595,93.688,-0.825,2.2,3.836,-0.825,-4.762,7.9,0.380,-4.777,-45.438,25.3,-3.670,-45.500,-97.812,-72.4,2.943,-97.562,0.000,0.0,0.000,0.000,0.000,0.0,0.000,0.000
1.9720,2.184,-6.9,-8.078,2.191,2.033,0.7,9.430,2.023,28.422,23.3,10.078,28.375,93.812,26.4,0.989,93.750,-0.832,-0.0,5.230,-0.825,-4.746,8.6,0.747,-4.762,-45.406,23.2,-2.930,-45.438,-97.938,-70.0,2.994,-97.812,0.000,0.0,0.000,0.000,0.000,0.0,0.000,0.000
1.9740,2.168,-8.1,-8.367,2.184,2.043,4.1,9.336,2.033,28.422,9.7,9.891,28.422,93.875,32.8,-0.132,93.812,-0.841,-3.0,5.348,-0.832,-4.746,2.2,1.055,-4.746,-45.344,20.0,-2.180,-45.406,-98.062,-71.9,2.863,-97.938,0.000,0.0,0.000,0.000,0.000,0.0,0.000,0.000
1.9760,2.162,-5.0,-9.094,2.168,2.037,1.6,9.359,2.043,28.406,0.2,9.992,28.422,94.000,38.4,-0.857,93.875,-0.844,-3.2,5.855,-0.841,-4.715,9.5,1.444,-4.746,-45.312,26.0,-1.786,-45.344,-98.188,-69.2,2.955,-98.062,0.000,0.0,0.000,0.000,0.000,0.0,0.000,0.000
1.9780,2.137,-9.9,-9.070,2.162,2.027,-1.1,9.133,2.037,28.375,-8.7,9.992,28.406,94.062,38.9,-1.676,94.000,-0.825,3.3,5.473,-0.844,-4.684,15.0,1.724,-4.715,-45.281,16.8,-1.116,-45.312,-98.312,-57.2,3.004,-98.188,0.000,0.0,0.000,0.000,0.000,0.0,0.000,0.000
1.9800,2.115,-11.2,-8.727,2.137,2.021,-1.9,8.805,2.027,28.344,-16.6,10.086,28.375,94.125,38.2,-2.641,94.062,-0.813,6.0,5.523,-0.825,-4.660,12.5,1.607,-4.684,-45.250,19.5,-0.784,-45.281,-98.375,-50.4,2.840,-98.312,0.000,0.0,0.000,0.000,0.000,0.0,0.000,0.000
1.9820,2.090,-13.2,-8.789,2.115,2.016,-2.2,8.359,2.021,28.297,-19.1,10.188,28.344,94.188,27.9,-3.578,94.125,-0.803,4.1,5.305,-0.813,-4.617,18.0,1.661,-4.660,-45.219,16.3,-0.572,-45.250,-98.500,-43.7,2.766,-98.375,0.000,0.0,0.000,0.000,0.000,0.0,0.000,0.000
1.9840,2.078,-8.6,-5.945,2.090,2.021,2.1,7.051,2.016,28.266,-17.0,10.219,28.297,94.250,19.2,-3.043,94.188,-0.791,3.9,2.133,-0.803,-4.582,16.3,-0.186,-4.617,-45.188,15.3,-0.449,-45.219,-98.562,-36.2,2.609,-98.500,0.000,0.0,0.000,0.000,0.000,0.0,0.000,0.000
1.9860,2.074,-3.2,-1.805,2.078,2.002,-3.9,5.543,2.021,28.219,-21.2,7.930,28.266,94.250,9.5,-2.047,94.250,-0.803,-3.6,-0.209,-0.791,-4.555,12.8,-1.526,-4.582,-45.125,19.1,-2.889,-45.188,-98.625,-28.6,1.934,-98.562,0.000,0.0,0.000,0.000,0.000,0.0,0.000,0.000
1.9880,2.121,13.6,-2.172,2.074,1.980,-8.0,5.340,2.002,28.188,-20.3,7.758,28.219,94.250,2.3,-1.536,94.250,-0.847,-16.1,0.437,-0.803,-4.559,4.1,-1.380,-4.555,-45.094,12.4,-3.088,-45.125,-98.625,-24.3,1.786,-98.625,0.000,0.0,0.000,0.000,0.000,0.0,0.000,0.000
1.9900,2.199,30.0,-2.598,2.121,1.945,-14.0,4.848,1.980,28.141,-21.0,7.727,28.188,94.250,-0.5,-1.400,94.250,-0.913,-27.4,1.044,-0.847,-4.602,-11.8,-1.421,-4.559,-45.125,3.1,-3.660,-45.094,-98.688,-15.5,1.709,-98.625,0.000,0.0,0.000,0.000,0.000,0.0,0.000,0.000
1.9920,2.285,37.4,-3.469,2.199,1.893,-23.2,4.957,1.945,28.078,-26.5,8.242,28.141,94.188,-5.5,-1.756,94.250,-1.008,-41.1,2.139,-0.913,-4.637,-15.4,-1.311,-4.602,-45.125,-8.9,-3.465,-45.125,-98.688,-12.9,1.896,-98.688,0.000,0.0,0.000,0.000,0.000,0.0,0.000,0.000
1.9941,2.375,40.7,-4.172,2.285,1.861,-19.8,5.242,1.893,28.016,-30.2,8.938,28.078,94.188,-10.9,-1.728,94.188,-1.092,-42.9,3.094,-1.008,-4.691,-23.8,-0.980,-4.637,-45.156,-14.3,-3.396,-45.125,-98.688,-9.4,1.963,-98.688,0.000,0.0,0.000,0.000,0.000,0.0,0.000,0.000
1.9960,2.469,43.8,-4.559,2.375,1.839,-13.8,5.105,1.861,27.953,-30.1,9.617,28.016,94.125,-18.1,-2.018,94.188,-1.192,-49.1,3.674,-1.092,-4.742,-25.1,-0.653,-4.691,-45.219,-19.9,-3.178,-45.156,-98.750,-6.3,2.033,-98.688,0.000,0.0,0.000,0.000,0.000,0.0,0.000,0.000
1.9980,2.541,38.8,-5.125,2.469,1.813,-13.9,4.746,1.839,27.906,-26.5,9.914,27.953,94.125,-20.1,-2.230,94.125,-1.274,-44.9,4.602,-1.192,-4.797,-25.8,-0.502,-4.742,-45.281,-29.0,-3.234,-45.219,-98.750,-0.6,2.273,-98.750,0.000,0.0,0.000,0.000,0.000,0.0,0.000,0.000
2.0000,2.605,33.2,-5.469,2.541,1.813,-5.8,3.893,1.813,27.859,-23.6,8.508,27.906,94.062,-24.3,-1.279,94.125,-1.358,-44.2,5.680,-1.274,-4.855,-28.5,-1.377,-4.797,-45.344,-30.9,-4.758,-45.281,-98.688,4.1,3.475,-98.750,0.000,0.0,0.000,0.000,0.000,0.0,0.000,0.000
2.0020,2.643,23.4,-4.941,2.605,1.813,-1.5,2.125,1.813,27.828,-24.4,7.773,27.859,94.000,-22.1,-0.924,94.062,-1.412,-33.4,6.012,-1.358,-4.918,-30.5,-2.150,-4.855,-45.438,-41.4,-5.539,-45.344,-98.688,10.5,4.031,-98.688,0.000,0.0,0.000,0.000,0.000,0.0,0.000,0.000
2.0040,2.684,20.4,-4.277,2.643,1.798,-4.1,1.646,1.813,27.781,-23.7,7.570,27.828,93.938,-23.8,-1.064,94.000,-1.440,-20.4,5.527,-1.412,-4.988,-33.2,-2.436,-4.918,-45.531,-50.4,-5.672,-45.438,-98.625,19.4,4.301,-98.688,0.000,0.0,0.000,0.000,0.000,0.0,0.000,0.000
2.0060,2.709,14.6,-4.344,2.684,1.761,-14.5,1.758,1.798,27.719,-29.8,7.910,27.781,93.938,-19.7,-0.890,93.938,-1.456,-11.7,4.832,-1.440,-5.066,-35.4,-2.619,-4.988,-45.688,-60.4,-5.730,-45.531,-98.562,28.2,4.496,-98.625,0.000,0.0,0.000,0.000,0.000,0.0,0.000,0.000
2.0080,2.727,11.9,-3.643,2.709,1.735,-13.0,1.556,1.761,27.641,-32.7,7.406,27.719,93.875,-14.8,-0.870,93.938,-1.450,-2.6,4.398,-1.456,-5.125,-31.2,-3.838,-5.066,-45.812,-63.9,-6.684,-45.688,-98.500,36.3,5.047,-98.562,0.000,0.0,0.000,0.000,0.000,0.0,0.000,0.000
2.0100,2.730,6.1,-3.719,2.727,1.688,-19.4,1.764,1.735,27.578,-33.9,7.234,27.641,93.875,-13.2,1.035,93.875,-1.415,10.4,4.625,-1.450,-5.145,-16.7,-4.863,-5.125,-45.969,-73.1,-6.566,-45.812,-98.375,48.3,5.023,-98.500,0.000,0.0,0.000,0.000,0.000,0.0,0.000,0.000
2.0120,2.721,-1.6,-8.625,2.730,1.653,-17.3,0.715,1.688,27.500,-36.1,5.922,27.578,93.875,-5.9,1.658,93.875,-1.381,16.2,9.203,-1.415,-5.156,-10.1,-6.754,-5.145,-46.125,-80.7,-8.523,-45.969,-98.250,61.3,5.570,-98.375,0.000,0.0,0.000,0.000,0.000,0.0,0.000,0.000
2.0141,2.689,-11.2,-7.414,2.721,1.606,-20.0,0.863,1.653,27.422,-42.2,6.445,27.500,93.875,5.4,1.564,93.875,-1.277,39.3,7.508,-1.381,-5.148,-1.6,-7.246,-5.156,-46.312,-86.2,-8.398,-46.125,-98.062,66.8,4.184,-98.250,0.000,0.0,0.000,0.000,0.000,0.0,0.000,0.000
2.0162,2.652,-15.2,-6.371,2.689,1.575,-18.5,1.146,1.606,27.344,-39.6,6.441,27.422,93.875,8.2,1.442,93.875,-1.177,45.1,5.637,-1.277,-5.160,-3.1,-7.395,-5.148,-46.500,-91.2,-7.980,-46.312,-97.938,68.6,1.779,-98.062,0.000,0.0,0.000,0.000,0.000,0.0,0.000,0.000
2.0182,2.613,-17.3,-6.348,2.652,1.554,-13.0,1.603,1.575,27.281,-37.4,6.594,27.344,93.938,19.0,1.214,93.875,-1.045,57.6,4.676,-1.177,-5.180,-6.9,-7.387,-5.160,-46.688,-92.5,-8.000,-46.500,-97.812,67.9,0.365,-97.938,0.000,0.0,0.000,0.000,0.000,0.0,0.000,0.000
2.0203,2.598,-10.6,-6.398,2.613,1.550,-4.0,1.359,1.554,27.203,-35.7,6.570,27.281,94.000,22.4,1.044,93.938,-0.932,56.6,3.977,-1.045,-5.211,-13.2,-7.547,-5.180,-46.875,-90.6,-7.809,-46.688,-97.688,63.5,-0.552,-97.812,0.000,0.0,0.000,0.000,0.000,0.0,0.000,0.000
2.0222,2.586,-7.9,-6.379,2.598,1.560,3.8,0.911,1.550,27.141,-35.2,6.547,27.203,94.062,27.1,0.819,94.000,-0.813,59.4,3.799,-0.932,-5.254,-18.5,-8.562,-5.211,-47.031,-85.6,-7.801,-46.875,-97.625,46.0,-3.107,-97.688,0.000,0.0,0.000,0.000,0.000,0.0,0.000,0.000
2.0240,2.582,-4.0,-5.801,2.586,1.560,3.3,0.317,1.560,27.094,-28.7,6.305,27.141,94.125,32.4,0.456,94.062,-0.706,55.7,2.670,-0.813,-5.305,-22.5,-8.391,-5.254,-47.188,-76.5,-7.336,-47.031,-97.625,23.7,-3.096,-97.625,0.000,0.0,0.000,0.000,0.000,0.0,0.000,0.000
2.0260,2.570,-5.1,-5.480,2.582,1.562,3.9,0.026,1.560,27.047,-22.7,5.863,27.094,94.188,35.9,0.315,94.125,-0.612,49.9,3.127,-0.706,-5.359,-27.9,-8.711,-5.305,-47.281,-65.8,-7.898,-47.188,-97.625,0.3,-2.312,-97.625,0.000,0.0,0.000,0.000,0.000,0.0,0.000,0.000
2.0280,2.564,-3.8,-5.457,2.570,1.557,-0.6,-0.308,1.562,27.000,-22.3,5.473,27.047,94.250,31.7,0.056,94.188,-0.524,48.1,3.732,-0.612,-5.398,-23.0,-8.898,-5.359,-47.375,-51.0,-8.281,-47.281,-97.688,-21.9,-1.657,-97.625,0.000,0.0,0.000,0.000,0.000,0.0,0.000,0.000
2.0300,2.549,-7.4,-5.582,2.564,1.544,-4.1,-0.403,1.557,26.953,-22.4,5.387,27.000,94.375,36.9,-0.175,94.250,-0.468,36.3,4.641,-0.524,-5.434,-19.8,-9.273,-5.398,-47.438,-40.3,-9.023,-47.375,-97.750,-36.5,-0.845,-97.688,0.000,0.0,0.000,0.000,0.000,0.0,0.000,0.000
2.0320,2.539,-6.0,-4.832,2.549,1.525,-7.5,-0.788,1.544,26.906,-26.4,4.895,26.953,94.438,34.1,-0.622,94.375,-0.398,35.5,4.414,-0.468,-5.480,-22.6,-8.844,-5.434,-47.469,-33.6,-9.273,-47.438,-97.875,-45.7,0.661,-97.750,0.000,0.0,0.000,0.000,0.000,0.0,0.000,0.000
2.0340,2.514,-11.7,-4.691,2.539,1.500,-9.7,-0.477,1.525,26.859,-26.6,4.203,26.906,94.438,30.5,-1.021,94.438,-0.354,27.2,4.531,-0.398,-5.516,-19.4,-7.617,-5.480,-47.500,-15.0,-9.500,-47.469,-98.000,-55.8,3.723,-97.875,0.000,0.0,0.000,0.000,0.000,0.0,0.000,0.000
2.0360,2.502,-9.3,-3.918,2.514,1.469,-13.9,-0.457,1.500,26.797,-27.6,4.648,26.859,94.500,31.1,-1.967,94.438,-0.320,20.8,3.656,-0.354,-5.539,-13.9,-5.312,-5.516,-47.500,-11.9,-9.258,-47.500,-98.125,-57.2,5.867,-98.000,0.000,0.0,0.000,0.000,0.000,0.0,0.000,0.000
2.0380,2.508,-3.7,0.809,2.502,1.462,-11.2,0.392,1.469,26.781,-26.1,6.809,26.797,94.562,32.3,-2.062,94.500,-0.311,15.8,-3.361,-0.320,-5.535,-5.9,-3.943,-5.539,-47.500,-7.6,-6.238,-47.500,-98.125,-49.3,4.820,-98.125,0.000,0.0,0.000,0.000,0.000,0.0,0.000,0.000
2.0400,2.541,10.6,0.620,2.508,1.456,-1.9,3.475,1.462,26.750,-13.8,7.488,26.781,94.562,14.7,-2.811,94.562,-0.380,-16.2,-1.048,-0.311,-5.516,7.7,-2.838,-5.535,-47.469,11.7,-4.973,-47.500,-98.250,-34.4,3.213,-98.125,0.000,0.0,0.000,0.000,0.000,0.0,0.000,0.000
2.0422,2.590,18.5,-0.869,2.541,1.481,8.1,3.621,1.456,26.750,-1.6,8.133,26.750,94.562,2.4,-3.520,94.562,-0.474,-35.3,0.787,-0.380,-5.484,14.3,-1.584,-5.516,-47.438,16.8,-4.293,-47.469,-98.312,-32.9,2.354,-98.250,0.000,0.0,0.000,0.000,0.000,0.0,0.000,0.000
2.0441,2.627,17.5,-3.568,2.590,1.525,16.8,4.891,1.481,26.781,12.2,8.812,26.750,94.562,-5.0,-3.049,94.562,-0.593,-50.2,3.658,-0.474,-5.441,19.8,-0.983,-5.484,-47.344,33.8,-2.793,-47.438,-98.312,-25.5,1.621,-98.312,0.000,0.0,0.000,0.000,0.000,0.0,0.000,0.000
2.0461,2.670,18.9,-3.424,2.627,1.610,30.5,3.594,1.525,26.844,21.8,7.777,26.781,94.562,-12.7,-2.760,94.562,-0.706,-54.0,4.332,-0.593,-5.398,20.1,-1.160,-5.441,-47.250,38.8,-3.529,-47.344,-98.375,-23.2,1.624,-98.312,0.000,0.0,0.000,0.000,0.000,0.0,0.000,0.000
2.0488,2.684,9.6,-2.199,2.670,1.723,47.5,2.807,1.610,26.938,36.4,6.512,26.844,94.500,-21.8,-2.283,94.562,-0.825,-56.1,4.324,-0.706,-5.336,25.5,-2.182,-5.398,-47.125,52.1,-4.910,-47.250,-98.438,-21.5,1.823,-98.375,0.000,0.0,0.000,0.000,0.000,0.0,0.000,0.000
2.0503,2.715,13.0,-6.199,2.684,1.817,47.6,3.145,1.723,27.016,37.3,9.484,26.938,94.438,-28.9,-3.982,94.500,-0.926,-50.2,7.812,-0.825,-5.297,22.0,-0.168,-5.336,-47.000,54.2,-3.705,-47.125,-98.500,-23.7,1.503,-98.438,0.000,0.0,0.000,0.000,0.000,0.0,0.000,0.000
2.0520,2.705,2.0,-12.656,2.715,1.908,46.3,4.453,1.817,27.125,46.9,10.695,27.016,94.312,-38.5,-4.340,94.438,-1.004,-40.3,13.133,-0.926,-5.266,18.8,0.400,-5.297,-46.906,54.7,-2.605,-47.000,-98.500,-21.2,1.434,-98.500,0.000,0.0,0.000,0.000,0.000,0.0,0.000,0.000
2.0540,2.627,-26.3,-11.727,2.705,1.977,38.2,4.836,1.908,27.250,57.5,10.281,27.125,94.250,-45.3,-3.367,94.312,-1.026,-21.4,11.328,-1.004,-5.227,17.9,0.217,-5.266,-46.781,55.8,-3.166,-46.906,-98.562,-22.1,1.269,-98.500,0.000,0.0,0.000,0.000,0.000,0.0,0.000,0.000
2.0560,2.541,-36.8,-9.867,2.627,2.023,28.1,5.488,1.977,27.406,70.3,10.094,27.250,94.125,-57.0,-2.850,94.250,-0.982,6.3,8.969,-1.026,-5.188,18.8,-0.036,-5.227,-46.656,59.5,-3.557,-46.781,-98.625,-22.3,1.079,-98.562,0.000,0.0,0.000,0.000,0.000,0.0,0.000,0.000
2.0580,2.414,-53.3,-8.461,2.541,2.053,17.4,6.473,2.023,27.562,77.4,10.148,27.406,94.000,-59.2,-1.688,94.125,-0.926,19.5,6.836,-0.982,-5.156,16.7,-0.057,-5.188,-46.562,56.5,-4.469,-46.656,-98.688,-23.8,0.664,-98.625,0.000,0.0,0.000,0.000,0.000,0.0,0.000,0.000
2.0600,2.311,-51.3,-7.703,2.414,2.078,14.2,7.574,2.053,27.734,84.2,10.062,27.562,93.812,-60.9,-1.472,94.000,-0.838,35.3,5.445,-0.926,-5.141,10.3,-0.144,-5.156,-46.469,47.1,-4.496,-46.562,-98.688,-23.4,0.415,-98.688,0.000,0.0,0.000,0.000,0.000,0.0,0.000,0.000
2.0620,2.219,-45.8,-7.555,2.311,2.086,6.3,8.172,2.078,27.922,88.8,10.227,27.734,93.688,-63.0,-1.151,93.812,-0.769,33.7,3.994,-0.838,-5.113,10.4,-0.310,-5.141,-46.375,43.0,-4.543,-46.469,-98.750,-24.0,0.180,-98.688,0.000,0.0,0.000,0.000,0.000,0.0,0.000,0.000
2.0640,2.143,-39.7,-6.703,2.219,2.119,11.1,9.000,2.086,28.094,85.7,10.023,27.922,93.625,-60.0,-0.408,93.688,-0.697,33.0,2.844,-0.769,-5.098,7.8,-0.286,-5.113,-46.312,37.2,-4.555,-46.375,-98.812,-28.1,0.081,-98.750,0.000,0.0,0.000,0.000,0.000,0.0,0.000,0.000
2.0660,2.096,-29.8,-6.309,2.143,2.143,13.5,10.062,2.119,28.250,81.8,10.117,28.094,93.500,-55.8,0.872,93.625,-0.656,24.5,2.354,-0.697,-5.082,9.2,-0.298,-5.098,-46.250,30.6,-4.457,-46.312,-98.875,-33.3,0.095,-98.812,0.000,0.0,0.000,0.000,0.000,0.0,0.000,0.000
2.0680,2.064,-22.2,-6.496,2.096,2.152,9.4,10.297,2.143,28.406,79.6,10.352,28.250,93.438,-44.0,1.364,93.500,-0.634,16.0,2.668,-0.656,-5.066,8.6,-0.232,-5.082,-46.219,22.4,-3.957,-46.250,-98.938,-31.3,0.280,-98.875,0.000,0.0,0.000,0.000,0.000,0.0,0.000,0.000
2.0700,2.053,-12.1,-6.621,2.064,2.156,3.8,10.945,2.152,28.547,75.7,10.734,28.406,93.375,-34.7,0.910,93.438,-0.637,5.9,3.408,-0.634,-5.074,2.5,0.142,-5.066,-46.188,15.6,-3.709,-46.219,-99.000,-34.5,0.353,-98.938,0.000,0.0,0.000,0.000,0.000,0.0,0.000,0.000
2.0720,2.039,-5.9,-7.367,2.053,2.156,1.7,11.320,2.156,28.656,64.6,10.883,28.547,93.312,-21.8,0.969,93.375,-0.653,-1.5,4.445,-0.637,-5.066,2.8,0.191,-5.074,-46.156,14.7,-3.398,-46.188,-99.062,-37.5,0.539,-99.000,0.000,0.0,0.000,0.000,0.000,0.0,0.000,0.000
2.0742,2.012,-11.8,-7.996,2.039,2.146,-2.8,11.383,2.156,28.734,45.3,11.336,28.656,93.312,-8.5,1.149,93.312,-0.678,-8.9,4.973,-0.653,-5.051,6.2,0.442,-5.066,-46.156,9.2,-3.020,-46.156,-99.125,-33.1,0.554,-99.062,0.000,0.0,0.000,0.000,0.000,0.0,0.000,0.000
2.0760,2.012,-5.2,-8.547,2.012,2.146,-0.5,11.195,2.146,28.812,38.2,11.695,28.734,93.312,5.9,0.685,93.312,-0.684,-4.8,5.543,-0.678,-5.051,2.3,0.402,-5.051,-46.125,8.2,-2.574,-46.156,-99.250,-38.4,0.760,-99.125,0.000,0.0,0.000,0.000,0.000,0.0,0.000,0.000
2.0780,1.996,-7.8,-9.086,2.012,2.135,-4.9,10.703,2.146,28.828,20.9,11.906,28.812,93.375,14.3,-0.713,93.312,-0.690,-1.3,6.008,-0.684,-5.047,3.0,0.666,-5.051,-46.125,3.6,-2.088,-46.125,-99.312,-41.4,1.013,-99.250,0.000,0.0,0.000,0.000,0.000,0.0,0.000,0.000
2.0800,1.980,-8.3,-9.320,1.996,2.137,-1.6,10.203,2.135,28.844,8.3,11.891,28.828,93.438,18.3,-1.814,93.375,-0.697,-1.6,6.125,-0.690,-5.035,6.9,1.169,-5.047,-46.125,1.9,-1.525,-46.125,-99.375,-34.4,1.305,-99.312,0.000,0.0,0.000,0.000,0.000,0.0,0.000,0.000
2.0820,1.949,-12.6,-8.938,1.980,2.137,-0.8,9.648,2.137,28.828,-4.0,11.766,28.844,93.438,21.8,-2.592,93.438,-0.684,3.9,6.062,-0.697,-5.027,5.0,1.272,-5.035,-46.125,-0.6,-1.083,-46.125,-99.438,-37.9,1.619,-99.375,0.000,0.0,0.000,0.000,0.000,0.0,0.000,0.000
2.0840,1.908,-18.2,-8.422,1.949,2.146,2.9,8.688,2.137,28.797,-9.8,11.562,28.828,93.500,21.2,-4.953,93.438,-0.668,7.7,5.375,-0.684,-5.012,6.4,1.110,-5.027,-46.125,-1.8,-0.198,-46.125,-99.500,-30.0,1.801,-99.438,0.000,0.0,0.000,0.000,0.000,0.0,0.000,0.000
2.0860,1.877,-16.2,-6.527,1.908,2.156,5.0,7.113,2.146,28.766,-15.0,10.422,28.797,93.500,14.7,-4.820,93.500,-0.662,5.7,3.123,-0.668,-5.000,6.4,0.436,-5.012,-46.125,1.8,-0.177,-46.125,-99.562,-25.7,1.753,-99.500,0.000,0.0,0.000,0.000,0.000,0.0,0.000,0.000
2.0880,1.864,-9.3,-1.158,1.877,2.156,3.8,5.852,2.156,28.703,-21.1,8.797,28.766,93.500,0.4,-3.143,93.500,-0.681,-3.2,-0.032,-0.662,-4.980,8.5,-1.101,-5.000,-46.094,5.4,-1.736,-46.125,-99.562,-19.1,1.690,-99.562,0.000,0.0,0.000,0.000,0.000,0.0,0.000,0.000
2.0900,1.911,10.6,-1.034,1.864,2.143,-1.8,3.889,2.156,28.625,-31.7,7.488,28.703,93.500,-1.3,-1.732,93.500,-0.744,-20.2,0.793,-0.681,-5.004,-5.3,-2.283,-4.980,-46.094,2.6,-3.395,-46.094,-99.625,-12.5,2.121,-99.562,0.000,0.0,0.000,0.000,0.000,0.0,0.000,0.000
2.0920,2.008,36.3,-2.004,1.911,2.127,-4.8,3.117,2.143,28.562,-35.1,6.648,28.625,93.500,-4.8,-0.835,93.500,-0.829,-35.6,1.797,-0.744,-5.043,-14.5,-2.723,-5.004,-46.125,-7.0,-4.285,-46.094,-99.625,-4.4,2.436,-99.625,0.000,0.0,0.000,0.000,0.000,0.0,0.000,0.000
2.0940,2.111,47.7,-2.873,2.008,2.090,-12.6,2.582,2.127,28.469,-44.2,6.922,28.562,93.500,-7.1,-0.518,93.500,-0.923,-44.2,3.000,-0.829,-5.098,-24.1,-2.688,-5.043,-46.156,-14.7,-5.039,-46.125,-99.562,2.2,3.027,-99.625,0.000,0.0,0.000,0.000,0.000,0.0,0.000,0.000
2.0960,2.166,50.2,-3.395,2.111,2.064,-21.1,2.695,2.090,28.422,-46.2,7.262,28.469,93.500,-3.0,-0.758,93.500,-0.966,-44.6,3.311,-0.923,-5.137,-29.1,-2.271,-5.098,-46.188,-22.6,-5.121,-46.156,-99.562,3.4,3.141,-99.562,0.000,0.0,0.000,0.000,0.000,0.0,0.000,0.000
2.0983,2.334,52.2,-4.844,2.166,2.006,-21.4,3.385,2.064,28.281,-43.4,8.102,28.422,93.500,8.2,-1.619,93.500,-1.104,-45.5,4.777,-0.966,-5.250,-36.7,-2.262,-5.137,-46.312,-35.4,-4.703,-46.188,-99.500,15.6,3.299,-99.562,0.000,0.0,0.000,0.000,0.000,0.0,0.000,0.000
2.1011,2.482,48.6,-6.441,2.334,1.968,-14.4,1.214,2.006,28.156,-40.9,6.641,28.281,93.500,3.8,-0.846,93.500,-1.221,-38.9,7.668,-1.104,-5.398,-47.7,-3.146,-5.250,-46.469,-46.6,-7.461,-46.312,-99.438,28.2,5.359,-99.500,0.000,0.0,0.000,0.000,0.000,0.0,0.000,0.000
2.1034,2.545,37.6,-12.680,2.482,1.930,-15.7,0.097,1.968,28.078,-40.2,5.098,28.156,93.500,1.7,0.270,93.500,-1.246,-21.4,15.062,-1.221,-5.516,-55.4,-3.701,-5.398,-46.625,-63.2,-8.672,-46.469,-99.375,35.8,5.918,-99.438,0.000,0.0,0.000,0.000,0.000,0.0,0.000,0.000
2.1052,2.555,17.1,-11.492,2.545,1.890,-18.0,-0.558,1.930,27.984,-47.2,5.336,28.078,93.562,12.3,0.357,93.500,-1.205,5.8,12.336,-1.246,-5.629,-55.6,-3.250,-5.516,-46.781,-78.6,-7.734,-46.625,-99.250,54.2,5.254,-99.375,0.000,0.0,0.000,0.000,0.000,0.0,0.000,0.000
2.1068,2.533,3.1,-10.477,2.555,1.867,-19.9,-0.223,1.890,27.938,-41.1,5.426,27.984,93.562,13.4,0.475,93.562,-1.158,22.5,11.289,-1.205,-5.676,-50.4,-3.504,-5.629,-46.875,-77.6,-7.137,-46.781,-99.188,53.9,3.967,-99.250,0.000,0.0,0.000,0.000,0.000,0.0,0.000,0.000
2.1080,2.467,-20.9,-8.922,2.533,1.826,-20.8,0.745,1.867,27.844,-45.2,5.551,27.938,93.625,22.5,0.526,93.562,-1.039,46.3,8.719,-1.158,-5.742,-38.5,-4.820,-5.676,-47.062,-90.1,-7.191,-46.875,-99.000,64.2,1.178,-99.188,0.000,0.0,0.000,0.000,0.000,0.0,0.000,0.000
2.1100,2.379,-37.5,-7.520,2.467,1.789,-19.5,1.224,1.826,27.750,-46.2,5.770,27.844,93.625,21.9,0.484,93.625,-0.895,62.3,6.863,-1.039,-5.754,-16.0,-6.492,-5.742,-47.281,-98.8,-7.008,-47.062,-98.938,60.7,0.769,-99.000,0.000,0.0,0.000,0.000,0.000,0.0,0.000,0.000
2.1120,2.312,-35.4,-6.879,2.379,1.758,-17.9,1.218,1.789,27.672,-43.1,6.445,27.750,93.688,26.8,0.651,93.625,-0.712,79.7,5.148,-0.895,-5.746,-4.8,-8.062,-5.754,-47.438,-92.5,-7.629,-47.281,-98.812,59.5,0.193,-98.938,0.000,0.0,0.000,0.000,0.000,0.0,0.000,0.000
2.1140,2.234,-37.4,-6.039,2.312,1.751,-9.8,1.159,1.758,27.594,-38.9,6.957,27.672,93.812,34.3,0.796,93.688,-0.559,76.4,3.906,-0.712,-5.723,4.0,-9.266,-5.746,-47.656,-96.9,-8.109,-47.438,-98.688,49.6,-0.765,-98.812,0.000,0.0,0.000,0.000,0.000,0.0,0.000,0.000
2.1160,2.174,-31.9,-3.779,2.234,1.751,-1.6,0.955,1.751,27.547,-28.3,6.641,27.594,93.875,38.4,0.688,93.812,-0.405,76.9,1.753,-0.559,-5.734,-2.3,-9.773,-5.723,-47.812,-91.2,-8.211,-47.656,-98.625,35.5,-2.262,-98.688,0.000,0.0,0.000,0.000,0.000,0.0,0.000,0.000
2.1180,2.150,-18.9,-3.090,2.174,1.745,-3.1,0.535,1.751,27.516,-16.5,5.863,27.547,93.938,37.8,0.439,93.875,-0.308,58.8,1.218,-0.405,-5.770,-12.8,-9.234,-5.734,-47.969,-85.8,-8.266,-47.812,-98.625,21.0,-2.900,-98.625,0.000,0.0,0.000,0.000,0.000,0.0,0.000,0.000
2.1200,2.146,-6.5,-3.135,2.150,1.770,7.8,0.382,1.745,27.500,-12.0,4.836,27.516,94.000,41.0,0.157,93.938,-0.229,45.9,2.068,-0.308,-5.836,-25.5,-8.828,-5.770,-48.094,-68.6,-8.297,-47.969,-98.625,1.8,-2.514,-98.625,0.000,0.0,0.000,0.000,0.000,0.0,0.000,0.000
2.1220,2.146,-6.5,-3.135,2.146,1.770,7.8,0.382,1.770,27.500,-12.0,4.836,27.500,94.000,41.0,0.157,94.000,-0.229,45.9,2.068,-0.229,-5.836,-25.5,-8.828,-5.836,-48.094,-68.6,-8.297,-48.094,-98.625,1.8,-2.514,-98.625,0.000,0.0,0.000,0.000,0.000,0.0,0.000,0.000
2.1241,2.168,3.0,-4.836,2.146,1.789,5.4,-1.257,1.770,27.484,-1.0,3.486,27.500,94.188,40.3,-0.927,94.000,-0.179,13.4,4.973,-0.229,-5.949,-28.1,-9.219,-5.836,-48.219,-30.1,-8.484,-48.094,-98.750,-31.9,-0.512,-98.625,0.000,0.0,0.000,0.000,0.000,0.0,0.000,0.000
2.1262,2.182,3.5,-4.902,2.168,1.789,2.4,-1.761,1.789,27.469,-4.7,3.242,27.484,94.250,40.2,-1.190,94.188,-0.166,8.4,6.047,-0.179,-5.977,-17.8,-9.477,-5.949,-48.250,-16.6,-9.070,-48.219,-98.875,-39.1,0.275,-98.750,0.000,0.0,0.000,0.000,0.000,0.0,0.000,0.000
2.1282,2.188,2.1,-4.977,2.182,1.764,-7.6,-1.557,1.789,27.438,-9.2,3.021,27.469,94.375,36.9,-1.320,94.250,-0.154,8.5,6.930,-0.166,-6.008,-13.1,-9.281,-5.977,-48.250,-5.1,-9.836,-48.250,-99.000,-51.9,0.958,-98.875,0.000,0.0,0.000,0.000,0.000,0.0,0.000,0.000
2.1303,2.193,3.8,-5.168,2.188,1.741,-10.5,-1.237,1.764,27.406,-11.5,2.678,27.438,94.438,34.5,-1.406,94.375,-0.163,1.2,7.414,-0.154,-6.020,-7.6,-8.391,-6.008,-48.219,3.1,-10.086,-48.250,-99.062,-51.1,4.910,-99.000,0.000,0.0,0.000,0.000,0.000,0.0,0.000,0.000
2.1320,2.172,-5.3,-4.867,2.193,1.717,-10.1,-1.104,1.741,27.359,-22.5,3.027,27.406,94.500,30.0,-1.288,94.438,-0.154,2.8,7.500,-0.163,-6.031,-5.9,-8.430,-6.020,-48.188,12.4,-10.922,-48.219,-99.188,-46.7,5.430,-99.062,0.000,0.0,0.000,0.000,0.000,0.0,0.000,0.000
2.1340,2.162,-5.7,-0.324,2.172,1.673,-15.5,1.390,1.717,27.312,-22.7,8.297,27.359,94.562,30.6,-3.305,94.500,-0.147,3.3,-0.814,-0.154,-6.027,-0.2,-2.104,-6.031,-48.156,9.6,-4.188,-48.188,-99.250,-35.9,3.373,-99.188,0.000,0.0,0.000,0.000,0.000,0.0,0.000,0.000
2.1360,2.172,1.0,-0.228,2.162,1.645,-14.2,4.520,1.673,27.297,-14.0,8.344,27.312,94.562,19.1,-3.709,94.562,-0.204,-15.6,0.176,-0.147,-5.992,11.1,-2.086,-6.027,-48.125,16.5,-3.729,-48.156,-99.250,-27.7,2.584,-99.250,0.000,0.0,0.000,0.000,0.000,0.0,0.000,0.000
2.1380,2.191,5.8,-2.449,2.172,1.663,1.4,5.105,1.645,27.312,3.5,9.094,27.297,94.562,7.0,-4.008,94.562,-0.292,-35.0,2.363,-0.204,-5.938,23.1,-0.629,-5.992,-48.062,30.9,-2.439,-48.125,-99.312,-22.1,1.792,-99.250,0.000,0.0,0.000,0.000,0.000,0.0,0.000,0.000
2.1400,2.213,8.1,-3.646,2.191,1.714,17.0,4.875,1.663,27.359,15.7,7.789,27.312,94.562,-1.7,-3.541,94.562,-0.396,-47.7,3.969,-0.292,-5.879,27.6,-1.246,-5.938,-47.938,50.8,-3.074,-48.062,-99.375,-18.0,1.725,-99.312,0.000,0.0,0.000,0.000,0.000,0.0,0.000,0.000
2.1420,2.229,8.8,-2.404,2.213,1.789,30.6,3.816,1.714,27.453,33.5,5.910,27.359,94.500,-13.7,-2.836,94.562,-0.493,-49.1,4.098,-0.396,-5.816,29.6,-3.156,-5.879,-47.812,62.9,-4.516,-47.938,-99.375,-18.6,1.739,-99.375,0.000,0.0,0.000,0.000,0.000,0.0,0.000,0.000
2.1440,2.238,8.2,-0.589,2.229,1.901,47.7,1.320,1.789,27.547,42.0,5.988,27.453,94.500,-18.0,-1.950,94.500,-0.603,-51.8,4.160,-0.493,-5.773,23.4,-2.422,-5.816,-47.688,61.2,-6.539,-47.812,-99.438,-16.5,2.357,-99.375,0.000,0.0,0.000,0.000,0.000,0.0,0.000,0.000
2.1460,2.254,7.7,-1.967,2.238,1.993,47.7,1.830,1.901,27.625,41.7,7.910,27.547,94.375,-27.2,-2.922,94.500,-0.712,-52.8,6.812,-0.603,-5.738,20.7,-0.152,-5.773,-47.562,62.0,-5.422,-47.688,-99.438,-10.3,1.776,-99.438,0.000,0.0,0.000,0.000,0.000,0.0,0.000,0.000
2.1480,2.277,10.1,-8.445,2.254,2.086,46.2,4.102,1.993,27.750,53.5,9.594,27.625,94.312,-31.4,-4.430,94.375,-0.803,-46.5,11.039,-0.712,-5.723,13.3,0.551,-5.738,-47.438,57.7,-3.748,-47.562,-99.438,-8.5,1.249,-99.438,0.000,0.0,0.000,0.000,0.000,0.0,0.000,0.000
2.1500,2.277,10.1,-8.445,2.277,2.086,46.2,4.102,2.086,27.750,53.5,9.594,27.750,94.312,-31.4,-4.430,94.312,-0.803,-46.5,11.039,-0.803,-5.723,13.3,0.551,-5.723,-47.438,57.7,-3.748,-47.438,-99.438,-8.5,1.249,-99.438,0.000,0.0,0.000,0.000,0.000,0.0,0.000,0.000
2.1530,2.277,10.1,-8.445,2.277,2.086,46.2,4.102,2.086,27.750,53.5,9.594,27.750,94.312,-31.4,-4.430,94.312,-0.803,-46.5,11.039,-0.803,-5.723,13.3,0.551,-5.723,-47.438,57.7,-3.748,-47.438,-99.438,-8.5,1.249,-99.438,0.000,0.0,0.000,0.000,0.000,0.0,0.000,0.000
2.1553,2.238,-10.3,-12.414,2.277,2.174,43.0,4.441,2.086,27.875,60.5,9.961,27.750,94.250,-42.9,-3.928,94.312,-0.835,-25.3,11.484,-0.803,-5.691,14.3,0.086,-5.723,-47.312,61.1,-3.182,-47.438,-99.438,-9.3,1.160,-99.438,0.000,0.0,0.000,0.000,0.000,0.0,0.000,0.000
2.1576,1.905,-45.2,-8.648,2.238,2.344,16.4,7.293,2.174,28.469,84.2,10.242,27.875,93.812,-61.8,-3.893,94.250,-0.678,28.4,5.945,-0.835,-5.551,20.1,0.026,-5.691,-46.875,60.3,-4.738,-47.312,-99.500,-13.2,0.090,-99.438,0.000,0.0,0.000,0.000,0.000,0.0,0.000,0.000
2.1597,1.817,-44.2,-8.977,1.905,2.359,10.3,7.930,2.344,28.656,90.7,10.070,28.469,93.688,-68.2,-3.701,93.812,-0.618,28.5,5.781,-0.678,-5.531,14.5,0.076,-5.551,-46.750,56.7,-4.617,-46.875,-99.562,-11.3,0.176,-99.500,0.000,0.0,0.000,0.000,0.000,0.0,0.000,0.000
2.1612,1.754,-36.2,-9.188,1.817,2.363,3.1,8.430,2.359,28.828,87.4,10.586,28.656,93.562,-71.5,-3.725,93.688,-0.543,35.0,5.309,-0.618,-5.492,17.9,-0.172,-5.531,-46.656,49.5,-4.727,-46.750,-99.562,-8.7,-0.130,-99.562,0.000,0.0,0.000,0.000,0.000,0.0,0.000,0.000
2.1630,1.720,-36.5,-9.352,1.754,2.365,2.0,8.727,2.363,28.922,88.1,10.500,28.828,93.438,-78.4,-3.549,93.562,-0.521,30.8,5.297,-0.543,-5.480,16.4,-0.339,-5.492,-46.625,47.7,-4.785,-46.656,-99.562,-13.2,-0.187,-99.562,0.000,0.0,0.000,0.000,0.000,0.0,0.000,0.000
2.1643,1.697,-31.2,-9.281,1.720,2.363,-0.2,8.758,2.365,29.016,90.9,10.633,28.922,93.375,-73.8,-3.428,93.438,-0.496,29.0,5.434,-0.521,-5.469,14.6,-0.192,-5.480,-46.594,42.5,-4.676,-46.625,-99.625,-15.4,-0.136,-99.562,0.000,0.0,0.000,0.000,0.000,0.0,0.000,0.000
2.1660,1.645,-28.9,-8.328,1.697,2.363,0.5,9.266,2.363,29.172,85.0,10.750,29.016,93.250,-78.3,-2.180,93.375,-0.449,25.8,4.004,-0.496,-5.453,9.3,-0.541,-5.469,-46.531,37.8,-4.930,-46.594,-99.625,-18.5,-0.165,-99.625,0.000,0.0,0.000,0.000,0.000,0.0,0.000,0.000
2.1680,1.591,-17.9,-5.504,1.645,2.350,0.9,11.438,2.363,29.406,76.1,10.789,29.172,93.000,-74.4,-0.334,93.250,-0.417,12.4,2.582,-0.449,-5.418,11.4,-0.191,-5.453,-46.438,31.5,-4.770,-46.531,-99.688,-21.5,-0.117,-99.625,0.000,0.0,0.000,0.000,0.000,0.0,0.000,0.000
2.1700,1.569,-13.2,-6.984,1.591,2.344,0.9,12.039,2.350,29.531,67.1,10.820,29.406,92.875,-65.4,-0.260,93.000,-0.446,-5.6,3.756,-0.417,-5.402,10.5,0.129,-5.418,-46.375,24.2,-4.285,-46.438,-99.750,-23.5,0.129,-99.688,0.000,0.0,0.000,0.000,0.000,0.0,0.000,0.000
2.1720,1.566,-6.4,-8.133,1.569,2.357,5.0,11.805,2.344,29.625,55.0,10.734,29.531,92.812,-55.0,0.521,92.875,-0.461,-7.9,5.430,-0.446,-5.391,8.1,0.712,-5.402,-46.344,21.4,-4.000,-46.375,-99.812,-24.5,0.242,-99.750,0.000,0.0,0.000,0.000,0.000,0.0,0.000,0.000
2.1740,1.562,-4.0,-8.492,1.566,2.373,7.6,12.000,2.357,29.688,42.6,11.227,29.625,92.688,-42.2,0.438,92.812,-0.493,-12.6,6.047,-0.461,-5.371,9.2,1.100,-5.391,-46.344,13.8,-3.629,-46.344,-99.875,-32.1,0.362,-99.812,0.000,0.0,0.000,0.000,0.000,0.0,0.000,0.000
2.1760,1.547,-6.7,-8.461,1.562,2.375,5.3,12.273,2.373,29.734,27.7,11.805,29.688,92.688,-27.4,-0.297,92.688,-0.515,-11.7,6.488,-0.493,-5.355,8.8,1.137,-5.371,-46.312,7.8,-3.182,-46.344,-99.938,-24.6,0.559,-99.875,0.000,0.0,0.000,0.000,0.000,0.0,0.000,0.000
2.1780,1.525,-10.7,-9.125,1.547,2.389,6.4,11.453,2.375,29.750,15.5,12.367,29.734,92.688,-14.1,-1.572,92.688,-0.518,-3.5,7.074,-0.515,-5.324,15.8,1.200,-5.355,-46.312,7.0,-2.443,-46.312,-100.000,-28.0,0.867,-99.938,0.000,0.0,0.000,0.000,0.000,0.0,0.000,0.000
2.1800,1.494,-14.2,-9.188,1.525,2.395,5.6,10.727,2.389,29.734,4.7,12.430,29.750,92.688,-3.3,-3.527,92.688,-0.530,-3.6,6.863,-0.518,-5.309,9.8,1.278,-5.324,-46.281,7.5,-1.732,-46.312,-100.062,-23.6,1.222,-100.000,0.000,0.0,0.000,0.000,0.000,0.0,0.000,0.000
2.1825,1.459,-16.8,-8.914,1.494,2.398,2.8,9.836,2.395,29.719,-5.8,12.469,29.734,92.688,2.0,-4.848,92.688,-0.521,1.2,6.438,-0.530,-5.289,9.4,1.486,-5.309,-46.312,-1.1,-1.184,-46.281,-100.062,-21.7,1.381,-100.062,0.000,0.0,0.000,0.000,0.000,0.0,0.000,0.000
2.1846,1.443,-11.1,-8.773,1.459,2.422,8.4,8.672,2.398,29.688,-7.1,11.195,29.719,92.688,-5.4,-5.789,92.688,-0.515,2.1,2.672,-0.521,-5.270,8.6,0.028,-5.289,-46.281,2.9,-1.127,-46.312,-100.125,-16.2,1.722,-100.062,0.000,0.0,0.000,0.000,0.000,0.0,0.000,0.000
2.1867,1.440,-3.2,-0.756,1.443,2.438,8.2,5.512,2.422,29.656,-13.1,9.227,29.688,92.688,-5.6,-4.988,92.688,-0.543,-9.5,-0.774,-0.515,-5.281,-1.7,-0.044,-5.270,-46.281,1.5,-2.229,-46.281,-100.125,-9.4,2.605,-100.125,0.000,0.0,0.000,0.000,0.000,0.0,0.000,0.000
2.1888,1.506,20.8,-1.024,1.440,2.430,0.4,4.789,2.438,29.609,-19.6,8.891,29.656,92.625,-9.0,-3.455,92.688,-0.612,-25.6,0.392,-0.543,-5.301,-7.2,-0.657,-5.281,-46.281,2.2,-3.092,-46.281,-100.125,-4.7,2.680,-100.125,0.000,0.0,0.000,0.000,0.000,0.0,0.000,0.000
2.1904,1.594,36.8,-2.215,1.506,2.406,-7.0,4.531,2.430,29.562,-22.9,7.230,29.609,92.625,-7.5,-1.965,92.625,-0.722,-45.9,2.518,-0.612,-5.340,-14.2,-1.297,-5.301,-46.312,-6.2,-4.598,-46.281,-100.125,5.5,2.916,-100.125,0.000,0.0,0.000,0.000,0.000,0.0,0.000,0.000
2.1964,1.908,54.2,-3.553,1.594,2.281,-19.9,3.463,2.406,29.328,-38.4,7.273,29.562,92.688,14.1,-2.064,92.625,-1.052,-54.3,5.562,-0.722,-5.535,-33.6,-1.667,-5.340,-46.438,-31.1,-5.121,-46.312,-99.938,31.1,3.176,-100.125,0.000,0.0,0.000,0.000,0.000,0.0,0.000,0.000
2.1978,1.955,51.7,-4.387,1.908,2.260,-20.7,3.033,2.281,29.297,-37.1,7.398,29.328,92.688,11.8,-1.994,92.688,-1.104,-54.4,6.527,-1.052,-5.574,-34.9,-1.946,-5.535,-46.500,-36.9,-6.184,-46.438,-99.875,33.3,3.859,-99.938,0.000,0.0,0.000,0.000,0.000,0.0,0.000,0.000
2.1992,2.049,48.5,-5.379,1.955,2.219,-21.7,2.127,2.260,29.203,-42.3,7.555,29.297,92.750,18.4,-2.191,92.688,-1.177,-41.2,6.375,-1.104,-5.660,-40.2,-2.051,-5.574,-46.594,-43.5,-5.973,-46.500,-99.812,39.0,3.885,-99.875,0.000,0.0,0.000,0.000,0.000,0.0,0.000,0.000
2.2005,2.094,47.7,-5.012,2.049,2.213,-15.6,2.111,2.219,29.156,-46.2,7.582,29.203,92.750,16.1,-2.160,92.750,-1.218,-40.1,5.910,-1.177,-5.703,-39.3,-1.767,-5.660,-46.656,-47.6,-5.730,-46.594,-99.750,39.9,3.975,-99.812,0.000,0.0,0.000,0.000,0.000,0.0,0.000,0.000
2.2023,2.166,40.5,-4.789,2.094,2.182,-16.1,1.909,2.213,29.094,-37.2,7.453,29.156,92.812,21.4,-2.305,92.750,-1.277,-31.9,5.355,-1.218,-5.805,-46.7,-1.568,-5.703,-46.781,-59.1,-5.270,-46.656,-99.688,44.8,3.713,-99.750,0.000,0.0,0.000,0.000,0.000,0.0,0.000,0.000
2.2039,2.203,39.9,-4.367,2.166,2.168,-15.6,1.807,2.182,29.047,-38.0,6.121,29.094,92.812,29.0,-2.031,92.812,-1.296,-26.8,7.059,-1.277,-5.855,-48.1,-1.673,-5.805,-46.844,-60.8,-5.613,-46.781,-99.625,51.8,3.691,-99.688,0.000,0.0,0.000,0.000,0.000,0.0,0.000,0.000
2.2056,2.254,32.3,-6.414,2.203,2.162,-7.8,0.109,2.168,28.969,-40.4,5.430,29.047,92.875,26.6,-0.927,92.812,-1.324,-16.3,13.523,-1.296,-5.930,-39.3,-3.973,-5.855,-46.969,-65.6,-7.594,-46.844,-99.500,60.0,3.963,-99.625,0.000,0.0,0.000,0.000,0.000,0.0,0.000,0.000
2.2078,2.256,12.1,-12.352,2.254,2.135,-11.5,-0.126,2.162,28.891,-36.0,5.719,28.969,92.938,30.4,0.239,92.875,-1.274,12.5,12.977,-1.324,-5.977,-27.5,-6.656,-5.930,-47.125,-76.0,-8.039,-46.969,-99.375,57.7,-1.312,-99.500,0.000,0.0,0.000,0.000,0.000,0.0,0.000,0.000
2.2099,2.162,-24.5,-8.234,2.256,2.109,-9.8,-0.130,2.135,28.766,-42.1,6.121,28.891,93.062,38.9,0.053,92.938,-1.102,51.1,8.508,-1.274,-5.996,-10.2,-8.305,-5.977,-47.375,-78.4,-7.793,-47.125,-99.250,44.3,-2.236,-99.375,0.000,0.0,0.000,0.000,0.000,0.0,0.000,0.000
2.2120,2.070,-38.9,-6.531,2.162,2.080,-12.6,0.173,2.109,28.688,-36.9,5.898,28.766,93.188,46.8,-0.089,93.062,-0.963,61.7,6.262,-1.102,-5.984,-0.5,-8.703,-5.996,-47.531,-80.6,-8.188,-47.375,-99.188,29.2,-1.532,-99.250,0.000,0.0,0.000,0.000,0.000,0.0,0.000,0.000
2.2139,1.999,-37.0,-6.109,2.070,2.064,-10.6,0.308,2.080,28.641,-30.2,5.676,28.688,93.312,57.2,-0.197,93.188,-0.794,75.3,5.211,-0.963,-5.980,0.3,-8.688,-5.984,-47.688,-75.6,-8.477,-47.531,-99.188,11.2,-1.152,-99.188,0.000,0.0,0.000,0.000,0.000,0.0,0.000,0.000
2.2152,1.961,-36.4,-6.098,1.999,2.059,-8.9,0.262,2.064,28.609,-29.1,5.832,28.641,93.375,54.9,-0.221,93.312,-0.709,79.7,4.766,-0.794,-5.992,-5.7,-8.680,-5.980,-47.750,-70.7,-8.680,-47.688,-99.188,7.1,-1.320,-99.188,0.000,0.0,0.000,0.000,0.000,0.0,0.000,0.000
2.2166,1.924,-36.6,-5.922,1.961,2.053,-7.9,0.008,2.059,28.594,-22.3,5.688,28.609,93.438,62.4,-0.149,93.375,-0.644,75.3,4.621,-0.709,-6.000,-7.7,-9.625,-5.992,-47.812,-67.2,-9.078,-47.750,-99.188,-0.8,-1.784,-99.188,0.000,0.0,0.000,0.000,0.000,0.0,0.000,0.000
2.2182,1.867,-32.3,-4.605,1.924,2.047,-4.2,-0.058,2.053,28.562,-19.3,5.051,28.594,93.562,63.5,-0.469,93.438,-0.518,65.1,3.094,-0.644,-6.020,-9.6,-9.219,-6.000,-47.938,-64.5,-8.805,-47.812,-99.250,-17.8,-1.839,-99.188,0.000,0.0,0.000,0.000,0.000,0.0,0.000,0.000
2.2200,1.833,-23.0,-2.535,1.867,2.031,-5.9,-0.006,2.047,28.547,-10.2,3.818,28.562,93.688,63.7,-1.048,93.562,-0.405,55.5,0.627,-0.518,-6.062,-15.7,-7.867,-6.020,-48.031,-53.0,-7.695,-47.938,-99.375,-33.3,-1.106,-99.250,0.000,0.0,0.000,0.000,0.000,0.0,0.000,0.000
2.2220,1.826,-10.4,-2.764,1.833,2.031,-1.4,-0.495,2.031,28.531,-11.0,2.156,28.547,93.812,66.6,-2.014,93.688,-0.339,38.1,1.722,-0.405,-6.113,-20.8,-7.801,-6.062,-48.062,-28.8,-7.516,-48.031,-99.438,-42.6,0.003,-99.375,0.000,0.0,0.000,0.000,0.000,0.0,0.000,0.000
2.2240,1.829,-2.3,-3.381,1.826,2.033,3.1,-1.550,2.031,28.516,-11.9,1.798,28.531,93.875,55.8,-2.543,93.812,-0.292,26.8,3.551,-0.339,-6.145,-18.5,-8.406,-6.113,-48.062,-7.9,-7.863,-48.062,-99.562,-52.4,1.051,-99.438,0.000,0.0,0.000,0.000,0.000,0.0,0.000,0.000
2.2260,1.849,4.6,-4.184,1.829,2.008,-4.9,-1.911,2.033,28.484,-14.0,1.304,28.516,94.000,53.5,-2.584,93.875,-0.279,13.4,5.438,-0.292,-6.180,-19.8,-8.484,-6.145,-48.031,6.6,-8.641,-48.062,-99.688,-53.7,1.905,-99.562,0.000,0.0,0.000,0.000,0.000,0.0,0.000,0.000
2.2280,1.857,5.3,-4.344,1.849,1.980,-10.8,-2.053,2.008,28.453,-18.6,1.119,28.484,94.125,48.1,-2.473,94.000,-0.276,6.3,5.699,-0.279,-6.184,-10.9,-8.414,-6.180,-48.000,16.4,-8.820,-48.031,-99.750,-53.7,2.699,-99.688,0.000,0.0,0.000,0.000,0.000,0.0,0.000,0.000
2.2300,1.864,4.4,-3.357,1.857,1.942,-16.5,-1.238,1.980,28.406,-22.3,2.254,28.453,94.188,44.0,-2.391,94.125,-0.286,0.2,2.092,-0.276,-6.199,-9.0,-7.184,-6.184,-47.938,18.9,-8.734,-48.000,-99.875,-47.1,4.074,-99.750,0.000,0.0,0.000,0.000,0.000,0.0,0.000,0.000
2.2320,1.890,10.9,1.015,1.864,1.905,-19.3,1.708,1.942,28.344,-23.0,6.039,28.406,94.250,38.1,-2.557,94.188,-0.336,-17.4,-0.263,-0.286,-6.184,-0.7,-4.129,-6.199,-47.875,25.6,-7.273,-47.938,-99.938,-44.0,3.285,-99.875,0.000,0.0,0.000,0.000,0.000,0.0,0.000,0.000
2.2341,1.933,20.2,0.075,1.890,1.890,-10.4,4.566,1.905,28.297,-22.1,7.828,28.344,94.312,30.3,-3.098,94.250,-0.411,-31.3,0.879,-0.336,-6.152,10.1,-2.250,-6.184,-47.812,29.4,-4.723,-47.875,-100.000,-33.6,2.502,-99.938,0.000,0.0,0.000,0.000,0.000,0.0,0.000,0.000
2.2360,1.986,24.1,-2.203,1.933,1.893,0.0,5.070,1.890,28.281,-12.5,7.785,28.297,94.375,19.8,-3.594,94.312,-0.521,-46.0,3.260,-0.411,-6.105,18.2,-1.471,-6.152,-47.750,38.2,-4.297,-47.812,-100.000,-25.3,2.098,-100.000,0.000,0.0,0.000,0.000,0.000,0.0,0.000,0.000
2.2380,2.031,21.4,-3.340,1.986,1.933,13.7,4.684,1.893,28.312,6.1,6.570,28.281,94.375,14.0,-3.387,94.375,-0.637,-51.5,4.449,-0.521,-6.055,24.5,-1.238,-6.105,-47.625,44.4,-4.555,-47.750,-100.062,-19.9,2.016,-100.000,0.000,0.0,0.000,0.000,0.000,0.0,0.000,0.000
2.2400,2.078,22.1,-2.203,2.031,2.006,28.5,2.752,1.933,28.359,18.0,5.809,28.312,94.375,3.3,-2.891,94.375,-0.772,-59.9,5.031,-0.637,-6.020,21.5,-2.203,-6.055,-47.531,50.1,-5.660,-47.625,-100.125,-22.2,2.191,-100.062,0.000,0.0,0.000,0.000,0.000,0.0,0.000,0.000
2.2420,2.105,17.5,-2.516,2.078,2.084,36.0,2.430,2.006,28.422,25.6,5.598,28.359,94.312,-8.1,-2.730,94.375,-0.888,-58.7,5.602,-0.772,-5.992,16.1,-1.961,-6.020,-47.406,51.9,-5.488,-47.531,-100.125,-12.3,2.027,-100.125,0.000,0.0,0.000,0.000,0.000,0.0,0.000,0.000
2.2440,2.111,6.0,-2.896,2.105,2.174,41.5,1.704,2.084,28.500,33.3,5.207,28.422,94.312,-11.1,-2.527,94.312,-1.011,-60.0,6.586,-0.888,-5.973,11.6,-2.148,-5.992,-47.312,53.9,-6.391,-47.406,-100.125,-10.3,2.277,-100.125,0.000,0.0,0.000,0.000,0.000,0.0,0.000,0.000
2.2460,2.135,7.2,-3.324,2.111,2.256,40.9,2.283,2.174,28.578,37.6,6.664,28.500,94.312,-13.8,-3.639,94.312,-1.099,-51.3,6.129,-1.011,-5.969,3.7,-1.153,-5.973,-47.219,51.3,-5.477,-47.312,-100.125,-4.3,1.907,-100.125,0.000,0.0,0.000,0.000,0.000,0.0,0.000,0.000
2.2480,2.127,1.7,-4.891,2.135,2.301,27.0,4.207,2.256,28.688,48.9,10.094,28.578,94.250,-20.2,-5.527,94.312,-1.174,-43.8,12.023,-1.099,-5.953,4.3,0.455,-5.969,-47.125,48.2,-3.584,-47.219,-100.125,2.8,1.416,-100.125,0.000,0.0,0.000,0.000,0.000,0.0,0.000,0.000
2.2500,2.074,-16.3,-12.555,2.127,2.350,24.3,6.578,2.301,28.812,60.0,10.422,28.688,94.125,-34.7,-6.387,94.250,-1.189,-22.9,11.586,-1.174,-5.926,9.8,1.381,-5.953,-47.031,47.3,-2.947,-47.125,-100.125,0.2,0.883,-100.125,0.000,0.0,0.000,0.000,0.000,0.0,0.000,0.000
2.2520,1.965,-40.9,-9.969,2.074,2.385,20.5,7.090,2.350,28.984,74.6,10.156,28.812,94.062,-49.1,-6.785,94.125,-1.139,8.5,9.094,-1.189,-5.875,18.3,0.739,-5.926,-46.906,55.3,-3.670,-47.031,-100.125,2.3,0.512,-100.125,0.000,0.0,0.000,0.000,0.000,0.0,0.000,0.000
2.2540,1.839,-54.5,-8.180,1.965,2.416,18.5,7.363,2.385,29.172,90.2,10.172,28.984,93.875,-62.9,-6.781,94.062,-1.083,22.8,6.547,-1.139,-5.816,23.9,0.342,-5.875,-46.812,52.0,-4.164,-46.906,-100.125,0.2,0.340,-100.125,0.000,0.0,0.000,0.000,0.000,0.0,0.000,0.000
2.2560,1.732,-53.1,-7.227,1.839,2.441,15.7,7.613,2.416,29.391,101.1,10.039,29.172,93.750,-74.1,-7.090,93.875,-1.014,30.4,5.172,-1.083,-5.770,23.6,0.173,-5.816,-46.688,57.6,-4.574,-46.812,-100.125,0.6,0.080,-100.125,0.000,0.0,0.000,0.000,0.000,0.0,0.000,0.000
2.2580,1.653,-44.8,-7.973,1.732,2.463,12.6,7.809,2.441,29.594,102.6,9.500,29.391,93.562,-88.8,-6.508,93.750,-0.954,28.6,3.963,-1.014,-5.723,24.4,-0.208,-5.770,-46.594,52.2,-4.816,-46.688,-100.125,-6.0,-0.166,-100.125,0.000,0.0,0.000,0.000,0.000,0.0,0.000,0.000
2.2602,1.598,-35.7,-7.336,1.653,2.477,8.4,8.898,2.463,29.828,113.2,8.906,29.594,93.312,-104.4,-4.406,93.562,-0.882,32.4,2.135,-0.954,-5.680,22.6,-0.464,-5.723,-46.469,47.6,-5.191,-46.594,-100.188,-4.3,-0.171,-100.125,0.000,0.0,0.000,0.000,0.000,0.0,0.000,0.000
2.2623,1.560,-26.3,-6.086,1.598,2.486,3.6,9.828,2.477,30.047,106.3,8.844,29.828,93.125,-109.7,-2.512,93.312,-0.854,20.3,1.840,-0.882,-5.652,18.1,-0.740,-5.680,-46.375,47.9,-5.434,-46.469,-100.188,-12.2,-0.253,-100.188,0.000,0.0,0.000,0.000,0.000,0.0,0.000,0.000
2.2644,1.541,-16.1,-6.078,1.560,2.488,2.7,11.016,2.486,30.266,108.4,8.898,30.047,92.875,-102.8,-1.580,93.125,-0.847,8.1,2.604,-0.854,-5.625,15.9,-0.675,-5.652,-46.281,49.8,-5.625,-46.375,-100.188,-13.5,-0.145,-100.188,0.000,0.0,0.000,0.000,0.000,0.0,0.000,0.000
2.2664,1.522,-11.8,-6.461,1.541,2.469,-4.3,12.078,2.488,30.453,101.1,9.328,30.266,92.688,-96.0,-0.981,92.875,-0.838,5.7,3.348,-0.847,-5.613,9.0,-0.276,-5.625,-46.188,43.3,-5.684,-46.281,-100.250,-12.7,-0.051,-100.188,0.000,0.0,0.000,0.000,0.000,0.0,0.000,0.000
2.2680,1.506,-9.0,-7.340,1.522,2.463,-4.2,12.164,2.469,30.609,82.6,9.992,30.453,92.562,-88.2,-0.358,92.688,-0.857,-4.1,4.344,-0.838,-5.594,9.3,-0.059,-5.613,-46.125,38.3,-5.367,-46.188,-100.312,-19.8,0.046,-100.250,0.000,0.0,0.000,0.000,0.000,0.0,0.000,0.000
2.2700,1.500,-5.8,-8.320,1.506,2.482,4.3,12.258,2.463,30.734,68.5,11.312,30.609,92.438,-78.4,0.073,92.562,-0.860,-1.6,5.285,-0.857,-5.578,10.9,0.119,-5.594,-46.062,33.1,-5.547,-46.125,-100.312,-22.2,0.036,-100.312,0.000,0.0,0.000,0.000,0.000,0.0,0.000,0.000
2.2720,1.513,1.8,-9.492,1.500,2.504,8.9,12.227,2.482,30.828,53.0,11.336,30.734,92.375,-46.5,0.919,92.438,-0.873,-2.5,6.000,-0.860,-5.578,5.4,0.611,-5.578,-46.000,31.1,-5.344,-46.062,-100.375,-24.0,0.271,-100.312,0.000,0.0,0.000,0.000,0.000,0.0,0.000,0.000
2.2740,1.510,0.1,-10.375,1.513,2.535,13.3,11.984,2.504,30.891,36.5,11.625,30.828,92.312,-30.8,0.857,92.375,-0.879,-1.6,6.457,-0.873,-5.574,2.1,0.938,-5.578,-45.969,26.3,-4.824,-46.000,-100.438,-30.1,0.353,-100.375,0.000,0.0,0.000,0.000,0.000,0.0,0.000,0.000
2.2760,1.500,-3.6,-10.016,1.510,2.574,17.7,11.664,2.535,30.906,20.4,11.289,30.891,92.312,-9.0,-1.047,92.312,-0.863,4.0,6.246,-0.879,-5.559,5.1,1.415,-5.574,-45.938,15.8,-3.955,-45.969,-100.500,-31.3,0.658,-100.438,0.000,0.0,0.000,0.000,0.000,0.0,0.000,0.000
2.2780,1.479,-8.3,-9.570,1.500,2.602,16.6,10.859,2.574,30.906,4.4,11.992,30.906,92.312,5.9,-2.463,92.312,-0.847,7.5,5.781,-0.863,-5.535,9.5,1.458,-5.559,-45.938,10.3,-3.131,-45.938,-100.562,-27.2,1.181,-100.500,0.000,0.0,0.000,0.000,0.000,0.0,0.000,0.000
2.2800,1.435,-16.5,-8.141,1.479,2.623,14.1,10.031,2.602,30.875,-8.9,11.344,30.906,92.375,20.5,-4.094,92.312,-0.822,10.3,5.055,-0.847,-5.516,9.6,1.383,-5.535,-45.906,12.8,-2.426,-45.938,-100.625,-25.7,1.417,-100.562,0.000,0.0,0.000,0.000,0.000,0.0,0.000,0.000
2.2820,1.394,-18.7,-7.645,1.435,2.627,6.4,9.055,2.623,30.828,-16.7,11.555,30.875,92.438,19.7,-5.699,92.375,-0.816,5.8,5.289,-0.822,-5.504,5.4,1.742,-5.516,-45.875,10.2,-1.901,-45.906,-100.688,-23.8,1.782,-100.625,0.000,0.0,0.000,0.000,0.000,0.0,0.000,0.000
2.2840,1.358,-17.1,-7.383,1.394,2.643,6.7,8.461,2.627,30.781,-21.3,9.625,30.828,92.500,19.0,-6.391,92.438,-0.807,3.4,-0.305,-0.816,-5.484,7.7,1.263,-5.504,-45.844,14.2,-2.416,-45.875,-100.750,-28.4,1.948,-100.688,0.000,0.0,0.000,0.000,0.000,0.0,0.000,0.000
2.2861,1.343,-10.0,0.691,1.358,2.658,7.4,5.195,2.643,30.750,-21.9,7.348,30.781,92.500,13.0,-4.656,92.500,-0.844,-12.9,-0.872,-0.807,-5.504,-2.4,-0.209,-5.484,-45.844,7.9,-4.258,-45.844,-100.750,-22.1,2.877,-100.750,0.000,0.0,0.000,0.000,0.000,0.0,0.000,0.000
2.2881,1.402,15.1,-0.253,1.343,2.652,-0.7,3.316,2.658,30.688,-27.0,5.555,30.750,92.500,10.2,-2.832,92.500,-0.913,-27.1,1.091,-0.844,-5.555,-16.0,-1.271,-5.504,-45.812,8.2,-6.004,-45.844,-100.812,-14.7,3.410,-100.750,0.000,0.0,0.000,0.000,0.000,0.0,0.000,0.000
2.2900,1.500,37.3,-1.421,1.402,2.645,-3.5,2.090,2.652,30.594,-40.4,5.301,30.688,92.562,16.9,-1.540,92.500,-1.014,-42.2,3.215,-0.913,-5.637,-31.4,-1.716,-5.555,-45.844,-5.0,-6.805,-45.812,-100.812,-5.3,3.535,-100.812,0.000,0.0,0.000,0.000,0.000,0.0,0.000,0.000
2.2921,1.626,52.9,-2.893,1.500,2.605,-14.0,1.989,2.645,30.469,-52.8,6.039,30.594,92.625,25.7,-1.340,92.562,-1.123,-51.6,4.512,-1.014,-5.734,-42.5,-1.714,-5.637,-45.906,-19.4,-6.586,-45.844,-100.750,10.7,3.840,-100.812,0.000,0.0,0.000,0.000,0.000,0.0,0.000,0.000
2.2940,1.745,55.5,-3.914,1.626,2.574,-15.2,2.195,2.605,30.344,-58.6,6.500,30.469,92.688,31.5,-1.611,92.625,-1.227,-51.7,4.746,-1.123,-5.840,-47.1,-1.198,-5.734,-45.969,-31.3,-5.887,-45.906,-100.750,13.7,3.725,-100.750,0.000,0.0,0.000,0.000,0.000,0.0,0.000,0.000
2.2960,1.849,52.1,-4.566,1.745,2.518,-23.4,1.930,2.574,30.219,-61.9,6.562,30.344,92.750,39.1,-1.734,92.688,-1.318,-47.2,6.023,-1.227,-5.957,-51.5,-1.792,-5.840,-46.062,-42.6,-6.859,-45.969,-100.688,22.8,4.742,-100.750,0.000,0.0,0.000,0.000,0.000,0.0,0.000,0.000
2.2980,1.939,47.1,-6.156,1.849,2.477,-23.1,0.979,2.518,30.078,-63.1,6.391,30.219,92.875,50.4,-1.906,92.750,-1.391,-38.8,8.031,-1.318,-6.086,-58.9,-2.500,-5.957,-46.188,-52.6,-7.438,-46.062,-100.625,31.0,5.324,-100.688,0.000,0.0,0.000,0.000,0.000,0.0,0.000,0.000
2.3000,1.993,32.5,-13.492,1.939,2.436,-22.2,0.140,2.477,29.953,-67.1,5.230,30.078,93.000,55.5,-1.333,92.875,-1.425,-23.7,16.484,-1.391,-6.223,-65.5,-2.439,-6.086,-46.344,-66.9,-9.188,-46.188,-100.500,38.0,4.246,-100.625,0.000,0.0,0.000,0.000,0.000,0.0,0.000,0.000
2.3020,1.977,4.7,-12.344,1.993,2.404,-17.9,-0.086,2.436,29.797,-68.7,6.871,29.953,93.125,61.6,-1.295,93.000,-1.362,11.2,14.023,-1.425,-6.359,-66.2,-3.400,-6.223,-46.500,-79.8,-8.664,-46.344,-100.438,38.2,0.345,-100.500,0.000,0.0,0.000,0.000,0.000,0.0,0.000,0.000
2.3040,1.898,-25.2,-9.508,1.977,2.363,-18.8,0.089,2.404,29.672,-68.0,6.594,29.797,93.250,71.6,-1.217,93.125,-1.249,39.3,10.227,-1.362,-6.504,-67.9,-3.846,-6.359,-46.688,-88.2,-7.918,-46.500,-100.375,32.3,-0.104,-100.438,0.000,0.0,0.000,0.000,0.000,0.0,0.000,0.000
2.3060,1.795,-43.2,-6.898,1.898,2.338,-13.8,0.532,2.363,29.562,-60.8,6.539,29.672,93.438,71.7,-1.511,93.250,-1.104,60.5,7.746,-1.249,-6.613,-58.0,-4.422,-6.504,-46.875,-94.9,-7.703,-46.688,-100.312,24.6,0.489,-100.375,0.000,0.0,0.000,0.000,0.000,0.0,0.000,0.000
2.3080,1.691,-48.4,-5.551,1.795,2.303,-15.1,0.611,2.338,29.469,-53.2,6.430,29.562,93.625,80.4,-1.896,93.438,-0.929,76.6,4.793,-1.104,-6.664,-35.1,-5.578,-6.613,-47.094,-95.3,-7.766,-46.875,-100.312,15.6,0.732,-100.312,0.000,0.0,0.000,0.000,0.000,0.0,0.000,0.000
2.3100,1.588,-51.2,-4.793,1.691,2.281,-12.1,0.727,2.303,29.375,-43.8,6.105,29.469,93.750,86.8,-1.948,93.625,-0.769,78.9,2.504,-0.929,-6.695,-22.4,-7.355,-6.664,-47.250,-91.8,-7.711,-47.094,-100.312,6.9,0.538,-100.312,0.000,0.0,0.000,0.000,0.000,0.0,0.000,0.000
2.3120,1.531,-37.6,-3.488,1.588,2.246,-16.5,0.823,2.281,29.312,-35.3,5.645,29.375,93.938,87.4,-1.979,93.750,-0.634,70.9,1.075,-0.769,-6.711,-13.2,-7.996,-6.695,-47.438,-84.1,-7.887,-47.250,-100.312,-4.2,-0.222,-100.312,0.000,0.0,0.000,0.000,0.000,0.0,0.000,0.000
2.3141,1.506,-22.6,-2.789,1.531,2.246,-7.4,0.654,2.246,29.266,-28.4,5.207,29.312,94.125,93.8,-2.152,93.938,-0.530,58.8,1.353,-0.634,-6.738,-14.2,-8.922,-6.711,-47.562,-75.1,-8.172,-47.438,-100.375,-17.4,-0.377,-100.312,0.000,0.0,0.000,0.000,0.000,0.0,0.000,0.000
2.3161,1.516,-6.2,-3.395,1.506,2.246,-1.7,0.139,2.246,29.234,-20.6,3.842,29.266,94.312,85.5,-2.471,94.125,-0.461,42.2,1.738,-0.530,-6.789,-23.5,-8.602,-6.738,-47.656,-58.5,-8.570,-47.562,-100.438,-30.5,-0.807,-100.375,0.000,0.0,0.000,0.000,0.000,0.0,0.000,0.000
2.3181,1.544,6.8,-3.762,1.516,2.246,0.5,-0.209,2.246,29.219,-15.3,2.725,29.234,94.500,88.6,-2.930,94.312,-0.430,25.6,3.943,-0.461,-6.863,-32.6,-7.977,-6.789,-47.750,-46.3,-8.922,-47.656,-100.562,-38.4,-0.324,-100.438,0.000,0.0,0.000,0.000,0.000,0.0,0.000,0.000
2.3201,1.569,9.1,-4.508,1.544,2.238,-3.8,-0.904,2.246,29.203,-13.5,2.492,29.219,94.625,85.0,-3.275,94.500,-0.427,10.6,5.191,-0.430,-6.934,-35.4,-7.910,-6.863,-47.781,-24.0,-9.445,-47.750,-100.688,-50.9,0.329,-100.562,0.000,0.0,0.000,0.000,0.000,0.0,0.000,0.000
2.3220,1.585,7.1,-5.000,1.569,2.240,-1.4,-1.295,2.238,29.172,-11.4,1.667,29.203,94.812,75.2,-3.254,94.625,-0.420,5.5,7.008,-0.427,-7.000,-34.2,-7.609,-6.934,-47.781,-11.5,-9.367,-47.781,-100.812,-63.3,1.209,-100.688,0.000,0.0,0.000,0.000,0.000,0.0,0.000,0.000
2.3240,1.575,-2.5,-5.250,1.585,2.240,-1.3,-2.080,2.240,29.141,-14.8,1.227,29.172,94.938,68.1,-3.502,94.812,-0.424,0.1,7.898,-0.420,-7.055,-29.9,-7.695,-7.000,-47.750,5.1,-9.305,-47.781,-100.938,-66.9,2.654,-100.812,0.000,0.0,0.000,0.000,0.000,0.0,0.000,0.000
2.3260,1.575,-1.3,-5.734,1.575,2.219,-8.4,-2.432,2.240,29.094,-20.4,1.112,29.141,95.062,62.4,-3.260,94.938,-0.396,9.6,9.188,-0.424,-7.098,-24.5,-7.945,-7.055,-47.688,16.2,-10.016,-47.750,-101.062,-66.9,3.082,-100.938,0.000,0.0,0.000,0.000,0.000,0.0,0.000,0.000
2.3280,1.531,-14.5,-5.414,1.575,2.199,-9.5,-2.086,2.219,29.047,-26.0,1.038,29.094,95.125,54.7,-3.211,95.062,-0.367,13.8,5.012,-0.396,-7.141,-22.0,-5.117,-7.098,-47.656,26.1,-10.406,-47.688,-101.188,-67.8,4.023,-101.062,0.000,0.0,0.000,0.000,0.000,0.0,0.000,0.000
2.3300,1.513,-10.9,-1.262,1.531,2.166,-13.1,0.789,2.199,28.953,-36.3,4.695,29.047,95.250,53.2,-2.963,95.125,-0.354,10.0,0.641,-0.367,-7.172,-16.1,-3.322,-7.141,-47.594,28.8,-9.117,-47.656,-101.312,-63.3,5.312,-101.188,0.000,0.0,0.000,0.000,0.000,0.0,0.000,0.000
2.3320,1.510,-5.2,0.834,1.513,2.131,-15.1,2.414,2.166,28.906,-29.7,6.434,28.953,95.312,43.0,-3.332,95.250,-0.396,-10.2,-0.267,-0.354,-7.172,-7.1,-2.510,-7.172,-47.531,29.3,-6.965,-47.594,-101.438,-50.9,4.715,-101.312,0.000,0.0,0.000,0.000,0.000,0.0,0.000,0.000
2.3340,1.562,13.2,-0.170,1.510,2.119,-8.5,3.777,2.131,28.875,-19.6,7.070,28.906,95.375,35.4,-3.730,95.312,-0.464,-27.7,0.372,-0.396,-7.141,6.1,-1.969,-7.172,-47.469,34.5,-6.117,-47.531,-101.500,-37.3,3.967,-101.438,0.000,0.0,0.000,0.000,0.000,0.0,0.000,0.000
2.3360,1.642,30.6,-1.245,1.562,2.135,3.8,3.826,2.119,28.859,-9.9,7.426,28.875,95.438,31.3,-4.180,95.375,-0.559,-41.4,1.210,-0.464,-7.113,12.3,-1.545,-7.141,-47.375,42.0,-5.617,-47.469,-101.562,-31.6,3.422,-101.500,0.000,0.0,0.000,0.000,0.000,0.0,0.000,0.000
2.3380,1.697,28.4,-1.793,1.642,2.166,11.2,4.000,2.135,28.875,2.2,5.578,28.859,95.438,17.1,-3.486,95.438,-0.678,-52.9,3.016,-0.559,-7.094,9.9,-2.119,-7.113,-47.250,48.8,-6.535,-47.375,-101.562,-24.5,3.141,-101.562,0.000,0.0,0.000,0.000,0.000,0.0,0.000,0.000
2.3402,1.779,34.3,-1.874,1.697,2.230,24.0,2.266,2.166,28.922,12.1,5.410,28.875,95.500,7.6,-3.152,95.438,-0.825,-65.9,5.281,-0.678,-7.062,12.7,-2.795,-7.094,-47.125,58.8,-7.941,-47.250,-101.625,-20.4,3.703,-101.562,0.000,0.0,0.000,0.000,0.000,0.0,0.000,0.000
2.3424,1.842,33.6,-2.234,1.779,2.301,29.7,1.793,2.230,28.984,23.4,5.465,28.922,95.500,2.3,-3.447,95.500,-0.951,-65.5,6.172,-0.825,-7.059,6.1,-2.508,-7.062,-47.031,53.7,-8.641,-47.125,-101.625,-12.5,3.969,-101.625,0.000,0.0,0.000,0.000,0.000,0.0,0.000,0.000
2.3444,1.886,26.0,-3.189,1.842,2.389,36.0,1.347,2.301,29.047,29.0,6.227,28.984,95.438,-7.2,-4.055,95.500,-1.067,-60.5,7.289,-0.951,-7.062,-0.2,-1.437,-7.059,-46.906,55.3,-8.016,-47.031,-101.625,-2.5,3.771,-101.625,0.000,0.0,0.000,0.000,0.000,0.0,0.000,0.000
2.3464,1.914,17.5,-4.289,1.886,2.488,45.2,1.708,2.389,29.141,37.0,5.941,29.047,95.375,-15.8,-4.082,95.438,-1.167,-54.4,6.562,-1.067,-7.062,-1.0,-0.966,-7.062,-46.812,49.2,-7.059,-46.906,-101.625,-1.4,3.162,-101.625,0.000,0.0,0.000,0.000,0.000,0.0,0.000,0.000
2.3480,1.927,10.5,-4.469,1.914,2.590,48.8,2.211,2.488,29.234,46.5,8.211,29.141,95.375,-23.4,-5.758,95.375,-1.236,-42.5,5.242,-1.167,-7.047,5.9,0.487,-7.062,-46.750,42.8,-5.203,-46.812,-101.625,6.0,2.506,-101.625,0.000,0.0,0.000,0.000,0.000,0.0,0.000,0.000
2.3500,1.924,2.5,-12.781,1.927,2.701,53.8,3.109,2.590,29.359,57.7,10.172,29.234,95.250,-33.7,-7.277,95.375,-1.274,-25.8,11.594,-1.236,-7.035,8.6,1.486,-7.047,-46.625,48.9,-3.576,-46.750,-101.562,8.6,1.815,-101.625,0.000,0.0,0.000,0.000,0.000,0.0,0.000,0.000
2.3520,1.873,-14.8,-10.852,1.924,2.834,62.2,3.293,2.701,29.516,67.9,10.062,29.359,95.125,-52.5,-7.637,95.250,-1.274,-9.4,8.445,-1.274,-7.000,14.8,1.465,-7.035,-46.531,48.8,-5.020,-46.625,-101.562,9.8,1.688,-101.562,0.000,0.0,0.000,0.000,0.000,0.0,0.000,0.000
2.3540,1.802,-27.2,-8.984,1.873,2.990,73.1,3.514,2.834,29.672,73.3,10.445,29.516,95.000,-66.6,-8.203,95.125,-1.230,11.5,7.609,-1.274,-6.953,20.5,1.521,-7.000,-46.406,58.3,-5.625,-46.531,-101.562,6.7,1.248,-101.562,0.000,0.0,0.000,0.000,0.000,0.0,0.000,0.000
2.3560,1.726,-34.4,-9.008,1.802,3.148,78.9,3.215,2.990,29.859,87.6,12.391,29.672,94.812,-78.6,-8.797,95.000,-1.180,21.2,6.887,-1.230,-6.902,23.4,-0.109,-6.953,-46.312,57.0,-5.277,-46.406,-101.562,-1.2,0.206,-101.562,0.000,0.0,0.000,0.000,0.000,0.0,0.000,0.000
2.3580,1.660,-33.6,-9.359,1.726,3.275,68.8,3.062,3.148,30.047,93.9,12.109,29.859,94.562,-101.0,-7.965,94.812,-1.114,27.7,5.152,-1.180,-6.855,22.2,-1.091,-6.902,-46.156,60.0,-6.270,-46.312,-101.562,-7.2,-0.089,-101.562,0.000,0.0,0.000,0.000,0.000,0.0,0.000,0.000
2.3600,1.572,-38.5,-8.133,1.660,3.355,49.4,4.922,3.275,30.250,93.8,12.844,30.047,94.375,-112.2,-6.613,94.562,-1.045,30.8,3.828,-1.114,-6.816,19.8,-1.738,-6.855,-46.031,61.1,-6.719,-46.156,-101.625,-12.1,-0.118,-101.562,0.000,0.0,0.000,0.000,0.000,0.0,0.000,0.000
2.3620,1.481,-42.8,-6.773,1.572,3.387,26.7,6.625,3.355,30.453,98.0,12.633,30.250,94.125,-120.2,-5.004,94.375,-0.976,32.5,2.418,-1.045,-6.793,14.1,-2.078,-6.816,-45.938,61.3,-7.152,-46.031,-101.688,-21.3,-0.187,-101.625,0.000,0.0,0.000,0.000,0.000,0.0,0.000,0.000
2.3640,1.409,-39.0,-5.391,1.481,3.379,7.6,8.172,3.387,30.656,99.9,12.859,30.453,93.812,-126.8,-3.617,94.125,-0.935,25.5,2.516,-0.976,-6.793,6.4,-2.266,-6.793,-45.812,57.8,-7.664,-45.938,-101.750,-27.7,-0.045,-101.688,0.000,0.0,0.000,0.000,0.000,0.0,0.000,0.000
2.3660,1.365,-27.5,-5.973,1.409,3.352,-7.4,9.570,3.379,30.828,93.1,13.711,30.656,93.562,-127.1,-2.205,93.812,-0.910,17.7,3.182,-0.935,-6.809,-0.4,-1.955,-6.793,-45.719,50.9,-7.812,-45.812,-101.812,-32.8,-0.019,-101.750,0.000,0.0,0.000,0.000,0.000,0.0,0.000,0.000
2.3681,1.324,-22.0,-6.555,1.365,3.336,-8.2,10.898,3.352,30.984,83.5,14.578,30.828,93.375,-115.2,-1.255,93.562,-0.901,11.1,3.861,-0.910,-6.844,-11.4,-1.401,-6.809,-45.625,47.0,-7.785,-45.719,-101.875,-38.7,0.068,-101.812,0.000,0.0,0.000,0.000,0.000,0.0,0.000,0.000
2.3701,1.293,-18.8,-7.160,1.324,3.346,0.6,11.367,3.336,31.141,78.7,14.500,30.984,93.188,-94.1,-1.351,93.375,-0.904,2.7,4.043,-0.901,-6.863,-9.1,-0.559,-6.844,-45.562,37.4,-7.387,-45.625,-102.000,-44.8,0.302,-101.875,0.000,0.0,0.000,0.000,0.000,0.0,0.000,0.000
2.3721,1.271,-13.1,-7.055,1.293,3.361,4.4,11.672,3.346,31.266,65.4,14.188,31.141,93.062,-80.2,-1.657,93.188,-0.904,1.0,4.641,-0.904,-6.891,-11.7,-0.134,-6.863,-45.500,32.3,-6.898,-45.562,-102.062,-47.1,0.716,-102.000,0.000,0.0,0.000,0.000,0.000,0.0,0.000,0.000
2.3740,1.246,-12.1,-7.266,1.271,3.408,16.3,11.898,3.361,31.375,57.2,14.148,31.266,92.938,-70.8,-2.900,93.062,-0.910,-1.7,5.426,-0.904,-6.906,-7.4,0.831,-6.891,-45.438,30.9,-6.391,-45.500,-102.188,-51.3,1.155,-102.062,0.000,0.0,0.000,0.000,0.000,0.0,0.000,0.000
2.3760,1.221,-11.4,-8.023,1.246,3.451,19.9,11.727,3.408,31.438,39.3,14.156,31.375,92.812,-53.0,-3.852,92.938,-0.907,0.1,5.652,-0.910,-6.934,-9.0,1.709,-6.906,-45.375,27.8,-5.484,-45.438,-102.312,-53.5,1.642,-102.188,0.000,0.0,0.000,0.000,0.000,0.0,0.000,0.000
2.3780,1.202,-9.7,-8.594,1.221,3.502,23.0,11.461,3.451,31.484,29.5,13.836,31.438,92.750,-41.6,-4.875,92.812,-0.904,0.6,5.883,-0.907,-6.926,-1.5,2.350,-6.934,-45.344,22.1,-4.883,-45.375,-102.375,-49.8,2.121,-102.312,0.000,0.0,0.000,0.000,0.000,0.0,0.000,0.000
2.3800,1.183,-8.8,-9.047,1.202,3.539,19.6,10.773,3.502,31.484,11.8,13.898,31.484,92.750,-28.4,-6.512,92.750,-0.895,2.2,5.852,-0.904,-6.902,6.8,1.904,-6.926,-45.312,23.0,-3.967,-45.344,-102.500,-52.8,2.504,-102.375,0.000,0.0,0.000,0.000,0.000,0.0,0.000,0.000
2.3820,1.177,-4.3,-9.273,1.183,3.578,18.4,10.156,3.539,31.453,-3.5,13.867,31.484,92.688,-19.9,-8.586,92.750,-0.885,3.4,5.750,-0.895,-6.871,13.7,1.524,-6.902,-45.250,20.2,-3.229,-45.312,-102.562,-45.3,2.555,-102.500,0.000,0.0,0.000,0.000,0.000,0.0,0.000,0.000
2.3840,1.164,-4.5,-9.094,1.177,3.604,15.5,9.383,3.578,31.438,-8.7,14.406,31.453,92.688,-18.9,-9.828,92.688,-0.875,4.1,5.023,-0.885,-6.840,17.1,1.402,-6.871,-45.219,21.3,-2.818,-45.250,-102.625,-36.4,2.580,-102.562,0.000,0.0,0.000,0.000,0.000,0.0,0.000,0.000
2.3860,1.161,-1.0,-8.164,1.164,3.619,12.0,8.750,3.604,31.406,-13.1,13.906,31.438,92.625,-26.1,-9.375,92.688,-0.869,3.6,0.114,-0.875,-6.816,14.8,1.266,-6.840,-45.188,19.3,-3.748,-45.219,-102.688,-31.0,3.006,-102.625,0.000,0.0,0.000,0.000,0.000,0.0,0.000,0.000
2.3880,1.164,2.1,-1.851,1.161,3.621,5.9,8.078,3.619,31.359,-19.1,11.766,31.406,92.562,-30.0,-7.195,92.625,-0.904,-9.1,-0.140,-0.869,-6.809,9.8,0.052,-6.816,-45.156,16.0,-4.758,-45.188,-102.750,-21.6,4.480,-102.688,0.000,0.0,0.000,0.000,0.000,0.0,0.000,0.000
2.3900,1.205,14.6,-1.878,1.164,3.631,5.9,5.477,3.621,31.328,-17.7,10.258,31.359,92.500,-28.5,-5.441,92.562,-0.966,-21.6,0.322,-0.904,-6.828,-3.5,-0.481,-6.809,-45.125,10.8,-5.406,-45.156,-102.750,-8.0,5.176,-102.750,0.000,0.0,0.000,0.000,0.000,0.0,0.000,0.000
2.3920,1.274,26.7,-1.742,1.205,3.605,-7.2,5.137,3.631,31.281,-24.3,8.914,31.328,92.438,-21.8,-4.781,92.500,-1.067,-38.5,1.904,-0.966,-6.871,-14.1,-0.312,-6.828,-45.156,-0.7,-5.965,-45.125,-102.688,9.2,4.770,-102.750,0.000,0.0,0.000,0.000,0.000,0.0,0.000,0.000
2.3940,1.374,40.3,-2.730,1.274,3.596,-6.9,5.012,3.605,31.250,-23.3,8.844,31.281,92.438,-10.9,-4.910,92.438,-1.187,-52.8,3.143,-1.067,-6.922,-21.8,-0.070,-6.871,-45.188,-11.6,-5.895,-45.156,-102.625,21.9,4.504,-102.688,0.000,0.0,0.000,0.000,0.000,0.0,0.000,0.000
2.3960,1.469,44.8,-3.266,1.374,3.574,-9.2,5.289,3.596,31.188,-24.7,9.227,31.250,92.438,-3.3,-4.980,92.438,-1.283,-50.1,4.680,-1.187,-6.980,-26.0,-0.303,-6.922,-45.219,-20.3,-6.047,-45.188,-102.562,27.4,4.305,-102.625,0.000,0.0,0.000,0.000,0.000,0.0,0.000,0.000
2.3981,1.557,44.0,-3.863,1.469,3.549,-12.1,4.508,3.574,31.156,-20.8,8.922,31.188,92.500,10.7,-4.695,92.438,-1.399,-54.0,6.176,-1.283,-7.031,-27.7,-0.881,-6.980,-45.281,-28.7,-6.805,-45.219,-102.500,42.2,4.426,-102.562,0.000,0.0,0.000,0.000,0.000,0.0,0.000,0.000
2.4002,1.635,41.0,-4.398,1.557,3.539,-7.2,3.400,3.549,31.094,-25.7,8.164,31.156,92.562,20.2,-3.061,92.500,-1.490,-50.9,7.902,-1.399,-7.082,-25.5,-2.723,-7.031,-45.375,-43.1,-8.570,-45.281,-102.375,50.2,4.836,-102.500,0.000,0.0,0.000,0.000,0.000,0.0,0.000,0.000
2.4025,1.688,32.2,-4.711,1.635,3.521,-8.3,1.035,3.539,31.047,-26.6,5.660,31.094,92.625,28.4,-1.013,92.562,-1.531,-30.4,17.094,-1.490,-7.156,-32.5,-4.633,-7.082,-45.500,-52.7,-10.742,-45.375,-102.250,57.3,5.500,-102.375,0.000,0.0,0.000,0.000,0.000,0.0,0.000,0.000
2.4049,1.723,21.3,-13.398,1.688,3.486,-14.7,-0.793,3.521,30.953,-37.9,3.975,31.047,92.688,44.6,-0.407,92.625,-1.490,3.6,13.984,-1.531,-7.254,-43.9,-4.160,-7.156,-45.688,-77.9,-10.805,-45.500,-102.125,64.8,5.449,-102.250,0.000,0.0,0.000,0.000,0.000,0.0,0.000,0.000
2.4067,1.704,2.1,-10.289,1.723,3.449,-17.3,-0.076,3.486,30.859,-47.0,4.648,30.953,92.875,65.3,-0.792,92.688,-1.396,32.1,11.734,-1.490,-7.379,-55.6,-2.889,-7.254,-45.906,-95.3,-9.570,-45.688,-101.938,75.0,2.090,-102.125,0.000,0.0,0.000,0.000,0.000,0.0,0.000,0.000
2.4081,1.629,-22.8,-9.258,1.704,3.402,-20.8,0.554,3.449,30.734,-55.1,5.836,30.859,93.062,78.4,-1.312,92.875,-1.239,63.2,9.664,-1.396,-7.500,-58.8,-4.102,-7.379,-46.125,-107.4,-8.734,-45.906,-101.812,71.9,-0.350,-101.938,0.000,0.0,0.000,0.000,0.000,0.0,0.000,0.000
2.4100,1.544,-35.6,-8.117,1.629,3.357,-19.7,0.265,3.402,30.641,-52.8,6.641,30.734,93.250,93.0,-1.626,93.062,-1.083,74.4,7.242,-1.239,-7.617,-57.4,-5.895,-7.500,-46.375,-115.4,-7.617,-46.125,-101.688,66.1,-3.305,-101.812,0.000,0.0,0.000,0.000,0.000,0.0,0.000,0.000
2.4120,1.453,-40.7,-6.656,1.544,3.320,-18.5,-0.156,3.357,30.516,-55.2,6.500,30.641,93.500,107.7,-2.070,93.250,-0.897,86.9,5.008,-1.083,-7.703,-48.3,-6.273,-7.617,-46.594,-113.5,-7.785,-46.375,-101.625,45.6,-2.979,-101.688,0.000,0.0,0.000,0.000,0.000,0.0,0.000,0.000
2.4140,1.368,-41.8,-5.996,1.453,3.291,-15.1,0.120,3.320,30.438,-48.2,5.930,30.516,93.688,116.7,-2.633,93.500,-0.737,81.5,2.973,-0.897,-7.750,-32.0,-6.801,-7.703,-46.781,-104.2,-7.898,-46.594,-101.562,25.1,-1.545,-101.625,0.000,0.0,0.000,0.000,0.000,0.0,0.000,0.000
2.4160,1.312,-33.6,-5.406,1.368,3.260,-15.5,0.383,3.291,30.359,-38.6,5.828,30.438,93.938,118.4,-3.391,93.688,-0.583,75.9,0.081,-0.737,-7.773,-18.4,-8.062,-7.750,-46.969,-94.2,-8.328,-46.781,-101.562,4.7,-1.236,-101.562,0.000,0.0,0.000,0.000,0.000,0.0,0.000,0.000
2.4180,1.280,-21.0,-2.500,1.312,3.242,-11.4,0.369,3.260,30.297,-34.0,5.316,30.359,94.188,121.8,-3.912,93.938,-0.486,58.3,0.477,-0.583,-7.789,-11.0,-8.883,-7.773,-47.094,-77.5,-8.789,-46.969,-101.625,-14.0,-1.252,-101.562,0.000,0.0,0.000,0.000,0.000,0.0,0.000,0.000
2.4200,1.274,-8.4,-2.832,1.280,3.223,-11.7,-0.105,3.242,30.250,-27.4,4.688,30.297,94.438,118.2,-4.398,94.188,-0.427,40.3,1.693,-0.486,-7.820,-14.2,-8.383,-7.789,-47.219,-60.7,-8.945,-47.094,-101.688,-29.7,-1.280,-101.625,0.000,0.0,0.000,0.000,0.000,0.0,0.000,0.000
2.4223,1.287,0.7,-3.303,1.274,3.229,-5.0,-0.348,3.223,30.250,-19.2,3.514,30.250,94.562,121.9,-4.395,94.438,-0.414,28.8,2.518,-0.427,-7.832,-13.0,-8.148,-7.820,-47.250,-52.6,-9.133,-47.219,-101.750,-41.3,-0.669,-101.688,0.000,0.0,0.000,0.000,0.000,0.0,0.000,0.000
2.4245,1.306,4.9,-4.281,1.287,3.213,-5.5,-1.045,3.229,30.188,-19.9,2.379,30.250,94.875,112.6,-5.008,94.562,-0.396,11.1,5.770,-0.414,-7.895,-18.6,-7.559,-7.832,-47.281,-17.8,-9.141,-47.250,-101.938,-59.6,0.463,-101.750,0.000,0.0,0.000,0.000,0.000,0.0,0.000,0.000
2.4265,1.314,3.3,-4.168,1.306,3.203,-5.1,-1.678,3.213,30.141,-21.8,1.502,30.188,95.062,99.9,-5.250,94.875,-0.398,4.7,7.398,-0.396,-7.945,-21.9,-7.227,-7.895,-47.281,-6.6,-8.875,-47.281,-102.062,-65.1,1.691,-101.938,0.000,0.0,0.000,0.000,0.000,0.0,0.000,0.000
2.4283,1.318,2.4,-4.617,1.314,3.182,-8.3,-2.486,3.203,30.094,-24.3,0.948,30.141,95.250,94.2,-4.801,95.062,-0.402,1.6,7.645,-0.398,-7.988,-21.7,-7.371,-7.945,-47.219,9.6,-9.328,-47.281,-102.250,-66.1,3.230,-102.062,0.000,0.0,0.000,0.000,0.000,0.0,0.000,0.000
2.4300,1.299,-4.4,-4.211,1.318,3.139,-17.8,-2.389,3.182,30.016,-29.2,0.724,30.094,95.438,84.6,-4.809,95.250,-0.386,7.3,8.531,-0.402,-8.016,-17.7,-7.441,-7.988,-47.156,25.3,-9.531,-47.219,-102.375,-62.6,3.674,-102.250,0.000,0.0,0.000,0.000,0.000,0.0,0.000,0.000
2.4320,1.277,-8.2,-4.922,1.299,3.098,-20.1,-2.514,3.139,29.953,-32.9,0.539,30.016,95.562,70.4,-4.688,95.438,-0.376,6.9,9.219,-0.386,-8.031,-11.8,-7.605,-8.016,-47.094,26.8,-9.461,-47.156,-102.500,-64.8,3.895,-102.375,0.000,0.0,0.000,0.000,0.000,0.0,0.000,0.000
2.4340,1.255,-8.7,-5.516,1.277,3.031,-28.3,-2.123,3.098,29.875,-35.7,0.460,29.953,95.688,64.1,-4.199,95.562,-0.342,13.1,8.438,-0.376,-8.047,-9.9,-7.035,-8.031,-47.031,29.3,-9.227,-47.094,-102.625,-55.7,3.840,-102.500,0.000,0.0,0.000,0.000,0.000,0.0,0.000,0.000
2.4360,1.227,-11.7,-5.730,1.255,2.953,-35.5,-0.804,3.031,29.797,-36.8,0.795,29.875,95.750,54.2,-3.600,95.688,-0.323,8.5,1.561,-0.342,-8.062,-7.5,-4.086,-8.047,-46.969,32.1,-9.859,-47.031,-102.688,-47.8,4.414,-102.625,0.000,0.0,0.000,0.000,0.000,0.0,0.000,0.000
2.4380,1.208,-9.0,0.313,1.227,2.881,-35.1,2.174,2.953,29.703,-40.9,1.507,29.797,95.875,46.4,-3.203,95.750,-0.320,1.6,0.911,-0.323,-8.055,-0.4,-3.658,-8.062,-46.938,20.8,-9.219,-46.969,-102.750,-40.1,4.359,-102.688,0.000,0.0,0.000,0.000,0.000,0.0,0.000,0.000
2.4400,1.221,1.3,0.539,1.208,2.824,-30.4,3.086,2.881,29.625,-39.1,2.830,29.703,95.938,39.0,-2.652,95.875,-0.358,-10.3,1.028,-0.320,-8.039,5.9,-4.227,-8.055,-46.906,22.2,-8.023,-46.938,-102.812,-28.3,4.160,-102.750,0.000,0.0,0.000,0.000,0.000,0.0,0.000,0.000
2.4420,1.277,18.0,-0.134,1.221,2.809,-16.4,2.510,2.824,29.578,-27.1,3.766,29.625,96.000,34.9,-2.260,95.938,-0.449,-32.5,2.621,-0.358,-8.008,10.6,-4.969,-8.039,-46.875,17.2,-7.840,-46.906,-102.812,-19.5,4.086,-102.812,0.000,0.0,0.000,0.000,0.000,0.0,0.000,0.000
2.4440,1.350,29.4,-0.925,1.277,2.830,3.6,1.591,2.809,29.562,-18.4,3.219,29.578,96.062,26.3,-2.012,96.000,-0.540,-41.3,3.734,-0.449,-7.977,14.4,-5.398,-8.008,-46.812,17.8,-8.234,-46.875,-102.812,-8.0,4.191,-102.812,0.000,0.0,0.000,0.000,0.000,0.0,0.000,0.000
2.4460,1.415,30.7,-1.450,1.350,2.846,8.6,0.977,2.830,29.562,-5.4,2.748,29.562,96.062,16.0,-1.816,96.062,-0.640,-46.2,6.461,-0.540,-7.965,11.1,-6.000,-7.977,-46.781,19.8,-9.438,-46.812,-102.812,5.5,4.309,-102.812,0.000,0.0,0.000,0.000,0.000,0.0,0.000,0.000
2.4482,1.494,35.2,-2.451,1.415,2.871,11.5,-0.068,2.846,29.562,0.3,1.339,29.562,96.125,15.2,-1.647,96.062,-0.734,-45.4,7.418,-0.640,-7.957,6.6,-5.883,-7.965,-46.781,11.9,-10.273,-46.781,-102.812,12.8,4.625,-102.812,0.000,0.0,0.000,0.000,0.000,0.0,0.000,0.000
2.4505,1.550,30.4,-3.115,1.494,2.912,18.4,-0.832,2.871,29.594,7.9,1.030,29.562,96.125,14.8,-1.461,96.125,-0.816,-40.9,8.492,-0.734,-7.957,3.7,-6.309,-7.957,-46.781,5.7,-10.656,-46.781,-102.750,22.0,4.727,-102.812,0.000,0.0,0.000,0.000,0.000,0.0,0.000,0.000
2.4527,1.601,26.5,-4.086,1.550,2.922,8.4,-1.336,2.912,29.609,11.0,1.187,29.594,96.125,10.2,-1.299,96.125,-0.857,-26.1,7.230,-0.816,-7.965,-1.7,-6.520,-7.957,-46.812,-7.9,-10.695,-46.781,-102.688,29.7,5.238,-102.750,0.000,0.0,0.000,0.000,0.000,0.0,0.000,0.000
2.4545,1.635,21.6,-3.494,1.601,2.943,9.0,-1.345,2.922,29.609,4.7,1.861,29.609,96.188,9.8,-1.313,96.125,-0.895,-22.7,6.172,-0.857,-7.973,-4.5,-6.281,-7.965,-46.812,-12.4,-10.602,-46.812,-102.625,34.4,5.281,-102.688,0.000,0.0,0.000,0.000,0.000,0.0,0.000,0.000
2.4560,1.650,13.5,-2.965,1.635,2.947,4.9,-0.182,2.943,29.625,3.9,2.975,29.609,96.188,3.6,-2.260,96.188,-0.885,-6.3,3.639,-0.895,-7.973,-0.4,-5.148,-7.973,-46.875,-16.0,-10.523,-46.812,-102.500,46.0,5.445,-102.625,0.000,0.0,0.000,0.000,0.000,0.0,0.000,0.000
2.4581,1.670,10.6,-1.724,1.650,2.949,3.0,0.097,2.947,29.625,5.4,2.420,29.625,96.188,1.8,-1.924,96.188,-0.891,-3.5,4.219,-0.885,-7.973,-1.1,-5.805,-7.973,-46.906,-21.4,-11.844,-46.875,-102.375,56.5,6.043,-102.500,0.000,0.0,0.000,0.000,0.000,0.0,0.000,0.000
2.4600,1.707,15.9,-2.541,1.670,2.941,-0.9,0.020,2.949,29.656,7.2,1.707,29.625,96.188,-2.9,-1.611,96.188,-0.897,-3.5,7.547,-0.891,-7.949,6.6,-6.395,-7.973,-46.969,-23.5,-12.977,-46.906,-102.250,61.5,6.465,-102.375,0.000,0.0,0.000,0.000,0.000,0.0,0.000,0.000
2.4620,1.720,9.2,-5.617,1.707,2.934,-3.2,-1.113,2.941,29.672,8.4,1.448,29.656,96.188,-1.3,-0.455,96.188,-0.873,6.6,10.906,-0.897,-7.938,7.5,-8.672,-7.949,-47.031,-22.5,-13.586,-46.969,-102.062,70.9,7.227,-102.250,0.000,0.0,0.000,0.000,0.000,0.0,0.000,0.000
2.4640,1.726,4.2,-8.367,1.720,2.918,-6.2,-1.412,2.934,29.688,9.3,1.186,29.672,96.188,-3.9,0.653,96.188,-0.810,22.2,10.422,-0.873,-7.953,-2.9,-8.508,-7.938,-47.094,-26.1,-14.266,-47.031,-101.875,85.7,5.387,-102.062,0.000,0.0,0.000,0.000,0.000,0.0,0.000,0.000
2.4660,1.688,-10.7,-7.332,1.726,2.900,-8.9,-0.921,2.918,29.703,8.5,1.366,29.688,96.188,1.3,0.776,96.188,-0.715,36.3,7.988,-0.810,-7.969,-7.8,-8.297,-7.953,-47.125,-23.9,-14.641,-47.094,-101.750,90.2,4.801,-101.875,0.000,0.0,0.000,0.000,0.000,0.0,0.000,0.000
2.4680,1.642,-17.7,-6.160,1.688,2.891,-5.7,-0.543,2.900,29.734,7.8,1.527,29.703,96.188,8.0,0.582,96.188,-0.596,51.2,6.996,-0.715,-7.988,-9.5,-8.445,-7.969,-47.188,-24.0,-14.984,-47.125,-101.562,89.9,4.000,-101.750,0.000,0.0,0.000,0.000,0.000,0.0,0.000,0.000
2.4700,1.585,-23.0,-5.949,1.642,2.869,-9.1,-0.512,2.891,29.750,7.1,1.543,29.734,96.250,14.6,0.417,96.188,-0.496,51.2,6.789,-0.596,-8.000,-7.9,-8.234,-7.988,-47.219,-18.2,-15.047,-47.188,-101.375,86.2,4.117,-101.562,0.000,0.0,0.000,0.000,0.000,0.0,0.000,0.000
2.4720,1.522,-27.9,-5.086,1.585,2.871,-2.1,-0.559,2.869,29.750,5.7,1.721,29.750,96.312,18.5,0.343,96.250,-0.370,57.8,5.367,-0.496,-8.016,-5.8,-8.547,-8.000,-47.250,-14.3,-15.625,-47.219,-101.188,84.3,3.131,-101.375,0.000,0.0,0.000,0.000,0.000,0.0,0.000,0.000
2.4741,1.479,-24.8,-4.828,1.522,2.875,0.7,-0.426,2.871,29.750,0.7,2.059,29.750,96.312,21.7,0.249,96.312,-0.257,58.3,5.430,-0.370,-8.039,-7.3,-8.883,-8.016,-47.250,-11.9,-15.984,-47.250,-101.062,76.4,2.754,-101.188,0.000,0.0,0.000,0.000,0.000,0.0,0.000,0.000
2.4763,1.443,-21.0,-3.893,1.479,2.871,-0.0,-0.187,2.875,29.781,5.5,2.078,29.750,96.375,25.6,0.063,96.312,-0.173,49.6,4.492,-0.257,-8.070,-13.9,-9.047,-8.039,-47.281,-11.6,-15.930,-47.250,-100.938,67.8,2.332,-101.062,0.000,0.0,0.000,0.000,0.000,0.0,0.000,0.000
2.4785,1.431,-11.5,-3.703,1.443,2.875,-0.8,-0.340,2.871,29.766,1.6,2.047,29.781,96.438,27.1,-0.160,96.375,-0.100,41.5,4.508,-0.173,-8.070,-6.0,-9.227,-8.070,-47.312,-8.9,-15.930,-47.281,-100.812,57.3,2.713,-100.938,0.000,0.0,0.000,0.000,0.000,0.0,0.000,0.000
2.4804,1.425,-6.1,-3.951,1.431,2.887,3.1,-0.209,2.875,29.766,-4.5,1.938,29.766,96.500,28.8,-0.406,96.438,-0.044,34.6,4.855,-0.100,-8.102,-11.4,-9.023,-8.070,-47.312,-5.5,-15.945,-47.312,-100.750,48.3,3.891,-100.812,0.000,0.0,0.000,0.000,0.000,0.0,0.000,0.000
2.4820,1.431,0.2,-4.285,1.425,2.891,2.0,-0.365,2.887,29.750,-5.5,1.953,29.766,96.625,37.8,-0.593,96.500,-0.025,18.3,5.270,-0.044,-8.125,-11.9,-9.188,-8.102,-47.312,-6.6,-16.047,-47.312,-100.688,42.0,5.395,-100.750,0.000,0.0,0.000,0.000,0.000,0.0,0.000,0.000
2.4840,1.428,-2.4,-4.305,1.431,2.893,2.6,-0.667,2.891,29.734,-10.3,1.860,29.750,96.688,34.0,-0.904,96.625,-0.013,9.2,6.195,-0.025,-8.164,-14.3,-9.039,-8.125,-47.312,-1.4,-16.016,-47.312,-100.625,37.1,6.973,-100.688,0.000,0.0,0.000,0.000,0.000,0.0,0.000,0.000
2.4860,1.431,-1.8,-3.789,1.428,2.885,-2.1,0.501,2.893,29.703,-12.7,2.869,29.734,96.750,31.9,-2.477,96.688,0.000,5.7,1.365,-0.013,-8.203,-17.6,-6.875,-8.164,-47.312,-3.1,-15.031,-47.312,-100.500,38.4,6.121,-100.625,0.000,0.0,0.000,0.000,0.000,0.0,0.000,0.000
2.4880,1.450,4.6,0.856,1.431,2.885,-2.2,1.438,2.885,29.688,-10.9,3.344,29.703,96.750,23.2,-2.676,96.750,-0.025,-6.3,-0.045,0.000,-8.219,-10.5,-6.461,-8.203,-47.312,-3.2,-13.984,-47.312,-100.500,29.8,5.871,-100.500,0.000,0.0,0.000,0.000,0.000,0.0,0.000,0.000
2.4900,1.487,12.7,2.088,1.450,2.896,1.7,1.548,2.885,29.688,-7.2,3.562,29.688,96.812,15.2,-2.275,96.750,-0.104,-28.2,-0.005,-0.025,-8.211,-1.8,-6.586,-8.219,-47.312,3.0,-13.438,-47.312,-100.438,30.4,5.535,-100.500,0.000,0.0,0.000,0.000,0.000,0.0,0.000,0.000
2.4920,1.562,28.3,0.600,1.487,2.922,7.6,0.871,2.896,29.672,-7.8,3.168,29.688,96.812,10.9,-2.096,96.812,-0.191,-37.1,3.398,-0.104,-8.203,3.7,-7.215,-8.211,-47.312,2.0,-13.320,-47.312,-100.375,25.9,5.621,-100.438,0.000,0.0,0.000,0.000,0.000,0.0,0.000,0.000
2.4940,1.653,40.4,0.123,1.562,2.943,9.1,0.844,2.922,29.688,0.7,3.297,29.672,96.812,1.7,-1.673,96.812,-0.320,-53.8,3.785,-0.191,-8.188,5.3,-7.293,-8.203,-47.312,1.3,-13.555,-47.312,-100.375,19.5,5.871,-100.375,0.000,0.0,0.000,0.000,0.000,0.0,0.000,0.000
2.4960,1.738,42.8,-1.680,1.653,2.973,12.0,0.443,2.943,29.688,2.3,3.268,29.688,96.812,-2.1,-1.902,96.812,-0.420,-52.0,5.801,-0.320,-8.156,11.2,-7.609,-8.188,-47.312,-2.8,-12.984,-47.312,-100.312,17.9,6.160,-100.375,0.000,0.0,0.000,0.000,0.000,0.0,0.000,0.000
2.4980,1.817,38.5,-1.803,1.738,3.000,14.6,0.655,2.973,29.703,4.9,3.412,29.688,96.750,-7.6,-2.234,96.812,-0.521,-50.1,5.016,-0.420,-8.148,9.8,-6.676,-8.156,-47.312,-3.0,-12.516,-47.312,-100.312,14.9,6.723,-100.312,0.000,0.0,0.000,0.000,0.000,0.0,0.000,0.000
2.5000,1.901,40.3,-3.521,1.817,3.016,11.1,0.556,3.000,29.719,7.0,3.523,29.703,96.750,-10.2,-2.217,96.750,-0.615,-47.6,6.137,-0.521,-8.141,8.2,-6.156,-8.148,-47.344,-8.7,-12.219,-47.312,-100.250,12.1,7.066,-100.312,0.000,0.0,0.000,0.000,0.000,0.0,0.000,0.000
2.5020,1.968,36.1,-4.145,1.901,3.031,6.1,0.125,3.016,29.734,7.6,3.996,29.719,96.750,-12.7,-3.240,96.750,-0.681,-38.6,6.695,-0.615,-8.133,5.4,-5.543,-8.141,-47.344,-7.6,-10.539,-47.344,-100.250,9.6,7.133,-100.250,0.000,0.0,0.000,0.000,0.000,0.0,0.000,0.000
2.5040,2.008,26.7,-3.998,1.968,3.062,10.6,0.699,3.031,29.750,10.7,5.082,29.734,96.688,-22.9,-3.268,96.750,-0.731,-30.2,5.617,-0.681,-8.125,4.8,-4.766,-8.133,-47.375,-6.9,-9.836,-47.344,-100.250,8.8,6.703,-100.250,0.000,0.0,0.000,0.000,0.000,0.0,0.000,0.000
2.5062,2.031,17.3,-3.506,2.008,3.100,15.8,0.555,3.062,29.797,16.0,5.176,29.750,96.625,-25.0,-3.580,96.688,-0.769,-23.4,5.008,-0.731,-8.102,8.0,-4.281,-8.125,-47.375,-2.2,-9.086,-47.375,-100.188,10.0,6.492,-100.250,0.000,0.0,0.000,0.000,0.000,0.0,0.000,0.000
2.5089,2.039,5.5,-3.168,2.031,3.133,13.6,1.306,3.100,29.875,24.8,5.629,29.797,96.500,-32.3,-3.492,96.625,-0.797,-13.6,3.766,-0.769,-8.047,14.2,-3.707,-8.102,-47.344,6.7,-8.633,-47.375,-100.188,5.2,5.953,-100.188,0.000,0.0,0.000,0.000,0.000,0.0,0.000,0.000
2.5107,2.055,9.9,-3.129,2.039,3.154,17.0,1.245,3.133,29.891,22.5,5.477,29.875,96.438,-41.2,-3.379,96.500,-0.797,-8.2,3.617,-0.797,-8.031,17.6,-3.709,-8.047,-47.344,6.2,-8.688,-47.344,-100.188,2.5,5.918,-100.188,0.000,0.0,0.000,0.000,0.000,0.0,0.000,0.000
2.5120,2.062,7.0,-3.111,2.055,3.188,19.3,1.563,3.154,29.969,30.7,5.836,29.891,96.375,-49.8,-3.652,96.438,-0.813,-5.9,2.855,-0.797,-7.988,19.1,-3.076,-8.031,-47.312,9.3,-7.594,-47.344,-100.188,2.1,5.570,-100.188,0.000,0.0,0.000,0.000,0.000,0.0,0.000,0.000
2.5140,2.080,10.0,-3.223,2.062,3.221,17.9,2.645,3.188,30.047,41.6,7.797,29.969,96.250,-49.8,-4.727,96.375,-0.829,-5.3,1.975,-0.813,-7.957,17.3,-1.775,-7.988,-47.281,15.9,-6.258,-47.312,-100.188,-2.1,4.789,-100.188,0.000,0.0,0.000,0.000,0.000,0.0,0.000,0.000
2.5160,2.084,5.0,-3.404,2.080,3.275,25.8,3.018,3.221,30.125,42.4,8.648,30.047,96.125,-59.6,-5.164,96.250,-0.869,-14.7,2.506,-0.829,-7.914,19.6,-1.600,-7.957,-47.219,20.8,-5.363,-47.281,-100.250,-8.8,4.102,-100.188,0.000,0.0,0.000,0.000,0.000,0.0,0.000,0.000
2.5180,2.100,4.8,-4.961,2.084,3.336,27.8,3.844,3.275,30.266,55.7,11.203,30.125,96.000,-72.9,-6.508,96.125,-0.882,-9.9,7.641,-0.869,-7.859,26.5,-0.067,-7.914,-47.156,33.5,-2.834,-47.219,-100.250,-14.8,1.154,-100.250,0.000,0.0,0.000,0.000,0.000,0.0,0.000,0.000
2.5200,2.086,-3.5,-10.516,2.100,3.434,40.4,3.850,3.336,30.406,63.8,10.203,30.266,95.812,-83.2,-5.328,96.000,-0.888,-6.0,7.004,-0.882,-7.812,26.2,-0.236,-7.859,-47.062,44.3,-3.670,-47.156,-100.312,-28.2,1.107,-100.250,0.000,0.0,0.000,0.000,0.000,0.0,0.000,0.000
2.5220,2.027,-20.8,-8.930,2.086,3.531,44.7,3.902,3.434,30.578,77.7,9.742,30.406,95.625,-84.1,-4.367,95.812,-0.854,7.3,5.883,-0.888,-7.762,25.7,-0.320,-7.812,-46.938,54.9,-4.582,-47.062,-100.438,-44.0,1.355,-100.312,0.000,0.0,0.000,0.000,0.000,0.0,0.000,0.000
2.5240,1.942,-35.1,-7.516,2.027,3.615,42.4,4.719,3.531,30.750,85.9,9.445,30.578,95.438,-92.9,-3.270,95.625,-0.807,17.3,5.328,-0.854,-7.711,25.6,-0.080,-7.762,-46.812,58.9,-5.262,-46.938,-100.562,-52.0,1.646,-100.438,0.000,0.0,0.000,0.000,0.000,0.0,0.000,0.000
2.5260,1.846,-45.0,-7.488,1.942,3.668,30.9,5.816,3.615,30.922,86.7,9.484,30.750,95.250,-98.1,-1.600,95.438,-0.759,21.4,5.605,-0.807,-7.684,18.4,-0.132,-7.711,-46.688,61.8,-5.938,-46.812,-100.688,-61.0,2.010,-100.562,0.000,0.0,0.000,0.000,0.000,0.0,0.000,0.000
2.5280,1.758,-45.5,-6.945,1.846,3.684,15.7,7.164,3.668,31.062,80.6,9.578,30.922,95.062,-95.1,0.304,95.250,-0.709,23.8,4.902,-0.759,-7.652,15.7,-0.224,-7.684,-46.562,59.9,-6.492,-46.688,-100.812,-70.9,2.350,-100.688,0.000,0.0,0.000,0.000,0.000,0.0,0.000,0.000
2.5300,1.688,-37.7,-6.953,1.758,3.691,8.1,8.570,3.684,31.203,72.8,9.477,31.062,94.875,-80.5,3.322,95.062,-0.656,25.2,4.465,-0.709,-7.625,13.8,-0.260,-7.652,-46.438,58.2,-6.750,-46.562,-101.000,-77.4,2.283,-100.812,0.000,0.0,0.000,0.000,0.000,0.0,0.000,0.000
2.5322,1.645,-39.7,-7.152,1.688,3.674,-0.6,9.531,3.691,31.281,70.7,9.289,31.203,94.875,-70.3,3.494,94.875,-0.637,22.7,3.602,-0.656,-7.609,15.3,-0.261,-7.625,-46.375,55.6,-6.543,-46.438,-101.062,-81.9,2.467,-101.000,0.000,0.0,0.000,0.000,0.000,0.0,0.000,0.000
2.5343,1.566,-29.1,-6.594,1.645,3.678,0.3,10.742,3.674,31.438,54.5,10.547,31.281,94.750,-37.2,3.373,94.875,-0.571,21.0,3.189,-0.637,-7.594,9.7,-0.055,-7.609,-46.250,45.5,-6.254,-46.375,-101.312,-83.4,2.697,-101.062,0.000,0.0,0.000,0.000,0.000,0.0,0.000,0.000
2.5364,1.538,-19.3,-6.844,1.566,3.682,1.0,11.719,3.678,31.516,47.2,10.789,31.438,94.812,-6.9,2.102,94.750,-0.549,14.8,3.672,-0.571,-7.590,5.9,0.554,-7.594,-46.188,43.8,-5.500,-46.250,-101.500,-88.3,2.850,-101.312,0.000,0.0,0.000,0.000,0.000,0.0,0.000,0.000
2.5386,1.513,-13.7,-6.848,1.538,3.703,7.0,11.859,3.682,31.594,42.3,10.750,31.516,94.812,14.3,1.426,94.812,-0.527,12.4,3.766,-0.549,-7.574,4.9,0.976,-7.590,-46.125,33.7,-5.156,-46.188,-101.688,-90.6,3.820,-101.500,0.000,0.0,0.000,0.000,0.000,0.0,0.000,0.000
2.5402,1.484,-13.4,-7.316,1.513,3.730,12.5,11.531,3.703,31.641,29.5,10.367,31.594,94.938,35.6,0.327,94.812,-0.530,3.3,4.113,-0.527,-7.555,7.9,1.309,-7.574,-46.062,27.3,-4.242,-46.125,-101.875,-84.8,3.807,-101.688,0.000,0.0,0.000,0.000,0.000,0.0,0.000,0.000
2.5420,1.462,-11.6,-7.516,1.484,3.746,9.9,11.656,3.730,31.656,17.7,10.484,31.641,95.062,48.6,-0.456,94.938,-0.537,-2.4,4.758,-0.530,-7.531,9.2,1.776,-7.555,-46.000,27.6,-3.555,-46.062,-102.000,-80.7,4.086,-101.875,0.000,0.0,0.000,0.000,0.000,0.0,0.000,0.000
2.5440,1.443,-9.2,-7.656,1.462,3.766,9.5,10.922,3.746,31.656,4.6,9.430,31.656,95.188,55.3,-3.186,95.062,-0.527,3.1,5.176,-0.537,-7.492,16.2,2.188,-7.531,-45.969,24.9,-2.408,-46.000,-102.188,-74.9,4.434,-102.000,0.000,0.0,0.000,0.000,0.000,0.0,0.000,0.000
2.5460,1.435,-6.5,-8.219,1.443,3.771,6.7,10.094,3.766,31.625,-9.3,9.422,31.656,95.250,57.6,-3.928,95.188,-0.543,-3.1,5.457,-0.527,-7.453,18.4,1.711,-7.492,-45.906,27.4,-1.563,-45.969,-102.312,-67.2,4.320,-102.188,0.000,0.0,0.000,0.000,0.000,0.0,0.000,0.000
2.5480,1.438,-0.6,-8.875,1.435,3.771,4.0,9.492,3.771,31.578,-16.7,9.883,31.625,95.375,52.0,-7.516,95.250,-0.543,-1.8,5.383,-0.543,-7.395,26.2,1.562,-7.453,-45.875,27.5,-0.668,-45.906,-102.375,-58.8,4.211,-102.312,0.000,0.0,0.000,0.000,0.000,0.0,0.000,0.000
2.5500,1.438,0.5,-9.781,1.438,3.744,-6.4,8.672,3.771,31.531,-23.8,9.719,31.578,95.438,38.9,-5.789,95.375,-0.534,2.9,5.148,-0.543,-7.344,26.0,1.016,-7.395,-45.781,32.2,-1.641,-45.875,-102.500,-50.9,3.971,-102.375,0.000,0.0,0.000,0.000,0.000,0.0,0.000,0.000
2.5520,1.446,5.5,-2.045,1.438,3.719,-10.3,6.898,3.744,31.453,-27.3,7.871,31.531,95.500,28.2,-3.885,95.438,-0.540,0.0,-0.355,-0.534,-7.301,20.9,-0.760,-7.344,-45.750,29.0,-3.955,-45.781,-102.562,-40.4,3.531,-102.500,0.000,0.0,0.000,0.000,0.000,0.0,0.000,0.000
2.5540,1.487,16.4,-0.894,1.446,3.682,-14.3,5.398,3.719,31.344,-44.2,6.473,31.453,95.562,24.8,-2.506,95.500,-0.603,-19.1,-0.307,-0.540,-7.277,14.8,-2.031,-7.301,-45.688,27.9,-5.520,-45.750,-102.625,-29.4,3.396,-102.562,0.000,0.0,0.000,0.000,0.000,0.0,0.000,0.000
2.5560,1.569,31.2,-1.905,1.487,3.635,-21.0,3.848,3.682,31.219,-58.1,6.113,31.344,95.562,19.6,-2.049,95.562,-0.678,-32.2,1.662,-0.603,-7.301,-1.3,-2.611,-7.277,-45.688,8.5,-5.730,-45.688,-102.625,-24.2,3.590,-102.625,0.000,0.0,0.000,0.000,0.000,0.0,0.000,0.000
2.5580,1.666,42.6,-3.043,1.569,3.555,-33.4,3.773,3.635,31.078,-68.8,6.824,31.219,95.625,15.8,-2.275,95.562,-0.756,-36.2,3.289,-0.678,-7.348,-15.1,-2.205,-7.301,-45.750,-10.8,-5.027,-45.688,-102.625,-9.5,3.502,-102.625,0.000,0.0,0.000,0.000,0.000,0.0,0.000,0.000
2.5607,1.758,45.1,-3.273,1.666,3.490,-35.8,4.582,3.555,30.938,-70.2,7.602,31.078,95.625,12.1,-2.439,95.625,-0.841,-38.1,3.195,-0.756,-7.398,-21.6,-1.291,-7.348,-45.781,-17.1,-5.023,-45.750,-102.625,-2.7,3.230,-102.625,0.000,0.0,0.000,0.000,0.000,0.0,0.000,0.000
2.5628,1.826,38.3,-2.898,1.758,3.449,-27.5,4.332,3.490,30.812,-65.3,7.152,30.938,95.625,11.5,-1.441,95.625,-0.929,-40.3,4.051,-0.841,-7.461,-27.0,-1.730,-7.398,-45.844,-24.8,-6.453,-45.781,-102.625,0.9,3.496,-102.625,0.000,0.0,0.000,0.000,0.000,0.0,0.000,0.000
2.5649,1.905,39.0,-4.672,1.826,3.412,-22.0,1.661,3.449,30.672,-67.2,6.328,30.812,95.688,10.1,-1.234,95.625,-1.008,-38.7,6.219,-0.929,-7.535,-33.9,-2.660,-7.461,-45.938,-42.6,-6.211,-45.844,-102.562,13.7,4.219,-102.625,0.000,0.0,0.000,0.000,0.000,0.0,0.000,0.000
2.5662,1.945,28.1,-4.109,1.905,3.373,-20.3,0.646,3.412,30.547,-65.1,3.812,30.672,95.688,12.1,-1.182,95.688,-1.055,-28.3,12.852,-1.008,-7.621,-40.1,-2.971,-7.535,-46.031,-46.4,-9.031,-45.938,-102.562,21.9,5.195,-102.562,0.000,0.0,0.000,0.000,0.000,0.0,0.000,0.000
2.5680,1.968,15.7,-9.008,1.945,3.346,-16.5,-0.374,3.373,30.406,-68.2,4.828,30.547,95.750,17.0,-0.820,95.688,-1.029,-1.9,15.039,-1.055,-7.734,-50.6,-4.457,-7.621,-46.188,-69.1,-8.703,-46.031,-102.500,28.8,2.355,-102.562,0.000,0.0,0.000,0.000,0.000,0.0,0.000,0.000
2.5700,1.939,-4.0,-11.055,1.968,3.305,-19.3,-0.601,3.346,30.266,-70.7,5.305,30.406,95.750,16.4,-0.502,95.750,-0.923,35.8,11.953,-1.029,-7.855,-55.8,-4.121,-7.734,-46.375,-86.4,-7.844,-46.188,-102.375,33.8,2.223,-102.500,0.000,0.0,0.000,0.000,0.000,0.0,0.000,0.000
2.5720,1.877,-21.4,-9.000,1.939,3.270,-16.7,-0.097,3.305,30.125,-65.9,5.598,30.266,95.812,21.5,-0.310,95.750,-0.788,57.6,8.883,-0.923,-7.957,-53.3,-4.648,-7.855,-46.594,-97.1,-7.438,-46.375,-102.375,31.2,1.581,-102.375,0.000,0.0,0.000,0.000,0.000,0.0,0.000,0.000
2.5740,1.805,-29.7,-8.047,1.877,3.227,-17.9,-0.056,3.270,29.984,-70.1,7.328,30.125,95.875,24.5,0.265,95.812,-0.605,78.3,6.449,-0.788,-8.023,-38.0,-7.441,-7.957,-46.812,-107.9,-7.633,-46.594,-102.312,27.3,-0.482,-102.375,0.000,0.0,0.000,0.000,0.000,0.0,0.000,0.000
2.5760,1.741,-30.5,-7.020,1.805,3.195,-14.8,-0.079,3.227,29.875,-58.6,7.371,29.984,95.938,35.1,0.292,95.875,-0.417,89.0,4.793,-0.605,-8.086,-32.5,-8.406,-8.023,-47.062,-115.7,-7.719,-46.812,-102.250,15.4,-1.412,-102.312,0.000,0.0,0.000,0.000,0.000,0.0,0.000,0.000
2.5780,1.686,-29.0,-6.203,1.741,3.156,-15.6,0.131,3.195,29.766,-50.5,7.145,29.875,96.000,36.6,0.321,95.938,-0.242,89.6,3.262,-0.417,-8.125,-26.7,-9.078,-8.086,-47.281,-112.9,-8.070,-47.062,-102.312,3.7,-1.141,-102.250,0.000,0.0,0.000,0.000,0.000,0.0,0.000,0.000
2.5800,1.647,-22.3,-4.766,1.686,3.119,-16.7,0.702,3.156,29.703,-38.3,6.578,29.766,96.062,36.6,0.218,96.000,-0.104,74.9,1.893,-0.242,-8.180,-26.5,-9.609,-8.125,-47.531,-118.2,-8.219,-47.281,-102.312,-14.2,-0.701,-102.312,0.000,0.0,0.000,0.000,0.000,0.0,0.000,0.000
2.5820,1.622,-16.3,-3.830,1.647,3.092,-16.4,0.454,3.119,29.672,-28.0,5.781,29.703,96.188,38.4,0.083,96.062,0.019,62.6,1.657,-0.104,-8.234,-27.9,-9.609,-8.180,-47.719,-106.6,-8.484,-47.531,-102.375,-27.2,-1.287,-102.312,0.000,0.0,0.000,0.000,0.000,0.0,0.000,0.000
2.5840,1.610,-11.1,-3.676,1.622,3.078,-10.8,0.488,3.092,29.641,-17.5,4.656,29.672,96.250,42.5,-0.343,96.188,0.119,55.0,2.588,0.019,-8.305,-32.2,-9.117,-8.234,-47.906,-94.8,-8.484,-47.719,-102.500,-42.5,-0.917,-102.375,0.000,0.0,0.000,0.000,0.000,0.0,0.000,0.000
2.5861,1.622,0.0,-3.715,1.610,3.072,-5.6,0.032,3.078,29.609,-14.4,3.648,29.641,96.375,44.4,-0.694,96.250,0.169,38.1,3.922,0.119,-8.383,-36.9,-8.922,-8.305,-48.062,-79.8,-8.281,-47.906,-102.625,-50.9,-0.226,-102.500,0.000,0.0,0.000,0.000,0.000,0.0,0.000,0.000
2.5880,1.616,-1.3,-4.242,1.622,3.062,-6.1,-0.662,3.072,29.578,-17.9,3.055,29.609,96.438,42.7,-1.175,96.375,0.195,24.1,5.301,0.169,-8.453,-36.2,-8.414,-8.383,-48.156,-63.6,-8.711,-48.062,-102.688,-58.8,0.686,-102.625,0.000,0.0,0.000,0.000,0.000,0.0,0.000,0.000
2.5900,1.619,1.0,-4.125,1.616,3.061,-4.1,-0.958,3.062,29.547,-19.3,2.555,29.578,96.500,40.4,-1.744,96.438,0.204,10.7,6.137,0.195,-8.531,-37.4,-7.711,-8.453,-48.250,-46.8,-8.930,-48.156,-102.875,-64.2,2.256,-102.688,0.000,0.0,0.000,0.000,0.000,0.0,0.000,0.000
2.5920,1.622,1.6,-4.492,1.619,3.051,-4.6,-1.182,3.061,29.484,-24.3,2.756,29.547,96.625,38.1,-1.733,96.500,0.223,6.5,6.488,0.204,-8.578,-28.2,-7.562,-8.531,-48.281,-26.5,-9.812,-48.250,-103.000,-63.9,5.184,-102.875,0.000,0.0,0.000,0.000,0.000,0.0,0.000,0.000
2.5940,1.619,-0.5,-4.367,1.622,3.021,-10.0,-0.505,3.051,29.406,-35.9,2.674,29.484,96.688,36.6,-2.045,96.625,0.232,2.1,4.469,0.223,-8.617,-23.2,-5.352,-8.578,-48.281,-13.6,-9.883,-48.281,-103.062,-48.4,7.516,-103.000,0.000,0.0,0.000,0.000,0.000,0.0,0.000,0.000
2.5960,1.632,3.5,-2.457,1.619,3.000,-11.1,0.473,3.021,29.297,-47.3,4.984,29.406,96.688,28.8,-1.811,96.688,0.232,-1.4,0.581,0.232,-8.633,-13.4,-5.051,-8.617,-48.281,-2.5,-8.492,-48.281,-103.125,-37.0,6.480,-103.062,0.000,0.0,0.000,0.000,0.000,0.0,0.000,0.000
2.5980,1.666,12.6,0.660,1.632,2.973,-13.4,1.897,3.000,29.188,-50.5,6.691,29.297,96.750,22.5,-2.148,96.688,0.188,-15.3,-0.240,0.232,-8.641,-6.8,-3.498,-8.633,-48.250,10.0,-7.562,-48.281,-103.125,-20.1,5.238,-103.125,0.000,0.0,0.000,0.000,0.000,0.0,0.000,0.000
2.6000,1.729,25.4,0.503,1.666,2.969,-6.8,2.848,2.973,29.094,-45.2,8.461,29.188,96.750,16.3,-3.508,96.750,0.113,-29.7,0.759,0.188,-8.617,3.5,-2.139,-8.641,-48.188,22.2,-5.980,-48.250,-103.125,-7.5,4.324,-103.125,0.000,0.0,0.000,0.000,0.000,0.0,0.000,0.000
2.6020,1.805,32.8,-1.529,1.729,2.975,-1.1,3.250,2.969,29.031,-35.0,7.301,29.094,96.750,5.2,-2.336,96.750,0.000,-46.5,2.527,0.113,-8.594,9.3,-3.338,-8.617,-48.125,28.5,-8.461,-48.188,-103.125,4.8,3.949,-103.125,0.000,0.0,0.000,0.000,0.000,0.0,0.000,0.000
2.6040,1.880,36.2,-1.421,1.805,3.020,12.5,1.492,2.975,29.000,-23.5,5.445,29.031,96.750,-8.5,-1.695,96.750,-0.125,-57.2,4.199,0.000,-8.578,8.0,-4.188,-8.594,-48.094,25.8,-9.867,-48.125,-103.062,14.3,4.949,-103.125,0.000,0.0,0.000,0.000,0.000,0.0,0.000,0.000
2.6060,1.952,36.6,-1.360,1.880,3.057,16.5,0.655,3.020,28.984,-13.4,4.547,29.000,96.750,-9.3,-1.428,96.750,-0.248,-59.8,5.664,-0.125,-8.602,-3.5,-4.504,-8.578,-48.062,16.2,-10.883,-48.094,-103.000,24.7,5.480,-103.062,0.000,0.0,0.000,0.000,0.000,0.0,0.000,0.000
2.6080,2.023,36.0,-2.188,1.952,3.092,17.6,-0.040,3.057,28.984,-4.9,4.637,28.984,96.688,-12.0,-1.364,96.750,-0.358,-56.1,6.461,-0.248,-8.633,-14.4,-3.855,-8.602,-48.062,6.4,-10.516,-48.062,-102.938,22.7,5.875,-103.000,0.000,0.0,0.000,0.000,0.000,0.0,0.000,0.000
2.6100,2.086,33.6,-2.920,2.023,3.115,13.1,0.057,3.092,28.969,-3.0,5.480,28.984,96.688,-16.6,-1.845,96.688,-0.452,-51.6,6.176,-0.358,-8.664,-15.7,-3.139,-8.633,-48.062,-5.4,-9.695,-48.062,-102.875,43.3,5.699,-102.938,0.000,0.0,0.000,0.000,0.000,0.0,0.000,0.000
2.6128,2.127,23.1,-3.762,2.086,3.148,13.1,0.785,3.115,28.984,5.2,6.453,28.969,96.625,-21.4,-2.811,96.688,-0.518,-38.6,6.070,-0.452,-8.695,-16.0,-2.891,-8.664,-48.094,-12.0,-9.086,-48.062,-102.750,47.7,5.516,-102.875,0.000,0.0,0.000,0.000,0.000,0.0,0.000,0.000
2.6149,2.182,24.8,-4.172,2.127,3.172,14.0,1.452,3.148,29.016,10.9,6.359,28.984,96.562,-24.9,-3.818,96.625,-0.559,-25.4,5.797,-0.518,-8.695,-3.6,-3.770,-8.695,-48.156,-16.5,-10.867,-48.094,-102.625,53.1,5.887,-102.750,0.000,0.0,0.000,0.000,0.000,0.0,0.000,0.000
2.6171,2.225,17.8,-4.324,2.182,3.176,4.9,1.385,3.172,29.094,21.1,5.891,29.016,96.438,-38.0,-3.221,96.562,-0.593,-13.2,5.105,-0.559,-8.664,8.4,-4.324,-8.695,-48.219,-24.9,-10.516,-48.156,-102.438,64.2,6.855,-102.625,0.000,0.0,0.000,0.000,0.000,0.0,0.000,0.000
2.6191,2.254,17.0,-4.504,2.225,3.172,-0.9,1.588,3.176,29.125,21.2,4.773,29.094,96.312,-41.1,-2.980,96.438,-0.587,-4.0,4.914,-0.593,-8.656,6.4,-7.746,-8.664,-48.281,-27.4,-13.195,-48.219,-102.312,71.4,6.605,-102.438,0.000,0.0,0.000,0.000,0.000,0.0,0.000,0.000
2.6204,2.262,15.6,-4.543,2.254,3.176,0.8,-0.268,3.172,29.156,19.8,4.004,29.125,96.312,-44.9,-0.342,96.312,-0.574,2.2,7.781,-0.587,-8.648,7.5,-8.844,-8.656,-48.312,-31.4,-13.406,-48.281,-102.188,78.6,9.008,-102.312,0.000,0.0,0.000,0.000,0.000,0.0,0.000,0.000
2.6220,2.266,9.7,-6.520,2.262,3.170,-1.7,-0.875,3.176,29.172,18.9,4.211,29.156,96.250,-47.7,0.038,96.312,-0.562,7.0,7.027,-0.574,-8.656,1.1,-8.438,-8.648,-48.344,-32.4,-13.180,-48.312,-102.125,82.3,8.469,-102.188,0.000,0.0,0.000,0.000,0.000,0.0,0.000,0.000
2.6240,2.301,9.3,-4.129,2.266,3.119,-14.4,-0.297,3.170,29.203,10.1,5.078,29.172,96.125,-38.8,0.057,96.250,-0.505,13.5,3.426,-0.562,-8.703,-13.9,-7.082,-8.656,-48.500,-44.3,-12.344,-48.344,-101.875,92.4,8.008,-102.125,0.000,0.0,0.000,0.000,0.000,0.0,0.000,0.000
2.6260,2.312,7.8,-2.896,2.301,3.078,-18.9,0.418,3.119,29.203,7.6,5.836,29.203,96.062,-36.1,-0.388,96.125,-0.455,20.5,1.994,-0.505,-8.734,-15.1,-6.035,-8.703,-48.594,-49.7,-11.391,-48.500,-101.625,102.7,7.578,-101.875,0.000,0.0,0.000,0.000,0.000,0.0,0.000,0.000
2.6280,2.328,7.1,-1.842,2.312,3.031,-21.7,1.635,3.078,29.219,8.3,6.055,29.203,96.000,-32.9,-1.255,96.062,-0.439,13.6,1.021,-0.455,-8.750,-12.0,-6.289,-8.734,-48.688,-41.4,-11.078,-48.594,-101.438,101.8,6.430,-101.625,0.000,0.0,0.000,0.000,0.000,0.0,0.000,0.000
2.6300,2.363,14.7,-1.847,2.328,3.016,-11.1,1.407,3.031,29.219,4.1,5.977,29.219,95.938,-25.6,-1.099,96.000,-0.424,11.7,1.477,-0.439,-8.758,-6.9,-6.629,-8.750,-48.750,-39.5,-11.336,-48.688,-101.188,109.2,6.238,-101.438,0.000,0.0,0.000,0.000,0.000,0.0,0.000,0.000
2.6320,2.383,10.7,-1.616,2.363,2.984,-11.6,1.273,3.016,29.203,-1.5,4.641,29.219,95.938,-24.2,-1.147,95.938,-0.446,-0.9,3.518,-0.424,-8.742,4.4,-7.977,-8.758,-48.812,-32.9,-14.023,-48.750,-101.000,108.6,6.062,-101.188,0.000,0.0,0.000,0.000,0.000,0.0,0.000,0.000
2.6340,2.416,13.8,-8.016,2.383,2.969,-8.8,0.538,2.984,29.188,-10.7,3.998,29.203,95.875,-19.2,1.716,95.938,-0.430,6.0,9.195,-0.446,-8.766,-1.9,-8.539,-8.742,-48.875,-34.2,-14.500,-48.812,-100.750,104.3,5.812,-101.000,0.000,0.0,0.000,0.000,0.000,0.0,0.000,0.000
2.6360,2.416,4.8,-7.297,2.416,2.953,-8.4,0.579,2.969,29.156,-11.6,4.344,29.188,95.875,-6.1,1.706,95.875,-0.380,19.0,8.023,-0.430,-8.789,-9.5,-8.086,-8.766,-48.969,-34.5,-14.148,-48.875,-100.562,94.9,4.355,-100.750,0.000,0.0,0.000,0.000,0.000,0.0,0.000,0.000
2.6380,2.404,-1.0,-6.633,2.416,2.957,-4.1,0.452,2.953,29.141,-17.0,4.230,29.156,95.875,-3.3,1.437,95.875,-0.352,22.0,7.074,-0.380,-8.812,-13.6,-7.785,-8.789,-49.000,-36.2,-13.969,-48.969,-100.500,86.3,5.078,-100.562,0.000,0.0,0.000,0.000,0.000,0.0,0.000,0.000
2.6401,2.326,-22.0,-5.883,2.404,2.947,-4.7,-0.343,2.957,29.062,-26.7,5.039,29.141,95.938,14.9,0.981,95.875,-0.207,43.0,6.109,-0.352,-8.883,-23.4,-8.367,-8.812,-49.125,-39.6,-13.141,-49.000,-100.312,69.6,3.574,-100.500,0.000,0.0,0.000,0.000,0.000,0.0,0.000,0.000
2.6424,2.285,-22.6,-5.484,2.326,2.947,-2.8,-0.621,2.947,29.000,-27.3,4.965,29.062,96.000,25.2,0.565,95.938,-0.113,45.1,5.715,-0.207,-8.938,-26.8,-7.820,-8.883,-49.219,-42.1,-12.789,-49.125,-100.250,50.3,3.162,-100.312,0.000,0.0,0.000,0.000,0.000,0.0,0.000,0.000
2.6444,2.250,-17.5,-5.609,2.285,2.938,-5.8,-0.079,2.947,28.969,-21.8,4.836,29.000,96.062,27.6,0.396,96.000,-0.003,48.4,5.164,-0.113,-8.992,-27.4,-7.758,-8.938,-49.281,-35.9,-12.977,-49.219,-100.188,32.8,2.541,-100.250,0.000,0.0,0.000,0.000,0.000,0.0,0.000,0.000
2.6460,2.207,-18.8,-5.449,2.250,2.941,-2.0,0.065,2.938,28.906,-25.3,4.688,28.969,96.125,34.8,0.182,96.062,0.119,56.8,4.000,-0.003,-9.039,-26.1,-7.867,-8.992,-49.344,-32.9,-12.625,-49.281,-100.188,12.1,2.748,-100.188,0.000,0.0,0.000,0.000,0.000,0.0,0.000,0.000
2.6480,2.178,-15.4,-5.121,2.207,2.947,2.0,0.006,2.941,28.875,-21.0,4.516,28.906,96.188,37.1,-0.038,96.125,0.223,55.1,3.885,0.119,-9.078,-21.8,-8.219,-9.039,-49.406,-30.6,-12.680,-49.344,-100.250,-10.4,3.842,-100.188,0.000,0.0,0.000,0.000,0.000,0.0,0.000,0.000
2.6500,2.162,-9.6,-4.980,2.178,2.941,-1.7,-0.045,2.947,28.828,-21.9,4.215,28.875,96.312,40.2,-0.324,96.188,0.311,49.2,2.451,0.223,-9.109,-17.1,-8.727,-9.078,-49.438,-26.2,-11.750,-49.406,-100.312,-23.4,3.326,-100.250,0.000,0.0,0.000,0.000,0.000,0.0,0.000,0.000
2.6520,2.143,-8.7,-3.959,2.162,2.957,2.8,-0.241,2.941,28.797,-16.7,3.562,28.828,96.375,42.1,-0.638,96.312,0.376,38.2,3.096,0.311,-9.133,-14.9,-8.750,-9.109,-49.469,-16.5,-11.891,-49.438,-100.375,-42.1,5.426,-100.312,0.000,0.0,0.000,0.000,0.000,0.0,0.000,0.000
2.6540,2.146,-3.1,-2.926,2.143,2.963,4.1,0.735,2.957,28.781,-10.1,5.324,28.797,96.438,40.5,-1.477,96.375,0.427,28.6,-4.926,0.376,-9.164,-13.9,-4.691,-9.133,-49.500,-13.5,-8.375,-49.469,-100.500,-53.7,6.434,-100.375,0.000,0.0,0.000,0.000,0.000,0.0,0.000,0.000
2.6560,2.184,12.5,3.639,2.146,2.965,3.2,2.725,2.963,28.766,-7.8,6.316,28.781,96.562,40.0,-2.387,96.438,0.392,-0.8,-4.465,0.427,-9.164,-5.6,-3.199,-9.164,-49.500,-2.9,-6.367,-49.500,-100.625,-53.7,5.461,-100.500,0.000,0.0,0.000,0.000,0.000,0.0,0.000,0.000
2.6580,2.250,27.9,1.482,2.184,3.004,13.6,3.686,2.965,28.781,0.1,6.762,28.766,96.625,33.4,-3.896,96.562,0.311,-26.6,-1.882,0.392,-9.133,5.3,-2.590,-9.164,-49.469,6.2,-5.168,-49.500,-100.750,-56.3,5.297,-100.625,0.000,0.0,0.000,0.000,0.000,0.0,0.000,0.000
2.6600,2.338,39.9,-0.437,2.250,3.047,19.1,3.850,3.004,28.828,14.2,7.348,28.781,96.625,16.4,-4.227,96.625,0.176,-50.7,0.756,0.311,-9.062,26.5,-1.587,-9.133,-49.406,17.9,-3.289,-49.469,-100.875,-61.2,4.785,-100.750,0.000,0.0,0.000,0.000,0.000,0.0,0.000,0.000
2.6620,2.422,42.4,-2.660,2.338,3.125,31.7,4.035,3.047,28.891,27.1,7.992,28.828,96.625,1.3,-5.281,96.625,0.031,-62.9,3.199,0.176,-9.000,29.4,-0.674,-9.062,-49.344,28.8,-2.070,-49.406,-101.000,-65.6,4.316,-100.875,0.000,0.0,0.000,0.000,0.000,0.0,0.000,0.000
2.6640,2.502,40.3,-4.965,2.422,3.197,34.7,4.340,3.125,28.969,35.4,7.969,28.891,96.562,-13.4,-5.625,96.625,-0.113,-67.5,5.426,0.031,-8.914,38.5,-0.238,-9.000,-49.281,38.0,-2.434,-49.344,-101.188,-70.3,4.598,-101.000,0.000,0.0,0.000,0.000,0.000,0.0,0.000,0.000
2.6660,2.545,27.6,-6.453,2.502,3.279,37.8,4.434,3.197,29.062,43.8,7.832,28.969,96.500,-27.1,-5.391,96.562,-0.239,-61.9,6.570,-0.113,-8.836,40.0,-0.218,-8.914,-49.156,45.0,-2.891,-49.281,-101.312,-71.8,4.555,-101.188,0.000,0.0,0.000,0.000,0.000,0.0,0.000,0.000
2.6680,2.551,11.1,-6.844,2.545,3.340,32.9,4.809,3.279,29.156,45.5,9.570,29.062,96.375,-44.1,-6.125,96.500,-0.336,-50.5,14.656,-0.239,-8.750,40.5,0.112,-8.836,-49.031,59.1,-1.415,-49.156,-101.500,-77.8,4.324,-101.312,0.000,0.0,0.000,0.000,0.000,0.0,0.000,0.000
2.6703,2.514,-10.3,-14.836,2.551,3.373,22.4,4.832,3.340,29.266,50.0,9.406,29.156,96.250,-55.2,-5.508,96.375,-0.352,-22.3,13.281,-0.336,-8.695,32.0,0.329,-8.750,-48.906,58.0,-1.966,-49.031,-101.625,-80.9,4.629,-101.500,0.000,0.0,0.000,0.000,0.000,0.0,0.000,0.000
2.6731,2.334,-51.8,-11.070,2.514,3.402,14.0,5.836,3.373,29.438,52.8,9.125,29.266,96.062,-73.5,-4.230,96.250,-0.260,20.9,9.484,-0.352,-8.578,35.4,0.207,-8.695,-48.688,68.1,-2.576,-48.906,-101.875,-75.7,4.527,-101.625,0.000,0.0,0.000,0.000,0.000,0.0,0.000,0.000
2.6757,2.262,-58.9,-10.023,2.334,3.408,13.5,5.969,3.402,29.516,57.4,9.148,29.438,95.938,-78.5,-3.170,96.062,-0.204,34.5,8.570,-0.260,-8.547,34.4,-0.045,-8.578,-48.625,64.1,-3.105,-48.688,-101.938,-72.1,4.422,-101.875,0.000,0.0,0.000,0.000,0.000,0.0,0.000,0.000
2.6783,1.955,-71.7,-8.023,2.262,3.408,3.8,6.867,3.408,29.734,54.5,8.672,29.516,95.625,-79.8,-1.071,95.938,0.016,52.3,4.129,-0.204,-8.422,31.6,0.069,-8.547,-48.375,62.5,-3.445,-48.625,-102.250,-70.1,4.215,-101.938,0.000,0.0,0.000,0.000,0.000,0.0,0.000,0.000
2.6803,1.836,-62.3,-7.238,1.955,3.412,2.2,7.117,3.408,29.859,61.2,8.562,29.734,95.500,-73.9,-0.985,95.625,0.125,53.4,2.682,0.016,-8.375,27.2,0.313,-8.422,-48.250,61.4,-3.502,-48.375,-102.375,-66.8,4.188,-102.250,0.000,0.0,0.000,0.000,0.000,0.0,0.000,0.000
2.6816,1.770,-64.2,-7.328,1.836,3.430,8.7,7.836,3.412,29.906,56.9,8.703,29.859,95.438,-72.9,-0.918,95.500,0.169,50.0,1.925,0.125,-8.352,26.0,0.428,-8.375,-48.188,59.4,-3.512,-48.250,-102.438,-61.0,4.117,-102.375,0.000,0.0,0.000,0.000,0.000,0.0,0.000,0.000
2.6834,1.697,-46.9,-6.078,1.770,3.436,5.3,9.102,3.430,30.016,55.6,8.820,29.906,95.312,-69.2,-0.051,95.438,0.251,44.2,0.103,0.169,-8.297,24.0,0.212,-8.352,-48.094,59.8,-3.939,-48.188,-102.562,-61.3,3.707,-102.438,0.000,0.0,0.000,0.000,0.000,0.0,0.000,0.000
2.6850,1.650,-31.3,-4.504,1.697,3.461,10.0,9.156,3.436,30.125,57.2,9.539,30.016,95.188,-57.4,-0.036,95.312,0.276,25.9,0.855,0.251,-8.234,28.7,0.262,-8.297,-47.969,54.9,-3.621,-48.094,-102.625,-56.8,3.578,-102.562,0.000,0.0,0.000,0.000,0.000,0.0,0.000,0.000
2.6864,1.650,-31.3,-4.504,1.650,3.461,10.0,9.156,3.461,30.125,57.2,9.539,30.125,95.188,-57.4,-0.036,95.188,0.276,25.9,0.855,0.276,-8.234,28.7,0.262,-8.234,-47.969,54.9,-3.621,-47.969,-102.625,-56.8,3.578,-102.625,0.000,0.0,0.000,0.000,0.000,0.0,0.000,0.000
2.6880,1.635,-10.1,-6.113,1.650,3.502,13.7,10.539,3.461,30.281,52.0,10.523,30.125,95.062,-42.9,-2.135,95.188,0.251,-0.0,2.100,0.276,-8.180,20.5,0.867,-8.234,-47.844,45.9,-3.090,-47.969,-102.812,-46.8,3.412,-102.625,0.000,0.0,0.000,0.000,0.000,0.0,0.000,0.000
2.6900,1.642,-1.4,-6.547,1.635,3.512,8.7,11.164,3.502,30.344,39.3,11.141,30.281,95.000,-36.1,-3.480,95.062,0.198,-16.7,3.721,0.251,-8.156,15.8,1.359,-8.180,-47.781,38.8,-2.889,-47.844,-102.875,-46.1,3.297,-102.812,0.000,0.0,0.000,0.000,0.000,0.0,0.000,0.000
2.6920,1.657,3.4,-7.367,1.642,3.516,5.4,11.570,3.512,30.422,33.7,11.547,30.344,94.938,-31.6,-4.582,95.000,0.147,-20.8,5.359,0.198,-8.133,12.7,2.055,-8.156,-47.719,33.6,-2.592,-47.781,-102.938,-41.5,3.127,-102.875,0.000,0.0,0.000,0.000,0.000,0.0,0.000,0.000
2.6940,1.670,5.1,-8.492,1.657,3.508,0.9,11.266,3.516,30.453,24.8,12.266,30.422,94.875,-35.7,-5.062,94.938,0.100,-21.9,6.887,0.147,-8.141,3.3,2.299,-8.133,-47.656,30.5,-2.234,-47.719,-103.000,-36.1,2.869,-102.938,0.000,0.0,0.000,0.000,0.000,0.0,0.000,0.000
2.6960,1.666,3.0,-9.445,1.670,3.490,-5.9,11.453,3.508,30.469,17.4,12.266,30.453,94.812,-36.0,-5.004,94.875,0.082,-21.0,6.574,0.100,-8.141,0.2,2.297,-8.141,-47.625,28.5,-2.291,-47.656,-103.062,-29.5,2.754,-103.000,0.000,0.0,0.000,0.000,0.000,0.0,0.000,0.000
2.6980,1.657,-1.1,-11.094,1.666,3.451,-14.5,10.883,3.490,30.469,3.5,13.422,30.469,94.688,-39.6,-6.109,94.812,0.060,-9.4,7.395,0.082,-8.141,2.3,2.914,-8.141,-47.531,32.1,-1.800,-47.625,-103.125,-25.5,2.488,-103.062,0.000,0.0,0.000,0.000,0.000,0.0,0.000,0.000
2.7004,1.632,-11.0,-10.695,1.657,3.449,-10.6,11.062,3.451,30.453,-6.3,13.359,30.469,94.688,-39.8,-6.301,94.688,0.053,-9.2,7.484,0.060,-8.141,1.3,3.174,-8.141,-47.500,29.6,-1.297,-47.531,-103.125,-18.0,2.391,-103.125,0.000,0.0,0.000,0.000,0.000,0.0,0.000,0.000
2.7029,1.582,-13.6,-10.500,1.632,3.434,-3.3,9.758,3.449,30.406,-8.6,14.188,30.453,94.438,-53.5,-7.352,94.688,0.104,8.1,6.809,0.053,-8.109,9.1,3.008,-8.141,-47.406,22.3,-1.073,-47.500,-103.188,-13.3,2.197,-103.125,0.000,0.0,0.000,0.000,0.000,0.0,0.000,0.000
2.7051,1.538,-18.8,-10.031,1.582,3.443,3.8,9.836,3.434,30.406,-6.8,13.695,30.406,94.312,-67.2,-8.336,94.438,0.129,9.7,4.844,0.104,-8.094,8.2,3.066,-8.109,-47.375,22.6,-1.640,-47.406,-103.188,-9.4,2.246,-103.188,0.000,0.0,0.000,0.000,0.000,0.0,0.000,0.000
2.7073,1.500,-18.3,-8.547,1.538,3.459,8.8,9.492,3.443,30.406,0.3,13.562,30.406,94.125,-76.8,-7.863,94.312,0.138,6.0,5.105,0.129,-8.047,19.4,2.910,-8.094,-47.312,22.8,-1.512,-47.375,-103.188,-2.8,2.100,-103.188,0.000,0.0,0.000,0.000,0.000,0.0,0.000,0.000
2.7088,1.503,-9.6,-8.898,1.500,3.475,12.5,9.273,3.459,30.406,1.7,12.484,30.406,94.062,-83.7,-7.633,94.125,0.141,4.2,2.896,0.138,-8.031,15.3,2.707,-8.047,-47.281,22.3,-1.821,-47.312,-103.188,-0.1,2.078,-103.188,0.000,0.0,0.000,0.000,0.000,0.0,0.000,0.000
2.7103,1.481,-8.5,-4.574,1.503,3.490,11.2,7.883,3.475,30.406,4.3,11.445,30.406,93.875,-90.3,-6.477,94.062,0.129,-3.2,0.790,0.141,-7.988,18.4,1.361,-8.031,-47.281,17.2,-3.359,-47.281,-103.188,0.2,2.936,-103.188,0.000,0.0,0.000,0.000,0.000,0.0,0.000,0.000
2.7124,1.510,6.5,-2.447,1.481,3.492,4.2,5.688,3.490,30.406,-0.0,11.352,30.406,93.625,-93.2,-4.766,93.875,0.085,-16.0,0.106,0.129,-7.980,8.4,-0.427,-7.988,-47.250,10.9,-4.164,-47.281,-103.125,7.8,4.414,-103.188,0.000,0.0,0.000,0.000,0.000,0.0,0.000,0.000
2.7140,1.510,6.5,-2.447,1.510,3.492,4.2,5.688,3.492,30.406,-0.0,11.352,30.406,93.625,-93.2,-4.766,93.625,0.085,-16.0,0.106,0.085,-7.980,8.4,-0.427,-7.980,-47.250,10.9,-4.164,-47.250,-103.125,7.8,4.414,-103.125,0.000,0.0,0.000,0.000,0.000,0.0,0.000,0.000
2.7160,1.686,42.5,-3.717,1.510,3.436,-15.8,8.562,3.492,30.391,-2.8,13.469,30.406,93.250,-95.3,-7.418,93.625,-0.104,-44.5,0.893,0.085,-7.988,-1.9,0.663,-7.980,-47.281,-5.7,-4.172,-47.250,-103.062,29.0,3.928,-103.125,0.000,0.0,0.000,0.000,0.000,0.0,0.000,0.000
2.7180,1.795,50.9,-4.387,1.686,3.430,-6.6,9.000,3.436,30.375,-2.9,14.562,30.391,93.062,-97.8,-8.031,93.250,-0.242,-59.5,2.098,-0.104,-8.000,-4.9,0.990,-7.988,-47.312,-12.5,-3.643,-47.281,-102.938,37.7,3.113,-103.062,0.000,0.0,0.000,0.000,0.000,0.0,0.000,0.000
2.7200,1.901,51.4,-4.793,1.795,3.398,-9.8,8.906,3.430,30.375,-3.2,14.578,30.375,92.875,-97.9,-7.883,93.062,-0.364,-59.8,3.598,-0.242,-8.008,-1.6,0.664,-8.000,-47.375,-17.4,-4.078,-47.312,-102.875,36.7,3.068,-102.938,0.000,0.0,0.000,0.000,0.000,0.0,0.000,0.000
2.7220,2.006,51.0,-5.316,1.901,3.371,-12.7,8.180,3.398,30.359,-1.1,14.539,30.375,92.688,-102.4,-7.367,92.875,-0.505,-65.2,4.145,-0.364,-8.008,-0.6,0.244,-8.008,-47.406,-22.1,-3.693,-47.375,-102.812,39.6,3.254,-102.875,0.000,0.0,0.000,0.000,0.000,0.0,0.000,0.000
2.7244,2.084,43.8,-4.387,2.006,3.361,-5.8,8.219,3.371,30.359,-2.2,13.648,30.359,92.438,-101.7,-7.168,92.688,-0.618,-58.4,5.895,-0.505,-8.008,-0.3,-0.062,-8.008,-47.438,-21.8,-5.172,-47.406,-102.688,44.9,3.205,-102.812,0.000,0.0,0.000,0.000,0.000,0.0,0.000,0.000
2.7265,2.143,36.6,-6.312,2.084,3.326,-11.4,6.668,3.361,30.344,-4.2,13.055,30.359,92.250,-92.1,-5.570,92.438,-0.722,-53.2,6.988,-0.618,-7.996,5.7,-0.928,-8.008,-47.531,-31.7,-5.898,-47.438,-102.625,41.5,4.590,-102.688,0.000,0.0,0.000,0.000,0.000,0.0,0.000,0.000
2.7286,2.152,16.0,-5.500,2.143,3.301,-11.2,5.715,3.326,30.328,-7.1,12.570,30.344,92.125,-87.4,-4.941,92.250,-0.791,-41.3,6.293,-0.722,-8.008,-2.0,-1.350,-7.996,-47.625,-43.6,-5.297,-47.531,-102.562,47.3,4.848,-102.625,0.000,0.0,0.000,0.000,0.000,0.0,0.000,0.000
2.7308,2.158,7.0,-4.387,2.152,3.273,-12.6,5.156,3.301,30.312,-8.5,12.547,30.328,92.000,-73.4,-4.762,92.125,-0.835,-30.8,4.953,-0.791,-8.031,-8.6,-1.330,-8.008,-47.719,-48.0,-4.883,-47.625,-102.438,46.1,4.762,-102.562,0.000,0.0,0.000,0.000,0.000,0.0,0.000,0.000
2.7322,2.143,-2.6,-3.656,2.158,3.254,-10.2,4.715,3.273,30.297,-8.0,12.289,30.312,91.875,-59.5,-4.746,92.000,-0.844,-15.8,4.234,-0.835,-8.047,-7.4,-1.520,-8.031,-47.844,-53.5,-4.508,-47.719,-102.312,57.0,4.773,-102.438,0.000,0.0,0.000,0.000,0.000,0.0,0.000,0.000
2.7340,2.146,-0.3,-3.562,2.143,3.244,-5.2,4.016,3.254,30.266,-12.4,10.930,30.297,91.812,-47.9,-3.893,91.875,-0.851,-9.1,3.475,-0.844,-8.062,-7.8,-1.462,-8.047,-47.969,-60.3,-5.070,-47.844,-102.188,61.6,5.402,-102.312,0.000,0.0,0.000,0.000,0.000,0.0,0.000,0.000
2.7360,2.152,1.9,-3.582,2.146,3.236,-3.9,2.463,3.244,30.250,-10.1,8.625,30.266,91.750,-33.4,-2.393,91.812,-0.832,2.6,3.248,-0.851,-8.109,-13.9,-2.371,-8.062,-48.094,-66.1,-6.008,-47.969,-102.062,58.8,6.547,-102.188,0.000,0.0,0.000,0.000,0.000,0.0,0.000,0.000
2.7380,2.188,12.5,-4.070,2.152,3.223,-5.8,2.064,3.236,30.219,-15.4,6.914,30.250,91.750,-14.9,-2.223,91.750,-0.816,7.8,3.904,-0.832,-8.164,-22.5,-2.342,-8.109,-48.250,-70.1,-7.938,-48.094,-101.938,66.3,6.281,-102.062,0.000,0.0,0.000,0.000,0.000,0.0,0.000,0.000
2.7400,2.225,19.0,-5.523,2.188,3.207,-9.0,0.281,3.223,30.156,-23.0,5.000,30.219,91.750,8.2,1.111,91.750,-0.788,13.7,9.266,-0.816,-8.234,-32.1,-4.262,-8.164,-48.406,-78.4,-8.648,-48.250,-101.812,66.2,5.395,-101.938,0.000,0.0,0.000,0.000,0.000,0.0,0.000,0.000
2.7420,2.250,15.5,-9.391,2.225,3.182,-11.6,0.977,3.207,30.062,-37.2,6.109,30.156,91.875,29.5,0.991,91.750,-0.731,22.8,8.156,-0.788,-8.328,-43.4,-3.900,-8.234,-48.594,-86.1,-8.211,-48.406,-101.688,63.6,1.811,-101.812,0.000,0.0,0.000,0.000,0.000,0.0,0.000,0.000
2.7440,2.254,6.2,-9.344,2.250,3.139,-18.1,0.950,3.182,29.969,-45.8,6.777,30.062,92.000,52.8,0.437,91.875,-0.615,45.3,6.605,-0.731,-8.453,-54.5,-3.936,-8.328,-48.750,-86.4,-7.539,-48.594,-101.562,52.7,-0.303,-101.688,0.000,0.0,0.000,0.000,0.000,0.0,0.000,0.000
2.7460,2.246,-1.0,-8.117,2.254,3.100,-16.7,1.060,3.139,29.844,-54.0,7.238,29.969,92.188,78.9,-0.310,92.000,-0.515,49.2,5.633,-0.615,-8.602,-68.1,-3.715,-8.453,-48.906,-82.9,-7.406,-48.750,-101.500,35.6,-1.612,-101.562,0.000,0.0,0.000,0.000,0.000,0.0,0.000,0.000
2.7480,2.240,-2.5,-8.031,2.246,3.051,-20.7,0.288,3.100,29.734,-57.0,7.250,29.844,92.375,96.6,-1.115,92.188,-0.380,62.6,5.008,-0.515,-8.727,-63.6,-5.008,-8.602,-49.062,-79.1,-7.398,-48.906,-101.562,10.9,-2.182,-101.500,0.000,0.0,0.000,0.000,0.000,0.0,0.000,0.000
2.7500,2.230,-5.6,-8.016,2.240,3.020,-24.7,0.277,3.051,29.672,-59.2,7.254,29.734,92.500,108.6,-1.757,92.375,-0.323,60.4,4.270,-0.380,-8.781,-60.5,-4.996,-8.727,-49.125,-72.7,-7.703,-49.062,-101.562,-2.8,-1.718,-101.562,0.000,0.0,0.000,0.000,0.000,0.0,0.000,0.000
2.7520,2.207,-8.4,-6.777,2.230,2.949,-22.6,0.455,3.020,29.500,-57.9,7.008,29.672,92.875,120.1,-2.975,92.500,-0.125,66.0,2.094,-0.323,-8.891,-38.2,-6.418,-8.781,-49.312,-57.8,-7.484,-49.125,-101.688,-36.3,-0.626,-101.562,0.000,0.0,0.000,0.000,0.000,0.0,0.000,0.000
2.7544,2.184,-10.0,-4.863,2.207,2.900,-23.8,0.415,2.949,29.391,-53.6,6.105,29.500,93.188,131.0,-3.713,92.875,-0.016,60.3,1.418,-0.125,-8.906,-20.2,-7.312,-8.891,-49.375,-40.4,-7.609,-49.312,-101.812,-58.8,-0.141,-101.688,0.000,0.0,0.000,0.000,0.000,0.0,0.000,0.000
2.7565,2.178,-5.6,-4.594,2.184,2.850,-26.5,0.268,2.900,29.281,-53.6,6.199,29.391,93.438,131.6,-4.617,93.188,0.056,43.7,1.999,-0.016,-8.914,-8.8,-7.844,-8.906,-49.406,-24.6,-8.508,-49.375,-102.000,-78.5,0.499,-101.812,0.000,0.0,0.000,0.000,0.000,0.0,0.000,0.000
2.7587,2.174,-3.9,-4.801,2.178,2.820,-21.9,-0.013,2.850,29.156,-55.4,4.891,29.281,93.750,136.0,-5.020,93.438,0.138,39.8,2.559,0.056,-8.898,-0.2,-7.961,-8.914,-49.438,-15.9,-8.180,-49.406,-102.188,-85.9,1.528,-102.000,0.000,0.0,0.000,0.000,0.000,0.0,0.000,0.000
2.7606,2.174,-2.5,-4.559,2.174,2.809,-12.1,-0.228,2.820,29.031,-61.8,4.770,29.156,93.938,125.8,-5.168,93.750,0.176,25.8,3.645,0.138,-8.891,4.5,-7.770,-8.898,-49.438,-4.9,-8.641,-49.438,-102.375,-99.2,2.258,-102.188,0.000,0.0,0.000,0.000,0.000,0.0,0.000,0.000
2.8050,1.748,-8.3,-5.395,2.174,1.560,-24.1,-3.510,2.809,26.312,-47.5,1.117,29.031,94.688,-29.2,-1.874,93.938,0.753,10.2,6.703,0.176,-9.445,-13.1,-6.340,-8.891,-48.062,35.9,-6.141,-49.438,-103.062,18.2,3.521,-102.375,0.000,0.0,0.000,0.000,0.000,0.0,0.000,0.000
2.8073,1.754,-0.9,-5.457,1.748,1.506,-25.4,-3.207,1.560,26.203,-47.5,1.297,26.312,94.625,-32.4,-1.844,94.688,0.797,17.8,6.762,0.753,-9.469,-10.7,-6.320,-9.445,-47.969,36.2,-6.371,-48.062,-103.062,15.1,3.549,-103.062,0.000,0.0,0.000,0.000,0.000,0.0,0.000,0.000
2.8094,1.745,-3.4,-5.871,1.754,1.440,-31.0,-3.133,1.506,26.109,-47.6,1.345,26.203,94.562,-34.8,-1.862,94.625,0.816,12.7,6.566,0.797,-9.508,-16.1,-6.125,-9.469,-47.875,42.2,-6.672,-47.969,-103.000,13.0,3.590,-103.062,0.000,0.0,0.000,0.000,0.000,0.0,0.000,0.000
2.8110,1.754,2.1,-5.902,1.745,1.384,-29.2,-3.043,1.440,26.000,-51.7,1.627,26.109,94.500,-33.3,-1.799,94.562,0.844,12.0,6.512,0.816,-9.547,-19.1,-6.008,-9.508,-47.781,50.1,-6.652,-47.875,-103.000,7.7,3.730,-103.000,0.000,0.0,0.000,0.000,0.000,0.0,0.000,0.000
2.8130,1.754,1.7,-5.953,1.754,1.327,-27.9,-2.998,1.384,25.875,-55.9,1.967,26.000,94.438,-39.0,-1.794,94.500,0.885,15.6,6.277,0.844,-9.578,-15.9,-6.078,-9.547,-47.719,40.2,-6.965,-47.781,-102.938,12.4,3.822,-103.000,0.000,0.0,0.000,0.000,0.000,0.0,0.000,0.000
2.8150,1.748,-1.6,-4.746,1.754,1.268,-28.5,6.027,1.327,25.781,-48.0,16.594,25.875,94.375,-33.3,-5.711,94.438,0.895,6.0,-4.492,0.885,-9.609,-14.1,-0.128,-9.578,-47.625,44.8,-9.391,-47.719,-102.938,5.4,4.844,-102.938,0.000,0.0,0.000,0.000,0.000,0.0,0.000,0.000
2.8170,1.773,7.8,0.512,1.748,1.277,-6.5,7.320,1.268,25.781,-17.2,14.883,25.781,94.250,-42.5,-5.926,94.375,0.844,-15.4,-2.328,0.895,-9.586,3.1,-0.434,-9.609,-47.531,45.8,-8.992,-47.625,-102.938,8.0,5.117,-102.938,0.000,0.0,0.000,0.000,0.000,0.0,0.000,0.000
2.8190,1.823,19.2,-0.729,1.773,1.343,19.0,5.410,1.277,25.844,14.7,14.328,25.781,94.125,-60.5,-5.934,94.250,0.741,-39.9,1.154,0.844,-9.523,19.3,-1.089,-9.586,-47.438,46.9,-6.965,-47.531,-102.938,12.0,4.660,-102.938,0.000,0.0,0.000,0.000,0.000,0.0,0.000,0.000
2.8210,1.873,22.5,-4.953,1.823,1.431,35.5,3.816,1.343,25.969,42.5,12.328,25.844,93.938,-74.6,-5.531,94.125,0.634,-48.9,2.820,0.741,-9.445,30.3,-2.014,-9.523,-47.281,58.5,-7.426,-47.438,-102.875,7.8,4.391,-102.938,0.000,0.0,0.000,0.000,0.000,0.0,0.000,0.000
2.8230,1.933,28.2,-3.248,1.873,1.547,50.8,2.793,1.431,26.094,58.7,11.953,25.969,93.750,-88.2,-5.215,93.938,0.508,-57.4,4.383,0.634,-9.367,33.4,-2.012,-9.445,-47.188,56.9,-8.930,-47.281,-102.875,9.4,4.824,-102.875,0.000,0.0,0.000,0.000,0.000,0.0,0.000,0.000
2.8250,1.965,20.0,-4.652,1.933,1.673,58.4,2.518,1.547,26.234,61.5,15.125,26.094,93.562,-98.9,-6.133,93.750,0.383,-60.5,11.312,0.508,-9.305,32.2,-0.441,-9.367,-47.031,64.4,-8.055,-47.188,-102.812,13.7,3.729,-102.875,0.000,0.0,0.000,0.000,0.000,0.0,0.000,0.000
2.8270,1.993,14.4,-14.844,1.965,1.808,63.4,4.773,1.673,26.406,73.9,16.578,26.234,93.312,-109.8,-8.844,93.562,0.323,-38.9,13.719,0.383,-9.250,30.0,0.198,-9.305,-46.875,75.9,-6.098,-47.031,-102.812,11.0,0.796,-102.812,0.000,0.0,0.000,0.000,0.000,0.0,0.000,0.000
2.8290,1.933,-14.3,-14.188,1.993,1.955,68.9,3.582,1.808,26.562,80.2,16.406,26.406,93.062,-128.2,-9.828,93.312,0.311,-17.0,11.648,0.323,-9.180,35.2,-0.745,-9.250,-46.719,81.9,-6.535,-46.875,-102.812,4.6,0.370,-102.812,0.000,0.0,0.000,0.000,0.000,0.0,0.000,0.000
2.8310,1.805,-47.8,-10.461,1.933,2.049,54.8,3.953,1.955,26.734,80.9,17.312,26.562,92.688,-152.6,-9.125,93.062,0.374,14.2,9.336,0.311,-9.117,30.0,-1.818,-9.180,-46.531,90.3,-7.594,-46.719,-102.875,-10.5,0.618,-102.812,0.000,0.0,0.000,0.000,0.000,0.0,0.000,0.000
2.8330,1.645,-70.0,-8.898,1.805,2.080,30.9,5.219,2.049,26.891,80.2,17.234,26.734,92.375,-171.4,-8.062,92.688,0.449,29.4,7.441,0.374,-9.062,29.8,-2.006,-9.117,-46.312,95.0,-8.148,-46.531,-102.875,-18.9,0.548,-102.875,0.000,0.0,0.000,0.000,0.000,0.0,0.000,0.000
2.8350,1.497,-72.9,-7.613,1.645,2.078,11.7,6.395,2.080,27.016,71.3,17.547,26.891,91.938,-188.6,-6.492,92.375,0.549,41.3,4.637,0.449,-9.031,21.4,-1.937,-9.062,-46.125,99.8,-8.992,-46.312,-102.938,-25.3,0.503,-102.875,0.000,0.0,0.000,0.000,0.000,0.0,0.000,0.000
2.8370,1.378,-63.8,-6.469,1.497,2.055,-1.1,7.395,2.078,27.141,65.9,18.453,27.016,91.562,-192.2,-5.641,91.938,0.625,39.5,3.117,0.549,-9.016,11.1,-2.234,-9.031,-45.906,103.4,-9.703,-46.125,-103.000,-31.3,0.599,-102.938,0.000,0.0,0.000,0.000,0.000,0.0,0.000,0.000
2.8390,1.299,-47.9,-6.219,1.378,2.031,-8.7,8.141,2.055,27.250,55.8,18.969,27.141,91.188,-198.8,-5.359,91.562,0.690,35.7,1.797,0.625,-9.023,3.3,-2.002,-9.016,-45.750,90.4,-9.719,-45.906,-103.062,-34.6,0.585,-103.000,0.000,0.0,0.000,0.000,0.000,0.0,0.000,0.000
2.8410,1.268,-27.2,-5.434,1.299,2.033,-1.2,9.664,2.031,27.328,46.3,19.484,27.250,90.750,-197.8,-5.715,91.188,0.719,21.1,1.226,0.690,-9.047,-7.2,-1.412,-9.023,-45.594,84.2,-9.328,-45.750,-103.188,-37.3,1.040,-103.062,0.000,0.0,0.000,0.000,0.000,0.0,0.000,0.000
2.8430,1.271,-7.6,-5.891,1.268,2.043,1.9,10.898,2.033,27.422,47.9,18.062,27.328,90.375,-198.6,-6.027,90.750,0.734,12.6,-1.973,0.719,-9.078,-10.3,-0.672,-9.047,-45.438,72.6,-8.695,-45.594,-103.250,-45.8,1.502,-103.188,0.000,0.0,0.000,0.000,0.000,0.0,0.000,0.000
2.8450,1.274,-1.6,-0.849,1.271,2.090,14.5,12.180,2.043,27.484,39.3,16.828,27.422,90.000,-194.6,-5.570,90.375,0.678,-13.2,-5.387,0.734,-9.102,-10.5,-0.351,-9.078,-45.312,65.9,-9.703,-45.438,-103.375,-40.8,3.682,-103.250,0.000,0.0,0.000,0.000,0.000,0.0,0.000,0.000
2.8470,1.331,16.2,2.717,1.274,2.146,23.0,11.023,2.090,27.531,24.5,17.453,27.484,89.625,-188.4,-4.883,90.000,0.568,-39.7,-4.008,0.678,-9.125,-10.3,-0.300,-9.102,-45.219,51.7,-10.133,-45.312,-103.438,-32.7,5.062,-103.375,0.000,0.0,0.000,0.000,0.000,0.0,0.000,0.000
2.8490,1.431,35.6,1.913,1.331,2.197,24.4,10.867,2.146,27.547,13.9,19.672,27.531,89.312,-173.2,-5.871,89.625,0.398,-67.1,1.626,0.568,-9.148,-9.4,-0.097,-9.125,-45.188,36.8,-9.250,-45.219,-103.438,-26.4,5.105,-103.438,0.000,0.0,0.000,0.000,0.000,0.0,0.000,0.000
2.8510,1.503,48.4,-0.147,1.431,2.213,21.5,10.945,2.197,27.547,6.6,20.016,27.547,89.125,-169.1,-6.637,89.312,0.314,-73.1,3.811,0.398,-9.164,-9.9,0.064,-9.148,-45.156,26.5,-7.691,-45.188,-103.500,-21.3,3.764,-103.438,0.000,0.0,0.000,0.000,0.000,0.0,0.000,0.000
2.8530,1.585,61.3,-4.730,1.503,2.215,14.8,11.281,2.213,27.547,4.3,22.141,27.547,89.000,-160.0,-7.477,89.125,0.235,-74.2,10.148,0.314,-9.172,-7.8,0.304,-9.164,-45.156,23.0,-7.461,-45.156,-103.500,-18.3,3.756,-103.500,0.000,0.0,0.000,0.000,0.000,0.0,0.000,0.000
2.8556,1.707,29.2,-12.641,1.585,2.219,0.5,11.570,2.215,27.562,1.7,22.953,27.547,88.375,-147.5,-8.742,89.000,0.041,-43.6,10.898,0.235,-9.188,-5.4,0.183,-9.172,-45.094,14.4,-5.352,-45.156,-103.500,-8.8,1.619,-103.500,0.000,0.0,0.000,0.000,0.000,0.0,0.000,0.000
2.8581,1.676,0.1,-11.242,1.707,2.225,3.3,11.516,2.219,27.578,10.3,22.906,27.562,88.125,-138.4,-9.039,88.375,0.044,-14.0,8.406,0.041,-9.188,-2.3,0.018,-9.188,-45.094,6.8,-4.914,-45.094,-103.500,-5.2,1.630,-103.500,0.000,0.0,0.000,0.000,0.000,0.0,0.000,0.000
2.8592,1.657,-7.5,-10.305,1.676,2.234,6.9,11.359,2.225,27.594,9.1,22.719,27.578,88.000,-132.8,-8.773,88.125,0.053,-3.4,8.594,0.044,-9.180,1.1,-0.009,-9.188,-45.094,4.5,-4.750,-45.094,-103.500,-5.6,1.563,-103.500,0.000,0.0,0.000,0.000,0.000,0.0,0.000,0.000
2.8610,1.562,-25.4,-8.203,1.657,2.270,11.3,9.648,2.234,27.641,16.8,21.359,27.594,87.688,-111.5,-8.672,88.000,0.122,17.6,4.918,0.053,-9.172,5.4,-0.127,-9.180,-45.125,-7.3,-4.688,-45.094,-103.562,-5.1,1.740,-103.500,0.000,0.0,0.000,0.000,0.000,0.0,0.000,0.000
2.8630,1.503,-27.5,-8.844,1.562,2.303,14.6,9.242,2.270,27.703,20.9,20.875,27.641,87.500,-96.3,-9.430,87.688,0.188,28.9,6.824,0.122,-9.164,5.3,0.212,-9.172,-45.156,-14.4,-3.312,-45.125,-103.562,-2.4,0.859,-103.562,0.000,0.0,0.000,0.000,0.000,0.0,0.000,0.000
2.8650,1.431,-33.2,-10.547,1.503,2.334,15.6,9.258,2.303,27.797,36.7,20.125,27.703,87.375,-82.7,-8.500,87.500,0.267,36.6,-1.100,0.188,-9.164,3.6,-0.188,-9.164,-45.219,-20.8,-3.184,-45.156,-103.562,-11.5,0.890,-103.562,0.000,0.0,0.000,0.000,0.000,0.0,0.000,0.000
2.8670,1.381,-26.2,1.263,1.431,2.348,9.4,7.566,2.334,27.875,41.9,12.969,27.797,87.250,-63.2,-5.180,87.375,0.286,17.4,-5.043,0.267,-9.172,-1.9,-0.876,-9.164,-45.250,-26.6,-6.812,-45.219,-103.562,-6.3,4.898,-103.562,0.000,0.0,0.000,0.000,0.000,0.0,0.000,0.000
2.8690,1.378,-9.3,2.236,1.381,2.357,5.1,7.289,2.348,27.938,34.0,12.227,27.875,87.188,-37.0,-5.094,87.250,0.260,-2.2,-3.455,0.286,-9.180,-2.8,-1.080,-9.172,-45.344,-35.5,-6.633,-45.250,-103.562,2.4,5.363,-103.562,0.000,0.0,0.000,0.000,0.000,0.0,0.000,0.000
2.8710,1.450,19.5,1.291,1.378,2.354,-0.3,6.461,2.357,28.000,27.5,10.461,27.938,87.188,-13.5,-5.375,87.188,0.160,-33.9,-1.273,0.260,-9.195,-4.2,-1.138,-9.180,-45.438,-45.7,-6.891,-45.344,-103.562,9.4,6.438,-103.562,0.000,0.0,0.000,0.000,0.000,0.0,0.000,0.000
2.8730,1.562,42.8,-0.303,1.450,2.332,-8.2,6.668,2.354,28.016,17.6,10.234,28.000,87.250,13.2,-6.508,87.188,0.060,-44.2,-0.100,0.160,-9.203,-4.8,-0.750,-9.195,-45.562,-56.7,-6.422,-45.438,-103.438,25.4,6.473,-103.562,0.000,0.0,0.000,0.000,0.000,0.0,0.000,0.000
2.8750,1.682,54.0,-0.961,1.562,2.328,-4.4,6.762,2.332,28.000,1.2,10.820,28.016,87.375,35.8,-7.074,87.250,-0.072,-58.7,1.262,0.060,-9.219,-6.6,-0.839,-9.203,-45.688,-61.1,-5.332,-45.562,-103.375,30.6,6.008,-103.438,0.000,0.0,0.000,0.000,0.000,0.0,0.000,0.000
2.8770,1.802,56.8,-2.961,1.682,2.297,-13.0,5.418,2.328,27.969,-10.3,10.688,28.000,87.500,51.3,-5.707,87.375,-0.207,-65.2,4.344,-0.072,-9.227,-4.6,-1.743,-9.219,-45.844,-65.2,-5.211,-45.688,-103.312,42.0,6.582,-103.375,0.000,0.0,0.000,0.000,0.000,0.0,0.000,0.000
2.8790,1.901,51.8,-3.822,1.802,2.287,-9.5,4.203,2.297,27.906,-21.9,9.188,27.969,87.625,64.8,-3.057,87.500,-0.320,-60.3,7.898,-0.207,-9.242,-5.8,-3.359,-9.227,-45.969,-70.8,-5.973,-45.844,-103.188,47.9,4.328,-103.312,0.000,0.0,0.000,0.000,0.000,0.0,0.000,0.000
2.8810,1.980,43.7,-6.051,1.901,2.266,-11.1,3.068,2.287,27.844,-29.6,7.754,27.906,87.812,90.4,-1.384,87.625,-0.392,-44.4,14.594,-0.320,-9.273,-13.3,-5.355,-9.242,-46.094,-69.1,-7.043,-45.969,-103.125,50.0,0.856,-103.188,0.000,0.0,0.000,0.000,0.000,0.0,0.000,0.000
2.8830,2.012,24.6,-11.812,1.980,2.229,-17.3,-0.245,2.266,27.750,-41.3,6.008,27.844,88.125,118.7,-2.900,87.812,-0.386,-13.2,15.086,-0.392,-9.336,-23.9,-5.520,-9.273,-46.250,-72.6,-7.637,-46.094,-103.062,35.5,-1.843,-103.125,0.000,0.0,0.000,0.000,0.000,0.0,0.000,0.000
2.8850,1.983,-1.2,-12.023,2.012,2.184,-19.9,-0.869,2.229,27.625,-53.7,6.324,27.750,88.438,146.1,-4.020,88.125,-0.292,24.4,11.727,-0.386,-9.430,-38.2,-4.559,-9.336,-46.438,-80.3,-6.742,-46.250,-103.000,17.6,-1.481,-103.062,0.000,0.0,0.000,0.000,0.000,0.0,0.000,0.000
2.8870,1.890,-30.2,-9.195,1.983,2.115,-27.7,-0.458,2.184,27.516,-55.2,6.887,27.625,88.750,162.8,-4.973,88.438,-0.151,52.6,8.273,-0.292,-9.547,-47.7,-4.352,-9.430,-46.594,-82.6,-6.293,-46.438,-103.062,0.1,-1.044,-103.000,0.000,0.0,0.000,0.000,0.000,0.0,0.000,0.000
2.8890,1.767,-49.2,-6.824,1.890,2.037,-33.2,-0.141,2.115,27.375,-62.2,6.766,27.516,89.125,175.5,-5.898,88.750,0.028,74.1,5.113,-0.151,-9.625,-40.9,-4.785,-9.547,-46.750,-85.8,-5.723,-46.594,-103.062,-14.0,-0.571,-103.062,0.000,0.0,0.000,0.000,0.000,0.0,0.000,0.000
2.8910,1.653,-53.9,-5.445,1.767,1.952,-39.1,-0.091,2.037,27.234,-64.8,6.363,27.375,89.500,179.5,-6.652,89.125,0.201,80.9,2.219,0.028,-9.664,-28.1,-5.035,-9.625,-46.906,-73.7,-5.199,-46.750,-103.188,-31.1,-0.088,-103.062,0.000,0.0,0.000,0.000,0.000,0.0,0.000,0.000
2.8930,1.562,-48.0,-4.027,1.653,1.886,-35.0,-0.112,1.952,27.109,-61.1,5.715,27.234,89.875,180.0,-7.113,89.500,0.380,84.9,-0.005,0.201,-9.672,-14.2,-5.383,-9.664,-47.031,-69.2,-4.242,-46.906,-103.250,-46.8,0.656,-103.188,0.000,0.0,0.000,0.000,0.000,0.0,0.000,0.000
2.8950,1.525,-28.8,-3.324,1.562,1.813,-34.8,-0.115,1.886,27.016,-52.4,4.902,27.109,90.188,175.0,-7.477,89.875,0.512,71.6,-1.251,0.380,-9.656,1.8,-5.680,-9.672,-47.094,-49.4,-4.129,-47.031,-103.375,-46.9,1.318,-103.250,0.000,0.0,0.000,0.000,0.000,0.0,0.000,0.000
2.8970,1.513,-13.3,-2.846,1.525,1.748,-33.3,0.074,1.813,26.922,-48.1,4.191,27.016,90.500,168.2,-7.551,90.188,0.609,56.4,-1.434,0.512,-9.664,-2.3,-5.578,-9.656,-47.188,-37.8,-4.629,-47.094,-103.438,-52.7,1.848,-103.375,0.000,0.0,0.000,0.000,0.000,0.0,0.000,0.000
2.8991,1.547,6.2,-3.363,1.513,1.691,-29.7,-0.298,1.748,26.828,-49.3,3.613,26.922,90.812,156.5,-7.430,90.500,0.653,34.9,0.144,0.609,-9.688,-8.4,-4.941,-9.664,-47.188,-17.8,-5.316,-47.188,-103.562,-52.0,2.602,-103.438,0.000,0.0,0.000,0.000,0.000,0.0,0.000,0.000
2.9014,1.557,6.9,-3.785,1.547,1.657,-30.6,-0.492,1.691,26.766,-50.4,2.932,26.828,91.000,152.1,-7.621,90.812,0.649,19.1,0.868,0.653,-9.703,-10.5,-4.746,-9.688,-47.188,-10.8,-5.227,-47.188,-103.625,-53.8,3.391,-103.562,0.000,0.0,0.000,0.000,0.000,0.0,0.000,0.000
2.9036,1.616,9.5,-5.066,1.557,1.538,-31.4,-2.240,1.657,26.547,-57.6,1.940,26.766,91.500,121.8,-7.281,91.000,0.653,4.1,6.867,0.649,-9.797,-20.3,-4.547,-9.703,-47.094,19.8,-6.438,-47.188,-103.812,-45.6,4.160,-103.625,0.000,0.0,0.000,0.000,0.000,0.0,0.000,0.000
2.9063,1.601,-3.5,-5.105,1.616,1.469,-34.2,-2.238,1.538,26.406,-63.0,2.160,26.547,91.688,109.6,-6.688,91.500,0.649,2.6,8.227,0.653,-9.844,-22.9,-4.863,-9.797,-47.062,24.7,-6.840,-47.094,-103.938,-43.8,3.955,-103.812,0.000,0.0,0.000,0.000,0.000,0.0,0.000,0.000
2.9080,1.569,-11.9,-5.070,1.601,1.387,-39.2,-2.352,1.469,26.281,-69.4,2.195,26.406,91.875,99.5,-6.215,91.688,0.668,8.1,7.742,0.649,-9.898,-26.8,-5.094,-9.844,-47.000,24.7,-7.078,-47.062,-104.000,-35.2,3.889,-103.938,0.000,0.0,0.000,0.000,0.000,0.0,0.000,0.000
2.9099,1.541,-17.5,-4.324,1.569,1.347,-40.0,-2.180,1.387,26.203,-68.6,2.307,26.281,91.938,88.9,-5.516,91.875,0.684,11.4,9.031,0.668,-9.891,-15.7,-5.586,-9.898,-46.969,22.9,-7.098,-47.000,-104.000,-31.5,3.686,-104.000,0.000,0.0,0.000,0.000,0.000,0.0,0.000,0.000
2.9113,1.494,-20.4,-5.578,1.541,1.243,-47.1,-1.545,1.347,26.078,-68.2,2.498,26.203,92.125,79.1,-5.195,91.938,0.734,20.2,8.570,0.684,-9.914,-11.4,-6.207,-9.891,-46.906,24.6,-7.941,-46.969,-104.062,-20.6,3.311,-104.000,0.000,0.0,0.000,0.000,0.000,0.0,0.000,0.000
2.9132,1.412,-33.9,-5.031,1.494,1.139,-51.3,-1.233,1.243,25.953,-60.7,2.676,26.078,92.188,65.5,-4.457,92.125,0.803,30.4,8.531,0.734,-9.922,-7.7,-6.941,-9.914,-46.906,15.3,-7.652,-46.906,-104.062,-18.3,2.979,-104.062,0.000,0.0,0.000,0.000,0.000,0.0,0.000,0.000
2.9150,1.368,-26.9,-5.375,1.412,1.045,-48.2,-0.544,1.139,25.828,-61.8,3.164,25.953,92.312,57.0,-3.549,92.188,0.885,38.0,6.676,0.803,-9.945,-8.4,-7.090,-9.922,-46.906,6.1,-8.883,-46.906,-104.125,-14.4,2.242,-104.062,0.000,0.0,0.000,0.000,0.000,0.0,0.000,0.000
2.9170,1.299,-32.0,-4.625,1.368,0.951,-46.5,-0.071,1.045,25.734,-50.7,3.197,25.828,92.438,49.6,-2.980,92.312,0.970,40.7,5.734,0.885,-9.969,-11.0,-7.430,-9.945,-46.906,-2.7,-9.258,-46.906,-104.125,-10.4,1.817,-104.125,0.000,0.0,0.000,0.000,0.000,0.0,0.000,0.000
2.9190,1.268,-20.6,-4.141,1.299,0.904,-30.5,0.218,0.951,25.656,-39.2,3.590,25.734,92.500,45.5,-2.248,92.438,1.048,37.9,5.383,0.970,-9.992,-12.3,-8.164,-9.969,-46.969,-13.5,-10.461,-46.906,-104.125,-10.4,1.189,-104.125,0.000,0.0,0.000,0.000,0.000,0.0,0.000,0.000
2.9210,1.236,-15.6,-4.566,1.268,0.879,-17.8,-0.375,0.904,25.609,-28.4,3.316,25.656,92.562,38.2,-1.888,92.500,1.130,38.6,5.320,1.048,-10.055,-22.6,-8.156,-9.992,-47.031,-25.2,-10.469,-46.969,-104.188,-13.5,0.831,-104.125,0.000,0.0,0.000,0.000,0.000,0.0,0.000,0.000
2.9230,1.192,-19.0,-3.709,1.236,0.860,-12.0,-0.589,0.879,25.578,-18.1,3.039,25.609,92.625,38.1,-1.677,92.562,1.195,35.1,6.062,1.130,-10.086,-17.4,-8.461,-10.055,-47.062,-25.4,-10.562,-47.031,-104.188,-15.6,0.711,-104.188,0.000,0.0,0.000,0.000,0.000,0.0,0.000,0.000
2.9250,1.171,-13.4,-4.234,1.192,0.857,-4.0,-0.982,0.860,25.547,-15.0,2.742,25.578,92.688,35.2,-1.489,92.625,1.259,33.9,6.371,1.195,-10.141,-23.1,-8.570,-10.086,-47.125,-28.5,-10.781,-47.062,-104.250,-17.9,0.794,-104.188,0.000,0.0,0.000,0.000,0.000,0.0,0.000,0.000
2.9270,1.127,-18.9,-3.980,1.171,0.832,-7.6,-0.698,0.857,25.547,-8.2,2.459,25.547,92.750,32.4,-1.302,92.688,1.309,29.0,7.035,1.259,-10.188,-23.0,-8.484,-10.141,-47.188,-31.7,-11.477,-47.125,-104.312,-21.9,1.621,-104.250,0.000,0.0,0.000,0.000,0.000,0.0,0.000,0.000
2.9290,1.089,-19.5,-4.648,1.127,0.819,-6.6,-1.271,0.832,25.531,-7.2,2.389,25.547,92.812,34.7,-1.218,92.750,1.365,27.7,4.309,1.309,-10.242,-25.5,-6.594,-10.188,-47.250,-27.1,-11.945,-47.188,-104.375,-24.8,3.928,-104.312,0.000,0.0,0.000,0.000,0.000,0.0,0.000,0.000
2.9310,1.058,-17.1,-2.158,1.089,0.803,-7.4,-0.073,0.819,25.516,-5.9,2.508,25.531,92.875,31.1,-1.094,92.812,1.399,19.8,0.391,1.365,-10.297,-27.2,-5.008,-10.242,-47.281,-24.1,-12.516,-47.250,-104.375,-14.4,6.008,-104.375,0.000,0.0,0.000,0.000,0.000,0.0,0.000,0.000
2.9330,1.045,-9.6,1.341,1.058,0.797,-4.6,1.198,0.803,25.516,-2.4,3.180,25.516,92.938,30.5,-1.094,92.875,1.399,5.3,-1.132,1.399,-10.328,-19.9,-5.414,-10.297,-47.344,-22.6,-11.688,-47.281,-104.375,-3.0,5.918,-104.375,0.000,0.0,0.000,0.000,0.000,0.0,0.000,0.000
2.9350,1.076,7.8,2.508,1.045,0.810,3.7,0.818,0.797,25.516,-0.8,3.805,25.516,93.000,26.6,-1.383,92.938,1.358,-10.9,-1.244,1.399,-10.344,-13.5,-4.262,-10.328,-47.406,-26.7,-11.039,-47.344,-104.312,10.2,6.012,-104.375,0.000,0.0,0.000,0.000,0.000,0.0,0.000,0.000
2.9370,1.139,23.6,2.256,1.076,0.829,7.5,1.398,0.810,25.547,8.4,4.098,25.516,93.062,26.7,-1.639,93.000,1.249,-39.6,-0.031,1.358,-10.344,-6.2,-3.947,-10.344,-47.438,-22.7,-10.781,-47.406,-104.312,17.8,5.691,-104.312,0.000,0.0,0.000,0.000,0.000,0.0,0.000,0.000
2.9390,1.227,34.7,1.069,1.139,0.888,22.0,1.368,0.829,25.594,21.2,3.928,25.547,93.062,24.6,-1.636,93.062,1.120,-55.7,2.055,1.249,-10.359,-5.3,-4.473,-10.344,-47.438,-11.8,-10.898,-47.438,-104.250,32.4,5.375,-104.312,0.000,0.0,0.000,0.000,0.000,0.0,0.000,0.000
2.9410,1.350,49.3,0.176,1.227,0.938,23.3,1.020,0.888,25.641,22.3,3.969,25.594,93.125,19.8,-1.319,93.062,0.988,-61.7,5.531,1.120,-10.367,-4.0,-5.926,-10.359,-47.438,-3.9,-12.383,-47.438,-104.188,32.9,5.652,-104.250,0.000,0.0,0.000,0.000,0.000,0.0,0.000,0.000
2.9430,1.462,52.2,-2.127,1.350,0.998,26.0,-0.002,0.938,25.688,22.6,3.270,25.641,93.125,18.0,-0.479,93.125,0.838,-67.9,13.375,0.988,-10.375,-4.8,-7.473,-10.367,-47.438,1.8,-13.906,-47.438,-104.062,40.9,6.137,-104.188,0.000,0.0,0.000,0.000,0.000,0.0,0.000,0.000
2.9450,1.572,52.9,-9.336,1.462,1.052,27.6,-1.499,0.998,25.719,18.7,2.891,25.688,93.188,14.2,0.120,93.125,0.772,-44.9,14.586,0.838,-10.398,-8.6,-7.551,-10.375,-47.438,-0.9,-15.484,-47.438,-104.000,46.1,6.711,-104.062,0.000,0.0,0.000,0.000,0.000,0.0,0.000,0.000
2.9470,1.610,31.1,-10.523,1.572,1.096,24.2,-2.189,1.052,25.734,11.9,2.910,25.719,93.188,18.8,-0.199,93.188,0.772,-14.7,13.094,0.772,-10.445,-17.9,-6.633,-10.398,-47.469,-10.2,-15.461,-47.438,-103.875,53.3,6.695,-104.000,0.000,0.0,0.000,0.000,0.000,0.0,0.000,0.000
2.9490,1.604,16.5,-9.344,1.610,1.114,22.5,-2.012,1.096,25.734,6.8,3.301,25.734,93.250,14.1,-0.435,93.188,0.794,1.2,12.102,0.772,-10.477,-21.8,-6.434,-10.445,-47.469,-11.7,-16.062,-47.469,-103.812,56.1,6.992,-103.875,0.000,0.0,0.000,0.000,0.000,0.0,0.000,0.000
2.9510,1.516,-20.8,-4.590,1.604,1.130,7.6,-0.567,1.114,25.703,-6.5,4.641,25.734,93.312,19.4,-1.140,93.250,0.907,30.1,7.035,0.794,-10.547,-22.9,-5.723,-10.477,-47.531,-16.8,-14.727,-47.469,-103.625,66.6,6.688,-103.812,0.000,0.0,0.000,0.000,0.000,0.0,0.000,0.000
2.9534,1.475,-27.8,-4.133,1.516,1.143,9.1,-0.924,1.130,25.672,-11.8,4.957,25.703,93.312,19.1,-1.015,93.312,0.957,37.5,6.727,0.907,-10.555,-18.4,-5.859,-10.547,-47.562,-18.4,-14.859,-47.531,-103.562,66.1,6.910,-103.625,0.000,0.0,0.000,0.000,0.000,0.0,0.000,0.000
2.9558,1.374,-30.1,-4.719,1.475,1.136,-0.2,-1.083,1.143,25.641,-11.9,5.379,25.672,93.375,14.3,0.155,93.312,1.107,46.5,7.043,0.957,-10.617,-18.9,-8.141,-10.555,-47.625,-17.6,-14.984,-47.562,-103.312,72.7,7.113,-103.562,0.000,0.0,0.000,0.000,0.000,0.0,0.000,0.000
2.9582,1.303,-22.0,-5.457,1.374,1.107,-8.4,-0.813,1.136,25.609,-10.8,5.473,25.641,93.438,18.0,0.390,93.375,1.287,56.9,3.689,1.107,-10.695,-26.5,-7.676,-10.617,-47.656,-16.8,-15.984,-47.625,-103.125,69.2,7.078,-103.312,0.000,0.0,0.000,0.000,0.000,0.0,0.000,0.000
2.9602,1.265,-17.9,-4.582,1.303,1.083,-10.7,-0.422,1.107,25.609,-7.3,5.309,25.609,93.438,23.3,0.700,93.438,1.371,48.6,2.215,1.287,-10.758,-31.1,-7.473,-10.695,-47.719,-17.0,-16.078,-47.656,-102.938,71.0,6.797,-103.125,0.000,0.0,0.000,0.000,0.000,0.0,0.000,0.000
2.9618,1.259,-13.8,-4.148,1.265,1.067,-12.9,1.575,1.083,25.594,-9.0,4.863,25.609,93.500,27.0,0.818,93.438,1.412,45.5,2.178,1.371,-10.773,-26.6,-7.414,-10.758,-47.719,-19.2,-16.969,-47.719,-102.875,68.6,3.994,-102.938,0.000,0.0,0.000,0.000,0.000,0.0,0.000,0.000
2.9637,1.262,-3.7,-3.617,1.259,1.058,-8.7,1.908,1.067,25.594,-4.4,4.777,25.594,93.562,30.4,0.796,93.500,1.487,40.0,0.731,1.412,-10.812,-22.4,-7.543,-10.773,-47.750,-15.4,-16.938,-47.719,-102.750,62.6,4.121,-102.875,0.000,0.0,0.000,0.000,0.000,0.0,0.000,0.000
2.9652,1.274,2.4,-1.791,1.262,1.063,-1.1,2.561,1.058,25.609,-0.7,5.535,25.594,93.625,27.5,0.946,93.562,1.519,23.4,-5.254,1.487,-10.859,-23.8,-5.598,-10.812,-47.781,-18.5,-16.875,-47.750,-102.688,51.5,3.471,-102.750,0.000,0.0,0.000,0.000,0.000,0.0,0.000,0.000
2.9670,1.306,11.2,3.363,1.274,1.102,12.0,5.531,1.063,25.641,8.2,8.633,25.609,93.688,36.6,1.139,93.625,1.494,-1.2,-7.098,1.519,-10.867,-12.6,-6.102,-10.859,-47.812,-10.4,-14.492,-47.781,-102.625,35.3,0.054,-102.688,0.000,0.0,0.000,0.000,0.000,0.0,0.000,0.000
2.9690,1.381,29.6,3.328,1.306,1.174,27.2,7.152,1.102,25.688,19.5,10.477,25.641,93.750,39.0,1.115,93.688,1.381,-38.4,-3.637,1.494,-10.852,2.4,-3.820,-10.867,-47.812,0.7,-11.984,-47.812,-102.625,9.6,-2.303,-102.625,0.000,0.0,0.000,0.000,0.000,0.0,0.000,0.000
2.9710,1.481,44.9,0.959,1.381,1.290,45.6,6.566,1.174,25.766,31.7,10.336,25.688,93.812,40.4,0.865,93.750,1.233,-62.4,-0.797,1.381,-10.844,3.2,-3.375,-10.852,-47.750,12.9,-11.273,-47.812,-102.688,-20.0,-1.552,-102.625,0.000,0.0,0.000,0.000,0.000,0.0,0.000,0.000
2.9730,1.591,53.0,-0.414,1.481,1.450,65.5,5.035,1.290,25.875,49.9,9.648,25.766,93.938,43.3,0.519,93.812,1.045,-82.8,2.045,1.233,-10.812,9.0,-3.242,-10.844,-47.719,21.3,-10.711,-47.750,-102.812,-44.2,-0.593,-102.688,0.000,0.0,0.000,0.000,0.000,0.0,0.000,0.000
2.9750,1.688,49.7,-2.121,1.591,1.629,78.6,4.148,1.450,25.984,52.2,8.492,25.875,94.000,45.2,-0.834,93.938,0.866,-87.2,5.531,1.045,-10.773,17.2,-3.049,-10.812,-47.656,23.1,-11.062,-47.719,-103.000,-67.7,0.208,-102.812,0.000,0.0,0.000,0.000,0.000,0.0,0.000,0.000
2.9770,1.782,48.1,-2.824,1.688,1.779,75.2,3.580,1.629,26.078,50.0,6.699,25.984,94.125,48.2,-3.678,94.000,0.693,-85.0,8.648,0.866,-10.766,8.7,-2.729,-10.773,-47.594,26.8,-11.102,-47.656,-103.188,-82.8,2.328,-103.000,0.000,0.0,0.000,0.000,0.000,0.0,0.000,0.000
2.9790,1.836,33.5,-4.430,1.782,1.861,53.9,2.248,1.779,26.172,45.4,6.453,26.078,94.188,42.0,-6.664,94.125,0.565,-71.6,9.070,0.693,-10.750,7.2,-2.318,-10.766,-47.562,22.0,-9.852,-47.594,-103.375,-92.4,7.176,-103.188,0.000,0.0,0.000,0.000,0.000,0.0,0.000,0.000
2.9810,1.873,23.8,-6.430,1.836,1.864,22.1,3.869,1.861,26.250,41.8,8.711,26.172,94.250,24.0,-8.977,94.188,0.477,-53.2,14.250,0.565,-10.727,11.8,0.294,-10.750,-47.531,23.5,-6.105,-47.562,-103.562,-89.0,7.488,-103.375,0.000,0.0,0.000,0.000,0.000,0.0,0.000,0.000
2.9830,1.849,-0.9,-14.461,1.873,1.842,2.6,5.645,1.864,26.328,43.7,11.570,26.250,94.188,-4.2,-9.117,94.250,0.468,-20.8,13.383,0.477,-10.695,13.4,1.985,-10.727,-47.469,24.2,-2.137,-47.531,-103.688,-78.0,4.875,-103.562,0.000,0.0,0.000,0.000,0.000,0.0,0.000,0.000
2.9850,1.748,-33.7,-12.625,1.849,1.829,0.0,4.449,1.842,26.438,48.6,11.453,26.328,94.125,-28.7,-8.508,94.188,0.518,8.8,9.750,0.468,-10.664,16.6,0.937,-10.695,-47.375,40.3,-1.872,-47.469,-103.875,-78.8,4.520,-103.688,0.000,0.0,0.000,0.000,0.000,0.0,0.000,0.000
2.9870,1.591,-62.4,-8.805,1.748,1.823,0.3,4.504,1.829,26.547,54.1,10.516,26.438,93.938,-57.2,-7.848,94.125,0.615,34.2,7.543,0.518,-10.617,19.2,1.176,-10.664,-47.219,59.2,-2.363,-47.375,-104.000,-73.4,4.777,-103.875,0.000,0.0,0.000,0.000,0.000,0.0,0.000,0.000
2.9890,1.428,-74.8,-7.145,1.591,1.833,3.1,4.570,1.823,26.703,67.2,9.953,26.547,93.812,-75.6,-7.805,93.938,0.709,40.3,4.848,0.615,-10.578,22.2,1.246,-10.617,-47.094,68.4,-2.941,-47.219,-104.125,-72.9,4.992,-104.000,0.000,0.0,0.000,0.000,0.000,0.0,0.000,0.000
2.9913,1.280,-72.3,-5.461,1.428,1.867,12.2,4.711,1.833,26.828,68.3,9.477,26.703,93.562,-99.3,-8.164,93.812,0.813,43.3,3.129,0.709,-10.539,20.9,1.577,-10.578,-46.938,75.3,-3.404,-47.094,-104.250,-66.7,4.883,-104.125,0.000,0.0,0.000,0.000,0.000,0.0,0.000,0.000
2.9936,1.174,-58.7,-4.352,1.280,1.917,20.4,5.098,1.867,27.000,74.1,9.562,26.828,93.312,-116.4,-8.266,93.562,0.913,45.4,1.489,0.813,-10.484,23.9,1.823,-10.539,-46.781,75.8,-3.451,-46.938,-104.375,-59.8,4.738,-104.250,0.000,0.0,0.000,0.000,0.000,0.0,0.000,0.000
2.9965,1.096,-30.1,-4.211,1.174,2.021,30.5,5.094,1.917,27.250,81.2,9.570,27.000,92.812,-149.9,-8.141,93.312,1.004,32.6,0.474,0.913,-10.414,23.8,1.534,-10.484,-46.531,79.6,-4.023,-46.781,-104.500,-49.5,4.562,-104.375,0.000,0.0,0.000,0.000,0.000,0.0,0.000,0.000
2.9993,1.086,-21.7,-4.340,1.096,2.055,31.6,5.574,2.021,27.328,81.8,10.422,27.250,92.688,-153.1,-8.219,92.812,1.014,24.5,-0.313,1.004,-10.375,29.2,0.987,-10.414,-46.469,75.6,-3.898,-46.531,-104.562,-45.4,4.473,-104.500,0.000,0.0,0.000,0.000,0.000,0.0,0.000,0.000
