t,q0,dq0,tau0,cur0,cmd0,q1,dq1,tau1,cur1,cmd1,q2,dq2,tau2,cur2,cmd2,q3,dq3,tau3,cur3,cmd3,q4,dq4,tau4,cur4,cmd4,q5,dq5,tau5,cur5,cmd5,q6,dq6,tau6,cur6,cmd6,q7,dq7,tau7,cur7,cmd7,q8,dq8,tau8,cur8,cmd8,q9,dq9,tau9,cur9,cmd9
3068.0382,1.811,24.2,-4.422,-4.422,-0.630,1.785,36.9,-0.622,-0.622,4.012,26.797,5.7,4.555,4.555,32.739,93.750,15.0,-1.711,-1.711,97.398,0.722,-21.5,4.910,4.910,1.060,-12.266,5.0,-2.598,-2.598,-6.332,-49.844,-19.7,-6.777,-6.777,-48.469,-106.875,0.1,6.406,6.406,-100.068,0.000,0.0,0.000,0.000,0.000,0.000,0.0,0.000,0.000,0.000
3068.0402,1.813,11.8,-3.176,-3.176,-0.630,1.798,15.5,1.471,1.471,4.012,26.828,10.6,5.660,5.660,32.739,93.750,9.9,-2.990,-2.990,97.398,0.722,-6.3,4.254,4.254,1.060,-12.242,10.7,-2.617,-2.617,-6.332,-49.906,-22.8,-6.941,-6.941,-48.469,-106.875,9.9,6.938,6.938,-100.068,0.000,0.0,0.000,0.000,0.000,0.000,0.0,0.000,0.000,0.000
3068.0422,1.776,-7.2,-2.918,-2.918,-0.630,1.789,1.7,2.459,2.459,4.012,26.844,13.7,6.293,6.293,32.739,93.750,5.5,-3.549,-3.549,97.398,0.734,1.2,2.617,2.617,1.060,-12.195,16.4,-3.232,-3.232,-6.332,-49.938,-20.4,-7.621,-7.621,-48.469,-106.812,21.4,7.000,7.000,-100.068,0.000,0.0,0.000,0.000,0.000,0.000,0.0,0.000,0.000,0.000
3068.0442,1.732,-17.9,-1.130,-1.130,-0.630,1.767,-6.1,2.891,2.891,4.012,26.891,17.3,6.117,6.117,32.739,93.750,-2.2,-3.264,-3.264,97.398,0.753,5.7,1.693,1.693,1.060,-12.156,19.2,-3.877,-3.877,-6.332,-49.969,-13.6,-9.172,-9.172,-48.469,-106.688,39.6,7.082,7.082,-100.068,0.000,0.0,0.000,0.000,0.000,0.000,0.0,0.000,0.000,0.000
3068.0462,1.694,-17.7,0.416,0.416,-0.630,1.729,-12.6,3.082,3.082,4.012,26.922,20.5,5.051,5.051,32.739,93.750,-8.2,-2.355,-2.355,97.398,0.778,8.5,1.275,1.275,1.060,-12.109,21.0,-4.457,-4.457,-6.332,-50.000,-14.5,-11.039,-11.039,-48.469,-106.625,46.8,6.965,6.965,-100.068,0.000,0.0,0.000,0.000,0.000,0.000,0.0,0.000,0.000,0.000
3068.0482,1.647,-20.4,1.077,1.077,-0.630,1.686,-18.7,3.188,3.188,4.012,26.938,11.2,4.453,4.453,32.739,93.688,-15.7,-1.545,-1.545,97.398,0.794,6.3,0.471,0.471,1.060,-12.102,13.6,-4.391,-4.391,-6.332,-50.031,-14.2,-11.414,-11.414,-48.469,-106.500,55.2,6.473,6.473,-100.068,0.000,0.0,0.000,0.000,0.000,0.000,0.0,0.000,0.000,0.000
3068.0502,1.632,-10.8,1.787,1.787,-0.630,1.673,-11.9,3.205,3.205,4.012,26.953,5.9,4.598,4.598,32.739,93.625,-15.6,-1.203,-1.203,97.398,0.807,5.9,0.240,0.240,1.060,-12.094,8.2,-4.766,-4.766,-6.332,-50.062,-17.0,-11.398,-11.398,-48.469,-106.312,62.1,5.832,5.832,-100.068,0.000,0.0,0.000,0.000,0.000,0.000,0.0,0.000,0.000,0.000
3068.0522,1.622,-5.5,1.870,1.870,-0.630,1.650,-11.0,2.910,2.910,4.012,26.938,-4.2,4.184,4.184,32.739,93.625,-12.3,-0.548,-0.548,97.398,0.794,-2.2,1.762,1.762,1.060,-12.094,2.7,-5.570,-5.570,-6.332,-50.094,-15.1,-12.078,-12.078,-48.469,-106.188,73.2,5.707,5.707,-100.068,0.000,0.0,0.000,0.000,0.000,0.000,0.0,0.000,0.000,0.000
3068.0544,1.647,7.2,-0.312,-0.312,-0.630,1.635,-9.9,2.250,2.250,4.012,26.922,-7.8,4.230,4.230,32.739,93.625,-10.6,-0.146,-0.146,97.398,0.794,-1.7,3.340,3.340,1.060,-12.094,-0.4,-5.875,-5.875,-6.332,-50.125,-13.1,-12.414,-12.414,-48.469,-106.062,71.2,5.512,5.512,-100.068,0.000,0.0,0.000,0.000,0.000,0.000,0.0,0.000,0.000,0.000
3068.0564,1.660,9.0,-1.719,-1.719,-0.630,1.622,-7.9,1.775,1.775,4.012,26.891,-13.1,4.398,4.398,32.739,93.562,-6.1,0.431,0.431,97.398,0.803,1.9,7.230,7.230,1.060,-12.102,-3.3,-7.105,-7.105,-6.332,-50.156,-15.8,-12.859,-12.859,-48.469,-105.875,77.5,5.621,5.621,-100.068,0.000,0.0,0.000,0.000,0.000,0.000,0.0,0.000,0.000,0.000
3068.0583,1.670,5.8,-5.949,-5.949,-0.630,1.598,-10.7,0.784,0.784,4.012,26.844,-18.1,4.082,4.082,32.739,93.562,-2.7,1.076,1.076,97.398,0.857,18.5,6.547,6.547,1.060,-12.109,-4.7,-7.172,-7.172,-6.332,-50.188,-18.4,-13.141,-13.141,-48.469,-105.688,81.5,5.539,5.539,-100.068,0.000,0.0,0.000,0.000,0.000,0.000,0.0,0.000,0.000,0.000
3068.0602,1.660,-0.6,-6.102,-6.102,-0.630,1.569,-13.8,0.591,0.591,4.012,26.797,-22.9,4.594,4.594,32.739,93.625,3.8,1.015,1.015,97.398,0.941,35.5,6.605,6.605,1.060,-12.133,-6.8,-8.008,-8.008,-6.332,-50.219,-17.3,-13.492,-13.492,-48.469,-105.562,79.2,4.059,4.059,-100.068,0.000,0.0,0.000,0.000,0.000,0.000,0.0,0.000,0.000,0.000
3068.0622,1.626,-10.8,-6.352,-6.352,-0.630,1.534,-17.2,0.116,0.116,4.012,26.750,-22.4,5.531,5.531,32.739,93.688,13.4,1.023,1.023,97.398,1.055,51.8,5.930,5.930,1.060,-12.156,-10.7,-8.680,-8.680,-6.332,-50.250,-15.9,-13.875,-13.875,-48.469,-105.438,71.1,1.240,1.240,-100.068,0.000,0.0,0.000,0.000,0.000,0.000,0.0,0.000,0.000,0.000
3068.0642,1.585,-15.3,-6.352,-6.352,-0.630,1.494,-21.2,0.282,0.282,4.012,26.703,-22.5,5.273,5.273,32.739,93.688,23.0,0.940,0.940,97.398,1.183,60.2,4.879,4.879,1.060,-12.203,-17.9,-7.910,-7.910,-6.332,-50.281,-14.2,-14.133,-14.133,-48.469,-105.312,58.9,2.344,2.344,-100.068,0.000,0.0,0.000,0.000,0.000,0.000,0.0,0.000,0.000,0.000
3068.0662,1.534,-21.1,-6.523,-6.523,-0.630,1.469,-16.9,0.493,0.493,4.012,26.656,-19.8,5.562,5.562,32.739,93.750,27.3,0.908,0.908,97.398,1.318,63.7,3.537,3.537,1.060,-12.258,-24.7,-8.641,-8.641,-6.332,-50.312,-14.1,-14.422,-14.422,-48.469,-105.250,45.0,1.166,1.166,-100.068,0.000,0.0,0.000,0.000,0.000,0.000,0.0,0.000,0.000,0.000
3068.0682,1.503,-17.5,-5.980,-5.980,-0.630,1.450,-12.2,0.618,0.618,4.012,26.609,-22.8,5.441,5.441,32.739,93.812,28.9,0.641,0.641,97.398,1.481,73.5,2.090,2.090,1.060,-12.312,-27.0,-8.461,-8.461,-6.332,-50.344,-13.6,-14.305,-14.305,-48.469,-105.188,25.1,2.223,2.223,-100.068,0.000,0.0,0.000,0.000,0.000,0.000,0.0,0.000,0.000,0.000
3068.0702,1.472,-15.2,-4.781,-4.781,-0.630,1.435,-8.7,0.668,0.668,4.012,26.594,-13.4,4.871,4.871,32.739,93.938,38.9,0.399,0.399,97.398,1.629,71.4,-6.637,-6.637,1.060,-12.383,-28.2,-4.484,-4.484,-6.332,-50.344,-7.7,-13.406,-13.406,-48.469,-105.188,6.1,1.268,1.268,-100.068,0.000,0.0,0.000,0.000,0.000,0.000,0.0,0.000,0.000,0.000
3068.0722,1.469,-3.6,3.709,3.709,-0.630,1.428,-3.2,5.012,5.012,4.012,26.562,-14.5,5.469,5.469,32.739,94.000,38.0,0.222,0.222,97.398,1.720,52.9,-11.773,-11.773,1.060,-12.430,-24.0,-3.146,-3.146,-6.332,-50.406,-14.1,-10.680,-10.680,-48.469,-105.250,-7.1,-0.226,-0.226,-100.068,0.000,0.0,0.000,0.000,0.000,0.000,0.0,0.000,0.000,0.000
3068.0742,1.516,16.1,5.602,5.602,-0.630,1.453,8.8,6.730,6.730,4.012,26.547,-9.0,7.719,7.719,32.739,94.062,42.2,0.086,0.086,97.398,1.701,10.7,-9.023,-9.023,1.060,-12.430,-10.5,-2.012,-2.012,-6.332,-50.375,-1.6,-8.500,-8.500,-48.469,-105.312,-22.8,-0.164,-0.164,-100.068,0.000,0.0,0.000,0.000,0.000,0.000,0.0,0.000,0.000,0.000
3068.0762,1.613,37.3,2.104,2.104,-0.630,1.516,23.7,7.281,7.281,4.012,26.562,-0.7,8.820,8.820,32.739,94.125,38.9,0.071,0.071,97.398,1.632,-18.6,-5.418,-5.418,1.060,-12.398,7.1,-1.309,-1.309,-6.332,-50.344,10.0,-6.906,-6.906,-48.469,-105.438,-47.0,0.451,0.451,-100.068,0.000,0.0,0.000,0.000,0.000,0.000,0.0,0.000,0.000,0.000
3068.0783,1.710,44.4,0.106,0.106,-0.630,1.622,42.2,6.828,6.828,4.012,26.609,13.5,10.008,10.008,32.739,94.250,41.9,-0.097,-0.097,97.398,1.500,-47.0,-2.078,-2.078,1.060,-12.352,17.0,-0.350,-0.350,-6.332,-50.312,20.4,-5.516,-5.516,-48.469,-105.562,-64.3,1.479,1.479,-100.068,0.000,0.0,0.000,0.000,0.000,0.000,0.0,0.000,0.000,0.000
3068.0803,1.813,47.5,-1.853,-1.853,-0.630,1.745,54.9,7.285,7.285,4.012,26.688,29.6,10.336,10.336,32.739,94.312,38.4,-0.990,-0.990,97.398,1.327,-70.2,0.874,0.874,1.060,-12.289,25.7,-0.707,-0.707,-6.332,-50.219,31.1,-5.445,-5.445,-48.469,-105.750,-74.6,2.414,2.414,-100.068,0.000,0.0,0.000,0.000,0.000,0.000,0.0,0.000,0.000,0.000
3068.0822,1.893,40.9,-3.568,-3.568,-0.630,1.861,57.5,6.520,6.520,4.012,26.781,41.6,9.758,9.758,32.739,94.375,38.5,-4.070,-4.070,97.398,1.158,-78.9,4.504,4.504,1.060,-12.211,33.3,-0.745,-0.745,-6.332,-50.125,40.9,-5.949,-5.949,-48.469,-105.938,-82.9,4.277,4.277,-100.068,0.000,0.0,0.000,0.000,0.000,0.000,0.0,0.000,0.000,0.000
3068.0842,1.945,30.7,-3.506,-3.506,-0.630,1.939,45.3,5.555,5.555,4.012,26.875,41.7,8.344,8.344,32.739,94.438,30.8,-5.234,-5.234,97.398,1.014,-73.2,4.773,4.773,1.060,-12.148,29.3,-0.498,-0.498,-6.332,-50.031,42.9,-6.223,-6.223,-48.469,-106.062,-85.5,4.754,4.754,-100.068,0.000,0.0,0.000,0.000,0.000,0.000,0.0,0.000,0.000,0.000
3068.0862,1.977,21.0,-5.148,-5.148,-0.630,1.980,28.9,6.797,6.797,4.012,26.953,43.8,9.594,9.594,32.739,94.500,15.7,-7.758,-7.758,97.398,0.879,-69.2,7.523,7.523,1.060,-12.086,31.3,0.966,0.966,-6.332,-49.938,44.2,-3.543,-3.543,-48.469,-106.250,-84.2,5.781,5.781,-100.068,0.000,0.0,0.000,0.000,0.000,0.000,0.0,0.000,0.000,0.000
3068.0882,1.955,-1.4,-11.852,-11.852,-0.630,1.977,10.1,6.996,6.996,4.012,27.031,35.8,11.406,11.406,32.739,94.438,-5.9,-8.516,-8.516,97.398,0.829,-40.4,14.000,14.000,1.060,-12.023,31.5,1.119,1.119,-6.332,-49.844,50.3,-1.250,-1.250,-48.469,-106.375,-82.4,4.953,4.953,-100.068,0.000,0.0,0.000,0.000,0.000,0.000,0.0,0.000,0.000,0.000
3068.0902,1.870,-32.1,-12.898,-12.898,-0.630,1.949,-4.0,6.535,6.535,4.012,27.125,43.4,11.430,11.430,32.739,94.375,-28.4,-9.672,-9.672,97.398,0.866,-3.0,11.555,11.555,1.060,-11.969,31.0,0.805,0.805,-6.332,-49.719,61.1,-0.976,-0.976,-48.469,-106.500,-69.6,5.281,5.281,-100.068,0.000,0.0,0.000,0.000,0.000,0.000,0.0,0.000,0.000,0.000
3068.0922,1.704,-67.8,-9.336,-9.336,-0.630,1.905,-14.3,5.926,5.926,4.012,27.234,46.4,10.820,10.820,32.739,94.188,-57.1,-9.492,-9.492,97.398,0.973,34.3,7.219,7.219,1.060,-11.906,29.2,0.895,0.895,-6.332,-49.562,64.1,-1.127,-1.127,-48.469,-106.625,-64.0,5.340,5.340,-100.068,0.000,0.0,0.000,0.000,0.000,0.000,0.0,0.000,0.000,0.000
3068.0942,1.484,-95.1,-4.695,-4.695,-0.630,1.861,-19.0,5.934,5.934,4.012,27.328,50.6,10.641,10.641,32.739,94.000,-85.2,-9.250,-9.250,97.398,1.083,48.0,4.477,4.477,1.060,-11.852,28.2,1.073,1.073,-6.332,-49.406,71.9,-1.413,-1.413,-48.469,-106.750,-52.5,5.109,5.109,-100.068,0.000,0.0,0.000,0.000,0.000,0.000,0.0,0.000,0.000,0.000
3068.0962,1.262,-104.5,-3.320,-3.320,-0.630,1.852,-10.8,5.992,5.992,4.012,27.422,47.8,10.852,10.852,32.739,93.750,-109.6,-9.078,-9.078,97.398,1.215,59.3,1.735,1.735,1.060,-11.797,26.3,1.345,1.345,-6.332,-49.250,78.5,-1.597,-1.597,-48.469,-106.812,-44.6,4.988,4.988,-100.068,0.000,0.0,0.000,0.000,0.000,0.000,0.0,0.000,0.000,0.000
3068.0982,1.067,-98.2,-1.401,-1.401,-0.630,1.864,0.6,5.914,5.914,4.012,27.516,46.8,10.609,10.609,32.739,93.438,-137.5,-8.805,-8.805,97.398,1.321,55.2,-0.668,-0.668,1.060,-11.734,29.1,1.278,1.278,-6.332,-49.094,79.8,-1.944,-1.944,-48.469,-106.875,-38.5,4.707,4.707,-100.068,0.000,0.0,0.000,0.000,0.000,0.000,0.0,0.000,0.000,0.000
3068.1002,0.938,-76.1,-0.641,-0.641,-0.630,1.896,11.1,6.086,6.086,4.012,27.609,47.0,11.234,11.234,32.739,93.125,-156.8,-8.469,-8.469,97.398,1.396,41.9,-2.572,-2.572,1.060,-11.664,31.3,0.857,0.857,-6.332,-48.969,74.4,-2.135,-2.135,-48.469,-106.938,-30.3,4.211,4.211,-100.068,0.000,0.0,0.000,0.000,0.000,0.000,0.0,0.000,0.000,0.000
3068.1022,0.869,-48.8,-0.598,-0.598,-0.630,1.949,22.9,6.883,6.883,4.012,27.719,52.0,11.898,11.898,32.739,92.750,-179.2,-7.051,-7.051,97.398,1.438,27.1,-11.055,-11.055,1.060,-11.617,26.5,0.125,0.125,-6.332,-48.812,71.2,-4.832,-4.832,-48.469,-106.938,-18.1,6.754,6.754,-100.068,0.000,0.0,0.000,0.000,0.000,0.000,0.0,0.000,0.000,0.000
3068.1042,0.866,-17.3,8.883,8.883,-0.630,1.999,25.4,8.148,8.148,4.012,27.812,49.4,9.531,9.531,32.739,92.312,-193.4,-1.740,-1.740,97.398,1.381,-9.5,-7.145,-7.145,1.060,-11.586,18.8,-3.043,-3.043,-6.332,-48.719,57.7,-13.141,-13.141,-48.469,-106.938,-3.3,14.352,14.352,-100.068,0.000,0.0,0.000,0.000,0.000,0.000,0.0,0.000,0.000,0.000
3068.1063,0.954,21.8,7.480,7.480,-0.630,2.055,28.2,3.496,3.496,4.012,27.875,35.2,3.203,3.203,32.739,92.000,-185.8,3.152,3.152,97.398,1.268,-39.3,-2.904,-2.904,1.060,-11.609,-1.0,-3.184,-3.184,-6.332,-48.656,39.4,-15.297,-15.297,-48.469,-106.875,29.4,14.625,14.625,-100.068,0.000,0.0,0.000,0.000,0.000,0.000,0.0,0.000,0.000,0.000
3068.1082,1.096,52.6,4.441,4.441,-0.630,2.031,2.3,3.867,3.867,4.012,27.891,13.2,3.996,3.996,32.739,91.625,-167.8,3.113,3.113,97.398,1.130,-56.7,-0.189,-0.189,1.060,-11.641,-11.0,-2.469,-2.469,-6.332,-48.688,-1.1,-14.422,-14.422,-48.469,-106.688,64.6,13.250,13.250,-100.068,0.000,0.0,0.000,0.000,0.000,0.000,0.0,0.000,0.000,0.000
3068.1102,1.262,70.8,1.295,1.295,-0.630,1.983,-14.0,5.965,5.965,4.012,27.844,-5.8,6.648,6.648,32.739,91.375,-144.6,2.219,2.219,97.398,0.954,-75.4,1.521,1.521,1.060,-11.695,-18.4,-2.012,-2.012,-6.332,-48.812,-34.4,-12.688,-12.688,-48.469,-106.500,89.9,12.109,12.109,-100.068,0.000,0.0,0.000,0.000,0.000,0.000,0.0,0.000,0.000,0.000
3068.1122,1.440,83.3,-0.382,-0.382,-0.630,1.908,-29.7,6.594,6.594,4.012,27.781,-24.2,10.555,10.555,32.739,91.188,-119.1,0.184,0.184,97.398,0.797,-77.7,3.146,3.146,1.060,-11.758,-25.1,-1.200,-1.200,-6.332,-48.969,-62.4,-11.141,-11.141,-48.469,-106.250,117.9,9.695,9.695,-100.068,0.000,0.0,0.000,0.000,0.000,0.000,0.0,0.000,0.000,0.000
3068.1142,1.513,80.0,-1.102,-1.102,-0.630,1.890,-25.2,8.281,8.281,4.012,27.750,-26.6,10.820,10.820,32.739,91.125,-104.8,-1.526,-1.526,97.398,0.728,-73.8,3.990,3.990,1.060,-11.789,-27.9,-0.809,-0.809,-6.332,-49.031,-73.8,-9.094,-9.094,-48.469,-106.062,135.5,6.590,6.590,-100.068,0.000,0.0,0.000,0.000,0.000,0.000,0.0,0.000,0.000,0.000
3068.1162,1.732,75.1,-5.375,-5.375,-0.630,1.826,-18.3,10.125,10.125,4.012,27.703,-15.5,21.062,21.062,32.739,90.875,-84.5,-8.094,-8.094,97.398,0.527,-67.2,3.852,3.852,1.060,-11.875,-28.8,1.329,1.329,-6.332,-49.312,-82.5,-4.504,-4.504,-48.469,-105.625,143.4,1.319,1.319,-100.068,0.000,0.0,0.000,0.000,0.000,0.000,0.0,0.000,0.000,0.000
3068.1182,1.823,57.8,-6.699,-6.699,-0.630,1.829,-3.8,11.406,11.406,4.012,27.719,2.4,19.125,19.125,32.739,90.688,-83.0,-3.598,-3.598,97.398,0.424,-57.2,7.746,7.746,1.060,-11.922,-23.3,-0.618,-0.618,-6.332,-49.438,-74.4,-8.734,-8.734,-48.469,-105.312,140.4,4.230,4.230,-100.068,0.000,0.0,0.000,0.000,0.000,0.000,0.0,0.000,0.000,0.000
3068.1202,1.873,37.4,-6.664,-6.664,-0.630,1.864,9.0,4.754,4.754,4.012,27.797,21.6,14.148,14.148,32.739,90.562,-76.1,-2.111,-2.111,97.398,0.376,-34.4,5.836,5.836,1.060,-11.969,-24.6,-1.416,-1.416,-6.332,-49.594,-72.0,-9.258,-9.258,-48.469,-105.062,127.4,4.965,4.965,-100.068,0.000,0.0,0.000,0.000,0.000,0.000,0.0,0.000,0.000,0.000
3068.1222,1.880,15.8,-11.648,-11.648,-0.630,1.867,3.2,4.801,4.801,4.012,27.812,15.4,6.246,6.246,32.739,90.500,-53.0,5.258,5.258,97.398,0.398,-1.1,16.922,16.922,1.060,-12.008,-22.1,-6.543,-6.543,-6.332,-49.750,-80.1,-15.219,-15.219,-48.469,-104.875,114.3,-2.160,-2.160,-100.068,0.000,0.0,0.000,0.000,0.000,0.000,0.0,0.000,0.000,0.000
3068.1242,1.805,-20.0,-11.047,-11.047,-0.630,1.846,-6.5,2.730,2.730,4.012,27.828,8.9,8.070,8.070,32.739,90.500,-18.2,4.559,4.559,97.398,0.515,39.1,11.469,11.469,1.060,-12.078,-29.0,-6.512,-6.512,-6.332,-49.938,-86.2,-13.305,-13.305,-48.469,-104.688,91.4,-3.566,-3.566,-100.068,0.000,0.0,0.000,0.000,0.000,0.000,0.0,0.000,0.000,0.000
3068.1262,1.670,-51.9,-7.223,-7.223,-0.630,1.779,-23.6,2.738,2.738,4.012,27.797,-8.5,8.703,8.703,32.739,90.562,20.1,3.502,3.502,97.398,0.700,72.3,6.676,6.676,1.060,-12.164,-34.8,-7.262,-7.262,-6.332,-50.156,-106.6,-12.375,-12.375,-48.469,-104.625,58.9,-3.402,-3.402,-100.068,0.000,0.0,0.000,0.000,0.000,0.000,0.0,0.000,0.000,0.000
3068.1284,1.519,-65.6,-4.789,-4.789,-0.630,1.726,-26.2,3.271,3.271,4.012,27.734,-20.3,8.781,8.781,32.739,90.688,50.2,2.137,2.137,97.398,0.917,95.1,2.896,2.896,1.060,-12.234,-35.3,-6.613,-6.613,-6.332,-50.406,-114.6,-11.078,-11.078,-48.469,-104.625,22.9,1.144,1.144,-100.068,0.000,0.0,0.000,0.000,0.000,0.000,0.0,0.000,0.000,0.000
3068.1304,1.402,-59.5,-3.518,-3.518,-0.630,1.682,-23.2,2.566,2.566,4.012,27.672,-27.3,8.531,8.531,32.739,90.875,77.8,1.180,1.180,97.398,1.117,98.2,0.492,0.492,1.060,-12.305,-32.8,-6.234,-6.234,-6.332,-50.625,-113.6,-9.250,-9.250,-48.469,-104.625,0.7,-1.096,-1.096,-100.068,0.000,0.0,0.000,0.000,0.000,0.000,0.0,0.000,0.000,0.000
3068.1324,1.340,-40.1,-3.410,-3.410,-0.630,1.642,-20.4,2.439,2.439,4.012,27.625,-25.1,8.305,8.305,32.739,91.062,101.8,0.046,0.046,97.398,1.309,96.8,-2.287,-2.287,1.060,-12.352,-28.1,-6.902,-6.902,-6.332,-50.844,-111.3,-7.156,-7.156,-48.469,-104.750,-27.1,-1.573,-1.573,-100.068,0.000,0.0,0.000,0.000,0.000,0.000,0.0,0.000,0.000,0.000
3068.1344,1.318,-20.5,-2.092,-2.092,-0.630,1.626,-12.7,1.923,1.923,4.012,27.578,-22.8,7.203,7.203,32.739,91.312,117.1,-0.830,-0.830,97.398,1.481,91.0,-2.502,-2.502,1.060,-12.398,-25.2,-6.602,-6.602,-6.332,-51.031,-96.7,-7.812,-7.812,-48.469,-104.875,-53.6,-0.856,-0.856,-100.068,0.000,0.0,0.000,0.000,0.000,0.000,0.0,0.000,0.000,0.000
3068.1362,1.340,-0.1,-2.188,-2.188,-0.630,1.645,2.6,1.361,1.361,4.012,27.531,-19.1,5.973,5.973,32.739,91.625,128.0,-2.232,-2.232,97.398,1.604,72.9,-4.195,-4.195,1.060,-12.430,-18.7,-6.066,-6.066,-6.332,-51.156,-74.7,-6.609,-6.609,-48.469,-105.062,-78.0,0.622,0.622,-100.068,0.000,0.0,0.000,0.000,0.000,0.000,0.0,0.000,0.000,0.000
3068.1382,1.396,19.0,-2.229,-2.229,-0.630,1.650,3.2,0.905,0.905,4.012,27.484,-21.1,4.570,4.570,32.739,91.875,130.9,-3.654,-3.654,97.398,1.670,47.4,-3.207,-3.207,1.060,-12.445,-8.8,-6.000,-6.000,-6.332,-51.219,-49.5,-6.062,-6.062,-48.469,-105.250,-90.8,2.133,2.133,-100.068,0.000,0.0,0.000,0.000,0.000,0.000,0.0,0.000,0.000,0.000
3068.1402,1.435,19.2,-3.707,-3.707,-0.630,1.666,5.3,0.204,0.204,4.012,27.453,-19.9,3.727,3.727,32.739,92.125,133.1,-4.609,-4.609,97.398,1.710,32.2,0.422,0.422,1.060,-12.445,-1.9,-7.461,-7.461,-6.332,-51.250,-26.2,-6.762,-6.762,-48.469,-105.500,-110.5,3.316,3.316,-100.068,0.000,0.0,0.000,0.000,0.000,0.000,0.0,0.000,0.000,0.000
3068.1422,1.510,31.6,-5.398,-5.398,-0.630,1.676,4.6,-0.490,-0.490,4.012,27.391,-26.2,2.502,2.502,32.739,92.375,128.6,-5.566,-5.566,97.398,1.723,16.9,4.227,4.227,1.060,-12.445,0.4,-7.809,-7.809,-6.332,-51.250,-3.2,-5.898,-5.898,-48.469,-105.750,-112.5,6.043,6.043,-100.068,0.000,0.0,0.000,0.000,0.000,0.000,0.0,0.000,0.000,0.000
3068.1442,1.516,15.3,-5.816,-5.816,-0.630,1.666,-0.6,-2.367,-2.367,4.012,27.297,-36.8,1.979,1.979,32.739,92.625,115.4,-5.961,-5.961,97.398,1.745,14.1,6.035,6.035,1.060,-12.477,-7.6,-7.559,-7.559,-6.332,-51.219,8.2,-5.684,-5.684,-48.469,-105.938,-111.0,6.820,6.820,-100.068,0.000,0.0,0.000,0.000,0.000,0.000,0.0,0.000,0.000,0.000
3068.1462,1.497,-2.3,-5.887,-5.887,-0.630,1.632,-10.9,-3.631,-3.631,4.012,27.172,-51.2,1.772,1.772,32.739,92.812,108.6,-5.617,-5.617,97.398,1.776,15.1,7.109,7.109,1.060,-12.500,-11.3,-6.941,-6.941,-6.332,-51.125,25.7,-5.836,-5.836,-48.469,-106.125,-106.2,7.203,7.203,-100.068,0.000,0.0,0.000,0.000,0.000,0.000,0.0,0.000,0.000,0.000
3068.1482,1.472,-9.9,-5.797,-5.797,-0.630,1.572,-22.6,-3.561,-3.561,4.012,27.062,-58.0,1.893,1.893,32.739,93.000,98.1,-5.543,-5.543,97.398,1.829,21.1,-2.729,-2.729,1.060,-12.539,-15.8,-6.242,-6.242,-6.332,-51.062,31.5,-4.863,-4.863,-48.469,-106.312,-96.9,5.969,5.969,-100.068,0.000,0.0,0.000,0.000,0.000,0.000,0.0,0.000,0.000,0.000
3068.1502,1.415,-21.2,4.285,4.285,-0.630,1.494,-33.9,1.846,1.846,4.012,26.906,-68.6,2.996,2.996,32.739,93.188,86.5,-5.191,-5.191,97.398,1.846,10.9,-3.014,-3.014,1.060,-12.547,-7.0,-0.157,-0.157,-6.332,-51.000,32.9,-3.770,-3.770,-48.469,-106.500,-86.9,6.137,6.137,-100.068,0.000,0.0,0.000,0.000,0.000,0.000,0.0,0.000,0.000,0.000
3068.1522,1.422,-7.5,1.782,1.782,-0.630,1.443,-27.9,3.828,3.828,4.012,26.750,-73.3,4.781,4.781,32.739,93.312,68.9,-4.469,-4.469,97.398,1.826,-1.6,-1.996,-1.996,1.060,-12.516,8.7,0.054,0.054,-6.332,-50.906,39.9,-3.686,-3.686,-48.469,-106.625,-72.1,5.754,5.754,-100.068,0.000,0.0,0.000,0.000,0.000,0.000,0.0,0.000,0.000,0.000
3068.1542,1.438,1.2,1.570,1.570,-0.630,1.428,-23.2,3.438,3.438,4.012,26.688,-68.5,5.816,5.816,32.739,93.375,64.9,-4.227,-4.227,97.398,1.789,-15.3,-1.398,-1.398,1.060,-12.500,12.7,-0.021,-0.021,-6.332,-50.875,40.2,-3.803,-3.803,-48.469,-106.688,-70.6,5.523,5.523,-100.068,0.000,0.0,0.000,0.000,0.000,0.000,0.0,0.000,0.000,0.000
3068.1562,1.497,18.0,1.451,1.451,-0.630,1.438,1.5,3.578,3.578,4.012,26.516,-57.2,5.203,5.203,32.739,93.500,47.0,-3.324,-3.324,97.398,1.679,-32.8,-0.786,-0.786,1.060,-12.398,25.8,-1.515,-1.515,-6.332,-50.750,41.4,-5.559,-5.559,-48.469,-106.812,-51.4,4.629,4.629,-100.068,0.000,0.0,0.000,0.000,0.000,0.000,0.0,0.000,0.000,0.000
3068.1582,1.547,24.1,2.039,2.039,-0.630,1.450,4.7,2.789,2.789,4.012,26.438,-49.9,4.676,4.676,32.739,93.562,44.2,-2.701,-2.701,97.398,1.560,-49.0,0.122,0.122,1.060,-12.328,30.2,-2.607,-2.607,-6.332,-50.656,38.3,-6.996,-6.996,-48.469,-106.938,-46.0,4.238,4.238,-100.068,0.000,0.0,0.000,0.000,0.000,0.000,0.0,0.000,0.000,0.000
3068.1604,1.601,26.6,2.793,2.793,-0.630,1.513,20.2,1.897,1.897,4.012,26.391,-31.5,3.855,3.855,32.739,93.625,29.9,-2.230,-2.230,97.398,1.425,-61.6,3.129,3.129,1.060,-12.297,22.5,-3.332,-3.332,-6.332,-50.625,24.0,-7.750,-7.750,-48.469,-107.000,-41.9,4.730,4.730,-100.068,0.000,0.0,0.000,0.000,0.000,0.000,0.0,0.000,0.000,0.000
3068.1622,1.670,31.0,0.318,0.318,-0.630,1.582,30.4,1.234,1.234,4.012,26.344,-24.0,3.516,3.516,32.739,93.625,24.0,-2.000,-2.000,97.398,1.296,-62.7,4.633,4.633,1.060,-12.289,10.0,-3.084,-3.084,-6.332,-50.625,12.6,-7.320,-7.320,-48.469,-107.062,-29.6,4.574,4.574,-100.068,0.000,0.0,0.000,0.000,0.000,0.000,0.0,0.000,0.000,0.000
3068.1642,1.738,31.9,-0.766,-0.766,-0.630,1.647,32.3,0.841,0.841,4.012,26.328,-14.3,3.021,3.021,32.739,93.688,18.5,-1.774,-1.774,97.398,1.180,-58.1,5.359,5.359,1.060,-12.297,1.0,-2.574,-2.574,-6.332,-50.625,2.6,-6.531,-6.531,-48.469,-107.062,-21.5,4.406,4.406,-100.068,0.000,0.0,0.000,0.000,0.000,0.000,0.0,0.000,0.000,0.000
3068.1662,1.802,32.3,-2.318,-2.318,-0.630,1.723,35.8,0.624,0.624,4.012,26.328,-8.5,4.547,4.547,32.739,93.750,18.2,-1.252,-1.252,97.398,1.086,-50.6,5.605,5.605,1.060,-12.312,-4.2,-3.014,-3.014,-6.332,-50.656,-9.5,-6.680,-6.680,-48.469,-107.062,-14.2,5.316,5.316,-100.068,0.000,0.0,0.000,0.000,0.000,0.000,0.0,0.000,0.000,0.000
3068.1682,1.836,23.2,-3.109,-3.109,-0.630,1.767,26.8,0.710,0.710,4.012,26.344,-1.3,3.559,3.559,32.739,93.750,16.3,-0.981,-0.981,97.398,1.035,-33.3,5.609,5.609,1.060,-12.328,-6.0,-3.129,-3.129,-6.332,-50.688,-12.3,-7.105,-7.105,-48.469,-107.062,-5.8,5.312,5.312,-100.068,0.000,0.0,0.000,0.000,0.000,0.000,0.0,0.000,0.000,0.000
3068.1702,1.857,15.5,-2.107,-2.107,-0.630,1.789,16.4,1.091,1.091,4.012,26.375,12.6,4.680,4.680,32.739,93.812,15.2,-1.617,-1.617,97.398,0.995,-24.4,3.518,3.518,1.060,-12.328,-0.2,-2.363,-2.363,-6.332,-50.750,-20.8,-8.664,-8.664,-48.469,-107.062,10.4,7.137,7.137,-100.068,0.000,0.0,0.000,0.000,0.000,0.000,0.0,0.000,0.000,0.000
3068.1722,1.867,8.9,-1.079,-1.079,-0.630,1.773,0.8,2.051,2.051,4.012,26.406,13.8,4.266,4.266,32.739,93.812,11.1,-1.985,-1.985,97.398,0.979,-13.1,2.578,2.578,1.060,-12.312,5.2,-3.701,-3.701,-6.332,-50.812,-28.3,-9.125,-9.125,-48.469,-107.000,22.1,7.551,7.551,-100.068,0.000,0.0,0.000,0.000,0.000,0.000,0.0,0.000,0.000,0.000
3068.1742,1.870,4.9,-0.281,-0.281,-0.630,1.745,-9.2,2.533,2.533,4.012,26.438,16.9,4.480,4.480,32.739,93.812,10.7,-1.833,-1.833,97.398,0.973,-6.3,2.926,2.926,1.060,-12.305,5.9,-4.336,-4.336,-6.332,-50.844,-26.7,-10.117,-10.117,-48.469,-106.938,35.2,7.801,7.801,-100.068,0.000,0.0,0.000,0.000,0.000,0.000,0.0,0.000,0.000,0.000
3068.1762,1.864,0.6,-0.731,-0.731,-0.630,1.701,-17.2,2.793,2.793,4.012,26.484,15.7,3.998,3.998,32.739,93.812,5.5,-1.873,-1.873,97.398,0.973,-1.1,2.686,2.686,1.060,-12.266,14.6,-5.020,-5.020,-6.332,-50.938,-32.5,-10.125,-10.125,-48.469,-106.812,50.2,7.277,7.277,-100.068,0.000,0.0,0.000,0.000,0.000,0.000,0.0,0.000,0.000,0.000
3068.1782,1.849,-4.3,-0.176,-0.176,-0.630,1.660,-17.8,3.225,3.225,4.012,26.516,17.0,4.184,4.184,32.739,93.812,-0.6,-1.499,-1.499,97.398,0.979,-0.3,1.700,1.700,1.060,-12.250,11.9,-4.715,-4.715,-6.332,-51.000,-38.1,-10.859,-10.859,-48.469,-106.688,56.7,7.301,7.301,-100.068,0.000,0.0,0.000,0.000,0.000,0.000,0.0,0.000,0.000,0.000
3068.1803,1.833,-6.6,-1.046,-1.046,-0.630,1.610,-22.0,3.066,3.066,4.012,26.531,11.4,3.887,3.887,32.739,93.812,-2.0,-0.691,-0.691,97.398,0.998,5.2,2.934,2.934,1.060,-12.227,12.0,-5.691,-5.691,-6.332,-51.094,-40.0,-11.016,-11.016,-48.469,-106.500,70.1,6.629,6.629,-100.068,0.000,0.0,0.000,0.000,0.000,0.000,0.0,0.000,0.000,0.000
3068.1824,1.808,-10.9,-4.633,-4.633,-0.630,1.585,-17.1,1.434,1.434,4.012,26.531,5.2,3.469,3.469,32.739,93.812,-4.0,0.558,0.558,97.398,1.039,16.6,6.812,6.812,1.060,-12.211,7.8,-7.133,-7.133,-6.332,-51.188,-45.6,-11.148,-11.148,-48.469,-106.375,81.1,5.695,5.695,-100.068,0.000,0.0,0.000,0.000,0.000,0.000,0.0,0.000,0.000,0.000
3068.1842,1.754,-21.6,-5.895,-5.895,-0.630,1.554,-16.5,0.798,0.798,4.012,26.516,-5.2,3.459,3.459,32.739,93.812,1.1,1.077,1.077,97.398,1.114,32.3,7.766,7.766,1.060,-12.227,-1.5,-7.602,-7.602,-6.332,-51.250,-42.7,-11.180,-11.180,-48.469,-106.188,83.4,2.727,2.727,-100.068,0.000,0.0,0.000,0.000,0.000,0.000,0.0,0.000,0.000,0.000
3068.1862,1.676,-33.2,-4.598,-4.598,-0.630,1.513,-20.3,0.715,0.715,4.012,26.453,-17.5,4.188,4.188,32.739,93.812,5.6,1.002,1.002,97.398,1.224,47.3,5.828,5.828,1.060,-12.242,-4.8,-8.141,-8.141,-6.332,-51.344,-36.6,-11.250,-11.250,-48.469,-106.000,78.8,2.553,2.553,-100.068,0.000,0.0,0.000,0.000,0.000,0.000,0.0,0.000,0.000,0.000
3068.1882,1.610,-32.9,-4.035,-4.035,-0.630,1.484,-17.1,0.675,0.675,4.012,26.406,-22.1,4.641,4.641,32.739,93.812,11.2,0.892,0.892,97.398,1.355,60.3,4.359,4.359,1.060,-12.258,-5.9,-8.438,-8.438,-6.332,-51.406,-36.6,-11.320,-11.320,-48.469,-105.875,74.7,1.816,1.816,-100.068,0.000,0.0,0.000,0.000,0.000,0.000,0.0,0.000,0.000,0.000
3068.1902,1.547,-31.1,-3.984,-3.984,-0.630,1.456,-15.4,0.447,0.447,4.012,26.344,-30.2,5.496,5.496,32.739,93.875,13.6,0.913,0.913,97.398,1.487,62.4,3.322,3.322,1.060,-12.273,-8.0,-9.406,-9.406,-6.332,-51.438,-25.5,-11.484,-11.484,-48.469,-105.750,63.3,-1.077,-1.077,-100.068,0.000,0.0,0.000,0.000,0.000,0.000,0.0,0.000,0.000,0.000
3068.1922,1.503,-25.7,-4.598,-4.598,-0.630,1.428,-13.8,0.574,0.574,4.012,26.297,-24.1,6.062,6.062,32.739,93.938,24.5,0.960,0.960,97.398,1.642,68.9,2.580,2.580,1.060,-12.289,-7.4,-10.234,-10.234,-6.332,-51.500,-19.5,-12.070,-12.070,-48.469,-105.688,42.2,-2.375,-2.375,-100.068,0.000,0.0,0.000,0.000,0.000,0.000,0.0,0.000,0.000,0.000
3068.1942,1.479,-16.8,-4.789,-4.789,-0.630,1.399,-13.7,0.352,0.352,4.012,26.234,-28.5,5.844,5.844,32.739,94.000,26.0,0.682,0.682,97.398,1.792,72.8,1.988,1.988,1.060,-12.328,-14.4,-10.070,-10.070,-6.332,-51.500,-10.6,-12.203,-12.203,-48.469,-105.688,19.9,-1.697,-1.697,-100.068,0.000,0.0,0.000,0.000,0.000,0.000,0.0,0.000,0.000,0.000
3068.1962,1.466,-8.6,-4.105,-4.105,-0.630,1.378,-12.8,0.545,0.545,4.012,26.203,-21.5,5.883,5.883,32.739,94.062,31.1,0.545,0.545,97.398,1.921,66.6,0.901,0.901,1.060,-12.359,-16.5,-9.461,-9.461,-6.332,-51.500,-1.8,-12.320,-12.320,-48.469,-105.750,-8.9,-1.196,-1.196,-100.068,0.000,0.0,0.000,0.000,0.000,0.000,0.0,0.000,0.000,0.000
3068.1982,1.466,-0.9,3.645,3.645,-0.630,1.371,-6.8,4.207,4.207,4.012,26.172,-15.8,6.996,6.996,32.739,94.125,32.8,0.489,0.489,97.398,2.018,53.3,-7.328,-7.328,1.060,-12.398,-15.1,-6.219,-6.219,-6.332,-51.469,8.2,-10.547,-10.547,-48.469,-105.812,-26.0,-0.548,-0.548,-100.068,0.000,0.0,0.000,0.000,0.000,0.000,0.0,0.000,0.000,0.000
3068.2002,1.525,19.8,6.016,6.016,-0.630,1.391,3.3,6.691,6.691,4.012,26.172,-7.0,8.445,8.445,32.739,94.188,31.4,0.190,0.190,97.398,2.012,15.8,-9.797,-9.797,1.060,-12.398,-6.0,-3.762,-3.762,-6.332,-51.438,12.5,-8.094,-8.094,-48.469,-105.938,-49.3,0.428,0.428,-100.068,0.000,0.0,0.000,0.000,0.000,0.000,0.0,0.000,0.000,0.000
3068.2022,1.632,41.9,1.832,1.832,-0.630,1.450,20.6,7.375,7.375,4.012,26.188,4.3,9.539,9.539,32.739,94.250,34.1,0.057,0.057,97.398,1.933,-20.4,-5.891,-5.891,1.060,-12.383,6.7,-1.900,-1.900,-6.332,-51.344,32.5,-5.707,-5.707,-48.469,-106.062,-62.4,1.532,1.532,-100.068,0.000,0.0,0.000,0.000,0.000,0.000,0.0,0.000,0.000,0.000
3068.2042,1.748,52.2,-0.808,-0.808,-0.630,1.525,30.2,6.867,6.867,4.012,26.234,14.3,10.461,10.461,32.739,94.312,31.9,-0.929,-0.929,97.398,1.789,-54.9,-2.393,-2.393,1.060,-12.328,19.8,-1.043,-1.043,-6.332,-51.250,44.6,-4.117,-4.117,-48.469,-106.188,-69.6,2.695,2.695,-100.068,0.000,0.0,0.000,0.000,0.000,0.000,0.0,0.000,0.000,0.000
3068.2062,1.849,51.0,-3.449,-3.449,-0.630,1.629,43.1,6.527,6.527,4.012,26.312,29.5,10.289,10.289,32.739,94.375,32.9,-4.273,-4.273,97.398,1.635,-68.5,0.700,0.700,1.060,-12.258,30.4,-0.207,-0.207,-6.332,-51.125,58.5,-3.859,-3.859,-48.469,-106.375,-76.9,3.547,3.547,-100.068,0.000,0.0,0.000,0.000,0.000,0.000,0.0,0.000,0.000,0.000
3068.2084,1.883,45.0,-5.938,-5.938,-0.630,1.670,40.8,6.289,6.289,4.012,26.359,39.3,10.734,10.734,32.739,94.375,25.5,-5.125,-5.125,97.398,1.544,-76.8,4.102,4.102,1.060,-12.227,32.6,0.257,0.257,-6.332,-51.031,71.1,-4.242,-4.242,-48.469,-106.438,-78.6,3.896,3.896,-100.068,0.000,0.0,0.000,0.000,0.000,0.000,0.0,0.000,0.000,0.000
3068.2104,1.921,15.8,-12.156,-12.156,-0.630,1.782,33.5,5.504,5.504,4.012,26.516,49.0,11.008,11.008,32.739,94.438,4.3,-10.445,-10.445,97.398,1.353,-64.4,11.898,11.898,1.060,-12.109,36.5,1.066,1.066,-6.332,-50.750,87.1,-2.803,-2.803,-48.469,-106.688,-72.2,5.266,5.266,-100.068,0.000,0.0,0.000,0.000,0.000,0.000,0.0,0.000,0.000,0.000
3068.2124,1.846,-18.4,-12.195,-12.195,-0.630,1.802,19.9,6.047,6.047,4.012,26.625,52.0,10.852,10.852,32.739,94.312,-24.6,-10.906,-10.906,97.398,1.309,-35.1,12.938,12.938,1.060,-12.023,41.2,1.339,1.339,-6.332,-50.562,97.5,-3.049,-3.049,-48.469,-106.812,-69.2,5.168,5.168,-100.068,0.000,0.0,0.000,0.000,0.000,0.000,0.0,0.000,0.000,0.000
3068.2145,1.697,-52.4,-10.328,-10.328,-0.630,1.795,6.2,5.602,5.602,4.012,26.750,57.9,10.758,10.758,32.739,94.188,-52.5,-10.023,-10.023,97.398,1.353,2.1,10.805,10.805,1.060,-11.938,40.9,0.920,0.920,-6.332,-50.344,99.7,-3.225,-3.225,-48.469,-106.938,-59.8,4.930,4.930,-100.068,0.000,0.0,0.000,0.000,0.000,0.000,0.0,0.000,0.000,0.000
3068.2162,1.494,-82.1,-7.531,-7.531,-0.630,1.779,-2.1,5.688,5.688,4.012,26.859,57.2,10.500,10.500,32.739,94.000,-85.7,-10.211,-10.211,97.398,1.443,30.6,8.062,8.062,1.060,-11.859,41.8,0.613,0.613,-6.332,-50.125,102.2,-3.016,-3.016,-48.469,-107.000,-46.8,4.848,4.848,-100.068,0.000,0.0,0.000,0.000,0.000,0.000,0.0,0.000,0.000,0.000
3068.2182,1.303,-89.4,-6.379,-6.379,-0.630,1.754,-11.1,4.848,4.848,4.012,26.953,51.7,10.695,10.695,32.739,93.750,-110.4,-10.453,-10.453,97.398,1.569,52.0,5.992,5.992,1.060,-11.773,41.2,0.576,0.576,-6.332,-49.938,99.8,-2.914,-2.914,-48.469,-107.062,-41.8,4.688,4.688,-100.068,0.000,0.0,0.000,0.000,0.000,0.000,0.0,0.000,0.000,0.000
3068.2202,1.123,-89.1,-5.328,-5.328,-0.630,1.773,1.1,4.754,4.754,4.012,27.047,46.2,11.172,11.172,32.739,93.375,-146.1,-9.305,-9.305,97.398,1.697,61.2,2.857,2.857,1.060,-11.695,42.6,0.420,0.420,-6.332,-49.750,94.6,-3.105,-3.105,-48.469,-107.125,-27.5,4.262,4.262,-100.068,0.000,0.0,0.000,0.000,0.000,0.000,0.0,0.000,0.000,0.000
3068.2222,0.998,-72.1,-3.967,-3.967,-0.630,1.773,1.7,5.344,5.344,4.012,27.172,55.3,12.141,12.141,32.739,93.062,-169.4,-8.664,-8.664,97.398,1.836,63.8,0.510,0.510,1.060,-11.633,35.4,0.220,0.220,-6.332,-49.594,88.1,-2.998,-2.998,-48.469,-107.125,-22.0,3.979,3.979,-100.068,0.000,0.0,0.000,0.000,0.000,0.000,0.0,0.000,0.000,0.000
3068.2242,0.897,-56.3,-1.908,-1.908,-0.630,1.789,5.5,8.344,8.344,4.012,27.297,56.1,9.125,9.125,32.739,92.625,-192.1,-4.133,-4.133,97.398,1.937,53.3,-2.348,-2.348,1.060,-11.562,34.1,-0.584,-0.584,-6.332,-49.438,79.6,-9.422,-9.422,-48.469,-107.188,-10.7,9.266,9.266,-100.068,0.000,0.0,0.000,0.000,0.000,0.000,0.0,0.000,0.000,0.000
3068.2262,0.863,-29.2,9.344,9.344,-0.630,1.836,15.9,7.496,7.496,4.012,27.406,55.6,3.814,3.814,32.739,92.250,-196.4,1.647,1.647,97.398,1.952,20.6,-9.969,-9.969,1.060,-11.539,19.5,-2.727,-2.727,-6.332,-49.344,57.1,-14.594,-14.594,-48.469,-107.125,9.0,14.500,14.500,-100.068,0.000,0.0,0.000,0.000,0.000,0.000,0.0,0.000,0.000,0.000
3068.2282,0.941,15.9,7.359,7.359,-0.630,1.880,19.7,2.816,2.816,4.012,27.484,42.4,2.336,2.336,32.739,91.875,-187.2,3.348,3.348,97.398,1.898,-9.5,-5.414,-5.414,1.060,-11.562,-1.4,-2.602,-2.602,-6.332,-49.344,20.7,-14.141,-14.141,-48.469,-107.062,35.3,12.812,12.812,-100.068,0.000,0.0,0.000,0.000,0.000,0.000,0.0,0.000,0.000,0.000
3068.2302,1.079,50.8,4.391,4.391,-0.630,1.886,8.0,3.393,3.393,4.012,27.484,17.0,5.742,5.742,32.739,91.562,-162.9,1.767,1.767,97.398,1.764,-45.0,-2.504,-2.504,1.060,-11.602,-13.0,-0.861,-0.861,-6.332,-49.406,-14.1,-11.594,-11.594,-48.469,-106.875,68.5,10.102,10.102,-100.068,0.000,0.0,0.000,0.000,0.000,0.000,0.0,0.000,0.000,0.000
3068.2322,1.249,72.9,1.299,1.299,-0.630,1.857,-6.1,5.582,5.582,4.012,27.453,-3.4,9.078,9.078,32.739,91.312,-139.5,0.426,0.426,97.398,1.610,-64.6,-0.453,-0.453,1.060,-11.641,-18.7,0.250,0.250,-6.332,-49.531,-36.2,-10.141,-10.141,-48.469,-106.625,96.1,8.273,8.273,-100.068,0.000,0.0,0.000,0.000,0.000,0.000,0.0,0.000,0.000,0.000
3068.2342,1.415,79.0,-0.483,-0.483,-0.630,1.817,-15.2,6.883,6.883,4.012,27.422,-15.5,11.625,11.625,32.739,91.062,-125.5,-0.831,-0.831,97.398,1.438,-76.6,1.228,1.228,1.060,-11.672,-16.5,-0.136,-0.136,-6.332,-49.656,-51.5,-10.297,-10.297,-48.469,-106.375,112.8,7.555,7.555,-100.068,0.000,0.0,0.000,0.000,0.000,0.000,0.0,0.000,0.000,0.000
3068.2363,1.578,80.7,-2.492,-2.492,-0.630,1.782,-16.1,7.867,7.867,4.012,27.391,-15.9,15.297,15.297,32.739,90.875,-101.9,-4.250,-4.250,97.398,1.259,-82.5,3.936,3.936,1.060,-11.703,-15.5,-0.505,-0.505,-6.332,-49.812,-73.7,-7.641,-7.641,-48.469,-106.125,129.0,4.148,4.148,-100.068,0.000,0.0,0.000,0.000,0.000,0.000,0.0,0.000,0.000,0.000
3068.2383,1.717,71.5,-5.230,-5.230,-0.630,1.758,-13.2,9.883,9.883,4.012,27.375,-8.1,18.547,18.547,32.739,90.750,-91.8,-6.434,-6.434,97.398,1.099,-81.2,4.551,4.551,1.060,-11.727,-14.9,0.129,0.129,-6.332,-50.000,-78.2,-5.312,-5.312,-48.469,-105.812,137.5,1.643,1.643,-100.068,0.000,0.0,0.000,0.000,0.000,0.000,0.0,0.000,0.000,0.000
3068.2405,1.811,55.4,-7.012,-7.012,-0.630,1.758,-4.5,9.500,9.500,4.012,27.406,5.9,18.875,18.875,32.739,90.562,-84.6,-6.961,-6.961,97.398,0.970,-72.2,5.277,5.277,1.060,-11.750,-13.8,0.389,0.389,-6.332,-50.125,-74.3,-5.129,-5.129,-48.469,-105.562,127.8,1.633,1.633,-100.068,0.000,0.0,0.000,0.000,0.000,0.000,0.0,0.000,0.000,0.000
3068.2422,1.857,35.4,-6.027,-6.027,-0.630,1.764,0.6,8.727,8.727,4.012,27.453,16.6,15.133,15.133,32.739,90.438,-72.9,-3.291,-3.291,97.398,0.891,-51.0,6.934,6.934,1.060,-11.766,-11.6,-1.093,-1.093,-6.332,-50.250,-69.5,-8.047,-8.047,-48.469,-105.312,121.2,3.895,3.895,-100.068,0.000,0.0,0.000,0.000,0.000,0.000,0.0,0.000,0.000,0.000
3068.2442,1.870,15.9,-5.359,-5.359,-0.630,1.761,-0.5,5.789,5.789,4.012,27.469,11.6,10.578,10.578,32.739,90.312,-63.6,0.817,0.817,97.398,0.835,-33.8,8.781,8.781,1.060,-11.781,-10.1,-4.309,-4.309,-6.332,-50.438,-77.6,-11.242,-11.242,-48.469,-105.125,114.2,5.730,5.730,-100.068,0.000,0.0,0.000,0.000,0.000,0.000,0.0,0.000,0.000,0.000
3068.2462,1.849,-1.7,-10.891,-10.891,-0.630,1.723,-14.5,2.840,2.840,4.012,27.469,4.1,7.387,7.387,32.739,90.250,-35.0,4.922,4.922,97.398,0.822,-15.3,18.234,18.234,1.060,-11.812,-13.2,-6.445,-6.445,-6.332,-50.594,-85.4,-13.727,-13.727,-48.469,-104.938,107.2,0.706,0.706,-100.068,0.000,0.0,0.000,0.000,0.000,0.000,0.0,0.000,0.000,0.000
3068.2482,1.761,-28.7,-9.383,-9.383,-0.630,1.670,-23.2,2.740,2.740,4.012,27.438,-11.2,8.867,8.867,32.739,90.312,-0.7,3.949,3.949,97.398,0.941,33.2,12.359,12.359,1.060,-11.906,-31.5,-6.457,-6.457,-6.332,-50.844,-102.5,-11.984,-11.984,-48.469,-104.812,78.9,-3.396,-3.396,-100.068,0.000,0.0,0.000,0.000,0.000,0.000,0.0,0.000,0.000,0.000
3068.2502,1.629,-51.8,-6.484,-6.484,-0.630,1.616,-24.3,3.336,3.336,4.012,27.359,-25.2,8.430,8.430,32.739,90.438,39.0,2.379,2.379,97.398,1.086,57.8,7.457,7.457,1.060,-12.008,-45.0,-4.762,-4.762,-6.332,-51.062,-115.2,-9.328,-9.328,-48.469,-104.688,54.6,-2.314,-2.314,-100.068,0.000,0.0,0.000,0.000,0.000,0.000,0.0,0.000,0.000,0.000
3068.2522,1.513,-56.1,-4.383,-4.383,-0.630,1.554,-27.7,3.328,3.328,4.012,27.297,-33.8,8.844,8.844,32.739,90.562,66.8,1.349,1.349,97.398,1.252,70.6,3.705,3.705,1.060,-12.086,-39.6,-5.531,-5.531,-6.332,-51.312,-117.7,-7.996,-7.996,-48.469,-104.688,16.8,-3.176,-3.176,-100.068,0.000,0.0,0.000,0.000,0.000,0.000,0.0,0.000,0.000,0.000
3068.2542,1.450,-38.2,-4.145,-4.145,-0.630,1.516,-22.2,2.174,2.174,4.012,27.234,-30.9,8.594,8.594,32.739,90.812,90.6,0.466,0.466,97.398,1.453,87.1,1.508,1.508,1.060,-12.180,-43.0,-5.926,-5.926,-6.332,-51.500,-108.6,-6.699,-6.699,-48.469,-104.750,-16.1,-2.107,-2.107,-100.068,0.000,0.0,0.000,0.000,0.000,0.000,0.0,0.000,0.000,0.000
3068.2562,1.409,-24.3,-4.398,-4.398,-0.630,1.500,-13.4,1.733,1.733,4.012,27.172,-25.7,7.688,7.688,32.739,91.062,111.1,-0.795,-0.795,97.398,1.635,88.8,-0.371,-0.371,1.060,-12.242,-38.4,-5.504,-5.504,-6.332,-51.719,-105.7,-4.844,-4.844,-48.469,-104.875,-42.0,-0.699,-0.699,-100.068,0.000,0.0,0.000,0.000,0.000,0.000,0.0,0.000,0.000,0.000
3068.2582,1.409,-8.2,-3.307,-3.307,-0.630,1.506,-3.6,0.903,0.903,4.012,27.141,-20.1,6.402,6.402,32.739,91.312,126.0,-2.195,-2.195,97.398,1.789,81.4,-2.752,-2.752,1.060,-12.320,-37.8,-5.340,-5.340,-6.332,-51.844,-82.2,-5.008,-5.008,-48.469,-105.062,-69.8,0.492,0.492,-100.068,0.000,0.0,0.000,0.000,0.000,0.000,0.0,0.000,0.000,0.000
3068.2602,1.446,8.5,-3.527,-3.527,-0.630,1.513,-0.3,0.548,0.548,4.012,27.094,-21.7,5.332,5.332,32.739,91.562,125.5,-4.008,-4.008,97.398,1.901,65.6,-3.105,-3.105,1.060,-12.352,-25.8,-5.629,-5.629,-6.332,-51.938,-59.0,-4.742,-4.742,-48.469,-105.250,-88.5,1.974,1.974,-100.068,0.000,0.0,0.000,0.000,0.000,0.000,0.0,0.000,0.000,0.000
3068.2622,1.519,26.2,-4.398,-4.398,-0.630,1.534,6.6,-0.105,-0.105,4.012,27.047,-23.9,4.094,4.094,32.739,91.812,129.9,-4.750,-4.750,97.398,1.974,47.2,-1.767,-1.767,1.060,-12.367,-13.4,-6.086,-6.086,-6.332,-51.969,-26.5,-5.297,-5.297,-48.469,-105.500,-103.6,3.266,3.266,-100.068,0.000,0.0,0.000,0.000,0.000,0.000,0.0,0.000,0.000,0.000
3068.2642,1.582,29.1,-6.039,-6.039,-0.630,1.525,-2.0,-0.816,-0.816,4.012,26.969,-32.7,3.119,3.119,32.739,92.062,125.6,-5.102,-5.102,97.398,2.006,27.9,0.757,0.757,1.060,-12.375,-9.5,-6.605,-6.605,-6.332,-51.938,-4.5,-5.711,-5.711,-48.469,-105.688,-114.1,4.672,4.672,-100.068,0.000,0.0,0.000,0.000,0.000,0.000,0.0,0.000,0.000,0.000
3068.2663,1.632,25.4,-7.129,-7.129,-0.630,1.525,-1.4,-1.597,-1.597,4.012,26.875,-42.6,2.492,2.492,32.739,92.312,119.9,-5.582,-5.582,97.398,2.037,21.3,3.738,3.738,1.060,-12.383,-6.9,-6.723,-6.723,-6.332,-51.906,16.3,-5.766,-5.766,-48.469,-105.938,-111.9,5.770,5.770,-100.068,0.000,0.0,0.000,0.000,0.000,0.000,0.0,0.000,0.000,0.000
3068.2683,1.632,8.1,-6.469,-6.469,-0.630,1.481,-16.6,-2.484,-2.484,4.012,26.766,-50.8,2.561,2.561,32.739,92.500,111.3,-5.617,-5.617,97.398,2.080,23.6,4.750,4.750,1.060,-12.414,-9.9,-5.973,-5.973,-6.332,-51.812,29.7,-5.852,-5.852,-48.469,-106.125,-106.7,6.273,6.273,-100.068,0.000,0.0,0.000,0.000,0.000,0.000,0.0,0.000,0.000,0.000
3068.2703,1.613,-4.8,-6.172,-6.172,-0.630,1.453,-17.5,-2.559,-2.559,4.012,26.625,-64.7,2.799,2.799,32.739,92.688,99.2,-5.254,-5.254,97.398,2.125,25.6,5.754,5.754,1.060,-12.445,-14.9,-5.453,-5.453,-6.332,-51.750,30.1,-6.113,-6.113,-48.469,-106.312,-99.2,5.871,5.871,-100.068,0.000,0.0,0.000,0.000,0.000,0.000,0.0,0.000,0.000,0.000
3068.2722,1.569,-17.6,1.318,1.318,-0.630,1.394,-24.5,-1.957,-1.957,4.012,26.484,-71.4,4.254,4.254,32.739,92.875,88.5,-4.832,-4.832,97.398,2.178,27.4,-4.945,-4.945,1.060,-12.461,-11.0,0.090,0.090,-6.332,-51.688,36.7,-3.963,-3.963,-48.469,-106.500,-86.6,5.957,5.957,-100.068,0.000,0.0,0.000,0.000,0.000,0.000,0.0,0.000,0.000,0.000
3068.2742,1.557,-10.4,2.346,2.346,-0.630,1.337,-26.5,2.689,2.689,4.012,26.344,-71.5,5.957,5.957,32.739,93.000,74.1,-4.980,-4.980,97.398,2.178,11.6,-2.840,-2.840,1.060,-12.430,5.0,0.972,0.972,-6.332,-51.594,43.2,-2.609,-2.609,-48.469,-106.625,-83.2,6.070,6.070,-100.068,0.000,0.0,0.000,0.000,0.000,0.000,0.0,0.000,0.000,0.000
3068.2762,1.557,-3.8,0.939,0.939,-0.630,1.306,-20.6,3.980,3.980,4.012,26.234,-60.8,6.664,6.664,32.739,93.125,66.0,-4.363,-4.363,97.398,2.131,-10.6,-1.449,-1.449,1.060,-12.383,19.1,0.785,0.785,-6.332,-51.500,46.0,-2.525,-2.525,-48.469,-106.750,-70.0,5.730,5.730,-100.068,0.000,0.0,0.000,0.000,0.000,0.000,0.0,0.000,0.000,0.000
3068.2782,1.582,6.7,0.828,0.828,-0.630,1.324,-2.7,3.564,3.564,4.012,26.141,-51.1,6.039,6.039,32.739,93.250,58.1,-3.477,-3.477,97.398,2.053,-30.6,-0.895,-0.895,1.060,-12.328,23.7,-0.573,-0.573,-6.332,-51.375,50.1,-5.266,-5.266,-48.469,-106.875,-60.2,4.977,4.977,-100.068,0.000,0.0,0.000,0.000,0.000,0.000,0.0,0.000,0.000,0.000
3068.2802,1.606,11.2,2.252,2.252,-0.630,1.365,15.0,3.391,3.391,4.012,26.078,-37.8,5.426,5.426,32.739,93.312,45.7,-2.826,-2.826,97.398,1.958,-42.9,-0.466,-0.466,1.060,-12.273,26.0,-1.948,-1.948,-6.332,-51.312,46.2,-6.270,-6.270,-48.469,-107.000,-50.9,4.285,4.285,-100.068,0.000,0.0,0.000,0.000,0.000,0.000,0.0,0.000,0.000,0.000
3068.2822,1.645,15.2,2.936,2.936,-0.630,1.415,23.0,2.668,2.668,4.012,26.031,-27.5,5.602,5.602,32.739,93.375,38.9,-2.414,-2.414,97.398,1.833,-55.2,0.275,0.275,1.060,-12.234,20.6,-1.937,-1.937,-6.332,-51.219,37.2,-5.520,-5.520,-48.469,-107.062,-44.6,4.086,4.086,-100.068,0.000,0.0,0.000,0.000,0.000,0.000,0.0,0.000,0.000,0.000
3068.2842,1.697,21.5,1.192,1.192,-0.630,1.484,30.6,2.695,2.695,4.012,26.016,-15.4,5.203,5.203,32.739,93.438,33.9,-2.072,-2.072,97.398,1.679,-68.8,2.514,2.514,1.060,-12.211,13.5,-1.462,-1.462,-6.332,-51.188,30.2,-6.105,-6.105,-48.469,-107.125,-35.5,4.223,4.223,-100.068,0.000,0.0,0.000,0.000,0.000,0.000,0.0,0.000,0.000,0.000
3068.2862,1.767,30.8,-0.509,-0.509,-0.630,1.575,39.6,2.211,2.211,4.012,26.031,2.4,4.867,4.867,32.739,93.500,28.1,-1.892,-1.892,97.398,1.550,-64.5,4.738,4.738,1.060,-12.203,6.4,-1.864,-1.864,-6.332,-51.156,19.3,-5.953,-5.953,-48.469,-107.188,-27.1,4.695,4.695,-100.068,0.000,0.0,0.000,0.000,0.000,0.000,0.0,0.000,0.000,0.000
3068.2882,1.795,19.8,-1.328,-1.328,-0.630,1.653,39.1,1.485,1.485,4.012,26.047,7.7,5.023,5.023,32.739,93.562,26.7,-2.273,-2.273,97.398,1.435,-59.2,4.973,4.973,1.060,-12.188,6.6,-1.658,-1.658,-6.332,-51.156,6.9,-6.367,-6.367,-48.469,-107.188,-21.2,5.539,5.539,-100.068,0.000,0.0,0.000,0.000,0.000,0.000,0.0,0.000,0.000,0.000
3068.2902,1.836,18.9,-1.457,-1.457,-0.630,1.720,34.5,1.946,1.946,4.012,26.094,16.1,4.977,4.977,32.739,93.562,20.5,-2.545,-2.545,97.398,1.334,-51.9,4.551,4.551,1.060,-12.195,1.0,-1.737,-1.737,-6.332,-51.156,2.6,-6.859,-6.859,-48.469,-107.188,-9.1,6.363,6.363,-100.068,0.000,0.0,0.000,0.000,0.000,0.000,0.0,0.000,0.000,0.000
3068.2922,1.861,13.8,-1.350,-1.350,-0.630,1.748,19.9,2.254,2.254,4.012,26.141,18.0,4.730,4.730,32.739,93.562,11.0,-2.725,-2.725,97.398,1.265,-39.7,4.273,4.273,1.060,-12.195,-0.9,-2.354,-2.354,-6.332,-51.188,-7.4,-7.496,-7.496,-48.469,-107.188,1.4,7.109,7.109,-100.068,0.000,0.0,0.000,0.000,0.000,0.000,0.0,0.000,0.000,0.000
3068.2942,1.880,10.8,-1.373,-1.373,-0.630,1.732,0.8,2.861,2.861,4.012,26.188,22.1,5.441,5.441,32.739,93.625,9.1,-3.654,-3.654,97.398,1.227,-23.6,3.953,3.953,1.060,-12.195,-1.5,-2.752,-2.752,-6.332,-51.219,-16.3,-7.648,-7.648,-48.469,-107.125,17.5,7.582,7.582,-100.068,0.000,0.0,0.000,0.000,0.000,0.000,0.0,0.000,0.000,0.000
3068.2969,1.877,2.7,-1.269,-1.269,-0.630,1.704,-9.9,3.428,3.428,4.012,26.234,24.0,5.215,5.215,32.739,93.625,-0.0,-2.896,-2.896,97.398,1.183,-20.2,2.967,2.967,1.060,-12.195,-1.2,-3.352,-3.352,-6.332,-51.281,-19.8,-8.555,-8.555,-48.469,-107.062,34.1,7.441,7.441,-100.068,0.000,0.0,0.000,0.000,0.000,0.000,0.0,0.000,0.000,0.000
3068.2986,1.877,0.4,0.026,0.026,-0.630,1.657,-17.6,3.332,3.332,4.012,26.281,23.5,5.168,5.168,32.739,93.562,-7.0,-2.670,-2.670,97.398,1.167,-13.1,1.782,1.782,1.060,-12.180,4.0,-3.736,-3.736,-6.332,-51.344,-28.6,-8.320,-8.320,-48.469,-106.938,49.2,6.910,6.910,-100.068,0.000,0.0,0.000,0.000,0.000,0.000,0.0,0.000,0.000,0.000
3068.3002,1.880,1.1,-0.377,-0.377,-0.630,1.606,-23.1,3.539,3.539,4.012,26.312,17.7,5.492,5.492,32.739,93.500,-17.4,-2.666,-2.666,97.398,1.155,-7.3,2.309,2.309,1.060,-12.180,1.1,-3.822,-3.822,-6.332,-51.375,-28.6,-8.883,-8.883,-48.469,-106.812,62.7,6.961,6.961,-100.068,0.000,0.0,0.000,0.000,0.000,0.000,0.0,0.000,0.000,0.000
3068.3022,1.893,5.3,-0.855,-0.855,-0.630,1.578,-17.5,3.438,3.438,4.012,26.328,13.7,5.637,5.637,32.739,93.500,-12.4,-2.184,-2.184,97.398,1.133,-9.6,2.332,2.332,1.060,-12.148,8.5,-4.152,-4.152,-6.332,-51.438,-29.3,-9.500,-9.500,-48.469,-106.625,73.8,6.848,6.848,-100.068,0.000,0.0,0.000,0.000,0.000,0.000,0.0,0.000,0.000,0.000
3068.3042,1.901,6.0,-2.039,-2.039,-0.630,1.541,-18.1,3.396,3.396,4.012,26.328,2.4,4.570,4.570,32.739,93.438,-16.9,-1.003,-1.003,97.398,1.139,-1.6,3.803,3.803,1.060,-12.133,7.6,-5.199,-5.199,-6.332,-51.500,-27.9,-10.688,-10.688,-48.469,-106.500,82.1,6.488,6.488,-100.068,0.000,0.0,0.000,0.000,0.000,0.000,0.0,0.000,0.000,0.000
3068.3062,1.914,4.6,-4.066,-4.066,-0.630,1.522,-12.9,2.479,2.479,4.012,26.312,-4.1,4.898,4.898,32.739,93.438,-10.8,-0.359,-0.359,97.398,1.158,6.5,5.102,5.102,1.060,-12.133,3.7,-6.199,-6.199,-6.332,-51.562,-31.2,-11.125,-11.125,-48.469,-106.312,89.1,6.125,6.125,-100.068,0.000,0.0,0.000,0.000,0.000,0.000,0.0,0.000,0.000,0.000
3068.3082,1.908,-0.4,-7.184,-7.184,-0.630,1.497,-13.6,1.649,1.649,4.012,26.266,-14.5,4.531,4.531,32.739,93.438,-10.2,1.523,1.523,97.398,1.202,16.9,8.938,8.938,1.060,-12.133,0.2,-7.910,-7.910,-6.332,-51.625,-33.2,-12.078,-12.078,-48.469,-106.125,97.2,4.516,4.516,-100.068,0.000,0.0,0.000,0.000,0.000,0.000,0.0,0.000,0.000,0.000
3068.3102,1.880,-9.2,-6.672,-6.672,-0.630,1.469,-15.3,0.874,0.874,4.012,26.219,-20.0,5.281,5.281,32.739,93.438,-0.2,1.549,1.549,97.398,1.290,34.2,7.176,7.176,1.060,-12.133,0.4,-8.234,-8.234,-6.332,-51.688,-31.7,-11.680,-11.680,-48.469,-105.938,95.6,1.286,1.286,-100.068,0.000,0.0,0.000,0.000,0.000,0.000,0.0,0.000,0.000,0.000
3068.3122,1.813,-24.5,-6.055,-6.055,-0.630,1.438,-16.0,0.847,0.847,4.012,26.172,-24.1,5.781,5.781,32.739,93.438,9.2,1.313,1.313,97.398,1.422,55.1,5.641,5.641,1.060,-12.164,-8.9,-8.531,-8.531,-6.332,-51.750,-29.5,-11.797,-11.797,-48.469,-105.750,89.1,0.004,0.004,-100.068,0.000,0.0,0.000,0.000,0.000,0.000,0.0,0.000,0.000,0.000
3068.3142,1.754,-29.6,-5.605,-5.605,-0.630,1.399,-17.8,0.812,0.812,4.012,26.078,-35.8,6.371,6.371,32.739,93.500,23.7,1.188,1.188,97.398,1.566,66.4,4.055,4.055,1.060,-12.180,-9.2,-9.266,-9.266,-6.332,-51.812,-28.3,-11.992,-11.992,-48.469,-105.625,73.8,-2.119,-2.119,-100.068,0.000,0.0,0.000,0.000,0.000,0.000,0.0,0.000,0.000,0.000
3068.3162,1.697,-29.2,-5.027,-5.027,-0.630,1.365,-17.5,0.592,0.592,4.012,26.031,-28.6,6.754,6.754,32.739,93.562,25.3,1.105,1.105,97.398,1.720,73.4,3.209,3.209,1.060,-12.219,-12.5,-9.578,-9.578,-6.332,-51.844,-23.9,-12.469,-12.469,-48.469,-105.562,49.7,-3.012,-3.012,-100.068,0.000,0.0,0.000,0.000,0.000,0.000,0.0,0.000,0.000,0.000
3068.3182,1.650,-26.2,-4.957,-4.957,-0.630,1.327,-20.2,0.679,0.679,4.012,25.969,-32.3,6.637,6.637,32.739,93.625,29.0,0.831,0.831,97.398,1.883,79.4,2.195,2.195,1.060,-12.273,-22.1,-9.648,-9.648,-6.332,-51.875,-17.5,-12.734,-12.734,-48.469,-105.500,24.5,-2.516,-2.516,-100.068,0.000,0.0,0.000,0.000,0.000,0.000,0.0,0.000,0.000,0.000
3068.3204,1.626,-16.7,-5.047,-5.047,-0.630,1.312,-14.2,0.704,0.704,4.012,25.922,-25.0,6.141,6.141,32.739,93.688,33.3,0.471,0.471,97.398,2.027,74.8,1.521,1.521,1.060,-12.336,-26.9,-9.109,-9.109,-6.332,-51.875,-10.3,-12.836,-12.836,-48.469,-105.562,-4.9,-0.777,-0.777,-100.068,0.000,0.0,0.000,0.000,0.000,0.000,0.0,0.000,0.000,0.000
3068.3227,1.591,-15.1,-3.203,-3.203,-0.630,1.303,-7.1,1.184,1.184,4.012,25.875,-25.1,6.781,6.781,32.739,93.812,38.8,0.052,0.052,97.398,2.166,69.6,-2.150,-2.150,1.060,-12.391,-28.1,-5.301,-5.301,-6.332,-51.906,-7.1,-11.055,-11.055,-48.469,-105.625,-26.1,-0.452,-0.452,-100.068,0.000,0.0,0.000,0.000,0.000,0.000,0.0,0.000,0.000,0.000
3068.3247,1.606,0.3,8.039,8.039,-0.630,1.296,-3.6,5.934,5.934,4.012,25.859,-16.9,6.895,6.895,32.739,93.875,43.5,-0.010,-0.010,97.398,2.225,41.7,-12.055,-12.055,1.060,-12.430,-19.8,-5.070,-5.070,-6.332,-51.875,5.3,-11.273,-11.273,-48.469,-105.750,-45.2,-0.105,-0.105,-100.068,0.000,0.0,0.000,0.000,0.000,0.000,0.0,0.000,0.000,0.000
3068.3262,1.714,34.7,3.854,3.854,-0.630,1.347,16.5,4.949,4.949,4.012,25.844,-8.6,9.469,9.469,32.739,94.000,44.7,-0.134,-0.134,97.398,2.203,7.9,-8.922,-8.922,1.060,-12.430,-7.0,-2.322,-2.322,-6.332,-51.844,12.2,-8.039,-8.039,-48.469,-105.875,-61.2,0.912,0.912,-100.068,0.000,0.0,0.000,0.000,0.000,0.000,0.0,0.000,0.000,0.000
3068.3282,1.823,46.7,0.209,0.209,-0.630,1.409,27.5,6.492,6.492,4.012,25.859,3.5,11.133,11.133,32.739,94.062,43.9,-0.391,-0.391,97.398,2.080,-35.3,-4.984,-4.984,1.060,-12.383,9.8,-0.960,-0.960,-6.332,-51.750,33.3,-5.141,-5.141,-48.469,-106.062,-68.8,2.010,2.010,-100.068,0.000,0.0,0.000,0.000,0.000,0.000,0.0,0.000,0.000,0.000
3068.3302,1.952,56.0,-2.613,-2.613,-0.630,1.513,43.3,6.723,6.723,4.012,25.922,21.5,11.047,11.047,32.739,94.188,47.6,-0.603,-0.603,97.398,1.917,-65.1,-1.235,-1.235,1.060,-12.305,28.6,-0.170,-0.170,-6.332,-51.688,44.2,-4.090,-4.090,-48.469,-106.250,-81.4,2.922,2.922,-100.068,0.000,0.0,0.000,0.000,0.000,0.000,0.0,0.000,0.000,0.000
3068.3322,2.053,50.8,-6.453,-6.453,-0.630,1.629,52.6,6.531,6.531,4.012,26.000,31.9,11.219,11.219,32.739,94.250,43.8,-1.717,-1.717,97.398,1.735,-81.3,3.471,3.471,1.060,-12.227,36.7,-0.220,-0.220,-6.332,-51.531,57.8,-3.611,-3.611,-48.469,-106.375,-84.8,3.258,3.258,-100.068,0.000,0.0,0.000,0.000,0.000,0.000,0.0,0.000,0.000,0.000
3068.3342,2.119,37.7,-6.641,-6.641,-0.630,1.732,51.9,6.480,6.480,4.012,26.094,43.2,11.352,11.352,32.739,94.312,37.2,-9.258,-9.258,97.398,1.575,-78.8,8.914,8.914,1.060,-12.133,44.0,0.559,0.559,-6.332,-51.375,68.4,-2.340,-2.340,-48.469,-106.562,-85.2,5.406,5.406,-100.068,0.000,0.0,0.000,0.000,0.000,0.000,0.0,0.000,0.000,0.000
3068.3362,2.119,12.4,-13.055,-13.055,-0.630,1.813,45.5,4.965,4.965,4.012,26.219,50.0,11.195,11.195,32.739,94.312,13.1,-10.656,-10.656,97.398,1.462,-63.5,13.570,13.570,1.060,-12.062,39.0,0.967,0.967,-6.332,-51.219,82.0,-2.170,-2.170,-48.469,-106.750,-80.8,5.414,5.414,-100.068,0.000,0.0,0.000,0.000,0.000,0.000,0.0,0.000,0.000,0.000
3068.3382,2.016,-30.5,-12.914,-12.914,-0.630,1.849,28.1,5.133,5.133,4.012,26.328,57.5,10.539,10.539,32.739,94.250,-14.1,-10.969,-10.969,97.398,1.438,-32.5,13.242,13.242,1.060,-11.969,42.0,0.677,0.677,-6.332,-51.000,91.8,-2.133,-2.133,-48.469,-106.875,-71.2,5.508,5.508,-100.068,0.000,0.0,0.000,0.000,0.000,0.000,0.0,0.000,0.000,0.000
3068.3402,1.839,-69.9,-9.859,-9.859,-0.630,1.836,5.2,4.809,4.809,4.012,26.453,59.0,10.305,10.305,32.739,94.125,-50.2,-10.484,-10.484,97.398,1.506,8.9,10.414,10.414,1.060,-11.891,41.8,0.186,0.186,-6.332,-50.812,93.4,-2.104,-2.104,-48.469,-107.000,-61.5,5.320,5.320,-100.068,0.000,0.0,0.000,0.000,0.000,0.000,0.0,0.000,0.000,0.000
3068.3422,1.622,-94.8,-6.754,-6.754,-0.630,1.802,-9.9,4.980,4.980,4.012,26.578,58.6,10.258,10.258,32.739,93.938,-83.2,-10.422,-10.422,97.398,1.626,41.7,7.590,7.590,1.060,-11.812,37.2,-0.029,-0.029,-6.332,-50.625,97.1,-2.143,-2.143,-48.469,-107.062,-50.8,5.152,5.152,-100.068,0.000,0.0,0.000,0.000,0.000,0.000,0.0,0.000,0.000,0.000
3068.3444,1.381,-110.1,-4.266,-4.266,-0.630,1.785,-9.3,4.930,4.930,4.012,26.688,60.2,10.852,10.852,32.739,93.688,-109.7,-10.445,-10.445,97.398,1.761,56.0,4.125,4.125,1.060,-11.734,38.2,0.133,0.133,-6.332,-50.438,100.8,-2.541,-2.541,-48.469,-107.125,-42.2,4.750,4.750,-100.068,0.000,0.0,0.000,0.000,0.000,0.000,0.0,0.000,0.000,0.000
3068.3469,1.183,-101.7,-2.965,-2.965,-0.630,1.754,-13.1,5.855,5.855,4.012,26.797,58.1,11.477,11.477,32.739,93.375,-139.5,-9.656,-9.656,97.398,1.908,66.8,2.066,2.066,1.060,-11.664,38.2,0.150,0.150,-6.332,-50.250,90.8,-2.871,-2.871,-48.469,-107.188,-32.7,4.387,4.387,-100.068,0.000,0.0,0.000,0.000,0.000,0.000,0.0,0.000,0.000,0.000
3068.3489,1.039,-81.9,-2.229,-2.229,-0.630,1.764,-3.2,6.820,6.820,4.012,26.922,58.4,12.586,12.586,32.739,93.000,-162.0,-9.281,-9.281,97.398,2.016,58.5,-0.364,-0.364,1.060,-11.609,30.9,-0.038,-0.038,-6.332,-50.094,81.2,-2.488,-2.488,-48.469,-107.250,-23.4,3.961,3.961,-100.068,0.000,0.0,0.000,0.000,0.000,0.000,0.0,0.000,0.000,0.000
3068.3507,0.951,-57.1,-1.194,-1.194,-0.630,1.798,9.9,8.844,8.844,4.012,27.062,66.0,12.727,12.727,32.739,92.625,-181.0,-8.523,-8.523,97.398,2.074,38.4,-1.885,-1.885,1.060,-11.562,26.5,0.277,0.277,-6.332,-49.938,75.6,-2.400,-2.400,-48.469,-107.250,-13.0,3.672,3.672,-100.068,0.000,0.0,0.000,0.000,0.000,0.000,0.0,0.000,0.000,0.000
3068.3522,0.913,-31.4,8.211,8.211,-0.630,1.857,23.3,7.270,7.270,4.012,27.172,59.4,2.455,2.455,32.739,92.188,-198.1,1.353,1.353,97.398,2.109,22.5,-10.328,-10.328,1.060,-11.547,15.4,-3.564,-3.564,-6.332,-49.844,60.7,-12.664,-12.664,-48.469,-107.188,7.2,12.930,12.930,-100.068,0.000,0.0,0.000,0.000,0.000,0.000,0.0,0.000,0.000,0.000
3068.3542,0.957,4.8,5.004,5.004,-0.630,1.908,23.9,2.930,2.930,4.012,27.234,39.2,0.771,0.771,32.739,91.875,-183.1,5.383,5.383,97.398,2.053,-9.9,-0.980,-0.980,1.060,-11.570,-1.5,-4.000,-4.000,-6.332,-49.812,33.8,-14.734,-14.734,-48.469,-107.125,38.9,15.031,15.031,-100.068,0.000,0.0,0.000,0.000,0.000,0.000,0.0,0.000,0.000,0.000
3068.3562,1.052,31.5,5.805,5.805,-0.630,1.896,3.0,1.467,1.467,4.012,27.219,10.0,4.738,4.738,32.739,91.562,-158.8,2.520,2.520,97.398,1.965,-31.5,-4.363,-4.363,1.060,-11.625,-16.7,-0.706,-0.706,-6.332,-49.844,-5.3,-11.344,-11.344,-48.469,-106.938,73.6,11.258,11.258,-100.068,0.000,0.0,0.000,0.000,0.000,0.000,0.0,0.000,0.000,0.000
3068.3582,1.199,58.8,2.914,2.914,-0.630,1.846,-15.9,4.078,4.078,4.012,27.172,-11.0,7.883,7.883,32.739,91.312,-130.9,1.161,1.161,97.398,1.833,-53.5,-1.411,-1.411,1.060,-11.680,-23.2,0.140,0.140,-6.332,-49.969,-31.1,-10.305,-10.305,-48.469,-106.688,105.2,9.883,9.883,-100.068,0.000,0.0,0.000,0.000,0.000,0.000,0.0,0.000,0.000,0.000
3068.3602,1.347,67.5,0.576,0.576,-0.630,1.779,-25.3,5.816,5.816,4.012,27.109,-23.8,11.750,11.750,32.739,91.125,-104.8,0.098,0.098,97.398,1.663,-74.1,1.277,1.277,1.060,-11.711,-17.5,-0.808,-0.808,-6.332,-50.094,-58.2,-11.297,-11.297,-48.469,-106.375,128.8,8.328,8.328,-100.068,0.000,0.0,0.000,0.000,0.000,0.000,0.0,0.000,0.000,0.000
3068.3622,1.513,79.2,-1.434,-1.434,-0.630,1.714,-27.5,7.957,7.957,4.012,27.047,-28.8,15.398,15.398,32.739,91.000,-90.3,-2.551,-2.551,97.398,1.513,-75.2,3.447,3.447,1.060,-11.758,-21.1,-0.910,-0.910,-6.332,-50.281,-75.6,-9.078,-9.078,-48.469,-106.125,143.1,5.539,5.539,-100.068,0.000,0.0,0.000,0.000,0.000,0.000,0.0,0.000,0.000,0.000
3068.3642,1.650,71.3,-4.125,-4.125,-0.630,1.673,-21.3,9.102,9.102,4.012,27.000,-24.1,17.516,17.516,32.739,90.875,-72.2,-4.504,-4.504,97.398,1.358,-76.7,4.812,4.812,1.060,-11.789,-17.0,-0.762,-0.762,-6.332,-50.469,-86.0,-6.594,-6.594,-48.469,-105.812,155.6,3.006,3.006,-100.068,0.000,0.0,0.000,0.000,0.000,0.000,0.0,0.000,0.000,0.000
3068.3662,1.764,62.2,-5.449,-5.449,-0.630,1.657,-11.5,8.320,8.320,4.012,27.016,-3.2,15.219,15.219,32.739,90.750,-57.7,-2.500,-2.500,97.398,1.243,-64.8,6.012,6.012,1.060,-11.828,-19.8,-1.958,-1.958,-6.332,-50.656,-91.9,-8.219,-8.219,-48.469,-105.500,152.4,4.625,4.625,-100.068,0.000,0.0,0.000,0.000,0.000,0.000,0.0,0.000,0.000,0.000
3068.3682,1.817,39.7,-5.621,-5.621,-0.630,1.663,-3.6,4.332,4.332,4.012,27.047,7.7,8.383,8.383,32.739,90.688,-45.3,3.150,3.150,97.398,1.143,-55.4,11.469,11.469,1.060,-11.891,-27.6,-5.129,-5.129,-6.332,-50.844,-93.2,-8.070,-8.070,-48.469,-105.188,142.5,2.568,2.568,-100.068,0.000,0.0,0.000,0.000,0.000,0.000,0.0,0.000,0.000,0.000
3068.3702,1.817,39.7,-5.621,-5.621,-0.630,1.663,-3.6,4.332,4.332,4.012,27.047,7.7,8.383,8.383,32.739,90.688,-45.3,3.150,3.150,97.398,1.143,-55.4,11.469,11.469,1.060,-11.891,-27.6,-5.129,-5.129,-6.332,-50.844,-93.2,-8.070,-8.070,-48.469,-105.188,142.5,2.568,2.568,-100.068,0.000,0.0,0.000,0.000,0.000,0.000,0.0,0.000,0.000,0.000
3068.3722,1.741,-21.7,-11.016,-11.016,-0.630,1.629,-11.7,2.020,2.020,4.012,26.984,-14.1,9.781,9.781,32.739,90.750,12.4,3.447,3.447,97.398,1.255,29.2,12.430,12.430,1.060,-12.047,-42.7,-7.953,-7.953,-6.332,-51.281,-110.9,-11.930,-11.930,-48.469,-104.750,110.7,-7.090,-7.090,-100.068,0.000,0.0,0.000,0.000,0.000,0.000,0.0,0.000,0.000,0.000
3068.3742,1.622,-43.7,-7.297,-7.297,-0.630,1.606,-10.1,1.731,1.731,4.012,26.938,-21.4,10.281,10.281,32.739,90.875,42.2,2.426,2.426,97.398,1.425,65.8,7.898,7.898,1.060,-12.133,-42.0,-8.031,-8.031,-6.332,-51.531,-115.9,-10.281,-10.281,-48.469,-104.625,72.1,-6.305,-6.305,-100.068,0.000,0.0,0.000,0.000,0.000,0.000,0.0,0.000,0.000,0.000
3068.3762,1.494,-55.3,-6.211,-6.211,-0.630,1.554,-18.6,1.947,1.947,4.012,26.906,-20.1,9.617,9.617,32.739,91.062,73.0,1.367,1.367,97.398,1.613,83.0,4.844,4.844,1.060,-12.227,-44.7,-7.707,-7.707,-6.332,-51.781,-123.1,-9.375,-9.375,-48.469,-104.625,25.6,-4.527,-4.527,-100.068,0.000,0.0,0.000,0.000,0.000,0.000,0.0,0.000,0.000,0.000
3068.3782,1.406,-46.8,-5.359,-5.359,-0.630,1.525,-15.5,1.676,1.676,4.012,26.859,-17.8,8.992,8.992,32.739,91.250,98.0,0.688,0.688,97.398,1.833,99.9,2.213,2.213,1.060,-12.289,-39.1,-7.160,-7.160,-6.332,-52.000,-115.2,-8.898,-8.898,-48.469,-104.688,-15.9,-3.176,-3.176,-100.068,0.000,0.0,0.000,0.000,0.000,0.000,0.0,0.000,0.000,0.000
3068.3802,1.340,-38.9,-6.578,-6.578,-0.630,1.497,-12.9,1.635,1.635,4.012,26.844,-11.1,8.953,8.953,32.739,91.500,112.9,0.112,0.112,97.398,2.043,103.4,1.735,1.735,1.060,-12.367,-37.5,-7.469,-7.469,-6.332,-52.219,-109.6,-9.438,-9.438,-48.469,-104.812,-47.5,-2.070,-2.070,-100.068,0.000,0.0,0.000,0.000,0.000,0.000,0.0,0.000,0.000,0.000
3068.3822,1.321,-20.7,-3.414,-3.414,-0.630,1.497,-2.6,1.326,1.326,4.012,26.828,-9.2,7.168,7.168,32.739,91.750,124.4,-1.201,-1.201,97.398,2.240,101.1,-3.529,-3.529,1.060,-12.430,-33.2,-6.203,-6.203,-6.332,-52.406,-89.2,-6.711,-6.711,-48.469,-105.000,-77.1,-0.461,-0.461,-100.068,0.000,0.0,0.000,0.000,0.000,0.000,0.0,0.000,0.000,0.000
3068.3842,1.318,-7.1,-2.475,-2.475,-0.630,1.503,2.8,1.273,1.273,4.012,26.828,-4.5,5.441,5.441,32.739,92.062,128.5,-2.408,-2.408,97.398,2.383,82.4,-4.598,-4.598,1.060,-12.461,-22.3,-6.562,-6.562,-6.332,-52.531,-68.3,-6.109,-6.109,-48.469,-105.250,-108.0,0.987,0.987,-100.068,0.000,0.0,0.000,0.000,0.000,0.000,0.0,0.000,0.000,0.000
3068.3862,1.347,6.2,-2.693,-2.693,-0.630,1.513,3.9,0.738,0.738,4.012,26.828,-1.2,8.344,8.344,32.739,92.312,132.9,-3.969,-3.969,97.398,2.467,56.6,-8.273,-8.273,1.060,-12.477,-11.9,0.744,0.744,-6.332,-52.594,-47.6,-6.105,-6.105,-48.469,-105.500,-122.1,3.994,3.994,-100.068,0.000,0.0,0.000,0.000,0.000,0.000,0.0,0.000,0.000,0.000
3068.3882,1.428,29.2,1.462,1.462,-0.630,1.544,11.2,7.492,7.492,4.012,26.812,-2.0,4.879,4.879,32.739,92.562,133.2,-4.797,-4.797,97.398,2.461,16.6,-10.195,-10.195,1.060,-12.438,9.3,0.812,0.812,-6.332,-52.594,-10.7,0.762,0.762,-48.469,-105.750,-122.5,5.793,5.793,-100.068,0.000,0.0,0.000,0.000,0.000,0.000,0.0,0.000,0.000,0.000
3068.3902,1.516,39.8,1.749,1.749,-0.630,1.591,17.8,1.449,1.449,4.012,26.812,-5.0,2.943,2.943,32.739,92.812,120.4,-5.191,-5.191,97.398,2.363,-24.7,-5.188,-5.188,1.060,-12.367,27.0,-0.051,-0.051,-6.332,-52.500,23.4,-1.982,-1.982,-48.469,-106.000,-121.9,6.309,6.309,-100.068,0.000,0.0,0.000,0.000,0.000,0.000,0.0,0.000,0.000,0.000
3068.3922,1.638,52.3,0.661,0.661,-0.630,1.653,26.1,0.610,0.610,4.012,26.766,-14.4,3.270,3.270,32.739,93.000,111.2,-5.371,-5.371,97.398,2.213,-55.3,-1.153,-1.153,1.060,-12.258,41.7,-1.253,-1.253,-6.332,-52.375,53.5,-3.730,-3.730,-48.469,-106.250,-115.2,6.746,6.746,-100.068,0.000,0.0,0.000,0.000,0.000,0.000,0.0,0.000,0.000,0.000
3068.3942,1.761,57.7,-1.623,-1.623,-0.630,1.657,10.2,2.182,2.182,4.012,26.703,-27.1,2.643,2.643,32.739,93.188,101.5,-5.445,-5.445,97.398,2.018,-82.1,1.592,1.592,1.060,-12.164,47.3,-0.489,-0.489,-6.332,-52.219,67.1,-3.182,-3.182,-48.469,-106.438,-102.0,6.574,6.574,-100.068,0.000,0.0,0.000,0.000,0.000,0.000,0.0,0.000,0.000,0.000
3068.3962,1.864,54.7,-1.887,-1.887,-0.630,1.650,0.1,3.148,3.148,4.012,26.625,-37.7,4.918,4.918,32.739,93.375,86.9,-5.293,-5.293,97.398,1.842,-86.2,4.555,4.555,1.060,-12.086,42.9,-1.849,-1.849,-6.332,-52.031,77.8,-4.496,-4.496,-48.469,-106.625,-96.4,6.957,6.957,-100.068,0.000,0.0,0.000,0.000,0.000,0.000,0.0,0.000,0.000,0.000
3068.3988,1.949,47.5,-5.449,-5.449,-0.630,1.626,-7.9,4.430,4.430,4.012,26.531,-40.2,7.074,7.074,32.739,93.500,73.7,-4.918,-4.918,97.398,1.682,-80.6,7.523,7.523,1.060,-12.023,36.0,0.184,0.184,-6.332,-51.875,86.4,-2.938,-2.938,-48.469,-106.750,-84.2,6.625,6.625,-100.068,0.000,0.0,0.000,0.000,0.000,0.000,0.0,0.000,0.000,0.000
3068.4009,1.986,30.5,-7.113,-7.113,-0.630,1.616,-4.2,6.398,6.398,4.012,26.422,-46.2,7.562,7.562,32.739,93.625,59.2,-4.207,-4.207,97.398,1.560,-66.9,8.000,8.000,1.060,-11.953,33.9,1.918,1.918,-6.332,-51.688,82.9,-1.611,-1.611,-48.469,-106.875,-69.1,6.297,6.297,-100.068,0.000,0.0,0.000,0.000,0.000,0.000,0.0,0.000,0.000,0.000
3068.4029,1.952,-4.2,-5.492,-5.492,-0.630,1.626,1.6,5.168,5.168,4.012,26.344,-31.8,5.891,5.891,32.739,93.750,46.0,-3.424,-3.424,97.398,1.453,-39.5,7.117,7.117,1.060,-11.844,36.9,0.572,0.572,-6.332,-51.438,84.4,-3.578,-3.578,-48.469,-107.000,-51.1,5.301,5.301,-100.068,0.000,0.0,0.000,0.000,0.000,0.000,0.0,0.000,0.000,0.000
3068.4043,1.917,-16.5,-4.395,-4.395,-0.630,1.650,10.7,3.887,3.887,4.012,26.312,-28.9,5.801,5.801,32.739,93.750,40.0,-3.352,-3.352,97.398,1.443,-28.1,6.066,6.066,1.060,-11.797,38.3,0.312,0.312,-6.332,-51.344,84.9,-3.557,-3.557,-48.469,-107.062,-47.5,5.066,5.066,-100.068,0.000,0.0,0.000,0.000,0.000,0.000,0.0,0.000,0.000,0.000
3068.4062,1.846,-29.4,-2.424,-2.424,-0.630,1.682,14.4,3.389,3.389,4.012,26.281,-22.4,5.551,5.551,32.739,93.812,35.1,-2.656,-2.656,97.398,1.435,-13.4,4.418,4.418,1.060,-11.719,40.3,-0.374,-0.374,-6.332,-51.219,75.6,-3.355,-3.355,-48.469,-107.125,-35.8,4.797,4.797,-100.068,0.000,0.0,0.000,0.000,0.000,0.000,0.0,0.000,0.000,0.000
3068.4082,1.754,-40.0,-1.535,-1.535,-0.630,1.726,18.9,2.625,2.625,4.012,26.250,-17.8,5.461,5.461,32.739,93.875,23.7,-2.537,-2.537,97.398,1.446,-1.1,3.049,3.049,1.060,-11.672,31.1,-0.540,-0.540,-6.332,-51.094,66.3,-3.277,-3.277,-48.469,-107.188,-23.4,4.188,4.188,-100.068,0.000,0.0,0.000,0.000,0.000,0.000,0.0,0.000,0.000,0.000
3068.4102,1.666,-42.6,0.906,0.906,-0.630,1.754,17.3,2.623,2.623,4.012,26.266,-2.6,4.805,4.805,32.739,93.875,14.3,-2.014,-2.014,97.398,1.459,4.1,1.252,1.252,1.060,-11.617,28.4,-1.691,-1.691,-6.332,-50.969,63.2,-5.285,-5.285,-48.469,-107.188,-14.2,3.988,3.988,-100.068,0.000,0.0,0.000,0.000,0.000,0.000,0.0,0.000,0.000,0.000
3068.4122,1.585,-41.0,3.398,3.398,-0.630,1.779,15.5,2.842,2.842,4.012,26.281,6.4,5.461,5.461,32.739,93.938,12.3,-2.939,-2.939,97.398,1.456,-0.2,-1.293,-1.293,1.060,-11.586,18.8,-1.583,-1.583,-6.332,-50.906,44.0,-5.586,-5.586,-48.469,-107.188,-5.0,5.867,5.867,-100.068,0.000,0.0,0.000,0.000,0.000,0.000,0.0,0.000,0.000,0.000
3068.4142,1.550,-24.5,3.787,3.787,-0.630,1.782,6.4,3.541,3.541,4.012,26.312,12.8,4.496,4.496,32.739,93.875,3.8,-3.498,-3.498,97.398,1.443,-5.2,-1.945,-1.945,1.060,-11.562,13.5,-1.750,-1.750,-6.332,-50.844,35.8,-5.613,-5.613,-48.469,-107.125,4.8,6.668,6.668,-100.068,0.000,0.0,0.000,0.000,0.000,0.000,0.0,0.000,0.000,0.000
3068.4162,1.554,-7.0,3.457,3.457,-0.630,1.798,7.6,3.258,3.258,4.012,26.375,22.9,4.660,4.660,32.739,93.875,-6.9,-3.270,-3.270,97.398,1.406,-12.0,-1.829,-1.829,1.060,-11.555,5.9,-2.375,-2.375,-6.332,-50.812,19.5,-6.773,-6.773,-48.469,-107.125,17.7,7.461,7.461,-100.068,0.000,0.0,0.000,0.000,0.000,0.000,0.0,0.000,0.000,0.000
3068.4182,1.606,13.7,2.551,2.551,-0.630,1.795,3.4,3.260,3.260,4.012,26.422,23.6,5.574,5.574,32.739,93.875,-12.2,-3.531,-3.531,97.398,1.327,-28.9,-1.534,-1.534,1.060,-11.547,3.1,-2.557,-2.557,-6.332,-50.812,8.6,-7.711,-7.711,-48.469,-107.000,39.2,8.594,8.594,-100.068,0.000,0.0,0.000,0.000,0.000,0.000,0.0,0.000,0.000,0.000
3068.4202,1.701,34.4,1.204,1.204,-0.630,1.770,-7.2,3.732,3.732,4.012,26.484,29.7,5.426,5.426,32.739,93.812,-23.0,-5.059,-5.059,97.398,1.252,-34.6,-0.713,-0.713,1.060,-11.570,-6.0,-1.962,-1.962,-6.332,-50.844,-4.9,-7.133,-7.133,-48.469,-106.875,54.4,7.773,7.773,-100.068,0.000,0.0,0.000,0.000,0.000,0.000,0.0,0.000,0.000,0.000
3068.4222,1.802,44.6,0.263,0.263,-0.630,1.751,-10.5,3.859,3.859,4.012,26.531,27.1,6.172,6.172,32.739,93.750,-31.9,-3.775,-3.775,97.398,1.164,-38.8,0.420,0.420,1.060,-11.609,-12.5,-2.137,-2.137,-6.332,-50.875,-16.7,-7.781,-7.781,-48.469,-106.750,67.4,7.164,7.164,-100.068,0.000,0.0,0.000,0.000,0.000,0.000,0.0,0.000,0.000,0.000
3068.4242,1.908,50.6,-0.977,-0.977,-0.630,1.729,-11.1,4.223,4.223,4.012,26.594,30.0,7.340,7.340,32.739,93.625,-37.2,-3.857,-3.857,97.398,1.048,-50.5,1.356,1.356,1.060,-11.656,-20.8,-1.654,-1.654,-6.332,-50.969,-29.4,-7.508,-7.508,-48.469,-106.562,77.9,6.688,6.688,-100.068,0.000,0.0,0.000,0.000,0.000,0.000,0.0,0.000,0.000,0.000
3068.4262,2.006,49.8,-2.316,-2.316,-0.630,1.688,-18.4,4.723,4.723,4.012,26.625,25.0,6.719,6.719,32.739,93.500,-47.6,-3.979,-3.979,97.398,0.951,-50.3,2.965,2.965,1.060,-11.703,-22.6,-1.345,-1.345,-6.332,-51.031,-33.3,-7.676,-7.676,-48.469,-106.375,88.6,6.207,6.207,-100.068,0.000,0.0,0.000,0.000,0.000,0.000,0.0,0.000,0.000,0.000
3068.4282,2.080,40.5,-3.660,-3.660,-0.630,1.657,-17.5,4.207,4.207,4.012,26.656,18.9,6.984,6.984,32.739,93.438,-53.1,-2.252,-2.252,97.398,0.882,-39.7,4.629,4.629,1.060,-11.758,-24.7,-1.803,-1.803,-6.332,-51.125,-41.9,-9.211,-9.211,-48.469,-106.188,100.6,6.211,6.211,-100.068,0.000,0.0,0.000,0.000,0.000,0.000,0.0,0.000,0.000,0.000
3068.4303,2.137,31.8,-4.070,-4.070,-0.630,1.606,-21.7,4.555,4.555,4.012,26.672,12.5,6.969,6.969,32.739,93.312,-56.1,-2.061,-2.061,97.398,0.841,-25.1,5.262,5.262,1.060,-11.820,-26.7,-2.057,-2.057,-6.332,-51.219,-46.1,-9.602,-9.602,-48.469,-105.938,106.2,6.266,6.266,-100.068,0.000,0.0,0.000,0.000,0.000,0.000,0.0,0.000,0.000,0.000
3068.4322,2.152,15.9,-3.543,-3.543,-0.630,1.566,-21.1,3.672,3.672,4.012,26.672,2.0,7.402,7.402,32.739,93.188,-50.3,-1.059,-1.059,97.398,0.819,-13.6,4.375,4.375,1.060,-11.859,-21.0,-3.049,-3.049,-6.332,-51.312,-50.7,-10.406,-10.406,-48.469,-105.750,110.0,6.137,6.137,-100.068,0.000,0.0,0.000,0.000,0.000,0.000,0.0,0.000,0.000,0.000
3068.4342,2.152,5.6,-3.150,-3.150,-0.630,1.516,-23.1,3.725,3.725,4.012,26.641,-9.6,7.391,7.391,32.739,93.125,-45.6,-0.282,-0.282,97.398,0.838,2.8,4.367,4.367,1.060,-11.883,-14.6,-5.000,-5.000,-6.332,-51.438,-54.2,-11.305,-11.305,-48.469,-105.500,114.3,6.559,6.559,-100.068,0.000,0.0,0.000,0.000,0.000,0.000,0.0,0.000,0.000,0.000
3068.4362,2.150,1.2,-4.832,-4.832,-0.630,1.466,-25.0,2.549,2.549,4.012,26.609,-16.8,7.828,7.828,32.739,93.062,-37.8,0.768,0.768,97.398,0.875,13.6,5.801,5.801,1.060,-11.883,-5.4,-7.371,-7.371,-6.332,-51.531,-55.1,-11.297,-11.297,-48.469,-105.250,118.7,6.719,6.719,-100.068,0.000,0.0,0.000,0.000,0.000,0.000,0.0,0.000,0.000,0.000
3068.4382,2.121,-7.8,-8.195,-8.195,-0.630,1.409,-28.8,1.214,1.214,4.012,26.562,-20.8,6.781,6.781,32.739,93.000,-30.0,2.740,2.740,97.398,0.954,30.3,9.227,9.227,1.060,-11.891,-4.3,-7.086,-7.086,-6.332,-51.656,-56.7,-13.633,-13.633,-48.469,-105.000,118.0,4.672,4.672,-100.068,0.000,0.0,0.000,0.000,0.000,0.000,0.0,0.000,0.000,0.000
3068.4402,2.074,-17.7,-7.387,-7.387,-0.630,1.362,-26.0,2.881,2.881,4.012,26.500,-25.3,7.535,7.535,32.739,93.000,-9.8,2.836,2.836,97.398,1.086,53.9,5.922,5.922,1.060,-11.883,0.4,-7.535,-7.535,-6.332,-51.781,-58.3,-13.305,-13.305,-48.469,-104.812,115.7,1.003,1.003,-100.068,0.000,0.0,0.000,0.000,0.000,0.000,0.0,0.000,0.000,0.000
3068.4422,2.021,-23.9,-5.855,-5.855,-0.630,1.324,-20.8,3.062,3.062,4.012,26.422,-34.3,8.195,8.195,32.739,93.000,4.5,2.498,2.498,97.398,1.246,72.6,3.525,3.525,1.060,-11.891,-0.4,-8.336,-8.336,-6.332,-51.875,-54.1,-12.883,-12.883,-48.469,-104.625,96.9,-2.225,-2.225,-100.068,0.000,0.0,0.000,0.000,0.000,0.000,0.0,0.000,0.000,0.000
3068.4442,1.971,-24.3,-5.125,-5.125,-0.630,1.303,-13.3,2.939,2.939,4.012,26.359,-32.1,8.352,8.352,32.739,93.062,24.8,2.150,2.150,97.398,1.391,71.7,2.006,2.006,1.060,-11.898,-4.0,-9.188,-9.188,-6.332,-51.969,-50.1,-12.711,-12.711,-48.469,-104.500,71.2,-5.094,-5.094,-100.068,0.000,0.0,0.000,0.000,0.000,0.000,0.0,0.000,0.000,0.000
3068.4462,1.937,-19.8,-5.328,-5.328,-0.630,1.296,-5.8,1.640,1.640,4.012,26.281,-34.1,7.875,7.875,32.739,93.188,37.8,1.670,1.670,97.398,1.538,71.8,1.250,1.250,1.060,-11.922,-8.7,-10.008,-10.008,-6.332,-52.031,-41.4,-12.977,-12.977,-48.469,-104.438,35.5,-3.615,-3.615,-100.068,0.000,0.0,0.000,0.000,0.000,0.000,0.0,0.000,0.000,0.000
3068.4482,1.908,-15.1,-4.758,-4.758,-0.630,1.309,2.8,1.317,1.317,4.012,26.250,-24.7,7.098,7.098,32.739,93.250,44.0,1.111,1.111,97.398,1.704,73.0,0.346,0.346,1.060,-11.961,-17.2,-9.625,-9.625,-6.332,-52.062,-21.7,-13.188,-13.188,-48.469,-104.500,-1.0,-2.332,-2.332,-100.068,0.000,0.0,0.000,0.000,0.000,0.000,0.0,0.000,0.000,0.000
3068.4504,1.893,-10.8,-4.680,-4.680,-0.630,1.327,7.1,0.760,0.760,4.012,26.203,-22.5,6.055,6.055,32.739,93.375,52.5,0.418,0.418,97.398,1.854,72.5,-0.003,-0.003,1.060,-12.016,-23.9,-9.883,-9.883,-6.332,-52.062,-7.8,-13.328,-13.328,-48.469,-104.625,-35.2,-0.795,-0.795,-100.068,0.000,0.0,0.000,0.000,0.000,0.000,0.0,0.000,0.000,0.000
3068.4524,1.886,-6.4,-4.258,-4.258,-0.630,1.343,8.1,0.088,0.088,4.012,26.156,-21.6,5.875,5.875,32.739,93.500,57.8,-0.279,-0.279,97.398,1.983,66.6,-4.055,-4.055,1.060,-12.078,-31.6,-9.055,-9.055,-6.332,-52.031,6.0,-12.852,-12.852,-48.469,-104.750,-61.9,0.201,0.201,-100.068,0.000,0.0,0.000,0.000,0.000,0.000,0.0,0.000,0.000,0.000
3068.4544,1.901,2.6,3.365,3.365,-0.630,1.368,12.8,3.539,3.539,4.012,26.109,-23.4,6.902,6.902,32.739,93.625,64.0,-0.827,-0.827,97.398,2.031,36.7,-9.531,-9.531,1.060,-12.133,-25.9,-5.070,-5.070,-6.332,-51.969,15.5,-11.594,-11.594,-48.469,-104.938,-80.1,1.644,1.644,-100.068,0.000,0.0,0.000,0.000,0.000,0.000,0.0,0.000,0.000,0.000
3068.4564,1.971,23.2,4.301,4.301,-0.630,1.391,13.6,5.633,5.633,4.012,26.062,-22.6,9.047,9.047,32.739,93.750,59.6,-1.384,-1.384,97.398,2.012,5.1,-7.957,-7.957,1.060,-12.148,-15.6,-2.674,-2.674,-6.332,-51.906,27.4,-8.750,-8.750,-48.469,-105.125,-96.4,2.984,2.984,-100.068,0.000,0.0,0.000,0.000,0.000,0.000,0.0,0.000,0.000,0.000
3068.4582,2.068,37.8,0.294,0.294,-0.630,1.440,21.1,5.984,5.984,4.012,26.062,-10.8,8.898,8.898,32.739,93.812,55.9,-1.674,-1.674,97.398,1.924,-27.4,-4.414,-4.414,1.060,-12.133,0.5,-1.130,-1.130,-6.332,-51.844,34.9,-5.852,-5.852,-48.469,-105.375,-102.9,3.463,3.463,-100.068,0.000,0.0,0.000,0.000,0.000,0.000,0.0,0.000,0.000,0.000
3068.4602,2.174,46.5,-2.959,-2.959,-0.630,1.528,35.9,5.102,5.102,4.012,26.062,-1.5,10.320,10.320,32.739,93.938,54.7,-3.178,-3.178,97.398,1.798,-51.4,-0.884,-0.884,1.060,-12.070,18.9,-0.124,-0.124,-6.332,-51.719,46.8,-2.748,-2.748,-48.469,-105.562,-107.1,4.805,4.805,-100.068,0.000,0.0,0.000,0.000,0.000,0.000,0.0,0.000,0.000,0.000
3068.4622,2.254,42.7,-9.898,-9.898,-0.630,1.619,42.7,4.973,4.973,4.012,26.125,16.2,11.125,11.125,32.739,94.062,48.8,-6.797,-6.797,97.398,1.673,-57.5,7.332,7.332,1.060,-12.000,28.9,1.187,1.187,-6.332,-51.594,61.0,-1.794,-1.794,-48.469,-105.812,-111.2,5.578,5.578,-100.068,0.000,0.0,0.000,0.000,0.000,0.000,0.0,0.000,0.000,0.000
3068.4642,2.256,15.8,-11.469,-11.469,-0.630,1.710,43.6,5.266,5.266,4.012,26.172,23.2,10.969,10.969,32.739,94.062,31.2,-8.086,-8.086,97.398,1.572,-51.8,9.438,9.438,1.060,-11.922,36.9,1.587,1.587,-6.332,-51.438,75.1,-1.921,-1.921,-48.469,-106.000,-100.4,5.906,5.906,-100.068,0.000,0.0,0.000,0.000,0.000,0.000,0.0,0.000,0.000,0.000
3068.4662,2.191,-17.5,-10.344,-10.344,-0.630,1.789,40.0,5.246,5.246,4.012,26.266,35.6,11.016,11.016,32.739,94.062,10.2,-9.773,-9.773,97.398,1.538,-29.8,11.680,11.680,1.060,-11.828,42.2,1.820,1.820,-6.332,-51.250,85.4,-1.940,-1.940,-48.469,-106.188,-93.1,6.258,6.258,-100.068,0.000,0.0,0.000,0.000,0.000,0.000,0.0,0.000,0.000,0.000
3068.4682,2.043,-57.1,-10.234,-10.234,-0.630,1.846,32.7,5.148,5.148,4.012,26.359,46.3,10.344,10.344,32.739,94.000,-16.6,-10.258,-10.258,97.398,1.566,-0.5,10.703,10.703,1.060,-11.734,44.1,1.468,1.468,-6.332,-51.031,99.5,-2.152,-2.152,-48.469,-106.312,-84.1,6.008,6.008,-100.068,0.000,0.0,0.000,0.000,0.000,0.000,0.0,0.000,0.000,0.000
3068.4702,1.849,-84.1,-7.633,-7.633,-0.630,1.867,19.7,4.852,4.852,4.012,26.484,55.0,9.789,9.789,32.739,93.875,-44.7,-9.789,-9.789,97.398,1.638,21.4,8.109,8.109,1.060,-11.648,43.3,0.689,0.689,-6.332,-50.844,96.6,-2.109,-2.109,-48.469,-106.438,-69.2,6.180,6.180,-100.068,0.000,0.0,0.000,0.000,0.000,0.000,0.0,0.000,0.000,0.000
3068.4722,1.610,-104.8,-4.336,-4.336,-0.630,1.854,4.4,4.719,4.719,4.012,26.609,57.7,9.945,9.945,32.739,93.688,-76.8,-10.523,-10.523,97.398,1.770,49.0,4.949,4.949,1.060,-11.547,47.6,0.382,0.382,-6.332,-50.625,102.6,-2.096,-2.096,-48.469,-106.562,-61.9,5.699,5.699,-100.068,0.000,0.0,0.000,0.000,0.000,0.000,0.0,0.000,0.000,0.000
3068.4742,1.353,-118.1,-1.865,-1.865,-0.630,1.854,4.4,5.152,5.152,4.012,26.750,65.8,10.742,10.742,32.739,93.438,-107.2,-10.367,-10.367,97.398,1.893,57.2,2.434,2.434,1.060,-11.453,47.2,-0.069,-0.069,-6.332,-50.438,98.4,-2.156,-2.156,-48.469,-106.688,-45.7,5.141,5.141,-100.068,0.000,0.0,0.000,0.000,0.000,0.000,0.0,0.000,0.000,0.000
3068.4762,1.146,-106.6,-0.463,-0.463,-0.630,1.826,-5.6,6.004,6.004,4.012,26.891,66.8,11.023,11.023,32.739,93.188,-134.2,-10.031,-10.031,97.398,1.993,52.7,0.568,0.568,1.060,-11.383,40.8,-0.263,-0.263,-6.332,-50.219,97.0,-2.258,-2.258,-48.469,-106.750,-35.0,4.695,4.695,-100.068,0.000,0.0,0.000,0.000,0.000,0.000,0.0,0.000,0.000,0.000
3068.4782,0.988,-87.9,-0.280,-0.280,-0.630,1.836,0.9,7.598,7.598,4.012,27.047,71.5,7.984,7.984,32.739,92.812,-158.4,-8.891,-8.891,97.398,2.074,44.5,-5.719,-5.719,1.060,-11.312,34.7,-0.382,-0.382,-6.332,-50.062,85.4,-2.721,-2.721,-48.469,-106.750,-25.4,7.723,7.723,-100.068,0.000,0.0,0.000,0.000,0.000,0.000,0.0,0.000,0.000,0.000
3068.4802,0.919,-52.4,10.781,10.781,-0.630,1.870,12.0,8.477,8.477,4.012,27.188,71.6,0.182,0.182,32.739,92.438,-175.9,-5.570,-5.570,97.398,2.059,10.8,-7.043,-7.043,1.060,-11.273,23.7,-1.741,-1.741,-6.332,-49.938,74.3,-7.531,-7.531,-48.469,-106.750,-6.3,15.953,15.953,-100.068,0.000,0.0,0.000,0.000,0.000,0.000,0.0,0.000,0.000,0.000
3068.4823,0.963,-4.7,8.484,8.484,-0.630,1.921,21.3,1.872,1.872,4.012,27.266,50.8,0.163,0.163,32.739,92.125,-177.4,3.504,3.504,97.398,1.983,-20.6,-3.227,-3.227,1.060,-11.281,6.5,-4.113,-4.113,-6.332,-49.844,51.1,-14.938,-14.938,-48.469,-106.688,23.2,14.852,14.852,-100.068,0.000,0.0,0.000,0.000,0.000,0.000,0.0,0.000,0.000,0.000
3068.4842,1.076,33.3,4.496,4.496,-0.630,1.917,6.6,1.371,1.371,4.012,27.297,26.9,1.432,1.432,32.739,91.812,-155.9,3.881,3.881,97.398,1.864,-45.8,-0.794,-0.794,1.060,-11.328,-13.4,-2.436,-2.436,-6.332,-49.875,15.0,-13.789,-13.789,-48.469,-106.500,67.2,13.711,13.711,-100.068,0.000,0.0,0.000,0.000,0.000,0.000,0.0,0.000,0.000,0.000
3068.4862,1.230,59.3,3.383,3.383,-0.630,1.867,-13.6,2.432,2.432,4.012,27.250,-4.0,4.684,4.684,32.739,91.562,-131.1,2.527,2.527,97.398,1.735,-57.4,-0.747,-0.747,1.060,-11.383,-20.9,-1.166,-1.166,-6.332,-49.969,-25.7,-11.852,-11.852,-48.469,-106.250,101.8,11.711,11.711,-100.068,0.000,0.0,0.000,0.000,0.000,0.000,0.0,0.000,0.000,0.000
3068.4882,1.384,69.1,1.479,1.479,-0.630,1.779,-33.8,4.039,4.039,4.012,27.188,-19.5,6.938,6.938,32.739,91.375,-106.2,1.722,1.722,97.398,1.569,-74.6,0.817,0.817,1.060,-11.438,-25.2,-0.865,-0.865,-6.332,-50.062,-42.0,-11.438,-11.438,-48.469,-105.938,138.0,10.547,10.547,-100.068,0.000,0.0,0.000,0.000,0.000,0.000,0.0,0.000,0.000,0.000
3068.4902,1.562,81.1,-0.373,-0.373,-0.630,1.717,-32.1,4.926,4.926,4.012,27.109,-30.1,8.031,8.031,32.739,91.250,-83.4,1.419,1.419,97.398,1.406,-81.1,3.756,3.756,1.060,-11.492,-25.3,-2.408,-2.408,-6.332,-50.219,-64.2,-13.344,-13.344,-48.469,-105.625,157.9,11.469,11.469,-100.068,0.000,0.0,0.000,0.000,0.000,0.000,0.0,0.000,0.000,0.000
3068.4922,1.723,80.2,-3.947,-3.947,-0.630,1.650,-30.3,5.957,5.957,4.012,27.047,-29.6,17.562,17.562,32.739,91.125,-57.5,-1.632,-1.632,97.398,1.259,-78.1,5.898,5.898,1.060,-11.562,-32.4,-1.317,-1.317,-6.332,-50.406,-82.2,-10.008,-10.008,-48.469,-105.250,177.1,3.562,3.562,-100.068,0.000,0.0,0.000,0.000,0.000,0.000,0.0,0.000,0.000,0.000
3068.4942,1.846,67.7,-6.668,-6.668,-0.630,1.613,-21.5,8.938,8.938,4.012,27.016,-15.5,14.547,14.547,32.739,91.125,-37.3,-5.277,-5.277,97.398,1.151,-63.0,6.617,6.617,1.060,-11.633,-33.7,-1.148,-1.148,-6.332,-50.594,-91.5,-6.691,-6.691,-48.469,-104.875,178.2,4.691,4.691,-100.068,0.000,0.0,0.000,0.000,0.000,0.000,0.0,0.000,0.000,0.000
3068.4962,1.908,42.3,-6.379,-6.379,-0.630,1.610,-9.3,4.078,4.078,4.012,27.031,-1.0,7.727,7.727,32.739,91.062,-31.3,-1.697,-1.697,97.398,1.086,-41.1,14.945,14.945,1.060,-11.695,-31.9,-3.594,-3.594,-6.332,-50.812,-101.8,-9.664,-9.664,-48.469,-104.500,180.6,2.230,2.230,-100.068,0.000,0.0,0.000,0.000,0.000,0.000,0.0,0.000,0.000,0.000
3068.4982,1.924,16.6,-15.078,-15.078,-0.630,1.616,-2.5,2.303,2.303,4.012,27.016,-4.8,9.500,9.500,32.739,91.062,-11.7,3.895,3.895,97.398,1.099,-5.9,16.234,16.234,1.060,-11.758,-31.3,-7.320,-7.320,-6.332,-51.031,-105.2,-14.133,-14.133,-48.469,-104.188,160.5,-5.426,-5.426,-100.068,0.000,0.0,0.000,0.000,0.000,0.000,0.0,0.000,0.000,0.000
3068.5002,1.836,-23.2,-10.312,-10.312,-0.630,1.606,-3.2,1.596,1.596,4.012,27.000,-9.6,10.273,10.273,32.739,91.125,15.8,3.473,3.473,97.398,1.218,36.6,10.602,10.602,1.060,-11.812,-29.2,-9.281,-9.281,-6.332,-51.281,-119.1,-11.805,-11.805,-48.469,-104.000,129.1,-8.312,-8.312,-100.068,0.000,0.0,0.000,0.000,0.000,0.000,0.0,0.000,0.000,0.000
3068.5027,1.707,-48.8,-6.664,-6.664,-0.630,1.582,-9.0,1.408,1.408,4.012,26.969,-11.4,9.984,9.984,32.739,91.188,41.7,2.496,2.496,97.398,1.394,68.8,6.348,6.348,1.060,-11.891,-35.6,-9.180,-9.180,-6.332,-51.531,-121.7,-10.656,-10.656,-48.469,-103.875,82.7,-6.695,-6.695,-100.068,0.000,0.0,0.000,0.000,0.000,0.000,0.0,0.000,0.000,0.000
3068.5048,1.557,-64.9,-4.941,-4.941,-0.630,1.554,-12.1,1.791,1.791,4.012,26.953,-9.5,9.578,9.578,32.739,91.375,73.6,1.344,1.344,97.398,1.606,91.8,3.516,3.516,1.060,-11.969,-40.2,-8.820,-8.820,-6.332,-51.781,-124.8,-9.891,-9.891,-48.469,-103.875,33.9,-5.352,-5.352,-100.068,0.000,0.0,0.000,0.000,0.000,0.000,0.0,0.000,0.000,0.000
3068.5067,1.446,-59.4,-4.422,-4.422,-0.630,1.525,-13.7,2.275,2.275,4.012,26.922,-15.7,8.594,8.594,32.739,91.625,90.0,0.752,0.752,97.398,1.802,94.1,1.032,1.032,1.060,-12.047,-37.9,-8.734,-8.734,-6.332,-52.000,-114.7,-10.281,-10.281,-48.469,-103.938,-12.8,-3.613,-3.613,-100.068,0.000,0.0,0.000,0.000,0.000,0.000,0.0,0.000,0.000,0.000
3068.5087,1.384,-41.1,-4.113,-4.113,-0.630,1.506,-10.7,2.018,2.018,4.012,26.906,-9.3,8.312,8.312,32.739,91.812,105.0,-0.077,-0.077,97.398,2.006,96.5,0.011,0.011,1.060,-12.094,-28.7,-8.984,-8.984,-6.332,-52.188,-104.1,-9.562,-9.562,-48.469,-104.125,-54.7,-2.264,-2.264,-100.068,0.000,0.0,0.000,0.000,0.000,0.000,0.0,0.000,0.000,0.000
3068.5103,1.350,-26.7,-2.678,-2.678,-0.630,1.500,-5.5,1.685,1.685,4.012,26.891,-9.5,6.844,6.844,32.739,92.062,116.8,-0.907,-0.907,97.398,2.172,87.8,-2.445,-2.445,1.060,-12.109,-16.9,-8.680,-8.680,-6.332,-52.344,-82.8,-8.805,-8.805,-48.469,-104.312,-89.4,-0.763,-0.763,-100.068,0.000,0.0,0.000,0.000,0.000,0.000,0.0,0.000,0.000,0.000
3068.5122,1.358,-6.6,-2.039,-2.039,-0.630,1.510,0.5,1.547,1.547,4.012,26.906,1.6,5.473,5.473,32.739,92.312,125.1,-2.088,-2.088,97.398,2.291,68.2,-3.691,-3.691,1.060,-12.102,-3.0,-8.891,-8.891,-6.332,-52.469,-65.1,-7.781,-7.781,-48.469,-104.562,-109.2,0.915,0.915,-100.068,0.000,0.0,0.000,0.000,0.000,0.000,0.0,0.000,0.000,0.000
3068.5142,1.384,5.6,5.824,5.824,-0.630,1.544,13.3,2.082,2.082,4.012,26.906,-1.7,6.246,6.246,32.739,92.562,124.6,-3.848,-3.848,97.398,2.359,43.9,-14.992,-14.992,1.060,-12.094,4.8,-4.004,-4.004,-6.332,-52.469,-29.2,-4.371,-4.371,-48.469,-104.812,-130.9,3.195,3.195,-100.068,0.000,0.0,0.000,0.000,0.000,0.000,0.0,0.000,0.000,0.000
3068.5162,1.475,31.6,2.324,2.324,-0.630,1.572,15.7,5.898,5.898,4.012,26.906,3.5,8.727,8.727,32.739,92.812,120.3,-4.383,-4.383,97.398,2.311,-0.5,-8.953,-8.953,1.060,-12.062,12.3,0.217,0.217,-6.332,-52.438,5.7,-1.163,-1.163,-48.469,-105.125,-134.1,4.914,4.914,-100.068,0.000,0.0,0.000,0.000,0.000,0.000,0.0,0.000,0.000,0.000
3068.5182,1.594,49.3,-1.162,-1.162,-0.630,1.645,28.0,5.828,5.828,4.012,26.906,2.5,7.758,7.758,32.739,93.062,114.4,-5.031,-5.031,97.398,2.172,-44.0,0.175,0.175,1.060,-11.984,28.9,1.432,1.432,-6.332,-52.281,46.9,-0.203,-0.203,-48.469,-105.375,-139.1,7.359,7.359,-100.068,0.000,0.0,0.000,0.000,0.000,0.000,0.0,0.000,0.000,0.000
3068.5202,1.688,46.7,-9.391,-9.391,-0.630,1.741,40.7,3.889,3.889,4.012,26.922,5.4,7.379,7.379,32.739,93.250,103.4,-5.176,-5.176,97.398,2.031,-59.7,2.385,2.385,1.060,-11.883,41.2,0.589,0.589,-6.332,-52.094,82.8,-0.153,-0.153,-48.469,-105.688,-134.6,7.652,7.652,-100.068,0.000,0.0,0.000,0.000,0.000,0.000,0.0,0.000,0.000,0.000
3068.5222,1.726,28.6,-2.029,-2.029,-0.630,1.817,39.1,4.996,4.996,4.012,26.922,-1.5,6.074,6.074,32.739,93.438,91.9,-5.250,-5.250,97.398,1.870,-72.8,2.008,2.008,1.060,-11.773,47.9,-0.851,-0.851,-6.332,-51.812,112.9,-2.201,-2.201,-48.469,-105.875,-120.0,7.621,7.621,-100.068,0.000,0.0,0.000,0.000,0.000,0.000,0.0,0.000,0.000,0.000
3068.5242,1.764,23.1,-0.775,-0.775,-0.630,1.864,28.6,1.985,1.985,4.012,26.906,-8.8,2.514,2.514,32.739,93.562,77.6,-5.066,-5.066,97.398,1.726,-72.9,6.879,6.879,1.060,-11.672,49.4,0.049,0.049,-6.332,-51.562,127.9,-4.992,-4.992,-48.469,-106.062,-107.4,7.508,7.508,-100.068,0.000,0.0,0.000,0.000,0.000,0.000,0.0,0.000,0.000,0.000
3068.5262,1.779,14.2,-6.016,-6.016,-0.630,1.864,9.9,5.016,5.016,4.012,26.859,-17.8,6.000,6.000,32.739,93.688,68.2,-4.707,-4.707,97.398,1.604,-65.9,13.492,13.492,1.060,-11.570,51.4,1.310,1.310,-6.332,-51.281,131.6,-3.186,-3.186,-48.469,-106.250,-92.6,7.277,7.277,-100.068,0.000,0.0,0.000,0.000,0.000,0.000,0.0,0.000,0.000,0.000
3068.5282,1.729,-10.4,-13.102,-13.102,-0.630,1.839,-5.7,5.449,5.449,4.012,26.797,-23.8,7.395,7.395,32.739,93.812,59.1,-5.672,-5.672,97.398,1.575,-32.5,12.984,12.984,1.060,-11.477,48.3,1.420,1.420,-6.332,-51.000,134.0,-2.100,-2.100,-48.469,-106.375,-74.8,7.043,7.043,-100.068,0.000,0.0,0.000,0.000,0.000,0.000,0.0,0.000,0.000,0.000
3068.5304,1.531,-55.0,-9.109,-9.109,-0.630,1.836,-2.4,4.914,4.914,4.012,26.781,-6.9,9.094,9.094,32.739,93.812,27.2,-8.328,-8.328,97.398,1.650,15.6,8.695,8.695,1.060,-11.336,47.5,1.032,1.032,-6.332,-50.625,129.0,-2.309,-2.309,-48.469,-106.500,-52.8,6.043,6.043,-100.068,0.000,0.0,0.000,0.000,0.000,0.000,0.0,0.000,0.000,0.000
3068.5325,1.350,-78.6,-6.938,-6.938,-0.630,1.842,1.3,5.301,5.301,4.012,26.797,2.8,9.422,9.422,32.739,93.812,3.0,-8.953,-8.953,97.398,1.738,33.0,5.750,5.750,1.060,-11.242,46.5,1.104,1.104,-6.332,-50.375,125.1,-2.387,-2.387,-48.469,-106.562,-35.1,5.367,5.367,-100.068,0.000,0.0,0.000,0.000,0.000,0.000,0.0,0.000,0.000,0.000
3068.5347,1.268,-80.6,-6.234,-6.234,-0.630,1.864,9.5,5.660,5.660,4.012,26.812,9.1,8.680,8.680,32.739,93.812,-8.3,-8.234,-8.234,97.398,1.798,42.4,2.900,2.900,1.060,-11.188,48.7,0.779,0.779,-6.332,-50.281,116.9,-2.135,-2.135,-48.469,-106.625,-30.5,4.922,4.922,-100.068,0.000,0.0,0.000,0.000,0.000,0.000,0.0,0.000,0.000,0.000
3068.5368,1.029,-77.8,-2.682,-2.682,-0.630,1.917,18.3,5.547,5.547,4.012,26.922,31.0,7.820,7.820,32.739,93.688,-38.6,-6.613,-6.613,97.398,1.933,41.6,-2.861,-2.861,1.060,-11.047,47.4,0.009,0.009,-6.332,-49.969,102.4,-2.547,-2.547,-48.469,-106.625,-12.9,5.195,5.195,-100.068,0.000,0.0,0.000,0.000,0.000,0.000,0.0,0.000,0.000,0.000
3068.5382,0.982,-65.1,3.525,3.525,-0.630,1.955,27.4,5.027,5.027,4.012,26.969,39.9,5.895,5.895,32.739,93.625,-45.8,-5.375,-5.375,97.398,1.949,31.2,-5.199,-5.199,1.060,-11.016,40.2,-0.561,-0.561,-6.332,-49.875,98.2,-4.348,-4.348,-48.469,-106.625,-2.6,5.129,5.129,-100.068,0.000,0.0,0.000,0.000,0.000,0.000,0.0,0.000,0.000,0.000
3068.5402,0.910,-43.5,8.086,8.086,-0.630,1.980,18.4,3.979,3.979,4.012,27.062,42.8,3.594,3.594,32.739,93.500,-60.8,-7.562,-7.562,97.398,1.933,5.0,-6.195,-6.195,1.060,-10.945,34.3,-2.082,-2.082,-6.332,-49.719,85.2,-8.102,-8.102,-48.469,-106.562,11.8,10.039,10.039,-100.068,0.000,0.0,0.000,0.000,0.000,0.000,0.0,0.000,0.000,0.000
3068.5422,0.929,-8.3,8.117,8.117,-0.630,2.031,20.9,2.639,2.639,4.012,27.141,42.1,0.548,0.548,32.739,93.312,-75.7,-2.398,-2.398,97.398,1.870,-18.6,-4.031,-4.031,1.060,-10.930,16.0,-3.756,-3.756,-6.332,-49.594,64.6,-12.859,-12.859,-48.469,-106.438,38.7,13.391,13.391,-100.068,0.000,0.0,0.000,0.000,0.000,0.000,0.0,0.000,0.000,0.000
3068.5442,1.017,24.9,5.355,5.355,-0.630,2.027,6.3,2.199,2.199,4.012,27.219,35.2,0.233,0.233,32.739,93.125,-80.9,-1.667,-1.667,97.398,1.748,-44.9,-1.679,-1.679,1.060,-10.930,4.8,-2.938,-2.938,-6.332,-49.562,33.3,-12.812,-12.812,-48.469,-106.250,74.6,12.828,12.828,-100.068,0.000,0.0,0.000,0.000,0.000,0.000,0.0,0.000,0.000,0.000
3068.5462,1.151,53.9,3.029,3.029,-0.630,1.989,-10.1,2.945,2.945,4.012,27.250,21.6,2.480,2.480,32.739,93.000,-70.8,-1.890,-1.890,97.398,1.610,-58.7,0.266,0.266,1.060,-10.969,-9.8,-2.193,-2.193,-6.332,-49.562,6.9,-13.008,-13.008,-48.469,-106.000,109.5,11.000,11.000,-100.068,0.000,0.0,0.000,0.000,0.000,0.000,0.0,0.000,0.000,0.000
3068.5482,1.280,61.2,1.077,1.077,-0.630,1.942,-19.3,4.008,4.008,4.012,27.250,10.8,4.344,4.344,32.739,92.812,-75.2,-1.906,-1.906,97.398,1.446,-73.0,2.314,2.314,1.060,-11.008,-15.6,-2.430,-2.430,-6.332,-49.625,-17.3,-12.328,-12.328,-48.469,-105.688,140.0,10.047,10.047,-100.068,0.000,0.0,0.000,0.000,0.000,0.000,0.0,0.000,0.000,0.000
3068.5502,1.412,60.7,-0.848,-0.848,-0.630,1.896,-22.6,4.656,4.656,4.012,27.219,-3.9,6.625,6.625,32.739,92.750,-66.4,-2.668,-2.668,97.398,1.303,-72.9,4.172,4.172,1.060,-11.055,-20.4,-2.012,-2.012,-6.332,-49.750,-39.5,-11.336,-11.336,-48.469,-105.375,160.9,6.938,6.938,-100.068,0.000,0.0,0.000,0.000,0.000,0.000,0.0,0.000,0.000,0.000
3068.5522,1.557,65.1,-3.318,-3.318,-0.630,1.864,-16.6,6.402,6.402,4.012,27.188,-7.5,11.211,11.211,32.739,92.562,-64.4,-4.695,-4.695,97.398,1.161,-72.4,5.180,5.180,1.060,-11.109,-24.9,-1.246,-1.246,-6.332,-49.875,-53.5,-9.148,-9.148,-48.469,-105.000,176.2,4.504,4.504,-100.068,0.000,0.0,0.000,0.000,0.000,0.000,0.0,0.000,0.000,0.000
3068.5542,1.647,51.7,-5.008,-5.008,-0.630,1.833,-15.5,6.688,6.688,4.012,27.188,-4.1,13.125,13.125,32.739,92.438,-66.4,-4.516,-4.516,97.398,1.073,-54.1,7.684,7.684,1.060,-11.172,-27.4,-2.662,-2.662,-6.332,-50.031,-69.6,-8.430,-8.430,-48.469,-104.625,184.4,5.566,5.566,-100.068,0.000,0.0,0.000,0.000,0.000,0.000,0.0,0.000,0.000,0.000
3068.5562,1.710,38.1,-5.746,-5.746,-0.630,1.823,-10.3,2.396,2.396,4.012,27.203,3.9,9.219,9.219,32.739,92.312,-59.9,0.485,0.485,97.398,1.008,-40.1,17.047,17.047,1.060,-11.258,-36.3,-4.828,-4.828,-6.332,-50.219,-81.4,-11.508,-11.508,-48.469,-104.250,180.9,4.340,4.340,-100.068,0.000,0.0,0.000,0.000,0.000,0.000,0.0,0.000,0.000,0.000
3068.5582,1.691,5.4,-13.977,-13.977,-0.630,1.802,-11.2,2.105,2.105,4.012,27.203,-3.1,6.441,6.441,32.739,92.250,-41.9,4.297,4.297,97.398,1.058,3.2,16.266,16.266,1.060,-11.352,-40.9,-6.738,-6.738,-6.332,-50.469,-107.2,-14.602,-14.602,-48.469,-103.875,174.1,-3.568,-3.568,-100.068,0.000,0.0,0.000,0.000,0.000,0.000,0.0,0.000,0.000,0.000
3068.5602,1.519,-49.2,-8.438,-8.438,-0.630,1.723,-20.2,3.086,3.086,4.012,27.141,-18.0,9.234,9.234,32.739,92.250,-7.9,3.785,3.785,97.398,1.293,65.5,9.539,9.539,1.060,-11.523,-51.8,-7.785,-7.785,-6.332,-50.906,-139.1,-11.773,-11.773,-48.469,-103.500,128.2,-5.426,-5.426,-100.068,0.000,0.0,0.000,0.000,0.000,0.000,0.0,0.000,0.000,0.000
3068.5622,1.443,-59.5,-7.301,-7.301,-0.630,1.682,-28.0,3.152,3.152,4.012,27.125,-17.3,9.445,9.445,32.739,92.312,7.1,3.461,3.461,97.398,1.399,81.6,6.441,6.441,1.060,-11.570,-48.7,-8.602,-8.602,-6.332,-51.031,-137.5,-11.555,-11.555,-48.469,-103.438,105.9,-6.688,-6.688,-100.068,0.000,0.0,0.000,0.000,0.000,0.000,0.0,0.000,0.000,0.000
3068.5642,1.293,-69.0,-4.496,-4.496,-0.630,1.632,-27.5,3.236,3.236,4.012,27.062,-22.0,10.258,10.258,32.739,92.438,38.4,2.971,2.971,97.398,1.629,101.7,3.746,3.746,1.060,-11.648,-43.0,-8.836,-8.836,-6.332,-51.344,-149.9,-10.680,-10.680,-48.469,-103.375,59.2,-5.051,-5.051,-100.068,0.000,0.0,0.000,0.000,0.000,0.000,0.0,0.000,0.000,0.000
3068.5662,1.161,-65.8,-3.494,-3.494,-0.630,1.598,-21.6,3.008,3.008,4.012,27.031,-20.2,10.047,10.047,32.739,92.562,58.8,2.354,2.354,97.398,1.864,112.2,1.358,1.358,1.060,-11.727,-41.1,-9.289,-9.289,-6.332,-51.656,-147.6,-10.148,-10.148,-48.469,-103.375,11.3,-4.496,-4.496,-100.068,0.000,0.0,0.000,0.000,0.000,0.000,0.0,0.000,0.000,0.000
3068.5682,1.073,-51.4,-2.328,-2.328,-0.630,1.572,-16.9,2.596,2.596,4.012,27.031,-10.3,9.734,9.734,32.739,92.688,70.1,1.532,1.532,97.398,2.084,109.7,-1.162,-1.162,1.060,-11.797,-37.9,-9.594,-9.594,-6.332,-51.938,-136.6,-9.820,-9.820,-48.469,-103.500,-26.2,-3.646,-3.646,-100.068,0.000,0.0,0.000,0.000,0.000,0.000,0.0,0.000,0.000,0.000
3068.5702,1.029,-32.3,-0.405,-0.405,-0.630,1.575,-6.3,2.762,2.762,4.012,27.031,-4.7,7.539,7.539,32.739,92.875,84.3,0.468,0.468,97.398,2.256,93.6,-5.230,-5.230,1.060,-11.859,-32.5,-9.727,-9.727,-6.332,-52.156,-121.2,-8.023,-8.023,-48.469,-103.688,-64.9,-1.557,-1.557,-100.068,0.000,0.0,0.000,0.000,0.000,0.000,0.0,0.000,0.000,0.000
3068.5722,1.042,-4.7,8.188,8.188,-0.630,1.604,6.4,4.434,4.434,4.012,27.031,-2.9,10.328,10.328,32.739,93.125,95.9,-0.632,-0.632,97.398,2.354,61.6,-17.016,-17.016,1.060,-11.906,-24.3,-0.346,-0.346,-6.332,-52.281,-85.2,-3.854,-3.854,-48.469,-103.938,-97.8,0.867,0.867,-100.068,0.000,0.0,0.000,0.000,0.000,0.000,0.0,0.000,0.000,0.000
3068.5742,1.123,26.8,3.988,3.988,-0.630,1.650,16.7,7.363,7.363,4.012,27.047,5.6,10.617,10.617,32.739,93.312,94.6,-1.966,-1.966,97.398,2.318,10.6,-11.289,-11.289,1.060,-11.859,6.8,-0.150,-0.150,-6.332,-52.312,-36.2,-1.557,-1.557,-48.469,-104.188,-116.4,2.992,2.992,-100.068,0.000,0.0,0.000,0.000,0.000,0.000,0.0,0.000,0.000,0.000
3068.5762,1.255,54.5,2.303,2.303,-0.630,1.738,34.3,3.500,3.500,4.012,27.078,12.4,7.539,7.539,32.739,93.500,94.1,-3.182,-3.182,97.398,2.184,-39.4,-5.836,-5.836,1.060,-11.758,32.8,-1.064,-1.064,-6.332,-52.219,12.8,-3.342,-3.342,-48.469,-104.438,-132.8,4.781,4.781,-100.068,0.000,0.0,0.000,0.000,0.000,0.000,0.0,0.000,0.000,0.000
3068.5782,1.406,68.2,0.114,0.114,-0.630,1.798,31.0,3.100,3.100,4.012,27.078,1.6,6.812,6.812,32.739,93.688,95.0,-3.480,-3.480,97.398,2.008,-69.9,-1.170,-1.170,1.060,-11.617,54.6,-0.811,-0.811,-6.332,-52.062,56.7,-4.070,-4.070,-48.469,-104.750,-135.6,6.270,6.270,-100.068,0.000,0.0,0.000,0.000,0.000,0.000,0.0,0.000,0.000,0.000
3068.5802,1.554,72.0,-2.791,-2.791,-0.630,1.829,19.8,4.598,4.598,4.012,27.047,-6.5,7.895,7.895,32.739,93.812,82.6,-3.986,-3.986,97.398,1.802,-91.7,8.852,8.852,1.060,-11.469,67.2,-0.177,-0.177,-6.332,-51.844,89.1,-3.645,-3.645,-48.469,-105.000,-134.4,7.176,7.176,-100.068,0.000,0.0,0.000,0.000,0.000,0.000,0.0,0.000,0.000,0.000
3068.5822,1.645,53.5,-14.375,-14.375,-0.630,1.842,11.7,7.148,7.148,4.012,27.016,-14.8,9.523,9.523,32.739,93.938,70.1,-4.023,-4.023,97.398,1.657,-77.1,7.816,7.816,1.060,-11.312,76.0,-0.706,-0.706,-6.332,-51.594,112.7,-2.510,-2.510,-48.469,-105.250,-127.9,7.477,7.477,-100.068,0.000,0.0,0.000,0.000,0.000,0.000,0.0,0.000,0.000,0.000
3068.5843,1.642,19.4,-5.004,-5.004,-0.630,1.833,2.1,6.367,6.367,4.012,26.969,-17.7,7.355,7.355,32.739,94.062,62.6,-4.688,-4.688,97.398,1.544,-62.9,13.930,13.930,1.060,-11.188,66.6,-0.917,-0.917,-6.332,-51.312,132.0,-4.094,-4.094,-48.469,-105.500,-117.8,7.516,7.516,-100.068,0.000,0.0,0.000,0.000,0.000,0.000,0.0,0.000,0.000,0.000
3068.5864,1.585,-12.6,-12.742,-12.742,-0.630,1.833,0.5,4.371,4.371,4.012,26.922,-20.9,8.422,8.422,32.739,94.188,53.6,-5.852,-5.852,97.398,1.503,-35.7,14.188,14.188,1.060,-11.070,60.9,-0.435,-0.435,-6.332,-51.031,135.6,-2.553,-2.553,-48.469,-105.688,-100.6,7.777,7.777,-100.068,0.000,0.0,0.000,0.000,0.000,0.000,0.0,0.000,0.000,0.000
3068.5884,1.453,-47.5,-10.875,-10.875,-0.630,1.836,2.7,3.717,3.717,4.012,26.859,-30.2,7.672,7.672,32.739,94.188,35.7,-5.594,-5.594,97.398,1.550,3.4,11.234,11.234,1.060,-10.961,55.8,-0.085,-0.085,-6.332,-50.719,146.5,-2.557,-2.557,-48.469,-105.812,-89.8,7.223,7.223,-100.068,0.000,0.0,0.000,0.000,0.000,0.000,0.0,0.000,0.000,0.000
3068.5903,1.280,-71.9,-9.320,-9.320,-0.630,1.820,-4.5,3.453,3.453,4.012,26.812,-25.8,7.691,7.691,32.739,94.250,20.4,-5.777,-5.777,97.398,1.647,32.4,9.430,9.430,1.060,-10.852,56.4,-0.057,-0.057,-6.332,-50.438,144.4,-2.096,-2.096,-48.469,-105.938,-69.4,7.082,7.082,-100.068,0.000,0.0,0.000,0.000,0.000,0.000,0.0,0.000,0.000,0.000
3068.5922,1.073,-90.8,-6.230,-6.230,-0.630,1.842,3.4,3.057,3.057,4.012,26.781,-16.2,7.348,7.348,32.739,94.188,0.0,-5.469,-5.469,97.398,1.792,58.1,5.379,5.379,1.060,-10.758,49.4,0.123,0.123,-6.332,-50.188,135.6,-2.029,-2.029,-48.469,-106.000,-51.6,6.566,6.566,-100.068,0.000,0.0,0.000,0.000,0.000,0.000,0.0,0.000,0.000,0.000
3068.5942,0.882,-93.6,-4.238,-4.238,-0.630,1.857,5.7,3.564,3.564,4.012,26.766,-10.6,7.168,7.168,32.739,94.188,-14.8,-5.629,-5.629,97.398,1.930,65.6,2.693,2.693,1.060,-10.680,43.0,1.183,1.183,-6.332,-49.938,133.2,-2.004,-2.004,-48.469,-106.062,-37.4,5.969,5.969,-100.068,0.000,0.0,0.000,0.000,0.000,0.000,0.0,0.000,0.000,0.000
3068.5962,0.734,-80.4,-2.545,-2.545,-0.630,1.898,15.5,4.426,4.426,4.012,26.781,1.1,7.926,7.926,32.739,94.125,-29.1,-6.223,-6.223,97.398,2.047,59.9,0.165,0.165,1.060,-10.602,39.8,1.812,1.812,-6.332,-49.688,125.2,-2.131,-2.131,-48.469,-106.125,-20.0,5.070,5.070,-100.068,0.000,0.0,0.000,0.000,0.000,0.000,0.0,0.000,0.000,0.000
3068.5982,0.622,-64.4,5.109,5.109,-0.630,1.949,22.6,4.766,4.766,4.012,26.828,13.8,5.867,5.867,32.739,94.000,-47.9,-8.656,-8.656,97.398,2.109,41.0,-9.164,-9.164,1.060,-10.562,28.5,-1.072,-1.072,-6.332,-49.469,115.0,-5.875,-5.875,-48.469,-106.125,-4.0,12.945,12.945,-100.068,0.000,0.0,0.000,0.000,0.000,0.000,0.0,0.000,0.000,0.000
3068.6002,0.627,-20.4,8.219,8.219,-0.630,2.018,30.5,1.188,1.188,4.012,26.891,20.3,1.189,1.189,32.739,93.875,-62.8,-4.230,-4.230,97.398,2.074,3.9,-7.043,-7.043,1.060,-10.562,7.9,-1.319,-1.319,-6.332,-49.312,94.9,-11.188,-11.188,-48.469,-106.062,21.8,12.914,12.914,-100.068,0.000,0.0,0.000,0.000,0.000,0.000,0.0,0.000,0.000,0.000
3068.6022,0.719,22.1,6.070,6.070,-0.630,2.053,21.5,0.393,0.393,4.012,26.906,13.6,1.885,1.885,32.739,93.688,-71.2,-3.865,-3.865,97.398,1.974,-31.2,-5.156,-5.156,1.060,-10.602,-9.8,0.875,0.875,-6.332,-49.188,69.2,-11.555,-11.555,-48.469,-105.875,54.7,8.914,8.914,-100.068,0.000,0.0,0.000,0.000,0.000,0.000,0.0,0.000,0.000,0.000
3068.6042,0.869,56.8,2.896,2.896,-0.630,2.055,7.3,2.295,2.295,4.012,26.953,16.6,6.055,6.055,32.739,93.500,-80.2,-5.910,-5.910,97.398,1.813,-62.7,-2.312,-2.312,1.060,-10.641,-14.6,1.831,1.831,-6.332,-49.156,41.9,-8.742,-8.742,-48.469,-105.688,88.4,7.520,7.520,-100.068,0.000,0.0,0.000,0.000,0.000,0.000,0.0,0.000,0.000,0.000
3068.6062,1.023,71.2,0.860,0.860,-0.630,2.049,0.3,4.316,4.316,4.012,26.984,20.5,7.828,7.828,32.739,93.312,-90.1,-5.719,-5.719,97.398,1.635,-79.9,0.240,0.240,1.060,-10.664,-10.3,1.074,1.074,-6.332,-49.094,26.8,-8.922,-8.922,-48.469,-105.438,101.8,7.418,7.418,-100.068,0.000,0.0,0.000,0.000,0.000,0.000,0.0,0.000,0.000,0.000
3068.6082,1.171,73.2,-0.414,-0.414,-0.630,2.033,-4.1,4.391,4.391,4.012,27.031,21.7,8.336,8.336,32.739,93.125,-102.3,-4.051,-4.051,97.398,1.438,-91.7,3.939,3.939,1.060,-10.680,-8.2,-1.261,-1.261,-6.332,-49.094,12.3,-10.672,-10.672,-48.469,-105.188,119.5,9.172,9.172,-100.068,0.000,0.0,0.000,0.000,0.000,0.000,0.0,0.000,0.000,0.000
3068.6103,1.309,69.5,-2.199,-2.199,-0.630,2.021,-6.1,4.332,4.332,4.012,27.094,23.3,9.414,9.414,32.739,92.875,-106.4,-4.586,-4.586,97.398,1.249,-94.3,6.203,6.203,1.060,-10.680,-4.4,-1.428,-1.428,-6.332,-49.156,-15.5,-12.789,-12.789,-48.469,-104.875,140.5,5.434,5.434,-100.068,0.000,0.0,0.000,0.000,0.000,0.000,0.0,0.000,0.000,0.000
3068.6123,1.479,56.1,-7.223,-7.223,-0.630,2.031,0.1,7.336,7.336,4.012,27.203,38.7,15.312,15.312,32.739,92.562,-112.4,-6.336,-6.336,97.398,1.052,-72.3,6.867,6.867,1.060,-10.727,-12.8,-1.058,-1.058,-6.332,-49.312,-43.4,-9.188,-9.188,-48.469,-104.438,145.1,3.107,3.107,-100.068,0.000,0.0,0.000,0.000,0.000,0.000,0.0,0.000,0.000,0.000
3068.6143,1.528,35.0,-6.895,-6.895,-0.630,2.039,1.2,7.156,7.156,4.012,27.312,48.0,14.359,14.359,32.739,92.312,-121.3,-4.859,-4.859,97.398,0.973,-50.3,6.547,6.547,1.060,-10.750,-11.1,-0.990,-0.990,-6.332,-49.438,-62.7,-8.352,-8.352,-48.469,-104.188,142.0,2.711,2.711,-100.068,0.000,0.0,0.000,0.000,0.000,0.000,0.0,0.000,0.000,0.000
3068.6164,1.541,14.4,-5.047,-5.047,-0.630,2.037,-1.2,7.031,7.031,4.012,27.422,52.1,13.828,13.828,32.739,92.062,-117.1,-3.652,-3.652,97.398,0.919,-35.2,5.449,5.449,1.060,-10.789,-16.1,-1.779,-1.779,-6.332,-49.625,-73.9,-8.164,-8.164,-48.469,-103.938,131.4,3.930,3.930,-100.068,0.000,0.0,0.000,0.000,0.000,0.000,0.0,0.000,0.000,0.000
3068.6182,1.534,6.2,-3.873,-3.873,-0.630,2.039,1.4,6.617,6.617,4.012,27.484,53.6,12.461,12.461,32.739,91.938,-115.8,-2.451,-2.451,97.398,0.923,-19.5,5.031,5.031,1.060,-10.805,-17.8,-2.031,-2.031,-6.332,-49.688,-79.1,-9.086,-9.086,-48.469,-103.812,124.7,4.223,4.223,-100.068,0.000,0.0,0.000,0.000,0.000,0.000,0.0,0.000,0.000,0.000
3068.6202,1.497,-10.1,-1.545,-1.545,-0.630,2.016,-5.5,4.820,4.820,4.012,27.578,52.7,7.418,7.418,32.739,91.750,-106.8,1.672,1.672,97.398,0.913,-6.4,5.105,5.105,1.060,-10.859,-25.7,-5.164,-5.164,-6.332,-49.875,-84.6,-13.641,-13.641,-48.469,-103.562,117.5,8.531,8.531,-100.068,0.000,0.0,0.000,0.000,0.000,0.000,0.0,0.000,0.000,0.000
3068.6222,1.450,-18.5,-1.645,-1.645,-0.630,1.949,-21.7,3.377,3.377,4.012,27.625,34.6,7.801,7.801,32.739,91.562,-87.4,4.004,4.004,97.398,0.941,9.2,5.406,5.406,1.060,-10.922,-29.6,-5.742,-5.742,-6.332,-50.062,-98.1,-13.461,-13.461,-48.469,-103.312,122.6,8.555,8.555,-100.068,0.000,0.0,0.000,0.000,0.000,0.000,0.0,0.000,0.000,0.000
3068.6242,1.394,-25.1,0.481,0.481,-0.630,1.867,-33.8,3.971,3.971,4.012,27.656,19.8,9.008,9.008,32.739,91.500,-58.7,3.627,3.627,97.398,0.979,16.4,1.579,1.579,1.060,-10.984,-32.8,-5.199,-5.199,-6.332,-50.281,-102.2,-11.617,-11.617,-48.469,-103.062,122.9,7.312,7.312,-100.068,0.000,0.0,0.000,0.000,0.000,0.000,0.0,0.000,0.000,0.000
3068.6262,1.334,-29.6,0.928,0.928,-0.630,1.785,-37.9,4.129,4.129,4.012,27.609,-5.0,9.188,9.188,32.739,91.438,-30.0,2.660,2.660,97.398,1.020,19.5,0.580,0.580,1.060,-11.016,-23.9,-4.809,-4.809,-6.332,-50.500,-107.2,-10.453,-10.453,-48.469,-102.812,119.4,6.855,6.855,-100.068,0.000,0.0,0.000,0.000,0.000,0.000,0.0,0.000,0.000,0.000
3068.6282,1.303,-21.4,1.909,1.909,-0.630,1.704,-39.5,4.234,4.234,4.012,27.578,-13.6,9.539,9.539,32.739,91.500,-2.7,1.969,1.969,97.398,1.063,20.9,1.024,1.024,1.060,-11.047,-17.1,-5.605,-5.605,-6.332,-50.719,-107.8,-10.164,-10.164,-48.469,-102.625,114.6,6.961,6.961,-100.068,0.000,0.0,0.000,0.000,0.000,0.000,0.0,0.000,0.000,0.000
3068.6302,1.277,-16.3,0.019,0.019,-0.630,1.666,-26.0,3.092,3.092,4.012,27.531,-18.5,8.812,8.812,32.739,91.562,20.3,2.133,2.133,97.398,1.104,20.2,4.695,4.695,1.060,-11.070,-14.2,-7.020,-7.020,-6.332,-50.906,-93.1,-10.648,-10.648,-48.469,-102.375,111.0,0.871,0.871,-100.068,0.000,0.0,0.000,0.000,0.000,0.000,0.0,0.000,0.000,0.000
3068.6322,1.274,-7.6,-4.215,-4.215,-0.630,1.638,-17.0,3.568,3.568,4.012,27.469,-27.8,8.438,8.438,32.739,91.688,46.0,2.031,2.031,97.398,1.158,25.2,3.686,3.686,1.060,-11.078,-8.0,-8.969,-8.969,-6.332,-51.031,-80.9,-11.133,-11.133,-48.469,-102.250,82.9,-4.152,-4.152,-100.068,0.000,0.0,0.000,0.000,0.000,0.000,0.0,0.000,0.000,0.000
3068.6342,1.277,-0.5,-3.613,-3.613,-0.630,1.650,-0.2,2.451,2.451,4.012,27.406,-29.8,8.844,8.844,32.739,91.812,61.6,0.902,0.902,97.398,1.224,29.5,2.955,2.955,1.060,-11.102,-10.7,-9.094,-9.094,-6.332,-51.156,-61.4,-10.383,-10.383,-48.469,-102.188,47.2,-4.199,-4.199,-100.068,0.000,0.0,0.000,0.000,0.000,0.000,0.0,0.000,0.000,0.000
3068.6362,1.296,5.9,-4.719,-4.719,-0.630,1.670,8.2,1.527,1.527,4.012,27.344,-32.3,8.234,8.234,32.739,92.000,79.8,-0.036,-0.036,97.398,1.296,33.8,3.475,3.475,1.060,-11.125,-9.8,-9.031,-9.031,-6.332,-51.188,-39.4,-10.539,-10.539,-48.469,-102.250,2.5,-2.553,-2.553,-100.068,0.000,0.0,0.000,0.000,0.000,0.000,0.0,0.000,0.000,0.000
3068.6383,1.350,14.5,-7.164,-7.164,-0.630,1.704,10.8,0.323,0.323,4.012,27.234,-36.8,7.137,7.137,32.739,92.312,99.8,-1.461,-1.461,97.398,1.431,44.2,3.457,3.457,1.060,-11.156,-9.0,-9.242,-9.242,-6.332,-51.219,-6.1,-11.227,-11.227,-48.469,-102.438,-53.6,-0.546,-0.546,-100.068,0.000,0.0,0.000,0.000,0.000,0.000,0.0,0.000,0.000,0.000
3068.6405,1.371,11.4,-8.289,-8.289,-0.630,1.732,13.3,-0.288,-0.288,4.012,27.156,-41.9,6.344,6.344,32.739,92.562,105.2,-2.873,-2.873,97.398,1.528,47.6,3.668,3.668,1.060,-11.188,-15.0,-9.031,-9.031,-6.332,-51.188,7.3,-10.195,-10.195,-48.469,-102.625,-85.5,0.926,0.926,-100.068,0.000,0.0,0.000,0.000,0.000,0.000,0.0,0.000,0.000,0.000
3068.6426,1.371,1.5,-7.648,-7.648,-0.630,1.735,4.9,-1.039,-1.039,4.012,27.047,-47.4,5.566,5.566,32.739,92.750,106.4,-3.705,-3.705,97.398,1.645,54.0,3.174,3.174,1.060,-11.203,-10.0,-9.297,-9.297,-6.332,-51.125,17.0,-9.555,-9.555,-48.469,-102.875,-112.6,2.967,2.967,-100.068,0.000,0.0,0.000,0.000,0.000,0.000,0.0,0.000,0.000,0.000
3068.6444,1.358,-4.3,-6.508,-6.508,-0.630,1.735,0.4,-1.546,-1.546,4.012,26.969,-47.2,5.098,5.098,32.739,93.000,103.2,-3.963,-3.963,97.398,1.761,56.9,2.592,2.592,1.060,-11.219,-6.4,-8.656,-8.656,-6.332,-51.062,25.4,-9.398,-9.398,-48.469,-103.125,-125.2,4.977,4.977,-100.068,0.000,0.0,0.000,0.000,0.000,0.000,0.0,0.000,0.000,0.000
3068.6462,1.343,-8.3,-5.793,-5.793,-0.630,1.729,-1.4,-1.590,-1.590,4.012,26.922,-45.8,4.262,4.262,32.739,93.062,103.1,-4.305,-4.305,97.398,1.836,63.6,2.152,2.152,1.060,-11.234,-9.5,-8.812,-8.812,-6.332,-51.031,28.1,-8.695,-8.695,-48.469,-103.250,-128.4,5.582,5.582,-100.068,0.000,0.0,0.000,0.000,0.000,0.000,0.0,0.000,0.000,0.000
3068.6482,1.293,-17.7,2.994,2.994,-0.630,1.697,-9.3,-0.727,-0.727,4.012,26.812,-51.1,3.496,3.496,32.739,93.250,93.4,-4.551,-4.551,97.398,1.924,50.3,-7.691,-7.691,1.060,-11.242,-6.5,-3.098,-3.098,-6.332,-50.969,35.1,-5.887,-5.887,-48.469,-103.562,-131.9,6.004,6.004,-100.068,0.000,0.0,0.000,0.000,0.000,0.000,0.0,0.000,0.000,0.000
3068.6502,1.271,-12.7,3.326,3.326,-0.630,1.660,-14.8,2.564,2.564,4.012,26.719,-47.7,6.445,6.445,32.739,93.438,87.1,-4.461,-4.461,97.398,1.952,28.7,-6.359,-6.359,1.060,-11.227,2.4,-0.767,-0.767,-6.332,-50.875,41.8,-3.344,-3.344,-48.469,-103.812,-128.8,6.586,6.586,-100.068,0.000,0.0,0.000,0.000,0.000,0.000,0.0,0.000,0.000,0.000
3068.6522,1.290,0.6,1.392,1.392,-0.630,1.660,-5.7,4.457,4.457,4.012,26.641,-36.9,8.117,8.117,32.739,93.562,75.1,-4.664,-4.664,97.398,1.901,-4.8,-1.486,-1.486,1.060,-11.180,14.1,0.507,0.507,-6.332,-50.750,54.7,-1.073,-1.073,-48.469,-104.062,-124.4,7.305,7.305,-100.068,0.000,0.0,0.000,0.000,0.000,0.000,0.0,0.000,0.000,0.000
3068.6542,1.318,9.4,-3.416,-3.416,-0.630,1.704,14.1,5.324,5.324,4.012,26.609,-24.6,8.289,8.289,32.739,93.688,63.8,-4.762,-4.762,97.398,1.842,-20.4,1.660,1.660,1.060,-11.133,21.1,1.465,1.465,-6.332,-50.562,79.5,-0.580,-0.580,-48.469,-104.250,-113.0,7.164,7.164,-100.068,0.000,0.0,0.000,0.000,0.000,0.000,0.0,0.000,0.000,0.000
3068.6562,1.309,-0.6,-5.031,-5.031,-0.630,1.761,23.9,5.582,5.582,4.012,26.641,0.9,7.871,7.871,32.739,93.750,54.3,-5.152,-5.152,97.398,1.761,-31.9,3.744,3.744,1.060,-11.070,27.4,1.947,1.947,-6.332,-50.375,87.8,-1.309,-1.309,-48.469,-104.438,-105.1,6.965,6.965,-100.068,0.000,0.0,0.000,0.000,0.000,0.000,0.0,0.000,0.000,0.000
3068.6582,1.274,-12.6,-4.383,-4.383,-0.630,1.873,45.4,4.281,4.281,4.012,26.688,20.6,7.445,7.445,32.739,93.812,40.7,-5.254,-5.254,97.398,1.701,-31.3,3.328,3.328,1.060,-10.992,33.2,1.668,1.668,-6.332,-50.125,105.0,-1.937,-1.937,-48.469,-104.625,-95.5,6.727,6.727,-100.068,0.000,0.0,0.000,0.000,0.000,0.000,0.0,0.000,0.000,0.000
3068.6602,1.215,-24.6,-2.545,-2.545,-0.630,1.980,50.1,2.504,2.504,4.012,26.781,33.6,7.289,7.289,32.739,93.875,22.8,-5.496,-5.496,97.398,1.657,-25.8,9.570,9.570,1.060,-10.898,42.0,0.615,0.615,-6.332,-49.906,110.1,-2.355,-2.355,-48.469,-104.812,-82.4,6.574,6.574,-100.068,0.000,0.0,0.000,0.000,0.000,0.000,0.0,0.000,0.000,0.000
3068.6622,1.076,-44.4,-8.641,-8.641,-0.630,2.146,53.3,4.523,4.523,4.012,26.953,56.5,8.289,8.289,32.739,93.812,-0.7,-7.309,-7.309,97.398,1.673,-0.4,7.895,7.895,1.060,-10.773,42.4,1.742,1.742,-6.332,-49.531,116.8,-2.488,-2.488,-48.469,-105.000,-64.4,5.812,5.812,-100.068,0.000,0.0,0.000,0.000,0.000,0.000,0.0,0.000,0.000,0.000
3068.6643,1.004,-54.5,-7.453,-7.453,-0.630,2.203,54.5,4.188,4.188,4.012,27.016,60.8,8.180,8.180,32.739,93.812,-9.3,-8.070,-8.070,97.398,1.701,11.0,7.270,7.270,1.060,-10.727,46.2,1.610,1.610,-6.332,-49.438,113.8,-2.832,-2.832,-48.469,-105.000,-59.2,5.574,5.574,-100.068,0.000,0.0,0.000,0.000,0.000,0.000,0.0,0.000,0.000,0.000
3068.6662,0.841,-71.9,-5.973,-5.973,-0.630,2.266,39.0,5.496,5.496,4.012,27.156,68.2,8.836,8.836,32.739,93.750,-28.9,-10.406,-10.406,97.398,1.758,23.1,5.496,5.496,1.060,-10.617,50.5,1.481,1.481,-6.332,-49.219,112.8,-3.066,-3.066,-48.469,-105.125,-51.2,5.094,5.094,-100.068,0.000,0.0,0.000,0.000,0.000,0.000,0.0,0.000,0.000,0.000
3068.6682,0.596,-78.7,-3.826,-3.826,-0.630,2.344,26.3,6.246,6.246,4.012,27.391,77.6,10.758,10.758,32.739,93.500,-68.8,-14.672,-14.672,97.398,1.880,38.2,3.121,3.121,1.060,-10.477,46.9,-0.210,-0.210,-6.332,-48.906,102.7,-3.090,-3.090,-48.469,-105.188,-34.1,4.586,4.586,-100.068,0.000,0.0,0.000,0.000,0.000,0.000,0.0,0.000,0.000,0.000
3068.6702,0.534,-72.8,-3.914,-3.914,-0.630,2.357,21.6,6.770,6.770,4.012,27.469,77.2,10.547,10.547,32.739,93.375,-89.9,-13.875,-13.875,97.398,1.901,31.4,3.068,3.068,1.060,-10.422,51.2,-0.343,-0.343,-6.332,-48.812,97.1,-2.914,-2.914,-48.469,-105.250,-29.3,4.367,4.367,-100.068,0.000,0.0,0.000,0.000,0.000,0.000,0.0,0.000,0.000,0.000
3068.6722,0.414,-63.3,8.086,8.086,-0.630,2.350,6.8,7.348,7.348,4.012,27.672,87.9,2.361,2.361,32.739,93.125,-119.1,-5.543,-5.543,97.398,1.949,24.3,-6.668,-6.668,1.060,-10.344,44.1,-2.949,-2.949,-6.332,-48.656,87.8,-12.102,-12.102,-48.469,-105.250,-11.1,10.867,10.867,-100.068,0.000,0.0,0.000,0.000,0.000,0.000,0.0,0.000,0.000,0.000
3068.6742,0.402,-25.5,8.062,8.062,-0.630,2.312,-9.2,6.719,6.719,4.012,27.797,72.3,0.486,0.486,32.739,92.812,-133.9,-1.577,-1.577,97.398,1.917,-2.1,-4.059,-4.059,1.060,-10.305,27.4,-4.074,-4.074,-6.332,-48.562,59.6,-14.234,-14.234,-48.469,-105.188,11.5,12.820,12.820,-100.068,0.000,0.0,0.000,0.000,0.000,0.000,0.0,0.000,0.000,0.000
3068.6762,0.471,14.8,5.844,5.844,-0.630,2.260,-19.7,5.277,5.277,4.012,27.859,47.5,-0.485,-0.485,32.739,92.562,-129.0,0.853,0.853,97.398,1.842,-25.5,-1.656,-1.656,1.060,-10.305,10.9,-3.855,-3.855,-6.332,-48.531,28.9,-14.734,-14.734,-48.469,-105.062,47.2,13.570,13.570,-100.068,0.000,0.0,0.000,0.000,0.000,0.000,0.0,0.000,0.000,0.000
3068.6782,0.568,36.2,3.770,3.770,-0.630,2.162,-37.9,4.637,4.637,4.012,27.875,18.4,4.023,4.023,32.739,92.375,-118.1,0.017,0.017,97.398,1.729,-46.5,-1.040,-1.040,1.060,-10.320,-0.9,-1.487,-1.487,-6.332,-48.594,-7.8,-11.883,-11.883,-48.469,-104.875,76.6,10.484,10.484,-100.068,0.000,0.0,0.000,0.000,0.000,0.000,0.0,0.000,0.000,0.000
3068.6802,0.700,53.9,1.777,1.777,-0.630,2.080,-40.0,5.090,5.090,4.012,27.844,-0.8,5.590,5.590,32.739,92.188,-104.8,-0.189,-0.189,97.398,1.616,-52.0,0.496,0.496,1.060,-10.359,-9.5,-1.142,-1.142,-6.332,-48.688,-35.9,-10.938,-10.938,-48.469,-104.625,104.8,9.539,9.539,-100.068,0.000,0.0,0.000,0.000,0.000,0.000,0.0,0.000,0.000,0.000
3068.6822,0.841,64.8,0.620,0.620,-0.630,1.993,-42.1,5.441,5.441,4.012,27.812,-13.8,7.195,7.195,32.739,92.000,-86.9,-0.174,-0.174,97.398,1.466,-65.9,3.232,3.232,1.060,-10.391,-12.9,-1.078,-1.078,-6.332,-48.812,-48.8,-11.070,-11.070,-48.469,-104.375,126.1,10.484,10.484,-100.068,0.000,0.0,0.000,0.000,0.000,0.000,0.0,0.000,0.000,0.000
3068.6842,0.973,65.7,-1.412,-1.412,-0.630,1.939,-31.8,4.754,4.754,4.012,27.766,-20.0,8.695,8.695,32.739,91.875,-69.4,-1.721,-1.721,97.398,1.343,-61.4,4.539,4.539,1.060,-10.438,-20.3,-2.861,-2.861,-6.332,-48.938,-61.7,-10.547,-10.547,-48.469,-104.062,140.9,7.211,7.211,-100.068,0.000,0.0,0.000,0.000,0.000,0.000,0.0,0.000,0.000,0.000
3068.6862,1.086,59.5,-3.359,-3.359,-0.630,1.896,-25.7,6.172,6.172,4.012,27.719,-19.6,11.914,11.914,32.739,91.750,-56.8,-3.361,-3.361,97.398,1.224,-58.1,5.102,5.102,1.060,-10.500,-28.6,-1.992,-1.992,-6.332,-49.125,-80.4,-7.969,-7.969,-48.469,-103.750,153.0,5.430,5.430,-100.068,0.000,0.0,0.000,0.000,0.000,0.000,0.0,0.000,0.000,0.000
3068.6882,1.164,43.4,-4.715,-4.715,-0.630,1.896,-9.5,4.574,4.574,4.012,27.703,-13.8,11.672,11.672,32.739,91.688,-45.7,-1.228,-1.228,97.398,1.136,-47.8,7.676,7.676,1.060,-10.570,-33.2,-1.553,-1.553,-6.332,-49.250,-76.0,-8.148,-8.148,-48.469,-103.438,152.5,3.383,3.383,-100.068,0.000,0.0,0.000,0.000,0.000,0.000,0.0,0.000,0.000,0.000
3068.6904,1.236,23.4,-13.680,-13.680,-0.630,1.880,-4.7,2.080,2.080,4.012,27.672,-11.9,6.754,6.754,32.739,91.625,-22.9,3.428,3.428,97.398,1.107,-12.4,16.328,16.328,1.060,-10.688,-37.5,-5.492,-5.492,-6.332,-49.500,-74.3,-13.086,-13.086,-48.469,-103.000,139.8,-1.690,-1.690,-100.068,0.000,0.0,0.000,0.000,0.000,0.000,0.0,0.000,0.000,0.000
3068.6923,1.230,11.8,-13.281,-13.281,-0.630,1.873,-5.7,1.386,1.386,4.012,27.625,-20.6,7.965,7.965,32.739,91.625,-8.9,3.410,3.410,97.398,1.158,12.7,13.320,13.320,1.060,-10.742,-43.8,-5.797,-5.797,-6.332,-49.562,-76.9,-12.523,-12.523,-48.469,-102.938,122.2,-5.625,-5.625,-100.068,0.000,0.0,0.000,0.000,0.000,0.000,0.0,0.000,0.000,0.000
3068.6943,1.079,-40.7,-6.832,-6.832,-0.630,1.817,-16.5,1.194,1.194,4.012,27.531,-32.3,10.078,10.078,32.739,91.750,29.5,2.430,2.430,97.398,1.374,62.5,7.156,7.156,1.060,-10.859,-40.9,-8.562,-8.562,-6.332,-49.812,-82.4,-12.172,-12.172,-48.469,-102.750,68.3,-5.789,-5.789,-100.068,0.000,0.0,0.000,0.000,0.000,0.000,0.0,0.000,0.000,0.000
3068.6965,1.014,-50.7,-5.766,-5.766,-0.630,1.798,-17.3,1.364,1.364,4.012,27.500,-30.7,10.258,10.258,32.739,91.812,44.9,2.053,2.053,97.398,1.462,72.8,6.031,6.031,1.060,-10.891,-39.4,-8.812,-8.812,-6.332,-49.906,-80.4,-12.008,-12.008,-48.469,-102.750,45.0,-5.074,-5.074,-100.068,0.000,0.0,0.000,0.000,0.000,0.000,0.0,0.000,0.000,0.000
3068.6982,0.897,-54.2,-4.523,-4.523,-0.630,1.758,-19.1,1.614,1.614,4.012,27.406,-37.2,9.930,9.930,32.739,91.938,60.4,1.405,1.405,97.398,1.653,86.9,3.787,3.787,1.060,-10.945,-29.1,-9.047,-9.047,-6.332,-50.031,-74.8,-12.070,-12.070,-48.469,-102.750,3.4,-3.916,-3.916,-100.068,0.000,0.0,0.000,0.000,0.000,0.000,0.0,0.000,0.000,0.000
3068.7002,0.794,-51.2,-3.398,-3.398,-0.630,1.710,-21.9,1.809,1.809,4.012,27.359,-31.0,9.102,9.102,32.739,92.125,84.9,0.620,0.620,97.398,1.857,98.0,1.124,1.124,1.060,-10.969,-18.1,-9.328,-9.328,-6.332,-50.188,-76.0,-11.500,-11.500,-48.469,-102.875,-33.2,-2.576,-2.576,-100.068,0.000,0.0,0.000,0.000,0.000,0.000,0.0,0.000,0.000,0.000
3068.7022,0.734,-36.2,-3.316,-3.316,-0.630,1.688,-14.3,1.833,1.833,4.012,27.297,-32.1,8.445,8.445,32.739,92.312,99.2,-0.066,-0.066,97.398,2.037,93.2,-0.155,-0.155,1.060,-10.992,-11.7,-9.922,-9.922,-6.332,-50.312,-66.6,-11.469,-11.469,-48.469,-103.062,-64.1,-1.442,-1.442,-100.068,0.000,0.0,0.000,0.000,0.000,0.000,0.0,0.000,0.000,0.000
3068.7042,0.709,-20.5,-0.754,-0.754,-0.630,1.670,-11.2,1.961,1.961,4.012,27.266,-22.3,5.871,5.871,32.739,92.562,102.2,-1.398,-1.398,97.398,2.184,80.5,-3.936,-3.936,1.060,-11.008,-9.9,-9.445,-9.445,-6.332,-50.406,-49.9,-8.648,-8.648,-48.469,-103.250,-90.4,0.335,0.335,-100.068,0.000,0.0,0.000,0.000,0.000,0.000,0.0,0.000,0.000,0.000
3068.7062,0.728,-0.1,5.523,5.523,-0.630,1.686,0.0,4.211,4.211,4.012,27.234,-18.0,8.805,8.805,32.739,92.750,106.8,-2.875,-2.875,97.398,2.260,52.2,-13.562,-13.562,1.060,-11.000,-2.1,-1.736,-1.736,-6.332,-50.438,-29.3,-3.736,-3.736,-48.469,-103.500,-109.5,2.945,2.945,-100.068,0.000,0.0,0.000,0.000,0.000,0.000,0.0,0.000,0.000,0.000
3068.7082,0.807,26.2,3.764,3.764,-0.630,1.735,15.6,3.584,3.584,4.012,27.219,-6.5,4.402,4.402,32.739,93.000,106.2,-4.070,-4.070,97.398,2.213,5.0,-2.598,-2.598,1.060,-10.961,13.3,-1.334,-1.334,-6.332,-50.406,6.3,-5.184,-5.184,-48.469,-103.750,-124.4,4.523,4.523,-100.068,0.000,0.0,0.000,0.000,0.000,0.000,0.0,0.000,0.000,0.000
3068.7102,0.913,42.8,-1.501,-1.501,-0.630,1.792,20.7,-1.435,-1.435,4.012,27.203,-7.9,1.175,1.175,32.739,93.188,102.5,-4.945,-4.945,97.398,2.135,-24.5,0.753,0.753,1.060,-10.891,25.8,-4.957,-4.957,-6.332,-50.281,39.1,-7.855,-7.855,-48.469,-104.000,-125.5,5.645,5.645,-100.068,0.000,0.0,0.000,0.000,0.000,0.000,0.0,0.000,0.000,0.000
3068.7122,1.014,46.0,-3.100,-3.100,-0.630,1.861,26.9,-2.520,-2.520,4.012,27.172,-14.8,1.608,1.608,32.739,93.375,90.0,-4.711,-4.711,97.398,2.053,-35.2,-1.220,-1.220,1.060,-10.844,24.9,-4.312,-4.312,-6.332,-50.156,46.7,-6.961,-6.961,-48.469,-104.250,-118.6,6.359,6.359,-100.068,0.000,0.0,0.000,0.000,0.000,0.000,0.0,0.000,0.000,0.000
3068.7142,1.155,46.6,-1.041,-1.041,-0.630,1.880,9.3,1.594,1.594,4.012,27.078,-31.9,4.867,4.867,32.739,93.562,72.9,-4.547,-4.547,97.398,1.864,-56.5,0.580,0.580,1.060,-10.789,21.2,-0.026,-0.026,-6.332,-49.938,71.3,-3.795,-3.795,-48.469,-104.562,-106.4,6.738,6.738,-100.068,0.000,0.0,0.000,0.000,0.000,0.000,0.0,0.000,0.000,0.000
3068.7162,1.224,37.6,-7.117,-7.117,-0.630,1.893,7.4,4.008,4.008,4.012,27.016,-28.9,7.414,7.414,32.739,93.688,59.3,-4.156,-4.156,97.398,1.738,-58.5,5.922,5.922,1.060,-10.742,22.8,1.889,1.889,-6.332,-49.750,85.3,-1.906,-1.906,-48.469,-104.750,-95.9,6.723,6.723,-100.068,0.000,0.0,0.000,0.000,0.000,0.000,0.0,0.000,0.000,0.000
3068.7185,1.268,26.1,-14.938,-14.938,-0.630,1.905,7.1,5.418,5.418,4.012,26.969,-24.0,8.680,8.680,32.739,93.812,54.6,-5.344,-5.344,97.398,1.657,-44.4,13.008,13.008,1.060,-10.672,31.2,2.527,2.527,-6.332,-49.531,96.1,-1.250,-1.250,-48.469,-104.875,-80.5,6.754,6.754,-100.068,0.000,0.0,0.000,0.000,0.000,0.000,0.0,0.000,0.000,0.000
3068.7209,1.208,-10.8,-12.438,-12.438,-0.630,1.945,15.1,4.871,4.871,4.012,26.938,-19.4,9.305,9.305,32.739,93.875,40.1,-5.566,-5.566,97.398,1.663,-12.3,10.133,10.133,1.060,-10.594,37.9,1.577,1.577,-6.332,-49.312,110.1,-1.873,-1.873,-48.469,-105.062,-75.1,5.961,5.961,-100.068,0.000,0.0,0.000,0.000,0.000,0.000,0.0,0.000,0.000,0.000
3068.7230,1.092,-42.4,-9.297,-9.297,-0.630,2.006,25.2,4.273,4.273,4.012,26.953,-1.4,9.180,9.180,32.739,93.875,24.8,-5.445,-5.445,97.398,1.710,11.8,7.969,7.969,1.060,-10.508,41.7,1.303,1.303,-6.332,-49.094,109.9,-2.570,-2.570,-48.469,-105.125,-62.0,5.359,5.359,-100.068,0.000,0.0,0.000,0.000,0.000,0.000,0.0,0.000,0.000,0.000
3068.7252,0.857,-71.4,-7.582,-7.582,-0.630,2.105,32.6,4.559,4.559,4.012,27.016,13.3,9.766,9.766,32.739,93.875,3.9,-6.828,-6.828,97.398,1.833,37.1,6.289,6.289,1.060,-10.383,44.3,1.615,1.615,-6.332,-48.750,115.8,-2.939,-2.939,-48.469,-105.250,-40.9,4.738,4.738,-100.068,0.000,0.0,0.000,0.000,0.000,0.000,0.0,0.000,0.000,0.000
3068.7266,0.775,-74.5,-7.004,-7.004,-0.630,2.141,33.6,4.961,4.961,4.012,27.047,24.1,9.523,9.523,32.739,93.875,-2.2,-6.902,-6.902,97.398,1.883,42.2,5.594,5.594,1.060,-10.344,40.7,1.162,1.162,-6.332,-48.625,113.2,-3.256,-3.256,-48.469,-105.250,-32.3,4.266,4.266,-100.068,0.000,0.0,0.000,0.000,0.000,0.000,0.0,0.000,0.000,0.000
3068.7282,0.687,-78.6,-3.031,-3.031,-0.630,2.172,32.9,4.809,4.809,4.012,27.078,24.1,9.164,9.164,32.739,93.875,-10.1,-6.883,-6.883,97.398,1.921,40.2,1.920,1.920,1.060,-10.297,43.6,0.654,0.654,-6.332,-48.531,109.4,-3.568,-3.568,-48.469,-105.312,-28.9,4.148,4.148,-100.068,0.000,0.0,0.000,0.000,0.000,0.000,0.0,0.000,0.000,0.000
3068.7302,0.530,-77.2,-2.988,-2.988,-0.630,2.234,31.5,4.738,4.738,4.012,27.172,39.7,7.883,7.883,32.739,93.812,-28.4,-8.938,-8.938,97.398,1.999,37.9,1.745,1.745,1.060,-10.211,43.7,0.516,0.516,-6.332,-48.344,97.4,-3.949,-3.949,-48.469,-105.312,-19.6,5.449,5.449,-100.068,0.000,0.0,0.000,0.000,0.000,0.000,0.0,0.000,0.000,0.000
3068.7322,0.420,-63.2,2.699,2.699,-0.630,2.285,27.1,5.750,5.750,4.012,27.297,50.8,4.805,4.805,32.739,93.688,-48.0,-8.055,-8.055,97.398,2.047,26.5,-2.920,-2.920,1.060,-10.141,39.4,0.010,0.010,-6.332,-48.156,94.2,-6.566,-6.566,-48.469,-105.312,-6.4,9.570,9.570,-100.068,0.000,0.0,0.000,0.000,0.000,0.000,0.0,0.000,0.000,0.000
3068.7342,0.389,-32.4,9.922,9.922,-0.630,2.291,11.6,2.980,2.980,4.012,27.406,54.2,1.038,1.038,32.739,93.562,-61.2,-3.340,-3.340,97.398,2.027,0.9,-6.086,-6.086,1.060,-10.086,30.4,-2.936,-2.936,-6.332,-48.062,68.0,-13.609,-13.609,-48.469,-105.312,12.7,12.047,12.047,-100.068,0.000,0.0,0.000,0.000,0.000,0.000,0.0,0.000,0.000,0.000
3068.7362,0.452,9.3,6.543,6.543,-0.630,2.262,-6.0,3.129,3.129,4.012,27.484,46.4,2.643,2.643,32.739,93.375,-68.9,-3.730,-3.730,97.398,1.952,-24.7,-3.689,-3.689,1.060,-10.055,20.2,-2.217,-2.217,-6.332,-48.031,31.3,-11.867,-11.867,-48.469,-105.125,47.5,10.477,10.477,-100.068,0.000,0.0,0.000,0.000,0.000,0.000,0.0,0.000,0.000,0.000
3068.7382,0.552,37.9,4.230,4.230,-0.630,2.207,-21.0,4.258,4.258,4.012,27.531,32.7,4.117,4.117,32.739,93.188,-74.9,-3.979,-3.979,97.398,1.826,-50.5,-1.728,-1.728,1.060,-10.055,7.6,-1.579,-1.579,-6.332,-48.062,3.3,-10.539,-10.539,-48.469,-105.000,64.0,9.094,9.094,-100.068,0.000,0.0,0.000,0.000,0.000,0.000,0.0,0.000,0.000,0.000
3068.7402,0.671,52.2,1.969,1.969,-0.630,2.158,-22.7,4.777,4.777,4.012,27.578,26.9,5.441,5.441,32.739,93.062,-79.3,-3.551,-3.551,97.398,1.686,-64.8,-0.416,-0.416,1.060,-10.055,1.2,-0.953,-0.953,-6.332,-48.125,-16.7,-10.180,-10.180,-48.469,-104.812,90.9,8.930,8.930,-100.068,0.000,0.0,0.000,0.000,0.000,0.000,0.0,0.000,0.000,0.000
3068.7422,0.873,62.6,-0.877,-0.877,-0.630,2.104,-17.3,4.121,4.121,4.012,27.609,15.8,5.777,5.777,32.739,92.812,-79.8,-1.714,-1.714,97.398,1.443,-76.0,3.764,3.764,1.060,-10.102,-12.0,-3.053,-3.053,-6.332,-48.250,-42.6,-12.172,-12.172,-48.469,-104.438,119.1,10.102,10.102,-100.068,0.000,0.0,0.000,0.000,0.000,0.000,0.0,0.000,0.000,0.000
3068.7442,1.001,60.4,-3.275,-3.275,-0.630,2.078,-13.7,4.047,4.047,4.012,27.609,5.0,9.250,9.250,32.739,92.625,-79.7,-3.152,-3.152,97.398,1.296,-73.7,5.703,5.703,1.060,-10.133,-15.1,-2.938,-2.938,-6.332,-48.406,-58.2,-10.469,-10.469,-48.469,-104.125,137.0,8.383,8.383,-100.068,0.000,0.0,0.000,0.000,0.000,0.000,0.0,0.000,0.000,0.000
3068.7462,1.102,52.8,-5.359,-5.359,-0.630,2.064,-9.0,4.176,4.176,4.012,27.594,-1.1,11.234,11.234,32.739,92.500,-73.4,-3.793,-3.793,97.398,1.180,-64.6,6.105,6.105,1.060,-10.180,-20.1,-2.260,-2.260,-6.332,-48.531,-61.6,-8.531,-8.531,-48.469,-103.812,147.8,6.383,6.383,-100.068,0.000,0.0,0.000,0.000,0.000,0.000,0.0,0.000,0.000,0.000
3068.7482,1.177,41.9,-5.660,-5.660,-0.630,2.062,-3.5,3.625,3.625,4.012,27.594,-5.7,9.305,9.305,32.739,92.375,-63.5,-1.269,-1.269,97.398,1.104,-47.4,7.492,7.492,1.060,-10.234,-23.9,-2.412,-2.412,-6.332,-48.656,-62.7,-10.688,-10.688,-48.469,-103.500,151.6,4.473,4.473,-100.068,0.000,0.0,0.000,0.000,0.000,0.000,0.0,0.000,0.000,0.000
3068.7502,1.205,23.5,-4.309,-4.309,-0.630,2.033,-11.7,3.439,3.439,4.012,27.578,-7.8,7.965,7.965,32.739,92.250,-58.1,2.094,2.094,97.398,1.073,-25.8,5.863,5.863,1.060,-10.328,-37.8,-3.658,-3.658,-6.332,-48.781,-66.0,-12.844,-12.844,-48.469,-103.188,149.9,4.047,4.047,-100.068,0.000,0.0,0.000,0.000,0.000,0.000,0.0,0.000,0.000,0.000
3068.7522,1.205,13.8,-12.969,-12.969,-0.630,2.027,-10.3,2.330,2.330,4.012,27.547,-13.4,6.090,6.090,32.739,92.250,-49.1,3.908,3.908,97.398,1.063,-18.5,17.859,17.859,1.060,-10.352,-33.9,-5.648,-5.648,-6.332,-48.844,-65.3,-15.812,-15.812,-48.469,-103.062,144.0,4.215,4.215,-100.068,0.000,0.0,0.000,0.000,0.000,0.000,0.0,0.000,0.000,0.000
3068.7542,1.146,-14.2,-10.719,-10.719,-0.630,1.983,-17.5,1.995,1.995,4.012,27.500,-20.7,8.312,8.312,32.739,92.250,-22.3,3.971,3.971,97.398,1.139,16.1,13.547,13.547,1.060,-10.453,-44.1,-5.977,-5.977,-6.332,-49.000,-72.3,-15.133,-15.133,-48.469,-102.812,131.5,-1.920,-1.920,-100.068,0.000,0.0,0.000,0.000,0.000,0.000,0.0,0.000,0.000,0.000
3068.7562,1.014,-45.9,-7.570,-7.570,-0.630,1.905,-31.5,2.809,2.809,4.012,27.422,-30.8,9.680,9.680,32.739,92.250,5.4,3.430,3.430,97.398,1.303,58.1,9.391,9.391,1.060,-10.531,-41.5,-7.938,-7.938,-6.332,-49.219,-89.4,-13.570,-13.570,-48.469,-102.625,102.9,-5.457,-5.457,-100.068,0.000,0.0,0.000,0.000,0.000,0.000,0.0,0.000,0.000,0.000
3068.7582,0.854,-66.9,-5.379,-5.379,-0.630,1.852,-29.4,2.719,2.719,4.012,27.359,-31.7,9.719,9.719,32.739,92.375,30.9,2.617,2.617,97.398,1.490,80.6,5.031,5.031,1.060,-10.594,-34.4,-8.711,-8.711,-6.332,-49.375,-85.0,-13.039,-13.039,-48.469,-102.562,63.9,-5.020,-5.020,-100.068,0.000,0.0,0.000,0.000,0.000,0.000,0.0,0.000,0.000,0.000
3068.7602,0.715,-68.7,-4.312,-4.312,-0.630,1.798,-27.6,2.979,2.979,4.012,27.281,-32.2,9.539,9.539,32.739,92.500,51.5,1.900,1.900,97.398,1.707,96.8,1.640,1.640,1.060,-10.656,-30.5,-8.438,-8.438,-6.332,-49.562,-86.6,-13.016,-13.016,-48.469,-102.500,24.7,-3.207,-3.207,-100.068,0.000,0.0,0.000,0.000,0.000,0.000,0.0,0.000,0.000,0.000
3068.7622,0.634,-51.0,-3.047,-3.047,-0.630,1.767,-19.2,3.141,3.141,4.012,27.234,-29.8,9.078,9.078,32.739,92.625,69.8,1.021,1.021,97.398,1.924,105.1,0.531,0.531,1.060,-10.680,-18.0,-9.539,-9.539,-6.332,-49.688,-80.4,-12.203,-12.203,-48.469,-102.562,-10.2,-3.080,-3.080,-100.068,0.000,0.0,0.000,0.000,0.000,0.000,0.0,0.000,0.000,0.000
3068.7642,0.600,-27.8,-1.939,-1.939,-0.630,1.751,-12.7,2.436,2.436,4.012,27.219,-16.7,8.438,8.438,32.739,92.812,82.6,0.171,0.171,97.398,2.104,95.5,-2.303,-2.303,1.060,-10.719,-19.3,-8.969,-8.969,-6.332,-49.812,-66.9,-10.695,-10.695,-48.469,-102.750,-47.8,-1.623,-1.623,-100.068,0.000,0.0,0.000,0.000,0.000,0.000,0.0,0.000,0.000,0.000
3068.7662,0.603,-6.4,4.156,4.156,-0.630,1.767,-0.1,4.602,4.602,4.012,27.188,-14.2,9.125,9.125,32.739,93.000,93.8,-1.014,-1.014,97.398,2.209,65.9,-9.703,-9.703,1.060,-10.758,-21.0,-4.086,-4.086,-6.332,-49.906,-47.8,-6.832,-6.832,-48.469,-102.938,-76.9,0.177,0.177,-100.068,0.000,0.0,0.000,0.000,0.000,0.000,0.0,0.000,0.000,0.000
3068.7682,0.678,23.1,4.973,4.973,-0.630,1.811,13.2,4.941,4.941,4.012,27.219,0.1,5.566,5.566,32.739,93.250,95.2,-2.463,-2.463,97.398,2.219,24.2,-11.719,-11.719,1.060,-10.773,-9.6,-2.102,-2.102,-6.332,-49.938,-22.4,-6.512,-6.512,-48.469,-103.125,-95.3,1.733,1.733,-100.068,0.000,0.0,0.000,0.000,0.000,0.000,0.0,0.000,0.000,0.000
3068.7702,0.873,57.0,-0.762,-0.762,-0.630,1.917,29.9,-1.571,-1.571,4.012,27.219,-1.4,1.981,1.981,32.739,93.500,90.8,-3.777,-3.777,97.398,2.111,-22.8,2.395,2.395,1.060,-10.742,6.0,-5.082,-5.082,-6.332,-49.812,23.2,-8.961,-8.961,-48.469,-103.500,-116.5,3.631,3.631,-100.068,0.000,0.0,0.000,0.000,0.000,0.000,0.0,0.000,0.000,0.000
3068.7723,0.985,53.5,-5.496,-5.496,-0.630,1.949,20.6,-0.883,-0.883,4.012,27.172,-12.5,3.688,3.688,32.739,93.688,88.1,-3.939,-3.939,97.398,2.016,-39.6,-3.008,-3.008,1.060,-10.742,1.5,-1.496,-1.496,-6.332,-49.719,41.1,-6.672,-6.672,-48.469,-103.750,-122.9,5.438,5.438,-100.068,0.000,0.0,0.000,0.000,0.000,0.000,0.0,0.000,0.000,0.000
3068.7743,1.096,54.4,1.234,1.234,-0.630,1.955,8.7,2.064,2.064,4.012,27.125,-21.0,6.879,6.879,32.739,93.812,78.9,-4.012,-4.012,97.398,1.893,-53.3,-0.671,-0.671,1.060,-10.711,10.9,0.839,0.839,-6.332,-49.594,59.1,-3.547,-3.547,-48.469,-104.000,-119.0,6.027,6.027,-100.068,0.000,0.0,0.000,0.000,0.000,0.000,0.0,0.000,0.000,0.000
3068.7762,1.177,44.9,-1.639,-1.639,-0.630,1.961,6.2,5.633,5.633,4.012,27.078,-21.2,9.742,9.742,32.739,93.938,70.7,-3.518,-3.518,97.398,1.758,-60.8,8.133,8.133,1.060,-10.672,16.1,1.925,1.925,-6.332,-49.406,75.2,-2.443,-2.443,-48.469,-104.188,-111.8,6.336,6.336,-100.068,0.000,0.0,0.000,0.000,0.000,0.000,0.0,0.000,0.000,0.000
3068.7782,1.221,43.7,-10.297,-10.297,-0.630,1.961,4.1,7.031,7.031,4.012,27.078,-15.6,9.453,9.453,32.739,94.000,63.0,-3.479,-3.479,97.398,1.694,-60.2,8.086,8.086,1.060,-10.648,18.5,1.642,1.642,-6.332,-49.312,85.0,-2.664,-2.664,-48.469,-104.312,-110.2,5.992,5.992,-100.068,0.000,0.0,0.000,0.000,0.000,0.000,0.0,0.000,0.000,0.000
3068.7802,1.243,22.3,-8.930,-8.930,-0.630,1.993,9.1,5.504,5.504,4.012,27.062,-9.0,8.930,8.930,32.739,94.062,50.4,-6.453,-6.453,97.398,1.616,-46.3,13.266,13.266,1.060,-10.570,30.1,2.066,2.066,-6.332,-49.094,102.8,-2.547,-2.547,-48.469,-104.438,-93.6,6.527,6.527,-100.068,0.000,0.0,0.000,0.000,0.000,0.000,0.0,0.000,0.000,0.000
3068.7822,1.183,-12.6,-12.328,-12.328,-0.630,2.053,20.8,4.559,4.559,4.012,27.078,1.3,8.328,8.328,32.739,94.188,37.3,-6.148,-6.148,97.398,1.616,-15.4,11.188,11.188,1.060,-10.484,39.6,2.227,2.227,-6.332,-48.844,108.8,-3.107,-3.107,-48.469,-104.625,-91.0,6.293,6.293,-100.068,0.000,0.0,0.000,0.000,0.000,0.000,0.0,0.000,0.000,0.000
3068.7842,1.052,-47.7,-9.195,-9.195,-0.630,2.109,24.4,4.516,4.516,4.012,27.125,11.6,8.547,8.547,32.739,94.188,21.8,-6.066,-6.066,97.398,1.686,18.4,8.547,8.547,1.060,-10.391,45.2,1.719,1.719,-6.332,-48.625,117.4,-3.385,-3.385,-48.469,-104.750,-73.4,5.984,5.984,-100.068,0.000,0.0,0.000,0.000,0.000,0.000,0.0,0.000,0.000,0.000
3068.7862,0.759,-87.8,-5.996,-5.996,-0.630,2.219,33.1,4.344,4.344,4.012,27.188,23.3,8.930,8.930,32.739,94.125,-6.2,-6.699,-6.699,97.398,1.813,39.7,5.430,5.430,1.060,-10.250,47.6,1.427,1.427,-6.332,-48.281,108.3,-3.322,-3.322,-48.469,-104.938,-54.8,5.449,5.449,-100.068,0.000,0.0,0.000,0.000,0.000,0.000,0.0,0.000,0.000,0.000
3068.7882,0.540,-101.3,-4.391,-4.391,-0.630,2.287,33.9,4.293,4.293,4.012,27.250,29.6,9.359,9.359,32.739,94.062,-21.4,-7.449,-7.449,97.398,1.921,47.1,3.561,3.561,1.060,-10.164,46.7,0.888,0.888,-6.332,-48.062,109.9,-3.447,-3.447,-48.469,-105.000,-44.6,4.809,4.809,-100.068,0.000,0.0,0.000,0.000,0.000,0.000,0.0,0.000,0.000,0.000
3068.7902,0.449,-98.2,-3.197,-3.197,-0.630,2.322,33.9,4.543,4.543,4.012,27.281,32.4,9.555,9.555,32.739,94.062,-30.4,-10.281,-10.281,97.398,1.974,50.0,3.330,3.330,1.060,-10.117,46.5,0.646,0.646,-6.332,-47.969,105.6,-3.215,-3.215,-48.469,-105.062,-42.5,4.824,4.824,-100.068,0.000,0.0,0.000,0.000,0.000,0.000,0.0,0.000,0.000,0.000
3068.7922,0.282,-88.2,-1.224,-1.224,-0.630,2.383,31.8,5.250,5.250,4.012,27.375,40.2,5.223,5.223,32.739,93.875,-59.2,-7.902,-7.902,97.398,2.049,42.2,0.716,0.716,1.060,-10.023,44.8,-0.913,-0.913,-6.332,-47.781,94.3,-6.367,-6.367,-48.469,-105.062,-29.7,9.836,9.836,-100.068,0.000,0.0,0.000,0.000,0.000,0.000,0.0,0.000,0.000,0.000
3068.7942,0.173,-65.4,9.656,9.656,-0.630,2.426,25.5,3.443,3.443,4.012,27.453,36.5,2.426,2.426,32.739,93.750,-79.8,-4.074,-4.074,97.398,2.078,22.8,-7.160,-7.160,1.060,-9.961,36.2,-2.586,-2.586,-6.332,-47.656,73.6,-10.805,-10.805,-48.469,-105.062,-9.5,12.102,12.102,-100.068,0.000,0.0,0.000,0.000,0.000,0.000,0.0,0.000,0.000,0.000
3068.7962,0.188,-5.6,7.785,7.785,-0.630,2.410,-1.5,2.691,2.691,4.012,27.547,31.8,5.387,5.387,32.739,93.438,-88.1,-4.883,-4.883,97.398,1.971,-27.2,-5.785,-5.785,1.060,-9.914,20.0,-0.233,-0.233,-6.332,-47.594,30.5,-9.148,-9.148,-48.469,-104.938,36.3,8.594,8.594,-100.068,0.000,0.0,0.000,0.000,0.000,0.000,0.0,0.000,0.000,0.000
3068.7983,0.229,11.8,6.473,6.473,-0.630,2.385,-11.1,4.039,4.039,4.012,27.578,30.7,5.750,5.750,32.739,93.375,-93.9,-4.938,-4.938,97.398,1.917,-37.8,-3.867,-3.867,1.060,-9.922,10.5,0.508,0.508,-6.332,-47.594,16.8,-8.508,-8.508,-48.469,-104.875,47.5,8.117,8.117,-100.068,0.000,0.0,0.000,0.000,0.000,0.000,0.0,0.000,0.000,0.000
3068.8005,0.439,56.3,2.213,2.213,-0.630,2.312,-20.7,5.371,5.371,4.012,27.672,29.8,7.422,7.422,32.739,93.062,-101.4,-4.504,-4.504,97.398,1.673,-73.2,-0.529,-0.529,1.060,-9.930,0.8,1.049,1.049,-6.332,-47.625,-6.9,-8.961,-8.961,-48.469,-104.625,78.4,7.566,7.566,-100.068,0.000,0.0,0.000,0.000,0.000,0.000,0.0,0.000,0.000,0.000
3068.8024,0.593,68.2,0.626,0.626,-0.630,2.285,-16.0,4.809,4.809,4.012,27.719,27.2,6.906,6.906,32.739,92.812,-104.9,-2.438,-2.438,97.398,1.490,-84.6,2.131,2.131,1.060,-9.945,-2.5,-0.937,-0.937,-6.332,-47.688,-23.9,-11.352,-11.352,-48.469,-104.438,94.4,9.234,9.234,-100.068,0.000,0.0,0.000,0.000,0.000,0.000,0.0,0.000,0.000,0.000
3068.8044,0.747,72.9,-0.563,-0.563,-0.630,2.275,-8.9,3.588,3.588,4.012,27.750,21.5,6.926,6.926,32.739,92.625,-96.1,-0.907,-0.907,97.398,1.312,-87.6,3.854,3.854,1.060,-9.945,-2.6,-3.324,-3.324,-6.332,-47.781,-33.2,-12.539,-12.539,-48.469,-104.188,109.1,12.008,12.008,-100.068,0.000,0.0,0.000,0.000,0.000,0.000,0.0,0.000,0.000,0.000
3068.8068,0.888,70.5,-3.270,-3.270,-0.630,2.275,-3.4,2.480,2.480,4.012,27.781,16.2,7.812,7.812,32.739,92.500,-89.7,-0.822,-0.822,97.398,1.151,-80.8,7.262,7.262,1.060,-9.992,-14.9,-4.301,-4.301,-6.332,-47.906,-58.0,-12.727,-12.727,-48.469,-103.938,128.1,9.930,9.930,-100.068,0.000,0.0,0.000,0.000,0.000,0.000,0.0,0.000,0.000,0.000
3068.8082,1.008,62.6,-4.012,-4.012,-0.630,2.275,-1.7,2.807,2.807,4.012,27.781,2.6,10.641,10.641,32.739,92.312,-81.4,-2.525,-2.525,97.398,1.042,-63.8,5.984,5.984,1.060,-10.047,-25.1,-3.186,-3.186,-6.332,-48.094,-78.3,-10.258,-10.258,-48.469,-103.625,146.5,6.992,6.992,-100.068,0.000,0.0,0.000,0.000,0.000,0.000,0.0,0.000,0.000,0.000
3068.8102,1.102,52.7,-6.270,-6.270,-0.630,2.271,-2.0,3.520,3.520,4.012,27.781,-1.0,11.180,11.180,32.739,92.188,-65.2,-1.718,-1.718,97.398,0.960,-47.7,6.426,6.426,1.060,-10.117,-32.1,-2.713,-2.713,-6.332,-48.250,-80.2,-9.422,-9.422,-48.469,-103.312,151.5,6.324,6.324,-100.068,0.000,0.0,0.000,0.000,0.000,0.000,0.0,0.000,0.000,0.000
3068.8122,1.155,35.7,-6.207,-6.207,-0.630,2.260,-5.5,2.393,2.393,4.012,27.781,-1.3,9.078,9.078,32.739,92.125,-52.6,0.799,0.799,97.398,0.932,-26.1,6.402,6.402,1.060,-10.195,-37.8,-4.250,-4.250,-6.332,-48.406,-76.6,-11.000,-11.000,-48.469,-103.000,156.0,6.055,6.055,-100.068,0.000,0.0,0.000,0.000,0.000,0.000,0.0,0.000,0.000,0.000
3068.8142,1.164,15.8,-7.059,-7.059,-0.630,2.219,-16.0,0.464,0.464,4.012,27.750,-12.6,7.352,7.352,32.739,92.062,-33.5,3.521,3.521,97.398,0.951,-3.3,8.578,8.578,1.060,-10.305,-46.7,-5.012,-5.012,-6.332,-48.594,-82.1,-13.531,-13.531,-48.469,-102.688,154.1,1.938,1.938,-100.068,0.000,0.0,0.000,0.000,0.000,0.000,0.0,0.000,0.000,0.000
3068.8162,1.114,-11.4,-11.250,-11.250,-0.630,2.150,-28.5,2.020,2.020,4.012,27.719,-15.6,9.156,9.156,32.739,92.125,-3.2,4.012,4.012,97.398,1.058,35.9,12.500,12.500,1.060,-10.414,-52.4,-7.086,-7.086,-6.332,-48.781,-90.1,-13.914,-13.914,-48.469,-102.438,139.2,-6.117,-6.117,-100.068,0.000,0.0,0.000,0.000,0.000,0.000,0.0,0.000,0.000,0.000
3068.8182,1.011,-37.7,-8.070,-8.070,-0.630,2.068,-36.1,3.117,3.117,4.012,27.672,-19.3,9.266,9.266,32.739,92.188,22.3,3.000,3.000,97.398,1.211,64.2,7.469,7.469,1.060,-10.500,-46.4,-7.422,-7.422,-6.332,-48.969,-92.8,-13.125,-13.125,-48.469,-102.250,101.7,-5.047,-5.047,-100.068,0.000,0.0,0.000,0.000,0.000,0.000,0.0,0.000,0.000,0.000
3068.8202,0.854,-61.9,-4.164,-4.164,-0.630,2.006,-32.0,3.512,3.512,4.012,27.609,-25.2,9.219,9.219,32.739,92.312,49.0,2.102,2.102,97.398,1.412,89.6,3.570,3.570,1.060,-10.555,-35.2,-7.922,-7.922,-6.332,-49.156,-93.8,-13.219,-13.219,-48.469,-102.188,60.1,-3.943,-3.943,-100.068,0.000,0.0,0.000,0.000,0.000,0.000,0.0,0.000,0.000,0.000
3068.8222,0.668,-79.2,-1.627,-1.627,-0.630,1.958,-24.7,3.375,3.375,4.012,27.578,-21.9,9.586,9.586,32.739,92.438,70.2,1.335,1.335,97.398,1.610,97.0,-0.072,-0.072,1.060,-10.586,-23.6,-9.836,-9.836,-6.332,-49.312,-84.2,-12.055,-12.055,-48.469,-102.188,12.3,-4.715,-4.715,-100.068,0.000,0.0,0.000,0.000,0.000,0.000,0.0,0.000,0.000,0.000
3068.8242,0.540,-70.1,0.113,0.113,-0.630,1.927,-19.5,3.000,3.000,4.012,27.547,-18.6,8.562,8.562,32.739,92.625,79.3,0.226,0.226,97.398,1.792,93.0,-2.959,-2.959,1.060,-10.617,-17.4,-10.211,-10.211,-6.332,-49.469,-78.8,-11.867,-11.867,-48.469,-102.312,-25.8,-2.939,-2.939,-100.068,0.000,0.0,0.000,0.000,0.000,0.000,0.0,0.000,0.000,0.000
3068.8263,0.486,-42.5,0.472,0.472,-0.630,1.921,-9.6,4.848,4.848,4.012,27.516,-12.5,8.305,8.305,32.739,92.812,93.1,-0.827,-0.827,97.398,1.930,76.1,-17.938,-17.938,1.060,-10.656,-17.0,-6.555,-6.555,-6.332,-49.562,-61.8,-8.773,-8.773,-48.469,-102.500,-63.6,-0.829,-0.829,-100.068,0.000,0.0,0.000,0.000,0.000,0.000,0.0,0.000,0.000,0.000
3068.8282,0.540,3.5,8.578,8.578,-0.630,1.955,8.1,6.293,6.293,4.012,27.500,-8.0,10.562,10.562,32.739,93.062,104.4,-2.188,-2.188,97.398,1.939,29.9,-12.758,-12.758,1.060,-10.656,-4.4,0.137,0.137,-6.332,-49.594,-26.3,-3.061,-3.061,-48.469,-102.688,-85.6,1.197,1.197,-100.068,0.000,0.0,0.000,0.000,0.000,0.000,0.0,0.000,0.000,0.000
3068.8302,0.668,40.9,1.863,1.863,-0.630,2.016,22.8,1.815,1.815,4.012,27.500,-3.9,2.307,2.307,32.739,93.250,102.6,-3.764,-3.764,97.398,1.886,-4.3,-0.949,-0.949,1.060,-10.625,8.9,-3.984,-3.984,-6.332,-49.562,5.5,-8.273,-8.273,-48.469,-102.938,-110.3,3.006,3.006,-100.068,0.000,0.0,0.000,0.000,0.000,0.000,0.0,0.000,0.000,0.000
3068.8323,0.841,68.7,-3.162,-3.162,-0.630,2.084,28.7,-1.749,-1.749,4.012,27.469,-13.2,2.145,2.145,32.739,93.500,102.1,-4.223,-4.223,97.398,1.789,-30.5,1.278,1.278,1.060,-10.578,18.9,-5.891,-5.891,-6.332,-49.438,33.8,-9.242,-9.242,-48.469,-103.188,-121.4,4.254,4.254,-100.068,0.000,0.0,0.000,0.000,0.000,0.000,0.0,0.000,0.000,0.000
3068.8342,0.982,69.3,-7.996,-7.996,-0.630,2.146,29.6,-3.201,-3.201,4.012,27.406,-21.7,2.605,2.605,32.739,93.625,90.8,-4.414,-4.414,97.398,1.717,-32.5,5.074,5.074,1.060,-10.547,17.1,-3.125,-3.125,-6.332,-49.312,50.7,-8.148,-8.148,-48.469,-103.438,-119.1,5.742,5.742,-100.068,0.000,0.0,0.000,0.000,0.000,0.000,0.0,0.000,0.000,0.000
3068.8362,1.079,56.7,0.691,0.691,-0.630,2.168,18.2,-0.511,-0.511,4.012,27.328,-34.2,6.801,6.801,32.739,93.812,83.7,-4.398,-4.398,97.398,1.642,-35.8,-2.371,-2.371,1.060,-10.516,15.1,-0.162,-0.162,-6.332,-49.156,69.4,-5.055,-5.055,-48.469,-103.688,-123.6,6.629,6.629,-100.068,0.000,0.0,0.000,0.000,0.000,0.000,0.0,0.000,0.000,0.000
3068.8382,1.155,45.7,-2.494,-2.494,-0.630,2.178,10.5,4.859,4.859,4.012,27.266,-29.6,6.645,6.645,32.739,93.938,73.3,-4.406,-4.406,97.398,1.541,-44.3,0.660,0.660,1.060,-10.477,18.6,0.489,0.489,-6.332,-49.000,75.8,-3.730,-3.730,-48.469,-103.875,-114.2,6.652,6.652,-100.068,0.000,0.0,0.000,0.000,0.000,0.000,0.0,0.000,0.000,0.000
3068.8402,1.221,37.4,-5.312,-5.312,-0.630,2.197,8.0,3.600,3.600,4.012,27.219,-25.4,8.703,8.703,32.739,94.062,61.6,-5.184,-5.184,97.398,1.446,-43.5,11.727,11.727,1.060,-10.414,28.9,1.452,1.452,-6.332,-48.812,91.0,-1.618,-1.618,-48.469,-104.125,-109.9,7.027,7.027,-100.068,0.000,0.0,0.000,0.000,0.000,0.000,0.0,0.000,0.000,0.000
3068.8422,1.208,7.7,-13.258,-13.258,-0.630,2.244,16.2,3.793,3.793,4.012,27.203,-14.3,8.742,8.742,32.739,94.125,49.4,-5.645,-5.645,97.398,1.409,-25.9,11.391,11.391,1.060,-10.336,36.9,1.616,1.616,-6.332,-48.594,99.6,-2.584,-2.584,-48.469,-104.250,-93.4,6.512,6.512,-100.068,0.000,0.0,0.000,0.000,0.000,0.000,0.0,0.000,0.000,0.000
3068.8442,1.117,-29.2,-10.883,-10.883,-0.630,2.285,19.3,4.129,4.129,4.012,27.203,-2.7,8.047,8.047,32.739,94.188,32.9,-5.797,-5.797,97.398,1.459,7.0,8.477,8.477,1.060,-10.258,38.3,1.546,1.546,-6.332,-48.375,109.5,-2.986,-2.986,-48.469,-104.438,-76.5,6.273,6.273,-100.068,0.000,0.0,0.000,0.000,0.000,0.000,0.0,0.000,0.000,0.000
3068.8462,0.976,-56.6,-7.430,-7.430,-0.630,2.342,25.2,4.516,4.516,4.012,27.266,16.8,8.891,8.891,32.739,94.188,18.9,-6.242,-6.242,97.398,1.541,29.0,6.555,6.555,1.060,-10.164,41.2,1.271,1.271,-6.332,-48.125,111.2,-3.395,-3.395,-48.469,-104.562,-66.9,5.719,5.719,-100.068,0.000,0.0,0.000,0.000,0.000,0.000,0.0,0.000,0.000,0.000
3068.8482,0.769,-85.8,-5.391,-5.391,-0.630,2.389,24.6,4.637,4.637,4.012,27.312,24.4,8.727,8.727,32.739,94.188,-1.2,-6.699,-6.699,97.398,1.645,42.2,4.508,4.508,1.060,-10.070,42.8,0.910,0.910,-6.332,-47.938,106.5,-3.148,-3.148,-48.469,-104.688,-61.8,5.312,5.312,-100.068,0.000,0.0,0.000,0.000,0.000,0.000,0.0,0.000,0.000,0.000
3068.8502,0.559,-98.3,-3.795,-3.795,-0.630,2.445,25.8,5.020,5.020,4.012,27.391,37.0,9.117,9.117,32.739,94.125,-19.8,-7.859,-7.859,97.398,1.767,53.6,2.033,2.033,1.060,-9.977,46.3,1.021,1.021,-6.332,-47.719,104.5,-3.557,-3.557,-48.469,-104.750,-41.6,4.793,4.793,-100.068,0.000,0.0,0.000,0.000,0.000,0.000,0.0,0.000,0.000,0.000
3068.8522,0.386,-90.5,-2.527,-2.527,-0.630,2.494,26.6,6.078,6.078,4.012,27.484,43.6,9.242,9.242,32.739,94.000,-43.6,-12.719,-12.719,97.398,1.852,46.1,-2.168,-2.168,1.060,-9.891,46.9,0.838,0.838,-6.332,-47.531,96.6,-3.895,-3.895,-48.469,-104.812,-37.9,5.316,5.316,-100.068,0.000,0.0,0.000,0.000,0.000,0.000,0.0,0.000,0.000,0.000
3068.8542,0.251,-75.3,1.448,1.448,-0.630,2.555,27.5,5.113,5.113,4.012,27.562,41.6,2.939,2.939,32.739,93.875,-69.9,-6.457,-6.457,97.398,1.905,32.0,-9.203,-9.203,1.060,-9.820,40.7,-2.703,-2.703,-6.332,-47.406,75.6,-10.852,-10.852,-48.469,-104.812,-17.7,11.086,11.086,-100.068,0.000,0.0,0.000,0.000,0.000,0.000,0.0,0.000,0.000,0.000
3068.8562,0.220,-59.0,11.219,11.219,-0.630,2.574,24.3,2.684,2.684,4.012,27.609,41.6,1.793,1.793,32.739,93.750,-75.7,-3.521,-3.521,97.398,1.898,16.8,-7.363,-7.363,1.060,-9.797,32.7,-3.307,-3.307,-6.332,-47.375,63.9,-11.906,-11.906,-48.469,-104.812,-7.3,12.531,12.531,-100.068,0.000,0.0,0.000,0.000,0.000,0.000,0.0,0.000,0.000,0.000
3068.8596,0.326,21.7,5.754,5.754,-0.630,2.518,-14.6,4.309,4.309,4.012,27.719,25.5,5.301,5.301,32.739,93.375,-89.2,-4.691,-4.691,97.398,1.714,-43.7,-3.863,-3.863,1.060,-9.750,14.3,-0.510,-0.510,-6.332,-47.344,9.6,-8.523,-8.523,-48.469,-104.625,45.2,8.742,8.742,-100.068,0.000,0.0,0.000,0.000,0.000,0.000,0.0,0.000,0.000,0.000
3068.8611,0.468,53.4,3.324,3.324,-0.630,2.463,-21.2,4.992,4.992,4.012,27.734,19.0,6.262,6.262,32.739,93.188,-95.5,-4.184,-4.184,97.398,1.569,-63.2,-1.348,-1.348,1.060,-9.742,7.4,-0.205,-0.205,-6.332,-47.375,-9.1,-8.711,-8.711,-48.469,-104.438,70.1,8.578,8.578,-100.068,0.000,0.0,0.000,0.000,0.000,0.000,0.0,0.000,0.000,0.000
3068.8625,0.530,57.7,2.170,2.170,-0.630,2.422,-28.5,5.008,5.008,4.012,27.750,13.7,6.441,6.441,32.739,93.062,-100.7,-3.062,-3.062,97.398,1.490,-70.4,-0.609,-0.609,1.060,-9.742,3.3,-1.039,-1.039,-6.332,-47.406,-15.0,-10.125,-10.125,-48.469,-104.375,77.1,9.625,9.625,-100.068,0.000,0.0,0.000,0.000,0.000,0.000,0.0,0.000,0.000,0.000
3068.8642,0.687,70.7,0.471,0.471,-0.630,2.391,-20.4,4.320,4.320,4.012,27.797,18.7,5.938,5.938,32.739,92.875,-95.8,-1.476,-1.476,97.398,1.324,-79.2,1.771,1.771,1.060,-9.750,-0.5,-2.455,-2.455,-6.332,-47.469,-29.2,-11.344,-11.344,-48.469,-104.125,97.9,10.281,10.281,-100.068,0.000,0.0,0.000,0.000,0.000,0.000,0.0,0.000,0.000,0.000
3068.8662,0.832,73.1,-0.436,-0.436,-0.630,2.359,-17.7,3.031,3.031,4.012,27.797,5.6,6.141,6.141,32.739,92.750,-90.4,-1.346,-1.346,97.398,1.158,-82.3,3.773,3.773,1.060,-9.758,-4.2,-2.457,-2.457,-6.332,-47.594,-48.2,-10.914,-10.914,-48.469,-103.875,117.9,9.789,9.789,-100.068,0.000,0.0,0.000,0.000,0.000,0.000,0.0,0.000,0.000,0.000
3068.8682,0.979,74.8,-0.956,-0.956,-0.630,2.350,-11.0,3.246,3.246,4.012,27.812,8.2,10.945,10.945,32.739,92.562,-85.2,-2.748,-2.748,97.398,1.026,-71.0,7.266,7.266,1.060,-9.797,-12.4,-3.594,-3.594,-6.332,-47.750,-64.0,-10.719,-10.719,-48.469,-103.562,135.8,7.750,7.750,-100.068,0.000,0.0,0.000,0.000,0.000,0.000,0.0,0.000,0.000,0.000
3068.8702,1.076,57.6,-6.777,-6.777,-0.630,2.344,-7.5,3.115,3.115,4.012,27.812,3.7,10.648,10.648,32.739,92.438,-72.6,-2.119,-2.119,97.398,0.935,-52.2,7.848,7.848,1.060,-9.844,-19.3,-2.934,-2.934,-6.332,-47.875,-71.5,-8.539,-8.539,-48.469,-103.312,139.9,5.938,5.938,-100.068,0.000,0.0,0.000,0.000,0.000,0.000,0.0,0.000,0.000,0.000
3068.8722,1.139,39.1,-5.910,-5.910,-0.630,2.363,3.5,1.958,1.958,4.012,27.828,3.4,8.711,8.711,32.739,92.312,-60.1,-0.001,-0.001,97.398,0.895,-28.8,8.344,8.344,1.060,-9.914,-28.3,-3.518,-3.518,-6.332,-48.031,-75.0,-11.125,-11.125,-48.469,-103.000,147.6,5.332,5.332,-100.068,0.000,0.0,0.000,0.000,0.000,0.000,0.0,0.000,0.000,0.000
3068.8742,1.146,16.2,-5.391,-5.391,-0.630,2.342,-4.4,1.165,1.165,4.012,27.797,-4.5,6.117,6.117,32.739,92.250,-38.9,3.936,3.936,97.398,0.919,1.3,17.391,17.391,1.060,-10.008,-40.7,-4.910,-4.910,-6.332,-48.188,-77.1,-14.461,-14.461,-48.469,-102.750,140.9,2.861,2.861,-100.068,0.000,0.0,0.000,0.000,0.000,0.000,0.0,0.000,0.000,0.000
3068.8762,1.089,-13.4,-11.359,-11.359,-0.630,2.311,-10.7,1.165,1.165,4.012,27.750,-19.9,7.754,7.754,32.739,92.250,-13.2,3.590,3.590,97.398,1.026,35.5,11.898,11.898,1.060,-10.133,-52.7,-5.309,-5.309,-6.332,-48.375,-84.0,-13.906,-13.906,-48.469,-102.500,129.9,-0.817,-0.817,-100.068,0.000,0.0,0.000,0.000,0.000,0.000,0.0,0.000,0.000,0.000
3068.8782,0.957,-47.8,-7.793,-7.793,-0.630,2.238,-26.0,2.014,2.014,4.012,27.672,-30.3,9.047,9.047,32.739,92.312,13.9,2.932,2.932,97.398,1.211,70.7,6.922,6.922,1.060,-10.258,-58.9,-6.316,-6.316,-6.332,-48.531,-81.6,-12.578,-12.578,-48.469,-102.312,100.0,-5.102,-5.102,-100.068,0.000,0.0,0.000,0.000,0.000,0.000,0.0,0.000,0.000,0.000
3068.8803,0.775,-74.4,-3.547,-3.547,-0.630,2.184,-25.7,2.275,2.275,4.012,27.609,-34.1,9.758,9.758,32.739,92.438,41.6,2.381,2.381,97.398,1.428,95.1,3.209,3.209,1.060,-10.344,-49.0,-7.652,-7.652,-6.332,-48.719,-89.2,-12.688,-12.688,-48.469,-102.250,64.3,-5.543,-5.543,-100.068,0.000,0.0,0.000,0.000,0.000,0.000,0.0,0.000,0.000,0.000
3068.8823,0.590,-84.1,-1.217,-1.217,-0.630,2.111,-31.4,2.633,2.633,4.012,27.531,-36.4,9.469,9.469,32.739,92.562,60.4,1.288,1.288,97.398,1.642,100.9,-0.077,-0.077,1.060,-10.398,-33.5,-7.812,-7.812,-6.332,-48.906,-89.2,-12.086,-12.086,-48.469,-102.250,16.0,-3.338,-3.338,-100.068,0.000,0.0,0.000,0.000,0.000,0.000,0.0,0.000,0.000,0.000
3068.8844,0.446,-74.2,0.109,0.109,-0.630,2.078,-23.4,2.904,2.904,4.012,27.469,-34.6,9.375,9.375,32.739,92.750,78.9,0.502,0.502,97.398,1.854,103.8,-2.885,-2.885,1.060,-10.438,-24.8,-9.398,-9.398,-6.332,-49.062,-80.2,-11.789,-11.789,-48.469,-102.312,-21.0,-3.115,-3.115,-100.068,0.000,0.0,0.000,0.000,0.000,0.000,0.0,0.000,0.000,0.000
3068.8863,0.367,-49.2,0.895,0.895,-0.630,2.059,-14.6,2.662,2.662,4.012,27.406,-33.2,9.906,9.906,32.739,92.938,92.6,-0.326,-0.326,97.398,2.002,81.9,-5.039,-5.039,1.060,-10.453,-13.2,-6.770,-6.770,-6.332,-49.188,-70.4,-10.070,-10.070,-48.469,-102.438,-51.8,-1.435,-1.435,-100.068,0.000,0.0,0.000,0.000,0.000,0.000,0.0,0.000,0.000,0.000
3068.8882,0.361,-16.6,11.617,11.617,-0.630,2.049,-7.7,6.777,6.777,4.012,27.375,-24.0,8.797,8.797,32.739,93.188,98.8,-1.380,-1.380,97.398,2.086,52.2,-14.406,-14.406,1.060,-10.469,-9.9,-2.508,-2.508,-6.332,-49.250,-47.4,-7.527,-7.527,-48.469,-102.688,-80.3,0.162,0.162,-100.068,0.000,0.0,0.000,0.000,0.000,0.000,0.0,0.000,0.000,0.000
3068.8902,0.452,24.6,6.512,6.512,-0.630,2.080,5.4,3.285,3.285,4.012,27.375,-9.2,4.473,4.473,32.739,93.375,105.4,-2.945,-2.945,97.398,2.047,5.8,-8.219,-8.219,1.060,-10.438,6.8,-6.031,-6.031,-6.332,-49.250,-15.8,-8.594,-8.594,-48.469,-102.875,-106.9,1.855,1.855,-100.068,0.000,0.0,0.000,0.000,0.000,0.000,0.0,0.000,0.000,0.000
3068.8922,0.609,57.5,-3.883,-3.883,-0.630,2.152,24.5,-0.800,-0.800,4.012,27.344,-11.2,2.615,2.615,32.739,93.562,103.5,-4.023,-4.023,97.398,1.961,-23.9,2.881,2.881,1.060,-10.406,10.5,-7.020,-7.020,-6.332,-49.219,6.7,-9.516,-9.516,-48.469,-103.125,-119.4,3.479,3.479,-100.068,0.000,0.0,0.000,0.000,0.000,0.000,0.0,0.000,0.000,0.000
3068.8942,0.753,65.1,-7.180,-7.180,-0.630,2.188,19.4,-3.213,-3.213,4.012,27.297,-19.9,1.684,1.684,32.739,93.750,94.4,-4.441,-4.441,97.398,1.905,-25.3,7.785,7.785,1.060,-10.406,3.5,-6.977,-6.977,-6.332,-49.125,31.0,-8.680,-8.680,-48.469,-103.375,-123.0,5.781,5.781,-100.068,0.000,0.0,0.000,0.000,0.000,0.000,0.0,0.000,0.000,0.000
3068.8962,0.854,55.5,-7.410,-7.410,-0.630,2.197,9.6,-1.494,-1.494,4.012,27.219,-28.5,3.209,3.209,32.739,93.875,78.9,-4.441,-4.441,97.398,1.867,-21.9,-2.787,-2.787,1.060,-10.406,0.1,-1.689,-1.689,-6.332,-49.000,45.1,-7.027,-7.027,-48.469,-103.625,-120.2,6.094,6.094,-100.068,0.000,0.0,0.000,0.000,0.000,0.000,0.0,0.000,0.000,0.000
3068.8982,0.904,39.2,1.220,1.220,-0.630,2.191,1.3,1.935,1.935,4.012,27.141,-34.1,5.562,5.562,32.739,94.062,73.4,-4.355,-4.355,97.398,1.813,-24.9,-0.280,-0.280,1.060,-10.391,5.5,-0.732,-0.732,-6.332,-48.875,63.2,-4.387,-4.387,-48.469,-103.875,-112.1,6.477,6.477,-100.068,0.000,0.0,0.000,0.000,0.000,0.000,0.0,0.000,0.000,0.000
3068.9002,0.948,27.8,-2.061,-2.061,-0.630,2.188,1.1,3.936,3.936,4.012,27.078,-30.7,7.059,7.059,32.739,94.188,64.8,-3.928,-3.928,97.398,1.741,-30.0,3.137,3.137,1.060,-10.359,13.8,1.257,1.257,-6.332,-48.688,77.1,-3.725,-3.725,-48.469,-104.062,-102.0,6.477,6.477,-100.068,0.000,0.0,0.000,0.000,0.000,0.000,0.0,0.000,0.000,0.000
3068.9022,0.973,18.5,-5.180,-5.180,-0.630,2.199,5.5,4.645,4.645,4.012,27.016,-29.1,9.297,9.297,32.739,94.250,51.0,-5.199,-5.199,97.398,1.679,-29.6,10.203,10.203,1.060,-10.312,21.1,2.510,2.510,-6.332,-48.500,92.6,-2.258,-2.258,-48.469,-104.250,-91.1,6.527,6.527,-100.068,0.000,0.0,0.000,0.000,0.000,0.000,0.0,0.000,0.000,0.000
3068.9042,0.941,-3.7,-11.227,-11.227,-0.630,2.238,14.5,5.230,5.230,4.012,27.016,-12.2,9.547,9.547,32.739,94.312,35.4,-5.961,-5.961,97.398,1.686,-8.6,9.141,9.141,1.060,-10.234,34.2,2.498,2.498,-6.332,-48.281,101.6,-2.865,-2.865,-48.469,-104.375,-74.9,6.043,6.043,-100.068,0.000,0.0,0.000,0.000,0.000,0.000,0.0,0.000,0.000,0.000
3068.9062,0.825,-40.5,-9.242,-9.242,-0.630,2.312,30.9,4.984,4.984,4.012,27.031,2.1,9.039,9.039,32.739,94.375,20.9,-5.883,-5.883,97.398,1.748,16.1,6.734,6.734,1.060,-10.141,41.2,1.833,1.833,-6.332,-48.031,112.8,-3.662,-3.662,-48.469,-104.500,-66.5,5.492,5.492,-100.068,0.000,0.0,0.000,0.000,0.000,0.000,0.0,0.000,0.000,0.000
3068.9088,0.668,-67.3,-6.738,-6.738,-0.630,2.389,35.9,4.566,4.566,4.012,27.078,14.5,9.453,9.453,32.739,94.312,4.1,-6.367,-6.367,97.398,1.833,34.6,5.336,5.336,1.060,-10.047,43.1,1.273,1.273,-6.332,-47.812,107.4,-3.699,-3.699,-48.469,-104.562,-51.3,4.980,4.980,-100.068,0.000,0.0,0.000,0.000,0.000,0.000,0.0,0.000,0.000,0.000
3068.9109,0.518,-71.1,-5.281,-5.281,-0.630,2.488,46.4,4.547,4.547,4.012,27.141,26.4,9.859,9.859,32.739,94.312,-13.6,-7.527,-7.527,97.398,1.914,38.5,3.863,3.863,1.060,-9.945,45.4,0.883,0.883,-6.332,-47.594,110.9,-3.668,-3.668,-48.469,-104.688,-48.6,4.504,4.504,-100.068,0.000,0.0,0.000,0.000,0.000,0.000,0.0,0.000,0.000,0.000
3068.9126,0.339,-80.6,-4.445,-4.445,-0.630,2.574,44.3,4.660,4.660,4.012,27.250,40.7,10.156,10.156,32.739,94.188,-30.6,-11.258,-11.258,97.398,1.999,39.1,2.900,2.900,1.060,-9.844,49.1,0.634,0.634,-6.332,-47.406,101.8,-4.000,-4.000,-48.469,-104.688,-34.4,4.555,4.555,-100.068,0.000,0.0,0.000,0.000,0.000,0.000,0.0,0.000,0.000,0.000
3068.9142,0.188,-76.6,-1.896,-1.896,-0.630,2.645,40.8,5.852,5.852,4.012,27.359,49.6,3.801,3.801,32.739,94.062,-60.8,-7.199,-7.199,97.398,2.080,39.5,-0.896,-0.896,1.060,-9.750,47.8,0.480,0.480,-6.332,-47.250,92.7,-9.305,-9.305,-48.469,-104.750,-26.4,10.289,10.289,-100.068,0.000,0.0,0.000,0.000,0.000,0.000,0.0,0.000,0.000,0.000
3068.9162,0.072,-65.9,9.008,9.008,-0.630,2.674,24.0,2.664,2.664,4.012,27.453,47.7,3.172,3.172,32.739,93.875,-72.8,-6.363,-6.363,97.398,2.096,17.6,-6.438,-6.438,1.060,-9.672,38.8,-2.773,-2.773,-6.332,-47.125,72.4,-9.945,-9.945,-48.469,-104.750,-5.2,10.070,10.070,-100.068,0.000,0.0,0.000,0.000,0.000,0.000,0.0,0.000,0.000,0.000
3068.9182,0.063,-26.2,7.387,7.387,-0.630,2.648,-0.9,3.752,3.752,4.012,27.531,39.3,4.285,4.285,32.739,93.688,-91.2,-4.848,-4.848,97.398,2.049,-9.8,-5.168,-5.168,1.060,-9.625,27.6,-2.199,-2.199,-6.332,-47.062,39.1,-11.016,-11.016,-48.469,-104.688,21.9,9.609,9.609,-100.068,0.000,0.0,0.000,0.000,0.000,0.000,0.0,0.000,0.000,0.000
3068.9202,0.113,7.7,5.898,5.898,-0.630,2.598,-17.6,4.824,4.824,4.012,27.594,35.2,6.449,6.449,32.739,93.500,-97.9,-5.328,-5.328,97.398,1.958,-32.5,-3.279,-3.279,1.060,-9.594,20.7,-0.899,-0.899,-6.332,-47.094,9.7,-9.336,-9.336,-48.469,-104.562,43.0,7.801,7.801,-100.068,0.000,0.0,0.000,0.000,0.000,0.000,0.0,0.000,0.000,0.000
3068.9222,0.217,35.8,3.561,3.561,-0.630,2.533,-27.9,6.535,6.535,4.012,27.656,33.8,8.445,8.445,32.739,93.250,-109.5,-5.297,-5.297,97.398,1.820,-56.4,-2.213,-2.213,1.060,-9.586,9.6,0.825,0.825,-6.332,-47.125,-8.8,-8.500,-8.500,-48.469,-104.438,66.0,6.695,6.695,-100.068,0.000,0.0,0.000,0.000,0.000,0.000,0.0,0.000,0.000,0.000
3068.9242,0.345,54.2,1.715,1.715,-0.630,2.488,-24.8,5.801,5.801,4.012,27.734,34.3,7.395,7.395,32.739,93.000,-114.2,-2.852,-2.852,97.398,1.657,-73.2,0.491,0.491,1.060,-9.594,1.6,-0.746,-0.746,-6.332,-47.188,-25.9,-10.234,-10.234,-48.469,-104.250,72.0,8.516,8.516,-100.068,0.000,0.0,0.000,0.000,0.000,0.000,0.0,0.000,0.000,0.000
3068.9262,0.477,61.3,0.531,0.531,-0.630,2.482,-10.8,3.787,3.787,4.012,27.797,34.1,6.293,6.293,32.739,92.812,-105.6,-0.437,-0.437,97.398,1.506,-75.1,4.215,4.215,1.060,-9.602,-4.0,-3.709,-3.709,-6.332,-47.281,-42.5,-13.336,-13.336,-48.469,-104.062,94.8,11.203,11.203,-100.068,0.000,0.0,0.000,0.000,0.000,0.000,0.0,0.000,0.000,0.000
3068.9282,0.609,63.3,-1.528,-1.528,-0.630,2.477,-5.2,2.674,2.674,4.012,27.812,19.1,7.312,7.312,32.739,92.625,-100.8,-0.453,-0.453,97.398,1.362,-73.1,6.070,6.070,1.060,-9.625,-6.6,-4.371,-4.371,-6.332,-47.438,-59.7,-11.906,-11.906,-48.469,-103.812,107.2,10.398,10.398,-100.068,0.000,0.0,0.000,0.000,0.000,0.000,0.0,0.000,0.000,0.000
3068.9302,0.719,56.4,-3.465,-3.465,-0.630,2.482,0.9,2.553,2.553,4.012,27.828,12.6,10.141,10.141,32.739,92.500,-81.9,-1.684,-1.684,97.398,1.274,-53.6,6.059,6.059,1.060,-9.695,-22.1,-3.309,-3.309,-6.332,-47.594,-71.4,-9.523,-9.523,-48.469,-103.500,133.1,7.664,7.664,-100.068,0.000,0.0,0.000,0.000,0.000,0.000,0.0,0.000,0.000,0.000
3068.9322,0.807,47.5,-4.227,-4.227,-0.630,2.482,0.2,2.725,2.725,4.012,27.828,5.7,11.156,11.156,32.739,92.375,-68.9,-2.566,-2.566,97.398,1.199,-42.2,5.574,5.574,1.060,-9.766,-29.8,-2.016,-2.016,-6.332,-47.750,-78.6,-7.973,-7.973,-48.469,-103.188,142.0,5.879,5.879,-100.068,0.000,0.0,0.000,0.000,0.000,0.000,0.0,0.000,0.000,0.000
3068.9342,0.851,29.9,-4.777,-4.777,-0.630,2.479,-0.8,2.285,2.285,4.012,27.844,4.9,9.922,9.922,32.739,92.250,-56.8,-0.911,-0.911,97.398,1.174,-22.6,5.879,5.879,1.060,-9.852,-36.7,-2.781,-2.781,-6.332,-47.906,-72.7,-10.125,-10.125,-48.469,-102.938,146.4,5.559,5.559,-100.068,0.000,0.0,0.000,0.000,0.000,0.000,0.0,0.000,0.000,0.000
3068.9362,0.873,17.2,-4.492,-4.492,-0.630,2.447,-12.4,0.998,0.998,4.012,27.812,-8.4,7.961,7.961,32.739,92.188,-40.2,1.987,1.987,97.398,1.192,-0.6,9.883,9.883,1.060,-9.953,-45.4,-5.090,-5.090,-6.332,-48.031,-71.1,-12.484,-12.484,-48.469,-102.625,145.4,4.645,4.645,-100.068,0.000,0.0,0.000,0.000,0.000,0.000,0.0,0.000,0.000,0.000
3068.9382,0.841,-5.1,-7.008,-7.008,-0.630,2.395,-23.7,0.302,0.302,4.012,27.781,-13.4,7.715,7.715,32.739,92.125,-20.8,2.133,2.133,97.398,1.249,18.6,9.820,9.820,1.060,-10.055,-51.7,-4.676,-4.676,-6.332,-48.188,-67.8,-13.984,-13.984,-48.469,-102.375,137.2,-0.288,-0.288,-100.068,0.000,0.0,0.000,0.000,0.000,0.000,0.0,0.000,0.000,0.000
3068.9402,0.769,-25.6,-8.789,-8.789,-0.630,2.316,-34.8,2.588,2.588,4.012,27.703,-29.0,9.070,9.070,32.739,92.188,7.2,3.082,3.082,97.398,1.384,50.8,8.812,8.812,1.060,-10.156,-48.4,-5.523,-5.523,-6.332,-48.344,-77.3,-14.070,-14.070,-48.469,-102.125,118.4,-5.047,-5.047,-100.068,0.000,0.0,0.000,0.000,0.000,0.000,0.0,0.000,0.000,0.000
3068.9422,0.634,-53.0,-5.281,-5.281,-0.630,2.238,-37.2,2.887,2.887,4.012,27.641,-31.3,9.500,9.500,32.739,92.312,32.9,2.617,2.617,97.398,1.554,73.6,5.062,5.062,1.060,-10.219,-36.8,-7.531,-7.531,-6.332,-48.500,-74.1,-13.820,-13.820,-48.469,-102.000,84.4,-4.828,-4.828,-100.068,0.000,0.0,0.000,0.000,0.000,0.000,0.0,0.000,0.000,0.000
3068.9442,0.483,-67.2,-1.914,-1.914,-0.630,2.172,-33.9,3.129,3.129,4.012,27.578,-32.1,9.758,9.758,32.739,92.438,54.2,1.837,1.837,97.398,1.745,86.9,1.731,1.731,1.060,-10.258,-25.3,-8.039,-8.039,-6.332,-48.656,-78.0,-13.484,-13.484,-48.469,-102.000,39.9,-3.883,-3.883,-100.068,0.000,0.0,0.000,0.000,0.000,0.000,0.0,0.000,0.000,0.000
3068.9462,0.342,-70.4,-0.684,-0.684,-0.630,2.143,-18.9,3.361,3.361,4.012,27.516,-32.5,9.734,9.734,32.739,92.562,71.5,0.807,0.807,97.398,1.942,94.4,-1.883,-1.883,1.060,-10.289,-18.9,-10.078,-10.078,-6.332,-48.812,-78.7,-12.539,-12.539,-48.469,-102.000,3.3,-3.900,-3.900,-100.068,0.000,0.0,0.000,0.000,0.000,0.000,0.0,0.000,0.000,0.000
3068.9482,0.267,-49.6,1.397,1.397,-0.630,2.105,-17.3,5.219,5.219,4.012,27.453,-28.5,9.922,9.922,32.739,92.812,87.6,-0.158,-0.158,97.398,2.068,71.8,-16.969,-16.969,1.060,-10.297,-9.2,-7.605,-7.605,-6.332,-48.906,-67.3,-9.664,-9.664,-48.469,-102.125,-35.4,-2.072,-2.072,-100.068,0.000,0.0,0.000,0.000,0.000,0.000,0.0,0.000,0.000,0.000
3068.9502,0.279,-12.6,9.227,9.227,-0.630,2.127,2.4,5.500,5.500,4.012,27.438,-17.6,9.914,9.914,32.739,93.000,99.5,-1.453,-1.453,97.398,2.090,30.7,-11.734,-11.734,1.060,-10.328,-10.7,-1.495,-1.495,-6.332,-48.969,-43.1,-5.086,-5.086,-48.469,-102.312,-70.9,-0.095,-0.095,-100.068,0.000,0.0,0.000,0.000,0.000,0.000,0.0,0.000,0.000,0.000
3068.9522,0.402,32.9,3.271,3.271,-0.630,2.162,12.2,1.390,1.390,4.012,27.406,-13.5,3.934,3.934,32.739,93.188,99.4,-3.113,-3.113,97.398,2.033,-7.0,1.690,1.690,1.060,-10.305,3.9,-6.020,-6.020,-6.332,-48.969,-13.3,-9.430,-9.430,-48.469,-102.500,-91.4,1.562,1.562,-100.068,0.000,0.0,0.000,0.000,0.000,0.000,0.0,0.000,0.000,0.000
3068.9542,0.543,54.8,-5.207,-5.207,-0.630,2.213,19.8,-1.837,-1.837,4.012,27.359,-19.4,3.143,3.143,32.739,93.438,106.7,-4.031,-4.031,97.398,1.993,-15.5,4.688,4.688,1.060,-10.297,3.3,-7.277,-7.277,-6.332,-48.938,11.0,-9.609,-9.609,-48.469,-102.750,-109.1,3.295,3.295,-100.068,0.000,0.0,0.000,0.000,0.000,0.000,0.0,0.000,0.000,0.000
3068.9562,0.659,56.8,-6.664,-6.664,-0.630,2.254,19.3,-3.207,-3.207,4.012,27.297,-30.4,2.229,2.229,32.739,93.625,98.1,-4.520,-4.520,97.398,1.968,-13.5,6.035,6.035,1.060,-10.305,-2.1,-6.590,-6.590,-6.332,-48.875,27.8,-8.734,-8.734,-48.469,-103.000,-112.8,5.254,5.254,-100.068,0.000,0.0,0.000,0.000,0.000,0.000,0.0,0.000,0.000,0.000
3068.9582,0.719,40.1,-6.305,-6.305,-0.630,2.270,12.1,-1.750,-1.750,4.012,27.219,-34.9,3.129,3.129,32.739,93.812,92.6,-4.773,-4.773,97.398,1.961,-8.0,-2.963,-2.963,1.060,-10.312,-3.2,-1.683,-1.683,-6.332,-48.750,47.1,-7.215,-7.215,-48.469,-103.250,-120.9,5.918,5.918,-100.068,0.000,0.0,0.000,0.000,0.000,0.000,0.0,0.000,0.000,0.000
3068.9609,0.756,28.3,1.502,1.502,-0.630,2.256,1.1,1.008,1.008,4.012,27.125,-46.4,4.426,4.426,32.739,93.938,82.4,-4.359,-4.359,97.398,1.924,-16.0,-0.485,-0.485,1.060,-10.305,1.1,-1.807,-1.807,-6.332,-48.656,55.1,-6.754,-6.754,-48.469,-103.438,-109.5,5.945,5.945,-100.068,0.000,0.0,0.000,0.000,0.000,0.000,0.0,0.000,0.000,0.000
3068.9629,0.797,22.8,-1.028,-1.028,-0.630,2.256,2.8,2.207,2.207,4.012,27.031,-45.8,5.965,5.965,32.739,94.062,70.0,-4.348,-4.348,97.398,1.877,-21.9,1.269,1.269,1.060,-10.297,4.0,-0.257,-0.257,-6.332,-48.500,62.8,-4.395,-4.395,-48.469,-103.625,-103.5,6.449,6.449,-100.068,0.000,0.0,0.000,0.000,0.000,0.000,0.0,0.000,0.000,0.000
3068.9650,0.825,16.4,-3.291,-3.291,-0.630,2.277,7.9,2.967,2.967,4.012,26.984,-33.8,8.008,8.008,32.739,94.188,64.0,-4.355,-4.355,97.398,1.833,-23.0,2.146,2.146,1.060,-10.258,12.9,0.717,0.717,-6.332,-48.375,67.8,-2.863,-2.863,-48.469,-103.812,-96.7,5.902,5.902,-100.068,0.000,0.0,0.000,0.000,0.000,0.000,0.0,0.000,0.000,0.000
3068.9667,0.825,4.9,-4.102,-4.102,-0.630,2.303,11.8,3.121,3.121,4.012,26.953,-21.2,9.289,9.289,32.739,94.312,51.2,-4.125,-4.125,97.398,1.802,-18.7,4.754,4.754,1.060,-10.211,19.5,0.946,0.946,-6.332,-48.188,77.1,-2.107,-2.107,-48.469,-104.000,-84.2,6.004,6.004,-100.068,0.000,0.0,0.000,0.000,0.000,0.000,0.0,0.000,0.000,0.000
3068.9682,0.807,-4.9,-11.250,-11.250,-0.630,2.359,23.7,5.395,5.395,4.012,26.953,-6.6,8.328,8.328,32.739,94.375,38.2,-5.129,-5.129,97.398,1.798,-7.1,7.270,7.270,1.060,-10.141,27.7,2.682,2.682,-6.332,-48.031,85.8,-2.031,-2.031,-48.469,-104.125,-70.1,5.824,5.824,-100.068,0.000,0.0,0.000,0.000,0.000,0.000,0.0,0.000,0.000,0.000
3068.9702,0.722,-29.2,-8.219,-8.219,-0.630,2.422,28.5,3.650,3.650,4.012,26.984,10.3,8.602,8.602,32.739,94.375,26.2,-4.508,-4.508,97.398,1.833,8.2,1.557,1.557,1.060,-10.055,38.7,0.311,0.311,-6.332,-47.812,92.8,-2.996,-2.996,-48.469,-104.250,-65.0,5.039,5.039,-100.068,0.000,0.0,0.000,0.000,0.000,0.000,0.0,0.000,0.000,0.000
3068.9722,0.605,-46.1,-2.002,-2.002,-0.630,2.510,36.0,2.863,2.863,4.012,27.031,19.3,9.570,9.570,32.739,94.438,13.3,-5.430,-5.430,97.398,1.854,9.2,2.119,2.119,1.060,-9.977,39.7,-0.113,-0.113,-6.332,-47.656,91.2,-3.592,-3.592,-48.469,-104.312,-51.7,4.688,4.688,-100.068,0.000,0.0,0.000,0.000,0.000,0.000,0.0,0.000,0.000,0.000
3068.9742,0.496,-53.1,-2.340,-2.340,-0.630,2.598,39.7,4.473,4.473,4.012,27.125,36.8,9.391,9.391,32.739,94.375,0.8,-6.664,-6.664,97.398,1.877,9.3,1.556,1.556,1.060,-9.914,35.4,0.550,0.550,-6.332,-47.469,86.8,-4.035,-4.035,-48.469,-104.375,-41.1,5.320,5.320,-100.068,0.000,0.0,0.000,0.000,0.000,0.000,0.0,0.000,0.000,0.000
3068.9762,0.408,-47.1,-1.061,-1.061,-0.630,2.668,36.2,4.738,4.738,4.012,27.250,50.2,7.707,7.707,32.739,94.312,-22.2,-11.164,-11.164,97.398,1.883,3.5,-2.258,-2.258,1.060,-9.844,33.4,0.463,0.463,-6.332,-47.312,77.1,-6.176,-6.176,-48.469,-104.438,-32.2,7.078,7.078,-100.068,0.000,0.0,0.000,0.000,0.000,0.000,0.0,0.000,0.000,0.000
3068.9782,0.354,-32.6,2.861,2.861,-0.630,2.721,29.4,3.961,3.961,4.012,27.344,50.8,3.104,3.104,32.739,94.250,-42.8,-7.348,-7.348,97.398,1.852,-9.3,-3.098,-3.098,1.060,-9.773,34.8,-2.336,-2.336,-6.332,-47.219,57.0,-9.914,-9.914,-48.469,-104.438,-9.5,10.781,10.781,-100.068,0.000,0.0,0.000,0.000,0.000,0.000,0.0,0.000,0.000,0.000
3068.9802,0.352,-9.6,5.422,5.422,-0.630,2.725,8.9,2.600,2.600,4.012,27.422,36.7,2.141,2.141,32.739,94.062,-61.0,-4.195,-4.195,97.398,1.795,-22.0,-1.726,-1.726,1.060,-9.734,25.5,-3.008,-3.008,-6.332,-47.188,33.0,-11.398,-11.398,-48.469,-104.375,17.9,11.680,11.680,-100.068,0.000,0.0,0.000,0.000,0.000,0.000,0.0,0.000,0.000,0.000
3068.9822,0.396,13.9,4.273,4.273,-0.630,2.684,-11.6,3.287,3.287,4.012,27.469,30.7,2.754,2.754,32.739,93.875,-77.9,-2.857,-2.857,97.398,1.717,-32.6,-0.960,-0.960,1.060,-9.734,9.9,-2.875,-2.875,-6.332,-47.219,5.8,-11.508,-11.508,-48.469,-104.250,45.4,11.578,11.578,-100.068,0.000,0.0,0.000,0.000,0.000,0.000,0.0,0.000,0.000,0.000
3068.9842,0.417,17.6,3.701,3.701,-0.630,2.643,-24.4,3.170,3.170,4.012,27.484,21.7,3.150,3.150,32.739,93.812,-77.1,-2.871,-2.871,97.398,1.676,-35.0,-0.254,-0.254,1.060,-9.719,13.4,-2.717,-2.717,-6.332,-47.250,-9.4,-12.289,-12.289,-48.469,-104.188,53.5,12.000,12.000,-100.068,0.000,0.0,0.000,0.000,0.000,0.000,0.0,0.000,0.000,0.000
3068.9864,0.552,37.1,1.548,1.548,-0.630,2.539,-34.3,3.898,3.898,4.012,27.484,4.6,4.977,4.977,32.739,93.562,-77.6,-1.284,-1.284,97.398,1.538,-42.4,1.504,1.504,1.060,-9.758,-7.4,-3.875,-3.875,-6.332,-47.406,-46.4,-12.336,-12.336,-48.469,-103.875,99.1,11.555,11.555,-100.068,0.000,0.0,0.000,0.000,0.000,0.000,0.0,0.000,0.000,0.000
3068.9883,0.659,46.5,0.348,0.348,-0.630,2.482,-31.4,4.023,4.023,4.012,27.469,-2.5,7.238,7.238,32.739,93.438,-75.9,-1.701,-1.701,97.398,1.456,-40.7,2.281,2.281,1.060,-9.797,-16.0,-3.756,-3.756,-6.332,-47.562,-69.9,-10.672,-10.672,-48.469,-103.562,122.6,9.719,9.719,-100.068,0.000,0.0,0.000,0.000,0.000,0.000,0.0,0.000,0.000,0.000
3068.9902,0.759,48.5,-1.369,-1.369,-0.630,2.445,-23.4,4.457,4.457,4.012,27.469,-0.7,10.258,10.258,32.739,93.312,-65.9,-3.229,-3.229,97.398,1.387,-36.1,2.227,2.227,1.060,-9.859,-26.8,-2.605,-2.605,-6.332,-47.750,-79.3,-8.719,-8.719,-48.469,-103.312,143.1,7.250,7.250,-100.068,0.000,0.0,0.000,0.000,0.000,0.000,0.0,0.000,0.000,0.000
3068.9923,0.841,42.9,-2.383,-2.383,-0.630,2.432,-13.1,4.152,4.152,4.012,27.484,4.0,9.266,9.266,32.739,93.188,-63.8,-3.266,-3.266,97.398,1.321,-33.8,2.193,2.193,1.060,-9.930,-32.0,-2.049,-2.049,-6.332,-47.906,-87.9,-7.723,-7.723,-48.469,-103.000,153.0,6.371,6.371,-100.068,0.000,0.0,0.000,0.000,0.000,0.000,0.0,0.000,0.000,0.000
3068.9942,0.907,35.6,-2.457,-2.457,-0.630,2.438,-3.3,3.010,3.010,4.012,27.500,6.6,5.160,5.160,32.739,93.062,-62.1,-2.039,-2.039,97.398,1.277,-26.1,10.742,10.742,1.060,-10.000,-35.8,-2.539,-2.539,-6.332,-48.062,-75.5,-13.234,-13.234,-48.469,-102.688,152.1,4.637,4.637,-100.068,0.000,0.0,0.000,0.000,0.000,0.000,0.0,0.000,0.000,0.000
3068.9962,0.941,22.0,-12.320,-12.320,-0.630,2.445,1.7,0.442,0.442,4.012,27.484,-5.4,5.637,5.637,32.739,93.000,-48.1,3.521,3.521,97.398,1.296,-2.0,14.242,14.242,1.060,-10.094,-42.8,-5.422,-5.422,-6.332,-48.219,-82.0,-14.828,-14.828,-48.469,-102.375,148.2,-0.448,-0.448,-100.068,0.000,0.0,0.000,0.000,0.000,0.000,0.0,0.000,0.000,0.000
3068.9982,0.904,-7.5,-10.977,-10.977,-0.630,2.426,-4.2,1.280,1.280,4.012,27.453,-13.0,7.039,7.039,32.739,92.938,-29.8,3.699,3.699,97.398,1.412,37.9,10.664,10.664,1.060,-10.188,-46.3,-6.926,-6.926,-6.332,-48.375,-80.9,-14.430,-14.430,-48.469,-102.125,128.1,-4.309,-4.309,-100.068,0.000,0.0,0.000,0.000,0.000,0.000,0.0,0.000,0.000,0.000
3069.0002,0.803,-36.5,-7.586,-7.586,-0.630,2.383,-15.6,1.499,1.499,4.012,27.391,-23.8,8.359,8.359,32.739,93.000,-1.3,3.230,3.230,97.398,1.601,75.8,6.855,6.855,1.060,-10.289,-49.6,-8.453,-8.453,-6.332,-48.562,-83.4,-14.531,-14.531,-48.469,-102.000,92.3,-5.133,-5.133,-100.068,0.000,0.0,0.000,0.000,0.000,0.000,0.0,0.000,0.000,0.000
3069.0022,0.671,-54.5,-4.902,-4.902,-0.630,2.350,-16.4,2.217,2.217,4.012,27.328,-26.9,9.156,9.156,32.739,93.062,22.9,2.738,2.738,97.398,1.798,90.6,3.127,3.127,1.060,-10.336,-34.0,-8.352,-8.352,-6.332,-48.750,-91.9,-14.406,-14.406,-48.469,-101.875,58.0,-3.529,-3.529,-100.068,0.000,0.0,0.000,0.000,0.000,0.000,0.0,0.000,0.000,0.000
3069.0042,0.534,-63.5,-3.543,-3.543,-0.630,2.322,-14.8,2.441,2.441,4.012,27.266,-30.2,9.664,9.664,32.739,93.125,45.5,2.127,2.127,97.398,2.021,102.1,0.785,0.785,1.060,-10.375,-23.0,-10.422,-10.422,-6.332,-48.906,-90.6,-13.562,-13.562,-48.469,-101.938,16.7,-4.215,-4.215,-100.068,0.000,0.0,0.000,0.000,0.000,0.000,0.0,0.000,0.000,0.000
3069.0062,0.449,-49.7,-3.055,-3.055,-0.630,2.297,-12.3,3.457,3.457,4.012,27.203,-26.8,8.133,8.133,32.739,93.312,59.4,1.064,1.064,97.398,2.229,101.5,-3.703,-3.703,1.060,-10.414,-18.5,-8.977,-8.977,-6.332,-49.094,-86.2,-13.055,-13.055,-48.469,-102.000,-16.6,1.689,1.689,-100.068,0.000,0.0,0.000,0.000,0.000,0.000,0.0,0.000,0.000,0.000
3069.0082,0.405,-30.5,-0.078,-0.078,-0.630,2.297,-4.0,6.707,6.707,4.012,27.156,-24.8,14.719,14.719,32.739,93.438,73.4,0.262,0.262,97.398,2.357,75.0,-17.281,-17.281,1.060,-10.414,-6.4,-1.456,-1.456,-6.332,-49.188,-66.9,-2.791,-2.791,-48.469,-102.125,-51.6,-0.789,-0.789,-100.068,0.000,0.0,0.000,0.000,0.000,0.000,0.0,0.000,0.000,0.000
3069.0102,0.427,-3.0,5.289,5.289,-0.630,2.342,13.3,5.082,5.082,4.012,27.156,-9.4,8.195,8.195,32.739,93.625,84.2,-0.743,-0.743,97.398,2.383,32.1,-12.312,-12.312,1.060,-10.352,16.9,-3.520,-3.520,-6.332,-49.219,-31.1,-7.656,-7.656,-48.469,-102.250,-70.4,0.129,0.129,-100.068,0.000,0.0,0.000,0.000,0.000,0.000,0.0,0.000,0.000,0.000
3069.0127,0.515,28.6,5.168,5.168,-0.630,2.400,22.9,0.378,0.378,4.012,27.172,1.7,3.447,3.447,32.739,93.812,83.4,-2.264,-2.264,97.398,2.318,-8.8,1.459,1.459,1.060,-10.289,25.5,-7.992,-7.992,-6.332,-49.188,-2.3,-10.320,-10.320,-48.469,-102.500,-94.2,1.768,1.768,-100.068,0.000,0.0,0.000,0.000,0.000,0.000,0.0,0.000,0.000,0.000
3069.0149,0.618,42.8,-3.949,-3.949,-0.630,2.441,19.3,-1.447,-1.447,4.012,27.172,-1.1,2.521,2.521,32.739,94.000,88.5,-3.199,-3.199,97.398,2.260,-23.1,1.098,1.098,1.060,-10.250,21.5,-6.020,-6.020,-6.332,-49.125,20.6,-9.977,-9.977,-48.469,-102.688,-105.1,3.262,3.262,-100.068,0.000,0.0,0.000,0.000,0.000,0.000,0.0,0.000,0.000,0.000
3069.0169,0.706,43.6,-1.511,-1.511,-0.630,2.445,8.1,0.271,0.271,4.012,27.141,-11.6,2.906,2.906,32.739,94.125,84.9,-3.871,-3.871,97.398,2.182,-33.9,-2.965,-2.965,1.060,-10.242,10.8,-2.490,-2.490,-6.332,-49.031,36.0,-8.023,-8.023,-48.469,-103.000,-115.4,4.988,4.988,-100.068,0.000,0.0,0.000,0.000,0.000,0.000,0.0,0.000,0.000,0.000
3069.0189,0.781,39.4,2.838,2.838,-0.630,2.426,-2.4,1.903,1.903,4.012,27.078,-21.8,3.463,3.463,32.739,94.312,76.8,-3.527,-3.527,97.398,2.068,-48.6,-1.118,-1.118,1.060,-10.242,3.5,-1.245,-1.245,-6.332,-48.906,48.8,-5.648,-5.648,-48.469,-103.188,-114.9,5.766,5.766,-100.068,0.000,0.0,0.000,0.000,0.000,0.000,0.0,0.000,0.000,0.000
3069.0208,0.888,48.4,-1.072,-1.072,-0.630,2.406,-6.0,4.117,4.117,4.012,27.031,-23.6,5.824,5.824,32.739,94.438,67.6,-3.574,-3.574,97.398,1.939,-59.1,2.906,2.906,1.060,-10.242,3.1,0.735,0.735,-6.332,-48.781,58.3,-3.318,-3.318,-48.469,-103.438,-113.9,6.180,6.180,-100.068,0.000,0.0,0.000,0.000,0.000,0.000,0.0,0.000,0.000,0.000
3069.0222,0.929,46.4,-1.806,-1.806,-0.630,2.400,-6.0,4.629,4.629,4.012,27.000,-27.2,7.910,7.910,32.739,94.500,64.6,-4.555,-4.555,97.398,1.873,-63.1,4.703,4.703,1.060,-10.242,1.0,1.515,1.515,-6.332,-48.719,66.8,-3.107,-3.107,-48.469,-103.500,-107.3,6.375,6.375,-100.068,0.000,0.0,0.000,0.000,0.000,0.000,0.0,0.000,0.000,0.000
3069.0242,1.008,28.2,-10.961,-10.961,-0.630,2.426,5.1,4.453,4.453,4.012,26.953,-17.3,8.367,8.367,32.739,94.625,46.3,-4.652,-4.652,97.398,1.767,-39.8,10.477,10.477,1.060,-10.203,11.7,3.049,3.049,-6.332,-48.438,82.4,-1.729,-1.729,-48.469,-103.812,-95.6,6.285,6.285,-100.068,0.000,0.0,0.000,0.000,0.000,0.000,0.0,0.000,0.000,0.000
3069.0262,0.973,-2.1,-12.562,-12.562,-0.630,2.479,18.9,5.266,5.266,4.012,26.953,-5.9,8.078,8.078,32.739,94.625,31.8,-4.480,-4.480,97.398,1.773,-12.4,9.719,9.719,1.060,-10.141,24.8,3.439,3.439,-6.332,-48.250,93.7,-2.039,-2.039,-48.469,-104.000,-83.2,6.219,6.219,-100.068,0.000,0.0,0.000,0.000,0.000,0.000,0.0,0.000,0.000,0.000
3069.0282,0.860,-37.7,-9.852,-9.852,-0.630,2.535,24.9,5.273,5.273,4.012,26.969,6.0,8.188,8.188,32.739,94.688,24.8,-4.422,-4.422,97.398,1.849,20.3,7.863,7.863,1.060,-10.070,32.6,3.189,3.189,-6.332,-48.031,104.2,-2.551,-2.551,-48.469,-104.125,-71.9,6.062,6.062,-100.068,0.000,0.0,0.000,0.000,0.000,0.000,0.0,0.000,0.000,0.000
3069.0302,0.687,-68.8,-7.910,-7.910,-0.630,2.621,35.3,5.027,5.027,4.012,27.000,10.3,9.094,9.094,32.739,94.688,6.0,-5.184,-5.184,97.398,1.942,38.1,5.801,5.801,1.060,-9.977,41.6,2.682,2.682,-6.332,-47.812,104.2,-3.008,-3.008,-48.469,-104.250,-61.4,5.332,5.332,-100.068,0.000,0.0,0.000,0.000,0.000,0.000,0.0,0.000,0.000,0.000
3069.0322,0.486,-87.9,-5.270,-5.270,-0.630,2.695,35.3,4.844,4.844,4.012,27.062,25.7,10.125,10.125,32.739,94.688,-5.2,-7.074,-7.074,97.398,2.055,49.5,3.047,3.047,1.060,-9.875,48.0,1.402,1.402,-6.332,-47.625,100.6,-3.279,-3.279,-48.469,-104.312,-52.8,4.746,4.746,-100.068,0.000,0.0,0.000,0.000,0.000,0.000,0.0,0.000,0.000,0.000
3069.0342,0.282,-96.4,-3.271,-3.271,-0.630,2.793,42.1,4.957,4.957,4.012,27.125,27.2,10.719,10.719,32.739,94.562,-25.2,-11.250,-11.250,97.398,2.158,51.2,0.600,0.600,1.060,-9.773,51.6,0.692,0.692,-6.332,-47.438,96.2,-3.615,-3.615,-48.469,-104.375,-41.2,4.531,4.531,-100.068,0.000,0.0,0.000,0.000,0.000,0.000,0.0,0.000,0.000,0.000
3069.0362,0.135,-81.4,0.006,0.006,-0.630,2.869,38.7,3.352,3.352,4.012,27.234,43.6,3.414,3.414,32.739,94.500,-44.4,-6.535,-6.535,97.398,2.213,33.8,-8.156,-8.156,1.060,-9.672,51.2,-3.207,-3.207,-6.332,-47.281,80.9,-10.500,-10.500,-48.469,-104.438,-23.6,11.203,11.203,-100.068,0.000,0.0,0.000,0.000,0.000,0.000,0.0,0.000,0.000,0.000
3069.0382,0.066,-48.6,9.430,9.430,-0.630,2.902,24.7,2.068,2.068,4.012,27.297,38.9,4.160,4.160,32.739,94.312,-64.4,-5.934,-5.934,97.398,2.199,5.4,-7.113,-7.113,1.060,-9.602,42.6,-1.722,-1.722,-6.332,-47.219,54.2,-9.234,-9.234,-48.469,-104.375,0.4,9.406,9.406,-100.068,0.000,0.0,0.000,0.000,0.000,0.000,0.0,0.000,0.000,0.000
3069.0406,0.094,-6.7,6.867,6.867,-0.630,2.869,-1.7,4.699,4.699,4.012,27.359,30.6,8.430,8.430,32.739,94.125,-81.9,-8.422,-8.422,97.398,2.137,-20.1,-6.535,-6.535,1.060,-9.562,31.8,0.887,0.887,-6.332,-47.188,24.2,-5.344,-5.344,-48.469,-104.312,20.2,5.520,5.520,-100.068,0.000,0.0,0.000,0.000,0.000,0.000,0.0,0.000,0.000,0.000
3069.0427,0.188,29.0,4.180,4.180,-0.630,2.809,-19.3,7.074,7.074,4.012,27.438,34.8,9.578,9.578,32.739,93.938,-101.2,-8.234,-8.234,97.398,1.999,-53.0,-4.668,-4.668,1.060,-9.516,27.3,1.412,1.412,-6.332,-47.188,10.4,-5.340,-5.340,-48.469,-104.250,34.2,5.129,5.129,-100.068,0.000,0.0,0.000,0.000,0.000,0.000,0.0,0.000,0.000,0.000
3069.0446,0.308,49.4,2.457,2.457,-0.630,2.762,-20.7,6.875,6.875,4.012,27.516,42.6,8.742,8.742,32.739,93.688,-114.6,-5.906,-5.906,97.398,1.842,-70.1,-0.970,-0.970,1.060,-9.461,24.0,0.396,0.396,-6.332,-47.188,6.1,-7.961,-7.961,-48.469,-104.125,44.7,6.906,6.906,-100.068,0.000,0.0,0.000,0.000,0.000,0.000,0.0,0.000,0.000,0.000
3069.0466,0.439,59.1,0.794,0.794,-0.630,2.740,-12.8,6.031,6.031,4.012,27.594,40.7,8.594,8.594,32.739,93.438,-128.9,-5.016,-5.016,97.398,1.663,-82.8,1.708,1.708,1.060,-9.422,21.9,-1.629,-1.629,-6.332,-47.188,-5.7,-11.562,-11.562,-48.469,-104.000,56.3,10.016,10.016,-100.068,0.000,0.0,0.000,0.000,0.000,0.000,0.0,0.000,0.000,0.000
3069.0482,0.581,65.6,-0.588,-0.588,-0.630,2.742,-2.7,3.141,3.141,4.012,27.672,38.6,6.582,6.582,32.739,93.125,-127.1,-1.377,-1.377,97.398,1.497,-82.3,5.266,5.266,1.060,-9.414,9.4,-4.277,-4.277,-6.332,-47.281,-22.7,-13.219,-13.219,-48.469,-103.875,69.6,11.781,11.781,-100.068,0.000,0.0,0.000,0.000,0.000,0.000,0.0,0.000,0.000,0.000
3069.0502,0.709,64.8,-2.529,-2.529,-0.630,2.746,1.9,2.203,2.203,4.012,27.719,26.3,6.207,6.207,32.739,92.875,-124.1,-0.370,-0.370,97.398,1.353,-74.3,7.406,7.406,1.060,-9.422,-2.7,-4.445,-4.445,-6.332,-47.375,-44.4,-11.078,-11.078,-48.469,-103.625,97.6,10.062,10.062,-100.068,0.000,0.0,0.000,0.000,0.000,0.000,0.0,0.000,0.000,0.000
3069.0522,0.807,53.5,-4.867,-4.867,-0.630,2.742,1.5,3.141,3.141,4.012,27.719,11.3,8.992,8.992,32.739,92.688,-113.9,-1.438,-1.438,97.398,1.259,-55.0,6.289,6.289,1.060,-9.477,-18.3,-2.281,-2.281,-6.332,-47.531,-63.0,-7.375,-7.375,-48.469,-103.375,110.8,6.434,6.434,-100.068,0.000,0.0,0.000,0.000,0.000,0.000,0.0,0.000,0.000,0.000
3069.0542,0.873,38.0,-5.602,-5.602,-0.630,2.736,0.5,5.539,5.539,4.012,27.719,1.1,13.844,13.844,32.739,92.500,-96.7,-4.496,-4.496,97.398,1.199,-36.6,5.051,5.051,1.060,-9.531,-25.0,-0.463,-0.463,-6.332,-47.688,-71.2,-5.383,-5.383,-48.469,-103.125,116.8,3.789,3.789,-100.068,0.000,0.0,0.000,0.000,0.000,0.000,0.0,0.000,0.000,0.000
3069.0562,0.907,22.7,-4.859,-4.859,-0.630,2.725,-3.4,5.402,5.402,4.012,27.703,-3.5,13.406,13.406,32.739,92.312,-94.8,-3.562,-3.562,97.398,1.171,-22.0,4.184,4.184,1.060,-9.594,-28.3,-0.002,-0.002,-6.332,-47.812,-66.5,-6.301,-6.301,-48.469,-102.875,120.4,3.486,3.486,-100.068,0.000,0.0,0.000,0.000,0.000,0.000,0.0,0.000,0.000,0.000
3069.0582,0.891,2.7,-3.391,-3.391,-0.630,2.715,-4.3,4.078,4.078,4.012,27.719,1.6,10.844,10.844,32.739,92.188,-84.5,-0.592,-0.592,97.398,1.177,-7.0,3.363,3.363,1.060,-9.648,-26.8,-1.847,-1.847,-6.332,-47.938,-61.7,-10.008,-10.008,-48.469,-102.625,119.8,5.875,5.875,-100.068,0.000,0.0,0.000,0.000,0.000,0.000,0.0,0.000,0.000,0.000
3069.0602,0.857,-8.8,-1.652,-1.652,-0.630,2.684,-10.8,1.917,1.917,4.012,27.688,-10.1,8.750,8.750,32.739,92.062,-65.8,2.918,2.918,97.398,1.211,8.0,5.305,5.305,1.060,-9.742,-40.4,-5.266,-5.266,-6.332,-48.062,-63.0,-12.453,-12.453,-48.469,-102.438,110.1,6.223,6.223,-100.068,0.000,0.0,0.000,0.000,0.000,0.000,0.0,0.000,0.000,0.000
3069.0622,0.810,-18.6,-2.977,-2.977,-0.630,2.611,-25.5,1.587,1.587,4.012,27.672,-13.0,7.574,7.574,32.739,92.000,-41.8,4.320,4.320,97.398,1.280,27.3,9.031,9.031,1.060,-9.820,-41.9,-4.316,-4.316,-6.332,-48.219,-71.0,-14.031,-14.031,-48.469,-102.188,109.1,2.908,2.908,-100.068,0.000,0.0,0.000,0.000,0.000,0.000,0.0,0.000,0.000,0.000
3069.0642,0.731,-31.0,-5.270,-5.270,-0.630,2.523,-36.6,3.105,3.105,4.012,27.609,-23.2,8.523,8.523,32.739,92.000,-5.7,3.494,3.494,97.398,1.378,40.5,5.742,5.742,1.060,-9.930,-50.8,-3.916,-3.916,-6.332,-48.344,-72.8,-13.742,-13.742,-48.469,-102.000,97.8,3.061,3.061,-100.068,0.000,0.0,0.000,0.000,0.000,0.000,0.0,0.000,0.000,0.000
3069.0662,0.618,-45.9,-2.955,-2.955,-0.630,2.436,-40.8,3.559,3.559,4.012,27.516,-35.8,8.758,8.758,32.739,92.125,26.4,2.477,2.477,97.398,1.525,60.4,2.494,2.494,1.060,-10.000,-37.5,-4.688,-4.688,-6.332,-48.531,-86.6,-13.250,-13.250,-48.469,-101.875,84.4,3.275,3.275,-100.068,0.000,0.0,0.000,0.000,0.000,0.000,0.0,0.000,0.000,0.000
3069.0682,0.521,-47.6,-1.670,-1.670,-0.630,2.385,-30.0,3.398,3.398,4.012,27.438,-41.3,9.297,9.297,32.739,92.188,46.3,1.680,1.680,97.398,1.673,68.4,1.146,1.146,1.060,-10.047,-28.2,-5.918,-5.918,-6.332,-48.688,-79.3,-12.289,-12.289,-48.469,-101.750,66.2,0.128,0.128,-100.068,0.000,0.0,0.000,0.000,0.000,0.000,0.0,0.000,0.000,0.000
3069.0702,0.458,-35.5,-1.581,-1.581,-0.630,2.342,-23.5,3.244,3.244,4.012,27.359,-38.2,8.961,8.961,32.739,92.375,68.1,0.792,0.792,97.398,1.813,69.9,0.161,0.161,1.060,-10.070,-18.7,-7.293,-7.293,-6.332,-48.844,-78.8,-11.945,-11.945,-48.469,-101.688,40.8,-1.266,-1.266,-100.068,0.000,0.0,0.000,0.000,0.000,0.000,0.0,0.000,0.000,0.000
3069.0722,0.433,-19.8,-2.338,-2.338,-0.630,2.326,-13.3,2.568,2.568,4.012,27.266,-41.0,9.078,9.078,32.739,92.562,89.8,-0.219,-0.219,97.398,1.955,71.4,-1.754,-1.754,1.060,-10.094,-13.2,-9.812,-9.812,-6.332,-48.969,-67.4,-10.914,-10.914,-48.469,-101.750,10.3,-3.139,-3.139,-100.068,0.000,0.0,0.000,0.000,0.000,0.000,0.0,0.000,0.000,0.000
3069.0742,0.464,3.3,-2.477,-2.477,-0.630,2.318,-7.8,2.059,2.059,4.012,27.203,-34.3,9.461,9.461,32.739,92.812,96.4,-0.910,-0.910,97.398,2.043,54.1,-10.250,-10.250,1.060,-10.141,-21.0,-3.617,-3.617,-6.332,-49.062,-58.5,-5.160,-5.160,-48.469,-101.812,-26.6,-1.354,-1.354,-100.068,0.000,0.0,0.000,0.000,0.000,0.000,0.0,0.000,0.000,0.000
3069.0762,0.518,18.7,3.521,3.521,-0.630,2.350,6.5,5.043,5.043,4.012,27.141,-32.2,10.547,10.547,32.739,93.000,108.1,-2.178,-2.178,97.398,2.068,25.0,-3.109,-3.109,1.060,-10.148,-10.5,-4.332,-4.332,-6.332,-49.094,-25.3,-9.125,-9.125,-48.469,-101.938,-58.8,-0.149,-0.149,-100.068,0.000,0.0,0.000,0.000,0.000,0.000,0.0,0.000,0.000,0.000
3069.0782,0.622,39.1,-5.613,-5.613,-0.630,2.391,16.1,-1.375,-1.375,4.012,27.109,-25.3,5.008,5.008,32.739,93.250,115.2,-3.326,-3.326,97.398,2.068,8.2,2.492,2.492,1.060,-10.148,-3.4,-5.703,-5.703,-6.332,-49.062,0.9,-9.500,-9.500,-48.469,-102.125,-82.5,1.172,1.172,-100.068,0.000,0.0,0.000,0.000,0.000,0.000,0.0,0.000,0.000,0.000
3069.0802,0.709,42.1,-6.734,-6.734,-0.630,2.416,13.3,-2.516,-2.516,4.012,27.078,-21.8,3.879,3.879,32.739,93.500,109.4,-4.289,-4.289,97.398,2.080,6.9,4.762,4.762,1.060,-10.141,1.7,-5.570,-5.570,-6.332,-49.031,12.6,-8.672,-8.672,-48.469,-102.375,-95.8,2.752,2.752,-100.068,0.000,0.0,0.000,0.000,0.000,0.000,0.0,0.000,0.000,0.000
3069.0822,0.747,27.6,-6.875,-6.875,-0.630,2.420,5.5,-0.195,-0.195,4.012,27.000,-29.5,7.945,7.945,32.739,93.688,104.1,-4.598,-4.598,97.398,2.090,3.5,-5.340,-5.340,1.060,-10.125,5.1,0.664,0.664,-6.332,-48.969,28.3,-3.338,-3.338,-48.469,-102.625,-113.3,4.746,4.746,-100.068,0.000,0.0,0.000,0.000,0.000,0.000,0.0,0.000,0.000,0.000
3069.0842,0.772,17.9,-0.399,-0.399,-0.630,2.436,8.4,5.152,5.152,4.012,26.969,-24.5,9.461,9.461,32.739,93.875,97.4,-4.746,-4.746,97.398,2.053,-12.6,-1.158,-1.158,1.060,-10.070,19.9,0.967,0.967,-6.332,-48.844,51.8,-1.651,-1.651,-48.469,-102.875,-119.7,5.910,5.910,-100.068,0.000,0.0,0.000,0.000,0.000,0.000,0.0,0.000,0.000,0.000
3069.0862,0.775,7.6,-3.041,-3.041,-0.630,2.467,14.6,4.051,4.051,4.012,26.953,-14.6,3.693,3.693,32.739,94.062,90.6,-4.766,-4.766,97.398,2.008,-19.0,-0.399,-0.399,1.060,-10.023,23.5,-2.289,-2.289,-6.332,-48.688,66.4,-6.762,-6.762,-48.469,-103.062,-111.7,5.598,5.598,-100.068,0.000,0.0,0.000,0.000,0.000,0.000,0.0,0.000,0.000,0.000
3069.0882,0.769,0.7,0.399,0.399,-0.630,2.518,22.3,2.330,2.330,4.012,26.906,-15.9,5.574,5.574,32.739,94.188,73.8,-4.578,-4.578,97.398,1.939,-30.3,0.527,0.527,1.060,-9.961,25.8,-1.218,-1.218,-6.332,-48.531,71.1,-5.246,-5.246,-48.469,-103.250,-106.9,6.055,6.055,-100.068,0.000,0.0,0.000,0.000,0.000,0.000,0.0,0.000,0.000,0.000
3069.0902,0.775,1.1,-0.799,-0.799,-0.630,2.561,21.6,2.924,2.924,4.012,26.875,-17.1,6.867,6.867,32.739,94.312,61.5,-4.461,-4.461,97.398,1.898,-24.9,1.102,1.102,1.060,-9.914,24.3,0.588,0.588,-6.332,-48.375,76.5,-2.652,-2.652,-48.469,-103.438,-95.7,6.094,6.094,-100.068,0.000,0.0,0.000,0.000,0.000,0.000,0.0,0.000,0.000,0.000
3069.0922,0.772,-0.6,-2.762,-2.762,-0.630,2.607,19.5,4.137,4.137,4.012,26.875,-5.9,8.375,8.375,32.739,94.438,54.2,-5.477,-5.477,97.398,1.849,-23.1,9.531,9.531,1.060,-9.844,29.0,1.828,1.828,-6.332,-48.219,80.9,-1.211,-1.211,-48.469,-103.625,-90.4,6.320,6.320,-100.068,0.000,0.0,0.000,0.000,0.000,0.000,0.0,0.000,0.000,0.000
3069.0942,0.719,-19.8,-9.656,-9.656,-0.630,2.680,28.2,4.520,4.520,4.012,26.875,-3.3,8.969,8.969,32.739,94.500,41.4,-6.508,-6.508,97.398,1.864,-3.0,6.254,6.254,1.060,-9.766,34.8,1.155,1.155,-6.332,-48.031,87.4,-1.524,-1.524,-48.469,-103.750,-80.3,5.836,5.836,-100.068,0.000,0.0,0.000,0.000,0.000,0.000,0.0,0.000,0.000,0.000
3069.0962,0.625,-37.2,-5.746,-5.746,-0.630,2.740,29.7,5.027,5.027,4.012,26.922,12.0,8.242,8.242,32.739,94.500,25.0,-8.148,-8.148,97.398,1.893,9.1,-0.331,-0.331,1.060,-9.703,33.8,1.033,1.033,-6.332,-47.875,85.4,-3.443,-3.443,-48.469,-103.875,-64.5,6.023,6.023,-100.068,0.000,0.0,0.000,0.000,0.000,0.000,0.0,0.000,0.000,0.000
3069.0982,0.499,-51.9,1.636,1.636,-0.630,2.783,25.4,4.496,4.496,4.012,26.969,19.7,7.789,7.789,32.739,94.500,4.8,-8.109,-8.109,97.398,1.890,3.5,-2.541,-2.541,1.060,-9.641,32.0,-0.419,-0.419,-6.332,-47.719,79.4,-4.793,-4.793,-48.469,-104.000,-50.2,7.195,7.195,-100.068,0.000,0.0,0.000,0.000,0.000,0.000,0.0,0.000,0.000,0.000
3069.1002,0.417,-42.7,4.355,4.355,-0.630,2.818,20.2,4.301,4.301,4.012,27.016,22.9,7.570,7.570,32.739,94.438,-17.8,-7.969,-7.969,97.398,1.854,-10.6,-1.295,-1.295,1.060,-9.578,29.6,-1.046,-1.046,-6.332,-47.562,74.6,-5.121,-5.121,-48.469,-104.000,-34.1,8.188,8.188,-100.068,0.000,0.0,0.000,0.000,0.000,0.000,0.0,0.000,0.000,0.000
3069.1022,0.376,-27.5,1.962,1.962,-0.630,2.824,8.6,3.883,3.883,4.012,27.062,23.2,6.320,6.320,32.739,94.375,-37.3,-7.789,-7.789,97.398,1.811,-18.1,-0.933,-0.933,1.060,-9.523,28.0,-1.795,-1.795,-6.332,-47.469,62.3,-8.445,-8.445,-48.469,-104.062,-12.6,10.961,10.961,-100.068,0.000,0.0,0.000,0.000,0.000,0.000,0.0,0.000,0.000,0.000
3069.1042,0.370,-12.7,4.004,4.004,-0.630,2.818,-1.1,2.881,2.881,4.012,27.125,23.2,3.463,3.463,32.739,94.250,-55.7,-5.723,-5.723,97.398,1.748,-26.8,-0.890,-0.890,1.060,-9.508,17.0,-2.518,-2.518,-6.332,-47.406,42.7,-10.742,-10.742,-48.469,-104.000,13.1,12.086,12.086,-100.068,0.000,0.0,0.000,0.000,0.000,0.000,0.0,0.000,0.000,0.000
3069.1062,0.417,9.9,3.986,3.986,-0.630,2.789,-9.7,2.697,2.697,4.012,27.141,14.1,3.350,3.350,32.739,94.062,-73.6,-3.549,-3.549,97.398,1.673,-35.0,-0.584,-0.584,1.060,-9.508,3.8,-3.016,-3.016,-6.332,-47.406,16.9,-11.500,-11.500,-48.469,-103.875,41.2,12.336,12.336,-100.068,0.000,0.0,0.000,0.000,0.000,0.000,0.0,0.000,0.000,0.000
3069.1082,0.496,30.0,3.119,3.119,-0.630,2.732,-21.0,2.461,2.461,4.012,27.125,1.7,3.670,3.670,32.739,93.875,-75.8,-1.181,-1.181,97.398,1.610,-32.2,0.638,0.638,1.060,-9.516,-1.0,-4.215,-4.215,-6.332,-47.469,-15.3,-12.523,-12.523,-48.469,-103.688,67.2,13.094,13.094,-100.068,0.000,0.0,0.000,0.000,0.000,0.000,0.0,0.000,0.000,0.000
3069.1102,0.568,34.9,1.538,1.538,-0.630,2.674,-26.1,2.596,2.596,4.012,27.094,-11.1,5.160,5.160,32.739,93.750,-72.1,-1.078,-1.078,97.398,1.525,-38.7,1.278,1.278,1.060,-9.547,-12.4,-4.195,-4.195,-6.332,-47.562,-40.6,-12.180,-12.180,-48.469,-103.500,102.2,12.242,12.242,-100.068,0.000,0.0,0.000,0.000,0.000,0.000,0.0,0.000,0.000,0.000
3069.1122,0.675,45.9,0.164,0.164,-0.630,2.617,-26.5,3.373,3.373,4.012,27.062,-13.7,7.656,7.656,32.739,93.625,-65.9,-1.723,-1.723,97.398,1.472,-31.2,1.537,1.537,1.060,-9.617,-27.3,-3.623,-3.623,-6.332,-47.688,-59.0,-10.875,-10.875,-48.469,-103.188,127.5,10.328,10.328,-100.068,0.000,0.0,0.000,0.000,0.000,0.000,0.0,0.000,0.000,0.000
3069.1142,0.766,47.0,-0.775,-0.775,-0.630,2.564,-25.9,3.957,3.957,4.012,27.016,-17.5,10.477,10.477,32.739,93.500,-61.7,-3.221,-3.221,97.398,1.409,-32.4,1.432,1.432,1.060,-9.688,-32.9,-2.221,-2.221,-6.332,-47.844,-67.0,-9.055,-9.055,-48.469,-102.875,146.5,7.707,7.707,-100.068,0.000,0.0,0.000,0.000,0.000,0.000,0.0,0.000,0.000,0.000
3069.1162,0.844,42.9,-2.168,-2.168,-0.630,2.529,-21.3,3.740,3.740,4.012,27.031,-3.5,9.852,9.852,32.739,93.438,-56.6,-1.749,-1.749,97.398,1.368,-24.7,3.188,3.188,1.060,-9.781,-42.3,-2.209,-2.209,-6.332,-48.031,-83.6,-9.664,-9.664,-48.469,-102.562,153.5,5.184,5.184,-100.068,0.000,0.0,0.000,0.000,0.000,0.000,0.0,0.000,0.000,0.000
3069.1182,0.869,35.5,-3.541,-3.541,-0.630,2.525,-14.6,3.221,3.221,4.012,27.047,1.4,8.156,8.156,32.739,93.375,-54.9,0.140,0.140,97.398,1.353,-20.9,13.562,13.562,1.060,-9.836,-47.5,-4.902,-4.902,-6.332,-48.094,-80.8,-14.609,-14.609,-48.469,-102.375,153.0,3.984,3.984,-100.068,0.000,0.0,0.000,0.000,0.000,0.000,0.0,0.000,0.000,0.000
3069.1204,0.901,10.6,-11.734,-11.734,-0.630,2.502,-9.6,1.403,1.403,4.012,27.047,-1.3,6.582,6.582,32.739,93.250,-33.8,3.832,3.832,97.398,1.469,33.5,11.766,11.766,1.060,-10.008,-54.8,-6.301,-6.301,-6.332,-48.406,-98.7,-14.328,-14.328,-48.469,-102.000,142.0,-1.915,-1.915,-100.068,0.000,0.0,0.000,0.000,0.000,0.000,0.0,0.000,0.000,0.000
3069.1226,0.822,-20.7,-8.828,-8.828,-0.630,2.473,-12.2,1.968,1.968,4.012,27.016,-6.3,7.934,7.934,32.739,93.250,-9.2,3.498,3.498,97.398,1.622,63.2,7.887,7.887,1.060,-10.125,-56.0,-7.688,-7.688,-6.332,-48.625,-108.1,-13.906,-13.906,-48.469,-101.750,115.2,-4.043,-4.043,-100.068,0.000,0.0,0.000,0.000,0.000,0.000,0.0,0.000,0.000,0.000
3069.1245,0.675,-54.9,-5.926,-5.926,-0.630,2.451,-10.8,2.256,2.256,4.012,27.000,-10.6,8.305,8.305,32.739,93.375,19.1,2.818,2.818,97.398,1.839,91.4,4.441,4.441,1.060,-10.234,-56.6,-8.141,-8.141,-6.332,-48.875,-113.6,-13.914,-13.914,-48.469,-101.625,79.4,-3.557,-3.557,-100.068,0.000,0.0,0.000,0.000,0.000,0.000,0.0,0.000,0.000,0.000
3069.1264,0.530,-68.0,-4.078,-4.078,-0.630,2.432,-8.7,2.508,2.508,4.012,26.953,-15.5,8.484,8.484,32.739,93.438,39.5,2.158,2.158,97.398,2.059,102.3,2.129,2.129,1.060,-10.312,-46.2,-8.562,-8.562,-6.332,-49.094,-111.7,-13.750,-13.750,-48.469,-101.625,42.0,-1.851,-1.851,-100.068,0.000,0.0,0.000,0.000,0.000,0.000,0.0,0.000,0.000,0.000
3069.1282,0.414,-62.1,-3.154,-3.154,-0.630,2.416,-7.6,2.389,2.389,4.012,26.922,-16.4,8.922,8.922,32.739,93.562,51.5,1.534,1.534,97.398,2.287,108.5,-6.754,-6.754,1.060,-10.359,-31.4,-8.031,-8.031,-6.332,-49.312,-110.3,-12.094,-12.094,-48.469,-101.625,5.1,-0.457,-0.457,-100.068,0.000,0.0,0.000,0.000,0.000,0.000,0.0,0.000,0.000,0.000
3069.1302,0.336,-46.4,4.402,4.402,-0.630,2.422,1.0,5.262,5.262,4.012,26.875,-16.4,11.250,11.250,32.739,93.750,70.6,0.904,0.904,97.398,2.461,93.1,-16.000,-16.000,1.060,-10.375,-14.0,-2.619,-2.619,-6.332,-49.500,-93.1,-3.559,-3.559,-48.469,-101.688,-20.7,-1.561,-1.561,-100.068,0.000,0.0,0.000,0.000,0.000,0.000,0.0,0.000,0.000,0.000
3069.1322,0.348,-11.2,5.914,5.914,-0.630,2.461,13.9,9.477,9.477,4.012,26.859,-11.6,14.297,14.297,32.739,93.875,80.4,0.295,0.295,97.398,2.504,46.0,-14.000,-14.000,1.060,-10.312,14.6,-2.836,-2.836,-6.332,-49.594,-64.2,-5.562,-5.562,-48.469,-101.812,-51.3,-1.027,-1.027,-100.068,0.000,0.0,0.000,0.000,0.000,0.000,0.0,0.000,0.000,0.000
3069.1342,0.411,18.0,6.441,6.441,-0.630,2.520,23.8,3.549,3.549,4.012,26.906,5.0,7.996,7.996,32.739,94.062,86.9,-0.828,-0.828,97.398,2.453,1.0,-4.852,-4.852,1.060,-10.234,30.5,-6.750,-6.750,-6.332,-49.562,-20.2,-9.555,-9.555,-48.469,-102.000,-77.9,0.211,0.211,-100.068,0.000,0.0,0.000,0.000,0.000,0.000,0.0,0.000,0.000,0.000
3069.1362,0.524,41.5,0.646,0.646,-0.630,2.586,28.3,-0.437,-0.437,4.012,26.922,7.3,3.047,3.047,32.739,94.250,90.3,-2.527,-2.527,97.398,2.354,-29.8,0.988,0.988,1.060,-10.148,37.1,-7.664,-7.664,-6.332,-49.531,8.2,-10.555,-10.555,-48.469,-102.250,-99.2,1.997,1.997,-100.068,0.000,0.0,0.000,0.000,0.000,0.000,0.0,0.000,0.000,0.000
3069.1382,0.640,49.2,-1.822,-1.822,-0.630,2.592,10.8,-0.141,-0.141,4.012,26.906,-4.4,2.939,2.939,32.739,94.438,81.7,-3.074,-3.074,97.398,2.246,-44.4,-0.305,-0.305,1.060,-10.094,33.2,-5.449,-5.449,-6.332,-49.438,31.0,-9.664,-9.664,-48.469,-102.500,-117.4,3.689,3.689,-100.068,0.000,0.0,0.000,0.000,0.000,0.000,0.0,0.000,0.000,0.000
3069.1402,0.756,52.8,0.208,0.208,-0.630,2.557,-8.5,2.082,2.082,4.012,26.875,-11.4,4.621,4.621,32.739,94.562,77.6,-3.656,-3.656,97.398,2.127,-53.9,0.072,0.072,1.060,-10.062,22.5,-2.188,-2.188,-6.332,-49.344,44.2,-6.805,-6.805,-48.469,-102.812,-131.1,5.457,5.457,-100.068,0.000,0.0,0.000,0.000,0.000,0.000,0.0,0.000,0.000,0.000
3069.1422,0.863,52.1,-1.602,-1.602,-0.630,2.535,-10.1,5.324,5.324,4.012,26.812,-19.7,7.828,7.828,32.739,94.750,75.2,-3.701,-3.701,97.398,1.999,-60.4,2.955,2.955,1.060,-10.031,17.6,0.922,0.922,-6.332,-49.219,58.7,-2.760,-2.760,-48.469,-103.000,-125.3,6.152,6.152,-100.068,0.000,0.0,0.000,0.000,0.000,0.000,0.0,0.000,0.000,0.000
3069.1442,0.941,43.3,-5.797,-5.797,-0.630,2.529,-4.5,5.473,5.473,4.012,26.766,-21.9,7.574,7.574,32.739,94.812,58.9,-4.684,-4.684,97.398,1.901,-51.9,6.863,6.863,1.060,-9.969,23.3,1.239,1.239,-6.332,-49.031,74.4,-2.301,-2.301,-48.469,-103.250,-112.8,7.016,7.016,-100.068,0.000,0.0,0.000,0.000,0.000,0.000,0.0,0.000,0.000,0.000
3069.1462,0.973,26.1,-9.680,-9.680,-0.630,2.561,9.6,4.715,4.715,4.012,26.750,-14.0,8.219,8.219,32.739,94.938,47.7,-4.352,-4.352,97.398,1.861,-29.9,12.211,12.211,1.060,-9.906,29.4,1.874,1.874,-6.332,-48.844,87.6,-1.160,-1.160,-48.469,-103.438,-101.8,6.938,6.938,-100.068,0.000,0.0,0.000,0.000,0.000,0.000,0.0,0.000,0.000,0.000
3069.1482,0.917,-9.1,-12.516,-12.516,-0.630,2.605,18.9,4.605,4.605,4.012,26.734,-10.0,7.090,7.090,32.739,95.000,36.7,-4.035,-4.035,97.398,1.898,2.6,9.539,9.539,1.060,-9.828,36.5,2.844,2.844,-6.332,-48.625,102.1,-1.684,-1.684,-48.469,-103.625,-93.9,7.082,7.082,-100.068,0.000,0.0,0.000,0.000,0.000,0.000,0.0,0.000,0.000,0.000
3069.1505,0.781,-47.5,-9.461,-9.461,-0.630,2.662,25.7,4.652,4.652,4.012,26.734,-4.3,7.016,7.016,32.739,95.000,30.0,-3.936,-3.936,97.398,1.977,26.0,7.141,7.141,1.060,-9.727,44.7,2.936,2.936,-6.332,-48.406,109.6,-2.156,-2.156,-48.469,-103.750,-81.4,6.520,6.520,-100.068,0.000,0.0,0.000,0.000,0.000,0.000,0.0,0.000,0.000,0.000
3069.1524,0.603,-73.4,-6.957,-6.957,-0.630,2.742,36.3,4.250,4.250,4.012,26.750,5.4,8.352,8.352,32.739,95.062,14.7,-4.539,-4.539,97.398,2.094,45.8,4.621,4.621,1.060,-9.625,49.9,1.832,1.832,-6.332,-48.188,111.2,-2.838,-2.838,-48.469,-103.875,-67.8,5.926,5.926,-100.068,0.000,0.0,0.000,0.000,0.000,0.000,0.0,0.000,0.000,0.000
3069.1544,0.389,-93.5,-4.551,-4.551,-0.630,2.824,38.8,4.371,4.371,4.012,26.781,12.1,9.352,9.352,32.739,95.062,4.1,-5.734,-5.734,97.398,2.207,51.8,1.852,1.852,1.060,-9.516,52.1,0.777,0.777,-6.332,-47.969,109.2,-3.258,-3.258,-48.469,-104.000,-53.1,5.367,5.367,-100.068,0.000,0.0,0.000,0.000,0.000,0.000,0.0,0.000,0.000,0.000
3069.1562,0.226,-84.8,-3.199,-3.199,-0.630,2.906,38.7,4.281,4.281,4.012,26.828,19.4,8.906,8.906,32.739,95.000,-9.1,-7.570,-7.570,97.398,2.312,51.6,-0.187,-0.187,1.060,-9.422,49.1,0.488,0.488,-6.332,-47.781,101.1,-3.041,-3.041,-48.469,-104.062,-44.3,4.949,4.949,-100.068,0.000,0.0,0.000,0.000,0.000,0.000,0.0,0.000,0.000,0.000
3069.1582,0.088,-73.7,-1.459,-1.459,-0.630,2.994,41.4,4.809,4.809,4.012,26.891,25.4,6.758,6.758,32.739,94.938,-32.8,-9.711,-9.711,97.398,2.389,42.2,-6.809,-6.809,1.060,-9.320,47.6,-1.725,-1.725,-6.332,-47.594,91.8,-10.102,-10.102,-48.469,-104.125,-31.1,10.336,10.336,-100.068,0.000,0.0,0.000,0.000,0.000,0.000,0.0,0.000,0.000,0.000
3069.1602,0.009,-51.9,8.148,8.148,-0.630,3.035,29.3,0.887,0.887,4.012,26.953,29.0,4.402,4.402,32.739,94.750,-53.7,-7.430,-7.430,97.398,2.395,16.3,-8.594,-8.594,1.060,-9.242,41.8,0.250,0.250,-6.332,-47.500,65.5,-5.637,-5.637,-48.469,-104.125,-8.4,6.496,6.496,-100.068,0.000,0.0,0.000,0.000,0.000,0.000,0.0,0.000,0.000,0.000
3069.1622,0.028,-12.7,6.500,6.500,-0.630,2.996,-1.9,4.812,4.812,4.012,27.000,30.4,8.969,8.969,32.739,94.625,-77.8,-9.359,-9.359,97.398,2.332,-14.3,-4.402,-4.402,1.060,-9.180,35.2,2.004,2.004,-6.332,-47.375,53.2,-4.512,-4.512,-48.469,-104.062,4.6,4.152,4.152,-100.068,0.000,0.0,0.000,0.000,0.000,0.000,0.0,0.000,0.000,0.000
3069.1642,0.100,17.5,1.632,1.632,-0.630,2.959,-13.4,7.922,7.922,4.012,27.062,33.1,10.891,10.891,32.739,94.375,-102.1,-8.977,-8.977,97.398,2.209,-44.1,-3.459,-3.459,1.060,-9.125,32.9,2.619,2.619,-6.332,-47.312,39.7,-4.926,-4.926,-48.469,-104.000,20.1,4.211,4.211,-100.068,0.000,0.0,0.000,0.000,0.000,0.000,0.0,0.000,0.000,0.000
3069.1662,0.185,32.6,1.736,1.736,-0.630,2.912,-20.2,7.715,7.715,4.012,27.172,45.5,10.984,10.984,32.739,94.125,-127.5,-8.664,-8.664,97.398,2.059,-64.2,-2.266,-2.266,1.060,-9.078,25.4,1.886,1.886,-6.332,-47.281,32.9,-6.152,-6.152,-48.469,-103.938,31.6,4.699,4.699,-100.068,0.000,0.0,0.000,0.000,0.000,0.000,0.0,0.000,0.000,0.000
3069.1682,0.295,48.0,1.600,1.600,-0.630,2.912,-7.6,5.758,5.758,4.012,27.297,55.0,8.680,8.680,32.739,93.812,-142.1,-4.887,-4.887,97.398,1.873,-83.3,0.928,0.928,1.060,-9.039,23.1,0.009,0.009,-6.332,-47.250,16.6,-9.883,-9.883,-48.469,-103.875,41.8,7.695,7.695,-100.068,0.000,0.0,0.000,0.000,0.000,0.000,0.0,0.000,0.000,0.000
3069.1702,0.398,51.1,0.221,0.221,-0.630,2.908,-4.1,3.586,3.586,4.012,27.422,57.8,6.199,6.199,32.739,93.500,-147.0,-1.196,-1.196,97.398,1.707,-82.8,5.180,5.180,1.060,-9.031,9.6,-2.705,-2.705,-6.332,-47.281,-4.4,-12.172,-12.172,-48.469,-103.750,54.0,10.250,10.250,-100.068,0.000,0.0,0.000,0.000,0.000,0.000,0.0,0.000,0.000,0.000
3069.1722,0.496,49.3,-1.470,-1.470,-0.630,2.912,-1.1,2.471,2.471,4.012,27.516,50.4,5.844,5.844,32.739,93.188,-146.2,-0.044,-0.044,97.398,1.562,-75.4,6.836,6.836,1.060,-9.055,-6.5,-4.531,-4.531,-6.332,-47.344,-23.7,-13.008,-13.008,-48.469,-103.562,79.6,11.039,11.039,-100.068,0.000,0.0,0.000,0.000,0.000,0.000,0.0,0.000,0.000,0.000
3069.1742,0.571,39.1,-2.832,-2.832,-0.630,2.902,-4.0,3.469,3.469,4.012,27.547,30.6,9.055,9.055,32.739,92.938,-135.2,-0.905,-0.905,97.398,1.469,-57.2,6.086,6.086,1.060,-9.094,-15.1,-3.564,-3.564,-6.332,-47.469,-52.3,-10.102,-10.102,-48.469,-103.312,102.1,8.727,8.727,-100.068,0.000,0.0,0.000,0.000,0.000,0.000,0.0,0.000,0.000,0.000
3069.1762,0.656,39.9,-3.246,-3.246,-0.630,2.869,-12.2,5.660,5.660,4.012,27.562,19.5,12.742,12.742,32.739,92.688,-119.2,-3.113,-3.113,97.398,1.409,-40.5,4.672,4.672,1.060,-9.172,-31.7,-1.651,-1.651,-6.332,-47.625,-64.0,-7.000,-7.000,-48.469,-103.062,117.7,5.691,5.691,-100.068,0.000,0.0,0.000,0.000,0.000,0.000,0.0,0.000,0.000,0.000
3069.1782,0.690,26.6,-3.564,-3.564,-0.630,2.840,-14.8,6.277,6.277,4.012,27.578,11.8,13.875,13.875,32.739,92.500,-106.9,-3.346,-3.346,97.398,1.394,-18.7,3.041,3.041,1.060,-9.234,-31.0,-0.869,-0.869,-6.332,-47.781,-74.6,-6.289,-6.289,-48.469,-102.812,124.2,4.148,4.148,-100.068,0.000,0.0,0.000,0.000,0.000,0.000,0.0,0.000,0.000,0.000
3069.1802,0.697,11.7,-2.967,-2.967,-0.630,2.820,-11.0,6.508,6.508,4.012,27.594,10.4,13.922,13.922,32.739,92.312,-101.6,-2.980,-2.980,97.398,1.384,-10.5,1.764,1.764,1.060,-9.320,-36.2,-0.557,-0.557,-6.332,-47.938,-76.3,-7.613,-7.613,-48.469,-102.562,121.6,4.152,4.152,-100.068,0.000,0.0,0.000,0.000,0.000,0.000,0.0,0.000,0.000,0.000
3069.1822,0.690,1.9,-1.896,-1.896,-0.630,2.805,-6.6,5.805,5.805,4.012,27.578,2.5,13.086,13.086,32.739,92.125,-88.5,-0.892,-0.892,97.398,1.396,1.7,1.212,1.212,1.060,-9.391,-36.7,-0.839,-0.839,-6.332,-48.062,-73.9,-10.258,-10.258,-48.469,-102.312,121.2,5.711,5.711,-100.068,0.000,0.0,0.000,0.000,0.000,0.000,0.0,0.000,0.000,0.000
3069.1842,0.675,-4.3,-0.205,-0.205,-0.630,2.768,-13.4,3.301,3.301,4.012,27.578,-0.5,10.984,10.984,32.739,92.000,-70.9,1.761,1.761,97.398,1.409,4.6,2.326,2.326,1.060,-9.477,-41.6,-2.566,-2.566,-6.332,-48.219,-71.6,-11.852,-11.852,-48.469,-102.125,118.2,6.402,6.402,-100.068,0.000,0.0,0.000,0.000,0.000,0.000,0.0,0.000,0.000,0.000
3069.1862,0.649,-9.8,-0.837,-0.837,-0.630,2.717,-21.7,1.565,1.565,4.012,27.547,-8.7,9.797,9.797,32.739,92.000,-40.6,3.051,3.051,97.398,1.431,9.4,4.367,4.367,1.060,-9.578,-47.1,-4.051,-4.051,-6.332,-48.375,-75.3,-12.398,-12.398,-48.469,-101.875,115.6,4.355,4.355,-100.068,0.000,0.0,0.000,0.000,0.000,0.000,0.0,0.000,0.000,0.000
3069.1882,0.622,-13.5,-2.482,-2.482,-0.630,2.662,-26.1,2.469,2.469,4.012,27.500,-17.8,9.727,9.727,32.739,92.000,-12.0,2.480,2.480,97.398,1.475,17.5,2.238,2.238,1.060,-9.672,-46.8,-4.004,-4.004,-6.332,-48.531,-77.2,-11.727,-11.727,-48.469,-101.688,112.8,3.779,3.779,-100.068,0.000,0.0,0.000,0.000,0.000,0.000,0.0,0.000,0.000,0.000
3069.1902,0.581,-19.4,-0.526,-0.526,-0.630,2.582,-34.8,2.678,2.678,4.012,27.438,-27.1,9.633,9.633,32.739,92.000,13.1,1.745,1.745,97.398,1.531,23.6,1.475,1.475,1.060,-9.742,-40.1,-4.375,-4.375,-6.332,-48.688,-76.1,-11.555,-11.555,-48.469,-101.500,99.2,2.264,2.264,-100.068,0.000,0.0,0.000,0.000,0.000,0.000,0.0,0.000,0.000,0.000
3069.1922,0.552,-16.7,-0.861,-0.861,-0.630,2.529,-29.2,3.141,3.141,4.012,27.391,-24.2,8.336,8.336,32.739,92.125,38.2,1.803,1.803,97.398,1.604,31.4,4.723,4.723,1.060,-9.789,-29.1,-4.840,-4.840,-6.332,-48.844,-78.4,-12.539,-12.539,-48.469,-101.375,75.5,1.326,1.326,-100.068,0.000,0.0,0.000,0.000,0.000,0.000,0.0,0.000,0.000,0.000
3069.1942,0.527,-14.6,-3.877,-3.877,-0.630,2.492,-21.3,3.064,3.064,4.012,27.312,-31.7,8.859,8.859,32.739,92.312,63.8,0.995,0.995,97.398,1.704,44.1,3.260,3.260,1.060,-9.828,-23.1,-6.980,-6.980,-6.332,-49.031,-78.3,-12.055,-12.055,-48.469,-101.250,56.3,-1.907,-1.907,-100.068,0.000,0.0,0.000,0.000,0.000,0.000,0.0,0.000,0.000,0.000
3069.1962,0.515,-9.5,-4.090,-4.090,-0.630,2.469,-15.0,2.314,2.314,4.012,27.234,-38.2,9.570,9.570,32.739,92.500,82.9,0.222,0.222,97.398,1.820,53.4,1.435,1.435,1.060,-9.852,-17.9,-9.695,-9.695,-6.332,-49.156,-74.4,-11.070,-11.070,-48.469,-101.250,22.3,-4.016,-4.016,-100.068,0.000,0.0,0.000,0.000,0.000,0.000,0.0,0.000,0.000,0.000
3069.1982,0.515,-4.7,-4.219,-4.219,-0.630,2.463,-8.3,1.890,1.890,4.012,27.156,-36.5,8.438,8.438,32.739,92.688,97.4,-0.914,-0.914,97.398,1.930,54.9,1.074,1.074,1.060,-9.898,-23.6,-10.016,-10.016,-6.332,-49.281,-64.8,-10.602,-10.602,-48.469,-101.312,-11.6,-2.457,-2.457,-100.068,0.000,0.0,0.000,0.000,0.000,0.000,0.0,0.000,0.000,0.000
3069.2002,0.546,7.2,-3.150,-3.150,-0.630,2.473,-0.0,3.803,3.803,4.012,27.062,-39.7,9.781,9.781,32.739,92.875,106.6,-2.025,-2.025,97.398,1.999,40.2,-10.508,-10.508,1.060,-9.961,-29.0,-4.898,-4.898,-6.332,-49.344,-49.1,-7.375,-7.375,-48.469,-101.438,-46.8,-0.777,-0.777,-100.068,0.000,0.0,0.000,0.000,0.000,0.000,0.0,0.000,0.000,0.000
3069.2023,0.615,26.0,3.031,3.031,-0.630,2.502,9.5,5.484,5.484,4.012,27.016,-30.7,11.820,11.820,32.739,93.125,113.0,-3.301,-3.301,97.398,1.989,9.9,-7.910,-7.910,1.060,-9.984,-16.3,-0.543,-0.543,-6.332,-49.344,-17.8,-3.096,-3.096,-48.469,-101.625,-71.2,0.922,0.922,-100.068,0.000,0.0,0.000,0.000,0.000,0.000,0.0,0.000,0.000,0.000
3069.2043,0.697,35.4,-0.377,-0.377,-0.630,2.570,26.1,3.996,3.996,4.012,26.969,-20.8,9.672,9.672,32.739,93.375,115.4,-4.324,-4.324,97.398,1.937,-14.8,-4.617,-4.617,1.060,-9.953,4.3,0.115,0.115,-6.332,-49.312,14.3,-2.904,-2.904,-48.469,-101.812,-93.8,2.439,2.439,-100.068,0.000,0.0,0.000,0.000,0.000,0.000,0.0,0.000,0.000,0.000
3069.2062,0.797,42.1,-1.997,-1.997,-0.630,2.645,34.0,2.658,2.658,4.012,26.953,-14.9,7.965,7.965,32.739,93.562,110.6,-4.590,-4.590,97.398,1.857,-31.1,-2.555,-2.555,1.060,-9.867,29.2,-0.116,-0.116,-6.332,-49.188,39.9,-3.230,-3.230,-48.469,-102.062,-108.6,4.199,4.199,-100.068,0.000,0.0,0.000,0.000,0.000,0.000,0.0,0.000,0.000,0.000
3069.2082,0.897,47.3,-2.104,-2.104,-0.630,2.717,35.9,2.387,2.387,4.012,26.969,-1.3,8.656,8.656,32.739,93.812,103.9,-4.691,-4.691,97.398,1.764,-39.2,1.221,1.221,1.060,-9.766,45.4,-0.989,-0.989,-6.332,-49.031,60.6,-2.189,-2.189,-48.469,-102.312,-114.0,5.098,5.098,-100.068,0.000,0.0,0.000,0.000,0.000,0.000,0.0,0.000,0.000,0.000
3069.2102,0.951,35.2,-6.980,-6.980,-0.630,2.777,32.3,4.312,4.312,4.012,26.984,7.7,5.848,5.848,32.739,93.938,92.9,-4.574,-4.574,97.398,1.647,-49.8,1.901,1.901,1.060,-9.641,55.0,-1.518,-1.518,-6.332,-48.875,74.1,-7.230,-7.230,-48.469,-102.500,-116.7,5.633,5.633,-100.068,0.000,0.0,0.000,0.000,0.000,0.000,0.0,0.000,0.000,0.000
3069.2122,0.960,17.7,-0.245,-0.245,-0.630,2.830,29.1,2.316,2.316,4.012,26.984,1.0,3.354,3.354,32.739,94.125,83.7,-4.625,-4.625,97.398,1.572,-42.0,3.277,3.277,1.060,-9.547,49.1,-4.559,-4.559,-6.332,-48.719,81.9,-6.430,-6.430,-48.469,-102.750,-116.1,5.996,5.996,-100.068,0.000,0.0,0.000,0.000,0.000,0.000,0.0,0.000,0.000,0.000
3069.2142,0.966,10.1,-0.827,-0.827,-0.630,2.854,17.8,1.884,1.884,4.012,26.969,-2.0,5.180,5.180,32.739,94.250,74.8,-4.836,-4.836,97.398,1.510,-34.2,4.113,4.113,1.060,-9.484,35.6,-2.062,-2.062,-6.332,-48.562,69.5,-3.260,-3.260,-48.469,-102.938,-108.7,6.152,6.152,-100.068,0.000,0.0,0.000,0.000,0.000,0.000,0.0,0.000,0.000,0.000
3069.2162,0.957,0.7,-6.992,-6.992,-0.630,2.855,7.6,4.805,4.805,4.012,26.953,-6.1,8.430,8.430,32.739,94.375,56.9,-5.969,-5.969,97.398,1.500,-12.2,10.094,10.094,1.060,-9.438,28.9,0.656,0.656,-6.332,-48.406,73.8,-1.183,-1.183,-48.469,-103.125,-98.8,6.395,6.395,-100.068,0.000,0.0,0.000,0.000,0.000,0.000,0.0,0.000,0.000,0.000
3069.2182,0.901,-19.3,-10.984,-10.984,-0.630,2.859,4.2,5.324,5.324,4.012,26.953,-2.1,8.133,8.133,32.739,94.438,49.1,-5.973,-5.973,97.398,1.544,11.3,7.969,7.969,1.060,-9.391,25.7,0.969,0.969,-6.332,-48.250,80.1,-0.875,-0.875,-48.469,-103.312,-82.9,6.418,6.418,-100.068,0.000,0.0,0.000,0.000,0.000,0.000,0.0,0.000,0.000,0.000
3069.2202,0.759,-52.8,-7.973,-7.973,-0.630,2.865,3.0,5.492,5.492,4.012,27.000,12.5,8.250,8.250,32.739,94.500,34.9,-6.840,-6.840,97.398,1.638,35.5,4.645,4.645,1.060,-9.336,28.0,1.092,1.092,-6.332,-48.094,80.5,-0.688,-0.688,-48.469,-103.438,-76.7,5.973,5.973,-100.068,0.000,0.0,0.000,0.000,0.000,0.000,0.0,0.000,0.000,0.000
3069.2222,0.590,-72.6,-3.471,-3.471,-0.630,2.875,4.0,5.660,5.660,4.012,27.016,11.9,8.070,8.070,32.739,94.562,17.3,-6.961,-6.961,97.398,1.741,45.5,-1.533,-1.533,1.060,-9.281,28.2,1.145,1.145,-6.332,-47.938,84.9,-1.797,-1.797,-48.469,-103.562,-61.3,5.684,5.684,-100.068,0.000,0.0,0.000,0.000,0.000,0.000,0.0,0.000,0.000,0.000
3069.2242,0.417,-79.4,2.043,2.043,-0.630,2.902,9.6,5.520,5.520,4.012,27.078,21.0,8.258,8.258,32.739,94.500,-3.9,-7.895,-7.895,97.398,1.802,34.1,-4.230,-4.230,1.060,-9.234,26.5,0.742,0.742,-6.332,-47.781,74.9,-2.773,-2.773,-48.469,-103.625,-44.7,5.988,5.988,-100.068,0.000,0.0,0.000,0.000,0.000,0.000,0.0,0.000,0.000,0.000
3069.2262,0.298,-66.5,4.734,4.734,-0.630,2.943,16.9,3.957,3.957,4.012,27.109,19.5,6.480,6.480,32.739,94.438,-20.7,-7.910,-7.910,97.398,1.829,19.6,-6.133,-6.133,1.060,-9.188,25.7,-0.577,-0.577,-6.332,-47.625,78.8,-5.348,-5.348,-48.469,-103.688,-33.4,8.172,8.172,-100.068,0.000,0.0,0.000,0.000,0.000,0.000,0.0,0.000,0.000,0.000
3069.2283,0.270,-33.5,5.980,5.980,-0.630,2.949,6.4,2.010,2.010,4.012,27.156,21.0,2.721,2.721,32.739,94.375,-35.1,-6.070,-6.070,97.398,1.785,-6.9,-4.605,-4.605,1.060,-9.148,19.9,-2.088,-2.088,-6.332,-47.500,68.8,-9.109,-9.109,-48.469,-103.688,-9.5,11.695,11.695,-100.068,0.000,0.0,0.000,0.000,0.000,0.000,0.0,0.000,0.000,0.000
3069.2303,0.311,-0.2,5.488,5.488,-0.630,2.963,4.8,1.902,1.902,4.012,27.172,10.5,5.051,5.051,32.739,94.250,-54.3,-6.258,-6.258,97.398,1.714,-25.9,-4.055,-4.055,1.060,-9.125,14.8,-1.311,-1.311,-6.332,-47.438,48.0,-8.016,-8.016,-48.469,-103.625,16.3,9.492,9.492,-100.068,0.000,0.0,0.000,0.000,0.000,0.000,0.0,0.000,0.000,0.000
3069.2322,0.417,33.5,3.457,3.457,-0.630,2.916,-12.8,2.736,2.736,4.012,27.172,5.3,6.566,6.566,32.739,94.062,-65.2,-5.469,-5.469,97.398,1.610,-41.9,-2.262,-2.262,1.060,-9.117,5.4,-1.394,-1.394,-6.332,-47.375,31.8,-8.711,-8.711,-48.469,-103.500,43.4,9.492,9.492,-100.068,0.000,0.0,0.000,0.000,0.000,0.000,0.0,0.000,0.000,0.000
3069.2342,0.530,48.8,2.072,2.072,-0.630,2.855,-22.7,3.389,3.389,4.012,27.156,3.3,6.027,6.027,32.739,93.938,-74.1,-4.039,-4.039,97.398,1.487,-52.9,-0.409,-0.409,1.060,-9.109,2.8,-1.515,-1.515,-6.332,-47.375,9.6,-7.840,-7.840,-48.469,-103.312,69.6,10.297,10.297,-100.068,0.000,0.0,0.000,0.000,0.000,0.000,0.0,0.000,0.000,0.000
3069.2362,0.671,64.1,0.711,0.711,-0.630,2.781,-33.4,2.977,2.977,4.012,27.141,-2.0,5.465,5.465,32.739,93.750,-81.2,-2.219,-2.219,97.398,1.362,-58.5,2.088,2.088,1.060,-9.109,1.8,-2.711,-2.711,-6.332,-47.406,-3.9,-9.836,-9.836,-48.469,-103.125,91.3,12.023,12.023,-100.068,0.000,0.0,0.000,0.000,0.000,0.000,0.0,0.000,0.000,0.000
3069.2382,0.788,62.2,-0.785,-0.785,-0.630,2.736,-26.8,2.605,2.605,4.012,27.125,-3.8,7.535,7.535,32.739,93.562,-77.2,-2.078,-2.078,97.398,1.246,-58.7,3.721,3.721,1.060,-9.141,-7.0,-3.934,-3.934,-6.332,-47.500,-26.0,-12.062,-12.062,-48.469,-102.875,115.8,9.945,9.945,-100.068,0.000,0.0,0.000,0.000,0.000,0.000,0.0,0.000,0.000,0.000
3069.2402,0.901,58.4,-2.871,-2.871,-0.630,2.695,-21.5,3.914,3.914,4.012,27.109,-7.4,10.922,10.922,32.739,93.438,-70.9,-4.234,-4.234,97.398,1.164,-47.7,3.914,3.914,1.060,-9.203,-23.5,-2.760,-2.760,-6.332,-47.594,-49.4,-10.648,-10.648,-48.469,-102.562,135.5,6.457,6.457,-100.068,0.000,0.0,0.000,0.000,0.000,0.000,0.0,0.000,0.000,0.000
3069.2422,0.995,51.0,-5.020,-5.020,-0.630,2.668,-16.0,4.512,4.512,4.012,27.109,-2.4,11.648,11.648,32.739,93.312,-73.2,-3.658,-3.658,97.398,1.111,-32.8,4.352,4.352,1.060,-9.266,-29.2,-1.984,-1.984,-6.332,-47.750,-64.1,-8.883,-8.883,-48.469,-102.312,140.8,5.125,5.125,-100.068,0.000,0.0,0.000,0.000,0.000,0.000,0.0,0.000,0.000,0.000
3069.2442,1.026,28.3,-4.188,-4.188,-0.630,2.662,-7.8,2.764,2.764,4.012,27.125,1.7,9.531,9.531,32.739,93.125,-70.1,-1.365,-1.365,97.398,1.076,-21.8,5.016,5.016,1.060,-9.336,-31.9,-2.674,-2.674,-6.332,-47.906,-71.1,-10.242,-10.242,-48.469,-102.000,145.0,5.039,5.039,-100.068,0.000,0.0,0.000,0.000,0.000,0.000,0.0,0.000,0.000,0.000
3069.2462,1.032,10.6,-6.801,-6.801,-0.630,2.648,-8.2,1.207,1.207,4.012,27.125,0.7,5.383,5.383,32.739,93.062,-57.9,3.486,3.486,97.398,1.120,8.1,13.469,13.469,1.060,-9.422,-40.6,-4.707,-4.707,-6.332,-48.062,-75.0,-14.984,-14.984,-48.469,-101.688,144.6,5.887,5.887,-100.068,0.000,0.0,0.000,0.000,0.000,0.000,0.0,0.000,0.000,0.000
3069.2482,0.979,-15.4,-9.805,-9.805,-0.630,2.637,-8.3,0.916,0.916,4.012,27.094,-11.1,7.098,7.098,32.739,93.000,-36.8,3.986,3.986,97.398,1.246,44.5,10.617,10.617,1.060,-9.531,-47.0,-5.934,-5.934,-6.332,-48.250,-88.1,-14.344,-14.344,-48.469,-101.438,137.1,-0.009,-0.009,-100.068,0.000,0.0,0.000,0.000,0.000,0.000,0.0,0.000,0.000,0.000
3069.2502,0.857,-45.9,-6.699,-6.699,-0.630,2.605,-12.1,1.744,1.744,4.012,27.047,-20.6,8.148,8.148,32.739,93.000,-9.5,3.311,3.311,97.398,1.422,74.0,6.277,6.277,1.060,-9.641,-52.8,-6.102,-6.102,-6.332,-48.469,-101.9,-13.688,-13.688,-48.469,-101.250,116.5,-0.277,-0.277,-100.068,0.000,0.0,0.000,0.000,0.000,0.000,0.0,0.000,0.000,0.000
3069.2522,0.693,-67.9,-3.100,-3.100,-0.630,2.549,-22.0,2.303,2.303,4.012,26.984,-26.4,8.859,8.859,32.739,93.062,17.0,2.805,2.805,97.398,1.632,92.6,2.096,2.096,1.060,-9.750,-53.1,-6.887,-6.887,-6.332,-48.656,-102.6,-13.375,-13.375,-48.469,-101.062,92.8,-0.691,-0.691,-100.068,0.000,0.0,0.000,0.000,0.000,0.000,0.0,0.000,0.000,0.000
3069.2542,0.512,-81.9,-0.343,-0.343,-0.630,2.510,-19.5,2.678,2.678,4.012,26.922,-27.4,9.156,9.156,32.739,93.188,42.1,2.148,2.148,97.398,1.857,106.0,0.169,0.169,1.060,-9.820,-41.9,-7.980,-7.980,-6.332,-48.875,-103.5,-12.820,-12.820,-48.469,-101.000,62.4,-1.869,-1.869,-100.068,0.000,0.0,0.000,0.000,0.000,0.000,0.0,0.000,0.000,0.000
3069.2562,0.354,-78.8,1.215,1.215,-0.630,2.477,-18.8,3.311,3.311,4.012,26.859,-29.1,8.867,8.867,32.739,93.312,53.5,1.312,1.312,97.398,2.062,102.4,-2.816,-2.816,1.060,-9.875,-30.7,-9.250,-9.250,-6.332,-49.062,-97.9,-12.852,-12.852,-48.469,-100.938,28.4,-1.633,-1.633,-100.068,0.000,0.0,0.000,0.000,0.000,0.000,0.0,0.000,0.000,0.000
3069.2583,0.245,-60.9,5.488,5.488,-0.630,2.463,-11.9,8.180,8.180,4.012,26.797,-28.7,16.828,16.828,32.739,93.438,73.3,0.735,0.735,97.398,2.246,95.5,-19.062,-19.062,1.060,-9.898,-15.3,-1.475,-1.475,-6.332,-49.250,-87.8,-3.334,-3.334,-48.469,-101.000,-6.1,-3.246,-3.246,-100.068,0.000,0.0,0.000,0.000,0.000,0.000,0.0,0.000,0.000,0.000
3069.2603,0.220,-28.6,9.578,9.578,-0.630,2.508,9.9,5.438,5.438,4.012,26.797,-10.4,10.023,10.023,32.739,93.625,85.4,-0.325,-0.325,97.398,2.291,48.1,-14.586,-14.586,1.060,-9.867,4.3,-3.916,-3.916,-6.332,-49.312,-54.4,-7.363,-7.363,-48.469,-101.125,-34.9,-1.612,-1.612,-100.068,0.000,0.0,0.000,0.000,0.000,0.000,0.0,0.000,0.000,0.000
3069.2622,0.304,14.9,4.543,4.543,-0.630,2.566,22.2,0.486,0.486,4.012,26.812,-4.7,4.555,4.555,32.739,93.812,88.1,-1.478,-1.478,97.398,2.240,1.2,-0.666,-0.666,1.060,-9.789,23.6,-8.930,-8.930,-6.332,-49.312,-15.7,-11.188,-11.188,-48.469,-101.312,-71.6,-0.201,-0.201,-100.068,0.000,0.0,0.000,0.000,0.000,0.000,0.0,0.000,0.000,0.000
3069.2643,0.439,45.8,-3.188,-3.188,-0.630,2.611,20.1,-1.327,-1.327,4.012,26.797,-5.6,4.328,4.328,32.739,94.000,89.4,-2.178,-2.178,97.398,2.188,-15.7,2.309,2.309,1.060,-9.734,25.9,-8.320,-8.320,-6.332,-49.281,1.5,-12.305,-12.305,-48.469,-101.500,-90.9,1.082,1.082,-100.068,0.000,0.0,0.000,0.000,0.000,0.000,0.0,0.000,0.000,0.000
3069.2662,0.543,46.6,-4.672,-4.672,-0.630,2.621,8.6,-1.168,-1.168,4.012,26.766,-10.3,3.525,3.525,32.739,94.188,89.2,-3.488,-3.488,97.398,2.131,-23.0,3.727,3.727,1.060,-9.695,21.8,-8.297,-8.297,-6.332,-49.219,20.5,-11.773,-11.773,-48.469,-101.750,-114.9,2.980,2.980,-100.068,0.000,0.0,0.000,0.000,0.000,0.000,0.0,0.000,0.000,0.000
3069.2682,0.637,45.5,-6.012,-6.012,-0.630,2.602,-3.1,-1.784,-1.784,4.012,26.703,-23.8,3.855,3.855,32.739,94.312,85.8,-3.543,-3.543,97.398,2.109,-15.4,4.883,4.883,1.060,-9.672,14.4,-6.156,-6.156,-6.332,-49.156,30.5,-10.367,-10.367,-48.469,-102.000,-127.6,4.812,4.812,-100.068,0.000,0.0,0.000,0.000,0.000,0.000,0.0,0.000,0.000,0.000
3069.2702,0.684,33.3,2.785,2.785,-0.630,2.557,-14.9,1.744,1.744,4.012,26.641,-30.1,6.586,6.586,32.739,94.500,81.3,-3.664,-3.664,97.398,2.090,-13.1,-3.891,-3.891,1.060,-9.664,8.7,-1.913,-1.913,-6.332,-49.094,29.4,-8.219,-8.219,-48.469,-102.250,-126.8,6.090,6.090,-100.068,0.000,0.0,0.000,0.000,0.000,0.000,0.0,0.000,0.000,0.000
3069.2722,0.737,30.7,-2.717,-2.717,-0.630,2.533,-12.0,4.969,4.969,4.012,26.562,-30.6,7.234,7.234,32.739,94.625,67.8,-4.305,-4.305,97.398,2.049,-17.9,0.507,0.507,1.060,-9.625,16.4,-0.339,-0.339,-6.332,-49.000,42.8,-2.393,-2.393,-48.469,-102.562,-127.5,6.812,6.812,-100.068,0.000,0.0,0.000,0.000,0.000,0.000,0.0,0.000,0.000,0.000
3069.2742,0.763,18.8,-5.910,-5.910,-0.630,2.523,-7.3,4.621,4.621,4.012,26.516,-29.1,8.984,8.984,32.739,94.750,61.8,-4.605,-4.605,97.398,1.999,-22.0,7.504,7.504,1.060,-9.578,22.8,1.164,1.164,-6.332,-48.875,60.8,-0.385,-0.385,-48.469,-102.750,-119.3,7.223,7.223,-100.068,0.000,0.0,0.000,0.000,0.000,0.000,0.0,0.000,0.000,0.000
3069.2762,0.741,-1.2,-10.180,-10.180,-0.630,2.566,11.6,5.004,5.004,4.012,26.484,-19.4,7.711,7.711,32.739,94.812,47.0,-4.129,-4.129,97.398,2.012,-3.1,7.871,7.871,1.060,-9.492,33.7,2.311,2.311,-6.332,-48.688,80.1,-0.513,-0.513,-48.469,-103.000,-109.6,6.855,6.855,-100.068,0.000,0.0,0.000,0.000,0.000,0.000,0.0,0.000,0.000,0.000
3069.2782,0.646,-31.7,-8.992,-8.992,-0.630,2.627,24.2,4.879,4.879,4.012,26.469,-9.6,7.855,7.855,32.739,94.875,34.5,-4.066,-4.066,97.398,2.055,15.3,6.227,6.227,1.060,-9.383,47.2,2.363,2.363,-6.332,-48.500,94.1,-1.230,-1.230,-48.469,-103.125,-93.2,6.660,6.660,-100.068,0.000,0.0,0.000,0.000,0.000,0.000,0.0,0.000,0.000,0.000
3069.2802,0.524,-51.5,-6.820,-6.820,-0.630,2.721,39.1,4.570,4.570,4.012,26.484,1.9,8.219,8.219,32.739,94.938,27.2,-3.957,-3.957,97.398,2.121,26.6,4.988,4.988,1.060,-9.281,52.1,1.805,1.805,-6.332,-48.250,106.2,-2.061,-2.061,-48.469,-103.312,-79.3,6.363,6.363,-100.068,0.000,0.0,0.000,0.000,0.000,0.000,0.0,0.000,0.000,0.000
3069.2822,0.358,-72.4,-5.574,-5.574,-0.630,2.828,48.2,4.121,4.121,4.012,26.516,11.8,8.359,8.359,32.739,94.938,14.5,-4.020,-4.020,97.398,2.213,37.5,4.117,4.117,1.060,-9.164,54.7,1.399,1.399,-6.332,-48.031,112.4,-2.725,-2.725,-48.469,-103.438,-67.1,5.840,5.840,-100.068,0.000,0.0,0.000,0.000,0.000,0.000,0.0,0.000,0.000,0.000
3069.2842,0.358,-72.4,-5.574,-5.574,-0.630,2.828,48.2,4.121,4.121,4.012,26.516,11.8,8.359,8.359,32.739,94.938,14.5,-4.020,-4.020,97.398,2.213,37.5,4.117,4.117,1.060,-9.164,54.7,1.399,1.399,-6.332,-48.031,112.4,-2.725,-2.725,-48.469,-103.438,-67.1,5.840,5.840,-100.068,0.000,0.0,0.000,0.000,0.000,0.000,0.0,0.000,0.000,0.000
3069.2862,0.085,-64.9,4.137,4.137,-0.630,3.037,50.1,0.766,0.766,4.012,26.625,23.4,2.812,2.812,32.739,94.812,-24.0,-7.895,-7.895,97.398,2.359,32.8,-6.801,-6.801,1.060,-8.938,55.7,-2.172,-2.172,-6.332,-47.625,103.1,-9.445,-9.445,-48.469,-103.562,-33.5,10.844,10.844,-100.068,0.000,0.0,0.000,0.000,0.000,0.000,0.0,0.000,0.000,0.000
3069.2882,0.031,-38.1,7.492,7.492,-0.630,3.066,27.0,1.403,1.403,4.012,26.672,23.2,5.680,5.680,32.739,94.688,-48.8,-9.047,-9.047,97.398,2.350,6.9,-6.324,-6.324,1.060,-8.859,44.2,-0.484,-0.484,-6.332,-47.469,80.6,-7.348,-7.348,-48.469,-103.562,-7.2,7.820,7.820,-100.068,0.000,0.0,0.000,0.000,0.000,0.000,0.0,0.000,0.000,0.000
3069.2902,0.053,-7.8,4.562,4.562,-0.630,3.027,-2.1,3.760,3.760,4.012,26.719,24.2,7.523,7.523,32.739,94.500,-73.4,-8.656,-8.656,97.398,2.285,-19.7,-3.572,-3.572,1.060,-8.773,43.8,0.726,0.726,-6.332,-47.375,59.8,-6.082,-6.082,-48.469,-103.500,6.4,5.246,5.246,-100.068,0.000,0.0,0.000,0.000,0.000,0.000,0.0,0.000,0.000,0.000
3069.2922,0.132,20.0,1.697,1.697,-0.630,2.975,-16.6,6.676,6.676,4.012,26.797,34.2,7.824,7.824,32.739,94.312,-91.7,-7.957,-7.957,97.398,2.178,-43.6,-2.426,-2.426,1.060,-8.711,37.6,1.590,1.590,-6.332,-47.312,44.9,-4.695,-4.695,-48.469,-103.438,18.9,5.340,5.340,-100.068,0.000,0.0,0.000,0.000,0.000,0.000,0.0,0.000,0.000,0.000
3069.2942,0.217,32.8,1.064,1.064,-0.630,2.912,-25.9,6.395,6.395,4.012,26.875,37.5,9.078,9.078,32.739,94.062,-107.3,-7.938,-7.938,97.398,2.055,-55.8,-1.246,-1.246,1.060,-8.648,33.3,1.488,1.488,-6.332,-47.250,34.9,-5.012,-5.012,-48.469,-103.375,34.7,5.652,5.652,-100.068,0.000,0.0,0.000,0.000,0.000,0.000,0.0,0.000,0.000,0.000
3069.2962,0.314,42.5,1.257,1.257,-0.630,2.885,-19.7,6.578,6.578,4.012,26.984,47.3,8.625,8.625,32.739,93.812,-129.1,-5.332,-5.332,97.398,1.911,-65.1,-0.805,-0.805,1.060,-8.617,23.3,-0.022,-0.022,-6.332,-47.188,27.0,-7.453,-7.453,-48.469,-103.312,36.4,8.125,8.125,-100.068,0.000,0.0,0.000,0.000,0.000,0.000,0.0,0.000,0.000,0.000
3069.2982,0.414,47.9,0.205,0.205,-0.630,2.885,-8.6,4.070,4.070,4.012,27.078,48.2,6.445,6.445,32.739,93.500,-137.6,-1.976,-1.976,97.398,1.748,-74.1,2.227,2.227,1.060,-8.602,10.7,-2.590,-2.590,-6.332,-47.188,12.5,-10.695,-10.695,-48.469,-103.125,57.5,10.625,10.625,-100.068,0.000,0.0,0.000,0.000,0.000,0.000,0.0,0.000,0.000,0.000
3069.3002,0.505,46.9,-1.143,-1.143,-0.630,2.891,-3.2,2.340,2.340,4.012,27.156,43.1,6.137,6.137,32.739,93.250,-139.5,-0.612,-0.612,97.398,1.606,-68.9,6.664,6.664,1.060,-8.625,-2.5,-4.254,-4.254,-6.332,-47.219,-10.8,-13.039,-13.039,-48.469,-103.000,77.8,10.797,10.797,-100.068,0.000,0.0,0.000,0.000,0.000,0.000,0.0,0.000,0.000,0.000
3069.3022,0.587,42.0,-2.641,-2.641,-0.630,2.891,-1.2,3.072,3.072,4.012,27.203,31.7,8.609,8.609,32.739,93.000,-130.8,-1.556,-1.556,97.398,1.506,-55.6,5.883,5.883,1.060,-8.680,-17.5,-2.973,-2.973,-6.332,-47.312,-29.8,-10.281,-10.281,-48.469,-102.750,93.9,8.383,8.383,-100.068,0.000,0.0,0.000,0.000,0.000,0.000,0.0,0.000,0.000,0.000
3069.3042,0.656,36.4,-3.445,-3.445,-0.630,2.869,-7.8,5.035,5.035,4.012,27.234,19.0,11.391,11.391,32.739,92.750,-117.4,-3.541,-3.541,97.398,1.443,-39.3,4.180,4.180,1.060,-8.758,-30.0,-1.200,-1.200,-6.332,-47.406,-49.8,-7.223,-7.223,-48.469,-102.500,113.4,5.375,5.375,-100.068,0.000,0.0,0.000,0.000,0.000,0.000,0.0,0.000,0.000,0.000
3069.3062,0.681,19.5,-3.404,-3.404,-0.630,2.854,-7.0,6.156,6.156,4.012,27.266,18.0,13.484,13.484,32.739,92.562,-108.6,-4.391,-4.391,97.398,1.415,-22.1,2.893,2.893,1.060,-8.836,-35.8,-0.455,-0.455,-6.332,-47.531,-55.2,-6.547,-6.547,-48.469,-102.312,114.6,3.682,3.682,-100.068,0.000,0.0,0.000,0.000,0.000,0.000,0.0,0.000,0.000,0.000
3069.3082,0.697,10.8,-2.682,-2.682,-0.630,2.836,-6.4,5.910,5.910,4.012,27.297,15.2,13.648,13.648,32.739,92.375,-100.5,-3.133,-3.133,97.398,1.391,-15.5,1.933,1.933,1.060,-8.906,-37.5,-0.646,-0.646,-6.332,-47.625,-55.0,-7.938,-7.938,-48.469,-102.062,111.4,3.773,3.773,-100.068,0.000,0.0,0.000,0.000,0.000,0.000,0.0,0.000,0.000,0.000
3069.3102,0.690,1.7,-1.423,-1.423,-0.630,2.820,-6.5,4.684,4.684,4.012,27.328,15.6,12.430,12.430,32.739,92.188,-89.2,-1.453,-1.453,97.398,1.402,0.1,0.995,0.995,1.060,-8.984,-36.8,-1.108,-1.108,-6.332,-47.719,-46.1,-9.812,-9.812,-48.469,-101.875,107.1,4.582,4.582,-100.068,0.000,0.0,0.000,0.000,0.000,0.000,0.0,0.000,0.000,0.000
3069.3122,0.675,-4.4,0.058,0.058,-0.630,2.783,-14.9,3.018,3.018,4.012,27.359,15.1,10.203,10.203,32.739,92.062,-73.4,0.841,0.841,97.398,1.387,-3.9,0.578,0.578,1.060,-9.078,-46.2,-2.967,-2.967,-6.332,-47.844,-48.0,-12.695,-12.695,-48.469,-101.688,103.6,6.496,6.496,-100.068,0.000,0.0,0.000,0.000,0.000,0.000,0.0,0.000,0.000,0.000
3069.3142,0.666,-6.2,0.914,0.914,-0.630,2.762,-18.7,2.695,2.695,4.012,27.359,9.5,10.242,10.242,32.739,92.000,-66.7,1.031,1.031,97.398,1.396,0.9,0.219,0.219,1.060,-9.109,-41.4,-3.096,-3.096,-6.332,-47.875,-49.4,-12.289,-12.289,-48.469,-101.562,103.9,6.031,6.031,-100.068,0.000,0.0,0.000,0.000,0.000,0.000,0.0,0.000,0.000,0.000
3069.3163,0.662,0.1,1.850,1.850,-0.630,2.684,-26.8,2.750,2.750,4.012,27.328,-5.1,10.562,10.562,32.739,91.938,-27.8,0.608,0.608,97.398,1.396,1.4,-0.585,-0.585,1.060,-9.242,-42.7,-3.865,-3.865,-6.332,-48.062,-56.8,-12.070,-12.070,-48.469,-101.250,100.6,5.793,5.793,-100.068,0.000,0.0,0.000,0.000,0.000,0.000,0.0,0.000,0.000,0.000
3069.3182,0.675,5.8,1.535,1.535,-0.630,2.621,-30.2,2.889,2.889,4.012,27.297,-12.2,11.250,11.250,32.739,91.938,-1.8,-0.633,-0.633,97.398,1.387,-3.5,-0.706,-0.706,1.060,-9.305,-33.2,-3.959,-3.959,-6.332,-48.188,-56.3,-12.078,-12.078,-48.469,-101.062,97.8,4.969,4.969,-100.068,0.000,0.0,0.000,0.000,0.000,0.000,0.0,0.000,0.000,0.000
3069.3202,0.700,12.5,1.459,1.459,-0.630,2.574,-26.1,3.229,3.229,4.012,27.281,-10.9,9.664,9.664,32.739,92.000,18.4,0.067,0.067,97.398,1.394,-1.9,-1.316,-1.316,1.060,-9.336,-20.7,-5.406,-5.406,-6.332,-48.281,-51.5,-11.344,-11.344,-48.469,-100.938,84.1,5.387,5.387,-100.068,0.000,0.0,0.000,0.000,0.000,0.000,0.0,0.000,0.000,0.000
3069.3222,0.722,13.1,0.092,0.092,-0.630,2.518,-27.6,2.188,2.188,4.012,27.234,-16.7,8.312,8.312,32.739,92.125,35.6,0.411,0.411,97.398,1.394,-1.0,0.981,0.981,1.060,-9.344,-9.9,-5.953,-5.953,-6.332,-48.375,-52.8,-13.148,-13.148,-48.469,-100.750,79.5,5.066,5.066,-100.068,0.000,0.0,0.000,0.000,0.000,0.000,0.0,0.000,0.000,0.000
3069.3242,0.741,9.0,-3.729,-3.729,-0.630,2.486,-21.4,2.404,2.404,4.012,27.188,-22.2,7.586,7.586,32.739,92.250,55.4,0.548,0.548,97.398,1.412,5.5,4.309,4.309,1.060,-9.344,-3.5,-7.199,-7.199,-6.332,-48.438,-43.7,-14.250,-14.250,-48.469,-100.625,71.8,0.740,0.740,-100.068,0.000,0.0,0.000,0.000,0.000,0.000,0.0,0.000,0.000,0.000
3069.3262,0.759,7.4,-6.895,-6.895,-0.630,2.482,-9.1,1.851,1.851,4.012,27.109,-31.2,7.949,7.949,32.739,92.375,66.6,0.047,0.047,97.398,1.462,18.3,6.094,6.094,1.060,-9.352,-2.9,-9.250,-9.250,-6.332,-48.531,-39.2,-12.648,-12.648,-48.469,-100.500,50.2,-2.936,-2.936,-100.068,0.000,0.0,0.000,0.000,0.000,0.000,0.0,0.000,0.000,0.000
3069.3282,0.737,-4.3,-5.699,-5.699,-0.630,2.482,-2.5,0.721,0.721,4.012,27.031,-36.1,7.371,7.371,32.739,92.562,83.4,-0.904,-0.904,97.398,1.554,36.2,5.523,5.523,1.060,-9.383,-10.8,-8.891,-8.891,-6.332,-48.594,-32.0,-11.656,-11.656,-48.469,-100.562,15.3,-2.664,-2.664,-100.068,0.000,0.0,0.000,0.000,0.000,0.000,0.0,0.000,0.000,0.000
3069.3302,0.703,-13.2,-5.660,-5.660,-0.630,2.486,1.0,0.209,0.209,4.012,26.953,-40.5,6.676,6.676,32.739,92.750,92.1,-1.950,-1.950,97.398,1.666,49.1,4.453,4.453,1.060,-9.438,-21.1,-8.359,-8.359,-6.332,-48.625,-27.2,-11.336,-11.336,-48.469,-100.625,-18.8,-1.448,-1.448,-100.068,0.000,0.0,0.000,0.000,0.000,0.000,0.0,0.000,0.000,0.000
3069.3322,0.662,-18.2,-5.273,-5.273,-0.630,2.479,-1.7,-0.129,-0.129,4.012,26.828,-53.2,5.988,5.988,32.739,93.000,102.4,-3.146,-3.146,97.398,1.802,60.0,2.654,2.654,1.060,-9.492,-26.5,-7.930,-7.930,-6.332,-48.656,-15.2,-10.711,-10.711,-48.469,-100.750,-53.7,-0.220,-0.220,-100.068,0.000,0.0,0.000,0.000,0.000,0.000,0.0,0.000,0.000,0.000
3069.3342,0.622,-19.3,-4.805,-4.805,-0.630,2.479,-2.0,-0.951,-0.951,4.012,26.734,-50.6,5.582,5.582,32.739,93.188,107.4,-3.814,-3.814,97.398,1.965,72.8,1.758,1.758,1.060,-9.555,-26.6,-8.297,-8.297,-6.332,-48.656,-1.5,-10.125,-10.125,-48.469,-100.938,-78.8,1.352,1.352,-100.068,0.000,0.0,0.000,0.000,0.000,0.000,0.0,0.000,0.000,0.000
3069.3362,0.581,-20.6,-2.654,-2.654,-0.630,2.479,-1.8,0.702,0.702,4.012,26.641,-48.7,5.332,5.332,32.739,93.375,100.2,-4.164,-4.164,97.398,2.111,73.8,-8.516,-8.516,1.060,-9.594,-20.3,-5.441,-5.441,-6.332,-48.625,3.6,-8.398,-8.398,-48.469,-101.188,-98.4,2.631,2.631,-100.068,0.000,0.0,0.000,0.000,0.000,0.000,0.0,0.000,0.000,0.000
3069.3383,0.583,-4.3,3.111,3.111,-0.630,2.494,5.2,4.375,4.375,4.012,26.562,-42.2,9.875,9.875,32.739,93.562,94.6,-4.059,-4.059,97.398,2.188,50.8,-11.328,-11.328,1.060,-9.602,-6.8,-0.753,-0.753,-6.332,-48.594,15.3,-3.199,-3.199,-48.469,-101.375,-111.1,4.188,4.188,-100.068,0.000,0.0,0.000,0.000,0.000,0.000,0.0,0.000,0.000,0.000
3069.3405,0.612,8.7,1.911,1.911,-0.630,2.529,15.8,4.754,4.754,4.012,26.531,-25.6,9.453,9.453,32.739,93.750,89.7,-4.172,-4.172,97.398,2.188,16.2,-8.531,-8.531,1.060,-9.547,17.1,0.426,0.426,-6.332,-48.500,34.4,-1.406,-1.406,-48.469,-101.625,-117.9,5.367,5.367,-100.068,0.000,0.0,0.000,0.000,0.000,0.000,0.0,0.000,0.000,0.000
3069.3425,0.675,24.1,0.909,0.909,-0.630,2.576,21.7,2.717,2.717,4.012,26.531,-10.2,6.453,6.453,32.739,93.875,77.6,-4.199,-4.199,97.398,2.137,-12.2,-5.707,-5.707,1.060,-9.445,37.5,-1.067,-1.067,-6.332,-48.375,51.3,-2.949,-2.949,-48.469,-101.875,-115.4,5.641,5.641,-100.068,0.000,0.0,0.000,0.000,0.000,0.000,0.0,0.000,0.000,0.000
3069.3445,0.728,25.6,0.958,0.958,-0.630,2.654,32.0,1.782,1.782,4.012,26.562,6.6,5.988,5.988,32.739,94.062,75.1,-3.885,-3.885,97.398,2.047,-33.6,-3.217,-3.217,1.060,-9.344,45.6,-2.105,-2.105,-6.332,-48.250,59.8,-3.814,-3.814,-48.469,-102.125,-116.9,6.000,6.000,-100.068,0.000,0.0,0.000,0.000,0.000,0.000,0.0,0.000,0.000,0.000
3069.3462,0.807,33.8,1.083,1.083,-0.630,2.725,32.4,2.121,2.121,4.012,26.594,14.3,7.543,7.543,32.739,94.188,68.3,-4.766,-4.766,97.398,1.924,-50.2,-1.680,-1.680,1.060,-9.234,52.7,-1.671,-1.671,-6.332,-48.094,69.6,-4.738,-4.738,-48.469,-102.312,-107.2,5.973,5.973,-100.068,0.000,0.0,0.000,0.000,0.000,0.000,0.0,0.000,0.000,0.000
3069.3482,0.873,33.2,-2.277,-2.277,-0.630,2.812,37.3,3.221,3.221,4.012,26.641,17.2,8.305,8.305,32.739,94.250,55.9,-7.641,-7.641,97.398,1.785,-59.8,1.982,1.982,1.060,-9.164,42.2,-0.875,-0.875,-6.332,-47.938,78.1,-3.143,-3.143,-48.469,-102.500,-105.5,6.523,6.523,-100.068,0.000,0.0,0.000,0.000,0.000,0.000,0.0,0.000,0.000,0.000
3069.3502,0.923,26.5,-8.547,-8.547,-0.630,2.900,41.1,3.666,3.666,4.012,26.734,34.9,9.141,9.141,32.739,94.312,37.8,-8.203,-8.203,97.398,1.682,-50.7,8.398,8.398,1.060,-9.086,40.2,-0.076,-0.076,-6.332,-47.781,78.9,-2.219,-2.219,-48.469,-102.688,-94.4,6.195,6.195,-100.068,0.000,0.0,0.000,0.000,0.000,0.000,0.0,0.000,0.000,0.000
3069.3522,0.904,2.0,-13.578,-13.578,-0.630,2.959,34.5,4.781,4.781,4.012,26.812,41.5,8.289,8.289,32.739,94.312,12.9,-8.461,-8.461,97.398,1.626,-34.7,11.867,11.867,1.060,-9.023,34.1,0.652,0.652,-6.332,-47.594,82.2,-1.606,-1.606,-48.469,-102.875,-86.1,6.164,6.164,-100.068,0.000,0.0,0.000,0.000,0.000,0.000,0.0,0.000,0.000,0.000
3069.3542,0.797,-35.1,-10.477,-10.477,-0.630,3.006,27.5,5.566,5.566,4.012,26.922,46.5,8.336,8.336,32.739,94.312,2.0,-7.660,-7.660,97.398,1.679,5.7,9.094,9.094,1.060,-8.969,29.9,0.790,0.790,-6.332,-47.406,86.9,-1.918,-1.918,-48.469,-103.000,-73.2,5.543,5.543,-100.068,0.000,0.0,0.000,0.000,0.000,0.000,0.0,0.000,0.000,0.000
3069.3562,0.627,-67.0,-7.559,-7.559,-0.630,3.025,16.5,6.773,6.773,4.012,27.031,54.7,8.344,8.344,32.739,94.250,-24.4,-7.918,-7.918,97.398,1.754,25.6,6.465,6.465,1.060,-8.891,34.6,1.280,1.280,-6.332,-47.250,85.5,-1.976,-1.976,-48.469,-103.062,-54.5,5.297,5.297,-100.068,0.000,0.0,0.000,0.000,0.000,0.000,0.0,0.000,0.000,0.000
3069.3582,0.411,-92.8,-4.312,-4.312,-0.630,3.031,8.5,7.332,7.332,4.012,27.141,51.2,9.906,9.906,32.739,94.125,-44.3,-10.219,-10.219,97.398,1.890,49.4,3.086,3.086,1.060,-8.828,34.2,0.830,0.830,-6.332,-47.094,81.0,-2.451,-2.451,-48.469,-103.188,-51.0,4.805,4.805,-100.068,0.000,0.0,0.000,0.000,0.000,0.000,0.0,0.000,0.000,0.000
3069.3602,0.179,-106.7,0.446,0.446,-0.630,3.027,2.1,7.191,7.191,4.012,27.250,52.0,9.180,9.180,32.739,94.000,-69.1,-12.133,-12.133,97.398,2.021,57.5,-4.012,-4.012,1.060,-8.766,31.4,0.255,0.255,-6.332,-46.938,76.6,-4.207,-4.207,-48.469,-103.188,-31.6,5.930,5.930,-100.068,0.000,0.0,0.000,0.000,0.000,0.000,0.0,0.000,0.000,0.000
3069.3622,0.009,-90.2,8.805,8.805,-0.630,3.027,0.6,3.639,3.639,4.012,27.344,48.0,2.340,2.340,32.739,93.750,-95.9,-3.781,-3.781,97.398,2.096,42.0,-8.805,-8.805,1.060,-8.711,27.6,-3.463,-3.463,-6.332,-46.812,63.9,-12.141,-12.141,-48.469,-103.250,-11.7,11.703,11.703,-100.068,0.000,0.0,0.000,0.000,0.000,0.000,0.0,0.000,0.000,0.000
3069.3642,-0.066,-53.5,11.227,11.227,-0.630,3.021,-4.0,1.731,1.731,4.012,27.375,26.0,2.189,2.189,32.739,93.562,-94.2,-1.200,-1.200,97.398,2.115,19.6,-6.914,-6.914,1.060,-8.703,13.2,-3.734,-3.734,-6.332,-46.750,42.4,-13.031,-13.031,-48.469,-103.188,11.7,12.211,12.211,-100.068,0.000,0.0,0.000,0.000,0.000,0.000,0.0,0.000,0.000,0.000
3069.3662,-0.031,-7.5,7.984,7.984,-0.630,2.975,-16.3,3.588,3.588,4.012,27.375,9.2,7.242,7.242,32.739,93.375,-95.9,-4.246,-4.246,97.398,2.078,-4.8,-7.180,-7.180,1.060,-8.703,3.3,-0.021,-0.021,-6.332,-46.750,11.7,-6.844,-6.844,-48.469,-103.062,37.3,7.160,7.160,-100.068,0.000,0.0,0.000,0.000,0.000,0.000,0.0,0.000,0.000,0.000
3069.3682,0.066,27.2,4.949,4.949,-0.630,2.916,-25.4,5.961,5.961,4.012,27.375,2.8,12.195,12.195,32.739,93.188,-99.4,-7.156,-7.156,97.398,1.986,-28.6,-6.633,-6.633,1.060,-8.680,7.5,1.844,1.844,-6.332,-46.812,-6.3,-3.637,-3.637,-48.469,-102.938,58.9,3.787,3.787,-100.068,0.000,0.0,0.000,0.000,0.000,0.000,0.0,0.000,0.000,0.000
3069.3702,0.213,56.5,2.580,2.580,-0.630,2.869,-23.5,5.652,5.652,4.012,27.391,6.4,11.453,11.453,32.739,93.000,-102.9,-5.121,-5.121,97.398,1.836,-56.3,-2.549,-2.549,1.060,-8.680,3.0,0.345,0.345,-6.332,-46.844,-12.1,-7.156,-7.156,-48.469,-102.812,61.3,5.863,5.863,-100.068,0.000,0.0,0.000,0.000,0.000,0.000,0.0,0.000,0.000,0.000
3069.3722,0.361,69.7,1.090,1.090,-0.630,2.824,-22.1,5.336,5.336,4.012,27.422,10.6,9.289,9.289,32.739,92.750,-102.4,-2.566,-2.566,97.398,1.673,-72.2,-0.801,-0.801,1.060,-8.648,8.8,-2.121,-2.121,-6.332,-46.875,-16.0,-7.059,-7.059,-48.469,-102.625,70.8,8.508,8.508,-100.068,0.000,0.0,0.000,0.000,0.000,0.000,0.0,0.000,0.000,0.000
3069.3742,0.508,73.7,-0.614,-0.614,-0.630,2.803,-16.7,3.252,3.252,4.012,27.453,12.6,8.820,8.820,32.739,92.562,-95.8,-1.303,-1.303,97.398,1.506,-79.2,2.533,2.533,1.060,-8.656,2.0,-4.348,-4.348,-6.332,-46.938,-27.1,-10.148,-10.148,-48.469,-102.438,82.6,9.859,9.859,-100.068,0.000,0.0,0.000,0.000,0.000,0.000,0.0,0.000,0.000,0.000
3069.3762,0.649,71.0,-2.842,-2.842,-0.630,2.777,-16.2,2.756,2.756,4.012,27.453,6.7,10.383,10.383,32.739,92.375,-87.2,-2.100,-2.100,97.398,1.358,-74.6,5.434,5.434,1.060,-8.680,-9.5,-3.793,-3.793,-6.332,-47.031,-41.5,-11.234,-11.234,-48.469,-102.250,102.6,8.234,8.234,-100.068,0.000,0.0,0.000,0.000,0.000,0.000,0.0,0.000,0.000,0.000
3069.3782,0.750,56.8,-4.531,-4.531,-0.630,2.762,-11.9,3.580,3.580,4.012,27.453,0.5,12.117,12.117,32.739,92.250,-74.5,-3.703,-3.703,97.398,1.252,-59.8,5.602,5.602,1.060,-8.742,-20.5,-2.213,-2.213,-6.332,-47.156,-57.0,-9.375,-9.375,-48.469,-102.000,110.2,5.953,5.953,-100.068,0.000,0.0,0.000,0.000,0.000,0.000,0.0,0.000,0.000,0.000
3069.3802,0.819,41.9,-5.816,-5.816,-0.630,2.736,-12.9,4.410,4.410,4.012,27.438,-4.6,12.477,12.477,32.739,92.125,-64.5,-4.129,-4.129,97.398,1.183,-41.3,6.188,6.188,1.060,-8.797,-25.3,-1.052,-1.052,-6.332,-47.312,-69.4,-6.820,-6.820,-48.469,-101.750,115.5,4.516,4.516,-100.068,0.000,0.0,0.000,0.000,0.000,0.000,0.0,0.000,0.000,0.000
3069.3822,0.832,17.8,-4.871,-4.871,-0.630,2.715,-12.0,3.416,3.416,4.012,27.422,-7.3,11.047,11.047,32.739,92.062,-54.3,-2.551,-2.551,97.398,1.146,-26.3,5.398,5.398,1.060,-8.867,-31.8,-1.327,-1.327,-6.332,-47.438,-63.4,-7.984,-7.984,-48.469,-101.562,113.3,4.496,4.496,-100.068,0.000,0.0,0.000,0.000,0.000,0.000,0.0,0.000,0.000,0.000
3069.3842,0.825,4.1,-4.137,-4.137,-0.630,2.684,-14.4,1.430,1.430,4.012,27.391,-11.2,8.203,8.203,32.739,92.000,-40.0,0.924,0.924,97.398,1.167,-2.5,7.199,7.199,1.060,-8.945,-39.5,-3.822,-3.822,-6.332,-47.562,-63.4,-11.875,-11.875,-48.469,-101.312,113.2,4.766,4.766,-100.068,0.000,0.0,0.000,0.000,0.000,0.000,0.0,0.000,0.000,0.000
3069.3862,0.772,-15.5,-5.664,-5.664,-0.630,2.643,-19.0,1.180,1.180,4.012,27.328,-25.7,7.477,7.477,32.739,92.000,-11.8,2.826,2.826,97.398,1.227,19.5,11.414,11.414,1.060,-9.039,-46.4,-4.234,-4.234,-6.332,-47.688,-68.1,-13.281,-13.281,-48.469,-101.125,106.4,1.478,1.478,-100.068,0.000,0.0,0.000,0.000,0.000,0.000,0.0,0.000,0.000,0.000
3069.3882,0.684,-35.3,-6.617,-6.617,-0.630,2.570,-31.5,2.195,2.195,4.012,27.250,-33.4,8.789,8.789,32.739,92.062,17.7,2.436,2.436,97.398,1.358,49.7,7.117,7.117,1.060,-9.125,-44.6,-5.246,-5.246,-6.332,-47.844,-70.5,-12.789,-12.789,-48.469,-100.938,85.6,-2.609,-2.609,-100.068,0.000,0.0,0.000,0.000,0.000,0.000,0.0,0.000,0.000,0.000
3069.3902,0.556,-54.2,-3.199,-3.199,-0.630,2.520,-28.6,2.580,2.580,4.012,27.141,-46.3,9.336,9.336,32.739,92.188,42.7,1.618,1.618,97.398,1.541,78.0,3.090,3.090,1.060,-9.203,-39.3,-6.344,-6.344,-6.332,-47.969,-72.1,-11.984,-11.984,-48.469,-100.875,52.4,-3.121,-3.121,-100.068,0.000,0.0,0.000,0.000,0.000,0.000,0.0,0.000,0.000,0.000
3069.3922,0.408,-67.1,-1.069,-1.069,-0.630,2.467,-27.0,2.523,2.523,4.012,27.047,-45.7,9.375,9.375,32.739,92.312,64.3,0.887,0.887,97.398,1.720,87.4,0.736,0.736,1.060,-9.242,-26.2,-6.820,-6.820,-6.332,-48.125,-70.2,-12.164,-12.164,-48.469,-100.875,23.0,-1.672,-1.672,-100.068,0.000,0.0,0.000,0.000,0.000,0.000,0.0,0.000,0.000,0.000
3069.3942,0.286,-64.2,0.235,0.235,-0.630,2.441,-19.3,1.924,1.924,4.012,26.969,-43.0,9.438,9.438,32.739,92.500,85.0,0.137,0.137,97.398,1.898,89.8,-1.707,-1.707,1.060,-9.273,-20.1,-8.680,-8.680,-6.332,-48.250,-68.1,-11.164,-11.164,-48.469,-100.938,-11.5,-2.848,-2.848,-100.068,0.000,0.0,0.000,0.000,0.000,0.000,0.0,0.000,0.000,0.000
3069.3962,0.213,-45.4,1.320,1.320,-0.630,2.422,-13.8,2.021,2.021,4.012,26.875,-43.7,8.141,8.141,32.739,92.688,95.6,-1.069,-1.069,97.398,2.047,78.8,-3.248,-3.248,1.060,-9.297,-15.1,-9.828,-9.828,-6.332,-48.344,-54.4,-10.719,-10.719,-48.469,-101.062,-40.4,-1.462,-1.462,-100.068,0.000,0.0,0.000,0.000,0.000,0.000,0.0,0.000,0.000,0.000
3069.3982,0.207,-18.7,0.151,0.151,-0.630,2.426,-4.3,0.497,0.497,4.012,26.828,-33.6,6.699,6.699,32.739,92.938,104.6,-2.340,-2.340,97.398,2.168,65.9,-4.473,-4.473,1.060,-9.352,-20.7,-5.652,-5.652,-6.332,-48.406,-38.3,-8.617,-8.617,-48.469,-101.188,-65.2,0.125,0.125,-100.068,0.000,0.0,0.000,0.000,0.000,0.000,0.0,0.000,0.000,0.000
3069.4004,0.251,8.1,-1.030,-1.030,-0.630,2.420,-3.9,-0.275,-0.275,4.012,26.750,-33.4,5.148,5.148,32.739,93.125,109.4,-3.627,-3.627,97.398,2.250,49.2,-2.721,-2.721,1.060,-9.383,-19.6,-6.578,-6.578,-6.332,-48.438,-26.2,-9.062,-9.062,-48.469,-101.438,-85.9,1.541,1.541,-100.068,0.000,0.0,0.000,0.000,0.000,0.000,0.0,0.000,0.000,0.000
3069.4022,0.320,26.0,-2.623,-2.623,-0.630,2.420,-2.3,-0.490,-0.490,4.012,26.688,-32.7,3.990,3.990,32.739,93.375,102.7,-4.234,-4.234,97.398,2.307,35.7,-1.138,-1.138,1.060,-9.414,-16.1,-6.719,-6.719,-6.332,-48.406,-1.0,-9.719,-9.719,-48.469,-101.625,-102.6,2.961,2.961,-100.068,0.000,0.0,0.000,0.000,0.000,0.000,0.0,0.000,0.000,0.000
3069.4042,0.396,32.8,-4.574,-4.574,-0.630,2.422,-0.4,-1.475,-1.475,4.012,26.609,-35.1,2.842,2.842,32.739,93.562,97.8,-4.637,-4.637,97.398,2.344,24.2,0.731,0.731,1.060,-9.438,-13.6,-6.949,-6.949,-6.332,-48.375,14.0,-9.258,-9.258,-48.469,-101.875,-114.9,4.727,4.727,-100.068,0.000,0.0,0.000,0.000,0.000,0.000,0.0,0.000,0.000,0.000
3069.4062,0.461,31.9,-5.965,-5.965,-0.630,2.410,-4.0,-2.404,-2.404,4.012,26.516,-44.6,2.432,2.432,32.739,93.688,88.7,-4.660,-4.660,97.398,2.375,18.7,2.564,2.564,1.060,-9.477,-16.9,-6.086,-6.086,-6.332,-48.312,19.8,-8.828,-8.828,-48.469,-102.125,-113.9,5.574,5.574,-100.068,0.000,0.0,0.000,0.000,0.000,0.000,0.0,0.000,0.000,0.000
3069.4082,0.490,19.8,-4.957,-4.957,-0.630,2.391,-6.4,-2.160,-2.160,4.012,26.406,-49.6,4.406,4.406,32.739,93.875,82.1,-4.539,-4.539,97.398,2.416,21.1,-0.188,-0.188,1.060,-9.492,-13.2,-2.879,-2.879,-6.332,-48.250,30.7,-8.188,-8.188,-48.469,-102.312,-111.6,5.547,5.547,-100.068,0.000,0.0,0.000,0.000,0.000,0.000,0.0,0.000,0.000,0.000
3069.4102,0.499,10.4,2.326,2.326,-0.630,2.348,-15.2,3.096,3.096,4.012,26.328,-44.4,8.516,8.516,32.739,94.000,75.1,-4.148,-4.148,97.398,2.410,5.3,-4.473,-4.473,1.060,-9.477,1.5,-0.383,-0.383,-6.332,-48.188,36.2,-2.785,-2.785,-48.469,-102.562,-110.6,5.953,5.953,-100.068,0.000,0.0,0.000,0.000,0.000,0.000,0.0,0.000,0.000,0.000
3069.4122,0.518,8.8,-0.351,-0.351,-0.630,2.342,-6.6,5.352,5.352,4.012,26.250,-36.3,10.234,10.234,32.739,94.125,67.6,-4.988,-4.988,97.398,2.375,-10.0,-1.672,-1.672,1.060,-9.414,19.6,0.266,0.266,-6.332,-48.062,48.7,-1.010,-1.010,-48.469,-102.750,-98.6,6.027,6.027,-100.068,0.000,0.0,0.000,0.000,0.000,0.000,0.0,0.000,0.000,0.000
3069.4142,0.534,7.6,-3.057,-3.057,-0.630,2.354,2.4,5.082,5.082,4.012,26.234,-19.2,10.398,10.398,32.739,94.250,52.0,-5.121,-5.121,97.398,2.322,-21.2,1.062,1.062,1.060,-9.328,34.3,-0.453,-0.453,-6.332,-47.938,63.7,-1.122,-1.122,-48.469,-102.875,-88.6,5.660,5.660,-100.068,0.000,0.0,0.000,0.000,0.000,0.000,0.0,0.000,0.000,0.000
3069.4162,0.527,1.4,-4.426,-4.426,-0.630,2.410,17.5,4.426,4.426,4.012,26.266,2.9,9.594,9.594,32.739,94.312,39.2,-5.203,-5.203,97.398,2.271,-23.5,3.252,3.252,1.060,-9.250,34.7,-0.252,-0.252,-6.332,-47.781,73.3,-1.898,-1.898,-48.469,-103.062,-75.1,5.043,5.043,-100.068,0.000,0.0,0.000,0.000,0.000,0.000,0.0,0.000,0.000,0.000
3069.4182,0.477,-14.5,-3.721,-3.721,-0.630,2.494,32.6,3.395,3.395,4.012,26.328,21.2,8.750,8.750,32.739,94.312,26.6,-5.270,-5.270,97.398,2.229,-22.0,2.598,2.598,1.060,-9.156,42.4,-0.613,-0.613,-6.332,-47.625,80.9,-2.557,-2.557,-48.469,-103.188,-68.1,5.156,5.156,-100.068,0.000,0.0,0.000,0.000,0.000,0.000,0.0,0.000,0.000,0.000
3069.4203,0.408,-28.2,-0.512,-0.512,-0.630,2.602,45.9,2.188,2.188,4.012,26.391,31.6,6.137,6.137,32.739,94.312,9.0,-6.285,-6.285,97.398,2.191,-19.1,-0.342,-0.342,1.060,-9.078,39.9,-0.965,-0.965,-6.332,-47.438,85.2,-5.754,-5.754,-48.469,-103.250,-59.1,5.969,5.969,-100.068,0.000,0.0,0.000,0.000,0.000,0.000,0.0,0.000,0.000,0.000
3069.4224,0.367,-21.6,2.787,2.787,-0.630,2.693,46.3,0.906,0.906,4.012,26.469,35.8,5.207,5.207,32.739,94.312,-5.9,-7.969,-7.969,97.398,2.137,-24.0,0.066,0.066,1.060,-9.016,34.8,-1.409,-1.409,-6.332,-47.281,82.6,-6.836,-6.836,-48.469,-103.312,-39.2,8.922,8.922,-100.068,0.000,0.0,0.000,0.000,0.000,0.000,0.0,0.000,0.000,0.000
3069.4245,0.330,-19.0,2.828,2.828,-0.630,2.797,50.7,0.301,0.301,4.012,26.516,28.5,4.555,4.555,32.739,94.250,-26.1,-8.695,-8.695,97.398,2.080,-27.4,0.563,0.563,1.060,-8.969,27.6,-1.836,-1.836,-6.332,-47.156,72.2,-8.258,-8.258,-48.469,-103.312,-15.0,10.570,10.570,-100.068,0.000,0.0,0.000,0.000,0.000,0.000,0.0,0.000,0.000,0.000
3069.4270,0.320,-9.9,2.350,2.350,-0.630,2.830,30.4,0.471,0.471,4.012,26.562,24.0,3.227,3.227,32.739,94.125,-50.8,-5.723,-5.723,97.398,2.012,-32.4,0.990,0.990,1.060,-8.930,20.6,-1.440,-1.440,-6.332,-47.062,50.8,-8.352,-8.352,-48.469,-103.312,12.2,11.305,11.305,-100.068,0.000,0.0,0.000,0.000,0.000,0.000,0.0,0.000,0.000,0.000
3069.4284,0.339,1.8,2.314,2.314,-0.630,2.836,12.7,0.693,0.693,4.012,26.562,9.9,2.943,2.943,32.739,94.000,-62.4,-3.525,-3.525,97.398,1.949,-32.5,1.279,1.279,1.060,-8.922,9.7,-1.558,-1.558,-6.332,-47.031,29.6,-9.922,-9.922,-48.469,-103.188,42.3,11.562,11.562,-100.068,0.000,0.0,0.000,0.000,0.000,0.000,0.0,0.000,0.000,0.000
3069.4302,0.364,8.5,2.406,2.406,-0.630,2.799,-7.4,1.212,1.212,4.012,26.562,-1.1,3.814,3.814,32.739,93.812,-71.7,-2.129,-2.129,97.398,1.898,-26.7,1.351,1.351,1.060,-8.945,-4.4,-1.901,-1.901,-6.332,-47.031,7.3,-11.031,-11.031,-48.469,-103.000,65.1,11.844,11.844,-100.068,0.000,0.0,0.000,0.000,0.000,0.000,0.0,0.000,0.000,0.000
3069.4322,0.414,18.9,1.863,1.863,-0.630,2.732,-24.8,2.139,2.139,4.012,26.531,-8.3,5.137,5.137,32.739,93.688,-69.3,-1.369,-1.369,97.398,1.833,-29.5,1.404,1.404,1.060,-8.969,-10.9,-2.514,-2.514,-6.332,-47.094,-20.6,-12.203,-12.203,-48.469,-102.812,93.7,11.484,11.484,-100.068,0.000,0.0,0.000,0.000,0.000,0.000,0.0,0.000,0.000,0.000
3069.4342,0.477,26.5,1.141,1.141,-0.630,2.668,-31.5,2.828,2.828,4.012,26.500,-13.2,7.184,7.184,32.739,93.562,-63.2,-0.934,-0.934,97.398,1.776,-26.8,1.553,1.553,1.060,-9.016,-17.7,-2.982,-2.982,-6.332,-47.219,-43.2,-12.719,-12.719,-48.469,-102.562,117.2,10.586,10.586,-100.068,0.000,0.0,0.000,0.000,0.000,0.000,0.0,0.000,0.000,0.000
3069.4362,0.537,27.8,0.489,0.489,-0.630,2.617,-28.6,3.676,3.676,4.012,26.500,-4.9,8.648,8.648,32.739,93.438,-58.9,-1.308,-1.308,97.398,1.732,-21.9,1.093,1.093,1.060,-9.078,-27.8,-3.773,-3.773,-6.332,-47.344,-56.8,-12.484,-12.484,-48.469,-102.250,141.6,8.805,8.805,-100.068,0.000,0.0,0.000,0.000,0.000,0.000,0.0,0.000,0.000,0.000
3069.4382,0.605,30.5,-0.211,-0.211,-0.630,2.580,-22.4,3.512,3.512,4.012,26.516,2.7,9.641,9.641,32.739,93.375,-49.9,-1.722,-1.722,97.398,1.686,-22.7,0.702,0.702,1.060,-9.156,-35.2,-3.260,-3.260,-6.332,-47.500,-73.8,-10.875,-10.875,-48.469,-101.938,156.4,7.238,7.238,-100.068,0.000,0.0,0.000,0.000,0.000,0.000,0.0,0.000,0.000,0.000
3069.4402,0.666,28.9,-1.202,-1.202,-0.630,2.549,-18.8,2.523,2.523,4.012,26.547,10.7,8.133,8.133,32.739,93.312,-39.3,-0.132,-0.132,97.398,1.647,-21.0,3.059,3.059,1.060,-9.242,-39.2,-4.004,-4.004,-6.332,-47.656,-78.5,-12.820,-12.820,-48.469,-101.625,150.6,3.988,3.988,-100.068,0.000,0.0,0.000,0.000,0.000,0.000,0.0,0.000,0.000,0.000
3069.4422,0.719,28.0,-6.129,-6.129,-0.630,2.545,-9.0,1.732,1.732,4.012,26.562,14.3,5.891,5.891,32.739,93.250,-25.9,3.342,3.342,97.398,1.647,-8.0,14.125,14.125,1.060,-9.328,-41.2,-6.445,-6.445,-6.332,-47.844,-84.1,-15.891,-15.891,-48.469,-101.312,145.9,0.692,0.692,-100.068,0.000,0.0,0.000,0.000,0.000,0.000,0.0,0.000,0.000,0.000
3069.4442,0.700,3.9,-9.914,-9.914,-0.630,2.535,-6.4,1.708,1.708,4.012,26.562,2.0,7.219,7.219,32.739,93.250,-4.1,3.201,3.201,97.398,1.729,23.5,10.672,10.672,1.060,-9.398,-36.9,-8.375,-8.375,-6.332,-48.031,-90.2,-15.734,-15.734,-48.469,-101.062,132.8,-2.295,-2.295,-100.068,0.000,0.0,0.000,0.000,0.000,0.000,0.0,0.000,0.000,0.000
3069.4463,0.612,-27.4,-7.438,-7.438,-0.630,2.535,-1.6,1.860,1.860,4.012,26.531,-5.1,8.102,8.102,32.739,93.312,14.0,2.678,2.678,97.398,1.886,58.8,7.477,7.477,1.060,-9.492,-42.3,-9.562,-9.562,-6.332,-48.219,-90.2,-15.742,-15.742,-48.469,-100.875,103.6,-4.324,-4.324,-100.068,0.000,0.0,0.000,0.000,0.000,0.000,0.0,0.000,0.000,0.000
3069.4484,0.490,-48.7,-4.469,-4.469,-0.630,2.525,-2.8,2.215,2.215,4.012,26.500,-17.0,7.961,7.961,32.739,93.438,39.8,1.812,1.812,97.398,2.078,83.5,4.277,4.277,1.060,-9.555,-35.6,-9.281,-9.281,-6.332,-48.406,-92.6,-14.953,-14.953,-48.469,-100.812,62.3,-2.674,-2.674,-100.068,0.000,0.0,0.000,0.000,0.000,0.000,0.0,0.000,0.000,0.000
3069.4504,0.345,-62.6,-2.627,-2.627,-0.630,2.533,2.0,2.133,2.133,4.012,26.469,-17.2,7.516,7.516,32.739,93.562,51.0,1.157,1.157,97.398,2.277,94.4,1.735,1.735,1.060,-9.594,-23.5,-9.602,-9.602,-6.332,-48.562,-85.1,-14.734,-14.734,-48.469,-100.812,28.4,0.002,0.002,-100.068,0.000,0.0,0.000,0.000,0.000,0.000,0.0,0.000,0.000,0.000
3069.4523,0.210,-65.1,-1.976,-1.976,-0.630,2.535,1.1,2.105,2.105,4.012,26.422,-18.4,12.875,12.875,32.739,93.688,67.4,0.677,0.677,97.398,2.482,98.5,-6.367,-6.367,1.060,-9.633,-19.1,-9.906,-9.906,-6.332,-48.719,-77.3,-12.578,-12.578,-48.469,-100.812,0.6,-2.322,-2.322,-100.068,0.000,0.0,0.000,0.000,0.000,0.000,0.0,0.000,0.000,0.000
3069.4542,0.125,-49.4,9.320,9.320,-0.630,2.564,10.3,6.707,6.707,4.012,26.406,-10.6,12.922,12.922,32.739,93.875,79.9,0.255,0.255,97.398,2.611,73.2,-14.297,-14.297,1.060,-9.625,-4.0,-6.168,-6.168,-6.332,-48.812,-57.8,-7.883,-7.883,-48.469,-100.875,-26.8,-2.027,-2.027,-100.068,0.000,0.0,0.000,0.000,0.000,0.000,0.0,0.000,0.000,0.000
3069.4562,0.129,-15.9,6.195,6.195,-0.630,2.607,18.4,5.477,5.477,4.012,26.406,-0.5,5.551,5.551,32.739,94.062,84.2,-0.335,-0.335,97.398,2.637,31.2,-8.094,-8.094,1.060,-9.570,16.1,-3.441,-3.441,-6.332,-48.844,-29.5,-7.773,-7.773,-48.469,-101.062,-61.2,-0.629,-0.629,-100.068,0.000,0.0,0.000,0.000,0.000,0.000,0.0,0.000,0.000,0.000
3069.4582,0.217,22.0,1.639,1.639,-0.630,2.664,25.1,-0.450,-0.450,4.012,26.422,0.6,3.609,3.609,32.739,94.250,89.5,-1.724,-1.724,97.398,2.602,-0.8,-0.320,-0.320,1.060,-9.484,29.7,-7.504,-7.504,-6.332,-48.812,-0.1,-10.945,-10.945,-48.469,-101.250,-84.1,0.850,0.850,-100.068,0.000,0.0,0.000,0.000,0.000,0.000,0.0,0.000,0.000,0.000
3069.4602,0.304,37.3,-3.424,-3.424,-0.630,2.678,12.7,-2.350,-2.350,4.012,26.406,-4.2,2.896,2.896,32.739,94.375,89.6,-2.893,-2.893,97.398,2.561,-11.5,3.732,3.732,1.060,-9.406,35.0,-9.625,-9.625,-6.332,-48.719,26.4,-10.992,-10.992,-48.469,-101.500,-104.9,2.803,2.803,-100.068,0.000,0.0,0.000,0.000,0.000,0.000,0.0,0.000,0.000,0.000
3069.4622,0.374,35.2,-1.346,-1.346,-0.630,2.645,-4.8,0.200,0.200,4.012,26.375,-10.3,2.984,2.984,32.739,94.562,82.2,-3.494,-3.494,97.398,2.504,-21.8,-1.327,-1.327,1.060,-9.391,16.5,-5.492,-5.492,-6.332,-48.656,33.1,-10.242,-10.242,-48.469,-101.750,-118.2,3.703,3.703,-100.068,0.000,0.0,0.000,0.000,0.000,0.000,0.0,0.000,0.000,0.000
3069.4642,0.436,33.0,1.466,1.466,-0.630,2.602,-15.3,3.605,3.605,4.012,26.312,-23.9,5.406,5.406,32.739,94.688,77.9,-3.451,-3.451,97.398,2.441,-28.5,-2.135,-2.135,1.060,-9.375,12.0,-1.979,-1.979,-6.332,-48.594,38.8,-6.754,-6.754,-48.469,-102.000,-126.8,5.617,5.617,-100.068,0.000,0.0,0.000,0.000,0.000,0.000,0.0,0.000,0.000,0.000
3069.4662,0.508,33.6,-0.846,-0.846,-0.630,2.570,-14.9,5.004,5.004,4.012,26.266,-22.3,7.199,7.199,32.739,94.812,64.8,-4.293,-4.293,97.398,2.354,-38.3,0.872,0.872,1.060,-9.359,11.0,-0.285,-0.285,-6.332,-48.469,48.7,-3.434,-3.434,-48.469,-102.250,-121.4,6.270,6.270,-100.068,0.000,0.0,0.000,0.000,0.000,0.000,0.0,0.000,0.000,0.000
3069.4682,0.574,32.7,-6.121,-6.121,-0.630,2.582,-1.6,4.750,4.750,4.012,26.250,-16.8,8.398,8.398,32.739,94.938,52.1,-5.656,-5.656,97.398,2.270,-39.9,6.383,6.383,1.060,-9.352,9.3,1.181,1.181,-6.332,-48.344,62.1,-1.006,-1.006,-48.469,-102.438,-113.6,7.129,7.129,-100.068,0.000,0.0,0.000,0.000,0.000,0.000,0.0,0.000,0.000,0.000
3069.4702,0.578,13.6,-5.750,-5.750,-0.630,2.617,11.7,3.094,3.094,4.012,26.250,-3.4,5.605,5.605,32.739,95.000,41.6,-6.797,-6.797,97.398,2.223,-28.1,3.164,3.164,1.060,-9.320,14.4,1.601,1.601,-6.332,-48.156,75.4,-2.592,-2.592,-48.469,-102.625,-109.2,6.988,6.988,-100.068,0.000,0.0,0.000,0.000,0.000,0.000,0.0,0.000,0.000,0.000
3069.4722,0.549,-2.1,-4.320,-4.320,-0.630,2.674,22.5,2.533,2.533,4.012,26.281,5.0,6.848,6.848,32.739,95.000,27.2,-4.039,-4.039,97.398,2.178,-23.5,5.781,5.781,1.060,-9.266,21.6,1.997,1.997,-6.332,-47.969,92.7,-1.390,-1.390,-48.469,-102.812,-93.3,7.051,7.051,-100.068,0.000,0.0,0.000,0.000,0.000,0.000,0.0,0.000,0.000,0.000
3069.4743,0.483,-23.4,-8.258,-8.258,-0.630,2.732,25.8,4.938,4.938,4.012,26.297,10.0,8.070,8.070,32.739,95.000,9.8,-3.619,-3.619,97.398,2.191,-4.6,9.609,9.609,1.060,-9.219,24.3,3.881,3.881,-6.332,-47.781,96.7,-2.029,-2.029,-48.469,-103.000,-80.8,6.027,6.027,-100.068,0.000,0.0,0.000,0.000,0.000,0.000,0.0,0.000,0.000,0.000
3069.4762,0.392,-40.3,-9.898,-9.898,-0.630,2.834,41.3,5.309,5.309,4.012,26.344,14.6,9.047,9.047,32.739,95.000,0.6,-4.297,-4.297,97.398,2.238,12.7,7.227,7.227,1.060,-9.125,37.1,2.879,2.879,-6.332,-47.562,102.0,-3.033,-3.033,-48.469,-103.125,-67.7,5.414,5.414,-100.068,0.000,0.0,0.000,0.000,0.000,0.000,0.0,0.000,0.000,0.000
3069.4787,0.251,-62.0,-7.344,-7.344,-0.630,2.943,51.0,4.719,4.719,4.012,26.406,29.8,10.055,10.055,32.739,95.000,-11.4,-9.633,-9.633,97.398,2.328,32.0,3.816,3.816,1.060,-9.031,41.8,1.354,1.354,-6.332,-47.344,104.2,-3.035,-3.035,-48.469,-103.188,-57.6,5.457,5.457,-100.068,0.000,0.0,0.000,0.000,0.000,0.000,0.0,0.000,0.000,0.000
3069.4805,0.116,-65.5,-5.375,-5.375,-0.630,3.051,53.6,4.641,4.641,4.012,26.516,42.6,9.398,9.398,32.739,94.875,-29.7,-8.547,-8.547,97.398,2.420,39.2,-1.176,-1.176,1.060,-8.938,45.1,0.486,0.486,-6.332,-47.156,103.7,-5.578,-5.578,-48.469,-103.312,-47.1,9.930,9.930,-100.068,0.000,0.0,0.000,0.000,0.000,0.000,0.0,0.000,0.000,0.000
3069.4822,0.016,-54.2,5.801,5.801,-0.630,3.123,42.2,1.501,1.501,4.012,26.594,44.7,4.531,4.531,32.739,94.750,-51.3,-8.266,-8.266,97.398,2.467,27.0,-5.070,-5.070,1.060,-8.844,46.5,-2.350,-2.350,-6.332,-47.000,85.6,-9.656,-9.656,-48.469,-103.312,-24.5,11.414,11.414,-100.068,0.000,0.0,0.000,0.000,0.000,0.000,0.0,0.000,0.000,0.000
3069.4842,-0.016,-27.4,6.145,6.145,-0.630,3.123,13.6,0.591,0.591,4.012,26.672,40.2,2.697,2.697,32.739,94.625,-66.8,-4.605,-4.605,97.398,2.473,11.2,-4.828,-4.828,1.060,-8.789,35.1,-2.186,-2.186,-6.332,-46.906,55.4,-9.531,-9.531,-48.469,-103.250,7.1,7.902,7.902,-100.068,0.000,0.0,0.000,0.000,0.000,0.000,0.0,0.000,0.000,0.000
3069.4862,0.028,6.1,3.521,3.521,-0.630,3.068,-13.9,4.059,4.059,4.012,26.750,39.0,6.137,6.137,32.739,94.438,-86.6,-6.934,-6.934,97.398,2.422,-10.3,-2.102,-2.102,1.060,-8.758,23.6,0.479,0.479,-6.332,-46.844,36.6,-5.957,-5.957,-48.469,-103.188,26.1,3.354,3.354,-100.068,0.000,0.0,0.000,0.000,0.000,0.000,0.0,0.000,0.000,0.000
3069.4882,0.075,16.5,-2.664,-2.664,-0.630,2.990,-32.5,6.711,6.711,4.012,26.828,40.7,13.594,13.594,32.739,94.250,-99.4,-10.297,-10.297,97.398,2.338,-30.3,1.051,1.051,1.060,-8.719,18.5,1.228,1.228,-6.332,-46.844,18.5,-2.955,-2.955,-48.469,-103.125,34.7,1.882,1.882,-100.068,0.000,0.0,0.000,0.000,0.000,0.000,0.0,0.000,0.000,0.000
3069.4902,0.138,24.0,-0.711,-0.711,-0.630,2.959,-21.8,7.758,7.758,4.012,26.953,53.4,11.578,11.578,32.739,93.938,-119.6,-8.469,-8.469,97.398,2.254,-39.0,-3.123,-3.123,1.060,-8.664,22.7,1.694,1.694,-6.332,-46.812,18.1,-6.219,-6.219,-48.469,-103.062,37.4,3.545,3.545,-100.068,0.000,0.0,0.000,0.000,0.000,0.000,0.0,0.000,0.000,0.000
3069.4922,0.173,19.2,1.934,1.934,-0.630,2.947,-10.4,6.199,6.199,4.012,27.094,67.0,10.039,10.039,32.739,93.688,-136.0,-5.434,-5.434,97.398,2.137,-51.2,-0.934,-0.934,1.060,-8.633,18.9,-0.229,-0.229,-6.332,-46.812,9.3,-9.133,-9.133,-48.469,-103.000,36.2,5.980,5.980,-100.068,0.000,0.0,0.000,0.000,0.000,0.000,0.0,0.000,0.000,0.000
3069.4942,0.239,28.3,0.964,0.964,-0.630,2.963,1.2,4.184,4.184,4.012,27.250,71.5,7.988,7.988,32.739,93.312,-151.8,-2.758,-2.758,97.398,2.018,-56.7,1.610,1.610,1.060,-8.602,14.3,-2.057,-2.057,-6.332,-46.812,-4.4,-11.016,-11.016,-48.469,-102.875,43.2,8.133,8.133,-100.068,0.000,0.0,0.000,0.000,0.000,0.000,0.0,0.000,0.000,0.000
3069.4962,0.298,31.3,-0.149,-0.149,-0.630,2.980,5.6,2.465,2.465,4.012,27.359,63.1,7.164,7.164,32.739,93.062,-151.5,-1.182,-1.182,97.398,1.896,-60.4,3.668,3.668,1.060,-8.609,5.0,-3.777,-3.777,-6.332,-46.875,-22.1,-10.664,-10.664,-48.469,-102.750,59.3,8.820,8.820,-100.068,0.000,0.0,0.000,0.000,0.000,0.000,0.0,0.000,0.000,0.000
3069.4982,0.358,31.3,-0.880,-0.880,-0.630,2.994,5.7,2.715,2.715,4.012,27.453,48.8,7.680,7.680,32.739,92.750,-140.9,-0.943,-0.943,97.398,1.811,-51.3,3.727,3.727,1.060,-8.656,-16.9,-2.906,-2.906,-6.332,-47.000,-40.9,-9.820,-9.820,-48.469,-102.625,72.3,8.047,8.047,-100.068,0.000,0.0,0.000,0.000,0.000,0.000,0.0,0.000,0.000,0.000
3069.5002,0.405,27.5,-1.040,-1.040,-0.630,2.979,-1.8,3.262,3.262,4.012,27.469,25.8,8.375,8.375,32.739,92.562,-125.0,-0.334,-0.334,97.398,1.754,-35.9,3.416,3.416,1.060,-8.703,-21.7,-2.748,-2.748,-6.332,-47.094,-48.6,-9.828,-9.828,-48.469,-102.438,83.8,8.148,8.148,-100.068,0.000,0.0,0.000,0.000,0.000,0.000,0.0,0.000,0.000,0.000
3069.5022,0.446,23.1,-1.202,-1.202,-0.630,2.932,-15.7,4.859,4.859,4.012,27.469,6.9,10.547,10.547,32.739,92.312,-105.9,-0.664,-0.664,97.398,1.697,-31.8,2.705,2.705,1.060,-8.773,-28.0,-2.076,-2.076,-6.332,-47.219,-62.3,-9.570,-9.570,-48.469,-102.188,97.2,7.008,7.008,-100.068,0.000,0.0,0.000,0.000,0.000,0.000,0.0,0.000,0.000,0.000
3069.5042,0.483,21.6,-1.318,-1.318,-0.630,2.881,-21.2,5.379,5.379,4.012,27.453,-4.6,11.984,11.984,32.739,92.188,-88.1,-1.038,-1.038,97.398,1.679,-19.7,1.815,1.815,1.060,-8.859,-36.2,-1.840,-1.840,-6.332,-47.344,-60.3,-9.578,-9.578,-48.469,-102.000,104.8,6.086,6.086,-100.068,0.000,0.0,0.000,0.000,0.000,0.000,0.0,0.000,0.000,0.000
3069.5062,0.505,17.2,-0.870,-0.870,-0.630,2.836,-22.2,5.152,5.152,4.012,27.406,-12.4,12.414,12.414,32.739,92.062,-66.1,-1.539,-1.539,97.398,1.663,-13.8,1.085,1.085,1.060,-8.945,-40.1,-1.647,-1.647,-6.332,-47.500,-65.1,-9.344,-9.344,-48.469,-101.750,109.4,5.551,5.551,-100.068,0.000,0.0,0.000,0.000,0.000,0.000,0.0,0.000,0.000,0.000
3069.5082,0.527,15.8,-0.664,-0.664,-0.630,2.809,-16.7,4.242,4.242,4.012,27.391,-12.3,12.539,12.539,32.739,92.000,-51.1,-1.414,-1.414,97.398,1.660,-6.9,0.473,0.473,1.060,-9.047,-46.3,-1.737,-1.737,-6.332,-47.594,-62.1,-9.484,-9.484,-48.469,-101.562,107.0,5.160,5.160,-100.068,0.000,0.0,0.000,0.000,0.000,0.000,0.0,0.000,0.000,0.000
3069.5102,0.518,4.5,0.118,0.118,-0.630,2.771,-18.0,3.721,3.721,4.012,27.359,-14.7,11.977,11.977,32.739,91.938,-31.6,-1.271,-1.271,97.398,1.657,-2.4,0.523,0.523,1.060,-9.133,-44.1,-1.802,-1.802,-6.332,-47.719,-55.2,-10.117,-10.117,-48.469,-101.375,102.2,4.395,4.395,-100.068,0.000,0.0,0.000,0.000,0.000,0.000,0.0,0.000,0.000,0.000
3069.5122,0.515,0.2,0.089,0.089,-0.630,2.740,-17.5,2.637,2.637,4.012,27.328,-15.1,10.953,10.953,32.739,91.938,-13.2,-0.430,-0.430,97.398,1.653,-0.9,0.207,0.207,1.060,-9.234,-48.7,-2.666,-2.666,-6.332,-47.812,-53.8,-10.953,-10.953,-48.469,-101.188,93.7,2.115,2.115,-100.068,0.000,0.0,0.000,0.000,0.000,0.000,0.0,0.000,0.000,0.000
3069.5142,0.527,3.7,-1.786,-1.786,-0.630,2.709,-17.4,2.025,2.025,4.012,27.312,-13.2,7.898,7.898,32.739,92.000,9.7,2.055,2.055,97.398,1.663,4.1,6.762,6.762,1.060,-9.289,-33.9,-4.492,-4.492,-6.332,-47.906,-48.8,-13.367,-13.367,-48.469,-101.000,81.9,0.367,0.367,-100.068,0.000,0.0,0.000,0.000,0.000,0.000,0.0,0.000,0.000,0.000
3069.5162,0.505,-6.3,-5.379,-5.379,-0.630,2.680,-16.2,1.834,1.834,4.012,27.266,-19.1,7.730,7.730,32.739,92.062,34.3,1.676,1.676,97.398,1.726,23.3,7.289,7.289,1.060,-9.312,-21.1,-5.383,-5.383,-6.332,-48.031,-49.9,-13.602,-13.602,-48.469,-100.875,62.3,-0.184,-0.184,-100.068,0.000,0.0,0.000,0.000,0.000,0.000,0.0,0.000,0.000,0.000
3069.5182,0.471,-13.8,-4.887,-4.887,-0.630,2.662,-12.3,1.597,1.597,4.012,27.203,-29.9,8.023,8.023,32.739,92.188,55.2,0.840,0.840,97.398,1.836,45.0,4.441,4.441,1.060,-9.344,-17.8,-6.121,-6.121,-6.332,-48.125,-53.8,-13.086,-13.086,-48.469,-100.875,38.2,-0.201,-0.201,-100.068,0.000,0.0,0.000,0.000,0.000,0.000,0.0,0.000,0.000,0.000
3069.5202,0.414,-22.3,-4.188,-4.188,-0.630,2.648,-9.2,1.543,1.543,4.012,27.109,-41.9,8.242,8.242,32.739,92.375,72.8,0.137,0.137,97.398,1.955,56.7,3.328,3.328,1.060,-9.359,-10.8,-7.230,-7.230,-6.332,-48.219,-51.2,-12.961,-12.961,-48.469,-100.875,8.6,-0.510,-0.510,-100.068,0.000,0.0,0.000,0.000,0.000,0.000,0.0,0.000,0.000,0.000
3069.5222,0.389,-16.6,-4.727,-4.727,-0.630,2.652,-2.3,1.111,1.111,4.012,27.000,-46.7,7.977,7.977,32.739,92.562,93.9,-0.836,-0.836,97.398,2.086,64.3,2.664,2.664,1.060,-9.398,-17.1,-8.047,-8.047,-6.332,-48.344,-52.4,-11.977,-11.977,-48.469,-100.938,-15.0,-0.568,-0.568,-100.068,0.000,0.0,0.000,0.000,0.000,0.000,0.0,0.000,0.000,0.000
3069.5242,0.376,-9.7,-4.980,-4.980,-0.630,2.648,0.2,0.656,0.656,4.012,26.906,-49.0,7.262,7.262,32.739,92.812,101.0,-1.864,-1.864,97.398,2.225,68.9,1.188,1.188,1.060,-9.445,-22.9,-8.344,-8.344,-6.332,-48.438,-47.5,-10.508,-10.508,-48.469,-101.062,-43.1,-0.685,-0.685,-100.068,0.000,0.0,0.000,0.000,0.000,0.000,0.0,0.000,0.000,0.000
3069.5262,0.383,-0.6,-4.523,-4.523,-0.630,2.639,-3.0,-0.720,-0.720,4.012,26.797,-52.8,6.219,6.219,32.739,93.062,115.2,-3.561,-3.561,97.398,2.359,68.6,-0.653,-0.653,1.060,-9.508,-28.1,-4.750,-4.750,-6.332,-48.500,-36.5,-8.469,-8.469,-48.469,-101.188,-67.4,0.660,0.660,-100.068,0.000,0.0,0.000,0.000,0.000,0.000,0.0,0.000,0.000,0.000
3069.5283,0.386,1.2,-4.023,-4.023,-0.630,2.633,-5.0,-1.492,-1.492,4.012,26.703,-52.0,5.086,5.086,32.739,93.250,114.5,-4.238,-4.238,97.398,2.477,62.4,-0.609,-0.609,1.060,-9.555,-24.2,-6.016,-6.016,-6.332,-48.531,-24.1,-8.148,-8.148,-48.469,-101.375,-89.8,2.256,2.256,-100.068,0.000,0.0,0.000,0.000,0.000,0.000,0.0,0.000,0.000,0.000
3069.5307,0.389,0.3,-4.301,-4.301,-0.630,2.633,-3.0,-2.627,-2.627,4.012,26.594,-50.3,4.145,4.145,32.739,93.500,110.6,-4.852,-4.852,97.398,2.580,55.5,0.178,0.178,1.060,-9.594,-19.7,-6.195,-6.195,-6.332,-48.500,-5.1,-7.965,-7.965,-48.469,-101.625,-100.9,3.725,3.725,-100.068,0.000,0.0,0.000,0.000,0.000,0.000,0.0,0.000,0.000,0.000
3069.5327,0.386,-1.9,-4.090,-4.090,-0.630,2.605,-11.0,-3.010,-3.010,4.012,26.500,-50.3,3.453,3.453,32.739,93.688,101.6,-4.848,-4.848,97.398,2.684,53.9,0.683,0.683,1.060,-9.617,-15.1,-6.488,-6.488,-6.332,-48.469,9.5,-8.109,-8.109,-48.469,-101.812,-106.0,4.832,4.832,-100.068,0.000,0.0,0.000,0.000,0.000,0.000,0.0,0.000,0.000,0.000
3069.5344,0.361,-10.2,-3.861,-3.861,-0.630,2.574,-15.4,-2.658,-2.658,4.012,26.391,-51.9,3.494,3.494,32.739,93.875,92.9,-4.531,-4.531,97.398,2.768,46.6,-0.637,-0.637,1.060,-9.633,-10.9,-5.180,-5.180,-6.332,-48.438,12.2,-7.723,-7.723,-48.469,-102.062,-103.2,5.055,5.055,-100.068,0.000,0.0,0.000,0.000,0.000,0.000,0.0,0.000,0.000,0.000
3069.5362,0.333,-14.4,-0.020,-0.020,-0.630,2.533,-18.0,-0.623,-0.623,4.012,26.297,-52.6,3.242,3.242,32.739,94.000,82.8,-4.539,-4.539,97.398,2.820,32.2,-6.488,-6.488,1.060,-9.648,-8.5,-2.980,-2.980,-6.332,-48.406,18.1,-6.500,-6.500,-48.469,-102.250,-106.7,5.254,5.254,-100.068,0.000,0.0,0.000,0.000,0.000,0.000,0.0,0.000,0.000,0.000
3069.5382,0.326,-7.3,6.129,6.129,-0.630,2.488,-19.2,1.935,1.935,4.012,26.203,-47.2,4.895,4.895,32.739,94.188,75.4,-4.457,-4.457,97.398,2.840,16.9,-6.797,-6.797,1.060,-9.625,2.1,-1.560,-1.560,-6.332,-48.344,22.0,-4.598,-4.598,-48.469,-102.438,-100.4,5.676,5.676,-100.068,0.000,0.0,0.000,0.000,0.000,0.000,0.0,0.000,0.000,0.000
3069.5402,0.361,8.0,3.230,3.230,-0.630,2.447,-20.3,4.219,4.219,4.012,26.141,-36.2,6.391,6.391,32.739,94.312,66.8,-3.910,-3.910,97.398,2.777,-13.4,-4.539,-4.539,1.060,-9.609,6.6,-0.628,-0.628,-6.332,-48.281,25.0,-3.186,-3.186,-48.469,-102.688,-97.7,5.512,5.512,-100.068,0.000,0.0,0.000,0.000,0.000,0.000,0.0,0.000,0.000,0.000
3069.5422,0.414,18.2,0.991,0.991,-0.630,2.473,1.1,5.105,5.105,4.012,26.094,-28.7,8.195,8.195,32.739,94.375,57.3,-4.027,-4.027,97.398,2.678,-36.4,-2.146,-2.146,1.060,-9.562,14.6,-0.660,-0.660,-6.332,-48.219,34.1,-2.742,-2.742,-48.469,-102.812,-93.1,5.570,5.570,-100.068,0.000,0.0,0.000,0.000,0.000,0.000,0.0,0.000,0.000,0.000
3069.5442,0.474,23.6,-0.040,-0.040,-0.630,2.508,12.5,4.605,4.605,4.012,26.109,-5.6,8.273,8.273,32.739,94.500,46.1,-4.223,-4.223,97.398,2.561,-49.3,0.014,0.014,1.060,-9.516,19.7,-0.542,-0.542,-6.332,-48.125,39.2,-2.473,-2.473,-48.469,-103.000,-80.6,4.871,4.871,-100.068,0.000,0.0,0.000,0.000,0.000,0.000,0.0,0.000,0.000,0.000
3069.5462,0.540,27.3,-1.148,-1.148,-0.630,2.576,27.9,3.912,3.912,4.012,26.141,8.1,7.449,7.449,32.739,94.562,40.9,-4.102,-4.102,97.398,2.422,-60.6,1.237,1.237,1.060,-9.477,21.4,-0.710,-0.710,-6.332,-48.000,49.0,-3.197,-3.197,-48.469,-103.125,-72.8,4.980,4.980,-100.068,0.000,0.0,0.000,0.000,0.000,0.000,0.0,0.000,0.000,0.000
3069.5482,0.603,30.5,-2.076,-2.076,-0.630,2.658,35.9,3.287,3.287,4.012,26.203,24.3,7.531,7.531,32.739,94.625,33.4,-4.148,-4.148,97.398,2.301,-60.4,3.527,3.527,1.060,-9.445,16.4,-0.250,-0.250,-6.332,-47.906,51.7,-3.160,-3.160,-48.469,-103.250,-65.8,4.789,4.789,-100.068,0.000,0.0,0.000,0.000,0.000,0.000,0.0,0.000,0.000,0.000
3069.5502,0.618,16.2,-2.209,-2.209,-0.630,2.756,43.3,0.900,0.900,4.012,26.281,32.1,4.594,4.594,32.739,94.625,25.3,-5.453,-5.453,97.398,2.191,-54.8,4.012,4.012,1.060,-9.398,18.9,-1.025,-1.025,-6.332,-47.812,47.5,-5.711,-5.711,-48.469,-103.312,-50.8,6.934,6.934,-100.068,0.000,0.0,0.000,0.000,0.000,0.000,0.0,0.000,0.000,0.000
3069.5522,0.637,10.8,-1.380,-1.380,-0.630,2.869,51.7,0.026,0.026,4.012,26.359,36.0,4.961,4.961,32.739,94.625,5.9,-7.473,-7.473,97.398,2.096,-49.4,4.125,4.125,1.060,-9.367,17.8,-1.673,-1.673,-6.332,-47.719,43.2,-6.531,-6.531,-48.469,-103.375,-35.9,9.344,9.344,-100.068,0.000,0.0,0.000,0.000,0.000,0.000,0.0,0.000,0.000,0.000
3069.5542,0.640,4.7,-1.357,-1.357,-0.630,2.938,41.8,0.602,0.602,4.012,26.438,35.5,6.582,6.582,32.739,94.625,-10.1,-8.039,-8.039,97.398,2.033,-38.0,3.566,3.566,1.060,-9.352,11.8,-1.128,-1.128,-6.332,-47.688,29.7,-5.250,-5.250,-48.469,-103.375,-11.9,8.625,8.625,-100.068,0.000,0.0,0.000,0.000,0.000,0.000,0.0,0.000,0.000,0.000
3069.5562,0.631,-1.8,-1.660,-1.660,-0.630,2.969,23.3,2.398,2.398,4.012,26.484,28.6,8.117,8.117,32.739,94.500,-29.6,-9.312,-9.312,97.398,1.996,-26.0,2.939,2.939,1.060,-9.336,10.7,-0.393,-0.393,-6.332,-47.656,21.0,-4.652,-4.652,-48.469,-103.375,7.5,7.629,7.629,-100.068,0.000,0.0,0.000,0.000,0.000,0.000,0.0,0.000,0.000,0.000
3069.5582,0.612,-8.3,-0.895,-0.895,-0.630,2.979,10.3,3.025,3.025,4.012,26.562,33.9,6.371,6.371,32.739,94.375,-51.1,-7.312,-7.312,97.398,1.968,-18.5,1.293,1.293,1.060,-9.312,10.4,-1.526,-1.526,-6.332,-47.625,15.2,-7.035,-7.035,-48.469,-103.312,26.8,8.820,8.820,-100.068,0.000,0.0,0.000,0.000,0.000,0.000,0.0,0.000,0.000,0.000
3069.5602,0.600,-7.6,0.512,0.512,-0.630,2.953,-5.5,3.654,3.654,4.012,26.609,26.3,6.586,6.586,32.739,94.250,-64.0,-6.504,-6.504,97.398,1.945,-13.3,0.792,0.792,1.060,-9.289,10.5,-2.209,-2.209,-6.332,-47.625,2.3,-7.363,-7.363,-48.469,-103.188,48.4,8.875,8.875,-100.068,0.000,0.0,0.000,0.000,0.000,0.000,0.0,0.000,0.000,0.000
3069.5622,0.583,-7.9,1.243,1.243,-0.630,2.918,-15.0,4.215,4.215,4.012,26.656,20.9,6.902,6.902,32.739,94.062,-80.2,-4.742,-4.742,97.398,1.927,-9.0,0.120,0.120,1.060,-9.289,5.6,-2.871,-2.871,-6.332,-47.656,-8.1,-8.992,-8.992,-48.469,-103.062,59.4,8.852,8.852,-100.068,0.000,0.0,0.000,0.000,0.000,0.000,0.0,0.000,0.000,0.000
3069.5642,0.590,0.1,2.090,2.090,-0.630,2.877,-19.1,4.375,4.375,4.012,26.719,25.4,7.059,7.059,32.739,93.875,-89.4,-3.377,-3.377,97.398,1.905,-8.8,-0.632,-0.632,1.060,-9.305,-4.6,-3.371,-3.371,-6.332,-47.719,-19.5,-9.883,-9.883,-48.469,-102.875,77.5,8.703,8.703,-100.068,0.000,0.0,0.000,0.000,0.000,0.000,0.0,0.000,0.000,0.000
3069.5662,0.603,4.9,2.311,2.311,-0.630,2.846,-16.0,4.207,4.207,4.012,26.750,19.6,7.543,7.543,32.739,93.688,-92.9,-2.219,-2.219,97.398,1.870,-12.4,-0.952,-0.952,1.060,-9.336,-13.1,-3.533,-3.533,-6.332,-47.781,-36.5,-10.508,-10.508,-48.469,-102.625,97.8,8.242,8.242,-100.068,0.000,0.0,0.000,0.000,0.000,0.000,0.0,0.000,0.000,0.000
3069.5682,0.627,9.8,2.408,2.408,-0.630,2.818,-14.0,4.000,4.000,4.012,26.766,15.2,8.789,8.789,32.739,93.500,-86.3,-1.524,-1.524,97.398,1.829,-17.4,-1.182,-1.182,1.060,-9.383,-20.9,-3.461,-3.461,-6.332,-47.875,-40.3,-10.578,-10.578,-48.469,-102.438,107.0,7.449,7.449,-100.068,0.000,0.0,0.000,0.000,0.000,0.000,0.0,0.000,0.000,0.000
3069.5702,0.668,15.8,1.743,1.743,-0.630,2.793,-12.6,3.854,3.854,4.012,26.797,10.8,9.617,9.617,32.739,93.375,-82.9,-1.629,-1.629,97.398,1.782,-20.4,-0.912,-0.912,1.060,-9.422,-21.3,-3.170,-3.170,-6.332,-47.969,-47.4,-9.922,-9.922,-48.469,-102.188,116.9,6.645,6.645,-100.068,0.000,0.0,0.000,0.000,0.000,0.000,0.0,0.000,0.000,0.000
3069.5722,0.715,21.2,1.483,1.483,-0.630,2.771,-11.8,4.027,4.027,4.012,26.812,10.2,11.414,11.414,32.739,93.250,-73.5,-2.383,-2.383,97.398,1.717,-29.3,-0.748,-0.748,1.060,-9.453,-18.1,-3.188,-3.188,-6.332,-48.062,-45.0,-9.680,-9.680,-48.469,-101.938,123.2,5.742,5.742,-100.068,0.000,0.0,0.000,0.000,0.000,0.000,0.0,0.000,0.000,0.000
3069.5742,0.766,24.6,0.511,0.511,-0.630,2.758,-8.9,2.809,2.809,4.012,26.812,3.1,10.758,10.758,32.739,93.125,-66.0,-1.456,-1.456,97.398,1.666,-28.4,0.609,0.609,1.060,-9.484,-16.2,-4.707,-4.707,-6.332,-48.156,-42.8,-11.547,-11.547,-48.469,-101.688,119.8,5.570,5.570,-100.068,0.000,0.0,0.000,0.000,0.000,0.000,0.0,0.000,0.000,0.000
3069.5762,0.807,21.9,-0.471,-0.471,-0.630,2.736,-11.0,1.444,1.444,4.012,26.812,0.3,8.898,8.898,32.739,93.000,-53.9,0.366,0.366,97.398,1.619,-26.3,2.293,2.293,1.060,-9.508,-14.0,-6.699,-6.699,-6.332,-48.250,-41.9,-13.609,-13.609,-48.469,-101.438,115.6,6.207,6.207,-100.068,0.000,0.0,0.000,0.000,0.000,0.000,0.0,0.000,0.000,0.000
3069.5782,0.851,20.9,-5.395,-5.395,-0.630,2.705,-13.2,1.580,1.580,4.012,26.812,-3.2,6.359,6.359,32.739,92.938,-36.9,3.062,3.062,97.398,1.622,-7.5,10.438,10.438,1.060,-9.531,-12.6,-7.117,-7.117,-6.332,-48.312,-38.8,-16.766,-16.766,-48.469,-101.188,122.8,7.164,7.164,-100.068,0.000,0.0,0.000,0.000,0.000,0.000,0.0,0.000,0.000,0.000
3069.5802,0.847,4.8,-8.266,-8.266,-0.630,2.654,-18.9,2.117,2.117,4.012,26.766,-16.2,6.875,6.875,32.739,92.938,-16.3,3.016,3.016,97.398,1.686,18.4,9.180,9.180,1.060,-9.547,-10.7,-7.504,-7.504,-6.332,-48.406,-47.9,-16.359,-16.359,-48.469,-101.000,118.3,5.008,5.008,-100.068,0.000,0.0,0.000,0.000,0.000,0.000,0.0,0.000,0.000,0.000
3069.5827,0.800,-13.8,-6.625,-6.625,-0.630,2.596,-25.3,2.160,2.160,4.012,26.703,-27.0,7.695,7.695,32.739,93.000,7.1,2.252,2.252,97.398,1.805,43.4,6.098,6.098,1.060,-9.562,-10.3,-7.824,-7.824,-6.332,-48.531,-51.9,-15.195,-15.195,-48.469,-100.750,108.4,3.574,3.574,-100.068,0.000,0.0,0.000,0.000,0.000,0.000,0.0,0.000,0.000,0.000
3069.5848,0.690,-39.8,-4.262,-4.262,-0.630,2.561,-20.1,2.062,2.062,4.012,26.625,-30.9,7.906,7.906,32.739,93.062,28.9,1.606,1.606,97.398,1.980,71.1,3.801,3.801,1.060,-9.578,-8.3,-8.109,-8.109,-6.332,-48.656,-57.6,-13.992,-13.992,-48.469,-100.625,90.9,2.057,2.057,-100.068,0.000,0.0,0.000,0.000,0.000,0.000,0.0,0.000,0.000,0.000
3069.5868,0.574,-51.1,-2.742,-2.742,-0.630,2.518,-20.7,1.857,1.857,4.012,26.547,-35.9,7.969,7.969,32.739,93.188,46.9,0.950,0.950,97.398,2.143,78.1,2.328,2.328,1.060,-9.602,-11.1,-9.227,-9.227,-6.332,-48.750,-54.5,-13.781,-13.781,-48.469,-100.500,71.5,0.522,0.522,-100.068,0.000,0.0,0.000,0.000,0.000,0.000,0.0,0.000,0.000,0.000
3069.5885,0.446,-59.1,-2.031,-2.031,-0.630,2.510,-9.1,1.561,1.561,4.012,26.484,-35.5,7.789,7.789,32.739,93.312,61.8,0.314,0.314,97.398,2.328,85.8,0.559,0.559,1.060,-9.625,-12.6,-9.117,-9.117,-6.332,-48.844,-49.8,-13.516,-13.516,-48.469,-100.438,41.0,1.431,1.431,-100.068,0.000,0.0,0.000,0.000,0.000,0.000,0.0,0.000,0.000,0.000
3069.5902,0.342,-54.2,-0.951,-0.951,-0.630,2.498,-6.1,2.098,2.098,4.012,26.406,-34.2,8.000,8.000,32.739,93.500,75.4,-0.365,-0.365,97.398,2.508,88.6,-11.805,-11.805,1.060,-9.664,-14.8,-3.451,-3.451,-6.332,-48.938,-43.9,-9.422,-9.422,-48.469,-100.438,11.5,-1.177,-1.177,-100.068,0.000,0.0,0.000,0.000,0.000,0.000,0.0,0.000,0.000,0.000
3069.5922,0.298,-32.5,7.062,7.062,-0.630,2.520,6.9,7.383,7.383,4.012,26.375,-23.0,12.312,12.312,32.739,93.688,84.4,-0.909,-0.909,97.398,2.580,54.6,-13.133,-13.133,1.060,-9.672,-6.7,-2.180,-2.180,-6.332,-48.969,-24.9,-6.578,-6.578,-48.469,-100.500,-15.9,-1.319,-1.319,-100.068,0.000,0.0,0.000,0.000,0.000,0.000,0.0,0.000,0.000,0.000
3069.5942,0.348,5.5,6.062,6.062,-0.630,2.564,16.8,2.465,2.465,4.012,26.375,-8.7,7.895,7.895,32.739,93.812,85.7,-1.825,-1.825,97.398,2.564,14.0,-8.742,-8.742,1.060,-9.633,8.2,-3.949,-3.949,-6.332,-48.938,-1.0,-8.773,-8.773,-48.469,-100.625,-46.5,-0.386,-0.386,-100.068,0.000,0.0,0.000,0.000,0.000,0.000,0.0,0.000,0.000,0.000
3069.5962,0.455,36.1,0.182,0.182,-0.630,2.627,26.6,-1.939,-1.939,4.012,26.391,2.9,2.742,2.742,32.739,94.000,87.8,-3.207,-3.207,97.398,2.488,-19.2,1.841,1.841,1.060,-9.586,19.0,-6.777,-6.777,-6.332,-48.875,19.0,-10.477,-10.477,-48.469,-100.812,-77.1,1.016,1.016,-100.068,0.000,0.0,0.000,0.000,0.000,0.000,0.0,0.000,0.000,0.000
3069.5982,0.578,51.6,-3.246,-3.246,-0.630,2.664,22.2,-2.025,-2.025,4.012,26.375,-2.6,2.510,2.510,32.739,94.188,87.2,-3.699,-3.699,97.398,2.430,-27.6,1.327,1.327,1.060,-9.562,13.5,-5.555,-5.555,-6.332,-48.844,21.2,-9.977,-9.977,-48.469,-101.000,-96.9,2.582,2.582,-100.068,0.000,0.0,0.000,0.000,0.000,0.000,0.0,0.000,0.000,0.000
3069.6002,0.681,50.6,-0.824,-0.824,-0.630,2.684,15.0,0.506,0.506,4.012,26.344,-12.1,4.637,4.637,32.739,94.312,78.4,-3.275,-3.275,97.398,2.357,-34.8,-2.975,-2.975,1.060,-9.555,8.5,-2.854,-2.854,-6.332,-48.781,25.0,-7.645,-7.645,-48.469,-101.250,-116.5,3.885,3.885,-100.068,0.000,0.0,0.000,0.000,0.000,0.000,0.0,0.000,0.000,0.000
3069.6022,0.788,52.4,-1.025,-1.025,-0.630,2.686,7.4,3.570,3.570,4.012,26.312,-14.4,7.836,7.836,32.739,94.438,72.6,-3.084,-3.084,97.398,2.271,-40.9,-0.559,-0.559,1.060,-9.523,12.1,-0.934,-0.934,-6.332,-48.719,28.4,-4.254,-4.254,-48.469,-101.500,-121.8,5.332,5.332,-100.068,0.000,0.0,0.000,0.000,0.000,0.000,0.0,0.000,0.000,0.000
3069.6042,0.875,46.8,-5.488,-5.488,-0.630,2.705,8.6,4.082,4.082,4.012,26.312,-6.5,7.762,7.762,32.739,94.562,59.2,-5.875,-5.875,97.398,2.184,-42.3,3.432,3.432,1.060,-9.492,12.8,0.156,0.156,-6.332,-48.656,34.3,-2.535,-2.535,-48.469,-101.812,-127.3,6.156,6.156,-100.068,0.000,0.0,0.000,0.000,0.000,0.000,0.0,0.000,0.000,0.000
3069.6062,0.919,30.4,-7.145,-7.145,-0.630,2.756,19.5,3.135,3.135,4.012,26.312,-2.3,8.008,8.008,32.739,94.688,52.4,-5.762,-5.762,97.398,2.115,-37.5,4.828,4.828,1.060,-9.430,24.6,0.359,0.359,-6.332,-48.562,40.0,-1.378,-1.378,-48.469,-102.000,-119.6,6.879,6.879,-100.068,0.000,0.0,0.000,0.000,0.000,0.000,0.0,0.000,0.000,0.000
3069.6082,0.910,7.4,-11.102,-11.102,-0.630,2.799,23.0,4.223,4.223,4.012,26.344,8.1,8.789,8.789,32.739,94.750,35.2,-5.426,-5.426,97.398,2.111,-13.8,9.719,9.719,1.060,-9.367,28.9,1.833,1.833,-6.332,-48.438,54.8,-0.226,-0.226,-48.469,-102.250,-115.4,6.855,6.855,-100.068,0.000,0.0,0.000,0.000,0.000,0.000,0.0,0.000,0.000,0.000
3069.6102,0.835,-21.8,-11.289,-11.289,-0.630,2.846,23.7,4.348,4.348,4.012,26.391,15.2,8.469,8.469,32.739,94.750,22.8,-4.422,-4.422,97.398,2.162,13.4,8.141,8.141,1.060,-9.289,33.1,1.861,1.861,-6.332,-48.281,65.7,-0.427,-0.427,-48.469,-102.438,-110.5,6.828,6.828,-100.068,0.000,0.0,0.000,0.000,0.000,0.000,0.0,0.000,0.000,0.000
3069.6122,0.671,-59.6,-8.109,-8.109,-0.630,2.916,31.5,4.477,4.477,4.012,26.453,24.8,8.195,8.195,32.739,94.750,11.7,-4.059,-4.059,97.398,2.256,35.8,5.871,5.871,1.060,-9.203,40.1,1.506,1.506,-6.332,-48.125,78.1,-1.206,-1.206,-48.469,-102.625,-100.6,6.391,6.391,-100.068,0.000,0.0,0.000,0.000,0.000,0.000,0.0,0.000,0.000,0.000
3069.6142,0.471,-86.5,-5.465,-5.465,-0.630,2.953,24.5,5.152,5.152,4.012,26.500,23.8,8.750,8.750,32.739,94.750,-0.9,-3.961,-3.961,97.398,2.389,56.5,3.600,3.600,1.060,-9.109,44.4,0.727,0.727,-6.332,-47.938,87.6,-1.680,-1.680,-48.469,-102.812,-87.5,6.207,6.207,-100.068,0.000,0.0,0.000,0.000,0.000,0.000,0.0,0.000,0.000,0.000
3069.6162,0.254,-99.5,-3.344,-3.344,-0.630,2.990,20.2,5.355,5.355,4.012,26.562,26.8,9.070,9.070,32.739,94.688,-12.6,-5.039,-5.039,97.398,2.504,58.7,0.939,0.939,1.060,-9.008,48.1,0.454,0.454,-6.332,-47.750,87.1,-2.199,-2.199,-48.469,-102.938,-75.2,5.539,5.539,-100.068,0.000,0.0,0.000,0.000,0.000,0.000,0.0,0.000,0.000,0.000
3069.6182,0.072,-92.1,-1.139,-1.139,-0.630,3.020,15.7,6.762,6.762,4.012,26.625,32.5,7.926,7.926,32.739,94.625,-23.8,-7.598,-7.598,97.398,2.607,51.9,-6.547,-6.547,1.060,-8.922,43.7,-1.496,-1.496,-6.332,-47.594,87.9,-5.500,-5.500,-48.469,-103.062,-64.2,10.812,10.812,-100.068,0.000,0.0,0.000,0.000,0.000,0.000,0.0,0.000,0.000,0.000
3069.6202,-0.063,-73.4,7.316,7.316,-0.630,3.045,13.3,3.428,3.428,4.012,26.688,33.5,8.703,8.703,32.739,94.562,-39.4,-10.828,-10.828,97.398,2.664,33.0,-5.879,-5.879,1.060,-8.844,40.1,1.509,1.509,-6.332,-47.438,72.5,-3.475,-3.475,-48.469,-103.125,-43.8,5.918,5.918,-100.068,0.000,0.0,0.000,0.000,0.000,0.000,0.0,0.000,0.000,0.000
3069.6222,-0.116,-43.7,1.174,1.174,-0.630,3.021,-1.7,6.234,6.234,4.012,26.750,31.2,11.086,11.086,32.739,94.375,-65.9,-5.340,-5.340,97.398,2.674,15.4,-1.420,-1.420,1.060,-8.766,42.0,0.935,0.935,-6.332,-47.312,67.7,-2.551,-2.551,-48.469,-103.188,-33.5,3.754,3.754,-100.068,0.000,0.0,0.000,0.000,0.000,0.000,0.0,0.000,0.000,0.000
3069.6242,-0.122,-21.1,-2.057,-2.057,-0.630,2.990,-9.6,7.609,7.609,4.012,26.828,38.1,11.852,11.852,32.739,94.250,-78.2,-5.238,-5.238,97.398,2.645,-2.5,0.153,0.153,1.060,-8.688,39.1,0.847,0.847,-6.332,-47.188,63.4,-2.449,-2.449,-48.469,-103.250,-19.3,3.361,3.361,-100.068,0.000,0.0,0.000,0.000,0.000,0.000,0.0,0.000,0.000,0.000
3069.6262,-0.119,-7.6,-3.910,-3.910,-0.630,2.957,-13.9,7.945,7.945,4.012,26.922,46.0,12.391,12.391,32.739,94.000,-92.7,-6.270,-6.270,97.398,2.607,-12.3,1.709,1.709,1.060,-8.602,41.0,1.268,1.268,-6.332,-47.094,59.7,-2.684,-2.684,-48.469,-103.250,-17.5,2.908,2.908,-100.068,0.000,0.0,0.000,0.000,0.000,0.000,0.0,0.000,0.000,0.000
3069.6282,-0.138,-6.6,-1.919,-1.919,-0.630,2.943,-8.8,8.297,8.297,4.012,27.031,53.2,12.078,12.078,32.739,93.812,-98.4,-8.750,-8.750,97.398,2.564,-20.1,-0.190,-0.190,1.060,-8.531,37.9,2.461,2.461,-6.332,-46.969,60.1,-4.496,-4.496,-48.469,-103.250,-6.6,3.764,3.764,-100.068,0.000,0.0,0.000,0.000,0.000,0.000,0.0,0.000,0.000,0.000
3069.6302,-0.182,-15.8,2.453,2.453,-0.630,2.957,2.5,5.793,5.793,4.012,27.156,57.4,10.867,10.867,32.739,93.562,-119.4,-8.555,-8.555,97.398,2.520,-21.5,-3.645,-3.645,1.060,-8.461,36.3,1.209,1.209,-6.332,-46.844,52.0,-6.109,-6.109,-48.469,-103.250,3.9,5.316,5.316,-100.068,0.000,0.0,0.000,0.000,0.000,0.000,0.0,0.000,0.000,0.000
3069.6322,-0.176,-3.7,3.502,3.502,-0.630,2.963,4.0,4.105,4.105,4.012,27.250,50.4,9.031,9.031,32.739,93.312,-128.8,-5.492,-5.492,97.398,2.410,-41.5,-0.706,-0.706,1.060,-8.430,21.7,0.397,0.397,-6.332,-46.781,45.4,-8.094,-8.094,-48.469,-103.188,10.0,6.969,6.969,-100.068,0.000,0.0,0.000,0.000,0.000,0.000,0.0,0.000,0.000,0.000
3069.6350,-0.144,8.6,1.777,1.777,-0.630,2.947,-5.2,3.426,3.426,4.012,27.344,42.6,8.016,8.016,32.739,93.000,-135.9,-3.551,-3.551,97.398,2.297,-50.4,1.324,1.324,1.060,-8.430,8.3,0.155,0.155,-6.332,-46.750,22.8,-8.820,-8.820,-48.469,-103.125,29.9,7.652,7.652,-100.068,0.000,0.0,0.000,0.000,0.000,0.000,0.0,0.000,0.000,0.000
3069.6370,-0.088,21.3,0.737,0.737,-0.630,2.912,-15.1,3.352,3.352,4.012,27.359,22.3,8.047,8.047,32.739,92.750,-132.6,-2.457,-2.457,97.398,2.184,-52.9,2.828,2.828,1.060,-8.445,-3.9,0.009,0.009,-6.332,-46.750,11.3,-8.914,-8.914,-48.469,-103.000,45.9,7.711,7.711,-100.068,0.000,0.0,0.000,0.000,0.000,0.000,0.0,0.000,0.000,0.000
3069.6390,-0.038,23.5,0.196,0.196,-0.630,2.859,-24.6,3.811,3.811,4.012,27.328,0.1,9.297,9.297,32.739,92.500,-123.6,-1.397,-1.397,97.398,2.070,-55.8,2.750,2.750,1.060,-8.477,-10.0,-0.108,-0.108,-6.332,-46.812,-10.4,-9.344,-9.344,-48.469,-102.875,64.6,7.570,7.570,-100.068,0.000,0.0,0.000,0.000,0.000,0.000,0.0,0.000,0.000,0.000
3069.6410,0.019,27.0,0.248,0.248,-0.630,2.797,-29.8,4.301,4.301,4.012,27.297,-13.2,9.383,9.383,32.739,92.312,-113.2,-1.127,-1.127,97.398,1.999,-44.6,3.939,3.939,1.060,-8.508,-13.7,-1.941,-1.941,-6.332,-46.875,-29.8,-10.242,-10.242,-48.469,-102.688,78.9,9.359,9.359,-100.068,0.000,0.0,0.000,0.000,0.000,0.000,0.0,0.000,0.000,0.000
3069.6424,0.075,27.8,-0.301,-0.301,-0.630,2.732,-30.6,2.555,2.555,4.012,27.219,-27.8,9.180,9.180,32.739,92.125,-91.4,0.270,0.270,97.398,1.942,-34.8,2.904,2.904,1.060,-8.539,-15.8,-2.605,-2.605,-6.332,-46.969,-38.2,-10.742,-10.742,-48.469,-102.500,96.1,9.125,9.125,-100.068,0.000,0.0,0.000,0.000,0.000,0.000,0.0,0.000,0.000,0.000
3069.6442,0.147,33.3,-0.664,-0.664,-0.630,2.658,-34.6,2.549,2.549,4.012,27.125,-34.8,9.758,9.758,32.739,92.000,-75.3,0.991,0.991,97.398,1.905,-23.7,2.908,2.908,1.060,-8.602,-28.1,-3.822,-3.822,-6.332,-47.094,-56.0,-12.016,-12.016,-48.469,-102.250,112.6,9.711,9.711,-100.068,0.000,0.0,0.000,0.000,0.000,0.000,0.0,0.000,0.000,0.000
3069.6462,0.198,30.6,-1.050,-1.050,-0.630,2.598,-31.5,2.521,2.521,4.012,27.031,-41.2,10.516,10.516,32.739,91.938,-51.5,0.559,0.559,97.398,1.877,-17.6,2.404,2.404,1.060,-8.672,-33.0,-3.609,-3.609,-6.332,-47.250,-68.2,-11.266,-11.266,-48.469,-102.000,126.3,8.641,8.641,-100.068,0.000,0.0,0.000,0.000,0.000,0.000,0.0,0.000,0.000,0.000
3069.6482,0.229,21.5,-1.201,-1.201,-0.630,2.561,-21.1,2.312,2.312,4.012,26.938,-44.2,11.695,11.695,32.739,91.938,-22.3,-0.299,-0.299,97.398,1.867,-9.7,1.887,1.887,1.060,-8.766,-40.8,-3.355,-3.355,-6.332,-47.406,-76.4,-9.617,-9.617,-48.469,-101.688,139.1,5.527,5.527,-100.068,0.000,0.0,0.000,0.000,0.000,0.000,0.0,0.000,0.000,0.000
3069.6502,0.276,22.2,-1.145,-1.145,-0.630,2.518,-19.1,3.895,3.895,4.012,26.875,-39.6,12.648,12.648,32.739,91.938,-4.4,0.825,0.825,97.398,1.864,-4.1,-0.491,-0.491,1.060,-8.875,-48.9,-1.890,-1.890,-6.332,-47.562,-77.2,-8.391,-8.391,-48.469,-101.438,134.5,-0.385,-0.385,-100.068,0.000,0.0,0.000,0.000,0.000,0.000,0.0,0.000,0.000,0.000
3069.6522,0.314,20.6,-0.794,-0.794,-0.630,2.498,-12.6,4.434,4.434,4.012,26.844,-26.2,13.344,13.344,32.739,92.000,21.4,2.270,2.270,97.398,1.852,-3.7,-0.605,-0.605,1.060,-9.000,-54.9,-1.851,-1.851,-6.332,-47.688,-68.3,-8.352,-8.352,-48.469,-101.188,119.8,-5.809,-5.809,-100.068,0.000,0.0,0.000,0.000,0.000,0.000,0.0,0.000,0.000,0.000
3069.6542,0.361,23.1,-0.473,-0.473,-0.630,2.525,4.8,2.959,2.959,4.012,26.812,-19.1,11.672,11.672,32.739,92.125,45.4,1.608,1.608,97.398,1.813,-14.6,-1.551,-1.551,1.060,-9.086,-45.7,-2.465,-2.465,-6.332,-47.812,-62.3,-9.164,-9.164,-48.469,-101.062,83.6,-5.973,-5.973,-100.068,0.000,0.0,0.000,0.000,0.000,0.000,0.0,0.000,0.000,0.000
3069.6562,0.420,28.8,-3.703,-3.703,-0.630,2.557,12.8,-0.010,-0.010,4.012,26.812,-8.6,8.664,8.664,32.739,92.250,63.8,0.715,0.715,97.398,1.811,-7.0,5.766,5.766,1.060,-9.164,-41.1,-5.219,-5.219,-6.332,-47.906,-51.9,-11.688,-11.688,-48.469,-101.000,44.5,-4.969,-4.969,-100.068,0.000,0.0,0.000,0.000,0.000,0.000,0.0,0.000,0.000,0.000
3069.6582,0.455,19.7,-8.375,-8.375,-0.630,2.580,12.1,-0.660,-0.660,4.012,26.797,-10.6,8.461,8.461,32.739,92.438,82.8,0.011,0.011,97.398,1.857,15.7,8.367,8.367,1.060,-9.211,-30.4,-8.398,-8.398,-6.332,-48.031,-55.0,-13.133,-13.133,-48.469,-101.062,7.8,-4.078,-4.078,-100.068,0.000,0.0,0.000,0.000,0.000,0.000,0.0,0.000,0.000,0.000
3069.6603,0.486,14.9,-8.773,-8.773,-0.630,2.586,8.0,0.323,0.323,4.012,26.750,-17.0,7.785,7.785,32.739,92.688,98.1,-0.753,-0.753,97.398,1.933,30.9,6.797,6.797,1.060,-9.250,-26.9,-10.289,-10.289,-6.332,-48.125,-57.8,-13.414,-13.414,-48.469,-101.125,-32.3,-2.752,-2.752,-100.068,0.000,0.0,0.000,0.000,0.000,0.000,0.0,0.000,0.000,0.000
3069.6622,0.477,2.4,-8.094,-8.094,-0.630,2.566,-3.1,0.326,0.326,4.012,26.703,-22.5,6.875,6.875,32.739,92.875,107.3,-1.761,-1.761,97.398,2.049,47.1,5.434,5.434,1.060,-9.305,-24.8,-8.477,-8.477,-6.332,-48.250,-56.7,-11.555,-11.555,-48.469,-101.312,-59.9,-1.058,-1.058,-100.068,0.000,0.0,0.000,0.000,0.000,0.000,0.0,0.000,0.000,0.000
3069.6642,0.449,-6.8,-7.000,-7.000,-0.630,2.557,-4.9,0.412,0.412,4.012,26.641,-28.1,6.871,6.871,32.739,93.125,118.4,-2.260,-2.260,97.398,2.199,61.1,3.188,3.188,1.060,-9.367,-29.2,-7.332,-7.332,-6.332,-48.375,-59.1,-10.422,-10.422,-48.469,-101.500,-82.4,0.134,0.134,-100.068,0.000,0.0,0.000,0.000,0.000,0.000,0.0,0.000,0.000,0.000
3069.6662,0.408,-14.5,-6.211,-6.211,-0.630,2.549,-5.0,0.061,0.061,4.012,26.547,-35.9,5.805,5.805,32.739,93.375,116.4,-3.301,-3.301,97.398,2.385,80.8,1.380,1.380,1.060,-9.445,-34.8,-6.469,-6.469,-6.332,-48.469,-52.2,-8.773,-8.773,-48.469,-101.750,-102.5,1.406,1.406,-100.068,0.000,0.0,0.000,0.000,0.000,0.000,0.0,0.000,0.000,0.000
3069.6682,0.358,-20.5,-4.570,-4.570,-0.630,2.533,-6.3,-0.435,-0.435,4.012,26.438,-47.8,4.984,4.984,32.739,93.625,117.6,-4.102,-4.102,97.398,2.539,79.2,-2.863,-2.863,1.060,-9.523,-38.6,-5.145,-5.145,-6.332,-48.531,-41.1,-7.363,-7.363,-48.469,-102.000,-117.4,4.266,4.266,-100.068,0.000,0.0,0.000,0.000,0.000,0.000,0.0,0.000,0.000,0.000
3069.6702,0.320,-17.8,-0.220,-0.220,-0.630,2.514,-8.9,1.070,1.070,4.012,26.344,-52.7,4.211,4.211,32.739,93.812,112.5,-4.656,-4.656,97.398,2.674,70.9,-1.371,-1.371,1.060,-9.578,-32.7,-5.020,-5.020,-6.332,-48.594,-27.5,-6.188,-6.188,-48.469,-102.250,-122.4,4.938,4.938,-100.068,0.000,0.0,0.000,0.000,0.000,0.000,0.0,0.000,0.000,0.000
3069.6722,0.286,-17.2,-2.787,-2.787,-0.630,2.518,-2.0,-1.814,-1.814,4.012,26.234,-52.9,3.535,3.535,32.739,94.000,103.9,-4.828,-4.828,97.398,2.783,60.1,-0.628,-0.628,1.060,-9.609,-22.0,-4.312,-4.312,-6.332,-48.562,-4.2,-5.945,-5.945,-48.469,-102.438,-122.3,5.824,5.824,-100.068,0.000,0.0,0.000,0.000,0.000,0.000,0.0,0.000,0.000,0.000
3069.6742,0.264,-13.6,3.217,3.217,-0.630,2.502,-4.4,-0.379,-0.379,4.012,26.109,-58.0,4.059,4.059,32.739,94.188,91.9,-5.066,-5.066,97.398,2.855,41.2,-9.781,-9.781,1.060,-9.641,-15.9,-2.543,-2.543,-6.332,-48.531,10.7,-5.395,-5.395,-48.469,-102.688,-116.0,5.625,5.625,-100.068,0.000,0.0,0.000,0.000,0.000,0.000,0.0,0.000,0.000,0.000
3069.6762,0.289,3.3,6.090,6.090,-0.630,2.477,-9.4,1.585,1.585,4.012,26.000,-59.2,5.434,5.434,32.739,94.312,76.3,-4.316,-4.316,97.398,2.836,6.0,-8.250,-8.250,1.060,-9.641,-7.3,-1.897,-1.897,-6.332,-48.469,24.1,-4.586,-4.586,-48.469,-102.875,-105.7,5.914,5.914,-100.068,0.000,0.0,0.000,0.000,0.000,0.000,0.0,0.000,0.000,0.000
3069.6782,0.361,24.9,3.857,3.857,-0.630,2.479,-2.7,3.066,3.066,4.012,25.891,-53.4,6.781,6.781,32.739,94.438,65.8,-3.881,-3.881,97.398,2.758,-25.0,-4.965,-4.965,1.060,-9.625,1.1,-1.308,-1.308,-6.332,-48.406,35.6,-4.254,-4.254,-48.469,-103.062,-99.5,5.328,5.328,-100.068,0.000,0.0,0.000,0.000,0.000,0.000,0.0,0.000,0.000,0.000
3069.6802,0.464,44.0,1.244,1.244,-0.630,2.498,5.7,4.160,4.160,4.012,25.828,-42.3,8.844,8.844,32.739,94.562,54.8,-4.113,-4.113,97.398,2.645,-46.7,-2.299,-2.299,1.060,-9.586,13.4,-1.050,-1.050,-6.332,-48.312,44.5,-3.238,-3.238,-48.469,-103.250,-91.9,5.414,5.414,-100.068,0.000,0.0,0.000,0.000,0.000,0.000,0.0,0.000,0.000,0.000
3069.6822,0.549,42.5,-1.071,-1.071,-0.630,2.545,17.0,4.273,4.273,4.012,25.797,-21.5,9.148,9.148,32.739,94.625,47.2,-4.520,-4.520,97.398,2.514,-58.6,0.084,0.084,1.060,-9.539,19.4,-0.699,-0.699,-6.332,-48.219,47.2,-3.484,-3.484,-48.469,-103.375,-74.2,4.922,4.922,-100.068,0.000,0.0,0.000,0.000,0.000,0.000,0.0,0.000,0.000,0.000
3069.6842,0.644,42.9,-3.008,-3.008,-0.630,2.621,30.6,4.488,4.488,4.012,25.812,-2.9,9.234,9.234,32.739,94.688,34.8,-4.738,-4.738,97.398,2.373,-64.8,2.498,2.498,1.060,-9.516,14.4,-0.172,-0.172,-6.332,-48.094,49.2,-3.936,-3.936,-48.469,-103.500,-67.9,4.598,4.598,-100.068,0.000,0.0,0.000,0.000,0.000,0.000,0.0,0.000,0.000,0.000
3069.6863,0.715,38.3,-4.340,-4.340,-0.630,2.711,40.5,3.557,3.557,4.012,25.844,8.2,8.977,8.977,32.739,94.750,25.1,-5.430,-5.430,97.398,2.250,-62.5,4.520,4.520,1.060,-9.453,23.1,0.134,0.134,-6.332,-48.000,51.4,-4.012,-4.012,-48.469,-103.625,-52.9,4.707,4.707,-100.068,0.000,0.0,0.000,0.000,0.000,0.000,0.0,0.000,0.000,0.000
3069.6884,0.744,22.6,-3.910,-3.910,-0.630,2.799,42.4,2.008,2.008,4.012,25.922,26.8,8.055,8.055,32.739,94.750,4.7,-7.000,-7.000,97.398,2.152,-52.8,4.820,4.820,1.060,-9.406,23.1,-0.830,-0.830,-6.332,-47.906,45.3,-4.766,-4.766,-48.469,-103.688,-45.1,6.828,6.828,-100.068,0.000,0.0,0.000,0.000,0.000,0.000,0.0,0.000,0.000,0.000
3069.6904,0.744,6.6,-2.967,-2.967,-0.630,2.877,39.0,2.434,2.434,4.012,26.000,38.1,8.164,8.164,32.739,94.688,-10.7,-7.059,-7.059,97.398,2.086,-39.3,3.748,3.748,1.060,-9.359,23.7,-1.009,-1.009,-6.332,-47.844,36.6,-4.820,-4.820,-48.469,-103.750,-27.7,6.637,6.637,-100.068,0.000,0.0,0.000,0.000,0.000,0.000,0.0,0.000,0.000,0.000
3069.6924,0.744,2.1,-2.182,-2.182,-0.630,2.932,31.7,3.107,3.107,4.012,26.078,39.3,8.719,8.719,32.739,94.625,-25.7,-7.473,-7.473,97.398,2.047,-25.9,3.637,3.637,1.060,-9.336,17.2,-0.923,-0.923,-6.332,-47.812,28.9,-4.129,-4.129,-48.469,-103.750,-7.7,7.070,7.070,-100.068,0.000,0.0,0.000,0.000,0.000,0.000,0.0,0.000,0.000,0.000
3069.6942,0.703,-11.3,-2.789,-2.789,-0.630,2.938,14.3,3.898,3.898,4.012,26.188,47.1,8.805,8.805,32.739,94.500,-46.9,-8.320,-8.320,97.398,2.021,-15.9,2.342,2.342,1.060,-9.297,17.6,-0.689,-0.689,-6.332,-47.750,22.5,-4.602,-4.602,-48.469,-103.688,6.1,7.043,7.043,-100.068,0.000,0.0,0.000,0.000,0.000,0.000,0.0,0.000,0.000,0.000
3069.6962,0.653,-21.4,-1.125,-1.125,-0.630,2.941,8.2,5.102,5.102,4.012,26.281,48.1,8.250,8.250,32.739,94.375,-61.2,-8.281,-8.281,97.398,2.016,-7.0,0.556,0.556,1.060,-9.281,13.8,-0.431,-0.431,-6.332,-47.750,14.9,-5.773,-5.773,-48.469,-103.625,25.1,7.207,7.207,-100.068,0.000,0.0,0.000,0.000,0.000,0.000,0.0,0.000,0.000,0.000
3069.6982,0.618,-19.2,1.019,1.019,-0.630,2.902,-5.7,6.062,6.062,4.012,26.391,50.8,7.289,7.289,32.739,94.188,-88.4,-6.098,-6.098,97.398,2.002,-4.7,-0.652,-0.652,1.060,-9.266,9.3,-0.814,-0.814,-6.332,-47.750,2.8,-7.840,-7.840,-48.469,-103.562,40.4,8.391,8.391,-100.068,0.000,0.0,0.000,0.000,0.000,0.000,0.0,0.000,0.000,0.000
3069.7002,0.578,-18.1,3.654,3.654,-0.630,2.881,-8.0,4.574,4.574,4.012,26.500,50.5,6.605,6.605,32.739,93.938,-96.9,-3.465,-3.465,97.398,1.977,-8.6,-1.187,-1.187,1.060,-9.266,3.4,-2.701,-2.701,-6.332,-47.781,-12.4,-9.398,-9.398,-48.469,-103.438,53.0,8.539,8.539,-100.068,0.000,0.0,0.000,0.000,0.000,0.000,0.0,0.000,0.000,0.000
3069.7022,0.565,-9.2,4.062,4.062,-0.630,2.846,-14.0,4.164,4.164,4.012,26.578,46.0,6.316,6.316,32.739,93.750,-102.6,-1.890,-1.890,97.398,1.945,-13.3,-1.545,-1.545,1.060,-9.281,-2.7,-3.328,-3.328,-6.332,-47.875,-29.0,-10.078,-10.078,-48.469,-103.250,67.9,8.844,8.844,-100.068,0.000,0.0,0.000,0.000,0.000,0.000,0.0,0.000,0.000,0.000
3069.7042,0.559,-5.7,4.152,4.152,-0.630,2.820,-14.9,3.535,3.535,4.012,26.641,36.4,6.395,6.395,32.739,93.500,-106.4,-0.895,-0.895,97.398,1.901,-19.6,-1.643,-1.643,1.060,-9.328,-16.0,-3.496,-3.496,-6.332,-47.969,-43.4,-10.609,-10.609,-48.469,-103.062,86.4,8.859,8.859,-100.068,0.000,0.0,0.000,0.000,0.000,0.000,0.0,0.000,0.000,0.000
3069.7062,0.605,13.0,3.514,3.514,-0.630,2.799,-12.8,3.723,3.723,4.012,26.672,23.7,8.188,8.188,32.739,93.375,-93.1,-0.779,-0.779,97.398,1.852,-23.3,-1.175,-1.175,1.060,-9.391,-26.2,-3.225,-3.225,-6.332,-48.062,-51.9,-10.250,-10.250,-48.469,-102.875,100.0,8.211,8.211,-100.068,0.000,0.0,0.000,0.000,0.000,0.000,0.0,0.000,0.000,0.000
3069.7082,0.640,16.1,2.621,2.621,-0.630,2.773,-11.9,3.656,3.656,4.012,26.688,13.8,8.867,8.867,32.739,93.188,-88.1,-0.792,-0.792,97.398,1.789,-27.7,-0.646,-0.646,1.060,-9.453,-31.6,-3.080,-3.080,-6.332,-48.188,-59.2,-10.336,-10.336,-48.469,-102.625,110.1,7.621,7.621,-100.068,0.000,0.0,0.000,0.000,0.000,0.000,0.0,0.000,0.000,0.000
3069.7102,0.697,22.5,1.446,1.446,-0.630,2.748,-11.3,3.688,3.688,4.012,26.719,11.2,10.125,10.125,32.739,93.062,-68.2,-1.270,-1.270,97.398,1.732,-26.8,-0.098,-0.098,1.060,-9.523,-32.1,-2.881,-2.881,-6.332,-48.312,-58.1,-9.898,-9.898,-48.469,-102.375,118.9,6.762,6.762,-100.068,0.000,0.0,0.000,0.000,0.000,0.000,0.0,0.000,0.000,0.000
3069.7122,0.759,26.8,0.783,0.783,-0.630,2.727,-12.0,3.049,3.049,4.012,26.719,6.3,10.898,10.898,32.739,92.938,-58.5,-1.138,-1.138,97.398,1.666,-29.2,0.360,0.360,1.060,-9.594,-34.8,-3.406,-3.406,-6.332,-48.438,-56.7,-10.570,-10.570,-48.469,-102.125,128.9,6.465,6.465,-100.068,0.000,0.0,0.000,0.000,0.000,0.000,0.0,0.000,0.000,0.000
3069.7142,0.791,28.3,0.492,0.492,-0.630,2.721,-10.3,2.955,2.955,4.012,26.734,7.9,10.281,10.281,32.739,92.938,-55.8,-0.547,-0.547,97.398,1.635,-30.4,2.162,2.162,1.060,-9.609,-27.7,-3.680,-3.680,-6.332,-48.469,-49.0,-11.578,-11.578,-48.469,-101.938,133.5,5.656,5.656,-100.068,0.000,0.0,0.000,0.000,0.000,0.000,0.0,0.000,0.000,0.000
3069.7164,0.810,23.2,-0.776,-0.776,-0.630,2.715,-8.9,1.684,1.684,4.012,26.719,-0.4,9.906,9.906,32.739,92.875,-48.9,-0.077,-0.077,97.398,1.613,-27.4,2.473,2.473,1.060,-9.625,-24.0,-4.949,-4.949,-6.332,-48.531,-48.8,-11.938,-11.938,-48.469,-101.812,130.0,5.312,5.312,-100.068,0.000,0.0,0.000,0.000,0.000,0.000,0.0,0.000,0.000,0.000
3069.7186,0.891,13.9,-8.922,-8.922,-0.630,2.654,-16.7,1.691,1.691,4.012,26.656,-13.6,7.484,7.484,32.739,92.812,-8.5,3.014,3.014,97.398,1.666,15.9,9.430,9.430,1.060,-9.703,-19.5,-7.090,-7.090,-6.332,-48.719,-50.3,-15.633,-15.633,-48.469,-101.375,117.8,2.051,2.051,-100.068,0.000,0.0,0.000,0.000,0.000,0.000,0.0,0.000,0.000,0.000
3069.7211,0.835,-13.6,-7.348,-7.348,-0.630,2.633,-12.7,1.994,1.994,4.012,26.609,-20.3,7.859,7.859,32.739,92.938,19.6,2.316,2.316,97.398,1.792,46.5,6.555,6.555,1.060,-9.727,-15.8,-7.379,-7.379,-6.332,-48.812,-54.8,-15.352,-15.352,-48.469,-101.125,106.8,2.436,2.436,-100.068,0.000,0.0,0.000,0.000,0.000,0.000,0.0,0.000,0.000,0.000
3069.7230,0.744,-34.4,-5.289,-5.289,-0.630,2.607,-9.8,2.232,2.232,4.012,26.547,-26.2,8.523,8.523,32.739,93.000,40.4,1.689,1.689,97.398,1.949,67.5,4.762,4.762,1.060,-9.750,-12.7,-8.602,-8.602,-6.332,-48.938,-56.1,-15.523,-15.523,-48.469,-101.000,86.4,0.668,0.668,-100.068,0.000,0.0,0.000,0.000,0.000,0.000,0.0,0.000,0.000,0.000
3069.7247,0.684,-44.4,-4.500,-4.500,-0.630,2.586,-13.4,2.113,2.113,4.012,26.516,-26.1,8.328,8.328,32.739,93.062,49.7,1.408,1.408,97.398,2.047,78.4,3.520,3.520,1.060,-9.750,-10.4,-8.445,-8.445,-6.332,-49.000,-57.9,-15.578,-15.578,-48.469,-100.938,75.6,1.033,1.033,-100.068,0.000,0.0,0.000,0.000,0.000,0.000,0.0,0.000,0.000,0.000
3069.7262,0.549,-58.2,-2.736,-2.736,-0.630,2.576,-7.9,1.580,1.580,4.012,26.469,-24.7,8.383,8.383,32.739,93.250,63.4,0.931,0.931,97.398,2.234,88.4,1.831,1.831,1.060,-9.773,-10.7,-9.078,-9.078,-6.332,-49.094,-55.7,-14.727,-14.727,-48.469,-100.875,50.8,-0.035,-0.035,-100.068,0.000,0.0,0.000,0.000,0.000,0.000,0.0,0.000,0.000,0.000
3069.7282,0.417,-61.7,-2.016,-2.016,-0.630,2.586,0.5,1.229,1.229,4.012,26.406,-24.0,7.945,7.945,32.739,93.375,80.5,0.193,0.193,97.398,2.422,91.1,0.178,0.178,1.060,-9.812,-15.8,-9.055,-9.055,-6.332,-49.219,-54.3,-13.188,-13.188,-48.469,-100.875,20.9,-1.862,-1.862,-100.068,0.000,0.0,0.000,0.000,0.000,0.000,0.0,0.000,0.000,0.000
3069.7302,0.279,-44.8,4.793,4.793,-0.630,2.590,2.8,6.984,6.984,4.012,26.375,-11.0,11.227,11.227,32.739,93.688,95.4,-1.289,-1.289,97.398,2.668,77.1,-15.312,-15.312,1.060,-9.852,-14.2,-1.812,-1.812,-6.332,-49.312,-34.4,-5.223,-5.223,-48.469,-100.938,-24.7,-1.274,-1.274,-100.068,0.000,0.0,0.000,0.000,0.000,0.000,0.0,0.000,0.000,0.000
3069.7322,0.286,-13.9,6.527,6.527,-0.630,2.633,16.0,3.803,3.803,4.012,26.391,-1.9,7.133,7.133,32.739,93.875,99.9,-2.340,-2.340,97.398,2.701,38.1,-11.844,-11.844,1.060,-9.836,3.5,-1.533,-1.533,-6.332,-49.312,-10.4,-8.133,-8.133,-48.469,-101.062,-55.2,-0.183,-0.183,-100.068,0.000,0.0,0.000,0.000,0.000,0.000,0.0,0.000,0.000,0.000
3069.7342,0.367,19.5,0.344,0.344,-0.630,2.674,19.9,-1.432,-1.432,4.012,26.406,5.9,2.572,2.572,32.739,94.125,99.6,-3.434,-3.434,97.398,2.664,2.3,0.579,0.579,1.060,-9.797,13.7,-7.371,-7.371,-6.332,-49.250,11.1,-10.945,-10.945,-48.469,-101.250,-79.8,1.100,1.100,-100.068,0.000,0.0,0.000,0.000,0.000,0.000,0.0,0.000,0.000,0.000
3069.7362,0.493,45.3,-4.969,-4.969,-0.630,2.717,22.0,-3.707,-3.707,4.012,26.406,-1.5,2.043,2.043,32.739,94.250,92.3,-3.984,-3.984,97.398,2.637,-8.9,3.508,3.508,1.060,-9.773,10.6,-8.352,-8.352,-6.332,-49.219,21.0,-10.273,-10.273,-48.469,-101.500,-105.7,2.984,2.984,-100.068,0.000,0.0,0.000,0.000,0.000,0.000,0.0,0.000,0.000,0.000
3069.7382,0.574,43.6,0.690,0.690,-0.630,2.717,9.6,-0.156,-0.156,4.012,26.391,-5.1,2.693,2.693,32.739,94.438,89.1,-3.615,-3.615,97.398,2.611,-12.8,-6.328,-6.328,1.060,-9.758,8.5,-3.094,-3.094,-6.332,-49.188,19.8,-7.562,-7.562,-48.469,-101.750,-120.6,3.953,3.953,-100.068,0.000,0.0,0.000,0.000,0.000,0.000,0.0,0.000,0.000,0.000
3069.7402,0.662,44.8,0.984,0.984,-0.630,2.701,-0.8,2.570,2.570,4.012,26.359,-11.8,5.391,5.391,32.739,94.562,79.1,-3.824,-3.824,97.398,2.535,-28.5,-2.582,-2.582,1.060,-9.758,4.2,-1.324,-1.324,-6.332,-49.125,25.9,-4.652,-4.652,-48.469,-102.000,-125.9,5.715,5.715,-100.068,0.000,0.0,0.000,0.000,0.000,0.000,0.0,0.000,0.000,0.000
3069.7422,0.769,50.5,-3.748,-3.748,-0.630,2.715,4.8,4.520,4.520,4.012,26.344,-10.0,7.805,7.805,32.739,94.688,68.3,-4.660,-4.660,97.398,2.438,-41.9,0.818,0.818,1.060,-9.734,5.0,-0.092,-0.092,-6.332,-49.031,37.4,-1.756,-1.756,-48.469,-102.312,-127.7,6.340,6.340,-100.068,0.000,0.0,0.000,0.000,0.000,0.000,0.0,0.000,0.000,0.000
3069.7443,0.825,35.8,-6.977,-6.977,-0.630,2.742,12.6,4.094,4.094,4.012,26.359,2.0,7.527,7.527,32.739,94.812,58.8,-7.379,-7.379,97.398,2.363,-39.2,3.910,3.910,1.060,-9.672,21.9,0.942,0.942,-6.332,-48.938,46.6,-0.981,-0.981,-48.469,-102.500,-119.8,7.035,7.035,-100.068,0.000,0.0,0.000,0.000,0.000,0.000,0.0,0.000,0.000,0.000
3069.7463,0.847,19.7,-5.820,-5.820,-0.630,2.781,17.0,3.570,3.570,4.012,26.375,8.6,7.281,7.281,32.739,94.875,38.8,-6.746,-6.746,97.398,2.303,-32.1,4.328,4.328,1.060,-9.602,30.5,0.988,0.988,-6.332,-48.812,56.1,-1.154,-1.154,-48.469,-102.750,-113.2,6.961,6.961,-100.068,0.000,0.0,0.000,0.000,0.000,0.000,0.0,0.000,0.000,0.000
3069.7483,0.822,-1.1,-5.004,-5.004,-0.630,2.846,27.7,3.076,3.076,4.012,26.422,16.4,7.480,7.480,32.739,94.875,19.0,-5.676,-5.676,97.398,2.271,-20.3,10.281,10.281,1.060,-9.539,33.2,1.578,1.578,-6.332,-48.656,69.2,-0.714,-0.714,-48.469,-102.938,-104.8,6.742,6.742,-100.068,0.000,0.0,0.000,0.000,0.000,0.000,0.0,0.000,0.000,0.000
3069.7503,0.747,-26.5,-11.258,-11.258,-0.630,2.912,32.6,4.418,4.418,4.012,26.469,23.7,8.195,8.195,32.739,94.875,4.0,-4.457,-4.457,97.398,2.301,2.7,9.211,9.211,1.060,-9.461,37.3,2.383,2.383,-6.332,-48.469,81.9,-1.064,-1.064,-48.469,-103.125,-93.6,6.188,6.188,-100.068,0.000,0.0,0.000,0.000,0.000,0.000,0.0,0.000,0.000,0.000
3069.7522,0.612,-54.3,-9.484,-9.484,-0.630,2.975,32.0,4.938,4.938,4.012,26.516,23.5,8.758,8.758,32.739,94.875,-6.2,-4.250,-4.250,97.398,2.379,25.9,6.578,6.578,1.060,-9.367,42.6,1.591,1.591,-6.332,-48.312,83.4,-1.588,-1.588,-48.469,-103.250,-77.2,5.945,5.945,-100.068,0.000,0.0,0.000,0.000,0.000,0.000,0.0,0.000,0.000,0.000
3069.7542,0.420,-80.4,-5.695,-5.695,-0.630,3.020,23.1,5.109,5.109,4.012,26.594,34.6,9.188,9.188,32.739,94.812,-21.1,-6.562,-6.562,97.398,2.482,40.7,3.209,3.209,1.060,-9.266,45.2,0.824,0.824,-6.332,-48.125,89.2,-2.053,-2.053,-48.469,-103.375,-66.5,5.621,5.621,-100.068,0.000,0.0,0.000,0.000,0.000,0.000,0.0,0.000,0.000,0.000
3069.7562,0.201,-98.0,-2.406,-2.406,-0.630,3.082,26.2,6.137,6.137,4.012,26.672,36.9,7.430,7.430,32.739,94.688,-35.3,-9.523,-9.523,97.398,2.602,51.8,2.215,2.215,1.060,-9.164,47.9,-0.132,-0.132,-6.332,-47.969,84.6,-5.043,-5.043,-48.469,-103.500,-56.5,8.805,8.805,-100.068,0.000,0.0,0.000,0.000,0.000,0.000,0.0,0.000,0.000,0.000
3069.7582,0.028,-88.8,11.375,11.375,-0.630,3.123,23.7,1.099,1.099,4.012,26.750,33.6,2.203,2.203,32.739,94.562,-52.4,-4.918,-4.918,97.398,2.689,44.5,-7.320,-7.320,1.060,-9.078,44.3,-2.738,-2.738,-6.332,-47.812,74.4,-10.289,-10.289,-48.469,-103.500,-35.8,11.961,11.961,-100.068,0.000,0.0,0.000,0.000,0.000,0.000,0.0,0.000,0.000,0.000
3069.7602,-0.044,-54.4,9.109,9.109,-0.630,3.113,6.5,3.125,3.125,4.012,26.797,29.5,7.781,7.781,32.739,94.438,-65.4,-8.242,-8.242,97.398,2.701,18.9,-7.605,-7.605,1.060,-9.016,36.3,0.364,0.364,-6.332,-47.750,52.3,-5.090,-5.090,-48.469,-103.500,-8.2,6.367,6.367,-100.068,0.000,0.0,0.000,0.000,0.000,0.000,0.0,0.000,0.000,0.000
3069.7622,-0.013,-8.5,-0.951,-0.951,-0.630,3.061,-14.0,5.492,5.492,4.012,26.844,27.9,12.648,12.648,32.739,94.250,-83.2,-9.727,-9.727,97.398,2.662,-7.7,0.531,0.531,1.060,-8.945,38.1,0.946,0.946,-6.332,-47.656,42.4,-1.245,-1.245,-48.469,-103.500,6.8,2.508,2.508,-100.068,0.000,0.0,0.000,0.000,0.000,0.000,0.0,0.000,0.000,0.000
3069.7642,0.003,1.2,-4.898,-4.898,-0.630,3.006,-21.8,6.812,6.812,4.012,26.938,42.7,13.164,13.164,32.739,94.062,-102.9,-7.621,-7.621,97.398,2.607,-19.7,2.297,2.297,1.060,-8.906,26.6,1.008,1.008,-6.332,-47.594,41.7,-1.556,-1.556,-48.469,-103.438,11.1,2.242,2.242,-100.068,0.000,0.0,0.000,0.000,0.000,0.000,0.0,0.000,0.000,0.000
3069.7662,0.006,-0.4,-1.903,-1.903,-0.630,2.963,-22.3,8.047,8.047,4.012,27.047,50.5,12.695,12.695,32.739,93.750,-121.4,-8.578,-8.578,97.398,2.555,-23.8,0.092,0.092,1.060,-8.828,34.7,1.892,1.892,-6.332,-47.469,49.0,-3.604,-3.604,-48.469,-103.438,11.4,3.033,3.033,-100.068,0.000,0.0,0.000,0.000,0.000,0.000,0.0,0.000,0.000,0.000
3069.7682,0.003,-0.9,2.996,2.996,-0.630,2.943,-14.8,6.000,6.000,4.012,27.188,61.5,10.023,10.023,32.739,93.500,-140.9,-6.309,-6.309,97.398,2.504,-24.4,-3.529,-3.529,1.060,-8.773,31.5,-0.419,-0.419,-6.332,-47.406,43.5,-8.062,-8.062,-48.469,-103.438,12.4,6.746,6.746,-100.068,0.000,0.0,0.000,0.000,0.000,0.000,0.0,0.000,0.000,0.000
3069.7703,0.009,2.7,3.168,3.168,-0.630,2.941,-6.7,3.760,3.760,4.012,27.312,59.7,7.258,7.258,32.739,93.188,-149.1,-2.922,-2.922,97.398,2.416,-37.2,-0.705,-0.705,1.060,-8.719,26.8,-2.303,-2.303,-6.332,-47.344,27.5,-10.641,-10.641,-48.469,-103.375,25.6,9.227,9.227,-100.068,0.000,0.0,0.000,0.000,0.000,0.000,0.0,0.000,0.000,0.000
3069.7722,0.047,14.2,2.160,2.160,-0.630,2.941,-2.0,3.547,3.547,4.012,27.406,49.6,7.695,7.695,32.739,92.875,-143.8,-2.311,-2.311,97.398,2.316,-44.1,0.414,0.414,1.060,-8.711,13.0,-1.657,-1.657,-6.332,-47.344,8.1,-9.664,-9.664,-48.469,-103.250,41.3,8.594,8.594,-100.068,0.000,0.0,0.000,0.000,0.000,0.000,0.0,0.000,0.000,0.000
3069.7742,0.097,20.1,0.459,0.459,-0.630,2.928,-4.5,2.857,2.857,4.012,27.438,29.7,7.570,7.570,32.739,92.625,-132.6,-1.062,-1.062,97.398,2.207,-50.3,2.529,2.529,1.060,-8.727,-0.8,-1.305,-1.305,-6.332,-47.406,-14.0,-9.141,-9.141,-48.469,-103.125,55.8,7.965,7.965,-100.068,0.000,0.0,0.000,0.000,0.000,0.000,0.0,0.000,0.000,0.000
3069.7762,0.157,27.3,0.048,0.048,-0.630,2.896,-10.4,3.162,3.162,4.012,27.438,8.5,8.391,8.391,32.739,92.375,-119.0,-1.047,-1.047,97.398,2.109,-50.6,2.621,2.621,1.060,-8.773,-14.9,-0.847,-0.847,-6.332,-47.500,-33.3,-9.109,-9.109,-48.469,-103.000,64.2,7.820,7.820,-100.068,0.000,0.0,0.000,0.000,0.000,0.000,0.0,0.000,0.000,0.000
3069.7782,0.204,24.7,-0.223,-0.223,-0.630,2.861,-14.2,3.404,3.404,4.012,27.406,-11.1,8.938,8.938,32.739,92.188,-107.7,-0.237,-0.237,97.398,2.049,-38.9,2.062,2.062,1.060,-8.812,-18.2,-1.362,-1.362,-6.332,-47.562,-35.7,-10.211,-10.211,-48.469,-102.750,85.1,8.594,8.594,-100.068,0.000,0.0,0.000,0.000,0.000,0.000,0.0,0.000,0.000,0.000
3069.7802,0.257,24.9,-0.378,-0.378,-0.630,2.814,-20.5,2.643,2.643,4.012,27.359,-19.1,9.547,9.547,32.739,92.062,-81.7,0.211,0.211,97.398,1.999,-29.1,2.285,2.285,1.060,-8.852,-21.3,-2.682,-2.682,-6.332,-47.656,-43.7,-11.203,-11.203,-48.469,-102.562,93.5,8.570,8.570,-100.068,0.000,0.0,0.000,0.000,0.000,0.000,0.0,0.000,0.000,0.000
3069.7822,0.311,25.0,-0.890,-0.890,-0.630,2.758,-25.1,3.117,3.117,4.012,27.297,-27.6,10.352,10.352,32.739,92.000,-56.1,0.104,0.104,97.398,1.971,-18.4,1.991,1.991,1.060,-8.914,-27.5,-3.105,-3.105,-6.332,-47.750,-50.4,-11.258,-11.258,-48.469,-102.312,113.2,7.926,7.926,-100.068,0.000,0.0,0.000,0.000,0.000,0.000,0.0,0.000,0.000,0.000
3069.7842,0.354,22.5,-1.492,-1.492,-0.630,2.711,-23.9,2.787,2.787,4.012,27.203,-36.5,11.258,11.258,32.739,91.938,-37.0,-0.565,-0.565,97.398,1.949,-12.7,1.580,1.580,1.060,-8.992,-36.5,-2.916,-2.916,-6.332,-47.875,-52.7,-10.445,-10.445,-48.469,-102.125,115.6,6.930,6.930,-100.068,0.000,0.0,0.000,0.000,0.000,0.000,0.0,0.000,0.000,0.000
3069.7862,0.383,15.6,-1.512,-1.512,-0.630,2.664,-21.9,3.477,3.477,4.012,27.156,-32.3,12.094,12.094,32.739,91.938,-9.4,-1.342,-1.342,97.398,1.937,-8.4,1.060,1.060,1.060,-9.078,-42.5,-1.979,-1.979,-6.332,-48.000,-55.4,-10.086,-10.086,-48.469,-101.812,124.2,4.109,4.109,-100.068,0.000,0.0,0.000,0.000,0.000,0.000,0.0,0.000,0.000,0.000
3069.7882,0.411,13.9,-0.140,-0.140,-0.630,2.627,-19.1,4.320,4.320,4.012,27.125,-22.0,12.000,12.000,32.739,91.938,8.7,0.589,0.589,97.398,1.933,-3.8,-0.770,-0.770,1.060,-9.180,-47.3,-1.665,-1.665,-6.332,-48.062,-48.2,-9.461,-9.461,-48.469,-101.625,120.2,-0.154,-0.154,-100.068,0.000,0.0,0.000,0.000,0.000,0.000,0.0,0.000,0.000,0.000
3069.7902,0.430,11.2,0.723,0.723,-0.630,2.611,-12.2,4.461,4.461,4.012,27.094,-13.7,12.203,12.203,32.739,92.062,29.5,1.947,1.947,97.398,1.930,-2.0,-1.982,-1.982,1.060,-9.273,-47.4,-2.203,-2.203,-6.332,-48.156,-39.1,-9.797,-9.797,-48.469,-101.438,93.9,-5.715,-5.715,-100.068,0.000,0.0,0.000,0.000,0.000,0.000,0.0,0.000,0.000,0.000
3069.7922,0.471,17.4,0.927,0.927,-0.630,2.627,0.9,2.980,2.980,4.012,27.094,-7.0,10.766,10.766,32.739,92.188,49.5,1.208,1.208,97.398,1.898,-9.8,-1.879,-1.879,1.060,-9.344,-36.3,-2.797,-2.797,-6.332,-48.188,-28.8,-10.273,-10.273,-48.469,-101.375,56.2,-4.719,-4.719,-100.068,0.000,0.0,0.000,0.000,0.000,0.000,0.0,0.000,0.000,0.000
3069.7942,0.527,25.0,-5.434,-5.434,-0.630,2.648,8.2,-0.002,-0.002,4.012,27.078,-6.3,7.789,7.789,32.739,92.312,72.2,0.386,0.386,97.398,1.877,-9.1,8.438,8.438,1.060,-9.383,-24.5,-6.648,-6.648,-6.332,-48.219,-20.7,-13.266,-13.266,-48.469,-101.375,20.7,-3.916,-3.916,-100.068,0.000,0.0,0.000,0.000,0.000,0.000,0.0,0.000,0.000,0.000
3069.7962,0.556,17.0,-7.941,-7.941,-0.630,2.652,4.1,-0.441,-0.441,4.012,27.062,-9.5,7.699,7.699,32.739,92.500,89.2,-0.315,-0.315,97.398,1.901,7.3,7.926,7.926,1.060,-9.406,-15.5,-8.695,-8.695,-6.332,-48.281,-26.6,-13.992,-13.992,-48.469,-101.438,-14.0,-2.887,-2.887,-100.068,0.000,0.0,0.000,0.000,0.000,0.000,0.0,0.000,0.000,0.000
3069.7982,0.565,7.8,-7.852,-7.852,-0.630,2.654,2.4,-0.028,-0.028,4.012,27.000,-18.3,6.977,6.977,32.739,92.750,98.4,-1.341,-1.341,97.398,1.968,25.2,6.648,6.648,1.060,-9.430,-14.6,-9.047,-9.047,-6.332,-48.375,-32.5,-13.062,-13.062,-48.469,-101.562,-48.7,-1.354,-1.354,-100.068,0.000,0.0,0.000,0.000,0.000,0.000,0.0,0.000,0.000,0.000
3069.8002,0.552,-2.2,-7.363,-7.363,-0.630,2.643,-2.4,-0.171,-0.171,4.012,26.922,-32.7,6.082,6.082,32.739,92.938,111.9,-2.268,-2.268,97.398,2.074,42.4,5.211,5.211,1.060,-9.484,-22.8,-7.352,-7.352,-6.332,-48.438,-38.0,-11.055,-11.055,-48.469,-101.750,-77.2,-0.081,-0.081,-100.068,0.000,0.0,0.000,0.000,0.000,0.000,0.0,0.000,0.000,0.000
3069.8022,0.530,-9.0,-6.980,-6.980,-0.630,2.629,-4.1,-0.533,-0.533,4.012,26.828,-44.8,5.441,5.441,32.739,93.188,114.7,-3.533,-3.533,97.398,2.199,53.3,3.666,3.666,1.060,-9.539,-26.4,-5.875,-5.875,-6.332,-48.531,-42.2,-9.289,-9.289,-48.469,-101.938,-93.6,1.411,1.411,-100.068,0.000,0.0,0.000,0.000,0.000,0.000,0.0,0.000,0.000,0.000
3069.8042,0.505,-12.3,-6.336,-6.336,-0.630,2.602,-11.2,-0.596,-0.596,4.012,26.719,-51.4,4.922,4.922,32.739,93.438,114.6,-4.254,-4.254,97.398,2.363,68.6,2.408,2.408,1.060,-9.609,-32.0,-5.047,-5.047,-6.332,-48.594,-32.9,-7.664,-7.664,-48.469,-102.188,-106.8,2.994,2.994,-100.068,0.000,0.0,0.000,0.000,0.000,0.000,0.0,0.000,0.000,0.000
3069.8062,0.464,-18.0,-4.832,-4.832,-0.630,2.590,-8.1,-1.072,-1.072,4.012,26.594,-55.4,6.871,6.871,32.739,93.625,110.8,-4.488,-4.488,97.398,2.533,79.5,0.012,0.012,1.060,-9.656,-27.4,-1.985,-1.985,-6.332,-48.625,-22.2,-3.744,-3.744,-48.469,-102.438,-120.5,4.805,4.805,-100.068,0.000,0.0,0.000,0.000,0.000,0.000,0.0,0.000,0.000,0.000
3069.8082,0.439,-13.8,3.600,3.600,-0.630,2.566,-8.6,1.606,1.606,4.012,26.500,-53.5,4.191,4.191,32.739,93.812,98.3,-4.895,-4.895,97.398,2.654,68.2,-9.242,-9.242,1.060,-9.680,-13.5,-2.232,-2.232,-6.332,-48.594,-3.2,-5.504,-5.504,-48.469,-102.688,-119.1,5.324,5.324,-100.068,0.000,0.0,0.000,0.000,0.000,0.000,0.0,0.000,0.000,0.000
3069.8102,0.449,-1.8,1.516,1.516,-0.630,2.551,-7.9,0.714,0.714,4.012,26.391,-52.4,3.127,3.127,32.739,94.000,90.7,-4.785,-4.785,97.398,2.711,43.6,-3.891,-3.891,1.060,-9.703,-13.1,-5.906,-5.906,-6.332,-48.562,18.0,-6.785,-6.785,-48.469,-102.875,-110.8,6.238,6.238,-100.068,0.000,0.0,0.000,0.000,0.000,0.000,0.0,0.000,0.000,0.000
3069.8122,0.474,8.8,1.472,1.472,-0.630,2.545,-4.7,-0.462,-0.462,4.012,26.266,-57.6,3.906,3.906,32.739,94.188,84.2,-4.812,-4.812,97.398,2.740,26.0,-5.184,-5.184,1.060,-9.719,-8.6,-3.469,-3.469,-6.332,-48.500,21.6,-6.188,-6.188,-48.469,-103.125,-109.1,5.422,5.422,-100.068,0.000,0.0,0.000,0.000,0.000,0.000,0.0,0.000,0.000,0.000
3069.8142,0.508,15.6,4.688,4.688,-0.630,2.539,-3.6,2.168,2.168,4.012,26.172,-46.6,5.941,5.941,32.739,94.312,68.8,-4.074,-4.074,97.398,2.727,5.6,-7.828,-7.828,1.060,-9.734,-5.5,-1.462,-1.462,-6.332,-48.438,25.6,-4.508,-4.508,-48.469,-103.250,-97.2,5.824,5.824,-100.068,0.000,0.0,0.000,0.000,0.000,0.000,0.0,0.000,0.000,0.000
3069.8162,0.571,25.2,2.008,2.008,-0.630,2.551,3.2,4.254,4.254,4.012,26.094,-41.8,8.758,8.758,32.739,94.438,61.9,-4.113,-4.113,97.398,2.654,-21.0,-4.770,-4.770,1.060,-9.711,5.5,-0.833,-0.833,-6.332,-48.344,38.1,-2.826,-2.826,-48.469,-103.438,-85.0,5.238,5.238,-100.068,0.000,0.0,0.000,0.000,0.000,0.000,0.0,0.000,0.000,0.000
3069.8182,0.653,36.0,-0.594,-0.594,-0.630,2.592,14.7,4.680,4.680,4.012,26.062,-25.3,9.789,9.789,32.739,94.500,50.6,-4.812,-4.812,97.398,2.545,-42.8,-0.883,-0.883,1.060,-9.672,13.0,-0.233,-0.233,-6.332,-48.250,48.5,-2.514,-2.514,-48.469,-103.562,-74.5,5.098,5.098,-100.068,0.000,0.0,0.000,0.000,0.000,0.000,0.0,0.000,0.000,0.000
3069.8202,0.712,31.8,-2.646,-2.646,-0.630,2.658,27.3,4.125,4.125,4.012,26.078,-4.0,9.117,9.117,32.739,94.562,38.5,-4.527,-4.527,97.398,2.432,-52.8,0.705,0.705,1.060,-9.625,20.4,-0.526,-0.526,-6.332,-48.125,50.8,-3.080,-3.080,-48.469,-103.688,-68.1,4.770,4.770,-100.068,0.000,0.0,0.000,0.000,0.000,0.000,0.0,0.000,0.000,0.000
3069.8222,0.766,27.9,-3.951,-3.951,-0.630,2.740,34.7,4.504,4.504,4.012,26.125,14.7,9.641,9.641,32.739,94.625,26.5,-5.875,-5.875,97.398,2.322,-54.6,2.754,2.754,1.060,-9.570,21.8,0.151,0.151,-6.332,-48.000,58.5,-3.740,-3.740,-48.469,-103.812,-61.9,4.332,4.332,-100.068,0.000,0.0,0.000,0.000,0.000,0.000,0.0,0.000,0.000,0.000
3069.8242,0.781,14.2,-2.428,-2.428,-0.630,2.834,41.6,2.797,2.797,4.012,26.203,29.6,8.203,8.203,32.739,94.625,17.5,-6.012,-6.012,97.398,2.223,-50.8,2.770,2.770,1.060,-9.492,31.7,-0.792,-0.792,-6.332,-47.906,57.3,-5.109,-5.109,-48.469,-103.875,-47.7,4.867,4.867,-100.068,0.000,0.0,0.000,0.000,0.000,0.000,0.0,0.000,0.000,0.000
3069.8262,0.781,3.4,-2.023,-2.023,-0.630,2.912,38.2,2.656,2.656,4.012,26.281,40.7,8.125,8.125,32.739,94.625,-4.0,-7.480,-7.480,97.398,2.143,-42.8,3.398,3.398,1.060,-9.438,26.8,-1.063,-1.063,-6.332,-47.781,55.7,-5.266,-5.266,-48.469,-103.938,-35.4,6.543,6.543,-100.068,0.000,0.0,0.000,0.000,0.000,0.000,0.0,0.000,0.000,0.000
3069.8283,0.775,-1.9,-1.541,-1.541,-0.630,2.984,35.9,3.281,3.281,4.012,26.391,48.2,8.070,8.070,32.739,94.562,-20.7,-8.383,-8.383,97.398,2.078,-34.8,2.492,2.492,1.060,-9.375,29.8,-1.314,-1.314,-6.332,-47.719,39.6,-5.496,-5.496,-48.469,-103.938,-15.8,7.891,7.891,-100.068,0.000,0.0,0.000,0.000,0.000,0.000,0.0,0.000,0.000,0.000
3069.8302,0.756,-6.5,-1.632,-1.632,-0.630,2.996,17.4,3.424,3.424,4.012,26.484,49.8,8.078,8.078,32.739,94.438,-40.2,-10.086,-10.086,97.398,2.027,-27.3,2.871,2.871,1.060,-9.352,21.3,-0.777,-0.777,-6.332,-47.656,35.7,-5.398,-5.398,-48.469,-103.938,1.4,7.684,7.684,-100.068,0.000,0.0,0.000,0.000,0.000,0.000,0.0,0.000,0.000,0.000
3069.8322,0.715,-15.5,-0.287,-0.287,-0.630,2.984,2.9,5.277,5.277,4.012,26.562,45.2,6.828,6.828,32.739,94.312,-62.4,-7.703,-7.703,97.398,2.002,-17.5,1.346,1.346,1.060,-9.328,14.0,-1.280,-1.280,-6.332,-47.625,25.2,-7.383,-7.383,-48.469,-103.875,17.5,8.484,8.484,-100.068,0.000,0.0,0.000,0.000,0.000,0.000,0.0,0.000,0.000,0.000
3069.8342,0.671,-20.5,1.490,1.490,-0.630,2.947,-10.6,4.930,4.930,4.012,26.641,39.7,6.340,6.340,32.739,94.125,-80.5,-5.117,-5.117,97.398,1.980,-12.7,0.530,0.530,1.060,-9.320,5.6,-2.238,-2.238,-6.332,-47.625,10.7,-8.883,-8.883,-48.469,-103.750,41.6,9.188,9.188,-100.068,0.000,0.0,0.000,0.000,0.000,0.000,0.0,0.000,0.000,0.000
3069.8362,0.644,-17.6,2.887,2.887,-0.630,2.906,-16.2,4.832,4.832,4.012,26.703,35.5,6.199,6.199,32.739,93.875,-97.1,-3.396,-3.396,97.398,1.952,-12.7,0.070,0.070,1.060,-9.320,-0.1,-2.953,-2.953,-6.332,-47.656,-7.2,-10.242,-10.242,-48.469,-103.625,59.7,9.477,9.477,-100.068,0.000,0.0,0.000,0.000,0.000,0.000,0.0,0.000,0.000,0.000
3069.8382,0.631,-9.7,3.912,3.912,-0.630,2.869,-17.9,4.441,4.441,4.012,26.734,24.4,6.914,6.914,32.739,93.688,-101.0,-2.197,-2.197,97.398,1.927,-13.2,-0.799,-0.799,1.060,-9.344,-8.0,-3.307,-3.307,-6.332,-47.719,-24.2,-10.289,-10.289,-48.469,-103.500,76.5,9.164,9.164,-100.068,0.000,0.0,0.000,0.000,0.000,0.000,0.0,0.000,0.000,0.000
3069.8402,0.622,-7.9,3.848,3.848,-0.630,2.830,-19.5,4.105,4.105,4.012,26.750,16.7,7.105,7.105,32.739,93.500,-98.2,-0.949,-0.949,97.398,1.893,-17.4,-1.116,-1.116,1.060,-9.398,-21.0,-3.439,-3.439,-6.332,-47.812,-39.7,-10.648,-10.648,-48.469,-103.250,98.2,9.117,9.117,-100.068,0.000,0.0,0.000,0.000,0.000,0.000,0.0,0.000,0.000,0.000
3069.8422,0.646,4.0,4.008,4.008,-0.630,2.820,-9.8,3.314,3.314,4.012,26.766,10.2,8.133,8.133,32.739,93.312,-89.1,-0.439,-0.439,97.398,1.867,-14.6,-1.350,-1.350,1.060,-9.461,-28.2,-3.514,-3.514,-6.332,-47.938,-50.9,-11.000,-11.000,-48.469,-103.000,112.6,8.617,8.617,-100.068,0.000,0.0,0.000,0.000,0.000,0.000,0.0,0.000,0.000,0.000
3069.8442,0.684,12.2,2.764,2.764,-0.630,2.793,-11.0,2.977,2.977,4.012,26.750,0.4,9.352,9.352,32.739,93.188,-76.2,-0.511,-0.511,97.398,1.808,-25.2,-1.185,-1.185,1.060,-9.539,-35.8,-3.387,-3.387,-6.332,-48.062,-62.3,-10.953,-10.953,-48.469,-102.750,128.9,8.047,8.047,-100.068,0.000,0.0,0.000,0.000,0.000,0.000,0.0,0.000,0.000,0.000
3069.8462,0.737,20.8,1.773,1.773,-0.630,2.771,-10.0,2.916,2.916,4.012,26.750,-3.4,10.266,10.266,32.739,93.062,-68.3,-0.747,-0.747,97.398,1.767,-23.3,-0.750,-0.750,1.060,-9.609,-37.4,-3.256,-3.256,-6.332,-48.188,-61.2,-10.742,-10.742,-48.469,-102.438,139.6,7.141,7.141,-100.068,0.000,0.0,0.000,0.000,0.000,0.000,0.0,0.000,0.000,0.000
3069.8482,0.797,27.0,0.402,0.402,-0.630,2.752,-9.9,2.891,2.891,4.012,26.750,-1.8,10.602,10.602,32.739,93.000,-49.2,-0.403,-0.403,97.398,1.726,-19.4,0.552,0.552,1.060,-9.672,-31.9,-4.398,-4.398,-6.332,-48.312,-59.4,-11.547,-11.547,-48.469,-102.188,144.9,5.422,5.422,-100.068,0.000,0.0,0.000,0.000,0.000,0.000,0.0,0.000,0.000,0.000
3069.8502,0.854,29.0,-0.722,-0.722,-0.630,2.736,-9.2,2.016,2.016,4.012,26.734,-3.2,9.281,9.281,32.739,92.938,-34.2,0.514,0.514,97.398,1.673,-22.7,2.119,2.119,1.060,-9.734,-30.8,-4.633,-4.633,-6.332,-48.406,-57.4,-13.562,-13.562,-48.469,-101.875,138.4,3.537,3.537,-100.068,0.000,0.0,0.000,0.000,0.000,0.000,0.0,0.000,0.000,0.000
3069.8522,0.891,21.7,-1.177,-1.177,-0.630,2.717,-10.3,2.109,2.109,4.012,26.734,-7.1,7.727,7.727,32.739,92.938,-17.1,2.619,2.619,97.398,1.642,-20.6,3.072,3.072,1.060,-9.766,-23.7,-7.086,-7.086,-6.332,-48.531,-51.2,-16.281,-16.281,-48.469,-101.625,130.6,1.074,1.074,-100.068,0.000,0.0,0.000,0.000,0.000,0.000,0.0,0.000,0.000,0.000
3069.8542,0.913,11.6,-10.508,-10.508,-0.630,2.705,-8.8,1.535,1.535,4.012,26.719,-7.7,8.359,8.359,32.739,92.938,6.9,3.125,3.125,97.398,1.691,9.5,11.375,11.375,1.060,-9.805,-20.0,-8.742,-8.742,-6.332,-48.625,-50.0,-16.984,-16.984,-48.469,-101.438,114.7,-1.388,-1.388,-100.068,0.000,0.0,0.000,0.000,0.000,0.000,0.0,0.000,0.000,0.000
3069.8562,0.866,-13.0,-8.008,-8.008,-0.630,2.693,-9.4,1.604,1.604,4.012,26.672,-12.8,8.422,8.422,32.739,93.062,34.0,2.404,2.404,97.398,1.798,39.2,8.266,8.266,1.060,-9.844,-18.5,-9.320,-9.320,-6.332,-48.750,-63.2,-16.188,-16.188,-48.469,-101.250,86.9,-3.652,-3.652,-100.068,0.000,0.0,0.000,0.000,0.000,0.000,0.0,0.000,0.000,0.000
3069.8582,0.766,-37.7,-5.469,-5.469,-0.630,2.693,-4.1,1.726,1.726,4.012,26.641,-15.3,7.977,7.977,32.739,93.188,52.1,1.521,1.521,97.398,1.961,66.6,5.602,5.602,1.060,-9.898,-23.7,-9.500,-9.500,-6.332,-48.875,-62.1,-15.312,-15.312,-48.469,-101.188,51.7,-3.590,-3.590,-100.068,0.000,0.0,0.000,0.000,0.000,0.000,0.0,0.000,0.000,0.000
3069.8602,0.631,-55.8,-3.162,-3.162,-0.630,2.689,-1.8,1.550,1.550,4.012,26.625,-13.7,7.730,7.730,32.739,93.312,68.5,0.782,0.782,97.398,2.141,81.2,3.439,3.439,1.060,-9.938,-20.2,-9.789,-9.789,-6.332,-49.000,-58.7,-14.203,-14.203,-48.469,-101.188,13.6,-3.402,-3.402,-100.068,0.000,0.0,0.000,0.000,0.000,0.000,0.0,0.000,0.000,0.000
3069.8622,0.477,-68.6,-1.392,-1.392,-0.630,2.684,-2.3,1.206,1.206,4.012,26.609,-11.3,6.527,6.527,32.739,93.500,77.8,-0.199,-0.199,97.398,2.354,98.3,1.337,1.337,1.060,-9.977,-18.7,-9.906,-9.906,-6.332,-49.094,-49.2,-13.039,-13.039,-48.469,-101.312,-22.2,-2.113,-2.113,-100.068,0.000,0.0,0.000,0.000,0.000,0.000,0.0,0.000,0.000,0.000
3069.8642,0.352,-64.4,7.992,7.992,-0.630,2.695,2.9,1.068,1.068,4.012,26.594,-7.4,10.539,10.539,32.739,93.688,89.2,-1.221,-1.221,97.398,2.535,93.8,-15.078,-15.078,1.060,-10.008,-13.8,-3.365,-3.365,-6.332,-49.125,-30.8,-6.590,-6.590,-48.469,-101.438,-53.2,-0.718,-0.718,-100.068,0.000,0.0,0.000,0.000,0.000,0.000,0.0,0.000,0.000,0.000
3069.8662,0.314,-33.5,8.578,8.578,-0.630,2.721,10.9,6.129,6.129,4.012,26.609,2.2,7.914,7.914,32.739,93.875,93.2,-2.402,-2.402,97.398,2.611,57.7,-13.000,-13.000,1.060,-9.977,4.6,-1.959,-1.959,-6.332,-49.094,-0.3,-6.070,-6.070,-48.469,-101.625,-76.5,0.932,0.932,-100.068,0.000,0.0,0.000,0.000,0.000,0.000,0.0,0.000,0.000,0.000
3069.8682,0.361,2.7,2.373,2.373,-0.630,2.766,18.2,2.816,2.816,4.012,26.625,4.6,2.416,2.416,32.739,94.062,96.4,-3.445,-3.445,97.398,2.596,15.4,-3.100,-3.100,1.060,-9.914,19.3,-6.301,-6.301,-6.332,-49.031,21.9,-10.070,-10.070,-48.469,-101.875,-105.1,2.277,2.277,-100.068,0.000,0.0,0.000,0.000,0.000,0.000,0.0,0.000,0.000,0.000
3069.8702,0.461,33.8,0.646,0.646,-0.630,2.818,23.2,-1.416,-1.416,4.012,26.609,-1.1,1.823,1.823,32.739,94.250,90.8,-3.945,-3.945,97.398,2.566,-3.7,-1.928,-1.928,1.060,-9.852,24.9,-6.527,-6.527,-6.332,-48.969,30.6,-9.602,-9.602,-48.469,-102.125,-115.7,3.785,3.785,-100.068,0.000,0.0,0.000,0.000,0.000,0.000,0.0,0.000,0.000,0.000
3069.8722,0.552,42.1,3.730,3.730,-0.630,2.840,14.6,-1.024,-1.024,4.012,26.594,-7.3,3.158,3.158,32.739,94.438,84.4,-3.555,-3.555,97.398,2.510,-18.6,-6.859,-6.859,1.060,-9.805,25.7,-3.977,-3.977,-6.332,-48.906,32.0,-7.398,-7.398,-48.469,-102.312,-120.1,5.340,5.340,-100.068,0.000,0.0,0.000,0.000,0.000,0.000,0.0,0.000,0.000,0.000
3069.8742,0.693,61.2,0.093,0.093,-0.630,2.854,9.0,1.340,1.340,4.012,26.562,-11.9,6.316,6.316,32.739,94.562,73.6,-4.602,-4.602,97.398,2.410,-38.1,-2.490,-2.490,1.060,-9.766,22.5,-1.954,-1.954,-6.332,-48.812,43.6,-3.832,-3.832,-48.469,-102.562,-121.7,6.137,6.137,-100.068,0.000,0.0,0.000,0.000,0.000,0.000,0.0,0.000,0.000,0.000
3069.8763,0.800,55.4,-8.625,-8.625,-0.630,2.865,7.5,3.760,3.760,4.012,26.578,2.6,8.578,8.578,32.739,94.688,66.1,-5.773,-5.773,97.398,2.295,-48.5,3.980,3.980,1.060,-9.703,27.5,0.036,0.036,-6.332,-48.688,55.7,-0.701,-0.701,-48.469,-102.812,-124.7,7.004,7.004,-100.068,0.000,0.0,0.000,0.000,0.000,0.000,0.0,0.000,0.000,0.000
3069.8782,0.866,38.2,-8.102,-8.102,-0.630,2.896,13.5,4.680,4.680,4.012,26.594,6.2,7.145,7.145,32.739,94.750,48.4,-6.867,-6.867,97.398,2.184,-51.8,5.137,5.137,1.060,-9.625,34.8,0.467,0.467,-6.332,-48.531,72.9,-1.755,-1.755,-48.469,-103.062,-112.6,6.551,6.551,-100.068,0.000,0.0,0.000,0.000,0.000,0.000,0.0,0.000,0.000,0.000
3069.8802,0.875,14.2,-12.148,-12.148,-0.630,2.932,15.8,3.369,3.369,4.012,26.641,18.4,8.398,8.398,32.739,94.812,33.2,-6.863,-6.863,97.398,2.131,-36.3,10.664,10.664,1.060,-9.539,38.5,0.692,0.692,-6.332,-48.344,81.9,-0.913,-0.913,-48.469,-103.250,-99.6,6.738,6.738,-100.068,0.000,0.0,0.000,0.000,0.000,0.000,0.0,0.000,0.000,0.000
3069.8822,0.803,-19.3,-9.836,-9.836,-0.630,2.984,21.8,4.570,4.570,4.012,26.703,30.3,7.887,7.887,32.739,94.812,8.7,-4.949,-4.949,97.398,2.150,-7.0,7.984,7.984,1.060,-9.461,38.9,1.182,1.182,-6.332,-48.156,90.5,-1.509,-1.509,-48.469,-103.375,-88.9,6.191,6.191,-100.068,0.000,0.0,0.000,0.000,0.000,0.000,0.0,0.000,0.000,0.000
3069.8842,0.659,-53.7,-9.055,-9.055,-0.630,3.045,27.1,5.152,5.152,4.012,26.781,33.6,7.543,7.543,32.739,94.812,-2.2,-4.500,-4.500,97.398,2.215,19.1,7.219,7.219,1.060,-9.375,41.0,1.331,1.331,-6.332,-47.969,94.2,-1.974,-1.974,-48.469,-103.500,-75.2,5.949,5.949,-100.068,0.000,0.0,0.000,0.000,0.000,0.000,0.0,0.000,0.000,0.000
3069.8862,0.458,-84.3,-6.402,-6.402,-0.630,3.100,28.5,5.082,5.082,4.012,26.875,40.7,8.180,8.180,32.739,94.750,-15.5,-6.270,-6.270,97.398,2.322,41.5,5.195,5.195,1.060,-9.289,42.5,0.875,0.875,-6.332,-47.781,96.1,-2.252,-2.252,-48.469,-103.625,-63.6,5.664,5.664,-100.068,0.000,0.0,0.000,0.000,0.000,0.000,0.0,0.000,0.000,0.000
3069.8882,0.257,-93.9,-4.320,-4.320,-0.630,3.148,25.1,5.277,5.277,4.012,26.969,45.2,9.234,9.234,32.739,94.688,-27.4,-12.547,-12.547,97.398,2.451,55.3,2.842,2.842,1.060,-9.195,46.6,0.815,0.815,-6.332,-47.594,93.6,-2.209,-2.209,-48.469,-103.750,-50.0,5.410,5.410,-100.068,0.000,0.0,0.000,0.000,0.000,0.000,0.0,0.000,0.000,0.000
3069.8902,0.060,-95.6,8.609,8.609,-0.630,3.195,25.2,5.863,5.863,4.012,27.031,36.2,2.475,2.475,32.739,94.562,-48.1,-6.254,-6.254,97.398,2.561,52.7,-7.363,-7.363,1.060,-9.125,38.8,-2.867,-2.867,-6.332,-47.469,76.8,-9.648,-9.648,-48.469,-103.750,-35.2,11.688,11.688,-100.068,0.000,0.0,0.000,0.000,0.000,0.000,0.0,0.000,0.000,0.000
3069.8922,-0.035,-64.0,10.305,10.305,-0.630,3.201,10.9,1.892,1.892,4.012,27.062,22.4,3.611,3.611,32.739,94.438,-63.7,-5.285,-5.285,97.398,2.617,33.8,-8.281,-8.281,1.060,-9.078,30.7,-1.459,-1.459,-6.332,-47.375,56.8,-8.695,-8.695,-48.469,-103.750,-7.2,9.727,9.727,-100.068,0.000,0.0,0.000,0.000,0.000,0.000,0.0,0.000,0.000,0.000
3069.8942,-0.016,-15.9,6.734,6.734,-0.630,3.176,-5.3,2.064,2.064,4.012,27.094,16.1,9.766,9.766,32.739,94.250,-69.8,-9.234,-9.234,97.398,2.607,7.1,-7.809,-7.809,1.060,-9.031,24.3,1.903,1.903,-6.332,-47.312,34.6,-3.518,-3.518,-48.469,-103.688,18.5,4.305,4.305,-100.068,0.000,0.0,0.000,0.000,0.000,0.000,0.0,0.000,0.000,0.000
3069.8962,0.041,11.5,-0.564,-0.564,-0.630,3.113,-21.0,6.062,6.062,4.012,27.141,20.3,12.328,12.328,32.739,94.062,-91.8,-9.531,-9.531,97.398,2.535,-21.2,-0.868,-0.868,1.060,-8.984,24.8,2.271,2.271,-6.332,-47.250,28.6,-2.213,-2.213,-48.469,-103.625,27.5,2.396,2.396,-100.068,0.000,0.0,0.000,0.000,0.000,0.000,0.0,0.000,0.000,0.000
3069.8982,0.110,23.6,-0.660,-0.660,-0.630,3.053,-26.3,7.180,7.180,4.012,27.234,35.1,12.297,12.297,32.739,93.812,-116.5,-8.586,-8.586,97.398,2.438,-38.1,-1.890,-1.890,1.060,-8.922,30.8,2.234,2.234,-6.332,-47.219,28.0,-3.844,-3.844,-48.469,-103.562,34.1,3.055,3.055,-100.068,0.000,0.0,0.000,0.000,0.000,0.000,0.0,0.000,0.000,0.000
3069.9002,0.179,30.2,1.939,1.939,-0.630,3.021,-18.4,8.055,8.055,4.012,27.344,46.8,10.391,10.391,32.739,93.500,-129.9,-6.434,-6.434,97.398,2.334,-46.8,-3.105,-3.105,1.060,-8.844,36.9,-0.385,-0.385,-6.332,-47.156,26.4,-7.609,-7.609,-48.469,-103.500,35.2,6.098,6.098,-100.068,0.000,0.0,0.000,0.000,0.000,0.000,0.0,0.000,0.000,0.000
3069.9022,0.245,33.5,1.376,1.376,-0.630,3.010,-10.9,5.816,5.816,4.012,27.469,52.6,8.383,8.383,32.739,93.250,-142.8,-3.525,-3.525,97.398,2.188,-62.2,0.329,0.329,1.060,-8.797,27.5,-3.244,-3.244,-6.332,-47.125,15.7,-10.680,-10.680,-48.469,-103.375,42.4,8.703,8.703,-100.068,0.000,0.0,0.000,0.000,0.000,0.000,0.0,0.000,0.000,0.000
3069.9042,0.330,41.2,-0.400,-0.400,-0.630,3.010,-5.0,3.904,3.904,4.012,27.562,51.4,7.582,7.582,32.739,92.938,-138.4,-1.975,-1.975,97.398,2.055,-64.7,3.729,3.729,1.060,-8.789,12.0,-3.547,-3.547,-6.332,-47.156,-5.1,-10.914,-10.914,-48.469,-103.250,56.8,9.109,9.109,-100.068,0.000,0.0,0.000,0.000,0.000,0.000,0.0,0.000,0.000,0.000
3069.9062,0.398,38.7,-1.612,-1.612,-0.630,3.004,-4.9,3.078,3.078,4.012,27.625,39.0,7.914,7.914,32.739,92.750,-122.6,-1.378,-1.378,97.398,1.949,-56.8,4.730,4.730,1.060,-8.820,-4.9,-3.250,-3.250,-6.332,-47.250,-28.1,-10.328,-10.328,-48.469,-103.125,73.4,8.742,8.742,-100.068,0.000,0.0,0.000,0.000,0.000,0.000,0.0,0.000,0.000,0.000
3069.9082,0.446,29.5,-1.911,-1.911,-0.630,2.990,-5.4,3.217,3.217,4.012,27.641,20.6,8.266,8.266,32.739,92.500,-114.1,-1.342,-1.342,97.398,1.873,-44.4,4.086,4.086,1.060,-8.891,-24.6,-2.006,-2.006,-6.332,-47.344,-40.5,-9.352,-9.352,-48.469,-102.875,91.1,7.820,7.820,-100.068,0.000,0.0,0.000,0.000,0.000,0.000,0.0,0.000,0.000,0.000
3069.9102,0.493,27.6,-1.236,-1.236,-0.630,2.947,-15.5,3.746,3.746,4.012,27.641,3.5,9.727,9.727,32.739,92.375,-95.3,-1.471,-1.471,97.398,1.829,-29.4,3.094,3.094,1.060,-8.953,-32.9,-1.813,-1.813,-6.332,-47.469,-56.2,-8.859,-8.859,-48.469,-102.688,99.5,7.234,7.234,-100.068,0.000,0.0,0.000,0.000,0.000,0.000,0.0,0.000,0.000,0.000
3069.9122,0.505,16.6,-1.211,-1.211,-0.630,2.912,-18.0,4.531,4.531,4.012,27.594,-8.8,11.383,11.383,32.739,92.188,-78.1,-1.984,-1.984,97.398,1.795,-21.3,2.646,2.646,1.060,-9.031,-35.1,-1.365,-1.365,-6.332,-47.594,-59.7,-8.664,-8.664,-48.469,-102.438,108.9,6.277,6.277,-100.068,0.000,0.0,0.000,0.000,0.000,0.000,0.0,0.000,0.000,0.000
3069.9142,0.499,4.0,-1.153,-1.153,-0.630,2.885,-16.4,4.453,4.453,4.012,27.547,-17.5,11.883,11.883,32.739,92.125,-64.5,-1.827,-1.827,97.398,1.798,-7.3,1.699,1.699,1.060,-9.094,-35.8,-1.683,-1.683,-6.332,-47.719,-60.7,-8.812,-8.812,-48.469,-102.188,117.4,5.582,5.582,-100.068,0.000,0.0,0.000,0.000,0.000,0.000,0.0,0.000,0.000,0.000
3069.9162,0.493,0.3,-0.366,-0.366,-0.630,2.865,-12.7,3.260,3.260,4.012,27.516,-18.9,11.758,11.758,32.739,92.000,-46.6,-1.259,-1.259,97.398,1.792,-5.5,0.758,0.758,1.060,-9.172,-36.2,-1.881,-1.881,-6.332,-47.844,-54.5,-9.961,-9.961,-48.469,-102.000,113.4,5.449,5.449,-100.068,0.000,0.0,0.000,0.000,0.000,0.000,0.0,0.000,0.000,0.000
3069.9182,0.468,-8.6,1.049,1.049,-0.630,2.854,-8.2,2.510,2.510,4.012,27.484,-19.2,11.383,11.383,32.739,92.000,-25.9,-0.465,-0.465,97.398,1.811,3.6,-0.400,-0.400,1.060,-9.266,-42.9,-1.777,-1.777,-6.332,-47.906,-46.9,-10.617,-10.617,-48.469,-101.750,112.1,1.963,1.963,-100.068,0.000,0.0,0.000,0.000,0.000,0.000,0.0,0.000,0.000,0.000
3069.9202,0.477,-1.0,1.382,1.382,-0.630,2.824,-12.3,2.908,2.908,4.012,27.438,-19.7,10.750,10.750,32.739,92.000,-0.6,2.150,2.150,97.398,1.805,-0.1,-0.598,-0.598,1.060,-9.375,-51.2,-2.877,-2.877,-6.332,-48.000,-41.2,-11.109,-11.109,-48.469,-101.562,98.9,-0.172,-0.172,-100.068,0.000,0.0,0.000,0.000,0.000,0.000,0.0,0.000,0.000,0.000
3069.9222,0.480,1.0,1.538,1.538,-0.630,2.799,-14.9,2.578,2.578,4.012,27.422,-14.5,10.945,10.945,32.739,92.125,28.4,2.363,2.363,97.398,1.805,0.2,-1.263,-1.263,1.060,-9.445,-41.9,-2.336,-2.336,-6.332,-48.094,-39.1,-11.508,-11.508,-48.469,-101.438,76.9,-3.656,-3.656,-100.068,0.000,0.0,0.000,0.000,0.000,0.000,0.0,0.000,0.000,0.000
3069.9242,0.493,5.3,2.756,2.756,-0.630,2.793,-8.5,4.203,4.203,4.012,27.406,-10.0,10.398,10.398,32.739,92.250,48.1,1.556,1.556,97.398,1.798,-0.6,-2.459,-2.459,1.060,-9.508,-33.3,-3.537,-3.537,-6.332,-48.156,-34.2,-11.516,-11.516,-48.469,-101.375,43.4,-3.955,-3.955,-100.068,0.000,0.0,0.000,0.000,0.000,0.000,0.0,0.000,0.000,0.000
3069.9262,0.521,11.1,3.365,3.365,-0.630,2.787,-5.0,3.662,3.662,4.012,27.406,-3.3,10.383,10.383,32.739,92.438,75.7,0.769,0.769,97.398,1.764,-11.4,-3.572,-3.572,1.060,-9.531,-17.9,-4.438,-4.438,-6.332,-48.219,-30.0,-11.023,-11.023,-48.469,-101.438,3.6,-3.373,-3.373,-100.068,0.000,0.0,0.000,0.000,0.000,0.000,0.0,0.000,0.000,0.000
3069.9282,0.578,21.3,-4.758,-4.758,-0.630,2.789,-2.1,3.361,3.361,4.012,27.375,-9.6,7.207,7.207,32.739,92.625,87.2,-0.331,-0.331,97.398,1.745,-10.5,8.383,8.383,1.060,-9.516,-2.8,-8.688,-8.688,-6.332,-48.250,-26.6,-13.773,-13.773,-48.469,-101.500,-26.5,-1.720,-1.720,-100.068,0.000,0.0,0.000,0.000,0.000,0.000,0.0,0.000,0.000,0.000
3069.9302,0.596,14.3,-6.355,-6.355,-0.630,2.812,4.7,-0.037,-0.037,4.012,27.344,-17.2,6.703,6.703,32.739,92.812,101.2,-1.407,-1.407,97.398,1.776,7.0,7.254,7.254,1.060,-9.516,-0.4,-9.125,-9.125,-6.332,-48.312,-27.9,-12.727,-12.727,-48.469,-101.688,-53.4,-0.846,-0.846,-100.068,0.000,0.0,0.000,0.000,0.000,0.000,0.0,0.000,0.000,0.000
3069.9322,0.574,-1.9,-6.246,-6.246,-0.630,2.814,3.6,-0.065,-0.065,4.012,27.281,-26.4,5.695,5.695,32.739,93.062,108.7,-2.584,-2.584,97.398,1.849,26.5,6.328,6.328,1.060,-9.539,-8.5,-8.102,-8.102,-6.332,-48.375,-28.6,-11.047,-11.047,-48.469,-101.812,-77.0,0.570,0.570,-100.068,0.000,0.0,0.000,0.000,0.000,0.000,0.0,0.000,0.000,0.000
3069.9342,0.537,-12.7,-5.469,-5.469,-0.630,2.812,-0.3,-0.486,-0.486,4.012,27.172,-40.9,4.781,4.781,32.739,93.312,116.6,-4.066,-4.066,97.398,1.945,39.8,4.797,4.797,1.060,-9.578,-14.9,-6.109,-6.109,-6.332,-48.438,-25.1,-8.797,-8.797,-48.469,-102.062,-99.8,2.250,2.250,-100.068,0.000,0.0,0.000,0.000,0.000,0.000,0.0,0.000,0.000,0.000
3069.9362,0.496,-16.4,-4.891,-4.891,-0.630,2.805,-1.2,-0.785,-0.785,4.012,27.062,-52.5,4.312,4.312,32.739,93.562,116.6,-4.695,-4.695,97.398,2.068,51.6,3.461,3.461,1.060,-9.633,-20.8,-5.852,-5.852,-6.332,-48.469,-19.4,-7.527,-7.527,-48.469,-102.312,-110.4,3.510,3.510,-100.068,0.000,0.0,0.000,0.000,0.000,0.000,0.0,0.000,0.000,0.000
3069.9382,0.446,-20.3,-5.473,-5.473,-0.630,2.773,-10.9,-1.618,-1.618,4.012,26.922,-60.9,3.705,3.705,32.739,93.750,108.9,-5.184,-5.184,97.398,2.213,63.6,2.758,2.758,1.060,-9.680,-21.1,-5.363,-5.363,-6.332,-48.438,-3.3,-5.988,-5.988,-48.469,-102.500,-111.2,5.406,5.406,-100.068,0.000,0.0,0.000,0.000,0.000,0.000,0.0,0.000,0.000,0.000
3069.9402,0.398,-19.9,-4.379,-4.379,-0.630,2.758,-9.2,-2.879,-2.879,4.012,26.781,-66.1,7.238,7.238,32.739,93.938,97.3,-5.086,-5.086,97.398,2.363,69.3,-2.760,-2.760,1.060,-9.719,-21.5,-4.758,-4.758,-6.332,-48.406,6.9,-2.932,-2.932,-48.469,-102.750,-118.0,5.777,5.777,-100.068,0.000,0.0,0.000,0.000,0.000,0.000,0.0,0.000,0.000,0.000
3069.9422,0.358,-17.8,3.570,3.570,-0.630,2.715,-16.9,1.493,1.493,4.012,26.672,-61.7,6.930,6.930,32.739,94.125,89.1,-4.996,-4.996,97.398,2.473,56.6,-10.273,-10.273,1.060,-9.734,-12.3,0.109,0.109,-6.332,-48.344,26.5,-2.643,-2.643,-48.469,-102.938,-107.0,5.770,5.770,-100.068,0.000,0.0,0.000,0.000,0.000,0.000,0.0,0.000,0.000,0.000
3069.9442,0.374,-0.1,6.293,6.293,-0.630,2.695,-11.6,4.188,4.188,4.012,26.578,-49.8,3.266,3.266,32.739,94.312,82.0,-4.824,-4.824,97.398,2.518,33.7,-8.945,-8.945,1.060,-9.672,11.6,-4.094,-4.094,-6.332,-48.250,39.8,-6.332,-6.332,-48.469,-103.125,-95.3,5.609,5.609,-100.068,0.000,0.0,0.000,0.000,0.000,0.000,0.0,0.000,0.000,0.000
3069.9462,0.436,20.7,4.715,4.715,-0.630,2.693,-5.0,1.325,1.325,4.012,26.500,-45.2,4.484,4.484,32.739,94.438,74.6,-3.992,-3.992,97.398,2.479,0.9,-6.836,-6.836,1.060,-9.641,14.1,-3.945,-3.945,-6.332,-48.156,45.4,-6.559,-6.559,-48.469,-103.312,-89.7,5.344,5.344,-100.068,0.000,0.0,0.000,0.000,0.000,0.000,0.0,0.000,0.000,0.000
3069.9482,0.527,38.0,2.555,2.555,-0.630,2.701,0.2,1.388,1.388,4.012,26.422,-39.3,6.836,6.836,32.739,94.500,60.0,-3.566,-3.566,97.398,2.379,-33.0,-4.539,-4.539,1.060,-9.617,13.8,-2.096,-2.096,-6.332,-48.062,49.8,-4.645,-4.645,-48.469,-103.438,-77.4,5.039,5.039,-100.068,0.000,0.0,0.000,0.000,0.000,0.000,0.0,0.000,0.000,0.000
3069.9502,0.627,45.4,0.017,0.017,-0.630,2.752,17.5,3.266,3.266,4.012,26.391,-23.7,8.250,8.250,32.739,94.625,51.3,-4.555,-4.555,97.398,2.270,-47.1,-1.870,-1.870,1.060,-9.586,14.2,-1.007,-1.007,-6.332,-47.969,49.6,-4.012,-4.012,-48.469,-103.562,-70.6,4.812,4.812,-100.068,0.000,0.0,0.000,0.000,0.000,0.000,0.0,0.000,0.000,0.000
3069.9522,0.731,49.0,-3.051,-3.051,-0.630,2.799,23.6,3.945,3.945,4.012,26.422,-1.2,8.953,8.953,32.739,94.688,43.7,-5.070,-5.070,97.398,2.135,-59.1,0.833,0.833,1.060,-9.562,15.7,0.014,0.014,-6.332,-47.844,50.1,-3.404,-3.404,-48.469,-103.688,-58.3,4.500,4.500,-100.068,0.000,0.0,0.000,0.000,0.000,0.000,0.0,0.000,0.000,0.000
3069.9542,0.807,42.2,-5.348,-5.348,-0.630,2.871,31.4,3.922,3.922,4.012,26.469,16.9,8.398,8.398,32.739,94.750,27.9,-5.188,-5.188,97.398,2.002,-62.7,4.094,4.094,1.060,-9.531,15.7,0.493,0.493,-6.332,-47.750,54.4,-3.523,-3.523,-48.469,-103.750,-48.3,4.289,4.289,-100.068,0.000,0.0,0.000,0.000,0.000,0.000,0.0,0.000,0.000,0.000
3069.9562,0.838,25.4,-4.730,-4.730,-0.630,2.963,40.0,3.779,3.779,4.012,26.547,31.2,7.953,7.953,32.739,94.750,12.4,-6.078,-6.078,97.398,1.908,-53.6,4.137,4.137,1.060,-9.492,17.4,0.425,0.425,-6.332,-47.656,47.7,-4.574,-4.574,-48.469,-103.875,-39.7,4.395,4.395,-100.068,0.000,0.0,0.000,0.000,0.000,0.000,0.0,0.000,0.000,0.000
3069.9582,0.829,5.8,-2.977,-2.977,-0.630,3.041,38.4,3.867,3.867,4.012,26.641,43.8,8.352,8.352,32.739,94.750,-4.8,-6.953,-6.953,97.398,1.854,-36.2,3.104,3.104,1.060,-9.453,19.1,0.002,0.002,-6.332,-47.531,49.4,-4.664,-4.664,-48.469,-103.938,-33.0,4.910,4.910,-100.068,0.000,0.0,0.000,0.000,0.000,0.000,0.0,0.000,0.000,0.000
3069.9602,0.803,-7.7,-2.576,-2.576,-0.630,3.100,32.2,4.191,4.191,4.012,26.766,52.3,8.867,8.867,32.739,94.688,-19.2,-7.688,-7.688,97.398,1.811,-27.4,2.352,2.352,1.060,-9.414,19.6,0.109,0.109,-6.332,-47.469,43.7,-4.547,-4.547,-48.469,-103.938,-21.5,5.527,5.527,-100.068,0.000,0.0,0.000,0.000,0.000,0.000,0.0,0.000,0.000,0.000
3069.9622,0.756,-19.4,-1.707,-1.707,-0.630,3.129,21.4,5.102,5.102,4.012,26.875,56.2,8.586,8.586,32.739,94.562,-38.9,-9.406,-9.406,97.398,1.782,-19.2,2.189,2.189,1.060,-9.367,22.4,0.061,0.061,-6.332,-47.375,40.3,-4.121,-4.121,-48.469,-103.938,-10.7,5.121,5.121,-100.068,0.000,0.0,0.000,0.000,0.000,0.000,0.0,0.000,0.000,0.000
3069.9642,0.706,-23.0,-2.830,-2.830,-0.630,3.119,6.1,6.602,6.602,4.012,27.000,59.8,9.727,9.727,32.739,94.438,-62.5,-9.969,-9.969,97.398,1.782,-7.2,1.922,1.922,1.060,-9.328,20.3,0.306,0.306,-6.332,-47.344,28.1,-5.520,-5.520,-48.469,-103.938,1.8,5.746,5.746,-100.068,0.000,0.0,0.000,0.000,0.000,0.000,0.0,0.000,0.000,0.000
3069.9662,0.631,-32.2,0.574,0.574,-0.630,3.100,-4.7,6.820,6.820,4.012,27.141,62.6,8.891,8.891,32.739,94.250,-80.6,-7.766,-7.766,97.398,1.789,-0.8,-0.762,-0.762,1.060,-9.289,21.6,-0.206,-0.206,-6.332,-47.312,17.8,-7.156,-7.156,-48.469,-103.875,11.3,6.770,6.770,-100.068,0.000,0.0,0.000,0.000,0.000,0.000,0.0,0.000,0.000,0.000
3069.9682,0.578,-28.9,3.299,3.299,-0.630,3.092,-5.4,6.359,6.359,4.012,27.250,59.3,7.824,7.824,32.739,94.000,-98.7,-4.953,-4.953,97.398,1.782,-1.8,-1.918,-1.918,1.060,-9.250,19.4,-1.577,-1.577,-6.332,-47.312,12.5,-8.883,-8.883,-48.469,-103.812,29.2,8.055,8.055,-100.068,0.000,0.0,0.000,0.000,0.000,0.000,0.0,0.000,0.000,0.000
3069.9702,0.552,-18.6,4.953,4.953,-0.630,3.076,-5.0,5.691,5.691,4.012,27.328,47.8,5.777,5.777,32.739,93.812,-104.1,-2.348,-2.348,97.398,1.758,-9.9,-2.244,-2.244,1.060,-9.242,8.6,-3.990,-3.990,-6.332,-47.344,-10.1,-10.312,-10.312,-48.469,-103.688,45.8,9.500,9.500,-100.068,0.000,0.0,0.000,0.000,0.000,0.000,0.0,0.000,0.000,0.000
3069.9722,0.556,-6.6,4.770,4.770,-0.630,3.037,-13.6,4.457,4.457,4.012,27.391,35.4,6.172,6.172,32.739,93.562,-108.3,-1.283,-1.283,97.398,1.732,-12.4,-1.897,-1.897,1.060,-9.250,-0.8,-4.215,-4.215,-6.332,-47.438,-29.7,-10.492,-10.492,-48.469,-103.562,67.8,9.586,9.586,-100.068,0.000,0.0,0.000,0.000,0.000,0.000,0.0,0.000,0.000,0.000
3069.9742,0.587,6.1,4.109,4.109,-0.630,2.994,-18.5,4.391,4.391,4.012,27.391,12.2,6.281,6.281,32.739,93.375,-99.0,-0.199,-0.199,97.398,1.701,-13.2,-1.665,-1.665,1.060,-9.289,-14.8,-3.928,-3.928,-6.332,-47.531,-42.4,-10.562,-10.562,-48.469,-103.375,84.4,9.703,9.703,-100.068,0.000,0.0,0.000,0.000,0.000,0.000,0.0,0.000,0.000,0.000
3069.9762,0.627,15.5,3.410,3.410,-0.630,2.943,-22.1,3.902,3.902,4.012,27.391,1.3,7.504,7.504,32.739,93.250,-87.3,-0.300,-0.300,97.398,1.647,-20.7,-1.249,-1.249,1.060,-9.352,-24.3,-3.418,-3.418,-6.332,-47.656,-54.5,-10.453,-10.453,-48.469,-103.125,102.9,9.109,9.109,-100.068,0.000,0.0,0.000,0.000,0.000,0.000,0.0,0.000,0.000,0.000
3069.9782,0.675,22.1,2.324,2.324,-0.630,2.887,-26.1,3.949,3.949,4.012,27.359,-11.6,9.211,9.211,32.739,93.062,-75.3,-0.707,-0.707,97.398,1.588,-27.4,-0.642,-0.642,1.060,-9.414,-31.7,-3.000,-3.000,-6.332,-47.781,-61.2,-10.141,-10.141,-48.469,-102.875,118.1,8.039,8.039,-100.068,0.000,0.0,0.000,0.000,0.000,0.000,0.0,0.000,0.000,0.000
3069.9802,0.731,27.8,1.116,1.116,-0.630,2.855,-18.8,3.730,3.730,4.012,27.328,-16.0,10.922,10.922,32.739,93.000,-59.8,-1.451,-1.451,97.398,1.550,-22.1,-0.265,-0.265,1.060,-9.484,-32.6,-2.752,-2.752,-6.332,-47.906,-60.5,-9.820,-9.820,-48.469,-102.562,135.4,6.812,6.812,-100.068,0.000,0.0,0.000,0.000,0.000,0.000,0.0,0.000,0.000,0.000
3069.9823,0.769,22.7,0.059,0.059,-0.630,2.828,-15.2,3.516,3.516,4.012,27.297,-14.0,11.250,11.250,32.739,92.875,-48.8,-1.583,-1.583,97.398,1.484,-30.3,0.788,0.788,1.060,-9.547,-32.8,-2.678,-2.678,-6.332,-48.031,-60.2,-9.898,-9.898,-48.469,-102.312,134.8,4.289,4.289,-100.068,0.000,0.0,0.000,0.000,0.000,0.000,0.0,0.000,0.000,0.000
3069.9843,0.819,24.4,-1.755,-1.755,-0.630,2.818,-9.5,2.885,2.885,4.012,27.266,-13.2,9.125,9.125,32.739,92.875,-31.2,0.583,0.583,97.398,1.459,-19.7,3.668,3.668,1.060,-9.602,-27.1,-4.254,-4.254,-6.332,-48.125,-51.0,-13.172,-13.172,-48.469,-102.062,136.9,2.602,2.602,-100.068,0.000,0.0,0.000,0.000,0.000,0.000,0.0,0.000,0.000,0.000
3069.9864,0.841,13.8,-9.680,-9.680,-0.630,2.818,-4.6,1.546,1.546,4.012,27.234,-17.5,7.625,7.625,32.739,92.812,-15.6,2.775,2.775,97.398,1.459,-5.4,12.195,12.195,1.060,-9.656,-30.3,-6.812,-6.812,-6.332,-48.219,-49.2,-15.531,-15.531,-48.469,-101.812,119.7,-0.422,-0.422,-100.068,0.000,0.0,0.000,0.000,0.000,0.000,0.0,0.000,0.000,0.000
3069.9885,0.819,-3.5,-8.414,-8.414,-0.630,2.820,-0.9,0.935,0.935,4.012,27.188,-19.9,7.977,7.977,32.739,92.875,11.2,2.506,2.506,97.398,1.544,24.2,9.266,9.266,1.060,-9.688,-20.7,-6.977,-6.977,-6.332,-48.312,-46.7,-15.734,-15.734,-48.469,-101.625,99.8,-2.756,-2.756,-100.068,0.000,0.0,0.000,0.000,0.000,0.000,0.0,0.000,0.000,0.000
3069.9904,0.737,-26.9,-6.441,-6.441,-0.630,2.814,-0.8,1.116,1.116,4.012,27.125,-25.4,8.781,8.781,32.739,93.000,33.6,2.086,2.086,97.398,1.701,59.3,6.301,6.301,1.060,-9.742,-23.8,-8.289,-8.289,-6.332,-48.406,-46.5,-15.672,-15.672,-48.469,-101.500,68.4,-3.758,-3.758,-100.068,0.000,0.0,0.000,0.000,0.000,0.000,0.0,0.000,0.000,0.000
3069.9922,0.615,-48.2,-3.980,-3.980,-0.630,2.805,-1.4,1.187,1.187,4.012,27.078,-23.4,8.789,8.789,32.739,93.125,54.3,1.445,1.445,97.398,1.873,75.9,3.793,3.793,1.060,-9.789,-24.4,-8.656,-8.656,-6.332,-48.500,-46.4,-15.227,-15.227,-48.469,-101.500,37.4,-3.520,-3.520,-100.068,0.000,0.0,0.000,0.000,0.000,0.000,0.0,0.000,0.000,0.000
3069.9942,0.477,-60.4,-2.604,-2.604,-0.630,2.799,-1.4,0.826,0.826,4.012,27.016,-24.3,8.523,8.523,32.739,93.250,68.7,0.745,0.745,97.398,2.084,94.1,1.754,1.754,1.060,-9.836,-24.5,-9.188,-9.188,-6.332,-48.594,-45.2,-14.094,-14.094,-48.469,-101.500,2.1,-3.211,-3.211,-100.068,0.000,0.0,0.000,0.000,0.000,0.000,0.0,0.000,0.000,0.000
3069.9962,0.348,-60.8,-0.200,-0.200,-0.630,2.803,0.6,0.495,0.495,4.012,26.984,-19.4,6.805,6.805,32.739,93.438,89.3,-0.421,-0.421,97.398,2.275,95.3,-0.898,-0.898,1.060,-9.883,-24.5,-9.125,-9.125,-6.332,-48.688,-41.4,-12.836,-12.836,-48.469,-101.625,-34.7,-1.853,-1.853,-100.068,0.000,0.0,0.000,0.000,0.000,0.000,0.0,0.000,0.000,0.000
3069.9982,0.232,-57.4,8.438,8.438,-0.630,2.803,1.6,0.896,0.896,4.012,26.938,-19.2,12.273,12.273,32.739,93.625,94.8,-1.320,-1.320,97.398,2.430,79.1,-16.406,-16.406,1.060,-9.914,-16.4,-0.893,-0.893,-6.332,-48.719,-25.9,-4.676,-4.676,-48.469,-101.812,-60.3,-0.084,-0.084,-100.068,0.000,0.0,0.000,0.000,0.000,0.000,0.0,0.000,0.000,0.000
3070.0002,0.223,-22.3,1.653,1.653,-0.630,2.818,7.3,5.797,5.797,4.012,26.953,-4.9,3.582,3.582,32.739,93.875,102.9,-2.750,-2.750,97.398,2.504,50.2,-1.836,-1.836,1.060,-9.875,4.6,-7.379,-7.379,-6.332,-48.688,-0.9,-11.188,-11.188,-48.469,-102.000,-86.3,0.974,0.974,-100.068,0.000,0.0,0.000,0.000,0.000,0.000,0.0,0.000,0.000,0.000
3070.0022,0.251,2.9,-0.480,-0.480,-0.630,2.855,14.4,-1.591,-1.591,4.012,26.953,-3.0,2.488,2.488,32.739,94.062,98.9,-3.529,-3.529,97.398,2.555,33.4,-0.594,-0.594,1.060,-9.859,6.8,-8.398,-8.398,-6.332,-48.656,12.0,-10.875,-10.875,-48.469,-102.188,-103.5,2.676,2.676,-100.068,0.000,0.0,0.000,0.000,0.000,0.000,0.0,0.000,0.000,0.000
3070.0042,0.276,8.5,-1.788,-1.788,-0.630,2.871,10.3,-2.215,-2.215,4.012,26.922,-9.1,1.598,1.598,32.739,94.250,97.3,-4.375,-4.375,97.398,2.590,24.0,0.382,0.382,1.060,-9.852,3.0,-7.613,-7.613,-6.332,-48.625,16.8,-9.969,-9.969,-48.469,-102.438,-113.2,6.141,6.141,-100.068,0.000,0.0,0.000,0.000,0.000,0.000,0.0,0.000,0.000,0.000
3070.0062,0.314,13.2,4.227,4.227,-0.630,2.865,0.8,-2.156,-2.156,4.012,26.891,-16.4,1.982,1.982,32.739,94.438,88.2,-3.926,-3.926,97.398,2.607,13.9,-7.664,-7.664,1.060,-9.859,-0.5,-3.113,-3.113,-6.332,-48.562,20.1,-8.367,-8.367,-48.469,-102.688,-114.4,6.246,6.246,-100.068,0.000,0.0,0.000,0.000,0.000,0.000,0.0,0.000,0.000,0.000
3070.0082,0.389,27.8,2.256,2.256,-0.630,2.855,-3.0,1.592,1.592,4.012,26.859,-15.7,5.207,5.207,32.739,94.562,81.4,-4.656,-4.656,97.398,2.570,-6.2,-5.586,-5.586,1.060,-9.844,4.8,-0.917,-0.917,-6.332,-48.531,23.5,-4.125,-4.125,-48.469,-102.875,-109.4,5.699,5.699,-100.068,0.000,0.0,0.000,0.000,0.000,0.000,0.0,0.000,0.000,0.000
3070.0102,0.483,41.1,-2.090,-2.090,-0.630,2.859,0.9,3.811,3.811,4.012,26.844,-9.5,8.453,8.453,32.739,94.688,69.9,-5.578,-5.578,97.398,2.502,-22.5,-1.173,-1.173,1.060,-9.820,11.6,0.068,0.068,-6.332,-48.438,35.6,-1.351,-1.351,-48.469,-103.062,-102.1,5.801,5.801,-100.068,0.000,0.0,0.000,0.000,0.000,0.000,0.0,0.000,0.000,0.000
3070.0122,0.540,33.1,-4.414,-4.414,-0.630,2.891,11.2,4.051,4.051,4.012,26.844,-2.3,8.195,8.195,32.739,94.812,58.6,-5.469,-5.469,97.398,2.400,-37.6,0.417,0.417,1.060,-9.766,21.4,0.407,0.407,-6.332,-48.312,51.5,-0.956,-0.956,-48.469,-103.250,-93.1,5.996,5.996,-100.068,0.000,0.0,0.000,0.000,0.000,0.000,0.0,0.000,0.000,0.000
3070.0142,0.581,25.5,-5.875,-5.875,-0.630,2.943,21.4,3.783,3.783,4.012,26.891,12.3,8.469,8.469,32.739,94.875,44.0,-5.234,-5.234,97.398,2.311,-41.6,3.416,3.416,1.060,-9.695,31.7,-0.039,-0.039,-6.332,-48.156,66.7,-1.260,-1.260,-48.469,-103.438,-81.2,5.617,5.617,-100.068,0.000,0.0,0.000,0.000,0.000,0.000,0.0,0.000,0.000,0.000
3070.0163,0.562,3.5,-3.979,-3.979,-0.630,3.021,33.0,3.154,3.154,4.012,26.953,24.0,7.477,7.477,32.739,94.938,31.6,-5.652,-5.652,97.398,2.234,-39.7,2.912,2.912,1.060,-9.625,34.3,0.096,0.096,-6.332,-48.000,75.6,-2.633,-2.633,-48.469,-103.562,-70.7,5.344,5.344,-100.068,0.000,0.0,0.000,0.000,0.000,0.000,0.0,0.000,0.000,0.000
3070.0184,0.527,-11.0,-2.484,-2.484,-0.630,3.088,33.2,2.996,2.996,4.012,27.016,30.0,7.137,7.137,32.739,95.000,18.5,-5.168,-5.168,97.398,2.191,-29.1,2.314,2.314,1.060,-9.555,35.4,0.204,0.204,-6.332,-47.812,84.7,-3.111,-3.111,-48.469,-103.688,-63.8,5.797,5.797,-100.068,0.000,0.0,0.000,0.000,0.000,0.000,0.0,0.000,0.000,0.000
3070.0202,0.496,-13.6,-1.829,-1.829,-0.630,3.156,33.8,4.012,4.012,4.012,27.094,34.9,7.332,7.332,32.739,94.938,5.1,-7.332,-7.332,97.398,2.156,-21.6,2.168,2.168,1.060,-9.492,31.0,0.297,0.297,-6.332,-47.656,84.1,-3.670,-3.670,-48.469,-103.750,-53.5,6.371,6.371,-100.068,0.000,0.0,0.000,0.000,0.000,0.000,0.0,0.000,0.000,0.000
3070.0222,0.439,-20.8,-1.614,-1.614,-0.630,3.203,27.1,3.678,3.678,4.012,27.172,35.7,7.504,7.504,32.739,94.875,-18.6,-8.258,-8.258,97.398,2.127,-18.6,1.709,1.709,1.060,-9.430,30.2,0.117,0.117,-6.332,-47.500,77.1,-3.545,-3.545,-48.469,-103.812,-39.2,7.406,7.406,-100.068,0.000,0.0,0.000,0.000,0.000,0.000,0.0,0.000,0.000,0.000
3070.0242,0.376,-26.8,-0.480,-0.480,-0.630,3.229,17.6,4.469,4.469,4.012,27.250,39.1,6.512,6.512,32.739,94.812,-42.1,-9.859,-9.859,97.398,2.125,-9.0,0.564,0.564,1.060,-9.367,31.8,-0.854,-0.854,-6.332,-47.375,69.9,-4.883,-4.883,-48.469,-103.875,-22.1,9.969,9.969,-100.068,0.000,0.0,0.000,0.000,0.000,0.000,0.0,0.000,0.000,0.000
3070.0262,0.320,-28.0,4.391,4.391,-0.630,3.236,8.6,2.684,2.684,4.012,27.312,33.2,2.072,2.072,32.739,94.625,-61.1,-3.975,-3.975,97.398,2.111,-7.9,-0.595,-0.595,1.060,-9.328,23.1,-3.232,-3.232,-6.332,-47.281,51.9,-11.055,-11.055,-48.469,-103.812,-2.7,12.102,12.102,-100.068,0.000,0.0,0.000,0.000,0.000,0.000,0.0,0.000,0.000,0.000
3070.0282,0.311,-13.4,4.316,4.316,-0.630,3.201,-8.5,2.004,2.004,4.012,27.328,17.7,2.631,2.631,32.739,94.500,-72.7,-2.787,-2.787,97.398,2.090,-11.0,-0.728,-0.728,1.060,-9.312,12.8,-3.168,-3.168,-6.332,-47.281,21.9,-11.289,-11.289,-48.469,-103.750,36.2,11.875,11.875,-100.068,0.000,0.0,0.000,0.000,0.000,0.000,0.0,0.000,0.000,0.000
3070.0302,0.323,-0.5,3.738,3.738,-0.630,3.145,-20.9,2.721,2.721,4.012,27.328,8.1,3.816,3.816,32.739,94.312,-75.7,-1.802,-1.802,97.398,2.062,-15.0,-0.793,-0.793,1.060,-9.336,-3.0,-3.217,-3.217,-6.332,-47.312,-2.8,-11.539,-11.539,-48.469,-103.562,62.1,11.477,11.477,-100.068,0.000,0.0,0.000,0.000,0.000,0.000,0.0,0.000,0.000,0.000
3070.0322,0.361,11.6,3.129,3.129,-0.630,3.078,-29.7,2.668,2.668,4.012,27.297,-10.1,5.348,5.348,32.739,94.188,-72.2,-1.563,-1.563,97.398,2.031,-16.9,-1.055,-1.055,1.060,-9.375,-15.3,-2.469,-2.469,-6.332,-47.375,-29.2,-10.789,-10.789,-48.469,-103.375,91.2,10.273,10.273,-100.068,0.000,0.0,0.000,0.000,0.000,0.000,0.0,0.000,0.000,0.000
3070.0342,0.420,22.6,2.289,2.289,-0.630,3.027,-26.5,2.992,2.992,4.012,27.266,-14.2,6.625,6.625,32.739,94.062,-70.4,-1.518,-1.518,97.398,1.993,-18.7,-1.112,-1.112,1.060,-9.422,-19.6,-2.240,-2.240,-6.332,-47.500,-47.4,-10.414,-10.414,-48.469,-103.125,115.0,9.602,9.602,-100.068,0.000,0.0,0.000,0.000,0.000,0.000,0.0,0.000,0.000,0.000
3070.0363,0.480,27.0,1.643,1.643,-0.630,2.965,-29.3,3.000,3.000,4.012,27.250,-13.0,8.391,8.391,32.739,93.938,-61.4,-1.699,-1.699,97.398,1.949,-21.1,-0.962,-0.962,1.060,-9.492,-29.3,-2.715,-2.715,-6.332,-47.656,-62.2,-10.523,-10.523,-48.469,-102.812,132.0,8.781,8.781,-100.068,0.000,0.0,0.000,0.000,0.000,0.000,0.0,0.000,0.000,0.000
3070.0384,0.534,26.3,0.631,0.631,-0.630,2.922,-26.1,3.293,3.293,4.012,27.250,-4.4,9.891,9.891,32.739,93.812,-58.5,-2.385,-2.385,97.398,1.901,-22.7,-0.128,-0.128,1.060,-9.570,-35.9,-2.990,-2.990,-6.332,-47.812,-73.1,-9.445,-9.445,-48.469,-102.500,143.9,6.734,6.734,-100.068,0.000,0.0,0.000,0.000,0.000,0.000,0.0,0.000,0.000,0.000
3070.0407,0.583,26.1,0.819,0.819,-0.630,2.902,-15.9,3.096,3.096,4.012,27.266,3.3,10.461,10.461,32.739,93.750,-47.8,-0.245,-0.245,97.398,1.854,-23.9,-0.567,-0.567,1.060,-9.641,-37.2,-2.736,-2.736,-6.332,-47.969,-77.4,-9.281,-9.281,-48.469,-102.250,139.8,0.734,0.734,-100.068,0.000,0.0,0.000,0.000,0.000,0.000,0.0,0.000,0.000,0.000
3070.0434,0.649,24.4,-6.598,-6.598,-0.630,2.902,-3.8,2.953,2.953,4.012,27.312,13.9,6.355,6.355,32.739,93.625,-30.5,2.881,2.881,97.398,1.808,-15.2,10.852,10.852,1.060,-9.773,-40.5,-6.383,-6.383,-6.332,-48.156,-70.1,-14.016,-14.016,-48.469,-101.875,126.8,2.688,2.688,-100.068,0.000,0.0,0.000,0.000,0.000,0.000,0.0,0.000,0.000,0.000
3070.0450,0.646,14.5,-7.316,-7.316,-0.630,2.908,0.4,-0.044,-0.044,4.012,27.328,10.0,6.574,6.574,32.739,93.625,-21.8,2.736,2.736,97.398,1.817,-4.5,11.609,11.609,1.060,-9.820,-42.7,-6.484,-6.484,-6.332,-48.250,-73.0,-13.820,-13.820,-48.469,-101.750,117.8,-0.546,-0.546,-100.068,0.000,0.0,0.000,0.000,0.000,0.000,0.0,0.000,0.000,0.000
3070.0463,0.609,-8.2,-8.906,-8.906,-0.630,2.916,2.6,1.004,1.004,4.012,27.312,1.9,6.867,6.867,32.739,93.688,1.5,2.916,2.916,97.398,1.896,24.2,10.164,10.164,1.060,-9.922,-46.9,-7.559,-7.559,-6.332,-48.406,-74.5,-15.406,-15.406,-48.469,-101.625,90.6,-1.480,-1.480,-100.068,0.000,0.0,0.000,0.000,0.000,0.000,0.0,0.000,0.000,0.000
3070.0482,0.512,-34.6,-5.938,-5.938,-0.630,2.893,-5.5,1.714,1.714,4.012,27.281,-9.4,7.488,7.488,32.739,93.750,22.1,2.383,2.383,97.398,2.037,52.3,6.828,6.828,1.060,-10.016,-47.2,-8.242,-8.242,-6.332,-48.594,-83.4,-15.570,-15.570,-48.469,-101.500,68.2,-0.914,-0.914,-100.068,0.000,0.0,0.000,0.000,0.000,0.000,0.0,0.000,0.000,0.000
3070.0502,0.380,-55.2,-3.490,-3.490,-0.630,2.893,-3.1,1.573,1.573,4.012,27.234,-20.7,7.957,7.957,32.739,93.812,40.8,1.760,1.760,97.398,2.215,72.6,3.973,3.973,1.060,-10.102,-42.7,-8.773,-8.773,-6.332,-48.781,-89.2,-14.680,-14.680,-48.469,-101.438,36.6,0.094,0.094,-100.068,0.000,0.0,0.000,0.000,0.000,0.000,0.0,0.000,0.000,0.000
3070.0522,0.229,-69.8,-1.581,-1.581,-0.630,2.881,-4.2,1.676,1.676,4.012,27.188,-21.6,7.727,7.727,32.739,93.938,56.5,0.853,0.853,97.398,2.436,94.7,-2.869,-2.869,1.060,-10.164,-33.6,-8.320,-8.320,-6.332,-48.906,-76.8,-13.922,-13.922,-48.469,-101.438,13.6,3.408,3.408,-100.068,0.000,0.0,0.000,0.000,0.000,0.000,0.0,0.000,0.000,0.000
3070.0542,0.116,-61.2,8.812,8.812,-0.630,2.875,-4.0,2.311,2.311,4.012,27.141,-22.4,13.578,13.578,32.739,94.125,74.3,0.436,0.436,97.398,2.598,85.6,-13.875,-13.875,1.060,-10.180,-17.1,-2.055,-2.055,-6.332,-49.031,-64.7,-4.641,-4.641,-48.469,-101.500,-6.3,-1.837,-1.837,-100.068,0.000,0.0,0.000,0.000,0.000,0.000,0.0,0.000,0.000,0.000
3070.0562,0.066,-36.8,9.812,9.812,-0.630,2.912,11.5,6.965,6.965,4.012,27.141,-9.4,9.258,9.258,32.739,94.312,80.4,-0.405,-0.405,97.398,2.648,46.3,-11.953,-11.953,1.060,-10.125,12.1,-4.254,-4.254,-6.332,-49.094,-37.4,-8.055,-8.055,-48.469,-101.562,-36.2,-1.156,-1.156,-100.068,0.000,0.0,0.000,0.000,0.000,0.000,0.0,0.000,0.000,0.000
3070.0582,0.110,2.2,0.403,0.403,-0.630,2.947,16.3,2.209,2.209,4.012,27.141,-2.6,4.508,4.508,32.739,94.438,81.9,-1.160,-1.160,97.398,2.627,8.9,0.702,0.702,1.060,-10.055,28.9,-8.727,-8.727,-6.332,-49.094,-7.4,-11.453,-11.453,-48.469,-101.750,-59.0,-0.122,-0.122,-100.068,0.000,0.0,0.000,0.000,0.000,0.000,0.0,0.000,0.000,0.000
3070.0602,0.166,18.3,-2.068,-2.068,-0.630,2.988,17.9,-1.287,-1.287,4.012,27.125,-4.3,3.477,3.477,32.739,94.625,89.4,-2.215,-2.215,97.398,2.613,-0.8,2.115,2.115,1.060,-10.000,26.8,-8.953,-8.953,-6.332,-49.031,9.0,-11.641,-11.641,-48.469,-101.938,-84.6,1.107,1.107,-100.068,0.000,0.0,0.000,0.000,0.000,0.000,0.0,0.000,0.000,0.000
3070.0622,0.223,22.8,-3.756,-3.756,-0.630,2.990,7.3,-1.236,-1.236,4.012,27.109,-9.6,2.689,2.689,32.739,94.812,84.1,-3.148,-3.148,97.398,2.598,-4.8,3.959,3.959,1.060,-9.977,15.0,-8.633,-8.633,-6.332,-49.000,19.2,-10.953,-10.953,-48.469,-102.125,-102.2,2.914,2.914,-100.068,0.000,0.0,0.000,0.000,0.000,0.000,0.0,0.000,0.000,0.000
3070.0642,0.260,19.0,2.809,2.809,-0.630,2.969,-5.9,-1.245,-1.245,4.012,27.078,-15.6,2.715,2.715,32.739,94.938,79.2,-3.471,-3.471,97.398,2.602,-3.3,-4.699,-4.699,1.060,-9.969,9.4,-3.920,-3.920,-6.332,-48.938,24.9,-9.086,-9.086,-48.469,-102.375,-112.6,5.184,5.184,-100.068,0.000,0.0,0.000,0.000,0.000,0.000,0.0,0.000,0.000,0.000
3070.0662,0.320,24.8,4.062,4.062,-0.630,2.943,-10.2,1.655,1.655,4.012,27.000,-27.3,3.984,3.984,32.739,95.062,70.3,-3.398,-3.398,97.398,2.564,-15.4,-3.238,-3.238,1.060,-9.945,13.2,-3.082,-3.082,-6.332,-48.875,26.4,-9.352,-9.352,-48.469,-102.625,-119.9,5.363,5.363,-100.068,0.000,0.0,0.000,0.000,0.000,0.000,0.0,0.000,0.000,0.000
3070.0682,0.405,34.8,-0.325,-0.325,-0.630,2.916,-11.8,3.711,3.711,4.012,26.953,-29.4,5.809,5.809,32.739,95.188,63.6,-3.354,-3.354,97.398,2.508,-24.9,-1.015,-1.015,1.060,-9.922,11.5,-1.378,-1.378,-6.332,-48.812,33.1,-5.785,-5.785,-48.469,-102.812,-113.0,6.258,6.258,-100.068,0.000,0.0,0.000,0.000,0.000,0.000,0.0,0.000,0.000,0.000
3070.0702,0.464,30.6,-2.523,-2.523,-0.630,2.928,1.4,3.734,3.734,4.012,26.906,-26.3,6.871,6.871,32.739,95.312,56.5,-3.830,-3.830,97.398,2.445,-27.9,0.686,0.686,1.060,-9.859,22.8,-0.768,-0.768,-6.332,-48.719,38.0,-3.006,-3.006,-48.469,-103.062,-108.1,6.070,6.070,-100.068,0.000,0.0,0.000,0.000,0.000,0.000,0.0,0.000,0.000,0.000
3070.0722,0.515,25.7,-4.441,-4.441,-0.630,2.957,10.8,3.498,3.498,4.012,26.859,-25.0,8.242,8.242,32.739,95.375,43.6,-4.543,-4.543,97.398,2.363,-36.9,2.166,2.166,1.060,-9.789,32.4,-0.589,-0.589,-6.332,-48.625,48.8,-1.288,-1.288,-48.469,-103.250,-99.2,6.637,6.637,-100.068,0.000,0.0,0.000,0.000,0.000,0.000,0.0,0.000,0.000,0.000
3070.0742,0.521,10.8,-4.508,-4.508,-0.630,3.000,18.5,3.195,3.195,4.012,26.875,-7.0,8.328,8.328,32.739,95.438,27.5,-4.727,-4.727,97.398,2.332,-22.5,2.658,2.658,1.060,-9.703,37.2,-0.748,-0.748,-6.332,-48.469,70.6,-0.853,-0.853,-48.469,-103.438,-86.8,6.172,6.172,-100.068,0.000,0.0,0.000,0.000,0.000,0.000,0.0,0.000,0.000,0.000
3070.0762,0.508,0.7,-2.453,-2.453,-0.630,3.066,29.3,2.816,2.816,4.012,26.906,7.2,6.238,6.238,32.739,95.438,16.4,-5.582,-5.582,97.398,2.275,-25.7,1.915,1.915,1.060,-9.625,39.1,-0.030,-0.030,-6.332,-48.312,73.5,-2.707,-2.707,-48.469,-103.562,-77.5,6.141,6.141,-100.068,0.000,0.0,0.000,0.000,0.000,0.000,0.0,0.000,0.000,0.000
3070.0782,0.464,-11.8,-4.723,-4.723,-0.630,3.123,28.3,2.357,2.357,4.012,26.938,11.2,9.094,9.094,32.739,95.438,2.6,-5.676,-5.676,97.398,2.254,-16.0,4.047,4.047,1.060,-9.562,33.7,-0.102,-0.102,-6.332,-48.125,80.9,-2.010,-2.010,-48.469,-103.688,-65.8,5.660,5.660,-100.068,0.000,0.0,0.000,0.000,0.000,0.000,0.0,0.000,0.000,0.000
3070.0802,0.405,-23.7,-0.543,-0.543,-0.630,3.182,28.5,3.789,3.789,4.012,26.984,19.7,7.730,7.730,32.739,95.375,-16.2,-7.180,-7.180,97.398,2.244,-9.8,-0.176,-0.176,1.060,-9.492,34.2,-0.357,-0.357,-6.332,-47.969,80.4,-3.975,-3.975,-48.469,-103.812,-58.7,6.754,6.754,-100.068,0.000,0.0,0.000,0.000,0.000,0.000,0.0,0.000,0.000,0.000
3070.0822,0.342,-28.7,2.676,2.676,-0.630,3.236,27.6,3.189,3.189,4.012,27.047,23.3,4.469,4.469,32.739,95.312,-35.8,-8.492,-8.492,97.398,2.219,-13.4,-0.694,-0.694,1.060,-9.438,29.5,-1.287,-1.287,-6.332,-47.812,77.6,-8.211,-8.211,-48.469,-103.875,-40.8,10.852,10.852,-100.068,0.000,0.0,0.000,0.000,0.000,0.000,0.0,0.000,0.000,0.000
3070.0842,0.304,-23.2,3.557,3.557,-0.630,3.248,13.4,1.727,1.727,4.012,27.094,23.4,3.941,3.941,32.739,95.188,-52.3,-6.133,-6.133,97.398,2.203,-12.4,-0.696,-0.696,1.060,-9.398,22.9,-1.919,-1.919,-6.332,-47.688,62.4,-9.430,-9.430,-48.469,-103.875,-12.3,11.359,11.359,-100.068,0.000,0.0,0.000,0.000,0.000,0.000,0.0,0.000,0.000,0.000
3070.0862,0.308,-6.3,3.766,3.766,-0.630,3.232,-1.4,2.045,2.045,4.012,27.109,15.9,3.592,3.592,32.739,95.000,-67.6,-3.953,-3.953,97.398,2.184,-11.2,-0.828,-0.828,1.060,-9.383,13.3,-1.961,-1.961,-6.332,-47.656,36.8,-9.906,-9.906,-48.469,-103.812,11.8,11.242,11.242,-100.068,0.000,0.0,0.000,0.000,0.000,0.000,0.0,0.000,0.000,0.000
3070.0882,0.320,3.6,3.240,3.240,-0.630,3.197,-11.6,2.115,2.115,4.012,27.109,5.4,4.805,4.805,32.739,94.875,-78.9,-3.473,-3.473,97.398,2.150,-14.8,-1.001,-1.001,1.060,-9.391,2.3,-1.545,-1.545,-6.332,-47.625,16.3,-9.586,-9.586,-48.469,-103.688,44.1,10.203,10.203,-100.068,0.000,0.0,0.000,0.000,0.000,0.000,0.0,0.000,0.000,0.000
3070.0902,0.367,17.5,2.355,2.355,-0.630,3.135,-24.4,2.707,2.707,4.012,27.109,0.5,5.562,5.562,32.739,94.688,-85.1,-2.240,-2.240,97.398,2.105,-18.5,-0.751,-0.751,1.060,-9.414,-6.9,-1.757,-1.757,-6.332,-47.688,-6.2,-10.586,-10.586,-48.469,-103.500,74.0,10.195,10.195,-100.068,0.000,0.0,0.000,0.000,0.000,0.000,0.0,0.000,0.000,0.000
3070.0922,0.424,25.9,1.824,1.824,-0.630,3.078,-27.3,2.799,2.799,4.012,27.094,-6.4,6.707,6.707,32.739,94.500,-83.4,-1.813,-1.813,97.398,2.059,-22.8,-0.794,-0.794,1.060,-9.445,-13.1,-2.211,-2.211,-6.332,-47.750,-22.1,-11.102,-11.102,-48.469,-103.312,89.1,9.883,9.883,-100.068,0.000,0.0,0.000,0.000,0.000,0.000,0.0,0.000,0.000,0.000
3070.0954,0.515,30.4,0.637,0.637,-0.630,3.010,-23.4,2.994,2.994,4.012,27.109,-0.1,8.117,8.117,32.739,94.250,-80.7,-1.991,-1.991,97.398,1.986,-23.6,-0.463,-0.463,1.060,-9.508,-20.5,-2.539,-2.539,-6.332,-47.875,-44.3,-10.617,-10.617,-48.469,-102.938,116.2,8.812,8.812,-100.068,0.000,0.0,0.000,0.000,0.000,0.000,0.0,0.000,0.000,0.000
3070.0968,0.552,32.8,0.457,0.457,-0.630,2.988,-23.1,3.283,3.283,4.012,27.109,0.5,8.703,8.703,32.739,94.188,-77.7,-2.109,-2.109,97.398,1.965,-22.4,-0.369,-0.369,1.060,-9.531,-21.0,-2.680,-2.680,-6.332,-47.938,-47.4,-10.133,-10.133,-48.469,-102.750,122.6,7.832,7.832,-100.068,0.000,0.0,0.000,0.000,0.000,0.000,0.0,0.000,0.000,0.000
3070.0982,0.615,31.4,-0.074,-0.074,-0.630,2.965,-14.6,3.637,3.637,4.012,27.125,4.8,10.555,10.555,32.739,94.062,-76.9,-2.770,-2.770,97.398,1.911,-24.9,-0.210,-0.210,1.060,-9.594,-29.0,-2.543,-2.543,-6.332,-48.062,-58.1,-9.742,-9.742,-48.469,-102.500,136.9,5.969,5.969,-100.068,0.000,0.0,0.000,0.000,0.000,0.000,0.0,0.000,0.000,0.000
3070.1002,0.693,36.1,-1.040,-1.040,-0.630,2.943,-11.4,3.797,3.797,4.012,27.156,8.9,10.984,10.984,32.739,93.875,-71.8,-3.174,-3.174,97.398,1.867,-22.9,0.606,0.606,1.060,-9.656,-27.7,-2.131,-2.131,-6.332,-48.188,-61.4,-9.227,-9.227,-48.469,-102.250,133.6,4.242,4.242,-100.068,0.000,0.0,0.000,0.000,0.000,0.000,0.0,0.000,0.000,0.000
3070.1022,0.747,30.6,-1.644,-1.644,-0.630,2.941,-5.7,3.355,3.355,4.012,27.188,14.2,8.078,8.078,32.739,93.750,-65.8,-1.613,-1.613,97.398,1.826,-21.0,7.973,7.973,1.060,-9.734,-34.8,-4.922,-4.922,-6.332,-48.312,-62.3,-10.719,-10.719,-48.469,-101.938,133.0,6.500,6.500,-100.068,0.000,0.0,0.000,0.000,0.000,0.000,0.0,0.000,0.000,0.000
3070.1042,0.772,18.0,-8.734,-8.734,-0.630,2.949,0.5,0.517,0.517,4.012,27.219,11.7,5.539,5.539,32.739,93.688,-51.3,3.453,3.453,97.398,1.867,8.5,10.883,10.883,1.060,-9.805,-36.6,-5.426,-5.426,-6.332,-48.438,-62.7,-15.992,-15.992,-48.469,-101.688,129.8,6.395,6.395,-100.068,0.000,0.0,0.000,0.000,0.000,0.000,0.0,0.000,0.000,0.000
3070.1062,0.725,-10.4,-8.242,-8.242,-0.630,2.943,-0.8,1.101,1.101,4.012,27.203,-2.3,6.395,6.395,32.739,93.625,-28.1,3.684,3.684,97.398,1.939,27.9,8.562,8.562,1.060,-9.898,-43.4,-6.250,-6.250,-6.332,-48.594,-70.1,-16.734,-16.734,-48.469,-101.438,125.6,5.066,5.066,-100.068,0.000,0.0,0.000,0.000,0.000,0.000,0.0,0.000,0.000,0.000
3070.1082,0.627,-37.0,-5.566,-5.566,-0.630,2.902,-13.4,1.769,1.769,4.012,27.156,-11.7,7.051,7.051,32.739,93.688,-3.6,2.893,2.893,97.398,2.104,60.3,5.613,5.613,1.060,-9.977,-40.0,-6.066,-6.066,-6.332,-48.781,-83.5,-15.586,-15.586,-48.469,-101.250,117.9,5.152,5.152,-100.068,0.000,0.0,0.000,0.000,0.000,0.000,0.0,0.000,0.000,0.000
3070.1102,0.512,-52.7,-2.994,-2.994,-0.630,2.891,-7.4,1.962,1.962,4.012,27.094,-23.4,7.547,7.547,32.739,93.688,17.0,2.092,2.092,97.398,2.275,76.2,2.656,2.656,1.060,-10.055,-37.2,-6.391,-6.391,-6.332,-48.938,-81.0,-15.266,-15.266,-48.469,-101.000,108.7,6.516,6.516,-100.068,0.000,0.0,0.000,0.000,0.000,0.000,0.0,0.000,0.000,0.000
3070.1122,0.380,-60.2,6.117,6.117,-0.630,2.859,-11.0,2.180,2.180,4.012,27.016,-32.0,10.609,10.609,32.739,93.812,35.5,-1.497,-1.497,97.398,2.447,79.7,-8.836,-8.836,1.060,-10.086,-23.2,-5.543,-5.543,-6.332,-49.094,-78.0,-11.609,-11.609,-48.469,-100.812,97.9,3.178,3.178,-100.068,0.000,0.0,0.000,0.000,0.000,0.000,0.0,0.000,0.000,0.000
3070.1142,0.295,-46.5,8.383,8.383,-0.630,2.840,-9.3,4.730,4.730,4.012,26.984,-23.5,16.156,16.156,32.739,93.938,45.5,1.226,1.226,97.398,2.539,55.3,-12.664,-12.664,1.060,-10.086,-9.6,-3.258,-3.258,-6.332,-49.188,-61.0,-5.980,-5.980,-48.469,-100.688,73.4,-5.430,-5.430,-100.068,0.000,0.0,0.000,0.000,0.000,0.000,0.0,0.000,0.000,0.000
3070.1164,0.289,-17.0,8.516,8.516,-0.630,2.877,9.1,7.633,7.633,4.012,26.984,-9.2,11.219,11.219,32.739,94.000,52.2,0.810,0.810,97.398,2.541,18.1,-10.250,-10.250,1.060,-10.039,14.2,-4.320,-4.320,-6.332,-49.219,-31.4,-9.664,-9.664,-48.469,-100.688,30.6,-4.031,-4.031,-100.068,0.000,0.0,0.000,0.000,0.000,0.000,0.0,0.000,0.000,0.000
3070.1184,0.352,15.7,2.145,2.145,-0.630,2.928,21.0,3.344,3.344,4.012,27.000,-0.5,6.516,6.516,32.739,94.188,65.8,-0.035,-0.035,97.398,2.479,-15.2,-0.961,-0.961,1.060,-9.984,20.5,-7.664,-7.664,-6.332,-49.219,-3.9,-13.477,-13.477,-48.469,-100.750,-13.8,-2.697,-2.697,-100.068,0.000,0.0,0.000,0.000,0.000,0.000,0.0,0.000,0.000,0.000
3070.1206,0.430,30.0,-2.934,-2.934,-0.630,2.980,24.3,-0.240,-0.240,4.012,27.000,-1.2,5.004,5.004,32.739,94.312,71.7,-0.751,-0.751,97.398,2.426,-22.6,4.590,4.590,1.060,-9.945,21.5,-8.367,-8.367,-6.332,-49.156,11.9,-14.031,-14.031,-48.469,-100.938,-49.5,-1.316,-1.316,-100.068,0.000,0.0,0.000,0.000,0.000,0.000,0.0,0.000,0.000,0.000
3070.1225,0.502,32.8,-4.309,-4.309,-0.630,2.988,10.1,-0.784,-0.784,4.012,26.984,-4.1,5.246,5.246,32.739,94.500,72.4,-1.089,-1.089,97.398,2.391,-18.5,1.743,1.743,1.060,-9.930,12.0,-6.641,-6.641,-6.332,-49.156,9.4,-14.078,-14.078,-48.469,-101.125,-81.0,0.057,0.057,-100.068,0.000,0.0,0.000,0.000,0.000,0.000,0.0,0.000,0.000,0.000
3070.1242,0.543,24.8,-0.140,-0.140,-0.630,2.963,-6.2,0.559,0.559,4.012,26.953,-12.7,6.000,6.000,32.739,94.625,78.9,-1.797,-1.797,97.398,2.373,-12.3,-1.808,-1.808,1.060,-9.914,5.8,-3.645,-3.645,-6.332,-49.125,7.0,-12.312,-12.312,-48.469,-101.375,-110.1,2.160,2.160,-100.068,0.000,0.0,0.000,0.000,0.000,0.000,0.0,0.000,0.000,0.000
3070.1262,0.593,25.0,2.059,2.059,-0.630,2.922,-17.1,3.539,3.539,4.012,26.906,-15.1,7.199,7.199,32.739,94.812,77.1,-2.436,-2.436,97.398,2.334,-15.5,-1.519,-1.519,1.060,-9.875,14.4,-2.045,-2.045,-6.332,-49.125,7.2,-8.297,-8.297,-48.469,-101.625,-131.6,4.555,4.555,-100.068,0.000,0.0,0.000,0.000,0.000,0.000,0.0,0.000,0.000,0.000
3070.1282,0.646,27.3,-1.534,-1.534,-0.630,2.902,-11.2,5.098,5.098,4.012,26.859,-20.1,7.559,7.559,32.739,94.938,75.0,-3.127,-3.127,97.398,2.277,-24.4,0.135,0.135,1.060,-9.828,20.7,-2.092,-2.092,-6.332,-49.094,13.8,-4.719,-4.719,-48.469,-101.938,-134.0,6.031,6.031,-100.068,0.000,0.0,0.000,0.000,0.000,0.000,0.0,0.000,0.000,0.000
3070.1302,0.668,15.9,-2.893,-2.893,-0.630,2.912,0.6,3.707,3.707,4.012,26.844,-17.2,6.656,6.656,32.739,95.062,69.8,-4.293,-4.293,97.398,2.246,-18.7,0.848,0.848,1.060,-9.750,30.7,-1.104,-1.104,-6.332,-49.031,24.7,-3.863,-3.863,-48.469,-102.250,-139.8,6.992,6.992,-100.068,0.000,0.0,0.000,0.000,0.000,0.000,0.0,0.000,0.000,0.000
3070.1322,0.690,11.9,-1.997,-1.997,-0.630,2.941,10.5,3.057,3.057,4.012,26.828,-11.9,5.457,5.457,32.739,95.188,55.5,-5.215,-5.215,97.398,2.209,-16.7,0.711,0.711,1.060,-9.680,35.8,-0.902,-0.902,-6.332,-48.938,40.3,-1.562,-1.562,-48.469,-102.500,-137.2,7.754,7.754,-100.068,0.000,0.0,0.000,0.000,0.000,0.000,0.0,0.000,0.000,0.000
3070.1342,0.681,1.0,-1.282,-1.282,-0.630,2.969,13.2,2.350,2.350,4.012,26.797,-11.6,6.023,6.023,32.739,95.250,41.2,-4.539,-4.539,97.398,2.178,-15.8,1.972,1.972,1.060,-9.594,39.8,-0.053,-0.053,-6.332,-48.812,48.0,-2.113,-2.113,-48.469,-102.750,-131.6,7.938,7.938,-100.068,0.000,0.0,0.000,0.000,0.000,0.000,0.0,0.000,0.000,0.000
3070.1362,0.675,-2.6,-4.684,-4.684,-0.630,3.012,18.7,2.564,2.564,4.012,26.781,-8.7,6.980,6.980,32.739,95.312,33.4,-3.613,-3.613,97.398,2.168,-8.6,6.547,6.547,1.060,-9.516,38.3,1.084,1.084,-6.332,-48.656,67.0,0.037,0.037,-48.469,-103.000,-123.2,7.574,7.574,-100.068,0.000,0.0,0.000,0.000,0.000,0.000,0.0,0.000,0.000,0.000
3070.1382,0.603,-24.4,-9.219,-9.219,-0.630,3.041,16.0,5.117,5.117,4.012,26.797,0.2,7.188,7.188,32.739,95.375,24.9,-2.969,-2.969,97.398,2.207,10.1,6.133,6.133,1.060,-9.430,42.7,1.686,1.686,-6.332,-48.469,79.4,-0.006,-0.006,-48.469,-103.188,-109.4,7.254,7.254,-100.068,0.000,0.0,0.000,0.000,0.000,0.000,0.0,0.000,0.000,0.000
3070.1402,0.483,-47.1,-5.945,-5.945,-0.630,3.094,22.5,4.887,4.887,4.012,26.828,7.8,8.188,8.188,32.739,95.375,11.9,-5.863,-5.863,97.398,2.266,23.9,3.939,3.939,1.060,-9.344,42.9,1.143,1.143,-6.332,-48.281,88.6,-0.448,-0.448,-48.469,-103.312,-84.6,7.066,7.066,-100.068,0.000,0.0,0.000,0.000,0.000,0.000,0.0,0.000,0.000,0.000
3070.1422,0.333,-64.1,3.070,3.070,-0.630,3.141,23.9,4.797,4.797,4.012,26.859,14.8,5.852,5.852,32.739,95.312,-4.5,-9.875,-9.875,97.398,2.326,26.7,-3.553,-3.553,1.060,-9.266,37.9,-0.645,-0.645,-6.332,-48.094,93.8,-3.260,-3.260,-48.469,-103.438,-73.9,9.867,9.867,-100.068,0.000,0.0,0.000,0.000,0.000,0.000,0.0,0.000,0.000,0.000
3070.1449,0.223,-56.8,6.910,6.910,-0.630,3.182,22.1,2.629,2.629,4.012,26.906,18.2,3.932,3.932,32.739,95.250,-27.5,-8.992,-8.992,97.398,2.350,15.6,-4.160,-4.160,1.060,-9.188,38.8,-1.281,-1.281,-6.332,-47.906,92.0,-6.559,-6.559,-48.469,-103.500,-45.0,11.180,11.180,-100.068,0.000,0.0,0.000,0.000,0.000,0.000,0.0,0.000,0.000,0.000
3070.1471,0.191,-16.8,4.844,4.844,-0.630,3.201,10.2,1.183,1.183,4.012,26.938,12.7,5.551,5.551,32.739,95.062,-56.2,-6.883,-6.883,97.398,2.328,-4.8,-3.725,-3.725,1.060,-9.094,32.5,1.045,1.045,-6.332,-47.719,70.3,-6.562,-6.562,-48.469,-103.500,-2.1,7.055,7.055,-100.068,0.000,0.0,0.000,0.000,0.000,0.000,0.0,0.000,0.000,0.000
3070.1492,0.223,3.8,1.881,1.881,-0.630,3.156,-8.7,4.645,4.645,4.012,26.953,6.4,7.930,7.930,32.739,94.875,-85.8,-8.078,-8.078,97.398,2.262,-22.2,-2.381,-2.381,1.060,-9.039,31.7,2.162,2.162,-6.332,-47.625,51.3,-3.967,-3.967,-48.469,-103.438,17.1,5.672,5.672,-100.068,0.000,0.0,0.000,0.000,0.000,0.000,0.0,0.000,0.000,0.000
3070.1509,0.251,12.5,1.057,1.057,-0.630,3.129,-16.5,5.066,5.066,4.012,26.969,8.4,9.547,9.547,32.739,94.750,-91.3,-7.996,-7.996,97.398,2.230,-26.3,-0.726,-0.726,1.060,-9.016,29.8,3.082,3.082,-6.332,-47.562,51.0,-3.752,-3.752,-48.469,-103.438,22.6,4.117,4.117,-100.068,0.000,0.0,0.000,0.000,0.000,0.000,0.0,0.000,0.000,0.000
3070.1524,0.301,19.9,-2.656,-2.656,-0.630,3.094,-16.9,6.855,6.855,4.012,27.016,22.3,10.531,10.531,32.739,94.500,-111.8,-8.047,-8.047,97.398,2.156,-33.0,0.778,0.778,1.060,-8.945,33.6,2.893,2.893,-6.332,-47.500,43.8,-2.836,-2.836,-48.469,-103.375,26.8,3.613,3.613,-100.068,0.000,0.0,0.000,0.000,0.000,0.000,0.0,0.000,0.000,0.000
3070.1542,0.339,18.9,0.929,0.929,-0.630,3.068,-15.6,6.133,6.133,4.012,27.078,31.6,9.977,9.977,32.739,94.250,-125.4,-7.359,-7.359,97.398,2.086,-34.8,-2.271,-2.271,1.060,-8.859,39.1,0.468,0.468,-6.332,-47.406,45.5,-6.082,-6.082,-48.469,-103.312,28.3,5.621,5.621,-100.068,0.000,0.0,0.000,0.000,0.000,0.000,0.0,0.000,0.000,0.000
3070.1562,0.376,20.6,1.844,1.844,-0.630,3.072,-5.7,4.543,4.543,4.012,27.156,36.2,7.172,7.172,32.739,93.938,-142.4,-2.131,-2.131,97.398,2.002,-40.0,0.651,0.651,1.060,-8.789,35.3,-5.840,-5.840,-6.332,-47.312,37.1,-12.945,-12.945,-48.469,-103.250,39.0,11.352,11.352,-100.068,0.000,0.0,0.000,0.000,0.000,0.000,0.0,0.000,0.000,0.000
3070.1582,0.417,21.8,1.054,1.054,-0.630,3.061,-6.8,2.756,2.756,4.012,27.219,32.4,7.195,7.195,32.739,93.688,-137.2,-1.030,-1.030,97.398,1.927,-38.3,1.786,1.786,1.060,-8.766,20.6,-5.098,-5.098,-6.332,-47.312,13.7,-13.453,-13.453,-48.469,-103.062,61.9,9.812,9.812,-100.068,0.000,0.0,0.000,0.000,0.000,0.000,0.0,0.000,0.000,0.000
3070.1602,0.461,22.3,0.010,0.010,-0.630,3.045,-8.2,3.152,3.152,4.012,27.250,21.3,8.719,8.719,32.739,93.375,-138.0,-1.323,-1.323,97.398,1.867,-31.7,2.025,2.025,1.060,-8.766,7.6,-3.848,-3.848,-6.332,-47.375,-14.5,-10.828,-10.828,-48.469,-102.875,81.6,8.312,8.312,-100.068,0.000,0.0,0.000,0.000,0.000,0.000,0.0,0.000,0.000,0.000
3070.1622,0.502,19.8,-0.617,-0.617,-0.630,3.006,-15.1,4.219,4.219,4.012,27.281,19.1,9.094,9.094,32.739,93.188,-125.3,-1.704,-1.704,97.398,1.829,-22.1,1.156,1.156,1.060,-8.812,-10.5,-2.629,-2.629,-6.332,-47.469,-32.8,-9.094,-9.094,-48.469,-102.688,97.7,7.020,7.020,-100.068,0.000,0.0,0.000,0.000,0.000,0.000,0.0,0.000,0.000,0.000
3070.1642,0.556,24.0,-0.798,-0.798,-0.630,2.988,-12.5,4.715,4.715,4.012,27.281,6.8,10.477,10.477,32.739,92.938,-110.9,-2.088,-2.088,97.398,1.789,-20.0,0.848,0.848,1.060,-8.875,-25.1,-1.585,-1.585,-6.332,-47.562,-47.6,-8.836,-8.836,-48.469,-102.500,98.9,6.305,6.305,-100.068,0.000,0.0,0.000,0.000,0.000,0.000,0.0,0.000,0.000,0.000
3070.1662,0.574,22.9,-0.851,-0.851,-0.630,2.979,-11.5,5.281,5.281,4.012,27.297,10.5,11.086,11.086,32.739,92.875,-104.0,-2.232,-2.232,97.398,1.770,-20.5,0.446,0.446,1.060,-8.898,-24.1,-1.633,-1.633,-6.332,-47.625,-53.7,-8.500,-8.500,-48.469,-102.375,110.2,5.656,5.656,-100.068,0.000,0.0,0.000,0.000,0.000,0.000,0.0,0.000,0.000,0.000
3070.1682,0.609,14.1,-0.389,-0.389,-0.630,2.957,-7.7,4.734,4.734,4.012,27.312,4.7,12.367,12.367,32.739,92.625,-86.7,-2.127,-2.127,97.398,1.745,-14.0,-0.458,-0.458,1.060,-9.000,-31.0,-1.506,-1.506,-6.332,-47.844,-66.8,-8.500,-8.500,-48.469,-102.000,109.9,5.090,5.090,-100.068,0.000,0.0,0.000,0.000,0.000,0.000,0.0,0.000,0.000,0.000
3070.1703,0.634,12.0,0.000,0.000,-0.630,2.947,-5.3,4.238,4.238,4.012,27.328,6.6,12.531,12.531,32.739,92.500,-70.1,-2.061,-2.061,97.398,1.735,-8.6,-0.827,-0.827,1.060,-9.094,-39.6,-1.586,-1.586,-6.332,-47.938,-59.7,-8.727,-8.727,-48.469,-101.812,104.4,4.582,4.582,-100.068,0.000,0.0,0.000,0.000,0.000,0.000,0.0,0.000,0.000,0.000
3070.1723,0.666,13.7,-0.212,-0.212,-0.630,2.934,-6.7,3.688,3.688,4.012,27.344,9.4,11.969,11.969,32.739,92.375,-57.0,-1.837,-1.837,97.398,1.714,-10.0,-0.521,-0.521,1.060,-9.172,-39.9,-1.466,-1.466,-6.332,-48.062,-59.0,-8.953,-8.953,-48.469,-101.625,99.6,4.359,4.359,-100.068,0.000,0.0,0.000,0.000,0.000,0.000,0.0,0.000,0.000,0.000
3070.1745,0.681,9.6,-0.011,-0.011,-0.630,2.916,-8.3,3.393,3.393,4.012,27.344,9.2,11.773,11.773,32.739,92.312,-45.4,-2.070,-2.070,97.398,1.697,-7.5,-0.100,-0.100,1.060,-9.258,-41.2,-1.278,-1.278,-6.332,-48.156,-54.6,-9.578,-9.578,-48.469,-101.438,89.0,4.141,4.141,-100.068,0.000,0.0,0.000,0.000,0.000,0.000,0.0,0.000,0.000,0.000
3070.1762,0.706,10.4,-0.001,-0.001,-0.630,2.900,-7.4,3.697,3.697,4.012,27.344,3.9,10.586,10.586,32.739,92.250,-29.8,-1.498,-1.498,97.398,1.673,-10.5,-0.322,-0.322,1.060,-9.344,-42.8,-1.884,-1.884,-6.332,-48.219,-39.4,-11.328,-11.328,-48.469,-101.312,83.9,3.090,3.090,-100.068,0.000,0.0,0.000,0.000,0.000,0.000,0.0,0.000,0.000,0.000
3070.1782,0.725,10.0,0.704,0.704,-0.630,2.869,-11.6,2.975,2.975,4.012,27.344,0.8,9.562,9.562,32.739,92.312,-7.0,-0.085,-0.085,97.398,1.657,-9.7,0.318,0.318,1.060,-9.445,-47.5,-2.043,-2.043,-6.332,-48.281,-31.8,-12.578,-12.578,-48.469,-101.125,75.5,3.229,3.229,-100.068,0.000,0.0,0.000,0.000,0.000,0.000,0.0,0.000,0.000,0.000
3070.1802,0.750,13.0,0.413,0.413,-0.630,2.834,-15.6,2.604,2.604,4.012,27.312,-11.6,8.438,8.438,32.739,92.312,9.0,0.370,0.370,97.398,1.660,-1.8,4.902,4.902,1.060,-9.531,-46.5,-3.617,-3.617,-6.332,-48.344,-28.8,-13.477,-13.477,-48.469,-101.062,59.1,4.691,4.691,-100.068,0.000,0.0,0.000,0.000,0.000,0.000,0.0,0.000,0.000,0.000
3070.1822,0.759,6.7,-4.398,-4.398,-0.630,2.809,-13.7,1.305,1.305,4.012,27.250,-22.9,7.219,7.219,32.739,92.375,22.2,0.920,0.920,97.398,1.682,7.8,7.195,7.195,1.060,-9.609,-40.7,-3.627,-3.627,-6.332,-48.406,-31.2,-14.578,-14.578,-48.469,-101.000,45.2,5.715,5.715,-100.068,0.000,0.0,0.000,0.000,0.000,0.000,0.0,0.000,0.000,0.000
3070.1842,0.747,-2.5,-6.109,-6.109,-0.630,2.773,-14.9,1.912,1.912,4.012,27.172,-32.3,7.160,7.160,32.739,92.500,41.5,0.673,0.673,97.398,1.758,27.7,6.059,6.059,1.060,-9.641,-26.0,-4.992,-4.992,-6.332,-48.469,-33.8,-14.414,-14.414,-48.469,-100.938,33.6,4.488,4.488,-100.068,0.000,0.0,0.000,0.000,0.000,0.000,0.0,0.000,0.000,0.000
3070.1862,0.700,-15.2,-5.156,-5.156,-0.630,2.742,-15.4,1.622,1.622,4.012,27.078,-43.8,7.707,7.707,32.739,92.688,61.9,-0.072,-0.072,97.398,1.867,45.6,4.535,4.535,1.060,-9.664,-15.4,-6.527,-6.527,-6.332,-48.531,-36.2,-13.438,-13.438,-48.469,-100.875,20.5,2.816,2.816,-100.068,0.000,0.0,0.000,0.000,0.000,0.000,0.0,0.000,0.000,0.000
3070.1882,0.656,-19.2,-4.816,-4.816,-0.630,2.727,-9.9,1.659,1.659,4.012,26.953,-52.5,7.602,7.602,32.739,92.812,78.7,-0.799,-0.799,97.398,2.002,60.9,3.279,3.279,1.060,-9.680,-10.7,-7.434,-7.434,-6.332,-48.625,-38.5,-12.281,-12.281,-48.469,-100.938,3.8,2.199,2.199,-100.068,0.000,0.0,0.000,0.000,0.000,0.000,0.0,0.000,0.000,0.000
3070.1902,0.618,-18.8,-4.375,-4.375,-0.630,2.717,-5.5,1.289,1.289,4.012,26.828,-61.5,7.496,7.496,32.739,93.062,92.9,-1.459,-1.459,97.398,2.131,63.6,1.869,1.869,1.060,-9.680,-1.9,-7.699,-7.699,-6.332,-48.688,-37.7,-11.609,-11.609,-48.469,-100.938,-14.9,2.064,2.064,-100.068,0.000,0.0,0.000,0.000,0.000,0.000,0.0,0.000,0.000,0.000
3070.1922,0.593,-13.6,-0.118,-0.118,-0.630,2.711,-3.4,1.255,1.255,4.012,26.703,-60.8,7.648,7.648,32.739,93.250,92.8,-2.346,-2.346,97.398,2.266,63.7,-3.971,-3.971,1.060,-9.703,-6.2,-6.820,-6.820,-6.332,-48.750,-34.2,-9.961,-9.961,-48.469,-101.062,-31.2,2.457,2.457,-100.068,0.000,0.0,0.000,0.000,0.000,0.000,0.0,0.000,0.000,0.000
3070.1942,0.587,-6.5,2.799,2.799,-0.630,2.730,5.4,2.385,2.385,4.012,26.609,-51.5,13.859,13.859,32.739,93.438,104.1,-3.174,-3.174,97.398,2.350,47.1,-11.570,-11.570,1.060,-9.734,-12.5,-0.640,-0.640,-6.332,-48.812,-28.2,-2.027,-2.027,-48.469,-101.125,-44.2,1.004,1.004,-100.068,0.000,0.0,0.000,0.000,0.000,0.000,0.0,0.000,0.000,0.000
3070.1969,0.634,12.9,3.867,3.867,-0.630,2.758,11.1,5.051,5.051,4.012,26.547,-37.0,7.215,7.215,32.739,93.688,103.5,-3.887,-3.887,97.398,2.369,22.6,-8.266,-8.266,1.060,-9.719,-1.6,-1.393,-1.393,-6.332,-48.812,-4.0,-5.238,-5.238,-48.469,-101.312,-66.5,2.043,2.043,-100.068,0.000,0.0,0.000,0.000,0.000,0.000,0.0,0.000,0.000,0.000
3070.1989,0.700,26.4,3.293,3.293,-0.630,2.824,25.2,0.856,0.856,4.012,26.516,-23.2,4.301,4.301,32.739,93.875,98.8,-4.488,-4.488,97.398,2.311,-8.6,-4.750,-4.750,1.060,-9.680,11.7,-2.920,-2.920,-6.332,-48.719,20.1,-7.191,-7.191,-48.469,-101.500,-84.4,2.848,2.848,-100.068,0.000,0.0,0.000,0.000,0.000,0.000,0.0,0.000,0.000,0.000
3070.2011,0.832,39.5,1.913,1.913,-0.630,2.846,10.5,-0.356,-0.356,4.012,26.438,-23.4,4.086,4.086,32.739,94.125,82.5,-4.180,-4.180,97.398,2.168,-39.4,-2.084,-2.084,1.060,-9.617,18.3,-3.564,-3.564,-6.332,-48.625,32.5,-7.879,-7.879,-48.469,-101.812,-99.8,3.980,3.980,-100.068,0.000,0.0,0.000,0.000,0.000,0.000,0.0,0.000,0.000,0.000
3070.2025,0.882,42.2,1.493,1.493,-0.630,2.846,6.2,0.017,0.017,4.012,26.406,-24.2,4.043,4.043,32.739,94.188,82.8,-4.164,-4.164,97.398,2.119,-43.7,-1.536,-1.536,1.060,-9.602,16.7,-3.510,-3.510,-6.332,-48.594,28.5,-7.727,-7.727,-48.469,-101.938,-102.7,4.125,4.125,-100.068,0.000,0.0,0.000,0.000,0.000,0.000,0.0,0.000,0.000,0.000
3070.2042,0.988,47.2,-0.501,-0.501,-0.630,2.834,-2.2,0.803,0.803,4.012,26.375,-18.8,6.473,6.473,32.739,94.312,74.3,-3.725,-3.725,97.398,1.999,-54.7,-0.481,-0.481,1.060,-9.562,17.0,-1.520,-1.520,-6.332,-48.531,28.6,-5.586,-5.586,-48.469,-102.125,-108.2,4.789,4.789,-100.068,0.000,0.0,0.000,0.000,0.000,0.000,0.0,0.000,0.000,0.000
3070.2062,1.079,44.1,-3.922,-3.922,-0.630,2.818,-6.3,3.383,3.383,4.012,26.359,-12.0,9.688,9.688,32.739,94.438,67.2,-3.275,-3.275,97.398,1.901,-51.8,0.582,0.582,1.060,-9.539,14.0,0.720,0.720,-6.332,-48.469,29.8,-1.911,-1.911,-48.469,-102.375,-108.6,5.398,5.398,-100.068,0.000,0.0,0.000,0.000,0.000,0.000,0.0,0.000,0.000,0.000
3070.2082,1.158,39.0,-4.789,-4.789,-0.630,2.805,-7.9,6.047,6.047,4.012,26.344,-9.2,8.156,8.156,32.739,94.562,60.8,-5.234,-5.234,97.398,1.805,-47.4,6.465,6.465,1.060,-9.492,17.2,-0.455,-0.455,-6.332,-48.406,34.3,-2.885,-2.885,-48.469,-102.562,-107.6,6.074,6.074,-100.068,0.000,0.0,0.000,0.000,0.000,0.000,0.0,0.000,0.000,0.000
3070.2102,1.171,17.7,-6.773,-6.773,-0.630,2.846,7.9,4.445,4.445,4.012,26.391,9.5,7.707,7.707,32.739,94.625,46.5,-4.539,-4.539,97.398,1.748,-34.8,4.695,4.695,1.060,-9.453,20.0,-0.072,-0.072,-6.332,-48.312,42.1,-1.521,-1.521,-48.469,-102.750,-101.1,6.176,6.176,-100.068,0.000,0.0,0.000,0.000,0.000,0.000,0.0,0.000,0.000,0.000
3070.2122,1.133,-6.7,-5.953,-5.953,-0.630,2.893,18.1,3.598,3.598,4.012,26.422,15.5,8.570,8.570,32.739,94.688,37.2,-4.559,-4.559,97.398,1.754,-9.3,3.984,3.984,1.060,-9.391,27.5,0.071,0.071,-6.332,-48.188,52.7,-0.733,-0.733,-48.469,-102.938,-93.5,5.871,5.871,-100.068,0.000,0.0,0.000,0.000,0.000,0.000,0.0,0.000,0.000,0.000
3070.2142,1.061,-25.8,-6.727,-6.727,-0.630,2.922,15.9,3.736,3.736,4.012,26.484,23.4,8.711,8.711,32.739,94.750,26.7,-4.770,-4.770,97.398,1.770,4.8,5.160,5.160,1.060,-9.344,26.3,0.438,0.438,-6.332,-48.062,55.2,-0.493,-0.493,-48.469,-103.125,-88.9,5.715,5.715,-100.068,0.000,0.0,0.000,0.000,0.000,0.000,0.0,0.000,0.000,0.000
3070.2162,0.929,-53.7,-7.332,-7.332,-0.630,2.963,19.2,4.617,4.617,4.012,26.547,30.9,8.656,8.656,32.739,94.750,15.7,-5.035,-5.035,97.398,1.826,18.5,5.184,5.184,1.060,-9.289,28.2,1.595,1.595,-6.332,-47.906,69.7,-0.535,-0.535,-48.469,-103.250,-72.2,5.668,5.668,-100.068,0.000,0.0,0.000,0.000,0.000,0.000,0.0,0.000,0.000,0.000
3070.2182,0.766,-71.6,-5.309,-5.309,-0.630,2.990,16.9,6.090,6.090,4.012,26.609,29.4,9.477,9.477,32.739,94.750,0.9,-6.488,-6.488,97.398,1.924,36.4,3.846,3.846,1.060,-9.211,35.5,1.612,1.612,-6.332,-47.750,72.4,-1.238,-1.238,-48.469,-103.312,-65.3,5.246,5.246,-100.068,0.000,0.0,0.000,0.000,0.000,0.000,0.0,0.000,0.000,0.000
3070.2202,0.565,-89.2,-0.850,-0.850,-0.630,3.021,17.8,7.023,7.023,4.012,26.672,34.6,9.727,9.727,32.739,94.688,-17.4,-10.148,-10.148,97.398,2.023,44.3,0.396,0.396,1.060,-9.133,36.7,1.587,1.587,-6.332,-47.594,76.6,-1.801,-1.801,-48.469,-103.438,-54.7,5.023,5.023,-100.068,0.000,0.0,0.000,0.000,0.000,0.000,0.0,0.000,0.000,0.000
3070.2224,0.361,-96.1,10.375,10.375,-0.630,3.041,12.4,6.957,6.957,4.012,26.750,36.6,7.113,7.113,32.739,94.562,-40.6,-10.578,-10.578,97.398,2.104,38.3,-8.062,-8.062,1.060,-9.047,44.5,-0.292,-0.292,-6.332,-47.438,75.8,-4.883,-4.883,-48.469,-103.500,-35.6,8.086,8.086,-100.068,0.000,0.0,0.000,0.000,0.000,0.000,0.0,0.000,0.000,0.000
3070.2245,0.239,-72.4,9.641,9.641,-0.630,3.047,6.6,4.750,4.750,4.012,26.797,28.2,2.201,2.201,32.739,94.438,-66.9,-4.020,-4.020,97.398,2.115,16.6,-6.559,-6.559,1.060,-8.984,38.3,-3.855,-3.855,-6.332,-47.344,64.9,-10.633,-10.633,-48.469,-103.500,-13.9,12.602,12.602,-100.068,0.000,0.0,0.000,0.000,0.000,0.000,0.0,0.000,0.000,0.000
3070.2265,0.191,-38.8,9.695,9.695,-0.630,3.010,-10.3,2.385,2.385,4.012,26.797,8.4,3.869,3.869,32.739,94.250,-74.6,-3.641,-3.641,97.398,2.080,-4.5,-5.219,-5.219,1.060,-8.945,28.8,-2.461,-2.461,-6.332,-47.281,40.0,-9.406,-9.406,-48.469,-103.438,16.4,10.906,10.906,-100.068,0.000,0.0,0.000,0.000,0.000,0.000,0.0,0.000,0.000,0.000
3070.2286,0.210,-6.8,7.312,7.312,-0.630,2.957,-19.9,2.684,2.684,4.012,26.781,-3.2,6.945,6.945,32.739,94.062,-84.9,-4.559,-4.559,97.398,2.006,-25.8,-5.055,-5.055,1.060,-8.938,13.7,-1.682,-1.682,-6.332,-47.250,17.1,-7.695,-7.695,-48.469,-103.312,42.6,7.910,7.910,-100.068,0.000,0.0,0.000,0.000,0.000,0.000,0.0,0.000,0.000,0.000
3070.2302,0.292,25.5,4.871,4.871,-0.630,2.885,-28.5,4.680,4.680,4.012,26.750,-11.1,9.461,9.461,32.739,93.938,-85.8,-5.570,-5.570,97.398,1.901,-43.2,-3.705,-3.705,1.060,-8.930,7.6,0.463,0.463,-6.332,-47.281,-1.9,-5.746,-5.746,-48.469,-103.188,58.1,6.832,6.832,-100.068,0.000,0.0,0.000,0.000,0.000,0.000,0.0,0.000,0.000,0.000
3070.2322,0.392,41.7,2.975,2.975,-0.630,2.836,-23.9,5.016,5.016,4.012,26.734,-8.8,9.016,9.016,32.739,93.688,-91.6,-4.262,-4.262,97.398,1.773,-58.2,-0.948,-0.948,1.060,-8.938,1.4,0.396,0.396,-6.332,-47.312,-9.8,-7.176,-7.176,-48.469,-103.062,71.0,9.055,9.055,-100.068,0.000,0.0,0.000,0.000,0.000,0.000,0.0,0.000,0.000,0.000
3070.2342,0.524,57.2,1.200,1.200,-0.630,2.799,-19.6,2.670,2.670,4.012,26.719,-4.4,7.398,7.398,32.739,93.500,-101.4,-1.438,-1.438,97.398,1.653,-60.3,1.450,1.450,1.060,-8.938,-0.5,-2.096,-2.096,-6.332,-47.344,-13.2,-10.875,-10.875,-48.469,-102.875,85.9,11.648,11.648,-100.068,0.000,0.0,0.000,0.000,0.000,0.000,0.0,0.000,0.000,0.000
3070.2362,0.640,58.3,-0.118,-0.118,-0.630,2.787,-10.8,1.621,1.621,4.012,26.703,-7.3,7.582,7.582,32.739,93.375,-85.8,0.100,0.100,97.398,1.554,-52.8,3.686,3.686,1.060,-8.953,-7.3,-5.320,-5.320,-6.332,-47.406,-29.6,-13.195,-13.195,-48.469,-102.625,103.6,11.234,11.234,-100.068,0.000,0.0,0.000,0.000,0.000,0.000,0.0,0.000,0.000,0.000
3070.2382,0.778,66.8,-1.979,-1.979,-0.630,2.758,-11.9,1.582,1.582,4.012,26.672,-10.1,10.016,10.016,32.739,93.188,-77.7,-0.864,-0.864,97.398,1.479,-41.8,4.949,4.949,1.060,-9.023,-22.9,-4.129,-4.129,-6.332,-47.531,-48.8,-10.812,-10.812,-48.469,-102.312,124.6,7.027,7.027,-100.068,0.000,0.0,0.000,0.000,0.000,0.000,0.0,0.000,0.000,0.000
3070.2402,0.851,48.5,-4.559,-4.559,-0.630,2.732,-12.6,2.123,2.123,4.012,26.672,-5.6,10.406,10.406,32.739,93.062,-64.4,-1.421,-1.421,97.398,1.446,-25.4,4.184,4.184,1.060,-9.109,-35.4,-2.883,-2.883,-6.332,-47.656,-56.0,-9.992,-9.992,-48.469,-102.062,138.6,5.887,5.887,-100.068,0.000,0.0,0.000,0.000,0.000,0.000,0.0,0.000,0.000,0.000
3070.2422,0.895,31.8,-4.125,-4.125,-0.630,2.717,-10.2,2.201,2.201,4.012,26.672,-3.9,11.297,11.297,32.739,93.000,-55.5,-2.201,-2.201,97.398,1.453,-8.8,2.797,2.797,1.060,-9.188,-38.1,-2.439,-2.439,-6.332,-47.812,-62.4,-9.625,-9.625,-48.469,-101.750,141.2,5.566,5.566,-100.068,0.000,0.0,0.000,0.000,0.000,0.000,0.0,0.000,0.000,0.000
3070.2442,0.904,17.0,-3.078,-3.078,-0.630,2.693,-12.0,1.992,1.992,4.012,26.672,1.3,7.867,7.867,32.739,92.875,-46.5,0.747,0.747,97.398,1.490,8.5,5.441,5.441,1.060,-9.281,-43.7,-4.258,-4.258,-6.332,-47.906,-62.4,-13.391,-13.391,-48.469,-101.500,138.0,5.172,5.172,-100.068,0.000,0.0,0.000,0.000,0.000,0.000,0.0,0.000,0.000,0.000
3070.2462,0.857,-7.9,-3.717,-3.717,-0.630,2.670,-11.6,0.186,0.186,4.012,26.656,-8.6,6.621,6.621,32.739,92.875,-26.6,3.148,3.148,97.398,1.594,37.4,10.898,10.898,1.060,-9.398,-53.6,-4.488,-4.488,-6.332,-48.031,-63.6,-16.438,-16.438,-48.469,-101.250,125.9,2.826,2.826,-100.068,0.000,0.0,0.000,0.000,0.000,0.000,0.0,0.000,0.000,0.000
3070.2484,0.785,-27.9,-8.797,-8.797,-0.630,2.633,-15.8,1.063,1.063,4.012,26.609,-17.4,7.699,7.699,32.739,92.938,0.4,2.881,2.881,97.398,1.751,65.8,6.230,6.230,1.060,-9.539,-61.3,-4.980,-4.980,-6.332,-48.156,-58.2,-16.062,-16.062,-48.469,-101.000,113.1,-0.101,-0.101,-100.068,0.000,0.0,0.000,0.000,0.000,0.000,0.0,0.000,0.000,0.000
3070.2505,0.656,-51.0,-4.762,-4.762,-0.630,2.586,-21.7,1.990,1.990,4.012,26.578,-19.7,8.289,8.289,32.739,93.000,20.5,2.348,2.348,97.398,1.942,85.6,2.666,2.666,1.060,-9.664,-62.0,-6.250,-6.250,-6.332,-48.281,-65.2,-15.742,-15.742,-48.469,-100.875,92.3,-0.890,-0.890,-100.068,0.000,0.0,0.000,0.000,0.000,0.000,0.0,0.000,0.000,0.000
3070.2525,0.502,-66.7,-1.673,-1.673,-0.630,2.566,-14.0,2.225,2.225,4.012,26.516,-25.7,8.273,8.273,32.739,93.125,51.2,1.521,1.521,97.398,2.131,89.8,0.246,0.246,1.060,-9.734,-47.9,-7.102,-7.102,-6.332,-48.438,-63.7,-15.508,-15.508,-48.469,-100.750,64.5,0.678,0.678,-100.068,0.000,0.0,0.000,0.000,0.000,0.000,0.0,0.000,0.000,0.000
3070.2545,0.370,-65.2,-0.349,-0.349,-0.630,2.551,-9.0,2.535,2.535,4.012,26.469,-25.3,10.586,10.586,32.739,93.250,61.1,0.210,0.210,97.398,2.295,79.9,-12.289,-12.289,1.060,-9.766,-28.6,-8.117,-8.117,-6.332,-48.562,-66.6,-12.328,-12.328,-48.469,-100.688,40.9,1.933,1.933,-100.068,0.000,0.0,0.000,0.000,0.000,0.000,0.0,0.000,0.000,0.000
3070.2565,0.292,-46.2,9.000,9.000,-0.630,2.551,-2.6,3.488,3.488,4.012,26.438,-19.5,14.688,14.688,32.739,93.438,75.4,0.001,0.001,97.398,2.379,53.9,-13.664,-13.664,1.060,-9.781,-16.2,-7.449,-7.449,-6.332,-48.688,-60.0,-9.438,-9.438,-48.469,-100.688,16.2,-1.561,-1.561,-100.068,0.000,0.0,0.000,0.000,0.000,0.000,0.0,0.000,0.000,0.000
3070.2582,0.333,-3.9,4.875,4.875,-0.630,2.582,9.6,8.914,8.914,4.012,26.438,-2.8,11.797,11.797,32.739,93.562,83.1,-0.188,-0.188,97.398,2.354,10.5,-10.594,-10.594,1.060,-9.734,9.7,-2.514,-2.514,-6.332,-48.719,-36.3,-6.617,-6.617,-48.469,-100.750,-13.7,-2.469,-2.469,-100.068,0.000,0.0,0.000,0.000,0.000,0.000,0.0,0.000,0.000,0.000
3070.2602,0.439,32.6,5.309,5.309,-0.630,2.658,28.1,2.816,2.816,4.012,26.453,5.3,6.543,6.543,32.739,93.750,89.6,-1.108,-1.108,97.398,2.271,-22.4,-2.098,-2.098,1.060,-9.656,27.8,-5.207,-5.207,-6.332,-48.750,-15.2,-10.320,-10.320,-48.469,-100.875,-45.5,-1.119,-1.119,-100.068,0.000,0.0,0.000,0.000,0.000,0.000,0.0,0.000,0.000,0.000
3070.2622,0.596,61.3,-0.452,-0.452,-0.630,2.740,37.0,-0.443,-0.443,4.012,26.484,11.5,4.051,4.051,32.739,93.938,90.4,-2.045,-2.045,97.398,2.166,-41.9,4.691,4.691,1.060,-9.617,22.2,-7.355,-7.355,-6.332,-48.719,4.0,-12.203,-12.203,-48.469,-101.062,-70.5,0.064,0.064,-100.068,0.000,0.0,0.000,0.000,0.000,0.000,0.0,0.000,0.000,0.000
3070.2642,0.741,67.9,-7.070,-7.070,-0.630,2.787,28.3,-1.859,-1.859,4.012,26.453,-4.1,4.074,4.074,32.739,94.188,95.6,-3.438,-3.438,97.398,2.104,-34.4,1.454,1.454,1.060,-9.586,17.4,-5.832,-5.832,-6.332,-48.688,5.5,-10.836,-10.836,-48.469,-101.250,-94.2,1.932,1.932,-100.068,0.000,0.0,0.000,0.000,0.000,0.000,0.0,0.000,0.000,0.000
3070.2662,0.857,63.0,-2.398,-2.398,-0.630,2.805,16.4,0.011,0.011,4.012,26.406,-15.2,7.555,7.555,32.739,94.312,88.0,-3.363,-3.363,97.398,2.031,-33.5,-0.312,-0.312,1.060,-9.586,6.7,-1.624,-1.624,-6.332,-48.688,9.1,-5.977,-5.977,-48.469,-101.500,-109.1,3.621,3.621,-100.068,0.000,0.0,0.000,0.000,0.000,0.000,0.0,0.000,0.000,0.000
3070.2682,0.938,49.2,-2.322,-2.322,-0.630,2.799,2.9,3.594,3.594,4.012,26.375,-19.4,6.664,6.664,32.739,94.500,81.8,-3.531,-3.531,97.398,1.961,-32.2,1.446,1.446,1.060,-9.570,9.0,-2.117,-2.117,-6.332,-48.625,19.4,-5.000,-5.000,-48.469,-101.812,-124.3,5.250,5.250,-100.068,0.000,0.0,0.000,0.000,0.000,0.000,0.0,0.000,0.000,0.000
3070.2702,0.998,35.3,-3.699,-3.699,-0.630,2.805,2.7,3.914,3.914,4.012,26.344,-16.9,6.590,6.590,32.739,94.625,75.8,-4.828,-4.828,97.398,1.905,-28.3,3.889,3.889,1.060,-9.547,9.0,-0.890,-0.890,-6.332,-48.562,27.8,-3.898,-3.898,-48.469,-102.062,-128.6,6.273,6.273,-100.068,0.000,0.0,0.000,0.000,0.000,0.000,0.0,0.000,0.000,0.000
3070.2722,1.029,23.2,-4.977,-4.977,-0.630,2.820,6.0,2.914,2.914,4.012,26.297,-17.4,6.805,6.805,32.739,94.750,65.5,-4.172,-4.172,97.398,1.890,-16.0,2.822,2.822,1.060,-9.500,19.4,-0.587,-0.587,-6.332,-48.469,34.2,-2.367,-2.367,-48.469,-102.312,-118.6,6.547,6.547,-100.068,0.000,0.0,0.000,0.000,0.000,0.000,0.0,0.000,0.000,0.000
3070.2742,1.008,1.6,-4.449,-4.449,-0.630,2.830,5.0,2.812,2.812,4.012,26.281,-13.8,8.453,8.453,32.739,94.812,50.1,-4.508,-4.508,97.398,1.896,-2.5,2.287,2.287,1.060,-9.461,19.1,0.279,0.279,-6.332,-48.375,47.2,-1.021,-1.021,-48.469,-102.500,-116.0,6.879,6.879,-100.068,0.000,0.0,0.000,0.000,0.000,0.000,0.0,0.000,0.000,0.000
3070.2762,0.957,-17.4,-4.270,-4.270,-0.630,2.850,7.6,3.973,3.973,4.012,26.281,-5.4,8.438,8.438,32.739,94.938,43.5,-4.469,-4.469,97.398,1.911,3.1,7.441,7.441,1.060,-9.383,33.1,1.743,1.743,-6.332,-48.219,62.9,-0.203,-0.203,-48.469,-102.750,-111.9,6.836,6.836,-100.068,0.000,0.0,0.000,0.000,0.000,0.000,0.0,0.000,0.000,0.000
3070.2782,0.875,-34.6,-9.438,-9.438,-0.630,2.877,11.7,5.148,5.148,4.012,26.297,3.3,8.148,8.148,32.739,94.938,30.2,-4.188,-4.188,97.398,1.999,29.6,5.238,5.238,1.060,-9.305,37.5,1.771,1.771,-6.332,-48.062,73.9,-0.646,-0.646,-48.469,-102.938,-99.9,6.578,6.578,-100.068,0.000,0.0,0.000,0.000,0.000,0.000,0.0,0.000,0.000,0.000
3070.2802,0.715,-64.8,-6.422,-6.422,-0.630,2.928,21.6,5.566,5.566,4.012,26.344,15.9,8.812,8.812,32.739,95.000,16.8,-4.543,-4.543,97.398,2.094,42.4,2.496,2.496,1.060,-9.203,43.2,0.993,0.993,-6.332,-47.906,81.4,-1.290,-1.290,-48.469,-103.125,-88.4,5.930,5.930,-100.068,0.000,0.0,0.000,0.000,0.000,0.000,0.0,0.000,0.000,0.000
3070.2822,0.521,-86.6,-3.018,-3.018,-0.630,2.973,23.9,5.469,5.469,4.012,26.391,24.2,8.844,8.844,32.739,95.000,5.0,-4.754,-4.754,97.398,2.203,48.9,1.545,1.545,1.060,-9.094,49.1,0.760,0.760,-6.332,-47.750,78.4,-1.653,-1.653,-48.469,-103.250,-77.0,5.832,5.832,-100.068,0.000,0.0,0.000,0.000,0.000,0.000,0.0,0.000,0.000,0.000
3070.2842,0.320,-96.9,-0.979,-0.979,-0.630,3.020,24.5,6.184,6.184,4.012,26.469,33.4,8.320,8.320,32.739,94.938,-8.9,-8.484,-8.484,97.398,2.312,51.8,0.331,0.331,1.060,-9.016,43.2,0.859,0.859,-6.332,-47.562,82.3,-1.898,-1.898,-48.469,-103.375,-63.8,6.273,6.273,-100.068,0.000,0.0,0.000,0.000,0.000,0.000,0.0,0.000,0.000,0.000
3070.2862,0.138,-92.6,1.374,1.374,-0.630,3.062,23.5,6.730,6.730,4.012,26.562,38.3,3.791,3.791,32.739,94.875,-31.5,-8.703,-8.703,97.398,2.404,46.3,-1.566,-1.566,1.060,-8.914,47.9,-0.122,-0.122,-6.332,-47.406,77.2,-4.445,-4.445,-48.469,-103.438,-49.8,10.492,10.492,-100.068,0.000,0.0,0.000,0.000,0.000,0.000,0.0,0.000,0.000,0.000
3070.2882,-0.019,-79.4,11.844,11.844,-0.630,3.100,19.6,1.458,1.458,4.012,26.609,31.0,5.543,5.543,32.739,94.750,-46.6,-8.648,-8.648,97.398,2.445,27.8,-7.707,-7.707,1.060,-8.836,42.9,-1.287,-1.287,-6.332,-47.281,70.0,-6.215,-6.215,-48.469,-103.438,-23.9,8.125,8.125,-100.068,0.000,0.0,0.000,0.000,0.000,0.000,0.0,0.000,0.000,0.000
3070.2902,-0.082,-45.9,9.547,9.547,-0.630,3.098,4.9,3.996,3.996,4.012,26.672,31.2,9.227,9.227,32.739,94.562,-73.9,-8.383,-8.383,97.398,2.422,1.3,-5.527,-5.527,1.060,-8.766,37.2,1.693,1.693,-6.332,-47.188,56.1,-3.438,-3.438,-48.469,-103.438,-5.6,4.891,4.891,-100.068,0.000,0.0,0.000,0.000,0.000,0.000,0.0,0.000,0.000,0.000
3070.2922,-0.056,-7.4,3.252,3.252,-0.630,3.082,-1.8,6.723,6.723,4.012,26.734,32.1,11.062,11.062,32.739,94.375,-94.0,-8.086,-8.086,97.398,2.359,-18.8,-1.145,-1.145,1.060,-8.695,38.9,2.301,2.301,-6.332,-47.094,46.8,-2.809,-2.809,-48.469,-103.438,3.8,3.557,3.557,-100.068,0.000,0.0,0.000,0.000,0.000,0.000,0.0,0.000,0.000,0.000
3070.2942,-0.013,12.1,-1.240,-1.240,-0.630,3.041,-12.8,7.547,7.547,4.012,26.844,46.2,10.914,10.914,32.739,94.125,-108.5,-8.070,-8.070,97.398,2.275,-33.1,-1.901,-1.901,1.060,-8.609,41.7,2.104,2.104,-6.332,-47.000,44.4,-4.453,-4.453,-48.469,-103.375,11.2,3.934,3.934,-100.068,0.000,0.0,0.000,0.000,0.000,0.000,0.0,0.000,0.000,0.000
3070.2962,0.041,23.4,0.371,0.371,-0.630,3.021,-11.1,7.109,7.109,4.012,26.953,47.6,9.594,9.594,32.739,93.875,-134.5,-6.332,-6.332,97.398,2.182,-42.5,-2.793,-2.793,1.060,-8.523,42.8,-0.283,-0.283,-6.332,-46.938,38.3,-7.668,-7.668,-48.469,-103.375,16.4,6.402,6.402,-100.068,0.000,0.0,0.000,0.000,0.000,0.000,0.0,0.000,0.000,0.000
3070.2982,0.082,22.6,2.498,2.498,-0.630,3.025,-3.1,4.965,4.965,4.012,27.047,46.9,7.992,7.992,32.739,93.562,-144.2,-3.238,-3.238,97.398,2.074,-50.3,-0.838,-0.838,1.060,-8.445,40.2,-3.053,-3.053,-6.332,-46.875,32.9,-11.023,-11.023,-48.469,-103.312,29.7,9.289,9.289,-100.068,0.000,0.0,0.000,0.000,0.000,0.000,0.0,0.000,0.000,0.000
3070.3003,0.157,32.5,1.824,1.824,-0.630,2.996,-10.0,3.086,3.086,4.012,27.125,42.4,5.836,5.836,32.739,93.312,-134.4,-0.529,-0.529,97.398,1.958,-55.9,2.336,2.336,1.060,-8.422,20.2,-4.281,-4.281,-6.332,-46.875,5.3,-13.547,-13.547,-48.469,-103.125,54.4,11.328,11.328,-100.068,0.000,0.0,0.000,0.000,0.000,0.000,0.0,0.000,0.000,0.000
3070.3025,0.226,33.3,0.177,0.177,-0.630,2.969,-14.2,2.434,2.434,4.012,27.156,22.7,6.203,6.203,32.739,93.062,-124.8,0.093,0.093,97.398,1.857,-52.8,4.590,4.590,1.060,-8.461,-4.6,-3.707,-3.707,-6.332,-46.938,-15.1,-12.555,-12.555,-48.469,-103.000,75.2,10.578,10.578,-100.068,0.000,0.0,0.000,0.000,0.000,0.000,0.0,0.000,0.000,0.000
3070.3044,0.295,34.1,-0.844,-0.844,-0.630,2.922,-21.0,2.930,2.930,4.012,27.141,7.2,7.922,7.922,32.739,92.812,-114.1,-0.135,-0.135,97.398,1.789,-40.1,4.328,4.328,1.060,-8.523,-22.6,-2.752,-2.752,-6.332,-47.031,-41.0,-10.734,-10.734,-48.469,-102.750,96.3,9.336,9.336,-100.068,0.000,0.0,0.000,0.000,0.000,0.000,0.0,0.000,0.000,0.000
3070.3063,0.348,26.8,-1.685,-1.685,-0.630,2.881,-19.1,3.775,3.775,4.012,27.094,-13.6,9.086,9.086,32.739,92.688,-93.1,-0.375,-0.375,97.398,1.748,-25.5,3.297,3.297,1.060,-8.617,-40.9,-2.104,-2.104,-6.332,-47.188,-62.5,-9.898,-9.898,-48.469,-102.500,115.6,8.055,8.055,-100.068,0.000,0.0,0.000,0.000,0.000,0.000,0.0,0.000,0.000,0.000
3070.3083,0.402,25.1,-1.500,-1.500,-0.630,2.828,-21.7,3.867,3.867,4.012,27.062,-16.8,10.688,10.688,32.739,92.562,-72.5,-1.066,-1.066,97.398,1.720,-18.0,1.851,1.851,1.060,-8.711,-46.7,-1.568,-1.568,-6.332,-47.344,-75.4,-9.062,-9.062,-48.469,-102.250,127.1,6.840,6.840,-100.068,0.000,0.0,0.000,0.000,0.000,0.000,0.0,0.000,0.000,0.000
3070.3102,0.439,21.2,-1.464,-1.464,-0.630,2.787,-19.5,3.873,3.873,4.012,27.031,-16.7,11.531,11.531,32.739,92.438,-53.9,-1.611,-1.611,97.398,1.723,-7.1,0.969,0.969,1.060,-8.812,-50.9,-1.600,-1.600,-6.332,-47.500,-73.4,-8.664,-8.664,-48.469,-101.938,141.8,5.867,5.867,-100.068,0.000,0.0,0.000,0.000,0.000,0.000,0.0,0.000,0.000,0.000
3070.3122,0.446,9.5,-0.869,-0.869,-0.630,2.762,-14.7,3.119,3.119,4.012,27.000,-13.5,11.852,11.852,32.739,92.375,-41.9,-1.517,-1.517,97.398,1.738,1.7,0.243,0.243,1.060,-8.906,-48.7,-1.573,-1.573,-6.332,-47.625,-66.7,-8.820,-8.820,-48.469,-101.688,136.4,4.652,4.652,-100.068,0.000,0.0,0.000,0.000,0.000,0.000,0.0,0.000,0.000,0.000
3070.3142,0.452,4.3,-0.586,-0.586,-0.630,2.736,-14.0,2.326,2.326,4.012,27.000,-6.8,11.148,11.148,32.739,92.312,-25.2,0.556,0.556,97.398,1.741,1.5,-0.122,-0.122,1.060,-9.016,-49.7,-1.802,-1.802,-6.332,-47.750,-66.4,-9.992,-9.992,-48.469,-101.438,137.4,0.665,0.665,-100.068,0.000,0.0,0.000,0.000,0.000,0.000,0.0,0.000,0.000,0.000
3070.3162,0.458,2.8,1.326,1.326,-0.630,2.725,-9.9,2.543,2.543,4.012,26.984,-6.2,8.766,8.766,32.739,92.375,-4.5,3.150,3.150,97.398,1.761,7.1,4.480,4.480,1.060,-9.141,-57.6,-2.771,-2.771,-6.332,-47.875,-55.9,-14.000,-14.000,-48.469,-101.188,119.2,-1.992,-1.992,-100.068,0.000,0.0,0.000,0.000,0.000,0.000,0.0,0.000,0.000,0.000
3070.3182,0.461,1.8,-3.197,-3.197,-0.630,2.715,-7.0,1.920,1.920,4.012,26.969,-8.6,8.422,8.422,32.739,92.438,21.1,2.461,2.461,97.398,1.792,13.8,8.312,8.312,1.060,-9.258,-56.8,-4.238,-4.238,-6.332,-47.969,-55.7,-15.117,-15.117,-48.469,-101.000,97.7,-3.584,-3.584,-100.068,0.000,0.0,0.000,0.000,0.000,0.000,0.0,0.000,0.000,0.000
3070.3202,0.405,-17.3,-5.523,-5.523,-0.630,2.711,-3.0,1.273,1.273,4.012,26.938,-15.5,8.195,8.195,32.739,92.562,44.8,1.490,1.490,97.398,1.873,31.7,5.426,5.426,1.060,-9.352,-49.7,-4.629,-4.629,-6.332,-48.094,-59.3,-14.617,-14.617,-48.469,-100.938,63.3,-2.410,-2.410,-100.068,0.000,0.0,0.000,0.000,0.000,0.000,0.0,0.000,0.000,0.000
3070.3222,0.336,-29.5,-3.545,-3.545,-0.630,2.695,-5.6,1.392,1.392,4.012,26.891,-21.9,8.469,8.469,32.739,92.688,63.6,0.836,0.836,97.398,1.989,48.5,4.289,4.289,1.060,-9.430,-43.3,-6.801,-6.801,-6.332,-48.219,-57.5,-15.492,-15.492,-48.469,-100.938,27.7,-1.749,-1.749,-100.068,0.000,0.0,0.000,0.000,0.000,0.000,0.0,0.000,0.000,0.000
3070.3242,0.257,-35.7,-3.143,-3.143,-0.630,2.695,-2.8,1.758,1.758,4.012,26.828,-27.8,8.141,8.141,32.739,92.875,85.0,0.026,0.026,97.398,2.121,58.3,2.898,2.898,1.060,-9.477,-30.8,-8.938,-8.938,-6.332,-48.344,-58.9,-14.352,-14.352,-48.469,-101.000,-6.5,-1.296,-1.296,-100.068,0.000,0.0,0.000,0.000,0.000,0.000,0.0,0.000,0.000,0.000
3070.3262,0.195,-32.2,-2.734,-2.734,-0.630,2.701,-0.2,2.352,2.352,4.012,26.766,-27.5,11.555,11.555,32.739,93.125,96.9,-0.608,-0.608,97.398,2.270,65.2,-11.805,-11.805,1.060,-9.508,-20.3,-6.211,-6.211,-6.332,-48.438,-58.4,-9.422,-9.422,-48.469,-101.062,-32.1,-1.954,-1.954,-100.068,0.000,0.0,0.000,0.000,0.000,0.000,0.0,0.000,0.000,0.000
3070.3282,0.179,-24.9,6.871,6.871,-0.630,2.717,5.6,5.473,5.473,4.012,26.734,-26.9,11.070,11.070,32.739,93.188,101.1,-1.353,-1.353,97.398,2.312,55.7,-11.148,-11.148,1.060,-9.523,-17.5,-3.432,-3.432,-6.332,-48.500,-50.4,-7.828,-7.828,-48.469,-101.188,-55.4,-1.053,-1.053,-100.068,0.000,0.0,0.000,0.000,0.000,0.000,0.0,0.000,0.000,0.000
3070.3302,0.226,10.3,2.787,2.787,-0.630,2.787,19.5,1.896,1.896,4.012,26.688,-20.2,5.184,5.184,32.739,93.562,114.2,-2.963,-2.963,97.398,2.348,19.1,1.488,1.488,1.060,-9.492,2.2,-6.828,-6.828,-6.332,-48.562,-24.0,-10.000,-10.000,-48.469,-101.438,-86.9,0.942,0.942,-100.068,0.000,0.0,0.000,0.000,0.000,0.000,0.0,0.000,0.000,0.000
3070.3322,0.311,27.9,-5.621,-5.621,-0.630,2.828,20.2,-1.742,-1.742,4.012,26.641,-22.9,4.066,4.066,32.739,93.812,110.5,-4.219,-4.219,97.398,2.348,7.9,3.273,3.273,1.060,-9.484,2.7,-7.000,-7.000,-6.332,-48.562,-9.2,-9.391,-9.391,-48.469,-101.688,-106.2,2.492,2.492,-100.068,0.000,0.0,0.000,0.000,0.000,0.000,0.0,0.000,0.000,0.000
3070.3342,0.367,27.3,-5.070,-5.070,-0.630,2.830,7.1,-1.681,-1.681,4.012,26.578,-27.9,3.404,3.404,32.739,94.000,105.3,-4.355,-4.355,97.398,2.369,9.8,3.686,3.686,1.060,-9.508,-6.1,-6.922,-6.922,-6.332,-48.562,-1.5,-9.492,-9.492,-48.469,-101.938,-113.6,3.709,3.709,-100.068,0.000,0.0,0.000,0.000,0.000,0.000,0.0,0.000,0.000,0.000
3070.3362,0.367,27.3,-5.070,-5.070,-0.630,2.830,7.1,-1.681,-1.681,4.012,26.578,-27.9,3.404,3.404,32.739,94.000,105.3,-4.355,-4.355,97.398,2.369,9.8,3.686,3.686,1.060,-9.508,-6.1,-6.922,-6.922,-6.332,-48.562,-1.5,-9.492,-9.492,-48.469,-101.938,-113.6,3.709,3.709,-100.068,0.000,0.0,0.000,0.000,0.000,0.000,0.0,0.000,0.000,0.000
3070.3382,0.364,-0.5,-4.035,-4.035,-0.630,2.781,-15.0,-2.363,-2.363,4.012,26.391,-46.0,3.146,3.146,32.739,94.375,91.8,-4.344,-4.344,97.398,2.457,19.7,2.510,2.510,1.060,-9.578,-19.4,-3.660,-3.660,-6.332,-48.500,13.4,-7.363,-7.363,-48.469,-102.438,-126.5,6.359,6.359,-100.068,0.000,0.0,0.000,0.000,0.000,0.000,0.0,0.000,0.000,0.000
3070.3402,0.320,-14.4,3.873,3.873,-0.630,2.736,-18.8,1.234,1.234,4.012,26.312,-45.0,3.561,3.561,32.739,94.500,82.4,-4.336,-4.336,97.398,2.510,21.2,-4.777,-4.777,1.060,-9.602,-13.6,-2.652,-2.652,-6.332,-48.469,14.4,-6.699,-6.699,-48.469,-102.688,-119.9,6.137,6.137,-100.068,0.000,0.0,0.000,0.000,0.000,0.000,0.0,0.000,0.000,0.000
3070.3422,0.314,-6.0,4.688,4.688,-0.630,2.693,-19.9,1.718,1.718,4.012,26.203,-48.3,7.422,7.422,32.739,94.625,74.2,-4.078,-4.078,97.398,2.518,8.3,-4.004,-4.004,1.060,-9.594,-2.6,-1.718,-1.718,-6.332,-48.438,15.1,-4.441,-4.441,-48.469,-102.875,-109.2,6.215,6.215,-100.068,0.000,0.0,0.000,0.000,0.000,0.000,0.0,0.000,0.000,0.000
3070.3442,0.326,2.2,1.137,1.137,-0.630,2.670,-13.1,4.703,4.703,4.012,26.141,-37.4,7.848,7.848,32.739,94.750,61.7,-3.916,-3.916,97.398,2.494,-6.3,-2.824,-2.824,1.060,-9.562,11.5,-0.675,-0.675,-6.332,-48.375,27.1,-1.825,-1.825,-48.469,-103.062,-95.8,5.625,5.625,-100.068,0.000,0.0,0.000,0.000,0.000,0.000,0.0,0.000,0.000,0.000
3070.3462,0.342,3.9,-0.192,-0.192,-0.630,2.684,-0.4,4.043,4.043,4.012,26.125,-21.1,8.273,8.273,32.739,94.875,55.1,-3.982,-3.982,97.398,2.457,-14.4,-1.807,-1.807,1.060,-9.531,13.8,-0.414,-0.414,-6.332,-48.312,30.9,-1.456,-1.456,-48.469,-103.250,-89.7,5.895,5.895,-100.068,0.000,0.0,0.000,0.000,0.000,0.000,0.0,0.000,0.000,0.000
3070.3482,0.383,13.1,-0.237,-0.237,-0.630,2.717,11.4,3.871,3.871,4.012,26.125,-7.3,8.047,8.047,32.739,94.938,41.5,-3.764,-3.764,97.398,2.398,-23.2,-1.831,-1.831,1.060,-9.469,22.7,-0.871,-0.871,-6.332,-48.219,44.3,-1.613,-1.613,-48.469,-103.375,-81.6,5.363,5.363,-100.068,0.000,0.0,0.000,0.000,0.000,0.000,0.0,0.000,0.000,0.000
3070.3502,0.408,13.5,0.288,0.288,-0.630,2.768,19.0,3.229,3.229,4.012,26.156,11.6,6.629,6.629,32.739,95.000,33.3,-3.398,-3.398,97.398,2.318,-33.4,-1.011,-1.011,1.060,-9.398,29.8,-1.444,-1.444,-6.332,-48.094,54.1,-3.908,-3.908,-48.469,-103.500,-66.4,4.895,4.895,-100.068,0.000,0.0,0.000,0.000,0.000,0.000,0.0,0.000,0.000,0.000
3070.3522,0.439,16.2,0.663,0.663,-0.630,2.859,35.2,2.826,2.826,4.012,26.219,22.5,6.902,6.902,32.739,95.000,26.3,-4.344,-4.344,97.398,2.230,-39.4,0.342,0.342,1.060,-9.359,24.4,-0.488,-0.488,-6.332,-47.969,58.9,-4.250,-4.250,-48.469,-103.625,-60.8,4.684,4.684,-100.068,0.000,0.0,0.000,0.000,0.000,0.000,0.0,0.000,0.000,0.000
3070.3542,0.446,7.2,-0.593,-0.593,-0.630,2.949,43.7,2.467,2.467,4.012,26.297,31.0,5.625,5.625,32.739,95.000,11.3,-5.359,-5.359,97.398,2.141,-43.2,1.054,1.054,1.060,-9.320,22.5,-0.926,-0.926,-6.332,-47.875,53.2,-5.426,-5.426,-48.469,-103.688,-44.2,6.406,6.406,-100.068,0.000,0.0,0.000,0.000,0.000,0.000,0.0,0.000,0.000,0.000
3070.3563,0.468,8.3,0.334,0.334,-0.630,3.025,41.1,0.767,0.767,4.012,26.359,30.7,4.191,4.191,32.739,95.000,1.3,-7.641,-7.641,97.398,2.049,-46.3,2.289,2.289,1.060,-9.289,18.2,-1.608,-1.608,-6.332,-47.781,46.2,-7.004,-7.004,-48.469,-103.750,-32.2,10.273,10.273,-100.068,0.000,0.0,0.000,0.000,0.000,0.000,0.0,0.000,0.000,0.000
3070.3583,0.474,4.8,0.434,0.434,-0.630,3.068,28.3,0.248,0.248,4.012,26.438,34.4,4.289,4.289,32.739,94.938,-23.1,-7.820,-7.820,97.398,1.989,-34.7,2.211,2.211,1.060,-9.273,11.8,-1.708,-1.708,-6.332,-47.750,32.9,-6.711,-6.711,-48.469,-103.750,-7.5,10.820,10.820,-100.068,0.000,0.0,0.000,0.000,0.000,0.000,0.0,0.000,0.000,0.000
3070.3603,0.496,8.7,-0.034,-0.034,-0.630,3.068,9.7,1.227,1.227,4.012,26.469,25.2,5.281,5.281,32.739,94.875,-38.9,-7.289,-7.289,97.398,1.939,-26.9,2.145,2.145,1.060,-9.258,8.0,-1.414,-1.414,-6.332,-47.719,16.7,-6.918,-6.918,-48.469,-103.688,19.2,10.023,10.023,-100.068,0.000,0.0,0.000,0.000,0.000,0.000,0.0,0.000,0.000,0.000
3070.3623,0.499,5.2,0.252,0.252,-0.630,3.031,-9.1,2.873,2.873,4.012,26.516,24.3,5.398,5.398,32.739,94.688,-57.5,-5.832,-5.832,97.398,1.896,-23.5,1.390,1.390,1.060,-9.258,2.3,-1.979,-1.979,-6.332,-47.719,6.6,-7.539,-7.539,-48.469,-103.562,41.6,9.789,9.789,-100.068,0.000,0.0,0.000,0.000,0.000,0.000,0.0,0.000,0.000,0.000
3070.3642,0.499,2.5,0.961,0.961,-0.630,2.994,-16.2,3.334,3.334,4.012,26.562,20.3,6.246,6.246,32.739,94.562,-70.5,-4.586,-4.586,97.398,1.867,-18.1,0.792,0.792,1.060,-9.258,-1.2,-2.545,-2.545,-6.332,-47.719,-4.8,-8.375,-8.375,-48.469,-103.438,62.5,9.344,9.344,-100.068,0.000,0.0,0.000,0.000,0.000,0.000,0.0,0.000,0.000,0.000
3070.3662,0.486,-3.0,1.414,1.414,-0.630,2.947,-20.5,3.973,3.973,4.012,26.594,17.2,7.211,7.211,32.739,94.375,-81.9,-3.457,-3.457,97.398,1.857,-9.7,0.219,0.219,1.060,-9.281,-8.6,-2.916,-2.916,-6.332,-47.812,-23.4,-8.961,-8.961,-48.469,-103.250,84.8,8.938,8.938,-100.068,0.000,0.0,0.000,0.000,0.000,0.000,0.0,0.000,0.000,0.000
3070.3682,0.490,1.3,2.525,2.525,-0.630,2.912,-17.4,4.078,4.078,4.012,26.625,18.7,8.828,8.828,32.739,94.188,-81.8,-3.199,-3.199,97.398,1.833,-13.6,-0.806,-0.806,1.060,-9.312,-13.9,-2.752,-2.752,-6.332,-47.875,-31.1,-9.562,-9.562,-48.469,-103.000,96.6,7.797,7.797,-100.068,0.000,0.0,0.000,0.000,0.000,0.000,0.0,0.000,0.000,0.000
3070.3702,0.480,-1.3,2.293,2.293,-0.630,2.891,-12.9,3.992,3.992,4.012,26.672,21.1,9.438,9.438,32.739,94.000,-86.0,-2.949,-2.949,97.398,1.811,-15.4,-1.396,-1.396,1.060,-9.352,-16.2,-2.961,-2.961,-6.332,-47.969,-44.3,-9.289,-9.289,-48.469,-102.750,112.7,6.773,6.773,-100.068,0.000,0.0,0.000,0.000,0.000,0.000,0.0,0.000,0.000,0.000
3070.3722,0.493,3.8,2.227,2.227,-0.630,2.891,-3.8,3.439,3.439,4.012,26.734,23.8,9.414,9.414,32.739,93.875,-85.5,-2.393,-2.393,97.398,1.789,-13.6,-1.329,-1.329,1.060,-9.398,-22.4,-2.969,-2.969,-6.332,-48.062,-45.1,-9.750,-9.750,-48.469,-102.500,122.7,6.340,6.340,-100.068,0.000,0.0,0.000,0.000,0.000,0.000,0.0,0.000,0.000,0.000
3070.3742,0.508,7.0,2.188,2.188,-0.630,2.887,-1.7,2.924,2.924,4.012,26.797,29.8,9.922,9.922,32.739,93.688,-82.8,-1.555,-1.555,97.398,1.761,-13.4,-1.035,-1.035,1.060,-9.445,-24.5,-3.711,-3.711,-6.332,-48.156,-45.0,-10.633,-10.633,-48.469,-102.312,121.5,5.719,5.719,-100.068,0.000,0.0,0.000,0.000,0.000,0.000,0.0,0.000,0.000,0.000
3070.3762,0.537,12.6,1.819,1.819,-0.630,2.885,-3.1,2.230,2.230,4.012,26.844,26.9,9.180,9.180,32.739,93.562,-76.4,-0.776,-0.776,97.398,1.720,-17.3,-0.240,-0.240,1.060,-9.500,-24.2,-3.963,-3.963,-6.332,-48.219,-43.2,-11.758,-11.758,-48.469,-102.062,123.4,5.363,5.363,-100.068,0.000,0.0,0.000,0.000,0.000,0.000,0.0,0.000,0.000,0.000
3070.3782,0.562,12.5,1.035,1.035,-0.630,2.877,-5.2,1.764,1.764,4.012,26.891,22.6,8.188,8.188,32.739,93.438,-60.8,0.622,0.622,97.398,1.697,-12.3,1.032,1.032,1.060,-9.555,-25.0,-5.691,-5.691,-6.332,-48.312,-43.5,-13.953,-13.953,-48.469,-101.812,120.9,6.082,6.082,-100.068,0.000,0.0,0.000,0.000,0.000,0.000,0.0,0.000,0.000,0.000
3070.3802,0.600,16.2,0.459,0.459,-0.630,2.861,-8.1,0.828,0.828,4.012,26.891,10.1,7.770,7.770,32.739,93.375,-45.4,2.564,2.564,97.398,1.670,-12.8,5.148,5.148,1.060,-9.609,-27.9,-6.938,-6.938,-6.332,-48.406,-41.6,-15.523,-15.523,-48.469,-101.562,115.6,7.465,7.465,-100.068,0.000,0.0,0.000,0.000,0.000,0.000,0.0,0.000,0.000,0.000
3070.3822,0.603,3.9,-3.143,-3.143,-0.630,2.820,-16.8,0.489,0.489,4.012,26.875,-1.7,8.516,8.516,32.739,93.312,-27.4,1.780,1.780,97.398,1.694,3.7,3.176,3.176,1.060,-9.664,-26.7,-6.484,-6.484,-6.332,-48.500,-47.1,-15.383,-15.383,-48.469,-101.312,118.9,7.762,7.762,-100.068,0.000,0.0,0.000,0.000,0.000,0.000,0.0,0.000,0.000,0.000
3070.3843,0.609,0.3,-2.008,-2.008,-0.630,2.787,-17.6,1.104,1.104,4.012,26.828,-11.2,7.426,7.426,32.739,93.375,-4.3,2.012,2.012,97.398,1.738,15.4,6.082,6.082,1.060,-9.719,-24.7,-6.344,-6.344,-6.332,-48.594,-45.5,-16.391,-16.391,-48.469,-101.125,116.9,7.883,7.883,-100.068,0.000,0.0,0.000,0.000,0.000,0.000,0.0,0.000,0.000,0.000
3070.3864,0.596,-6.4,-4.668,-4.668,-0.630,2.740,-20.6,1.850,1.850,4.012,26.781,-21.8,6.828,6.828,32.739,93.438,21.6,1.817,1.817,97.398,1.833,37.9,6.566,6.566,1.060,-9.742,-17.1,-6.691,-6.691,-6.332,-48.688,-49.1,-16.250,-16.250,-48.469,-100.875,113.6,6.461,6.461,-100.068,0.000,0.0,0.000,0.000,0.000,0.000,0.0,0.000,0.000,0.000
3070.3886,0.534,-22.5,-4.797,-4.797,-0.630,2.709,-16.6,2.256,2.256,4.012,26.719,-31.3,7.098,7.098,32.739,93.500,43.0,1.135,1.135,97.398,1.945,52.9,4.770,4.770,1.060,-9.773,-17.1,-7.781,-7.781,-6.332,-48.781,-46.3,-15.312,-15.312,-48.469,-100.688,109.0,4.500,4.500,-100.068,0.000,0.0,0.000,0.000,0.000,0.000,0.0,0.000,0.000,0.000
3070.3906,0.436,-40.1,-3.436,-3.436,-0.630,2.684,-15.0,1.832,1.832,4.012,26.688,-22.4,9.781,9.781,32.739,93.625,53.0,0.584,0.584,97.398,2.090,66.6,2.172,2.172,1.060,-9.789,-11.6,-8.445,-8.445,-6.332,-48.875,-42.6,-14.086,-14.086,-48.469,-100.500,93.9,1.482,1.482,-100.068,0.000,0.0,0.000,0.000,0.000,0.000,0.0,0.000,0.000,0.000
3070.3922,0.336,-47.1,6.473,6.473,-0.630,2.689,-4.3,2.703,2.703,4.012,26.641,-21.8,11.953,11.953,32.739,93.750,65.7,0.313,0.313,97.398,2.199,56.1,-7.910,-7.910,1.060,-9.797,-8.4,-5.488,-5.488,-6.332,-48.938,-33.7,-11.297,-11.297,-48.469,-100.375,66.8,-2.939,-2.939,-100.068,0.000,0.0,0.000,0.000,0.000,0.000,0.0,0.000,0.000,0.000
3070.3942,0.289,-30.9,7.758,7.758,-0.630,2.709,3.5,6.211,6.211,4.012,26.641,-7.0,12.695,12.695,32.739,93.938,74.7,-0.324,-0.324,97.398,2.256,33.6,-9.609,-9.609,1.060,-9.797,-1.1,-2.705,-2.705,-6.332,-48.938,-15.5,-8.664,-8.664,-48.469,-100.375,27.8,-3.355,-3.355,-100.068,0.000,0.0,0.000,0.000,0.000,0.000,0.0,0.000,0.000,0.000
3070.3962,0.292,-9.3,4.332,4.332,-0.630,2.781,23.1,6.391,6.391,4.012,26.672,9.7,10.453,10.453,32.739,94.125,82.9,-1.106,-1.106,97.398,2.254,8.7,-7.676,-7.676,1.060,-9.766,10.5,-1.930,-1.930,-6.332,-48.906,9.7,-7.918,-7.918,-48.469,-100.438,-8.8,-1.939,-1.939,-100.068,0.000,0.0,0.000,0.000,0.000,0.000,0.0,0.000,0.000,0.000
3070.3982,0.342,13.0,3.061,3.061,-0.630,2.877,40.6,3.654,3.654,4.012,26.750,25.7,6.730,6.730,32.739,94.312,86.9,-1.842,-1.842,97.398,2.182,-20.1,-5.418,-5.418,1.060,-9.703,22.0,-3.863,-3.863,-6.332,-48.812,29.9,-9.516,-9.516,-48.469,-100.562,-49.2,-0.669,-0.669,-100.068,0.000,0.0,0.000,0.000,0.000,0.000,0.0,0.000,0.000,0.000
3070.4002,0.427,31.6,3.781,3.781,-0.630,2.984,48.0,0.592,0.592,4.012,26.781,22.0,4.535,4.535,32.739,94.438,87.5,-2.633,-2.633,97.398,2.080,-39.9,-3.555,-3.555,1.060,-9.625,32.3,-4.629,-4.629,-6.332,-48.719,38.2,-10.883,-10.883,-48.469,-100.750,-79.6,0.648,0.648,-100.068,0.000,0.0,0.000,0.000,0.000,0.000,0.0,0.000,0.000,0.000
3070.4022,0.521,39.6,2.912,2.912,-0.630,3.061,40.8,0.645,0.645,4.012,26.797,12.0,5.566,5.566,32.739,94.625,82.2,-3.346,-3.346,97.398,1.961,-51.5,-0.928,-0.928,1.060,-9.547,37.6,-3.758,-3.758,-6.332,-48.625,40.5,-8.836,-8.836,-48.469,-101.000,-105.9,2.686,2.686,-100.068,0.000,0.0,0.000,0.000,0.000,0.000,0.0,0.000,0.000,0.000
3070.4042,0.649,53.8,-0.099,-0.099,-0.630,3.092,23.6,2.232,2.232,4.012,26.812,4.1,6.160,6.160,32.739,94.750,78.1,-3.207,-3.207,97.398,1.839,-57.5,0.815,0.815,1.060,-9.484,34.5,-3.250,-3.250,-6.332,-48.562,41.7,-6.891,-6.891,-48.469,-101.250,-125.8,4.336,4.336,-100.068,0.000,0.0,0.000,0.000,0.000,0.000,0.0,0.000,0.000,0.000
3070.4062,0.744,49.0,-2.432,-2.432,-0.630,3.104,10.9,3.057,3.057,4.012,26.797,-0.4,5.578,5.578,32.739,94.875,67.8,-5.969,-5.969,97.398,1.714,-61.2,3.760,3.760,1.060,-9.430,29.9,-2.523,-2.523,-6.332,-48.469,41.9,-5.746,-5.746,-48.469,-101.500,-129.1,7.629,7.629,-100.068,0.000,0.0,0.000,0.000,0.000,0.000,0.0,0.000,0.000,0.000
3070.4082,0.822,41.5,-4.004,-4.004,-0.630,3.098,0.8,3.623,3.623,4.012,26.797,-3.1,7.355,7.355,32.739,95.000,57.6,-6.094,-6.094,97.398,1.642,-45.7,6.586,6.586,1.060,-9.367,27.3,-0.137,-0.137,-6.332,-48.375,42.6,-2.623,-2.623,-48.469,-101.812,-132.2,6.496,6.496,-100.068,0.000,0.0,0.000,0.000,0.000,0.000,0.0,0.000,0.000,0.000
3070.4103,0.860,25.2,-7.859,-7.859,-0.630,3.092,-1.5,4.664,4.664,4.012,26.797,2.2,9.031,9.031,32.739,95.062,36.5,-4.887,-4.887,97.398,1.613,-22.9,11.031,11.031,1.060,-9.289,32.9,0.342,0.342,-6.332,-48.281,48.3,-0.253,-0.253,-48.469,-102.062,-129.0,7.453,7.453,-100.068,0.000,0.0,0.000,0.000,0.000,0.000,0.0,0.000,0.000,0.000
3070.4123,0.822,-4.3,-12.117,-12.117,-0.630,3.088,-0.9,4.961,4.961,4.012,26.812,7.0,8.180,8.180,32.739,95.125,27.0,-3.766,-3.766,97.398,1.645,2.6,8.695,8.695,1.060,-9.203,38.2,0.436,0.436,-6.332,-48.125,63.0,-0.185,-0.185,-48.469,-102.312,-123.6,7.434,7.434,-100.068,0.000,0.0,0.000,0.000,0.000,0.000,0.0,0.000,0.000,0.000
3070.4144,0.693,-42.2,-9.234,-9.234,-0.630,3.092,1.7,5.332,5.332,4.012,26.859,16.0,7.879,7.879,32.739,95.125,15.6,-3.449,-3.449,97.398,1.751,35.0,6.379,6.379,1.060,-9.117,41.0,0.997,0.997,-6.332,-47.969,71.7,-0.589,-0.589,-48.469,-102.500,-111.2,7.316,7.316,-100.068,0.000,0.0,0.000,0.000,0.000,0.000,0.0,0.000,0.000,0.000
3070.4165,0.502,-78.4,-6.723,-6.723,-0.630,3.104,4.9,5.629,5.629,4.012,26.891,15.6,7.555,7.555,32.739,95.125,5.4,-3.010,-3.010,97.398,1.893,58.4,3.752,3.752,1.060,-9.031,43.9,1.178,1.178,-6.332,-47.812,84.2,-1.121,-1.121,-48.469,-102.688,-100.7,6.871,6.871,-100.068,0.000,0.0,0.000,0.000,0.000,0.000,0.0,0.000,0.000,0.000
3070.4182,0.289,-97.1,-3.277,-3.277,-0.630,3.133,11.7,6.027,6.027,4.012,26.938,22.0,7.348,7.348,32.739,95.125,-3.1,-3.076,-3.076,97.398,2.049,71.4,1.350,1.350,1.060,-8.953,37.5,0.848,0.848,-6.332,-47.625,88.6,-1.517,-1.517,-48.469,-102.875,-90.8,6.633,6.633,-100.068,0.000,0.0,0.000,0.000,0.000,0.000,0.0,0.000,0.000,0.000
3070.4202,0.066,-105.1,-1.479,-1.479,-0.630,3.156,13.6,6.484,6.484,4.012,27.000,26.0,7.973,7.973,32.739,95.125,-8.8,-5.484,-5.484,97.398,2.184,66.7,-0.497,-0.497,1.060,-8.859,43.7,0.506,0.506,-6.332,-47.438,90.9,-1.976,-1.976,-48.469,-103.000,-77.6,6.000,6.000,-100.068,0.000,0.0,0.000,0.000,0.000,0.000,0.0,0.000,0.000,0.000
3070.4222,-0.125,-98.2,0.276,0.276,-0.630,3.195,18.0,6.578,6.578,4.012,27.047,24.2,8.117,8.117,32.739,95.062,-18.6,-7.305,-7.305,97.398,2.316,63.7,-4.469,-4.469,1.060,-8.773,42.0,-1.426,-1.426,-6.332,-47.250,91.4,-5.598,-5.598,-48.469,-103.125,-66.7,10.945,10.945,-100.068,0.000,0.0,0.000,0.000,0.000,0.000,0.0,0.000,0.000,0.000
3070.4242,-0.254,-75.2,11.383,11.383,-0.630,3.227,16.4,1.178,1.178,4.012,27.094,22.8,2.275,2.275,32.739,95.000,-31.3,-7.695,-7.695,97.398,2.385,42.6,-7.719,-7.719,1.060,-8.711,35.8,1.132,1.132,-6.332,-47.094,83.1,-4.004,-4.004,-48.469,-103.188,-41.0,6.129,6.129,-100.068,0.000,0.0,0.000,0.000,0.000,0.000,0.0,0.000,0.000,0.000
3070.4262,-0.279,-34.4,0.678,0.678,-0.630,3.221,3.5,5.723,5.723,4.012,27.109,14.2,10.820,10.820,32.739,94.875,-46.8,-4.117,-4.117,97.398,2.406,22.5,-2.441,-2.441,1.060,-8.641,35.8,1.485,1.485,-6.332,-46.969,71.4,-2.631,-2.631,-48.469,-103.250,-28.0,3.805,3.805,-100.068,0.000,0.0,0.000,0.000,0.000,0.000,0.0,0.000,0.000,0.000
3070.4282,-0.282,-14.3,-1.906,-1.906,-0.630,3.195,-7.1,7.652,7.652,4.012,27.156,19.2,11.812,11.812,32.739,94.750,-54.9,-4.797,-4.797,97.398,2.391,4.1,-0.688,-0.688,1.060,-8.570,35.2,1.677,1.677,-6.332,-46.844,67.9,-2.816,-2.816,-48.469,-103.250,-13.3,3.191,3.191,-100.068,0.000,0.0,0.000,0.000,0.000,0.000,0.0,0.000,0.000,0.000
3070.4302,-0.279,-6.0,-3.701,-3.701,-0.630,3.180,-7.4,8.086,8.086,4.012,27.219,27.4,12.641,12.641,32.739,94.625,-62.2,-6.270,-6.270,97.398,2.363,-7.6,0.705,0.705,1.060,-8.492,37.2,1.774,1.774,-6.332,-46.719,66.6,-2.959,-2.959,-48.469,-103.250,-3.8,2.867,2.867,-100.068,0.000,0.0,0.000,0.000,0.000,0.000,0.0,0.000,0.000,0.000
3070.4322,-0.304,-12.1,-3.537,-3.537,-0.630,3.164,-7.0,8.047,8.047,4.012,27.328,43.8,12.445,12.445,32.739,94.438,-78.5,-8.148,-8.148,97.398,2.332,-14.3,-1.360,-1.360,1.060,-8.414,40.2,1.578,1.578,-6.332,-46.594,61.4,-5.125,-5.125,-48.469,-103.250,-2.2,3.766,3.766,-100.068,0.000,0.0,0.000,0.000,0.000,0.000,0.0,0.000,0.000,0.000
3070.4342,-0.333,-13.5,0.477,0.477,-0.630,3.164,-1.5,7.059,7.059,4.012,27.422,47.1,10.289,10.289,32.739,94.250,-91.8,-7.934,-7.934,97.398,2.285,-21.5,-3.010,-3.010,1.060,-8.336,37.8,0.396,0.396,-6.332,-46.500,57.2,-8.062,-8.062,-48.469,-103.250,6.0,6.211,6.211,-100.068,0.000,0.0,0.000,0.000,0.000,0.000,0.0,0.000,0.000,0.000
3070.4363,-0.361,-13.6,3.756,3.756,-0.630,3.160,-2.2,5.398,5.398,4.012,27.531,50.2,9.047,9.047,32.739,94.000,-111.8,-7.000,-7.000,97.398,2.207,-33.9,-1.691,-1.691,1.060,-8.289,27.3,-0.120,-0.120,-6.332,-46.438,40.7,-8.375,-8.375,-48.469,-103.188,15.2,6.742,6.742,-100.068,0.000,0.0,0.000,0.000,0.000,0.000,0.0,0.000,0.000,0.000
3070.4383,-0.342,0.4,3.092,3.092,-0.630,3.150,-3.9,4.676,4.676,4.012,27.609,40.7,8.258,8.258,32.739,93.750,-117.4,-5.402,-5.402,97.398,2.119,-42.9,-0.413,-0.413,1.060,-8.281,12.9,0.065,0.065,-6.332,-46.406,21.6,-8.727,-8.727,-48.469,-103.125,31.3,7.043,7.043,-100.068,0.000,0.0,0.000,0.000,0.000,0.000,0.0,0.000,0.000,0.000
3070.4403,-0.308,11.2,1.812,1.812,-0.630,3.119,-12.2,4.730,4.730,4.012,27.672,33.2,9.156,9.156,32.739,93.500,-126.0,-5.160,-5.160,97.398,2.027,-45.2,0.597,0.597,1.060,-8.305,-1.0,0.740,0.740,-6.332,-46.375,13.5,-7.762,-7.762,-48.469,-103.000,48.6,6.625,6.625,-100.068,0.000,0.0,0.000,0.000,0.000,0.000,0.0,0.000,0.000,0.000
3070.4422,-0.251,23.4,1.025,1.025,-0.630,3.076,-18.3,4.836,4.836,4.012,27.688,18.7,9.336,9.336,32.739,93.250,-126.6,-2.301,-2.301,97.398,1.942,-43.3,1.275,1.275,1.060,-8.352,-13.1,0.945,0.945,-6.332,-46.438,-7.9,-8.734,-8.734,-48.469,-102.875,58.0,7.695,7.695,-100.068,0.000,0.0,0.000,0.000,0.000,0.000,0.0,0.000,0.000,0.000
3070.4442,-0.213,20.2,0.689,0.689,-0.630,3.031,-19.1,4.039,4.039,4.012,27.656,-1.1,9.148,9.148,32.739,93.000,-118.6,-0.556,-0.556,97.398,1.857,-42.2,1.957,1.957,1.060,-8.391,-18.1,-0.059,-0.059,-6.332,-46.469,-21.6,-9.852,-9.852,-48.469,-102.688,72.0,8.867,8.867,-100.068,0.000,0.0,0.000,0.000,0.000,0.000,0.0,0.000,0.000,0.000
3070.4462,-0.147,28.5,0.470,0.470,-0.630,2.963,-27.1,2.922,2.922,4.012,27.609,-15.6,9.195,9.195,32.739,92.812,-113.5,0.635,0.635,97.398,1.789,-38.8,2.191,2.191,1.060,-8.430,-18.7,-1.828,-1.828,-6.332,-46.562,-36.8,-11.445,-11.445,-48.469,-102.500,83.0,10.008,10.008,-100.068,0.000,0.0,0.000,0.000,0.000,0.000,0.0,0.000,0.000,0.000
3070.4482,-0.097,26.1,-0.184,-0.184,-0.630,2.900,-29.8,2.359,2.359,4.012,27.531,-31.3,9.008,9.008,32.739,92.625,-86.1,1.159,1.159,97.398,1.751,-26.8,2.588,2.588,1.060,-8.477,-24.2,-3.324,-3.324,-6.332,-46.719,-55.8,-12.023,-12.023,-48.469,-102.312,103.5,9.570,9.570,-100.068,0.000,0.0,0.000,0.000,0.000,0.000,0.0,0.000,0.000,0.000
3070.4502,-0.044,26.0,-0.488,-0.488,-0.630,2.824,-35.1,2.783,2.783,4.012,27.453,-33.8,11.336,11.336,32.739,92.562,-61.5,0.540,0.540,97.398,1.720,-21.2,1.629,1.629,1.060,-8.555,-32.7,-3.467,-3.467,-6.332,-46.844,-69.8,-10.883,-10.883,-48.469,-102.062,119.1,8.062,8.062,-100.068,0.000,0.0,0.000,0.000,0.000,0.000,0.0,0.000,0.000,0.000
3070.4522,0.006,24.8,-0.841,-0.841,-0.630,2.789,-25.3,2.756,2.756,4.012,27.391,-33.6,11.258,11.258,32.739,92.500,-41.2,-0.335,-0.335,97.398,1.707,-13.5,1.044,1.044,1.060,-8.648,-40.0,-2.822,-2.822,-6.332,-47.000,-73.1,-10.336,-10.336,-48.469,-101.750,128.4,6.809,6.809,-100.068,0.000,0.0,0.000,0.000,0.000,0.000,0.0,0.000,0.000,0.000
3070.4542,0.047,22.4,-0.695,-0.695,-0.630,2.756,-20.6,2.611,2.611,4.012,27.328,-29.8,12.672,12.672,32.739,92.438,-20.1,-1.622,-1.622,97.398,1.697,-8.7,0.714,0.714,1.060,-8.742,-45.9,-2.014,-2.014,-6.332,-47.156,-68.5,-9.219,-9.219,-48.469,-101.500,130.0,4.371,4.371,-100.068,0.000,0.0,0.000,0.000,0.000,0.000,0.0,0.000,0.000,0.000
3070.4562,0.082,20.0,-0.937,-0.937,-0.630,2.758,-5.9,3.039,3.039,4.012,27.297,-21.8,12.836,12.836,32.739,92.500,-5.1,1.838,1.838,97.398,1.697,-5.2,-1.453,-1.453,1.060,-8.859,-53.1,-1.687,-1.687,-6.332,-47.281,-68.1,-8.875,-8.875,-48.469,-101.250,126.6,-1.812,-1.812,-100.068,0.000,0.0,0.000,0.000,0.000,0.000,0.0,0.000,0.000,0.000
3070.4582,0.107,15.1,0.420,0.420,-0.630,2.766,0.2,3.541,3.541,4.012,27.281,-15.2,12.391,12.391,32.739,92.562,22.7,2.521,2.521,97.398,1.697,-1.4,-1.908,-1.908,1.060,-8.969,-52.9,-2.104,-2.104,-6.332,-47.406,-55.6,-9.555,-9.555,-48.469,-101.062,106.3,-6.465,-6.465,-100.068,0.000,0.0,0.000,0.000,0.000,0.000,0.0,0.000,0.000,0.000
3070.4602,0.132,12.9,1.021,1.021,-0.630,2.789,7.2,2.420,2.420,4.012,27.281,-5.6,10.320,10.320,32.739,92.688,45.7,1.427,1.427,97.398,1.657,-14.3,-1.245,-1.245,1.060,-9.070,-50.3,-3.365,-3.365,-6.332,-47.469,-46.4,-11.633,-11.633,-48.469,-100.938,62.9,-5.281,-5.281,-100.068,0.000,0.0,0.000,0.000,0.000,0.000,0.0,0.000,0.000,0.000
3070.4622,0.179,19.8,-0.001,-0.001,-0.630,2.824,12.0,0.406,0.406,4.012,27.266,-6.1,8.242,8.242,32.739,92.812,67.7,0.730,0.730,97.398,1.660,-6.2,8.930,8.930,1.060,-9.133,-38.0,-6.977,-6.977,-6.332,-47.531,-39.3,-13.922,-13.922,-48.469,-100.938,24.0,-4.363,-4.363,-100.068,0.000,0.0,0.000,0.000,0.000,0.000,0.0,0.000,0.000,0.000
3070.4642,0.188,9.3,-7.238,-7.238,-0.630,2.836,9.2,-0.387,-0.387,4.012,27.234,-8.5,7.824,7.824,32.739,93.000,80.2,-0.078,-0.078,97.398,1.701,12.1,9.609,9.609,1.060,-9.180,-29.7,-8.984,-8.984,-6.332,-47.625,-37.0,-15.711,-15.711,-48.469,-101.062,-16.5,-2.211,-2.211,-100.068,0.000,0.0,0.000,0.000,0.000,0.000,0.0,0.000,0.000,0.000
3070.4663,0.154,-9.7,-7.102,-7.102,-0.630,2.820,-1.7,0.986,0.986,4.012,27.172,-21.0,7.004,7.004,32.739,93.188,94.8,-0.891,-0.891,97.398,1.811,39.2,6.051,6.051,1.060,-9.219,-24.1,-9.562,-9.562,-6.332,-47.719,-47.1,-14.477,-14.477,-48.469,-101.125,-40.3,0.017,0.017,-100.068,0.000,0.0,0.000,0.000,0.000,0.000,0.0,0.000,0.000,0.000
3070.4684,0.104,-20.1,-4.852,-4.852,-0.630,2.812,-4.1,1.988,1.988,4.012,27.094,-32.4,7.398,7.398,32.739,93.438,109.6,-1.657,-1.657,97.398,1.942,56.2,4.027,4.027,1.060,-9.266,-22.2,-9.297,-9.297,-6.332,-47.844,-53.7,-12.875,-12.875,-48.469,-101.312,-67.6,0.881,0.881,-100.068,0.000,0.0,0.000,0.000,0.000,0.000,0.0,0.000,0.000,0.000
3070.4703,0.028,-31.8,-3.881,-3.881,-0.630,2.814,-1.0,1.269,1.269,4.012,27.016,-38.1,6.836,6.836,32.739,93.625,111.2,-2.664,-2.664,97.398,2.100,71.5,2.672,2.672,1.060,-9.328,-29.3,-7.926,-7.926,-6.332,-47.969,-56.5,-10.656,-10.656,-48.469,-101.500,-85.4,1.154,1.154,-100.068,0.000,0.0,0.000,0.000,0.000,0.000,0.0,0.000,0.000,0.000
3070.4722,-0.038,-33.8,-3.973,-3.973,-0.630,2.812,-1.7,0.189,0.189,4.012,26.906,-47.4,5.871,5.871,32.739,93.875,113.2,-4.184,-4.184,97.398,2.250,74.1,1.445,1.445,1.060,-9.383,-30.7,-7.133,-7.133,-6.332,-48.062,-51.7,-8.742,-8.742,-48.469,-101.688,-101.7,4.844,4.844,-100.068,0.000,0.0,0.000,0.000,0.000,0.000,0.0,0.000,0.000,0.000
3070.4742,-0.104,-34.3,-2.602,-2.602,-0.630,2.818,0.5,-0.574,-0.574,4.012,26.812,-49.8,4.723,4.723,32.739,94.062,104.9,-4.328,-4.328,97.398,2.422,81.0,-0.827,-0.827,1.060,-9.453,-34.6,-5.691,-5.691,-6.332,-48.125,-41.6,-7.180,-7.180,-48.469,-101.938,-103.7,3.961,3.961,-100.068,0.000,0.0,0.000,0.000,0.000,0.000,0.0,0.000,0.000,0.000
3070.4762,-0.147,-25.9,-1.481,-1.481,-0.630,2.812,-1.7,-1.446,-1.446,4.012,26.703,-49.5,4.305,4.305,32.739,94.312,103.6,-4.926,-4.926,97.398,2.570,74.9,-1.774,-1.774,1.060,-9.500,-27.4,-4.355,-4.355,-6.332,-48.156,-21.6,-6.492,-6.492,-48.469,-102.125,-105.0,4.770,4.770,-100.068,0.000,0.0,0.000,0.000,0.000,0.000,0.0,0.000,0.000,0.000
3070.4782,-0.185,-19.8,-1.366,-1.366,-0.630,2.803,-3.9,-2.414,-2.414,4.012,26.594,-53.0,3.080,3.080,32.739,94.438,90.4,-4.414,-4.414,97.398,2.711,72.7,-1.837,-1.837,1.060,-9.547,-24.9,-5.801,-5.801,-6.332,-48.156,-5.3,-6.656,-6.656,-48.469,-102.375,-107.4,5.680,5.680,-100.068,0.000,0.0,0.000,0.000,0.000,0.000,0.0,0.000,0.000,0.000
3070.4802,-0.210,-15.3,-0.948,-0.948,-0.630,2.777,-8.9,-2.184,-2.184,4.012,26.500,-50.0,2.740,2.740,32.739,94.625,84.1,-4.508,-4.508,97.398,2.803,55.0,-3.637,-3.637,1.060,-9.602,-25.5,-4.633,-4.633,-6.332,-48.094,11.9,-7.133,-7.133,-48.469,-102.562,-107.2,5.645,5.645,-100.068,0.000,0.0,0.000,0.000,0.000,0.000,0.0,0.000,0.000,0.000
3070.4822,-0.210,-4.9,1.578,1.578,-0.630,2.746,-13.3,-0.420,-0.420,4.012,26.391,-51.9,4.641,4.641,32.739,94.750,73.4,-3.906,-3.906,97.398,2.869,37.8,-11.180,-11.180,1.060,-9.625,-18.3,-2.613,-2.613,-6.332,-48.062,16.7,-7.230,-7.230,-48.469,-102.750,-99.4,6.219,6.219,-100.068,0.000,0.0,0.000,0.000,0.000,0.000,0.0,0.000,0.000,0.000
3070.4842,-0.185,7.8,6.496,6.496,-0.630,2.721,-12.0,2.184,2.184,4.012,26.312,-44.4,6.363,6.363,32.739,94.875,64.6,-3.492,-3.492,97.398,2.846,5.0,-7.980,-7.980,1.060,-9.641,-9.5,-1.796,-1.796,-6.332,-48.031,22.1,-5.867,-5.867,-48.469,-102.938,-89.4,5.441,5.441,-100.068,0.000,0.0,0.000,0.000,0.000,0.000,0.0,0.000,0.000,0.000
3070.4862,-0.107,27.2,3.723,3.723,-0.630,2.725,-0.2,4.117,4.117,4.012,26.266,-35.5,8.648,8.648,32.739,94.938,51.2,-4.715,-4.715,97.398,2.773,-21.3,-5.934,-5.934,1.060,-9.625,-0.4,-0.553,-0.553,-6.332,-47.969,27.3,-3.939,-3.939,-48.469,-103.062,-81.6,4.840,4.840,-100.068,0.000,0.0,0.000,0.000,0.000,0.000,0.0,0.000,0.000,0.000
3070.4882,-0.006,40.2,1.416,1.416,-0.630,2.746,9.4,4.984,4.984,4.012,26.250,-13.5,9.953,9.953,32.739,95.000,37.2,-5.543,-5.543,97.398,2.654,-42.1,-1.639,-1.639,1.060,-9.578,14.6,0.441,0.441,-6.332,-47.906,29.5,-2.459,-2.459,-48.469,-103.250,-72.6,4.715,4.715,-100.068,0.000,0.0,0.000,0.000,0.000,0.000,0.0,0.000,0.000,0.000
3070.4903,0.107,49.7,-1.521,-1.521,-0.630,2.814,26.5,5.141,5.141,4.012,26.297,9.0,9.227,9.227,32.739,95.062,20.0,-5.551,-5.551,97.398,2.508,-60.9,0.318,0.318,1.060,-9.531,22.1,0.401,0.401,-6.332,-47.812,33.6,-3.402,-3.402,-48.469,-103.312,-64.0,4.379,4.379,-100.068,0.000,0.0,0.000,0.000,0.000,0.000,0.0,0.000,0.000,0.000
3070.4924,0.198,46.1,-2.947,-2.947,-0.630,2.908,40.6,4.492,4.492,4.012,26.375,30.1,8.836,8.836,32.739,95.062,5.8,-5.352,-5.352,97.398,2.373,-64.2,2.365,2.365,1.060,-9.461,30.1,-0.155,-0.155,-6.332,-47.719,42.2,-3.934,-3.934,-48.469,-103.438,-54.3,4.336,4.336,-100.068,0.000,0.0,0.000,0.000,0.000,0.000,0.0,0.000,0.000,0.000
3070.4945,0.260,35.8,-3.666,-3.666,-0.630,3.021,51.3,3.908,3.908,4.012,26.484,44.3,9.438,9.438,32.739,95.000,-11.3,-5.730,-5.730,97.398,2.244,-64.3,4.773,4.773,1.060,-9.398,31.5,0.035,0.035,-6.332,-47.625,44.1,-3.635,-3.635,-48.469,-103.500,-47.2,4.199,4.199,-100.068,0.000,0.0,0.000,0.000,0.000,0.000,0.0,0.000,0.000,0.000
3070.4965,0.289,19.0,-4.711,-4.711,-0.630,3.129,52.2,4.148,4.148,4.012,26.609,56.7,8.461,8.461,32.739,94.938,-21.7,-5.414,-5.414,97.398,2.156,-52.0,4.117,4.117,1.060,-9.336,28.8,0.093,0.093,-6.332,-47.562,43.4,-3.697,-3.697,-48.469,-103.625,-40.3,4.035,4.035,-100.068,0.000,0.0,0.000,0.000,0.000,0.000,0.0,0.000,0.000,0.000
3070.4982,0.301,9.3,-3.023,-3.023,-0.630,3.195,38.3,3.613,3.613,4.012,26.750,68.0,6.945,6.945,32.739,94.875,-33.8,-6.781,-6.781,97.398,2.084,-42.1,3.137,3.137,1.060,-9.258,35.2,-0.590,-0.590,-6.332,-47.469,41.4,-4.988,-4.988,-48.469,-103.688,-33.4,6.855,6.855,-100.068,0.000,0.0,0.000,0.000,0.000,0.000,0.0,0.000,0.000,0.000
3070.5002,0.279,-2.8,-1.166,-1.166,-0.630,3.229,23.4,3.086,3.086,4.012,26.859,60.5,5.770,5.770,32.739,94.750,-51.3,-9.102,-9.102,97.398,2.047,-27.0,3.082,3.082,1.060,-9.211,29.2,-1.271,-1.271,-6.332,-47.406,31.1,-7.262,-7.262,-48.469,-103.688,-19.5,9.031,9.031,-100.068,0.000,0.0,0.000,0.000,0.000,0.000,0.0,0.000,0.000,0.000
3070.5022,0.232,-15.1,-0.248,-0.248,-0.630,3.207,2.2,4.977,4.977,4.012,26.984,62.4,6.328,6.328,32.739,94.562,-69.1,-6.906,-6.906,97.398,2.012,-20.6,2.395,2.395,1.060,-9.164,24.0,-1.524,-1.524,-6.332,-47.406,14.4,-7.715,-7.715,-48.469,-103.688,3.7,8.719,8.719,-100.068,0.000,0.0,0.000,0.000,0.000,0.000,0.0,0.000,0.000,0.000
3070.5042,0.179,-22.8,1.229,1.229,-0.630,3.164,-12.9,4.750,4.750,4.012,27.078,50.6,4.484,4.484,32.739,94.375,-84.2,-3.730,-3.730,97.398,2.002,-11.9,1.002,1.002,1.060,-9.141,17.9,-3.127,-3.127,-6.332,-47.406,2.0,-9.914,-9.914,-48.469,-103.625,22.2,9.875,9.875,-100.068,0.000,0.0,0.000,0.000,0.000,0.000,0.0,0.000,0.000,0.000
3070.5282,0.574,36.3,0.436,0.436,-0.630,2.859,-0.9,0.925,0.925,4.012,26.906,-17.8,7.746,7.746,32.739,93.438,10.4,-2.826,-2.826,97.398,1.638,-17.6,-0.522,-0.522,1.060,-9.477,11.6,-5.113,-5.113,-6.332,-48.281,-1.6,-12.508,-12.508,-48.469,-100.625,141.5,7.672,7.672,-100.068,0.000,0.0,0.000,0.000,0.000,0.000,0.0,0.000,0.000,0.000
3070.5302,0.653,38.3,0.336,0.336,-0.630,2.869,2.8,0.930,0.930,4.012,26.875,-13.8,7.816,7.816,32.739,93.500,15.1,-2.973,-2.973,97.398,1.594,-19.2,-0.452,-0.452,1.060,-9.453,13.0,-5.289,-5.289,-6.332,-48.281,3.2,-12.953,-12.953,-48.469,-100.375,134.0,7.859,7.859,-100.068,0.000,0.0,0.000,0.000,0.000,0.000,0.0,0.000,0.000,0.000
3070.5322,0.725,38.7,0.525,0.525,-0.630,2.861,0.1,1.084,1.084,4.012,26.859,-9.6,7.605,7.605,32.739,93.500,14.3,-2.926,-2.926,97.398,1.557,-19.1,-0.534,-0.534,1.060,-9.430,12.1,-5.523,-5.523,-6.332,-48.250,9.4,-12.938,-12.938,-48.469,-100.125,128.2,8.016,8.016,-100.068,0.000,0.0,0.000,0.000,0.000,0.000,0.0,0.000,0.000,0.000
3070.5342,0.791,36.4,0.434,0.434,-0.630,2.855,-3.3,1.042,1.042,4.012,26.844,-7.3,7.363,7.363,32.739,93.562,18.3,-2.992,-2.992,97.398,1.516,-18.5,-0.397,-0.397,1.060,-9.406,11.1,-5.500,-5.500,-6.332,-48.281,1.6,-12.922,-12.922,-48.469,-99.875,121.2,8.336,8.336,-100.068,0.000,0.0,0.000,0.000,0.000,0.000,0.0,0.000,0.000,0.000
3070.5362,0.857,34.8,-1.801,-1.801,-0.630,2.859,-1.6,0.333,0.333,4.012,26.844,-6.5,4.914,4.914,32.739,93.562,17.1,0.316,0.316,97.398,1.494,-13.6,14.688,14.688,1.060,-9.391,8.3,-13.453,-13.453,-6.332,-48.281,-3.7,-16.656,-16.656,-48.469,-99.688,104.8,-5.059,-5.059,-100.068,0.000,0.0,0.000,0.000,0.000,0.000,0.0,0.000,0.000,0.000
3070.5382,0.869,15.4,-11.938,-11.938,-0.630,2.861,0.7,-0.630,-0.630,4.012,26.828,-6.8,4.332,4.332,32.739,93.625,23.5,0.546,0.546,97.398,1.578,23.0,10.742,10.742,1.060,-9.438,-12.4,-10.977,-10.977,-6.332,-48.281,-7.1,-15.953,-15.953,-48.469,-99.625,59.8,-0.134,-0.134,-100.068,0.000,0.0,0.000,0.000,0.000,0.000,0.0,0.000,0.000,0.000
3070.5402,0.810,-12.9,-7.750,-7.750,-0.630,2.846,-3.4,0.207,0.207,4.012,26.828,-7.6,4.250,4.250,32.739,93.688,27.5,0.147,0.147,97.398,1.717,53.1,3.430,3.430,1.060,-9.531,-33.7,-7.039,-7.039,-6.332,-48.344,-14.4,-15.508,-15.508,-48.469,-99.625,22.0,2.979,2.979,-100.068,0.000,0.0,0.000,0.000,0.000,0.000,0.0,0.000,0.000,0.000
3070.5422,0.690,-42.1,-1.953,-1.953,-0.630,2.834,-5.4,1.601,1.601,4.012,26.812,-9.3,5.289,5.289,32.739,93.750,40.3,-0.164,-0.164,97.398,1.870,69.0,-2.484,-2.484,1.060,-9.609,-37.1,-6.348,-6.348,-6.332,-48.375,-17.3,-13.867,-13.867,-48.469,-99.688,-9.9,3.154,3.154,-100.068,0.000,0.0,0.000,0.000,0.000,0.000,0.0,0.000,0.000,0.000
3070.5442,0.593,-45.6,2.988,2.988,-0.630,2.844,1.1,1.926,1.926,4.012,26.797,-5.8,6.039,6.039,32.739,93.875,50.6,-0.389,-0.389,97.398,1.993,63.0,-5.906,-5.906,1.060,-9.664,-30.7,-6.277,-6.277,-6.332,-48.406,-16.8,-12.391,-12.391,-48.469,-99.750,-30.1,4.223,4.223,-100.068,0.000,0.0,0.000,0.000,0.000,0.000,0.0,0.000,0.000,0.000
3070.5462,0.515,-39.0,4.617,4.617,-0.630,2.861,7.6,3.049,3.049,4.012,26.797,-3.3,9.375,9.375,32.739,94.000,56.6,-1.946,-1.946,97.398,2.064,43.5,-9.531,-9.531,1.060,-9.703,-22.5,-1.078,-1.078,-6.332,-48.438,-16.1,-6.836,-6.836,-48.469,-99.938,-60.8,0.808,0.808,-100.068,0.000,0.0,0.000,0.000,0.000,0.000,0.0,0.000,0.000,0.000
3070.5482,0.496,-18.9,4.457,4.457,-0.630,2.902,16.6,5.168,5.168,4.012,26.828,12.3,11.172,11.172,32.739,94.125,57.3,-2.299,-2.299,97.398,2.080,19.6,-8.078,-8.078,1.060,-9.695,-3.9,-0.628,-0.628,-6.332,-48.375,10.6,-4.117,-4.117,-48.469,-100.125,-83.9,1.729,1.729,-100.068,0.000,0.0,0.000,0.000,0.000,0.000,0.0,0.000,0.000,0.000
3070.5502,0.515,-0.6,2.234,2.234,-0.630,2.973,28.0,4.672,4.672,4.012,26.891,24.8,9.844,9.844,32.739,94.250,57.9,-2.268,-2.268,97.398,2.031,-8.8,-5.789,-5.789,1.060,-9.656,10.0,-1.206,-1.206,-6.332,-48.312,30.4,-4.996,-4.996,-48.469,-100.375,-106.9,3.027,3.027,-100.068,0.000,0.0,0.000,0.000,0.000,0.000,0.0,0.000,0.000,0.000
3070.5522,0.559,13.5,2.402,2.402,-0.630,3.057,36.5,3.645,3.645,4.012,26.969,35.5,8.297,8.297,32.739,94.375,57.2,-2.723,-2.723,97.398,1.961,-25.0,-4.191,-4.191,1.060,-9.594,22.2,-1.519,-1.519,-6.332,-48.188,48.2,-6.375,-6.375,-48.469,-100.625,-125.2,4.023,4.023,-100.068,0.000,0.0,0.000,0.000,0.000,0.000,0.0,0.000,0.000,0.000
3070.5542,0.618,23.4,1.990,1.990,-0.630,3.148,42.2,4.020,4.020,4.012,27.062,44.8,6.980,6.980,32.739,94.500,58.6,-4.098,-4.098,97.398,1.852,-41.8,-2.529,-2.529,1.060,-9.508,35.6,-1.736,-1.736,-6.332,-48.000,68.9,-6.418,-6.418,-48.469,-100.875,-134.0,6.246,6.246,-100.068,0.000,0.0,0.000,0.000,0.000,0.000,0.0,0.000,0.000,0.000
3070.7925,-6.594,-35.7,-5.969,-5.969,-0.630,5.531,40.2,4.250,4.250,4.012,28.297,42.8,6.758,6.758,32.739,94.812,17.1,-2.914,-2.914,97.398,3.879,2.0,8.023,8.023,1.060,-7.590,12.3,2.318,2.318,-6.332,-32.594,95.1,-10.000,-10.000,-48.469,-100.938,13.8,2.385,2.385,-100.068,0.000,0.0,0.000,0.000,0.000,0.000,0.0,0.000,0.000,0.000
3070.9251,-1.666,27.8,5.363,5.363,-0.630,6.398,-4.3,4.852,4.852,4.012,31.516,35.4,6.262,6.262,32.739,93.875,-1.2,-7.113,-7.113,97.398,-1.977,-47.6,-0.768,-0.768,1.060,-7.070,0.5,-2.104,-2.104,-6.332,-32.844,-34.2,-16.531,-16.531,-48.469,-98.188,-1.1,7.336,7.336,-100.068,0.000,0.0,0.000,0.000,0.000,0.000,0.0,0.000,0.000,0.000
3071.0606,-1.666,27.8,5.363,5.363,-0.630,6.398,-4.3,4.852,4.852,4.012,31.516,35.4,6.262,6.262,32.739,93.875,-1.2,-7.113,-7.113,97.398,-1.977,-47.6,-0.768,-0.768,1.060,-7.070,0.5,-2.104,-2.104,-6.332,-32.844,-34.2,-16.531,-16.531,-48.469,-98.188,-1.1,7.336,7.336,-100.068,0.000,0.0,0.000,0.000,0.000,0.000,0.0,0.000,0.000,0.000
3071.1967,-1.666,27.8,5.363,5.363,0.000,6.398,-4.3,4.852,4.852,0.000,31.516,35.4,6.262,6.262,0.000,93.875,-1.2,-7.113,-7.113,0.000,-1.977,-47.6,-0.768,-0.768,0.000,-7.070,0.5,-2.104,-2.104,0.000,-32.844,-34.2,-16.531,-16.531,0.000,-98.188,-1.1,7.336,7.336,0.000,0.000,0.0,0.000,0.000,0.000,0.000,0.0,0.000,0.000,0.000
3071.6519,-1.666,27.8,5.363,5.363,0.000,6.398,-4.3,4.852,4.852,0.000,31.516,35.4,6.262,6.262,0.000,93.875,-1.2,-7.113,-7.113,0.000,-1.977,-47.6,-0.768,-0.768,0.000,-7.070,0.5,-2.104,-2.104,0.000,-32.844,-34.2,-16.531,-16.531,0.000,-98.188,-1.1,7.336,7.336,0.000,0.000,0.0,0.000,0.000,0.000,0.000,0.0,0.000,0.000,0.000
3071.6539,-1.666,27.8,5.363,5.363,0.000,6.398,-4.3,4.852,4.852,0.000,31.516,35.4,6.262,6.262,0.000,93.875,-1.2,-7.113,-7.113,0.000,-1.977,-47.6,-0.768,-0.768,0.000,-7.070,0.5,-2.104,-2.104,0.000,-32.844,-34.2,-16.531,-16.531,0.000,-98.188,-1.1,7.336,7.336,0.000,0.000,0.0,0.000,0.000,0.000,0.000,0.0,0.000,0.000,0.000
3071.6559,-1.666,27.8,5.363,5.363,0.000,6.398,-4.3,4.852,4.852,0.000,31.516,35.4,6.262,6.262,0.000,93.875,-1.2,-7.113,-7.113,0.000,-1.977,-47.6,-0.768,-0.768,0.000,-7.070,0.5,-2.104,-2.104,0.000,-32.844,-34.2,-16.531,-16.531,0.000,-98.188,-1.1,7.336,7.336,0.000,0.000,0.0,0.000,0.000,0.000,0.000,0.0,0.000,0.000,0.000
3071.6579,-1.666,27.8,5.363,5.363,0.000,6.398,-4.3,4.852,4.852,0.000,31.516,35.4,6.262,6.262,0.000,93.875,-1.2,-7.113,-7.113,0.000,-1.977,-47.6,-0.768,-0.768,0.000,-7.070,0.5,-2.104,-2.104,0.000,-32.844,-34.2,-16.531,-16.531,0.000,-98.188,-1.1,7.336,7.336,0.000,0.000,0.0,0.000,0.000,0.000,0.000,0.0,0.000,0.000,0.000
3071.6599,-1.666,27.8,5.363,5.363,0.000,6.398,-4.3,4.852,4.852,0.000,31.516,35.4,6.262,6.262,0.000,93.875,-1.2,-7.113,-7.113,0.000,-1.977,-47.6,-0.768,-0.768,0.000,-7.070,0.5,-2.104,-2.104,0.000,-32.844,-34.2,-16.531,-16.531,0.000,-98.188,-1.1,7.336,7.336,0.000,0.000,0.0,0.000,0.000,0.000,0.000,0.0,0.000,0.000,0.000
3071.6619,-1.666,27.8,5.363,5.363,0.000,6.398,-4.3,4.852,4.852,0.000,31.516,35.4,6.262,6.262,0.000,93.875,-1.2,-7.113,-7.113,0.000,-1.977,-47.6,-0.768,-0.768,0.000,-7.070,0.5,-2.104,-2.104,0.000,-32.844,-34.2,-16.531,-16.531,0.000,-98.188,-1.1,7.336,7.336,0.000,0.000,0.0,0.000,0.000,0.000,0.000,0.0,0.000,0.000,0.000
3071.6639,-1.666,27.8,5.363,5.363,0.000,6.398,-4.3,4.852,4.852,0.000,31.516,35.4,6.262,6.262,0.000,93.875,-1.2,-7.113,-7.113,0.000,-1.977,-47.6,-0.768,-0.768,0.000,-7.070,0.5,-2.104,-2.104,0.000,-32.844,-34.2,-16.531,-16.531,0.000,-98.188,-1.1,7.336,7.336,0.000,0.000,0.0,0.000,0.000,0.000,0.000,0.0,0.000,0.000,0.000
3071.6659,-1.666,27.8,5.363,5.363,0.000,6.398,-4.3,4.852,4.852,0.000,31.516,35.4,6.262,6.262,0.000,93.875,-1.2,-7.113,-7.113,0.000,-1.977,-47.6,-0.768,-0.768,0.000,-7.070,0.5,-2.104,-2.104,0.000,-32.844,-34.2,-16.531,-16.531,0.000,-98.188,-1.1,7.336,7.336,0.000,0.000,0.0,0.000,0.000,0.000,0.000,0.0,0.000,0.000,0.000
3071.6679,-1.666,27.8,5.363,5.363,0.000,6.398,-4.3,4.852,4.852,0.000,31.516,35.4,6.262,6.262,0.000,93.875,-1.2,-7.113,-7.113,0.000,-1.977,-47.6,-0.768,-0.768,0.000,-7.070,0.5,-2.104,-2.104,0.000,-32.844,-34.2,-16.531,-16.531,0.000,-98.188,-1.1,7.336,7.336,0.000,0.000,0.0,0.000,0.000,0.000,0.000,0.0,0.000,0.000,0.000
3071.6699,-1.666,27.8,5.363,5.363,0.000,6.398,-4.3,4.852,4.852,0.000,31.516,35.4,6.262,6.262,0.000,93.875,-1.2,-7.113,-7.113,0.000,-1.977,-47.6,-0.768,-0.768,0.000,-7.070,0.5,-2.104,-2.104,0.000,-32.844,-34.2,-16.531,-16.531,0.000,-98.188,-1.1,7.336,7.336,0.000,0.000,0.0,0.000,0.000,0.000,0.000,0.0,0.000,0.000,0.000
3071.6719,-1.666,27.8,5.363,5.363,0.000,6.398,-4.3,4.852,4.852,0.000,31.516,35.4,6.262,6.262,0.000,93.875,-1.2,-7.113,-7.113,0.000,-1.977,-47.6,-0.768,-0.768,0.000,-7.070,0.5,-2.104,-2.104,0.000,-32.844,-34.2,-16.531,-16.531,0.000,-98.188,-1.1,7.336,7.336,0.000,0.000,0.0,0.000,0.000,0.000,0.000,0.0,0.000,0.000,0.000
3071.6739,-1.666,27.8,5.363,5.363,0.000,6.398,-4.3,4.852,4.852,0.000,31.516,35.4,6.262,6.262,0.000,93.875,-1.2,-7.113,-7.113,0.000,-1.977,-47.6,-0.768,-0.768,0.000,-7.070,0.5,-2.104,-2.104,0.000,-32.844,-34.2,-16.531,-16.531,0.000,-98.188,-1.1,7.336,7.336,0.000,0.000,0.0,0.000,0.000,0.000,0.000,0.0,0.000,0.000,0.000
3071.6759,-1.666,27.8,5.363,5.363,0.000,6.398,-4.3,4.852,4.852,0.000,31.516,35.4,6.262,6.262,0.000,93.875,-1.2,-7.113,-7.113,0.000,-1.977,-47.6,-0.768,-0.768,0.000,-7.070,0.5,-2.104,-2.104,0.000,-32.844,-34.2,-16.531,-16.531,0.000,-98.188,-1.1,7.336,7.336,0.000,0.000,0.0,0.000,0.000,0.000,0.000,0.0,0.000,0.000,0.000
3071.6779,-1.666,27.8,5.363,5.363,0.000,6.398,-4.3,4.852,4.852,0.000,31.516,35.4,6.262,6.262,0.000,93.875,-1.2,-7.113,-7.113,0.000,-1.977,-47.6,-0.768,-0.768,0.000,-7.070,0.5,-2.104,-2.104,0.000,-32.844,-34.2,-16.531,-16.531,0.000,-98.188,-1.1,7.336,7.336,0.000,0.000,0.0,0.000,0.000,0.000,0.000,0.0,0.000,0.000,0.000
3071.6799,-1.666,27.8,5.363,5.363,0.000,6.398,-4.3,4.852,4.852,0.000,31.516,35.4,6.262,6.262,0.000,93.875,-1.2,-7.113,-7.113,0.000,-1.977,-47.6,-0.768,-0.768,0.000,-7.070,0.5,-2.104,-2.104,0.000,-32.844,-34.2,-16.531,-16.531,0.000,-98.188,-1.1,7.336,7.336,0.000,0.000,0.0,0.000,0.000,0.000,0.000,0.0,0.000,0.000,0.000
3071.6819,-1.666,27.8,5.363,5.363,0.000,6.398,-4.3,4.852,4.852,0.000,31.516,35.4,6.262,6.262,0.000,93.875,-1.2,-7.113,-7.113,0.000,-1.977,-47.6,-0.768,-0.768,0.000,-7.070,0.5,-2.104,-2.104,0.000,-32.844,-34.2,-16.531,-16.531,0.000,-98.188,-1.1,7.336,7.336,0.000,0.000,0.0,0.000,0.000,0.000,0.000,0.0,0.000,0.000,0.000
3071.6839,-1.666,27.8,5.363,5.363,0.000,6.398,-4.3,4.852,4.852,0.000,31.516,35.4,6.262,6.262,0.000,93.875,-1.2,-7.113,-7.113,0.000,-1.977,-47.6,-0.768,-0.768,0.000,-7.070,0.5,-2.104,-2.104,0.000,-32.844,-34.2,-16.531,-16.531,0.000,-98.188,-1.1,7.336,7.336,0.000,0.000,0.0,0.000,0.000,0.000,0.000,0.0,0.000,0.000,0.000
3071.6859,-1.666,27.8,5.363,5.363,0.000,6.398,-4.3,4.852,4.852,0.000,31.516,35.4,6.262,6.262,0.000,93.875,-1.2,-7.113,-7.113,0.000,-1.977,-47.6,-0.768,-0.768,0.000,-7.070,0.5,-2.104,-2.104,0.000,-32.844,-34.2,-16.531,-16.531,0.000,-98.188,-1.1,7.336,7.336,0.000,0.000,0.0,0.000,0.000,0.000,0.000,0.0,0.000,0.000,0.000
3071.6879,-1.666,27.8,5.363,5.363,0.000,6.398,-4.3,4.852,4.852,0.000,31.516,35.4,6.262,6.262,0.000,93.875,-1.2,-7.113,-7.113,0.000,-1.977,-47.6,-0.768,-0.768,0.000,-7.070,0.5,-2.104,-2.104,0.000,-32.844,-34.2,-16.531,-16.531,0.000,-98.188,-1.1,7.336,7.336,0.000,0.000,0.0,0.000,0.000,0.000,0.000,0.0,0.000,0.000,0.000
3071.6899,-1.666,27.8,5.363,5.363,0.000,6.398,-4.3,4.852,4.852,0.000,31.516,35.4,6.262,6.262,0.000,93.875,-1.2,-7.113,-7.113,0.000,-1.977,-47.6,-0.768,-0.768,0.000,-7.070,0.5,-2.104,-2.104,0.000,-32.844,-34.2,-16.531,-16.531,0.000,-98.188,-1.1,7.336,7.336,0.000,0.000,0.0,0.000,0.000,0.000,0.000,0.0,0.000,0.000,0.000
3071.6919,-1.666,27.8,5.363,5.363,0.000,6.398,-4.3,4.852,4.852,0.000,31.516,35.4,6.262,6.262,0.000,93.875,-1.2,-7.113,-7.113,0.000,-1.977,-47.6,-0.768,-0.768,0.000,-7.070,0.5,-2.104,-2.104,0.000,-32.844,-34.2,-16.531,-16.531,0.000,-98.188,-1.1,7.336,7.336,0.000,0.000,0.0,0.000,0.000,0.000,0.000,0.0,0.000,0.000,0.000
3071.6939,-1.666,27.8,5.363,5.363,0.000,6.398,-4.3,4.852,4.852,0.000,31.516,35.4,6.262,6.262,0.000,93.875,-1.2,-7.113,-7.113,0.000,-1.977,-47.6,-0.768,-0.768,0.000,-7.070,0.5,-2.104,-2.104,0.000,-32.844,-34.2,-16.531,-16.531,0.000,-98.188,-1.1,7.336,7.336,0.000,0.000,0.0,0.000,0.000,0.000,0.000,0.0,0.000,0.000,0.000
3071.6959,-1.666,27.8,5.363,5.363,0.000,6.398,-4.3,4.852,4.852,0.000,31.516,35.4,6.262,6.262,0.000,93.875,-1.2,-7.113,-7.113,0.000,-1.977,-47.6,-0.768,-0.768,0.000,-7.070,0.5,-2.104,-2.104,0.000,-32.844,-34.2,-16.531,-16.531,0.000,-98.188,-1.1,7.336,7.336,0.000,0.000,0.0,0.000,0.000,0.000,0.000,0.0,0.000,0.000,0.000
3071.6979,-1.666,27.8,5.363,5.363,0.000,6.398,-4.3,4.852,4.852,0.000,31.516,35.4,6.262,6.262,0.000,93.875,-1.2,-7.113,-7.113,0.000,-1.977,-47.6,-0.768,-0.768,0.000,-7.070,0.5,-2.104,-2.104,0.000,-32.844,-34.2,-16.531,-16.531,0.000,-98.188,-1.1,7.336,7.336,0.000,0.000,0.0,0.000,0.000,0.000,0.000,0.0,0.000,0.000,0.000
3071.6999,-1.666,27.8,5.363,5.363,0.000,6.398,-4.3,4.852,4.852,0.000,31.516,35.4,6.262,6.262,0.000,93.875,-1.2,-7.113,-7.113,0.000,-1.977,-47.6,-0.768,-0.768,0.000,-7.070,0.5,-2.104,-2.104,0.000,-32.844,-34.2,-16.531,-16.531,0.000,-98.188,-1.1,7.336,7.336,0.000,0.000,0.0,0.000,0.000,0.000,0.000,0.0,0.000,0.000,0.000
3071.7019,-1.666,27.8,5.363,5.363,0.000,6.398,-4.3,4.852,4.852,0.000,31.516,35.4,6.262,6.262,0.000,93.875,-1.2,-7.113,-7.113,0.000,-1.977,-47.6,-0.768,-0.768,0.000,-7.070,0.5,-2.104,-2.104,0.000,-32.844,-34.2,-16.531,-16.531,0.000,-98.188,-1.1,7.336,7.336,0.000,0.000,0.0,0.000,0.000,0.000,0.000,0.0,0.000,0.000,0.000
3071.7039,-1.666,27.8,5.363,5.363,0.000,6.398,-4.3,4.852,4.852,0.000,31.516,35.4,6.262,6.262,0.000,93.875,-1.2,-7.113,-7.113,0.000,-1.977,-47.6,-0.768,-0.768,0.000,-7.070,0.5,-2.104,-2.104,0.000,-32.844,-34.2,-16.531,-16.531,0.000,-98.188,-1.1,7.336,7.336,0.000,0.000,0.0,0.000,0.000,0.000,0.000,0.0,0.000,0.000,0.000
3071.7059,-1.666,27.8,5.363,5.363,0.000,6.398,-4.3,4.852,4.852,0.000,31.516,35.4,6.262,6.262,0.000,93.875,-1.2,-7.113,-7.113,0.000,-1.977,-47.6,-0.768,-0.768,0.000,-7.070,0.5,-2.104,-2.104,0.000,-32.844,-34.2,-16.531,-16.531,0.000,-98.188,-1.1,7.336,7.336,0.000,0.000,0.0,0.000,0.000,0.000,0.000,0.0,0.000,0.000,0.000
3071.7079,-1.666,27.8,5.363,5.363,0.000,6.398,-4.3,4.852,4.852,0.000,31.516,35.4,6.262,6.262,0.000,93.875,-1.2,-7.113,-7.113,0.000,-1.977,-47.6,-0.768,-0.768,0.000,-7.070,0.5,-2.104,-2.104,0.000,-32.844,-34.2,-16.531,-16.531,0.000,-98.188,-1.1,7.336,7.336,0.000,0.000,0.0,0.000,0.000,0.000,0.000,0.0,0.000,0.000,0.000
3071.7099,-1.666,27.8,5.363,5.363,0.000,6.398,-4.3,4.852,4.852,0.000,31.516,35.4,6.262,6.262,0.000,93.875,-1.2,-7.113,-7.113,0.000,-1.977,-47.6,-0.768,-0.768,0.000,-7.070,0.5,-2.104,-2.104,0.000,-32.844,-34.2,-16.531,-16.531,0.000,-98.188,-1.1,7.336,7.336,0.000,0.000,0.0,0.000,0.000,0.000,0.000,0.0,0.000,0.000,0.000
3071.7119,-1.666,27.8,5.363,5.363,0.000,6.398,-4.3,4.852,4.852,0.000,31.516,35.4,6.262,6.262,0.000,93.875,-1.2,-7.113,-7.113,0.000,-1.977,-47.6,-0.768,-0.768,0.000,-7.070,0.5,-2.104,-2.104,0.000,-32.844,-34.2,-16.531,-16.531,0.000,-98.188,-1.1,7.336,7.336,0.000,0.000,0.0,0.000,0.000,0.000,0.000,0.0,0.000,0.000,0.000
3071.7139,-1.666,27.8,5.363,5.363,0.000,6.398,-4.3,4.852,4.852,0.000,31.516,35.4,6.262,6.262,0.000,93.875,-1.2,-7.113,-7.113,0.000,-1.977,-47.6,-0.768,-0.768,0.000,-7.070,0.5,-2.104,-2.104,0.000,-32.844,-34.2,-16.531,-16.531,0.000,-98.188,-1.1,7.336,7.336,0.000,0.000,0.0,0.000,0.000,0.000,0.000,0.0,0.000,0.000,0.000
3071.7159,-1.666,27.8,5.363,5.363,0.000,6.398,-4.3,4.852,4.852,0.000,31.516,35.4,6.262,6.262,0.000,93.875,-1.2,-7.113,-7.113,0.000,-1.977,-47.6,-0.768,-0.768,0.000,-7.070,0.5,-2.104,-2.104,0.000,-32.844,-34.2,-16.531,-16.531,0.000,-98.188,-1.1,7.336,7.336,0.000,0.000,0.0,0.000,0.000,0.000,0.000,0.0,0.000,0.000,0.000
3071.7179,-1.666,27.8,5.363,5.363,0.000,6.398,-4.3,4.852,4.852,0.000,31.516,35.4,6.262,6.262,0.000,93.875,-1.2,-7.113,-7.113,0.000,-1.977,-47.6,-0.768,-0.768,0.000,-7.070,0.5,-2.104,-2.104,0.000,-32.844,-34.2,-16.531,-16.531,0.000,-98.188,-1.1,7.336,7.336,0.000,0.000,0.0,0.000,0.000,0.000,0.000,0.0,0.000,0.000,0.000
3071.7199,-1.666,27.8,5.363,5.363,0.000,6.398,-4.3,4.852,4.852,0.000,31.516,35.4,6.262,6.262,0.000,93.875,-1.2,-7.113,-7.113,0.000,-1.977,-47.6,-0.768,-0.768,0.000,-7.070,0.5,-2.104,-2.104,0.000,-32.844,-34.2,-16.531,-16.531,0.000,-98.188,-1.1,7.336,7.336,0.000,0.000,0.0,0.000,0.000,0.000,0.000,0.0,0.000,0.000,0.000
3071.7219,-1.666,27.8,5.363,5.363,0.000,6.398,-4.3,4.852,4.852,0.000,31.516,35.4,6.262,6.262,0.000,93.875,-1.2,-7.113,-7.113,0.000,-1.977,-47.6,-0.768,-0.768,0.000,-7.070,0.5,-2.104,-2.104,0.000,-32.844,-34.2,-16.531,-16.531,0.000,-98.188,-1.1,7.336,7.336,0.000,0.000,0.0,0.000,0.000,0.000,0.000,0.0,0.000,0.000,0.000
3071.7239,-1.666,27.8,5.363,5.363,0.000,6.398,-4.3,4.852,4.852,0.000,31.516,35.4,6.262,6.262,0.000,93.875,-1.2,-7.113,-7.113,0.000,-1.977,-47.6,-0.768,-0.768,0.000,-7.070,0.5,-2.104,-2.104,0.000,-32.844,-34.2,-16.531,-16.531,0.000,-98.188,-1.1,7.336,7.336,0.000,0.000,0.0,0.000,0.000,0.000,0.000,0.0,0.000,0.000,0.000
3071.7259,-1.666,27.8,5.363,5.363,0.000,6.398,-4.3,4.852,4.852,0.000,31.516,35.4,6.262,6.262,0.000,93.875,-1.2,-7.113,-7.113,0.000,-1.977,-47.6,-0.768,-0.768,0.000,-7.070,0.5,-2.104,-2.104,0.000,-32.844,-34.2,-16.531,-16.531,0.000,-98.188,-1.1,7.336,7.336,0.000,0.000,0.0,0.000,0.000,0.000,0.000,0.0,0.000,0.000,0.000
3071.7279,-1.666,27.8,5.363,5.363,0.000,6.398,-4.3,4.852,4.852,0.000,31.516,35.4,6.262,6.262,0.000,93.875,-1.2,-7.113,-7.113,0.000,-1.977,-47.6,-0.768,-0.768,0.000,-7.070,0.5,-2.104,-2.104,0.000,-32.844,-34.2,-16.531,-16.531,0.000,-98.188,-1.1,7.336,7.336,0.000,0.000,0.0,0.000,0.000,0.000,0.000,0.0,0.000,0.000,0.000
3071.7299,-1.666,27.8,5.363,5.363,0.000,6.398,-4.3,4.852,4.852,0.000,31.516,35.4,6.262,6.262,0.000,93.875,-1.2,-7.113,-7.113,0.000,-1.977,-47.6,-0.768,-0.768,0.000,-7.070,0.5,-2.104,-2.104,0.000,-32.844,-34.2,-16.531,-16.531,0.000,-98.188,-1.1,7.336,7.336,0.000,0.000,0.0,0.000,0.000,0.000,0.000,0.0,0.000,0.000,0.000
3071.7319,-1.666,27.8,5.363,5.363,0.000,6.398,-4.3,4.852,4.852,0.000,31.516,35.4,6.262,6.262,0.000,93.875,-1.2,-7.113,-7.113,0.000,-1.977,-47.6,-0.768,-0.768,0.000,-7.070,0.5,-2.104,-2.104,0.000,-32.844,-34.2,-16.531,-16.531,0.000,-98.188,-1.1,7.336,7.336,0.000,0.000,0.0,0.000,0.000,0.000,0.000,0.0,0.000,0.000,0.000
3071.7339,-1.666,27.8,5.363,5.363,0.000,6.398,-4.3,4.852,4.852,0.000,31.516,35.4,6.262,6.262,0.000,93.875,-1.2,-7.113,-7.113,0.000,-1.977,-47.6,-0.768,-0.768,0.000,-7.070,0.5,-2.104,-2.104,0.000,-32.844,-34.2,-16.531,-16.531,0.000,-98.188,-1.1,7.336,7.336,0.000,0.000,0.0,0.000,0.000,0.000,0.000,0.0,0.000,0.000,0.000
3071.7359,-1.666,27.8,5.363,5.363,0.000,6.398,-4.3,4.852,4.852,0.000,31.516,35.4,6.262,6.262,0.000,93.875,-1.2,-7.113,-7.113,0.000,-1.977,-47.6,-0.768,-0.768,0.000,-7.070,0.5,-2.104,-2.104,0.000,-32.844,-34.2,-16.531,-16.531,0.000,-98.188,-1.1,7.336,7.336,0.000,0.000,0.0,0.000,0.000,0.000,0.000,0.0,0.000,0.000,0.000
3071.7379,-1.666,27.8,5.363,5.363,0.000,6.398,-4.3,4.852,4.852,0.000,31.516,35.4,6.262,6.262,0.000,93.875,-1.2,-7.113,-7.113,0.000,-1.977,-47.6,-0.768,-0.768,0.000,-7.070,0.5,-2.104,-2.104,0.000,-32.844,-34.2,-16.531,-16.531,0.000,-98.188,-1.1,7.336,7.336,0.000,0.000,0.0,0.000,0.000,0.000,0.000,0.0,0.000,0.000,0.000
3071.7399,-1.666,27.8,5.363,5.363,0.000,6.398,-4.3,4.852,4.852,0.000,31.516,35.4,6.262,6.262,0.000,93.875,-1.2,-7.113,-7.113,0.000,-1.977,-47.6,-0.768,-0.768,0.000,-7.070,0.5,-2.104,-2.104,0.000,-32.844,-34.2,-16.531,-16.531,0.000,-98.188,-1.1,7.336,7.336,0.000,0.000,0.0,0.000,0.000,0.000,0.000,0.0,0.000,0.000,0.000
3071.7419,-1.666,27.8,5.363,5.363,0.000,6.398,-4.3,4.852,4.852,0.000,31.516,35.4,6.262,6.262,0.000,93.875,-1.2,-7.113,-7.113,0.000,-1.977,-47.6,-0.768,-0.768,0.000,-7.070,0.5,-2.104,-2.104,0.000,-32.844,-34.2,-16.531,-16.531,0.000,-98.188,-1.1,7.336,7.336,0.000,0.000,0.0,0.000,0.000,0.000,0.000,0.0,0.000,0.000,0.000
3071.7439,-1.666,27.8,5.363,5.363,0.000,6.398,-4.3,4.852,4.852,0.000,31.516,35.4,6.262,6.262,0.000,93.875,-1.2,-7.113,-7.113,0.000,-1.977,-47.6,-0.768,-0.768,0.000,-7.070,0.5,-2.104,-2.104,0.000,-32.844,-34.2,-16.531,-16.531,0.000,-98.188,-1.1,7.336,7.336,0.000,0.000,0.0,0.000,0.000,0.000,0.000,0.0,0.000,0.000,0.000
3071.7459,-1.666,27.8,5.363,5.363,0.000,6.398,-4.3,4.852,4.852,0.000,31.516,35.4,6.262,6.262,0.000,93.875,-1.2,-7.113,-7.113,0.000,-1.977,-47.6,-0.768,-0.768,0.000,-7.070,0.5,-2.104,-2.104,0.000,-32.844,-34.2,-16.531,-16.531,0.000,-98.188,-1.1,7.336,7.336,0.000,0.000,0.0,0.000,0.000,0.000,0.000,0.0,0.000,0.000,0.000
3071.7479,-1.666,27.8,5.363,5.363,0.000,6.398,-4.3,4.852,4.852,0.000,31.516,35.4,6.262,6.262,0.000,93.875,-1.2,-7.113,-7.113,0.000,-1.977,-47.6,-0.768,-0.768,0.000,-7.070,0.5,-2.104,-2.104,0.000,-32.844,-34.2,-16.531,-16.531,0.000,-98.188,-1.1,7.336,7.336,0.000,0.000,0.0,0.000,0.000,0.000,0.000,0.0,0.000,0.000,0.000
3071.7499,-1.666,27.8,5.363,5.363,0.000,6.398,-4.3,4.852,4.852,0.000,31.516,35.4,6.262,6.262,0.000,93.875,-1.2,-7.113,-7.113,0.000,-1.977,-47.6,-0.768,-0.768,0.000,-7.070,0.5,-2.104,-2.104,0.000,-32.844,-34.2,-16.531,-16.531,0.000,-98.188,-1.1,7.336,7.336,0.000,0.000,0.0,0.000,0.000,0.000,0.000,0.0,0.000,0.000,0.000
3071.7519,-1.666,27.8,5.363,5.363,0.000,6.398,-4.3,4.852,4.852,0.000,31.516,35.4,6.262,6.262,0.000,93.875,-1.2,-7.113,-7.113,0.000,-1.977,-47.6,-0.768,-0.768,0.000,-7.070,0.5,-2.104,-2.104,0.000,-32.844,-34.2,-16.531,-16.531,0.000,-98.188,-1.1,7.336,7.336,0.000,0.000,0.0,0.000,0.000,0.000,0.000,0.0,0.000,0.000,0.000
3071.7539,-1.666,27.8,5.363,5.363,0.000,6.398,-4.3,4.852,4.852,0.000,31.516,35.4,6.262,6.262,0.000,93.875,-1.2,-7.113,-7.113,0.000,-1.977,-47.6,-0.768,-0.768,0.000,-7.070,0.5,-2.104,-2.104,0.000,-32.844,-34.2,-16.531,-16.531,0.000,-98.188,-1.1,7.336,7.336,0.000,0.000,0.0,0.000,0.000,0.000,0.000,0.0,0.000,0.000,0.000
3071.7559,-1.666,27.8,5.363,5.363,0.000,6.398,-4.3,4.852,4.852,0.000,31.516,35.4,6.262,6.262,0.000,93.875,-1.2,-7.113,-7.113,0.000,-1.977,-47.6,-0.768,-0.768,0.000,-7.070,0.5,-2.104,-2.104,0.000,-32.844,-34.2,-16.531,-16.531,0.000,-98.188,-1.1,7.336,7.336,0.000,0.000,0.0,0.000,0.000,0.000,0.000,0.0,0.000,0.000,0.000
3071.7579,-1.666,27.8,5.363,5.363,0.000,6.398,-4.3,4.852,4.852,0.000,31.516,35.4,6.262,6.262,0.000,93.875,-1.2,-7.113,-7.113,0.000,-1.977,-47.6,-0.768,-0.768,0.000,-7.070,0.5,-2.104,-2.104,0.000,-32.844,-34.2,-16.531,-16.531,0.000,-98.188,-1.1,7.336,7.336,0.000,0.000,0.0,0.000,0.000,0.000,0.000,0.0,0.000,0.000,0.000
3071.7599,-1.666,27.8,5.363,5.363,0.000,6.398,-4.3,4.852,4.852,0.000,31.516,35.4,6.262,6.262,0.000,93.875,-1.2,-7.113,-7.113,0.000,-1.977,-47.6,-0.768,-0.768,0.000,-7.070,0.5,-2.104,-2.104,0.000,-32.844,-34.2,-16.531,-16.531,0.000,-98.188,-1.1,7.336,7.336,0.000,0.000,0.0,0.000,0.000,0.000,0.000,0.0,0.000,0.000,0.000
3071.7619,-1.666,27.8,5.363,5.363,0.000,6.398,-4.3,4.852,4.852,0.000,31.516,35.4,6.262,6.262,0.000,93.875,-1.2,-7.113,-7.113,0.000,-1.977,-47.6,-0.768,-0.768,0.000,-7.070,0.5,-2.104,-2.104,0.000,-32.844,-34.2,-16.531,-16.531,0.000,-98.188,-1.1,7.336,7.336,0.000,0.000,0.0,0.000,0.000,0.000,0.000,0.0,0.000,0.000,0.000
3071.7639,-1.666,27.8,5.363,5.363,0.000,6.398,-4.3,4.852,4.852,0.000,31.516,35.4,6.262,6.262,0.000,93.875,-1.2,-7.113,-7.113,0.000,-1.977,-47.6,-0.768,-0.768,0.000,-7.070,0.5,-2.104,-2.104,0.000,-32.844,-34.2,-16.531,-16.531,0.000,-98.188,-1.1,7.336,7.336,0.000,0.000,0.0,0.000,0.000,0.000,0.000,0.0,0.000,0.000,0.000
3071.7659,-1.666,27.8,5.363,5.363,0.000,6.398,-4.3,4.852,4.852,0.000,31.516,35.4,6.262,6.262,0.000,93.875,-1.2,-7.113,-7.113,0.000,-1.977,-47.6,-0.768,-0.768,0.000,-7.070,0.5,-2.104,-2.104,0.000,-32.844,-34.2,-16.531,-16.531,0.000,-98.188,-1.1,7.336,7.336,0.000,0.000,0.0,0.000,0.000,0.000,0.000,0.0,0.000,0.000,0.000
3071.7679,-1.666,27.8,5.363,5.363,0.000,6.398,-4.3,4.852,4.852,0.000,31.516,35.4,6.262,6.262,0.000,93.875,-1.2,-7.113,-7.113,0.000,-1.977,-47.6,-0.768,-0.768,0.000,-7.070,0.5,-2.104,-2.104,0.000,-32.844,-34.2,-16.531,-16.531,0.000,-98.188,-1.1,7.336,7.336,0.000,0.000,0.0,0.000,0.000,0.000,0.000,0.0,0.000,0.000,0.000
3071.7699,-1.666,27.8,5.363,5.363,0.000,6.398,-4.3,4.852,4.852,0.000,31.516,35.4,6.262,6.262,0.000,93.875,-1.2,-7.113,-7.113,0.000,-1.977,-47.6,-0.768,-0.768,0.000,-7.070,0.5,-2.104,-2.104,0.000,-32.844,-34.2,-16.531,-16.531,0.000,-98.188,-1.1,7.336,7.336,0.000,0.000,0.0,0.000,0.000,0.000,0.000,0.0,0.000,0.000,0.000
3071.7719,-1.666,27.8,5.363,5.363,0.000,6.398,-4.3,4.852,4.852,0.000,31.516,35.4,6.262,6.262,0.000,93.875,-1.2,-7.113,-7.113,0.000,-1.977,-47.6,-0.768,-0.768,0.000,-7.070,0.5,-2.104,-2.104,0.000,-32.844,-34.2,-16.531,-16.531,0.000,-98.188,-1.1,7.336,7.336,0.000,0.000,0.0,0.000,0.000,0.000,0.000,0.0,0.000,0.000,0.000
3071.7739,-1.666,27.8,5.363,5.363,0.000,6.398,-4.3,4.852,4.852,0.000,31.516,35.4,6.262,6.262,0.000,93.875,-1.2,-7.113,-7.113,0.000,-1.977,-47.6,-0.768,-0.768,0.000,-7.070,0.5,-2.104,-2.104,0.000,-32.844,-34.2,-16.531,-16.531,0.000,-98.188,-1.1,7.336,7.336,0.000,0.000,0.0,0.000,0.000,0.000,0.000,0.0,0.000,0.000,0.000
3071.7759,-1.666,27.8,5.363,5.363,0.000,6.398,-4.3,4.852,4.852,0.000,31.516,35.4,6.262,6.262,0.000,93.875,-1.2,-7.113,-7.113,0.000,-1.977,-47.6,-0.768,-0.768,0.000,-7.070,0.5,-2.104,-2.104,0.000,-32.844,-34.2,-16.531,-16.531,0.000,-98.188,-1.1,7.336,7.336,0.000,0.000,0.0,0.000,0.000,0.000,0.000,0.0,0.000,0.000,0.000
3071.7779,-1.666,27.8,5.363,5.363,0.000,6.398,-4.3,4.852,4.852,0.000,31.516,35.4,6.262,6.262,0.000,93.875,-1.2,-7.113,-7.113,0.000,-1.977,-47.6,-0.768,-0.768,0.000,-7.070,0.5,-2.104,-2.104,0.000,-32.844,-34.2,-16.531,-16.531,0.000,-98.188,-1.1,7.336,7.336,0.000,0.000,0.0,0.000,0.000,0.000,0.000,0.0,0.000,0.000,0.000
3071.7799,-1.666,27.8,5.363,5.363,0.000,6.398,-4.3,4.852,4.852,0.000,31.516,35.4,6.262,6.262,0.000,93.875,-1.2,-7.113,-7.113,0.000,-1.977,-47.6,-0.768,-0.768,0.000,-7.070,0.5,-2.104,-2.104,0.000,-32.844,-34.2,-16.531,-16.531,0.000,-98.188,-1.1,7.336,7.336,0.000,0.000,0.0,0.000,0.000,0.000,0.000,0.0,0.000,0.000,0.000
3071.7819,-1.666,27.8,5.363,5.363,0.000,6.398,-4.3,4.852,4.852,0.000,31.516,35.4,6.262,6.262,0.000,93.875,-1.2,-7.113,-7.113,0.000,-1.977,-47.6,-0.768,-0.768,0.000,-7.070,0.5,-2.104,-2.104,0.000,-32.844,-34.2,-16.531,-16.531,0.000,-98.188,-1.1,7.336,7.336,0.000,0.000,0.0,0.000,0.000,0.000,0.000,0.0,0.000,0.000,0.000
3071.7839,-1.666,27.8,5.363,5.363,0.000,6.398,-4.3,4.852,4.852,0.000,31.516,35.4,6.262,6.262,0.000,93.875,-1.2,-7.113,-7.113,0.000,-1.977,-47.6,-0.768,-0.768,0.000,-7.070,0.5,-2.104,-2.104,0.000,-32.844,-34.2,-16.531,-16.531,0.000,-98.188,-1.1,7.336,7.336,0.000,0.000,0.0,0.000,0.000,0.000,0.000,0.0,0.000,0.000,0.000
3071.7859,-1.666,27.8,5.363,5.363,0.000,6.398,-4.3,4.852,4.852,0.000,31.516,35.4,6.262,6.262,0.000,93.875,-1.2,-7.113,-7.113,0.000,-1.977,-47.6,-0.768,-0.768,0.000,-7.070,0.5,-2.104,-2.104,0.000,-32.844,-34.2,-16.531,-16.531,0.000,-98.188,-1.1,7.336,7.336,0.000,0.000,0.0,0.000,0.000,0.000,0.000,0.0,0.000,0.000,0.000
3071.7879,-1.666,27.8,5.363,5.363,0.000,6.398,-4.3,4.852,4.852,0.000,31.516,35.4,6.262,6.262,0.000,93.875,-1.2,-7.113,-7.113,0.000,-1.977,-47.6,-0.768,-0.768,0.000,-7.070,0.5,-2.104,-2.104,0.000,-32.844,-34.2,-16.531,-16.531,0.000,-98.188,-1.1,7.336,7.336,0.000,0.000,0.0,0.000,0.000,0.000,0.000,0.0,0.000,0.000,0.000
3071.7899,-1.666,27.8,5.363,5.363,0.000,6.398,-4.3,4.852,4.852,0.000,31.516,35.4,6.262,6.262,0.000,93.875,-1.2,-7.113,-7.113,0.000,-1.977,-47.6,-0.768,-0.768,0.000,-7.070,0.5,-2.104,-2.104,0.000,-32.844,-34.2,-16.531,-16.531,0.000,-98.188,-1.1,7.336,7.336,0.000,0.000,0.0,0.000,0.000,0.000,0.000,0.0,0.000,0.000,0.000
3071.7919,-1.666,27.8,5.363,5.363,0.000,6.398,-4.3,4.852,4.852,0.000,31.516,35.4,6.262,6.262,0.000,93.875,-1.2,-7.113,-7.113,0.000,-1.977,-47.6,-0.768,-0.768,0.000,-7.070,0.5,-2.104,-2.104,0.000,-32.844,-34.2,-16.531,-16.531,0.000,-98.188,-1.1,7.336,7.336,0.000,0.000,0.0,0.000,0.000,0.000,0.000,0.0,0.000,0.000,0.000
3071.7939,-1.666,27.8,5.363,5.363,0.000,6.398,-4.3,4.852,4.852,0.000,31.516,35.4,6.262,6.262,0.000,93.875,-1.2,-7.113,-7.113,0.000,-1.977,-47.6,-0.768,-0.768,0.000,-7.070,0.5,-2.104,-2.104,0.000,-32.844,-34.2,-16.531,-16.531,0.000,-98.188,-1.1,7.336,7.336,0.000,0.000,0.0,0.000,0.000,0.000,0.000,0.0,0.000,0.000,0.000
3071.7959,-1.666,27.8,5.363,5.363,0.000,6.398,-4.3,4.852,4.852,0.000,31.516,35.4,6.262,6.262,0.000,93.875,-1.2,-7.113,-7.113,0.000,-1.977,-47.6,-0.768,-0.768,0.000,-7.070,0.5,-2.104,-2.104,0.000,-32.844,-34.2,-16.531,-16.531,0.000,-98.188,-1.1,7.336,7.336,0.000,0.000,0.0,0.000,0.000,0.000,0.000,0.0,0.000,0.000,0.000
3071.7979,-1.666,27.8,5.363,5.363,0.000,6.398,-4.3,4.852,4.852,0.000,31.516,35.4,6.262,6.262,0.000,93.875,-1.2,-7.113,-7.113,0.000,-1.977,-47.6,-0.768,-0.768,0.000,-7.070,0.5,-2.104,-2.104,0.000,-32.844,-34.2,-16.531,-16.531,0.000,-98.188,-1.1,7.336,7.336,0.000,0.000,0.0,0.000,0.000,0.000,0.000,0.0,0.000,0.000,0.000
3071.7999,-1.666,27.8,5.363,5.363,0.000,6.398,-4.3,4.852,4.852,0.000,31.516,35.4,6.262,6.262,0.000,93.875,-1.2,-7.113,-7.113,0.000,-1.977,-47.6,-0.768,-0.768,0.000,-7.070,0.5,-2.104,-2.104,0.000,-32.844,-34.2,-16.531,-16.531,0.000,-98.188,-1.1,7.336,7.336,0.000,0.000,0.0,0.000,0.000,0.000,0.000,0.0,0.000,0.000,0.000
3071.8019,-1.666,27.8,5.363,5.363,0.000,6.398,-4.3,4.852,4.852,0.000,31.516,35.4,6.262,6.262,0.000,93.875,-1.2,-7.113,-7.113,0.000,-1.977,-47.6,-0.768,-0.768,0.000,-7.070,0.5,-2.104,-2.104,0.000,-32.844,-34.2,-16.531,-16.531,0.000,-98.188,-1.1,7.336,7.336,0.000,0.000,0.0,0.000,0.000,0.000,0.000,0.0,0.000,0.000,0.000
3071.8039,-1.666,27.8,5.363,5.363,0.000,6.398,-4.3,4.852,4.852,0.000,31.516,35.4,6.262,6.262,0.000,93.875,-1.2,-7.113,-7.113,0.000,-1.977,-47.6,-0.768,-0.768,0.000,-7.070,0.5,-2.104,-2.104,0.000,-32.844,-34.2,-16.531,-16.531,0.000,-98.188,-1.1,7.336,7.336,0.000,0.000,0.0,0.000,0.000,0.000,0.000,0.0,0.000,0.000,0.000
3071.8059,-1.666,27.8,5.363,5.363,0.000,6.398,-4.3,4.852,4.852,0.000,31.516,35.4,6.262,6.262,0.000,93.875,-1.2,-7.113,-7.113,0.000,-1.977,-47.6,-0.768,-0.768,0.000,-7.070,0.5,-2.104,-2.104,0.000,-32.844,-34.2,-16.531,-16.531,0.000,-98.188,-1.1,7.336,7.336,0.000,0.000,0.0,0.000,0.000,0.000,0.000,0.0,0.000,0.000,0.000
3071.8079,-1.666,27.8,5.363,5.363,0.000,6.398,-4.3,4.852,4.852,0.000,31.516,35.4,6.262,6.262,0.000,93.875,-1.2,-7.113,-7.113,0.000,-1.977,-47.6,-0.768,-0.768,0.000,-7.070,0.5,-2.104,-2.104,0.000,-32.844,-34.2,-16.531,-16.531,0.000,-98.188,-1.1,7.336,7.336,0.000,0.000,0.0,0.000,0.000,0.000,0.000,0.0,0.000,0.000,0.000
3071.8099,-1.666,27.8,5.363,5.363,0.000,6.398,-4.3,4.852,4.852,0.000,31.516,35.4,6.262,6.262,0.000,93.875,-1.2,-7.113,-7.113,0.000,-1.977,-47.6,-0.768,-0.768,0.000,-7.070,0.5,-2.104,-2.104,0.000,-32.844,-34.2,-16.531,-16.531,0.000,-98.188,-1.1,7.336,7.336,0.000,0.000,0.0,0.000,0.000,0.000,0.000,0.0,0.000,0.000,0.000
3071.8119,-1.666,27.8,5.363,5.363,0.000,6.398,-4.3,4.852,4.852,0.000,31.516,35.4,6.262,6.262,0.000,93.875,-1.2,-7.113,-7.113,0.000,-1.977,-47.6,-0.768,-0.768,0.000,-7.070,0.5,-2.104,-2.104,0.000,-32.844,-34.2,-16.531,-16.531,0.000,-98.188,-1.1,7.336,7.336,0.000,0.000,0.0,0.000,0.000,0.000,0.000,0.0,0.000,0.000,0.000
3071.8139,-1.666,27.8,5.363,5.363,0.000,6.398,-4.3,4.852,4.852,0.000,31.516,35.4,6.262,6.262,0.000,93.875,-1.2,-7.113,-7.113,0.000,-1.977,-47.6,-0.768,-0.768,0.000,-7.070,0.5,-2.104,-2.104,0.000,-32.844,-34.2,-16.531,-16.531,0.000,-98.188,-1.1,7.336,7.336,0.000,0.000,0.0,0.000,0.000,0.000,0.000,0.0,0.000,0.000,0.000
3071.8159,-1.666,27.8,5.363,5.363,0.000,6.398,-4.3,4.852,4.852,0.000,31.516,35.4,6.262,6.262,0.000,93.875,-1.2,-7.113,-7.113,0.000,-1.977,-47.6,-0.768,-0.768,0.000,-7.070,0.5,-2.104,-2.104,0.000,-32.844,-34.2,-16.531,-16.531,0.000,-98.188,-1.1,7.336,7.336,0.000,0.000,0.0,0.000,0.000,0.000,0.000,0.0,0.000,0.000,0.000
3071.8179,-1.666,27.8,5.363,5.363,0.000,6.398,-4.3,4.852,4.852,0.000,31.516,35.4,6.262,6.262,0.000,93.875,-1.2,-7.113,-7.113,0.000,-1.977,-47.6,-0.768,-0.768,0.000,-7.070,0.5,-2.104,-2.104,0.000,-32.844,-34.2,-16.531,-16.531,0.000,-98.188,-1.1,7.336,7.336,0.000,0.000,0.0,0.000,0.000,0.000,0.000,0.0,0.000,0.000,0.000
3071.8199,-1.666,27.8,5.363,5.363,0.000,6.398,-4.3,4.852,4.852,0.000,31.516,35.4,6.262,6.262,0.000,93.875,-1.2,-7.113,-7.113,0.000,-1.977,-47.6,-0.768,-0.768,0.000,-7.070,0.5,-2.104,-2.104,0.000,-32.844,-34.2,-16.531,-16.531,0.000,-98.188,-1.1,7.336,7.336,0.000,0.000,0.0,0.000,0.000,0.000,0.000,0.0,0.000,0.000,0.000
3071.8219,-1.666,27.8,5.363,5.363,0.000,6.398,-4.3,4.852,4.852,0.000,31.516,35.4,6.262,6.262,0.000,93.875,-1.2,-7.113,-7.113,0.000,-1.977,-47.6,-0.768,-0.768,0.000,-7.070,0.5,-2.104,-2.104,0.000,-32.844,-34.2,-16.531,-16.531,0.000,-98.188,-1.1,7.336,7.336,0.000,0.000,0.0,0.000,0.000,0.000,0.000,0.0,0.000,0.000,0.000
3071.8239,-1.666,27.8,5.363,5.363,0.000,6.398,-4.3,4.852,4.852,0.000,31.516,35.4,6.262,6.262,0.000,93.875,-1.2,-7.113,-7.113,0.000,-1.977,-47.6,-0.768,-0.768,0.000,-7.070,0.5,-2.104,-2.104,0.000,-32.844,-34.2,-16.531,-16.531,0.000,-98.188,-1.1,7.336,7.336,0.000,0.000,0.0,0.000,0.000,0.000,0.000,0.0,0.000,0.000,0.000
3071.8259,-1.666,27.8,5.363,5.363,0.000,6.398,-4.3,4.852,4.852,0.000,31.516,35.4,6.262,6.262,0.000,93.875,-1.2,-7.113,-7.113,0.000,-1.977,-47.6,-0.768,-0.768,0.000,-7.070,0.5,-2.104,-2.104,0.000,-32.844,-34.2,-16.531,-16.531,0.000,-98.188,-1.1,7.336,7.336,0.000,0.000,0.0,0.000,0.000,0.000,0.000,0.0,0.000,0.000,0.000
3071.8279,-1.666,27.8,5.363,5.363,0.000,6.398,-4.3,4.852,4.852,0.000,31.516,35.4,6.262,6.262,0.000,93.875,-1.2,-7.113,-7.113,0.000,-1.977,-47.6,-0.768,-0.768,0.000,-7.070,0.5,-2.104,-2.104,0.000,-32.844,-34.2,-16.531,-16.531,0.000,-98.188,-1.1,7.336,7.336,0.000,0.000,0.0,0.000,0.000,0.000,0.000,0.0,0.000,0.000,0.000
3071.8299,-1.666,27.8,5.363,5.363,0.000,6.398,-4.3,4.852,4.852,0.000,31.516,35.4,6.262,6.262,0.000,93.875,-1.2,-7.113,-7.113,0.000,-1.977,-47.6,-0.768,-0.768,0.000,-7.070,0.5,-2.104,-2.104,0.000,-32.844,-34.2,-16.531,-16.531,0.000,-98.188,-1.1,7.336,7.336,0.000,0.000,0.0,0.000,0.000,0.000,0.000,0.0,0.000,0.000,0.000
3071.8319,-1.666,27.8,5.363,5.363,0.000,6.398,-4.3,4.852,4.852,0.000,31.516,35.4,6.262,6.262,0.000,93.875,-1.2,-7.113,-7.113,0.000,-1.977,-47.6,-0.768,-0.768,0.000,-7.070,0.5,-2.104,-2.104,0.000,-32.844,-34.2,-16.531,-16.531,0.000,-98.188,-1.1,7.336,7.336,0.000,0.000,0.0,0.000,0.000,0.000,0.000,0.0,0.000,0.000,0.000
3071.8339,-1.666,27.8,5.363,5.363,0.000,6.398,-4.3,4.852,4.852,0.000,31.516,35.4,6.262,6.262,0.000,93.875,-1.2,-7.113,-7.113,0.000,-1.977,-47.6,-0.768,-0.768,0.000,-7.070,0.5,-2.104,-2.104,0.000,-32.844,-34.2,-16.531,-16.531,0.000,-98.188,-1.1,7.336,7.336,0.000,0.000,0.0,0.000,0.000,0.000,0.000,0.0,0.000,0.000,0.000
3071.8359,-1.666,27.8,5.363,5.363,0.000,6.398,-4.3,4.852,4.852,0.000,31.516,35.4,6.262,6.262,0.000,93.875,-1.2,-7.113,-7.113,0.000,-1.977,-47.6,-0.768,-0.768,0.000,-7.070,0.5,-2.104,-2.104,0.000,-32.844,-34.2,-16.531,-16.531,0.000,-98.188,-1.1,7.336,7.336,0.000,0.000,0.0,0.000,0.000,0.000,0.000,0.0,0.000,0.000,0.000
3071.8379,-1.666,27.8,5.363,5.363,0.000,6.398,-4.3,4.852,4.852,0.000,31.516,35.4,6.262,6.262,0.000,93.875,-1.2,-7.113,-7.113,0.000,-1.977,-47.6,-0.768,-0.768,0.000,-7.070,0.5,-2.104,-2.104,0.000,-32.844,-34.2,-16.531,-16.531,0.000,-98.188,-1.1,7.336,7.336,0.000,0.000,0.0,0.000,0.000,0.000,0.000,0.0,0.000,0.000,0.000
3071.8399,-1.666,27.8,5.363,5.363,0.000,6.398,-4.3,4.852,4.852,0.000,31.516,35.4,6.262,6.262,0.000,93.875,-1.2,-7.113,-7.113,0.000,-1.977,-47.6,-0.768,-0.768,0.000,-7.070,0.5,-2.104,-2.104,0.000,-32.844,-34.2,-16.531,-16.531,0.000,-98.188,-1.1,7.336,7.336,0.000,0.000,0.0,0.000,0.000,0.000,0.000,0.0,0.000,0.000,0.000
3071.8419,-1.666,27.8,5.363,5.363,0.000,6.398,-4.3,4.852,4.852,0.000,31.516,35.4,6.262,6.262,0.000,93.875,-1.2,-7.113,-7.113,0.000,-1.977,-47.6,-0.768,-0.768,0.000,-7.070,0.5,-2.104,-2.104,0.000,-32.844,-34.2,-16.531,-16.531,0.000,-98.188,-1.1,7.336,7.336,0.000,0.000,0.0,0.000,0.000,0.000,0.000,0.0,0.000,0.000,0.000
3071.8439,-1.666,27.8,5.363,5.363,0.000,6.398,-4.3,4.852,4.852,0.000,31.516,35.4,6.262,6.262,0.000,93.875,-1.2,-7.113,-7.113,0.000,-1.977,-47.6,-0.768,-0.768,0.000,-7.070,0.5,-2.104,-2.104,0.000,-32.844,-34.2,-16.531,-16.531,0.000,-98.188,-1.1,7.336,7.336,0.000,0.000,0.0,0.000,0.000,0.000,0.000,0.0,0.000,0.000,0.000
3071.8459,-1.666,27.8,5.363,5.363,0.000,6.398,-4.3,4.852,4.852,0.000,31.516,35.4,6.262,6.262,0.000,93.875,-1.2,-7.113,-7.113,0.000,-1.977,-47.6,-0.768,-0.768,0.000,-7.070,0.5,-2.104,-2.104,0.000,-32.844,-34.2,-16.531,-16.531,0.000,-98.188,-1.1,7.336,7.336,0.000,0.000,0.0,0.000,0.000,0.000,0.000,0.0,0.000,0.000,0.000
3071.8479,-1.666,27.8,5.363,5.363,0.000,6.398,-4.3,4.852,4.852,0.000,31.516,35.4,6.262,6.262,0.000,93.875,-1.2,-7.113,-7.113,0.000,-1.977,-47.6,-0.768,-0.768,0.000,-7.070,0.5,-2.104,-2.104,0.000,-32.844,-34.2,-16.531,-16.531,0.000,-98.188,-1.1,7.336,7.336,0.000,0.000,0.0,0.000,0.000,0.000,0.000,0.0,0.000,0.000,0.000
3071.8499,-1.666,27.8,5.363,5.363,0.000,6.398,-4.3,4.852,4.852,0.000,31.516,35.4,6.262,6.262,0.000,93.875,-1.2,-7.113,-7.113,0.000,-1.977,-47.6,-0.768,-0.768,0.000,-7.070,0.5,-2.104,-2.104,0.000,-32.844,-34.2,-16.531,-16.531,0.000,-98.188,-1.1,7.336,7.336,0.000,0.000,0.0,0.000,0.000,0.000,0.000,0.0,0.000,0.000,0.000
3071.8519,-1.666,27.8,5.363,5.363,0.000,6.398,-4.3,4.852,4.852,0.000,31.516,35.4,6.262,6.262,0.000,93.875,-1.2,-7.113,-7.113,0.000,-1.977,-47.6,-0.768,-0.768,0.000,-7.070,0.5,-2.104,-2.104,0.000,-32.844,-34.2,-16.531,-16.531,0.000,-98.188,-1.1,7.336,7.336,0.000,0.000,0.0,0.000,0.000,0.000,0.000,0.0,0.000,0.000,0.000
3071.8539,-1.666,27.8,5.363,5.363,0.000,6.398,-4.3,4.852,4.852,0.000,31.516,35.4,6.262,6.262,0.000,93.875,-1.2,-7.113,-7.113,0.000,-1.977,-47.6,-0.768,-0.768,0.000,-7.070,0.5,-2.104,-2.104,0.000,-32.844,-34.2,-16.531,-16.531,0.000,-98.188,-1.1,7.336,7.336,0.000,0.000,0.0,0.000,0.000,0.000,0.000,0.0,0.000,0.000,0.000
3071.8559,-1.666,27.8,5.363,5.363,0.000,6.398,-4.3,4.852,4.852,0.000,31.516,35.4,6.262,6.262,0.000,93.875,-1.2,-7.113,-7.113,0.000,-1.977,-47.6,-0.768,-0.768,0.000,-7.070,0.5,-2.104,-2.104,0.000,-32.844,-34.2,-16.531,-16.531,0.000,-98.188,-1.1,7.336,7.336,0.000,0.000,0.0,0.000,0.000,0.000,0.000,0.0,0.000,0.000,0.000
3071.8579,-1.666,27.8,5.363,5.363,0.000,6.398,-4.3,4.852,4.852,0.000,31.516,35.4,6.262,6.262,0.000,93.875,-1.2,-7.113,-7.113,0.000,-1.977,-47.6,-0.768,-0.768,0.000,-7.070,0.5,-2.104,-2.104,0.000,-32.844,-34.2,-16.531,-16.531,0.000,-98.188,-1.1,7.336,7.336,0.000,0.000,0.0,0.000,0.000,0.000,0.000,0.0,0.000,0.000,0.000
3071.8599,-1.666,27.8,5.363,5.363,0.000,6.398,-4.3,4.852,4.852,0.000,31.516,35.4,6.262,6.262,0.000,93.875,-1.2,-7.113,-7.113,0.000,-1.977,-47.6,-0.768,-0.768,0.000,-7.070,0.5,-2.104,-2.104,0.000,-32.844,-34.2,-16.531,-16.531,0.000,-98.188,-1.1,7.336,7.336,0.000,0.000,0.0,0.000,0.000,0.000,0.000,0.0,0.000,0.000,0.000
3071.8619,-1.666,27.8,5.363,5.363,0.000,6.398,-4.3,4.852,4.852,0.000,31.516,35.4,6.262,6.262,0.000,93.875,-1.2,-7.113,-7.113,0.000,-1.977,-47.6,-0.768,-0.768,0.000,-7.070,0.5,-2.104,-2.104,0.000,-32.844,-34.2,-16.531,-16.531,0.000,-98.188,-1.1,7.336,7.336,0.000,0.000,0.0,0.000,0.000,0.000,0.000,0.0,0.000,0.000,0.000
3071.8639,-1.666,27.8,5.363,5.363,0.000,6.398,-4.3,4.852,4.852,0.000,31.516,35.4,6.262,6.262,0.000,93.875,-1.2,-7.113,-7.113,0.000,-1.977,-47.6,-0.768,-0.768,0.000,-7.070,0.5,-2.104,-2.104,0.000,-32.844,-34.2,-16.531,-16.531,0.000,-98.188,-1.1,7.336,7.336,0.000,0.000,0.0,0.000,0.000,0.000,0.000,0.0,0.000,0.000,0.000
3071.8659,-1.666,27.8,5.363,5.363,0.000,6.398,-4.3,4.852,4.852,0.000,31.516,35.4,6.262,6.262,0.000,93.875,-1.2,-7.113,-7.113,0.000,-1.977,-47.6,-0.768,-0.768,0.000,-7.070,0.5,-2.104,-2.104,0.000,-32.844,-34.2,-16.531,-16.531,0.000,-98.188,-1.1,7.336,7.336,0.000,0.000,0.0,0.000,0.000,0.000,0.000,0.0,0.000,0.000,0.000
3071.8679,-1.666,27.8,5.363,5.363,0.000,6.398,-4.3,4.852,4.852,0.000,31.516,35.4,6.262,6.262,0.000,93.875,-1.2,-7.113,-7.113,0.000,-1.977,-47.6,-0.768,-0.768,0.000,-7.070,0.5,-2.104,-2.104,0.000,-32.844,-34.2,-16.531,-16.531,0.000,-98.188,-1.1,7.336,7.336,0.000,0.000,0.0,0.000,0.000,0.000,0.000,0.0,0.000,0.000,0.000
3071.8699,-1.666,27.8,5.363,5.363,0.000,6.398,-4.3,4.852,4.852,0.000,31.516,35.4,6.262,6.262,0.000,93.875,-1.2,-7.113,-7.113,0.000,-1.977,-47.6,-0.768,-0.768,0.000,-7.070,0.5,-2.104,-2.104,0.000,-32.844,-34.2,-16.531,-16.531,0.000,-98.188,-1.1,7.336,7.336,0.000,0.000,0.0,0.000,0.000,0.000,0.000,0.0,0.000,0.000,0.000
3071.8719,-1.666,27.8,5.363,5.363,0.000,6.398,-4.3,4.852,4.852,0.000,31.516,35.4,6.262,6.262,0.000,93.875,-1.2,-7.113,-7.113,0.000,-1.977,-47.6,-0.768,-0.768,0.000,-7.070,0.5,-2.104,-2.104,0.000,-32.844,-34.2,-16.531,-16.531,0.000,-98.188,-1.1,7.336,7.336,0.000,0.000,0.0,0.000,0.000,0.000,0.000,0.0,0.000,0.000,0.000
3071.8739,-1.666,27.8,5.363,5.363,0.000,6.398,-4.3,4.852,4.852,0.000,31.516,35.4,6.262,6.262,0.000,93.875,-1.2,-7.113,-7.113,0.000,-1.977,-47.6,-0.768,-0.768,0.000,-7.070,0.5,-2.104,-2.104,0.000,-32.844,-34.2,-16.531,-16.531,0.000,-98.188,-1.1,7.336,7.336,0.000,0.000,0.0,0.000,0.000,0.000,0.000,0.0,0.000,0.000,0.000
3071.8759,-1.666,27.8,5.363,5.363,0.000,6.398,-4.3,4.852,4.852,0.000,31.516,35.4,6.262,6.262,0.000,93.875,-1.2,-7.113,-7.113,0.000,-1.977,-47.6,-0.768,-0.768,0.000,-7.070,0.5,-2.104,-2.104,0.000,-32.844,-34.2,-16.531,-16.531,0.000,-98.188,-1.1,7.336,7.336,0.000,0.000,0.0,0.000,0.000,0.000,0.000,0.0,0.000,0.000,0.000
3071.8779,-1.666,27.8,5.363,5.363,0.000,6.398,-4.3,4.852,4.852,0.000,31.516,35.4,6.262,6.262,0.000,93.875,-1.2,-7.113,-7.113,0.000,-1.977,-47.6,-0.768,-0.768,0.000,-7.070,0.5,-2.104,-2.104,0.000,-32.844,-34.2,-16.531,-16.531,0.000,-98.188,-1.1,7.336,7.336,0.000,0.000,0.0,0.000,0.000,0.000,0.000,0.0,0.000,0.000,0.000
3071.8799,-1.666,27.8,5.363,5.363,0.000,6.398,-4.3,4.852,4.852,0.000,31.516,35.4,6.262,6.262,0.000,93.875,-1.2,-7.113,-7.113,0.000,-1.977,-47.6,-0.768,-0.768,0.000,-7.070,0.5,-2.104,-2.104,0.000,-32.844,-34.2,-16.531,-16.531,0.000,-98.188,-1.1,7.336,7.336,0.000,0.000,0.0,0.000,0.000,0.000,0.000,0.0,0.000,0.000,0.000
3071.8819,-1.666,27.8,5.363,5.363,0.000,6.398,-4.3,4.852,4.852,0.000,31.516,35.4,6.262,6.262,0.000,93.875,-1.2,-7.113,-7.113,0.000,-1.977,-47.6,-0.768,-0.768,0.000,-7.070,0.5,-2.104,-2.104,0.000,-32.844,-34.2,-16.531,-16.531,0.000,-98.188,-1.1,7.336,7.336,0.000,0.000,0.0,0.000,0.000,0.000,0.000,0.0,0.000,0.000,0.000
3071.8839,-1.666,27.8,5.363,5.363,0.000,6.398,-4.3,4.852,4.852,0.000,31.516,35.4,6.262,6.262,0.000,93.875,-1.2,-7.113,-7.113,0.000,-1.977,-47.6,-0.768,-0.768,0.000,-7.070,0.5,-2.104,-2.104,0.000,-32.844,-34.2,-16.531,-16.531,0.000,-98.188,-1.1,7.336,7.336,0.000,0.000,0.0,0.000,0.000,0.000,0.000,0.0,0.000,0.000,0.000
3071.8859,-1.666,27.8,5.363,5.363,0.000,6.398,-4.3,4.852,4.852,0.000,31.516,35.4,6.262,6.262,0.000,93.875,-1.2,-7.113,-7.113,0.000,-1.977,-47.6,-0.768,-0.768,0.000,-7.070,0.5,-2.104,-2.104,0.000,-32.844,-34.2,-16.531,-16.531,0.000,-98.188,-1.1,7.336,7.336,0.000,0.000,0.0,0.000,0.000,0.000,0.000,0.0,0.000,0.000,0.000
3071.8879,-1.666,27.8,5.363,5.363,0.000,6.398,-4.3,4.852,4.852,0.000,31.516,35.4,6.262,6.262,0.000,93.875,-1.2,-7.113,-7.113,0.000,-1.977,-47.6,-0.768,-0.768,0.000,-7.070,0.5,-2.104,-2.104,0.000,-32.844,-34.2,-16.531,-16.531,0.000,-98.188,-1.1,7.336,7.336,0.000,0.000,0.0,0.000,0.000,0.000,0.000,0.0,0.000,0.000,0.000
3071.8899,-1.666,27.8,5.363,5.363,0.000,6.398,-4.3,4.852,4.852,0.000,31.516,35.4,6.262,6.262,0.000,93.875,-1.2,-7.113,-7.113,0.000,-1.977,-47.6,-0.768,-0.768,0.000,-7.070,0.5,-2.104,-2.104,0.000,-32.844,-34.2,-16.531,-16.531,0.000,-98.188,-1.1,7.336,7.336,0.000,0.000,0.0,0.000,0.000,0.000,0.000,0.0,0.000,0.000,0.000
3071.8919,-1.666,27.8,5.363,5.363,0.000,6.398,-4.3,4.852,4.852,0.000,31.516,35.4,6.262,6.262,0.000,93.875,-1.2,-7.113,-7.113,0.000,-1.977,-47.6,-0.768,-0.768,0.000,-7.070,0.5,-2.104,-2.104,0.000,-32.844,-34.2,-16.531,-16.531,0.000,-98.188,-1.1,7.336,7.336,0.000,0.000,0.0,0.000,0.000,0.000,0.000,0.0,0.000,0.000,0.000
3071.8939,-1.666,27.8,5.363,5.363,0.000,6.398,-4.3,4.852,4.852,0.000,31.516,35.4,6.262,6.262,0.000,93.875,-1.2,-7.113,-7.113,0.000,-1.977,-47.6,-0.768,-0.768,0.000,-7.070,0.5,-2.104,-2.104,0.000,-32.844,-34.2,-16.531,-16.531,0.000,-98.188,-1.1,7.336,7.336,0.000,0.000,0.0,0.000,0.000,0.000,0.000,0.0,0.000,0.000,0.000
3071.8959,-1.666,27.8,5.363,5.363,0.000,6.398,-4.3,4.852,4.852,0.000,31.516,35.4,6.262,6.262,0.000,93.875,-1.2,-7.113,-7.113,0.000,-1.977,-47.6,-0.768,-0.768,0.000,-7.070,0.5,-2.104,-2.104,0.000,-32.844,-34.2,-16.531,-16.531,0.000,-98.188,-1.1,7.336,7.336,0.000,0.000,0.0,0.000,0.000,0.000,0.000,0.0,0.000,0.000,0.000
3071.8979,-1.666,27.8,5.363,5.363,0.000,6.398,-4.3,4.852,4.852,0.000,31.516,35.4,6.262,6.262,0.000,93.875,-1.2,-7.113,-7.113,0.000,-1.977,-47.6,-0.768,-0.768,0.000,-7.070,0.5,-2.104,-2.104,0.000,-32.844,-34.2,-16.531,-16.531,0.000,-98.188,-1.1,7.336,7.336,0.000,0.000,0.0,0.000,0.000,0.000,0.000,0.0,0.000,0.000,0.000
3071.8999,-1.666,27.8,5.363,5.363,0.000,6.398,-4.3,4.852,4.852,0.000,31.516,35.4,6.262,6.262,0.000,93.875,-1.2,-7.113,-7.113,0.000,-1.977,-47.6,-0.768,-0.768,0.000,-7.070,0.5,-2.104,-2.104,0.000,-32.844,-34.2,-16.531,-16.531,0.000,-98.188,-1.1,7.336,7.336,0.000,0.000,0.0,0.000,0.000,0.000,0.000,0.0,0.000,0.000,0.000
3071.9019,-1.666,27.8,5.363,5.363,0.000,6.398,-4.3,4.852,4.852,0.000,31.516,35.4,6.262,6.262,0.000,93.875,-1.2,-7.113,-7.113,0.000,-1.977,-47.6,-0.768,-0.768,0.000,-7.070,0.5,-2.104,-2.104,0.000,-32.844,-34.2,-16.531,-16.531,0.000,-98.188,-1.1,7.336,7.336,0.000,0.000,0.0,0.000,0.000,0.000,0.000,0.0,0.000,0.000,0.000
3071.9039,-1.666,27.8,5.363,5.363,0.000,6.398,-4.3,4.852,4.852,0.000,31.516,35.4,6.262,6.262,0.000,93.875,-1.2,-7.113,-7.113,0.000,-1.977,-47.6,-0.768,-0.768,0.000,-7.070,0.5,-2.104,-2.104,0.000,-32.844,-34.2,-16.531,-16.531,0.000,-98.188,-1.1,7.336,7.336,0.000,0.000,0.0,0.000,0.000,0.000,0.000,0.0,0.000,0.000,0.000
3071.9059,-1.666,27.8,5.363,5.363,0.000,6.398,-4.3,4.852,4.852,0.000,31.516,35.4,6.262,6.262,0.000,93.875,-1.2,-7.113,-7.113,0.000,-1.977,-47.6,-0.768,-0.768,0.000,-7.070,0.5,-2.104,-2.104,0.000,-32.844,-34.2,-16.531,-16.531,0.000,-98.188,-1.1,7.336,7.336,0.000,0.000,0.0,0.000,0.000,0.000,0.000,0.0,0.000,0.000,0.000
3071.9079,-1.666,27.8,5.363,5.363,0.000,6.398,-4.3,4.852,4.852,0.000,31.516,35.4,6.262,6.262,0.000,93.875,-1.2,-7.113,-7.113,0.000,-1.977,-47.6,-0.768,-0.768,0.000,-7.070,0.5,-2.104,-2.104,0.000,-32.844,-34.2,-16.531,-16.531,0.000,-98.188,-1.1,7.336,7.336,0.000,0.000,0.0,0.000,0.000,0.000,0.000,0.0,0.000,0.000,0.000
3071.9099,-1.666,27.8,5.363,5.363,0.000,6.398,-4.3,4.852,4.852,0.000,31.516,35.4,6.262,6.262,0.000,93.875,-1.2,-7.113,-7.113,0.000,-1.977,-47.6,-0.768,-0.768,0.000,-7.070,0.5,-2.104,-2.104,0.000,-32.844,-34.2,-16.531,-16.531,0.000,-98.188,-1.1,7.336,7.336,0.000,0.000,0.0,0.000,0.000,0.000,0.000,0.0,0.000,0.000,0.000
3071.9119,-1.666,27.8,5.363,5.363,0.000,6.398,-4.3,4.852,4.852,0.000,31.516,35.4,6.262,6.262,0.000,93.875,-1.2,-7.113,-7.113,0.000,-1.977,-47.6,-0.768,-0.768,0.000,-7.070,0.5,-2.104,-2.104,0.000,-32.844,-34.2,-16.531,-16.531,0.000,-98.188,-1.1,7.336,7.336,0.000,0.000,0.0,0.000,0.000,0.000,0.000,0.0,0.000,0.000,0.000
3071.9139,-1.666,27.8,5.363,5.363,0.000,6.398,-4.3,4.852,4.852,0.000,31.516,35.4,6.262,6.262,0.000,93.875,-1.2,-7.113,-7.113,0.000,-1.977,-47.6,-0.768,-0.768,0.000,-7.070,0.5,-2.104,-2.104,0.000,-32.844,-34.2,-16.531,-16.531,0.000,-98.188,-1.1,7.336,7.336,0.000,0.000,0.0,0.000,0.000,0.000,0.000,0.0,0.000,0.000,0.000
3071.9159,-1.666,27.8,5.363,5.363,0.000,6.398,-4.3,4.852,4.852,0.000,31.516,35.4,6.262,6.262,0.000,93.875,-1.2,-7.113,-7.113,0.000,-1.977,-47.6,-0.768,-0.768,0.000,-7.070,0.5,-2.104,-2.104,0.000,-32.844,-34.2,-16.531,-16.531,0.000,-98.188,-1.1,7.336,7.336,0.000,0.000,0.0,0.000,0.000,0.000,0.000,0.0,0.000,0.000,0.000
3071.9179,-1.666,27.8,5.363,5.363,0.000,6.398,-4.3,4.852,4.852,0.000,31.516,35.4,6.262,6.262,0.000,93.875,-1.2,-7.113,-7.113,0.000,-1.977,-47.6,-0.768,-0.768,0.000,-7.070,0.5,-2.104,-2.104,0.000,-32.844,-34.2,-16.531,-16.531,0.000,-98.188,-1.1,7.336,7.336,0.000,0.000,0.0,0.000,0.000,0.000,0.000,0.0,0.000,0.000,0.000
3071.9199,-1.666,27.8,5.363,5.363,0.000,6.398,-4.3,4.852,4.852,0.000,31.516,35.4,6.262,6.262,0.000,93.875,-1.2,-7.113,-7.113,0.000,-1.977,-47.6,-0.768,-0.768,0.000,-7.070,0.5,-2.104,-2.104,0.000,-32.844,-34.2,-16.531,-16.531,0.000,-98.188,-1.1,7.336,7.336,0.000,0.000,0.0,0.000,0.000,0.000,0.000,0.0,0.000,0.000,0.000
3071.9219,-1.666,27.8,5.363,5.363,0.000,6.398,-4.3,4.852,4.852,0.000,31.516,35.4,6.262,6.262,0.000,93.875,-1.2,-7.113,-7.113,0.000,-1.977,-47.6,-0.768,-0.768,0.000,-7.070,0.5,-2.104,-2.104,0.000,-32.844,-34.2,-16.531,-16.531,0.000,-98.188,-1.1,7.336,7.336,0.000,0.000,0.0,0.000,0.000,0.000,0.000,0.0,0.000,0.000,0.000
3071.9239,-1.666,27.8,5.363,5.363,0.000,6.398,-4.3,4.852,4.852,0.000,31.516,35.4,6.262,6.262,0.000,93.875,-1.2,-7.113,-7.113,0.000,-1.977,-47.6,-0.768,-0.768,0.000,-7.070,0.5,-2.104,-2.104,0.000,-32.844,-34.2,-16.531,-16.531,0.000,-98.188,-1.1,7.336,7.336,0.000,0.000,0.0,0.000,0.000,0.000,0.000,0.0,0.000,0.000,0.000
3071.9259,-1.666,27.8,5.363,5.363,0.000,6.398,-4.3,4.852,4.852,0.000,31.516,35.4,6.262,6.262,0.000,93.875,-1.2,-7.113,-7.113,0.000,-1.977,-47.6,-0.768,-0.768,0.000,-7.070,0.5,-2.104,-2.104,0.000,-32.844,-34.2,-16.531,-16.531,0.000,-98.188,-1.1,7.336,7.336,0.000,0.000,0.0,0.000,0.000,0.000,0.000,0.0,0.000,0.000,0.000
3071.9279,-1.666,27.8,5.363,5.363,0.000,6.398,-4.3,4.852,4.852,0.000,31.516,35.4,6.262,6.262,0.000,93.875,-1.2,-7.113,-7.113,0.000,-1.977,-47.6,-0.768,-0.768,0.000,-7.070,0.5,-2.104,-2.104,0.000,-32.844,-34.2,-16.531,-16.531,0.000,-98.188,-1.1,7.336,7.336,0.000,0.000,0.0,0.000,0.000,0.000,0.000,0.0,0.000,0.000,0.000
3071.9299,-1.666,27.8,5.363,5.363,0.000,6.398,-4.3,4.852,4.852,0.000,31.516,35.4,6.262,6.262,0.000,93.875,-1.2,-7.113,-7.113,0.000,-1.977,-47.6,-0.768,-0.768,0.000,-7.070,0.5,-2.104,-2.104,0.000,-32.844,-34.2,-16.531,-16.531,0.000,-98.188,-1.1,7.336,7.336,0.000,0.000,0.0,0.000,0.000,0.000,0.000,0.0,0.000,0.000,0.000
3071.9319,-1.666,27.8,5.363,5.363,0.000,6.398,-4.3,4.852,4.852,0.000,31.516,35.4,6.262,6.262,0.000,93.875,-1.2,-7.113,-7.113,0.000,-1.977,-47.6,-0.768,-0.768,0.000,-7.070,0.5,-2.104,-2.104,0.000,-32.844,-34.2,-16.531,-16.531,0.000,-98.188,-1.1,7.336,7.336,0.000,0.000,0.0,0.000,0.000,0.000,0.000,0.0,0.000,0.000,0.000
3071.9339,-1.666,27.8,5.363,5.363,0.000,6.398,-4.3,4.852,4.852,0.000,31.516,35.4,6.262,6.262,0.000,93.875,-1.2,-7.113,-7.113,0.000,-1.977,-47.6,-0.768,-0.768,0.000,-7.070,0.5,-2.104,-2.104,0.000,-32.844,-34.2,-16.531,-16.531,0.000,-98.188,-1.1,7.336,7.336,0.000,0.000,0.0,0.000,0.000,0.000,0.000,0.0,0.000,0.000,0.000
3071.9359,-1.666,27.8,5.363,5.363,0.000,6.398,-4.3,4.852,4.852,0.000,31.516,35.4,6.262,6.262,0.000,93.875,-1.2,-7.113,-7.113,0.000,-1.977,-47.6,-0.768,-0.768,0.000,-7.070,0.5,-2.104,-2.104,0.000,-32.844,-34.2,-16.531,-16.531,0.000,-98.188,-1.1,7.336,7.336,0.000,0.000,0.0,0.000,0.000,0.000,0.000,0.0,0.000,0.000,0.000
3071.9379,-1.666,27.8,5.363,5.363,0.000,6.398,-4.3,4.852,4.852,0.000,31.516,35.4,6.262,6.262,0.000,93.875,-1.2,-7.113,-7.113,0.000,-1.977,-47.6,-0.768,-0.768,0.000,-7.070,0.5,-2.104,-2.104,0.000,-32.844,-34.2,-16.531,-16.531,0.000,-98.188,-1.1,7.336,7.336,0.000,0.000,0.0,0.000,0.000,0.000,0.000,0.0,0.000,0.000,0.000
3071.9399,-1.666,27.8,5.363,5.363,0.000,6.398,-4.3,4.852,4.852,0.000,31.516,35.4,6.262,6.262,0.000,93.875,-1.2,-7.113,-7.113,0.000,-1.977,-47.6,-0.768,-0.768,0.000,-7.070,0.5,-2.104,-2.104,0.000,-32.844,-34.2,-16.531,-16.531,0.000,-98.188,-1.1,7.336,7.336,0.000,0.000,0.0,0.000,0.000,0.000,0.000,0.0,0.000,0.000,0.000
3071.9419,-1.666,27.8,5.363,5.363,0.000,6.398,-4.3,4.852,4.852,0.000,31.516,35.4,6.262,6.262,0.000,93.875,-1.2,-7.113,-7.113,0.000,-1.977,-47.6,-0.768,-0.768,0.000,-7.070,0.5,-2.104,-2.104,0.000,-32.844,-34.2,-16.531,-16.531,0.000,-98.188,-1.1,7.336,7.336,0.000,0.000,0.0,0.000,0.000,0.000,0.000,0.0,0.000,0.000,0.000
3071.9439,-1.666,27.8,5.363,5.363,0.000,6.398,-4.3,4.852,4.852,0.000,31.516,35.4,6.262,6.262,0.000,93.875,-1.2,-7.113,-7.113,0.000,-1.977,-47.6,-0.768,-0.768,0.000,-7.070,0.5,-2.104,-2.104,0.000,-32.844,-34.2,-16.531,-16.531,0.000,-98.188,-1.1,7.336,7.336,0.000,0.000,0.0,0.000,0.000,0.000,0.000,0.0,0.000,0.000,0.000
3071.9459,-1.666,27.8,5.363,5.363,0.000,6.398,-4.3,4.852,4.852,0.000,31.516,35.4,6.262,6.262,0.000,93.875,-1.2,-7.113,-7.113,0.000,-1.977,-47.6,-0.768,-0.768,0.000,-7.070,0.5,-2.104,-2.104,0.000,-32.844,-34.2,-16.531,-16.531,0.000,-98.188,-1.1,7.336,7.336,0.000,0.000,0.0,0.000,0.000,0.000,0.000,0.0,0.000,0.000,0.000
3071.9479,-1.666,27.8,5.363,5.363,0.000,6.398,-4.3,4.852,4.852,0.000,31.516,35.4,6.262,6.262,0.000,93.875,-1.2,-7.113,-7.113,0.000,-1.977,-47.6,-0.768,-0.768,0.000,-7.070,0.5,-2.104,-2.104,0.000,-32.844,-34.2,-16.531,-16.531,0.000,-98.188,-1.1,7.336,7.336,0.000,0.000,0.0,0.000,0.000,0.000,0.000,0.0,0.000,0.000,0.000
3071.9499,-1.666,27.8,5.363,5.363,0.000,6.398,-4.3,4.852,4.852,0.000,31.516,35.4,6.262,6.262,0.000,93.875,-1.2,-7.113,-7.113,0.000,-1.977,-47.6,-0.768,-0.768,0.000,-7.070,0.5,-2.104,-2.104,0.000,-32.844,-34.2,-16.531,-16.531,0.000,-98.188,-1.1,7.336,7.336,0.000,0.000,0.0,0.000,0.000,0.000,0.000,0.0,0.000,0.000,0.000
3071.9519,-1.666,27.8,5.363,5.363,0.000,6.398,-4.3,4.852,4.852,0.000,31.516,35.4,6.262,6.262,0.000,93.875,-1.2,-7.113,-7.113,0.000,-1.977,-47.6,-0.768,-0.768,0.000,-7.070,0.5,-2.104,-2.104,0.000,-32.844,-34.2,-16.531,-16.531,0.000,-98.188,-1.1,7.336,7.336,0.000,0.000,0.0,0.000,0.000,0.000,0.000,0.0,0.000,0.000,0.000
3071.9539,-1.666,27.8,5.363,5.363,0.000,6.398,-4.3,4.852,4.852,0.000,31.516,35.4,6.262,6.262,0.000,93.875,-1.2,-7.113,-7.113,0.000,-1.977,-47.6,-0.768,-0.768,0.000,-7.070,0.5,-2.104,-2.104,0.000,-32.844,-34.2,-16.531,-16.531,0.000,-98.188,-1.1,7.336,7.336,0.000,0.000,0.0,0.000,0.000,0.000,0.000,0.0,0.000,0.000,0.000
3071.9559,-1.666,27.8,5.363,5.363,0.000,6.398,-4.3,4.852,4.852,0.000,31.516,35.4,6.262,6.262,0.000,93.875,-1.2,-7.113,-7.113,0.000,-1.977,-47.6,-0.768,-0.768,0.000,-7.070,0.5,-2.104,-2.104,0.000,-32.844,-34.2,-16.531,-16.531,0.000,-98.188,-1.1,7.336,7.336,0.000,0.000,0.0,0.000,0.000,0.000,0.000,0.0,0.000,0.000,0.000
3071.9579,-1.666,27.8,5.363,5.363,0.000,6.398,-4.3,4.852,4.852,0.000,31.516,35.4,6.262,6.262,0.000,93.875,-1.2,-7.113,-7.113,0.000,-1.977,-47.6,-0.768,-0.768,0.000,-7.070,0.5,-2.104,-2.104,0.000,-32.844,-34.2,-16.531,-16.531,0.000,-98.188,-1.1,7.336,7.336,0.000,0.000,0.0,0.000,0.000,0.000,0.000,0.0,0.000,0.000,0.000
3071.9599,-1.666,27.8,5.363,5.363,0.000,6.398,-4.3,4.852,4.852,0.000,31.516,35.4,6.262,6.262,0.000,93.875,-1.2,-7.113,-7.113,0.000,-1.977,-47.6,-0.768,-0.768,0.000,-7.070,0.5,-2.104,-2.104,0.000,-32.844,-34.2,-16.531,-16.531,0.000,-98.188,-1.1,7.336,7.336,0.000,0.000,0.0,0.000,0.000,0.000,0.000,0.0,0.000,0.000,0.000
3071.9619,-1.666,27.8,5.363,5.363,0.000,6.398,-4.3,4.852,4.852,0.000,31.516,35.4,6.262,6.262,0.000,93.875,-1.2,-7.113,-7.113,0.000,-1.977,-47.6,-0.768,-0.768,0.000,-7.070,0.5,-2.104,-2.104,0.000,-32.844,-34.2,-16.531,-16.531,0.000,-98.188,-1.1,7.336,7.336,0.000,0.000,0.0,0.000,0.000,0.000,0.000,0.0,0.000,0.000,0.000
3071.9639,-1.666,27.8,5.363,5.363,0.000,6.398,-4.3,4.852,4.852,0.000,31.516,35.4,6.262,6.262,0.000,93.875,-1.2,-7.113,-7.113,0.000,-1.977,-47.6,-0.768,-0.768,0.000,-7.070,0.5,-2.104,-2.104,0.000,-32.844,-34.2,-16.531,-16.531,0.000,-98.188,-1.1,7.336,7.336,0.000,0.000,0.0,0.000,0.000,0.000,0.000,0.0,0.000,0.000,0.000
3071.9659,-1.666,27.8,5.363,5.363,0.000,6.398,-4.3,4.852,4.852,0.000,31.516,35.4,6.262,6.262,0.000,93.875,-1.2,-7.113,-7.113,0.000,-1.977,-47.6,-0.768,-0.768,0.000,-7.070,0.5,-2.104,-2.104,0.000,-32.844,-34.2,-16.531,-16.531,0.000,-98.188,-1.1,7.336,7.336,0.000,0.000,0.0,0.000,0.000,0.000,0.000,0.0,0.000,0.000,0.000
3071.9679,-1.666,27.8,5.363,5.363,0.000,6.398,-4.3,4.852,4.852,0.000,31.516,35.4,6.262,6.262,0.000,93.875,-1.2,-7.113,-7.113,0.000,-1.977,-47.6,-0.768,-0.768,0.000,-7.070,0.5,-2.104,-2.104,0.000,-32.844,-34.2,-16.531,-16.531,0.000,-98.188,-1.1,7.336,7.336,0.000,0.000,0.0,0.000,0.000,0.000,0.000,0.0,0.000,0.000,0.000
3071.9699,-1.666,27.8,5.363,5.363,0.000,6.398,-4.3,4.852,4.852,0.000,31.516,35.4,6.262,6.262,0.000,93.875,-1.2,-7.113,-7.113,0.000,-1.977,-47.6,-0.768,-0.768,0.000,-7.070,0.5,-2.104,-2.104,0.000,-32.844,-34.2,-16.531,-16.531,0.000,-98.188,-1.1,7.336,7.336,0.000,0.000,0.0,0.000,0.000,0.000,0.000,0.0,0.000,0.000,0.000
3071.9719,-1.666,27.8,5.363,5.363,0.000,6.398,-4.3,4.852,4.852,0.000,31.516,35.4,6.262,6.262,0.000,93.875,-1.2,-7.113,-7.113,0.000,-1.977,-47.6,-0.768,-0.768,0.000,-7.070,0.5,-2.104,-2.104,0.000,-32.844,-34.2,-16.531,-16.531,0.000,-98.188,-1.1,7.336,7.336,0.000,0.000,0.0,0.000,0.000,0.000,0.000,0.0,0.000,0.000,0.000
3071.9739,-1.666,27.8,5.363,5.363,0.000,6.398,-4.3,4.852,4.852,0.000,31.516,35.4,6.262,6.262,0.000,93.875,-1.2,-7.113,-7.113,0.000,-1.977,-47.6,-0.768,-0.768,0.000,-7.070,0.5,-2.104,-2.104,0.000,-32.844,-34.2,-16.531,-16.531,0.000,-98.188,-1.1,7.336,7.336,0.000,0.000,0.0,0.000,0.000,0.000,0.000,0.0,0.000,0.000,0.000
3071.9759,-1.666,27.8,5.363,5.363,0.000,6.398,-4.3,4.852,4.852,0.000,31.516,35.4,6.262,6.262,0.000,93.875,-1.2,-7.113,-7.113,0.000,-1.977,-47.6,-0.768,-0.768,0.000,-7.070,0.5,-2.104,-2.104,0.000,-32.844,-34.2,-16.531,-16.531,0.000,-98.188,-1.1,7.336,7.336,0.000,0.000,0.0,0.000,0.000,0.000,0.000,0.0,0.000,0.000,0.000
3071.9779,-1.666,27.8,5.363,5.363,0.000,6.398,-4.3,4.852,4.852,0.000,31.516,35.4,6.262,6.262,0.000,93.875,-1.2,-7.113,-7.113,0.000,-1.977,-47.6,-0.768,-0.768,0.000,-7.070,0.5,-2.104,-2.104,0.000,-32.844,-34.2,-16.531,-16.531,0.000,-98.188,-1.1,7.336,7.336,0.000,0.000,0.0,0.000,0.000,0.000,0.000,0.0,0.000,0.000,0.000
3071.9799,-1.666,27.8,5.363,5.363,0.000,6.398,-4.3,4.852,4.852,0.000,31.516,35.4,6.262,6.262,0.000,93.875,-1.2,-7.113,-7.113,0.000,-1.977,-47.6,-0.768,-0.768,0.000,-7.070,0.5,-2.104,-2.104,0.000,-32.844,-34.2,-16.531,-16.531,0.000,-98.188,-1.1,7.336,7.336,0.000,0.000,0.0,0.000,0.000,0.000,0.000,0.0,0.000,0.000,0.000
3071.9819,-1.666,27.8,5.363,5.363,0.000,6.398,-4.3,4.852,4.852,0.000,31.516,35.4,6.262,6.262,0.000,93.875,-1.2,-7.113,-7.113,0.000,-1.977,-47.6,-0.768,-0.768,0.000,-7.070,0.5,-2.104,-2.104,0.000,-32.844,-34.2,-16.531,-16.531,0.000,-98.188,-1.1,7.336,7.336,0.000,0.000,0.0,0.000,0.000,0.000,0.000,0.0,0.000,0.000,0.000
3071.9839,-1.666,27.8,5.363,5.363,0.000,6.398,-4.3,4.852,4.852,0.000,31.516,35.4,6.262,6.262,0.000,93.875,-1.2,-7.113,-7.113,0.000,-1.977,-47.6,-0.768,-0.768,0.000,-7.070,0.5,-2.104,-2.104,0.000,-32.844,-34.2,-16.531,-16.531,0.000,-98.188,-1.1,7.336,7.336,0.000,0.000,0.0,0.000,0.000,0.000,0.000,0.0,0.000,0.000,0.000
3071.9859,-1.666,27.8,5.363,5.363,0.000,6.398,-4.3,4.852,4.852,0.000,31.516,35.4,6.262,6.262,0.000,93.875,-1.2,-7.113,-7.113,0.000,-1.977,-47.6,-0.768,-0.768,0.000,-7.070,0.5,-2.104,-2.104,0.000,-32.844,-34.2,-16.531,-16.531,0.000,-98.188,-1.1,7.336,7.336,0.000,0.000,0.0,0.000,0.000,0.000,0.000,0.0,0.000,0.000,0.000
3071.9879,-1.666,27.8,5.363,5.363,0.000,6.398,-4.3,4.852,4.852,0.000,31.516,35.4,6.262,6.262,0.000,93.875,-1.2,-7.113,-7.113,0.000,-1.977,-47.6,-0.768,-0.768,0.000,-7.070,0.5,-2.104,-2.104,0.000,-32.844,-34.2,-16.531,-16.531,0.000,-98.188,-1.1,7.336,7.336,0.000,0.000,0.0,0.000,0.000,0.000,0.000,0.0,0.000,0.000,0.000
3071.9899,-1.666,27.8,5.363,5.363,0.000,6.398,-4.3,4.852,4.852,0.000,31.516,35.4,6.262,6.262,0.000,93.875,-1.2,-7.113,-7.113,0.000,-1.977,-47.6,-0.768,-0.768,0.000,-7.070,0.5,-2.104,-2.104,0.000,-32.844,-34.2,-16.531,-16.531,0.000,-98.188,-1.1,7.336,7.336,0.000,0.000,0.0,0.000,0.000,0.000,0.000,0.0,0.000,0.000,0.000
3071.9919,-1.666,27.8,5.363,5.363,0.000,6.398,-4.3,4.852,4.852,0.000,31.516,35.4,6.262,6.262,0.000,93.875,-1.2,-7.113,-7.113,0.000,-1.977,-47.6,-0.768,-0.768,0.000,-7.070,0.5,-2.104,-2.104,0.000,-32.844,-34.2,-16.531,-16.531,0.000,-98.188,-1.1,7.336,7.336,0.000,0.000,0.0,0.000,0.000,0.000,0.000,0.0,0.000,0.000,0.000
3071.9939,-1.666,27.8,5.363,5.363,0.000,6.398,-4.3,4.852,4.852,0.000,31.516,35.4,6.262,6.262,0.000,93.875,-1.2,-7.113,-7.113,0.000,-1.977,-47.6,-0.768,-0.768,0.000,-7.070,0.5,-2.104,-2.104,0.000,-32.844,-34.2,-16.531,-16.531,0.000,-98.188,-1.1,7.336,7.336,0.000,0.000,0.0,0.000,0.000,0.000,0.000,0.0,0.000,0.000,0.000
3071.9959,-1.666,27.8,5.363,5.363,0.000,6.398,-4.3,4.852,4.852,0.000,31.516,35.4,6.262,6.262,0.000,93.875,-1.2,-7.113,-7.113,0.000,-1.977,-47.6,-0.768,-0.768,0.000,-7.070,0.5,-2.104,-2.104,0.000,-32.844,-34.2,-16.531,-16.531,0.000,-98.188,-1.1,7.336,7.336,0.000,0.000,0.0,0.000,0.000,0.000,0.000,0.0,0.000,0.000,0.000
3071.9979,-1.666,27.8,5.363,5.363,0.000,6.398,-4.3,4.852,4.852,0.000,31.516,35.4,6.262,6.262,0.000,93.875,-1.2,-7.113,-7.113,0.000,-1.977,-47.6,-0.768,-0.768,0.000,-7.070,0.5,-2.104,-2.104,0.000,-32.844,-34.2,-16.531,-16.531,0.000,-98.188,-1.1,7.336,7.336,0.000,0.000,0.0,0.000,0.000,0.000,0.000,0.0,0.000,0.000,0.000
3071.9999,-1.666,27.8,5.363,5.363,0.000,6.398,-4.3,4.852,4.852,0.000,31.516,35.4,6.262,6.262,0.000,93.875,-1.2,-7.113,-7.113,0.000,-1.977,-47.6,-0.768,-0.768,0.000,-7.070,0.5,-2.104,-2.104,0.000,-32.844,-34.2,-16.531,-16.531,0.000,-98.188,-1.1,7.336,7.336,0.000,0.000,0.0,0.000,0.000,0.000,0.000,0.0,0.000,0.000,0.000
3072.0019,-1.666,27.8,5.363,5.363,0.000,6.398,-4.3,4.852,4.852,0.000,31.516,35.4,6.262,6.262,0.000,93.875,-1.2,-7.113,-7.113,0.000,-1.977,-47.6,-0.768,-0.768,0.000,-7.070,0.5,-2.104,-2.104,0.000,-32.844,-34.2,-16.531,-16.531,0.000,-98.188,-1.1,7.336,7.336,0.000,0.000,0.0,0.000,0.000,0.000,0.000,0.0,0.000,0.000,0.000
3072.0039,-1.666,27.8,5.363,5.363,0.000,6.398,-4.3,4.852,4.852,0.000,31.516,35.4,6.262,6.262,0.000,93.875,-1.2,-7.113,-7.113,0.000,-1.977,-47.6,-0.768,-0.768,0.000,-7.070,0.5,-2.104,-2.104,0.000,-32.844,-34.2,-16.531,-16.531,0.000,-98.188,-1.1,7.336,7.336,0.000,0.000,0.0,0.000,0.000,0.000,0.000,0.0,0.000,0.000,0.000
3072.0059,-1.666,27.8,5.363,5.363,0.000,6.398,-4.3,4.852,4.852,0.000,31.516,35.4,6.262,6.262,0.000,93.875,-1.2,-7.113,-7.113,0.000,-1.977,-47.6,-0.768,-0.768,0.000,-7.070,0.5,-2.104,-2.104,0.000,-32.844,-34.2,-16.531,-16.531,0.000,-98.188,-1.1,7.336,7.336,0.000,0.000,0.0,0.000,0.000,0.000,0.000,0.0,0.000,0.000,0.000
3072.0079,-1.666,27.8,5.363,5.363,0.000,6.398,-4.3,4.852,4.852,0.000,31.516,35.4,6.262,6.262,0.000,93.875,-1.2,-7.113,-7.113,0.000,-1.977,-47.6,-0.768,-0.768,0.000,-7.070,0.5,-2.104,-2.104,0.000,-32.844,-34.2,-16.531,-16.531,0.000,-98.188,-1.1,7.336,7.336,0.000,0.000,0.0,0.000,0.000,0.000,0.000,0.0,0.000,0.000,0.000
3072.0099,-1.666,27.8,5.363,5.363,0.000,6.398,-4.3,4.852,4.852,0.000,31.516,35.4,6.262,6.262,0.000,93.875,-1.2,-7.113,-7.113,0.000,-1.977,-47.6,-0.768,-0.768,0.000,-7.070,0.5,-2.104,-2.104,0.000,-32.844,-34.2,-16.531,-16.531,0.000,-98.188,-1.1,7.336,7.336,0.000,0.000,0.0,0.000,0.000,0.000,0.000,0.0,0.000,0.000,0.000
3072.0119,-1.666,27.8,5.363,5.363,0.000,6.398,-4.3,4.852,4.852,0.000,31.516,35.4,6.262,6.262,0.000,93.875,-1.2,-7.113,-7.113,0.000,-1.977,-47.6,-0.768,-0.768,0.000,-7.070,0.5,-2.104,-2.104,0.000,-32.844,-34.2,-16.531,-16.531,0.000,-98.188,-1.1,7.336,7.336,0.000,0.000,0.0,0.000,0.000,0.000,0.000,0.0,0.000,0.000,0.000
3072.0139,-1.666,27.8,5.363,5.363,0.000,6.398,-4.3,4.852,4.852,0.000,31.516,35.4,6.262,6.262,0.000,93.875,-1.2,-7.113,-7.113,0.000,-1.977,-47.6,-0.768,-0.768,0.000,-7.070,0.5,-2.104,-2.104,0.000,-32.844,-34.2,-16.531,-16.531,0.000,-98.188,-1.1,7.336,7.336,0.000,0.000,0.0,0.000,0.000,0.000,0.000,0.0,0.000,0.000,0.000
3072.0159,-1.666,27.8,5.363,5.363,0.000,6.398,-4.3,4.852,4.852,0.000,31.516,35.4,6.262,6.262,0.000,93.875,-1.2,-7.113,-7.113,0.000,-1.977,-47.6,-0.768,-0.768,0.000,-7.070,0.5,-2.104,-2.104,0.000,-32.844,-34.2,-16.531,-16.531,0.000,-98.188,-1.1,7.336,7.336,0.000,0.000,0.0,0.000,0.000,0.000,0.000,0.0,0.000,0.000,0.000
3072.0179,-1.666,27.8,5.363,5.363,0.000,6.398,-4.3,4.852,4.852,0.000,31.516,35.4,6.262,6.262,0.000,93.875,-1.2,-7.113,-7.113,0.000,-1.977,-47.6,-0.768,-0.768,0.000,-7.070,0.5,-2.104,-2.104,0.000,-32.844,-34.2,-16.531,-16.531,0.000,-98.188,-1.1,7.336,7.336,0.000,0.000,0.0,0.000,0.000,0.000,0.000,0.0,0.000,0.000,0.000
3072.0199,-1.666,27.8,5.363,5.363,0.000,6.398,-4.3,4.852,4.852,0.000,31.516,35.4,6.262,6.262,0.000,93.875,-1.2,-7.113,-7.113,0.000,-1.977,-47.6,-0.768,-0.768,0.000,-7.070,0.5,-2.104,-2.104,0.000,-32.844,-34.2,-16.531,-16.531,0.000,-98.188,-1.1,7.336,7.336,0.000,0.000,0.0,0.000,0.000,0.000,0.000,0.0,0.000,0.000,0.000
3072.0219,-1.666,27.8,5.363,5.363,0.000,6.398,-4.3,4.852,4.852,0.000,31.516,35.4,6.262,6.262,0.000,93.875,-1.2,-7.113,-7.113,0.000,-1.977,-47.6,-0.768,-0.768,0.000,-7.070,0.5,-2.104,-2.104,0.000,-32.844,-34.2,-16.531,-16.531,0.000,-98.188,-1.1,7.336,7.336,0.000,0.000,0.0,0.000,0.000,0.000,0.000,0.0,0.000,0.000,0.000
3072.0239,-1.666,27.8,5.363,5.363,0.000,6.398,-4.3,4.852,4.852,0.000,31.516,35.4,6.262,6.262,0.000,93.875,-1.2,-7.113,-7.113,0.000,-1.977,-47.6,-0.768,-0.768,0.000,-7.070,0.5,-2.104,-2.104,0.000,-32.844,-34.2,-16.531,-16.531,0.000,-98.188,-1.1,7.336,7.336,0.000,0.000,0.0,0.000,0.000,0.000,0.000,0.0,0.000,0.000,0.000
3072.0259,-1.666,27.8,5.363,5.363,0.000,6.398,-4.3,4.852,4.852,0.000,31.516,35.4,6.262,6.262,0.000,93.875,-1.2,-7.113,-7.113,0.000,-1.977,-47.6,-0.768,-0.768,0.000,-7.070,0.5,-2.104,-2.104,0.000,-32.844,-34.2,-16.531,-16.531,0.000,-98.188,-1.1,7.336,7.336,0.000,0.000,0.0,0.000,0.000,0.000,0.000,0.0,0.000,0.000,0.000
3072.0279,-1.666,27.8,5.363,5.363,0.000,6.398,-4.3,4.852,4.852,0.000,31.516,35.4,6.262,6.262,0.000,93.875,-1.2,-7.113,-7.113,0.000,-1.977,-47.6,-0.768,-0.768,0.000,-7.070,0.5,-2.104,-2.104,0.000,-32.844,-34.2,-16.531,-16.531,0.000,-98.188,-1.1,7.336,7.336,0.000,0.000,0.0,0.000,0.000,0.000,0.000,0.0,0.000,0.000,0.000
3072.0299,-1.666,27.8,5.363,5.363,0.000,6.398,-4.3,4.852,4.852,0.000,31.516,35.4,6.262,6.262,0.000,93.875,-1.2,-7.113,-7.113,0.000,-1.977,-47.6,-0.768,-0.768,0.000,-7.070,0.5,-2.104,-2.104,0.000,-32.844,-34.2,-16.531,-16.531,0.000,-98.188,-1.1,7.336,7.336,0.000,0.000,0.0,0.000,0.000,0.000,0.000,0.0,0.000,0.000,0.000
3072.0319,-1.666,27.8,5.363,5.363,0.000,6.398,-4.3,4.852,4.852,0.000,31.516,35.4,6.262,6.262,0.000,93.875,-1.2,-7.113,-7.113,0.000,-1.977,-47.6,-0.768,-0.768,0.000,-7.070,0.5,-2.104,-2.104,0.000,-32.844,-34.2,-16.531,-16.531,0.000,-98.188,-1.1,7.336,7.336,0.000,0.000,0.0,0.000,0.000,0.000,0.000,0.0,0.000,0.000,0.000
3072.0339,-1.666,27.8,5.363,5.363,0.000,6.398,-4.3,4.852,4.852,0.000,31.516,35.4,6.262,6.262,0.000,93.875,-1.2,-7.113,-7.113,0.000,-1.977,-47.6,-0.768,-0.768,0.000,-7.070,0.5,-2.104,-2.104,0.000,-32.844,-34.2,-16.531,-16.531,0.000,-98.188,-1.1,7.336,7.336,0.000,0.000,0.0,0.000,0.000,0.000,0.000,0.0,0.000,0.000,0.000
3072.0359,-1.666,27.8,5.363,5.363,0.000,6.398,-4.3,4.852,4.852,0.000,31.516,35.4,6.262,6.262,0.000,93.875,-1.2,-7.113,-7.113,0.000,-1.977,-47.6,-0.768,-0.768,0.000,-7.070,0.5,-2.104,-2.104,0.000,-32.844,-34.2,-16.531,-16.531,0.000,-98.188,-1.1,7.336,7.336,0.000,0.000,0.0,0.000,0.000,0.000,0.000,0.0,0.000,0.000,0.000
3072.0379,-1.666,27.8,5.363,5.363,0.000,6.398,-4.3,4.852,4.852,0.000,31.516,35.4,6.262,6.262,0.000,93.875,-1.2,-7.113,-7.113,0.000,-1.977,-47.6,-0.768,-0.768,0.000,-7.070,0.5,-2.104,-2.104,0.000,-32.844,-34.2,-16.531,-16.531,0.000,-98.188,-1.1,7.336,7.336,0.000,0.000,0.0,0.000,0.000,0.000,0.000,0.0,0.000,0.000,0.000
3072.0399,-1.666,27.8,5.363,5.363,0.000,6.398,-4.3,4.852,4.852,0.000,31.516,35.4,6.262,6.262,0.000,93.875,-1.2,-7.113,-7.113,0.000,-1.977,-47.6,-0.768,-0.768,0.000,-7.070,0.5,-2.104,-2.104,0.000,-32.844,-34.2,-16.531,-16.531,0.000,-98.188,-1.1,7.336,7.336,0.000,0.000,0.0,0.000,0.000,0.000,0.000,0.0,0.000,0.000,0.000
3072.0419,-1.666,27.8,5.363,5.363,0.000,6.398,-4.3,4.852,4.852,0.000,31.516,35.4,6.262,6.262,0.000,93.875,-1.2,-7.113,-7.113,0.000,-1.977,-47.6,-0.768,-0.768,0.000,-7.070,0.5,-2.104,-2.104,0.000,-32.844,-34.2,-16.531,-16.531,0.000,-98.188,-1.1,7.336,7.336,0.000,0.000,0.0,0.000,0.000,0.000,0.000,0.0,0.000,0.000,0.000
3072.0439,-1.666,27.8,5.363,5.363,0.000,6.398,-4.3,4.852,4.852,0.000,31.516,35.4,6.262,6.262,0.000,93.875,-1.2,-7.113,-7.113,0.000,-1.977,-47.6,-0.768,-0.768,0.000,-7.070,0.5,-2.104,-2.104,0.000,-32.844,-34.2,-16.531,-16.531,0.000,-98.188,-1.1,7.336,7.336,0.000,0.000,0.0,0.000,0.000,0.000,0.000,0.0,0.000,0.000,0.000
3072.0459,-1.666,27.8,5.363,5.363,0.000,6.398,-4.3,4.852,4.852,0.000,31.516,35.4,6.262,6.262,0.000,93.875,-1.2,-7.113,-7.113,0.000,-1.977,-47.6,-0.768,-0.768,0.000,-7.070,0.5,-2.104,-2.104,0.000,-32.844,-34.2,-16.531,-16.531,0.000,-98.188,-1.1,7.336,7.336,0.000,0.000,0.0,0.000,0.000,0.000,0.000,0.0,0.000,0.000,0.000
3072.0479,-1.666,27.8,5.363,5.363,0.000,6.398,-4.3,4.852,4.852,0.000,31.516,35.4,6.262,6.262,0.000,93.875,-1.2,-7.113,-7.113,0.000,-1.977,-47.6,-0.768,-0.768,0.000,-7.070,0.5,-2.104,-2.104,0.000,-32.844,-34.2,-16.531,-16.531,0.000,-98.188,-1.1,7.336,7.336,0.000,0.000,0.0,0.000,0.000,0.000,0.000,0.0,0.000,0.000,0.000
3072.0499,-1.666,27.8,5.363,5.363,0.000,6.398,-4.3,4.852,4.852,0.000,31.516,35.4,6.262,6.262,0.000,93.875,-1.2,-7.113,-7.113,0.000,-1.977,-47.6,-0.768,-0.768,0.000,-7.070,0.5,-2.104,-2.104,0.000,-32.844,-34.2,-16.531,-16.531,0.000,-98.188,-1.1,7.336,7.336,0.000,0.000,0.0,0.000,0.000,0.000,0.000,0.0,0.000,0.000,0.000
3072.0519,-1.666,27.8,5.363,5.363,0.000,6.398,-4.3,4.852,4.852,0.000,31.516,35.4,6.262,6.262,0.000,93.875,-1.2,-7.113,-7.113,0.000,-1.977,-47.6,-0.768,-0.768,0.000,-7.070,0.5,-2.104,-2.104,0.000,-32.844,-34.2,-16.531,-16.531,0.000,-98.188,-1.1,7.336,7.336,0.000,0.000,0.0,0.000,0.000,0.000,0.000,0.0,0.000,0.000,0.000
3072.0539,-1.666,27.8,5.363,5.363,0.000,6.398,-4.3,4.852,4.852,0.000,31.516,35.4,6.262,6.262,0.000,93.875,-1.2,-7.113,-7.113,0.000,-1.977,-47.6,-0.768,-0.768,0.000,-7.070,0.5,-2.104,-2.104,0.000,-32.844,-34.2,-16.531,-16.531,0.000,-98.188,-1.1,7.336,7.336,0.000,0.000,0.0,0.000,0.000,0.000,0.000,0.0,0.000,0.000,0.000
3072.0559,-1.666,27.8,5.363,5.363,0.000,6.398,-4.3,4.852,4.852,0.000,31.516,35.4,6.262,6.262,0.000,93.875,-1.2,-7.113,-7.113,0.000,-1.977,-47.6,-0.768,-0.768,0.000,-7.070,0.5,-2.104,-2.104,0.000,-32.844,-34.2,-16.531,-16.531,0.000,-98.188,-1.1,7.336,7.336,0.000,0.000,0.0,0.000,0.000,0.000,0.000,0.0,0.000,0.000,0.000
3072.0579,-1.666,27.8,5.363,5.363,0.000,6.398,-4.3,4.852,4.852,0.000,31.516,35.4,6.262,6.262,0.000,93.875,-1.2,-7.113,-7.113,0.000,-1.977,-47.6,-0.768,-0.768,0.000,-7.070,0.5,-2.104,-2.104,0.000,-32.844,-34.2,-16.531,-16.531,0.000,-98.188,-1.1,7.336,7.336,0.000,0.000,0.0,0.000,0.000,0.000,0.000,0.0,0.000,0.000,0.000
3072.0599,-1.666,27.8,5.363,5.363,0.000,6.398,-4.3,4.852,4.852,0.000,31.516,35.4,6.262,6.262,0.000,93.875,-1.2,-7.113,-7.113,0.000,-1.977,-47.6,-0.768,-0.768,0.000,-7.070,0.5,-2.104,-2.104,0.000,-32.844,-34.2,-16.531,-16.531,0.000,-98.188,-1.1,7.336,7.336,0.000,0.000,0.0,0.000,0.000,0.000,0.000,0.0,0.000,0.000,0.000
3072.0619,-1.666,27.8,5.363,5.363,0.000,6.398,-4.3,4.852,4.852,0.000,31.516,35.4,6.262,6.262,0.000,93.875,-1.2,-7.113,-7.113,0.000,-1.977,-47.6,-0.768,-0.768,0.000,-7.070,0.5,-2.104,-2.104,0.000,-32.844,-34.2,-16.531,-16.531,0.000,-98.188,-1.1,7.336,7.336,0.000,0.000,0.0,0.000,0.000,0.000,0.000,0.0,0.000,0.000,0.000
3072.0639,-1.666,27.8,5.363,5.363,0.000,6.398,-4.3,4.852,4.852,0.000,31.516,35.4,6.262,6.262,0.000,93.875,-1.2,-7.113,-7.113,0.000,-1.977,-47.6,-0.768,-0.768,0.000,-7.070,0.5,-2.104,-2.104,0.000,-32.844,-34.2,-16.531,-16.531,0.000,-98.188,-1.1,7.336,7.336,0.000,0.000,0.0,0.000,0.000,0.000,0.000,0.0,0.000,0.000,0.000
3072.0659,-1.666,27.8,5.363,5.363,0.000,6.398,-4.3,4.852,4.852,0.000,31.516,35.4,6.262,6.262,0.000,93.875,-1.2,-7.113,-7.113,0.000,-1.977,-47.6,-0.768,-0.768,0.000,-7.070,0.5,-2.104,-2.104,0.000,-32.844,-34.2,-16.531,-16.531,0.000,-98.188,-1.1,7.336,7.336,0.000,0.000,0.0,0.000,0.000,0.000,0.000,0.0,0.000,0.000,0.000
3072.0679,-1.666,27.8,5.363,5.363,0.000,6.398,-4.3,4.852,4.852,0.000,31.516,35.4,6.262,6.262,0.000,93.875,-1.2,-7.113,-7.113,0.000,-1.977,-47.6,-0.768,-0.768,0.000,-7.070,0.5,-2.104,-2.104,0.000,-32.844,-34.2,-16.531,-16.531,0.000,-98.188,-1.1,7.336,7.336,0.000,0.000,0.0,0.000,0.000,0.000,0.000,0.0,0.000,0.000,0.000
3072.0699,-1.666,27.8,5.363,5.363,0.000,6.398,-4.3,4.852,4.852,0.000,31.516,35.4,6.262,6.262,0.000,93.875,-1.2,-7.113,-7.113,0.000,-1.977,-47.6,-0.768,-0.768,0.000,-7.070,0.5,-2.104,-2.104,0.000,-32.844,-34.2,-16.531,-16.531,0.000,-98.188,-1.1,7.336,7.336,0.000,0.000,0.0,0.000,0.000,0.000,0.000,0.0,0.000,0.000,0.000
3072.0719,-1.666,27.8,5.363,5.363,0.000,6.398,-4.3,4.852,4.852,0.000,31.516,35.4,6.262,6.262,0.000,93.875,-1.2,-7.113,-7.113,0.000,-1.977,-47.6,-0.768,-0.768,0.000,-7.070,0.5,-2.104,-2.104,0.000,-32.844,-34.2,-16.531,-16.531,0.000,-98.188,-1.1,7.336,7.336,0.000,0.000,0.0,0.000,0.000,0.000,0.000,0.0,0.000,0.000,0.000
3072.0739,-1.666,27.8,5.363,5.363,0.000,6.398,-4.3,4.852,4.852,0.000,31.516,35.4,6.262,6.262,0.000,93.875,-1.2,-7.113,-7.113,0.000,-1.977,-47.6,-0.768,-0.768,0.000,-7.070,0.5,-2.104,-2.104,0.000,-32.844,-34.2,-16.531,-16.531,0.000,-98.188,-1.1,7.336,7.336,0.000,0.000,0.0,0.000,0.000,0.000,0.000,0.0,0.000,0.000,0.000
3072.0759,-1.666,27.8,5.363,5.363,0.000,6.398,-4.3,4.852,4.852,0.000,31.516,35.4,6.262,6.262,0.000,93.875,-1.2,-7.113,-7.113,0.000,-1.977,-47.6,-0.768,-0.768,0.000,-7.070,0.5,-2.104,-2.104,0.000,-32.844,-34.2,-16.531,-16.531,0.000,-98.188,-1.1,7.336,7.336,0.000,0.000,0.0,0.000,0.000,0.000,0.000,0.0,0.000,0.000,0.000
3072.0779,-1.666,27.8,5.363,5.363,0.000,6.398,-4.3,4.852,4.852,0.000,31.516,35.4,6.262,6.262,0.000,93.875,-1.2,-7.113,-7.113,0.000,-1.977,-47.6,-0.768,-0.768,0.000,-7.070,0.5,-2.104,-2.104,0.000,-32.844,-34.2,-16.531,-16.531,0.000,-98.188,-1.1,7.336,7.336,0.000,0.000,0.0,0.000,0.000,0.000,0.000,0.0,0.000,0.000,0.000
3072.0799,-1.666,27.8,5.363,5.363,0.000,6.398,-4.3,4.852,4.852,0.000,31.516,35.4,6.262,6.262,0.000,93.875,-1.2,-7.113,-7.113,0.000,-1.977,-47.6,-0.768,-0.768,0.000,-7.070,0.5,-2.104,-2.104,0.000,-32.844,-34.2,-16.531,-16.531,0.000,-98.188,-1.1,7.336,7.336,0.000,0.000,0.0,0.000,0.000,0.000,0.000,0.0,0.000,0.000,0.000
3072.0819,-1.666,27.8,5.363,5.363,0.000,6.398,-4.3,4.852,4.852,0.000,31.516,35.4,6.262,6.262,0.000,93.875,-1.2,-7.113,-7.113,0.000,-1.977,-47.6,-0.768,-0.768,0.000,-7.070,0.5,-2.104,-2.104,0.000,-32.844,-34.2,-16.531,-16.531,0.000,-98.188,-1.1,7.336,7.336,0.000,0.000,0.0,0.000,0.000,0.000,0.000,0.0,0.000,0.000,0.000
3072.0839,-1.666,27.8,5.363,5.363,0.000,6.398,-4.3,4.852,4.852,0.000,31.516,35.4,6.262,6.262,0.000,93.875,-1.2,-7.113,-7.113,0.000,-1.977,-47.6,-0.768,-0.768,0.000,-7.070,0.5,-2.104,-2.104,0.000,-32.844,-34.2,-16.531,-16.531,0.000,-98.188,-1.1,7.336,7.336,0.000,0.000,0.0,0.000,0.000,0.000,0.000,0.0,0.000,0.000,0.000
3072.0859,-1.666,27.8,5.363,5.363,0.000,6.398,-4.3,4.852,4.852,0.000,31.516,35.4,6.262,6.262,0.000,93.875,-1.2,-7.113,-7.113,0.000,-1.977,-47.6,-0.768,-0.768,0.000,-7.070,0.5,-2.104,-2.104,0.000,-32.844,-34.2,-16.531,-16.531,0.000,-98.188,-1.1,7.336,7.336,0.000,0.000,0.0,0.000,0.000,0.000,0.000,0.0,0.000,0.000,0.000
3072.0879,-1.666,27.8,5.363,5.363,0.000,6.398,-4.3,4.852,4.852,0.000,31.516,35.4,6.262,6.262,0.000,93.875,-1.2,-7.113,-7.113,0.000,-1.977,-47.6,-0.768,-0.768,0.000,-7.070,0.5,-2.104,-2.104,0.000,-32.844,-34.2,-16.531,-16.531,0.000,-98.188,-1.1,7.336,7.336,0.000,0.000,0.0,0.000,0.000,0.000,0.000,0.0,0.000,0.000,0.000
3072.0899,-1.666,27.8,5.363,5.363,0.000,6.398,-4.3,4.852,4.852,0.000,31.516,35.4,6.262,6.262,0.000,93.875,-1.2,-7.113,-7.113,0.000,-1.977,-47.6,-0.768,-0.768,0.000,-7.070,0.5,-2.104,-2.104,0.000,-32.844,-34.2,-16.531,-16.531,0.000,-98.188,-1.1,7.336,7.336,0.000,0.000,0.0,0.000,0.000,0.000,0.000,0.0,0.000,0.000,0.000
3072.0919,-1.666,27.8,5.363,5.363,0.000,6.398,-4.3,4.852,4.852,0.000,31.516,35.4,6.262,6.262,0.000,93.875,-1.2,-7.113,-7.113,0.000,-1.977,-47.6,-0.768,-0.768,0.000,-7.070,0.5,-2.104,-2.104,0.000,-32.844,-34.2,-16.531,-16.531,0.000,-98.188,-1.1,7.336,7.336,0.000,0.000,0.0,0.000,0.000,0.000,0.000,0.0,0.000,0.000,0.000
3072.0939,-1.666,27.8,5.363,5.363,0.000,6.398,-4.3,4.852,4.852,0.000,31.516,35.4,6.262,6.262,0.000,93.875,-1.2,-7.113,-7.113,0.000,-1.977,-47.6,-0.768,-0.768,0.000,-7.070,0.5,-2.104,-2.104,0.000,-32.844,-34.2,-16.531,-16.531,0.000,-98.188,-1.1,7.336,7.336,0.000,0.000,0.0,0.000,0.000,0.000,0.000,0.0,0.000,0.000,0.000
3072.0959,-1.666,27.8,5.363,5.363,0.000,6.398,-4.3,4.852,4.852,0.000,31.516,35.4,6.262,6.262,0.000,93.875,-1.2,-7.113,-7.113,0.000,-1.977,-47.6,-0.768,-0.768,0.000,-7.070,0.5,-2.104,-2.104,0.000,-32.844,-34.2,-16.531,-16.531,0.000,-98.188,-1.1,7.336,7.336,0.000,0.000,0.0,0.000,0.000,0.000,0.000,0.0,0.000,0.000,0.000
3072.0979,-1.666,27.8,5.363,5.363,0.000,6.398,-4.3,4.852,4.852,0.000,31.516,35.4,6.262,6.262,0.000,93.875,-1.2,-7.113,-7.113,0.000,-1.977,-47.6,-0.768,-0.768,0.000,-7.070,0.5,-2.104,-2.104,0.000,-32.844,-34.2,-16.531,-16.531,0.000,-98.188,-1.1,7.336,7.336,0.000,0.000,0.0,0.000,0.000,0.000,0.000,0.0,0.000,0.000,0.000
3072.0999,-1.666,27.8,5.363,5.363,0.000,6.398,-4.3,4.852,4.852,0.000,31.516,35.4,6.262,6.262,0.000,93.875,-1.2,-7.113,-7.113,0.000,-1.977,-47.6,-0.768,-0.768,0.000,-7.070,0.5,-2.104,-2.104,0.000,-32.844,-34.2,-16.531,-16.531,0.000,-98.188,-1.1,7.336,7.336,0.000,0.000,0.0,0.000,0.000,0.000,0.000,0.0,0.000,0.000,0.000
3072.1019,-1.666,27.8,5.363,5.363,0.000,6.398,-4.3,4.852,4.852,0.000,31.516,35.4,6.262,6.262,0.000,93.875,-1.2,-7.113,-7.113,0.000,-1.977,-47.6,-0.768,-0.768,0.000,-7.070,0.5,-2.104,-2.104,0.000,-32.844,-34.2,-16.531,-16.531,0.000,-98.188,-1.1,7.336,7.336,0.000,0.000,0.0,0.000,0.000,0.000,0.000,0.0,0.000,0.000,0.000
3072.1039,-1.666,27.8,5.363,5.363,0.000,6.398,-4.3,4.852,4.852,0.000,31.516,35.4,6.262,6.262,0.000,93.875,-1.2,-7.113,-7.113,0.000,-1.977,-47.6,-0.768,-0.768,0.000,-7.070,0.5,-2.104,-2.104,0.000,-32.844,-34.2,-16.531,-16.531,0.000,-98.188,-1.1,7.336,7.336,0.000,0.000,0.0,0.000,0.000,0.000,0.000,0.0,0.000,0.000,0.000
3072.1059,-1.666,27.8,5.363,5.363,0.000,6.398,-4.3,4.852,4.852,0.000,31.516,35.4,6.262,6.262,0.000,93.875,-1.2,-7.113,-7.113,0.000,-1.977,-47.6,-0.768,-0.768,0.000,-7.070,0.5,-2.104,-2.104,0.000,-32.844,-34.2,-16.531,-16.531,0.000,-98.188,-1.1,7.336,7.336,0.000,0.000,0.0,0.000,0.000,0.000,0.000,0.0,0.000,0.000,0.000
3072.1079,-1.666,27.8,5.363,5.363,0.000,6.398,-4.3,4.852,4.852,0.000,31.516,35.4,6.262,6.262,0.000,93.875,-1.2,-7.113,-7.113,0.000,-1.977,-47.6,-0.768,-0.768,0.000,-7.070,0.5,-2.104,-2.104,0.000,-32.844,-34.2,-16.531,-16.531,0.000,-98.188,-1.1,7.336,7.336,0.000,0.000,0.0,0.000,0.000,0.000,0.000,0.0,0.000,0.000,0.000
3072.1099,-1.666,27.8,5.363,5.363,0.000,6.398,-4.3,4.852,4.852,0.000,31.516,35.4,6.262,6.262,0.000,93.875,-1.2,-7.113,-7.113,0.000,-1.977,-47.6,-0.768,-0.768,0.000,-7.070,0.5,-2.104,-2.104,0.000,-32.844,-34.2,-16.531,-16.531,0.000,-98.188,-1.1,7.336,7.336,0.000,0.000,0.0,0.000,0.000,0.000,0.000,0.0,0.000,0.000,0.000
3072.1119,-1.666,27.8,5.363,5.363,0.000,6.398,-4.3,4.852,4.852,0.000,31.516,35.4,6.262,6.262,0.000,93.875,-1.2,-7.113,-7.113,0.000,-1.977,-47.6,-0.768,-0.768,0.000,-7.070,0.5,-2.104,-2.104,0.000,-32.844,-34.2,-16.531,-16.531,0.000,-98.188,-1.1,7.336,7.336,0.000,0.000,0.0,0.000,0.000,0.000,0.000,0.0,0.000,0.000,0.000
3072.1139,-1.666,27.8,5.363,5.363,0.000,6.398,-4.3,4.852,4.852,0.000,31.516,35.4,6.262,6.262,0.000,93.875,-1.2,-7.113,-7.113,0.000,-1.977,-47.6,-0.768,-0.768,0.000,-7.070,0.5,-2.104,-2.104,0.000,-32.844,-34.2,-16.531,-16.531,0.000,-98.188,-1.1,7.336,7.336,0.000,0.000,0.0,0.000,0.000,0.000,0.000,0.0,0.000,0.000,0.000
3072.1159,-1.666,27.8,5.363,5.363,0.000,6.398,-4.3,4.852,4.852,0.000,31.516,35.4,6.262,6.262,0.000,93.875,-1.2,-7.113,-7.113,0.000,-1.977,-47.6,-0.768,-0.768,0.000,-7.070,0.5,-2.104,-2.104,0.000,-32.844,-34.2,-16.531,-16.531,0.000,-98.188,-1.1,7.336,7.336,0.000,0.000,0.0,0.000,0.000,0.000,0.000,0.0,0.000,0.000,0.000
3072.1179,-1.666,27.8,5.363,5.363,0.000,6.398,-4.3,4.852,4.852,0.000,31.516,35.4,6.262,6.262,0.000,93.875,-1.2,-7.113,-7.113,0.000,-1.977,-47.6,-0.768,-0.768,0.000,-7.070,0.5,-2.104,-2.104,0.000,-32.844,-34.2,-16.531,-16.531,0.000,-98.188,-1.1,7.336,7.336,0.000,0.000,0.0,0.000,0.000,0.000,0.000,0.0,0.000,0.000,0.000
3072.1199,-1.666,27.8,5.363,5.363,0.000,6.398,-4.3,4.852,4.852,0.000,31.516,35.4,6.262,6.262,0.000,93.875,-1.2,-7.113,-7.113,0.000,-1.977,-47.6,-0.768,-0.768,0.000,-7.070,0.5,-2.104,-2.104,0.000,-32.844,-34.2,-16.531,-16.531,0.000,-98.188,-1.1,7.336,7.336,0.000,0.000,0.0,0.000,0.000,0.000,0.000,0.0,0.000,0.000,0.000
3072.1219,-1.666,27.8,5.363,5.363,0.000,6.398,-4.3,4.852,4.852,0.000,31.516,35.4,6.262,6.262,0.000,93.875,-1.2,-7.113,-7.113,0.000,-1.977,-47.6,-0.768,-0.768,0.000,-7.070,0.5,-2.104,-2.104,0.000,-32.844,-34.2,-16.531,-16.531,0.000,-98.188,-1.1,7.336,7.336,0.000,0.000,0.0,0.000,0.000,0.000,0.000,0.0,0.000,0.000,0.000
3072.1239,-1.666,27.8,5.363,5.363,0.000,6.398,-4.3,4.852,4.852,0.000,31.516,35.4,6.262,6.262,0.000,93.875,-1.2,-7.113,-7.113,0.000,-1.977,-47.6,-0.768,-0.768,0.000,-7.070,0.5,-2.104,-2.104,0.000,-32.844,-34.2,-16.531,-16.531,0.000,-98.188,-1.1,7.336,7.336,0.000,0.000,0.0,0.000,0.000,0.000,0.000,0.0,0.000,0.000,0.000
3072.1259,-1.666,27.8,5.363,5.363,0.000,6.398,-4.3,4.852,4.852,0.000,31.516,35.4,6.262,6.262,0.000,93.875,-1.2,-7.113,-7.113,0.000,-1.977,-47.6,-0.768,-0.768,0.000,-7.070,0.5,-2.104,-2.104,0.000,-32.844,-34.2,-16.531,-16.531,0.000,-98.188,-1.1,7.336,7.336,0.000,0.000,0.0,0.000,0.000,0.000,0.000,0.0,0.000,0.000,0.000
3072.1279,-1.666,27.8,5.363,5.363,0.000,6.398,-4.3,4.852,4.852,0.000,31.516,35.4,6.262,6.262,0.000,93.875,-1.2,-7.113,-7.113,0.000,-1.977,-47.6,-0.768,-0.768,0.000,-7.070,0.5,-2.104,-2.104,0.000,-32.844,-34.2,-16.531,-16.531,0.000,-98.188,-1.1,7.336,7.336,0.000,0.000,0.0,0.000,0.000,0.000,0.000,0.0,0.000,0.000,0.000
3072.1299,-1.666,27.8,5.363,5.363,0.000,6.398,-4.3,4.852,4.852,0.000,31.516,35.4,6.262,6.262,0.000,93.875,-1.2,-7.113,-7.113,0.000,-1.977,-47.6,-0.768,-0.768,0.000,-7.070,0.5,-2.104,-2.104,0.000,-32.844,-34.2,-16.531,-16.531,0.000,-98.188,-1.1,7.336,7.336,0.000,0.000,0.0,0.000,0.000,0.000,0.000,0.0,0.000,0.000,0.000
3072.1319,-1.666,27.8,5.363,5.363,0.000,6.398,-4.3,4.852,4.852,0.000,31.516,35.4,6.262,6.262,0.000,93.875,-1.2,-7.113,-7.113,0.000,-1.977,-47.6,-0.768,-0.768,0.000,-7.070,0.5,-2.104,-2.104,0.000,-32.844,-34.2,-16.531,-16.531,0.000,-98.188,-1.1,7.336,7.336,0.000,0.000,0.0,0.000,0.000,0.000,0.000,0.0,0.000,0.000,0.000
3072.1339,-1.666,27.8,5.363,5.363,0.000,6.398,-4.3,4.852,4.852,0.000,31.516,35.4,6.262,6.262,0.000,93.875,-1.2,-7.113,-7.113,0.000,-1.977,-47.6,-0.768,-0.768,0.000,-7.070,0.5,-2.104,-2.104,0.000,-32.844,-34.2,-16.531,-16.531,0.000,-98.188,-1.1,7.336,7.336,0.000,0.000,0.0,0.000,0.000,0.000,0.000,0.0,0.000,0.000,0.000
3072.1359,-1.666,27.8,5.363,5.363,0.000,6.398,-4.3,4.852,4.852,0.000,31.516,35.4,6.262,6.262,0.000,93.875,-1.2,-7.113,-7.113,0.000,-1.977,-47.6,-0.768,-0.768,0.000,-7.070,0.5,-2.104,-2.104,0.000,-32.844,-34.2,-16.531,-16.531,0.000,-98.188,-1.1,7.336,7.336,0.000,0.000,0.0,0.000,0.000,0.000,0.000,0.0,0.000,0.000,0.000
3072.1379,-1.666,27.8,5.363,5.363,0.000,6.398,-4.3,4.852,4.852,0.000,31.516,35.4,6.262,6.262,0.000,93.875,-1.2,-7.113,-7.113,0.000,-1.977,-47.6,-0.768,-0.768,0.000,-7.070,0.5,-2.104,-2.104,0.000,-32.844,-34.2,-16.531,-16.531,0.000,-98.188,-1.1,7.336,7.336,0.000,0.000,0.0,0.000,0.000,0.000,0.000,0.0,0.000,0.000,0.000
3072.1399,-1.666,27.8,5.363,5.363,0.000,6.398,-4.3,4.852,4.852,0.000,31.516,35.4,6.262,6.262,0.000,93.875,-1.2,-7.113,-7.113,0.000,-1.977,-47.6,-0.768,-0.768,0.000,-7.070,0.5,-2.104,-2.104,0.000,-32.844,-34.2,-16.531,-16.531,0.000,-98.188,-1.1,7.336,7.336,0.000,0.000,0.0,0.000,0.000,0.000,0.000,0.0,0.000,0.000,0.000
3072.1419,-1.666,27.8,5.363,5.363,0.000,6.398,-4.3,4.852,4.852,0.000,31.516,35.4,6.262,6.262,0.000,93.875,-1.2,-7.113,-7.113,0.000,-1.977,-47.6,-0.768,-0.768,0.000,-7.070,0.5,-2.104,-2.104,0.000,-32.844,-34.2,-16.531,-16.531,0.000,-98.188,-1.1,7.336,7.336,0.000,0.000,0.0,0.000,0.000,0.000,0.000,0.0,0.000,0.000,0.000
3072.1439,-1.666,27.8,5.363,5.363,0.000,6.398,-4.3,4.852,4.852,0.000,31.516,35.4,6.262,6.262,0.000,93.875,-1.2,-7.113,-7.113,0.000,-1.977,-47.6,-0.768,-0.768,0.000,-7.070,0.5,-2.104,-2.104,0.000,-32.844,-34.2,-16.531,-16.531,0.000,-98.188,-1.1,7.336,7.336,0.000,0.000,0.0,0.000,0.000,0.000,0.000,0.0,0.000,0.000,0.000
3072.1459,-1.666,27.8,5.363,5.363,0.000,6.398,-4.3,4.852,4.852,0.000,31.516,35.4,6.262,6.262,0.000,93.875,-1.2,-7.113,-7.113,0.000,-1.977,-47.6,-0.768,-0.768,0.000,-7.070,0.5,-2.104,-2.104,0.000,-32.844,-34.2,-16.531,-16.531,0.000,-98.188,-1.1,7.336,7.336,0.000,0.000,0.0,0.000,0.000,0.000,0.000,0.0,0.000,0.000,0.000
