t,pct,split,q0,q1,q2,q3,q4,q5,q6,q7,cmd0,cmd1,cmd2,cmd3,cmd4,cmd5,cmd6,cmd7,tau0,tau1,tau2,tau3,tau4,tau5,tau6,tau7,ff0,ff1,ff2,ff3,ff4,ff5,ff6,ff7,aux0,aux1,aux2,aux3,aux4,aux5,aux6,aux7
4450.193,5.0,50.0,2.828,7.918,33.312,96.812,-2.311,-9.852,-49.094,-99.438,-0.630,4.012,32.739,97.398,1.060,-6.332,-48.469,-100.068,-5.828,-3.100,-0.405,-0.352,5.723,2.582,0.487,0.170,-0.134,0.408,0.082,0.572,0.135,0.422,0.090,0.572,4.570,4.109,34.219,97.188,-0.439,-7.602,-47.406,-100.000
4450.293,6.0,50.0,2.818,7.926,33.281,96.375,-2.311,-9.859,-49.094,-99.188,-0.630,4.012,32.739,97.398,1.060,-6.332,-48.469,-100.068,-5.859,-3.041,-0.455,-0.298,5.777,2.545,0.452,0.417,-0.161,0.488,0.098,0.686,0.161,0.505,0.107,0.686,3.932,4.109,33.906,95.938,-1.538,-7.621,-47.562,-99.438
4450.395,7.0,50.0,2.836,7.922,33.312,96.250,-2.311,-9.875,-49.094,-99.062,-0.630,4.012,32.739,97.398,1.060,-6.332,-48.469,-100.068,-5.852,-2.930,-0.345,-0.395,5.727,2.578,0.403,0.449,-0.188,0.571,0.115,0.802,0.188,0.590,0.125,0.802,3.449,4.395,34.656,96.375,-0.835,-7.621,-47.500,-99.312
4450.495,8.0,50.0,2.824,7.926,33.312,96.000,-2.316,-9.875,-49.094,-98.875,-0.630,4.012,32.739,97.398,1.060,-6.332,-48.469,-100.068,-5.891,-2.795,-0.285,-0.102,5.293,2.393,0.372,0.276,-0.215,0.652,0.131,0.915,0.215,0.674,0.142,0.916,3.865,4.699,33.312,95.812,-1.604,-7.645,-47.562,-98.875
4450.597,9.1,50.0,2.824,7.930,33.312,95.812,-2.312,-9.883,-49.125,-98.625,-0.630,4.012,32.739,97.398,1.060,-6.332,-48.469,-100.068,-5.859,-2.633,-0.232,-0.366,5.672,2.395,0.305,0.382,-0.242,0.734,0.147,1.031,0.242,0.759,0.160,1.032,3.537,5.316,33.625,96.375,-1.099,-7.887,-47.438,-99.062
4450.708,10.0,50.0,2.830,7.934,33.312,95.750,-2.311,-9.883,-49.125,-98.562,-0.630,4.012,32.739,97.398,1.060,-6.332,-48.469,-100.068,-5.785,-2.775,-0.214,-0.354,5.586,2.230,0.371,0.452,-0.266,0.808,0.162,1.136,0.267,0.836,0.177,1.137,3.383,4.504,34.062,95.500,-0.439,-7.621,-47.281,-98.438
4450.809,11.2,50.0,2.824,7.941,33.344,95.625,-2.307,-9.898,-49.125,-98.438,-0.630,4.012,32.739,97.398,1.060,-6.332,-48.469,-100.068,-5.781,-2.566,-0.055,-0.368,5.648,2.213,0.218,0.429,-0.298,0.906,0.181,1.272,0.299,0.936,0.197,1.273,3.734,3.910,33.781,95.812,-0.110,-7.711,-47.250,-98.625
4450.909,12.2,50.0,2.836,7.949,33.344,95.188,-2.312,-9.914,-49.125,-98.188,-0.630,4.012,32.739,97.398,1.060,-6.332,-48.469,-100.068,-5.723,-2.553,-0.025,-0.191,5.707,2.117,0.066,0.228,-0.323,0.985,0.196,1.385,0.325,1.018,0.213,1.386,3.844,4.172,32.594,95.062,-1.099,-7.688,-47.281,-98.000
4451.009,13.2,50.0,2.834,7.949,33.344,95.188,-2.316,-9.938,-49.156,-97.688,-0.630,4.012,32.739,97.398,1.060,-6.332,-48.469,-100.068,-5.652,-2.350,-0.012,-0.371,5.699,2.064,0.130,0.171,-0.350,1.066,0.212,1.498,0.350,1.099,0.229,1.499,4.129,4.172,33.781,94.750,-1.164,-7.668,-47.219,-97.562
4451.111,14.2,50.0,2.834,7.961,33.375,95.125,-2.318,-9.961,-49.156,-97.438,-0.630,4.012,32.739,97.398,1.060,-6.332,-48.469,-100.068,-5.730,-2.322,0.033,-0.454,5.570,1.982,0.099,0.286,-0.377,1.148,0.229,1.614,0.377,1.182,0.245,1.614,3.625,3.998,33.312,95.750,-0.966,-7.535,-47.312,-97.438
4451.211,15.2,50.0,2.844,7.973,33.375,95.000,-2.318,-10.016,-49.188,-97.438,-0.630,4.012,32.739,97.398,1.060,-6.332,-48.469,-100.068,-5.520,-2.207,0.064,-0.472,5.625,2.096,0.093,0.317,-0.402,1.228,0.244,1.728,0.403,1.262,0.261,1.728,3.340,3.492,34.812,94.812,-0.901,-7.844,-47.438,-96.938
4451.311,16.2,50.0,2.840,7.992,33.375,94.812,-2.316,-10.078,-49.219,-97.375,-0.630,4.012,32.739,97.398,1.060,-6.332,-48.469,-100.068,-5.789,-2.109,0.030,-0.316,5.238,1.943,0.026,0.405,-0.428,1.306,0.258,1.841,0.429,1.340,0.275,1.841,3.076,3.492,32.875,94.812,-0.220,-7.711,-47.469,-97.062
4451.411,17.2,50.0,2.836,8.016,33.406,94.562,-2.312,-10.094,-49.281,-97.250,-0.630,4.012,32.739,97.398,1.060,-6.332,-48.469,-100.068,-5.465,-2.141,0.173,-0.398,5.305,1.751,0.053,0.383,-0.455,1.385,0.273,1.953,0.456,1.423,0.293,1.955,3.141,4.699,33.188,94.500,-0.901,-7.844,-47.562,-97.750
4451.513,18.2,50.0,2.850,8.047,33.438,94.375,-2.322,-10.117,-49.312,-97.000,-0.630,4.012,32.739,97.398,1.060,-6.332,-48.469,-100.068,-5.473,-2.152,0.193,-0.440,5.289,1.733,0.064,0.259,-0.480,1.465,0.288,2.068,0.481,1.505,0.309,2.070,3.977,4.898,32.281,94.500,-1.538,-7.797,-47.594,-96.875
4451.615,19.2,50.0,2.836,8.062,33.469,94.250,-2.322,-10.141,-49.375,-96.812,-0.630,4.012,32.739,97.398,1.060,-6.332,-48.469,-100.068,-5.262,-1.920,0.215,-0.224,5.539,1.704,0.043,0.421,-0.508,1.546,0.303,2.184,0.508,1.589,0.327,2.185,3.164,4.172,33.906,94.312,-0.901,-7.688,-47.688,-96.875
4451.715,20.2,50.0,2.844,8.094,33.594,93.812,-2.322,-10.172,-49.406,-96.812,-0.630,4.012,32.739,97.398,1.060,-6.332,-48.469,-100.068,-5.645,-1.951,0.042,-0.322,5.469,1.821,0.061,0.478,-0.532,1.625,0.320,2.295,0.534,1.669,0.343,2.298,3.383,4.172,35.094,93.438,-0.769,-7.797,-47.500,-96.875
4451.817,21.3,50.0,2.850,8.109,33.656,93.688,-2.332,-10.234,-49.438,-96.688,-0.630,4.012,32.739,97.398,1.060,-6.332,-48.469,-100.068,-5.602,-1.936,0.156,-0.251,5.180,1.646,0.073,0.506,-0.557,1.708,0.337,2.410,0.559,1.746,0.356,2.413,3.053,4.699,32.719,93.688,-0.637,-7.906,-47.500,-96.625
4451.919,22.3,50.0,2.854,8.141,33.719,93.375,-2.326,-10.281,-49.500,-96.312,-0.630,4.012,32.739,97.398,1.060,-6.332,-48.469,-100.068,-5.414,-1.812,0.150,-0.319,5.227,1.772,-0.002,0.292,-0.583,1.787,0.352,2.524,0.586,1.825,0.371,2.527,3.865,4.395,33.625,93.250,-1.296,-7.797,-47.781,-96.438
4452.019,23.3,50.0,2.850,8.172,33.750,93.375,-2.326,-10.336,-49.500,-96.188,-0.630,4.012,32.739,97.398,1.060,-6.332,-48.469,-100.068,-5.523,-1.749,0.146,-0.398,5.375,1.621,-0.050,0.431,-0.609,1.864,0.367,2.637,0.612,1.900,0.382,2.639,4.262,4.590,33.469,93.688,-1.164,-7.820,-47.812,-95.750
4452.119,24.3,50.0,2.854,8.266,33.781,93.250,-2.332,-10.477,-49.531,-96.062,-0.630,4.012,32.739,97.398,1.060,-6.332,-48.469,-100.068,-5.492,-1.890,0.163,-0.339,5.520,1.879,-0.075,0.406,-0.634,1.933,0.376,2.749,0.636,1.964,0.387,2.751,4.043,3.998,33.781,93.125,-0.439,-8.086,-47.750,-95.625
4452.221,25.3,50.0,2.861,8.352,33.781,92.938,-2.326,-10.719,-49.562,-95.625,-0.630,4.012,32.739,97.398,1.060,-6.332,-48.469,-100.068,-5.379,-1.923,0.132,-0.163,5.156,1.978,-0.068,0.223,-0.658,2.000,0.381,2.863,0.662,2.011,0.380,2.863,3.207,4.395,32.438,92.938,-1.362,-8.961,-47.750,-95.938
4452.321,26.3,50.0,2.850,8.570,33.812,92.812,-2.328,-10.812,-49.562,-95.562,-0.630,4.012,32.739,97.398,1.060,-6.332,-48.469,-100.068,-5.328,-2.170,0.180,-0.368,5.191,1.923,-0.214,0.455,-0.685,2.048,0.377,2.973,0.687,2.077,0.386,2.975,4.285,4.699,35.094,93.250,-1.428,-8.766,-47.781,-95.812
4452.423,27.3,50.0,2.865,8.711,33.844,92.750,-2.334,-10.859,-49.625,-95.562,-0.630,4.012,32.739,97.398,1.060,-6.332,-48.469,-100.068,-5.441,-2.070,0.211,-0.458,5.367,1.869,-0.109,0.467,-0.709,2.108,0.379,3.087,0.713,2.154,0.400,3.090,3.779,4.504,34.062,92.812,-0.220,-9.070,-47.594,-95.312
4452.525,28.3,50.0,2.869,8.727,33.875,92.625,-2.328,-10.922,-49.688,-95.375,-0.630,4.012,32.739,97.398,1.060,-6.332,-48.469,-100.068,-5.422,-1.921,0.232,-0.453,5.133,1.817,-0.215,0.357,-0.734,2.185,0.392,3.201,0.740,2.226,0.411,3.203,4.086,5.207,34.062,92.750,-0.571,-8.852,-47.812,-95.625
4452.627,29.4,50.0,2.871,8.750,33.906,92.438,-2.334,-11.016,-49.719,-94.875,-0.630,4.012,32.739,97.398,1.060,-6.332,-48.469,-100.068,-5.297,-1.907,0.278,-0.444,5.102,1.896,-0.160,0.336,-0.759,2.260,0.404,3.315,0.763,2.289,0.413,3.314,3.734,5.426,33.188,92.625,-0.769,-9.180,-47.656,-94.875
4452.727,30.4,50.0,2.865,8.859,34.031,92.188,-2.334,-11.211,-49.750,-94.812,-0.630,4.012,32.739,97.398,1.060,-6.332,-48.469,-100.068,-5.266,-1.975,0.208,-0.442,5.398,2.154,-0.163,0.371,-0.785,2.324,0.412,3.425,0.788,2.336,0.407,3.424,4.461,5.734,33.781,92.125,-1.604,-8.984,-47.875,-93.938
4452.827,31.4,50.0,2.877,8.992,34.094,92.125,-2.334,-11.289,-49.906,-94.625,-0.630,4.012,32.739,97.398,1.060,-6.332,-48.469,-100.068,-5.406,-2.045,0.083,-0.486,4.922,1.814,0.052,0.222,-0.807,2.380,0.414,3.536,0.813,2.407,0.420,3.535,3.953,5.516,33.625,92.312,-1.099,-9.883,-47.875,-94.250
4452.929,32.4,50.0,2.871,9.148,34.250,92.062,-2.344,-11.312,-50.031,-94.375,-0.630,4.012,32.739,97.398,1.060,-6.332,-48.469,-100.068,-5.234,-2.137,0.015,-0.533,5.152,1.940,0.072,0.341,-0.834,2.439,0.419,3.648,0.836,2.486,0.437,3.647,4.547,5.930,33.906,92.000,-1.296,-9.469,-48.094,-94.125
4453.029,33.4,50.0,2.877,9.281,34.312,91.875,-2.342,-11.320,-50.094,-94.375,-0.630,4.012,32.739,97.398,1.060,-6.332,-48.469,-100.068,-5.363,-2.111,0.006,-0.433,4.918,1.850,0.018,0.378,-0.857,2.492,0.418,3.758,0.862,2.566,0.454,3.760,3.756,5.426,33.625,91.688,-0.769,-9.398,-47.812,-94.250
4453.129,34.4,50.0,2.877,9.312,34.344,91.375,-2.342,-11.344,-50.094,-94.312,-0.630,4.012,32.739,97.398,1.060,-6.332,-48.469,-100.068,-5.168,-2.064,0.147,-0.328,5.324,1.764,0.069,0.471,-0.880,2.557,0.423,3.865,0.888,2.637,0.464,3.872,3.186,6.039,33.625,91.312,-0.505,-9.164,-48.500,-94.062
4453.229,35.4,50.0,2.887,9.328,34.406,91.312,-2.350,-11.375,-50.125,-94.250,-0.630,4.012,32.739,97.398,1.060,-6.332,-48.469,-100.068,-5.273,-2.113,0.067,-0.366,5.035,1.726,-0.008,0.526,-0.903,2.632,0.437,3.977,0.911,2.709,0.475,3.983,3.273,6.457,34.500,91.125,-1.164,-9.797,-48.031,-94.062
4453.331,36.4,50.0,2.891,9.344,34.406,90.938,-2.348,-11.414,-50.156,-94.188,-0.630,4.012,32.739,97.398,1.060,-6.332,-48.469,-100.068,-5.309,-1.860,0.117,-0.372,5.141,1.726,0.027,0.622,-0.927,2.700,0.443,4.087,0.938,2.781,0.485,4.097,4.523,5.625,34.500,91.000,-0.769,-9.953,-48.000,-94.062
4453.433,37.4,50.0,2.893,9.359,34.438,90.875,-2.348,-11.469,-50.156,-94.062,-0.630,4.012,32.739,97.398,1.060,-6.332,-48.469,-100.068,-5.203,-1.935,0.116,-0.410,4.883,1.735,0.021,0.622,-0.952,2.774,0.454,4.200,0.963,2.846,0.490,4.210,4.219,6.238,34.500,90.562,-0.835,-9.555,-48.625,-93.938
4453.533,38.4,50.0,2.891,9.367,34.469,90.812,-2.350,-11.539,-50.188,-93.562,-0.630,4.012,32.739,97.398,1.060,-6.332,-48.469,-100.068,-5.230,-1.906,0.367,-0.384,4.973,1.564,-0.135,0.468,-0.977,2.848,0.467,4.312,0.986,2.903,0.488,4.315,4.480,6.238,33.781,91.000,-1.296,-9.359,-48.344,-93.625
4453.633,39.4,50.0,2.906,9.414,34.469,90.688,-2.348,-11.570,-50.250,-93.062,-0.630,4.012,32.739,97.398,1.060,-6.332,-48.469,-100.068,-5.086,-1.896,0.202,-0.458,5.133,1.639,-0.108,0.310,-0.998,2.910,0.471,4.422,1.010,2.970,0.494,4.421,3.141,5.426,33.469,90.125,-0.966,-9.688,-48.094,-94.125
4453.733,40.4,50.0,2.906,9.445,34.500,90.312,-2.359,-11.688,-50.281,-93.062,-0.630,4.012,32.739,97.398,1.060,-6.332,-48.469,-100.068,-5.215,-1.948,0.151,-0.335,4.883,1.756,-0.036,0.408,-1.022,2.974,0.475,4.528,1.032,3.021,0.492,4.531,3.779,5.625,35.688,90.062,-0.835,-9.930,-48.625,-92.750
4453.833,41.4,50.0,2.908,9.492,34.594,90.250,-2.363,-11.844,-50.344,-92.938,-0.630,4.012,32.739,97.398,1.060,-6.332,-48.469,-100.068,-5.141,-1.678,0.205,-0.452,4.812,1.876,-0.115,0.433,-1.046,3.043,0.486,4.639,1.055,3.062,0.484,4.639,3.449,6.766,35.250,90.812,-0.637,-10.016,-48.531,-92.750
4453.935,42.4,50.0,2.918,9.531,34.656,90.125,-2.359,-11.930,-50.406,-92.750,-0.630,4.012,32.739,97.398,1.060,-6.332,-48.469,-100.068,-5.035,-1.735,0.136,-0.386,4.816,1.779,-0.145,0.366,-1.068,3.112,0.496,4.751,1.081,3.120,0.485,4.749,4.348,6.152,33.188,90.375,-0.769,-10.039,-48.656,-93.062
4454.037,43.5,50.0,2.918,9.586,34.719,90.125,-2.369,-11.938,-50.500,-92.562,-0.630,4.012,32.739,97.398,1.060,-6.332,-48.469,-100.068,-5.062,-1.896,0.114,-0.550,4.609,1.711,-0.014,0.395,-1.093,3.178,0.505,4.864,1.103,3.197,0.500,4.861,3.953,5.820,35.250,89.812,-1.032,-10.211,-48.625,-93.312
4454.137,44.5,50.0,2.922,9.781,34.875,89.875,-2.359,-11.977,-50.562,-92.500,-0.630,4.012,32.739,97.398,1.060,-6.332,-48.469,-100.068,-5.207,-2.018,-0.071,-0.368,4.727,1.689,0.039,0.470,-1.114,3.212,0.494,4.968,1.130,3.266,0.510,4.971,4.062,5.930,35.844,89.938,-1.230,-10.086,-48.688,-92.438
4454.239,45.5,50.0,2.934,9.961,34.938,89.688,-2.365,-12.008,-50.594,-92.312,-0.630,4.012,32.739,97.398,1.060,-6.332,-48.469,-100.068,-5.113,-2.061,-0.028,-0.486,4.676,1.601,-0.002,0.386,-1.135,3.241,0.478,5.076,1.153,3.332,0.516,5.081,4.348,6.348,35.375,89.812,-1.296,-10.086,-48.969,-92.438
4454.339,46.5,50.0,2.934,9.969,35.000,89.562,-2.373,-12.094,-50.625,-91.938,-0.630,4.012,32.739,97.398,1.060,-6.332,-48.469,-100.068,-5.121,-1.871,0.029,-0.422,5.035,1.705,-0.093,0.348,-1.159,3.314,0.491,5.185,1.174,3.379,0.508,5.185,4.766,6.457,34.656,89.812,-1.099,-10.211,-48.719,-92.125
4454.441,47.5,50.0,2.941,9.977,35.031,89.375,-2.363,-12.141,-50.688,-91.938,-0.630,4.012,32.739,97.398,1.060,-6.332,-48.469,-100.068,-4.961,-1.861,-0.051,-0.434,4.680,1.651,-0.052,0.450,-1.180,3.384,0.499,5.296,1.202,3.446,0.517,5.298,4.129,6.457,33.781,89.688,-0.901,-10.148,-48.938,-91.875
4454.543,48.5,50.0,2.943,10.008,35.062,89.000,-2.379,-12.203,-50.719,-91.875,-0.630,4.012,32.739,97.398,1.060,-6.332,-48.469,-100.068,-5.359,-1.787,0.046,-0.477,5.039,1.624,-0.124,0.517,-1.203,3.444,0.499,5.402,1.222,3.504,0.519,5.409,4.656,7.074,35.844,89.312,-1.032,-9.977,-48.969,-91.625
4454.643,49.5,50.0,2.953,10.109,35.062,88.875,-2.383,-12.375,-50.750,-91.750,-0.630,4.012,32.739,97.398,1.060,-6.332,-48.469,-100.068,-5.184,-1.882,0.070,-0.322,4.738,1.955,-0.284,0.513,-1.223,3.483,0.488,5.509,1.245,3.529,0.498,5.515,3.449,6.152,35.094,88.875,-0.703,-10.211,-49.062,-91.875
4454.743,50.5,50.0,2.957,10.195,35.094,88.500,-2.385,-12.531,-50.750,-91.625,-0.630,4.012,32.739,97.398,1.060,-6.332,-48.469,-100.068,-5.102,-1.975,0.145,-0.282,4.648,1.925,-0.287,0.389,-1.244,3.524,0.476,5.611,1.268,3.553,0.476,5.620,4.766,6.766,34.969,88.375,-1.362,-10.258,-48.969,-91.625
4454.845,51.5,50.0,2.969,10.359,35.188,88.500,-2.383,-12.539,-50.781,-91.375,-0.630,4.012,32.739,97.398,1.060,-6.332,-48.469,-100.068,-5.012,-2.051,0.047,-0.353,4.730,1.849,-0.330,0.551,-1.264,3.556,0.464,5.720,1.293,3.620,0.481,5.728,4.328,6.656,34.656,88.562,-0.220,-10.305,-49.469,-91.188
4454.945,52.5,50.0,2.965,10.469,35.250,88.375,-2.389,-12.555,-50.781,-91.312,-0.630,4.012,32.739,97.398,1.060,-6.332,-48.469,-100.068,-4.980,-2.070,0.037,-0.439,4.652,1.800,-0.305,0.575,-1.288,3.596,0.455,5.825,1.315,3.684,0.486,5.838,3.691,7.074,35.250,88.438,-0.769,-10.328,-49.156,-92.062
4455.047,53.6,50.0,2.973,10.516,35.312,88.250,-2.385,-12.562,-50.812,-91.250,-0.630,4.012,32.739,97.398,1.060,-6.332,-48.469,-100.068,-5.090,-2.104,0.095,-0.413,4.668,1.646,-0.321,0.532,-1.309,3.655,0.458,5.935,1.342,3.755,0.496,5.950,4.219,6.656,34.656,88.438,-0.505,-10.281,-49.125,-91.312
4455.149,54.6,50.0,2.975,10.539,35.375,87.875,-2.395,-12.586,-50.875,-90.812,-0.630,4.012,32.739,97.398,1.060,-6.332,-48.469,-100.068,-4.980,-2.004,-0.074,-0.337,4.812,1.560,-0.354,0.108,-1.331,3.714,0.459,6.039,1.361,3.815,0.496,6.053,4.172,7.074,34.969,88.562,-1.296,-10.328,-49.250,-91.625
4455.251,55.6,50.0,2.980,10.555,35.469,87.875,-2.398,-12.609,-50.938,-90.500,-0.630,4.012,32.739,97.398,1.060,-6.332,-48.469,-100.068,-5.074,-1.993,0.023,-0.468,4.535,1.640,-0.413,0.387,-1.353,3.789,0.475,6.151,1.382,3.878,0.499,6.158,3.471,6.656,36.344,88.062,-0.901,-10.766,-48.969,-90.812
4455.351,56.6,50.0,2.984,10.586,35.500,87.812,-2.404,-12.633,-51.000,-90.250,-0.630,4.012,32.739,97.398,1.060,-6.332,-48.469,-100.068,-4.895,-1.914,0.015,-0.455,4.578,1.552,-0.261,0.269,-1.375,3.849,0.479,6.259,1.403,3.941,0.504,6.262,4.461,7.383,36.500,88.250,-1.099,-10.211,-49.125,-90.938
4455.453,57.6,50.0,3.010,10.609,35.531,87.750,-2.400,-12.680,-51.156,-90.125,-0.630,4.012,32.739,97.398,1.060,-6.332,-48.469,-100.068,-4.941,-1.818,-0.005,-0.487,4.730,1.568,0.026,0.381,-1.390,3.912,0.485,6.370,1.428,4.010,0.518,6.371,4.723,7.270,34.969,87.750,-1.296,-10.305,-49.500,-90.375
4455.555,58.6,50.0,3.010,10.680,35.594,87.625,-2.414,-12.711,-51.250,-90.062,-0.630,4.012,32.739,97.398,1.060,-6.332,-48.469,-100.068,-5.074,-1.885,-0.096,-0.509,4.648,1.591,-0.047,0.422,-1.413,3.961,0.481,6.477,1.447,4.080,0.530,6.481,4.348,7.270,35.375,87.938,-1.099,-11.094,-49.344,-89.688
4455.657,59.7,50.0,3.037,10.742,35.625,87.250,-2.420,-12.750,-51.312,-90.000,-0.630,4.012,32.739,97.398,1.060,-6.332,-48.469,-100.068,-4.855,-1.831,0.100,-0.437,4.832,1.464,-0.084,0.477,-1.424,4.001,0.468,6.578,1.469,4.143,0.536,6.591,5.402,7.160,35.094,87.125,-0.703,-11.312,-49.438,-90.125
4455.757,60.7,50.0,3.027,10.750,35.625,87.188,-2.416,-12.781,-51.344,-89.938,-0.630,4.012,32.739,97.398,1.060,-6.332,-48.469,-100.068,-4.926,-1.845,0.100,-0.526,4.617,1.488,-0.044,0.562,-1.451,4.064,0.472,6.687,1.495,4.203,0.540,6.699,4.414,7.270,35.250,88.062,-1.099,-11.070,-49.812,-90.125
4455.859,61.7,50.0,3.037,10.773,35.656,87.062,-2.426,-12.820,-51.375,-89.812,-0.630,4.012,32.739,97.398,1.060,-6.332,-48.469,-100.068,-4.918,-1.827,0.121,-0.526,4.781,1.469,-0.123,0.476,-1.471,4.124,0.474,6.795,1.515,4.260,0.540,6.807,5.645,7.160,35.375,87.750,-0.966,-10.828,-49.750,-90.125
4455.959,62.7,50.0,3.041,10.797,35.656,86.750,-2.426,-12.945,-51.375,-89.375,-0.630,4.012,32.739,97.398,1.060,-6.332,-48.469,-100.068,-4.789,-1.813,0.212,-0.243,4.527,1.675,-0.155,0.444,-1.490,4.173,0.465,6.895,1.536,4.271,0.504,6.901,4.414,7.512,35.094,87.188,-1.472,-11.180,-49.812,-89.938
4456.061,63.7,50.0,3.068,10.867,35.688,86.562,-2.438,-13.070,-51.438,-89.312,-0.630,4.012,32.739,97.398,1.060,-6.332,-48.469,-100.068,-5.000,-1.861,0.250,-0.419,4.445,1.629,-0.213,0.468,-1.501,4.212,0.453,7.000,1.555,4.300,0.488,7.007,5.602,7.645,35.375,86.500,-1.164,-11.266,-49.875,-89.938
4456.161,64.7,50.0,3.139,11.000,35.719,86.438,-2.445,-13.133,-51.500,-89.188,-0.630,4.012,32.739,97.398,1.060,-6.332,-48.469,-100.068,-5.086,-1.784,0.270,-0.374,4.539,1.678,-0.151,0.423,-1.494,4.228,0.427,7.100,1.574,4.348,0.484,7.112,4.723,7.754,34.062,86.625,-0.637,-11.266,-49.750,-89.250
4456.261,65.7,50.0,3.154,11.047,35.750,86.062,-2.453,-13.156,-51.562,-88.875,-0.630,4.012,32.739,97.398,1.060,-6.332,-48.469,-100.068,-5.125,-2.029,0.329,-0.220,4.555,1.682,-0.132,0.412,-1.507,4.267,0.412,7.197,1.592,4.403,0.483,7.211,5.207,7.141,36.344,86.625,-1.164,-11.250,-49.906,-88.438
4456.363,66.7,50.0,3.260,11.156,35.812,85.938,-2.494,-13.172,-51.625,-88.812,-0.630,4.012,32.739,97.398,1.060,-6.332,-48.469,-100.068,-5.367,-1.872,0.297,-0.339,4.562,1.560,-0.054,0.501,-1.484,4.294,0.394,7.300,1.599,4.471,0.493,7.320,5.227,7.383,36.125,86.938,-0.637,-11.266,-49.781,-89.062
4456.463,67.7,50.0,3.268,11.164,35.844,85.875,-2.510,-13.188,-51.719,-88.688,-0.630,4.012,32.739,97.398,1.060,-6.332,-48.469,-100.068,-5.402,-1.876,0.284,-0.478,4.715,1.437,0.068,0.423,-1.502,4.357,0.400,7.407,1.615,4.540,0.505,7.425,4.789,7.512,35.688,86.312,-1.230,-11.289,-49.750,-89.125
4456.565,68.7,50.0,3.268,11.164,35.906,85.812,-2.514,-13.219,-51.812,-88.312,-0.630,4.012,32.739,97.398,1.060,-6.332,-48.469,-100.068,-5.281,-1.723,0.220,-0.557,4.594,1.425,0.014,0.245,-1.523,4.429,0.413,7.516,1.634,4.595,0.503,7.524,4.789,7.645,35.375,86.438,-1.032,-11.156,-49.750,-89.062
4456.665,69.7,50.0,3.273,11.188,36.000,85.438,-2.502,-13.266,-51.875,-88.188,-0.630,4.012,32.739,97.398,1.060,-6.332,-48.469,-100.068,-5.266,-1.800,0.074,-0.257,4.707,1.466,0.098,0.375,-1.539,4.482,0.411,7.612,1.661,4.647,0.502,7.627,5.074,7.141,35.688,86.125,-0.901,-11.227,-49.719,-88.562
4456.765,70.7,50.0,3.264,11.219,36.125,85.375,-2.525,-13.359,-51.938,-88.000,-0.630,4.012,32.739,97.398,1.060,-6.332,-48.469,-100.068,-5.188,-1.870,0.100,-0.450,4.445,1.570,0.072,0.345,-1.563,4.548,0.424,7.717,1.672,4.676,0.484,7.726,4.438,8.258,37.500,85.938,-0.571,-11.531,-49.938,-88.312
4456.867,71.8,50.0,3.273,11.242,36.156,85.375,-2.535,-13.406,-51.938,-87.688,-0.630,4.012,32.739,97.398,1.060,-6.332,-48.469,-100.068,-5.227,-1.739,0.132,-0.531,4.660,1.441,-0.015,0.224,-1.581,4.608,0.428,7.828,1.689,4.712,0.465,7.824,5.184,7.754,35.969,85.750,-1.099,-11.312,-49.812,-87.438
4456.967,72.8,50.0,3.268,11.383,36.219,85.250,-2.545,-13.547,-51.969,-87.625,-0.630,4.012,32.739,97.398,1.060,-6.332,-48.469,-100.068,-5.336,-1.896,0.054,-0.530,4.480,1.733,-0.023,0.359,-1.603,4.616,0.399,7.926,1.706,4.719,0.433,7.925,5.098,7.754,37.219,85.875,-1.230,-11.266,-49.781,-87.562
4457.069,73.8,50.0,3.260,11.398,36.219,85.125,-2.549,-13.695,-52.000,-87.625,-0.630,4.012,32.739,97.398,1.060,-6.332,-48.469,-100.068,-5.105,-1.726,0.226,-0.515,4.582,1.766,-0.240,0.437,-1.628,4.669,0.394,8.032,1.727,4.726,0.401,8.029,4.766,7.754,36.125,85.938,-1.538,-11.930,-50.188,-88.000
4457.169,74.8,50.0,3.275,11.430,36.250,84.812,-2.574,-13.766,-52.000,-87.438,-0.630,4.012,32.739,97.398,1.060,-6.332,-48.469,-100.068,-5.281,-1.744,0.225,-0.448,4.801,1.754,-0.213,0.378,-1.639,4.710,0.381,8.128,1.737,4.751,0.377,8.128,5.141,8.125,37.375,85.938,-1.099,-11.312,-50.219,-87.438
4457.269,75.8,50.0,3.270,11.492,36.281,84.812,-2.592,-13.766,-52.031,-87.188,-0.630,4.012,32.739,97.398,1.060,-6.332,-48.469,-100.068,-5.160,-1.782,0.214,-0.557,4.633,1.740,-0.136,0.238,-1.664,4.750,0.372,8.233,1.749,4.808,0.375,8.226,4.461,7.754,36.938,85.625,-1.296,-11.289,-50.125,-87.312
4457.371,76.8,50.0,3.279,11.617,36.312,84.750,-2.611,-13.789,-52.094,-87.062,-0.630,4.012,32.739,97.398,1.060,-6.332,-48.469,-100.068,-5.234,-1.912,0.418,-0.563,4.715,1.642,-0.207,0.426,-1.679,4.760,0.341,8.336,1.761,4.866,0.377,8.331,5.340,7.754,36.344,85.438,-1.604,-11.664,-50.312,-86.562
4457.473,77.8,50.0,3.285,11.703,36.375,84.375,-2.621,-13.789,-52.125,-87.062,-0.630,4.012,32.739,97.398,1.060,-6.332,-48.469,-100.068,-5.133,-1.926,0.301,-0.278,4.566,1.562,-0.132,0.517,-1.694,4.776,0.311,8.427,1.779,4.935,0.388,8.441,4.680,8.016,36.500,85.062,-1.362,-11.750,-49.812,-87.438
4457.573,78.8,50.0,3.295,11.773,36.500,84.125,-2.623,-13.805,-52.188,-87.000,-0.630,4.012,32.739,97.398,1.060,-6.332,-48.469,-100.068,-5.199,-1.947,0.131,-0.518,4.605,1.617,-0.256,0.595,-1.707,4.812,0.301,8.521,1.800,4.998,0.395,8.546,4.348,8.258,35.688,84.750,-1.428,-11.992,-50.688,-87.000
4457.673,79.8,50.0,3.289,11.766,36.594,84.000,-2.645,-13.867,-52.219,-87.000,-0.630,4.012,32.739,97.398,1.060,-6.332,-48.469,-100.068,-5.117,-1.934,0.036,-0.399,4.781,1.589,-0.164,0.633,-1.730,4.885,0.317,8.624,1.812,5.037,0.386,8.652,5.141,8.016,37.094,85.375,-1.428,-12.062,-50.688,-87.000
4457.775,80.8,50.0,3.305,11.789,36.688,83.625,-2.654,-13.922,-52.375,-86.875,-0.630,4.012,32.739,97.398,1.060,-6.332,-48.469,-100.068,-5.121,-1.846,0.043,-0.261,4.668,1.658,0.062,0.594,-1.739,4.933,0.310,8.717,1.827,5.093,0.393,8.754,5.273,8.391,36.656,84.375,-1.670,-12.195,-50.875,-86.875
4457.875,81.8,50.0,3.324,11.820,36.781,83.562,-2.670,-13.977,-52.531,-86.500,-0.630,4.012,32.739,97.398,1.060,-6.332,-48.469,-100.068,-5.141,-1.860,0.047,-0.430,4.656,1.567,0.044,0.319,-1.748,4.990,0.316,8.820,1.836,5.136,0.388,8.843,4.832,7.754,36.656,84.438,-1.230,-12.211,-50.906,-86.688
4457.977,82.9,50.0,3.320,11.836,36.812,83.562,-2.680,-14.000,-52.562,-86.250,-0.630,4.012,32.739,97.398,1.060,-6.332,-48.469,-100.068,-5.324,-1.802,0.097,-0.495,4.559,1.485,0.034,0.449,-1.772,5.049,0.320,8.929,1.851,5.181,0.376,8.940,4.613,8.258,38.062,84.938,-1.362,-11.953,-50.688,-86.250
4458.077,83.9,50.0,3.320,11.844,36.844,83.438,-2.699,-14.008,-52.594,-85.812,-0.630,4.012,32.739,97.398,1.060,-6.332,-48.469,-100.068,-5.102,-1.695,0.157,-0.424,4.746,1.501,0.018,0.113,-1.791,5.105,0.320,9.030,1.858,5.223,0.359,9.027,3.910,7.754,36.500,83.625,-1.604,-12.281,-50.906,-85.812
4458.179,84.9,50.0,3.320,11.875,36.875,83.375,-2.701,-14.047,-52.594,-85.750,-0.630,4.012,32.739,97.398,1.060,-6.332,-48.469,-100.068,-5.055,-1.736,0.028,-0.548,4.840,1.473,-0.092,0.449,-1.812,5.153,0.315,9.136,1.879,5.263,0.347,9.132,3.910,8.500,36.781,83.625,-1.362,-12.125,-50.969,-85.875
4458.279,85.9,50.0,3.330,11.953,36.906,82.938,-2.701,-14.148,-52.625,-85.688,-0.630,4.012,32.739,97.398,1.060,-6.332,-48.469,-100.068,-5.199,-1.852,0.067,-0.472,4.711,1.627,-0.082,0.486,-1.822,5.156,0.272,9.217,1.899,5.275,0.318,9.231,4.438,8.258,37.500,83.562,-1.362,-12.148,-51.062,-84.938
4458.381,86.9,50.0,3.326,11.961,36.938,82.938,-2.715,-14.172,-52.656,-85.625,-0.630,4.012,32.739,97.398,1.060,-6.332,-48.469,-100.068,-5.113,-1.695,0.197,-0.489,4.652,1.536,-0.080,0.489,-1.846,5.219,0.278,9.326,1.913,5.328,0.316,9.336,5.227,9.008,37.219,83.312,-1.296,-12.281,-51.062,-85.875
4458.481,87.9,50.0,3.326,11.992,37.031,82.875,-2.727,-14.188,-52.719,-85.562,-0.630,4.012,32.739,97.398,1.060,-6.332,-48.469,-100.068,-5.113,-1.799,0.102,-0.577,4.844,1.477,-0.001,0.498,-1.865,5.275,0.284,9.429,1.927,5.388,0.322,9.439,4.348,8.766,36.500,82.750,-1.296,-12.305,-50.969,-85.688
4458.581,88.9,50.0,3.332,12.047,37.062,82.750,-2.725,-14.219,-52.781,-85.188,-0.630,4.012,32.739,97.398,1.060,-6.332,-48.469,-100.068,-5.094,-1.770,0.164,-0.550,4.621,1.472,-0.093,0.260,-1.881,5.304,0.266,9.526,1.946,5.422,0.303,9.525,3.953,8.633,36.781,83.125,-1.802,-12.016,-51.094,-85.125
4458.681,89.9,50.0,3.336,12.188,37.125,82.500,-2.730,-14.266,-52.844,-85.000,-0.630,4.012,32.739,97.398,1.060,-6.332,-48.469,-100.068,-4.941,-1.894,0.062,-0.410,4.641,1.488,-0.075,0.361,-1.895,5.285,0.214,9.612,1.961,5.458,0.289,9.620,4.395,8.391,37.656,82.688,-1.604,-12.258,-51.000,-85.000
4458.783,90.9,50.0,3.340,12.234,37.312,82.375,-2.742,-14.297,-52.938,-84.750,-0.630,4.012,32.739,97.398,1.060,-6.332,-48.469,-100.068,-5.039,-1.852,-0.158,-0.522,4.844,1.465,0.089,0.193,-1.911,5.344,0.227,9.711,1.973,5.505,0.283,9.714,4.680,8.500,37.094,82.688,-1.296,-12.234,-51.125,-84.938
4458.885,91.9,50.0,3.348,12.258,37.375,82.312,-2.748,-14.344,-53.031,-84.625,-0.630,4.012,32.739,97.398,1.060,-6.332,-48.469,-100.068,-4.945,-1.823,-0.071,-0.583,4.656,1.481,0.011,0.387,-1.926,5.399,0.229,9.815,1.989,5.550,0.278,9.813,4.590,8.875,36.781,82.750,-1.428,-12.344,-51.281,-84.375
4458.987,93.0,50.0,3.352,12.281,37.406,82.188,-2.756,-14.367,-53.062,-84.562,-0.630,4.012,32.739,97.398,1.060,-6.332,-48.469,-100.068,-4.828,-1.827,-0.098,-0.553,4.578,1.399,0.000,0.472,-1.943,5.444,0.221,9.915,2.005,5.600,0.275,9.916,3.932,9.117,37.500,82.562,-1.670,-12.367,-51.344,-84.500
4459.087,94.0,50.0,3.355,12.305,37.438,81.750,-2.752,-14.383,-53.125,-84.500,-0.630,4.012,32.739,97.398,1.060,-6.332,-48.469,-100.068,-4.785,-1.754,-0.033,-0.153,4.633,1.379,0.066,0.515,-1.956,5.467,0.190,9.996,2.028,5.659,0.280,10.019,4.613,9.008,36.500,82.562,-1.802,-12.211,-51.281,-85.000
4459.187,95.0,50.0,3.355,12.328,37.469,81.562,-2.777,-14.383,-53.156,-84.438,-0.630,4.012,32.739,97.398,1.060,-6.332,-48.469,-100.068,-5.066,-1.692,0.018,-0.436,4.898,1.331,-0.016,0.455,-1.974,5.506,0.177,10.090,2.033,5.721,0.285,10.121,4.746,8.391,36.781,81.375,-1.230,-12.281,-51.344,-84.062
4459.289,96.0,50.0,3.367,12.344,37.500,81.500,-2.777,-14.414,-53.156,-84.375,-0.630,4.012,32.739,97.398,1.060,-6.332,-48.469,-100.068,-5.043,-1.616,0.024,-0.359,4.473,1.259,-0.085,0.503,-1.986,5.558,0.174,10.193,2.053,5.761,0.271,10.224,4.348,8.766,38.219,82.312,-1.933,-12.195,-51.344,-84.625
4459.391,97.0,50.0,3.363,12.359,37.500,81.125,-2.787,-14.430,-53.188,-84.188,-0.630,4.012,32.739,97.398,1.060,-6.332,-48.469,-100.068,-4.922,-1.696,0.136,-0.349,4.699,1.251,-0.146,0.473,-2.005,5.583,0.143,10.278,2.066,5.806,0.261,10.321,4.723,9.383,37.500,80.875,-1.230,-12.781,-51.281,-84.625
4459.491,98.0,50.0,3.373,12.375,37.531,81.125,-2.789,-14.453,-53.219,-83.938,-0.630,4.012,32.739,97.398,1.060,-6.332,-48.469,-100.068,-4.812,-1.697,0.136,-0.434,4.684,1.308,-0.171,0.423,-2.019,5.637,0.144,10.383,2.083,5.842,0.243,10.411,5.141,9.383,38.344,81.250,-1.472,-12.656,-51.188,-84.312
4459.593,99.0,50.0,3.377,12.383,37.562,81.000,-2.809,-14.492,-53.219,-83.875,-0.630,4.012,32.739,97.398,1.060,-6.332,-48.469,-100.068,-4.875,-1.684,0.181,-0.367,4.715,1.104,-0.224,0.458,-2.036,5.689,0.140,10.482,2.091,5.875,0.225,10.512,3.889,9.383,37.094,81.438,-1.538,-12.609,-51.250,-83.688
4459.693,100.0,50.0,3.377,12.406,37.656,80.938,-2.812,-14.500,-53.250,-83.375,-0.630,4.012,32.739,97.398,1.060,-6.332,-48.469,-100.068,-4.863,-1.583,0.095,-0.504,4.805,1.312,-0.128,0.053,-2.054,5.745,0.147,10.580,2.103,5.901,0.193,10.585,4.480,8.766,36.938,81.812,-1.735,-12.500,-51.344,-83.062
4459.795,100.0,50.0,3.383,12.422,37.656,80.938,-2.818,-14.539,-53.250,-83.312,-0.630,4.012,32.739,97.398,1.060,-6.332,-48.469,-100.068,-4.676,-1.525,0.076,-0.440,4.496,1.304,-0.317,0.368,-2.050,5.735,0.140,10.579,2.098,5.873,0.172,10.578,4.504,8.500,38.062,81.688,-1.538,-12.805,-51.219,-83.625
4459.897,100.0,50.0,3.389,12.422,37.688,80.688,-2.814,-14.547,-53.250,-83.250,-0.630,4.012,32.739,97.398,1.060,-6.332,-48.469,-100.068,-4.914,-1.688,0.074,-0.258,4.648,1.321,-0.216,0.303,-2.042,5.724,0.128,10.563,2.100,5.864,0.164,10.573,4.832,8.633,36.656,80.688,-0.901,-12.367,-51.344,-83.062
4459.999,100.0,50.0,3.379,12.430,37.688,80.562,-2.820,-14.555,-53.250,-83.250,-0.630,4.012,32.739,97.398,1.060,-6.332,-48.469,-100.068,-4.914,-1.680,0.071,-0.325,4.574,1.279,-0.257,0.301,-2.047,5.710,0.115,10.555,2.096,5.859,0.161,10.573,4.348,9.383,38.062,80.688,-1.670,-12.695,-51.281,-83.500
4460.099,100.0,50.0,3.377,12.422,37.688,80.562,-2.820,-14.555,-53.250,-83.250,-0.630,4.012,32.739,97.398,1.060,-6.332,-48.469,-100.068,-4.902,-1.753,0.039,-0.268,4.738,1.280,-0.294,0.306,-2.048,5.715,0.118,10.556,2.096,5.859,0.161,10.573,4.832,8.633,37.219,80.438,-0.966,-12.656,-51.219,-83.625
4460.201,100.0,50.0,3.383,12.438,37.688,80.562,-2.820,-14.555,-53.250,-83.250,-0.630,4.012,32.739,97.398,1.060,-6.332,-48.469,-100.068,-4.965,-1.739,0.086,-0.322,4.602,1.287,-0.189,0.320,-2.044,5.706,0.112,10.554,2.096,5.859,0.161,10.573,4.328,9.492,37.781,81.000,-1.164,-12.852,-51.344,-83.812
4460.303,100.0,50.0,3.387,12.430,37.688,80.562,-2.824,-14.555,-53.281,-83.250,-0.630,4.012,32.739,97.398,1.060,-6.332,-48.469,-100.068,-5.020,-1.597,0.107,-0.294,4.547,1.311,-0.191,0.354,-2.042,5.710,0.115,10.555,2.093,5.865,0.167,10.573,4.723,8.125,37.781,80.688,-1.604,-12.500,-51.281,-83.938
4460.405,100.0,50.0,3.404,12.430,37.688,80.562,-2.830,-14.555,-53.250,-83.250,-0.630,4.012,32.739,97.398,1.060,-6.332,-48.469,-100.068,-4.891,-1.753,0.016,-0.294,4.711,1.290,-0.220,0.270,-2.030,5.710,0.115,10.555,2.089,5.859,0.161,10.572,4.480,9.008,36.500,80.688,-1.867,-12.656,-51.312,-83.625
4460.505,100.0,50.0,3.389,12.430,37.688,80.562,-2.824,-14.555,-53.281,-83.250,-0.630,4.012,32.739,97.398,1.060,-6.332,-48.469,-100.068,-4.699,-1.642,0.092,-0.366,4.535,1.366,-0.173,0.275,-2.041,5.710,0.115,10.555,2.093,5.865,0.167,10.573,4.395,9.859,37.938,80.625,-1.362,-12.781,-51.281,-83.250
4460.607,100.0,50.0,3.387,12.430,37.688,80.562,-2.830,-14.555,-53.250,-83.312,-0.630,4.012,32.739,97.398,1.060,-6.332,-48.469,-100.068,-4.898,-1.691,0.034,-0.274,4.746,1.257,-0.280,0.349,-2.042,5.710,0.115,10.555,2.090,5.863,0.166,10.576,3.932,8.500,37.500,81.125,-1.802,-12.719,-51.281,-83.688
4460.709,100.0,50.0,3.389,12.430,37.688,80.562,-2.824,-14.555,-53.250,-83.312,-0.630,4.012,32.739,97.398,1.060,-6.332,-48.469,-100.068,-4.965,-1.614,0.069,-0.332,4.809,1.341,-0.312,0.365,-2.041,5.710,0.115,10.555,2.094,5.863,0.166,10.576,4.305,9.250,38.656,80.812,-1.735,-12.609,-51.250,-83.625
4460.809,100.0,50.0,3.387,12.438,37.688,80.562,-2.830,-14.539,-53.250,-83.312,-0.630,4.012,32.739,97.398,1.060,-6.332,-48.469,-100.068,-5.207,-1.661,0.058,-0.297,4.645,1.258,-0.234,0.260,-2.042,5.706,0.112,10.554,2.090,5.873,0.172,10.578,4.523,8.258,38.656,80.562,-1.428,-12.781,-51.312,-83.375
4460.911,100.0,50.0,3.402,12.430,37.688,80.562,-2.830,-14.523,-53.219,-83.375,-0.630,4.012,32.739,97.398,1.060,-6.332,-48.469,-100.068,-5.051,-1.725,0.083,-0.274,4.668,1.259,-0.338,0.402,-2.032,5.710,0.115,10.555,2.091,5.880,0.177,10.583,4.523,9.008,37.500,80.125,-1.735,-12.414,-51.062,-83.375
4461.013,100.0,50.0,3.395,12.445,37.688,80.562,-2.818,-14.430,-53.219,-83.438,-0.630,4.012,32.739,97.398,1.060,-6.332,-48.469,-100.068,-4.906,-1.614,0.055,-0.281,4.645,1.065,-0.281,0.448,-2.037,5.701,0.108,10.554,2.101,5.941,0.220,10.594,4.438,8.633,37.219,81.812,-1.362,-12.344,-50.938,-83.375
4461.115,100.0,50.0,3.389,12.453,37.688,80.562,-2.818,-14.398,-53.188,-83.562,-0.630,4.012,32.739,97.398,1.060,-6.332,-48.469,-100.068,-5.113,-1.674,0.101,-0.298,4.504,1.083,-0.382,0.606,-2.040,5.696,0.105,10.553,2.103,5.963,0.235,10.604,4.414,8.500,37.781,81.438,-1.428,-12.367,-51.094,-84.062
4461.217,100.0,50.0,3.387,12.445,37.688,80.562,-2.828,-14.352,-53.156,-83.688,-0.630,4.012,32.739,97.398,1.060,-6.332,-48.469,-100.068,-5.004,-1.642,0.051,-0.271,4.762,1.039,-0.360,0.652,-2.042,5.701,0.108,10.554,2.098,5.993,0.257,10.615,4.547,8.875,38.219,81.000,-1.362,-12.500,-51.219,-84.625
4461.317,100.0,50.0,3.398,12.430,37.688,80.562,-2.828,-14.297,-53.156,-84.312,-0.630,4.012,32.739,97.398,1.060,-6.332,-48.469,-100.068,-5.129,-1.643,0.078,-0.282,4.699,0.884,-0.320,1.104,-2.034,5.710,0.115,10.555,2.107,6.068,0.326,10.657,4.414,8.633,38.062,80.812,-1.230,-12.148,-51.188,-84.938
4461.419,100.0,50.0,3.395,12.398,37.688,80.625,-2.824,-14.258,-53.094,-84.688,-0.630,4.012,32.739,97.398,1.060,-6.332,-48.469,-100.068,-4.938,-1.617,0.065,-0.368,4.547,0.855,-0.362,1.213,-2.038,5.734,0.133,10.561,2.115,6.103,0.355,10.682,4.461,8.875,37.938,80.812,-2.064,-12.344,-51.062,-85.438
4461.521,100.0,50.0,3.389,12.398,37.688,80.625,-2.820,-14.219,-53.094,-84.750,-0.630,4.012,32.739,97.398,1.060,-6.332,-48.469,-100.068,-4.922,-1.530,0.155,-0.299,4.512,0.664,-0.456,1.167,-2.042,5.734,0.133,10.561,2.118,6.131,0.376,10.688,4.348,8.875,37.938,81.125,-0.901,-12.195,-51.219,-85.438
4461.621,100.0,50.0,3.387,12.367,37.656,80.625,-2.824,-14.172,-53.000,-84.875,-0.630,4.012,32.739,97.398,1.060,-6.332,-48.469,-100.068,-5.055,-1.553,0.068,-0.334,4.469,0.668,-0.625,1.337,-2.044,5.746,0.139,10.564,2.119,6.149,0.384,10.699,4.680,8.875,37.781,81.000,-1.735,-12.281,-51.125,-85.250
4461.723,100.0,50.0,3.395,12.344,37.656,80.625,-2.824,-14.172,-52.969,-85.250,-0.630,4.012,32.739,97.398,1.060,-6.332,-48.469,-100.068,-4.980,-1.550,0.131,-0.366,4.801,0.645,-0.634,1.560,-2.039,5.761,0.148,10.565,2.124,6.167,0.403,10.720,4.461,9.008,37.656,81.250,-1.867,-12.039,-50.688,-85.250
4461.823,100.0,50.0,3.389,12.328,37.656,80.688,-2.818,-14.141,-52.844,-85.500,-0.630,4.012,32.739,97.398,1.060,-6.332,-48.469,-100.068,-4.863,-1.448,0.042,-0.338,4.750,0.594,-0.854,1.688,-2.043,5.774,0.160,10.571,2.132,6.177,0.407,10.737,4.832,9.383,37.500,81.688,-1.538,-12.125,-51.094,-86.000
4461.923,100.0,50.0,3.398,12.336,37.656,80.688,-2.828,-14.086,-52.812,-85.750,-0.630,4.012,32.739,97.398,1.060,-6.332,-48.469,-100.068,-4.957,-1.483,0.110,-0.480,4.707,0.515,-0.921,1.838,-2.037,5.770,0.156,10.570,2.130,6.219,0.439,10.754,4.438,8.766,37.219,82.438,-1.362,-11.930,-50.719,-86.312
4462.025,100.0,50.0,3.395,12.328,37.625,81.000,-2.818,-14.016,-52.719,-85.812,-0.630,4.012,32.739,97.398,1.060,-6.332,-48.469,-100.068,-5.211,-1.421,0.108,-0.810,4.418,0.384,-1.038,1.815,-2.044,5.790,0.177,10.590,2.138,6.246,0.452,10.763,4.590,8.258,35.969,82.312,-1.933,-11.711,-50.406,-85.688
4462.127,100.0,50.0,3.398,12.273,37.562,81.250,-2.830,-13.992,-52.594,-85.875,-0.630,4.012,32.739,97.398,1.060,-6.332,-48.469,-100.068,-5.043,-1.288,0.371,-0.754,4.691,0.481,-1.180,1.906,-2.046,5.828,0.205,10.609,2.133,6.240,0.439,10.768,4.723,9.383,36.656,82.312,-1.362,-11.266,-50.625,-86.125
4462.229,100.0,50.0,3.389,12.211,37.500,81.500,-2.830,-13.758,-52.594,-86.000,-0.630,4.012,32.739,97.398,1.060,-6.332,-48.469,-100.068,-5.020,-1.241,0.380,-0.911,4.594,-0.018,-1.089,1.999,-2.056,5.870,0.236,10.629,2.136,6.386,0.541,10.790,4.305,8.500,34.500,83.188,-1.428,-11.227,-50.969,-86.688
4462.329,100.0,50.0,3.402,12.180,37.469,81.688,-2.824,-13.594,-52.594,-86.375,-0.630,4.012,32.739,97.398,1.060,-6.332,-48.469,-100.068,-5.102,-1.135,0.286,-1.018,4.750,-0.254,-0.958,2.348,-2.050,5.895,0.256,10.643,2.146,6.505,0.631,10.821,3.889,9.250,36.781,82.562,-1.538,-11.312,-50.719,-86.312
4462.431,100.0,50.0,3.389,12.039,37.406,81.875,-2.820,-13.344,-52.531,-86.750,-0.630,4.012,32.739,97.398,1.060,-6.332,-48.469,-100.068,-4.895,-0.900,0.407,-1.081,4.738,-0.800,-1.066,2.453,-2.064,5.980,0.313,10.664,2.156,6.662,0.741,10.856,4.746,7.887,35.688,82.875,-1.933,-10.344,-50.469,-87.000
4462.531,100.0,50.0,3.387,11.836,37.250,82.188,-2.828,-13.102,-52.406,-87.062,-0.630,4.012,32.739,97.398,1.060,-6.332,-48.469,-100.068,-4.996,-0.683,0.637,-1.485,4.641,-0.975,-1.312,2.605,-2.072,6.092,0.385,10.697,2.158,6.798,0.830,10.887,4.941,8.391,36.500,82.688,-1.296,-10.234,-50.312,-88.188
4462.633,100.0,50.0,3.393,11.797,37.188,82.875,-2.830,-12.922,-51.969,-87.250,-0.630,4.012,32.739,97.398,1.060,-6.332,-48.469,-100.068,-4.863,-0.558,0.776,-1.869,4.539,-1.226,-2.004,2.746,-2.078,6.146,0.435,10.739,2.165,6.829,0.818,10.907,4.438,7.645,36.344,83.188,-1.538,-10.172,-49.812,-88.188
4462.735,100.0,50.0,3.389,11.758,36.875,83.125,-2.830,-12.711,-51.812,-88.000,-0.630,4.012,32.739,97.398,1.060,-6.332,-48.469,-100.068,-4.855,-0.621,1.252,-1.873,4.508,-1.600,-2.004,3.336,-2.088,6.125,0.401,10.756,2.178,6.961,0.912,10.955,4.941,7.512,35.250,83.875,-1.867,-10.172,-49.719,-88.688
4462.835,100.0,50.0,3.387,11.453,36.781,83.812,-2.844,-12.469,-51.750,-88.938,-0.630,4.012,32.739,97.398,1.060,-6.332,-48.469,-100.068,-5.047,-0.021,1.255,-2.365,4.652,-1.848,-2.004,3.889,-2.102,6.329,0.549,10.813,2.184,7.136,1.044,11.011,4.613,7.141,35.375,85.438,-1.735,-10.086,-49.812,-90.062
4462.937,100.0,50.0,3.402,11.172,36.781,84.000,-2.855,-12.438,-51.719,-89.188,-0.630,4.012,32.739,97.398,1.060,-6.332,-48.469,-100.068,-5.027,0.435,1.158,-2.332,4.734,-1.861,-2.094,3.920,-2.096,6.505,0.673,10.841,2.181,7.160,1.063,11.024,5.164,7.270,35.688,84.938,-2.064,-10.172,-49.625,-89.812
4463.039,100.0,50.0,3.424,10.883,36.781,84.312,-2.855,-12.344,-51.625,-89.562,-0.630,4.012,32.739,97.398,1.060,-6.332,-48.469,-100.068,-4.973,0.884,1.064,-2.576,4.668,-2.184,-2.432,4.043,-2.089,6.693,0.807,10.875,2.187,7.214,1.099,11.044,4.699,6.766,35.250,85.750,-1.867,-9.844,-49.594,-91.188
4463.139,100.0,50.0,3.424,10.602,36.688,84.438,-2.855,-12.188,-51.438,-89.750,-0.630,4.012,32.739,97.398,1.060,-6.332,-48.469,-100.068,-4.969,1.340,1.273,-2.682,4.570,-2.260,-2.549,4.262,-2.094,6.847,0.906,10.898,2.193,7.276,1.128,11.060,4.547,6.547,36.781,86.062,-1.428,-10.039,-49.656,-90.625
4463.241,100.0,50.0,3.428,10.516,36.531,84.938,-2.871,-12.031,-51.156,-90.125,-0.630,4.012,32.739,97.398,1.060,-6.332,-48.469,-100.068,-4.891,1.152,1.457,-3.012,4.801,-2.484,-3.141,4.344,-2.101,6.893,0.936,10.927,2.192,7.327,1.146,11.083,4.371,6.152,34.500,86.500,-1.472,-9.578,-49.062,-90.625
4463.341,100.0,50.0,3.430,10.516,36.312,85.250,-2.881,-11.906,-50.688,-90.125,-0.630,4.012,32.739,97.398,1.060,-6.332,-48.469,-100.068,-4.914,1.149,1.856,-3.285,4.652,-2.426,-3.652,4.379,-2.106,6.868,0.907,10.942,2.192,7.308,1.093,11.089,3.889,6.039,34.500,85.750,-1.999,-9.688,-48.625,-91.500
4463.443,100.0,50.0,3.424,10.492,36.125,85.625,-2.881,-11.797,-50.312,-90.125,-0.630,4.012,32.739,97.398,1.060,-6.332,-48.469,-100.068,-4.824,1.280,2.184,-3.480,4.770,-2.582,-4.332,4.328,-2.117,6.864,0.898,10.961,2.197,7.298,1.054,11.094,4.438,6.238,35.250,86.750,-1.032,-9.141,-48.031,-91.500
4463.543,100.0,50.0,3.439,10.445,35.906,86.188,-2.885,-11.766,-50.219,-90.125,-0.630,4.012,32.739,97.398,1.060,-6.332,-48.469,-100.068,-4.973,1.435,2.623,-3.861,4.539,-2.682,-4.211,4.340,-2.117,6.878,0.901,10.989,2.195,7.297,1.046,11.095,3.953,6.547,34.062,87.625,-1.296,-9.141,-47.812,-90.938
4463.643,100.0,50.0,3.455,10.328,35.594,86.625,-2.887,-11.719,-50.156,-90.125,-0.630,4.012,32.739,97.398,1.060,-6.332,-48.469,-100.068,-4.965,1.440,2.793,-3.965,4.836,-2.762,-4.375,4.336,-2.118,6.906,0.903,11.015,2.195,7.312,1.050,11.098,3.932,5.930,34.656,87.750,-1.604,-8.984,-47.844,-90.750
4463.743,100.0,50.0,3.518,10.078,35.406,86.938,-2.871,-11.609,-50.156,-90.125,-0.630,4.012,32.739,97.398,1.060,-6.332,-48.469,-100.068,-5.492,1.800,3.223,-4.102,4.723,-2.875,-4.234,4.281,-2.087,7.028,0.975,11.040,2.206,7.374,1.091,11.103,4.414,6.039,33.781,88.438,-1.472,-9.070,-47.750,-90.812
4463.843,100.0,50.0,3.631,9.578,34.719,86.938,-2.869,-11.555,-50.219,-90.062,-0.630,4.012,32.739,97.398,1.060,-6.332,-48.469,-100.068,-5.781,2.463,4.301,-3.967,4.711,-2.883,-4.121,4.344,-2.028,7.181,1.019,11.064,2.206,7.415,1.123,11.103,3.822,5.207,33.031,87.562,-1.230,-8.062,-47.781,-90.938
4463.945,100.0,50.0,3.641,9.461,34.375,86.875,-2.869,-11.523,-50.219,-90.000,-0.630,4.012,32.739,97.398,1.060,-6.332,-48.469,-100.068,-5.340,2.498,4.531,-4.004,4.734,-3.076,-4.164,4.262,-2.025,7.179,0.987,11.067,2.206,7.430,1.131,11.102,3.977,6.039,34.500,87.438,-1.428,-8.391,-47.875,-91.625
4464.047,100.0,50.0,3.627,9.430,34.375,86.875,-2.859,-11.336,-50.031,-90.000,-0.630,4.012,32.739,97.398,1.060,-6.332,-48.469,-100.068,-5.305,2.451,4.395,-3.951,4.574,-3.262,-4.676,4.348,-2.034,7.197,0.998,11.069,2.215,7.500,1.162,11.111,3.953,5.820,32.719,87.250,-1.670,-8.016,-47.688,-90.750
4464.149,100.0,50.0,3.611,9.391,34.281,86.875,-2.861,-11.219,-49.719,-90.000,-0.630,4.012,32.739,97.398,1.060,-6.332,-48.469,-100.068,-5.324,2.561,4.746,-3.951,4.648,-3.244,-5.223,4.363,-2.045,7.201,0.993,11.071,2.218,7.506,1.139,11.116,3.998,5.117,32.719,87.562,-1.362,-7.887,-47.500,-91.625
4464.249,100.0,50.0,3.619,9.289,33.938,86.875,-2.865,-11.219,-49.531,-90.062,-0.630,4.012,32.739,97.398,1.060,-6.332,-48.469,-100.068,-5.305,2.686,5.242,-4.031,4.590,-3.182,-5.211,4.340,-2.045,7.192,0.958,11.076,2.218,7.472,1.102,11.119,3.889,5.820,32.000,87.312,-1.538,-7.887,-47.000,-90.938
4464.349,100.0,50.0,3.621,9.156,33.656,86.875,-2.871,-11.219,-49.531,-90.062,-0.630,4.012,32.739,97.398,1.060,-6.332,-48.469,-100.068,-5.371,2.832,5.762,-4.016,4.660,-3.357,-5.207,4.336,-2.048,7.214,0.949,11.082,2.215,7.472,1.102,11.119,3.910,5.117,30.422,87.625,-1.604,-7.973,-47.219,-90.250
4464.451,100.0,50.0,3.621,9.000,33.469,86.875,-2.869,-11.219,-49.531,-90.062,-0.630,4.012,32.739,97.398,1.060,-6.332,-48.469,-100.068,-5.293,3.068,5.887,-4.055,4.387,-3.191,-5.266,4.258,-2.052,7.267,0.968,11.089,2.216,7.472,1.102,11.119,4.699,4.285,31.859,87.188,-1.604,-8.016,-47.219,-90.500
4464.551,100.0,50.0,3.621,8.977,33.344,86.875,-2.861,-11.219,-49.531,-90.062,-0.630,4.012,32.739,97.398,1.060,-6.332,-48.469,-100.068,-5.270,2.996,5.988,-4.066,4.668,-3.172,-5.133,4.297,-2.054,7.256,0.950,11.090,2.221,7.472,1.102,11.119,3.953,5.008,31.703,86.812,-1.538,-7.973,-47.219,-90.938
4464.651,100.0,50.0,3.615,8.953,33.312,86.875,-2.875,-11.219,-49.500,-90.062,-0.630,4.012,32.739,97.398,1.060,-6.332,-48.469,-100.068,-5.480,2.943,5.984,-3.959,4.539,-3.119,-5.270,4.312,-2.058,7.263,0.952,11.092,2.213,7.466,1.095,11.119,3.953,4.699,32.281,88.438,-1.670,-8.109,-46.969,-91.312
4464.753,100.0,50.0,3.625,8.953,33.312,86.875,-2.855,-11.219,-49.500,-90.062,-0.630,4.012,32.739,97.398,1.060,-6.332,-48.469,-100.068,-5.301,3.039,6.027,-4.055,4.859,-3.254,-5.215,4.375,-2.052,7.263,0.952,11.092,2.225,7.466,1.095,11.119,3.998,4.504,32.281,88.438,-1.670,-7.930,-47.219,-90.938
4464.855,100.0,50.0,3.621,8.922,33.188,86.875,-2.875,-11.211,-49.500,-90.062,-0.630,4.012,32.739,97.398,1.060,-6.332,-48.469,-100.068,-5.289,3.062,6.219,-4.078,4.438,-3.219,-5.148,4.363,-2.056,7.257,0.937,11.093,2.213,7.471,1.098,11.119,4.371,4.812,31.219,88.438,-0.835,-7.996,-47.031,-91.312
4464.957,100.0,50.0,3.611,8.852,33.125,86.875,-2.865,-11.219,-49.500,-90.062,-0.630,4.012,32.739,97.398,1.060,-6.332,-48.469,-100.068,-5.383,3.137,6.402,-3.994,4.711,-3.262,-5.207,4.344,-2.063,7.285,0.950,11.097,2.219,7.466,1.095,11.119,4.020,4.504,32.438,87.938,-1.428,-7.863,-47.281,-90.812
4465.059,100.0,50.0,3.615,8.820,33.062,86.812,-2.865,-11.211,-49.500,-90.062,-0.630,4.012,32.739,97.398,1.060,-6.332,-48.469,-100.068,-5.488,3.006,6.512,-4.043,4.656,-3.209,-5.230,4.375,-2.061,7.288,0.946,11.095,2.219,7.471,1.098,11.119,4.285,5.008,30.578,87.250,-1.428,-7.887,-47.219,-90.938
4465.159,100.0,50.0,3.609,8.789,33.000,86.875,-2.861,-11.203,-49.500,-90.062,-0.630,4.012,32.739,97.398,1.060,-6.332,-48.469,-100.068,-5.184,3.092,6.516,-4.031,4.422,-3.201,-5.191,4.371,-2.066,7.296,0.947,11.099,2.221,7.475,1.101,11.119,3.953,4.504,30.422,87.750,-1.735,-7.777,-47.250,-91.500
4465.261,100.0,50.0,3.604,8.727,32.938,86.875,-2.871,-11.195,-49.500,-90.125,-0.630,4.012,32.739,97.398,1.060,-6.332,-48.469,-100.068,-5.426,3.279,6.500,-4.035,4.688,-3.328,-5.305,4.395,-2.071,7.319,0.958,11.102,2.216,7.482,1.107,11.122,3.953,3.998,30.734,87.750,-2.131,-8.016,-47.156,-90.500
4465.363,100.0,50.0,3.621,8.695,32.844,86.812,-2.869,-11.188,-49.500,-90.125,-0.630,4.012,32.739,97.398,1.060,-6.332,-48.469,-100.068,-5.309,3.316,6.750,-4.023,4.695,-3.180,-5.211,4.340,-2.061,7.316,0.946,11.101,2.217,7.487,1.110,11.122,4.523,4.590,32.000,87.625,-1.472,-7.973,-47.156,-90.375
4465.465,100.0,50.0,3.611,8.664,32.750,86.875,-2.855,-11.180,-49.500,-90.125,-0.630,4.012,32.739,97.398,1.060,-6.332,-48.469,-100.068,-5.312,3.352,6.875,-4.000,4.816,-3.229,-5.258,4.465,-2.069,7.319,0.941,11.105,2.226,7.491,1.113,11.123,4.438,4.285,30.734,87.625,-1.735,-7.973,-47.250,-91.188
4465.567,100.0,50.0,3.609,8.633,32.719,86.875,-2.871,-11.180,-49.469,-90.125,-0.630,4.012,32.739,97.398,1.060,-6.332,-48.469,-100.068,-5.328,3.303,6.754,-4.066,4.602,-3.197,-5.219,4.379,-2.071,7.330,0.946,11.107,2.217,7.485,1.106,11.123,4.328,4.699,30.422,87.562,-2.064,-7.953,-47.062,-91.375
4465.669,100.0,50.0,3.609,8.617,32.688,86.875,-2.875,-11.180,-49.469,-90.125,-0.630,4.012,32.739,97.398,1.060,-6.332,-48.469,-100.068,-5.352,3.385,6.789,-4.047,4.738,-3.305,-5.250,4.457,-2.072,7.333,0.945,11.107,2.214,7.485,1.106,11.123,4.020,4.285,30.422,87.562,-1.296,-7.863,-47.031,-91.625
4465.769,100.0,50.0,3.604,8.617,32.688,86.875,-2.869,-11.172,-49.469,-90.125,-0.630,4.012,32.739,97.398,1.060,-6.332,-48.469,-100.068,-5.379,3.441,6.832,-4.027,4.406,-3.316,-5.230,4.387,-2.075,7.333,0.945,11.108,2.218,7.489,1.109,11.123,3.977,4.590,30.266,87.750,-1.735,-7.754,-46.969,-91.312
4465.869,100.0,50.0,3.600,8.617,32.656,86.875,-2.859,-11.180,-49.469,-90.125,-0.630,4.012,32.739,97.398,1.060,-6.332,-48.469,-100.068,-5.500,3.387,7.016,-4.070,4.598,-3.215,-5.465,4.242,-2.078,7.327,0.939,11.108,2.224,7.485,1.106,11.123,4.371,4.285,30.734,87.875,-1.032,-7.996,-47.062,-91.375
4465.969,100.0,50.0,3.609,8.594,32.625,86.875,-2.869,-11.172,-49.469,-90.125,-0.630,4.012,32.739,97.398,1.060,-6.332,-48.469,-100.068,-5.305,3.336,7.008,-4.082,4.668,-3.219,-5.457,4.484,-2.073,7.334,0.941,11.109,2.218,7.489,1.109,11.123,4.328,4.285,30.422,87.625,-2.262,-7.973,-47.344,-90.938
4466.069,100.0,50.0,3.605,8.586,32.625,86.875,-2.869,-11.172,-49.469,-90.125,-0.630,4.012,32.739,97.398,1.060,-6.332,-48.469,-100.068,-5.402,3.406,6.934,-4.047,4.871,-3.199,-5.367,4.367,-2.075,7.339,0.944,11.109,2.218,7.489,1.109,11.123,3.998,4.504,30.094,87.625,-1.472,-7.973,-47.312,-91.500
4466.171,100.0,50.0,3.611,8.578,32.625,86.875,-2.871,-11.188,-49.469,-90.125,-0.630,4.012,32.739,97.398,1.060,-6.332,-48.469,-100.068,-5.309,3.346,7.000,-4.047,4.680,-3.207,-5.164,4.387,-2.071,7.343,0.947,11.109,2.217,7.481,1.103,11.122,3.889,4.590,30.266,88.250,-1.735,-7.820,-47.188,-91.312
4466.273,100.0,50.0,3.605,8.570,32.594,86.875,-2.861,-11.172,-49.469,-90.125,-0.630,4.012,32.739,97.398,1.060,-6.332,-48.469,-100.068,-5.289,3.232,6.965,-4.027,4.605,-3.246,-5.211,4.426,-2.076,7.342,0.943,11.110,2.223,7.490,1.109,11.123,4.414,4.172,32.000,87.875,-1.604,-7.820,-47.219,-90.812
4466.375,100.0,50.0,3.605,8.570,32.625,86.875,-2.869,-11.172,-49.469,-90.125,-0.630,4.012,32.739,97.398,1.060,-6.332,-48.469,-100.068,-5.344,3.334,6.953,-4.066,4.883,-3.279,-5.281,4.273,-2.075,7.348,0.950,11.110,2.218,7.489,1.109,11.123,3.977,4.109,30.906,88.250,-1.802,-7.973,-47.062,-90.625
4466.475,100.0,50.0,3.605,8.570,32.625,86.875,-2.861,-11.172,-49.469,-90.125,-0.630,4.012,32.739,97.398,1.060,-6.332,-48.469,-100.068,-5.145,3.287,6.926,-4.016,4.762,-3.234,-5.324,4.477,-2.075,7.348,0.950,11.110,2.223,7.490,1.109,11.123,4.043,4.699,30.734,87.750,-1.230,-7.996,-47.219,-91.062
4466.577,100.0,50.0,3.600,8.578,32.594,86.875,-2.865,-11.164,-49.469,-90.125,-0.630,4.012,32.739,97.398,1.060,-6.332,-48.469,-100.068,-5.281,3.383,6.875,-4.043,4.680,-3.330,-5.430,4.355,-2.079,7.337,0.940,11.109,2.220,7.494,1.112,11.124,4.020,4.590,32.000,87.188,-1.802,-8.016,-46.938,-90.938
4466.677,100.0,50.0,3.609,8.570,32.625,86.875,-2.865,-11.156,-49.469,-90.125,-0.630,4.012,32.739,97.398,1.060,-6.332,-48.469,-100.068,-5.293,3.385,6.848,-4.008,4.723,-3.311,-5.406,4.445,-2.073,7.348,0.950,11.110,2.220,7.498,1.115,11.124,3.953,4.395,31.219,87.938,-1.538,-7.906,-47.031,-91.062
4466.779,100.0,50.0,3.605,8.570,32.594,86.875,-2.869,-11.172,-49.469,-90.125,-0.630,4.012,32.739,97.398,1.060,-6.332,-48.469,-100.068,-5.250,3.281,7.082,-4.062,4.723,-3.244,-5.250,4.438,-2.076,7.342,0.943,11.110,2.218,7.489,1.109,11.123,3.734,4.285,31.219,87.750,-1.538,-7.953,-47.125,-91.062
4466.881,100.0,50.0,3.609,8.562,32.594,86.875,-2.855,-11.172,-49.438,-90.125,-0.630,4.012,32.739,97.398,1.060,-6.332,-48.469,-100.068,-5.148,3.408,6.938,-4.117,4.773,-3.246,-5.270,4.336,-2.073,7.346,0.946,11.110,2.227,7.484,1.103,11.123,3.932,4.590,31.859,87.312,-2.131,-7.863,-47.219,-91.625
4466.981,100.0,50.0,3.605,8.570,32.594,86.875,-2.871,-11.164,-49.469,-90.125,-0.630,4.012,32.739,97.398,1.060,-6.332,-48.469,-100.068,-5.527,3.445,7.023,-4.031,4.699,-3.240,-5.316,4.438,-2.076,7.342,0.943,11.110,2.217,7.494,1.112,11.123,3.998,4.172,29.156,87.312,-1.867,-7.996,-47.219,-90.938
4467.083,100.0,50.0,3.605,8.562,32.594,86.875,-2.859,-11.164,-49.469,-90.125,-0.630,4.012,32.739,97.398,1.060,-6.332,-48.469,-100.068,-5.410,3.381,7.105,-4.121,4.781,-3.240,-5.320,4.375,-2.076,7.346,0.946,11.110,2.224,7.494,1.112,11.124,3.932,4.590,29.938,87.438,-1.604,-7.906,-47.188,-91.188
4467.183,100.0,50.0,3.605,8.562,32.594,86.875,-2.861,-11.172,-49.469,-90.125,-0.630,4.012,32.739,97.398,1.060,-6.332,-48.469,-100.068,-5.352,3.373,6.984,-4.039,4.895,-3.244,-5.281,4.336,-2.076,7.346,0.946,11.110,2.223,7.490,1.109,11.123,3.932,3.998,30.734,87.188,-1.538,-7.953,-47.125,-91.188
4467.285,100.0,50.0,3.609,8.570,32.594,86.812,-2.869,-11.164,-49.438,-90.125,-0.630,4.012,32.739,97.398,1.060,-6.332,-48.469,-100.068,-5.152,3.404,7.004,-4.023,4.605,-3.252,-5.195,4.344,-2.072,7.339,0.940,11.107,2.218,7.488,1.105,11.123,4.086,3.910,31.062,87.188,-1.670,-7.906,-47.062,-91.188
4467.387,100.0,50.0,3.605,8.570,32.594,86.875,-2.865,-11.156,-49.469,-90.125,-0.630,4.012,32.739,97.398,1.060,-6.332,-48.469,-100.068,-5.203,3.369,7.113,-4.086,4.648,-3.305,-5.398,4.348,-2.076,7.342,0.943,11.110,2.220,7.498,1.115,11.124,3.932,4.395,30.422,87.625,-2.064,-7.953,-47.156,-91.062
4467.487,100.0,50.0,3.605,8.570,32.594,86.875,-2.871,-11.164,-49.438,-90.125,-0.630,4.012,32.739,97.398,1.060,-6.332,-48.469,-100.068,-5.129,3.330,6.988,-4.078,4.762,-3.264,-5.320,4.402,-2.076,7.342,0.943,11.110,2.217,7.488,1.105,11.123,3.932,4.504,31.547,87.562,-1.296,-7.930,-47.031,-91.375
4467.589,100.0,50.0,3.609,8.570,32.594,86.875,-2.865,-11.164,-49.469,-90.125,-0.630,4.012,32.739,97.398,1.060,-6.332,-48.469,-100.068,-5.262,3.291,7.078,-4.023,4.336,-3.234,-5.422,4.379,-2.073,7.342,0.943,11.110,2.220,7.494,1.112,11.124,4.305,4.812,30.422,87.562,-1.604,-7.930,-47.219,-91.188
4467.689,100.0,50.0,3.611,8.570,32.594,86.875,-2.859,-11.156,-49.469,-90.125,-0.630,4.012,32.739,97.398,1.060,-6.332,-48.469,-100.068,-5.410,3.416,6.988,-4.070,4.617,-3.336,-5.445,4.480,-2.072,7.342,0.943,11.110,2.224,7.498,1.115,11.124,4.043,4.285,31.703,87.875,-1.670,-7.930,-47.000,-91.875
4467.791,100.0,50.0,3.609,8.562,32.594,86.875,-2.865,-11.156,-49.438,-90.125,-0.630,4.012,32.739,97.398,1.060,-6.332,-48.469,-100.068,-5.215,3.268,7.039,-4.121,4.715,-3.277,-5.293,4.355,-2.073,7.346,0.946,11.110,2.221,7.492,1.108,11.124,4.348,4.504,31.062,87.188,-1.362,-7.996,-47.219,-90.812
4467.891,100.0,50.0,3.604,8.555,32.594,86.812,-2.871,-11.172,-49.469,-90.125,-0.630,4.012,32.739,97.398,1.060,-6.332,-48.469,-100.068,-5.180,3.400,7.043,-4.078,4.543,-3.211,-5.359,4.512,-2.076,7.348,0.946,11.108,2.217,7.489,1.109,11.123,4.043,4.504,29.297,87.312,-1.933,-7.953,-47.188,-91.188
4467.991,100.0,50.0,3.611,8.562,32.594,86.875,-2.869,-11.164,-49.438,-90.125,-0.630,4.012,32.739,97.398,1.060,-6.332,-48.469,-100.068,-5.211,3.338,6.992,-4.004,4.703,-3.262,-5.195,4.391,-2.072,7.346,0.946,11.110,2.218,7.488,1.105,11.123,4.371,4.285,30.422,87.562,-1.735,-7.996,-46.906,-91.062
4468.093,100.0,50.0,3.605,8.555,32.594,86.875,-2.865,-11.164,-49.438,-90.125,-0.630,4.012,32.739,97.398,1.060,-6.332,-48.469,-100.068,-5.414,3.465,6.992,-4.090,4.617,-3.305,-5.273,4.406,-2.076,7.350,0.949,11.110,2.221,7.488,1.105,11.124,3.953,4.898,31.219,87.625,-1.032,-7.711,-47.000,-90.812
4468.195,100.0,50.0,3.619,8.562,32.594,86.875,-2.871,-11.156,-49.438,-90.125,-0.630,4.012,32.739,97.398,1.060,-6.332,-48.469,-100.068,-5.285,3.398,6.945,-4.066,4.734,-3.381,-5.246,4.379,-2.067,7.346,0.946,11.110,2.217,7.492,1.108,11.124,4.570,3.998,30.734,88.250,-1.472,-7.887,-47.156,-90.750
4468.295,100.0,50.0,3.604,8.562,32.594,86.875,-2.875,-11.156,-49.438,-90.125,-0.630,4.012,32.739,97.398,1.060,-6.332,-48.469,-100.068,-5.570,3.408,6.926,-3.992,4.582,-3.352,-5.289,4.324,-2.077,7.346,0.946,11.110,2.215,7.492,1.108,11.124,3.953,4.285,30.094,87.750,-1.099,-7.887,-47.000,-91.062
4468.395,100.0,50.0,3.605,8.562,32.594,86.812,-2.865,-11.164,-49.438,-90.125,-0.630,4.012,32.739,97.398,1.060,-6.332,-48.469,-100.068,-5.418,3.311,6.992,-4.004,4.586,-3.309,-5.164,4.305,-2.075,7.343,0.943,11.108,2.221,7.488,1.105,11.124,3.932,3.998,29.156,87.875,-1.933,-7.996,-47.094,-91.312
4468.497,100.0,50.0,3.605,8.562,32.594,86.875,-2.865,-11.164,-49.438,-90.125,-0.630,4.012,32.739,97.398,1.060,-6.332,-48.469,-100.068,-5.465,3.447,6.801,-4.043,4.668,-3.371,-5.191,4.422,-2.076,7.346,0.946,11.110,2.221,7.488,1.105,11.124,3.889,4.285,30.094,87.625,-1.362,-7.844,-46.906,-90.750
4468.599,100.0,50.0,3.605,8.562,32.594,86.812,-2.865,-11.172,-49.438,-90.125,-0.630,4.012,32.739,97.398,1.060,-6.332,-48.469,-100.068,-5.320,3.490,7.055,-4.031,4.551,-3.301,-5.254,4.484,-2.075,7.343,0.943,11.108,2.221,7.483,1.103,11.123,3.953,4.172,29.453,87.562,-2.197,-7.797,-47.094,-90.500
4468.699,100.0,50.0,3.609,8.555,32.594,86.875,-2.871,-11.164,-49.438,-90.125,-0.630,4.012,32.739,97.398,1.060,-6.332,-48.469,-100.068,-5.426,3.375,6.984,-4.051,4.910,-3.305,-5.375,4.324,-2.073,7.350,0.949,11.110,2.217,7.488,1.105,11.123,4.043,4.590,29.938,87.562,-1.802,-7.621,-47.156,-91.312
4468.801,100.0,50.0,3.605,8.555,32.594,86.875,-2.865,-11.172,-49.438,-90.125,-0.630,4.012,32.739,97.398,1.060,-6.332,-48.469,-100.068,-5.176,3.422,6.953,-4.074,4.621,-3.244,-5.340,4.383,-2.076,7.350,0.949,11.110,2.221,7.483,1.103,11.123,4.020,4.395,30.094,87.438,-1.604,-7.906,-47.281,-91.188
4468.903,100.0,50.0,3.611,8.562,32.594,86.875,-2.859,-11.164,-49.438,-90.125,-0.630,4.012,32.739,97.398,1.060,-6.332,-48.469,-100.068,-5.566,3.420,6.949,-4.109,4.648,-3.262,-5.254,4.371,-2.072,7.346,0.946,11.110,2.224,7.488,1.105,11.124,3.998,4.504,30.094,87.875,-1.362,-8.039,-47.062,-90.938
4469.003,100.0,50.0,3.611,8.570,32.594,86.812,-2.865,-11.172,-49.438,-90.125,-0.630,4.012,32.739,97.398,1.060,-6.332,-48.469,-100.068,-5.379,3.383,6.883,-3.984,4.648,-3.195,-5.242,4.422,-2.071,7.339,0.940,11.107,2.221,7.483,1.103,11.123,4.723,4.699,29.641,87.875,-1.802,-7.973,-47.094,-91.062
4469.105,100.0,50.0,3.611,8.555,32.594,86.875,-2.869,-11.164,-49.438,-90.125,-0.630,4.012,32.739,97.398,1.060,-6.332,-48.469,-100.068,-5.402,3.242,7.012,-4.059,4.688,-3.232,-5.250,4.355,-2.072,7.350,0.949,11.110,2.218,7.488,1.105,11.123,3.801,5.008,31.547,87.562,-1.867,-7.953,-47.219,-90.750
4469.205,100.0,50.0,3.611,8.555,32.594,86.875,-2.865,-11.172,-49.438,-90.125,-0.630,4.012,32.739,97.398,1.060,-6.332,-48.469,-100.068,-5.453,3.502,7.062,-4.051,4.562,-3.148,-5.383,4.262,-2.072,7.350,0.949,11.110,2.221,7.483,1.103,11.123,4.395,4.590,30.266,87.188,-1.538,-7.844,-47.250,-91.625
4469.307,100.0,50.0,3.609,8.555,32.594,86.875,-2.865,-11.164,-49.438,-90.125,-0.630,4.012,32.739,97.398,1.060,-6.332,-48.469,-100.068,-5.336,3.391,6.965,-3.979,4.746,-3.180,-5.422,4.449,-2.073,7.350,0.949,11.110,2.221,7.488,1.105,11.124,3.932,4.285,30.266,88.562,-1.670,-7.953,-46.969,-90.812
4469.409,100.0,50.0,3.605,8.555,32.594,86.875,-2.865,-11.156,-49.438,-90.125,-0.630,4.012,32.739,97.398,1.060,-6.332,-48.469,-100.068,-5.426,3.389,6.953,-4.059,4.668,-3.283,-5.324,4.383,-2.076,7.350,0.949,11.110,2.221,7.492,1.108,11.124,3.953,4.898,30.578,87.938,-1.735,-7.820,-47.156,-91.188
4469.511,100.0,50.0,3.604,8.570,32.594,86.875,-2.861,-11.164,-49.438,-90.125,-0.630,4.012,32.739,97.398,1.060,-6.332,-48.469,-100.068,-5.324,3.344,7.051,-4.074,4.562,-3.260,-5.195,4.344,-2.077,7.342,0.943,11.110,2.223,7.488,1.105,11.124,3.953,4.699,30.906,87.750,-1.472,-7.777,-47.125,-91.375
4469.613,100.0,50.0,3.605,8.555,32.594,86.875,-2.869,-11.164,-49.438,-90.125,-0.630,4.012,32.739,97.398,1.060,-6.332,-48.469,-100.068,-5.320,3.418,6.988,-4.012,4.617,-3.197,-5.336,4.363,-2.076,7.350,0.949,11.110,2.218,7.488,1.105,11.123,3.910,3.998,30.266,87.875,-1.538,-7.996,-47.156,-90.812
4469.715,100.0,50.0,3.605,8.562,32.594,86.812,-2.861,-11.156,-49.438,-90.125,-0.630,4.012,32.739,97.398,1.060,-6.332,-48.469,-100.068,-5.395,3.363,6.910,-4.043,4.539,-3.244,-5.395,4.414,-2.075,7.343,0.943,11.108,2.223,7.492,1.108,11.124,4.699,4.395,30.906,88.375,-2.064,-7.906,-47.031,-90.625
4469.817,100.0,50.0,3.604,8.555,32.594,86.875,-2.861,-11.164,-49.438,-90.125,-0.630,4.012,32.739,97.398,1.060,-6.332,-48.469,-100.068,-5.410,3.395,6.953,-4.051,4.684,-3.213,-5.234,4.352,-2.077,7.350,0.949,11.110,2.223,7.488,1.105,11.124,3.910,4.172,31.703,87.250,-1.428,-7.996,-47.062,-90.812
4469.919,100.0,50.0,3.604,8.555,32.594,86.875,-2.865,-11.164,-49.438,-90.125,-0.630,4.012,32.739,97.398,1.060,-6.332,-48.469,-100.068,-5.340,3.445,7.008,-4.012,4.609,-3.230,-5.305,4.484,-2.077,7.350,0.949,11.110,2.221,7.488,1.105,11.124,4.371,3.998,30.906,88.250,-1.362,-7.930,-47.219,-91.375
4470.019,100.0,50.0,3.605,8.555,32.594,86.875,-2.865,-11.164,-49.438,-90.125,-0.630,4.012,32.739,97.398,1.060,-6.332,-48.469,-100.068,-5.473,3.309,6.824,-4.047,4.672,-3.273,-5.203,4.344,-2.076,7.350,0.949,11.110,2.221,7.488,1.105,11.124,4.020,4.504,29.297,87.562,-1.933,-7.906,-47.094,-91.500
4470.119,100.0,50.0,3.605,8.555,32.594,86.875,-2.861,-11.164,-49.438,-90.125,-0.630,4.012,32.739,97.398,1.060,-6.332,-48.469,-100.068,-5.117,3.451,6.883,-4.070,4.773,-3.258,-5.344,4.387,-2.076,7.350,0.949,11.110,2.223,7.488,1.105,11.124,4.043,4.504,30.578,88.062,-1.604,-7.797,-47.188,-91.500
4470.221,100.0,50.0,3.604,8.570,32.594,86.875,-2.865,-11.148,-49.438,-90.125,-0.630,4.012,32.739,97.398,1.060,-6.332,-48.469,-100.068,-5.316,3.338,6.988,-4.070,4.398,-3.359,-5.207,4.375,-2.077,7.342,0.943,11.110,2.221,7.497,1.111,11.124,3.977,4.504,31.703,87.938,-1.999,-7.863,-47.188,-91.375
4470.323,100.0,50.0,3.605,8.555,32.594,86.875,-2.861,-11.164,-49.438,-90.125,-0.630,4.012,32.739,97.398,1.060,-6.332,-48.469,-100.068,-5.383,3.369,6.988,-4.020,4.582,-3.311,-5.199,4.375,-2.076,7.350,0.949,11.110,2.223,7.488,1.105,11.124,3.844,4.285,30.906,87.750,-1.933,-7.863,-47.062,-91.500
4470.425,100.0,50.0,3.604,8.555,32.594,86.875,-2.865,-11.156,-49.438,-90.125,-0.630,4.012,32.739,97.398,1.060,-6.332,-48.469,-100.068,-5.363,3.256,7.090,-4.031,4.539,-3.258,-5.305,4.328,-2.077,7.350,0.949,11.110,2.221,7.492,1.108,11.124,4.547,4.109,30.422,88.438,-1.802,-7.863,-47.156,-91.312
4470.525,100.0,50.0,3.609,8.555,32.594,86.875,-2.865,-11.164,-49.438,-90.125,-0.630,4.012,32.739,97.398,1.060,-6.332,-48.469,-100.068,-5.262,3.402,7.047,-4.023,4.590,-3.285,-5.305,4.305,-2.073,7.350,0.949,11.110,2.221,7.488,1.105,11.124,3.977,4.590,30.578,87.875,-1.933,-7.930,-47.125,-90.938
4470.625,100.0,50.0,3.609,8.555,32.594,86.875,-2.875,-11.172,-49.438,-90.125,-0.630,4.012,32.739,97.398,1.060,-6.332,-48.469,-100.068,-5.328,3.334,6.938,-4.066,4.414,-3.252,-5.324,4.352,-2.073,7.350,0.949,11.110,2.215,7.483,1.103,11.123,3.977,4.395,32.438,87.875,-1.099,-7.953,-47.219,-91.312
4470.727,100.0,50.0,3.611,8.555,32.594,86.875,-2.861,-11.164,-49.438,-90.125,-0.630,4.012,32.739,97.398,1.060,-6.332,-48.469,-100.068,-5.332,3.381,7.086,-3.963,4.676,-3.223,-5.371,4.457,-2.072,7.350,0.949,11.110,2.223,7.488,1.105,11.124,3.953,4.812,30.578,87.625,-1.538,-7.930,-47.219,-90.500
4470.827,100.0,50.0,3.609,8.555,32.594,86.875,-2.865,-11.172,-49.438,-90.125,-0.630,4.012,32.739,97.398,1.060,-6.332,-48.469,-100.068,-5.352,3.471,6.930,-4.039,4.762,-3.166,-5.254,4.488,-2.073,7.350,0.949,11.110,2.221,7.483,1.103,11.123,3.953,4.504,31.062,87.438,-1.472,-7.711,-47.219,-91.750
4470.929,100.0,50.0,3.615,8.555,32.594,86.875,-2.861,-11.156,-49.438,-90.125,-0.630,4.012,32.739,97.398,1.060,-6.332,-48.469,-100.068,-5.426,3.355,6.910,-4.027,4.695,-3.217,-5.254,4.461,-2.070,7.350,0.949,11.110,2.223,7.492,1.108,11.124,4.086,3.910,30.578,87.562,-1.735,-7.863,-47.125,-90.625
4471.029,100.0,50.0,3.611,8.555,32.594,86.875,-2.861,-11.156,-49.438,-90.125,-0.630,4.012,32.739,97.398,1.060,-6.332,-48.469,-100.068,-5.406,3.391,6.957,-4.055,4.656,-3.201,-5.312,4.402,-2.072,7.350,0.949,11.110,2.223,7.492,1.108,11.124,3.977,3.492,30.906,87.312,-1.670,-7.844,-47.062,-91.188
4471.131,100.0,50.0,3.621,8.570,32.594,86.875,-2.871,-11.164,-49.438,-90.125,-0.630,4.012,32.739,97.398,1.060,-6.332,-48.469,-100.068,-5.070,3.453,6.965,-4.043,4.793,-3.295,-5.312,4.352,-2.066,7.341,0.943,11.109,2.217,7.488,1.105,11.123,3.822,4.172,31.062,88.562,-1.735,-7.996,-47.250,-90.938
4471.231,100.0,50.0,3.605,8.555,32.594,86.875,-2.859,-11.156,-49.438,-90.125,-0.630,4.012,32.739,97.398,1.060,-6.332,-48.469,-100.068,-5.367,3.281,6.949,-4.086,4.699,-3.252,-5.391,4.289,-2.076,7.350,0.949,11.110,2.224,7.492,1.108,11.124,3.932,4.109,30.266,87.250,-1.999,-7.820,-47.000,-90.750
4471.333,100.0,50.0,3.611,8.555,32.594,86.875,-2.859,-11.164,-49.438,-90.125,-0.630,4.012,32.739,97.398,1.060,-6.332,-48.469,-100.068,-5.293,3.295,6.973,-4.051,4.562,-3.252,-5.328,4.367,-2.072,7.350,0.949,11.110,2.224,7.488,1.105,11.124,3.953,4.590,29.641,88.062,-1.670,-7.953,-46.906,-91.500
4471.435,100.0,50.0,3.605,8.547,32.594,86.875,-2.875,-11.164,-49.438,-90.125,-0.630,4.012,32.739,97.398,1.060,-6.332,-48.469,-100.068,-5.199,3.510,7.027,-3.973,4.754,-3.143,-5.352,4.324,-2.076,7.355,0.952,11.111,2.215,7.488,1.105,11.123,4.438,4.285,30.578,87.562,-1.867,-8.062,-47.156,-91.375
4471.535,100.0,50.0,3.605,8.555,32.594,86.875,-2.869,-11.164,-49.438,-90.125,-0.630,4.012,32.739,97.398,1.060,-6.332,-48.469,-100.068,-5.453,3.408,6.988,-4.031,4.605,-3.387,-5.254,4.383,-2.076,7.350,0.949,11.110,2.218,7.488,1.105,11.123,4.438,4.109,30.734,87.312,-2.064,-8.016,-47.188,-91.312
4471.635,100.0,50.0,3.609,8.562,32.594,86.875,-2.871,-11.164,-49.438,-90.125,-0.630,4.012,32.739,97.398,1.060,-6.332,-48.469,-100.068,-5.477,3.320,7.051,-3.986,4.668,-3.205,-5.285,4.434,-2.073,7.346,0.946,11.110,2.217,7.488,1.105,11.123,3.910,4.504,29.641,88.375,-1.538,-7.906,-47.219,-90.812
4471.735,100.0,50.0,3.605,8.555,32.594,86.812,-2.855,-11.156,-49.438,-90.125,-0.630,4.012,32.739,97.398,1.060,-6.332,-48.469,-100.068,-5.477,3.332,7.062,-4.031,4.547,-3.252,-5.371,4.500,-2.075,7.348,0.946,11.108,2.227,7.492,1.108,11.124,3.977,4.172,30.734,87.562,-1.802,-7.797,-47.062,-90.812
4471.837,100.0,50.0,3.611,8.555,32.594,86.875,-2.865,-11.172,-49.438,-90.125,-0.630,4.012,32.739,97.398,1.060,-6.332,-48.469,-100.068,-5.422,3.441,6.941,-4.039,4.703,-3.148,-5.371,4.422,-2.072,7.350,0.949,11.110,2.221,7.483,1.103,11.123,3.932,4.590,30.734,87.750,-1.099,-7.887,-47.125,-90.938
4471.937,100.0,50.0,3.605,8.555,32.594,86.812,-2.871,-11.164,-49.438,-90.125,-0.630,4.012,32.739,97.398,1.060,-6.332,-48.469,-100.068,-5.168,3.434,6.973,-4.027,4.695,-3.219,-5.211,4.383,-2.075,7.348,0.946,11.108,2.217,7.488,1.105,11.123,3.910,3.998,30.578,88.125,-1.472,-7.953,-47.406,-92.125
4472.037,100.0,50.0,3.604,8.555,32.594,86.875,-2.865,-11.164,-49.438,-90.125,-0.630,4.012,32.739,97.398,1.060,-6.332,-48.469,-100.068,-5.492,3.453,6.988,-4.102,4.699,-3.309,-5.281,4.398,-2.077,7.350,0.949,11.110,2.221,7.488,1.105,11.124,3.998,4.285,32.125,87.438,-1.164,-7.930,-47.219,-90.938
4472.139,100.0,50.0,3.611,8.555,32.594,86.875,-2.861,-11.164,-49.438,-90.125,-0.630,4.012,32.739,97.398,1.060,-6.332,-48.469,-100.068,-5.234,3.494,6.906,-4.086,4.750,-3.201,-5.379,4.289,-2.072,7.350,0.949,11.110,2.223,7.488,1.105,11.124,3.932,4.395,32.125,87.938,-1.032,-7.844,-47.000,-91.312
4472.239,100.0,50.0,3.611,8.562,32.594,86.875,-2.869,-11.156,-49.438,-90.125,-0.630,4.012,32.739,97.398,1.060,-6.332,-48.469,-100.068,-5.340,3.404,6.977,-4.035,4.500,-3.268,-5.371,4.398,-2.072,7.346,0.946,11.110,2.218,7.492,1.108,11.124,3.801,4.395,31.547,88.375,-1.735,-7.820,-47.125,-92.188
4472.339,100.0,50.0,3.600,8.555,32.594,86.875,-2.877,-11.156,-49.438,-90.125,-0.630,4.012,32.739,97.398,1.060,-6.332,-48.469,-100.068,-5.305,3.375,6.922,-4.020,4.637,-3.230,-5.277,4.402,-2.079,7.350,0.949,11.110,2.214,7.492,1.108,11.124,3.977,4.172,30.578,87.562,-1.032,-8.039,-47.188,-91.188
4472.439,100.0,50.0,3.611,8.547,32.594,86.875,-2.855,-11.156,-49.438,-90.125,-0.630,4.012,32.739,97.398,1.060,-6.332,-48.469,-100.068,-5.344,3.490,7.000,-4.023,4.637,-3.279,-5.375,4.441,-2.072,7.355,0.952,11.111,2.227,7.492,1.108,11.124,4.020,4.504,30.422,87.250,-1.670,-7.953,-47.156,-91.312
4472.541,100.0,50.0,3.596,8.562,32.594,86.875,-2.861,-11.156,-49.438,-90.125,-0.630,4.012,32.739,97.398,1.060,-6.332,-48.469,-100.068,-5.191,3.338,7.082,-4.074,4.770,-3.248,-5.211,4.277,-2.082,7.346,0.946,11.110,2.223,7.492,1.108,11.124,3.734,4.699,29.938,88.062,-1.362,-7.844,-47.281,-91.375
4472.641,100.0,50.0,3.605,8.555,32.594,86.875,-2.875,-11.156,-49.438,-90.125,-0.630,4.012,32.739,97.398,1.060,-6.332,-48.469,-100.068,-5.508,3.400,7.105,-4.051,4.711,-3.311,-5.379,4.383,-2.076,7.350,0.949,11.110,2.215,7.492,1.108,11.124,4.613,3.910,30.422,87.938,-1.538,-7.887,-47.188,-91.500
4472.743,100.0,50.0,3.609,8.555,32.594,86.875,-2.861,-11.164,-49.438,-90.125,-0.630,4.012,32.739,97.398,1.060,-6.332,-48.469,-100.068,-5.316,3.496,6.863,-4.066,4.629,-3.242,-5.332,4.332,-2.073,7.350,0.949,11.110,2.223,7.488,1.105,11.124,3.889,4.172,30.266,87.562,-1.670,-7.844,-47.188,-90.625
4472.845,100.0,50.0,3.611,8.555,32.594,86.875,-2.869,-11.156,-49.438,-90.125,-0.630,4.012,32.739,97.398,1.060,-6.332,-48.469,-100.068,-5.312,3.348,6.895,-3.998,4.777,-3.348,-5.312,4.344,-2.072,7.350,0.949,11.110,2.218,7.492,1.108,11.124,4.461,4.172,30.422,87.312,-1.296,-7.906,-47.312,-91.625
4472.947,100.0,50.0,3.611,8.570,32.594,86.875,-2.875,-11.156,-49.438,-90.125,-0.630,4.012,32.739,97.398,1.060,-6.332,-48.469,-100.068,-5.234,3.305,7.082,-4.062,4.758,-3.145,-5.410,4.355,-2.072,7.342,0.943,11.110,2.215,7.492,1.108,11.124,3.932,4.590,30.734,87.125,-1.802,-7.930,-47.062,-90.938
4473.047,100.0,50.0,3.604,8.555,32.594,86.875,-2.865,-11.156,-49.438,-90.125,-0.630,4.012,32.739,97.398,1.060,-6.332,-48.469,-100.068,-5.379,3.492,7.094,-4.105,4.660,-3.332,-5.297,4.438,-2.077,7.350,0.949,11.110,2.221,7.492,1.108,11.124,4.020,5.008,30.578,87.312,-1.802,-8.016,-47.281,-90.938
4473.149,100.0,50.0,3.604,8.555,32.594,86.812,-2.869,-11.164,-49.438,-90.125,-0.630,4.012,32.739,97.398,1.060,-6.332,-48.469,-100.068,-5.207,3.361,6.953,-4.020,4.598,-3.270,-5.211,4.348,-2.076,7.348,0.946,11.108,2.218,7.488,1.105,11.123,4.020,3.998,30.422,87.750,-0.966,-7.887,-47.031,-91.375
4473.249,100.0,50.0,3.609,8.555,32.594,86.875,-2.859,-11.156,-49.438,-90.125,-0.630,4.012,32.739,97.398,1.060,-6.332,-48.469,-100.068,-5.113,3.510,7.039,-4.074,4.602,-3.289,-5.387,4.367,-2.073,7.350,0.949,11.110,2.224,7.492,1.108,11.124,4.680,4.898,29.453,87.750,-1.362,-8.016,-47.000,-90.812
4473.349,100.0,50.0,3.605,8.562,32.594,86.812,-2.861,-11.156,-49.438,-90.125,-0.630,4.012,32.739,97.398,1.060,-6.332,-48.469,-100.068,-5.363,3.307,6.883,-4.020,4.812,-3.211,-5.316,4.371,-2.075,7.343,0.943,11.108,2.223,7.492,1.108,11.124,3.998,4.395,30.906,87.875,-1.802,-7.844,-47.156,-91.312
4473.451,100.0,50.0,3.615,8.555,32.594,86.875,-2.855,-11.156,-49.438,-90.125,-0.630,4.012,32.739,97.398,1.060,-6.332,-48.469,-100.068,-5.262,3.301,7.047,-4.047,4.445,-3.293,-5.266,4.422,-2.070,7.350,0.949,11.110,2.227,7.492,1.108,11.124,4.262,4.699,30.266,88.125,-1.538,-7.930,-47.000,-91.500
4473.551,100.0,50.0,3.604,8.547,32.594,86.875,-2.869,-11.156,-49.438,-90.125,-0.630,4.012,32.739,97.398,1.060,-6.332,-48.469,-100.068,-5.324,3.422,6.984,-4.039,4.691,-3.375,-5.316,4.383,-2.077,7.355,0.952,11.111,2.218,7.492,1.108,11.124,4.348,4.395,30.094,88.438,-1.538,-7.930,-47.250,-91.750
4473.653,100.0,50.0,3.621,8.555,32.594,86.875,-2.861,-11.156,-49.438,-90.125,-0.630,4.012,32.739,97.398,1.060,-6.332,-48.469,-100.068,-5.398,3.359,7.066,-4.039,4.617,-3.258,-5.312,4.492,-2.066,7.350,0.949,11.110,2.223,7.492,1.108,11.124,3.910,4.109,29.453,87.312,-1.670,-8.039,-47.062,-91.750
4473.753,100.0,50.0,3.615,8.555,32.594,86.875,-2.865,-11.164,-49.438,-90.125,-0.630,4.012,32.739,97.398,1.060,-6.332,-48.469,-100.068,-5.285,3.408,7.141,-4.012,4.715,-3.357,-5.402,4.359,-2.070,7.350,0.949,11.110,2.221,7.488,1.105,11.124,3.977,3.801,31.547,88.125,-1.670,-7.863,-47.000,-90.812
4473.855,100.0,50.0,3.611,8.555,32.594,86.875,-2.877,-11.164,-49.438,-90.125,-0.630,4.012,32.739,97.398,1.060,-6.332,-48.469,-100.068,-5.215,3.242,7.035,-4.074,4.555,-3.129,-5.207,4.324,-2.072,7.350,0.949,11.110,2.214,7.488,1.105,11.123,4.305,4.109,30.734,87.625,-1.428,-7.863,-47.344,-90.938
4473.957,100.0,50.0,3.609,8.555,32.594,86.875,-2.869,-11.164,-49.438,-90.125,-0.630,4.012,32.739,97.398,1.060,-6.332,-48.469,-100.068,-5.211,3.424,6.941,-4.098,4.504,-3.268,-5.234,4.281,-2.073,7.350,0.949,11.110,2.218,7.488,1.105,11.123,4.328,3.691,30.734,87.625,-1.670,-7.863,-47.125,-91.500
4474.057,100.0,50.0,3.605,8.562,32.594,86.875,-2.859,-11.164,-49.438,-90.125,-0.630,4.012,32.739,97.398,1.060,-6.332,-48.469,-100.068,-5.289,3.328,6.945,-4.086,4.684,-3.242,-5.188,4.410,-2.076,7.346,0.946,11.110,2.224,7.488,1.105,11.124,3.756,4.395,30.906,87.562,-1.999,-7.844,-47.250,-90.500
4474.159,100.0,50.0,3.609,8.555,32.594,86.875,-2.865,-11.148,-49.438,-90.125,-0.630,4.012,32.739,97.398,1.060,-6.332,-48.469,-100.068,-5.262,3.482,7.035,-4.023,4.801,-3.197,-5.246,4.355,-2.073,7.350,0.949,11.110,2.221,7.497,1.111,11.124,3.932,5.316,31.703,87.938,-1.604,-7.711,-47.219,-91.188
4474.261,100.0,50.0,3.609,8.555,32.594,86.875,-2.865,-11.164,-49.438,-90.125,-0.630,4.012,32.739,97.398,1.060,-6.332,-48.469,-100.068,-5.129,3.406,6.977,-4.078,4.562,-3.268,-5.250,4.418,-2.073,7.350,0.949,11.110,2.221,7.488,1.105,11.124,3.910,4.395,30.578,87.562,-1.230,-8.086,-47.125,-90.938
4474.361,100.0,50.0,3.611,8.555,32.594,86.875,-2.871,-11.164,-49.438,-90.125,-0.630,4.012,32.739,97.398,1.060,-6.332,-48.469,-100.068,-5.230,3.432,7.094,-4.074,4.812,-3.240,-5.352,4.434,-2.072,7.350,0.949,11.110,2.217,7.488,1.105,11.123,3.977,4.395,30.734,87.750,-2.064,-7.953,-47.094,-90.500
4474.461,100.0,50.0,3.600,8.547,32.594,86.875,-2.861,-11.156,-49.438,-90.125,-0.630,4.012,32.739,97.398,1.060,-6.332,-48.469,-100.068,-5.375,3.318,7.082,-4.055,4.559,-3.311,-5.352,4.395,-2.079,7.355,0.952,11.111,2.223,7.492,1.108,11.124,4.348,4.285,30.094,87.625,-1.428,-7.688,-46.969,-91.062
4474.561,100.0,50.0,3.605,8.547,32.594,86.875,-2.869,-11.164,-49.438,-90.125,-0.630,4.012,32.739,97.398,1.060,-6.332,-48.469,-100.068,-5.258,3.379,6.918,-4.031,4.617,-3.242,-5.305,4.332,-2.076,7.355,0.952,11.111,2.218,7.488,1.105,11.123,3.756,4.172,31.062,88.250,-1.472,-7.930,-47.125,-91.500
4474.663,100.0,50.0,3.615,8.547,32.594,86.812,-2.861,-11.156,-49.438,-90.125,-0.630,4.012,32.739,97.398,1.060,-6.332,-48.469,-100.068,-5.406,3.443,7.039,-4.012,4.797,-3.217,-5.293,4.363,-2.069,7.352,0.949,11.108,2.223,7.492,1.108,11.124,3.932,4.504,31.219,87.188,-2.064,-7.820,-47.344,-90.375
4474.763,100.0,50.0,3.604,8.555,32.594,86.875,-2.875,-11.148,-49.438,-90.125,-0.630,4.012,32.739,97.398,1.060,-6.332,-48.469,-100.068,-5.320,3.252,6.871,-4.070,4.746,-3.389,-5.258,4.402,-2.077,7.350,0.949,11.110,2.215,7.497,1.111,11.124,3.889,4.172,29.641,88.125,-1.604,-8.039,-47.000,-91.938
4474.863,100.0,50.0,3.604,8.547,32.594,86.875,-2.869,-11.164,-49.438,-90.125,-0.630,4.012,32.739,97.398,1.060,-6.332,-48.469,-100.068,-5.441,3.311,7.070,-4.039,4.652,-3.225,-5.449,4.359,-2.077,7.355,0.952,11.111,2.218,7.488,1.105,11.123,3.977,3.910,30.578,87.562,-1.802,-7.953,-47.062,-91.188
4474.963,100.0,50.0,3.609,8.555,32.594,86.875,-2.869,-11.172,-49.438,-90.125,-0.630,4.012,32.739,97.398,1.060,-6.332,-48.469,-100.068,-5.367,3.395,7.039,-4.059,4.633,-3.277,-5.367,4.379,-2.073,7.350,0.949,11.110,2.218,7.483,1.103,11.123,4.020,3.801,29.781,88.062,-1.472,-7.688,-46.969,-91.188
4475.065,100.0,50.0,3.609,8.555,32.594,86.875,-2.869,-11.164,-49.438,-90.125,-0.630,4.012,32.739,97.398,1.060,-6.332,-48.469,-100.068,-5.379,3.408,7.012,-4.051,4.605,-3.320,-5.328,4.352,-2.073,7.350,0.949,11.110,2.218,7.488,1.105,11.123,3.910,4.285,32.125,87.062,-1.735,-8.062,-47.344,-90.500
4475.165,100.0,50.0,3.605,8.555,32.594,86.812,-2.865,-11.164,-49.438,-90.125,-0.630,4.012,32.739,97.398,1.060,-6.332,-48.469,-100.068,-5.344,3.354,7.094,-4.016,4.555,-3.211,-5.270,4.469,-2.075,7.348,0.946,11.108,2.221,7.488,1.105,11.124,4.371,4.812,30.734,88.062,-1.670,-7.973,-47.156,-92.062
4475.267,100.0,50.0,3.611,8.555,32.594,86.875,-2.865,-11.164,-49.438,-90.125,-0.630,4.012,32.739,97.398,1.060,-6.332,-48.469,-100.068,-5.273,3.451,6.945,-4.062,4.750,-3.318,-5.301,4.426,-2.072,7.350,0.949,11.110,2.221,7.488,1.105,11.124,4.348,4.504,31.062,88.125,-2.064,-7.953,-47.156,-90.938
4475.369,100.0,50.0,3.604,8.562,32.594,86.875,-2.875,-11.164,-49.438,-90.125,-0.630,4.012,32.739,97.398,1.060,-6.332,-48.469,-100.068,-5.344,3.238,7.008,-4.109,4.500,-3.324,-5.312,4.414,-2.077,7.346,0.946,11.110,2.215,7.488,1.105,11.123,3.998,3.910,32.125,88.375,-1.472,-7.973,-47.031,-90.812
4475.469,100.0,50.0,3.609,8.555,32.594,86.875,-2.865,-11.164,-49.438,-90.125,-0.630,4.012,32.739,97.398,1.060,-6.332,-48.469,-100.068,-5.348,3.457,7.027,-4.102,4.605,-3.174,-5.359,4.375,-2.073,7.350,0.949,11.110,2.221,7.488,1.105,11.124,4.043,4.395,31.703,88.125,-1.428,-7.863,-47.375,-91.375
4475.679,100.0,50.0,3.611,8.555,32.594,86.875,-2.865,-11.172,-49.438,-90.125,-0.630,4.012,32.739,97.398,1.060,-6.332,-48.469,-100.068,-5.203,3.342,6.941,-4.113,4.504,-3.262,-5.301,4.332,-2.072,7.350,0.949,11.110,2.221,7.483,1.103,11.123,4.305,4.172,30.266,87.625,-1.428,-8.039,-47.000,-91.500
4475.780,100.0,50.0,3.604,8.562,32.594,86.875,-2.861,-11.156,-49.438,-90.125,-0.630,4.012,32.739,97.398,1.060,-6.332,-48.469,-100.068,-5.227,3.520,7.078,-4.062,4.762,-3.188,-5.273,4.387,-2.077,7.346,0.946,11.110,2.223,7.492,1.108,11.124,3.889,3.801,30.422,87.875,-1.604,-7.906,-47.219,-90.125
4475.882,100.0,50.0,3.604,8.555,32.594,86.875,-2.869,-11.156,-49.438,-90.125,-0.630,4.012,32.739,97.398,1.060,-6.332,-48.469,-100.068,-5.336,3.318,6.879,-4.012,4.664,-3.314,-5.426,4.363,-2.077,7.350,0.949,11.110,2.218,7.492,1.108,11.124,3.910,3.691,32.438,87.562,-2.064,-7.887,-46.906,-90.750
4475.984,100.0,50.0,3.604,8.555,32.594,86.875,-2.861,-11.164,-49.438,-90.125,-0.630,4.012,32.739,97.398,1.060,-6.332,-48.469,-100.068,-5.281,3.416,6.855,-4.000,4.586,-3.201,-5.246,4.375,-2.077,7.350,0.949,11.110,2.223,7.488,1.105,11.124,4.043,4.504,30.578,88.062,-1.296,-7.887,-47.000,-90.625
4476.084,100.0,50.0,3.609,8.555,32.594,86.875,-2.865,-11.156,-49.438,-90.125,-0.630,4.012,32.739,97.398,1.060,-6.332,-48.469,-100.068,-5.332,3.391,7.020,-4.035,4.789,-3.145,-5.332,4.430,-2.073,7.350,0.949,11.110,2.221,7.492,1.108,11.124,4.699,4.109,31.062,88.062,-1.296,-7.887,-47.219,-90.625
4476.186,100.0,50.0,3.605,8.547,32.594,86.875,-2.859,-11.156,-49.438,-90.125,-0.630,4.012,32.739,97.398,1.060,-6.332,-48.469,-100.068,-5.316,3.488,6.859,-4.051,4.645,-3.158,-5.414,4.344,-2.076,7.355,0.952,11.111,2.224,7.492,1.108,11.124,4.395,4.699,30.906,87.875,-1.472,-7.820,-46.906,-90.750
4476.288,100.0,50.0,3.609,8.555,32.594,86.875,-2.861,-11.164,-49.438,-90.125,-0.630,4.012,32.739,97.398,1.060,-6.332,-48.469,-100.068,-5.531,3.400,6.980,-4.004,4.574,-3.232,-5.355,4.324,-2.073,7.350,0.949,11.110,2.223,7.488,1.105,11.124,3.977,4.504,32.125,87.438,-1.538,-7.996,-47.125,-91.750
4476.388,100.0,50.0,3.609,8.547,32.594,86.875,-2.871,-11.164,-49.438,-90.125,-0.630,4.012,32.739,97.398,1.060,-6.332,-48.469,-100.068,-5.355,3.285,7.008,-4.023,4.836,-3.068,-5.203,4.461,-2.073,7.355,0.952,11.111,2.217,7.488,1.105,11.123,3.932,4.172,29.938,87.312,-1.933,-8.062,-47.000,-90.938
4476.490,100.0,50.0,3.605,8.547,32.594,86.875,-2.869,-11.164,-49.438,-90.125,-0.630,4.012,32.739,97.398,1.060,-6.332,-48.469,-100.068,-5.160,3.395,7.070,-4.078,4.809,-3.162,-5.207,4.363,-2.076,7.355,0.952,11.111,2.218,7.488,1.105,11.123,3.932,4.504,30.422,87.188,-1.604,-7.953,-47.125,-90.938
4476.592,100.0,50.0,3.609,8.555,32.594,86.875,-2.865,-11.156,-49.438,-90.125,-0.630,4.012,32.739,97.398,1.060,-6.332,-48.469,-100.068,-5.168,3.371,6.969,-4.023,4.707,-3.289,-5.402,4.367,-2.073,7.350,0.949,11.110,2.221,7.492,1.108,11.124,3.932,4.172,30.094,87.938,-1.802,-7.930,-47.125,-91.500
4476.694,100.0,50.0,3.609,8.547,32.594,86.875,-2.871,-11.164,-49.438,-90.125,-0.630,4.012,32.739,97.398,1.060,-6.332,-48.469,-100.068,-5.414,3.404,7.020,-4.035,4.750,-3.178,-5.332,4.270,-2.073,7.355,0.952,11.111,2.217,7.488,1.105,11.123,3.910,3.910,29.938,88.125,-1.867,-7.906,-47.219,-90.812
4476.794,100.0,50.0,3.605,8.555,32.594,86.875,-2.869,-11.164,-49.438,-90.125,-0.630,4.012,32.739,97.398,1.060,-6.332,-48.469,-100.068,-5.277,3.482,6.926,-4.117,4.602,-3.309,-5.363,4.383,-2.076,7.350,0.949,11.110,2.218,7.488,1.105,11.123,4.438,4.504,30.734,87.875,-1.472,-7.844,-47.281,-91.500
4476.894,100.0,50.0,3.605,8.555,32.594,86.875,-2.865,-11.164,-49.438,-90.125,-0.630,4.012,32.739,97.398,1.060,-6.332,-48.469,-100.068,-5.477,3.492,6.887,-4.066,4.801,-3.203,-5.371,4.414,-2.076,7.350,0.949,11.110,2.221,7.488,1.105,11.124,4.348,4.395,30.266,87.438,-1.802,-7.863,-47.094,-90.375
4476.996,100.0,50.0,3.605,8.562,32.594,86.875,-2.865,-11.156,-49.438,-90.125,-0.630,4.012,32.739,97.398,1.060,-6.332,-48.469,-100.068,-5.285,3.246,6.879,-4.059,4.609,-3.221,-5.367,4.363,-2.076,7.346,0.946,11.110,2.221,7.492,1.108,11.124,3.932,4.699,30.578,88.375,-1.362,-7.973,-47.062,-91.375
4477.098,100.0,50.0,3.605,8.555,32.594,86.875,-2.861,-11.156,-49.438,-90.125,-0.630,4.012,32.739,97.398,1.060,-6.332,-48.469,-100.068,-5.414,3.232,7.082,-3.969,4.566,-3.285,-5.395,4.363,-2.076,7.350,0.949,11.110,2.223,7.492,1.108,11.124,4.480,4.812,30.578,87.062,-1.867,-7.820,-47.031,-91.062
4477.198,100.0,50.0,3.604,8.555,32.594,86.875,-2.865,-11.156,-49.438,-90.125,-0.630,4.012,32.739,97.398,1.060,-6.332,-48.469,-100.068,-5.203,3.451,7.035,-4.043,4.656,-3.266,-5.297,4.434,-2.077,7.350,0.949,11.110,2.221,7.492,1.108,11.124,4.637,4.172,29.938,87.625,-1.230,-7.930,-47.281,-91.500
4477.298,100.0,50.0,3.609,8.562,32.594,86.875,-2.859,-11.156,-49.438,-90.125,-0.630,4.012,32.739,97.398,1.060,-6.332,-48.469,-100.068,-5.340,3.344,6.969,-3.984,4.691,-3.336,-5.328,4.391,-2.073,7.346,0.946,11.110,2.224,7.492,1.108,11.124,4.020,4.504,30.906,87.562,-1.604,-7.996,-46.938,-90.750
4477.400,100.0,50.0,3.611,8.555,32.594,86.875,-2.875,-11.164,-49.438,-90.125,-0.630,4.012,32.739,97.398,1.060,-6.332,-48.469,-100.068,-5.367,3.434,6.957,-4.051,4.715,-3.340,-5.254,4.328,-2.072,7.350,0.949,11.110,2.215,7.488,1.105,11.123,5.207,4.395,30.422,87.625,-1.999,-7.863,-47.188,-89.812
4477.500,100.0,50.0,3.609,8.555,32.594,86.875,-2.861,-11.164,-49.438,-90.125,-0.630,4.012,32.739,97.398,1.060,-6.332,-48.469,-100.068,-5.430,3.398,7.023,-4.016,4.781,-3.383,-5.406,4.398,-2.073,7.350,0.949,11.110,2.223,7.488,1.105,11.124,3.977,4.812,31.062,87.625,-1.867,-7.930,-47.000,-90.750
4477.600,100.0,50.0,3.609,8.562,32.594,86.875,-2.861,-11.164,-49.469,-90.125,-0.630,4.012,32.739,97.398,1.060,-6.332,-48.469,-100.068,-5.285,3.430,6.918,-4.020,4.590,-3.344,-5.398,4.391,-2.073,7.346,0.946,11.110,2.223,7.494,1.112,11.124,4.637,4.395,30.422,87.438,-1.230,-7.973,-47.062,-91.312
4477.700,100.0,50.0,3.609,8.555,32.594,86.875,-2.865,-11.148,-49.438,-90.125,-0.630,4.012,32.739,97.398,1.060,-6.332,-48.469,-100.068,-5.348,3.404,6.914,-4.039,4.633,-3.240,-5.137,4.402,-2.073,7.350,0.949,11.110,2.221,7.497,1.111,11.124,4.020,4.109,29.453,87.750,-1.604,-7.668,-47.125,-91.375
4477.800,100.0,50.0,3.604,8.555,32.594,86.875,-2.861,-11.156,-49.438,-90.125,-0.630,4.012,32.739,97.398,1.060,-6.332,-48.469,-100.068,-5.055,3.355,6.930,-4.070,4.766,-3.277,-5.320,4.434,-2.077,7.350,0.949,11.110,2.223,7.492,1.108,11.124,3.998,4.395,30.578,87.750,-1.670,-7.844,-47.188,-91.188
4477.902,100.0,50.0,3.604,8.555,32.594,86.875,-2.871,-11.164,-49.438,-90.125,-0.630,4.012,32.739,97.398,1.060,-6.332,-48.469,-100.068,-5.309,3.500,7.059,-3.982,4.527,-3.260,-5.344,4.383,-2.077,7.350,0.949,11.110,2.217,7.488,1.105,11.123,3.932,4.812,30.578,87.625,-1.230,-7.797,-47.000,-90.625
4478.002,100.0,50.0,3.605,8.547,32.594,86.875,-2.875,-11.164,-49.438,-90.125,-0.630,4.012,32.739,97.398,1.060,-6.332,-48.469,-100.068,-5.285,3.426,7.062,-4.098,4.910,-3.256,-5.359,4.426,-2.076,7.355,0.952,11.111,2.215,7.488,1.105,11.123,4.285,4.699,31.859,87.875,-1.604,-7.887,-46.969,-90.812
4478.104,100.0,50.0,3.605,8.555,32.594,86.875,-2.865,-11.156,-49.438,-90.125,-0.630,4.012,32.739,97.398,1.060,-6.332,-48.469,-100.068,-5.285,3.389,7.039,-4.082,4.750,-3.289,-5.207,4.371,-2.076,7.350,0.949,11.110,2.221,7.492,1.108,11.124,4.371,4.395,31.062,87.750,-1.802,-7.953,-47.188,-90.375
4478.204,100.0,50.0,3.604,8.555,32.594,86.875,-2.869,-11.156,-49.438,-90.125,-0.630,4.012,32.739,97.398,1.060,-6.332,-48.469,-100.068,-5.367,3.410,7.031,-4.074,4.496,-3.316,-5.305,4.309,-2.077,7.350,0.949,11.110,2.218,7.492,1.108,11.124,3.889,4.699,30.578,87.938,-1.933,-7.820,-46.969,-90.500
4478.304,100.0,50.0,3.605,8.539,32.594,86.875,-2.869,-11.172,-49.438,-90.125,-0.630,4.012,32.739,97.398,1.060,-6.332,-48.469,-100.068,-5.348,3.377,6.996,-4.012,4.598,-3.215,-5.277,4.379,-2.076,7.359,0.955,11.111,2.218,7.483,1.103,11.123,3.910,4.590,31.219,88.125,-1.735,-7.668,-46.938,-90.938
4478.406,100.0,50.0,3.605,8.547,32.594,86.812,-2.875,-11.164,-49.438,-90.125,-0.630,4.012,32.739,97.398,1.060,-6.332,-48.469,-100.068,-5.406,3.373,7.098,-4.145,4.660,-3.252,-5.258,4.422,-2.075,7.352,0.949,11.108,2.215,7.488,1.105,11.123,4.062,4.898,30.094,87.438,-1.230,-7.711,-47.000,-91.750
4478.508,100.0,50.0,3.609,8.555,32.594,86.875,-2.871,-11.164,-49.438,-90.125,-0.630,4.012,32.739,97.398,1.060,-6.332,-48.469,-100.068,-5.316,3.336,7.094,-4.035,4.832,-3.225,-5.285,4.406,-2.073,7.350,0.949,11.110,2.217,7.488,1.105,11.123,3.977,4.504,32.125,87.750,-1.604,-7.863,-47.062,-91.625
4478.610,100.0,50.0,3.609,8.555,32.594,86.875,-2.871,-11.164,-49.438,-90.125,-0.630,4.012,32.739,97.398,1.060,-6.332,-48.469,-100.068,-5.266,3.441,6.945,-4.082,4.730,-3.211,-5.391,4.398,-2.073,7.350,0.949,11.110,2.217,7.488,1.105,11.123,4.020,3.998,32.125,87.938,-1.428,-7.777,-47.125,-90.812
4478.710,100.0,50.0,3.615,8.555,32.594,86.875,-2.869,-11.164,-49.438,-90.125,-0.630,4.012,32.739,97.398,1.060,-6.332,-48.469,-100.068,-5.652,3.441,6.988,-4.055,4.559,-3.297,-5.230,4.371,-2.070,7.350,0.949,11.110,2.218,7.488,1.105,11.123,3.977,4.812,32.438,87.625,-1.230,-7.820,-47.062,-90.938
4478.812,100.0,50.0,3.604,8.555,32.594,86.875,-2.861,-11.156,-49.438,-90.125,-0.630,4.012,32.739,97.398,1.060,-6.332,-48.469,-100.068,-5.273,3.439,6.930,-4.059,4.750,-3.266,-5.262,4.445,-2.077,7.350,0.949,11.110,2.223,7.492,1.108,11.124,4.414,5.008,30.734,87.562,-1.670,-8.016,-47.281,-90.938
4478.914,100.0,50.0,3.604,8.555,32.594,86.875,-2.855,-11.156,-49.438,-90.125,-0.630,4.012,32.739,97.398,1.060,-6.332,-48.469,-100.068,-5.223,3.363,6.941,-4.098,4.766,-3.266,-5.289,4.375,-2.077,7.350,0.949,11.110,2.227,7.492,1.108,11.124,4.328,4.285,30.266,87.312,-1.604,-7.844,-47.031,-90.375
4479.014,100.0,50.0,3.611,8.555,32.594,86.875,-2.861,-11.156,-49.438,-90.125,-0.630,4.012,32.739,97.398,1.060,-6.332,-48.469,-100.068,-5.230,3.320,6.789,-4.016,4.766,-3.395,-5.336,4.211,-2.072,7.350,0.949,11.110,2.223,7.492,1.108,11.124,3.953,4.395,30.578,87.562,-1.538,-7.711,-47.250,-90.812
4479.114,100.0,50.0,3.604,8.555,32.594,86.875,-2.869,-11.156,-49.438,-90.125,-0.630,4.012,32.739,97.398,1.060,-6.332,-48.469,-100.068,-5.398,3.342,7.027,-4.082,4.504,-3.438,-5.297,4.367,-2.077,7.350,0.949,11.110,2.218,7.492,1.108,11.124,4.043,3.910,30.094,87.438,-1.099,-8.039,-47.219,-91.750
4479.216,100.0,50.0,3.611,8.555,32.594,86.875,-2.875,-11.156,-49.438,-90.125,-0.630,4.012,32.739,97.398,1.060,-6.332,-48.469,-100.068,-5.215,3.273,6.844,-4.031,4.793,-3.295,-5.262,4.309,-2.072,7.350,0.949,11.110,2.215,7.492,1.108,11.124,3.910,4.395,30.906,87.938,-2.262,-7.996,-47.125,-91.625
4479.316,100.0,50.0,3.609,8.555,32.594,86.875,-2.865,-11.156,-49.438,-90.125,-0.630,4.012,32.739,97.398,1.060,-6.332,-48.469,-100.068,-5.332,3.271,6.965,-4.105,4.438,-3.219,-5.328,4.434,-2.073,7.350,0.949,11.110,2.221,7.492,1.108,11.124,4.305,4.285,30.734,88.375,-0.966,-7.863,-47.281,-90.938
4479.418,100.0,50.0,3.605,8.555,32.594,86.875,-2.865,-11.156,-49.469,-90.125,-0.630,4.012,32.739,97.398,1.060,-6.332,-48.469,-100.068,-5.516,3.473,6.934,-4.027,4.750,-3.277,-5.312,4.367,-2.076,7.350,0.949,11.110,2.220,7.498,1.115,11.124,3.932,4.812,30.578,87.438,-0.835,-7.887,-47.156,-90.750
4479.518,100.0,50.0,3.609,8.555,32.594,86.875,-2.871,-11.164,-49.438,-90.125,-0.630,4.012,32.739,97.398,1.060,-6.332,-48.469,-100.068,-5.195,3.404,6.977,-4.012,4.750,-3.238,-5.363,4.320,-2.073,7.350,0.949,11.110,2.217,7.488,1.105,11.123,4.637,4.699,32.000,87.625,-1.670,-7.844,-47.125,-91.500
4479.618,100.0,50.0,3.609,8.555,32.594,86.812,-2.865,-11.164,-49.438,-90.125,-0.630,4.012,32.739,97.398,1.060,-6.332,-48.469,-100.068,-5.281,3.236,6.855,-3.992,4.664,-3.168,-5.379,4.449,-2.072,7.348,0.946,11.108,2.221,7.488,1.105,11.124,3.932,4.395,29.156,87.625,-1.802,-7.973,-47.000,-91.375
4479.720,100.0,50.0,3.604,8.555,32.594,86.875,-2.865,-11.148,-49.438,-90.125,-0.630,4.012,32.739,97.398,1.060,-6.332,-48.469,-100.068,-5.273,3.402,6.863,-4.031,4.488,-3.182,-5.375,4.387,-2.077,7.350,0.949,11.110,2.221,7.497,1.111,11.124,3.910,3.691,29.781,87.938,-1.230,-7.973,-47.219,-90.750
4479.822,100.0,50.0,3.605,8.555,32.594,86.875,-2.871,-11.156,-49.438,-90.125,-0.630,4.012,32.739,97.398,1.060,-6.332,-48.469,-100.068,-5.246,3.395,7.016,-4.047,4.758,-3.318,-5.391,4.418,-2.076,7.350,0.949,11.110,2.217,7.492,1.108,11.124,4.262,4.285,31.703,87.562,-2.131,-8.086,-47.281,-90.938
4479.924,100.0,50.0,3.605,8.547,32.594,86.875,-2.871,-11.164,-49.438,-90.125,-0.630,4.012,32.739,97.398,1.060,-6.332,-48.469,-100.068,-5.301,3.387,7.027,-4.012,4.633,-3.279,-5.410,4.523,-2.076,7.355,0.952,11.111,2.217,7.488,1.105,11.123,3.910,4.285,30.734,87.938,-1.538,-7.863,-46.969,-90.062
4480.026,100.0,50.0,3.609,8.547,32.594,86.875,-2.871,-11.164,-49.438,-90.125,-0.630,4.012,32.739,97.398,1.060,-6.332,-48.469,-100.068,-5.203,3.346,6.863,-4.035,4.477,-3.260,-5.324,4.352,-2.073,7.355,0.952,11.111,2.217,7.488,1.105,11.123,5.008,4.590,30.266,88.375,-1.362,-7.844,-47.281,-91.062
4480.126,100.0,50.0,3.605,8.555,32.594,86.875,-2.865,-11.156,-49.438,-90.125,-0.630,4.012,32.739,97.398,1.060,-6.332,-48.469,-100.068,-5.512,3.334,6.895,-4.062,4.500,-3.320,-5.277,4.430,-2.076,7.350,0.949,11.110,2.221,7.492,1.108,11.124,3.910,4.395,29.781,87.875,-1.099,-8.109,-47.000,-91.938
4480.228,100.0,50.0,3.609,8.555,32.594,86.875,-2.865,-11.156,-49.438,-90.125,-0.630,4.012,32.739,97.398,1.060,-6.332,-48.469,-100.068,-5.191,3.402,7.070,-4.102,4.344,-3.215,-5.328,4.336,-2.073,7.350,0.949,11.110,2.221,7.492,1.108,11.124,3.889,4.812,29.781,87.750,-1.538,-7.797,-47.250,-91.375
4480.328,100.0,50.0,3.611,8.547,32.594,86.875,-2.871,-11.164,-49.438,-90.125,-0.630,4.012,32.739,97.398,1.060,-6.332,-48.469,-100.068,-5.289,3.389,6.906,-4.098,4.613,-3.230,-5.340,4.430,-2.072,7.355,0.952,11.111,2.217,7.488,1.105,11.123,3.889,4.395,30.906,87.750,-1.472,-7.844,-47.188,-90.938
4480.430,100.0,50.0,3.611,8.547,32.594,86.875,-2.871,-11.156,-49.438,-90.125,-0.630,4.012,32.739,97.398,1.060,-6.332,-48.469,-100.068,-5.273,3.348,7.000,-3.971,4.516,-3.332,-5.168,4.305,-2.072,7.355,0.952,11.111,2.217,7.492,1.108,11.124,4.395,4.109,29.781,87.750,-1.472,-7.930,-47.031,-90.938
4480.530,100.0,50.0,3.609,8.547,32.594,86.875,-2.869,-11.156,-49.438,-90.125,-0.630,4.012,32.739,97.398,1.060,-6.332,-48.469,-100.068,-5.180,3.346,6.945,-4.070,4.723,-3.271,-5.316,4.438,-2.073,7.355,0.952,11.111,2.218,7.492,1.108,11.124,3.953,3.691,31.547,87.875,-0.966,-7.887,-47.062,-90.938
4480.632,100.0,50.0,3.604,8.555,32.594,86.875,-2.865,-11.156,-49.438,-90.125,-0.630,4.012,32.739,97.398,1.060,-6.332,-48.469,-100.068,-5.195,3.350,6.953,-4.066,4.723,-3.299,-5.363,4.402,-2.077,7.350,0.949,11.110,2.221,7.492,1.108,11.124,3.977,4.395,30.578,87.562,-1.604,-8.016,-47.094,-91.062
4480.734,100.0,50.0,3.604,8.547,32.594,86.875,-2.869,-11.156,-49.438,-90.125,-0.630,4.012,32.739,97.398,1.060,-6.332,-48.469,-100.068,-5.348,3.342,6.957,-4.055,4.625,-3.330,-5.301,4.367,-2.077,7.355,0.952,11.111,2.218,7.492,1.108,11.124,4.438,3.998,30.578,87.438,-1.428,-7.887,-46.969,-91.062
4480.834,100.0,50.0,3.619,8.555,32.594,86.875,-2.865,-11.164,-49.438,-90.125,-0.630,4.012,32.739,97.398,1.060,-6.332,-48.469,-100.068,-5.160,3.344,6.891,-4.090,4.449,-3.357,-5.297,4.426,-2.067,7.350,0.949,11.110,2.221,7.488,1.105,11.124,3.889,4.504,32.125,87.938,-1.670,-8.016,-47.188,-90.625
4480.934,100.0,50.0,3.605,8.555,32.594,86.875,-2.861,-11.164,-49.438,-90.125,-0.630,4.012,32.739,97.398,1.060,-6.332,-48.469,-100.068,-5.414,3.377,7.105,-4.039,4.551,-3.197,-5.176,4.449,-2.076,7.350,0.949,11.110,2.223,7.488,1.105,11.124,3.998,4.590,29.641,88.062,-1.230,-7.887,-47.344,-91.750
4481.036,100.0,50.0,3.611,8.555,32.594,86.875,-2.871,-11.164,-49.438,-90.125,-0.630,4.012,32.739,97.398,1.060,-6.332,-48.469,-100.068,-5.500,3.330,7.008,-3.994,4.746,-3.338,-5.285,4.332,-2.072,7.350,0.949,11.110,2.217,7.488,1.105,11.123,3.932,4.699,30.094,88.250,-1.670,-8.461,-47.062,-91.062
4481.136,100.0,50.0,3.609,8.555,32.594,86.875,-2.871,-11.164,-49.438,-90.125,-0.630,4.012,32.739,97.398,1.060,-6.332,-48.469,-100.068,-5.324,3.463,7.035,-4.082,4.598,-3.279,-5.258,4.379,-2.073,7.350,0.949,11.110,2.217,7.488,1.105,11.123,4.395,4.504,31.547,87.750,-1.999,-8.016,-47.031,-90.750
4481.236,100.0,50.0,3.604,8.555,32.594,86.875,-2.855,-11.156,-49.438,-90.125,-0.630,4.012,32.739,97.398,1.060,-6.332,-48.469,-100.068,-5.379,3.367,6.934,-4.082,4.734,-3.172,-5.316,4.473,-2.077,7.350,0.949,11.110,2.227,7.492,1.108,11.124,4.328,3.691,31.547,88.562,-1.735,-7.953,-47.250,-91.188
4481.338,100.0,50.0,3.611,8.562,32.594,86.812,-2.861,-11.164,-49.438,-90.125,-0.630,4.012,32.739,97.398,1.060,-6.332,-48.469,-100.068,-5.168,3.430,7.035,-4.039,4.613,-3.377,-5.363,4.383,-2.071,7.343,0.943,11.108,2.223,7.488,1.105,11.124,3.889,4.590,30.422,88.250,-1.802,-8.016,-47.219,-91.375
4481.438,100.0,50.0,3.605,8.555,32.594,86.875,-2.861,-11.156,-49.438,-90.125,-0.630,4.012,32.739,97.398,1.060,-6.332,-48.469,-100.068,-5.188,3.492,7.070,-4.090,4.645,-3.266,-5.246,4.410,-2.076,7.350,0.949,11.110,2.223,7.492,1.108,11.124,4.348,4.395,30.906,88.125,-1.362,-7.863,-47.156,-90.938
4481.540,100.0,50.0,3.604,8.555,32.594,86.875,-2.869,-11.172,-49.438,-90.125,-0.630,4.012,32.739,97.398,1.060,-6.332,-48.469,-100.068,-5.492,3.391,7.047,-4.070,4.586,-3.252,-5.266,4.371,-2.077,7.350,0.949,11.110,2.218,7.483,1.103,11.123,3.932,4.812,29.938,88.062,-1.472,-7.797,-47.156,-91.375
4481.642,100.0,50.0,3.605,8.555,32.594,86.875,-2.871,-11.172,-49.438,-90.125,-0.630,4.012,32.739,97.398,1.060,-6.332,-48.469,-100.068,-5.234,3.510,6.852,-4.027,4.703,-3.213,-5.191,4.445,-2.076,7.350,0.949,11.110,2.217,7.483,1.103,11.123,3.977,4.699,31.062,87.938,-1.735,-7.820,-47.000,-91.062
4481.742,100.0,50.0,3.609,8.555,32.594,86.875,-2.871,-11.148,-49.438,-90.125,-0.630,4.012,32.739,97.398,1.060,-6.332,-48.469,-100.068,-5.113,3.371,6.945,-4.027,4.641,-3.352,-5.324,4.367,-2.073,7.350,0.949,11.110,2.217,7.497,1.111,11.124,4.043,4.504,30.734,87.938,-1.735,-7.863,-46.969,-91.500
4481.844,100.0,50.0,3.604,8.547,32.594,86.875,-2.875,-11.156,-49.438,-90.125,-0.630,4.012,32.739,97.398,1.060,-6.332,-48.469,-100.068,-5.238,3.404,7.039,-4.047,4.648,-3.238,-5.387,4.414,-2.077,7.355,0.952,11.111,2.215,7.492,1.108,11.124,3.998,4.109,30.578,87.875,-0.966,-7.820,-47.000,-91.625
4481.944,100.0,50.0,3.600,8.555,32.594,86.812,-2.859,-11.164,-49.438,-90.125,-0.630,4.012,32.739,97.398,1.060,-6.332,-48.469,-100.068,-5.441,3.473,6.934,-4.027,4.691,-3.217,-5.316,4.422,-2.078,7.348,0.946,11.108,2.224,7.488,1.105,11.124,4.438,4.590,32.281,87.875,-2.064,-8.062,-47.156,-91.875
4482.046,100.0,50.0,3.604,8.555,32.594,86.875,-2.875,-11.164,-49.438,-90.125,-0.630,4.012,32.739,97.398,1.060,-6.332,-48.469,-100.068,-5.426,3.365,6.980,-4.031,4.742,-3.328,-5.352,4.441,-2.077,7.350,0.949,11.110,2.215,7.488,1.105,11.123,3.889,4.172,29.000,87.562,-2.064,-8.391,-47.312,-91.062
4482.148,100.0,50.0,3.611,8.555,32.594,86.875,-2.859,-11.156,-49.438,-90.125,-0.630,4.012,32.739,97.398,1.060,-6.332,-48.469,-100.068,-5.391,3.393,7.035,-4.070,4.828,-3.297,-5.418,4.387,-2.072,7.350,0.949,11.110,2.224,7.492,1.108,11.124,3.953,4.699,30.734,87.062,-1.867,-7.863,-47.031,-90.625
4482.248,100.0,50.0,3.604,8.555,32.594,86.875,-2.855,-11.164,-49.438,-90.125,-0.630,4.012,32.739,97.398,1.060,-6.332,-48.469,-100.068,-5.340,3.393,7.055,-4.031,4.676,-3.199,-5.184,4.406,-2.077,7.350,0.949,11.110,2.227,7.488,1.106,11.124,4.438,4.109,30.422,87.062,-1.604,-7.887,-47.219,-91.312
4482.350,100.0,50.0,3.615,8.547,32.594,86.875,-2.865,-11.164,-49.438,-90.125,-0.630,4.012,32.739,97.398,1.060,-6.332,-48.469,-100.068,-5.160,3.590,7.066,-4.027,4.789,-3.270,-5.332,4.371,-2.070,7.355,0.952,11.111,2.221,7.488,1.105,11.124,4.395,4.699,30.906,87.188,-1.670,-7.906,-47.062,-91.375
4482.452,100.0,50.0,3.604,8.555,32.594,86.875,-2.859,-11.156,-49.438,-90.125,-0.630,4.012,32.739,97.398,1.060,-6.332,-48.469,-100.068,-5.211,3.408,6.906,-4.027,4.613,-3.289,-5.367,4.375,-2.077,7.350,0.949,11.110,2.224,7.492,1.108,11.124,3.932,4.172,29.453,87.562,-1.538,-7.906,-47.219,-91.188
4482.552,100.0,50.0,3.611,8.547,32.594,86.875,-2.869,-11.156,-49.438,-90.125,-0.630,4.012,32.739,97.398,1.060,-6.332,-48.469,-100.068,-5.543,3.273,7.133,-4.020,4.723,-3.211,-5.352,4.375,-2.072,7.355,0.952,11.111,2.218,7.492,1.108,11.124,3.932,4.395,32.000,88.125,-1.164,-7.930,-47.000,-91.500
4482.654,100.0,50.0,3.605,8.555,32.594,86.875,-2.871,-11.156,-49.438,-90.125,-0.630,4.012,32.739,97.398,1.060,-6.332,-48.469,-100.068,-5.367,3.338,6.922,-4.016,4.590,-3.334,-5.367,4.398,-2.076,7.350,0.949,11.110,2.217,7.492,1.108,11.124,4.020,3.910,30.422,87.875,-1.670,-7.844,-47.188,-91.875
4482.754,100.0,50.0,3.609,8.555,32.594,86.875,-2.875,-11.164,-49.438,-90.125,-0.630,4.012,32.739,97.398,1.060,-6.332,-48.469,-100.068,-5.297,3.438,6.988,-3.965,4.746,-3.297,-5.449,4.367,-2.073,7.350,0.949,11.110,2.215,7.488,1.105,11.123,4.438,4.699,31.547,87.562,-1.802,-7.930,-47.219,-91.625
4482.854,100.0,50.0,3.605,8.555,32.594,86.875,-2.865,-11.156,-49.438,-90.125,-0.630,4.012,32.739,97.398,1.060,-6.332,-48.469,-100.068,-5.305,3.379,6.965,-4.062,4.527,-3.229,-5.371,4.355,-2.076,7.350,0.949,11.110,2.221,7.492,1.108,11.124,3.822,4.590,30.578,87.312,-1.428,-7.820,-47.188,-91.312
4482.956,100.0,50.0,3.605,8.555,32.594,86.875,-2.869,-11.164,-49.438,-90.125,-0.630,4.012,32.739,97.398,1.060,-6.332,-48.469,-100.068,-5.293,3.355,7.008,-4.031,4.562,-3.197,-5.344,4.363,-2.076,7.350,0.949,11.110,2.218,7.488,1.105,11.123,3.889,4.395,30.906,87.312,-1.735,-7.996,-47.156,-90.625
4483.058,100.0,50.0,3.605,8.555,32.594,86.875,-2.871,-11.156,-49.438,-90.125,-0.630,4.012,32.739,97.398,1.060,-6.332,-48.469,-100.068,-5.367,3.410,6.980,-4.047,4.492,-3.182,-5.309,4.383,-2.076,7.350,0.949,11.110,2.217,7.492,1.108,11.124,3.998,4.395,30.906,87.312,-1.472,-7.820,-46.938,-90.750
4483.158,100.0,50.0,3.605,8.555,32.594,86.875,-2.875,-11.148,-49.438,-90.125,-0.630,4.012,32.739,97.398,1.060,-6.332,-48.469,-100.068,-5.258,3.471,6.945,-4.039,4.512,-3.334,-5.371,4.457,-2.076,7.350,0.949,11.110,2.215,7.497,1.111,11.124,4.348,5.008,30.578,87.312,-1.670,-7.887,-47.094,-91.062
4483.258,100.0,50.0,3.604,8.555,32.594,86.875,-2.869,-11.156,-49.438,-90.125,-0.630,4.012,32.739,97.398,1.060,-6.332,-48.469,-100.068,-5.188,3.451,7.000,-4.047,4.535,-3.227,-5.348,4.398,-2.077,7.350,0.949,11.110,2.218,7.492,1.108,11.124,4.305,4.590,31.703,87.562,-1.538,-7.863,-47.219,-91.312
4483.360,100.0,50.0,3.611,8.555,32.594,86.875,-2.869,-11.156,-49.438,-90.125,-0.630,4.012,32.739,97.398,1.060,-6.332,-48.469,-100.068,-5.305,3.492,7.062,-4.094,4.652,-3.338,-5.227,4.414,-2.072,7.350,0.949,11.110,2.218,7.492,1.108,11.124,3.910,4.109,30.266,87.625,-1.362,-8.039,-47.031,-90.750
4483.460,100.0,50.0,3.604,8.555,32.594,86.875,-2.865,-11.156,-49.438,-90.125,-0.630,4.012,32.739,97.398,1.060,-6.332,-48.469,-100.068,-5.227,3.279,6.977,-4.055,4.609,-3.285,-5.379,4.445,-2.077,7.350,0.949,11.110,2.221,7.492,1.108,11.124,3.822,4.504,29.938,87.875,-1.428,-7.844,-47.344,-91.375
4483.562,100.0,50.0,3.605,8.547,32.594,86.812,-2.869,-11.164,-49.438,-90.125,-0.630,4.012,32.739,97.398,1.060,-6.332,-48.469,-100.068,-5.430,3.391,6.957,-4.043,4.605,-3.262,-5.363,4.395,-2.075,7.352,0.949,11.108,2.218,7.488,1.105,11.123,3.910,4.504,29.297,88.125,-1.362,-7.996,-47.156,-90.625
4483.662,100.0,50.0,3.604,8.547,32.594,86.875,-2.869,-11.164,-49.438,-90.125,-0.630,4.012,32.739,97.398,1.060,-6.332,-48.469,-100.068,-5.211,3.418,6.980,-4.035,4.551,-3.199,-5.359,4.449,-2.077,7.355,0.952,11.111,2.218,7.488,1.105,11.123,3.889,4.590,30.578,87.312,-1.538,-7.668,-47.000,-91.938
4483.764,100.0,50.0,3.604,8.547,32.594,86.875,-2.871,-11.148,-49.438,-90.125,-0.630,4.012,32.739,97.398,1.060,-6.332,-48.469,-100.068,-5.637,3.299,6.957,-4.016,4.770,-3.301,-5.270,4.352,-2.077,7.355,0.952,11.111,2.217,7.497,1.111,11.124,4.172,4.285,30.094,87.250,-1.296,-7.906,-47.125,-91.062
4483.864,100.0,50.0,3.604,8.555,32.594,86.875,-2.861,-11.156,-49.438,-90.125,-0.630,4.012,32.739,97.398,1.060,-6.332,-48.469,-100.068,-5.195,3.338,7.012,-4.113,4.633,-3.324,-5.281,4.348,-2.077,7.350,0.949,11.110,2.223,7.492,1.108,11.124,3.932,4.590,30.578,87.312,-1.362,-7.863,-47.125,-91.188
4483.966,100.0,50.0,3.609,8.555,32.594,86.875,-2.861,-11.156,-49.438,-90.125,-0.630,4.012,32.739,97.398,1.060,-6.332,-48.469,-100.068,-5.461,3.404,7.012,-4.016,4.816,-3.250,-5.414,4.359,-2.073,7.350,0.949,11.110,2.223,7.492,1.108,11.124,4.043,4.590,30.734,87.312,-1.604,-8.016,-47.188,-91.750
4484.066,100.0,50.0,3.611,8.555,32.594,86.875,-2.869,-11.164,-49.438,-90.125,-0.630,4.012,32.739,97.398,1.060,-6.332,-48.469,-100.068,-5.348,3.414,7.086,-4.082,4.746,-3.203,-5.320,4.391,-2.072,7.350,0.949,11.110,2.218,7.488,1.105,11.123,3.889,4.172,31.547,87.625,-1.735,-7.887,-47.188,-91.188
4484.168,100.0,50.0,3.609,8.555,32.594,86.812,-2.865,-11.164,-49.438,-90.125,-0.630,4.012,32.739,97.398,1.060,-6.332,-48.469,-100.068,-5.262,3.422,6.953,-4.051,4.715,-3.338,-5.316,4.195,-2.072,7.348,0.946,11.108,2.221,7.488,1.105,11.124,4.438,4.172,30.734,87.625,-1.933,-8.062,-47.031,-90.812
4484.268,100.0,50.0,3.611,8.555,32.594,86.875,-2.859,-11.156,-49.438,-90.125,-0.630,4.012,32.739,97.398,1.060,-6.332,-48.469,-100.068,-5.438,3.369,7.070,-4.039,4.652,-3.150,-5.316,4.367,-2.072,7.350,0.949,11.110,2.224,7.492,1.108,11.124,3.910,4.395,31.062,87.562,-2.131,-7.906,-47.188,-91.500
4484.370,100.0,50.0,3.604,8.555,32.594,86.875,-2.865,-11.164,-49.438,-90.125,-0.630,4.012,32.739,97.398,1.060,-6.332,-48.469,-100.068,-5.375,3.318,7.176,-4.141,4.352,-3.332,-5.344,4.457,-2.077,7.350,0.949,11.110,2.221,7.488,1.105,11.124,3.977,4.285,31.547,87.938,-1.164,-7.906,-47.312,-91.062
4484.470,100.0,50.0,3.605,8.555,32.594,86.875,-2.871,-11.156,-49.438,-90.125,-0.630,4.012,32.739,97.398,1.060,-6.332,-48.469,-100.068,-5.465,3.436,7.023,-4.133,4.730,-3.277,-5.297,4.469,-2.076,7.350,0.949,11.110,2.217,7.492,1.108,11.124,4.020,4.395,29.156,87.562,-1.604,-7.863,-47.031,-90.812
4484.570,100.0,50.0,3.604,8.555,32.594,86.875,-2.865,-11.164,-49.438,-90.125,-0.630,4.012,32.739,97.398,1.060,-6.332,-48.469,-100.068,-5.281,3.445,6.926,-4.004,4.852,-3.264,-5.258,4.484,-2.077,7.350,0.949,11.110,2.221,7.488,1.105,11.124,3.953,4.109,30.734,87.875,-1.296,-7.973,-47.094,-90.625
4484.672,100.0,50.0,3.605,8.555,32.594,86.875,-2.869,-11.156,-49.438,-90.125,-0.630,4.012,32.739,97.398,1.060,-6.332,-48.469,-100.068,-5.328,3.465,6.973,-4.023,4.812,-3.328,-5.375,4.406,-2.076,7.350,0.949,11.110,2.218,7.492,1.108,11.124,4.020,4.172,31.062,87.750,-1.230,-7.688,-47.156,-90.938
4484.772,100.0,50.0,3.611,8.547,32.594,86.875,-2.865,-11.156,-49.438,-90.125,-0.630,4.012,32.739,97.398,1.060,-6.332,-48.469,-100.068,-5.449,3.516,7.012,-4.062,4.543,-3.393,-5.367,4.375,-2.072,7.355,0.952,11.111,2.221,7.492,1.108,11.124,3.932,3.801,29.938,88.062,-2.064,-7.906,-47.125,-91.312
4484.872,100.0,50.0,3.604,8.555,32.594,86.875,-2.861,-11.156,-49.438,-90.125,-0.630,4.012,32.739,97.398,1.060,-6.332,-48.469,-100.068,-5.453,3.406,6.918,-4.027,4.621,-3.322,-5.426,4.367,-2.077,7.350,0.949,11.110,2.223,7.492,1.108,11.124,4.637,3.910,29.938,87.750,-1.735,-7.887,-47.219,-90.938
4484.974,100.0,50.0,3.609,8.555,32.594,86.875,-2.869,-11.148,-49.438,-90.125,-0.630,4.012,32.739,97.398,1.060,-6.332,-48.469,-100.068,-5.406,3.320,6.949,-4.094,4.633,-3.340,-5.383,4.398,-2.073,7.350,0.949,11.110,2.218,7.497,1.111,11.124,3.910,4.109,31.219,87.438,-1.735,-7.953,-47.000,-91.062
4485.076,100.0,50.0,3.600,8.555,32.594,86.875,-2.865,-11.164,-49.438,-90.125,-0.630,4.012,32.739,97.398,1.060,-6.332,-48.469,-100.068,-5.266,3.348,6.918,-4.066,4.703,-3.340,-5.277,4.359,-2.079,7.350,0.949,11.110,2.221,7.488,1.105,11.124,3.910,4.109,29.781,87.188,-1.230,-7.973,-47.062,-91.500
4485.176,100.0,50.0,3.605,8.555,32.594,86.875,-2.871,-11.156,-49.438,-90.125,-0.630,4.012,32.739,97.398,1.060,-6.332,-48.469,-100.068,-5.152,3.379,6.898,-4.074,4.617,-3.215,-5.316,4.379,-2.076,7.350,0.949,11.110,2.217,7.492,1.108,11.124,3.953,3.492,30.578,87.625,-1.802,-7.863,-47.344,-90.750
4485.276,100.0,50.0,3.611,8.555,32.594,86.875,-2.869,-11.156,-49.438,-90.125,-0.630,4.012,32.739,97.398,1.060,-6.332,-48.469,-100.068,-5.613,3.449,7.043,-4.117,4.539,-3.348,-5.266,4.414,-2.072,7.350,0.949,11.110,2.218,7.492,1.108,11.124,3.932,3.998,31.703,88.250,-1.472,-7.797,-47.156,-92.188
4485.376,100.0,50.0,3.609,8.555,32.594,86.875,-2.861,-11.164,-49.438,-90.125,-0.630,4.012,32.739,97.398,1.060,-6.332,-48.469,-100.068,-5.359,3.354,7.008,-4.062,4.578,-3.256,-5.301,4.355,-2.073,7.350,0.949,11.110,2.223,7.488,1.105,11.124,4.395,4.109,32.000,88.062,-1.670,-7.887,-47.125,-90.625
4485.478,100.0,50.0,3.605,8.555,32.594,86.875,-2.871,-11.156,-49.438,-90.125,-0.630,4.012,32.739,97.398,1.060,-6.332,-48.469,-100.068,-5.344,3.400,7.098,-4.062,4.641,-3.191,-5.266,4.406,-2.076,7.350,0.949,11.110,2.217,7.492,1.108,11.124,3.932,4.898,32.281,88.062,-0.966,-7.863,-47.062,-90.625
4485.580,100.0,50.0,3.604,8.555,32.594,86.875,-2.861,-11.156,-49.438,-90.125,-0.630,4.012,32.739,97.398,1.060,-6.332,-48.469,-100.068,-5.156,3.330,6.969,-4.039,4.859,-3.338,-5.332,4.305,-2.077,7.350,0.949,11.110,2.223,7.492,1.108,11.124,3.998,3.910,30.422,87.938,-2.131,-7.887,-47.250,-90.250
4485.680,100.0,50.0,3.604,8.555,32.594,86.875,-2.871,-11.164,-49.438,-90.125,-0.630,4.012,32.739,97.398,1.060,-6.332,-48.469,-100.068,-5.375,3.375,7.023,-4.023,4.617,-3.275,-5.367,4.328,-2.077,7.350,0.949,11.110,2.217,7.488,1.105,11.123,4.438,4.172,30.422,87.938,-1.933,-7.777,-47.062,-91.500
4485.782,100.0,50.0,3.604,8.562,32.594,86.875,-2.871,-11.156,-49.438,-90.125,-0.630,4.012,32.739,97.398,1.060,-6.332,-48.469,-100.068,-5.285,3.400,7.129,-4.047,4.570,-3.238,-5.422,4.316,-2.077,7.346,0.946,11.110,2.217,7.492,1.108,11.124,4.020,3.998,30.266,87.750,-1.428,-7.887,-47.094,-91.062
4485.882,100.0,50.0,3.611,8.555,32.594,86.875,-2.869,-11.164,-49.438,-90.125,-0.630,4.012,32.739,97.398,1.060,-6.332,-48.469,-100.068,-5.305,3.205,7.160,-4.070,4.711,-3.143,-5.227,4.359,-2.072,7.350,0.949,11.110,2.218,7.488,1.105,11.123,3.932,4.172,31.547,87.750,-1.604,-7.930,-47.219,-91.375
4485.984,100.0,50.0,3.605,8.547,32.594,86.812,-2.875,-11.156,-49.438,-90.125,-0.630,4.012,32.739,97.398,1.060,-6.332,-48.469,-100.068,-5.461,3.424,6.895,-4.020,4.590,-3.236,-5.281,4.355,-2.075,7.352,0.949,11.108,2.215,7.492,1.108,11.124,3.953,4.504,29.453,87.938,-1.472,-8.016,-47.219,-91.375
4486.086,100.0,50.0,3.604,8.555,32.594,86.875,-2.859,-11.164,-49.438,-90.125,-0.630,4.012,32.739,97.398,1.060,-6.332,-48.469,-100.068,-5.406,3.375,6.957,-4.039,4.586,-3.170,-5.320,4.352,-2.077,7.350,0.949,11.110,2.224,7.488,1.105,11.124,3.889,4.285,30.094,87.938,-1.735,-8.039,-46.969,-90.938
4486.188,100.0,50.0,3.609,8.547,32.594,86.875,-2.865,-11.156,-49.438,-90.125,-0.630,4.012,32.739,97.398,1.060,-6.332,-48.469,-100.068,-5.145,3.412,6.926,-4.016,4.652,-3.252,-5.328,4.473,-2.073,7.355,0.952,11.111,2.221,7.492,1.108,11.124,4.371,4.590,31.859,87.438,-1.670,-8.016,-47.156,-91.938
4486.288,100.0,50.0,3.609,8.555,32.594,86.875,-2.861,-11.164,-49.438,-90.125,-0.630,4.012,32.739,97.398,1.060,-6.332,-48.469,-100.068,-5.281,3.303,6.969,-4.004,4.574,-3.283,-5.297,4.363,-2.073,7.350,0.949,11.110,2.223,7.488,1.105,11.124,3.910,3.998,32.594,87.312,-1.735,-7.820,-47.250,-91.188
4486.388,100.0,50.0,3.604,8.555,32.594,86.875,-2.869,-11.164,-49.438,-90.125,-0.630,4.012,32.739,97.398,1.060,-6.332,-48.469,-100.068,-5.254,3.307,6.973,-4.035,4.555,-3.326,-5.234,4.379,-2.077,7.350,0.949,11.110,2.218,7.488,1.105,11.123,3.910,4.504,30.578,87.938,-1.362,-7.953,-47.031,-91.500
4486.490,100.0,50.0,3.609,8.555,32.594,86.875,-2.869,-11.164,-49.438,-90.125,-0.630,4.012,32.739,97.398,1.060,-6.332,-48.469,-100.068,-5.379,3.350,6.902,-4.086,4.566,-3.219,-5.367,4.410,-2.073,7.350,0.949,11.110,2.218,7.488,1.105,11.123,4.020,4.395,31.547,87.125,-1.472,-7.887,-47.156,-91.625
4486.590,100.0,50.0,3.611,8.547,32.594,86.875,-2.875,-11.164,-49.438,-90.125,-0.630,4.012,32.739,97.398,1.060,-6.332,-48.469,-100.068,-5.262,3.385,6.988,-4.051,4.699,-3.316,-5.305,4.340,-2.072,7.355,0.952,11.111,2.215,7.488,1.105,11.123,3.932,3.604,30.734,88.438,-1.472,-7.863,-47.094,-92.312
4486.690,100.0,50.0,3.605,8.547,32.594,86.875,-2.877,-11.156,-49.438,-90.125,-0.630,4.012,32.739,97.398,1.060,-6.332,-48.469,-100.068,-5.258,3.270,6.977,-4.031,4.703,-3.377,-5.359,4.410,-2.076,7.355,0.952,11.111,2.214,7.492,1.108,11.124,3.910,4.395,30.906,87.875,-1.538,-7.887,-47.375,-90.625
4486.792,100.0,50.0,3.605,8.555,32.594,86.875,-2.861,-11.164,-49.438,-90.125,-0.630,4.012,32.739,97.398,1.060,-6.332,-48.469,-100.068,-5.273,3.242,7.020,-4.109,4.656,-3.229,-5.363,4.371,-2.076,7.350,0.949,11.110,2.223,7.488,1.105,11.124,3.953,5.207,31.547,88.062,-1.428,-7.844,-46.938,-91.312
4486.894,100.0,50.0,3.604,8.555,32.594,86.875,-2.865,-11.164,-49.438,-90.125,-0.630,4.012,32.739,97.398,1.060,-6.332,-48.469,-100.068,-5.137,3.326,6.836,-4.031,4.527,-3.254,-5.375,4.430,-2.077,7.350,0.949,11.110,2.221,7.488,1.105,11.124,4.480,4.172,32.438,87.438,-1.802,-7.777,-47.031,-91.188
4486.994,100.0,50.0,3.611,8.555,32.594,86.875,-2.871,-11.164,-49.438,-90.125,-0.630,4.012,32.739,97.398,1.060,-6.332,-48.469,-100.068,-5.168,3.328,7.039,-4.082,4.621,-3.295,-5.383,4.391,-2.072,7.350,0.949,11.110,2.217,7.488,1.105,11.123,4.371,4.285,30.422,87.875,-1.604,-8.016,-47.031,-91.312
4487.096,100.0,50.0,3.605,8.547,32.594,86.875,-2.871,-11.156,-49.438,-90.125,-0.630,4.012,32.739,97.398,1.060,-6.332,-48.469,-100.068,-5.172,3.496,7.051,-4.043,4.727,-3.305,-5.180,4.312,-2.076,7.355,0.952,11.111,2.217,7.492,1.108,11.124,3.910,4.812,30.734,87.562,-1.032,-7.820,-47.219,-91.312
4487.196,100.0,50.0,3.604,8.555,32.594,86.875,-2.869,-11.164,-49.438,-90.125,-0.630,4.012,32.739,97.398,1.060,-6.332,-48.469,-100.068,-5.359,3.387,7.055,-4.031,4.703,-3.260,-5.254,4.332,-2.077,7.350,0.949,11.110,2.218,7.488,1.105,11.123,3.953,4.285,32.000,87.125,-1.670,-7.797,-47.031,-91.188
4487.296,100.0,50.0,3.605,8.539,32.594,86.875,-2.869,-11.164,-49.438,-90.125,-0.630,4.012,32.739,97.398,1.060,-6.332,-48.469,-100.068,-5.258,3.381,7.000,-3.936,4.527,-3.256,-5.293,4.477,-2.076,7.359,0.955,11.111,2.218,7.488,1.105,11.123,4.020,3.910,30.422,87.750,-1.428,-7.930,-47.125,-90.625
4487.398,100.0,50.0,3.605,8.547,32.594,86.875,-2.871,-11.156,-49.438,-90.125,-0.630,4.012,32.739,97.398,1.060,-6.332,-48.469,-100.068,-5.152,3.377,6.977,-4.062,4.715,-3.424,-5.270,4.391,-2.076,7.355,0.952,11.111,2.217,7.492,1.108,11.124,3.953,4.504,30.422,87.312,-1.472,-7.887,-47.188,-90.938
4487.498,100.0,50.0,3.604,8.555,32.594,86.875,-2.859,-11.164,-49.438,-90.125,-0.630,4.012,32.739,97.398,1.060,-6.332,-48.469,-100.068,-5.121,3.371,6.949,-4.043,4.672,-3.348,-5.270,4.363,-2.077,7.350,0.949,11.110,2.224,7.488,1.105,11.124,4.480,4.699,30.734,87.188,-1.670,-7.844,-46.938,-91.188
4487.598,100.0,50.0,3.609,8.547,32.594,86.875,-2.871,-11.156,-49.438,-90.125,-0.630,4.012,32.739,97.398,1.060,-6.332,-48.469,-100.068,-5.352,3.443,7.016,-4.051,4.637,-3.314,-5.242,4.410,-2.073,7.355,0.952,11.111,2.217,7.492,1.108,11.124,4.414,3.691,30.578,88.375,-1.538,-7.906,-47.000,-91.312
4487.698,100.0,50.0,3.605,8.562,32.594,86.875,-2.869,-11.164,-49.438,-90.125,-0.630,4.012,32.739,97.398,1.060,-6.332,-48.469,-100.068,-5.223,3.367,6.926,-4.043,4.699,-3.199,-5.293,4.504,-2.076,7.346,0.946,11.110,2.218,7.488,1.105,11.123,4.637,4.590,30.734,87.188,-1.230,-7.953,-47.156,-91.062
4487.798,100.0,50.0,3.605,8.555,32.594,86.875,-2.871,-11.156,-49.438,-90.125,-0.630,4.012,32.739,97.398,1.060,-6.332,-48.469,-100.068,-5.336,3.402,7.188,-4.035,4.629,-3.229,-5.281,4.410,-2.076,7.350,0.949,11.110,2.217,7.492,1.108,11.124,4.523,4.699,30.906,87.625,-1.604,-7.953,-47.125,-92.062
4487.900,100.0,50.0,3.604,8.555,32.594,86.875,-2.865,-11.164,-49.438,-90.125,-0.630,4.012,32.739,97.398,1.060,-6.332,-48.469,-100.068,-5.273,3.346,7.055,-4.055,4.590,-3.338,-5.344,4.395,-2.077,7.350,0.949,11.110,2.221,7.488,1.105,11.124,4.020,5.008,30.422,87.188,-1.428,-7.996,-47.125,-90.062
4488.000,100.0,50.0,3.609,8.555,32.594,86.875,-2.871,-11.164,-49.438,-90.125,-0.630,4.012,32.739,97.398,1.060,-6.332,-48.469,-100.068,-5.441,3.393,6.980,-4.043,4.637,-3.156,-5.387,4.484,-2.073,7.350,0.949,11.110,2.217,7.488,1.105,11.123,3.953,4.285,29.938,87.938,-1.933,-7.887,-46.906,-90.812
4488.102,100.0,50.0,3.605,8.555,32.594,86.875,-2.865,-11.156,-49.438,-90.125,-0.630,4.012,32.739,97.398,1.060,-6.332,-48.469,-100.068,-5.430,3.320,7.023,-4.020,4.500,-3.295,-5.309,4.391,-2.076,7.350,0.949,11.110,2.221,7.492,1.108,11.124,3.932,4.699,30.422,87.625,-1.670,-7.953,-47.062,-90.812
4488.204,100.0,50.0,3.605,8.547,32.594,86.875,-2.869,-11.156,-49.438,-90.125,-0.630,4.012,32.739,97.398,1.060,-6.332,-48.469,-100.068,-5.383,3.445,7.059,-3.982,4.668,-3.293,-5.387,4.449,-2.076,7.355,0.952,11.111,2.218,7.492,1.108,11.124,3.998,3.998,31.219,87.562,-1.428,-7.953,-46.969,-91.188
4488.304,100.0,50.0,3.605,8.555,32.594,86.875,-2.861,-11.164,-49.438,-90.125,-0.630,4.012,32.739,97.398,1.060,-6.332,-48.469,-100.068,-5.258,3.381,6.957,-4.055,4.504,-3.410,-5.312,4.391,-2.076,7.350,0.949,11.110,2.223,7.488,1.105,11.124,3.889,4.285,32.000,88.562,-1.099,-7.906,-46.906,-91.375
4488.406,100.0,50.0,3.604,8.547,32.594,86.875,-2.865,-11.164,-49.438,-90.125,-0.630,4.012,32.739,97.398,1.060,-6.332,-48.469,-100.068,-5.426,3.342,6.961,-4.016,4.656,-3.285,-5.340,4.457,-2.077,7.355,0.952,11.111,2.221,7.488,1.105,11.124,3.998,4.285,31.859,87.625,-1.472,-7.797,-46.906,-91.312
4488.506,100.0,50.0,3.615,8.555,32.594,86.875,-2.869,-11.156,-49.438,-90.125,-0.630,4.012,32.739,97.398,1.060,-6.332,-48.469,-100.068,-5.164,3.322,6.953,-3.994,4.734,-3.289,-5.324,4.398,-2.070,7.350,0.949,11.110,2.218,7.492,1.108,11.124,3.998,4.504,31.062,87.875,-1.735,-7.906,-47.219,-90.750
4488.608,100.0,50.0,3.605,8.555,32.594,86.875,-2.859,-11.156,-49.438,-90.125,-0.630,4.012,32.739,97.398,1.060,-6.332,-48.469,-100.068,-5.211,3.328,6.957,-4.047,4.645,-3.254,-5.309,4.336,-2.076,7.350,0.949,11.110,2.224,7.492,1.108,11.124,4.590,3.910,30.422,88.062,-1.670,-7.820,-46.906,-91.312
4488.708,100.0,50.0,3.609,8.555,32.594,86.875,-2.865,-11.164,-49.438,-90.125,-0.630,4.012,32.739,97.398,1.060,-6.332,-48.469,-100.068,-5.391,3.299,6.945,-4.012,4.527,-3.275,-5.367,4.352,-2.073,7.350,0.949,11.110,2.221,7.488,1.105,11.124,4.305,4.395,30.906,87.562,-1.802,-7.863,-46.906,-90.938
4488.808,100.0,50.0,3.609,8.555,32.594,86.875,-2.865,-11.164,-49.438,-90.125,-0.630,4.012,32.739,97.398,1.060,-6.332,-48.469,-100.068,-5.207,3.295,6.980,-4.016,4.551,-3.316,-5.270,4.414,-2.073,7.350,0.949,11.110,2.221,7.488,1.105,11.124,3.953,4.504,32.875,88.062,-1.538,-7.887,-47.188,-91.188
4488.908,100.0,50.0,3.609,8.555,32.594,86.875,-2.861,-11.164,-49.438,-90.125,-0.630,4.012,32.739,97.398,1.060,-6.332,-48.469,-100.068,-5.152,3.330,6.961,-4.008,4.641,-3.350,-5.273,4.395,-2.073,7.350,0.949,11.110,2.223,7.488,1.105,11.124,4.699,4.699,32.125,87.938,-1.099,-8.062,-46.969,-91.875
4489.008,100.0,50.0,3.609,8.555,32.594,86.875,-2.865,-11.156,-49.438,-90.125,-0.630,4.012,32.739,97.398,1.060,-6.332,-48.469,-100.068,-5.246,3.396,7.020,-4.039,4.508,-3.242,-5.355,4.441,-2.073,7.350,0.949,11.110,2.221,7.492,1.108,11.124,3.889,4.172,30.422,87.750,-1.867,-7.953,-47.031,-91.750
4489.110,100.0,50.0,3.619,8.555,32.594,86.875,-2.871,-11.156,-49.438,-90.125,-0.630,4.012,32.739,97.398,1.060,-6.332,-48.469,-100.068,-5.262,3.348,6.914,-4.020,4.629,-3.305,-5.383,4.352,-2.067,7.350,0.949,11.110,2.217,7.492,1.108,11.124,3.953,4.898,31.062,87.938,-1.867,-7.820,-47.344,-91.062
4489.212,100.0,50.0,3.605,8.555,32.594,86.812,-2.869,-11.156,-49.438,-90.125,-0.630,4.012,32.739,97.398,1.060,-6.332,-48.469,-100.068,-5.508,3.279,6.977,-4.094,4.656,-3.326,-5.203,4.426,-2.075,7.348,0.946,11.108,2.218,7.492,1.108,11.124,3.953,4.172,31.062,88.062,-1.428,-7.887,-47.062,-91.750
4489.314,100.0,50.0,3.605,8.547,32.594,86.875,-2.865,-11.156,-49.438,-90.125,-0.630,4.012,32.739,97.398,1.060,-6.332,-48.469,-100.068,-5.484,3.469,6.980,-4.016,4.660,-3.246,-5.387,4.352,-2.076,7.355,0.952,11.111,2.221,7.492,1.108,11.124,4.043,4.109,30.578,88.375,-1.735,-7.906,-46.906,-90.750
4489.416,100.0,50.0,3.609,8.547,32.594,86.875,-2.865,-11.156,-49.438,-90.125,-0.630,4.012,32.739,97.398,1.060,-6.332,-48.469,-100.068,-5.297,3.332,6.957,-4.070,4.824,-3.355,-5.328,4.367,-2.073,7.355,0.952,11.111,2.221,7.492,1.108,11.124,4.285,4.395,30.734,87.562,-1.472,-7.797,-47.156,-91.188
4489.516,100.0,50.0,3.609,8.562,32.594,86.875,-2.869,-11.164,-49.438,-90.125,-0.630,4.012,32.739,97.398,1.060,-6.332,-48.469,-100.068,-5.355,3.387,7.043,-4.059,4.551,-3.281,-5.305,4.473,-2.073,7.346,0.946,11.110,2.218,7.488,1.105,11.123,3.953,4.172,32.281,88.125,-1.362,-7.820,-47.281,-91.312
4489.618,100.0,50.0,3.605,8.555,32.594,86.875,-2.869,-11.164,-49.438,-90.125,-0.630,4.012,32.739,97.398,1.060,-6.332,-48.469,-100.068,-5.434,3.375,6.992,-4.090,4.609,-3.311,-5.375,4.305,-2.076,7.350,0.949,11.110,2.218,7.488,1.105,11.123,3.910,3.998,31.547,87.438,-1.802,-7.953,-47.125,-90.938
4489.720,100.0,50.0,3.605,8.555,32.594,86.875,-2.861,-11.156,-49.438,-90.125,-0.630,4.012,32.739,97.398,1.060,-6.332,-48.469,-100.068,-5.555,3.424,6.895,-4.051,4.566,-3.363,-5.332,4.414,-2.076,7.350,0.949,11.110,2.223,7.492,1.108,11.124,4.371,4.172,30.906,87.312,-1.538,-7.930,-47.250,-91.188
4489.820,100.0,50.0,3.604,8.547,32.594,86.875,-2.865,-11.164,-49.438,-90.125,-0.630,4.012,32.739,97.398,1.060,-6.332,-48.469,-100.068,-5.504,3.340,6.953,-4.035,4.660,-3.258,-5.398,4.395,-2.077,7.355,0.952,11.111,2.221,7.488,1.105,11.124,3.910,4.590,31.219,87.312,-1.164,-7.688,-47.062,-91.750
4489.920,100.0,50.0,3.605,8.555,32.594,86.875,-2.871,-11.164,-49.438,-90.125,-0.630,4.012,32.739,97.398,1.060,-6.332,-48.469,-100.068,-5.199,3.371,6.977,-4.059,4.824,-3.166,-5.391,4.391,-2.076,7.350,0.949,11.110,2.217,7.488,1.105,11.123,3.889,4.504,32.125,87.188,-1.604,-7.953,-47.156,-91.750
4490.022,100.0,50.0,3.604,8.555,32.594,86.875,-2.865,-11.156,-49.438,-90.125,-0.630,4.012,32.739,97.398,1.060,-6.332,-48.469,-100.068,-5.281,3.297,6.938,-4.012,4.672,-3.307,-5.297,4.348,-2.077,7.350,0.949,11.110,2.221,7.492,1.108,11.124,3.998,3.186,30.906,87.750,-1.428,-7.973,-47.062,-91.375
4490.122,100.0,50.0,3.605,8.555,32.594,86.812,-2.861,-11.156,-49.438,-90.125,-0.630,4.012,32.739,97.398,1.060,-6.332,-48.469,-100.068,-5.316,3.535,6.961,-4.051,4.680,-3.166,-5.438,4.383,-2.075,7.348,0.946,11.108,2.223,7.492,1.108,11.124,3.889,4.812,30.734,87.562,-1.032,-7.887,-47.094,-91.500
4490.224,100.0,50.0,3.609,8.555,32.594,86.875,-2.861,-11.156,-49.438,-90.125,-0.630,4.012,32.739,97.398,1.060,-6.332,-48.469,-100.068,-5.238,3.330,7.066,-4.086,4.730,-3.344,-5.441,4.367,-2.073,7.350,0.949,11.110,2.223,7.492,1.108,11.124,4.480,3.998,30.422,87.125,-1.472,-7.754,-47.406,-90.938
4490.324,100.0,50.0,3.605,8.547,32.594,86.875,-2.869,-11.164,-49.438,-90.125,-0.630,4.012,32.739,97.398,1.060,-6.332,-48.469,-100.068,-5.371,3.432,7.059,-4.008,4.652,-3.332,-5.293,4.367,-2.076,7.355,0.952,11.111,2.218,7.488,1.105,11.123,3.953,4.395,30.906,87.438,-1.670,-7.863,-47.000,-89.688
4490.426,100.0,50.0,3.611,8.555,32.594,86.875,-2.871,-11.156,-49.438,-90.125,-0.630,4.012,32.739,97.398,1.060,-6.332,-48.469,-100.068,-5.199,3.545,7.039,-4.020,4.742,-3.309,-5.293,4.355,-2.072,7.350,0.949,11.110,2.217,7.492,1.108,11.124,3.998,4.109,29.781,87.875,-1.670,-7.996,-47.188,-91.188
4490.526,100.0,50.0,3.605,8.539,32.594,86.875,-2.859,-11.164,-49.438,-90.125,-0.630,4.012,32.739,97.398,1.060,-6.332,-48.469,-100.068,-5.363,3.340,7.035,-4.070,4.672,-3.262,-5.312,4.402,-2.076,7.359,0.955,11.111,2.224,7.488,1.105,11.124,4.746,3.801,31.703,87.750,-1.538,-7.906,-47.062,-90.750
4490.628,100.0,50.0,3.611,8.555,32.594,86.875,-2.865,-11.164,-49.438,-90.125,-0.630,4.012,32.739,97.398,1.060,-6.332,-48.469,-100.068,-5.137,3.354,7.016,-4.039,4.547,-3.254,-5.234,4.352,-2.072,7.350,0.949,11.110,2.221,7.488,1.105,11.124,4.020,4.109,30.906,87.750,-1.802,-8.109,-46.906,-90.750
4490.730,100.0,50.0,3.611,8.555,32.594,86.875,-2.865,-11.164,-49.438,-90.125,-0.630,4.012,32.739,97.398,1.060,-6.332,-48.469,-100.068,-5.148,3.402,6.922,-4.098,4.734,-3.344,-5.449,4.367,-2.072,7.350,0.949,11.110,2.221,7.488,1.105,11.124,4.328,5.117,30.422,87.750,-1.362,-7.820,-47.094,-91.312
4490.830,100.0,50.0,3.609,8.555,32.594,86.875,-2.865,-11.164,-49.438,-90.125,-0.630,4.012,32.739,97.398,1.060,-6.332,-48.469,-100.068,-5.336,3.324,6.977,-4.004,4.797,-3.295,-5.320,4.367,-2.073,7.350,0.949,11.110,2.221,7.488,1.105,11.124,4.062,4.109,29.938,87.750,-1.670,-7.820,-47.000,-91.188
4490.930,100.0,50.0,3.604,8.547,32.594,86.875,-2.871,-11.156,-49.438,-90.125,-0.630,4.012,32.739,97.398,1.060,-6.332,-48.469,-100.068,-5.285,3.336,7.004,-4.051,4.805,-3.340,-5.434,4.324,-2.077,7.355,0.952,11.111,2.217,7.492,1.108,11.124,4.262,4.699,30.734,87.750,-1.230,-8.016,-47.156,-91.375
4491.030,100.0,50.0,3.611,8.547,32.594,86.875,-2.877,-11.156,-49.438,-90.125,-0.630,4.012,32.739,97.398,1.060,-6.332,-48.469,-100.068,-5.414,3.418,7.000,-4.059,4.605,-3.396,-5.270,4.438,-2.072,7.355,0.952,11.111,2.214,7.492,1.108,11.124,3.977,4.172,31.547,87.750,-1.296,-7.953,-47.281,-91.188
4491.130,100.0,50.0,3.605,8.555,32.594,86.875,-2.859,-11.156,-49.438,-90.125,-0.630,4.012,32.739,97.398,1.060,-6.332,-48.469,-100.068,-5.367,3.244,6.977,-3.998,4.617,-3.178,-5.230,4.477,-2.076,7.350,0.949,11.110,2.224,7.492,1.108,11.124,3.953,4.285,30.422,87.188,-1.428,-7.820,-47.125,-91.188
4491.232,100.0,50.0,3.605,8.555,32.594,86.875,-2.865,-11.164,-49.438,-90.125,-0.630,4.012,32.739,97.398,1.060,-6.332,-48.469,-100.068,-5.234,3.393,6.949,-4.086,4.551,-3.393,-5.348,4.355,-2.076,7.350,0.949,11.110,2.221,7.488,1.105,11.124,4.723,4.812,31.547,87.562,-1.296,-7.844,-47.094,-91.062
4491.332,100.0,50.0,3.604,8.547,32.594,86.875,-2.871,-11.156,-49.438,-90.125,-0.630,4.012,32.739,97.398,1.060,-6.332,-48.469,-100.068,-5.309,3.393,6.922,-4.066,4.691,-3.162,-5.328,4.523,-2.077,7.355,0.952,11.111,2.217,7.492,1.108,11.124,3.932,4.285,31.219,88.062,-1.230,-7.930,-46.969,-91.750
4491.434,100.0,50.0,3.605,8.555,32.594,86.875,-2.869,-11.156,-49.438,-90.125,-0.630,4.012,32.739,97.398,1.060,-6.332,-48.469,-100.068,-5.254,3.406,6.910,-4.066,4.586,-3.273,-5.320,4.453,-2.076,7.350,0.949,11.110,2.218,7.492,1.108,11.124,4.438,4.395,31.547,87.250,-1.538,-7.973,-47.000,-91.062
4491.536,100.0,50.0,3.605,8.555,32.594,86.875,-2.855,-11.156,-49.438,-90.125,-0.630,4.012,32.739,97.398,1.060,-6.332,-48.469,-100.068,-5.277,3.357,7.062,-4.051,4.539,-3.221,-5.301,4.484,-2.076,7.350,0.949,11.110,2.227,7.492,1.108,11.124,4.328,4.504,30.094,87.438,-1.604,-7.906,-47.281,-91.375
4491.636,100.0,50.0,3.605,8.555,32.594,86.875,-2.875,-11.164,-49.438,-90.125,-0.630,4.012,32.739,97.398,1.060,-6.332,-48.469,-100.068,-5.281,3.283,6.910,-4.113,4.590,-3.236,-5.387,4.344,-2.076,7.350,0.949,11.110,2.215,7.488,1.105,11.123,3.889,5.008,31.219,87.562,-1.296,-8.016,-47.281,-91.375
4491.738,100.0,50.0,3.611,8.547,32.594,86.875,-2.871,-11.156,-49.438,-90.125,-0.630,4.012,32.739,97.398,1.060,-6.332,-48.469,-100.068,-5.266,3.486,7.082,-4.004,4.570,-3.258,-5.238,4.371,-2.072,7.355,0.952,11.111,2.217,7.492,1.108,11.124,3.889,4.590,30.266,87.625,-2.197,-7.844,-47.219,-91.188
4491.839,100.0,50.0,3.605,8.547,32.594,86.875,-2.859,-11.156,-49.438,-90.125,-0.630,4.012,32.739,97.398,1.060,-6.332,-48.469,-100.068,-5.406,3.338,6.953,-4.062,4.629,-3.334,-5.188,4.395,-2.076,7.355,0.952,11.111,2.224,7.492,1.108,11.124,3.889,4.590,30.578,87.188,-1.538,-7.906,-47.125,-91.062
4491.939,100.0,50.0,3.605,8.555,32.594,86.875,-2.871,-11.156,-49.438,-90.125,-0.630,4.012,32.739,97.398,1.060,-6.332,-48.469,-100.068,-5.242,3.424,6.973,-4.035,4.816,-3.355,-5.289,4.340,-2.076,7.350,0.949,11.110,2.217,7.492,1.108,11.124,3.953,4.285,31.062,87.250,-1.735,-7.953,-47.031,-90.625
4492.041,100.0,50.0,3.609,8.555,32.594,86.875,-2.861,-11.156,-49.438,-90.125,-0.630,4.012,32.739,97.398,1.060,-6.332,-48.469,-100.068,-5.348,3.457,7.090,-4.020,4.488,-3.256,-5.320,4.406,-2.073,7.350,0.949,11.110,2.223,7.492,1.108,11.124,4.043,3.801,29.297,88.062,-1.032,-7.973,-47.125,-91.062
4492.143,100.0,50.0,3.604,8.555,32.594,86.875,-2.871,-11.164,-49.438,-90.125,-0.630,4.012,32.739,97.398,1.060,-6.332,-48.469,-100.068,-5.535,3.379,6.812,-4.043,4.566,-3.197,-5.520,4.258,-2.077,7.350,0.949,11.110,2.217,7.488,1.105,11.123,3.932,3.186,31.859,87.312,-1.296,-7.887,-46.969,-90.812
4492.243,100.0,50.0,3.605,8.547,32.594,86.875,-2.861,-11.156,-49.438,-90.125,-0.630,4.012,32.739,97.398,1.060,-6.332,-48.469,-100.068,-5.176,3.461,6.996,-4.055,4.695,-3.289,-5.352,4.426,-2.076,7.355,0.952,11.111,2.223,7.492,1.108,11.124,3.977,4.285,31.219,87.625,-1.538,-7.906,-47.094,-91.875
4492.343,100.0,50.0,3.609,8.555,32.594,86.875,-2.865,-11.172,-49.438,-90.125,-0.630,4.012,32.739,97.398,1.060,-6.332,-48.469,-100.068,-5.160,3.381,7.020,-4.066,4.617,-3.311,-5.484,4.309,-2.073,7.350,0.949,11.110,2.221,7.483,1.103,11.123,3.932,4.395,30.578,88.250,-1.670,-8.438,-47.156,-90.812
4492.445,100.0,50.0,3.604,8.555,32.594,86.875,-2.875,-11.164,-49.438,-90.125,-0.630,4.012,32.739,97.398,1.060,-6.332,-48.469,-100.068,-5.488,3.494,7.027,-4.086,4.875,-3.199,-5.199,4.359,-2.077,7.350,0.949,11.110,2.215,7.488,1.105,11.123,4.262,4.172,30.422,88.125,-1.999,-7.844,-47.125,-91.062
4492.545,100.0,50.0,3.609,8.555,32.594,86.875,-2.861,-11.156,-49.438,-90.125,-0.630,4.012,32.739,97.398,1.060,-6.332,-48.469,-100.068,-5.379,3.338,7.062,-4.070,4.414,-3.260,-5.316,4.438,-2.073,7.350,0.949,11.110,2.223,7.492,1.108,11.124,3.953,5.117,31.062,87.188,-1.472,-7.887,-47.125,-90.750
4492.647,100.0,50.0,3.605,8.555,32.594,86.875,-2.861,-11.156,-49.438,-90.125,-0.630,4.012,32.739,97.398,1.060,-6.332,-48.469,-100.068,-5.418,3.375,6.965,-4.016,4.609,-3.273,-5.266,4.379,-2.076,7.350,0.949,11.110,2.223,7.492,1.108,11.124,3.910,3.691,30.422,88.125,-1.428,-8.086,-47.188,-90.938
4492.749,100.0,50.0,3.604,8.555,32.594,86.875,-2.859,-11.164,-49.438,-90.125,-0.630,4.012,32.739,97.398,1.060,-6.332,-48.469,-100.068,-5.344,3.355,7.051,-4.020,4.680,-3.299,-5.254,4.352,-2.077,7.350,0.949,11.110,2.224,7.488,1.105,11.124,4.395,4.898,31.859,87.438,-0.966,-8.016,-46.938,-91.312
4492.849,100.0,50.0,3.605,8.547,32.594,86.875,-2.865,-11.164,-49.438,-90.125,-0.630,4.012,32.739,97.398,1.060,-6.332,-48.469,-100.068,-5.316,3.498,7.082,-4.047,4.648,-3.254,-5.328,4.379,-2.076,7.355,0.952,11.111,2.221,7.488,1.105,11.124,3.822,4.172,31.547,87.625,-2.064,-7.996,-46.938,-91.375
4492.949,100.0,50.0,3.609,8.547,32.594,86.875,-2.865,-11.164,-49.438,-90.125,-0.630,4.012,32.739,97.398,1.060,-6.332,-48.469,-100.068,-5.312,3.393,6.891,-4.094,4.688,-3.328,-5.316,4.410,-2.073,7.355,0.952,11.111,2.221,7.488,1.105,11.124,3.756,3.910,30.578,87.250,-1.099,-7.863,-46.906,-90.625
4493.049,100.0,50.0,3.605,8.555,32.594,86.875,-2.865,-11.156,-49.438,-90.125,-0.630,4.012,32.739,97.398,1.060,-6.332,-48.469,-100.068,-5.340,3.447,6.938,-4.121,4.793,-3.201,-5.348,4.395,-2.076,7.350,0.949,11.110,2.221,7.492,1.108,11.124,4.043,4.504,30.578,87.438,-1.230,-7.906,-47.281,-91.375
4493.149,100.0,50.0,3.605,8.555,32.594,86.875,-2.871,-11.156,-49.438,-90.125,-0.630,4.012,32.739,97.398,1.060,-6.332,-48.469,-100.068,-5.480,3.393,7.129,-4.020,4.602,-3.395,-5.250,4.398,-2.076,7.350,0.949,11.110,2.217,7.492,1.108,11.124,3.977,4.109,31.219,87.938,-2.064,-7.887,-47.031,-91.188
4493.251,100.0,50.0,3.609,8.555,32.594,86.875,-2.861,-11.156,-49.438,-90.125,-0.630,4.012,32.739,97.398,1.060,-6.332,-48.469,-100.068,-5.465,3.193,6.973,-3.982,4.613,-3.258,-5.312,4.453,-2.073,7.350,0.949,11.110,2.223,7.492,1.108,11.124,3.910,3.801,32.000,87.562,-1.604,-7.930,-47.281,-91.062
4493.353,100.0,50.0,3.605,8.555,32.594,86.875,-2.865,-11.164,-49.438,-90.125,-0.630,4.012,32.739,97.398,1.060,-6.332,-48.469,-100.068,-5.348,3.381,7.148,-4.012,4.668,-3.270,-5.203,4.441,-2.076,7.350,0.949,11.110,2.221,7.488,1.105,11.124,3.889,3.910,31.547,87.875,-1.538,-7.953,-47.250,-90.812
4493.455,100.0,50.0,3.609,8.555,32.594,86.875,-2.869,-11.164,-49.438,-90.125,-0.630,4.012,32.739,97.398,1.060,-6.332,-48.469,-100.068,-5.336,3.309,7.113,-4.070,4.664,-3.195,-5.285,4.430,-2.073,7.350,0.949,11.110,2.218,7.488,1.105,11.123,3.910,4.590,29.641,88.125,-1.296,-7.820,-47.188,-91.625
4493.555,100.0,50.0,3.596,8.555,32.594,86.875,-2.861,-11.164,-49.438,-90.125,-0.630,4.012,32.739,97.398,1.060,-6.332,-48.469,-100.068,-5.426,3.441,7.051,-4.008,4.574,-3.270,-5.305,4.359,-2.082,7.351,0.949,11.111,2.223,7.488,1.105,11.124,3.889,4.109,30.734,88.250,-1.362,-7.863,-47.156,-90.812
4493.657,100.0,50.0,3.604,8.555,32.594,86.875,-2.871,-11.156,-49.438,-90.125,-0.630,4.012,32.739,97.398,1.060,-6.332,-48.469,-100.068,-5.215,3.258,6.805,-4.043,4.691,-3.299,-5.332,4.387,-2.077,7.350,0.949,11.110,2.217,7.492,1.108,11.124,3.910,4.172,30.094,87.750,-1.099,-7.973,-47.125,-90.938
4493.757,100.0,50.0,3.605,8.555,32.594,86.875,-2.865,-11.156,-49.438,-90.125,-0.630,4.012,32.739,97.398,1.060,-6.332,-48.469,-100.068,-5.387,3.445,7.023,-3.994,4.668,-3.338,-5.395,4.367,-2.076,7.350,0.949,11.110,2.221,7.492,1.108,11.124,3.910,4.285,32.125,87.562,-1.164,-8.109,-47.125,-90.500
4493.857,100.0,50.0,3.605,8.555,32.594,86.875,-2.859,-11.164,-49.438,-90.125,-0.630,4.012,32.739,97.398,1.060,-6.332,-48.469,-100.068,-5.297,3.387,7.066,-4.051,4.660,-3.271,-5.344,4.336,-2.076,7.350,0.949,11.110,2.224,7.488,1.105,11.124,4.547,4.590,30.422,87.438,-1.538,-7.797,-47.188,-90.812
4493.959,100.0,50.0,3.611,8.555,32.594,86.875,-2.871,-11.164,-49.438,-90.125,-0.630,4.012,32.739,97.398,1.060,-6.332,-48.469,-100.068,-5.258,3.436,6.984,-4.039,4.832,-3.234,-5.254,4.340,-2.072,7.350,0.949,11.110,2.217,7.488,1.105,11.123,3.844,4.590,31.062,87.750,-1.802,-7.953,-47.188,-91.062
4494.059,100.0,50.0,3.605,8.555,32.594,86.875,-2.865,-11.164,-49.438,-90.125,-0.630,4.012,32.739,97.398,1.060,-6.332,-48.469,-100.068,-5.457,3.525,6.945,-4.051,4.758,-3.256,-5.254,4.422,-2.076,7.350,0.949,11.110,2.221,7.488,1.105,11.124,3.822,4.109,30.906,87.562,-1.867,-7.906,-46.906,-91.062
4494.161,100.0,50.0,3.611,8.547,32.594,86.875,-2.869,-11.156,-49.438,-90.125,-0.630,4.012,32.739,97.398,1.060,-6.332,-48.469,-100.068,-5.242,3.371,6.992,-4.078,4.812,-3.262,-5.355,4.332,-2.072,7.355,0.952,11.111,2.218,7.492,1.108,11.124,3.910,4.504,31.062,87.625,-1.472,-7.711,-47.219,-91.625
4494.261,100.0,50.0,3.605,8.547,32.594,86.875,-2.871,-11.156,-49.438,-90.125,-0.630,4.012,32.739,97.398,1.060,-6.332,-48.469,-100.068,-5.270,3.449,7.070,-4.094,4.492,-3.189,-5.336,4.426,-2.076,7.355,0.952,11.111,2.217,7.492,1.108,11.124,3.998,3.910,31.219,87.750,-1.735,-7.777,-47.281,-90.625
4494.363,100.0,50.0,3.615,8.555,32.594,86.875,-2.869,-11.156,-49.438,-90.125,-0.630,4.012,32.739,97.398,1.060,-6.332,-48.469,-100.068,-5.438,3.451,7.055,-4.055,4.668,-3.332,-5.367,4.461,-2.070,7.350,0.949,11.110,2.218,7.492,1.108,11.124,4.988,3.998,30.578,87.312,-1.802,-7.953,-47.031,-90.750
4494.465,100.0,50.0,3.604,8.547,32.594,86.875,-2.861,-11.164,-49.438,-90.125,-0.630,4.012,32.739,97.398,1.060,-6.332,-48.469,-100.068,-5.355,3.420,6.891,-4.062,4.582,-3.201,-5.402,4.363,-2.077,7.355,0.952,11.111,2.223,7.488,1.105,11.124,4.020,4.172,30.094,87.625,-1.802,-7.777,-46.969,-90.750
4494.565,100.0,50.0,3.609,8.555,32.594,86.875,-2.861,-11.164,-49.438,-90.125,-0.630,4.012,32.739,97.398,1.060,-6.332,-48.469,-100.068,-5.230,3.328,7.004,-4.012,4.523,-3.219,-5.242,4.422,-2.073,7.350,0.949,11.110,2.223,7.488,1.105,11.124,3.910,4.395,29.781,87.312,-1.670,-8.086,-47.188,-91.188
4494.667,100.0,50.0,3.604,8.547,32.594,86.875,-2.865,-11.164,-49.438,-90.125,-0.630,4.012,32.739,97.398,1.060,-6.332,-48.469,-100.068,-5.543,3.500,7.020,-4.004,4.645,-3.266,-5.359,4.406,-2.077,7.355,0.952,11.111,2.221,7.488,1.105,11.124,3.977,5.117,30.266,87.562,-1.362,-7.711,-46.906,-90.938
4494.767,100.0,50.0,3.621,8.555,32.594,86.875,-2.865,-11.156,-49.438,-90.125,-0.630,4.012,32.739,97.398,1.060,-6.332,-48.469,-100.068,-5.199,3.459,6.941,-4.078,4.785,-3.229,-5.262,4.309,-2.066,7.350,0.949,11.110,2.221,7.492,1.108,11.124,3.691,4.172,31.219,88.125,-1.735,-7.906,-47.000,-90.750
4494.867,100.0,50.0,3.609,8.555,32.594,86.875,-2.869,-11.156,-49.438,-90.125,-0.630,4.012,32.739,97.398,1.060,-6.332,-48.469,-100.068,-5.328,3.326,6.961,-4.027,4.797,-3.312,-5.297,4.383,-2.073,7.350,0.949,11.110,2.218,7.492,1.108,11.124,4.043,4.395,29.938,87.438,-1.735,-7.777,-47.438,-91.375
4494.967,100.0,50.0,3.609,8.547,32.594,86.875,-2.871,-11.164,-49.438,-90.125,-0.630,4.012,32.739,97.398,1.060,-6.332,-48.469,-100.068,-5.453,3.346,7.020,-3.980,4.602,-3.285,-5.277,4.371,-2.073,7.355,0.952,11.111,2.217,7.488,1.105,11.123,3.953,4.172,30.094,87.188,-1.670,-7.930,-47.000,-91.750
4495.069,100.0,50.0,3.611,8.547,32.594,86.812,-2.875,-11.156,-49.438,-90.125,-0.630,4.012,32.739,97.398,1.060,-6.332,-48.469,-100.068,-5.332,3.383,6.875,-4.078,4.680,-3.273,-5.328,4.383,-2.071,7.352,0.949,11.108,2.215,7.492,1.108,11.124,3.953,3.998,29.781,88.062,-1.099,-7.887,-47.344,-91.188
4495.171,100.0,50.0,3.600,8.555,32.594,86.875,-2.865,-11.164,-49.438,-90.125,-0.630,4.012,32.739,97.398,1.060,-6.332,-48.469,-100.068,-5.367,3.383,6.910,-4.047,4.625,-3.141,-5.223,4.398,-2.079,7.350,0.949,11.110,2.221,7.488,1.105,11.124,4.523,3.998,31.547,87.188,-1.164,-8.016,-47.219,-91.625
4495.271,100.0,50.0,3.604,8.547,32.594,86.875,-2.869,-11.156,-49.438,-90.125,-0.630,4.012,32.739,97.398,1.060,-6.332,-48.469,-100.068,-5.246,3.420,7.090,-4.000,4.703,-3.254,-5.410,4.422,-2.077,7.355,0.952,11.111,2.218,7.492,1.108,11.124,3.953,4.504,31.219,87.875,-1.472,-7.863,-47.031,-91.500
4495.373,100.0,50.0,3.611,8.547,32.594,86.875,-2.865,-11.164,-49.438,-90.125,-0.630,4.012,32.739,97.398,1.060,-6.332,-48.469,-100.068,-5.070,3.312,7.137,-4.082,4.781,-3.234,-5.379,4.430,-2.072,7.355,0.952,11.111,2.221,7.488,1.105,11.124,3.889,3.998,30.094,87.875,-1.604,-7.777,-47.188,-91.062
4495.473,100.0,50.0,3.615,8.555,32.594,86.875,-2.865,-11.156,-49.438,-90.125,-0.630,4.012,32.739,97.398,1.060,-6.332,-48.469,-100.068,-5.082,3.363,7.047,-4.047,4.629,-3.213,-5.227,4.328,-2.070,7.350,0.949,11.110,2.221,7.492,1.108,11.124,3.977,4.109,30.578,87.438,-1.999,-7.930,-47.219,-90.938
4495.575,100.0,50.0,3.605,8.555,32.594,86.875,-2.875,-11.164,-49.438,-90.125,-0.630,4.012,32.739,97.398,1.060,-6.332,-48.469,-100.068,-5.348,3.350,6.988,-4.047,4.656,-3.264,-5.250,4.387,-2.076,7.350,0.949,11.110,2.215,7.488,1.105,11.123,3.889,4.285,30.906,88.125,-1.604,-7.906,-47.062,-91.188
4495.677,100.0,50.0,3.605,8.547,32.594,86.875,-2.859,-11.156,-49.438,-90.125,-0.630,4.012,32.739,97.398,1.060,-6.332,-48.469,-100.068,-5.336,3.441,7.086,-4.059,4.645,-3.160,-5.371,4.375,-2.076,7.355,0.952,11.111,2.224,7.492,1.108,11.124,3.932,4.699,29.453,87.875,-1.999,-7.820,-47.219,-91.750
4495.777,100.0,50.0,3.611,8.555,32.594,86.875,-2.869,-11.164,-49.438,-90.125,-0.630,4.012,32.739,97.398,1.060,-6.332,-48.469,-100.068,-5.344,3.316,6.926,-4.062,4.699,-3.225,-5.180,4.383,-2.072,7.350,0.949,11.110,2.218,7.488,1.105,11.123,3.889,4.699,30.734,87.188,-1.670,-7.973,-47.062,-91.062
4495.879,100.0,50.0,3.604,8.547,32.594,86.875,-2.875,-11.164,-49.438,-90.125,-0.630,4.012,32.739,97.398,1.060,-6.332,-48.469,-100.068,-5.203,3.584,6.988,-3.994,4.539,-3.334,-5.328,4.355,-2.077,7.355,0.952,11.111,2.215,7.488,1.105,11.123,4.043,4.285,30.094,88.062,-1.362,-7.797,-47.250,-90.625
4495.979,100.0,50.0,3.600,8.555,32.594,86.875,-2.861,-11.164,-49.438,-90.125,-0.630,4.012,32.739,97.398,1.060,-6.332,-48.469,-100.068,-5.281,3.451,6.918,-4.023,4.559,-3.174,-5.355,4.445,-2.079,7.350,0.949,11.110,2.223,7.488,1.105,11.124,4.547,4.504,31.547,88.250,-1.802,-7.887,-47.188,-90.812
4496.079,100.0,50.0,3.619,8.547,32.594,86.875,-2.875,-11.164,-49.438,-90.125,-0.630,4.012,32.739,97.398,1.060,-6.332,-48.469,-100.068,-5.344,3.449,6.938,-4.051,4.633,-3.383,-5.348,4.422,-2.067,7.355,0.952,11.111,2.215,7.488,1.105,11.123,3.889,4.109,31.062,87.250,-1.472,-7.668,-47.156,-91.312
4496.179,100.0,50.0,3.596,8.555,32.594,86.875,-2.861,-11.164,-49.438,-90.125,-0.630,4.012,32.739,97.398,1.060,-6.332,-48.469,-100.068,-5.207,3.307,6.973,-4.047,4.605,-3.379,-5.371,4.352,-2.082,7.351,0.949,11.111,2.223,7.488,1.105,11.124,4.348,4.812,30.578,87.875,-1.538,-7.953,-47.031,-92.312
4496.281,100.0,50.0,3.605,8.547,32.594,86.875,-2.865,-11.156,-49.438,-90.125,-0.630,4.012,32.739,97.398,1.060,-6.332,-48.469,-100.068,-5.332,3.367,7.078,-4.035,4.691,-3.260,-5.316,4.309,-2.076,7.355,0.952,11.111,2.221,7.492,1.108,11.124,4.723,5.008,30.734,87.562,-0.966,-7.863,-47.219,-91.625
4496.381,100.0,50.0,3.605,8.555,32.594,86.875,-2.869,-11.156,-49.438,-90.125,-0.630,4.012,32.739,97.398,1.060,-6.332,-48.469,-100.068,-5.414,3.385,6.941,-4.074,4.555,-3.279,-5.238,4.383,-2.076,7.350,0.949,11.110,2.218,7.492,1.108,11.124,4.043,3.383,28.516,87.625,-1.735,-7.887,-47.344,-91.625
4496.483,100.0,50.0,3.605,8.547,32.594,86.875,-2.859,-11.164,-49.438,-90.125,-0.630,4.012,32.739,97.398,1.060,-6.332,-48.469,-100.068,-5.398,3.398,6.949,-3.998,4.539,-3.277,-5.266,4.352,-2.076,7.355,0.952,11.111,2.224,7.488,1.105,11.124,4.043,3.998,30.734,88.062,-1.362,-7.930,-47.250,-90.812
4496.583,100.0,50.0,3.604,8.555,32.594,86.875,-2.861,-11.156,-49.438,-90.125,-0.630,4.012,32.739,97.398,1.060,-6.332,-48.469,-100.068,-5.270,3.416,7.027,-4.012,4.559,-3.371,-5.336,4.379,-2.077,7.350,0.949,11.110,2.223,7.492,1.108,11.124,4.348,4.590,29.453,87.312,-1.362,-7.844,-47.375,-90.812
4496.683,100.0,50.0,3.604,8.555,32.594,86.875,-2.865,-11.156,-49.438,-90.125,-0.630,4.012,32.739,97.398,1.060,-6.332,-48.469,-100.068,-5.406,3.311,6.930,-4.031,4.820,-3.336,-5.340,4.441,-2.077,7.350,0.949,11.110,2.221,7.492,1.108,11.124,3.953,4.395,30.266,87.750,-1.362,-7.844,-47.344,-90.750
4496.785,100.0,50.0,3.604,8.555,32.594,86.875,-2.865,-11.164,-49.438,-90.125,-0.630,4.012,32.739,97.398,1.060,-6.332,-48.469,-100.068,-5.312,3.283,7.035,-3.996,4.648,-3.215,-5.223,4.422,-2.077,7.350,0.949,11.110,2.221,7.488,1.105,11.124,4.570,3.295,31.547,87.562,-1.472,-8.016,-47.000,-91.625
4496.887,100.0,50.0,3.605,8.539,32.594,86.875,-2.869,-11.156,-49.438,-90.125,-0.630,4.012,32.739,97.398,1.060,-6.332,-48.469,-100.068,-5.465,3.566,7.059,-4.023,4.605,-3.289,-5.230,4.367,-2.076,7.359,0.955,11.111,2.218,7.492,1.108,11.124,3.953,4.172,30.094,88.125,-1.230,-7.777,-47.031,-91.188
4496.989,100.0,50.0,3.609,8.555,32.594,86.875,-2.865,-11.156,-49.438,-90.125,-0.630,4.012,32.739,97.398,1.060,-6.332,-48.469,-100.068,-5.367,3.480,6.914,-4.035,4.633,-3.172,-5.344,4.371,-2.073,7.350,0.949,11.110,2.221,7.492,1.108,11.124,3.910,4.504,29.938,87.438,-1.735,-7.754,-47.250,-90.812
4497.089,100.0,50.0,3.604,8.555,32.594,86.875,-2.869,-11.156,-49.438,-90.125,-0.630,4.012,32.739,97.398,1.060,-6.332,-48.469,-100.068,-5.348,3.334,6.934,-4.055,4.602,-3.316,-5.266,4.430,-2.077,7.350,0.949,11.110,2.218,7.492,1.108,11.124,4.262,4.395,30.266,87.938,-1.670,-8.016,-47.219,-91.938
4497.191,100.0,50.0,3.605,8.547,32.594,86.875,-2.871,-11.156,-49.438,-90.125,-0.630,4.012,32.739,97.398,1.060,-6.332,-48.469,-100.068,-5.344,3.320,7.043,-4.117,4.633,-3.307,-5.305,4.352,-2.076,7.355,0.952,11.111,2.217,7.492,1.108,11.124,4.637,4.395,31.547,87.875,-1.099,-7.906,-47.188,-91.750
4497.291,100.0,50.0,3.604,8.547,32.594,86.875,-2.861,-11.164,-49.438,-90.125,-0.630,4.012,32.739,97.398,1.060,-6.332,-48.469,-100.068,-5.480,3.311,6.969,-4.027,4.582,-3.283,-5.328,4.348,-2.077,7.355,0.952,11.111,2.223,7.488,1.105,11.124,4.020,4.395,30.734,87.125,-2.064,-7.797,-47.375,-91.188
4497.393,100.0,50.0,3.604,8.547,32.594,86.875,-2.865,-11.156,-49.438,-90.125,-0.630,4.012,32.739,97.398,1.060,-6.332,-48.469,-100.068,-5.418,3.328,6.902,-4.086,4.719,-3.348,-5.312,4.309,-2.077,7.355,0.952,11.111,2.221,7.492,1.108,11.124,3.977,4.395,30.906,87.875,-1.296,-7.930,-47.062,-91.188
4497.495,100.0,50.0,3.609,8.547,32.594,86.875,-2.871,-11.164,-49.438,-90.125,-0.630,4.012,32.739,97.398,1.060,-6.332,-48.469,-100.068,-5.359,3.309,6.922,-4.043,4.566,-3.215,-5.250,4.379,-2.073,7.355,0.952,11.111,2.217,7.488,1.105,11.123,3.910,4.590,30.734,87.312,-1.867,-7.863,-47.094,-90.812
4497.595,100.0,50.0,3.609,8.547,32.594,86.875,-2.869,-11.148,-49.438,-90.125,-0.630,4.012,32.739,97.398,1.060,-6.332,-48.469,-100.068,-5.297,3.262,7.047,-4.109,4.750,-3.271,-5.211,4.387,-2.073,7.355,0.952,11.111,2.218,7.497,1.111,11.124,4.523,4.109,31.859,87.750,-1.802,-7.754,-47.312,-90.750
4497.697,100.0,50.0,3.609,8.547,32.594,86.875,-2.871,-11.156,-49.438,-90.125,-0.630,4.012,32.739,97.398,1.060,-6.332,-48.469,-100.068,-5.473,3.338,6.984,-4.039,4.645,-3.332,-5.402,4.387,-2.073,7.355,0.952,11.111,2.217,7.492,1.108,11.124,4.285,3.998,29.297,87.625,-2.131,-7.953,-47.000,-90.750
4497.797,100.0,50.0,3.605,8.555,32.594,86.875,-2.861,-11.156,-49.438,-90.125,-0.630,4.012,32.739,97.398,1.060,-6.332,-48.469,-100.068,-5.551,3.262,6.984,-4.008,4.609,-3.234,-5.289,4.379,-2.076,7.350,0.949,11.110,2.223,7.492,1.108,11.124,3.977,4.812,32.000,87.438,-1.802,-7.645,-47.125,-90.938
4497.899,100.0,50.0,3.609,8.555,32.594,86.875,-2.875,-11.172,-49.438,-90.125,-0.630,4.012,32.739,97.398,1.060,-6.332,-48.469,-100.068,-5.285,3.480,7.043,-4.051,4.645,-3.346,-5.180,4.410,-2.073,7.350,0.949,11.110,2.215,7.483,1.103,11.123,4.348,4.590,31.859,87.938,-1.538,-7.863,-47.156,-90.625
4498.001,100.0,50.0,3.605,8.539,32.594,86.875,-2.869,-11.156,-49.438,-90.125,-0.630,4.012,32.739,97.398,1.060,-6.332,-48.469,-100.068,-5.062,3.326,6.965,-4.035,4.566,-3.301,-5.246,4.398,-2.076,7.359,0.955,11.111,2.218,7.492,1.108,11.124,3.953,3.998,30.578,88.125,-1.867,-7.887,-47.219,-91.500
4498.103,100.0,50.0,3.609,8.555,32.594,86.875,-2.861,-11.164,-49.438,-90.125,-0.630,4.012,32.739,97.398,1.060,-6.332,-48.469,-100.068,-5.281,3.361,7.012,-4.094,4.637,-3.227,-5.297,4.477,-2.073,7.350,0.949,11.110,2.223,7.488,1.105,11.124,3.910,4.109,30.422,87.562,-1.428,-7.996,-46.969,-90.938
4498.203,100.0,50.0,3.609,8.555,32.594,86.875,-2.871,-11.164,-49.438,-90.125,-0.630,4.012,32.739,97.398,1.060,-6.332,-48.469,-100.068,-5.223,3.311,7.031,-3.996,4.672,-3.289,-5.344,4.324,-2.073,7.350,0.949,11.110,2.217,7.488,1.105,11.123,3.910,3.998,31.219,87.938,-1.670,-7.996,-47.312,-90.938
4498.303,100.0,50.0,3.609,8.547,32.594,86.875,-2.869,-11.164,-49.438,-90.125,-0.630,4.012,32.739,97.398,1.060,-6.332,-48.469,-100.068,-5.441,3.361,7.047,-4.035,4.730,-3.273,-5.383,4.312,-2.073,7.355,0.952,11.111,2.218,7.488,1.105,11.123,3.977,4.395,30.094,87.875,-1.296,-7.906,-47.031,-92.125
4498.403,100.0,50.0,3.605,8.547,32.594,86.875,-2.869,-11.164,-49.438,-90.125,-0.630,4.012,32.739,97.398,1.060,-6.332,-48.469,-100.068,-5.270,3.416,7.047,-4.051,4.656,-3.291,-5.324,4.391,-2.076,7.355,0.952,11.111,2.218,7.488,1.105,11.123,3.889,3.910,30.734,87.875,-0.835,-7.996,-47.125,-91.312
4498.503,100.0,50.0,3.604,8.555,32.594,86.875,-2.865,-11.156,-49.438,-90.125,-0.630,4.012,32.739,97.398,1.060,-6.332,-48.469,-100.068,-5.359,3.342,6.941,-4.062,4.633,-3.359,-5.414,4.316,-2.077,7.350,0.949,11.110,2.221,7.492,1.108,11.124,4.348,4.812,32.719,87.438,-1.230,-8.016,-47.156,-90.812
4498.605,100.0,50.0,3.605,8.555,32.594,86.812,-2.875,-11.164,-49.438,-90.125,-0.630,4.012,32.739,97.398,1.060,-6.332,-48.469,-100.068,-5.332,3.354,6.992,-3.988,4.598,-3.238,-5.262,4.418,-2.075,7.348,0.946,11.108,2.215,7.488,1.105,11.123,3.910,4.504,29.781,88.250,-1.538,-7.953,-46.938,-90.812
4498.705,100.0,50.0,3.604,8.555,32.594,86.875,-2.865,-11.156,-49.438,-90.125,-0.630,4.012,32.739,97.398,1.060,-6.332,-48.469,-100.068,-5.117,3.396,7.020,-4.109,4.809,-3.295,-5.219,4.434,-2.077,7.350,0.949,11.110,2.221,7.492,1.108,11.124,4.020,5.008,31.219,87.750,-1.538,-8.062,-47.281,-90.938
4498.805,100.0,50.0,3.605,8.547,32.594,86.875,-2.871,-11.156,-49.438,-90.125,-0.630,4.012,32.739,97.398,1.060,-6.332,-48.469,-100.068,-5.375,3.398,7.004,-4.020,4.652,-3.287,-5.312,4.348,-2.076,7.355,0.952,11.111,2.217,7.492,1.108,11.124,3.910,4.590,29.641,87.750,-1.472,-7.953,-47.250,-90.812
4498.907,100.0,50.0,3.604,8.555,32.594,86.875,-2.871,-11.156,-49.438,-90.125,-0.630,4.012,32.739,97.398,1.060,-6.332,-48.469,-100.068,-5.410,3.496,7.082,-4.059,4.668,-3.434,-5.254,4.418,-2.077,7.350,0.949,11.110,2.217,7.492,1.108,11.124,3.889,4.699,32.125,87.625,-1.362,-7.863,-47.031,-90.500
4499.007,100.0,50.0,3.611,8.562,32.594,86.875,-2.869,-11.156,-49.438,-90.125,-0.630,4.012,32.739,97.398,1.060,-6.332,-48.469,-100.068,-5.434,3.213,6.977,-4.094,4.668,-3.299,-5.289,4.320,-2.072,7.346,0.946,11.110,2.218,7.492,1.108,11.124,4.262,4.590,30.906,87.750,-1.428,-7.953,-47.062,-91.500
4499.109,100.0,50.0,3.605,8.547,32.594,86.875,-2.865,-11.156,-49.438,-90.125,-0.630,4.012,32.739,97.398,1.060,-6.332,-48.469,-100.068,-5.344,3.271,6.969,-4.055,4.641,-3.191,-5.281,4.453,-2.076,7.355,0.952,11.111,2.221,7.492,1.108,11.124,4.656,3.801,30.734,87.875,-1.428,-7.906,-47.062,-91.062
4499.211,100.0,50.0,3.611,8.555,32.594,86.875,-2.871,-11.156,-49.438,-90.125,-0.630,4.012,32.739,97.398,1.060,-6.332,-48.469,-100.068,-5.148,3.342,6.988,-4.121,4.875,-3.209,-5.332,4.496,-2.072,7.350,0.949,11.110,2.217,7.492,1.108,11.124,3.910,4.172,29.641,87.438,-1.670,-8.016,-47.156,-91.938
4499.313,100.0,50.0,3.605,8.555,32.594,86.875,-2.861,-11.164,-49.438,-90.125,-0.630,4.012,32.739,97.398,1.060,-6.332,-48.469,-100.068,-5.363,3.391,7.012,-3.936,4.695,-3.166,-5.297,4.344,-2.076,7.350,0.949,11.110,2.223,7.488,1.105,11.124,3.953,4.285,30.906,88.125,-1.164,-7.820,-47.281,-91.375
4499.415,100.0,50.0,3.604,8.555,32.594,86.812,-2.869,-11.164,-49.438,-90.125,-0.630,4.012,32.739,97.398,1.060,-6.332,-48.469,-100.068,-5.359,3.262,7.102,-4.062,4.695,-3.260,-5.297,4.262,-2.076,7.348,0.946,11.108,2.218,7.488,1.105,11.123,3.889,4.812,31.062,87.562,-1.362,-7.711,-47.000,-91.500
4499.515,100.0,50.0,3.605,8.547,32.594,86.875,-2.877,-11.164,-49.438,-90.125,-0.630,4.012,32.739,97.398,1.060,-6.332,-48.469,-100.068,-5.387,3.436,6.934,-4.023,4.578,-3.268,-5.406,4.301,-2.076,7.355,0.952,11.111,2.214,7.488,1.105,11.123,5.031,4.172,30.906,87.875,-1.428,-7.887,-47.156,-90.375
4499.615,100.0,50.0,3.609,8.555,32.594,86.875,-2.861,-11.156,-49.438,-90.125,-0.630,4.012,32.739,97.398,1.060,-6.332,-48.469,-100.068,-5.301,3.328,7.070,-4.070,4.598,-3.295,-5.449,4.395,-2.073,7.350,0.949,11.110,2.223,7.492,1.108,11.124,4.043,4.504,30.578,87.750,-1.604,-7.930,-47.156,-90.750
4499.715,100.0,50.0,3.609,8.555,32.594,86.812,-2.865,-11.164,-49.438,-90.125,-0.630,4.012,32.739,97.398,1.060,-6.332,-48.469,-100.068,-5.379,3.250,6.965,-3.986,4.449,-3.273,-5.219,4.387,-2.072,7.348,0.946,11.108,2.221,7.488,1.105,11.124,3.889,4.590,31.062,87.938,-1.032,-8.039,-47.156,-90.812
4499.817,100.0,50.0,3.604,8.555,32.594,86.875,-2.869,-11.156,-49.438,-90.125,-0.630,4.012,32.739,97.398,1.060,-6.332,-48.469,-100.068,-5.273,3.461,6.988,-3.994,4.500,-3.160,-5.230,4.371,-2.077,7.350,0.949,11.110,2.218,7.492,1.108,11.124,4.020,4.285,31.062,88.062,-1.670,-7.863,-46.969,-91.875
4499.919,100.0,50.0,3.611,8.547,32.594,86.875,-2.871,-11.164,-49.438,-90.125,-0.630,4.012,32.739,97.398,1.060,-6.332,-48.469,-100.068,-5.254,3.379,7.031,-4.066,4.746,-3.369,-5.215,4.312,-2.072,7.355,0.952,11.111,2.217,7.488,1.105,11.123,3.910,4.395,31.703,87.938,-1.670,-7.688,-47.062,-91.312
4500.021,100.0,50.0,3.605,8.555,32.594,86.875,-2.861,-11.164,-49.438,-90.125,-0.630,4.012,32.739,97.398,1.060,-6.332,-48.469,-100.068,-5.328,3.416,7.008,-4.074,4.652,-3.316,-5.348,4.367,-2.076,7.350,0.949,11.110,2.223,7.488,1.105,11.124,4.348,3.998,30.734,87.625,-1.735,-7.820,-47.156,-91.312
4500.121,100.0,50.0,3.604,8.555,32.594,86.875,-2.865,-11.156,-49.438,-90.125,-0.630,4.012,32.739,97.398,1.060,-6.332,-48.469,-100.068,-5.398,3.420,7.102,-4.027,4.750,-3.436,-5.434,4.363,-2.077,7.350,0.949,11.110,2.221,7.492,1.108,11.124,3.932,4.109,32.125,87.875,-1.604,-7.711,-46.969,-90.625
4500.223,100.0,50.0,3.604,8.555,32.594,86.875,-2.865,-11.164,-49.438,-90.125,-0.630,4.012,32.739,97.398,1.060,-6.332,-48.469,-100.068,-5.438,3.365,7.020,-4.055,4.629,-3.293,-5.383,4.508,-2.077,7.350,0.949,11.110,2.221,7.488,1.105,11.124,4.637,4.285,30.094,87.938,-1.999,-7.906,-47.094,-90.125
4500.323,100.0,50.0,3.604,8.555,32.594,86.875,-2.869,-11.156,-49.438,-90.125,-0.630,4.012,32.739,97.398,1.060,-6.332,-48.469,-100.068,-5.367,3.441,7.016,-4.039,4.750,-3.197,-5.285,4.441,-2.077,7.350,0.949,11.110,2.218,7.492,1.108,11.124,4.020,3.801,32.000,87.312,-1.802,-7.930,-47.281,-90.938
4500.425,100.0,50.0,3.611,8.555,32.594,86.875,-2.861,-11.164,-49.438,-90.125,-0.630,4.012,32.739,97.398,1.060,-6.332,-48.469,-100.068,-5.387,3.443,7.004,-4.031,4.562,-3.250,-5.289,4.371,-2.072,7.350,0.949,11.110,2.223,7.488,1.105,11.124,3.977,4.109,30.422,87.188,-1.670,-7.863,-46.906,-90.500
4500.525,100.0,50.0,3.609,8.555,32.594,86.875,-2.859,-11.172,-49.438,-90.125,-0.630,4.012,32.739,97.398,1.060,-6.332,-48.469,-100.068,-5.309,3.488,6.949,-4.047,4.711,-3.217,-5.297,4.305,-2.073,7.350,0.949,11.110,2.224,7.483,1.103,11.123,4.020,4.395,30.734,87.625,-1.428,-7.820,-47.188,-91.188
4500.627,100.0,50.0,3.605,8.555,32.594,86.875,-2.865,-11.164,-49.438,-90.125,-0.630,4.012,32.739,97.398,1.060,-6.332,-48.469,-100.068,-5.332,3.484,6.945,-4.062,4.621,-3.318,-5.195,4.438,-2.076,7.350,0.949,11.110,2.221,7.488,1.105,11.124,3.953,4.109,31.547,88.062,-1.230,-7.906,-46.906,-90.812
4500.729,100.0,50.0,3.600,8.555,32.594,86.875,-2.869,-11.156,-49.438,-90.125,-0.630,4.012,32.739,97.398,1.060,-6.332,-48.469,-100.068,-5.246,3.385,6.961,-4.043,4.695,-3.230,-5.328,4.457,-2.079,7.350,0.949,11.110,2.218,7.492,1.108,11.124,3.977,4.109,32.281,88.250,-1.099,-7.844,-46.969,-92.062
4500.831,100.0,50.0,3.625,8.547,32.594,86.875,-2.859,-11.156,-49.438,-90.125,-0.630,4.012,32.739,97.398,1.060,-6.332,-48.469,-100.068,-5.207,3.361,6.961,-4.023,4.609,-3.328,-5.191,4.332,-2.064,7.355,0.952,11.110,2.224,7.492,1.108,11.124,3.977,4.590,32.438,87.562,-1.164,-7.887,-47.219,-90.938
4500.933,100.0,50.0,3.604,8.555,32.594,86.875,-2.871,-11.164,-49.438,-90.125,-0.630,4.012,32.739,97.398,1.060,-6.332,-48.469,-100.068,-5.398,3.361,6.980,-4.074,4.602,-3.168,-5.309,4.410,-2.077,7.350,0.949,11.110,2.217,7.488,1.105,11.123,3.998,3.383,31.859,87.562,-1.428,-7.996,-47.219,-91.312
4501.033,100.0,50.0,3.605,8.555,32.594,86.812,-2.869,-11.156,-49.438,-90.125,-0.630,4.012,32.739,97.398,1.060,-6.332,-48.469,-100.068,-5.512,3.375,6.926,-4.016,4.621,-3.244,-5.430,4.344,-2.075,7.348,0.946,11.108,2.218,7.492,1.108,11.124,4.285,3.910,30.266,87.750,-1.604,-7.996,-47.375,-91.188
4501.135,100.0,50.0,3.600,8.555,32.594,86.812,-2.875,-11.164,-49.438,-90.125,-0.630,4.012,32.739,97.398,1.060,-6.332,-48.469,-100.068,-5.340,3.400,7.012,-4.016,4.414,-3.217,-5.387,4.430,-2.078,7.348,0.946,11.108,2.215,7.488,1.105,11.123,3.691,4.590,31.062,88.062,-2.197,-7.844,-47.062,-91.938
4501.235,100.0,50.0,3.594,8.555,32.594,86.875,-2.865,-11.156,-49.438,-90.125,-0.630,4.012,32.739,97.398,1.060,-6.332,-48.469,-100.068,-5.363,3.486,6.996,-4.004,4.836,-3.213,-5.371,4.328,-2.083,7.351,0.949,11.111,2.221,7.492,1.108,11.124,3.932,4.504,30.094,87.312,-1.538,-7.797,-47.125,-91.375
4501.335,100.0,50.0,3.609,8.555,32.594,86.875,-2.869,-11.156,-49.438,-90.125,-0.630,4.012,32.739,97.398,1.060,-6.332,-48.469,-100.068,-5.195,3.281,6.992,-4.004,4.605,-3.232,-5.340,4.406,-2.073,7.350,0.949,11.110,2.218,7.492,1.108,11.124,4.395,4.285,30.266,87.562,-2.131,-8.016,-47.219,-91.500
4501.435,100.0,50.0,3.605,8.547,32.594,86.875,-2.869,-11.164,-49.438,-90.125,-0.630,4.012,32.739,97.398,1.060,-6.332,-48.469,-100.068,-5.117,3.379,7.020,-4.004,4.535,-3.318,-5.281,4.430,-2.076,7.355,0.952,11.111,2.218,7.488,1.105,11.123,3.889,4.812,30.266,87.625,-1.670,-7.906,-47.125,-90.125
4501.537,100.0,50.0,3.609,8.547,32.594,86.875,-2.865,-11.164,-49.438,-90.125,-0.630,4.012,32.739,97.398,1.060,-6.332,-48.469,-100.068,-5.316,3.387,6.949,-4.051,4.801,-3.246,-5.371,4.367,-2.073,7.355,0.952,11.111,2.221,7.488,1.105,11.124,3.932,4.590,30.422,88.062,-1.670,-7.844,-47.125,-91.500
4501.639,100.0,50.0,3.609,8.547,32.594,86.875,-2.865,-11.156,-49.438,-90.125,-0.630,4.012,32.739,97.398,1.060,-6.332,-48.469,-100.068,-5.238,3.498,7.098,-4.035,4.543,-3.299,-5.328,4.383,-2.073,7.355,0.952,11.111,2.221,7.492,1.108,11.124,3.889,5.008,31.703,87.562,-0.901,-7.863,-47.125,-91.312
4501.739,100.0,50.0,3.611,8.555,32.594,86.875,-2.869,-11.164,-49.438,-90.125,-0.630,4.012,32.739,97.398,1.060,-6.332,-48.469,-100.068,-5.344,3.396,6.984,-4.051,4.719,-3.211,-5.281,4.430,-2.072,7.350,0.949,11.110,2.218,7.488,1.105,11.123,4.262,3.998,30.094,88.062,-1.099,-7.887,-47.250,-91.188
4501.841,100.0,50.0,3.605,8.547,32.594,86.875,-2.869,-11.164,-49.438,-90.125,-0.630,4.012,32.739,97.398,1.060,-6.332,-48.469,-100.068,-5.422,3.377,7.051,-4.039,4.516,-3.258,-5.207,4.379,-2.076,7.355,0.952,11.111,2.218,7.488,1.105,11.123,4.348,4.172,31.859,87.250,-1.032,-7.668,-47.188,-91.312
4501.943,100.0,50.0,3.609,8.555,32.594,86.875,-2.875,-11.164,-49.438,-90.125,-0.630,4.012,32.739,97.398,1.060,-6.332,-48.469,-100.068,-5.152,3.383,7.125,-4.031,4.570,-3.312,-5.238,4.477,-2.073,7.350,0.949,11.110,2.215,7.488,1.105,11.123,3.977,4.590,30.266,88.125,-1.604,-8.016,-47.219,-91.625
4502.045,100.0,50.0,3.609,8.547,32.594,86.875,-2.861,-11.156,-49.438,-90.125,-0.630,4.012,32.739,97.398,1.060,-6.332,-48.469,-100.068,-5.367,3.299,7.004,-4.047,4.605,-3.260,-5.406,4.297,-2.073,7.355,0.952,11.111,2.223,7.492,1.108,11.124,3.977,3.998,32.281,87.875,-1.735,-7.863,-47.094,-91.375
4502.145,100.0,50.0,3.605,8.555,32.594,86.875,-2.865,-11.164,-49.438,-90.125,-0.630,4.012,32.739,97.398,1.060,-6.332,-48.469,-100.068,-5.238,3.289,7.117,-4.008,4.457,-3.164,-5.438,4.355,-2.076,7.350,0.949,11.110,2.221,7.488,1.105,11.124,3.889,4.699,30.906,87.438,-1.867,-7.887,-47.000,-91.375
4502.247,100.0,50.0,3.605,8.555,32.594,86.875,-2.877,-11.156,-49.438,-90.125,-0.630,4.012,32.739,97.398,1.060,-6.332,-48.469,-100.068,-5.328,3.457,7.035,-4.051,4.758,-3.371,-5.387,4.391,-2.076,7.350,0.949,11.110,2.214,7.492,1.108,11.124,3.910,4.504,30.422,87.625,-1.604,-7.863,-47.000,-90.938
4502.347,100.0,50.0,3.605,8.555,32.594,86.875,-2.865,-11.164,-49.438,-90.125,-0.630,4.012,32.739,97.398,1.060,-6.332,-48.469,-100.068,-5.465,3.377,7.012,-4.086,4.562,-3.141,-5.234,4.449,-2.076,7.350,0.949,11.110,2.221,7.488,1.105,11.124,3.932,4.504,30.422,88.250,-1.428,-7.996,-47.219,-91.062
4502.449,100.0,50.0,3.604,8.547,32.594,86.875,-2.865,-11.164,-49.438,-90.125,-0.630,4.012,32.739,97.398,1.060,-6.332,-48.469,-100.068,-5.316,3.387,6.977,-4.043,4.570,-3.221,-5.230,4.398,-2.077,7.355,0.952,11.111,2.221,7.488,1.105,11.124,4.262,4.109,32.281,88.438,-1.428,-7.973,-47.156,-91.062
4502.551,100.0,50.0,3.609,8.562,32.594,86.875,-2.869,-11.156,-49.438,-90.125,-0.630,4.012,32.739,97.398,1.060,-6.332,-48.469,-100.068,-5.484,3.381,6.918,-4.059,4.469,-3.152,-5.258,4.332,-2.073,7.346,0.946,11.110,2.218,7.492,1.108,11.124,4.395,4.504,32.125,88.688,-1.604,-7.930,-46.969,-90.625
4502.651,100.0,50.0,3.605,8.555,32.594,86.875,-2.865,-11.148,-49.438,-90.125,-0.630,4.012,32.739,97.398,1.060,-6.332,-48.469,-100.068,-5.434,3.539,6.965,-4.078,4.695,-3.275,-5.422,4.434,-2.076,7.350,0.949,11.110,2.221,7.497,1.111,11.124,5.250,4.395,29.781,87.750,-1.164,-7.887,-47.062,-90.500
4502.753,100.0,50.0,3.609,8.555,32.594,86.875,-2.869,-11.164,-49.438,-90.125,-0.630,4.012,32.739,97.398,1.060,-6.332,-48.469,-100.068,-5.508,3.438,6.973,-4.047,4.863,-3.340,-5.375,4.281,-2.073,7.350,0.949,11.110,2.218,7.488,1.105,11.123,4.348,4.395,29.641,87.250,-1.604,-7.906,-47.344,-91.938
4502.853,100.0,50.0,3.605,8.547,32.594,86.875,-2.861,-11.164,-49.438,-90.125,-0.630,4.012,32.739,97.398,1.060,-6.332,-48.469,-100.068,-5.297,3.488,7.051,-4.039,4.703,-3.232,-5.305,4.461,-2.076,7.355,0.952,11.111,2.223,7.488,1.105,11.124,3.889,4.395,30.578,87.562,-0.901,-7.930,-47.156,-91.875
4502.955,100.0,50.0,3.605,8.555,32.594,86.875,-2.865,-11.156,-49.438,-90.125,-0.630,4.012,32.739,97.398,1.060,-6.332,-48.469,-100.068,-5.352,3.377,7.074,-3.996,4.789,-3.252,-5.324,4.379,-2.076,7.350,0.949,11.110,2.221,7.492,1.108,11.124,3.910,3.998,30.734,88.062,-1.362,-7.930,-46.844,-91.750
4503.055,100.0,50.0,3.609,8.555,32.594,86.875,-2.859,-11.156,-49.438,-90.125,-0.630,4.012,32.739,97.398,1.060,-6.332,-48.469,-100.068,-5.352,3.365,7.141,-4.043,4.430,-3.303,-5.180,4.359,-2.073,7.350,0.949,11.110,2.224,7.492,1.108,11.124,3.953,4.812,30.578,87.312,-1.230,-7.820,-47.062,-91.500
4503.157,100.0,50.0,3.604,8.555,32.594,86.875,-2.869,-11.172,-49.438,-90.125,-0.630,4.012,32.739,97.398,1.060,-6.332,-48.469,-100.068,-5.480,3.342,7.008,-3.986,4.453,-3.215,-5.383,4.359,-2.077,7.350,0.949,11.110,2.218,7.483,1.103,11.123,4.348,4.395,30.734,88.688,-1.735,-7.930,-47.219,-91.062
4503.257,100.0,50.0,3.604,8.547,32.594,86.875,-2.861,-11.156,-49.438,-90.125,-0.630,4.012,32.739,97.398,1.060,-6.332,-48.469,-100.068,-5.188,3.336,6.980,-4.117,4.844,-3.486,-5.305,4.434,-2.077,7.355,0.952,11.111,2.223,7.492,1.108,11.124,3.889,4.172,30.578,87.188,-2.328,-7.996,-47.125,-90.812
4503.357,100.0,50.0,3.609,8.555,32.594,86.875,-2.869,-11.156,-49.438,-90.125,-0.630,4.012,32.739,97.398,1.060,-6.332,-48.469,-100.068,-5.137,3.326,7.000,-4.000,4.676,-3.207,-5.223,4.391,-2.073,7.350,0.949,11.110,2.218,7.492,1.108,11.124,3.910,4.699,30.578,87.875,-1.604,-7.906,-47.031,-91.062
4503.459,100.0,50.0,3.609,8.547,32.594,86.875,-2.869,-11.164,-49.438,-90.125,-0.630,4.012,32.739,97.398,1.060,-6.332,-48.469,-100.068,-5.340,3.459,7.031,-4.086,4.629,-3.336,-5.383,4.434,-2.073,7.355,0.952,11.111,2.218,7.488,1.105,11.123,3.953,4.172,30.094,87.938,-1.164,-7.973,-47.062,-90.500
4503.559,100.0,50.0,3.605,8.555,32.594,86.875,-2.869,-11.156,-49.438,-90.125,-0.630,4.012,32.739,97.398,1.060,-6.332,-48.469,-100.068,-5.332,3.441,6.938,-4.074,4.660,-3.275,-5.324,4.316,-2.076,7.350,0.949,11.110,2.218,7.492,1.108,11.124,4.020,4.699,29.781,87.625,-1.802,-7.887,-47.219,-91.500
4503.661,100.0,50.0,3.605,8.555,32.594,86.875,-2.861,-11.156,-49.438,-90.125,-0.630,4.012,32.739,97.398,1.060,-6.332,-48.469,-100.068,-5.004,3.484,6.988,-4.074,4.547,-3.301,-5.375,4.438,-2.076,7.350,0.949,11.110,2.223,7.492,1.108,11.124,4.285,4.109,29.641,87.562,-1.164,-7.844,-46.969,-91.062
4503.761,100.0,50.0,3.605,8.547,32.594,86.875,-2.859,-11.164,-49.438,-90.125,-0.630,4.012,32.739,97.398,1.060,-6.332,-48.469,-100.068,-5.184,3.322,6.957,-4.051,4.660,-3.256,-5.219,4.422,-2.076,7.355,0.952,11.111,2.224,7.488,1.105,11.124,4.680,3.801,29.938,87.250,-1.472,-7.668,-47.344,-91.375
4503.861,100.0,50.0,3.615,8.555,32.594,86.875,-2.875,-11.156,-49.438,-90.125,-0.630,4.012,32.739,97.398,1.060,-6.332,-48.469,-100.068,-5.297,3.309,7.031,-4.027,4.633,-3.209,-5.418,4.348,-2.070,7.350,0.949,11.110,2.215,7.492,1.108,11.124,3.977,4.504,30.422,87.438,-1.164,-7.863,-47.062,-91.188
4503.963,100.0,50.0,3.611,8.547,32.594,86.875,-2.869,-11.156,-49.438,-90.125,-0.630,4.012,32.739,97.398,1.060,-6.332,-48.469,-100.068,-5.371,3.314,6.914,-4.043,4.730,-3.061,-5.336,4.383,-2.072,7.355,0.952,11.111,2.218,7.492,1.108,11.124,4.348,3.998,30.266,87.562,-1.230,-7.996,-47.406,-91.188
4504.063,100.0,50.0,3.609,8.555,32.562,86.875,-2.871,-11.156,-49.438,-90.125,-0.630,4.012,32.739,97.398,1.060,-6.332,-48.469,-100.068,-5.188,3.369,6.973,-4.066,4.512,-3.299,-5.234,4.305,-2.074,7.344,0.942,11.110,2.217,7.492,1.108,11.124,4.285,4.172,30.906,87.312,-1.604,-8.039,-47.156,-91.750
4504.163,100.0,50.0,3.604,8.547,32.594,86.875,-2.869,-11.164,-49.438,-90.125,-0.630,4.012,32.739,97.398,1.060,-6.332,-48.469,-100.068,-5.320,3.473,6.879,-4.086,4.664,-3.217,-5.328,4.379,-2.077,7.355,0.952,11.111,2.218,7.488,1.105,11.123,3.932,4.504,30.578,88.438,-1.670,-8.086,-47.375,-91.062
4504.265,100.0,50.0,3.604,8.547,32.594,86.875,-2.869,-11.156,-49.438,-90.125,-0.630,4.012,32.739,97.398,1.060,-6.332,-48.469,-100.068,-5.246,3.229,7.078,-4.051,4.789,-3.230,-5.266,4.434,-2.077,7.355,0.952,11.111,2.218,7.492,1.108,11.124,4.395,4.172,29.297,88.062,-1.999,-7.844,-46.906,-91.188
4504.367,100.0,50.0,3.605,8.555,32.594,86.875,-2.871,-11.164,-49.438,-90.125,-0.630,4.012,32.739,97.398,1.060,-6.332,-48.469,-100.068,-5.141,3.404,6.957,-4.086,4.477,-3.412,-5.312,4.379,-2.076,7.350,0.949,11.110,2.217,7.488,1.105,11.123,3.932,4.898,30.094,87.625,-1.164,-7.973,-47.219,-91.062
4504.469,100.0,50.0,3.604,8.547,32.594,86.875,-2.877,-11.156,-49.438,-90.125,-0.630,4.012,32.739,97.398,1.060,-6.332,-48.469,-100.068,-5.203,3.262,6.922,-4.094,4.574,-3.412,-5.379,4.371,-2.077,7.355,0.952,11.111,2.214,7.492,1.108,11.124,3.998,5.516,29.453,88.062,-1.604,-7.754,-47.188,-91.875
4504.569,100.0,50.0,3.609,8.547,32.594,86.875,-2.869,-11.164,-49.438,-90.125,-0.630,4.012,32.739,97.398,1.060,-6.332,-48.469,-100.068,-5.301,3.402,7.012,-4.105,4.738,-3.277,-5.395,4.383,-2.073,7.355,0.952,11.111,2.218,7.488,1.105,11.123,3.910,3.998,30.906,87.750,-1.735,-8.062,-47.156,-90.812
4504.671,100.0,50.0,3.615,8.547,32.594,86.875,-2.871,-11.156,-49.438,-90.125,-0.630,4.012,32.739,97.398,1.060,-6.332,-48.469,-100.068,-5.125,3.426,6.930,-4.098,4.754,-3.305,-5.293,4.387,-2.070,7.355,0.952,11.111,2.217,7.492,1.108,11.124,3.953,4.285,30.266,87.875,-1.428,-8.016,-47.156,-90.625
4504.771,100.0,50.0,3.605,8.555,32.594,86.875,-2.871,-11.156,-49.438,-90.125,-0.630,4.012,32.739,97.398,1.060,-6.332,-48.469,-100.068,-5.207,3.393,6.914,-4.117,4.547,-3.234,-5.188,4.371,-2.076,7.350,0.949,11.110,2.217,7.492,1.108,11.124,4.328,4.109,30.906,87.875,-1.538,-7.820,-47.000,-91.062
4504.873,100.0,50.0,3.604,8.555,32.594,86.875,-2.865,-11.156,-49.438,-90.125,-0.630,4.012,32.739,97.398,1.060,-6.332,-48.469,-100.068,-5.344,3.350,6.965,-4.051,4.508,-3.301,-5.441,4.352,-2.077,7.350,0.949,11.110,2.221,7.492,1.108,11.124,3.889,4.590,29.453,87.438,-2.262,-7.777,-47.250,-91.625
4504.973,100.0,50.0,3.605,8.555,32.594,86.875,-2.865,-11.164,-49.438,-90.125,-0.630,4.012,32.739,97.398,1.060,-6.332,-48.469,-100.068,-5.336,3.516,6.984,-4.086,4.621,-3.334,-5.246,4.445,-2.076,7.350,0.949,11.110,2.221,7.488,1.105,11.124,4.723,4.395,30.906,88.250,-1.670,-7.797,-47.031,-91.875
4505.075,100.0,50.0,3.611,8.555,32.594,86.875,-2.869,-11.156,-49.438,-90.125,-0.630,4.012,32.739,97.398,1.060,-6.332,-48.469,-100.068,-5.355,3.314,6.961,-4.062,4.656,-3.314,-5.383,4.391,-2.072,7.350,0.949,11.110,2.218,7.492,1.108,11.124,4.285,3.910,31.219,87.562,-1.032,-7.863,-47.188,-90.500
4505.177,100.0,50.0,3.605,8.547,32.594,86.875,-2.865,-11.156,-49.438,-90.125,-0.630,4.012,32.739,97.398,1.060,-6.332,-48.469,-100.068,-5.188,3.352,6.918,-4.078,4.617,-3.248,-5.281,4.422,-2.076,7.355,0.952,11.111,2.221,7.492,1.108,11.124,4.348,4.172,30.734,88.062,-1.362,-7.797,-47.219,-90.250
4505.277,100.0,50.0,3.611,8.555,32.594,86.875,-2.859,-11.156,-49.438,-90.125,-0.630,4.012,32.739,97.398,1.060,-6.332,-48.469,-100.068,-5.406,3.436,7.000,-4.086,4.582,-3.180,-5.305,4.430,-2.072,7.350,0.949,11.110,2.224,7.492,1.108,11.124,4.328,4.109,30.266,87.188,-1.802,-7.996,-47.062,-91.375
4505.377,100.0,50.0,3.605,8.555,32.594,86.875,-2.875,-11.156,-49.438,-90.125,-0.630,4.012,32.739,97.398,1.060,-6.332,-48.469,-100.068,-5.500,3.346,7.039,-4.059,4.680,-3.391,-5.289,4.320,-2.076,7.350,0.949,11.110,2.215,7.492,1.108,11.124,4.020,3.998,31.219,87.938,-1.428,-8.016,-46.906,-90.938
4505.477,100.0,50.0,3.611,8.547,32.594,86.875,-2.871,-11.156,-49.438,-90.125,-0.630,4.012,32.739,97.398,1.060,-6.332,-48.469,-100.068,-5.203,3.398,6.934,-4.066,4.715,-3.271,-5.219,4.301,-2.072,7.355,0.952,11.111,2.217,7.492,1.108,11.124,3.932,4.395,29.781,87.875,-1.933,-7.953,-47.188,-91.312
4505.577,100.0,50.0,3.605,8.539,32.594,86.875,-2.861,-11.156,-49.438,-90.125,-0.630,4.012,32.739,97.398,1.060,-6.332,-48.469,-100.068,-5.359,3.484,6.980,-4.082,4.637,-3.229,-5.434,4.391,-2.076,7.359,0.955,11.111,2.223,7.492,1.108,11.124,4.020,4.285,31.062,87.938,-1.735,-7.797,-47.031,-90.812
4505.677,100.0,50.0,3.604,8.547,32.594,86.812,-2.865,-11.156,-49.438,-90.125,-0.630,4.012,32.739,97.398,1.060,-6.332,-48.469,-100.068,-5.309,3.408,6.941,-4.070,4.645,-3.180,-5.332,4.324,-2.076,7.352,0.949,11.108,2.221,7.492,1.108,11.124,4.371,4.172,30.578,88.062,-1.802,-7.906,-47.281,-90.500
4505.779,100.0,50.0,3.605,8.555,32.594,86.875,-2.865,-11.156,-49.438,-90.125,-0.630,4.012,32.739,97.398,1.060,-6.332,-48.469,-100.068,-5.215,3.383,7.000,-4.066,4.539,-3.320,-5.355,4.398,-2.076,7.350,0.949,11.110,2.221,7.492,1.108,11.124,3.998,4.699,31.547,88.375,-1.472,-7.777,-47.000,-90.938
4505.881,100.0,50.0,3.604,8.555,32.594,86.875,-2.861,-11.164,-49.438,-90.125,-0.630,4.012,32.739,97.398,1.060,-6.332,-48.469,-100.068,-5.531,3.475,6.992,-4.031,4.531,-3.287,-5.312,4.348,-2.077,7.350,0.949,11.110,2.223,7.488,1.105,11.124,4.461,4.504,30.578,88.062,-1.670,-7.996,-47.188,-90.750
4505.981,100.0,50.0,3.605,8.555,32.594,86.875,-2.869,-11.156,-49.438,-90.125,-0.630,4.012,32.739,97.398,1.060,-6.332,-48.469,-100.068,-5.348,3.484,7.000,-4.062,4.855,-3.129,-5.336,4.379,-2.076,7.350,0.949,11.110,2.218,7.492,1.108,11.124,3.801,3.910,30.094,87.562,-1.735,-7.863,-47.219,-91.312
4506.083,100.0,50.0,3.604,8.555,32.594,86.875,-2.869,-11.156,-49.438,-90.125,-0.630,4.012,32.739,97.398,1.060,-6.332,-48.469,-100.068,-5.070,3.471,7.012,-4.023,4.629,-3.352,-5.293,4.465,-2.077,7.350,0.949,11.110,2.218,7.492,1.108,11.124,3.932,4.590,32.000,87.750,-1.362,-7.797,-47.062,-91.312
4506.183,100.0,50.0,3.605,8.562,32.594,86.875,-2.869,-11.164,-49.438,-90.125,-0.630,4.012,32.739,97.398,1.060,-6.332,-48.469,-100.068,-5.309,3.344,6.879,-4.023,4.500,-3.260,-5.359,4.441,-2.076,7.346,0.946,11.110,2.218,7.488,1.105,11.123,4.547,4.504,30.906,87.875,-1.472,-7.930,-47.000,-91.312
4506.285,100.0,50.0,3.611,8.547,32.594,86.875,-2.871,-11.164,-49.438,-90.125,-0.630,4.012,32.739,97.398,1.060,-6.332,-48.469,-100.068,-5.320,3.449,7.113,-4.062,4.668,-3.311,-5.449,4.406,-2.072,7.355,0.952,11.111,2.217,7.488,1.105,11.123,3.889,4.109,31.703,87.938,-1.802,-7.996,-46.969,-90.812
4506.385,100.0,50.0,3.604,8.555,32.594,86.875,-2.865,-11.164,-49.438,-90.125,-0.630,4.012,32.739,97.398,1.060,-6.332,-48.469,-100.068,-5.484,3.461,7.004,-3.990,4.520,-3.189,-5.227,4.340,-2.077,7.350,0.949,11.110,2.221,7.488,1.105,11.124,3.932,3.910,32.000,87.625,-1.670,-7.887,-47.125,-91.062
4506.485,100.0,50.0,3.615,8.547,32.594,86.875,-2.875,-11.164,-49.438,-90.125,-0.630,4.012,32.739,97.398,1.060,-6.332,-48.469,-100.068,-5.449,3.416,6.996,-4.047,4.938,-3.184,-5.359,4.426,-2.070,7.355,0.952,11.111,2.215,7.488,1.105,11.123,3.844,3.910,30.906,87.625,-1.735,-8.016,-47.250,-91.188
4506.585,100.0,50.0,3.611,8.555,32.594,86.875,-2.861,-11.156,-49.438,-90.125,-0.630,4.012,32.739,97.398,1.060,-6.332,-48.469,-100.068,-5.086,3.445,6.961,-4.027,4.586,-3.391,-5.379,4.391,-2.072,7.350,0.949,11.110,2.223,7.492,1.108,11.124,3.910,4.590,31.062,87.938,-1.230,-7.906,-47.312,-90.812
4506.687,100.0,50.0,3.605,8.555,32.594,86.875,-2.869,-11.156,-49.438,-90.125,-0.630,4.012,32.739,97.398,1.060,-6.332,-48.469,-100.068,-5.402,3.418,7.027,-4.004,4.605,-3.357,-5.254,4.348,-2.076,7.350,0.949,11.110,2.218,7.492,1.108,11.124,4.480,3.604,30.906,87.750,-2.395,-7.906,-47.250,-90.625
4506.925,100.0,50.0,3.611,8.555,32.594,86.875,-2.865,-11.156,-49.438,-90.125,-0.630,4.012,32.739,97.398,1.060,-6.332,-48.469,-100.068,-5.066,3.324,6.895,-4.008,4.727,-3.219,-5.266,4.398,-2.072,7.350,0.949,11.110,2.221,7.492,1.108,11.124,3.889,4.172,31.547,87.438,-1.604,-8.016,-47.219,-91.312
4507.025,100.0,50.0,3.609,8.555,32.594,86.875,-2.861,-11.156,-49.438,-90.125,-0.630,4.012,32.739,97.398,1.060,-6.332,-48.469,-100.068,-5.355,3.377,7.008,-4.008,4.727,-3.227,-5.281,4.387,-2.073,7.350,0.949,11.110,2.223,7.492,1.108,11.124,3.953,4.172,30.422,87.938,-2.197,-7.906,-47.031,-91.500
4507.125,100.0,50.0,3.609,8.555,32.594,86.875,-2.861,-11.172,-49.438,-90.125,-0.630,4.012,32.739,97.398,1.060,-6.332,-48.469,-100.068,-5.492,3.396,6.988,-4.051,4.594,-3.184,-5.305,4.430,-2.073,7.350,0.949,11.110,2.223,7.483,1.103,11.123,4.305,4.699,31.547,87.438,-1.604,-7.820,-47.250,-91.625
4507.227,100.0,50.0,3.605,8.547,32.594,86.875,-2.869,-11.156,-49.438,-90.125,-0.630,4.012,32.739,97.398,1.060,-6.332,-48.469,-100.068,-5.406,3.375,6.926,-4.020,4.660,-3.309,-5.289,4.367,-2.076,7.355,0.952,11.111,2.218,7.492,1.108,11.124,4.547,4.504,30.734,87.625,-1.867,-7.844,-47.125,-91.188
4507.327,100.0,50.0,3.611,8.547,32.594,86.875,-2.855,-11.156,-49.438,-90.125,-0.630,4.012,32.739,97.398,1.060,-6.332,-48.469,-100.068,-5.191,3.410,6.980,-4.059,4.578,-3.244,-5.332,4.359,-2.072,7.355,0.952,11.111,2.227,7.492,1.108,11.124,4.043,4.590,31.219,87.562,-0.835,-7.906,-47.062,-91.875
4507.427,100.0,50.0,3.604,8.555,32.594,86.875,-2.869,-11.164,-49.438,-90.125,-0.630,4.012,32.739,97.398,1.060,-6.332,-48.469,-100.068,-5.348,3.445,6.984,-4.059,4.707,-3.215,-5.430,4.387,-2.077,7.350,0.949,11.110,2.218,7.488,1.105,11.123,3.998,4.172,32.594,87.562,-1.538,-7.754,-47.281,-91.375
4507.529,100.0,50.0,3.604,8.555,32.594,86.875,-2.861,-11.156,-49.438,-90.125,-0.630,4.012,32.739,97.398,1.060,-6.332,-48.469,-100.068,-5.312,3.346,6.922,-3.988,4.656,-3.299,-5.305,4.387,-2.077,7.350,0.949,11.110,2.223,7.492,1.108,11.124,4.020,4.504,30.906,87.188,-1.735,-7.953,-47.156,-91.500
4507.629,100.0,50.0,3.609,8.547,32.594,86.875,-2.859,-11.156,-49.438,-90.125,-0.630,4.012,32.739,97.398,1.060,-6.332,-48.469,-100.068,-5.395,3.297,7.023,-4.043,4.746,-3.223,-5.273,4.320,-2.073,7.355,0.952,11.111,2.224,7.492,1.108,11.124,4.438,4.172,29.453,88.062,-1.538,-7.844,-47.125,-90.938
4507.729,100.0,50.0,3.605,8.555,32.594,86.875,-2.869,-11.156,-49.438,-90.125,-0.630,4.012,32.739,97.398,1.060,-6.332,-48.469,-100.068,-5.504,3.449,6.871,-4.066,4.477,-3.303,-5.293,4.410,-2.076,7.350,0.949,11.110,2.218,7.492,1.108,11.124,3.953,4.172,29.781,87.562,-1.999,-8.039,-47.281,-92.125
4507.831,100.0,50.0,3.605,8.555,32.594,86.875,-2.875,-11.156,-49.438,-90.125,-0.630,4.012,32.739,97.398,1.060,-6.332,-48.469,-100.068,-5.590,3.422,7.086,-4.070,4.723,-3.359,-5.355,4.473,-2.076,7.350,0.949,11.110,2.215,7.492,1.108,11.124,4.305,4.504,30.422,87.438,-1.230,-7.996,-47.062,-90.812
4507.931,100.0,50.0,3.604,8.555,32.594,86.875,-2.865,-11.156,-49.438,-90.125,-0.630,4.012,32.739,97.398,1.060,-6.332,-48.469,-100.068,-5.336,3.316,6.918,-4.043,4.539,-3.221,-5.316,4.422,-2.077,7.350,0.949,11.110,2.221,7.492,1.108,11.124,4.480,4.395,30.906,88.062,-1.362,-7.797,-47.125,-90.812
4508.033,100.0,50.0,3.609,8.555,32.594,86.875,-2.865,-11.156,-49.438,-90.125,-0.630,4.012,32.739,97.398,1.060,-6.332,-48.469,-100.068,-5.570,3.443,7.023,-4.094,4.598,-3.254,-5.223,4.324,-2.073,7.350,0.949,11.110,2.221,7.492,1.108,11.124,3.889,3.383,29.453,87.188,-1.735,-7.777,-47.062,-91.062
4508.133,100.0,50.0,3.604,8.539,32.594,86.875,-2.861,-11.156,-49.438,-90.125,-0.630,4.012,32.739,97.398,1.060,-6.332,-48.469,-100.068,-5.480,3.346,6.957,-4.070,4.793,-3.363,-5.422,4.422,-2.077,7.359,0.955,11.111,2.223,7.492,1.108,11.124,4.020,4.898,30.734,88.062,-1.867,-7.906,-46.969,-91.062
4508.235,100.0,50.0,3.605,8.555,32.594,86.875,-2.869,-11.156,-49.438,-90.125,-0.630,4.012,32.739,97.398,1.060,-6.332,-48.469,-100.068,-5.414,3.438,7.039,-4.051,4.664,-3.299,-5.344,4.332,-2.076,7.350,0.949,11.110,2.218,7.492,1.108,11.124,3.932,4.109,30.906,88.375,-1.867,-7.930,-47.188,-91.188
4508.337,100.0,50.0,3.611,8.555,32.594,86.875,-2.861,-11.156,-49.438,-90.125,-0.630,4.012,32.739,97.398,1.060,-6.332,-48.469,-100.068,-5.340,3.361,6.965,-4.023,4.547,-3.338,-5.387,4.445,-2.072,7.350,0.949,11.110,2.223,7.492,1.108,11.124,3.691,3.998,30.906,87.625,-1.604,-7.906,-46.906,-90.625
4508.437,100.0,50.0,3.604,8.547,32.594,86.875,-2.861,-11.156,-49.438,-90.125,-0.630,4.012,32.739,97.398,1.060,-6.332,-48.469,-100.068,-5.355,3.338,7.023,-4.043,4.750,-3.342,-5.441,4.445,-2.077,7.355,0.952,11.111,2.223,7.492,1.108,11.124,3.998,4.395,30.578,87.312,-1.538,-7.844,-47.438,-91.625
4508.539,100.0,50.0,3.609,8.555,32.594,86.875,-2.869,-11.164,-49.438,-90.125,-0.630,4.012,32.739,97.398,1.060,-6.332,-48.469,-100.068,-5.359,3.465,6.902,-4.105,4.594,-3.180,-5.270,4.395,-2.073,7.350,0.949,11.110,2.218,7.488,1.105,11.123,4.043,4.395,31.859,87.125,-1.099,-8.016,-47.031,-91.188
4508.641,100.0,50.0,3.605,8.555,32.594,86.875,-2.871,-11.156,-49.438,-90.125,-0.630,4.012,32.739,97.398,1.060,-6.332,-48.469,-100.068,-5.195,3.367,7.086,-4.039,4.625,-3.227,-5.414,4.422,-2.076,7.350,0.949,11.110,2.217,7.492,1.108,11.124,4.285,4.504,30.422,87.188,-1.296,-7.953,-47.188,-90.750
4508.743,100.0,50.0,3.596,8.555,32.594,86.875,-2.869,-11.164,-49.438,-90.125,-0.630,4.012,32.739,97.398,1.060,-6.332,-48.469,-100.068,-5.246,3.340,6.934,-4.062,4.730,-3.223,-5.230,4.316,-2.082,7.351,0.949,11.111,2.218,7.488,1.105,11.123,3.910,4.395,30.734,87.438,-1.472,-7.797,-47.188,-90.125
4508.843,100.0,50.0,3.605,8.555,32.594,86.875,-2.871,-11.156,-49.438,-90.125,-0.630,4.012,32.739,97.398,1.060,-6.332,-48.469,-100.068,-5.090,3.398,7.000,-4.051,4.590,-3.260,-5.344,4.438,-2.076,7.350,0.949,11.110,2.217,7.492,1.108,11.124,3.977,3.998,30.266,87.562,-1.670,-7.887,-47.062,-91.188
4508.943,100.0,50.0,3.605,8.539,32.594,86.875,-2.865,-11.156,-49.438,-90.125,-0.630,4.012,32.739,97.398,1.060,-6.332,-48.469,-100.068,-5.402,3.385,6.930,-4.133,4.664,-3.248,-5.297,4.359,-2.076,7.359,0.955,11.111,2.221,7.492,1.108,11.124,4.305,5.008,30.422,87.312,-1.735,-7.996,-47.000,-91.062
4509.045,100.0,50.0,3.609,8.555,32.594,86.875,-2.875,-11.156,-49.438,-90.125,-0.630,4.012,32.739,97.398,1.060,-6.332,-48.469,-100.068,-5.133,3.393,7.074,-4.059,4.645,-3.242,-5.375,4.426,-2.073,7.350,0.949,11.110,2.215,7.492,1.108,11.124,4.020,3.910,30.094,87.625,-1.604,-7.887,-47.219,-91.188
4509.147,100.0,50.0,3.605,8.555,32.594,86.875,-2.861,-11.164,-49.438,-90.125,-0.630,4.012,32.739,97.398,1.060,-6.332,-48.469,-100.068,-5.262,3.439,6.984,-4.047,4.539,-3.314,-5.309,4.309,-2.076,7.350,0.949,11.110,2.223,7.488,1.105,11.124,3.953,4.395,30.906,87.750,-1.933,-7.863,-47.219,-91.500
4509.249,100.0,50.0,3.604,8.555,32.594,86.875,-2.865,-11.164,-49.438,-90.125,-0.630,4.012,32.739,97.398,1.060,-6.332,-48.469,-100.068,-5.172,3.459,7.023,-4.035,4.641,-3.273,-5.402,4.379,-2.077,7.350,0.949,11.110,2.221,7.488,1.105,11.124,4.348,4.504,29.641,87.438,-1.538,-7.930,-47.188,-90.938
4509.349,100.0,50.0,3.609,8.547,32.594,86.875,-2.865,-11.172,-49.438,-90.125,-0.630,4.012,32.739,97.398,1.060,-6.332,-48.469,-100.068,-5.398,3.383,7.016,-4.039,4.586,-3.230,-5.277,4.371,-2.073,7.355,0.952,11.111,2.221,7.483,1.103,11.123,3.953,4.172,32.125,87.438,-1.867,-7.863,-47.125,-91.062
4509.451,100.0,50.0,3.604,8.555,32.594,86.875,-2.865,-11.156,-49.438,-90.125,-0.630,4.012,32.739,97.398,1.060,-6.332,-48.469,-100.068,-5.250,3.293,6.980,-4.012,4.656,-3.334,-5.230,4.379,-2.077,7.350,0.949,11.110,2.221,7.492,1.108,11.124,4.109,4.285,31.547,87.938,-1.538,-7.820,-47.188,-91.375
4509.553,100.0,50.0,3.615,8.555,32.594,86.875,-2.875,-11.164,-49.438,-90.125,-0.630,4.012,32.739,97.398,1.060,-6.332,-48.469,-100.068,-5.312,3.520,7.105,-4.082,4.715,-3.305,-5.246,4.324,-2.070,7.350,0.949,11.110,2.215,7.488,1.105,11.123,4.305,3.604,30.734,87.875,-1.999,-7.953,-47.062,-91.625
4509.653,100.0,50.0,3.609,8.562,32.594,86.875,-2.865,-11.148,-49.438,-90.125,-0.630,4.012,32.739,97.398,1.060,-6.332,-48.469,-100.068,-5.301,3.398,7.059,-4.082,4.590,-3.340,-5.281,4.453,-2.073,7.346,0.946,11.110,2.221,7.497,1.111,11.124,3.977,4.172,30.906,88.062,-1.428,-7.844,-47.156,-91.500
4509.753,100.0,50.0,3.604,8.555,32.594,86.875,-2.859,-11.156,-49.438,-90.125,-0.630,4.012,32.739,97.398,1.060,-6.332,-48.469,-100.068,-5.484,3.422,6.930,-4.082,4.691,-3.357,-5.336,4.371,-2.077,7.350,0.949,11.110,2.224,7.492,1.108,11.124,3.801,4.172,31.219,87.625,-0.901,-7.797,-47.031,-91.062
4509.855,100.0,50.0,3.609,8.555,32.594,86.812,-2.869,-11.156,-49.438,-90.125,-0.630,4.012,32.739,97.398,1.060,-6.332,-48.469,-100.068,-5.254,3.410,7.039,-4.031,4.625,-3.223,-5.320,4.465,-2.072,7.348,0.946,11.108,2.218,7.492,1.108,11.124,3.977,4.172,30.906,88.062,-1.472,-7.996,-47.156,-91.500
4509.957,100.0,50.0,3.605,8.547,32.594,86.875,-2.869,-11.164,-49.438,-90.125,-0.630,4.012,32.739,97.398,1.060,-6.332,-48.469,-100.068,-5.238,3.303,7.043,-3.992,4.609,-3.258,-5.293,4.363,-2.076,7.355,0.952,11.111,2.218,7.488,1.105,11.123,4.746,5.008,29.000,87.938,-1.099,-7.668,-47.094,-91.312
4510.057,100.0,50.0,3.604,8.555,32.594,86.875,-2.871,-11.164,-49.438,-90.125,-0.630,4.012,32.739,97.398,1.060,-6.332,-48.469,-100.068,-5.312,3.305,6.961,-3.992,4.586,-3.281,-5.398,4.422,-2.077,7.350,0.949,11.110,2.217,7.488,1.105,11.123,4.348,4.504,30.578,87.188,-1.230,-7.973,-46.938,-91.062
4510.159,100.0,50.0,3.609,8.555,32.594,86.875,-2.861,-11.156,-49.438,-90.125,-0.630,4.012,32.739,97.398,1.060,-6.332,-48.469,-100.068,-5.758,3.377,7.043,-4.070,4.801,-3.299,-5.336,4.441,-2.073,7.350,0.949,11.110,2.223,7.492,1.108,11.124,3.889,4.109,31.703,87.625,-0.966,-7.863,-47.125,-90.500
4510.259,100.0,50.0,3.605,8.547,32.594,86.875,-2.865,-11.156,-49.438,-90.125,-0.630,4.012,32.739,97.398,1.060,-6.332,-48.469,-100.068,-5.402,3.232,7.051,-4.094,4.512,-3.273,-5.285,4.328,-2.076,7.355,0.952,11.111,2.221,7.492,1.108,11.124,3.822,4.172,30.266,88.062,-1.428,-7.906,-46.906,-91.312
4510.361,100.0,50.0,3.605,8.547,32.594,86.875,-2.869,-11.164,-49.438,-90.125,-0.630,4.012,32.739,97.398,1.060,-6.332,-48.469,-100.068,-5.609,3.330,7.031,-4.012,4.664,-3.375,-5.387,4.367,-2.076,7.355,0.952,11.111,2.218,7.488,1.105,11.123,3.998,3.998,30.094,87.938,-1.604,-8.016,-47.156,-90.812
4510.463,100.0,50.0,3.611,8.539,32.594,86.875,-2.869,-11.164,-49.438,-90.125,-0.630,4.012,32.739,97.398,1.060,-6.332,-48.469,-100.068,-5.320,3.268,6.887,-4.113,4.586,-3.227,-5.234,4.305,-2.072,7.359,0.955,11.111,2.218,7.488,1.105,11.123,4.285,3.691,31.859,87.750,-1.164,-7.906,-47.281,-90.500
4510.565,100.0,50.0,3.605,8.555,32.594,86.875,-2.861,-11.164,-49.438,-90.125,-0.630,4.012,32.739,97.398,1.060,-6.332,-48.469,-100.068,-5.457,3.412,7.074,-4.105,4.789,-3.332,-5.246,4.348,-2.076,7.350,0.949,11.110,2.223,7.488,1.105,11.124,3.889,4.812,29.938,87.750,-1.802,-7.844,-47.000,-91.312
4510.665,100.0,50.0,3.611,8.547,32.594,86.875,-2.877,-11.172,-49.438,-90.125,-0.630,4.012,32.739,97.398,1.060,-6.332,-48.469,-100.068,-5.168,3.428,6.961,-4.059,4.684,-3.246,-5.348,4.348,-2.072,7.355,0.952,11.111,2.213,7.483,1.103,11.123,4.371,4.812,29.938,87.875,-2.131,-7.887,-47.062,-91.188
4510.765,100.0,50.0,3.609,8.547,32.594,86.875,-2.861,-11.156,-49.438,-90.125,-0.630,4.012,32.739,97.398,1.060,-6.332,-48.469,-100.068,-5.207,3.449,7.117,-4.027,4.590,-3.170,-5.297,4.434,-2.073,7.355,0.952,11.111,2.223,7.492,1.108,11.124,4.305,4.285,30.422,88.438,-1.802,-7.973,-47.250,-91.062
4510.867,100.0,50.0,3.604,8.547,32.594,86.875,-2.865,-11.156,-49.438,-90.125,-0.630,4.012,32.739,97.398,1.060,-6.332,-48.469,-100.068,-5.359,3.410,6.988,-4.008,4.746,-3.291,-5.176,4.395,-2.077,7.355,0.952,11.111,2.221,7.492,1.108,11.124,4.348,4.285,29.641,88.125,-1.164,-7.973,-47.062,-91.875
4510.969,100.0,50.0,3.609,8.555,32.594,86.875,-2.877,-11.156,-49.438,-90.125,-0.630,4.012,32.739,97.398,1.060,-6.332,-48.469,-100.068,-5.422,3.490,7.062,-4.043,4.590,-3.295,-5.285,4.352,-2.073,7.350,0.949,11.110,2.214,7.492,1.108,11.124,3.932,5.008,30.094,87.562,-1.604,-7.906,-47.125,-90.812
4511.071,100.0,50.0,3.604,8.555,32.594,86.875,-2.855,-11.156,-49.438,-90.125,-0.630,4.012,32.739,97.398,1.060,-6.332,-48.469,-100.068,-5.301,3.408,7.027,-4.047,4.734,-3.229,-5.309,4.367,-2.077,7.350,0.949,11.110,2.227,7.492,1.108,11.124,3.977,4.504,31.859,87.875,-0.966,-7.863,-47.125,-91.062
4511.173,100.0,50.0,3.605,8.547,32.594,86.875,-2.865,-11.156,-49.438,-90.125,-0.630,4.012,32.739,97.398,1.060,-6.332,-48.469,-100.068,-5.059,3.305,6.930,-4.047,4.742,-3.236,-5.355,4.387,-2.076,7.355,0.952,11.111,2.221,7.492,1.108,11.124,3.889,4.172,30.578,87.188,-1.296,-7.863,-47.125,-91.062
4511.273,100.0,50.0,3.605,8.555,32.594,86.875,-2.869,-11.164,-49.438,-90.125,-0.630,4.012,32.739,97.398,1.060,-6.332,-48.469,-100.068,-5.582,3.463,7.000,-4.027,4.629,-3.283,-5.211,4.359,-2.076,7.350,0.949,11.110,2.218,7.488,1.105,11.123,3.889,4.109,30.906,87.750,-1.230,-7.863,-47.062,-90.812
4511.375,100.0,50.0,3.600,8.547,32.594,86.812,-2.871,-11.156,-49.438,-90.125,-0.630,4.012,32.739,97.398,1.060,-6.332,-48.469,-100.068,-5.293,3.391,6.977,-3.992,4.566,-3.262,-5.301,4.391,-2.079,7.352,0.949,11.108,2.217,7.492,1.108,11.124,3.932,4.504,31.062,87.625,-1.999,-7.820,-47.125,-91.188
4511.477,100.0,50.0,3.604,8.555,32.594,86.812,-2.861,-11.164,-49.438,-90.125,-0.630,4.012,32.739,97.398,1.060,-6.332,-48.469,-100.068,-5.336,3.434,6.980,-4.055,4.602,-3.254,-5.305,4.375,-2.076,7.348,0.946,11.108,2.223,7.488,1.105,11.124,3.910,4.172,29.938,88.062,-1.999,-7.973,-47.062,-91.375
4511.577,100.0,50.0,3.604,8.555,32.594,86.875,-2.861,-11.156,-49.438,-90.125,-0.630,4.012,32.739,97.398,1.060,-6.332,-48.469,-100.068,-5.199,3.490,7.070,-3.994,4.684,-3.223,-5.266,4.383,-2.077,7.350,0.949,11.110,2.223,7.492,1.108,11.124,4.020,4.898,31.219,87.312,-1.164,-7.797,-47.125,-91.500
4511.677,100.0,50.0,3.609,8.547,32.594,86.875,-2.871,-11.156,-49.438,-90.125,-0.630,4.012,32.739,97.398,1.060,-6.332,-48.469,-100.068,-5.258,3.447,7.059,-4.121,4.621,-3.266,-5.254,4.352,-2.073,7.355,0.952,11.111,2.217,7.492,1.108,11.124,3.953,4.395,31.859,87.625,-1.164,-8.016,-47.219,-90.750
4511.777,100.0,50.0,3.605,8.555,32.594,86.875,-2.869,-11.156,-49.438,-90.125,-0.630,4.012,32.739,97.398,1.060,-6.332,-48.469,-100.068,-5.301,3.543,7.086,-4.039,4.559,-3.232,-5.219,4.441,-2.076,7.350,0.949,11.110,2.218,7.492,1.108,11.124,3.932,4.172,29.781,87.438,-1.670,-7.844,-47.000,-91.062
4511.877,100.0,50.0,3.605,8.555,32.594,86.875,-2.869,-11.164,-49.438,-90.125,-0.630,4.012,32.739,97.398,1.060,-6.332,-48.469,-100.068,-5.168,3.385,7.000,-4.027,4.410,-3.264,-5.301,4.277,-2.076,7.350,0.949,11.110,2.218,7.488,1.105,11.123,3.910,4.285,31.062,87.625,-1.428,-7.973,-47.125,-90.625
4511.977,100.0,50.0,3.605,8.547,32.594,86.875,-2.869,-11.156,-49.438,-90.125,-0.630,4.012,32.739,97.398,1.060,-6.332,-48.469,-100.068,-5.410,3.371,7.062,-4.078,4.719,-3.271,-5.324,4.391,-2.076,7.355,0.952,11.111,2.218,7.492,1.108,11.124,3.932,4.504,30.422,87.562,-1.802,-8.500,-47.219,-91.188
4512.079,100.0,50.0,3.609,8.562,32.594,86.875,-2.869,-11.156,-49.438,-90.125,-0.630,4.012,32.739,97.398,1.060,-6.332,-48.469,-100.068,-5.332,3.275,6.977,-4.012,4.703,-3.307,-5.375,4.324,-2.073,7.346,0.946,11.110,2.218,7.492,1.108,11.124,4.020,3.691,31.062,87.750,-1.230,-7.863,-47.188,-91.312
4512.181,100.0,50.0,3.600,8.555,32.594,86.812,-2.861,-11.164,-49.438,-90.125,-0.630,4.012,32.739,97.398,1.060,-6.332,-48.469,-100.068,-5.199,3.465,6.965,-4.055,4.594,-3.203,-5.258,4.441,-2.078,7.348,0.946,11.108,2.223,7.488,1.105,11.124,3.998,4.109,30.266,88.062,-1.472,-7.797,-47.156,-91.500
4512.281,100.0,50.0,3.609,8.555,32.594,86.875,-2.869,-11.164,-49.438,-90.125,-0.630,4.012,32.739,97.398,1.060,-6.332,-48.469,-100.068,-5.344,3.436,7.062,-4.090,4.719,-3.256,-5.312,4.332,-2.073,7.350,0.949,11.110,2.218,7.488,1.105,11.123,4.348,4.109,31.547,87.312,-2.197,-7.844,-47.125,-91.062
4512.381,100.0,50.0,3.600,8.555,32.594,86.875,-2.859,-11.156,-49.438,-90.125,-0.630,4.012,32.739,97.398,1.060,-6.332,-48.469,-100.068,-5.355,3.404,6.941,-4.031,4.625,-3.289,-5.266,4.492,-2.079,7.350,0.949,11.110,2.224,7.492,1.108,11.124,3.998,3.910,30.906,87.312,-1.999,-7.906,-47.219,-90.938
4512.481,100.0,50.0,3.604,8.555,32.594,86.875,-2.861,-11.156,-49.438,-90.125,-0.630,4.012,32.739,97.398,1.060,-6.332,-48.469,-100.068,-5.238,3.340,6.879,-4.031,4.520,-3.238,-5.242,4.465,-2.077,7.350,0.949,11.110,2.223,7.492,1.108,11.124,3.734,4.109,30.266,87.750,-1.472,-8.039,-47.000,-91.750
4512.581,100.0,50.0,3.600,8.555,32.594,86.875,-2.871,-11.164,-49.438,-90.125,-0.630,4.012,32.739,97.398,1.060,-6.332,-48.469,-100.068,-5.262,3.330,6.949,-4.020,4.562,-3.215,-5.312,4.438,-2.079,7.350,0.949,11.110,2.217,7.488,1.105,11.123,4.285,4.590,30.578,87.562,-1.735,-7.711,-47.156,-90.750
4512.683,100.0,50.0,3.604,8.555,32.594,86.875,-2.871,-11.156,-49.438,-90.125,-0.630,4.012,32.739,97.398,1.060,-6.332,-48.469,-100.068,-5.277,3.400,7.062,-4.055,4.754,-3.209,-5.422,4.414,-2.077,7.350,0.949,11.110,2.217,7.492,1.108,11.124,3.734,3.801,30.422,87.875,-1.538,-7.953,-47.250,-91.375
4512.783,100.0,50.0,3.605,8.555,32.594,86.875,-2.875,-11.156,-49.438,-90.125,-0.630,4.012,32.739,97.398,1.060,-6.332,-48.469,-100.068,-5.270,3.436,7.027,-4.027,4.555,-3.334,-5.258,4.344,-2.076,7.350,0.949,11.110,2.215,7.492,1.108,11.124,3.910,4.285,31.547,87.875,-1.604,-7.820,-46.906,-91.750
4512.885,100.0,50.0,3.609,8.547,32.594,86.875,-2.871,-11.164,-49.438,-90.125,-0.630,4.012,32.739,97.398,1.060,-6.332,-48.469,-100.068,-5.363,3.396,7.086,-4.035,4.574,-3.350,-5.258,4.422,-2.073,7.355,0.952,11.111,2.217,7.488,1.105,11.123,3.998,4.395,31.219,87.312,-1.933,-7.844,-47.000,-91.312
4512.985,100.0,50.0,3.604,8.555,32.594,86.875,-2.869,-11.156,-49.438,-90.125,-0.630,4.012,32.739,97.398,1.060,-6.332,-48.469,-100.068,-5.371,3.279,7.105,-4.020,4.641,-3.279,-5.309,4.457,-2.077,7.350,0.949,11.110,2.218,7.492,1.108,11.124,3.998,3.910,29.641,87.312,-1.604,-7.797,-46.906,-91.062
4513.087,100.0,50.0,3.604,8.562,32.594,86.875,-2.869,-11.156,-49.438,-90.125,-0.630,4.012,32.739,97.398,1.060,-6.332,-48.469,-100.068,-5.188,3.234,7.055,-4.066,4.473,-3.180,-5.199,4.414,-2.077,7.346,0.946,11.110,2.218,7.492,1.108,11.124,4.305,4.285,30.734,87.750,-1.472,-7.668,-47.125,-91.375
4513.189,100.0,50.0,3.609,8.539,32.594,86.875,-2.861,-11.164,-49.438,-90.125,-0.630,4.012,32.739,97.398,1.060,-6.332,-48.469,-100.068,-5.344,3.352,6.977,-4.062,4.590,-3.160,-5.297,4.402,-2.073,7.359,0.955,11.111,2.223,7.488,1.105,11.124,4.020,3.998,29.297,87.312,-1.362,-7.906,-47.375,-91.062
4513.289,100.0,50.0,3.604,8.555,32.594,86.875,-2.869,-11.156,-49.438,-90.125,-0.630,4.012,32.739,97.398,1.060,-6.332,-48.469,-100.068,-5.152,3.361,7.055,-4.090,4.598,-3.229,-5.199,4.371,-2.077,7.350,0.949,11.110,2.218,7.492,1.108,11.124,3.822,4.285,31.703,87.312,-1.164,-7.996,-46.906,-91.375
4513.391,100.0,50.0,3.605,8.555,32.594,86.875,-2.865,-11.164,-49.438,-90.125,-0.630,4.012,32.739,97.398,1.060,-6.332,-48.469,-100.068,-5.246,3.408,6.961,-4.055,4.758,-3.221,-5.219,4.367,-2.076,7.350,0.949,11.110,2.221,7.488,1.105,11.124,3.889,4.172,30.266,87.562,-1.802,-7.844,-47.219,-91.062
4513.493,100.0,50.0,3.609,8.555,32.594,86.875,-2.869,-11.156,-49.438,-90.125,-0.630,4.012,32.739,97.398,1.060,-6.332,-48.469,-100.068,-5.414,3.322,7.004,-4.102,4.625,-3.225,-5.320,4.406,-2.073,7.350,0.949,11.110,2.218,7.492,1.108,11.124,3.932,4.285,29.938,88.125,-1.670,-7.844,-47.094,-90.938
4513.595,100.0,50.0,3.609,8.555,32.594,86.875,-2.871,-11.156,-49.438,-90.125,-0.630,4.012,32.739,97.398,1.060,-6.332,-48.469,-100.068,-5.305,3.332,7.008,-4.133,4.688,-3.291,-5.281,4.309,-2.073,7.350,0.949,11.110,2.217,7.492,1.108,11.124,3.889,3.910,31.219,87.312,-0.966,-8.016,-47.156,-91.188
4513.695,100.0,50.0,3.605,8.555,32.594,86.875,-2.859,-11.164,-49.438,-90.125,-0.630,4.012,32.739,97.398,1.060,-6.332,-48.469,-100.068,-5.250,3.240,6.934,-3.998,4.582,-3.283,-5.332,4.387,-2.076,7.350,0.949,11.110,2.224,7.488,1.105,11.124,3.953,4.812,31.062,87.750,-2.262,-7.578,-46.969,-91.312
4513.795,100.0,50.0,3.604,8.555,32.594,86.875,-2.865,-11.156,-49.438,-90.125,-0.630,4.012,32.739,97.398,1.060,-6.332,-48.469,-100.068,-5.211,3.354,7.078,-4.051,4.625,-3.342,-5.461,4.383,-2.077,7.350,0.949,11.110,2.221,7.492,1.108,11.124,4.438,4.285,30.578,87.625,-1.604,-7.930,-47.094,-91.312
4513.897,100.0,50.0,3.605,8.555,32.594,86.875,-2.865,-11.156,-49.438,-90.125,-0.630,4.012,32.739,97.398,1.060,-6.332,-48.469,-100.068,-5.273,3.344,7.062,-4.059,4.605,-3.340,-5.281,4.270,-2.076,7.350,0.949,11.110,2.221,7.492,1.108,11.124,4.020,4.395,30.734,87.562,-1.604,-7.754,-47.031,-90.812
4513.999,100.0,50.0,3.600,8.555,32.594,86.875,-2.869,-11.164,-49.438,-90.125,-0.630,4.012,32.739,97.398,1.060,-6.332,-48.469,-100.068,-5.246,3.395,7.055,-4.047,4.562,-3.273,-5.301,4.473,-2.079,7.350,0.949,11.110,2.218,7.488,1.105,11.123,3.953,4.504,31.703,87.188,-1.867,-8.109,-47.156,-91.188
4514.099,100.0,50.0,3.609,8.547,32.594,86.812,-2.861,-11.156,-49.438,-90.125,-0.630,4.012,32.739,97.398,1.060,-6.332,-48.469,-100.068,-5.293,3.346,7.012,-4.027,4.590,-3.271,-5.148,4.352,-2.072,7.352,0.949,11.108,2.223,7.492,1.108,11.124,4.328,4.285,31.703,87.875,-1.670,-8.062,-47.156,-90.750
4514.201,100.0,50.0,3.605,8.547,32.594,86.875,-2.859,-11.156,-49.438,-90.125,-0.630,4.012,32.739,97.398,1.060,-6.332,-48.469,-100.068,-5.441,3.488,6.844,-4.023,4.426,-3.264,-5.277,4.512,-2.076,7.355,0.952,11.111,2.224,7.492,1.108,11.124,3.889,4.504,30.422,87.438,-1.428,-7.863,-47.125,-91.500
4514.303,100.0,50.0,3.605,8.547,32.594,86.875,-2.861,-11.156,-49.438,-90.125,-0.630,4.012,32.739,97.398,1.060,-6.332,-48.469,-100.068,-5.250,3.289,7.000,-4.086,4.598,-3.193,-5.379,4.367,-2.076,7.355,0.952,11.111,2.223,7.492,1.108,11.124,4.414,5.207,31.219,87.750,-1.670,-7.820,-47.219,-91.375
4514.403,100.0,50.0,3.604,8.547,32.594,86.875,-2.861,-11.164,-49.438,-90.125,-0.630,4.012,32.739,97.398,1.060,-6.332,-48.469,-100.068,-5.246,3.387,6.992,-4.094,4.551,-3.236,-5.305,4.410,-2.077,7.355,0.952,11.111,2.223,7.488,1.105,11.124,4.371,4.812,30.906,87.875,-1.802,-7.797,-47.125,-91.312
4514.503,100.0,50.0,3.605,8.547,32.594,86.875,-2.855,-11.156,-49.438,-90.125,-0.630,4.012,32.739,97.398,1.060,-6.332,-48.469,-100.068,-5.344,3.416,7.027,-4.039,4.547,-3.287,-5.332,4.363,-2.076,7.355,0.952,11.111,2.227,7.492,1.108,11.124,3.977,4.395,32.125,87.312,-1.999,-7.887,-46.969,-91.500
4514.603,100.0,50.0,3.604,8.547,32.594,86.875,-2.865,-11.148,-49.438,-90.125,-0.630,4.012,32.739,97.398,1.060,-6.332,-48.469,-100.068,-5.309,3.449,7.043,-4.012,4.664,-3.334,-5.445,4.383,-2.077,7.355,0.952,11.111,2.221,7.497,1.111,11.124,3.734,4.898,30.266,87.938,-1.428,-7.844,-47.156,-90.625
4514.705,100.0,50.0,3.609,8.547,32.594,86.875,-2.875,-11.172,-49.438,-90.125,-0.630,4.012,32.739,97.398,1.060,-6.332,-48.469,-100.068,-5.328,3.410,7.074,-4.117,4.672,-3.230,-5.188,4.367,-2.073,7.355,0.952,11.111,2.215,7.483,1.103,11.123,3.953,4.285,29.297,87.750,-1.933,-7.887,-47.094,-91.375
4514.805,100.0,50.0,3.615,8.547,32.594,86.875,-2.861,-11.156,-49.438,-90.125,-0.630,4.012,32.739,97.398,1.060,-6.332,-48.469,-100.068,-5.398,3.484,6.957,-4.055,4.828,-3.369,-5.238,4.363,-2.070,7.355,0.952,11.111,2.223,7.492,1.108,11.124,3.801,4.504,29.641,87.562,-1.032,-8.016,-47.281,-91.750
4514.905,100.0,50.0,3.605,8.562,32.594,86.875,-2.871,-11.164,-49.438,-90.125,-0.630,4.012,32.739,97.398,1.060,-6.332,-48.469,-100.068,-5.223,3.365,7.094,-4.047,4.566,-3.223,-5.332,4.348,-2.076,7.346,0.946,11.110,2.217,7.488,1.105,11.123,4.547,3.691,31.062,87.750,-1.802,-7.953,-47.031,-91.375
4515.007,100.0,50.0,3.600,8.547,32.594,86.875,-2.871,-11.156,-49.438,-90.125,-0.630,4.012,32.739,97.398,1.060,-6.332,-48.469,-100.068,-5.324,3.340,7.059,-4.055,4.789,-3.312,-5.395,4.410,-2.079,7.355,0.952,11.111,2.217,7.492,1.108,11.124,3.910,4.504,30.578,87.938,-1.472,-7.930,-47.156,-91.062
4515.107,100.0,50.0,3.605,8.555,32.594,86.875,-2.869,-11.156,-49.438,-90.125,-0.630,4.012,32.739,97.398,1.060,-6.332,-48.469,-100.068,-5.293,3.402,7.035,-4.074,4.680,-3.256,-5.242,4.375,-2.076,7.350,0.949,11.110,2.218,7.492,1.108,11.124,3.932,5.117,29.938,87.875,-1.032,-7.973,-47.031,-91.312
4515.209,100.0,50.0,3.605,8.539,32.594,86.875,-2.865,-11.156,-49.438,-90.125,-0.630,4.012,32.739,97.398,1.060,-6.332,-48.469,-100.068,-5.324,3.320,7.012,-4.059,4.504,-3.307,-5.168,4.312,-2.076,7.359,0.955,11.111,2.221,7.492,1.108,11.124,4.613,4.812,31.547,88.250,-1.362,-7.688,-47.094,-91.312
4515.309,100.0,50.0,3.605,8.547,32.594,86.875,-2.869,-11.156,-49.438,-90.125,-0.630,4.012,32.739,97.398,1.060,-6.332,-48.469,-100.068,-5.293,3.393,6.961,-4.059,4.707,-3.295,-5.426,4.379,-2.076,7.355,0.952,11.111,2.218,7.492,1.108,11.124,3.889,5.117,31.547,88.688,-1.604,-7.953,-47.062,-91.312
4515.411,100.0,50.0,3.611,8.562,32.594,86.875,-2.869,-11.156,-49.438,-90.125,-0.630,4.012,32.739,97.398,1.060,-6.332,-48.469,-100.068,-5.184,3.438,6.969,-4.047,4.707,-3.146,-5.324,4.602,-2.072,7.346,0.946,11.110,2.218,7.492,1.108,11.124,3.953,4.172,29.156,87.875,-1.428,-7.906,-47.031,-91.312
4515.513,100.0,50.0,3.609,8.555,32.594,86.875,-2.869,-11.156,-49.438,-90.125,-0.630,4.012,32.739,97.398,1.060,-6.332,-48.469,-100.068,-5.445,3.320,6.957,-4.031,4.523,-3.301,-5.387,4.379,-2.073,7.350,0.949,11.110,2.218,7.492,1.108,11.124,4.285,4.504,29.938,87.562,-1.164,-7.887,-46.906,-91.188
4515.613,100.0,50.0,3.605,8.547,32.594,86.875,-2.861,-11.156,-49.438,-90.125,-0.630,4.012,32.739,97.398,1.060,-6.332,-48.469,-100.068,-5.398,3.412,7.027,-4.020,4.695,-3.271,-5.285,4.336,-2.076,7.355,0.952,11.111,2.223,7.492,1.108,11.124,3.953,4.172,30.906,87.438,-1.802,-7.953,-47.375,-90.625
4515.713,100.0,50.0,3.605,8.555,32.594,86.875,-2.865,-11.164,-49.438,-90.125,-0.630,4.012,32.739,97.398,1.060,-6.332,-48.469,-100.068,-5.418,3.422,6.984,-4.027,4.605,-3.320,-5.305,4.363,-2.076,7.350,0.949,11.110,2.221,7.488,1.105,11.124,3.998,4.504,29.938,88.062,-0.966,-7.973,-47.062,-91.500
4515.815,100.0,50.0,3.596,8.555,32.594,86.875,-2.865,-11.164,-49.438,-90.125,-0.630,4.012,32.739,97.398,1.060,-6.332,-48.469,-100.068,-5.168,3.469,7.035,-4.086,4.430,-3.379,-5.297,4.301,-2.082,7.351,0.949,11.111,2.221,7.488,1.105,11.124,3.910,4.590,30.266,87.625,-1.538,-7.906,-47.000,-91.375
4515.915,100.0,50.0,3.605,8.555,32.594,86.875,-2.871,-11.156,-49.438,-90.125,-0.630,4.012,32.739,97.398,1.060,-6.332,-48.469,-100.068,-5.230,3.443,7.051,-4.109,4.508,-3.291,-5.215,4.297,-2.076,7.350,0.949,11.110,2.217,7.492,1.108,11.124,3.889,4.590,29.781,87.562,-1.867,-7.863,-47.156,-90.812
4516.017,100.0,50.0,3.600,8.547,32.594,86.875,-2.871,-11.156,-49.438,-90.125,-0.630,4.012,32.739,97.398,1.060,-6.332,-48.469,-100.068,-5.074,3.379,7.035,-4.047,4.727,-3.184,-5.301,4.492,-2.079,7.355,0.952,11.111,2.217,7.492,1.108,11.124,3.953,3.998,31.859,87.438,-1.032,-7.797,-47.281,-90.750
4516.117,100.0,50.0,3.604,8.555,32.594,86.875,-2.871,-11.156,-49.438,-90.125,-0.630,4.012,32.739,97.398,1.060,-6.332,-48.469,-100.068,-5.293,3.346,7.008,-4.062,4.777,-3.299,-5.281,4.383,-2.077,7.350,0.949,11.110,2.217,7.492,1.108,11.124,3.889,4.109,30.734,88.125,-1.538,-7.973,-47.125,-91.375
4516.219,100.0,50.0,3.605,8.547,32.594,86.875,-2.871,-11.164,-49.438,-90.125,-0.630,4.012,32.739,97.398,1.060,-6.332,-48.469,-100.068,-5.449,3.393,6.992,-4.031,4.781,-3.225,-5.285,4.441,-2.076,7.355,0.952,11.111,2.217,7.488,1.105,11.123,4.152,4.504,31.703,88.125,-1.296,-8.016,-47.281,-90.812
4516.319,100.0,50.0,3.605,8.555,32.594,86.875,-2.865,-11.164,-49.438,-90.125,-0.630,4.012,32.739,97.398,1.060,-6.332,-48.469,-100.068,-5.285,3.438,6.996,-4.031,4.719,-3.236,-5.301,4.441,-2.076,7.350,0.949,11.110,2.221,7.488,1.105,11.124,4.590,4.395,31.062,88.062,-1.296,-8.039,-47.000,-91.312
4516.421,100.0,50.0,3.604,8.555,32.594,86.875,-2.865,-11.164,-49.438,-90.125,-0.630,4.012,32.739,97.398,1.060,-6.332,-48.469,-100.068,-5.402,3.486,6.996,-4.023,4.293,-3.281,-5.426,4.387,-2.077,7.350,0.949,11.110,2.221,7.488,1.105,11.124,3.932,4.285,30.094,87.625,-1.802,-7.953,-47.125,-91.312
4516.521,100.0,50.0,3.604,8.555,32.594,86.875,-2.865,-11.156,-49.438,-90.125,-0.630,4.012,32.739,97.398,1.060,-6.332,-48.469,-100.068,-5.215,3.336,6.988,-4.035,4.754,-3.338,-5.270,4.363,-2.077,7.350,0.949,11.110,2.221,7.492,1.108,11.124,3.932,4.285,30.094,88.562,-1.670,-7.887,-47.250,-91.375
4516.621,100.0,50.0,3.609,8.555,32.594,86.875,-2.871,-11.172,-49.438,-90.125,-0.630,4.012,32.739,97.398,1.060,-6.332,-48.469,-100.068,-5.219,3.354,6.875,-3.998,4.633,-3.305,-5.309,4.324,-2.073,7.350,0.949,11.110,2.217,7.483,1.103,11.123,3.910,4.285,29.938,88.250,-1.670,-8.039,-47.125,-91.188
4516.723,100.0,50.0,3.604,8.555,32.594,86.875,-2.869,-11.156,-49.438,-90.125,-0.630,4.012,32.739,97.398,1.060,-6.332,-48.469,-100.068,-5.297,3.424,6.984,-4.039,4.785,-3.139,-5.508,4.348,-2.077,7.350,0.949,11.110,2.218,7.492,1.108,11.124,4.328,5.117,30.422,87.625,-1.670,-7.906,-46.906,-90.500
4516.823,100.0,50.0,3.609,8.555,32.594,86.875,-2.871,-11.164,-49.438,-90.125,-0.630,4.012,32.739,97.398,1.060,-6.332,-48.469,-100.068,-5.281,3.379,6.957,-4.051,4.617,-3.383,-5.324,4.371,-2.073,7.350,0.949,11.110,2.217,7.488,1.105,11.123,3.977,4.285,30.578,88.062,-0.835,-8.016,-47.000,-90.938
4516.923,100.0,50.0,3.604,8.547,32.594,86.875,-2.865,-11.164,-49.438,-90.125,-0.630,4.012,32.739,97.398,1.060,-6.332,-48.469,-100.068,-5.305,3.416,6.957,-4.008,4.824,-3.197,-5.266,4.305,-2.077,7.355,0.952,11.111,2.221,7.488,1.105,11.124,4.043,4.812,30.906,88.250,-1.362,-7.844,-47.156,-90.812
4517.025,100.0,50.0,3.604,8.547,32.594,86.875,-2.865,-11.156,-49.438,-90.125,-0.630,4.012,32.739,97.398,1.060,-6.332,-48.469,-100.068,-5.363,3.408,6.961,-4.074,4.691,-3.426,-5.305,4.367,-2.077,7.355,0.952,11.111,2.221,7.492,1.108,11.124,3.910,4.812,30.266,87.875,-0.901,-7.906,-47.188,-90.938
4517.127,100.0,50.0,3.605,8.555,32.594,86.875,-2.869,-11.164,-49.438,-90.125,-0.630,4.012,32.739,97.398,1.060,-6.332,-48.469,-100.068,-5.180,3.268,7.086,-4.059,4.641,-3.209,-5.391,4.441,-2.076,7.350,0.949,11.110,2.218,7.488,1.105,11.123,3.998,4.504,30.906,87.875,-1.362,-7.820,-47.125,-91.062
4517.229,100.0,50.0,3.609,8.555,32.594,86.875,-2.865,-11.156,-49.438,-90.125,-0.630,4.012,32.739,97.398,1.060,-6.332,-48.469,-100.068,-5.254,3.404,7.023,-4.039,4.496,-3.285,-5.230,4.418,-2.073,7.350,0.949,11.110,2.221,7.492,1.108,11.124,4.613,4.285,29.781,88.062,-1.867,-7.844,-47.250,-91.375
4517.329,100.0,50.0,3.609,8.547,32.594,86.875,-2.865,-11.156,-49.438,-90.125,-0.630,4.012,32.739,97.398,1.060,-6.332,-48.469,-100.068,-5.219,3.395,7.035,-4.086,4.586,-3.203,-5.391,4.383,-2.073,7.355,0.952,11.111,2.221,7.492,1.108,11.124,3.932,4.285,32.000,86.938,-1.604,-7.887,-47.156,-91.188
4517.431,100.0,50.0,3.605,8.547,32.594,86.875,-2.869,-11.156,-49.438,-90.125,-0.630,4.012,32.739,97.398,1.060,-6.332,-48.469,-100.068,-5.344,3.391,7.078,-4.035,4.605,-3.289,-5.344,4.367,-2.076,7.355,0.952,11.111,2.218,7.492,1.108,11.124,4.547,4.504,29.000,87.562,-1.428,-7.668,-47.062,-91.188
4517.533,100.0,50.0,3.605,8.547,32.594,86.875,-2.865,-11.148,-49.438,-90.125,-0.630,4.012,32.739,97.398,1.060,-6.332,-48.469,-100.068,-5.250,3.342,6.949,-4.012,4.562,-3.268,-5.332,4.367,-2.076,7.355,0.952,11.111,2.221,7.497,1.111,11.124,3.910,3.383,30.734,88.438,-1.670,-8.039,-46.969,-90.938
4517.635,100.0,50.0,3.609,8.555,32.594,86.875,-2.869,-11.164,-49.438,-90.125,-0.630,4.012,32.739,97.398,1.060,-6.332,-48.469,-100.068,-5.426,3.365,6.918,-4.078,4.426,-3.307,-5.227,4.379,-2.073,7.350,0.949,11.110,2.218,7.488,1.105,11.123,3.998,4.590,31.859,88.250,-1.538,-7.996,-47.281,-91.062
4517.737,100.0,50.0,3.615,8.555,32.594,86.875,-2.865,-11.172,-49.438,-90.125,-0.630,4.012,32.739,97.398,1.060,-6.332,-48.469,-100.068,-5.262,3.346,7.000,-4.070,4.688,-3.281,-5.309,4.305,-2.070,7.350,0.949,11.110,2.221,7.483,1.103,11.123,4.305,4.285,29.938,87.750,-1.802,-7.930,-47.125,-91.312
4517.837,100.0,50.0,3.605,8.547,32.594,86.875,-2.865,-11.156,-49.438,-90.125,-0.630,4.012,32.739,97.398,1.060,-6.332,-48.469,-100.068,-5.453,3.523,7.043,-4.090,4.688,-3.354,-5.477,4.465,-2.076,7.355,0.952,11.111,2.221,7.492,1.108,11.124,3.977,4.285,30.734,87.562,-1.867,-7.953,-47.188,-90.375
4517.939,100.0,50.0,3.604,8.547,32.594,86.875,-2.859,-11.156,-49.438,-90.125,-0.630,4.012,32.739,97.398,1.060,-6.332,-48.469,-100.068,-5.305,3.484,7.004,-4.090,4.562,-3.154,-5.172,4.434,-2.077,7.355,0.952,11.111,2.224,7.492,1.108,11.124,4.371,4.172,30.094,87.938,-1.604,-7.953,-47.125,-90.625
4518.041,100.0,50.0,3.609,8.555,32.594,86.875,-2.871,-11.156,-49.438,-90.125,-0.630,4.012,32.739,97.398,1.060,-6.332,-48.469,-100.068,-5.363,3.328,7.023,-4.004,4.484,-3.285,-5.375,4.461,-2.073,7.350,0.949,11.110,2.217,7.492,1.108,11.124,3.932,4.395,29.453,88.062,-1.230,-7.973,-47.156,-91.312
4518.141,100.0,50.0,3.605,8.555,32.594,86.875,-2.871,-11.172,-49.438,-90.125,-0.630,4.012,32.739,97.398,1.060,-6.332,-48.469,-100.068,-5.445,3.197,7.086,-4.012,4.578,-3.279,-5.297,4.363,-2.076,7.350,0.949,11.110,2.217,7.483,1.103,11.123,3.977,4.172,31.703,87.312,-1.164,-7.863,-47.062,-91.375
4518.241,100.0,50.0,3.605,8.555,32.594,86.875,-2.869,-11.156,-49.438,-90.125,-0.630,4.012,32.739,97.398,1.060,-6.332,-48.469,-100.068,-5.141,3.336,7.023,-4.062,4.738,-3.271,-5.324,4.402,-2.076,7.350,0.949,11.110,2.218,7.492,1.108,11.124,4.371,4.285,31.547,88.438,-0.966,-7.953,-47.000,-91.312
4518.343,100.0,50.0,3.605,8.547,32.594,86.875,-2.865,-11.172,-49.438,-90.125,-0.630,4.012,32.739,97.398,1.060,-6.332,-48.469,-100.068,-5.422,3.406,6.969,-3.965,4.773,-3.240,-5.254,4.402,-2.076,7.355,0.952,11.111,2.221,7.483,1.103,11.123,3.953,4.395,30.422,87.562,-1.296,-7.863,-47.219,-91.188
4518.445,100.0,50.0,3.615,8.547,32.594,86.875,-2.875,-11.156,-49.438,-90.125,-0.630,4.012,32.739,97.398,1.060,-6.332,-48.469,-100.068,-5.250,3.318,7.051,-4.039,4.645,-3.232,-5.352,4.406,-2.070,7.355,0.952,11.111,2.215,7.492,1.108,11.124,4.395,4.285,29.156,87.062,-1.867,-7.863,-47.125,-91.375
4518.545,100.0,50.0,3.605,8.555,32.594,86.875,-2.869,-11.156,-49.438,-90.125,-0.630,4.012,32.739,97.398,1.060,-6.332,-48.469,-100.068,-5.152,3.383,7.031,-4.070,4.797,-3.346,-5.289,4.328,-2.076,7.350,0.949,11.110,2.218,7.492,1.108,11.124,4.699,3.998,29.781,88.250,-1.735,-7.777,-46.969,-91.375
4518.645,100.0,50.0,3.604,8.555,32.594,86.875,-2.865,-11.156,-49.438,-90.125,-0.630,4.012,32.739,97.398,1.060,-6.332,-48.469,-100.068,-5.359,3.416,7.023,-4.105,4.574,-3.236,-5.449,4.504,-2.077,7.350,0.949,11.110,2.221,7.492,1.108,11.124,3.910,4.172,30.094,87.438,-1.032,-7.953,-47.188,-91.312
4518.747,100.0,50.0,3.609,8.547,32.594,86.875,-2.865,-11.156,-49.438,-90.125,-0.630,4.012,32.739,97.398,1.060,-6.332,-48.469,-100.068,-5.352,3.391,7.027,-4.055,4.520,-3.172,-5.199,4.480,-2.073,7.355,0.952,11.111,2.221,7.492,1.108,11.124,4.020,3.998,30.578,87.875,-1.099,-8.086,-47.031,-91.062
4518.847,100.0,50.0,3.604,8.555,32.594,86.875,-2.871,-11.164,-49.438,-90.125,-0.630,4.012,32.739,97.398,1.060,-6.332,-48.469,-100.068,-5.258,3.340,7.023,-4.023,4.469,-3.275,-5.336,4.379,-2.077,7.350,0.949,11.110,2.217,7.488,1.105,11.123,3.910,4.504,30.906,87.875,-1.538,-7.797,-47.156,-91.188
4518.949,100.0,50.0,3.609,8.555,32.594,86.875,-2.859,-11.164,-49.438,-90.125,-0.630,4.012,32.739,97.398,1.060,-6.332,-48.469,-100.068,-5.344,3.359,7.004,-4.059,4.566,-3.400,-5.375,4.359,-2.073,7.350,0.949,11.110,2.224,7.488,1.105,11.124,4.043,4.504,30.578,88.250,-1.362,-7.820,-47.156,-91.062
4519.051,100.0,50.0,3.604,8.547,32.594,86.875,-2.865,-11.164,-49.438,-90.125,-0.630,4.012,32.739,97.398,1.060,-6.332,-48.469,-100.068,-5.422,3.297,6.930,-4.059,4.754,-3.240,-5.254,4.375,-2.077,7.355,0.952,11.111,2.221,7.488,1.105,11.124,3.910,4.172,30.734,87.938,-1.933,-7.887,-47.156,-91.875
4519.153,100.0,50.0,3.594,8.555,32.594,86.875,-2.871,-11.156,-49.438,-90.125,-0.630,4.012,32.739,97.398,1.060,-6.332,-48.469,-100.068,-5.379,3.365,7.000,-4.016,4.730,-3.285,-5.238,4.367,-2.083,7.351,0.949,11.111,2.217,7.492,1.108,11.124,3.713,4.285,30.422,87.312,-1.362,-7.844,-47.000,-91.312
4519.255,100.0,50.0,3.609,8.555,32.594,86.875,-2.871,-11.164,-49.438,-90.125,-0.630,4.012,32.739,97.398,1.060,-6.332,-48.469,-100.068,-5.277,3.338,7.160,-4.031,4.684,-3.367,-5.250,4.297,-2.073,7.350,0.949,11.110,2.217,7.488,1.105,11.123,3.932,4.812,30.906,87.438,-1.933,-7.973,-47.281,-91.312
4519.357,100.0,50.0,3.605,8.547,32.594,86.875,-2.861,-11.164,-49.438,-90.125,-0.630,4.012,32.739,97.398,1.060,-6.332,-48.469,-100.068,-5.387,3.359,7.023,-4.043,4.695,-3.377,-5.285,4.359,-2.076,7.355,0.952,11.111,2.223,7.488,1.105,11.124,4.062,4.395,32.875,88.375,-1.296,-7.820,-47.156,-91.188
4519.457,100.0,50.0,3.600,8.547,32.594,86.812,-2.871,-11.156,-49.438,-90.125,-0.630,4.012,32.739,97.398,1.060,-6.332,-48.469,-100.068,-5.246,3.381,6.984,-3.998,4.598,-3.236,-5.469,4.457,-2.079,7.352,0.949,11.108,2.217,7.492,1.108,11.124,4.062,3.910,32.125,87.875,-1.538,-7.797,-47.188,-91.188
4519.559,100.0,50.0,3.605,8.539,32.594,86.875,-2.871,-11.156,-49.438,-90.125,-0.630,4.012,32.739,97.398,1.060,-6.332,-48.469,-100.068,-5.363,3.477,7.074,-4.043,4.539,-3.328,-5.328,4.441,-2.076,7.359,0.955,11.111,2.217,7.492,1.108,11.124,3.889,4.590,31.547,87.938,-1.164,-7.777,-47.156,-91.312
4519.661,100.0,50.0,3.604,8.562,32.594,86.875,-2.861,-11.156,-49.438,-90.125,-0.630,4.012,32.739,97.398,1.060,-6.332,-48.469,-100.068,-5.195,3.396,7.000,-4.000,4.777,-3.195,-5.270,4.449,-2.077,7.346,0.946,11.110,2.223,7.492,1.108,11.124,3.977,4.699,29.641,88.062,-1.362,-7.906,-47.156,-91.062
4519.761,100.0,50.0,3.611,8.547,32.594,86.875,-2.869,-11.164,-49.438,-90.125,-0.630,4.012,32.739,97.398,1.060,-6.332,-48.469,-100.068,-5.336,3.355,7.004,-3.967,4.590,-3.326,-5.258,4.391,-2.072,7.355,0.952,11.111,2.218,7.488,1.105,11.123,4.020,4.812,32.000,87.938,-1.604,-7.996,-47.281,-91.875
4519.863,100.0,50.0,3.605,8.547,32.594,86.875,-2.869,-11.156,-49.438,-90.125,-0.630,4.012,32.739,97.398,1.060,-6.332,-48.469,-100.068,-5.332,3.221,6.867,-4.059,4.559,-3.340,-5.281,4.379,-2.076,7.355,0.952,11.111,2.218,7.492,1.108,11.124,4.328,4.172,32.000,87.625,-1.802,-7.930,-46.969,-91.188
4519.963,100.0,50.0,3.605,8.555,32.594,86.875,-2.865,-11.164,-49.438,-90.125,-0.630,4.012,32.739,97.398,1.060,-6.332,-48.469,-100.068,-5.266,3.350,6.961,-4.070,4.602,-3.238,-5.293,4.426,-2.076,7.350,0.949,11.110,2.221,7.488,1.105,11.124,4.020,4.395,31.859,87.062,-1.032,-7.820,-46.938,-91.312
4520.065,100.0,50.0,3.609,8.555,32.594,86.875,-2.865,-11.156,-49.438,-90.125,-0.630,4.012,32.739,97.398,1.060,-6.332,-48.469,-100.068,-5.188,3.422,6.957,-4.082,4.609,-3.281,-5.312,4.355,-2.073,7.350,0.949,11.110,2.221,7.492,1.108,11.124,3.889,4.109,30.094,88.375,-1.933,-7.996,-47.250,-90.625
4520.165,100.0,50.0,3.604,8.547,32.594,86.875,-2.865,-11.156,-49.438,-90.125,-0.630,4.012,32.739,97.398,1.060,-6.332,-48.469,-100.068,-5.387,3.266,7.062,-4.020,4.457,-3.250,-5.203,4.434,-2.077,7.355,0.952,11.111,2.221,7.492,1.108,11.124,3.953,4.812,31.062,87.750,-1.538,-7.797,-47.000,-91.062
4520.265,100.0,50.0,3.611,8.555,32.594,86.875,-2.861,-11.164,-49.438,-90.125,-0.630,4.012,32.739,97.398,1.060,-6.332,-48.469,-100.068,-5.410,3.283,7.090,-4.094,4.629,-3.141,-5.348,4.457,-2.072,7.350,0.949,11.110,2.223,7.488,1.105,11.124,4.285,3.998,30.734,87.938,-2.262,-7.953,-47.156,-91.188
4520.365,100.0,50.0,3.609,8.547,32.594,86.875,-2.877,-11.156,-49.438,-90.125,-0.630,4.012,32.739,97.398,1.060,-6.332,-48.469,-100.068,-5.477,3.266,7.020,-4.137,4.586,-3.303,-5.316,4.383,-2.073,7.355,0.952,11.111,2.214,7.492,1.108,11.124,3.998,4.109,31.547,87.750,-1.670,-7.844,-47.125,-91.625
4520.467,100.0,50.0,3.609,8.539,32.594,86.875,-2.869,-11.164,-49.438,-90.125,-0.630,4.012,32.739,97.398,1.060,-6.332,-48.469,-100.068,-5.328,3.428,6.902,-4.062,4.688,-3.225,-5.324,4.332,-2.073,7.359,0.955,11.111,2.218,7.488,1.105,11.123,3.889,4.590,31.859,87.438,-1.670,-7.863,-47.219,-90.938
4520.569,100.0,50.0,3.605,8.555,32.594,86.875,-2.869,-11.172,-49.438,-90.125,-0.630,4.012,32.739,97.398,1.060,-6.332,-48.469,-100.068,-5.477,3.318,7.012,-4.098,4.633,-3.193,-5.453,4.332,-2.076,7.350,0.949,11.110,2.218,7.483,1.103,11.123,3.756,4.812,30.734,87.562,-1.230,-7.973,-47.250,-91.188
4520.671,100.0,50.0,3.605,8.555,32.594,86.875,-2.869,-11.156,-49.438,-90.125,-0.630,4.012,32.739,97.398,1.060,-6.332,-48.469,-100.068,-5.410,3.297,7.035,-3.994,4.398,-3.326,-5.316,4.465,-2.076,7.350,0.949,11.110,2.218,7.492,1.108,11.124,3.822,4.504,29.641,87.875,-1.164,-7.930,-47.406,-90.812
4520.771,100.0,50.0,3.604,8.555,32.594,86.875,-2.865,-11.148,-49.438,-90.125,-0.630,4.012,32.739,97.398,1.060,-6.332,-48.469,-100.068,-5.270,3.422,6.930,-4.008,4.609,-3.193,-5.328,4.371,-2.077,7.350,0.949,11.110,2.221,7.497,1.111,11.124,4.020,3.998,32.000,87.438,-0.571,-7.953,-47.156,-91.188
4520.871,100.0,50.0,3.605,8.555,32.594,86.875,-2.871,-11.156,-49.438,-90.125,-0.630,4.012,32.739,97.398,1.060,-6.332,-48.469,-100.068,-5.145,3.408,7.043,-4.035,4.762,-3.318,-5.273,4.398,-2.076,7.350,0.949,11.110,2.217,7.492,1.108,11.124,3.953,4.109,30.734,87.562,-1.670,-7.953,-47.094,-90.938
4520.971,100.0,50.0,3.605,8.547,32.594,86.875,-2.869,-11.156,-49.438,-90.125,-0.630,4.012,32.739,97.398,1.060,-6.332,-48.469,-100.068,-5.383,3.369,6.938,-4.066,4.832,-3.340,-5.395,4.387,-2.076,7.355,0.952,11.111,2.218,7.492,1.108,11.124,4.043,4.898,30.422,87.875,-1.735,-7.863,-47.219,-91.062
4521.073,100.0,50.0,3.600,8.555,32.594,86.875,-2.865,-11.156,-49.438,-90.125,-0.630,4.012,32.739,97.398,1.060,-6.332,-48.469,-100.068,-5.254,3.439,6.969,-4.070,4.844,-3.305,-5.281,4.336,-2.079,7.350,0.949,11.110,2.221,7.492,1.108,11.124,3.932,4.590,30.422,88.375,-2.328,-7.844,-47.062,-91.312
4521.173,100.0,50.0,3.605,8.562,32.594,86.875,-2.869,-11.164,-49.438,-90.125,-0.630,4.012,32.739,97.398,1.060,-6.332,-48.469,-100.068,-5.418,3.209,6.996,-4.066,4.691,-3.230,-5.414,4.367,-2.076,7.346,0.946,11.110,2.218,7.488,1.105,11.123,4.020,4.504,32.125,88.250,-2.064,-7.820,-47.188,-91.188
4521.275,100.0,50.0,3.605,8.555,32.594,86.875,-2.869,-11.164,-49.438,-90.125,-0.630,4.012,32.739,97.398,1.060,-6.332,-48.469,-100.068,-5.332,3.496,7.012,-4.051,4.688,-3.305,-5.375,4.344,-2.076,7.350,0.949,11.110,2.218,7.488,1.105,11.123,3.889,4.109,30.422,87.750,-1.472,-7.887,-47.062,-91.375
4521.375,100.0,50.0,3.605,8.539,32.594,86.812,-2.869,-11.164,-49.438,-90.125,-0.630,4.012,32.739,97.398,1.060,-6.332,-48.469,-100.068,-5.234,3.389,7.082,-4.066,4.840,-3.260,-5.328,4.379,-2.075,7.357,0.952,11.109,2.218,7.488,1.105,11.123,4.043,4.699,30.734,87.875,-1.735,-7.906,-47.250,-91.188
4521.477,100.0,50.0,3.611,8.555,32.594,86.875,-2.871,-11.148,-49.438,-90.125,-0.630,4.012,32.739,97.398,1.060,-6.332,-48.469,-100.068,-5.410,3.418,6.957,-4.066,4.500,-3.209,-5.340,4.477,-2.072,7.350,0.949,11.110,2.217,7.497,1.111,11.124,3.998,3.998,29.938,87.625,-2.131,-8.016,-47.344,-91.312
4521.579,100.0,50.0,3.605,8.555,32.594,86.875,-2.861,-11.148,-49.438,-90.125,-0.630,4.012,32.739,97.398,1.060,-6.332,-48.469,-100.068,-5.238,3.396,6.848,-4.090,4.699,-3.256,-5.406,4.449,-2.076,7.350,0.949,11.110,2.223,7.497,1.111,11.124,3.977,4.172,32.000,87.438,-1.604,-7.953,-47.125,-91.062
4521.681,100.0,50.0,3.611,8.555,32.594,86.875,-2.871,-11.164,-49.438,-90.125,-0.630,4.012,32.739,97.398,1.060,-6.332,-48.469,-100.068,-5.246,3.414,6.902,-4.066,4.547,-3.271,-5.359,4.406,-2.072,7.350,0.949,11.110,2.217,7.488,1.105,11.123,3.910,4.109,30.266,87.188,-1.538,-8.016,-47.062,-90.062
4521.783,100.0,50.0,3.615,8.547,32.594,86.875,-2.875,-11.156,-49.438,-90.125,-0.630,4.012,32.739,97.398,1.060,-6.332,-48.469,-100.068,-5.254,3.375,6.996,-4.062,4.547,-3.311,-5.340,4.375,-2.070,7.355,0.952,11.111,2.215,7.492,1.108,11.124,3.932,4.395,30.906,87.938,-1.999,-7.711,-47.219,-91.062
4521.883,100.0,50.0,3.615,8.555,32.594,86.875,-2.859,-11.164,-49.438,-90.125,-0.630,4.012,32.739,97.398,1.060,-6.332,-48.469,-100.068,-5.281,3.395,6.906,-4.074,4.551,-3.312,-5.219,4.316,-2.070,7.350,0.949,11.110,2.224,7.488,1.105,11.124,4.328,4.699,32.125,87.562,-1.538,-8.062,-47.375,-90.812
4521.983,100.0,50.0,3.609,8.555,32.594,86.875,-2.871,-11.164,-49.438,-90.125,-0.630,4.012,32.739,97.398,1.060,-6.332,-48.469,-100.068,-5.309,3.422,6.980,-4.043,4.648,-3.174,-5.379,4.398,-2.073,7.350,0.949,11.110,2.217,7.488,1.105,11.123,3.889,4.395,29.938,87.625,-1.164,-7.906,-47.156,-91.062
4522.085,100.0,50.0,3.605,8.547,32.594,86.875,-2.865,-11.156,-49.438,-90.125,-0.630,4.012,32.739,97.398,1.060,-6.332,-48.469,-100.068,-5.293,3.406,6.992,-4.043,4.562,-3.225,-5.359,4.387,-2.076,7.355,0.952,11.111,2.221,7.492,1.108,11.124,4.020,4.504,30.578,87.938,-1.099,-7.996,-46.906,-91.062
4522.187,100.0,50.0,3.611,8.555,32.594,86.875,-2.859,-11.156,-49.438,-90.125,-0.630,4.012,32.739,97.398,1.060,-6.332,-48.469,-100.068,-5.227,3.291,6.926,-4.008,4.664,-3.293,-5.320,4.336,-2.072,7.350,0.949,11.110,2.224,7.492,1.108,11.124,4.305,3.691,30.734,88.062,-1.604,-7.777,-46.906,-90.625
4522.289,100.0,50.0,3.604,8.555,32.594,86.875,-2.869,-11.164,-49.438,-90.125,-0.630,4.012,32.739,97.398,1.060,-6.332,-48.469,-100.068,-5.469,3.406,6.918,-4.090,4.598,-3.172,-5.480,4.297,-2.077,7.350,0.949,11.110,2.218,7.488,1.105,11.123,3.889,4.109,32.438,87.438,-1.099,-7.930,-47.375,-90.812
4522.389,100.0,50.0,3.600,8.547,32.594,86.875,-2.861,-11.164,-49.438,-90.125,-0.630,4.012,32.739,97.398,1.060,-6.332,-48.469,-100.068,-5.391,3.428,6.902,-4.070,4.793,-3.162,-5.387,4.387,-2.079,7.355,0.952,11.111,2.223,7.488,1.105,11.124,3.889,4.590,31.703,87.875,-1.670,-7.953,-46.906,-90.812
4522.491,100.0,50.0,3.604,8.555,32.594,86.875,-2.854,-11.156,-49.438,-90.125,-0.630,4.012,32.739,97.398,1.060,-6.332,-48.469,-100.068,-5.426,3.373,6.988,-4.027,4.562,-3.184,-5.336,4.387,-2.077,7.350,0.949,11.110,2.228,7.492,1.108,11.124,3.910,4.504,32.000,87.750,-1.538,-7.844,-47.156,-91.188
4522.593,100.0,50.0,3.604,8.555,32.594,86.875,-2.859,-11.156,-49.438,-90.125,-0.630,4.012,32.739,97.398,1.060,-6.332,-48.469,-100.068,-5.203,3.357,7.004,-4.105,4.652,-3.330,-5.367,4.328,-2.077,7.350,0.949,11.110,2.224,7.492,1.108,11.124,3.998,4.812,30.578,87.750,-1.296,-7.906,-47.031,-91.062
4522.695,100.0,50.0,3.600,8.555,32.594,86.875,-2.865,-11.156,-49.438,-90.125,-0.630,4.012,32.739,97.398,1.060,-6.332,-48.469,-100.068,-5.301,3.307,7.000,-4.012,4.715,-3.330,-5.477,4.367,-2.079,7.350,0.949,11.110,2.221,7.492,1.108,11.124,3.889,4.395,30.266,87.562,-2.064,-7.996,-46.938,-91.188
4522.795,100.0,50.0,3.609,8.555,32.594,86.875,-2.869,-11.164,-49.438,-90.125,-0.630,4.012,32.739,97.398,1.060,-6.332,-48.469,-100.068,-5.453,3.285,6.938,-4.078,4.738,-3.242,-5.223,4.477,-2.073,7.350,0.949,11.110,2.218,7.488,1.105,11.123,3.998,3.910,29.781,87.188,-1.670,-7.906,-46.938,-91.188
4522.895,100.0,50.0,3.604,8.555,32.594,86.875,-2.871,-11.164,-49.438,-90.125,-0.630,4.012,32.739,97.398,1.060,-6.332,-48.469,-100.068,-5.168,3.340,6.938,-4.070,4.742,-3.277,-5.352,4.309,-2.077,7.350,0.949,11.110,2.217,7.488,1.105,11.123,4.348,3.998,30.422,87.125,-1.472,-7.863,-47.250,-91.375
4522.997,100.0,50.0,3.609,8.555,32.594,86.875,-2.869,-11.156,-49.438,-90.125,-0.630,4.012,32.739,97.398,1.060,-6.332,-48.469,-100.068,-5.324,3.406,7.047,-3.965,4.598,-3.365,-5.344,4.387,-2.073,7.350,0.949,11.110,2.218,7.492,1.108,11.124,4.438,4.109,30.266,87.062,-1.362,-7.863,-47.094,-91.750
4523.097,100.0,50.0,3.604,8.547,32.594,86.875,-2.854,-11.156,-49.438,-90.125,-0.630,4.012,32.739,97.398,1.060,-6.332,-48.469,-100.068,-5.391,3.258,6.992,-4.082,4.508,-3.205,-5.371,4.414,-2.077,7.355,0.952,11.111,2.228,7.492,1.108,11.124,3.977,4.812,29.156,87.312,-1.735,-7.973,-46.906,-91.062
4523.199,100.0,50.0,3.604,8.547,32.594,86.875,-2.871,-11.156,-49.438,-90.125,-0.630,4.012,32.739,97.398,1.060,-6.332,-48.469,-100.068,-5.535,3.428,6.980,-4.055,4.859,-3.285,-5.328,4.449,-2.077,7.355,0.952,11.111,2.217,7.492,1.108,11.124,3.932,3.910,30.422,87.625,-1.735,-8.086,-47.000,-91.062
4523.301,100.0,50.0,3.600,8.555,32.594,86.875,-2.869,-11.156,-49.438,-90.125,-0.630,4.012,32.739,97.398,1.060,-6.332,-48.469,-100.068,-5.207,3.330,6.980,-4.102,4.500,-3.275,-5.277,4.379,-2.079,7.350,0.949,11.110,2.218,7.492,1.108,11.124,4.504,4.395,29.938,87.750,-1.933,-7.973,-47.156,-92.062
4523.401,100.0,50.0,3.609,8.539,32.594,86.875,-2.869,-11.164,-49.438,-90.125,-0.630,4.012,32.739,97.398,1.060,-6.332,-48.469,-100.068,-5.375,3.354,7.012,-4.059,4.672,-3.330,-5.312,4.438,-2.073,7.359,0.955,11.111,2.218,7.488,1.105,11.123,3.953,4.285,30.734,87.188,-1.867,-7.930,-47.188,-91.188
4523.501,100.0,50.0,3.604,8.555,32.594,86.875,-2.861,-11.156,-49.438,-90.125,-0.630,4.012,32.739,97.398,1.060,-6.332,-48.469,-100.068,-5.324,3.342,7.016,-4.059,4.746,-3.275,-5.402,4.402,-2.077,7.350,0.949,11.110,2.223,7.492,1.108,11.124,4.371,4.109,31.062,87.875,-1.670,-7.887,-47.125,-92.062
4523.603,100.0,50.0,3.604,8.555,32.594,86.875,-2.869,-11.156,-49.438,-90.125,-0.630,4.012,32.739,97.398,1.060,-6.332,-48.469,-100.068,-5.430,3.379,7.031,-4.027,4.773,-3.275,-5.316,4.426,-2.077,7.350,0.949,11.110,2.218,7.492,1.108,11.124,4.020,4.898,31.703,87.250,-1.472,-7.887,-46.906,-92.062
4523.705,100.0,50.0,3.604,8.547,32.594,86.875,-2.869,-11.156,-49.438,-90.125,-0.630,4.012,32.739,97.398,1.060,-6.332,-48.469,-100.068,-5.402,3.422,6.945,-4.004,4.766,-3.283,-5.375,4.363,-2.077,7.355,0.952,11.111,2.218,7.492,1.108,11.124,3.953,4.285,31.547,87.562,-1.428,-7.953,-47.156,-90.500
4523.805,100.0,50.0,3.609,8.555,32.594,86.875,-2.865,-11.164,-49.438,-90.125,-0.630,4.012,32.739,97.398,1.060,-6.332,-48.469,-100.068,-5.387,3.240,6.875,-4.078,4.699,-3.207,-5.367,4.219,-2.073,7.350,0.949,11.110,2.221,7.488,1.105,11.124,3.932,4.285,30.578,88.062,-1.472,-7.797,-47.094,-91.500
4523.907,100.0,50.0,3.605,8.555,32.594,86.875,-2.869,-11.156,-49.438,-90.125,-0.630,4.012,32.739,97.398,1.060,-6.332,-48.469,-100.068,-5.371,3.326,7.051,-4.012,4.688,-3.324,-5.215,4.309,-2.076,7.350,0.949,11.110,2.218,7.492,1.108,11.124,4.043,4.590,30.266,87.562,-1.867,-7.777,-46.906,-90.500
4524.009,100.0,50.0,3.609,8.547,32.594,86.875,-2.869,-11.156,-49.438,-90.125,-0.630,4.012,32.739,97.398,1.060,-6.332,-48.469,-100.068,-5.590,3.475,7.008,-4.035,4.641,-3.342,-5.289,4.379,-2.073,7.355,0.952,11.111,2.218,7.492,1.108,11.124,4.285,5.117,31.219,87.438,-1.362,-7.973,-47.031,-90.625
4524.109,100.0,50.0,3.611,8.555,32.594,86.875,-2.871,-11.156,-49.438,-90.125,-0.630,4.012,32.739,97.398,1.060,-6.332,-48.469,-100.068,-5.180,3.465,7.020,-4.012,4.742,-3.311,-5.316,4.406,-2.072,7.350,0.949,11.110,2.217,7.492,1.108,11.124,3.998,3.691,30.094,87.250,-0.966,-8.039,-47.156,-91.938
4524.209,100.0,50.0,3.600,8.547,32.594,86.875,-2.865,-11.156,-49.438,-90.125,-0.630,4.012,32.739,97.398,1.060,-6.332,-48.469,-100.068,-5.336,3.428,6.992,-4.055,4.578,-3.252,-5.309,4.355,-2.079,7.355,0.952,11.111,2.221,7.492,1.108,11.124,3.953,4.285,29.938,88.062,-1.032,-7.645,-47.219,-90.938
4524.311,100.0,50.0,3.604,8.547,32.594,86.875,-2.865,-11.164,-49.438,-90.125,-0.630,4.012,32.739,97.398,1.060,-6.332,-48.469,-100.068,-5.523,3.420,7.059,-3.980,4.617,-3.283,-5.266,4.332,-2.077,7.355,0.952,11.111,2.221,7.488,1.105,11.124,3.889,4.172,32.000,87.312,-1.230,-7.953,-47.188,-91.062
4524.413,100.0,50.0,3.604,8.547,32.594,86.875,-2.865,-11.148,-49.438,-90.125,-0.630,4.012,32.739,97.398,1.060,-6.332,-48.469,-100.068,-5.223,3.354,6.977,-4.086,4.672,-3.383,-5.230,4.375,-2.077,7.355,0.952,11.111,2.221,7.497,1.111,11.124,3.953,4.898,30.578,87.750,-1.802,-7.973,-47.000,-91.188
4524.560,100.0,50.0,3.605,8.547,32.594,86.875,-2.865,-11.156,-49.438,-90.125,-0.630,4.012,32.739,97.398,1.060,-6.332,-48.469,-100.068,-5.270,3.445,7.027,-4.094,4.504,-3.330,-5.379,4.406,-2.076,7.355,0.952,11.111,2.221,7.492,1.108,11.124,3.910,4.285,30.422,87.562,-1.428,-7.996,-47.281,-90.812
4524.660,100.0,50.0,3.604,8.555,32.594,86.875,-2.875,-11.164,-49.438,-90.125,-0.630,4.012,32.739,97.398,1.060,-6.332,-48.469,-100.068,-5.207,3.416,6.984,-4.055,4.637,-3.320,-5.328,4.402,-2.077,7.350,0.949,11.110,2.215,7.488,1.105,11.123,3.889,3.998,30.906,87.875,-1.604,-7.844,-47.156,-91.500
4524.762,100.0,50.0,3.600,8.555,32.594,86.875,-2.869,-11.156,-49.438,-90.125,-0.630,4.012,32.739,97.398,1.060,-6.332,-48.469,-100.068,-5.309,3.326,7.023,-4.090,4.695,-3.307,-5.305,4.332,-2.079,7.350,0.949,11.110,2.218,7.492,1.108,11.124,3.889,4.395,30.422,87.875,-1.099,-7.777,-47.000,-90.812
4524.862,100.0,50.0,3.594,8.539,32.594,86.875,-2.869,-11.164,-49.438,-90.125,-0.630,4.012,32.739,97.398,1.060,-6.332,-48.469,-100.068,-5.262,3.355,7.055,-4.062,4.773,-3.188,-5.301,4.324,-2.083,7.359,0.955,11.111,2.218,7.488,1.105,11.123,3.977,5.008,30.906,87.562,-1.735,-7.953,-47.281,-90.750
4524.962,100.0,50.0,3.600,8.555,32.594,86.875,-2.875,-11.156,-49.438,-90.125,-0.630,4.012,32.739,97.398,1.060,-6.332,-48.469,-100.068,-5.406,3.314,7.027,-4.031,4.461,-3.293,-5.363,4.387,-2.079,7.350,0.949,11.110,2.215,7.492,1.108,11.124,3.910,4.590,29.781,87.750,-2.395,-7.973,-47.062,-91.750
4525.062,100.0,50.0,3.609,8.555,32.594,86.875,-2.861,-11.156,-49.438,-90.125,-0.630,4.012,32.739,97.398,1.060,-6.332,-48.469,-100.068,-5.270,3.352,7.066,-4.098,4.668,-3.207,-5.273,4.461,-2.073,7.350,0.949,11.110,2.223,7.492,1.108,11.124,4.262,4.699,31.703,87.625,-1.735,-8.016,-46.969,-90.938
4525.164,100.0,50.0,3.605,8.547,32.594,86.875,-2.871,-11.164,-49.438,-90.125,-0.630,4.012,32.739,97.398,1.060,-6.332,-48.469,-100.068,-5.277,3.287,6.938,-4.074,4.715,-3.256,-5.293,4.359,-2.076,7.355,0.952,11.111,2.217,7.488,1.105,11.123,3.953,4.395,30.266,87.562,-1.296,-7.777,-47.188,-90.750
4525.264,100.0,50.0,3.609,8.555,32.594,86.875,-2.861,-11.156,-49.438,-90.125,-0.630,4.012,32.739,97.398,1.060,-6.332,-48.469,-100.068,-5.277,3.441,6.926,-4.086,4.645,-3.273,-5.305,4.301,-2.073,7.350,0.949,11.110,2.223,7.492,1.108,11.124,3.889,4.395,29.641,88.375,-2.395,-7.996,-47.125,-90.375
4525.364,100.0,50.0,3.604,8.547,32.594,86.875,-2.861,-11.156,-49.438,-90.125,-0.630,4.012,32.739,97.398,1.060,-6.332,-48.469,-100.068,-5.371,3.361,7.023,-4.074,4.691,-3.318,-5.488,4.371,-2.077,7.355,0.952,11.111,2.223,7.492,1.108,11.124,3.932,4.285,31.547,87.750,-1.472,-7.797,-47.375,-90.750
4525.466,100.0,50.0,3.609,8.555,32.594,86.875,-2.869,-11.156,-49.438,-90.125,-0.630,4.012,32.739,97.398,1.060,-6.332,-48.469,-100.068,-5.215,3.475,6.848,-4.051,4.633,-3.299,-5.270,4.453,-2.073,7.350,0.949,11.110,2.218,7.492,1.108,11.124,3.932,4.699,30.094,87.750,-1.428,-7.820,-47.156,-91.625
4525.568,100.0,50.0,3.605,8.555,32.594,86.875,-2.865,-11.156,-49.438,-90.125,-0.630,4.012,32.739,97.398,1.060,-6.332,-48.469,-100.068,-5.445,3.402,6.941,-4.035,4.609,-3.285,-5.371,4.441,-2.076,7.350,0.949,11.110,2.221,7.492,1.108,11.124,3.998,4.590,31.859,87.625,-1.802,-7.844,-46.906,-91.375
4525.668,100.0,50.0,3.609,8.547,32.594,86.875,-2.871,-11.172,-49.438,-90.125,-0.630,4.012,32.739,97.398,1.060,-6.332,-48.469,-100.068,-5.203,3.404,7.094,-4.027,4.625,-3.371,-5.234,4.371,-2.073,7.355,0.952,11.111,2.217,7.483,1.103,11.123,3.691,5.008,32.000,88.062,-1.999,-7.906,-47.188,-90.250
4525.768,100.0,50.0,3.609,8.555,32.594,86.875,-2.871,-11.156,-49.438,-90.125,-0.630,4.012,32.739,97.398,1.060,-6.332,-48.469,-100.068,-5.090,3.389,7.000,-4.051,4.535,-3.240,-5.242,4.363,-2.073,7.350,0.949,11.110,2.217,7.492,1.108,11.124,3.844,3.186,30.266,88.062,-2.064,-7.820,-47.156,-90.500
4525.870,100.0,50.0,3.600,8.555,32.594,86.875,-2.875,-11.164,-49.438,-90.125,-0.630,4.012,32.739,97.398,1.060,-6.332,-48.469,-100.068,-5.301,3.418,7.062,-3.992,4.734,-3.156,-5.289,4.367,-2.079,7.350,0.949,11.110,2.215,7.488,1.105,11.123,3.932,4.395,31.547,87.875,-1.604,-7.844,-47.188,-91.375
4525.972,100.0,50.0,3.609,8.555,32.594,86.875,-2.871,-11.156,-49.438,-90.125,-0.630,4.012,32.739,97.398,1.060,-6.332,-48.469,-100.068,-5.594,3.289,7.004,-3.988,4.676,-3.172,-5.344,4.348,-2.073,7.350,0.949,11.110,2.217,7.492,1.108,11.124,4.395,4.172,30.906,87.875,-1.867,-8.062,-47.281,-90.750
4526.074,100.0,50.0,3.604,8.555,32.594,86.875,-2.869,-11.164,-49.438,-90.125,-0.630,4.012,32.739,97.398,1.060,-6.332,-48.469,-100.068,-5.414,3.426,6.914,-4.000,4.855,-3.137,-5.332,4.324,-2.077,7.350,0.949,11.110,2.218,7.488,1.105,11.123,3.932,4.812,31.703,88.062,-1.362,-7.996,-47.188,-91.312
4526.176,100.0,50.0,3.605,8.547,32.594,86.875,-2.859,-11.156,-49.438,-90.125,-0.630,4.012,32.739,97.398,1.060,-6.332,-48.469,-100.068,-5.715,3.420,6.922,-4.039,4.820,-3.199,-5.301,4.383,-2.076,7.355,0.952,11.111,2.224,7.492,1.108,11.124,4.547,4.504,30.906,88.125,-1.933,-7.996,-47.188,-91.312
4526.276,100.0,50.0,3.605,8.555,32.594,86.875,-2.869,-11.156,-49.438,-90.125,-0.630,4.012,32.739,97.398,1.060,-6.332,-48.469,-100.068,-5.426,3.480,7.012,-4.051,4.672,-3.336,-5.289,4.316,-2.076,7.350,0.949,11.110,2.218,7.492,1.108,11.124,4.043,4.504,30.578,88.062,-1.735,-7.996,-47.000,-91.750
4526.376,100.0,50.0,3.611,8.547,32.594,86.812,-2.861,-11.156,-49.438,-90.125,-0.630,4.012,32.739,97.398,1.060,-6.332,-48.469,-100.068,-5.586,3.354,7.055,-4.047,4.801,-3.412,-5.293,4.406,-2.071,7.352,0.949,11.108,2.223,7.492,1.108,11.124,4.414,4.504,31.219,87.438,-1.604,-7.973,-47.031,-90.750
4526.476,100.0,50.0,3.609,8.555,32.594,86.875,-2.869,-11.156,-49.438,-90.125,-0.630,4.012,32.739,97.398,1.060,-6.332,-48.469,-100.068,-5.176,3.328,6.973,-4.074,4.625,-3.400,-5.199,4.457,-2.073,7.350,0.949,11.110,2.218,7.492,1.108,11.124,4.547,4.109,31.859,87.750,-1.867,-7.688,-46.781,-91.375
4526.578,100.0,50.0,3.600,8.555,32.594,86.875,-2.859,-11.156,-49.438,-90.125,-0.630,4.012,32.739,97.398,1.060,-6.332,-48.469,-100.068,-5.438,3.465,6.965,-4.043,4.707,-3.184,-5.309,4.363,-2.079,7.350,0.949,11.110,2.224,7.492,1.108,11.124,4.480,3.998,31.547,87.875,-1.472,-7.996,-47.219,-91.188
4526.678,100.0,50.0,3.604,8.555,32.594,86.875,-2.869,-11.164,-49.438,-90.125,-0.630,4.012,32.739,97.398,1.060,-6.332,-48.469,-100.068,-5.520,3.314,6.969,-4.027,4.582,-3.316,-5.438,4.391,-2.077,7.350,0.949,11.110,2.218,7.488,1.105,11.123,3.932,3.998,31.547,87.875,-1.604,-7.844,-47.281,-90.500
4526.780,100.0,50.0,3.609,8.547,32.594,86.875,-2.865,-11.156,-49.438,-90.125,-0.630,4.012,32.739,97.398,1.060,-6.332,-48.469,-100.068,-5.340,3.348,7.000,-4.055,4.539,-3.307,-5.367,4.391,-2.073,7.355,0.952,11.111,2.221,7.492,1.108,11.124,3.998,4.395,31.859,87.312,-1.999,-7.887,-47.188,-91.188
4526.880,100.0,50.0,3.604,8.547,32.594,86.875,-2.854,-11.156,-49.438,-90.125,-0.630,4.012,32.739,97.398,1.060,-6.332,-48.469,-100.068,-5.328,3.408,6.977,-4.027,4.723,-3.443,-5.383,4.445,-2.077,7.355,0.952,11.111,2.228,7.492,1.108,11.124,3.953,4.109,31.219,87.625,-1.362,-7.887,-47.031,-90.938
4526.982,100.0,50.0,3.609,8.547,32.594,86.875,-2.855,-11.164,-49.438,-90.125,-0.630,4.012,32.739,97.398,1.060,-6.332,-48.469,-100.068,-5.289,3.322,6.930,-4.059,4.707,-3.191,-5.273,4.395,-2.073,7.355,0.952,11.111,2.227,7.488,1.106,11.124,3.932,4.172,31.703,88.125,-1.867,-7.887,-46.906,-91.312
4527.082,100.0,50.0,3.609,8.547,32.594,86.875,-2.871,-11.156,-49.438,-90.125,-0.630,4.012,32.739,97.398,1.060,-6.332,-48.469,-100.068,-5.281,3.406,7.105,-4.047,4.484,-3.283,-5.297,4.410,-2.073,7.355,0.952,11.111,2.217,7.492,1.108,11.124,4.285,3.691,30.578,88.250,-0.901,-7.863,-47.156,-91.312
4527.184,100.0,50.0,3.600,8.555,32.594,86.875,-2.865,-11.156,-49.438,-90.125,-0.630,4.012,32.739,97.398,1.060,-6.332,-48.469,-100.068,-5.410,3.387,6.988,-3.996,4.609,-3.301,-5.359,4.371,-2.079,7.350,0.949,11.110,2.221,7.492,1.108,11.124,3.998,3.998,30.094,88.438,-1.670,-7.844,-47.188,-90.375
4527.286,100.0,50.0,3.605,8.555,32.594,86.875,-2.865,-11.164,-49.438,-90.125,-0.630,4.012,32.739,97.398,1.060,-6.332,-48.469,-100.068,-5.457,3.385,6.926,-4.008,4.586,-3.385,-5.305,4.414,-2.076,7.350,0.949,11.110,2.221,7.488,1.105,11.124,3.977,4.395,30.094,88.250,-1.230,-7.953,-47.156,-91.062
4527.386,100.0,50.0,3.604,8.547,32.594,86.875,-2.869,-11.164,-49.438,-90.125,-0.630,4.012,32.739,97.398,1.060,-6.332,-48.469,-100.068,-5.289,3.389,6.875,-4.055,4.652,-3.348,-5.254,4.266,-2.077,7.355,0.952,11.111,2.218,7.488,1.105,11.123,3.998,3.604,31.219,87.938,-1.032,-7.953,-47.062,-90.625
4527.488,100.0,50.0,3.609,8.555,32.594,86.875,-2.869,-11.156,-49.438,-90.125,-0.630,4.012,32.739,97.398,1.060,-6.332,-48.469,-100.068,-5.215,3.439,6.898,-4.094,4.648,-3.268,-5.410,4.301,-2.073,7.350,0.949,11.110,2.218,7.492,1.108,11.124,3.953,4.699,31.859,87.562,-1.428,-7.973,-47.219,-91.188
4527.588,100.0,50.0,3.605,8.555,32.594,86.875,-2.869,-11.164,-49.438,-90.125,-0.630,4.012,32.739,97.398,1.060,-6.332,-48.469,-100.068,-5.348,3.311,6.941,-4.082,4.434,-3.262,-5.102,4.359,-2.076,7.350,0.949,11.110,2.218,7.488,1.105,11.123,3.998,4.504,31.062,87.562,-1.538,-8.109,-46.906,-90.938
4527.688,100.0,50.0,3.605,8.547,32.594,86.875,-2.871,-11.164,-49.438,-90.125,-0.630,4.012,32.739,97.398,1.060,-6.332,-48.469,-100.068,-5.309,3.467,6.953,-4.086,4.598,-3.129,-5.332,4.355,-2.076,7.355,0.952,11.111,2.217,7.488,1.105,11.123,4.020,4.504,29.781,87.562,-2.131,-7.906,-47.156,-90.938
4527.790,100.0,50.0,3.605,8.547,32.594,86.875,-2.871,-11.164,-49.438,-90.125,-0.630,4.012,32.739,97.398,1.060,-6.332,-48.469,-100.068,-5.355,3.404,7.004,-4.117,4.453,-3.268,-5.273,4.348,-2.076,7.355,0.952,11.111,2.217,7.488,1.105,11.123,4.285,3.691,30.578,88.375,-0.835,-7.996,-47.062,-91.062
4527.890,100.0,50.0,3.604,8.555,32.594,86.875,-2.865,-11.164,-49.438,-90.125,-0.630,4.012,32.739,97.398,1.060,-6.332,-48.469,-100.068,-5.332,3.295,7.062,-4.078,4.629,-3.164,-5.461,4.352,-2.077,7.350,0.949,11.110,2.221,7.488,1.105,11.124,4.020,4.109,30.578,88.062,-1.230,-8.016,-47.031,-91.312
4527.990,100.0,50.0,3.615,8.555,32.594,86.875,-2.861,-11.156,-49.438,-90.125,-0.630,4.012,32.739,97.398,1.060,-6.332,-48.469,-100.068,-5.406,3.385,7.051,-4.078,4.461,-3.289,-5.262,4.371,-2.070,7.350,0.949,11.110,2.223,7.492,1.108,11.124,4.348,4.285,31.703,87.625,-1.032,-7.953,-47.062,-90.625
4528.090,100.0,50.0,3.600,8.555,32.594,86.875,-2.871,-11.156,-49.438,-90.125,-0.630,4.012,32.739,97.398,1.060,-6.332,-48.469,-100.068,-5.598,3.418,7.059,-4.055,4.832,-3.256,-5.305,4.340,-2.079,7.350,0.949,11.110,2.217,7.492,1.108,11.124,4.305,4.395,30.734,87.750,-1.296,-7.887,-47.188,-91.375
4528.192,100.0,50.0,3.611,8.555,32.594,86.875,-2.865,-11.156,-49.438,-90.125,-0.630,4.012,32.739,97.398,1.060,-6.332,-48.469,-100.068,-5.379,3.346,6.992,-4.102,4.578,-3.332,-5.277,4.375,-2.072,7.350,0.949,11.110,2.221,7.492,1.108,11.124,3.977,3.998,29.453,88.062,-1.472,-7.973,-46.906,-91.062
4528.294,100.0,50.0,3.605,8.555,32.594,86.875,-2.877,-11.156,-49.438,-90.125,-0.630,4.012,32.739,97.398,1.060,-6.332,-48.469,-100.068,-5.207,3.389,7.059,-4.004,4.527,-3.221,-5.406,4.398,-2.076,7.350,0.949,11.110,2.214,7.492,1.108,11.124,4.305,4.285,30.422,87.875,-1.538,-8.086,-47.062,-91.938
4528.394,100.0,50.0,3.600,8.547,32.594,86.875,-2.865,-11.156,-49.438,-90.125,-0.630,4.012,32.739,97.398,1.060,-6.332,-48.469,-100.068,-5.246,3.465,7.043,-4.023,4.500,-3.332,-5.211,4.312,-2.079,7.355,0.952,11.111,2.221,7.492,1.108,11.124,4.152,4.395,30.578,87.750,-1.472,-7.887,-47.062,-91.312
4528.494,100.0,50.0,3.605,8.555,32.594,86.875,-2.859,-11.156,-49.438,-90.125,-0.630,4.012,32.739,97.398,1.060,-6.332,-48.469,-100.068,-5.281,3.344,6.953,-4.105,4.594,-3.357,-5.270,4.418,-2.076,7.350,0.949,11.110,2.224,7.492,1.108,11.124,3.977,4.395,29.000,87.875,-1.604,-7.844,-47.281,-91.375
4528.596,100.0,50.0,3.600,8.555,32.594,86.875,-2.861,-11.156,-49.438,-90.125,-0.630,4.012,32.739,97.398,1.060,-6.332,-48.469,-100.068,-5.523,3.326,6.906,-4.043,4.625,-3.291,-5.340,4.387,-2.079,7.350,0.949,11.110,2.223,7.492,1.108,11.124,3.977,3.492,31.547,87.562,-2.131,-7.996,-47.062,-90.812
4528.696,100.0,50.0,3.605,8.555,32.594,86.875,-2.871,-11.156,-49.438,-90.125,-0.630,4.012,32.739,97.398,1.060,-6.332,-48.469,-100.068,-5.508,3.375,7.039,-4.043,4.727,-3.229,-5.309,4.277,-2.076,7.350,0.949,11.110,2.217,7.492,1.108,11.124,3.953,4.504,32.000,87.938,-1.230,-7.906,-47.000,-91.188
4528.798,100.0,50.0,3.604,8.555,32.594,86.875,-2.869,-11.156,-49.438,-90.125,-0.630,4.012,32.739,97.398,1.060,-6.332,-48.469,-100.068,-5.402,3.414,6.926,-4.008,4.559,-3.193,-5.258,4.461,-2.077,7.350,0.949,11.110,2.218,7.492,1.108,11.124,4.680,4.285,31.859,87.562,-1.604,-7.777,-47.188,-91.312
4528.898,100.0,50.0,3.605,8.555,32.594,86.875,-2.861,-11.164,-49.438,-90.125,-0.630,4.012,32.739,97.398,1.060,-6.332,-48.469,-100.068,-5.238,3.256,6.977,-4.051,4.617,-3.307,-5.344,4.305,-2.076,7.350,0.949,11.110,2.223,7.488,1.105,11.124,3.932,3.691,29.000,87.938,-1.867,-7.754,-47.219,-90.938
4528.998,100.0,50.0,3.605,8.555,32.594,86.875,-2.861,-11.156,-49.438,-90.125,-0.630,4.012,32.739,97.398,1.060,-6.332,-48.469,-100.068,-5.344,3.416,6.883,-4.012,4.762,-3.230,-5.285,4.445,-2.076,7.350,0.949,11.110,2.223,7.492,1.108,11.124,3.998,4.395,31.219,87.875,-0.769,-7.711,-47.188,-91.062
4529.098,100.0,50.0,3.609,8.555,32.594,86.875,-2.859,-11.164,-49.438,-90.125,-0.630,4.012,32.739,97.398,1.060,-6.332,-48.469,-100.068,-5.398,3.504,7.105,-3.982,4.668,-3.275,-5.312,4.379,-2.073,7.350,0.949,11.110,2.224,7.488,1.105,11.124,3.953,4.285,29.453,87.875,-1.670,-7.797,-47.188,-91.312
4529.200,100.0,50.0,3.615,8.555,32.594,86.875,-2.861,-11.164,-49.438,-90.125,-0.630,4.012,32.739,97.398,1.060,-6.332,-48.469,-100.068,-5.324,3.287,6.973,-4.055,4.594,-3.287,-5.441,4.367,-2.070,7.350,0.949,11.110,2.223,7.488,1.105,11.124,3.977,4.590,31.703,87.438,-1.735,-7.953,-47.000,-90.625
4529.300,100.0,50.0,3.605,8.555,32.594,86.875,-2.875,-11.156,-49.438,-90.125,-0.630,4.012,32.739,97.398,1.060,-6.332,-48.469,-100.068,-5.293,3.400,6.914,-4.062,4.695,-3.289,-5.199,4.355,-2.076,7.350,0.949,11.110,2.215,7.492,1.108,11.124,3.889,4.285,30.734,87.438,-1.538,-8.039,-47.250,-91.375
4529.402,100.0,50.0,3.605,8.555,32.594,86.875,-2.861,-11.156,-49.438,-90.125,-0.630,4.012,32.739,97.398,1.060,-6.332,-48.469,-100.068,-5.406,3.422,6.957,-4.066,4.535,-3.381,-5.316,4.316,-2.076,7.350,0.949,11.110,2.223,7.492,1.108,11.124,3.977,4.699,30.906,88.562,-1.428,-7.953,-47.281,-90.812
4529.502,100.0,50.0,3.609,8.555,32.594,86.875,-2.859,-11.156,-49.438,-90.125,-0.630,4.012,32.739,97.398,1.060,-6.332,-48.469,-100.068,-5.336,3.355,7.121,-4.008,4.652,-3.182,-5.223,4.387,-2.073,7.350,0.949,11.110,2.224,7.492,1.108,11.124,4.020,4.109,31.062,87.438,-1.538,-7.930,-47.156,-91.062
4529.604,100.0,50.0,3.605,8.555,32.594,86.875,-2.871,-11.156,-49.438,-90.125,-0.630,4.012,32.739,97.398,1.060,-6.332,-48.469,-100.068,-5.219,3.359,7.043,-4.043,4.484,-3.230,-5.355,4.301,-2.076,7.350,0.949,11.110,2.217,7.492,1.108,11.124,3.910,4.109,31.547,87.750,-1.538,-7.820,-47.156,-91.312
4529.706,100.0,50.0,3.605,8.555,32.594,86.875,-2.861,-11.156,-49.438,-90.125,-0.630,4.012,32.739,97.398,1.060,-6.332,-48.469,-100.068,-5.387,3.389,7.023,-4.062,4.496,-3.188,-5.434,4.520,-2.076,7.350,0.949,11.110,2.223,7.492,1.108,11.124,3.932,4.699,30.734,87.438,-1.867,-7.930,-47.000,-92.188
4529.806,100.0,50.0,3.605,8.555,32.594,86.812,-2.855,-11.148,-49.438,-90.125,-0.630,4.012,32.739,97.398,1.060,-6.332,-48.469,-100.068,-5.539,3.418,7.133,-4.047,4.500,-3.312,-5.465,4.383,-2.075,7.348,0.946,11.108,2.227,7.497,1.111,11.124,4.020,4.504,30.906,87.875,-1.428,-7.930,-46.906,-90.750
4529.906,100.0,50.0,3.600,8.547,32.594,86.875,-2.865,-11.164,-49.438,-90.125,-0.630,4.012,32.739,97.398,1.060,-6.332,-48.469,-100.068,-5.211,3.391,7.000,-4.008,4.609,-3.281,-5.469,4.484,-2.079,7.355,0.952,11.111,2.221,7.488,1.105,11.124,4.305,4.172,31.547,88.125,-1.670,-7.906,-47.281,-90.625
4530.006,100.0,50.0,3.604,8.555,32.594,86.875,-2.871,-11.164,-49.438,-90.125,-0.630,4.012,32.739,97.398,1.060,-6.332,-48.469,-100.068,-5.328,3.484,6.945,-4.113,4.621,-3.307,-5.207,4.340,-2.077,7.350,0.949,11.110,2.217,7.488,1.105,11.123,4.371,4.172,29.000,87.625,-1.867,-7.930,-47.000,-91.312
4530.106,100.0,50.0,3.600,8.555,32.594,86.875,-2.869,-11.156,-49.438,-90.125,-0.630,4.012,32.739,97.398,1.060,-6.332,-48.469,-100.068,-5.375,3.324,6.984,-4.105,4.645,-3.201,-5.168,4.441,-2.079,7.350,0.949,11.110,2.218,7.492,1.108,11.124,3.932,4.285,29.641,87.625,-1.362,-7.688,-47.094,-91.750
4530.208,100.0,50.0,3.604,8.547,32.594,86.875,-2.871,-11.156,-49.438,-90.125,-0.630,4.012,32.739,97.398,1.060,-6.332,-48.469,-100.068,-5.230,3.463,6.898,-4.062,4.652,-3.225,-5.238,4.418,-2.077,7.355,0.952,11.111,2.217,7.492,1.108,11.124,4.285,3.910,29.781,87.438,-1.802,-7.953,-47.000,-91.188
4530.308,100.0,50.0,3.600,8.547,32.594,86.875,-2.865,-11.156,-49.438,-90.125,-0.630,4.012,32.739,97.398,1.060,-6.332,-48.469,-100.068,-5.207,3.398,6.965,-4.027,4.523,-3.301,-5.410,4.406,-2.079,7.355,0.952,11.111,2.221,7.492,1.108,11.124,4.285,4.812,32.000,88.375,-1.867,-7.863,-47.188,-90.938
4530.408,100.0,50.0,3.615,8.547,32.594,86.875,-2.861,-11.156,-49.438,-90.125,-0.630,4.012,32.739,97.398,1.060,-6.332,-48.469,-100.068,-5.344,3.395,6.953,-4.066,4.418,-3.320,-5.371,4.449,-2.070,7.355,0.952,11.111,2.223,7.492,1.108,11.124,4.438,3.910,30.578,88.250,-2.262,-7.863,-47.156,-91.500
4530.510,100.0,50.0,3.609,8.555,32.594,86.875,-2.861,-11.156,-49.438,-90.125,-0.630,4.012,32.739,97.398,1.060,-6.332,-48.469,-100.068,-5.320,3.422,6.992,-4.121,4.707,-3.316,-5.328,4.379,-2.073,7.350,0.949,11.110,2.223,7.492,1.108,11.124,4.020,4.504,30.094,88.438,-1.296,-7.863,-47.000,-91.188
4530.612,100.0,50.0,3.609,8.562,32.594,86.812,-2.865,-11.164,-49.438,-90.125,-0.630,4.012,32.739,97.398,1.060,-6.332,-48.469,-100.068,-5.320,3.506,7.066,-4.020,4.504,-3.184,-5.352,4.457,-2.072,7.343,0.943,11.108,2.221,7.488,1.105,11.124,3.953,4.812,30.578,87.938,-1.670,-7.996,-47.031,-90.500
4530.712,100.0,50.0,3.605,8.547,32.594,86.875,-2.861,-11.164,-49.438,-90.125,-0.630,4.012,32.739,97.398,1.060,-6.332,-48.469,-100.068,-5.469,3.480,6.922,-4.035,4.555,-3.338,-5.289,4.277,-2.076,7.355,0.952,11.111,2.223,7.488,1.105,11.124,3.932,3.691,30.906,87.750,-1.604,-7.863,-47.156,-91.062
4530.814,100.0,50.0,3.605,8.555,32.594,86.875,-2.869,-11.164,-49.438,-90.125,-0.630,4.012,32.739,97.398,1.060,-6.332,-48.469,-100.068,-5.441,3.418,6.938,-3.982,4.805,-3.336,-5.270,4.438,-2.076,7.350,0.949,11.110,2.218,7.488,1.105,11.123,4.043,4.504,31.547,87.750,-1.362,-7.906,-46.969,-90.062
4530.914,100.0,50.0,3.605,8.555,32.594,86.875,-2.871,-11.164,-49.438,-90.125,-0.630,4.012,32.739,97.398,1.060,-6.332,-48.469,-100.068,-5.418,3.359,7.035,-4.055,4.723,-3.273,-5.309,4.391,-2.076,7.350,0.949,11.110,2.217,7.488,1.105,11.123,3.932,4.504,30.906,87.062,-2.131,-7.887,-47.062,-91.062
4531.016,100.0,50.0,3.605,8.547,32.594,86.875,-2.865,-11.164,-49.438,-90.125,-0.630,4.012,32.739,97.398,1.060,-6.332,-48.469,-100.068,-5.215,3.459,6.992,-4.047,4.594,-3.201,-5.449,4.273,-2.076,7.355,0.952,11.111,2.221,7.488,1.105,11.124,3.910,4.395,30.734,87.750,-1.472,-7.953,-47.000,-91.188
4531.118,100.0,50.0,3.611,8.547,32.594,86.875,-2.861,-11.164,-49.438,-90.125,-0.630,4.012,32.739,97.398,1.060,-6.332,-48.469,-100.068,-5.219,3.400,6.973,-4.066,4.676,-3.236,-5.281,4.301,-2.072,7.355,0.952,11.111,2.223,7.488,1.105,11.124,3.977,3.910,31.703,87.750,-1.032,-7.863,-47.156,-91.375
4531.218,100.0,50.0,3.611,8.555,32.594,86.875,-2.871,-11.148,-49.438,-90.125,-0.630,4.012,32.739,97.398,1.060,-6.332,-48.469,-100.068,-5.535,3.396,6.957,-4.070,4.730,-3.424,-5.375,4.305,-2.072,7.350,0.949,11.110,2.217,7.497,1.111,11.124,3.932,4.699,31.859,87.625,-2.064,-7.863,-47.000,-90.938
4531.320,100.0,50.0,3.604,8.547,32.594,86.875,-2.869,-11.156,-49.438,-90.125,-0.630,4.012,32.739,97.398,1.060,-6.332,-48.469,-100.068,-5.312,3.314,7.086,-3.992,4.648,-3.254,-5.410,4.352,-2.077,7.355,0.952,11.111,2.218,7.492,1.108,11.124,4.723,3.492,30.578,87.125,-1.296,-7.887,-47.250,-90.812
4531.420,100.0,50.0,3.596,8.555,32.594,86.875,-2.871,-11.164,-49.438,-90.125,-0.630,4.012,32.739,97.398,1.060,-6.332,-48.469,-100.068,-5.148,3.410,6.957,-4.090,4.527,-3.266,-5.223,4.281,-2.082,7.351,0.949,11.111,2.217,7.488,1.105,11.123,3.932,4.285,31.703,88.688,-1.538,-7.844,-47.312,-91.375
4531.522,100.0,50.0,3.605,8.555,32.594,86.875,-2.865,-11.164,-49.438,-90.125,-0.630,4.012,32.739,97.398,1.060,-6.332,-48.469,-100.068,-5.297,3.514,7.141,-4.090,4.691,-3.301,-5.430,4.320,-2.076,7.350,0.949,11.110,2.221,7.488,1.105,11.124,3.910,4.590,29.938,87.438,-1.230,-7.953,-47.125,-91.375
4531.624,100.0,50.0,3.611,8.547,32.594,86.875,-2.865,-11.156,-49.438,-90.125,-0.630,4.012,32.739,97.398,1.060,-6.332,-48.469,-100.068,-5.406,3.404,7.020,-4.039,4.637,-3.287,-5.234,4.398,-2.072,7.355,0.952,11.111,2.221,7.492,1.108,11.124,3.910,4.285,30.422,87.438,-1.538,-8.039,-46.969,-91.500
4531.726,100.0,50.0,3.605,8.555,32.594,86.875,-2.859,-11.164,-49.438,-90.125,-0.630,4.012,32.739,97.398,1.060,-6.332,-48.469,-100.068,-5.297,3.389,7.090,-4.066,4.441,-3.326,-5.270,4.320,-2.076,7.350,0.949,11.110,2.224,7.488,1.105,11.124,4.371,3.801,30.906,88.062,-1.538,-7.797,-47.250,-91.375
4531.826,100.0,50.0,3.609,8.547,32.594,86.875,-2.869,-11.164,-49.438,-90.125,-0.630,4.012,32.739,97.398,1.060,-6.332,-48.469,-100.068,-5.359,3.324,7.023,-4.031,4.703,-3.254,-5.297,4.469,-2.073,7.355,0.952,11.111,2.218,7.488,1.105,11.123,3.998,4.172,30.906,88.062,-1.362,-7.906,-47.000,-91.062
4531.926,100.0,50.0,3.604,8.547,32.594,86.875,-2.859,-11.156,-49.438,-90.125,-0.630,4.012,32.739,97.398,1.060,-6.332,-48.469,-100.068,-5.527,3.414,6.898,-4.012,4.617,-3.467,-5.320,4.348,-2.077,7.355,0.952,11.111,2.224,7.492,1.108,11.124,3.889,3.604,30.094,88.125,-1.867,-7.906,-46.969,-91.375
4532.026,100.0,50.0,3.609,8.555,32.594,86.875,-2.869,-11.156,-49.438,-90.125,-0.630,4.012,32.739,97.398,1.060,-6.332,-48.469,-100.068,-5.410,3.359,6.969,-4.039,4.551,-3.283,-5.312,4.336,-2.073,7.350,0.949,11.110,2.218,7.492,1.108,11.124,3.756,4.812,29.297,87.938,-1.933,-7.887,-46.969,-91.312
4532.128,100.0,50.0,3.611,8.555,32.594,86.875,-2.869,-11.164,-49.438,-90.125,-0.630,4.012,32.739,97.398,1.060,-6.332,-48.469,-100.068,-5.211,3.453,6.996,-4.016,4.582,-3.264,-5.242,4.402,-2.072,7.350,0.949,11.110,2.218,7.488,1.105,11.123,3.910,3.998,31.547,88.375,-1.802,-8.391,-47.219,-90.812
4532.228,100.0,50.0,3.604,8.555,32.594,86.875,-2.869,-11.164,-49.438,-90.125,-0.630,4.012,32.739,97.398,1.060,-6.332,-48.469,-100.068,-5.367,3.486,6.953,-4.031,4.594,-3.293,-5.297,4.414,-2.077,7.350,0.949,11.110,2.218,7.488,1.105,11.123,3.932,3.998,31.062,87.875,-1.428,-7.777,-47.219,-91.188
4532.330,100.0,50.0,3.609,8.562,32.594,86.875,-2.865,-11.164,-49.438,-90.125,-0.630,4.012,32.739,97.398,1.060,-6.332,-48.469,-100.068,-5.402,3.357,6.973,-4.043,4.566,-3.178,-5.305,4.402,-2.073,7.346,0.946,11.110,2.221,7.488,1.105,11.124,3.932,3.604,29.781,87.062,-1.999,-8.062,-47.219,-90.812
4532.430,100.0,50.0,3.609,8.555,32.594,86.875,-2.865,-11.164,-49.438,-90.125,-0.630,4.012,32.739,97.398,1.060,-6.332,-48.469,-100.068,-5.289,3.400,6.930,-4.051,4.484,-3.188,-5.336,4.379,-2.073,7.350,0.949,11.110,2.221,7.488,1.105,11.124,3.691,4.395,30.266,88.438,-1.296,-7.930,-47.062,-91.375
4532.530,100.0,50.0,3.609,8.547,32.594,86.875,-2.877,-11.156,-49.438,-90.125,-0.630,4.012,32.739,97.398,1.060,-6.332,-48.469,-100.068,-5.227,3.367,6.965,-4.109,4.668,-3.354,-5.418,4.332,-2.073,7.355,0.952,11.111,2.214,7.492,1.108,11.124,4.285,3.998,29.156,87.938,-2.064,-7.906,-47.188,-91.188
4532.632,100.0,50.0,3.609,8.555,32.594,86.875,-2.865,-11.156,-49.438,-90.125,-0.630,4.012,32.739,97.398,1.060,-6.332,-48.469,-100.068,-5.512,3.424,6.992,-4.016,4.453,-3.221,-5.359,4.402,-2.073,7.350,0.949,11.110,2.221,7.492,1.108,11.124,4.438,4.172,29.938,88.125,-1.472,-7.777,-47.156,-91.500
4532.732,100.0,50.0,3.619,8.555,32.594,86.875,-2.871,-11.156,-49.438,-90.125,-0.630,4.012,32.739,97.398,1.060,-6.332,-48.469,-100.068,-5.379,3.455,6.996,-4.055,4.570,-3.195,-5.285,4.367,-2.067,7.350,0.949,11.110,2.217,7.492,1.108,11.124,4.965,4.504,30.906,87.625,-1.362,-7.863,-47.062,-91.312
4532.834,100.0,50.0,3.604,8.555,32.594,86.875,-2.871,-11.156,-49.438,-90.125,-0.630,4.012,32.739,97.398,1.060,-6.332,-48.469,-100.068,-5.246,3.492,7.098,-4.062,4.617,-3.289,-5.336,4.367,-2.077,7.350,0.949,11.110,2.217,7.492,1.108,11.124,3.713,4.109,31.703,88.062,-1.428,-7.688,-47.188,-90.375
4532.934,100.0,50.0,3.604,8.555,32.594,86.875,-2.869,-11.156,-49.438,-90.125,-0.630,4.012,32.739,97.398,1.060,-6.332,-48.469,-100.068,-5.316,3.500,7.074,-4.000,4.602,-3.244,-5.441,4.301,-2.077,7.350,0.949,11.110,2.218,7.492,1.108,11.124,3.910,4.699,30.906,88.250,-0.769,-7.887,-47.125,-91.375
4533.034,100.0,50.0,3.605,8.555,32.594,86.875,-2.869,-11.164,-49.438,-90.125,-0.630,4.012,32.739,97.398,1.060,-6.332,-48.469,-100.068,-5.430,3.439,6.973,-4.066,4.648,-3.295,-5.230,4.328,-2.076,7.350,0.949,11.110,2.218,7.488,1.105,11.123,3.910,4.172,32.125,86.938,-2.197,-7.930,-47.219,-91.312
4533.136,100.0,50.0,3.611,8.547,32.594,86.875,-2.875,-11.156,-49.438,-90.125,-0.630,4.012,32.739,97.398,1.060,-6.332,-48.469,-100.068,-5.496,3.471,7.043,-4.027,4.660,-3.283,-5.320,4.270,-2.072,7.355,0.952,11.111,2.215,7.492,1.108,11.124,3.998,3.998,31.547,87.438,-1.164,-7.887,-47.062,-91.500
4533.238,100.0,50.0,3.615,8.555,32.594,86.875,-2.855,-11.164,-49.438,-90.125,-0.630,4.012,32.739,97.398,1.060,-6.332,-48.469,-100.068,-5.293,3.410,6.988,-4.012,4.734,-3.320,-5.375,4.410,-2.070,7.350,0.949,11.110,2.227,7.488,1.106,11.124,3.953,3.383,29.938,87.562,-1.362,-7.887,-47.281,-91.062
4533.338,100.0,50.0,3.609,8.555,32.594,86.875,-2.871,-11.156,-49.438,-90.125,-0.630,4.012,32.739,97.398,1.060,-6.332,-48.469,-100.068,-5.398,3.318,6.934,-4.121,4.465,-3.387,-5.375,4.375,-2.073,7.350,0.949,11.110,2.217,7.492,1.108,11.124,3.953,4.395,30.266,87.312,-1.362,-7.996,-47.000,-91.062
4533.440,100.0,50.0,3.609,8.555,32.594,86.875,-2.861,-11.156,-49.438,-90.125,-0.630,4.012,32.739,97.398,1.060,-6.332,-48.469,-100.068,-5.496,3.285,7.074,-4.012,4.543,-3.240,-5.367,4.348,-2.073,7.350,0.949,11.110,2.223,7.492,1.108,11.124,4.043,3.492,31.547,86.938,-1.670,-7.863,-47.156,-91.750
4533.540,100.0,50.0,3.609,8.547,32.594,86.875,-2.869,-11.156,-49.438,-90.125,-0.630,4.012,32.739,97.398,1.060,-6.332,-48.469,-100.068,-5.258,3.338,6.961,-4.008,4.648,-3.318,-5.293,4.375,-2.073,7.355,0.952,11.111,2.218,7.492,1.108,11.124,4.438,3.998,31.062,87.750,-1.735,-8.039,-47.094,-91.188
4533.642,100.0,50.0,3.611,8.555,32.594,86.875,-2.869,-11.164,-49.438,-90.125,-0.630,4.012,32.739,97.398,1.060,-6.332,-48.469,-100.068,-5.238,3.467,6.977,-4.098,4.605,-3.158,-5.301,4.328,-2.072,7.350,0.949,11.110,2.218,7.488,1.105,11.123,3.932,4.590,32.000,88.375,-1.933,-7.906,-47.125,-90.500
4533.742,100.0,50.0,3.611,8.555,32.594,86.875,-2.865,-11.156,-49.438,-90.125,-0.630,4.012,32.739,97.398,1.060,-6.332,-48.469,-100.068,-5.332,3.359,6.977,-4.043,4.680,-3.229,-5.293,4.367,-2.072,7.350,0.949,11.110,2.221,7.492,1.108,11.124,4.109,4.590,30.906,87.625,-1.538,-7.863,-47.156,-90.625
4533.844,100.0,50.0,3.604,8.547,32.594,86.875,-2.855,-11.156,-49.438,-90.125,-0.630,4.012,32.739,97.398,1.060,-6.332,-48.469,-100.068,-5.160,3.463,7.004,-4.043,4.566,-3.316,-5.262,4.426,-2.077,7.355,0.952,11.111,2.227,7.492,1.108,11.124,4.043,5.117,30.578,88.375,-1.099,-8.086,-47.062,-90.938
4533.946,100.0,50.0,3.609,8.555,32.594,86.875,-2.875,-11.156,-49.438,-90.125,-0.630,4.012,32.739,97.398,1.060,-6.332,-48.469,-100.068,-5.316,3.236,7.043,-4.078,4.660,-3.293,-5.430,4.344,-2.073,7.350,0.949,11.110,2.215,7.492,1.108,11.124,3.910,4.699,32.000,87.438,-1.670,-7.777,-47.219,-90.750
4534.046,100.0,50.0,3.605,8.555,32.594,86.875,-2.861,-11.156,-49.438,-90.125,-0.630,4.012,32.739,97.398,1.060,-6.332,-48.469,-100.068,-5.352,3.309,6.883,-4.012,4.398,-3.400,-5.445,4.391,-2.076,7.350,0.949,11.110,2.223,7.492,1.108,11.124,3.977,3.910,30.422,87.125,-1.428,-8.438,-47.062,-90.500
4534.148,100.0,50.0,3.609,8.562,32.594,86.875,-2.861,-11.156,-49.438,-90.125,-0.630,4.012,32.739,97.398,1.060,-6.332,-48.469,-100.068,-5.344,3.348,6.996,-4.020,4.617,-3.279,-5.406,4.406,-2.073,7.346,0.946,11.110,2.223,7.492,1.108,11.124,3.977,4.504,30.422,87.938,-1.538,-7.906,-47.031,-90.750
4534.248,100.0,50.0,3.600,8.555,32.594,86.875,-2.861,-11.156,-49.438,-90.125,-0.630,4.012,32.739,97.398,1.060,-6.332,-48.469,-100.068,-5.238,3.328,6.930,-4.043,4.656,-3.268,-5.191,4.445,-2.079,7.350,0.949,11.110,2.223,7.492,1.108,11.124,3.889,4.285,31.219,87.875,-1.670,-7.844,-46.906,-91.062
4534.350,100.0,50.0,3.611,8.547,32.594,86.875,-2.861,-11.156,-49.438,-90.125,-0.630,4.012,32.739,97.398,1.060,-6.332,-48.469,-100.068,-5.332,3.303,6.816,-4.000,4.477,-3.191,-5.410,4.398,-2.072,7.355,0.952,11.111,2.223,7.492,1.108,11.124,3.910,4.172,31.859,87.875,-1.670,-7.863,-47.094,-91.625
4534.452,100.0,50.0,3.604,8.547,32.594,86.875,-2.865,-11.156,-49.438,-90.125,-0.630,4.012,32.739,97.398,1.060,-6.332,-48.469,-100.068,-5.262,3.311,6.965,-3.990,4.605,-3.303,-5.238,4.438,-2.077,7.355,0.952,11.111,2.221,7.492,1.108,11.124,3.998,4.109,31.062,87.938,-1.867,-8.109,-47.031,-91.312
4534.552,100.0,50.0,3.615,8.547,32.594,86.875,-2.861,-11.164,-49.438,-90.125,-0.630,4.012,32.739,97.398,1.060,-6.332,-48.469,-100.068,-5.418,3.400,7.043,-4.039,4.684,-3.307,-5.305,4.414,-2.070,7.355,0.952,11.111,2.223,7.488,1.105,11.124,3.998,5.117,31.703,87.875,-1.428,-7.906,-47.000,-91.375
4534.654,100.0,50.0,3.605,8.539,32.594,86.875,-2.865,-11.156,-49.438,-90.125,-0.630,4.012,32.739,97.398,1.060,-6.332,-48.469,-100.068,-5.215,3.416,6.902,-4.020,4.535,-3.285,-5.301,4.453,-2.076,7.359,0.955,11.111,2.221,7.492,1.108,11.124,3.910,3.492,30.094,87.938,-1.472,-7.973,-47.250,-91.062
4534.754,100.0,50.0,3.604,8.555,32.594,86.875,-2.859,-11.148,-49.438,-90.125,-0.630,4.012,32.739,97.398,1.060,-6.332,-48.469,-100.068,-5.328,3.391,7.020,-3.953,4.488,-3.307,-5.211,4.406,-2.077,7.350,0.949,11.110,2.224,7.497,1.111,11.124,3.953,4.812,29.938,87.750,-1.472,-7.887,-47.281,-91.062
4534.854,100.0,50.0,3.605,8.555,32.594,86.875,-2.869,-11.164,-49.438,-90.125,-0.630,4.012,32.739,97.398,1.060,-6.332,-48.469,-100.068,-5.230,3.326,7.004,-4.066,4.504,-3.311,-5.332,4.398,-2.076,7.350,0.949,11.110,2.218,7.488,1.105,11.123,4.020,4.285,30.906,86.625,-1.296,-7.844,-47.031,-90.938
4534.956,100.0,50.0,3.604,8.555,32.594,86.875,-2.865,-11.156,-49.438,-90.125,-0.630,4.012,32.739,97.398,1.060,-6.332,-48.469,-100.068,-5.230,3.342,7.043,-4.051,4.559,-3.207,-5.336,4.207,-2.077,7.350,0.949,11.110,2.221,7.492,1.108,11.124,4.262,4.590,31.062,87.438,-1.230,-7.863,-47.000,-90.812
4535.058,100.0,50.0,3.604,8.547,32.594,86.875,-2.869,-11.156,-49.438,-90.125,-0.630,4.012,32.739,97.398,1.060,-6.332,-48.469,-100.068,-5.270,3.285,7.027,-4.055,4.496,-3.285,-5.305,4.484,-2.077,7.355,0.952,11.111,2.218,7.492,1.108,11.124,3.932,4.699,29.938,87.875,-0.901,-7.953,-46.938,-91.625
4535.160,100.0,50.0,3.605,8.547,32.594,86.875,-2.861,-11.164,-49.438,-90.125,-0.630,4.012,32.739,97.398,1.060,-6.332,-48.469,-100.068,-5.434,3.361,6.953,-3.943,4.574,-3.297,-5.309,4.348,-2.076,7.355,0.952,11.111,2.223,7.488,1.105,11.124,4.680,4.504,29.781,87.188,-1.296,-7.953,-47.156,-90.938
4535.262,100.0,50.0,3.604,8.547,32.594,86.875,-2.865,-11.156,-49.438,-90.125,-0.630,4.012,32.739,97.398,1.060,-6.332,-48.469,-100.068,-5.441,3.340,6.918,-4.074,4.887,-3.189,-5.301,4.414,-2.077,7.355,0.952,11.111,2.221,7.492,1.108,11.124,4.305,3.910,30.906,87.750,-1.735,-7.996,-47.375,-90.938
4535.364,100.0,50.0,3.604,8.555,32.594,86.875,-2.871,-11.164,-49.469,-90.125,-0.630,4.012,32.739,97.398,1.060,-6.332,-48.469,-100.068,-5.230,3.344,6.992,-4.090,4.750,-3.318,-5.324,4.379,-2.077,7.350,0.949,11.110,2.217,7.494,1.112,11.123,3.998,4.395,29.938,87.438,-1.604,-7.953,-47.250,-91.188
4535.464,100.0,50.0,3.604,8.547,32.594,86.875,-2.861,-11.156,-49.438,-90.125,-0.630,4.012,32.739,97.398,1.060,-6.332,-48.469,-100.068,-5.172,3.324,7.004,-4.074,4.637,-3.225,-5.285,4.348,-2.077,7.355,0.952,11.111,2.223,7.492,1.108,11.124,4.285,4.590,30.906,87.750,-1.802,-7.797,-47.000,-91.938
4535.566,100.0,50.0,3.605,8.547,32.594,86.875,-2.859,-11.156,-49.438,-90.125,-0.630,4.012,32.739,97.398,1.060,-6.332,-48.469,-100.068,-5.215,3.490,7.152,-4.043,4.961,-3.336,-5.375,4.426,-2.076,7.355,0.952,11.111,2.224,7.492,1.108,11.124,4.812,4.504,30.906,87.250,-1.735,-7.930,-46.906,-90.938
4535.666,100.0,50.0,3.600,8.555,32.594,86.875,-2.861,-11.156,-49.438,-90.125,-0.630,4.012,32.739,97.398,1.060,-6.332,-48.469,-100.068,-5.395,3.350,6.906,-4.098,4.387,-3.285,-5.410,4.352,-2.079,7.350,0.949,11.110,2.223,7.492,1.108,11.124,4.219,4.172,30.266,87.625,-1.604,-7.820,-46.938,-90.750
4535.768,100.0,50.0,3.600,8.555,32.594,86.875,-2.871,-11.156,-49.438,-90.125,-0.630,4.012,32.739,97.398,1.060,-6.332,-48.469,-100.068,-5.203,3.393,6.891,-3.947,4.809,-3.268,-5.301,4.480,-2.079,7.350,0.949,11.110,2.217,7.492,1.108,11.124,3.910,4.812,32.000,87.438,-2.131,-7.930,-47.188,-91.375
4535.868,100.0,50.0,3.609,8.555,32.594,86.875,-2.865,-11.156,-49.438,-90.125,-0.630,4.012,32.739,97.398,1.060,-6.332,-48.469,-100.068,-5.371,3.293,7.016,-4.074,4.617,-3.301,-5.258,4.426,-2.073,7.350,0.949,11.110,2.221,7.492,1.108,11.124,3.953,4.590,30.266,87.562,-1.538,-7.777,-47.062,-89.938
4535.968,100.0,50.0,3.609,8.555,32.594,86.812,-2.869,-11.156,-49.438,-90.125,-0.630,4.012,32.739,97.398,1.060,-6.332,-48.469,-100.068,-5.363,3.520,6.957,-4.070,4.676,-3.305,-5.266,4.480,-2.072,7.348,0.946,11.108,2.218,7.492,1.108,11.124,3.932,3.801,31.859,87.438,-1.472,-7.906,-47.062,-90.625
4536.068,100.0,50.0,3.604,8.562,32.594,86.875,-2.865,-11.164,-49.438,-90.125,-0.630,4.012,32.739,97.398,1.060,-6.332,-48.469,-100.068,-5.246,3.295,6.918,-4.070,4.727,-3.355,-5.383,4.391,-2.077,7.346,0.946,11.110,2.221,7.488,1.105,11.124,4.480,4.395,31.859,87.438,-1.802,-7.820,-47.219,-91.312
4536.170,100.0,50.0,3.609,8.547,32.594,86.875,-2.869,-11.156,-49.438,-90.125,-0.630,4.012,32.739,97.398,1.060,-6.332,-48.469,-100.068,-5.258,3.449,6.969,-4.074,4.641,-3.252,-5.211,4.359,-2.073,7.355,0.952,11.111,2.218,7.492,1.108,11.124,3.910,3.801,31.062,88.375,-2.328,-7.953,-47.156,-91.188
4536.270,100.0,50.0,3.605,8.547,32.594,86.875,-2.861,-11.156,-49.438,-90.125,-0.630,4.012,32.739,97.398,1.060,-6.332,-48.469,-100.068,-5.422,3.318,6.922,-4.051,4.758,-3.383,-5.355,4.344,-2.076,7.355,0.952,11.111,2.223,7.492,1.108,11.124,4.152,3.801,30.578,87.250,-1.604,-7.820,-47.250,-91.188
4536.372,100.0,50.0,3.600,8.547,32.594,86.875,-2.869,-11.156,-49.438,-90.125,-0.630,4.012,32.739,97.398,1.060,-6.332,-48.469,-100.068,-5.207,3.305,6.863,-4.070,4.535,-3.227,-5.238,4.305,-2.079,7.355,0.952,11.111,2.218,7.492,1.108,11.124,4.965,4.590,29.641,87.750,-1.670,-7.844,-47.000,-91.062
4536.472,100.0,50.0,3.600,8.555,32.594,86.875,-2.865,-11.156,-49.438,-90.125,-0.630,4.012,32.739,97.398,1.060,-6.332,-48.469,-100.068,-5.258,3.457,7.055,-4.074,4.676,-3.250,-5.246,4.309,-2.079,7.350,0.949,11.110,2.221,7.492,1.108,11.124,3.910,4.109,30.578,87.938,-1.933,-7.863,-47.156,-91.500
4536.574,100.0,50.0,3.605,8.555,32.594,86.875,-2.871,-11.156,-49.438,-90.125,-0.630,4.012,32.739,97.398,1.060,-6.332,-48.469,-100.068,-5.344,3.357,7.012,-4.043,4.750,-3.348,-5.391,4.398,-2.076,7.350,0.949,11.110,2.217,7.492,1.108,11.124,3.889,4.812,30.422,87.938,-1.604,-7.844,-47.281,-91.750
4536.676,100.0,50.0,3.604,8.547,32.594,86.875,-2.861,-11.156,-49.438,-90.125,-0.630,4.012,32.739,97.398,1.060,-6.332,-48.469,-100.068,-5.410,3.359,7.031,-4.062,4.520,-3.361,-5.359,4.398,-2.077,7.355,0.952,11.111,2.223,7.492,1.108,11.124,3.932,4.109,32.000,87.312,-1.604,-7.820,-47.000,-91.062
4536.776,100.0,50.0,3.605,8.555,32.594,86.875,-2.859,-11.156,-49.438,-90.125,-0.630,4.012,32.739,97.398,1.060,-6.332,-48.469,-100.068,-5.340,3.381,6.984,-4.059,4.574,-3.285,-5.254,4.422,-2.076,7.350,0.949,11.110,2.224,7.492,1.108,11.124,4.395,4.285,30.094,87.312,-1.867,-8.039,-47.156,-91.750
4536.876,100.0,50.0,3.605,8.547,32.594,86.875,-2.871,-11.164,-49.438,-90.125,-0.630,4.012,32.739,97.398,1.060,-6.332,-48.469,-100.068,-5.324,3.504,7.078,-4.066,4.410,-3.141,-5.352,4.391,-2.076,7.355,0.952,11.111,2.217,7.488,1.105,11.123,3.910,4.172,31.062,87.875,-1.472,-7.973,-47.219,-90.938
4536.978,100.0,50.0,3.604,8.547,32.594,86.875,-2.861,-11.156,-49.438,-90.125,-0.630,4.012,32.739,97.398,1.060,-6.332,-48.469,-100.068,-5.410,3.381,6.977,-4.066,4.602,-3.189,-5.254,4.375,-2.077,7.355,0.952,11.111,2.223,7.492,1.108,11.124,3.953,4.172,29.781,87.750,-1.538,-7.777,-47.062,-91.375
4537.080,100.0,50.0,3.605,8.555,32.594,86.875,-2.865,-11.164,-49.438,-90.125,-0.630,4.012,32.739,97.398,1.060,-6.332,-48.469,-100.068,-5.246,3.398,7.008,-3.982,4.547,-3.287,-5.301,4.383,-2.076,7.350,0.949,11.110,2.221,7.488,1.105,11.124,3.953,4.109,30.906,87.438,-1.670,-7.797,-47.000,-91.625
4537.180,100.0,50.0,3.605,8.555,32.594,86.875,-2.871,-11.164,-49.438,-90.125,-0.630,4.012,32.739,97.398,1.060,-6.332,-48.469,-100.068,-5.438,3.340,6.852,-4.070,4.637,-3.260,-5.305,4.406,-2.076,7.350,0.949,11.110,2.217,7.488,1.105,11.123,4.637,3.910,30.422,88.125,-1.999,-8.016,-46.906,-90.750
4537.282,100.0,50.0,3.619,8.547,32.594,86.875,-2.871,-11.164,-49.438,-90.125,-0.630,4.012,32.739,97.398,1.060,-6.332,-48.469,-100.068,-5.324,3.486,7.035,-4.066,4.789,-3.369,-5.324,4.461,-2.067,7.355,0.952,11.111,2.217,7.488,1.105,11.123,4.348,4.109,30.906,87.875,-1.670,-7.996,-47.156,-90.375
4537.384,100.0,50.0,3.604,8.547,32.594,86.875,-2.869,-11.156,-49.438,-90.125,-0.630,4.012,32.739,97.398,1.060,-6.332,-48.469,-100.068,-5.324,3.334,7.066,-4.027,4.621,-3.203,-5.414,4.426,-2.077,7.355,0.952,11.111,2.218,7.492,1.108,11.124,4.395,3.998,30.094,87.438,-1.670,-7.953,-47.312,-91.062
4537.484,100.0,50.0,3.609,8.555,32.594,86.875,-2.865,-11.156,-49.438,-90.125,-0.630,4.012,32.739,97.398,1.060,-6.332,-48.469,-100.068,-5.473,3.289,7.074,-4.059,4.574,-3.221,-5.316,4.375,-2.073,7.350,0.949,11.110,2.221,7.492,1.108,11.124,4.746,4.395,30.422,87.875,-1.428,-7.930,-47.219,-91.188
4537.688,100.0,50.0,3.611,8.547,32.594,86.875,-2.871,-11.172,-49.438,-90.125,-0.630,4.012,32.739,97.398,1.060,-6.332,-48.469,-100.068,-5.379,3.453,7.023,-4.023,4.613,-3.396,-5.348,4.285,-2.072,7.355,0.952,11.111,2.217,7.483,1.103,11.123,3.910,4.504,30.578,88.125,-1.428,-7.953,-47.312,-91.188
4537.788,100.0,50.0,3.605,8.555,32.594,86.875,-2.861,-11.156,-49.438,-90.125,-0.630,4.012,32.739,97.398,1.060,-6.332,-48.469,-100.068,-5.125,3.350,7.082,-4.086,4.777,-3.303,-5.203,4.309,-2.076,7.350,0.949,11.110,2.223,7.492,1.108,11.124,3.998,4.504,29.297,87.750,-1.735,-7.797,-47.344,-90.750
4537.888,100.0,50.0,3.609,8.555,32.594,86.875,-2.865,-11.156,-49.438,-90.125,-0.630,4.012,32.739,97.398,1.060,-6.332,-48.469,-100.068,-5.293,3.447,6.871,-4.012,4.715,-3.299,-5.227,4.305,-2.073,7.350,0.949,11.110,2.221,7.492,1.108,11.124,4.262,3.998,30.094,88.250,-1.472,-7.887,-47.156,-90.938
4537.990,100.0,50.0,3.605,8.555,32.594,86.875,-2.871,-11.156,-49.438,-90.125,-0.630,4.012,32.739,97.398,1.060,-6.332,-48.469,-100.068,-5.145,3.270,7.031,-4.039,4.832,-3.256,-5.188,4.391,-2.076,7.350,0.949,11.110,2.217,7.492,1.108,11.124,4.523,3.910,30.422,87.438,-1.538,-7.820,-47.031,-90.750
4538.092,100.0,50.0,3.596,8.555,32.594,86.875,-2.859,-11.156,-49.438,-90.125,-0.630,4.012,32.739,97.398,1.060,-6.332,-48.469,-100.068,-5.281,3.297,7.020,-4.051,4.641,-3.289,-5.375,4.387,-2.082,7.351,0.949,11.111,2.224,7.492,1.108,11.124,3.953,4.172,30.094,87.875,-1.472,-7.953,-47.156,-91.625
4538.194,100.0,50.0,3.604,8.547,32.594,86.875,-2.859,-11.172,-49.438,-90.125,-0.630,4.012,32.739,97.398,1.060,-6.332,-48.469,-100.068,-5.461,3.305,6.887,-4.031,4.547,-3.223,-5.328,4.328,-2.077,7.355,0.952,11.111,2.224,7.483,1.103,11.123,3.998,4.172,31.859,87.875,-1.802,-7.863,-47.312,-91.188
4538.296,100.0,50.0,3.609,8.547,32.594,86.875,-2.871,-11.156,-49.438,-90.125,-0.630,4.012,32.739,97.398,1.060,-6.332,-48.469,-100.068,-5.320,3.299,6.918,-4.129,4.660,-3.338,-5.305,4.391,-2.073,7.355,0.952,11.111,2.217,7.492,1.108,11.124,4.523,4.285,30.906,87.438,-1.670,-7.973,-47.344,-90.250
4538.398,100.0,50.0,3.604,8.547,32.594,86.875,-2.865,-11.156,-49.438,-90.125,-0.630,4.012,32.739,97.398,1.060,-6.332,-48.469,-100.068,-5.371,3.359,7.070,-4.102,4.461,-3.305,-5.312,4.430,-2.077,7.355,0.952,11.111,2.221,7.492,1.108,11.124,3.953,3.998,31.062,87.938,-1.099,-7.820,-47.062,-90.812
4538.498,100.0,50.0,3.600,8.555,32.594,86.875,-2.861,-11.156,-49.438,-90.125,-0.630,4.012,32.739,97.398,1.060,-6.332,-48.469,-100.068,-5.559,3.434,6.977,-4.047,4.723,-3.326,-5.395,4.445,-2.079,7.350,0.949,11.110,2.223,7.492,1.108,11.124,3.998,4.109,30.422,87.312,-1.604,-8.039,-47.031,-91.625
4538.598,100.0,50.0,3.605,8.539,32.594,86.875,-2.869,-11.156,-49.438,-90.125,-0.630,4.012,32.739,97.398,1.060,-6.332,-48.469,-100.068,-5.086,3.479,6.812,-4.043,4.602,-3.260,-5.227,4.426,-2.076,7.359,0.955,11.111,2.218,7.492,1.108,11.124,4.461,4.172,30.094,87.625,-1.802,-7.863,-47.094,-91.750
4538.700,100.0,50.0,3.604,8.547,32.594,86.875,-2.865,-11.164,-49.438,-90.125,-0.630,4.012,32.739,97.398,1.060,-6.332,-48.469,-100.068,-5.363,3.387,7.004,-4.031,4.656,-3.260,-5.281,4.461,-2.077,7.355,0.952,11.111,2.221,7.488,1.105,11.124,3.998,4.172,30.422,87.625,-1.428,-7.844,-47.125,-90.750
4538.800,100.0,50.0,3.605,8.555,32.594,86.875,-2.861,-11.148,-49.438,-90.125,-0.630,4.012,32.739,97.398,1.060,-6.332,-48.469,-100.068,-5.379,3.365,7.078,-4.004,4.617,-3.289,-5.328,4.359,-2.076,7.350,0.949,11.110,2.223,7.497,1.111,11.124,4.371,4.109,30.906,87.562,-1.362,-7.844,-47.312,-90.750
4538.902,100.0,50.0,3.609,8.555,32.594,86.875,-2.865,-11.164,-49.438,-90.125,-0.630,4.012,32.739,97.398,1.060,-6.332,-48.469,-100.068,-5.332,3.334,7.004,-4.031,4.734,-3.195,-5.250,4.336,-2.073,7.350,0.949,11.110,2.221,7.488,1.105,11.124,4.613,4.812,31.219,87.750,-1.538,-7.887,-47.156,-91.062
4539.002,100.0,50.0,3.604,8.547,32.594,86.875,-2.869,-11.164,-49.438,-90.125,-0.630,4.012,32.739,97.398,1.060,-6.332,-48.469,-100.068,-5.293,3.418,6.898,-4.047,4.602,-3.271,-5.301,4.375,-2.077,7.355,0.952,11.111,2.218,7.488,1.105,11.123,3.910,4.504,31.859,88.125,-1.032,-7.906,-47.250,-90.938
4539.104,100.0,50.0,3.605,8.555,32.594,86.875,-2.865,-11.164,-49.438,-90.125,-0.630,4.012,32.739,97.398,1.060,-6.332,-48.469,-100.068,-5.277,3.371,7.012,-4.023,4.699,-3.266,-5.391,4.344,-2.076,7.350,0.949,11.110,2.221,7.488,1.105,11.124,3.932,4.285,30.094,87.750,-1.538,-7.996,-47.156,-91.062
4539.204,100.0,50.0,3.605,8.539,32.594,86.875,-2.869,-11.164,-49.438,-90.125,-0.630,4.012,32.739,97.398,1.060,-6.332,-48.469,-100.068,-5.523,3.498,6.883,-4.047,4.676,-3.219,-5.246,4.379,-2.076,7.359,0.955,11.111,2.218,7.488,1.105,11.123,3.910,4.395,30.422,88.062,-1.933,-8.016,-47.219,-90.500
4539.304,100.0,50.0,3.609,8.547,32.594,86.875,-2.865,-11.164,-49.438,-90.125,-0.630,4.012,32.739,97.398,1.060,-6.332,-48.469,-100.068,-5.418,3.256,6.887,-4.062,4.680,-3.262,-5.336,4.297,-2.073,7.355,0.952,11.111,2.221,7.488,1.105,11.124,3.756,3.910,30.422,87.875,-1.604,-7.930,-47.219,-91.062
4539.406,100.0,50.0,3.604,8.555,32.594,86.875,-2.869,-11.156,-49.438,-90.125,-0.630,4.012,32.739,97.398,1.060,-6.332,-48.469,-100.068,-5.422,3.408,6.988,-4.027,4.570,-3.363,-5.316,4.406,-2.077,7.350,0.949,11.110,2.218,7.492,1.108,11.124,3.953,4.395,30.906,87.750,-0.966,-7.754,-46.906,-91.625
4539.508,100.0,50.0,3.604,8.547,32.594,86.875,-2.861,-11.164,-49.438,-90.125,-0.630,4.012,32.739,97.398,1.060,-6.332,-48.469,-100.068,-5.301,3.379,6.953,-4.004,4.781,-3.256,-5.305,4.500,-2.077,7.355,0.952,11.111,2.223,7.488,1.105,11.124,3.953,4.109,30.734,87.562,-1.538,-8.086,-47.281,-91.062
4539.610,100.0,50.0,3.605,8.539,32.594,86.875,-2.871,-11.156,-49.438,-90.125,-0.630,4.012,32.739,97.398,1.060,-6.332,-48.469,-100.068,-5.199,3.408,7.164,-4.027,4.586,-3.215,-5.391,4.387,-2.076,7.359,0.955,11.111,2.217,7.492,1.108,11.124,4.523,3.910,31.062,87.188,-1.999,-7.844,-46.969,-91.625
4539.710,100.0,50.0,3.604,8.547,32.594,86.875,-2.861,-11.156,-49.438,-90.125,-0.630,4.012,32.739,97.398,1.060,-6.332,-48.469,-100.068,-5.352,3.439,7.043,-4.012,4.586,-3.273,-5.281,4.430,-2.077,7.355,0.952,11.111,2.223,7.492,1.108,11.124,4.590,3.910,29.297,87.938,-1.802,-8.016,-47.156,-91.062
4539.812,100.0,50.0,3.611,8.539,32.594,86.875,-2.861,-11.156,-49.438,-90.125,-0.630,4.012,32.739,97.398,1.060,-6.332,-48.469,-100.068,-5.363,3.400,7.094,-4.074,4.520,-3.143,-5.312,4.352,-2.072,7.359,0.955,11.111,2.223,7.492,1.108,11.124,3.998,4.395,30.734,87.188,-1.032,-7.688,-47.156,-91.188
4539.912,100.0,50.0,3.594,8.555,32.594,86.875,-2.865,-11.156,-49.438,-90.125,-0.630,4.012,32.739,97.398,1.060,-6.332,-48.469,-100.068,-5.332,3.359,6.938,-4.031,4.816,-3.260,-5.262,4.379,-2.083,7.351,0.949,11.111,2.221,7.492,1.108,11.124,4.020,3.801,30.578,88.250,-1.230,-7.973,-47.156,-91.062
4540.012,100.0,50.0,3.605,8.539,32.594,86.875,-2.869,-11.164,-49.438,-90.125,-0.630,4.012,32.739,97.398,1.060,-6.332,-48.469,-100.068,-5.203,3.445,6.961,-4.031,4.645,-3.197,-5.270,4.391,-2.076,7.359,0.955,11.111,2.218,7.488,1.105,11.123,3.889,4.285,30.094,88.125,-1.933,-7.887,-47.188,-91.312
4540.114,100.0,50.0,3.605,8.539,32.594,86.875,-2.865,-11.156,-49.438,-90.125,-0.630,4.012,32.739,97.398,1.060,-6.332,-48.469,-100.068,-5.438,3.369,7.012,-4.020,4.555,-3.312,-5.223,4.402,-2.076,7.359,0.955,11.111,2.221,7.492,1.108,11.124,4.461,3.998,30.734,87.938,-1.604,-7.930,-47.062,-90.625
4540.216,100.0,50.0,3.604,8.547,32.594,86.875,-2.859,-11.156,-49.438,-90.125,-0.630,4.012,32.739,97.398,1.060,-6.332,-48.469,-100.068,-5.539,3.305,7.027,-4.035,4.797,-3.141,-5.227,4.375,-2.077,7.355,0.952,11.111,2.224,7.492,1.108,11.124,3.932,4.172,29.781,87.188,-1.428,-7.973,-47.375,-91.062
4540.318,100.0,50.0,3.600,8.547,32.594,86.875,-2.861,-11.148,-49.438,-90.125,-0.630,4.012,32.739,97.398,1.060,-6.332,-48.469,-100.068,-5.336,3.383,6.973,-3.992,4.555,-3.281,-5.367,4.457,-2.079,7.355,0.952,11.111,2.223,7.497,1.111,11.124,4.570,4.285,30.578,87.625,-1.538,-7.711,-46.688,-91.625
4540.420,100.0,50.0,3.605,8.547,32.594,86.875,-2.869,-11.164,-49.438,-90.125,-0.630,4.012,32.739,97.398,1.060,-6.332,-48.469,-100.068,-5.145,3.301,7.031,-4.121,4.543,-3.279,-5.363,4.379,-2.076,7.355,0.952,11.111,2.218,7.488,1.105,11.123,3.932,4.285,30.266,87.438,-1.670,-7.973,-47.219,-91.312
4540.522,100.0,50.0,3.604,8.547,32.594,86.875,-2.869,-11.156,-49.438,-90.125,-0.630,4.012,32.739,97.398,1.060,-6.332,-48.469,-100.068,-5.254,3.371,7.105,-4.059,4.906,-3.203,-5.375,4.348,-2.077,7.355,0.952,11.111,2.218,7.492,1.108,11.124,5.117,4.898,31.547,87.562,-1.472,-7.844,-47.000,-91.312
4540.622,100.0,50.0,3.604,8.555,32.594,86.875,-2.859,-11.156,-49.438,-90.125,-0.630,4.012,32.739,97.398,1.060,-6.332,-48.469,-100.068,-5.387,3.461,7.035,-4.051,4.801,-3.330,-5.242,4.398,-2.077,7.350,0.949,11.110,2.224,7.492,1.108,11.124,3.910,4.285,30.094,87.875,-1.802,-7.797,-47.000,-91.188
4540.722,100.0,50.0,3.605,8.547,32.594,86.812,-2.861,-11.156,-49.438,-90.125,-0.630,4.012,32.739,97.398,1.060,-6.332,-48.469,-100.068,-5.215,3.518,6.941,-4.059,4.703,-3.254,-5.332,4.328,-2.075,7.352,0.949,11.108,2.223,7.492,1.108,11.124,3.932,4.172,30.094,87.562,-1.428,-7.973,-47.219,-90.750
4540.824,100.0,50.0,3.611,8.555,32.594,86.875,-2.865,-11.156,-49.438,-90.125,-0.630,4.012,32.739,97.398,1.060,-6.332,-48.469,-100.068,-5.301,3.350,7.082,-4.031,4.637,-3.268,-5.324,4.418,-2.072,7.350,0.949,11.110,2.221,7.492,1.108,11.124,3.932,4.395,29.781,87.938,-1.032,-7.777,-47.281,-90.812
4540.941,100.0,50.0,3.609,8.547,32.594,86.875,-2.865,-11.156,-49.438,-90.125,-0.630,4.012,32.739,97.398,1.060,-6.332,-48.469,-100.068,-5.285,3.443,7.141,-4.055,4.668,-3.295,-5.250,4.379,-2.073,7.355,0.952,11.111,2.221,7.492,1.108,11.124,3.889,4.395,29.781,87.438,-1.164,-7.844,-47.000,-91.750
4541.041,100.0,50.0,3.604,8.555,32.594,86.875,-2.861,-11.164,-49.438,-90.125,-0.630,4.012,32.739,97.398,1.060,-6.332,-48.469,-100.068,-5.371,3.402,6.969,-4.078,4.582,-3.150,-5.227,4.324,-2.077,7.350,0.949,11.110,2.223,7.488,1.105,11.124,3.932,4.504,32.125,87.562,-1.296,-7.754,-47.156,-90.812
4541.143,100.0,50.0,3.600,8.555,32.594,86.875,-2.865,-11.164,-49.438,-90.125,-0.630,4.012,32.739,97.398,1.060,-6.332,-48.469,-100.068,-5.242,3.234,7.043,-4.035,4.645,-3.361,-5.418,4.379,-2.079,7.350,0.949,11.110,2.221,7.488,1.105,11.124,4.305,4.504,30.906,87.875,-1.428,-7.844,-47.188,-91.188
4541.245,100.0,50.0,3.609,8.539,32.594,86.875,-2.871,-11.156,-49.438,-90.125,-0.630,4.012,32.739,97.398,1.060,-6.332,-48.469,-100.068,-5.309,3.475,7.051,-4.047,4.621,-3.307,-5.230,4.406,-2.073,7.359,0.955,11.111,2.217,7.492,1.108,11.124,4.020,4.172,31.219,87.875,-1.472,-8.016,-47.188,-90.500
4541.345,100.0,50.0,3.611,8.547,32.594,86.875,-2.861,-11.156,-49.438,-90.125,-0.630,4.012,32.739,97.398,1.060,-6.332,-48.469,-100.068,-5.461,3.412,7.078,-4.043,4.621,-3.305,-5.289,4.441,-2.072,7.355,0.952,11.111,2.223,7.492,1.108,11.124,3.889,4.812,31.062,88.062,-1.735,-7.711,-46.938,-90.938
4541.447,100.0,50.0,3.609,8.547,32.594,86.875,-2.865,-11.148,-49.438,-90.125,-0.630,4.012,32.739,97.398,1.060,-6.332,-48.469,-100.068,-5.207,3.410,7.000,-4.008,4.691,-3.271,-5.336,4.391,-2.073,7.355,0.952,11.111,2.221,7.497,1.111,11.124,3.977,4.109,30.094,88.125,-2.328,-7.777,-47.219,-91.188
4541.547,100.0,50.0,3.611,8.547,32.594,86.875,-2.859,-11.156,-49.438,-90.125,-0.630,4.012,32.739,97.398,1.060,-6.332,-48.469,-100.068,-5.438,3.404,6.863,-4.016,4.695,-3.297,-5.262,4.379,-2.072,7.355,0.952,11.111,2.224,7.492,1.108,11.124,3.801,4.504,31.703,87.625,-1.933,-7.844,-47.438,-91.188
4541.649,100.0,50.0,3.605,8.555,32.594,86.812,-2.871,-11.156,-49.438,-90.125,-0.630,4.012,32.739,97.398,1.060,-6.332,-48.469,-100.068,-5.242,3.439,6.926,-4.043,4.609,-3.281,-5.270,4.375,-2.075,7.348,0.946,11.108,2.217,7.492,1.108,11.124,3.998,4.504,30.266,87.188,-1.670,-7.887,-47.250,-90.812
4541.749,100.0,50.0,3.609,8.547,32.594,86.875,-2.861,-11.164,-49.438,-90.125,-0.630,4.012,32.739,97.398,1.060,-6.332,-48.469,-100.068,-5.371,3.377,6.973,-4.074,4.586,-3.197,-5.312,4.387,-2.073,7.355,0.952,11.111,2.223,7.488,1.105,11.124,3.801,4.109,30.906,88.562,-1.296,-7.754,-47.281,-90.938
4541.851,100.0,50.0,3.609,8.539,32.594,86.875,-2.861,-11.156,-49.438,-90.125,-0.630,4.012,32.739,97.398,1.060,-6.332,-48.469,-100.068,-5.523,3.375,6.977,-4.031,4.730,-3.291,-5.395,4.391,-2.073,7.359,0.955,11.111,2.223,7.492,1.108,11.124,4.285,4.812,30.422,87.875,-1.802,-7.863,-47.125,-91.500
4541.951,100.0,50.0,3.611,8.547,32.594,86.875,-2.865,-11.156,-49.438,-90.125,-0.630,4.012,32.739,97.398,1.060,-6.332,-48.469,-100.068,-5.344,3.295,6.867,-4.109,4.723,-3.311,-5.277,4.355,-2.072,7.355,0.952,11.111,2.221,7.492,1.108,11.124,4.043,4.172,29.453,87.938,-1.428,-8.086,-47.156,-90.500
4542.053,100.0,50.0,3.605,8.555,32.594,86.875,-2.869,-11.156,-49.438,-90.125,-0.630,4.012,32.739,97.398,1.060,-6.332,-48.469,-100.068,-5.312,3.430,6.910,-4.094,4.727,-3.242,-5.316,4.449,-2.076,7.350,0.949,11.110,2.218,7.492,1.108,11.124,4.043,4.172,29.641,87.750,-1.472,-7.887,-47.000,-91.875
4542.155,100.0,50.0,3.609,8.547,32.594,86.875,-2.861,-11.156,-49.438,-90.125,-0.630,4.012,32.739,97.398,1.060,-6.332,-48.469,-100.068,-5.371,3.342,6.887,-4.078,4.637,-3.311,-5.316,4.355,-2.073,7.355,0.952,11.111,2.223,7.492,1.108,11.124,3.932,3.998,32.000,87.438,-0.901,-7.820,-47.094,-91.375
4542.257,100.0,50.0,3.594,8.555,32.594,86.875,-2.869,-11.156,-49.438,-90.125,-0.630,4.012,32.739,97.398,1.060,-6.332,-48.469,-100.068,-5.270,3.393,7.000,-4.027,4.578,-3.217,-5.246,4.473,-2.083,7.351,0.949,11.111,2.218,7.492,1.108,11.124,4.438,4.898,30.578,87.250,-2.131,-7.953,-47.219,-91.188
4542.359,100.0,50.0,3.604,8.547,32.594,86.875,-2.859,-11.156,-49.438,-90.125,-0.630,4.012,32.739,97.398,1.060,-6.332,-48.469,-100.068,-5.309,3.334,6.965,-4.031,4.539,-3.416,-5.184,4.418,-2.077,7.355,0.952,11.111,2.224,7.492,1.108,11.124,3.910,3.998,30.266,87.312,-1.735,-7.973,-47.062,-91.625
4542.459,100.0,50.0,3.609,8.547,32.594,86.875,-2.865,-11.156,-49.438,-90.125,-0.630,4.012,32.739,97.398,1.060,-6.332,-48.469,-100.068,-5.367,3.457,6.914,-4.109,4.727,-3.271,-5.160,4.332,-2.073,7.355,0.952,11.111,2.221,7.492,1.108,11.124,3.953,3.998,30.734,87.750,-1.230,-7.906,-47.000,-91.312
4542.561,100.0,50.0,3.604,8.555,32.594,86.812,-2.861,-11.164,-49.438,-90.125,-0.630,4.012,32.739,97.398,1.060,-6.332,-48.469,-100.068,-5.289,3.402,6.918,-4.105,4.551,-3.150,-5.348,4.402,-2.076,7.348,0.946,11.108,2.223,7.488,1.105,11.124,4.020,3.691,32.281,87.562,-2.064,-7.973,-47.031,-91.312
4542.663,100.0,50.0,3.604,8.555,32.594,86.875,-2.871,-11.156,-49.438,-90.125,-0.630,4.012,32.739,97.398,1.060,-6.332,-48.469,-100.068,-5.254,3.359,6.930,-4.035,4.629,-3.320,-5.328,4.434,-2.077,7.350,0.949,11.110,2.217,7.492,1.108,11.124,3.932,3.604,31.703,88.125,-1.472,-7.996,-47.438,-91.500
4542.763,100.0,50.0,3.605,8.547,32.594,86.875,-2.875,-11.164,-49.438,-90.125,-0.630,4.012,32.739,97.398,1.060,-6.332,-48.469,-100.068,-5.406,3.369,6.996,-4.066,4.602,-3.188,-5.219,4.406,-2.076,7.355,0.952,11.111,2.215,7.488,1.105,11.123,3.977,4.590,31.219,88.062,-1.670,-7.930,-46.906,-90.938
4542.863,100.0,50.0,3.621,8.539,32.594,86.875,-2.871,-11.156,-49.438,-90.125,-0.630,4.012,32.739,97.398,1.060,-6.332,-48.469,-100.068,-5.254,3.338,6.926,-4.078,4.773,-3.182,-5.312,4.422,-2.066,7.359,0.955,11.111,2.217,7.492,1.108,11.124,4.547,4.504,30.422,87.562,-1.867,-7.887,-47.250,-91.750
4542.965,100.0,50.0,3.609,8.547,32.594,86.875,-2.875,-11.156,-49.438,-90.125,-0.630,4.012,32.739,97.398,1.060,-6.332,-48.469,-100.068,-5.375,3.391,7.031,-4.051,4.551,-3.301,-5.242,4.320,-2.073,7.355,0.952,11.111,2.215,7.492,1.108,11.124,3.953,4.590,30.578,87.875,-1.472,-7.711,-46.812,-91.062
4543.065,100.0,50.0,3.604,8.539,32.594,86.875,-2.865,-11.156,-49.438,-90.125,-0.630,4.012,32.739,97.398,1.060,-6.332,-48.469,-100.068,-5.297,3.514,7.102,-4.113,4.723,-3.312,-5.477,4.355,-2.077,7.359,0.955,11.111,2.221,7.492,1.108,11.124,3.953,4.590,31.703,87.750,-1.428,-8.016,-47.031,-91.375
4543.167,100.0,50.0,3.611,8.547,32.594,86.875,-2.871,-11.164,-49.438,-90.125,-0.630,4.012,32.739,97.398,1.060,-6.332,-48.469,-100.068,-5.172,3.275,6.844,-4.035,4.574,-3.229,-5.273,4.422,-2.072,7.355,0.952,11.111,2.217,7.488,1.105,11.123,4.020,4.395,32.438,89.000,-1.670,-7.996,-47.062,-90.625
4543.267,100.0,50.0,3.600,8.555,32.594,86.875,-2.865,-11.156,-49.438,-90.125,-0.630,4.012,32.739,97.398,1.060,-6.332,-48.469,-100.068,-5.336,3.299,6.879,-4.059,4.555,-3.314,-5.250,4.320,-2.079,7.350,0.949,11.110,2.221,7.492,1.108,11.124,3.889,3.801,30.734,87.875,-1.802,-7.887,-47.219,-90.938
4543.367,100.0,50.0,3.604,8.547,32.594,86.875,-2.869,-11.156,-49.438,-90.125,-0.630,4.012,32.739,97.398,1.060,-6.332,-48.469,-100.068,-5.070,3.543,6.961,-4.066,4.566,-3.289,-5.418,4.344,-2.077,7.355,0.952,11.111,2.218,7.492,1.108,11.124,4.020,4.285,30.422,88.250,-1.230,-7.621,-47.406,-90.938
4543.469,100.0,50.0,3.615,8.539,32.594,86.875,-2.871,-11.164,-49.438,-90.125,-0.630,4.012,32.739,97.398,1.060,-6.332,-48.469,-100.068,-5.324,3.398,7.086,-4.098,4.578,-3.270,-5.215,4.301,-2.070,7.359,0.955,11.111,2.217,7.488,1.105,11.123,4.395,4.285,30.578,86.938,-1.472,-7.844,-47.062,-91.062
4543.569,100.0,50.0,3.609,8.547,32.594,86.875,-2.861,-11.164,-49.438,-90.125,-0.630,4.012,32.739,97.398,1.060,-6.332,-48.469,-100.068,-5.332,3.416,6.965,-3.996,4.664,-3.318,-5.250,4.328,-2.073,7.355,0.952,11.111,2.223,7.488,1.105,11.124,4.348,4.504,31.219,88.438,-2.064,-7.820,-47.062,-91.750
4543.671,100.0,50.0,3.609,8.555,32.594,86.875,-2.871,-11.164,-49.438,-90.125,-0.630,4.012,32.739,97.398,1.060,-6.332,-48.469,-100.068,-5.238,3.303,7.039,-4.070,4.539,-3.184,-5.168,4.367,-2.073,7.350,0.949,11.110,2.217,7.488,1.105,11.123,4.020,4.504,30.578,87.188,-1.164,-7.844,-47.219,-91.375
4543.771,100.0,50.0,3.604,8.547,32.594,86.875,-2.861,-11.156,-49.438,-90.125,-0.630,4.012,32.739,97.398,1.060,-6.332,-48.469,-100.068,-5.285,3.203,7.008,-4.066,4.602,-3.365,-5.395,4.359,-2.077,7.355,0.952,11.111,2.223,7.492,1.108,11.124,4.043,4.504,30.906,88.062,-1.867,-7.953,-47.281,-91.375
4543.873,100.0,50.0,3.596,8.562,32.594,86.875,-2.869,-11.164,-49.438,-90.125,-0.630,4.012,32.739,97.398,1.060,-6.332,-48.469,-100.068,-5.277,3.504,6.941,-4.004,4.691,-3.219,-5.383,4.438,-2.082,7.346,0.946,11.110,2.218,7.488,1.105,11.123,4.570,3.910,29.781,87.750,-1.362,-7.844,-47.344,-91.750
4543.973,100.0,50.0,3.615,8.539,32.594,86.875,-2.865,-11.156,-49.438,-90.125,-0.630,4.012,32.739,97.398,1.060,-6.332,-48.469,-100.068,-5.438,3.410,6.770,-4.066,4.590,-3.330,-5.316,4.328,-2.070,7.359,0.955,11.111,2.221,7.492,1.108,11.124,3.932,3.801,31.219,87.875,-1.428,-7.863,-47.281,-90.812
4544.073,100.0,50.0,3.600,8.555,32.594,86.875,-2.865,-11.156,-49.438,-90.125,-0.630,4.012,32.739,97.398,1.060,-6.332,-48.469,-100.068,-5.410,3.418,7.000,-4.031,4.695,-3.285,-5.273,4.359,-2.079,7.350,0.949,11.110,2.221,7.492,1.108,11.124,4.414,3.801,30.422,87.938,-1.933,-8.016,-47.000,-92.062
4544.175,100.0,50.0,3.605,8.555,32.594,86.875,-2.865,-11.156,-49.438,-90.125,-0.630,4.012,32.739,97.398,1.060,-6.332,-48.469,-100.068,-5.395,3.338,6.867,-4.086,4.371,-3.295,-5.387,4.391,-2.076,7.350,0.949,11.110,2.221,7.492,1.108,11.124,3.977,4.898,30.906,87.750,-2.064,-7.996,-47.219,-91.375
4544.277,100.0,50.0,3.605,8.555,32.594,86.875,-2.865,-11.156,-49.438,-90.125,-0.630,4.012,32.739,97.398,1.060,-6.332,-48.469,-100.068,-5.336,3.363,6.957,-4.047,4.539,-3.377,-5.312,4.391,-2.076,7.350,0.949,11.110,2.221,7.492,1.108,11.124,3.932,4.898,30.906,87.438,-1.867,-7.973,-47.156,-90.125
4544.379,100.0,50.0,3.609,8.547,32.594,86.875,-2.859,-11.156,-49.438,-90.125,-0.630,4.012,32.739,97.398,1.060,-6.332,-48.469,-100.068,-5.410,3.418,6.902,-4.043,4.504,-3.291,-5.355,4.344,-2.073,7.355,0.952,11.111,2.224,7.492,1.108,11.124,4.262,3.910,29.641,87.938,-1.933,-7.996,-47.125,-91.375
4544.479,100.0,50.0,3.609,8.555,32.594,86.875,-2.865,-11.156,-49.438,-90.125,-0.630,4.012,32.739,97.398,1.060,-6.332,-48.469,-100.068,-5.012,3.309,6.980,-4.059,4.617,-3.293,-5.320,4.375,-2.073,7.350,0.949,11.110,2.221,7.492,1.108,11.124,3.889,4.590,31.703,87.938,-1.867,-7.844,-46.906,-91.375
4544.581,100.0,50.0,3.609,8.555,32.594,86.875,-2.871,-11.156,-49.438,-90.125,-0.630,4.012,32.739,97.398,1.060,-6.332,-48.469,-100.068,-5.312,3.393,7.113,-4.055,4.516,-3.271,-5.348,4.410,-2.073,7.350,0.949,11.110,2.217,7.492,1.108,11.124,4.020,3.910,31.062,87.750,-1.428,-7.906,-46.875,-91.312
4544.683,100.0,50.0,3.600,8.555,32.594,86.875,-2.869,-11.156,-49.438,-90.125,-0.630,4.012,32.739,97.398,1.060,-6.332,-48.469,-100.068,-5.184,3.398,6.957,-4.059,4.660,-3.307,-5.395,4.383,-2.079,7.350,0.949,11.110,2.218,7.492,1.108,11.124,3.998,3.801,29.938,87.750,-1.802,-7.645,-47.062,-91.062
4544.783,100.0,50.0,3.605,8.547,32.594,86.875,-2.871,-11.164,-49.438,-90.125,-0.630,4.012,32.739,97.398,1.060,-6.332,-48.469,-100.068,-5.301,3.336,7.000,-4.094,4.598,-3.254,-5.316,4.434,-2.076,7.355,0.952,11.111,2.217,7.488,1.105,11.123,3.910,4.109,31.219,87.625,-1.538,-7.930,-47.125,-91.188
4544.885,100.0,50.0,3.605,8.555,32.594,86.875,-2.869,-11.156,-49.438,-90.125,-0.630,4.012,32.739,97.398,1.060,-6.332,-48.469,-100.068,-5.297,3.318,7.184,-4.035,4.691,-3.318,-5.301,4.414,-2.076,7.350,0.949,11.110,2.218,7.492,1.108,11.124,3.910,3.691,30.734,87.875,-1.230,-8.016,-46.906,-90.938
4544.987,100.0,50.0,3.609,8.555,32.594,86.875,-2.869,-11.156,-49.438,-90.125,-0.630,4.012,32.739,97.398,1.060,-6.332,-48.469,-100.068,-5.277,3.432,6.910,-4.078,4.629,-3.326,-5.289,4.383,-2.073,7.350,0.949,11.110,2.218,7.492,1.108,11.124,3.998,4.395,31.859,87.188,-1.802,-7.711,-47.125,-90.500
4545.089,100.0,50.0,3.604,8.555,32.594,86.875,-2.865,-11.156,-49.438,-90.125,-0.630,4.012,32.739,97.398,1.060,-6.332,-48.469,-100.068,-5.281,3.418,7.043,-4.016,4.625,-3.307,-5.312,4.398,-2.077,7.350,0.949,11.110,2.221,7.492,1.108,11.124,3.932,3.801,31.703,87.312,-0.901,-7.973,-47.188,-91.312
4545.191,100.0,50.0,3.605,8.547,32.594,86.875,-2.869,-11.156,-49.438,-90.125,-0.630,4.012,32.739,97.398,1.060,-6.332,-48.469,-100.068,-5.176,3.402,7.039,-3.977,4.609,-3.389,-5.324,4.383,-2.076,7.355,0.952,11.111,2.218,7.492,1.108,11.124,3.998,5.008,30.094,87.750,-1.538,-7.863,-47.031,-90.812
4545.291,100.0,50.0,3.604,8.555,32.594,86.875,-2.871,-11.156,-49.438,-90.125,-0.630,4.012,32.739,97.398,1.060,-6.332,-48.469,-100.068,-5.258,3.412,6.957,-4.055,4.777,-3.273,-5.324,4.512,-2.077,7.350,0.949,11.110,2.217,7.492,1.108,11.124,4.285,4.109,29.938,87.625,-2.064,-7.711,-47.031,-91.500
4545.393,100.0,50.0,3.596,8.555,32.594,86.875,-2.877,-11.156,-49.438,-90.125,-0.630,4.012,32.739,97.398,1.060,-6.332,-48.469,-100.068,-5.562,3.334,6.992,-4.066,4.504,-3.109,-5.273,4.336,-2.082,7.351,0.949,11.111,2.214,7.492,1.108,11.124,3.910,3.998,29.781,87.562,-1.604,-7.973,-47.156,-91.875
4545.495,100.0,50.0,3.604,8.539,32.594,86.875,-2.865,-11.156,-49.438,-90.125,-0.630,4.012,32.739,97.398,1.060,-6.332,-48.469,-100.068,-5.453,3.580,7.078,-4.047,4.598,-3.398,-5.258,4.418,-2.077,7.359,0.955,11.111,2.221,7.492,1.108,11.124,4.020,4.172,30.422,88.375,-1.472,-7.777,-47.062,-91.625
4545.595,100.0,50.0,3.615,8.539,32.594,86.875,-2.869,-11.156,-49.438,-90.125,-0.630,4.012,32.739,97.398,1.060,-6.332,-48.469,-100.068,-5.410,3.453,7.055,-4.027,4.590,-3.252,-5.297,4.383,-2.070,7.359,0.955,11.111,2.218,7.492,1.108,11.124,3.910,3.691,29.641,87.750,-1.735,-7.754,-46.906,-90.812
4545.697,100.0,50.0,3.609,8.539,32.594,86.875,-2.869,-11.164,-49.438,-90.125,-0.630,4.012,32.739,97.398,1.060,-6.332,-48.469,-100.068,-5.293,3.391,7.047,-4.070,4.613,-3.275,-5.270,4.410,-2.073,7.359,0.955,11.111,2.218,7.488,1.105,11.123,4.020,4.395,30.906,87.875,-2.131,-7.996,-47.094,-90.500
4545.797,100.0,50.0,3.619,8.555,32.594,86.875,-2.869,-11.156,-49.438,-90.125,-0.630,4.012,32.739,97.398,1.060,-6.332,-48.469,-100.068,-5.480,3.373,6.926,-4.031,4.609,-3.281,-5.219,4.457,-2.067,7.350,0.949,11.110,2.218,7.492,1.108,11.124,3.889,4.699,30.266,87.562,-1.604,-7.996,-47.000,-91.375
4545.897,100.0,50.0,3.600,8.539,32.594,86.875,-2.865,-11.156,-49.438,-90.125,-0.630,4.012,32.739,97.398,1.060,-6.332,-48.469,-100.068,-5.422,3.367,6.961,-4.113,4.621,-3.277,-5.316,4.363,-2.080,7.359,0.955,11.111,2.221,7.492,1.108,11.124,3.889,4.590,30.266,88.125,-1.472,-7.973,-47.031,-91.062
4545.997,100.0,50.0,3.605,8.539,32.594,86.875,-2.869,-11.156,-49.438,-90.125,-0.630,4.012,32.739,97.398,1.060,-6.332,-48.469,-100.068,-5.246,3.479,6.941,-4.047,4.629,-3.285,-5.402,4.391,-2.076,7.359,0.955,11.111,2.218,7.492,1.108,11.124,4.043,3.998,29.453,87.750,-2.197,-7.844,-47.156,-90.938
4546.097,100.0,50.0,3.604,8.555,32.594,86.875,-2.871,-11.156,-49.438,-90.125,-0.630,4.012,32.739,97.398,1.060,-6.332,-48.469,-100.068,-5.227,3.410,6.977,-4.062,4.863,-3.395,-5.309,4.379,-2.077,7.350,0.949,11.110,2.217,7.492,1.108,11.124,3.822,4.504,32.000,87.750,-1.604,-7.820,-47.219,-90.938
4546.199,100.0,50.0,3.604,8.547,32.594,86.875,-2.871,-11.156,-49.438,-90.125,-0.630,4.012,32.739,97.398,1.060,-6.332,-48.469,-100.068,-5.285,3.320,7.062,-4.023,4.559,-3.301,-5.430,4.363,-2.077,7.355,0.952,11.111,2.217,7.492,1.108,11.124,4.043,4.395,31.703,87.938,-1.670,-7.797,-47.094,-91.500
4546.301,100.0,50.0,3.609,8.547,32.594,86.875,-2.869,-11.156,-49.438,-90.125,-0.630,4.012,32.739,97.398,1.060,-6.332,-48.469,-100.068,-5.352,3.336,7.090,-4.031,4.500,-3.305,-5.305,4.410,-2.073,7.355,0.952,11.111,2.218,7.492,1.108,11.124,4.020,4.172,31.547,87.625,-1.670,-7.754,-46.969,-91.312
4546.401,100.0,50.0,3.605,8.547,32.594,86.875,-2.865,-11.156,-49.438,-90.125,-0.630,4.012,32.739,97.398,1.060,-6.332,-48.469,-100.068,-5.402,3.350,6.871,-4.023,4.559,-3.238,-5.320,4.473,-2.076,7.355,0.952,11.111,2.221,7.492,1.108,11.124,4.348,3.910,30.906,87.438,-1.670,-7.887,-47.188,-91.500
4546.501,100.0,50.0,3.605,8.555,32.594,86.875,-2.865,-11.164,-49.438,-90.125,-0.630,4.012,32.739,97.398,1.060,-6.332,-48.469,-100.068,-5.602,3.375,7.055,-4.121,4.754,-3.168,-5.445,4.336,-2.076,7.350,0.949,11.110,2.221,7.488,1.105,11.124,3.889,4.172,30.266,87.938,-1.604,-7.887,-47.125,-91.500
4546.601,100.0,50.0,3.609,8.547,32.594,86.875,-2.865,-11.156,-49.438,-90.125,-0.630,4.012,32.739,97.398,1.060,-6.332,-48.469,-100.068,-5.180,3.396,6.977,-4.004,4.621,-3.320,-5.328,4.453,-2.073,7.355,0.952,11.111,2.221,7.492,1.108,11.124,3.977,3.691,30.734,87.625,-1.428,-7.887,-47.281,-91.375
4546.703,100.0,50.0,3.609,8.539,32.594,86.875,-2.869,-11.172,-49.438,-90.125,-0.630,4.012,32.739,97.398,1.060,-6.332,-48.469,-100.068,-5.324,3.400,7.066,-4.098,4.602,-3.076,-5.324,4.398,-2.073,7.359,0.955,11.111,2.218,7.483,1.103,11.123,3.756,4.590,30.422,87.938,-1.802,-7.887,-47.094,-91.375
4546.803,100.0,50.0,3.600,8.555,32.594,86.875,-2.861,-11.156,-49.438,-90.125,-0.630,4.012,32.739,97.398,1.060,-6.332,-48.469,-100.068,-5.363,3.365,7.047,-4.035,4.562,-3.287,-5.188,4.449,-2.079,7.350,0.949,11.110,2.223,7.492,1.108,11.124,3.889,4.285,32.125,87.750,-1.362,-7.887,-47.375,-90.500
4546.905,100.0,50.0,3.596,8.547,32.594,86.875,-2.865,-11.156,-49.438,-90.125,-0.630,4.012,32.739,97.398,1.060,-6.332,-48.469,-100.068,-5.328,3.359,6.980,-3.953,4.770,-3.225,-5.336,4.430,-2.082,7.355,0.952,11.111,2.221,7.492,1.108,11.124,3.910,4.504,29.156,88.125,-1.735,-7.930,-47.062,-91.312
4547.005,100.0,50.0,3.604,8.547,32.594,86.875,-2.861,-11.164,-49.438,-90.125,-0.630,4.012,32.739,97.398,1.060,-6.332,-48.469,-100.068,-5.223,3.365,6.844,-4.031,4.680,-3.211,-5.422,4.359,-2.077,7.355,0.952,11.111,2.223,7.488,1.105,11.124,4.262,3.801,30.422,87.625,-1.670,-7.996,-47.156,-91.188
4547.107,100.0,50.0,3.609,8.547,32.594,86.875,-2.865,-11.164,-49.438,-90.125,-0.630,4.012,32.739,97.398,1.060,-6.332,-48.469,-100.068,-5.102,3.371,6.996,-4.016,4.492,-3.281,-5.262,4.422,-2.073,7.355,0.952,11.111,2.221,7.488,1.105,11.124,3.889,4.395,31.219,87.750,-1.362,-7.797,-47.094,-90.500
4547.207,100.0,50.0,3.604,8.547,32.594,86.875,-2.875,-11.156,-49.438,-90.125,-0.630,4.012,32.739,97.398,1.060,-6.332,-48.469,-100.068,-5.355,3.348,7.223,-4.098,4.703,-3.373,-5.363,4.426,-2.077,7.355,0.952,11.111,2.215,7.492,1.108,11.124,4.262,4.504,31.703,87.625,-1.867,-7.863,-47.000,-91.750
4547.307,100.0,50.0,3.604,8.547,32.594,86.875,-2.869,-11.156,-49.438,-90.125,-0.630,4.012,32.739,97.398,1.060,-6.332,-48.469,-100.068,-5.445,3.309,7.027,-4.070,4.535,-3.250,-5.410,4.453,-2.077,7.355,0.952,11.111,2.218,7.492,1.108,11.124,4.285,4.285,30.094,88.250,-1.296,-7.863,-47.062,-90.812
4547.409,100.0,50.0,3.609,8.547,32.594,86.875,-2.865,-11.156,-49.438,-90.125,-0.630,4.012,32.739,97.398,1.060,-6.332,-48.469,-100.068,-5.270,3.457,7.055,-3.994,4.582,-3.303,-5.305,4.316,-2.073,7.355,0.952,11.111,2.221,7.492,1.108,11.124,4.285,4.172,31.219,87.875,-1.670,-7.930,-47.156,-90.938
4547.511,100.0,50.0,3.605,8.547,32.594,86.875,-2.871,-11.164,-49.438,-90.125,-0.630,4.012,32.739,97.398,1.060,-6.332,-48.469,-100.068,-5.301,3.447,7.012,-4.016,4.680,-3.166,-5.246,4.473,-2.076,7.355,0.952,11.111,2.217,7.488,1.105,11.123,4.043,3.186,32.125,87.938,-2.197,-7.973,-47.156,-91.062
4547.613,100.0,50.0,3.604,8.547,32.594,86.875,-2.865,-11.156,-49.406,-90.125,-0.630,4.012,32.739,97.398,1.060,-6.332,-48.469,-100.068,-5.430,3.373,7.043,-4.098,4.652,-3.213,-5.289,4.273,-2.077,7.355,0.952,11.111,2.221,7.486,1.102,11.124,3.998,4.395,30.422,87.438,-1.999,-7.887,-47.281,-91.625
4547.715,100.0,50.0,3.604,8.555,32.594,86.875,-2.861,-11.164,-49.438,-90.125,-0.630,4.012,32.739,97.398,1.060,-6.332,-48.469,-100.068,-5.375,3.328,6.984,-4.094,4.414,-3.246,-5.242,4.473,-2.077,7.350,0.949,11.110,2.223,7.488,1.105,11.124,4.020,4.699,31.547,88.062,-1.032,-8.016,-47.156,-91.500
4547.817,100.0,50.0,3.605,8.547,32.594,86.875,-2.859,-11.156,-49.438,-90.125,-0.630,4.012,32.739,97.398,1.060,-6.332,-48.469,-100.068,-5.273,3.336,7.055,-4.016,4.465,-3.246,-5.398,4.402,-2.076,7.355,0.952,11.111,2.224,7.492,1.108,11.124,3.734,4.699,30.266,87.625,-1.670,-7.973,-47.125,-90.625
4547.919,100.0,50.0,3.594,8.555,32.594,86.875,-2.871,-11.156,-49.438,-90.125,-0.630,4.012,32.739,97.398,1.060,-6.332,-48.469,-100.068,-5.242,3.494,6.984,-4.066,4.629,-3.250,-5.297,4.363,-2.083,7.351,0.949,11.111,2.217,7.492,1.108,11.124,3.910,4.812,29.938,87.625,-1.604,-7.996,-47.188,-91.062
4548.021,100.0,50.0,3.605,8.555,32.594,86.875,-2.869,-11.156,-49.438,-90.125,-0.630,4.012,32.739,97.398,1.060,-6.332,-48.469,-100.068,-5.379,3.426,6.996,-4.004,4.828,-3.172,-5.363,4.387,-2.076,7.350,0.949,11.110,2.218,7.492,1.108,11.124,4.395,4.285,31.859,87.562,-1.670,-7.906,-47.219,-91.750
4548.121,100.0,50.0,3.604,8.555,32.594,86.875,-2.871,-11.164,-49.438,-90.125,-0.630,4.012,32.739,97.398,1.060,-6.332,-48.469,-100.068,-5.379,3.439,6.988,-4.055,4.633,-3.152,-5.172,4.348,-2.077,7.350,0.949,11.110,2.217,7.488,1.105,11.123,4.547,4.109,30.422,87.438,-1.604,-7.887,-47.062,-90.812
4548.221,100.0,50.0,3.609,8.555,32.594,86.875,-2.859,-11.156,-49.438,-90.125,-0.630,4.012,32.739,97.398,1.060,-6.332,-48.469,-100.068,-5.199,3.432,7.051,-3.973,4.754,-3.244,-5.242,4.336,-2.073,7.350,0.949,11.110,2.224,7.492,1.108,11.124,4.371,4.395,29.297,87.750,-1.296,-7.863,-47.188,-90.500
4548.323,100.0,50.0,3.604,8.555,32.594,86.875,-2.861,-11.164,-49.438,-90.125,-0.630,4.012,32.739,97.398,1.060,-6.332,-48.469,-100.068,-5.441,3.404,6.953,-4.059,4.746,-3.295,-5.293,4.305,-2.077,7.350,0.949,11.110,2.223,7.488,1.105,11.124,4.285,3.998,28.672,87.312,-2.262,-7.844,-47.125,-90.375
4548.425,100.0,50.0,3.605,8.555,32.594,86.875,-2.859,-11.156,-49.438,-90.125,-0.630,4.012,32.739,97.398,1.060,-6.332,-48.469,-100.068,-5.426,3.402,6.727,-4.090,4.680,-3.262,-5.348,4.438,-2.076,7.350,0.949,11.110,2.224,7.492,1.108,11.124,3.932,4.285,30.578,87.312,-1.802,-7.996,-47.125,-91.375
4548.527,100.0,50.0,3.605,8.539,32.594,86.875,-2.871,-11.156,-49.438,-90.125,-0.630,4.012,32.739,97.398,1.060,-6.332,-48.469,-100.068,-5.102,3.326,6.910,-4.090,4.590,-3.346,-5.262,4.379,-2.076,7.359,0.955,11.111,2.217,7.492,1.108,11.124,3.998,4.172,32.000,87.938,-1.099,-7.797,-47.188,-91.062
4548.629,100.0,50.0,3.604,8.547,32.594,86.875,-2.865,-11.156,-49.438,-90.125,-0.630,4.012,32.739,97.398,1.060,-6.332,-48.469,-100.068,-5.375,3.484,7.086,-4.047,4.695,-3.307,-5.348,4.453,-2.077,7.355,0.952,11.111,2.221,7.492,1.108,11.124,3.977,3.691,29.938,87.438,-1.735,-8.086,-47.000,-90.938
4548.731,100.0,50.0,3.604,8.547,32.594,86.875,-2.865,-11.164,-49.438,-90.125,-0.630,4.012,32.739,97.398,1.060,-6.332,-48.469,-100.068,-5.250,3.418,7.004,-4.027,4.699,-3.281,-5.297,4.348,-2.077,7.355,0.952,11.111,2.221,7.488,1.105,11.124,3.932,3.910,30.734,87.875,-1.735,-7.906,-47.062,-91.188
4548.831,100.0,50.0,3.604,8.547,32.594,86.875,-2.855,-11.164,-49.438,-90.125,-0.630,4.012,32.739,97.398,1.060,-6.332,-48.469,-100.068,-5.395,3.453,7.008,-4.047,4.566,-3.375,-5.301,4.406,-2.077,7.355,0.952,11.111,2.227,7.488,1.106,11.124,3.932,4.109,31.062,87.250,-1.472,-7.820,-47.250,-91.875
4548.931,100.0,50.0,3.604,8.539,32.594,86.875,-2.871,-11.172,-49.438,-90.125,-0.630,4.012,32.739,97.398,1.060,-6.332,-48.469,-100.068,-5.199,3.416,7.031,-4.023,4.586,-3.307,-5.355,4.371,-2.077,7.359,0.955,11.111,2.217,7.483,1.103,11.123,3.910,3.691,30.422,88.062,-1.867,-7.863,-47.188,-90.625
4549.031,100.0,50.0,3.609,8.547,32.594,86.875,-2.871,-11.156,-49.438,-90.125,-0.630,4.012,32.739,97.398,1.060,-6.332,-48.469,-100.068,-5.223,3.371,6.953,-4.055,4.648,-3.215,-5.434,4.438,-2.073,7.355,0.952,11.111,2.217,7.492,1.108,11.124,4.020,3.998,29.938,87.562,-1.472,-7.797,-47.156,-91.625
4549.131,100.0,50.0,3.611,8.547,32.594,86.875,-2.869,-11.164,-49.438,-90.125,-0.630,4.012,32.739,97.398,1.060,-6.332,-48.469,-100.068,-5.516,3.459,6.859,-4.031,4.754,-3.146,-5.223,4.348,-2.072,7.355,0.952,11.111,2.218,7.488,1.105,11.123,4.637,4.812,31.219,87.438,-1.604,-7.844,-47.219,-90.375
4549.233,100.0,50.0,3.605,8.555,32.594,86.875,-2.865,-11.156,-49.438,-90.125,-0.630,4.012,32.739,97.398,1.060,-6.332,-48.469,-100.068,-5.441,3.346,6.848,-4.094,4.715,-3.244,-5.367,4.426,-2.076,7.350,0.949,11.110,2.221,7.492,1.108,11.124,4.152,4.285,31.219,88.062,-1.735,-7.953,-47.094,-90.750
4549.333,100.0,50.0,3.611,8.555,32.594,86.875,-2.877,-11.156,-49.438,-90.125,-0.630,4.012,32.739,97.398,1.060,-6.332,-48.469,-100.068,-5.363,3.355,7.023,-4.051,4.668,-3.293,-5.238,4.355,-2.072,7.350,0.949,11.110,2.214,7.492,1.108,11.124,4.414,4.109,31.859,87.750,-1.099,-7.953,-46.969,-91.062
4549.435,100.0,50.0,3.604,8.547,32.594,86.875,-2.861,-11.164,-49.438,-90.125,-0.630,4.012,32.739,97.398,1.060,-6.332,-48.469,-100.068,-5.383,3.396,7.047,-4.035,4.535,-3.258,-5.262,4.289,-2.077,7.355,0.952,11.111,2.223,7.488,1.105,11.124,3.844,4.172,31.219,87.250,-1.670,-7.844,-47.219,-90.812
4549.537,100.0,50.0,3.605,8.547,32.594,86.875,-2.869,-11.156,-49.438,-90.125,-0.630,4.012,32.739,97.398,1.060,-6.332,-48.469,-100.068,-5.391,3.334,6.898,-4.051,4.508,-3.314,-5.391,4.418,-2.076,7.355,0.952,11.111,2.218,7.492,1.108,11.124,4.062,4.395,30.578,87.562,-1.670,-7.930,-47.125,-90.750
4549.639,100.0,50.0,3.605,8.547,32.594,86.875,-2.865,-11.164,-49.438,-90.125,-0.630,4.012,32.739,97.398,1.060,-6.332,-48.469,-100.068,-5.527,3.346,6.949,-4.043,4.699,-3.105,-5.430,4.336,-2.076,7.355,0.952,11.111,2.221,7.488,1.105,11.124,3.713,4.285,29.297,87.250,-0.835,-7.820,-47.219,-91.312
4549.739,100.0,50.0,3.605,8.539,32.594,86.875,-2.865,-11.156,-49.438,-90.125,-0.630,4.012,32.739,97.398,1.060,-6.332,-48.469,-100.068,-5.078,3.488,7.004,-4.051,4.531,-3.166,-5.293,4.371,-2.076,7.359,0.955,11.111,2.221,7.492,1.108,11.124,3.953,4.109,32.281,87.312,-1.538,-7.906,-47.156,-91.500
4549.839,100.0,50.0,3.605,8.539,32.594,86.875,-2.861,-11.156,-49.438,-90.125,-0.630,4.012,32.739,97.398,1.060,-6.332,-48.469,-100.068,-5.539,3.428,6.938,-4.027,4.699,-3.227,-5.352,4.453,-2.076,7.359,0.955,11.111,2.223,7.492,1.108,11.124,4.020,4.109,29.938,87.750,-1.164,-7.777,-47.000,-90.750
4549.939,100.0,50.0,3.609,8.539,32.594,86.875,-2.871,-11.156,-49.438,-90.125,-0.630,4.012,32.739,97.398,1.060,-6.332,-48.469,-100.068,-5.234,3.398,6.988,-4.082,4.602,-3.334,-5.266,4.523,-2.073,7.359,0.955,11.111,2.217,7.492,1.108,11.124,4.043,4.285,31.062,87.750,-1.230,-7.844,-47.125,-91.375
4550.041,100.0,50.0,3.605,8.539,32.594,86.875,-2.865,-11.156,-49.438,-90.125,-0.630,4.012,32.739,97.398,1.060,-6.332,-48.469,-100.068,-5.430,3.348,6.969,-4.051,4.770,-3.264,-5.246,4.277,-2.076,7.359,0.955,11.111,2.221,7.492,1.108,11.124,4.043,4.812,32.438,87.750,-1.802,-7.797,-47.281,-91.500
4550.141,100.0,50.0,3.609,8.547,32.594,86.875,-2.861,-11.156,-49.438,-90.125,-0.630,4.012,32.739,97.398,1.060,-6.332,-48.469,-100.068,-5.230,3.344,7.090,-4.090,4.719,-3.326,-5.230,4.332,-2.073,7.355,0.952,11.111,2.223,7.492,1.108,11.124,4.348,4.395,30.906,87.938,-0.966,-7.820,-46.938,-91.188
4550.243,100.0,50.0,3.604,8.547,32.594,86.875,-2.865,-11.156,-49.438,-90.125,-0.630,4.012,32.739,97.398,1.060,-6.332,-48.469,-100.068,-5.105,3.387,6.996,-4.062,4.637,-3.283,-5.387,4.359,-2.077,7.355,0.952,11.111,2.221,7.492,1.108,11.124,3.844,4.109,31.219,87.625,-1.538,-7.930,-47.188,-91.500
4550.343,100.0,50.0,3.609,8.547,32.594,86.875,-2.861,-11.164,-49.438,-90.125,-0.630,4.012,32.739,97.398,1.060,-6.332,-48.469,-100.068,-5.316,3.424,6.926,-4.168,4.887,-3.318,-5.312,4.418,-2.073,7.355,0.952,11.111,2.223,7.488,1.105,11.124,3.889,4.812,31.859,87.875,-1.735,-7.777,-47.188,-90.938
4550.445,100.0,50.0,3.611,8.547,32.594,86.875,-2.875,-11.164,-49.438,-90.125,-0.630,4.012,32.739,97.398,1.060,-6.332,-48.469,-100.068,-5.312,3.316,6.961,-4.051,4.523,-3.236,-5.379,4.430,-2.072,7.355,0.952,11.111,2.215,7.488,1.105,11.123,3.977,4.812,30.266,88.125,-1.802,-7.996,-47.062,-91.750
4550.545,100.0,50.0,3.600,8.547,32.594,86.875,-2.869,-11.156,-49.438,-90.125,-0.630,4.012,32.739,97.398,1.060,-6.332,-48.469,-100.068,-5.324,3.291,6.961,-3.980,4.629,-3.328,-5.285,4.359,-2.079,7.355,0.952,11.111,2.218,7.492,1.108,11.124,4.020,4.285,30.578,87.438,-1.867,-7.844,-46.906,-91.188
4550.647,100.0,50.0,3.600,8.555,32.594,86.875,-2.871,-11.164,-49.438,-90.125,-0.630,4.012,32.739,97.398,1.060,-6.332,-48.469,-100.068,-5.301,3.355,6.918,-4.035,4.562,-3.324,-5.199,4.402,-2.079,7.350,0.949,11.110,2.217,7.488,1.105,11.123,4.262,4.590,29.156,87.750,-1.933,-7.996,-47.125,-91.312
4550.747,100.0,50.0,3.604,8.539,32.594,86.875,-2.865,-11.156,-49.438,-90.125,-0.630,4.012,32.739,97.398,1.060,-6.332,-48.469,-100.068,-5.293,3.488,6.914,-4.094,4.496,-3.348,-5.242,4.531,-2.077,7.359,0.955,11.111,2.221,7.492,1.108,11.124,3.844,4.285,30.734,87.750,-1.802,-7.906,-47.125,-90.750
4550.847,100.0,50.0,3.605,8.539,32.594,86.875,-2.861,-11.156,-49.438,-90.125,-0.630,4.012,32.739,97.398,1.060,-6.332,-48.469,-100.068,-5.285,3.457,6.945,-4.070,4.887,-3.264,-5.363,4.465,-2.076,7.359,0.955,11.111,2.223,7.492,1.108,11.124,3.889,4.285,30.266,87.125,-1.735,-7.887,-47.062,-91.750
4550.949,100.0,50.0,3.609,8.547,32.594,86.812,-2.865,-11.164,-49.438,-90.125,-0.630,4.012,32.739,97.398,1.060,-6.332,-48.469,-100.068,-5.355,3.406,7.051,-4.027,4.578,-3.242,-5.316,4.391,-2.072,7.352,0.949,11.108,2.221,7.488,1.105,11.124,3.910,4.285,30.578,87.188,-1.472,-7.996,-47.031,-91.062
4551.051,100.0,50.0,3.604,8.547,32.594,86.875,-2.861,-11.148,-49.438,-90.125,-0.630,4.012,32.739,97.398,1.060,-6.332,-48.469,-100.068,-5.434,3.459,7.031,-4.027,4.742,-3.281,-5.273,4.352,-2.077,7.355,0.952,11.111,2.223,7.497,1.111,11.124,3.910,4.504,30.578,87.562,-1.362,-8.062,-47.094,-90.750
4551.151,100.0,50.0,3.609,8.555,32.594,86.875,-2.869,-11.156,-49.438,-90.125,-0.630,4.012,32.739,97.398,1.060,-6.332,-48.469,-100.068,-5.148,3.320,7.074,-4.023,4.652,-3.225,-5.297,4.332,-2.073,7.350,0.949,11.110,2.218,7.492,1.108,11.124,4.371,4.109,30.734,87.625,-1.538,-8.039,-47.188,-90.750
4551.251,100.0,50.0,3.604,8.547,32.594,86.812,-2.875,-11.156,-49.438,-90.125,-0.630,4.012,32.739,97.398,1.060,-6.332,-48.469,-100.068,-5.379,3.396,7.102,-4.031,4.609,-3.213,-5.422,4.348,-2.076,7.352,0.949,11.108,2.215,7.492,1.108,11.124,3.910,4.285,28.031,87.312,-1.472,-7.906,-47.062,-91.375
4551.351,100.0,50.0,3.611,8.555,32.594,86.812,-2.871,-11.164,-49.438,-90.125,-0.630,4.012,32.739,97.398,1.060,-6.332,-48.469,-100.068,-5.434,3.459,6.977,-4.043,4.691,-3.340,-5.391,4.340,-2.071,7.348,0.946,11.108,2.217,7.488,1.105,11.123,4.043,4.172,30.734,87.625,-1.428,-7.711,-47.000,-91.312
4551.453,100.0,50.0,3.609,8.539,32.594,86.875,-2.869,-11.164,-49.438,-90.125,-0.630,4.012,32.739,97.398,1.060,-6.332,-48.469,-100.068,-5.305,3.322,6.945,-4.023,4.453,-3.367,-5.254,4.414,-2.073,7.359,0.955,11.111,2.218,7.488,1.105,11.123,4.043,4.109,31.703,88.438,-1.802,-7.863,-47.156,-91.312
4551.553,100.0,50.0,3.615,8.547,32.594,86.875,-2.865,-11.156,-49.438,-90.125,-0.630,4.012,32.739,97.398,1.060,-6.332,-48.469,-100.068,-5.418,3.412,7.039,-4.059,4.699,-3.346,-5.266,4.414,-2.070,7.355,0.952,11.111,2.221,7.492,1.108,11.124,4.262,3.910,29.781,87.125,-1.802,-8.086,-47.219,-90.812
4551.655,100.0,50.0,3.605,8.547,32.594,86.875,-2.861,-11.156,-49.438,-90.125,-0.630,4.012,32.739,97.398,1.060,-6.332,-48.469,-100.068,-5.141,3.406,6.848,-4.074,4.391,-3.238,-5.262,4.426,-2.076,7.355,0.952,11.111,2.223,7.492,1.108,11.124,4.414,4.395,31.547,87.750,-1.670,-7.930,-47.219,-90.500
4551.755,100.0,50.0,3.609,8.547,32.594,86.875,-2.869,-11.164,-49.438,-90.125,-0.630,4.012,32.739,97.398,1.060,-6.332,-48.469,-100.068,-5.430,3.338,7.062,-4.062,4.727,-3.262,-5.355,4.355,-2.073,7.355,0.952,11.111,2.218,7.488,1.105,11.123,3.910,4.898,31.062,87.438,-1.472,-7.930,-47.188,-91.875
4551.855,100.0,50.0,3.611,8.539,32.594,86.875,-2.861,-11.156,-49.438,-90.125,-0.630,4.012,32.739,97.398,1.060,-6.332,-48.469,-100.068,-5.328,3.387,7.043,-4.059,4.559,-3.309,-5.289,4.387,-2.072,7.359,0.955,11.111,2.223,7.492,1.108,11.124,3.822,4.172,30.422,86.938,-1.999,-7.844,-47.250,-91.375
4551.957,100.0,50.0,3.605,8.547,32.594,86.812,-2.865,-11.156,-49.438,-90.125,-0.630,4.012,32.739,97.398,1.060,-6.332,-48.469,-100.068,-5.289,3.422,6.980,-4.023,4.629,-3.266,-5.371,4.352,-2.075,7.352,0.949,11.108,2.221,7.492,1.108,11.124,3.889,4.285,30.906,87.438,-1.999,-8.086,-47.125,-91.750
4552.059,100.0,50.0,3.609,8.555,32.594,86.875,-2.869,-11.156,-49.438,-90.125,-0.630,4.012,32.739,97.398,1.060,-6.332,-48.469,-100.068,-5.402,3.268,7.012,-3.994,4.453,-3.305,-5.207,4.410,-2.073,7.350,0.949,11.110,2.218,7.492,1.108,11.124,3.691,4.504,30.906,88.125,-1.032,-7.777,-47.031,-90.500
4552.159,100.0,50.0,3.604,8.547,32.594,86.875,-2.859,-11.164,-49.438,-90.125,-0.630,4.012,32.739,97.398,1.060,-6.332,-48.469,-100.068,-5.410,3.344,6.980,-3.990,4.707,-3.234,-5.289,4.402,-2.077,7.355,0.952,11.111,2.224,7.488,1.105,11.124,3.953,5.117,30.906,87.438,-1.538,-8.062,-47.344,-91.375
4552.261,100.0,50.0,3.609,8.539,32.594,86.875,-2.865,-11.148,-49.438,-90.125,-0.630,4.012,32.739,97.398,1.060,-6.332,-48.469,-100.068,-5.387,3.516,6.914,-4.090,4.723,-3.314,-5.262,4.301,-2.073,7.359,0.955,11.111,2.221,7.497,1.111,11.124,4.020,4.504,32.719,87.938,-1.538,-8.016,-47.000,-91.375
4552.363,100.0,50.0,3.611,8.547,32.594,86.875,-2.865,-11.156,-49.438,-90.125,-0.630,4.012,32.739,97.398,1.060,-6.332,-48.469,-100.068,-5.281,3.312,6.875,-3.994,4.602,-3.275,-5.383,4.418,-2.072,7.355,0.952,11.111,2.221,7.492,1.108,11.124,3.998,4.590,31.062,87.312,-1.604,-7.930,-47.344,-91.312
4552.465,100.0,50.0,3.609,8.547,32.594,86.875,-2.871,-11.156,-49.438,-90.125,-0.630,4.012,32.739,97.398,1.060,-6.332,-48.469,-100.068,-5.355,3.387,7.094,-4.055,4.738,-3.156,-5.316,4.410,-2.073,7.355,0.952,11.111,2.217,7.492,1.108,11.124,3.977,4.109,31.219,87.875,-1.538,-7.863,-47.219,-91.062
4552.565,100.0,50.0,3.605,8.555,32.594,86.875,-2.869,-11.156,-49.438,-90.125,-0.630,4.012,32.739,97.398,1.060,-6.332,-48.469,-100.068,-5.051,3.361,6.934,-4.051,4.824,-3.303,-5.383,4.395,-2.076,7.350,0.949,11.110,2.218,7.492,1.108,11.124,4.043,4.812,30.422,87.188,-1.604,-7.953,-47.062,-90.938
4552.665,100.0,50.0,3.605,8.547,32.594,86.875,-2.861,-11.172,-49.438,-90.125,-0.630,4.012,32.739,97.398,1.060,-6.332,-48.469,-100.068,-5.215,3.506,6.957,-4.008,4.660,-3.082,-5.363,4.457,-2.076,7.355,0.952,11.111,2.223,7.483,1.103,11.123,3.932,4.812,30.734,87.625,-1.538,-7.906,-47.125,-91.625
4552.767,100.0,50.0,3.605,8.547,32.594,86.875,-2.869,-11.156,-49.438,-90.125,-0.630,4.012,32.739,97.398,1.060,-6.332,-48.469,-100.068,-5.684,3.492,7.004,-4.078,4.758,-3.230,-5.484,4.406,-2.076,7.355,0.952,11.111,2.218,7.492,1.108,11.124,3.910,3.691,31.219,87.750,-1.999,-7.887,-47.094,-92.062
4552.867,100.0,50.0,3.604,8.547,32.594,86.875,-2.855,-11.164,-49.438,-90.125,-0.630,4.012,32.739,97.398,1.060,-6.332,-48.469,-100.068,-5.352,3.396,7.082,-4.051,4.648,-3.357,-5.352,4.422,-2.077,7.355,0.952,11.111,2.227,7.488,1.106,11.124,3.977,3.604,30.734,88.250,-1.604,-7.863,-47.281,-90.938
4552.969,100.0,50.0,3.600,8.555,32.594,86.875,-2.865,-11.156,-49.438,-90.125,-0.630,4.012,32.739,97.398,1.060,-6.332,-48.469,-100.068,-5.223,3.367,7.043,-4.078,4.633,-3.252,-5.301,4.348,-2.079,7.350,0.949,11.110,2.221,7.492,1.108,11.124,3.910,3.910,30.266,87.750,-1.428,-7.953,-47.156,-90.750
4553.071,100.0,50.0,3.611,8.555,32.594,86.875,-2.861,-11.164,-49.438,-90.125,-0.630,4.012,32.739,97.398,1.060,-6.332,-48.469,-100.068,-5.367,3.340,7.070,-3.988,4.742,-3.324,-5.426,4.371,-2.072,7.350,0.949,11.110,2.223,7.488,1.105,11.124,3.977,3.691,29.781,87.625,-1.362,-7.820,-47.062,-91.062
4553.171,100.0,50.0,3.621,8.578,32.594,86.875,-2.865,-11.164,-49.438,-90.125,-0.630,4.012,32.739,97.398,1.060,-6.332,-48.469,-100.068,-5.281,3.348,7.023,-4.109,4.723,-3.424,-5.316,4.363,-2.066,7.337,0.940,11.109,2.221,7.488,1.105,11.124,4.020,4.172,30.906,87.875,-1.933,-7.930,-47.125,-91.188
4553.273,100.0,50.0,3.619,8.586,32.594,86.812,-2.877,-11.164,-49.438,-90.125,-0.630,4.012,32.739,97.398,1.060,-6.332,-48.469,-100.068,-5.316,3.393,6.926,-4.152,4.508,-3.320,-5.160,4.352,-2.066,7.330,0.934,11.106,2.214,7.488,1.105,11.123,3.932,4.172,30.094,87.562,-1.999,-7.953,-47.312,-90.938
4553.373,100.0,50.0,3.625,8.586,32.625,86.812,-2.871,-11.164,-49.438,-90.125,-0.630,4.012,32.739,97.398,1.060,-6.332,-48.469,-100.068,-5.258,3.443,6.988,-4.039,4.504,-3.170,-5.250,4.336,-2.062,7.336,0.941,11.106,2.217,7.488,1.105,11.123,4.043,5.008,31.547,87.750,-1.867,-7.930,-47.375,-90.938
4553.475,100.0,50.0,3.625,8.648,32.625,86.812,-2.861,-11.180,-49.438,-90.125,-0.630,4.012,32.739,97.398,1.060,-6.332,-48.469,-100.068,-5.398,3.250,6.906,-3.980,4.609,-3.219,-5.398,4.406,-2.061,7.301,0.917,11.103,2.223,7.479,1.100,11.123,4.547,4.395,29.781,87.312,-1.296,-8.016,-47.094,-91.188
4553.575,100.0,50.0,3.627,8.688,32.750,86.812,-2.869,-11.180,-49.438,-90.125,-0.630,4.012,32.739,97.398,1.060,-6.332,-48.469,-100.068,-5.477,3.309,6.680,-3.994,4.684,-3.260,-5.191,4.395,-2.058,7.303,0.929,11.102,2.218,7.479,1.100,11.123,3.977,4.504,29.938,87.750,-1.802,-7.973,-47.219,-90.938
4553.677,100.0,50.0,3.650,8.812,32.969,86.875,-2.881,-11.227,-49.469,-90.125,-0.630,4.012,32.739,97.398,1.060,-6.332,-48.469,-100.068,-5.363,2.947,6.109,-4.016,4.453,-3.162,-5.223,4.426,-2.041,7.276,0.932,11.098,2.210,7.458,1.089,11.120,3.910,4.590,31.062,87.625,-1.362,-7.863,-47.188,-91.188
4553.777,100.0,50.0,3.672,9.062,33.594,86.875,-2.871,-11.266,-49.562,-90.125,-0.630,4.012,32.739,97.398,1.060,-6.332,-48.469,-100.068,-5.348,2.633,4.793,-4.059,4.570,-3.053,-5.074,4.301,-2.018,7.255,0.971,11.086,2.215,7.454,1.094,11.119,4.523,5.008,31.859,87.562,-1.867,-8.086,-47.219,-90.625
4553.879,100.0,50.0,3.678,9.383,34.594,86.875,-2.861,-11.328,-49.812,-90.062,-0.630,4.012,32.739,97.398,1.060,-6.332,-48.469,-100.068,-5.520,2.529,3.664,-4.008,4.707,-3.131,-4.332,4.352,-2.000,7.265,1.063,11.070,2.217,7.465,1.121,11.114,3.734,5.117,33.031,87.312,-1.099,-8.062,-47.375,-90.375
4553.979,100.0,50.0,3.672,9.555,35.438,86.688,-2.871,-11.367,-50.344,-90.000,-0.630,4.012,32.739,97.398,1.060,-6.332,-48.469,-100.068,-5.434,2.381,2.441,-3.740,4.797,-3.053,-3.850,4.250,-1.991,7.322,1.170,11.054,2.205,7.543,1.218,11.109,3.910,4.812,34.062,87.875,-1.296,-8.680,-48.094,-91.188
4554.081,100.0,50.0,3.658,9.867,35.812,86.250,-2.865,-11.547,-50.469,-90.000,-0.630,4.012,32.739,97.398,1.060,-6.332,-48.469,-100.068,-5.453,1.807,2.137,-3.352,4.539,-2.609,-3.701,4.375,-1.986,7.195,1.107,11.020,2.205,7.465,1.176,11.101,4.086,5.930,34.969,87.125,-1.604,-8.633,-48.062,-91.625
4554.183,100.0,50.0,3.641,10.211,36.125,85.312,-2.865,-11.859,-50.719,-90.062,-0.630,4.012,32.739,97.398,1.060,-6.332,-48.469,-100.068,-5.301,1.205,1.568,-3.051,4.633,-2.350,-3.293,4.258,-1.977,7.010,0.990,10.959,2.201,7.338,1.114,11.089,3.822,5.734,34.656,86.438,-1.802,-8.633,-48.562,-90.812
4554.285,100.0,50.0,3.590,10.750,36.375,84.625,-2.877,-12.242,-50.844,-90.000,-0.630,4.012,32.739,97.398,1.060,-6.332,-48.469,-100.068,-5.324,0.538,1.523,-2.457,4.496,-1.667,-3.340,4.301,-1.992,6.708,0.791,10.896,2.188,7.141,0.992,11.067,3.932,6.656,34.969,85.562,-1.099,-9.734,-48.656,-91.188
4554.387,100.0,50.0,3.533,11.062,36.625,84.062,-2.885,-12.820,-50.938,-89.875,-0.630,4.012,32.739,97.398,1.060,-6.332,-48.469,-100.068,-5.207,-0.128,1.141,-2.244,4.695,-0.784,-3.221,4.105,-2.015,6.542,0.687,10.849,2.176,6.822,0.785,11.033,3.932,7.270,34.969,85.062,-1.472,-10.148,-48.812,-90.812
4554.489,100.0,50.0,3.475,11.555,36.781,83.500,-2.885,-13.164,-51.219,-89.375,-0.630,4.012,32.739,97.398,1.060,-6.332,-48.469,-100.068,-4.996,-0.512,1.101,-1.954,4.746,-0.616,-2.656,3.830,-2.039,6.249,0.488,10.789,2.163,6.654,0.686,10.993,4.504,7.512,36.500,84.188,-2.131,-10.344,-49.281,-89.812
4554.591,100.0,50.0,3.451,11.930,36.875,83.312,-2.885,-13.219,-51.500,-89.125,-0.630,4.012,32.739,97.398,1.060,-6.332,-48.469,-100.068,-5.125,-1.049,1.224,-1.789,4.656,-0.625,-2.502,3.496,-2.048,6.034,0.345,10.754,2.157,6.663,0.711,10.979,3.977,7.645,35.969,84.750,-1.099,-11.094,-49.375,-90.375
4554.691,100.0,50.0,3.455,12.023,36.906,82.938,-2.885,-13.250,-51.812,-88.312,-0.630,4.012,32.739,97.398,1.060,-6.332,-48.469,-100.068,-4.918,-0.983,1.062,-1.638,4.840,-0.583,-1.802,2.926,-2.039,5.961,0.289,10.726,2.143,6.664,0.719,10.939,3.889,7.754,35.688,83.875,-2.197,-11.250,-49.719,-88.812
4554.791,100.0,50.0,3.475,12.008,37.062,82.875,-2.881,-13.266,-52.031,-87.562,-0.630,4.012,32.739,97.398,1.060,-6.332,-48.469,-100.068,-5.152,-0.994,0.799,-1.575,4.445,-0.715,-1.679,2.631,-2.024,5.996,0.324,10.724,2.133,6.656,0.715,10.901,4.480,8.500,35.531,84.438,-1.428,-11.203,-49.719,-88.000
4554.891,100.0,50.0,3.490,12.039,37.281,82.562,-2.859,-13.297,-52.500,-86.812,-0.630,4.012,32.739,97.398,1.060,-6.332,-48.469,-100.068,-5.312,-1.075,0.506,-1.198,4.773,-0.549,-0.700,2.305,-2.007,6.000,0.336,10.703,2.133,6.687,0.757,10.862,3.998,8.500,34.969,83.438,-1.670,-11.359,-50.781,-88.000
4554.991,100.0,50.0,3.500,12.180,37.375,82.188,-2.854,-13.438,-52.688,-86.062,-0.630,4.012,32.739,97.398,1.060,-6.332,-48.469,-100.068,-5.426,-1.396,0.341,-1.172,4.688,-0.238,-0.795,1.701,-1.994,5.909,0.272,10.671,2.124,6.597,0.693,10.814,4.195,8.633,37.375,82.875,-0.966,-11.227,-51.125,-87.125
4555.093,100.0,50.0,3.506,12.422,37.406,81.688,-2.850,-13.758,-52.719,-85.625,-0.630,4.012,32.739,97.398,1.060,-6.332,-48.469,-100.068,-5.133,-1.698,0.552,-0.806,4.762,0.186,-0.770,1.713,-1.981,5.737,0.144,10.624,2.118,6.388,0.543,10.769,3.889,9.625,35.688,83.125,-1.230,-11.727,-50.781,-85.688
4555.195,100.0,50.0,3.486,12.461,37.438,81.375,-2.850,-14.008,-52.750,-85.562,-0.630,4.012,32.739,97.398,1.060,-6.332,-48.469,-100.068,-5.359,-1.584,0.382,-0.619,4.746,0.586,-0.743,1.661,-1.989,5.699,0.111,10.602,2.115,6.241,0.445,10.749,3.998,9.250,37.094,82.562,-1.472,-12.062,-51.062,-86.000
4555.297,100.0,50.0,3.500,12.453,37.562,81.062,-2.859,-14.281,-52.781,-85.125,-0.630,4.012,32.739,97.398,1.060,-6.332,-48.469,-100.068,-5.055,-1.773,0.113,-0.553,4.871,1.172,-0.914,1.271,-1.974,5.706,0.117,10.583,2.100,6.057,0.311,10.705,3.910,8.500,37.781,81.438,-1.472,-12.281,-51.094,-85.562
4555.399,100.0,50.0,3.500,12.461,37.656,81.000,-2.875,-14.461,-52.875,-84.625,-0.630,4.012,32.739,97.398,1.060,-6.332,-48.469,-100.068,-5.059,-1.623,0.137,-0.570,4.859,1.188,-0.698,0.909,-1.973,5.715,0.129,10.579,2.082,5.936,0.222,10.663,3.932,9.008,37.938,81.438,-1.604,-12.477,-50.844,-84.500
4555.499,100.0,50.0,3.500,12.469,37.688,80.938,-2.902,-14.523,-53.125,-84.438,-0.630,4.012,32.739,97.398,1.060,-6.332,-48.469,-100.068,-5.168,-1.704,0.055,-0.489,4.824,1.273,-0.229,0.924,-1.971,5.712,0.128,10.574,2.059,5.934,0.236,10.647,3.998,9.383,36.125,81.875,-1.933,-12.391,-51.344,-85.125
4555.601,100.0,50.0,3.502,12.484,37.688,80.938,-2.906,-14.523,-53.250,-83.938,-0.630,4.012,32.739,97.398,1.060,-6.332,-48.469,-100.068,-5.324,-1.629,0.022,-0.457,4.879,1.317,-0.202,0.533,-1.970,5.703,0.121,10.573,2.049,5.924,0.226,10.616,3.932,9.117,37.094,81.812,-1.428,-12.781,-51.219,-84.312
4555.701,100.0,50.0,3.523,12.477,37.688,80.938,-2.893,-14.562,-53.281,-83.250,-0.630,4.012,32.739,97.398,1.060,-6.332,-48.469,-100.068,-5.070,-1.715,0.064,-0.514,4.691,1.396,-0.217,0.263,-1.956,5.707,0.124,10.573,2.048,5.860,0.164,10.571,3.977,8.875,38.500,80.875,-1.604,-12.766,-51.281,-83.812
4555.801,100.0,50.0,3.516,12.492,37.688,80.875,-2.893,-14.562,-53.250,-83.250,-0.630,4.012,32.739,97.398,1.060,-6.332,-48.469,-100.068,-5.262,-1.655,0.061,-0.417,4.586,1.293,-0.213,0.328,-1.960,5.693,0.113,10.568,2.049,5.854,0.158,10.571,3.953,8.500,38.219,81.250,-1.670,-12.719,-51.281,-82.938
4555.903,100.0,50.0,3.506,12.508,37.688,80.562,-2.896,-14.578,-53.281,-83.250,-0.630,4.012,32.739,97.398,1.060,-6.332,-48.469,-100.068,-5.254,-1.846,0.065,-0.319,4.988,1.317,-0.219,0.326,-1.962,5.662,0.083,10.547,2.046,5.850,0.158,10.570,4.480,8.500,38.062,80.812,-0.966,-12.914,-51.344,-83.688
4556.003,100.0,50.0,3.516,12.508,37.688,80.562,-2.885,-14.586,-53.281,-83.250,-0.630,4.012,32.739,97.398,1.060,-6.332,-48.469,-100.068,-5.461,-1.729,0.041,-0.242,5.023,1.487,-0.208,0.284,-1.956,5.662,0.083,10.547,2.053,5.846,0.155,10.569,3.756,8.766,37.219,80.500,-1.230,-12.672,-51.281,-83.062
4556.105,100.0,50.0,3.518,12.508,37.688,80.625,-2.893,-14.586,-53.281,-83.250,-0.630,4.012,32.739,97.398,1.060,-6.332,-48.469,-100.068,-5.301,-1.674,0.091,-0.238,4.797,1.390,-0.271,0.326,-1.955,5.667,0.088,10.551,2.048,5.846,0.155,10.569,4.043,9.117,37.094,80.688,-1.538,-12.961,-51.281,-82.625
4556.207,100.0,50.0,3.516,12.508,37.688,80.562,-2.887,-14.586,-53.281,-83.250,-0.630,4.012,32.739,97.398,1.060,-6.332,-48.469,-100.068,-4.957,-1.734,0.143,-0.265,4.965,1.367,-0.262,0.300,-1.956,5.662,0.083,10.547,2.052,5.846,0.155,10.569,3.977,9.250,37.656,80.438,-1.670,-12.656,-51.375,-82.625
4556.307,100.0,50.0,3.523,12.508,37.688,80.562,-2.885,-14.594,-53.281,-83.250,-0.630,4.012,32.739,97.398,1.060,-6.332,-48.469,-100.068,-5.262,-1.742,0.117,-0.268,4.945,1.279,-0.278,0.302,-1.950,5.662,0.083,10.547,2.053,5.841,0.151,10.569,4.414,9.992,36.656,81.125,-1.230,-12.656,-51.344,-83.375
4556.407,100.0,50.0,3.512,12.508,37.688,80.562,-2.896,-14.586,-53.281,-83.250,-0.630,4.012,32.739,97.398,1.060,-6.332,-48.469,-100.068,-5.289,-1.716,0.116,-0.314,5.012,1.404,-0.338,0.339,-1.958,5.662,0.083,10.547,2.045,5.846,0.155,10.569,3.998,9.008,37.094,80.625,-1.670,-12.414,-51.344,-84.375
4556.507,100.0,50.0,3.521,12.516,37.688,80.562,-2.885,-14.586,-53.281,-83.250,-0.630,4.012,32.739,97.398,1.060,-6.332,-48.469,-100.068,-5.539,-1.787,0.055,-0.302,4.680,1.307,-0.249,0.290,-1.952,5.658,0.080,10.547,2.053,5.846,0.155,10.569,3.977,8.258,37.781,80.562,-1.362,-12.742,-51.281,-83.125
4556.609,100.0,50.0,3.502,12.508,37.688,80.562,-2.893,-14.586,-53.281,-83.250,-0.630,4.012,32.739,97.398,1.060,-6.332,-48.469,-100.068,-5.457,-1.620,0.094,-0.347,4.820,1.392,-0.238,0.302,-1.965,5.662,0.083,10.548,2.048,5.846,0.155,10.569,3.889,8.633,37.219,80.688,-1.735,-12.719,-51.281,-83.625
4556.709,100.0,50.0,3.531,12.523,37.688,80.562,-2.893,-14.594,-53.281,-83.250,-0.630,4.012,32.739,97.398,1.060,-6.332,-48.469,-100.068,-5.344,-1.686,0.028,-0.300,4.812,1.396,-0.159,0.328,-1.945,5.653,0.076,10.546,2.048,5.841,0.151,10.569,4.062,9.117,37.500,80.875,-1.428,-12.656,-51.312,-84.062
4556.809,100.0,50.0,3.516,12.500,37.688,80.562,-2.896,-14.586,-53.281,-83.250,-0.630,4.012,32.739,97.398,1.060,-6.332,-48.469,-100.068,-5.387,-1.674,0.115,-0.284,5.031,1.276,-0.234,0.346,-1.956,5.667,0.086,10.548,2.045,5.846,0.155,10.569,4.020,8.633,37.781,80.688,-1.472,-12.609,-51.281,-83.375
4556.911,100.0,50.0,3.523,12.508,37.719,80.562,-2.893,-14.586,-53.281,-83.250,-0.630,4.012,32.739,97.398,1.060,-6.332,-48.469,-100.068,-5.117,-1.765,0.055,-0.281,4.934,1.298,-0.200,0.294,-1.950,5.668,0.089,10.547,2.048,5.846,0.155,10.569,3.953,8.875,37.500,80.625,-1.604,-12.719,-51.344,-83.500
4557.013,100.0,50.0,3.521,12.508,37.688,80.562,-2.893,-14.602,-53.281,-83.250,-0.630,4.012,32.739,97.398,1.060,-6.332,-48.469,-100.068,-5.312,-1.794,0.033,-0.314,4.824,1.424,-0.170,0.325,-1.952,5.662,0.083,10.547,2.048,5.836,0.148,10.568,3.889,8.766,37.219,80.875,-1.735,-12.719,-51.344,-82.938
4557.115,100.0,50.0,3.523,12.508,37.688,80.562,-2.887,-14.594,-53.281,-83.250,-0.630,4.012,32.739,97.398,1.060,-6.332,-48.469,-100.068,-5.473,-1.829,0.111,-0.335,4.867,1.398,-0.171,0.341,-1.950,5.662,0.083,10.547,2.052,5.841,0.151,10.569,4.523,8.500,38.062,81.250,-1.604,-12.766,-51.281,-83.938
4557.217,100.0,50.0,3.512,12.516,37.688,80.562,-2.885,-14.586,-53.281,-83.250,-0.630,4.012,32.739,97.398,1.060,-6.332,-48.469,-100.068,-5.410,-1.753,0.041,-0.316,4.598,1.362,-0.126,0.280,-1.958,5.658,0.080,10.547,2.053,5.846,0.155,10.569,3.953,9.492,38.219,80.562,-1.670,-12.805,-51.281,-83.812
4557.319,100.0,50.0,3.523,12.516,37.688,80.562,-2.887,-14.586,-53.281,-83.250,-0.630,4.012,32.739,97.398,1.060,-6.332,-48.469,-100.068,-5.117,-1.671,0.091,-0.266,4.965,1.346,-0.231,0.291,-1.950,5.658,0.080,10.547,2.052,5.846,0.155,10.569,4.020,9.008,38.781,81.375,-1.164,-12.414,-51.344,-83.125
4557.420,100.0,50.0,3.516,12.508,37.688,80.562,-2.896,-14.578,-53.281,-83.250,-0.630,4.012,32.739,97.398,1.060,-6.332,-48.469,-100.068,-5.320,-1.715,0.064,-0.257,5.070,1.408,-0.254,0.342,-1.956,5.662,0.083,10.547,2.046,5.850,0.158,10.570,3.889,8.766,37.500,80.812,-1.735,-12.523,-51.375,-83.125
4557.520,100.0,50.0,3.516,12.500,37.688,80.562,-2.893,-14.594,-53.281,-83.250,-0.630,4.012,32.739,97.398,1.060,-6.332,-48.469,-100.068,-5.168,-1.743,0.155,-0.320,4.930,1.391,-0.211,0.281,-1.956,5.667,0.086,10.548,2.048,5.841,0.151,10.569,4.043,9.383,38.062,80.688,-1.670,-12.477,-51.281,-83.250
4557.622,100.0,50.0,3.512,12.516,37.688,80.562,-2.891,-14.586,-53.281,-83.250,-0.630,4.012,32.739,97.398,1.060,-6.332,-48.469,-100.068,-5.215,-1.724,-0.025,-0.380,4.793,1.418,-0.192,0.291,-1.958,5.658,0.080,10.547,2.049,5.846,0.155,10.569,3.977,9.492,38.219,80.375,-1.472,-12.656,-51.281,-82.500
4557.722,100.0,50.0,3.516,12.516,37.688,80.562,-2.893,-14.594,-53.281,-83.250,-0.630,4.012,32.739,97.398,1.060,-6.332,-48.469,-100.068,-5.453,-1.715,0.125,-0.301,4.879,1.327,-0.177,0.317,-1.956,5.658,0.080,10.547,2.048,5.841,0.151,10.569,4.371,7.887,37.656,80.688,-1.230,-12.586,-51.281,-82.812
4557.824,100.0,50.0,3.518,12.516,37.719,80.562,-2.887,-14.594,-53.281,-83.250,-0.630,4.012,32.739,97.398,1.060,-6.332,-48.469,-100.068,-5.242,-1.759,0.011,-0.287,4.531,1.365,-0.174,0.331,-1.954,5.664,0.086,10.547,2.052,5.841,0.151,10.569,3.998,9.250,37.094,80.875,-1.802,-12.500,-51.344,-84.062
4557.924,100.0,50.0,3.518,12.516,37.688,80.562,-2.887,-14.602,-53.281,-83.250,-0.630,4.012,32.739,97.398,1.060,-6.332,-48.469,-100.068,-5.246,-1.662,0.069,-0.289,4.844,1.428,-0.267,0.268,-1.954,5.658,0.080,10.547,2.052,5.836,0.148,10.568,4.020,8.875,37.500,80.562,-1.362,-12.781,-51.312,-82.812
4558.026,100.0,50.0,3.521,12.508,37.719,80.562,-2.900,-14.594,-53.281,-83.250,-0.630,4.012,32.739,97.398,1.060,-6.332,-48.469,-100.068,-5.285,-1.794,0.083,-0.381,4.695,1.409,-0.204,0.334,-1.951,5.668,0.089,10.547,2.043,5.841,0.151,10.569,4.547,9.008,37.094,81.125,-2.328,-12.742,-51.281,-82.688
4558.128,100.0,50.0,3.523,12.508,37.688,80.562,-2.893,-14.594,-53.281,-83.250,-0.630,4.012,32.739,97.398,1.060,-6.332,-48.469,-100.068,-5.285,-1.743,0.027,-0.306,4.809,1.352,-0.329,0.329,-1.950,5.662,0.083,10.547,2.048,5.841,0.151,10.569,3.932,8.125,38.344,81.250,-1.933,-12.781,-51.281,-83.688
4558.230,100.0,50.0,3.518,12.508,37.719,80.562,-2.902,-14.594,-53.281,-83.250,-0.630,4.012,32.739,97.398,1.060,-6.332,-48.469,-100.068,-5.340,-1.729,0.039,-0.316,4.688,1.338,-0.153,0.283,-1.954,5.668,0.089,10.547,2.042,5.841,0.151,10.569,4.480,8.500,37.656,80.875,-1.230,-12.672,-51.312,-82.500
4558.330,100.0,50.0,3.533,12.508,37.688,80.562,-2.896,-14.586,-53.281,-83.250,-0.630,4.012,32.739,97.398,1.060,-6.332,-48.469,-100.068,-5.113,-1.740,0.005,-0.346,4.742,1.296,-0.220,0.289,-1.944,5.662,0.083,10.547,2.045,5.846,0.155,10.569,4.020,9.625,37.375,81.438,-1.670,-12.961,-51.281,-83.500
