t,q0,dq0,tau0,cmd0,q1,dq1,tau1,cmd1,q2,dq2,tau2,cmd2,q3,dq3,tau3,cmd3,q4,dq4,tau4,cmd4,q5,dq5,tau5,cmd5,q6,dq6,tau6,cmd6,q7,dq7,tau7,cmd7,q8,dq8,tau8,cmd8,q9,dq9,tau9,cmd9
0.0000,1.531,-0.3,-3.848,-0.630,4.691,6.0,-0.562,4.012,26.844,0.5,8.336,32.739,98.312,0.9,-0.498,97.398,-1.387,-1.1,4.121,1.060,-7.043,-0.0,0.600,-6.332,-43.031,-3.5,-7.535,-48.469,-102.062,-2.8,1.002,-100.068,0.000,0.0,0.000,0.000,0.000,0.0,0.000,0.000
0.0498,1.528,-1.2,-3.594,1.531,4.672,-3.2,-0.567,4.691,26.828,-0.6,8.297,26.844,98.375,2.1,-0.485,98.312,-1.381,2.1,4.000,-1.387,-7.039,-0.0,0.557,-7.043,-43.031,-2.4,-7.617,-43.031,-102.000,-1.0,1.076,-102.062,0.000,0.0,0.000,0.000,0.000,0.0,0.000,0.000
0.0518,1.541,3.3,-3.924,1.528,4.676,-1.6,-0.593,4.672,26.844,1.0,8.219,26.828,98.375,2.2,-0.524,98.375,-1.381,2.9,4.129,-1.381,-7.043,-1.4,0.677,-7.039,-43.031,-3.2,-7.617,-43.031,-102.062,-1.8,1.045,-102.000,0.000,0.0,0.000,0.000,0.000,0.0,0.000,0.000
0.0538,1.528,-1.9,-3.643,1.541,4.684,1.7,-0.604,4.676,26.844,1.6,8.227,26.844,98.312,-0.6,-0.540,98.375,-1.384,1.6,4.457,-1.381,-7.047,-3.5,0.676,-7.043,-43.031,-1.1,-7.559,-43.031,-102.062,-3.4,1.040,-102.062,0.000,0.0,0.000,0.000,0.000,0.0,0.000,0.000
0.0558,1.534,1.1,-3.617,1.528,4.676,-1.1,-0.587,4.684,26.828,-2.5,8.133,26.844,98.375,3.6,-0.513,98.312,-1.384,1.5,4.219,-1.384,-7.043,-0.9,0.604,-7.047,-43.031,-0.1,-7.574,-43.031,-102.000,2.7,0.988,-102.062,0.000,0.0,0.000,0.000,0.000,0.0,0.000,0.000
0.0578,1.528,-2.0,-2.740,1.534,4.680,-0.7,-0.267,4.676,26.812,-6.4,1.052,26.828,98.312,1.2,-0.114,98.375,-1.387,-0.2,0.772,-1.384,-7.035,2.7,0.178,-7.043,-43.031,5.7,-0.750,-43.031,-102.062,-2.0,0.151,-102.000,0.000,0.0,0.000,0.000,0.000,0.0,0.000,0.000
0.0598,1.550,7.0,-0.670,1.528,4.680,-1.1,-0.082,4.680,26.766,-21.7,1.430,26.812,98.312,0.0,-0.104,98.312,-1.412,-7.9,1.020,-1.387,-7.047,-2.0,0.016,-7.035,-43.000,15.0,-1.108,-43.031,-102.062,-2.1,0.166,-102.062,0.000,0.0,0.000,0.000,0.000,0.0,0.000,0.000
0.0618,1.575,12.6,-1.031,1.550,4.695,6.2,-0.028,4.680,26.672,-35.4,2.330,26.766,98.312,-0.8,-0.101,98.312,-1.440,-11.0,1.529,-1.412,-7.047,-0.2,0.147,-7.047,-42.906,27.6,-1.986,-43.000,-102.062,-7.4,0.177,-102.062,0.000,0.0,0.000,0.000,0.000,0.0,0.000,0.000
0.0638,1.610,16.2,-1.720,1.575,4.691,2.8,-0.043,4.695,26.578,-45.6,3.271,26.672,98.375,2.2,-0.120,98.312,-1.500,-21.9,2.246,-1.440,-7.055,-3.4,0.125,-7.047,-42.844,37.2,-2.748,-42.906,-102.062,-6.7,0.274,-102.062,0.000,0.0,0.000,0.000,0.000,0.0,0.000,0.000
0.0658,1.650,18.7,-2.113,1.610,4.699,4.4,-0.234,4.691,26.469,-49.8,3.752,26.578,98.375,-1.5,-0.128,98.375,-1.554,-26.2,2.598,-1.500,-7.062,-5.6,0.183,-7.055,-42.719,42.4,-3.338,-42.844,-102.062,-6.1,0.370,-102.062,0.000,0.0,0.000,0.000,0.000,0.0,0.000,0.000
0.0678,1.688,18.2,-2.168,1.650,4.711,5.5,-0.228,4.699,26.344,-57.5,4.113,26.469,98.375,0.9,-0.106,98.375,-1.601,-26.1,2.873,-1.554,-7.078,-8.7,0.168,-7.062,-42.625,52.5,-3.791,-42.719,-102.125,-10.9,0.332,-102.062,0.000,0.0,0.000,0.000,0.000,0.0,0.000,0.000
0.0704,1.710,19.3,-2.324,1.688,4.715,4.8,-0.283,4.711,26.266,-62.9,4.375,26.344,98.375,1.2,-0.124,98.375,-1.619,-22.8,3.131,-1.601,-7.062,0.8,0.255,-7.078,-42.562,52.0,-3.963,-42.625,-102.125,-6.4,0.362,-102.125,0.000,0.0,0.000,0.000,0.000,0.0,0.000,0.000
0.0727,1.782,18.7,-2.186,1.710,4.727,4.4,-0.189,4.715,26.047,-56.0,4.430,26.266,98.375,2.1,-0.148,98.375,-1.714,-20.9,3.104,-1.619,-7.074,0.3,0.248,-7.062,-42.344,51.2,-3.982,-42.562,-102.188,-11.9,0.452,-102.125,0.000,0.0,0.000,0.000,0.000,0.0,0.000,0.000
0.0749,1.805,12.3,-2.354,1.782,4.727,3.1,-0.083,4.727,25.938,-55.7,4.520,26.047,98.375,2.9,-0.095,98.375,-1.754,-19.1,2.863,-1.714,-7.086,-3.5,0.202,-7.074,-42.250,50.4,-4.105,-42.344,-102.188,-7.7,0.430,-102.188,0.000,0.0,0.000,0.000,0.000,0.0,0.000,0.000
0.0768,1.836,12.2,-2.414,1.805,4.719,-1.8,-0.182,4.727,25.844,-51.8,4.344,25.938,98.375,-0.2,-0.135,98.375,-1.798,-20.1,2.744,-1.754,-7.078,1.1,0.166,-7.086,-42.156,47.8,-4.137,-42.250,-102.188,-6.8,0.438,-102.188,0.000,0.0,0.000,0.000,0.000,0.0,0.000,0.000
0.0782,1.854,13.9,-2.215,1.836,4.734,4.6,-0.142,4.719,25.812,-44.7,4.375,25.844,98.375,3.9,-0.050,98.375,-1.817,-19.5,2.768,-1.798,-7.078,3.2,0.114,-7.078,-42.094,45.3,-3.979,-42.156,-102.188,-11.1,0.460,-102.188,0.000,0.0,0.000,0.000,0.000,0.0,0.000,0.000
0.0798,1.896,17.8,-2.410,1.854,4.719,-2.5,-0.024,4.734,25.750,-36.3,4.020,25.812,98.375,2.4,-0.069,98.375,-1.849,-16.1,2.740,-1.817,-7.086,-1.7,0.016,-7.078,-42.031,42.9,-4.055,-42.094,-102.250,-8.9,0.511,-102.188,0.000,0.0,0.000,0.000,0.000,0.0,0.000,0.000
0.0818,1.921,12.6,-2.590,1.896,4.719,-2.0,0.042,4.719,25.656,-39.9,3.926,25.750,98.375,2.1,-0.039,98.375,-1.890,-19.6,2.463,-1.849,-7.094,-4.0,0.037,-7.086,-41.938,42.0,-3.953,-42.031,-102.250,-12.1,0.441,-102.250,0.000,0.0,0.000,0.000,0.000,0.0,0.000,0.000
0.0838,1.961,18.3,-2.307,1.921,4.723,0.6,0.024,4.719,25.578,-38.6,3.814,25.656,98.375,0.4,-0.034,98.375,-1.914,-16.8,2.482,-1.890,-7.078,4.0,0.102,-7.094,-41.875,37.7,-3.779,-41.938,-102.250,-9.9,0.456,-102.250,0.000,0.0,0.000,0.000,0.000,0.0,0.000,0.000
0.0858,1.986,15.1,-2.393,1.961,4.719,0.2,0.102,4.723,25.531,-34.1,3.814,25.578,98.375,-3.2,-0.039,98.375,-1.945,-17.0,2.480,-1.914,-7.078,2.3,-0.085,-7.078,-41.812,32.5,-3.793,-41.875,-102.312,-7.0,0.437,-102.250,0.000,0.0,0.000,0.000,0.000,0.0,0.000,0.000
0.0878,2.008,12.4,-2.184,1.986,4.727,3.6,0.012,4.719,25.484,-23.7,3.742,25.531,98.375,1.1,0.016,98.375,-1.968,-14.1,2.381,-1.945,-7.078,-0.3,-0.084,-7.078,-41.750,32.0,-3.967,-41.812,-102.312,-7.3,0.336,-102.312,0.000,0.0,0.000,0.000,0.000,0.0,0.000,0.000
0.0898,2.027,10.0,-2.047,2.008,4.715,-2.0,-0.116,4.727,25.422,-28.9,3.744,25.484,98.375,-2.2,0.023,98.375,-1.983,-10.3,2.211,-1.968,-7.078,0.3,-0.093,-7.078,-41.656,36.8,-4.121,-41.750,-102.312,-6.6,0.345,-102.312,0.000,0.0,0.000,0.000,0.000,0.0,0.000,0.000
0.0918,2.043,8.5,-1.745,2.027,4.727,2.7,-0.017,4.715,25.359,-31.6,3.551,25.422,98.375,2.0,0.025,98.375,-2.016,-14.5,2.189,-1.983,-7.074,2.8,0.074,-7.078,-41.594,37.9,-4.152,-41.656,-102.312,-2.3,0.307,-102.312,0.000,0.0,0.000,0.000,0.000,0.0,0.000,0.000
0.0939,2.059,6.4,-1.902,2.043,4.730,2.6,-0.134,4.727,25.312,-26.5,3.721,25.359,98.375,-4.0,-0.037,98.375,-2.023,-10.2,2.111,-2.016,-7.070,3.6,0.027,-7.074,-41.531,34.1,-4.340,-41.594,-102.312,-2.7,0.192,-102.312,0.000,0.0,0.000,0.000,0.000,0.0,0.000,0.000
0.0958,2.084,9.3,-1.907,2.059,4.723,-0.6,-0.046,4.730,25.266,-24.1,3.992,25.312,98.375,-1.5,0.039,98.375,-2.033,-7.2,1.870,-2.023,-7.078,-1.7,0.007,-7.070,-41.438,39.5,-4.684,-41.531,-102.312,-2.9,0.171,-102.312,0.000,0.0,0.000,0.000,0.000,0.0,0.000,0.000
0.0978,2.104,8.8,-1.981,2.084,4.719,-2.4,-0.043,4.723,25.203,-28.1,4.320,25.266,98.375,-2.9,0.027,98.375,-2.047,-7.1,1.854,-2.033,-7.074,1.8,0.026,-7.078,-41.344,44.2,-4.828,-41.438,-102.312,0.1,0.178,-102.312,0.000,0.0,0.000,0.000,0.000,0.0,0.000,0.000
0.0998,2.121,9.2,-1.996,2.104,4.723,-0.7,-0.088,4.719,25.125,-33.3,4.527,25.203,98.375,-2.1,-0.069,98.375,-2.059,-6.6,1.816,-2.047,-7.070,3.8,0.031,-7.074,-41.281,43.6,-5.258,-41.344,-102.312,-2.1,0.166,-102.312,0.000,0.0,0.000,0.000,0.000,0.0,0.000,0.000
0.1018,2.150,12.8,-2.240,2.121,4.719,-2.0,0.018,4.723,25.047,-38.2,4.840,25.125,98.375,-2.5,-0.054,98.375,-2.062,-3.2,1.682,-2.059,-7.070,4.2,0.018,-7.070,-41.188,46.6,-5.398,-41.281,-102.312,-0.0,0.168,-102.312,0.000,0.0,0.000,0.000,0.000,0.0,0.000,0.000
0.1038,2.172,12.8,-2.125,2.150,4.723,0.1,0.083,4.719,24.969,-39.5,5.055,25.047,98.375,0.0,-0.055,98.375,-2.074,-4.6,1.806,-2.062,-7.078,0.7,-0.153,-7.070,-41.094,49.1,-5.516,-41.188,-102.312,4.6,0.164,-102.312,0.000,0.0,0.000,0.000,0.000,0.0,0.000,0.000
0.1058,2.188,9.9,-2.309,2.172,4.727,1.6,-0.047,4.723,24.875,-44.5,5.293,24.969,98.375,4.1,-0.121,98.375,-2.080,-4.5,1.585,-2.074,-7.066,3.6,-0.209,-7.078,-41.000,47.6,-5.781,-41.094,-102.312,5.9,0.095,-102.312,0.000,0.0,0.000,0.000,0.000,0.0,0.000,0.000
0.1078,2.203,7.7,-2.238,2.188,4.715,-4.2,-0.068,4.727,24.781,-49.1,5.660,24.875,98.375,-1.9,-0.027,98.375,-2.086,-4.5,1.518,-2.080,-7.062,1.5,-0.357,-7.066,-40.875,50.6,-6.141,-41.000,-102.312,3.0,0.161,-102.312,0.000,0.0,0.000,0.000,0.000,0.0,0.000,0.000
0.1098,2.230,12.5,-2.125,2.203,4.727,1.8,-0.007,4.715,24.688,-47.4,6.020,24.781,98.375,-1.7,-0.039,98.375,-2.080,0.9,1.540,-2.086,-7.039,7.5,-0.542,-7.062,-40.781,50.2,-6.277,-40.875,-102.312,6.6,0.068,-102.312,0.000,0.0,0.000,0.000,0.000,0.0,0.000,0.000
0.1118,2.230,6.2,-1.890,2.230,4.715,-3.3,0.084,4.727,24.594,-48.3,6.137,24.688,98.375,1.1,-0.031,98.375,-2.080,2.1,1.324,-2.080,-7.027,6.9,-0.573,-7.039,-40.688,54.6,-6.336,-40.781,-102.312,3.3,0.124,-102.312,0.000,0.0,0.000,0.000,0.000,0.0,0.000,0.000
0.1138,2.244,5.5,-1.956,2.230,4.723,2.1,0.076,4.715,24.484,-52.0,6.309,24.594,98.375,0.8,-0.013,98.375,-2.080,3.1,1.302,-2.080,-7.004,8.7,-0.607,-7.027,-40.594,49.4,-6.547,-40.688,-102.312,1.1,0.136,-102.312,0.000,0.0,0.000,0.000,0.000,0.0,0.000,0.000
0.1158,2.256,5.3,-1.928,2.244,4.715,-0.5,0.129,4.723,24.391,-53.5,6.516,24.484,98.312,-2.9,-0.009,98.375,-2.100,-4.8,1.329,-2.080,-6.996,6.1,-0.521,-7.004,-40.469,50.6,-6.824,-40.594,-102.312,1.8,0.105,-102.312,0.000,0.0,0.000,0.000,0.000,0.0,0.000,0.000
0.1178,2.271,7.6,-1.886,2.256,4.707,-4.1,0.095,4.715,24.297,-50.3,6.645,24.391,98.375,1.7,-0.034,98.312,-2.094,-0.3,1.356,-2.100,-6.980,6.6,-0.542,-6.996,-40.375,49.1,-6.695,-40.469,-102.312,-6.0,0.142,-102.312,0.000,0.0,0.000,0.000,0.000,0.0,0.000,0.000
0.1200,2.281,6.1,-1.982,2.271,4.715,0.5,0.065,4.707,24.188,-55.0,6.746,24.297,98.375,1.2,-0.037,98.375,-2.096,-0.7,1.412,-2.094,-6.973,4.4,-0.417,-6.980,-40.281,45.6,-6.844,-40.375,-102.312,0.6,0.158,-102.312,0.000,0.0,0.000,0.000,0.000,0.0,0.000,0.000
0.1221,2.291,4.9,-2.066,2.281,4.703,-2.1,0.216,4.715,24.094,-48.9,6.680,24.188,98.312,-3.2,0.003,98.375,-2.096,-0.9,1.173,-2.096,-6.965,2.8,-0.352,-6.973,-40.188,47.0,-6.754,-40.281,-102.312,-0.0,0.196,-102.312,0.000,0.0,0.000,0.000,0.000,0.0,0.000,0.000
0.1241,2.312,9.6,-2.102,2.291,4.695,-5.0,0.166,4.703,24.016,-46.1,6.691,24.094,98.312,-1.6,-0.003,98.312,-2.096,-0.7,1.273,-2.096,-6.965,2.5,-0.188,-6.965,-40.094,45.1,-6.777,-40.188,-102.312,1.9,0.217,-102.312,0.000,0.0,0.000,0.000,0.000,0.0,0.000,0.000
0.1262,2.322,8.3,-2.084,2.312,4.699,0.6,0.139,4.695,23.922,-41.1,6.855,24.016,98.312,-3.6,0.033,98.312,-2.094,0.9,1.207,-2.096,-6.965,1.4,-0.174,-6.965,-40.031,40.6,-6.691,-40.094,-102.312,1.6,0.182,-102.312,0.000,0.0,0.000,0.000,0.000,0.0,0.000,0.000
0.1278,2.338,10.4,-2.039,2.322,4.699,0.8,0.081,4.699,23.844,-42.1,6.824,23.922,98.312,-0.4,-0.082,98.312,-2.100,-1.2,1.319,-2.094,-6.965,-0.6,-0.157,-6.965,-39.969,38.4,-6.492,-40.031,-102.312,-2.7,0.199,-102.312,0.000,0.0,0.000,0.000,0.000,0.0,0.000,0.000
0.1298,2.342,6.0,-2.164,2.338,4.684,-3.3,0.033,4.699,23.766,-37.6,6.746,23.844,98.312,-2.6,-0.026,98.312,-2.100,-1.3,1.248,-2.100,-6.961,1.6,-0.184,-6.965,-39.906,31.6,-6.258,-39.969,-102.312,0.7,0.146,-102.312,0.000,0.0,0.000,0.000,0.000,0.0,0.000,0.000
0.1318,2.357,7.3,-2.137,2.342,4.691,1.7,0.167,4.684,23.688,-42.7,6.770,23.766,98.312,2.3,-0.083,98.312,-2.105,-3.6,1.312,-2.100,-6.957,1.9,-0.250,-6.961,-39.844,28.6,-6.355,-39.906,-102.312,0.2,0.239,-102.312,0.000,0.0,0.000,0.000,0.000,0.0,0.000,0.000
0.1338,2.373,7.2,-2.309,2.357,4.684,-2.4,0.086,4.691,23.609,-39.3,6.773,23.688,98.312,1.6,-0.058,98.312,-2.094,2.6,1.279,-2.105,-6.945,5.2,-0.314,-6.957,-39.781,31.6,-6.305,-39.844,-102.312,-1.4,0.175,-102.312,0.000,0.0,0.000,0.000,0.000,0.0,0.000,0.000
0.1358,2.385,7.0,-2.146,2.373,4.688,1.6,0.065,4.684,23.547,-34.2,6.758,23.609,98.312,-1.0,-0.082,98.312,-2.105,-2.6,1.427,-2.094,-6.949,0.2,-0.310,-6.945,-39.750,25.0,-6.355,-39.781,-102.312,-2.1,0.113,-102.312,0.000,0.0,0.000,0.000,0.000,0.0,0.000,0.000
0.1378,2.395,5.7,-2.068,2.385,4.684,-0.1,0.060,4.688,23.484,-34.0,6.707,23.547,98.312,-0.8,-0.071,98.312,-2.096,2.1,1.292,-2.105,-6.938,3.1,-0.364,-6.949,-39.688,24.8,-6.258,-39.750,-102.312,-0.6,0.180,-102.312,0.000,0.0,0.000,0.000,0.000,0.0,0.000,0.000
0.1398,2.406,5.9,-2.082,2.395,4.684,-1.8,-0.029,4.684,23.438,-29.7,6.668,23.484,98.312,-2.1,-0.032,98.312,-2.104,-1.1,1.251,-2.096,-6.930,3.5,-0.465,-6.938,-39.625,25.2,-6.344,-39.688,-102.312,-2.6,0.192,-102.312,0.000,0.0,0.000,0.000,0.000,0.0,0.000,0.000
0.1418,2.422,8.9,-1.976,2.406,4.680,-1.5,0.123,4.684,23.391,-23.8,6.734,23.438,98.312,0.9,-0.070,98.312,-2.100,1.3,1.287,-2.104,-6.926,1.6,-0.425,-6.930,-39.594,25.9,-6.430,-39.625,-102.312,4.2,0.172,-102.312,0.000,0.0,0.000,0.000,0.000,0.0,0.000,0.000
0.1438,2.426,4.6,-2.123,2.422,4.676,-3.0,0.019,4.680,23.328,-25.3,6.578,23.391,98.312,1.0,-0.037,98.312,-2.111,-2.5,1.457,-2.100,-6.910,5.1,-0.445,-6.926,-39.531,21.2,-6.352,-39.594,-102.312,-2.1,0.190,-102.312,0.000,0.0,0.000,0.000,0.000,0.0,0.000,0.000
0.1458,2.436,5.7,-2.012,2.426,4.684,0.4,0.043,4.676,23.281,-26.3,6.605,23.328,98.312,0.9,-0.039,98.312,-2.105,1.7,1.457,-2.111,-6.914,0.4,-0.427,-6.910,-39.500,21.7,-6.250,-39.531,-102.312,0.6,0.179,-102.312,0.000,0.0,0.000,0.000,0.000,0.0,0.000,0.000
0.1478,2.430,-0.9,-1.931,2.436,4.676,-2.6,0.014,4.684,23.234,-22.5,6.551,23.281,98.312,3.0,-0.051,98.312,-2.111,-1.6,1.341,-2.105,-6.902,3.1,-0.285,-6.914,-39.469,18.1,-6.277,-39.500,-102.312,1.3,0.167,-102.312,0.000,0.0,0.000,0.000,0.000,0.0,0.000,0.000
0.1502,2.438,0.6,-1.958,2.430,4.680,-0.2,0.081,4.676,23.188,-23.6,6.504,23.234,98.312,-0.5,-0.103,98.312,-2.109,0.7,1.412,-2.111,-6.902,2.9,-0.198,-6.902,-39.406,19.4,-6.297,-39.469,-102.312,-2.2,0.197,-102.312,0.000,0.0,0.000,0.000,0.000,0.0,0.000,0.000
0.1529,2.447,2.5,-1.825,2.438,4.676,-1.6,0.031,4.680,23.141,-19.8,6.324,23.188,98.312,-0.5,-0.072,98.312,-2.119,-1.5,1.502,-2.109,-6.898,2.3,-0.218,-6.902,-39.344,21.8,-6.316,-39.406,-102.312,-0.0,0.225,-102.312,0.000,0.0,0.000,0.000,0.000,0.0,0.000,0.000
0.1550,2.445,-1.4,-1.857,2.447,4.680,-0.4,-0.052,4.676,23.094,-18.0,6.379,23.141,98.312,3.1,-0.067,98.312,-2.125,-3.3,1.438,-2.119,-6.898,2.2,-0.169,-6.898,-39.312,18.3,-6.480,-39.344,-102.312,1.0,0.202,-102.312,0.000,0.0,0.000,0.000,0.000,0.0,0.000,0.000
0.1569,2.453,2.2,-1.681,2.445,4.676,-1.7,-0.044,4.680,23.078,-12.9,6.227,23.094,98.312,1.3,-0.058,98.312,-2.121,-1.0,1.378,-2.125,-6.902,-0.0,-0.200,-6.898,-39.312,15.7,-6.328,-39.312,-102.312,0.4,0.256,-102.312,0.000,0.0,0.000,0.000,0.000,0.0,0.000,0.000
0.1581,2.451,0.2,-1.672,2.453,4.676,-1.6,0.032,4.676,23.062,-10.6,6.266,23.078,98.312,1.2,-0.062,98.312,-2.111,4.5,1.484,-2.121,-6.902,-1.3,-0.165,-6.902,-39.281,18.9,-6.340,-39.312,-102.312,-1.4,0.233,-102.312,0.000,0.0,0.000,0.000,0.000,0.0,0.000,0.000
0.1598,2.453,1.0,-1.667,2.451,4.676,-2.4,0.031,4.676,23.031,-18.2,6.285,23.062,98.312,2.8,-0.097,98.312,-2.127,-2.6,1.369,-2.111,-6.906,-1.7,-0.096,-6.902,-39.250,15.9,-6.426,-39.281,-102.312,1.8,0.205,-102.312,0.000,0.0,0.000,0.000,0.000,0.0,0.000,0.000
0.1618,2.463,4.4,-1.771,2.453,4.688,3.7,0.004,4.676,23.016,-12.9,6.070,23.031,98.312,1.3,-0.091,98.312,-2.125,0.2,1.436,-2.127,-6.902,0.8,-0.036,-6.906,-39.219,13.9,-6.293,-39.250,-102.312,2.5,0.251,-102.312,0.000,0.0,0.000,0.000,0.000,0.0,0.000,0.000
0.1638,2.461,1.1,-1.730,2.463,4.680,-1.0,0.028,4.688,23.000,-9.9,6.121,23.016,98.312,-3.0,-0.075,98.312,-2.135,-2.8,1.478,-2.125,-6.902,1.5,-0.213,-6.902,-39.219,9.5,-6.242,-39.219,-102.312,-1.4,0.212,-102.312,0.000,0.0,0.000,0.000,0.000,0.0,0.000,0.000
0.1658,2.467,2.4,-1.870,2.461,4.680,-1.6,-0.056,4.680,22.984,-8.1,6.141,23.000,98.312,-0.4,-0.102,98.312,-2.135,-1.9,1.396,-2.135,-6.902,0.9,-0.188,-6.902,-39.188,10.7,-6.344,-39.219,-102.312,1.8,0.188,-102.312,0.000,0.0,0.000,0.000,0.000,0.0,0.000,0.000
0.1678,2.467,-0.3,-1.782,2.467,4.684,-0.2,0.060,4.680,22.953,-10.6,5.980,22.984,98.312,0.9,-0.068,98.312,-2.135,-1.6,1.254,-2.135,-6.906,0.1,-0.083,-6.902,-39.156,13.8,-6.238,-39.188,-102.312,-0.6,0.180,-102.312,0.000,0.0,0.000,0.000,0.000,0.0,0.000,0.000
0.1698,2.479,3.8,-1.942,2.467,4.684,-1.0,-0.013,4.684,22.953,-10.0,5.891,22.953,98.312,-0.1,-0.142,98.312,-2.143,-4.7,1.442,-2.135,-6.910,-0.9,-0.167,-6.906,-39.125,9.8,-6.316,-39.156,-102.312,2.3,0.180,-102.312,0.000,0.0,0.000,0.000,0.000,0.0,0.000,0.000
0.1718,2.482,2.7,-2.008,2.479,4.684,-1.1,0.065,4.684,22.938,-4.9,5.945,22.953,98.312,0.2,-0.105,98.312,-2.137,-1.3,1.421,-2.143,-6.914,-1.5,-0.130,-6.910,-39.094,15.2,-6.223,-39.125,-102.312,-2.0,0.210,-102.312,0.000,0.0,0.000,0.000,0.000,0.0,0.000,0.000
0.1738,2.488,3.6,-1.940,2.482,4.703,8.0,-0.010,4.684,22.938,-4.0,5.988,22.938,98.312,1.6,-0.051,98.312,-2.137,-1.2,1.384,-2.137,-6.906,1.5,-0.198,-6.914,-39.094,8.8,-6.293,-39.094,-102.312,0.6,0.201,-102.312,0.000,0.0,0.000,0.000,0.000,0.0,0.000,0.000
0.1761,2.488,1.2,-1.966,2.488,4.691,2.1,0.072,4.703,22.922,-2.2,6.000,22.938,98.312,-1.6,-0.131,98.312,-2.135,1.2,1.413,-2.137,-6.914,-0.8,-0.151,-6.906,-39.062,7.7,-6.266,-39.094,-102.312,-0.6,0.197,-102.312,0.000,0.0,0.000,0.000,0.000,0.0,0.000,0.000
0.1783,2.494,1.2,-2.064,2.488,4.688,-1.8,-0.156,4.691,22.922,-3.7,5.914,22.922,98.312,-2.9,-0.113,98.312,-2.137,-0.4,1.282,-2.135,-6.914,-0.2,-0.110,-6.914,-39.031,12.9,-6.164,-39.062,-102.312,1.9,0.224,-102.312,0.000,0.0,0.000,0.000,0.000,0.0,0.000,0.000
0.1804,2.508,3.0,-2.012,2.494,4.699,2.0,-0.030,4.688,22.906,-4.6,5.844,22.922,98.312,0.9,-0.104,98.312,-2.137,-0.8,1.378,-2.137,-6.918,-0.7,-0.185,-6.914,-39.031,7.4,-6.203,-39.031,-102.312,3.5,0.223,-102.312,0.000,0.0,0.000,0.000,0.000,0.0,0.000,0.000
0.1822,2.514,3.9,-2.146,2.508,4.695,0.6,0.053,4.699,22.906,-3.8,5.988,22.906,98.312,5.2,-0.083,98.312,-2.143,-3.6,1.355,-2.137,-6.922,-2.7,-0.010,-6.918,-39.031,6.7,-6.230,-39.031,-102.312,0.4,0.179,-102.312,0.000,0.0,0.000,0.000,0.000,0.0,0.000,0.000
0.1838,2.518,2.5,-2.096,2.514,4.695,0.5,-0.042,4.695,22.891,-6.2,5.824,22.906,98.312,-1.2,-0.103,98.312,-2.131,2.8,1.318,-2.143,-6.918,0.4,-0.154,-6.922,-39.000,6.6,-6.305,-39.031,-102.312,2.7,0.176,-102.312,0.000,0.0,0.000,0.000,0.000,0.0,0.000,0.000
0.1858,2.529,4.9,-2.172,2.518,4.688,-2.5,0.034,4.695,22.875,-7.2,5.898,22.891,98.312,0.8,-0.115,98.312,-2.135,1.7,1.420,-2.131,-6.906,5.3,-0.153,-6.918,-39.000,5.2,-6.145,-39.000,-102.312,1.9,0.215,-102.312,0.000,0.0,0.000,0.000,0.000,0.0,0.000,0.000
0.1878,2.539,6.2,-2.119,2.529,4.699,1.5,0.004,4.688,22.875,-1.8,5.941,22.875,98.312,-0.5,-0.124,98.312,-2.135,0.7,1.156,-2.135,-6.922,-1.9,-0.139,-6.906,-38.969,5.3,-6.105,-39.000,-102.312,0.4,0.236,-102.312,0.000,0.0,0.000,0.000,0.000,0.0,0.000,0.000
0.1898,2.541,4.5,-2.049,2.539,4.695,-0.7,-0.040,4.699,22.875,-4.1,6.039,22.875,98.312,0.8,-0.137,98.312,-2.137,-0.5,1.329,-2.135,-6.922,-1.2,-0.075,-6.922,-38.969,1.6,-6.043,-38.969,-102.312,-2.6,0.266,-102.312,0.000,0.0,0.000,0.000,0.000,0.0,0.000,0.000
0.1918,2.551,5.9,-2.055,2.541,4.699,-0.0,-0.006,4.695,22.859,-2.4,6.000,22.875,98.312,-2.9,-0.143,98.312,-2.135,1.1,1.394,-2.137,-6.918,1.0,-0.093,-6.922,-38.969,4.1,-6.102,-38.969,-102.312,0.2,0.264,-102.312,0.000,0.0,0.000,0.000,0.000,0.0,0.000,0.000
0.1938,2.545,-0.5,-2.168,2.551,4.695,-2.5,-0.210,4.699,22.859,-4.6,5.883,22.859,98.312,0.6,-0.118,98.312,-2.137,-0.1,1.447,-2.135,-6.918,1.0,-0.114,-6.918,-38.969,2.2,-5.996,-38.969,-102.312,-2.5,0.243,-102.312,0.000,0.0,0.000,0.000,0.000,0.0,0.000,0.000
0.1958,2.561,4.1,-2.121,2.545,4.699,-0.8,0.079,4.695,22.859,-3.6,5.781,22.859,98.312,1.9,-0.110,98.312,-2.135,1.5,1.392,-2.137,-6.926,-1.1,-0.046,-6.918,-38.969,-6.4,-6.070,-38.969,-102.312,-1.2,0.278,-102.312,0.000,0.0,0.000,0.000,0.000,0.0,0.000,0.000
0.1978,2.564,1.8,-2.277,2.561,4.703,1.4,0.051,4.699,22.859,0.0,5.879,22.859,98.312,2.1,-0.104,98.312,-2.135,0.5,1.252,-2.135,-6.926,-1.0,-0.115,-6.926,-38.969,-0.4,-6.016,-38.969,-102.312,-0.9,0.268,-102.312,0.000,0.0,0.000,0.000,0.000,0.0,0.000,0.000
0.1998,2.564,-0.0,-2.037,2.564,4.699,-1.0,-0.033,4.703,22.844,-0.8,5.875,22.859,98.312,-0.7,-0.144,98.312,-2.135,0.5,1.312,-2.135,-6.926,-0.1,-0.087,-6.926,-38.969,0.1,-6.027,-38.969,-102.312,-1.3,0.278,-102.312,0.000,0.0,0.000,0.000,0.000,0.0,0.000,0.000
0.2022,2.576,4.8,-2.100,2.564,4.715,4.9,0.027,4.699,22.844,-1.5,5.871,22.844,98.312,-0.6,-0.127,98.312,-2.137,-0.3,1.443,-2.135,-6.926,-0.0,-0.144,-6.926,-38.969,0.0,-5.938,-38.969,-102.312,-0.8,0.308,-102.312,0.000,0.0,0.000,0.000,0.000,0.0,0.000,0.000
0.2050,2.586,4.8,-2.113,2.576,4.707,0.2,-0.062,4.715,22.844,-0.4,5.910,22.844,98.312,-0.8,-0.151,98.312,-2.137,-0.6,1.341,-2.137,-6.934,-2.6,-0.163,-6.926,-38.938,2.0,-6.055,-38.969,-102.312,0.7,0.324,-102.312,0.000,0.0,0.000,0.000,0.000,0.0,0.000,0.000
0.2071,2.576,-1.8,-2.064,2.586,4.703,-2.1,-0.025,4.707,22.828,-2.5,5.895,22.844,98.312,-1.7,-0.131,98.312,-2.135,1.0,1.469,-2.137,-6.922,2.1,-0.184,-6.934,-38.938,-0.4,-6.062,-38.938,-102.312,-0.2,0.291,-102.312,0.000,0.0,0.000,0.000,0.000,0.0,0.000,0.000
0.2090,2.596,4.6,-2.191,2.576,4.703,-1.6,0.018,4.703,22.844,0.7,6.035,22.828,98.312,3.0,-0.129,98.312,-2.135,0.8,1.256,-2.135,-6.930,-0.9,-0.147,-6.922,-38.938,-0.8,-5.840,-38.938,-102.312,-0.3,0.264,-102.312,0.000,0.0,0.000,0.000,0.000,0.0,0.000,0.000
0.2105,2.582,-2.6,-1.916,2.596,4.711,0.2,-0.013,4.703,22.828,-1.8,5.945,22.844,98.312,0.4,-0.161,98.312,-2.135,1.9,1.526,-2.135,-6.918,4.1,-0.155,-6.930,-38.938,-0.6,-5.945,-38.938,-102.312,0.4,0.337,-102.312,0.000,0.0,0.000,0.000,0.000,0.0,0.000,0.000
0.2118,2.592,1.6,-1.974,2.582,4.711,-0.3,-0.051,4.711,22.828,-0.5,5.793,22.828,98.312,3.5,-0.168,98.312,-2.135,2.3,1.487,-2.135,-6.922,1.9,-0.237,-6.918,-38.938,-1.5,-5.918,-38.938,-102.312,3.2,0.269,-102.312,0.000,0.0,0.000,0.000,0.000,0.0,0.000,0.000
0.2138,2.602,4.1,-2.014,2.592,4.711,-0.7,0.068,4.711,22.828,-1.2,5.934,22.828,98.312,1.9,-0.150,98.312,-2.131,2.8,1.361,-2.135,-6.930,-1.0,-0.170,-6.922,-38.938,-1.4,-6.023,-38.938,-102.312,0.4,0.289,-102.312,0.000,0.0,0.000,0.000,0.000,0.0,0.000,0.000
0.2158,2.602,2.8,-1.964,2.602,4.715,1.5,0.003,4.711,22.828,-2.1,5.934,22.828,98.312,1.2,-0.123,98.312,-2.135,0.8,1.261,-2.131,-6.926,0.4,-0.209,-6.930,-38.938,2.8,-6.090,-38.938,-102.312,0.4,0.342,-102.312,0.000,0.0,0.000,0.000,0.000,0.0,0.000,0.000
0.2178,2.605,3.1,-2.016,2.602,4.715,1.6,0.073,4.715,22.844,4.7,5.875,22.828,98.312,-1.4,-0.136,98.312,-2.137,-0.4,1.308,-2.135,-6.926,0.3,-0.153,-6.926,-38.938,1.5,-5.898,-38.938,-102.312,-1.6,0.275,-102.312,0.000,0.0,0.000,0.000,0.000,0.0,0.000,0.000
0.2198,2.602,0.5,-1.923,2.605,4.715,0.3,-0.000,4.715,22.828,0.8,5.902,22.844,98.312,2.4,-0.129,98.312,-2.135,0.8,1.335,-2.137,-6.926,-0.8,-0.291,-6.926,-38.938,3.6,-6.066,-38.938,-102.312,-1.5,0.327,-102.312,0.000,0.0,0.000,0.000,0.000,0.0,0.000,0.000
0.2218,2.598,-1.6,-1.926,2.602,4.715,0.8,-0.057,4.715,22.828,2.0,5.828,22.828,98.312,2.3,-0.144,98.312,-2.137,-0.5,1.372,-2.135,-6.922,0.9,-0.193,-6.926,-38.938,-2.3,-6.113,-38.938,-102.312,-0.8,0.365,-102.312,0.000,0.0,0.000,0.000,0.000,0.0,0.000,0.000
0.2238,2.602,-0.3,-1.874,2.598,4.715,-1.0,0.020,4.715,22.828,-1.4,5.902,22.828,98.312,0.9,-0.158,98.312,-2.137,-0.3,1.331,-2.137,-6.918,1.7,-0.234,-6.922,-38.938,2.3,-6.012,-38.938,-102.312,0.6,0.280,-102.312,0.000,0.0,0.000,0.000,0.000,0.0,0.000,0.000
0.2258,2.605,1.2,-1.871,2.602,4.715,0.4,0.032,4.715,22.828,1.3,5.828,22.828,98.312,-0.1,-0.182,98.312,-2.141,-1.2,1.390,-2.137,-6.926,-0.9,-0.124,-6.918,-38.938,-1.3,-5.938,-38.938,-102.312,5.1,0.344,-102.312,0.000,0.0,0.000,0.000,0.000,0.0,0.000,0.000
0.2281,2.605,0.8,-1.930,2.605,4.715,0.8,0.050,4.715,22.828,0.8,6.000,22.828,98.312,-2.0,-0.188,98.312,-2.141,-1.6,1.252,-2.141,-6.930,-2.5,-0.154,-6.926,-38.938,-0.3,-5.953,-38.938,-102.312,-4.2,0.316,-102.312,0.000,0.0,0.000,0.000,0.000,0.0,0.000,0.000
0.2302,2.605,0.7,-1.906,2.605,4.715,-0.2,-0.037,4.715,22.828,-0.2,5.867,22.828,98.312,4.4,-0.162,98.312,-2.131,2.9,1.349,-2.141,-6.918,2.0,-0.180,-6.930,-38.938,2.2,-6.117,-38.938,-102.312,1.9,0.353,-102.312,0.000,0.0,0.000,0.000,0.000,0.0,0.000,0.000
0.2322,2.602,-0.8,-1.887,2.605,4.715,-1.6,-0.001,4.715,22.828,-1.9,5.945,22.828,98.312,-0.7,-0.141,98.312,-2.141,-1.7,1.357,-2.131,-6.930,-2.0,-0.157,-6.918,-38.938,1.5,-5.984,-38.938,-102.312,-2.4,0.306,-102.312,0.000,0.0,0.000,0.000,0.000,0.0,0.000,0.000
0.2342,2.602,-0.9,-1.884,2.602,4.715,-2.0,0.006,4.715,22.828,-1.3,5.926,22.828,98.312,-1.4,-0.140,98.312,-2.141,-2.4,1.287,-2.141,-6.930,-2.3,-0.191,-6.930,-38.938,0.3,-6.066,-38.938,-102.312,1.8,0.318,-102.312,0.000,0.0,0.000,0.000,0.000,0.0,0.000,0.000
0.2358,2.602,-0.7,-1.822,2.602,4.727,3.5,0.027,4.715,22.828,-2.5,6.027,22.828,98.312,0.4,-0.157,98.312,-2.137,0.6,1.500,-2.141,-6.926,-0.6,-0.180,-6.930,-38.938,-1.3,-6.180,-38.938,-102.312,-0.6,0.290,-102.312,0.000,0.0,0.000,0.000,0.000,0.0,0.000,0.000
0.2378,2.607,2.0,-1.888,2.602,4.703,-6.8,0.001,4.727,22.828,-1.5,5.848,22.828,98.312,-0.1,-0.189,98.312,-2.137,0.0,1.337,-2.137,-6.926,-0.6,-0.157,-6.926,-38.938,2.6,-5.969,-38.938,-102.312,-1.0,0.354,-102.312,0.000,0.0,0.000,0.000,0.000,0.0,0.000,0.000
0.2398,2.602,-0.6,-1.871,2.607,4.715,-0.6,0.057,4.703,22.828,2.0,5.848,22.828,98.312,3.6,-0.177,98.312,-2.135,1.3,1.318,-2.137,-6.926,-0.4,-0.216,-6.926,-38.938,-0.4,-6.062,-38.938,-102.312,1.5,0.264,-102.312,0.000,0.0,0.000,0.000,0.000,0.0,0.000,0.000
0.2418,2.602,-0.4,-1.904,2.602,4.719,1.6,0.101,4.715,22.828,0.1,5.871,22.828,98.312,-3.1,-0.191,98.312,-2.137,-0.2,1.310,-2.135,-6.926,-0.6,-0.221,-6.926,-38.938,3.6,-6.078,-38.938,-102.312,2.2,0.356,-102.312,0.000,0.0,0.000,0.000,0.000,0.0,0.000,0.000
0.2438,2.602,-0.9,-1.943,2.602,4.715,-0.2,0.070,4.719,22.828,0.1,6.004,22.828,98.312,3.2,-0.167,98.312,-2.137,-0.3,1.318,-2.137,-6.918,1.9,-0.205,-6.926,-38.938,2.1,-6.012,-38.938,-102.312,0.3,0.351,-102.312,0.000,0.0,0.000,0.000,0.000,0.0,0.000,0.000
0.2458,2.607,2.3,-1.892,2.602,4.719,1.3,0.014,4.715,22.828,-3.1,5.879,22.828,98.312,-4.0,-0.157,98.312,-2.137,-0.1,1.305,-2.137,-6.926,-1.0,-0.241,-6.918,-38.938,0.8,-6.098,-38.938,-102.312,-1.0,0.369,-102.312,0.000,0.0,0.000,0.000,0.000,0.0,0.000,0.000
0.2478,2.605,0.9,-1.883,2.607,4.715,-0.4,0.041,4.719,22.828,0.6,6.043,22.828,98.312,-4.0,-0.155,98.312,-2.137,0.8,1.476,-2.137,-6.926,-0.1,-0.168,-6.926,-38.938,-1.0,-5.953,-38.938,-102.312,-3.4,0.263,-102.312,0.000,0.0,0.000,0.000,0.000,0.0,0.000,0.000
0.2498,2.605,0.7,-1.904,2.605,4.715,-0.8,0.062,4.715,22.828,-1.9,5.883,22.828,98.312,-0.1,-0.103,98.312,-2.135,2.2,1.352,-2.137,-6.922,1.8,-0.139,-6.926,-38.938,1.5,-5.938,-38.938,-102.312,0.2,0.364,-102.312,0.000,0.0,0.000,0.000,0.000,0.0,0.000,0.000
0.2518,2.611,3.6,-1.890,2.605,4.715,-1.1,0.070,4.715,22.828,-0.6,5.848,22.828,98.312,5.7,-0.159,98.312,-2.127,4.9,1.301,-2.135,-6.926,-0.3,-0.236,-6.922,-38.938,1.3,-6.059,-38.938,-102.312,-0.0,0.381,-102.312,0.000,0.0,0.000,0.000,0.000,0.0,0.000,0.000
0.2540,2.607,1.6,-1.879,2.611,4.715,-2.3,0.005,4.715,22.828,0.7,5.902,22.828,98.312,-1.6,-0.187,98.312,-2.137,0.1,1.275,-2.127,-6.918,4.2,-0.206,-6.926,-38.938,1.9,-6.199,-38.938,-102.312,-0.9,0.327,-102.312,0.000,0.0,0.000,0.000,0.000,0.0,0.000,0.000
0.2567,2.605,-0.5,-1.975,2.607,4.723,1.6,0.005,4.715,22.828,0.7,5.988,22.828,98.312,3.2,-0.175,98.312,-2.135,1.4,1.341,-2.137,-6.926,-0.7,-0.214,-6.918,-38.938,2.0,-6.000,-38.938,-102.312,1.0,0.379,-102.312,0.000,0.0,0.000,0.000,0.000,0.0,0.000,0.000
0.2586,2.607,0.8,-1.963,2.605,4.727,3.0,0.069,4.723,22.828,0.5,5.980,22.828,98.312,1.7,-0.179,98.312,-2.141,-0.9,1.459,-2.135,-6.930,-1.8,-0.180,-6.926,-38.938,-1.1,-6.016,-38.938,-102.312,-0.5,0.352,-102.312,0.000,0.0,0.000,0.000,0.000,0.0,0.000,0.000
0.2606,2.611,2.5,-1.871,2.607,4.723,1.0,-0.005,4.727,22.828,0.6,5.992,22.828,98.312,-2.6,-0.205,98.312,-2.135,2.3,1.415,-2.141,-6.914,5.9,-0.150,-6.930,-38.938,0.2,-6.102,-38.938,-102.312,-0.3,0.414,-102.312,0.000,0.0,0.000,0.000,0.000,0.0,0.000,0.000
0.2622,2.605,-0.3,-1.841,2.611,4.719,-0.1,0.064,4.723,22.828,-0.8,5.961,22.828,98.312,-4.2,-0.194,98.312,-2.135,1.5,1.299,-2.135,-6.922,1.5,-0.144,-6.914,-38.938,3.0,-6.094,-38.938,-102.312,-1.4,0.387,-102.312,0.000,0.0,0.000,0.000,0.000,0.0,0.000,0.000
0.2638,2.607,1.5,-1.917,2.605,4.715,-2.8,0.101,4.719,22.828,-3.0,6.059,22.828,98.312,0.6,-0.241,98.312,-2.141,-1.3,1.452,-2.135,-6.922,0.8,-0.208,-6.922,-38.938,-2.0,-6.164,-38.938,-102.312,1.6,0.381,-102.312,0.000,0.0,0.000,0.000,0.000,0.0,0.000,0.000
0.2658,2.605,0.2,-1.914,2.607,4.723,1.6,0.091,4.715,22.828,0.2,6.004,22.828,98.312,-2.0,-0.207,98.312,-2.143,-2.3,1.339,-2.141,-6.922,-0.1,-0.287,-6.922,-38.938,0.9,-6.051,-38.938,-102.312,-0.2,0.358,-102.312,0.000,0.0,0.000,0.000,0.000,0.0,0.000,0.000
0.2678,2.611,2.4,-1.991,2.605,4.715,-1.6,0.029,4.723,22.828,-2.1,5.965,22.828,98.312,1.2,-0.216,98.312,-2.137,0.7,1.357,-2.143,-6.922,-0.5,-0.291,-6.922,-38.938,0.8,-6.047,-38.938,-102.312,1.5,0.417,-102.312,0.000,0.0,0.000,0.000,0.000,0.0,0.000,0.000
0.2698,2.605,-0.9,-1.861,2.611,4.715,-3.0,-0.045,4.715,22.828,-0.3,5.980,22.828,98.312,0.2,-0.241,98.312,-2.125,6.5,1.319,-2.137,-6.918,1.3,-0.200,-6.922,-38.938,-1.1,-6.102,-38.938,-102.312,3.3,0.396,-102.312,0.000,0.0,0.000,0.000,0.000,0.0,0.000,0.000
0.2718,2.607,1.0,-1.986,2.605,4.719,-0.5,-0.015,4.715,22.828,-0.4,6.043,22.828,98.312,3.5,-0.190,98.312,-2.146,-3.1,1.492,-2.125,-6.922,-0.1,-0.181,-6.918,-38.938,2.2,-6.020,-38.938,-102.312,-0.1,0.379,-102.312,0.000,0.0,0.000,0.000,0.000,0.0,0.000,0.000
0.2738,2.607,0.6,-1.954,2.607,4.730,3.7,0.111,4.719,22.828,0.8,6.039,22.828,98.312,-6.0,-0.254,98.312,-2.141,-0.5,1.515,-2.146,-6.918,3.5,-0.199,-6.922,-38.938,-0.5,-6.234,-38.938,-102.312,3.3,0.398,-102.312,0.000,0.0,0.000,0.000,0.000,0.0,0.000,0.000
0.2758,2.607,-0.1,-2.025,2.607,4.719,-1.2,0.089,4.730,22.828,-2.1,5.996,22.828,98.312,-2.8,-0.220,98.312,-2.135,2.1,1.303,-2.141,-6.922,-0.1,-0.220,-6.918,-38.938,1.6,-6.141,-38.938,-102.312,-1.5,0.400,-102.312,0.000,0.0,0.000,0.000,0.000,0.0,0.000,0.000
0.2778,2.607,0.8,-1.828,2.607,4.723,1.4,0.161,4.719,22.828,0.4,5.852,22.828,98.312,1.1,-0.184,98.312,-2.143,-2.6,1.315,-2.135,-6.918,1.7,-0.236,-6.922,-38.938,-0.4,-6.246,-38.938,-102.312,-1.6,0.432,-102.312,0.000,0.0,0.000,0.000,0.000,0.0,0.000,0.000
0.2798,2.611,2.3,-1.823,2.607,4.730,2.9,-0.005,4.723,22.844,1.7,5.953,22.828,98.312,1.1,-0.225,98.312,-2.137,1.6,1.402,-2.143,-6.922,-0.3,-0.307,-6.918,-38.938,-2.7,-6.207,-38.938,-102.312,-1.1,0.476,-102.312,0.000,0.0,0.000,0.000,0.000,0.0,0.000,0.000
0.2818,2.602,-2.1,-1.799,2.611,4.723,-0.2,0.071,4.730,22.828,-2.6,6.008,22.844,98.312,-1.9,-0.230,98.312,-2.146,-3.7,1.328,-2.137,-6.914,2.8,-0.281,-6.922,-38.938,-0.1,-6.117,-38.938,-102.312,-0.6,0.355,-102.312,0.000,0.0,0.000,0.000,0.000,0.0,0.000,0.000
0.2840,2.607,1.4,-1.894,2.602,4.727,2.2,0.101,4.723,22.828,0.4,6.004,22.828,98.312,-2.8,-0.260,98.312,-2.143,-1.3,1.431,-2.146,-6.930,-3.8,-0.210,-6.914,-38.938,0.4,-6.207,-38.938,-102.312,-3.1,0.342,-102.312,0.000,0.0,0.000,0.000,0.000,0.0,0.000,0.000
0.2862,2.602,-1.8,-1.922,2.607,4.715,-2.4,-0.022,4.727,22.828,-1.3,5.996,22.828,98.312,1.2,-0.226,98.312,-2.143,-1.8,1.353,-2.143,-6.922,-0.8,-0.206,-6.930,-38.938,-2.0,-6.074,-38.938,-102.312,1.4,0.376,-102.312,0.000,0.0,0.000,0.000,0.000,0.0,0.000,0.000
0.2883,2.607,1.1,-1.834,2.602,4.727,2.2,0.053,4.715,22.828,-1.3,6.008,22.828,98.312,-3.2,-0.271,98.312,-2.146,-4.1,1.304,-2.143,-6.914,3.5,-0.271,-6.922,-38.938,3.0,-6.137,-38.938,-102.312,1.7,0.417,-102.312,0.000,0.0,0.000,0.000,0.000,0.0,0.000,0.000
0.2906,2.607,0.9,-1.922,2.607,4.715,-2.2,0.076,4.727,22.828,0.5,6.051,22.828,98.312,1.2,-0.289,98.312,-2.141,-0.6,1.415,-2.146,-6.918,2.8,-0.185,-6.914,-38.938,-2.2,-6.238,-38.938,-102.312,0.0,0.481,-102.312,0.000,0.0,0.000,0.000,0.000,0.0,0.000,0.000
0.2923,2.607,1.1,-1.816,2.607,4.715,-2.2,0.085,4.715,22.844,1.6,6.016,22.828,98.312,1.7,-0.267,98.312,-2.135,2.5,1.368,-2.141,-6.918,2.7,-0.244,-6.918,-38.938,1.6,-6.262,-38.938,-102.312,2.8,0.436,-102.312,0.000,0.0,0.000,0.000,0.000,0.0,0.000,0.000
0.2939,2.611,2.7,-1.891,2.607,4.723,0.7,0.064,4.715,22.828,-0.0,6.094,22.844,98.312,-1.3,-0.266,98.312,-2.141,-0.7,1.335,-2.135,-6.926,-1.7,-0.194,-6.918,-38.938,3.6,-6.125,-38.938,-102.312,-0.4,0.433,-102.312,0.000,0.0,0.000,0.000,0.000,0.0,0.000,0.000
0.2958,2.602,-2.6,-1.990,2.611,4.727,2.6,0.109,4.723,22.828,-1.7,6.090,22.828,98.312,1.1,-0.240,98.312,-2.135,2.6,1.361,-2.141,-6.926,-1.8,-0.249,-6.926,-38.938,2.2,-6.113,-38.938,-102.312,-3.5,0.416,-102.312,0.000,0.0,0.000,0.000,0.000,0.0,0.000,0.000
0.2978,2.607,1.3,-1.800,2.602,4.715,-3.7,0.028,4.727,22.844,2.9,5.969,22.828,98.312,-3.6,-0.254,98.312,-2.143,-1.8,1.400,-2.135,-6.922,-0.5,-0.241,-6.926,-38.938,-1.1,-6.199,-38.938,-102.312,-1.6,0.417,-102.312,0.000,0.0,0.000,0.000,0.000,0.0,0.000,0.000
0.2998,2.607,1.2,-1.830,2.607,4.734,5.5,-0.046,4.715,22.844,2.4,6.094,22.844,98.312,-0.4,-0.317,98.312,-2.135,3.1,1.355,-2.143,-6.926,-2.1,-0.235,-6.922,-38.938,-1.4,-6.230,-38.938,-102.312,-0.1,0.412,-102.312,0.000,0.0,0.000,0.000,0.000,0.0,0.000,0.000
0.3018,2.602,-1.8,-1.879,2.607,4.715,-3.0,0.059,4.734,22.828,-0.9,6.059,22.844,98.312,-0.1,-0.287,98.312,-2.152,-5.6,1.419,-2.135,-6.926,-1.7,-0.241,-6.926,-38.938,-0.9,-6.160,-38.938,-102.312,-0.6,0.412,-102.312,0.000,0.0,0.000,0.000,0.000,0.0,0.000,0.000
0.3038,2.611,2.3,-1.943,2.602,4.727,2.0,0.125,4.715,22.828,-1.3,6.133,22.828,98.312,3.0,-0.326,98.312,-2.135,3.6,1.468,-2.152,-6.922,0.3,-0.190,-6.926,-38.938,3.7,-6.227,-38.938,-102.312,-5.7,0.385,-102.312,0.000,0.0,0.000,0.000,0.000,0.0,0.000,0.000
0.3058,2.605,-0.1,-1.820,2.611,4.719,-1.1,0.123,4.727,22.828,-4.4,6.090,22.828,98.312,-0.9,-0.318,98.312,-2.143,-1.6,1.297,-2.135,-6.926,-0.8,-0.203,-6.922,-38.906,4.6,-6.434,-38.938,-102.312,0.4,0.449,-102.312,0.000,0.0,0.000,0.000,0.000,0.0,0.000,0.000
0.3087,2.602,-1.8,-1.927,2.605,4.727,2.3,0.166,4.719,22.828,-1.2,6.156,22.828,98.312,-1.3,-0.254,98.312,-2.141,-0.4,1.362,-2.143,-6.918,1.3,-0.260,-6.926,-38.938,0.9,-6.211,-38.906,-102.312,0.8,0.401,-102.312,0.000,0.0,0.000,0.000,0.000,0.0,0.000,0.000
0.3108,2.607,0.5,-2.016,2.602,4.730,3.1,0.017,4.727,22.844,4.0,6.059,22.828,98.312,-2.3,-0.270,98.312,-2.146,-3.1,1.334,-2.141,-6.934,-4.4,-0.203,-6.918,-38.938,-3.2,-6.223,-38.938,-102.312,2.4,0.471,-102.312,0.000,0.0,0.000,0.000,0.000,0.0,0.000,0.000
0.3128,2.605,-1.0,-1.978,2.607,4.723,0.4,0.111,4.730,22.828,-1.4,6.117,22.844,98.312,-1.8,-0.293,98.312,-2.143,-1.7,1.341,-2.146,-6.926,-1.1,-0.228,-6.934,-38.938,1.1,-6.227,-38.938,-102.312,-0.0,0.388,-102.312,0.000,0.0,0.000,0.000,0.000,0.0,0.000,0.000
0.3147,2.605,-0.6,-1.844,2.605,4.719,-1.4,0.106,4.723,22.844,3.6,6.117,22.828,98.312,3.2,-0.316,98.312,-2.141,0.5,1.344,-2.143,-6.914,4.6,-0.275,-6.926,-38.938,-0.1,-6.211,-38.938,-102.312,2.0,0.480,-102.312,0.000,0.0,0.000,0.000,0.000,0.0,0.000,0.000
0.3160,2.605,-0.6,-1.859,2.605,4.719,-1.7,0.055,4.719,22.828,-2.6,6.113,22.844,98.312,-3.9,-0.282,98.312,-2.143,-1.0,1.407,-2.141,-6.922,0.4,-0.188,-6.914,-38.938,-4.1,-6.195,-38.938,-102.312,-2.2,0.455,-102.312,0.000,0.0,0.000,0.000,0.000,0.0,0.000,0.000
0.3178,2.602,-1.8,-1.858,2.605,4.727,1.6,0.149,4.719,22.844,-0.1,6.180,22.828,98.312,-0.6,-0.347,98.312,-2.137,1.8,1.412,-2.143,-6.918,2.2,-0.252,-6.922,-38.906,5.3,-6.332,-38.938,-102.312,-0.5,0.418,-102.312,0.000,0.0,0.000,0.000,0.000,0.0,0.000,0.000
0.3198,2.605,-0.8,-1.852,2.602,4.723,0.1,0.085,4.727,22.844,3.2,6.109,22.844,98.312,-0.4,-0.294,98.312,-2.150,-3.1,1.453,-2.137,-6.926,-1.0,-0.264,-6.918,-38.938,-1.5,-6.164,-38.906,-102.312,0.2,0.447,-102.312,0.000,0.0,0.000,0.000,0.000,0.0,0.000,0.000
0.3218,2.602,-2.3,-1.860,2.605,4.719,-0.7,0.159,4.723,22.828,-1.9,6.250,22.844,98.312,-0.2,-0.313,98.312,-2.143,-0.8,1.264,-2.150,-6.926,-0.6,-0.280,-6.926,-38.938,3.5,-6.371,-38.938,-102.250,2.8,0.564,-102.312,0.000,0.0,0.000,0.000,0.000,0.0,0.000,0.000
0.3238,2.602,-1.8,-1.822,2.602,4.715,-2.3,0.090,4.719,22.844,-0.7,6.027,22.828,98.312,0.2,-0.289,98.312,-2.143,-1.3,1.323,-2.143,-6.926,-0.8,-0.275,-6.926,-38.938,-2.1,-6.164,-38.938,-102.312,0.9,0.521,-102.250,0.000,0.0,0.000,0.000,0.000,0.0,0.000,0.000
0.3258,2.607,0.5,-2.002,2.602,4.719,-0.3,0.105,4.715,22.844,-0.4,6.301,22.844,98.312,-2.1,-0.291,98.312,-2.143,-1.4,1.280,-2.143,-6.918,2.5,-0.275,-6.926,-38.938,-2.0,-6.250,-38.938,-102.250,1.8,0.415,-102.312,0.000,0.0,0.000,0.000,0.000,0.0,0.000,0.000
0.3278,2.602,-1.7,-1.790,2.607,4.719,-0.2,0.160,4.719,22.844,2.2,6.230,22.844,98.312,-0.1,-0.336,98.312,-2.143,-1.5,1.343,-2.143,-6.926,-0.5,-0.251,-6.918,-38.938,1.9,-6.383,-38.938,-102.250,2.6,0.454,-102.250,0.000,0.0,0.000,0.000,0.000,0.0,0.000,0.000
0.3298,2.602,-1.8,-1.944,2.602,4.715,-2.8,0.067,4.719,22.828,-2.1,6.086,22.844,98.312,-1.7,-0.320,98.312,-2.141,-0.3,1.385,-2.143,-6.918,1.9,-0.307,-6.926,-38.938,-2.7,-6.355,-38.938,-102.250,0.9,0.500,-102.250,0.000,0.0,0.000,0.000,0.000,0.0,0.000,0.000
0.3318,2.607,1.3,-1.825,2.602,4.723,0.2,0.040,4.715,22.844,2.1,6.211,22.828,98.312,-1.2,-0.323,98.312,-2.141,0.5,1.375,-2.141,-6.930,-2.1,-0.261,-6.918,-38.938,-0.5,-6.156,-38.938,-102.250,0.7,0.519,-102.250,0.000,0.0,0.000,0.000,0.000,0.0,0.000,0.000
0.3338,2.602,-2.1,-1.922,2.607,4.715,-2.3,0.086,4.723,22.844,2.6,6.180,22.844,98.312,2.2,-0.294,98.312,-2.137,1.3,1.338,-2.141,-6.930,-2.1,-0.257,-6.930,-38.938,0.6,-6.324,-38.938,-102.312,-2.4,0.487,-102.250,0.000,0.0,0.000,0.000,0.000,0.0,0.000,0.000
0.3360,2.602,-1.3,-1.811,2.602,4.723,1.0,0.102,4.715,22.828,-1.9,6.141,22.844,98.312,-2.4,-0.346,98.312,-2.135,3.5,1.417,-2.137,-6.934,-3.5,-0.309,-6.930,-38.938,-1.5,-6.492,-38.938,-102.250,0.0,0.484,-102.312,0.000,0.0,0.000,0.000,0.000,0.0,0.000,0.000
0.3382,2.605,-0.3,-1.938,2.602,4.723,1.5,0.111,4.723,22.844,-0.4,6.230,22.828,98.312,2.1,-0.334,98.312,-2.143,-0.6,1.486,-2.135,-6.922,0.9,-0.367,-6.934,-38.938,2.5,-6.273,-38.938,-102.250,0.7,0.518,-102.250,0.000,0.0,0.000,0.000,0.000,0.0,0.000,0.000
0.3404,2.605,-0.3,-1.810,2.605,4.719,0.2,0.050,4.723,22.844,4.8,6.137,22.844,98.312,0.9,-0.313,98.312,-2.143,-1.7,1.312,-2.143,-6.926,-0.6,-0.333,-6.922,-38.938,-2.1,-6.383,-38.938,-102.250,1.2,0.539,-102.250,0.000,0.0,0.000,0.000,0.000,0.0,0.000,0.000
0.3422,2.605,-0.4,-1.921,2.605,4.719,1.4,0.234,4.719,22.844,2.9,6.391,22.844,98.312,0.0,-0.345,98.312,-2.143,-0.9,1.371,-2.143,-6.934,-3.2,-0.234,-6.926,-38.938,0.1,-6.285,-38.938,-102.312,-2.8,0.581,-102.250,0.000,0.0,0.000,0.000,0.000,0.0,0.000,0.000
0.3438,2.605,-0.7,-1.970,2.605,4.719,0.9,0.155,4.719,22.844,3.8,6.270,22.844,98.312,3.1,-0.343,98.312,-2.135,3.5,1.377,-2.143,-6.922,1.3,-0.254,-6.934,-38.938,4.3,-6.203,-38.938,-102.250,-0.2,0.561,-102.312,0.000,0.0,0.000,0.000,0.000,0.0,0.000,0.000
0.3458,2.602,-1.8,-1.785,2.605,4.719,0.5,0.104,4.719,22.828,-2.8,6.242,22.844,98.312,1.5,-0.352,98.312,-2.137,1.4,1.341,-2.135,-6.934,-4.2,-0.242,-6.922,-38.938,-0.6,-6.422,-38.938,-102.250,-2.6,0.508,-102.250,0.000,0.0,0.000,0.000,0.000,0.0,0.000,0.000
0.3478,2.607,0.9,-1.895,2.602,4.715,-1.3,0.099,4.719,22.844,-1.2,6.047,22.828,98.312,-3.1,-0.397,98.312,-2.135,2.7,1.368,-2.137,-6.918,2.9,-0.306,-6.934,-38.938,2.2,-6.453,-38.938,-102.250,1.5,0.517,-102.250,0.000,0.0,0.000,0.000,0.000,0.0,0.000,0.000
0.3498,2.611,2.5,-1.838,2.607,4.719,0.4,0.102,4.715,22.844,3.7,6.250,22.844,98.312,0.7,-0.332,98.312,-2.146,-2.5,1.516,-2.135,-6.930,-1.5,-0.279,-6.918,-38.938,-0.3,-6.449,-38.938,-102.250,2.7,0.583,-102.250,0.000,0.0,0.000,0.000,0.000,0.0,0.000,0.000
0.3518,2.613,3.9,-1.899,2.611,4.715,-2.2,0.129,4.719,22.844,-0.7,6.297,22.844,98.312,-0.4,-0.359,98.312,-2.143,-1.0,1.416,-2.146,-6.922,2.2,-0.218,-6.930,-38.938,1.3,-6.352,-38.938,-102.250,0.0,0.485,-102.250,0.000,0.0,0.000,0.000,0.000,0.0,0.000,0.000
0.3538,2.602,-2.1,-1.862,2.613,4.719,0.0,0.047,4.715,22.844,3.8,6.297,22.844,98.312,0.4,-0.443,98.312,-2.141,-0.3,1.215,-2.143,-6.930,-0.6,-0.232,-6.922,-38.938,-1.7,-6.406,-38.938,-102.312,-4.7,0.618,-102.250,0.000,0.0,0.000,0.000,0.000,0.0,0.000,0.000
0.3558,2.613,3.3,-1.910,2.602,4.715,-1.3,0.182,4.719,22.844,-0.9,6.273,22.844,98.312,-2.0,-0.395,98.312,-2.146,-1.5,1.602,-2.141,-6.934,-2.3,-0.282,-6.930,-38.938,1.8,-6.461,-38.938,-102.250,0.4,0.542,-102.312,0.000,0.0,0.000,0.000,0.000,0.0,0.000,0.000
0.3578,2.602,-2.3,-1.874,2.613,4.723,1.9,0.089,4.715,22.844,-0.5,6.277,22.844,98.250,-2.5,-0.420,98.312,-2.143,-1.0,1.353,-2.146,-6.926,1.1,-0.251,-6.934,-38.938,-1.8,-6.461,-38.938,-102.250,-2.0,0.496,-102.250,0.000,0.0,0.000,0.000,0.000,0.0,0.000,0.000
0.3598,2.611,2.4,-1.947,2.602,4.715,-1.4,0.037,4.723,22.828,-1.3,6.320,22.844,98.312,0.1,-0.400,98.250,-2.143,-1.2,1.299,-2.143,-6.930,-0.0,-0.203,-6.926,-38.938,-0.4,-6.418,-38.938,-102.250,4.2,0.607,-102.250,0.000,0.0,0.000,0.000,0.000,0.0,0.000,0.000
0.3618,2.605,-0.8,-1.864,2.611,4.719,0.3,0.060,4.715,22.828,-6.6,6.316,22.828,98.250,-3.6,-0.407,98.312,-2.137,1.9,1.383,-2.143,-6.918,3.9,-0.368,-6.930,-38.938,-1.6,-6.465,-38.938,-102.250,0.8,0.592,-102.250,0.000,0.0,0.000,0.000,0.000,0.0,0.000,0.000
0.3638,2.611,1.5,-1.968,2.605,4.715,-1.2,0.121,4.719,22.844,1.9,6.254,22.828,98.250,-1.5,-0.356,98.250,-2.143,-1.7,1.334,-2.137,-6.922,2.6,-0.262,-6.918,-38.938,2.3,-6.391,-38.938,-102.250,-1.2,0.580,-102.250,0.000,0.0,0.000,0.000,0.000,0.0,0.000,0.000
0.3658,2.613,3.5,-1.860,2.611,4.723,1.5,0.116,4.715,22.828,-2.0,6.363,22.844,98.250,-1.7,-0.382,98.250,-2.146,-3.2,1.354,-2.143,-6.934,-1.6,-0.238,-6.922,-38.938,-0.8,-6.480,-38.938,-102.250,-2.2,0.553,-102.250,0.000,0.0,0.000,0.000,0.000,0.0,0.000,0.000
0.3680,2.605,-0.8,-1.874,2.613,4.719,-0.2,0.134,4.723,22.844,2.3,6.227,22.828,98.250,-0.5,-0.425,98.250,-2.143,-1.2,1.435,-2.146,-6.938,-3.5,-0.180,-6.934,-38.938,2.0,-6.430,-38.938,-102.250,-2.9,0.579,-102.250,0.000,0.0,0.000,0.000,0.000,0.0,0.000,0.000
0.3704,2.611,2.0,-1.967,2.605,4.715,-2.2,0.154,4.719,22.844,2.7,6.309,22.844,98.250,-1.9,-0.434,98.250,-2.135,3.1,1.364,-2.143,-6.934,-0.7,-0.328,-6.938,-38.938,-1.2,-6.492,-38.938,-102.250,-1.3,0.641,-102.250,0.000,0.0,0.000,0.000,0.000,0.0,0.000,0.000
0.3727,2.605,-1.8,-2.037,2.611,4.715,-2.7,0.050,4.715,22.844,-0.6,6.480,22.844,98.312,3.7,-0.427,98.250,-2.137,2.0,1.525,-2.135,-6.930,1.3,-0.267,-6.934,-38.938,3.6,-6.492,-38.938,-102.250,-0.2,0.615,-102.250,0.000,0.0,0.000,0.000,0.000,0.0,0.000,0.000
0.3744,2.598,-4.9,-2.006,2.605,4.715,-2.7,0.161,4.715,22.844,1.3,6.402,22.844,98.250,-2.7,-0.436,98.312,-2.143,-1.1,1.312,-2.137,-6.930,1.0,-0.315,-6.930,-38.938,-0.5,-6.496,-38.938,-102.250,-0.4,0.509,-102.250,0.000,0.0,0.000,0.000,0.000,0.0,0.000,0.000
0.3758,2.611,0.9,-1.982,2.598,4.715,-0.9,0.149,4.715,22.844,2.3,6.289,22.844,98.250,-2.4,-0.438,98.250,-2.137,2.5,1.490,-2.143,-6.926,2.5,-0.322,-6.930,-38.938,-3.9,-6.570,-38.938,-102.250,-1.8,0.607,-102.250,0.000,0.0,0.000,0.000,0.000,0.0,0.000,0.000
0.3778,2.605,-1.6,-1.855,2.611,4.715,-2.3,0.151,4.715,22.844,-1.0,6.289,22.844,98.250,-1.6,-0.396,98.250,-2.143,-1.3,1.273,-2.137,-6.934,-0.8,-0.305,-6.926,-38.938,1.1,-6.414,-38.938,-102.250,0.7,0.526,-102.250,0.000,0.0,0.000,0.000,0.000,0.0,0.000,0.000
0.3798,2.607,-0.5,-1.939,2.605,4.719,0.8,0.158,4.715,22.844,0.5,6.324,22.844,98.250,1.5,-0.449,98.250,-2.131,4.6,1.377,-2.143,-6.934,-1.9,-0.361,-6.934,-38.938,-2.8,-6.457,-38.938,-102.250,2.2,0.633,-102.250,0.000,0.0,0.000,0.000,0.000,0.0,0.000,0.000
0.3818,2.605,-0.9,-1.792,2.607,4.715,-1.7,0.161,4.719,22.844,-1.2,6.262,22.844,98.250,-3.4,-0.408,98.250,-2.137,1.4,1.362,-2.131,-6.934,-1.2,-0.246,-6.934,-38.938,-2.0,-6.531,-38.938,-102.250,-4.4,0.613,-102.250,0.000,0.0,0.000,0.000,0.000,0.0,0.000,0.000
0.3838,2.605,-2.2,-2.006,2.605,4.715,-0.8,0.065,4.715,22.828,-2.3,6.328,22.844,98.250,2.1,-0.424,98.250,-2.141,0.0,1.333,-2.137,-6.930,1.7,-0.270,-6.934,-38.938,-1.1,-6.547,-38.938,-102.250,1.7,0.577,-102.250,0.000,0.0,0.000,0.000,0.000,0.0,0.000,0.000
0.3858,2.605,-0.7,-1.805,2.605,4.715,0.2,0.234,4.715,22.844,-1.5,6.234,22.828,98.250,2.1,-0.458,98.250,-2.143,-1.0,1.388,-2.141,-6.926,1.9,-0.386,-6.930,-38.938,0.3,-6.543,-38.938,-102.250,3.3,0.671,-102.250,0.000,0.0,0.000,0.000,0.000,0.0,0.000,0.000
0.3878,2.621,5.5,-1.869,2.605,4.711,-2.8,0.138,4.715,22.828,-2.8,6.230,22.844,98.250,-2.9,-0.382,98.250,-2.143,-1.7,1.377,-2.143,-6.934,-1.9,-0.331,-6.926,-38.938,-2.7,-6.531,-38.938,-102.250,2.0,0.654,-102.250,0.000,0.0,0.000,0.000,0.000,0.0,0.000,0.000
0.3898,2.613,1.7,-1.913,2.621,4.711,-3.8,0.060,4.711,22.844,0.9,6.414,22.828,98.250,-4.7,-0.391,98.250,-2.143,-1.4,1.396,-2.143,-6.930,1.9,-0.296,-6.934,-38.938,3.1,-6.496,-38.938,-102.250,-0.3,0.592,-102.250,0.000,0.0,0.000,0.000,0.000,0.0,0.000,0.000
0.3921,2.613,1.0,-1.961,2.613,4.719,1.4,0.206,4.711,22.844,-0.7,6.453,22.844,98.250,-2.0,-0.413,98.250,-2.137,1.3,1.490,-2.143,-6.934,-0.4,-0.288,-6.930,-38.938,0.1,-6.531,-38.938,-102.250,-6.0,0.669,-102.250,0.000,0.0,0.000,0.000,0.000,0.0,0.000,0.000
0.3942,2.613,1.8,-1.773,2.613,4.715,-1.3,0.223,4.719,22.844,-1.7,6.176,22.844,98.250,2.7,-0.406,98.250,-2.143,-1.9,1.438,-2.137,-6.930,1.8,-0.258,-6.934,-38.938,-1.1,-6.492,-38.938,-102.250,-1.3,0.648,-102.250,0.000,0.0,0.000,0.000,0.000,0.0,0.000,0.000
0.3962,2.607,-1.6,-1.877,2.613,4.715,-1.1,0.189,4.715,22.844,-0.2,6.426,22.844,98.250,0.7,-0.395,98.250,-2.135,2.1,1.323,-2.143,-6.934,0.6,-0.302,-6.930,-38.938,-3.3,-6.707,-38.938,-102.250,1.7,0.686,-102.250,0.000,0.0,0.000,0.000,0.000,0.0,0.000,0.000
0.3982,2.617,2.7,-1.961,2.607,4.711,-3.1,0.107,4.715,22.828,-1.7,6.430,22.844,98.250,2.2,-0.454,98.250,-2.143,-2.1,1.520,-2.135,-6.934,-1.3,-0.401,-6.934,-38.938,-3.0,-6.590,-38.938,-102.250,0.7,0.660,-102.250,0.000,0.0,0.000,0.000,0.000,0.0,0.000,0.000
0.3998,2.617,2.2,-1.979,2.617,4.719,1.3,0.071,4.711,22.844,1.1,6.418,22.828,98.250,-2.9,-0.525,98.250,-2.135,2.2,1.392,-2.143,-6.934,0.3,-0.294,-6.934,-38.938,0.3,-6.375,-38.938,-102.250,1.2,0.578,-102.250,0.000,0.0,0.000,0.000,0.000,0.0,0.000,0.000
0.4018,2.607,-2.0,-1.920,2.617,4.715,0.5,0.218,4.719,22.828,-2.6,6.363,22.844,98.250,-2.5,-0.489,98.250,-2.141,-1.0,1.444,-2.135,-6.941,-3.4,-0.219,-6.934,-38.938,-0.8,-6.465,-38.938,-102.250,1.5,0.553,-102.250,0.000,0.0,0.000,0.000,0.000,0.0,0.000,0.000
0.4038,2.613,0.7,-1.854,2.607,4.715,-0.1,0.206,4.715,22.828,-3.2,6.293,22.828,98.250,-3.3,-0.456,98.250,-2.131,4.2,1.491,-2.141,-6.930,2.2,-0.288,-6.941,-38.938,-2.4,-6.594,-38.938,-102.250,0.9,0.595,-102.250,0.000,0.0,0.000,0.000,0.000,0.0,0.000,0.000
0.4058,2.607,-2.1,-1.784,2.613,4.711,-3.5,0.046,4.715,22.844,1.1,6.453,22.828,98.250,-4.9,-0.468,98.250,-2.137,1.3,1.468,-2.131,-6.926,3.1,-0.431,-6.930,-38.938,1.6,-6.621,-38.938,-102.250,-1.0,0.678,-102.250,0.000,0.0,0.000,0.000,0.000,0.0,0.000,0.000
0.4078,2.621,3.0,-1.915,2.607,4.715,-0.9,0.058,4.711,22.844,-2.1,6.258,22.844,98.250,-0.6,-0.402,98.250,-2.141,-0.7,1.359,-2.137,-6.930,2.0,-0.353,-6.926,-38.938,1.9,-6.617,-38.938,-102.250,0.1,0.632,-102.250,0.000,0.0,0.000,0.000,0.000,0.0,0.000,0.000
0.4098,2.611,-1.6,-1.882,2.621,4.727,4.0,0.132,4.715,22.828,-3.0,6.574,22.844,98.250,-3.0,-0.455,98.250,-2.141,-0.6,1.374,-2.141,-6.941,-3.0,-0.294,-6.930,-38.938,5.2,-6.613,-38.938,-102.250,-0.2,0.701,-102.250,0.000,0.0,0.000,0.000,0.000,0.0,0.000,0.000
0.4118,2.621,2.9,-2.008,2.611,4.719,1.1,0.257,4.727,22.828,-2.9,6.438,22.828,98.250,-3.3,-0.439,98.250,-2.150,-5.6,1.303,-2.141,-6.934,0.0,-0.345,-6.941,-38.938,-5.3,-6.641,-38.938,-102.250,2.3,0.707,-102.250,0.000,0.0,0.000,0.000,0.000,0.0,0.000,0.000
0.4138,2.613,-0.9,-2.051,2.621,4.715,-0.1,0.173,4.719,22.844,-0.3,6.363,22.828,98.250,-3.0,-0.454,98.250,-2.137,0.1,1.409,-2.150,-6.930,2.8,-0.343,-6.934,-38.938,-3.5,-6.680,-38.938,-102.250,-0.0,0.749,-102.250,0.000,0.0,0.000,0.000,0.000,0.0,0.000,0.000
0.4158,2.611,-2.2,-1.821,2.613,4.715,0.3,0.267,4.715,22.844,1.6,6.520,22.844,98.250,0.4,-0.514,98.250,-2.141,-0.4,1.480,-2.137,-6.938,-1.6,-0.243,-6.930,-38.938,-0.6,-6.676,-38.938,-102.250,0.9,0.650,-102.250,0.000,0.0,0.000,0.000,0.000,0.0,0.000,0.000
0.4178,2.607,-3.6,-1.805,2.611,4.719,1.3,0.147,4.715,22.844,-0.4,6.477,22.844,98.250,-1.4,-0.481,98.250,-2.143,-2.1,1.507,-2.141,-6.934,0.9,-0.416,-6.938,-38.938,-0.3,-6.426,-38.938,-102.250,0.6,0.689,-102.250,0.000,0.0,0.000,0.000,0.000,0.0,0.000,0.000
0.4200,2.611,-2.1,-2.053,2.607,4.715,-0.4,0.135,4.719,22.844,-0.5,6.480,22.844,98.250,4.3,-0.559,98.250,-2.135,2.9,1.359,-2.143,-6.934,0.0,-0.373,-6.934,-38.938,1.6,-6.758,-38.938,-102.250,3.7,0.738,-102.250,0.000,0.0,0.000,0.000,0.000,0.0,0.000,0.000
0.4219,2.613,-1.2,-2.027,2.611,4.715,-1.4,0.029,4.715,22.844,1.9,6.520,22.844,98.250,-0.8,-0.501,98.250,-2.143,-2.9,1.324,-2.135,-6.934,1.1,-0.377,-6.934,-38.938,1.9,-6.738,-38.938,-102.250,-2.0,0.741,-102.250,0.000,0.0,0.000,0.000,0.000,0.0,0.000,0.000
0.4240,2.623,2.6,-2.010,2.613,4.727,3.3,0.198,4.715,22.844,0.5,6.555,22.844,98.250,-3.1,-0.423,98.250,-2.141,-0.2,1.473,-2.143,-6.938,-1.5,-0.303,-6.934,-38.938,2.1,-6.668,-38.938,-102.250,-2.0,0.637,-102.250,0.000,0.0,0.000,0.000,0.000,0.0,0.000,0.000
0.4260,2.617,-0.0,-1.901,2.623,4.715,-2.5,0.162,4.727,22.844,-1.4,6.547,22.844,98.250,1.9,-0.479,98.250,-2.143,-1.6,1.441,-2.141,-6.926,4.7,-0.285,-6.938,-38.938,1.7,-6.598,-38.938,-102.250,0.7,0.704,-102.250,0.000,0.0,0.000,0.000,0.000,0.0,0.000,0.000
0.4278,2.621,1.3,-1.914,2.617,4.715,-1.2,0.157,4.715,22.844,2.2,6.496,22.844,98.250,-1.5,-0.483,98.250,-2.135,2.2,1.339,-2.143,-6.934,0.1,-0.302,-6.926,-38.938,-2.2,-6.695,-38.938,-102.250,-0.0,0.735,-102.250,0.000,0.0,0.000,0.000,0.000,0.0,0.000,0.000
0.4298,2.617,-0.1,-1.923,2.621,4.719,0.2,0.055,4.715,22.844,-1.0,6.531,22.844,98.250,-0.2,-0.502,98.250,-2.143,-2.5,1.404,-2.135,-6.938,-1.7,-0.458,-6.934,-38.938,0.1,-6.738,-38.938,-102.250,2.7,0.766,-102.250,0.000,0.0,0.000,0.000,0.000,0.0,0.000,0.000
0.4318,2.623,3.1,-1.872,2.617,4.723,2.2,0.203,4.719,22.844,-1.3,6.660,22.844,98.250,-2.2,-0.538,98.250,-2.152,-6.6,1.433,-2.143,-6.945,-3.3,-0.295,-6.938,-38.938,-3.2,-6.645,-38.938,-102.250,3.8,0.727,-102.250,0.000,0.0,0.000,0.000,0.000,0.0,0.000,0.000
0.4338,2.627,4.0,-1.916,2.623,4.723,1.9,0.168,4.723,22.844,-2.2,6.625,22.844,98.250,2.0,-0.509,98.250,-2.150,-4.6,1.516,-2.152,-6.930,3.4,-0.387,-6.945,-38.938,3.8,-6.840,-38.938,-102.250,-1.4,0.581,-102.250,0.000,0.0,0.000,0.000,0.000,0.0,0.000,0.000
0.4358,2.623,0.8,-1.892,2.627,4.723,2.2,0.282,4.723,22.844,0.6,6.508,22.844,98.250,2.4,-0.502,98.250,-2.141,-0.7,1.437,-2.150,-6.926,5.3,-0.323,-6.930,-38.938,3.7,-6.777,-38.938,-102.250,1.8,0.750,-102.250,0.000,0.0,0.000,0.000,0.000,0.0,0.000,0.000
0.4378,2.621,1.1,-1.805,2.623,4.723,2.0,0.171,4.723,22.844,-0.1,6.539,22.844,98.250,2.0,-0.500,98.250,-2.141,-0.4,1.386,-2.141,-6.945,-3.4,-0.300,-6.926,-38.938,0.6,-6.742,-38.938,-102.250,0.2,0.788,-102.250,0.000,0.0,0.000,0.000,0.000,0.0,0.000,0.000
0.4398,2.621,1.3,-1.824,2.621,4.715,-0.9,0.185,4.723,22.859,4.4,6.449,22.844,98.250,-1.1,-0.487,98.250,-2.141,-1.5,1.223,-2.141,-6.934,1.3,-0.439,-6.945,-38.938,-2.3,-6.902,-38.938,-102.250,3.6,0.775,-102.250,0.000,0.0,0.000,0.000,0.000,0.0,0.000,0.000
0.4418,2.621,1.0,-1.946,2.621,4.719,-0.3,0.157,4.715,22.844,-0.8,6.672,22.859,98.250,2.9,-0.484,98.250,-2.127,5.3,1.429,-2.141,-6.938,-1.1,-0.493,-6.934,-38.938,-1.5,-6.770,-38.938,-102.250,3.8,0.805,-102.250,0.000,0.0,0.000,0.000,0.000,0.0,0.000,0.000
0.4438,2.627,2.8,-1.930,2.621,4.715,-1.9,0.206,4.719,22.844,1.9,6.562,22.844,98.250,-2.6,-0.524,98.250,-2.137,-0.1,1.334,-2.127,-6.934,-0.5,-0.396,-6.938,-38.938,-1.0,-6.641,-38.938,-102.250,2.4,0.724,-102.250,0.000,0.0,0.000,0.000,0.000,0.0,0.000,0.000
0.4458,2.617,-1.9,-1.930,2.627,4.715,-1.8,0.158,4.715,22.844,1.6,6.613,22.844,98.250,1.9,-0.498,98.250,-2.146,-3.5,1.606,-2.137,-6.934,2.9,-0.390,-6.934,-38.938,2.3,-6.758,-38.938,-102.250,0.2,0.721,-102.250,0.000,0.0,0.000,0.000,0.000,0.0,0.000,0.000
0.4478,2.621,-0.3,-1.953,2.617,4.715,-1.0,0.127,4.715,22.844,3.5,6.617,22.844,98.250,-2.4,-0.546,98.250,-2.137,2.1,1.635,-2.146,-6.945,-3.0,-0.327,-6.934,-38.938,1.3,-6.832,-38.938,-102.250,-1.1,0.799,-102.250,0.000,0.0,0.000,0.000,0.000,0.0,0.000,0.000
0.4502,2.617,-1.6,-1.825,2.621,4.719,0.1,0.165,4.715,22.844,1.1,6.504,22.844,98.250,0.4,-0.552,98.250,-2.135,2.3,1.384,-2.137,-6.941,-1.6,-0.383,-6.945,-38.938,-2.9,-6.730,-38.938,-102.188,6.7,0.850,-102.250,0.000,0.0,0.000,0.000,0.000,0.0,0.000,0.000
0.4523,2.621,-0.5,-1.959,2.617,4.719,-0.0,0.270,4.719,22.844,1.1,6.699,22.844,98.250,2.2,-0.586,98.250,-2.141,-0.4,1.460,-2.135,-6.938,0.3,-0.355,-6.941,-38.938,-3.3,-6.812,-38.938,-102.250,0.3,0.760,-102.188,0.000,0.0,0.000,0.000,0.000,0.0,0.000,0.000
0.4544,2.621,-0.4,-1.898,2.621,4.715,-1.8,0.204,4.719,22.844,-1.3,6.707,22.844,98.188,-2.5,-0.549,98.250,-2.135,1.5,1.343,-2.141,-6.945,-2.4,-0.328,-6.938,-38.969,-4.3,-6.695,-38.938,-102.250,2.9,0.784,-102.250,0.000,0.0,0.000,0.000,0.000,0.0,0.000,0.000
0.4565,2.627,2.6,-2.016,2.621,4.715,-1.8,0.137,4.715,22.844,1.5,6.559,22.844,98.188,-2.5,-0.515,98.188,-2.143,-2.8,1.388,-2.135,-6.941,-0.6,-0.355,-6.945,-38.938,-0.6,-6.789,-38.969,-102.250,1.4,0.785,-102.250,0.000,0.0,0.000,0.000,0.000,0.0,0.000,0.000
0.4578,2.617,-2.3,-2.006,2.627,4.719,0.1,0.262,4.715,22.844,0.1,6.766,22.844,98.188,-0.3,-0.542,98.188,-2.141,-1.4,1.350,-2.143,-6.941,-0.7,-0.400,-6.941,-38.938,-1.9,-6.957,-38.938,-102.188,2.7,0.760,-102.250,0.000,0.0,0.000,0.000,0.000,0.0,0.000,0.000
0.4598,2.623,0.7,-1.827,2.617,4.715,-1.8,0.196,4.719,22.844,-2.5,6.582,22.844,98.250,4.2,-0.598,98.188,-2.141,-1.5,1.399,-2.141,-6.934,2.3,-0.451,-6.941,-38.938,0.0,-6.852,-38.938,-102.188,1.4,0.863,-102.188,0.000,0.0,0.000,0.000,0.000,0.0,0.000,0.000
0.4618,2.621,-0.9,-1.891,2.623,4.715,-1.7,0.188,4.715,22.844,3.0,6.723,22.844,98.188,-2.7,-0.469,98.250,-2.137,0.4,1.453,-2.141,-6.949,-2.2,-0.286,-6.934,-38.938,1.0,-6.898,-38.938,-102.188,0.9,0.875,-102.188,0.000,0.0,0.000,0.000,0.000,0.0,0.000,0.000
0.4638,2.621,-0.8,-1.845,2.621,4.727,2.6,0.179,4.715,22.844,2.3,6.594,22.844,98.188,-2.0,-0.573,98.188,-2.137,1.0,1.506,-2.137,-6.941,-0.5,-0.490,-6.949,-38.938,-2.3,-6.746,-38.938,-102.188,1.4,0.895,-102.188,0.000,0.0,0.000,0.000,0.000,0.0,0.000,0.000
0.4658,2.627,2.2,-2.119,2.621,4.727,1.6,0.059,4.727,22.844,1.1,6.602,22.844,98.188,-4.0,-0.550,98.188,-2.137,0.8,1.463,-2.137,-6.945,-1.9,-0.451,-6.941,-38.938,-2.5,-6.875,-38.938,-102.188,-1.1,0.823,-102.188,0.000,0.0,0.000,0.000,0.000,0.0,0.000,0.000
0.4678,2.633,5.0,-2.008,2.627,4.723,0.3,0.207,4.727,22.844,2.2,6.578,22.844,98.188,1.6,-0.484,98.188,-2.141,-0.8,1.410,-2.137,-6.934,2.6,-0.493,-6.945,-38.938,-0.7,-6.988,-38.938,-102.250,-2.4,0.896,-102.188,0.000,0.0,0.000,0.000,0.000,0.0,0.000,0.000
0.4698,2.617,-2.1,-1.835,2.633,4.727,1.5,0.187,4.723,22.828,-4.7,6.688,22.844,98.188,3.2,-0.535,98.188,-2.135,1.9,1.542,-2.141,-6.949,-2.6,-0.313,-6.934,-38.938,-2.3,-6.875,-38.938,-102.188,-0.3,0.818,-102.250,0.000,0.0,0.000,0.000,0.000,0.0,0.000,0.000
0.4718,2.621,-0.5,-1.868,2.617,4.719,-0.7,0.355,4.727,22.844,-1.6,6.605,22.828,98.188,-2.3,-0.606,98.188,-2.141,-1.6,1.347,-2.135,-6.945,-0.4,-0.383,-6.949,-38.938,-1.3,-7.020,-38.938,-102.188,1.7,0.802,-102.188,0.000,0.0,0.000,0.000,0.000,0.0,0.000,0.000
0.4743,2.627,1.5,-1.972,2.621,4.727,2.7,0.246,4.719,22.844,1.2,6.711,22.844,98.188,-3.8,-0.578,98.188,-2.137,-0.3,1.305,-2.141,-6.938,3.1,-0.413,-6.945,-38.938,-0.7,-6.891,-38.938,-102.188,-1.7,0.825,-102.188,0.000,0.0,0.000,0.000,0.000,0.0,0.000,0.000
0.4763,2.629,3.6,-1.906,2.627,4.723,-0.1,0.195,4.727,22.844,0.2,6.656,22.844,98.188,-0.5,-0.571,98.188,-2.137,0.0,1.429,-2.137,-6.949,-2.4,-0.448,-6.938,-38.938,-1.0,-6.789,-38.938,-102.188,-3.2,0.775,-102.188,0.000,0.0,0.000,0.000,0.000,0.0,0.000,0.000
0.4784,2.617,-2.1,-1.866,2.629,4.719,-2.1,0.158,4.723,22.844,-2.9,6.492,22.844,98.188,1.4,-0.572,98.188,-2.143,-2.3,1.569,-2.137,-6.941,1.0,-0.425,-6.949,-38.938,0.1,-6.957,-38.938,-102.188,-4.1,0.828,-102.188,0.000,0.0,0.000,0.000,0.000,0.0,0.000,0.000
0.4805,2.627,2.7,-1.820,2.617,4.723,-1.1,0.171,4.719,22.844,-0.2,6.559,22.844,98.188,-1.6,-0.501,98.188,-2.135,2.8,1.600,-2.143,-6.949,-2.1,-0.526,-6.941,-38.938,-1.5,-7.020,-38.938,-102.188,-1.9,0.935,-102.188,0.000,0.0,0.000,0.000,0.000,0.0,0.000,0.000
0.4818,2.617,-2.3,-2.006,2.627,4.719,-1.9,0.225,4.723,22.859,3.0,6.773,22.844,98.188,-0.7,-0.532,98.188,-2.137,0.8,1.410,-2.135,-6.949,-3.1,-0.397,-6.949,-38.938,-0.8,-6.902,-38.938,-102.188,-2.4,0.841,-102.188,0.000,0.0,0.000,0.000,0.000,0.0,0.000,0.000
0.4838,2.623,1.0,-1.823,2.617,4.734,4.3,0.172,4.719,22.859,4.1,6.816,22.859,98.188,0.6,-0.570,98.188,-2.127,4.9,1.440,-2.137,-6.949,-2.6,-0.330,-6.949,-38.938,0.4,-6.953,-38.938,-102.188,-1.4,0.854,-102.188,0.000,0.0,0.000,0.000,0.000,0.0,0.000,0.000
0.4858,2.623,0.9,-1.859,2.623,4.727,-0.3,0.249,4.734,22.844,-0.4,6.891,22.859,98.188,-1.7,-0.664,98.188,-2.135,1.5,1.359,-2.127,-6.941,2.1,-0.364,-6.949,-38.938,0.9,-6.848,-38.938,-102.188,4.5,0.829,-102.188,0.000,0.0,0.000,0.000,0.000,0.0,0.000,0.000
0.4878,2.623,0.9,-1.874,2.623,4.730,1.3,0.215,4.727,22.844,0.0,6.816,22.844,98.188,-1.2,-0.563,98.188,-2.131,1.9,1.305,-2.135,-6.941,1.3,-0.377,-6.941,-38.938,1.6,-6.816,-38.938,-102.188,1.9,0.792,-102.188,0.000,0.0,0.000,0.000,0.000,0.0,0.000,0.000
0.4898,2.629,4.3,-1.791,2.623,4.730,2.1,0.164,4.730,22.844,0.6,6.789,22.844,98.188,-0.8,-0.691,98.188,-2.141,-1.4,1.431,-2.131,-6.938,2.5,-0.425,-6.941,-38.938,-2.4,-6.914,-38.938,-102.188,3.0,0.843,-102.188,0.000,0.0,0.000,0.000,0.000,0.0,0.000,0.000
0.4918,2.621,-0.2,-1.881,2.629,4.730,1.6,0.239,4.730,22.859,2.6,6.840,22.844,98.188,-0.4,-0.616,98.188,-2.143,-2.0,1.455,-2.141,-6.945,-0.1,-0.360,-6.938,-38.938,-1.4,-6.883,-38.938,-102.188,2.5,0.786,-102.188,0.000,0.0,0.000,0.000,0.000,0.0,0.000,0.000
0.4938,2.623,1.4,-1.889,2.621,4.727,-1.9,0.175,4.730,22.844,-2.3,6.973,22.859,98.188,-0.9,-0.656,98.188,-2.141,0.0,1.530,-2.143,-6.949,-2.2,-0.382,-6.945,-38.938,-0.0,-6.898,-38.938,-102.188,-1.3,0.870,-102.188,0.000,0.0,0.000,0.000,0.000,0.0,0.000,0.000
0.4958,2.617,-2.4,-1.908,2.623,4.730,-0.0,0.273,4.727,22.844,-2.3,6.789,22.844,98.188,-4.6,-0.591,98.188,-2.137,1.4,1.439,-2.141,-6.949,-2.2,-0.394,-6.949,-38.938,1.9,-6.988,-38.938,-102.188,-1.6,0.878,-102.188,0.000,0.0,0.000,0.000,0.000,0.0,0.000,0.000
0.4978,2.623,0.6,-2.008,2.617,4.730,-0.5,0.231,4.730,22.844,-3.3,6.852,22.844,98.188,1.5,-0.640,98.188,-2.141,-1.0,1.353,-2.137,-6.949,-2.5,-0.500,-6.949,-38.938,-2.3,-6.930,-38.938,-102.188,0.5,0.898,-102.188,0.000,0.0,0.000,0.000,0.000,0.0,0.000,0.000
0.4999,2.621,-0.4,-1.816,2.623,4.730,-0.7,0.208,4.730,22.844,-4.0,6.652,22.844,98.188,-4.0,-0.596,98.188,-2.137,0.8,1.437,-2.141,-6.945,0.4,-0.506,-6.949,-38.938,4.1,-7.074,-38.938,-102.188,2.2,0.920,-102.188,0.000,0.0,0.000,0.000,0.000,0.0,0.000,0.000
0.5020,2.623,1.7,-1.861,2.621,4.730,0.9,0.280,4.730,22.844,-2.5,6.758,22.844,98.188,-2.7,-0.625,98.188,-2.125,6.5,1.424,-2.137,-6.945,0.9,-0.388,-6.945,-38.969,-4.3,-6.977,-38.938,-102.188,2.7,0.876,-102.188,0.000,0.0,0.000,0.000,0.000,0.0,0.000,0.000
0.5039,2.627,2.6,-1.888,2.623,4.727,-2.2,0.304,4.730,22.859,0.8,6.840,22.844,98.188,0.5,-0.654,98.188,-2.135,1.9,1.496,-2.125,-6.949,-1.3,-0.426,-6.945,-38.938,-0.0,-7.000,-38.969,-102.188,6.5,0.905,-102.188,0.000,0.0,0.000,0.000,0.000,0.0,0.000,0.000
0.5060,2.621,-0.1,-1.954,2.627,4.730,-0.6,0.177,4.727,22.844,-1.4,6.906,22.859,98.188,-0.6,-0.724,98.188,-2.141,-1.2,1.458,-2.135,-6.945,1.1,-0.394,-6.949,-38.938,0.9,-7.039,-38.938,-102.188,-1.3,0.812,-102.188,0.000,0.0,0.000,0.000,0.000,0.0,0.000,0.000
0.5078,2.621,-0.7,-1.933,2.621,4.738,2.8,0.337,4.730,22.844,-4.8,6.656,22.844,98.125,-2.8,-0.640,98.188,-2.135,2.6,1.617,-2.141,-6.941,2.2,-0.562,-6.945,-38.938,0.6,-7.223,-38.938,-102.188,-1.9,0.931,-102.188,0.000,0.0,0.000,0.000,0.000,0.0,0.000,0.000
0.5098,2.621,-0.7,-1.863,2.621,4.738,2.5,0.220,4.738,22.859,3.1,6.777,22.844,98.125,-4.7,-0.635,98.125,-2.146,-3.5,1.447,-2.135,-6.953,-3.5,-0.407,-6.941,-38.938,-0.4,-6.957,-38.938,-102.188,6.0,0.855,-102.188,0.000,0.0,0.000,0.000,0.000,0.0,0.000,0.000
0.5118,2.627,2.0,-1.899,2.621,4.734,0.9,0.308,4.738,22.859,4.0,6.793,22.859,98.125,2.7,-0.634,98.125,-2.141,0.7,1.594,-2.146,-6.938,3.8,-0.509,-6.953,-38.938,-0.7,-7.152,-38.938,-102.188,-0.4,0.949,-102.188,0.000,0.0,0.000,0.000,0.000,0.0,0.000,0.000
0.5138,2.613,-2.8,-1.854,2.627,4.738,1.4,0.203,4.734,22.844,-2.0,6.758,22.859,98.125,-1.9,-0.627,98.125,-2.131,3.7,1.343,-2.141,-6.949,-1.9,-0.464,-6.938,-38.938,-1.3,-7.027,-38.938,-102.188,0.9,0.929,-102.188,0.000,0.0,0.000,0.000,0.000,0.0,0.000,0.000
0.5158,2.623,0.9,-2.033,2.613,4.730,-1.9,0.175,4.738,22.844,-1.3,6.945,22.844,98.125,0.5,-0.713,98.125,-2.135,1.2,1.231,-2.131,-6.953,-3.2,-0.371,-6.949,-38.938,-1.0,-6.984,-38.938,-102.188,0.9,0.902,-102.188,0.000,0.0,0.000,0.000,0.000,0.0,0.000,0.000
0.5178,2.621,-0.8,-1.912,2.623,4.746,6.3,0.386,4.730,22.859,1.6,6.891,22.844,98.125,-4.3,-0.713,98.125,-2.137,-0.3,1.358,-2.135,-6.949,-1.4,-0.439,-6.953,-38.938,2.0,-7.191,-38.938,-102.188,-0.2,0.942,-102.188,0.000,0.0,0.000,0.000,0.000,0.0,0.000,0.000
0.5198,2.621,-1.4,-2.049,2.621,4.730,-1.5,0.335,4.746,22.859,0.4,6.797,22.859,98.125,0.9,-0.756,98.125,-2.141,-2.2,1.366,-2.137,-6.949,-1.9,-0.467,-6.949,-38.938,5.8,-7.203,-38.938,-102.188,2.9,0.904,-102.188,0.000,0.0,0.000,0.000,0.000,0.0,0.000,0.000
0.5218,2.621,-0.5,-1.845,2.621,4.730,-2.2,0.235,4.730,22.859,0.7,6.918,22.859,98.125,-0.4,-0.638,98.125,-2.141,-0.5,1.602,-2.141,-6.949,-1.9,-0.401,-6.949,-38.938,0.6,-7.074,-38.938,-102.188,1.3,0.813,-102.188,0.000,0.0,0.000,0.000,0.000,0.0,0.000,0.000
0.5238,2.623,1.0,-1.882,2.621,4.730,-1.5,0.308,4.730,22.859,4.8,6.848,22.859,98.125,0.6,-0.696,98.125,-2.143,-2.1,1.554,-2.141,-6.949,0.2,-0.460,-6.949,-38.938,-1.9,-7.102,-38.938,-102.125,2.3,0.922,-102.188,0.000,0.0,0.000,0.000,0.000,0.0,0.000,0.000
0.5258,2.627,3.1,-1.771,2.623,4.734,0.5,0.231,4.730,22.844,-2.5,7.082,22.859,98.125,0.4,-0.779,98.125,-2.131,3.7,1.439,-2.143,-6.949,-0.4,-0.491,-6.949,-38.938,-1.3,-7.078,-38.938,-102.125,4.3,0.970,-102.125,0.000,0.0,0.000,0.000,0.000,0.0,0.000,0.000
0.5278,2.623,1.8,-1.864,2.627,4.738,1.4,0.290,4.734,22.859,1.7,6.898,22.844,98.125,-0.2,-0.790,98.125,-2.143,-2.3,1.414,-2.131,-6.949,-2.2,-0.422,-6.949,-38.969,-2.7,-7.094,-38.938,-102.125,1.6,0.915,-102.125,0.000,0.0,0.000,0.000,0.000,0.0,0.000,0.000
0.5298,2.611,-4.8,-1.858,2.623,4.734,-0.6,0.296,4.738,22.859,-0.2,6.867,22.859,98.125,-1.2,-0.719,98.125,-2.141,-1.0,1.493,-2.143,-6.941,2.3,-0.472,-6.949,-38.969,-2.4,-7.047,-38.969,-102.125,2.3,0.931,-102.125,0.000,0.0,0.000,0.000,0.000,0.0,0.000,0.000
0.5318,2.627,2.4,-1.954,2.611,4.742,2.2,0.191,4.734,22.859,-0.6,6.973,22.859,98.125,-0.6,-0.768,98.125,-2.143,-2.5,1.445,-2.141,-6.945,0.1,-0.590,-6.941,-38.938,0.0,-7.289,-38.969,-102.125,2.2,0.893,-102.125,0.000,0.0,0.000,0.000,0.000,0.0,0.000,0.000
0.5341,2.621,-0.2,-1.825,2.627,4.738,0.4,0.205,4.742,22.859,-1.3,6.910,22.859,98.125,0.1,-0.643,98.125,-2.141,-1.0,1.459,-2.143,-6.949,-1.9,-0.430,-6.945,-38.938,0.6,-7.348,-38.938,-102.125,1.8,0.968,-102.125,0.000,0.0,0.000,0.000,0.000,0.0,0.000,0.000
0.5362,2.613,-3.3,-1.822,2.621,4.738,1.2,0.251,4.738,22.859,2.9,7.008,22.859,98.125,-4.9,-0.687,98.125,-2.135,2.5,1.647,-2.141,-6.941,2.8,-0.519,-6.949,-38.969,-3.4,-7.270,-38.938,-102.125,3.9,0.934,-102.125,0.000,0.0,0.000,0.000,0.000,0.0,0.000,0.000
0.5383,2.623,0.0,-2.039,2.613,4.742,3.3,0.337,4.738,22.859,-0.5,6.809,22.859,98.125,0.8,-0.673,98.125,-2.135,2.1,1.486,-2.135,-6.945,0.8,-0.591,-6.941,-38.938,0.6,-7.184,-38.969,-102.125,3.7,1.019,-102.125,0.000,0.0,0.000,0.000,0.000,0.0,0.000,0.000
0.5404,2.623,0.3,-1.923,2.623,4.730,-3.0,0.263,4.742,22.859,2.9,6.941,22.859,98.125,-2.3,-0.729,98.125,-2.141,-1.4,1.427,-2.135,-6.945,0.3,-0.536,-6.945,-38.969,-3.6,-7.129,-38.938,-102.125,1.8,0.950,-102.125,0.000,0.0,0.000,0.000,0.000,0.0,0.000,0.000
0.5420,2.617,-2.1,-1.771,2.623,4.727,-4.1,0.257,4.730,22.859,0.4,7.027,22.859,98.125,-3.1,-0.707,98.125,-2.137,-0.1,1.415,-2.141,-6.949,-1.3,-0.595,-6.945,-38.938,-0.3,-7.250,-38.969,-102.125,5.0,0.989,-102.125,0.000,0.0,0.000,0.000,0.000,0.0,0.000,0.000
0.5438,2.621,-0.8,-1.865,2.617,4.742,3.5,0.296,4.727,22.859,2.1,6.934,22.859,98.125,0.1,-0.682,98.125,-2.137,0.7,1.589,-2.137,-6.949,-1.3,-0.560,-6.949,-38.938,-0.6,-7.320,-38.938,-102.062,6.2,0.951,-102.125,0.000,0.0,0.000,0.000,0.000,0.0,0.000,0.000
0.5458,2.617,-1.8,-1.861,2.621,4.730,-2.4,0.391,4.742,22.844,-3.2,7.062,22.859,98.125,-1.2,-0.783,98.125,-2.135,2.1,1.599,-2.137,-6.941,1.5,-0.595,-6.949,-38.938,1.3,-7.297,-38.938,-102.062,5.9,0.967,-102.062,0.000,0.0,0.000,0.000,0.000,0.0,0.000,0.000
0.5478,2.617,-2.2,-1.929,2.617,4.738,1.2,0.195,4.730,22.844,-5.0,6.836,22.844,98.125,0.0,-0.750,98.125,-2.143,-2.5,1.479,-2.135,-6.949,-2.1,-0.365,-6.941,-38.938,2.2,-7.348,-38.938,-102.062,1.3,1.021,-102.062,0.000,0.0,0.000,0.000,0.000,0.0,0.000,0.000
0.5498,2.617,-2.0,-1.805,2.617,4.738,1.4,0.309,4.738,22.859,2.4,6.996,22.844,98.125,-3.1,-0.777,98.125,-2.143,-2.5,1.448,-2.143,-6.949,-0.5,-0.434,-6.949,-38.938,0.6,-7.293,-38.938,-102.062,2.5,0.915,-102.062,0.000,0.0,0.000,0.000,0.000,0.0,0.000,0.000
0.5518,2.617,-1.3,-1.783,2.617,4.738,1.3,0.308,4.738,22.844,-4.0,7.039,22.859,98.125,-2.9,-0.710,98.125,-2.131,3.6,1.447,-2.143,-6.945,1.2,-0.531,-6.949,-38.938,0.8,-7.406,-38.938,-102.062,2.6,1.030,-102.062,0.000,0.0,0.000,0.000,0.000,0.0,0.000,0.000
0.5538,2.623,0.5,-2.051,2.617,4.730,-0.9,0.302,4.738,22.859,-0.5,6.820,22.844,98.125,-1.8,-0.727,98.125,-2.143,-2.9,1.415,-2.131,-6.949,-1.0,-0.617,-6.945,-38.938,2.0,-7.262,-38.938,-102.062,3.9,0.990,-102.062,0.000,0.0,0.000,0.000,0.000,0.0,0.000,0.000
0.5558,2.621,-0.4,-1.892,2.623,4.730,-1.1,0.247,4.730,22.859,-0.6,6.941,22.859,98.062,-1.6,-0.683,98.125,-2.137,0.4,1.560,-2.143,-6.949,-1.2,-0.605,-6.949,-38.938,1.8,-7.332,-38.938,-102.062,0.5,1.087,-102.062,0.000,0.0,0.000,0.000,0.000,0.0,0.000,0.000
0.5580,2.627,2.4,-1.869,2.621,4.738,2.1,0.261,4.730,22.859,1.0,7.125,22.859,98.125,1.2,-0.756,98.062,-2.137,-0.1,1.405,-2.137,-6.949,-1.3,-0.611,-6.949,-38.969,-2.2,-7.184,-38.938,-102.062,1.1,1.030,-102.062,0.000,0.0,0.000,0.000,0.000,0.0,0.000,0.000
0.5599,2.627,3.2,-1.961,2.627,4.734,1.1,0.377,4.738,22.859,2.3,6.930,22.859,98.062,-3.4,-0.722,98.125,-2.131,3.2,1.478,-2.137,-6.945,0.9,-0.520,-6.949,-38.969,-0.8,-7.312,-38.969,-102.062,2.9,0.990,-102.062,0.000,0.0,0.000,0.000,0.000,0.0,0.000,0.000
0.5626,2.617,-1.9,-1.850,2.627,4.734,0.6,0.228,4.734,22.859,-3.0,6.926,22.859,98.062,-3.0,-0.775,98.062,-2.141,-1.1,1.609,-2.131,-6.949,-0.2,-0.519,-6.945,-38.969,-0.4,-7.254,-38.969,-102.062,3.5,1.068,-102.062,0.000,0.0,0.000,0.000,0.000,0.0,0.000,0.000
0.5645,2.621,-0.7,-1.986,2.617,4.738,2.4,0.295,4.734,22.875,4.8,7.109,22.859,98.062,-3.2,-0.796,98.062,-2.137,0.3,1.459,-2.141,-6.941,2.6,-0.534,-6.949,-38.938,1.8,-7.242,-38.969,-102.062,1.4,0.973,-102.062,0.000,0.0,0.000,0.000,0.000,0.0,0.000,0.000
0.5658,2.613,-3.3,-1.892,2.621,4.738,1.9,0.268,4.738,22.859,-1.7,7.062,22.875,98.062,-2.2,-0.739,98.062,-2.131,2.6,1.320,-2.137,-6.949,-0.5,-0.521,-6.941,-38.938,1.8,-7.258,-38.938,-102.062,2.5,1.065,-102.062,0.000,0.0,0.000,0.000,0.000,0.0,0.000,0.000
0.5678,2.621,-0.4,-1.951,2.613,4.730,-0.8,0.349,4.738,22.859,2.1,7.090,22.859,98.062,-5.1,-0.745,98.062,-2.135,1.2,1.433,-2.131,-6.949,-1.8,-0.645,-6.949,-38.969,-3.8,-7.312,-38.938,-102.062,1.7,1.120,-102.062,0.000,0.0,0.000,0.000,0.000,0.0,0.000,0.000
0.5698,2.621,-0.4,-1.852,2.621,4.727,-3.5,0.279,4.730,22.875,1.4,7.152,22.859,98.062,0.5,-0.808,98.062,-2.143,-2.5,1.593,-2.135,-6.945,-0.3,-0.524,-6.949,-38.938,2.7,-7.262,-38.969,-102.062,3.5,1.044,-102.062,0.000,0.0,0.000,0.000,0.000,0.0,0.000,0.000
0.5718,2.617,-2.0,-1.865,2.621,4.730,-0.2,0.370,4.727,22.875,4.0,7.070,22.875,98.062,-2.1,-0.778,98.062,-2.135,1.4,1.458,-2.143,-6.945,-1.2,-0.586,-6.945,-38.969,-3.3,-7.277,-38.938,-102.062,-1.7,1.120,-102.062,0.000,0.0,0.000,0.000,0.000,0.0,0.000,0.000
0.5738,2.623,0.4,-1.973,2.617,4.730,-2.0,0.315,4.730,22.875,2.6,7.105,22.875,98.062,-2.6,-0.782,98.062,-2.137,0.3,1.513,-2.135,-6.934,3.6,-0.481,-6.945,-38.969,-0.4,-7.355,-38.969,-102.062,0.7,1.075,-102.062,0.000,0.0,0.000,0.000,0.000,0.0,0.000,0.000
0.5758,2.623,0.1,-1.970,2.623,4.730,-2.4,0.316,4.730,22.875,1.7,7.133,22.875,98.062,-8.1,-0.776,98.062,-2.141,-1.2,1.501,-2.137,-6.949,-2.5,-0.482,-6.934,-38.938,5.1,-7.473,-38.969,-102.062,-1.3,1.105,-102.062,0.000,0.0,0.000,0.000,0.000,0.0,0.000,0.000
0.5778,2.623,1.1,-1.805,2.623,4.727,-3.0,0.395,4.730,22.875,3.3,7.102,22.875,98.062,-2.2,-0.765,98.062,-2.127,4.2,1.329,-2.141,-6.934,3.3,-0.584,-6.949,-38.969,-0.3,-7.273,-38.938,-102.062,1.5,1.138,-102.062,0.000,0.0,0.000,0.000,0.000,0.0,0.000,0.000
0.5798,2.623,1.1,-1.985,2.623,4.738,2.6,0.255,4.727,22.875,1.9,7.285,22.875,98.062,-1.7,-0.765,98.062,-2.131,2.9,1.470,-2.127,-6.945,-1.3,-0.508,-6.934,-38.969,-1.1,-7.406,-38.969,-102.062,-1.6,1.113,-102.062,0.000,0.0,0.000,0.000,0.000,0.0,0.000,0.000
0.5818,2.621,-0.7,-1.968,2.623,4.730,-0.5,0.368,4.738,22.875,2.9,7.312,22.875,98.062,-3.0,-0.733,98.062,-2.137,-0.0,1.489,-2.131,-6.949,-2.2,-0.489,-6.945,-38.969,-2.6,-7.328,-38.969,-102.062,1.2,1.080,-102.062,0.000,0.0,0.000,0.000,0.000,0.0,0.000,0.000
0.5841,2.623,0.7,-1.886,2.621,4.730,-0.8,0.387,4.730,22.875,0.9,7.402,22.875,98.000,-5.6,-0.859,98.062,-2.141,-1.5,1.457,-2.137,-6.945,-0.6,-0.448,-6.949,-38.969,0.5,-7.227,-38.969,-102.062,-0.8,0.960,-102.062,0.000,0.0,0.000,0.000,0.000,0.0,0.000,0.000
0.5861,2.623,1.4,-1.771,2.623,4.730,0.1,0.553,4.730,22.891,6.9,7.301,22.875,98.000,-4.5,-0.786,98.000,-2.135,1.9,1.381,-2.141,-6.938,1.6,-0.504,-6.945,-38.938,1.5,-7.449,-38.969,-102.062,-0.7,1.038,-102.062,0.000,0.0,0.000,0.000,0.000,0.0,0.000,0.000
0.5882,2.621,-0.2,-1.976,2.623,4.738,3.0,0.388,4.730,22.875,-0.7,7.105,22.891,98.000,-5.7,-0.708,98.000,-2.137,0.4,1.560,-2.135,-6.941,-0.6,-0.601,-6.938,-38.938,1.2,-7.332,-38.938,-102.062,1.7,1.164,-102.062,0.000,0.0,0.000,0.000,0.000,0.0,0.000,0.000
0.5903,2.621,-0.4,-1.895,2.621,4.730,-0.4,0.391,4.738,22.875,-2.4,7.324,22.875,98.000,-4.6,-0.705,98.000,-2.143,-2.9,1.480,-2.137,-6.941,-0.7,-0.422,-6.941,-38.969,-2.6,-7.336,-38.938,-102.062,2.8,1.118,-102.062,0.000,0.0,0.000,0.000,0.000,0.0,0.000,0.000
0.5918,2.621,0.2,-1.839,2.621,4.730,-1.9,0.442,4.730,22.875,0.5,7.297,22.875,98.000,-8.7,-0.719,98.000,-2.141,-0.3,1.608,-2.143,-6.941,-0.9,-0.582,-6.941,-38.938,5.1,-7.324,-38.969,-102.062,-2.5,1.047,-102.062,0.000,0.0,0.000,0.000,0.000,0.0,0.000,0.000
0.5938,2.627,2.6,-2.088,2.621,4.738,2.8,0.420,4.730,22.891,4.9,7.363,22.875,97.938,-7.8,-0.810,98.000,-2.137,0.9,1.509,-2.141,-6.941,-0.5,-0.484,-6.941,-38.969,-1.1,-7.375,-38.938,-102.062,2.5,1.154,-102.062,0.000,0.0,0.000,0.000,0.000,0.0,0.000,0.000
0.5958,2.627,2.0,-1.961,2.627,4.742,3.9,0.416,4.738,22.875,-0.3,7.504,22.891,97.938,-2.2,-0.777,97.938,-2.141,-1.4,1.391,-2.137,-6.941,-0.1,-0.441,-6.941,-38.969,-2.4,-7.172,-38.969,-102.000,3.0,1.022,-102.062,0.000,0.0,0.000,0.000,0.000,0.0,0.000,0.000
0.5978,2.617,-1.8,-1.811,2.627,4.730,-0.3,0.554,4.742,22.891,1.8,7.301,22.875,97.938,-6.7,-0.711,97.938,-2.137,0.2,1.471,-2.141,-6.941,-0.4,-0.467,-6.941,-38.969,-2.8,-7.203,-38.969,-102.062,-3.2,1.098,-102.000,0.000,0.0,0.000,0.000,0.000,0.0,0.000,0.000
0.5998,2.623,1.0,-1.851,2.617,4.730,-0.3,0.420,4.730,22.891,1.2,7.289,22.891,97.938,-6.2,-0.650,97.938,-2.141,-0.7,1.509,-2.137,-6.934,1.7,-0.696,-6.941,-38.969,1.2,-7.523,-38.969,-102.062,-0.9,1.158,-102.062,0.000,0.0,0.000,0.000,0.000,0.0,0.000,0.000
0.6018,2.617,-2.6,-2.021,2.623,4.742,3.2,0.162,4.730,22.891,0.2,7.535,22.891,97.938,-4.8,-0.799,97.938,-2.137,0.9,1.389,-2.141,-6.930,5.0,-0.402,-6.934,-38.969,-1.3,-7.086,-38.969,-102.062,1.0,1.009,-102.062,0.000,0.0,0.000,0.000,0.000,0.0,0.000,0.000
0.6038,2.623,0.8,-1.974,2.617,4.730,-2.4,0.569,4.742,22.891,1.7,7.125,22.891,97.875,-7.4,-0.714,97.938,-2.143,-2.3,1.437,-2.137,-6.934,1.6,-0.577,-6.930,-38.969,-3.1,-7.438,-38.969,-102.062,0.2,1.220,-102.062,0.000,0.0,0.000,0.000,0.000,0.0,0.000,0.000
0.6058,2.617,-1.7,-1.825,2.623,4.727,-3.4,0.355,4.730,22.891,-3.0,7.344,22.891,97.875,-4.8,-0.798,97.875,-2.135,2.0,1.344,-2.143,-6.938,0.5,-0.540,-6.934,-38.969,0.4,-7.426,-38.969,-102.062,0.1,1.148,-102.062,0.000,0.0,0.000,0.000,0.000,0.0,0.000,0.000
0.6078,2.629,3.6,-2.109,2.617,4.730,0.3,0.497,4.727,22.891,1.4,7.391,22.891,97.875,-5.4,-0.792,97.875,-2.146,-4.3,1.367,-2.135,-6.938,1.2,-0.501,-6.938,-38.969,-0.4,-7.262,-38.969,-102.062,1.1,1.157,-102.062,0.000,0.0,0.000,0.000,0.000,0.0,0.000,0.000
0.6098,2.623,0.6,-1.902,2.629,4.730,-1.3,0.410,4.730,22.891,-1.1,7.238,22.891,97.875,-9.5,-0.742,97.875,-2.137,0.1,1.479,-2.146,-6.934,3.3,-0.456,-6.938,-38.969,3.0,-7.492,-38.969,-102.000,2.7,1.124,-102.062,0.000,0.0,0.000,0.000,0.000,0.0,0.000,0.000
0.6118,2.627,2.1,-1.961,2.623,4.730,-1.0,0.425,4.730,22.891,2.4,7.293,22.891,97.875,-9.5,-0.733,97.875,-2.141,-1.5,1.456,-2.137,-6.941,0.7,-0.420,-6.934,-38.969,-0.3,-7.473,-38.969,-102.000,2.0,1.189,-102.000,0.000,0.0,0.000,0.000,0.000,0.0,0.000,0.000
0.6145,2.621,-0.5,-1.839,2.627,4.723,-4.4,0.405,4.730,22.891,0.6,7.328,22.891,97.875,-3.2,-0.717,97.875,-2.131,3.3,1.370,-2.141,-6.941,-0.9,-0.630,-6.941,-38.969,-1.3,-7.547,-38.969,-102.000,-0.5,1.145,-102.000,0.000,0.0,0.000,0.000,0.000,0.0,0.000,0.000
0.6166,2.621,-0.5,-1.917,2.621,4.730,0.3,0.339,4.723,22.891,2.6,7.465,22.891,97.812,-9.2,-0.722,97.875,-2.137,0.9,1.522,-2.131,-6.941,-0.7,-0.535,-6.941,-38.969,-0.2,-7.418,-38.969,-102.000,1.3,1.123,-102.000,0.000,0.0,0.000,0.000,0.000,0.0,0.000,0.000
0.6184,2.621,-0.9,-1.959,2.621,4.727,-3.1,0.341,4.730,22.891,2.1,7.465,22.891,97.812,-5.1,-0.793,97.812,-2.137,0.1,1.432,-2.137,-6.945,-1.1,-0.419,-6.941,-38.969,-1.3,-7.469,-38.969,-102.000,0.9,1.196,-102.000,0.000,0.0,0.000,0.000,0.000,0.0,0.000,0.000
0.6198,2.621,-1.4,-2.061,2.621,4.730,0.1,0.382,4.727,22.891,-2.3,7.434,22.891,97.812,-4.7,-0.813,97.812,-2.141,-1.4,1.446,-2.137,-6.934,3.1,-0.503,-6.945,-38.969,-1.9,-7.328,-38.969,-102.000,0.3,1.145,-102.000,0.000,0.0,0.000,0.000,0.000,0.0,0.000,0.000
0.6218,2.629,2.5,-2.094,2.621,4.730,-0.7,0.519,4.730,22.891,2.4,7.527,22.891,97.812,-3.0,-0.865,97.812,-2.135,1.4,1.407,-2.141,-6.945,-1.7,-0.503,-6.934,-38.969,-1.4,-7.391,-38.969,-102.000,3.5,1.204,-102.000,0.000,0.0,0.000,0.000,0.000,0.0,0.000,0.000
0.6238,2.621,-1.2,-1.778,2.629,4.730,1.6,0.531,4.730,22.891,-0.6,7.387,22.891,97.812,-2.8,-0.808,97.812,-2.135,1.3,1.405,-2.135,-6.941,0.3,-0.567,-6.945,-38.969,0.6,-7.445,-38.969,-102.000,2.3,1.187,-102.000,0.000,0.0,0.000,0.000,0.000,0.0,0.000,0.000
0.6258,2.633,6.6,-1.639,2.621,4.730,1.0,0.450,4.730,22.891,-0.8,7.562,22.891,97.812,-5.5,-0.853,97.812,-2.141,-1.9,1.363,-2.135,-6.941,0.3,-0.515,-6.941,-38.969,5.2,-7.371,-38.969,-102.000,4.4,1.175,-102.000,0.000,0.0,0.000,0.000,0.000,0.0,0.000,0.000
0.6278,2.621,-0.3,-1.874,2.633,4.730,-2.1,0.378,4.730,22.891,-2.1,7.277,22.891,97.750,-3.9,-0.784,97.812,-2.141,-1.4,1.386,-2.141,-6.945,-0.7,-0.532,-6.941,-38.969,3.3,-7.605,-38.969,-102.000,0.2,1.129,-102.000,0.000,0.0,0.000,0.000,0.000,0.0,0.000,0.000
0.6298,2.627,2.2,-1.864,2.621,4.738,1.5,0.250,4.730,22.906,1.5,7.328,22.891,97.750,-5.5,-0.806,97.750,-2.137,0.0,1.506,-2.141,-6.938,1.9,-0.634,-6.945,-38.969,-3.6,-7.562,-38.969,-102.000,-1.4,1.263,-102.000,0.000,0.0,0.000,0.000,0.000,0.0,0.000,0.000
0.6318,2.627,2.7,-1.818,2.627,4.730,-1.7,0.389,4.738,22.906,3.1,7.312,22.906,97.750,-8.5,-0.840,97.750,-2.135,1.9,1.528,-2.137,-6.941,0.7,-0.589,-6.938,-38.969,-4.1,-7.496,-38.969,-102.000,2.9,1.241,-102.000,0.000,0.0,0.000,0.000,0.000,0.0,0.000,0.000
0.6338,2.629,3.3,-2.037,2.627,4.734,1.5,0.504,4.730,22.891,0.4,7.562,22.906,97.750,-2.0,-0.898,97.750,-2.141,-1.5,1.474,-2.135,-6.949,-2.4,-0.630,-6.941,-38.969,-1.9,-7.492,-38.969,-102.000,4.0,1.303,-102.000,0.000,0.0,0.000,0.000,0.000,0.0,0.000,0.000
0.6358,2.623,0.5,-1.931,2.629,4.734,1.2,0.434,4.734,22.891,-1.4,7.359,22.891,97.750,-2.7,-0.897,97.750,-2.127,4.7,1.479,-2.141,-6.945,-0.6,-0.521,-6.949,-38.969,-2.2,-7.391,-38.969,-102.000,0.7,1.198,-102.000,0.000,0.0,0.000,0.000,0.000,0.0,0.000,0.000
0.6382,2.613,-3.9,-1.851,2.623,4.734,1.7,0.448,4.734,22.906,3.2,7.645,22.891,97.750,0.2,-0.955,97.750,-2.131,3.0,1.509,-2.127,-6.949,-2.8,-0.457,-6.945,-38.969,3.0,-7.637,-38.969,-102.000,3.9,1.178,-102.000,0.000,0.0,0.000,0.000,0.000,0.0,0.000,0.000
0.6404,2.617,-2.6,-1.940,2.613,4.730,0.8,0.540,4.734,22.891,-0.0,7.613,22.906,97.750,1.1,-0.992,97.750,-2.141,-2.0,1.537,-2.131,-6.941,1.4,-0.620,-6.949,-38.969,2.8,-7.801,-38.969,-102.000,-1.4,1.206,-102.000,0.000,0.0,0.000,0.000,0.000,0.0,0.000,0.000
0.6426,2.621,-1.2,-1.965,2.617,4.730,-1.0,0.378,4.730,22.891,-2.3,7.324,22.891,97.750,2.5,-0.916,97.750,-2.141,-1.9,1.435,-2.141,-6.945,0.1,-0.657,-6.941,-38.969,-2.2,-7.719,-38.969,-102.000,4.4,1.270,-102.000,0.000,0.0,0.000,0.000,0.000,0.0,0.000,0.000
0.6448,2.629,2.4,-1.959,2.621,4.738,2.3,0.482,4.730,22.891,-1.8,7.594,22.891,97.750,-0.0,-0.857,97.750,-2.135,0.7,1.474,-2.141,-6.941,1.6,-0.709,-6.945,-38.969,-1.6,-7.625,-38.969,-102.000,3.0,1.275,-102.000,0.000,0.0,0.000,0.000,0.000,0.0,0.000,0.000
0.6463,2.621,-1.6,-1.759,2.629,4.730,-3.1,0.262,4.738,22.906,4.7,7.516,22.891,97.750,1.6,-0.925,97.750,-2.137,0.4,1.740,-2.135,-6.949,-1.5,-0.652,-6.941,-38.969,-0.4,-7.727,-38.969,-102.000,-0.8,1.259,-102.000,0.000,0.0,0.000,0.000,0.000,0.0,0.000,0.000
0.6479,2.621,-1.7,-1.992,2.621,4.742,3.5,0.483,4.730,22.906,0.3,7.418,22.906,97.750,2.1,-0.886,97.750,-2.131,2.6,1.523,-2.137,-6.945,0.3,-0.562,-6.949,-38.969,0.8,-7.531,-38.969,-102.000,4.0,1.253,-102.000,0.000,0.0,0.000,0.000,0.000,0.0,0.000,0.000
0.6498,2.623,0.0,-1.864,2.621,4.738,1.4,0.396,4.742,22.906,2.3,7.543,22.906,97.750,-2.3,-0.993,97.750,-2.137,-0.1,1.495,-2.131,-6.949,-2.2,-0.574,-6.945,-39.000,-2.6,-7.574,-38.969,-102.000,1.5,1.215,-102.000,0.000,0.0,0.000,0.000,0.000,0.0,0.000,0.000
0.6518,2.629,2.3,-2.012,2.623,4.734,0.5,0.370,4.738,22.891,-1.1,7.184,22.906,97.750,0.8,-0.853,97.750,-2.131,3.0,1.491,-2.137,-6.945,1.6,-0.697,-6.949,-38.969,0.5,-7.969,-39.000,-102.000,0.6,1.335,-102.000,0.000,0.0,0.000,0.000,0.000,0.0,0.000,0.000
0.6538,2.629,2.6,-1.843,2.629,4.730,-0.7,0.247,4.734,22.906,1.2,7.344,22.891,97.750,1.2,-0.830,97.750,-2.141,-2.4,1.494,-2.131,-6.949,-0.5,-0.708,-6.945,-39.000,0.3,-7.902,-38.969,-101.938,4.3,1.350,-102.000,0.000,0.0,0.000,0.000,0.000,0.0,0.000,0.000
0.6558,2.621,-2.0,-1.915,2.629,4.727,-3.2,0.392,4.730,22.891,-1.0,7.535,22.906,97.750,0.8,-0.940,97.750,-2.135,0.2,1.424,-2.141,-6.949,-1.2,-0.693,-6.949,-39.000,0.6,-7.684,-39.000,-101.938,4.0,1.226,-101.938,0.000,0.0,0.000,0.000,0.000,0.0,0.000,0.000
0.6578,2.623,-0.7,-1.983,2.621,4.730,-0.1,0.428,4.727,22.891,-2.4,7.434,22.891,97.750,1.4,-0.964,97.750,-2.135,0.4,1.531,-2.135,-6.953,-1.5,-0.668,-6.949,-39.000,0.3,-7.512,-39.000,-101.938,6.7,1.318,-101.938,0.000,0.0,0.000,0.000,0.000,0.0,0.000,0.000
0.6598,2.629,1.7,-2.029,2.623,4.730,-2.0,0.367,4.730,22.906,2.7,7.461,22.891,97.750,-2.0,-0.957,97.750,-2.135,0.8,1.488,-2.135,-6.949,2.3,-0.665,-6.953,-39.000,-1.1,-7.781,-39.000,-101.938,2.0,1.270,-101.938,0.000,0.0,0.000,0.000,0.000,0.0,0.000,0.000
0.6618,2.633,3.2,-1.889,2.629,4.730,-0.4,0.365,4.730,22.906,1.3,7.484,22.906,97.750,-5.7,-0.865,97.750,-2.135,1.1,1.595,-2.135,-6.957,-1.8,-0.697,-6.949,-39.000,1.9,-7.805,-39.000,-101.938,1.6,1.280,-101.938,0.000,0.0,0.000,0.000,0.000,0.0,0.000,0.000
0.6640,2.623,-1.4,-1.876,2.633,4.734,0.9,0.344,4.730,22.891,-1.8,7.391,22.906,97.750,-2.5,-0.936,97.750,-2.137,0.0,1.653,-2.135,-6.953,0.2,-0.654,-6.957,-39.000,-1.2,-7.844,-39.000,-101.938,2.8,1.382,-101.938,0.000,0.0,0.000,0.000,0.000,0.0,0.000,0.000
0.6660,2.629,1.5,-1.836,2.623,4.734,-0.1,0.257,4.734,22.891,-3.0,7.277,22.891,97.750,2.2,-0.887,97.750,-2.137,-1.1,1.587,-2.137,-6.957,-0.9,-0.817,-6.953,-39.000,-1.5,-8.039,-39.000,-101.938,5.2,1.413,-101.938,0.000,0.0,0.000,0.000,0.000,0.0,0.000,0.000
0.6682,2.627,-0.5,-1.935,2.629,4.730,-2.9,0.284,4.734,22.891,-4.7,7.234,22.891,97.750,0.5,-0.895,97.750,-2.135,0.1,1.478,-2.137,-6.949,2.3,-0.831,-6.957,-39.000,-1.2,-8.008,-39.000,-101.938,1.8,1.410,-101.938,0.000,0.0,0.000,0.000,0.000,0.0,0.000,0.000
0.6708,2.623,-1.5,-1.956,2.627,4.730,-2.5,0.414,4.730,22.891,-0.9,7.559,22.891,97.750,-0.7,-1.041,97.750,-2.141,-2.4,1.561,-2.135,-6.957,-0.2,-0.657,-6.949,-39.000,0.3,-7.809,-39.000,-101.875,4.0,1.263,-101.938,0.000,0.0,0.000,0.000,0.000,0.0,0.000,0.000
0.6731,2.623,-1.5,-1.977,2.623,4.730,-0.7,0.455,4.730,22.906,2.7,7.684,22.891,97.750,0.9,-1.026,97.750,-2.131,2.1,1.479,-2.141,-6.961,-1.7,-0.680,-6.957,-39.000,-2.0,-7.863,-39.000,-101.875,6.4,1.288,-101.875,0.000,0.0,0.000,0.000,0.000,0.0,0.000,0.000
0.6754,2.629,1.9,-1.813,2.623,4.742,3.9,0.471,4.730,22.906,-0.6,7.375,22.906,97.750,-2.5,-0.993,97.750,-2.137,-0.9,1.617,-2.131,-6.961,-1.6,-0.727,-6.961,-39.000,-1.4,-7.855,-39.000,-101.875,4.5,1.329,-101.875,0.000,0.0,0.000,0.000,0.000,0.0,0.000,0.000
0.6770,2.627,-0.6,-1.933,2.629,4.742,3.4,0.380,4.742,22.891,-2.6,7.273,22.906,97.750,-3.5,-0.908,97.750,-2.135,-0.2,1.445,-2.137,-6.965,-2.3,-0.745,-6.961,-39.000,-0.4,-8.289,-39.000,-101.875,5.1,1.417,-101.875,0.000,0.0,0.000,0.000,0.000,0.0,0.000,0.000
0.6783,2.621,-3.1,-1.781,2.627,4.746,4.6,0.264,4.742,22.906,-0.0,7.281,22.891,97.750,-2.8,-0.899,97.750,-2.137,-1.7,1.506,-2.135,-6.965,-1.8,-0.767,-6.965,-39.000,1.3,-7.965,-39.000,-101.875,3.5,1.413,-101.875,0.000,0.0,0.000,0.000,0.000,0.0,0.000,0.000
0.6798,2.627,-0.5,-1.929,2.621,4.746,2.9,0.208,4.746,22.906,1.6,7.324,22.906,97.750,-2.1,-0.965,97.750,-2.135,-0.0,1.574,-2.137,-6.965,-1.6,-0.776,-6.965,-39.000,-0.5,-7.898,-39.000,-101.875,5.7,1.389,-101.875,0.000,0.0,0.000,0.000,0.000,0.0,0.000,0.000
0.6818,2.629,0.9,-1.955,2.627,4.734,-1.0,0.329,4.746,22.906,0.5,7.637,22.906,97.750,1.4,-1.020,97.750,-2.146,-4.4,1.703,-2.135,-6.957,0.9,-0.771,-6.965,-39.000,-0.2,-7.961,-39.000,-101.875,7.4,1.375,-101.875,0.000,0.0,0.000,0.000,0.000,0.0,0.000,0.000
0.6838,2.629,1.0,-1.904,2.629,4.730,-1.8,0.373,4.734,22.891,-1.8,7.434,22.906,97.750,-1.7,-1.062,97.750,-2.131,1.9,1.396,-2.146,-6.965,-1.2,-0.714,-6.957,-39.000,-2.3,-7.996,-39.000,-101.875,3.8,1.391,-101.875,0.000,0.0,0.000,0.000,0.000,0.0,0.000,0.000
0.6858,2.627,-1.1,-2.047,2.629,4.730,-1.9,0.357,4.730,22.906,1.2,7.523,22.891,97.750,-2.9,-1.020,97.750,-2.131,1.5,1.530,-2.131,-6.961,1.6,-0.725,-6.965,-39.031,-5.2,-7.875,-39.000,-101.875,1.1,1.402,-101.875,0.000,0.0,0.000,0.000,0.000,0.0,0.000,0.000
0.6878,2.627,-0.9,-1.982,2.627,4.738,1.3,0.360,4.730,22.906,3.5,7.754,22.906,97.750,-0.7,-1.027,97.750,-2.137,-1.5,1.521,-2.131,-6.965,0.4,-0.736,-6.961,-39.000,0.7,-7.984,-39.031,-101.812,3.9,1.366,-101.875,0.000,0.0,0.000,0.000,0.000,0.0,0.000,0.000
0.6898,2.633,2.3,-1.869,2.627,4.738,1.1,0.445,4.738,22.906,3.7,7.461,22.906,97.750,2.7,-1.039,97.750,-2.135,-0.5,1.528,-2.137,-6.969,-2.9,-0.794,-6.965,-39.000,-0.8,-7.871,-39.000,-101.812,3.4,1.495,-101.812,0.000,0.0,0.000,0.000,0.000,0.0,0.000,0.000
0.6918,2.633,2.1,-1.808,2.633,4.738,1.1,0.329,4.738,22.922,4.0,7.301,22.906,97.750,3.9,-0.930,97.750,-2.137,-1.8,1.555,-2.135,-6.965,-0.3,-0.830,-6.969,-39.031,-3.6,-8.242,-39.000,-101.812,2.8,1.564,-101.812,0.000,0.0,0.000,0.000,0.000,0.0,0.000,0.000
0.6938,2.633,2.2,-1.812,2.633,4.742,1.9,0.141,4.738,22.922,3.9,7.398,22.922,97.750,-1.5,-0.975,97.750,-2.131,1.7,1.578,-2.137,-6.961,1.8,-0.896,-6.965,-39.000,0.7,-8.148,-39.031,-101.812,-2.0,1.450,-101.812,0.000,0.0,0.000,0.000,0.000,0.0,0.000,0.000
0.6958,2.623,-2.2,-1.828,2.633,4.742,1.2,0.275,4.742,22.906,2.9,7.578,22.922,97.750,0.7,-1.060,97.750,-2.135,0.6,1.561,-2.131,-6.965,-1.1,-0.859,-6.961,-39.031,-3.3,-8.133,-39.000,-101.812,8.7,1.417,-101.812,0.000,0.0,0.000,0.000,0.000,0.0,0.000,0.000
0.6978,2.629,0.7,-1.901,2.623,4.738,-0.3,0.409,4.742,22.906,1.6,7.641,22.906,97.750,-0.4,-1.077,97.750,-2.135,0.7,1.463,-2.135,-6.953,4.9,-0.790,-6.965,-39.000,1.1,-7.941,-39.031,-101.812,3.0,1.418,-101.812,0.000,0.0,0.000,0.000,0.000,0.0,0.000,0.000
0.7001,2.623,-1.9,-1.881,2.629,4.746,1.8,0.355,4.738,22.906,1.6,7.402,22.906,97.750,1.1,-0.951,97.750,-2.141,-3.0,1.582,-2.135,-6.969,-2.3,-0.834,-6.953,-39.031,-0.7,-8.031,-39.000,-101.812,-0.1,1.422,-101.812,0.000,0.0,0.000,0.000,0.000,0.0,0.000,0.000
0.7023,2.627,-0.1,-1.741,2.623,4.746,3.9,0.452,4.746,22.906,-1.0,7.492,22.906,97.750,-1.7,-1.094,97.750,-2.131,1.2,1.416,-2.141,-6.965,-0.3,-0.657,-6.969,-39.031,-1.9,-7.637,-39.031,-101.812,2.3,1.361,-101.812,0.000,0.0,0.000,0.000,0.000,0.0,0.000,0.000
0.7044,2.629,1.2,-1.875,2.627,4.734,-1.5,0.572,4.746,22.906,1.8,7.438,22.906,97.750,-1.5,-0.961,97.750,-2.137,-1.3,1.680,-2.131,-6.969,-2.2,-0.867,-6.965,-39.031,0.4,-8.336,-39.031,-101.812,1.6,1.534,-101.812,0.000,0.0,0.000,0.000,0.000,0.0,0.000,0.000
0.7065,2.627,-0.8,-1.844,2.629,4.738,0.1,0.407,4.734,22.906,-0.4,7.457,22.906,97.750,-1.0,-1.131,97.750,-2.141,-2.1,1.646,-2.137,-6.965,0.6,-0.798,-6.969,-39.031,-1.1,-7.875,-39.031,-101.812,0.0,1.490,-101.812,0.000,0.0,0.000,0.000,0.000,0.0,0.000,0.000
0.7079,2.629,1.5,-1.719,2.627,4.742,1.0,0.320,4.738,22.906,0.6,7.695,22.906,97.750,1.0,-1.118,97.750,-2.137,-1.2,1.464,-2.141,-6.969,-3.2,-0.781,-6.965,-39.031,0.0,-8.016,-39.031,-101.812,0.6,1.440,-101.812,0.000,0.0,0.000,0.000,0.000,0.0,0.000,0.000
0.7098,2.623,-1.7,-1.851,2.629,4.738,-0.8,0.454,4.742,22.906,-2.7,7.754,22.906,97.750,3.0,-1.075,97.750,-2.137,-1.7,1.455,-2.137,-6.965,-0.5,-0.746,-6.969,-39.031,-0.2,-7.953,-39.031,-101.750,5.4,1.442,-101.812,0.000,0.0,0.000,0.000,0.000,0.0,0.000,0.000
0.7118,2.629,1.7,-1.834,2.623,4.738,-1.9,0.373,4.738,22.922,1.6,7.691,22.906,97.750,-2.1,-1.133,97.750,-2.137,-1.1,1.549,-2.137,-6.965,-0.9,-0.893,-6.965,-39.031,-1.9,-8.148,-39.031,-101.812,-1.8,1.490,-101.750,0.000,0.0,0.000,0.000,0.000,0.0,0.000,0.000
0.7138,2.623,-2.2,-1.884,2.629,4.742,0.7,0.525,4.738,22.922,3.1,7.730,22.922,97.750,-0.3,-1.140,97.750,-2.135,0.3,1.522,-2.137,-6.965,-0.3,-0.721,-6.965,-39.031,-0.2,-8.117,-39.031,-101.812,-2.5,1.466,-101.812,0.000,0.0,0.000,0.000,0.000,0.0,0.000,0.000
0.7158,2.633,3.0,-1.764,2.623,4.746,1.8,0.490,4.742,22.906,-1.7,7.656,22.922,97.750,-5.8,-1.122,97.750,-2.137,-1.5,1.468,-2.135,-6.965,-0.7,-0.785,-6.965,-39.031,-1.1,-7.977,-39.031,-101.812,1.9,1.505,-101.812,0.000,0.0,0.000,0.000,0.000,0.0,0.000,0.000
0.7178,2.623,-2.5,-2.080,2.633,4.734,-2.8,0.444,4.746,22.922,0.8,7.719,22.906,97.750,-0.3,-1.006,97.750,-2.131,1.2,1.487,-2.137,-6.969,-2.4,-0.922,-6.965,-39.031,-0.8,-8.273,-39.031,-101.812,1.4,1.627,-101.812,0.000,0.0,0.000,0.000,0.000,0.0,0.000,0.000
0.7198,2.623,-2.8,-1.951,2.623,4.738,-1.5,0.361,4.734,22.906,-1.5,7.488,22.922,97.750,3.5,-1.117,97.750,-2.137,-1.6,1.584,-2.131,-6.969,-2.5,-0.857,-6.969,-39.031,1.1,-7.816,-39.031,-101.812,-1.3,1.529,-101.812,0.000,0.0,0.000,0.000,0.000,0.0,0.000,0.000
0.7218,2.627,-0.8,-1.980,2.623,4.746,1.2,0.503,4.738,22.922,1.8,7.887,22.906,97.750,2.5,-1.166,97.750,-2.135,-0.2,1.408,-2.137,-6.965,-0.1,-0.605,-6.969,-39.031,-0.5,-7.938,-39.031,-101.750,2.3,1.425,-101.812,0.000,0.0,0.000,0.000,0.000,0.0,0.000,0.000
0.7240,2.633,2.8,-1.773,2.627,4.734,-2.4,0.592,4.746,22.922,-0.7,7.855,22.922,97.750,-2.1,-1.259,97.750,-2.135,1.2,1.665,-2.135,-6.969,-2.2,-0.779,-6.965,-39.031,0.3,-8.094,-39.031,-101.750,5.4,1.538,-101.750,0.000,0.0,0.000,0.000,0.000,0.0,0.000,0.000
0.7260,2.627,-1.0,-1.928,2.633,4.730,-3.7,0.634,4.734,22.922,1.9,7.855,22.922,97.750,0.6,-1.123,97.750,-2.137,-1.3,1.377,-2.135,-6.969,-2.6,-0.874,-6.969,-39.031,0.1,-8.141,-39.031,-101.750,2.1,1.568,-101.750,0.000,0.0,0.000,0.000,0.000,0.0,0.000,0.000
0.7281,2.629,1.5,-1.753,2.627,4.738,-0.6,0.428,4.730,22.922,3.3,7.547,22.922,97.750,-2.3,-1.099,97.750,-2.135,0.3,1.491,-2.137,-6.969,-3.0,-0.813,-6.969,-39.031,2.6,-8.242,-39.031,-101.750,2.8,1.523,-101.750,0.000,0.0,0.000,0.000,0.000,0.0,0.000,0.000
0.7301,2.633,2.0,-1.905,2.629,4.742,0.2,0.365,4.738,22.922,0.7,7.570,22.922,97.750,2.7,-1.001,97.750,-2.135,0.2,1.526,-2.135,-6.965,-1.7,-0.770,-6.969,-39.031,1.0,-8.188,-39.031,-101.750,4.1,1.570,-101.750,0.000,0.0,0.000,0.000,0.000,0.0,0.000,0.000
0.7318,2.629,0.8,-1.848,2.633,4.746,0.7,0.322,4.742,22.938,2.6,7.699,22.922,97.750,0.6,-1.063,97.750,-2.135,0.1,1.566,-2.135,-6.965,-0.9,-0.843,-6.965,-39.031,-1.4,-8.078,-39.031,-101.750,1.8,1.571,-101.750,0.000,0.0,0.000,0.000,0.000,0.0,0.000,0.000
0.7338,2.629,0.9,-1.843,2.629,4.742,-0.8,0.326,4.746,22.922,0.4,7.816,22.938,97.750,-0.3,-1.172,97.750,-2.127,3.1,1.605,-2.135,-6.965,0.5,-0.903,-6.965,-39.031,-1.9,-8.156,-39.031,-101.750,2.6,1.596,-101.750,0.000,0.0,0.000,0.000,0.000,0.0,0.000,0.000
0.7358,2.621,-2.9,-1.789,2.629,4.734,-3.3,0.437,4.742,22.938,1.3,7.801,22.922,97.750,-2.6,-1.149,97.750,-2.127,2.4,1.437,-2.127,-6.965,-0.4,-0.833,-6.965,-39.031,-0.1,-8.148,-39.031,-101.750,-1.4,1.605,-101.750,0.000,0.0,0.000,0.000,0.000,0.0,0.000,0.000
0.7378,2.623,-1.6,-1.884,2.621,4.730,-3.9,0.462,4.734,22.922,-0.4,8.000,22.938,97.688,-4.4,-1.241,97.750,-2.131,1.1,1.454,-2.127,-6.957,4.0,-0.708,-6.965,-39.031,-1.4,-7.930,-39.031,-101.750,0.0,1.484,-101.750,0.000,0.0,0.000,0.000,0.000,0.0,0.000,0.000
0.7398,2.627,0.0,-1.742,2.623,4.738,-1.1,0.494,4.730,22.938,2.0,7.629,22.922,97.750,-0.3,-1.186,97.688,-2.141,-2.8,1.638,-2.131,-6.965,-0.8,-0.847,-6.957,-39.031,-2.0,-8.188,-39.031,-101.750,-0.5,1.639,-101.750,0.000,0.0,0.000,0.000,0.000,0.0,0.000,0.000
0.7418,2.627,-0.7,-1.923,2.627,4.746,1.8,0.531,4.738,22.938,2.7,7.883,22.938,97.688,-0.6,-1.212,97.750,-2.135,0.1,1.490,-2.141,-6.965,-0.7,-0.881,-6.965,-39.031,-0.1,-8.203,-39.031,-101.750,-0.3,1.594,-101.750,0.000,0.0,0.000,0.000,0.000,0.0,0.000,0.000
0.7438,2.621,-3.5,-1.833,2.627,4.746,2.3,0.533,4.746,22.938,2.0,7.746,22.938,97.688,-5.7,-1.267,97.688,-2.141,-2.9,1.524,-2.135,-6.965,-1.0,-0.772,-6.965,-39.031,1.7,-7.875,-39.031,-101.750,3.4,1.492,-101.750,0.000,0.0,0.000,0.000,0.000,0.0,0.000,0.000
0.7458,2.617,-4.8,-1.888,2.621,4.734,-2.7,0.587,4.746,22.938,-0.0,7.832,22.938,97.688,-0.2,-1.237,97.688,-2.137,-1.3,1.429,-2.141,-6.965,0.2,-0.684,-6.965,-39.031,2.9,-7.977,-39.031,-101.750,3.8,1.521,-101.750,0.000,0.0,0.000,0.000,0.000,0.0,0.000,0.000
0.7478,2.621,-3.5,-1.884,2.617,4.742,-1.0,0.445,4.734,22.953,3.6,7.965,22.938,97.688,-2.1,-1.234,97.688,-2.135,-1.6,1.258,-2.137,-6.965,-2.3,-0.787,-6.965,-39.031,0.7,-8.273,-39.031,-101.750,2.8,1.513,-101.750,0.000,0.0,0.000,0.000,0.000,0.0,0.000,0.000
0.7502,2.621,-2.6,-1.810,2.621,4.746,1.9,0.543,4.742,22.953,4.9,7.836,22.953,97.688,-1.7,-1.179,97.688,-2.127,3.1,1.487,-2.135,-6.965,-1.2,-0.853,-6.965,-39.031,-0.1,-8.000,-39.031,-101.750,-0.7,1.500,-101.750,0.000,0.0,0.000,0.000,0.000,0.0,0.000,0.000
0.7523,2.629,2.2,-1.795,2.621,4.742,-0.4,0.643,4.746,22.953,1.8,7.941,22.953,97.688,0.8,-1.317,97.688,-2.137,-0.8,1.597,-2.127,-6.961,0.6,-0.720,-6.965,-39.031,-0.5,-8.102,-39.031,-101.750,3.9,1.529,-101.750,0.000,0.0,0.000,0.000,0.000,0.0,0.000,0.000
0.7544,2.623,-1.9,-1.942,2.629,4.746,2.7,0.665,4.742,22.953,1.7,7.578,22.953,97.688,0.3,-1.160,97.688,-2.127,3.6,1.440,-2.137,-6.969,-3.4,-0.814,-6.961,-39.031,0.6,-8.211,-39.031,-101.750,0.1,1.668,-101.750,0.000,0.0,0.000,0.000,0.000,0.0,0.000,0.000
0.7564,2.627,-0.3,-1.749,2.623,4.742,-0.2,0.474,4.746,22.953,1.6,7.742,22.953,97.688,-1.5,-1.125,97.688,-2.135,1.0,1.553,-2.127,-6.965,-0.0,-0.944,-6.969,-39.031,-0.8,-8.258,-39.031,-101.750,4.9,1.584,-101.750,0.000,0.0,0.000,0.000,0.000,0.0,0.000,0.000
0.7578,2.627,0.4,-1.739,2.627,4.746,2.1,0.383,4.742,22.953,-0.2,7.793,22.953,97.688,3.3,-1.229,97.688,-2.127,3.3,1.380,-2.135,-6.965,0.0,-0.889,-6.965,-39.031,-1.9,-8.188,-39.031,-101.750,3.7,1.634,-101.750,0.000,0.0,0.000,0.000,0.000,0.0,0.000,0.000
0.7598,2.629,2.7,-1.852,2.627,4.746,0.8,0.557,4.746,22.969,3.1,7.906,22.953,97.688,-6.0,-1.306,97.688,-2.143,-3.6,1.529,-2.127,-6.965,0.3,-0.750,-6.965,-39.031,-0.3,-8.008,-39.031,-101.750,0.4,1.585,-101.750,0.000,0.0,0.000,0.000,0.000,0.0,0.000,0.000
0.7618,2.629,2.1,-1.921,2.629,4.738,-1.7,0.714,4.746,22.953,-2.1,8.047,22.969,97.688,-1.6,-1.200,97.688,-2.141,-3.4,1.435,-2.143,-6.965,-1.6,-0.897,-6.965,-39.031,0.8,-8.438,-39.031,-101.688,1.3,1.586,-101.750,0.000,0.0,0.000,0.000,0.000,0.0,0.000,0.000
0.7638,2.627,0.4,-1.782,2.629,4.742,0.1,0.469,4.738,22.969,0.9,7.648,22.953,97.688,0.2,-1.218,97.688,-2.135,-0.4,1.479,-2.141,-6.957,3.3,-0.807,-6.965,-39.031,2.1,-8.250,-39.031,-101.688,3.2,1.553,-101.688,0.000,0.0,0.000,0.000,0.000,0.0,0.000,0.000
0.7658,2.629,2.0,-1.783,2.627,4.738,-1.4,0.616,4.742,22.984,6.2,7.949,22.969,97.688,-0.6,-1.234,97.688,-2.131,0.8,1.558,-2.135,-6.961,1.6,-0.908,-6.957,-39.031,2.0,-8.477,-39.031,-101.688,7.8,1.642,-101.688,0.000,0.0,0.000,0.000,0.000,0.0,0.000,0.000
0.7678,2.627,0.3,-1.726,2.629,4.742,-0.3,0.409,4.738,22.969,-0.3,7.570,22.984,97.688,-0.4,-1.389,97.688,-2.131,1.2,1.447,-2.131,-6.965,-1.3,-0.806,-6.961,-39.031,0.6,-7.930,-39.031,-101.688,4.3,1.555,-101.688,0.000,0.0,0.000,0.000,0.000,0.0,0.000,0.000
0.7698,2.627,-0.3,-1.956,2.627,4.750,3.7,0.636,4.742,22.969,0.9,8.258,22.969,97.688,0.9,-1.333,97.688,-2.137,-1.7,1.511,-2.131,-6.969,-3.4,-0.897,-6.965,-39.031,1.9,-8.219,-39.031,-101.688,1.7,1.531,-101.688,0.000,0.0,0.000,0.000,0.000,0.0,0.000,0.000
0.7718,2.629,0.8,-1.947,2.627,4.746,1.5,0.609,4.750,22.984,3.6,7.797,22.969,97.688,-0.0,-1.280,97.688,-2.127,2.8,1.470,-2.137,-6.965,-2.2,-0.850,-6.969,-39.031,0.7,-8.219,-39.031,-101.688,3.8,1.545,-101.688,0.000,0.0,0.000,0.000,0.000,0.0,0.000,0.000
0.7738,2.629,1.4,-1.884,2.629,4.742,-0.3,0.541,4.746,22.984,0.1,7.918,22.984,97.688,-0.8,-1.310,97.688,-2.135,-0.7,1.504,-2.127,-6.969,-4.3,-0.893,-6.965,-39.062,-1.5,-8.289,-39.031,-101.688,3.6,1.563,-101.688,0.000,0.0,0.000,0.000,0.000,0.0,0.000,0.000
0.7758,2.627,-0.3,-1.896,2.629,4.742,-0.8,0.567,4.742,22.984,4.2,7.887,22.984,97.688,-3.2,-1.276,97.688,-2.135,0.4,1.670,-2.135,-6.965,-1.8,-0.814,-6.969,-39.062,-1.4,-8.367,-39.062,-101.625,8.6,1.608,-101.688,0.000,0.0,0.000,0.000,0.000,0.0,0.000,0.000
0.7780,2.623,-2.8,-2.006,2.627,4.742,-0.6,0.573,4.742,22.984,3.0,7.840,22.984,97.688,-3.2,-1.301,97.688,-2.141,-2.9,1.473,-2.135,-6.965,0.2,-0.833,-6.965,-39.062,-1.5,-8.211,-39.062,-101.625,5.5,1.598,-101.625,0.000,0.0,0.000,0.000,0.000,0.0,0.000,0.000
0.7799,2.627,-1.3,-1.897,2.623,4.738,-1.7,0.596,4.742,22.984,0.8,7.773,22.984,97.688,-3.9,-1.354,97.688,-2.131,0.4,1.444,-2.141,-6.965,0.0,-0.891,-6.965,-39.062,-1.6,-8.336,-39.062,-101.625,5.4,1.576,-101.625,0.000,0.0,0.000,0.000,0.000,0.0,0.000,0.000
0.7820,2.627,-1.1,-1.859,2.627,4.746,2.0,0.585,4.738,23.000,1.0,8.023,22.984,97.688,1.3,-1.308,97.688,-2.127,2.5,1.534,-2.131,-6.965,-1.8,-0.938,-6.965,-39.062,-1.0,-8.414,-39.062,-101.625,4.1,1.575,-101.625,0.000,0.0,0.000,0.000,0.000,0.0,0.000,0.000
0.7840,2.639,5.2,-1.816,2.627,4.746,1.5,0.563,4.746,23.000,-0.4,7.809,23.000,97.688,1.5,-1.296,97.688,-2.137,-2.5,1.520,-2.127,-6.965,-1.6,-0.993,-6.965,-39.062,0.0,-8.438,-39.062,-101.625,5.7,1.637,-101.625,0.000,0.0,0.000,0.000,0.000,0.0,0.000,0.000
0.7858,2.629,1.1,-1.834,2.639,4.738,-1.7,0.537,4.746,23.000,1.2,7.949,23.000,97.688,-2.5,-1.397,97.688,-2.131,1.4,1.556,-2.137,-6.965,0.4,-0.956,-6.965,-39.062,1.2,-8.305,-39.062,-101.625,8.2,1.674,-101.625,0.000,0.0,0.000,0.000,0.000,0.0,0.000,0.000
0.7878,2.637,3.6,-1.918,2.629,4.742,0.1,0.576,4.738,23.000,0.5,7.867,23.000,97.688,-1.3,-1.391,97.688,-2.131,1.5,1.582,-2.131,-6.969,-1.7,-0.815,-6.965,-39.062,-6.9,-8.398,-39.062,-101.625,8.1,1.666,-101.625,0.000,0.0,0.000,0.000,0.000,0.0,0.000,0.000
0.7898,2.633,1.7,-1.886,2.637,4.742,-0.1,0.535,4.742,23.016,2.0,7.812,23.000,97.625,-5.6,-1.310,97.688,-2.135,-0.1,1.536,-2.131,-6.973,-2.9,-0.978,-6.969,-39.062,-3.9,-8.344,-39.062,-101.562,6.0,1.665,-101.625,0.000,0.0,0.000,0.000,0.000,0.0,0.000,0.000
0.7918,2.621,-3.7,-1.825,2.633,4.750,4.3,0.521,4.742,23.000,-1.5,7.793,23.016,97.625,0.8,-1.202,97.625,-2.125,4.4,1.568,-2.135,-6.965,-0.8,-1.107,-6.973,-39.062,-2.3,-8.367,-39.062,-101.562,6.1,1.588,-101.562,0.000,0.0,0.000,0.000,0.000,0.0,0.000,0.000
0.7938,2.633,2.2,-1.816,2.621,4.738,-1.4,0.554,4.750,23.016,-0.7,7.902,23.000,97.625,-1.1,-1.276,97.625,-2.127,2.5,1.603,-2.125,-6.969,-3.6,-1.087,-6.965,-39.094,-5.7,-8.414,-39.062,-101.562,7.1,1.629,-101.562,0.000,0.0,0.000,0.000,0.000,0.0,0.000,0.000
0.7958,2.633,2.0,-1.878,2.633,4.742,0.5,0.630,4.738,23.016,-2.1,7.883,23.016,97.625,-0.3,-1.354,97.625,-2.135,-1.0,1.566,-2.127,-6.965,-0.8,-0.978,-6.969,-39.094,-4.1,-8.266,-39.094,-101.562,8.8,1.637,-101.562,0.000,0.0,0.000,0.000,0.000,0.0,0.000,0.000
0.7978,2.639,4.0,-1.771,2.633,4.734,-2.4,0.535,4.742,23.016,-2.0,7.699,23.016,97.625,-1.1,-1.360,97.625,-2.135,-0.5,1.691,-2.135,-6.965,0.5,-1.085,-6.965,-39.094,-1.7,-8.305,-39.094,-101.562,6.8,1.655,-101.562,0.000,0.0,0.000,0.000,0.000,0.0,0.000,0.000
0.7998,2.637,2.0,-1.862,2.639,4.730,-5.6,0.486,4.734,23.016,2.6,8.047,23.016,97.625,-3.9,-1.319,97.625,-2.127,1.9,1.571,-2.135,-6.969,-1.8,-0.953,-6.965,-39.094,-4.1,-8.453,-39.094,-101.500,7.7,1.638,-101.562,0.000,0.0,0.000,0.000,0.000,0.0,0.000,0.000
0.8018,2.627,-1.7,-1.709,2.637,4.746,2.0,0.437,4.730,23.031,2.9,7.688,23.016,97.625,1.4,-1.275,97.625,-2.135,-1.1,1.639,-2.127,-6.961,2.5,-1.124,-6.969,-39.094,3.0,-8.672,-39.094,-101.500,8.7,1.707,-101.500,0.000,0.0,0.000,0.000,0.000,0.0,0.000,0.000
0.8041,2.633,2.1,-1.731,2.627,4.738,-1.2,0.366,4.746,23.016,-2.3,7.812,23.031,97.625,-0.2,-1.206,97.625,-2.141,-3.7,1.736,-2.135,-6.965,1.3,-1.104,-6.961,-39.125,-5.6,-8.703,-39.094,-101.500,11.2,1.726,-101.500,0.000,0.0,0.000,0.000,0.000,0.0,0.000,0.000
0.8062,2.637,2.4,-1.881,2.633,4.734,-2.6,0.315,4.738,23.031,3.0,7.695,23.016,97.625,-5.2,-1.254,97.625,-2.127,0.6,1.484,-2.141,-6.965,1.3,-1.154,-6.965,-39.125,-7.5,-8.422,-39.125,-101.438,11.4,1.702,-101.500,0.000,0.0,0.000,0.000,0.000,0.0,0.000,0.000
0.8081,2.617,-7.2,-1.859,2.637,4.742,0.9,0.462,4.734,23.016,-1.7,7.730,23.031,97.625,1.3,-1.371,97.625,-2.125,2.2,1.546,-2.127,-6.965,2.4,-0.982,-6.965,-39.125,-2.3,-8.414,-39.125,-101.438,13.3,1.631,-101.438,0.000,0.0,0.000,0.000,0.000,0.0,0.000,0.000
0.8103,2.637,1.8,-1.806,2.617,4.738,-1.5,0.356,4.742,23.016,-2.1,7.969,23.016,97.625,-1.9,-1.469,97.625,-2.135,-2.2,1.639,-2.125,-6.969,-0.1,-1.032,-6.965,-39.125,-2.2,-8.281,-39.125,-101.438,9.1,1.505,-101.438,0.000,0.0,0.000,0.000,0.000,0.0,0.000,0.000
0.8120,2.629,-1.1,-1.757,2.637,4.742,1.0,0.556,4.738,23.016,-1.1,7.879,23.016,97.625,-1.3,-1.363,97.625,-2.137,-2.8,1.665,-2.135,-6.969,0.3,-0.938,-6.969,-39.156,-0.8,-8.250,-39.125,-101.375,12.6,1.435,-101.438,0.000,0.0,0.000,0.000,0.000,0.0,0.000,0.000
0.8138,2.633,0.7,-1.743,2.629,4.742,0.5,0.441,4.742,23.031,-0.7,7.379,23.016,97.625,0.2,-1.134,97.625,-2.121,3.3,1.598,-2.137,-6.977,-2.1,-1.114,-6.969,-39.156,-0.1,-8.859,-39.156,-101.375,12.5,1.721,-101.375,0.000,0.0,0.000,0.000,0.000,0.0,0.000,0.000
0.8158,2.637,1.1,-1.845,2.633,4.734,-3.2,0.138,4.742,23.031,2.8,7.961,23.031,97.625,-1.3,-1.376,97.625,-2.135,-2.2,1.771,-2.121,-6.973,-1.2,-1.222,-6.977,-39.156,-5.7,-8.680,-39.156,-101.375,11.2,1.621,-101.375,0.000,0.0,0.000,0.000,0.000,0.0,0.000,0.000
0.8178,2.633,-0.3,-1.731,2.637,4.746,2.9,0.372,4.734,23.031,3.0,7.848,23.031,97.625,-5.5,-1.146,97.625,-2.137,-4.0,1.776,-2.135,-6.969,0.2,-1.093,-6.973,-39.188,-6.0,-8.750,-39.156,-101.312,9.0,1.689,-101.375,0.000,0.0,0.000,0.000,0.000,0.0,0.000,0.000
0.8198,2.623,-4.7,-1.833,2.633,4.746,1.7,0.322,4.746,23.031,-2.0,7.641,23.031,97.625,-3.4,-1.229,97.625,-2.135,-3.1,1.604,-2.137,-6.965,1.4,-1.238,-6.969,-39.188,-5.1,-8.570,-39.188,-101.312,13.0,1.611,-101.312,0.000,0.0,0.000,0.000,0.000,0.0,0.000,0.000
0.8218,2.637,1.1,-1.757,2.623,4.734,-2.3,0.345,4.746,23.031,-0.5,7.844,23.031,97.625,1.9,-1.226,97.625,-2.111,7.1,1.627,-2.135,-6.977,-1.8,-1.073,-6.965,-39.188,-3.8,-8.609,-39.188,-101.312,12.6,1.566,-101.312,0.000,0.0,0.000,0.000,0.000,0.0,0.000,0.000
0.8238,2.645,5.4,-1.724,2.637,4.738,-1.4,0.396,4.734,23.031,-0.4,7.805,23.031,97.625,4.4,-1.331,97.625,-2.125,0.7,1.693,-2.111,-6.980,-3.3,-1.098,-6.977,-39.188,-3.2,-8.523,-39.188,-101.250,12.4,1.667,-101.312,0.000,0.0,0.000,0.000,0.000,0.0,0.000,0.000
0.8258,2.633,-0.7,-1.727,2.645,4.738,-0.9,0.348,4.738,23.031,2.4,7.887,23.031,97.625,-0.3,-1.434,97.625,-2.127,-1.2,1.477,-2.125,-6.988,-5.3,-1.085,-6.980,-39.219,-3.6,-8.445,-39.188,-101.250,12.6,1.537,-101.250,0.000,0.0,0.000,0.000,0.000,0.0,0.000,0.000
0.8278,2.637,0.7,-1.780,2.633,4.738,-1.5,0.428,4.738,23.031,0.2,7.918,23.031,97.625,-4.4,-1.306,97.625,-2.127,-0.5,1.821,-2.127,-6.977,1.0,-1.080,-6.988,-39.219,-3.8,-8.875,-39.219,-101.188,12.3,1.729,-101.250,0.000,0.0,0.000,0.000,0.000,0.0,0.000,0.000
0.8298,2.639,1.6,-1.962,2.637,4.742,0.1,0.335,4.738,23.031,2.3,7.590,23.031,97.625,0.0,-1.126,97.625,-2.121,3.3,2.016,-2.127,-6.980,0.8,-1.151,-6.977,-39.219,-1.8,-8.938,-39.219,-101.188,10.9,1.827,-101.188,0.000,0.0,0.000,0.000,0.000,0.0,0.000,0.000
0.8318,2.639,1.9,-1.952,2.639,4.746,2.6,0.174,4.742,23.031,1.5,7.578,23.031,97.625,-1.5,-1.130,97.625,-2.121,2.5,1.925,-2.121,-6.984,-0.9,-1.253,-6.980,-39.250,-4.2,-8.914,-39.219,-101.188,6.8,1.826,-101.188,0.000,0.0,0.000,0.000,0.000,0.0,0.000,0.000
0.8339,2.637,1.0,-1.740,2.639,4.750,3.4,0.185,4.746,23.047,5.1,7.770,23.031,97.625,-0.4,-1.356,97.625,-2.115,3.9,1.463,-2.121,-6.984,-1.2,-1.280,-6.984,-39.250,-4.6,-8.680,-39.250,-101.188,9.0,1.735,-101.188,0.000,0.0,0.000,0.000,0.000,0.0,0.000,0.000
0.8361,2.627,-2.9,-1.729,2.637,4.738,-1.6,0.424,4.750,23.047,4.3,7.891,23.047,97.625,-0.3,-1.391,97.625,-2.115,3.1,1.562,-2.115,-6.980,0.3,-1.247,-6.984,-39.250,-5.5,-8.719,-39.250,-101.125,7.5,1.828,-101.188,0.000,0.0,0.000,0.000,0.000,0.0,0.000,0.000
0.8383,2.629,-1.2,-1.813,2.627,4.738,-1.2,0.414,4.738,23.047,3.2,7.898,23.047,97.625,1.9,-1.452,97.625,-2.119,1.1,1.636,-2.115,-6.996,-4.3,-1.067,-6.980,-39.250,-6.5,-8.664,-39.250,-101.125,7.2,1.776,-101.125,0.000,0.0,0.000,0.000,0.000,0.0,0.000,0.000
0.8403,2.633,-0.1,-1.742,2.629,4.738,-1.5,0.406,4.738,23.031,-0.7,7.977,23.047,97.625,0.8,-1.433,97.625,-2.125,-2.8,1.575,-2.119,-6.992,-2.0,-1.104,-6.996,-39.281,-5.1,-8.539,-39.250,-101.125,8.9,1.785,-101.125,0.000,0.0,0.000,0.000,0.000,0.0,0.000,0.000
0.8418,2.639,2.0,-1.918,2.633,4.746,1.6,0.431,4.738,23.047,2.7,8.234,23.031,97.625,3.3,-1.472,97.625,-2.119,2.1,1.719,-2.125,-6.988,0.2,-1.065,-6.992,-39.281,-3.1,-8.594,-39.281,-101.125,3.7,1.697,-101.125,0.000,0.0,0.000,0.000,0.000,0.0,0.000,0.000
0.8438,2.629,-2.4,-1.640,2.639,4.746,0.3,0.472,4.746,23.062,5.4,8.039,23.047,97.625,-1.8,-1.526,97.625,-2.131,-4.0,1.702,-2.119,-6.980,2.2,-1.188,-6.988,-39.250,0.4,-8.625,-39.281,-101.125,4.3,1.828,-101.125,0.000,0.0,0.000,0.000,0.000,0.0,0.000,0.000
0.8458,2.639,1.7,-1.771,2.629,4.746,-0.0,0.596,4.746,23.047,0.1,7.961,23.062,97.625,-5.1,-1.468,97.625,-2.131,-2.7,1.744,-2.131,-6.984,1.4,-1.031,-6.980,-39.250,0.2,-8.656,-39.250,-101.125,2.3,1.816,-101.125,0.000,0.0,0.000,0.000,0.000,0.0,0.000,0.000
0.8478,2.639,1.4,-1.765,2.639,4.754,3.0,0.392,4.746,23.062,4.4,8.047,23.047,97.625,-1.5,-1.329,97.625,-2.121,2.1,1.581,-2.131,-6.984,0.0,-1.151,-6.984,-39.281,-0.6,-8.797,-39.250,-101.062,1.7,1.880,-101.125,0.000,0.0,0.000,0.000,0.000,0.0,0.000,0.000
0.8498,2.639,1.6,-1.675,2.639,4.750,0.6,0.302,4.754,23.062,0.7,7.879,23.062,97.625,-3.1,-1.314,97.625,-2.125,-0.4,1.506,-2.121,-6.980,3.3,-1.205,-6.984,-39.250,1.5,-8.586,-39.281,-101.125,-1.8,1.853,-101.062,0.000,0.0,0.000,0.000,0.000,0.0,0.000,0.000
0.8518,2.645,4.8,-1.706,2.639,4.746,-2.8,0.512,4.750,23.078,1.7,8.195,23.062,97.625,-3.5,-1.557,97.625,-2.127,-0.8,1.624,-2.125,-6.988,-0.6,-0.972,-6.980,-39.281,-1.8,-8.273,-39.250,-101.062,-0.1,1.790,-101.125,0.000,0.0,0.000,0.000,0.000,0.0,0.000,0.000
0.8538,2.643,3.5,-1.921,2.645,4.754,1.4,0.710,4.746,23.078,3.1,8.391,23.078,97.625,-1.3,-1.588,97.625,-2.127,-0.7,1.397,-2.127,-6.984,1.7,-0.823,-6.988,-39.250,1.7,-8.375,-39.281,-101.062,1.1,1.744,-101.062,0.000,0.0,0.000,0.000,0.000,0.0,0.000,0.000
0.8558,2.637,0.9,-1.777,2.643,4.754,1.8,0.761,4.754,23.094,4.0,8.219,23.078,97.625,-1.9,-1.617,97.625,-2.135,-3.8,1.384,-2.127,-6.984,1.9,-0.843,-6.984,-39.250,1.7,-8.273,-39.250,-101.125,-2.1,1.706,-101.062,0.000,0.0,0.000,0.000,0.000,0.0,0.000,0.000
0.8581,2.637,0.9,-1.846,2.637,4.758,2.4,0.738,4.754,23.078,-1.4,8.328,23.094,97.562,-4.8,-1.596,97.625,-2.137,-4.2,1.564,-2.135,-6.984,0.9,-0.819,-6.984,-39.250,1.7,-8.156,-39.250,-101.125,-1.7,1.721,-101.125,0.000,0.0,0.000,0.000,0.000,0.0,0.000,0.000
0.8600,2.639,1.9,-1.951,2.637,4.766,4.9,0.851,4.758,23.094,2.8,8.383,23.078,97.562,-5.4,-1.619,97.562,-2.131,-1.1,1.515,-2.137,-6.980,1.3,-0.833,-6.984,-39.250,1.9,-8.195,-39.250,-101.125,-2.4,1.722,-101.125,0.000,0.0,0.000,0.000,0.000,0.0,0.000,0.000
0.8620,2.629,-1.6,-1.731,2.639,4.758,0.3,0.696,4.766,23.109,5.7,8.273,23.094,97.562,-8.6,-1.621,97.562,-2.131,-1.2,1.385,-2.131,-6.980,2.3,-0.788,-6.980,-39.250,0.9,-8.172,-39.250,-101.125,-2.6,1.703,-101.125,0.000,0.0,0.000,0.000,0.000,0.0,0.000,0.000
0.8642,2.633,0.4,-1.816,2.629,4.762,-0.0,0.695,4.758,23.125,5.4,8.328,23.109,97.562,-7.1,-1.538,97.562,-2.131,-0.2,1.601,-2.131,-6.992,-4.2,-0.772,-6.980,-39.281,-2.1,-8.117,-39.250,-101.125,-2.6,1.688,-101.125,0.000,0.0,0.000,0.000,0.000,0.0,0.000,0.000
0.8662,2.633,-0.1,-2.031,2.633,4.766,1.0,0.747,4.762,23.125,2.1,8.383,23.125,97.562,-5.8,-1.636,97.562,-2.127,1.4,1.422,-2.131,-6.984,-1.1,-0.695,-6.992,-39.281,-1.3,-8.000,-39.281,-101.125,-1.7,1.530,-101.125,0.000,0.0,0.000,0.000,0.000,0.0,0.000,0.000
0.8678,2.639,2.9,-2.016,2.633,4.773,3.3,0.955,4.766,23.141,6.1,8.336,23.125,97.500,-7.4,-1.606,97.562,-2.125,2.7,1.383,-2.127,-6.980,-0.1,-0.802,-6.984,-39.281,-4.3,-8.141,-39.281,-101.125,-1.9,1.713,-101.125,0.000,0.0,0.000,0.000,0.000,0.0,0.000,0.000
0.8698,2.639,2.3,-1.887,2.639,4.773,3.1,0.961,4.773,23.141,1.2,8.695,23.141,97.500,-8.5,-1.654,97.500,-2.131,0.3,1.418,-2.125,-6.980,0.2,-0.642,-6.980,-39.250,3.0,-7.996,-39.281,-101.125,1.0,1.611,-101.125,0.000,0.0,0.000,0.000,0.000,0.0,0.000,0.000
0.8718,2.637,0.6,-1.942,2.639,4.781,5.1,1.053,4.773,23.156,3.5,8.852,23.141,97.500,-7.5,-1.807,97.500,-2.127,1.8,1.307,-2.131,-6.992,-3.3,-0.484,-6.980,-39.250,0.4,-7.875,-39.250,-101.125,-1.6,1.507,-101.125,0.000,0.0,0.000,0.000,0.000,0.0,0.000,0.000
0.8738,2.629,-1.8,-1.981,2.637,4.766,-2.6,1.031,4.781,23.172,3.7,8.688,23.156,97.500,-6.9,-1.693,97.500,-2.141,-3.5,1.428,-2.127,-6.980,2.8,-0.739,-6.992,-39.250,-0.4,-8.164,-39.250,-101.125,-0.2,1.530,-101.125,0.000,0.0,0.000,0.000,0.000,0.0,0.000,0.000
0.8758,2.623,-4.0,-1.816,2.629,4.781,2.6,0.999,4.766,23.172,2.8,8.430,23.172,97.500,-6.3,-1.601,97.500,-2.137,-2.3,1.356,-2.141,-6.984,-0.8,-0.767,-6.980,-39.250,1.3,-8.133,-39.250,-101.125,3.8,1.616,-101.125,0.000,0.0,0.000,0.000,0.000,0.0,0.000,0.000
0.8778,2.633,0.6,-1.949,2.623,4.773,-0.4,0.909,4.781,23.188,1.4,8.750,23.172,97.438,-9.3,-1.706,97.500,-2.135,-0.2,1.440,-2.137,-6.980,2.3,-0.657,-6.984,-39.281,-1.4,-7.898,-39.250,-101.125,-4.2,1.557,-101.125,0.000,0.0,0.000,0.000,0.000,0.0,0.000,0.000
0.8798,2.637,1.0,-1.961,2.633,4.781,1.7,1.086,4.773,23.203,5.9,8.719,23.188,97.438,-11.4,-1.708,97.438,-2.135,-0.6,1.339,-2.135,-6.988,-2.2,-0.665,-6.980,-39.281,-4.4,-8.102,-39.281,-101.125,2.0,1.594,-101.125,0.000,0.0,0.000,0.000,0.000,0.0,0.000,0.000
0.8818,2.639,2.2,-2.033,2.637,4.773,-1.7,1.133,4.781,23.203,5.0,8.781,23.203,97.438,-8.8,-1.731,97.438,-2.135,-0.6,1.396,-2.135,-6.988,-1.4,-0.643,-6.988,-39.250,0.7,-8.195,-39.281,-101.125,8.3,1.576,-101.125,0.000,0.0,0.000,0.000,0.000,0.0,0.000,0.000
0.8838,2.627,-3.5,-1.990,2.639,4.777,-0.1,1.035,4.773,23.203,4.9,8.586,23.203,97.375,-6.5,-1.614,97.438,-2.131,1.2,1.419,-2.135,-6.980,1.8,-0.774,-6.988,-39.281,-0.6,-8.414,-39.250,-101.125,1.7,1.793,-101.125,0.000,0.0,0.000,0.000,0.000,0.0,0.000,0.000
0.8859,2.633,-0.8,-1.950,2.627,4.777,-0.2,0.871,4.777,23.203,1.7,8.719,23.203,97.375,-9.6,-1.448,97.375,-2.135,-0.3,1.354,-2.131,-6.980,2.1,-0.812,-6.980,-39.281,-2.5,-7.938,-39.281,-101.125,-2.8,1.621,-101.125,0.000,0.0,0.000,0.000,0.000,0.0,0.000,0.000
0.8881,2.637,0.6,-2.008,2.633,4.781,1.7,1.116,4.777,23.203,0.9,8.852,23.203,97.375,-8.2,-1.578,97.375,-2.127,2.0,1.256,-2.135,-6.988,-0.6,-0.727,-6.980,-39.250,1.9,-8.336,-39.281,-101.125,0.5,1.736,-101.125,0.000,0.0,0.000,0.000,0.000,0.0,0.000,0.000
0.8904,2.633,-1.3,-1.960,2.637,4.777,-0.1,1.032,4.781,23.203,-3.8,8.672,23.203,97.312,-12.6,-1.648,97.375,-2.125,2.8,1.337,-2.127,-6.996,-3.0,-0.824,-6.988,-39.281,-1.3,-8.562,-39.250,-101.125,3.0,1.925,-101.125,0.000,0.0,0.000,0.000,0.000,0.0,0.000,0.000
0.8923,2.643,3.0,-1.939,2.633,4.777,0.3,1.074,4.777,23.203,0.8,8.773,23.203,97.312,-7.7,-1.585,97.312,-2.127,1.9,1.548,-2.125,-6.992,-1.7,-0.910,-6.996,-39.281,0.7,-8.414,-39.281,-101.125,0.2,1.995,-101.125,0.000,0.0,0.000,0.000,0.000,0.0,0.000,0.000
0.8939,2.637,-0.5,-1.908,2.643,4.766,-4.2,0.890,4.777,23.219,1.7,8.742,23.203,97.312,-9.9,-1.542,97.312,-2.135,-0.2,1.444,-2.127,-6.992,-0.9,-0.697,-6.992,-39.281,-1.7,-8.289,-39.281,-101.125,3.6,1.730,-101.125,0.000,0.0,0.000,0.000,0.000,0.0,0.000,0.000
0.8958,2.633,-2.2,-2.016,2.637,4.773,-1.6,0.930,4.766,23.203,-1.7,8.953,23.219,97.250,-8.9,-1.629,97.312,-2.135,0.1,1.390,-2.135,-6.988,0.9,-0.666,-6.992,-39.281,-0.5,-8.094,-39.281,-101.125,1.6,1.686,-101.125,0.000,0.0,0.000,0.000,0.000,0.0,0.000,0.000
0.8978,2.639,0.4,-2.021,2.633,4.781,2.6,1.196,4.773,23.203,-3.7,8.773,23.203,97.250,-8.1,-1.689,97.250,-2.127,1.8,1.233,-2.135,-6.984,2.1,-0.743,-6.988,-39.281,-2.1,-8.117,-39.281,-101.125,-2.8,1.703,-101.125,0.000,0.0,0.000,0.000,0.000,0.0,0.000,0.000
0.8998,2.645,3.5,-2.000,2.639,4.773,-0.5,1.001,4.781,23.219,-0.3,8.648,23.203,97.250,-8.2,-1.647,97.250,-2.127,1.3,1.396,-2.127,-6.992,-1.8,-0.977,-6.984,-39.281,-0.3,-8.492,-39.281,-101.125,-1.6,1.849,-101.125,0.000,0.0,0.000,0.000,0.000,0.0,0.000,0.000
0.9018,2.633,-2.6,-1.790,2.645,4.773,-0.5,0.984,4.773,23.219,5.3,8.945,23.219,97.188,-7.4,-1.656,97.250,-2.135,-1.6,1.413,-2.127,-6.992,-1.5,-0.824,-6.992,-39.281,-1.3,-8.266,-39.281,-101.125,1.4,1.788,-101.125,0.000,0.0,0.000,0.000,0.000,0.0,0.000,0.000
0.9038,2.633,-2.5,-1.928,2.633,4.773,-0.9,0.956,4.773,23.219,0.2,8.797,23.219,97.188,-8.0,-1.748,97.188,-2.131,0.9,1.442,-2.135,-6.996,-2.3,-0.767,-6.992,-39.281,0.2,-8.398,-39.281,-101.125,-0.0,1.871,-101.125,0.000,0.0,0.000,0.000,0.000,0.0,0.000,0.000
0.9058,2.652,6.5,-1.982,2.633,4.773,-1.7,0.850,4.773,23.219,-1.9,8.672,23.219,97.188,-10.4,-1.653,97.188,-2.135,-1.1,1.393,-2.131,-6.992,-0.4,-0.870,-6.996,-39.281,-1.8,-8.406,-39.281,-101.125,0.0,1.796,-101.125,0.000,0.0,0.000,0.000,0.000,0.0,0.000,0.000
0.9078,2.639,-0.1,-2.055,2.652,4.773,-1.0,1.046,4.773,23.219,1.8,8.797,23.219,97.188,-6.2,-1.539,97.188,-2.135,0.1,1.528,-2.135,-6.984,2.5,-0.807,-6.992,-39.281,-1.4,-8.203,-39.281,-101.125,1.4,1.788,-101.125,0.000,0.0,0.000,0.000,0.000,0.0,0.000,0.000
0.9098,2.643,0.8,-1.938,2.639,4.789,7.1,1.132,4.773,23.219,2.9,8.750,23.219,97.188,-5.3,-1.755,97.188,-2.135,-1.0,1.335,-2.135,-6.996,-1.5,-0.803,-6.984,-39.281,-3.7,-8.242,-39.281,-101.125,-0.5,1.779,-101.125,0.000,0.0,0.000,0.000,0.000,0.0,0.000,0.000
0.9120,2.633,-3.9,-1.918,2.643,4.781,2.2,1.011,4.789,23.219,3.4,8.883,23.219,97.125,-9.3,-1.802,97.188,-2.135,-1.2,1.407,-2.135,-7.000,-2.9,-0.886,-6.996,-39.281,2.0,-8.336,-39.281,-101.125,-0.1,1.895,-101.125,0.000,0.0,0.000,0.000,0.000,0.0,0.000,0.000
0.9139,2.633,-3.4,-1.974,2.633,4.777,1.0,0.968,4.781,23.219,-1.4,8.867,23.219,97.125,-0.6,-1.672,97.125,-2.127,0.9,1.334,-2.135,-6.988,1.9,-0.899,-7.000,-39.312,-3.8,-8.305,-39.281,-101.125,2.4,1.881,-101.125,0.000,0.0,0.000,0.000,0.000,0.0,0.000,0.000
0.9159,2.637,-1.2,-1.764,2.633,4.777,0.5,0.876,4.777,23.219,-1.1,8.781,23.219,97.125,-5.5,-1.818,97.125,-2.131,0.8,1.532,-2.127,-6.992,-0.9,-0.902,-6.988,-39.281,1.2,-8.445,-39.312,-101.125,0.4,1.924,-101.125,0.000,0.0,0.000,0.000,0.000,0.0,0.000,0.000
0.9188,2.643,2.2,-1.813,2.637,4.773,-0.7,0.947,4.777,23.234,4.0,8.734,23.219,97.125,-1.1,-1.755,97.125,-2.127,3.1,1.460,-2.131,-6.984,2.2,-0.845,-6.992,-39.312,-5.2,-8.430,-39.281,-101.125,-0.7,1.918,-101.125,0.000,0.0,0.000,0.000,0.000,0.0,0.000,0.000
0.9204,2.639,-0.8,-1.904,2.643,4.773,-1.1,0.945,4.773,23.219,-0.7,8.953,23.234,97.125,-4.1,-1.781,97.125,-2.135,-1.2,1.233,-2.127,-6.996,-2.8,-0.899,-6.984,-39.312,0.5,-8.578,-39.312,-101.125,2.1,1.902,-101.125,0.000,0.0,0.000,0.000,0.000,0.0,0.000,0.000
0.9218,2.637,-2.8,-2.090,2.639,4.773,-1.6,1.006,4.773,23.234,2.8,9.188,23.219,97.125,-5.6,-1.973,97.125,-2.127,1.9,1.281,-2.135,-7.000,-3.8,-0.749,-6.996,-39.312,-2.8,-8.102,-39.312,-101.125,2.3,1.872,-101.125,0.000,0.0,0.000,0.000,0.000,0.0,0.000,0.000
0.9238,2.639,-0.7,-1.842,2.637,4.770,-2.3,1.101,4.773,23.219,-1.8,8.180,23.234,97.125,-4.9,-1.484,97.125,-2.137,-3.1,1.455,-2.127,-6.996,-2.4,-1.177,-7.000,-39.312,-1.2,-9.141,-39.312,-101.125,-0.4,2.234,-101.125,0.000,0.0,0.000,0.000,0.000,0.0,0.000,0.000
0.9258,2.645,2.7,-1.821,2.639,4.777,0.9,0.731,4.770,23.219,-1.7,8.805,23.219,97.125,-3.5,-1.703,97.125,-2.131,0.4,1.546,-2.137,-6.992,0.1,-0.966,-6.996,-39.312,-1.5,-8.297,-39.312,-101.125,-1.1,1.978,-101.125,0.000,0.0,0.000,0.000,0.000,0.0,0.000,0.000
0.9278,2.637,-1.8,-1.791,2.645,4.773,-0.0,0.975,4.777,23.219,-1.2,8.625,23.219,97.125,-3.6,-1.766,97.125,-2.131,0.2,1.641,-2.131,-6.988,0.9,-1.124,-6.992,-39.312,-0.1,-8.477,-39.312,-101.125,0.5,1.977,-101.125,0.000,0.0,0.000,0.000,0.000,0.0,0.000,0.000
0.9298,2.639,0.2,-1.731,2.637,4.777,2.3,0.891,4.773,23.219,-2.2,8.648,23.219,97.125,-1.6,-1.810,97.125,-2.131,-0.2,1.371,-2.131,-6.988,1.4,-1.056,-6.988,-39.344,-3.4,-8.562,-39.312,-101.125,2.0,2.037,-101.125,0.000,0.0,0.000,0.000,0.000,0.0,0.000,0.000
0.9318,2.639,-0.9,-1.945,2.639,4.773,1.4,1.000,4.777,23.219,-0.8,8.508,23.219,97.125,1.7,-1.818,97.125,-2.127,0.7,1.303,-2.131,-6.996,-1.1,-1.051,-6.988,-39.344,-2.4,-8.555,-39.344,-101.125,0.5,2.033,-101.125,0.000,0.0,0.000,0.000,0.000,0.0,0.000,0.000
0.9338,2.643,0.8,-1.879,2.639,4.766,-3.2,0.763,4.773,23.219,-0.7,8.562,23.219,97.125,1.3,-1.765,97.125,-2.127,0.1,1.400,-2.127,-6.988,2.2,-1.138,-6.996,-39.344,-1.2,-8.555,-39.344,-101.062,1.0,1.981,-101.125,0.000,0.0,0.000,0.000,0.000,0.0,0.000,0.000
0.9358,2.645,1.8,-1.745,2.643,4.781,4.2,0.667,4.766,23.234,3.3,8.625,23.219,97.125,0.8,-1.768,97.125,-2.127,1.0,1.581,-2.127,-6.988,2.0,-1.142,-6.988,-39.344,-0.5,-8.586,-39.344,-101.062,-0.8,2.035,-101.062,0.000,0.0,0.000,0.000,0.000,0.0,0.000,0.000
0.9378,2.648,2.7,-1.965,2.645,4.773,1.2,0.779,4.781,23.219,-0.4,8.359,23.234,97.125,0.7,-1.804,97.125,-2.135,-2.0,1.609,-2.127,-6.996,-0.4,-1.146,-6.988,-39.344,-2.9,-8.633,-39.344,-101.062,1.9,2.145,-101.062,0.000,0.0,0.000,0.000,0.000,0.0,0.000,0.000
0.9399,2.637,-2.1,-1.664,2.648,4.766,-2.0,0.649,4.773,23.234,3.2,8.297,23.219,97.125,-0.5,-1.560,97.125,-2.135,-2.0,1.613,-2.135,-6.992,1.6,-1.242,-6.996,-39.344,0.8,-8.914,-39.344,-101.062,-0.5,2.209,-101.062,0.000,0.0,0.000,0.000,0.000,0.0,0.000,0.000
0.9420,2.639,-1.0,-1.788,2.637,4.770,-1.7,0.525,4.766,23.219,-0.6,8.398,23.234,97.125,0.4,-1.576,97.125,-2.127,1.0,1.629,-2.135,-6.988,3.3,-1.207,-6.992,-39.344,-1.4,-8.852,-39.344,-101.062,-0.1,2.152,-101.062,0.000,0.0,0.000,0.000,0.000,0.0,0.000,0.000
0.9442,2.645,2.1,-1.691,2.639,4.766,-2.2,0.638,4.770,23.203,-5.5,8.453,23.219,97.125,2.0,-1.586,97.125,-2.125,1.7,1.498,-2.127,-6.996,0.3,-1.188,-6.988,-39.375,-2.1,-8.703,-39.344,-101.062,-0.2,2.113,-101.062,0.000,0.0,0.000,0.000,0.000,0.0,0.000,0.000
0.9462,2.648,2.8,-1.784,2.645,4.762,-4.4,0.637,4.766,23.219,-1.7,8.711,23.203,97.125,-2.5,-1.729,97.125,-2.125,1.1,1.558,-2.125,-7.000,-0.8,-1.021,-6.996,-39.375,-3.8,-8.484,-39.375,-101.062,-0.7,1.996,-101.062,0.000,0.0,0.000,0.000,0.000,0.0,0.000,0.000
0.9478,2.654,4.8,-1.783,2.648,4.770,0.5,0.835,4.762,23.234,2.2,8.234,23.219,97.125,1.9,-1.612,97.125,-2.127,-0.0,1.639,-2.125,-6.992,2.1,-1.237,-7.000,-39.375,-3.2,-8.984,-39.375,-101.062,0.9,2.221,-101.062,0.000,0.0,0.000,0.000,0.000,0.0,0.000,0.000
0.9498,2.643,-1.3,-1.812,2.654,4.773,2.4,0.719,4.770,23.234,4.0,8.703,23.234,97.125,1.5,-1.827,97.125,-2.135,-3.3,1.389,-2.127,-6.992,2.2,-1.052,-6.992,-39.375,-0.2,-8.344,-39.375,-101.062,1.5,2.023,-101.062,0.000,0.0,0.000,0.000,0.000,0.0,0.000,0.000
0.9518,2.643,-1.3,-1.759,2.643,4.773,1.7,0.729,4.773,23.219,-2.8,8.344,23.234,97.125,-1.6,-1.619,97.125,-2.131,-1.4,1.477,-2.135,-7.000,-1.4,-1.112,-6.992,-39.375,0.3,-8.836,-39.375,-101.062,-1.3,2.104,-101.062,0.000,0.0,0.000,0.000,0.000,0.0,0.000,0.000
0.9538,2.643,-0.6,-1.667,2.643,4.766,-1.5,0.644,4.773,23.234,6.6,8.148,23.219,97.125,3.4,-1.447,97.125,-2.121,2.7,1.626,-2.131,-6.996,0.8,-1.284,-7.000,-39.375,-1.8,-9.023,-39.375,-101.062,2.0,2.201,-101.062,0.000,0.0,0.000,0.000,0.000,0.0,0.000,0.000
0.9558,2.643,-0.8,-1.743,2.643,4.773,0.9,0.513,4.766,23.234,0.8,8.586,23.234,97.125,-1.3,-1.707,97.125,-2.135,-2.8,1.684,-2.121,-7.000,-1.2,-1.193,-6.996,-39.406,-4.6,-8.773,-39.375,-101.062,1.8,2.154,-101.062,0.000,0.0,0.000,0.000,0.000,0.0,0.000,0.000
0.9578,2.654,5.2,-1.715,2.643,4.766,-4.4,0.656,4.773,23.234,1.2,8.594,23.234,97.125,1.0,-1.632,97.125,-2.125,1.9,1.533,-2.135,-7.004,-3.3,-1.034,-7.000,-39.406,-0.9,-8.789,-39.406,-101.062,3.5,2.150,-101.062,0.000,0.0,0.000,0.000,0.000,0.0,0.000,0.000
0.9598,2.645,-0.8,-1.973,2.654,4.770,-0.2,0.913,4.766,23.234,1.8,8.461,23.234,97.125,-0.5,-1.743,97.125,-2.127,-0.5,1.388,-2.125,-7.004,-3.4,-1.175,-7.004,-39.406,0.7,-8.672,-39.406,-101.062,-0.3,2.121,-101.062,0.000,0.0,0.000,0.000,0.000,0.0,0.000,0.000
0.9618,2.639,-5.3,-1.875,2.645,4.781,5.5,0.761,4.770,23.234,0.9,8.523,23.234,97.125,3.6,-1.703,97.125,-2.131,-0.9,1.734,-2.127,-6.992,2.7,-1.180,-7.004,-39.406,1.3,-8.688,-39.406,-101.062,0.8,2.189,-101.062,0.000,0.0,0.000,0.000,0.000,0.0,0.000,0.000
0.9638,2.637,-4.9,-1.722,2.639,4.777,1.6,0.688,4.781,23.234,-0.2,8.445,23.234,97.125,0.4,-1.695,97.125,-2.135,-1.8,1.512,-2.131,-7.000,-0.3,-1.311,-6.992,-39.406,0.6,-8.742,-39.406,-101.062,1.6,2.299,-101.062,0.000,0.0,0.000,0.000,0.000,0.0,0.000,0.000
0.9659,2.639,-3.6,-1.939,2.637,4.770,-0.8,0.799,4.777,23.234,0.7,8.539,23.234,97.125,-1.8,-1.655,97.125,-2.131,-0.5,1.537,-2.135,-7.000,-0.5,-1.386,-7.000,-39.406,-2.3,-8.984,-39.406,-101.062,-1.2,2.350,-101.062,0.000,0.0,0.000,0.000,0.000,0.0,0.000,0.000
0.9681,2.639,-3.2,-1.646,2.639,4.777,2.6,0.686,4.770,23.234,-0.5,8.656,23.234,97.125,1.1,-1.728,97.125,-2.127,0.2,1.461,-2.131,-7.000,-1.6,-1.172,-7.000,-39.406,-4.3,-8.977,-39.406,-101.062,2.1,2.166,-101.062,0.000,0.0,0.000,0.000,0.000,0.0,0.000,0.000
0.9711,2.648,1.5,-1.820,2.639,4.773,0.1,0.897,4.777,23.234,-1.7,8.477,23.234,97.125,-0.4,-1.680,97.125,-2.125,0.6,1.411,-2.127,-7.000,0.9,-1.265,-7.000,-39.406,2.1,-9.039,-39.406,-101.062,1.0,2.291,-101.062,0.000,0.0,0.000,0.000,0.000,0.0,0.000,0.000
0.9734,2.645,0.3,-1.837,2.648,4.773,0.1,0.803,4.773,23.234,0.3,8.320,23.234,97.125,-4.7,-1.681,97.125,-2.135,-2.6,1.649,-2.125,-7.004,-1.2,-1.240,-7.000,-39.406,1.2,-8.836,-39.406,-101.062,1.2,2.293,-101.062,0.000,0.0,0.000,0.000,0.000,0.0,0.000,0.000
0.9752,2.645,-0.6,-1.940,2.645,4.770,-2.7,0.713,4.773,23.234,-0.7,8.320,23.234,97.125,-2.6,-1.742,97.125,-2.135,-1.8,1.591,-2.135,-7.000,1.0,-1.373,-7.004,-39.438,-4.4,-8.984,-39.406,-101.062,2.6,2.244,-101.062,0.000,0.0,0.000,0.000,0.000,0.0,0.000,0.000
0.9765,2.645,-0.3,-1.830,2.645,4.766,-3.5,0.782,4.770,23.250,2.7,8.539,23.234,97.125,-1.4,-1.828,97.125,-2.127,1.4,1.490,-2.135,-7.008,-3.6,-1.245,-7.000,-39.438,-2.3,-8.883,-39.438,-101.062,1.4,2.301,-101.062,0.000,0.0,0.000,0.000,0.000,0.0,0.000,0.000
0.9778,2.645,0.1,-1.725,2.645,4.770,-3.0,0.655,4.766,23.250,0.1,8.242,23.250,97.125,0.1,-1.802,97.125,-2.125,2.5,1.484,-2.127,-7.012,-5.4,-1.518,-7.008,-39.438,-2.4,-8.758,-39.438,-101.062,2.0,2.396,-101.062,0.000,0.0,0.000,0.000,0.000,0.0,0.000,0.000
0.9798,2.637,-2.8,-1.540,2.645,4.781,2.0,0.573,4.770,23.250,-2.0,8.164,23.250,97.125,-2.7,-1.586,97.125,-2.131,-0.8,1.566,-2.125,-7.008,-2.3,-1.435,-7.012,-39.438,-2.8,-9.203,-39.438,-101.062,-1.3,2.486,-101.062,0.000,0.0,0.000,0.000,0.000,0.0,0.000,0.000
0.9818,2.643,-0.5,-1.779,2.637,4.766,-2.7,0.714,4.781,23.250,1.0,8.914,23.250,97.125,0.1,-1.847,97.125,-2.127,0.3,1.428,-2.131,-7.008,-2.1,-1.260,-7.008,-39.438,-2.2,-8.609,-39.438,-101.062,3.8,2.244,-101.062,0.000,0.0,0.000,0.000,0.000,0.0,0.000,0.000
0.9838,2.648,2.6,-1.887,2.643,4.766,-2.8,0.884,4.766,23.250,-0.7,8.586,23.250,97.125,-2.2,-2.004,97.125,-2.125,1.7,1.364,-2.127,-7.012,-1.6,-1.171,-7.008,-39.469,-3.6,-8.695,-39.438,-101.062,1.7,2.332,-101.062,0.000,0.0,0.000,0.000,0.000,0.0,0.000,0.000
0.9858,2.645,0.1,-1.947,2.648,4.777,1.6,0.644,4.766,23.250,0.3,8.555,23.250,97.125,0.2,-1.786,97.125,-2.131,-1.2,1.479,-2.125,-7.004,0.9,-1.385,-7.012,-39.469,-2.4,-8.766,-39.469,-101.000,2.7,2.258,-101.062,0.000,0.0,0.000,0.000,0.000,0.0,0.000,0.000
0.9878,2.643,-1.4,-1.657,2.645,4.773,0.2,0.629,4.777,23.266,4.6,8.547,23.250,97.125,0.8,-1.741,97.125,-2.137,-4.2,1.503,-2.131,-7.004,1.2,-1.301,-7.004,-39.469,-4.0,-8.961,-39.469,-101.000,2.4,2.252,-101.000,0.000,0.0,0.000,0.000,0.000,0.0,0.000,0.000
0.9899,2.643,-1.4,-1.894,2.643,4.777,1.1,0.907,4.773,23.266,3.7,8.438,23.266,97.125,-0.5,-1.823,97.125,-2.127,0.3,1.502,-2.137,-7.008,-0.7,-1.423,-7.004,-39.469,-4.0,-8.836,-39.469,-101.000,3.9,2.332,-101.000,0.000,0.0,0.000,0.000,0.000,0.0,0.000,0.000
0.9921,2.645,-0.1,-1.758,2.643,4.777,0.6,0.557,4.777,23.266,-1.3,8.359,23.266,97.125,-1.1,-1.771,97.125,-2.131,-0.5,1.558,-2.127,-7.008,-0.2,-1.389,-7.008,-39.500,-6.1,-8.984,-39.469,-101.000,5.4,2.406,-101.000,0.000,0.0,0.000,0.000,0.000,0.0,0.000,0.000
0.9942,2.639,-3.4,-1.677,2.645,4.766,-4.4,0.696,4.777,23.266,0.7,8.555,23.266,97.125,2.2,-1.855,97.125,-2.131,-1.1,1.493,-2.131,-7.012,-0.5,-1.269,-7.008,-39.469,-2.6,-8.984,-39.500,-101.000,4.3,2.312,-101.000,0.000,0.0,0.000,0.000,0.000,0.0,0.000,0.000
0.9964,2.645,-0.2,-1.680,2.639,4.770,-1.3,0.772,4.766,23.266,-2.2,8.680,23.266,97.125,0.1,-1.833,97.125,-2.131,-1.6,1.418,-2.131,-7.004,2.3,-1.283,-7.012,-39.500,-2.1,-9.000,-39.469,-101.000,3.0,2.314,-101.000,0.000,0.0,0.000,0.000,0.000,0.0,0.000,0.000
0.9981,2.645,0.9,-1.517,2.645,4.781,2.9,0.707,4.770,23.266,-1.2,8.492,23.266,97.125,-1.5,-1.824,97.125,-2.127,-0.2,1.421,-2.131,-7.012,-0.8,-1.281,-7.004,-39.500,-4.6,-8.945,-39.500,-101.000,5.2,2.404,-101.000,0.000,0.0,0.000,0.000,0.000,0.0,0.000,0.000
0.9998,2.645,0.2,-1.774,2.645,4.777,1.4,0.677,4.781,23.281,2.1,8.602,23.266,97.125,1.1,-1.882,97.125,-2.127,-0.3,1.620,-2.127,-7.016,-0.8,-1.282,-7.012,-39.500,-0.5,-9.047,-39.500,-101.000,-2.3,2.373,-101.000,0.000,0.0,0.000,0.000,0.000,0.0,0.000,0.000
1.0018,2.648,1.5,-1.687,2.645,4.777,0.9,0.666,4.777,23.281,0.8,8.367,23.281,97.125,-0.5,-1.806,97.125,-2.127,0.7,1.693,-2.127,-7.016,-1.1,-1.515,-7.016,-39.500,-2.2,-9.039,-39.500,-101.000,0.4,2.441,-101.000,0.000,0.0,0.000,0.000,0.000,0.0,0.000,0.000
1.0038,2.648,0.6,-1.707,2.648,4.773,-1.2,0.496,4.777,23.266,-1.8,8.266,23.281,97.125,-1.6,-1.669,97.125,-2.131,-0.3,1.630,-2.127,-7.016,-1.5,-1.456,-7.016,-39.500,-3.7,-9.336,-39.500,-101.000,2.2,2.541,-101.000,0.000,0.0,0.000,0.000,0.000,0.0,0.000,0.000
1.0058,2.662,6.7,-1.633,2.648,4.773,-0.7,0.525,4.773,23.281,-0.4,8.305,23.266,97.125,1.2,-1.695,97.125,-2.125,1.0,1.421,-2.131,-7.016,0.9,-1.378,-7.016,-39.531,-2.5,-9.023,-39.500,-100.938,4.6,2.424,-101.000,0.000,0.0,0.000,0.000,0.000,0.0,0.000,0.000
1.0078,2.654,2.8,-1.698,2.662,4.777,1.4,0.624,4.773,23.281,0.1,8.875,23.281,97.125,2.1,-1.777,97.125,-2.119,4.1,1.550,-2.125,-7.016,1.3,-1.260,-7.016,-39.531,-6.5,-9.164,-39.531,-100.938,4.3,2.373,-100.938,0.000,0.0,0.000,0.000,0.000,0.0,0.000,0.000
1.0098,2.645,-1.0,-1.661,2.654,4.773,0.6,0.909,4.777,23.281,5.4,8.836,23.281,97.125,3.5,-1.935,97.125,-2.119,4.2,1.522,-2.119,-7.020,-0.3,-1.143,-7.016,-39.531,-3.9,-8.555,-39.531,-100.938,1.7,2.145,-100.938,0.000,0.0,0.000,0.000,0.000,0.0,0.000,0.000
1.0118,2.658,4.3,-1.780,2.645,4.766,-3.0,0.910,4.773,23.281,2.7,8.609,23.281,97.125,-1.1,-1.854,97.125,-2.121,2.3,1.468,-2.119,-7.020,0.4,-1.379,-7.020,-39.562,-4.2,-9.094,-39.531,-100.938,1.1,2.422,-100.938,0.000,0.0,0.000,0.000,0.000,0.0,0.000,0.000
1.0138,2.648,0.3,-1.619,2.658,4.781,3.1,0.635,4.766,23.281,-0.2,8.453,23.281,97.125,3.4,-1.804,97.125,-2.131,-1.8,1.565,-2.121,-7.023,-1.5,-1.494,-7.020,-39.562,-3.3,-9.102,-39.562,-100.938,3.7,2.406,-100.938,0.000,0.0,0.000,0.000,0.000,0.0,0.000,0.000
1.0158,2.662,5.7,-1.579,2.648,4.777,0.3,0.531,4.781,23.297,2.4,8.320,23.281,97.125,-0.9,-1.816,97.125,-2.125,1.6,1.662,-2.131,-7.016,2.1,-1.449,-7.023,-39.562,-0.7,-9.109,-39.562,-100.938,5.1,2.492,-100.938,0.000,0.0,0.000,0.000,0.000,0.0,0.000,0.000
1.0183,2.654,3.3,-1.516,2.662,4.781,1.1,0.542,4.777,23.297,3.6,8.703,23.297,97.125,1.8,-1.746,97.125,-2.135,-2.2,1.713,-2.125,-7.016,2.5,-1.315,-7.016,-39.562,-1.2,-9.234,-39.562,-100.938,4.5,2.391,-100.938,0.000,0.0,0.000,0.000,0.000,0.0,0.000,0.000
1.0208,2.652,0.3,-1.864,2.654,4.773,-1.4,0.952,4.781,23.281,-2.0,8.953,23.297,97.125,1.5,-2.076,97.125,-2.121,1.9,1.412,-2.135,-7.031,-4.8,-1.125,-7.016,-39.562,-4.1,-8.656,-39.562,-100.938,2.3,2.148,-100.938,0.000,0.0,0.000,0.000,0.000,0.0,0.000,0.000
1.0228,2.658,2.2,-1.707,2.652,4.781,0.9,0.969,4.773,23.297,3.0,8.469,23.281,97.125,-0.9,-1.958,97.125,-2.119,3.6,1.512,-2.121,-7.031,-3.1,-1.404,-7.031,-39.562,-1.1,-8.727,-39.562,-100.875,3.4,2.361,-100.938,0.000,0.0,0.000,0.000,0.000,0.0,0.000,0.000
1.0247,2.658,2.2,-1.609,2.658,4.773,-2.1,0.731,4.781,23.297,-1.5,8.328,23.297,97.125,1.0,-1.729,97.125,-2.127,-0.6,1.617,-2.119,-7.027,-0.2,-1.442,-7.031,-39.594,-1.8,-9.172,-39.562,-100.875,5.5,2.480,-100.875,0.000,0.0,0.000,0.000,0.000,0.0,0.000,0.000
1.0259,2.658,3.0,-1.525,2.658,4.781,1.8,0.630,4.773,23.297,-1.4,8.625,23.297,97.125,-0.6,-1.831,97.125,-2.119,3.8,1.562,-2.127,-7.023,1.1,-1.298,-7.027,-39.594,-2.3,-9.172,-39.594,-100.875,3.6,2.371,-100.875,0.000,0.0,0.000,0.000,0.000,0.0,0.000,0.000
1.0278,2.654,1.5,-1.604,2.658,4.781,2.3,0.923,4.781,23.312,-1.8,8.695,23.297,97.125,0.6,-2.016,97.125,-2.127,-0.2,1.652,-2.119,-7.027,-0.8,-1.248,-7.023,-39.594,-2.5,-8.922,-39.594,-100.875,7.0,2.357,-100.875,0.000,0.0,0.000,0.000,0.000,0.0,0.000,0.000
1.0298,2.654,1.5,-1.705,2.654,4.781,0.3,0.808,4.781,23.312,2.2,8.430,23.312,97.125,-0.9,-1.988,97.125,-2.127,0.7,1.665,-2.127,-7.027,-0.1,-1.477,-7.027,-39.594,-3.5,-8.938,-39.594,-100.875,0.9,2.430,-100.875,0.000,0.0,0.000,0.000,0.000,0.0,0.000,0.000
1.0318,2.658,2.0,-1.805,2.654,4.785,2.6,0.663,4.781,23.328,3.6,8.789,23.312,97.125,0.4,-1.847,97.125,-2.125,1.5,1.464,-2.127,-7.031,-1.6,-1.363,-7.027,-39.594,-1.2,-9.188,-39.594,-100.875,4.7,2.432,-100.875,0.000,0.0,0.000,0.000,0.000,0.0,0.000,0.000
1.0338,2.643,-4.8,-1.657,2.658,4.785,2.4,0.851,4.785,23.328,3.2,8.445,23.328,97.125,-3.7,-1.876,97.125,-2.115,5.6,1.468,-2.125,-7.031,-1.2,-1.391,-7.031,-39.594,0.6,-9.219,-39.594,-100.875,3.8,2.549,-100.875,0.000,0.0,0.000,0.000,0.000,0.0,0.000,0.000
1.0358,2.652,-0.7,-1.626,2.643,4.773,-3.4,0.740,4.785,23.328,0.1,8.625,23.328,97.125,-2.0,-1.970,97.125,-2.127,-0.2,1.654,-2.115,-7.039,-3.5,-1.304,-7.031,-39.625,-3.4,-9.148,-39.594,-100.875,2.3,2.361,-100.875,0.000,0.0,0.000,0.000,0.000,0.0,0.000,0.000
1.0378,2.658,1.9,-1.668,2.652,4.781,-0.2,0.854,4.773,23.344,2.5,8.758,23.328,97.125,0.9,-1.955,97.125,-2.131,-1.8,1.615,-2.127,-7.039,-2.3,-1.229,-7.039,-39.625,-6.9,-9.383,-39.625,-100.875,2.5,2.494,-100.875,0.000,0.0,0.000,0.000,0.000,0.0,0.000,0.000
1.0398,2.662,2.5,-1.801,2.658,4.773,-2.6,0.985,4.781,23.328,-0.4,8.859,23.344,97.125,-2.3,-2.148,97.125,-2.121,2.6,1.550,-2.131,-7.047,-4.2,-1.275,-7.039,-39.625,-3.7,-8.867,-39.625,-100.812,6.2,2.389,-100.875,0.000,0.0,0.000,0.000,0.000,0.0,0.000,0.000
1.0418,2.658,1.3,-1.544,2.662,4.789,4.3,0.852,4.773,23.344,0.1,9.055,23.328,97.125,-3.0,-2.139,97.125,-2.119,3.2,1.508,-2.121,-7.035,1.0,-1.188,-7.047,-39.625,-7.6,-9.000,-39.625,-100.875,-1.3,2.395,-100.812,0.000,0.0,0.000,0.000,0.000,0.0,0.000,0.000
1.0438,2.652,-2.9,-1.882,2.658,4.785,2.0,1.084,4.789,23.359,5.5,8.742,23.344,97.125,1.2,-2.246,97.125,-2.125,0.0,1.460,-2.119,-7.035,1.1,-1.391,-7.035,-39.625,-2.9,-8.836,-39.625,-100.812,5.4,2.289,-100.875,0.000,0.0,0.000,0.000,0.000,0.0,0.000,0.000
1.0458,2.654,-1.3,-1.710,2.652,4.781,-0.5,0.856,4.785,23.375,8.1,8.633,23.359,97.125,-0.3,-2.016,97.125,-2.125,0.9,1.651,-2.125,-7.039,-1.8,-1.584,-7.035,-39.625,-3.1,-9.258,-39.625,-100.812,6.2,2.533,-100.812,0.000,0.0,0.000,0.000,0.000,0.0,0.000,0.000
1.0479,2.664,3.4,-1.723,2.654,4.785,-0.1,0.553,4.781,23.375,1.7,8.414,23.375,97.062,-4.1,-1.977,97.125,-2.131,-1.8,1.567,-2.125,-7.043,-2.4,-1.473,-7.039,-39.625,3.5,-9.438,-39.625,-100.812,4.9,2.621,-100.812,0.000,0.0,0.000,0.000,0.000,0.0,0.000,0.000
1.0503,2.658,0.6,-1.555,2.664,4.789,2.1,0.779,4.785,23.391,6.7,8.555,23.375,97.125,-0.6,-2.004,97.062,-2.137,-4.9,1.583,-2.131,-7.039,0.4,-1.424,-7.043,-39.625,0.2,-9.367,-39.625,-100.812,2.8,2.594,-100.812,0.000,0.0,0.000,0.000,0.000,0.0,0.000,0.000
1.0521,2.654,-1.2,-1.767,2.658,4.789,2.2,0.811,4.789,23.391,4.5,8.891,23.391,97.062,-2.2,-2.191,97.125,-2.121,3.0,1.557,-2.137,-7.047,-1.8,-1.245,-7.039,-39.625,0.2,-8.734,-39.625,-100.812,5.3,2.355,-100.812,0.000,0.0,0.000,0.000,0.000,0.0,0.000,0.000
1.0539,2.664,2.2,-1.809,2.654,4.785,1.3,1.026,4.789,23.391,5.5,8.734,23.391,97.062,-0.4,-2.066,97.062,-2.127,-0.6,1.404,-2.121,-7.047,-0.1,-1.268,-7.047,-39.656,-2.6,-9.008,-39.625,-100.812,0.3,2.461,-100.812,0.000,0.0,0.000,0.000,0.000,0.0,0.000,0.000
1.0558,2.654,-2.3,-1.748,2.664,4.785,1.9,0.954,4.785,23.406,6.6,9.078,23.391,97.062,0.5,-2.105,97.062,-2.121,0.7,1.222,-2.127,-7.055,-2.9,-1.257,-7.047,-39.656,0.6,-8.984,-39.656,-100.812,4.9,2.533,-100.812,0.000,0.0,0.000,0.000,0.000,0.0,0.000,0.000
1.0578,2.662,-0.4,-1.767,2.654,4.789,3.5,0.873,4.785,23.406,2.0,9.117,23.406,97.062,-2.8,-2.225,97.062,-2.115,3.2,1.376,-2.121,-7.051,-1.5,-1.432,-7.055,-39.656,-1.8,-9.023,-39.656,-100.750,5.6,2.412,-100.812,0.000,0.0,0.000,0.000,0.000,0.0,0.000,0.000
1.0598,2.664,1.7,-1.731,2.662,4.785,1.9,1.171,4.789,23.406,1.9,9.125,23.406,97.062,-2.1,-2.240,97.062,-2.127,-1.5,1.500,-2.115,-7.043,2.9,-1.281,-7.051,-39.656,-1.8,-8.633,-39.656,-100.750,2.5,2.365,-100.750,0.000,0.0,0.000,0.000,0.000,0.0,0.000,0.000
1.0618,2.658,-1.2,-1.771,2.664,4.781,-1.6,1.109,4.785,23.422,2.9,8.969,23.406,97.062,-1.2,-2.201,97.062,-2.127,-1.3,1.501,-2.127,-7.051,-1.5,-1.370,-7.043,-39.656,-1.5,-9.000,-39.656,-100.750,0.5,2.525,-100.750,0.000,0.0,0.000,0.000,0.000,0.0,0.000,0.000
1.0638,2.664,1.5,-1.738,2.658,4.789,1.4,0.989,4.781,23.422,3.5,9.000,23.422,97.062,-6.0,-2.186,97.062,-2.127,-0.2,1.521,-2.127,-7.047,1.4,-1.220,-7.051,-39.688,-5.6,-8.766,-39.656,-100.750,2.8,2.377,-100.750,0.000,0.0,0.000,0.000,0.000,0.0,0.000,0.000
1.0658,2.652,-4.5,-1.811,2.664,4.793,2.3,1.073,4.789,23.438,1.8,8.609,23.422,97.062,-1.3,-2.131,97.062,-2.115,5.4,1.353,-2.127,-7.047,1.0,-1.306,-7.047,-39.688,-0.4,-9.117,-39.688,-100.750,-0.6,2.588,-100.750,0.000,0.0,0.000,0.000,0.000,0.0,0.000,0.000
1.0678,2.662,-0.6,-1.730,2.652,4.793,2.1,1.005,4.793,23.438,0.9,8.844,23.438,97.062,-5.1,-2.141,97.062,-2.127,0.3,1.537,-2.115,-7.051,-2.1,-1.394,-7.047,-39.688,-2.0,-9.148,-39.688,-100.750,5.5,2.621,-100.750,0.000,0.0,0.000,0.000,0.000,0.0,0.000,0.000
1.0698,2.664,0.4,-1.803,2.662,4.781,-2.9,0.967,4.793,23.453,5.0,8.859,23.438,97.062,-2.2,-2.164,97.062,-2.125,2.1,1.536,-2.127,-7.051,-1.0,-1.180,-7.051,-39.688,-0.9,-8.938,-39.688,-100.750,0.3,2.498,-100.750,0.000,0.0,0.000,0.000,0.000,0.0,0.000,0.000
1.0722,2.664,-0.7,-1.868,2.664,4.785,-2.5,0.957,4.781,23.453,4.2,8.906,23.453,97.062,-3.6,-2.148,97.062,-2.125,1.2,1.433,-2.125,-7.047,1.6,-1.177,-7.051,-39.688,-5.4,-8.875,-39.688,-100.750,0.2,2.455,-100.750,0.000,0.0,0.000,0.000,0.000,0.0,0.000,0.000
1.0744,2.662,-2.4,-1.770,2.664,4.781,-3.0,1.154,4.785,23.469,2.7,8.977,23.453,97.000,-1.8,-2.209,97.062,-2.121,2.9,1.413,-2.125,-7.047,1.5,-1.177,-7.047,-39.688,-1.9,-9.000,-39.688,-100.750,-1.1,2.451,-100.750,0.000,0.0,0.000,0.000,0.000,0.0,0.000,0.000
1.0767,2.668,0.2,-1.881,2.662,4.785,-1.5,1.117,4.781,23.469,-0.0,8.992,23.469,97.000,-2.6,-2.145,97.000,-2.127,-0.6,1.318,-2.121,-7.051,0.3,-1.159,-7.047,-39.688,-2.0,-8.664,-39.688,-100.750,0.2,2.352,-100.750,0.000,0.0,0.000,0.000,0.000,0.0,0.000,0.000
1.0790,2.664,-2.2,-1.937,2.668,4.793,1.9,1.149,4.785,23.484,3.7,9.211,23.469,97.000,-4.0,-2.156,97.000,-2.125,0.9,1.442,-2.127,-7.062,-3.6,-1.382,-7.051,-39.719,-4.9,-9.016,-39.688,-100.750,-3.1,2.533,-100.750,0.000,0.0,0.000,0.000,0.000,0.0,0.000,0.000
1.0813,2.674,2.5,-1.727,2.664,4.801,4.6,1.108,4.793,23.484,1.8,9.195,23.484,97.000,-2.9,-2.266,97.000,-2.125,1.1,1.384,-2.125,-7.047,3.1,-1.109,-7.062,-39.719,-0.5,-8.523,-39.719,-100.750,-3.7,2.465,-100.750,0.000,0.0,0.000,0.000,0.000,0.0,0.000,0.000
1.0832,2.668,-1.0,-1.767,2.674,4.789,-1.0,1.217,4.801,23.500,3.3,9.141,23.484,97.000,-4.9,-2.236,97.000,-2.135,-3.2,1.371,-2.125,-7.055,0.1,-1.180,-7.047,-39.719,2.7,-8.797,-39.719,-100.750,1.0,2.504,-100.750,0.000,0.0,0.000,0.000,0.000,0.0,0.000,0.000
1.0847,2.680,4.6,-1.924,2.668,4.793,-0.9,0.975,4.789,23.500,1.5,8.797,23.500,97.000,-4.9,-2.139,97.000,-2.131,-1.3,1.411,-2.135,-7.062,-2.2,-1.125,-7.055,-39.719,-0.8,-8.617,-39.719,-100.750,2.8,2.404,-100.750,0.000,0.0,0.000,0.000,0.000,0.0,0.000,0.000
1.0862,2.670,-0.2,-1.887,2.680,4.797,2.1,1.107,4.793,23.516,8.1,8.688,23.500,96.938,-5.5,-2.129,97.000,-2.137,-4.1,1.390,-2.131,-7.059,-1.1,-1.215,-7.062,-39.719,-1.7,-8.750,-39.719,-100.750,1.4,2.430,-100.750,0.000,0.0,0.000,0.000,0.000,0.0,0.000,0.000
1.0878,2.670,-0.5,-1.834,2.670,4.789,-2.1,1.068,4.797,23.516,1.7,8.836,23.516,96.938,-6.7,-2.107,96.938,-2.127,0.2,1.427,-2.137,-7.051,1.2,-1.319,-7.059,-39.719,-3.2,-8.961,-39.719,-100.750,-1.3,2.535,-100.750,0.000,0.0,0.000,0.000,0.000,0.0,0.000,0.000
1.0898,2.678,1.7,-1.974,2.670,4.793,0.3,1.160,4.789,23.531,3.9,9.195,23.516,96.938,-4.6,-2.309,96.938,-2.127,0.2,1.447,-2.127,-7.055,1.0,-1.093,-7.051,-39.719,-3.8,-8.656,-39.719,-100.750,-0.2,2.312,-100.750,0.000,0.0,0.000,0.000,0.000,0.0,0.000,0.000
1.0918,2.674,-0.3,-1.828,2.678,4.797,3.3,1.382,4.793,23.531,-1.3,9.266,23.531,96.938,-5.7,-2.459,96.938,-2.127,-0.9,1.231,-2.127,-7.051,1.8,-1.125,-7.055,-39.719,0.7,-8.531,-39.719,-100.750,-2.5,2.338,-100.750,0.000,0.0,0.000,0.000,0.000,0.0,0.000,0.000
1.0938,2.678,1.8,-1.716,2.674,4.789,-1.4,1.294,4.797,23.547,5.7,9.062,23.531,96.938,-5.0,-2.297,96.938,-2.127,-0.2,1.476,-2.127,-7.047,3.1,-1.279,-7.051,-39.750,-3.5,-8.891,-39.719,-100.750,0.3,2.650,-100.750,0.000,0.0,0.000,0.000,0.000,0.0,0.000,0.000
1.0958,2.678,1.6,-1.988,2.678,4.797,0.3,1.097,4.789,23.562,6.6,9.336,23.547,96.938,-3.4,-2.510,96.938,-2.121,2.6,1.248,-2.127,-7.055,0.2,-1.104,-7.047,-39.750,-2.8,-8.523,-39.750,-100.750,0.0,2.377,-100.750,0.000,0.0,0.000,0.000,0.000,0.0,0.000,0.000
1.0978,2.664,-4.6,-1.904,2.678,4.797,1.0,1.340,4.797,23.562,4.4,9.031,23.562,96.938,-3.5,-2.307,96.938,-2.125,2.0,1.403,-2.121,-7.055,-0.3,-1.182,-7.055,-39.750,1.9,-8.656,-39.750,-100.750,1.8,2.541,-100.750,0.000,0.0,0.000,0.000,0.000,0.0,0.000,0.000
1.0998,2.670,-1.5,-1.768,2.664,4.797,-0.8,1.241,4.797,23.578,6.6,9.031,23.562,96.875,-4.1,-2.338,96.938,-2.127,0.7,1.342,-2.125,-7.051,1.8,-1.158,-7.055,-39.750,-3.7,-8.758,-39.750,-100.750,-0.8,2.352,-100.750,0.000,0.0,0.000,0.000,0.000,0.0,0.000,0.000
1.1021,2.664,-4.1,-1.786,2.670,4.801,1.7,1.216,4.797,23.594,7.6,9.148,23.578,96.875,-6.3,-2.355,96.875,-2.131,-0.8,1.321,-2.127,-7.051,1.8,-1.013,-7.051,-39.750,-4.0,-8.539,-39.750,-100.750,3.7,2.355,-100.750,0.000,0.0,0.000,0.000,0.000,0.0,0.000,0.000
1.1043,2.678,1.7,-1.864,2.664,4.801,0.4,1.230,4.801,23.609,5.0,9.125,23.594,96.875,-5.1,-2.320,96.875,-2.125,2.3,1.229,-2.131,-7.055,0.4,-1.019,-7.051,-39.750,-3.1,-8.727,-39.750,-100.750,1.1,2.457,-100.750,0.000,0.0,0.000,0.000,0.000,0.0,0.000,0.000
1.1064,2.674,0.3,-1.668,2.678,4.809,2.6,1.226,4.801,23.609,4.8,9.219,23.609,96.875,-4.2,-2.328,96.875,-2.127,0.7,1.293,-2.125,-7.055,0.3,-1.136,-7.055,-39.750,-1.6,-8.641,-39.750,-100.750,-0.7,2.385,-100.750,0.000,0.0,0.000,0.000,0.000,0.0,0.000,0.000
1.1084,2.674,0.3,-1.813,2.674,4.809,2.5,1.348,4.809,23.625,4.2,9.211,23.609,96.812,-6.1,-2.320,96.875,-2.127,-0.3,1.256,-2.127,-7.059,-1.1,-1.083,-7.055,-39.781,-2.5,-8.555,-39.750,-100.750,1.5,2.473,-100.750,0.000,0.0,0.000,0.000,0.000,0.0,0.000,0.000
1.1101,2.668,-2.7,-1.844,2.674,4.801,-0.9,1.306,4.809,23.625,3.6,9.211,23.625,96.812,-4.1,-2.381,96.812,-2.131,-1.3,1.382,-2.127,-7.059,-1.1,-1.081,-7.059,-39.781,-2.0,-8.734,-39.781,-100.750,-1.4,2.453,-100.750,0.000,0.0,0.000,0.000,0.000,0.0,0.000,0.000
1.1118,2.670,-1.7,-1.934,2.668,4.809,2.6,1.344,4.801,23.641,5.7,8.992,23.625,96.812,-7.5,-2.332,96.812,-2.127,1.1,1.443,-2.131,-7.051,1.6,-1.091,-7.059,-39.781,-1.9,-8.789,-39.781,-100.750,0.7,2.596,-100.750,0.000,0.0,0.000,0.000,0.000,0.0,0.000,0.000
1.1138,2.668,-2.8,-1.856,2.670,4.805,0.7,1.278,4.809,23.656,5.8,9.062,23.641,96.812,-6.8,-2.287,96.812,-2.127,0.2,1.260,-2.127,-7.062,-2.3,-1.161,-7.051,-39.781,-4.7,-8.875,-39.781,-100.750,2.1,2.594,-100.750,0.000,0.0,0.000,0.000,0.000,0.0,0.000,0.000
1.1158,2.670,-2.1,-1.733,2.668,4.801,-0.9,1.247,4.805,23.656,7.7,9.234,23.656,96.812,-5.9,-2.340,96.812,-2.141,-5.1,1.534,-2.127,-7.062,-1.7,-1.153,-7.062,-39.781,0.0,-8.680,-39.781,-100.750,-2.5,2.512,-100.750,0.000,0.0,0.000,0.000,0.000,0.0,0.000,0.000
1.1178,2.678,0.2,-1.782,2.670,4.801,-0.9,1.370,4.801,23.672,5.9,9.195,23.656,96.812,-5.7,-2.414,96.812,-2.125,2.9,1.398,-2.141,-7.055,1.3,-1.136,-7.062,-39.781,-2.8,-8.805,-39.781,-100.750,-0.5,2.568,-100.750,0.000,0.0,0.000,0.000,0.000,0.0,0.000,0.000
1.1198,2.680,1.8,-1.859,2.678,4.812,3.0,1.352,4.801,23.672,3.8,9.164,23.672,96.812,-2.6,-2.299,96.812,-2.135,-1.7,1.324,-2.125,-7.062,-2.2,-1.136,-7.055,-39.781,-3.7,-8.805,-39.781,-100.750,2.5,2.605,-100.750,0.000,0.0,0.000,0.000,0.000,0.0,0.000,0.000
1.1218,2.674,-1.0,-1.859,2.680,4.801,-1.5,1.309,4.812,23.672,-1.6,9.156,23.672,96.750,-6.8,-2.381,96.812,-2.125,1.7,1.291,-2.135,-7.059,1.2,-1.128,-7.062,-39.812,-5.2,-8.766,-39.781,-100.750,0.1,2.631,-100.750,0.000,0.0,0.000,0.000,0.000,0.0,0.000,0.000
1.1238,2.684,2.9,-1.812,2.674,4.805,0.1,1.290,4.801,23.688,2.8,9.578,23.672,96.750,-10.7,-2.436,96.750,-2.131,-1.6,1.242,-2.125,-7.062,-1.4,-1.233,-7.059,-39.781,0.7,-8.734,-39.812,-100.750,1.7,2.543,-100.750,0.000,0.0,0.000,0.000,0.000,0.0,0.000,0.000
1.1258,2.670,-2.3,-1.864,2.684,4.801,-2.2,1.402,4.805,23.688,2.1,9.195,23.688,96.750,-10.6,-2.398,96.750,-2.119,4.4,1.113,-2.131,-7.062,0.3,-1.076,-7.062,-39.812,-2.1,-8.383,-39.781,-100.750,3.8,2.504,-100.750,0.000,0.0,0.000,0.000,0.000,0.0,0.000,0.000
1.1278,2.678,0.8,-1.722,2.670,4.805,-1.6,1.305,4.801,23.719,7.6,8.750,23.688,96.688,-8.1,-2.137,96.750,-2.135,-2.5,1.364,-2.119,-7.059,2.2,-1.219,-7.062,-39.812,-5.1,-8.781,-39.812,-100.750,3.0,2.668,-100.750,0.000,0.0,0.000,0.000,0.000,0.0,0.000,0.000
1.1298,2.680,2.2,-1.716,2.678,4.812,1.5,1.145,4.805,23.719,3.3,8.781,23.719,96.688,-8.0,-2.121,96.688,-2.141,-4.6,1.375,-2.135,-7.066,-2.4,-1.395,-7.059,-39.812,-4.4,-9.141,-39.812,-100.750,-0.8,2.865,-100.750,0.000,0.0,0.000,0.000,0.000,0.0,0.000,0.000
1.1318,2.678,-0.6,-1.916,2.680,4.812,0.9,0.998,4.812,23.719,7.1,8.742,23.719,96.688,-11.7,-2.100,96.688,-2.135,-0.7,1.565,-2.141,-7.066,-2.5,-1.406,-7.066,-39.812,-3.6,-9.188,-39.812,-100.750,-2.2,2.830,-100.750,0.000,0.0,0.000,0.000,0.000,0.0,0.000,0.000
1.1343,2.686,2.9,-1.946,2.678,4.809,0.2,1.269,4.812,23.734,8.3,9.352,23.719,96.688,-4.1,-2.518,96.688,-2.125,2.3,1.182,-2.135,-7.070,-2.2,-1.105,-7.066,-39.844,-6.5,-8.469,-39.812,-100.750,2.8,2.490,-100.750,0.000,0.0,0.000,0.000,0.000,0.0,0.000,0.000
1.1366,2.674,-2.6,-1.784,2.686,4.805,-1.3,1.323,4.809,23.734,0.9,9.383,23.734,96.625,-7.2,-2.521,96.688,-2.127,-0.3,1.229,-2.125,-7.074,-2.7,-1.152,-7.070,-39.844,-5.4,-8.836,-39.844,-100.750,3.5,2.633,-100.750,0.000,0.0,0.000,0.000,0.000,0.0,0.000,0.000
1.1390,2.680,0.3,-1.781,2.674,4.812,1.5,1.211,4.805,23.750,5.9,9.203,23.734,96.625,-6.3,-2.408,96.625,-2.119,4.0,1.289,-2.127,-7.070,0.1,-1.118,-7.074,-39.875,-5.9,-8.664,-39.844,-100.750,1.3,2.611,-100.750,0.000,0.0,0.000,0.000,0.000,0.0,0.000,0.000
1.1412,2.678,-2.8,-2.115,2.680,4.805,-1.8,1.332,4.812,23.750,2.7,9.125,23.750,96.625,-9.5,-2.355,96.625,-2.135,-3.1,1.420,-2.119,-7.078,-3.2,-1.167,-7.070,-39.875,-0.8,-8.625,-39.875,-100.750,0.0,2.584,-100.750,0.000,0.0,0.000,0.000,0.000,0.0,0.000,0.000
1.1428,2.680,-0.1,-1.792,2.678,4.805,-3.0,1.327,4.805,23.766,6.6,9.852,23.750,96.625,-8.5,-2.707,96.625,-2.127,1.1,1.463,-2.135,-7.070,-1.0,-1.050,-7.078,-39.875,-5.2,-8.328,-39.875,-100.750,0.8,2.391,-100.750,0.000,0.0,0.000,0.000,0.000,0.0,0.000,0.000
1.1442,2.674,-3.0,-1.887,2.680,4.812,-0.1,1.669,4.805,23.781,7.0,8.758,23.766,96.625,-1.7,-2.455,96.625,-2.127,1.4,1.379,-2.127,-7.070,-0.9,-1.072,-7.070,-39.875,-3.3,-8.500,-39.875,-100.750,0.4,2.635,-100.750,0.000,0.0,0.000,0.000,0.000,0.0,0.000,0.000
1.1459,2.674,-2.6,-1.668,2.674,4.812,-0.6,1.133,4.812,23.797,11.7,8.586,23.781,96.562,-7.3,-2.225,96.625,-2.131,0.4,1.460,-2.127,-7.070,-1.5,-1.468,-7.070,-39.875,-3.3,-9.070,-39.875,-100.750,2.3,2.910,-100.750,0.000,0.0,0.000,0.000,0.000,0.0,0.000,0.000
1.1478,2.674,-2.5,-1.715,2.674,4.824,1.2,0.889,4.812,23.812,6.6,8.641,23.797,96.562,-3.5,-2.188,96.562,-2.127,1.5,1.382,-2.131,-7.070,-1.3,-1.490,-7.070,-39.875,-2.0,-9.133,-39.875,-100.750,3.4,3.020,-100.750,0.000,0.0,0.000,0.000,0.000,0.0,0.000,0.000
1.1498,2.678,-0.8,-1.680,2.674,4.832,4.9,0.966,4.824,23.812,6.5,8.984,23.812,96.562,-5.3,-2.293,96.562,-2.131,0.1,1.432,-2.127,-7.070,-0.7,-1.388,-7.070,-39.906,-5.8,-8.977,-39.875,-100.750,2.4,2.791,-100.750,0.000,0.0,0.000,0.000,0.000,0.0,0.000,0.000
1.1518,2.680,-0.0,-1.774,2.678,4.828,1.2,1.392,4.832,23.812,1.6,9.352,23.812,96.562,-6.8,-2.539,96.562,-2.131,-0.7,1.296,-2.131,-7.078,-3.1,-1.084,-7.070,-39.906,-5.8,-8.578,-39.906,-100.750,0.5,2.707,-100.750,0.000,0.0,0.000,0.000,0.000,0.0,0.000,0.000
1.1538,2.680,-0.8,-1.830,2.680,4.828,2.1,1.296,4.828,23.828,6.0,8.812,23.812,96.562,-4.8,-2.219,96.562,-2.125,2.0,1.299,-2.131,-7.074,1.1,-1.244,-7.078,-39.938,-7.5,-8.695,-39.906,-100.688,1.1,2.678,-100.750,0.000,0.0,0.000,0.000,0.000,0.0,0.000,0.000
1.1558,2.686,2.6,-1.736,2.680,4.828,1.9,1.191,4.828,23.828,3.1,8.922,23.828,96.562,-4.6,-2.219,96.562,-2.135,-3.1,1.339,-2.125,-7.078,-1.9,-1.418,-7.074,-39.938,-7.2,-8.812,-39.938,-100.688,4.0,2.781,-100.688,0.000,0.0,0.000,0.000,0.000,0.0,0.000,0.000
1.1578,2.680,0.7,-1.508,2.686,4.828,1.8,1.161,4.828,23.828,-0.8,8.875,23.828,96.562,0.2,-2.299,96.562,-2.135,-2.9,1.404,-2.135,-7.078,-1.8,-1.475,-7.078,-39.938,-4.3,-8.828,-39.938,-100.688,2.1,2.797,-100.688,0.000,0.0,0.000,0.000,0.000,0.0,0.000,0.000
1.1598,2.680,0.9,-1.683,2.680,4.824,-0.1,1.179,4.828,23.844,2.9,8.922,23.828,96.500,-2.3,-2.471,96.562,-2.131,-1.6,1.379,-2.135,-7.078,-1.0,-1.483,-7.078,-39.969,-4.7,-9.148,-39.938,-100.688,-0.6,2.824,-100.688,0.000,0.0,0.000,0.000,0.000,0.0,0.000,0.000
1.1618,2.678,-1.0,-1.688,2.680,4.828,2.2,1.126,4.824,23.844,1.2,8.984,23.844,96.500,-4.5,-2.486,96.500,-2.131,-0.9,1.494,-2.131,-7.078,-0.3,-1.435,-7.078,-39.969,-6.3,-9.016,-39.969,-100.688,2.9,2.857,-100.688,0.000,0.0,0.000,0.000,0.000,0.0,0.000,0.000
1.1638,2.678,-1.7,-1.753,2.678,4.828,2.1,1.153,4.828,23.859,4.8,8.594,23.844,96.500,0.7,-2.416,96.500,-2.119,5.2,1.456,-2.131,-7.074,3.6,-1.413,-7.078,-40.000,-8.0,-9.000,-39.969,-100.688,6.6,2.957,-100.688,0.000,0.0,0.000,0.000,0.000,0.0,0.000,0.000
1.1659,2.674,-3.4,-1.643,2.678,4.824,-1.2,1.149,4.828,23.859,3.4,8.672,23.859,96.500,-0.4,-2.385,96.500,-2.131,-1.4,1.446,-2.119,-7.082,-0.7,-1.590,-7.074,-40.000,-10.2,-9.188,-40.000,-100.688,1.8,3.002,-100.688,0.000,0.0,0.000,0.000,0.000,0.0,0.000,0.000
1.1681,2.686,2.3,-1.556,2.674,4.828,-0.3,0.761,4.824,23.859,0.4,8.883,23.859,96.500,0.4,-2.275,96.500,-2.121,3.0,1.486,-2.131,-7.086,-1.2,-1.664,-7.082,-40.031,-9.0,-8.953,-40.000,-100.688,5.7,2.881,-100.688,0.000,0.0,0.000,0.000,0.000,0.0,0.000,0.000
1.1705,2.686,1.5,-1.512,2.686,4.828,2.0,1.052,4.828,23.859,1.8,8.766,23.859,96.562,1.3,-2.326,96.500,-2.121,2.7,1.583,-2.121,-7.098,-4.9,-1.538,-7.086,-40.062,-10.7,-9.109,-40.031,-100.688,4.7,3.096,-100.688,0.000,0.0,0.000,0.000,0.000,0.0,0.000,0.000
1.1729,2.686,0.7,-1.683,2.686,4.816,-3.6,0.874,4.828,23.859,-1.5,8.305,23.859,96.562,0.2,-2.139,96.562,-2.125,0.5,1.670,-2.121,-7.098,-3.8,-1.833,-7.098,-40.094,-10.0,-9.477,-40.062,-100.625,8.7,3.299,-100.688,0.000,0.0,0.000,0.000,0.000,0.0,0.000,0.000
1.1755,2.689,2.0,-1.609,2.686,4.816,-3.4,0.521,4.816,23.859,-1.1,8.469,23.859,96.562,1.8,-2.086,96.562,-2.119,2.9,1.433,-2.125,-7.102,-2.0,-1.765,-7.098,-40.125,-12.0,-9.141,-40.094,-100.625,5.6,3.113,-100.625,0.000,0.0,0.000,0.000,0.000,0.0,0.000,0.000
1.1769,2.686,0.0,-1.637,2.689,4.820,-1.3,0.705,4.816,23.859,1.1,8.523,23.859,96.562,1.0,-2.084,96.562,-2.121,0.7,1.440,-2.119,-7.105,-3.1,-1.833,-7.102,-40.125,-10.8,-9.164,-40.125,-100.625,6.4,3.092,-100.625,0.000,0.0,0.000,0.000,0.000,0.0,0.000,0.000
1.1780,2.674,-6.1,-1.594,2.686,4.828,2.1,0.784,4.820,23.859,-0.3,8.070,23.859,96.562,-1.0,-1.972,96.562,-2.127,-2.6,1.516,-2.121,-7.109,-3.6,-1.885,-7.105,-40.156,-10.8,-9.156,-40.125,-100.625,3.3,3.162,-100.625,0.000,0.0,0.000,0.000,0.000,0.0,0.000,0.000
1.1798,2.701,7.4,-1.375,2.674,4.824,0.0,0.423,4.828,23.859,0.6,8.281,23.859,96.562,2.1,-1.930,96.562,-2.111,4.1,1.729,-2.127,-7.109,-2.7,-2.064,-7.109,-40.156,-13.0,-9.523,-40.156,-100.625,6.8,3.197,-100.625,0.000,0.0,0.000,0.000,0.000,0.0,0.000,0.000
1.1818,2.689,0.4,-1.443,2.701,4.820,-1.1,0.569,4.824,23.859,0.2,7.980,23.859,96.562,1.6,-1.917,96.562,-2.125,-2.7,1.636,-2.111,-7.109,0.3,-2.168,-7.109,-40.188,-11.2,-9.570,-40.156,-100.625,7.8,3.400,-100.625,0.000,0.0,0.000,0.000,0.000,0.0,0.000,0.000
1.1838,2.693,1.3,-1.596,2.689,4.812,-4.8,0.421,4.820,23.859,1.7,7.902,23.859,96.562,7.8,-1.828,96.562,-2.121,-2.3,1.768,-2.125,-7.109,1.2,-2.041,-7.109,-40.219,-12.6,-9.625,-40.188,-100.562,4.9,3.441,-100.625,0.000,0.0,0.000,0.000,0.000,0.0,0.000,0.000
1.1858,2.693,0.9,-1.387,2.693,4.824,1.8,0.385,4.812,23.859,-0.6,8.312,23.859,96.562,2.6,-1.931,96.562,-2.115,1.1,1.703,-2.121,-7.121,-1.0,-2.094,-7.109,-40.250,-14.1,-9.375,-40.219,-100.562,4.9,3.295,-100.562,0.000,0.0,0.000,0.000,0.000,0.0,0.000,0.000
1.1878,2.689,-0.1,-1.409,2.693,4.812,-4.0,0.547,4.824,23.859,3.0,7.699,23.859,96.562,-0.6,-1.868,96.562,-2.109,1.9,1.661,-2.115,-7.125,-1.7,-2.070,-7.121,-40.281,-11.2,-9.609,-40.250,-100.562,5.9,3.473,-100.562,0.000,0.0,0.000,0.000,0.000,0.0,0.000,0.000
1.1898,2.701,5.6,-1.403,2.689,4.812,-1.3,0.405,4.812,23.859,2.6,7.785,23.859,96.562,4.3,-1.774,96.562,-2.105,2.1,1.847,-2.109,-7.125,-0.1,-2.152,-7.125,-40.281,-11.4,-9.852,-40.281,-100.562,7.5,3.465,-100.562,0.000,0.0,0.000,0.000,0.000,0.0,0.000,0.000
1.1918,2.695,2.4,-1.492,2.701,4.824,2.8,0.321,4.812,23.859,0.5,7.758,23.859,96.562,1.3,-1.597,96.562,-2.104,1.8,1.688,-2.105,-7.137,-3.4,-2.256,-7.125,-40.312,-13.1,-9.750,-40.281,-100.562,8.0,3.490,-100.562,0.000,0.0,0.000,0.000,0.000,0.0,0.000,0.000
1.1941,2.686,-2.5,-1.532,2.695,4.828,4.2,0.158,4.824,23.859,0.2,7.430,23.859,96.562,2.4,-1.560,96.562,-2.096,3.6,1.959,-2.104,-7.133,-0.9,-2.297,-7.137,-40.344,-14.4,-9.820,-40.312,-100.500,11.3,3.432,-100.562,0.000,0.0,0.000,0.000,0.000,0.0,0.000,0.000
1.1961,2.695,2.7,-1.497,2.686,4.816,-0.6,0.277,4.828,23.859,-0.7,7.738,23.859,96.562,0.8,-1.880,96.562,-2.100,-0.6,1.538,-2.096,-7.133,0.4,-2.246,-7.133,-40.375,-11.8,-9.586,-40.344,-100.500,11.5,3.324,-100.500,0.000,0.0,0.000,0.000,0.000,0.0,0.000,0.000
1.1982,2.684,-2.4,-1.312,2.695,4.816,-0.6,0.494,4.816,23.859,1.7,8.320,23.859,96.562,-1.4,-1.990,96.562,-2.094,1.3,1.568,-2.100,-7.137,0.6,-2.025,-7.133,-40.406,-12.2,-9.289,-40.375,-100.500,7.2,3.178,-100.500,0.000,0.0,0.000,0.000,0.000,0.0,0.000,0.000
1.2004,2.684,-2.7,-1.208,2.684,4.812,-1.8,0.292,4.816,23.875,3.4,7.633,23.859,96.562,-1.2,-1.794,96.562,-2.094,1.2,1.824,-2.094,-7.141,-2.4,-2.381,-7.137,-40.438,-12.2,-9.664,-40.406,-100.500,4.5,3.496,-100.500,0.000,0.0,0.000,0.000,0.000,0.0,0.000,0.000
1.2019,2.693,1.7,-1.305,2.684,4.812,-1.9,0.314,4.812,23.875,0.9,7.777,23.875,96.562,-1.0,-1.787,96.562,-2.096,0.2,1.954,-2.094,-7.133,2.0,-2.361,-7.141,-40.438,-10.5,-9.758,-40.438,-100.438,5.8,3.445,-100.500,0.000,0.0,0.000,0.000,0.000,0.0,0.000,0.000
1.2038,2.689,-0.2,-1.688,2.693,4.820,1.1,0.416,4.812,23.875,-1.3,7.305,23.875,96.562,-2.8,-1.604,96.562,-2.094,1.6,2.445,-2.096,-7.141,-2.4,-2.367,-7.133,-40.469,-11.4,-10.375,-40.438,-100.438,3.2,3.795,-100.438,0.000,0.0,0.000,0.000,0.000,0.0,0.000,0.000
1.2058,2.693,0.9,-1.717,2.689,4.828,3.5,0.383,4.820,23.891,7.6,7.520,23.875,96.562,1.1,-1.740,96.562,-2.100,-2.3,2.191,-2.094,-7.145,-3.6,-2.369,-7.141,-40.500,-15.9,-9.891,-40.469,-100.438,3.8,3.744,-100.438,0.000,0.0,0.000,0.000,0.000,0.0,0.000,0.000
1.2078,2.689,-0.5,-1.605,2.693,4.824,-0.1,0.206,4.828,23.891,0.7,7.562,23.891,96.562,2.6,-1.919,96.562,-2.084,4.2,1.854,-2.100,-7.141,0.5,-2.201,-7.145,-40.500,-11.9,-9.766,-40.500,-100.438,7.2,3.480,-100.438,0.000,0.0,0.000,0.000,0.000,0.0,0.000,0.000
1.2098,2.684,-2.9,-1.396,2.689,4.828,1.8,0.481,4.824,23.891,-0.2,8.375,23.891,96.562,3.5,-2.064,96.562,-2.090,-0.4,1.486,-2.084,-7.145,-0.4,-1.931,-7.141,-40.531,-7.8,-9.086,-40.500,-100.438,4.8,3.209,-100.438,0.000,0.0,0.000,0.000,0.000,0.0,0.000,0.000
1.2118,2.689,1.5,-1.251,2.684,4.820,-1.5,0.547,4.828,23.906,2.0,7.789,23.891,96.562,0.5,-2.051,96.562,-2.090,-1.2,1.547,-2.090,-7.148,-0.8,-1.956,-7.145,-40.531,-5.9,-9.328,-40.531,-100.438,6.5,3.328,-100.438,0.000,0.0,0.000,0.000,0.000,0.0,0.000,0.000
1.2138,2.686,0.4,-1.379,2.689,4.824,0.1,0.645,4.820,23.906,2.7,8.039,23.906,96.562,-2.9,-2.102,96.562,-2.086,0.9,1.651,-2.090,-7.148,-0.4,-2.100,-7.148,-40.562,-6.1,-9.289,-40.531,-100.375,3.5,3.318,-100.438,0.000,0.0,0.000,0.000,0.000,0.0,0.000,0.000
1.2158,2.686,0.3,-1.401,2.686,4.836,5.3,0.705,4.824,23.938,6.8,7.973,23.906,96.562,-2.3,-1.893,96.562,-2.090,-0.3,1.825,-2.086,-7.148,-1.0,-2.289,-7.148,-40.562,-7.9,-9.648,-40.562,-100.375,0.5,3.613,-100.375,0.000,0.0,0.000,0.000,0.000,0.0,0.000,0.000
1.2178,2.701,6.6,-1.437,2.686,4.824,-1.6,0.369,4.836,23.938,4.5,7.391,23.938,96.562,-4.3,-1.879,96.562,-2.104,-4.1,1.876,-2.090,-7.145,-0.4,-2.330,-7.148,-40.562,-3.0,-9.898,-40.562,-100.375,2.9,3.492,-100.375,0.000,0.0,0.000,0.000,0.000,0.0,0.000,0.000
1.2198,2.689,0.5,-1.402,2.701,4.832,2.3,0.460,4.824,23.969,7.6,7.613,23.938,96.562,1.2,-2.117,96.562,-2.096,-0.2,1.658,-2.104,-7.148,-0.7,-2.066,-7.145,-40.562,-3.4,-9.648,-40.562,-100.375,3.6,3.393,-100.375,0.000,0.0,0.000,0.000,0.000,0.0,0.000,0.000
1.2219,2.689,0.6,-1.382,2.689,4.836,2.2,0.503,4.832,23.984,9.0,8.023,23.969,96.562,1.3,-2.400,96.562,-2.096,0.7,1.615,-2.096,-7.148,-0.0,-1.830,-7.148,-40.594,-3.1,-9.172,-40.562,-100.375,-0.5,3.227,-100.375,0.000,0.0,0.000,0.000,0.000,0.0,0.000,0.000
1.2238,2.699,3.9,-1.639,2.689,4.820,-4.2,1.057,4.836,24.000,10.2,8.586,23.984,96.562,0.5,-2.592,96.562,-2.100,0.4,1.459,-2.096,-7.145,1.6,-1.652,-7.148,-40.594,-1.4,-8.969,-40.594,-100.375,0.9,3.115,-100.375,0.000,0.0,0.000,0.000,0.000,0.0,0.000,0.000
1.2265,2.693,1.8,-1.439,2.699,4.840,3.3,1.255,4.820,24.031,15.7,8.633,24.000,96.562,1.7,-2.707,96.562,-2.109,-2.4,1.516,-2.100,-7.141,2.7,-1.465,-7.145,-40.594,0.4,-8.852,-40.594,-100.375,-2.5,3.016,-100.375,0.000,0.0,0.000,0.000,0.000,0.0,0.000,0.000
1.2279,2.678,-6.0,-1.638,2.693,4.844,5.1,1.213,4.840,24.047,14.5,8.711,24.031,96.562,-3.6,-2.775,96.562,-2.105,-0.6,1.434,-2.109,-7.137,4.8,-1.489,-7.141,-40.594,-4.3,-8.727,-40.594,-100.438,-4.1,3.064,-100.375,0.000,0.0,0.000,0.000,0.000,0.0,0.000,0.000
1.2298,2.695,5.3,-1.502,2.678,4.852,2.5,0.955,4.844,24.094,13.6,8.352,24.047,96.562,-6.5,-2.590,96.562,-2.109,-0.3,1.517,-2.105,-7.133,4.0,-1.453,-7.137,-40.562,7.6,-8.953,-40.594,-100.375,0.6,2.889,-100.438,0.000,0.0,0.000,0.000,0.000,0.0,0.000,0.000
1.2318,2.686,0.1,-1.748,2.695,4.863,6.1,0.960,4.852,24.094,11.2,8.625,24.094,96.562,-4.7,-2.637,96.562,-2.119,-4.6,1.402,-2.109,-7.141,-0.2,-1.461,-7.133,-40.562,2.1,-8.555,-40.562,-100.438,-0.3,2.869,-100.375,0.000,0.0,0.000,0.000,0.000,0.0,0.000,0.000
1.2338,2.686,1.2,-1.533,2.686,4.867,3.0,1.089,4.863,24.141,14.8,8.664,24.094,96.562,-4.2,-2.768,96.562,-2.111,-1.1,1.262,-2.119,-7.137,1.4,-1.131,-7.141,-40.562,3.3,-8.453,-40.562,-100.438,-4.7,2.771,-100.438,0.000,0.0,0.000,0.000,0.000,0.0,0.000,0.000
1.2358,2.686,1.5,-1.772,2.686,4.879,3.9,1.220,4.867,24.172,18.7,9.289,24.141,96.500,-3.3,-2.977,96.562,-2.121,-4.2,1.179,-2.111,-7.141,-1.5,-0.850,-7.137,-40.562,2.5,-7.812,-40.562,-100.438,-4.3,2.494,-100.438,0.000,0.0,0.000,0.000,0.000,0.0,0.000,0.000
1.2378,2.689,3.0,-2.031,2.686,4.891,3.9,1.716,4.879,24.203,16.9,9.234,24.172,96.500,-1.5,-3.357,96.500,-2.121,-2.7,1.042,-2.121,-7.129,3.1,-0.609,-7.141,-40.562,3.3,-7.926,-40.562,-100.438,-3.0,2.330,-100.438,0.000,0.0,0.000,0.000,0.000,0.0,0.000,0.000
1.2398,2.693,5.3,-1.871,2.689,4.898,4.0,2.008,4.891,24.250,19.3,9.570,24.203,96.500,-6.4,-3.309,96.500,-2.111,3.2,1.240,-2.121,-7.133,1.2,-0.688,-7.129,-40.562,4.8,-7.574,-40.562,-100.438,-5.4,2.590,-100.438,0.000,0.0,0.000,0.000,0.000,0.0,0.000,0.000
1.2418,2.684,0.7,-2.047,2.693,4.918,6.9,1.776,4.898,24.312,22.0,8.992,24.250,96.500,-6.5,-3.252,96.500,-2.131,-4.4,1.254,-2.111,-7.125,3.5,-0.665,-7.133,-40.562,0.7,-7.801,-40.562,-100.500,-8.0,2.514,-100.438,0.000,0.0,0.000,0.000,0.000,0.0,0.000,0.000
1.2438,2.680,0.6,-2.088,2.684,4.926,5.4,1.938,4.918,24.359,24.0,9.273,24.312,96.500,-7.9,-3.363,96.500,-2.137,-5.1,1.231,-2.131,-7.129,-1.1,-0.628,-7.125,-40.531,5.1,-7.551,-40.562,-100.500,-4.2,2.359,-100.500,0.000,0.0,0.000,0.000,0.000,0.0,0.000,0.000
1.2458,2.674,-0.3,-2.227,2.680,4.938,4.8,2.037,4.926,24.406,24.3,9.492,24.359,96.438,-9.4,-3.203,96.500,-2.131,-0.2,1.193,-2.137,-7.121,2.0,-0.593,-7.129,-40.531,1.7,-7.520,-40.531,-100.500,-5.9,2.453,-100.500,0.000,0.0,0.000,0.000,0.000,0.0,0.000,0.000
1.2478,2.668,-1.8,-1.948,2.674,4.949,5.8,1.965,4.938,24.438,19.6,9.219,24.406,96.438,-8.9,-3.529,96.438,-2.137,-1.4,1.471,-2.131,-7.121,1.6,-0.357,-7.121,-40.531,2.2,-7.320,-40.531,-100.500,-2.1,2.172,-100.500,0.000,0.0,0.000,0.000,0.000,0.0,0.000,0.000
1.2503,2.668,-1.1,-2.746,2.668,4.949,1.6,2.217,4.949,24.469,17.5,10.281,24.438,96.438,-9.4,-3.787,96.438,-2.131,3.0,1.775,-2.137,-7.121,0.6,-0.281,-7.121,-40.500,7.6,-6.668,-40.531,-100.562,-9.5,1.980,-100.500,0.000,0.0,0.000,0.000,0.000,0.0,0.000,0.000
1.2525,2.670,1.4,-3.061,2.668,4.969,5.7,2.490,4.949,24.531,17.8,10.242,24.469,96.375,-14.7,-3.797,96.438,-2.127,2.0,1.308,-2.131,-7.129,-3.5,-0.210,-7.121,-40.531,0.3,-6.695,-40.500,-100.562,-7.4,1.954,-100.562,0.000,0.0,0.000,0.000,0.000,0.0,0.000,0.000
1.2547,2.658,-2.6,-2.910,2.670,4.973,5.4,2.705,4.969,24.578,19.5,10.375,24.531,96.312,-15.9,-3.775,96.375,-2.125,2.4,1.384,-2.127,-7.129,-2.7,-0.110,-7.129,-40.500,4.7,-6.738,-40.531,-100.562,-7.8,1.952,-100.562,0.000,0.0,0.000,0.000,0.000,0.0,0.000,0.000
1.2569,2.645,-4.8,-2.834,2.658,4.973,0.7,2.590,4.973,24.625,19.0,10.430,24.578,96.312,-16.7,-3.664,96.312,-2.119,3.7,1.366,-2.125,-7.121,1.7,-0.175,-7.129,-40.500,-0.1,-6.734,-40.500,-100.625,-10.0,1.968,-100.562,0.000,0.0,0.000,0.000,0.000,0.0,0.000,0.000
1.2584,2.652,1.4,-2.537,2.645,4.977,1.5,2.566,4.973,24.656,18.8,9.797,24.625,96.250,-19.7,-3.283,96.312,-2.111,4.9,1.205,-2.119,-7.125,-1.7,-0.382,-7.121,-40.500,-0.9,-7.285,-40.500,-100.625,-11.8,2.553,-100.625,0.000,0.0,0.000,0.000,0.000,0.0,0.000,0.000
1.2598,2.639,-4.0,-2.602,2.652,4.977,0.4,2.406,4.977,24.672,20.4,9.906,24.656,96.250,-15.6,-3.586,96.250,-2.109,5.0,1.212,-2.111,-7.125,0.7,-0.063,-7.125,-40.500,2.6,-6.883,-40.500,-100.625,-13.4,2.084,-100.625,0.000,0.0,0.000,0.000,0.000,0.0,0.000,0.000
1.2618,2.643,-1.1,-3.121,2.639,4.988,2.9,2.752,4.977,24.719,18.5,10.492,24.672,96.188,-22.2,-3.680,96.250,-2.119,-1.0,1.517,-2.109,-7.133,-3.8,-0.192,-7.125,-40.500,-2.4,-6.234,-40.500,-100.688,-13.5,1.908,-100.625,0.000,0.0,0.000,0.000,0.000,0.0,0.000,0.000
1.2638,2.643,-1.6,-3.338,2.643,4.988,0.9,2.887,4.988,24.750,18.6,10.633,24.719,96.188,-19.6,-3.996,96.188,-2.111,1.6,1.530,-2.119,-7.129,-1.0,0.097,-7.133,-40.500,-1.7,-6.336,-40.500,-100.688,-13.0,1.660,-100.688,0.000,0.0,0.000,0.000,0.000,0.0,0.000,0.000
1.2658,2.648,2.1,-3.654,2.643,4.992,2.3,3.387,4.988,24.781,17.7,10.938,24.750,96.125,-18.8,-3.873,96.188,-2.109,2.5,1.487,-2.111,-7.125,1.1,0.193,-7.129,-40.500,-2.6,-6.109,-40.500,-100.688,-11.0,1.587,-100.688,0.000,0.0,0.000,0.000,0.000,0.0,0.000,0.000
1.2678,2.637,-3.3,-3.855,2.648,4.996,1.5,3.188,4.992,24.828,19.0,10.945,24.781,96.062,-24.0,-4.090,96.125,-2.119,-1.9,2.367,-2.109,-7.125,2.4,0.634,-7.125,-40.500,-0.3,-5.832,-40.500,-100.750,-11.0,1.317,-100.688,0.000,0.0,0.000,0.000,0.000,0.0,0.000,0.000
1.2698,2.623,-6.1,-4.355,2.637,5.004,1.9,3.490,4.996,24.859,20.4,10.922,24.828,96.000,-25.8,-4.012,96.062,-2.109,0.7,2.260,-2.119,-7.125,0.5,0.368,-7.125,-40.500,1.6,-5.934,-40.500,-100.750,-17.3,1.202,-100.750,0.000,0.0,0.000,0.000,0.000,0.0,0.000,0.000
1.2718,2.613,-5.4,-3.838,2.623,5.031,10.4,3.572,5.004,24.906,20.4,10.922,24.859,96.000,-24.1,-3.910,96.000,-2.094,5.0,1.673,-2.109,-7.105,7.5,0.147,-7.125,-40.500,-0.5,-6.016,-40.500,-100.812,-13.7,1.433,-100.750,0.000,0.0,0.000,0.000,0.000,0.0,0.000,0.000
1.2738,2.602,-5.1,-2.949,2.613,5.039,9.3,2.953,5.031,24.938,19.9,10.789,24.906,95.938,-27.3,-3.764,96.000,-2.086,3.7,1.321,-2.094,-7.109,1.6,-0.061,-7.105,-40.500,-0.4,-6.102,-40.500,-100.812,-14.9,1.741,-100.812,0.000,0.0,0.000,0.000,0.000,0.0,0.000,0.000
1.2769,2.586,-5.0,-3.879,2.602,5.039,2.7,3.082,5.039,25.000,17.2,11.016,24.938,95.875,-26.3,-4.043,95.938,-2.078,3.6,1.823,-2.086,-7.102,2.7,0.479,-7.109,-40.500,-1.1,-5.840,-40.500,-100.875,-18.5,1.471,-100.812,0.000,0.0,0.000,0.000,0.000,0.0,0.000,0.000
1.2791,2.582,-2.1,-6.148,2.586,5.043,0.2,3.885,5.039,25.031,17.9,11.320,25.000,95.812,-24.5,-4.352,95.875,-2.070,4.4,3.834,-2.078,-7.098,2.8,1.315,-7.102,-40.500,-1.0,-5.238,-40.500,-100.938,-16.2,0.784,-100.875,0.000,0.0,0.000,0.000,0.000,0.0,0.000,0.000
1.2813,2.551,-10.3,-5.836,2.582,5.066,7.6,4.469,5.043,25.078,18.9,11.125,25.031,95.750,-28.3,-4.090,95.812,-2.055,6.4,2.666,-2.070,-7.082,5.3,0.803,-7.098,-40.500,0.7,-5.457,-40.500,-100.938,-15.6,1.090,-100.938,0.000,0.0,0.000,0.000,0.000,0.0,0.000,0.000
1.2829,2.523,-12.5,-3.252,2.551,5.082,8.3,3.652,5.066,25.109,19.0,10.930,25.078,95.688,-23.8,-4.094,95.750,-2.023,12.7,1.542,-2.055,-7.070,7.1,0.655,-7.082,-40.500,-2.1,-5.953,-40.500,-101.000,-19.0,1.389,-100.938,0.000,0.0,0.000,0.000,0.000,0.0,0.000,0.000
1.2844,2.488,-16.4,-4.070,2.523,5.094,5.9,3.850,5.082,25.141,16.8,11.188,25.109,95.688,-21.4,-4.328,95.688,-2.018,7.5,2.359,-2.023,-7.059,6.5,0.786,-7.070,-40.500,-2.1,-5.770,-40.500,-101.000,-16.3,1.162,-101.000,0.000,0.0,0.000,0.000,0.000,0.0,0.000,0.000
1.2859,2.479,-14.5,-4.180,2.488,5.105,8.5,4.238,5.094,25.156,16.7,11.086,25.141,95.625,-24.2,-4.230,95.688,-2.008,7.7,2.307,-2.018,-7.051,6.6,0.718,-7.059,-40.500,2.7,-5.727,-40.500,-101.000,-16.8,1.223,-101.000,0.000,0.0,0.000,0.000,0.000,0.0,0.000,0.000
1.2878,2.461,-11.6,-3.965,2.479,5.121,8.1,3.949,5.105,25.203,18.8,11.148,25.156,95.562,-22.2,-4.242,95.625,-1.980,12.4,2.213,-2.008,-7.031,8.0,0.615,-7.051,-40.500,-1.3,-5.781,-40.500,-101.062,-22.2,1.321,-101.000,0.000,0.0,0.000,0.000,0.000,0.0,0.000,0.000
1.2898,2.438,-11.1,-3.180,2.461,5.133,5.5,3.910,5.121,25.234,17.5,11.000,25.203,95.562,-21.6,-4.266,95.562,-1.971,8.4,1.943,-1.980,-7.012,11.1,0.633,-7.031,-40.500,-1.2,-5.816,-40.500,-101.125,-18.7,1.461,-101.062,0.000,0.0,0.000,0.000,0.000,0.0,0.000,0.000
1.2918,2.416,-12.2,-4.438,2.438,5.148,6.5,4.355,5.133,25.250,12.9,11.188,25.234,95.500,-21.7,-4.125,95.562,-1.958,7.0,1.914,-1.971,-7.008,4.4,0.243,-7.012,-40.500,-0.1,-5.688,-40.500,-101.125,-19.8,1.380,-101.125,0.000,0.0,0.000,0.000,0.000,0.0,0.000,0.000
1.2938,2.410,-4.5,-2.088,2.416,5.148,1.4,3.553,5.148,25.266,8.4,10.375,25.250,95.438,-20.3,-3.873,95.500,-1.949,5.0,0.853,-1.958,-6.988,5.6,-0.300,-7.008,-40.500,-1.1,-6.250,-40.500,-101.188,-18.3,1.989,-101.125,0.000,0.0,0.000,0.000,0.000,0.0,0.000,0.000
1.2958,2.398,-3.3,-2.512,2.410,5.145,-2.9,3.602,5.148,25.297,10.5,10.781,25.266,95.438,-16.0,-3.973,95.438,-1.958,-1.5,1.234,-1.949,-6.980,4.7,-0.032,-6.988,-40.531,-2.7,-5.930,-40.500,-101.188,-13.2,1.722,-101.188,0.000,0.0,0.000,0.000,0.000,0.0,0.000,0.000
1.2978,2.395,-1.4,-3.166,2.398,5.148,0.3,3.715,5.145,25.328,11.8,10.961,25.297,95.438,-12.3,-3.928,95.438,-1.971,-6.2,1.576,-1.958,-6.973,4.4,-0.034,-6.980,-40.500,0.1,-5.984,-40.531,-101.250,-12.3,1.876,-101.188,0.000,0.0,0.000,0.000,0.000,0.0,0.000,0.000
1.2998,2.398,0.7,-2.865,2.395,5.148,0.8,3.154,5.148,25.344,10.9,10.758,25.328,95.375,-15.0,-3.779,95.438,-1.980,-5.9,1.771,-1.971,-6.969,3.6,-0.275,-6.973,-40.531,-1.3,-6.148,-40.500,-101.250,-10.5,1.992,-101.250,0.000,0.0,0.000,0.000,0.000,0.0,0.000,0.000
1.3021,2.398,1.0,-2.955,2.398,5.145,-0.9,2.961,5.148,25.359,9.6,10.414,25.344,95.375,-9.6,-3.566,95.375,-1.993,-5.8,1.728,-1.980,-6.980,-1.6,-0.028,-6.969,-40.531,-4.1,-6.469,-40.531,-101.250,-4.7,2.172,-101.250,0.000,0.0,0.000,0.000,0.000,0.0,0.000,0.000
1.3041,2.395,-0.6,-2.039,2.398,5.137,-2.9,2.744,5.145,25.375,7.6,10.094,25.359,95.375,-4.8,-3.400,95.375,-2.012,-8.8,1.387,-1.993,-7.012,-10.5,-0.174,-6.980,-40.531,-3.3,-7.094,-40.531,-101.250,-2.1,2.373,-101.250,0.000,0.0,0.000,0.000,0.000,0.0,0.000,0.000
1.3061,2.389,-3.4,-1.577,2.395,5.148,2.4,2.303,5.137,25.375,6.0,9.484,25.375,95.375,-4.8,-3.375,95.375,-2.012,-1.7,1.363,-2.012,-7.016,-5.6,-0.032,-7.012,-40.562,-9.0,-7.305,-40.531,-101.250,6.0,2.432,-101.250,0.000,0.0,0.000,0.000,0.000,0.0,0.000,0.000
1.3082,2.410,5.4,-1.772,2.389,5.137,-1.0,2.389,5.148,25.375,0.9,9.398,25.375,95.375,2.6,-3.443,95.375,-2.043,-9.3,1.331,-2.012,-7.047,-12.5,-0.048,-7.016,-40.562,-8.2,-7.254,-40.562,-101.250,3.9,2.385,-101.250,0.000,0.0,0.000,0.000,0.000,0.0,0.000,0.000
1.3098,2.410,0.9,-1.958,2.410,5.133,-2.7,2.215,5.137,25.375,1.2,9.586,25.375,95.375,7.4,-3.568,95.375,-2.062,-10.5,1.467,-2.043,-7.062,-10.7,-0.169,-7.047,-40.594,-9.6,-7.289,-40.562,-101.188,6.7,2.422,-101.250,0.000,0.0,0.000,0.000,0.000,0.0,0.000,0.000
1.3118,2.430,6.9,-1.671,2.410,5.129,-1.7,2.004,5.133,25.375,-2.2,8.484,25.375,95.375,4.5,-3.080,95.375,-2.070,-7.5,1.792,-2.062,-7.086,-11.8,-0.777,-7.062,-40.625,-14.6,-8.281,-40.594,-101.188,16.2,2.844,-101.188,0.000,0.0,0.000,0.000,0.000,0.0,0.000,0.000
1.3138,2.430,2.2,-1.720,2.430,5.133,1.3,1.492,5.129,25.359,-6.1,8.047,25.375,95.438,16.2,-2.732,95.375,-2.074,-3.8,1.762,-2.070,-7.109,-13.1,-1.204,-7.086,-40.656,-15.3,-8.570,-40.625,-101.125,14.3,3.203,-101.188,0.000,0.0,0.000,0.000,0.000,0.0,0.000,0.000
1.3158,2.441,3.8,-1.892,2.430,5.113,-4.9,1.098,5.133,25.344,-6.1,8.086,25.359,95.438,12.9,-2.574,95.438,-2.084,-4.1,2.055,-2.074,-7.141,-16.2,-1.497,-7.109,-40.688,-18.2,-8.883,-40.656,-101.125,19.4,3.447,-101.125,0.000,0.0,0.000,0.000,0.000,0.0,0.000,0.000
1.3178,2.453,4.6,-2.262,2.441,5.105,-3.7,0.749,5.113,25.312,-11.2,6.621,25.344,95.500,15.2,-1.585,95.438,-2.094,-5.0,3.324,-2.084,-7.172,-16.4,-2.045,-7.141,-40.750,-27.1,-10.023,-40.688,-101.062,21.1,4.117,-101.125,0.000,0.0,0.000,0.000,0.000,0.0,0.000,0.000
1.3198,2.473,6.6,-2.627,2.453,5.090,-4.7,-0.179,5.105,25.266,-15.9,6.633,25.312,95.625,28.8,-0.944,95.500,-2.059,6.9,4.445,-2.094,-7.250,-23.2,-2.988,-7.172,-40.875,-40.5,-10.164,-40.750,-100.938,29.9,4.500,-101.062,0.000,0.0,0.000,0.000,0.000,0.0,0.000,0.000
1.3218,2.477,5.8,-4.461,2.473,5.074,-8.6,-0.190,5.090,25.234,-18.9,6.105,25.266,95.625,32.2,-0.611,95.625,-2.043,10.2,5.914,-2.059,-7.281,-25.3,-2.604,-7.250,-40.938,-41.4,-10.414,-40.875,-100.938,32.8,4.457,-100.938,0.000,0.0,0.000,0.000,0.000,0.0,0.000,0.000
1.3238,2.461,-2.6,-5.215,2.477,5.059,-6.4,-0.788,5.074,25.172,-24.6,5.918,25.234,95.750,39.7,-0.469,95.625,-1.989,21.9,5.520,-2.043,-7.355,-32.2,-2.203,-7.281,-41.031,-44.6,-10.273,-40.938,-100.812,39.0,4.035,-100.938,0.000,0.0,0.000,0.000,0.000,0.0,0.000,0.000
1.3258,2.438,-8.1,-4.691,2.461,5.020,-13.8,-0.609,5.059,25.109,-31.3,6.215,25.172,95.812,43.2,-0.571,95.750,-1.930,25.8,4.430,-1.989,-7.441,-37.3,-2.023,-7.355,-41.125,-46.7,-10.250,-41.031,-100.750,43.6,3.795,-100.812,0.000,0.0,0.000,0.000,0.000,0.0,0.000,0.000
1.3278,2.410,-11.1,-4.250,2.438,4.988,-12.8,-0.458,5.020,25.062,-28.4,6.250,25.109,95.938,55.6,-0.809,95.812,-1.839,36.6,3.955,-1.930,-7.523,-37.3,-2.035,-7.441,-41.219,-50.4,-10.227,-41.125,-100.688,42.3,2.605,-100.750,0.000,0.0,0.000,0.000,0.000,0.0,0.000,0.000
1.3298,2.369,-16.3,-4.402,2.410,4.957,-14.6,-0.071,4.988,25.016,-29.2,6.238,25.062,96.062,63.8,-0.967,95.938,-1.748,43.0,3.943,-1.839,-7.602,-37.5,-2.303,-7.523,-41.344,-57.1,-10.023,-41.219,-100.562,40.2,1.770,-100.688,0.000,0.0,0.000,0.000,0.000,0.0,0.000,0.000
1.3318,2.332,-18.8,-4.223,2.369,4.910,-19.0,0.162,4.957,24.969,-21.9,6.246,25.016,96.188,66.1,-1.132,96.062,-1.653,46.1,3.520,-1.748,-7.652,-31.8,-2.924,-7.602,-41.438,-53.1,-10.242,-41.344,-100.500,37.6,1.290,-100.562,0.000,0.0,0.000,0.000,0.000,0.0,0.000,0.000
1.3340,2.295,-20.1,-4.027,2.332,4.891,-13.9,0.040,4.910,24.922,-21.7,6.113,24.969,96.375,68.9,-1.266,96.188,-1.557,47.7,2.850,-1.653,-7.672,-20.5,-3.986,-7.652,-41.531,-45.0,-10.500,-41.438,-100.438,27.3,0.861,-100.500,0.000,0.0,0.000,0.000,0.000,0.0,0.000,0.000
1.3361,2.270,-16.6,-4.070,2.295,4.867,-10.8,0.418,4.891,24.891,-15.9,6.105,24.922,96.500,74.6,-1.354,96.375,-1.459,47.1,2.393,-1.557,-7.672,-8.8,-4.434,-7.672,-41.594,-39.8,-10.719,-41.531,-100.438,17.5,0.446,-100.438,0.000,0.0,0.000,0.000,0.000,0.0,0.000,0.000
1.3382,2.244,-13.3,-3.998,2.270,4.844,-11.6,0.181,4.867,24.875,-12.4,5.840,24.891,96.688,77.1,-1.623,96.500,-1.358,48.3,2.395,-1.459,-7.684,-7.0,-4.891,-7.672,-41.656,-38.2,-10.906,-41.594,-100.375,10.2,0.460,-100.438,0.000,0.0,0.000,0.000,0.000,0.0,0.000,0.000
1.3405,2.197,-15.2,-3.643,2.244,4.812,-10.2,-0.042,4.844,24.859,-9.0,5.336,24.875,96.875,72.5,-1.602,96.688,-1.239,42.6,2.422,-1.358,-7.703,-7.8,-4.906,-7.684,-41.750,-25.7,-11.023,-41.656,-100.438,-6.8,0.591,-100.375,0.000,0.0,0.000,0.000,0.000,0.0,0.000,0.000
1.3418,2.174,-19.1,-3.713,2.197,4.805,-8.8,-0.057,4.812,24.859,-5.5,5.230,24.859,96.938,75.1,-1.609,96.875,-1.208,37.8,2.443,-1.239,-7.719,-11.3,-4.672,-7.703,-41.781,-26.3,-11.273,-41.750,-100.438,-15.1,0.796,-100.438,0.000,0.0,0.000,0.000,0.000,0.0,0.000,0.000
1.3438,2.146,-17.1,-3.424,2.174,4.777,-12.3,-0.072,4.805,24.859,-2.4,4.730,24.859,97.125,72.4,-1.857,96.938,-1.148,31.5,3.090,-1.208,-7.742,-10.6,-4.492,-7.719,-41.812,-19.0,-11.062,-41.781,-100.500,-20.3,1.424,-100.438,0.000,0.0,0.000,0.000,0.000,0.0,0.000,0.000
1.3458,2.109,-19.4,-3.160,2.146,4.777,-4.2,-0.451,4.777,24.859,3.2,4.434,24.859,97.250,70.1,-1.918,97.125,-1.089,29.8,3.295,-1.148,-7.773,-12.7,-4.383,-7.742,-41.812,-12.8,-11.156,-41.812,-100.562,-27.1,1.928,-100.500,0.000,0.0,0.000,0.000,0.000,0.0,0.000,0.000
1.3478,2.090,-13.3,-3.166,2.109,4.746,-9.0,-0.636,4.777,24.859,-0.4,4.129,24.859,97.375,68.6,-2.131,97.250,-1.055,18.8,3.570,-1.089,-7.809,-15.8,-4.426,-7.773,-41.844,-9.5,-11.141,-41.812,-100.625,-29.8,2.309,-100.562,0.000,0.0,0.000,0.000,0.000,0.0,0.000,0.000
1.3498,2.047,-17.7,-2.965,2.090,4.738,-6.4,-0.994,4.746,24.859,-0.9,3.631,24.859,97.500,61.8,-2.400,97.375,-1.001,20.6,3.609,-1.055,-7.828,-12.5,-3.969,-7.809,-41.844,-4.8,-10.930,-41.844,-100.688,-31.9,4.090,-100.625,0.000,0.0,0.000,0.000,0.000,0.0,0.000,0.000
1.3518,2.006,-20.8,-2.754,2.047,4.715,-8.6,-1.062,4.738,24.859,1.0,3.666,24.859,97.562,55.9,-2.258,97.500,-0.954,22.5,3.666,-1.001,-7.840,-5.9,-3.902,-7.828,-41.844,0.3,-11.016,-41.844,-100.812,-36.8,4.305,-100.688,0.000,0.0,0.000,0.000,0.000,0.0,0.000,0.000
1.3538,1.989,-13.3,-2.676,2.006,4.699,-7.8,-0.822,4.715,24.859,0.3,4.051,24.859,97.688,52.2,-2.281,97.562,-0.929,15.5,0.953,-0.954,-7.855,-5.1,-3.738,-7.840,-41.844,1.6,-10.656,-41.844,-100.812,-24.2,4.215,-100.812,0.000,0.0,0.000,0.000,0.000,0.0,0.000,0.000
1.3558,1.968,-9.7,0.274,1.989,4.664,-14.4,-0.215,4.699,24.859,0.8,4.910,24.859,97.750,44.6,-2.230,97.688,-0.919,6.9,0.440,-0.929,-7.859,-0.4,-3.375,-7.855,-41.812,4.4,-10.078,-41.844,-100.812,-15.5,3.877,-100.812,0.000,0.0,0.000,0.000,0.000,0.0,0.000,0.000
1.3578,1.961,-4.7,-0.007,1.968,4.652,-10.1,-0.076,4.664,24.859,1.8,5.062,24.859,97.812,38.6,-2.480,97.750,-0.932,-1.6,0.788,-0.919,-7.875,-4.0,-3.291,-7.859,-41.812,6.1,-9.820,-41.812,-100.875,-11.0,3.604,-100.812,0.000,0.0,0.000,0.000,0.000,0.0,0.000,0.000
1.3598,1.989,6.7,-0.270,1.961,4.648,-3.2,0.502,4.652,24.875,3.7,5.273,24.859,97.875,28.6,-2.215,97.812,-0.963,-9.2,1.236,-0.932,-7.875,-3.1,-2.736,-7.875,-41.812,1.1,-9.477,-41.812,-100.875,-6.4,3.285,-100.875,0.000,0.0,0.000,0.000,0.000,0.0,0.000,0.000
1.3618,2.027,15.2,-0.927,1.989,4.652,3.6,0.561,4.648,24.906,13.0,6.051,24.875,97.938,22.1,-2.480,97.875,-1.032,-24.2,2.002,-0.963,-7.863,3.3,-2.125,-7.875,-41.812,3.5,-8.320,-41.812,-100.875,0.5,2.586,-100.875,0.000,0.0,0.000,0.000,0.000,0.0,0.000,0.000
1.3638,2.070,20.3,-1.632,2.027,4.668,9.6,0.412,4.652,24.953,15.8,5.227,24.906,97.938,20.5,-2.221,97.938,-1.092,-27.9,2.803,-1.032,-7.863,1.1,-2.566,-7.863,-41.781,4.8,-9.539,-41.812,-100.875,2.4,3.271,-100.875,0.000,0.0,0.000,0.000,0.000,0.0,0.000,0.000
1.3658,2.105,19.4,-1.716,2.070,4.684,9.3,-0.167,4.668,25.016,23.7,5.289,24.953,97.938,8.1,-2.164,97.938,-1.155,-29.5,3.270,-1.092,-7.859,-0.2,-2.633,-7.863,-41.781,5.6,-9.406,-41.781,-100.812,10.0,3.225,-100.875,0.000,0.0,0.000,0.000,0.000,0.0,0.000,0.000
1.3683,2.125,13.4,-1.578,2.105,4.703,7.3,-0.267,4.684,25.062,24.2,5.512,25.016,97.938,4.5,-2.252,97.938,-1.224,-32.8,3.375,-1.155,-7.852,1.7,-2.561,-7.859,-41.781,4.5,-9.281,-41.781,-100.812,10.4,3.426,-100.812,0.000,0.0,0.000,0.000,0.000,0.0,0.000,0.000
1.3706,2.162,12.1,-1.290,2.125,4.738,6.6,0.147,4.703,25.141,25.2,6.402,25.062,97.938,-7.6,-2.668,97.938,-1.314,-33.7,3.297,-1.224,-7.844,2.2,-1.807,-7.852,-41.781,-2.1,-8.820,-41.781,-100.812,8.0,3.486,-100.812,0.000,0.0,0.000,0.000,0.000,0.0,0.000,0.000
1.3727,2.166,4.4,-1.443,2.162,4.773,12.0,0.495,4.738,25.219,33.4,6.332,25.141,97.875,-13.5,-2.527,97.938,-1.358,-27.6,3.225,-1.314,-7.832,4.4,-1.902,-7.844,-41.781,1.0,-8.727,-41.781,-100.750,11.0,3.420,-100.812,0.000,0.0,0.000,0.000,0.000,0.0,0.000,0.000
1.3747,2.188,8.0,-1.581,2.166,4.797,12.0,0.625,4.773,25.281,32.3,6.230,25.219,97.875,-17.8,-2.455,97.875,-1.402,-23.6,3.320,-1.358,-7.824,5.7,-1.831,-7.832,-41.781,-1.6,-8.562,-41.781,-100.750,11.1,3.410,-100.750,0.000,0.0,0.000,0.000,0.000,0.0,0.000,0.000
1.3763,2.191,6.1,-1.674,2.188,4.797,7.9,0.630,4.797,25.312,33.8,6.547,25.281,97.812,-20.5,-3.047,97.875,-1.425,-23.2,2.896,-1.402,-7.828,0.5,-1.830,-7.824,-41.812,-4.1,-8.305,-41.781,-100.688,13.8,3.408,-100.750,0.000,0.0,0.000,0.000,0.000,0.0,0.000,0.000
1.3782,2.213,9.8,-1.967,2.191,4.836,14.7,1.110,4.797,25.391,36.2,7.215,25.312,97.750,-27.5,-3.088,97.812,-1.456,-17.8,2.762,-1.425,-7.820,1.1,-1.436,-7.828,-41.781,-0.4,-8.102,-41.812,-100.688,15.4,3.438,-100.688,0.000,0.0,0.000,0.000,0.000,0.0,0.000,0.000
1.3798,2.229,7.0,-2.201,2.213,4.875,15.0,1.147,4.836,25.516,41.9,7.871,25.391,97.688,-33.9,-3.375,97.750,-1.513,-18.8,2.230,-1.456,-7.785,7.5,-1.302,-7.820,-41.781,4.0,-7.824,-41.781,-100.625,8.3,3.291,-100.688,0.000,0.0,0.000,0.000,0.000,0.0,0.000,0.000
1.3818,2.234,7.1,-2.176,2.229,4.887,14.7,1.362,4.875,25.547,39.9,7.984,25.516,97.625,-36.8,-3.785,97.688,-1.525,-16.4,2.412,-1.513,-7.770,10.8,-1.225,-7.785,-41.781,3.1,-7.766,-41.781,-100.625,9.3,3.025,-100.625,0.000,0.0,0.000,0.000,0.000,0.0,0.000,0.000
1.3838,2.246,6.1,-2.975,2.234,4.922,16.3,1.419,4.887,25.641,41.6,8.461,25.547,97.562,-39.2,-3.871,97.625,-1.550,-13.6,2.270,-1.525,-7.758,7.2,-1.091,-7.770,-41.781,9.1,-7.355,-41.781,-100.625,9.1,2.881,-100.625,0.000,0.0,0.000,0.000,0.000,0.0,0.000,0.000
1.3858,2.260,5.5,-2.654,2.246,4.957,18.0,1.454,4.922,25.734,44.3,8.422,25.641,97.438,-41.7,-3.721,97.562,-1.585,-16.2,2.053,-1.550,-7.723,13.2,-1.107,-7.758,-41.750,3.9,-7.664,-41.781,-100.625,6.5,2.932,-100.625,0.000,0.0,0.000,0.000,0.000,0.0,0.000,0.000
1.3878,2.262,3.4,-2.398,2.260,5.004,21.3,1.593,4.957,25.812,41.2,10.375,25.734,97.375,-48.8,-4.988,97.438,-1.598,-9.2,5.277,-1.585,-7.703,12.8,-0.097,-7.723,-41.719,10.6,-6.055,-41.750,-100.625,3.4,0.946,-100.625,0.000,0.0,0.000,0.000,0.000,0.0,0.000,0.000
1.3898,2.250,-3.9,-7.766,2.262,5.059,25.3,2.848,5.004,25.906,45.2,11.055,25.812,97.188,-61.2,-4.816,97.375,-1.604,-3.8,5.559,-1.598,-7.680,13.7,0.569,-7.703,-41.688,18.6,-5.531,-41.719,-100.625,-4.5,0.188,-100.625,0.000,0.0,0.000,0.000,0.000,0.0,0.000,0.000
1.3920,2.225,-11.2,-6.949,2.250,5.133,32.8,2.373,5.059,26.016,52.9,10.719,25.906,97.062,-62.7,-4.156,97.188,-1.582,5.0,4.457,-1.604,-7.652,12.9,0.571,-7.680,-41.625,21.6,-5.980,-41.688,-100.625,-11.2,0.261,-100.625,0.000,0.0,0.000,0.000,0.000,0.0,0.000,0.000
1.3943,2.182,-17.7,-6.082,2.225,5.203,35.3,2.273,5.133,26.109,52.2,10.477,26.016,96.938,-69.2,-3.947,97.062,-1.554,9.5,3.852,-1.582,-7.633,10.0,0.541,-7.652,-41.562,30.3,-6.211,-41.625,-100.688,-24.8,0.503,-100.625,0.000,0.0,0.000,0.000,0.000,0.0,0.000,0.000
1.3964,2.100,-24.9,-5.758,2.182,5.340,42.8,1.999,5.203,26.281,54.9,10.562,26.109,96.688,-74.6,-3.117,96.938,-1.484,19.8,3.041,-1.554,-7.590,10.1,0.517,-7.633,-41.469,31.0,-6.430,-41.562,-100.812,-29.1,0.757,-100.688,0.000,0.0,0.000,0.000,0.000,0.0,0.000,0.000
1.3982,2.084,-21.4,-5.879,2.100,5.371,37.5,2.051,5.340,26.328,49.8,10.555,26.281,96.625,-74.6,-2.943,96.688,-1.466,19.6,3.018,-1.484,-7.574,12.8,0.435,-7.590,-41.438,31.4,-6.582,-41.469,-100.812,-34.6,0.769,-100.812,0.000,0.0,0.000,0.000,0.000,0.0,0.000,0.000
1.3998,2.037,-21.6,-5.758,2.084,5.434,33.6,3.119,5.371,26.406,44.5,10.695,26.328,96.500,-72.1,-1.803,96.625,-1.425,21.4,3.025,-1.466,-7.551,10.4,0.303,-7.574,-41.344,36.6,-6.793,-41.438,-100.938,-39.2,0.737,-100.812,0.000,0.0,0.000,0.000,0.000,0.0,0.000,0.000
1.4018,1.986,-25.2,-6.164,2.037,5.453,20.2,4.238,5.434,26.500,43.4,10.945,26.406,96.312,-73.5,-1.275,96.500,-1.391,18.7,2.990,-1.425,-7.527,9.6,0.452,-7.551,-41.312,29.9,-6.941,-41.344,-101.000,-46.8,0.760,-100.938,0.000,0.0,0.000,0.000,0.000,0.0,0.000,0.000
1.4038,1.958,-19.0,-6.203,1.986,5.457,8.4,5.176,5.453,26.594,40.4,11.078,26.500,96.250,-61.9,-0.638,96.312,-1.362,14.2,3.420,-1.391,-7.508,9.3,0.343,-7.527,-41.250,26.3,-6.977,-41.312,-101.125,-47.6,0.870,-101.000,0.000,0.0,0.000,0.000,0.000,0.0,0.000,0.000
1.4058,1.917,-20.5,-6.414,1.958,5.453,1.0,6.043,5.457,26.656,34.7,11.977,26.594,96.125,-47.7,-0.152,96.250,-1.314,19.0,3.180,-1.362,-7.496,5.0,0.274,-7.508,-41.219,20.0,-6.840,-41.250,-101.250,-51.9,0.802,-101.125,0.000,0.0,0.000,0.000,0.000,0.0,0.000,0.000
1.4078,1.893,-15.7,-6.227,1.917,5.453,0.3,6.426,5.453,26.719,31.9,11.812,26.656,96.062,-38.2,-0.216,96.125,-1.283,18.6,3.588,-1.314,-7.477,8.2,0.221,-7.496,-41.188,11.1,-6.398,-41.219,-101.312,-50.3,0.882,-101.250,0.000,0.0,0.000,0.000,0.000,0.0,0.000,0.000
1.4098,1.867,-13.7,-6.320,1.893,5.465,3.4,6.285,5.453,26.781,32.2,11.852,26.719,96.062,-24.2,-0.378,96.062,-1.262,13.7,3.404,-1.283,-7.453,10.4,0.300,-7.477,-41.156,11.9,-6.109,-41.188,-101.438,-52.6,1.038,-101.312,0.000,0.0,0.000,0.000,0.000,0.0,0.000,0.000
1.4118,1.829,-17.5,-6.746,1.867,5.473,3.1,6.793,5.465,26.828,29.3,11.664,26.781,96.062,-9.6,-1.153,96.062,-1.230,12.9,3.465,-1.262,-7.438,10.1,0.503,-7.453,-41.156,5.5,-5.477,-41.156,-101.562,-51.2,1.261,-101.438,0.000,0.0,0.000,0.000,0.000,0.0,0.000,0.000
1.4138,1.805,-14.9,-6.555,1.829,5.492,4.9,6.211,5.473,26.875,25.6,11.375,26.828,96.062,3.3,-2.244,96.062,-1.202,11.8,3.418,-1.230,-7.430,6.7,0.869,-7.438,-41.156,2.7,-4.949,-41.156,-101.625,-53.6,1.491,-101.562,0.000,0.0,0.000,0.000,0.000,0.0,0.000,0.000
1.4160,1.770,-17.3,-6.328,1.805,5.516,7.2,5.668,5.492,26.906,16.5,11.266,26.875,96.062,9.1,-3.467,96.062,-1.167,15.7,3.615,-1.202,-7.426,2.2,1.254,-7.430,-41.156,-0.2,-4.680,-41.156,-101.750,-56.8,1.662,-101.625,0.000,0.0,0.000,0.000,0.000,0.0,0.000,0.000
1.4181,1.748,-12.9,-6.195,1.770,5.547,10.2,5.633,5.516,26.922,10.6,11.312,26.906,96.125,12.1,-3.857,96.062,-1.155,9.6,3.736,-1.167,-7.410,4.6,1.601,-7.426,-41.156,-0.3,-4.180,-41.156,-101.875,-52.9,1.706,-101.750,0.000,0.0,0.000,0.000,0.000,0.0,0.000,0.000
1.4201,1.726,-11.3,-6.574,1.748,5.562,8.2,5.422,5.547,26.922,4.6,11.383,26.922,96.125,14.7,-4.941,96.125,-1.130,10.7,3.729,-1.155,-7.414,0.8,1.919,-7.410,-41.156,-1.0,-3.980,-41.156,-101.938,-45.1,1.926,-101.875,0.000,0.0,0.000,0.000,0.000,0.0,0.000,0.000
1.4220,1.691,-15.8,-6.488,1.726,5.566,5.4,5.152,5.562,26.906,-5.2,11.414,26.922,96.188,11.5,-4.957,96.125,-1.133,1.2,3.797,-1.130,-7.418,-3.1,2.043,-7.414,-41.156,-0.1,-3.828,-41.156,-102.000,-44.1,1.936,-101.938,0.000,0.0,0.000,0.000,0.000,0.0,0.000,0.000
1.4238,1.673,-13.2,-6.371,1.691,5.559,-0.6,4.840,5.566,26.906,-1.3,10.984,26.906,96.188,5.4,-4.602,96.188,-1.114,4.6,2.562,-1.133,-7.422,-2.9,1.528,-7.418,-41.188,-2.9,-3.736,-41.156,-102.125,-40.6,2.299,-102.000,0.000,0.0,0.000,0.000,0.000,0.0,0.000,0.000
1.4258,1.653,-10.7,-4.492,1.673,5.551,-1.8,4.355,5.559,26.875,-7.0,10.062,26.906,96.188,2.9,-3.875,96.188,-1.127,-2.8,-0.064,-1.114,-7.434,-4.7,1.092,-7.422,-41.188,-2.1,-4.645,-41.188,-102.125,-31.2,2.600,-102.125,0.000,0.0,0.000,0.000,0.000,0.0,0.000,0.000
1.4278,1.653,-3.1,-0.792,1.653,5.539,-4.1,3.883,5.551,26.859,-8.2,9.453,26.875,96.188,-2.4,-3.439,96.188,-1.164,-12.8,0.511,-1.127,-7.457,-8.4,0.791,-7.434,-41.188,-8.2,-5.293,-41.188,-102.188,-26.1,2.826,-102.125,0.000,0.0,0.000,0.000,0.000,0.0,0.000,0.000
1.4298,1.666,2.3,-1.002,1.653,5.516,-9.8,3.123,5.539,26.844,-9.5,8.484,26.859,96.188,-1.5,-2.932,96.188,-1.221,-23.1,1.515,-1.164,-7.488,-12.7,0.166,-7.457,-41.219,-10.6,-6.191,-41.188,-102.250,-15.8,3.287,-102.188,0.000,0.0,0.000,0.000,0.000,0.0,0.000,0.000
1.4318,1.710,13.6,-1.477,1.666,5.516,-3.2,2.643,5.516,26.828,-10.6,8.016,26.844,96.188,0.8,-3.041,96.188,-1.277,-26.6,2.252,-1.221,-7.523,-17.2,-0.212,-7.488,-41.281,-18.6,-6.453,-41.219,-102.250,-10.0,3.512,-102.250,0.000,0.0,0.000,0.000,0.000,0.0,0.000,0.000
1.4338,1.745,16.0,-1.861,1.710,5.480,-13.3,2.430,5.516,26.797,-11.8,7.973,26.828,96.188,4.2,-2.840,96.188,-1.350,-31.5,3.025,-1.277,-7.559,-17.8,-0.296,-7.523,-41.344,-29.0,-6.695,-41.281,-102.250,-2.4,3.533,-102.250,0.000,0.0,0.000,0.000,0.000,0.0,0.000,0.000
1.4358,1.785,18.5,-2.123,1.745,5.465,-12.6,1.904,5.480,26.766,-12.5,7.848,26.797,96.188,5.0,-2.869,96.188,-1.412,-31.6,3.062,-1.350,-7.609,-24.5,-0.647,-7.559,-41.438,-40.8,-6.422,-41.344,-102.188,5.6,3.566,-102.250,0.000,0.0,0.000,0.000,0.000,0.0,0.000,0.000
1.4378,1.808,13.6,-1.949,1.785,5.449,-10.7,1.641,5.465,26.734,-15.3,7.215,26.766,96.188,6.0,-2.445,96.188,-1.475,-31.5,3.965,-1.412,-7.637,-17.3,-1.096,-7.609,-41.531,-42.6,-7.855,-41.438,-102.125,17.9,4.223,-102.188,0.000,0.0,0.000,0.000,0.000,0.0,0.000,0.000
1.4398,1.836,13.2,-1.726,1.808,5.434,-8.7,0.658,5.449,26.719,-13.1,6.734,26.734,96.250,9.9,-2.484,96.188,-1.516,-23.7,3.744,-1.475,-7.684,-21.8,-1.567,-7.637,-41.625,-50.1,-7.777,-41.531,-102.062,27.2,4.234,-102.125,0.000,0.0,0.000,0.000,0.000,0.0,0.000,0.000
1.4418,1.870,16.5,-1.751,1.836,5.418,-6.8,0.259,5.434,26.656,-21.2,5.754,26.719,96.250,12.0,-1.796,96.250,-1.554,-19.7,5.012,-1.516,-7.738,-24.9,-1.621,-7.684,-41.781,-61.6,-8.852,-41.625,-102.000,35.7,4.652,-102.062,0.000,0.0,0.000,0.000,0.000,0.0,0.000,0.000
1.4438,1.886,11.6,-2.570,1.870,5.383,-12.4,-0.175,5.418,26.625,-20.4,4.727,26.656,96.312,20.6,-0.154,96.250,-1.562,-10.3,9.156,-1.554,-7.801,-28.2,-2.568,-7.738,-41.906,-70.4,-9.844,-41.781,-101.938,47.5,4.859,-102.000,0.000,0.0,0.000,0.000,0.000,0.0,0.000,0.000
1.4458,1.905,8.9,-6.930,1.886,5.355,-16.0,-1.008,5.383,26.547,-31.4,5.242,26.625,96.375,27.5,-0.115,96.312,-1.510,12.6,7.426,-1.562,-7.883,-36.6,-2.365,-7.801,-42.062,-75.2,-9.383,-41.906,-101.812,52.6,3.857,-101.938,0.000,0.0,0.000,0.000,0.000,0.0,0.000,0.000
1.4479,1.880,-4.8,-6.164,1.905,5.332,-13.4,-0.646,5.355,26.469,-36.2,5.789,26.547,96.438,35.7,-0.281,96.375,-1.443,26.0,6.141,-1.510,-7.965,-39.3,-2.043,-7.883,-42.188,-75.6,-9.445,-42.062,-101.688,63.4,2.834,-101.812,0.000,0.0,0.000,0.000,0.000,0.0,0.000,0.000
1.4503,1.854,-9.7,-5.586,1.880,5.297,-16.3,-0.377,5.332,26.391,-36.5,6.156,26.469,96.500,43.6,-0.374,96.438,-1.355,38.2,5.160,-1.443,-8.055,-40.7,-2.256,-7.965,-42.344,-69.6,-9.383,-42.188,-101.562,60.3,1.732,-101.688,0.000,0.0,0.000,0.000,0.000,0.0,0.000,0.000
1.4525,1.805,-13.5,-5.082,1.854,5.258,-12.8,-0.137,5.297,26.297,-35.4,6.383,26.391,96.688,55.3,-0.494,96.500,-1.224,44.1,4.016,-1.355,-8.141,-28.5,-3.473,-8.055,-42.531,-64.4,-9.633,-42.344,-101.375,59.1,0.195,-101.562,0.000,0.0,0.000,0.000,0.000,0.0,0.000,0.000
1.4546,1.779,-11.9,-5.090,1.805,5.230,-13.3,-0.190,5.258,26.250,-27.5,6.484,26.297,96.812,59.0,-0.561,96.688,-1.130,46.0,4.367,-1.224,-8.172,-20.8,-4.660,-8.141,-42.656,-61.9,-9.469,-42.531,-101.312,48.2,-0.828,-101.375,0.000,0.0,0.000,0.000,0.000,0.0,0.000,0.000
1.4565,1.764,-7.1,-4.934,1.779,5.207,-13.5,-0.559,5.230,26.203,-23.1,6.102,26.250,96.938,63.9,-0.831,96.812,-1.026,50.4,3.820,-1.130,-8.203,-14.9,-5.059,-8.172,-42.750,-48.2,-10.055,-42.656,-101.250,39.8,-0.620,-101.312,0.000,0.0,0.000,0.000,0.000,0.0,0.000,0.000
1.4578,1.741,-12.6,-5.168,1.764,5.203,-9.4,-0.525,5.207,26.188,-20.5,5.941,26.203,97.000,69.5,-0.923,96.938,-0.979,49.8,3.391,-1.026,-8.211,-12.5,-5.504,-8.203,-42.812,-50.0,-10.359,-42.750,-101.188,30.5,-0.947,-101.250,0.000,0.0,0.000,0.000,0.000,0.0,0.000,0.000
1.4598,1.732,-8.6,-5.184,1.741,5.180,-9.5,-0.620,5.203,26.172,-14.4,5.652,26.188,97.125,65.6,-1.133,97.000,-0.895,45.6,2.945,-0.979,-8.234,-14.1,-5.602,-8.211,-42.875,-42.8,-10.711,-42.812,-101.188,20.2,-1.208,-101.188,0.000,0.0,0.000,0.000,0.000,0.0,0.000,0.000
1.4618,1.723,-5.6,-4.664,1.732,5.148,-13.1,-0.541,5.180,26.156,-9.0,5.086,26.172,97.312,72.6,-1.229,97.125,-0.813,42.8,2.953,-0.895,-8.266,-14.3,-5.812,-8.234,-42.938,-34.3,-11.016,-42.875,-101.188,4.1,-1.049,-101.188,0.000,0.0,0.000,0.000,0.000,0.0,0.000,0.000
1.4638,1.707,-6.7,-4.316,1.723,5.133,-10.4,-0.497,5.148,26.156,-3.2,4.535,26.156,97.438,64.9,-1.523,97.312,-0.747,36.4,3.357,-0.813,-8.305,-18.8,-5.281,-8.266,-43.000,-28.4,-11.188,-42.938,-101.250,-9.5,-0.566,-101.188,0.000,0.0,0.000,0.000,0.000,0.0,0.000,0.000
1.4658,1.694,-6.5,-4.395,1.707,5.105,-10.1,-0.398,5.133,26.156,1.2,3.518,26.156,97.562,69.2,-1.880,97.438,-0.687,33.5,4.297,-0.747,-8.344,-19.9,-4.797,-8.305,-43.000,-15.9,-11.078,-43.000,-101.250,-19.5,0.935,-101.250,0.000,0.0,0.000,0.000,0.000,0.0,0.000,0.000
1.4678,1.682,-5.6,-4.145,1.694,5.070,-13.5,-0.666,5.105,26.156,-3.8,3.350,26.156,97.688,64.4,-1.844,97.562,-0.637,28.7,4.066,-0.687,-8.383,-19.0,-4.750,-8.344,-43.031,-14.2,-11.570,-43.000,-101.312,-28.3,2.330,-101.250,0.000,0.0,0.000,0.000,0.000,0.0,0.000,0.000
1.4698,1.657,-10.0,-3.875,1.682,5.051,-11.3,-0.706,5.070,26.156,-0.6,3.062,26.156,97.812,60.5,-2.109,97.688,-0.600,22.9,4.371,-0.637,-8.414,-18.9,-4.551,-8.383,-43.031,-6.2,-11.453,-43.031,-101.375,-29.3,3.367,-101.312,0.000,0.0,0.000,0.000,0.000,0.0,0.000,0.000
1.4718,1.626,-10.3,-3.568,1.657,4.996,-14.4,-0.722,5.051,26.125,-6.6,2.926,26.156,98.000,52.0,-2.482,97.812,-0.549,18.6,4.746,-0.600,-8.438,-8.9,-4.188,-8.414,-43.000,2.3,-11.562,-43.031,-101.500,-23.7,5.387,-101.375,0.000,0.0,0.000,0.000,0.000,0.0,0.000,0.000
1.4738,1.616,-9.5,-3.355,1.626,4.980,-14.5,-0.710,4.996,26.109,-9.1,3.656,26.125,98.062,56.5,-2.322,98.000,-0.534,18.2,0.842,-0.549,-8.438,-6.0,-3.945,-8.438,-43.000,-0.2,-10.734,-43.000,-101.500,-20.3,4.902,-101.500,0.000,0.0,0.000,0.000,0.000,0.0,0.000,0.000
1.4761,1.594,-9.6,0.537,1.616,4.941,-15.5,-0.163,4.980,26.094,-9.6,4.539,26.109,98.125,45.7,-2.598,98.062,-0.543,3.8,-0.118,-0.534,-8.438,-0.4,-3.391,-8.438,-43.000,2.4,-9.750,-43.000,-101.500,-8.3,4.188,-101.500,0.000,0.0,0.000,0.000,0.000,0.0,0.000,0.000
1.4783,1.604,-1.1,0.991,1.594,4.898,-19.8,0.744,4.941,26.094,-3.4,4.496,26.094,98.188,45.6,-2.639,98.125,-0.587,-13.9,0.775,-0.543,-8.438,-0.8,-3.355,-8.438,-43.000,-0.4,-9.562,-43.000,-101.500,-1.1,3.760,-101.500,0.000,0.0,0.000,0.000,0.000,0.0,0.000,0.000
1.4810,1.673,19.0,-0.525,1.604,4.867,-12.0,1.217,4.898,26.109,3.9,5.219,26.094,98.312,28.0,-2.797,98.188,-0.666,-23.4,2.293,-0.587,-8.414,5.4,-2.734,-8.438,-42.969,7.7,-8.695,-43.000,-101.500,8.2,3.273,-101.500,0.000,0.0,0.000,0.000,0.000,0.0,0.000,0.000
1.4826,1.729,26.5,-1.388,1.673,4.867,-4.6,0.773,4.867,26.125,6.1,4.219,26.109,98.312,20.1,-2.691,98.312,-0.766,-40.6,3.510,-0.666,-8.406,5.1,-3.230,-8.414,-42.938,8.6,-9.359,-42.969,-101.438,8.7,3.486,-101.500,0.000,0.0,0.000,0.000,0.000,0.0,0.000,0.000
1.4839,1.754,26.8,-1.642,1.729,4.867,-2.7,0.466,4.867,26.141,11.5,3.623,26.125,98.312,15.3,-2.031,98.312,-0.788,-33.9,3.625,-0.766,-8.398,4.9,-3.621,-8.406,-42.938,9.0,-10.000,-42.938,-101.438,15.0,3.689,-101.438,0.000,0.0,0.000,0.000,0.000,0.0,0.000,0.000
1.4858,1.802,25.8,-1.593,1.754,4.879,1.9,-0.395,4.867,26.172,11.4,3.576,26.141,98.375,12.2,-1.720,98.312,-0.875,-38.5,3.961,-0.788,-8.383,5.7,-3.609,-8.398,-42.938,3.4,-10.102,-42.938,-101.375,13.4,3.891,-101.438,0.000,0.0,0.000,0.000,0.000,0.0,0.000,0.000
1.4878,1.849,25.1,-1.536,1.802,4.906,8.6,-0.753,4.879,26.188,9.1,3.250,26.172,98.375,6.8,-1.599,98.375,-0.957,-41.4,5.781,-0.875,-8.391,-0.4,-3.873,-8.383,-42.938,-0.8,-10.625,-42.938,-101.375,17.2,4.410,-101.375,0.000,0.0,0.000,0.000,0.000,0.0,0.000,0.000
1.4898,1.890,21.4,-3.832,1.849,4.922,9.1,-1.458,4.906,26.219,8.4,4.348,26.188,98.312,0.1,-1.129,98.375,-0.992,-25.0,3.803,-0.957,-8.391,-0.3,-3.248,-8.391,-42.969,-6.0,-9.875,-42.938,-101.312,21.8,4.477,-101.375,0.000,0.0,0.000,0.000,0.000,0.0,0.000,0.000
1.4918,1.927,19.1,-1.696,1.890,4.934,8.1,-0.386,4.922,26.234,9.2,6.117,26.219,98.312,-1.5,-2.398,98.312,-1.042,-22.8,3.488,-0.992,-8.383,1.1,-2.209,-8.391,-42.969,-7.1,-8.688,-42.969,-101.250,29.3,4.074,-101.312,0.000,0.0,0.000,0.000,0.000,0.0,0.000,0.000
1.4938,1.955,16.1,-2.031,1.927,4.938,5.6,0.219,4.934,26.281,15.9,5.922,26.234,98.312,-9.2,-2.686,98.312,-1.102,-28.0,3.311,-1.042,-8.375,3.6,-2.393,-8.383,-42.969,-2.8,-8.930,-42.969,-101.188,30.0,3.994,-101.250,0.000,0.0,0.000,0.000,0.000,0.0,0.000,0.000
1.4958,1.986,16.2,-2.184,1.955,4.953,8.2,0.332,4.938,26.328,21.8,5.578,26.281,98.250,-14.0,-2.582,98.312,-1.123,-19.4,3.271,-1.102,-8.352,8.7,-2.779,-8.375,-43.000,-9.2,-9.625,-42.969,-101.125,31.9,4.250,-101.188,0.000,0.0,0.000,0.000,0.000,0.0,0.000,0.000
1.4978,2.016,15.9,-2.525,1.986,4.957,4.6,0.328,4.953,26.359,22.3,5.391,26.328,98.250,-16.5,-2.424,98.250,-1.151,-17.4,3.207,-1.123,-8.328,12.2,-3.059,-8.352,-43.000,-6.1,-10.367,-43.000,-101.062,36.8,4.578,-101.125,0.000,0.0,0.000,0.000,0.000,0.0,0.000,0.000
1.5000,2.064,16.6,-2.955,2.016,4.973,3.2,0.368,4.957,26.422,21.1,5.148,26.359,98.188,-21.9,-2.207,98.250,-1.174,-10.6,2.963,-1.151,-8.312,5.4,-3.377,-8.328,-43.031,-5.2,-11.031,-43.000,-100.938,37.5,5.172,-101.062,0.000,0.0,0.000,0.000,0.000,0.0,0.000,0.000
1.5021,2.086,18.9,-2.928,2.064,4.973,1.4,0.128,4.973,26.438,19.5,6.152,26.422,98.125,-23.2,-2.211,98.188,-1.187,-10.7,2.230,-1.174,-8.289,12.5,-2.582,-8.312,-43.031,-4.0,-9.930,-43.031,-100.875,37.7,4.828,-100.938,0.000,0.0,0.000,0.000,0.000,0.0,0.000,0.000
1.5041,2.115,17.0,-2.215,2.086,4.996,6.3,0.850,4.973,26.484,18.1,6.906,26.438,98.125,-23.5,-3.379,98.125,-1.211,-11.7,1.803,-1.187,-8.289,5.1,-2.109,-8.289,-43.031,-5.7,-9.508,-43.031,-100.812,38.0,4.340,-100.875,0.000,0.0,0.000,0.000,0.000,0.0,0.000,0.000
1.5061,2.141,15.3,-1.989,2.115,5.004,6.3,1.146,4.996,26.531,22.7,7.008,26.484,98.000,-32.2,-3.494,98.125,-1.230,-10.7,1.601,-1.211,-8.266,10.4,-2.051,-8.289,-43.031,-0.2,-9.492,-43.031,-100.750,40.1,4.250,-100.812,0.000,0.0,0.000,0.000,0.000,0.0,0.000,0.000
1.5078,2.166,13.9,-2.020,2.141,5.020,7.8,1.104,5.004,26.594,26.1,7.168,26.531,97.938,-35.2,-3.402,98.000,-1.259,-13.0,1.675,-1.230,-8.266,5.9,-1.828,-8.266,-43.031,0.9,-9.406,-43.031,-100.625,42.8,3.949,-100.750,0.000,0.0,0.000,0.000,0.000,0.0,0.000,0.000
1.5098,2.182,10.1,-1.652,2.166,5.039,9.0,1.031,5.020,26.641,25.2,7.586,26.594,97.875,-39.0,-3.672,97.938,-1.283,-12.0,1.667,-1.259,-8.250,7.2,-1.680,-8.266,-43.031,3.1,-8.828,-43.031,-100.562,36.4,3.719,-100.625,0.000,0.0,0.000,0.000,0.000,0.0,0.000,0.000
1.5118,2.199,9.4,-1.775,2.182,5.062,9.0,1.081,5.039,26.688,28.8,7.668,26.641,97.812,-41.4,-3.594,97.875,-1.318,-14.3,1.847,-1.283,-8.234,8.4,-1.495,-8.250,-43.000,5.3,-8.562,-43.031,-100.500,36.0,3.678,-100.562,0.000,0.0,0.000,0.000,0.000,0.0,0.000,0.000
1.5138,2.219,9.0,-1.781,2.199,5.086,10.1,1.134,5.062,26.750,29.8,7.457,26.688,97.688,-51.2,-3.475,97.812,-1.350,-13.4,2.053,-1.318,-8.211,10.7,-1.581,-8.234,-43.000,9.1,-9.055,-43.000,-100.438,32.4,3.840,-100.500,0.000,0.0,0.000,0.000,0.000,0.0,0.000,0.000
1.5158,2.225,4.4,-1.790,2.219,5.121,14.3,1.333,5.086,26.812,28.3,9.102,26.750,97.562,-56.2,-4.469,97.688,-1.391,-17.3,1.990,-1.350,-8.203,7.2,-0.759,-8.211,-42.969,11.3,-7.727,-43.000,-100.438,26.2,2.951,-100.438,0.000,0.0,0.000,0.000,0.000,0.0,0.000,0.000
1.5178,2.254,10.1,-2.344,2.225,5.160,17.7,1.938,5.121,26.859,27.3,10.133,26.812,97.438,-55.0,-4.633,97.562,-1.418,-14.1,2.391,-1.391,-8.172,10.8,0.053,-8.203,-42.969,9.0,-7.047,-42.969,-100.375,21.0,2.275,-100.438,0.000,0.0,0.000,0.000,0.000,0.0,0.000,0.000
1.5198,2.266,8.1,-3.381,2.254,5.203,20.6,2.934,5.160,26.922,28.3,10.680,26.859,97.312,-59.2,-4.871,97.438,-1.450,-13.2,2.352,-1.418,-8.156,8.6,0.625,-8.172,-42.906,13.3,-6.781,-42.969,-100.375,8.8,1.823,-100.375,0.000,0.0,0.000,0.000,0.000,0.0,0.000,0.000
1.5218,2.271,4.7,-3.635,2.266,5.258,24.5,2.861,5.203,26.984,29.7,11.852,26.922,97.188,-67.1,-5.191,97.312,-1.475,-12.0,5.699,-1.450,-8.125,14.4,0.761,-8.156,-42.875,19.5,-5.641,-42.906,-100.375,1.1,1.114,-100.375,0.000,0.0,0.000,0.000,0.000,0.0,0.000,0.000
1.5238,2.266,-1.0,-7.895,2.271,5.340,34.3,2.760,5.258,27.062,33.7,12.250,26.984,97.000,-75.4,-5.496,97.188,-1.456,4.8,5.988,-1.475,-8.078,18.9,0.527,-8.125,-42.812,26.8,-5.305,-42.875,-100.438,-11.8,0.522,-100.375,0.000,0.0,0.000,0.000,0.000,0.0,0.000,0.000
1.5258,2.234,-11.5,-7.883,2.266,5.434,40.9,2.426,5.340,27.141,38.2,12.047,27.062,96.875,-78.1,-4.926,97.000,-1.446,7.7,4.672,-1.456,-8.031,21.5,0.324,-8.078,-42.750,31.2,-5.609,-42.812,-100.500,-22.0,0.633,-100.438,0.000,0.0,0.000,0.000,0.000,0.0,0.000,0.000
1.5280,2.150,-27.9,-6.211,2.234,5.551,39.6,2.660,5.434,27.281,45.9,11.648,27.141,96.625,-83.0,-3.627,96.875,-1.384,19.6,3.588,-1.446,-7.980,18.9,0.235,-8.031,-42.656,34.2,-5.996,-42.750,-100.625,-39.0,0.912,-100.500,0.000,0.0,0.000,0.000,0.000,0.0,0.000,0.000
1.5302,2.119,-29.5,-5.891,2.150,5.586,37.7,2.984,5.551,27.328,43.7,11.578,27.281,96.500,-82.4,-3.445,96.625,-1.362,21.2,3.455,-1.384,-7.965,18.2,0.214,-7.980,-42.594,38.5,-6.098,-42.656,-100.625,-41.1,0.913,-100.625,0.000,0.0,0.000,0.000,0.000,0.0,0.000,0.000
1.5329,2.033,-28.6,-5.770,2.119,5.641,21.8,4.020,5.586,27.469,47.8,11.648,27.328,96.250,-81.1,-2.709,96.500,-1.293,23.7,3.273,-1.362,-7.906,19.0,-0.061,-7.965,-42.469,36.8,-6.484,-42.594,-100.812,-54.1,1.246,-100.625,0.000,0.0,0.000,0.000,0.000,0.0,0.000,0.000
1.5345,1.974,-29.5,-5.742,2.033,5.656,11.9,5.016,5.641,27.547,42.3,11.500,27.469,96.125,-75.4,-1.199,96.250,-1.243,25.2,3.197,-1.293,-7.891,11.6,-0.161,-7.906,-42.406,33.4,-6.496,-42.469,-100.938,-65.2,1.223,-100.812,0.000,0.0,0.000,0.000,0.000,0.0,0.000,0.000
1.5358,1.949,-29.4,-6.078,1.974,5.656,6.8,5.488,5.656,27.578,41.3,11.664,27.547,96.062,-68.2,-0.515,96.125,-1.224,23.8,3.408,-1.243,-7.875,12.3,-0.148,-7.891,-42.375,33.5,-6.348,-42.406,-101.062,-66.6,1.243,-100.938,0.000,0.0,0.000,0.000,0.000,0.0,0.000,0.000
1.5378,1.921,-20.8,-6.824,1.949,5.656,3.9,6.043,5.656,27.656,38.2,11.781,27.578,95.938,-55.6,-0.483,96.062,-1.180,22.4,2.898,-1.224,-7.855,11.7,0.070,-7.875,-42.312,31.1,-6.297,-42.375,-101.188,-69.9,1.429,-101.062,0.000,0.0,0.000,0.000,0.000,0.0,0.000,0.000
1.5398,1.890,-18.5,-6.949,1.921,5.668,5.1,6.836,5.656,27.719,30.7,11.984,27.656,95.875,-41.4,0.698,95.938,-1.136,22.5,2.910,-1.180,-7.824,15.4,0.082,-7.855,-42.281,21.3,-6.059,-42.312,-101.312,-70.5,1.554,-101.188,0.000,0.0,0.000,0.000,0.000,0.0,0.000,0.000
1.5418,1.864,-14.1,-7.031,1.890,5.672,4.3,6.836,5.668,27.766,27.7,12.055,27.719,95.875,-19.7,0.375,95.875,-1.102,19.7,3.285,-1.136,-7.805,13.2,0.266,-7.824,-42.250,21.4,-5.902,-42.281,-101.438,-74.4,1.575,-101.312,0.000,0.0,0.000,0.000,0.000,0.0,0.000,0.000
1.5438,1.823,-17.4,-6.977,1.864,5.699,9.3,7.387,5.672,27.812,23.1,11.719,27.766,95.875,2.5,0.843,95.875,-1.058,21.7,3.201,-1.102,-7.785,12.8,0.872,-7.805,-42.219,13.6,-5.312,-42.250,-101.625,-72.9,1.870,-101.438,0.000,0.0,0.000,0.000,0.000,0.0,0.000,0.000
1.5458,1.792,-18.0,-6.832,1.823,5.723,11.2,7.414,5.699,27.828,13.7,11.305,27.812,95.938,19.2,0.106,95.875,-1.026,19.0,3.312,-1.058,-7.762,14.2,1.259,-7.785,-42.219,12.4,-4.586,-42.219,-101.750,-70.3,2.359,-101.625,0.000,0.0,0.000,0.000,0.000,0.0,0.000,0.000
1.5478,1.767,-14.2,-6.582,1.792,5.762,16.1,6.910,5.723,27.844,9.3,11.445,27.828,96.062,33.2,-1.122,95.938,-1.001,16.1,3.611,-1.026,-7.746,11.4,1.494,-7.762,-42.219,5.3,-4.020,-42.219,-101.875,-70.3,2.336,-101.750,0.000,0.0,0.000,0.000,0.000,0.0,0.000,0.000
1.5498,1.723,-17.3,-6.352,1.767,5.781,13.0,6.676,5.762,27.828,-0.6,11.203,27.844,96.125,43.8,-2.586,96.062,-0.970,15.3,3.592,-1.001,-7.734,7.2,1.695,-7.746,-42.188,4.9,-3.506,-42.219,-102.000,-67.6,2.541,-101.875,0.000,0.0,0.000,0.000,0.000,0.0,0.000,0.000
1.5518,1.670,-22.9,-6.180,1.723,5.777,4.3,6.328,5.781,27.828,-4.1,11.000,27.828,96.250,49.5,-3.375,96.125,-0.954,10.1,3.520,-0.970,-7.730,3.2,1.911,-7.734,-42.188,8.3,-2.879,-42.188,-102.125,-64.2,2.863,-102.000,0.000,0.0,0.000,0.000,0.000,0.0,0.000,0.000
1.5540,1.616,-18.7,-5.719,1.670,5.770,-1.8,5.965,5.777,27.797,-5.0,10.867,27.828,96.375,47.8,-4.758,96.250,-0.913,14.3,3.160,-0.954,-7.746,-3.2,2.180,-7.730,-42.156,6.7,-2.396,-42.188,-102.312,-52.3,2.717,-102.125,0.000,0.0,0.000,0.000,0.000,0.0,0.000,0.000
1.5561,1.598,-18.6,-5.996,1.616,5.754,-6.2,5.531,5.770,27.781,-11.7,10.680,27.797,96.438,47.0,-5.977,96.375,-0.917,8.9,3.344,-0.913,-7.750,-4.4,2.217,-7.746,-42.156,8.5,-2.344,-42.156,-102.312,-46.1,2.727,-102.312,0.000,0.0,0.000,0.000,0.000,0.0,0.000,0.000
1.5579,1.566,-16.6,-5.117,1.598,5.738,-9.4,4.922,5.754,27.750,-10.4,7.598,27.781,96.500,37.0,-4.566,96.438,-0.926,0.2,-0.456,-0.917,-7.773,-8.8,0.617,-7.750,-42.156,5.3,-5.242,-42.156,-102.438,-44.8,3.191,-102.312,0.000,0.0,0.000,0.000,0.000,0.0,0.000,0.000
1.5599,1.569,-2.7,0.364,1.566,5.734,-5.9,3.002,5.738,27.719,-13.5,7.602,27.750,96.562,38.2,-3.555,96.500,-0.957,-10.7,0.031,-0.926,-7.805,-13.6,0.410,-7.773,-42.156,0.3,-5.262,-42.156,-102.438,-34.5,3.174,-102.438,0.000,0.0,0.000,0.000,0.000,0.0,0.000,0.000
1.5618,1.591,9.1,-0.272,1.569,5.711,-8.6,2.695,5.734,27.656,-26.0,6.898,27.719,96.625,29.1,-2.912,96.562,-1.011,-20.7,1.341,-0.957,-7.844,-18.0,-0.118,-7.805,-42.188,-10.4,-5.648,-42.156,-102.500,-22.0,3.471,-102.438,0.000,0.0,0.000,0.000,0.000,0.0,0.000,0.000
1.5638,1.635,18.3,-1.250,1.591,5.680,-13.2,2.002,5.711,27.609,-25.7,6.566,27.656,96.688,26.6,-2.553,96.625,-1.067,-24.0,2.521,-1.011,-7.883,-17.9,-0.811,-7.844,-42.219,-18.4,-6.699,-42.188,-102.500,-14.5,3.926,-102.500,0.000,0.0,0.000,0.000,0.000,0.0,0.000,0.000
1.5658,1.688,26.0,-1.537,1.635,5.641,-18.6,1.464,5.680,27.531,-34.8,6.203,27.609,96.750,27.7,-2.109,96.688,-1.136,-29.7,3.203,-1.067,-7.926,-19.1,-1.388,-7.883,-42.312,-29.1,-6.805,-42.219,-102.500,-2.7,4.012,-102.500,0.000,0.0,0.000,0.000,0.000,0.0,0.000,0.000
1.5678,1.726,21.8,-1.897,1.688,5.602,-19.7,1.320,5.641,27.438,-38.2,7.105,27.531,96.750,22.4,-2.375,96.750,-1.192,-27.6,3.113,-1.136,-7.984,-23.6,-1.296,-7.926,-42.406,-40.7,-6.504,-42.312,-102.500,8.9,3.926,-102.500,0.000,0.0,0.000,0.000,0.000,0.0,0.000,0.000
1.5698,1.782,25.5,-2.236,1.726,5.562,-21.1,0.827,5.602,27.375,-38.3,5.824,27.438,96.812,25.6,-1.872,96.750,-1.252,-28.5,3.605,-1.192,-8.047,-30.1,-1.866,-7.984,-42.500,-48.4,-7.734,-42.406,-102.438,21.3,4.492,-102.500,0.000,0.0,0.000,0.000,0.000,0.0,0.000,0.000
1.5718,1.813,20.1,-1.873,1.782,5.531,-15.5,-0.124,5.562,27.281,-45.0,4.938,27.375,96.875,25.3,-1.304,96.812,-1.283,-18.5,9.141,-1.252,-8.109,-31.1,-2.564,-8.047,-42.625,-55.9,-9.188,-42.500,-102.375,30.6,5.344,-102.438,0.000,0.0,0.000,0.000,0.000,0.0,0.000,0.000
1.5738,1.852,19.3,-6.387,1.813,5.484,-19.4,-0.835,5.531,27.188,-46.5,5.066,27.281,96.938,26.5,-0.642,96.875,-1.283,-7.1,9.406,-1.283,-8.203,-40.2,-2.803,-8.109,-42.781,-66.5,-9.164,-42.625,-102.312,39.6,5.070,-102.375,0.000,0.0,0.000,0.000,0.000,0.0,0.000,0.000
1.5758,1.842,4.1,-7.184,1.852,5.445,-19.6,-0.771,5.484,27.094,-45.3,5.336,27.188,97.000,30.3,-0.498,96.938,-1.208,20.7,8.094,-1.283,-8.297,-47.6,-2.012,-8.203,-42.938,-72.3,-8.977,-42.781,-102.188,47.2,3.225,-102.312,0.000,0.0,0.000,0.000,0.000,0.0,0.000,0.000
1.5778,1.817,-6.8,-6.656,1.842,5.391,-23.5,-0.218,5.445,26.984,-49.1,6.156,27.094,97.062,31.5,-0.467,97.000,-1.123,36.0,6.711,-1.208,-8.398,-48.6,-2.205,-8.297,-43.094,-84.6,-9.047,-42.938,-102.062,54.8,2.170,-102.188,0.000,0.0,0.000,0.000,0.000,0.0,0.000,0.000
1.5798,1.785,-12.4,-6.289,1.817,5.340,-26.2,0.027,5.391,26.891,-47.8,6.492,26.984,97.188,40.6,-0.433,97.062,-1.032,42.2,5.363,-1.123,-8.492,-48.7,-3.184,-8.398,-43.281,-78.6,-8.859,-43.094,-101.938,55.5,1.113,-102.062,0.000,0.0,0.000,0.000,0.000,0.0,0.000,0.000
1.5818,1.723,-19.3,-5.445,1.785,5.281,-22.6,0.000,5.340,26.781,-37.0,6.734,26.891,97.312,45.5,-0.453,97.188,-0.860,54.2,4.516,-1.032,-8.562,-28.2,-4.945,-8.492,-43.500,-75.1,-9.438,-43.281,-101.812,42.7,0.008,-101.938,0.000,0.0,0.000,0.000,0.000,0.0,0.000,0.000
1.5849,1.701,-13.6,-5.535,1.723,5.250,-17.5,-0.062,5.281,26.703,-35.3,6.348,26.781,97.438,49.2,-0.517,97.312,-0.753,52.9,3.428,-0.860,-8.586,-18.7,-5.930,-8.562,-43.656,-70.6,-9.766,-43.500,-101.750,34.6,-0.790,-101.812,0.000,0.0,0.000,0.000,0.000,0.0,0.000,0.000
1.5871,1.663,-13.6,-5.102,1.701,5.195,-19.3,-0.009,5.250,26.672,-18.7,6.031,26.703,97.562,54.3,-0.602,97.438,-0.600,49.5,3.031,-0.753,-8.594,-4.8,-6.602,-8.586,-43.812,-61.0,-10.633,-43.656,-101.750,15.7,-0.574,-101.750,0.000,0.0,0.000,0.000,0.000,0.0,0.000,0.000
1.5893,1.650,-10.8,-5.301,1.663,5.164,-18.8,0.003,5.195,26.656,-9.0,5.168,26.672,97.688,56.5,-0.642,97.562,-0.512,46.3,3.322,-0.600,-8.625,-8.6,-6.344,-8.594,-43.906,-52.8,-11.062,-43.812,-101.750,3.4,-0.291,-101.750,0.000,0.0,0.000,0.000,0.000,0.0,0.000,0.000
1.5914,1.642,-7.1,-4.598,1.650,5.137,-15.8,0.081,5.164,26.656,-5.1,4.547,26.656,97.812,56.8,-0.879,97.688,-0.446,36.5,3.268,-0.512,-8.664,-16.2,-6.277,-8.625,-43.969,-37.8,-11.148,-43.906,-101.750,-8.2,-0.032,-101.750,0.000,0.0,0.000,0.000,0.000,0.0,0.000,0.000
1.5929,1.635,-6.8,-4.902,1.642,5.133,-11.4,-0.152,5.137,26.656,-2.4,4.340,26.656,97.875,55.3,-1.050,97.812,-0.408,36.6,3.602,-0.446,-8.680,-17.2,-5.961,-8.664,-44.031,-41.2,-11.195,-43.969,-101.750,-15.0,0.033,-101.750,0.000,0.0,0.000,0.000,0.000,0.0,0.000,0.000
1.5942,1.610,-11.4,-4.371,1.635,5.105,-11.5,-0.255,5.133,26.656,-2.4,3.846,26.656,98.000,54.2,-1.328,97.875,-0.361,28.6,4.512,-0.408,-8.719,-19.0,-5.781,-8.680,-44.062,-29.2,-11.422,-44.031,-101.812,-22.9,0.531,-101.750,0.000,0.0,0.000,0.000,0.000,0.0,0.000,0.000
1.5958,1.606,-9.7,-4.594,1.610,5.094,-11.5,-0.380,5.105,26.656,2.4,3.738,26.656,98.062,53.7,-1.332,98.000,-0.342,24.5,4.707,-0.361,-8.742,-19.5,-5.672,-8.719,-44.062,-19.2,-11.781,-44.062,-101.875,-26.0,0.812,-101.812,0.000,0.0,0.000,0.000,0.000,0.0,0.000,0.000
1.5978,1.588,-8.6,-4.047,1.606,5.062,-14.3,-0.558,5.094,26.656,-1.7,2.992,26.656,98.188,58.2,-1.587,98.062,-0.292,25.1,4.734,-0.342,-8.781,-17.4,-4.902,-8.742,-44.094,-10.8,-11.492,-44.062,-101.938,-30.8,2.912,-101.875,0.000,0.0,0.000,0.000,0.000,0.0,0.000,0.000
1.5998,1.569,-7.9,-3.943,1.588,5.047,-9.9,-0.813,5.062,26.641,-7.2,2.453,26.656,98.250,55.1,-2.076,98.188,-0.267,17.0,4.832,-0.292,-8.828,-19.4,-4.367,-8.781,-44.094,-5.6,-11.438,-44.094,-102.000,-30.5,5.188,-101.938,0.000,0.0,0.000,0.000,0.000,0.0,0.000,0.000
1.6018,1.538,-12.7,-3.664,1.569,5.016,-12.5,-0.973,5.047,26.609,-10.0,3.090,26.641,98.375,50.3,-2.115,98.250,-0.229,18.5,3.752,-0.267,-8.836,-10.6,-4.539,-8.828,-44.094,0.4,-11.477,-44.094,-102.062,-24.5,5.895,-102.000,0.000,0.0,0.000,0.000,0.000,0.0,0.000,0.000
1.6038,1.531,-6.7,-2.133,1.538,4.988,-12.6,-0.545,5.016,26.594,-9.3,5.535,26.609,98.438,44.9,-2.609,98.375,-0.220,10.4,-0.044,-0.229,-8.828,-1.5,-3.693,-8.836,-44.062,9.7,-9.250,-44.094,-102.062,-15.1,4.633,-102.062,0.000,0.0,0.000,0.000,0.000,0.0,0.000,0.000
1.6058,1.547,2.2,0.644,1.531,4.941,-18.2,1.124,4.988,26.578,-8.0,5.328,26.594,98.500,35.2,-3.008,98.438,-0.257,-8.7,-0.141,-0.220,-8.828,-0.1,-3.076,-8.828,-44.031,10.5,-9.117,-44.062,-102.062,-3.7,4.102,-102.062,0.000,0.0,0.000,0.000,0.000,0.0,0.000,0.000
1.6078,1.622,20.1,-0.612,1.547,4.930,-6.7,0.872,4.941,26.578,0.4,4.957,26.578,98.562,21.9,-2.789,98.500,-0.352,-28.3,1.904,-0.257,-8.805,6.0,-3.088,-8.828,-43.969,14.4,-9.188,-44.031,-102.000,8.7,3.891,-102.062,0.000,0.0,0.000,0.000,0.000,0.0,0.000,0.000
1.6098,1.686,26.2,-1.542,1.622,4.938,1.0,0.497,4.930,26.594,5.4,4.742,26.578,98.562,12.7,-2.609,98.562,-0.442,-39.9,2.977,-0.352,-8.797,4.3,-3.135,-8.805,-43.938,16.2,-9.398,-43.969,-102.000,8.4,3.873,-102.000,0.000,0.0,0.000,0.000,0.000,0.0,0.000,0.000
1.6118,1.754,30.4,-1.981,1.686,4.965,8.1,0.118,4.938,26.625,10.0,4.992,26.594,98.562,5.9,-2.621,98.562,-0.527,-40.7,3.904,-0.442,-8.789,4.2,-2.740,-8.797,-43.906,15.6,-9.195,-43.938,-102.000,14.0,3.932,-102.000,0.000,0.0,0.000,0.000,0.000,0.0,0.000,0.000
1.6140,1.817,31.1,-1.946,1.754,4.988,9.5,-0.214,4.965,26.641,11.0,4.750,26.625,98.562,-2.6,-2.445,98.562,-0.631,-45.8,3.814,-0.527,-8.781,4.9,-2.938,-8.789,-43.906,8.6,-9.883,-43.906,-101.938,19.1,4.453,-102.000,0.000,0.0,0.000,0.000,0.000,0.0,0.000,0.000
1.6163,1.864,25.9,-2.016,1.817,5.020,13.2,-0.338,4.988,26.688,17.2,5.910,26.641,98.562,-8.6,-2.352,98.562,-0.722,-46.8,4.020,-0.631,-8.773,7.2,-2.846,-8.781,-43.875,7.6,-9.211,-43.906,-101.875,25.6,4.543,-101.938,0.000,0.0,0.000,0.000,0.000,0.0,0.000,0.000
1.6181,1.914,26.3,-2.236,1.864,5.027,7.1,0.084,5.020,26.734,20.5,6.766,26.688,98.500,-16.0,-2.990,98.562,-0.800,-42.4,4.504,-0.722,-8.773,4.2,-2.387,-8.773,-43.875,7.5,-8.281,-43.875,-101.812,26.0,4.559,-101.875,0.000,0.0,0.000,0.000,0.000,0.0,0.000,0.000
1.6198,1.955,23.5,-2.953,1.914,5.062,12.2,0.742,5.027,26.781,25.0,7.176,26.734,98.438,-18.4,-3.482,98.500,-0.869,-36.5,4.277,-0.800,-8.758,6.9,-1.881,-8.773,-43.875,0.5,-8.203,-43.875,-101.750,25.5,4.223,-101.812,0.000,0.0,0.000,0.000,0.000,0.0,0.000,0.000
1.6218,1.980,16.3,-3.023,1.955,5.078,10.0,1.198,5.062,26.859,38.2,7.027,26.781,98.375,-29.9,-3.666,98.438,-0.929,-30.9,3.947,-0.869,-8.742,6.6,-1.769,-8.758,-43.875,-1.1,-8.016,-43.875,-101.688,28.1,4.359,-101.750,0.000,0.0,0.000,0.000,0.000,0.0,0.000,0.000
1.6238,1.999,17.1,-2.785,1.980,5.102,16.2,1.158,5.078,26.875,28.6,6.742,26.859,98.312,-32.8,-3.598,98.375,-0.960,-30.7,3.682,-0.929,-8.719,14.5,-2.004,-8.742,-43.875,3.7,-8.719,-43.875,-101.688,27.4,4.551,-101.688,0.000,0.0,0.000,0.000,0.000,0.0,0.000,0.000
1.6258,2.031,17.0,-2.684,1.999,5.121,11.9,1.004,5.102,26.953,35.8,7.070,26.875,98.250,-37.5,-4.012,98.312,-1.004,-25.7,3.309,-0.960,-8.695,13.4,-2.006,-8.719,-43.875,-2.2,-8.664,-43.875,-101.625,31.8,4.957,-101.688,0.000,0.0,0.000,0.000,0.000,0.0,0.000,0.000
1.6278,2.062,15.8,-3.016,2.031,5.156,14.3,1.014,5.121,27.031,36.7,7.859,26.953,98.188,-41.9,-4.348,98.250,-1.048,-24.8,2.865,-1.004,-8.672,11.3,-1.861,-8.695,-43.906,-4.8,-7.902,-43.875,-101.562,32.8,4.379,-101.625,0.000,0.0,0.000,0.000,0.000,0.0,0.000,0.000
1.6298,2.119,19.2,-3.176,2.062,5.211,16.7,1.765,5.156,27.156,43.0,9.602,27.031,98.000,-54.8,-5.484,98.188,-1.102,-21.2,2.434,-1.048,-8.633,15.5,-0.572,-8.672,-43.875,0.3,-6.613,-43.906,-101.438,39.7,2.621,-101.562,0.000,0.0,0.000,0.000,0.000,0.0,0.000,0.000
1.6318,2.121,13.1,-3.914,2.119,5.227,18.0,2.740,5.211,27.203,43.3,9.195,27.156,97.938,-57.9,-5.406,98.000,-1.114,-18.8,2.238,-1.102,-8.617,14.7,-0.343,-8.633,-43.875,2.1,-6.504,-43.875,-101.375,39.0,2.543,-101.438,0.000,0.0,0.000,0.000,0.000,0.0,0.000,0.000
1.6338,2.146,6.3,-3.422,2.121,5.324,30.1,2.350,5.227,27.359,50.9,9.125,27.203,97.688,-71.9,-5.129,97.938,-1.164,-18.6,2.160,-1.114,-8.570,16.9,-0.178,-8.617,-43.844,9.7,-6.746,-43.875,-101.250,34.3,2.416,-101.375,0.000,0.0,0.000,0.000,0.000,0.0,0.000,0.000
1.6358,2.166,6.3,-3.357,2.146,5.395,35.2,2.305,5.324,27.469,51.8,9.539,27.359,97.500,-82.8,-5.184,97.688,-1.192,-16.2,2.125,-1.164,-8.523,19.2,-0.063,-8.570,-43.844,11.0,-6.863,-43.844,-101.250,29.5,2.160,-101.250,0.000,0.0,0.000,0.000,0.000,0.0,0.000,0.000
1.6378,2.166,3.3,-2.881,2.166,5.469,36.4,2.102,5.395,27.578,54.3,11.102,27.469,97.375,-84.4,-5.051,97.500,-1.224,-15.6,2.234,-1.192,-8.477,22.8,0.066,-8.523,-43.812,13.6,-5.688,-43.844,-101.188,15.5,1.777,-101.250,0.000,0.0,0.000,0.000,0.000,0.0,0.000,0.000
1.6399,2.158,-0.3,-6.090,2.166,5.574,46.2,2.705,5.469,27.688,58.4,12.086,27.578,97.125,-97.3,-6.008,97.375,-1.249,-12.3,6.430,-1.224,-8.430,23.7,0.387,-8.477,-43.750,18.3,-4.711,-43.812,-101.188,9.2,0.054,-101.188,0.000,0.0,0.000,0.000,0.000,0.0,0.000,0.000
1.6421,2.137,-6.2,-7.637,2.158,5.668,46.4,2.328,5.574,27.812,58.2,12.406,27.688,96.938,-104.2,-4.633,97.125,-1.246,-3.2,6.051,-1.249,-8.398,20.6,0.071,-8.430,-43.719,20.0,-4.875,-43.750,-101.188,-1.3,-0.135,-101.188,0.000,0.0,0.000,0.000,0.000,0.0,0.000,0.000
1.6443,2.070,-22.8,-7.488,2.137,5.750,42.8,2.918,5.668,27.938,62.8,12.750,27.812,96.688,-108.2,-4.016,96.938,-1.224,5.9,4.941,-1.246,-8.359,18.6,-0.227,-8.398,-43.656,26.2,-5.406,-43.719,-101.250,-19.2,0.127,-101.188,0.000,0.0,0.000,0.000,0.000,0.0,0.000,0.000
1.6464,1.965,-34.3,-6.355,2.070,5.812,23.3,4.254,5.750,28.094,53.0,12.211,27.938,96.375,-106.1,-2.580,96.688,-1.161,17.2,3.885,-1.224,-8.320,13.7,-0.135,-8.359,-43.562,32.6,-5.801,-43.656,-101.375,-29.8,0.586,-101.250,0.000,0.0,0.000,0.000,0.000,0.0,0.000,0.000
1.6484,1.890,-38.9,-6.215,1.965,5.824,11.8,5.234,5.812,28.203,53.0,12.961,28.094,96.250,-93.8,-1.634,96.375,-1.111,21.2,3.420,-1.161,-8.312,6.9,-0.231,-8.320,-43.500,31.9,-6.086,-43.562,-101.438,-40.8,0.744,-101.375,0.000,0.0,0.000,0.000,0.000,0.0,0.000,0.000
1.6498,1.870,-31.6,-6.387,1.890,5.828,8.7,5.777,5.824,28.266,53.4,13.133,28.203,96.125,-92.8,-1.820,96.250,-1.089,20.8,3.314,-1.111,-8.297,8.2,-0.118,-8.312,-43.469,32.8,-6.125,-43.500,-101.500,-42.8,0.856,-101.438,0.000,0.0,0.000,0.000,0.000,0.0,0.000,0.000
1.6518,1.820,-28.2,-7.023,1.870,5.820,1.6,6.324,5.828,28.344,46.0,13.375,28.266,96.000,-81.7,-1.062,96.125,-1.045,19.8,3.217,-1.089,-8.281,6.3,-0.005,-8.297,-43.406,31.5,-6.324,-43.469,-101.625,-50.9,0.944,-101.500,0.000,0.0,0.000,0.000,0.000,0.0,0.000,0.000
1.6538,1.785,-22.2,-7.391,1.820,5.820,2.6,7.172,5.820,28.438,46.2,12.867,28.344,95.875,-68.6,0.144,96.000,-0.982,25.9,3.057,-1.045,-8.281,2.1,0.135,-8.281,-43.344,32.7,-6.520,-43.406,-101.750,-58.7,1.024,-101.625,0.000,0.0,0.000,0.000,0.000,0.0,0.000,0.000
1.6558,1.764,-14.2,-7.262,1.785,5.816,-0.3,7.520,5.820,28.516,39.2,11.891,28.438,95.750,-47.9,0.610,95.875,-0.926,29.3,2.619,-0.982,-8.273,2.5,0.693,-8.281,-43.281,26.1,-5.797,-43.344,-101.875,-62.3,1.166,-101.750,0.000,0.0,0.000,0.000,0.000,0.0,0.000,0.000
1.6578,1.720,-17.4,-6.625,1.764,5.844,6.7,8.055,5.816,28.578,33.2,12.148,28.516,95.750,-29.4,0.117,95.750,-0.885,26.4,2.756,-0.926,-8.266,1.6,1.229,-8.273,-43.250,25.0,-5.531,-43.281,-102.000,-67.2,1.427,-101.875,0.000,0.0,0.000,0.000,0.000,0.0,0.000,0.000
1.6598,1.688,-16.3,-7.117,1.720,5.875,12.0,7.770,5.844,28.625,28.7,11.648,28.578,95.750,-5.0,-0.709,95.750,-0.851,22.3,3.193,-0.885,-8.258,1.8,1.519,-8.266,-43.188,23.5,-4.949,-43.250,-102.125,-69.8,1.859,-102.000,0.000,0.0,0.000,0.000,0.000,0.0,0.000,0.000
1.6618,1.657,-15.8,-7.191,1.688,5.914,17.5,7.730,5.875,28.672,23.7,11.328,28.625,95.750,6.9,-1.104,95.750,-0.829,15.3,3.322,-0.851,-8.219,12.9,1.632,-8.258,-43.188,15.6,-4.637,-43.188,-102.250,-68.6,2.164,-102.125,0.000,0.0,0.000,0.000,0.000,0.0,0.000,0.000
1.6638,1.622,-16.9,-7.188,1.657,5.945,17.0,7.465,5.914,28.688,12.6,11.102,28.672,95.875,25.3,-2.602,95.750,-0.800,13.6,3.402,-0.829,-8.203,9.2,1.730,-8.219,-43.156,17.6,-4.027,-43.188,-102.375,-61.2,2.350,-102.250,0.000,0.0,0.000,0.000,0.000,0.0,0.000,0.000
1.6658,1.594,-15.2,-6.699,1.622,5.961,12.9,7.289,5.945,28.688,5.3,11.125,28.688,95.938,36.7,-3.605,95.875,-0.781,10.0,3.773,-0.800,-8.188,9.1,1.833,-8.203,-43.125,12.3,-3.502,-43.156,-102.500,-61.1,2.549,-102.375,0.000,0.0,0.000,0.000,0.000,0.0,0.000,0.000
1.6681,1.560,-18.0,-7.055,1.594,5.977,10.1,7.230,5.961,28.688,1.6,10.977,28.688,96.000,38.6,-5.008,95.938,-0.759,10.0,3.938,-0.781,-8.156,11.9,2.158,-8.188,-43.094,13.9,-2.828,-43.125,-102.625,-61.8,2.814,-102.500,0.000,0.0,0.000,0.000,0.000,0.0,0.000,0.000
1.6704,1.538,-10.9,-7.652,1.560,5.977,0.9,6.434,5.977,28.656,-6.0,11.648,28.688,96.125,38.4,-6.324,96.000,-0.734,10.1,4.504,-0.759,-8.148,4.9,2.590,-8.156,-43.062,9.4,-2.295,-43.094,-102.750,-49.3,2.705,-102.625,0.000,0.0,0.000,0.000,0.000,0.0,0.000,0.000
1.6726,1.513,-11.3,-6.812,1.538,5.973,-3.1,5.793,5.977,28.625,-11.8,9.703,28.656,96.188,34.8,-5.602,96.125,-0.734,4.1,-0.907,-0.734,-8.164,-3.2,1.635,-8.148,-43.062,6.5,-3.557,-43.062,-102.875,-43.2,3.361,-102.750,0.000,0.0,0.000,0.000,0.000,0.0,0.000,0.000
1.6746,1.500,-8.8,-0.479,1.513,5.961,-6.4,4.293,5.973,28.594,-16.4,8.062,28.625,96.250,25.6,-4.254,96.188,-0.763,-8.2,-0.624,-0.734,-8.172,-5.1,0.771,-8.164,-43.062,0.9,-4.734,-43.062,-102.938,-35.2,3.729,-102.875,0.000,0.0,0.000,0.000,0.000,0.0,0.000,0.000
1.6762,1.516,0.4,-0.076,1.500,5.961,-5.2,3.572,5.961,28.578,-16.6,8.109,28.594,96.250,29.5,-4.246,96.250,-0.788,-15.1,-0.092,-0.763,-8.188,-9.0,0.693,-8.172,-43.094,-6.5,-4.641,-43.062,-102.938,-28.8,3.555,-102.938,0.000,0.0,0.000,0.000,0.000,0.0,0.000,0.000
1.6778,1.560,13.8,-1.133,1.516,5.930,-11.6,3.547,5.961,28.516,-27.1,7.863,28.578,96.312,23.4,-3.709,96.250,-0.857,-27.2,1.354,-0.788,-8.219,-10.0,0.430,-8.188,-43.094,-5.9,-4.469,-43.094,-103.000,-23.7,3.432,-102.938,0.000,0.0,0.000,0.000,0.000,0.0,0.000,0.000
1.6798,1.613,21.6,-1.636,1.560,5.910,-10.2,2.873,5.930,28.469,-24.1,6.785,28.516,96.375,27.1,-2.924,96.312,-0.932,-34.8,2.986,-0.857,-8.250,-14.5,-0.504,-8.219,-43.156,-23.6,-5.828,-43.094,-103.000,-9.3,3.936,-103.000,0.000,0.0,0.000,0.000,0.000,0.0,0.000,0.000
1.6818,1.657,21.8,-1.750,1.613,5.863,-17.7,1.918,5.910,28.406,-26.8,6.074,28.469,96.438,23.2,-2.652,96.375,-1.011,-36.8,3.693,-0.932,-8.289,-16.5,-1.294,-8.250,-43.219,-29.1,-7.582,-43.156,-102.938,3.8,4.516,-103.000,0.000,0.0,0.000,0.000,0.000,0.0,0.000,0.000
1.6838,1.704,22.3,-1.989,1.657,5.836,-13.9,1.236,5.863,28.328,-32.5,5.332,28.406,96.500,28.5,-2.457,96.438,-1.076,-34.8,3.689,-1.011,-8.336,-20.2,-2.055,-8.289,-43.312,-39.0,-8.484,-43.219,-102.938,10.7,4.969,-102.938,0.000,0.0,0.000,0.000,0.000,0.0,0.000,0.000
1.6858,1.738,19.0,-1.926,1.704,5.789,-20.3,-0.260,5.836,28.250,-38.4,4.922,28.328,96.562,28.3,-1.752,96.500,-1.130,-29.0,7.270,-1.076,-8.391,-23.6,-2.809,-8.336,-43.438,-54.0,-8.492,-43.312,-102.875,25.6,5.344,-102.938,0.000,0.0,0.000,0.000,0.000,0.0,0.000,0.000
1.6878,1.770,16.1,-4.184,1.738,5.750,-21.3,-0.763,5.789,28.141,-46.1,4.383,28.250,96.625,33.9,-0.854,96.562,-1.161,-18.8,11.953,-1.130,-8.461,-31.0,-3.059,-8.391,-43.562,-66.9,-9.477,-43.438,-102.750,38.3,5.012,-102.875,0.000,0.0,0.000,0.000,0.000,0.0,0.000,0.000
1.6898,1.776,7.7,-7.715,1.770,5.699,-23.5,-0.629,5.750,28.031,-52.4,5.184,28.141,96.688,45.3,-0.707,96.625,-1.123,6.1,10.031,-1.161,-8.555,-40.7,-2.592,-8.461,-43.750,-79.2,-8.750,-43.562,-102.688,48.1,3.889,-102.750,0.000,0.0,0.000,0.000,0.000,0.0,0.000,0.000
1.6918,1.751,-3.0,-6.832,1.776,5.652,-24.5,-0.506,5.699,27.922,-54.6,5.688,28.031,96.812,44.9,-0.650,96.688,-1.045,29.0,7.875,-1.123,-8.648,-45.6,-2.656,-8.555,-43.938,-88.1,-8.008,-43.750,-102.562,53.8,1.995,-102.688,0.000,0.0,0.000,0.000,0.000,0.0,0.000,0.000
1.6938,1.694,-16.9,-5.902,1.751,5.598,-27.2,-0.239,5.652,27.812,-52.9,6.191,27.922,96.938,55.3,-0.700,96.812,-0.951,41.4,6.352,-1.045,-8.758,-50.1,-2.656,-8.648,-44.156,-96.9,-8.031,-43.938,-102.438,54.7,0.605,-102.562,0.000,0.0,0.000,0.000,0.000,0.0,0.000,0.000
1.6958,1.647,-20.9,-5.891,1.694,5.559,-24.2,-0.260,5.598,27.719,-50.3,6.609,27.812,97.062,60.5,-0.885,96.938,-0.841,49.4,4.848,-0.951,-8.875,-54.2,-4.246,-8.758,-44.312,-89.6,-7.879,-44.156,-102.375,50.8,-1.108,-102.438,0.000,0.0,0.000,0.000,0.000,0.0,0.000,0.000
1.6978,1.601,-23.9,-5.465,1.647,5.516,-22.5,-0.395,5.559,27.625,-44.9,6.512,27.719,97.188,60.3,-1.101,97.062,-0.722,55.2,4.113,-0.841,-8.953,-43.3,-4.574,-8.875,-44.500,-90.2,-8.125,-44.312,-102.312,34.6,-1.000,-102.375,0.000,0.0,0.000,0.000,0.000,0.0,0.000,0.000
1.7003,1.585,-22.4,-4.910,1.601,5.484,-25.9,-0.212,5.516,27.594,-39.2,6.527,27.625,97.250,65.2,-1.053,97.188,-0.668,55.0,4.191,-0.722,-8.984,-39.6,-5.168,-8.953,-44.562,-86.2,-8.625,-44.500,-102.250,31.6,-0.917,-102.312,0.000,0.0,0.000,0.000,0.000,0.0,0.000,0.000
1.7025,1.560,-11.2,-4.988,1.585,5.422,-22.8,-0.122,5.484,27.516,-29.0,5.738,27.594,97.438,67.9,-1.361,97.250,-0.502,56.4,2.676,-0.668,-9.023,-20.5,-6.340,-8.984,-44.781,-64.9,-9.312,-44.562,-102.250,9.5,-0.349,-102.250,0.000,0.0,0.000,0.000,0.000,0.0,0.000,0.000
1.7046,1.531,-9.8,-4.500,1.560,5.359,-21.5,-0.121,5.422,27.469,-17.8,5.090,27.516,97.625,68.9,-1.526,97.438,-0.383,44.2,2.975,-0.502,-9.039,-11.0,-6.797,-9.023,-44.906,-50.6,-10.344,-44.781,-102.312,-11.0,-0.014,-102.250,0.000,0.0,0.000,0.000,0.000,0.0,0.000,0.000
1.7066,1.525,-4.9,-4.617,1.531,5.328,-17.6,-0.163,5.359,27.438,-16.5,4.602,27.469,97.812,69.3,-1.536,97.625,-0.311,40.0,4.039,-0.383,-9.062,-12.8,-6.945,-9.039,-45.000,-41.1,-10.383,-44.906,-102.312,-16.2,0.007,-102.312,0.000,0.0,0.000,0.000,0.000,0.0,0.000,0.000
1.7078,1.513,-7.9,-4.652,1.525,5.297,-23.0,-0.256,5.328,27.422,-15.2,4.586,27.438,97.875,71.4,-1.589,97.812,-0.295,30.6,3.951,-0.311,-9.078,-14.1,-6.938,-9.062,-45.031,-42.4,-10.516,-45.000,-102.375,-24.9,0.069,-102.312,0.000,0.0,0.000,0.000,0.000,0.0,0.000,0.000
1.7098,1.500,-7.0,-4.441,1.513,5.266,-19.4,-0.356,5.297,27.422,-8.5,3.914,27.422,98.000,67.5,-1.896,97.875,-0.245,27.0,4.926,-0.295,-9.148,-26.1,-6.355,-9.078,-45.062,-26.5,-11.242,-45.031,-102.438,-34.6,0.323,-102.375,0.000,0.0,0.000,0.000,0.000,0.0,0.000,0.000
1.7118,1.479,-9.4,-4.293,1.500,5.234,-15.9,-0.379,5.266,27.406,-5.9,2.889,27.422,98.125,70.4,-2.029,98.000,-0.207,22.2,5.758,-0.245,-9.195,-28.2,-5.539,-9.148,-45.094,-17.7,-10.867,-45.062,-102.500,-34.2,1.082,-102.438,0.000,0.0,0.000,0.000,0.000,0.0,0.000,0.000
1.7138,1.456,-11.3,-4.211,1.479,5.184,-22.4,-0.534,5.234,27.391,-9.6,1.824,27.406,98.250,65.8,-2.688,98.125,-0.169,21.3,5.727,-0.207,-9.242,-23.6,-4.668,-9.195,-45.094,-11.0,-10.586,-45.094,-102.625,-45.3,3.832,-102.500,0.000,0.0,0.000,0.000,0.000,0.0,0.000,0.000
1.7158,1.440,-7.7,-3.705,1.456,5.148,-21.6,-1.215,5.184,27.344,-16.4,1.983,27.391,98.375,56.0,-2.703,98.250,-0.138,18.7,5.977,-0.169,-9.281,-21.7,-4.875,-9.242,-45.094,2.8,-10.805,-45.094,-102.688,-40.5,4.562,-102.625,0.000,0.0,0.000,0.000,0.000,0.0,0.000,0.000
1.7178,1.409,-13.0,-3.602,1.440,5.121,-16.0,-0.803,5.148,27.312,-15.4,3.295,27.344,98.438,49.4,-2.607,98.375,-0.107,18.6,1.052,-0.138,-9.281,-8.8,-4.285,-9.281,-45.062,2.7,-9.906,-45.094,-102.750,-30.0,5.500,-102.688,0.000,0.0,0.000,0.000,0.000,0.0,0.000,0.000
1.7198,1.415,-4.0,-0.090,1.409,5.078,-17.3,-0.408,5.121,27.266,-19.8,3.838,27.312,98.562,45.1,-2.334,98.438,-0.122,3.3,1.273,-0.107,-9.297,-7.3,-4.539,-9.281,-45.031,12.1,-10.133,-45.062,-102.750,-20.3,5.203,-102.750,0.000,0.0,0.000,0.000,0.000,0.0,0.000,0.000
1.7219,1.456,12.4,-0.604,1.415,5.039,-18.1,-0.253,5.078,27.250,-16.0,4.680,27.266,98.625,39.4,-2.854,98.562,-0.173,-16.0,0.827,-0.122,-9.289,-0.5,-3.365,-9.297,-45.000,12.5,-8.695,-45.031,-102.750,-7.4,4.258,-102.750,0.000,0.0,0.000,0.000,0.000,0.0,0.000,0.000
1.7240,1.506,21.4,-0.592,1.456,5.043,-5.6,0.489,5.039,27.219,-12.1,5.277,27.250,98.688,29.0,-3.199,98.625,-0.232,-25.3,1.379,-0.173,-9.273,4.9,-2.842,-9.289,-44.969,16.4,-7.859,-45.000,-102.750,4.4,3.797,-102.750,0.000,0.0,0.000,0.000,0.000,0.0,0.000,0.000
1.7260,1.569,26.2,-1.355,1.506,5.066,5.7,0.293,5.043,27.234,-3.4,4.762,27.219,98.688,24.6,-2.928,98.688,-0.314,-34.5,2.396,-0.232,-9.258,6.8,-3.357,-9.273,-44.938,16.0,-9.078,-44.969,-102.688,8.5,4.180,-102.750,0.000,0.0,0.000,0.000,0.000,0.0,0.000,0.000
1.7281,1.642,31.0,-1.594,1.569,5.102,13.7,-0.130,5.066,27.250,2.2,4.211,27.234,98.750,14.3,-2.650,98.688,-0.411,-42.1,3.297,-0.314,-9.234,8.9,-3.623,-9.258,-44.938,12.5,-9.289,-44.938,-102.688,15.9,4.180,-102.688,0.000,0.0,0.000,0.000,0.000,0.0,0.000,0.000
1.7301,1.701,29.0,-1.686,1.642,5.141,17.2,-0.556,5.102,27.266,7.8,3.791,27.250,98.688,2.7,-2.373,98.750,-0.518,-49.1,4.156,-0.411,-9.211,10.1,-3.748,-9.234,-44.906,14.4,-10.086,-44.938,-102.625,22.3,4.539,-102.688,0.000,0.0,0.000,0.000,0.000,0.0,0.000,0.000
1.7318,1.754,26.5,-1.468,1.701,5.164,14.5,-0.984,5.141,27.312,13.9,4.254,27.266,98.688,-3.6,-2.400,98.688,-0.593,-40.9,4.203,-0.518,-9.211,2.5,-3.639,-9.211,-44.906,5.6,-9.883,-44.906,-102.562,29.5,5.082,-102.625,0.000,0.0,0.000,0.000,0.000,0.0,0.000,0.000
1.7338,1.805,24.9,-1.659,1.754,5.195,14.9,-0.598,5.164,27.328,15.1,5.078,27.312,98.688,-6.0,-2.658,98.688,-0.687,-43.3,4.273,-0.593,-9.195,6.9,-3.201,-9.211,-44.906,1.4,-9.484,-44.906,-102.500,33.4,5.137,-102.562,0.000,0.0,0.000,0.000,0.000,0.0,0.000,0.000
1.7358,1.849,22.8,-2.107,1.805,5.207,10.8,0.235,5.195,27.359,14.6,5.801,27.328,98.688,-11.6,-2.996,98.688,-0.759,-37.7,4.492,-0.687,-9.172,9.7,-2.984,-9.195,-44.906,-4.3,-9.359,-44.906,-102.375,41.7,5.055,-102.500,0.000,0.0,0.000,0.000,0.000,0.0,0.000,0.000
1.7378,1.893,22.5,-2.428,1.849,5.215,6.6,0.556,5.207,27.406,19.7,6.836,27.359,98.625,-22.6,-3.555,98.688,-0.832,-37.0,4.250,-0.759,-9.164,6.1,-2.697,-9.172,-44.906,-0.7,-9.062,-44.906,-102.250,47.4,5.234,-102.375,0.000,0.0,0.000,0.000,0.000,0.0,0.000,0.000
1.7398,1.930,19.9,-2.799,1.893,5.238,8.6,1.020,5.215,27.453,20.7,6.566,27.406,98.562,-27.5,-3.988,98.625,-0.873,-27.7,3.725,-0.832,-9.141,9.4,-2.814,-9.164,-44.938,-5.4,-9.891,-44.906,-102.188,49.8,5.180,-102.250,0.000,0.0,0.000,0.000,0.000,0.0,0.000,0.000
1.7418,1.971,19.1,-3.250,1.930,5.254,6.5,1.016,5.238,27.516,27.7,5.938,27.453,98.500,-35.2,-3.604,98.562,-0.917,-24.3,3.936,-0.873,-9.109,12.5,-3.291,-9.141,-44.938,-2.7,-10.750,-44.938,-102.062,56.3,5.582,-102.188,0.000,0.0,0.000,0.000,0.000,0.0,0.000,0.000
1.7438,2.016,21.2,-3.402,1.971,5.285,12.2,0.275,5.254,27.562,24.3,5.184,27.516,98.375,-36.4,-2.268,98.500,-0.941,-17.7,4.043,-0.917,-9.102,6.5,-4.352,-9.109,-44.969,-7.1,-11.664,-44.938,-101.938,59.6,6.309,-102.062,0.000,0.0,0.000,0.000,0.000,0.0,0.000,0.000
1.7458,2.049,18.6,-3.301,2.016,5.305,11.7,0.276,5.285,27.609,25.6,6.824,27.562,98.312,-43.7,-3.436,98.375,-0.963,-13.8,2.744,-0.941,-9.078,6.4,-3.264,-9.102,-44.969,-7.7,-10.320,-44.969,-101.812,66.2,5.465,-101.938,0.000,0.0,0.000,0.000,0.000,0.0,0.000,0.000
1.7478,2.084,18.3,-2.682,2.049,5.309,6.4,0.581,5.305,27.656,24.3,6.984,27.609,98.188,-44.6,-3.357,98.312,-0.979,-11.2,2.119,-0.963,-9.062,7.7,-2.982,-9.078,-45.000,-9.5,-10.469,-44.969,-101.625,73.8,5.500,-101.812,0.000,0.0,0.000,0.000,0.000,0.0,0.000,0.000
1.7502,2.111,15.8,-2.426,2.084,5.340,12.4,0.973,5.309,27.688,19.4,8.281,27.656,98.125,-47.8,-4.402,98.188,-0.985,-6.7,1.272,-0.979,-9.047,7.9,-2.316,-9.062,-45.000,-5.4,-9.602,-45.000,-101.500,75.6,4.656,-101.625,0.000,0.0,0.000,0.000,0.000,0.0,0.000,0.000
1.7525,2.158,16.2,-2.004,2.111,5.371,11.7,1.074,5.340,27.781,29.1,7.555,27.688,97.938,-54.3,-3.861,98.125,-1.017,-8.8,1.398,-0.985,-9.023,10.1,-2.424,-9.047,-45.000,-0.7,-10.336,-45.000,-101.312,71.0,4.840,-101.500,0.000,0.0,0.000,0.000,0.000,0.0,0.000,0.000
1.7544,2.178,11.7,-1.676,2.158,5.402,13.9,1.392,5.371,27.844,28.0,8.250,27.781,97.812,-57.8,-3.848,97.938,-1.042,-12.2,1.000,-1.017,-9.008,10.2,-2.223,-9.023,-45.000,-2.3,-10.461,-45.000,-101.125,72.6,4.504,-101.312,0.000,0.0,0.000,0.000,0.000,0.0,0.000,0.000
1.7564,2.203,12.2,-1.425,2.178,5.434,15.9,1.352,5.402,27.906,27.9,8.070,27.844,97.688,-61.8,-3.443,97.812,-1.073,-15.9,1.215,-1.042,-9.000,4.9,-2.383,-9.008,-45.000,0.2,-11.266,-45.000,-101.000,68.9,4.816,-101.125,0.000,0.0,0.000,0.000,0.000,0.0,0.000,0.000
1.7579,2.213,11.0,-1.458,2.203,5.457,17.9,1.080,5.434,27.938,30.7,7.496,27.906,97.625,-63.9,-2.957,97.688,-1.089,-16.4,1.497,-1.073,-8.992,8.3,-2.543,-9.000,-45.000,-0.3,-11.320,-45.000,-100.938,66.5,5.328,-101.000,0.000,0.0,0.000,0.000,0.000,0.0,0.000,0.000
1.7598,2.230,8.5,-1.191,2.213,5.488,16.0,1.025,5.457,27.984,28.2,7.766,27.938,97.500,-61.7,-3.256,97.625,-1.123,-17.4,1.658,-1.089,-8.992,2.9,-2.232,-8.992,-45.000,0.2,-10.852,-45.000,-100.812,64.6,4.848,-100.938,0.000,0.0,0.000,0.000,0.000,0.0,0.000,0.000
1.7618,2.270,13.9,-1.427,2.230,5.531,18.5,1.940,5.488,28.031,27.0,10.922,27.984,97.375,-66.3,-6.176,97.500,-1.151,-14.8,1.369,-1.123,-8.984,3.9,-0.284,-8.992,-45.000,6.8,-8.281,-45.000,-100.688,59.2,2.213,-100.812,0.000,0.0,0.000,0.000,0.000,0.0,0.000,0.000
1.7638,2.303,17.0,-2.219,2.270,5.590,24.8,2.783,5.531,28.078,24.0,10.602,28.031,97.188,-69.8,-5.730,97.375,-1.187,-15.6,1.166,-1.151,-8.984,2.7,-0.100,-8.984,-45.000,3.7,-7.832,-45.000,-100.625,47.3,2.562,-100.688,0.000,0.0,0.000,0.000,0.000,0.0,0.000,0.000
1.7658,2.332,15.6,-2.832,2.303,5.645,28.4,2.973,5.590,28.141,26.5,11.469,28.078,97.062,-77.0,-6.352,97.188,-1.230,-17.9,1.327,-1.187,-8.961,7.3,-0.076,-8.984,-44.969,10.0,-7.523,-45.000,-100.562,34.8,2.248,-100.625,0.000,0.0,0.000,0.000,0.000,0.0,0.000,0.000
1.7678,2.344,10.0,-2.555,2.332,5.707,28.8,3.021,5.645,28.203,28.5,11.336,28.141,96.875,-77.9,-5.691,97.062,-1.262,-13.0,1.438,-1.230,-8.922,15.2,-0.552,-8.961,-44.938,13.4,-7.938,-44.969,-100.562,15.4,2.771,-100.562,0.000,0.0,0.000,0.000,0.000,0.0,0.000,0.000
1.7698,2.357,7.7,-2.375,2.344,5.773,32.6,3.816,5.707,28.266,30.7,12.789,28.203,96.688,-88.8,-6.918,96.875,-1.312,-17.9,1.916,-1.262,-8.891,15.6,0.439,-8.922,-44.906,13.4,-6.410,-44.938,-100.562,5.8,1.724,-100.562,0.000,0.0,0.000,0.000,0.000,0.0,0.000,0.000
1.7718,2.359,3.8,-4.047,2.357,5.816,25.1,4.594,5.773,28.359,40.8,13.734,28.266,96.500,-97.5,-7.203,96.688,-1.355,-19.4,6.055,-1.312,-8.852,16.9,0.425,-8.891,-44.875,16.2,-5.230,-44.906,-100.562,-8.7,0.827,-100.562,0.000,0.0,0.000,0.000,0.000,0.0,0.000,0.000
1.7738,2.342,-6.0,-7.164,2.359,5.848,17.8,5.051,5.816,28.453,45.5,13.391,28.359,96.312,-99.0,-6.574,96.500,-1.358,-8.0,5.844,-1.355,-8.812,19.4,0.152,-8.852,-44.812,23.0,-4.688,-44.875,-100.625,-27.5,0.883,-100.562,0.000,0.0,0.000,0.000,0.000,0.0,0.000,0.000
1.7758,2.307,-13.8,-8.641,2.342,5.883,18.2,4.965,5.848,28.578,57.4,13.180,28.453,96.062,-104.0,-4.020,96.312,-1.334,6.9,5.668,-1.358,-8.781,13.4,-0.299,-8.812,-44.750,27.6,-4.797,-44.812,-100.750,-39.7,0.888,-100.625,0.000,0.0,0.000,0.000,0.000,0.0,0.000,0.000
1.7778,2.238,-27.9,-7.281,2.307,5.895,13.5,5.602,5.883,28.688,61.0,13.031,28.578,95.875,-101.4,-3.195,96.062,-1.303,13.0,4.883,-1.334,-8.750,15.3,-0.084,-8.781,-44.688,34.0,-5.223,-44.750,-100.875,-56.5,1.301,-100.750,0.000,0.0,0.000,0.000,0.000,0.0,0.000,0.000
1.7798,2.182,-27.6,-7.355,2.238,5.895,6.1,6.211,5.895,28.828,64.7,12.469,28.688,95.688,-94.6,-1.760,95.875,-1.243,23.9,4.215,-1.303,-8.727,12.5,0.209,-8.750,-44.594,38.8,-5.629,-44.688,-101.000,-64.6,1.358,-100.875,0.000,0.0,0.000,0.000,0.000,0.0,0.000,0.000
1.7818,2.115,-29.4,-7.398,2.182,5.898,3.4,7.176,5.895,28.953,69.6,11.219,28.828,95.562,-76.4,-0.185,95.688,-1.180,28.8,3.236,-1.243,-8.703,13.9,0.555,-8.727,-44.531,33.8,-5.617,-44.594,-101.188,-74.3,1.732,-101.000,0.000,0.0,0.000,0.000,0.000,0.0,0.000,0.000
1.7839,2.043,-33.2,-7.035,2.115,5.922,8.6,7.555,5.898,29.062,62.4,11.008,28.953,95.500,-56.7,1.246,95.562,-1.111,32.6,2.945,-1.180,-8.688,9.3,0.821,-8.703,-44.469,33.8,-5.867,-44.531,-101.375,-85.8,1.997,-101.188,0.000,0.0,0.000,0.000,0.000,0.0,0.000,0.000
1.7861,1.986,-30.6,-6.969,2.043,5.945,11.0,8.117,5.922,29.188,58.1,10.258,29.062,95.438,-35.1,2.592,95.500,-1.045,31.8,2.551,-1.111,-8.664,12.1,1.065,-8.688,-44.406,30.9,-5.406,-44.469,-101.562,-93.6,2.209,-101.375,0.000,0.0,0.000,0.000,0.000,0.0,0.000,0.000
1.7883,1.937,-27.7,-6.797,1.986,5.980,16.5,8.148,5.945,29.266,50.4,10.656,29.188,95.438,-2.1,1.778,95.438,-0.976,33.2,2.395,-1.045,-8.641,13.2,1.170,-8.664,-44.344,32.4,-5.156,-44.406,-101.750,-92.0,2.783,-101.562,0.000,0.0,0.000,0.000,0.000,0.0,0.000,0.000
1.7911,1.857,-27.9,-6.578,1.937,6.023,13.9,7.918,5.980,29.359,31.9,10.289,29.266,95.562,30.9,0.403,95.438,-0.895,28.2,2.186,-0.976,-8.602,11.2,1.060,-8.641,-44.250,29.5,-4.262,-44.344,-102.000,-98.8,3.133,-101.750,0.000,0.0,0.000,0.000,0.000,0.0,0.000,0.000
1.7927,1.808,-26.8,-6.078,1.857,6.047,11.4,7.781,6.023,29.391,22.2,10.055,29.359,95.688,53.1,-0.440,95.562,-0.844,26.6,2.219,-0.895,-8.555,16.2,0.982,-8.602,-44.219,20.6,-3.516,-44.250,-102.188,-93.7,3.555,-102.000,0.000,0.0,0.000,0.000,0.000,0.0,0.000,0.000
1.7940,1.795,-21.7,-5.875,1.808,6.055,10.9,7.762,6.047,29.391,15.0,10.484,29.391,95.812,67.1,-0.748,95.688,-0.825,24.2,2.576,-0.844,-8.539,18.1,0.971,-8.555,-44.219,22.4,-3.455,-44.219,-102.312,-91.3,3.514,-102.188,0.000,0.0,0.000,0.000,0.000,0.0,0.000,0.000
1.7958,1.741,-24.5,-5.750,1.795,6.047,0.2,8.023,6.055,29.406,5.8,10.266,29.391,96.000,82.5,-1.771,95.812,-0.791,21.0,2.949,-0.825,-8.500,17.7,1.118,-8.539,-44.156,25.2,-3.023,-44.219,-102.438,-88.0,3.902,-102.312,0.000,0.0,0.000,0.000,0.000,0.0,0.000,0.000
1.7978,1.697,-22.2,-5.980,1.741,6.051,-0.2,7.996,6.047,29.375,-5.6,9.672,29.406,96.188,92.7,-2.873,96.000,-0.766,15.4,3.074,-0.791,-8.469,15.6,2.166,-8.500,-44.125,19.8,-2.543,-44.156,-102.625,-86.1,3.803,-102.438,0.000,0.0,0.000,0.000,0.000,0.0,0.000,0.000
1.7998,1.653,-20.7,-5.660,1.697,6.059,3.2,7.402,6.051,29.344,-13.8,9.406,29.375,96.375,96.7,-6.180,96.188,-0.750,10.4,3.471,-0.766,-8.461,10.4,2.434,-8.469,-44.094,19.6,-0.945,-44.125,-102.750,-69.6,4.156,-102.625,0.000,0.0,0.000,0.000,0.000,0.0,0.000,0.000
1.8018,1.613,-19.7,-5.645,1.653,6.051,-1.2,5.906,6.059,29.297,-21.0,9.805,29.344,96.562,95.0,-6.336,96.375,-0.734,8.6,2.062,-0.750,-8.461,1.0,1.850,-8.461,-44.031,24.2,-1.931,-44.094,-102.875,-60.8,3.766,-102.750,0.000,0.0,0.000,0.000,0.000,0.0,0.000,0.000
1.8038,1.575,-18.8,-0.445,1.613,6.035,-5.9,3.723,6.051,29.234,-31.7,5.961,29.297,96.750,85.4,-4.672,96.562,-0.759,-6.8,-0.750,-0.734,-8.469,-3.0,0.596,-8.461,-44.000,18.8,-3.559,-44.031,-103.000,-52.9,3.359,-102.875,0.000,0.0,0.000,0.000,0.000,0.0,0.000,0.000
1.8058,1.594,1.3,0.372,1.575,6.008,-11.0,2.658,6.035,29.172,-34.7,4.113,29.234,96.875,81.2,-3.473,96.750,-0.794,-15.6,0.614,-0.759,-8.508,-11.6,-0.049,-8.469,-43.969,14.4,-5.227,-44.000,-103.062,-46.3,3.426,-103.000,0.000,0.0,0.000,0.000,0.000,0.0,0.000,0.000
1.8081,1.629,13.4,-0.283,1.594,5.961,-18.8,1.777,6.008,29.062,-47.4,2.637,29.172,97.062,79.1,-3.807,96.875,-0.847,-22.8,3.621,-0.794,-8.547,-17.0,-0.788,-8.508,-44.000,-1.0,-7.164,-43.969,-103.125,-39.2,3.742,-103.062,0.000,0.0,0.000,0.000,0.000,0.0,0.000,0.000
1.8103,1.691,26.0,-2.219,1.629,5.902,-25.8,0.963,5.961,28.922,-62.4,3.160,29.062,97.188,75.7,-3.559,97.062,-0.897,-25.0,5.453,-0.847,-8.594,-21.9,-1.658,-8.547,-44.062,-16.8,-7.328,-44.000,-103.188,-22.9,4.090,-103.125,0.000,0.0,0.000,0.000,0.000,0.0,0.000,0.000
1.8123,1.735,24.5,-3.574,1.691,5.844,-29.0,0.597,5.902,28.766,-73.9,4.227,28.922,97.312,65.4,-3.297,97.188,-0.919,-16.2,7.027,-0.897,-8.656,-28.0,-3.459,-8.594,-44.125,-31.4,-7.406,-44.062,-103.188,-13.0,3.938,-103.188,0.000,0.0,0.000,0.000,0.000,0.0,0.000,0.000
1.8141,1.767,19.0,-9.023,1.735,5.777,-32.0,-1.231,5.844,28.594,-77.3,4.430,28.766,97.438,60.1,-3.160,97.312,-0.910,-0.0,9.680,-0.919,-8.734,-34.3,-3.729,-8.656,-44.250,-51.5,-7.477,-44.125,-103.188,-6.2,4.543,-103.188,0.000,0.0,0.000,0.000,0.000,0.0,0.000,0.000
1.8158,1.761,5.3,-8.141,1.767,5.707,-34.7,-1.288,5.777,28.406,-88.6,4.727,28.594,97.500,60.0,-2.912,97.438,-0.863,17.4,8.766,-0.910,-8.836,-46.2,-3.182,-8.734,-44.406,-60.8,-6.672,-44.250,-103.125,9.3,4.109,-103.188,0.000,0.0,0.000,0.000,0.000,0.0,0.000,0.000
1.8178,1.717,-11.0,-6.566,1.761,5.648,-31.5,-1.096,5.707,28.234,-87.0,5.758,28.406,97.625,55.8,-2.561,97.500,-0.788,32.4,8.070,-0.863,-8.961,-57.5,-2.791,-8.836,-44.562,-70.0,-6.895,-44.406,-103.125,12.7,2.256,-103.125,0.000,0.0,0.000,0.000,0.000,0.0,0.000,0.000
1.8198,1.673,-17.9,-6.348,1.717,5.570,-35.5,-0.598,5.648,28.078,-80.9,5.941,28.234,97.750,50.2,-1.980,97.625,-0.690,43.1,6.621,-0.788,-9.094,-63.8,-3.148,-8.961,-44.719,-76.4,-7.547,-44.562,-103.062,26.1,0.618,-103.125,0.000,0.0,0.000,0.000,0.000,0.0,0.000,0.000
1.8218,1.632,-18.0,-5.836,1.673,5.496,-34.8,-0.464,5.570,27.938,-73.6,6.340,28.078,97.812,50.8,-1.614,97.750,-0.581,51.1,5.703,-0.690,-9.227,-67.2,-3.588,-9.094,-44.906,-87.6,-7.703,-44.719,-103.062,19.3,-0.230,-103.062,0.000,0.0,0.000,0.000,0.000,0.0,0.000,0.000
1.8238,1.598,-15.1,-5.449,1.632,5.410,-40.3,-0.074,5.496,27.828,-61.6,6.590,27.938,97.938,48.2,-1.308,97.812,-0.471,53.3,4.824,-0.581,-9.352,-63.4,-3.975,-9.227,-45.062,-87.8,-7.910,-44.906,-103.000,12.7,0.476,-103.062,0.000,0.0,0.000,0.000,0.000,0.0,0.000,0.000
1.8258,1.562,-16.0,-5.441,1.598,5.340,-35.6,0.429,5.410,27.750,-48.3,6.211,27.828,98.000,46.3,-1.125,97.938,-0.358,53.1,3.646,-0.471,-9.422,-45.7,-5.316,-9.352,-45.250,-86.9,-8.242,-45.062,-103.000,4.5,0.392,-103.000,0.000,0.0,0.000,0.000,0.000,0.0,0.000,0.000
1.8278,1.547,-13.4,-5.637,1.562,5.258,-38.2,0.689,5.340,27.688,-37.9,6.066,27.750,98.125,48.1,-0.905,98.000,-0.245,53.7,3.539,-0.358,-9.461,-30.3,-6.477,-9.422,-45.406,-83.5,-9.664,-45.250,-103.000,0.3,1.282,-103.000,0.000,0.0,0.000,0.000,0.000,0.0,0.000,0.000
1.8298,1.544,-7.5,-5.754,1.547,5.207,-30.0,0.925,5.258,27.641,-28.8,5.484,27.688,98.188,48.1,-0.785,98.125,-0.147,51.3,3.908,-0.245,-9.477,-14.7,-7.402,-9.461,-45.562,-84.9,-9.805,-45.406,-103.062,-7.7,1.673,-103.000,0.000,0.0,0.000,0.000,0.000,0.0,0.000,0.000
1.8319,1.538,-3.5,-5.289,1.544,5.148,-29.5,0.862,5.207,27.609,-17.9,4.617,27.641,98.312,51.0,-0.807,98.188,-0.063,46.2,4.219,-0.147,-9.484,-7.7,-7.375,-9.477,-45.719,-82.2,-9.992,-45.562,-103.062,-7.4,2.256,-103.062,0.000,0.0,0.000,0.000,0.000,0.0,0.000,0.000
1.8341,1.510,-8.8,-4.906,1.538,5.113,-20.5,0.489,5.148,27.594,-15.4,3.988,27.609,98.438,45.7,-0.874,98.312,-0.003,37.0,5.066,-0.063,-9.508,-7.7,-7.621,-9.484,-45.875,-81.4,-9.906,-45.719,-103.062,-9.8,1.480,-103.062,0.000,0.0,0.000,0.000,0.000,0.0,0.000,0.000
1.8362,1.490,-7.3,-4.594,1.510,5.090,-14.4,0.034,5.113,27.562,-15.8,3.031,27.594,98.500,44.8,-1.135,98.438,0.053,30.2,5.141,-0.003,-9.547,-14.9,-6.383,-9.508,-46.000,-68.4,-9.734,-45.875,-103.125,-9.7,2.008,-103.062,0.000,0.0,0.000,0.000,0.000,0.0,0.000,0.000
1.8385,1.435,-14.1,-4.066,1.490,5.070,-5.1,-0.566,5.090,27.531,-13.4,2.729,27.562,98.625,47.1,-1.364,98.500,0.113,18.1,5.938,0.053,-9.625,-24.0,-6.121,-9.547,-46.125,-48.4,-9.977,-46.000,-103.125,-10.6,2.697,-103.125,0.000,0.0,0.000,0.000,0.000,0.0,0.000,0.000
1.8409,1.399,-16.1,-4.066,1.435,5.051,-7.5,-1.396,5.070,27.500,-16.3,2.580,27.531,98.750,41.2,-1.705,98.625,0.169,23.5,6.504,0.113,-9.680,-23.9,-5.918,-9.625,-46.188,-35.4,-10.156,-46.125,-103.125,-4.9,3.270,-103.125,0.000,0.0,0.000,0.000,0.000,0.0,0.000,0.000
1.8423,1.381,-18.2,-4.098,1.399,5.043,-8.9,-1.640,5.051,27.469,-20.7,2.625,27.500,98.750,40.1,-1.689,98.750,0.185,20.8,6.465,0.169,-9.703,-24.5,-6.141,-9.680,-46.219,-28.4,-10.297,-46.188,-103.125,-3.8,3.393,-103.125,0.000,0.0,0.000,0.000,0.000,0.0,0.000,0.000
1.8438,1.358,-14.0,-3.939,1.381,5.031,-7.4,-2.033,5.043,27.438,-19.5,2.936,27.469,98.812,31.5,-1.596,98.750,0.235,25.0,6.414,0.185,-9.750,-22.0,-6.141,-9.703,-46.250,-22.8,-10.984,-46.219,-103.125,0.7,3.891,-103.125,0.000,0.0,0.000,0.000,0.000,0.0,0.000,0.000
1.8458,1.337,-11.9,-4.359,1.358,5.012,-8.9,-2.227,5.031,27.359,-32.0,3.084,27.438,98.875,27.3,-1.630,98.812,0.279,26.6,6.539,0.235,-9.773,-15.9,-6.316,-9.750,-46.250,-9.1,-11.352,-46.250,-103.125,7.0,4.395,-103.125,0.000,0.0,0.000,0.000,0.000,0.0,0.000,0.000
1.8478,1.331,-6.9,-5.008,1.337,5.000,-7.0,-2.328,5.012,27.312,-27.6,3.139,27.359,98.938,25.8,-1.511,98.875,0.292,17.0,6.574,0.279,-9.805,-14.0,-5.887,-9.773,-46.219,4.5,-12.016,-46.250,-103.062,9.9,5.703,-103.125,0.000,0.0,0.000,0.000,0.000,0.0,0.000,0.000
1.8498,1.337,-1.7,-5.609,1.331,5.000,-2.9,-2.260,5.000,27.266,-28.1,3.422,27.312,98.938,20.9,-1.107,98.938,0.317,14.0,6.504,0.292,-9.828,-9.4,-5.875,-9.805,-46.219,4.2,-13.281,-46.219,-103.000,22.2,6.816,-103.062,0.000,0.0,0.000,0.000,0.000,0.0,0.000,0.000
1.8518,1.350,2.8,-4.957,1.337,5.016,3.8,-1.740,5.000,27.203,-23.1,4.719,27.266,99.000,10.5,-2.100,98.938,0.336,11.1,2.398,0.317,-9.852,-11.0,-4.918,-9.828,-46.188,8.5,-13.016,-46.219,-102.938,32.7,6.816,-103.000,0.000,0.0,0.000,0.000,0.000,0.0,0.000,0.000
1.8538,1.368,6.6,-2.105,1.350,5.047,11.8,-1.110,5.016,27.156,-24.0,4.609,27.203,99.000,14.4,-2.090,99.000,0.323,1.0,2.668,0.336,-9.859,-7.4,-5.031,-9.852,-46.188,1.3,-12.633,-46.188,-102.875,43.2,6.586,-102.938,0.000,0.0,0.000,0.000,0.000,0.0,0.000,0.000
1.8558,1.412,17.8,-1.935,1.368,5.074,13.3,-1.163,5.047,27.125,-18.2,4.598,27.156,99.000,4.6,-2.594,99.000,0.279,-14.5,2.156,0.323,-9.867,-5.2,-4.207,-9.859,-46.188,0.2,-11.211,-46.188,-102.750,49.0,6.020,-102.875,0.000,0.0,0.000,0.000,0.000,0.0,0.000,0.000
1.8578,1.443,18.5,-0.243,1.412,5.109,15.4,-0.307,5.074,27.125,-10.4,5.188,27.125,99.000,-0.0,-2.789,99.000,0.232,-20.3,2.887,0.279,-9.859,-0.5,-4.641,-9.867,-46.188,3.1,-12.320,-46.188,-102.625,57.0,6.324,-102.750,0.000,0.0,0.000,0.000,0.000,0.0,0.000,0.000
1.8598,1.494,23.4,-0.956,1.443,5.141,16.0,0.166,5.109,27.141,0.5,6.141,27.125,98.938,-14.3,-3.635,99.000,0.160,-28.3,3.406,0.232,-9.852,4.6,-4.277,-9.859,-46.188,-2.5,-11.617,-46.188,-102.500,68.7,6.125,-102.625,0.000,0.0,0.000,0.000,0.000,0.0,0.000,0.000
1.8618,1.557,28.8,-1.388,1.494,5.172,16.2,0.070,5.141,27.172,12.8,4.332,27.141,98.875,-24.7,-1.598,98.938,0.078,-34.8,5.074,0.160,-9.859,-3.4,-6.113,-9.852,-46.188,-2.6,-14.008,-46.188,-102.312,72.8,7.289,-102.500,0.000,0.0,0.000,0.000,0.000,0.0,0.000,0.000
1.8638,1.616,30.2,-2.162,1.557,5.199,15.9,-0.416,5.172,27.203,14.9,5.094,27.172,98.812,-26.8,-2.119,98.875,-0.003,-37.6,5.176,0.078,-9.867,-4.3,-5.738,-9.859,-46.219,-7.7,-13.664,-46.188,-102.188,78.8,7.227,-102.312,0.000,0.0,0.000,0.000,0.000,0.0,0.000,0.000
1.8660,1.673,29.0,-2.605,1.616,5.211,10.1,-0.303,5.199,27.234,18.2,5.473,27.203,98.812,-27.0,-2.207,98.812,-0.075,-36.5,4.910,-0.003,-9.875,-3.7,-5.488,-9.867,-46.250,-12.9,-13.008,-46.219,-102.000,89.1,7.211,-102.188,0.000,0.0,0.000,0.000,0.000,0.0,0.000,0.000
1.8683,1.723,26.0,-2.697,1.673,5.230,9.6,-0.155,5.211,27.266,16.6,6.461,27.234,98.688,-31.6,-2.725,98.812,-0.132,-30.0,4.551,-0.075,-9.883,-3.7,-5.219,-9.875,-46.281,-15.1,-13.375,-46.250,-101.812,91.2,7.469,-102.000,0.000,0.0,0.000,0.000,0.000,0.0,0.000,0.000
1.8706,1.798,24.8,-2.305,1.723,5.246,8.0,1.022,5.230,27.344,24.2,7.797,27.266,98.625,-37.1,-3.602,98.688,-0.226,-30.5,3.428,-0.132,-9.883,-0.3,-4.531,-9.883,-46.344,-18.8,-12.109,-46.281,-101.500,98.3,6.422,-101.812,0.000,0.0,0.000,0.000,0.000,0.0,0.000,0.000
1.8728,1.846,25.0,-2.217,1.798,5.258,6.3,0.885,5.246,27.406,26.7,6.734,27.344,98.500,-41.7,-2.355,98.625,-0.279,-27.7,3.611,-0.226,-9.867,3.0,-5.535,-9.883,-46.375,-18.5,-13.156,-46.344,-101.312,99.1,6.953,-101.500,0.000,0.0,0.000,0.000,0.000,0.0,0.000,0.000
1.8743,1.857,19.8,-2.201,1.846,5.262,6.1,0.695,5.258,27.453,34.4,6.410,27.406,98.438,-43.7,-1.637,98.500,-0.308,-27.2,3.928,-0.279,-9.852,8.2,-6.430,-9.867,-46.406,-21.3,-14.391,-46.375,-101.188,99.0,7.160,-101.312,0.000,0.0,0.000,0.000,0.000,0.0,0.000,0.000
1.8760,1.914,24.3,-2.158,1.857,5.273,3.7,-0.212,5.262,27.531,37.4,5.574,27.453,98.375,-45.7,-1.045,98.438,-0.364,-28.7,3.822,-0.308,-9.844,5.1,-6.398,-9.852,-46.469,-31.1,-14.141,-46.406,-101.000,99.8,7.516,-101.188,0.000,0.0,0.000,0.000,0.000,0.0,0.000,0.000
1.8778,1.961,22.4,-2.391,1.914,5.285,5.7,-0.099,5.273,27.578,31.0,5.387,27.531,98.312,-41.7,-0.861,98.375,-0.392,-19.3,3.963,-0.364,-9.859,-1.0,-6.137,-9.844,-46.531,-30.8,-13.969,-46.469,-100.812,101.9,7.422,-101.000,0.000,0.0,0.000,0.000,0.000,0.0,0.000,0.000
1.8798,2.016,24.0,-2.529,1.961,5.289,3.8,0.033,5.285,27.641,31.8,6.027,27.578,98.250,-34.4,-1.228,98.312,-0.427,-16.8,2.631,-0.392,-9.859,-1.3,-5.602,-9.859,-46.594,-32.9,-13.781,-46.531,-100.625,103.4,7.250,-100.812,0.000,0.0,0.000,0.000,0.000,0.0,0.000,0.000
1.8818,2.062,24.3,-1.621,2.016,5.293,3.5,0.470,5.289,27.672,26.3,6.668,27.641,98.188,-33.0,-2.107,98.250,-0.461,-15.2,2.246,-0.427,-9.859,0.9,-4.262,-9.859,-46.625,-29.5,-12.414,-46.594,-100.438,95.1,6.691,-100.625,0.000,0.0,0.000,0.000,0.000,0.0,0.000,0.000
1.8838,2.119,28.9,-1.644,2.062,5.297,2.1,0.597,5.293,27.719,24.2,6.520,27.672,98.125,-33.7,-1.945,98.188,-0.505,-19.7,2.225,-0.461,-9.852,2.6,-4.883,-9.859,-46.688,-24.2,-12.828,-46.625,-100.250,88.2,6.727,-100.438,0.000,0.0,0.000,0.000,0.000,0.0,0.000,0.000
1.8858,2.158,25.4,-2.043,2.119,5.301,0.7,0.113,5.297,27.766,22.8,5.570,27.719,98.062,-27.1,-1.220,98.125,-0.540,-19.5,3.379,-0.505,-9.836,4.7,-5.898,-9.852,-46.750,-26.5,-13.359,-46.688,-100.062,81.2,7.180,-100.250,0.000,0.0,0.000,0.000,0.000,0.0,0.000,0.000
1.8878,2.193,20.6,-2.904,2.158,5.305,0.1,-0.476,5.301,27.797,20.0,5.352,27.766,98.000,-24.8,-0.841,98.062,-0.559,-13.2,5.477,-0.540,-9.836,2.2,-6.555,-9.836,-46.781,-19.4,-13.656,-46.750,-99.938,78.0,7.652,-100.062,0.000,0.0,0.000,0.000,0.000,0.0,0.000,0.000
1.8898,2.230,19.1,-3.689,2.193,5.301,-5.1,-0.437,5.305,27.812,11.8,6.160,27.797,98.000,-19.0,-1.571,98.000,-0.552,-2.0,1.946,-0.559,-9.844,0.3,-5.238,-9.836,-46.812,-23.1,-12.570,-46.781,-99.812,70.6,7.031,-99.938,0.000,0.0,0.000,0.000,0.000,0.0,0.000,0.000
1.8927,2.275,15.6,-1.963,2.230,5.297,-4.6,0.542,5.301,27.828,6.3,7.098,27.812,97.938,-9.9,-2.891,98.000,-0.578,-5.6,1.593,-0.552,-9.852,0.5,-4.258,-9.844,-46.875,-15.9,-11.195,-46.812,-99.625,55.2,6.852,-99.812,0.000,0.0,0.000,0.000,0.000,0.0,0.000,0.000
1.8949,2.318,20.6,-2.340,2.275,5.293,-4.3,0.135,5.297,27.828,3.3,6.727,27.828,97.938,-10.4,-2.861,97.938,-0.583,-4.3,1.597,-0.578,-9.859,-2.5,-4.652,-9.852,-46.906,-12.6,-11.414,-46.875,-99.562,46.7,7.234,-99.625,0.000,0.0,0.000,0.000,0.000,0.0,0.000,0.000
1.8971,2.369,25.0,-2.533,2.318,5.289,-2.4,0.272,5.293,27.844,2.7,7.031,27.828,97.938,-12.4,-3.230,97.938,-0.600,-6.0,1.583,-0.583,-9.852,1.9,-4.449,-9.859,-46.906,-12.6,-10.883,-46.906,-99.500,34.8,6.926,-99.562,0.000,0.0,0.000,0.000,0.000,0.0,0.000,0.000
1.8989,2.406,22.9,-2.564,2.369,5.289,-0.7,0.105,5.289,27.859,5.0,6.000,27.844,97.875,-11.3,-2.938,97.938,-0.612,-6.7,1.996,-0.600,-9.836,6.4,-4.883,-9.852,-46.906,-7.1,-11.023,-46.906,-99.500,24.2,7.227,-99.500,0.000,0.0,0.000,0.000,0.000,0.0,0.000,0.000
1.9002,2.426,21.9,-2.461,2.406,5.281,-2.8,-0.093,5.289,27.859,7.1,6.520,27.859,97.875,-8.2,-2.953,97.875,-0.618,-6.4,2.152,-0.612,-9.844,0.1,-4.836,-9.836,-46.938,-6.3,-11.078,-46.906,-99.438,19.0,7.320,-99.500,0.000,0.0,0.000,0.000,0.000,0.0,0.000,0.000
1.9018,2.467,20.2,-2.572,2.426,5.285,1.2,0.270,5.281,27.859,2.5,6.184,27.859,97.875,-13.0,-3.680,97.875,-0.627,-5.2,1.429,-0.618,-9.844,-1.5,-3.107,-9.844,-46.906,-1.2,-9.789,-46.938,-99.500,4.1,6.527,-99.438,0.000,0.0,0.000,0.000,0.000,0.0,0.000,0.000
1.9038,2.518,23.7,-2.154,2.467,5.273,-3.2,0.907,5.285,27.875,6.3,7.355,27.859,97.812,-15.5,-4.559,97.875,-0.637,-3.2,0.868,-0.627,-9.836,1.5,-2.830,-9.844,-46.938,-3.3,-8.703,-46.906,-99.500,-3.1,6.316,-99.500,0.000,0.0,0.000,0.000,0.000,0.0,0.000,0.000
1.9058,2.555,20.3,-2.270,2.518,5.281,0.9,1.332,5.273,27.875,5.2,8.695,27.875,97.812,-17.9,-5.754,97.812,-0.666,-10.2,0.635,-0.637,-9.820,5.7,-1.672,-9.836,-46.906,9.3,-5.551,-46.938,-99.500,-15.9,5.664,-99.500,0.000,0.0,0.000,0.000,0.000,0.0,0.000,0.000
1.9078,2.592,19.5,-3.086,2.555,5.297,5.0,2.430,5.281,27.922,17.9,9.414,27.875,97.750,-27.4,-5.707,97.812,-0.700,-16.8,0.894,-0.666,-9.805,6.1,-0.749,-9.820,-46.875,13.3,-5.461,-46.906,-99.562,-21.5,5.211,-99.500,0.000,0.0,0.000,0.000,0.000,0.0,0.000,0.000
1.9098,2.605,10.4,-3.242,2.592,5.324,9.9,2.215,5.297,27.969,22.8,9.398,27.922,97.688,-33.3,-6.520,97.750,-0.712,-11.5,1.756,-0.700,-9.766,13.9,-0.931,-9.805,-46.812,22.0,-3.537,-46.875,-99.625,-30.9,4.934,-99.562,0.000,0.0,0.000,0.000,0.000,0.0,0.000,0.000
1.9118,2.629,9.9,-6.332,2.605,5.375,19.6,4.027,5.324,28.047,30.9,11.320,27.969,97.562,-41.1,-7.316,97.688,-0.734,-9.7,6.605,-0.712,-9.711,21.2,1.161,-9.766,-46.719,35.5,-3.305,-46.812,-99.750,-46.7,2.084,-99.625,0.000,0.0,0.000,0.000,0.000,0.0,0.000,0.000
1.9138,2.602,-7.9,-9.156,2.629,5.438,28.7,3.902,5.375,28.141,39.8,10.367,28.047,97.438,-51.6,-5.938,97.562,-0.715,5.0,6.598,-0.734,-9.648,28.2,1.550,-9.711,-46.625,47.9,-3.316,-46.719,-99.875,-64.2,1.988,-99.750,0.000,0.0,0.000,0.000,0.000,0.0,0.000,0.000
1.9158,2.557,-20.8,-9.273,2.602,5.520,37.0,3.496,5.438,28.234,46.7,10.914,28.141,97.312,-59.0,-5.406,97.438,-0.684,12.7,5.848,-0.715,-9.578,30.7,1.241,-9.648,-46.500,55.7,-3.939,-46.625,-100.062,-77.5,2.482,-99.875,0.000,0.0,0.000,0.000,0.000,0.0,0.000,0.000
1.9182,2.486,-32.0,-8.047,2.557,5.625,45.6,3.070,5.520,28.359,55.6,10.336,28.234,97.188,-66.3,-4.309,97.312,-0.618,26.5,4.371,-0.684,-9.516,32.1,1.010,-9.578,-46.375,57.8,-4.145,-46.500,-100.250,-86.8,3.045,-100.062,0.000,0.0,0.000,0.000,0.000,0.0,0.000,0.000
1.9201,2.395,-41.5,-6.773,2.486,5.734,50.9,2.932,5.625,28.453,50.8,9.930,28.359,97.062,-61.2,-2.596,97.188,-0.568,26.1,3.881,-0.618,-9.430,36.4,0.701,-9.516,-46.250,64.1,-4.602,-46.375,-100.500,-102.1,3.463,-100.250,0.000,0.0,0.000,0.000,0.000,0.0,0.000,0.000
1.9222,2.326,-36.9,-6.641,2.395,5.855,57.3,3.076,5.734,28.562,51.8,9.867,28.453,96.938,-59.8,-1.192,97.062,-0.493,33.9,3.422,-0.568,-9.367,34.3,0.434,-9.430,-46.094,64.8,-4.773,-46.250,-100.688,-108.6,3.771,-100.500,0.000,0.0,0.000,0.000,0.000,0.0,0.000,0.000
1.9242,2.240,-37.6,-6.137,2.326,5.922,40.1,4.270,5.855,28.656,48.2,9.891,28.562,96.875,-52.2,-0.847,96.938,-0.427,35.3,3.133,-0.493,-9.289,37.8,0.257,-9.367,-45.969,63.3,-5.020,-46.094,-100.938,-110.5,3.936,-100.688,0.000,0.0,0.000,0.000,0.000,0.0,0.000,0.000
1.9258,2.143,-44.5,-5.945,2.240,5.953,22.1,5.859,5.922,28.750,45.1,10.195,28.656,96.812,-38.2,0.232,96.875,-0.374,30.5,2.643,-0.427,-9.227,33.0,0.111,-9.289,-45.875,57.0,-5.254,-45.969,-101.188,-113.6,4.047,-100.938,0.000,0.0,0.000,0.000,0.000,0.0,0.000,0.000
1.9278,2.070,-39.2,-5.117,2.143,5.945,4.5,7.445,5.953,28.828,39.5,10.898,28.750,96.750,-21.9,-0.326,96.812,-0.308,32.5,2.379,-0.374,-9.172,32.2,0.025,-9.227,-45.750,57.2,-5.270,-45.875,-101.375,-113.6,4.156,-101.188,0.000,0.0,0.000,0.000,0.000,0.0,0.000,0.000
1.9298,1.999,-35.8,-5.105,2.070,5.934,-3.2,7.383,5.945,28.891,33.4,10.906,28.828,96.750,-10.2,-0.590,96.750,-0.282,20.7,2.400,-0.308,-9.109,28.7,-0.195,-9.172,-45.625,59.0,-4.648,-45.750,-101.625,-111.0,4.477,-101.375,0.000,0.0,0.000,0.000,0.000,0.0,0.000,0.000
1.9318,1.949,-28.8,-5.672,1.999,5.930,-2.1,7.867,5.934,28.953,33.6,11.445,28.891,96.812,6.8,-0.867,96.750,-0.254,15.5,2.957,-0.282,-9.055,26.8,-0.060,-9.109,-45.562,49.0,-4.531,-45.625,-101.812,-109.8,4.270,-101.625,0.000,0.0,0.000,0.000,0.000,0.0,0.000,0.000
1.9338,1.908,-23.7,-6.410,1.949,5.941,2.9,8.609,5.930,29.000,25.5,10.633,28.953,96.812,16.7,0.109,96.812,-0.229,14.2,3.836,-0.254,-9.000,25.6,0.744,-9.055,-45.469,46.7,-3.900,-45.562,-102.000,-101.9,4.555,-101.812,0.000,0.0,0.000,0.000,0.000,0.0,0.000,0.000
1.9358,1.870,-20.3,-6.629,1.908,5.957,7.1,8.320,5.941,29.031,16.2,10.094,29.000,96.875,24.2,-0.342,96.812,-0.210,11.6,3.766,-0.229,-8.969,19.7,1.530,-9.000,-45.375,42.3,-2.734,-45.469,-102.188,-94.6,4.527,-102.000,0.000,0.0,0.000,0.000,0.000,0.0,0.000,0.000
1.9378,1.826,-21.7,-6.754,1.870,5.969,6.2,7.965,5.957,29.031,7.7,10.367,29.031,97.000,37.6,-0.840,96.875,-0.191,12.6,5.137,-0.210,-8.953,9.7,2.418,-8.969,-45.312,40.4,-2.143,-45.375,-102.375,-85.7,4.617,-102.188,0.000,0.0,0.000,0.000,0.000,0.0,0.000,0.000
1.9398,1.776,-25.0,-7.855,1.826,5.973,4.0,8.148,5.969,29.031,2.1,10.680,29.031,97.062,46.8,-1.105,97.000,-0.182,9.9,5.500,-0.191,-8.930,11.8,3.244,-8.953,-45.250,32.8,-1.697,-45.312,-102.562,-80.8,4.375,-102.375,0.000,0.0,0.000,0.000,0.000,0.0,0.000,0.000
1.9418,1.723,-27.8,-8.094,1.776,5.961,-0.9,8.188,5.973,29.000,-9.7,11.008,29.031,97.188,47.1,-2.148,97.062,-0.169,9.1,4.680,-0.182,-8.922,7.4,3.535,-8.930,-45.156,36.0,-1.483,-45.250,-102.688,-73.0,4.262,-102.562,0.000,0.0,0.000,0.000,0.000,0.0,0.000,0.000
1.9440,1.682,-24.1,-7.992,1.723,5.961,0.6,8.266,5.961,28.953,-16.6,11.570,29.000,97.312,53.5,-3.875,97.188,-0.169,3.1,5.184,-0.169,-8.930,0.5,3.580,-8.922,-45.094,38.1,-1.329,-45.156,-102.812,-61.2,3.744,-102.688,0.000,0.0,0.000,0.000,0.000,0.0,0.000,0.000
1.9462,1.647,-17.9,-8.062,1.682,5.957,-1.2,7.957,5.961,28.906,-21.0,11.570,28.953,97.375,45.5,-6.312,97.312,-0.166,1.2,5.203,-0.169,-8.898,9.9,3.701,-8.930,-45.031,36.1,-1.211,-45.094,-102.875,-54.2,3.531,-102.812,0.000,0.0,0.000,0.000,0.000,0.0,0.000,0.000
1.9483,1.601,-20.1,-8.125,1.647,5.957,0.6,7.902,5.957,28.875,-20.6,11.359,28.906,97.438,35.3,-6.008,97.375,-0.163,0.1,1.698,-0.166,-8.883,9.1,3.375,-8.898,-44.938,40.5,-1.055,-45.031,-102.938,-41.3,3.184,-102.875,0.000,0.0,0.000,0.000,0.000,0.0,0.000,0.000
1.9506,1.562,-11.7,-1.484,1.601,5.953,-1.6,5.145,5.957,28.828,-16.9,8.898,28.875,97.500,18.1,-4.742,97.438,-0.217,-19.3,-0.669,-0.163,-8.867,6.2,0.975,-8.883,-44.844,30.7,-3.598,-44.938,-103.062,-35.0,3.043,-102.938,0.000,0.0,0.000,0.000,0.000,0.0,0.000,0.000
1.9524,1.606,9.7,-1.031,1.562,5.938,-6.6,4.699,5.953,28.781,-20.9,8.625,28.828,97.500,12.0,-3.475,97.500,-0.282,-30.5,0.356,-0.217,-8.875,-0.3,0.506,-8.867,-44.812,25.6,-3.314,-44.844,-103.125,-26.2,3.189,-103.062,0.000,0.0,0.000,0.000,0.000,0.0,0.000,0.000
1.9538,1.626,12.6,-1.657,1.606,5.930,-6.5,3.783,5.938,28.750,-23.3,7.180,28.781,97.500,8.2,-3.090,97.500,-0.317,-31.7,1.075,-0.282,-8.875,-2.5,-0.850,-8.875,-44.781,20.4,-5.430,-44.812,-103.125,-22.0,3.885,-103.125,0.000,0.0,0.000,0.000,0.000,0.0,0.000,0.000
1.9558,1.710,29.0,-2.291,1.626,5.895,-15.4,3.127,5.930,28.688,-28.9,7.473,28.750,97.500,2.7,-3.072,97.500,-0.414,-40.2,2.646,-0.317,-8.906,-9.7,-0.859,-8.875,-44.781,7.4,-5.957,-44.781,-103.125,-10.5,4.305,-103.125,0.000,0.0,0.000,0.000,0.000,0.0,0.000,0.000
1.9578,1.805,40.7,-3.080,1.710,5.863,-16.3,3.289,5.895,28.609,-34.0,8.398,28.688,97.500,1.9,-3.449,97.500,-0.527,-51.0,2.896,-0.414,-8.938,-12.6,-0.767,-8.906,-44.812,-4.8,-5.793,-44.781,-103.125,0.2,4.398,-103.125,0.000,0.0,0.000,0.000,0.000,0.0,0.000,0.000
1.9598,1.883,38.5,-3.762,1.805,5.828,-15.3,3.637,5.863,28.531,-37.0,9.273,28.609,97.500,-5.9,-3.891,97.500,-0.627,-52.8,3.934,-0.527,-8.984,-18.7,-0.863,-8.938,-44.875,-19.0,-5.617,-44.812,-103.062,13.3,5.125,-103.125,0.000,0.0,0.000,0.000,0.000,0.0,0.000,0.000
1.9618,1.968,39.2,-3.826,1.883,5.789,-16.4,2.164,5.828,28.438,-40.3,8.477,28.531,97.438,-11.2,-3.561,97.500,-0.712,-46.1,4.832,-0.627,-9.031,-22.8,-1.665,-8.984,-44.969,-36.7,-6.793,-44.875,-103.000,21.3,5.559,-103.062,0.000,0.0,0.000,0.000,0.000,0.0,0.000,0.000
1.9638,2.039,35.5,-3.709,1.968,5.750,-18.6,1.201,5.789,28.359,-40.6,7.207,28.438,97.438,-8.3,-2.660,97.438,-0.785,-39.5,5.777,-0.712,-9.070,-21.3,-2.881,-9.031,-45.062,-47.5,-8.305,-44.969,-102.938,35.4,6.535,-103.000,0.000,0.0,0.000,0.000,0.000,0.0,0.000,0.000
1.9658,2.105,32.2,-4.977,2.039,5.711,-17.1,-0.288,5.750,28.266,-46.2,5.645,28.359,97.438,-8.3,-1.047,97.438,-0.825,-26.4,12.031,-0.785,-9.148,-31.1,-4.289,-9.070,-45.219,-62.5,-10.102,-45.062,-102.812,48.2,7.512,-102.938,0.000,0.0,0.000,0.000,0.000,0.0,0.000,0.000
1.9678,2.143,22.9,-9.570,2.105,5.652,-25.8,-0.894,5.711,28.156,-49.0,5.555,28.266,97.438,-1.9,0.041,97.438,-0.785,5.4,12.438,-0.825,-9.227,-38.3,-4.109,-9.148,-45.375,-80.3,-10.867,-45.219,-102.688,66.1,7.020,-102.812,0.000,0.0,0.000,0.000,0.000,0.0,0.000,0.000
1.9700,2.135,5.4,-9.938,2.143,5.590,-30.2,-0.482,5.652,28.031,-58.9,6.668,28.156,97.438,6.1,0.155,97.438,-0.690,32.7,9.289,-0.785,-9.352,-54.9,-3.748,-9.227,-45.594,-97.2,-9.930,-45.375,-102.500,76.9,5.230,-102.688,0.000,0.0,0.000,0.000,0.000,0.0,0.000,0.000
1.9724,2.055,-18.5,-7.469,2.135,5.492,-32.0,0.611,5.590,27.828,-66.7,7.387,28.031,97.500,23.1,0.257,97.438,-0.502,57.8,6.621,-0.690,-9.531,-58.1,-3.703,-9.352,-45.969,-119.4,-9.008,-45.594,-102.250,86.1,2.422,-102.500,0.000,0.0,0.000,0.000,0.000,0.0,0.000,0.000
1.9745,2.002,-23.6,-7.340,2.055,5.434,-29.7,0.909,5.492,27.719,-61.3,7.398,27.828,97.562,29.0,0.110,97.500,-0.352,67.2,5.145,-0.502,-9.617,-47.7,-4.758,-9.531,-46.219,-123.4,-8.781,-45.969,-102.062,83.2,0.667,-102.250,0.000,0.0,0.000,0.000,0.000,0.0,0.000,0.000
1.9765,1.952,-23.8,-6.883,2.002,5.387,-25.7,0.717,5.434,27.609,-58.0,8.234,27.719,97.625,33.8,0.147,97.562,-0.182,77.7,4.168,-0.352,-9.672,-32.0,-6.863,-9.617,-46.469,-124.0,-8.727,-46.219,-101.938,71.8,-0.853,-102.062,0.000,0.0,0.000,0.000,0.000,0.0,0.000,0.000
1.9785,1.914,-17.9,-5.977,1.952,5.344,-24.1,0.429,5.387,27.531,-48.4,7.895,27.609,97.750,39.6,0.104,97.625,-0.038,73.2,3.051,-0.182,-9.719,-24.8,-7.449,-9.672,-46.719,-123.4,-8.906,-46.469,-101.875,58.9,-0.794,-101.938,0.000,0.0,0.000,0.000,0.000,0.0,0.000,0.000
1.9799,1.893,-18.3,-6.176,1.914,5.324,-23.7,0.660,5.344,27.500,-40.8,7.762,27.531,97.812,45.0,0.056,97.750,0.047,77.8,2.896,-0.038,-9.742,-25.0,-7.383,-9.719,-46.844,-121.4,-9.312,-46.719,-101.812,47.0,-0.558,-101.875,0.000,0.0,0.000,0.000,0.000,0.0,0.000,0.000
1.9818,1.873,-12.8,-5.785,1.893,5.297,-18.5,0.676,5.324,27.438,-33.9,7.645,27.500,97.875,48.1,-0.017,97.812,0.179,71.9,1.604,0.047,-9.773,-21.5,-8.211,-9.742,-47.031,-103.8,-9.836,-46.844,-101.750,31.9,-1.194,-101.812,0.000,0.0,0.000,0.000,0.000,0.0,0.000,0.000
1.9838,1.880,-3.8,-5.922,1.873,5.281,-11.3,0.510,5.297,27.406,-22.7,6.859,27.438,98.000,49.7,-0.207,97.875,0.276,57.5,2.168,0.179,-9.828,-23.5,-8.812,-9.773,-47.219,-89.5,-10.273,-47.031,-101.812,8.5,-1.589,-101.750,0.000,0.0,0.000,0.000,0.000,0.0,0.000,0.000
1.9858,1.886,0.2,-6.004,1.880,5.258,-12.0,0.003,5.281,27.375,-14.5,5.645,27.406,98.125,56.2,-0.606,98.000,0.370,51.8,3.143,0.276,-9.906,-36.8,-8.742,-9.828,-47.375,-78.6,-10.422,-47.219,-101.812,-11.7,-1.431,-101.812,0.000,0.0,0.000,0.000,0.000,0.0,0.000,0.000
1.9878,1.890,0.2,-5.953,1.886,5.246,-7.1,-0.317,5.258,27.344,-16.5,4.930,27.375,98.188,54.2,-0.854,98.125,0.427,38.6,4.082,0.370,-9.961,-33.1,-8.336,-9.906,-47.469,-60.1,-10.812,-47.375,-101.938,-31.0,-0.641,-101.812,0.000,0.0,0.000,0.000,0.000,0.0,0.000,0.000
1.9898,1.890,0.7,-5.270,1.890,5.227,-9.1,-0.950,5.246,27.312,-17.8,3.977,27.344,98.312,57.8,-1.229,98.188,0.464,25.4,4.910,0.427,-10.023,-29.8,-8.234,-9.961,-47.562,-47.2,-10.141,-47.469,-102.000,-46.5,0.716,-101.938,0.000,0.0,0.000,0.000,0.000,0.0,0.000,0.000
1.9918,1.861,-9.8,-4.941,1.890,5.207,-11.5,-1.320,5.227,27.266,-21.5,3.178,27.312,98.438,54.2,-1.937,98.312,0.524,26.7,5.148,0.464,-10.070,-23.2,-7.227,-10.023,-47.594,-29.6,-10.680,-47.562,-102.125,-57.5,6.344,-102.000,0.000,0.0,0.000,0.000,0.000,0.0,0.000,0.000
1.9938,1.854,-7.3,-4.168,1.861,5.184,-12.9,-1.199,5.207,27.203,-27.4,3.037,27.266,98.562,49.4,-2.395,98.438,0.549,16.7,4.555,0.524,-10.094,-16.6,-6.129,-10.070,-47.625,-14.0,-11.156,-47.594,-102.250,-55.8,8.641,-102.125,0.000,0.0,0.000,0.000,0.000,0.0,0.000,0.000
1.9958,1.846,-5.9,-2.512,1.854,5.164,-10.2,0.137,5.184,27.125,-33.6,5.934,27.203,98.625,46.8,-3.482,98.562,0.571,9.9,-2.512,0.549,-10.086,-3.5,-3.936,-10.094,-47.625,-6.4,-8.320,-47.625,-102.375,-47.0,6.238,-102.250,0.000,0.0,0.000,0.000,0.000,0.0,0.000,0.000
1.9978,1.864,4.4,2.355,1.846,5.133,-15.4,1.624,5.164,27.062,-32.6,7.176,27.125,98.688,38.6,-3.781,98.625,0.530,-11.0,-1.045,0.571,-10.055,6.7,-3.424,-10.086,-47.562,11.1,-7.273,-47.625,-102.438,-36.1,5.016,-102.375,0.000,0.0,0.000,0.000,0.000,0.0,0.000,0.000
2.0000,1.917,19.7,0.483,1.864,5.137,-3.2,2.555,5.133,27.031,-23.4,8.180,27.062,98.750,23.0,-4.168,98.688,0.455,-27.3,0.479,0.530,-10.016,15.9,-2.271,-10.055,-47.531,21.5,-5.660,-47.562,-102.438,-29.0,3.803,-102.438,0.000,0.0,0.000,0.000,0.000,0.0,0.000,0.000
2.0024,2.002,24.9,-2.201,1.917,5.148,3.1,2.299,5.137,27.031,-1.7,6.973,27.031,98.750,4.8,-3.340,98.750,0.276,-52.0,3.363,0.455,-9.977,15.8,-2.312,-10.016,-47.375,41.5,-6.645,-47.531,-102.500,-22.3,3.824,-102.438,0.000,0.0,0.000,0.000,0.000,0.0,0.000,0.000
2.0046,2.074,32.2,-1.809,2.002,5.191,14.8,1.423,5.148,27.062,11.0,5.773,27.031,98.688,-3.9,-3.021,98.750,0.144,-61.2,4.340,0.276,-9.938,16.8,-2.600,-9.977,-47.281,49.3,-7.949,-47.375,-102.562,-17.5,4.223,-102.500,0.000,0.0,0.000,0.000,0.000,0.0,0.000,0.000
2.0065,2.121,27.5,-1.979,2.074,5.238,21.9,1.096,5.191,27.109,16.9,6.133,27.062,98.688,-10.3,-3.178,98.688,0.022,-60.6,4.438,0.144,-9.930,7.5,-1.794,-9.938,-47.188,48.1,-7.574,-47.281,-102.562,-10.8,4.086,-102.562,0.000,0.0,0.000,0.000,0.000,0.0,0.000,0.000
2.0080,2.143,25.0,-2.248,2.121,5.254,20.6,0.924,5.238,27.141,23.1,5.926,27.109,98.688,-14.3,-3.148,98.688,-0.041,-60.5,4.473,0.022,-9.930,4.7,-1.628,-9.930,-47.125,51.4,-7.598,-47.188,-102.562,-11.9,4.031,-102.562,0.000,0.0,0.000,0.000,0.000,0.0,0.000,0.000
2.0098,2.188,22.4,-2.229,2.143,5.293,19.7,1.198,5.254,27.188,27.3,7.848,27.141,98.625,-24.8,-4.363,98.688,-0.173,-63.5,4.965,-0.041,-9.906,7.5,-0.240,-9.930,-47.031,43.9,-6.344,-47.125,-102.562,-8.7,3.535,-102.562,0.000,0.0,0.000,0.000,0.000,0.0,0.000,0.000
2.0118,2.225,19.8,-5.637,2.188,5.359,29.4,2.719,5.293,27.281,39.5,11.938,27.188,98.500,-36.9,-6.980,98.625,-0.251,-46.2,10.352,-0.173,-9.883,11.7,1.662,-9.906,-46.938,44.1,-2.748,-47.031,-102.562,-4.1,2.246,-102.562,0.000,0.0,0.000,0.000,0.000,0.0,0.000,0.000
2.0138,2.225,5.9,-11.391,2.225,5.434,36.8,4.145,5.359,27.406,55.5,12.633,27.281,98.375,-49.8,-8.453,98.500,-0.301,-29.0,12.281,-0.251,-9.828,21.9,2.832,-9.883,-46.844,52.9,-2.809,-46.938,-102.562,-3.8,0.826,-102.562,0.000,0.0,0.000,0.000,0.000,0.0,0.000,0.000
2.0158,2.178,-13.8,-12.141,2.225,5.512,39.8,4.391,5.434,27.594,77.6,11.773,27.406,98.250,-67.9,-7.676,98.375,-0.286,-5.3,9.180,-0.301,-9.766,28.9,2.039,-9.828,-46.719,56.4,-3.498,-46.844,-102.625,-4.7,0.605,-102.562,0.000,0.0,0.000,0.000,0.000,0.0,0.000,0.000
2.0178,2.070,-38.9,-9.727,2.178,5.641,58.0,3.355,5.512,27.797,94.8,11.891,27.594,98.062,-88.7,-7.645,98.250,-0.251,7.4,7.297,-0.286,-9.688,38.0,1.201,-9.766,-46.594,59.7,-4.250,-46.719,-102.625,-8.7,0.438,-102.625,0.000,0.0,0.000,0.000,0.000,0.0,0.000,0.000
2.0198,1.980,-41.9,-8.719,2.070,5.770,63.2,2.740,5.641,28.031,108.1,11.500,27.797,97.812,-105.5,-6.812,98.062,-0.182,22.7,5.637,-0.251,-9.609,38.6,0.437,-9.688,-46.469,60.9,-4.875,-46.594,-102.688,-18.0,0.604,-102.625,0.000,0.0,0.000,0.000,0.000,0.0,0.000,0.000
2.0218,1.867,-49.6,-7.875,1.980,5.898,63.4,2.441,5.770,28.266,115.0,11.453,28.031,97.562,-120.7,-5.133,97.812,-0.119,28.2,4.816,-0.182,-9.539,36.3,-0.520,-9.609,-46.344,58.2,-5.195,-46.469,-102.750,-23.7,0.649,-102.688,0.000,0.0,0.000,0.000,0.000,0.0,0.000,0.000
2.0238,1.776,-46.7,-7.535,1.867,6.023,62.1,3.139,5.898,28.516,119.3,11.383,28.266,97.312,-122.9,-3.393,97.562,-0.060,30.8,3.914,-0.119,-9.469,32.7,-1.057,-9.539,-46.250,53.0,-5.762,-46.344,-102.812,-26.8,0.564,-102.750,0.000,0.0,0.000,0.000,0.000,0.0,0.000,0.000
2.0262,1.676,-50.2,-7.109,1.776,6.109,48.4,4.926,6.023,28.750,119.8,11.945,28.516,97.062,-118.8,-1.318,97.312,-0.031,20.6,4.430,-0.060,-9.414,26.8,-1.613,-9.469,-46.156,46.2,-6.105,-46.250,-102.875,-33.8,0.361,-102.812,0.000,0.0,0.000,0.000,0.000,0.0,0.000,0.000
2.0281,1.588,-45.7,-6.363,1.676,6.141,27.4,7.117,6.109,28.969,113.6,12.336,28.750,96.875,-109.2,0.221,97.062,0.013,20.3,3.742,-0.031,-9.367,24.3,-1.474,-9.414,-46.094,38.0,-6.027,-46.156,-102.938,-39.8,0.193,-102.875,0.000,0.0,0.000,0.000,0.000,0.0,0.000,0.000
2.0302,1.487,-47.5,-5.488,1.588,6.137,9.9,8.500,6.141,29.188,109.4,12.844,28.969,96.625,-99.2,1.196,96.875,0.025,10.6,4.191,0.013,-9.359,12.8,-1.155,-9.367,-46.031,29.5,-5.613,-46.094,-103.062,-45.9,0.337,-102.938,0.000,0.0,0.000,0.000,0.000,0.0,0.000,0.000
2.0322,1.425,-38.1,-6.062,1.487,6.125,1.2,10.094,6.137,29.406,108.9,13.281,29.188,96.500,-79.1,1.780,96.625,0.047,10.3,4.508,0.025,-9.352,4.8,-0.852,-9.359,-46.000,23.8,-5.855,-46.031,-103.188,-51.6,0.400,-103.062,0.000,0.0,0.000,0.000,0.000,0.0,0.000,0.000
2.0338,1.381,-27.7,-7.035,1.425,6.133,2.8,10.680,6.125,29.594,97.3,13.250,29.406,96.438,-61.9,1.600,96.500,0.044,3.1,5.324,0.047,-9.336,5.5,-0.129,-9.352,-46.000,12.4,-5.371,-46.000,-103.250,-53.4,0.566,-103.188,0.000,0.0,0.000,0.000,0.000,0.0,0.000,0.000
2.0358,1.331,-26.4,-8.016,1.381,6.145,4.8,11.000,6.133,29.766,91.6,13.500,29.594,96.375,-31.0,1.003,96.438,0.047,1.5,5.629,0.044,-9.367,-5.5,0.527,-9.336,-45.969,11.2,-4.902,-46.000,-103.375,-60.7,0.708,-103.250,0.000,0.0,0.000,0.000,0.000,0.0,0.000,0.000
2.0378,1.296,-21.9,-8.266,1.331,6.156,5.9,11.062,6.145,29.922,82.1,13.062,29.766,96.375,-13.0,-0.517,96.375,0.050,0.3,5.395,0.047,-9.375,-3.2,1.292,-9.367,-45.969,5.9,-4.004,-45.969,-103.500,-60.9,1.114,-103.375,0.000,0.0,0.000,0.000,0.000,0.0,0.000,0.000
2.0398,1.268,-16.4,-8.281,1.296,6.184,10.8,11.273,6.156,30.047,69.5,11.812,29.922,96.375,4.0,-3.463,96.375,0.053,-0.2,5.359,0.050,-9.398,-8.6,2.703,-9.375,-45.969,3.0,-3.277,-45.969,-103.625,-64.2,1.632,-103.500,0.000,0.0,0.000,0.000,0.000,0.0,0.000,0.000
2.0418,1.236,-16.9,-8.922,1.268,6.188,7.3,10.922,6.184,30.141,53.4,11.875,30.047,96.438,15.2,-5.688,96.375,0.053,-0.8,5.328,0.053,-9.391,-0.7,2.973,-9.398,-45.938,2.8,-2.490,-45.969,-103.750,-61.9,2.123,-103.625,0.000,0.0,0.000,0.000,0.000,0.0,0.000,0.000
2.0438,1.239,-5.9,-9.633,1.236,6.195,4.6,9.789,6.188,30.188,32.0,10.930,30.141,96.500,13.2,-7.043,96.438,0.056,1.1,5.289,0.053,-9.383,2.2,3.184,-9.391,-45.938,3.6,-1.377,-45.938,-103.875,-58.1,2.877,-103.750,0.000,0.0,0.000,0.000,0.000,0.0,0.000,0.000
2.0458,1.239,-1.3,-9.633,1.239,6.195,0.6,9.508,6.195,30.188,13.8,11.992,30.188,96.500,5.4,-8.562,96.500,0.056,2.3,5.039,0.056,-9.359,8.1,2.965,-9.383,-45.938,6.1,-0.963,-45.938,-104.000,-49.8,3.092,-103.875,0.000,0.0,0.000,0.000,0.000,0.0,0.000,0.000
2.0478,1.246,-0.2,-9.336,1.239,6.199,-0.4,8.344,6.195,30.156,-5.5,12.352,30.188,96.438,-5.7,-8.688,96.500,0.031,-6.0,4.188,0.056,-9.336,8.8,2.328,-9.359,-45.906,11.1,-0.887,-45.938,-104.062,-40.1,3.357,-104.000,0.000,0.0,0.000,0.000,0.000,0.0,0.000,0.000
2.0498,1.259,3.5,-5.926,1.246,6.207,2.7,6.141,6.199,30.109,-17.8,10.891,30.156,96.438,-9.2,-6.184,96.438,0.006,-11.4,-0.638,0.031,-9.328,7.0,0.798,-9.336,-45.875,12.9,-2.043,-45.906,-104.125,-32.0,4.539,-104.062,0.000,0.0,0.000,0.000,0.000,0.0,0.000,0.000
2.0518,1.293,11.1,-2.242,1.259,6.203,0.2,4.766,6.207,30.031,-30.2,10.609,30.109,96.375,-18.0,-5.289,96.438,-0.050,-22.0,-0.276,0.006,-9.352,-5.1,0.828,-9.328,-45.844,12.5,-3.400,-45.875,-104.125,-19.7,4.441,-104.125,0.000,0.0,0.000,0.000,0.000,0.0,0.000,0.000
2.0540,1.371,27.7,-2.434,1.293,6.195,-1.6,4.449,6.203,29.969,-30.8,10.586,30.031,96.375,-15.4,-5.141,96.375,-0.141,-35.3,1.230,-0.050,-9.375,-11.0,1.014,-9.352,-45.812,9.2,-3.840,-45.844,-104.125,-8.5,4.176,-104.125,0.000,0.0,0.000,0.000,0.000,0.0,0.000,0.000
2.0560,1.459,36.6,-3.545,1.371,6.184,-3.2,3.926,6.195,29.891,-35.4,9.922,29.969,96.312,-12.4,-5.223,96.375,-0.276,-56.5,2.344,-0.141,-9.414,-14.8,0.933,-9.375,-45.844,1.3,-4.359,-45.812,-104.125,4.6,4.289,-104.125,0.000,0.0,0.000,0.000,0.000,0.0,0.000,0.000
2.0580,1.560,42.7,-4.227,1.459,6.164,-7.4,3.637,6.184,29.812,-36.6,9.453,29.891,96.312,-14.7,-4.879,96.312,-0.376,-54.6,3.518,-0.276,-9.453,-18.5,0.536,-9.414,-45.844,-7.1,-4.066,-45.844,-104.062,14.2,4.121,-104.125,0.000,0.0,0.000,0.000,0.000,0.0,0.000,0.000
2.0601,1.657,44.9,-3.963,1.560,6.152,-8.3,3.139,6.164,29.734,-39.2,9.062,29.812,96.312,-6.6,-4.957,96.312,-0.493,-55.9,4.668,-0.376,-9.477,-16.3,-0.550,-9.453,-45.906,-15.1,-4.812,-45.844,-104.000,22.5,4.473,-104.062,0.000,0.0,0.000,0.000,0.000,0.0,0.000,0.000
2.0618,1.751,46.8,-3.758,1.657,6.152,-4.9,2.213,6.152,29.672,-36.3,8.367,29.734,96.312,-6.8,-4.676,96.312,-0.593,-50.9,5.672,-0.493,-9.508,-15.1,-1.528,-9.477,-45.969,-27.6,-6.059,-45.906,-103.938,33.9,5.242,-104.000,0.000,0.0,0.000,0.000,0.000,0.0,0.000,0.000
2.0638,1.817,39.4,-3.938,1.751,6.148,-3.0,1.304,6.152,29.594,-35.2,6.758,29.672,96.312,-1.3,-3.203,96.312,-0.671,-41.7,8.008,-0.593,-9.547,-16.4,-2.688,-9.508,-46.031,-39.5,-7.500,-45.969,-103.812,46.1,6.016,-103.938,0.000,0.0,0.000,0.000,0.000,0.0,0.000,0.000
2.0658,1.867,29.2,-5.926,1.817,6.125,-7.9,0.380,6.148,29.516,-40.0,5.914,29.594,96.312,3.0,-1.894,96.312,-0.722,-29.2,10.602,-0.671,-9.602,-23.6,-4.254,-9.547,-46.156,-53.5,-9.281,-46.031,-103.688,60.7,7.027,-103.812,0.000,0.0,0.000,0.000,0.000,0.0,0.000,0.000
2.0678,1.908,21.8,-8.383,1.867,6.102,-11.0,-1.428,6.125,29.422,-47.0,5.031,29.516,96.375,18.0,-0.609,96.312,-0.715,-7.8,12.984,-0.722,-9.680,-33.8,-4.219,-9.602,-46.344,-74.3,-9.508,-46.156,-103.500,77.9,7.266,-103.688,0.000,0.0,0.000,0.000,0.000,0.0,0.000,0.000
2.0698,1.914,8.5,-11.188,1.908,6.055,-19.9,-1.208,6.102,29.312,-50.0,5.523,29.422,96.438,27.6,-0.395,96.375,-0.649,17.7,11.352,-0.715,-9.781,-44.7,-3.867,-9.680,-46.562,-96.8,-10.117,-46.344,-103.375,85.1,4.289,-103.500,0.000,0.0,0.000,0.000,0.000,0.0,0.000,0.000
2.0718,1.857,-15.0,-8.953,1.914,6.000,-25.4,-0.414,6.055,29.203,-54.7,6.070,29.312,96.562,46.6,-0.411,96.438,-0.527,45.4,8.656,-0.649,-9.914,-60.4,-3.344,-9.781,-46.812,-116.0,-9.094,-46.562,-103.188,90.8,1.661,-103.375,0.000,0.0,0.000,0.000,0.000,0.0,0.000,0.000
2.0738,1.782,-29.5,-7.156,1.857,5.961,-21.9,0.248,6.000,29.094,-51.6,6.965,29.203,96.625,54.2,-0.427,96.562,-0.402,55.7,6.648,-0.527,-10.039,-59.3,-4.047,-9.914,-47.094,-126.2,-8.391,-46.812,-103.000,90.4,-0.639,-103.188,0.000,0.0,0.000,0.000,0.000,0.0,0.000,0.000
2.0758,1.710,-34.5,-6.012,1.782,5.902,-25.2,0.371,5.961,29.000,-47.4,6.992,29.094,96.812,67.4,-0.333,96.625,-0.251,65.2,4.480,-0.402,-10.141,-53.6,-5.789,-10.039,-47.344,-128.0,-8.008,-47.094,-102.812,76.4,-1.423,-103.000,0.000,0.0,0.000,0.000,0.000,0.0,0.000,0.000
2.0778,1.645,-32.8,-4.613,1.710,5.867,-20.9,-0.044,5.902,28.922,-43.9,6.742,29.000,96.938,73.9,-0.769,96.812,-0.097,73.1,4.215,-0.251,-10.219,-42.3,-6.328,-10.141,-47.625,-131.8,-8.070,-47.344,-102.750,63.2,-1.960,-102.812,0.000,0.0,0.000,0.000,0.000,0.0,0.000,0.000
2.0798,1.588,-28.7,-4.277,1.645,5.844,-16.0,0.125,5.867,28.859,-33.7,6.609,28.922,97.125,82.2,-1.226,96.938,0.019,63.0,2.176,-0.097,-10.258,-27.6,-6.906,-10.219,-47.875,-124.1,-8.297,-47.625,-102.688,39.6,-1.316,-102.750,0.000,0.0,0.000,0.000,0.000,0.0,0.000,0.000
2.0818,1.560,-18.5,-4.238,1.588,5.812,-16.3,0.016,5.844,28.812,-26.9,6.137,28.859,97.312,89.7,-1.522,97.125,0.132,56.6,2.008,0.019,-10.289,-21.1,-8.508,-10.258,-48.062,-112.2,-8.984,-47.875,-102.688,18.9,-1.391,-102.688,0.000,0.0,0.000,0.000,0.000,0.0,0.000,0.000
2.0841,1.554,-7.2,-4.348,1.560,5.801,-10.2,-0.233,5.812,28.797,-19.4,5.258,28.812,97.500,90.2,-1.971,97.312,0.223,49.4,2.734,0.132,-10.297,-10.8,-8.602,-10.289,-48.250,-94.9,-9.062,-48.062,-102.688,1.8,-0.991,-102.688,0.000,0.0,0.000,0.000,0.000,0.0,0.000,0.000
2.0862,1.541,-4.6,-4.500,1.554,5.785,-8.8,-0.859,5.801,28.766,-14.3,4.652,28.797,97.688,93.3,-2.221,97.500,0.273,33.8,3.674,0.223,-10.328,-13.7,-9.000,-10.297,-48.375,-76.1,-9.266,-48.250,-102.750,-19.0,-0.920,-102.688,0.000,0.0,0.000,0.000,0.000,0.0,0.000,0.000
2.0883,1.547,0.9,-4.656,1.541,5.770,-7.8,-1.085,5.785,28.750,-13.7,3.703,28.766,97.938,96.2,-2.314,97.688,0.317,26.0,4.914,0.273,-10.375,-20.3,-8.133,-10.328,-48.469,-53.4,-10.375,-48.375,-102.875,-36.2,-0.326,-102.750,0.000,0.0,0.000,0.000,0.000,0.0,0.000,0.000
2.0905,1.538,-2.1,-5.203,1.547,5.738,-10.2,-1.363,5.770,28.703,-15.9,2.627,28.750,98.188,95.2,-3.355,97.938,0.354,16.2,6.840,0.317,-10.445,-23.1,-7.562,-10.375,-48.531,-26.0,-9.953,-48.469,-103.000,-55.2,0.957,-102.875,0.000,0.0,0.000,0.000,0.000,0.0,0.000,0.000
2.0920,1.522,-8.3,-5.691,1.538,5.723,-12.3,-1.479,5.738,28.688,-16.0,2.744,28.703,98.250,90.9,-3.334,98.188,0.370,15.0,6.508,0.354,-10.469,-25.4,-7.555,-10.445,-48.500,-12.4,-10.508,-48.531,-103.125,-63.3,1.280,-103.000,0.000,0.0,0.000,0.000,0.000,0.0,0.000,0.000
2.0938,1.510,-7.8,-5.297,1.522,5.691,-14.6,-1.881,5.723,28.641,-20.8,2.215,28.688,98.438,86.4,-3.654,98.250,0.411,18.8,7.434,0.370,-10.500,-20.0,-7.887,-10.469,-48.500,2.6,-10.328,-48.500,-103.250,-67.2,2.176,-103.125,0.000,0.0,0.000,0.000,0.000,0.0,0.000,0.000
2.0958,1.479,-13.0,-5.094,1.510,5.656,-16.2,-2.271,5.691,28.578,-27.0,1.809,28.641,98.562,76.2,-3.795,98.438,0.442,17.3,7.246,0.411,-10.523,-13.4,-7.484,-10.500,-48.438,13.5,-10.039,-48.500,-103.375,-68.4,2.416,-103.250,0.000,0.0,0.000,0.000,0.000,0.0,0.000,0.000
2.0978,1.440,-17.5,-4.496,1.479,5.602,-23.6,-2.057,5.656,28.516,-30.0,1.340,28.578,98.688,68.9,-3.791,98.562,0.490,21.6,4.008,0.442,-10.539,-9.1,-5.004,-10.523,-48.406,20.7,-9.781,-48.438,-103.562,-76.7,3.732,-103.375,0.000,0.0,0.000,0.000,0.000,0.0,0.000,0.000
2.0998,1.415,-14.3,-0.397,1.440,5.547,-26.3,0.178,5.602,28.438,-34.5,3.160,28.516,98.812,63.4,-3.424,98.688,0.496,9.0,-0.124,0.490,-10.547,-4.5,-3.766,-10.539,-48.344,25.0,-8.133,-48.406,-103.688,-63.6,5.797,-103.562,0.000,0.0,0.000,0.000,0.000,0.0,0.000,0.000
2.1018,1.415,-4.4,1.346,1.415,5.492,-27.0,1.503,5.547,28.359,-34.1,4.750,28.438,98.938,53.2,-3.289,98.812,0.455,-11.3,-0.201,0.496,-10.531,1.2,-3.504,-10.547,-48.281,32.9,-6.758,-48.344,-103.750,-56.1,5.363,-103.688,0.000,0.0,0.000,0.000,0.000,0.0,0.000,0.000
2.1038,1.446,7.8,0.655,1.415,5.449,-22.1,2.352,5.492,28.312,-25.0,5.648,28.359,99.000,44.3,-3.727,98.938,0.374,-31.7,0.641,0.455,-10.516,5.3,-2.287,-10.531,-48.188,36.3,-6.055,-48.281,-103.812,-42.8,4.559,-103.750,0.000,0.0,0.000,0.000,0.000,0.0,0.000,0.000
2.1058,1.503,19.8,-0.396,1.446,5.438,-11.8,2.939,5.449,28.297,-14.5,6.438,28.312,99.062,34.5,-4.223,99.000,0.264,-48.3,1.659,0.374,-10.484,10.2,-1.222,-10.516,-48.062,51.5,-4.477,-48.188,-103.875,-34.2,3.459,-103.812,0.000,0.0,0.000,0.000,0.000,0.0,0.000,0.000
2.1080,1.569,27.5,-1.395,1.503,5.477,8.1,1.931,5.438,28.312,2.0,5.137,28.297,99.062,20.9,-3.584,99.062,0.138,-57.7,3.594,0.264,-10.445,16.5,-2.346,-10.484,-47.938,61.3,-6.758,-48.062,-103.938,-25.2,4.055,-103.875,0.000,0.0,0.000,0.000,0.000,0.0,0.000,0.000
2.1100,1.638,32.3,-1.696,1.569,5.520,17.3,1.229,5.477,28.359,18.0,5.152,28.312,99.062,7.4,-3.650,99.062,-0.009,-66.4,4.027,0.138,-10.414,15.1,-2.111,-10.445,-47.812,61.3,-6.938,-47.938,-103.938,-16.9,3.912,-103.938,0.000,0.0,0.000,0.000,0.000,0.0,0.000,0.000
2.1122,1.679,25.8,-2.188,1.638,5.582,27.4,0.844,5.520,28.422,26.8,4.863,28.359,99.062,0.1,-3.260,99.062,-0.147,-67.6,5.363,-0.009,-10.375,18.7,-2.115,-10.414,-47.688,65.0,-7.121,-47.812,-104.000,-9.0,3.818,-103.938,0.000,0.0,0.000,0.000,0.000,0.0,0.000,0.000
2.1139,1.717,20.2,-2.059,1.679,5.625,22.9,0.428,5.582,28.500,35.1,6.289,28.422,99.062,-6.7,-3.402,99.062,-0.282,-67.2,6.215,-0.147,-10.336,18.8,-0.936,-10.375,-47.562,60.5,-7.316,-47.688,-103.938,-0.7,3.736,-104.000,0.000,0.0,0.000,0.000,0.000,0.0,0.000,0.000
2.1158,1.767,23.4,-3.260,1.717,5.676,23.1,1.089,5.625,28.594,42.6,9.086,28.500,99.000,-22.6,-4.570,99.062,-0.398,-60.8,6.234,-0.282,-10.297,19.8,0.538,-10.336,-47.438,61.3,-5.762,-47.562,-103.938,5.2,3.031,-103.938,0.000,0.0,0.000,0.000,0.000,0.0,0.000,0.000
2.1178,1.795,19.4,-4.816,1.767,5.754,33.8,3.141,5.676,28.719,56.6,11.000,28.594,98.938,-31.4,-6.383,99.000,-0.483,-48.8,12.117,-0.398,-10.234,26.2,1.564,-10.297,-47.344,58.1,-4.148,-47.438,-103.938,3.3,2.213,-103.938,0.000,0.0,0.000,0.000,0.000,0.0,0.000,0.000
2.1198,1.798,8.6,-12.977,1.795,5.844,41.3,4.250,5.754,28.891,77.2,11.562,28.719,98.812,-41.8,-8.047,98.938,-0.530,-32.4,12.367,-0.483,-10.172,32.0,1.605,-10.234,-47.219,59.7,-3.484,-47.344,-103.875,7.6,1.280,-103.938,0.000,0.0,0.000,0.000,0.000,0.0,0.000,0.000
2.1218,1.751,-12.9,-13.297,1.798,5.953,50.8,3.670,5.844,29.109,93.8,11.125,28.891,98.688,-69.4,-8.391,98.812,-0.502,-2.1,9.344,-0.530,-10.086,37.7,1.182,-10.172,-47.094,62.5,-3.793,-47.219,-103.875,9.4,0.707,-103.875,0.000,0.0,0.000,0.000,0.000,0.0,0.000,0.000
2.1238,1.673,-31.0,-10.594,1.751,6.086,60.9,3.125,5.953,29.344,109.7,10.570,29.109,98.438,-89.3,-8.344,98.688,-0.458,13.7,7.227,-0.502,-9.992,40.4,0.633,-10.086,-46.969,63.0,-4.363,-47.094,-103.875,1.0,0.839,-103.875,0.000,0.0,0.000,0.000,0.000,0.0,0.000,0.000
2.1258,1.578,-42.4,-9.227,1.673,6.227,66.5,2.588,6.086,29.594,118.8,10.305,29.344,98.250,-103.9,-7.375,98.438,-0.405,20.7,6.020,-0.458,-9.906,44.4,-0.224,-9.992,-46.844,64.1,-4.750,-46.969,-103.875,-1.0,0.564,-103.875,0.000,0.0,0.000,0.000,0.000,0.0,0.000,0.000
2.1278,1.487,-44.2,-8.148,1.578,6.355,64.8,3.043,6.227,29.859,132.8,10.320,29.594,98.000,-118.8,-6.008,98.250,-0.342,24.8,4.262,-0.405,-9.836,38.3,-0.865,-9.906,-46.719,63.0,-5.336,-46.844,-103.875,-1.6,0.507,-103.875,0.000,0.0,0.000,0.000,0.000,0.0,0.000,0.000
2.1298,1.396,-42.7,-6.773,1.487,6.430,47.3,4.816,6.355,30.109,126.7,10.836,29.859,97.688,-129.2,-4.004,98.000,-0.270,30.6,3.441,-0.342,-9.773,33.3,-1.691,-9.836,-46.594,62.3,-6.344,-46.719,-103.938,-8.7,0.191,-103.875,0.000,0.0,0.000,0.000,0.000,0.0,0.000,0.000
2.1318,1.290,-47.3,-6.027,1.396,6.453,23.8,6.949,6.430,30.359,126.1,11.375,30.109,97.438,-133.2,-1.519,97.688,-0.223,24.9,3.139,-0.270,-9.719,27.7,-1.827,-9.773,-46.500,50.3,-6.797,-46.594,-103.938,-12.4,-0.113,-103.938,0.000,0.0,0.000,0.000,0.000,0.0,0.000,0.000
2.1341,1.202,-44.3,-5.789,1.290,6.438,3.8,8.664,6.453,30.609,126.7,11.812,30.359,97.188,-128.8,-0.434,97.438,-0.195,17.8,3.785,-0.223,-9.695,17.0,-1.729,-9.719,-46.406,46.7,-6.777,-46.500,-104.000,-16.1,-0.230,-103.938,0.000,0.0,0.000,0.000,0.000,0.0,0.000,0.000
2.1363,1.148,-31.7,-6.598,1.202,6.426,-0.9,10.195,6.438,30.812,110.9,13.055,30.609,97.000,-109.6,0.302,97.188,-0.182,10.2,4.578,-0.195,-9.672,12.9,-1.415,-9.695,-46.344,41.3,-7.062,-46.406,-104.062,-21.5,-0.306,-104.000,0.000,0.0,0.000,0.000,0.000,0.0,0.000,0.000
2.1384,1.067,-28.5,-7.406,1.148,6.438,3.0,10.930,6.426,31.125,101.8,13.570,30.812,96.750,-82.6,0.791,97.000,-0.160,5.7,4.648,-0.182,-9.664,6.5,-0.588,-9.672,-46.250,26.1,-6.621,-46.344,-104.125,-26.6,-0.224,-104.062,0.000,0.0,0.000,0.000,0.000,0.0,0.000,0.000
2.1404,1.026,-25.0,-7.629,1.067,6.453,5.1,11.359,6.438,31.281,89.0,13.898,31.125,96.625,-65.4,-0.104,96.750,-0.141,7.8,5.344,-0.160,-9.672,1.4,0.384,-9.664,-46.219,23.7,-5.848,-46.250,-104.188,-35.1,0.019,-104.125,0.000,0.0,0.000,0.000,0.000,0.0,0.000,0.000
2.1418,1.011,-21.2,-7.773,1.026,6.473,11.8,11.742,6.453,31.344,80.1,14.281,31.281,96.562,-55.1,-0.327,96.625,-0.138,6.4,5.344,-0.141,-9.672,0.1,0.239,-9.672,-46.188,21.3,-5.938,-46.219,-104.250,-35.4,0.088,-104.188,0.000,0.0,0.000,0.000,0.000,0.0,0.000,0.000
2.1438,0.976,-18.5,-8.219,1.011,6.484,8.0,11.789,6.473,31.453,65.8,14.117,31.344,96.562,-38.0,-1.490,96.562,-0.132,5.5,5.875,-0.138,-9.672,1.9,1.509,-9.672,-46.156,16.2,-5.102,-46.188,-104.312,-41.4,0.346,-104.250,0.000,0.0,0.000,0.000,0.000,0.0,0.000,0.000
2.1458,0.929,-21.2,-8.422,0.976,6.504,8.7,11.273,6.484,31.531,47.4,13.844,31.453,96.500,-20.1,-3.633,96.562,-0.125,4.3,5.738,-0.132,-9.672,0.6,2.117,-9.672,-46.125,16.6,-4.148,-46.156,-104.375,-41.3,0.845,-104.312,0.000,0.0,0.000,0.000,0.000,0.0,0.000,0.000
2.1478,0.907,-13.8,-8.641,0.929,6.504,2.7,10.617,6.504,31.578,32.8,12.758,31.531,96.500,-4.3,-7.211,96.500,-0.125,1.9,5.242,-0.125,-9.656,3.3,2.316,-9.672,-46.094,14.8,-2.754,-46.125,-104.500,-42.1,1.280,-104.375,0.000,0.0,0.000,0.000,0.000,0.0,0.000,0.000
2.1498,0.879,-14.3,-8.445,0.907,6.504,-0.7,10.070,6.504,31.562,11.0,13.734,31.578,96.500,-6.8,-8.250,96.500,-0.129,-0.7,5.355,-0.125,-9.633,7.7,2.438,-9.656,-46.094,11.7,-2.344,-46.094,-104.562,-39.3,1.668,-104.500,0.000,0.0,0.000,0.000,0.000,0.0,0.000,0.000
2.1518,0.891,-1.0,-9.156,0.879,6.492,-4.5,9.539,6.504,31.531,-5.3,13.938,31.562,96.438,-15.2,-10.883,96.500,-0.135,-1.1,5.703,-0.129,-9.609,11.5,2.701,-9.633,-46.031,20.5,-1.662,-46.094,-104.625,-36.6,2.439,-104.562,0.000,0.0,0.000,0.000,0.000,0.0,0.000,0.000
2.1538,0.882,-3.2,-6.691,0.891,6.504,2.2,7.320,6.492,31.500,-15.3,11.453,31.531,96.438,-23.2,-8.648,96.438,-0.157,-8.0,-0.220,-0.135,-9.609,7.6,1.622,-9.609,-46.000,19.3,-3.203,-46.031,-104.688,-30.3,4.574,-104.625,0.000,0.0,0.000,0.000,0.000,0.0,0.000,0.000
2.1558,0.917,10.5,-1.732,0.882,6.496,-2.0,5.184,6.504,31.438,-23.7,9.805,31.500,96.375,-29.2,-5.727,96.438,-0.223,-25.3,-0.278,-0.157,-9.617,-0.6,0.582,-9.609,-45.938,22.6,-4.648,-46.000,-104.688,-18.0,5.832,-104.688,0.000,0.0,0.000,0.000,0.000,0.0,0.000,0.000
2.1578,0.985,26.1,-1.776,0.917,6.480,-5.9,4.008,6.496,31.359,-34.1,9.000,31.438,96.312,-31.6,-4.773,96.375,-0.298,-33.3,0.941,-0.223,-9.633,-5.4,0.093,-9.617,-45.938,12.7,-5.859,-45.938,-104.688,-6.3,5.562,-104.688,0.000,0.0,0.000,0.000,0.000,0.0,0.000,0.000
2.1598,1.070,35.8,-2.867,0.985,6.465,-7.7,3.699,6.480,31.281,-38.6,9.336,31.359,96.250,-30.6,-5.355,96.312,-0.411,-46.4,2.535,-0.298,-9.680,-15.5,0.628,-9.633,-45.938,0.3,-5.078,-45.938,-104.688,11.9,4.973,-104.688,0.000,0.0,0.000,0.000,0.000,0.0,0.000,0.000
2.1618,1.180,48.0,-3.496,1.070,6.438,-11.8,3.852,6.465,31.188,-43.1,9.570,31.281,96.188,-26.6,-5.586,96.250,-0.524,-52.2,3.148,-0.411,-9.703,-14.0,0.481,-9.680,-45.969,-4.3,-5.305,-45.938,-104.625,22.3,5.184,-104.688,0.000,0.0,0.000,0.000,0.000,0.0,0.000,0.000
2.1638,1.271,45.8,-3.830,1.180,6.418,-10.2,3.486,6.438,31.078,-50.0,9.391,31.188,96.125,-19.9,-5.652,96.188,-0.644,-56.2,4.492,-0.524,-9.742,-16.2,-0.257,-9.703,-46.000,-18.1,-6.227,-45.969,-104.562,37.5,5.703,-104.625,0.000,0.0,0.000,0.000,0.000,0.0,0.000,0.000
2.1660,1.309,41.7,-3.738,1.271,6.414,-8.2,2.873,6.418,31.047,-45.3,9.438,31.078,96.125,-17.0,-5.723,96.125,-0.693,-54.0,4.465,-0.644,-9.766,-16.4,-0.375,-9.742,-46.031,-20.9,-5.836,-46.000,-104.500,41.0,5.391,-104.562,0.000,0.0,0.000,0.000,0.000,0.0,0.000,0.000
2.1681,1.440,40.7,-3.869,1.309,6.406,-2.8,1.687,6.414,30.922,-40.9,7.070,31.047,96.062,-13.0,-5.062,96.125,-0.844,-51.4,7.906,-0.693,-9.805,-14.7,-1.451,-9.766,-46.156,-40.3,-8.062,-46.031,-104.312,58.4,6.027,-104.500,0.000,0.0,0.000,0.000,0.000,0.0,0.000,0.000
2.1698,1.510,37.1,-5.055,1.440,6.383,-7.1,0.638,6.406,30.844,-40.8,5.672,30.922,96.125,-2.5,-3.758,96.062,-0.888,-33.5,9.234,-0.844,-9.859,-23.4,-2.672,-9.805,-46.281,-55.5,-9.523,-46.156,-104.125,71.2,7.137,-104.312,0.000,0.0,0.000,0.000,0.000,0.0,0.000,0.000
2.1718,1.544,24.4,-6.156,1.510,6.363,-9.0,-0.869,6.383,30.750,-43.5,4.867,30.844,96.125,5.6,-2.289,96.125,-0.897,-14.9,14.336,-0.888,-9.906,-23.7,-3.613,-9.859,-46.469,-74.9,-10.094,-46.281,-104.000,83.6,6.594,-104.125,0.000,0.0,0.000,0.000,0.000,0.0,0.000,0.000
2.1738,1.566,15.8,-11.945,1.544,6.320,-17.5,-1.419,6.363,30.656,-49.8,5.172,30.750,96.188,23.8,-0.499,96.125,-0.829,17.1,11.844,-0.897,-9.992,-35.5,-4.305,-9.906,-46.688,-98.1,-10.461,-46.469,-103.750,98.2,4.949,-104.000,0.000,0.0,0.000,0.000,0.000,0.0,0.000,0.000
2.1758,1.547,3.2,-10.250,1.566,6.297,-20.7,-1.162,6.320,30.609,-49.6,5.340,30.656,96.250,30.9,-0.474,96.188,-0.781,28.4,10.523,-0.829,-10.055,-44.9,-3.988,-9.992,-46.781,-107.3,-10.008,-46.688,-103.688,96.4,4.023,-103.750,0.000,0.0,0.000,0.000,0.000,0.0,0.000,0.000
2.1778,1.440,-30.3,-8.234,1.547,6.230,-20.5,-0.058,6.297,30.453,-47.9,6.805,30.609,96.438,58.4,-0.704,96.250,-0.571,61.2,7.859,-0.781,-10.234,-56.8,-3.701,-10.055,-47.188,-123.4,-9.555,-46.781,-103.375,100.9,0.779,-103.688,0.000,0.0,0.000,0.000,0.000,0.0,0.000,0.000
2.1798,1.374,-33.2,-6.941,1.440,6.168,-27.0,0.004,6.230,30.344,-48.9,6.453,30.453,96.562,70.7,-0.855,96.438,-0.427,67.4,6.281,-0.571,-10.359,-58.0,-5.238,-10.234,-47.438,-130.8,-8.992,-47.188,-103.188,84.4,-1.924,-103.375,0.000,0.0,0.000,0.000,0.000,0.0,0.000,0.000
2.1818,1.299,-35.7,-5.812,1.374,6.133,-22.3,-0.364,6.168,30.266,-44.2,6.652,30.344,96.750,81.5,-1.009,96.562,-0.245,81.6,3.818,-0.427,-10.453,-49.9,-6.586,-10.359,-47.688,-127.8,-8.781,-47.438,-103.062,66.1,-3.535,-103.188,0.000,0.0,0.000,0.000,0.000,0.0,0.000,0.000
2.1838,1.221,-38.6,-4.094,1.299,6.098,-17.2,-0.104,6.133,30.219,-30.8,5.957,30.266,96.938,89.4,-1.212,96.750,-0.104,74.7,4.059,-0.245,-10.508,-35.0,-7.270,-10.453,-47.906,-116.8,-9.234,-47.688,-103.000,44.2,-1.984,-103.062,0.000,0.0,0.000,0.000,0.000,0.0,0.000,0.000
2.1858,1.199,-20.6,-4.348,1.221,6.059,-17.2,-0.180,6.098,30.156,-28.6,5.523,30.219,97.188,100.7,-1.585,96.938,0.044,72.8,3.135,-0.104,-10.531,-21.1,-7.742,-10.508,-48.125,-107.9,-9.570,-47.906,-103.000,18.2,-1.428,-103.000,0.000,0.0,0.000,0.000,0.000,0.0,0.000,0.000
2.1878,1.164,-17.8,-3.623,1.199,6.031,-15.2,-0.063,6.059,30.125,-20.2,4.598,30.156,97.375,104.8,-2.115,97.188,0.151,59.2,1.683,0.044,-10.555,-13.0,-8.102,-10.531,-48.281,-88.9,-10.008,-48.125,-103.062,-3.4,-1.084,-103.000,0.000,0.0,0.000,0.000,0.000,0.0,0.000,0.000
2.1898,1.151,-11.1,-3.830,1.164,6.008,-12.9,-0.000,6.031,30.109,-15.8,3.930,30.125,97.625,107.7,-2.670,97.375,0.223,42.7,2.400,0.151,-10.586,-13.7,-7.902,-10.555,-48.406,-67.2,-10.281,-48.281,-103.125,-25.0,-0.452,-103.062,0.000,0.0,0.000,0.000,0.000,0.0,0.000,0.000
2.1918,1.161,-1.1,-4.145,1.151,5.977,-13.1,-1.039,6.008,30.078,-16.2,2.850,30.109,97.812,106.0,-3.342,97.625,0.276,31.4,4.090,0.223,-10.633,-20.4,-8.008,-10.586,-48.469,-46.5,-9.953,-48.406,-103.188,-38.1,-0.115,-103.125,0.000,0.0,0.000,0.000,0.000,0.0,0.000,0.000
2.1942,1.151,-3.4,-4.293,1.161,5.949,-13.9,-1.213,5.977,30.047,-13.2,3.010,30.078,98.000,106.4,-3.322,97.812,0.295,17.5,5.438,0.276,-10.703,-28.2,-7.512,-10.633,-48.500,-24.7,-11.281,-48.469,-103.312,-50.1,0.453,-103.188,0.000,0.0,0.000,0.000,0.000,0.0,0.000,0.000
2.1965,1.136,-4.8,-4.570,1.151,5.898,-16.0,-1.998,5.949,29.984,-19.9,0.526,30.047,98.312,101.9,-4.637,98.000,0.317,10.0,7.328,0.295,-10.797,-32.7,-6.531,-10.703,-48.469,-1.2,-9.773,-48.500,-103.500,-68.8,1.972,-103.312,0.000,0.0,0.000,0.000,0.000,0.0,0.000,0.000
2.1995,1.089,-13.9,-4.484,1.136,5.832,-20.1,-2.461,5.898,29.891,-32.9,0.717,29.984,98.562,85.1,-4.383,98.312,0.339,10.2,7.965,0.317,-10.859,-23.1,-6.773,-10.797,-48.406,18.7,-10.148,-48.469,-103.750,-73.6,2.840,-103.500,0.000,0.0,0.000,0.000,0.000,0.0,0.000,0.000
2.2013,1.067,-17.7,-4.293,1.089,5.801,-24.3,-2.271,5.832,29.859,-31.3,0.567,29.891,98.688,82.2,-4.371,98.562,0.348,9.9,7.812,0.339,-10.859,-15.5,-7.094,-10.859,-48.375,22.9,-10.375,-48.406,-103.812,-73.1,2.746,-103.750,0.000,0.0,0.000,0.000,0.000,0.0,0.000,0.000
2.2026,1.042,-14.2,-4.191,1.067,5.738,-29.4,-2.158,5.801,29.781,-36.3,0.503,29.859,98.812,69.0,-4.094,98.688,0.376,12.5,8.406,0.348,-10.883,-13.5,-7.242,-10.859,-48.312,27.2,-10.438,-48.375,-104.000,-75.1,3.658,-103.812,0.000,0.0,0.000,0.000,0.000,0.0,0.000,0.000
2.2038,1.023,-15.8,-4.211,1.042,5.707,-29.6,-1.685,5.738,29.750,-38.6,0.667,29.781,98.875,66.5,-4.090,98.812,0.402,17.2,7.535,0.376,-10.883,-8.9,-6.633,-10.883,-48.281,28.8,-10.562,-48.312,-104.062,-73.2,5.184,-104.000,0.000,0.0,0.000,0.000,0.000,0.0,0.000,0.000
2.2058,1.001,-13.3,-1.730,1.023,5.641,-32.1,0.252,5.707,29.656,-39.5,1.531,29.750,98.938,58.0,-3.623,98.875,0.427,13.9,0.715,0.402,-10.891,-6.0,-3.127,-10.883,-48.219,29.8,-8.516,-48.281,-104.125,-60.5,5.566,-104.062,0.000,0.0,0.000,0.000,0.000,0.0,0.000,0.000
2.2078,1.008,-2.4,0.708,1.001,5.598,-24.6,0.660,5.641,29.562,-43.6,3.797,29.656,99.062,47.9,-3.273,98.938,0.408,-2.0,1.242,0.427,-10.883,1.0,-3.469,-10.891,-48.156,28.8,-7.723,-48.219,-104.250,-55.7,5.094,-104.125,0.000,0.0,0.000,0.000,0.000,0.0,0.000,0.000
2.2098,1.042,10.5,0.680,1.008,5.602,-7.9,0.852,5.598,29.516,-35.2,5.469,29.562,99.125,37.1,-3.225,99.062,0.358,-19.0,-0.126,0.408,-10.867,5.5,-3.041,-10.883,-48.062,39.1,-6.121,-48.156,-104.312,-44.1,5.000,-104.250,0.000,0.0,0.000,0.000,0.000,0.0,0.000,0.000
2.2118,1.111,24.5,-0.279,1.042,5.625,4.2,1.329,5.602,29.500,-17.8,4.855,29.516,99.125,27.8,-3.432,99.125,0.264,-39.2,0.909,0.358,-10.852,8.4,-2.383,-10.867,-47.969,40.8,-5.891,-48.062,-104.375,-32.1,4.543,-104.312,0.000,0.0,0.000,0.000,0.000,0.0,0.000,0.000
2.2138,1.183,32.0,-0.708,1.111,5.668,13.0,1.044,5.625,29.500,-2.9,4.074,29.500,99.188,17.1,-3.248,99.125,0.154,-49.9,2.629,0.264,-10.820,10.3,-2.959,-10.852,-47.875,42.2,-7.355,-47.969,-104.438,-24.7,4.797,-104.375,0.000,0.0,0.000,0.000,0.000,0.0,0.000,0.000
2.2159,1.243,30.6,-0.872,1.183,5.715,18.3,0.539,5.668,29.547,10.6,3.895,29.500,99.188,9.0,-2.992,99.188,0.009,-63.8,3.838,0.154,-10.781,13.8,-2.994,-10.820,-47.781,47.4,-7.320,-47.875,-104.438,-15.8,4.434,-104.438,0.000,0.0,0.000,0.000,0.000,0.0,0.000,0.000
2.2180,1.314,33.7,-1.758,1.243,5.770,24.2,0.879,5.715,29.578,17.8,5.188,29.547,99.188,0.8,-4.309,99.188,-0.125,-64.6,4.734,0.009,-10.742,17.2,-1.632,-10.781,-47.688,47.6,-7.043,-47.781,-104.438,-3.3,4.168,-104.438,0.000,0.0,0.000,0.000,0.000,0.0,0.000,0.000
2.2201,1.378,32.0,-2.766,1.314,5.816,22.5,1.725,5.770,29.656,30.3,6.453,29.578,99.125,-13.8,-5.457,99.188,-0.270,-67.8,5.914,-0.125,-10.711,15.5,-1.104,-10.742,-47.594,44.8,-6.871,-47.688,-104.438,3.0,4.332,-104.438,0.000,0.0,0.000,0.000,0.000,0.0,0.000,0.000
2.2224,1.450,26.2,-3.453,1.378,5.945,39.4,2.535,5.816,29.844,54.8,7.738,29.656,99.062,-27.9,-6.473,99.125,-0.452,-63.7,5.629,-0.270,-10.648,21.7,-0.051,-10.711,-47.469,44.3,-5.859,-47.594,-104.375,15.4,3.760,-104.438,0.000,0.0,0.000,0.000,0.000,0.0,0.000,0.000
2.2242,1.472,24.8,-4.207,1.450,5.973,35.7,2.594,5.945,29.906,60.6,9.211,29.844,99.000,-37.6,-6.508,99.062,-0.496,-56.1,5.371,-0.452,-10.617,24.1,-0.032,-10.648,-47.406,44.2,-5.613,-47.469,-104.375,12.0,3.656,-104.375,0.000,0.0,0.000,0.000,0.000,0.0,0.000,0.000
2.2258,1.497,16.1,-6.336,1.472,6.066,43.3,2.377,5.973,30.094,83.0,8.469,29.906,98.875,-53.1,-6.863,99.000,-0.578,-43.3,6.516,-0.496,-10.562,27.1,-0.115,-10.617,-47.312,45.3,-5.375,-47.406,-104.312,18.4,3.496,-104.375,0.000,0.0,0.000,0.000,0.000,0.0,0.000,0.000
2.2278,1.513,10.6,-5.609,1.497,6.172,50.2,2.055,6.066,30.312,97.4,7.664,30.094,98.750,-70.7,-7.211,98.875,-0.646,-37.6,5.410,-0.578,-10.492,32.8,-0.237,-10.562,-47.250,44.0,-5.762,-47.312,-104.250,20.0,3.729,-104.312,0.000,0.0,0.000,0.000,0.000,0.0,0.000,0.000
2.2298,1.522,6.8,-6.379,1.513,6.281,52.9,3.461,6.172,30.516,104.4,12.070,30.312,98.500,-90.2,-9.203,98.750,-0.690,-26.5,7.363,-0.646,-10.422,37.1,0.789,-10.492,-47.156,47.0,-4.137,-47.250,-104.188,27.8,1.697,-104.250,0.000,0.0,0.000,0.000,0.000,0.0,0.000,0.000
2.2318,1.506,-2.5,-13.992,1.522,6.395,55.4,3.250,6.281,30.781,119.1,10.797,30.516,98.312,-101.8,-9.359,98.500,-0.693,-8.5,10.625,-0.690,-10.359,34.9,0.126,-10.422,-47.062,47.9,-3.736,-47.156,-104.188,18.3,0.382,-104.188,0.000,0.0,0.000,0.000,0.000,0.0,0.000,0.000
2.2338,1.431,-23.4,-10.812,1.506,6.477,44.3,3.900,6.395,31.047,129.6,10.734,30.781,98.062,-124.4,-7.973,98.312,-0.646,14.3,8.344,-0.693,-10.297,34.3,-0.424,-10.359,-46.938,50.0,-4.555,-47.062,-104.125,21.2,0.150,-104.188,0.000,0.0,0.000,0.000,0.000,0.0,0.000,0.000
2.2358,1.321,-44.6,-8.672,1.431,6.535,31.0,5.129,6.477,31.328,134.9,10.945,31.047,97.750,-141.0,-6.816,98.062,-0.593,20.5,6.035,-0.646,-10.234,31.7,-0.791,-10.297,-46.812,58.4,-5.352,-46.938,-104.125,3.7,0.238,-104.125,0.000,0.0,0.000,0.000,0.000,0.0,0.000,0.000
2.2378,1.215,-50.6,-7.047,1.321,6.551,16.4,6.406,6.535,31.594,136.8,11.367,31.328,97.438,-149.6,-5.141,97.750,-0.515,31.3,4.289,-0.593,-10.188,27.6,-1.489,-10.234,-46.688,57.2,-6.523,-46.812,-104.188,-7.9,0.014,-104.125,0.000,0.0,0.000,0.000,0.000,0.0,0.000,0.000
2.2398,1.107,-52.0,-6.402,1.215,6.543,3.6,7.691,6.551,31.859,130.8,11.070,31.594,97.125,-148.4,-2.666,97.438,-0.446,35.0,2.945,-0.515,-10.164,18.7,-1.297,-10.188,-46.594,58.4,-7.090,-46.688,-104.188,-12.4,0.044,-104.188,0.000,0.0,0.000,0.000,0.000,0.0,0.000,0.000
2.2418,1.023,-45.5,-5.961,1.107,6.543,2.7,9.125,6.543,32.094,126.2,11.992,31.859,96.875,-143.0,-1.419,97.125,-0.405,25.8,3.514,-0.446,-10.141,14.8,-1.057,-10.164,-46.469,53.1,-7.820,-46.594,-104.250,-21.0,0.136,-104.188,0.000,0.0,0.000,0.000,0.000,0.0,0.000,0.000
2.2438,0.954,-39.0,-6.203,1.023,6.551,4.5,10.281,6.543,32.312,114.2,11.695,32.094,96.625,-131.9,0.785,96.875,-0.352,25.1,3.244,-0.405,-10.141,5.7,-0.374,-10.141,-46.406,46.3,-7.523,-46.469,-104.312,-26.1,0.190,-104.250,0.000,0.0,0.000,0.000,0.000,0.0,0.000,0.000
2.2458,0.897,-32.5,-6.246,0.954,6.566,6.4,11.117,6.551,32.500,97.0,11.906,32.312,96.375,-109.9,1.809,96.625,-0.317,19.5,3.141,-0.352,-10.133,3.7,0.448,-10.141,-46.312,40.8,-7.328,-46.406,-104.375,-30.6,0.079,-104.312,0.000,0.0,0.000,0.000,0.000,0.0,0.000,0.000
2.2478,0.844,-28.8,-6.109,0.897,6.598,11.5,11.406,6.566,32.625,80.3,12.094,32.500,96.250,-85.1,1.113,96.375,-0.289,16.1,3.613,-0.317,-10.133,2.3,1.324,-10.133,-46.250,38.3,-6.938,-46.312,-104.438,-37.6,0.268,-104.375,0.000,0.0,0.000,0.000,0.000,0.0,0.000,0.000
2.2509,0.778,-22.3,-6.965,0.844,6.652,14.9,11.422,6.598,32.781,52.5,13.008,32.625,96.125,-45.9,-0.931,96.250,-0.267,10.0,4.844,-0.289,-10.109,7.2,1.809,-10.133,-46.156,29.4,-5.766,-46.250,-104.562,-39.8,0.685,-104.438,0.000,0.0,0.000,0.000,0.000,0.0,0.000,0.000
2.2531,0.737,-21.7,-7.258,0.778,6.695,19.9,11.453,6.652,32.844,33.4,13.250,32.781,96.125,-25.1,-3.572,96.125,-0.251,10.2,5.117,-0.267,-10.086,9.7,1.782,-10.109,-46.094,29.2,-4.938,-46.156,-104.688,-41.7,1.090,-104.562,0.000,0.0,0.000,0.000,0.000,0.0,0.000,0.000
2.2549,0.712,-14.0,-7.488,0.737,6.723,16.5,10.633,6.695,32.844,14.5,14.078,32.844,96.125,-10.0,-5.875,96.125,-0.257,1.6,5.031,-0.251,-10.055,13.1,1.615,-10.086,-46.031,30.5,-4.426,-46.094,-104.750,-46.6,1.482,-104.688,0.000,0.0,0.000,0.000,0.000,0.0,0.000,0.000
2.2568,0.681,-14.1,-7.883,0.712,6.734,11.9,10.898,6.723,32.844,1.4,14.891,32.844,96.062,-7.1,-6.613,96.125,-0.254,-0.7,5.059,-0.257,-10.023,15.6,1.448,-10.055,-46.000,27.0,-3.990,-46.031,-104.812,-40.8,1.453,-104.750,0.000,0.0,0.000,0.000,0.000,0.0,0.000,0.000
2.2584,0.668,-8.9,-8.156,0.681,6.734,4.0,10.242,6.734,32.812,-5.3,14.430,32.844,96.062,-3.2,-8.898,96.062,-0.242,3.2,5.246,-0.254,-9.977,18.1,1.539,-10.023,-45.938,28.7,-2.828,-46.000,-104.938,-43.7,1.823,-104.812,0.000,0.0,0.000,0.000,0.000,0.0,0.000,0.000
2.2598,0.666,-6.2,-8.227,0.668,6.742,4.1,8.570,6.734,32.781,-7.6,13.461,32.812,96.062,-4.0,-12.750,96.062,-0.232,6.0,4.844,-0.242,-9.961,19.5,1.660,-9.977,-45.906,28.3,-2.332,-45.938,-104.938,-40.7,2.559,-104.938,0.000,0.0,0.000,0.000,0.000,0.0,0.000,0.000
2.2618,0.659,-4.6,-5.984,0.666,6.742,0.9,7.520,6.742,32.781,-11.9,10.141,32.781,96.062,-11.9,-9.445,96.062,-0.239,1.6,-0.843,-0.232,-9.945,11.7,1.684,-9.961,-45.844,29.7,-4.605,-45.906,-105.000,-34.9,4.934,-104.938,0.000,0.0,0.000,0.000,0.000,0.0,0.000,0.000
2.2638,0.706,14.1,-1.369,0.659,6.742,0.5,5.465,6.742,32.719,-22.7,8.789,32.781,96.000,-19.3,-6.711,96.062,-0.289,-15.4,-0.626,-0.239,-9.922,10.6,0.588,-9.945,-45.781,25.5,-5.426,-45.844,-105.062,-25.5,6.316,-105.000,0.000,0.0,0.000,0.000,0.000,0.0,0.000,0.000
2.2658,0.775,27.2,-2.326,0.706,6.719,-6.1,4.641,6.742,32.656,-26.3,7.305,32.719,95.938,-23.1,-5.445,96.000,-0.380,-37.7,0.377,-0.289,-9.953,-6.1,-0.003,-9.922,-45.750,20.3,-6.684,-45.781,-105.062,-7.0,6.152,-105.062,0.000,0.0,0.000,0.000,0.000,0.0,0.000,0.000
2.2678,0.882,42.2,-2.959,0.775,6.691,-10.6,4.375,6.719,32.594,-30.6,7.734,32.656,95.938,-17.2,-5.441,95.938,-0.471,-46.2,2.150,-0.380,-9.977,-10.5,0.420,-9.953,-45.781,2.6,-5.777,-45.750,-105.000,9.7,5.113,-105.062,0.000,0.0,0.000,0.000,0.000,0.0,0.000,0.000
2.2698,0.988,47.7,-3.322,0.882,6.652,-14.0,4.668,6.691,32.500,-39.3,8.547,32.594,95.938,-9.1,-6.059,95.938,-0.571,-50.6,2.699,-0.471,-10.023,-17.6,0.722,-9.977,-45.781,-4.3,-5.484,-45.781,-104.938,26.5,4.953,-105.000,0.000,0.0,0.000,0.000,0.000,0.0,0.000,0.000
2.2718,1.089,49.8,-3.287,0.988,6.625,-12.9,4.551,6.652,32.406,-47.6,8.672,32.500,95.938,-3.9,-6.141,95.938,-0.681,-54.5,3.340,-0.571,-10.055,-17.0,0.545,-10.023,-45.812,-11.8,-5.520,-45.781,-104.875,34.7,4.676,-104.938,0.000,0.0,0.000,0.000,0.000,0.0,0.000,0.000
2.2740,1.171,43.2,-3.764,1.089,6.598,-13.7,2.879,6.625,32.344,-43.4,8.297,32.406,95.938,2.3,-5.637,95.938,-0.775,-49.1,5.637,-0.681,-10.070,-12.1,-1.105,-10.055,-45.875,-26.3,-7.555,-45.812,-104.750,45.2,5.754,-104.875,0.000,0.0,0.000,0.000,0.000,0.0,0.000,0.000
2.2762,1.239,37.2,-3.459,1.171,6.582,-11.3,2.371,6.598,32.250,-38.5,7.914,32.344,95.938,5.3,-5.266,95.938,-0.863,-43.5,5.246,-0.775,-10.117,-18.5,-1.995,-10.070,-45.969,-33.9,-8.617,-45.875,-104.625,56.9,5.484,-104.750,0.000,0.0,0.000,0.000,0.000,0.0,0.000,0.000
2.2785,1.331,31.5,-6.781,1.239,6.559,-7.9,-0.853,6.582,32.125,-37.6,4.125,32.250,96.000,15.1,-1.805,95.938,-0.948,-28.6,12.594,-0.863,-10.180,-20.3,-4.309,-10.117,-46.156,-62.5,-11.328,-45.969,-104.438,76.2,6.613,-104.625,0.000,0.0,0.000,0.000,0.000,0.0,0.000,0.000
2.2804,1.347,25.5,-9.250,1.331,6.539,-11.4,-1.306,6.559,32.094,-44.1,4.105,32.125,96.000,20.7,-1.625,96.000,-0.948,-17.2,12.367,-0.948,-10.227,-31.6,-4.152,-10.180,-46.250,-73.6,-11.023,-46.156,-104.312,84.4,6.234,-104.438,0.000,0.0,0.000,0.000,0.000,0.0,0.000,0.000
2.2818,1.337,4.3,-11.438,1.347,6.488,-21.4,-1.258,6.539,31.969,-51.8,4.039,32.094,96.125,42.5,-0.663,96.000,-0.891,11.4,12.914,-0.948,-10.320,-40.1,-3.945,-10.227,-46.438,-87.9,-10.445,-46.250,-104.125,90.2,3.377,-104.312,0.000,0.0,0.000,0.000,0.000,0.0,0.000,0.000
2.2838,1.303,-9.8,-9.188,1.337,6.441,-25.1,-0.645,6.488,31.859,-56.1,4.750,31.969,96.250,56.8,-0.722,96.125,-0.772,41.2,9.703,-0.891,-10.438,-50.6,-3.324,-10.320,-46.688,-106.0,-9.805,-46.438,-104.000,84.1,1.094,-104.125,0.000,0.0,0.000,0.000,0.000,0.0,0.000,0.000
2.2858,1.227,-27.5,-7.672,1.303,6.383,-27.6,-0.293,6.441,31.734,-58.4,5.586,31.859,96.375,70.9,-0.985,96.250,-0.612,64.9,7.207,-0.772,-10.555,-55.6,-3.945,-10.438,-46.938,-116.9,-9.484,-46.688,-103.812,81.2,-0.100,-104.000,0.000,0.0,0.000,0.000,0.000,0.0,0.000,0.000
2.2878,1.148,-35.7,-6.484,1.227,6.336,-24.1,-0.441,6.383,31.609,-56.2,7.094,31.734,96.625,88.9,-1.045,96.375,-0.452,75.8,5.523,-0.612,-10.672,-56.2,-6.551,-10.555,-47.188,-119.9,-9.297,-46.938,-103.750,62.4,-3.361,-103.812,0.000,0.0,0.000,0.000,0.000,0.0,0.000,0.000
2.2898,1.076,-35.4,-5.164,1.148,6.281,-25.2,-0.490,6.336,31.516,-53.1,6.730,31.609,96.812,96.9,-1.549,96.625,-0.286,80.9,3.850,-0.452,-10.742,-44.4,-6.508,-10.672,-47.406,-119.1,-8.992,-47.188,-103.625,45.0,-2.422,-103.750,0.000,0.0,0.000,0.000,0.000,0.0,0.000,0.000
2.2918,1.004,-36.1,-3.766,1.076,6.238,-22.6,-0.124,6.281,31.422,-44.3,5.719,31.516,97.000,104.4,-2.029,96.812,-0.129,81.1,3.018,-0.286,-10.781,-27.5,-6.949,-10.742,-47.625,-114.1,-9.078,-47.406,-103.625,28.4,-1.127,-103.625,0.000,0.0,0.000,0.000,0.000,0.0,0.000,0.000
2.2938,0.960,-29.3,-3.322,1.004,6.203,-17.1,-0.095,6.238,31.359,-38.1,4.949,31.422,97.250,109.8,-2.654,97.000,-0.006,68.6,0.918,-0.129,-10.789,-11.4,-7.785,-10.781,-47.812,-95.9,-9.242,-47.625,-103.625,3.5,-0.519,-103.625,0.000,0.0,0.000,0.000,0.000,0.0,0.000,0.000
2.2958,0.935,-19.1,-2.957,0.960,6.160,-18.8,-0.393,6.203,31.312,-30.5,4.188,31.359,97.438,110.3,-3.188,97.250,0.091,54.7,1.242,-0.006,-10.805,-7.6,-8.453,-10.789,-47.938,-78.7,-9.141,-47.812,-103.688,-16.7,-0.626,-103.625,0.000,0.0,0.000,0.000,0.000,0.0,0.000,0.000
2.2978,0.923,-9.8,-3.262,0.935,6.125,-17.7,-0.972,6.160,31.266,-26.3,3.312,31.312,97.688,111.7,-3.576,97.438,0.151,39.2,3.482,0.091,-10.836,-11.5,-8.703,-10.805,-48.062,-62.1,-9.484,-47.938,-103.750,-31.3,-0.264,-103.688,0.000,0.0,0.000,0.000,0.000,0.0,0.000,0.000
2.3001,0.919,-4.7,-4.207,0.923,6.090,-18.0,-1.321,6.125,31.219,-24.7,2.365,31.266,97.875,104.1,-4.336,97.688,0.179,22.9,4.879,0.151,-10.875,-16.6,-7.840,-10.836,-48.094,-37.0,-10.117,-48.062,-103.875,-43.9,0.541,-103.750,0.000,0.0,0.000,0.000,0.000,0.0,0.000,0.000
2.3028,0.910,-1.5,-4.844,0.919,6.020,-21.3,-1.866,6.090,31.141,-25.5,1.114,31.219,98.188,101.9,-4.703,97.875,0.223,18.7,7.203,0.179,-10.977,-29.3,-6.617,-10.875,-48.094,-6.3,-10.031,-48.094,-104.062,-57.8,1.866,-103.875,0.000,0.0,0.000,0.000,0.000,0.0,0.000,0.000
2.3049,0.882,-7.6,-5.066,0.910,5.961,-25.3,-2.047,6.020,31.062,-33.7,0.560,31.141,98.375,91.8,-4.598,98.188,0.239,12.2,7.668,0.223,-11.031,-28.4,-6.664,-10.977,-48.094,3.7,-10.414,-48.094,-104.125,-57.4,2.293,-104.062,0.000,0.0,0.000,0.000,0.000,0.0,0.000,0.000
2.3070,0.847,-13.1,-4.844,0.882,5.887,-33.2,-2.311,5.961,30.984,-40.6,0.429,31.062,98.562,85.6,-4.605,98.375,0.254,7.3,8.102,0.239,-11.062,-20.9,-6.871,-11.031,-48.031,17.2,-10.281,-48.094,-104.312,-63.8,2.941,-104.125,0.000,0.0,0.000,0.000,0.000,0.0,0.000,0.000
2.3085,0.813,-14.8,-4.551,0.847,5.816,-36.2,-2.018,5.887,30.891,-41.3,0.551,30.984,98.688,71.4,-4.250,98.562,0.311,20.3,8.625,0.254,-11.094,-16.8,-6.793,-11.062,-47.969,26.3,-10.406,-48.031,-104.438,-65.9,3.203,-104.312,0.000,0.0,0.000,0.000,0.000,0.0,0.000,0.000
2.3098,0.794,-16.1,-4.715,0.813,5.781,-35.1,-1.872,5.816,30.844,-45.1,0.688,30.891,98.750,66.2,-4.055,98.688,0.326,18.6,8.180,0.311,-11.117,-18.2,-7.180,-11.094,-47.938,26.3,-10.555,-47.969,-104.500,-61.9,3.111,-104.438,0.000,0.0,0.000,0.000,0.000,0.0,0.000,0.000
2.3118,0.769,-13.0,-4.688,0.794,5.691,-40.8,-1.726,5.781,30.734,-51.2,0.461,30.844,98.875,57.5,-3.863,98.750,0.374,21.9,7.609,0.326,-11.117,-7.4,-6.219,-11.117,-47.875,26.5,-10.172,-47.938,-104.625,-60.0,5.641,-104.500,0.000,0.0,0.000,0.000,0.000,0.0,0.000,0.000
2.3138,0.750,-10.0,-3.988,0.769,5.652,-28.0,-1.194,5.691,30.625,-51.0,0.735,30.734,98.938,50.2,-3.277,98.875,0.414,20.5,4.836,0.374,-11.133,-6.8,-5.094,-11.117,-47.844,23.3,-10.469,-47.875,-104.688,-50.4,6.086,-104.625,0.000,0.0,0.000,0.000,0.000,0.0,0.000,0.000
2.3158,0.759,0.3,-2.047,0.750,5.641,-14.0,-0.616,5.652,30.531,-51.3,1.623,30.625,99.000,42.8,-2.861,98.938,0.427,8.7,0.360,0.414,-11.141,-3.7,-4.020,-11.133,-47.781,22.4,-7.879,-47.844,-104.750,-36.4,5.570,-104.688,0.000,0.0,0.000,0.000,0.000,0.0,0.000,0.000
2.3178,0.788,11.1,0.921,0.759,5.660,1.6,-0.341,5.641,30.438,-47.6,4.234,30.531,99.062,30.5,-2.480,99.000,0.414,-3.4,-0.450,0.427,-11.125,1.0,-4.465,-11.141,-47.750,24.2,-7.926,-47.781,-104.812,-27.8,5.605,-104.750,0.000,0.0,0.000,0.000,0.000,0.0,0.000,0.000
2.3198,0.835,20.9,0.678,0.788,5.688,8.9,0.078,5.660,30.359,-39.1,4.137,30.438,99.125,20.0,-2.488,99.062,0.339,-25.9,0.729,0.414,-11.109,5.3,-4.074,-11.125,-47.688,29.9,-7.797,-47.750,-104.812,-16.1,5.285,-104.812,0.000,0.0,0.000,0.000,0.000,0.0,0.000,0.000
2.3218,0.895,25.8,0.255,0.835,5.707,7.6,0.102,5.688,30.312,-29.8,3.648,30.359,99.125,14.4,-2.352,99.125,0.235,-43.5,2.080,0.339,-11.094,8.0,-4.215,-11.109,-47.625,28.9,-8.922,-47.688,-104.812,-0.4,5.469,-104.812,0.000,0.0,0.000,0.000,0.000,0.0,0.000,0.000
2.3238,0.960,30.0,0.229,0.895,5.738,11.9,-0.104,5.707,30.312,-14.6,3.068,30.312,99.125,9.4,-2.502,99.125,0.116,-52.9,4.055,0.235,-11.078,7.9,-4.469,-11.094,-47.562,25.4,-10.633,-47.625,-104.812,6.0,6.070,-104.812,0.000,0.0,0.000,0.000,0.000,0.0,0.000,0.000
2.3258,1.045,37.7,-0.070,0.960,5.770,14.2,0.526,5.738,30.297,-7.8,4.363,30.312,99.125,3.6,-3.590,99.125,-0.022,-62.3,4.625,0.116,-11.070,4.8,-3.363,-11.078,-47.531,20.1,-9.906,-47.562,-104.750,16.7,5.969,-104.812,0.000,0.0,0.000,0.000,0.000,0.0,0.000,0.000
2.3279,1.123,38.4,-1.301,1.045,5.793,12.4,1.317,5.770,30.328,4.8,5.477,30.297,99.125,-3.6,-4.500,99.125,-0.147,-62.4,4.949,-0.022,-11.047,9.9,-2.740,-11.070,-47.531,12.4,-9.555,-47.531,-104.688,28.0,6.012,-104.750,0.000,0.0,0.000,0.000,0.000,0.0,0.000,0.000
2.3301,1.211,42.1,-2.525,1.123,5.844,21.4,0.994,5.793,30.375,15.9,4.129,30.328,99.062,-18.9,-4.164,99.125,-0.267,-60.6,5.969,-0.147,-11.016,14.3,-3.660,-11.047,-47.531,4.5,-11.102,-47.531,-104.562,37.0,7.410,-104.688,0.000,0.0,0.000,0.000,0.000,0.0,0.000,0.000
2.3322,1.287,40.2,-2.404,1.211,5.875,18.7,0.624,5.844,30.438,25.9,3.865,30.375,99.000,-22.5,-4.137,99.062,-0.367,-53.0,5.617,-0.267,-11.000,11.4,-3.496,-11.016,-47.531,-2.9,-10.570,-47.531,-104.500,48.2,6.785,-104.562,0.000,0.0,0.000,0.000,0.000,0.0,0.000,0.000
2.3339,1.355,36.4,-3.244,1.287,5.918,20.2,0.617,5.875,30.484,29.4,4.070,30.438,98.938,-34.7,-4.043,99.000,-0.455,-47.5,5.723,-0.367,-10.984,10.3,-3.889,-11.000,-47.531,-7.2,-11.078,-47.531,-104.375,58.8,7.066,-104.500,0.000,0.0,0.000,0.000,0.000,0.0,0.000,0.000
2.3358,1.425,33.7,-4.926,1.355,5.973,25.2,0.372,5.918,30.578,37.0,3.240,30.484,98.812,-46.8,-3.506,98.938,-0.512,-36.0,6.574,-0.455,-10.953,12.8,-4.277,-10.984,-47.562,-11.3,-11.906,-47.531,-104.188,68.5,7.859,-104.375,0.000,0.0,0.000,0.000,0.000,0.0,0.000,0.000
2.3378,1.481,30.2,-4.512,1.425,6.012,23.9,-0.084,5.973,30.641,35.3,3.438,30.578,98.750,-44.4,-3.271,98.812,-0.540,-20.5,5.969,-0.512,-10.945,7.1,-4.418,-10.953,-47.625,-18.5,-12.062,-47.562,-104.062,77.8,7.949,-104.188,0.000,0.0,0.000,0.000,0.000,0.0,0.000,0.000
2.3398,1.522,23.6,-4.242,1.481,6.047,21.0,0.176,6.012,30.719,37.6,5.145,30.641,98.625,-48.2,-4.176,98.750,-0.559,-11.9,4.375,-0.540,-10.930,6.9,-4.578,-10.945,-47.656,-22.6,-11.945,-47.625,-103.875,87.1,7.719,-104.062,0.000,0.0,0.000,0.000,0.000,0.0,0.000,0.000
2.3418,1.554,17.8,-3.615,1.522,6.074,14.9,-0.090,6.047,30.797,35.7,5.043,30.719,98.500,-56.3,-3.441,98.625,-0.574,-8.8,3.600,-0.559,-10.898,9.6,-4.383,-10.930,-47.719,-22.1,-12.500,-47.656,-103.625,102.8,7.707,-103.875,0.000,0.0,0.000,0.000,0.000,0.0,0.000,0.000
2.3438,1.591,18.9,-2.412,1.554,6.125,22.1,0.377,6.074,30.891,42.1,5.648,30.797,98.438,-58.2,-3.961,98.500,-0.574,-3.9,2.244,-0.574,-10.883,11.2,-3.215,-10.898,-47.750,-20.0,-12.508,-47.719,-103.375,109.8,7.207,-103.625,0.000,0.0,0.000,0.000,0.000,0.0,0.000,0.000
2.3458,1.616,16.5,-1.182,1.591,6.160,21.1,1.149,6.125,31.000,48.1,4.852,30.891,98.312,-58.9,-2.359,98.438,-0.583,-4.0,1.133,-0.574,-10.859,12.0,-4.445,-10.883,-47.781,-20.7,-14.586,-47.750,-103.188,115.9,7.578,-103.375,0.000,0.0,0.000,0.000,0.000,0.0,0.000,0.000
2.3478,1.642,14.2,-0.489,1.616,6.191,18.6,1.066,6.160,31.078,46.1,4.723,31.000,98.188,-61.9,-2.217,98.312,-0.612,-9.8,1.193,-0.583,-10.836,12.0,-4.539,-10.859,-47.812,-20.7,-15.000,-47.781,-102.938,118.1,7.336,-103.188,0.000,0.0,0.000,0.000,0.000,0.0,0.000,0.000
2.3498,1.676,16.2,0.195,1.642,6.219,14.8,1.051,6.191,31.156,43.4,4.461,31.078,98.062,-50.8,-1.465,98.188,-0.637,-10.7,1.377,-0.612,-10.828,6.6,-5.195,-10.836,-47.844,-16.9,-16.156,-47.812,-102.688,120.8,7.793,-102.938,0.000,0.0,0.000,0.000,0.000,0.0,0.000,0.000
2.3518,1.710,16.3,0.357,1.676,6.254,17.4,1.762,6.219,31.219,34.6,5.531,31.156,98.000,-45.6,-2.271,98.062,-0.681,-16.9,1.682,-0.637,-10.828,2.2,-4.254,-10.828,-47.906,-20.7,-15.531,-47.844,-102.438,123.6,6.945,-102.688,0.000,0.0,0.000,0.000,0.000,0.0,0.000,0.000
2.3549,1.776,20.8,0.160,1.710,6.250,2.2,2.406,6.254,31.297,28.2,6.234,31.219,97.875,-37.8,-2.398,98.000,-0.737,-17.3,1.969,-0.681,-10.836,-3.5,-4.477,-10.828,-47.969,-24.9,-15.781,-47.906,-102.062,122.6,6.906,-102.438,0.000,0.0,0.000,0.000,0.000,0.0,0.000,0.000
2.3569,1.817,19.5,-0.210,1.776,6.262,5.0,2.336,6.250,31.328,19.5,6.336,31.297,97.812,-34.3,-2.359,97.875,-0.788,-21.7,1.838,-0.737,-10.820,2.5,-4.395,-10.836,-48.031,-22.6,-15.906,-47.969,-101.875,116.8,7.152,-102.062,0.000,0.0,0.000,0.000,0.000,0.0,0.000,0.000
2.3590,1.873,25.7,-0.134,1.817,6.242,-4.7,2.535,6.262,31.344,9.8,6.918,31.328,97.750,-27.3,-1.593,97.812,-0.825,-17.9,3.344,-0.788,-10.836,-4.5,-5.766,-10.820,-48.062,-15.8,-16.578,-48.031,-101.625,112.0,7.648,-101.875,0.000,0.0,0.000,0.000,0.000,0.0,0.000,0.000
2.3606,1.911,20.3,-3.121,1.873,6.238,-4.0,0.910,6.242,31.344,1.7,5.367,31.344,97.750,-21.9,0.163,97.750,-0.860,-16.8,7.570,-0.825,-10.844,-5.2,-7.410,-10.836,-48.094,-22.3,-18.062,-48.062,-101.438,107.3,8.773,-101.625,0.000,0.0,0.000,0.000,0.000,0.0,0.000,0.000
2.3622,1.945,25.8,-5.594,1.911,6.223,-8.4,0.309,6.238,31.328,-3.2,4.191,31.344,97.750,-12.7,0.989,97.750,-0.857,-9.2,11.547,-0.860,-10.867,-10.9,-7.434,-10.844,-48.125,-20.5,-18.672,-48.094,-101.312,105.1,9.305,-101.438,0.000,0.0,0.000,0.000,0.000,0.0,0.000,0.000
2.3638,1.937,7.1,-7.781,1.945,6.199,-9.5,0.331,6.223,31.281,-17.3,4.836,31.328,97.750,5.0,0.873,97.750,-0.794,18.4,9.414,-0.857,-10.891,-12.6,-7.246,-10.867,-48.188,-32.4,-18.000,-48.125,-101.125,102.4,6.586,-101.312,0.000,0.0,0.000,0.000,0.000,0.0,0.000,0.000
2.3658,1.886,-15.1,-6.355,1.937,6.160,-16.4,0.220,6.199,31.234,-20.8,5.152,31.281,97.812,17.2,0.404,97.750,-0.697,40.6,7.141,-0.794,-10.930,-16.6,-7.109,-10.891,-48.219,-30.4,-16.797,-48.188,-100.938,92.7,5.832,-101.125,0.000,0.0,0.000,0.000,0.000,0.0,0.000,0.000
2.3678,1.839,-20.8,-5.316,1.886,6.133,-15.4,-0.004,6.160,31.172,-24.1,5.012,31.234,97.875,32.9,-0.116,97.812,-0.587,49.2,5.594,-0.697,-10.969,-20.3,-7.512,-10.930,-48.281,-29.2,-15.547,-48.219,-100.812,79.2,4.965,-100.938,0.000,0.0,0.000,0.000,0.000,0.0,0.000,0.000
2.3698,1.767,-29.5,-4.684,1.839,6.105,-14.7,-0.155,6.133,31.109,-28.8,4.918,31.172,97.938,39.7,-0.520,97.875,-0.446,63.4,4.559,-0.587,-11.008,-20.0,-7.711,-10.969,-48.344,-28.6,-15.352,-48.281,-100.688,66.0,4.250,-100.812,0.000,0.0,0.000,0.000,0.000,0.0,0.000,0.000
2.3718,1.704,-32.5,-4.613,1.767,6.082,-11.2,-0.334,6.105,31.062,-29.1,4.613,31.109,98.062,50.9,-0.333,97.938,-0.311,65.6,4.320,-0.446,-11.055,-20.7,-8.984,-11.008,-48.375,-23.3,-14.344,-48.344,-100.625,39.4,-0.425,-100.688,0.000,0.0,0.000,0.000,0.000,0.0,0.000,0.000
2.3738,1.663,-25.2,-3.859,1.704,6.051,-11.7,-0.318,6.082,31.016,-23.4,4.059,31.062,98.188,56.2,-0.420,98.062,-0.176,65.6,2.059,-0.311,-11.109,-26.9,-8.773,-11.055,-48.438,-21.4,-13.820,-48.375,-100.625,11.4,-0.342,-100.625,0.000,0.0,0.000,0.000,0.000,0.0,0.000,0.000
2.3758,1.645,-12.9,-3.926,1.663,6.016,-16.2,-0.625,6.051,30.984,-17.5,3.379,31.016,98.312,54.8,-0.784,98.188,-0.056,59.7,2.182,-0.176,-11.172,-27.7,-8.961,-11.109,-48.438,-14.5,-13.445,-48.438,-100.750,-30.0,0.574,-100.625,0.000,0.0,0.000,0.000,0.000,0.0,0.000,0.000
2.3778,1.619,-9.4,-3.904,1.645,5.992,-16.2,-0.942,6.016,30.953,-16.7,2.811,30.984,98.438,69.6,-1.236,98.312,0.056,57.1,2.158,-0.056,-11.234,-28.1,-8.852,-11.172,-48.469,-11.6,-13.445,-48.438,-100.875,-61.9,3.486,-100.750,0.000,0.0,0.000,0.000,0.000,0.0,0.000,0.000
2.3798,1.601,-8.8,-3.596,1.619,5.977,-11.9,-0.896,5.992,30.922,-16.7,1.541,30.953,98.562,67.1,-1.958,98.438,0.138,46.8,2.305,0.056,-11.297,-30.7,-7.582,-11.234,-48.469,-7.0,-13.031,-48.469,-101.062,-73.5,7.508,-100.875,0.000,0.0,0.000,0.000,0.000,0.0,0.000,0.000
2.3818,1.591,-5.6,-3.365,1.601,5.945,-14.8,-0.906,5.977,30.875,-19.1,1.509,30.922,98.750,68.1,-2.787,98.562,0.207,38.6,0.832,0.138,-11.344,-26.0,-6.141,-11.297,-48.500,-7.6,-11.930,-48.469,-101.250,-88.4,8.102,-101.062,0.000,0.0,0.000,0.000,0.000,0.0,0.000,0.000
2.3842,1.578,-5.5,1.670,1.591,5.930,-11.0,2.406,5.945,30.844,-20.3,5.668,30.875,98.812,55.9,-6.289,98.750,0.242,23.6,-5.516,0.207,-11.367,-15.6,-1.373,-11.344,-48.500,-2.0,-5.371,-48.500,-101.438,-87.7,6.309,-101.250,0.000,0.0,0.000,0.000,0.000,0.0,0.000,0.000
2.3866,1.613,8.1,1.115,1.578,5.934,-1.3,4.379,5.930,30.828,-5.6,6.305,30.844,98.938,41.6,-5.781,98.812,0.169,-15.1,-2.182,0.242,-11.297,16.2,-0.749,-11.367,-48.438,17.0,-3.195,-48.500,-101.750,-92.4,5.008,-101.438,0.000,0.0,0.000,0.000,0.000,0.0,0.000,0.000
2.3887,1.663,18.6,-0.749,1.613,5.965,8.5,4.684,5.934,30.859,6.4,6.961,30.828,99.000,27.3,-6.270,98.938,0.066,-36.1,1.188,0.169,-11.227,28.6,0.030,-11.297,-48.344,35.6,-2.752,-48.438,-101.938,-94.9,4.773,-101.750,0.000,0.0,0.000,0.000,0.000,0.0,0.000,0.000
2.3908,1.691,15.3,-2.381,1.663,6.039,26.7,3.842,5.965,30.891,17.5,6.457,30.859,99.000,7.8,-5.703,99.000,-0.053,-49.2,3.219,0.066,-11.141,39.4,-0.126,-11.227,-48.219,48.2,-2.881,-48.344,-102.188,-110.1,5.035,-101.938,0.000,0.0,0.000,0.000,0.000,0.0,0.000,0.000
2.3921,1.710,16.1,-2.781,1.691,6.090,35.2,3.320,6.039,30.922,17.2,6.363,30.891,99.000,0.8,-5.566,99.000,-0.122,-55.8,4.203,-0.053,-11.102,39.3,-0.133,-11.141,-48.156,57.3,-2.812,-48.219,-102.250,-107.2,5.293,-102.188,0.000,0.0,0.000,0.000,0.000,0.0,0.000,0.000
2.3938,1.726,15.0,-3.365,1.710,6.137,40.2,2.783,6.090,30.953,24.3,6.148,30.922,98.938,-8.5,-5.297,99.000,-0.185,-58.9,4.449,-0.122,-11.055,40.9,-0.287,-11.102,-48.094,62.1,-3.162,-48.156,-102.375,-110.3,5.352,-102.250,0.000,0.0,0.000,0.000,0.000,0.0,0.000,0.000
2.3958,1.729,1.7,-8.258,1.726,6.289,47.6,1.948,6.137,31.062,36.1,8.414,30.953,98.875,-25.5,-6.223,98.938,-0.330,-46.7,13.266,-0.185,-10.938,40.0,1.473,-11.055,-47.875,75.6,-1.469,-48.094,-102.688,-108.4,5.734,-102.375,0.000,0.0,0.000,0.000,0.000,0.0,0.000,0.000
2.3978,1.673,-19.9,-10.852,1.729,6.398,48.8,2.031,6.289,31.141,41.3,8.328,31.062,98.750,-42.7,-4.219,98.875,-0.354,-23.9,11.805,-0.330,-10.852,40.9,1.628,-10.938,-47.688,80.7,-1.910,-47.875,-102.875,-104.1,5.797,-102.688,0.000,0.0,0.000,0.000,0.000,0.0,0.000,0.000
2.3998,1.554,-45.3,-8.773,1.673,6.488,44.5,3.225,6.398,31.234,41.5,7.840,31.141,98.688,-46.9,-3.557,98.750,-0.320,1.9,9.547,-0.354,-10.758,45.3,1.696,-10.852,-47.500,86.3,-2.695,-47.688,-103.125,-102.2,5.480,-102.875,0.000,0.0,0.000,0.000,0.000,0.0,0.000,0.000
2.4018,1.381,-71.0,-6.660,1.554,6.520,24.6,4.117,6.488,31.328,43.1,8.016,31.234,98.562,-51.7,-3.303,98.688,-0.248,23.3,7.531,-0.320,-10.672,44.6,1.299,-10.758,-47.344,85.9,-3.277,-47.500,-103.250,-92.4,5.520,-103.125,0.000,0.0,0.000,0.000,0.000,0.0,0.000,0.000
2.4038,1.227,-73.8,-5.883,1.381,6.539,14.8,5.059,6.520,31.438,47.8,8.195,31.328,98.500,-46.6,-2.578,98.562,-0.173,31.9,5.855,-0.248,-10.578,45.0,0.924,-10.672,-47.156,86.5,-3.631,-47.344,-103.438,-87.6,4.848,-103.250,0.000,0.0,0.000,0.000,0.000,0.0,0.000,0.000
2.4058,1.073,-74.8,-5.590,1.227,6.543,5.5,6.953,6.539,31.531,50.2,9.758,31.438,98.375,-46.8,-1.276,98.500,-0.085,38.5,3.109,-0.173,-10.484,46.9,0.226,-10.578,-47.000,84.0,-4.926,-47.156,-103.562,-77.9,4.164,-103.438,0.000,0.0,0.000,0.000,0.000,0.0,0.000,0.000
2.4078,0.979,-56.2,-5.098,1.073,6.562,7.7,7.621,6.543,31.656,56.1,9.570,31.531,98.312,-43.2,-0.659,98.375,-0.025,32.2,1.995,-0.085,-10.391,46.0,-0.290,-10.484,-46.844,79.0,-4.824,-47.000,-103.688,-68.9,3.969,-103.562,0.000,0.0,0.000,0.000,0.000,0.0,0.000,0.000
2.4098,0.897,-44.3,-4.410,0.979,6.582,10.2,8.797,6.562,31.766,54.5,9.906,31.656,98.250,-29.6,-0.841,98.312,0.016,24.6,2.146,-0.025,-10.305,44.8,-0.077,-10.391,-46.719,68.9,-4.570,-46.844,-103.812,-66.2,3.516,-103.688,0.000,0.0,0.000,0.000,0.000,0.0,0.000,0.000
2.4118,0.863,-28.0,-5.574,0.897,6.602,10.6,9.336,6.582,31.875,56.8,9.656,31.766,98.188,-21.3,-1.136,98.250,0.035,14.0,2.514,0.016,-10.234,38.7,0.543,-10.305,-46.594,63.8,-4.215,-46.719,-103.938,-62.2,3.523,-103.812,0.000,0.0,0.000,0.000,0.000,0.0,0.000,0.000
2.4138,0.838,-18.4,-6.219,0.863,6.633,10.9,9.258,6.602,31.969,49.1,9.961,31.875,98.188,-17.5,-1.729,98.188,0.047,10.4,3.381,0.035,-10.188,30.4,1.013,-10.234,-46.500,57.8,-3.686,-46.594,-104.062,-54.8,3.418,-103.938,0.000,0.0,0.000,0.000,0.000,0.0,0.000,0.000
2.4158,0.819,-13.7,-7.238,0.838,6.656,8.4,9.945,6.633,32.062,46.0,10.625,31.969,98.188,-5.4,-2.992,98.188,0.019,-3.6,5.035,0.047,-10.156,22.0,2.145,-10.188,-46.375,53.2,-3.277,-46.500,-104.125,-47.2,3.100,-104.062,0.000,0.0,0.000,0.000,0.000,0.0,0.000,0.000
2.4180,0.794,-12.7,-8.094,0.819,6.711,18.7,9.773,6.656,32.125,36.2,10.531,32.062,98.188,0.6,-4.223,98.188,0.013,-2.0,5.754,0.019,-10.133,14.4,2.643,-10.156,-46.312,45.3,-2.740,-46.375,-104.250,-43.2,3.014,-104.125,0.000,0.0,0.000,0.000,0.000,0.0,0.000,0.000
2.4203,0.750,-19.5,-8.477,0.794,6.727,11.7,9.953,6.711,32.188,29.2,10.969,32.125,98.188,-0.5,-5.102,98.188,-0.006,-4.9,6.566,0.013,-10.109,14.6,3.348,-10.133,-46.219,42.1,-2.588,-46.312,-104.312,-37.8,2.889,-104.250,0.000,0.0,0.000,0.000,0.000,0.0,0.000,0.000
2.4225,0.671,-26.3,-8.633,0.750,6.746,7.3,10.016,6.727,32.250,18.0,11.914,32.188,98.188,-9.0,-6.379,98.188,0.000,2.1,6.168,-0.006,-10.086,9.9,3.523,-10.109,-46.094,40.8,-2.223,-46.219,-104.375,-33.5,2.533,-104.312,0.000,0.0,0.000,0.000,0.000,0.0,0.000,0.000
2.4240,0.653,-22.9,-8.383,0.671,6.746,4.2,10.086,6.746,32.250,12.6,12.328,32.250,98.188,-6.2,-7.508,98.188,0.009,4.6,5.797,0.000,-10.062,15.0,3.461,-10.086,-46.062,37.2,-1.972,-46.094,-104.438,-28.0,2.477,-104.375,0.000,0.0,0.000,0.000,0.000,0.0,0.000,0.000
2.4258,0.593,-26.3,-9.141,0.653,6.754,3.6,9.797,6.746,32.250,3.0,12.977,32.250,98.125,-16.6,-7.656,98.188,0.022,6.5,5.711,0.009,-10.047,10.6,3.391,-10.062,-46.000,33.5,-1.735,-46.062,-104.438,-22.4,2.289,-104.438,0.000,0.0,0.000,0.000,0.000,0.0,0.000,0.000
2.4278,0.549,-23.1,-9.117,0.593,6.746,-0.4,9.695,6.754,32.219,-2.5,13.531,32.250,98.062,-24.4,-9.352,98.125,0.028,3.6,5.418,0.022,-10.023,10.7,3.590,-10.047,-45.906,36.5,-1.729,-46.000,-104.500,-19.9,2.189,-104.438,0.000,0.0,0.000,0.000,0.000,0.0,0.000,0.000
2.4298,0.518,-16.8,-6.273,0.549,6.742,-2.5,7.938,6.746,32.188,-7.4,12.414,32.219,97.938,-38.7,-8.141,98.062,0.035,0.3,-0.660,0.028,-9.984,16.5,1.646,-10.023,-45.875,32.7,-3.656,-45.906,-104.500,-15.0,3.758,-104.500,0.000,0.0,0.000,0.000,0.000,0.0,0.000,0.000
2.4318,0.537,2.5,-1.101,0.518,6.734,-4.2,6.488,6.742,32.188,-8.8,11.438,32.188,97.875,-51.3,-6.773,97.938,0.003,-11.8,-1.580,0.035,-9.984,7.6,0.505,-9.984,-45.812,32.2,-5.230,-45.875,-104.500,-3.3,4.594,-104.500,0.000,0.0,0.000,0.000,0.000,0.0,0.000,0.000
2.4338,0.596,21.8,-0.511,0.537,6.695,-14.1,6.152,6.734,32.156,-14.9,10.117,32.188,97.688,-64.6,-6.164,97.875,-0.078,-30.9,-0.773,0.003,-9.992,-3.4,0.010,-9.984,-45.781,19.1,-6.562,-45.812,-104.500,6.0,5.973,-104.500,0.000,0.0,0.000,0.000,0.000,0.0,0.000,0.000
2.4358,0.709,45.7,-1.810,0.596,6.648,-19.7,6.238,6.695,32.094,-22.3,10.461,32.156,97.562,-72.2,-6.180,97.688,-0.188,-47.2,0.602,-0.078,-10.000,-2.9,0.056,-9.992,-45.781,2.0,-5.992,-45.781,-104.438,22.6,5.773,-104.500,0.000,0.0,0.000,0.000,0.000,0.0,0.000,0.000
2.4378,0.813,49.5,-3.721,0.709,6.602,-20.7,6.129,6.648,32.031,-30.8,11.328,32.094,97.375,-74.1,-6.461,97.562,-0.314,-57.1,2.531,-0.188,-10.016,-4.8,0.025,-10.000,-45.812,-9.3,-5.566,-45.781,-104.375,35.7,5.867,-104.438,0.000,0.0,0.000,0.000,0.000,0.0,0.000,0.000
2.4398,0.926,52.2,-4.648,0.813,6.559,-20.8,6.023,6.602,31.984,-25.9,12.672,32.031,97.250,-82.1,-7.133,97.375,-0.446,-61.7,4.105,-0.314,-10.031,-6.5,0.146,-10.016,-45.844,-14.7,-5.367,-45.812,-104.250,42.9,5.688,-104.375,0.000,0.0,0.000,0.000,0.000,0.0,0.000,0.000
2.4418,1.023,47.8,-4.992,0.926,6.527,-19.2,5.152,6.559,31.922,-28.2,12.703,31.984,97.062,-86.9,-6.789,97.250,-0.562,-59.8,4.996,-0.446,-10.039,-4.1,-0.665,-10.031,-45.938,-29.9,-6.160,-45.844,-104.125,53.4,6.457,-104.250,0.000,0.0,0.000,0.000,0.000,0.0,0.000,0.000
2.4438,1.120,46.8,-4.973,1.023,6.520,-10.0,3.838,6.527,31.844,-32.0,11.289,31.922,96.875,-85.4,-5.160,97.062,-0.662,-54.3,5.953,-0.562,-10.062,-6.1,-1.226,-10.039,-46.000,-34.1,-8.422,-45.938,-104.000,67.1,7.492,-104.125,0.000,0.0,0.000,0.000,0.000,0.0,0.000,0.000
2.4458,1.195,42.8,-4.723,1.120,6.504,-7.6,1.842,6.520,31.766,-39.4,9.695,31.844,96.688,-82.9,-2.646,96.875,-0.725,-38.8,6.809,-0.662,-10.094,-13.7,-3.145,-10.062,-46.125,-52.2,-10.242,-46.000,-103.812,77.5,8.047,-104.000,0.000,0.0,0.000,0.000,0.000,0.0,0.000,0.000
2.4479,1.252,32.8,-5.094,1.195,6.473,-13.3,1.217,6.504,31.656,-48.3,10.305,31.766,96.562,-75.3,-2.533,96.688,-0.766,-25.8,5.578,-0.725,-10.125,-16.1,-3.361,-10.094,-46.281,-66.7,-9.711,-46.125,-103.625,92.7,8.023,-103.812,0.000,0.0,0.000,0.000,0.000,0.0,0.000,0.000
2.4505,1.355,31.8,-5.707,1.252,6.402,-23.2,-0.384,6.473,31.484,-58.7,8.844,31.656,96.438,-50.9,0.991,96.562,-0.788,-10.6,9.430,-0.766,-10.227,-33.6,-4.523,-10.125,-46.562,-89.6,-11.844,-46.281,-103.250,116.0,8.523,-103.625,0.000,0.0,0.000,0.000,0.000,0.0,0.000,0.000
2.4526,1.394,22.1,-10.805,1.355,6.328,-32.8,-0.352,6.402,31.344,-68.0,7.426,31.484,96.375,-30.3,1.579,96.438,-0.722,17.9,10.117,-0.788,-10.328,-43.7,-3.939,-10.227,-46.812,-113.6,-11.812,-46.562,-103.000,132.5,8.570,-103.250,0.000,0.0,0.000,0.000,0.000,0.0,0.000,0.000
2.4548,1.391,6.2,-9.688,1.394,6.254,-35.5,0.401,6.328,31.188,-73.1,8.211,31.344,96.438,-0.7,1.582,96.375,-0.622,39.7,9.266,-0.722,-10.461,-57.8,-3.748,-10.328,-47.094,-131.4,-11.688,-46.812,-102.688,140.6,5.340,-103.000,0.000,0.0,0.000,0.000,0.000,0.0,0.000,0.000
2.4574,1.327,-16.6,-8.078,1.391,6.137,-37.5,0.715,6.254,30.938,-81.6,8.719,31.188,96.500,32.7,0.818,96.438,-0.417,63.5,6.465,-0.622,-10.656,-60.7,-4.152,-10.461,-47.531,-141.1,-10.664,-47.094,-102.250,147.1,5.066,-102.688,0.000,0.0,0.000,0.000,0.000,0.0,0.000,0.000
2.4590,1.299,-21.5,-7.520,1.327,6.121,-29.2,0.782,6.137,30.859,-79.4,9.273,30.938,96.562,42.1,0.566,96.500,-0.330,72.6,5.680,-0.417,-10.711,-59.0,-5.191,-10.656,-47.656,-140.8,-10.922,-47.531,-102.125,136.0,0.937,-102.250,0.000,0.0,0.000,0.000,0.000,0.0,0.000,0.000
2.4601,1.277,-21.4,-7.152,1.299,6.090,-29.3,0.747,6.121,30.797,-75.1,9.516,30.859,96.625,51.8,0.379,96.562,-0.260,70.4,4.836,-0.330,-10.750,-48.5,-5.715,-10.711,-47.812,-139.8,-10.938,-47.656,-102.000,133.2,0.789,-102.125,0.000,0.0,0.000,0.000,0.000,0.0,0.000,0.000
2.4618,1.208,-30.4,-5.602,1.277,6.047,-24.0,1.396,6.090,30.672,-66.7,9.250,30.797,96.812,62.5,-0.278,96.625,-0.078,81.2,4.035,-0.260,-10.820,-40.2,-6.992,-10.750,-48.062,-132.5,-11.289,-47.812,-101.812,110.6,-2.529,-102.000,0.000,0.0,0.000,0.000,0.000,0.0,0.000,0.000
2.4638,1.187,-17.6,-4.820,1.208,6.020,-17.9,1.421,6.047,30.578,-53.4,8.461,30.672,97.000,78.9,-0.650,96.812,0.085,82.4,2.289,-0.078,-10.859,-26.0,-7.559,-10.820,-48.312,-125.2,-11.453,-48.062,-101.688,78.8,-2.656,-101.812,0.000,0.0,0.000,0.000,0.000,0.0,0.000,0.000
2.4658,1.164,-12.4,-4.812,1.187,6.008,-10.9,1.070,6.020,30.500,-44.3,7.844,30.578,97.188,85.8,-0.995,97.000,0.223,72.8,0.758,0.085,-10.898,-20.1,-8.703,-10.859,-48.531,-112.4,-11.203,-48.312,-101.625,50.4,-2.799,-101.688,0.000,0.0,0.000,0.000,0.000,0.0,0.000,0.000
2.4678,1.180,1.2,-5.199,1.164,6.000,-5.4,0.412,6.008,30.438,-35.4,7.461,30.500,97.375,93.1,-1.479,97.188,0.336,60.5,1.482,0.223,-10.945,-22.2,-9.609,-10.898,-48.688,-91.4,-11.992,-48.531,-101.625,13.8,-2.855,-101.625,0.000,0.0,0.000,0.000,0.000,0.0,0.000,0.000
2.4698,1.205,10.7,-5.914,1.180,5.992,-5.4,-0.101,6.000,30.391,-28.7,6.477,30.438,97.562,102.7,-2.041,97.375,0.427,49.4,2.680,0.336,-11.000,-27.2,-9.969,-10.945,-48.812,-78.0,-11.953,-48.688,-101.688,-27.2,-2.373,-101.625,0.000,0.0,0.000,0.000,0.000,0.0,0.000,0.000
2.4718,1.211,7.4,-6.000,1.205,5.992,-2.2,-1.136,5.992,30.344,-24.3,4.180,30.391,97.812,106.6,-2.957,97.562,0.512,46.0,4.125,0.427,-11.070,-31.7,-9.539,-11.000,-48.938,-58.5,-10.992,-48.812,-101.875,-54.2,-0.409,-101.688,0.000,0.0,0.000,0.000,0.000,0.0,0.000,0.000
2.4742,1.202,-1.4,-5.828,1.211,5.984,-3.2,-1.082,5.992,30.281,-28.1,4.086,30.344,98.000,105.9,-3.525,97.812,0.562,34.5,5.023,0.512,-11.133,-30.1,-9.539,-11.070,-49.000,-43.2,-11.273,-48.938,-102.062,-80.6,0.544,-101.875,0.000,0.0,0.000,0.000,0.000,0.0,0.000,0.000
2.4764,1.177,-8.2,-4.625,1.202,5.969,-6.6,-2.301,5.984,30.172,-30.5,2.293,30.281,98.312,101.2,-4.359,98.000,0.637,26.4,6.426,0.562,-11.211,-25.7,-9.477,-11.133,-49.031,-18.2,-10.266,-49.000,-102.375,-109.4,3.703,-102.062,0.000,0.0,0.000,0.000,0.000,0.0,0.000,0.000
2.4786,1.136,-15.2,-3.643,1.177,5.945,-8.6,-2.467,5.969,30.078,-41.3,1.585,30.172,98.500,94.4,-4.406,98.312,0.690,25.1,6.801,0.637,-11.266,-26.5,-8.602,-11.211,-49.031,-1.6,-9.742,-49.031,-102.625,-121.3,3.965,-102.375,0.000,0.0,0.000,0.000,0.000,0.0,0.000,0.000
2.4808,1.092,-19.5,-0.441,1.136,5.914,-13.9,-0.960,5.945,29.984,-48.4,1.312,30.078,98.688,87.4,-4.641,98.500,0.741,24.1,1.109,0.690,-11.289,-19.2,-5.094,-11.266,-49.000,9.3,-9.430,-49.031,-102.875,-123.1,7.668,-102.625,0.000,0.0,0.000,0.000,0.000,0.0,0.000,0.000
2.4822,1.073,-19.0,1.231,1.092,5.902,-11.3,-0.262,5.914,29.922,-48.7,1.430,29.984,98.750,82.6,-4.480,98.688,0.753,19.6,1.449,0.741,-11.312,-19.2,-5.457,-11.289,-48.969,12.9,-9.578,-49.000,-103.000,-122.4,7.320,-102.875,0.000,0.0,0.000,0.000,0.000,0.0,0.000,0.000
2.4838,1.067,-7.3,2.641,1.073,5.859,-17.4,1.670,5.902,29.812,-54.4,3.662,29.922,98.875,71.7,-4.078,98.750,0.734,-0.6,-1.180,0.753,-11.312,-10.1,-2.738,-11.312,-48.938,18.2,-6.500,-48.969,-103.250,-112.8,6.238,-103.000,0.000,0.0,0.000,0.000,0.000,0.0,0.000,0.000
2.4858,1.089,6.8,1.536,1.067,5.848,-10.1,3.064,5.859,29.703,-53.3,6.559,29.812,99.000,59.5,-4.176,98.875,0.684,-18.2,-0.524,0.734,-11.297,3.3,-0.975,-11.312,-48.875,27.8,-2.520,-48.938,-103.438,-98.2,5.305,-103.250,0.000,0.0,0.000,0.000,0.000,0.0,0.000,0.000
2.4878,1.130,15.8,-0.834,1.089,5.852,-2.2,2.707,5.848,29.641,-39.1,6.824,29.703,99.062,45.1,-4.258,99.000,0.590,-36.3,1.314,0.684,-11.273,10.3,-0.698,-11.297,-48.750,44.7,-1.905,-48.875,-103.625,-101.9,5.586,-103.438,0.000,0.0,0.000,0.000,0.000,0.0,0.000,0.000
2.4898,1.187,24.4,-1.754,1.130,5.898,14.7,2.428,5.852,29.594,-25.8,6.332,29.641,99.125,36.5,-4.402,99.062,0.458,-55.2,2.764,0.590,-11.227,18.3,-0.588,-11.273,-48.625,60.4,-3.107,-48.750,-103.812,-91.4,5.137,-103.625,0.000,0.0,0.000,0.000,0.000,0.0,0.000,0.000
2.4918,1.230,24.4,-1.399,1.187,5.945,20.7,2.098,5.898,29.625,1.7,5.664,29.594,99.188,22.5,-4.359,99.125,0.326,-62.8,3.250,0.458,-11.172,22.9,-0.967,-11.227,-48.469,70.1,-4.992,-48.625,-103.938,-79.6,5.223,-103.812,0.000,0.0,0.000,0.000,0.000,0.0,0.000,0.000
2.4938,1.277,25.0,-1.583,1.230,6.016,27.8,1.324,5.945,29.672,17.2,5.371,29.625,99.188,14.2,-4.473,99.188,0.173,-71.5,4.730,0.326,-11.117,25.0,-0.832,-11.172,-48.312,75.9,-5.582,-48.469,-104.062,-65.1,5.480,-103.938,0.000,0.0,0.000,0.000,0.000,0.0,0.000,0.000
2.4958,1.318,22.2,-1.703,1.277,6.098,35.9,0.960,6.016,29.734,26.4,6.613,29.672,99.188,1.1,-5.961,99.188,0.035,-70.6,7.004,0.173,-11.078,21.9,-0.274,-11.117,-48.156,74.8,-3.174,-48.312,-104.188,-62.8,4.969,-104.062,0.000,0.0,0.000,0.000,0.000,0.0,0.000,0.000
2.4978,1.353,18.2,-12.648,1.318,6.180,38.5,3.344,6.098,29.844,43.2,9.297,29.734,99.125,-17.8,-7.051,99.188,-0.072,-58.0,15.359,0.035,-11.016,28.1,2.984,-11.078,-48.031,73.7,-1.319,-48.156,-104.250,-49.6,4.016,-104.188,0.000,0.0,0.000,0.000,0.000,0.0,0.000,0.000
2.4998,1.324,-3.0,-14.055,1.353,6.289,48.6,3.273,6.180,29.984,65.6,9.984,29.844,99.000,-33.8,-6.855,99.125,-0.107,-32.9,12.922,-0.072,-10.945,32.3,2.385,-11.016,-47.844,84.1,-2.174,-48.031,-104.375,-44.9,3.566,-104.250,0.000,0.0,0.000,0.000,0.000,0.0,0.000,0.000
2.5021,1.221,-34.2,-11.672,1.324,6.422,59.4,3.461,6.289,30.172,81.8,9.938,29.984,98.875,-54.5,-6.832,99.000,-0.072,-0.2,10.953,-0.107,-10.852,42.2,2.318,-10.945,-47.688,78.8,-3.145,-47.844,-104.438,-37.4,2.943,-104.375,0.000,0.0,0.000,0.000,0.000,0.0,0.000,0.000
2.5042,1.092,-54.1,-9.477,1.221,6.547,60.2,3.430,6.422,30.375,97.5,9.766,30.172,98.750,-66.1,-6.758,98.875,-0.006,22.2,8.156,-0.072,-10.766,45.2,1.638,-10.852,-47.531,75.9,-3.576,-47.688,-104.500,-32.8,2.549,-104.438,0.000,0.0,0.000,0.000,0.000,0.0,0.000,0.000
2.5064,0.901,-61.3,-7.887,1.092,6.703,50.6,4.691,6.547,30.719,110.9,9.984,30.375,98.500,-83.3,-6.801,98.750,0.116,39.1,5.418,-0.006,-10.625,47.8,0.399,-10.766,-47.344,65.8,-3.900,-47.531,-104.562,-25.7,1.945,-104.500,0.000,0.0,0.000,0.000,0.000,0.0,0.000,0.000
2.5089,0.766,-67.2,-7.043,0.901,6.758,33.2,6.180,6.703,30.969,117.4,9.883,30.719,98.312,-93.8,-5.016,98.500,0.195,40.1,3.482,0.116,-10.531,47.6,-0.261,-10.625,-47.219,64.7,-4.457,-47.344,-104.625,-29.5,1.362,-104.562,0.000,0.0,0.000,0.000,0.000,0.0,0.000,0.000
2.5105,0.687,-49.4,-7.273,0.766,6.762,12.8,7.309,6.758,31.219,120.6,10.164,30.969,98.062,-105.3,-4.180,98.312,0.251,32.0,2.615,0.195,-10.453,43.8,-0.884,-10.531,-47.094,56.2,-4.836,-47.219,-104.688,-26.7,1.168,-104.625,0.000,0.0,0.000,0.000,0.000,0.0,0.000,0.000
2.5118,0.637,-48.9,-6.773,0.687,6.766,9.6,8.188,6.762,31.344,123.4,10.859,31.219,97.938,-107.1,-4.023,98.062,0.282,32.0,2.701,0.251,-10.422,37.8,-1.306,-10.453,-47.062,58.0,-4.938,-47.094,-104.688,-25.4,0.813,-104.688,0.000,0.0,0.000,0.000,0.000,0.0,0.000,0.000
2.5138,0.562,-43.1,-6.043,0.637,6.750,-1.7,9.234,6.766,31.562,115.8,11.531,31.344,97.750,-105.1,-3.174,97.938,0.308,18.7,2.908,0.282,-10.359,31.0,-1.558,-10.422,-46.969,43.6,-4.766,-47.062,-104.750,-29.2,0.608,-104.688,0.000,0.0,0.000,0.000,0.000,0.0,0.000,0.000
2.5158,0.527,-25.8,-6.020,0.562,6.738,-5.0,10.523,6.750,31.797,117.0,12.812,31.562,97.562,-96.0,-3.283,97.750,0.320,10.1,3.352,0.308,-10.328,20.3,-1.170,-10.359,-46.906,39.3,-4.770,-46.969,-104.812,-30.5,0.532,-104.750,0.000,0.0,0.000,0.000,0.000,0.0,0.000,0.000
2.5178,0.480,-22.7,-6.105,0.527,6.754,2.5,11.312,6.738,32.000,106.9,12.375,31.797,97.375,-94.3,-3.361,97.562,0.314,1.0,4.691,0.320,-10.336,6.2,0.130,-10.328,-46.875,28.3,-4.230,-46.906,-104.875,-29.3,0.648,-104.812,0.000,0.0,0.000,0.000,0.000,0.0,0.000,0.000
2.5198,0.442,-20.5,-7.758,0.480,6.770,5.7,11.891,6.754,32.188,100.8,12.500,32.000,97.188,-92.0,-3.297,97.375,0.301,-3.9,5.340,0.314,-10.359,-5.2,1.477,-10.336,-46.812,28.6,-4.094,-46.875,-104.938,-33.6,0.955,-104.875,0.000,0.0,0.000,0.000,0.000,0.0,0.000,0.000
2.5218,0.402,-22.1,-7.996,0.442,6.789,8.9,11.531,6.770,32.312,78.9,12.383,32.188,97.062,-82.1,-5.859,97.188,0.295,-2.9,6.168,0.301,-10.375,-6.4,2.846,-10.359,-46.781,24.8,-3.146,-46.812,-105.000,-38.0,1.367,-104.938,0.000,0.0,0.000,0.000,0.000,0.0,0.000,0.000
2.5238,0.376,-15.5,-8.555,0.402,6.812,11.5,11.281,6.789,32.438,65.4,12.617,32.312,96.875,-80.1,-7.250,97.062,0.286,-4.9,6.199,0.295,-10.375,2.4,3.434,-10.375,-46.750,19.1,-2.693,-46.781,-105.125,-36.3,1.747,-105.000,0.000,0.0,0.000,0.000,0.000,0.0,0.000,0.000
2.5258,0.339,-16.2,-9.055,0.376,6.797,-0.2,11.523,6.812,32.500,39.5,14.172,32.438,96.688,-85.0,-10.508,96.875,0.308,5.7,5.715,0.286,-10.375,3.1,3.270,-10.375,-46.688,19.5,-2.303,-46.750,-105.188,-32.8,2.059,-105.125,0.000,0.0,0.000,0.000,0.000,0.0,0.000,0.000
2.5278,0.330,-8.5,-10.031,0.339,6.793,-0.8,11.055,6.797,32.531,26.6,15.656,32.500,96.500,-99.1,-10.906,96.688,0.311,5.2,5.438,0.308,-10.359,5.7,1.842,-10.375,-46.656,20.1,-1.937,-46.688,-105.188,-26.6,1.988,-105.188,0.000,0.0,0.000,0.000,0.000,0.0,0.000,0.000
2.5298,0.317,-7.1,-8.133,0.330,6.777,-6.0,9.180,6.793,32.500,2.7,15.711,32.531,96.250,-105.2,-11.156,96.500,0.301,-1.7,2.350,0.311,-10.344,3.7,0.628,-10.359,-46.594,22.1,-2.100,-46.656,-105.250,-26.3,2.834,-105.188,0.000,0.0,0.000,0.000,0.000,0.0,0.000,0.000
2.5319,0.354,8.9,-3.164,0.317,6.766,-7.5,8.367,6.777,32.469,-9.6,14.031,32.500,96.000,-120.2,-8.664,96.250,0.276,-10.7,-3.002,0.301,-10.344,0.8,0.605,-10.344,-46.562,17.9,-4.332,-46.594,-105.312,-17.8,4.539,-105.250,0.000,0.0,0.000,0.000,0.000,0.0,0.000,0.000
2.5342,0.430,29.6,-0.850,0.354,6.750,-7.8,7.301,6.766,32.406,-20.5,13.656,32.469,95.750,-126.6,-7.090,96.000,0.198,-30.9,-1.596,0.276,-10.367,-5.5,0.385,-10.344,-46.531,14.7,-5.117,-46.562,-105.312,-9.5,5.301,-105.312,0.000,0.0,0.000,0.000,0.000,0.0,0.000,0.000
2.5365,0.622,58.9,-2.850,0.430,6.723,-7.5,7.312,6.750,32.344,-27.2,14.711,32.406,95.375,-123.6,-7.215,95.750,0.019,-56.9,0.751,0.198,-10.398,-8.9,0.670,-10.367,-46.562,-0.6,-4.770,-46.531,-105.250,14.0,4.602,-105.312,0.000,0.0,0.000,0.000,0.000,0.0,0.000,0.000
2.5386,0.747,61.7,-3.834,0.622,6.707,-6.9,7.059,6.723,32.281,-25.1,13.875,32.344,95.125,-118.5,-6.602,95.375,-0.119,-65.4,2.133,0.019,-10.438,-13.0,0.583,-10.398,-46.562,-6.9,-4.711,-46.562,-105.125,29.5,4.457,-105.250,0.000,0.0,0.000,0.000,0.000,0.0,0.000,0.000
2.5405,0.875,61.8,-3.879,0.747,6.695,-6.3,5.723,6.707,32.219,-26.8,13.820,32.281,94.938,-117.8,-6.727,95.125,-0.273,-72.5,3.506,-0.119,-10.453,-10.2,-0.078,-10.438,-46.625,-16.3,-5.203,-46.562,-105.062,31.8,4.898,-105.125,0.000,0.0,0.000,0.000,0.000,0.0,0.000,0.000
2.5418,0.932,60.2,-3.469,0.875,6.699,-3.3,5.656,6.695,32.219,-23.4,13.734,32.219,94.812,-111.4,-6.867,94.938,-0.345,-73.0,3.566,-0.273,-10.453,-8.9,-0.203,-10.453,-46.625,-18.0,-4.969,-46.625,-105.000,42.2,4.711,-105.062,0.000,0.0,0.000,0.000,0.000,0.0,0.000,0.000
2.5438,1.032,53.0,-3.842,0.932,6.711,2.2,5.215,6.699,32.188,-20.1,14.195,32.219,94.625,-100.8,-7.195,94.812,-0.483,-67.9,4.777,-0.345,-10.469,-8.1,-0.672,-10.453,-46.688,-25.8,-5.109,-46.625,-104.938,49.9,4.480,-105.000,0.000,0.0,0.000,0.000,0.000,0.0,0.000,0.000
2.5458,1.120,45.9,-5.230,1.032,6.711,0.9,4.480,6.711,32.156,-12.5,13.891,32.188,94.438,-97.0,-6.555,94.625,-0.612,-66.1,6.188,-0.483,-10.484,-8.4,-1.042,-10.469,-46.781,-35.3,-6.832,-46.688,-104.812,54.6,5.617,-104.938,0.000,0.0,0.000,0.000,0.000,0.0,0.000,0.000
2.5478,1.199,41.6,-5.340,1.120,6.723,4.5,3.633,6.711,32.156,-9.7,12.438,32.156,94.312,-78.1,-4.738,94.438,-0.700,-53.9,6.867,-0.612,-10.500,-8.5,-1.835,-10.484,-46.875,-46.2,-8.289,-46.781,-104.688,62.2,5.832,-104.812,0.000,0.0,0.000,0.000,0.000,0.0,0.000,0.000
2.5498,1.239,27.6,-5.254,1.199,6.715,1.3,2.686,6.723,32.125,-8.2,10.773,32.156,94.188,-62.5,-3.627,94.312,-0.747,-34.8,6.246,-0.700,-10.523,-9.8,-2.416,-10.500,-47.000,-53.0,-9.047,-46.875,-104.500,75.9,7.000,-104.688,0.000,0.0,0.000,0.000,0.000,0.0,0.000,0.000
2.5518,1.283,21.8,-4.613,1.239,6.688,-9.0,1.599,6.715,32.094,-14.2,9.141,32.125,94.125,-41.0,-2.514,94.188,-0.772,-20.2,5.336,-0.747,-10.562,-17.1,-3.348,-10.523,-47.156,-72.7,-9.531,-47.000,-104.312,86.1,8.078,-104.500,0.000,0.0,0.000,0.000,0.000,0.0,0.000,0.000
2.5538,1.324,20.0,-4.277,1.283,6.656,-14.8,1.725,6.688,32.031,-21.3,8.797,32.094,94.125,-19.3,-2.201,94.125,-0.781,-11.2,4.410,-0.772,-10.633,-28.5,-3.275,-10.562,-47.344,-86.8,-9.859,-47.156,-104.125,97.4,7.656,-104.312,0.000,0.0,0.000,0.000,0.000,0.0,0.000,0.000
2.5561,1.350,13.7,-3.859,1.324,6.617,-18.4,1.163,6.656,31.984,-27.6,7.113,32.031,94.125,9.3,-0.518,94.125,-0.753,5.4,7.098,-0.781,-10.711,-35.6,-3.863,-10.633,-47.562,-94.7,-10.680,-47.344,-103.875,105.6,8.180,-104.125,0.000,0.0,0.000,0.000,0.000,0.0,0.000,0.000
2.5582,1.381,13.5,-7.105,1.350,6.559,-26.2,-0.234,6.617,31.906,-36.1,5.977,31.984,94.250,33.8,0.093,94.125,-0.719,13.4,9.539,-0.753,-10.828,-48.7,-3.586,-10.711,-47.781,-111.2,-10.992,-47.562,-103.625,122.0,7.523,-103.875,0.000,0.0,0.000,0.000,0.000,0.0,0.000,0.000
2.5608,1.358,-4.3,-7.926,1.381,6.477,-26.6,1.104,6.559,31.750,-50.0,6.320,31.906,94.500,78.4,-0.628,94.250,-0.583,37.5,7.316,-0.719,-10.969,-47.1,-4.625,-10.828,-48.156,-117.2,-9.922,-47.781,-103.250,124.6,-1.287,-103.625,0.000,0.0,0.000,0.000,0.000,0.0,0.000,0.000
2.5626,1.309,-17.2,-6.203,1.358,6.426,-25.7,0.558,6.477,31.656,-47.9,6.801,31.750,94.688,99.6,-1.457,94.500,-0.430,62.4,4.797,-0.583,-11.031,-34.3,-5.887,-10.969,-48.406,-118.9,-9.289,-48.156,-103.000,111.4,-3.332,-103.250,0.000,0.0,0.000,0.000,0.000,0.0,0.000,0.000
2.5641,1.283,-20.3,-5.789,1.309,6.406,-24.6,0.343,6.426,31.594,-51.9,7.086,31.656,94.812,110.3,-1.836,94.688,-0.370,62.8,4.793,-0.430,-11.062,-34.0,-6.543,-11.031,-48.500,-111.5,-9.570,-48.406,-102.938,96.4,-3.193,-103.000,0.000,0.0,0.000,0.000,0.000,0.0,0.000,0.000
2.5658,1.221,-27.3,-4.852,1.283,6.379,-17.2,0.037,6.406,31.500,-48.8,6.746,31.594,95.125,127.1,-2.564,94.812,-0.232,66.8,3.906,-0.370,-11.078,-18.5,-6.434,-11.062,-48.688,-100.5,-9.781,-48.500,-102.812,73.1,-1.986,-102.938,0.000,0.0,0.000,0.000,0.000,0.0,0.000,0.000
2.5678,1.195,-18.8,-5.117,1.221,6.344,-17.7,0.090,6.379,31.391,-51.6,6.426,31.500,95.375,137.9,-3.064,95.125,-0.091,68.7,3.641,-0.232,-11.109,-15.3,-6.754,-11.078,-48.875,-92.6,-10.492,-48.688,-102.812,44.0,-0.729,-102.812,0.000,0.0,0.000,0.000,0.000,0.0,0.000,0.000
2.5698,1.177,-12.4,-5.195,1.195,6.312,-18.9,-0.379,6.344,31.312,-44.8,5.582,31.391,95.750,150.5,-4.402,95.375,0.041,66.2,0.952,-0.091,-11.117,-9.6,-7.562,-11.109,-49.000,-76.1,-8.445,-48.875,-102.812,12.8,-1.149,-102.812,0.000,0.0,0.000,0.000,0.000,0.0,0.000,0.000
2.5718,1.164,-9.0,-4.734,1.177,6.301,-12.1,-1.106,6.312,31.219,-45.5,5.387,31.312,96.000,153.6,-4.715,95.750,0.141,57.1,1.345,0.041,-11.133,-8.6,-7.965,-11.117,-49.094,-56.9,-9.523,-49.000,-102.812,-7.7,-1.487,-102.812,0.000,0.0,0.000,0.000,0.000,0.0,0.000,0.000
2.5738,1.158,-7.5,-5.141,1.164,6.270,-13.8,-1.442,6.301,31.125,-44.9,3.631,31.219,96.375,155.4,-6.336,96.000,0.232,48.9,2.693,0.141,-11.164,-14.8,-7.605,-11.133,-49.125,-33.6,-8.992,-49.094,-102.938,-38.6,-0.518,-102.812,0.000,0.0,0.000,0.000,0.000,0.0,0.000,0.000
2.5758,1.158,-4.6,-5.184,1.158,6.223,-21.3,-1.666,6.270,31.031,-45.5,2.561,31.125,96.625,150.2,-6.496,96.375,0.295,39.3,3.893,0.232,-11.180,-12.3,-7.039,-11.164,-49.125,-11.0,-8.828,-49.125,-103.062,-58.7,0.604,-102.938,0.000,0.0,0.000,0.000,0.000,0.0,0.000,0.000
2.5778,1.146,-4.6,-5.047,1.158,6.184,-20.7,-2.914,6.223,30.922,-52.0,1.487,31.031,96.875,137.6,-6.859,96.625,0.339,28.4,4.867,0.295,-11.195,-9.4,-6.730,-11.180,-49.094,6.3,-8.117,-49.125,-103.250,-70.7,3.482,-103.062,0.000,0.0,0.000,0.000,0.000,0.0,0.000,0.000
2.5798,1.114,-11.0,-4.766,1.146,6.125,-26.5,-3.268,6.184,30.797,-55.3,1.095,30.922,97.125,124.9,-6.711,96.875,0.389,27.0,5.969,0.339,-11.219,-12.3,-6.848,-11.195,-49.031,22.5,-8.328,-49.094,-103.438,-77.1,3.889,-103.250,0.000,0.0,0.000,0.000,0.000,0.0,0.000,0.000
2.5818,1.067,-19.0,-4.047,1.114,6.043,-36.4,-3.006,6.125,30.688,-58.3,0.648,30.797,97.375,120.7,-6.387,97.125,0.449,30.5,5.887,0.389,-11.227,-7.5,-6.645,-11.219,-49.000,25.3,-7.840,-49.031,-103.562,-78.9,4.441,-103.438,0.000,0.0,0.000,0.000,0.000,0.0,0.000,0.000
2.5838,1.017,-23.8,-3.480,1.067,5.949,-45.7,-2.549,6.043,30.547,-62.9,0.194,30.688,97.562,95.1,-6.172,97.375,0.486,24.7,6.426,0.449,-11.250,-8.2,-6.035,-11.227,-48.906,32.1,-7.691,-49.000,-103.750,-80.4,4.715,-103.562,0.000,0.0,0.000,0.000,0.000,0.0,0.000,0.000
2.5862,0.982,-18.2,-3.279,1.017,5.855,-48.9,-2.455,5.949,30.406,-65.6,0.302,30.547,97.688,83.9,-5.328,97.562,0.543,27.9,6.852,0.486,-11.273,-11.0,-6.031,-11.250,-48.844,37.7,-7.531,-48.906,-103.875,-77.9,4.656,-103.750,0.000,0.0,0.000,0.000,0.000,0.0,0.000,0.000
2.5881,0.923,-24.7,-3.660,0.982,5.773,-43.1,-2.621,5.855,30.266,-68.1,0.591,30.406,97.875,75.1,-5.020,97.688,0.583,23.5,6.988,0.543,-11.305,-13.8,-6.109,-11.273,-48.750,37.3,-7.828,-48.844,-104.000,-73.9,4.730,-103.875,0.000,0.0,0.000,0.000,0.000,0.0,0.000,0.000
2.5903,0.901,-15.8,-4.465,0.923,5.707,-34.5,-2.740,5.773,30.125,-70.6,0.518,30.266,97.938,61.7,-4.480,97.875,0.644,29.4,7.367,0.583,-11.344,-17.1,-6.133,-11.305,-48.688,38.8,-7.801,-48.750,-104.125,-61.6,4.348,-104.000,0.000,0.0,0.000,0.000,0.000,0.0,0.000,0.000
2.5924,0.863,-11.4,0.423,0.901,5.648,-22.2,-0.396,5.707,29.938,-61.8,2.605,30.125,98.062,45.2,-3.383,97.938,0.684,13.7,-2.379,0.644,-11.383,-10.8,-3.354,-11.344,-48.562,35.8,-7.129,-48.688,-104.312,-56.7,4.797,-104.125,0.000,0.0,0.000,0.000,0.000,0.0,0.000,0.000
2.5938,0.860,-8.0,3.230,0.863,5.629,-22.1,0.091,5.648,29.859,-64.1,3.686,29.938,98.125,38.9,-3.033,98.062,0.668,0.4,-1.870,0.684,-11.383,-6.7,-3.611,-11.383,-48.531,32.2,-6.688,-48.562,-104.375,-51.6,4.801,-104.312,0.000,0.0,0.000,0.000,0.000,0.0,0.000,0.000
2.5958,0.888,6.0,1.905,0.860,5.613,-14.4,0.708,5.629,29.750,-57.6,3.396,29.859,98.125,25.0,-2.713,98.125,0.627,-15.8,-0.135,0.668,-11.336,11.2,-4.379,-11.383,-48.469,28.7,-6.438,-48.531,-104.438,-46.4,4.625,-104.375,0.000,0.0,0.000,0.000,0.000,0.0,0.000,0.000
2.5978,0.948,21.1,0.414,0.888,5.605,-9.5,0.983,5.613,29.656,-52.0,3.496,29.750,98.188,18.6,-2.273,98.125,0.546,-30.7,2.107,0.627,-11.305,14.0,-4.547,-11.336,-48.406,32.4,-7.031,-48.469,-104.500,-38.1,4.797,-104.438,0.000,0.0,0.000,0.000,0.000,0.0,0.000,0.000
2.5998,1.020,29.6,-0.517,0.948,5.605,-4.8,0.172,5.605,29.594,-39.1,6.402,29.656,98.188,13.2,-3.221,98.188,0.433,-46.5,2.053,0.546,-11.258,18.5,-4.320,-11.305,-48.344,26.5,-7.156,-48.406,-104.562,-29.4,5.762,-104.500,0.000,0.0,0.000,0.000,0.000,0.0,0.000,0.000
2.6018,1.096,34.5,-0.444,1.020,5.621,2.4,1.651,5.605,29.547,-28.2,5.910,29.594,98.250,12.5,-2.982,98.188,0.317,-52.9,2.971,0.433,-11.227,17.4,-3.984,-11.258,-48.312,22.8,-7.766,-48.344,-104.562,-17.9,5.363,-104.562,0.000,0.0,0.000,0.000,0.000,0.0,0.000,0.000
2.6038,1.180,38.6,-1.042,1.096,5.637,4.5,1.072,5.621,29.531,-12.6,5.895,29.547,98.188,-3.6,-3.459,98.250,0.179,-62.5,3.869,0.317,-11.211,11.7,-3.033,-11.227,-48.281,18.6,-7.496,-48.312,-104.562,-6.5,5.707,-104.562,0.000,0.0,0.000,0.000,0.000,0.0,0.000,0.000
2.6058,1.252,37.2,-2.057,1.180,5.664,9.9,1.509,5.637,29.562,3.0,5.930,29.531,98.188,-9.2,-3.912,98.188,0.047,-64.1,5.113,0.179,-11.172,14.2,-2.416,-11.211,-48.250,13.4,-6.969,-48.281,-104.562,4.9,5.418,-104.562,0.000,0.0,0.000,0.000,0.000,0.0,0.000,0.000
2.6078,1.321,34.3,-3.006,1.252,5.699,13.9,1.264,5.664,29.609,18.6,5.223,29.562,98.125,-15.6,-3.848,98.188,-0.075,-62.2,5.672,0.047,-11.141,19.1,-2.445,-11.172,-48.250,7.7,-7.223,-48.250,-104.500,16.2,5.559,-104.562,0.000,0.0,0.000,0.000,0.000,0.0,0.000,0.000
2.6098,1.384,30.8,-3.055,1.321,5.738,15.6,0.780,5.699,29.672,25.0,4.098,29.609,98.062,-23.3,-3.352,98.125,-0.176,-56.6,5.836,-0.075,-11.117,13.9,-3.246,-11.141,-48.250,1.6,-8.352,-48.250,-104.438,24.2,5.906,-104.500,0.000,0.0,0.000,0.000,0.000,0.0,0.000,0.000
2.6118,1.425,23.6,-2.965,1.384,5.785,20.0,1.083,5.738,29.750,33.8,5.699,29.672,98.000,-33.2,-5.105,98.062,-0.248,-44.5,5.027,-0.176,-11.062,22.6,-2.715,-11.117,-48.250,-3.0,-7.457,-48.250,-104.375,34.6,5.961,-104.438,0.000,0.0,0.000,0.000,0.000,0.0,0.000,0.000
2.6138,1.462,17.2,-3.361,1.425,5.844,24.9,1.146,5.785,29.859,45.8,5.621,29.750,97.938,-39.6,-5.395,98.000,-0.311,-35.4,4.766,-0.248,-11.023,20.0,-2.822,-11.062,-48.250,-3.8,-8.023,-48.250,-104.312,39.9,6.512,-104.375,0.000,0.0,0.000,0.000,0.000,0.0,0.000,0.000
2.6162,1.500,15.7,-2.967,1.462,5.898,25.7,1.027,5.844,30.000,62.8,5.461,29.859,97.812,-48.8,-5.430,97.938,-0.370,-32.2,4.090,-0.311,-10.961,27.0,-2.814,-11.023,-48.250,0.5,-8.375,-48.250,-104.188,51.0,6.246,-104.312,0.000,0.0,0.000,0.000,0.000,0.0,0.000,0.000
2.6185,1.547,15.3,-2.184,1.500,5.992,30.9,0.908,5.898,30.234,73.5,5.379,30.000,97.625,-65.7,-5.297,97.812,-0.427,-22.7,2.932,-0.370,-10.891,25.5,-2.861,-10.961,-48.250,0.9,-9.008,-48.250,-104.000,58.6,6.648,-104.188,0.000,0.0,0.000,0.000,0.000,0.0,0.000,0.000
2.6207,1.566,11.0,-2.189,1.547,6.043,26.6,1.172,5.992,30.391,74.9,5.781,30.234,97.438,-71.1,-5.555,97.625,-0.474,-24.3,2.238,-0.427,-10.852,21.2,-2.668,-10.891,-48.250,4.4,-9.352,-48.250,-103.875,65.7,6.297,-104.000,0.000,0.0,0.000,0.000,0.000,0.0,0.000,0.000
2.6227,1.588,9.8,-1.626,1.566,6.078,20.0,2.010,6.043,30.531,72.1,7.270,30.391,97.250,-83.0,-6.723,97.438,-0.505,-20.2,1.371,-0.474,-10.805,23.1,-1.567,-10.852,-48.219,9.1,-8.602,-48.250,-103.688,75.4,5.875,-103.875,0.000,0.0,0.000,0.000,0.000,0.0,0.000,0.000
2.6239,1.619,19.0,-1.690,1.588,6.086,14.5,4.031,6.078,30.625,78.6,7.527,30.531,97.188,-87.9,-6.594,97.250,-0.524,-19.8,1.323,-0.505,-10.781,25.9,-1.272,-10.805,-48.188,12.8,-8.516,-48.219,-103.625,76.6,4.273,-103.688,0.000,0.0,0.000,0.000,0.000,0.0,0.000,0.000
2.6258,1.619,7.3,-2.168,1.619,6.102,11.9,7.141,6.086,30.750,69.3,9.898,30.625,97.000,-93.0,-8.516,97.188,-0.581,-24.6,1.550,-0.524,-10.742,24.3,0.522,-10.781,-48.188,14.4,-7.238,-48.188,-103.438,76.9,1.837,-103.625,0.000,0.0,0.000,0.000,0.000,0.0,0.000,0.000
2.6278,1.632,5.2,-6.316,1.619,6.113,9.9,7.250,6.102,30.922,80.6,13.359,30.750,96.750,-115.1,-9.844,97.000,-0.615,-20.0,6.137,-0.581,-10.672,29.6,0.157,-10.742,-48.094,27.9,-5.238,-48.188,-103.312,63.4,-0.308,-103.438,0.000,0.0,0.000,0.000,0.000,0.0,0.000,0.000
2.6298,1.601,-10.8,-8.641,1.632,6.125,7.6,7.090,6.113,31.094,86.8,14.312,30.922,96.500,-131.5,-9.438,96.750,-0.634,-13.3,8.055,-0.615,-10.609,31.3,-0.673,-10.672,-48.000,42.5,-4.996,-48.094,-103.250,51.7,-1.092,-103.312,0.000,0.0,0.000,0.000,0.000,0.0,0.000,0.000
2.6318,1.541,-23.8,-8.914,1.601,6.148,9.1,6.426,6.125,31.281,88.7,13.906,31.094,96.188,-142.8,-8.750,96.500,-0.609,1.9,6.988,-0.634,-10.539,33.1,-1.129,-10.609,-47.875,56.5,-6.074,-48.000,-103.188,32.8,-1.280,-103.250,0.000,0.0,0.000,0.000,0.000,0.0,0.000,0.000
2.6338,1.438,-40.8,-7.391,1.541,6.164,8.5,6.562,6.148,31.500,100.4,13.547,31.281,95.812,-160.1,-7.836,96.188,-0.562,15.3,5.805,-0.609,-10.492,26.8,-0.739,-10.539,-47.688,71.1,-6.555,-47.875,-103.188,7.2,-0.704,-103.188,0.000,0.0,0.000,0.000,0.000,0.0,0.000,0.000
2.6358,1.340,-44.5,-6.746,1.438,6.168,3.1,7.102,6.164,31.672,92.2,13.555,31.500,95.500,-166.2,-5.953,95.812,-0.502,23.2,4.426,-0.562,-10.453,21.7,-0.569,-10.492,-47.531,79.3,-7.121,-47.688,-103.250,-11.5,-0.098,-103.188,0.000,0.0,0.000,0.000,0.000,0.0,0.000,0.000
2.6378,1.236,-47.2,-6.453,1.340,6.180,4.1,7.957,6.168,31.828,83.2,13.398,31.672,95.188,-165.8,-4.117,95.500,-0.439,27.7,3.371,-0.502,-10.422,16.0,-0.177,-10.453,-47.375,79.8,-7.910,-47.531,-103.312,-25.7,0.527,-103.250,0.000,0.0,0.000,0.000,0.000,0.0,0.000,0.000
2.6401,1.143,-46.1,-5.758,1.236,6.188,5.5,8.773,6.180,31.969,72.0,13.109,31.828,94.875,-159.1,-1.974,95.188,-0.374,32.0,3.016,-0.439,-10.398,13.1,0.293,-10.422,-47.219,81.2,-7.535,-47.375,-103.375,-37.0,1.081,-103.312,0.000,0.0,0.000,0.000,0.000,0.0,0.000,0.000
2.6420,1.067,-39.8,-5.793,1.143,6.195,4.4,8.750,6.188,32.094,61.9,13.477,31.969,94.562,-140.8,-0.481,94.875,-0.336,24.3,3.174,-0.374,-10.359,16.6,0.622,-10.398,-47.062,75.6,-8.188,-47.219,-103.500,-44.7,1.416,-103.375,0.000,0.0,0.000,0.000,0.000,0.0,0.000,0.000
2.6438,1.004,-35.0,-5.719,1.067,6.199,2.0,10.062,6.195,32.156,47.6,14.055,32.094,94.375,-112.2,-0.564,94.562,-0.289,24.9,3.443,-0.336,-10.359,8.3,0.774,-10.359,-46.938,67.1,-8.023,-47.062,-103.625,-58.0,1.667,-103.500,0.000,0.0,0.000,0.000,0.000,0.0,0.000,0.000
2.6458,0.973,-22.1,-6.055,1.004,6.238,12.1,10.258,6.199,32.219,37.5,14.094,32.156,94.250,-86.8,-0.507,94.375,-0.257,20.8,3.273,-0.289,-10.344,6.9,1.461,-10.359,-46.812,60.8,-7.176,-46.938,-103.750,-62.7,1.515,-103.625,0.000,0.0,0.000,0.000,0.000,0.0,0.000,0.000
2.6478,0.917,-26.0,-6.184,0.973,6.277,16.8,10.586,6.238,32.281,30.1,14.477,32.219,94.125,-59.3,-1.919,94.250,-0.232,17.0,3.559,-0.257,-10.320,9.6,1.541,-10.344,-46.719,49.6,-6.566,-46.812,-103.875,-66.2,1.657,-103.750,0.000,0.0,0.000,0.000,0.000,0.0,0.000,0.000
2.6498,0.888,-19.4,-6.266,0.917,6.336,25.6,10.484,6.277,32.344,28.0,14.859,32.281,94.062,-36.8,-2.881,94.125,-0.226,9.1,3.775,-0.232,-10.281,15.6,1.357,-10.320,-46.656,42.3,-6.285,-46.719,-104.062,-71.9,2.008,-103.875,0.000,0.0,0.000,0.000,0.000,0.0,0.000,0.000
2.6518,0.857,-18.0,-6.914,0.888,6.395,29.1,9.461,6.336,32.375,22.6,13.758,32.344,94.062,-17.0,-6.996,94.062,-0.207,8.6,4.234,-0.226,-10.258,15.6,1.949,-10.281,-46.562,42.2,-4.180,-46.656,-104.188,-68.6,2.617,-104.062,0.000,0.0,0.000,0.000,0.000,0.0,0.000,0.000
2.6538,0.825,-17.1,-6.957,0.857,6.441,26.0,9.250,6.395,32.375,14.0,13.711,32.375,94.062,-2.9,-7.477,94.062,-0.188,10.4,4.762,-0.207,-10.234,11.4,2.289,-10.258,-46.469,40.5,-3.488,-46.562,-104.312,-68.7,3.143,-104.188,0.000,0.0,0.000,0.000,0.000,0.0,0.000,0.000
2.6558,0.800,-15.7,-7.723,0.825,6.473,18.8,8.898,6.441,32.406,6.3,13.586,32.375,94.062,2.0,-9.297,94.062,-0.188,5.2,4.918,-0.188,-10.242,1.7,2.744,-10.234,-46.406,39.7,-2.625,-46.469,-104.438,-66.7,3.389,-104.312,0.000,0.0,0.000,0.000,0.000,0.0,0.000,0.000
2.6578,0.785,-10.8,-7.836,0.800,6.488,12.5,8.461,6.473,32.375,1.2,13.719,32.406,94.125,3.3,-11.812,94.062,-0.182,3.2,4.922,-0.188,-10.250,-1.9,3.240,-10.242,-46.312,45.1,-2.182,-46.406,-104.562,-59.1,3.498,-104.438,0.000,0.0,0.000,0.000,0.000,0.0,0.000,0.000
2.6598,0.763,-12.0,-3.359,0.785,6.488,3.2,8.422,6.488,32.375,-9.7,10.734,32.375,94.062,-7.8,-11.625,94.125,-0.182,1.9,-1.043,-0.182,-10.266,-6.6,3.910,-10.250,-46.188,46.1,-4.676,-46.312,-104.688,-53.9,5.793,-104.562,0.000,0.0,0.000,0.000,0.000,0.0,0.000,0.000
2.6618,0.794,5.8,-0.764,0.763,6.473,-2.5,6.848,6.488,32.312,-16.0,9.586,32.375,94.000,-18.0,-8.852,94.062,-0.235,-15.4,-0.461,-0.182,-10.281,-6.6,2.264,-10.266,-46.125,37.1,-5.188,-46.188,-104.750,-38.9,6.961,-104.688,0.000,0.0,0.000,0.000,0.000,0.0,0.000,0.000
2.6638,0.844,18.4,-1.418,0.794,6.445,-8.3,5.973,6.473,32.281,-23.9,9.195,32.312,94.000,-17.0,-7.449,94.000,-0.292,-22.0,0.487,-0.235,-10.297,-6.6,0.842,-10.281,-46.094,26.5,-5.465,-46.125,-104.750,-25.6,7.387,-104.750,0.000,0.0,0.000,0.000,0.000,0.0,0.000,0.000
2.6662,0.919,29.0,-2.080,0.844,6.391,-19.5,6.215,6.445,32.219,-30.1,8.984,32.281,93.938,-14.1,-7.219,94.000,-0.386,-35.8,1.048,-0.292,-10.305,-5.2,0.438,-10.297,-46.062,14.3,-5.582,-46.094,-104.750,-4.6,7.016,-104.750,0.000,0.0,0.000,0.000,0.000,0.0,0.000,0.000
2.6684,0.948,27.8,-2.018,0.919,6.367,-21.6,6.379,6.391,32.156,-36.4,9.117,32.219,93.938,-11.5,-7.355,93.938,-0.433,-39.0,1.702,-0.386,-10.312,-6.2,0.384,-10.305,-46.062,8.3,-4.980,-46.062,-104.750,4.4,6.613,-104.750,0.000,0.0,0.000,0.000,0.000,0.0,0.000,0.000
2.6707,1.089,30.8,-2.129,0.948,6.297,-19.1,4.777,6.367,32.031,-35.9,9.180,32.156,93.938,1.4,-7.824,93.938,-0.637,-46.0,3.100,-0.433,-10.344,-9.8,-0.787,-10.312,-46.156,-20.3,-5.789,-46.062,-104.625,33.1,6.777,-104.750,0.000,0.0,0.000,0.000,0.000,0.0,0.000,0.000
2.6728,1.158,33.0,-1.884,1.089,6.273,-15.0,3.406,6.297,31.969,-31.6,8.305,32.031,93.938,0.4,-6.344,93.938,-0.731,-44.2,3.832,-0.637,-10.359,-9.3,-1.438,-10.344,-46.250,-30.4,-6.148,-46.156,-104.500,49.4,5.641,-104.625,0.000,0.0,0.000,0.000,0.000,0.0,0.000,0.000
2.6741,1.164,21.8,-1.692,1.158,6.262,-13.9,3.387,6.273,31.922,-32.5,8.281,31.969,93.938,5.3,-6.547,93.938,-0.775,-43.1,3.799,-0.731,-10.367,-9.2,-1.396,-10.359,-46.281,-40.7,-5.809,-46.250,-104.438,54.4,5.492,-104.500,0.000,0.0,0.000,0.000,0.000,0.0,0.000,0.000
2.6759,1.224,23.4,-1.782,1.164,6.246,-10.6,3.203,6.262,31.875,-30.2,7.039,31.922,94.000,19.2,-6.602,93.938,-0.860,-42.3,4.738,-0.775,-10.398,-14.3,-2.426,-10.367,-46.375,-44.7,-7.234,-46.281,-104.312,62.3,5.152,-104.438,0.000,0.0,0.000,0.000,0.000,0.0,0.000,0.000
2.6778,1.280,26.5,-2.061,1.224,6.227,-9.3,1.433,6.246,31.797,-32.8,5.770,31.875,94.062,18.5,-4.535,94.000,-0.913,-33.2,4.691,-0.860,-10.422,-14.6,-2.463,-10.398,-46.531,-60.8,-7.797,-46.375,-104.125,70.2,4.824,-104.312,0.000,0.0,0.000,0.000,0.000,0.0,0.000,0.000
2.6798,1.324,24.2,-1.914,1.280,6.184,-16.5,0.542,6.227,31.719,-37.7,3.469,31.797,94.125,26.6,-2.998,94.062,-0.941,-19.7,14.695,-0.913,-10.484,-22.4,-2.836,-10.422,-46.688,-73.1,-11.422,-46.531,-104.000,75.6,4.199,-104.125,0.000,0.0,0.000,0.000,0.000,0.0,0.000,0.000
2.6818,1.347,16.0,-11.453,1.324,6.141,-20.5,-0.641,6.184,31.594,-51.8,4.434,31.719,94.188,42.3,-0.597,94.125,-0.891,9.5,13.086,-0.941,-10.555,-31.7,-5.250,-10.484,-46.844,-84.6,-11.039,-46.688,-103.812,76.5,0.475,-104.000,0.000,0.0,0.000,0.000,0.000,0.0,0.000,0.000
2.6838,1.309,-6.9,-9.273,1.347,6.078,-26.9,-0.687,6.141,31.484,-53.6,5.961,31.594,94.375,61.8,-0.571,94.188,-0.778,40.6,9.266,-0.891,-10.672,-47.8,-5.812,-10.555,-47.062,-99.4,-9.102,-46.844,-103.688,70.0,-2.070,-103.812,0.000,0.0,0.000,0.000,0.000,0.0,0.000,0.000
2.6858,1.246,-23.2,-7.469,1.309,6.008,-32.7,-0.718,6.078,31.375,-55.7,6.445,31.484,94.562,82.7,-0.887,94.375,-0.631,60.8,6.715,-0.778,-10.789,-56.1,-6.230,-10.672,-47.281,-103.3,-9.078,-47.062,-103.625,48.9,-2.906,-103.688,0.000,0.0,0.000,0.000,0.000,0.0,0.000,0.000
2.6878,1.158,-36.2,-5.688,1.246,5.938,-31.9,-0.272,6.008,31.250,-58.7,6.371,31.375,94.750,102.3,-1.568,94.562,-0.458,76.4,4.184,-0.631,-10.891,-50.7,-5.926,-10.789,-47.500,-105.8,-8.656,-47.281,-103.562,26.6,-1.621,-103.625,0.000,0.0,0.000,0.000,0.000,0.0,0.000,0.000
2.6898,1.086,-35.0,-4.062,1.158,5.859,-34.5,-0.165,5.938,31.156,-52.9,5.984,31.250,95.000,114.7,-2.480,94.750,-0.301,76.8,3.525,-0.458,-10.977,-41.8,-6.168,-10.891,-47.719,-101.1,-8.094,-47.500,-103.625,6.1,-0.652,-103.562,0.000,0.0,0.000,0.000,0.000,0.0,0.000,0.000
2.6925,0.995,-30.3,-3.646,1.086,5.758,-31.1,0.171,5.859,31.000,-52.9,5.082,31.156,95.438,130.1,-3.438,95.000,-0.053,76.9,-0.815,-0.301,-11.008,-16.5,-7.277,-10.977,-47.969,-84.4,-6.863,-47.719,-103.688,-23.4,0.246,-103.625,0.000,0.0,0.000,0.000,0.000,0.0,0.000,0.000
2.6946,0.985,-13.3,-2.510,0.995,5.695,-30.4,-0.325,5.758,30.922,-43.6,4.887,31.000,95.688,133.5,-3.885,95.438,0.063,63.8,-0.315,-0.053,-11.008,-6.6,-7.863,-11.008,-48.094,-69.5,-7.746,-47.969,-103.750,-33.2,0.109,-103.688,0.000,0.0,0.000,0.000,0.000,0.0,0.000,0.000
2.6966,0.982,-4.2,-3.387,0.985,5.641,-26.6,-0.501,5.695,30.859,-36.2,4.758,30.922,95.938,134.5,-3.973,95.688,0.141,47.6,1.098,0.063,-11.016,-4.9,-7.781,-11.008,-48.156,-46.2,-9.039,-48.094,-103.875,-50.6,0.478,-103.750,0.000,0.0,0.000,0.000,0.000,0.0,0.000,0.000
2.6987,0.985,0.0,-3.697,0.982,5.578,-30.7,-0.600,5.641,30.766,-40.6,3.496,30.859,96.250,130.2,-5.102,95.938,0.191,32.9,2.207,0.141,-11.031,-8.4,-6.980,-11.016,-48.188,-31.5,-9.133,-48.156,-104.000,-56.9,1.160,-103.875,0.000,0.0,0.000,0.000,0.000,0.0,0.000,0.000
2.7000,0.985,0.2,-3.557,0.985,5.551,-29.0,-0.608,5.578,30.750,-36.8,2.467,30.766,96.375,131.9,-4.922,96.250,0.207,26.6,3.512,0.191,-11.047,-12.1,-6.773,-11.031,-48.219,-24.2,-9.086,-48.188,-104.062,-58.8,1.438,-104.000,0.000,0.0,0.000,0.000,0.000,0.0,0.000,0.000
2.7018,0.982,-2.7,-3.971,0.985,5.492,-30.2,-0.992,5.551,30.656,-39.4,1.295,30.750,96.625,123.6,-5.172,96.375,0.226,16.1,4.992,0.207,-11.102,-21.1,-6.219,-11.047,-48.188,0.5,-8.352,-48.219,-104.188,-66.2,2.031,-104.062,0.000,0.0,0.000,0.000,0.000,0.0,0.000,0.000
2.7038,0.976,-3.9,-4.020,0.982,5.422,-33.8,-1.413,5.492,30.578,-43.3,0.799,30.656,96.812,117.6,-5.527,96.625,0.245,11.7,7.230,0.226,-11.141,-20.4,-5.375,-11.102,-48.156,11.8,-8.820,-48.188,-104.375,-65.6,2.270,-104.188,0.000,0.0,0.000,0.000,0.000,0.0,0.000,0.000
2.7058,0.960,-7.1,-5.344,0.976,5.348,-37.4,-2.070,5.422,30.453,-52.2,0.102,30.578,97.000,103.4,-5.656,96.812,0.260,9.1,8.164,0.245,-11.203,-26.9,-5.359,-11.141,-48.094,21.4,-8.500,-48.156,-104.500,-70.4,3.043,-104.375,0.000,0.0,0.000,0.000,0.000,0.0,0.000,0.000
2.7078,0.919,-16.3,-5.023,0.960,5.262,-41.0,-2.520,5.348,30.328,-59.1,0.249,30.453,97.188,89.4,-5.285,97.000,0.304,16.6,8.727,0.260,-11.242,-22.5,-5.238,-11.203,-48.031,29.2,-8.891,-48.094,-104.625,-68.7,4.090,-104.500,0.000,0.0,0.000,0.000,0.000,0.0,0.000,0.000
2.7098,0.885,-16.1,-4.629,0.919,5.176,-42.3,-2.135,5.262,30.188,-69.0,0.637,30.328,97.312,77.4,-4.711,97.188,0.367,25.2,7.742,0.304,-11.273,-19.0,-5.828,-11.242,-47.938,35.5,-8.664,-48.031,-104.750,-62.8,3.904,-104.625,0.000,0.0,0.000,0.000,0.000,0.0,0.000,0.000
2.7118,0.841,-19.3,-5.008,0.885,5.098,-40.6,-2.256,5.176,30.031,-73.7,1.179,30.188,97.438,67.6,-4.363,97.312,0.449,33.8,7.199,0.367,-11.297,-16.8,-6.004,-11.273,-47.875,35.4,-9.008,-47.938,-104.875,-56.2,3.449,-104.750,0.000,0.0,0.000,0.000,0.000,0.0,0.000,0.000
2.7138,0.813,-15.5,-5.184,0.841,5.070,-23.4,-2.693,5.098,29.891,-74.4,1.585,30.031,97.562,52.6,-3.697,97.438,0.521,35.9,6.484,0.449,-11.320,-12.0,-5.914,-11.297,-47.812,28.3,-9.453,-47.875,-104.938,-48.6,4.652,-104.875,0.000,0.0,0.000,0.000,0.000,0.0,0.000,0.000
2.7158,0.797,-9.8,-2.793,0.813,5.066,-9.9,-1.894,5.070,29.734,-73.5,2.338,29.891,97.625,45.0,-3.240,97.562,0.583,31.8,2.428,0.521,-11.336,-9.7,-4.789,-11.320,-47.781,27.4,-9.617,-47.812,-105.000,-43.8,5.012,-104.938,0.000,0.0,0.000,0.000,0.000,0.0,0.000,0.000
2.7179,0.785,-5.9,-0.985,0.797,5.086,2.5,-1.395,5.066,29.594,-70.8,2.699,29.734,97.688,34.6,-2.699,97.625,0.627,25.5,1.501,0.583,-11.344,-4.8,-4.969,-11.336,-47.719,21.7,-9.695,-47.781,-105.062,-32.2,5.160,-105.000,0.000,0.0,0.000,0.000,0.000,0.0,0.000,0.000
2.7199,0.791,-0.5,0.044,0.785,5.098,3.7,-1.032,5.086,29.484,-64.4,2.957,29.594,97.750,27.8,-2.225,97.688,0.615,3.7,1.138,0.627,-11.344,-1.1,-5.145,-11.344,-47.719,12.2,-10.070,-47.719,-105.125,-18.7,5.441,-105.062,0.000,0.0,0.000,0.000,0.000,0.0,0.000,0.000
2.7219,0.816,8.8,0.352,0.791,5.105,4.2,-0.808,5.098,29.375,-53.6,4.180,29.484,97.812,21.8,-1.928,97.750,0.571,-14.4,1.666,0.615,-11.328,3.8,-5.406,-11.344,-47.719,6.1,-10.016,-47.719,-105.125,-6.5,5.211,-105.125,0.000,0.0,0.000,0.000,0.000,0.0,0.000,0.000
2.7239,0.863,17.7,0.237,0.816,5.102,0.0,-1.288,5.105,29.281,-48.2,3.938,29.375,97.812,20.8,-1.412,97.812,0.512,-25.6,2.943,0.571,-11.336,1.3,-6.258,-11.328,-47.688,3.7,-9.719,-47.719,-105.062,6.7,6.031,-105.125,0.000,0.0,0.000,0.000,0.000,0.0,0.000,0.000
2.7259,0.926,27.3,0.684,0.863,5.098,-3.0,-0.112,5.102,29.234,-32.1,4.926,29.281,97.812,14.0,-1.902,97.812,0.414,-41.8,1.837,0.512,-11.352,-5.0,-4.668,-11.336,-47.719,-2.7,-11.086,-47.688,-105.000,18.2,6.027,-105.062,0.000,0.0,0.000,0.000,0.000,0.0,0.000,0.000
2.7278,0.995,33.1,1.163,0.926,5.098,0.1,1.322,5.098,29.203,-21.0,4.262,29.234,97.875,10.9,-2.490,97.812,0.326,-44.2,2.654,0.414,-11.367,-5.6,-4.492,-11.352,-47.750,-7.6,-11.016,-47.719,-104.938,34.1,6.352,-105.000,0.000,0.0,0.000,0.000,0.000,0.0,0.000,0.000
2.7298,1.070,35.5,0.137,0.995,5.102,2.3,1.036,5.098,29.203,-8.7,3.152,29.203,97.812,-0.2,-2.074,97.875,0.220,-49.6,4.539,0.326,-11.367,-1.6,-5.395,-11.367,-47.750,-10.0,-12.984,-47.750,-104.875,39.8,7.473,-104.938,0.000,0.0,0.000,0.000,0.000,0.0,0.000,0.000
2.7318,1.180,48.7,-3.043,1.070,5.105,3.3,0.603,5.102,29.203,-2.5,1.603,29.203,97.812,-2.1,-1.536,97.812,0.125,-45.0,15.406,0.220,-11.367,-1.8,-6.414,-11.367,-47.812,-22.5,-15.312,-47.750,-104.688,58.3,8.086,-104.875,0.000,0.0,0.000,0.000,0.000,0.0,0.000,0.000
2.7338,1.259,44.1,-11.414,1.180,5.105,1.4,-2.309,5.105,29.203,1.6,1.512,29.203,97.812,-8.2,0.204,97.812,0.113,-18.0,14.844,0.125,-11.367,-1.9,-8.945,-11.367,-47.875,-29.8,-15.375,-47.812,-104.562,71.9,8.867,-104.688,0.000,0.0,0.000,0.000,0.000,0.0,0.000,0.000
2.7358,1.274,22.2,-11.477,1.259,5.098,-3.4,-2.562,5.105,29.203,0.9,1.842,29.203,97.812,-0.6,0.822,97.812,0.173,14.1,12.492,0.113,-11.391,-8.4,-9.500,-11.367,-47.969,-38.5,-15.609,-47.875,-104.375,84.9,7.840,-104.562,0.000,0.0,0.000,0.000,0.000,0.0,0.000,0.000
2.7378,1.230,-5.2,-8.984,1.274,5.062,-12.1,-1.663,5.098,29.203,-2.0,2.307,29.203,97.812,1.7,0.514,97.812,0.282,41.1,9.305,0.173,-11.430,-15.3,-8.438,-11.391,-48.094,-48.0,-15.438,-47.969,-104.125,101.7,9.117,-104.375,0.000,0.0,0.000,0.000,0.000,0.0,0.000,0.000
2.7398,1.161,-24.3,-8.250,1.230,5.023,-17.1,-1.161,5.062,29.219,2.0,2.939,29.203,97.875,10.7,0.609,97.812,0.411,54.7,8.625,0.282,-11.445,-14.6,-9.086,-11.430,-48.188,-49.2,-16.125,-48.094,-103.875,116.9,6.457,-104.125,0.000,0.0,0.000,0.000,0.000,0.0,0.000,0.000
2.7418,1.083,-33.4,-6.562,1.161,4.992,-15.3,-0.816,5.023,29.219,-0.3,3.191,29.219,97.875,10.2,0.438,97.875,0.581,72.9,6.078,0.411,-11.469,-11.3,-9.086,-11.445,-48.281,-48.8,-16.078,-48.188,-103.688,121.6,5.738,-103.875,0.000,0.0,0.000,0.000,0.000,0.0,0.000,0.000
2.7438,1.004,-35.6,-4.496,1.083,4.965,-12.1,-0.353,4.992,29.219,2.7,3.230,29.219,97.938,15.4,0.656,97.875,0.741,77.1,5.211,0.581,-11.484,-10.1,-9.289,-11.469,-48.375,-49.1,-16.125,-48.281,-103.438,117.1,1.905,-103.688,0.000,0.0,0.000,0.000,0.000,0.0,0.000,0.000
2.7458,0.941,-31.2,-3.689,1.004,4.945,-6.8,0.234,4.965,29.219,2.3,3.686,29.219,97.938,20.0,0.832,97.938,0.879,71.0,3.160,0.741,-11.508,-9.6,-10.141,-11.484,-48.469,-44.9,-16.672,-48.375,-103.188,114.6,-0.011,-103.438,0.000,0.0,0.000,0.000,0.000,0.0,0.000,0.000
2.7478,0.897,-23.8,-3.553,0.941,4.953,-0.5,0.240,4.945,29.234,5.9,3.824,29.219,98.000,24.6,0.956,97.938,1.008,64.9,2.609,0.879,-11.555,-18.4,-10.766,-11.508,-48.531,-36.5,-17.219,-48.469,-103.000,95.2,-1.539,-103.188,0.000,0.0,0.000,0.000,0.000,0.0,0.000,0.000
2.7498,0.873,-15.8,-3.469,0.897,4.973,6.4,-0.184,4.953,29.266,9.7,3.480,29.234,98.062,20.2,0.816,98.000,1.107,53.2,2.938,1.008,-11.586,-20.1,-11.016,-11.555,-48.594,-36.3,-17.672,-48.531,-102.938,68.5,-0.216,-103.000,0.000,0.0,0.000,0.000,0.000,0.0,0.000,0.000
2.7519,0.857,-8.8,-3.678,0.873,4.988,7.3,-0.443,4.973,29.281,7.9,2.934,29.266,98.125,29.2,0.601,98.062,1.187,44.1,3.965,1.107,-11.641,-24.1,-10.633,-11.586,-48.656,-31.3,-17.812,-48.594,-102.875,44.2,1.240,-102.938,0.000,0.0,0.000,0.000,0.000,0.0,0.000,0.000
2.7540,0.838,-8.8,-3.627,0.857,5.000,5.2,-0.581,4.988,29.297,8.0,3.752,29.281,98.188,34.7,0.283,98.125,1.227,28.4,4.574,1.187,-11.703,-29.2,-9.898,-11.641,-48.688,-27.0,-17.078,-48.656,-102.875,20.7,4.914,-102.875,0.000,0.0,0.000,0.000,0.000,0.0,0.000,0.000
2.7558,0.841,-0.8,1.729,0.838,5.027,10.4,1.059,5.000,29.312,9.1,3.949,29.297,98.250,35.2,0.183,98.188,1.255,17.7,-0.667,1.227,-11.758,-26.5,-8.969,-11.703,-48.719,-18.5,-17.047,-48.688,-102.812,8.9,5.422,-102.875,0.000,0.0,0.000,0.000,0.000,0.0,0.000,0.000
2.7578,0.869,9.1,3.975,0.841,5.051,13.4,4.004,5.027,29.312,7.0,6.973,29.312,98.312,36.2,-0.589,98.250,1.215,-6.8,-4.359,1.255,-11.797,-22.4,-5.461,-11.758,-48.750,-14.1,-13.711,-48.719,-102.812,2.8,3.295,-102.812,0.000,0.0,0.000,0.000,0.000,0.0,0.000,0.000
2.7598,0.957,32.5,2.141,0.869,5.098,18.9,5.145,5.051,29.359,15.6,9.648,29.312,98.375,31.4,-3.137,98.312,1.104,-39.7,-2.006,1.215,-11.812,-11.8,-3.156,-11.797,-48.719,2.0,-9.125,-48.750,-102.875,-11.3,3.123,-102.812,0.000,0.0,0.000,0.000,0.000,0.0,0.000,0.000
2.7618,1.042,38.8,-0.337,0.957,5.172,30.0,4.832,5.098,29.406,24.6,8.875,29.359,98.438,29.5,-3.703,98.375,0.973,-57.0,0.664,1.104,-11.773,8.5,-3.066,-11.812,-48.688,15.8,-9.727,-48.719,-102.938,-21.9,2.779,-102.875,0.000,0.0,0.000,0.000,0.000,0.0,0.000,0.000
2.7638,1.148,45.6,-1.715,1.042,5.277,41.7,3.402,5.172,29.500,39.4,8.422,29.406,98.438,19.4,-4.141,98.438,0.791,-77.2,3.404,0.973,-11.742,13.6,-2.701,-11.773,-48.625,25.5,-8.742,-48.688,-103.000,-32.0,3.420,-102.938,0.000,0.0,0.000,0.000,0.000,0.0,0.000,0.000
2.7658,1.265,52.2,-3.154,1.148,5.414,56.1,1.667,5.277,29.594,43.4,6.949,29.500,98.438,2.9,-4.625,98.438,0.615,-83.3,5.359,0.791,-11.688,22.7,-2.871,-11.742,-48.531,35.8,-9.594,-48.625,-103.125,-40.2,5.266,-103.000,0.000,0.0,0.000,0.000,0.000,0.0,0.000,0.000
2.7678,1.350,45.3,-4.801,1.265,5.547,62.9,0.447,5.414,29.688,45.6,7.004,29.594,98.375,-12.4,-6.512,98.438,0.446,-84.4,7.742,0.615,-11.648,21.9,-2.080,-11.688,-48.438,38.7,-8.547,-48.531,-103.188,-40.1,7.152,-103.125,0.000,0.0,0.000,0.000,0.000,0.0,0.000,0.000
2.7698,1.415,35.4,-5.457,1.350,5.676,65.1,-0.646,5.547,29.797,49.8,6.711,29.688,98.312,-26.8,-7.164,98.375,0.301,-77.4,8.148,0.446,-11.609,20.6,-0.576,-11.648,-48.344,39.8,-7.297,-48.438,-103.250,-40.5,7.434,-103.188,0.000,0.0,0.000,0.000,0.000,0.0,0.000,0.000
2.7718,1.462,28.3,-4.426,1.415,5.789,59.8,-0.718,5.676,29.906,50.1,6.586,29.797,98.250,-46.3,-6.863,98.312,0.188,-65.4,7.031,0.301,-11.578,18.4,0.751,-11.609,-48.250,45.2,-5.680,-48.344,-103.312,-33.5,7.098,-103.250,0.000,0.0,0.000,0.000,0.000,0.0,0.000,0.000
2.7740,1.462,10.9,-6.172,1.462,5.902,56.7,0.935,5.789,30.016,49.8,8.156,29.906,98.062,-64.7,-8.719,98.250,0.107,-50.6,8.094,0.188,-11.531,21.6,2.082,-11.578,-48.156,48.8,-2.275,-48.250,-103.375,-29.9,5.016,-103.312,0.000,0.0,0.000,0.000,0.000,0.0,0.000,0.000
2.7761,1.409,-14.6,-13.445,1.462,5.980,45.1,0.428,5.902,30.141,62.2,11.664,30.016,97.875,-84.2,-9.344,98.062,0.082,-26.1,13.430,0.107,-11.477,25.7,1.456,-11.531,-48.031,57.9,-2.393,-48.156,-103.438,-31.2,1.994,-103.375,0.000,0.0,0.000,0.000,0.000,0.0,0.000,0.000
2.7784,1.230,-51.1,-9.344,1.409,6.039,22.9,2.061,5.980,30.391,79.8,11.289,30.141,97.500,-118.7,-8.344,97.875,0.176,22.2,8.977,0.082,-11.398,27.6,0.837,-11.477,-47.812,72.9,-3.912,-48.031,-103.500,-35.9,2.023,-103.438,0.000,0.0,0.000,0.000,0.000,0.0,0.000,0.000
2.7801,1.155,-60.0,-8.336,1.230,6.059,21.5,2.828,6.039,30.484,85.8,11.656,30.391,97.375,-125.8,-7.824,97.500,0.217,30.5,7.328,0.176,-11.367,26.7,0.479,-11.398,-47.719,77.5,-4.164,-47.812,-103.562,-39.4,1.896,-103.500,0.000,0.0,0.000,0.000,0.000,0.0,0.000,0.000
2.7818,1.023,-62.7,-7.266,1.155,6.074,13.7,4.047,6.059,30.703,98.0,11.859,30.484,97.062,-141.9,-7.449,97.375,0.308,39.6,5.160,0.217,-11.312,26.8,0.195,-11.367,-47.594,76.3,-4.812,-47.719,-103.688,-50.7,1.893,-103.562,0.000,0.0,0.000,0.000,0.000,0.0,0.000,0.000
2.7838,0.941,-47.4,-7.625,1.023,6.074,6.6,4.727,6.074,30.906,102.3,11.992,30.703,96.750,-158.9,-6.590,97.062,0.405,44.7,3.328,0.308,-11.242,31.4,-0.225,-11.312,-47.438,71.7,-5.328,-47.594,-103.812,-62.6,1.827,-103.688,0.000,0.0,0.000,0.000,0.000,0.0,0.000,0.000
2.7858,0.882,-35.4,-8.820,0.941,6.098,8.9,4.609,6.074,31.141,110.4,11.570,30.906,96.375,-168.2,-6.133,96.750,0.486,40.6,3.338,0.405,-11.203,24.2,-0.346,-11.242,-47.312,63.6,-5.328,-47.438,-103.938,-64.4,2.010,-103.812,0.000,0.0,0.000,0.000,0.000,0.0,0.000,0.000
2.7878,0.857,-21.8,-6.781,0.882,6.121,10.2,7.215,6.098,31.375,112.3,11.625,31.141,96.062,-174.8,-3.137,96.375,0.562,36.1,0.792,0.486,-11.156,22.0,-0.256,-11.203,-47.219,60.2,-5.887,-47.312,-104.062,-69.7,2.186,-103.938,0.000,0.0,0.000,0.000,0.000,0.0,0.000,0.000
2.7898,0.854,-8.3,-6.797,0.857,6.184,24.2,7.941,6.121,31.594,112.1,11.430,31.375,95.688,-169.5,-2.193,96.062,0.609,27.4,1.234,0.562,-11.109,23.5,0.175,-11.156,-47.125,51.8,-5.734,-47.219,-104.250,-76.9,2.471,-104.062,0.000,0.0,0.000,0.000,0.000,0.0,0.000,0.000
2.7918,0.844,-6.4,-7.305,0.854,6.230,24.2,8.789,6.184,31.812,103.5,12.055,31.594,95.375,-159.9,-1.361,95.688,0.622,12.5,2.035,0.609,-11.070,22.8,0.420,-11.109,-47.031,43.8,-5.234,-47.125,-104.375,-76.1,2.422,-104.250,0.000,0.0,0.000,0.000,0.000,0.0,0.000,0.000
2.7938,0.838,-4.8,-7.535,0.844,6.297,28.4,9.328,6.230,32.000,95.8,12.508,31.812,95.125,-143.5,-0.910,95.375,0.625,6.4,3.707,0.622,-11.031,21.0,0.502,-11.070,-47.000,29.8,-4.801,-47.031,-104.562,-77.9,2.699,-104.375,0.000,0.0,0.000,0.000,0.000,0.0,0.000,0.000
2.7958,0.794,-16.9,-7.703,0.838,6.344,25.2,10.492,6.297,32.156,82.4,13.555,32.000,94.875,-127.4,-1.511,95.125,0.605,-3.0,5.363,0.625,-10.992,18.2,0.792,-11.031,-46.938,21.8,-4.430,-47.000,-104.688,-73.8,2.771,-104.562,0.000,0.0,0.000,0.000,0.000,0.0,0.000,0.000
2.7978,0.737,-25.9,-7.621,0.794,6.359,14.5,11.492,6.344,32.281,66.6,14.062,32.156,94.688,-101.7,-1.745,94.875,0.600,-2.0,6.305,0.605,-10.961,15.7,0.914,-10.992,-46.938,13.3,-3.742,-46.938,-104.875,-74.3,2.752,-104.688,0.000,0.0,0.000,0.000,0.000,0.0,0.000,0.000
2.8002,0.671,-31.5,-7.508,0.737,6.371,6.9,11.344,6.359,32.375,54.0,14.688,32.281,94.562,-81.7,-2.811,94.688,0.605,2.9,6.539,0.600,-10.938,10.8,1.122,-10.961,-46.906,9.4,-2.957,-46.938,-105.000,-75.1,2.674,-104.875,0.000,0.0,0.000,0.000,0.000,0.0,0.000,0.000
2.8022,0.618,-28.0,-7.805,0.671,6.371,2.7,11.039,6.371,32.438,40.5,15.156,32.375,94.438,-63.8,-5.301,94.562,0.609,2.8,6.836,0.605,-10.930,6.1,1.377,-10.938,-46.906,2.8,-2.035,-46.906,-105.125,-71.4,2.924,-105.000,0.000,0.0,0.000,0.000,0.000,0.0,0.000,0.000
2.8043,0.568,-24.9,-7.730,0.618,6.359,-2.6,10.383,6.371,32.469,23.8,15.477,32.438,94.375,-46.5,-7.410,94.438,0.631,7.9,6.035,0.609,-10.945,1.3,1.887,-10.930,-46.906,1.2,-1.804,-46.906,-105.250,-68.9,3.154,-105.125,0.000,0.0,0.000,0.000,0.000,0.0,0.000,0.000
2.8064,0.530,-12.9,-9.016,0.568,6.352,-1.1,9.539,6.359,32.500,10.9,16.203,32.469,94.312,-38.2,-12.562,94.375,0.659,8.5,4.922,0.631,-10.961,-4.5,2.033,-10.945,-46.906,-0.4,-0.942,-46.906,-105.438,-56.2,3.469,-105.250,0.000,0.0,0.000,0.000,0.000,0.0,0.000,0.000
2.8078,0.521,-10.8,-8.523,0.530,6.340,-5.2,9.242,6.352,32.500,6.4,15.000,32.500,94.250,-44.8,-12.703,94.312,0.656,2.5,4.133,0.659,-10.961,-3.8,2.156,-10.961,-46.906,3.1,-0.269,-46.906,-105.500,-54.7,3.678,-105.438,0.000,0.0,0.000,0.000,0.000,0.0,0.000,0.000
2.8098,0.515,-5.0,-8.836,0.521,6.344,-1.4,9.062,6.340,32.469,-0.3,15.195,32.500,94.125,-58.9,-11.281,94.250,0.666,2.4,4.250,0.656,-10.961,1.2,1.522,-10.961,-46.875,7.0,-0.214,-46.906,-105.562,-48.4,3.607,-105.500,0.000,0.0,0.000,0.000,0.000,0.0,0.000,0.000
2.8118,0.549,9.5,1.286,0.515,6.348,1.6,6.949,6.344,32.469,-2.8,11.398,32.469,94.000,-62.8,-8.531,94.125,0.627,-12.6,-3.107,0.666,-10.953,2.5,0.480,-10.961,-46.875,6.4,-2.846,-46.875,-105.625,-35.5,6.227,-105.562,0.000,0.0,0.000,0.000,0.000,0.0,0.000,0.000
2.8138,0.659,40.7,-0.708,0.549,6.332,-4.9,5.051,6.348,32.406,-17.1,9.242,32.469,93.875,-59.6,-6.832,94.000,0.534,-35.7,-0.508,0.627,-10.961,-2.4,-0.284,-10.953,-46.875,-0.2,-4.617,-46.875,-105.625,-16.3,7.969,-105.625,0.000,0.0,0.000,0.000,0.000,0.0,0.000,0.000
2.8158,0.781,55.9,-3.217,0.659,6.305,-11.3,3.475,6.332,32.344,-30.2,7.910,32.406,93.750,-49.8,-5.938,93.875,0.420,-48.7,2.365,0.534,-10.961,-2.3,-0.813,-10.961,-46.906,-8.6,-5.816,-46.875,-105.562,7.7,8.750,-105.625,0.000,0.0,0.000,0.000,0.000,0.0,0.000,0.000
2.8178,0.919,66.1,-4.461,0.781,6.262,-19.3,3.760,6.305,32.250,-41.0,9.328,32.344,93.688,-43.7,-6.664,93.750,0.289,-60.2,3.236,0.420,-10.984,-9.3,-0.521,-10.961,-46.969,-25.5,-4.922,-46.906,-105.500,31.8,7.867,-105.562,0.000,0.0,0.000,0.000,0.000,0.0,0.000,0.000
2.8198,1.035,61.6,-4.332,0.919,6.215,-23.3,4.695,6.262,32.156,-49.8,10.469,32.250,93.625,-34.8,-7.449,93.688,0.173,-59.2,3.559,0.289,-10.984,-4.4,-0.276,-10.984,-47.062,-35.2,-4.422,-46.969,-105.375,54.6,6.715,-105.500,0.000,0.0,0.000,0.000,0.000,0.0,0.000,0.000
2.8218,1.158,60.4,-4.168,1.035,6.188,-17.9,4.852,6.215,32.031,-52.4,11.195,32.156,93.562,-23.2,-7.781,93.625,0.050,-59.8,3.811,0.173,-11.000,-7.6,-0.287,-10.984,-47.156,-42.9,-4.504,-47.062,-105.188,67.0,6.109,-105.375,0.000,0.0,0.000,0.000,0.000,0.0,0.000,0.000
2.8238,1.262,54.0,-5.773,1.158,6.176,-9.2,3.932,6.188,31.938,-54.2,11.008,32.031,93.562,-22.6,-6.652,93.562,-0.050,-50.7,5.367,0.050,-11.008,-5.0,-0.710,-11.000,-47.250,-51.3,-5.098,-47.156,-105.062,79.4,5.441,-105.188,0.000,0.0,0.000,0.000,0.000,0.0,0.000,0.000
2.8258,1.355,49.3,-5.906,1.262,6.152,-10.9,2.828,6.176,31.828,-52.6,10.383,31.938,93.562,-2.8,-4.172,93.562,-0.151,-48.2,5.762,-0.050,-11.016,-4.7,-2.145,-11.008,-47.375,-56.6,-5.754,-47.250,-104.812,91.1,3.670,-105.062,0.000,0.0,0.000,0.000,0.000,0.0,0.000,0.000
2.8278,1.406,32.9,-5.238,1.355,6.137,-7.4,1.695,6.152,31.734,-54.7,9.164,31.828,93.625,20.1,-1.705,93.562,-0.217,-39.0,6.168,-0.151,-11.047,-11.4,-3.416,-11.016,-47.531,-66.6,-7.445,-47.375,-104.625,93.2,2.229,-104.812,0.000,0.0,0.000,0.000,0.000,0.0,0.000,0.000
2.8299,1.446,26.2,-5.527,1.406,6.090,-15.7,0.411,6.137,31.625,-54.4,7.453,31.734,93.688,34.8,-0.289,93.625,-0.245,-24.4,8.141,-0.217,-11.102,-21.8,-4.082,-11.047,-47.688,-76.0,-8.820,-47.531,-104.500,87.1,0.513,-104.625,0.000,0.0,0.000,0.000,0.000,0.0,0.000,0.000
2.8320,1.440,6.7,-11.523,1.446,6.035,-23.5,-0.548,6.090,31.500,-56.4,5.812,31.625,93.875,57.7,-0.942,93.688,-0.198,7.3,13.188,-0.245,-11.172,-29.8,-3.617,-11.102,-47.875,-93.0,-9.734,-47.688,-104.375,74.8,-0.184,-104.500,0.000,0.0,0.000,0.000,0.000,0.0,0.000,0.000
2.8338,1.394,-13.1,-9.383,1.440,5.965,-31.2,-0.668,6.035,31.359,-69.3,7.219,31.500,94.062,83.8,-1.375,93.875,-0.107,32.1,10.555,-0.198,-11.266,-41.7,-4.609,-11.172,-48.125,-106.9,-8.898,-47.875,-104.250,57.0,-2.459,-104.375,0.000,0.0,0.000,0.000,0.000,0.0,0.000,0.000
2.8358,1.314,-30.5,-7.996,1.394,5.898,-31.6,-0.679,5.965,31.234,-63.1,7.551,31.359,94.312,104.9,-1.714,94.062,0.038,57.8,7.852,-0.107,-11.398,-58.5,-4.566,-11.266,-48.344,-117.4,-7.953,-48.125,-104.188,37.6,-2.805,-104.250,0.000,0.0,0.000,0.000,0.000,0.0,0.000,0.000
2.8378,1.243,-33.4,-6.203,1.314,5.816,-37.9,-0.282,5.898,31.094,-67.5,7.145,31.234,94.562,121.7,-2.047,94.312,0.195,70.6,4.926,0.038,-11.523,-63.1,-4.441,-11.398,-48.594,-122.1,-7.238,-48.344,-104.188,10.4,-1.971,-104.188,0.000,0.0,0.000,0.000,0.000,0.0,0.000,0.000
2.8398,1.180,-30.7,-5.348,1.243,5.754,-32.5,-0.227,5.816,30.984,-59.3,6.914,31.094,94.812,132.0,-2.736,94.562,0.358,76.0,2.793,0.195,-11.633,-58.2,-5.129,-11.523,-48.844,-117.6,-6.789,-48.594,-104.250,-14.2,-1.269,-104.188,0.000,0.0,0.000,0.000,0.000,0.0,0.000,0.000
2.8418,1.136,-23.0,-4.434,1.180,5.680,-33.8,-0.182,5.754,30.891,-50.7,5.977,30.984,95.125,142.6,-3.822,94.812,0.518,78.1,1.600,0.358,-11.695,-40.4,-5.094,-11.633,-49.062,-108.4,-5.660,-48.844,-104.312,-30.7,-0.359,-104.250,0.000,0.0,0.000,0.000,0.000,0.0,0.000,0.000
2.8438,1.114,-14.3,-4.367,1.136,5.617,-33.1,-0.325,5.680,30.797,-46.5,5.273,30.891,95.375,143.2,-4.789,95.125,0.634,63.9,0.498,0.518,-11.727,-23.1,-5.926,-11.695,-49.219,-97.8,-5.305,-49.062,-104.438,-50.3,0.418,-104.312,0.000,0.0,0.000,0.000,0.000,0.0,0.000,0.000
2.8458,1.117,-3.8,-3.875,1.114,5.566,-27.8,-0.562,5.617,30.703,-48.6,4.797,30.797,95.688,145.8,-5.109,95.375,0.737,53.3,-0.139,0.634,-11.750,-13.9,-6.551,-11.727,-49.344,-76.0,-5.773,-49.219,-104.562,-57.4,1.278,-104.438,0.000,0.0,0.000,0.000,0.000,0.0,0.000,0.000
2.8478,1.127,1.7,-3.975,1.117,5.512,-27.2,-0.836,5.566,30.609,-45.9,3.896,30.703,96.000,143.1,-5.797,95.688,0.797,37.2,0.848,0.737,-11.758,-9.0,-6.410,-11.750,-49.438,-50.3,-6.027,-49.344,-104.750,-64.4,1.930,-104.562,0.000,0.0,0.000,0.000,0.000,0.0,0.000,0.000
2.8498,1.139,4.5,-4.602,1.127,5.441,-31.7,-1.191,5.512,30.500,-51.2,3.123,30.609,96.250,134.8,-5.859,96.000,0.841,27.4,3.271,0.797,-11.773,-8.3,-6.523,-11.758,-49.469,-29.0,-7.211,-49.438,-104.875,-70.2,1.965,-104.750,0.000,0.0,0.000,0.000,0.000,0.0,0.000,0.000
2.8518,1.123,-4.1,-4.875,1.139,5.371,-35.1,-1.734,5.441,30.391,-53.9,2.207,30.500,96.500,123.9,-5.875,96.250,0.857,15.3,5.082,0.841,-11.805,-13.2,-5.676,-11.773,-49.438,-4.0,-7.484,-49.469,-105.062,-74.5,2.555,-104.875,0.000,0.0,0.000,0.000,0.000,0.0,0.000,0.000
2.8542,1.096,-12.4,-4.512,1.123,5.273,-45.5,-1.752,5.371,30.250,-59.5,1.646,30.391,96.688,116.1,-6.246,96.500,0.888,15.3,6.246,0.857,-11.836,-15.4,-5.430,-11.805,-49.406,11.2,-7.535,-49.438,-105.188,-78.0,3.543,-105.062,0.000,0.0,0.000,0.000,0.000,0.0,0.000,0.000
2.8560,1.058,-16.9,-4.477,1.096,5.184,-47.3,-2.285,5.273,30.109,-68.4,1.249,30.250,96.875,104.8,-5.562,96.688,0.929,20.2,7.363,0.888,-11.875,-18.3,-5.164,-11.836,-49.375,18.0,-7.402,-49.406,-105.375,-77.6,4.094,-105.188,0.000,0.0,0.000,0.000,0.000,0.0,0.000,0.000
2.8581,1.008,-22.9,-4.223,1.058,5.082,-51.2,-2.277,5.184,29.938,-80.1,1.269,30.109,97.062,91.4,-5.520,96.875,0.970,21.5,7.395,0.929,-11.922,-20.9,-5.254,-11.875,-49.312,23.0,-7.414,-49.375,-105.500,-71.7,4.234,-105.375,0.000,0.0,0.000,0.000,0.000,0.0,0.000,0.000
2.8601,0.960,-24.4,-4.133,1.008,4.992,-47.0,-2.564,5.082,29.781,-81.3,1.499,29.938,97.188,75.1,-5.039,97.062,1.035,29.4,7.449,0.970,-11.938,-13.8,-5.246,-11.922,-49.250,26.9,-7.473,-49.312,-105.562,-60.4,4.348,-105.500,0.000,0.0,0.000,0.000,0.000,0.0,0.000,0.000
2.8618,0.923,-21.6,-4.199,0.960,4.926,-37.8,-2.877,4.992,29.594,-88.3,1.809,29.781,97.250,60.7,-4.465,97.188,1.111,36.2,6.164,1.035,-11.953,-9.5,-5.391,-11.938,-49.188,26.4,-7.176,-49.250,-105.688,-48.7,4.172,-105.562,0.000,0.0,0.000,0.000,0.000,0.0,0.000,0.000
2.8638,0.895,-16.5,-4.625,0.923,4.898,-22.3,-3.045,4.926,29.422,-87.0,1.698,29.594,97.375,49.8,-3.982,97.250,1.167,33.0,5.969,1.111,-11.984,-11.2,-5.430,-11.953,-49.125,28.5,-7.023,-49.188,-105.750,-42.6,3.660,-105.688,0.000,0.0,0.000,0.000,0.000,0.0,0.000,0.000
2.8658,0.863,-15.9,-4.344,0.895,4.887,-11.1,-3.299,4.898,29.250,-84.8,2.311,29.422,97.438,33.9,-3.297,97.375,1.233,33.4,5.859,1.167,-12.008,-11.2,-6.109,-11.984,-49.062,31.9,-7.547,-49.125,-105.812,-33.4,3.182,-105.750,0.000,0.0,0.000,0.000,0.000,0.0,0.000,0.000
2.8678,0.835,-15.4,-4.469,0.863,4.875,-7.9,-3.469,4.887,29.094,-79.9,2.840,29.250,97.438,23.6,-2.609,97.438,1.287,28.6,6.066,1.233,-12.016,-5.0,-6.719,-12.008,-49.031,25.9,-8.352,-49.062,-105.875,-28.5,2.900,-105.812,0.000,0.0,0.000,0.000,0.000,0.0,0.000,0.000
2.8698,0.810,-13.2,-4.734,0.835,4.859,-10.9,-3.100,4.875,28.938,-76.4,2.732,29.094,97.500,19.1,-2.129,97.438,1.353,31.9,6.422,1.287,-12.039,-10.4,-7.121,-12.016,-49.000,19.4,-9.914,-49.031,-105.938,-24.6,4.934,-105.875,0.000,0.0,0.000,0.000,0.000,0.0,0.000,0.000
2.8718,0.781,-11.0,-4.113,0.810,4.848,-7.8,-2.631,4.859,28.812,-68.7,3.205,28.938,97.500,15.8,-1.630,97.500,1.399,27.2,4.148,1.353,-12.070,-14.0,-5.805,-12.039,-48.969,12.9,-10.477,-49.000,-105.938,-11.5,5.438,-105.938,0.000,0.0,0.000,0.000,0.000,0.0,0.000,0.000
2.8738,0.772,-5.3,0.296,0.781,4.824,-10.0,-0.647,4.848,28.688,-60.0,4.434,28.812,97.562,11.5,-1.406,97.500,1.428,17.8,-0.653,1.399,-12.094,-12.8,-4.641,-12.070,-48.969,6.1,-10.664,-48.969,-105.938,0.5,6.023,-105.938,0.000,0.0,0.000,0.000,0.000,0.0,0.000,0.000
2.8758,0.810,12.9,2.994,0.772,4.816,-4.3,0.760,4.824,28.594,-50.4,5.750,28.688,97.562,12.4,-2.068,97.562,1.412,0.1,-2.473,1.428,-12.094,-4.8,-4.023,-12.094,-49.000,-8.9,-9.898,-48.969,-105.875,14.6,6.562,-105.938,0.000,0.0,0.000,0.000,0.000,0.0,0.000,0.000
2.8778,0.879,27.1,2.113,0.810,4.828,2.4,1.360,4.816,28.547,-34.2,5.891,28.594,97.562,2.4,-2.832,97.562,1.337,-23.8,-1.213,1.412,-12.102,-1.7,-4.406,-12.094,-49.031,-9.1,-9.867,-49.000,-105.812,32.3,6.457,-105.875,0.000,0.0,0.000,0.000,0.000,0.0,0.000,0.000
2.8798,0.998,47.6,0.599,0.879,4.840,4.4,1.112,4.828,28.531,-16.9,5.309,28.547,97.562,-4.6,-2.922,97.562,1.221,-44.8,0.759,1.337,-12.094,1.5,-5.414,-12.102,-49.031,-10.6,-10.172,-49.031,-105.688,44.3,6.496,-105.812,0.000,0.0,0.000,0.000,0.000,0.0,0.000,0.000
2.8820,1.107,54.7,-0.057,0.998,4.867,9.6,0.754,4.840,28.562,0.4,4.379,28.531,97.500,-10.5,-2.717,97.562,1.076,-62.2,3.234,1.221,-12.070,6.1,-5.883,-12.094,-49.062,-7.7,-11.734,-49.031,-105.562,60.0,7.008,-105.688,0.000,0.0,0.000,0.000,0.000,0.0,0.000,0.000
2.8842,1.218,54.7,-1.444,1.107,4.906,18.6,0.655,4.867,28.594,12.8,3.453,28.562,97.500,-16.9,-2.307,97.500,0.935,-68.8,6.801,1.076,-12.055,8.8,-7.621,-12.070,-49.094,-13.7,-12.930,-49.062,-105.375,74.8,7.598,-105.562,0.000,0.0,0.000,0.000,0.000,0.0,0.000,0.000
2.8864,1.337,55.7,-7.355,1.218,4.914,9.5,-0.796,4.906,28.609,12.1,2.430,28.594,97.438,-17.0,-1.225,97.500,0.857,-48.1,10.570,0.935,-12.047,5.1,-7.762,-12.055,-49.125,-19.3,-15.391,-49.094,-105.188,81.9,8.461,-105.375,0.000,0.0,0.000,0.000,0.000,0.0,0.000,0.000
2.8887,1.425,33.1,-4.375,1.337,4.938,8.3,-0.138,4.914,28.625,7.0,3.742,28.609,97.375,-16.4,-1.844,97.438,0.781,-27.6,6.395,0.857,-12.047,2.0,-6.594,-12.047,-49.250,-30.6,-15.102,-49.125,-104.875,111.1,8.219,-105.188,0.000,0.0,0.000,0.000,0.000,0.0,0.000,0.000
2.8903,1.456,21.3,-3.162,1.425,4.953,8.6,0.263,4.938,28.609,1.0,4.703,28.625,97.375,-16.8,-2.234,97.375,0.772,-13.5,5.121,0.781,-12.039,5.5,-6.547,-12.047,-49.312,-38.8,-14.906,-49.250,-104.625,122.9,7.879,-104.875,0.000,0.0,0.000,0.000,0.000,0.0,0.000,0.000
2.8918,1.475,21.3,-3.197,1.456,4.941,2.2,0.102,4.953,28.609,-2.4,5.422,28.609,97.312,-18.1,-2.293,97.375,0.781,-5.0,4.848,0.772,-12.039,4.6,-6.812,-12.039,-49.344,-35.1,-14.727,-49.312,-104.500,129.9,7.898,-104.625,0.000,0.0,0.000,0.000,0.000,0.0,0.000,0.000
2.8938,1.479,11.4,-2.627,1.475,4.949,3.4,0.217,4.941,28.609,0.5,5.586,28.609,97.312,-22.6,-1.810,97.312,0.797,5.7,4.809,0.781,-12.023,5.9,-8.516,-12.039,-49.438,-35.2,-14.938,-49.344,-104.188,132.6,7.629,-104.500,0.000,0.0,0.000,0.000,0.000,0.0,0.000,0.000
2.8958,1.466,1.6,-5.059,1.479,4.938,-3.2,-1.214,4.949,28.609,0.6,5.367,28.609,97.250,-19.1,-0.479,97.312,0.822,12.3,7.711,0.797,-12.023,2.4,-8.836,-12.023,-49.500,-34.4,-15.977,-49.438,-103.938,137.1,8.117,-104.188,0.000,0.0,0.000,0.000,0.000,0.0,0.000,0.000
2.8978,1.425,-12.0,-8.641,1.466,4.930,-3.4,-1.294,4.938,28.594,-2.5,4.465,28.609,97.250,-10.3,1.028,97.250,0.904,31.9,9.648,0.822,-12.031,-3.3,-9.664,-12.023,-49.531,-29.3,-16.922,-49.500,-103.625,143.8,7.391,-103.938,0.000,0.0,0.000,0.000,0.000,0.0,0.000,0.000
2.8998,1.355,-26.6,-5.926,1.425,4.898,-12.0,0.320,4.930,28.594,-2.7,5.363,28.594,97.250,-6.5,1.534,97.250,1.008,45.0,7.410,0.904,-12.055,-8.0,-10.125,-12.031,-49.594,-27.8,-17.609,-49.531,-103.375,135.6,-0.848,-103.625,0.000,0.0,0.000,0.000,0.000,0.0,0.000,0.000
2.9018,1.283,-32.5,-4.891,1.355,4.883,-10.6,0.429,4.898,28.594,-2.5,5.234,28.594,97.250,8.0,1.310,97.250,1.127,53.9,6.195,1.008,-12.086,-12.6,-9.586,-12.055,-49.656,-26.9,-17.656,-49.594,-103.125,121.5,-1.017,-103.375,0.000,0.0,0.000,0.000,0.000,0.0,0.000,0.000
2.9038,1.227,-29.5,-4.383,1.283,4.863,-10.5,0.647,4.883,28.578,-3.7,5.105,28.594,97.312,12.8,0.994,97.250,1.268,64.7,5.094,1.127,-12.117,-17.1,-9.656,-12.086,-49.719,-29.8,-17.938,-49.656,-103.000,91.7,1.150,-103.125,0.000,0.0,0.000,0.000,0.000,0.0,0.000,0.000
2.9062,1.177,-26.2,-4.598,1.227,4.855,-7.9,0.558,4.863,28.578,-3.3,4.852,28.578,97.375,24.4,0.743,97.312,1.391,62.1,4.254,1.268,-12.148,-17.6,-10.367,-12.117,-49.750,-22.4,-17.812,-49.719,-102.875,65.2,1.379,-103.000,0.000,0.0,0.000,0.000,0.000,0.0,0.000,0.000
2.9082,1.164,-12.1,-4.992,1.177,4.855,-3.6,0.547,4.855,28.578,-2.6,4.520,28.578,97.438,30.4,0.582,97.375,1.522,63.3,2.906,1.391,-12.188,-19.3,-9.711,-12.148,-49.812,-22.2,-17.656,-49.750,-102.812,40.9,1.549,-102.875,0.000,0.0,0.000,0.000,0.000,0.0,0.000,0.000
2.9105,1.136,-6.2,-2.477,1.164,4.863,1.4,1.192,4.855,28.578,0.0,3.971,28.578,97.500,33.5,0.373,97.438,1.676,52.6,0.194,1.522,-12.258,-24.4,-8.461,-12.188,-49.875,-23.5,-16.641,-49.812,-102.812,12.1,5.402,-102.812,0.000,0.0,0.000,0.000,0.000,0.0,0.000,0.000
2.9127,1.143,0.2,-2.979,1.136,4.875,4.2,1.208,4.863,28.562,-2.3,5.027,28.578,97.625,37.2,0.148,97.500,1.741,40.0,-1.283,1.676,-12.289,-18.0,-6.008,-12.258,-49.906,-23.5,-16.047,-49.875,-102.812,-5.1,5.574,-102.812,0.000,0.0,0.000,0.000,0.000,0.0,0.000,0.000
2.9142,1.155,5.5,2.420,1.143,4.883,4.5,2.707,4.875,28.578,1.0,6.781,28.562,97.625,40.5,-0.196,97.625,1.751,27.8,-7.344,1.741,-12.312,-17.2,-5.984,-12.289,-49.938,-20.1,-12.445,-49.906,-102.875,-11.6,3.924,-102.812,0.000,0.0,0.000,0.000,0.000,0.0,0.000,0.000
2.9161,1.208,20.8,3.213,1.155,4.922,15.0,2.738,4.883,28.578,-0.1,7.055,28.578,97.750,40.0,-0.918,97.625,1.714,-2.8,-4.949,1.751,-12.328,-9.4,-3.629,-12.312,-49.938,-7.9,-12.523,-49.938,-102.938,-21.6,4.004,-102.875,0.000,0.0,0.000,0.000,0.000,0.0,0.000,0.000
2.9178,1.303,38.8,1.521,1.208,4.961,17.7,4.320,4.922,28.609,12.5,8.469,28.578,97.812,36.5,-2.439,97.750,1.610,-33.8,-2.734,1.714,-12.312,2.6,-2.039,-12.328,-49.906,4.0,-9.617,-49.938,-103.000,-36.2,2.412,-102.938,0.000,0.0,0.000,0.000,0.000,0.0,0.000,0.000
2.9198,1.406,46.4,-0.779,1.303,5.039,31.6,5.141,4.961,28.656,21.2,9.453,28.609,97.875,30.7,-4.039,97.812,1.450,-62.8,0.411,1.610,-12.289,11.4,-0.716,-12.312,-49.906,9.7,-7.500,-49.906,-103.125,-45.6,1.489,-103.000,0.000,0.0,0.000,0.000,0.000,0.0,0.000,0.000
2.9218,1.510,48.5,-5.234,1.406,5.145,45.0,5.441,5.039,28.734,32.5,9.523,28.656,97.875,23.1,-5.043,97.875,1.287,-74.9,4.785,1.450,-12.234,20.3,-0.186,-12.289,-49.812,24.0,-5.043,-49.906,-103.250,-61.6,1.974,-103.125,0.000,0.0,0.000,0.000,0.000,0.0,0.000,0.000
2.9238,1.594,44.1,-4.410,1.510,5.289,62.1,3.682,5.145,28.828,40.5,9.023,28.734,97.875,6.9,-5.070,97.875,1.123,-80.0,5.582,1.287,-12.156,32.3,-0.623,-12.234,-49.750,35.5,-5.520,-49.812,-103.438,-77.7,2.682,-103.250,0.000,0.0,0.000,0.000,0.000,0.0,0.000,0.000
2.9258,1.638,31.2,-3.084,1.594,5.449,73.1,1.982,5.289,28.938,46.7,8.109,28.828,97.875,-5.7,-7.148,97.875,0.985,-73.1,5.613,1.123,-12.102,28.3,-0.383,-12.156,-49.656,42.5,-5.230,-49.750,-103.625,-89.2,5.164,-103.438,0.000,0.0,0.000,0.000,0.000,0.0,0.000,0.000
2.9278,1.657,17.9,-5.168,1.638,5.578,69.1,0.641,5.449,29.047,52.2,8.242,28.938,97.812,-25.6,-8.117,97.875,0.866,-63.5,7.246,0.985,-12.039,28.4,0.756,-12.102,-49.531,48.0,-4.574,-49.656,-103.812,-92.2,7.336,-103.625,0.000,0.0,0.000,0.000,0.000,0.0,0.000,0.000
2.9298,1.642,1.3,-5.012,1.657,5.637,42.4,1.603,5.578,29.156,53.8,8.398,29.047,97.688,-46.9,-9.250,97.812,0.781,-49.4,8.531,0.866,-11.969,31.7,2.338,-12.039,-49.438,48.9,-4.238,-49.531,-103.938,-83.8,7.168,-103.812,0.000,0.0,0.000,0.000,0.000,0.0,0.000,0.000
2.9318,1.582,-19.4,-10.898,1.642,5.660,22.0,2.641,5.637,29.266,54.5,10.062,29.156,97.500,-71.8,-9.188,97.688,0.759,-24.2,11.391,0.781,-11.906,32.1,1.427,-11.969,-49.312,58.4,-1.658,-49.438,-104.125,-79.4,5.121,-103.938,0.000,0.0,0.000,0.000,0.000,0.0,0.000,0.000
2.9341,1.484,-37.7,-11.031,1.582,5.664,7.9,2.246,5.660,29.391,62.1,10.750,29.266,97.312,-91.6,-8.305,97.500,0.791,2.2,10.523,0.759,-11.852,30.8,1.080,-11.906,-49.156,70.1,-1.366,-49.312,-104.250,-71.2,4.621,-104.125,0.000,0.0,0.000,0.000,0.000,0.0,0.000,0.000
2.9361,1.365,-50.9,-9.055,1.484,5.656,-0.7,3.035,5.664,29.531,69.6,10.805,29.391,97.062,-113.6,-7.695,97.312,0.863,23.6,7.246,0.791,-11.781,35.0,0.930,-11.852,-49.031,69.8,-2.229,-49.156,-104.375,-74.2,4.469,-104.250,0.000,0.0,0.000,0.000,0.000,0.0,0.000,0.000
2.9382,1.255,-53.5,-8.086,1.365,5.652,-0.6,3.949,5.656,29.688,75.9,10.805,29.531,96.750,-130.9,-7.074,97.062,0.960,39.8,5.410,0.863,-11.719,32.2,0.454,-11.781,-48.844,76.9,-2.943,-49.031,-104.500,-67.4,4.277,-104.375,0.000,0.0,0.000,0.000,0.000,0.0,0.000,0.000
2.9402,1.187,-40.7,-8.680,1.255,5.652,1.1,3.842,5.652,29.859,80.7,11.211,29.688,96.438,-141.6,-6.391,96.750,1.048,43.0,3.426,0.960,-11.648,32.1,0.286,-11.719,-48.688,77.3,-3.213,-48.844,-104.625,-65.4,4.098,-104.500,0.000,0.0,0.000,0.000,0.000,0.0,0.000,0.000
2.9418,1.111,-37.8,-8.406,1.187,5.660,4.8,4.801,5.652,30.047,91.1,10.547,29.859,96.125,-158.8,-5.645,96.438,1.143,44.6,1.691,1.048,-11.578,31.8,0.462,-11.648,-48.531,73.8,-3.908,-48.688,-104.750,-61.8,3.928,-104.625,0.000,0.0,0.000,0.000,0.000,0.0,0.000,0.000
2.9439,1.058,-30.7,-7.496,1.111,5.672,6.5,5.793,5.660,30.234,89.3,10.641,30.047,95.812,-163.6,-5.227,96.125,1.205,36.0,1.768,1.143,-11.508,35.1,0.872,-11.578,-48.406,70.1,-3.887,-48.531,-104.875,-61.9,3.816,-104.750,0.000,0.0,0.000,0.000,0.000,0.0,0.000,0.000
2.9458,1.014,-24.2,-6.355,1.058,5.707,11.3,6.625,5.672,30.438,95.7,10.938,30.234,95.500,-159.5,-4.551,95.812,1.233,18.7,1.868,1.205,-11.461,27.0,1.136,-11.508,-48.281,68.2,-3.727,-48.406,-105.000,-59.2,3.656,-104.875,0.000,0.0,0.000,0.000,0.000,0.0,0.000,0.000
2.9478,0.982,-19.7,-6.855,1.014,5.766,20.4,6.723,5.707,30.625,93.9,11.391,30.438,95.125,-167.2,-4.641,95.500,1.265,15.0,2.693,1.233,-11.414,24.8,1.596,-11.461,-48.156,59.6,-3.477,-48.281,-105.125,-52.3,3.484,-105.000,0.000,0.0,0.000,0.000,0.000,0.0,0.000,0.000
2.9498,0.963,-13.9,-6.527,0.982,5.801,19.6,8.219,5.766,30.781,85.9,12.500,30.625,94.812,-160.4,-5.047,95.125,1.262,4.2,3.387,1.265,-11.367,23.2,1.764,-11.414,-48.062,52.8,-3.852,-48.156,-105.188,-45.5,3.074,-105.125,0.000,0.0,0.000,0.000,0.000,0.0,0.000,0.000
2.9518,0.941,-11.4,-7.008,0.963,5.816,10.7,9.422,5.801,30.938,75.1,14.055,30.781,94.500,-158.4,-6.062,94.812,1.239,-5.0,4.609,1.262,-11.336,20.3,1.618,-11.367,-47.969,48.5,-3.803,-48.062,-105.312,-43.5,2.787,-105.188,0.000,0.0,0.000,0.000,0.000,0.0,0.000,0.000
2.9538,0.904,-16.3,-7.426,0.941,5.820,5.4,10.484,5.816,31.062,68.1,14.852,30.938,94.188,-151.2,-8.852,94.500,1.227,-6.2,6.043,1.239,-11.328,10.6,1.506,-11.336,-47.906,37.8,-3.359,-47.969,-105.375,-38.2,2.760,-105.312,0.000,0.0,0.000,0.000,0.000,0.0,0.000,0.000
2.9558,0.860,-20.9,-8.258,0.904,5.805,-3.6,10.617,5.820,31.188,60.9,15.328,31.062,93.875,-154.4,-9.773,94.188,1.221,-4.0,6.145,1.227,-11.312,8.2,1.765,-11.328,-47.844,32.8,-2.912,-47.906,-105.438,-34.1,2.688,-105.375,0.000,0.0,0.000,0.000,0.000,0.0,0.000,0.000
2.9581,0.819,-19.8,-8.531,0.860,5.805,-1.2,10.664,5.805,31.281,53.4,17.000,31.188,93.562,-155.2,-10.977,93.875,1.233,4.5,6.672,1.221,-11.289,9.2,1.381,-11.312,-47.812,25.5,-2.814,-47.844,-105.500,-33.0,2.406,-105.438,0.000,0.0,0.000,0.000,0.000,0.0,0.000,0.000
2.9601,0.769,-22.7,-9.078,0.819,5.801,-1.0,10.812,5.805,31.359,45.2,17.031,31.281,93.250,-164.1,-9.969,93.562,1.230,0.3,5.086,1.233,-11.281,5.7,1.200,-11.289,-47.781,23.2,-2.418,-47.812,-105.500,-26.9,1.966,-105.500,0.000,0.0,0.000,0.000,0.000,0.0,0.000,0.000
2.9621,0.734,-17.7,-7.516,0.769,5.805,-0.6,10.805,5.801,31.406,33.5,17.016,31.359,92.938,-162.6,-9.617,93.250,1.255,7.1,3.814,1.230,-11.273,3.3,1.196,-11.281,-47.719,18.2,-2.412,-47.781,-105.562,-22.8,2.248,-105.500,0.000,0.0,0.000,0.000,0.000,0.0,0.000,0.000
2.9641,0.706,-14.2,0.683,0.734,5.832,9.0,10.789,5.805,31.453,25.2,14.023,31.406,92.625,-164.2,-6.711,92.938,1.236,-4.7,-4.336,1.255,-11.273,-0.4,0.369,-11.273,-47.688,20.4,-5.098,-47.719,-105.625,-19.6,4.773,-105.562,0.000,0.0,0.000,0.000,0.000,0.0,0.000,0.000
2.9658,0.747,8.3,1.604,0.706,5.828,4.7,9.344,5.832,31.469,10.7,12.984,31.453,92.312,-151.4,-4.805,92.625,1.174,-23.9,-2.979,1.236,-11.273,-0.4,-0.618,-11.273,-47.688,7.1,-6.438,-47.688,-105.625,-6.2,6.254,-105.625,0.000,0.0,0.000,0.000,0.000,0.0,0.000,0.000
2.9679,0.838,32.0,-0.045,0.747,5.801,-7.2,7.715,5.828,31.469,3.2,12.422,31.469,92.062,-130.9,-4.250,92.312,1.067,-44.0,-0.494,1.174,-11.281,-1.7,-0.837,-11.273,-47.719,-7.4,-6.688,-47.688,-105.562,9.1,6.805,-105.625,0.000,0.0,0.000,0.000,0.000,0.0,0.000,0.000
2.9698,0.960,49.0,-1.892,0.838,5.777,-12.2,7.367,5.801,31.438,-5.0,12.445,31.469,91.875,-109.2,-3.930,92.062,0.919,-63.4,1.449,1.067,-11.297,-8.1,-1.350,-11.281,-47.781,-25.0,-7.145,-47.719,-105.500,26.5,7.172,-105.562,0.000,0.0,0.000,0.000,0.000,0.0,0.000,0.000
2.9718,1.102,62.2,-2.969,0.960,5.738,-18.0,6.848,5.777,31.391,-16.5,12.422,31.438,91.750,-83.5,-4.008,91.875,0.785,-65.3,3.713,0.919,-11.328,-14.0,-1.384,-11.297,-47.906,-42.1,-6.605,-47.781,-105.438,42.1,7.066,-105.500,0.000,0.0,0.000,0.000,0.000,0.0,0.000,0.000
2.9738,1.239,65.6,-3.994,1.102,5.738,-8.1,6.371,5.738,31.344,-23.0,12.594,31.391,91.625,-58.6,-4.258,91.750,0.631,-71.8,3.758,0.785,-11.352,-15.1,-1.553,-11.328,-48.031,-61.3,-6.633,-47.906,-105.250,59.1,6.875,-105.438,0.000,0.0,0.000,0.000,0.000,0.0,0.000,0.000
2.9758,1.371,63.4,-4.684,1.239,5.723,-5.6,5.910,5.738,31.281,-27.1,12.734,31.344,91.562,-35.2,-4.801,91.625,0.493,-69.1,4.820,0.631,-11.398,-22.7,-1.520,-11.352,-48.188,-69.6,-6.613,-48.031,-105.125,61.8,6.879,-105.250,0.000,0.0,0.000,0.000,0.000,0.0,0.000,0.000
2.9778,1.494,60.8,-6.004,1.371,5.719,-4.1,4.926,5.723,31.219,-30.9,12.039,31.281,91.562,-7.3,-4.867,91.562,0.374,-61.9,6.668,0.493,-11.445,-24.2,-1.454,-11.398,-48.344,-80.9,-6.238,-48.188,-104.938,79.9,7.102,-105.125,0.000,0.0,0.000,0.000,0.000,0.0,0.000,0.000
2.9798,1.604,57.4,-6.812,1.494,5.715,-3.4,2.299,5.719,31.141,-33.3,10.984,31.219,91.625,13.1,-4.191,91.562,0.289,-48.8,6.453,0.374,-11.492,-28.1,-1.693,-11.445,-48.531,-84.6,-6.254,-48.344,-104.750,97.5,7.086,-104.938,0.000,0.0,0.000,0.000,0.000,0.0,0.000,0.000
2.9818,1.670,42.8,-6.039,1.604,5.691,-8.0,2.027,5.715,31.047,-45.0,9.734,31.141,91.750,32.8,-0.906,91.625,0.235,-34.2,6.895,0.289,-11.547,-28.0,-2.018,-11.492,-48.750,-98.3,-6.215,-48.531,-104.562,103.7,3.883,-104.750,0.000,0.0,0.000,0.000,0.000,0.0,0.000,0.000
2.9841,1.714,28.8,-6.945,1.670,5.652,-15.3,1.347,5.691,30.938,-46.8,8.188,31.047,91.875,56.8,-0.097,91.750,0.213,-19.5,8.656,0.235,-11.609,-31.1,-3.354,-11.547,-48.938,-101.7,-7.094,-48.750,-104.312,98.1,0.110,-104.562,0.000,0.0,0.000,0.000,0.000,0.0,0.000,0.000
2.9861,1.735,15.8,-8.391,1.714,5.594,-23.7,0.934,5.652,30.797,-60.5,8.055,30.938,92.062,86.4,-0.805,91.875,0.245,2.8,10.688,0.213,-11.680,-35.1,-4.293,-11.609,-49.156,-104.4,-7.191,-48.938,-104.188,80.1,-2.625,-104.312,0.000,0.0,0.000,0.000,0.000,0.0,0.000,0.000
2.9881,1.726,1.1,-10.672,1.735,5.531,-28.5,0.138,5.594,30.656,-65.2,8.227,30.797,92.312,111.8,-1.611,92.062,0.333,30.5,9.703,0.245,-11.742,-30.7,-5.656,-11.680,-49.375,-111.1,-7.266,-49.156,-104.125,57.0,-3.648,-104.188,0.000,0.0,0.000,0.000,0.000,0.0,0.000,0.000
2.9902,1.682,-13.2,-8.852,1.726,5.445,-36.7,0.044,5.531,30.516,-69.9,8.398,30.656,92.625,133.0,-2.047,92.312,0.461,52.7,6.715,0.333,-11.812,-32.4,-5.730,-11.742,-49.594,-109.1,-7.109,-49.375,-104.062,29.6,-2.854,-104.125,0.000,0.0,0.000,0.000,0.000,0.0,0.000,0.000
2.9918,1.613,-25.9,-6.879,1.682,5.371,-35.9,0.093,5.445,30.391,-66.8,8.227,30.516,92.938,150.5,-2.881,92.625,0.612,67.9,3.979,0.461,-11.875,-31.2,-5.746,-11.812,-49.812,-110.4,-6.738,-49.594,-104.125,2.1,-2.062,-104.062,0.000,0.0,0.000,0.000,0.000,0.0,0.000,0.000
2.9939,1.560,-25.4,-5.180,1.613,5.289,-37.6,0.270,5.371,30.266,-63.0,7.379,30.391,93.250,159.6,-3.625,92.938,0.756,70.2,1.934,0.612,-11.938,-31.2,-5.492,-11.875,-50.031,-108.3,-5.898,-49.812,-104.188,-26.3,-1.146,-104.125,0.000,0.0,0.000,0.000,0.000,0.0,0.000,0.000
2.9958,1.513,-22.4,-4.102,1.560,5.230,-31.2,0.136,5.289,30.156,-56.1,6.160,30.266,93.625,167.8,-4.914,93.250,0.895,69.1,1.229,0.756,-11.984,-28.9,-5.098,-11.938,-50.219,-99.9,-4.172,-50.031,-104.312,-47.1,-0.014,-104.188,0.000,0.0,0.000,0.000,0.000,0.0,0.000,0.000
2.9978,1.487,-15.5,-4.590,1.513,5.152,-35.5,-0.137,5.230,30.062,-53.0,5.574,30.156,93.938,172.0,-6.176,93.625,1.014,63.6,1.328,0.895,-12.016,-17.6,-5.324,-11.984,-50.375,-82.2,-5.059,-50.219,-104.438,-59.8,0.557,-104.312,0.000,0.0,0.000,0.000,0.000,0.0,0.000,0.000
2.9998,1.466,-12.8,-4.391,1.487,5.098,-30.9,-0.618,5.152,29.953,-53.5,3.844,30.062,94.312,170.8,-6.719,93.938,1.114,56.9,0.781,1.014,-12.039,-14.2,-4.777,-12.016,-50.500,-68.8,-2.844,-50.375,-104.625,-73.9,2.457,-104.438,0.000,0.0,0.000,0.000,0.000,0.0,0.000,0.000
