t,q0,dq0,tau0,cmd0,q1,dq1,tau1,cmd1,q2,dq2,tau2,cmd2,q3,dq3,tau3,cmd3,q4,dq4,tau4,cmd4,q5,dq5,tau5,cmd5,q6,dq6,tau6,cmd6,q7,dq7,tau7,cmd7,q8,dq8,tau8,cmd8,q9,dq9,tau9,cmd9
0.0000,2.639,3.9,-5.680,-0.630,4.414,0.9,-0.313,4.012,28.688,-1.8,5.609,32.739,97.062,-0.2,0.132,97.398,-1.930,3.2,5.258,1.060,-6.371,1.1,-0.013,-6.332,-44.875,0.7,-4.988,-48.469,-99.875,2.5,-0.081,-100.068,0.000,0.0,0.000,0.000,0.000,0.0,0.000,0.000
0.0045,2.633,0.1,-5.680,2.639,4.410,-0.7,-0.263,4.414,28.688,0.2,5.684,28.688,97.062,0.9,0.179,97.062,-1.939,-2.2,5.172,-1.930,-6.367,2.7,-0.003,-6.371,-44.875,-0.3,-4.996,-44.875,-99.875,1.6,-0.065,-99.875,0.000,0.0,0.000,0.000,0.000,0.0,0.000,0.000
0.0064,2.633,-0.5,-5.797,2.633,4.406,-3.2,-0.430,4.410,28.688,0.9,5.637,28.688,97.062,-1.0,0.146,97.062,-1.939,-1.1,5.410,-1.939,-6.371,2.2,0.105,-6.367,-44.875,0.0,-4.961,-44.875,-99.875,4.5,-0.078,-99.875,0.000,0.0,0.000,0.000,0.000,0.0,0.000,0.000
0.0084,2.627,-2.8,-5.594,2.633,4.402,-4.7,-0.375,4.406,28.688,-1.8,5.699,28.688,97.062,-2.2,0.188,97.062,-1.933,2.3,5.348,-1.939,-6.375,0.4,-0.005,-6.371,-44.875,-1.5,-5.008,-44.875,-99.875,1.2,-0.138,-99.875,0.000,0.0,0.000,0.000,0.000,0.0,0.000,0.000
0.0094,2.629,-1.4,-5.734,2.627,4.418,3.4,-0.248,4.402,28.688,1.5,5.719,28.688,97.062,-2.2,0.161,97.062,-1.945,-3.9,5.137,-1.933,-6.375,0.6,0.062,-6.375,-44.875,0.9,-4.934,-44.875,-99.875,-1.2,-0.039,-99.875,0.000,0.0,0.000,0.000,0.000,0.0,0.000,0.000
0.0103,2.637,2.4,-5.531,2.629,4.398,-5.8,-0.326,4.418,28.688,0.0,5.672,28.688,97.062,-3.0,0.172,97.062,-1.937,0.1,5.121,-1.945,-6.375,-0.4,-0.038,-6.375,-44.875,3.5,-5.016,-44.875,-99.875,-1.1,-0.117,-99.875,0.000,0.0,0.000,0.000,0.000,0.0,0.000,0.000
0.0120,2.627,-3.2,-1.342,2.637,4.418,4.5,-0.201,4.398,28.672,-2.1,0.751,28.688,97.062,1.0,0.019,97.062,-1.939,-1.2,0.675,-1.937,-6.367,2.0,-0.039,-6.375,-44.875,2.8,-0.707,-44.875,-99.875,0.8,-0.076,-99.875,0.000,0.0,0.000,0.000,0.000,0.0,0.000,0.000
0.0142,2.686,16.2,-1.394,2.627,4.414,2.6,0.017,4.418,28.594,-23.3,1.397,28.672,97.062,-2.2,0.011,97.062,-2.002,-16.8,1.749,-1.939,-6.367,2.7,0.012,-6.367,-44.812,16.5,-1.262,-44.875,-99.875,-1.0,-0.013,-99.875,0.000,0.0,0.000,0.000,0.000,0.0,0.000,0.000
0.0161,2.709,18.0,-2.143,2.686,4.406,-2.1,0.004,4.414,28.578,-26.0,1.684,28.594,97.062,-0.5,0.049,97.062,-2.033,-23.2,2.066,-2.002,-6.375,-1.3,0.045,-6.367,-44.781,22.4,-1.654,-44.812,-99.875,-2.2,0.010,-99.875,0.000,0.0,0.000,0.000,0.000,0.0,0.000,0.000
0.0181,2.758,21.6,-2.686,2.709,4.414,0.7,-0.047,4.406,28.484,-39.5,2.434,28.578,97.062,2.0,0.023,97.062,-2.086,-25.0,2.969,-2.033,-6.363,3.7,-0.092,-6.375,-44.719,30.9,-2.201,-44.781,-99.875,3.3,0.004,-99.875,0.000,0.0,0.000,0.000,0.000,0.0,0.000,0.000
0.0200,2.824,27.2,-3.115,2.758,4.414,0.5,-0.052,4.414,28.391,-44.4,3.230,28.484,97.062,0.3,0.062,97.062,-2.156,-29.8,3.510,-2.086,-6.367,1.3,-0.127,-6.363,-44.594,43.7,-2.668,-44.719,-99.875,1.5,-0.009,-99.875,0.000,0.0,0.000,0.000,0.000,0.0,0.000,0.000
0.0220,2.875,24.9,-3.164,2.824,4.414,-0.1,-0.017,4.414,28.297,-42.4,3.469,28.391,97.062,-1.6,0.021,97.062,-2.219,-30.0,3.625,-2.156,-6.359,3.8,-0.146,-6.367,-44.531,46.8,-3.094,-44.594,-99.875,-2.5,0.026,-99.875,0.000,0.0,0.000,0.000,0.000,0.0,0.000,0.000
0.0240,2.928,27.9,-3.207,2.875,4.418,1.3,0.041,4.414,28.188,-49.5,3.578,28.297,97.062,-4.2,0.011,97.062,-2.277,-28.9,3.717,-2.219,-6.352,4.2,-0.219,-6.359,-44.438,46.7,-3.404,-44.531,-99.875,0.9,-0.040,-99.875,0.000,0.0,0.000,0.000,0.000,0.0,0.000,0.000
0.0260,2.980,26.8,-3.191,2.928,4.410,-3.4,0.063,4.418,28.094,-46.5,3.734,28.188,97.062,-1.2,0.079,97.062,-2.344,-30.3,3.918,-2.277,-6.344,3.9,-0.323,-6.352,-44.344,48.2,-3.289,-44.438,-99.875,2.4,-0.040,-99.875,0.000,0.0,0.000,0.000,0.000,0.0,0.000,0.000
0.0280,3.010,19.0,-2.867,2.980,4.410,-1.3,0.128,4.410,28.000,-46.7,3.779,28.094,97.062,-2.4,0.053,97.062,-2.395,-27.1,3.584,-2.344,-6.344,1.7,-0.306,-6.344,-44.250,42.5,-3.336,-44.344,-99.875,4.2,-0.007,-99.875,0.000,0.0,0.000,0.000,0.000,0.0,0.000,0.000
0.0300,3.062,22.8,-3.025,3.010,4.414,2.2,0.019,4.410,27.922,-42.1,3.516,28.000,97.062,-3.4,0.068,97.062,-2.445,-25.3,3.398,-2.395,-6.324,5.2,-0.485,-6.344,-44.188,39.1,-3.469,-44.250,-99.875,3.1,-0.028,-99.875,0.000,0.0,0.000,0.000,0.000,0.0,0.000,0.000
0.0320,3.109,22.5,-3.387,3.062,4.414,1.3,0.038,4.414,27.844,-37.7,3.539,27.922,97.062,-4.0,0.036,97.062,-2.502,-28.6,3.283,-2.445,-6.312,6.3,-0.466,-6.324,-44.125,35.1,-3.350,-44.188,-99.875,1.2,-0.066,-99.875,0.000,0.0,0.000,0.000,0.000,0.0,0.000,0.000
0.0340,3.150,21.0,-3.098,3.109,4.398,-3.1,0.115,4.414,27.781,-33.3,3.248,27.844,97.062,1.5,-0.007,97.062,-2.529,-20.6,3.354,-2.502,-6.297,7.4,-0.529,-6.312,-44.031,36.7,-3.395,-44.125,-99.875,-0.1,-0.058,-99.875,0.000,0.0,0.000,0.000,0.000,0.0,0.000,0.000
0.0360,3.197,22.1,-3.316,3.150,4.398,-2.8,0.202,4.398,27.719,-31.0,3.172,27.781,97.062,-2.9,0.014,97.062,-2.557,-15.1,3.090,-2.529,-6.277,8.5,-0.775,-6.297,-43.969,36.0,-3.217,-44.031,-99.875,1.2,-0.056,-99.875,0.000,0.0,0.000,0.000,0.000,0.0,0.000,0.000
0.0382,3.223,15.0,-3.199,3.197,4.398,0.7,0.380,4.398,27.672,-27.8,3.088,27.719,97.062,-0.7,0.012,97.062,-2.598,-17.9,2.855,-2.557,-6.258,7.9,-0.848,-6.277,-43.906,30.5,-3.160,-43.969,-99.875,1.8,-0.032,-99.875,0.000,0.0,0.000,0.000,0.000,0.0,0.000,0.000
0.0403,3.279,21.2,-3.275,3.223,4.371,-7.0,0.491,4.398,27.625,-24.6,3.076,27.672,97.062,-3.6,-0.048,97.062,-2.627,-14.5,2.891,-2.598,-6.230,11.3,-0.853,-6.258,-43.844,30.4,-3.271,-43.906,-99.875,1.0,-0.009,-99.875,0.000,0.0,0.000,0.000,0.000,0.0,0.000,0.000
0.0425,3.320,22.7,-2.943,3.279,4.359,-7.6,0.449,4.371,27.562,-26.6,3.098,27.625,97.062,-0.2,0.008,97.062,-2.645,-10.0,2.602,-2.627,-6.199,12.5,-1.057,-6.230,-43.781,33.8,-3.559,-43.844,-99.875,2.1,0.080,-99.875,0.000,0.0,0.000,0.000,0.000,0.0,0.000,0.000
0.0440,3.342,16.5,-2.908,3.320,4.340,-9.3,0.581,4.359,27.531,-22.4,3.129,27.562,97.062,1.0,-0.006,97.062,-2.684,-15.6,2.510,-2.645,-6.176,13.3,-1.036,-6.199,-43.719,32.8,-3.586,-43.781,-99.875,1.5,-0.010,-99.875,0.000,0.0,0.000,0.000,0.000,0.0,0.000,0.000
0.0460,3.377,17.8,-2.889,3.342,4.320,-9.3,0.766,4.340,27.484,-20.4,3.123,27.531,97.062,1.2,-0.001,97.062,-2.695,-11.9,2.215,-2.684,-6.152,12.9,-1.045,-6.176,-43.656,34.3,-3.629,-43.719,-99.875,-2.0,0.053,-99.875,0.000,0.0,0.000,0.000,0.000,0.0,0.000,0.000
0.0480,3.402,15.9,-2.898,3.377,4.301,-8.8,0.733,4.320,27.438,-21.6,3.225,27.484,97.062,1.8,0.031,97.062,-2.693,-1.8,2.273,-2.695,-6.121,13.6,-1.098,-6.152,-43.594,33.1,-3.766,-43.656,-99.875,-1.6,0.023,-99.875,0.000,0.0,0.000,0.000,0.000,0.0,0.000,0.000
0.0500,3.428,15.7,-2.715,3.402,4.277,-9.4,1.014,4.301,27.375,-24.5,3.395,27.438,97.062,-1.1,0.016,97.062,-2.711,-3.3,2.096,-2.693,-6.098,13.5,-1.121,-6.121,-43.500,39.2,-4.051,-43.594,-99.875,-5.2,0.004,-99.875,0.000,0.0,0.000,0.000,0.000,0.0,0.000,0.000
0.0520,3.459,17.3,-2.893,3.428,4.254,-11.2,0.904,4.277,27.328,-20.8,3.498,27.375,97.062,-1.3,-0.002,97.062,-2.725,-2.9,2.137,-2.711,-6.059,19.1,-1.146,-6.098,-43.438,42.7,-4.359,-43.500,-99.875,-1.9,0.036,-99.875,0.000,0.0,0.000,0.000,0.000,0.0,0.000,0.000
0.0540,3.480,13.0,-3.129,3.459,4.230,-11.1,0.939,4.254,27.250,-28.7,3.863,27.328,97.062,-0.8,0.032,97.062,-2.752,-11.0,1.932,-2.725,-6.043,14.3,-1.128,-6.059,-43.344,44.2,-4.633,-43.438,-99.875,-2.2,0.071,-99.875,0.000,0.0,0.000,0.000,0.000,0.0,0.000,0.000
0.0560,3.516,15.9,-2.965,3.480,4.215,-7.5,1.036,4.230,27.188,-31.0,4.172,27.250,97.062,-0.8,0.001,97.062,-2.756,-8.6,1.713,-2.752,-6.016,14.8,-1.253,-6.043,-43.250,44.6,-4.977,-43.344,-99.875,-2.1,-0.047,-99.875,0.000,0.0,0.000,0.000,0.000,0.0,0.000,0.000
0.0580,3.543,15.6,-2.850,3.516,4.188,-10.4,1.010,4.215,27.109,-36.0,4.492,27.188,97.062,-0.1,0.020,97.062,-2.762,-7.1,1.920,-2.756,-5.988,13.6,-1.459,-6.016,-43.188,43.6,-5.191,-43.250,-99.875,1.9,-0.052,-99.875,0.000,0.0,0.000,0.000,0.000,0.0,0.000,0.000
0.0600,3.564,13.1,-2.932,3.543,4.156,-12.0,1.101,4.188,27.016,-43.8,4.727,27.109,97.062,0.8,-0.049,97.062,-2.752,0.3,1.673,-2.762,-5.953,15.4,-1.424,-5.988,-43.062,49.3,-5.348,-43.188,-99.875,1.3,-0.041,-99.875,0.000,0.0,0.000,0.000,0.000,0.0,0.000,0.000
0.0620,3.596,15.9,-2.926,3.564,4.129,-13.9,1.079,4.156,26.938,-40.1,4.906,27.016,97.062,-1.3,-0.036,97.062,-2.758,-0.7,1.749,-2.752,-5.930,12.1,-1.313,-5.953,-42.969,51.0,-5.566,-43.062,-99.875,4.4,-0.060,-99.875,0.000,0.0,0.000,0.000,0.000,0.0,0.000,0.000
0.0640,3.600,7.0,-2.824,3.596,4.094,-16.5,1.183,4.129,26.844,-49.0,5.227,26.938,97.062,1.4,-0.022,97.062,-2.771,-4.4,1.777,-2.758,-5.898,15.1,-1.305,-5.930,-42.875,49.7,-5.879,-42.969,-99.875,-0.4,-0.036,-99.875,0.000,0.0,0.000,0.000,0.000,0.0,0.000,0.000
0.0662,3.621,9.3,-2.523,3.600,4.070,-15.6,1.170,4.094,26.750,-48.9,5.582,26.844,97.062,-0.7,-0.019,97.062,-2.768,-0.4,1.653,-2.771,-5.883,10.1,-1.214,-5.898,-42.781,50.0,-5.887,-42.875,-99.875,-0.4,-0.079,-99.875,0.000,0.0,0.000,0.000,0.000,0.0,0.000,0.000
0.0681,3.631,5.4,-2.596,3.621,4.055,-10.1,1.207,4.070,26.672,-45.4,5.668,26.750,97.062,1.7,-0.034,97.062,-2.771,-0.1,1.805,-2.768,-5.863,9.5,-1.062,-5.883,-42.656,50.3,-6.066,-42.781,-99.875,1.2,-0.028,-99.875,0.000,0.0,0.000,0.000,0.000,0.0,0.000,0.000
0.0701,3.643,4.2,-2.529,3.631,4.023,-14.2,1.063,4.055,26.578,-47.3,5.578,26.672,97.062,-0.2,-0.004,97.062,-2.773,-0.4,1.663,-2.771,-5.844,9.8,-1.031,-5.863,-42.562,47.0,-6.297,-42.656,-99.875,-1.1,0.003,-99.875,0.000,0.0,0.000,0.000,0.000,0.0,0.000,0.000
0.0722,3.662,7.6,-2.424,3.643,4.012,-11.1,0.917,4.023,26.484,-44.2,5.898,26.578,97.062,-0.4,-0.020,97.062,-2.783,-4.1,1.644,-2.773,-5.832,6.4,-1.002,-5.844,-42.469,51.9,-6.504,-42.562,-99.875,-2.7,0.016,-99.875,0.000,0.0,0.000,0.000,0.000,0.0,0.000,0.000
0.0740,3.678,7.3,-2.736,3.662,4.000,-7.4,0.958,4.012,26.375,-48.5,6.059,26.484,97.062,-1.7,0.005,97.062,-2.771,2.0,1.580,-2.783,-5.828,2.7,-0.930,-5.832,-42.375,50.4,-6.566,-42.469,-99.875,1.1,0.060,-99.875,0.000,0.0,0.000,0.000,0.000,0.0,0.000,0.000
0.0760,3.707,11.9,-2.771,3.678,3.988,-6.0,0.871,4.000,26.281,-50.1,6.258,26.375,97.062,-1.6,0.019,97.062,-2.773,1.3,1.604,-2.771,-5.805,8.5,-0.857,-5.828,-42.250,50.0,-6.453,-42.375,-99.875,-1.3,0.002,-99.875,0.000,0.0,0.000,0.000,0.000,0.0,0.000,0.000
0.0780,3.719,8.8,-2.811,3.707,3.973,-6.9,0.833,3.988,26.203,-47.0,6.363,26.281,97.062,-2.4,-0.024,97.062,-2.783,-2.6,1.549,-2.773,-5.801,5.1,-0.963,-5.805,-42.156,48.2,-6.645,-42.250,-99.875,1.0,0.051,-99.875,0.000,0.0,0.000,0.000,0.000,0.0,0.000,0.000
0.0800,3.740,9.6,-2.893,3.719,3.963,-5.1,0.846,3.973,26.109,-45.3,6.336,26.203,97.062,-0.9,-0.028,97.062,-2.773,2.8,1.479,-2.783,-5.789,5.1,-0.857,-5.801,-42.094,46.0,-6.742,-42.156,-99.875,0.9,-0.037,-99.875,0.000,0.0,0.000,0.000,0.000,0.0,0.000,0.000
0.0820,3.760,9.5,-2.934,3.740,3.961,-2.5,0.735,3.963,26.016,-45.0,6.496,26.109,97.062,-0.7,-0.027,97.062,-2.773,3.4,1.526,-2.773,-5.777,5.2,-0.913,-5.789,-42.000,45.7,-6.613,-42.094,-99.875,0.4,-0.014,-99.875,0.000,0.0,0.000,0.000,0.000,0.0,0.000,0.000
0.0840,3.775,7.9,-3.094,3.760,3.941,-6.3,0.731,3.961,25.938,-44.5,6.473,26.016,97.062,-1.4,0.018,97.062,-2.781,0.4,1.542,-2.773,-5.770,2.9,-0.867,-5.777,-41.906,40.2,-6.703,-42.000,-99.875,-1.1,0.011,-99.875,0.000,0.0,0.000,0.000,0.000,0.0,0.000,0.000
0.0860,3.795,8.8,-3.020,3.775,3.932,-6.1,0.707,3.941,25.859,-37.4,6.508,25.938,97.062,3.3,0.027,97.062,-2.787,-2.3,1.430,-2.781,-5.758,3.6,-0.883,-5.770,-41.812,43.8,-6.672,-41.906,-99.812,4.3,0.015,-99.875,0.000,0.0,0.000,0.000,0.000,0.0,0.000,0.000
0.0880,3.803,6.7,-2.756,3.795,3.926,-4.8,0.748,3.932,25.781,-38.3,6.359,25.859,97.062,-1.3,0.001,97.062,-2.783,-0.7,1.465,-2.787,-5.746,5.0,-0.869,-5.758,-41.750,39.2,-6.773,-41.812,-99.875,-0.4,-0.031,-99.812,0.000,0.0,0.000,0.000,0.000,0.0,0.000,0.000
0.0900,3.803,2.1,-2.477,3.803,3.916,-5.7,0.758,3.926,25.703,-38.1,6.570,25.781,97.062,-0.5,-0.050,97.062,-2.787,-3.0,1.406,-2.783,-5.746,0.6,-0.859,-5.746,-41.688,35.3,-6.652,-41.750,-99.875,-1.0,-0.039,-99.875,0.000,0.0,0.000,0.000,0.000,0.0,0.000,0.000
0.0920,3.818,5.3,-2.531,3.803,3.904,-7.0,0.711,3.916,25.609,-39.8,6.602,25.703,97.062,-0.5,-0.048,97.062,-2.781,-1.1,1.517,-2.787,-5.723,8.1,-0.818,-5.746,-41.594,34.6,-6.773,-41.688,-99.875,0.1,-0.019,-99.875,0.000,0.0,0.000,0.000,0.000,0.0,0.000,0.000
0.0941,3.818,0.9,-2.516,3.818,3.906,-1.3,0.771,3.904,25.547,-38.9,6.734,25.609,97.062,-1.8,-0.012,97.062,-2.787,-2.8,1.400,-2.781,-5.719,5.4,-0.956,-5.723,-41.531,33.2,-6.746,-41.594,-99.875,1.5,0.041,-99.875,0.000,0.0,0.000,0.000,0.000,0.0,0.000,0.000
0.0961,3.828,2.5,-2.410,3.818,3.891,-4.9,0.666,3.906,25.484,-31.5,6.590,25.547,97.062,2.8,-0.024,97.062,-2.787,-2.4,1.505,-2.787,-5.719,1.4,-0.876,-5.719,-41.469,29.7,-6.520,-41.531,-99.875,-1.6,0.026,-99.875,0.000,0.0,0.000,0.000,0.000,0.0,0.000,0.000
0.0981,3.844,6.7,-2.367,3.828,3.889,-2.7,0.762,3.891,25.406,-36.6,6.480,25.484,97.062,3.3,0.002,97.062,-2.789,-4.3,1.416,-2.787,-5.695,8.1,-0.823,-5.719,-41.438,26.8,-6.645,-41.469,-99.875,-1.0,0.068,-99.875,0.000,0.0,0.000,0.000,0.000,0.0,0.000,0.000
0.1000,3.844,3.9,-2.434,3.844,3.889,0.6,0.790,3.889,25.344,-33.8,6.520,25.406,97.062,-1.9,-0.026,97.062,-2.783,-1.1,1.654,-2.789,-5.691,5.3,-0.966,-5.695,-41.375,29.0,-6.816,-41.438,-99.875,-1.3,0.021,-99.875,0.000,0.0,0.000,0.000,0.000,0.0,0.000,0.000
0.1020,3.844,1.0,-2.311,3.844,3.873,-2.5,0.795,3.889,25.297,-25.9,6.422,25.344,97.062,-1.3,-0.025,97.062,-2.787,-3.7,1.316,-2.783,-5.684,6.1,-0.889,-5.691,-41.312,30.2,-6.680,-41.375,-99.875,0.5,0.006,-99.875,0.000,0.0,0.000,0.000,0.000,0.0,0.000,0.000
0.1040,3.857,4.6,-2.400,3.844,3.865,-1.9,0.793,3.873,25.234,-28.6,6.438,25.297,97.062,3.1,0.003,97.062,-2.787,-2.7,1.508,-2.787,-5.680,3.3,-0.847,-5.684,-41.250,27.0,-6.715,-41.312,-99.875,-2.5,-0.019,-99.875,0.000,0.0,0.000,0.000,0.000,0.0,0.000,0.000
0.1060,3.857,3.0,-2.357,3.857,3.850,-5.7,0.850,3.865,25.188,-29.0,6.422,25.234,97.062,0.5,-0.024,97.062,-2.783,-1.6,1.367,-2.787,-5.668,4.8,-0.878,-5.680,-41.219,25.6,-6.656,-41.250,-99.875,2.2,0.041,-99.875,0.000,0.0,0.000,0.000,0.000,0.0,0.000,0.000
0.1080,3.854,0.8,-2.021,3.857,3.848,-3.6,0.729,3.850,25.141,-25.1,6.660,25.188,97.062,-2.0,-0.000,97.062,-2.773,2.9,1.578,-2.783,-5.660,2.7,-1.003,-5.668,-41.156,25.2,-6.555,-41.219,-99.875,-2.1,0.010,-99.875,0.000,0.0,0.000,0.000,0.000,0.0,0.000,0.000
0.1100,3.859,2.3,-2.428,3.854,3.842,-1.7,0.879,3.848,25.094,-24.7,6.523,25.141,97.062,-0.7,-0.095,97.062,-2.787,-3.6,1.348,-2.773,-5.660,-0.8,-0.967,-5.660,-41.125,22.2,-6.559,-41.156,-99.875,-5.0,0.041,-99.875,0.000,0.0,0.000,0.000,0.000,0.0,0.000,0.000
0.1120,3.863,2.0,-2.328,3.859,3.822,-8.1,0.818,3.842,25.031,-25.6,6.605,25.094,97.062,0.8,-0.005,97.062,-2.787,-3.5,1.382,-2.787,-5.645,3.5,-0.871,-5.660,-41.094,17.1,-6.629,-41.125,-99.875,-0.4,0.056,-99.875,0.000,0.0,0.000,0.000,0.000,0.0,0.000,0.000
0.1140,3.865,2.1,-2.344,3.863,3.832,-0.1,0.720,3.822,25.000,-21.6,6.441,25.031,97.062,-0.3,-0.015,97.062,-2.783,-1.5,1.442,-2.787,-5.641,1.0,-0.946,-5.645,-41.031,22.9,-6.586,-41.094,-99.875,1.4,0.046,-99.875,0.000,0.0,0.000,0.000,0.000,0.0,0.000,0.000
0.1160,3.873,4.2,-2.256,3.865,3.822,-2.0,0.583,3.832,24.953,-20.1,6.414,25.000,97.062,2.4,-0.083,97.062,-2.781,0.0,1.559,-2.783,-5.629,4.0,-0.814,-5.641,-41.000,19.9,-6.609,-41.031,-99.875,1.0,0.015,-99.875,0.000,0.0,0.000,0.000,0.000,0.0,0.000,0.000
0.1180,3.873,2.8,-2.262,3.873,3.807,-5.4,0.779,3.822,24.906,-21.4,6.469,24.953,97.062,0.8,-0.039,97.062,-2.781,-0.7,1.421,-2.781,-5.629,1.7,-0.750,-5.629,-40.969,16.2,-6.672,-41.000,-99.875,2.4,0.043,-99.875,0.000,0.0,0.000,0.000,0.000,0.0,0.000,0.000
0.1201,3.865,-3.1,-2.551,3.873,3.807,-1.9,0.862,3.807,24.891,-15.9,6.422,24.906,97.062,-2.4,-0.053,97.062,-2.783,-2.4,1.545,-2.781,-5.625,1.1,-0.723,-5.629,-40.906,20.4,-6.746,-40.969,-99.875,-1.1,0.024,-99.875,0.000,0.0,0.000,0.000,0.000,0.0,0.000,0.000
0.1223,3.885,2.9,-2.289,3.865,3.797,-2.9,0.678,3.807,24.828,-16.2,6.453,24.891,97.062,-2.4,-0.046,97.062,-2.781,0.4,1.741,-2.783,-5.621,0.1,-0.851,-5.625,-40.875,15.7,-6.715,-40.906,-99.875,-2.9,0.070,-99.875,0.000,0.0,0.000,0.000,0.000,0.0,0.000,0.000
0.1246,3.889,2.6,-2.598,3.885,3.795,-3.4,0.692,3.797,24.812,-18.6,6.398,24.828,97.062,-2.0,-0.012,97.062,-2.787,-3.1,1.423,-2.781,-5.609,3.5,-0.860,-5.621,-40.844,15.0,-6.672,-40.875,-99.875,-0.3,-0.004,-99.875,0.000,0.0,0.000,0.000,0.000,0.0,0.000,0.000
0.1268,3.900,4.1,-2.666,3.889,3.801,2.1,0.658,3.795,24.766,-17.6,6.340,24.812,97.062,0.8,-0.014,97.062,-2.773,3.0,1.548,-2.787,-5.613,-0.1,-0.852,-5.609,-40.812,16.9,-6.559,-40.844,-99.875,0.4,-0.032,-99.875,0.000,0.0,0.000,0.000,0.000,0.0,0.000,0.000
0.1284,3.900,3.1,-2.404,3.900,3.791,-2.1,0.579,3.801,24.750,-16.8,6.309,24.766,97.062,2.4,-0.024,97.062,-2.783,-1.9,1.433,-2.773,-5.605,3.3,-0.825,-5.613,-40.812,13.0,-6.562,-40.812,-99.875,0.7,0.060,-99.875,0.000,0.0,0.000,0.000,0.000,0.0,0.000,0.000
0.1300,3.900,0.1,-2.443,3.900,3.795,0.3,0.657,3.791,24.734,-13.8,6.461,24.750,97.062,-0.4,-0.028,97.062,-2.777,0.3,1.273,-2.783,-5.609,-0.4,-0.827,-5.605,-40.781,13.4,-6.598,-40.812,-99.875,-3.6,0.007,-99.875,0.000,0.0,0.000,0.000,0.000,0.0,0.000,0.000
0.1320,3.910,2.5,-2.379,3.900,3.791,0.1,0.688,3.795,24.719,-10.8,6.402,24.734,97.062,-2.0,-0.062,97.062,-2.781,-1.0,1.473,-2.777,-5.605,-0.3,-0.773,-5.609,-40.750,9.6,-6.512,-40.781,-99.875,2.7,0.019,-99.875,0.000,0.0,0.000,0.000,0.000,0.0,0.000,0.000
0.1340,3.914,1.6,-2.488,3.910,3.787,-0.9,0.561,3.791,24.688,-13.6,6.281,24.719,97.062,3.3,-0.084,97.062,-2.783,-3.2,1.430,-2.781,-5.605,-1.0,-0.821,-5.605,-40.719,12.6,-6.301,-40.750,-99.875,-0.6,0.006,-99.875,0.000,0.0,0.000,0.000,0.000,0.0,0.000,0.000
0.1360,3.920,2.0,-2.514,3.914,3.781,-2.2,0.550,3.787,24.672,-11.8,6.316,24.688,97.062,-0.8,-0.047,97.062,-2.783,-1.8,1.614,-2.783,-5.605,-1.3,-0.723,-5.605,-40.719,6.9,-6.156,-40.719,-99.812,4.9,0.047,-99.875,0.000,0.0,0.000,0.000,0.000,0.0,0.000,0.000
0.1380,3.926,4.1,-2.289,3.920,3.781,-1.4,0.628,3.781,24.656,-9.0,6.258,24.672,97.062,-3.2,-0.051,97.062,-2.781,-0.4,1.449,-2.783,-5.605,-1.1,-0.642,-5.605,-40.719,7.6,-6.359,-40.719,-99.875,-1.4,0.042,-99.812,0.000,0.0,0.000,0.000,0.000,0.0,0.000,0.000
0.1400,3.922,1.6,-2.404,3.926,3.781,-1.2,0.650,3.781,24.625,-9.1,6.438,24.656,97.062,-1.7,-0.052,97.062,-2.781,0.1,1.605,-2.781,-5.602,-0.8,-0.780,-5.605,-40.688,6.6,-6.148,-40.719,-99.875,-3.5,-0.021,-99.875,0.000,0.0,0.000,0.000,0.000,0.0,0.000,0.000
0.1420,3.920,-0.1,-2.396,3.922,3.785,0.6,0.594,3.781,24.609,-8.0,6.215,24.625,97.062,-2.3,-0.006,97.062,-2.781,-0.3,1.563,-2.781,-5.605,-2.1,-0.739,-5.602,-40.688,7.3,-6.188,-40.688,-99.875,1.8,0.077,-99.875,0.000,0.0,0.000,0.000,0.000,0.0,0.000,0.000
0.1440,3.930,2.7,-2.369,3.920,3.785,0.7,0.563,3.785,24.609,-8.1,6.121,24.609,97.062,2.0,-0.039,97.062,-2.781,-0.8,1.519,-2.781,-5.594,3.8,-0.727,-5.605,-40.688,6.0,-6.062,-40.688,-99.875,1.9,0.047,-99.875,0.000,0.0,0.000,0.000,0.000,0.0,0.000,0.000
0.1460,3.936,4.1,-2.344,3.930,3.785,1.3,0.619,3.785,24.594,-4.1,6.281,24.609,97.062,-0.5,-0.099,97.062,-2.773,1.4,1.543,-2.781,-5.594,3.0,-0.752,-5.594,-40.656,7.6,-6.148,-40.688,-99.875,0.3,0.062,-99.875,0.000,0.0,0.000,0.000,0.000,0.0,0.000,0.000
0.1481,3.936,2.9,-2.377,3.936,3.787,2.1,0.505,3.785,24.578,-7.7,6.219,24.594,97.062,-3.0,-0.062,97.062,-2.781,-0.9,1.559,-2.773,-5.594,1.7,-0.795,-5.594,-40.688,1.0,-6.004,-40.656,-99.875,0.6,0.049,-99.875,0.000,0.0,0.000,0.000,0.000,0.0,0.000,0.000
0.1500,3.938,3.2,-2.389,3.936,3.795,5.3,0.625,3.787,24.562,-4.6,6.129,24.578,97.062,0.8,-0.078,97.062,-2.781,-0.2,1.706,-2.781,-5.590,3.3,-0.719,-5.594,-40.656,0.7,-6.223,-40.688,-99.875,2.3,0.037,-99.875,0.000,0.0,0.000,0.000,0.000,0.0,0.000,0.000
0.1520,3.936,-0.3,-2.385,3.938,3.785,0.4,0.589,3.795,24.562,-3.0,6.246,24.562,97.062,-4.2,-0.053,97.062,-2.768,4.7,1.408,-2.781,-5.586,4.3,-0.764,-5.590,-40.656,2.2,-6.008,-40.656,-99.875,1.0,0.067,-99.875,0.000,0.0,0.000,0.000,0.000,0.0,0.000,0.000
0.1540,3.945,2.5,-2.432,3.936,3.781,-1.2,0.523,3.785,24.547,-3.6,6.160,24.562,97.062,0.3,-0.042,97.062,-2.781,-2.0,1.486,-2.768,-5.586,3.4,-0.803,-5.586,-40.656,1.2,-6.020,-40.656,-99.875,-0.4,0.042,-99.875,0.000,0.0,0.000,0.000,0.000,0.0,0.000,0.000
0.1560,3.938,-1.3,-2.516,3.945,3.771,-5.7,0.559,3.781,24.531,-8.3,6.125,24.547,97.062,-2.9,-0.046,97.062,-2.773,2.2,1.576,-2.781,-5.594,-0.1,-0.729,-5.586,-40.656,4.2,-5.969,-40.656,-99.875,1.0,0.046,-99.875,0.000,0.0,0.000,0.000,0.000,0.0,0.000,0.000
0.1580,3.938,-1.6,-2.363,3.938,3.787,1.5,0.488,3.771,24.531,-1.1,6.039,24.531,97.062,2.6,0.006,97.062,-2.781,-1.7,1.442,-2.773,-5.594,-0.9,-0.758,-5.594,-40.656,0.7,-6.020,-40.656,-99.875,2.1,0.057,-99.875,0.000,0.0,0.000,0.000,0.000,0.0,0.000,0.000
0.1600,3.945,0.4,-2.332,3.938,3.779,-2.5,0.601,3.787,24.531,-4.3,6.141,24.531,97.062,2.2,-0.044,97.062,-2.783,-2.6,1.460,-2.781,-5.586,0.9,-0.816,-5.594,-40.656,-0.4,-5.805,-40.656,-99.875,-0.1,0.006,-99.875,0.000,0.0,0.000,0.000,0.000,0.0,0.000,0.000
0.1620,3.951,2.0,-2.400,3.945,3.785,0.0,0.506,3.779,24.531,0.9,6.012,24.531,97.062,1.3,-0.103,97.062,-2.777,0.3,1.520,-2.783,-5.582,1.9,-0.746,-5.586,-40.656,-3.7,-5.953,-40.656,-99.875,-1.7,0.038,-99.875,0.000,0.0,0.000,0.000,0.000,0.0,0.000,0.000
0.1640,3.945,-2.0,-2.322,3.951,3.787,1.4,0.625,3.785,24.516,-1.5,6.117,24.531,97.062,-0.3,-0.036,97.062,-2.777,1.0,1.541,-2.777,-5.586,-0.2,-0.751,-5.582,-40.656,-1.7,-5.945,-40.656,-99.875,-2.2,0.090,-99.875,0.000,0.0,0.000,0.000,0.000,0.0,0.000,0.000
0.1660,3.951,1.0,-2.246,3.945,3.785,-0.5,0.637,3.787,24.531,1.5,5.812,24.516,97.062,2.1,-0.065,97.062,-2.773,2.7,1.604,-2.777,-5.590,-1.3,-0.694,-5.586,-40.656,1.7,-5.910,-40.656,-99.875,0.0,0.060,-99.875,0.000,0.0,0.000,0.000,0.000,0.0,0.000,0.000
0.1680,3.951,0.9,-2.250,3.951,3.781,-1.9,0.578,3.785,24.516,-0.1,5.961,24.531,97.062,-0.1,-0.066,97.062,-2.781,-0.5,1.499,-2.773,-5.594,-2.6,-0.728,-5.590,-40.656,0.5,-5.902,-40.656,-99.875,2.3,0.057,-99.875,0.000,0.0,0.000,0.000,0.000,0.0,0.000,0.000
0.1700,3.957,2.7,-2.416,3.951,3.781,-1.8,0.594,3.781,24.516,-1.6,5.941,24.516,97.062,1.3,-0.063,97.062,-2.781,-1.1,1.445,-2.781,-5.578,2.7,-0.771,-5.594,-40.688,-4.7,-5.816,-40.656,-99.875,-3.1,0.048,-99.875,0.000,0.0,0.000,0.000,0.000,0.0,0.000,0.000
0.1720,3.951,-0.5,-2.338,3.957,3.787,0.3,0.437,3.781,24.516,2.1,5.949,24.516,97.062,1.2,-0.072,97.062,-2.781,-1.0,1.589,-2.781,-5.586,0.1,-0.704,-5.578,-40.656,-1.7,-6.004,-40.688,-99.875,0.4,0.060,-99.875,0.000,0.0,0.000,0.000,0.000,0.0,0.000,0.000
0.1740,3.951,-0.4,-2.445,3.951,3.787,0.1,0.454,3.787,24.500,-4.8,5.941,24.516,97.062,-2.6,-0.075,97.062,-2.787,-4.6,1.343,-2.781,-5.570,6.5,-0.818,-5.586,-40.656,-1.8,-5.852,-40.656,-99.875,2.2,0.127,-99.875,0.000,0.0,0.000,0.000,0.000,0.0,0.000,0.000
0.1760,3.947,-1.6,-2.193,3.951,3.795,2.2,0.628,3.787,24.516,2.0,5.852,24.500,97.062,-2.4,-0.068,97.062,-2.789,-5.5,1.498,-2.787,-5.590,-2.7,-0.770,-5.570,-40.656,-0.7,-5.965,-40.656,-99.875,0.3,0.054,-99.875,0.000,0.0,0.000,0.000,0.000,0.0,0.000,0.000
0.1781,3.951,-0.1,-2.260,3.947,3.795,1.8,0.540,3.795,24.516,0.6,5.945,24.516,97.062,-2.0,-0.116,97.062,-2.787,-3.5,1.534,-2.789,-5.586,-1.0,-0.744,-5.590,-40.656,2.1,-5.902,-40.656,-99.875,-1.4,0.066,-99.875,0.000,0.0,0.000,0.000,0.000,0.0,0.000,0.000
0.1801,3.957,2.8,-2.406,3.951,3.791,0.7,0.601,3.795,24.516,-0.5,6.047,24.516,97.062,1.3,-0.095,97.062,-2.789,-3.7,1.633,-2.787,-5.594,-4.6,-0.640,-5.586,-40.656,2.5,-5.840,-40.656,-99.875,-2.3,0.084,-99.875,0.000,0.0,0.000,0.000,0.000,0.0,0.000,0.000
0.1822,3.951,-0.1,-2.316,3.957,3.791,0.5,0.615,3.791,24.516,0.8,5.980,24.516,97.062,-2.4,-0.086,97.062,-2.773,3.6,1.545,-2.789,-5.582,1.7,-0.645,-5.594,-40.688,-5.0,-6.016,-40.656,-99.875,-0.6,0.079,-99.875,0.000,0.0,0.000,0.000,0.000,0.0,0.000,0.000
0.1840,3.947,-1.7,-2.359,3.951,3.797,2.8,0.585,3.791,24.516,0.7,5.898,24.516,97.062,0.9,-0.101,97.062,-2.781,-0.2,1.509,-2.773,-5.582,0.7,-0.758,-5.582,-40.656,0.5,-5.879,-40.688,-99.875,-0.8,0.055,-99.875,0.000,0.0,0.000,0.000,0.000,0.0,0.000,0.000
0.1860,3.951,-0.3,-2.445,3.947,3.791,-0.9,0.431,3.797,24.516,1.8,5.961,24.516,97.062,-2.2,-0.076,97.062,-2.781,-0.9,1.409,-2.781,-5.586,-0.6,-0.736,-5.582,-40.656,1.2,-5.902,-40.656,-99.875,-1.0,0.064,-99.875,0.000,0.0,0.000,0.000,0.000,0.0,0.000,0.000
0.1880,3.945,-2.6,-2.393,3.951,3.791,-0.1,0.628,3.791,24.516,2.4,5.902,24.516,97.062,0.4,-0.078,97.062,-2.771,3.5,1.505,-2.781,-5.586,-0.6,-0.763,-5.586,-40.656,0.0,-5.988,-40.656,-99.875,-1.7,0.042,-99.875,0.000,0.0,0.000,0.000,0.000,0.0,0.000,0.000
0.1900,3.945,-2.6,-2.385,3.945,3.791,0.1,0.562,3.791,24.516,-1.2,5.953,24.516,97.062,-1.1,-0.108,97.062,-2.783,-2.7,1.474,-2.771,-5.578,3.6,-0.820,-5.586,-40.688,-4.8,-5.977,-40.656,-99.875,-3.0,0.103,-99.875,0.000,0.0,0.000,0.000,0.000,0.0,0.000,0.000
0.1920,3.947,-0.9,-2.316,3.945,3.787,-1.8,0.453,3.791,24.516,0.1,6.016,24.516,97.062,1.3,-0.082,97.062,-2.781,-1.4,1.457,-2.783,-5.582,0.7,-0.653,-5.578,-40.656,-0.2,-5.934,-40.688,-99.875,0.9,0.148,-99.875,0.000,0.0,0.000,0.000,0.000,0.0,0.000,0.000
0.1940,3.941,-4.2,-2.289,3.947,3.795,0.5,0.499,3.787,24.516,-2.6,5.879,24.516,97.062,-3.1,-0.101,97.062,-2.781,-0.3,1.613,-2.781,-5.578,2.3,-0.700,-5.582,-40.656,3.1,-5.926,-40.656,-99.875,0.8,0.077,-99.875,0.000,0.0,0.000,0.000,0.000,0.0,0.000,0.000
0.1960,3.947,-1.0,-2.395,3.941,3.785,-3.2,0.611,3.795,24.516,-0.9,5.941,24.516,97.062,1.9,-0.086,97.062,-2.781,-0.3,1.361,-2.781,-5.582,0.6,-0.743,-5.578,-40.688,-2.5,-5.988,-40.656,-99.875,-2.3,0.094,-99.875,0.000,0.0,0.000,0.000,0.000,0.0,0.000,0.000
0.1980,3.957,3.6,-2.336,3.947,3.791,0.9,0.636,3.785,24.516,-2.7,5.973,24.516,97.062,-1.0,-0.117,97.062,-2.773,2.5,1.426,-2.781,-5.582,0.5,-0.769,-5.582,-40.656,3.9,-5.945,-40.688,-99.875,0.7,0.026,-99.875,0.000,0.0,0.000,0.000,0.000,0.0,0.000,0.000
0.2001,3.951,0.0,-2.426,3.957,3.801,5.5,0.523,3.791,24.516,-1.5,5.914,24.516,97.062,-3.0,-0.102,97.062,-2.783,-3.4,1.339,-2.773,-5.590,-3.2,-0.742,-5.582,-40.688,-3.4,-5.930,-40.656,-99.875,0.8,0.063,-99.875,0.000,0.0,0.000,0.000,0.000,0.0,0.000,0.000
0.2023,3.941,-4.1,-2.311,3.951,3.785,-1.6,0.677,3.801,24.516,0.4,6.047,24.516,97.062,-0.3,-0.122,97.062,-2.783,-1.9,1.580,-2.783,-5.582,-0.8,-0.821,-5.590,-40.656,0.7,-6.016,-40.688,-99.875,-1.0,0.129,-99.875,0.000,0.0,0.000,0.000,0.000,0.0,0.000,0.000
0.2043,3.947,-0.8,-2.285,3.941,3.791,0.8,0.552,3.785,24.516,3.1,5.930,24.516,97.062,-3.0,-0.109,97.062,-2.777,0.6,1.393,-2.783,-5.578,1.4,-0.875,-5.582,-40.656,0.4,-5.988,-40.656,-99.875,-2.3,0.099,-99.875,0.000,0.0,0.000,0.000,0.000,0.0,0.000,0.000
0.2063,3.947,-1.5,-2.389,3.947,3.791,1.4,0.657,3.791,24.516,-0.3,5.973,24.516,97.062,2.4,-0.055,97.062,-2.783,-1.9,1.535,-2.777,-5.578,-0.4,-0.721,-5.578,-40.688,-3.5,-5.969,-40.656,-99.875,0.1,0.073,-99.875,0.000,0.0,0.000,0.000,0.000,0.0,0.000,0.000
0.2080,3.947,-1.8,-2.467,3.947,3.787,-1.0,0.510,3.791,24.516,-1.5,5.883,24.516,97.062,-0.6,-0.108,97.062,-2.777,0.3,1.459,-2.783,-5.578,-0.6,-0.753,-5.578,-40.656,1.7,-5.898,-40.688,-99.875,-1.4,0.090,-99.875,0.000,0.0,0.000,0.000,0.000,0.0,0.000,0.000
0.2100,3.947,-2.2,-2.557,3.947,3.795,2.9,0.717,3.787,24.516,-3.5,5.941,24.516,97.062,0.9,-0.061,97.062,-2.781,-0.6,1.736,-2.777,-5.574,2.5,-0.686,-5.578,-40.688,-0.8,-5.945,-40.656,-99.812,3.4,0.136,-99.875,0.000,0.0,0.000,0.000,0.000,0.0,0.000,0.000
0.2120,3.947,-1.8,-2.404,3.947,3.791,1.6,0.580,3.795,24.516,0.2,6.055,24.516,97.062,-2.7,-0.111,97.062,-2.781,-0.5,1.470,-2.781,-5.574,2.5,-0.717,-5.574,-40.688,-3.3,-5.875,-40.688,-99.875,-0.1,0.135,-99.812,0.000,0.0,0.000,0.000,0.000,0.0,0.000,0.000
0.2140,3.953,1.0,-2.387,3.947,3.785,-0.7,0.582,3.791,24.516,2.0,6.043,24.516,97.062,-4.4,-0.061,97.062,-2.781,-1.0,1.502,-2.781,-5.574,1.5,-0.863,-5.574,-40.656,0.9,-5.984,-40.688,-99.875,1.8,0.131,-99.875,0.000,0.0,0.000,0.000,0.000,0.0,0.000,0.000
0.2160,3.957,2.5,-2.090,3.953,3.795,4.0,0.702,3.785,24.516,-2.4,5.938,24.516,97.062,4.2,-0.142,97.062,-2.773,2.1,1.594,-2.781,-5.570,2.0,-0.807,-5.574,-40.656,2.4,-5.957,-40.656,-99.875,-1.6,0.145,-99.875,0.000,0.0,0.000,0.000,0.000,0.0,0.000,0.000
0.2180,3.957,2.1,-2.271,3.957,3.787,0.7,0.616,3.795,24.516,-1.8,6.023,24.516,97.062,-2.4,-0.172,97.062,-2.781,-1.4,1.457,-2.773,-5.578,-2.2,-0.812,-5.570,-40.656,0.2,-5.977,-40.656,-99.875,1.7,0.149,-99.875,0.000,0.0,0.000,0.000,0.000,0.0,0.000,0.000
0.2200,3.953,0.4,-2.346,3.957,3.787,1.4,0.630,3.787,24.531,3.9,6.027,24.516,97.062,0.1,-0.080,97.062,-2.768,5.4,1.733,-2.781,-5.574,-0.4,-0.733,-5.578,-40.688,-0.5,-6.023,-40.656,-99.875,1.8,0.126,-99.875,0.000,0.0,0.000,0.000,0.000,0.0,0.000,0.000
0.2220,3.957,1.5,-2.451,3.953,3.795,4.5,0.727,3.787,24.516,-0.5,6.039,24.531,97.062,1.1,-0.154,97.062,-2.773,2.0,1.461,-2.768,-5.566,1.7,-0.792,-5.574,-40.688,-2.0,-6.133,-40.688,-99.875,0.0,0.141,-99.875,0.000,0.0,0.000,0.000,0.000,0.0,0.000,0.000
0.2240,3.951,-2.2,-2.420,3.957,3.779,-2.9,0.597,3.795,24.516,0.8,5.891,24.516,97.062,2.8,-0.117,97.062,-2.771,2.6,1.439,-2.773,-5.562,2.4,-0.760,-5.566,-40.688,-0.2,-5.906,-40.688,-99.875,-0.7,0.091,-99.875,0.000,0.0,0.000,0.000,0.000,0.0,0.000,0.000
0.2260,3.951,-2.0,-2.297,3.951,3.785,0.8,0.691,3.779,24.516,-0.5,6.098,24.516,97.062,-3.0,-0.111,97.062,-2.777,0.4,1.610,-2.771,-5.566,-0.2,-0.818,-5.562,-40.688,0.6,-5.945,-40.688,-99.875,-4.6,0.113,-99.875,0.000,0.0,0.000,0.000,0.000,0.0,0.000,0.000
0.2282,3.963,4.3,-2.215,3.951,3.781,-0.2,0.595,3.785,24.516,2.9,6.094,24.516,97.062,-0.5,-0.127,97.062,-2.783,-2.7,1.529,-2.777,-5.566,-0.2,-0.759,-5.566,-40.656,1.2,-6.031,-40.688,-99.875,-2.7,0.101,-99.875,0.000,0.0,0.000,0.000,0.000,0.0,0.000,0.000
0.2303,3.947,-3.2,-2.227,3.963,3.779,-1.6,0.665,3.781,24.516,-0.0,5.930,24.516,97.062,1.8,-0.111,97.062,-2.783,-2.8,1.560,-2.783,-5.562,2.9,-0.789,-5.566,-40.656,3.8,-5.883,-40.656,-99.875,-2.9,0.161,-99.875,0.000,0.0,0.000,0.000,0.000,0.0,0.000,0.000
0.2324,3.963,5.1,-2.105,3.947,3.781,0.4,0.597,3.779,24.516,-0.3,5.914,24.516,97.062,-3.0,-0.146,97.062,-2.781,-0.4,1.600,-2.783,-5.562,1.8,-0.858,-5.562,-40.656,1.4,-6.062,-40.656,-99.875,-1.4,0.152,-99.875,0.000,0.0,0.000,0.000,0.000,0.0,0.000,0.000
0.2345,3.961,3.2,-2.311,3.963,3.785,1.9,0.680,3.781,24.516,-3.2,5.918,24.516,97.062,0.4,-0.149,97.062,-2.773,2.0,1.511,-2.781,-5.562,-0.8,-0.793,-5.562,-40.656,2.0,-6.008,-40.656,-99.875,1.2,0.098,-99.875,0.000,0.0,0.000,0.000,0.000,0.0,0.000,0.000
0.2360,3.953,-0.8,-2.379,3.961,3.779,-1.5,0.592,3.785,24.516,0.8,5.945,24.516,97.062,-4.1,-0.141,97.062,-2.773,1.8,1.588,-2.773,-5.555,3.1,-0.803,-5.562,-40.688,-1.7,-5.895,-40.656,-99.875,-0.4,0.101,-99.875,0.000,0.0,0.000,0.000,0.000,0.0,0.000,0.000
0.2380,3.961,2.6,-2.238,3.953,3.775,-2.5,0.586,3.779,24.516,0.9,6.062,24.516,97.062,2.5,-0.129,97.062,-2.773,1.4,1.516,-2.773,-5.559,1.4,-0.791,-5.555,-40.656,3.8,-5.961,-40.688,-99.875,-0.6,0.130,-99.875,0.000,0.0,0.000,0.000,0.000,0.0,0.000,0.000
0.2400,3.961,2.1,-2.434,3.961,3.775,-2.0,0.564,3.775,24.516,2.5,6.027,24.516,97.062,-3.5,-0.109,97.062,-2.781,-1.7,1.407,-2.773,-5.562,-1.9,-0.745,-5.559,-40.656,1.5,-5.996,-40.656,-99.875,-1.8,0.106,-99.875,0.000,0.0,0.000,0.000,0.000,0.0,0.000,0.000
0.2420,3.951,-1.6,-2.254,3.961,3.787,3.8,0.624,3.775,24.516,-2.7,5.977,24.516,97.062,-0.3,-0.125,97.062,-2.787,-3.5,1.677,-2.781,-5.562,-1.2,-0.804,-5.562,-40.656,3.7,-5.996,-40.656,-99.812,3.1,0.147,-99.875,0.000,0.0,0.000,0.000,0.000,0.0,0.000,0.000
0.2440,3.953,0.3,-2.268,3.951,3.785,3.1,0.645,3.787,24.516,-2.5,5.918,24.516,97.062,-1.3,-0.127,97.062,-2.771,3.9,1.599,-2.787,-5.559,0.4,-0.756,-5.562,-40.688,-1.3,-5.945,-40.656,-99.875,0.3,0.150,-99.812,0.000,0.0,0.000,0.000,0.000,0.0,0.000,0.000
0.2460,3.953,-0.3,-2.346,3.953,3.779,1.2,0.768,3.785,24.516,-1.2,6.125,24.516,97.062,-0.4,-0.212,97.062,-2.773,1.9,1.646,-2.771,-5.559,-0.4,-0.810,-5.559,-40.688,2.5,-6.000,-40.688,-99.875,1.7,0.124,-99.875,0.000,0.0,0.000,0.000,0.000,0.0,0.000,0.000
0.2480,3.947,-3.2,-2.438,3.953,3.785,2.9,0.615,3.779,24.516,-0.6,6.125,24.516,97.062,1.9,-0.105,97.062,-2.773,1.1,1.484,-2.773,-5.559,-1.7,-0.895,-5.559,-40.656,2.9,-6.000,-40.688,-99.875,-2.4,0.181,-99.875,0.000,0.0,0.000,0.000,0.000,0.0,0.000,0.000
0.2500,3.951,-2.0,-2.369,3.947,3.771,-2.2,0.701,3.785,24.516,0.1,6.188,24.516,97.062,0.7,-0.141,97.062,-2.773,2.0,1.641,-2.773,-5.547,2.8,-0.814,-5.559,-40.688,1.7,-6.098,-40.656,-99.812,4.5,0.132,-99.875,0.000,0.0,0.000,0.000,0.000,0.0,0.000,0.000
0.2520,3.951,-1.7,-2.301,3.951,3.771,-1.4,0.609,3.771,24.516,1.4,5.992,24.516,97.062,-0.4,-0.146,97.062,-2.793,-6.4,1.482,-2.773,-5.555,-0.7,-0.785,-5.547,-40.688,-2.3,-6.164,-40.688,-99.875,0.8,0.086,-99.812,0.000,0.0,0.000,0.000,0.000,0.0,0.000,0.000
0.2540,3.957,1.5,-2.355,3.951,3.771,-1.0,0.570,3.771,24.531,2.5,5.906,24.516,97.062,-0.2,-0.124,97.062,-2.777,0.4,1.430,-2.793,-5.555,-0.4,-0.707,-5.555,-40.656,2.0,-6.082,-40.688,-99.875,-2.3,0.147,-99.875,0.000,0.0,0.000,0.000,0.000,0.0,0.000,0.000
0.2561,3.951,-1.4,-2.424,3.957,3.775,1.0,0.682,3.771,24.516,0.7,6.207,24.531,97.062,0.3,-0.140,97.062,-2.777,1.1,1.726,-2.777,-5.555,-0.4,-0.790,-5.555,-40.688,-0.3,-6.035,-40.656,-99.875,-0.2,0.095,-99.875,0.000,0.0,0.000,0.000,0.000,0.0,0.000,0.000
0.2580,3.957,0.8,-2.391,3.951,3.771,-0.4,0.632,3.775,24.516,0.7,6.141,24.516,97.062,1.1,-0.133,97.062,-2.768,3.6,1.348,-2.777,-5.547,3.0,-0.854,-5.555,-40.688,0.6,-6.141,-40.688,-99.812,1.6,0.171,-99.875,0.000,0.0,0.000,0.000,0.000,0.0,0.000,0.000
0.2602,3.947,-2.2,-2.139,3.957,3.779,2.1,0.607,3.771,24.516,-2.1,6.066,24.516,97.062,-0.7,-0.158,97.062,-2.777,0.2,1.569,-2.768,-5.547,1.9,-0.733,-5.547,-40.688,-4.6,-6.043,-40.688,-99.875,-1.9,0.089,-99.812,0.000,0.0,0.000,0.000,0.000,0.0,0.000,0.000
0.2626,3.951,-0.5,-2.172,3.947,3.770,-1.7,0.677,3.779,24.516,0.2,5.953,24.516,97.062,-0.1,-0.161,97.062,-2.781,-0.8,1.667,-2.777,-5.555,-1.6,-0.809,-5.547,-40.688,-0.1,-6.137,-40.688,-99.812,1.4,0.166,-99.875,0.000,0.0,0.000,0.000,0.000,0.0,0.000,0.000
0.2640,3.957,2.6,-2.266,3.951,3.771,0.3,0.667,3.770,24.516,-1.0,6.113,24.516,97.062,-1.3,-0.178,97.062,-2.771,4.0,1.525,-2.781,-5.547,1.8,-0.756,-5.555,-40.688,-0.1,-5.902,-40.688,-99.812,0.8,0.128,-99.812,0.000,0.0,0.000,0.000,0.000,0.0,0.000,0.000
0.2660,3.961,2.7,-2.314,3.957,3.766,-2.7,0.530,3.771,24.516,0.6,6.133,24.516,97.062,1.5,-0.188,97.062,-2.777,0.4,1.483,-2.771,-5.555,-1.1,-0.786,-5.547,-40.688,1.6,-5.996,-40.688,-99.812,3.8,0.193,-99.812,0.000,0.0,0.000,0.000,0.000,0.0,0.000,0.000
0.2680,3.951,-1.8,-2.383,3.961,3.770,-0.4,0.776,3.766,24.516,-0.9,6.004,24.516,97.062,1.1,-0.130,97.062,-2.773,1.8,1.589,-2.777,-5.547,3.0,-0.877,-5.555,-40.688,-1.4,-6.031,-40.688,-99.875,-2.1,0.145,-99.812,0.000,0.0,0.000,0.000,0.000,0.0,0.000,0.000
0.2700,3.951,-1.8,-2.408,3.951,3.766,-0.9,0.746,3.770,24.516,-0.4,5.969,24.516,97.062,-0.5,-0.154,97.062,-2.773,1.4,1.471,-2.773,-5.551,-0.3,-0.817,-5.547,-40.688,1.0,-6.020,-40.688,-99.812,1.1,0.161,-99.875,0.000,0.0,0.000,0.000,0.000,0.0,0.000,0.000
0.2720,3.953,-0.0,-2.465,3.951,3.770,0.7,0.676,3.766,24.516,-0.2,6.066,24.516,97.000,-3.2,-0.181,97.062,-2.777,0.6,1.656,-2.773,-5.547,1.1,-0.820,-5.551,-40.656,2.5,-6.059,-40.688,-99.812,1.0,0.207,-99.812,0.000,0.0,0.000,0.000,0.000,0.0,0.000,0.000
0.2740,3.957,2.6,-2.182,3.953,3.762,-2.9,0.568,3.770,24.516,-3.2,6.055,24.516,97.062,2.1,-0.141,97.000,-2.783,-2.0,1.571,-2.777,-5.551,-0.5,-0.846,-5.547,-40.688,1.5,-6.016,-40.656,-99.875,-1.7,0.165,-99.812,0.000,0.0,0.000,0.000,0.000,0.0,0.000,0.000
0.2760,3.951,-1.5,-2.498,3.957,3.762,-2.9,0.528,3.762,24.516,-1.6,6.102,24.516,97.000,-2.2,-0.138,97.062,-2.783,-2.2,1.594,-2.783,-5.555,-2.6,-0.906,-5.551,-40.688,-1.0,-6.078,-40.688,-99.875,-4.8,0.122,-99.875,0.000,0.0,0.000,0.000,0.000,0.0,0.000,0.000
0.2780,3.953,-0.4,-2.527,3.951,3.770,0.4,0.657,3.762,24.516,-0.3,6.059,24.516,97.062,3.9,-0.167,97.000,-2.773,1.1,1.388,-2.783,-5.547,1.6,-0.772,-5.555,-40.688,-1.3,-6.016,-40.688,-99.875,-4.9,0.147,-99.875,0.000,0.0,0.000,0.000,0.000,0.0,0.000,0.000
0.2800,3.953,-0.3,-2.318,3.953,3.770,0.9,0.702,3.770,24.516,1.2,6.043,24.516,97.062,-1.0,-0.172,97.062,-2.781,-1.0,1.666,-2.773,-5.547,1.2,-0.814,-5.547,-40.688,0.7,-6.004,-40.688,-99.875,-1.5,0.186,-99.875,0.000,0.0,0.000,0.000,0.000,0.0,0.000,0.000
0.2823,3.951,-2.2,-2.469,3.953,3.766,-0.0,0.644,3.770,24.531,1.4,6.109,24.516,97.062,0.1,-0.178,97.062,-2.773,2.2,1.659,-2.781,-5.547,1.5,-0.835,-5.547,-40.688,-2.3,-6.082,-40.688,-99.812,-1.2,0.178,-99.875,0.000,0.0,0.000,0.000,0.000,0.0,0.000,0.000
0.2844,3.951,-2.0,-2.252,3.951,3.762,-1.3,0.649,3.766,24.516,-0.3,6.195,24.531,97.000,-2.7,-0.240,97.062,-2.773,2.1,1.563,-2.773,-5.551,0.2,-0.693,-5.547,-40.656,4.7,-6.023,-40.688,-99.812,0.2,0.194,-99.812,0.000,0.0,0.000,0.000,0.000,0.0,0.000,0.000
0.2864,3.951,-1.5,-2.348,3.951,3.770,1.8,0.660,3.762,24.516,-0.8,6.133,24.516,97.000,-2.0,-0.184,97.000,-2.777,0.2,1.489,-2.773,-5.551,-0.7,-0.832,-5.551,-40.688,-0.1,-6.156,-40.656,-99.812,2.0,0.220,-99.812,0.000,0.0,0.000,0.000,0.000,0.0,0.000,0.000
0.2884,3.953,0.2,-2.348,3.951,3.766,0.2,0.625,3.770,24.516,0.6,6.090,24.516,97.000,-0.1,-0.150,97.000,-2.781,-1.5,1.559,-2.777,-5.551,-0.5,-0.849,-5.551,-40.688,0.7,-6.191,-40.688,-99.812,-1.5,0.181,-99.812,0.000,0.0,0.000,0.000,0.000,0.0,0.000,0.000
0.2900,3.961,3.1,-2.354,3.953,3.770,1.6,0.618,3.766,24.531,2.2,6.023,24.516,97.000,-2.8,-0.178,97.000,-2.783,-3.0,1.434,-2.781,-5.547,1.6,-0.791,-5.551,-40.688,-2.0,-5.965,-40.688,-99.812,1.5,0.197,-99.812,0.000,0.0,0.000,0.000,0.000,0.0,0.000,0.000
0.2920,3.951,-1.7,-2.346,3.961,3.760,-2.7,0.685,3.770,24.516,0.7,6.098,24.531,97.000,-2.4,-0.190,97.000,-2.783,-1.7,1.646,-2.783,-5.559,-3.7,-0.843,-5.547,-40.688,-1.7,-6.020,-40.688,-99.812,-0.1,0.222,-99.812,0.000,0.0,0.000,0.000,0.000,0.0,0.000,0.000
0.2940,3.951,-1.6,-2.406,3.951,3.770,1.6,0.649,3.760,24.516,-1.1,6.156,24.516,97.000,-0.7,-0.178,97.000,-2.768,5.4,1.538,-2.783,-5.551,-0.3,-0.740,-5.559,-40.656,4.4,-6.125,-40.688,-99.812,-2.1,0.189,-99.812,0.000,0.0,0.000,0.000,0.000,0.0,0.000,0.000
0.2960,3.947,-2.9,-2.354,3.951,3.754,-6.0,0.603,3.770,24.531,1.5,5.965,24.516,97.000,1.1,-0.190,97.000,-2.781,-1.0,1.460,-2.768,-5.551,0.1,-0.803,-5.551,-40.656,2.0,-6.168,-40.656,-99.812,2.7,0.227,-99.812,0.000,0.0,0.000,0.000,0.000,0.0,0.000,0.000
0.2980,3.945,-4.7,-2.525,3.947,3.766,0.4,0.673,3.754,24.516,-2.7,6.180,24.531,97.000,0.5,-0.175,97.000,-2.773,1.8,1.499,-2.781,-5.547,1.4,-0.814,-5.551,-40.656,3.4,-5.988,-40.656,-99.812,2.2,0.225,-99.812,0.000,0.0,0.000,0.000,0.000,0.0,0.000,0.000
0.3000,3.951,-0.8,-2.393,3.945,3.760,-2.5,0.720,3.766,24.516,0.2,6.094,24.516,97.000,-2.5,-0.262,97.000,-2.777,-0.3,1.516,-2.773,-5.547,1.5,-0.795,-5.547,-40.688,0.1,-6.090,-40.656,-99.812,1.7,0.215,-99.812,0.000,0.0,0.000,0.000,0.000,0.0,0.000,0.000
0.3020,3.953,0.8,-2.361,3.951,3.770,2.6,0.734,3.760,24.531,1.8,6.172,24.516,97.000,-1.9,-0.203,97.000,-2.773,1.0,1.483,-2.777,-5.547,0.9,-0.826,-5.547,-40.688,1.5,-5.965,-40.688,-99.812,1.3,0.171,-99.812,0.000,0.0,0.000,0.000,0.000,0.0,0.000,0.000
0.3040,3.947,-2.1,-2.324,3.953,3.762,-1.2,0.625,3.770,24.516,-2.7,6.180,24.531,97.000,1.4,-0.225,97.000,-2.773,1.2,1.587,-2.773,-5.543,4.0,-0.770,-5.547,-40.688,1.2,-5.973,-40.688,-99.812,0.5,0.139,-99.812,0.000,0.0,0.000,0.000,0.000,0.0,0.000,0.000
0.3060,3.951,-1.3,-2.574,3.947,3.762,-1.5,0.649,3.762,24.531,1.5,6.055,24.516,97.000,-2.0,-0.144,97.000,-2.773,1.3,1.610,-2.773,-5.547,1.0,-0.797,-5.543,-40.656,2.6,-6.098,-40.688,-99.812,-1.6,0.168,-99.812,0.000,0.0,0.000,0.000,0.000,0.0,0.000,0.000
0.3081,3.947,-2.7,-2.342,3.951,3.760,-2.5,0.586,3.762,24.516,-0.2,6.141,24.531,97.000,-1.8,-0.184,97.000,-2.773,1.3,1.581,-2.773,-5.555,-2.0,-0.796,-5.547,-40.688,0.4,-6.195,-40.656,-99.812,-0.0,0.237,-99.812,0.000,0.0,0.000,0.000,0.000,0.0,0.000,0.000
0.3103,3.953,0.8,-2.230,3.947,3.766,0.6,0.672,3.760,24.516,0.1,6.145,24.516,97.000,3.0,-0.233,97.000,-2.777,-0.3,1.498,-2.773,-5.547,0.6,-0.872,-5.555,-40.656,3.0,-6.062,-40.688,-99.812,1.1,0.202,-99.812,0.000,0.0,0.000,0.000,0.000,0.0,0.000,0.000
0.3130,3.953,-0.2,-2.439,3.953,3.766,0.7,0.744,3.766,24.516,-1.5,6.141,24.516,97.000,-1.9,-0.192,97.000,-2.777,-0.6,1.404,-2.777,-5.547,0.9,-0.860,-5.547,-40.688,-2.3,-6.113,-40.656,-99.812,-3.0,0.151,-99.812,0.000,0.0,0.000,0.000,0.000,0.0,0.000,0.000
0.3146,3.957,1.5,-2.338,3.953,3.770,1.8,0.624,3.766,24.516,-1.8,6.059,24.516,97.000,0.4,-0.159,97.000,-2.773,1.1,1.531,-2.777,-5.551,-1.1,-0.924,-5.547,-40.688,-4.3,-6.090,-40.688,-99.812,-1.7,0.221,-99.812,0.000,0.0,0.000,0.000,0.000,0.0,0.000,0.000
0.3160,3.953,0.5,-2.289,3.957,3.762,-1.8,0.635,3.770,24.531,1.0,6.176,24.516,97.000,1.0,-0.233,97.000,-2.773,1.4,1.555,-2.773,-5.547,0.3,-0.794,-5.551,-40.688,-4.3,-6.191,-40.688,-99.812,0.2,0.197,-99.812,0.000,0.0,0.000,0.000,0.000,0.0,0.000,0.000
0.3180,3.951,-0.8,-2.396,3.953,3.779,5.4,0.636,3.762,24.516,-1.9,6.129,24.531,97.000,-2.3,-0.186,97.000,-2.773,1.7,1.552,-2.773,-5.547,0.7,-0.791,-5.547,-40.656,5.3,-6.219,-40.688,-99.812,3.4,0.149,-99.812,0.000,0.0,0.000,0.000,0.000,0.0,0.000,0.000
0.3200,3.953,0.9,-2.439,3.951,3.775,4.0,0.639,3.779,24.531,2.3,6.062,24.516,97.000,-0.2,-0.145,97.000,-2.773,1.7,1.562,-2.773,-5.547,0.2,-0.796,-5.547,-40.688,1.9,-6.004,-40.656,-99.812,1.3,0.226,-99.812,0.000,0.0,0.000,0.000,0.000,0.0,0.000,0.000
0.3220,3.961,3.6,-2.494,3.953,3.762,-1.9,0.689,3.775,24.531,0.9,6.176,24.531,97.000,-0.4,-0.164,97.000,-2.777,0.4,1.483,-2.773,-5.543,2.8,-0.809,-5.547,-40.688,-3.4,-6.180,-40.688,-99.812,1.2,0.249,-99.812,0.000,0.0,0.000,0.000,0.000,0.0,0.000,0.000
0.3240,3.961,3.1,-2.404,3.961,3.766,-0.8,0.588,3.762,24.531,0.2,6.039,24.531,97.000,0.4,-0.131,97.000,-2.777,0.1,1.710,-2.777,-5.547,-0.1,-0.788,-5.543,-40.688,-4.6,-6.230,-40.688,-99.812,-0.7,0.167,-99.812,0.000,0.0,0.000,0.000,0.000,0.0,0.000,0.000
0.3260,3.951,-0.9,-2.322,3.961,3.762,-1.9,0.674,3.766,24.516,-2.1,6.184,24.531,97.000,-0.7,-0.197,97.000,-2.771,3.1,1.739,-2.777,-5.543,3.1,-0.862,-5.547,-40.688,0.1,-6.121,-40.688,-99.812,-0.7,0.234,-99.812,0.000,0.0,0.000,0.000,0.000,0.0,0.000,0.000
0.3280,3.957,2.0,-2.344,3.951,3.775,4.3,0.712,3.762,24.531,2.0,6.242,24.516,97.000,-2.6,-0.259,97.000,-2.781,-1.4,1.657,-2.771,-5.551,-1.1,-0.832,-5.543,-40.688,0.8,-6.242,-40.688,-99.812,-2.1,0.192,-99.812,0.000,0.0,0.000,0.000,0.000,0.0,0.000,0.000
0.3300,3.951,-1.8,-2.564,3.957,3.760,-2.8,0.735,3.775,24.516,-0.8,6.211,24.531,97.000,-2.0,-0.223,97.000,-2.777,-0.3,1.482,-2.781,-5.547,0.6,-0.826,-5.551,-40.688,-1.2,-6.152,-40.688,-99.812,3.9,0.249,-99.812,0.000,0.0,0.000,0.000,0.000,0.0,0.000,0.000
0.3320,3.947,-2.3,-2.213,3.951,3.766,-0.4,0.544,3.760,24.516,-2.1,6.195,24.516,97.000,2.1,-0.203,97.000,-2.781,-1.6,1.572,-2.777,-5.547,0.7,-0.827,-5.547,-40.688,0.2,-6.152,-40.688,-99.812,0.4,0.198,-99.812,0.000,0.0,0.000,0.000,0.000,0.0,0.000,0.000
0.3342,3.961,4.1,-2.289,3.947,3.771,1.9,0.662,3.766,24.516,-1.2,6.059,24.516,97.000,1.6,-0.202,97.000,-2.768,4.5,1.480,-2.781,-5.547,1.8,-0.819,-5.547,-40.688,-1.0,-6.113,-40.688,-99.812,4.8,0.249,-99.812,0.000,0.0,0.000,0.000,0.000,0.0,0.000,0.000
0.3363,3.938,-6.6,-2.340,3.961,3.770,0.4,0.606,3.771,24.531,2.0,6.336,24.516,97.000,0.6,-0.269,97.000,-2.787,-4.8,1.568,-2.768,-5.547,1.3,-0.782,-5.547,-40.688,0.9,-6.281,-40.688,-99.812,-0.6,0.244,-99.812,0.000,0.0,0.000,0.000,0.000,0.0,0.000,0.000
0.3384,3.951,-1.0,-2.348,3.938,3.771,2.1,0.727,3.770,24.516,-1.4,6.203,24.531,97.000,-1.3,-0.234,97.000,-2.773,1.7,1.617,-2.787,-5.555,-3.1,-0.865,-5.547,-40.688,-0.2,-6.285,-40.688,-99.812,2.1,0.238,-99.812,0.000,0.0,0.000,0.000,0.000,0.0,0.000,0.000
0.3405,3.947,-2.8,-2.479,3.951,3.771,2.6,0.688,3.771,24.531,2.2,6.098,24.516,97.000,-0.5,-0.212,97.000,-2.768,4.0,1.530,-2.773,-5.547,0.6,-0.801,-5.555,-40.688,-0.2,-6.246,-40.688,-99.812,3.9,0.259,-99.812,0.000,0.0,0.000,0.000,0.000,0.0,0.000,0.000
0.3421,3.945,-3.5,-2.189,3.947,3.770,1.2,0.678,3.771,24.516,-2.4,6.141,24.531,97.000,-2.7,-0.177,97.000,-2.781,-1.6,1.695,-2.768,-5.547,0.1,-0.898,-5.547,-40.688,-1.3,-6.145,-40.688,-99.812,2.3,0.251,-99.812,0.000,0.0,0.000,0.000,0.000,0.0,0.000,0.000
0.3440,3.947,-2.6,-2.443,3.945,3.766,-0.2,0.675,3.770,24.516,-4.0,6.164,24.516,97.000,0.9,-0.177,97.000,-2.771,3.1,1.708,-2.781,-5.555,-3.0,-0.874,-5.547,-40.688,0.8,-6.160,-40.688,-99.812,3.3,0.261,-99.812,0.000,0.0,0.000,0.000,0.000,0.0,0.000,0.000
0.3460,3.957,1.7,-2.459,3.947,3.766,-0.4,0.674,3.766,24.531,1.1,6.195,24.516,97.000,-2.5,-0.210,97.000,-2.773,1.5,1.609,-2.771,-5.547,-0.2,-0.881,-5.555,-40.688,0.8,-6.094,-40.688,-99.812,-0.2,0.207,-99.812,0.000,0.0,0.000,0.000,0.000,0.0,0.000,0.000
0.3480,3.951,-0.6,-2.322,3.957,3.762,-1.8,0.768,3.766,24.516,-3.1,6.258,24.531,97.000,-2.6,-0.197,97.000,-2.783,-2.8,1.561,-2.773,-5.547,1.3,-0.884,-5.547,-40.688,-1.6,-6.223,-40.688,-99.812,-2.1,0.254,-99.812,0.000,0.0,0.000,0.000,0.000,0.0,0.000,0.000
0.3500,3.953,0.9,-2.268,3.951,3.766,-0.2,0.718,3.762,24.516,-2.0,6.047,24.516,97.000,-3.5,-0.228,97.000,-2.777,0.5,1.590,-2.783,-5.555,-3.8,-0.894,-5.547,-40.688,-3.0,-6.234,-40.688,-99.812,1.4,0.315,-99.812,0.000,0.0,0.000,0.000,0.000,0.0,0.000,0.000
0.3520,3.947,-1.8,-2.549,3.953,3.762,-0.6,0.761,3.766,24.531,1.2,6.188,24.516,97.000,-2.2,-0.214,97.000,-2.783,-2.8,1.476,-2.777,-5.547,0.9,-0.896,-5.555,-40.688,-1.6,-6.379,-40.688,-99.812,1.7,0.278,-99.812,0.000,0.0,0.000,0.000,0.000,0.0,0.000,0.000
0.3540,3.951,-0.6,-2.449,3.947,3.770,1.5,0.592,3.762,24.531,-0.9,6.176,24.531,96.938,-2.3,-0.229,97.000,-2.781,-1.7,1.463,-2.783,-5.547,0.9,-0.906,-5.547,-40.688,2.6,-6.207,-40.688,-99.812,1.0,0.260,-99.812,0.000,0.0,0.000,0.000,0.000,0.0,0.000,0.000
0.3560,3.953,0.6,-2.416,3.951,3.770,1.2,0.692,3.770,24.531,-1.0,6.230,24.531,96.938,-1.8,-0.279,96.938,-2.781,-1.6,1.605,-2.781,-5.547,-1.0,-0.857,-5.547,-40.688,-0.8,-6.098,-40.688,-99.812,4.2,0.236,-99.812,0.000,0.0,0.000,0.000,0.000,0.0,0.000,0.000
0.3580,3.947,-2.2,-2.457,3.953,3.766,-0.9,0.604,3.770,24.531,-0.0,6.152,24.531,96.938,-2.3,-0.258,96.938,-2.771,3.1,1.644,-2.781,-5.547,-0.8,-0.802,-5.547,-40.688,-2.4,-6.168,-40.688,-99.812,-2.3,0.292,-99.812,0.000,0.0,0.000,0.000,0.000,0.0,0.000,0.000
0.3600,3.951,-0.8,-2.387,3.947,3.771,2.6,0.665,3.766,24.531,-1.5,6.203,24.531,96.938,-1.7,-0.175,96.938,-2.781,-1.5,1.589,-2.771,-5.547,-1.0,-0.906,-5.547,-40.688,0.9,-6.188,-40.688,-99.812,-1.3,0.286,-99.812,0.000,0.0,0.000,0.000,0.000,0.0,0.000,0.000
0.3620,3.951,0.4,-2.357,3.951,3.760,-3.6,0.666,3.771,24.531,0.6,6.320,24.531,96.938,-0.5,-0.224,96.938,-2.781,-1.7,1.627,-2.781,-5.551,-2.0,-0.824,-5.547,-40.688,-0.9,-6.172,-40.688,-99.812,2.0,0.292,-99.812,0.000,0.0,0.000,0.000,0.000,0.0,0.000,0.000
0.3643,3.957,2.9,-2.438,3.951,3.771,2.3,0.734,3.760,24.531,1.6,6.184,24.531,96.938,-2.3,-0.197,96.938,-2.781,-0.6,1.744,-2.781,-5.531,7.0,-0.869,-5.551,-40.688,1.9,-6.270,-40.688,-99.812,-1.8,0.311,-99.812,0.000,0.0,0.000,0.000,0.000,0.0,0.000,0.000
0.3660,3.953,1.0,-2.400,3.957,3.770,-0.1,0.658,3.771,24.531,4.8,6.316,24.531,96.938,-3.0,-0.211,96.938,-2.773,1.4,1.496,-2.781,-5.543,2.1,-0.935,-5.531,-40.688,3.2,-6.266,-40.688,-99.812,-0.7,0.305,-99.812,0.000,0.0,0.000,0.000,0.000,0.0,0.000,0.000
0.3680,3.951,-0.3,-2.309,3.953,3.766,-1.0,0.787,3.770,24.531,3.3,6.320,24.531,96.938,0.6,-0.225,96.938,-2.781,-2.4,1.409,-2.773,-5.547,-1.1,-0.859,-5.543,-40.688,1.7,-6.188,-40.688,-99.812,-1.3,0.276,-99.812,0.000,0.0,0.000,0.000,0.000,0.0,0.000,0.000
0.3700,3.951,-0.4,-2.307,3.951,3.762,-2.5,0.725,3.766,24.516,-3.3,6.215,24.531,96.938,0.7,-0.259,96.938,-2.773,0.9,1.657,-2.781,-5.551,-2.9,-0.822,-5.547,-40.688,2.2,-6.141,-40.688,-99.812,-1.2,0.196,-99.812,0.000,0.0,0.000,0.000,0.000,0.0,0.000,0.000
0.3720,3.951,0.2,-2.299,3.951,3.770,0.5,0.694,3.762,24.531,0.2,6.258,24.516,96.938,0.5,-0.225,96.938,-2.777,-0.2,1.671,-2.773,-5.547,-1.8,-0.917,-5.551,-40.688,2.1,-6.297,-40.688,-99.812,0.9,0.339,-99.812,0.000,0.0,0.000,0.000,0.000,0.0,0.000,0.000
0.3740,3.951,-0.7,-2.564,3.951,3.771,1.7,0.684,3.770,24.531,-1.2,6.336,24.531,96.938,-1.6,-0.251,96.938,-2.773,1.7,1.656,-2.777,-5.539,2.8,-0.884,-5.547,-40.688,3.3,-6.273,-40.688,-99.812,-2.0,0.242,-99.812,0.000,0.0,0.000,0.000,0.000,0.0,0.000,0.000
0.3760,3.957,1.9,-2.432,3.951,3.770,0.6,0.781,3.771,24.531,1.2,6.312,24.531,96.938,-3.4,-0.266,96.938,-2.781,-2.2,1.408,-2.773,-5.531,5.2,-0.853,-5.539,-40.688,2.0,-6.055,-40.688,-99.812,0.0,0.193,-99.812,0.000,0.0,0.000,0.000,0.000,0.0,0.000,0.000
0.3780,3.947,-1.3,-2.205,3.957,3.771,2.4,0.803,3.770,24.531,0.7,6.254,24.531,96.938,1.2,-0.249,96.938,-2.773,1.4,1.540,-2.781,-5.535,3.0,-0.900,-5.531,-40.688,-0.7,-6.203,-40.688,-99.812,-0.4,0.356,-99.812,0.000,0.0,0.000,0.000,0.000,0.0,0.000,0.000
0.3800,3.951,0.1,-2.457,3.947,3.770,-0.1,0.664,3.771,24.531,-0.9,6.340,24.531,96.938,1.3,-0.261,96.938,-2.783,-3.4,1.516,-2.773,-5.547,-0.6,-0.800,-5.535,-40.688,0.6,-6.234,-40.688,-99.812,-1.7,0.369,-99.812,0.000,0.0,0.000,0.000,0.000,0.0,0.000,0.000
0.3821,3.951,-0.4,-2.557,3.951,3.775,3.2,0.777,3.770,24.547,4.5,6.316,24.531,96.938,2.5,-0.296,96.938,-2.773,0.5,1.486,-2.783,-5.547,-0.2,-0.744,-5.547,-40.688,-0.1,-6.227,-40.688,-99.812,-1.8,0.325,-99.812,0.000,0.0,0.000,0.000,0.000,0.0,0.000,0.000
0.3840,3.947,-1.9,-2.400,3.951,3.766,-1.1,0.788,3.775,24.531,-0.3,6.316,24.547,96.938,-3.0,-0.294,96.938,-2.771,2.5,1.662,-2.773,-5.543,1.2,-0.835,-5.547,-40.688,-1.0,-6.090,-40.688,-99.812,0.4,0.200,-99.812,0.000,0.0,0.000,0.000,0.000,0.0,0.000,0.000
0.3860,3.951,-0.9,-2.676,3.947,3.771,1.6,0.674,3.766,24.531,1.2,6.281,24.531,96.938,-0.6,-0.313,96.938,-2.787,-4.6,1.640,-2.771,-5.547,-0.3,-0.862,-5.543,-40.688,0.8,-6.242,-40.688,-99.812,1.4,0.271,-99.812,0.000,0.0,0.000,0.000,0.000,0.0,0.000,0.000
0.3880,3.951,-1.0,-2.342,3.951,3.775,2.5,0.694,3.771,24.531,0.7,6.211,24.531,96.938,-4.6,-0.209,96.938,-2.783,-3.2,1.701,-2.787,-5.535,3.3,-0.845,-5.547,-40.688,0.5,-6.273,-40.688,-99.812,0.4,0.354,-99.812,0.000,0.0,0.000,0.000,0.000,0.0,0.000,0.000
0.3900,3.961,3.6,-2.393,3.951,3.775,3.0,0.758,3.775,24.531,0.2,6.305,24.531,96.938,6.1,-0.271,96.938,-2.777,-0.7,1.604,-2.783,-5.547,-1.4,-0.821,-5.535,-40.688,0.9,-6.125,-40.688,-99.812,0.0,0.277,-99.812,0.000,0.0,0.000,0.000,0.000,0.0,0.000,0.000
0.3920,3.957,2.4,-2.340,3.961,3.762,-3.4,0.734,3.775,24.531,-0.0,6.312,24.531,96.938,0.3,-0.275,96.938,-2.771,2.9,1.687,-2.777,-5.543,0.7,-0.796,-5.547,-40.688,3.0,-6.164,-40.688,-99.812,-0.3,0.295,-99.812,0.000,0.0,0.000,0.000,0.000,0.0,0.000,0.000
0.3940,3.947,-2.3,-2.432,3.957,3.770,-0.3,0.821,3.762,24.531,0.8,6.273,24.531,96.938,-2.7,-0.261,96.938,-2.771,3.3,1.675,-2.771,-5.547,-1.4,-0.875,-5.543,-40.688,0.8,-6.266,-40.688,-99.812,2.2,0.296,-99.812,0.000,0.0,0.000,0.000,0.000,0.0,0.000,0.000
0.3960,3.951,-0.3,-2.375,3.947,3.770,-1.0,0.741,3.770,24.531,2.5,6.285,24.531,96.875,-2.8,-0.288,96.938,-2.777,-0.7,1.531,-2.771,-5.535,3.1,-0.912,-5.547,-40.688,0.5,-6.121,-40.688,-99.812,0.7,0.298,-99.812,0.000,0.0,0.000,0.000,0.000,0.0,0.000,0.000
0.3980,3.957,2.2,-2.439,3.951,3.775,2.2,0.704,3.770,24.531,0.9,6.227,24.531,96.938,0.7,-0.256,96.875,-2.773,0.6,1.608,-2.777,-5.539,1.7,-0.937,-5.535,-40.688,-1.5,-6.273,-40.688,-99.812,-2.0,0.238,-99.812,0.000,0.0,0.000,0.000,0.000,0.0,0.000,0.000
0.4000,3.947,-2.2,-2.307,3.957,3.775,1.9,0.673,3.775,24.531,2.7,6.363,24.531,96.875,0.3,-0.295,96.938,-2.777,-0.7,1.603,-2.773,-5.543,0.4,-0.859,-5.539,-40.688,2.9,-6.270,-40.688,-99.812,-0.3,0.354,-99.812,0.000,0.0,0.000,0.000,0.000,0.0,0.000,0.000
0.4020,3.951,-0.0,-2.309,3.947,3.770,-0.3,0.826,3.775,24.531,2.4,6.387,24.531,96.875,0.3,-0.219,96.875,-2.777,-0.6,1.541,-2.777,-5.535,3.3,-0.920,-5.543,-40.688,2.0,-6.223,-40.688,-99.812,2.8,0.356,-99.812,0.000,0.0,0.000,0.000,0.000,0.0,0.000,0.000
0.4040,3.953,1.2,-2.434,3.951,3.779,3.9,0.777,3.770,24.531,-0.7,6.359,24.531,96.875,-0.3,-0.311,96.875,-2.773,0.9,1.665,-2.777,-5.547,-1.0,-0.875,-5.535,-40.688,-0.8,-6.242,-40.688,-99.812,-0.7,0.338,-99.812,0.000,0.0,0.000,0.000,0.000,0.0,0.000,0.000
0.4060,3.953,1.0,-2.385,3.953,3.775,1.7,0.798,3.779,24.531,2.5,6.395,24.531,96.875,-1.8,-0.375,96.875,-2.773,0.8,1.573,-2.773,-5.543,0.1,-0.843,-5.547,-40.688,-2.9,-6.242,-40.688,-99.812,-1.3,0.338,-99.812,0.000,0.0,0.000,0.000,0.000,0.0,0.000,0.000
0.4080,3.957,2.6,-2.283,3.953,3.779,3.1,0.777,3.775,24.531,2.1,6.305,24.531,96.875,-3.5,-0.260,96.875,-2.781,-2.3,1.670,-2.773,-5.551,-4.0,-0.777,-5.543,-40.688,0.8,-6.273,-40.688,-99.812,0.3,0.323,-99.812,0.000,0.0,0.000,0.000,0.000,0.0,0.000,0.000
0.4100,3.951,-1.0,-2.398,3.957,3.775,0.8,0.661,3.779,24.531,-2.1,6.398,24.531,96.875,-5.7,-0.340,96.875,-2.773,1.0,1.524,-2.781,-5.547,-2.2,-0.761,-5.551,-40.688,-1.5,-6.273,-40.688,-99.812,2.4,0.310,-99.812,0.000,0.0,0.000,0.000,0.000,0.0,0.000,0.000
0.4120,3.953,0.8,-2.373,3.951,3.770,-2.2,0.787,3.775,24.531,-2.5,6.340,24.531,96.875,-2.4,-0.256,96.875,-2.781,-2.0,1.521,-2.773,-5.547,-1.3,-0.920,-5.547,-40.688,1.9,-6.312,-40.688,-99.812,-0.1,0.264,-99.812,0.000,0.0,0.000,0.000,0.000,0.0,0.000,0.000
0.4140,3.945,-3.9,-2.396,3.953,3.762,-5.0,0.755,3.770,24.531,0.2,6.316,24.531,96.875,-3.0,-0.311,96.875,-2.781,-1.5,1.801,-2.781,-5.543,1.0,-0.870,-5.547,-40.688,1.9,-6.461,-40.688,-99.812,-1.7,0.355,-99.812,0.000,0.0,0.000,0.000,0.000,0.0,0.000,0.000
0.4160,3.951,-0.4,-2.281,3.945,3.779,3.0,0.802,3.762,24.531,-1.1,6.414,24.531,96.875,-4.4,-0.282,96.875,-2.777,-0.0,1.586,-2.781,-5.543,0.7,-0.928,-5.543,-40.688,-2.4,-6.254,-40.688,-99.812,-0.5,0.351,-99.812,0.000,0.0,0.000,0.000,0.000,0.0,0.000,0.000
0.4180,3.953,1.2,-2.389,3.951,3.770,-1.6,0.752,3.779,24.531,-0.4,6.367,24.531,96.875,-1.9,-0.299,96.875,-2.777,-0.2,1.582,-2.777,-5.551,-4.0,-0.873,-5.543,-40.688,-1.0,-6.344,-40.688,-99.750,2.2,0.331,-99.812,0.000,0.0,0.000,0.000,0.000,0.0,0.000,0.000
0.4200,3.957,2.3,-2.426,3.953,3.775,-0.2,0.747,3.770,24.547,3.8,6.215,24.531,96.875,-1.3,-0.278,96.875,-2.773,0.8,1.616,-2.777,-5.543,0.7,-0.913,-5.551,-40.688,-2.5,-6.285,-40.688,-99.750,0.6,0.353,-99.750,0.000,0.0,0.000,0.000,0.000,0.0,0.000,0.000
0.4220,3.947,-1.8,-2.424,3.957,3.779,2.4,0.803,3.775,24.531,-1.9,6.367,24.547,96.875,-2.3,-0.258,96.875,-2.777,-0.8,1.439,-2.773,-5.539,1.8,-0.920,-5.543,-40.688,-2.2,-6.191,-40.688,-99.750,-0.0,0.329,-99.750,0.000,0.0,0.000,0.000,0.000,0.0,0.000,0.000
0.4240,3.947,-2.3,-2.502,3.947,3.779,1.5,0.660,3.779,24.547,5.4,6.344,24.531,96.875,0.2,-0.295,96.875,-2.771,2.5,1.634,-2.777,-5.547,-0.3,-0.846,-5.539,-40.688,2.1,-6.250,-40.688,-99.812,-1.8,0.353,-99.750,0.000,0.0,0.000,0.000,0.000,0.0,0.000,0.000
0.4260,3.951,-0.5,-2.371,3.947,3.766,-3.7,0.796,3.779,24.531,-5.1,6.289,24.547,96.875,-2.6,-0.301,96.875,-2.777,0.3,1.906,-2.771,-5.547,-1.4,-0.855,-5.547,-40.688,2.9,-6.273,-40.688,-99.750,0.6,0.382,-99.812,0.000,0.0,0.000,0.000,0.000,0.0,0.000,0.000
0.4280,3.947,-1.8,-2.381,3.951,3.771,-1.0,0.650,3.766,24.547,3.2,6.363,24.531,96.875,-3.0,-0.249,96.875,-2.777,-0.4,1.504,-2.777,-5.551,-3.6,-0.944,-5.547,-40.688,0.6,-6.484,-40.688,-99.750,-0.1,0.349,-99.750,0.000,0.0,0.000,0.000,0.000,0.0,0.000,0.000
0.4300,3.953,0.9,-2.414,3.947,3.771,-1.3,0.765,3.771,24.531,0.5,6.445,24.547,96.875,-2.7,-0.258,96.875,-2.771,2.2,1.572,-2.777,-5.547,-1.6,-0.895,-5.551,-40.688,-3.1,-6.273,-40.688,-99.750,-0.9,0.417,-99.750,0.000,0.0,0.000,0.000,0.000,0.0,0.000,0.000
0.4320,3.953,0.9,-2.320,3.953,3.779,1.0,0.742,3.771,24.531,-0.5,6.609,24.531,96.875,-1.9,-0.282,96.875,-2.771,2.2,1.667,-2.771,-5.531,5.2,-0.883,-5.547,-40.688,1.5,-6.332,-40.688,-99.750,-0.9,0.384,-99.750,0.000,0.0,0.000,0.000,0.000,0.0,0.000,0.000
0.4340,3.947,-1.3,-2.334,3.953,3.775,0.3,0.782,3.779,24.547,3.5,6.320,24.531,96.812,-4.1,-0.288,96.875,-2.781,-2.0,1.620,-2.771,-5.547,-2.2,-0.919,-5.531,-40.688,5.0,-6.219,-40.688,-99.750,-2.0,0.340,-99.750,0.000,0.0,0.000,0.000,0.000,0.0,0.000,0.000
0.4360,3.945,-2.9,-2.473,3.947,3.779,2.0,0.819,3.775,24.531,-0.6,6.465,24.547,96.812,-2.2,-0.210,96.812,-2.771,2.4,1.608,-2.781,-5.551,-2.8,-0.800,-5.547,-40.688,-0.2,-6.383,-40.688,-99.750,-2.0,0.397,-99.750,0.000,0.0,0.000,0.000,0.000,0.0,0.000,0.000
0.4380,3.957,2.4,-2.482,3.945,3.775,-0.3,0.667,3.779,24.547,3.8,6.461,24.531,96.812,-3.7,-0.276,96.812,-2.773,1.0,1.635,-2.771,-5.547,-0.1,-0.959,-5.551,-40.688,2.0,-6.348,-40.688,-99.750,0.3,0.374,-99.750,0.000,0.0,0.000,0.000,0.000,0.0,0.000,0.000
0.4400,3.947,-2.0,-2.420,3.957,3.775,-0.4,0.754,3.775,24.547,2.9,6.383,24.547,96.812,-0.5,-0.249,96.812,-2.781,-1.9,1.704,-2.773,-5.539,2.1,-1.006,-5.547,-40.688,-0.5,-6.426,-40.688,-99.750,3.8,0.421,-99.750,0.000,0.0,0.000,0.000,0.000,0.0,0.000,0.000
0.4420,3.953,1.6,-2.342,3.947,3.779,1.1,0.737,3.775,24.547,7.3,6.562,24.547,96.812,-1.0,-0.261,96.812,-2.787,-4.6,1.641,-2.781,-5.547,-0.6,-0.821,-5.539,-40.688,-1.6,-6.207,-40.688,-99.750,2.7,0.353,-99.750,0.000,0.0,0.000,0.000,0.000,0.0,0.000,0.000
0.4440,3.953,0.8,-2.438,3.953,3.781,2.3,0.792,3.779,24.547,3.3,6.648,24.547,96.812,-6.1,-0.331,96.812,-2.773,1.4,1.613,-2.787,-5.547,-0.3,-0.905,-5.547,-40.688,-2.7,-6.227,-40.688,-99.750,3.1,0.260,-99.750,0.000,0.0,0.000,0.000,0.000,0.0,0.000,0.000
0.4460,3.945,-3.0,-2.414,3.953,3.771,-2.3,0.715,3.781,24.547,2.2,6.488,24.547,96.812,-6.2,-0.229,96.812,-2.777,-1.0,1.511,-2.773,-5.547,-2.3,-0.914,-5.547,-40.688,2.8,-6.324,-40.688,-99.750,-0.1,0.331,-99.750,0.000,0.0,0.000,0.000,0.000,0.0,0.000,0.000
0.4480,3.945,-3.5,-2.553,3.945,3.781,1.8,0.786,3.771,24.547,2.7,6.301,24.547,96.750,-6.7,-0.194,96.812,-2.781,-2.4,1.727,-2.777,-5.547,-0.9,-0.904,-5.547,-40.688,-3.3,-6.449,-40.688,-99.750,0.6,0.429,-99.750,0.000,0.0,0.000,0.000,0.000,0.0,0.000,0.000
0.4501,3.953,1.2,-2.447,3.945,3.779,1.0,0.826,3.781,24.547,4.0,6.426,24.547,96.750,-2.7,-0.196,96.750,-2.771,2.6,1.739,-2.781,-5.551,-3.3,-0.906,-5.547,-40.688,-4.4,-6.254,-40.688,-99.750,-0.1,0.402,-99.750,0.000,0.0,0.000,0.000,0.000,0.0,0.000,0.000
0.4521,3.951,0.0,-2.430,3.953,3.785,3.9,0.793,3.779,24.531,-1.8,6.605,24.547,96.750,-5.0,-0.242,96.750,-2.777,-0.4,1.584,-2.771,-5.543,1.2,-0.866,-5.551,-40.688,-2.5,-6.266,-40.688,-99.750,1.1,0.438,-99.750,0.000,0.0,0.000,0.000,0.000,0.0,0.000,0.000
0.4543,3.951,-0.0,-2.512,3.951,3.771,-2.6,0.817,3.785,24.547,1.7,6.559,24.531,96.750,-5.9,-0.248,96.750,-2.777,0.1,1.643,-2.777,-5.547,-1.1,-0.932,-5.543,-40.688,-3.3,-6.375,-40.688,-99.750,0.1,0.396,-99.750,0.000,0.0,0.000,0.000,0.000,0.0,0.000,0.000
0.4561,3.953,0.8,-2.504,3.951,3.781,1.1,0.753,3.771,24.547,-0.4,6.492,24.547,96.750,-3.5,-0.165,96.750,-2.766,4.9,1.619,-2.777,-5.559,-6.0,-0.865,-5.547,-40.688,-0.6,-6.383,-40.688,-99.750,3.2,0.336,-99.750,0.000,0.0,0.000,0.000,0.000,0.0,0.000,0.000
0.4580,3.951,-1.1,-2.570,3.953,3.785,3.7,0.931,3.781,24.547,-0.8,6.406,24.547,96.688,-11.2,-0.193,96.750,-2.781,-2.6,1.591,-2.766,-5.547,-1.5,-0.905,-5.559,-40.688,-0.2,-6.344,-40.688,-99.750,0.2,0.397,-99.750,0.000,0.0,0.000,0.000,0.000,0.0,0.000,0.000
0.4600,3.947,-1.6,-2.332,3.951,3.770,-3.9,0.777,3.785,24.547,0.7,6.496,24.547,96.688,-5.6,-0.132,96.688,-2.777,-0.8,1.645,-2.781,-5.543,1.7,-0.949,-5.547,-40.688,4.8,-6.316,-40.688,-99.750,1.3,0.441,-99.750,0.000,0.0,0.000,0.000,0.000,0.0,0.000,0.000
0.4620,3.947,-1.5,-2.459,3.947,3.775,-0.9,0.827,3.770,24.547,-0.9,6.496,24.547,96.688,-8.5,-0.135,96.688,-2.783,-3.5,1.603,-2.777,-5.539,3.1,-0.888,-5.543,-40.688,-1.3,-6.316,-40.688,-99.750,3.6,0.486,-99.750,0.000,0.0,0.000,0.000,0.000,0.0,0.000,0.000
0.4640,3.951,-0.3,-2.555,3.947,3.771,-2.5,0.768,3.775,24.547,-0.7,6.508,24.547,96.688,-5.4,-0.130,96.688,-2.777,0.2,1.764,-2.783,-5.543,1.6,-0.940,-5.539,-40.688,1.6,-6.496,-40.688,-99.750,4.0,0.411,-99.750,0.000,0.0,0.000,0.000,0.000,0.0,0.000,0.000
0.4660,3.957,2.6,-2.480,3.951,3.779,0.9,0.871,3.771,24.531,-1.9,6.516,24.547,96.688,-5.1,-0.121,96.688,-2.768,3.3,1.586,-2.777,-5.547,-0.2,-0.968,-5.543,-40.688,-2.9,-6.414,-40.688,-99.750,3.9,0.351,-99.750,0.000,0.0,0.000,0.000,0.000,0.0,0.000,0.000
0.4680,3.947,-1.7,-2.570,3.957,3.779,0.9,0.851,3.779,24.547,2.9,6.582,24.531,96.625,-8.0,-0.152,96.688,-2.777,-0.7,1.629,-2.768,-5.543,1.8,-0.844,-5.547,-40.688,0.2,-6.363,-40.688,-99.750,1.3,0.381,-99.750,0.000,0.0,0.000,0.000,0.000,0.0,0.000,0.000
0.4700,3.953,1.1,-2.447,3.947,3.770,-3.7,0.869,3.779,24.547,0.2,6.434,24.547,96.625,-6.8,-0.116,96.625,-2.771,1.8,1.564,-2.777,-5.547,0.1,-0.886,-5.543,-40.688,-1.4,-6.344,-40.688,-99.750,5.1,0.437,-99.750,0.000,0.0,0.000,0.000,0.000,0.0,0.000,0.000
0.4720,3.947,-1.7,-2.406,3.953,3.779,-0.0,0.833,3.770,24.531,-5.1,6.492,24.547,96.625,-9.0,-0.049,96.625,-2.768,2.6,1.600,-2.771,-5.543,1.5,-0.939,-5.547,-40.688,-1.5,-6.340,-40.688,-99.750,-4.7,0.399,-99.750,0.000,0.0,0.000,0.000,0.000,0.0,0.000,0.000
0.4740,3.947,-1.0,-2.275,3.947,3.779,0.2,0.766,3.779,24.531,-3.0,6.559,24.531,96.562,-8.4,-0.065,96.625,-2.777,-1.0,1.819,-2.768,-5.547,-1.0,-0.991,-5.543,-40.688,-1.4,-6.453,-40.688,-99.750,1.0,0.473,-99.750,0.000,0.0,0.000,0.000,0.000,0.0,0.000,0.000
0.4761,3.941,-4.7,-2.539,3.947,3.771,-2.3,0.800,3.779,24.547,2.7,6.652,24.531,96.562,-7.5,-0.108,96.562,-2.781,-1.6,1.773,-2.777,-5.539,3.1,-0.908,-5.547,-40.688,-1.6,-6.375,-40.688,-99.750,3.1,0.281,-99.750,0.000,0.0,0.000,0.000,0.000,0.0,0.000,0.000
0.4780,3.953,1.5,-2.479,3.941,3.781,2.5,0.905,3.771,24.547,0.1,6.547,24.547,96.562,-11.0,-0.072,96.562,-2.771,2.1,1.599,-2.781,-5.539,2.7,-1.004,-5.539,-40.688,-0.7,-6.344,-40.688,-99.750,1.7,0.489,-99.750,0.000,0.0,0.000,0.000,0.000,0.0,0.000,0.000
0.4801,3.953,1.0,-2.643,3.953,3.775,-0.8,0.721,3.781,24.547,-1.1,6.547,24.547,96.562,-9.5,-0.050,96.562,-2.768,3.5,1.489,-2.771,-5.539,2.6,-0.932,-5.539,-40.688,3.3,-6.375,-40.688,-99.750,2.8,0.380,-99.750,0.000,0.0,0.000,0.000,0.000,0.0,0.000,0.000
0.4824,3.951,0.0,-2.465,3.953,3.771,-2.7,0.770,3.775,24.547,-1.9,6.516,24.547,96.500,-9.8,-0.006,96.562,-2.773,-0.2,1.546,-2.768,-5.551,-3.2,-0.953,-5.539,-40.688,-2.5,-6.480,-40.688,-99.750,-0.6,0.353,-99.750,0.000,0.0,0.000,0.000,0.000,0.0,0.000,0.000
0.4840,3.947,-2.0,-2.555,3.951,3.775,-0.5,0.853,3.771,24.547,4.0,6.598,24.547,96.500,-4.2,-0.024,96.500,-2.773,-0.3,1.614,-2.773,-5.543,1.2,-0.964,-5.551,-40.688,1.0,-6.445,-40.688,-99.750,-1.2,0.340,-99.750,0.000,0.0,0.000,0.000,0.000,0.0,0.000,0.000
0.4860,3.953,1.6,-2.469,3.947,3.775,-0.4,0.867,3.775,24.547,-2.5,6.602,24.547,96.500,-8.3,0.001,96.500,-2.771,1.0,1.576,-2.773,-5.539,2.7,-0.891,-5.543,-40.688,2.7,-6.281,-40.688,-99.688,1.4,0.383,-99.750,0.000,0.0,0.000,0.000,0.000,0.0,0.000,0.000
0.4880,3.953,1.8,-2.414,3.953,3.775,-0.6,0.813,3.775,24.562,4.6,6.547,24.547,96.500,-10.9,-0.140,96.500,-2.771,1.8,1.778,-2.771,-5.547,-2.2,-0.884,-5.539,-40.688,-0.5,-6.430,-40.688,-99.688,2.5,0.410,-99.688,0.000,0.0,0.000,0.000,0.000,0.0,0.000,0.000
0.4900,3.951,-0.0,-2.559,3.953,3.775,-0.3,0.983,3.775,24.547,-1.7,6.551,24.562,96.438,-6.7,-0.121,96.500,-2.771,2.0,1.562,-2.771,-5.555,-5.3,-0.854,-5.547,-40.688,-2.1,-6.379,-40.688,-99.688,1.6,0.329,-99.688,0.000,0.0,0.000,0.000,0.000,0.0,0.000,0.000
0.4920,3.947,-1.1,-2.400,3.951,3.779,0.8,0.843,3.775,24.547,-1.5,6.621,24.547,96.438,-6.2,-0.162,96.438,-2.777,-1.1,1.623,-2.771,-5.543,1.4,-0.865,-5.555,-40.688,-1.4,-6.211,-40.688,-99.688,-0.3,0.361,-99.688,0.000,0.0,0.000,0.000,0.000,0.0,0.000,0.000
0.4940,3.947,-1.5,-2.479,3.947,3.787,4.9,0.903,3.779,24.547,2.3,6.555,24.547,96.438,-2.8,-0.197,96.438,-2.777,-1.5,1.612,-2.777,-5.539,2.6,-0.908,-5.543,-40.688,3.7,-6.348,-40.688,-99.688,2.1,0.366,-99.688,0.000,0.0,0.000,0.000,0.000,0.0,0.000,0.000
0.4960,3.945,-3.1,-2.346,3.947,3.779,0.3,0.853,3.787,24.547,1.9,6.707,24.547,96.438,-9.8,-0.164,96.438,-2.777,-1.4,1.629,-2.777,-5.547,-1.0,-0.951,-5.539,-40.688,-0.4,-6.258,-40.688,-99.688,6.0,0.370,-99.688,0.000,0.0,0.000,0.000,0.000,0.0,0.000,0.000
0.4980,3.947,-0.8,-2.383,3.945,3.779,0.7,0.943,3.779,24.547,-2.2,6.602,24.547,96.438,1.3,-0.205,96.438,-2.777,-0.6,1.742,-2.777,-5.547,-1.8,-0.951,-5.547,-40.688,0.1,-6.457,-40.688,-99.688,-1.2,0.370,-99.688,0.000,0.0,0.000,0.000,0.000,0.0,0.000,0.000
0.5000,3.953,2.6,-2.340,3.947,3.775,-0.9,0.778,3.779,24.547,0.4,6.648,24.547,96.375,-4.0,-0.169,96.438,-2.771,1.3,1.470,-2.777,-5.535,4.0,-0.836,-5.547,-40.688,-2.8,-6.324,-40.688,-99.688,2.4,0.330,-99.688,0.000,0.0,0.000,0.000,0.000,0.0,0.000,0.000
0.5024,3.961,3.9,-2.711,3.953,3.779,1.8,0.932,3.775,24.547,-0.8,6.566,24.547,96.375,-5.5,-0.203,96.375,-2.777,-0.7,1.604,-2.771,-5.543,0.8,-0.948,-5.535,-40.688,-0.7,-6.383,-40.688,-99.688,3.1,0.381,-99.688,0.000,0.0,0.000,0.000,0.000,0.0,0.000,0.000
0.5044,3.951,-0.6,-2.473,3.961,3.770,-2.7,0.941,3.779,24.562,1.8,6.586,24.547,96.375,-5.2,-0.246,96.375,-2.777,-1.2,1.634,-2.777,-5.547,-2.0,-0.982,-5.543,-40.688,0.2,-6.387,-40.688,-99.688,0.7,0.354,-99.688,0.000,0.0,0.000,0.000,0.000,0.0,0.000,0.000
0.5064,3.951,-0.4,-2.633,3.951,3.781,2.9,0.904,3.770,24.547,-0.9,6.465,24.562,96.375,-2.4,-0.069,96.375,-2.771,1.5,1.597,-2.777,-5.547,-0.7,-1.046,-5.547,-40.688,-2.8,-6.398,-40.688,-99.625,6.6,0.404,-99.688,0.000,0.0,0.000,0.000,0.000,0.0,0.000,0.000
0.5083,3.957,3.1,-2.404,3.951,3.771,-2.2,0.757,3.781,24.562,0.4,6.570,24.547,96.375,-4.7,-0.108,96.375,-2.771,1.2,1.624,-2.771,-5.543,0.9,-1.013,-5.547,-40.688,1.7,-6.574,-40.688,-99.688,1.9,0.401,-99.625,0.000,0.0,0.000,0.000,0.000,0.0,0.000,0.000
0.5100,3.951,0.4,-2.373,3.957,3.770,-3.3,0.812,3.771,24.547,-3.4,6.531,24.562,96.375,-3.5,-0.236,96.375,-2.771,1.4,1.714,-2.771,-5.539,2.5,-0.957,-5.543,-40.688,-0.9,-6.473,-40.688,-99.625,2.8,0.386,-99.688,0.000,0.0,0.000,0.000,0.000,0.0,0.000,0.000
0.5120,3.951,0.0,-2.514,3.951,3.781,4.1,1.022,3.770,24.547,-3.6,6.598,24.547,96.375,-2.4,-0.264,96.375,-2.777,-1.6,1.664,-2.771,-5.539,2.1,-0.982,-5.539,-40.688,0.3,-6.328,-40.688,-99.625,8.8,0.396,-99.625,0.000,0.0,0.000,0.000,0.000,0.0,0.000,0.000
0.5140,3.947,-1.8,-2.500,3.951,3.771,-0.7,0.874,3.781,24.547,-2.2,6.332,24.547,96.375,-3.5,-0.184,96.375,-2.771,0.2,1.400,-2.777,-5.547,-0.8,-1.098,-5.539,-40.688,1.1,-6.457,-40.688,-99.625,7.0,0.424,-99.625,0.000,0.0,0.000,0.000,0.000,0.0,0.000,0.000
0.5160,3.951,0.1,-2.324,3.947,3.775,0.8,0.807,3.771,24.547,-1.3,6.703,24.547,96.375,-2.5,-0.154,96.375,-2.768,2.5,1.668,-2.771,-5.539,2.2,-1.007,-5.547,-40.719,-4.1,-6.363,-40.688,-99.625,6.7,0.342,-99.625,0.000,0.0,0.000,0.000,0.000,0.0,0.000,0.000
0.5180,3.951,-0.1,-2.465,3.951,3.779,2.5,0.790,3.775,24.562,2.9,6.523,24.547,96.375,2.8,-0.173,96.375,-2.781,-3.5,1.676,-2.768,-5.547,-0.8,-1.009,-5.539,-40.688,1.4,-6.609,-40.719,-99.625,5.1,0.349,-99.625,0.000,0.0,0.000,0.000,0.000,0.0,0.000,0.000
0.5200,3.953,1.5,-2.482,3.951,3.779,1.6,0.682,3.779,24.547,-2.0,6.438,24.562,96.312,0.9,-0.126,96.375,-2.777,-1.8,1.646,-2.781,-5.543,0.2,-1.084,-5.547,-40.719,-1.3,-6.680,-40.688,-99.625,4.5,0.428,-99.625,0.000,0.0,0.000,0.000,0.000,0.0,0.000,0.000
0.5220,3.951,0.2,-2.406,3.953,3.770,-1.9,0.803,3.779,24.547,-2.0,6.523,24.547,96.312,-1.9,-0.206,96.312,-2.781,-3.4,1.742,-2.777,-5.543,0.3,-1.047,-5.543,-40.688,0.6,-6.570,-40.719,-99.562,6.5,0.364,-99.625,0.000,0.0,0.000,0.000,0.000,0.0,0.000,0.000
0.5240,3.947,-1.5,-2.488,3.951,3.771,-0.4,0.729,3.770,24.562,2.6,6.449,24.547,96.312,-6.4,-0.161,96.312,-2.773,0.3,1.834,-2.781,-5.539,1.6,-1.123,-5.543,-40.719,-0.1,-6.688,-40.688,-99.562,2.4,0.391,-99.562,0.000,0.0,0.000,0.000,0.000,0.0,0.000,0.000
0.5260,3.953,1.4,-2.316,3.947,3.771,0.0,0.736,3.771,24.547,-6.6,6.438,24.562,96.312,-1.4,-0.164,96.312,-2.773,-0.8,1.727,-2.773,-5.547,-2.1,-1.058,-5.539,-40.719,-2.6,-6.641,-40.719,-99.562,7.8,0.382,-99.562,0.000,0.0,0.000,0.000,0.000,0.0,0.000,0.000
0.5280,3.953,1.2,-2.410,3.953,3.770,-1.3,0.721,3.771,24.547,-0.9,6.508,24.547,96.312,0.9,-0.193,96.312,-2.768,2.3,1.676,-2.773,-5.535,4.0,-1.116,-5.547,-40.719,1.9,-6.637,-40.719,-99.562,6.9,0.379,-99.562,0.000,0.0,0.000,0.000,0.000,0.0,0.000,0.000
0.5300,3.953,1.2,-2.449,3.953,3.771,0.5,0.739,3.770,24.562,6.7,6.523,24.547,96.312,-0.6,-0.259,96.312,-2.773,-0.5,1.757,-2.768,-5.547,-0.8,-1.150,-5.535,-40.719,-2.5,-6.719,-40.719,-99.500,9.0,0.314,-99.562,0.000,0.0,0.000,0.000,0.000,0.0,0.000,0.000
0.5320,3.951,-0.6,-2.375,3.953,3.771,-0.1,0.720,3.771,24.547,-0.1,6.645,24.562,96.312,3.1,-0.365,96.312,-2.773,-0.4,1.847,-2.773,-5.543,0.5,-1.032,-5.547,-40.719,-1.4,-6.449,-40.719,-99.500,7.0,0.278,-99.500,0.000,0.0,0.000,0.000,0.000,0.0,0.000,0.000
0.5343,3.945,-3.2,-2.533,3.951,3.771,0.5,0.848,3.771,24.562,1.4,6.348,24.547,96.312,-2.2,-0.166,96.312,-2.771,0.3,1.685,-2.773,-5.543,0.3,-1.231,-5.543,-40.719,-2.2,-6.703,-40.719,-99.500,9.8,0.452,-99.500,0.000,0.0,0.000,0.000,0.000,0.0,0.000,0.000
0.5365,3.951,1.0,-2.256,3.945,3.771,1.5,0.788,3.771,24.547,-1.8,6.441,24.562,96.312,1.7,-0.229,96.312,-2.773,-2.0,1.635,-2.771,-5.543,0.4,-1.071,-5.543,-40.719,1.4,-6.637,-40.719,-99.500,6.6,0.348,-99.500,0.000,0.0,0.000,0.000,0.000,0.0,0.000,0.000
0.5388,3.957,2.7,-2.465,3.951,3.771,0.2,0.648,3.771,24.547,-1.2,6.598,24.547,96.312,-1.4,-0.314,96.312,-2.771,0.3,1.846,-2.773,-5.543,-0.2,-1.186,-5.543,-40.719,0.4,-6.699,-40.719,-99.500,7.8,0.322,-99.500,0.000,0.0,0.000,0.000,0.000,0.0,0.000,0.000
0.5411,3.961,3.9,-2.270,3.957,3.771,0.4,0.760,3.771,24.562,1.0,6.328,24.547,96.312,4.8,-0.203,96.312,-2.771,0.5,1.878,-2.771,-5.539,2.3,-1.126,-5.543,-40.719,-1.9,-6.711,-40.719,-99.438,7.3,0.355,-99.500,0.000,0.0,0.000,0.000,0.000,0.0,0.000,0.000
0.5430,3.947,-1.4,-2.266,3.961,3.771,0.8,0.765,3.771,24.547,-0.7,6.500,24.562,96.312,-1.7,-0.267,96.312,-2.771,0.6,1.690,-2.771,-5.547,-2.8,-1.197,-5.539,-40.719,1.1,-6.750,-40.719,-99.438,7.2,0.360,-99.438,0.000,0.0,0.000,0.000,0.000,0.0,0.000,0.000
0.5445,3.947,-1.5,-2.416,3.947,3.771,0.8,0.763,3.771,24.562,0.5,6.434,24.547,96.312,-2.8,-0.218,96.312,-2.781,-4.7,1.524,-2.771,-5.539,2.0,-1.156,-5.547,-40.719,0.4,-6.629,-40.719,-99.438,9.4,0.347,-99.438,0.000,0.0,0.000,0.000,0.000,0.0,0.000,0.000
0.5460,3.951,0.2,-2.305,3.947,3.775,2.3,0.685,3.771,24.547,-0.2,6.426,24.562,96.312,2.5,-0.233,96.312,-2.771,-0.3,1.635,-2.781,-5.551,-4.3,-1.162,-5.539,-40.719,-3.3,-6.652,-40.719,-99.438,7.3,0.306,-99.438,0.000,0.0,0.000,0.000,0.000,0.0,0.000,0.000
0.5480,3.951,-0.2,-2.328,3.951,3.775,2.2,0.774,3.775,24.547,-0.6,6.422,24.547,96.312,-1.8,-0.305,96.312,-2.762,3.7,1.544,-2.771,-5.547,-1.0,-1.118,-5.551,-40.719,-2.3,-6.672,-40.719,-99.375,9.3,0.290,-99.438,0.000,0.0,0.000,0.000,0.000,0.0,0.000,0.000
0.5500,3.951,-0.1,-2.412,3.951,3.766,-2.2,0.854,3.775,24.547,-0.8,6.539,24.547,96.312,1.7,-0.279,96.312,-2.773,-2.1,1.646,-2.762,-5.539,2.1,-1.136,-5.547,-40.719,0.7,-6.719,-40.719,-99.375,9.3,0.329,-99.375,0.000,0.0,0.000,0.000,0.000,0.0,0.000,0.000
0.5520,3.951,-0.3,-2.367,3.951,3.770,-0.8,0.786,3.766,24.547,-0.4,6.508,24.547,96.312,-3.2,-0.326,96.312,-2.771,-1.2,1.578,-2.773,-5.547,-1.2,-1.141,-5.539,-40.719,-2.8,-6.586,-40.719,-99.375,8.4,0.323,-99.375,0.000,0.0,0.000,0.000,0.000,0.0,0.000,0.000
0.5540,3.951,-0.5,-2.521,3.951,3.775,1.8,0.772,3.770,24.547,-1.7,6.418,24.547,96.312,2.7,-0.244,96.312,-2.777,-3.9,1.562,-2.771,-5.547,-1.4,-1.250,-5.547,-40.719,0.5,-6.832,-40.719,-99.375,8.2,0.472,-99.375,0.000,0.0,0.000,0.000,0.000,0.0,0.000,0.000
0.5560,3.947,-1.5,-2.430,3.951,3.775,2.0,0.809,3.775,24.547,-0.8,6.398,24.547,96.312,-1.4,-0.226,96.312,-2.773,-1.9,1.584,-2.777,-5.547,-2.4,-1.180,-5.547,-40.719,-2.1,-6.758,-40.719,-99.312,5.9,0.398,-99.375,0.000,0.0,0.000,0.000,0.000,0.0,0.000,0.000
0.5583,3.945,-2.9,-2.352,3.947,3.770,-1.0,0.770,3.775,24.547,-2.1,6.516,24.547,96.312,-2.7,-0.222,96.312,-2.768,1.6,1.799,-2.773,-5.539,3.0,-1.159,-5.547,-40.719,-1.4,-6.730,-40.719,-99.312,6.7,0.413,-99.312,0.000,0.0,0.000,0.000,0.000,0.0,0.000,0.000
0.5603,3.947,-2.1,-2.553,3.945,3.770,-0.5,0.745,3.770,24.562,0.6,6.492,24.547,96.312,-1.5,-0.316,96.312,-2.771,-0.7,1.739,-2.768,-5.551,-3.6,-1.236,-5.539,-40.750,-5.2,-6.785,-40.719,-99.312,7.7,0.403,-99.312,0.000,0.0,0.000,0.000,0.000,0.0,0.000,0.000
0.5623,3.953,1.5,-2.330,3.947,3.770,-0.1,0.787,3.770,24.547,-2.3,6.371,24.562,96.312,-4.1,-0.227,96.312,-2.766,2.1,1.727,-2.771,-5.547,-0.5,-1.202,-5.551,-40.719,-1.0,-6.766,-40.750,-99.312,6.5,0.474,-99.312,0.000,0.0,0.000,0.000,0.000,0.0,0.000,0.000
0.5642,3.951,-0.5,-2.527,3.953,3.771,0.0,0.546,3.770,24.562,0.8,6.500,24.547,96.312,-1.7,-0.310,96.312,-2.768,1.1,1.926,-2.766,-5.543,1.8,-1.233,-5.547,-40.719,3.3,-6.852,-40.719,-99.312,7.6,0.407,-99.312,0.000,0.0,0.000,0.000,0.000,0.0,0.000,0.000
0.5661,3.951,-0.1,-2.299,3.951,3.771,0.4,0.724,3.771,24.562,2.7,6.543,24.562,96.312,1.7,-0.316,96.312,-2.766,1.5,1.626,-2.768,-5.547,-0.5,-1.228,-5.543,-40.719,0.2,-6.707,-40.719,-99.250,3.8,0.422,-99.312,0.000,0.0,0.000,0.000,0.000,0.0,0.000,0.000
0.5680,3.951,-0.4,-2.406,3.951,3.775,2.1,0.695,3.771,24.547,-0.4,6.484,24.562,96.312,-0.7,-0.252,96.312,-2.773,-2.1,1.674,-2.766,-5.547,-2.1,-1.195,-5.547,-40.719,2.2,-6.816,-40.719,-99.250,4.5,0.404,-99.250,0.000,0.0,0.000,0.000,0.000,0.0,0.000,0.000
0.5700,3.953,1.0,-2.473,3.951,3.770,-1.1,0.720,3.775,24.547,0.1,6.594,24.547,96.312,1.4,-0.310,96.312,-2.773,-1.6,1.724,-2.773,-5.547,0.6,-1.102,-5.547,-40.719,2.4,-6.730,-40.719,-99.250,8.8,0.466,-99.250,0.000,0.0,0.000,0.000,0.000,0.0,0.000,0.000
0.5720,3.945,-3.0,-2.451,3.953,3.771,0.2,0.768,3.770,24.562,0.1,6.625,24.547,96.312,-0.3,-0.397,96.312,-2.773,-1.1,1.864,-2.773,-5.543,1.6,-1.099,-5.547,-40.750,-0.7,-6.688,-40.719,-99.250,9.1,0.358,-99.250,0.000,0.0,0.000,0.000,0.000,0.0,0.000,0.000
0.5740,3.953,1.2,-2.631,3.945,3.781,4.2,0.815,3.771,24.547,-2.9,6.652,24.562,96.312,-3.0,-0.351,96.312,-2.773,-1.4,1.630,-2.773,-5.547,-1.3,-1.114,-5.543,-40.750,-1.1,-6.613,-40.750,-99.250,6.1,0.347,-99.250,0.000,0.0,0.000,0.000,0.000,0.0,0.000,0.000
0.5760,3.947,-1.3,-2.248,3.953,3.775,1.2,0.897,3.781,24.547,-1.6,6.582,24.547,96.312,-3.2,-0.323,96.312,-2.771,-0.2,1.675,-2.773,-5.543,1.3,-1.109,-5.547,-40.750,0.3,-6.574,-40.750,-99.250,4.9,0.375,-99.250,0.000,0.0,0.000,0.000,0.000,0.0,0.000,0.000
0.5780,3.947,-1.2,-2.545,3.947,3.779,3.1,0.873,3.775,24.578,6.4,6.555,24.547,96.312,-3.1,-0.329,96.312,-2.773,-1.8,1.687,-2.771,-5.547,-0.6,-1.153,-5.543,-40.750,-1.4,-6.742,-40.750,-99.188,5.1,0.473,-99.250,0.000,0.0,0.000,0.000,0.000,0.0,0.000,0.000
0.5800,3.947,-1.2,-2.420,3.947,3.775,0.6,0.707,3.779,24.562,3.8,6.477,24.578,96.312,1.2,-0.323,96.312,-2.762,4.2,1.747,-2.773,-5.543,1.2,-1.208,-5.547,-40.719,2.0,-6.750,-40.750,-99.188,6.1,0.474,-99.188,0.000,0.0,0.000,0.000,0.000,0.0,0.000,0.000
0.5820,3.957,2.9,-2.393,3.947,3.770,-2.2,0.739,3.775,24.562,1.9,6.539,24.562,96.312,-4.2,-0.318,96.312,-2.766,2.1,1.644,-2.762,-5.547,0.2,-1.158,-5.543,-40.750,-2.0,-6.938,-40.719,-99.188,3.7,0.517,-99.188,0.000,0.0,0.000,0.000,0.000,0.0,0.000,0.000
0.5840,3.953,2.0,-2.383,3.957,3.775,0.5,0.816,3.770,24.562,1.8,6.562,24.562,96.312,-0.8,-0.441,96.312,-2.777,-3.4,1.682,-2.766,-5.539,2.9,-1.151,-5.547,-40.750,0.1,-6.586,-40.750,-99.188,4.1,0.516,-99.188,0.000,0.0,0.000,0.000,0.000,0.0,0.000,0.000
0.5860,3.957,3.2,-2.357,3.953,3.766,-3.3,0.921,3.775,24.562,1.3,6.781,24.562,96.312,-2.4,-0.425,96.312,-2.768,1.6,1.696,-2.777,-5.551,-2.6,-1.056,-5.539,-40.750,-1.0,-6.629,-40.750,-99.188,1.3,0.408,-99.188,0.000,0.0,0.000,0.000,0.000,0.0,0.000,0.000
0.5880,3.947,-1.6,-2.551,3.957,3.771,-0.5,0.848,3.766,24.562,-0.1,6.711,24.562,96.312,-2.0,-0.433,96.312,-2.771,0.4,1.817,-2.768,-5.547,-0.9,-1.023,-5.551,-40.750,-2.1,-6.625,-40.750,-99.188,1.5,0.444,-99.188,0.000,0.0,0.000,0.000,0.000,0.0,0.000,0.000
0.5902,3.951,-0.1,-2.473,3.947,3.766,-3.8,0.919,3.771,24.562,0.6,6.824,24.562,96.312,-3.5,-0.395,96.312,-2.777,-3.5,1.593,-2.771,-5.543,2.3,-1.050,-5.547,-40.750,-3.5,-6.570,-40.750,-99.188,2.5,0.359,-99.188,0.000,0.0,0.000,0.000,0.000,0.0,0.000,0.000
0.5923,3.951,0.1,-2.537,3.951,3.775,0.0,0.812,3.766,24.562,-1.4,6.785,24.562,96.312,0.8,-0.334,96.312,-2.773,-0.6,1.771,-2.777,-5.551,-2.5,-1.111,-5.543,-40.750,-0.9,-6.836,-40.750,-99.188,3.9,0.448,-99.188,0.000,0.0,0.000,0.000,0.000,0.0,0.000,0.000
0.5944,3.957,3.1,-2.430,3.951,3.775,-0.8,0.805,3.775,24.562,-1.1,6.668,24.562,96.250,-3.6,-0.377,96.312,-2.768,1.7,1.637,-2.773,-5.547,-1.6,-1.084,-5.551,-40.719,2.7,-6.598,-40.750,-99.188,1.5,0.402,-99.188,0.000,0.0,0.000,0.000,0.000,0.0,0.000,0.000
0.5961,3.951,-0.5,-2.508,3.957,3.779,0.4,0.837,3.775,24.578,2.1,6.824,24.562,96.250,-3.4,-0.327,96.250,-2.773,-1.6,1.646,-2.768,-5.547,-0.0,-1.008,-5.547,-40.750,-0.9,-6.641,-40.719,-99.188,4.4,0.361,-99.188,0.000,0.0,0.000,0.000,0.000,0.0,0.000,0.000
0.5980,3.947,-0.4,-2.371,3.951,3.771,-2.6,0.933,3.779,24.562,-3.1,6.738,24.578,96.250,-2.9,-0.328,96.250,-2.771,-0.6,1.502,-2.773,-5.551,-2.8,-1.044,-5.547,-40.719,1.4,-6.629,-40.750,-99.188,1.5,0.468,-99.188,0.000,0.0,0.000,0.000,0.000,0.0,0.000,0.000
0.6000,3.947,-0.9,-2.387,3.947,3.775,-0.7,0.848,3.771,24.562,-0.3,6.633,24.562,96.250,-3.2,-0.277,96.250,-2.773,-1.5,1.766,-2.771,-5.547,-0.0,-1.046,-5.551,-40.750,-0.8,-6.754,-40.719,-99.188,-2.1,0.555,-99.188,0.000,0.0,0.000,0.000,0.000,0.0,0.000,0.000
0.6020,3.951,-0.1,-2.631,3.947,3.766,-4.7,0.796,3.775,24.562,-3.1,6.691,24.562,96.250,-3.2,-0.394,96.250,-2.766,2.9,1.650,-2.773,-5.547,1.5,-1.188,-5.547,-40.750,-2.7,-6.496,-40.750,-99.188,1.7,0.491,-99.188,0.000,0.0,0.000,0.000,0.000,0.0,0.000,0.000
0.6040,3.951,0.2,-2.328,3.951,3.775,-0.8,0.931,3.766,24.562,-2.3,6.922,24.562,96.250,1.3,-0.349,96.250,-2.771,-0.2,1.721,-2.766,-5.547,-0.2,-1.100,-5.547,-40.750,-1.5,-6.602,-40.750,-99.188,-4.0,0.552,-99.188,0.000,0.0,0.000,0.000,0.000,0.0,0.000,0.000
0.6060,3.947,-1.3,-2.393,3.951,3.775,-1.0,0.886,3.775,24.578,6.1,6.742,24.562,96.250,-0.9,-0.317,96.250,-2.773,-1.8,1.561,-2.771,-5.551,-1.5,-1.159,-5.547,-40.750,-1.2,-6.676,-40.750,-99.188,1.8,0.510,-99.188,0.000,0.0,0.000,0.000,0.000,0.0,0.000,0.000
0.6080,3.957,3.1,-2.445,3.947,3.785,2.5,0.872,3.775,24.578,-0.8,6.812,24.578,96.250,-3.6,-0.398,96.250,-2.781,-4.6,1.592,-2.773,-5.551,-1.0,-1.011,-5.551,-40.750,1.1,-6.469,-40.750,-99.188,0.9,0.456,-99.188,0.000,0.0,0.000,0.000,0.000,0.0,0.000,0.000
0.6100,3.951,-0.3,-2.580,3.957,3.779,-0.0,1.000,3.785,24.562,-1.9,6.723,24.578,96.250,-3.7,-0.290,96.250,-2.773,-0.8,1.771,-2.781,-5.543,3.1,-1.164,-5.551,-40.719,2.3,-6.691,-40.750,-99.188,-1.2,0.544,-99.188,0.000,0.0,0.000,0.000,0.000,0.0,0.000,0.000
0.6123,3.951,-0.0,-2.559,3.951,3.781,1.6,0.864,3.779,24.578,1.1,6.738,24.562,96.188,-5.1,-0.298,96.250,-2.766,3.4,1.694,-2.773,-5.555,-3.0,-1.110,-5.543,-40.750,-0.7,-6.586,-40.719,-99.188,1.1,0.452,-99.188,0.000,0.0,0.000,0.000,0.000,0.0,0.000,0.000
0.6143,3.953,1.5,-2.523,3.951,3.775,-2.1,0.881,3.781,24.578,4.2,6.961,24.578,96.188,-4.4,-0.353,96.188,-2.766,2.9,1.634,-2.766,-5.551,-1.3,-1.086,-5.555,-40.750,-1.0,-6.648,-40.750,-99.188,-2.1,0.490,-99.188,0.000,0.0,0.000,0.000,0.000,0.0,0.000,0.000
0.6169,3.941,-4.6,-2.516,3.953,3.785,1.9,0.889,3.775,24.562,-2.0,6.898,24.578,96.188,-7.8,-0.401,96.188,-2.771,-0.1,1.705,-2.766,-5.551,-1.2,-1.043,-5.551,-40.750,-1.6,-6.652,-40.750,-99.188,-2.0,0.503,-99.188,0.000,0.0,0.000,0.000,0.000,0.0,0.000,0.000
0.6189,3.961,4.1,-2.590,3.941,3.785,1.9,0.931,3.785,24.578,3.6,6.863,24.562,96.188,-6.0,-0.294,96.188,-2.766,3.2,1.739,-2.771,-5.551,-0.8,-0.995,-5.551,-40.719,1.8,-6.520,-40.750,-99.188,1.1,0.469,-99.188,0.000,0.0,0.000,0.000,0.000,0.0,0.000,0.000
0.6206,3.947,-1.3,-2.387,3.961,3.779,-1.2,0.975,3.785,24.594,5.8,6.980,24.578,96.188,-6.1,-0.299,96.188,-2.771,-0.3,1.544,-2.766,-5.551,-1.1,-1.055,-5.551,-40.719,1.8,-6.609,-40.719,-99.188,2.8,0.482,-99.188,0.000,0.0,0.000,0.000,0.000,0.0,0.000,0.000
0.6221,3.957,3.6,-2.432,3.947,3.779,-1.3,0.983,3.779,24.578,2.1,7.039,24.594,96.125,-6.1,-0.399,96.188,-2.777,-2.5,1.885,-2.771,-5.547,-0.2,-1.104,-5.551,-40.719,0.4,-6.527,-40.719,-99.188,2.4,0.437,-99.188,0.000,0.0,0.000,0.000,0.000,0.0,0.000,0.000
0.6240,3.947,-1.7,-2.504,3.957,3.795,6.2,1.123,3.779,24.578,-1.3,7.027,24.578,96.125,-5.2,-0.332,96.125,-2.768,1.7,1.609,-2.777,-5.555,-3.5,-1.019,-5.547,-40.750,-2.1,-6.523,-40.719,-99.188,-0.3,0.448,-99.188,0.000,0.0,0.000,0.000,0.000,0.0,0.000,0.000
0.6260,3.953,1.8,-2.416,3.947,3.787,2.7,1.032,3.795,24.578,-1.4,6.996,24.578,96.125,-7.7,-0.347,96.125,-2.768,1.3,1.684,-2.768,-5.547,0.4,-1.043,-5.555,-40.750,-2.5,-6.520,-40.750,-99.188,1.2,0.448,-99.188,0.000,0.0,0.000,0.000,0.000,0.0,0.000,0.000
0.6280,3.951,0.3,-2.438,3.953,3.791,3.2,1.046,3.787,24.594,1.7,7.008,24.578,96.062,-12.4,-0.351,96.125,-2.777,-2.4,1.654,-2.768,-5.547,0.1,-0.974,-5.547,-40.719,0.4,-6.523,-40.750,-99.188,1.8,0.496,-99.188,0.000,0.0,0.000,0.000,0.000,0.0,0.000,0.000
0.6300,3.947,-1.0,-2.518,3.951,3.781,-2.1,1.027,3.791,24.578,-1.6,6.898,24.594,96.062,-7.9,-0.216,96.062,-2.773,-1.7,1.512,-2.777,-5.551,-1.2,-1.007,-5.547,-40.750,-1.2,-6.574,-40.719,-99.188,0.5,0.557,-99.188,0.000,0.0,0.000,0.000,0.000,0.0,0.000,0.000
0.6320,3.945,-2.4,-2.516,3.947,3.785,-0.9,0.947,3.781,24.594,0.9,6.781,24.578,96.062,-11.3,-0.211,96.062,-2.771,-0.3,1.700,-2.773,-5.543,3.2,-1.054,-5.551,-40.719,-0.0,-6.777,-40.750,-99.188,3.1,0.502,-99.188,0.000,0.0,0.000,0.000,0.000,0.0,0.000,0.000
0.6340,3.947,-0.8,-2.584,3.945,3.785,-1.2,1.018,3.785,24.594,-1.8,6.859,24.594,96.000,-11.4,-0.155,96.062,-2.771,0.2,1.795,-2.771,-5.547,1.7,-0.977,-5.543,-40.750,-6.0,-6.695,-40.719,-99.188,-1.5,0.586,-99.188,0.000,0.0,0.000,0.000,0.000,0.0,0.000,0.000
0.6360,3.953,2.1,-2.518,3.947,3.785,-0.7,1.163,3.785,24.594,-0.6,7.184,24.594,96.000,-12.1,-0.244,96.000,-2.766,4.6,1.826,-2.771,-5.547,0.5,-0.910,-5.547,-40.750,-0.6,-6.422,-40.750,-99.188,3.0,0.500,-99.188,0.000,0.0,0.000,0.000,0.000,0.0,0.000,0.000
0.6380,3.947,-1.2,-2.639,3.953,3.791,2.5,1.101,3.785,24.594,0.0,6.883,24.594,96.000,-13.6,-0.132,96.000,-2.771,0.5,1.627,-2.766,-5.551,-1.3,-1.049,-5.547,-40.750,-2.1,-6.688,-40.750,-99.188,-2.7,0.551,-99.188,0.000,0.0,0.000,0.000,0.000,0.0,0.000,0.000
0.6401,3.947,-0.7,-2.529,3.947,3.785,-1.4,0.981,3.791,24.594,-0.2,6.965,24.594,95.938,-11.2,-0.213,96.000,-2.771,-0.3,1.615,-2.771,-5.547,2.0,-1.027,-5.551,-40.750,0.5,-6.586,-40.750,-99.125,4.6,0.547,-99.188,0.000,0.0,0.000,0.000,0.000,0.0,0.000,0.000
0.6423,3.947,-0.8,-2.529,3.947,3.785,-1.3,1.056,3.785,24.594,-1.1,6.949,24.594,95.938,-14.4,-0.157,95.938,-2.766,3.0,1.667,-2.771,-5.547,1.4,-1.075,-5.547,-40.750,0.6,-6.504,-40.750,-99.188,-0.3,0.515,-99.125,0.000,0.0,0.000,0.000,0.000,0.0,0.000,0.000
0.6444,3.951,0.5,-2.500,3.947,3.775,-6.1,0.965,3.785,24.594,-1.5,7.059,24.594,95.875,-13.8,-0.170,95.938,-2.771,0.9,1.881,-2.766,-5.547,0.0,-1.079,-5.547,-40.750,-1.5,-6.703,-40.750,-99.188,-2.8,0.536,-99.188,0.000,0.0,0.000,0.000,0.000,0.0,0.000,0.000
0.6465,3.947,-0.8,-2.582,3.951,3.785,-1.3,1.021,3.775,24.609,3.6,7.293,24.594,95.875,-14.4,-0.232,95.875,-2.771,0.3,1.684,-2.771,-5.555,-2.7,-0.946,-5.547,-40.750,-1.8,-6.539,-40.750,-99.188,1.2,0.429,-99.188,0.000,0.0,0.000,0.000,0.000,0.0,0.000,0.000
0.6480,3.947,-1.6,-2.703,3.947,3.785,-1.2,1.172,3.785,24.609,0.9,7.168,24.609,95.812,-16.5,-0.138,95.875,-2.781,-4.0,1.642,-2.771,-5.551,-0.4,-0.925,-5.555,-40.719,4.0,-6.645,-40.750,-99.125,3.7,0.448,-99.188,0.000,0.0,0.000,0.000,0.000,0.0,0.000,0.000
0.6500,3.951,0.1,-2.434,3.947,3.787,-0.7,1.041,3.785,24.609,1.5,7.203,24.609,95.812,-13.4,-0.203,95.812,-2.777,-2.2,1.580,-2.781,-5.551,-0.8,-0.941,-5.551,-40.750,-0.5,-6.445,-40.719,-99.188,0.2,0.462,-99.125,0.000,0.0,0.000,0.000,0.000,0.0,0.000,0.000
0.6520,3.945,-2.4,-2.477,3.951,3.785,-1.8,1.151,3.787,24.609,-0.2,7.129,24.609,95.812,-12.4,-0.204,95.812,-2.773,-0.8,1.583,-2.777,-5.547,0.9,-0.945,-5.551,-40.719,1.2,-6.488,-40.750,-99.125,1.4,0.447,-99.188,0.000,0.0,0.000,0.000,0.000,0.0,0.000,0.000
0.6540,3.951,0.0,-2.619,3.945,3.797,3.7,1.129,3.785,24.609,3.0,7.211,24.609,95.750,-11.0,-0.225,95.812,-2.766,3.1,1.523,-2.773,-5.547,0.4,-0.929,-5.547,-40.750,-1.7,-6.449,-40.719,-99.125,2.3,0.424,-99.125,0.000,0.0,0.000,0.000,0.000,0.0,0.000,0.000
0.6560,3.951,-0.6,-2.811,3.951,3.787,-1.3,1.230,3.797,24.609,1.1,7.191,24.609,95.750,-10.2,-0.339,95.750,-2.766,3.8,1.675,-2.766,-5.547,-0.1,-0.890,-5.547,-40.750,-1.9,-6.461,-40.750,-99.125,0.7,0.480,-99.125,0.000,0.0,0.000,0.000,0.000,0.0,0.000,0.000
0.6580,3.945,-3.0,-2.572,3.951,3.785,-2.2,1.324,3.787,24.609,-0.4,7.047,24.609,95.750,-12.4,-0.230,95.750,-2.771,1.1,1.690,-2.766,-5.547,0.3,-0.938,-5.547,-40.719,5.5,-6.430,-40.750,-99.125,1.7,0.531,-99.125,0.000,0.0,0.000,0.000,0.000,0.0,0.000,0.000
0.6600,3.941,-3.3,-2.480,3.945,3.795,1.0,0.984,3.785,24.609,-1.0,7.133,24.609,95.688,-12.1,-0.136,95.750,-2.777,-1.4,1.672,-2.771,-5.547,1.3,-0.906,-5.547,-40.750,-2.0,-6.621,-40.719,-99.188,-1.4,0.492,-99.125,0.000,0.0,0.000,0.000,0.000,0.0,0.000,0.000
0.6620,3.947,0.6,-2.291,3.941,3.791,0.3,1.142,3.795,24.625,2.7,7.086,24.609,95.688,-9.0,-0.219,95.688,-2.771,1.7,1.710,-2.777,-5.547,0.2,-1.096,-5.547,-40.750,-1.2,-6.547,-40.750,-99.188,0.5,0.565,-99.188,0.000,0.0,0.000,0.000,0.000,0.0,0.000,0.000
0.6640,3.941,-2.4,-2.424,3.947,3.787,-1.7,1.044,3.791,24.625,3.9,6.977,24.625,95.625,-14.4,-0.153,95.688,-2.768,2.3,1.637,-2.771,-5.547,2.0,-1.072,-5.547,-40.750,-2.2,-6.562,-40.750,-99.188,-4.2,0.529,-99.188,0.000,0.0,0.000,0.000,0.000,0.0,0.000,0.000
0.6660,3.945,-1.4,-2.469,3.941,3.791,-0.5,1.127,3.787,24.625,1.6,7.129,24.625,95.625,-10.6,-0.281,95.625,-2.777,-1.5,1.685,-2.768,-5.551,-1.2,-0.998,-5.547,-40.750,-0.2,-6.410,-40.750,-99.125,1.0,0.445,-99.188,0.000,0.0,0.000,0.000,0.000,0.0,0.000,0.000
0.6680,3.947,-0.2,-2.652,3.945,3.787,-1.9,1.131,3.791,24.641,2.5,7.109,24.625,95.625,-10.4,-0.195,95.625,-2.773,-0.8,1.630,-2.777,-5.551,-1.0,-0.985,-5.551,-40.750,0.6,-6.590,-40.750,-99.188,-2.0,0.532,-99.125,0.000,0.0,0.000,0.000,0.000,0.0,0.000,0.000
0.6702,3.945,-1.6,-2.541,3.947,3.785,-2.7,1.154,3.787,24.625,-0.1,7.105,24.641,95.625,-7.1,-0.217,95.625,-2.773,-1.3,1.590,-2.773,-5.547,2.1,-1.000,-5.551,-40.719,2.3,-6.602,-40.750,-99.125,0.4,0.548,-99.188,0.000,0.0,0.000,0.000,0.000,0.0,0.000,0.000
0.6722,3.941,-3.0,-2.295,3.945,3.791,-0.5,1.176,3.785,24.641,1.2,7.352,24.625,95.562,-9.8,-0.329,95.625,-2.777,-2.8,1.399,-2.773,-5.551,-0.6,-0.804,-5.547,-40.750,0.4,-6.398,-40.719,-99.125,1.5,0.430,-99.125,0.000,0.0,0.000,0.000,0.000,0.0,0.000,0.000
0.6743,3.953,3.7,-2.375,3.941,3.801,3.8,1.210,3.791,24.641,0.7,7.191,24.641,95.562,-11.7,-0.170,95.562,-2.756,7.3,1.556,-2.777,-5.547,0.8,-0.945,-5.551,-40.750,0.9,-6.574,-40.750,-99.125,1.3,0.521,-99.125,0.000,0.0,0.000,0.000,0.000,0.0,0.000,0.000
0.6762,3.947,-0.2,-2.664,3.953,3.801,3.4,1.203,3.801,24.641,-0.9,6.973,24.641,95.562,-9.1,-0.195,95.562,-2.773,-1.3,1.604,-2.756,-5.547,-0.3,-1.116,-5.547,-40.719,1.6,-6.496,-40.750,-99.125,2.9,0.518,-99.125,0.000,0.0,0.000,0.000,0.000,0.0,0.000,0.000
0.6780,3.947,-0.3,-2.746,3.947,3.795,0.8,1.211,3.801,24.641,2.6,7.250,24.641,95.500,-11.9,-0.081,95.562,-2.771,0.5,1.694,-2.773,-5.555,-2.8,-0.970,-5.547,-40.750,-1.8,-6.543,-40.719,-99.125,-0.9,0.476,-99.125,0.000,0.0,0.000,0.000,0.000,0.0,0.000,0.000
0.6800,3.953,2.5,-2.611,3.947,3.787,-1.9,1.095,3.795,24.656,4.1,6.887,24.641,95.500,-7.9,-0.104,95.500,-2.777,-1.4,1.844,-2.771,-5.547,1.6,-1.032,-5.555,-40.750,-2.9,-6.656,-40.750,-99.188,-2.4,0.596,-99.125,0.000,0.0,0.000,0.000,0.000,0.0,0.000,0.000
0.6820,3.953,2.2,-2.562,3.953,3.795,0.8,1.058,3.787,24.641,0.4,7.117,24.656,95.500,-10.7,-0.173,95.500,-2.771,1.4,1.662,-2.777,-5.547,-0.2,-1.021,-5.547,-40.719,2.3,-6.523,-40.750,-99.125,-0.9,0.592,-99.188,0.000,0.0,0.000,0.000,0.000,0.0,0.000,0.000
0.6840,3.947,-1.2,-2.525,3.953,3.787,-1.8,1.083,3.795,24.656,4.8,7.098,24.641,95.438,-10.1,-0.093,95.500,-2.777,-2.2,1.471,-2.771,-5.559,-4.1,-1.098,-5.547,-40.750,-0.9,-6.535,-40.719,-99.125,0.1,0.580,-99.125,0.000,0.0,0.000,0.000,0.000,0.0,0.000,0.000
0.6860,3.953,2.5,-2.473,3.947,3.795,1.8,1.214,3.787,24.641,-2.5,6.992,24.656,95.438,-11.9,-0.148,95.438,-2.771,0.4,1.686,-2.777,-5.555,-1.6,-0.979,-5.559,-40.750,-0.8,-6.645,-40.750,-99.125,-0.0,0.560,-99.125,0.000,0.0,0.000,0.000,0.000,0.0,0.000,0.000
0.6880,3.945,-2.1,-2.469,3.953,3.795,1.2,1.147,3.795,24.656,1.9,7.203,24.641,95.438,-8.2,-0.154,95.438,-2.768,1.5,1.557,-2.771,-5.559,-4.2,-1.168,-5.555,-40.750,-0.3,-6.660,-40.750,-99.125,-0.9,0.489,-99.125,0.000,0.0,0.000,0.000,0.000,0.0,0.000,0.000
0.6900,3.947,-0.4,-2.531,3.945,3.785,-3.0,1.192,3.795,24.641,-0.4,7.180,24.656,95.375,-11.3,-0.129,95.438,-2.773,-1.2,1.669,-2.768,-5.555,-2.5,-0.969,-5.559,-40.750,3.5,-6.445,-40.750,-99.125,4.1,0.451,-99.125,0.000,0.0,0.000,0.000,0.000,0.0,0.000,0.000
0.6920,3.938,-4.8,-2.510,3.947,3.803,5.6,1.235,3.785,24.656,6.8,7.273,24.641,95.375,-9.4,-0.186,95.375,-2.773,-1.7,1.575,-2.773,-5.543,3.2,-1.022,-5.555,-40.750,1.9,-6.555,-40.750,-99.125,4.8,0.541,-99.125,0.000,0.0,0.000,0.000,0.000,0.0,0.000,0.000
0.6940,3.945,-1.3,-2.529,3.938,3.791,-0.7,1.150,3.803,24.656,3.0,7.086,24.656,95.312,-12.9,-0.071,95.375,-2.771,0.3,1.580,-2.773,-5.547,0.9,-1.093,-5.543,-40.750,0.1,-6.598,-40.750,-99.125,0.2,0.577,-99.125,0.000,0.0,0.000,0.000,0.000,0.0,0.000,0.000
0.6960,3.951,-0.3,-2.531,3.945,3.801,3.5,1.159,3.791,24.656,1.3,7.121,24.656,95.312,-15.2,-0.106,95.312,-2.768,2.2,1.698,-2.771,-5.547,-0.3,-1.057,-5.547,-40.750,4.0,-6.504,-40.750,-99.125,4.4,0.509,-99.125,0.000,0.0,0.000,0.000,0.000,0.0,0.000,0.000
0.6981,3.951,0.7,-2.555,3.951,3.801,3.9,1.243,3.801,24.656,3.1,7.148,24.656,95.250,-14.4,-0.166,95.312,-2.768,1.6,1.544,-2.768,-5.559,-4.5,-1.044,-5.547,-40.750,-1.5,-6.734,-40.750,-99.125,8.2,0.617,-99.125,0.000,0.0,0.000,0.000,0.000,0.0,0.000,0.000
0.7002,3.947,0.4,-2.457,3.951,3.791,-0.4,1.304,3.801,24.656,0.5,7.207,24.656,95.250,-9.1,-0.192,95.250,-2.771,0.0,1.554,-2.768,-5.551,-1.5,-1.040,-5.559,-40.750,-1.1,-6.707,-40.750,-99.125,-1.7,0.665,-99.125,0.000,0.0,0.000,0.000,0.000,0.0,0.000,0.000
0.7023,3.938,-4.9,-2.592,3.947,3.791,-0.5,1.190,3.791,24.672,5.5,7.301,24.656,95.250,-11.5,-0.157,95.250,-2.773,-0.8,1.663,-2.771,-5.547,0.8,-1.010,-5.551,-40.750,1.1,-6.566,-40.750,-99.125,3.3,0.535,-99.125,0.000,0.0,0.000,0.000,0.000,0.0,0.000,0.000
0.7043,3.938,-4.5,-2.516,3.938,3.787,-0.7,1.351,3.791,24.672,4.8,7.168,24.672,95.188,-13.0,-0.253,95.250,-2.777,-2.1,1.533,-2.773,-5.547,-0.5,-1.084,-5.547,-40.750,-1.0,-6.734,-40.750,-99.125,2.2,0.495,-99.125,0.000,0.0,0.000,0.000,0.000,0.0,0.000,0.000
0.7060,3.951,1.1,-2.684,3.938,3.787,-1.3,1.209,3.787,24.672,-0.4,7.176,24.672,95.188,-11.2,-0.261,95.188,-2.777,-2.3,1.766,-2.777,-5.547,-1.4,-1.176,-5.547,-40.750,1.1,-6.914,-40.750,-99.125,5.2,0.585,-99.125,0.000,0.0,0.000,0.000,0.000,0.0,0.000,0.000
0.7080,3.938,-4.8,-2.477,3.951,3.797,2.2,1.080,3.787,24.688,4.3,7.109,24.672,95.188,-7.9,-0.213,95.188,-2.768,2.1,1.582,-2.777,-5.539,3.3,-1.125,-5.547,-40.750,-0.7,-6.605,-40.750,-99.125,4.5,0.684,-99.125,0.000,0.0,0.000,0.000,0.000,0.0,0.000,0.000
0.7100,3.947,1.1,-2.402,3.938,3.791,-1.3,1.053,3.797,24.672,-0.5,7.152,24.688,95.188,-8.8,-0.273,95.188,-2.777,-2.6,1.696,-2.768,-5.547,-1.5,-1.125,-5.539,-40.750,2.0,-6.656,-40.750,-99.125,4.2,0.545,-99.125,0.000,0.0,0.000,0.000,0.000,0.0,0.000,0.000
0.7120,3.951,1.7,-2.680,3.947,3.795,1.0,1.239,3.791,24.688,1.7,7.020,24.672,95.125,-10.0,-0.294,95.188,-2.777,-2.6,1.626,-2.777,-5.547,-0.8,-1.017,-5.547,-40.750,-2.1,-6.672,-40.750,-99.062,4.5,0.545,-99.125,0.000,0.0,0.000,0.000,0.000,0.0,0.000,0.000
0.7140,3.947,-0.7,-2.607,3.951,3.797,2.5,1.207,3.795,24.688,3.0,6.914,24.688,95.125,-7.8,-0.137,95.125,-2.773,-1.6,1.696,-2.777,-5.547,1.6,-1.188,-5.547,-40.750,-1.9,-6.809,-40.750,-99.062,7.4,0.658,-99.062,0.000,0.0,0.000,0.000,0.000,0.0,0.000,0.000
0.7160,3.951,1.4,-2.520,3.947,3.797,2.5,1.010,3.797,24.688,-1.7,6.992,24.688,95.125,-6.1,-0.176,95.125,-2.768,2.3,1.796,-2.773,-5.539,4.1,-1.259,-5.547,-40.750,0.4,-6.828,-40.750,-99.062,4.2,0.521,-99.062,0.000,0.0,0.000,0.000,0.000,0.0,0.000,0.000
0.7180,3.945,-1.2,-2.512,3.951,3.795,1.4,1.060,3.797,24.688,2.3,6.980,24.688,95.125,-2.8,-0.156,95.125,-2.762,4.1,1.795,-2.768,-5.551,-3.1,-1.284,-5.539,-40.750,-1.0,-6.836,-40.750,-99.062,7.5,0.555,-99.062,0.000,0.0,0.000,0.000,0.000,0.0,0.000,0.000
0.7206,3.945,-1.7,-2.693,3.945,3.791,-0.1,1.048,3.795,24.688,1.5,7.051,24.688,95.125,-7.6,-0.183,95.125,-2.771,1.3,1.945,-2.762,-5.547,0.8,-1.254,-5.551,-40.750,-2.6,-6.793,-40.750,-99.062,5.5,0.587,-99.062,0.000,0.0,0.000,0.000,0.000,0.0,0.000,0.000
0.7228,3.947,-0.1,-2.430,3.945,3.791,-0.4,0.958,3.791,24.688,-2.3,6.949,24.688,95.125,-2.1,-0.127,95.125,-2.773,-0.8,1.647,-2.771,-5.547,1.7,-1.196,-5.547,-40.750,-0.1,-6.766,-40.750,-99.000,8.0,0.583,-99.062,0.000,0.0,0.000,0.000,0.000,0.0,0.000,0.000
0.7248,3.957,3.6,-2.537,3.947,3.791,-0.0,0.968,3.791,24.688,0.3,7.004,24.688,95.062,-5.6,-0.176,95.125,-2.771,0.0,1.695,-2.773,-5.551,-1.3,-1.281,-5.547,-40.781,-6.9,-6.918,-40.750,-99.000,9.6,0.516,-99.000,0.000,0.0,0.000,0.000,0.000,0.0,0.000,0.000
0.7269,3.953,1.9,-2.457,3.957,3.791,0.2,0.958,3.791,24.688,2.1,6.762,24.688,95.062,-5.5,-0.146,95.062,-2.771,-0.9,1.774,-2.771,-5.551,-1.3,-1.389,-5.551,-40.781,-4.1,-7.043,-40.781,-99.000,7.7,0.507,-99.000,0.000,0.0,0.000,0.000,0.000,0.0,0.000,0.000
0.7287,3.947,-1.2,-2.445,3.953,3.797,2.5,0.857,3.791,24.688,0.6,6.805,24.688,95.062,-4.7,-0.220,95.062,-2.768,0.2,1.850,-2.771,-5.551,-1.5,-1.473,-5.551,-40.781,-4.0,-6.922,-40.781,-98.938,9.5,0.525,-99.000,0.000,0.0,0.000,0.000,0.000,0.0,0.000,0.000
0.7300,3.947,-1.5,-2.648,3.947,3.791,1.0,1.055,3.797,24.688,1.3,7.012,24.688,95.062,-0.3,-0.320,95.062,-2.773,-3.0,1.870,-2.768,-5.547,0.6,-1.262,-5.551,-40.781,1.5,-6.848,-40.781,-98.938,8.0,0.410,-98.938,0.000,0.0,0.000,0.000,0.000,0.0,0.000,0.000
0.7320,3.953,2.2,-2.467,3.947,3.795,1.8,0.917,3.791,24.688,0.3,6.656,24.688,95.062,-0.4,-0.138,95.062,-2.773,-2.6,1.880,-2.773,-5.547,1.6,-1.489,-5.547,-40.781,-5.7,-7.090,-40.781,-98.938,10.4,0.503,-98.938,0.000,0.0,0.000,0.000,0.000,0.0,0.000,0.000
0.7340,3.947,-0.0,-2.324,3.953,3.791,0.2,0.723,3.795,24.688,1.2,6.574,24.688,95.062,1.4,-0.189,95.062,-2.768,0.7,1.763,-2.773,-5.551,-0.4,-1.478,-5.547,-40.781,-2.3,-7.324,-40.781,-98.875,13.0,0.462,-98.938,0.000,0.0,0.000,0.000,0.000,0.0,0.000,0.000
0.7360,3.953,2.4,-2.418,3.947,3.791,0.8,0.804,3.791,24.688,-0.2,6.762,24.688,95.062,0.0,-0.292,95.062,-2.771,-1.4,1.805,-2.768,-5.555,-1.2,-1.410,-5.551,-40.781,-4.0,-7.184,-40.781,-98.875,14.8,0.409,-98.875,0.000,0.0,0.000,0.000,0.000,0.0,0.000,0.000
0.7380,3.947,-1.2,-2.539,3.953,3.785,-1.4,0.872,3.791,24.688,-1.7,6.566,24.688,95.062,0.3,-0.233,95.062,-2.768,-0.1,1.767,-2.771,-5.551,0.1,-1.511,-5.555,-40.812,-2.7,-6.996,-40.781,-98.812,18.5,0.364,-98.875,0.000,0.0,0.000,0.000,0.000,0.0,0.000,0.000
0.7400,3.941,-4.3,-2.422,3.947,3.791,1.2,0.744,3.785,24.688,-1.1,6.387,24.688,95.062,2.3,-0.155,95.062,-2.768,-1.1,1.863,-2.768,-5.559,-2.5,-1.566,-5.551,-40.812,0.2,-7.402,-40.812,-98.750,20.1,0.464,-98.812,0.000,0.0,0.000,0.000,0.000,0.0,0.000,0.000
0.7420,3.947,-0.8,-2.371,3.941,3.787,0.5,0.593,3.791,24.688,0.0,6.512,24.688,95.062,-1.5,-0.073,95.062,-2.771,-1.6,2.012,-2.768,-5.551,0.1,-1.584,-5.559,-40.812,-2.2,-7.465,-40.812,-98.750,17.2,0.466,-98.750,0.000,0.0,0.000,0.000,0.000,0.0,0.000,0.000
0.7440,3.951,0.4,-2.389,3.947,3.787,1.2,0.661,3.787,24.688,1.0,6.301,24.688,95.125,2.8,-0.092,95.062,-2.758,2.9,1.764,-2.771,-5.551,0.7,-1.675,-5.551,-40.812,-1.4,-7.406,-40.812,-98.688,16.0,0.478,-98.750,0.000,0.0,0.000,0.000,0.000,0.0,0.000,0.000
0.7460,3.945,-2.3,-2.408,3.951,3.781,-1.3,0.624,3.787,24.672,-5.2,6.238,24.688,95.125,2.7,0.031,95.125,-2.768,-1.4,2.100,-2.758,-5.566,-4.8,-1.700,-5.551,-40.812,-2.1,-7.441,-40.812,-98.688,16.3,0.537,-98.688,0.000,0.0,0.000,0.000,0.000,0.0,0.000,0.000
0.7483,3.941,-3.9,-2.482,3.945,3.781,-1.4,0.498,3.781,24.672,-2.1,6.215,24.672,95.125,2.9,0.066,95.125,-2.748,7.0,2.160,-2.768,-5.555,1.8,-1.829,-5.566,-40.844,-5.4,-7.480,-40.812,-98.625,17.2,0.562,-98.688,0.000,0.0,0.000,0.000,0.000,0.0,0.000,0.000
0.7503,3.947,-1.5,-2.512,3.941,3.785,0.5,0.491,3.781,24.656,-4.6,6.477,24.672,95.125,1.7,-0.061,95.125,-2.762,-1.0,1.791,-2.748,-5.559,1.2,-1.696,-5.555,-40.844,-2.6,-7.410,-40.844,-98.625,17.8,0.520,-98.625,0.000,0.0,0.000,0.000,0.000,0.0,0.000,0.000
0.7522,3.945,-2.1,-2.256,3.947,3.779,-1.1,0.637,3.785,24.656,-3.4,6.320,24.656,95.125,1.5,-0.077,95.125,-2.756,0.9,1.901,-2.762,-5.570,-5.3,-1.752,-5.559,-40.844,-2.8,-7.438,-40.844,-98.562,20.2,0.406,-98.625,0.000,0.0,0.000,0.000,0.000,0.0,0.000,0.000
0.7543,3.941,-2.9,-2.318,3.945,3.781,0.6,0.581,3.779,24.656,-1.8,6.285,24.656,95.125,1.0,0.096,95.125,-2.742,5.7,1.915,-2.756,-5.566,-2.8,-1.809,-5.570,-40.875,-3.9,-7.664,-40.844,-98.500,19.0,0.357,-98.562,0.000,0.0,0.000,0.000,0.000,0.0,0.000,0.000
0.7560,3.951,1.7,-2.514,3.941,3.787,2.5,0.426,3.781,24.656,-2.5,6.055,24.656,95.125,2.2,0.122,95.125,-2.756,-1.6,2.084,-2.742,-5.562,-0.2,-1.891,-5.566,-40.875,-5.0,-7.645,-40.875,-98.438,21.9,0.433,-98.500,0.000,0.0,0.000,0.000,0.000,0.0,0.000,0.000
0.7580,3.951,1.5,-2.543,3.951,3.781,-0.9,0.453,3.787,24.656,-2.2,6.012,24.656,95.125,2.1,0.120,95.125,-2.742,3.2,2.191,-2.756,-5.566,-2.3,-1.736,-5.562,-40.875,-3.3,-7.641,-40.875,-98.438,21.6,0.509,-98.438,0.000,0.0,0.000,0.000,0.000,0.0,0.000,0.000
0.7600,3.951,1.1,-2.514,3.951,3.781,-1.0,0.464,3.781,24.656,-1.0,6.078,24.656,95.125,-5.3,0.062,95.125,-2.746,0.6,2.035,-2.742,-5.559,1.9,-1.907,-5.566,-40.875,-1.4,-7.809,-40.875,-98.375,20.0,0.426,-98.438,0.000,0.0,0.000,0.000,0.000,0.0,0.000,0.000
0.7620,3.951,1.2,-2.418,3.951,3.787,2.3,0.535,3.781,24.672,1.8,6.133,24.656,95.125,-3.2,0.020,95.125,-2.740,2.3,2.070,-2.746,-5.574,-4.9,-1.799,-5.559,-40.875,-4.0,-7.664,-40.875,-98.312,24.0,0.372,-98.375,0.000,0.0,0.000,0.000,0.000,0.0,0.000,0.000
0.7640,3.953,2.9,-2.430,3.951,3.781,-0.4,0.450,3.787,24.656,-1.4,5.953,24.672,95.125,-3.0,0.106,95.125,-2.736,2.2,2.217,-2.740,-5.562,-0.5,-1.931,-5.574,-40.906,-3.5,-7.910,-40.875,-98.250,28.0,0.501,-98.312,0.000,0.0,0.000,0.000,0.000,0.0,0.000,0.000
0.7660,3.938,-3.6,-2.367,3.953,3.779,-2.2,0.463,3.781,24.672,1.9,6.148,24.656,95.125,3.5,0.074,95.125,-2.732,2.7,2.299,-2.736,-5.566,-1.9,-1.938,-5.562,-40.906,-2.3,-7.680,-40.906,-98.188,24.9,0.319,-98.250,0.000,0.0,0.000,0.000,0.000,0.0,0.000,0.000
0.7680,3.945,-0.2,-2.467,3.938,3.787,0.5,0.450,3.779,24.656,0.8,6.500,24.672,95.125,2.0,-0.145,95.125,-2.730,2.0,1.688,-2.732,-5.570,-3.1,-1.729,-5.566,-40.906,-4.8,-7.234,-40.906,-98.188,26.6,0.177,-98.188,0.000,0.0,0.000,0.000,0.000,0.0,0.000,0.000
0.7700,3.945,0.4,-2.326,3.945,3.791,3.0,0.700,3.787,24.656,-0.1,6.453,24.656,95.125,-2.2,-0.156,95.125,-2.721,5.0,2.016,-2.730,-5.570,-2.5,-1.834,-5.570,-40.906,-0.7,-7.660,-40.906,-98.125,25.0,0.268,-98.188,0.000,0.0,0.000,0.000,0.000,0.0,0.000,0.000
0.7720,3.951,2.9,-2.553,3.945,3.785,-0.0,0.602,3.791,24.672,2.6,6.137,24.656,95.125,0.4,-0.030,95.125,-2.736,-2.7,2.205,-2.721,-5.562,2.2,-1.805,-5.570,-40.906,-1.6,-7.934,-40.906,-98.062,26.3,0.400,-98.125,0.000,0.0,0.000,0.000,0.000,0.0,0.000,0.000
0.7740,3.947,1.5,-2.457,3.951,3.785,-0.4,0.434,3.785,24.656,-1.6,6.227,24.672,95.125,-1.7,0.009,95.125,-2.736,-1.9,2.365,-2.736,-5.566,-0.2,-1.865,-5.562,-40.938,-4.6,-7.938,-40.906,-98.000,22.4,0.397,-98.062,0.000,0.0,0.000,0.000,0.000,0.0,0.000,0.000
0.7760,3.951,1.8,-2.635,3.947,3.787,0.6,0.432,3.785,24.672,0.4,5.977,24.656,95.062,-2.5,0.083,95.125,-2.732,-0.7,2.424,-2.736,-5.566,-0.5,-1.927,-5.566,-40.938,-2.5,-8.062,-40.938,-97.938,27.2,0.448,-98.000,0.000,0.0,0.000,0.000,0.000,0.0,0.000,0.000
0.7781,3.941,-2.6,-2.559,3.951,3.787,0.6,0.548,3.787,24.672,1.6,6.441,24.672,95.125,-1.2,-0.109,95.062,-2.727,2.0,2.074,-2.732,-5.566,-0.3,-1.851,-5.566,-40.938,-3.4,-7.680,-40.938,-97.938,29.3,0.312,-97.938,0.000,0.0,0.000,0.000,0.000,0.0,0.000,0.000
0.7802,3.938,-4.0,-2.508,3.941,3.781,-3.0,0.532,3.787,24.672,-0.4,6.344,24.672,95.125,-1.0,-0.161,95.125,-2.732,-1.6,2.086,-2.727,-5.559,5.3,-1.767,-5.566,-40.938,-3.8,-7.766,-40.938,-97.875,22.8,0.300,-97.938,0.000,0.0,0.000,0.000,0.000,0.0,0.000,0.000
0.7824,3.951,2.3,-2.572,3.938,3.781,-2.2,0.501,3.781,24.672,-1.0,6.281,24.672,95.125,1.4,-0.134,95.125,-2.725,1.8,1.985,-2.732,-5.574,-2.4,-1.949,-5.559,-40.938,-4.0,-7.605,-40.938,-97.812,25.4,0.271,-97.875,0.000,0.0,0.000,0.000,0.000,0.0,0.000,0.000
0.7842,3.945,-0.3,-2.287,3.951,3.795,3.9,0.548,3.781,24.672,3.4,6.258,24.672,95.125,-0.0,-0.086,95.125,-2.721,3.2,2.352,-2.725,-5.574,-1.3,-1.816,-5.574,-40.938,-1.7,-7.723,-40.938,-97.812,18.8,0.311,-97.812,0.000,0.0,0.000,0.000,0.000,0.0,0.000,0.000
0.7860,3.941,-2.3,-2.510,3.945,3.779,-3.6,0.569,3.795,24.672,-0.7,6.148,24.672,95.125,0.4,-0.047,95.125,-2.732,-2.5,2.248,-2.721,-5.570,1.3,-1.787,-5.574,-40.938,0.0,-7.875,-40.938,-97.750,27.2,0.347,-97.812,0.000,0.0,0.000,0.000,0.000,0.0,0.000,0.000
0.7880,3.941,-1.3,-2.461,3.941,3.797,4.2,0.513,3.779,24.672,0.0,6.164,24.672,95.125,2.1,-0.007,95.125,-2.730,-0.7,2.361,-2.732,-5.570,1.0,-1.868,-5.570,-40.969,-5.2,-7.754,-40.938,-97.688,26.3,0.318,-97.750,0.000,0.0,0.000,0.000,0.000,0.0,0.000,0.000
0.7900,3.947,0.8,-2.469,3.941,3.781,-2.6,0.510,3.797,24.672,-1.3,6.117,24.672,95.125,-1.3,-0.123,95.125,-2.727,0.4,2.068,-2.730,-5.570,1.1,-1.890,-5.570,-40.969,-5.8,-7.871,-40.969,-97.625,22.3,0.286,-97.688,0.000,0.0,0.000,0.000,0.000,0.0,0.000,0.000
0.7920,3.945,-1.4,-2.492,3.947,3.779,-4.2,0.604,3.781,24.672,4.2,6.770,24.672,95.125,3.4,-0.192,95.125,-2.725,1.4,1.803,-2.727,-5.578,-1.1,-1.739,-5.570,-40.969,-0.2,-7.328,-40.969,-97.625,18.8,0.098,-97.625,0.000,0.0,0.000,0.000,0.000,0.0,0.000,0.000
0.7940,3.947,0.2,-2.459,3.945,3.795,3.7,0.567,3.779,24.672,3.0,6.117,24.672,95.125,-1.6,-0.070,95.125,-2.727,0.2,2.494,-2.725,-5.578,-2.2,-1.856,-5.578,-40.969,-0.4,-7.719,-40.969,-97.562,22.1,0.313,-97.625,0.000,0.0,0.000,0.000,0.000,0.0,0.000,0.000
0.7960,3.951,1.8,-2.494,3.947,3.781,-2.7,0.460,3.795,24.672,1.1,5.992,24.672,95.125,1.3,0.041,95.125,-2.725,2.1,2.631,-2.727,-5.574,0.9,-1.907,-5.578,-40.969,-2.4,-8.039,-40.969,-97.500,15.9,0.386,-97.562,0.000,0.0,0.000,0.000,0.000,0.0,0.000,0.000
0.7980,3.941,-2.5,-2.453,3.951,3.781,-2.4,0.458,3.781,24.672,-0.1,6.211,24.672,95.125,-1.8,-0.080,95.125,-2.721,3.2,2.139,-2.725,-5.578,-0.3,-1.856,-5.574,-40.969,-1.6,-7.688,-40.969,-97.500,20.2,0.337,-97.500,0.000,0.0,0.000,0.000,0.000,0.0,0.000,0.000
0.8002,3.953,3.8,-2.316,3.941,3.791,1.2,0.498,3.781,24.656,-1.9,6.562,24.672,95.125,2.3,-0.189,95.125,-2.732,-3.1,1.842,-2.721,-5.582,-2.9,-1.727,-5.578,-40.969,-2.8,-7.273,-40.969,-97.438,15.6,0.184,-97.500,0.000,0.0,0.000,0.000,0.000,0.0,0.000,0.000
0.8023,3.941,-1.8,-2.168,3.953,3.791,2.0,0.632,3.791,24.672,1.9,6.523,24.656,95.125,-1.8,-0.299,95.125,-2.730,-1.8,1.859,-2.732,-5.582,-1.7,-1.702,-5.582,-41.000,-5.5,-7.402,-40.969,-97.375,19.6,0.248,-97.438,0.000,0.0,0.000,0.000,0.000,0.0,0.000,0.000
0.8043,3.951,2.1,-2.314,3.941,3.787,0.1,0.716,3.791,24.672,4.2,6.578,24.672,95.125,1.6,-0.227,95.125,-2.736,-4.0,2.008,-2.730,-5.578,0.2,-1.684,-5.582,-40.969,0.9,-7.488,-41.000,-97.375,16.6,0.184,-97.375,0.000,0.0,0.000,0.000,0.000,0.0,0.000,0.000
0.8063,3.951,1.2,-2.428,3.951,3.791,1.8,0.665,3.787,24.672,3.0,6.586,24.672,95.125,-0.6,-0.282,95.125,-2.721,4.4,1.863,-2.736,-5.582,-0.8,-1.733,-5.578,-40.969,2.6,-7.414,-40.969,-97.312,18.6,0.146,-97.375,0.000,0.0,0.000,0.000,0.000,0.0,0.000,0.000
0.8080,3.953,2.1,-2.311,3.951,3.795,3.1,0.682,3.791,24.672,0.3,6.367,24.672,95.062,-2.4,-0.262,95.125,-2.732,-0.3,1.971,-2.721,-5.574,3.5,-1.817,-5.582,-40.969,2.4,-7.711,-40.969,-97.312,14.6,0.280,-97.312,0.000,0.0,0.000,0.000,0.000,0.0,0.000,0.000
0.8100,3.951,-1.1,-2.480,3.953,3.787,-0.5,0.642,3.795,24.672,-0.3,6.527,24.672,95.062,-4.2,-0.200,95.062,-2.732,0.9,2.066,-2.732,-5.582,-1.1,-1.800,-5.574,-40.969,-0.6,-7.543,-40.969,-97.312,11.2,0.314,-97.312,0.000,0.0,0.000,0.000,0.000,0.0,0.000,0.000
0.8120,3.961,2.9,-2.365,3.951,3.781,-3.4,0.650,3.787,24.688,4.9,6.711,24.672,95.062,-0.9,-0.329,95.062,-2.736,0.4,2.031,-2.732,-5.578,1.8,-1.816,-5.582,-40.969,-1.1,-7.289,-40.969,-97.250,14.0,0.461,-97.312,0.000,0.0,0.000,0.000,0.000,0.0,0.000,0.000
0.8140,3.947,-2.4,-2.266,3.961,3.791,1.3,0.722,3.781,24.688,0.8,6.812,24.688,95.062,-3.4,-0.394,95.062,-2.740,-0.9,1.812,-2.736,-5.590,-3.1,-1.595,-5.578,-40.969,1.9,-7.227,-40.969,-97.250,13.0,0.357,-97.250,0.000,0.0,0.000,0.000,0.000,0.0,0.000,0.000
0.8160,3.947,-2.2,-2.352,3.947,3.787,-0.1,0.881,3.791,24.688,0.3,6.891,24.688,95.062,-2.4,-0.451,95.062,-2.742,-1.4,2.037,-2.740,-5.582,0.6,-1.400,-5.590,-40.969,-1.6,-7.078,-40.969,-97.188,14.2,0.205,-97.250,0.000,0.0,0.000,0.000,0.000,0.0,0.000,0.000
0.8180,3.947,-1.8,-2.426,3.947,3.791,0.8,0.969,3.787,24.672,-2.2,6.984,24.688,95.062,0.6,-0.581,95.062,-2.740,0.4,1.865,-2.742,-5.582,0.2,-1.514,-5.582,-40.969,-0.8,-7.066,-40.969,-97.188,11.1,0.121,-97.188,0.000,0.0,0.000,0.000,0.000,0.0,0.000,0.000
0.8200,3.945,-4.0,-2.527,3.947,3.791,0.5,0.956,3.791,24.688,-1.8,6.902,24.672,95.062,-4.9,-0.532,95.062,-2.732,3.6,1.810,-2.740,-5.578,1.6,-1.454,-5.582,-40.969,-1.0,-7.148,-40.969,-97.188,10.3,0.173,-97.188,0.000,0.0,0.000,0.000,0.000,0.0,0.000,0.000
0.8220,3.947,-1.8,-2.316,3.945,3.801,3.8,0.947,3.791,24.688,0.8,6.953,24.688,95.062,-3.3,-0.617,95.062,-2.746,-2.0,1.675,-2.732,-5.582,-1.3,-1.539,-5.578,-40.969,0.7,-7.031,-40.969,-97.188,10.8,0.204,-97.188,0.000,0.0,0.000,0.000,0.000,0.0,0.000,0.000
0.8240,3.957,2.4,-2.555,3.947,3.803,3.8,0.930,3.801,24.688,0.9,6.801,24.688,95.062,-4.1,-0.428,95.062,-2.742,-0.8,1.741,-2.746,-5.586,-2.9,-1.574,-5.582,-40.969,-1.2,-7.473,-40.969,-97.125,6.7,0.361,-97.188,0.000,0.0,0.000,0.000,0.000,0.0,0.000,0.000
0.8260,3.961,4.5,-2.238,3.957,3.797,0.3,0.869,3.803,24.703,2.6,6.855,24.688,95.062,1.6,-0.302,95.062,-2.758,-8.1,1.760,-2.742,-5.578,-0.2,-1.724,-5.586,-40.969,3.2,-7.336,-40.969,-97.125,6.8,0.394,-97.125,0.000,0.0,0.000,0.000,0.000,0.0,0.000,0.000
0.8283,3.951,-0.5,-2.340,3.961,3.801,1.9,0.931,3.797,24.703,1.9,6.988,24.703,95.062,-1.2,-0.601,95.062,-2.742,-0.4,1.702,-2.758,-5.586,-2.0,-1.443,-5.578,-40.969,-3.1,-7.047,-40.969,-97.125,7.8,0.265,-97.125,0.000,0.0,0.000,0.000,0.000,0.0,0.000,0.000
0.8304,3.961,3.9,-2.465,3.951,3.795,-1.2,1.083,3.801,24.688,-3.0,7.094,24.703,95.062,1.5,-0.559,95.062,-2.752,-3.9,1.829,-2.742,-5.582,0.3,-1.410,-5.586,-40.969,1.5,-6.977,-40.969,-97.125,2.3,0.261,-97.125,0.000,0.0,0.000,0.000,0.000,0.0,0.000,0.000
0.8324,3.963,4.2,-2.459,3.961,3.797,1.4,1.202,3.795,24.703,0.7,7.234,24.688,95.062,-4.2,-0.683,95.062,-2.740,1.6,1.766,-2.752,-5.578,2.1,-1.396,-5.582,-40.969,-0.9,-6.906,-40.969,-97.125,1.9,0.157,-97.125,0.000,0.0,0.000,0.000,0.000,0.0,0.000,0.000
0.8344,3.953,0.0,-2.488,3.963,3.795,-0.6,1.128,3.797,24.703,-0.7,7.293,24.703,95.062,-0.5,-0.688,95.062,-2.740,2.4,1.878,-2.740,-5.590,-2.3,-1.347,-5.578,-40.969,-2.5,-6.797,-40.969,-97.125,1.9,0.196,-97.125,0.000,0.0,0.000,0.000,0.000,0.0,0.000,0.000
0.8360,3.953,0.3,-2.523,3.953,3.795,-1.0,1.122,3.795,24.703,2.4,7.027,24.703,95.062,-2.9,-0.610,95.062,-2.742,-0.3,1.640,-2.740,-5.586,-1.4,-1.453,-5.590,-40.969,-1.7,-7.109,-40.969,-97.062,5.4,0.319,-97.125,0.000,0.0,0.000,0.000,0.000,0.0,0.000,0.000
0.8380,3.951,-1.6,-2.443,3.953,3.807,4.3,1.032,3.795,24.703,-1.1,7.133,24.703,95.062,-3.2,-0.511,95.062,-2.740,2.3,1.916,-2.742,-5.582,-0.9,-1.543,-5.586,-40.969,3.4,-6.996,-40.969,-97.062,4.4,0.364,-97.062,0.000,0.0,0.000,0.000,0.000,0.0,0.000,0.000
0.8400,3.957,1.3,-2.422,3.951,3.797,-1.1,0.957,3.807,24.703,-0.8,7.238,24.703,95.062,-3.9,-0.458,95.062,-2.742,0.4,1.658,-2.740,-5.582,-1.2,-1.355,-5.582,-40.969,-0.1,-6.672,-40.969,-97.062,5.2,0.245,-97.062,0.000,0.0,0.000,0.000,0.000,0.0,0.000,0.000
0.8420,3.953,-0.1,-2.447,3.957,3.801,0.1,1.349,3.797,24.719,3.0,7.238,24.703,95.062,-2.7,-0.696,95.062,-2.752,-3.5,1.768,-2.742,-5.578,2.4,-1.157,-5.582,-40.969,1.1,-6.812,-40.969,-97.062,2.7,0.158,-97.062,0.000,0.0,0.000,0.000,0.000,0.0,0.000,0.000
0.8440,3.953,0.9,-2.293,3.953,3.795,-2.4,1.236,3.801,24.703,0.8,7.238,24.719,95.000,-3.0,-0.696,95.062,-2.746,-0.7,1.743,-2.752,-5.574,3.5,-1.228,-5.578,-40.969,-0.7,-6.766,-40.969,-97.062,2.3,0.249,-97.062,0.000,0.0,0.000,0.000,0.000,0.0,0.000,0.000
0.8460,3.947,-2.5,-2.594,3.953,3.801,0.8,1.340,3.795,24.703,0.3,7.418,24.703,95.000,-6.7,-0.673,95.000,-2.748,-2.1,1.667,-2.746,-5.578,-0.4,-1.290,-5.574,-40.969,0.3,-6.676,-40.969,-97.062,0.7,0.216,-97.062,0.000,0.0,0.000,0.000,0.000,0.0,0.000,0.000
0.8480,3.957,1.5,-2.447,3.947,3.803,2.6,1.368,3.801,24.719,0.3,7.254,24.703,95.000,-5.6,-0.647,95.000,-2.748,-2.5,1.703,-2.748,-5.586,-2.5,-1.204,-5.578,-40.969,4.7,-6.973,-40.969,-97.062,-0.6,0.313,-97.062,0.000,0.0,0.000,0.000,0.000,0.0,0.000,0.000
0.8500,3.961,2.6,-2.566,3.957,3.807,3.9,1.347,3.803,24.719,-1.6,7.473,24.719,95.000,-6.3,-0.676,95.000,-2.752,-3.3,1.609,-2.748,-5.578,2.3,-1.042,-5.586,-40.969,-1.1,-6.465,-40.969,-97.062,-1.0,0.225,-97.062,0.000,0.0,0.000,0.000,0.000,0.0,0.000,0.000
0.8520,3.947,-2.4,-2.551,3.961,3.797,-2.1,1.252,3.807,24.719,0.0,7.340,24.719,95.000,-6.0,-0.596,95.000,-2.746,0.7,1.797,-2.752,-5.578,-0.6,-1.178,-5.578,-40.969,0.2,-6.750,-40.969,-97.125,-4.2,0.225,-97.062,0.000,0.0,0.000,0.000,0.000,0.0,0.000,0.000
0.8540,3.953,0.6,-2.646,3.947,3.797,-1.4,1.418,3.797,24.719,0.9,7.512,24.719,95.000,-5.4,-0.674,95.000,-2.748,-1.4,1.440,-2.746,-5.578,1.3,-1.100,-5.578,-40.969,-0.1,-6.492,-40.969,-97.125,-2.9,0.129,-97.125,0.000,0.0,0.000,0.000,0.000,0.0,0.000,0.000
0.8560,3.961,4.5,-2.432,3.953,3.797,-0.9,1.613,3.797,24.734,5.5,7.664,24.719,94.938,-10.5,-0.777,95.000,-2.746,1.2,1.621,-2.748,-5.578,-0.3,-1.021,-5.578,-40.969,3.6,-6.398,-40.969,-97.125,1.4,0.035,-97.125,0.000,0.0,0.000,0.000,0.000,0.0,0.000,0.000
0.8580,3.951,-0.6,-2.615,3.961,3.797,-1.1,1.480,3.797,24.750,8.8,7.496,24.734,94.938,-6.6,-0.707,94.938,-2.742,2.6,1.552,-2.746,-5.578,0.5,-1.036,-5.578,-40.969,-1.2,-6.566,-40.969,-97.125,2.5,0.156,-97.125,0.000,0.0,0.000,0.000,0.000,0.0,0.000,0.000
0.8601,3.953,1.1,-2.605,3.951,3.797,-1.5,1.474,3.797,24.750,4.3,7.461,24.750,94.938,-7.3,-0.669,94.938,-2.742,2.7,1.639,-2.742,-5.578,0.8,-1.113,-5.578,-40.969,1.8,-6.484,-40.969,-97.125,2.3,0.158,-97.125,0.000,0.0,0.000,0.000,0.000,0.0,0.000,0.000
0.8622,3.951,-0.4,-2.701,3.953,3.807,1.3,1.440,3.797,24.750,3.2,7.539,24.750,94.938,-10.5,-0.667,94.938,-2.752,-1.6,1.545,-2.742,-5.578,-0.8,-1.014,-5.578,-40.969,1.5,-6.379,-40.969,-97.125,-2.0,-0.000,-97.125,0.000,0.0,0.000,0.000,0.000,0.0,0.000,0.000
0.8640,3.947,-1.4,-2.609,3.951,3.801,-1.7,1.546,3.807,24.750,3.5,7.801,24.750,94.875,-7.6,-0.634,94.938,-2.756,-2.3,1.603,-2.752,-5.578,0.1,-0.930,-5.578,-40.969,1.6,-6.148,-40.969,-97.125,-2.5,0.051,-97.125,0.000,0.0,0.000,0.000,0.000,0.0,0.000,0.000
0.8660,3.953,0.7,-2.902,3.947,3.803,-0.4,1.802,3.801,24.750,-0.4,7.867,24.750,94.875,-13.4,-0.882,94.875,-2.752,-0.0,1.660,-2.756,-5.574,1.9,-0.832,-5.578,-40.969,0.5,-6.422,-40.969,-97.125,-2.4,-0.101,-97.125,0.000,0.0,0.000,0.000,0.000,0.0,0.000,0.000
0.8680,3.953,0.8,-2.631,3.953,3.811,1.8,1.670,3.803,24.781,4.9,7.641,24.750,94.875,-9.9,-0.736,94.875,-2.756,-0.8,1.598,-2.752,-5.578,-1.8,-0.906,-5.574,-40.969,0.1,-6.289,-40.969,-97.125,-0.3,0.058,-97.125,0.000,0.0,0.000,0.000,0.000,0.0,0.000,0.000
0.8700,3.951,-0.3,-2.697,3.953,3.812,2.1,1.723,3.811,24.781,5.2,7.887,24.781,94.812,-11.0,-0.787,94.875,-2.756,-0.4,1.599,-2.756,-5.578,-0.2,-0.738,-5.578,-40.938,2.5,-6.047,-40.969,-97.125,-0.1,-0.129,-97.125,0.000,0.0,0.000,0.000,0.000,0.0,0.000,0.000
0.8720,3.951,0.1,-2.568,3.951,3.803,-2.9,1.664,3.812,24.797,5.6,7.652,24.781,94.812,-10.3,-0.761,94.812,-2.752,1.7,1.587,-2.756,-5.574,0.6,-0.794,-5.578,-40.938,2.0,-6.152,-40.938,-97.125,1.5,-0.081,-97.125,0.000,0.0,0.000,0.000,0.000,0.0,0.000,0.000
0.8740,3.957,2.3,-2.869,3.951,3.807,-1.7,1.739,3.803,24.797,3.5,7.688,24.797,94.750,-15.9,-0.685,94.812,-2.756,0.9,1.599,-2.752,-5.566,1.6,-0.813,-5.574,-40.938,0.6,-6.285,-40.938,-97.125,0.3,-0.029,-97.125,0.000,0.0,0.000,0.000,0.000,0.0,0.000,0.000
0.8760,3.951,0.4,-2.523,3.957,3.816,1.6,1.790,3.807,24.812,3.7,7.746,24.797,94.750,-18.1,-0.688,94.750,-2.758,-1.4,1.497,-2.756,-5.562,3.4,-0.835,-5.566,-40.938,1.3,-6.219,-40.938,-97.125,-3.2,0.058,-97.125,0.000,0.0,0.000,0.000,0.000,0.0,0.000,0.000
0.8780,3.953,1.6,-2.752,3.951,3.818,2.8,1.856,3.816,24.828,6.8,7.867,24.812,94.688,-13.4,-0.743,94.750,-2.752,2.5,1.592,-2.758,-5.574,-0.6,-0.698,-5.562,-40.938,1.1,-6.059,-40.938,-97.125,-1.2,0.003,-97.125,0.000,0.0,0.000,0.000,0.000,0.0,0.000,0.000
0.8800,3.951,0.4,-2.627,3.953,3.816,1.3,1.874,3.818,24.828,3.4,7.852,24.828,94.688,-15.9,-0.675,94.688,-2.756,0.9,1.545,-2.752,-5.566,1.7,-0.849,-5.574,-40.938,1.5,-6.152,-40.938,-97.125,-3.5,0.018,-97.125,0.000,0.0,0.000,0.000,0.000,0.0,0.000,0.000
0.8823,3.947,-0.9,-2.662,3.951,3.807,-3.4,1.938,3.816,24.844,6.5,7.828,24.828,94.625,-12.9,-0.688,94.688,-2.758,-0.4,1.600,-2.756,-5.562,3.9,-0.700,-5.566,-40.938,-1.2,-6.043,-40.938,-97.125,-4.4,-0.096,-97.125,0.000,0.0,0.000,0.000,0.000,0.0,0.000,0.000
0.8843,3.947,-0.7,-2.957,3.947,3.812,0.2,2.074,3.807,24.859,4.4,8.281,24.844,94.625,-17.6,-0.820,94.625,-2.762,-1.6,1.748,-2.758,-5.566,1.7,-0.613,-5.562,-40.938,0.3,-5.680,-40.938,-97.125,1.2,-0.265,-97.125,0.000,0.0,0.000,0.000,0.000,0.0,0.000,0.000
0.8864,3.945,-2.3,-3.283,3.947,3.816,0.2,1.911,3.812,24.875,9.2,8.188,24.859,94.562,-16.5,-0.795,94.625,-2.766,-2.8,1.846,-2.762,-5.574,-1.2,-0.541,-5.566,-40.938,3.1,-5.676,-40.938,-97.125,-1.7,-0.263,-97.125,0.000,0.0,0.000,0.000,0.000,0.0,0.000,0.000
0.8882,3.945,-1.3,-2.930,3.945,3.812,-1.8,2.000,3.816,24.891,8.6,8.008,24.875,94.562,-21.1,-0.729,94.562,-2.748,3.2,1.542,-2.766,-5.566,1.5,-0.654,-5.574,-40.938,5.2,-5.984,-40.938,-97.125,3.6,-0.140,-97.125,0.000,0.0,0.000,0.000,0.000,0.0,0.000,0.000
0.8900,3.938,-3.0,-2.947,3.945,3.826,2.9,1.924,3.812,24.891,4.5,7.879,24.891,94.500,-14.2,-0.698,94.562,-2.740,7.4,1.787,-2.748,-5.570,-0.6,-0.546,-5.566,-40.938,2.3,-5.848,-40.938,-97.125,-3.3,-0.216,-97.125,0.000,0.0,0.000,0.000,0.000,0.0,0.000,0.000
0.8920,3.945,1.5,-2.906,3.938,3.826,2.3,1.955,3.826,24.906,4.2,7.840,24.891,94.500,-15.3,-0.615,94.500,-2.752,0.3,1.447,-2.740,-5.562,2.9,-0.606,-5.570,-40.938,3.6,-6.031,-40.938,-97.125,-2.8,-0.138,-97.125,0.000,0.0,0.000,0.000,0.000,0.0,0.000,0.000
0.8940,3.936,-2.9,-2.811,3.945,3.822,-0.3,1.912,3.826,24.922,5.5,8.023,24.906,94.438,-17.3,-0.702,94.500,-2.756,-0.9,1.531,-2.752,-5.566,-0.7,-0.686,-5.562,-40.938,2.8,-5.957,-40.938,-97.125,-1.7,-0.140,-97.125,0.000,0.0,0.000,0.000,0.000,0.0,0.000,0.000
0.8960,3.941,-0.2,-3.385,3.936,3.822,-0.9,2.012,3.822,24.938,8.6,8.344,24.922,94.375,-14.7,-0.827,94.438,-2.748,3.0,1.898,-2.756,-5.562,1.5,-0.505,-5.566,-40.938,1.3,-5.734,-40.938,-97.125,-0.9,-0.077,-97.125,0.000,0.0,0.000,0.000,0.000,0.0,0.000,0.000
0.8980,3.941,0.2,-3.121,3.941,3.826,-0.7,1.911,3.822,24.953,4.9,7.922,24.938,94.375,-22.7,-0.676,94.375,-2.752,0.9,1.663,-2.748,-5.570,-1.2,-0.570,-5.562,-40.938,2.4,-5.848,-40.938,-97.125,-0.9,-0.154,-97.125,0.000,0.0,0.000,0.000,0.000,0.0,0.000,0.000
0.9000,3.936,-2.5,-3.025,3.941,3.818,-3.7,2.127,3.826,24.953,3.3,7.875,24.953,94.312,-19.8,-0.658,94.375,-2.756,-1.2,1.536,-2.752,-5.566,0.6,-0.544,-5.570,-40.938,-3.2,-5.609,-40.938,-97.125,-3.8,-0.150,-97.125,0.000,0.0,0.000,0.000,0.000,0.0,0.000,0.000
0.9020,3.941,0.6,-3.111,3.936,3.828,0.6,2.193,3.818,24.969,5.8,8.102,24.953,94.250,-19.8,-0.739,94.312,-2.752,0.6,1.710,-2.756,-5.566,0.3,-0.641,-5.566,-40.938,1.3,-5.773,-40.938,-97.125,-2.8,-0.175,-97.125,0.000,0.0,0.000,0.000,0.000,0.0,0.000,0.000
0.9040,3.938,0.3,-2.928,3.941,3.834,2.6,2.000,3.828,25.000,6.4,7.820,24.969,94.250,-22.7,-0.585,94.250,-2.746,4.0,1.784,-2.752,-5.570,-0.9,-0.596,-5.566,-40.938,1.1,-5.887,-40.938,-97.125,-0.3,-0.114,-97.125,0.000,0.0,0.000,0.000,0.000,0.0,0.000,0.000
0.9060,3.938,0.0,-3.326,3.938,3.834,1.6,2.025,3.834,25.000,6.6,8.328,25.000,94.188,-26.1,-0.695,94.250,-2.758,-1.6,2.109,-2.746,-5.578,-4.2,-0.620,-5.570,-40.938,-0.0,-5.617,-40.938,-97.125,1.8,-0.209,-97.125,0.000,0.0,0.000,0.000,0.000,0.0,0.000,0.000
0.9080,3.936,-1.3,-3.234,3.938,3.834,0.8,2.006,3.834,25.016,8.1,7.941,25.000,94.125,-20.0,-0.559,94.188,-2.752,0.7,1.629,-2.758,-5.566,0.8,-0.587,-5.578,-40.938,0.3,-5.949,-40.938,-97.125,0.5,-0.120,-97.125,0.000,0.0,0.000,0.000,0.000,0.0,0.000,0.000
0.9102,3.930,-3.8,-3.203,3.936,3.832,-1.8,1.979,3.834,25.016,1.3,8.227,25.016,94.125,-24.5,-0.560,94.125,-2.752,0.1,1.662,-2.752,-5.574,-2.0,-0.551,-5.566,-40.938,2.6,-5.633,-40.938,-97.125,-0.8,-0.262,-97.125,0.000,0.0,0.000,0.000,0.000,0.0,0.000,0.000
0.9124,3.930,-3.3,-3.348,3.930,3.834,-1.1,2.039,3.832,25.047,6.5,8.391,25.016,94.062,-21.2,-0.652,94.125,-2.756,-1.8,1.983,-2.752,-5.574,-1.8,-0.550,-5.574,-40.938,2.5,-5.695,-40.938,-97.125,1.0,-0.188,-97.125,0.000,0.0,0.000,0.000,0.000,0.0,0.000,0.000
0.9145,3.930,-3.4,-3.326,3.930,3.842,1.0,2.092,3.834,25.047,4.6,8.344,25.047,94.000,-25.8,-0.617,94.062,-2.746,3.1,1.958,-2.756,-5.562,1.7,-0.764,-5.574,-40.938,-0.5,-5.551,-40.938,-97.125,2.1,-0.170,-97.125,0.000,0.0,0.000,0.000,0.000,0.0,0.000,0.000
0.9161,3.932,-0.9,-3.533,3.930,3.842,-0.2,2.082,3.842,25.062,4.7,8.211,25.047,93.938,-25.1,-0.623,94.000,-2.748,1.2,1.877,-2.746,-5.570,-0.9,-0.658,-5.562,-40.938,0.5,-5.727,-40.938,-97.125,0.0,-0.145,-97.125,0.000,0.0,0.000,0.000,0.000,0.0,0.000,0.000
0.9180,3.926,-2.7,-3.078,3.932,3.848,1.8,1.992,3.842,25.078,5.4,8.062,25.062,93.875,-23.9,-0.519,93.938,-2.746,1.2,1.682,-2.748,-5.578,-4.7,-0.650,-5.570,-40.938,2.5,-5.934,-40.938,-97.125,-3.7,-0.146,-97.125,0.000,0.0,0.000,0.000,0.000,0.0,0.000,0.000
0.9200,3.930,-0.5,-3.283,3.926,3.850,1.9,1.934,3.848,25.094,7.2,8.102,25.078,93.812,-25.9,-0.513,93.875,-2.742,1.8,1.661,-2.746,-5.570,-0.6,-0.783,-5.578,-40.938,-0.7,-5.828,-40.938,-97.125,2.5,-0.095,-97.125,0.000,0.0,0.000,0.000,0.000,0.0,0.000,0.000
0.9220,3.920,-4.0,-3.068,3.930,3.848,-1.7,1.946,3.850,25.109,6.9,8.156,25.094,93.812,-28.7,-0.446,93.812,-2.752,-2.3,1.802,-2.742,-5.578,-2.7,-0.630,-5.570,-40.938,0.8,-5.809,-40.938,-97.125,-0.3,-0.060,-97.125,0.000,0.0,0.000,0.000,0.000,0.0,0.000,0.000
0.9240,3.920,-3.7,-3.301,3.920,3.857,2.1,2.043,3.848,25.109,7.6,8.328,25.109,93.750,-21.2,-0.520,93.812,-2.740,4.9,2.143,-2.752,-5.574,-1.1,-0.722,-5.578,-40.938,-0.1,-5.750,-40.938,-97.125,1.8,-0.085,-97.125,0.000,0.0,0.000,0.000,0.000,0.0,0.000,0.000
0.9260,3.932,1.8,-3.443,3.920,3.857,2.0,2.129,3.857,25.109,3.4,8.562,25.109,93.688,-28.0,-0.547,93.750,-2.742,3.2,1.826,-2.740,-5.566,2.1,-0.653,-5.574,-40.938,-0.6,-5.441,-40.938,-97.125,-0.3,-0.246,-97.125,0.000,0.0,0.000,0.000,0.000,0.0,0.000,0.000
0.9280,3.926,-1.0,-3.346,3.932,3.857,-0.3,1.996,3.857,25.125,2.4,8.227,25.109,93.625,-28.9,-0.509,93.688,-2.752,-0.6,1.978,-2.742,-5.570,0.7,-0.761,-5.566,-40.938,-0.1,-5.855,-40.938,-97.125,1.3,0.039,-97.125,0.000,0.0,0.000,0.000,0.000,0.0,0.000,0.000
0.9300,3.920,-3.0,-3.471,3.926,3.854,-2.1,2.092,3.857,25.141,6.8,8.453,25.125,93.625,-23.9,-0.654,93.625,-2.752,-1.5,1.886,-2.752,-5.578,-4.7,-0.608,-5.570,-40.938,-0.6,-5.656,-40.938,-97.125,-2.2,-0.174,-97.125,0.000,0.0,0.000,0.000,0.000,0.0,0.000,0.000
0.9320,3.920,-2.0,-3.199,3.920,3.859,-0.1,2.076,3.854,25.156,8.2,7.949,25.141,93.500,-30.7,-0.331,93.625,-2.748,-0.0,1.512,-2.752,-5.570,-0.3,-0.784,-5.578,-40.938,3.5,-6.109,-40.938,-97.125,0.5,0.053,-97.125,0.000,0.0,0.000,0.000,0.000,0.0,0.000,0.000
0.9340,3.920,-0.7,-3.102,3.920,3.869,2.2,2.002,3.859,25.156,5.2,8.312,25.156,93.500,-26.6,-0.460,93.500,-2.740,4.1,1.846,-2.748,-5.566,1.9,-0.667,-5.570,-40.938,-1.5,-5.840,-40.938,-97.125,1.9,0.008,-97.125,0.000,0.0,0.000,0.000,0.000,0.0,0.000,0.000
0.9362,3.916,-1.8,-3.186,3.920,3.869,0.3,2.006,3.869,25.156,4.7,8.172,25.156,93.438,-31.4,-0.505,93.500,-2.740,4.3,1.800,-2.740,-5.578,-2.8,-0.759,-5.566,-40.938,-1.6,-5.828,-40.938,-97.125,3.6,-0.074,-97.125,0.000,0.0,0.000,0.000,0.000,0.0,0.000,0.000
0.9383,3.920,-0.5,-3.230,3.916,3.875,1.8,1.983,3.869,25.172,3.3,8.242,25.156,93.375,-25.6,-0.449,93.438,-2.752,-1.3,1.923,-2.740,-5.570,0.2,-0.689,-5.578,-40.938,2.8,-5.824,-40.938,-97.125,-0.5,-0.046,-97.125,0.000,0.0,0.000,0.000,0.000,0.0,0.000,0.000
0.9403,3.916,-2.5,-3.428,3.920,3.875,0.8,1.990,3.875,25.172,3.8,8.289,25.172,93.312,-28.4,-0.396,93.375,-2.748,-0.1,1.658,-2.752,-5.574,-1.6,-0.787,-5.570,-40.938,-2.7,-5.703,-40.938,-97.125,-2.4,-0.046,-97.125,0.000,0.0,0.000,0.000,0.000,0.0,0.000,0.000
0.9424,3.926,3.6,-3.346,3.916,3.875,-0.1,2.252,3.875,25.188,2.7,8.344,25.172,93.312,-23.8,-0.520,93.312,-2.748,1.0,1.989,-2.748,-5.566,1.3,-0.774,-5.574,-40.938,-1.3,-5.461,-40.938,-97.125,0.1,-0.230,-97.125,0.000,0.0,0.000,0.000,0.000,0.0,0.000,0.000
0.9440,3.910,-3.3,-2.955,3.926,3.879,0.7,2.061,3.875,25.203,3.8,8.148,25.188,93.250,-22.4,-0.443,93.312,-2.752,-0.2,1.840,-2.748,-5.566,1.6,-0.791,-5.566,-40.938,-0.8,-6.160,-40.938,-97.125,-0.4,0.129,-97.125,0.000,0.0,0.000,0.000,0.000,0.0,0.000,0.000
0.9460,3.914,-0.7,-3.223,3.910,3.885,2.3,2.045,3.879,25.219,6.3,8.305,25.203,93.188,-23.0,-0.465,93.250,-2.746,2.1,1.862,-2.752,-5.566,0.6,-0.729,-5.566,-40.938,2.5,-5.785,-40.938,-97.125,3.7,0.055,-97.125,0.000,0.0,0.000,0.000,0.000,0.0,0.000,0.000
0.9480,3.914,0.3,-3.061,3.914,3.891,4.3,2.121,3.885,25.219,3.0,8.133,25.219,93.125,-23.8,-0.479,93.188,-2.742,3.6,1.794,-2.746,-5.574,-2.5,-0.698,-5.566,-40.938,-1.7,-5.691,-40.938,-97.125,0.0,-0.047,-97.125,0.000,0.0,0.000,0.000,0.000,0.0,0.000,0.000
0.9500,3.910,-1.0,-3.320,3.914,3.883,-1.1,2.131,3.891,25.219,0.5,8.102,25.219,93.062,-23.2,-0.406,93.125,-2.752,-0.9,1.790,-2.742,-5.566,1.7,-0.625,-5.574,-40.938,1.6,-6.016,-40.938,-97.125,9.5,0.059,-97.125,0.000,0.0,0.000,0.000,0.000,0.0,0.000,0.000
0.9520,3.906,-2.1,-2.547,3.910,3.898,4.6,1.959,3.883,25.250,9.6,7.867,25.219,93.062,-22.0,-0.257,93.062,-2.752,-0.6,1.543,-2.752,-5.566,1.1,-0.727,-5.566,-40.938,-2.0,-6.023,-40.938,-97.125,3.2,0.159,-97.125,0.000,0.0,0.000,0.000,0.000,0.0,0.000,0.000
0.9540,3.914,0.8,-2.789,3.906,3.898,2.9,2.039,3.898,25.234,2.6,7.961,25.250,93.000,-25.8,-0.358,93.062,-2.752,-0.5,1.475,-2.752,-5.562,2.9,-0.751,-5.566,-40.938,-2.2,-6.102,-40.938,-97.125,2.3,0.173,-97.125,0.000,0.0,0.000,0.000,0.000,0.0,0.000,0.000
0.9560,3.916,1.2,-2.816,3.914,3.895,0.3,2.027,3.898,25.250,1.6,7.836,25.234,92.938,-27.9,-0.319,93.000,-2.758,-1.7,1.819,-2.752,-5.562,3.0,-0.806,-5.562,-40.938,-0.8,-6.176,-40.938,-97.125,1.5,0.209,-97.125,0.000,0.0,0.000,0.000,0.000,0.0,0.000,0.000
0.9580,3.930,5.8,-2.629,3.916,3.891,-2.1,1.775,3.895,25.250,2.7,7.531,25.250,92.938,-20.7,-0.206,92.938,-2.762,-1.6,1.738,-2.758,-5.566,-0.2,-1.027,-5.562,-40.938,-0.3,-6.609,-40.938,-97.125,2.9,0.534,-97.125,0.000,0.0,0.000,0.000,0.000,0.0,0.000,0.000
0.9600,3.916,-2.1,-2.742,3.930,3.898,0.5,1.873,3.891,25.250,0.4,8.055,25.250,92.875,-19.1,-0.347,92.938,-2.766,-1.2,1.791,-2.762,-5.570,-1.2,-0.819,-5.566,-40.938,-3.1,-6.273,-40.938,-97.125,4.4,0.333,-97.125,0.000,0.0,0.000,0.000,0.000,0.0,0.000,0.000
0.9623,3.922,-0.0,-2.729,3.916,3.898,0.8,2.084,3.898,25.250,2.9,7.887,25.250,92.812,-19.3,-0.400,92.875,-2.768,-1.1,1.641,-2.766,-5.570,-1.0,-0.830,-5.570,-40.938,-1.1,-6.254,-40.938,-97.125,4.4,0.287,-97.125,0.000,0.0,0.000,0.000,0.000,0.0,0.000,0.000
0.9642,3.930,1.5,-2.812,3.922,3.900,2.2,2.059,3.898,25.250,2.3,7.977,25.250,92.812,-14.5,-0.505,92.812,-2.771,-1.7,1.739,-2.768,-5.566,0.1,-0.809,-5.570,-40.938,1.8,-6.168,-40.938,-97.125,4.0,0.228,-97.125,0.000,0.0,0.000,0.000,0.000,0.0,0.000,0.000
0.9662,3.930,0.2,-2.809,3.930,3.898,0.1,1.813,3.900,25.250,3.6,7.656,25.250,92.812,-13.6,-0.434,92.812,-2.766,1.3,1.478,-2.771,-5.570,-1.6,-0.963,-5.566,-40.938,0.9,-6.410,-40.938,-97.125,2.5,0.296,-97.125,0.000,0.0,0.000,0.000,0.000,0.0,0.000,0.000
0.9683,3.932,1.5,-2.479,3.930,3.904,1.3,1.750,3.898,25.250,1.2,7.422,25.250,92.750,-13.1,-0.419,92.812,-2.768,-0.3,1.562,-2.766,-5.562,-0.1,-1.218,-5.570,-40.938,2.1,-6.523,-40.938,-97.125,3.2,0.459,-97.125,0.000,0.0,0.000,0.000,0.000,0.0,0.000,0.000
0.9700,3.926,-0.5,-2.361,3.932,3.900,-0.5,1.673,3.904,25.250,-0.8,7.496,25.250,92.750,-11.2,-0.348,92.750,-2.768,0.4,1.525,-2.768,-5.562,0.6,-1.215,-5.562,-40.938,1.5,-6.820,-40.938,-97.062,2.2,0.585,-97.125,0.000,0.0,0.000,0.000,0.000,0.0,0.000,0.000
0.9720,3.930,0.9,-2.473,3.926,3.906,2.4,1.748,3.900,25.234,-3.3,7.363,25.250,92.750,-7.1,-0.433,92.750,-2.771,-1.5,1.430,-2.768,-5.562,0.7,-1.172,-5.562,-40.938,1.0,-6.812,-40.938,-97.062,4.3,0.532,-97.062,0.000,0.0,0.000,0.000,0.000,0.0,0.000,0.000
0.9740,3.938,3.8,-2.596,3.930,3.889,-5.3,1.658,3.906,25.250,1.0,7.340,25.234,92.750,-2.3,-0.445,92.750,-2.756,5.2,1.312,-2.771,-5.570,-3.2,-1.235,-5.562,-40.938,-1.3,-6.625,-40.938,-97.062,3.6,0.562,-97.062,0.000,0.0,0.000,0.000,0.000,0.0,0.000,0.000
0.9760,3.926,-1.8,-2.439,3.938,3.895,-2.3,1.604,3.889,25.234,-2.8,7.398,25.250,92.750,-0.8,-0.575,92.750,-2.773,-2.8,1.731,-2.756,-5.566,-1.2,-1.331,-5.570,-40.938,1.1,-6.754,-40.938,-97.062,3.6,0.526,-97.062,0.000,0.0,0.000,0.000,0.000,0.0,0.000,0.000
0.9780,3.920,-5.8,-2.564,3.926,3.898,-0.9,1.457,3.895,25.250,0.8,7.062,25.234,92.750,0.9,-0.502,92.750,-2.768,0.1,1.575,-2.773,-5.566,-1.2,-1.304,-5.566,-40.969,-1.5,-6.887,-40.938,-97.062,4.4,0.558,-97.062,0.000,0.0,0.000,0.000,0.000,0.0,0.000,0.000
0.9800,3.926,-3.0,-2.496,3.920,3.904,0.1,1.255,3.898,25.234,-3.6,6.566,25.250,92.750,2.1,-0.288,92.750,-2.758,4.1,1.792,-2.768,-5.566,-1.7,-1.655,-5.566,-40.938,2.4,-7.230,-40.969,-97.062,4.8,0.851,-97.062,0.000,0.0,0.000,0.000,0.000,0.0,0.000,0.000
0.9820,3.932,0.6,-2.172,3.926,3.895,-3.3,1.044,3.904,25.234,-2.3,6.645,25.234,92.750,5.5,-0.238,92.750,-2.756,4.8,1.794,-2.758,-5.566,-1.3,-1.898,-5.566,-40.938,6.0,-7.254,-40.938,-97.062,1.6,0.726,-97.062,0.000,0.0,0.000,0.000,0.000,0.0,0.000,0.000
0.9840,3.936,1.6,-2.084,3.932,3.898,-0.6,0.909,3.895,25.234,-1.6,6.480,25.234,92.750,5.9,-0.124,92.750,-2.766,-1.0,1.640,-2.756,-5.566,-0.2,-1.774,-5.566,-40.938,4.2,-7.301,-40.938,-97.062,4.5,0.779,-97.062,0.000,0.0,0.000,0.000,0.000,0.0,0.000,0.000
0.9860,3.932,-0.8,-2.342,3.936,3.889,-3.8,0.826,3.898,25.219,-2.5,6.332,25.234,92.750,6.2,-0.034,92.750,-2.758,2.3,2.051,-2.766,-5.562,1.8,-2.006,-5.566,-40.969,-3.4,-7.629,-40.938,-97.000,7.9,0.866,-97.062,0.000,0.0,0.000,0.000,0.000,0.0,0.000,0.000
0.9880,3.922,-5.8,-2.279,3.932,3.895,0.5,0.782,3.889,25.219,-4.6,6.188,25.219,92.812,12.0,0.010,92.750,-2.762,-1.1,1.743,-2.758,-5.578,-6.6,-2.166,-5.562,-40.969,-0.9,-7.535,-40.969,-97.000,8.1,0.934,-97.000,0.000,0.0,0.000,0.000,0.000,0.0,0.000,0.000
0.9902,3.932,-1.2,-2.191,3.922,3.883,-2.8,0.859,3.895,25.219,-0.6,6.559,25.219,92.812,11.3,-0.090,92.812,-2.752,2.8,1.882,-2.762,-5.578,-1.4,-2.014,-5.578,-40.969,-4.6,-7.301,-40.969,-97.000,8.9,0.667,-97.000,0.000,0.0,0.000,0.000,0.000,0.0,0.000,0.000
0.9921,3.938,1.8,-2.252,3.932,3.883,-1.3,0.791,3.883,25.188,-6.1,6.336,25.219,92.812,8.1,-0.125,92.812,-2.748,3.3,1.811,-2.752,-5.574,1.0,-2.109,-5.578,-41.000,-4.9,-7.566,-40.969,-97.000,9.7,0.744,-97.000,0.000,0.0,0.000,0.000,0.000,0.0,0.000,0.000
0.9941,3.941,2.8,-2.160,3.938,3.873,-4.5,0.796,3.883,25.203,-1.1,5.891,25.188,92.812,3.5,0.011,92.812,-2.748,2.3,2.016,-2.748,-5.566,3.6,-2.471,-5.574,-40.969,-0.5,-7.719,-41.000,-96.938,8.4,0.887,-97.000,0.000,0.0,0.000,0.000,0.000,0.0,0.000,0.000
0.9960,3.941,2.3,-1.938,3.941,3.895,6.1,0.287,3.873,25.188,-3.9,5.527,25.203,92.875,10.9,0.245,92.812,-2.752,0.1,2.193,-2.748,-5.578,-1.0,-2.684,-5.566,-40.969,-0.9,-8.305,-40.969,-96.938,11.1,1.093,-96.938,0.000,0.0,0.000,0.000,0.000,0.0,0.000,0.000
0.9980,3.941,1.9,-2.393,3.941,3.875,-3.2,0.091,3.895,25.188,-0.7,5.449,25.188,92.875,6.6,0.493,92.875,-2.742,4.1,2.350,-2.752,-5.578,-1.1,-2.639,-5.578,-41.000,-2.9,-8.430,-40.969,-96.875,12.7,1.273,-96.938,0.000,0.0,0.000,0.000,0.000,0.0,0.000,0.000
1.0000,3.936,-1.1,-2.240,3.941,3.879,-0.1,0.135,3.875,25.156,-7.2,5.434,25.188,92.938,14.7,0.447,92.875,-2.742,2.5,2.504,-2.742,-5.582,-2.3,-2.602,-5.578,-41.000,-4.3,-8.508,-41.000,-96.875,10.1,1.238,-96.875,0.000,0.0,0.000,0.000,0.000,0.0,0.000,0.000
1.0020,3.941,2.9,-2.107,3.936,3.875,-0.5,0.107,3.879,25.141,-9.9,6.059,25.156,92.938,10.2,0.202,92.938,-2.732,4.8,2.150,-2.742,-5.582,-1.0,-2.305,-5.582,-41.000,-4.9,-8.406,-41.000,-96.875,13.4,1.150,-96.875,0.000,0.0,0.000,0.000,0.000,0.0,0.000,0.000
1.0040,3.936,-0.1,-2.057,3.941,3.875,1.3,0.368,3.875,25.141,-4.6,5.531,25.141,92.938,12.2,0.321,92.938,-2.730,2.1,1.978,-2.732,-5.582,-0.4,-2.613,-5.582,-41.031,-10.3,-8.148,-41.000,-96.812,12.3,1.068,-96.875,0.000,0.0,0.000,0.000,0.000,0.0,0.000,0.000
1.0060,3.932,-1.4,-2.107,3.936,3.869,0.0,0.306,3.875,25.141,-4.4,5.887,25.141,92.938,9.8,0.187,92.938,-2.727,1.6,1.951,-2.730,-5.582,-0.6,-2.682,-5.582,-41.031,-7.9,-8.055,-41.031,-96.812,15.2,1.059,-96.812,0.000,0.0,0.000,0.000,0.000,0.0,0.000,0.000
1.0080,3.936,0.4,-2.330,3.932,3.865,-0.7,0.109,3.869,25.125,-4.8,5.008,25.141,93.000,14.0,0.528,92.938,-2.717,4.0,3.217,-2.727,-5.574,2.6,-3.049,-5.582,-41.062,-6.6,-8.617,-41.031,-96.750,16.5,1.248,-96.812,0.000,0.0,0.000,0.000,0.000,0.0,0.000,0.000
1.0100,3.932,-0.4,-2.846,3.936,3.863,-1.3,-0.104,3.865,25.125,-4.2,5.039,25.125,93.000,10.3,0.618,93.000,-2.699,8.3,3.508,-2.717,-5.578,-0.5,-2.977,-5.574,-41.062,-5.6,-8.828,-41.062,-96.750,14.9,1.304,-96.750,0.000,0.0,0.000,0.000,0.000,0.0,0.000,0.000
1.0120,3.930,-1.2,-2.957,3.932,3.863,-0.2,-0.077,3.863,25.109,-1.7,5.043,25.125,93.000,7.0,0.577,93.000,-2.693,6.3,3.123,-2.699,-5.578,1.3,-2.875,-5.578,-41.094,-11.0,-8.883,-41.062,-96.688,14.4,1.348,-96.750,0.000,0.0,0.000,0.000,0.000,0.0,0.000,0.000
1.0140,3.916,-4.4,-2.854,3.930,3.863,0.2,-0.137,3.863,25.109,-1.8,5.113,25.109,93.062,9.0,0.544,93.000,-2.662,13.3,2.609,-2.693,-5.578,1.1,-2.855,-5.578,-41.094,-7.2,-8.891,-41.094,-96.688,16.7,1.331,-96.688,0.000,0.0,0.000,0.000,0.000,0.0,0.000,0.000
1.0160,3.906,-4.8,-3.141,3.916,3.865,2.0,-0.245,3.863,25.094,-5.9,4.906,25.109,93.062,8.5,0.744,93.062,-2.645,12.4,3.600,-2.662,-5.586,-2.0,-3.170,-5.578,-41.125,-8.9,-8.766,-41.094,-96.625,19.0,1.350,-96.688,0.000,0.0,0.000,0.000,0.000,0.0,0.000,0.000
1.0181,3.898,-5.0,-2.764,3.906,3.859,-1.2,-0.227,3.865,25.078,-4.9,5.371,25.094,93.062,13.3,0.448,93.062,-2.623,12.3,1.846,-2.645,-5.582,0.5,-2.807,-5.586,-41.125,-9.4,-8.422,-41.125,-96.562,17.2,1.171,-96.625,0.000,0.0,0.000,0.000,0.000,0.0,0.000,0.000
1.0202,3.898,-0.9,-2.088,3.898,3.859,0.1,0.083,3.859,25.062,-4.7,5.500,25.078,93.125,9.9,0.323,93.062,-2.607,10.3,1.846,-2.623,-5.578,2.3,-2.783,-5.582,-41.125,-7.4,-8.531,-41.125,-96.562,18.1,1.135,-96.562,0.000,0.0,0.000,0.000,0.000,0.0,0.000,0.000
1.0224,3.889,-3.4,-2.271,3.898,3.863,0.8,0.016,3.859,25.078,-1.1,5.168,25.062,93.125,6.7,0.406,93.125,-2.598,7.0,1.924,-2.607,-5.586,-0.4,-2.744,-5.578,-41.156,-5.9,-8.547,-41.125,-96.500,22.6,1.076,-96.562,0.000,0.0,0.000,0.000,0.000,0.0,0.000,0.000
1.0242,3.900,2.6,-2.346,3.889,3.863,0.8,0.077,3.863,25.078,-0.1,4.891,25.078,93.125,7.8,0.479,93.125,-2.592,4.5,2.641,-2.598,-5.582,0.3,-3.014,-5.586,-41.156,-7.2,-8.602,-41.156,-96.438,20.4,1.181,-96.500,0.000,0.0,0.000,0.000,0.000,0.0,0.000,0.000
1.0276,3.914,4.7,-3.461,3.900,3.869,2.0,-0.209,3.863,25.078,0.9,4.629,25.078,93.188,9.0,0.665,93.125,-2.586,5.1,3.938,-2.592,-5.578,1.6,-3.076,-5.582,-41.188,-5.7,-8.820,-41.156,-96.375,22.6,1.199,-96.438,0.000,0.0,0.000,0.000,0.000,0.0,0.000,0.000
1.0292,3.904,-0.3,-2.805,3.914,3.865,0.4,-0.030,3.869,25.078,-0.5,4.953,25.078,93.188,6.6,0.547,93.188,-2.590,0.4,2.662,-2.586,-5.586,0.1,-2.734,-5.578,-41.188,-3.9,-8.852,-41.188,-96.375,19.4,1.074,-96.375,0.000,0.0,0.000,0.000,0.000,0.0,0.000,0.000
1.0307,3.900,-1.6,-2.391,3.904,3.865,0.9,0.042,3.865,25.078,1.6,5.293,25.078,93.188,3.4,0.385,93.188,-2.580,3.3,2.490,-2.590,-5.586,0.3,-2.805,-5.586,-41.219,-8.4,-8.711,-41.188,-96.312,22.5,1.100,-96.375,0.000,0.0,0.000,0.000,0.000,0.0,0.000,0.000
1.0321,3.898,-1.0,-2.025,3.900,3.863,-0.1,0.188,3.865,25.078,-0.2,5.258,25.078,93.188,3.3,0.240,93.188,-2.580,0.5,2.539,-2.580,-5.594,-3.6,-2.750,-5.586,-41.219,-6.7,-8.750,-41.219,-96.312,19.1,1.097,-96.312,0.000,0.0,0.000,0.000,0.000,0.0,0.000,0.000
1.0340,3.895,-0.9,-2.078,3.898,3.857,-2.3,0.200,3.863,25.078,1.3,5.113,25.078,93.188,9.2,0.261,93.188,-2.576,0.6,2.580,-2.580,-5.594,-1.5,-2.785,-5.594,-41.219,-5.7,-8.680,-41.219,-96.250,21.7,1.066,-96.312,0.000,0.0,0.000,0.000,0.000,0.0,0.000,0.000
1.0360,3.904,2.8,-2.443,3.895,3.863,0.6,0.111,3.857,25.078,0.8,5.324,25.078,93.250,7.5,0.340,93.188,-2.582,-1.4,2.795,-2.576,-5.586,0.1,-2.943,-5.594,-41.219,-6.7,-8.742,-41.219,-96.250,17.2,1.219,-96.250,0.000,0.0,0.000,0.000,0.000,0.0,0.000,0.000
1.0380,3.898,-1.5,-2.287,3.904,3.859,-1.8,0.128,3.863,25.094,5.4,5.367,25.078,93.250,1.9,0.114,93.250,-2.586,-1.6,2.479,-2.582,-5.586,0.9,-2.664,-5.586,-41.219,-2.4,-8.406,-41.219,-96.188,16.0,1.150,-96.250,0.000,0.0,0.000,0.000,0.000,0.0,0.000,0.000
1.0400,3.920,6.3,-2.488,3.898,3.869,1.4,0.158,3.859,25.078,-0.6,5.504,25.094,93.250,9.8,0.167,93.250,-2.592,-2.4,2.533,-2.586,-5.578,2.9,-2.816,-5.586,-41.250,-2.8,-8.578,-41.219,-96.125,12.1,1.161,-96.188,0.000,0.0,0.000,0.000,0.000,0.0,0.000,0.000
1.0420,3.916,1.5,-2.645,3.920,3.873,1.7,0.077,3.869,25.094,1.6,4.934,25.078,93.250,5.7,0.428,93.250,-2.596,-1.0,3.209,-2.592,-5.586,-0.5,-2.893,-5.578,-41.250,-4.7,-8.906,-41.250,-96.125,11.9,1.380,-96.125,0.000,0.0,0.000,0.000,0.000,0.0,0.000,0.000
1.0440,3.910,-2.2,-2.428,3.916,3.865,-2.4,0.028,3.873,25.094,-1.4,5.359,25.094,93.250,5.2,0.365,93.250,-2.602,-2.5,2.580,-2.596,-5.590,-1.7,-2.686,-5.586,-41.250,-3.3,-8.594,-41.250,-96.062,16.5,1.305,-96.125,0.000,0.0,0.000,0.000,0.000,0.0,0.000,0.000
1.0461,3.914,-1.1,-2.186,3.910,3.873,0.1,0.402,3.865,25.094,1.9,6.172,25.094,93.250,1.6,-0.089,93.250,-2.602,-1.3,1.806,-2.602,-5.594,-3.2,-2.426,-5.590,-41.250,2.5,-7.793,-41.250,-96.062,14.0,1.077,-96.062,0.000,0.0,0.000,0.000,0.000,0.0,0.000,0.000
1.0481,3.916,0.0,-2.191,3.914,3.873,0.8,0.579,3.873,25.094,1.4,6.176,25.094,93.250,-1.0,-0.132,93.250,-2.605,-2.3,1.894,-2.602,-5.586,-0.3,-2.400,-5.594,-41.250,1.3,-7.793,-41.250,-96.062,16.2,1.023,-96.062,0.000,0.0,0.000,0.000,0.000,0.0,0.000,0.000
1.0503,3.910,-2.2,-1.771,3.916,3.875,0.9,0.089,3.873,25.109,3.8,5.738,25.094,93.250,0.2,0.170,93.250,-2.617,-4.7,2.129,-2.605,-5.586,-0.8,-2.510,-5.586,-41.250,3.2,-8.234,-41.250,-96.000,13.4,1.205,-96.062,0.000,0.0,0.000,0.000,0.000,0.0,0.000,0.000
1.0521,3.914,-1.9,-2.162,3.910,3.873,-0.4,0.396,3.875,25.109,4.0,5.883,25.109,93.250,0.8,0.129,93.250,-2.613,-1.3,2.250,-2.617,-5.586,-0.7,-2.492,-5.586,-41.219,5.0,-8.180,-41.250,-96.000,8.7,1.049,-96.000,0.000,0.0,0.000,0.000,0.000,0.0,0.000,0.000
1.0540,3.930,2.2,-2.227,3.914,3.883,2.7,0.072,3.873,25.125,1.1,6.121,25.109,93.250,-2.7,0.004,93.250,-2.629,-3.5,2.164,-2.613,-5.594,-3.3,-2.303,-5.586,-41.219,-0.2,-8.305,-41.219,-96.000,7.0,1.353,-96.000,0.000,0.0,0.000,0.000,0.000,0.0,0.000,0.000
1.0560,3.938,3.8,-2.455,3.930,3.883,1.0,0.610,3.883,25.141,5.0,6.094,25.125,93.250,-3.3,-0.230,93.250,-2.637,-3.0,1.941,-2.629,-5.590,-1.0,-2.232,-5.594,-41.219,2.0,-7.672,-41.219,-96.000,5.9,1.067,-96.000,0.000,0.0,0.000,0.000,0.000,0.0,0.000,0.000
1.0580,3.932,-0.6,-2.193,3.938,3.883,-0.1,0.615,3.883,25.141,3.7,6.312,25.141,93.250,-3.3,-0.300,93.250,-2.639,-1.2,1.933,-2.637,-5.582,1.6,-2.221,-5.590,-41.219,1.0,-7.805,-41.219,-96.000,2.2,1.181,-96.000,0.000,0.0,0.000,0.000,0.000,0.0,0.000,0.000
1.0600,3.936,0.2,-2.318,3.932,3.875,-3.1,0.976,3.883,25.156,3.8,6.547,25.141,93.188,-3.7,-0.421,93.250,-2.643,0.1,1.870,-2.639,-5.582,0.5,-1.942,-5.582,-41.219,2.4,-7.195,-41.219,-96.000,0.9,0.973,-96.000,0.000,0.0,0.000,0.000,0.000,0.0,0.000,0.000
1.0620,3.932,-2.3,-2.371,3.936,3.889,1.9,1.028,3.875,25.172,7.7,6.508,25.156,93.188,-5.1,-0.458,93.188,-2.645,0.6,1.860,-2.643,-5.578,1.2,-2.084,-5.582,-41.219,-0.5,-7.375,-41.219,-96.000,-1.9,0.982,-96.000,0.000,0.0,0.000,0.000,0.000,0.0,0.000,0.000
1.0640,3.932,-1.7,-2.076,3.932,3.900,5.8,1.182,3.889,25.188,8.5,6.871,25.172,93.188,-2.8,-0.620,93.188,-2.654,-0.8,1.980,-2.645,-5.578,-0.2,-1.688,-5.578,-41.219,0.7,-6.941,-41.219,-96.000,0.5,0.820,-96.000,0.000,0.0,0.000,0.000,0.000,0.0,0.000,0.000
1.0660,3.932,-0.8,-2.170,3.932,3.900,3.4,1.269,3.900,25.203,8.0,6.918,25.188,93.188,-3.1,-0.689,93.188,-2.664,-2.9,1.728,-2.654,-5.570,2.4,-1.577,-5.578,-41.219,3.7,-6.910,-41.219,-96.000,-4.9,0.731,-96.000,0.000,0.0,0.000,0.000,0.000,0.0,0.000,0.000
1.0680,3.932,-0.6,-2.322,3.932,3.900,0.8,1.408,3.900,25.219,9.4,6.930,25.203,93.125,-8.2,-0.705,93.188,-2.662,0.8,1.652,-2.664,-5.566,1.5,-1.417,-5.570,-41.188,4.8,-6.660,-41.219,-96.000,-2.1,0.575,-96.000,0.000,0.0,0.000,0.000,0.000,0.0,0.000,0.000
1.0700,3.930,-1.6,-2.287,3.932,3.906,1.8,1.712,3.900,25.250,12.4,7.309,25.219,93.125,-14.2,-0.762,93.125,-2.684,-7.0,1.632,-2.662,-5.562,1.4,-1.179,-5.566,-41.188,2.9,-6.445,-41.188,-96.062,-5.5,0.522,-96.000,0.000,0.0,0.000,0.000,0.000,0.0,0.000,0.000
1.0720,3.936,1.9,-2.379,3.930,3.930,8.1,1.702,3.906,25.266,13.0,7.172,25.250,93.125,-14.0,-0.640,93.125,-2.686,-5.4,1.627,-2.684,-5.555,3.8,-1.343,-5.562,-41.188,4.9,-6.719,-41.188,-96.062,-7.4,0.603,-96.062,0.000,0.0,0.000,0.000,0.000,0.0,0.000,0.000
1.0740,3.930,-1.1,-2.588,3.936,3.920,0.3,1.884,3.930,25.297,12.4,7.379,25.266,93.062,-10.8,-0.729,93.125,-2.686,-2.3,1.542,-2.686,-5.559,0.4,-0.960,-5.555,-41.156,7.3,-6.309,-41.188,-96.062,-7.9,0.371,-96.062,0.000,0.0,0.000,0.000,0.000,0.0,0.000,0.000
1.0763,3.930,-1.1,-2.588,3.930,3.920,0.3,1.884,3.920,25.297,12.4,7.379,25.297,93.062,-10.8,-0.729,93.062,-2.686,-2.3,1.542,-2.686,-5.559,0.4,-0.960,-5.559,-41.156,7.3,-6.309,-41.156,-96.062,-7.9,0.371,-96.062,0.000,0.0,0.000,0.000,0.000,0.0,0.000,0.000
1.0800,3.922,-2.8,-3.350,3.930,3.941,2.2,2.506,3.920,25.375,13.1,8.227,25.297,93.000,-14.9,-1.264,93.062,-2.721,-9.0,1.706,-2.686,-5.547,1.0,-0.583,-5.559,-41.125,7.2,-5.715,-41.156,-96.125,-9.2,0.110,-96.062,0.000,0.0,0.000,0.000,0.000,0.0,0.000,0.000
1.0825,3.930,2.1,-3.176,3.922,3.953,4.8,2.621,3.941,25.406,17.5,8.266,25.375,92.938,-16.6,-1.193,93.000,-2.709,-0.9,1.807,-2.721,-5.535,3.7,-0.485,-5.547,-41.094,9.6,-5.750,-41.125,-96.188,-13.3,0.113,-96.125,0.000,0.0,0.000,0.000,0.000,0.0,0.000,0.000
1.0844,3.904,-6.9,-3.221,3.930,3.957,3.8,2.766,3.953,25.453,20.8,7.922,25.406,92.875,-23.6,-1.091,92.938,-2.709,1.1,1.758,-2.709,-5.539,-0.6,-0.498,-5.535,-41.062,11.0,-5.695,-41.094,-96.188,-16.8,0.076,-96.188,0.000,0.0,0.000,0.000,0.000,0.0,0.000,0.000
1.0856,3.914,-1.9,-3.598,3.904,3.957,1.9,2.506,3.957,25.453,13.2,8.047,25.453,92.875,-18.9,-1.069,92.875,-2.711,0.4,1.821,-2.709,-5.531,1.4,-0.491,-5.539,-41.062,10.2,-5.598,-41.062,-96.250,-16.9,0.043,-96.188,0.000,0.0,0.000,0.000,0.000,0.0,0.000,0.000
1.0865,3.904,-4.8,-3.270,3.914,3.961,1.7,2.553,3.957,25.469,14.7,8.125,25.453,92.875,-23.6,-1.104,92.875,-2.715,-1.7,1.565,-2.711,-5.531,0.7,-0.409,-5.531,-41.031,11.3,-5.758,-41.062,-96.250,-13.5,0.142,-96.250,0.000,0.0,0.000,0.000,0.000,0.0,0.000,0.000
1.0880,3.904,-2.8,-3.543,3.904,3.957,-1.6,2.676,3.961,25.500,15.0,8.148,25.469,92.812,-22.7,-1.154,92.875,-2.709,1.0,2.033,-2.715,-5.520,5.1,-0.470,-5.531,-41.031,10.3,-5.605,-41.031,-96.250,-16.4,0.152,-96.250,0.000,0.0,0.000,0.000,0.000,0.0,0.000,0.000
1.0900,3.895,-5.2,-4.480,3.904,3.957,-4.7,2.770,3.957,25.531,11.5,8.633,25.500,92.750,-24.3,-1.197,92.812,-2.701,3.3,3.432,-2.709,-5.527,2.3,-0.128,-5.520,-41.000,10.2,-5.367,-41.031,-96.312,-18.4,-0.111,-96.250,0.000,0.0,0.000,0.000,0.000,0.0,0.000,0.000
1.0920,3.900,0.8,-6.262,3.895,3.982,6.5,4.129,3.957,25.562,16.1,8.648,25.531,92.688,-23.4,-1.129,92.750,-2.689,5.6,3.527,-2.701,-5.539,-4.2,0.584,-5.527,-40.969,13.7,-5.219,-41.000,-96.375,-22.1,-0.586,-96.312,0.000,0.0,0.000,0.000,0.000,0.0,0.000,0.000
1.0940,3.863,-10.8,-5.590,3.900,3.979,2.6,3.783,3.982,25.578,11.1,8.820,25.562,92.625,-26.4,-1.339,92.688,-2.662,11.5,3.215,-2.689,-5.523,3.3,0.599,-5.539,-40.938,11.2,-5.129,-40.969,-96.375,-20.8,-0.622,-96.375,0.000,0.0,0.000,0.000,0.000,0.0,0.000,0.000
1.0960,3.832,-14.8,-5.297,3.863,3.986,1.6,3.467,3.979,25.609,12.9,9.000,25.578,92.625,-23.5,-1.184,92.625,-2.637,10.2,2.748,-2.662,-5.527,-0.5,0.474,-5.523,-40.906,13.8,-5.020,-40.938,-96.438,-20.1,-0.449,-96.375,0.000,0.0,0.000,0.000,0.000,0.0,0.000,0.000
1.0980,3.803,-13.3,-4.844,3.832,4.000,4.5,3.604,3.986,25.625,12.2,9.070,25.609,92.562,-22.3,-1.092,92.625,-2.596,16.2,2.756,-2.637,-5.512,3.5,0.490,-5.527,-40.906,9.0,-4.988,-40.906,-96.500,-27.6,-0.463,-96.438,0.000,0.0,0.000,0.000,0.000,0.0,0.000,0.000
1.1000,3.770,-16.0,-5.121,3.803,4.016,4.8,3.857,4.000,25.625,6.9,9.133,25.625,92.500,-21.4,-0.864,92.562,-2.566,15.5,2.771,-2.596,-5.508,1.7,0.490,-5.512,-40.875,8.0,-5.031,-40.906,-96.562,-27.7,-0.484,-96.500,0.000,0.0,0.000,0.000,0.000,0.0,0.000,0.000
1.1020,3.738,-16.2,-4.863,3.770,4.031,6.5,3.756,4.016,25.641,4.0,9.227,25.625,92.500,-19.4,-0.927,92.500,-2.539,14.6,2.779,-2.566,-5.496,3.6,0.427,-5.508,-40.875,7.4,-4.828,-40.875,-96.625,-27.5,-0.426,-96.562,0.000,0.0,0.000,0.000,0.000,0.0,0.000,0.000
1.1040,3.709,-16.6,-5.320,3.738,4.031,3.0,4.031,4.031,25.641,2.4,9.102,25.641,92.438,-20.9,-1.120,92.500,-2.518,12.5,2.857,-2.539,-5.484,4.2,0.378,-5.496,-40.875,2.8,-4.836,-40.875,-96.688,-27.2,-0.417,-96.625,0.000,0.0,0.000,0.000,0.000,0.0,0.000,0.000
1.1066,3.693,-11.3,-5.199,3.709,4.035,3.4,4.168,4.031,25.656,3.7,9.195,25.641,92.375,-20.0,-1.080,92.438,-2.494,10.6,2.842,-2.518,-5.480,3.3,0.358,-5.484,-40.844,5.4,-4.684,-40.875,-96.688,-24.0,-0.333,-96.688,0.000,0.0,0.000,0.000,0.000,0.0,0.000,0.000
1.1090,3.662,-10.8,-5.234,3.693,4.031,-1.0,4.133,4.035,25.656,0.1,9.195,25.656,92.375,-18.3,-1.453,92.375,-2.457,12.2,2.926,-2.494,-5.465,5.3,0.363,-5.480,-40.875,-1.4,-4.555,-40.844,-96.812,-23.3,-0.223,-96.688,0.000,0.0,0.000,0.000,0.000,0.0,0.000,0.000
1.1114,3.658,-7.6,-5.387,3.662,4.031,-1.3,4.070,4.031,25.656,1.1,9.445,25.656,92.312,-18.0,-1.600,92.375,-2.445,12.9,3.012,-2.457,-5.461,5.1,0.411,-5.465,-40.844,-0.9,-4.508,-40.875,-96.812,-28.2,-0.202,-96.812,0.000,0.0,0.000,0.000,0.000,0.0,0.000,0.000
1.1137,3.627,-9.0,-4.773,3.658,4.031,-1.0,3.816,4.031,25.656,-1.2,9.242,25.656,92.312,-13.3,-1.522,92.312,-2.430,7.9,2.412,-2.445,-5.449,4.7,0.062,-5.461,-40.844,0.6,-4.605,-40.844,-96.875,-24.7,0.164,-96.812,0.000,0.0,0.000,0.000,0.000,0.0,0.000,0.000
1.1154,3.611,-8.5,-4.453,3.627,4.031,-0.1,3.738,4.031,25.656,-0.3,9.359,25.656,92.250,-19.7,-1.559,92.312,-2.422,5.0,2.633,-2.430,-5.449,2.6,0.123,-5.449,-40.844,-2.6,-4.621,-40.844,-96.938,-24.9,0.229,-96.875,0.000,0.0,0.000,0.000,0.000,0.0,0.000,0.000
1.1168,3.605,-7.0,-4.422,3.611,4.027,-1.3,3.666,4.031,25.656,-1.2,9.367,25.656,92.250,-13.6,-1.554,92.250,-2.416,5.9,2.525,-2.422,-5.445,4.0,0.012,-5.449,-40.875,-3.7,-4.574,-40.844,-96.938,-23.3,0.249,-96.938,0.000,0.0,0.000,0.000,0.000,0.0,0.000,0.000
1.1183,3.594,-7.2,-2.799,3.605,4.023,-1.9,3.098,4.027,25.656,0.8,8.695,25.656,92.188,-17.6,-1.243,92.250,-2.430,-1.1,0.989,-2.416,-5.449,0.4,-0.371,-5.445,-40.844,-1.1,-5.227,-40.875,-97.000,-19.5,0.484,-96.938,0.000,0.0,0.000,0.000,0.000,0.0,0.000,0.000
1.1200,3.594,-7.2,-2.799,3.594,4.023,-1.9,3.098,4.023,25.656,0.8,8.695,25.656,92.188,-17.6,-1.243,92.188,-2.430,-1.1,0.989,-2.430,-5.449,0.4,-0.371,-5.449,-40.844,-1.1,-5.227,-40.844,-97.000,-19.5,0.484,-97.000,0.000,0.0,0.000,0.000,0.000,0.0,0.000,0.000
1.1220,3.621,9.0,-3.135,3.594,4.008,-5.1,3.100,4.023,25.641,-3.7,8.539,25.656,92.188,-11.8,-1.175,92.188,-2.477,-13.2,1.525,-2.430,-5.445,1.2,-0.230,-5.449,-40.875,-4.1,-5.234,-40.844,-97.062,-17.8,0.340,-97.000,0.000,0.0,0.000,0.000,0.000,0.0,0.000,0.000
1.1240,3.637,10.5,-3.123,3.621,4.016,-0.5,3.088,4.008,25.641,-4.0,8.758,25.641,92.125,-9.4,-1.363,92.188,-2.494,-11.5,1.873,-2.477,-5.457,-2.9,-0.173,-5.445,-40.875,-2.4,-4.883,-40.875,-97.062,-8.9,0.260,-97.062,0.000,0.0,0.000,0.000,0.000,0.0,0.000,0.000
1.1260,3.641,5.0,-3.031,3.637,4.012,0.6,2.805,4.016,25.641,-1.1,8.234,25.641,92.125,-6.6,-1.199,92.125,-2.541,-18.9,2.225,-2.494,-5.457,-1.1,-0.458,-5.457,-40.906,-6.7,-5.539,-40.875,-97.125,-9.9,0.382,-97.062,0.000,0.0,0.000,0.000,0.000,0.0,0.000,0.000
1.1280,3.672,11.4,-3.191,3.641,4.004,-1.2,2.656,4.012,25.625,-5.2,8.227,25.641,92.125,-5.7,-1.261,92.125,-2.570,-16.5,2.295,-2.541,-5.477,-6.3,-0.484,-5.457,-40.906,-8.6,-5.613,-40.906,-97.125,-8.9,0.437,-97.125,0.000,0.0,0.000,0.000,0.000,0.0,0.000,0.000
1.1310,3.678,6.8,-2.891,3.672,3.998,-2.7,2.105,4.004,25.625,-2.1,7.512,25.625,92.125,-5.2,-0.985,92.125,-2.598,-14.1,2.799,-2.570,-5.484,-6.4,-0.762,-5.477,-40.906,-4.5,-6.172,-40.906,-97.125,-4.3,0.662,-97.125,0.000,0.0,0.000,0.000,0.000,0.0,0.000,0.000
1.1333,3.688,2.0,-2.580,3.678,3.988,-3.5,1.585,3.998,25.609,-4.8,7.066,25.625,92.125,2.6,-0.712,92.125,-2.645,-14.5,3.076,-2.598,-5.508,-7.1,-1.165,-5.484,-40.938,-12.0,-6.691,-40.906,-97.125,-0.2,0.987,-97.125,0.000,0.0,0.000,0.000,0.000,0.0,0.000,0.000
1.1356,3.709,6.2,-2.734,3.688,3.979,-4.5,1.472,3.988,25.578,-9.7,7.176,25.609,92.125,2.7,-0.650,92.125,-2.662,-10.3,2.646,-2.645,-5.535,-11.3,-1.216,-5.508,-40.969,-13.7,-6.801,-40.938,-97.062,10.4,1.049,-97.125,0.000,0.0,0.000,0.000,0.000,0.0,0.000,0.000
1.1380,3.725,3.9,-2.680,3.709,3.957,-7.0,1.154,3.979,25.547,-12.1,6.781,25.578,92.125,7.1,-0.552,92.125,-2.668,-2.7,2.453,-2.662,-5.578,-13.8,-1.291,-5.535,-41.031,-17.1,-6.801,-40.969,-97.062,12.8,1.081,-97.062,0.000,0.0,0.000,0.000,0.000,0.0,0.000,0.000
1.1395,3.734,5.5,-2.627,3.725,3.947,-8.0,1.196,3.957,25.531,-9.5,6.848,25.547,92.188,9.6,-0.584,92.125,-2.680,-6.2,2.246,-2.668,-5.590,-11.2,-1.279,-5.578,-41.031,-17.7,-6.816,-41.031,-97.000,16.9,1.080,-97.062,0.000,0.0,0.000,0.000,0.000,0.0,0.000,0.000
1.1410,3.766,11.8,-2.934,3.734,3.938,-5.4,1.208,3.947,25.500,-10.9,5.723,25.531,92.188,13.5,-0.032,92.188,-2.670,2.1,2.744,-2.680,-5.637,-17.3,-1.278,-5.590,-41.094,-23.0,-7.129,-41.031,-97.000,17.4,1.185,-97.000,0.000,0.0,0.000,0.000,0.000,0.0,0.000,0.000
1.1425,3.762,5.4,-3.176,3.766,3.920,-10.5,0.740,3.938,25.484,-12.3,5.480,25.500,92.188,11.5,0.187,92.188,-2.674,0.8,2.635,-2.670,-5.656,-19.2,-1.735,-5.637,-41.094,-19.5,-8.031,-41.094,-97.000,18.5,1.624,-97.000,0.000,0.0,0.000,0.000,0.000,0.0,0.000,0.000
1.1440,3.791,11.7,-3.064,3.762,3.914,-7.5,0.338,3.920,25.453,-14.2,4.891,25.484,92.250,14.5,0.656,92.188,-2.664,3.5,4.961,-2.674,-5.691,-17.4,-2.092,-5.656,-41.156,-21.9,-8.211,-41.094,-96.938,21.9,1.819,-97.000,0.000,0.0,0.000,0.000,0.000,0.0,0.000,0.000
1.1460,3.797,6.8,-5.613,3.791,3.900,-6.1,-0.353,3.914,25.406,-22.3,5.160,25.453,92.250,16.4,0.924,92.250,-2.645,7.0,4.773,-2.664,-5.734,-18.0,-2.881,-5.691,-41.219,-25.5,-8.594,-41.156,-96.875,25.7,1.770,-96.938,0.000,0.0,0.000,0.000,0.000,0.0,0.000,0.000
1.1480,3.785,-1.9,-5.133,3.797,3.885,-6.3,-0.340,3.900,25.375,-18.1,5.160,25.406,92.312,19.4,0.942,92.250,-2.596,18.1,4.535,-2.645,-5.758,-14.4,-3.236,-5.734,-41.281,-28.1,-8.453,-41.219,-96.812,28.9,1.646,-96.875,0.000,0.0,0.000,0.000,0.000,0.0,0.000,0.000
1.1500,3.762,-10.0,-4.504,3.785,3.869,-5.1,-0.273,3.885,25.328,-20.2,5.324,25.375,92.375,26.0,0.863,92.312,-2.545,22.6,3.641,-2.596,-5.773,-9.6,-3.557,-5.758,-41.344,-29.2,-8.297,-41.281,-96.750,30.3,1.396,-96.812,0.000,0.0,0.000,0.000,0.000,0.0,0.000,0.000
1.1520,3.756,-7.0,-4.305,3.762,3.842,-10.1,-0.232,3.869,25.281,-18.6,5.438,25.328,92.438,31.6,0.696,92.375,-2.477,30.0,3.398,-2.545,-5.785,-6.4,-3.773,-5.773,-41.406,-31.4,-8.273,-41.344,-96.688,35.2,1.269,-96.750,0.000,0.0,0.000,0.000,0.000,0.0,0.000,0.000
1.1540,3.746,-5.3,-4.363,3.756,3.816,-12.5,-0.294,3.842,25.234,-23.7,5.562,25.281,92.500,32.2,0.590,92.438,-2.416,29.9,3.057,-2.477,-5.789,-4.1,-4.172,-5.785,-41.469,-31.2,-8.312,-41.406,-96.625,33.8,0.927,-96.688,0.000,0.0,0.000,0.000,0.000,0.0,0.000,0.000
1.1560,3.734,-5.4,-4.145,3.746,3.797,-13.6,-0.344,3.816,25.203,-20.3,5.441,25.234,92.562,35.5,0.560,92.500,-2.359,27.6,2.955,-2.416,-5.785,0.3,-4.305,-5.789,-41.500,-28.1,-8.625,-41.469,-96.500,36.1,0.766,-96.625,0.000,0.0,0.000,0.000,0.000,0.0,0.000,0.000
1.1581,3.730,-2.9,-4.590,3.734,3.795,-7.0,-0.370,3.797,25.156,-19.2,5.289,25.203,92.625,39.1,0.438,92.562,-2.303,26.4,3.066,-2.359,-5.801,-3.9,-4.348,-5.785,-41.562,-24.6,-8.695,-41.500,-96.438,34.4,0.345,-96.500,0.000,0.0,0.000,0.000,0.000,0.0,0.000,0.000
1.1601,3.723,-4.1,-4.605,3.730,3.775,-9.2,-0.490,3.795,25.141,-14.9,5.055,25.156,92.750,36.3,0.325,92.625,-2.246,26.2,3.297,-2.303,-5.805,-2.3,-4.406,-5.801,-41.594,-21.7,-8.859,-41.562,-96.375,32.5,0.283,-96.438,0.000,0.0,0.000,0.000,0.000,0.0,0.000,0.000
1.1623,3.709,-5.7,-4.434,3.723,3.766,-7.4,-0.511,3.775,25.109,-11.2,5.020,25.141,92.812,37.6,0.264,92.750,-2.197,23.4,3.213,-2.246,-5.816,-1.8,-4.398,-5.805,-41.625,-17.9,-8.984,-41.594,-96.312,33.6,0.012,-96.375,0.000,0.0,0.000,0.000,0.000,0.0,0.000,0.000
1.1644,3.699,-5.1,-4.508,3.709,3.744,-10.8,-0.540,3.766,25.094,-9.0,4.691,25.109,92.875,37.6,0.144,92.812,-2.143,24.8,3.373,-2.197,-5.832,-5.1,-4.336,-5.816,-41.625,-10.2,-9.133,-41.625,-96.250,25.8,0.010,-96.312,0.000,0.0,0.000,0.000,0.000,0.0,0.000,0.000
1.1660,3.684,-6.7,-4.270,3.699,3.750,-2.0,-0.721,3.744,25.078,-10.7,4.527,25.094,92.938,39.1,0.050,92.875,-2.096,25.2,3.377,-2.143,-5.840,-5.1,-4.328,-5.832,-41.656,-13.2,-9.000,-41.625,-96.250,24.1,0.177,-96.250,0.000,0.0,0.000,0.000,0.000,0.0,0.000,0.000
1.1680,3.674,-3.2,-3.867,3.684,3.729,-6.8,-0.647,3.750,25.062,-7.9,4.391,25.078,93.062,40.2,0.043,92.938,-2.059,20.6,3.314,-2.096,-5.848,-2.5,-4.180,-5.840,-41.656,-7.7,-9.258,-41.656,-96.188,17.5,0.364,-96.250,0.000,0.0,0.000,0.000,0.000,0.0,0.000,0.000
1.1700,3.656,-5.6,-4.051,3.674,3.713,-7.6,-0.652,3.729,25.062,-3.7,4.309,25.062,93.125,37.9,-0.019,93.062,-2.021,19.5,3.699,-2.059,-5.867,-7.0,-4.074,-5.848,-41.688,-7.6,-9.508,-41.656,-96.188,13.7,0.819,-96.188,0.000,0.0,0.000,0.000,0.000,0.0,0.000,0.000
1.1720,3.641,-5.9,-3.922,3.656,3.697,-8.3,-0.544,3.713,25.062,-1.0,4.055,25.062,93.188,34.4,-0.032,93.125,-1.989,16.0,3.514,-2.021,-5.875,-4.3,-4.062,-5.867,-41.688,-5.1,-9.383,-41.688,-96.125,13.1,1.113,-96.188,0.000,0.0,0.000,0.000,0.000,0.0,0.000,0.000
1.1740,3.627,-5.7,-4.016,3.641,3.688,-6.1,-0.445,3.697,25.047,-2.1,3.818,25.062,93.250,32.2,0.022,93.188,-1.942,22.9,4.043,-1.989,-5.895,-7.5,-3.910,-5.875,-41.688,-2.6,-9.398,-41.688,-96.125,11.9,1.426,-96.125,0.000,0.0,0.000,0.000,0.000,0.0,0.000,0.000
1.1760,3.615,-4.6,-3.898,3.627,3.668,-7.8,-0.342,3.688,25.047,-4.0,3.811,25.047,93.312,31.7,-0.064,93.250,-1.939,11.0,4.258,-1.942,-5.906,-7.7,-3.650,-5.895,-41.688,-0.9,-9.477,-41.688,-96.125,8.1,1.765,-96.125,0.000,0.0,0.000,0.000,0.000,0.0,0.000,0.000
1.1780,3.605,-3.3,-3.922,3.615,3.650,-9.3,-0.293,3.668,25.031,-4.0,3.721,25.047,93.375,27.6,0.038,93.312,-1.908,13.8,4.145,-1.939,-5.914,-5.0,-3.666,-5.906,-41.719,-6.5,-9.438,-41.688,-96.125,4.6,2.150,-96.125,0.000,0.0,0.000,0.000,0.000,0.0,0.000,0.000
1.1800,3.586,-7.3,-3.182,3.605,3.631,-10.6,-0.254,3.650,25.047,2.3,4.273,25.031,93.375,26.1,-0.096,93.375,-1.908,4.1,2.709,-1.908,-5.922,-5.4,-3.686,-5.914,-41.719,-4.6,-8.961,-41.719,-96.062,6.7,2.080,-96.125,0.000,0.0,0.000,0.000,0.000,0.0,0.000,0.000
1.1822,3.584,-4.2,-1.885,3.586,3.627,-4.8,-0.005,3.631,25.047,2.1,4.379,25.047,93.438,27.8,-0.193,93.375,-1.898,4.4,2.178,-1.908,-5.926,-3.8,-3.604,-5.922,-41.719,-2.0,-8.703,-41.719,-96.062,8.3,1.895,-96.062,0.000,0.0,0.000,0.000,0.000,0.0,0.000,0.000
1.1841,3.590,-0.1,-1.488,3.584,3.615,-6.0,-0.075,3.627,25.047,1.5,4.547,25.047,93.500,27.4,-0.299,93.438,-1.927,-6.9,2.312,-1.898,-5.918,0.9,-3.576,-5.926,-41.688,3.6,-8.617,-41.719,-96.062,8.6,1.772,-96.062,0.000,0.0,0.000,0.000,0.000,0.0,0.000,0.000
1.1862,3.619,9.5,-1.606,3.590,3.609,-5.4,-0.042,3.615,25.062,7.4,4.590,25.047,93.500,16.8,-0.305,93.500,-1.952,-10.8,2.334,-1.927,-5.922,-0.4,-3.371,-5.918,-41.719,0.1,-8.695,-41.688,-96.000,11.2,1.663,-96.062,0.000,0.0,0.000,0.000,0.000,0.0,0.000,0.000
1.1885,3.637,10.2,-1.959,3.619,3.611,-0.0,0.191,3.609,25.078,7.7,4.945,25.062,93.562,15.7,-0.378,93.500,-2.006,-21.8,2.826,-1.952,-5.918,0.5,-3.250,-5.922,-41.688,1.2,-8.523,-41.719,-96.000,11.5,1.577,-96.000,0.000,0.0,0.000,0.000,0.000,0.0,0.000,0.000
1.1908,3.684,14.5,-2.504,3.637,3.611,3.0,0.088,3.611,25.109,8.4,4.578,25.078,93.562,10.9,-0.047,93.562,-2.062,-19.6,3.406,-2.006,-5.902,4.4,-3.504,-5.918,-41.688,2.8,-8.758,-41.688,-96.000,9.9,1.737,-96.000,0.000,0.0,0.000,0.000,0.000,0.0,0.000,0.000
1.1922,3.691,11.1,-2.428,3.684,3.609,0.4,-0.144,3.611,25.125,11.8,4.531,25.109,93.562,8.0,-0.065,93.562,-2.080,-19.3,3.090,-2.062,-5.898,4.2,-3.410,-5.902,-41.688,3.5,-8.508,-41.688,-96.000,7.0,1.732,-96.000,0.000,0.0,0.000,0.000,0.000,0.0,0.000,0.000
1.1940,3.715,10.5,-2.482,3.691,3.615,1.1,-0.158,3.609,25.125,8.7,4.711,25.125,93.625,7.0,-0.277,93.562,-2.135,-24.6,3.268,-2.080,-5.902,0.3,-3.021,-5.898,-41.688,0.8,-8.219,-41.688,-95.938,10.8,1.726,-96.000,0.000,0.0,0.000,0.000,0.000,0.0,0.000,0.000
1.1960,3.746,14.3,-2.418,3.715,3.621,2.4,0.367,3.615,25.141,4.2,5.656,25.125,93.625,1.6,-0.379,93.625,-2.162,-19.5,3.014,-2.135,-5.895,2.6,-2.971,-5.902,-41.688,-2.4,-8.047,-41.688,-95.938,12.8,1.532,-95.938,0.000,0.0,0.000,0.000,0.000,0.0,0.000,0.000
1.1980,3.762,11.2,-2.561,3.746,3.635,4.9,0.353,3.621,25.156,7.3,5.668,25.141,93.625,-0.6,-0.532,93.625,-2.193,-17.2,2.883,-2.162,-5.891,1.6,-2.615,-5.895,-41.688,-4.0,-7.805,-41.688,-95.875,11.0,1.572,-95.938,0.000,0.0,0.000,0.000,0.000,0.0,0.000,0.000
1.2000,3.771,6.9,-2.766,3.762,3.641,2.9,0.873,3.635,25.172,10.5,6.676,25.156,93.562,-3.6,-0.836,93.625,-2.223,-16.3,2.596,-2.193,-5.871,6.5,-2.012,-5.891,-41.688,2.0,-6.797,-41.688,-95.875,11.5,1.099,-95.875,0.000,0.0,0.000,0.000,0.000,0.0,0.000,0.000
1.2020,3.797,10.1,-2.838,3.771,3.662,8.2,0.751,3.641,25.188,10.2,5.875,25.172,93.562,-10.5,-0.542,93.562,-2.250,-15.7,2.818,-2.223,-5.867,1.8,-2.600,-5.871,-41.688,5.2,-7.754,-41.688,-95.875,5.9,1.392,-95.875,0.000,0.0,0.000,0.000,0.000,0.0,0.000,0.000
1.2040,3.801,5.2,-2.586,3.797,3.678,9.0,0.604,3.662,25.219,9.4,5.859,25.188,93.562,-11.7,-0.447,93.562,-2.270,-12.1,2.771,-2.250,-5.848,4.8,-2.703,-5.867,-41.656,3.8,-7.746,-41.688,-95.875,7.7,1.498,-95.875,0.000,0.0,0.000,0.000,0.000,0.0,0.000,0.000
1.2060,3.816,7.9,-2.324,3.801,3.693,8.5,0.540,3.678,25.234,11.8,6.156,25.219,93.500,-9.3,-0.725,93.562,-2.287,-9.5,2.461,-2.270,-5.840,3.9,-2.381,-5.848,-41.656,5.5,-7.469,-41.656,-95.812,9.9,1.582,-95.875,0.000,0.0,0.000,0.000,0.000,0.0,0.000,0.000
1.2080,3.826,6.5,-2.611,3.816,3.699,3.6,0.850,3.693,25.266,13.0,6.910,25.234,93.500,-10.1,-0.994,93.500,-2.311,-9.5,2.121,-2.287,-5.828,5.0,-1.793,-5.840,-41.656,4.8,-6.797,-41.656,-95.812,5.3,1.218,-95.812,0.000,0.0,0.000,0.000,0.000,0.0,0.000,0.000
1.2100,3.822,-0.6,-2.867,3.826,3.744,15.8,1.624,3.699,25.281,11.8,7.926,25.266,93.438,-17.1,-1.577,93.500,-2.332,-9.3,2.004,-2.311,-5.820,4.4,-1.008,-5.828,-41.656,4.3,-5.863,-41.656,-95.812,7.7,0.729,-95.812,0.000,0.0,0.000,0.000,0.000,0.0,0.000,0.000
1.2120,3.850,7.5,-2.947,3.822,3.775,17.9,1.576,3.744,25.328,17.5,7.520,25.281,93.438,-21.4,-1.550,93.438,-2.365,-15.3,1.797,-2.332,-5.816,2.7,-1.111,-5.820,-41.625,8.4,-6.434,-41.656,-95.812,3.5,0.875,-95.812,0.000,0.0,0.000,0.000,0.000,0.0,0.000,0.000
1.2140,3.850,3.4,-2.582,3.850,3.807,18.9,1.412,3.775,25.359,17.1,7.297,25.328,93.375,-24.9,-1.438,93.438,-2.379,-10.0,1.910,-2.365,-5.789,9.0,-1.196,-5.816,-41.594,11.7,-6.551,-41.625,-95.812,0.7,1.017,-95.812,0.000,0.0,0.000,0.000,0.000,0.0,0.000,0.000
1.2162,3.863,5.7,-2.746,3.850,3.854,21.8,1.226,3.807,25.406,20.2,7.684,25.359,93.312,-26.7,-1.558,93.375,-2.400,-9.5,2.018,-2.379,-5.773,7.9,-1.015,-5.789,-41.562,13.7,-6.125,-41.594,-95.812,-1.4,0.783,-95.812,0.000,0.0,0.000,0.000,0.000,0.0,0.000,0.000
1.2185,3.857,-0.6,-3.281,3.863,3.900,22.6,1.497,3.854,25.469,25.1,7.664,25.406,93.250,-28.4,-1.649,93.312,-2.432,-12.5,2.285,-2.400,-5.754,10.1,-1.025,-5.773,-41.531,14.5,-6.250,-41.562,-95.875,-6.9,0.745,-95.812,0.000,0.0,0.000,0.000,0.000,0.0,0.000,0.000
1.2208,3.865,-0.0,-5.012,3.857,3.982,25.9,2.471,3.900,25.531,22.7,9.156,25.469,93.125,-36.3,-2.184,93.250,-2.467,-11.1,3.961,-2.432,-5.730,9.2,0.002,-5.754,-41.469,15.0,-5.355,-41.531,-95.875,-6.4,-0.058,-95.875,0.000,0.0,0.000,0.000,0.000,0.0,0.000,0.000
1.2227,3.865,0.2,-5.285,3.865,4.000,23.5,2.803,3.982,25.562,24.9,8.992,25.531,93.125,-36.5,-2.174,93.125,-2.469,-8.0,4.855,-2.467,-5.727,5.9,-0.060,-5.730,-41.469,18.9,-5.266,-41.469,-95.875,-6.9,-0.227,-95.875,0.000,0.0,0.000,0.000,0.000,0.0,0.000,0.000
1.2240,3.850,-5.4,-6.586,3.865,4.039,20.4,2.939,4.000,25.609,23.1,9.414,25.562,93.000,-44.6,-1.864,93.125,-2.453,2.6,4.230,-2.469,-5.699,11.2,0.073,-5.727,-41.406,22.1,-5.066,-41.469,-95.938,-13.8,-0.710,-95.875,0.000,0.0,0.000,0.000,0.000,0.0,0.000,0.000
1.2260,3.816,-14.1,-6.020,3.850,4.066,15.8,3.479,4.039,25.688,29.6,9.297,25.609,92.875,-49.6,-1.652,93.000,-2.436,8.0,3.639,-2.453,-5.688,9.7,0.029,-5.699,-41.375,22.1,-5.180,-41.406,-95.938,-15.7,-0.777,-95.938,0.000,0.0,0.000,0.000,0.000,0.0,0.000,0.000
1.2280,3.781,-16.5,-5.855,3.816,4.082,11.2,3.979,4.066,25.719,22.7,9.492,25.688,92.812,-52.2,-1.198,92.875,-2.404,12.9,3.047,-2.436,-5.676,6.5,-0.040,-5.688,-41.344,19.6,-5.402,-41.375,-96.000,-21.5,-0.720,-95.938,0.000,0.0,0.000,0.000,0.000,0.0,0.000,0.000
1.2300,3.744,-18.5,-5.758,3.781,4.098,11.1,4.215,4.082,25.766,23.3,9.680,25.719,92.688,-48.4,-0.949,92.812,-2.369,17.2,2.965,-2.404,-5.664,5.7,0.096,-5.676,-41.281,21.2,-5.391,-41.344,-96.062,-23.9,-0.627,-96.000,0.000,0.0,0.000,0.000,0.000,0.0,0.000,0.000
1.2320,3.715,-15.8,-5.762,3.744,4.082,1.0,4.969,4.098,25.812,22.5,9.742,25.766,92.625,-51.8,-0.105,92.688,-2.338,17.2,2.809,-2.369,-5.660,2.6,0.173,-5.664,-41.250,17.5,-5.418,-41.281,-96.125,-27.8,-0.595,-96.062,0.000,0.0,0.000,0.000,0.000,0.0,0.000,0.000
1.2340,3.682,-17.2,-5.980,3.715,4.086,2.2,5.273,4.082,25.859,21.8,9.805,25.812,92.500,-49.4,0.274,92.625,-2.307,17.5,2.762,-2.338,-5.656,2.1,0.277,-5.660,-41.219,17.0,-5.500,-41.250,-96.188,-31.3,-0.414,-96.125,0.000,0.0,0.000,0.000,0.000,0.0,0.000,0.000
1.2360,3.666,-11.6,-6.027,3.682,4.086,1.1,5.281,4.086,25.891,19.5,9.586,25.859,92.438,-41.3,0.336,92.500,-2.281,15.8,2.992,-2.307,-5.637,8.0,0.372,-5.656,-41.188,12.8,-5.250,-41.219,-96.250,-34.8,-0.351,-96.188,0.000,0.0,0.000,0.000,0.000,0.0,0.000,0.000
1.2383,3.646,-10.9,-6.246,3.666,4.090,0.6,5.332,4.086,25.938,17.7,9.516,25.891,92.375,-38.9,0.258,92.438,-2.262,11.3,2.908,-2.281,-5.645,1.5,0.519,-5.637,-41.156,12.7,-4.938,-41.188,-96.375,-39.8,-0.251,-96.250,0.000,0.0,0.000,0.000,0.000,0.0,0.000,0.000
1.2403,3.627,-10.1,-6.281,3.646,4.102,2.9,5.266,4.090,25.969,16.7,9.570,25.938,92.312,-29.0,0.183,92.375,-2.229,14.4,2.914,-2.262,-5.637,4.1,0.576,-5.645,-41.156,11.0,-4.887,-41.156,-96.438,-40.6,-0.156,-96.375,0.000,0.0,0.000,0.000,0.000,0.0,0.000,0.000
1.2425,3.611,-7.6,-6.184,3.627,4.117,4.9,5.113,4.102,26.000,14.7,9.500,25.969,92.250,-23.6,0.109,92.312,-2.215,8.6,3.266,-2.229,-5.641,-1.2,0.634,-5.637,-41.125,7.6,-4.621,-41.156,-96.500,-38.8,-0.066,-96.438,0.000,0.0,0.000,0.000,0.000,0.0,0.000,0.000
1.2448,3.586,-10.6,-6.254,3.611,4.125,3.6,5.219,4.117,26.016,11.7,9.719,26.000,92.250,-17.2,-0.206,92.250,-2.193,8.6,3.488,-2.215,-5.637,-0.0,0.792,-5.641,-41.125,3.5,-4.441,-41.125,-96.625,-41.1,0.040,-96.500,0.000,0.0,0.000,0.000,0.000,0.0,0.000,0.000
1.2463,3.574,-7.8,-6.148,3.586,4.129,3.5,5.066,4.125,26.031,9.1,9.555,26.016,92.188,-13.9,-0.262,92.250,-2.172,9.7,3.584,-2.193,-5.625,2.6,0.693,-5.637,-41.125,1.0,-4.188,-41.125,-96.688,-38.2,0.145,-96.625,0.000,0.0,0.000,0.000,0.000,0.0,0.000,0.000
1.2480,3.555,-8.4,-6.457,3.574,4.141,3.2,5.047,4.129,26.047,6.2,9.641,26.031,92.188,-1.4,-0.694,92.188,-2.156,7.5,3.422,-2.172,-5.613,3.9,0.784,-5.625,-41.125,-0.5,-4.074,-41.125,-96.750,-43.1,0.142,-96.688,0.000,0.0,0.000,0.000,0.000,0.0,0.000,0.000
1.2500,3.531,-12.2,-6.004,3.555,4.141,2.2,5.191,4.141,26.031,0.1,9.680,26.047,92.188,0.1,-0.884,92.188,-2.135,8.8,3.359,-2.156,-5.609,2.8,0.828,-5.613,-41.125,0.7,-3.908,-41.125,-96.812,-39.6,0.222,-96.750,0.000,0.0,0.000,0.000,0.000,0.0,0.000,0.000
1.2520,3.512,-10.4,-5.953,3.531,4.141,-0.8,5.215,4.141,26.031,-3.4,9.797,26.031,92.188,-1.4,-2.031,92.188,-2.119,6.9,3.500,-2.135,-5.590,6.1,0.632,-5.609,-41.156,-3.5,-3.662,-41.125,-96.875,-34.7,0.289,-96.812,0.000,0.0,0.000,0.000,0.000,0.0,0.000,0.000
1.2540,3.486,-12.3,-5.988,3.512,4.145,1.6,5.066,4.141,26.031,-3.7,9.820,26.031,92.188,0.2,-2.504,92.188,-2.086,14.4,3.506,-2.119,-5.570,8.0,0.453,-5.590,-41.156,-4.1,-3.420,-41.156,-96.938,-34.1,0.202,-96.875,0.000,0.0,0.000,0.000,0.000,0.0,0.000,0.000
1.2560,3.467,-10.3,-4.445,3.486,4.141,-0.1,4.277,4.145,26.016,-6.9,9.117,26.031,92.188,1.1,-2.191,92.188,-2.090,6.4,2.148,-2.086,-5.562,6.3,0.310,-5.570,-41.156,-1.9,-3.678,-41.156,-97.000,-32.3,0.359,-96.938,0.000,0.0,0.000,0.000,0.000,0.0,0.000,0.000
1.2580,3.449,-8.6,-2.248,3.467,4.137,-2.3,3.699,4.141,26.016,-3.3,8.531,26.016,92.188,-2.1,-1.795,92.188,-2.096,2.0,0.760,-2.090,-5.535,11.3,-0.359,-5.562,-41.156,0.5,-4.262,-41.156,-97.062,-33.1,0.599,-97.000,0.000,0.0,0.000,0.000,0.000,0.0,0.000,0.000
1.2600,3.443,-4.8,-1.747,3.449,4.125,-4.6,3.049,4.137,26.016,-2.9,7.973,26.016,92.188,-2.4,-1.507,92.188,-2.127,-7.5,1.111,-2.096,-5.531,7.5,-0.812,-5.535,-41.156,-4.0,-4.992,-41.156,-97.125,-25.3,1.022,-97.062,0.000,0.0,0.000,0.000,0.000,0.0,0.000,0.000
1.2620,3.467,6.7,-2.002,3.443,4.125,-1.5,2.928,4.125,26.000,-3.9,7.680,26.016,92.188,-1.0,-1.371,92.188,-2.168,-14.7,1.650,-2.127,-5.543,-0.5,-0.885,-5.531,-41.188,-11.4,-4.883,-41.156,-97.125,-17.8,0.936,-97.125,0.000,0.0,0.000,0.000,0.000,0.0,0.000,0.000
1.2640,3.492,11.6,-2.543,3.467,4.102,-6.5,2.711,4.125,25.984,-6.6,7.523,26.000,92.188,-4.2,-1.181,92.188,-2.229,-24.8,2.414,-2.168,-5.547,-2.8,-0.875,-5.543,-41.219,-10.0,-4.961,-41.188,-97.188,-16.4,0.859,-97.125,0.000,0.0,0.000,0.000,0.000,0.0,0.000,0.000
1.2660,3.516,11.4,-2.877,3.492,4.086,-7.3,2.957,4.102,25.969,-5.3,8.219,25.984,92.188,2.2,-1.574,92.188,-2.270,-23.1,2.523,-2.229,-5.555,-3.3,-0.462,-5.547,-41.250,-13.9,-4.250,-41.219,-97.188,-8.8,0.658,-97.188,0.000,0.0,0.000,0.000,0.000,0.0,0.000,0.000
1.2681,3.539,11.8,-2.969,3.516,4.078,-6.6,2.357,4.086,25.953,-4.9,7.355,25.969,92.188,-1.1,-1.261,92.188,-2.322,-24.9,2.869,-2.270,-5.574,-5.9,-0.818,-5.555,-41.281,-13.7,-5.270,-41.250,-97.188,-5.7,0.945,-97.188,0.000,0.0,0.000,0.000,0.000,0.0,0.000,0.000
1.2703,3.564,11.0,-2.814,3.539,4.078,-2.4,1.540,4.078,25.922,-12.4,6.652,25.953,92.250,7.0,-0.733,92.188,-2.365,-22.5,3.477,-2.322,-5.598,-9.9,-1.505,-5.574,-41.312,-15.5,-6.418,-41.281,-97.188,-2.9,1.465,-97.188,0.000,0.0,0.000,0.000,0.000,0.0,0.000,0.000
1.2724,3.584,9.7,-2.693,3.564,4.062,-5.0,1.265,4.078,25.891,-13.3,6.645,25.922,92.250,6.5,-0.812,92.250,-2.414,-23.0,3.492,-2.365,-5.625,-11.4,-1.530,-5.598,-41.344,-23.1,-6.195,-41.312,-97.188,4.3,1.526,-97.188,0.000,0.0,0.000,0.000,0.000,0.0,0.000,0.000
1.2744,3.609,11.6,-2.787,3.584,4.051,-4.2,1.235,4.062,25.859,-15.3,6.711,25.891,92.250,3.0,-0.372,92.250,-2.441,-16.4,3.471,-2.414,-5.664,-16.8,-1.863,-5.625,-41.406,-27.2,-6.605,-41.344,-97.125,15.4,1.546,-97.188,0.000,0.0,0.000,0.000,0.000,0.0,0.000,0.000
1.2760,3.631,12.8,-2.449,3.609,4.035,-5.4,0.389,4.051,25.828,-20.1,5.797,25.859,92.250,6.6,-0.176,92.250,-2.461,-11.4,3.195,-2.441,-5.711,-21.1,-1.865,-5.664,-41.469,-31.4,-6.941,-41.406,-97.125,15.7,1.866,-97.125,0.000,0.0,0.000,0.000,0.000,0.0,0.000,0.000
1.2780,3.656,12.6,-3.002,3.631,4.008,-9.5,0.396,4.035,25.797,-16.3,5.789,25.828,92.250,10.5,0.561,92.250,-2.482,-11.4,3.127,-2.461,-5.770,-27.0,-2.295,-5.711,-41.562,-37.5,-7.527,-41.469,-97.062,18.6,2.016,-97.125,0.000,0.0,0.000,0.000,0.000,0.0,0.000,0.000
1.2800,3.678,11.3,-6.180,3.656,3.977,-13.5,-0.325,4.008,25.719,-25.2,4.840,25.797,92.312,14.4,0.829,92.250,-2.486,-5.5,6.559,-2.482,-5.840,-32.4,-2.412,-5.770,-41.625,-36.8,-7.918,-41.562,-97.000,23.8,2.357,-97.062,0.000,0.0,0.000,0.000,0.000,0.0,0.000,0.000
1.2820,3.674,1.2,-6.004,3.678,3.947,-14.1,-0.369,3.977,25.656,-32.2,5.203,25.719,92.375,18.9,0.848,92.312,-2.441,11.9,5.703,-2.486,-5.906,-31.4,-2.629,-5.840,-41.688,-40.0,-8.094,-41.625,-96.938,30.9,2.232,-97.000,0.000,0.0,0.000,0.000,0.000,0.0,0.000,0.000
1.2840,3.672,-2.0,-5.332,3.674,3.916,-14.3,-0.154,3.947,25.609,-26.3,5.590,25.656,92.375,20.9,0.864,92.375,-2.400,18.3,4.973,-2.441,-5.961,-27.3,-3.213,-5.906,-41.781,-42.9,-8.094,-41.688,-96.875,39.6,1.727,-96.938,0.000,0.0,0.000,0.000,0.000,0.0,0.000,0.000
1.2860,3.656,-6.2,-4.953,3.672,3.885,-15.2,-0.124,3.916,25.531,-32.9,5.668,25.609,92.438,29.2,0.866,92.375,-2.342,25.5,3.904,-2.400,-5.988,-19.0,-3.779,-5.961,-41.875,-38.8,-8.180,-41.781,-96.750,40.2,1.341,-96.875,0.000,0.0,0.000,0.000,0.000,0.0,0.000,0.000
1.2880,3.635,-9.9,-4.695,3.656,3.869,-9.4,-0.077,3.885,25.469,-29.5,5.566,25.531,92.500,26.9,0.778,92.438,-2.275,28.9,3.441,-2.342,-5.984,-4.7,-4.375,-5.988,-41.938,-40.3,-8.352,-41.875,-96.688,40.9,0.827,-96.750,0.000,0.0,0.000,0.000,0.000,0.0,0.000,0.000
1.2900,3.631,-3.8,-4.781,3.635,3.838,-12.3,0.037,3.869,25.438,-21.5,5.551,25.469,92.562,28.6,0.674,92.500,-2.197,34.9,3.613,-2.275,-5.984,-1.9,-5.066,-5.984,-42.000,-32.9,-8.586,-41.938,-96.562,42.2,0.120,-96.688,0.000,0.0,0.000,0.000,0.000,0.0,0.000,0.000
1.2923,3.625,-1.8,-5.105,3.631,3.822,-10.3,-0.177,3.838,25.375,-22.6,5.426,25.438,92.625,34.9,0.640,92.562,-2.137,31.7,3.479,-2.197,-5.977,2.4,-5.328,-5.984,-42.062,-33.1,-9.203,-42.000,-96.500,36.8,0.062,-96.562,0.000,0.0,0.000,0.000,0.000,0.0,0.000,0.000
1.2943,3.611,-3.2,-5.070,3.625,3.811,-7.3,-0.298,3.822,25.359,-17.4,4.949,25.375,92.688,35.5,0.496,92.625,-2.062,34.8,2.998,-2.137,-5.980,-0.5,-5.344,-5.977,-42.125,-30.5,-8.898,-42.062,-96.438,38.0,-0.425,-96.500,0.000,0.0,0.000,0.000,0.000,0.0,0.000,0.000
1.2963,3.609,-2.3,-5.145,3.611,3.785,-11.8,-0.395,3.811,25.328,-12.6,4.840,25.359,92.750,34.4,0.381,92.688,-2.002,31.3,3.211,-2.062,-5.996,-3.7,-5.285,-5.980,-42.156,-17.4,-9.281,-42.125,-96.375,31.0,-0.297,-96.438,0.000,0.0,0.000,0.000,0.000,0.0,0.000,0.000
1.2983,3.600,-4.3,-5.047,3.609,3.775,-8.4,-0.614,3.785,25.312,-11.1,4.613,25.328,92.875,35.8,0.214,92.750,-1.937,33.0,3.508,-2.002,-6.008,-2.6,-4.922,-5.996,-42.188,-12.7,-9.477,-42.156,-96.312,26.2,0.249,-96.375,0.000,0.0,0.000,0.000,0.000,0.0,0.000,0.000
1.3000,3.596,-2.1,-4.418,3.600,3.760,-8.4,-0.663,3.775,25.297,-6.3,4.203,25.312,92.938,38.8,0.060,92.875,-1.893,26.0,3.564,-1.937,-6.035,-7.3,-4.934,-6.008,-42.188,-9.1,-9.695,-42.188,-96.312,22.0,0.536,-96.312,0.000,0.0,0.000,0.000,0.000,0.0,0.000,0.000
1.3020,3.580,-4.6,-4.074,3.596,3.746,-6.6,-0.833,3.760,25.281,-7.0,4.066,25.297,93.000,36.7,-0.019,92.938,-1.861,16.0,3.678,-1.893,-6.051,-6.8,-4.785,-6.035,-42.188,-2.5,-9.852,-42.188,-96.250,17.7,0.628,-96.312,0.000,0.0,0.000,0.000,0.000,0.0,0.000,0.000
1.3040,3.559,-8.9,-3.932,3.580,3.729,-8.0,-0.835,3.746,25.250,-12.0,3.855,25.281,93.062,36.8,-0.126,93.000,-1.817,16.7,4.016,-1.861,-6.062,-7.5,-4.625,-6.051,-42.188,1.7,-10.016,-42.188,-96.250,12.2,0.946,-96.250,0.000,0.0,0.000,0.000,0.000,0.0,0.000,0.000
1.3060,3.539,-8.9,-3.643,3.559,3.709,-8.8,-0.657,3.729,25.250,-7.6,3.498,25.250,93.125,33.9,-0.206,93.062,-1.770,21.5,4.168,-1.817,-6.066,-4.5,-4.523,-6.062,-42.188,-1.6,-9.945,-42.188,-96.188,15.1,1.718,-96.250,0.000,0.0,0.000,0.000,0.000,0.0,0.000,0.000
1.3080,3.521,-9.6,-3.752,3.539,3.684,-10.5,-0.433,3.709,25.234,-4.9,3.451,25.250,93.188,30.8,-0.260,93.125,-1.745,18.1,4.488,-1.770,-6.066,-1.5,-4.438,-6.066,-42.188,-1.5,-10.000,-42.188,-96.188,9.8,2.414,-96.188,0.000,0.0,0.000,0.000,0.000,0.0,0.000,0.000
1.3100,3.506,-9.2,-3.482,3.521,3.658,-12.0,-0.401,3.684,25.219,-7.2,3.576,25.234,93.250,25.5,-0.135,93.188,-1.729,10.5,4.059,-1.745,-6.078,-5.3,-4.410,-6.066,-42.188,-2.5,-9.688,-42.188,-96.188,13.8,2.668,-96.188,0.000,0.0,0.000,0.000,0.000,0.0,0.000,0.000
1.3120,3.502,-4.7,-3.375,3.506,3.643,-10.0,-0.390,3.658,25.203,-6.2,3.650,25.219,93.312,26.3,-0.096,93.250,-1.720,7.1,3.795,-1.729,-6.078,-3.2,-4.461,-6.078,-42.156,5.5,-9.242,-42.188,-96.125,15.5,2.410,-96.188,0.000,0.0,0.000,0.000,0.000,0.0,0.000,0.000
1.3140,3.496,-2.4,-3.311,3.502,3.627,-8.2,-0.434,3.643,25.188,-9.2,3.852,25.203,93.375,25.1,-0.051,93.312,-1.704,8.1,4.258,-1.720,-6.090,-5.8,-4.461,-6.078,-42.188,0.9,-9.539,-42.156,-96.125,14.2,2.607,-96.125,0.000,0.0,0.000,0.000,0.000,0.0,0.000,0.000
1.3160,3.492,-1.9,-1.771,3.496,3.604,-11.0,-0.070,3.627,25.172,-8.8,4.332,25.188,93.438,21.5,-0.418,93.375,-1.714,0.9,1.562,-1.704,-6.102,-6.3,-3.967,-6.090,-42.188,-3.6,-8.852,-42.188,-96.062,20.5,2.055,-96.125,0.000,0.0,0.000,0.000,0.000,0.0,0.000,0.000
1.3184,3.506,4.8,-1.144,3.492,3.594,-10.4,0.077,3.604,25.188,-5.4,4.285,25.172,93.438,23.7,-0.353,93.438,-1.717,0.4,1.989,-1.714,-6.105,-6.0,-4.191,-6.102,-42.188,1.1,-9.156,-42.188,-96.062,17.6,2.164,-96.062,0.000,0.0,0.000,0.000,0.000,0.0,0.000,0.000
1.3208,3.531,8.5,-2.188,3.506,3.568,-9.5,-0.033,3.594,25.203,2.8,4.133,25.188,93.500,13.4,-0.294,93.438,-1.776,-17.7,2.873,-1.717,-6.098,0.3,-4.176,-6.105,-42.156,3.2,-9.023,-42.188,-95.938,21.4,2.191,-96.062,0.000,0.0,0.000,0.000,0.000,0.0,0.000,0.000
1.3230,3.570,12.3,-3.506,3.531,3.555,-4.9,-0.269,3.568,25.219,4.5,3.670,25.203,93.500,13.0,-0.066,93.500,-1.820,-18.2,4.520,-1.776,-6.090,3.5,-4.344,-6.098,-42.156,1.1,-9.312,-42.156,-95.875,23.3,2.379,-95.938,0.000,0.0,0.000,0.000,0.000,0.0,0.000,0.000
1.3252,3.596,14.6,-3.537,3.570,3.547,-4.3,-0.312,3.555,25.234,9.2,3.584,25.219,93.562,11.4,0.192,93.500,-1.842,-14.6,4.527,-1.820,-6.090,1.5,-4.840,-6.090,-42.156,-2.2,-9.664,-42.156,-95.812,24.3,2.305,-95.875,0.000,0.0,0.000,0.000,0.000,0.0,0.000,0.000
1.3266,3.609,12.9,-4.418,3.596,3.539,-4.6,-0.548,3.547,25.219,4.9,3.414,25.234,93.500,2.5,0.232,93.562,-1.852,-12.5,6.348,-1.842,-6.090,1.0,-4.758,-6.090,-42.156,0.8,-9.977,-42.156,-95.812,27.4,2.797,-95.812,0.000,0.0,0.000,0.000,0.000,0.0,0.000,0.000
1.3281,3.619,9.2,-3.375,3.609,3.527,-7.0,-0.541,3.539,25.234,2.5,3.949,25.219,93.562,7.2,0.073,93.500,-1.857,-8.0,3.613,-1.852,-6.090,1.6,-4.289,-6.090,-42.156,-0.7,-9.102,-42.156,-95.750,29.1,2.285,-95.812,0.000,0.0,0.000,0.000,0.000,0.0,0.000,0.000
1.3300,3.625,6.9,-1.799,3.619,3.527,-3.0,0.195,3.527,25.234,2.2,5.469,25.234,93.562,6.2,-0.509,93.562,-1.864,-7.2,1.507,-1.857,-6.090,1.5,-3.459,-6.090,-42.188,-3.8,-8.438,-42.156,-95.688,31.3,2.018,-95.750,0.000,0.0,0.000,0.000,0.000,0.0,0.000,0.000
1.3320,3.625,2.8,-1.536,3.625,3.523,-2.0,0.139,3.527,25.234,3.1,4.676,25.234,93.562,2.1,-0.438,93.562,-1.873,-6.2,1.985,-1.864,-6.082,2.1,-3.674,-6.090,-42.188,2.2,-8.633,-42.188,-95.625,27.1,2.137,-95.688,0.000,0.0,0.000,0.000,0.000,0.0,0.000,0.000
1.3340,3.650,8.3,-1.702,3.625,3.518,-3.3,0.096,3.523,25.266,8.1,5.281,25.234,93.562,-0.6,-0.529,93.562,-1.896,-8.3,2.158,-1.873,-6.062,7.6,-3.463,-6.082,-42.188,-5.0,-8.500,-42.188,-95.562,26.7,2.012,-95.625,0.000,0.0,0.000,0.000,0.000,0.0,0.000,0.000
1.3360,3.672,7.6,-2.508,3.650,3.531,1.5,-0.117,3.518,25.266,6.7,4.469,25.266,93.562,-5.2,-0.293,93.562,-1.939,-17.2,2.920,-1.896,-6.055,7.4,-3.787,-6.062,-42.156,5.0,-9.070,-42.188,-95.500,28.0,2.270,-95.562,0.000,0.0,0.000,0.000,0.000,0.0,0.000,0.000
1.3380,3.713,15.0,-2.760,3.672,3.543,4.6,-0.223,3.531,25.281,5.3,4.340,25.266,93.500,-6.3,-0.109,93.562,-1.977,-19.4,3.682,-1.939,-6.059,-0.4,-3.828,-6.055,-42.188,-0.1,-9.500,-42.156,-95.500,25.1,2.449,-95.500,0.000,0.0,0.000,0.000,0.000,0.0,0.000,0.000
1.3400,3.730,10.3,-2.582,3.713,3.543,2.0,0.202,3.543,25.297,7.7,5.746,25.281,93.500,-8.2,-0.556,93.500,-1.999,-14.0,2.572,-1.977,-6.051,0.5,-3.213,-6.059,-42.188,-1.0,-8.047,-42.188,-95.438,22.3,1.980,-95.500,0.000,0.0,0.000,0.000,0.000,0.0,0.000,0.000
1.3420,3.760,11.2,-2.406,3.730,3.562,6.6,0.323,3.543,25.312,6.5,5.832,25.297,93.500,-10.8,-0.798,93.500,-2.037,-16.4,2.582,-1.999,-6.043,0.9,-2.945,-6.051,-42.156,2.5,-8.344,-42.188,-95.375,23.9,1.935,-95.438,0.000,0.0,0.000,0.000,0.000,0.0,0.000,0.000
1.3440,3.781,11.5,-2.297,3.760,3.570,7.2,0.796,3.562,25.312,7.1,6.586,25.312,93.438,-10.9,-1.171,93.500,-2.059,-12.3,2.547,-2.037,-6.039,1.4,-2.404,-6.043,-42.156,2.2,-7.672,-42.156,-95.312,22.4,1.696,-95.375,0.000,0.0,0.000,0.000,0.000,0.0,0.000,0.000
1.3462,3.791,5.9,-2.330,3.781,3.584,7.4,0.791,3.570,25.344,11.1,6.234,25.312,93.438,-11.7,-1.242,93.438,-2.100,-17.0,2.676,-2.059,-6.023,4.5,-2.816,-6.039,-42.156,6.4,-8.094,-42.156,-95.312,19.0,1.914,-95.312,0.000,0.0,0.000,0.000,0.000,0.0,0.000,0.000
1.3483,3.803,5.6,-2.146,3.791,3.596,5.9,0.880,3.584,25.359,10.1,6.730,25.344,93.375,-17.6,-1.418,93.438,-2.125,-14.3,2.385,-2.100,-6.008,6.8,-2.441,-6.023,-42.125,7.2,-7.508,-42.156,-95.250,18.8,1.787,-95.312,0.000,0.0,0.000,0.000,0.000,0.0,0.000,0.000
1.3503,3.822,7.2,-2.299,3.803,3.621,8.9,0.957,3.596,25.391,14.7,6.750,25.359,93.312,-23.1,-1.392,93.375,-2.162,-17.9,2.377,-2.125,-5.992,6.5,-2.457,-6.008,-42.125,6.7,-7.660,-42.125,-95.250,17.3,1.861,-95.250,0.000,0.0,0.000,0.000,0.000,0.0,0.000,0.000
1.3522,3.838,7.7,-2.635,3.822,3.658,15.6,1.041,3.621,25.422,11.8,6.941,25.391,93.312,-23.3,-1.525,93.312,-2.188,-15.3,2.303,-2.162,-5.980,5.4,-2.436,-5.992,-42.094,12.6,-7.492,-42.125,-95.250,11.7,1.966,-95.250,0.000,0.0,0.000,0.000,0.000,0.0,0.000,0.000
1.3540,3.844,3.5,-2.621,3.838,3.688,17.4,1.206,3.658,25.469,17.1,7.027,25.422,93.250,-26.3,-1.542,93.312,-2.209,-12.3,2.072,-2.188,-5.961,7.2,-2.092,-5.980,-42.062,12.0,-6.820,-42.094,-95.250,7.7,1.826,-95.250,0.000,0.0,0.000,0.000,0.000,0.0,0.000,0.000
1.3560,3.883,13.5,-2.980,3.844,3.719,18.4,1.659,3.688,25.500,19.2,7.559,25.469,93.188,-29.5,-1.822,93.250,-2.234,-12.5,1.790,-2.209,-5.941,10.5,-1.531,-5.961,-42.031,14.1,-6.289,-42.062,-95.250,3.3,1.471,-95.250,0.000,0.0,0.000,0.000,0.000,0.0,0.000,0.000
1.3580,3.891,8.9,-3.244,3.883,3.756,19.4,1.768,3.719,25.547,20.1,8.094,25.500,93.125,-32.2,-1.988,93.188,-2.270,-16.2,2.016,-2.234,-5.926,9.9,-1.196,-5.941,-42.000,15.8,-5.848,-42.031,-95.250,-3.0,1.369,-95.250,0.000,0.0,0.000,0.000,0.000,0.0,0.000,0.000
1.3600,3.904,7.0,-4.281,3.891,3.811,23.2,1.762,3.756,25.578,19.0,8.844,25.547,93.000,-40.3,-2.424,93.125,-2.295,-15.6,2.584,-2.270,-5.895,14.3,-1.038,-5.926,-41.969,18.5,-5.355,-42.000,-95.250,-7.5,0.945,-95.250,0.000,0.0,0.000,0.000,0.000,0.0,0.000,0.000
1.3620,3.898,-0.2,-6.977,3.904,3.869,27.4,2.826,3.811,25.641,25.4,9.984,25.578,92.938,-42.3,-2.871,93.000,-2.312,-12.4,5.262,-2.295,-5.875,11.3,-0.033,-5.895,-41.938,19.2,-4.500,-41.969,-95.250,-11.9,-0.486,-95.250,0.000,0.0,0.000,0.000,0.000,0.0,0.000,0.000
1.3640,3.883,-7.3,-7.250,3.898,3.953,36.8,2.498,3.869,25.719,30.1,9.883,25.641,92.812,-53.9,-2.223,92.938,-2.307,-3.1,4.852,-2.312,-5.848,12.4,-0.024,-5.875,-41.875,24.9,-4.793,-41.938,-95.312,-15.9,-0.546,-95.250,0.000,0.0,0.000,0.000,0.000,0.0,0.000,0.000
1.3660,3.850,-13.5,-6.594,3.883,4.020,33.4,2.541,3.953,25.781,30.7,9.539,25.719,92.688,-52.5,-1.590,92.812,-2.287,5.2,4.145,-2.307,-5.816,13.9,0.055,-5.848,-41.812,30.2,-5.117,-41.875,-95.375,-24.7,-0.580,-95.312,0.000,0.0,0.000,0.000,0.000,0.0,0.000,0.000
1.3680,3.803,-20.6,-6.156,3.850,4.094,33.7,2.797,4.020,25.859,33.0,9.680,25.781,92.562,-59.4,-0.969,92.688,-2.266,7.7,3.490,-2.287,-5.789,12.6,-0.094,-5.816,-41.750,29.0,-5.465,-41.812,-95.438,-29.9,-0.408,-95.375,0.000,0.0,0.000,0.000,0.000,0.0,0.000,0.000
1.3700,3.766,-18.8,-6.062,3.803,4.156,32.6,3.730,4.094,25.922,34.8,9.641,25.859,92.438,-59.1,-0.568,92.562,-2.213,20.0,3.121,-2.266,-5.770,10.6,0.018,-5.789,-41.656,33.3,-5.594,-41.750,-95.500,-38.1,-0.417,-95.438,0.000,0.0,0.000,0.000,0.000,0.0,0.000,0.000
1.3722,3.723,-20.6,-6.316,3.766,4.176,18.7,4.773,4.156,26.000,34.6,10.039,25.922,92.312,-57.6,0.258,92.438,-2.184,17.3,2.947,-2.213,-5.754,9.0,-0.044,-5.770,-41.594,29.8,-5.762,-41.656,-95.562,-41.9,-0.413,-95.500,0.000,0.0,0.000,0.000,0.000,0.0,0.000,0.000
1.3744,3.688,-17.9,-6.145,3.723,4.172,5.4,5.656,4.176,26.047,30.1,9.953,26.000,92.250,-52.3,1.033,92.312,-2.143,20.2,2.879,-2.184,-5.738,9.8,0.120,-5.754,-41.531,30.7,-5.660,-41.594,-95.688,-42.4,-0.310,-95.562,0.000,0.0,0.000,0.000,0.000,0.0,0.000,0.000
1.3764,3.656,-15.8,-6.438,3.688,4.172,2.0,6.113,4.172,26.109,28.8,10.062,26.047,92.188,-41.8,1.033,92.250,-2.115,16.3,2.930,-2.143,-5.738,5.0,0.240,-5.738,-41.500,24.4,-5.477,-41.531,-95.750,-48.9,-0.142,-95.688,0.000,0.0,0.000,0.000,0.000,0.0,0.000,0.000
1.3784,3.635,-11.7,-6.680,3.656,4.164,-2.4,6.660,4.172,26.172,28.8,10.125,26.109,92.125,-32.7,1.171,92.188,-2.078,18.6,3.186,-2.115,-5.742,0.7,0.336,-5.738,-41.469,20.7,-5.430,-41.500,-95.875,-53.4,-0.027,-95.750,0.000,0.0,0.000,0.000,0.000,0.0,0.000,0.000
1.3800,3.609,-12.5,-6.605,3.635,4.172,0.5,6.773,4.164,26.203,24.4,10.234,26.172,92.062,-24.0,1.857,92.125,-2.059,12.3,3.025,-2.078,-5.738,2.1,0.398,-5.742,-41.438,16.0,-5.160,-41.469,-96.000,-56.9,0.036,-95.875,0.000,0.0,0.000,0.000,0.000,0.0,0.000,0.000
1.3820,3.594,-10.3,-7.023,3.609,4.188,4.7,6.820,4.172,26.266,28.4,10.000,26.203,92.062,-11.0,1.437,92.062,-2.021,15.4,3.172,-2.059,-5.734,2.2,0.592,-5.738,-41.406,14.3,-4.816,-41.438,-96.062,-55.9,0.229,-96.000,0.000,0.0,0.000,0.000,0.000,0.0,0.000,0.000
1.3840,3.559,-15.8,-6.562,3.594,4.195,4.9,6.633,4.188,26.281,19.2,9.750,26.266,92.062,2.8,0.843,92.062,-2.006,10.0,3.385,-2.021,-5.727,4.0,0.804,-5.734,-41.406,8.4,-4.270,-41.406,-96.188,-53.5,0.456,-96.062,0.000,0.0,0.000,0.000,0.000,0.0,0.000,0.000
1.3860,3.543,-10.6,-6.535,3.559,4.207,6.8,6.645,4.195,26.312,17.9,9.617,26.281,92.125,8.9,0.257,92.062,-1.980,10.8,3.598,-2.006,-5.727,1.8,1.089,-5.727,-41.375,10.7,-3.992,-41.406,-96.312,-53.6,0.607,-96.188,0.000,0.0,0.000,0.000,0.000,0.0,0.000,0.000
1.3880,3.506,-15.8,-6.543,3.543,4.211,3.8,6.301,4.207,26.328,11.7,9.328,26.312,92.125,14.6,-0.397,92.125,-1.961,9.5,3.787,-1.980,-5.723,2.7,1.291,-5.727,-41.375,4.6,-3.389,-41.375,-96.438,-56.3,0.791,-96.312,0.000,0.0,0.000,0.000,0.000,0.0,0.000,0.000
1.3900,3.477,-15.9,-6.348,3.506,4.211,1.1,6.242,4.211,26.312,-0.0,9.648,26.328,92.188,16.6,-0.879,92.125,-1.945,8.1,3.809,-1.961,-5.703,7.0,1.173,-5.723,-41.375,2.8,-3.342,-41.375,-96.500,-54.8,0.861,-96.438,0.000,0.0,0.000,0.000,0.000,0.0,0.000,0.000
1.3920,3.459,-11.9,-6.332,3.477,4.219,3.6,5.504,4.211,26.312,-2.0,9.836,26.312,92.250,24.5,-1.940,92.188,-1.933,6.3,3.748,-1.945,-5.695,3.5,0.768,-5.703,-41.375,1.0,-2.648,-41.375,-96.625,-49.9,1.077,-96.500,0.000,0.0,0.000,0.000,0.000,0.0,0.000,0.000
1.3940,3.428,-14.0,-6.266,3.459,4.207,-1.0,5.359,4.219,26.297,-4.3,9.875,26.312,92.312,19.0,-2.303,92.250,-1.914,8.9,3.924,-1.933,-5.672,6.3,0.746,-5.695,-41.375,1.8,-2.508,-41.375,-96.688,-44.8,1.013,-96.625,0.000,0.0,0.000,0.000,0.000,0.0,0.000,0.000
1.3960,3.408,-11.7,-5.957,3.428,4.199,-3.6,4.906,4.207,26.266,-7.4,9.695,26.297,92.312,14.6,-2.564,92.312,-1.924,0.7,3.586,-1.914,-5.652,8.2,0.381,-5.672,-41.375,-0.1,-2.297,-41.375,-96.750,-39.5,1.043,-96.688,0.000,0.0,0.000,0.000,0.000,0.0,0.000,0.000
1.3983,3.389,-10.4,-2.887,3.408,4.199,-0.5,4.543,4.199,26.250,-6.9,8.125,26.266,92.312,7.4,-1.995,92.312,-1.921,-0.2,1.052,-1.924,-5.629,10.5,0.128,-5.652,-41.375,-2.3,-3.410,-41.375,-96.875,-37.0,0.924,-96.750,0.000,0.0,0.000,0.000,0.000,0.0,0.000,0.000
1.4004,3.383,-6.4,-1.654,3.389,4.184,-4.1,3.221,4.199,26.234,-7.6,7.246,26.250,92.312,0.6,-1.255,92.312,-1.937,-4.1,0.851,-1.921,-5.625,3.9,-1.079,-5.629,-41.406,-5.2,-4.379,-41.375,-96.875,-32.1,1.184,-96.875,0.000,0.0,0.000,0.000,0.000,0.0,0.000,0.000
1.4028,3.408,6.1,-1.626,3.383,4.168,-7.6,2.852,4.184,26.219,-8.5,7.496,26.234,92.312,-3.6,-1.124,92.312,-1.983,-14.5,1.454,-1.937,-5.613,4.0,-1.292,-5.625,-41.406,-8.5,-4.273,-41.406,-96.938,-29.2,1.298,-96.875,0.000,0.0,0.000,0.000,0.000,0.0,0.000,0.000
1.4048,3.445,15.0,-2.473,3.408,4.148,-9.7,3.064,4.168,26.188,-13.9,7.328,26.219,92.312,-8.0,-1.043,92.312,-2.033,-20.2,2.057,-1.983,-5.617,1.9,-1.100,-5.613,-41.438,-9.5,-4.535,-41.406,-97.000,-21.0,1.223,-96.938,0.000,0.0,0.000,0.000,0.000,0.0,0.000,0.000
1.4062,3.477,15.9,-2.938,3.445,4.125,-12.7,2.555,4.148,26.156,-12.2,7.184,26.188,92.312,-2.1,-0.878,92.312,-2.096,-26.3,2.684,-2.033,-5.645,-8.2,-1.019,-5.617,-41.469,-13.7,-4.465,-41.438,-97.000,-13.2,1.341,-97.000,0.000,0.0,0.000,0.000,0.000,0.0,0.000,0.000
1.4080,3.521,20.6,-3.111,3.477,4.113,-8.4,2.904,4.125,26.125,-16.8,7.641,26.156,92.250,-5.0,-1.124,92.312,-2.158,-29.9,2.863,-2.096,-5.672,-12.4,-0.746,-5.645,-41.531,-19.5,-4.398,-41.469,-97.062,-12.7,1.236,-97.000,0.000,0.0,0.000,0.000,0.000,0.0,0.000,0.000
1.4100,3.539,13.5,-2.941,3.521,4.098,-7.9,2.508,4.113,26.094,-14.3,7.586,26.125,92.250,-2.5,-1.271,92.250,-2.203,-24.5,2.914,-2.158,-5.691,-12.4,-0.717,-5.672,-41.562,-26.2,-4.578,-41.531,-97.062,-2.5,1.283,-97.062,0.000,0.0,0.000,0.000,0.000,0.0,0.000,0.000
1.4120,3.580,18.3,-2.785,3.539,4.086,-7.6,1.887,4.098,26.078,-10.4,7.238,26.094,92.250,-6.0,-1.346,92.250,-2.250,-21.1,3.217,-2.203,-5.723,-13.0,-0.827,-5.691,-41.594,-18.3,-5.297,-41.562,-97.000,1.9,1.470,-97.062,0.000,0.0,0.000,0.000,0.000,0.0,0.000,0.000
1.4140,3.600,12.4,-2.795,3.580,4.086,-3.3,0.713,4.086,26.047,-11.3,5.867,26.078,92.250,-0.3,-0.632,92.250,-2.307,-23.8,4.027,-2.250,-5.762,-17.5,-2.070,-5.723,-41.688,-30.1,-6.707,-41.594,-97.000,5.7,2.223,-97.000,0.000,0.0,0.000,0.000,0.000,0.0,0.000,0.000
1.4160,3.637,16.9,-2.854,3.600,4.066,-7.6,0.138,4.086,25.984,-19.5,5.543,26.047,92.250,-3.6,-0.451,92.250,-2.338,-18.0,4.051,-2.307,-5.809,-20.5,-2.352,-5.762,-41.750,-35.8,-7.016,-41.688,-97.000,14.5,2.613,-97.000,0.000,0.0,0.000,0.000,0.000,0.0,0.000,0.000
1.4180,3.674,20.6,-5.547,3.637,4.055,-7.4,-0.558,4.066,25.953,-19.9,4.414,25.984,92.250,1.5,0.223,92.250,-2.357,-11.4,7.152,-2.338,-5.883,-30.9,-2.789,-5.809,-41.844,-40.3,-8.250,-41.750,-96.938,19.7,3.398,-97.000,0.000,0.0,0.000,0.000,0.000,0.0,0.000,0.000
1.4200,3.678,8.2,-3.752,3.674,4.023,-11.8,0.046,4.055,25.891,-25.7,5.551,25.953,92.250,2.7,-0.346,92.250,-2.348,-1.0,3.330,-2.357,-5.961,-37.7,-1.885,-5.883,-41.938,-44.8,-7.191,-41.844,-96.875,31.5,3.043,-96.938,0.000,0.0,0.000,0.000,0.000,0.0,0.000,0.000
1.4220,3.707,11.7,-5.926,3.678,3.986,-15.3,-0.208,4.023,25.812,-33.5,4.809,25.891,92.312,4.5,0.716,92.250,-2.326,6.6,6.383,-2.348,-6.039,-39.1,-2.705,-5.961,-42.031,-52.4,-8.273,-41.938,-96.750,38.7,3.246,-96.875,0.000,0.0,0.000,0.000,0.000,0.0,0.000,0.000
1.4240,3.699,1.6,-6.305,3.707,3.945,-18.6,-0.074,3.986,25.750,-30.8,5.168,25.812,92.312,12.9,0.797,92.312,-2.287,14.8,5.668,-2.326,-6.109,-37.8,-3.340,-6.039,-42.125,-48.3,-8.266,-42.031,-96.688,42.5,2.742,-96.750,0.000,0.0,0.000,0.000,0.000,0.0,0.000,0.000
1.4263,3.699,0.2,-5.867,3.699,3.920,-13.1,-0.000,3.945,25.672,-34.3,5.293,25.750,92.375,13.0,0.899,92.312,-2.213,30.2,4.754,-2.287,-6.137,-22.9,-4.160,-6.109,-42.250,-51.3,-8.414,-42.125,-96.562,45.0,2.150,-96.688,0.000,0.0,0.000,0.000,0.000,0.0,0.000,0.000
1.4284,3.682,-5.4,-5.074,3.699,3.891,-12.2,0.070,3.920,25.609,-32.5,5.598,25.672,92.375,18.8,0.945,92.375,-2.152,30.6,3.957,-2.213,-6.141,-9.9,-5.094,-6.137,-42.344,-50.0,-8.906,-42.250,-96.500,49.8,1.418,-96.562,0.000,0.0,0.000,0.000,0.000,0.0,0.000,0.000
1.4306,3.662,-7.3,-4.820,3.682,3.873,-8.0,0.188,3.891,25.547,-29.6,5.656,25.609,92.438,20.7,0.871,92.375,-2.074,34.5,3.961,-2.152,-6.152,-7.7,-5.859,-6.141,-42.438,-47.4,-9.250,-42.344,-96.375,57.5,0.606,-96.500,0.000,0.0,0.000,0.000,0.000,0.0,0.000,0.000
1.4326,3.646,-7.0,-4.730,3.662,3.848,-9.4,-0.123,3.873,25.500,-27.8,5.449,25.547,92.500,23.7,0.782,92.438,-1.983,40.3,3.578,-2.074,-6.137,-1.3,-5.953,-6.152,-42.500,-39.0,-9.258,-42.438,-96.250,53.0,0.390,-96.375,0.000,0.0,0.000,0.000,0.000,0.0,0.000,0.000
1.4340,3.650,-0.6,-5.062,3.646,3.828,-8.9,0.093,3.848,25.453,-23.1,5.141,25.500,92.562,30.0,0.746,92.500,-1.901,40.5,3.131,-1.983,-6.133,2.2,-5.906,-6.137,-42.594,-41.1,-9.406,-42.500,-96.125,51.5,-0.023,-96.250,0.000,0.0,0.000,0.000,0.000,0.0,0.000,0.000
1.4360,3.641,-2.8,-5.090,3.650,3.811,-10.0,-0.332,3.828,25.438,-14.4,4.992,25.453,92.625,32.6,0.615,92.562,-1.829,39.1,3.521,-1.901,-6.152,-4.0,-6.078,-6.133,-42.625,-29.6,-9.664,-42.594,-96.062,43.6,0.053,-96.125,0.000,0.0,0.000,0.000,0.000,0.0,0.000,0.000
1.4380,3.643,0.6,-5.102,3.641,3.797,-8.6,-0.593,3.811,25.391,-15.2,4.664,25.438,92.688,36.0,0.500,92.625,-1.773,31.5,3.500,-1.829,-6.168,-7.8,-6.270,-6.152,-42.656,-19.8,-9.898,-42.625,-96.000,32.2,-0.027,-96.062,0.000,0.0,0.000,0.000,0.000,0.0,0.000,0.000
1.4400,3.635,-2.8,-5.090,3.643,3.779,-10.5,-0.837,3.797,25.375,-16.0,4.164,25.391,92.750,34.1,0.362,92.688,-1.710,31.2,3.783,-1.773,-6.191,-9.3,-6.039,-6.168,-42.688,-16.2,-10.023,-42.656,-95.938,30.7,0.148,-96.000,0.000,0.0,0.000,0.000,0.000,0.0,0.000,0.000
1.4420,3.621,-5.5,-4.492,3.635,3.766,-9.4,-1.105,3.779,25.359,-10.7,3.926,25.375,92.812,32.7,0.164,92.750,-1.663,26.7,3.992,-1.710,-6.207,-7.8,-5.906,-6.191,-42.719,-14.7,-10.023,-42.688,-95.875,26.3,0.583,-95.938,0.000,0.0,0.000,0.000,0.000,0.0,0.000,0.000
1.4440,3.596,-12.0,-4.234,3.621,3.750,-8.5,-1.057,3.766,25.328,-11.0,3.789,25.359,92.938,35.2,-0.047,92.812,-1.610,28.4,4.531,-1.663,-6.219,-6.2,-6.062,-6.207,-42.719,-5.9,-10.242,-42.719,-95.875,19.1,0.776,-95.875,0.000,0.0,0.000,0.000,0.000,0.0,0.000,0.000
1.4460,3.594,-6.6,-3.967,3.596,3.725,-10.4,-0.897,3.750,25.312,-9.5,3.199,25.328,93.000,39.8,-0.313,92.938,-1.578,22.0,4.250,-1.610,-6.227,-3.9,-5.551,-6.219,-42.719,-1.9,-10.164,-42.719,-95.812,20.4,2.016,-95.875,0.000,0.0,0.000,0.000,0.000,0.0,0.000,0.000
1.4480,3.568,-9.8,-3.717,3.594,3.697,-12.9,-0.805,3.725,25.297,-13.6,3.289,25.312,93.062,33.5,-0.257,93.000,-1.544,19.9,4.371,-1.578,-6.238,-4.1,-5.520,-6.227,-42.719,5.1,-10.523,-42.719,-95.812,16.9,2.500,-95.812,0.000,0.0,0.000,0.000,0.000,0.0,0.000,0.000
1.4500,3.553,-8.2,-3.793,3.568,3.668,-14.1,-0.667,3.697,25.266,-13.0,3.352,25.297,93.125,34.6,-0.221,93.062,-1.516,15.6,4.676,-1.544,-6.242,-2.4,-5.508,-6.238,-42.719,-0.3,-10.523,-42.719,-95.750,15.5,3.096,-95.812,0.000,0.0,0.000,0.000,0.000,0.0,0.000,0.000
1.4522,3.527,-11.1,-3.635,3.553,3.641,-14.1,-0.485,3.668,25.250,-9.8,3.086,25.266,93.188,30.9,-0.305,93.125,-1.484,15.0,4.336,-1.516,-6.258,-6.3,-4.836,-6.242,-42.719,1.1,-10.148,-42.719,-95.750,19.0,3.189,-95.750,0.000,0.0,0.000,0.000,0.000,0.0,0.000,0.000
1.4546,3.518,-7.6,-4.043,3.527,3.605,-16.2,-0.248,3.641,25.234,-10.6,3.035,25.250,93.250,27.2,-0.363,93.188,-1.462,11.5,5.051,-1.484,-6.262,-4.4,-4.926,-6.258,-42.719,1.0,-10.109,-42.719,-95.688,20.8,3.002,-95.750,0.000,0.0,0.000,0.000,0.000,0.0,0.000,0.000
1.4566,3.506,-7.1,-2.223,3.518,3.578,-16.2,-0.287,3.605,25.203,-12.8,3.664,25.234,93.250,22.9,-0.408,93.250,-1.443,9.7,2.438,-1.462,-6.262,-0.5,-4.699,-6.262,-42.719,1.7,-9.148,-42.719,-95.625,21.4,2.832,-95.688,0.000,0.0,0.000,0.000,0.000,0.0,0.000,0.000
1.4590,3.518,4.5,-3.545,3.506,3.533,-15.6,-0.338,3.578,25.172,-9.1,3.031,25.203,93.312,20.4,-0.085,93.250,-1.438,5.3,5.250,-1.443,-6.277,-4.4,-5.141,-6.262,-42.688,2.5,-9.641,-42.719,-95.562,27.9,2.893,-95.625,0.000,0.0,0.000,0.000,0.000,0.0,0.000,0.000
1.4604,3.508,-0.9,-4.168,3.518,3.527,-12.0,-0.440,3.533,25.172,-7.5,3.160,25.172,93.312,15.5,-0.098,93.312,-1.446,1.0,5.121,-1.438,-6.281,-5.5,-5.023,-6.277,-42.688,2.1,-9.641,-42.688,-95.562,23.5,3.043,-95.562,0.000,0.0,0.000,0.000,0.000,0.0,0.000,0.000
1.4620,3.523,3.8,-3.672,3.508,3.496,-13.8,-0.421,3.527,25.172,-4.6,3.270,25.172,93.375,20.7,-0.104,93.312,-1.459,-3.2,4.738,-1.446,-6.281,-1.9,-5.238,-6.281,-42.688,1.4,-9.766,-42.688,-95.500,29.6,3.115,-95.562,0.000,0.0,0.000,0.000,0.000,0.0,0.000,0.000
1.4640,3.533,3.7,-3.834,3.523,3.482,-8.6,-0.527,3.496,25.172,-0.1,3.191,25.172,93.375,12.1,-0.107,93.375,-1.469,-5.1,4.758,-1.459,-6.285,-0.9,-5.203,-6.281,-42.719,-2.9,-9.734,-42.688,-95.438,24.6,3.082,-95.500,0.000,0.0,0.000,0.000,0.000,0.0,0.000,0.000
1.4660,3.543,3.3,-3.584,3.533,3.467,-7.5,-0.605,3.482,25.172,2.6,3.207,25.172,93.438,12.7,-0.125,93.375,-1.472,-3.9,4.262,-1.469,-6.281,2.1,-5.141,-6.285,-42.719,-4.2,-9.625,-42.719,-95.375,31.6,3.062,-95.438,0.000,0.0,0.000,0.000,0.000,0.0,0.000,0.000
1.4680,3.562,7.7,-2.998,3.543,3.459,-5.4,-0.702,3.467,25.172,1.7,3.781,25.172,93.438,8.2,-0.316,93.438,-1.469,-0.5,2.984,-1.472,-6.289,-0.8,-4.770,-6.281,-42.719,-3.4,-8.992,-42.719,-95.312,29.9,3.057,-95.375,0.000,0.0,0.000,0.000,0.000,0.0,0.000,0.000
1.4700,3.578,8.0,-3.256,3.562,3.461,-0.8,-0.760,3.459,25.188,5.1,3.115,25.172,93.438,5.5,-0.182,93.438,-1.487,-5.9,4.555,-1.469,-6.281,1.7,-5.086,-6.289,-42.719,-0.7,-9.977,-42.719,-95.250,29.1,3.188,-95.312,0.000,0.0,0.000,0.000,0.000,0.0,0.000,0.000
1.4720,3.605,11.5,-1.825,3.578,3.471,2.7,-0.507,3.461,25.203,6.9,4.355,25.188,93.438,-0.2,-0.676,93.438,-1.506,-8.9,1.286,-1.487,-6.277,2.8,-4.211,-6.281,-42.719,-2.4,-8.812,-42.719,-95.188,27.3,2.689,-95.250,0.000,0.0,0.000,0.000,0.000,0.0,0.000,0.000
1.4740,3.637,15.1,-1.949,3.605,3.480,4.3,-0.493,3.471,25.219,4.9,3.686,25.203,93.438,0.6,-0.409,93.438,-1.534,-13.1,2.811,-1.506,-6.281,-0.4,-4.371,-6.277,-42.719,-2.3,-9.789,-42.719,-95.125,31.0,3.115,-95.188,0.000,0.0,0.000,0.000,0.000,0.0,0.000,0.000
1.4760,3.674,18.5,-1.968,3.637,3.492,6.3,-0.339,3.480,25.234,5.6,4.422,25.219,93.438,-3.1,-0.754,93.438,-1.578,-20.5,2.270,-1.534,-6.266,3.7,-4.191,-6.281,-42.719,0.1,-8.930,-42.719,-95.062,30.0,2.756,-95.125,0.000,0.0,0.000,0.000,0.000,0.0,0.000,0.000
1.4780,3.713,21.1,-2.023,3.674,3.492,2.1,0.217,3.492,25.250,6.7,5.426,25.234,93.438,-5.6,-1.183,93.438,-1.613,-20.0,2.334,-1.578,-6.266,0.6,-3.596,-6.266,-42.719,-0.2,-8.367,-42.719,-95.000,23.0,2.412,-95.062,0.000,0.0,0.000,0.000,0.000,0.0,0.000,0.000
1.4801,3.738,16.0,-2.227,3.713,3.508,6.9,0.932,3.492,25.297,13.9,5.973,25.250,93.375,-8.5,-1.661,93.438,-1.666,-24.1,2.775,-1.613,-6.246,5.0,-2.998,-6.266,-42.719,4.6,-7.848,-42.719,-95.000,21.9,2.305,-95.000,0.000,0.0,0.000,0.000,0.000,0.0,0.000,0.000
1.4825,3.770,14.6,-2.334,3.738,3.521,8.0,0.763,3.508,25.328,16.4,5.301,25.297,93.375,-15.4,-1.523,93.375,-1.717,-25.1,3.055,-1.666,-6.219,10.0,-3.799,-6.246,-42.719,5.6,-8.695,-42.719,-94.938,19.5,2.799,-95.000,0.000,0.0,0.000,0.000,0.000,0.0,0.000,0.000
1.4847,3.791,10.1,-2.633,3.770,3.527,5.8,0.866,3.521,25.359,17.4,5.918,25.328,93.312,-17.7,-1.823,93.375,-1.770,-27.5,3.268,-1.717,-6.207,9.1,-3.102,-6.219,-42.688,9.0,-8.148,-42.719,-94.875,19.5,2.715,-94.938,0.000,0.0,0.000,0.000,0.000,0.0,0.000,0.000
1.4869,3.822,8.0,-2.637,3.791,3.570,13.2,1.153,3.527,25.422,21.0,6.754,25.359,93.250,-19.6,-1.977,93.312,-1.842,-23.6,3.369,-1.770,-6.184,9.1,-2.355,-6.207,-42.656,12.6,-7.203,-42.688,-94.875,14.2,2.352,-94.875,0.000,0.0,0.000,0.000,0.000,0.0,0.000,0.000
1.4889,3.844,8.5,-2.992,3.822,3.590,10.8,1.928,3.570,25.453,16.3,7.531,25.422,93.188,-25.4,-2.486,93.250,-1.893,-25.2,2.896,-1.842,-6.168,10.4,-1.483,-6.184,-42.625,14.2,-6.332,-42.656,-94.875,9.5,2.049,-94.875,0.000,0.0,0.000,0.000,0.000,0.0,0.000,0.000
1.4909,3.859,8.1,-2.879,3.844,3.619,11.0,2.014,3.590,25.531,28.9,8.016,25.453,93.125,-35.8,-2.537,93.188,-1.927,-19.5,2.924,-1.893,-6.133,15.4,-1.337,-6.168,-42.594,14.9,-5.660,-42.625,-94.875,-0.4,2.014,-94.875,0.000,0.0,0.000,0.000,0.000,0.0,0.000,0.000
1.4922,3.863,5.6,-3.709,3.859,3.646,15.9,2.367,3.619,25.547,29.7,8.375,25.531,93.062,-41.2,-2.773,93.125,-1.952,-20.7,3.078,-1.927,-6.121,15.3,-1.130,-6.133,-42.562,18.6,-5.660,-42.594,-94.875,-4.1,1.636,-94.875,0.000,0.0,0.000,0.000,0.000,0.0,0.000,0.000
1.4940,3.883,10.5,-3.795,3.863,3.703,22.9,2.158,3.646,25.625,32.1,8.352,25.547,93.000,-45.1,-2.604,93.062,-2.002,-22.8,3.240,-1.952,-6.086,17.3,-1.045,-6.121,-42.531,23.5,-5.512,-42.562,-94.938,-9.9,1.565,-94.875,0.000,0.0,0.000,0.000,0.000,0.0,0.000,0.000
1.4960,3.875,2.4,-5.711,3.883,3.762,26.0,2.869,3.703,25.688,34.4,9.508,25.625,92.875,-50.6,-3.068,93.000,-2.031,-17.0,5.355,-2.002,-6.039,21.0,-0.154,-6.086,-42.438,31.5,-4.344,-42.531,-94.938,-15.1,0.706,-94.938,0.000,0.0,0.000,0.000,0.000,0.0,0.000,0.000
1.4980,3.859,-5.1,-7.738,3.875,3.850,36.4,2.600,3.762,25.781,38.1,9.422,25.688,92.750,-57.6,-2.693,92.875,-2.047,-9.7,5.750,-2.031,-6.000,20.1,-0.117,-6.039,-42.375,36.3,-4.719,-42.438,-95.000,-16.2,0.233,-94.938,0.000,0.0,0.000,0.000,0.000,0.0,0.000,0.000
1.5000,3.848,-5.1,-7.391,3.859,3.947,44.3,2.904,3.850,25.859,39.9,9.531,25.781,92.625,-62.2,-0.940,92.750,-2.047,-4.9,5.039,-2.047,-5.949,22.4,-0.177,-6.000,-42.281,40.8,-5.102,-42.375,-95.062,-28.7,-0.224,-95.000,0.000,0.0,0.000,0.000,0.000,0.0,0.000,0.000
1.5020,3.801,-14.7,-6.918,3.848,4.059,51.3,2.816,3.947,25.953,46.7,9.359,25.859,92.500,-63.2,-0.246,92.625,-2.008,8.7,4.406,-2.047,-5.910,20.1,-0.231,-5.949,-42.219,39.5,-5.320,-42.281,-95.125,-34.7,-0.243,-95.062,0.000,0.0,0.000,0.000,0.000,0.0,0.000,0.000
1.5040,3.750,-21.2,-6.566,3.801,4.168,55.4,3.213,4.059,26.031,42.3,9.281,25.953,92.375,-57.7,0.873,92.500,-1.977,14.1,3.840,-2.008,-5.883,13.4,-0.222,-5.910,-42.094,48.1,-5.598,-42.219,-95.188,-40.9,-0.169,-95.125,0.000,0.0,0.000,0.000,0.000,0.0,0.000,0.000
1.5062,3.707,-22.4,-6.828,3.750,4.234,43.2,4.328,4.168,26.125,43.8,9.680,26.031,92.250,-50.6,1.357,92.375,-1.939,17.6,3.338,-1.977,-5.848,14.4,-0.187,-5.883,-42.031,43.3,-5.938,-42.094,-95.312,-50.4,-0.057,-95.188,0.000,0.0,0.000,0.000,0.000,0.0,0.000,0.000
1.5081,3.658,-23.5,-6.637,3.707,4.254,22.7,5.535,4.234,26.188,36.9,9.914,26.125,92.188,-44.2,2.426,92.250,-1.905,19.1,3.375,-1.939,-5.832,9.1,-0.237,-5.848,-41.969,40.2,-5.742,-42.031,-95.438,-50.4,0.015,-95.312,0.000,0.0,0.000,0.000,0.000,0.0,0.000,0.000
1.5103,3.643,-21.1,-6.805,3.658,4.262,15.1,5.969,4.254,26.234,41.4,9.977,26.188,92.125,-42.3,2.238,92.188,-1.896,15.4,3.188,-1.905,-5.824,9.3,-0.069,-5.832,-41.938,35.5,-5.762,-41.969,-95.500,-52.4,0.081,-95.438,0.000,0.0,0.000,0.000,0.000,0.0,0.000,0.000
1.5124,3.596,-17.0,-6.891,3.643,4.258,1.2,6.938,4.262,26.328,31.0,10.422,26.234,92.125,-19.0,1.884,92.125,-1.854,15.3,3.623,-1.896,-5.812,6.2,0.047,-5.824,-41.844,30.0,-5.652,-41.938,-95.625,-56.2,0.036,-95.500,0.000,0.0,0.000,0.000,0.000,0.0,0.000,0.000
1.5140,3.580,-10.4,-7.160,3.596,4.254,-2.7,7.387,4.258,26.391,33.2,10.336,26.328,92.125,-4.4,1.653,92.125,-1.836,12.1,3.549,-1.854,-5.816,1.2,0.283,-5.812,-41.781,26.0,-5.234,-41.844,-95.812,-66.0,0.304,-95.625,0.000,0.0,0.000,0.000,0.000,0.0,0.000,0.000
1.5160,3.562,-9.3,-7.332,3.580,4.270,4.9,7.535,4.254,26.453,28.5,10.672,26.391,92.125,6.0,1.318,92.125,-1.817,9.5,3.398,-1.836,-5.816,1.2,0.303,-5.816,-41.750,19.0,-5.035,-41.781,-95.875,-57.1,0.503,-95.812,0.000,0.0,0.000,0.000,0.000,0.0,0.000,0.000
1.5180,3.547,-8.8,-7.445,3.562,4.270,2.0,7.711,4.270,26.484,22.1,10.266,26.453,92.188,15.1,1.055,92.125,-1.795,10.5,4.004,-1.817,-5.805,3.5,0.780,-5.816,-41.719,20.7,-4.383,-41.750,-96.062,-66.6,0.645,-95.875,0.000,0.0,0.000,0.000,0.000,0.0,0.000,0.000
1.5200,3.523,-10.7,-7.590,3.547,4.285,7.0,7.867,4.270,26.516,15.5,9.734,26.484,92.250,24.1,0.507,92.188,-1.776,10.0,4.148,-1.795,-5.805,1.8,1.288,-5.805,-41.688,17.6,-3.752,-41.719,-96.188,-62.8,0.719,-96.062,0.000,0.0,0.000,0.000,0.000,0.0,0.000,0.000
1.5220,3.506,-9.3,-7.121,3.523,4.289,5.0,6.879,4.285,26.531,8.9,9.266,26.516,92.312,26.0,-0.374,92.250,-1.761,8.6,4.000,-1.776,-5.785,8.2,1.435,-5.805,-41.688,13.5,-3.170,-41.688,-96.312,-65.6,1.301,-96.188,0.000,0.0,0.000,0.000,0.000,0.0,0.000,0.000
1.5240,3.480,-10.1,-7.121,3.506,4.285,0.2,6.574,4.289,26.516,-1.9,9.906,26.531,92.375,29.2,-1.608,92.312,-1.748,7.8,4.281,-1.761,-5.785,5.2,1.230,-5.785,-41.656,14.4,-2.623,-41.688,-96.375,-56.9,1.420,-96.312,0.000,0.0,0.000,0.000,0.000,0.0,0.000,0.000
1.5260,3.449,-14.0,-7.086,3.480,4.273,-4.1,6.277,4.285,26.500,-4.5,9.469,26.516,92.438,30.2,-1.271,92.375,-1.741,3.9,4.070,-1.748,-5.762,9.2,1.164,-5.785,-41.625,12.2,-2.496,-41.656,-96.500,-59.0,1.552,-96.375,0.000,0.0,0.000,0.000,0.000,0.0,0.000,0.000
1.5280,3.434,-10.4,-7.203,3.449,4.273,-2.2,6.141,4.273,26.469,-9.5,9.859,26.500,92.500,25.4,-2.578,92.438,-1.729,5.9,4.379,-1.741,-5.742,9.8,1.061,-5.762,-41.625,9.0,-2.199,-41.625,-96.562,-44.2,1.511,-96.500,0.000,0.0,0.000,0.000,0.000,0.0,0.000,0.000
1.5300,3.420,-6.8,-7.098,3.434,4.270,-2.1,5.750,4.273,26.438,-12.6,10.016,26.469,92.500,21.6,-2.795,92.500,-1.732,-0.9,4.262,-1.729,-5.723,9.9,1.004,-5.742,-41.562,14.6,-1.923,-41.625,-96.688,-45.8,1.474,-96.562,0.000,0.0,0.000,0.000,0.000,0.0,0.000,0.000
1.5323,3.395,-10.0,-2.979,3.420,4.266,-2.8,4.453,4.270,26.406,-16.3,8.578,26.438,92.500,7.8,-2.463,92.500,-1.720,2.2,0.572,-1.732,-5.699,10.1,0.195,-5.723,-41.562,13.5,-2.961,-41.562,-96.750,-35.0,1.224,-96.688,0.000,0.0,0.000,0.000,0.000,0.0,0.000,0.000
1.5346,3.402,-2.0,-2.693,3.395,4.270,0.1,4.043,4.266,26.375,-15.8,8.281,26.406,92.562,8.9,-1.964,92.500,-1.761,-12.7,1.064,-1.720,-5.691,6.4,0.164,-5.699,-41.562,8.3,-3.039,-41.562,-96.812,-32.8,1.063,-96.750,0.000,0.0,0.000,0.000,0.000,0.0,0.000,0.000
1.5368,3.424,5.4,-2.086,3.402,4.262,-2.3,2.967,4.270,26.344,-17.2,7.383,26.375,92.562,4.0,-1.439,92.562,-1.795,-16.4,1.332,-1.761,-5.691,2.4,-0.968,-5.691,-41.562,-0.8,-4.375,-41.562,-96.875,-25.2,1.480,-96.812,0.000,0.0,0.000,0.000,0.000,0.0,0.000,0.000
1.5388,3.486,17.1,-2.947,3.424,4.230,-8.8,3.359,4.262,26.281,-21.7,8.211,26.344,92.500,-4.1,-1.486,92.562,-1.883,-26.9,1.965,-1.795,-5.738,-13.3,-0.144,-5.691,-41.594,-11.7,-3.225,-41.562,-96.938,-21.7,1.100,-96.875,0.000,0.0,0.000,0.000,0.000,0.0,0.000,0.000
1.5402,3.502,16.0,-3.090,3.486,4.211,-14.2,3.486,4.230,26.250,-22.3,8.305,26.281,92.500,-3.4,-1.513,92.500,-1.911,-26.1,2.518,-1.883,-5.754,-13.8,-0.237,-5.738,-41.625,-14.3,-3.660,-41.594,-96.938,-20.3,1.067,-96.938,0.000,0.0,0.000,0.000,0.000,0.0,0.000,0.000
1.5422,3.547,19.2,-2.947,3.502,4.203,-8.4,3.490,4.211,26.219,-19.7,8.242,26.250,92.500,-12.2,-1.691,92.500,-2.002,-38.3,2.967,-1.911,-5.777,-13.7,-0.179,-5.754,-41.656,-16.6,-3.477,-41.625,-96.938,-15.0,1.265,-96.938,0.000,0.0,0.000,0.000,0.000,0.0,0.000,0.000
1.5440,3.584,19.5,-3.113,3.547,4.180,-9.1,2.980,4.203,26.188,-16.7,7.391,26.219,92.438,-14.6,-1.388,92.500,-2.062,-34.7,3.201,-2.002,-5.801,-12.2,-0.596,-5.777,-41.688,-21.4,-4.203,-41.656,-97.000,-8.4,1.610,-96.938,0.000,0.0,0.000,0.000,0.000,0.0,0.000,0.000
1.5460,3.611,17.2,-2.520,3.584,4.168,-7.4,1.914,4.180,26.156,-21.0,6.258,26.188,92.438,-8.7,-1.144,92.438,-2.125,-32.2,4.113,-2.062,-5.848,-18.4,-2.066,-5.801,-41.750,-25.6,-6.617,-41.688,-97.000,-4.2,2.494,-97.000,0.000,0.0,0.000,0.000,0.000,0.0,0.000,0.000
1.5480,3.646,18.6,-2.594,3.611,4.152,-6.8,1.114,4.168,26.125,-17.8,5.945,26.156,92.438,-11.7,-1.076,92.438,-2.184,-31.2,4.281,-2.125,-5.887,-20.6,-2.480,-5.848,-41.844,-35.8,-6.406,-41.750,-96.938,6.6,2.982,-97.000,0.000,0.0,0.000,0.000,0.000,0.0,0.000,0.000
1.5500,3.682,19.4,-3.014,3.646,4.117,-14.7,0.919,4.152,26.078,-20.5,6.477,26.125,92.438,-8.9,-1.274,92.438,-2.213,-21.2,3.977,-2.184,-5.945,-26.2,-2.102,-5.887,-41.906,-41.2,-6.266,-41.844,-96.875,14.9,3.232,-96.938,0.000,0.0,0.000,0.000,0.000,0.0,0.000,0.000
1.5520,3.703,14.5,-2.965,3.682,4.094,-13.4,0.731,4.117,26.031,-22.7,5.965,26.078,92.375,-8.8,-1.166,92.438,-2.238,-16.0,3.664,-2.213,-6.023,-34.8,-2.094,-5.945,-42.031,-46.8,-6.719,-41.906,-96.875,22.6,3.424,-96.875,0.000,0.0,0.000,0.000,0.000,0.0,0.000,0.000
1.5540,3.744,18.7,-5.996,3.703,4.062,-15.6,-0.395,4.094,25.969,-30.2,4.523,26.031,92.375,-9.6,0.158,92.375,-2.250,-9.1,7.676,-2.238,-6.105,-39.4,-3.076,-6.023,-42.156,-56.8,-7.809,-42.031,-96.750,33.3,4.082,-96.875,0.000,0.0,0.000,0.000,0.000,0.0,0.000,0.000
1.5560,3.760,11.6,-7.371,3.744,4.023,-18.7,-0.469,4.062,25.906,-28.0,4.617,25.969,92.375,-0.3,0.806,92.375,-2.215,8.0,7.551,-2.250,-6.195,-41.6,-2.957,-6.105,-42.281,-60.6,-8.398,-42.156,-96.688,41.7,4.320,-96.750,0.000,0.0,0.000,0.000,0.000,0.0,0.000,0.000
1.5581,3.756,5.8,-7.102,3.760,4.008,-17.6,-0.322,4.023,25.875,-30.8,4.820,25.906,92.375,-3.8,0.812,92.375,-2.197,12.8,6.961,-2.215,-6.250,-46.4,-3.125,-6.195,-42.344,-61.6,-8.227,-42.281,-96.625,48.4,3.789,-96.688,0.000,0.0,0.000,0.000,0.000,0.0,0.000,0.000
1.5603,3.734,-4.9,-5.508,3.756,3.951,-19.0,0.128,4.008,25.750,-36.8,5.309,25.875,92.438,10.0,0.823,92.375,-2.080,33.7,4.703,-2.197,-6.316,-28.3,-4.422,-6.250,-42.562,-71.0,-8.219,-42.344,-96.438,57.4,2.520,-96.625,0.000,0.0,0.000,0.000,0.000,0.0,0.000,0.000
1.5625,3.713,-7.9,-5.195,3.734,3.920,-17.7,0.144,3.951,25.672,-35.0,5.594,25.750,92.438,12.0,0.786,92.438,-1.996,39.0,4.184,-2.080,-6.328,-15.8,-5.445,-6.316,-42.688,-65.8,-8.688,-42.562,-96.312,63.3,1.486,-96.438,0.000,0.0,0.000,0.000,0.000,0.0,0.000,0.000
1.5645,3.691,-9.3,-5.340,3.713,3.895,-15.6,0.007,3.920,25.594,-37.6,5.738,25.672,92.500,17.6,0.760,92.438,-1.905,41.5,3.727,-1.996,-6.312,-1.8,-6.320,-6.328,-42.812,-62.9,-8.852,-42.688,-96.188,70.3,1.410,-96.312,0.000,0.0,0.000,0.000,0.000,0.0,0.000,0.000
1.5664,3.684,-4.2,-4.988,3.691,3.885,-9.4,0.123,3.895,25.531,-32.3,5.590,25.594,92.500,18.8,0.771,92.500,-1.805,46.8,3.605,-1.905,-6.309,1.7,-6.547,-6.312,-42.938,-60.3,-9.523,-42.812,-96.000,69.8,0.560,-96.188,0.000,0.0,0.000,0.000,0.000,0.0,0.000,0.000
1.5680,3.682,-0.3,-5.160,3.684,3.863,-10.1,0.126,3.885,25.469,-32.7,5.641,25.531,92.562,25.2,0.748,92.500,-1.710,48.3,3.334,-1.805,-6.312,0.2,-7.246,-6.309,-43.031,-53.9,-9.406,-42.938,-95.938,59.9,0.333,-96.000,0.000,0.0,0.000,0.000,0.000,0.0,0.000,0.000
1.5700,3.682,1.8,-5.383,3.682,3.850,-8.1,-0.156,3.863,25.438,-25.5,5.129,25.469,92.625,27.8,0.833,92.562,-1.642,40.1,3.164,-1.710,-6.332,-6.3,-7.086,-6.312,-43.094,-43.8,-9.797,-43.031,-95.812,57.0,-1.118,-95.938,0.000,0.0,0.000,0.000,0.000,0.0,0.000,0.000
1.5720,3.688,4.4,-5.508,3.682,3.854,-0.9,-0.584,3.850,25.406,-19.4,4.984,25.438,92.688,26.9,0.656,92.625,-1.572,35.3,3.572,-1.642,-6.359,-9.4,-6.992,-6.332,-43.156,-37.5,-10.039,-43.094,-95.750,44.1,-0.997,-95.812,0.000,0.0,0.000,0.000,0.000,0.0,0.000,0.000
1.5740,3.674,-1.8,-5.328,3.688,3.826,-8.9,-0.966,3.854,25.375,-15.1,4.508,25.406,92.750,31.6,0.484,92.688,-1.503,34.0,3.664,-1.572,-6.398,-17.1,-6.980,-6.359,-43.188,-27.1,-10.461,-43.156,-95.688,33.7,-1.069,-95.750,0.000,0.0,0.000,0.000,0.000,0.0,0.000,0.000
1.5760,3.666,-5.0,-4.660,3.674,3.818,-6.3,-1.401,3.826,25.344,-15.3,3.898,25.375,92.875,34.0,0.240,92.750,-1.443,32.6,4.137,-1.503,-6.422,-14.9,-7.012,-6.398,-43.219,-14.2,-10.414,-43.188,-95.625,23.9,-0.269,-95.688,0.000,0.0,0.000,0.000,0.000,0.0,0.000,0.000
1.5780,3.652,-7.0,-4.273,3.666,3.801,-7.4,-1.354,3.818,25.312,-13.6,3.656,25.344,92.938,35.4,0.013,92.875,-1.391,30.4,4.371,-1.443,-6.438,-10.8,-6.852,-6.422,-43.219,-6.0,-10.742,-43.219,-95.625,13.8,0.930,-95.625,0.000,0.0,0.000,0.000,0.000,0.0,0.000,0.000
1.5800,3.643,-5.9,-4.090,3.652,3.779,-8.4,-1.207,3.801,25.281,-14.7,3.461,25.312,93.000,34.6,-0.088,92.938,-1.350,24.6,4.512,-1.391,-6.449,-9.3,-6.871,-6.438,-43.188,0.1,-11.219,-43.219,-95.625,14.3,2.650,-95.625,0.000,0.0,0.000,0.000,0.000,0.0,0.000,0.000
1.5820,3.619,-10.7,-3.805,3.643,3.738,-15.9,-0.861,3.779,25.250,-17.3,3.123,25.281,93.062,33.3,-0.134,93.000,-1.306,23.0,4.395,-1.350,-6.449,-3.5,-6.434,-6.449,-43.188,1.0,-10.984,-43.188,-95.625,1.1,3.469,-95.625,0.000,0.0,0.000,0.000,0.000,0.0,0.000,0.000
1.5840,3.611,-5.1,-3.734,3.619,3.709,-16.7,-0.828,3.738,25.219,-15.3,3.059,25.250,93.125,31.1,-0.399,93.062,-1.274,18.2,4.574,-1.306,-6.457,-3.9,-6.113,-6.449,-43.188,2.2,-10.680,-43.188,-95.625,5.8,4.293,-95.625,0.000,0.0,0.000,0.000,0.000,0.0,0.000,0.000
1.5860,3.605,-4.4,-3.695,3.611,3.693,-16.3,-0.687,3.709,25.203,-16.2,3.803,25.219,93.125,27.9,-0.771,93.125,-1.255,18.5,1.759,-1.274,-6.461,-3.9,-5.141,-6.457,-43.188,1.3,-9.586,-43.188,-95.562,10.1,4.207,-95.625,0.000,0.0,0.000,0.000,0.000,0.0,0.000,0.000
1.5884,3.596,0.3,0.095,3.605,3.646,-14.6,0.368,3.693,25.156,-14.8,4.117,25.203,93.188,23.9,-1.082,93.125,-1.262,1.2,0.891,-1.255,-6.473,-4.1,-5.016,-6.461,-43.188,0.4,-9.344,-43.188,-95.562,12.8,3.689,-95.562,0.000,0.0,0.000,0.000,0.000,0.0,0.000,0.000
1.5905,3.615,6.3,-0.147,3.596,3.619,-13.8,0.832,3.646,25.156,-5.5,4.398,25.156,93.250,17.8,-1.149,93.188,-1.303,-13.5,1.020,-1.262,-6.449,5.6,-4.230,-6.473,-43.156,4.8,-8.117,-43.188,-95.500,12.8,2.668,-95.562,0.000,0.0,0.000,0.000,0.000,0.0,0.000,0.000
1.5933,3.682,19.1,-0.982,3.615,3.590,-9.4,0.619,3.619,25.141,-3.6,3.924,25.156,93.312,15.6,-0.919,93.250,-1.387,-24.8,2.771,-1.303,-6.445,3.2,-4.559,-6.449,-43.125,10.4,-8.516,-43.156,-95.438,16.0,2.844,-95.500,0.000,0.0,0.000,0.000,0.000,0.0,0.000,0.000
1.5950,3.729,21.3,-1.392,3.682,3.584,-4.8,0.215,3.590,25.156,3.1,3.381,25.141,93.312,3.4,-0.714,93.312,-1.479,-38.0,3.646,-1.387,-6.441,0.8,-4.980,-6.445,-43.125,7.4,-8.969,-43.125,-95.438,20.3,3.219,-95.438,0.000,0.0,0.000,0.000,0.000,0.0,0.000,0.000
1.5962,3.760,24.9,-1.656,3.729,3.578,-4.6,0.045,3.584,25.156,1.0,3.438,25.156,93.312,3.1,-0.701,93.312,-1.500,-32.6,3.664,-1.479,-6.441,-0.2,-4.770,-6.441,-43.125,10.4,-9.070,-43.125,-95.438,13.7,3.252,-95.438,0.000,0.0,0.000,0.000,0.000,0.0,0.000,0.000
1.5980,3.807,24.0,-1.788,3.760,3.580,-1.2,-0.296,3.578,25.188,9.4,4.652,25.156,93.312,-0.7,-0.915,93.312,-1.562,-31.2,3.527,-1.500,-6.438,1.7,-4.672,-6.441,-43.125,4.7,-7.746,-43.125,-95.375,16.8,3.305,-95.438,0.000,0.0,0.000,0.000,0.000,0.0,0.000,0.000
1.6000,3.854,23.8,-2.527,3.807,3.578,-1.4,0.454,3.580,25.219,14.8,4.566,25.188,93.250,-3.1,-1.074,93.312,-1.629,-31.7,3.420,-1.562,-6.441,-1.7,-3.467,-6.438,-43.094,3.5,-7.750,-43.125,-95.312,18.8,2.820,-95.375,0.000,0.0,0.000,0.000,0.000,0.0,0.000,0.000
1.6020,3.895,21.7,-2.801,3.854,3.594,5.5,0.464,3.578,25.250,16.0,5.684,25.219,93.250,-10.0,-1.551,93.250,-1.688,-30.2,3.889,-1.629,-6.406,10.1,-3.426,-6.441,-43.094,1.9,-7.219,-43.094,-95.312,14.2,2.791,-95.312,0.000,0.0,0.000,0.000,0.000,0.0,0.000,0.000
1.6040,3.930,18.4,-3.527,3.895,3.609,8.7,1.078,3.594,25.297,22.7,5.852,25.250,93.250,-9.5,-2.057,93.250,-1.738,-24.9,3.773,-1.688,-6.398,8.2,-2.730,-6.406,-43.094,5.4,-6.367,-43.094,-95.250,16.0,2.432,-95.312,0.000,0.0,0.000,0.000,0.000,0.0,0.000,0.000
1.6060,3.951,12.5,-3.273,3.930,3.625,9.5,1.396,3.609,25.359,29.4,6.195,25.297,93.188,-13.7,-2.387,93.250,-1.798,-27.4,3.551,-1.738,-6.371,12.4,-2.668,-6.398,-43.094,5.6,-6.523,-43.094,-95.250,13.8,2.463,-95.250,0.000,0.0,0.000,0.000,0.000,0.0,0.000,0.000
1.6080,3.977,10.7,-3.330,3.951,3.650,11.7,1.451,3.625,25.422,33.6,6.430,25.359,93.125,-22.5,-2.564,93.188,-1.842,-25.1,3.227,-1.798,-6.340,15.1,-2.600,-6.371,-43.062,8.1,-6.352,-43.094,-95.250,11.2,2.457,-95.250,0.000,0.0,0.000,0.000,0.000,0.0,0.000,0.000
1.6100,3.992,8.6,-3.301,3.977,3.684,16.0,2.459,3.650,25.516,40.1,7.113,25.422,93.062,-27.6,-3.125,93.125,-1.886,-23.2,2.977,-1.842,-6.305,15.6,-1.632,-6.340,-43.031,10.7,-5.312,-43.062,-95.188,9.9,1.925,-95.250,0.000,0.0,0.000,0.000,0.000,0.0,0.000,0.000
1.6123,3.994,2.3,-3.506,3.992,3.738,24.0,2.758,3.684,25.609,43.4,7.375,25.516,93.000,-38.8,-3.186,93.062,-1.924,-19.6,2.914,-1.886,-6.266,16.2,-1.252,-6.305,-43.000,15.5,-4.969,-43.031,-95.188,7.0,1.545,-95.188,0.000,0.0,0.000,0.000,0.000,0.0,0.000,0.000
1.6145,4.012,5.1,-5.113,3.994,3.791,27.2,3.090,3.738,25.719,50.5,8.297,25.609,92.875,-45.1,-3.615,93.000,-1.961,-17.2,4.188,-1.924,-6.227,18.3,-0.559,-6.266,-42.969,23.4,-4.020,-43.000,-95.188,-1.5,0.952,-95.188,0.000,0.0,0.000,0.000,0.000,0.0,0.000,0.000
1.6164,3.994,-3.7,-4.902,4.012,3.869,35.1,2.510,3.791,25.812,50.0,9.180,25.719,92.750,-56.9,-3.432,92.875,-1.999,-17.8,5.996,-1.961,-6.180,20.6,-0.529,-6.227,-42.906,30.7,-3.814,-42.969,-95.188,-3.3,0.711,-95.188,0.000,0.0,0.000,0.000,0.000,0.0,0.000,0.000
1.6187,3.971,-9.9,-7.758,3.994,3.957,39.1,2.779,3.869,25.922,52.7,8.961,25.812,92.625,-63.2,-3.020,92.750,-2.016,-11.9,6.148,-1.999,-6.129,23.6,0.063,-6.180,-42.812,34.1,-4.082,-42.906,-95.250,-10.2,0.046,-95.188,0.000,0.0,0.000,0.000,0.000,0.0,0.000,0.000
1.6206,3.904,-25.2,-6.707,3.971,4.078,52.0,2.664,3.957,26.047,59.7,8.977,25.922,92.500,-67.4,-2.104,92.625,-1.989,2.5,5.008,-2.016,-6.090,21.1,0.112,-6.129,-42.719,41.4,-4.684,-42.812,-95.250,-15.0,0.075,-95.250,0.000,0.0,0.000,0.000,0.000,0.0,0.000,0.000
1.6223,3.838,-29.7,-5.906,3.904,4.188,54.1,2.557,4.078,26.156,54.0,8.977,26.047,92.312,-69.2,-0.834,92.500,-1.955,11.9,4.094,-1.989,-6.055,18.0,0.004,-6.090,-42.656,43.2,-5.105,-42.719,-95.312,-23.2,-0.059,-95.250,0.000,0.0,0.000,0.000,0.000,0.0,0.000,0.000
1.6240,3.756,-37.1,-5.258,3.838,4.289,51.2,3.664,4.188,26.281,58.7,9.039,26.156,92.188,-72.9,-0.230,92.312,-1.921,16.9,3.812,-1.955,-6.020,17.6,-0.060,-6.055,-42.531,50.4,-5.309,-42.656,-95.438,-31.7,-0.124,-95.312,0.000,0.0,0.000,0.000,0.000,0.0,0.000,0.000
1.6260,3.693,-34.6,-5.883,3.756,4.352,38.2,4.926,4.289,26.391,53.1,9.727,26.281,92.062,-70.8,1.090,92.188,-1.893,18.4,3.322,-1.921,-5.988,16.6,-0.090,-6.020,-42.438,48.8,-5.895,-42.531,-95.500,-35.8,-0.182,-95.438,0.000,0.0,0.000,0.000,0.000,0.0,0.000,0.000
1.6280,3.621,-35.2,-5.965,3.693,4.379,21.9,6.320,4.352,26.500,53.9,10.016,26.391,91.938,-51.5,2.092,92.062,-1.864,14.3,3.490,-1.893,-5.965,13.3,-0.206,-5.988,-42.375,46.0,-5.918,-42.438,-95.562,-37.7,-0.309,-95.500,0.000,0.0,0.000,0.000,0.000,0.0,0.000,0.000
1.6300,3.559,-33.0,-5.879,3.621,4.363,4.4,7.637,4.379,26.578,47.4,10.562,26.500,91.875,-45.9,2.500,91.938,-1.836,13.5,3.418,-1.864,-5.949,10.4,-0.217,-5.965,-42.281,40.3,-5.812,-42.375,-95.688,-50.6,-0.253,-95.562,0.000,0.0,0.000,0.000,0.000,0.0,0.000,0.000
1.6320,3.518,-24.0,-5.809,3.559,4.363,1.6,8.039,4.363,26.656,40.2,11.188,26.578,91.812,-30.0,2.393,91.875,-1.817,10.9,3.602,-1.836,-5.938,8.2,-0.249,-5.949,-42.250,32.6,-5.781,-42.281,-95.812,-52.4,-0.135,-95.688,0.000,0.0,0.000,0.000,0.000,0.0,0.000,0.000
1.6340,3.482,-19.5,-6.695,3.518,4.363,-0.0,8.523,4.363,26.734,40.1,11.039,26.656,91.812,-12.9,2.189,91.812,-1.802,7.6,3.615,-1.817,-5.941,2.6,0.111,-5.938,-42.188,30.9,-5.457,-42.250,-95.875,-55.8,0.057,-95.812,0.000,0.0,0.000,0.000,0.000,0.0,0.000,0.000
1.6360,3.477,-8.8,-7.223,3.482,4.375,4.1,8.523,4.363,26.797,31.5,10.320,26.734,91.875,-2.0,1.401,91.812,-1.776,10.4,4.109,-1.802,-5.934,2.6,0.602,-5.941,-42.125,28.1,-4.828,-42.188,-96.000,-58.3,0.268,-95.875,0.000,0.0,0.000,0.000,0.000,0.0,0.000,0.000
1.6380,3.449,-12.3,-7.375,3.477,4.379,2.2,8.602,4.375,26.844,28.7,9.977,26.797,91.875,13.0,1.117,91.875,-1.764,6.1,3.904,-1.776,-5.926,4.0,1.066,-5.934,-42.094,20.3,-4.336,-42.125,-96.125,-57.8,0.705,-96.000,0.000,0.0,0.000,0.000,0.000,0.0,0.000,0.000
1.6400,3.430,-12.4,-7.547,3.449,4.391,1.9,8.484,4.379,26.875,19.0,9.938,26.844,91.938,25.8,-0.349,91.875,-1.738,8.8,4.055,-1.764,-5.910,6.9,1.460,-5.926,-42.031,20.6,-3.621,-42.094,-96.250,-64.9,1.044,-96.125,0.000,0.0,0.000,0.000,0.000,0.0,0.000,0.000
1.6420,3.424,-7.1,-7.699,3.430,4.410,5.7,8.109,4.391,26.875,9.5,9.727,26.875,92.000,25.1,-1.105,91.938,-1.720,9.7,4.164,-1.738,-5.895,8.2,1.712,-5.910,-42.000,18.2,-3.232,-42.031,-96.375,-55.4,1.316,-96.250,0.000,0.0,0.000,0.000,0.000,0.0,0.000,0.000
1.6453,3.398,-5.9,-7.598,3.424,4.402,-0.1,7.762,4.410,26.844,-9.7,10.039,26.875,92.125,29.7,-2.037,92.000,-1.707,5.8,4.293,-1.720,-5.859,12.1,1.280,-5.895,-41.938,21.0,-2.428,-42.000,-96.562,-55.6,1.551,-96.375,0.000,0.0,0.000,0.000,0.000,0.0,0.000,0.000
1.6475,3.379,-7.4,-7.988,3.398,4.402,0.3,6.820,4.402,26.812,-14.8,10.312,26.844,92.125,27.9,-2.434,92.125,-1.707,1.6,4.508,-1.707,-5.832,11.8,1.024,-5.859,-41.875,23.5,-2.381,-41.938,-96.625,-49.2,1.624,-96.562,0.000,0.0,0.000,0.000,0.000,0.0,0.000,0.000
1.6496,3.371,-6.0,-7.648,3.379,4.391,-3.3,6.844,4.402,26.797,-10.3,9.539,26.812,92.188,21.1,-2.467,92.125,-1.701,1.2,4.473,-1.707,-5.797,16.8,1.210,-5.832,-41.844,22.1,-1.986,-41.875,-96.688,-42.3,1.632,-96.625,0.000,0.0,0.000,0.000,0.000,0.0,0.000,0.000
1.6510,3.361,-5.0,-7.648,3.371,4.387,-1.9,6.441,4.391,26.750,-16.5,10.062,26.797,92.250,20.1,-2.900,92.188,-1.691,1.9,3.129,-1.701,-5.785,11.0,1.376,-5.797,-41.812,20.3,-1.851,-41.844,-96.812,-41.0,1.441,-96.688,0.000,0.0,0.000,0.000,0.000,0.0,0.000,0.000
1.6522,3.355,-6.0,-5.879,3.361,4.395,1.5,6.164,4.387,26.750,-16.0,9.938,26.750,92.250,16.8,-3.125,92.250,-1.688,2.4,2.887,-1.691,-5.785,7.9,0.779,-5.785,-41.781,20.9,-1.758,-41.812,-96.812,-37.9,1.372,-96.812,0.000,0.0,0.000,0.000,0.000,0.0,0.000,0.000
1.6540,3.357,-1.7,-2.955,3.355,4.395,2.1,4.973,4.395,26.734,-10.1,7.809,26.750,92.250,10.3,-2.188,92.250,-1.704,-2.8,0.964,-1.688,-5.781,4.9,0.653,-5.785,-41.750,16.3,-2.840,-41.781,-96.875,-31.6,1.168,-96.812,0.000,0.0,0.000,0.000,0.000,0.0,0.000,0.000
1.6560,3.387,9.3,-2.510,3.357,4.398,5.1,4.461,4.395,26.688,-14.2,7.660,26.734,92.250,0.4,-1.984,92.250,-1.741,-12.2,1.051,-1.704,-5.801,-4.9,0.498,-5.781,-41.750,10.1,-3.312,-41.750,-96.938,-23.1,1.114,-96.875,0.000,0.0,0.000,0.000,0.000,0.0,0.000,0.000
1.6580,3.418,14.7,-2.760,3.387,4.371,-4.4,4.148,4.398,26.672,-12.5,7.574,26.688,92.250,0.8,-2.035,92.250,-1.798,-21.5,1.531,-1.741,-5.832,-11.4,0.354,-5.801,-41.750,0.7,-3.682,-41.750,-96.938,-21.8,1.127,-96.938,0.000,0.0,0.000,0.000,0.000,0.0,0.000,0.000
1.6600,3.455,16.8,-2.656,3.418,4.352,-7.0,3.607,4.371,26.609,-21.0,7.969,26.672,92.250,-7.2,-1.999,92.250,-1.877,-33.4,2.104,-1.798,-5.855,-11.9,-0.038,-5.832,-41.781,-4.9,-3.447,-41.750,-97.000,-17.2,1.368,-96.938,0.000,0.0,0.000,0.000,0.000,0.0,0.000,0.000
1.6620,3.508,22.7,-2.701,3.455,4.332,-11.3,3.830,4.352,26.578,-17.2,8.523,26.609,92.188,-6.4,-2.404,92.250,-1.939,-33.2,2.527,-1.877,-5.891,-13.8,0.005,-5.855,-41.812,-14.1,-3.387,-41.781,-97.000,-12.3,1.619,-97.000,0.000,0.0,0.000,0.000,0.000,0.0,0.000,0.000
1.6640,3.539,17.4,-2.855,3.508,4.312,-9.5,3.963,4.332,26.562,-13.3,8.078,26.578,92.188,-7.9,-2.686,92.188,-2.018,-36.3,3.270,-1.939,-5.922,-14.5,-0.691,-5.891,-41.844,-21.0,-4.426,-41.812,-97.000,-10.9,2.232,-97.000,0.000,0.0,0.000,0.000,0.000,0.0,0.000,0.000
1.6660,3.584,19.6,-2.756,3.539,4.305,-4.4,3.375,4.312,26.531,-12.7,7.523,26.562,92.125,-17.0,-2.303,92.188,-2.096,-39.8,3.854,-2.018,-5.953,-14.8,-1.425,-5.922,-41.906,-27.2,-4.969,-41.844,-97.000,3.2,2.785,-97.000,0.000,0.0,0.000,0.000,0.000,0.0,0.000,0.000
1.6682,3.611,16.2,-2.715,3.584,4.289,-5.7,2.303,4.305,26.500,-17.0,6.430,26.531,92.125,-13.7,-1.972,92.125,-2.152,-34.0,4.309,-2.096,-6.000,-20.2,-2.166,-5.953,-42.000,-38.0,-5.844,-41.906,-97.000,10.6,3.371,-97.000,0.000,0.0,0.000,0.000,0.000,0.0,0.000,0.000
1.6702,3.646,15.7,-2.723,3.611,4.273,-6.4,1.502,4.289,26.453,-20.3,5.703,26.500,92.062,-13.6,-1.336,92.125,-2.197,-28.2,4.371,-2.152,-6.055,-26.5,-2.934,-6.000,-42.094,-41.4,-6.727,-42.000,-96.938,16.1,3.791,-97.000,0.000,0.0,0.000,0.000,0.000,0.0,0.000,0.000
1.6722,3.684,17.8,-2.619,3.646,4.250,-9.8,0.632,4.273,26.406,-24.3,5.395,26.453,92.062,-13.3,-1.188,92.062,-2.219,-18.3,4.008,-2.197,-6.109,-26.3,-2.754,-6.055,-42.219,-53.2,-6.625,-42.094,-96.875,25.3,3.789,-96.938,0.000,0.0,0.000,0.000,0.000,0.0,0.000,0.000
1.6742,3.713,15.4,-2.646,3.684,4.203,-18.6,0.531,4.250,26.359,-25.3,5.836,26.406,92.062,-15.6,-0.803,92.062,-2.234,-11.7,5.738,-2.219,-6.199,-36.7,-2.496,-6.109,-42.344,-61.4,-7.750,-42.219,-96.750,41.0,3.947,-96.875,0.000,0.0,0.000,0.000,0.000,0.0,0.000,0.000
1.6760,3.746,16.0,-4.762,3.713,4.172,-18.2,0.105,4.203,26.281,-32.2,5.203,26.359,92.062,-6.5,0.326,92.062,-2.219,2.5,8.461,-2.234,-6.293,-43.8,-2.975,-6.199,-42.469,-64.2,-8.609,-42.344,-96.688,51.4,4.664,-96.750,0.000,0.0,0.000,0.000,0.000,0.0,0.000,0.000
1.6780,3.754,7.2,-7.371,3.746,4.117,-23.3,-0.056,4.172,26.203,-37.2,4.539,26.281,92.062,-2.0,0.754,92.062,-2.188,12.3,7.340,-2.219,-6.375,-42.9,-3.629,-6.293,-42.625,-72.2,-8.273,-42.469,-96.562,52.0,4.152,-96.688,0.000,0.0,0.000,0.000,0.000,0.0,0.000,0.000
1.6800,3.740,-1.6,-6.250,3.754,4.078,-21.6,-0.035,4.117,26.109,-39.5,5.004,26.203,92.062,6.4,0.742,92.062,-2.125,23.9,5.965,-2.188,-6.430,-31.9,-4.648,-6.375,-42.781,-74.4,-8.406,-42.625,-96.375,68.1,3.393,-96.562,0.000,0.0,0.000,0.000,0.000,0.0,0.000,0.000
1.6820,3.709,-10.2,-5.359,3.740,4.035,-21.1,0.077,4.078,26.016,-46.5,5.738,26.109,92.125,15.5,0.724,92.062,-2.033,34.2,4.469,-2.125,-6.457,-19.1,-5.738,-6.430,-42.938,-73.4,-9.008,-42.781,-96.250,73.9,1.633,-96.375,0.000,0.0,0.000,0.000,0.000,0.0,0.000,0.000
1.6840,3.691,-9.4,-5.172,3.709,3.998,-21.6,0.295,4.035,25.938,-41.3,5.922,26.016,92.125,21.0,0.737,92.125,-1.933,42.1,4.500,-2.033,-6.461,-8.8,-6.754,-6.457,-43.094,-77.0,-9.078,-42.938,-96.062,77.5,0.280,-96.250,0.000,0.0,0.000,0.000,0.000,0.0,0.000,0.000
1.6860,3.674,-5.6,-4.727,3.691,3.982,-13.5,0.332,3.998,25.844,-41.3,5.828,25.938,92.188,26.5,0.651,92.125,-1.817,50.7,3.561,-1.933,-6.445,2.8,-7.090,-6.461,-43.250,-78.0,-9.016,-43.094,-95.938,72.9,-0.704,-96.062,0.000,0.0,0.000,0.000,0.000,0.0,0.000,0.000
1.6880,3.652,-6.9,-5.000,3.674,3.961,-11.6,0.333,3.982,25.781,-33.7,5.871,25.844,92.250,26.0,0.742,92.188,-1.717,50.7,3.271,-1.817,-6.457,-1.3,-8.016,-6.445,-43.344,-61.6,-9.594,-43.250,-95.812,65.1,-2.383,-95.938,0.000,0.0,0.000,0.000,0.000,0.0,0.000,0.000
1.6900,3.641,-6.6,-5.188,3.652,3.945,-9.0,0.025,3.961,25.719,-34.3,5.605,25.781,92.375,36.9,0.676,92.250,-1.629,46.4,3.102,-1.717,-6.484,-8.2,-8.055,-6.457,-43.438,-50.7,-9.602,-43.344,-95.750,48.5,-3.475,-95.812,0.000,0.0,0.000,0.000,0.000,0.0,0.000,0.000
1.6920,3.652,1.0,-5.668,3.641,3.926,-10.1,-0.477,3.945,25.672,-27.3,5.195,25.719,92.438,44.6,0.468,92.375,-1.541,45.1,3.553,-1.629,-6.516,-13.6,-8.102,-6.484,-43.469,-35.9,-10.062,-43.438,-95.688,34.1,-3.045,-95.750,0.000,0.0,0.000,0.000,0.000,0.0,0.000,0.000
1.6941,3.650,0.8,-5.531,3.652,3.916,-7.2,-0.747,3.926,25.641,-19.7,4.668,25.672,92.500,40.1,0.176,92.438,-1.469,40.1,3.918,-1.541,-6.551,-15.5,-7.832,-6.516,-43.500,-19.7,-10.250,-43.469,-95.688,15.0,-2.039,-95.688,0.000,0.0,0.000,0.000,0.000,0.0,0.000,0.000
1.6970,3.637,-1.6,-4.527,3.650,3.889,-9.8,-1.504,3.916,25.578,-20.0,3.947,25.641,92.625,42.2,-0.132,92.500,-1.381,29.7,3.777,-1.469,-6.598,-16.7,-7.750,-6.551,-43.500,-2.3,-10.828,-43.500,-95.750,-6.8,-0.526,-95.688,0.000,0.0,0.000,0.000,0.000,0.0,0.000,0.000
1.6992,3.621,-4.4,-4.203,3.637,3.869,-10.8,-1.559,3.889,25.547,-17.9,3.326,25.578,92.750,41.5,-0.372,92.625,-1.324,26.4,3.900,-1.381,-6.613,-12.1,-7.836,-6.598,-43.469,8.3,-10.695,-43.500,-95.750,-17.1,0.367,-95.750,0.000,0.0,0.000,0.000,0.000,0.0,0.000,0.000
1.7011,3.596,-8.7,-3.705,3.621,3.838,-15.1,-1.587,3.869,25.516,-14.6,2.855,25.547,92.812,43.5,-0.754,92.750,-1.268,27.6,4.539,-1.324,-6.633,-10.4,-7.469,-6.613,-43.469,7.7,-10.836,-43.469,-95.812,-21.5,1.950,-95.750,0.000,0.0,0.000,0.000,0.000,0.0,0.000,0.000
1.7025,3.584,-10.2,-3.510,3.596,3.822,-16.2,-1.438,3.838,25.500,-13.4,2.725,25.516,92.875,44.2,-1.014,92.812,-1.249,25.0,4.574,-1.268,-6.633,-8.2,-6.754,-6.633,-43.469,6.9,-10.930,-43.469,-95.875,-27.4,2.438,-95.812,0.000,0.0,0.000,0.000,0.000,0.0,0.000,0.000
1.7040,3.568,-9.2,-3.373,3.584,3.787,-18.0,-0.948,3.822,25.453,-18.6,2.094,25.500,92.938,39.0,-1.050,92.875,-1.211,20.9,4.762,-1.249,-6.641,-6.0,-6.156,-6.633,-43.438,12.6,-10.938,-43.469,-95.875,-18.8,4.535,-95.875,0.000,0.0,0.000,0.000,0.000,0.0,0.000,0.000
1.7060,3.543,-12.5,0.491,3.568,3.756,-15.3,-0.423,3.787,25.422,-20.3,4.340,25.453,93.000,36.7,-1.618,92.938,-1.202,8.2,-0.837,-1.211,-6.637,-1.5,-4.262,-6.641,-43.438,9.0,-8.047,-43.438,-95.938,-15.5,2.988,-95.875,0.000,0.0,0.000,0.000,0.000,0.0,0.000,0.000
1.7080,3.555,-1.0,0.503,3.543,3.715,-16.2,1.192,3.756,25.391,-16.3,6.020,25.422,93.062,31.0,-2.465,93.000,-1.218,-3.9,-0.492,-1.202,-6.625,3.6,-2.959,-6.637,-43.375,16.2,-5.871,-43.438,-95.938,-5.2,1.636,-95.938,0.000,0.0,0.000,0.000,0.000,0.0,0.000,0.000
1.7100,3.596,13.5,-0.379,3.555,3.693,-11.6,2.580,3.715,25.391,-4.8,5.641,25.391,93.125,23.0,-2.285,93.062,-1.274,-20.9,0.863,-1.218,-6.598,9.0,-3.086,-6.625,-43.344,18.4,-6.004,-43.375,-95.938,-5.0,1.481,-95.938,0.000,0.0,0.000,0.000,0.000,0.0,0.000,0.000
1.7120,3.627,15.1,-1.275,3.596,3.688,-6.7,2.328,3.693,25.406,3.0,4.652,25.391,93.125,12.4,-1.787,93.125,-1.347,-29.9,2.518,-1.274,-6.562,15.0,-3.578,-6.598,-43.281,24.6,-7.086,-43.344,-95.938,-3.0,1.599,-95.938,0.000,0.0,0.000,0.000,0.000,0.0,0.000,0.000
1.7140,3.674,20.2,-1.535,3.627,3.713,6.4,1.502,3.688,25.453,11.7,3.266,25.406,93.125,2.3,-1.080,93.125,-1.438,-39.5,3.615,-1.347,-6.547,10.0,-4.242,-6.562,-43.219,30.7,-8.375,-43.281,-95.938,-2.1,2.363,-95.938,0.000,0.0,0.000,0.000,0.000,0.0,0.000,0.000
1.7160,3.723,22.4,-1.876,3.674,3.729,7.8,0.439,3.713,25.484,14.2,3.342,25.453,93.125,0.5,-1.009,93.125,-1.522,-41.0,3.939,-1.438,-6.527,8.9,-3.838,-6.547,-43.156,32.1,-8.359,-43.219,-95.875,3.8,2.756,-95.938,0.000,0.0,0.000,0.000,0.000,0.0,0.000,0.000
1.7180,3.756,18.8,-2.504,3.723,3.762,13.7,-0.019,3.729,25.516,16.8,5.488,25.484,93.062,-7.7,-1.815,93.125,-1.604,-39.8,3.988,-1.522,-6.508,10.9,-2.146,-6.527,-43.125,26.1,-6.547,-43.156,-95.875,6.9,1.802,-95.875,0.000,0.0,0.000,0.000,0.000,0.0,0.000,0.000
1.7202,3.779,19.5,-2.711,3.756,3.762,8.2,0.823,3.762,25.547,21.4,5.281,25.516,93.062,-7.9,-2.721,93.062,-1.647,-41.4,3.854,-1.604,-6.512,6.4,-1.498,-6.508,-43.094,24.6,-5.055,-43.125,-95.875,7.7,1.735,-95.875,0.000,0.0,0.000,0.000,0.000,0.0,0.000,0.000
1.7226,3.816,12.8,-5.887,3.779,3.828,20.5,2.457,3.762,25.641,29.9,9.000,25.547,93.000,-22.8,-4.195,93.062,-1.745,-32.3,5.281,-1.647,-6.473,12.2,0.317,-6.512,-43.000,32.4,-3.637,-43.094,-95.875,2.8,0.548,-95.875,0.000,0.0,0.000,0.000,0.000,0.0,0.000,0.000
1.7247,3.822,5.5,-5.773,3.816,3.879,24.0,3.867,3.828,25.734,40.3,8.180,25.641,92.875,-34.1,-3.934,93.000,-1.808,-31.5,4.078,-1.745,-6.414,21.5,-0.104,-6.473,-42.938,34.8,-3.936,-43.000,-95.875,0.7,0.573,-95.875,0.000,0.0,0.000,0.000,0.000,0.0,0.000,0.000
1.7267,3.816,0.6,-3.535,3.822,3.963,35.5,2.754,3.879,25.844,49.3,7.973,25.734,92.812,-42.0,-3.717,92.875,-1.842,-22.4,3.494,-1.808,-6.348,28.6,-0.717,-6.414,-42.844,41.8,-4.656,-42.938,-95.875,1.3,1.062,-95.875,0.000,0.0,0.000,0.000,0.000,0.0,0.000,0.000
1.7284,3.807,-3.1,-3.932,3.816,4.062,43.4,2.299,3.963,25.984,58.4,8.008,25.844,92.688,-51.9,-4.129,92.812,-1.901,-27.8,4.141,-1.842,-6.289,29.9,-1.113,-6.348,-42.781,38.6,-4.883,-42.844,-95.875,-0.7,1.443,-95.875,0.000,0.0,0.000,0.000,0.000,0.0,0.000,0.000
1.7300,3.807,-1.6,-4.664,3.807,4.172,52.0,1.656,4.062,26.109,61.0,7.809,25.984,92.562,-60.1,-3.775,92.688,-1.921,-15.5,3.936,-1.901,-6.230,28.9,-1.121,-6.289,-42.688,37.6,-4.801,-42.781,-95.875,-4.3,1.513,-95.875,0.000,0.0,0.000,0.000,0.000,0.0,0.000,0.000
1.7320,3.812,1.5,-9.164,3.807,4.285,53.9,1.438,4.172,26.234,64.0,9.266,26.109,92.375,-71.4,-3.428,92.562,-1.942,-9.6,7.406,-1.921,-6.188,25.6,0.125,-6.230,-42.594,40.6,-4.090,-42.688,-95.875,-5.6,-0.093,-95.875,0.000,0.0,0.000,0.000,0.000,0.0,0.000,0.000
1.7340,3.781,-9.0,-8.742,3.812,4.375,47.7,3.566,4.285,26.391,71.3,9.352,26.234,92.250,-74.8,-1.212,92.375,-1.945,-2.0,5.812,-1.942,-6.148,23.1,-0.229,-6.188,-42.500,42.7,-4.574,-42.594,-95.938,-8.8,-0.511,-95.875,0.000,0.0,0.000,0.000,0.000,0.0,0.000,0.000
1.7360,3.719,-22.8,-7.395,3.781,4.445,38.1,4.762,4.375,26.516,64.8,9.383,26.391,92.125,-72.8,-0.525,92.250,-1.924,5.5,4.891,-1.945,-6.125,16.0,-0.352,-6.148,-42.438,43.6,-4.875,-42.500,-95.938,-13.8,-0.625,-95.938,0.000,0.0,0.000,0.000,0.000,0.0,0.000,0.000
1.7380,3.635,-36.1,-6.379,3.719,4.480,25.5,6.293,4.445,26.656,68.0,10.094,26.516,91.938,-71.8,0.539,92.125,-1.890,11.7,3.959,-1.924,-6.105,10.5,-0.552,-6.125,-42.344,36.4,-5.297,-42.438,-96.000,-19.3,-0.790,-95.938,0.000,0.0,0.000,0.000,0.000,0.0,0.000,0.000
1.7400,3.547,-40.8,-5.516,3.635,4.496,16.2,7.426,4.480,26.781,62.8,10.828,26.656,91.875,-62.7,1.200,91.938,-1.849,17.7,3.977,-1.890,-6.090,7.5,-0.484,-6.105,-42.281,36.1,-5.609,-42.344,-96.000,-23.6,-0.890,-96.000,0.000,0.0,0.000,0.000,0.000,0.0,0.000,0.000
1.7420,3.475,-36.5,-5.887,3.547,4.477,0.8,8.414,4.496,26.906,64.1,10.961,26.781,91.750,-54.0,2.363,91.875,-1.833,11.5,3.977,-1.849,-6.090,2.4,-0.342,-6.090,-42.188,37.2,-5.938,-42.281,-96.062,-28.7,-0.915,-96.000,0.000,0.0,0.000,0.000,0.000,0.0,0.000,0.000
1.7440,3.402,-35.1,-6.062,3.475,4.473,-0.8,9.023,4.477,27.016,58.2,10.789,26.906,91.688,-35.5,2.201,91.750,-1.798,13.7,4.000,-1.833,-6.078,3.6,0.157,-6.090,-42.125,33.9,-5.574,-42.188,-96.188,-35.9,-0.690,-96.062,0.000,0.0,0.000,0.000,0.000,0.0,0.000,0.000
1.7460,3.352,-29.3,-6.270,3.402,4.484,3.8,9.133,4.473,27.094,46.8,11.000,27.016,91.688,-19.1,1.262,91.688,-1.773,12.2,3.748,-1.798,-6.074,4.8,0.588,-6.078,-42.094,27.1,-5.305,-42.125,-96.250,-37.9,-0.490,-96.188,0.000,0.0,0.000,0.000,0.000,0.0,0.000,0.000
1.7480,3.326,-19.3,-6.453,3.352,4.492,5.3,9.477,4.484,27.172,36.5,10.727,27.094,91.688,-6.4,0.225,91.688,-1.741,13.0,3.295,-1.773,-6.078,-1.9,0.778,-6.074,-42.031,26.5,-4.785,-42.094,-96.375,-44.5,-0.120,-96.250,0.000,0.0,0.000,0.000,0.000,0.0,0.000,0.000
1.7503,3.295,-16.3,-7.059,3.326,4.500,4.7,9.555,4.492,27.219,28.5,10.562,27.172,91.688,1.2,-0.344,91.688,-1.717,13.6,3.973,-1.741,-6.055,4.7,1.237,-6.078,-42.000,26.1,-4.273,-42.031,-96.438,-46.5,0.121,-96.375,0.000,0.0,0.000,0.000,0.000,0.0,0.000,0.000
1.7524,3.273,-12.9,-7.031,3.295,4.492,0.2,9.453,4.500,27.266,20.6,10.234,27.219,91.750,13.9,-1.091,91.688,-1.710,6.9,3.717,-1.717,-6.043,5.4,1.518,-6.055,-41.969,21.1,-3.484,-42.000,-96.562,-51.3,0.511,-96.438,0.000,0.0,0.000,0.000,0.000,0.0,0.000,0.000
1.7544,3.270,-3.5,-7.340,3.273,4.492,-1.0,9.141,4.492,27.266,7.6,10.641,27.266,91.750,15.2,-2.322,91.750,-1.704,2.3,4.027,-1.710,-6.020,10.2,1.565,-6.043,-41.906,22.6,-3.449,-41.969,-96.625,-46.4,0.638,-96.562,0.000,0.0,0.000,0.000,0.000,0.0,0.000,0.000
1.7564,3.244,-8.2,-7.461,3.270,4.492,0.7,8.578,4.492,27.234,-7.4,10.719,27.266,91.750,10.3,-2.979,91.750,-1.688,5.6,4.195,-1.704,-5.984,15.2,1.311,-6.020,-41.875,20.7,-2.891,-41.906,-96.750,-43.9,0.923,-96.625,0.000,0.0,0.000,0.000,0.000,0.0,0.000,0.000
1.7580,3.242,-4.4,-7.895,3.244,4.492,1.9,8.070,4.492,27.234,-4.0,10.688,27.234,91.812,8.0,-2.951,91.750,-1.688,3.4,4.473,-1.688,-5.957,14.4,1.132,-5.984,-41.812,23.9,-2.609,-41.875,-96.812,-45.5,1.097,-96.750,0.000,0.0,0.000,0.000,0.000,0.0,0.000,0.000
1.7600,3.236,-2.6,-7.805,3.242,4.488,0.3,7.973,4.492,27.203,-8.9,10.766,27.234,91.812,3.2,-3.508,91.812,-1.679,4.9,4.410,-1.688,-5.914,19.5,0.897,-5.957,-41.781,20.7,-2.258,-41.812,-96.875,-38.8,1.202,-96.812,0.000,0.0,0.000,0.000,0.000,0.0,0.000,0.000
1.7620,3.227,-3.2,-8.047,3.236,4.488,-1.1,6.438,4.488,27.172,-13.2,10.352,27.203,91.812,-0.2,-3.369,91.812,-1.682,2.3,2.012,-1.679,-5.887,15.3,0.765,-5.914,-41.719,21.8,-1.746,-41.781,-96.938,-36.5,1.387,-96.875,0.000,0.0,0.000,0.000,0.000,0.0,0.000,0.000
1.7640,3.227,-1.8,-2.701,3.227,4.492,-0.0,5.590,4.488,27.156,-12.5,8.570,27.172,91.750,-9.0,-2.840,91.812,-1.704,-6.2,0.635,-1.682,-5.867,11.0,0.427,-5.887,-41.688,24.9,-3.359,-41.719,-97.000,-29.6,1.273,-96.938,0.000,0.0,0.000,0.000,0.000,0.0,0.000,0.000
1.7660,3.279,16.5,-4.770,3.227,4.488,-0.6,5.469,4.492,27.109,-18.3,9.609,27.156,91.750,-10.8,-3.330,91.750,-1.738,-12.6,1.841,-1.704,-5.867,3.5,1.286,-5.867,-41.656,17.9,-2.502,-41.688,-97.062,-25.8,1.073,-97.000,0.000,0.0,0.000,0.000,0.000,0.0,0.000,0.000
1.7680,3.316,19.1,-4.156,3.279,4.473,-5.8,6.227,4.488,27.078,-18.4,9.266,27.109,91.688,-14.1,-3.238,91.750,-1.795,-23.3,1.846,-1.738,-5.879,-1.6,1.308,-5.867,-41.625,13.9,-3.016,-41.656,-97.125,-23.1,1.030,-97.062,0.000,0.0,0.000,0.000,0.000,0.0,0.000,0.000
1.7700,3.363,21.5,-4.109,3.316,4.477,-1.9,5.641,4.473,27.047,-14.9,9.008,27.078,91.688,-16.5,-3.197,91.688,-1.870,-34.5,2.215,-1.795,-5.898,-8.1,1.263,-5.879,-41.594,10.9,-2.971,-41.625,-97.125,-15.4,0.983,-97.125,0.000,0.0,0.000,0.000,0.000,0.0,0.000,0.000
1.7721,3.414,23.8,-3.852,3.363,4.473,-0.3,5.250,4.477,27.031,-10.0,9.664,27.047,91.625,-23.5,-3.834,91.688,-1.924,-30.3,2.064,-1.870,-5.926,-11.9,1.367,-5.898,-41.594,5.7,-2.715,-41.594,-97.125,-11.5,1.007,-97.125,0.000,0.0,0.000,0.000,0.000,0.0,0.000,0.000
1.7741,3.451,21.2,-3.600,3.414,4.469,-1.0,5.461,4.473,27.016,-9.8,9.258,27.031,91.562,-27.0,-3.537,91.625,-2.002,-34.3,2.602,-1.924,-5.930,-5.8,0.566,-5.926,-41.594,0.5,-2.584,-41.594,-97.188,-6.4,1.030,-97.125,0.000,0.0,0.000,0.000,0.000,0.0,0.000,0.000
1.7760,3.482,16.7,-2.885,3.451,4.469,-1.1,4.055,4.469,27.000,-5.4,8.477,27.016,91.500,-23.1,-3.537,91.562,-2.086,-38.9,3.242,-2.002,-5.945,-6.4,-0.430,-5.930,-41.625,-6.9,-3.984,-41.594,-97.188,-2.7,1.888,-97.188,0.000,0.0,0.000,0.000,0.000,0.0,0.000,0.000
1.7784,3.523,20.2,-2.754,3.482,4.473,-0.7,3.658,4.469,27.000,-2.0,8.359,27.000,91.438,-23.8,-3.457,91.500,-2.156,-35.7,3.789,-2.086,-5.961,-6.6,-0.829,-5.945,-41.656,-8.8,-3.713,-41.625,-97.125,3.4,1.978,-97.188,0.000,0.0,0.000,0.000,0.000,0.0,0.000,0.000
1.7800,3.555,18.9,-2.992,3.523,4.461,-3.9,3.473,4.473,26.984,-5.6,8.273,27.000,91.375,-28.3,-3.785,91.438,-2.223,-34.3,3.203,-2.156,-5.977,-8.3,-1.058,-5.961,-41.688,-19.6,-4.520,-41.656,-97.125,12.8,2.475,-97.125,0.000,0.0,0.000,0.000,0.000,0.0,0.000,0.000
1.7820,3.580,15.6,-2.750,3.555,4.461,-1.1,3.748,4.461,26.984,-5.1,8.320,26.984,91.312,-30.9,-3.484,91.375,-2.275,-30.0,3.494,-2.223,-6.004,-12.0,-1.310,-5.977,-41.750,-25.3,-4.582,-41.688,-97.062,16.6,2.648,-97.125,0.000,0.0,0.000,0.000,0.000,0.0,0.000,0.000
1.7840,3.615,17.0,-2.605,3.580,4.438,-9.1,3.127,4.461,26.969,-3.6,7.477,26.984,91.250,-32.0,-2.641,91.312,-2.316,-23.3,3.766,-2.275,-6.027,-13.0,-2.082,-6.004,-41.812,-28.3,-5.109,-41.750,-97.000,28.3,3.188,-97.062,0.000,0.0,0.000,0.000,0.000,0.0,0.000,0.000
1.7860,3.637,12.3,-2.406,3.615,4.438,-2.8,2.250,4.438,26.953,-10.3,6.238,26.969,91.188,-31.3,-2.285,91.250,-2.357,-21.5,3.518,-2.316,-6.070,-17.9,-2.621,-6.027,-41.875,-37.0,-7.031,-41.812,-96.938,33.0,4.297,-97.000,0.000,0.0,0.000,0.000,0.000,0.0,0.000,0.000
1.7880,3.682,18.7,-3.209,3.637,4.406,-10.4,1.651,4.438,26.922,-17.3,4.699,26.953,91.125,-27.0,-1.009,91.188,-2.375,-13.4,4.996,-2.357,-6.121,-24.8,-3.365,-6.070,-41.969,-45.3,-9.070,-41.875,-96.812,43.5,5.320,-96.938,0.000,0.0,0.000,0.000,0.000,0.0,0.000,0.000
1.7900,3.703,14.5,-3.414,3.682,4.363,-16.9,0.826,4.406,26.875,-20.2,4.719,26.922,91.125,-19.8,-0.413,91.125,-2.389,-9.2,4.633,-2.375,-6.195,-32.6,-3.781,-6.121,-42.094,-56.5,-8.914,-41.969,-96.688,54.3,5.355,-96.812,0.000,0.0,0.000,0.000,0.000,0.0,0.000,0.000
1.7920,3.723,10.2,-6.195,3.703,4.312,-24.5,0.548,4.363,26.828,-25.5,4.078,26.875,91.062,-14.2,0.607,91.125,-2.365,4.7,7.539,-2.389,-6.293,-42.2,-3.535,-6.195,-42.250,-67.5,-9.586,-42.094,-96.562,71.9,5.484,-96.688,0.000,0.0,0.000,0.000,0.000,0.0,0.000,0.000
1.7940,3.715,0.2,-6.312,3.723,4.266,-24.6,0.084,4.312,26.750,-34.6,4.438,26.828,91.062,-0.0,0.887,91.062,-2.344,7.6,6.977,-2.365,-6.391,-44.9,-3.930,-6.293,-42.375,-71.4,-9.539,-42.250,-96.375,82.2,4.602,-96.562,0.000,0.0,0.000,0.000,0.000,0.0,0.000,0.000
1.7960,3.697,-7.1,-6.031,3.715,4.207,-27.5,0.389,4.266,26.641,-45.9,4.859,26.750,91.125,11.8,0.627,91.062,-2.262,27.1,6.574,-2.344,-6.457,-36.8,-4.742,-6.391,-42.531,-70.1,-9.438,-42.375,-96.188,96.8,2.863,-96.375,0.000,0.0,0.000,0.000,0.000,0.0,0.000,0.000
1.7980,3.668,-11.3,-5.387,3.697,4.148,-27.9,0.554,4.207,26.562,-42.3,5.371,26.641,91.188,20.1,0.439,91.125,-2.178,35.3,5.105,-2.262,-6.492,-25.2,-5.734,-6.457,-42.688,-77.4,-9.672,-42.531,-95.938,105.0,1.161,-96.188,0.000,0.0,0.000,0.000,0.000,0.0,0.000,0.000
1.8000,3.631,-14.8,-4.996,3.668,4.105,-24.0,0.892,4.148,26.469,-44.2,5.930,26.562,91.250,27.3,0.396,91.188,-2.059,49.3,4.711,-2.178,-6.496,-10.0,-6.953,-6.492,-42.844,-72.2,-10.195,-42.688,-95.750,97.3,-0.530,-95.938,0.000,0.0,0.000,0.000,0.000,0.0,0.000,0.000
1.8020,3.604,-13.6,-4.660,3.631,4.066,-21.8,0.862,4.105,26.375,-43.8,6.266,26.469,91.312,37.9,0.401,91.250,-1.939,54.7,3.096,-2.059,-6.496,-3.3,-8.000,-6.496,-42.969,-70.0,-10.008,-42.844,-95.625,87.7,-2.770,-95.750,0.000,0.0,0.000,0.000,0.000,0.0,0.000,0.000
1.8042,3.590,-8.6,-5.059,3.604,4.039,-18.0,0.829,4.066,26.297,-41.8,6.051,26.375,91.438,43.9,0.401,91.312,-1.823,56.7,2.645,-1.939,-6.504,-4.3,-8.250,-6.496,-43.094,-65.2,-10.344,-42.969,-95.500,72.2,-3.023,-95.625,0.000,0.0,0.000,0.000,0.000,0.0,0.000,0.000
1.8063,3.570,-9.7,-5.160,3.590,4.031,-9.1,0.555,4.039,26.219,-41.3,5.805,26.297,91.562,52.1,0.145,91.438,-1.723,52.4,2.932,-1.823,-6.520,-8.1,-8.633,-6.504,-43.188,-51.0,-10.961,-43.094,-95.375,59.4,-2.814,-95.500,0.000,0.0,0.000,0.000,0.000,0.0,0.000,0.000
1.8083,3.578,-1.8,-5.391,3.570,4.027,-3.0,0.139,4.031,26.172,-30.8,5.391,26.219,91.688,58.7,-0.100,91.562,-1.635,46.4,3.172,-1.723,-6.535,-7.8,-8.414,-6.520,-43.281,-42.7,-11.461,-43.188,-95.312,34.0,-2.658,-95.375,0.000,0.0,0.000,0.000,0.000,0.0,0.000,0.000
1.8104,3.568,-3.1,-5.023,3.578,4.008,-6.2,-0.093,4.027,26.125,-25.5,4.727,26.172,91.812,60.1,-0.641,91.688,-1.544,47.2,3.363,-1.635,-6.574,-15.0,-8.359,-6.535,-43.312,-32.2,-10.641,-43.281,-95.312,18.5,-2.691,-95.312,0.000,0.0,0.000,0.000,0.000,0.0,0.000,0.000
1.8120,3.553,-4.8,-4.754,3.568,4.012,-0.9,-1.273,4.008,26.062,-28.2,3.902,26.125,91.938,63.5,-0.822,91.812,-1.475,40.4,3.812,-1.544,-6.594,-11.1,-7.887,-6.574,-43.344,-18.9,-10.617,-43.312,-95.312,-1.5,-1.851,-95.312,0.000,0.0,0.000,0.000,0.000,0.0,0.000,0.000
1.8140,3.521,-13.3,-4.449,3.553,3.992,-5.9,-1.541,4.012,26.031,-23.7,3.465,26.062,92.062,67.9,-0.996,91.938,-1.412,35.7,4.250,-1.475,-6.613,-10.6,-8.102,-6.594,-43.344,-8.9,-10.945,-43.344,-95.375,-13.8,-1.098,-95.312,0.000,0.0,0.000,0.000,0.000,0.0,0.000,0.000
1.8160,3.492,-15.5,-3.785,3.521,3.979,-7.0,-1.528,3.992,25.984,-21.2,2.863,26.031,92.188,64.2,-1.343,92.062,-1.358,29.4,4.301,-1.412,-6.641,-12.5,-7.902,-6.613,-43.312,6.4,-10.969,-43.344,-95.500,-31.4,-0.524,-95.375,0.000,0.0,0.000,0.000,0.000,0.0,0.000,0.000
1.8180,3.461,-16.9,-3.412,3.492,3.961,-8.6,-1.306,3.979,25.953,-18.1,2.389,25.984,92.312,65.9,-1.868,92.188,-1.309,25.8,5.086,-1.358,-6.648,-8.5,-7.727,-6.641,-43.281,11.1,-10.484,-43.312,-95.562,-45.1,0.766,-95.500,0.000,0.0,0.000,0.000,0.000,0.0,0.000,0.000
1.8200,3.439,-13.3,-2.750,3.461,3.936,-11.2,-1.620,3.961,25.906,-23.3,1.621,25.953,92.438,58.9,-2.023,92.312,-1.268,21.7,4.797,-1.309,-6.664,-8.4,-6.867,-6.648,-43.281,10.8,-10.195,-43.281,-95.688,-48.4,3.293,-95.562,0.000,0.0,0.000,0.000,0.000,0.0,0.000,0.000
1.8220,3.414,-11.2,-2.744,3.439,3.900,-13.9,-1.223,3.936,25.859,-23.7,1.192,25.906,92.562,55.3,-2.127,92.438,-1.224,21.5,4.395,-1.268,-6.684,-9.1,-6.273,-6.664,-43.250,12.1,-10.031,-43.281,-95.750,-44.7,4.234,-95.688,0.000,0.0,0.000,0.000,0.000,0.0,0.000,0.000
1.8240,3.393,-9.6,-3.055,3.414,3.863,-16.8,-1.107,3.900,25.797,-25.7,2.492,25.859,92.625,47.9,-2.311,92.562,-1.202,14.5,4.418,-1.224,-6.684,-4.1,-3.418,-6.684,-43.219,12.0,-9.633,-43.250,-95.812,-37.9,3.680,-95.750,0.000,0.0,0.000,0.000,0.000,0.0,0.000,0.000
1.8260,3.387,-3.9,1.127,3.393,3.828,-15.1,1.799,3.863,25.750,-26.0,4.598,25.797,92.688,38.6,-2.176,92.625,-1.195,6.4,-1.128,-1.202,-6.676,2.8,-3.420,-6.684,-43.188,14.0,-5.480,-43.219,-95.875,-29.1,2.426,-95.812,0.000,0.0,0.000,0.000,0.000,0.0,0.000,0.000
1.8280,3.412,7.7,0.392,3.387,3.795,-15.3,2.051,3.828,25.719,-17.6,4.594,25.750,92.750,33.1,-2.102,92.688,-1.243,-13.8,-0.108,-1.195,-6.664,5.3,-3.459,-6.676,-43.156,19.3,-5.836,-43.188,-95.938,-26.3,2.160,-95.875,0.000,0.0,0.000,0.000,0.000,0.0,0.000,0.000
1.8300,3.443,12.2,-0.276,3.412,3.791,-6.3,1.928,3.795,25.703,-10.0,4.199,25.719,92.812,28.1,-1.908,92.750,-1.321,-32.6,1.376,-1.243,-6.637,8.7,-3.781,-6.664,-43.094,28.8,-6.473,-43.156,-96.000,-26.3,2.316,-95.938,0.000,0.0,0.000,0.000,0.000,0.0,0.000,0.000
1.8320,3.500,20.7,-1.079,3.443,3.797,-0.5,1.351,3.791,25.719,-2.7,3.637,25.703,92.875,23.7,-1.665,92.812,-1.396,-35.9,3.016,-1.321,-6.613,9.5,-3.988,-6.637,-43.031,33.2,-6.711,-43.094,-96.000,-19.7,2.262,-96.000,0.000,0.0,0.000,0.000,0.000,0.0,0.000,0.000
1.8340,3.549,22.3,-1.582,3.500,3.818,6.3,0.899,3.797,25.750,8.9,3.510,25.719,92.875,17.1,-1.690,92.875,-1.490,-41.6,3.855,-1.396,-6.594,8.2,-3.713,-6.613,-42.938,35.8,-7.762,-43.031,-96.000,-16.4,2.648,-96.000,0.000,0.0,0.000,0.000,0.000,0.0,0.000,0.000
1.8360,3.604,25.0,-1.586,3.549,3.844,9.3,0.659,3.818,25.781,13.1,3.797,25.750,92.875,12.5,-2.178,92.875,-1.594,-46.5,4.293,-1.490,-6.574,9.2,-2.521,-6.594,-42.906,28.8,-7.531,-42.938,-96.062,-12.1,2.514,-96.000,0.000,0.0,0.000,0.000,0.000,0.0,0.000,0.000
1.8380,3.658,28.3,-2.473,3.604,3.885,15.9,0.927,3.844,25.828,15.8,5.035,25.781,92.875,3.3,-2.871,92.875,-1.682,-45.0,3.836,-1.594,-6.551,12.5,-1.364,-6.574,-42.844,28.9,-6.336,-42.906,-96.062,-5.4,1.821,-96.062,0.000,0.0,0.000,0.000,0.000,0.0,0.000,0.000
1.8400,3.684,18.1,-3.229,3.658,3.916,16.0,2.256,3.885,25.891,28.6,5.828,25.828,92.875,-3.7,-3.334,92.875,-1.764,-42.8,3.752,-1.682,-6.527,11.5,-1.112,-6.551,-42.781,30.5,-4.672,-42.844,-96.062,-3.5,1.016,-96.062,0.000,0.0,0.000,0.000,0.000,0.0,0.000,0.000
1.8420,3.715,15.9,-4.535,3.684,3.973,24.5,2.703,3.916,25.984,38.7,7.789,25.891,92.812,-17.8,-4.223,92.875,-1.846,-40.9,4.738,-1.764,-6.477,19.5,0.016,-6.527,-42.719,34.9,-3.838,-42.781,-96.062,0.4,0.736,-96.062,0.000,0.0,0.000,0.000,0.000,0.0,0.000,0.000
1.8440,3.719,6.2,-3.482,3.715,4.047,33.5,3.643,3.973,26.078,48.8,7.086,25.984,92.750,-22.3,-4.047,92.812,-1.917,-38.3,4.059,-1.846,-6.406,30.3,-0.898,-6.477,-42.656,31.3,-4.695,-42.719,-96.062,-2.7,1.153,-96.062,0.000,0.0,0.000,0.000,0.000,0.0,0.000,0.000
1.8460,3.729,4.1,-3.781,3.719,4.137,42.6,2.658,4.047,26.203,56.6,7.672,26.078,92.688,-35.0,-4.621,92.750,-1.980,-34.4,4.113,-1.917,-6.344,29.7,-0.980,-6.406,-42.562,36.7,-4.691,-42.656,-96.062,-1.3,1.263,-96.062,0.000,0.0,0.000,0.000,0.000,0.0,0.000,0.000
1.8480,3.729,0.2,-10.039,3.729,4.238,47.0,2.523,4.137,26.359,69.2,8.828,26.203,92.562,-45.8,-5.465,92.688,-2.033,-29.2,9.820,-1.980,-6.277,31.9,0.094,-6.344,-42.469,40.5,-3.273,-42.562,-96.062,-1.2,-0.079,-96.062,0.000,0.0,0.000,0.000,0.000,0.0,0.000,0.000
1.8500,3.699,-9.6,-9.344,3.729,4.363,57.3,3.311,4.238,26.531,76.8,8.812,26.359,92.438,-59.2,-4.379,92.562,-2.047,-14.1,7.895,-2.033,-6.211,31.4,-0.329,-6.277,-42.375,44.1,-3.908,-42.469,-96.062,-1.9,-0.388,-96.062,0.000,0.0,0.000,0.000,0.000,0.0,0.000,0.000
1.8530,3.594,-30.8,-7.359,3.699,4.547,60.7,3.395,4.363,26.797,88.8,8.516,26.531,92.250,-68.1,-2.104,92.438,-2.006,10.2,5.453,-2.047,-6.125,27.4,-0.621,-6.211,-42.219,48.0,-4.512,-42.375,-96.125,-10.3,-0.482,-96.062,0.000,0.0,0.000,0.000,0.000,0.0,0.000,0.000
1.8552,3.502,-40.5,-6.398,3.594,4.629,47.4,4.793,4.547,26.953,84.5,8.945,26.797,92.062,-71.5,-0.949,92.250,-1.965,17.7,4.477,-2.006,-6.086,23.0,-0.566,-6.125,-42.125,53.2,-5.027,-42.219,-96.125,-10.1,-0.505,-96.125,0.000,0.0,0.000,0.000,0.000,0.0,0.000,0.000
1.8575,3.414,-40.8,-5.758,3.502,4.656,25.0,6.648,4.629,27.125,82.8,9.617,26.953,91.938,-69.7,0.548,92.062,-1.921,19.5,3.613,-1.965,-6.051,20.6,-0.534,-6.086,-42.000,53.3,-5.477,-42.125,-96.188,-16.5,-0.576,-96.125,0.000,0.0,0.000,0.000,0.000,0.0,0.000,0.000
1.8596,3.311,-46.0,-5.703,3.414,4.668,13.2,8.172,4.656,27.281,77.4,10.000,27.125,91.812,-63.6,0.681,91.938,-1.880,19.2,3.197,-1.921,-6.031,13.7,-0.756,-6.051,-41.906,52.4,-6.059,-42.000,-96.250,-26.9,-0.715,-96.188,0.000,0.0,0.000,0.000,0.000,0.0,0.000,0.000
1.8611,3.227,-43.1,-6.055,3.311,4.652,-0.7,8.688,4.668,27.406,69.6,10.328,27.281,91.750,-52.7,1.781,91.812,-1.849,17.5,3.605,-1.880,-6.016,10.4,-0.535,-6.031,-41.844,43.2,-5.816,-41.906,-96.312,-27.9,-0.579,-96.250,0.000,0.0,0.000,0.000,0.000,0.0,0.000,0.000
1.8628,3.195,-39.0,-5.445,3.227,4.645,-3.5,8.883,4.652,27.484,71.5,10.648,27.406,91.688,-46.6,2.043,91.750,-1.842,13.0,3.564,-1.849,-6.008,11.0,-0.513,-6.016,-41.781,45.3,-6.273,-41.844,-96.312,-32.2,-0.722,-96.312,0.000,0.0,0.000,0.000,0.000,0.0,0.000,0.000
1.8642,3.145,-31.2,-5.945,3.195,4.637,-2.8,9.883,4.645,27.609,65.6,10.961,27.484,91.625,-33.9,2.312,91.688,-1.813,12.4,3.424,-1.842,-6.008,3.8,-0.233,-6.008,-41.719,37.5,-6.211,-41.781,-96.375,-32.3,-0.660,-96.312,0.000,0.0,0.000,0.000,0.000,0.0,0.000,0.000
1.8660,3.115,-21.4,-6.523,3.145,4.637,-2.1,10.211,4.637,27.703,52.0,10.703,27.609,91.625,-18.4,2.287,91.625,-1.789,12.6,3.764,-1.813,-6.008,1.1,0.273,-6.008,-41.656,34.0,-5.734,-41.719,-96.500,-38.0,-0.551,-96.375,0.000,0.0,0.000,0.000,0.000,0.0,0.000,0.000
1.8680,3.098,-12.8,-7.004,3.115,4.652,3.9,10.836,4.637,27.781,44.8,10.305,27.703,91.625,0.4,1.943,91.625,-1.776,9.1,3.953,-1.789,-6.004,1.3,0.945,-6.008,-41.594,31.9,-5.188,-41.656,-96.562,-38.0,-0.313,-96.500,0.000,0.0,0.000,0.000,0.000,0.0,0.000,0.000
1.8700,3.062,-14.5,-7.035,3.098,4.652,0.6,10.867,4.652,27.828,29.3,10.344,27.781,91.688,14.9,0.011,91.625,-1.764,6.7,4.141,-1.776,-5.984,7.4,1.475,-6.004,-41.531,30.8,-4.395,-41.594,-96.625,-39.8,0.101,-96.562,0.000,0.0,0.000,0.000,0.000,0.0,0.000,0.000
1.8720,3.041,-11.2,-7.395,3.062,4.668,5.6,10.195,4.652,27.844,14.0,10.250,27.828,91.750,23.1,-1.498,91.688,-1.751,5.4,4.305,-1.764,-5.977,5.0,2.031,-5.984,-41.469,31.5,-3.684,-41.531,-96.750,-42.4,0.521,-96.625,0.000,0.0,0.000,0.000,0.000,0.0,0.000,0.000
1.8740,3.010,-14.1,-7.508,3.041,4.660,-0.8,10.023,4.668,27.844,1.6,10.836,27.844,91.812,26.5,-2.010,91.750,-1.754,0.1,4.426,-1.751,-5.945,13.8,1.891,-5.977,-41.406,27.6,-3.518,-41.469,-96.812,-38.9,0.657,-96.750,0.000,0.0,0.000,0.000,0.000,0.0,0.000,0.000
1.8760,3.000,-8.7,-7.879,3.010,4.660,0.3,9.203,4.660,27.812,-7.8,10.805,27.844,91.812,25.2,-3.770,91.812,-1.751,-0.2,4.879,-1.754,-5.914,15.2,1.163,-5.945,-41.344,29.9,-2.574,-41.406,-96.875,-41.6,1.092,-96.812,0.000,0.0,0.000,0.000,0.000,0.0,0.000,0.000
1.8780,2.994,-3.3,-7.879,3.000,4.652,-3.4,7.984,4.660,27.781,-9.4,10.625,27.812,91.875,20.1,-4.645,91.812,-1.738,4.1,4.539,-1.751,-5.875,17.1,1.187,-5.914,-41.281,30.6,-2.162,-41.344,-96.938,-37.0,1.319,-96.875,0.000,0.0,0.000,0.000,0.000,0.0,0.000,0.000
1.8800,2.988,-1.1,-8.141,2.994,4.652,-1.4,7.125,4.652,27.734,-20.5,10.344,27.781,91.875,12.6,-4.438,91.875,-1.745,1.1,4.617,-1.738,-5.844,16.5,1.248,-5.875,-41.219,34.8,-2.303,-41.281,-97.000,-30.5,1.310,-96.938,0.000,0.0,0.000,0.000,0.000,0.0,0.000,0.000
1.8822,2.980,-1.4,-2.338,2.988,4.637,-4.3,6.223,4.652,27.688,-23.7,8.773,27.734,91.875,0.8,-3.396,91.875,-1.767,-7.8,0.422,-1.745,-5.836,6.8,0.575,-5.844,-41.156,32.7,-3.512,-41.219,-97.062,-28.1,1.252,-97.000,0.000,0.0,0.000,0.000,0.000,0.0,0.000,0.000
1.8844,3.020,12.9,-1.306,2.980,4.637,-2.3,3.809,4.637,27.625,-29.5,7.445,27.688,91.875,-6.4,-2.018,91.875,-1.817,-20.5,0.195,-1.767,-5.848,-3.1,-0.783,-5.836,-41.094,24.6,-4.723,-41.156,-97.125,-24.2,1.676,-97.062,0.000,0.0,0.000,0.000,0.000,0.0,0.000,0.000
1.8867,3.076,22.1,-2.320,3.020,4.605,-10.9,3.619,4.637,27.547,-34.8,7.641,27.625,91.812,-9.1,-1.922,91.875,-1.886,-31.0,1.318,-1.817,-5.871,-10.2,-0.436,-5.848,-41.062,21.2,-4.156,-41.094,-97.125,-15.1,1.553,-97.125,0.000,0.0,0.000,0.000,0.000,0.0,0.000,0.000
1.8882,3.160,34.5,-3.303,3.076,4.594,-7.0,3.938,4.605,27.469,-36.6,8.273,27.547,91.812,-11.2,-2.098,91.812,-1.961,-34.9,2.449,-1.886,-5.914,-17.6,0.052,-5.871,-41.062,9.6,-3.748,-41.062,-97.125,-10.2,1.328,-97.125,0.000,0.0,0.000,0.000,0.000,0.0,0.000,0.000
1.8900,3.232,35.5,-3.338,3.160,4.551,-16.8,4.020,4.594,27.406,-32.8,8.070,27.469,91.812,-12.3,-2.252,91.812,-2.059,-44.7,2.871,-1.961,-5.977,-25.2,0.288,-5.914,-41.094,-1.5,-3.826,-41.062,-97.125,-2.0,1.438,-97.125,0.000,0.0,0.000,0.000,0.000,0.0,0.000,0.000
1.8920,3.311,38.3,-3.219,3.232,4.539,-9.1,3.861,4.551,27.328,-35.6,8.797,27.406,91.750,-9.1,-3.086,91.812,-2.141,-41.5,2.883,-2.059,-6.020,-24.7,0.322,-5.977,-41.125,-7.1,-3.549,-41.094,-97.125,3.5,1.550,-97.125,0.000,0.0,0.000,0.000,0.000,0.0,0.000,0.000
1.8940,3.383,37.7,-3.480,3.311,4.531,-4.4,3.889,4.539,27.281,-30.4,7.531,27.328,91.750,-14.0,-3.174,91.750,-2.229,-41.7,3.426,-2.141,-6.055,-20.5,0.142,-6.020,-41.156,-15.0,-3.947,-41.125,-97.125,8.5,1.721,-97.125,0.000,0.0,0.000,0.000,0.000,0.0,0.000,0.000
1.8960,3.434,32.0,-3.357,3.383,4.523,-4.3,1.621,4.531,27.234,-26.3,6.102,27.281,91.688,-14.4,-2.424,91.750,-2.303,-37.6,5.840,-2.229,-6.098,-20.3,-3.121,-6.055,-41.188,-23.7,-7.918,-41.156,-97.062,20.2,4.855,-97.125,0.000,0.0,0.000,0.000,0.000,0.0,0.000,0.000
1.8980,3.477,27.2,-3.244,3.434,4.520,-3.3,0.361,4.523,27.172,-26.1,4.695,27.234,91.688,-13.0,-1.721,91.688,-2.357,-28.7,7.266,-2.303,-6.160,-27.3,-3.625,-6.098,-41.281,-37.2,-9.477,-41.188,-97.000,26.5,6.191,-97.062,0.000,0.0,0.000,0.000,0.000,0.0,0.000,0.000
1.9000,3.512,20.7,-4.383,3.477,4.500,-7.3,-0.308,4.520,27.094,-32.2,3.266,27.172,91.688,-14.0,-0.030,91.688,-2.373,-14.2,11.273,-2.357,-6.234,-33.9,-4.410,-6.160,-41.438,-62.4,-10.250,-41.281,-96.875,41.8,6.488,-97.000,0.000,0.0,0.000,0.000,0.000,0.0,0.000,0.000
1.9020,3.521,10.2,-8.297,3.512,4.461,-15.0,-0.862,4.500,27.016,-39.6,3.674,27.094,91.688,-6.4,0.418,91.688,-2.328,10.9,9.758,-2.373,-6.348,-48.0,-3.568,-6.234,-41.594,-74.4,-9.836,-41.438,-96.750,61.5,6.441,-96.875,0.000,0.0,0.000,0.000,0.000,0.0,0.000,0.000
1.9040,3.492,-6.1,-7.113,3.521,4.414,-22.6,-0.490,4.461,26.906,-47.7,4.270,27.016,91.688,3.2,0.529,91.688,-2.256,26.6,7.340,-2.328,-6.457,-50.5,-3.611,-6.348,-41.781,-91.4,-9.375,-41.594,-96.562,76.8,5.531,-96.750,0.000,0.0,0.000,0.000,0.000,0.0,0.000,0.000
1.9060,3.459,-13.1,-5.719,3.492,4.363,-23.3,-0.051,4.414,26.781,-54.6,5.125,26.906,91.688,14.0,0.440,91.688,-2.141,46.1,5.688,-2.256,-6.559,-48.5,-4.590,-6.457,-42.000,-101.5,-8.891,-41.781,-96.375,85.6,4.223,-96.562,0.000,0.0,0.000,0.000,0.000,0.0,0.000,0.000
1.9081,3.398,-23.4,-5.230,3.459,4.309,-26.6,0.159,4.363,26.672,-53.7,5.676,26.781,91.750,19.1,0.484,91.688,-2.008,59.6,4.410,-2.141,-6.602,-30.1,-6.289,-6.559,-42.219,-105.9,-9.000,-42.000,-96.188,97.8,2.012,-96.375,0.000,0.0,0.000,0.000,0.000,0.0,0.000,0.000
1.9101,3.352,-24.2,-4.789,3.398,4.262,-23.9,0.525,4.309,26.578,-49.8,6.219,26.672,91.812,24.3,0.623,91.750,-1.883,62.2,4.359,-2.008,-6.613,-12.2,-7.863,-6.602,-42.438,-107.7,-9.312,-42.219,-95.938,102.6,-0.518,-96.188,0.000,0.0,0.000,0.000,0.000,0.0,0.000,0.000
1.9122,3.311,-21.8,-4.426,3.352,4.230,-17.6,0.777,4.262,26.516,-39.3,5.852,26.578,91.875,27.5,0.569,91.812,-1.748,65.9,3.979,-1.883,-6.613,-2.7,-8.703,-6.613,-42.625,-103.2,-9.688,-42.438,-95.750,97.1,-1.144,-95.938,0.000,0.0,0.000,0.000,0.000,0.0,0.000,0.000
1.9146,3.275,-19.8,-4.273,3.311,4.195,-17.1,0.875,4.230,26.438,-37.2,5.855,26.516,91.938,34.8,0.658,91.875,-1.619,64.4,2.664,-1.748,-6.602,4.8,-9.305,-6.613,-42.812,-90.7,-10.281,-42.625,-95.625,83.6,-3.096,-95.750,0.000,0.0,0.000,0.000,0.000,0.0,0.000,0.000
1.9160,3.260,-13.0,-4.285,3.275,4.172,-15.1,0.704,4.195,26.391,-28.2,5.414,26.438,92.062,39.9,0.642,91.938,-1.528,51.6,2.580,-1.619,-6.629,-5.3,-9.273,-6.602,-42.938,-77.1,-10.867,-42.812,-95.500,72.2,-2.887,-95.625,0.000,0.0,0.000,0.000,0.000,0.0,0.000,0.000
1.9180,3.248,-8.7,-4.676,3.260,4.164,-8.4,0.392,4.172,26.359,-19.9,5.062,26.391,92.125,43.0,0.500,92.062,-1.438,46.5,2.850,-1.528,-6.648,-8.9,-9.703,-6.629,-43.062,-63.9,-11.383,-42.938,-95.438,50.7,-3.338,-95.500,0.000,0.0,0.000,0.000,0.000,0.0,0.000,0.000
1.9200,3.238,-7.3,-4.469,3.248,4.156,-5.5,0.027,4.164,26.344,-12.1,4.082,26.359,92.250,49.8,0.150,92.125,-1.362,41.2,3.754,-1.438,-6.688,-15.6,-10.086,-6.648,-43.156,-53.1,-11.422,-43.062,-95.375,23.9,-3.381,-95.438,0.000,0.0,0.000,0.000,0.000,0.0,0.000,0.000
1.9220,3.242,-2.3,-5.066,3.238,4.156,-0.9,-0.960,4.156,26.312,-10.8,3.328,26.344,92.375,53.4,-0.195,92.250,-1.314,30.9,4.637,-1.362,-6.711,-11.2,-9.203,-6.688,-43.188,-32.3,-11.586,-43.156,-95.375,6.5,-2.400,-95.375,0.000,0.0,0.000,0.000,0.000,0.0,0.000,0.000
1.9240,3.248,2.4,-4.656,3.242,4.137,-5.2,-1.131,4.156,26.266,-18.5,2.463,26.312,92.500,56.2,-0.735,92.375,-1.265,26.3,5.328,-1.314,-6.746,-14.1,-8.766,-6.711,-43.219,-18.7,-11.102,-43.188,-95.438,-10.5,-1.344,-95.375,0.000,0.0,0.000,0.000,0.000,0.0,0.000,0.000
1.9260,3.232,-1.6,-4.613,3.248,4.121,-8.2,-1.477,4.137,26.234,-17.8,2.494,26.266,92.625,57.0,-0.986,92.500,-1.224,22.1,5.805,-1.265,-6.770,-12.9,-9.477,-6.746,-43.188,-3.2,-10.875,-43.219,-95.500,-24.2,-0.205,-95.438,0.000,0.0,0.000,0.000,0.000,0.0,0.000,0.000
1.9280,3.201,-11.1,-4.496,3.232,4.098,-9.5,-1.988,4.121,26.188,-22.4,2.209,26.234,92.688,53.1,-1.130,92.625,-1.180,20.6,5.609,-1.224,-6.773,-7.2,-9.125,-6.770,-43.156,9.5,-11.352,-43.188,-95.625,-42.0,0.675,-95.500,0.000,0.0,0.000,0.000,0.000,0.0,0.000,0.000
1.9300,3.195,-6.1,-3.566,3.201,4.062,-15.4,-1.846,4.098,26.141,-23.8,1.336,26.188,92.812,52.3,-1.830,92.688,-1.136,21.8,5.660,-1.180,-6.777,-4.8,-7.379,-6.773,-43.156,6.6,-11.102,-43.156,-95.688,-39.5,4.387,-95.625,0.000,0.0,0.000,0.000,0.000,0.0,0.000,0.000
1.9320,3.170,-10.9,-3.570,3.195,4.031,-17.7,-1.194,4.062,26.094,-24.7,1.058,26.141,92.875,47.4,-1.945,92.812,-1.114,14.5,5.914,-1.136,-6.789,-5.7,-6.668,-6.777,-43.094,13.5,-10.766,-43.156,-95.750,-37.3,4.809,-95.688,0.000,0.0,0.000,0.000,0.000,0.0,0.000,0.000
1.9340,3.166,-5.5,-3.418,3.170,3.992,-18.1,-0.990,4.031,26.016,-31.7,2.941,26.094,93.000,40.5,-1.875,92.875,-1.083,13.8,0.639,-1.114,-6.797,-5.4,-5.375,-6.789,-43.062,18.9,-8.164,-43.094,-95.812,-31.4,3.691,-95.750,0.000,0.0,0.000,0.000,0.000,0.0,0.000,0.000
1.9365,3.166,-2.2,0.614,3.166,3.961,-23.3,0.019,3.992,25.984,-30.6,4.348,26.016,93.000,40.5,-1.824,93.000,-1.083,8.2,-0.246,-1.083,-6.789,-0.6,-4.074,-6.797,-43.062,15.6,-8.430,-43.062,-95.812,-23.8,3.541,-95.812,0.000,0.0,0.000,0.000,0.000,0.0,0.000,0.000
1.9385,3.188,6.3,0.281,3.166,3.910,-17.4,2.799,3.961,25.922,-22.4,4.035,25.984,93.062,28.6,-1.898,93.000,-1.155,-18.2,0.727,-1.083,-6.773,4.2,-3.725,-6.789,-42.938,27.6,-7.375,-43.062,-95.875,-14.9,2.473,-95.812,0.000,0.0,0.000,0.000,0.000,0.0,0.000,0.000
1.9404,3.227,12.5,-0.001,3.188,3.904,-8.7,1.592,3.910,25.922,-11.5,3.980,25.922,93.125,19.8,-1.658,93.062,-1.249,-36.5,2.291,-1.155,-6.750,10.6,-3.645,-6.773,-42.844,37.9,-7.543,-42.938,-95.938,-14.0,2.359,-95.875,0.000,0.0,0.000,0.000,0.000,0.0,0.000,0.000
1.9426,3.291,25.8,-0.774,3.227,3.914,-0.4,1.485,3.904,25.922,-3.9,3.645,25.922,93.125,16.6,-1.730,93.125,-1.340,-43.1,3.375,-1.249,-6.742,7.9,-3.557,-6.750,-42.781,40.5,-7.301,-42.844,-95.938,-12.4,2.154,-95.938,0.000,0.0,0.000,0.000,0.000,0.0,0.000,0.000
1.9441,3.340,24.7,-1.278,3.291,3.930,3.5,0.986,3.914,25.969,10.8,2.514,25.922,93.125,4.4,-1.452,93.125,-1.453,-51.4,4.406,-1.340,-6.727,7.4,-4.188,-6.742,-42.688,41.3,-8.000,-42.781,-95.938,-7.6,2.363,-95.938,0.000,0.0,0.000,0.000,0.000,0.0,0.000,0.000
1.9460,3.404,30.9,-1.229,3.340,3.963,9.6,-0.191,3.930,25.984,12.2,1.866,25.969,93.125,3.6,-0.896,93.125,-1.554,-52.8,4.555,-1.453,-6.723,2.6,-4.496,-6.727,-42.594,37.5,-8.961,-42.688,-95.938,-3.1,3.027,-95.938,0.000,0.0,0.000,0.000,0.000,0.0,0.000,0.000
1.9480,3.461,30.6,-1.389,3.404,3.998,13.9,-0.265,3.963,26.031,17.4,3.797,25.984,93.125,-5.9,-1.755,93.125,-1.642,-48.1,3.967,-1.554,-6.711,2.6,-2.746,-6.723,-42.531,33.6,-7.352,-42.594,-95.938,4.7,2.291,-95.938,0.000,0.0,0.000,0.000,0.000,0.0,0.000,0.000
1.9500,3.512,26.5,-2.488,3.461,4.027,12.6,0.714,3.998,26.078,21.9,6.070,26.031,93.125,-11.9,-2.258,93.125,-1.723,-41.6,3.850,-1.642,-6.695,5.9,-1.856,-6.711,-42.469,28.8,-6.105,-42.531,-95.938,5.1,2.217,-95.938,0.000,0.0,0.000,0.000,0.000,0.0,0.000,0.000
1.9520,3.584,32.1,-4.680,3.512,4.066,17.4,3.254,4.027,26.156,36.1,9.562,26.078,93.062,-16.8,-5.633,93.125,-1.808,-40.4,7.613,-1.723,-6.656,15.0,0.301,-6.695,-42.438,25.0,-2.969,-42.469,-95.875,9.4,0.779,-95.938,0.000,0.0,0.000,0.000,0.000,0.0,0.000,0.000
1.9540,3.604,17.2,-8.242,3.584,4.129,26.8,4.387,4.066,26.281,54.1,7.832,26.156,93.000,-29.1,-5.145,93.062,-1.861,-31.2,3.623,-1.808,-6.590,26.5,-0.771,-6.656,-42.375,30.5,-4.133,-42.438,-95.875,4.7,1.363,-95.875,0.000,0.0,0.000,0.000,0.000,0.0,0.000,0.000
1.9560,3.611,8.5,-4.367,3.604,4.207,33.6,3.180,4.129,26.422,65.0,8.125,26.281,92.875,-42.7,-5.652,93.000,-1.914,-28.6,4.691,-1.861,-6.516,32.3,-1.604,-6.590,-42.281,34.1,-4.262,-42.375,-95.875,4.0,1.920,-95.875,0.000,0.0,0.000,0.000,0.000,0.0,0.000,0.000
1.9580,3.619,4.9,-5.355,3.611,4.309,40.9,2.785,4.207,26.625,82.1,8.047,26.422,92.750,-58.8,-6.148,92.875,-1.945,-19.4,6.129,-1.914,-6.430,37.6,-0.670,-6.516,-42.219,38.4,-4.070,-42.281,-95.875,3.0,1.113,-95.875,0.000,0.0,0.000,0.000,0.000,0.0,0.000,0.000
1.9600,3.609,-1.2,-7.102,3.619,4.441,56.9,3.523,4.309,26.812,94.8,8.766,26.625,92.625,-70.1,-6.188,92.750,-1.968,-13.0,8.242,-1.945,-6.348,40.3,-0.526,-6.430,-42.125,40.3,-3.521,-42.219,-95.875,-0.0,0.122,-95.875,0.000,0.0,0.000,0.000,0.000,0.0,0.000,0.000
1.9620,3.580,-9.4,-9.562,3.609,4.578,65.9,2.996,4.441,27.016,94.7,8.180,26.812,92.438,-87.4,-2.594,92.625,-1.955,0.1,6.574,-1.968,-6.297,32.8,-0.792,-6.348,-42.031,47.8,-4.105,-42.125,-95.875,-4.1,-0.497,-95.875,0.000,0.0,0.000,0.000,0.000,0.0,0.000,0.000
1.9640,3.516,-24.2,-7.738,3.580,4.699,62.6,3.691,4.578,27.219,102.5,8.305,27.016,92.188,-95.8,-0.929,92.438,-1.924,10.3,5.363,-1.955,-6.242,28.1,-0.943,-6.297,-41.938,47.4,-4.625,-42.031,-95.938,-8.6,-0.529,-95.875,0.000,0.0,0.000,0.000,0.000,0.0,0.000,0.000
1.9660,3.439,-32.0,-6.691,3.516,4.789,50.6,5.297,4.699,27.406,93.4,8.867,27.219,92.062,-87.8,1.092,92.188,-1.890,13.7,4.285,-1.924,-6.203,21.9,-1.011,-6.242,-41.844,47.8,-5.551,-41.938,-95.938,-15.3,-0.644,-95.938,0.000,0.0,0.000,0.000,0.000,0.0,0.000,0.000
1.9685,3.340,-41.9,-5.871,3.439,4.828,31.6,7.480,4.789,27.578,90.5,9.273,27.406,91.875,-82.3,1.498,92.062,-1.826,26.1,3.943,-1.890,-6.176,16.2,-0.928,-6.203,-41.750,44.7,-5.520,-41.844,-96.000,-19.9,-0.573,-95.938,0.000,0.0,0.000,0.000,0.000,0.0,0.000,0.000
1.9709,3.195,-44.7,-5.848,3.340,4.812,2.6,8.930,4.828,27.812,78.8,10.438,27.578,91.750,-61.9,1.198,91.875,-1.792,15.5,3.752,-1.826,-6.156,7.8,-0.721,-6.176,-41.625,39.0,-5.652,-41.750,-96.062,-24.7,-0.528,-96.000,0.000,0.0,0.000,0.000,0.000,0.0,0.000,0.000
1.9725,3.154,-42.2,-5.945,3.195,4.801,-3.8,9.117,4.812,27.891,75.6,11.320,27.812,91.688,-55.8,1.983,91.750,-1.767,19.3,4.141,-1.792,-6.152,7.6,-0.768,-6.156,-41.594,42.0,-6.176,-41.625,-96.125,-26.9,-0.652,-96.062,0.000,0.0,0.000,0.000,0.000,0.0,0.000,0.000
1.9740,3.082,-38.8,-6.402,3.154,4.797,-1.8,10.516,4.801,28.031,72.0,11.406,27.891,91.625,-40.5,2.326,91.688,-1.738,17.0,4.250,-1.767,-6.164,0.3,-0.414,-6.152,-41.531,35.9,-6.227,-41.594,-96.188,-38.1,-0.755,-96.125,0.000,0.0,0.000,0.000,0.000,0.0,0.000,0.000
1.9760,3.045,-28.8,-6.770,3.082,4.789,-0.0,10.664,4.797,28.125,57.7,11.750,28.031,91.562,-21.9,2.197,91.625,-1.717,12.1,3.850,-1.738,-6.164,-0.8,-0.171,-6.164,-41.469,34.3,-5.777,-41.531,-96.312,-40.0,-0.547,-96.188,0.000,0.0,0.000,0.000,0.000,0.0,0.000,0.000
1.9780,3.016,-19.2,-7.270,3.045,4.797,3.4,10.375,4.789,28.219,47.3,10.711,28.125,91.625,-4.8,1.627,91.562,-1.688,12.4,3.973,-1.717,-6.160,1.1,0.546,-6.164,-41.406,32.0,-5.328,-41.469,-96.375,-45.2,-0.371,-96.312,0.000,0.0,0.000,0.000,0.000,0.0,0.000,0.000
1.9800,2.990,-13.7,-7.039,3.016,4.805,3.7,10.898,4.797,28.281,38.1,10.484,28.219,91.625,12.6,0.808,91.625,-1.666,12.4,3.953,-1.688,-6.156,2.8,1.584,-6.160,-41.344,33.2,-4.348,-41.406,-96.500,-47.7,0.116,-96.375,0.000,0.0,0.000,0.000,0.000,0.0,0.000,0.000
1.9820,2.963,-12.9,-7.051,2.990,4.812,4.1,10.852,4.805,28.297,20.8,10.219,28.281,91.688,24.2,-0.432,91.625,-1.653,8.3,3.957,-1.666,-6.148,5.4,2.129,-6.156,-41.281,25.2,-3.541,-41.344,-96.562,-47.0,0.678,-96.500,0.000,0.0,0.000,0.000,0.000,0.0,0.000,0.000
1.9840,2.947,-9.6,-7.605,2.963,4.812,-0.3,10.602,4.812,28.281,3.6,10.406,28.297,91.750,28.2,-2.525,91.688,-1.642,6.9,4.008,-1.653,-6.121,12.7,2.189,-6.148,-41.219,30.1,-2.912,-41.281,-96.688,-49.3,1.068,-96.562,0.000,0.0,0.000,0.000,0.000,0.0,0.000,0.000
1.9860,2.938,-6.3,-8.047,2.947,4.816,1.1,10.141,4.812,28.250,-8.3,10.656,28.281,91.812,29.1,-3.375,91.750,-1.638,4.8,4.621,-1.642,-6.102,11.6,1.649,-6.121,-41.188,27.4,-2.303,-41.219,-96.812,-49.2,1.417,-96.688,0.000,0.0,0.000,0.000,0.000,0.0,0.000,0.000
1.9880,2.932,-5.0,-8.141,2.938,4.812,-0.3,9.188,4.816,28.219,-11.8,10.688,28.250,91.875,26.7,-3.762,91.812,-1.642,1.4,4.699,-1.638,-6.055,18.8,1.211,-6.102,-41.125,28.1,-1.738,-41.188,-96.875,-46.2,1.605,-96.812,0.000,0.0,0.000,0.000,0.000,0.0,0.000,0.000
1.9903,2.941,0.7,-8.375,2.932,4.809,-0.0,8.047,4.812,28.156,-20.7,9.836,28.219,91.875,16.3,-4.312,91.875,-1.642,1.9,0.276,-1.642,-6.016,19.0,0.465,-6.055,-41.031,35.7,-2.461,-41.125,-96.938,-36.9,1.726,-96.875,0.000,0.0,0.000,0.000,0.000,0.0,0.000,0.000
1.9924,2.957,7.0,-3.057,2.941,4.797,-1.1,6.523,4.809,28.094,-27.0,8.367,28.156,91.938,9.9,-3.334,91.875,-1.676,-9.7,0.344,-1.642,-5.980,17.5,0.012,-6.016,-40.969,33.7,-3.178,-41.031,-97.000,-36.8,1.581,-96.938,0.000,0.0,0.000,0.000,0.000,0.0,0.000,0.000
1.9947,3.004,18.9,-3.174,2.957,4.781,-4.8,5.715,4.797,28.031,-33.2,8.797,28.094,91.938,1.6,-3.068,91.938,-1.732,-20.6,1.351,-1.676,-5.988,4.6,0.571,-5.980,-40.906,30.0,-2.982,-40.969,-97.062,-30.5,1.419,-97.000,0.000,0.0,0.000,0.000,0.000,0.0,0.000,0.000
1.9967,3.068,29.3,-3.994,3.004,4.758,-8.3,5.574,4.781,27.953,-33.2,7.660,28.031,91.875,0.1,-2.455,91.938,-1.802,-27.0,1.824,-1.732,-5.992,0.7,-0.139,-5.988,-40.875,28.6,-3.748,-40.906,-97.125,-24.5,1.471,-97.062,0.000,0.0,0.000,0.000,0.000,0.0,0.000,0.000
1.9982,3.133,31.6,-3.090,3.068,4.746,-7.1,4.379,4.758,27.891,-35.6,7.793,27.953,91.875,-3.5,-2.383,91.875,-1.898,-40.8,2.121,-1.802,-6.027,-11.6,-0.116,-5.992,-40.844,14.5,-3.797,-40.875,-97.125,-15.3,1.522,-97.125,0.000,0.0,0.000,0.000,0.000,0.0,0.000,0.000
2.0000,3.203,34.6,-3.115,3.133,4.730,-7.6,4.062,4.746,27.797,-40.3,8.070,27.891,91.875,-9.4,-2.619,91.875,-1.983,-42.3,2.793,-1.898,-6.066,-16.3,0.306,-6.027,-40.844,8.9,-3.500,-40.844,-97.125,-10.7,1.432,-97.125,0.000,0.0,0.000,0.000,0.000,0.0,0.000,0.000
2.0020,3.285,39.1,-3.109,3.203,4.711,-9.1,4.121,4.730,27.750,-33.4,8.203,27.797,91.875,-4.2,-2.961,91.875,-2.084,-47.1,2.988,-1.983,-6.105,-19.3,0.252,-6.066,-40.844,-1.5,-3.250,-40.844,-97.125,-7.5,1.555,-97.125,0.000,0.0,0.000,0.000,0.000,0.0,0.000,0.000
2.0040,3.352,36.4,-2.820,3.285,4.715,-1.0,3.936,4.711,27.672,-35.4,7.832,27.750,91.812,-15.1,-2.914,91.875,-2.178,-47.5,3.742,-2.084,-6.133,-14.1,-0.370,-6.105,-40.875,-6.4,-3.549,-40.844,-97.125,-0.1,1.593,-97.125,0.000,0.0,0.000,0.000,0.000,0.0,0.000,0.000
2.0060,3.404,30.4,-3.389,3.352,4.707,-0.4,2.463,4.715,27.625,-28.7,6.074,27.672,91.812,-17.1,-2.453,91.812,-2.254,-41.2,5.758,-2.178,-6.172,-18.4,-3.107,-6.133,-40.906,-13.0,-7.570,-40.875,-97.125,8.3,4.973,-97.125,0.000,0.0,0.000,0.000,0.000,0.0,0.000,0.000
2.0080,3.467,30.3,-3.434,3.404,4.695,-4.6,0.688,4.707,27.547,-34.6,5.500,27.625,91.750,-10.8,-2.236,91.812,-2.301,-28.4,5.551,-2.254,-6.230,-25.7,-3.770,-6.172,-40.969,-27.8,-8.086,-40.906,-97.062,18.4,5.402,-97.125,0.000,0.0,0.000,0.000,0.000,0.0,0.000,0.000
2.0100,3.508,24.5,-3.365,3.467,4.672,-9.7,-0.012,4.695,27.469,-39.8,4.016,27.547,91.750,-16.3,-1.358,91.750,-2.342,-21.2,7.727,-2.301,-6.312,-36.4,-3.561,-6.230,-41.094,-48.2,-9.273,-40.969,-97.000,31.8,6.309,-97.062,0.000,0.0,0.000,0.000,0.000,0.0,0.000,0.000
2.0120,3.543,19.8,-5.000,3.508,4.637,-13.5,-0.107,4.672,27.391,-41.2,4.441,27.469,91.750,-10.5,-1.065,91.750,-2.332,-3.6,7.625,-2.342,-6.410,-45.4,-4.039,-6.312,-41.250,-62.7,-9.086,-41.094,-96.875,48.4,6.715,-97.000,0.000,0.0,0.000,0.000,0.000,0.0,0.000,0.000
2.0140,3.549,8.1,-5.336,3.543,4.590,-19.5,-0.205,4.637,27.281,-46.9,4.141,27.391,91.750,-6.3,-0.718,91.750,-2.287,15.0,7.805,-2.332,-6.523,-51.5,-3.732,-6.410,-41.438,-85.1,-8.594,-41.250,-96.688,64.9,6.320,-96.875,0.000,0.0,0.000,0.000,0.000,0.0,0.000,0.000
2.0162,3.562,7.1,-7.203,3.549,4.516,-32.0,-0.243,4.590,27.172,-50.0,4.453,27.281,91.750,4.0,0.427,91.750,-2.225,26.4,8.180,-2.287,-6.648,-58.1,-4.324,-6.523,-41.656,-100.6,-9.133,-41.438,-96.500,82.2,4.984,-96.688,0.000,0.0,0.000,0.000,0.000,0.0,0.000,0.000
2.0184,3.527,-7.8,-6.945,3.562,4.473,-26.9,0.005,4.516,27.062,-54.9,5.074,27.172,91.750,7.6,0.522,91.750,-2.121,42.4,6.441,-2.225,-6.727,-44.5,-5.621,-6.648,-41.875,-109.1,-9.461,-41.656,-96.312,92.2,3.566,-96.500,0.000,0.0,0.000,0.000,0.000,0.0,0.000,0.000
2.0207,3.482,-16.1,-5.754,3.527,4.426,-24.4,0.297,4.473,26.953,-55.3,5.508,27.062,91.812,18.6,0.471,91.750,-1.996,54.9,4.969,-2.121,-6.746,-21.3,-7.152,-6.727,-42.094,-111.6,-9.195,-41.875,-96.125,105.9,3.174,-96.312,0.000,0.0,0.000,0.000,0.000,0.0,0.000,0.000
2.0230,3.408,-22.3,-4.809,3.482,4.363,-19.7,0.693,4.426,26.828,-40.6,5.832,26.953,91.875,28.9,0.664,91.812,-1.789,65.6,4.406,-1.996,-6.750,-4.0,-9.469,-6.746,-42.438,-109.4,-9.922,-42.094,-95.812,102.8,-1.048,-96.125,0.000,0.0,0.000,0.000,0.000,0.0,0.000,0.000
2.0244,3.393,-19.6,-4.625,3.408,4.340,-21.7,0.964,4.363,26.781,-41.6,5.836,26.828,91.938,29.4,0.633,91.875,-1.720,66.9,4.242,-1.789,-6.734,4.3,-9.539,-6.750,-42.531,-106.1,-10.164,-42.438,-95.688,100.4,-1.388,-95.812,0.000,0.0,0.000,0.000,0.000,0.0,0.000,0.000
2.0260,3.361,-14.8,-4.637,3.393,4.316,-16.2,0.870,4.340,26.719,-34.3,5.633,26.781,92.000,33.8,0.638,91.938,-1.575,71.3,3.035,-1.720,-6.742,-1.1,-9.414,-6.734,-42.750,-102.1,-10.859,-42.531,-95.562,86.5,-1.867,-95.688,0.000,0.0,0.000,0.000,0.000,0.0,0.000,0.000
2.0280,3.326,-15.1,-4.324,3.361,4.305,-9.8,1.010,4.316,26.672,-30.3,5.363,26.719,92.062,42.6,0.564,92.000,-1.462,62.6,2.996,-1.575,-6.758,-5.4,-9.844,-6.742,-42.875,-84.2,-11.641,-42.750,-95.375,74.6,-1.660,-95.562,0.000,0.0,0.000,0.000,0.000,0.0,0.000,0.000
2.0300,3.307,-12.5,-4.559,3.326,4.293,-7.1,0.587,4.305,26.641,-21.0,4.289,26.672,92.188,48.2,0.350,92.062,-1.358,53.5,2.445,-1.462,-6.777,-7.9,-10.609,-6.758,-43.031,-75.5,-11.367,-42.875,-95.312,56.4,-3.100,-95.375,0.000,0.0,0.000,0.000,0.000,0.0,0.000,0.000
2.0320,3.299,-8.8,-4.555,3.307,4.297,-0.6,-0.819,4.293,26.609,-16.4,3.564,26.641,92.312,50.1,-0.050,92.188,-1.262,49.8,3.135,-1.358,-6.809,-11.7,-9.828,-6.777,-43.125,-57.9,-10.992,-43.031,-95.250,35.1,-3.609,-95.312,0.000,0.0,0.000,0.000,0.000,0.0,0.000,0.000
2.0340,3.289,-6.3,-4.445,3.299,4.277,-6.1,-1.169,4.297,26.578,-16.9,2.607,26.609,92.438,55.7,-0.548,92.312,-1.189,42.7,3.939,-1.262,-6.840,-13.4,-9.469,-6.809,-43.188,-35.5,-10.859,-43.125,-95.250,11.4,-2.262,-95.250,0.000,0.0,0.000,0.000,0.000,0.0,0.000,0.000
2.0360,3.283,-3.9,-4.344,3.289,4.273,-4.1,-1.564,4.277,26.547,-21.1,2.307,26.578,92.500,57.2,-0.919,92.438,-1.143,30.3,4.289,-1.189,-6.863,-12.7,-9.570,-6.840,-43.188,-16.2,-11.078,-43.188,-95.312,-10.8,-1.291,-95.250,0.000,0.0,0.000,0.000,0.000,0.0,0.000,0.000
2.0380,3.264,-7.2,-4.098,3.283,4.254,-8.4,-1.646,4.273,26.500,-18.4,2.260,26.547,92.625,50.8,-1.129,92.500,-1.086,28.6,4.984,-1.143,-6.871,-8.5,-9.867,-6.863,-43.156,1.6,-11.352,-43.188,-95.375,-24.7,-0.329,-95.312,0.000,0.0,0.000,0.000,0.000,0.0,0.000,0.000
2.0400,3.248,-7.4,-3.986,3.264,4.234,-9.4,-1.901,4.254,26.438,-29.1,2.154,26.500,92.750,51.3,-1.453,92.625,-1.048,21.0,4.977,-1.086,-6.883,-6.7,-10.078,-6.871,-43.125,11.6,-11.438,-43.156,-95.438,-35.6,1.571,-95.375,0.000,0.0,0.000,0.000,0.000,0.0,0.000,0.000
2.0420,3.229,-8.6,-3.584,3.248,4.195,-15.6,-2.086,4.234,26.375,-26.5,1.438,26.438,92.812,49.4,-1.599,92.750,-1.011,19.0,5.305,-1.048,-6.902,-8.8,-8.234,-6.883,-43.094,17.4,-11.547,-43.125,-95.562,-41.0,2.547,-95.438,0.000,0.0,0.000,0.000,0.000,0.0,0.000,0.000
2.0440,3.221,-5.3,-3.225,3.229,4.145,-21.9,-1.303,4.195,26.297,-33.4,0.875,26.375,92.938,45.7,-2.146,92.812,-0.982,15.5,5.586,-1.011,-6.922,-10.5,-6.828,-6.902,-43.062,20.9,-10.961,-43.094,-95.625,-41.5,5.152,-95.562,0.000,0.0,0.000,0.000,0.000,0.0,0.000,0.000
2.0462,3.201,-7.1,-3.205,3.221,4.094,-24.4,-0.914,4.145,26.219,-39.7,3.859,26.297,93.000,41.0,-2.219,92.938,-0.963,11.3,1.263,-0.982,-6.934,-6.0,-4.117,-6.922,-43.000,21.0,-9.820,-43.062,-95.688,-35.4,4.750,-95.625,0.000,0.0,0.000,0.000,0.000,0.0,0.000,0.000
2.0483,3.203,-1.2,1.492,3.201,4.035,-27.4,1.776,4.094,26.156,-35.3,4.414,26.219,93.062,35.9,-2.189,93.000,-0.970,1.2,-0.881,-0.963,-6.926,2.8,-3.416,-6.934,-42.969,24.0,-7.383,-43.000,-95.750,-26.1,3.211,-95.688,0.000,0.0,0.000,0.000,0.000,0.0,0.000,0.000
2.0506,3.227,7.9,1.057,3.203,4.000,-21.3,2.674,4.035,26.109,-24.8,4.203,26.156,93.062,25.6,-2.008,93.062,-1.023,-16.5,0.365,-0.970,-6.914,6.3,-3.711,-6.926,-42.875,35.4,-6.887,-42.969,-95.750,-23.7,2.623,-95.750,0.000,0.0,0.000,0.000,0.000,0.0,0.000,0.000
2.0528,3.295,20.2,-0.769,3.227,3.988,-8.2,2.674,4.000,26.078,-10.5,4.691,26.109,93.125,13.3,-2.355,93.062,-1.151,-36.7,2.404,-1.023,-6.871,12.6,-3.307,-6.914,-42.750,42.8,-6.258,-42.875,-95.812,-16.1,1.905,-95.750,0.000,0.0,0.000,0.000,0.000,0.0,0.000,0.000
2.0542,3.332,27.0,-1.083,3.295,3.992,-5.5,2.238,3.988,26.094,-2.3,4.160,26.078,93.125,8.3,-2.148,93.125,-1.215,-46.9,3.104,-1.151,-6.848,17.7,-3.465,-6.871,-42.688,50.3,-6.539,-42.750,-95.812,-14.8,1.984,-95.812,0.000,0.0,0.000,0.000,0.000,0.0,0.000,0.000
2.0560,3.383,26.3,-1.410,3.332,4.035,10.2,1.502,3.992,26.125,9.8,2.807,26.094,93.125,1.8,-1.505,93.125,-1.327,-54.3,4.066,-1.215,-6.828,13.1,-4.289,-6.848,-42.594,49.1,-8.125,-42.688,-95.875,-13.8,2.838,-95.812,0.000,0.0,0.000,0.000,0.000,0.0,0.000,0.000
2.0580,3.445,29.0,-1.341,3.383,4.074,14.8,0.501,4.035,26.172,17.2,2.445,26.125,93.125,-7.5,-1.413,93.125,-1.428,-52.9,4.312,-1.327,-6.812,9.9,-3.914,-6.828,-42.469,56.2,-8.406,-42.594,-95.875,-8.5,2.982,-95.875,0.000,0.0,0.000,0.000,0.000,0.0,0.000,0.000
2.0600,3.512,30.7,-1.772,3.445,4.121,19.6,0.511,4.074,26.219,19.8,7.477,26.172,93.062,-11.0,-3.623,93.125,-1.528,-49.6,4.742,-1.428,-6.789,13.3,0.053,-6.812,-42.375,48.7,-4.875,-42.469,-95.875,-5.1,1.513,-95.875,0.000,0.0,0.000,0.000,0.000,0.0,0.000,0.000
2.0620,3.570,29.2,-6.387,3.512,4.176,25.7,4.066,4.121,26.312,37.4,8.516,26.219,93.062,-20.1,-5.332,93.062,-1.629,-49.4,10.344,-1.528,-6.746,20.6,1.235,-6.789,-42.281,45.0,-2.801,-42.375,-95.875,-4.8,0.528,-95.875,0.000,0.0,0.000,0.000,0.000,0.0,0.000,0.000
2.0640,3.590,13.3,-10.477,3.570,4.242,30.1,4.336,4.176,26.453,59.5,8.609,26.312,92.938,-27.8,-5.223,93.062,-1.653,-26.2,9.570,-1.629,-6.680,28.9,1.087,-6.746,-42.188,52.1,-2.836,-42.281,-95.875,-2.5,0.498,-95.875,0.000,0.0,0.000,0.000,0.000,0.0,0.000,0.000
2.0660,3.559,-6.3,-11.570,3.590,4.352,44.7,4.848,4.242,26.625,74.8,8.406,26.453,92.875,-45.1,-5.234,92.938,-1.660,-11.1,8.773,-1.653,-6.586,39.9,0.680,-6.680,-42.062,59.0,-3.738,-42.188,-95.938,-8.9,-0.033,-95.875,0.000,0.0,0.000,0.000,0.000,0.0,0.000,0.000
2.0680,3.490,-24.9,-9.539,3.559,4.496,64.4,4.363,4.352,26.812,86.4,8.109,26.625,92.688,-61.6,-5.641,92.875,-1.626,7.0,7.102,-1.660,-6.488,45.5,-0.087,-6.586,-41.938,59.7,-3.807,-42.062,-95.938,-10.9,-0.030,-95.938,0.000,0.0,0.000,0.000,0.000,0.0,0.000,0.000
2.0700,3.412,-33.7,-8.445,3.490,4.637,68.4,3.348,4.496,27.031,101.1,8.242,26.812,92.562,-71.2,-4.172,92.688,-1.572,20.9,6.148,-1.626,-6.402,44.5,-0.640,-6.488,-41.812,58.2,-4.395,-41.938,-96.000,-15.5,-0.123,-95.938,0.000,0.0,0.000,0.000,0.000,0.0,0.000,0.000
2.0720,3.330,-36.5,-7.902,3.412,4.793,72.2,3.109,4.637,27.250,103.8,7.668,27.031,92.375,-80.5,-3.352,92.562,-1.525,24.4,4.684,-1.572,-6.328,40.0,-1.025,-6.402,-41.688,58.7,-4.621,-41.812,-96.000,-18.1,-0.053,-96.000,0.000,0.0,0.000,0.000,0.000,0.0,0.000,0.000
2.0742,3.252,-37.2,-6.324,3.330,4.926,65.1,4.418,4.793,27.469,103.4,7.957,27.250,92.250,-81.3,0.941,92.375,-1.490,19.9,3.412,-1.525,-6.266,35.3,-1.643,-6.328,-41.594,54.2,-5.578,-41.688,-96.062,-23.3,-0.463,-96.000,0.000,0.0,0.000,0.000,0.000,0.0,0.000,0.000
2.0763,3.170,-38.5,-6.332,3.252,5.016,48.9,6.703,4.926,27.672,104.1,8.844,27.469,92.125,-74.1,1.104,92.250,-1.453,17.2,3.426,-1.490,-6.223,27.0,-1.816,-6.266,-41.500,51.4,-5.332,-41.594,-96.125,-28.7,-0.340,-96.062,0.000,0.0,0.000,0.000,0.000,0.0,0.000,0.000
2.0783,3.084,-40.6,-5.520,3.170,5.027,21.9,8.320,5.016,27.875,102.2,9.367,27.672,92.000,-64.4,0.800,92.125,-1.415,17.3,3.801,-1.453,-6.207,13.7,-1.560,-6.223,-41.406,42.1,-5.367,-41.500,-96.188,-29.8,-0.311,-96.125,0.000,0.0,0.000,0.000,0.000,0.0,0.000,0.000
2.0800,3.016,-35.7,-5.855,3.084,4.992,-3.0,9.680,5.027,28.047,92.8,10.156,27.875,91.875,-48.9,0.702,92.000,-1.396,13.6,4.094,-1.415,-6.188,10.3,-1.403,-6.207,-41.344,40.6,-5.539,-41.406,-96.312,-37.9,-0.360,-96.188,0.000,0.0,0.000,0.000,0.000,0.0,0.000,0.000
2.0820,2.969,-25.8,-6.082,3.016,4.957,-12.5,10.562,4.992,28.203,83.4,11.398,28.047,91.812,-40.3,0.781,91.875,-1.406,2.2,4.641,-1.396,-6.199,1.1,-1.064,-6.188,-41.281,36.2,-5.738,-41.344,-96.375,-39.8,-0.331,-96.312,0.000,0.0,0.000,0.000,0.000,0.0,0.000,0.000
2.0840,2.924,-23.0,-6.992,2.969,4.938,-11.0,11.039,4.957,28.344,71.2,11.070,28.203,91.812,-28.0,1.513,91.812,-1.399,0.3,5.012,-1.406,-6.195,1.9,-0.241,-6.199,-41.219,30.2,-5.242,-41.281,-96.500,-44.5,-0.359,-96.375,0.000,0.0,0.000,0.000,0.000,0.0,0.000,0.000
2.0860,2.896,-19.3,-7.801,2.924,4.938,-3.8,11.977,4.938,28.453,61.0,10.758,28.344,91.750,-15.3,2.057,91.812,-1.387,3.7,5.074,-1.399,-6.207,-3.3,0.829,-6.195,-41.156,26.6,-4.930,-41.219,-96.562,-50.2,-0.174,-96.500,0.000,0.0,0.000,0.000,0.000,0.0,0.000,0.000
2.0880,2.877,-12.3,-8.016,2.896,4.953,2.4,12.516,4.938,28.547,47.4,9.609,28.453,91.812,2.8,1.244,91.750,-1.381,3.0,4.941,-1.387,-6.195,2.6,1.464,-6.207,-41.094,25.8,-3.607,-41.156,-96.688,-51.5,0.397,-96.562,0.000,0.0,0.000,0.000,0.000,0.0,0.000,0.000
2.0900,2.836,-16.8,-7.789,2.877,4.961,2.4,10.867,4.953,28.594,31.5,10.078,28.547,91.812,19.0,0.394,91.812,-1.378,1.3,4.941,-1.381,-6.191,1.7,2.109,-6.195,-41.031,29.1,-3.402,-41.094,-96.750,-50.3,0.749,-96.688,0.000,0.0,0.000,0.000,0.000,0.0,0.000,0.000
2.0920,2.818,-11.2,-8.844,2.836,4.973,4.9,11.109,4.961,28.594,11.6,10.000,28.594,91.875,24.6,-0.985,91.812,-1.381,-1.3,5.105,-1.378,-6.168,7.1,2.619,-6.191,-40.969,29.7,-2.861,-41.031,-96.875,-53.7,1.001,-96.750,0.000,0.0,0.000,0.000,0.000,0.0,0.000,0.000
2.0940,2.797,-11.1,-8.789,2.818,4.973,2.1,10.891,4.973,28.562,-7.3,10.312,28.594,91.938,25.4,-2.105,91.875,-1.378,-0.0,5.125,-1.381,-6.141,10.8,2.223,-6.168,-40.906,31.4,-2.361,-40.969,-97.000,-49.4,1.253,-96.875,0.000,0.0,0.000,0.000,0.000,0.0,0.000,0.000
2.0960,2.787,-8.1,-8.766,2.797,4.957,-3.3,10.227,4.973,28.531,-14.6,10.836,28.562,92.000,31.2,-3.162,91.938,-1.387,-3.7,5.105,-1.378,-6.109,12.7,1.788,-6.141,-40.844,30.8,-1.770,-40.906,-97.062,-45.2,1.525,-97.000,0.000,0.0,0.000,0.000,0.000,0.0,0.000,0.000
2.0984,2.787,-4.2,-8.773,2.787,4.957,-0.5,8.398,4.957,28.469,-25.2,10.773,28.531,92.062,27.8,-5.020,92.000,-1.394,-5.1,3.373,-1.387,-6.082,13.6,1.278,-6.109,-40.781,33.0,-1.127,-40.844,-97.125,-39.9,1.898,-97.062,0.000,0.0,0.000,0.000,0.000,0.0,0.000,0.000
2.1005,2.787,-2.2,-7.352,2.787,4.941,-3.1,7.648,4.957,28.406,-26.6,9.328,28.469,92.125,21.1,-4.348,92.062,-1.406,-6.4,1.313,-1.394,-6.066,11.3,1.007,-6.082,-40.719,33.3,-1.675,-40.781,-97.188,-33.1,1.747,-97.125,0.000,0.0,0.000,0.000,0.000,0.0,0.000,0.000
2.1028,2.834,13.6,-2.781,2.787,4.926,-3.8,6.199,4.941,28.312,-30.9,7.570,28.406,92.125,2.5,-2.770,92.125,-1.475,-20.4,0.023,-1.406,-6.105,-10.1,-0.360,-6.066,-40.625,32.0,-4.102,-40.719,-97.250,-22.9,1.829,-97.188,0.000,0.0,0.000,0.000,0.000,0.0,0.000,0.000
2.1054,2.891,23.2,-1.959,2.834,4.902,-9.2,4.418,4.926,28.219,-35.7,6.289,28.312,92.125,1.7,-2.193,92.125,-1.562,-36.0,1.173,-1.475,-6.137,-13.9,-0.845,-6.105,-40.594,25.4,-4.281,-40.625,-97.250,-18.1,1.749,-97.250,0.000,0.0,0.000,0.000,0.000,0.0,0.000,0.000
2.1068,2.941,33.7,-2.385,2.891,4.883,-12.9,4.262,4.902,28.172,-41.1,6.137,28.219,92.125,-1.3,-1.755,92.125,-1.598,-34.8,2.174,-1.562,-6.168,-20.3,-0.805,-6.137,-40.562,18.2,-5.285,-40.594,-97.250,-11.1,2.418,-97.250,0.000,0.0,0.000,0.000,0.000,0.0,0.000,0.000
2.1080,3.031,42.1,-3.287,2.941,4.848,-16.9,2.865,4.883,28.062,-49.0,5.934,28.172,92.062,-3.1,-1.468,92.125,-1.704,-44.3,3.533,-1.598,-6.230,-29.3,-1.113,-6.168,-40.594,5.2,-5.492,-40.562,-97.250,-2.0,2.842,-97.250,0.000,0.0,0.000,0.000,0.000,0.0,0.000,0.000
2.1100,3.119,42.1,-3.682,3.031,4.809,-19.8,2.684,4.848,27.953,-51.1,6.801,28.062,92.062,-1.9,-1.595,92.062,-1.802,-45.7,3.781,-1.704,-6.297,-31.0,-0.923,-6.230,-40.594,-5.2,-4.918,-40.594,-97.250,1.6,2.600,-97.250,0.000,0.0,0.000,0.000,0.000,0.0,0.000,0.000
2.1120,3.217,45.0,-3.688,3.119,4.766,-20.8,2.840,4.809,27.844,-55.7,8.500,27.953,92.062,-1.5,-3.176,92.062,-1.898,-46.1,4.457,-1.802,-6.359,-31.1,-1.215,-6.297,-40.656,-21.0,-5.352,-40.594,-97.250,12.5,3.678,-97.250,0.000,0.0,0.000,0.000,0.000,0.0,0.000,0.000
2.1140,3.301,42.0,-3.721,3.217,4.730,-18.4,3.014,4.766,27.734,-54.8,6.785,27.844,92.062,-4.9,-2.932,92.062,-1.983,-42.5,4.961,-1.898,-6.449,-39.1,-1.088,-6.359,-40.719,-28.6,-5.648,-40.656,-97.188,21.2,3.414,-97.250,0.000,0.0,0.000,0.000,0.000,0.0,0.000,0.000
2.1160,3.387,41.6,-4.129,3.301,4.711,-13.7,1.248,4.730,27.641,-51.5,3.424,27.734,92.062,-4.6,-1.078,92.062,-2.053,-36.6,12.758,-1.983,-6.523,-38.5,-3.242,-6.449,-40.844,-43.4,-9.820,-40.719,-97.125,33.8,5.824,-97.188,0.000,0.0,0.000,0.000,0.000,0.0,0.000,0.000
2.1180,3.455,37.3,-11.648,3.387,4.695,-8.7,-0.932,4.711,27.516,-58.5,3.977,27.641,92.062,-0.3,0.209,92.062,-2.068,-17.5,12.688,-2.053,-6.625,-45.6,-4.227,-6.523,-40.969,-63.8,-10.281,-40.844,-97.000,48.5,6.867,-97.125,0.000,0.0,0.000,0.000,0.000,0.0,0.000,0.000
2.1200,3.471,19.2,-9.648,3.455,4.652,-17.0,-0.928,4.695,27.391,-63.3,4.777,27.516,92.062,7.5,0.515,92.062,-1.996,15.2,10.547,-2.068,-6.738,-50.1,-3.850,-6.625,-41.188,-86.5,-9.688,-40.969,-96.812,67.1,5.445,-97.000,0.000,0.0,0.000,0.000,0.000,0.0,0.000,0.000
2.1220,3.436,-2.8,-8.750,3.471,4.621,-16.0,-0.646,4.652,27.250,-70.8,5.449,27.391,92.062,8.4,0.461,92.062,-1.883,40.3,8.375,-1.996,-6.848,-52.1,-4.918,-6.738,-41.406,-100.4,-9.234,-41.188,-96.688,77.6,4.172,-96.812,0.000,0.0,0.000,0.000,0.000,0.0,0.000,0.000
2.1245,3.373,-20.1,-7.277,3.436,4.582,-18.9,-0.535,4.621,27.109,-67.2,5.652,27.250,92.125,14.4,0.417,92.062,-1.748,55.9,6.734,-1.883,-6.902,-37.0,-6.168,-6.848,-41.625,-114.9,-8.938,-41.406,-96.500,91.4,3.410,-96.688,0.000,0.0,0.000,0.000,0.000,0.0,0.000,0.000
2.1269,3.273,-30.3,-6.363,3.373,4.523,-18.3,-0.125,4.582,26.938,-62.1,6.191,27.109,92.250,26.6,0.571,92.125,-1.510,73.3,4.906,-1.748,-6.934,-13.7,-9.055,-6.902,-42.031,-124.9,-9.016,-41.625,-96.188,92.6,0.392,-96.500,0.000,0.0,0.000,0.000,0.000,0.0,0.000,0.000
2.1293,3.211,-30.7,-6.047,3.273,4.496,-14.7,-0.090,4.523,26.844,-52.2,6.496,26.938,92.312,31.1,0.618,92.250,-1.350,77.1,3.914,-1.510,-6.938,-7.9,-9.586,-6.934,-42.281,-126.4,-9.383,-42.031,-96.000,93.1,0.116,-96.188,0.000,0.0,0.000,0.000,0.000,0.0,0.000,0.000
2.1316,3.150,-21.1,-4.520,3.211,4.445,-15.6,0.493,4.496,26.734,-35.9,6.145,26.844,92.438,37.9,0.862,92.312,-1.136,71.4,2.617,-1.350,-6.949,-7.4,-10.789,-6.938,-42.594,-106.6,-10.211,-42.281,-95.812,73.4,-3.619,-96.000,0.000,0.0,0.000,0.000,0.000,0.0,0.000,0.000
2.1332,3.135,-19.1,-4.102,3.150,4.441,-11.6,0.521,4.445,26.719,-32.4,5.621,26.734,92.438,38.1,0.738,92.438,-1.079,64.8,2.824,-1.136,-6.973,-13.8,-10.531,-6.949,-42.688,-108.5,-10.805,-42.594,-95.750,66.9,-3.221,-95.812,0.000,0.0,0.000,0.000,0.000,0.0,0.000,0.000
2.1349,3.125,-9.7,-4.742,3.135,4.414,-11.5,0.439,4.441,26.688,-20.5,5.324,26.719,92.562,47.4,0.658,92.438,-0.979,53.8,2.812,-1.079,-7.008,-16.8,-10.969,-6.973,-42.844,-89.4,-11.836,-42.688,-95.688,44.7,-3.646,-95.750,0.000,0.0,0.000,0.000,0.000,0.0,0.000,0.000
2.1366,3.125,-6.3,-4.711,3.125,4.410,-9.3,0.338,4.414,26.672,-13.6,4.500,26.688,92.625,50.8,0.505,92.562,-0.935,49.3,3.043,-0.979,-7.031,-19.4,-10.922,-7.008,-42.938,-81.7,-11.609,-42.844,-95.625,37.3,-3.447,-95.688,0.000,0.0,0.000,0.000,0.000,0.0,0.000,0.000
2.1383,3.119,-5.3,-4.625,3.125,4.398,-7.6,-0.493,4.410,26.672,-9.5,3.387,26.672,92.688,53.0,0.137,92.625,-0.860,40.9,3.859,-0.935,-7.086,-23.9,-11.250,-7.031,-43.031,-67.1,-11.703,-42.938,-95.625,14.5,-3.100,-95.625,0.000,0.0,0.000,0.000,0.000,0.0,0.000,0.000
2.1400,3.125,1.1,-4.352,3.119,4.391,-5.7,-0.833,4.398,26.656,-8.7,2.406,26.672,92.812,52.1,-0.247,92.688,-0.803,31.7,4.598,-0.860,-7.125,-19.5,-10.883,-7.086,-43.125,-49.3,-11.844,-43.031,-95.688,-2.2,-2.309,-95.625,0.000,0.0,0.000,0.000,0.000,0.0,0.000,0.000
2.1420,3.107,-5.3,-4.457,3.125,4.379,-5.8,-1.020,4.391,26.641,-3.5,2.049,26.656,92.938,51.4,-0.642,92.812,-0.756,27.3,5.570,-0.803,-7.168,-18.0,-10.398,-7.125,-43.125,-25.3,-12.211,-43.125,-95.750,-25.9,-1.224,-95.688,0.000,0.0,0.000,0.000,0.000,0.0,0.000,0.000
2.1440,3.098,-5.8,-4.348,3.107,4.359,-7.9,-1.327,4.379,26.609,-13.2,1.693,26.641,93.000,49.2,-1.090,92.938,-0.731,17.1,6.254,-0.756,-7.191,-13.4,-10.578,-7.168,-43.156,-10.7,-11.617,-43.125,-95.875,-37.7,-0.184,-95.750,0.000,0.0,0.000,0.000,0.000,0.0,0.000,0.000
2.1460,3.088,-5.6,-4.477,3.098,4.344,-7.7,-1.979,4.359,26.562,-20.2,1.644,26.609,93.125,52.3,-1.132,93.000,-0.684,19.8,6.109,-0.731,-7.195,-6.1,-10.750,-7.191,-43.125,-0.1,-12.164,-43.156,-95.938,-48.8,0.927,-95.875,0.000,0.0,0.000,0.000,0.000,0.0,0.000,0.000
2.1480,3.072,-8.2,-4.211,3.088,4.301,-13.6,-1.690,4.344,26.516,-23.4,0.764,26.562,93.250,54.3,-1.790,93.125,-0.666,12.2,6.215,-0.684,-7.203,-2.2,-9.438,-7.195,-43.094,12.5,-11.820,-43.125,-96.062,-48.4,3.799,-95.938,0.000,0.0,0.000,0.000,0.000,0.0,0.000,0.000
2.1500,3.082,-1.5,-3.756,3.072,4.285,-13.7,-1.539,4.301,26.500,-25.3,0.800,26.516,93.250,45.0,-1.884,93.250,-0.646,15.2,6.961,-0.666,-7.215,-5.1,-7.918,-7.203,-43.062,11.6,-12.008,-43.094,-96.125,-48.4,5.727,-96.062,0.000,0.0,0.000,0.000,0.000,0.0,0.000,0.000
2.1520,3.068,-5.4,-3.707,3.082,4.250,-22.6,-1.120,4.285,26.453,-27.9,0.961,26.500,93.312,43.1,-2.135,93.250,-0.644,9.7,0.923,-0.646,-7.219,-4.6,-7.910,-7.215,-43.031,15.8,-10.281,-43.062,-96.125,-46.0,5.332,-96.125,0.000,0.0,0.000,0.000,0.000,0.0,0.000,0.000
2.1544,3.109,13.0,0.960,3.068,4.164,-21.1,2.439,4.250,26.328,-26.4,4.367,26.453,93.438,27.1,-2.443,93.312,-0.725,-22.8,0.577,-0.644,-7.176,11.2,-4.195,-7.219,-42.906,34.6,-6.805,-43.031,-96.250,-29.5,3.248,-96.125,0.000,0.0,0.000,0.000,0.000,0.0,0.000,0.000
2.1573,3.191,26.5,-0.432,3.109,4.156,-4.1,2.559,4.164,26.297,-15.0,4.094,26.328,93.500,16.7,-2.191,93.438,-0.875,-43.8,2.861,-0.725,-7.125,18.8,-3.271,-7.176,-42.781,46.8,-6.137,-42.906,-96.312,-25.3,2.154,-96.250,0.000,0.0,0.000,0.000,0.000,0.0,0.000,0.000
2.1594,3.248,28.3,-1.265,3.191,4.172,4.1,2.062,4.156,26.297,-6.2,4.539,26.297,93.500,5.8,-2.502,93.500,-1.001,-55.2,3.863,-0.875,-7.098,14.6,-3.068,-7.125,-42.656,54.4,-6.152,-42.781,-96.375,-22.7,2.057,-96.312,0.000,0.0,0.000,0.000,0.000,0.0,0.000,0.000
2.1609,3.307,27.8,-1.533,3.248,4.211,11.9,1.761,4.172,26.312,6.1,3.928,26.297,93.438,-1.1,-2.145,93.500,-1.133,-61.8,4.762,-1.001,-7.062,16.4,-3.053,-7.098,-42.531,57.8,-6.594,-42.656,-96.375,-16.5,1.870,-96.375,0.000,0.0,0.000,0.000,0.000,0.0,0.000,0.000
2.1623,3.348,33.1,-1.407,3.307,4.238,16.2,1.628,4.211,26.344,13.4,3.605,26.312,93.438,-5.8,-2.100,93.438,-1.205,-67.0,4.723,-1.133,-7.055,12.3,-2.898,-7.062,-42.469,58.5,-6.613,-42.531,-96.438,-19.6,1.896,-96.375,0.000,0.0,0.000,0.000,0.000,0.0,0.000,0.000
2.1640,3.408,34.4,-1.660,3.348,4.297,24.1,1.566,4.238,26.391,20.0,5.273,26.344,93.438,-14.5,-3.174,93.438,-1.314,-62.5,4.500,-1.205,-7.031,10.6,-1.236,-7.055,-42.312,64.8,-5.836,-42.469,-96.438,-12.9,1.571,-96.438,0.000,0.0,0.000,0.000,0.000,0.0,0.000,0.000
2.1660,3.445,25.1,-2.551,3.408,4.352,26.0,1.928,4.297,26.469,31.5,4.555,26.391,93.375,-21.9,-4.141,93.438,-1.435,-61.3,6.824,-1.314,-7.012,9.4,-0.463,-7.031,-42.219,60.9,-4.473,-42.312,-96.438,-8.6,1.353,-96.438,0.000,0.0,0.000,0.000,0.000,0.0,0.000,0.000
2.1680,3.502,25.2,-7.121,3.445,4.434,34.2,4.348,4.352,26.562,42.1,6.602,26.469,93.312,-35.2,-5.180,93.375,-1.516,-48.5,12.062,-1.435,-6.965,18.1,1.354,-7.012,-42.094,58.3,-3.285,-42.219,-96.438,-8.1,0.758,-96.438,0.000,0.0,0.000,0.000,0.000,0.0,0.000,0.000
2.1700,3.531,19.2,-13.953,3.502,4.539,46.6,4.660,4.434,26.719,64.0,9.117,26.562,93.188,-42.8,-5.547,93.312,-1.557,-30.5,11.211,-1.516,-6.902,26.9,1.547,-6.965,-41.969,61.7,-3.514,-42.094,-96.500,-9.0,0.225,-96.438,0.000,0.0,0.000,0.000,0.000,0.0,0.000,0.000
2.1720,3.482,-8.5,-12.336,3.531,4.668,57.2,4.688,4.539,26.891,78.8,8.430,26.719,93.062,-55.7,-5.156,93.188,-1.525,0.6,9.195,-1.557,-6.809,39.7,0.852,-6.902,-41.844,62.7,-3.910,-41.969,-96.500,-8.0,-0.101,-96.500,0.000,0.0,0.000,0.000,0.000,0.0,0.000,0.000
2.1740,3.424,-21.4,-10.250,3.482,4.840,75.2,3.871,4.668,27.094,93.3,8.484,26.891,92.938,-67.2,-4.844,93.062,-1.487,13.7,7.207,-1.525,-6.727,40.7,0.239,-6.809,-41.688,64.1,-4.426,-41.844,-96.500,-10.7,-0.281,-96.500,0.000,0.0,0.000,0.000,0.000,0.0,0.000,0.000
2.1760,3.342,-32.5,-9.344,3.424,5.008,81.9,3.738,4.840,27.328,108.9,8.539,27.094,92.750,-76.6,-3.988,92.938,-1.425,26.0,5.441,-1.487,-6.641,43.2,-0.334,-6.727,-41.562,61.8,-4.602,-41.688,-96.562,-14.7,-0.303,-96.500,0.000,0.0,0.000,0.000,0.000,0.0,0.000,0.000
2.1784,3.258,-38.8,-8.023,3.342,5.156,76.5,4.273,5.008,27.547,111.9,8.898,27.328,92.562,-80.9,-1.868,92.750,-1.378,23.9,4.016,-1.425,-6.566,39.4,-0.995,-6.641,-41.500,48.6,-5.023,-41.562,-96.625,-17.5,-0.539,-96.562,0.000,0.0,0.000,0.000,0.000,0.0,0.000,0.000
2.1805,3.186,-36.0,-6.645,3.258,5.242,54.1,6.496,5.156,27.781,113.4,8.820,27.547,92.438,-82.6,0.191,92.562,-1.312,30.0,3.178,-1.378,-6.512,31.1,-1.621,-6.566,-41.375,53.9,-5.309,-41.500,-96.625,-19.0,-0.678,-96.625,0.000,0.0,0.000,0.000,0.000,0.0,0.000,0.000
2.1826,3.088,-44.4,-6.160,3.186,5.266,25.1,8.648,5.242,28.031,116.6,8.984,27.781,92.250,-78.4,1.145,92.438,-1.287,17.4,3.480,-1.312,-6.457,29.1,-2.227,-6.512,-41.312,42.3,-5.406,-41.375,-96.688,-28.4,-0.758,-96.625,0.000,0.0,0.000,0.000,0.000,0.0,0.000,0.000
2.1848,2.984,-38.3,-6.578,3.088,5.227,-4.5,10.641,5.266,28.359,109.9,10.281,28.031,92.062,-62.1,0.848,92.250,-1.252,9.2,4.137,-1.287,-6.441,10.9,-1.798,-6.457,-41.250,28.5,-5.348,-41.312,-96.812,-32.9,-0.689,-96.688,0.000,0.0,0.000,0.000,0.000,0.0,0.000,0.000
2.1862,2.965,-30.9,-6.648,2.984,5.207,-11.3,10.766,5.227,28.469,106.2,10.984,28.359,92.000,-52.7,0.679,92.062,-1.239,9.9,4.184,-1.252,-6.441,4.9,-2.053,-6.441,-41.219,29.9,-5.191,-41.250,-96.875,-38.2,-0.827,-96.812,0.000,0.0,0.000,0.000,0.000,0.0,0.000,0.000
2.1880,2.928,-22.3,-6.809,2.965,5.180,-13.9,11.047,5.207,28.656,100.6,11.898,28.469,91.938,-41.4,0.368,92.000,-1.224,8.9,4.602,-1.239,-6.449,0.2,-1.624,-6.441,-41.156,24.6,-4.984,-41.219,-96.938,-37.7,-0.754,-96.875,0.000,0.0,0.000,0.000,0.000,0.0,0.000,0.000
2.1900,2.902,-16.6,-7.902,2.928,5.180,-5.6,11.188,5.180,28.844,95.7,12.109,28.656,91.875,-32.1,1.191,91.938,-1.211,8.9,4.660,-1.224,-6.465,-5.5,-1.229,-6.449,-41.125,21.0,-4.777,-41.156,-97.000,-41.7,-0.638,-96.938,0.000,0.0,0.000,0.000,0.000,0.0,0.000,0.000
2.1920,2.865,-17.2,-7.438,2.902,5.188,0.2,12.305,5.180,29.000,84.0,12.008,28.844,91.875,-15.0,1.846,91.875,-1.215,2.7,5.129,-1.211,-6.480,-6.6,-0.125,-6.465,-41.094,19.0,-4.512,-41.125,-97.125,-47.5,-0.534,-97.000,0.000,0.0,0.000,0.000,0.000,0.0,0.000,0.000
2.1940,2.836,-16.0,-8.508,2.865,5.188,0.2,12.609,5.188,29.109,67.4,9.156,29.000,91.875,0.1,1.100,91.875,-1.208,2.6,5.016,-1.215,-6.508,-12.1,2.158,-6.480,-41.062,18.8,-2.830,-41.094,-97.188,-48.7,0.289,-97.125,0.000,0.0,0.000,0.000,0.000,0.0,0.000,0.000
2.1960,2.809,-14.6,-8.023,2.836,5.199,2.3,10.953,5.188,29.203,52.5,9.633,29.109,91.938,10.0,0.079,91.875,-1.211,-0.2,5.215,-1.208,-6.504,-2.7,2.227,-6.508,-41.000,22.6,-2.459,-41.062,-97.312,-48.1,0.690,-97.188,0.000,0.0,0.000,0.000,0.000,0.0,0.000,0.000
2.1980,2.781,-14.9,-8.695,2.809,5.207,2.0,10.688,5.199,29.219,23.0,9.883,29.203,92.000,21.3,-0.955,91.938,-1.215,-2.4,5.309,-1.211,-6.488,3.5,2.107,-6.504,-40.938,27.7,-2.248,-41.000,-97.438,-48.1,0.836,-97.312,0.000,0.0,0.000,0.000,0.000,0.0,0.000,0.000
2.2000,2.773,-8.2,-8.992,2.781,5.195,-2.3,10.852,5.207,29.203,0.5,10.648,29.219,92.062,32.0,-1.950,92.000,-1.202,4.3,5.484,-1.215,-6.473,3.8,1.896,-6.488,-40.906,23.4,-2.125,-40.938,-97.500,-42.9,0.986,-97.438,0.000,0.0,0.000,0.000,0.000,0.0,0.000,0.000
2.2020,2.762,-7.6,-9.164,2.773,5.195,-1.6,10.969,5.195,29.156,-16.7,10.844,29.203,92.125,32.2,-3.732,92.062,-1.205,1.4,5.008,-1.202,-6.422,15.7,2.207,-6.473,-40.844,31.1,-1.671,-40.906,-97.562,-41.8,1.260,-97.500,0.000,0.0,0.000,0.000,0.000,0.0,0.000,0.000
2.2040,2.766,-1.2,-9.078,2.762,5.211,5.3,9.203,5.195,29.078,-26.0,11.562,29.156,92.188,27.9,-5.051,92.125,-1.224,-6.2,4.930,-1.205,-6.391,15.5,1.612,-6.422,-40.781,31.1,-1.131,-40.844,-97.625,-33.3,1.459,-97.562,0.000,0.0,0.000,0.000,0.000,0.0,0.000,0.000
2.2062,2.752,-4.6,-8.945,2.766,5.215,5.4,8.250,5.211,29.000,-35.9,11.859,29.078,92.250,24.0,-4.707,92.188,-1.218,-1.6,0.155,-1.224,-6.371,11.2,1.369,-6.391,-40.719,30.2,-1.656,-40.781,-97.688,-34.7,1.578,-97.625,0.000,0.0,0.000,0.000,0.000,0.0,0.000,0.000
2.2088,2.773,6.1,-1.959,2.752,5.215,1.3,5.410,5.215,28.891,-37.7,6.039,29.000,92.250,12.7,-1.970,92.250,-1.290,-21.0,0.594,-1.218,-6.371,0.7,-1.785,-6.371,-40.625,27.3,-5.457,-40.719,-97.750,-19.6,2.484,-97.688,0.000,0.0,0.000,0.000,0.000,0.0,0.000,0.000
2.2110,2.855,28.8,-1.572,2.773,5.188,-9.5,2.650,5.215,28.766,-50.5,6.816,28.891,92.250,5.7,-1.690,92.250,-1.368,-32.4,2.064,-1.290,-6.410,-15.3,-1.527,-6.371,-40.594,16.1,-4.910,-40.625,-97.750,-11.6,2.480,-97.750,0.000,0.0,0.000,0.000,0.000,0.0,0.000,0.000
2.2129,2.953,41.1,-2.998,2.855,5.148,-15.4,2.682,5.188,28.625,-60.7,6.117,28.766,92.250,7.1,-1.433,92.250,-1.466,-42.4,3.387,-1.368,-6.473,-24.9,-1.292,-6.410,-40.625,-2.1,-5.598,-40.594,-97.750,-8.0,2.643,-97.750,0.000,0.0,0.000,0.000,0.000,0.0,0.000,0.000
2.2143,3.012,48.9,-3.375,2.953,5.125,-18.4,2.836,5.148,28.562,-62.7,5.680,28.625,92.250,3.0,-1.362,92.250,-1.513,-44.0,3.848,-1.466,-6.516,-31.0,-1.464,-6.473,-40.625,-2.2,-6.008,-40.625,-97.750,4.1,3.279,-97.750,0.000,0.0,0.000,0.000,0.000,0.0,0.000,0.000
2.2160,3.113,47.6,-4.199,3.012,5.066,-23.9,2.611,5.125,28.406,-74.4,6.137,28.562,92.250,-0.5,-1.321,92.250,-1.604,-44.7,4.031,-1.513,-6.594,-36.6,-1.447,-6.516,-40.688,-25.8,-5.613,-40.625,-97.750,10.4,3.510,-97.750,0.000,0.0,0.000,0.000,0.000,0.0,0.000,0.000
2.2180,3.229,53.3,-3.930,3.113,5.016,-23.8,2.516,5.066,28.266,-72.2,6.434,28.406,92.250,-1.9,-1.602,92.250,-1.688,-41.8,4.594,-1.604,-6.668,-36.6,-1.863,-6.594,-40.750,-29.6,-6.441,-40.688,-97.688,23.2,3.449,-97.750,0.000,0.0,0.000,0.000,0.000,0.0,0.000,0.000
2.2200,3.326,50.5,-3.729,3.229,4.961,-24.8,1.692,5.016,28.109,-71.6,6.066,28.266,92.250,1.5,-1.233,92.250,-1.764,-36.9,11.070,-1.688,-6.762,-42.0,-3.488,-6.668,-40.875,-48.3,-8.570,-40.750,-97.562,33.1,4.820,-97.688,0.000,0.0,0.000,0.000,0.000,0.0,0.000,0.000
2.2220,3.418,48.2,-10.195,3.326,4.926,-19.0,-0.574,4.961,27.969,-74.8,4.172,28.109,92.250,7.2,0.247,92.250,-1.789,-19.8,14.641,-1.764,-6.879,-52.4,-4.465,-6.762,-41.000,-63.6,-10.258,-40.875,-97.500,48.9,5.504,-97.562,0.000,0.0,0.000,0.000,0.000,0.0,0.000,0.000
2.2240,3.436,22.5,-11.734,3.418,4.875,-23.4,-0.819,4.926,27.812,-75.2,4.762,27.969,92.312,6.4,0.409,92.250,-1.726,12.4,11.906,-1.789,-7.016,-62.5,-4.090,-6.879,-41.219,-85.2,-9.766,-41.000,-97.312,63.9,5.336,-97.500,0.000,0.0,0.000,0.000,0.000,0.0,0.000,0.000
2.2260,3.418,1.7,-9.695,3.436,4.820,-26.3,-0.459,4.875,27.672,-74.8,5.117,27.812,92.312,20.9,0.372,92.312,-1.613,41.4,9.570,-1.726,-7.145,-63.6,-4.457,-7.016,-41.438,-106.2,-9.086,-41.219,-97.188,72.9,3.443,-97.312,0.000,0.0,0.000,0.000,0.000,0.0,0.000,0.000
2.2280,3.355,-18.5,-8.195,3.418,4.781,-22.0,-0.109,4.820,27.547,-70.8,5.559,27.672,92.375,23.1,0.381,92.312,-1.479,58.6,7.684,-1.613,-7.246,-53.5,-5.816,-7.145,-41.719,-126.0,-8.711,-41.438,-97.000,78.7,2.713,-97.188,0.000,0.0,0.000,0.000,0.000,0.0,0.000,0.000
2.2300,3.285,-27.5,-6.906,3.355,4.730,-24.0,0.098,4.781,27.422,-62.2,5.758,27.547,92.438,24.7,0.661,92.375,-1.318,72.0,5.965,-1.479,-7.293,-31.7,-7.613,-7.246,-42.000,-135.0,-8.414,-41.719,-96.812,84.2,0.713,-97.000,0.000,0.0,0.000,0.000,0.000,0.0,0.000,0.000
2.2322,3.207,-33.1,-6.457,3.285,4.688,-22.4,0.115,4.730,27.312,-59.6,5.977,27.422,92.500,29.1,0.676,92.438,-1.146,81.4,3.775,-1.318,-7.328,-22.1,-9.219,-7.293,-42.250,-134.0,-8.984,-42.000,-96.688,81.8,-1.132,-96.812,0.000,0.0,0.000,0.000,0.000,0.0,0.000,0.000
2.2341,3.141,-32.6,-3.201,3.207,4.652,-20.5,0.869,4.688,27.234,-45.6,5.887,27.312,92.562,37.1,0.640,92.500,-0.992,79.5,2.121,-1.146,-7.332,-11.8,-10.086,-7.328,-42.531,-133.0,-9.438,-42.250,-96.562,68.2,-1.469,-96.688,0.000,0.0,0.000,0.000,0.000,0.0,0.000,0.000
2.2362,3.113,-20.5,-3.395,3.141,4.629,-13.5,1.174,4.652,27.156,-37.6,5.590,27.234,92.688,44.0,0.637,92.562,-0.860,71.5,1.717,-0.992,-7.336,-6.7,-10.883,-7.332,-42.750,-123.9,-9.586,-42.531,-96.438,60.8,-2.047,-96.562,0.000,0.0,0.000,0.000,0.000,0.0,0.000,0.000
2.2382,3.100,-11.9,-4.184,3.113,4.605,-11.0,0.778,4.629,27.125,-28.0,5.113,27.156,92.750,49.7,0.540,92.688,-0.759,57.7,2.426,-0.860,-7.367,-11.3,-11.172,-7.336,-42.969,-113.1,-10.594,-42.750,-96.375,43.2,-3.080,-96.438,0.000,0.0,0.000,0.000,0.000,0.0,0.000,0.000
2.2400,3.109,-1.0,-4.797,3.100,4.590,-10.7,0.247,4.605,27.125,-11.4,4.309,27.125,92.875,52.4,0.328,92.750,-0.687,43.9,3.213,-0.759,-7.414,-20.6,-11.461,-7.367,-43.156,-96.7,-11.047,-42.969,-96.312,29.2,-3.400,-96.375,0.000,0.0,0.000,0.000,0.000,0.0,0.000,0.000
2.2420,3.107,-1.7,-4.461,3.109,4.586,-6.4,-0.512,4.590,27.094,-9.5,3.578,27.125,93.000,51.7,-0.010,92.875,-0.631,33.5,4.383,-0.687,-7.465,-22.9,-11.328,-7.414,-43.281,-77.9,-11.000,-43.156,-96.375,6.2,-2.760,-96.312,0.000,0.0,0.000,0.000,0.000,0.0,0.000,0.000
2.2440,3.113,0.7,-4.461,3.107,4.582,-4.1,-0.992,4.586,27.094,-4.7,2.287,27.094,93.125,56.3,-0.620,93.000,-0.593,24.4,4.941,-0.631,-7.539,-30.5,-10.297,-7.465,-43.375,-53.4,-11.148,-43.281,-96.375,-16.3,-1.673,-96.375,0.000,0.0,0.000,0.000,0.000,0.0,0.000,0.000
2.2460,3.109,-0.0,-3.967,3.113,4.586,-1.0,-1.371,4.582,27.094,-3.5,1.425,27.094,93.188,51.1,-1.063,93.125,-0.574,15.7,6.758,-0.593,-7.574,-21.8,-9.906,-7.539,-43.406,-28.1,-11.016,-43.375,-96.500,-28.3,-0.868,-96.375,0.000,0.0,0.000,0.000,0.000,0.0,0.000,0.000
2.2480,3.094,-4.8,-4.496,3.109,4.574,-3.2,-1.967,4.586,27.078,-6.0,1.114,27.094,93.312,56.6,-1.143,93.188,-0.549,12.6,6.902,-0.574,-7.594,-14.9,-10.359,-7.574,-43.375,-5.2,-11.820,-43.406,-96.562,-39.2,-0.113,-96.500,0.000,0.0,0.000,0.000,0.000,0.0,0.000,0.000
2.2500,3.092,-2.6,-4.590,3.094,4.555,-6.7,-1.932,4.574,27.047,-14.7,1.124,27.078,93.438,52.9,-1.589,93.312,-0.505,20.4,7.508,-0.549,-7.605,-8.7,-10.117,-7.594,-43.375,4.2,-11.703,-43.375,-96.688,-46.2,0.890,-96.562,0.000,0.0,0.000,0.000,0.000,0.0,0.000,0.000
2.2520,3.088,-0.3,-4.523,3.092,4.527,-10.5,-2.025,4.555,27.000,-20.3,0.838,27.047,93.500,48.4,-1.969,93.438,-0.490,14.0,6.707,-0.505,-7.605,-4.1,-8.859,-7.605,-43.312,17.8,-11.742,-43.375,-96.750,-49.3,3.229,-96.688,0.000,0.0,0.000,0.000,0.000,0.0,0.000,0.000
2.2540,3.078,-1.1,-3.789,3.088,4.492,-14.1,-1.177,4.527,26.922,-28.6,0.924,27.000,93.625,44.1,-2.062,93.500,-0.471,10.4,0.611,-0.490,-7.598,-0.0,-7.020,-7.605,-43.250,23.4,-10.398,-43.312,-96.812,-43.5,5.059,-96.750,0.000,0.0,0.000,0.000,0.000,0.0,0.000,0.000
2.2560,3.082,0.9,0.972,3.078,4.438,-20.8,0.373,4.492,26.859,-30.0,2.994,26.922,93.688,39.3,-2.449,93.625,-0.480,0.9,-0.364,-0.471,-7.574,8.1,-5.117,-7.598,-43.219,21.5,-7.754,-43.250,-96.875,-31.1,4.797,-96.812,0.000,0.0,0.000,0.000,0.000,0.0,0.000,0.000
2.2580,3.125,15.0,0.791,3.082,4.402,-17.9,2.309,4.438,26.797,-31.5,4.277,26.859,93.688,29.7,-2.846,93.688,-0.549,-20.5,0.402,-0.480,-7.555,11.3,-3.859,-7.574,-43.125,33.8,-6.398,-43.219,-96.938,-22.1,3.197,-96.875,0.000,0.0,0.000,0.000,0.000,0.0,0.000,0.000
2.2608,3.217,27.4,-0.592,3.125,4.395,-4.7,2.920,4.402,26.781,-10.5,5.785,26.797,93.750,9.5,-3.457,93.688,-0.706,-46.1,2.676,-0.549,-7.504,16.2,-2.246,-7.555,-43.000,47.4,-4.883,-43.125,-96.938,-9.7,1.645,-96.938,0.000,0.0,0.000,0.000,0.000,0.0,0.000,0.000
2.2632,3.291,34.3,-1.518,3.217,4.445,14.9,2.666,4.395,26.781,0.4,4.422,26.781,93.750,-0.0,-2.871,93.750,-0.844,-60.8,4.102,-0.706,-7.453,20.8,-2.930,-7.504,-42.875,56.7,-6.270,-43.000,-97.000,-13.9,1.799,-96.938,0.000,0.0,0.000,0.000,0.000,0.0,0.000,0.000
2.2652,3.355,33.5,-1.469,3.291,4.504,24.6,1.588,4.445,26.828,14.7,3.479,26.781,93.688,-5.7,-2.092,93.750,-0.963,-59.8,4.652,-0.844,-7.402,22.9,-3.615,-7.453,-42.719,64.8,-8.070,-42.875,-97.000,-11.8,1.881,-97.000,0.000,0.0,0.000,0.000,0.000,0.0,0.000,0.000
2.2669,3.398,26.1,-1.068,3.355,4.570,30.1,0.312,4.504,26.891,23.5,2.135,26.828,93.688,-14.9,-2.096,93.688,-1.102,-64.5,5.371,-0.963,-7.375,15.9,-3.426,-7.402,-42.594,62.2,-8.258,-42.719,-97.000,-3.4,2.752,-97.000,0.000,0.0,0.000,0.000,0.000,0.0,0.000,0.000
2.2682,3.439,31.8,-1.177,3.398,4.621,38.6,0.117,4.570,26.922,27.9,2.697,26.891,93.625,-18.9,-2.148,93.688,-1.158,-60.5,5.438,-1.102,-7.367,12.7,-2.881,-7.375,-42.531,61.4,-8.094,-42.594,-97.000,-3.6,2.611,-97.000,0.000,0.0,0.000,0.000,0.000,0.0,0.000,0.000
2.2700,3.486,27.0,-1.677,3.439,4.672,30.3,0.112,4.621,26.984,29.2,3.988,26.922,93.562,-25.7,-4.828,93.625,-1.280,-60.3,5.445,-1.158,-7.336,13.6,-0.702,-7.367,-42.438,57.5,-5.320,-42.531,-97.000,1.4,2.359,-97.000,0.000,0.0,0.000,0.000,0.000,0.0,0.000,0.000
2.2720,3.547,29.3,-4.547,3.486,4.754,36.5,3.135,4.672,27.078,38.6,8.047,26.984,93.500,-35.9,-6.453,93.562,-1.378,-51.7,13.477,-1.280,-7.320,10.3,1.310,-7.336,-42.312,53.0,-2.756,-42.438,-97.000,7.9,1.243,-97.000,0.000,0.0,0.000,0.000,0.000,0.0,0.000,0.000
2.2740,3.568,16.1,-14.922,3.547,4.840,40.3,5.547,4.754,27.219,59.6,9.367,27.078,93.375,-46.4,-5.605,93.500,-1.418,-30.5,11.695,-1.378,-7.270,20.1,1.550,-7.320,-42.219,56.0,-2.988,-42.312,-97.000,3.9,0.053,-97.000,0.000,0.0,0.000,0.000,0.000,0.0,0.000,0.000
2.2760,3.553,-1.1,-12.883,3.568,4.973,56.4,4.848,4.840,27.375,75.8,10.180,27.219,93.250,-66.1,-6.316,93.375,-1.399,-3.5,9.023,-1.418,-7.188,32.7,0.486,-7.270,-42.094,58.6,-4.051,-42.219,-97.000,0.9,-0.351,-97.000,0.000,0.0,0.000,0.000,0.000,0.0,0.000,0.000
2.2780,3.480,-24.1,-10.578,3.553,5.121,70.1,4.039,4.973,27.578,91.4,9.523,27.375,93.062,-76.3,-6.438,93.250,-1.371,7.2,7.105,-1.399,-7.109,35.6,-0.305,-7.188,-41.969,59.2,-4.156,-42.094,-97.000,-2.7,-0.485,-97.000,0.000,0.0,0.000,0.000,0.000,0.0,0.000,0.000
2.2800,3.408,-32.0,-9.375,3.480,5.285,77.8,3.463,5.121,27.828,110.6,9.406,27.578,92.875,-92.1,-6.148,93.062,-1.314,19.3,5.926,-1.371,-7.039,34.4,-0.746,-7.109,-41.844,61.0,-4.383,-41.969,-97.000,-10.9,-0.289,-97.000,0.000,0.0,0.000,0.000,0.000,0.0,0.000,0.000
2.2820,3.324,-37.7,-8.555,3.408,5.422,72.8,4.418,5.285,28.094,123.6,9.758,27.828,92.688,-102.3,-3.350,92.875,-1.249,27.5,4.047,-1.314,-6.973,32.0,-1.262,-7.039,-41.750,52.2,-5.277,-41.844,-97.062,-9.9,-0.266,-97.000,0.000,0.0,0.000,0.000,0.000,0.0,0.000,0.000
2.2840,3.248,-37.6,-6.883,3.324,5.500,50.2,6.609,5.422,28.344,125.5,9.375,28.094,92.438,-111.9,-0.169,92.688,-1.192,30.0,3.383,-1.249,-6.926,25.5,-1.871,-6.973,-41.656,50.3,-5.680,-41.750,-97.062,-17.1,-0.534,-97.062,0.000,0.0,0.000,0.000,0.000,0.0,0.000,0.000
2.2866,3.156,-43.7,-6.465,3.248,5.520,24.0,9.281,5.500,28.609,125.6,9.680,28.344,92.250,-104.4,1.577,92.438,-1.158,22.5,3.691,-1.192,-6.898,17.6,-2.070,-6.926,-41.562,45.0,-5.758,-41.656,-97.125,-22.3,-0.867,-97.062,0.000,0.0,0.000,0.000,0.000,0.0,0.000,0.000
2.2890,3.062,-33.8,-6.844,3.156,5.492,-0.1,11.383,5.520,29.000,129.2,11.086,28.609,92.000,-85.7,2.441,92.250,-1.107,19.8,4.230,-1.158,-6.891,4.3,-1.750,-6.898,-41.469,33.8,-6.070,-41.562,-97.188,-26.8,-1.158,-97.125,0.000,0.0,0.000,0.000,0.000,0.0,0.000,0.000
2.2912,3.016,-25.5,-7.043,3.062,5.453,-11.1,11.938,5.492,29.219,120.4,11.484,29.000,91.875,-63.7,2.445,92.000,-1.102,11.1,4.539,-1.107,-6.906,-2.5,-1.461,-6.891,-41.406,32.4,-6.012,-41.469,-97.250,-34.3,-1.098,-97.188,0.000,0.0,0.000,0.000,0.000,0.0,0.000,0.000
2.2931,2.969,-23.8,-7.539,3.016,5.457,-3.5,12.508,5.453,29.438,113.1,11.961,29.219,91.812,-44.4,3.150,91.875,-1.092,7.4,4.602,-1.102,-6.930,-8.5,-0.964,-6.906,-41.375,24.8,-5.875,-41.406,-97.375,-40.5,-1.038,-97.250,0.000,0.0,0.000,0.000,0.000,0.0,0.000,0.000
2.2946,2.949,-21.7,-7.461,2.969,5.449,-5.7,13.086,5.457,29.547,107.8,11.930,29.438,91.750,-38.7,2.984,91.812,-1.083,8.1,4.723,-1.092,-6.934,-6.7,-0.729,-6.930,-41.344,23.7,-5.793,-41.375,-97.438,-42.4,-1.046,-97.375,0.000,0.0,0.000,0.000,0.000,0.0,0.000,0.000
2.2960,2.912,-20.5,-7.883,2.949,5.477,6.5,13.336,5.449,29.734,100.3,12.031,29.547,91.750,-11.3,3.189,91.750,-1.070,7.3,5.102,-1.083,-6.957,-10.8,0.292,-6.934,-41.312,18.2,-5.242,-41.344,-97.500,-45.1,-0.852,-97.438,0.000,0.0,0.000,0.000,0.000,0.0,0.000,0.000
2.2980,2.871,-21.2,-8.273,2.912,5.477,1.5,13.875,5.477,29.875,82.8,11.305,29.734,91.812,5.5,1.739,91.750,-1.067,3.6,5.273,-1.070,-6.980,-12.6,1.334,-6.957,-41.281,16.0,-4.383,-41.312,-97.625,-51.7,-0.450,-97.500,0.000,0.0,0.000,0.000,0.000,0.0,0.000,0.000
2.3000,2.850,-14.6,-8.492,2.871,5.516,12.6,13.375,5.477,30.000,68.8,10.539,29.875,91.875,23.3,0.464,91.812,-1.061,2.3,5.391,-1.067,-6.977,-3.0,1.837,-6.980,-41.250,16.6,-3.098,-41.281,-97.750,-53.5,0.194,-97.625,0.000,0.0,0.000,0.000,0.000,0.0,0.000,0.000
2.3020,2.828,-10.4,-8.586,2.850,5.516,7.8,11.836,5.516,30.062,40.4,9.008,30.000,92.000,36.9,-1.060,91.875,-1.048,5.7,5.449,-1.061,-6.969,2.2,2.293,-6.977,-41.219,18.1,-2.453,-41.250,-97.812,-55.6,0.820,-97.750,0.000,0.0,0.000,0.000,0.000,0.0,0.000,0.000
2.3040,2.812,-8.0,-9.016,2.828,5.516,4.2,12.102,5.516,30.062,16.5,9.898,30.062,92.062,47.5,-3.033,92.000,-1.045,4.1,4.910,-1.048,-6.949,6.4,2.346,-6.969,-41.188,16.1,-2.012,-41.219,-97.938,-47.2,0.960,-97.812,0.000,0.0,0.000,0.000,0.000,0.0,0.000,0.000
2.3060,2.805,-4.8,-9.148,2.812,5.516,3.2,11.664,5.516,30.016,-7.3,10.656,30.062,92.188,48.9,-4.902,92.062,-1.048,1.4,4.957,-1.045,-6.910,13.7,1.658,-6.949,-41.125,23.4,-1.091,-41.188,-98.000,-48.2,1.243,-97.938,0.000,0.0,0.000,0.000,0.000,0.0,0.000,0.000
2.3080,2.809,0.0,-9.102,2.805,5.508,0.4,9.930,5.516,29.938,-29.5,11.422,30.016,92.250,43.2,-6.059,92.188,-1.055,-1.9,4.883,-1.048,-6.859,20.1,1.219,-6.910,-41.062,28.2,-0.448,-41.125,-98.125,-45.7,1.774,-98.000,0.000,0.0,0.000,0.000,0.000,0.0,0.000,0.000
2.3100,2.803,-2.7,-8.781,2.809,5.504,-0.8,8.625,5.508,29.844,-37.2,10.844,29.938,92.312,30.1,-4.695,92.250,-1.058,-3.5,4.738,-1.055,-6.812,21.9,0.153,-6.859,-41.000,30.2,-1.565,-41.062,-98.188,-37.8,1.939,-98.125,0.000,0.0,0.000,0.000,0.000,0.0,0.000,0.000
2.3125,2.824,7.1,-1.359,2.803,5.516,2.4,6.066,5.504,29.734,-45.7,8.133,29.844,92.312,20.9,-2.533,92.312,-1.083,-12.2,-0.149,-1.058,-6.777,18.6,-2.389,-6.812,-40.938,32.5,-4.848,-41.000,-98.250,-28.0,1.779,-98.188,0.000,0.0,0.000,0.000,0.000,0.0,0.000,0.000
2.3148,2.918,28.3,-1.786,2.824,5.484,-8.2,2.094,5.516,29.547,-62.5,5.020,29.734,92.375,13.8,-1.351,92.312,-1.171,-28.0,1.734,-1.083,-6.805,-4.5,-2.959,-6.777,-40.875,19.1,-5.453,-40.938,-98.250,-7.0,2.877,-98.250,0.000,0.0,0.000,0.000,0.000,0.0,0.000,0.000
2.3169,3.031,46.4,-3.234,2.918,5.445,-15.9,1.638,5.484,29.391,-71.8,4.438,29.547,92.438,17.9,-1.291,92.375,-1.249,-33.5,3.609,-1.171,-6.863,-19.3,-2.215,-6.805,-40.875,5.5,-5.664,-40.875,-98.250,-2.5,2.949,-98.250,0.000,0.0,0.000,0.000,0.000,0.0,0.000,0.000
2.3191,3.150,55.1,-4.152,3.031,5.391,-21.4,1.601,5.445,29.203,-83.6,5.418,29.391,92.438,15.5,-1.318,92.438,-1.337,-38.6,4.020,-1.249,-6.949,-33.1,-1.826,-6.863,-40.938,-12.6,-5.523,-40.875,-98.250,9.4,2.625,-98.250,0.000,0.0,0.000,0.000,0.000,0.0,0.000,0.000
2.3208,3.211,57.0,-4.324,3.150,5.352,-28.6,1.711,5.391,29.125,-84.9,6.371,29.203,92.438,11.9,-1.363,92.438,-1.387,-42.9,3.820,-1.337,-6.992,-37.2,-1.721,-6.949,-40.969,-17.0,-5.230,-40.938,-98.188,11.1,3.275,-98.250,0.000,0.0,0.000,0.000,0.000,0.0,0.000,0.000
2.3224,3.324,58.4,-3.973,3.211,5.285,-31.7,1.917,5.352,28.938,-87.3,5.902,29.125,92.500,16.2,-1.538,92.438,-1.479,-46.5,3.852,-1.387,-7.090,-44.4,-1.504,-6.992,-41.031,-29.7,-5.688,-40.969,-98.125,23.4,3.068,-98.188,0.000,0.0,0.000,0.000,0.000,0.0,0.000,0.000
2.3240,3.418,51.2,-3.508,3.324,5.230,-29.0,1.718,5.285,28.766,-89.5,5.637,28.938,92.500,17.0,-0.853,92.500,-1.531,-33.7,4.109,-1.479,-7.195,-51.7,-3.801,-7.090,-41.125,-45.2,-8.883,-41.031,-98.062,33.2,4.059,-98.125,0.000,0.0,0.000,0.000,0.000,0.0,0.000,0.000
2.3260,3.506,45.1,-12.023,3.418,5.199,-20.4,-1.103,5.230,28.594,-84.5,4.332,28.766,92.562,15.3,-0.345,92.500,-1.575,-23.2,13.195,-1.531,-7.316,-57.9,-4.828,-7.195,-41.281,-60.1,-8.961,-41.125,-98.000,43.6,5.379,-98.062,0.000,0.0,0.000,0.000,0.000,0.0,0.000,0.000
2.3280,3.521,19.5,-11.133,3.506,5.148,-21.6,-1.904,5.199,28.422,-83.7,5.008,28.594,92.625,22.2,-0.026,92.562,-1.534,5.9,12.281,-1.575,-7.461,-68.1,-4.445,-7.316,-41.438,-80.2,-9.109,-41.281,-97.875,55.5,3.799,-98.000,0.000,0.0,0.000,0.000,0.000,0.0,0.000,0.000
2.3300,3.492,-2.7,-9.969,3.521,5.090,-26.6,-0.971,5.148,28.266,-83.4,5.883,28.422,92.688,30.4,-0.035,92.625,-1.450,27.6,10.117,-1.534,-7.598,-66.1,-4.504,-7.461,-41.688,-103.7,-8.656,-41.438,-97.750,64.7,2.604,-97.875,0.000,0.0,0.000,0.000,0.000,0.0,0.000,0.000
2.3320,3.420,-24.9,-8.133,3.492,5.035,-26.9,-0.366,5.090,28.109,-76.4,5.977,28.266,92.750,32.3,0.254,92.688,-1.299,55.7,8.359,-1.450,-7.715,-58.9,-6.508,-7.598,-41.938,-117.9,-8.430,-41.688,-97.625,63.3,0.619,-97.750,0.000,0.0,0.000,0.000,0.000,0.0,0.000,0.000
2.3340,3.352,-30.7,-6.109,3.420,4.973,-31.2,0.306,5.035,28.000,-61.8,6.027,28.109,92.812,39.2,0.347,92.750,-1.139,71.4,5.926,-1.299,-7.770,-38.7,-8.312,-7.715,-42.219,-129.8,-8.773,-41.938,-97.438,67.6,-0.316,-97.625,0.000,0.0,0.000,0.000,0.000,0.0,0.000,0.000
2.3360,3.273,-34.0,-5.629,3.352,4.934,-25.5,0.508,4.973,27.906,-52.6,5.707,28.000,92.938,43.9,0.419,92.812,-0.979,76.6,4.930,-1.139,-7.797,-22.5,-9.500,-7.770,-42.469,-133.2,-8.938,-42.219,-97.375,60.0,-0.810,-97.438,0.000,0.0,0.000,0.000,0.000,0.0,0.000,0.000
2.3381,3.242,-32.3,-5.137,3.273,4.902,-27.9,0.736,4.934,27.859,-47.8,5.793,27.906,92.938,43.4,0.342,92.938,-0.901,76.6,3.504,-0.979,-7.801,-15.6,-9.711,-7.797,-42.625,-130.1,-8.938,-42.469,-97.312,57.4,-1.062,-97.375,0.000,0.0,0.000,0.000,0.000,0.0,0.000,0.000
2.3403,3.180,-22.2,-3.947,3.242,4.840,-23.5,1.527,4.902,27.797,-25.2,4.828,27.859,93.125,51.1,0.141,92.938,-0.668,76.6,2.514,-0.901,-7.820,-8.7,-10.914,-7.801,-43.000,-128.8,-9.391,-42.625,-97.188,40.2,-1.540,-97.312,0.000,0.0,0.000,0.000,0.000,0.0,0.000,0.000
2.3425,3.172,-9.3,-3.572,3.180,4.820,-13.5,1.267,4.840,27.781,-15.9,4.062,27.797,93.250,55.6,-0.051,93.125,-0.568,61.2,2.236,-0.668,-7.848,-12.6,-11.250,-7.820,-43.250,-118.1,-9.484,-43.000,-97.125,28.0,-1.602,-97.188,0.000,0.0,0.000,0.000,0.000,0.0,0.000,0.000
2.3446,3.176,-1.2,-3.863,3.172,4.797,-11.8,0.675,4.820,27.781,-4.6,3.303,27.781,93.375,55.8,-0.073,93.250,-0.505,40.8,3.188,-0.568,-7.898,-20.5,-10.812,-7.848,-43.438,-101.7,-10.320,-43.250,-97.125,13.3,-1.689,-97.125,0.000,0.0,0.000,0.000,0.000,0.0,0.000,0.000
2.3463,3.176,0.4,-4.117,3.176,4.785,-7.3,-0.012,4.797,27.766,-2.7,2.531,27.781,93.438,52.9,-0.432,93.375,-0.442,33.8,4.680,-0.505,-7.953,-24.4,-11.297,-7.898,-43.562,-81.2,-10.258,-43.438,-97.188,-5.4,-2.061,-97.125,0.000,0.0,0.000,0.000,0.000,0.0,0.000,0.000
2.3480,3.170,-2.5,-4.344,3.176,4.785,-3.4,-1.057,4.785,27.781,-0.3,1.831,27.766,93.562,56.6,-0.722,93.438,-0.405,22.7,5.281,-0.442,-8.008,-26.5,-10.898,-7.953,-43.656,-53.6,-10.828,-43.562,-97.250,-22.0,-1.294,-97.188,0.000,0.0,0.000,0.000,0.000,0.0,0.000,0.000
2.3500,3.164,-3.7,-4.094,3.170,4.770,-6.8,-1.500,4.785,27.766,-1.3,0.875,27.781,93.688,52.1,-1.091,93.562,-0.386,14.2,6.555,-0.405,-8.055,-24.5,-10.297,-8.008,-43.688,-33.2,-10.883,-43.656,-97.312,-29.0,-0.607,-97.250,0.000,0.0,0.000,0.000,0.000,0.0,0.000,0.000
2.3520,3.160,-2.6,-4.348,3.164,4.754,-8.0,-1.798,4.770,27.750,-6.3,0.586,27.766,93.750,49.8,-1.512,93.688,-0.361,12.3,7.391,-0.386,-8.078,-16.5,-10.289,-8.055,-43.688,-11.2,-11.344,-43.688,-97.375,-37.6,0.211,-97.312,0.000,0.0,0.000,0.000,0.000,0.0,0.000,0.000
2.3540,3.145,-6.5,-4.605,3.160,4.734,-8.4,-1.871,4.754,27.703,-15.4,0.566,27.750,93.875,45.5,-1.539,93.750,-0.326,16.1,8.164,-0.361,-8.094,-10.6,-10.297,-8.078,-43.688,3.2,-11.773,-43.688,-97.500,-43.7,0.590,-97.375,0.000,0.0,0.000,0.000,0.000,0.0,0.000,0.000
2.3560,3.139,-4.4,-4.512,3.145,4.695,-15.5,-1.702,4.734,27.656,-23.7,0.583,27.703,93.938,36.8,-1.996,93.875,-0.292,17.0,7.430,-0.326,-8.094,-3.5,-8.398,-8.094,-43.625,17.8,-11.523,-43.688,-97.562,-43.9,3.061,-97.500,0.000,0.0,0.000,0.000,0.000,0.0,0.000,0.000
2.3580,3.135,-3.2,-3.928,3.139,4.641,-24.5,-1.354,4.695,27.578,-32.8,1.046,27.656,94.000,41.0,-1.788,93.938,-0.273,11.9,6.336,-0.292,-8.070,5.2,-7.328,-8.094,-43.594,20.8,-10.461,-43.625,-97.625,-41.2,5.227,-97.562,0.000,0.0,0.000,0.000,0.000,0.0,0.000,0.000
2.3600,3.164,9.7,0.465,3.135,4.621,-16.0,-0.557,4.641,27.500,-35.6,2.887,27.578,94.062,33.2,-2.275,94.000,-0.270,3.4,1.058,-0.273,-8.062,5.9,-4.965,-8.070,-43.531,27.7,-8.203,-43.594,-97.688,-29.3,4.910,-97.625,0.000,0.0,0.000,0.000,0.000,0.0,0.000,0.000
2.3620,3.207,20.5,0.646,3.164,4.598,-11.4,1.330,4.621,27.438,-33.6,4.500,27.500,94.125,25.8,-2.914,94.062,-0.308,-10.8,0.264,-0.270,-8.023,13.8,-3.908,-8.062,-43.438,34.5,-6.410,-43.531,-97.750,-18.3,3.400,-97.688,0.000,0.0,0.000,0.000,0.000,0.0,0.000,0.000
2.3640,3.264,25.1,-0.667,3.207,4.621,2.9,1.778,4.598,27.406,-21.2,5.422,27.438,94.125,14.7,-3.607,94.125,-0.405,-34.9,1.300,-0.308,-7.973,20.8,-2.828,-8.023,-43.375,40.2,-5.254,-43.438,-97.750,-7.3,2.318,-97.750,0.000,0.0,0.000,0.000,0.000,0.0,0.000,0.000
2.3660,3.342,34.1,-1.304,3.264,4.668,16.1,2.482,4.621,27.406,-9.4,4.320,27.406,94.125,0.5,-2.273,94.125,-0.518,-50.9,2.336,-0.405,-7.926,23.8,-2.836,-7.973,-43.250,51.5,-6.848,-43.375,-97.750,-3.9,1.771,-97.750,0.000,0.0,0.000,0.000,0.000,0.0,0.000,0.000
2.3680,3.414,35.0,-1.421,3.342,4.734,28.1,0.934,4.668,27.422,2.6,3.076,27.406,94.125,-7.0,-2.191,94.125,-0.634,-54.0,4.199,-0.518,-7.859,28.6,-3.898,-7.926,-43.094,64.7,-7.844,-43.250,-97.688,3.4,2.131,-97.750,0.000,0.0,0.000,0.000,0.000,0.0,0.000,0.000
2.3700,3.475,32.6,-0.981,3.414,4.797,30.2,0.393,4.734,27.469,13.5,3.184,27.422,94.062,-10.0,-2.676,94.125,-0.772,-61.6,5.176,-0.634,-7.816,24.8,-3.785,-7.859,-42.969,61.9,-8.219,-43.094,-97.688,4.6,2.469,-97.688,0.000,0.0,0.000,0.000,0.000,0.0,0.000,0.000
2.3720,3.533,31.3,-1.499,3.475,4.871,33.1,0.461,4.797,27.531,22.7,4.285,27.469,94.000,-24.6,-4.090,94.062,-0.901,-62.1,5.121,-0.772,-7.785,20.4,-2.738,-7.816,-42.875,59.0,-7.625,-42.969,-97.688,5.9,2.557,-97.688,0.000,0.0,0.000,0.000,0.000,0.0,0.000,0.000
2.3740,3.590,29.8,-2.908,3.533,4.953,38.9,1.846,4.871,27.609,34.8,6.598,27.531,93.938,-33.1,-6.691,94.000,-1.026,-60.8,5.711,-0.901,-7.766,14.8,-1.444,-7.785,-42.750,56.8,-4.754,-42.875,-97.688,11.4,2.359,-97.688,0.000,0.0,0.000,0.000,0.000,0.0,0.000,0.000
2.3760,3.631,24.3,-6.559,3.590,5.031,40.7,4.719,4.953,27.703,45.2,7.848,27.609,93.812,-45.7,-6.324,93.938,-1.146,-61.7,6.938,-1.026,-7.730,18.8,0.721,-7.766,-42.625,57.9,-4.664,-42.750,-97.625,11.9,1.471,-97.688,0.000,0.0,0.000,0.000,0.000,0.0,0.000,0.000
2.3780,3.652,15.1,-9.930,3.631,5.129,45.6,4.137,5.031,27.875,69.4,10.312,27.703,93.688,-62.8,-7.160,93.812,-1.205,-42.6,12.602,-1.146,-7.699,19.2,0.855,-7.730,-42.500,58.4,-3.227,-42.625,-97.625,13.5,0.364,-97.625,0.000,0.0,0.000,0.000,0.000,0.0,0.000,0.000
2.3800,3.635,-2.1,-12.898,3.652,5.270,61.3,3.711,5.129,28.062,86.4,9.711,27.875,93.500,-81.7,-7.035,93.688,-1.227,-21.6,10.930,-1.205,-7.629,29.5,0.423,-7.699,-42.375,59.6,-3.439,-42.500,-97.625,7.7,0.012,-97.625,0.000,0.0,0.000,0.000,0.000,0.0,0.000,0.000
2.3820,3.584,-16.5,-11.273,3.635,5.418,71.6,3.566,5.270,28.281,98.6,9.766,28.062,93.250,-99.6,-6.379,93.500,-1.195,1.5,8.594,-1.227,-7.570,29.5,-0.094,-7.629,-42.250,65.4,-3.977,-42.375,-97.625,3.0,-0.198,-97.625,0.000,0.0,0.000,0.000,0.000,0.0,0.000,0.000
2.3840,3.496,-34.2,-10.062,3.584,5.562,71.7,3.842,5.418,28.531,116.8,10.266,28.281,93.000,-114.2,-5.430,93.250,-1.130,23.1,6.934,-1.195,-7.488,35.9,-0.553,-7.570,-42.094,66.2,-5.137,-42.250,-97.625,1.8,-0.363,-97.625,0.000,0.0,0.000,0.000,0.000,0.0,0.000,0.000
2.3860,3.414,-39.8,-9.086,3.496,5.672,60.1,5.258,5.562,28.781,121.9,10.109,28.531,92.750,-130.6,-3.182,93.000,-1.070,30.5,5.730,-1.130,-7.445,26.2,-0.889,-7.488,-41.969,65.0,-5.766,-42.094,-97.625,-8.0,-0.391,-97.625,0.000,0.0,0.000,0.000,0.000,0.0,0.000,0.000
2.3880,3.314,-46.4,-7.254,3.414,5.734,38.7,7.562,5.672,29.062,128.4,10.141,28.781,92.500,-129.4,-0.082,92.750,-1.014,28.8,4.039,-1.070,-7.395,24.6,-1.134,-7.445,-41.875,59.9,-6.445,-41.969,-97.688,-14.2,-0.544,-97.625,0.000,0.0,0.000,0.000,0.000,0.0,0.000,0.000
2.3900,3.217,-48.6,-6.863,3.314,5.762,22.6,9.594,5.734,29.344,139.6,10.492,29.062,92.250,-124.9,3.180,92.500,-0.957,26.9,3.211,-1.014,-7.363,20.1,-1.690,-7.395,-41.781,49.0,-6.715,-41.875,-97.688,-16.1,-0.936,-97.688,0.000,0.0,0.000,0.000,0.000,0.0,0.000,0.000
2.3920,3.133,-44.4,-6.441,3.217,5.754,7.0,11.633,5.762,29.625,134.4,10.820,29.344,92.062,-105.5,3.604,92.250,-0.897,29.7,3.488,-0.957,-7.367,6.3,-1.859,-7.363,-41.719,43.0,-6.891,-41.781,-97.750,-25.6,-1.114,-97.688,0.000,0.0,0.000,0.000,0.000,0.0,0.000,0.000
2.3940,3.061,-38.0,-5.598,3.133,5.738,0.2,12.242,5.754,29.906,137.4,11.391,29.625,91.938,-85.8,4.570,92.062,-0.885,15.6,3.539,-0.897,-7.371,1.3,-2.191,-7.367,-41.656,32.3,-6.836,-41.719,-97.812,-29.8,-1.288,-97.750,0.000,0.0,0.000,0.000,0.000,0.0,0.000,0.000
2.3962,3.000,-31.2,-6.129,3.061,5.742,2.3,13.477,5.738,30.156,130.6,11.453,29.906,91.812,-58.3,4.195,91.938,-0.854,15.7,4.020,-0.885,-7.395,-5.7,-1.307,-7.371,-41.625,26.1,-6.129,-41.656,-97.875,-35.4,-1.286,-97.812,0.000,0.0,0.000,0.000,0.000,0.0,0.000,0.000
2.3983,2.947,-28.2,-6.844,3.000,5.754,6.3,13.984,5.742,30.391,121.4,11.086,30.156,91.812,-28.7,3.404,91.812,-0.838,12.1,4.520,-0.854,-7.414,-7.9,-0.650,-7.395,-41.562,23.4,-5.641,-41.625,-98.000,-44.9,-1.052,-97.875,0.000,0.0,0.000,0.000,0.000,0.0,0.000,0.000
2.4004,2.908,-21.6,-7.492,2.947,5.781,11.9,14.594,5.754,30.578,102.1,10.219,30.391,91.812,-2.1,3.516,91.812,-0.841,4.2,4.848,-0.838,-7.422,-4.0,0.312,-7.414,-41.562,14.6,-4.695,-41.562,-98.062,-48.4,-0.715,-98.000,0.000,0.0,0.000,0.000,0.000,0.0,0.000,0.000
2.4023,2.865,-20.7,-6.852,2.908,5.789,7.8,14.078,5.781,30.703,79.0,10.867,30.578,91.875,23.0,1.548,91.812,-0.835,3.3,4.754,-0.841,-7.445,-7.0,1.325,-7.422,-41.500,18.7,-4.414,-41.562,-98.188,-51.3,-0.309,-98.062,0.000,0.0,0.000,0.000,0.000,0.0,0.000,0.000
2.4040,2.836,-15.8,-7.758,2.865,5.801,7.0,14.016,5.789,30.781,51.2,11.070,30.703,92.000,41.9,0.531,91.875,-0.838,-0.3,5.465,-0.835,-7.441,-1.9,1.739,-7.445,-41.500,17.1,-3.545,-41.500,-98.312,-53.2,0.054,-98.188,0.000,0.0,0.000,0.000,0.000,0.0,0.000,0.000
2.4060,2.828,-7.4,-8.508,2.836,5.805,2.4,13.445,5.801,30.797,21.7,10.883,30.781,92.125,51.9,-0.794,92.000,-0.841,-1.6,5.301,-0.838,-7.430,2.0,1.895,-7.441,-41.438,20.2,-2.895,-41.500,-98.375,-52.3,0.532,-98.312,0.000,0.0,0.000,0.000,0.000,0.0,0.000,0.000
2.4080,2.799,-12.1,-8.609,2.828,5.801,-2.3,12.953,5.805,30.781,-3.2,10.438,30.797,92.250,60.6,-2.502,92.125,-0.838,0.2,5.051,-0.841,-7.398,11.0,1.882,-7.430,-41.406,21.3,-2.252,-41.438,-98.500,-50.1,0.864,-98.375,0.000,0.0,0.000,0.000,0.000,0.0,0.000,0.000
2.4100,2.809,-2.7,-8.844,2.799,5.809,1.4,11.578,5.801,30.719,-21.3,11.008,30.781,92.375,63.9,-5.547,92.250,-0.841,-1.1,4.691,-0.838,-7.359,16.5,1.893,-7.398,-41.375,20.2,-1.307,-41.406,-98.562,-45.3,1.532,-98.500,0.000,0.0,0.000,0.000,0.000,0.0,0.000,0.000
2.4120,2.812,-0.2,-8.883,2.809,5.809,1.2,9.758,5.809,30.609,-39.1,9.031,30.719,92.500,61.1,-7.371,92.375,-0.847,-3.1,3.059,-0.841,-7.320,16.7,1.027,-7.359,-41.312,25.3,-1.951,-41.375,-98.688,-43.5,2.070,-98.562,0.000,0.0,0.000,0.000,0.000,0.0,0.000,0.000
2.4140,2.828,5.9,-0.359,2.812,5.801,-2.3,5.285,5.809,30.500,-50.9,7.051,30.609,92.562,48.2,-5.164,92.500,-0.860,-4.7,-1.021,-0.847,-7.285,15.5,-1.254,-7.320,-41.250,25.2,-4.293,-41.312,-98.750,-34.0,2.295,-98.688,0.000,0.0,0.000,0.000,0.000,0.0,0.000,0.000
2.4160,2.887,20.0,-1.434,2.828,5.789,-3.7,2.754,5.801,30.359,-64.0,4.695,30.500,92.625,35.4,-2.732,92.562,-0.941,-27.7,1.120,-0.860,-7.285,5.2,-2.799,-7.285,-41.219,17.4,-6.406,-41.250,-98.750,-20.8,2.773,-98.750,0.000,0.0,0.000,0.000,0.000,0.0,0.000,0.000
2.4180,2.943,32.9,-2.279,2.887,5.762,-13.3,1.764,5.789,30.281,-72.9,3.244,30.359,92.688,37.2,-2.404,92.625,-0.976,-31.4,3.223,-0.941,-7.293,0.0,-3.039,-7.285,-41.250,10.1,-6.133,-41.219,-98.750,-16.6,3.037,-98.750,0.000,0.0,0.000,0.000,0.000,0.0,0.000,0.000
2.4203,3.062,49.7,-5.496,2.943,5.707,-21.6,0.344,5.762,30.078,-86.4,2.795,30.281,92.750,33.4,-2.344,92.688,-1.055,-36.2,9.742,-0.976,-7.355,-20.6,-4.461,-7.293,-41.281,-8.4,-6.676,-41.250,-98.750,-7.4,3.344,-98.750,0.000,0.0,0.000,0.000,0.000,0.0,0.000,0.000
2.4227,3.195,43.4,-9.891,3.062,5.594,-36.3,-1.162,5.707,29.734,-110.0,4.129,30.078,92.875,32.2,-2.254,92.750,-1.089,-15.5,10.273,-1.055,-7.492,-40.3,-3.832,-7.355,-41.375,-29.2,-6.633,-41.281,-98.750,14.0,3.305,-98.750,0.000,0.0,0.000,0.000,0.000,0.0,0.000,0.000
2.4248,3.252,33.6,-9.547,3.195,5.500,-42.4,-1.231,5.594,29.500,-118.2,4.645,29.734,92.875,28.6,-1.908,92.875,-1.055,6.0,9.367,-1.089,-7.625,-57.7,-3.396,-7.492,-41.469,-47.4,-5.953,-41.375,-98.688,25.9,3.857,-98.750,0.000,0.0,0.000,0.000,0.000,0.0,0.000,0.000
2.4267,3.270,18.2,-8.719,3.252,5.402,-47.6,-1.026,5.500,29.266,-117.1,5.285,29.500,92.938,27.9,-1.480,92.875,-0.995,21.7,9.031,-1.055,-7.766,-65.4,-3.297,-7.625,-41.625,-61.1,-7.043,-41.469,-98.562,35.6,3.943,-98.688,0.000,0.0,0.000,0.000,0.000,0.0,0.000,0.000
2.4281,3.273,9.5,-8.594,3.270,5.301,-51.6,-0.559,5.402,29.047,-111.1,5.480,29.266,93.000,24.0,-1.300,92.938,-0.907,37.2,8.617,-0.995,-7.941,-77.4,-2.729,-7.766,-41.781,-78.6,-6.332,-41.625,-98.500,39.5,2.400,-98.562,0.000,0.0,0.000,0.000,0.000,0.0,0.000,0.000
2.4300,3.252,-3.4,-8.945,3.273,5.207,-49.2,-0.321,5.301,28.828,-106.8,5.902,29.047,93.062,24.4,-0.665,93.000,-0.803,47.7,9.344,-0.907,-8.109,-83.5,-3.945,-7.941,-42.000,-88.5,-7.031,-41.781,-98.375,51.8,1.013,-98.500,0.000,0.0,0.000,0.000,0.000,0.0,0.000,0.000
2.4320,3.211,-16.8,-9.266,3.252,5.105,-50.0,-0.195,5.207,28.641,-98.5,5.992,28.828,93.125,26.9,-0.502,93.062,-0.681,57.0,7.812,-0.803,-8.250,-74.7,-4.797,-8.109,-42.219,-103.3,-7.492,-42.000,-98.312,53.6,0.926,-98.375,0.000,0.0,0.000,0.000,0.000,0.0,0.000,0.000
2.4340,3.160,-25.1,-6.969,3.211,5.016,-46.8,0.601,5.105,28.500,-84.0,5.824,28.641,93.125,26.2,-0.219,93.125,-0.543,65.1,6.355,-0.681,-8.344,-55.4,-6.293,-8.250,-42.438,-106.8,-8.086,-42.219,-98.188,48.7,0.040,-98.312,0.000,0.0,0.000,0.000,0.000,0.0,0.000,0.000
2.4360,3.123,-22.0,-4.578,3.160,4.926,-44.5,1.594,5.016,28.375,-69.2,6.051,28.500,93.250,29.5,0.062,93.125,-0.408,68.8,4.699,-0.543,-8.414,-38.4,-7.613,-8.344,-42.688,-117.7,-9.594,-42.438,-98.125,41.2,0.970,-98.188,0.000,0.0,0.000,0.000,0.000,0.0,0.000,0.000
2.4380,3.100,-13.6,-3.711,3.123,4.875,-32.8,2.000,4.926,28.281,-55.8,5.504,28.375,93.312,35.4,0.276,93.250,-0.298,61.0,4.270,-0.408,-8.414,-13.5,-8.961,-8.414,-42.938,-123.1,-10.516,-42.688,-98.000,40.7,1.446,-98.125,0.000,0.0,0.000,0.000,0.000,0.0,0.000,0.000
2.4400,3.094,-6.8,-4.965,3.100,4.859,-15.3,1.411,4.875,28.219,-36.4,4.758,28.281,93.375,36.8,0.351,93.312,-0.201,53.3,4.258,-0.298,-8.422,-7.2,-10.328,-8.414,-43.188,-124.6,-10.438,-42.938,-97.938,36.2,1.008,-98.000,0.000,0.0,0.000,0.000,0.000,0.0,0.000,0.000
2.4420,3.098,-2.1,-4.633,3.094,4.875,-0.8,0.909,4.859,28.188,-24.5,3.801,28.219,93.438,41.7,0.353,93.375,-0.129,42.8,4.410,-0.201,-8.430,-6.6,-11.070,-8.422,-43.438,-126.1,-9.844,-43.188,-97.875,36.1,0.538,-97.938,0.000,0.0,0.000,0.000,0.000,0.0,0.000,0.000
2.4440,3.092,-2.7,-4.031,3.098,4.898,5.1,-0.115,4.875,28.156,-16.8,2.934,28.188,93.562,42.7,0.147,93.438,-0.085,29.8,5.301,-0.129,-8.445,-9.2,-11.094,-8.430,-43.656,-121.8,-9.164,-43.438,-97.812,31.9,-0.379,-97.875,0.000,0.0,0.000,0.000,0.000,0.0,0.000,0.000
2.4460,3.082,-3.8,-3.953,3.092,4.930,10.1,-1.074,4.898,28.141,-13.3,2.283,28.156,93.625,41.6,-0.075,93.562,-0.069,13.6,6.949,-0.085,-8.477,-11.9,-11.398,-8.445,-43.844,-102.4,-8.828,-43.656,-97.812,16.0,-1.325,-97.812,0.000,0.0,0.000,0.000,0.000,0.0,0.000,0.000
2.4481,3.051,-12.5,-5.445,3.082,4.945,9.6,-2.029,4.930,28.125,-11.6,1.465,28.141,93.688,42.2,-0.350,93.625,-0.038,13.8,8.797,-0.069,-8.539,-22.1,-11.398,-8.477,-44.000,-83.3,-9.484,-43.844,-97.812,4.8,-1.743,-97.812,0.000,0.0,0.000,0.000,0.000,0.0,0.000,0.000
2.4503,3.027,-13.0,-4.586,3.051,4.941,3.7,-2.252,4.945,28.125,-4.8,1.170,28.125,93.812,44.1,-0.567,93.688,-0.013,14.3,9.234,-0.038,-8.602,-25.3,-11.008,-8.539,-44.094,-62.1,-10.273,-44.000,-97.875,-8.1,-1.016,-97.812,0.000,0.0,0.000,0.000,0.000,0.0,0.000,0.000
2.4525,3.004,-12.1,-4.387,3.027,4.918,-5.6,-2.164,4.941,28.109,-6.8,1.176,28.125,93.875,42.8,-0.666,93.812,0.016,15.3,9.156,-0.013,-8.641,-20.5,-11.141,-8.602,-44.125,-37.8,-11.008,-44.094,-97.875,-16.2,-0.311,-97.875,0.000,0.0,0.000,0.000,0.000,0.0,0.000,0.000
2.4547,2.980,-10.9,-4.730,3.004,4.879,-14.4,-1.467,4.918,28.078,-11.2,1.367,28.109,94.000,43.7,-0.615,93.875,0.053,17.8,8.625,0.016,-8.672,-16.2,-11.359,-8.641,-44.156,-16.2,-12.320,-44.125,-97.938,-26.5,0.150,-97.875,0.000,0.0,0.000,0.000,0.000,0.0,0.000,0.000
2.4561,2.965,-10.1,-5.285,2.980,4.848,-15.5,-1.237,4.879,28.031,-18.0,1.252,28.078,94.062,44.9,-0.737,94.000,0.094,22.6,8.391,0.053,-8.680,-10.2,-11.125,-8.672,-44.125,0.0,-12.312,-44.156,-98.062,-36.0,0.711,-97.938,0.000,0.0,0.000,0.000,0.000,0.0,0.000,0.000
2.4580,2.965,-5.2,-5.754,2.965,4.809,-18.2,-1.353,4.848,28.016,-14.4,1.294,28.031,94.125,36.1,-0.646,94.062,0.122,15.0,7.773,0.094,-8.688,-5.8,-10.797,-8.680,-44.094,13.0,-12.555,-44.125,-98.125,-36.7,1.404,-98.062,0.000,0.0,0.000,0.000,0.000,0.0,0.000,0.000
2.4600,2.980,2.8,-5.957,2.965,4.801,-8.5,-1.707,4.809,27.969,-16.0,0.902,28.016,94.250,41.4,-0.677,94.125,0.169,19.4,7.137,0.122,-8.680,1.1,-9.617,-8.688,-44.031,20.7,-12.898,-44.094,-98.188,-31.8,3.787,-98.125,0.000,0.0,0.000,0.000,0.000,0.0,0.000,0.000
2.4620,2.984,0.9,-5.680,2.980,4.805,-1.6,-1.996,4.801,27.938,-16.2,0.422,27.969,94.312,35.3,-0.776,94.250,0.169,7.4,7.715,0.169,-8.664,5.8,-9.539,-8.680,-44.000,19.3,-12.773,-44.031,-98.250,-33.4,3.793,-98.188,0.000,0.0,0.000,0.000,0.000,0.0,0.000,0.000
2.4640,3.004,6.7,-3.480,2.984,4.828,7.6,-2.059,4.805,27.891,-16.7,1.674,27.938,94.375,32.3,-1.407,94.312,0.188,5.3,0.436,0.169,-8.648,9.0,-7.160,-8.664,-43.969,17.8,-8.133,-44.000,-98.250,-16.6,5.562,-98.250,0.000,0.0,0.000,0.000,0.000,0.0,0.000,0.000
2.4660,3.025,10.9,1.341,3.004,4.840,5.8,-0.478,4.828,27.859,-18.2,4.145,27.891,94.375,23.5,-2.238,94.375,0.151,-9.6,-0.014,0.188,-8.617,14.8,-5.180,-8.648,-43.875,33.1,-5.742,-43.969,-98.250,-7.5,3.713,-98.250,0.000,0.0,0.000,0.000,0.000,0.0,0.000,0.000
2.4680,3.076,19.2,0.058,3.025,4.875,12.0,1.717,4.840,27.859,-3.1,4.211,27.859,94.438,18.4,-3.600,94.375,0.053,-33.9,1.178,0.151,-8.570,22.3,-3.713,-8.617,-43.781,39.7,-6.637,-43.875,-98.250,5.0,2.180,-98.250,0.000,0.0,0.000,0.000,0.000,0.0,0.000,0.000
2.4700,3.160,36.1,-0.164,3.076,4.914,17.6,1.829,4.875,27.891,8.0,4.367,27.859,94.438,4.5,-3.326,94.438,-0.078,-53.6,3.146,0.053,-8.516,26.6,-3.562,-8.570,-43.656,54.9,-6.621,-43.781,-98.250,4.6,2.043,-98.250,0.000,0.0,0.000,0.000,0.000,0.0,0.000,0.000
2.4720,3.232,39.2,-1.357,3.160,4.961,20.2,2.422,4.914,27.953,20.4,3.133,27.891,94.375,-6.0,-3.602,94.438,-0.217,-62.8,4.590,-0.078,-8.445,29.1,-3.689,-8.516,-43.531,68.8,-9.578,-43.656,-98.188,7.1,2.031,-98.250,0.000,0.0,0.000,0.000,0.000,0.0,0.000,0.000
2.4741,3.324,45.3,-1.397,3.232,5.020,24.3,1.306,4.961,28.016,29.7,3.561,27.953,94.375,-15.8,-3.029,94.375,-0.380,-75.1,5.453,-0.217,-8.383,31.0,-4.094,-8.445,-43.406,61.7,-8.969,-43.531,-98.188,10.9,3.344,-98.188,0.000,0.0,0.000,0.000,0.000,0.0,0.000,0.000
2.4761,3.402,41.9,-2.438,3.324,5.098,32.1,1.693,5.020,28.078,31.3,4.727,28.016,94.312,-27.2,-3.613,94.375,-0.512,-69.6,5.566,-0.380,-8.344,23.6,-2.881,-8.383,-43.281,60.1,-8.766,-43.406,-98.125,17.1,3.307,-98.188,0.000,0.0,0.000,0.000,0.000,0.0,0.000,0.000
2.4781,3.482,39.3,-3.760,3.402,5.164,32.9,2.232,5.098,28.172,40.8,4.676,28.078,94.250,-34.9,-4.215,94.312,-0.656,-71.0,5.625,-0.512,-8.320,15.7,-2.287,-8.344,-43.219,43.9,-8.195,-43.281,-98.125,23.2,3.693,-98.125,0.000,0.0,0.000,0.000,0.000,0.0,0.000,0.000
2.4800,3.570,41.0,-6.309,3.482,5.250,39.8,3.121,5.164,28.266,46.1,9.109,28.172,94.125,-49.2,-6.598,94.250,-0.772,-61.6,9.000,-0.656,-8.289,14.0,0.290,-8.320,-43.125,45.7,-4.051,-43.219,-98.062,27.7,1.716,-98.125,0.000,0.0,0.000,0.000,0.000,0.0,0.000,0.000
2.4820,3.625,29.8,-12.539,3.570,5.355,49.3,4.332,5.250,28.422,63.8,9.969,28.266,93.938,-69.6,-6.863,94.125,-0.863,-50.3,14.430,-0.772,-8.250,19.0,0.843,-8.289,-43.031,46.0,-2.566,-43.125,-98.000,22.6,0.273,-98.062,0.000,0.0,0.000,0.000,0.000,0.0,0.000,0.000
2.4840,3.621,8.6,-14.406,3.625,5.480,56.3,3.904,5.355,28.609,82.3,9.977,28.422,93.812,-77.2,-7.129,93.938,-0.895,-29.8,12.227,-0.863,-8.188,23.4,0.365,-8.250,-42.938,48.4,-3.076,-43.031,-98.000,18.4,-0.010,-98.000,0.000,0.0,0.000,0.000,0.000,0.0,0.000,0.000
2.4860,3.555,-18.1,-11.984,3.621,5.625,67.2,3.701,5.480,28.828,99.6,9.508,28.609,93.562,-95.2,-6.805,93.812,-0.841,4.7,8.891,-0.895,-8.117,30.3,-0.154,-8.188,-42.781,61.5,-3.564,-42.938,-97.938,13.5,-0.133,-98.000,0.000,0.0,0.000,0.000,0.000,0.0,0.000,0.000
2.4880,3.439,-43.4,-9.523,3.555,5.754,65.7,4.164,5.625,29.078,118.6,10.625,28.828,93.312,-118.1,-7.613,93.562,-0.785,20.8,7.207,-0.841,-8.047,30.1,-0.691,-8.117,-42.656,60.8,-4.617,-42.781,-97.938,5.9,-0.219,-97.938,0.000,0.0,0.000,0.000,0.000,0.0,0.000,0.000
2.4900,3.332,-49.8,-7.910,3.439,5.840,50.1,5.285,5.754,29.344,127.3,10.500,29.078,93.062,-134.4,-6.137,93.312,-0.715,28.6,5.418,-0.785,-7.988,29.1,-1.331,-8.047,-42.531,61.5,-5.504,-42.656,-98.000,-5.7,-0.420,-97.938,0.000,0.0,0.000,0.000,0.000,0.0,0.000,0.000
2.4920,3.227,-51.2,-7.121,3.332,5.887,33.2,7.250,5.840,29.609,128.4,10.031,29.344,92.750,-136.5,-3.602,93.062,-0.649,29.7,4.562,-0.715,-7.941,25.1,-1.818,-7.988,-42.438,59.3,-6.039,-42.531,-98.000,-14.6,-0.586,-98.000,0.000,0.0,0.000,0.000,0.000,0.0,0.000,0.000
2.4940,3.129,-49.6,-6.230,3.227,5.898,17.9,8.703,5.887,29.906,139.0,9.953,29.609,92.438,-141.4,-1.033,92.750,-0.593,27.4,3.514,-0.649,-7.918,15.8,-2.088,-7.941,-42.312,52.1,-6.938,-42.438,-98.062,-18.2,-0.579,-98.000,0.000,0.0,0.000,0.000,0.000,0.0,0.000,0.000
2.4960,3.062,-37.4,-6.254,3.129,5.879,1.2,10.836,5.898,30.188,144.2,10.797,29.906,92.188,-136.5,3.070,92.438,-0.556,20.8,3.430,-0.593,-7.914,5.4,-2.203,-7.918,-42.219,49.1,-7.160,-42.312,-98.125,-24.5,-0.874,-98.062,0.000,0.0,0.000,0.000,0.000,0.0,0.000,0.000
2.4980,3.004,-35.1,-6.551,3.062,5.875,-0.6,12.289,5.879,30.453,134.5,11.039,30.188,92.000,-115.4,4.242,92.188,-0.537,12.6,3.977,-0.556,-7.910,1.9,-1.827,-7.914,-42.156,40.5,-7.004,-42.219,-98.188,-34.0,-0.976,-98.125,0.000,0.0,0.000,0.000,0.000,0.0,0.000,0.000
2.5001,2.980,-20.4,-7.129,3.004,5.887,4.6,13.477,5.875,30.703,127.7,10.695,30.453,91.812,-85.6,4.734,92.000,-0.527,6.2,4.113,-0.537,-7.926,-2.9,-0.984,-7.910,-42.094,31.7,-6.469,-42.156,-98.250,-36.8,-1.047,-98.188,0.000,0.0,0.000,0.000,0.000,0.0,0.000,0.000
2.5022,2.953,-15.3,-7.258,2.980,5.902,7.4,14.070,5.887,30.906,111.0,11.164,30.703,91.750,-57.3,4.773,91.812,-0.534,-1.1,4.902,-0.527,-7.953,-9.4,0.001,-7.926,-42.062,25.6,-5.969,-42.094,-98.375,-45.5,-0.869,-98.250,0.000,0.0,0.000,0.000,0.000,0.0,0.000,0.000
2.5041,2.922,-15.8,-8.305,2.953,5.922,8.9,15.133,5.902,31.078,94.9,12.234,30.906,91.750,-24.4,4.387,91.750,-0.530,0.9,5.562,-0.534,-7.965,-6.6,0.492,-7.953,-42.031,18.2,-5.633,-42.062,-98.438,-45.9,-0.690,-98.375,0.000,0.0,0.000,0.000,0.000,0.0,0.000,0.000
2.5060,2.893,-15.1,-8.320,2.922,5.945,11.1,14.891,5.922,31.203,76.0,12.156,31.078,91.750,4.0,2.479,91.750,-0.540,-2.9,5.926,-0.530,-7.980,-7.2,1.204,-7.965,-42.000,19.3,-4.902,-42.031,-98.562,-55.3,-0.380,-98.438,0.000,0.0,0.000,0.000,0.000,0.0,0.000,0.000
2.5115,2.834,-11.3,-9.070,2.893,5.969,5.2,13.625,5.945,31.297,9.9,11.273,31.203,92.062,54.5,-0.710,91.750,-0.527,4.0,5.676,-0.540,-7.957,3.7,1.706,-7.980,-41.938,13.4,-2.086,-42.000,-98.875,-54.9,0.630,-98.562,0.000,0.0,0.000,0.000,0.000,0.0,0.000,0.000
2.5127,2.824,-10.6,-9.070,2.834,5.953,-2.7,13.164,5.969,31.266,-1.4,11.688,31.297,92.125,59.3,-2.119,92.062,-0.537,-1.2,5.121,-0.527,-7.941,9.5,1.697,-7.957,-41.906,15.0,-2.041,-41.938,-98.938,-53.3,0.900,-98.875,0.000,0.0,0.000,0.000,0.000,0.0,0.000,0.000
2.5141,2.818,-6.4,-9.188,2.824,5.953,-1.5,11.922,5.953,31.203,-22.8,11.648,31.266,92.250,65.1,-5.930,92.125,-0.537,-1.3,4.867,-0.537,-7.906,13.0,1.531,-7.941,-41.906,11.9,-1.120,-41.906,-99.000,-51.2,1.338,-98.938,0.000,0.0,0.000,0.000,0.000,0.0,0.000,0.000
2.5153,2.824,-1.1,-8.758,2.818,5.949,-2.3,10.984,5.953,31.172,-30.7,12.016,31.203,92.312,65.3,-5.801,92.250,-0.540,-2.7,4.910,-0.537,-7.887,16.1,1.459,-7.906,-41.875,17.6,-1.064,-41.906,-99.062,-47.0,1.340,-99.000,0.000,0.0,0.000,0.000,0.000,0.0,0.000,0.000
2.5166,2.824,-0.2,-9.125,2.824,5.949,-1.5,11.039,5.949,31.125,-32.2,12.352,31.172,92.375,60.7,-5.699,92.312,-0.543,-3.4,5.020,-0.540,-7.859,20.1,1.349,-7.887,-41.844,17.5,-1.113,-41.875,-99.125,-48.3,1.326,-99.062,0.000,0.0,0.000,0.000,0.000,0.0,0.000,0.000
2.5182,2.830,3.1,-9.477,2.824,5.961,4.6,10.805,5.949,31.047,-39.1,11.492,31.125,92.438,50.4,-5.555,92.375,-0.549,-3.3,5.012,-0.543,-7.828,18.3,1.563,-7.859,-41.812,19.0,-0.283,-41.844,-99.188,-40.9,1.344,-99.125,0.000,0.0,0.000,0.000,0.000,0.0,0.000,0.000
2.5200,2.828,-0.2,-9.289,2.830,5.969,3.1,9.531,5.961,30.953,-42.2,4.398,31.047,92.500,38.0,-5.609,92.438,-0.565,-7.3,3.344,-0.549,-7.797,15.0,-1.084,-7.828,-41.781,18.5,-4.578,-41.812,-99.250,-37.9,1.940,-99.188,0.000,0.0,0.000,0.000,0.000,0.0,0.000,0.000
2.5220,2.859,10.3,-0.296,2.828,5.969,-1.2,0.723,5.969,30.828,-57.6,1.324,30.953,92.562,28.6,-2.199,92.500,-0.587,-9.2,4.629,-0.565,-7.797,3.0,-5.223,-7.797,-41.781,7.9,-6.934,-41.781,-99.312,-22.8,3.320,-99.250,0.000,0.0,0.000,0.000,0.000,0.0,0.000,0.000
2.5240,2.918,24.2,-8.391,2.859,5.922,-18.4,-1.901,5.969,30.672,-72.0,2.061,30.828,92.625,30.0,-2.287,92.562,-0.609,-8.6,9.383,-0.587,-7.863,-21.3,-5.176,-7.797,-41.812,-10.3,-6.492,-41.781,-99.312,-19.4,3.406,-99.312,0.000,0.0,0.000,0.000,0.000,0.0,0.000,0.000
2.5261,2.969,24.2,-8.273,2.918,5.832,-35.3,-0.835,5.922,30.453,-93.5,3.346,30.672,92.688,29.9,-2.137,92.625,-0.605,-1.4,5.250,-0.609,-7.973,-45.3,-2.629,-7.863,-41.875,-26.8,-5.754,-41.812,-99.312,-3.8,3.332,-99.312,0.000,0.0,0.000,0.000,0.000,0.0,0.000,0.000
2.5282,3.021,25.8,-4.387,2.969,5.727,-46.3,0.967,5.832,30.234,-102.9,5.109,30.453,92.750,23.9,-1.910,92.688,-0.596,3.4,3.688,-0.605,-8.086,-52.8,-1.782,-7.973,-42.000,-45.7,-5.691,-41.875,-99.312,3.6,3.625,-99.312,0.000,0.0,0.000,0.000,0.000,0.0,0.000,0.000
2.5302,3.094,31.3,-3.170,3.021,5.613,-51.2,1.954,5.727,30.000,-108.6,4.957,30.234,92.812,25.9,-1.586,92.750,-0.612,-3.4,5.609,-0.596,-8.211,-60.9,-3.148,-8.086,-42.094,-51.3,-5.258,-42.000,-99.250,15.7,4.113,-99.312,0.000,0.0,0.000,0.000,0.000,0.0,0.000,0.000
2.5324,3.186,41.2,-11.352,3.094,5.516,-51.7,-0.131,5.613,29.781,-113.1,4.805,30.000,92.875,27.0,-1.311,92.812,-0.609,-1.6,10.055,-0.612,-8.359,-69.7,-3.432,-8.211,-42.281,-72.2,-6.938,-42.094,-99.188,31.2,4.672,-99.250,0.000,0.0,0.000,0.000,0.000,0.0,0.000,0.000
2.5345,3.186,41.2,-11.352,3.186,5.516,-51.7,-0.131,5.516,29.781,-113.1,4.805,29.781,92.875,27.0,-1.311,92.875,-0.609,-1.6,10.055,-0.609,-8.359,-69.7,-3.432,-8.359,-42.281,-72.2,-6.938,-42.281,-99.188,31.2,4.672,-99.188,0.000,0.0,0.000,0.000,0.000,0.0,0.000,0.000
2.5361,3.229,11.7,-8.859,3.186,5.355,-43.6,0.034,5.516,29.391,-96.6,5.871,29.781,93.000,34.7,-0.485,92.875,-0.493,26.4,8.922,-0.609,-8.680,-79.2,-4.496,-8.359,-42.656,-95.2,-7.211,-42.281,-99.000,41.4,0.321,-99.188,0.000,0.0,0.000,0.000,0.000,0.0,0.000,0.000
2.5380,3.227,3.7,-7.152,3.229,5.270,-44.3,0.610,5.355,29.219,-84.2,5.758,29.391,93.062,34.5,-0.422,93.000,-0.411,34.9,7.699,-0.493,-8.805,-67.5,-4.707,-8.680,-42.875,-106.2,-7.750,-42.656,-98.938,39.7,1.204,-99.000,0.000,0.0,0.000,0.000,0.000,0.0,0.000,0.000
2.5400,3.201,-6.0,-6.227,3.227,5.191,-44.9,0.827,5.270,29.078,-72.4,5.527,29.219,93.125,36.0,-0.437,93.062,-0.314,43.9,6.988,-0.411,-8.867,-42.2,-6.285,-8.805,-43.125,-116.1,-7.195,-42.875,-98.812,40.9,1.347,-98.938,0.000,0.0,0.000,0.000,0.000,0.0,0.000,0.000
2.5420,3.176,-11.1,-6.699,3.201,5.141,-34.3,1.309,5.191,28.938,-70.2,5.324,29.078,93.188,39.2,-0.311,93.125,-0.220,44.4,7.379,-0.314,-8.898,-23.6,-8.055,-8.867,-43.375,-124.0,-8.641,-43.125,-98.750,43.5,1.775,-98.812,0.000,0.0,0.000,0.000,0.000,0.0,0.000,0.000
2.5440,3.148,-15.4,-6.441,3.176,5.090,-29.5,1.292,5.141,28.859,-56.3,4.605,28.938,93.312,41.2,-0.322,93.188,-0.116,47.5,6.621,-0.220,-8.875,-2.1,-8.758,-8.898,-43.625,-126.1,-8.367,-43.375,-98.688,43.5,1.819,-98.750,0.000,0.0,0.000,0.000,0.000,0.0,0.000,0.000
2.5460,3.129,-10.8,-5.504,3.148,5.051,-24.6,1.229,5.090,28.781,-43.1,4.586,28.859,93.375,43.8,-0.168,93.312,-0.013,49.4,5.840,-0.116,-8.875,-1.2,-10.172,-8.875,-43.875,-119.4,-9.117,-43.625,-98.562,40.7,0.769,-98.688,0.000,0.0,0.000,0.000,0.000,0.0,0.000,0.000
2.5480,3.109,-8.9,-4.441,3.129,5.031,-15.4,1.003,5.051,28.734,-31.6,3.748,28.781,93.500,41.3,-0.219,93.375,0.066,42.9,5.277,-0.013,-8.891,-5.9,-10.750,-8.875,-44.125,-124.2,-9.406,-43.875,-98.500,33.3,0.499,-98.562,0.000,0.0,0.000,0.000,0.000,0.0,0.000,0.000
2.5500,3.100,-5.7,-4.734,3.109,5.023,-8.1,0.228,5.031,28.703,-22.1,3.285,28.734,93.625,51.2,-0.362,93.500,0.129,34.5,6.410,0.066,-8.930,-15.7,-11.289,-8.891,-44.312,-104.4,-9.203,-44.125,-98.438,29.8,-0.876,-98.500,0.000,0.0,0.000,0.000,0.000,0.0,0.000,0.000
2.5520,3.084,-6.3,-5.883,3.100,5.020,-5.5,-1.133,5.023,28.656,-20.3,2.223,28.703,93.688,53.6,-0.542,93.625,0.185,30.8,7.094,0.129,-8.984,-23.0,-10.188,-8.930,-44.500,-96.2,-8.992,-44.312,-98.438,16.4,-2.262,-98.438,0.000,0.0,0.000,0.000,0.000,0.0,0.000,0.000
2.5540,3.066,-8.0,-5.324,3.084,5.016,-3.6,-1.548,5.020,28.641,-13.8,1.447,28.656,93.812,51.8,-0.768,93.688,0.220,21.7,7.477,0.185,-9.031,-24.4,-9.719,-8.984,-44.625,-72.8,-9.469,-44.500,-98.438,10.4,-1.650,-98.438,0.000,0.0,0.000,0.000,0.000,0.0,0.000,0.000
2.5560,3.041,-10.5,-5.148,3.066,5.004,-5.2,-1.978,5.016,28.625,-11.4,1.127,28.641,93.875,50.4,-1.008,93.812,0.257,18.8,8.055,0.220,-9.078,-23.6,-10.406,-9.031,-44.688,-48.0,-9.992,-44.625,-98.500,-12.1,-0.900,-98.438,0.000,0.0,0.000,0.000,0.000,0.0,0.000,0.000
2.5581,3.020,-10.5,-5.207,3.041,4.984,-8.4,-2.305,5.004,28.594,-11.4,0.773,28.625,94.000,45.6,-0.976,93.875,0.289,16.0,8.391,0.257,-9.078,-9.9,-10.914,-9.078,-44.719,-20.7,-11.000,-44.688,-98.500,-18.0,-0.323,-98.500,0.000,0.0,0.000,0.000,0.000,0.0,0.000,0.000
2.5601,3.012,-4.9,-5.309,3.020,4.965,-8.7,-2.258,4.984,28.562,-15.6,0.944,28.594,94.062,38.3,-1.159,94.000,0.330,18.1,8.555,0.289,-9.086,-3.3,-11.242,-9.078,-44.688,-2.7,-11.758,-44.719,-98.562,-26.9,0.089,-98.500,0.000,0.0,0.000,0.000,0.000,0.0,0.000,0.000
2.5620,2.988,-9.3,-5.328,3.012,4.938,-9.2,-2.197,4.965,28.516,-16.2,0.827,28.562,94.125,41.2,-1.053,94.062,0.361,15.8,8.000,0.330,-9.086,1.1,-10.898,-9.086,-44.656,10.3,-12.133,-44.688,-98.625,-33.0,0.228,-98.562,0.000,0.0,0.000,0.000,0.000,0.0,0.000,0.000
2.5640,3.004,0.3,-5.941,2.988,4.926,-6.1,-2.137,4.938,28.469,-20.2,1.088,28.516,94.250,40.8,-0.819,94.125,0.396,16.5,8.289,0.361,-9.086,0.3,-10.836,-9.086,-44.625,18.9,-12.672,-44.656,-98.688,-33.7,0.237,-98.625,0.000,0.0,0.000,0.000,0.000,0.0,0.000,0.000
2.5660,3.012,1.1,-6.078,3.004,4.914,-6.8,-2.338,4.926,28.406,-28.0,0.388,28.469,94.312,34.4,-1.176,94.250,0.414,11.1,7.469,0.396,-9.086,2.1,-9.258,-9.086,-44.594,16.7,-12.164,-44.625,-98.812,-36.6,3.342,-98.688,0.000,0.0,0.000,0.000,0.000,0.0,0.000,0.000
2.5680,3.027,4.8,-4.988,3.012,4.930,1.2,-2.070,4.914,28.344,-30.7,0.082,28.406,94.312,28.9,-1.491,94.312,0.439,12.2,5.434,0.414,-9.086,0.9,-7.582,-9.086,-44.562,14.2,-12.055,-44.594,-98.875,-34.5,6.156,-98.812,0.000,0.0,0.000,0.000,0.000,0.0,0.000,0.000
2.5700,3.041,4.7,-2.111,3.027,4.945,5.0,-0.872,4.930,28.297,-26.3,3.566,28.344,94.375,26.2,-2.303,94.312,0.424,-0.9,-0.591,0.439,-9.055,10.4,-3.920,-9.086,-44.500,24.2,-8.266,-44.562,-98.875,-17.8,4.227,-98.875,0.000,0.0,0.000,0.000,0.000,0.0,0.000,0.000
2.5720,3.088,16.3,0.568,3.041,4.969,10.2,1.200,4.945,28.250,-23.6,4.402,28.297,94.438,20.8,-2.803,94.375,0.345,-26.1,0.569,0.424,-9.008,18.7,-3.910,-9.055,-44.469,22.5,-6.586,-44.500,-98.875,-9.6,2.994,-98.875,0.000,0.0,0.000,0.000,0.000,0.0,0.000,0.000
2.5740,3.156,28.6,-0.078,3.088,4.996,14.4,1.818,4.969,28.250,-12.6,4.410,28.250,94.438,3.1,-3.049,94.438,0.239,-45.3,2.359,0.345,-8.938,30.2,-4.125,-9.008,-44.406,28.9,-6.375,-44.469,-98.875,6.2,2.576,-98.875,0.000,0.0,0.000,0.000,0.000,0.0,0.000,0.000
2.5760,3.236,35.1,-1.025,3.156,5.035,17.8,1.755,4.996,28.250,-0.6,4.324,28.250,94.438,-2.8,-3.127,94.438,0.094,-63.8,4.270,0.239,-8.875,32.5,-4.055,-8.938,-44.312,39.8,-6.871,-44.406,-98.812,7.0,2.496,-98.875,0.000,0.0,0.000,0.000,0.000,0.0,0.000,0.000
2.5780,3.332,44.3,-1.413,3.236,5.086,24.9,2.027,5.035,28.297,11.1,3.664,28.250,94.375,-9.1,-3.248,94.438,-0.044,-68.0,4.941,0.094,-8.820,31.5,-3.857,-8.875,-44.188,50.2,-7.578,-44.312,-98.812,12.1,2.695,-98.812,0.000,0.0,0.000,0.000,0.000,0.0,0.000,0.000
2.5800,3.408,39.3,-1.853,3.332,5.133,23.0,1.743,5.086,28.328,15.9,2.951,28.297,94.312,-20.0,-3.115,94.375,-0.201,-75.1,5.641,-0.044,-8.797,20.9,-4.148,-8.820,-44.094,47.0,-8.898,-44.188,-98.812,9.9,3.334,-98.812,0.000,0.0,0.000,0.000,0.000,0.0,0.000,0.000
2.5824,3.512,44.6,-2.920,3.408,5.195,27.3,1.017,5.133,28.406,27.7,4.531,28.328,94.250,-29.0,-3.523,94.312,-0.333,-69.4,6.883,-0.201,-8.773,14.3,-2.965,-8.797,-44.031,44.8,-9.742,-44.094,-98.750,22.9,4.121,-98.812,0.000,0.0,0.000,0.000,0.000,0.0,0.000,0.000
2.5847,3.604,44.9,-4.242,3.512,5.262,32.2,1.656,5.195,28.469,29.8,6.574,28.406,94.188,-37.0,-4.898,94.250,-0.468,-68.7,6.629,-0.333,-8.750,10.1,-1.294,-8.773,-43.938,39.6,-8.680,-44.031,-98.625,28.8,4.371,-98.750,0.000,0.0,0.000,0.000,0.000,0.0,0.000,0.000
2.5869,3.697,33.6,-6.754,3.604,5.387,38.8,3.219,5.262,28.625,49.9,8.648,28.469,94.000,-54.1,-6.980,94.188,-0.609,-51.1,7.449,-0.468,-8.695,17.8,-0.261,-8.750,-43.844,32.9,-4.078,-43.938,-98.562,39.3,2.164,-98.625,0.000,0.0,0.000,0.000,0.000,0.0,0.000,0.000
2.5886,3.725,30.8,-7.660,3.697,5.438,44.3,3.377,5.387,28.688,57.2,8.195,28.625,93.938,-66.2,-6.609,94.000,-0.656,-49.0,6.848,-0.609,-8.664,21.5,-0.625,-8.695,-43.812,33.7,-4.254,-43.844,-98.500,41.0,2.146,-98.562,0.000,0.0,0.000,0.000,0.000,0.0,0.000,0.000
2.5901,3.746,17.0,-9.297,3.725,5.547,52.1,4.512,5.438,28.859,73.3,8.680,28.688,93.750,-80.9,-7.871,93.938,-0.715,-37.0,9.398,-0.656,-8.602,26.7,0.992,-8.664,-43.750,33.0,-3.670,-43.812,-98.438,40.8,0.697,-98.500,0.000,0.0,0.000,0.000,0.000,0.0,0.000,0.000
2.5920,3.750,6.1,-9.500,3.746,5.676,60.8,4.672,5.547,29.047,86.6,9.414,28.859,93.500,-101.7,-7.344,93.750,-0.741,-22.0,7.539,-0.715,-8.508,37.4,0.517,-8.602,-43.656,44.7,-3.930,-43.750,-98.375,35.8,0.749,-98.438,0.000,0.0,0.000,0.000,0.000,0.0,0.000,0.000
2.5940,3.719,-7.2,-8.445,3.750,5.816,68.6,5.023,5.676,29.266,99.3,9.453,29.047,93.250,-116.8,-7.680,93.500,-0.744,-10.0,6.113,-0.741,-8.414,43.7,-0.096,-8.508,-43.562,48.5,-4.648,-43.656,-98.312,28.8,0.575,-98.375,0.000,0.0,0.000,0.000,0.000,0.0,0.000,0.000
2.5960,3.668,-18.6,-9.195,3.719,5.918,57.3,4.832,5.816,29.500,108.9,11.680,29.266,93.000,-137.1,-8.172,93.250,-0.725,1.4,7.508,-0.744,-8.336,39.7,-1.778,-8.414,-43.438,52.4,-4.387,-43.562,-98.250,23.7,-0.885,-98.312,0.000,0.0,0.000,0.000,0.000,0.0,0.000,0.000
2.5980,3.600,-28.2,-9.023,3.668,5.973,37.2,5.719,5.918,29.766,125.4,11.188,29.500,92.625,-152.2,-6.516,93.000,-0.678,15.4,6.492,-0.725,-8.281,32.3,-2.277,-8.336,-43.344,57.4,-5.055,-43.438,-98.250,8.0,-1.166,-98.250,0.000,0.0,0.000,0.000,0.000,0.0,0.000,0.000
2.6000,3.508,-40.0,-7.875,3.600,5.965,10.5,7.379,5.973,30.031,133.0,11.125,29.766,92.312,-168.9,-3.186,92.625,-0.627,23.2,4.617,-0.678,-8.250,19.9,-3.129,-8.281,-43.219,58.2,-5.699,-43.344,-98.250,1.0,-1.103,-98.250,0.000,0.0,0.000,0.000,0.000,0.0,0.000,0.000
2.6020,3.439,-35.6,-6.781,3.508,5.941,-6.6,9.070,5.965,30.312,137.1,11.211,30.031,91.938,-172.0,0.554,92.312,-0.605,15.4,3.922,-0.627,-8.219,14.0,-3.105,-8.250,-43.094,57.0,-6.418,-43.219,-98.312,-5.6,-1.118,-98.250,0.000,0.0,0.000,0.000,0.000,0.0,0.000,0.000
2.6040,3.371,-33.2,-7.660,3.439,5.918,-10.2,10.484,5.941,30.578,136.8,11.766,30.312,91.688,-155.9,2.908,91.938,-0.568,17.6,4.348,-0.605,-8.242,-1.1,-2.330,-8.219,-43.000,56.1,-6.926,-43.094,-98.312,-19.6,-1.057,-98.312,0.000,0.0,0.000,0.000,0.000,0.0,0.000,0.000
2.6060,3.314,-29.2,-7.758,3.371,5.914,-6.3,11.680,5.918,30.812,123.1,11.344,30.578,91.438,-130.1,4.199,91.688,-0.543,14.2,4.496,-0.568,-8.266,-9.8,-1.320,-8.242,-42.906,44.8,-7.039,-43.000,-98.438,-30.2,-0.938,-98.312,0.000,0.0,0.000,0.000,0.000,0.0,0.000,0.000
2.6080,3.260,-28.2,-7.141,3.314,5.922,-0.8,12.797,5.914,31.031,116.4,11.414,30.812,91.250,-98.1,5.520,91.438,-0.515,14.3,4.512,-0.543,-8.297,-13.5,-0.130,-8.266,-42.844,35.3,-6.934,-42.906,-98.500,-32.9,-0.798,-98.438,0.000,0.0,0.000,0.000,0.000,0.0,0.000,0.000
2.6103,3.213,-26.3,-7.344,3.260,5.961,11.7,14.445,5.922,31.203,95.6,11.391,31.031,91.188,-64.5,5.883,91.250,-0.502,9.0,4.926,-0.515,-8.328,-18.2,1.132,-8.297,-42.781,30.1,-6.773,-42.844,-98.562,-40.6,-0.694,-98.500,0.000,0.0,0.000,0.000,0.000,0.0,0.000,0.000
2.6126,3.180,-20.1,-7.922,3.213,5.992,15.6,13.789,5.961,31.359,81.7,10.891,31.203,91.188,-26.7,3.705,91.188,-0.486,7.1,4.945,-0.502,-8.344,-12.5,1.825,-8.328,-42.750,23.0,-5.973,-42.781,-98.688,-48.3,-0.436,-98.562,0.000,0.0,0.000,0.000,0.000,0.0,0.000,0.000
2.6148,3.133,-20.4,-7.156,3.180,6.000,8.3,13.586,5.992,31.438,56.2,12.070,31.359,91.188,3.1,1.979,91.188,-0.464,9.9,5.266,-0.486,-8.344,-4.7,1.828,-8.344,-42.719,13.6,-4.949,-42.750,-98.812,-54.3,0.011,-98.688,0.000,0.0,0.000,0.000,0.000,0.0,0.000,0.000
2.6169,3.072,-17.7,-7.484,3.133,6.004,0.9,13.500,6.000,31.469,18.5,11.719,31.438,91.375,47.1,0.010,91.188,-0.461,4.5,5.066,-0.464,-8.344,1.2,1.698,-8.344,-42.688,12.0,-3.793,-42.719,-99.000,-57.6,0.410,-98.812,0.000,0.0,0.000,0.000,0.000,0.0,0.000,0.000
2.6184,3.053,-18.8,-7.875,3.072,6.000,-0.8,13.562,6.004,31.469,9.0,12.125,31.469,91.438,51.0,-0.958,91.375,-0.464,1.7,5.180,-0.461,-8.320,9.2,1.496,-8.344,-42.688,11.4,-3.242,-42.688,-99.062,-56.6,0.574,-99.000,0.000,0.0,0.000,0.000,0.000,0.0,0.000,0.000
2.6204,3.035,-12.8,-7.723,3.053,6.000,-2.0,12.805,6.000,31.422,-13.0,12.367,31.469,91.562,58.9,-4.691,91.438,-0.455,4.5,5.051,-0.464,-8.289,14.8,1.395,-8.320,-42.656,9.1,-2.018,-42.688,-99.125,-59.5,0.991,-99.062,0.000,0.0,0.000,0.000,0.000,0.0,0.000,0.000
2.6221,3.031,-6.8,-8.414,3.035,6.004,-1.2,12.219,6.000,31.375,-22.1,11.805,31.422,91.688,65.9,-5.961,91.562,-0.464,-0.2,4.871,-0.455,-8.250,18.2,1.163,-8.289,-42.625,14.0,-1.929,-42.656,-99.250,-54.9,1.191,-99.125,0.000,0.0,0.000,0.000,0.000,0.0,0.000,0.000
2.6240,3.031,-2.4,-8.422,3.031,6.023,6.9,10.484,6.004,31.312,-29.5,11.352,31.375,91.812,58.7,-8.078,91.688,-0.468,0.1,4.770,-0.464,-8.219,19.4,1.193,-8.250,-42.625,10.4,-0.874,-42.625,-99.375,-56.5,1.571,-99.250,0.000,0.0,0.000,0.000,0.000,0.0,0.000,0.000
2.6260,3.041,1.8,-4.117,3.031,6.016,0.1,4.500,6.023,31.203,-44.0,5.062,31.312,91.938,50.3,-2.910,91.812,-0.496,-9.6,-0.318,-0.468,-8.211,9.8,-1.861,-8.219,-42.594,11.6,-3.400,-42.625,-99.438,-44.9,3.646,-99.375,0.000,0.0,0.000,0.000,0.000,0.0,0.000,0.000
2.6280,3.098,19.6,-0.747,3.041,5.992,-9.9,1.874,6.016,31.078,-57.7,4.734,31.203,92.000,45.5,-2.311,91.938,-0.546,-20.6,0.973,-0.496,-8.219,-1.3,-2.877,-8.211,-42.562,10.7,-4.746,-42.594,-99.500,-38.2,3.615,-99.438,0.000,0.0,0.000,0.000,0.000,0.0,0.000,0.000
2.6300,3.203,40.4,-3.100,3.098,5.930,-23.4,1.716,5.992,30.891,-76.4,3.078,31.078,92.062,45.1,-2.742,92.000,-0.615,-29.3,6.629,-0.546,-8.266,-17.2,-2.004,-8.219,-42.594,-6.3,-5.695,-42.562,-99.562,-26.0,2.986,-99.500,0.000,0.0,0.000,0.000,0.000,0.0,0.000,0.000
2.6320,3.324,51.8,-8.375,3.203,5.848,-33.0,0.283,5.930,30.688,-91.2,3.119,30.891,92.188,44.7,-2.725,92.062,-0.659,-23.5,6.500,-0.615,-8.344,-29.5,-2.971,-8.266,-42.656,-15.0,-5.203,-42.594,-99.562,-16.1,2.779,-99.562,0.000,0.0,0.000,0.000,0.000,0.0,0.000,0.000
2.6340,3.414,48.5,-5.285,3.324,5.758,-39.6,1.458,5.848,30.453,-109.4,4.039,30.688,92.250,42.3,-2.596,92.188,-0.700,-21.0,8.703,-0.659,-8.453,-47.2,-1.783,-8.344,-42.719,-31.7,-5.094,-42.656,-99.562,-0.3,2.723,-99.562,0.000,0.0,0.000,0.000,0.000,0.0,0.000,0.000
2.6360,3.482,38.2,-9.703,3.414,5.672,-39.2,-0.407,5.758,30.219,-111.8,4.531,30.453,92.375,42.9,-2.369,92.250,-0.700,-8.8,10.398,-0.700,-8.547,-50.6,-3.443,-8.453,-42.812,-39.7,-5.621,-42.719,-99.562,3.0,3.494,-99.562,0.000,0.0,0.000,0.000,0.000,0.0,0.000,0.000
2.6380,3.521,24.7,-9.883,3.482,5.586,-41.1,-0.967,5.672,29.984,-115.6,4.711,30.219,92.438,43.2,-2.043,92.375,-0.649,13.2,10.984,-0.700,-8.664,-55.2,-3.725,-8.547,-42.969,-58.9,-5.762,-42.812,-99.500,14.7,2.848,-99.562,0.000,0.0,0.000,0.000,0.000,0.0,0.000,0.000
2.6403,3.518,8.4,-10.070,3.521,5.496,-43.8,-0.883,5.586,29.766,-112.9,5.512,29.984,92.500,42.7,-1.718,92.438,-0.581,26.1,9.414,-0.649,-8.844,-75.1,-4.027,-8.664,-43.094,-67.9,-6.363,-42.969,-99.500,19.4,0.645,-99.500,0.000,0.0,0.000,0.000,0.000,0.0,0.000,0.000
2.6426,3.475,-10.9,-7.949,3.518,5.418,-40.1,-0.711,5.496,29.547,-106.5,5.848,29.766,92.625,44.2,-1.461,92.500,-0.468,45.0,7.719,-0.581,-9.016,-82.9,-3.783,-8.844,-43.281,-83.8,-6.430,-43.094,-99.438,14.9,0.184,-99.500,0.000,0.0,0.000,0.000,0.000,0.0,0.000,0.000
2.6448,3.439,-14.6,-6.684,3.475,5.324,-42.9,0.101,5.418,29.375,-94.9,5.496,29.547,92.688,41.5,-1.249,92.625,-0.354,52.2,6.730,-0.468,-9.164,-75.3,-4.402,-9.016,-43.500,-97.9,-6.805,-43.281,-99.375,18.2,0.865,-99.438,0.000,0.0,0.000,0.000,0.000,0.0,0.000,0.000
2.6464,3.393,-20.4,-6.020,3.439,5.238,-43.0,0.373,5.324,29.203,-86.5,5.426,29.375,92.812,47.8,-1.129,92.688,-0.232,58.5,5.418,-0.354,-9.258,-57.3,-5.863,-9.164,-43.719,-103.9,-6.734,-43.500,-99.375,12.1,0.904,-99.375,0.000,0.0,0.000,0.000,0.000,0.0,0.000,0.000
2.6480,3.367,-15.9,-5.273,3.393,5.160,-39.5,0.741,5.238,29.078,-70.3,5.449,29.203,92.938,53.3,-1.019,92.812,-0.119,57.7,5.562,-0.232,-9.312,-38.1,-7.797,-9.258,-43.938,-112.9,-7.012,-43.719,-99.375,6.0,1.033,-99.375,0.000,0.0,0.000,0.000,0.000,0.0,0.000,0.000
2.6500,3.348,-11.5,-4.609,3.367,5.078,-40.7,1.104,5.160,28.969,-62.3,4.695,29.078,93.000,53.0,-0.984,92.938,-0.009,55.4,4.512,-0.119,-9.305,-12.7,-8.750,-9.312,-44.156,-110.0,-8.109,-43.938,-99.375,7.6,1.553,-99.375,0.000,0.0,0.000,0.000,0.000,0.0,0.000,0.000
2.6520,3.352,-3.4,-4.914,3.348,5.027,-30.9,1.085,5.078,28.891,-45.1,4.160,28.969,93.125,54.2,-0.827,93.000,0.078,47.7,4.438,-0.009,-9.305,-3.9,-9.500,-9.305,-44.375,-107.5,-8.141,-44.156,-99.312,5.8,1.713,-99.375,0.000,0.0,0.000,0.000,0.000,0.0,0.000,0.000
2.6540,3.348,-2.8,-5.109,3.352,5.004,-18.3,1.046,5.027,28.828,-35.6,3.861,28.891,93.250,52.2,-0.590,93.125,0.151,38.9,4.812,0.078,-9.305,-3.0,-10.273,-9.305,-44.625,-111.8,-9.625,-44.375,-99.312,8.1,1.576,-99.312,0.000,0.0,0.000,0.000,0.000,0.0,0.000,0.000
2.6560,3.346,-3.0,-4.535,3.348,4.980,-15.3,0.376,5.004,28.766,-34.0,3.213,28.828,93.375,52.8,-0.781,93.250,0.207,31.9,5.516,0.151,-9.336,-12.5,-10.164,-9.305,-44.812,-102.0,-8.734,-44.625,-99.312,7.1,0.733,-99.312,0.000,0.0,0.000,0.000,0.000,0.0,0.000,0.000
2.6580,3.324,-9.8,-4.191,3.346,4.973,-7.8,-0.792,4.980,28.734,-24.5,2.344,28.766,93.438,52.8,-1.129,93.375,0.251,25.7,7.117,0.207,-9.375,-18.9,-10.438,-9.336,-44.969,-91.0,-8.320,-44.812,-99.312,-1.1,-0.869,-99.312,0.000,0.0,0.000,0.000,0.000,0.0,0.000,0.000
2.6600,3.320,-4.2,-4.910,3.324,4.965,-7.2,-1.843,4.973,28.688,-23.5,1.666,28.734,93.562,56.8,-1.534,93.438,0.279,19.5,8.055,0.251,-9.430,-24.9,-9.844,-9.375,-45.125,-75.7,-8.258,-44.969,-99.375,-9.6,-0.814,-99.312,0.000,0.0,0.000,0.000,0.000,0.0,0.000,0.000
2.6620,3.275,-13.0,-4.125,3.320,4.945,-9.8,-2.143,4.965,28.641,-21.1,0.802,28.688,93.625,47.8,-1.819,93.562,0.317,19.3,8.750,0.279,-9.492,-26.3,-9.148,-9.430,-45.188,-52.7,-8.898,-45.125,-99.375,-16.1,-0.419,-99.375,0.000,0.0,0.000,0.000,0.000,0.0,0.000,0.000
2.6640,3.254,-16.9,-4.609,3.275,4.945,-5.8,-2.373,4.945,28.625,-23.2,0.799,28.641,93.688,48.3,-1.744,93.625,0.336,19.9,8.852,0.317,-9.516,-24.4,-9.656,-9.492,-45.219,-44.8,-9.094,-45.188,-99.438,-20.8,-0.010,-99.375,0.000,0.0,0.000,0.000,0.000,0.0,0.000,0.000
2.6664,3.227,-9.8,-4.992,3.254,4.883,-17.7,-2.316,4.945,28.531,-28.2,0.936,28.625,93.812,42.9,-1.549,93.688,0.405,24.1,7.789,0.336,-9.547,-12.3,-10.188,-9.516,-45.250,-15.1,-10.273,-45.219,-99.500,-22.9,0.341,-99.438,0.000,0.0,0.000,0.000,0.000,0.0,0.000,0.000
2.6686,3.221,-5.0,-5.410,3.227,4.859,-14.6,-2.367,4.883,28.469,-31.4,1.179,28.531,93.875,40.4,-1.378,93.812,0.442,22.0,7.871,0.405,-9.555,-3.7,-10.516,-9.547,-45.281,-6.4,-10.906,-45.250,-99.562,-28.1,0.281,-99.500,0.000,0.0,0.000,0.000,0.000,0.0,0.000,0.000
2.6716,3.252,8.6,-6.625,3.221,4.840,-8.3,-2.758,4.859,28.359,-36.5,1.283,28.469,94.000,28.3,-1.145,93.875,0.499,16.9,7.746,0.442,-9.562,-3.7,-10.219,-9.555,-45.219,11.0,-11.477,-45.281,-99.625,-31.0,-0.020,-99.562,0.000,0.0,0.000,0.000,0.000,0.0,0.000,0.000
2.6734,3.273,10.8,-6.590,3.252,4.840,-5.2,-2.844,4.840,28.281,-37.0,1.244,28.359,94.062,31.2,-0.899,94.000,0.543,18.9,7.523,0.499,-9.562,1.1,-9.602,-9.562,-45.188,15.7,-11.719,-45.219,-99.750,-37.8,1.701,-99.625,0.000,0.0,0.000,0.000,0.000,0.0,0.000,0.000
2.6748,3.275,8.3,-6.344,3.273,4.855,2.1,-2.670,4.840,28.250,-36.0,1.167,28.281,94.062,26.4,-0.856,94.062,0.559,17.2,7.465,0.543,-9.570,-2.8,-9.539,-9.562,-45.188,15.9,-12.062,-45.188,-99.750,-32.1,2.627,-99.750,0.000,0.0,0.000,0.000,0.000,0.0,0.000,0.000
2.6763,3.285,7.5,-5.699,3.275,4.863,4.4,-2.719,4.855,28.188,-33.7,0.582,28.250,94.125,27.1,-1.284,94.062,0.600,21.8,7.406,0.559,-9.570,-1.4,-8.219,-9.570,-45.156,9.4,-11.734,-45.188,-99.812,-24.7,6.008,-99.750,0.000,0.0,0.000,0.000,0.000,0.0,0.000,0.000
2.6780,3.275,-2.1,-5.203,3.285,4.859,0.5,-2.539,4.863,28.094,-39.1,0.533,28.188,94.188,22.1,-1.127,94.125,0.600,10.3,2.768,0.600,-9.562,0.2,-8.039,-9.570,-45.156,7.6,-11.469,-45.156,-99.812,-10.3,5.328,-99.812,0.000,0.0,0.000,0.000,0.000,0.0,0.000,0.000
2.6800,3.289,4.5,0.897,3.275,4.863,-0.2,-1.734,4.859,28.016,-39.1,1.545,28.094,94.188,17.1,-1.969,94.188,0.568,-6.9,0.440,0.600,-9.562,0.1,-6.469,-9.562,-45.156,4.1,-9.648,-45.156,-99.812,2.0,4.578,-99.812,0.000,0.0,0.000,0.000,0.000,0.0,0.000,0.000
2.6820,3.316,12.2,1.713,3.289,4.867,0.3,1.256,4.863,27.953,-31.8,4.508,28.016,94.188,8.0,-3.064,94.188,0.499,-25.3,0.994,0.568,-9.547,5.5,-3.789,-9.562,-45.125,11.1,-6.621,-45.156,-99.750,5.6,3.086,-99.812,0.000,0.0,0.000,0.000,0.000,0.0,0.000,0.000
2.6840,3.383,24.7,0.167,3.316,4.898,9.8,2.627,4.867,27.938,-18.0,6.008,27.953,94.188,-1.5,-3.775,94.188,0.398,-40.5,2.525,0.499,-9.508,11.8,-3.066,-9.547,-45.062,21.5,-6.074,-45.125,-99.750,16.6,2.471,-99.750,0.000,0.0,0.000,0.000,0.000,0.0,0.000,0.000
2.6860,3.482,40.4,-0.671,3.383,4.949,19.7,2.232,4.898,27.953,-0.3,4.219,27.938,94.125,-7.7,-2.543,94.188,0.257,-60.2,4.109,0.398,-9.453,21.0,-5.078,-9.508,-45.000,30.6,-9.031,-45.062,-99.688,19.0,3.469,-99.750,0.000,0.0,0.000,0.000,0.000,0.0,0.000,0.000
2.6880,3.584,48.3,-0.837,3.482,4.996,21.7,0.378,4.949,27.984,9.1,1.989,27.953,94.062,-20.0,-1.506,94.125,0.129,-62.8,5.855,0.257,-9.406,21.0,-6.645,-9.453,-44.938,29.9,-11.734,-45.000,-99.625,27.0,4.844,-99.688,0.000,0.0,0.000,0.000,0.000,0.0,0.000,0.000
2.6900,3.691,51.4,-1.804,3.584,5.051,26.2,-1.059,4.996,28.016,12.5,0.697,27.984,94.062,-23.7,-1.567,94.062,0.009,-58.2,5.938,0.129,-9.383,14.1,-6.953,-9.406,-44.875,21.5,-12.969,-44.938,-99.562,38.8,6.363,-99.625,0.000,0.0,0.000,0.000,0.000,0.0,0.000,0.000
2.6920,3.807,55.2,-2.686,3.691,5.086,21.4,-0.653,5.051,28.047,10.5,2.107,28.016,94.000,-29.3,-3.008,94.062,-0.119,-59.5,6.129,0.009,-9.391,5.5,-5.328,-9.383,-44.875,8.9,-10.859,-44.875,-99.438,53.2,5.820,-99.562,0.000,0.0,0.000,0.000,0.000,0.0,0.000,0.000
2.6944,3.916,55.6,-4.035,3.807,5.102,11.8,0.781,5.086,28.078,18.1,4.145,28.047,93.875,-33.4,-4.863,94.000,-0.229,-56.1,6.395,-0.119,-9.398,-0.5,-3.662,-9.391,-44.906,-3.5,-8.773,-44.875,-99.312,58.5,5.375,-99.438,0.000,0.0,0.000,0.000,0.000,0.0,0.000,0.000
2.6966,4.008,50.1,-6.152,3.916,5.148,18.3,2.854,5.102,28.109,19.7,7.031,28.078,93.812,-44.1,-6.504,93.875,-0.323,-49.3,5.898,-0.229,-9.367,8.3,-2.064,-9.398,-44.938,-5.5,-6.641,-44.906,-99.125,70.6,4.137,-99.312,0.000,0.0,0.000,0.000,0.000,0.0,0.000,0.000
2.6990,4.086,30.8,-5.160,4.008,5.230,26.4,3.121,5.148,28.234,38.2,7.801,28.109,93.625,-67.6,-5.996,93.812,-0.424,-37.3,5.047,-0.323,-9.297,22.5,-2.965,-9.367,-44.906,5.9,-6.922,-44.938,-98.938,72.6,3.693,-99.125,0.000,0.0,0.000,0.000,0.000,0.0,0.000,0.000
2.7011,4.105,17.2,-3.625,4.086,5.309,33.3,1.498,5.230,28.344,48.1,6.020,28.234,93.438,-80.5,-3.934,93.625,-0.493,-36.5,5.867,-0.424,-9.227,28.3,-4.891,-9.297,-44.875,9.6,-9.500,-44.906,-98.750,85.2,4.641,-98.938,0.000,0.0,0.000,0.000,0.000,0.0,0.000,0.000
2.7029,4.125,12.2,-3.373,4.105,5.395,39.0,-0.006,5.309,28.469,55.8,3.861,28.344,93.250,-88.5,-2.441,93.438,-0.524,-25.8,5.480,-0.493,-9.188,24.3,-6.324,-9.227,-44.875,8.4,-11.992,-44.875,-98.562,92.6,6.289,-98.750,0.000,0.0,0.000,0.000,0.000,0.0,0.000,0.000
2.7043,4.145,14.6,-3.305,4.125,5.426,36.4,-0.586,5.395,28.516,51.8,4.117,28.469,93.125,-88.5,-2.109,93.250,-0.540,-23.0,4.977,-0.524,-9.180,16.7,-6.781,-9.188,-44.875,-2.0,-12.328,-44.875,-98.438,94.5,6.730,-98.562,0.000,0.0,0.000,0.000,0.000,0.0,0.000,0.000
2.7060,4.164,10.9,-3.166,4.145,5.488,32.1,-0.877,5.426,28.609,48.8,4.188,28.516,92.938,-91.6,-2.010,93.125,-0.556,-14.5,3.752,-0.540,-9.172,7.2,-5.703,-9.180,-44.906,-9.9,-12.078,-44.875,-98.250,104.6,6.504,-98.438,0.000,0.0,0.000,0.000,0.000,0.0,0.000,0.000
2.7080,4.199,16.0,-2.350,4.164,5.527,22.4,0.521,5.488,28.703,49.7,5.211,28.609,92.750,-94.6,-5.980,92.938,-0.562,-7.3,1.021,-0.556,-9.203,-7.7,-2.113,-9.172,-44.938,-14.9,-10.492,-44.906,-98.000,105.1,5.031,-98.250,0.000,0.0,0.000,0.000,0.000,0.0,0.000,0.000
2.7100,4.207,7.3,-2.617,4.199,5.547,13.3,6.941,5.527,28.797,49.0,11.133,28.703,92.562,-99.4,-8.617,92.750,-0.593,-13.1,0.314,-0.562,-9.211,-4.2,0.805,-9.203,-44.969,-10.0,-5.859,-44.938,-97.812,110.6,-0.456,-98.000,0.000,0.0,0.000,0.000,0.000,0.0,0.000,0.000
2.7120,4.250,15.1,-3.180,4.207,5.590,20.0,8.242,5.547,28.938,61.1,12.523,28.797,92.312,-116.9,-8.578,92.562,-0.640,-21.6,0.590,-0.593,-9.164,11.6,0.255,-9.211,-44.938,5.0,-6.172,-44.969,-97.625,91.3,-1.562,-97.812,0.000,0.0,0.000,0.000,0.000,0.0,0.000,0.000
2.7140,4.262,11.2,-1.938,4.250,5.629,21.8,7.441,5.590,29.125,80.9,9.930,28.938,92.000,-134.2,-4.539,92.312,-0.690,-24.8,0.479,-0.640,-9.109,21.9,-1.640,-9.164,-44.906,12.9,-9.836,-44.938,-97.500,75.6,0.083,-97.625,0.000,0.0,0.000,0.000,0.000,0.0,0.000,0.000
2.7160,4.285,11.9,-0.232,4.262,5.660,16.9,6.055,5.629,29.281,80.5,8.516,29.125,91.750,-138.2,-3.863,92.000,-0.759,-31.4,1.039,-0.690,-9.055,24.2,-3.438,-9.109,-44.875,14.3,-11.766,-44.906,-97.375,61.5,2.543,-97.500,0.000,0.0,0.000,0.000,0.000,0.0,0.000,0.000
2.7180,4.320,17.0,-0.427,4.285,5.672,9.4,6.855,5.660,29.453,81.7,9.672,29.281,91.438,-137.1,-4.395,91.750,-0.838,-36.8,1.094,-0.759,-9.031,13.9,-3.510,-9.055,-44.875,8.8,-10.750,-44.875,-97.312,45.5,2.531,-97.375,0.000,0.0,0.000,0.000,0.000,0.0,0.000,0.000
2.7200,4.375,23.8,-1.270,4.320,5.672,3.2,7.344,5.672,29.594,75.5,11.281,29.453,91.188,-139.2,-6.473,91.438,-0.919,-38.1,9.078,-0.838,-9.023,7.7,-2.363,-9.031,-44.875,2.5,-8.078,-44.875,-97.250,34.0,2.230,-97.312,0.000,0.0,0.000,0.000,0.000,0.0,0.000,0.000
2.7229,4.410,11.0,-10.789,4.375,5.641,-7.5,8.469,5.672,29.812,76.8,14.984,29.594,90.750,-146.6,-5.484,91.188,-0.963,-16.5,7.695,-0.919,-9.039,-3.7,-1.094,-9.023,-44.875,3.7,-3.967,-44.875,-97.250,8.9,-1.585,-97.250,0.000,0.0,0.000,0.000,0.000,0.0,0.000,0.000
2.7252,4.355,-12.7,-8.797,4.410,5.637,-3.8,8.797,5.641,30.000,84.8,13.617,29.812,90.438,-146.0,-3.955,90.750,-0.945,-0.7,6.203,-0.963,-9.062,-8.1,-0.559,-9.039,-44.812,15.7,-4.078,-44.875,-97.312,-12.9,-0.854,-97.250,0.000,0.0,0.000,0.000,0.000,0.0,0.000,0.000
2.7275,4.277,-29.7,-7.504,4.355,5.629,-4.1,8.750,5.637,30.156,81.4,12.617,30.000,90.188,-141.6,-3.418,90.438,-0.882,20.3,5.234,-0.945,-9.078,-6.7,0.271,-9.062,-44.781,21.3,-4.375,-44.812,-97.375,-33.2,0.002,-97.312,0.000,0.0,0.000,0.000,0.000,0.0,0.000,0.000
2.7294,4.207,-32.8,-7.020,4.277,5.648,4.0,8.516,5.629,30.297,74.4,13.047,30.156,89.938,-130.0,-3.738,90.188,-0.825,26.5,4.371,-0.882,-9.086,-7.2,0.301,-9.078,-44.688,28.8,-4.664,-44.781,-97.500,-49.8,0.298,-97.375,0.000,0.0,0.000,0.000,0.000,0.0,0.000,0.000
2.7308,4.133,-35.6,-6.746,4.207,5.660,6.1,8.398,5.648,30.453,74.7,13.008,30.297,89.750,-114.2,-4.074,89.938,-0.763,29.3,3.662,-0.825,-9.078,0.5,0.434,-9.086,-44.625,34.0,-4.887,-44.688,-97.625,-57.2,1.009,-97.500,0.000,0.0,0.000,0.000,0.000,0.0,0.000,0.000
2.7322,4.086,-40.9,-6.754,4.133,5.668,6.8,8.508,5.660,30.500,67.4,12.867,30.453,89.625,-107.6,-2.791,89.750,-0.728,30.8,2.400,-0.763,-9.078,-0.7,0.495,-9.078,-44.594,31.0,-4.910,-44.625,-97.688,-67.7,1.221,-97.625,0.000,0.0,0.000,0.000,0.000,0.0,0.000,0.000
2.7340,4.016,-38.5,-5.289,4.086,5.672,5.6,9.109,5.668,30.609,56.4,12.078,30.500,89.438,-88.9,-1.001,89.625,-0.662,31.1,1.905,-0.728,-9.070,3.0,0.532,-9.078,-44.500,38.1,-4.898,-44.594,-97.875,-72.6,1.617,-97.688,0.000,0.0,0.000,0.000,0.000,0.0,0.000,0.000
2.7360,3.963,-31.1,-5.770,4.016,5.676,3.5,9.992,5.672,30.672,44.8,11.484,30.609,89.312,-71.1,-0.041,89.438,-0.605,30.5,2.180,-0.662,-9.062,3.6,0.724,-9.070,-44.438,33.5,-4.641,-44.500,-98.000,-77.6,1.288,-97.875,0.000,0.0,0.000,0.000,0.000,0.0,0.000,0.000
2.7380,3.922,-23.3,-5.020,3.963,5.703,9.6,10.164,5.676,30.719,31.0,11.305,30.672,89.312,-41.3,0.833,89.312,-0.590,16.0,2.232,-0.605,-9.055,4.1,0.773,-9.062,-44.375,29.3,-4.285,-44.438,-98.188,-82.1,1.649,-98.000,0.000,0.0,0.000,0.000,0.000,0.0,0.000,0.000
2.7400,3.891,-17.1,-5.516,3.922,5.738,16.1,10.430,5.703,30.734,15.9,11.055,30.719,89.312,-11.9,0.631,89.312,-0.571,9.7,2.621,-0.590,-9.031,6.4,0.931,-9.055,-44.312,33.8,-3.580,-44.375,-98.375,-85.6,2.092,-98.188,0.000,0.0,0.000,0.000,0.000,0.0,0.000,0.000
2.7420,3.879,-9.2,-6.223,3.891,5.781,18.5,10.297,5.738,30.734,5.2,11.422,30.734,89.375,12.2,-0.881,89.312,-0.549,11.0,3.363,-0.571,-9.016,8.3,1.037,-9.031,-44.250,32.9,-3.072,-44.312,-98.562,-89.7,2.312,-98.375,0.000,0.0,0.000,0.000,0.000,0.0,0.000,0.000
2.7440,3.865,-6.8,-6.285,3.879,5.832,23.2,9.680,5.781,30.719,-2.1,11.266,30.734,89.438,40.6,-2.701,89.375,-0.556,1.0,3.602,-0.549,-8.984,12.4,1.342,-9.016,-44.219,25.7,-2.232,-44.250,-98.750,-87.6,2.674,-98.562,0.000,0.0,0.000,0.000,0.000,0.0,0.000,0.000
2.7460,3.859,-7.1,-6.824,3.865,5.859,24.3,9.531,5.832,30.703,-10.0,10.961,30.719,89.500,49.7,-3.234,89.438,-0.549,2.3,3.820,-0.556,-8.969,11.9,1.343,-8.984,-44.188,28.1,-1.562,-44.219,-98.812,-87.2,3.244,-98.750,0.000,0.0,0.000,0.000,0.000,0.0,0.000,0.000
2.7480,3.850,-5.4,-7.961,3.859,5.887,11.3,9.477,5.859,30.656,-10.7,10.102,30.703,89.750,68.4,-6.301,89.500,-0.549,0.0,4.742,-0.549,-8.906,18.8,1.584,-8.969,-44.125,22.8,-0.636,-44.188,-99.000,-76.3,3.225,-98.812,0.000,0.0,0.000,0.000,0.000,0.0,0.000,0.000
2.7500,3.848,-2.8,-7.996,3.850,5.895,5.2,9.109,5.887,30.609,-20.9,9.570,30.656,89.875,66.2,-6.852,89.750,-0.543,0.8,4.484,-0.549,-8.859,22.8,1.633,-8.906,-44.062,27.7,0.025,-44.125,-99.125,-65.0,3.506,-99.000,0.000,0.0,0.000,0.000,0.000,0.0,0.000,0.000
2.7521,3.842,-2.1,-7.641,3.848,5.871,-5.2,8.969,5.895,30.562,-23.5,8.820,30.609,90.000,69.8,-6.633,89.875,-0.537,0.6,0.195,-0.543,-8.812,21.1,1.470,-8.859,-44.000,27.4,0.304,-44.062,-99.250,-60.1,3.377,-99.125,0.000,0.0,0.000,0.000,0.000,0.0,0.000,0.000
2.7541,3.838,-0.9,-2.045,3.842,5.848,-11.8,7.223,5.871,30.484,-32.1,7.348,30.562,90.188,74.7,-6.645,90.000,-0.559,-7.4,0.046,-0.537,-8.766,22.5,0.702,-8.812,-43.938,29.4,-0.658,-44.000,-99.375,-51.9,3.070,-99.250,0.000,0.0,0.000,0.000,0.000,0.0,0.000,0.000
2.7560,3.873,10.6,-2.211,3.838,5.816,-15.8,6.742,5.848,30.422,-34.2,5.949,30.484,90.312,64.4,-5.461,90.188,-0.600,-15.5,0.529,-0.559,-8.742,17.3,0.242,-8.766,-43.875,27.9,-1.615,-43.938,-99.438,-44.6,2.592,-99.375,0.000,0.0,0.000,0.000,0.000,0.0,0.000,0.000
2.7580,3.932,23.0,-1.508,3.873,5.793,-12.8,4.086,5.816,30.328,-39.0,3.326,30.422,90.438,64.8,-3.291,90.312,-0.668,-27.2,1.252,-0.600,-8.742,6.4,-2.287,-8.742,-43.844,22.0,-3.885,-43.875,-99.500,-38.3,2.760,-99.438,0.000,0.0,0.000,0.000,0.000,0.0,0.000,0.000
2.7600,3.988,27.4,-1.541,3.932,5.738,-22.3,3.004,5.793,30.219,-53.0,2.553,30.328,90.562,69.3,-3.746,90.438,-0.741,-32.4,3.373,-0.668,-8.766,-4.8,-2.068,-8.742,-43.844,14.2,-4.660,-43.844,-99.562,-26.2,2.426,-99.500,0.000,0.0,0.000,0.000,0.000,0.0,0.000,0.000
2.7620,4.062,34.1,-1.654,3.988,5.684,-25.8,2.412,5.738,30.094,-60.1,2.160,30.219,90.688,69.5,-3.988,90.562,-0.797,-29.0,3.191,-0.741,-8.797,-11.0,-1.997,-8.766,-43.875,-6.6,-4.539,-43.844,-99.562,-22.0,1.958,-99.562,0.000,0.0,0.000,0.000,0.000,0.0,0.000,0.000
2.7640,4.133,34.9,-3.775,4.062,5.625,-29.5,0.623,5.684,29.922,-73.3,1.448,30.094,90.875,73.4,-3.889,90.688,-0.847,-22.5,7.934,-0.797,-8.852,-22.5,-3.242,-8.797,-43.906,-17.0,-5.145,-43.875,-99.562,-9.9,1.835,-99.562,0.000,0.0,0.000,0.000,0.000,0.0,0.000,0.000
2.7660,4.188,29.0,-5.465,4.133,5.566,-28.6,0.026,5.625,29.750,-83.1,2.072,29.922,91.000,73.5,-3.830,90.875,-0.875,-14.8,11.938,-0.847,-8.914,-31.1,-4.359,-8.852,-44.000,-29.8,-5.223,-43.906,-99.625,-3.7,1.964,-99.562,0.000,0.0,0.000,0.000,0.000,0.0,0.000,0.000
2.7680,4.223,20.6,-9.789,4.188,5.496,-32.2,-1.913,5.566,29.562,-91.2,2.869,29.750,91.188,76.9,-3.584,91.000,-0.822,11.2,10.055,-0.875,-9.016,-43.8,-5.129,-8.914,-44.094,-40.8,-5.238,-44.000,-99.625,-2.5,1.944,-99.625,0.000,0.0,0.000,0.000,0.000,0.0,0.000,0.000
2.7700,4.207,2.7,-8.195,4.223,5.402,-40.7,-1.650,5.496,29.359,-91.4,3.445,29.562,91.312,76.5,-3.436,91.188,-0.747,27.8,8.664,-0.822,-9.133,-55.3,-5.043,-9.016,-44.219,-57.5,-5.180,-44.094,-99.562,2.7,-0.151,-99.625,0.000,0.0,0.000,0.000,0.000,0.0,0.000,0.000
2.7720,4.164,-13.4,-7.625,4.207,5.309,-45.4,-1.304,5.402,29.156,-95.9,4.176,29.359,91.438,76.0,-3.342,91.312,-0.618,50.1,6.680,-0.747,-9.289,-68.5,-4.980,-9.133,-44.344,-61.7,-5.590,-44.219,-99.562,0.4,-0.480,-99.562,0.000,0.0,0.000,0.000,0.000,0.0,0.000,0.000
2.7740,4.137,-13.9,-7.004,4.164,5.219,-45.0,-1.060,5.309,28.984,-88.2,4.523,29.156,91.562,72.1,-3.014,91.438,-0.486,60.6,5.074,-0.618,-9.414,-63.0,-5.547,-9.289,-44.469,-65.9,-5.512,-44.344,-99.625,-4.6,-0.609,-99.562,0.000,0.0,0.000,0.000,0.000,0.0,0.000,0.000
2.7762,4.094,-18.2,-6.359,4.137,5.113,-49.1,-0.472,5.219,28.797,-89.9,4.523,28.984,91.688,63.8,-3.094,91.562,-0.345,67.4,3.889,-0.486,-9.523,-56.3,-5.871,-9.414,-44.656,-78.0,-5.352,-44.469,-99.625,-7.4,-0.627,-99.625,0.000,0.0,0.000,0.000,0.000,0.0,0.000,0.000
2.7783,4.078,-11.5,-4.719,4.094,5.004,-53.3,0.129,5.113,28.625,-88.9,4.660,28.797,91.875,65.8,-2.494,91.688,-0.207,70.6,2.420,-0.345,-9.594,-41.1,-7.320,-9.523,-44.812,-83.4,-5.406,-44.656,-99.625,-10.4,0.389,-99.625,0.000,0.0,0.000,0.000,0.000,0.0,0.000,0.000
2.7804,4.062,-8.3,-3.658,4.078,4.906,-51.4,0.589,5.004,28.500,-73.8,4.816,28.625,92.000,63.8,-2.023,91.875,-0.091,63.0,0.784,-0.207,-9.641,-28.6,-8.688,-9.594,-45.000,-86.6,-5.629,-44.812,-99.688,-16.8,-0.209,-99.625,0.000,0.0,0.000,0.000,0.000,0.0,0.000,0.000
2.7824,4.062,-3.3,-3.098,4.062,4.812,-47.6,0.646,4.906,28.375,-68.2,5.086,28.500,92.062,55.6,-2.053,92.000,-0.003,50.5,1.167,-0.091,-9.656,-16.0,-9.383,-9.641,-45.188,-89.1,-5.547,-45.000,-99.750,-19.1,-0.708,-99.688,0.000,0.0,0.000,0.000,0.000,0.0,0.000,0.000
2.7840,4.074,-0.5,-3.811,4.062,4.727,-44.9,0.477,4.812,28.266,-59.2,4.406,28.375,92.188,59.1,-1.811,92.062,0.072,43.6,2.629,-0.003,-9.688,-15.3,-9.984,-9.656,-45.375,-89.4,-6.477,-45.188,-99.750,-21.0,-0.766,-99.750,0.000,0.0,0.000,0.000,0.000,0.0,0.000,0.000
2.7860,4.082,2.5,-3.451,4.074,4.645,-42.7,0.379,4.727,28.188,-49.8,3.799,28.266,92.312,56.8,-1.553,92.188,0.113,30.2,3.562,0.072,-9.727,-21.1,-10.156,-9.688,-45.531,-83.5,-7.246,-45.375,-99.812,-26.9,-0.749,-99.750,0.000,0.0,0.000,0.000,0.000,0.0,0.000,0.000
2.7880,4.086,2.3,-3.520,4.082,4.574,-38.9,0.173,4.645,28.078,-50.5,3.164,28.188,92.438,52.2,-1.943,92.312,0.144,22.7,5.109,0.113,-9.781,-25.6,-9.633,-9.727,-45.656,-73.9,-7.289,-45.531,-99.875,-33.6,-0.538,-99.812,0.000,0.0,0.000,0.000,0.000,0.0,0.000,0.000
2.7900,4.070,-3.9,-3.637,4.086,4.508,-33.6,-0.163,4.574,28.000,-43.8,2.213,28.078,92.500,52.3,-2.186,92.438,0.169,17.3,6.418,0.144,-9.812,-22.8,-9.328,-9.781,-45.781,-67.7,-7.703,-45.656,-100.000,-35.5,-0.177,-99.875,0.000,0.0,0.000,0.000,0.000,0.0,0.000,0.000
2.7920,4.062,-5.7,-4.398,4.070,4.453,-28.8,-0.949,4.508,27.891,-48.2,1.884,28.000,92.625,44.2,-2.398,92.500,0.198,14.1,7.301,0.169,-9.867,-23.8,-8.898,-9.812,-45.844,-49.1,-7.707,-45.781,-100.062,-38.0,0.125,-100.000,0.000,0.0,0.000,0.000,0.000,0.0,0.000,0.000
2.7940,4.051,-5.1,-4.320,4.062,4.383,-33.8,-1.331,4.453,27.781,-55.1,1.868,27.891,92.688,39.8,-2.340,92.625,0.254,21.5,7.422,0.198,-9.898,-18.0,-8.797,-9.867,-45.906,-34.2,-8.156,-45.844,-100.125,-41.5,0.430,-100.062,0.000,0.0,0.000,0.000,0.000,0.0,0.000,0.000
2.7960,4.039,-6.2,-4.629,4.051,4.336,-27.7,-1.734,4.383,27.672,-55.6,1.873,27.781,92.750,34.9,-2.115,92.688,0.326,31.0,6.750,0.254,-9.930,-14.0,-8.820,-9.898,-45.938,-21.0,-8.789,-45.906,-100.250,-41.2,0.621,-100.125,0.000,0.0,0.000,0.000,0.000,0.0,0.000,0.000
2.7980,4.047,0.4,-5.027,4.039,4.293,-24.9,-1.916,4.336,27.516,-70.0,2.275,27.672,92.812,31.3,-1.888,92.750,0.392,32.9,6.281,0.326,-9.930,-5.9,-8.914,-9.930,-45.906,-1.1,-9.461,-45.938,-100.312,-45.2,0.748,-100.250,0.000,0.0,0.000,0.000,0.000,0.0,0.000,0.000
2.8000,4.051,2.0,-5.473,4.047,4.285,-10.3,-2.197,4.293,27.375,-72.2,2.561,27.516,92.875,28.3,-1.502,92.812,0.474,39.6,6.152,0.392,-9.945,-4.0,-8.992,-9.930,-45.875,11.2,-10.234,-45.906,-100.375,-40.1,0.637,-100.312,0.000,0.0,0.000,0.000,0.000,0.0,0.000,0.000
2.8022,4.062,4.6,-5.773,4.051,4.270,-7.0,-2.594,4.285,27.203,-78.4,2.898,27.375,92.938,24.1,-1.399,92.875,0.534,36.2,6.102,0.474,-9.938,1.7,-8.594,-9.945,-45.812,21.5,-10.773,-45.875,-100.500,-43.3,0.875,-100.375,0.000,0.0,0.000,0.000,0.000,0.0,0.000,0.000
2.8041,4.062,3.9,-5.531,4.062,4.258,-6.6,-2.664,4.270,27.047,-78.4,2.604,27.203,92.938,23.7,-1.234,92.938,0.603,36.0,3.732,0.534,-9.961,-5.3,-7.402,-9.938,-45.750,25.5,-11.133,-45.812,-100.562,-33.5,2.232,-100.500,0.000,0.0,0.000,0.000,0.000,0.0,0.000,0.000
2.8061,4.055,-0.6,-2.926,4.062,4.270,1.1,-2.180,4.258,26.906,-73.3,2.504,27.047,92.938,15.5,-1.136,92.938,0.640,23.7,3.844,0.603,-9.977,-3.8,-6.980,-9.961,-45.719,25.3,-11.195,-45.750,-100.625,-27.2,3.666,-100.562,0.000,0.0,0.000,0.000,0.000,0.0,0.000,0.000
2.8080,4.070,4.6,-0.346,4.055,4.277,3.0,-1.118,4.270,26.750,-74.4,3.803,26.906,93.000,8.7,-0.971,92.938,0.646,6.6,-0.426,0.640,-9.992,-5.4,-4.535,-9.977,-45.656,25.8,-9.219,-45.719,-100.625,-15.9,3.135,-100.625,0.000,0.0,0.000,0.000,0.000,0.0,0.000,0.000
2.8100,4.109,17.0,1.667,4.070,4.289,5.1,-0.408,4.277,26.609,-70.1,5.434,26.750,93.000,5.2,-0.815,93.000,0.625,-7.1,-0.398,0.646,-9.992,-0.6,-4.680,-9.992,-45.594,26.7,-8.289,-45.656,-100.625,-9.1,3.227,-100.625,0.000,0.0,0.000,0.000,0.000,0.0,0.000,0.000
2.8120,4.156,21.1,1.256,4.109,4.309,7.5,1.179,4.289,26.531,-52.8,7.051,26.609,93.000,2.8,-2.010,93.000,0.552,-24.4,0.612,0.625,-9.984,2.4,-2.582,-9.992,-45.531,33.8,-6.930,-45.594,-100.625,-4.9,2.361,-100.625,0.000,0.0,0.000,0.000,0.000,0.0,0.000,0.000
2.8140,4.246,35.1,0.354,4.156,4.332,9.7,1.740,4.309,26.453,-40.9,6.090,26.531,93.000,-2.4,-2.305,93.000,0.442,-43.5,1.954,0.552,-9.969,8.9,-3.809,-9.984,-45.469,36.0,-8.578,-45.531,-100.625,7.0,2.877,-100.625,0.000,0.0,0.000,0.000,0.000,0.0,0.000,0.000
2.8160,4.344,41.8,-0.975,4.246,4.383,19.0,2.080,4.332,26.406,-28.4,6.770,26.453,92.938,-11.9,-3.307,93.000,0.320,-55.4,3.744,0.442,-9.953,9.0,-4.652,-9.969,-45.375,37.3,-9.375,-45.469,-100.562,11.5,3.246,-100.625,0.000,0.0,0.000,0.000,0.000,0.0,0.000,0.000
2.8180,4.445,47.0,-1.331,4.344,4.430,22.4,1.438,4.383,26.406,-12.3,5.746,26.406,92.938,-16.5,-3.236,92.938,0.198,-60.4,4.258,0.320,-9.953,3.9,-4.793,-9.953,-45.312,31.4,-10.719,-45.375,-100.500,21.5,4.488,-100.562,0.000,0.0,0.000,0.000,0.000,0.0,0.000,0.000
2.8200,4.543,49.4,-1.851,4.445,4.477,21.3,0.976,4.430,26.406,-4.9,5.707,26.406,92.875,-24.8,-4.332,92.938,0.088,-55.9,4.750,0.198,-9.945,3.5,-3.621,-9.953,-45.281,25.1,-10.312,-45.312,-100.438,35.2,4.961,-100.500,0.000,0.0,0.000,0.000,0.000,0.0,0.000,0.000
2.8220,4.637,46.4,-3.375,4.543,4.543,30.6,1.720,4.477,26.422,3.5,6.320,26.406,92.750,-36.4,-4.805,92.875,-0.019,-52.9,5.500,0.088,-9.953,0.3,-3.570,-9.945,-45.250,16.0,-9.258,-45.281,-100.375,41.8,4.500,-100.438,0.000,0.0,0.000,0.000,0.000,0.0,0.000,0.000
2.8240,4.707,39.1,-4.070,4.637,4.605,30.9,1.387,4.543,26.453,9.5,6.777,26.422,92.688,-41.5,-6.078,92.750,-0.097,-41.5,5.457,-0.019,-9.922,10.0,-2.904,-9.953,-45.250,11.1,-8.820,-45.250,-100.250,54.6,5.004,-100.375,0.000,0.0,0.000,0.000,0.000,0.0,0.000,0.000
2.8269,4.707,39.1,-4.070,4.707,4.605,30.9,1.387,4.605,26.453,9.5,6.777,26.453,92.688,-41.5,-6.078,92.688,-0.097,-41.5,5.457,-0.097,-9.922,10.0,-2.904,-9.922,-45.250,11.1,-8.820,-45.250,-100.250,54.6,5.004,-100.250,0.000,0.0,0.000,0.000,0.000,0.0,0.000,0.000
2.8289,4.812,17.2,-3.289,4.707,4.797,40.8,1.415,4.605,26.578,24.4,7.879,26.453,92.250,-82.4,-5.672,92.688,-0.254,-30.0,4.027,-0.097,-9.820,19.7,-4.203,-9.922,-45.219,0.7,-9.359,-45.250,-99.812,84.4,5.273,-100.250,0.000,0.0,0.000,0.000,0.000,0.0,0.000,0.000
2.8309,4.828,12.2,-2.443,4.812,4.883,41.6,1.305,4.797,26.625,23.0,7.910,26.578,92.062,-98.8,-5.230,92.250,-0.286,-20.8,3.258,-0.254,-9.781,20.4,-4.418,-9.820,-45.219,0.2,-9.242,-45.219,-99.625,90.3,5.039,-99.812,0.000,0.0,0.000,0.000,0.000,0.0,0.000,0.000
2.8330,4.824,1.4,-2.133,4.828,4.957,38.6,1.588,4.883,26.688,27.2,8.148,26.625,91.875,-103.5,-5.742,92.062,-0.314,-15.8,2.930,-0.286,-9.758,11.7,-3.318,-9.781,-45.219,-0.7,-9.211,-45.219,-99.438,98.6,4.758,-99.625,0.000,0.0,0.000,0.000,0.000,0.0,0.000,0.000
2.8347,4.816,-3.6,-1.972,4.824,4.973,29.8,2.924,4.957,26.719,30.5,8.969,26.688,91.750,-108.2,-4.742,91.875,-0.330,-16.0,2.395,-0.314,-9.734,16.8,-3.332,-9.758,-45.219,4.2,-9.719,-45.219,-99.312,99.5,3.941,-99.438,0.000,0.0,0.000,0.000,0.000,0.0,0.000,0.000
2.8360,4.832,1.3,-1.102,4.816,5.012,24.2,3.744,4.973,26.797,33.9,8.383,26.719,91.500,-119.1,-4.117,91.750,-0.352,-12.9,1.886,-0.330,-9.711,14.4,-3.154,-9.734,-45.250,-2.2,-10.312,-45.219,-99.062,113.0,4.035,-99.312,0.000,0.0,0.000,0.000,0.000,0.0,0.000,0.000
2.8380,4.852,7.0,-1.142,4.832,5.016,11.4,4.543,5.012,26.859,32.9,9.984,26.797,91.250,-120.9,-5.668,91.500,-0.376,-13.0,1.938,-0.352,-9.695,9.3,-1.939,-9.711,-45.250,-4.2,-10.203,-45.250,-98.875,108.2,3.537,-99.062,0.000,0.0,0.000,0.000,0.000,0.0,0.000,0.000
2.8400,4.875,10.2,-1.105,4.852,5.012,4.6,7.953,5.016,26.953,41.1,12.742,26.859,91.000,-135.4,-6.199,91.250,-0.414,-16.5,0.351,-0.376,-9.672,10.5,-1.174,-9.695,-45.219,3.1,-10.375,-45.250,-98.688,109.0,1.545,-98.875,0.000,0.0,0.000,0.000,0.000,0.0,0.000,0.000
2.8420,4.922,18.9,-1.253,4.875,5.027,8.0,8.547,5.012,27.047,47.4,13.055,26.953,90.688,-136.8,-5.359,91.000,-0.455,-18.5,-0.178,-0.414,-9.656,9.3,-1.428,-9.672,-45.250,0.6,-10.141,-45.219,-98.500,100.6,0.559,-98.688,0.000,0.0,0.000,0.000,0.000,0.0,0.000,0.000
2.8440,4.961,18.6,-2.172,4.922,5.047,9.2,8.664,5.027,27.156,52.6,13.359,27.047,90.375,-144.2,-5.125,90.688,-0.524,-28.9,-0.443,-0.455,-9.656,3.3,-1.384,-9.656,-45.219,2.8,-9.367,-45.250,-98.312,89.4,0.011,-98.500,0.000,0.0,0.000,0.000,0.000,0.0,0.000,0.000
2.8460,5.027,27.2,-2.098,4.961,5.070,10.6,8.352,5.047,27.281,59.3,13.094,27.156,90.062,-150.2,-5.520,90.375,-0.590,-33.0,0.148,-0.524,-9.641,6.5,-1.236,-9.656,-45.250,-1.2,-9.883,-45.219,-98.188,72.5,0.879,-98.312,0.000,0.0,0.000,0.000,0.000,0.0,0.000,0.000
2.8480,5.082,27.5,-2.537,5.027,5.090,10.1,8.484,5.070,27.422,64.4,14.969,27.281,89.750,-152.1,-7.898,90.062,-0.675,-40.5,0.622,-0.590,-9.641,0.7,-0.569,-9.641,-45.250,-2.1,-7.730,-45.250,-98.125,60.3,0.311,-98.188,0.000,0.0,0.000,0.000,0.000,0.0,0.000,0.000
2.8500,5.129,22.6,-9.727,5.082,5.098,6.5,9.102,5.090,27.562,70.4,16.609,27.422,89.438,-154.4,-7.734,89.750,-0.734,-35.0,6.484,-0.675,-9.641,-0.4,-0.908,-9.641,-45.219,4.9,-5.199,-45.250,-98.062,38.2,-2.068,-98.125,0.000,0.0,0.000,0.000,0.000,0.0,0.000,0.000
2.8520,5.129,7.3,-11.305,5.129,5.098,2.8,8.258,5.098,27.734,79.0,16.438,27.562,89.125,-159.5,-7.523,89.438,-0.747,-16.4,8.211,-0.734,-9.641,-0.5,-0.808,-9.641,-45.188,14.2,-4.609,-45.219,-98.062,11.3,-2.127,-98.062,0.000,0.0,0.000,0.000,0.000,0.0,0.000,0.000
2.8540,5.070,-15.4,-9.883,5.129,5.094,-0.4,8.469,5.098,27.906,84.0,15.969,27.734,88.812,-163.4,-7.230,89.125,-0.722,2.4,6.816,-0.747,-9.648,-2.1,-0.662,-9.641,-45.156,17.0,-4.918,-45.188,-98.062,-7.9,-1.319,-98.062,0.000,0.0,0.000,0.000,0.000,0.0,0.000,0.000
2.8560,5.004,-27.9,-8.516,5.070,5.094,0.9,8.180,5.094,28.078,82.6,15.602,27.906,88.500,-162.2,-7.074,88.812,-0.662,20.0,5.516,-0.722,-9.656,-2.3,-0.613,-9.648,-45.094,22.8,-5.035,-45.156,-98.188,-30.2,-0.655,-98.062,0.000,0.0,0.000,0.000,0.000,0.0,0.000,0.000
2.8581,4.926,-34.2,-7.691,5.004,5.082,-4.9,8.117,5.094,28.219,77.8,14.711,28.078,88.188,-160.4,-6.332,88.500,-0.593,28.3,4.074,-0.662,-9.672,-8.4,-0.242,-9.656,-45.031,29.4,-4.863,-45.094,-98.250,-41.3,-0.098,-98.188,0.000,0.0,0.000,0.000,0.000,0.0,0.000,0.000
2.8602,4.855,-37.6,-6.785,4.926,5.090,-0.1,8.070,5.082,28.344,67.2,14.547,28.219,87.875,-153.9,-6.504,88.188,-0.505,38.0,2.730,-0.593,-9.680,-5.2,-0.091,-9.672,-44.969,27.9,-4.648,-45.031,-98.375,-54.1,0.693,-98.250,0.000,0.0,0.000,0.000,0.000,0.0,0.000,0.000
2.8623,4.805,-31.3,-5.617,4.855,5.098,2.8,8.109,5.090,28.469,64.0,12.828,28.344,87.562,-142.5,-4.184,87.875,-0.414,43.2,1.257,-0.505,-9.695,-7.0,0.417,-9.680,-44.906,29.3,-4.352,-44.969,-98.500,-63.8,1.272,-98.375,0.000,0.0,0.000,0.000,0.000,0.0,0.000,0.000
2.8640,4.766,-22.3,-5.605,4.805,5.098,1.1,8.664,5.098,28.578,52.6,13.047,28.469,87.312,-127.2,-4.867,87.562,-0.345,39.0,1.119,-0.414,-9.703,-6.1,0.386,-9.695,-44.875,26.4,-4.184,-44.906,-98.688,-68.5,1.351,-98.500,0.000,0.0,0.000,0.000,0.000,0.0,0.000,0.000
2.8660,4.707,-25.3,-5.113,4.766,5.129,10.3,8.680,5.098,28.656,44.5,12.492,28.578,87.125,-106.2,-3.818,87.312,-0.295,28.8,1.049,-0.345,-9.703,-4.3,0.500,-9.703,-44.812,25.1,-3.762,-44.875,-98.812,-76.1,1.575,-98.688,0.000,0.0,0.000,0.000,0.000,0.0,0.000,0.000
2.8680,4.688,-15.3,-5.246,4.707,5.145,9.8,8.812,5.129,28.719,37.8,12.500,28.656,87.000,-87.1,-4.676,87.125,-0.232,31.5,1.308,-0.295,-9.695,1.4,0.679,-9.703,-44.750,24.5,-3.443,-44.812,-99.000,-82.6,1.761,-98.812,0.000,0.0,0.000,0.000,0.000,0.0,0.000,0.000
2.8700,4.668,-10.3,-5.062,4.688,5.180,14.8,8.914,5.145,28.781,30.1,12.555,28.719,86.875,-62.4,-4.656,87.000,-0.210,20.2,1.296,-0.232,-9.672,10.4,0.663,-9.695,-44.719,23.4,-3.133,-44.750,-99.188,-83.1,2.102,-99.000,0.000,0.0,0.000,0.000,0.000,0.0,0.000,0.000
2.8720,4.660,-6.9,-5.457,4.668,5.223,19.1,9.016,5.180,28.812,22.7,12.531,28.781,86.812,-39.9,-4.887,86.875,-0.198,11.3,2.010,-0.210,-9.680,2.9,0.654,-9.672,-44.656,23.0,-2.588,-44.719,-99.312,-84.6,2.383,-99.188,0.000,0.0,0.000,0.000,0.000,0.0,0.000,0.000
2.8740,4.652,-5.8,-6.703,4.660,5.258,18.8,8.633,5.223,28.812,9.5,12.516,28.812,86.812,-21.8,-5.395,86.812,-0.198,2.0,3.129,-0.198,-9.641,13.9,0.585,-9.680,-44.625,23.2,-2.145,-44.656,-99.500,-79.3,2.346,-99.312,0.000,0.0,0.000,0.000,0.000,0.0,0.000,0.000
2.8760,4.652,-4.3,-7.500,4.652,5.277,12.1,9.164,5.258,28.797,-0.9,12.406,28.812,86.812,-6.1,-5.500,86.812,-0.173,7.4,3.969,-0.198,-9.617,13.5,0.828,-9.641,-44.594,24.7,-1.644,-44.625,-99.625,-78.8,2.729,-99.500,0.000,0.0,0.000,0.000,0.000,0.0,0.000,0.000
2.8780,4.641,-5.3,-7.121,4.652,5.297,10.0,9.156,5.277,28.781,-8.8,12.078,28.797,86.875,13.5,-5.945,86.812,-0.154,9.1,3.824,-0.173,-9.586,15.1,0.884,-9.617,-44.562,17.7,-1.021,-44.594,-99.812,-75.3,2.893,-99.625,0.000,0.0,0.000,0.000,0.000,0.0,0.000,0.000
2.8800,4.629,-5.6,-7.613,4.641,5.289,1.1,8.656,5.297,28.750,-13.4,11.734,28.781,86.938,29.0,-7.184,86.875,-0.141,8.0,4.508,-0.154,-9.547,18.4,1.071,-9.586,-44.500,21.8,-0.421,-44.562,-99.938,-70.2,2.953,-99.812,0.000,0.0,0.000,0.000,0.000,0.0,0.000,0.000
2.8822,4.621,-4.2,-7.879,4.629,5.289,-0.9,9.133,5.289,28.703,-17.2,11.281,28.750,87.000,34.7,-8.602,86.938,-0.122,9.3,4.730,-0.141,-9.523,12.9,1.286,-9.547,-44.469,19.7,0.220,-44.500,-100.062,-61.6,2.934,-99.938,0.000,0.0,0.000,0.000,0.000,0.0,0.000,0.000
2.8844,4.590,-11.8,-7.930,4.621,5.266,-8.0,8.180,5.289,28.672,-17.3,10.609,28.703,87.125,40.0,-9.070,87.000,-0.107,8.6,4.477,-0.122,-9.492,13.5,1.396,-9.523,-44.438,20.0,0.697,-44.469,-100.125,-54.2,2.789,-100.062,0.000,0.0,0.000,0.000,0.000,0.0,0.000,0.000
2.8865,4.555,-15.5,-6.883,4.590,5.266,-4.8,7.957,5.266,28.625,-18.4,8.477,28.672,87.188,39.5,-7.074,87.125,-0.085,9.0,3.428,-0.107,-9.461,16.3,1.795,-9.492,-44.406,16.8,0.396,-44.438,-100.250,-47.2,2.629,-100.125,0.000,0.0,0.000,0.000,0.000,0.0,0.000,0.000
2.8882,4.543,-9.4,-0.480,4.555,5.262,-1.1,7.461,5.266,28.578,-19.6,7.633,28.625,87.250,39.0,-6.969,87.188,-0.082,3.3,-1.011,-0.085,-9.438,13.5,1.554,-9.461,-44.375,11.6,-0.474,-44.406,-100.312,-38.0,2.740,-100.250,0.000,0.0,0.000,0.000,0.000,0.0,0.000,0.000
2.8900,4.566,5.2,-0.662,4.543,5.246,-3.9,5.980,5.262,28.516,-27.0,5.820,28.578,87.375,43.5,-4.715,87.250,-0.113,-10.4,-0.342,-0.082,-9.422,8.4,0.702,-9.438,-44.344,13.6,-1.475,-44.375,-100.312,-26.8,2.006,-100.312,0.000,0.0,0.000,0.000,0.000,0.0,0.000,0.000
2.8920,4.602,13.8,-0.367,4.566,5.223,-9.8,4.617,5.246,28.438,-34.0,5.051,28.516,87.500,53.6,-3.367,87.375,-0.154,-17.2,-0.012,-0.113,-9.398,9.2,-0.896,-9.422,-44.344,7.4,-2.662,-44.344,-100.375,-21.3,1.721,-100.312,0.000,0.0,0.000,0.000,0.000,0.0,0.000,0.000
2.8940,4.668,27.1,-0.703,4.602,5.188,-15.1,3.682,5.223,28.344,-42.6,4.422,28.438,87.625,61.5,-3.117,87.500,-0.226,-28.2,1.258,-0.154,-9.398,4.9,-1.638,-9.398,-44.344,2.9,-3.387,-44.344,-100.438,-20.8,1.478,-100.375,0.000,0.0,0.000,0.000,0.000,0.0,0.000,0.000
2.8960,4.730,30.4,-1.483,4.668,5.137,-21.3,3.721,5.188,28.219,-52.8,3.691,28.344,87.812,76.8,-3.463,87.625,-0.301,-34.4,2.461,-0.226,-9.414,-3.0,-1.893,-9.398,-44.375,-7.6,-4.906,-44.344,-100.438,-12.8,1.319,-100.438,0.000,0.0,0.000,0.000,0.000,0.0,0.000,0.000
2.8980,4.812,37.6,-2.225,4.730,5.082,-25.9,2.938,5.137,28.094,-60.4,3.043,28.219,88.000,82.4,-3.764,87.812,-0.367,-33.6,3.262,-0.301,-9.445,-11.3,-2.383,-9.414,-44.438,-22.8,-5.812,-44.375,-100.438,-9.5,1.281,-100.438,0.000,0.0,0.000,0.000,0.000,0.0,0.000,0.000
2.9000,4.891,36.7,-3.898,4.812,5.020,-28.6,1.329,5.082,27.922,-75.9,2.902,28.094,88.188,96.3,-4.391,88.000,-0.417,-26.5,5.309,-0.367,-9.492,-21.1,-3.596,-9.445,-44.500,-34.3,-6.215,-44.438,-100.438,-3.5,0.993,-100.438,0.000,0.0,0.000,0.000,0.000,0.0,0.000,0.000
2.9020,4.949,31.0,-10.031,4.891,4.945,-34.3,-1.241,5.020,27.750,-79.0,3.215,27.922,88.438,107.6,-4.672,88.188,-0.414,-5.8,10.984,-0.417,-9.555,-29.2,-5.504,-9.492,-44.625,-50.3,-5.523,-44.500,-100.438,-5.4,-0.206,-100.438,0.000,0.0,0.000,0.000,0.000,0.0,0.000,0.000
2.9040,4.965,15.3,-9.133,4.949,4.855,-41.1,-1.279,4.945,27.547,-91.8,3.801,27.750,88.625,111.2,-4.906,88.438,-0.358,17.3,9.266,-0.414,-9.672,-45.1,-4.281,-9.555,-44.750,-61.4,-4.828,-44.625,-100.438,-6.3,-0.363,-100.438,0.000,0.0,0.000,0.000,0.000,0.0,0.000,0.000
2.9060,4.941,-1.7,-7.676,4.965,4.746,-47.8,-1.098,4.855,27.344,-99.0,4.426,27.547,88.875,114.2,-4.879,88.625,-0.260,37.1,7.125,-0.358,-9.805,-58.0,-3.826,-9.672,-44.906,-71.3,-4.305,-44.750,-100.500,-8.7,-0.325,-100.438,0.000,0.0,0.000,0.000,0.000,0.0,0.000,0.000
2.9080,4.906,-12.6,-7.461,4.941,4.645,-48.9,-1.146,4.746,27.125,-106.6,4.840,27.344,89.062,107.4,-5.188,88.875,-0.135,52.6,6.008,-0.260,-9.961,-70.3,-4.145,-9.805,-45.062,-71.9,-4.070,-44.906,-100.500,-7.4,-0.323,-100.500,0.000,0.0,0.000,0.000,0.000,0.0,0.000,0.000
2.9102,4.855,-20.4,-6.871,4.906,4.523,-54.3,-0.702,4.645,26.938,-98.5,4.531,27.125,89.312,108.4,-5.195,89.062,0.013,67.6,4.766,-0.135,-10.094,-65.7,-4.816,-9.961,-45.219,-78.7,-3.730,-45.062,-100.500,-12.4,-0.175,-100.500,0.000,0.0,0.000,0.000,0.000,0.0,0.000,0.000
2.9122,4.816,-19.6,-4.715,4.855,4.402,-57.0,-0.313,4.523,26.734,-95.5,4.816,26.938,89.500,103.8,-4.766,89.312,0.144,67.2,2.527,0.013,-10.164,-46.2,-6.023,-10.094,-45.375,-79.6,-3.750,-45.219,-100.562,-14.8,-0.179,-100.500,0.000,0.0,0.000,0.000,0.000,0.0,0.000,0.000
2.9141,4.793,-13.8,-3.248,4.816,4.293,-55.0,-0.170,4.402,26.562,-92.2,4.711,26.734,89.688,102.8,-5.004,89.500,0.282,68.1,1.797,0.144,-10.195,-27.0,-7.484,-10.164,-45.531,-70.8,-3.889,-45.375,-100.562,-13.7,-0.222,-100.562,0.000,0.0,0.000,0.000,0.000,0.0,0.000,0.000
2.9160,4.785,-5.5,-3.266,4.793,4.168,-61.3,-0.030,4.293,26.391,-86.1,4.719,26.562,89.875,95.3,-4.473,89.688,0.405,63.3,0.854,0.282,-10.195,-9.0,-8.703,-10.195,-45.656,-65.6,-4.793,-45.531,-100.625,-15.5,-0.297,-100.562,0.000,0.0,0.000,0.000,0.000,0.0,0.000,0.000
2.9180,4.797,1.8,-3.473,4.785,4.078,-52.0,0.286,4.168,26.219,-86.4,5.059,26.391,90.062,82.4,-4.020,89.875,0.505,54.4,0.691,0.405,-10.180,-1.6,-9.469,-10.195,-45.750,-55.2,-6.363,-45.656,-100.688,-20.1,-0.423,-100.625,0.000,0.0,0.000,0.000,0.000,0.0,0.000,0.000
2.9200,4.797,1.9,-2.916,4.797,3.977,-49.7,0.404,4.078,26.062,-82.4,4.512,26.219,90.188,81.1,-4.004,90.062,0.583,44.4,0.943,0.505,-10.180,-0.7,-9.531,-10.180,-45.812,-46.2,-7.238,-45.750,-100.750,-23.7,-0.494,-100.688,0.000,0.0,0.000,0.000,0.000,0.0,0.000,0.000
2.9220,4.797,1.1,-3.014,4.797,3.885,-46.6,0.217,3.977,25.922,-73.2,3.863,26.062,90.375,78.4,-3.594,90.188,0.625,29.2,2.934,0.583,-10.227,-15.6,-8.961,-10.180,-45.875,-31.4,-8.094,-45.812,-100.812,-27.0,-0.407,-100.750,0.000,0.0,0.000,0.000,0.000,0.0,0.000,0.000
2.9240,4.789,-1.4,-3.656,4.797,3.797,-43.7,-0.030,3.885,25.797,-65.4,2.611,25.922,90.500,73.9,-3.961,90.375,0.662,22.3,5.043,0.625,-10.281,-23.5,-8.211,-10.227,-45.906,-24.8,-8.023,-45.875,-100.812,-29.1,-0.107,-100.812,0.000,0.0,0.000,0.000,0.000,0.0,0.000,0.000
2.9260,4.773,-5.1,-4.070,4.789,3.730,-35.3,-0.884,3.797,25.672,-62.8,1.892,25.797,90.625,67.2,-3.766,90.500,0.706,22.8,6.098,0.662,-10.336,-25.6,-7.562,-10.281,-45.906,-13.4,-8.273,-45.906,-100.938,-32.0,0.251,-100.812,0.000,0.0,0.000,0.000,0.000,0.0,0.000,0.000
2.9280,4.746,-10.7,-4.031,4.773,3.672,-30.6,-2.084,3.730,25.516,-71.6,1.496,25.672,90.750,54.3,-3.525,90.625,0.747,21.9,6.508,0.706,-10.375,-22.6,-7.281,-10.336,-45.906,-1.6,-8.594,-45.906,-100.938,-27.7,0.472,-100.938,0.000,0.0,0.000,0.000,0.000,0.0,0.000,0.000
2.9300,4.734,-7.6,-3.732,4.746,3.621,-27.2,-2.549,3.672,25.359,-74.8,1.828,25.516,90.812,46.2,-3.150,90.750,0.810,27.9,6.191,0.747,-10.414,-18.7,-7.246,-10.375,-45.875,10.1,-9.117,-45.906,-101.000,-27.2,0.736,-100.938,0.000,0.0,0.000,0.000,0.000,0.0,0.000,0.000
2.9320,4.723,-5.2,-4.094,4.734,3.596,-17.8,-2.998,3.621,25.203,-79.1,2.098,25.359,90.875,41.5,-2.646,90.812,0.885,35.0,6.246,0.810,-10.430,-11.5,-8.250,-10.414,-45.844,17.5,-10.000,-45.875,-101.062,-32.3,0.651,-101.000,0.000,0.0,0.000,0.000,0.000,0.0,0.000,0.000
2.9340,4.703,-8.0,-4.625,4.723,3.570,-13.3,-2.975,3.596,25.031,-81.8,2.350,25.203,90.938,38.9,-2.236,90.875,0.970,41.1,5.805,0.885,-10.445,-8.2,-8.617,-10.430,-45.812,18.6,-10.703,-45.844,-101.125,-26.8,0.421,-101.062,0.000,0.0,0.000,0.000,0.000,0.0,0.000,0.000
2.9361,4.703,-8.0,-4.625,4.703,3.570,-13.3,-2.975,3.570,25.031,-81.8,2.350,25.031,90.938,38.9,-2.236,90.938,0.970,41.1,5.805,0.970,-10.445,-8.2,-8.617,-10.445,-45.812,18.6,-10.703,-45.812,-101.125,-26.8,0.421,-101.125,0.000,0.0,0.000,0.000,0.000,0.0,0.000,0.000
2.9382,4.691,-6.1,-5.543,4.703,3.543,-5.9,-2.762,3.570,24.719,-77.2,3.227,25.031,91.062,24.9,-1.373,90.938,1.123,38.9,5.859,0.970,-10.484,-11.6,-8.938,-10.445,-45.719,16.5,-11.328,-45.812,-101.188,-23.4,0.022,-101.125,0.000,0.0,0.000,0.000,0.000,0.0,0.000,0.000
2.9403,4.695,-2.4,-5.703,4.691,3.531,-4.2,-2.752,3.543,24.578,-71.0,3.105,24.719,91.062,22.9,-1.219,91.062,1.199,36.7,4.723,1.123,-10.500,-7.0,-7.691,-10.484,-45.688,19.7,-11.039,-45.719,-101.250,-24.5,2.064,-101.188,0.000,0.0,0.000,0.000,0.000,0.0,0.000,0.000
2.9426,4.703,2.4,-0.405,4.695,3.521,-3.4,-0.441,3.531,24.438,-72.7,3.324,24.578,91.125,21.3,-1.073,91.062,1.262,30.9,0.023,1.199,-10.570,-21.3,-5.258,-10.500,-45.656,12.6,-11.188,-45.688,-101.250,-13.5,2.598,-101.250,0.000,0.0,0.000,0.000,0.000,0.0,0.000,0.000
2.9440,4.730,11.4,0.394,4.703,3.523,1.8,0.239,3.521,24.297,-68.1,3.299,24.438,91.188,18.1,-0.723,91.125,1.280,15.0,0.257,1.262,-10.602,-20.5,-5.078,-10.570,-45.656,8.0,-11.359,-45.656,-101.250,-4.9,2.727,-101.250,0.000,0.0,0.000,0.000,0.000,0.0,0.000,0.000
2.9460,4.781,18.2,0.185,4.730,3.533,5.1,-0.080,3.523,24.188,-61.7,3.555,24.297,91.188,18.2,-0.541,91.188,1.274,2.8,0.425,1.280,-10.617,-11.8,-5.676,-10.602,-45.656,8.1,-11.125,-45.656,-101.250,1.7,2.816,-101.250,0.000,0.0,0.000,0.000,0.000,0.0,0.000,0.000
2.9480,4.855,30.4,0.792,4.781,3.553,8.5,0.526,3.533,24.078,-55.2,5.824,24.188,91.250,16.6,-1.072,91.188,1.221,-16.1,-0.136,1.274,-10.641,-11.2,-5.164,-10.617,-45.625,4.1,-10.406,-45.656,-101.250,6.9,3.611,-101.250,0.000,0.0,0.000,0.000,0.000,0.0,0.000,0.000
2.9500,4.934,38.6,0.731,4.855,3.564,5.9,1.471,3.553,24.016,-41.0,6.754,24.078,91.250,10.1,-2.273,91.250,1.146,-30.0,0.644,1.221,-10.656,-7.9,-3.941,-10.641,-45.625,6.6,-9.047,-45.625,-101.188,21.5,2.949,-101.250,0.000,0.0,0.000,0.000,0.000,0.0,0.000,0.000
2.9520,5.031,45.1,0.618,4.934,3.596,11.1,1.058,3.564,23.969,-26.8,4.598,24.016,91.250,6.2,-1.635,91.250,1.032,-47.8,2.176,1.146,-10.664,-6.6,-6.137,-10.656,-45.594,9.4,-12.797,-45.625,-101.125,23.3,4.254,-101.188,0.000,0.0,0.000,0.000,0.000,0.0,0.000,0.000
2.9540,5.133,48.2,0.229,5.031,3.631,14.6,0.513,3.596,23.938,-18.2,4.102,23.969,91.250,1.3,-1.634,91.250,0.938,-47.2,3.830,1.032,-10.680,-8.5,-6.988,-10.664,-45.562,7.7,-13.453,-45.594,-101.000,36.2,4.957,-101.125,0.000,0.0,0.000,0.000,0.000,0.0,0.000,0.000
2.9560,5.246,53.2,-0.573,5.133,3.656,12.5,0.171,3.631,23.922,-12.9,3.270,23.938,91.250,-5.6,-1.429,91.250,0.822,-54.5,4.340,0.938,-10.680,-3.0,-7.273,-10.680,-45.594,-0.5,-14.016,-45.562,-100.938,48.8,5.320,-101.000,0.000,0.0,0.000,0.000,0.000,0.0,0.000,0.000
2.9580,5.359,53.3,-3.879,5.246,3.691,15.5,-0.266,3.656,23.875,-19.8,3.484,23.922,91.250,-4.7,-1.143,91.250,0.737,-49.8,6.176,0.822,-10.695,-3.0,-7.398,-10.680,-45.625,-11.5,-14.375,-45.594,-100.750,61.2,5.609,-100.938,0.000,0.0,0.000,0.000,0.000,0.0,0.000,0.000
2.9600,5.465,53.0,-3.938,5.359,3.713,13.9,0.138,3.691,23.844,-15.6,4.645,23.875,91.188,-7.5,-1.634,91.250,0.693,-32.7,5.684,0.737,-10.703,-1.5,-6.848,-10.695,-45.656,-16.6,-13.141,-45.625,-100.625,77.2,6.074,-100.750,0.000,0.0,0.000,0.000,0.000,0.0,0.000,0.000
2.9620,5.492,43.8,-4.457,5.465,3.719,10.8,0.432,3.713,23.828,-19.7,5.000,23.844,91.188,-9.5,-2.818,91.188,0.659,-33.4,5.523,0.693,-10.711,-4.5,-6.473,-10.703,-45.688,-20.4,-12.555,-45.656,-100.500,79.1,5.727,-100.625,0.000,0.0,0.000,0.000,0.000,0.0,0.000,0.000
2.9640,5.551,21.1,-3.723,5.492,3.746,8.4,0.446,3.719,23.781,-16.2,3.930,23.828,91.125,-15.0,-2.367,91.188,0.634,-15.4,5.656,0.659,-10.695,4.4,-8.117,-10.711,-45.750,-20.2,-14.898,-45.688,-100.188,100.1,6.039,-100.500,0.000,0.0,0.000,0.000,0.000,0.0,0.000,0.000
2.9661,5.578,12.5,-5.621,5.551,3.770,8.6,-1.327,3.746,23.750,-15.0,2.986,23.781,91.125,-19.7,-1.020,91.125,0.656,2.2,8.172,0.634,-10.703,-1.4,-9.766,-10.695,-45.812,-24.5,-16.250,-45.750,-100.000,106.2,6.543,-100.188,0.000,0.0,0.000,0.000,0.000,0.0,0.000,0.000
2.9681,5.559,-2.5,-8.992,5.578,3.785,8.5,-2.105,3.770,23.703,-16.7,2.938,23.750,91.062,-13.8,1.304,91.125,0.728,26.4,11.023,0.656,-10.727,-8.0,-10.469,-10.703,-45.875,-26.8,-16.531,-45.812,-99.688,121.4,4.184,-100.000,0.000,0.0,0.000,0.000,0.000,0.0,0.000,0.000
2.9700,5.492,-21.9,-6.719,5.559,3.770,-0.3,-1.521,3.785,23.656,-23.4,3.488,23.703,91.062,-6.3,1.390,91.062,0.832,43.1,8.562,0.728,-10.766,-17.6,-10.266,-10.727,-45.938,-34.6,-16.672,-45.875,-99.438,125.6,2.691,-99.688,0.000,0.0,0.000,0.000,0.000,0.0,0.000,0.000
2.9720,5.402,-37.2,-4.695,5.492,3.756,-3.5,-1.033,3.770,23.578,-29.9,3.686,23.656,91.062,-4.4,1.228,91.062,0.982,62.7,5.680,0.832,-10.812,-22.0,-10.102,-10.766,-46.031,-38.0,-16.109,-45.938,-99.250,122.4,1.890,-99.438,0.000,0.0,0.000,0.000,0.000,0.0,0.000,0.000
2.9740,5.309,-42.3,-3.002,5.402,3.715,-13.2,-0.438,3.756,23.531,-29.1,4.133,23.578,91.125,5.7,1.063,91.062,1.143,74.8,3.795,0.982,-10.867,-22.7,-10.047,-10.812,-46.094,-40.0,-16.422,-46.031,-99.062,105.4,0.881,-99.250,0.000,0.0,0.000,0.000,0.000,0.0,0.000,0.000
2.9760,5.242,-38.0,-3.002,5.309,3.684,-15.7,-0.106,3.715,23.500,-19.5,4.156,23.531,91.125,12.9,0.904,91.125,1.287,74.6,4.027,1.143,-10.938,-30.3,-10.266,-10.867,-46.188,-42.9,-16.406,-46.094,-98.812,101.6,0.967,-99.062,0.000,0.0,0.000,0.000,0.000,0.0,0.000,0.000
2.9780,5.199,-28.0,-3.566,5.242,3.668,-10.4,0.288,3.684,23.453,-19.2,4.590,23.500,91.188,17.4,0.956,91.125,1.431,72.5,2.836,1.287,-11.000,-33.5,-11.766,-10.938,-46.281,-43.0,-16.734,-46.188,-98.688,87.4,-0.915,-98.812,0.000,0.0,0.000,0.000,0.000,0.0,0.000,0.000
2.9800,5.191,-15.2,-4.000,5.199,3.646,-9.4,0.455,3.668,23.438,-10.9,4.227,23.453,91.250,22.0,1.225,91.188,1.572,71.1,2.061,1.431,-11.062,-30.7,-12.016,-11.000,-46.344,-40.2,-16.531,-46.281,-98.562,60.2,-3.791,-98.688,0.000,0.0,0.000,0.000,0.000,0.0,0.000,0.000
2.9820,5.199,-2.4,-3.582,5.191,3.625,-10.3,0.367,3.646,23.422,-13.1,3.316,23.438,91.312,30.9,1.110,91.250,1.682,60.9,1.682,1.572,-11.148,-36.4,-11.695,-11.062,-46.438,-43.5,-15.891,-46.344,-98.562,26.1,-3.299,-98.562,0.000,0.0,0.000,0.000,0.000,0.0,0.000,0.000
2.9840,5.211,2.9,-3.479,5.199,3.631,-0.6,0.094,3.625,23.438,-1.1,2.600,23.422,91.375,35.2,0.968,91.312,1.785,54.2,1.805,1.682,-11.242,-43.1,-11.234,-11.148,-46.531,-43.2,-15.945,-46.438,-98.562,1.7,-1.451,-98.562,0.000,0.0,0.000,0.000,0.000,0.0,0.000,0.000
2.9860,5.234,8.4,-4.102,5.211,3.609,-6.0,0.065,3.631,23.438,-0.2,1.969,23.438,91.438,36.7,0.766,91.375,1.861,42.7,3.186,1.785,-11.312,-40.3,-11.141,-11.242,-46.625,-41.6,-15.922,-46.531,-98.625,-22.6,0.984,-98.562,0.000,0.0,0.000,0.000,0.000,0.0,0.000,0.000
2.9880,5.246,6.4,-4.613,5.234,3.611,-0.8,-0.424,3.609,23.438,0.9,1.410,23.438,91.500,36.2,0.397,91.438,1.924,34.0,4.023,1.861,-11.383,-35.6,-10.375,-11.312,-46.688,-40.3,-15.062,-46.625,-98.750,-36.0,4.504,-98.625,0.000,0.0,0.000,0.000,0.000,0.0,0.000,0.000
2.9902,5.258,5.0,-3.988,5.246,3.609,-0.8,-1.062,3.611,23.422,-5.9,2.480,23.438,91.625,38.2,-0.495,91.500,1.983,29.7,1.984,1.924,-11.438,-29.6,-8.125,-11.383,-46.781,-41.8,-12.109,-46.688,-98.812,-32.2,9.148,-98.750,0.000,0.0,0.000,0.000,0.000,0.0,0.000,0.000
2.9922,5.293,13.6,4.496,5.258,3.605,-0.3,1.081,3.609,23.406,-10.0,6.137,23.422,91.688,37.8,-2.922,91.625,2.002,15.2,-4.477,1.983,-11.469,-22.3,-5.316,-11.438,-46.844,-36.6,-8.602,-46.781,-98.875,-26.6,6.953,-98.812,0.000,0.0,0.000,0.000,0.000,0.0,0.000,0.000
2.9942,5.359,25.5,1.625,5.293,3.619,5.2,3.568,3.605,23.406,-0.5,8.273,23.406,91.750,34.3,-5.188,91.688,1.949,-10.9,-2.023,2.002,-11.445,-3.5,-3.180,-11.469,-46.875,-20.3,-5.633,-46.844,-98.875,-13.2,4.820,-98.875,0.000,0.0,0.000,0.000,0.000,0.0,0.000,0.000
2.9963,5.449,35.5,-1.116,5.359,3.656,14.2,4.414,3.619,23.453,12.0,7.891,23.406,91.750,11.7,-6.055,91.750,1.857,-33.9,0.037,1.949,-11.398,14.9,-2.547,-11.445,-46.844,1.0,-5.289,-46.875,-98.875,-13.8,3.072,-98.875,0.000,0.0,0.000,0.000,0.000,0.0,0.000,0.000
2.9980,5.543,39.3,-2.562,5.449,3.734,29.0,4.199,3.656,23.516,22.9,8.227,23.453,91.688,-6.0,-6.184,91.750,1.751,-46.2,2.498,1.857,-11.336,25.2,-1.800,-11.398,-46.781,15.9,-4.344,-46.844,-98.938,-14.3,2.520,-98.875,0.000,0.0,0.000,0.000,0.000,0.0,0.000,0.000
